Frame,root_translateX,root_translateY,root_translateZ,root_rotateX,root_rotateY,root_rotateZ,waist_yaw_joint,waist_roll_joint,waist_pitch_joint,head_yaw_joint,head_pitch_joint,left_shoulder_pitch_joint,left_shoulder_roll_joint,left_shoulder_yaw_joint,left_elbow_joint,left_wrist_roll_joint,left_wrist_pitch_joint,left_wrist_yaw_joint,right_shoulder_pitch_joint,right_shoulder_roll_joint,right_shoulder_yaw_joint,right_elbow_joint,right_wrist_roll_joint,right_wrist_pitch_joint,right_wrist_yaw_joint,left_hip_pitch_joint,left_hip_roll_joint,left_hip_yaw_joint,left_knee_joint,left_ankle_pitch_joint,left_ankle_roll_joint,right_hip_pitch_joint,right_hip_roll_joint,right_hip_yaw_joint,right_knee_joint,right_ankle_pitch_joint,right_ankle_roll_joint
0,3.3744208812713623,1.0204402208328247,106.59758758544922,0.7144832230484681,-2.0465303141138516,-101.37327521835189,1.6454709,-0.5767765,13.991457,1.0737296,-20.823446,-0.40637216,12.703025,-27.353773,59.07364,14.069796,3.5013647,9.55716,-9.448261,-14.924477,45.27612,61.928516,-3.5830371,3.9129226,-15.639408,7.1918073,0.32954517,21.60825,5.807758,-12.414531,-4.334171,5.5915766,-8.159152,-2.6732583,5.501703,-9.851245,8.280153
1,3.5074141025543213,0.8938978314399719,106.57676696777344,0.7594560832362637,-1.9913793213965245,-101.47560027320365,1.692533,-0.6076024,13.918548,1.0761888,-20.673025,-0.40115026,12.729277,-27.336554,59.158443,14.058829,3.4896204,9.525075,-9.342507,-14.941791,45.253075,61.91987,-3.570907,3.911826,-15.654594,7.209586,0.1465552,21.690958,5.7985554,-12.522721,-4.237081,5.5600176,-8.339745,-2.5880883,5.5206876,-9.901291,8.41093
2,3.645906925201416,0.7593697309494019,106.55318450927734,0.7963852804758669,-1.936089600603262,-101.57361946524986,1.7339085,-0.637839,13.853464,1.0862913,-20.532583,-0.3704117,12.782455,-27.305222,59.18222,14.052489,3.4960938,9.47606,-9.235526,-14.960747,45.215595,61.899727,-3.5745873,3.9089026,-15.665995,7.239795,-0.033422187,21.774052,5.7784266,-12.63334,-4.139969,5.5332065,-8.514722,-2.5090647,5.5397134,-9.956021,8.544331
3,3.7809133529663086,0.6224246025085449,106.5328369140625,0.8455493117087411,-1.8815633661207685,-101.67967356663142,1.7776517,-0.68290156,13.78727,1.0952704,-20.387878,-0.3388085,12.837215,-27.275526,59.220222,14.037726,3.4943058,9.442696,-9.135721,-14.96905,45.18541,61.892315,-3.5748825,3.9079015,-15.676325,7.2545066,-0.2231819,21.85744,5.78171,-12.752247,-4.040185,5.5062995,-8.7038965,-2.4231668,5.561048,-10.012902,8.679468
4,3.916598081588745,0.4784810245037079,106.50719451904297,0.8973421832509849,-1.8107110440853902,-101.79413508657667,1.821387,-0.7338483,13.698537,1.0942394,-20.235487,-0.31269014,12.882804,-27.250036,59.302296,14.010762,3.4743984,9.448936,-9.037971,-14.968437,45.15928,61.885063,-3.5734987,3.9251359,-15.682198,7.267315,-0.42181778,21.947094,5.7685776,-12.870792,-3.9405239,5.4571447,-8.89973,-2.3223019,5.58806,-10.072126,8.817946
5,4.049903392791748,0.33183997869491577,106.48056030273438,0.9567422968509548,-1.7291896053142295,-101.92296174449801,1.8678077,-0.81141704,13.605052,1.0858985,-20.084763,-0.2462537,12.974908,-27.222645,59.337223,13.953359,3.450004,9.501921,-8.940369,-14.954958,45.113945,61.86107,-3.597259,3.9668696,-15.672348,7.264815,-0.62897503,22.043291,5.76303,-12.993512,-3.8398345,5.3890615,-9.106476,-2.2022586,5.620236,-10.1318245,8.959136
6,4.180464744567871,0.19026489555835724,106.4510498046875,1.019518104401373,-1.6375951293098336,-102.0605183920759,1.9181153,-0.89005446,13.492205,1.0639694,-19.92256,-0.19668269,13.04168,-27.207336,59.44034,13.882679,3.3974786,9.605392,-8.843765,-14.936361,45.079277,61.84124,-3.6135733,4.0275035,-15.658703,7.252581,-0.84027076,22.143705,5.750439,-13.110286,-3.7395906,5.301052,-9.316943,-2.067519,5.654208,-10.18675,9.100307
7,4.312089920043945,0.039032965898513794,106.41966247558594,1.0898822103793988,-1.5360455926558354,-102.20483605913836,1.9677374,-0.9901161,13.372397,1.0424408,-19.764357,-0.13277096,13.1366205,-27.191315,59.52151,13.8003025,3.356311,9.706253,-8.752847,-14.899471,45.033245,61.82657,-3.6395874,4.0893755,-15.643915,7.2314034,-1.0632864,22.24617,5.742539,-13.23509,-3.6366315,5.1979175,-9.54052,-1.9212517,5.6995144,-10.249398,9.245821
8,4.45510721206665,-0.11710096150636673,106.38491821289062,1.1703540908332233,-1.4217439110323806,-102.35247248905554,2.0146866,-1.1023741,13.237702,1.0229908,-19.608534,-0.094176926,13.214207,-27.167797,59.64997,13.735002,3.3239405,9.776593,-8.66409,-14.861652,44.996933,61.807266,-3.645378,4.149095,-15.640566,7.196836,-1.3084472,22.34591,5.732283,-13.362839,-3.522519,5.0729136,-9.786422,-1.7637597,5.7545624,-10.313073,9.401366
9,4.590389728546143,-0.2727867066860199,106.34622192382812,1.256117960613758,-1.2934141352844704,-102.50110073219584,2.0518625,-1.2371522,13.093812,1.0188183,-19.46197,-0.04249175,13.321805,-27.124058,59.744343,13.688515,3.3315516,9.795753,-8.589931,-14.799796,44.9587,61.81098,-3.6472251,4.1949916,-15.648866,7.144425,-1.5547969,22.441885,5.724207,-13.48887,-3.410785,4.706808,-10.041026,-1.5036699,6.213934,-10.575904,9.552443
10,4.720000743865967,-0.4220372140407562,106.30164337158203,1.347029318089246,-1.1514399294575608,-102.6528161457643,2.081479,-1.3859792,12.936253,1.0225865,-19.315159,0.007592061,13.432651,-27.063978,59.84839,13.658861,3.3564517,9.79028,-8.526402,-14.725648,44.93177,61.826324,-3.6345181,4.238284,-15.666507,7.073093,-1.8036153,22.53557,5.714385,-13.608285,-3.2998796,4.1477375,-10.301027,-1.1573409,6.9797297,-10.985184,9.7002325
11,4.845708847045898,-0.5633917450904846,106.25053405761719,1.4568930554789907,-0.9982388532540898,-102.81257502305583,2.106935,-1.5618262,12.767825,1.0313483,-19.179419,0.050756227,13.546303,-26.99537,59.971565,13.6236,3.3826885,9.765514,-8.472245,-14.641639,44.911766,61.83844,-3.61593,4.2774253,-15.686835,6.983325,-2.0734162,22.629349,5.7054634,-13.724115,-3.1852539,3.478391,-10.581047,-0.7536794,7.9017797,-11.463216,9.84986
12,4.963683128356934,-0.7108518481254578,106.1886215209961,1.5991052992308465,-0.8355241023596994,-102.98500723650433,2.1312718,-1.7790403,12.59246,1.0418273,-19.061552,0.086595595,13.669122,-26.927507,60.111713,13.556164,3.3970447,9.725433,-8.426595,-14.545867,44.89456,61.83203,-3.5994408,4.310219,-15.703935,6.889794,-2.3826673,22.729189,5.6910853,-13.843618,-3.0676808,2.6930914,-10.895546,-0.28387564,9.009326,-12.03283,10.004929
13,5.070618152618408,-0.8557461500167847,106.11573791503906,1.7801678113258006,-0.6468703528447574,-103.17203299368013,2.156347,-2.045532,12.389728,1.0548337,-18.955986,0.12068017,13.805213,-26.86493,60.27247,13.451819,3.3999362,9.66917,-8.388599,-14.437663,44.87783,61.810516,-3.583146,4.3321137,-15.715962,6.7572803,-2.7313251,22.827425,5.693812,-13.971153,-2.9458225,1.766799,-11.248078,0.26463714,10.294424,-12.6838,10.16364
14,5.17013692855835,-0.9930093884468079,106.02711486816406,1.9941943241623399,-0.43611639384188694,-103.37132769207349,2.18182,-2.355215,12.165573,1.0707117,-18.861595,0.15396279,13.955841,-26.805468,60.445164,13.319839,3.399606,9.59422,-8.357335,-14.316252,44.861134,61.77707,-3.5653856,4.3458295,-15.726344,6.598286,-3.1183693,22.926132,5.6900077,-14.091683,-2.8183782,0.70249707,-11.6295395,0.89218974,11.751743,-13.411623,10.326253
15,5.262934684753418,-1.1251925230026245,105.9219741821289,2.2352639991056167,-0.2337152363671892,-103.5803268391122,2.2050912,-2.7040973,11.95885,1.0890988,-18.794184,0.17920478,14.123956,-26.746819,60.61442,13.155462,3.3942688,9.503133,-8.340663,-14.181627,44.84785,61.73128,-3.5560803,4.356286,-15.735092,6.222461,-3.4373653,22.989145,6.167413,-14.453598,-2.694061,-0.41945693,-12.029472,1.5681443,13.310215,-14.18346,10.492744
16,5.351909637451172,-1.2442355155944824,105.8292007446289,2.498057244488378,-0.07017001643213848,-103.79692569647693,2.2235448,-3.087817,11.809396,1.1091605,-18.767914,0.1901869,14.313065,-26.68725,60.76069,12.953218,3.382843,9.39774,-8.344204,-14.032865,44.84127,61.666935,-3.5638702,4.369937,-15.742685,6.020305,-3.8390856,23.096584,6.3592668,-14.674661,-2.5669231,-1.9030473,-12.400259,2.4357488,15.541379,-15.259149,10.63462
17,5.419079303741455,-1.348504662513733,105.728515625,2.804119876341704,0.05464841473374979,-104.01891974158548,2.2368948,-3.5293968,11.713583,1.1249065,-18.77824,0.19173306,14.52958,-26.615255,60.885868,12.68035,3.3563437,9.2761345,-8.365109,-13.868448,44.840847,61.585,-3.5986104,4.3882346,-15.747161,5.906425,-4.3003683,23.225918,6.451385,-14.84734,-2.4457562,-3.3755326,-12.788662,3.318532,17.813675,-16.304747,10.758055
18,5.482300758361816,-1.43649423122406,105.61758422851562,3.1502972673068035,0.15456421107009102,-104.24797875756506,2.2445917,-4.0254726,11.656367,1.1412122,-18.82023,0.19156837,14.77538,-26.532026,60.98588,12.34935,3.3214436,9.136117,-8.403727,-13.686781,44.847637,61.48717,-3.6521475,4.408282,-15.748636,5.817267,-4.80979,23.363968,6.535543,-15.015726,-2.3188279,-4.8970833,-13.197817,4.235099,20.190844,-17.282764,10.851524
19,5.551577091217041,-1.5246150493621826,105.50627899169922,3.4944932002447944,0.2204421239015647,-104.48786613119411,2.2438264,-4.5327835,11.656575,1.1733274,-18.91067,0.18373185,15.045075,-26.456362,61.04426,12.022589,3.298642,8.981217,-8.474496,-13.489931,44.868362,61.38113,-3.708661,4.426803,-15.750652,5.8014555,-5.3366137,23.52837,6.5533085,-15.160438,-2.1919117,-6.476479,-13.575942,5.188289,22.683702,-18.087,10.897104
20,5.623646259307861,-1.6038672924041748,105.40750885009766,3.794418106862516,0.2426439296451199,-104.74305205507899,2.234562,-5.0062466,11.732744,1.2328634,-19.063015,0.15635896,15.328214,-26.412123,61.053753,11.762207,3.3052368,8.816264,-8.587807,-13.282349,44.907703,61.268787,-3.750855,4.4422193,-15.7569895,5.87379,-5.8280573,23.731081,6.48822,-15.264611,-2.0780349,-8.115548,-13.867297,6.187999,25.303818,-18.574186,10.898664
21,5.711036682128906,-1.6682369709014893,105.31743621826172,4.040748210556806,0.2072420129702104,-105.01781956186304,2.2239532,-5.4352775,11.907164,1.31447,-19.294258,0.09108826,15.617069,-26.411354,61.02893,11.587671,3.3433912,8.628344,-8.752421,-13.068255,44.967075,61.143326,-3.7740762,4.458265,-15.76647,5.9775877,-6.2496295,23.968477,6.4860954,-15.40009,-1.973551,-9.811217,-14.056316,7.2784824,28.0821,-18.609142,10.914816
22,5.80313777923584,-1.725458025932312,105.23206329345703,4.255941063603468,0.12285022740216862,-105.30914506390859,2.214817,-5.8398614,12.163068,1.4090124,-19.591497,-0.012193298,15.909516,-26.44826,60.98596,11.4647045,3.3999875,8.421763,-8.95427,-12.849329,45.040237,60.998524,-3.7862272,4.477118,-15.778255,6.1313787,-6.6340833,24.236965,6.4971933,-15.546781,-1.879313,-11.555496,-14.163957,8.465141,30.99914,-18.170864,10.969819
23,5.895313262939453,-1.780075192451477,105.15030670166016,4.445931322261766,0.013288683177405891,-105.61009774179969,2.1993134,-6.222519,12.459047,1.5228579,-19.919018,-0.13717611,16.203598,-26.517973,60.920734,11.375735,3.4699354,8.22679,-9.170466,-12.627828,45.1195,60.84157,-3.7896159,4.4933543,-15.796515,6.3068132,-6.9845405,24.52177,6.525781,-15.704259,-1.7945745,-13.309052,-14.187731,9.664354,33.943527,-17.360231,10.99912
24,5.992724895477295,-1.8499845266342163,105.07180786132812,4.615704338972288,-0.09732444509327004,-105.91322078952783,2.1693316,-6.5847692,12.754291,1.6620492,-20.24094,-0.26839966,16.497532,-26.615942,60.828403,11.303138,3.547971,8.073821,-9.376535,-12.405706,45.196404,60.67626,-3.786554,4.501961,-15.825912,6.512125,-7.3264856,24.812506,6.510283,-15.849211,-1.7124166,-15.037219,-14.141965,10.762839,36.81115,-16.414751,10.905866
25,6.08707332611084,-1.929046630859375,105.00240325927734,4.766238285135779,-0.21587867972903554,-106.22788383598134,2.1297653,-6.9288163,13.060854,1.8282605,-20.571678,-0.40938592,16.791468,-26.747831,60.705276,11.237717,3.63928,7.976595,-9.578511,-12.182761,45.277172,60.49335,-3.7950225,4.5124817,-15.869131,6.809783,-7.683463,25.126444,6.327992,-15.918278,-1.6373116,-16.763351,-14.03064,11.736465,39.676834,-15.450853,10.679821
26,6.181557655334473,-2.013442039489746,104.93492889404297,4.895477553737475,-0.3510759096896218,-106.55369018535586,2.0826435,-7.2538857,13.392287,2.0174341,-20.921635,-0.56695276,17.08539,-26.914858,60.556046,11.190479,3.744028,7.917076,-9.784228,-11.959692,45.362957,60.293415,-3.8077714,4.5241613,-15.922948,7.1278696,-8.016748,25.455069,6.153003,-15.997494,-1.5701416,-18.484627,-13.854239,12.623421,42.556873,-14.522298,10.365381
27,6.2844624519348145,-2.100116729736328,104.87031555175781,5.003546235131959,-0.48218685238307024,-106.86892652424538,2.0160108,-7.5556855,13.711322,2.2254403,-21.248423,-0.73073614,17.376038,-27.10515,60.386684,11.175066,3.849655,7.877278,-9.967718,-11.739872,45.434414,60.086796,-3.7910237,4.5186415,-15.9843235,7.4198704,-8.320315,25.770054,6.0194435,-16.095533,-1.5027264,-20.146185,-13.627421,13.392844,45.295,-13.660869,9.93033
28,6.392763614654541,-2.2180755138397217,104.81331634521484,5.088447203267163,-0.5884085500147119,-107.15204831479582,1.9189684,-7.827801,13.981029,2.4474614,-21.51281,-0.8932214,17.658142,-27.306377,60.207474,11.207624,3.942306,7.839159,-10.101278,-11.528937,45.468582,59.880394,-3.7130926,4.47853,-16.04988,7.757272,-8.632942,26.058268,5.7497497,-16.1352,-1.435358,-21.697565,-13.355421,14.024842,47.74983,-13.022583,9.362181
29,6.492406845092773,-2.361753463745117,104.76006317138672,5.155631967441657,-0.6707809300155386,-107.40066985951727,1.7875233,-8.076205,14.197146,2.6820955,-21.707455,-1.0539596,17.929796,-27.5314,60.03459,11.301981,4.002121,7.805305,-10.175586,-11.330918,45.461624,59.66255,-3.5920203,4.40986,-16.102385,8.0165205,-8.887715,26.3041,5.6187506,-16.248156,-1.3789302,-23.156372,-13.048442,14.511279,49.974564,-12.695358,8.520356
30,6.58325719833374,-2.517976999282837,104.70816040039062,5.205527599693278,-0.7389121584630741,-107.62512621474379,1.6317049,-8.300241,14.378794,2.9282365,-21.854118,-1.2236515,18.190151,-27.786924,59.86569,11.446819,4.0400033,7.783081,-10.199909,-11.147856,45.418324,59.422554,-3.437916,4.3212056,-16.148996,8.212556,-9.087902,26.521154,5.604792,-16.418295,-1.3332336,-24.536161,-12.703316,14.861111,52.020626,-12.548397,7.470923
31,6.683681964874268,-2.68501877784729,104.6632080078125,5.222276926927553,-0.7850468375120103,-107.82413989673843,1.4599338,-8.48431,14.523438,3.1824062,-21.948147,-1.4086772,18.433819,-28.045147,59.682346,11.62389,4.0889387,7.7620654,-10.177155,-10.984844,45.331505,59.17472,-3.2084115,4.1974497,-16.221157,8.385295,-9.25249,26.71393,5.5901055,-16.585186,-1.2865303,-25.788908,-12.301703,15.096756,53.755623,-12.4843235,6.521917
32,6.77419900894165,-2.8730363845825195,104.63031768798828,5.1914710458888305,-0.8015576100649414,-107.99668593042226,1.2794454,-8.610145,14.629824,3.4423091,-21.986652,-1.6141897,18.652687,-28.27097,59.467278,11.821314,4.180265,7.731211,-10.107937,-10.848073,45.194405,58.92655,-2.8612916,4.025189,-16.35016,8.534941,-9.351607,26.886425,5.5761704,-16.749424,-1.2549651,-26.869335,-11.823894,15.2429695,55.049625,-12.411412,5.979597
33,6.874267578125,-3.0960381031036377,104.61271667480469,5.101081074204421,-0.779043683190903,-108.14038335709675,1.0829687,-8.664251,14.685871,3.717974,-21.968267,-1.8415884,18.839632,-28.459427,59.232075,12.046132,4.323237,7.692771,-9.980892,-10.744869,45.00117,58.665688,-2.3104813,3.778325,-16.561451,8.65357,-9.384943,27.03463,5.5658436,-16.92027,-1.2275193,-27.765932,-11.238271,15.344335,55.85448,-12.3453045,6.0058117
34,6.978373050689697,-3.3333427906036377,104.6075668334961,4.963230379066072,-0.7243881889553319,-108.25690382573826,0.8708466,-8.655023,14.697631,4.0057096,-21.894299,-2.0940099,18.99235,-28.624063,58.991577,12.308925,4.4968295,7.650592,-9.791868,-10.678263,44.75577,58.37695,-1.6030453,3.473954,-16.829756,8.740234,-9.360802,27.158953,5.554926,-17.085014,-1.2045616,-28.510384,-10.565729,15.386605,56.251286,-12.332173,6.412332
35,7.083897113800049,-3.564471483230591,104.61145782470703,4.7899466126918675,-0.6547776661474902,-108.35083443459182,0.6481687,-8.593771,14.68521,4.2954187,-21.763275,-2.3749373,19.090439,-28.73059,58.753983,12.620347,4.679088,7.6001515,-9.571453,-10.652308,44.501465,58.08284,-0.87604433,3.1641932,-17.113832,8.803235,-9.288519,27.26565,5.544601,-17.235786,-1.1858816,-29.126923,-9.86736,15.306796,56.30601,-12.327568,6.9749923
36,7.191298961639404,-3.8014466762542725,104.620361328125,4.596575153301216,-0.5868463063275782,-108.42653618853889,0.44438705,-8.502692,14.678136,4.556957,-21.585495,-2.682103,19.168066,-28.79827,58.465015,12.948086,4.8722873,7.528724,-9.331837,-10.650127,44.205643,57.805164,-0.31757784,2.8928158,-17.365362,8.868322,-9.190247,27.361996,5.536295,-17.385363,-1.170923,-29.638016,-9.201467,15.041312,56.082283,-12.27986,7.469574
37,7.30297327041626,-4.056484222412109,104.63318634033203,4.37739952732679,-0.5150279648295559,-108.48317518855634,0.24695092,-8.377135,14.667576,4.804792,-21.351019,-3.0055985,19.219812,-28.791393,58.12111,13.322429,5.0824833,7.4252987,-9.081418,-10.668816,43.88182,57.555515,0.06545597,2.661832,-17.599234,8.935992,-9.062622,27.448986,5.5338097,-17.543877,-1.1602376,-30.041264,-8.571457,14.557209,55.54779,-12.165045,7.881589
38,7.4101738929748535,-4.326075553894043,104.65251159667969,4.127231824372029,-0.43336186812956934,-108.51887368053656,0.04569383,-8.212219,14.644816,5.0498977,-21.061195,-3.3399556,19.246637,-28.712557,57.726482,13.743711,5.3119164,7.2956514,-8.815499,-10.705581,43.53075,57.329994,0.3493283,2.4476068,-17.830706,8.999485,-8.892447,27.524351,5.532408,-17.701832,-1.1596987,-30.331669,-7.954642,13.900473,54.67757,-12.011445,8.310439
39,7.51365852355957,-4.602609157562256,104.67399597167969,3.862970673485109,-0.3574739265593789,-108.53632625050028,-0.14171001,-8.022519,14.636162,5.268339,-20.736546,-3.6889842,19.254103,-28.584753,57.271378,14.17906,5.542439,7.1536827,-8.529169,-10.768325,43.1379,57.103493,0.4970663,2.2725914,-18.017487,9.073749,-8.700779,27.588623,5.5330405,-17.861807,-1.1654258,-30.521986,-7.3638706,13.121093,53.541027,-11.83415,8.705673
40,7.609527587890625,-4.879310131072998,104.69218444824219,3.600757261834879,-0.30275033974059457,-108.53778326697383,-0.32993504,-7.8273554,14.648357,5.4678726,-20.38423,-4.046153,19.24641,-28.449978,56.770733,14.550349,5.7497945,7.03556,-8.280314,-10.83423,42.82299,56.94445,0.5660524,2.138279,-18.145014,9.174714,-8.505042,27.642895,5.5328097,-18.022207,-1.1768314,-30.61586,-6.8101788,12.263056,52.201904,-11.646843,9.018622
41,7.702125072479248,-5.153384208679199,104.70758819580078,3.3392057279881167,-0.2763710538115853,-108.52032375881795,-0.50386125,-7.624161,14.699759,5.6298547,-20.008625,-4.4127803,19.226805,-28.28806,56.1932,14.872929,5.9476213,6.9313636,-8.041425,-10.918878,42.513798,56.80905,0.47048938,2.0583336,-18.187056,9.306475,-8.304324,27.685917,5.5370436,-18.185791,-1.1916894,-30.597689,-6.29234,11.302594,50.643185,-11.452187,9.23515
42,7.79341983795166,-5.436585426330566,104.72117614746094,3.0723207589993575,-0.26957739715559864,-108.48365114317124,-0.6756301,-7.409844,14.774086,5.7703557,-19.602306,-4.7865314,19.198414,-28.102755,55.54697,15.148372,6.1425333,6.8386793,-7.824057,-11.011303,42.240982,56.72417,0.25725472,2.017548,-18.17282,9.468298,-8.096147,27.718838,5.540613,-18.355808,-1.2104312,-30.462738,-5.796835,10.225233,48.834003,-11.237569,9.3857355
43,7.871718883514404,-5.734655857086182,104.73143768310547,2.8082962933790543,-0.2730743441116034,-108.43403467154047,-0.83734816,-7.189666,14.866653,5.88469,-19.17691,-5.1685925,19.158554,-27.90254,54.84902,15.398393,6.3125324,6.7544017,-7.6091814,-11.128158,41.991463,56.653076,-0.022707948,2.0232644,-18.107243,9.652289,-7.883579,27.744787,5.5458646,-18.5338,-1.2387995,-30.235968,-5.3142943,9.08745,46.824493,-10.994331,9.489179
44,7.944941520690918,-6.036352157592773,104.73394775390625,2.5541092610576266,-0.27738513552536753,-108.37743544084663,-0.9963479,-6.9776344,14.957326,5.984974,-18.734135,-5.556595,19.12428,-27.746796,54.124718,15.579919,6.439042,6.6949763,-7.429969,-11.232479,41.82872,56.664745,-0.26662752,2.0527494,-18.014921,9.843059,-7.6808367,27.763044,5.54993,-18.715649,-1.268005,-29.937977,-4.840119,7.943622,44.65536,-10.711102,9.563642
45,8.010658264160156,-6.349538803100586,104.7287368774414,2.312667126679662,-0.28527722098031727,-108.31155552699305,-1.155959,-6.7814403,15.045977,6.0742908,-18.272268,-5.9434414,19.105715,-27.642014,53.36041,15.64674,6.5074906,6.675501,-7.3057714,-11.300583,41.749374,56.802673,-0.46916908,2.0998187,-17.876738,10.047234,-7.49062,27.771057,5.5533366,-18.905144,-1.2990633,-29.548298,-4.37444,6.775347,42.289825,-10.40656,9.604124
46,8.071799278259277,-6.672326564788818,104.71824645996094,2.0800437405150762,-0.3008337660758739,-108.23345840418995,-1.3069211,-6.5904903,15.151193,6.1371536,-17.802732,-6.32737,19.089571,-27.535982,52.53166,15.659381,6.5337057,6.673588,-7.188573,-11.376584,41.693897,56.96402,-0.70084506,2.1957111,-17.682123,10.266553,-7.308261,27.768112,5.5588083,-19.102562,-1.3313121,-29.050907,-3.9079647,5.5588226,39.705315,-10.072687,9.612053
47,8.120720863342285,-7.011014938354492,104.70284271240234,1.8569350016061523,-0.31681556186940546,-108.1490059350459,-1.4471254,-6.4010897,15.26419,6.177061,-17.321365,-6.7145195,19.07363,-27.442514,51.66471,15.6823,6.5443788,6.6662045,-7.0701203,-11.477068,41.68168,57.137722,-0.95094615,2.320668,-17.469486,10.499928,-7.1324306,27.761824,5.563306,-19.309425,-1.3711324,-28.484703,-3.4255424,4.3465104,36.974674,-9.659177,9.610704
48,8.16490364074707,-7.365084648132324,104.6791763305664,1.6430277641302566,-0.3258981914936595,-108.06362273375055,-1.5735513,-6.2137394,15.371562,6.1953998,-16.822563,-7.1159587,19.059866,-27.393658,50.79354,15.765997,6.5691104,6.6360064,-6.9493256,-11.596849,41.736725,57.335583,-1.2093326,2.4542503,-17.28385,10.736926,-6.9679604,27.756329,5.5684257,-19.527393,-1.4141375,-27.889072,-2.9178727,3.1911952,34.16493,-9.1129055,9.618435
49,8.196207046508789,-7.720466136932373,104.64807891845703,1.446356476377359,-0.3328889291885412,-107.97715289177953,-1.6824614,-6.041362,15.473128,6.188529,-16.299162,-7.5367866,19.052532,-27.40447,49.91611,15.941169,6.620172,6.567779,-6.84606,-11.694129,41.86044,57.623108,-1.5215533,2.5840232,-17.132956,10.976439,-6.816577,27.750675,5.57283,-19.747267,-1.4633301,-27.227468,-2.395623,2.075357,31.212196,-8.4489975,9.693122
50,8.217653274536133,-8.096976280212402,104.60678100585938,1.2678372504893234,-0.3423440329915609,-107.88304266011932,-1.7827864,-5.8783712,15.578773,6.157199,-15.755302,-7.974477,19.047693,-27.471254,49.02274,16.157951,6.6782002,6.481624,-6.744846,-11.827208,42.092186,57.922363,-1.8253982,2.742019,-17.004684,11.234991,-6.6850996,27.739895,5.576755,-19.982334,-1.5173929,-26.485748,-1.8589988,0.9797623,28.086456,-7.67191,9.809039
51,8.238288879394531,-8.48574447631836,104.55415344238281,1.099410662610666,-0.34666409068039344,-107.77779365764323,-1.883246,-5.7253146,15.671011,6.1098104,-15.194986,-8.40695,19.04835,-27.555212,48.12236,16.393257,6.7356772,6.3890715,-6.659185,-11.912443,42.309544,58.325462,-2.1699808,2.8737295,-16.87261,11.495898,-6.5659227,27.718695,5.5821366,-20.226791,-1.5707976,-25.696005,-1.3000224,-0.055314075,24.873034,-6.722729,9.8566475
52,8.244970321655273,-8.896162986755371,104.49494171142578,0.9330274317346465,-0.3363644409183272,-107.6605690882375,-1.9985548,-5.565304,15.738666,6.0586433,-14.624596,-8.832485,19.053864,-27.674671,47.247692,16.561705,6.777028,6.332468,-6.5709043,-12.016123,42.57307,58.746685,-2.4143157,2.9869118,-16.749372,11.757084,-6.4418216,27.689522,5.586075,-20.479548,-1.634844,-24.975012,-0.71439976,-0.9668748,21.769785,-5.5775166,9.718767
53,8.253458976745605,-9.323893547058105,104.43628692626953,0.7557165535566478,-0.30257354693201505,-107.53727056943998,-2.1167326,-5.3860903,15.779556,5.994063,-14.047939,-9.2481985,19.063198,-27.81156,46.382023,16.666346,6.798279,6.318673,-6.47759,-12.115592,42.820866,59.210526,-2.6083276,3.060403,-16.619524,12.001809,-6.305958,27.655645,5.5892396,-20.737331,-1.7011763,-24.22271,-0.08793641,-1.7393639,18.710402,-4.176027,9.206554
54,8.255871772766113,-9.761153221130371,104.37580108642578,0.5698000601823101,-0.24871041599055896,-107.41045609637061,-2.232201,-5.193058,15.7973385,5.9137626,-13.461306,-9.652187,19.0719,-27.948046,45.5162,16.758211,6.805052,6.3219953,-6.391582,-12.184652,43.034355,59.754215,-2.8119657,3.0959637,-16.48039,12.231287,-6.1547813,27.620367,5.5930915,-20.996939,-1.7745414,-23.79798,0.57378745,-2.3242342,16.061283,-2.625076,8.404268
55,8.253522872924805,-10.220478057861328,104.29730224609375,0.4165980557643042,-0.19963285440798434,-107.24853597716185,-2.377679,-5.0237064,15.803305,5.8261886,-12.860088,-10.053757,19.084826,-28.12544,44.68189,16.817263,6.8075523,6.3336215,-6.2946677,-12.265474,43.274746,60.30532,-2.9461486,3.1336467,-16.35039,12.481299,-6.039143,27.550554,5.595157,-21.27082,-1.8448431,-23.24518,1.1695898,-2.926536,13.333785,-1.0146958,7.6892524
56,8.247881889343262,-10.704607963562012,104.19233703613281,0.3350996559312451,-0.17947202471831708,-107.01958286833312,-2.5894344,-4.9210806,15.813906,5.7463965,-12.24738,-10.406278,19.09607,-28.24312,43.848003,16.952751,6.8176436,6.283949,-6.1761813,-12.323583,43.418644,60.87593,-3.1282108,3.1762495,-16.199156,12.778039,-6.0024657,27.411224,5.599406,-21.56811,-1.9017109,-22.612509,1.6315936,-3.6105227,10.581764,0.51095116,7.416546
57,8.225187301635742,-11.201737403869629,104.05973052978516,0.35245353633339493,-0.19803915182542592,-106.70046323511966,-2.872081,-4.9100027,15.829217,5.65483,-11.606533,-10.778109,19.120192,-28.450245,43.078037,17.052923,6.837676,6.2127304,-5.9977183,-12.420508,43.593307,61.353413,-3.201588,3.278823,-16.068304,13.12788,-6.0616426,27.175806,5.600309,-21.876812,-1.9464207,-21.948498,1.9293087,-4.4364934,7.8701015,1.9698584,7.8301244
58,8.191452980041504,-11.721726417541504,103.9009780883789,0.4492483738710551,-0.24163552196413626,-106.3056853018907,-3.2320085,-4.974706,15.841622,5.571012,-10.947347,-11.093382,19.139597,-28.578453,42.292915,17.247902,6.861403,6.07032,-5.800701,-12.484059,43.66259,61.874092,-3.34613,3.3743768,-15.907921,13.520363,-6.199053,26.858063,5.6004415,-22.203405,-1.9801857,-21.529678,2.086894,-5.2713847,5.7873793,3.1103013,8.703882
59,8.148382186889648,-12.249568939208984,103.73225402832031,0.5760780452654408,-0.29279527697185215,-105.88147018885384,-3.6122785,-5.0625396,15.8495455,5.4783845,-10.293117,-11.395147,19.163166,-28.712984,41.537895,17.43918,6.8883715,5.9230604,-5.57887,-12.552917,43.68677,62.37584,-3.4656076,3.4838526,-15.750417,13.92701,-6.35791,26.508553,5.6012545,-22.534658,-2.014399,-22.071732,2.099543,-5.8102036,5.6810617,3.1894317,9.678939
60,8.115592956542969,-12.792412757873535,103.56839752197266,0.6679261083541781,-0.3298898812514236,-105.47278065805875,-3.983539,-5.1090503,15.846396,5.390407,-9.668824,-11.665209,19.1794,-28.798155,40.81982,17.638857,6.9110928,5.7920017,-5.368498,-12.602003,43.664165,62.901012,-3.5640514,3.5942495,-15.6018095,14.327511,-6.4804697,26.181677,5.6033945,-22.87306,-2.0538354,-22.598059,2.137921,-6.1482434,5.596385,3.0869958,10.38118
61,8.077093124389648,-13.34219741821289,103.41182708740234,0.7046514390472297,-0.33931243582811943,-105.10044136980837,-4.3136673,-5.088926,15.832733,5.288065,-9.0785055,-11.930808,19.194973,-28.877,40.149925,17.818422,6.928101,5.6931753,-5.14865,-12.658131,43.573303,63.39644,-3.640384,3.7403219,-15.4532795,14.706855,-6.5345836,25.904331,5.604746,-23.209127,-2.1149142,-23.13468,2.2269244,-6.2474494,5.527937,2.748007,10.591587
62,8.03748607635498,-13.915384292602539,103.2589111328125,0.7011814545205397,-0.32526012025519774,-104.7566986397585,-4.6039834,-5.0157123,15.810245,5.174082,-8.5163965,-12.1939535,19.206942,-28.948004,39.5214,17.994184,6.940492,5.607455,-4.9044704,-12.720909,43.39543,63.855434,-3.718063,3.913473,-15.299671,15.076196,-6.5432267,25.667408,5.6083775,-23.556185,-2.1918895,-23.667284,2.3578453,-6.181031,5.476126,2.2245243,10.54253
63,7.997066497802734,-14.500602722167969,103.10282897949219,0.6913472047135366,-0.30352048724793096,-104.4268602509505,-4.859565,-4.9246035,15.78374,5.0353703,-7.9877186,-12.449976,19.212278,-29.01286,38.939163,18.165668,6.953652,5.532197,-4.625781,-12.791201,43.143524,64.27048,-3.7778351,4.082412,-15.17031,15.44746,-6.5450606,25.447857,5.6104097,-23.910072,-2.2741818,-24.118921,2.4966657,-5.996579,5.4256215,1.5602387,10.539005
64,7.940422534942627,-15.10068130493164,102.93506622314453,0.7270006205946199,-0.30036523855642216,-104.07604307082211,-5.110166,-4.872152,15.7624655,4.866809,-7.498615,-12.690607,19.209312,-29.073494,38.404186,18.32349,6.977144,5.4677305,-4.3031383,-12.870152,42.857162,64.62892,-3.7841086,4.2182655,-15.097395,15.851313,-6.5866985,25.202343,5.6116624,-24.275303,-2.3580165,-23.827438,2.6156123,-5.871019,4.141076,1.4519887,10.885475
65,7.8569865226745605,-15.702978134155273,102.73814392089844,0.8960115259933439,-0.34806467248785095,-103.64918909311976,-5.429919,-4.9554973,15.73452,4.7102637,-7.0101757,-12.8838215,19.20221,-29.11019,37.91128,18.480827,7.0212374,5.4057994,-3.9563258,-12.939737,42.6154,65.002464,-3.6530342,4.2811403,-15.106867,16.313763,-6.753768,24.85313,5.612111,-24.650688,-2.425095,-24.129591,2.4383485,-5.5252504,4.384324,0.21985847,11.868914
66,7.750430107116699,-16.313488006591797,102.50762939453125,1.1730593582425082,-0.4403447744322386,-103.15600921770735,-5.7898536,-5.1445003,15.712232,4.5270195,-6.5374966,-13.05413,19.190073,-29.138073,37.45716,18.639856,7.082817,5.340038,-3.5418777,-13.02587,42.334625,65.30185,-3.4514215,4.3228755,-15.174098,16.83187,-7.0184727,24.414995,5.612277,-25.03831,-2.480703,-24.080832,2.09467,-5.1773415,4.224299,-1.115408,13.241157
67,7.670321464538574,-16.935354232788086,102.27166748046875,1.408980897284227,-0.5248145983664113,-102.6883068474196,-6.119604,-5.280642,15.699626,4.347713,-6.130581,-13.204452,19.168177,-29.150314,37.04088,18.76209,7.143397,5.3053627,-3.1344492,-13.129018,42.04554,65.57189,-3.2177575,4.3401637,-15.263097,17.348482,-7.2518964,24.008526,5.6122823,-25.434155,-2.531954,-24.085205,1.7623216,-4.7489715,4.330652,-2.354506,14.505911
68,7.636591911315918,-17.572790145874023,102.06697845458984,1.4531838700906763,-0.5625343852784864,-102.32769565860781,-6.3560467,-5.207246,15.717103,4.1917014,-5.835454,-13.338486,19.133171,-29.136707,36.66442,18.813442,7.1842685,5.333488,-2.809211,-13.234186,41.772408,65.86365,-3.0016081,4.3352866,-15.339469,17.825598,-7.304548,23.760033,5.617505,-25.834875,-2.6080186,-24.003754,1.66797,-4.244629,4.3880334,-2.812956,15.187903
69,7.593980312347412,-18.185161590576172,101.95755004882812,1.231720831494682,-0.5397910734067873,-102.1159374565464,-6.45844,-4.8426266,15.78917,4.06259,-5.6918864,-13.475588,19.071827,-29.088388,36.326447,18.79598,7.2003236,5.4220295,-2.5742576,-13.358724,41.48945,66.147316,-2.819119,4.3176203,-15.39133,18.232792,-7.055322,23.747538,5.623554,-26.196722,-2.7656553,-23.982357,1.8861772,-3.5382614,4.7022567,-2.2821298,15.263652
70,7.58194637298584,-18.817485809326172,101.87384033203125,0.8330983215283322,-0.4889657696311807,-101.99936192628356,-6.51358,-4.301117,15.888237,4.0096035,-5.641165,-13.576218,19.029697,-29.028503,36.01753,18.668455,7.214333,5.5904384,-2.4984574,-13.425901,41.34126,66.59646,-2.5574987,4.231113,-15.451324,18.631031,-6.6399713,23.893934,5.632385,-26.569323,-2.9568424,-23.79145,2.3237782,-2.7155232,4.877063,-0.90958905,15.0076065
71,7.604537010192871,-19.48906707763672,101.79167938232422,0.3391650142737928,-0.4344808312948122,-101.92853576254019,-6.4813514,-3.630566,16.04382,3.8916597,-5.6755805,-13.664967,18.916206,-28.893454,35.77475,18.584352,7.1910825,5.7645044,-2.3496754,-13.572727,41.048244,66.85861,-2.4072816,4.188649,-15.497414,19.053968,-6.1523776,24.12925,5.646795,-26.968025,-3.1584525,-23.667505,2.9013305,-1.8296738,5.2832136,0.7334611,14.273049
72,7.622045516967773,-20.178991317749023,101.75259399414062,-0.16692342179163625,-0.4032559872156968,-101.84932559301387,-6.4488115,-2.9421802,16.210745,3.774426,-5.7058983,-13.707433,18.796444,-28.779425,35.628887,18.42482,7.143566,6.0193963,-2.2248995,-13.704203,40.83134,67.16881,-2.2347767,4.1251845,-15.560461,19.499046,-5.5984373,24.391745,5.6691103,-27.328632,-3.4166222,-23.376925,3.5416431,-0.9793419,5.3794847,2.7194273,12.601389
73,7.6083550453186035,-20.866456985473633,101.77167510986328,-0.7154887567128648,-0.4071091551066761,-101.76707700772734,-6.3786902,-2.1826613,16.423794,3.6011014,-5.7582135,-13.748592,18.590698,-28.648874,35.642258,18.258892,7.0370855,6.341614,-2.0444436,-13.8965845,40.619347,67.37637,-2.0783713,4.0762095,-15.645811,19.996943,-4.9871273,24.705286,5.700072,-27.632973,-3.7267466,-23.024755,4.2798953,-0.23676533,5.3967075,4.916769,9.627079
74,7.58518123626709,-21.566537857055664,101.84120178222656,-1.3416443890854777,-0.42501356643185273,-101.7049818037043,-6.2859516,-1.3370616,16.66283,3.423755,-5.839507,-13.760775,18.366116,-28.534533,35.75241,18.013346,6.905221,6.752714,-1.9119967,-14.076374,40.502033,67.6427,-1.883729,3.9926958,-15.754328,20.523832,-4.288545,25.101511,5.7482457,-27.814192,-4.1131997,-22.66631,5.140217,0.3337021,5.4423375,7.3307023,5.8301616
75,7.549860954284668,-22.29180908203125,101.93795013427734,-2.00823369177883,-0.4810375559578407,-101.59158044894535,-6.212919,-0.42887005,16.920341,3.213816,-5.897225,-13.760012,18.056522,-28.409748,36.03392,17.779325,6.7280574,7.1936812,-1.7406696,-14.286988,40.396046,67.857346,-1.6753273,3.9433906,-15.862662,21.102074,-3.5115342,25.497562,5.8199415,-27.779285,-4.591478,-22.226816,6.0313697,0.5985986,5.4563746,9.608317,2.1427379
76,7.499716281890869,-23.04458999633789,102.03804779052734,-2.646872253609102,-0.5407825583509086,-101.37050566432497,-6.2206907,0.45073873,17.130682,2.9881148,-5.8840837,-13.695824,17.74973,-28.311253,36.40968,17.520864,6.5461016,7.6378064,-1.5449638,-14.459679,40.26414,68.09296,-1.4885087,3.9346275,-15.948708,21.728924,-2.70261,25.793575,5.9186125,-27.461567,-5.1696157,-21.762442,6.833885,0.5792173,5.483731,11.396555,-0.75899714
77,7.428357124328613,-23.826828002929688,102.13999938964844,-3.2701301029594267,-0.6064994416464661,-100.98654732679867,-6.3579407,1.3128393,17.295193,2.7416077,-5.779533,-13.553695,17.446386,-28.23531,36.88346,17.242563,6.349191,8.086806,-1.3039163,-14.592411,40.07079,68.33997,-1.354438,3.981296,-16.009342,22.275295,-1.8056204,25.87943,6.0692453,-26.673262,-5.799746,-21.229439,7.5319624,0.27187142,5.4888067,12.556173,-2.80671
78,7.330183029174805,-24.63888931274414,102.25177764892578,-3.9198451655711994,-0.6434564545226243,-100.45026469885775,-6.617546,2.2047298,17.404247,2.4740715,-5.6109595,-13.348891,17.145098,-28.183619,37.448883,16.931973,6.139412,8.552624,-1.0363888,-14.687013,39.833817,68.61052,-1.2667825,4.061446,-16.052162,21.874067,-0.31794846,25.56322,8.335944,-26.503565,-6.543949,-20.674118,8.184808,-0.29219905,5.4865513,13.086393,-4.197111
79,7.223346710205078,-25.453269958496094,102.36810302734375,-4.573686087765323,-0.6657911220676479,-99.84021549647986,-6.922762,3.105001,17.478836,2.1880467,-5.407251,-13.106327,16.843246,-28.162832,38.096817,16.59725,5.93753,9.012528,-0.7591606,-14.748387,39.578846,68.89843,-1.1914498,4.161298,-16.072083,20.788897,1.5149348,24.882456,11.997355,-26.53664,-7.3462515,-20.08614,8.795854,-1.0013238,5.4786997,13.0868025,-5.0360456
80,7.114334583282471,-26.27339744567871,102.49688720703125,-5.204113878410934,-0.6955955728560206,-99.24236176083122,-7.189196,3.986066,17.541338,1.8853989,-5.1926394,-12.852392,16.537405,-28.179922,38.82024,16.24595,5.7634645,9.445537,-0.48911163,-14.784422,39.33187,69.19657,-1.0934002,4.266652,-16.065031,19.853573,3.2033093,24.095432,15.261375,-25.910696,-8.154645,-19.45326,9.366641,-1.7492856,5.4863143,12.71751,-5.495349
81,7.005971908569336,-27.10428810119629,102.63260650634766,-5.800498281625884,-0.7346601112819309,-98.67827930718575,-7.3911924,4.8412447,17.587095,1.5677824,-4.974457,-12.589929,16.223824,-28.24019,39.6341,15.862191,5.613056,9.859711,-0.21539937,-14.799193,39.080856,69.50109,-0.95291007,4.387056,-16.044447,18.986012,4.771782,23.213173,18.304998,-24.816818,-8.954397,-18.822178,9.894555,-2.490693,5.4807405,12.217615,-5.751175
82,6.883659839630127,-27.9445858001709,102.76753997802734,-6.361659476638243,-0.7778393197040967,-98.12396751225516,-7.550147,5.669836,17.607029,1.2311305,-4.740263,-12.311291,15.900502,-28.342482,40.544525,15.44827,5.474784,10.264664,0.07011445,-14.794491,38.81665,69.80719,-0.79035896,4.5274878,-16.008673,18.09505,6.2674446,22.208616,21.313135,-23.515356,-9.730099,-18.091124,10.350135,-3.22002,5.494497,11.555988,-5.8949304
83,6.769164085388184,-28.775524139404297,102.90845489501953,-6.872959669163954,-0.840191600228545,-97.59551372996435,-7.656435,6.450933,17.615635,0.8709212,-4.489332,-12.022295,15.567905,-28.478533,41.527214,15.039949,5.3582673,10.641714,0.3475645,-14.775493,38.57402,70.10249,-0.6272872,4.668406,-15.932503,17.192913,7.6521816,21.12451,24.256653,-22.13752,-10.444749,-17.347767,10.763977,-3.9066286,5.5067945,10.880857,-5.996541
84,6.65418004989624,-29.60282325744629,103.05682373046875,-7.3214570111991275,-0.9369052566547518,-97.1054757417537,-7.7086587,7.16313,17.627874,0.48823145,-4.225119,-11.722334,15.229468,-28.632616,42.55385,14.674594,5.2740197,10.97178,0.5906989,-14.750718,38.4002,70.3798,-0.4786931,4.7898545,-15.790398,16.263193,8.906422,19.989656,27.172907,-20.793526,-11.0725975,-16.56845,11.128465,-4.5276217,5.5138226,10.19725,-6.063956
85,6.540892124176025,-30.4384765625,103.21095275878906,-7.6955797500151215,-1.0846808199646585,-96.68005928713376,-7.6948667,7.79483,17.65186,0.09692167,-3.9433172,-11.386331,14.884441,-28.78137,43.621567,14.354661,5.232508,11.267647,0.79315066,-14.726965,38.315575,70.650955,-0.3026902,4.8876243,-15.5701,15.319417,10.010805,18.809973,30.079695,-19.394571,-11.691962,-15.729437,11.432218,-5.0564857,5.5156326,9.496828,-6.0822825
86,6.427461624145508,-31.2684268951416,103.37020111083984,-8.001404479165343,-1.2726773634872846,-96.310481394555,-7.621041,8.355263,17.675707,-0.30065757,-3.6464193,-11.011843,14.5329685,-28.924719,44.7368,14.067706,5.2247133,11.5339365,0.96696734,-14.706228,38.308205,70.90803,-0.096859455,4.9758496,-15.287558,14.336858,10.981799,17.556038,33.00021,-17.76771,-12.321448,-14.851547,11.680017,-5.510828,5.51249,8.787482,-6.0560794
87,6.31955099105835,-32.09189224243164,103.53128814697266,-8.256813651827395,-1.4752316706996793,-95.95410383614504,-7.5143933,8.858498,17.68772,-0.72253764,-3.3422952,-10.632923,14.183964,-29.087046,45.882107,13.82317,5.2342696,11.741078,1.1163976,-14.6885,38.372185,71.11039,0.06339773,5.0626893,-14.960484,13.250526,11.85768,16.21951,35.969727,-15.979155,-12.837242,-13.961534,11.878554,-5.9351206,5.5073385,8.076541,-6.0072
88,6.195750713348389,-32.92045211791992,103.68964385986328,-8.481191673073862,-1.667686481903125,-95.56688948421572,-7.404095,9.318004,17.680277,-1.186467,-3.0369642,-10.282084,13.852448,-29.297989,47.033287,13.623356,5.2477994,11.860608,1.2448511,-14.671742,38.501495,71.21617,0.10219045,5.1552434,-14.605734,12.006939,12.67467,14.809408,39.008392,-14.150607,-13.112388,-13.083014,12.053615,-6.377515,5.500802,7.3687544,-5.97371
89,6.0545172691345215,-33.746952056884766,103.84600067138672,-8.659459715728783,-1.8511180186550782,-95.1400701235756,-7.2947793,9.715624,17.649906,-1.7005414,-2.7138305,-9.950932,13.551254,-29.56017,48.18671,13.452768,5.2720366,11.883093,1.3556435,-14.651364,38.698757,71.21514,-0.011970251,5.265236,-14.199457,10.589518,13.41524,13.321978,42.156322,-12.288583,-13.07153,-12.208051,12.188308,-6.8405766,5.493241,6.656408,-5.9563637
90,5.893863201141357,-34.559146881103516,103.99390411376953,-8.789764003716837,-2.0380818831251104,-94.69645936784785,-7.1733623,10.048365,17.605036,-2.2510118,-2.3780234,-9.6198635,13.285134,-29.864895,49.337433,13.303494,5.3169007,11.826485,1.4430631,-14.626154,38.96586,71.13281,-0.2373862,5.3815856,-13.741156,9.031061,14.06294,11.774848,45.38646,-10.322403,-12.804103,-11.287071,12.294447,-7.30887,5.375162,6.0075946,-5.948506
91,5.7248992919921875,-35.35488510131836,104.1280288696289,-8.908918345074065,-2.222164833149972,-94.23803396638571,-7.0430927,10.353638,17.559265,-2.8245118,-2.066155,-9.308432,13.056424,-30.227636,50.46118,13.188029,5.3732944,11.702179,1.499605,-14.600187,39.29345,70.97451,-0.539503,5.4786744,-13.28156,7.352785,14.658177,10.2030735,48.626358,-8.263473,-12.429254,-10.221635,12.425278,-7.7993917,4.9450808,5.5206513,-5.952656
92,5.559072017669678,-36.14395523071289,104.24359893798828,-9.05028228591752,-2.396421988052122,-93.76612174905559,-6.9026656,10.667489,17.524752,-3.4122472,-1.815036,-9.042677,12.865041,-30.67214,51.539314,13.116057,5.432068,11.522011,1.5228509,-14.58233,39.66494,70.73881,-0.8856322,5.533265,-12.871754,5.571714,15.242576,8.629166,51.809948,-6.1303954,-12.06053,-9.254251,12.582035,-8.310305,4.6709075,4.96792,-5.9679666
93,5.399971961975098,-36.925228118896484,104.3392562866211,-9.222480557562587,-2.5519172610554035,-93.26046578205477,-6.7590322,11.000325,17.499743,-4.0323987,-1.6382799,-8.844339,12.711525,-31.235865,52.570484,13.086063,5.5127497,11.266539,1.5326512,-14.578372,40.067524,70.3848,-1.3065097,5.552947,-12.499128,3.5977085,15.806988,6.921178,55.04017,-3.8582904,-11.630983,-8.538894,12.744183,-8.859768,4.853139,4.1966486,-5.996935
94,5.238409996032715,-37.69244384765625,104.41419982910156,-9.404089481080687,-2.693690752895964,-92.72922302676592,-6.599733,11.33028,17.476944,-4.6911,-1.515298,-8.70475,12.595439,-31.912828,53.568123,13.085427,5.6138573,10.937538,1.5362388,-14.590896,40.498646,69.90729,-1.809577,5.5486164,-12.144846,1.4473491,16.321056,5.116406,58.317307,-1.4550613,-11.107879,-7.699984,12.953929,-9.447298,4.7299666,3.5915678,-6.0433044
95,5.077343940734863,-38.448307037353516,104.47248077392578,-9.592036663579012,-2.8438003574547435,-92.20713332171199,-6.409089,11.654209,17.472805,-5.357932,-1.4350799,-8.599575,12.512071,-32.651653,54.53225,13.113927,5.6938477,10.576606,1.5098392,-14.624812,40.963646,69.35612,-2.3239396,5.5062284,-11.8502445,-0.70261204,16.833565,3.4654336,61.443615,0.9291041,-10.635683,-6.994999,13.162869,-10.021065,4.879131,2.85762,-6.092566
96,4.913914680480957,-39.18585205078125,104.51004791259766,-9.782856226016575,-3.0199502531724285,-91.73414048051751,-6.1709104,11.967405,17.498037,-5.9981194,-1.3829238,-8.499266,12.454312,-33.38741,55.459892,13.179319,5.7096887,10.223379,1.426186,-14.685276,41.475952,68.77965,-2.7755594,5.414967,-11.655861,-2.685555,17.421999,2.2135053,64.227745,3.1335697,-10.33344,-6.2160015,13.408026,-10.5428505,4.895758,2.205068,-6.1413155
97,4.760890960693359,-39.91105651855469,104.52952575683594,-9.996394505291317,-3.2325132342848644,-91.3098051894238,-5.884275,12.290925,17.566885,-6.6119156,-1.3792512,-8.409812,12.41779,-34.116814,56.341404,13.313701,5.63371,9.850459,1.2876605,-14.778765,42.06863,68.15426,-3.1181452,5.2578692,-11.620538,-4.4871235,18.21042,1.4562349,66.67546,5.3405037,-10.325967,-5.4191747,13.689616,-11.01219,4.9287996,1.5527328,-6.1816998
98,4.623073577880859,-40.61789321899414,104.5357437133789,-10.230007481530562,-3.469881376639187,-90.91883952118684,-5.5612726,12.623329,17.668993,-7.2081733,-1.4275823,-8.3372135,12.40089,-34.853252,57.17932,13.5128975,5.4918633,9.44722,1.1024886,-14.907079,42.740932,67.4574,-3.3906507,5.0523596,-11.705368,-6.2036524,19.177725,1.0344026,68.90098,7.5420737,-10.468023,-4.610965,14.000589,-11.444973,4.959169,0.9157215,-6.215647
99,4.487198829650879,-41.31385803222656,104.53668975830078,-10.446339310578406,-3.7205570206848,-90.57482761545987,-5.209467,12.927978,17.782967,-7.7663174,-1.4764545,-8.251282,12.400319,-35.55348,57.98997,13.734315,5.321356,9.078267,0.84948844,-15.065409,43.45037,66.74619,-3.6517835,4.8364024,-11.805067,-7.8277106,20.196203,0.8204419,70.88451,9.278881,-10.481658,-3.8514025,14.294158,-11.82108,5.088112,0.24385855,-6.244298
100,4.3460469245910645,-42.00987243652344,104.5401840209961,-10.607132903913191,-3.971237516354504,-90.29120647271375,-4.8381014,13.165124,17.886911,-8.263127,-1.4828733,-8.119759,12.412044,-36.16445,58.7903,13.944088,5.159273,8.806143,0.50388587,-15.243898,44.152504,66.0862,-3.9651358,4.6452913,-11.814338,-9.343134,21.121662,0.706423,72.59993,10.087702,-10.112973,-3.0828576,14.542568,-12.123805,5.1817384,-0.39881337,-6.2654624
101,4.200193405151367,-42.70991516113281,104.54873657226562,-10.7007270232334,-4.2294416682427265,-90.07709951083702,-4.443842,13.322744,17.984951,-8.693629,-1.4418914,-7.9368243,12.433671,-36.68008,59.581226,14.162982,4.9993386,8.639905,0.04462972,-15.436609,44.854668,65.4929,-4.3181806,4.465786,-11.694351,-10.701223,21.920881,0.7176846,74.03506,9.608817,-9.244888,-2.3467915,14.717787,-12.34212,5.3493633,-1.0709364,-6.273249
102,4.051328659057617,-43.39170837402344,104.56198120117188,-10.743191692366155,-4.497757947834555,-89.9225490335417,-4.0271535,13.421313,18.085484,-9.067292,-1.3749353,-7.7184205,12.464047,-37.117794,60.35747,14.406687,4.8269186,8.548515,-0.5178102,-15.639937,45.57549,64.94266,-4.689692,4.282531,-11.504984,-11.910607,22.640856,0.8800378,75.21075,8.157586,-8.08332,-1.6036507,14.847931,-12.491801,5.4661694,-1.6872076,-6.2747884
103,3.902785539627075,-44.07130813598633,104.58323669433594,-10.745067391659836,-4.757743093635991,-89.8090901042789,-3.6052072,13.466943,18.174484,-9.383769,-1.2751368,-7.4642243,12.501431,-37.45841,61.131214,14.635798,4.6653633,8.534283,-1.1607523,-15.84553,46.28189,64.44882,-5.1341634,4.1235094,-11.289955,-13.038422,23.248604,1.096077,76.1458,6.28568,-6.861594,-0.80616343,14.948799,-12.597509,5.4700427,-2.2493045,-6.2681756
104,3.7512030601501465,-44.746009826660156,104.6054458618164,-10.715172435606041,-4.991864765360675,-89.71952765841806,-3.1924913,13.46591,18.238317,-9.644214,-1.134591,-7.1743016,12.543649,-37.68025,61.915947,14.814869,4.5379405,8.597629,-1.8600581,-16.042448,46.93137,64.03047,-5.7146597,4.014951,-11.092126,-14.151768,23.740849,1.3047994,76.85127,4.553031,-5.770385,-0.05325866,15.017089,-12.682477,5.4721694,-2.7849395,-6.264932
105,3.5969455242156982,-45.41688919067383,104.63391876220703,-10.649421535518362,-5.2020334501661605,-89.65284312268852,-2.7885947,13.412693,18.27704,-9.846023,-0.93962544,-6.8479815,12.588046,-37.779766,62.73128,14.960011,4.442155,8.757161,-2.6323636,-16.220554,47.529568,63.723434,-6.5362763,3.9501636,-10.890027,-15.251137,24.106298,1.5020914,77.31937,2.9749281,-4.832711,0.66877604,15.048037,-12.750879,5.4755497,-3.3065286,-6.263476
106,3.4402616024017334,-46.0958137512207,104.66999816894531,-10.546508212262848,-5.395465289811,-89.61570937285659,-2.3886695,13.303964,18.296438,-9.9890175,-0.69726217,-6.486574,12.633583,-37.765396,63.571404,15.084576,4.367477,9.006414,-3.4873652,-16.374828,48.089153,63.527584,-7.542781,3.910767,-10.671782,-16.303272,24.340912,1.7213235,77.54943,1.3013282,-3.964505,1.3687292,15.038978,-12.7943945,5.477832,-3.8145802,-6.260639
107,3.277013063430786,-46.76869201660156,104.71056365966797,-10.41316628771853,-5.563043170462204,-89.60369164770957,-1.9975133,13.150742,18.291836,-10.080749,-0.4213149,-6.092937,12.681158,-37.636234,64.40938,15.146999,4.324729,9.306698,-4.3867764,-16.504322,48.572697,63.40467,-8.559088,3.9086883,-10.494792,-17.324015,24.483461,1.9893247,77.56479,-0.31170797,-3.1587698,2.032274,14.9995575,-12.815676,5.4801264,-4.3090024,-6.259464
108,3.1212027072906494,-47.43508529663086,104.75167083740234,-10.263728925463756,-5.695662644928209,-89.6129268443324,-1.6152583,12.964094,18.257662,-10.132305,-0.1259047,-5.6715674,12.732726,-37.39543,65.21657,15.10478,4.324592,9.618955,-5.288259,-16.61304,48.931427,63.313057,-9.41742,3.959839,-10.414405,-18.329702,24.577158,2.3381987,77.39049,-1.7107188,-2.4045475,2.651112,14.936768,-12.81581,5.478256,-4.7880015,-6.2525964
109,2.9676551818847656,-48.10947036743164,104.79293060302734,-10.096021934416349,-5.784501803422878,-89.64502660433935,-1.2338694,12.743702,18.183609,-10.143288,0.19392386,-5.2220564,12.788375,-37.03492,65.99249,14.92949,4.3823967,9.953752,-6.191599,-16.704048,49.160618,63.27473,-10.150933,4.077966,-10.454875,-19.340414,24.64828,2.808789,77.03389,-2.8248608,-1.6923233,3.2194443,14.850867,-12.790732,5.478976,-5.2622085,-6.2429857
110,2.8143954277038574,-48.77707290649414,104.83601379394531,-9.906581260052016,-5.836495072984724,-89.70114505145126,-0.85397243,12.484195,18.076818,-10.110923,0.5449623,-4.7419386,12.84733,-36.55813,66.745735,14.647629,4.486742,10.324322,-7.1126533,-16.778465,49.27554,63.298267,-10.828839,4.2561135,-10.58048,-20.335154,24.670528,3.391996,76.47937,-3.7462015,-1.0273613,3.7413332,14.739378,-12.741952,5.4735465,-5.718635,-6.2330813
111,2.668612480163574,-49.449920654296875,104.88541412353516,-9.695963547665485,-5.865226427373494,-89.77739031756265,-0.48575923,12.189653,17.956646,-10.045971,0.9028501,-4.234818,12.910911,-35.99087,67.46131,14.295896,4.6084266,10.695432,-8.029949,-16.840319,49.251945,63.31704,-11.339044,4.4813657,-10.758006,-21.271212,24.60909,4.043249,75.72299,-4.569077,-0.4181447,4.2367573,14.596098,-12.678429,5.4709105,-6.1710043,-6.212497
112,2.519418239593506,-50.11608123779297,104.93636322021484,-9.464704481478089,-5.884751269402584,-89.86945059019533,-0.13430357,11.866173,17.841646,-9.964838,1.2466528,-3.7087984,12.981349,-35.369408,68.12506,13.906933,4.7204547,11.031285,-8.91618,-16.897676,49.05293,63.25769,-11.5753145,4.740031,-10.954989,-22.105051,24.429808,4.714056,74.75014,-5.379757,0.12598923,4.7162204,14.428128,-12.609885,5.4671226,-6.6134615,-6.1856213
113,2.3775687217712402,-50.7830696105957,104.98548889160156,-9.206551643091199,-5.8957235459658985,-89.98001317253278,0.2066297,11.507155,17.735086,-9.876372,1.5743164,-3.1669776,13.059447,-34.695583,68.741135,13.458427,4.828487,11.337079,-9.764566,-16.95888,48.626022,63.10383,-11.4614525,5.071243,-11.155591,-22.836622,24.108908,5.398687,73.55264,-6.1921563,0.6302861,5.1856823,14.220484,-12.538121,5.4656506,-7.052632,-6.1411786
114,2.233781099319458,-51.44679641723633,105.0379409790039,-8.922219521887518,-5.890959393978734,-90.11008452113933,0.54651815,11.115418,17.627348,-9.780444,1.8946122,-2.6106634,13.143816,-33.96792,69.31264,12.937156,4.9434195,11.625291,-10.576343,-17.029188,47.981827,62.873985,-11.079563,5.471893,-11.381008,-23.4868,23.669811,6.1221867,72.13672,-6.959517,1.0904989,5.631727,13.980018,-12.459128,5.463112,-7.480256,-6.0884676
115,2.0892982482910156,-52.11845779418945,105.08975982666016,-8.627725213745205,-5.873574964934529,-90.25160095484729,0.88237935,10.706226,17.516447,-9.676909,2.203267,-2.0443358,13.234151,-33.217133,69.82864,12.388691,5.04663,11.872204,-11.342098,-17.114061,47.190853,62.5572,-10.553852,5.8616776,-11.65437,-24.041174,23.14718,6.8825455,70.49857,-7.6704154,1.4562212,6.0677752,13.72507,-12.375111,5.462699,-7.910267,-6.0306973
116,1.954516053199768,-52.7918586730957,105.13848114013672,-8.338626112092227,-5.845789051870058,-90.39759449587108,1.2102159,10.29705,17.400608,-9.564336,2.494816,-1.4719191,13.331042,-32.475025,70.27724,11.85585,5.1206627,12.054482,-12.050982,-17.217356,46.331863,62.136646,-10.000004,6.1618557,-11.998848,-24.487015,22.577385,7.6774936,68.63358,-8.3118925,1.6775069,6.492763,13.468246,-12.28657,5.461607,-8.336063,-5.968712
117,1.8173530101776123,-53.462642669677734,105.17892456054688,-8.049911463050188,-5.813145289723202,-90.54419343629613,1.5224925,9.882513,17.285107,-9.436794,2.770757,-0.89115846,13.43695,-31.736855,70.65889,11.300478,5.1544695,12.166281,-12.699892,-17.341896,45.399136,61.604156,-9.396853,6.354087,-12.440199,-24.805,21.952513,8.508701,66.509254,-8.90052,1.7076585,6.910778,13.211431,-12.196817,5.4618244,-8.759933,-5.909823
118,1.6902751922607422,-54.13789749145508,105.21675109863281,-7.7579058187482834,-5.773014766107732,-90.69598969312342,1.8216978,9.457427,17.169865,-9.295153,3.0336204,-0.29703557,13.552227,-30.988962,70.97297,10.71533,5.1623583,12.218779,-13.291696,-17.489319,44.367977,60.961014,-8.691833,6.479452,-12.960346,-25.011902,21.26088,9.375048,64.13418,-9.431242,1.5867265,7.323384,12.941881,-12.104588,5.4611216,-9.181629,-5.8431764
119,1.5657405853271484,-54.8140754699707,105.25076293945312,-7.474389665096509,-5.716366924980027,-90.85807081131415,2.1167016,9.03706,17.045033,-9.146541,3.2758913,0.31103402,13.673097,-30.249683,71.20933,10.189765,5.1644073,12.215585,-13.829069,-17.660439,43.295647,60.21163,-7.950111,6.5473533,-13.5132065,-25.141605,20.529778,10.275152,61.551716,-9.853334,1.3965067,7.7146983,12.677845,-12.002459,5.4625406,-9.598768,-5.776849
120,1.446505069732666,-55.4964485168457,105.27578735351562,-7.212249511047897,-5.632799048351968,-91.03595681837758,2.4129317,8.63558,16.898561,-8.993905,3.49793,0.9321368,13.793042,-29.53653,71.36416,9.810845,5.17848,12.162916,-14.32255,-17.855059,42.256325,59.369183,-7.225987,6.5678034,-14.055332,-25.224945,19.785152,11.208964,58.798603,-10.115776,1.218487,8.0794735,12.433255,-11.882375,5.4599624,-10.010374,-5.7115335
121,1.3323235511779785,-56.184326171875,105.29151153564453,-6.972080954141874,-5.524515698674397,-91.2346382801849,2.709928,8.25302,16.731125,-8.834963,3.6999807,1.5578796,13.90687,-28.85335,71.454254,9.615709,5.2066107,12.036009,-14.776535,-18.072311,41.26113,58.430386,-6.480542,6.532839,-14.590977,-25.25941,19.042862,12.20709,55.859753,-10.206088,1.097175,8.415965,12.207524,-11.738723,5.4616694,-10.420088,-5.6484194
122,1.229514241218567,-56.886512756347656,105.30171203613281,-6.7462813025837765,-5.39373227491237,-91.45095936320357,3.0037694,7.883352,16.544676,-8.667053,3.884492,2.1867,14.01276,-28.190266,71.489044,9.553956,5.2368894,11.842448,-15.188098,-18.31158,40.285995,57.397217,-5.6939673,6.438447,-15.138632,-25.239145,18.282072,13.25399,52.721382,-10.151003,0.981798,8.735737,11.988141,-11.575789,5.4577684,-10.82632,-5.580482
123,1.1301937103271484,-57.59474182128906,105.3023910522461,-6.54166165867207,-5.2357763783738935,-91.6737992961372,3.2885575,7.5333133,16.335836,-8.492368,4.0501766,2.8296075,14.108893,-27.542345,71.4507,9.582766,5.266021,11.636603,-15.55743,-18.57077,39.354527,56.28645,-4.945481,6.3033686,-15.676057,-25.185986,17.47638,14.276266,49.41795,-9.959758,0.81616133,9.0205145,11.787055,-11.402388,5.459232,-11.229798,-5.513811
124,1.0448142290115356,-58.31732177734375,105.28873443603516,-6.365496864650259,-5.044764055105171,-91.89354072315311,3.5556457,7.208543,16.100134,-8.308449,4.1932926,3.5021584,14.193676,-26.899303,71.3189,9.659722,5.29051,11.473442,-15.893046,-18.846357,38.503304,55.122837,-4.306956,6.146907,-16.182636,-25.116053,16.606659,15.20291,45.970226,-9.636444,0.54918724,9.277647,11.606641,-11.227629,5.4650345,-11.64306,-5.4391203
125,0.9737439155578613,-59.04954528808594,105.26226806640625,-6.2240058609428495,-4.805078718649228,-92.11124544849473,3.8008885,6.9151354,15.818073,-8.105158,4.3177934,4.2177734,14.265175,-26.255814,71.08301,9.808479,5.309374,11.376023,-16.198837,-19.136005,37.75578,53.916405,-3.7653444,5.946337,-16.666603,-25.053808,15.6785345,16.01127,42.33596,-9.173642,0.28063944,9.484021,11.454771,-11.046064,5.464494,-12.04894,-5.358825
126,0.9066025614738464,-59.792755126953125,105.22601318359375,-6.1121616021835115,-4.525543554140735,-92.33119939027634,4.023544,6.646709,15.497987,-7.8812437,4.4239755,4.969744,14.322465,-25.610142,70.7563,10.04326,5.3227487,11.312775,-16.480827,-19.437992,37.10299,52.66581,-3.2863271,5.699134,-17.135643,-24.979294,14.71133,16.733479,38.50687,-8.571939,0.011900797,9.64944,11.330483,-10.854599,5.4681463,-12.459147,-5.277968
127,0.8419163227081299,-60.54185485839844,105.1799545288086,-6.023605782833804,-4.234106941196057,-92.55114700637623,4.2237163,6.397516,15.174185,-7.6484385,4.5077934,5.745656,14.365301,-24.958328,70.34996,10.307169,5.331252,11.256487,-16.747822,-19.74809,36.528404,51.377777,-2.9103177,5.456356,-17.5694,-24.854378,13.720071,17.373003,34.562878,-7.8526244,-0.45185572,9.806007,11.228389,-10.660742,5.4661636,-12.867821,-5.197479
128,0.7852487564086914,-61.2950325012207,105.1248779296875,-5.941867880146134,-3.9629042353120303,-92.77140604246561,4.404152,6.154566,14.884551,-7.418211,4.5637736,6.5300884,14.395147,-24.296999,69.877594,10.543315,5.3347955,11.180134,-17.012684,-20.060474,36.015736,50.061935,-2.6786823,5.2694917,-17.946556,-24.612967,12.7061825,17.949043,30.540653,-7.016055,-1.3059297,9.989909,11.125372,-10.472816,5.468193,-13.286456,-5.110314
129,0.7329573631286621,-62.06059265136719,105.06061553955078,-5.870482404052617,-3.713077492959465,-92.99490458284849,4.5692916,5.9215183,14.628569,-7.191075,4.5912824,7.3313737,14.413833,-23.613258,69.315414,10.754274,5.343321,11.071008,-17.2762,-20.372658,35.56774,48.711037,-2.6315675,5.155257,-18.27,-24.190891,11.657824,18.471186,26.27332,-5.9856706,-2.711426,10.204368,11.027973,-10.287809,5.4704924,-13.713872,-5.019664
130,0.68800950050354,-62.839866638183594,104.98329162597656,-5.822509112107204,-3.4845209057950375,-93.23309155739886,4.726824,5.7108045,14.399083,-6.958579,4.5958652,8.160721,14.421799,-22.909376,68.660286,10.966111,5.354449,10.944492,-17.53661,-20.683775,35.19168,47.328903,-2.738895,5.0866942,-18.547035,-23.55713,10.5839405,18.947119,21.66641,-4.735679,-4.520446,10.452394,10.948591,-10.092134,5.4780912,-14.157857,-4.9254766
131,0.6536865234375,-63.621009826660156,104.88898468017578,-5.808253353201057,-3.314679391979905,-93.50960883745086,4.8961754,5.534228,14.225385,-6.7195525,4.5861692,9.007542,14.41922,-22.208637,67.959526,11.153872,5.3500714,10.816757,-17.797848,-20.990112,34.876225,45.94253,-2.9392676,5.0500655,-18.765738,-22.708485,9.542315,19.399618,16.90285,-3.3623884,-6.4675393,10.771394,10.897458,-9.865405,5.4770265,-14.602816,-4.830701
132,0.6234945058822632,-64.40274810791016,104.7629623413086,-5.848710262535915,-3.250983415977083,-93.85765576084206,5.1090064,5.417646,14.141161,-6.474639,4.5703993,9.860984,14.40697,-21.540405,67.2622,11.288552,5.312971,10.70441,-18.063238,-21.287018,34.604202,44.580585,-3.1753745,5.0326633,-18.909588,-21.7065,8.639285,19.847124,12.320886,-2.036401,-8.293882,11.212612,10.9010935,-9.576133,5.475972,-15.060369,-4.7450438
133,0.5861297845840454,-65.20344543457031,104.60092163085938,-5.958077534351407,-3.3246781114460338,-94.31003189559131,5.3986745,5.378023,14.173104,-6.2197185,4.5455675,10.737074,14.390067,-20.893837,66.54103,11.354545,5.2388716,10.610555,-18.338123,-21.572699,34.367836,43.229877,-3.4721522,5.0437903,-18.950811,-20.711002,7.970872,20.192621,8.259747,-0.9069445,-9.910796,11.8134575,10.977573,-9.193425,5.48808,-15.549893,-4.676133
134,0.5464969873428345,-66.01184844970703,104.40119171142578,-6.134638076898065,-3.4979313251800614,-94.84841837092888,5.749079,5.40971,14.286488,-5.955292,4.5114827,11.640397,14.370721,-20.261387,65.77574,11.366843,5.139781,10.52648,-18.61928,-21.846779,34.172394,41.882675,-3.8507605,5.0856876,-18.902884,-20.243067,7.70572,20.255934,5.62603,-0.4406782,-11.462574,12.530568,11.121236,-8.726548,5.4994597,-16.052696,-4.622652
135,0.5128786563873291,-66.81941223144531,104.18869018554688,-6.316552805956551,-3.685221690581913,-95.38349214131162,6.084208,5.4425926,14.368747,-5.701505,4.51365,12.465262,14.351311,-19.855776,65.15391,11.191879,5.005737,10.490208,-18.956553,-21.999105,34.03257,40.77495,-4.277515,5.07719,-18.837412,-20.85681,7.916426,19.942434,5.4526687,-1.1961719,-13.030179,13.261735,11.258359,-8.260698,5.514986,-16.557945,-4.5658255
136,0.4929175078868866,-67.62300109863281,103.9642333984375,-6.5524800828378105,-3.854236111847331,-95.8955720020574,6.3657823,5.5194945,14.430925,-5.4500604,4.505515,13.271138,14.320404,-19.45806,64.576225,11.061267,4.8672976,10.453619,-19.258167,-22.146486,33.90502,39.68748,-4.689834,5.068332,-18.766,-21.335848,8.214756,19.852993,5.3855524,-2.0354676,-14.720404,13.967168,11.44497,-7.793688,5.5315237,-17.056513,-4.515761
137,0.5119665265083313,-68.4306411743164,103.71917724609375,-6.895682676678221,-4.057486894575937,-96.41057293369117,6.6196547,5.709777,14.4831505,-5.2104163,4.5152693,14.058978,14.273632,-19.142834,64.08391,10.8867655,4.6945243,10.451173,-19.552654,-22.286612,33.817184,38.681988,-5.0775604,5.0369334,-18.681599,-21.50767,8.6151,20.224483,5.2795353,-3.0797517,-16.944052,14.7065525,11.725471,-7.2942667,5.550025,-17.554892,-4.4685926
138,0.5577328205108643,-69.25074768066406,103.44668579101562,-7.344902215742986,-4.281580322850423,-96.92947426253156,6.8481197,6.013695,14.521654,-4.9770694,4.5365434,14.8434925,14.206447,-18.892046,63.632626,10.671839,4.498709,10.479927,-19.839607,-22.437567,33.7705,37.727257,-5.4544263,4.992053,-18.565287,-21.480331,9.120221,20.933016,5.219487,-4.287214,-19.535275,15.468838,12.104496,-6.7556467,5.569736,-18.05647,-4.429961
139,0.5995417237281799,-70.0655746459961,103.173828125,-7.661265853164515,-4.4317915371156245,-97.23894836308241,6.864479,6.1939573,14.555773,-4.7607417,4.5204024,15.528103,14.10735,-18.683231,63.288425,10.527962,4.3138394,10.490901,-20.055256,-22.604258,33.740345,36.72806,-5.791286,4.989494,-18.47649,-21.31088,9.198562,21.52402,4.983832,-5.20184,-19.999998,16.146109,12.348509,-6.442179,5.6333356,-18.598215,-4.354988
140,0.5673205256462097,-70.87125396728516,102.9443130493164,-7.786222722318882,-4.481437727215084,-97.46897158120362,6.8309636,6.1595693,14.555216,-4.5941453,4.4971094,15.955714,13.996771,-18.581589,63.228504,10.479982,4.1322727,10.438164,-20.204906,-22.760101,33.712376,35.79944,-6.0454803,4.960003,-18.4709,-21.166147,9.1114645,21.809752,4.881439,-5.5163727,-19.999998,16.72075,12.417621,-6.236922,5.6894646,-19.129374,-4.280622
141,0.48781201243400574,-71.6557846069336,102.81776428222656,-7.684788990734037,-4.423147277756752,-97.60148834059649,6.7326417,5.8443336,14.538196,-4.4839325,4.4257207,16.100792,13.900489,-18.589848,63.45233,10.549615,3.9657493,10.296567,-20.284279,-22.875755,33.657906,34.924824,-6.246534,4.9128647,-18.561373,-21.035055,8.924845,21.628542,5.037441,-4.8006387,-19.999998,17.190773,12.261976,-6.1723027,5.701953,-19.62028,-4.183525
142,0.39263078570365906,-72.41875457763672,102.80198669433594,-7.414224418296903,-4.280534734196712,-97.64365528221131,6.565956,5.3214355,14.506136,-4.4143696,4.3211737,16.045511,13.833144,-18.702522,63.869526,10.685375,3.818841,10.091544,-20.308767,-22.935,33.574017,34.130283,-6.425335,4.837788,-18.715498,-20.853922,8.578925,21.02538,5.3216434,-3.1583018,-19.145872,17.578484,11.915113,-6.2394423,5.699354,-20.085548,-4.0395684
143,0.28500497341156006,-73.23067474365234,102.80178833007812,-6.966077301883145,-4.072933748450744,-97.61138084355282,6.348837,4.621815,14.457654,-4.378239,4.232646,15.847013,13.786237,-18.894526,64.43711,10.874698,3.6988947,9.850438,-20.24766,-22.949785,33.467556,33.398808,-6.5674357,4.7580066,-18.923641,-20.613308,7.837208,20.18859,5.422798,-0.90358883,-15.516355,17.876263,11.358524,-6.4415812,5.747443,-20.509687,-3.8346374
144,0.17362773418426514,-74.06155395507812,102.82022857666016,-6.410215524300025,-3.8519414878225287,-97.58205536699127,6.1703258,3.8246043,14.377819,-4.3737035,4.2177534,15.524285,13.732659,-19.231564,65.14283,11.057797,3.633856,9.621024,-20.045694,-22.928549,33.287167,32.72797,-6.689892,4.686863,-19.15875,-20.508133,6.970629,19.36687,5.67765,1.2974428,-11.360702,18.162996,10.668462,-6.6979327,5.8166,-20.824795,-3.5802011
145,0.06121262535452843,-74.89573669433594,102.88352966308594,-5.737677196173146,-3.6181935890485573,-97.65682351836837,6.143786,2.9190109,14.260724,-4.4262514,4.2986903,15.03734,13.678125,-19.734478,66.06261,11.246715,3.6094,9.403726,-19.680437,-22.84494,33.011845,32.11577,-6.7993054,4.6260586,-19.441328,-20.860527,6.1194596,18.647198,6.708322,2.9490676,-6.8266783,18.44271,9.829358,-6.9196863,5.903972,-20.969456,-3.2837029
146,-0.0691467747092247,-75.7442855834961,102.9775619506836,-4.91065595761085,-3.3538340075735267,-97.79419905660808,6.2001963,1.8461038,14.121943,-4.499108,4.436392,14.441,13.638199,-20.34899,67.10206,11.463239,3.6461823,9.174336,-19.207684,-22.670055,32.670605,31.595282,-6.9042773,4.5608287,-19.761383,-21.18309,5.0868826,18.236174,7.6513963,4.4433236,-2.3442736,18.699041,8.800926,-7.159962,6.012758,-20.900757,-2.9262464
147,-0.21313272416591644,-76.6220932006836,103.07951354980469,-4.00550994296065,-3.098414219753682,-98.03311247936921,6.3204226,0.6805459,13.994953,-4.533323,4.6133504,13.867736,13.620366,-20.908123,68.0848,11.740336,3.7393217,8.909063,-18.709908,-22.438267,32.390133,31.175081,-6.947913,4.5031257,-20.094662,-21.382492,3.995535,18.182024,8.432589,5.6121926,1.313088,18.96222,7.646088,-7.3576374,6.1450934,-20.55075,-2.5106697
148,-0.3549461364746094,-77.5168685913086,103.17471313476562,-3.1100746362255864,-2.8873033431683983,-98.40120834483201,6.5236235,-0.47356537,13.886929,-4.5165987,4.8246813,13.349626,13.610473,-21.397184,68.96793,12.031602,3.8701954,8.6163645,-18.213179,-22.158422,32.185238,30.882347,-6.946909,4.4556684,-20.394644,-21.375055,2.9787605,18.440947,8.988084,6.373672,3.797722,17.991951,6.274272,-7.26081,8.809224,-21.099533,-2.042027
149,-0.4771915674209595,-78.42243194580078,103.26372528076172,-2.2502121497973175,-2.707486207337248,-98.93060525647599,6.8359036,-1.5863552,13.785561,-4.4461226,5.080342,12.888116,13.593952,-21.789648,69.75365,12.384063,4.0544667,8.28335,-17.709267,-21.838934,32.060635,30.706385,-6.891442,4.4280562,-20.672123,-21.13185,2.084358,18.963755,9.257859,6.7698293,5.260808,16.442886,4.806574,-6.865129,12.654886,-21.88838,-1.5379978
150,-0.5878586769104004,-79.34037780761719,103.35781860351562,-1.3797064496824676,-2.5319486145121592,-99.58341529956759,7.227653,-2.7077687,13.688338,-4.3329053,5.376571,12.444018,13.565869,-22.107891,70.49605,12.806278,4.285582,7.916882,-17.187042,-21.48064,32.01065,30.633274,-6.7750387,4.4177723,-20.948065,-20.682863,1.2318512,19.700989,9.269697,6.8384185,6.073662,15.069031,3.3257709,-6.3316164,16.141893,-22.221876,-1.0066676
151,-0.6767264604568481,-80.25015258789062,103.45698547363281,-0.49374845327816214,-2.3776649862023675,-100.27597444896679,7.620335,-3.848373,13.615839,-4.1763487,5.6870284,12.006876,13.534942,-22.385311,71.20536,13.205597,4.515687,7.549661,-16.68341,-21.083324,32.04627,30.693373,-6.6101136,4.4070015,-21.188875,-20.093988,0.3743085,20.56669,9.136614,6.628932,6.4746327,13.764609,1.8408461,-5.6936493,19.49816,-22.248518,-0.45524302
152,-0.7761189341545105,-81.14165496826172,103.55603790283203,0.41493051047004725,-2.2676242263309487,-100.9305637127056,7.943092,-5.0153713,13.587043,-3.976258,5.986583,11.572194,13.517412,-22.65781,71.8805,13.484683,4.7001495,7.212133,-16.22833,-20.64491,32.177986,30.913206,-6.4069624,4.378589,-21.365282,-19.405888,-0.5321478,21.486523,8.944514,6.2214336,6.6392336,12.505338,0.36613217,-4.9803386,22.807678,-22.059141,0.10498549
153,-0.8911941051483154,-82.0186767578125,103.65176391601562,1.362973332382211,-2.204899522013395,-101.54740095079224,8.198817,-6.2308273,13.597576,-3.7331767,6.2644496,11.145933,13.526925,-22.927294,72.52186,13.596804,4.833881,6.9012465,-15.8141,-20.160915,32.40719,31.304531,-6.140548,4.3109326,-21.476946,-18.561712,-1.5206387,22.459126,8.649677,5.7044296,6.6677227,11.240509,-1.1168323,-4.1537023,26.166443,-21.777401,0.65760523
154,-1.0192877054214478,-82.89224243164062,103.7322769165039,2.3331627175115126,-2.173047506249021,-102.15518834429304,8.416258,-7.4769626,13.631108,-3.449124,6.5352526,10.732561,13.56442,-23.185663,73.11686,13.591965,4.943097,6.601272,-15.422642,-19.63002,32.722584,31.851885,-5.8171024,4.216811,-21.538883,-17.587805,-2.5675735,23.457771,8.235984,5.1723204,6.6338415,9.896674,-2.5967534,-3.1946316,29.659466,-21.471415,1.2071348
155,-1.1470530033111572,-83.7575912475586,103.80742645263672,3.2665979651089296,-2.1795711040826977,-102.72697593864018,8.571855,-8.683624,13.687007,-3.126208,6.8155556,10.32408,13.62541,-23.457039,73.65195,13.5171,5.0290103,6.324786,-15.067485,-19.059074,33.11173,32.542206,-5.4936957,4.1321096,-21.54002,-16.520826,-3.6394017,24.415586,7.6674275,4.710787,6.582737,8.557789,-3.993727,-2.1860483,33.11581,-20.911009,1.7779092
156,-1.2720837593078613,-84.61187744140625,103.88520812988281,4.108882869378363,-2.2339341969951447,-103.23802337072529,8.647068,-9.78429,13.764327,-2.771279,7.1222014,9.904993,13.701906,-23.775278,74.12334,13.415453,5.090678,6.0859003,-14.752723,-18.461473,33.558876,33.354706,-5.2256293,4.0944242,-21.472656,-15.385137,-4.669285,25.274385,6.9940653,4.314269,6.510797,7.2429757,-5.242608,-1.1956382,36.46715,-19.992739,2.3887613
157,-1.3857004642486572,-85.45256042480469,103.96660614013672,4.854765940663401,-2.363688987028909,-103.65628849806203,8.624968,-10.7703,13.875182,-2.3976736,7.4697175,9.454332,13.792375,-24.18195,74.57466,13.23696,5.1011176,5.8993607,-14.4463825,-17.8417,34.05425,34.287064,-5.003519,4.116602,-21.357544,-14.143025,-5.6670713,26.01439,6.193079,3.9942653,6.4208813,5.988958,-6.3296127,-0.27905867,39.72684,-18.616129,3.1403055
158,-1.495126485824585,-86.27720642089844,104.04912567138672,5.52655761809878,-2.5557216535018097,-104.00172128280411,8.525939,-11.667916,14.003478,-2.0077832,7.8495913,8.971658,13.895631,-24.67238,75.01283,12.969714,5.0667686,5.7550387,-14.135857,-17.203568,34.593407,35.337418,-4.8069596,4.179689,-21.193134,-12.990193,-6.5509243,26.634134,5.667862,3.5503664,6.308211,4.748639,-7.2811317,0.616104,42.970413,-16.85756,4.000288
159,-1.5747029781341553,-87.09009552001953,104.12915802001953,6.12195208615011,-2.761713408491664,-104.32935666513217,8.388503,-12.464062,14.116592,-1.5939555,8.237564,8.469821,14.000379,-25.203707,75.375694,12.722524,5.03614,5.6293507,-13.850013,-16.562635,35.172043,36.473,-4.664572,4.276688,-20.945053,-12.071446,-7.26369,27.164473,5.6335497,2.8746479,6.1950045,3.4458838,-8.099627,1.5671331,46.196026,-14.919642,4.7928553
160,-1.6232801675796509,-87.89958953857422,104.2038345336914,6.6416010033518225,-2.935011467963459,-104.69444485565847,8.249819,-13.14678,14.18935,-1.1462791,8.610876,7.9599056,14.090836,-25.721006,75.60483,12.6123905,5.0558887,5.5005937,-13.623624,-15.943603,35.793697,37.65803,-4.5996413,4.402983,-20.578058,-11.207667,-7.9075084,27.681011,5.6029615,2.2065802,6.094764,2.0055034,-8.79233,2.6423872,49.397472,-12.996978,5.345161
161,-1.629872441291809,-88.71285247802734,104.27789306640625,7.068509883536272,-3.0729078427927234,-105.12354525706347,8.121443,-13.686292,14.223378,-0.6448594,8.974534,7.4415674,14.148181,-26.220219,75.69071,12.695941,5.1513867,5.356999,-13.465778,-15.368445,36.47826,38.881794,-4.5973973,4.590078,-20.065168,-10.389578,-8.466145,28.201788,5.567616,1.5408899,6.0103555,0.37946233,-9.318868,3.920057,52.640522,-11.065396,5.5383816
162,-1.609622836112976,-89.51248168945312,104.348876953125,7.416928434898449,-3.199644153966132,-105.58183834092141,7.98247,-14.099814,14.236658,-0.10328026,9.336521,6.8960133,14.168064,-26.720263,75.68435,12.913949,5.286385,5.215521,-13.349096,-14.84559,37.22981,40.13931,-4.635375,4.836916,-19.437187,-9.602785,-8.950974,28.710064,5.5309744,0.8880611,5.9336886,-1.3778213,-9.687344,5.320857,55.91223,-9.035817,5.51561
163,-1.5663021802902222,-90.29769134521484,104.40789794921875,7.734539732067469,-3.3113215533139657,-106.03714688413069,7.826394,-14.441573,14.234022,0.43817073,9.67561,6.3094215,14.163897,-27.19995,75.60748,13.208918,5.4189415,5.095743,-13.257343,-14.377018,38.02555,41.403286,-4.727047,5.0893373,-18.743532,-8.215755,-9.798925,29.26184,4.0462737,0.95863366,5.8898005,-3.1841207,-9.987004,6.6842957,59.08449,-7.009812,5.4710364
164,-1.5123423337936401,-91.06912231445312,104.44910430908203,8.053824056200911,-3.405158272872743,-106.46039639110388,7.6487026,-14.754799,14.221789,0.94072574,9.968779,5.6803823,14.160304,-27.628935,75.459335,13.527001,5.5123906,5.0135193,-13.17718,-13.9591465,38.83869,42.64735,-4.8883553,5.291216,-18.029596,-7.082163,-10.560501,29.753828,3.0240927,0.8203326,5.8564286,-4.964869,-10.309036,7.8668466,62.033504,-5.0996227,5.5663266
165,-1.471604824066162,-91.8292236328125,104.47840881347656,8.379805882796035,-3.474478146959078,-106.88000043814931,7.473251,-15.045564,14.200072,1.4034295,10.192456,5.0193357,14.17403,-27.998354,75.195786,13.894239,5.572295,4.95484,-13.12833,-13.589491,39.682026,43.865738,-5.12707,5.4380164,-17.262123,-6.4517493,-11.0577755,30.202911,3.0547228,0.18244462,5.8096986,-6.765914,-10.67354,8.930065,64.78971,-3.1699305,5.8676214
166,-1.4265016317367554,-92.56709289550781,104.49445343017578,8.679867006836949,-3.5228031476287907,-107.29859063076135,7.2927384,-15.281624,14.167115,1.8449548,10.360499,4.340511,14.208761,-28.316935,74.79424,14.326922,5.6228113,4.910039,-13.114176,-13.26691,40.563725,45.068108,-5.4321203,5.553176,-16.4296,-5.897502,-11.512906,30.641169,3.1550333,-0.46639583,5.7681694,-8.617957,-11.030643,9.92494,67.41139,-1.2198222,6.2441635
167,-1.3757330179214478,-93.2786636352539,104.49903869628906,8.950213683232958,-3.571952363327257,-107.65552218817824,7.068955,-15.468618,14.13758,2.2511358,10.506823,3.6411686,14.271693,-28.586493,74.289055,14.756321,5.655219,4.9012065,-13.092434,-12.983986,41.441895,46.24336,-5.793718,5.6252656,-15.611086,-5.300169,-11.993481,31.022892,3.0871196,-1.0034319,5.737558,-10.430199,-11.423206,10.704072,69.832184,0.4203827,6.5366106
168,-1.3294315338134766,-93.97254943847656,104.50094604492188,9.198411271037884,-3.647549580078435,-107.89500487844187,6.771949,-15.62272,14.130998,2.6058073,10.664588,2.918454,14.372141,-28.813059,73.714226,15.112225,5.6625333,4.9495354,-13.019461,-12.730313,42.262638,47.38573,-6.211236,5.6409883,-14.881337,-4.8675222,-12.357117,31.290154,3.4093876,-1.7056026,5.7056694,-12.111304,-11.922371,11.119505,71.99402,1.4103956,6.579704
169,-1.2997570037841797,-94.65850830078125,104.50273895263672,9.422415532378354,-3.7447718374826993,-107.97585760630204,6.3674445,-15.755337,14.135633,2.8997853,10.829884,2.1620965,14.522607,-29.012463,73.06062,15.357157,5.647169,5.0438914,-12.890697,-12.496458,43.00991,48.487736,-6.7405105,5.57746,-14.218648,-4.268615,-12.811244,31.42814,3.347856,-2.1897216,5.6781983,-13.6548,-12.637926,11.02803,73.89943,1.4680691,6.2909884
170,-1.2850552797317505,-95.33250427246094,104.49986267089844,9.625197355035805,-3.8584228622015777,-107.93812357867222,5.886957,-15.86387,14.150266,3.13915,10.98989,1.3812529,14.727104,-29.187551,72.299644,15.527975,5.618249,5.1736856,-12.727861,-12.278266,43.697193,49.562027,-7.3735404,5.442598,-13.594748,-3.6725345,-13.24628,31.46195,3.288604,-2.6475196,5.6498513,-15.102189,-13.546014,10.552275,75.58874,0.8201012,5.756399
171,-1.2747488021850586,-96.00041198730469,104.49996948242188,9.7837826772936,-4.00193437268813,-107.83290704598883,5.380218,-15.91965,14.190211,3.3312674,11.157605,0.5987491,14.977144,-29.32077,71.44256,15.668734,5.5778112,5.3633714,-12.526165,-12.0744295,44.31705,50.632313,-8.013551,5.273814,-13.07514,-3.066471,-13.624285,31.426815,3.257386,-3.1031628,5.612118,-16.44752,-14.479048,9.913542,77.06413,-0.11008833,5.061433
172,-1.258915901184082,-96.66412353515625,104.51153564453125,9.87472416018943,-4.18610405887621,-107.71152912484408,4.8972564,-15.891255,14.270388,3.4834583,11.353969,-0.1696818,15.256556,-29.3929,70.51498,15.826864,5.52406,5.6399,-12.277265,-11.885455,44.859932,51.718987,-8.56612,5.1120133,-12.724506,-2.3904426,-13.940137,31.359848,3.1627798,-3.5232763,5.5576973,-17.694445,-15.262196,9.318068,78.32541,-0.89042056,4.280978
173,-1.2224277257919312,-97.3192367553711,104.53857421875,9.888992189847034,-4.428446798837164,-107.57457332609755,4.4443626,-15.763536,14.409904,3.58794,11.584541,-0.9438593,15.554698,-29.407782,69.54727,16.040527,5.4326077,6.041334,-11.980066,-11.713839,45.330338,52.841087,-9.045074,4.940388,-12.5828285,-1.7500982,-14.111563,31.258654,3.289684,-4.0509663,5.487355,-18.833467,-15.871733,8.7598,79.37168,-1.4633989,3.3335443
174,-1.1774086952209473,-97.96250915527344,104.57694244384766,9.837383592209454,-4.7173008657392845,-107.39771974071492,3.9969015,-15.554391,14.594546,3.6423886,11.841376,-1.7368473,15.869866,-29.374842,68.542786,16.280073,5.3077497,6.547079,-11.637891,-11.559989,45.730827,53.983162,-9.487697,4.7513647,-12.609122,-1.0840678,-14.196573,31.11134,3.4554727,-4.5872855,5.404067,-19.858063,-16.381205,8.139252,80.20063,-2.0404618,2.2253888
175,-1.1262980699539185,-98.60506439208984,104.62416076660156,9.739721392340588,-5.018778439654545,-107.20037065601011,3.5619884,-15.290385,14.793243,3.6638768,12.120717,-2.520646,16.198923,-29.279346,67.48741,16.491217,5.190859,7.097564,-11.253717,-11.42313,46.04925,55.1239,-9.838632,4.5967116,-12.7414875,-0.36591583,-14.253646,30.94086,3.528431,-5.0727234,5.314979,-20.78654,-16.774881,7.5196667,80.81272,-2.5852613,1.1496029
176,-1.0803333520889282,-99.23290252685547,104.67329406738281,9.616458521242553,-5.302291617353795,-107.00486566770118,3.1481562,-14.998847,14.977038,3.6715996,12.418754,-3.2651074,16.538248,-29.10034,66.36505,16.62265,5.1219726,7.6335063,-10.830524,-11.300819,46.273346,56.24075,-10.043081,4.526882,-12.917538,0.2992748,-14.254736,30.770298,3.6596646,-5.570251,5.2215114,-21.636396,-17.043392,6.96558,81.203094,-3.0540347,0.2967545
177,-1.0348151922225952,-99.8740234375,104.73272705078125,9.4653206527823,-5.569652478942358,-106.812449952085,2.7584026,-14.674473,15.14585,3.669358,12.748947,-3.9751322,16.885092,-28.824903,65.182594,16.676563,5.114392,8.17043,-10.363731,-11.19028,46.398956,57.342705,-10.099969,4.5728464,-13.157296,0.9998531,-14.249315,30.601295,3.688133,-6.0189786,5.124004,-22.409634,-17.18756,6.4625635,81.37737,-3.4122097,-0.2795391
178,-0.9862017035484314,-100.51644134521484,104.79383850097656,9.280948727291545,-5.835434115194937,-106.61609756317914,2.3897152,-14.309458,15.315529,3.6487527,13.108703,-4.665035,17.238842,-28.462072,63.95062,16.678707,5.1445613,8.730773,-9.855639,-11.090307,46.432274,58.441082,-10.035072,4.699007,-13.481963,1.6255732,-14.157265,30.426699,3.8861883,-6.54637,5.0202227,-23.094276,-17.212238,5.98093,81.32785,-3.678811,-0.67997324
179,-0.9383042454719543,-101.1506576538086,104.855224609375,9.066724842890514,-6.080859877974821,-106.41631254414483,2.0322762,-13.915125,15.470355,3.6116142,13.473221,-5.3180842,17.600237,-28.022518,62.656807,16.609728,5.196827,9.265448,-9.320679,-11.002035,46.377895,59.518135,-9.834175,4.8541484,-13.829781,2.263864,-14.049393,30.252481,3.9914176,-7.0167384,4.9142003,-23.710178,-17.093235,5.5558825,81.06065,-3.9039502,-0.9529807
180,-0.8965121507644653,-101.78116607666016,104.92135620117188,8.827781086073095,-6.289907564096809,-106.21671121405969,1.6795896,-13.504078,15.598756,3.5601974,13.823434,-5.9154987,17.97119,-27.516125,61.285213,16.44987,5.2552643,9.725028,-8.771325,-10.92775,46.24032,60.549015,-9.483205,4.98902,-14.138596,2.8836505,-13.917959,30.085943,4.0418906,-7.449891,4.802835,-24.276793,-16.81056,5.22954,80.5851,-4.1426373,-1.1450413
181,-0.8618194460868835,-102.4245834350586,104.99034118652344,8.55903562758891,-6.457668592143643,-106.01384894860156,1.3302171,-13.070161,15.695932,3.4884949,14.160958,-6.445846,18.353586,-26.919508,59.81424,16.155178,5.323354,10.104128,-8.195749,-10.87004,45.998974,61.52385,-8.941613,5.10801,-14.418524,3.46498,-13.744946,29.924854,4.092071,-7.8807445,4.682898,-24.801119,-16.322027,5.038942,79.898155,-4.3956647,-1.2508683
182,-0.8273540735244751,-103.0711898803711,105.06322479248047,8.261420987772883,-6.592718149868812,-105.8083863673594,0.9884466,-12.609733,15.771737,3.3982449,14.493702,-6.9189854,18.747423,-26.232258,58.252598,15.748256,5.407963,10.427178,-7.5898466,-10.82986,45.657314,62.446163,-8.230664,5.2313557,-14.693272,4.011722,-13.533983,29.768347,4.1435757,-8.3078985,4.558835,-25.2741,-15.652614,4.955046,78.996605,-4.637154,-1.2554892
183,-0.7932073473930359,-103.71168518066406,105.1383056640625,7.945402202409471,-6.700313458412717,-105.6086101702369,0.65498906,-12.137554,15.833023,3.3033106,14.804345,-7.34919,19.151196,-25.503448,56.63687,15.304465,5.496269,10.691052,-6.979825,-10.807641,45.260235,63.316593,-7.4271636,5.3346806,-14.920323,4.57926,-13.328249,29.625818,4.070428,-8.665182,4.4332123,-25.690588,-14.88844,4.920428,77.88407,-4.879518,-1.191199
184,-0.7719645500183105,-104.34998321533203,105.21075439453125,7.627277342363893,-6.787515625315644,-105.42550198380007,0.33443242,-11.670676,15.896131,3.214316,15.0,-7.7528806,19.56398,-24.786818,55.001034,14.895723,5.5748925,10.895468,-6.3952384,-10.8052,44.85502,64.1375,-6.6059704,5.3947005,-15.060373,5.068248,-13.072309,29.504936,4.1298575,-9.082388,4.295327,-26.042854,-14.11153,4.880282,76.56236,-5.1334596,-1.0871098
185,-0.7456822395324707,-104.98737335205078,105.28227996826172,7.300494351196362,-6.850329309020183,-105.26096293404787,0.02630846,-11.19927,15.965403,3.13153,15.0,-8.12867,19.985043,-24.080433,53.334972,14.518587,5.638212,11.031064,-5.8428116,-10.825361,44.432205,64.91039,-5.715286,5.4017277,-15.08521,5.622211,-12.859785,29.412333,3.9764109,-9.391836,4.15879,-26.331406,-13.2944355,4.85339,75.01968,-5.411918,-0.9202768
186,-0.7115484476089478,-105.6269302368164,105.35388946533203,6.96175984907569,-6.891308599760591,-105.11272391478025,-0.2668262,-10.7204075,16.023655,3.05407,15.0,-8.470143,20.412453,-23.370262,51.643444,14.135336,5.6911407,11.101017,-5.2993693,-10.86859,43.977516,65.63388,-4.7361584,5.3746266,-15.015309,6.034142,-12.563754,29.33878,4.097882,-9.837875,4.0188327,-26.555992,-12.4191265,4.8645034,73.25653,-5.706289,-0.6888305
187,-0.688249409198761,-106.26807403564453,105.42131805419922,6.6271319176743795,-6.911096873158107,-104.97205944412298,-0.5483384,-10.247797,16.06903,2.9770896,15.0,-8.797158,20.844002,-22.691256,49.967716,13.767078,5.735906,11.131944,-4.7620583,-10.931501,43.530388,66.29751,-3.7903173,5.3327274,-14.8996525,6.521017,-12.320015,29.281456,4.0017533,-10.174159,3.8747342,-26.717403,-11.560629,4.8473144,71.28934,-5.990536,-0.4526339
188,-0.6722825765609741,-106.91352844238281,105.48040771484375,6.312030411058425,-6.916755215030516,-104.8364839630934,-0.81431884,-9.800075,16.103247,2.895107,15.0,-9.132994,21.277647,-22.08665,48.354088,13.429875,5.7739925,11.1526165,-4.2337246,-11.008224,43.136646,66.90292,-2.9937787,5.2901235,-14.789773,6.913269,-12.04595,29.227583,4.0919213,-10.602335,3.7279675,-26.812275,-10.792821,4.7426863,69.13474,-6.2391667,-0.26414204
189,-0.6574361324310303,-107.54873657226562,105.52982330322266,6.015930095028303,-6.910377460727917,-104.70231693137882,-1.0657178,-9.377445,16.123802,2.8060994,15.0,-9.489142,21.713608,-21.57391,46.81344,13.101664,5.80075,11.163616,-3.7203214,-11.094469,42.81143,67.46843,-2.3403058,5.2344284,-14.685422,7.3296633,-11.817309,29.17845,4.08209,-10.974994,3.587947,-26.838655,-10.119323,4.5393386,66.78357,-6.4729247,-0.11630227
190,-0.6471830606460571,-108.19452667236328,105.57231903076172,5.734207859008114,-6.889919983970773,-104.574051241506,-1.3016123,-8.972576,16.12945,2.7128055,15.0,-9.855086,22.152489,-21.135902,45.328934,12.778402,5.8153195,11.155135,-3.2244456,-11.188398,42.53447,68.00236,-1.7762573,5.160512,-14.565429,7.7064877,-11.585261,29.13615,4.142342,-11.387231,3.4458253,-26.795649,-9.499677,4.2691965,64.226776,-6.6931987,0.01923103
191,-0.6370235681533813,-108.843505859375,105.60565185546875,5.464377240845966,-6.8473680005266555,-104.45198096020583,-1.5244731,-8.584336,16.117128,2.6182563,15.0,-10.221243,22.592579,-20.76027,43.90137,12.506095,5.8249316,11.138881,-2.7443655,-11.287061,42.29623,68.49031,-1.3483753,5.0913243,-14.452213,8.124585,-11.404387,29.103062,4.05874,-11.730049,3.3084128,-26.693403,-8.928313,3.9266124,61.48091,-6.8412576,0.12262624
192,-0.6316142082214355,-109.4970703125,105.6336898803711,5.210328401766534,-6.778004898727663,-104.33994135500534,-1.7334665,-8.2137985,16.086182,2.5250416,15.0,-10.578378,23.030573,-20.434698,42.534508,12.331249,5.835526,11.127292,-2.2790043,-11.386329,42.08803,68.919014,-1.1022772,5.0491524,-14.368909,8.482036,-11.219242,29.074427,4.0496373,-12.1082945,3.171319,-26.535528,-8.401562,3.5092294,58.56038,-6.863319,0.17626846
193,-0.6346149444580078,-110.16129302978516,105.65674591064453,4.965812155526027,-6.667280407618451,-104.23919080831226,-1.9291922,-7.856575,16.024431,2.4351358,15.0,-10.927072,23.464468,-20.159933,41.23211,12.281086,5.837462,11.120925,-1.8348207,-11.483093,41.916786,69.29677,-1.0931748,5.0358186,-14.333366,8.824436,-11.0550585,29.05298,3.9829648,-12.457463,3.0333407,-26.344059,-7.922121,2.9880211,55.434986,-6.719047,0.11541925
194,-0.6351196765899658,-110.8282699584961,105.67576599121094,4.734135803814638,-6.5233452740919295,-104.14956359912726,-2.1106095,-7.5129266,15.936405,2.347609,15.0,-11.268495,23.894186,-19.935822,39.98987,12.330859,5.8298097,11.113408,-1.4147568,-11.575574,41.78476,69.63586,-1.2834581,5.03872,-14.330399,9.079777,-10.877643,29.03339,4.029951,-12.86108,2.900157,-26.104166,-7.4763427,2.3723102,52.104156,-6.447399,-0.01946596
195,-0.63880854845047,-111.49652862548828,105.6855697631836,4.518648034133099,-6.371238386255055,-104.06728323512914,-2.2798204,-7.1901073,15.841346,2.2611094,15.0,-11.596076,24.319208,-19.749298,38.8014,12.449132,5.8327737,11.105332,-1.0138303,-11.663277,41.676243,69.93559,-1.581058,5.056458,-14.33288,9.303663,-10.703854,29.017906,4.128213,-13.289773,2.7671356,-25.782452,-7.0390515,1.7183995,48.627373,-6.105804,-0.09662643
196,-0.6522446274757385,-112.17180633544922,105.68601989746094,4.324093923682492,-6.234704077828307,-103.9866084484827,-2.4402204,-6.893519,15.7591,2.1738856,15.0,-11.903077,24.738472,-19.585283,37.65927,12.60591,5.866481,11.096698,-0.6241052,-11.746175,41.57189,70.18905,-1.8959033,5.0885644,-14.313401,9.638413,-10.600451,29.014154,4.0326633,-13.631599,2.629791,-25.343271,-6.5937705,1.0831231,45.055946,-5.750807,0.00897688
197,-0.6748479008674622,-112.84703063964844,105.6758041381836,4.1573373340908075,-6.116982380326163,-103.90821968756848,-2.5903475,-6.6301565,15.691418,2.0836768,15.0,-12.189663,25.151793,-19.443277,36.55702,12.827065,5.945626,11.084066,-0.24087898,-11.823738,41.476807,70.38965,-2.2656872,5.14565,-14.265437,9.936514,-10.490057,29.010387,4.0741067,-14.045292,2.4872248,-24.750917,-6.1594715,0.4349359,41.281506,-5.376284,0.34669957
198,-0.7080870866775513,-113.5295181274414,105.65451049804688,4.012530210300498,-6.006830410696901,-103.83175556297715,-2.7319412,-6.3957577,15.628608,1.992504,15.0,-12.456565,25.559286,-19.326794,35.49682,13.120207,6.0569053,11.066554,0.1304789,-11.895835,41.397106,70.543846,-2.7192016,5.223851,-14.202999,10.266662,-10.410689,29.01121,4.0786505,-14.447651,2.3396254,-24.017086,-5.7371683,-0.24432106,37.281147,-4.945077,0.8432705
199,-0.7450542449951172,-114.22022247314453,105.61888122558594,3.885954151088637,-5.9123074137190486,-103.75574423936692,-2.8676476,-6.1844397,15.579478,1.9033681,15.0,-12.698028,25.960045,-19.227303,34.48512,13.428758,6.177892,11.048006,0.48589745,-11.963782,41.31217,70.65943,-3.154619,5.301299,-14.129824,10.615014,-10.349187,29.016445,4.0969596,-14.865785,2.1888483,-23.193958,-5.303562,-0.8629066,33.248722,-4.4625854,1.4262817
200,-0.7778569459915161,-114.92529296875,105.5716781616211,3.7731355592728435,-5.843838060098683,-103.67979819389036,-2.9973514,-5.9923387,15.555424,1.8185234,15.0,-12.909647,26.351954,-19.136276,33.529564,13.697017,6.2863975,11.032157,0.82325345,-12.030591,41.197277,70.74197,-3.472482,5.3567166,-14.049584,10.816847,-10.201342,29.015638,4.540521,-15.510037,2.0312588,-22.34715,-4.84997,-1.322363,29.405825,-3.950135,2.016027
201,-0.8135995864868164,-115.61708068847656,105.5090103149414,3.6860155090887416,-5.811336469620232,-103.60291761499839,-3.1220481,-5.8333044,15.566345,1.7354063,15.0,-13.09722,26.736437,-19.05332,32.62947,13.934014,6.3848476,11.012599,1.1479807,-12.098829,41.031197,70.773445,-3.645647,5.3960195,-13.9492855,11.068388,-10.090498,29.022831,4.9509563,-16.13849,1.8725535,-21.454237,-4.3940816,-1.5435717,25.702505,-3.4731925,2.5469484
202,-0.8715139031410217,-116.30815124511719,105.43802642822266,3.628350828689317,-5.811128088686551,-103.52069985555073,-3.2430444,-5.71015,15.607955,1.6507802,15.0,-13.263139,27.113497,-18.985107,31.780104,14.161574,6.4839287,10.98894,1.4649618,-12.170415,40.823753,70.74937,-3.7323263,5.428336,-13.831018,11.306908,-9.97022,29.028442,5.4825234,-16.82937,1.6985034,-20.496054,-3.968884,-1.5976799,22.060747,-3.0100415,3.0590472
203,-0.9304805397987366,-117.00740051269531,105.36007690429688,3.579583657235664,-5.825742284335344,-103.42434812807429,-3.365256,-5.600396,15.660757,1.5651225,15.0,-13.397966,27.476925,-18.930387,30.991121,14.344404,6.5709577,10.973144,1.7762629,-12.245816,40.599506,70.68853,-3.7574103,5.4406466,-13.722154,11.785305,-9.987337,29.04342,5.520288,-17.283985,1.528716,-19.518616,-3.5876353,-1.6230915,18.63412,-2.4517043,3.637078
204,-0.9883344173431396,-117.7134017944336,105.27619934082031,3.523868902927776,-5.835126043189383,-103.30747334923957,-3.4926314,-5.481358,15.703823,1.480321,15.0,-13.489716,27.816565,-18.882603,30.272955,14.452226,6.633008,10.978022,2.08136,-12.324537,40.386883,70.615425,-3.7431762,5.41895,-13.650732,12.2708025,-9.999638,29.040604,5.5406113,-17.731794,1.3597752,-18.602674,-3.246951,-1.7427725,15.623268,-1.7007705,4.3748975
205,-1.0563451051712036,-118.43252563476562,105.1878433227539,3.4662111120355403,-5.833053464377692,-103.1642608860752,-3.6279483,-5.359227,15.729617,1.3923558,15.0,-13.550497,28.127972,-18.842646,29.638939,14.481604,6.6564937,10.9961405,2.3859005,-12.406426,40.197964,70.53545,-3.6510668,5.335834,-13.643389,12.749441,-9.998985,29.015533,5.564237,-18.180614,1.1850089,-17.750875,-2.9440887,-2.0326867,13.036042,-0.66015625,5.485007
206,-1.1186619997024536,-119.16077423095703,105.0882797241211,3.4180909779780553,-5.830578882415357,-102.99933095762024,-3.769973,-5.246493,15.74749,1.3026584,15.0,-13.581909,28.41006,-18.808298,29.085154,14.454404,6.651096,11.024096,2.6856747,-12.492542,40.022243,70.44371,-3.4794407,5.204981,-13.679289,13.230635,-10.010816,28.970612,5.5932455,-18.63831,1.0156211,-17.02666,-2.673434,-2.3017352,10.951773,0.66178876,6.7027907
207,-1.16612708568573,-119.8985824584961,104.9804916381836,3.350258083730631,-5.819953308440231,-102.83902138039345,-3.9000044,-5.1089597,15.754702,1.2206751,15.0,-13.560638,28.655005,-18.765448,28.602549,14.379427,6.63325,11.078388,2.9617133,-12.582142,39.8539,70.345436,-3.306784,5.075286,-13.715462,13.706642,-10.008094,28.930809,5.626361,-19.104479,0.8506264,-16.532724,-2.4038298,-2.3265183,9.576234,2.149885,7.4207644
208,-1.2134548425674438,-120.62982177734375,104.8878173828125,3.212238605585771,-5.791368620076995,-102.72160181979343,-3.987846,-4.8885293,15.748052,1.1558295,15.0,-13.468565,28.84317,-18.69592,28.195868,14.275582,6.6142616,11.17654,3.1862428,-12.670259,39.69135,70.26177,-3.207922,4.991618,-13.711628,14.16314,-9.920993,28.941519,5.6606064,-19.56166,0.66939294,-16.381721,-2.081537,-1.9618986,9.10295,3.6060395,7.152185
209,-1.2454700469970703,-121.37061309814453,104.81442260742188,2.9564056810495876,-5.730163194564614,-102.66673132437882,-4.0116982,-4.5288773,15.702672,1.111373,15.0,-13.326926,28.932526,-18.608017,27.927559,14.149911,6.5725274,11.333524,3.3337896,-12.731157,39.548035,70.257774,-3.192062,4.956308,-13.652468,14.592417,-9.705837,29.029457,5.698506,-20.021727,0.46971646,-16.519676,-1.6540489,-1.2547582,9.498332,5.059197,5.9788585
210,-1.2823729515075684,-122.12147521972656,104.76412963867188,2.6046502399366176,-5.645449945540421,-102.65678750216131,-3.9952939,-4.063411,15.656834,1.0914998,15.0,-13.076715,29.00212,-18.463173,27.667366,13.971234,6.5254726,11.521817,3.4599986,-12.820804,39.355656,70.18887,-3.285692,4.979684,-13.541715,15.005787,-9.374395,29.182297,5.742313,-20.482056,0.24252701,-16.892448,-1.1248095,-0.4421839,10.634154,6.284182,4.3214393
211,-1.3127655982971191,-122.88260650634766,104.70967102050781,2.2199002446221607,-5.56399631376019,-102.66309730242145,-3.9538598,-3.5581968,15.612814,1.0714741,15.0,-12.776871,29.00965,-18.302162,27.489622,13.788958,6.4845195,11.73276,3.5530577,-12.90873,39.187515,70.11846,-3.3905787,5.0218945,-13.432303,15.429405,-9.010623,29.365501,5.7940984,-20.94914,0.007887948,-17.334997,-0.54788464,0.23852625,12.133835,6.949108,2.414806
212,-1.3441921472549438,-123.64454650878906,104.66126251220703,1.8497550673005474,-5.5036594946620045,-102.66890116924647,-3.898267,-3.06731,15.595751,1.0337878,15.0,-12.430524,28.952942,-18.10928,27.37144,13.650787,6.4715548,11.937328,3.6306064,-13.002188,39.038403,70.011406,-3.4848182,5.06996,-13.358503,15.862487,-8.649569,29.5595,5.8537116,-21.37701,-0.2293177,-17.5893,0.02421925,0.6370654,13.395096,7.1076093,0.4861712
213,-1.3770440816879272,-124.4156265258789,104.6060562133789,1.4774508282814653,-5.461575473010398,-102.6855252735765,-3.8171978,-2.5789087,15.596786,0.9768956,15.0,-12.035347,28.834356,-17.891623,27.3136,13.569558,6.504207,12.142159,3.6829305,-13.084241,38.92424,69.89901,-3.5650299,5.1172876,-13.34014,16.317144,-8.292837,29.780794,5.920486,-21.698402,-0.43586197,-17.93961,0.63205487,0.8763173,14.858133,6.6427484,-1.3909072
214,-1.4255255460739136,-125.18704986572266,104.57923126220703,1.0971860934536855,-5.43335799144361,-102.70282663806535,-3.7253993,-2.0831401,15.60791,0.9113556,15.0,-11.581791,28.655275,-17.642305,27.312979,13.524387,6.5700808,12.350651,3.7062347,-13.154535,38.83579,69.78693,-3.6510165,5.1719494,-13.354304,16.790686,-7.9214344,30.023296,5.991963,-21.809801,-0.61068285,-18.276918,1.263436,1.0030583,16.523298,5.689391,-2.9463713
215,-1.4779620170593262,-125.94585418701172,104.57659912109375,0.7244422397715029,-5.420224412366028,-102.69700945237854,-3.6440196,-1.6002232,15.636694,0.8363621,15.0,-11.093338,28.420906,-17.385704,27.383001,13.479062,6.6441026,12.560742,3.6938822,-13.214936,38.773502,69.67601,-3.7162318,5.2195935,-13.3815365,17.272905,-7.5422506,30.263922,6.075136,-21.607475,-0.763256,-18.478867,1.8557179,1.0187159,18.058987,4.580873,-4.0009003
216,-1.5583959817886353,-126.69883728027344,104.60375213623047,0.36372210320115006,-5.415531192894173,-102.65178688522755,-3.5845778,-1.1349146,15.6866455,0.7487485,15.0,-10.600995,28.139116,-17.155874,27.543447,13.391107,6.699471,12.774444,3.6411304,-13.267869,38.736588,69.56248,-3.733199,5.246615,-13.4031315,16.909132,-6.6372724,30.36898,8.093516,-21.926115,-0.94328696,-18.563286,2.3643334,0.9471977,19.266582,3.6033454,-4.6006517
217,-1.629652976989746,-127.46349334716797,104.64151763916016,-0.010454996755158203,-5.401189006431376,-102.57120659968055,-3.5417418,-0.65960646,15.754866,0.64537185,15.0,-10.106957,27.81349,-16.962904,27.786493,13.226664,6.7403436,13.004697,3.542181,-13.315717,38.72104,69.44736,-3.6751492,5.2421584,-13.42148,15.846009,-5.278363,30.337963,11.676132,-22.547941,-1.1857979,-18.439058,2.78796,0.77548295,19.9672,2.8865693,-4.8715067
218,-1.6798876523971558,-128.2274169921875,104.67124938964844,-0.4058943149199167,-5.3789290761421205,-102.46736840276704,-3.5035782,-0.16635342,15.836778,0.5261844,15.0,-9.6043005,27.444813,-16.802145,28.108643,13.006011,6.7762814,13.251003,3.404483,-13.358625,38.724743,69.324165,-3.5638254,5.217315,-13.443624,14.853612,-3.9331539,30.280958,15.072328,-22.67058,-1.4995519,-18.148645,3.1254692,0.54048675,20.441473,2.2201376,-4.9396462
219,-1.7389917373657227,-128.9755859375,104.71053314208984,-0.7922155667510861,-5.368315435910389,-102.33822190876346,-3.4696321,0.312102,15.93188,0.39242914,15.0,-9.111585,27.039284,-16.686565,28.537245,12.769222,6.7890434,13.495928,3.2398424,-13.396794,38.74877,69.18592,-3.444403,5.1883554,-13.458375,13.87206,-2.5948966,30.149601,18.421755,-22.420977,-1.8911806,-17.77858,3.4410346,0.25709918,20.780916,1.6119447,-4.9529366
220,-1.8113583326339722,-129.72885131835938,104.74336242675781,-1.1388677363670299,-5.390554844129668,-102.1797998035436,-3.4394145,0.74361175,16.040022,0.24378428,15.0,-8.647328,26.607157,-16.633522,29.098547,12.551731,6.7620344,13.725023,3.0623717,-13.429411,38.793346,69.02145,-3.3623571,5.1727853,-13.454307,12.868144,-1.2742152,29.886436,21.80686,-21.94205,-2.3455186,-17.397413,3.7066286,-0.030046545,21.192863,0.92487043,-4.9571285
221,-1.9052015542984009,-130.46517944335938,104.76641845703125,-1.4150240179695301,-5.449939566510596,-101.98002146581634,-3.4201336,1.0937157,16.1561,0.07788705,15.0,-8.20525,26.157148,-16.649422,29.807734,12.340664,6.6726832,13.955531,2.8810933,-13.452588,38.857155,68.826935,-3.3275273,5.179349,-13.426917,11.806558,0.006254048,29.44272,25.316532,-21.429451,-2.89168,-17.038322,3.8912046,-0.30789497,21.728828,0.13273208,-4.9499893
222,-2.007364273071289,-131.19927978515625,104.791259765625,-1.6437537493012784,-5.535742915930368,-101.74667221515806,-3.4077501,1.3855596,16.28271,-0.10365614,15.0,-7.7744718,25.692926,-16.729294,30.641695,12.115427,6.538325,14.192452,2.684592,-13.464806,38.940125,68.611145,-3.3177323,5.1962395,-13.382352,10.67939,1.2640202,28.85125,28.948969,-20.962032,-3.4996943,-16.652939,4.010188,-0.59851164,22.283354,-0.7034567,-4.903498
223,-2.107985019683838,-131.91754150390625,104.81001281738281,-1.876835882967368,-5.646342498435417,-101.502959146726,-3.3872237,1.6741753,16.43022,-0.2947339,15.0,-7.364416,25.216932,-16.871645,31.56809,11.900013,6.404115,14.403553,2.4566395,-13.471713,39.0449,68.38175,-3.3303387,5.210704,-13.325114,9.470446,2.5568192,28.165129,32.67579,-20.31145,-4.0588202,-16.21913,4.1308312,-0.9139209,22.788511,-1.522305,-4.849853
224,-2.197190523147583,-132.63003540039062,104.82186889648438,-2.1635249706461583,-5.778787099868116,-101.27159705284056,-3.3444347,2.0149174,16.608198,-0.49029112,15.0,-6.9859614,24.730484,-17.075912,32.556988,11.717521,6.315245,14.557289,2.1855197,-13.484225,39.172924,68.13809,-3.361469,5.2123547,-13.258548,8.195368,3.9275937,27.440607,36.430305,-19.380775,-4.487589,-15.702004,4.315892,-1.2644342,23.1758,-2.2767866,-4.8163314
225,-2.2721498012542725,-133.3240966796875,104.8287124633789,-2.5238530759879763,-5.946513120985223,-101.05630497496091,-3.2759485,2.4314146,16.83325,-0.68934536,15.0,-6.636931,24.232225,-17.349562,33.616943,11.55256,6.277659,14.665174,1.8746634,-13.5112705,39.327446,67.870125,-3.3972628,5.2001424,-13.182804,6.759301,5.42907,26.678364,40.35374,-18.085903,-4.8750405,-15.060362,4.5940146,-1.6642783,23.381655,-2.9275591,-4.812667
226,-2.3478481769561768,-134.0162811279297,104.8272705078125,-2.925208153801731,-6.146152658709998,-100.84559055298662,-3.189146,2.8900237,17.09526,-0.895999,15.0,-6.309611,23.72183,-17.690477,34.75826,11.3976555,6.268889,14.740144,1.5368059,-13.555383,39.506187,67.56092,-3.4413793,5.185781,-13.094432,5.2897406,6.969673,25.87551,44.308582,-16.441896,-5.2836447,-14.341726,4.929627,-2.0972176,23.50983,-3.5460794,-4.825367
227,-2.425755262374878,-134.6988067626953,104.81906127929688,-3.34512166249504,-6.34911143895897,-100.63633451113863,-3.0877035,3.3644943,17.364393,-1.1106174,15.0,-6.0097003,23.203114,-18.082354,35.954914,11.28774,6.2923203,14.749904,1.1730927,-13.61858,39.703754,67.20131,-3.5179358,5.177237,-12.991534,3.7028067,8.506859,24.966206,48.26943,-14.617878,-5.513257,-13.595078,5.2999115,-2.5381916,23.575632,-4.1295614,-4.847254
228,-2.5082359313964844,-135.3797607421875,104.80154418945312,-3.759156454683151,-6.527588787002079,-100.42703025150493,-2.9764974,3.8277962,17.612862,-1.3312689,15.0,-5.7404866,22.682367,-18.505262,37.176025,11.256738,6.3518147,14.660932,0.78264296,-13.7017355,39.916275,66.78074,-3.6510057,5.182446,-12.871451,1.9693925,9.990354,23.918205,52.150173,-12.766003,-5.3601465,-12.885939,5.674871,-2.9604533,23.649254,-4.713663,-4.869829
229,-2.5895743370056152,-136.05047607421875,104.77606201171875,-4.179518943289795,-6.685595732511211,-100.20915435761441,-2.8641784,4.2908306,17.84757,-1.5590833,15.0,-5.5081577,22.163164,-18.96223,38.421238,11.31311,6.47063,14.452553,0.3620736,-13.80578,40.153046,66.2877,-3.857515,5.2093577,-12.720053,-0.010830264,11.437745,22.608778,56.08705,-10.817894,-4.5587964,-12.197111,6.0646133,-3.376152,23.699858,-5.2822824,-4.893234
230,-2.667614698410034,-136.7105712890625,104.73959350585938,-4.612049982076297,-6.834526995503962,-99.98713899014726,-2.747595,4.7585363,18.07949,-1.7912647,15.0,-5.304387,21.646221,-19.457792,39.700237,11.435449,6.640027,14.146638,-0.088442706,-13.931354,40.417023,65.72676,-4.1197453,5.2522197,-12.541365,-2.203136,12.849278,21.114828,60.065178,-8.688671,-3.3093932,-11.518041,6.4755816,-3.788828,23.731432,-5.8371115,-4.9191356
231,-2.7397301197052,-137.36209106445312,104.69026184082031,-5.021386908483273,-6.95815925861609,-99.77927415204572,-2.6141603,5.1956425,18.289242,-2.0195067,15.0,-5.110661,21.13431,-19.972197,40.99359,11.613556,6.816085,13.771492,-0.5652703,-14.077732,40.69483,65.11348,-4.4112287,5.297627,-12.360562,-4.4184203,14.187328,19.69868,63.800316,-6.553396,-2.064318,-10.911368,6.865462,-4.163335,23.823204,-6.406916,-4.9378386
232,-2.8268511295318604,-137.99411010742188,104.63197326660156,-5.375545571093256,-7.041953928195173,-99.60475097019784,-2.4522626,5.567389,18.45871,-2.2335756,15.0,-4.905148,20.631605,-20.480312,42.27683,11.839089,6.955866,13.354629,-1.0686871,-14.243794,40.97349,64.46786,-4.707783,5.331441,-12.202235,-6.4729953,15.451642,18.597778,67.05107,-4.6424756,-1.238098,-10.423987,7.210545,-4.474315,24.01902,-7.000588,-4.9567103
233,-2.9175055027008057,-138.63189697265625,104.55616760253906,-5.697782872809715,-7.072466072103847,-99.45684572343089,-2.2655256,5.8942194,18.573448,-2.433328,15.0,-4.685638,20.138922,-20.975317,43.537857,12.139608,7.0639257,12.865159,-1.6023657,-14.43097,41.26307,63.787373,-5.0124736,5.347163,-12.051916,-8.351625,16.74518,17.859856,69.81941,-2.900927,-0.9821696,-10.072826,7.52536,-4.732548,24.349422,-7.6424212,-4.971064
234,-2.9932780265808105,-139.27015686035156,104.46741485595703,-5.995567273377274,-7.063901490137241,-99.33131354314416,-2.0592954,6.186792,18.650072,-2.6200652,15.0,-4.4576397,19.656132,-21.463678,44.784946,12.510591,7.1571603,12.299341,-2.1675744,-14.639039,41.571117,63.062374,-5.3338275,5.353729,-11.903042,-10.147657,18.084455,17.341185,72.26522,-1.2891445,-1.0103528,-9.823641,7.808883,-4.9475513,24.774849,-8.313625,-4.972629
235,-3.076357126235962,-139.89674377441406,104.3706283569336,-6.222865005174966,-7.042686651384117,-99.24873677072016,-1.8249205,6.3946724,18.717865,-2.7854576,15.0,-4.210575,19.18737,-21.941952,46.019672,12.893473,7.213393,11.725732,-2.7628021,-14.862488,41.878174,62.30683,-5.6578636,5.3582706,-11.79176,-11.824188,19.345709,16.999798,74.377785,-0.0693069,-1.0769508,-9.662562,8.021202,-5.0945497,25.316046,-9.023454,-4.9655075
236,-3.1582281589508057,-140.502685546875,104.2815933227539,-6.3214336227686045,-7.032759155919087,-99.22936504974774,-1.5545385,6.464486,18.804935,-2.9212735,15.0,-3.9333103,18.739582,-22.40827,47.24114,13.227642,7.213334,11.212477,-3.388129,-15.091707,42.161064,61.539974,-5.974354,5.3669944,-11.753892,-13.340462,20.39703,16.814676,76.14795,0.49272314,-0.9479182,-9.570835,8.091821,-5.142266,25.975569,-9.768387,-4.9324856
237,-3.2632198333740234,-141.09451293945312,104.1982650756836,-6.2550379295611425,-7.037128325010793,-99.28577290759645,-1.2340591,6.360293,18.916172,-3.0272102,15.0,-3.6300533,18.319529,-22.872581,48.45721,13.482208,7.1419587,10.76967,-4.0607142,-15.319765,42.431156,60.77935,-6.2986736,5.371793,-11.805238,-14.645484,21.195795,16.86077,77.545555,0.11417916,-0.53331566,-9.568628,7.990428,-5.071827,26.809305,-10.581215,-4.878198
238,-3.3654685020446777,-141.68130493164062,104.11970520019531,-6.058015827898268,-7.041634357768401,-99.40279469285896,-0.87440157,6.111123,19.038357,-3.1050534,15.0,-3.301188,17.929209,-23.336037,49.655872,13.686927,7.017809,10.363806,-4.781104,-15.542737,42.695976,60.023434,-6.6320634,5.3692975,-11.925086,-15.764342,21.810217,17.14063,78.60138,-1.002754,0.025253017,-9.645737,7.740477,-4.902855,27.77372,-11.441762,-4.793469
239,-3.480473518371582,-142.2511749267578,104.0440902709961,-5.771521261668973,-7.042873492137766,-99.55777235576244,-0.5045643,5.7582407,19.168581,-3.14989,15.0,-2.931487,17.56835,-23.781475,50.811485,13.876134,6.871238,9.997413,-5.5299845,-15.75743,42.923805,59.27654,-6.9495106,5.3683662,-12.093295,-16.763002,22.26719,17.53657,79.373665,-2.3825116,0.6102641,-9.773116,7.4001017,-4.6725116,28.800625,-12.317664,-4.6988006
240,-3.589590549468994,-142.82337951660156,103.9687271118164,-5.444576037218432,-7.0398761617074666,-99.72877875554596,-0.1505331,5.347154,19.30491,-3.159247,15.0,-2.5059886,17.23448,-24.191536,51.898838,14.086995,6.7318177,9.672427,-6.282622,-15.9607,43.074272,58.536964,-7.230445,5.37933,-12.2892885,-17.706444,22.606981,17.942038,79.91704,-3.546321,1.1193664,-9.907427,7.012425,-4.4142365,29.827621,-13.191743,-4.5917125
241,-3.6992087364196777,-143.39376831054688,103.8904800415039,-5.057951680584205,-7.038776758416777,-99.9277946385542,0.19782741,4.8537326,19.449884,-3.1286817,15.0,-2.0186832,16.928276,-24.56405,52.93166,14.326039,6.5838685,9.407091,-7.0467124,-16.148752,43.139942,57.82743,-7.484842,5.392778,-12.518576,-18.578526,22.822393,18.400093,80.22042,-4.4045444,1.5633936,-10.061722,6.560385,-4.111309,30.88666,-14.077536,-4.4737616
242,-3.826941967010498,-143.9495391845703,103.81269836425781,-4.595761003000122,-7.036583450529547,-100.15984831477984,0.5495168,4.2656,19.60405,-3.0610201,15.0,-1.4778363,16.650232,-24.90654,53.9155,14.577216,6.4202676,9.193539,-7.83277,-16.319475,43.1357,57.149113,-7.7242236,5.405716,-12.7876005,-19.352829,22.895275,18.95372,80.26236,-5.198538,1.9822049,-10.246552,6.0377917,-3.7556915,31.978453,-14.969353,-4.352471
243,-3.9319043159484863,-144.49612426757812,103.73678588867188,-4.114984590098468,-7.0202289261964355,-100.39507858082584,0.8797978,3.6467006,19.761436,-2.9657805,15.0,-0.8936218,16.395693,-25.215498,54.81927,14.8464775,6.28054,8.994117,-8.620116,-16.475393,43.052753,56.469936,-7.931817,5.4373226,-13.077636,-20.076994,22.861258,19.50744,80.07605,-5.9402823,2.3319325,-10.438734,5.482903,-3.3841727,33.032696,-15.832535,-4.2126603
244,-4.020796298980713,-145.0486602783203,103.66014099121094,-3.6754799685607478,-6.9778937768929605,-100.60323640264188,1.1657681,3.0626981,19.913872,-2.8555484,15.0,-0.28031945,16.156094,-25.48807,55.61698,15.143347,6.202725,8.770583,-9.382057,-16.623245,42.875587,55.75019,-8.093602,5.5083575,-13.369049,-20.798124,22.758036,19.965794,79.69202,-6.6399884,2.5709012,-10.608433,4.9623117,-3.0448172,33.9922,-16.651915,-4.0669217
245,-4.096591472625732,-145.60647583007812,103.5840835571289,-3.2818892530093344,-6.916034829995941,-100.78021647853807,1.398674,2.5167499,20.06653,-2.7281218,15.0,0.36258176,15.924097,-25.723558,56.305885,15.46817,6.2040772,8.526519,-10.117627,-16.768272,42.577274,54.977474,-8.20981,5.635459,-13.6629,-21.519407,22.590471,20.322067,79.118286,-7.2581267,2.6673799,-10.744833,4.480729,-2.7470162,34.852135,-17.426945,-3.9164357
246,-4.164477348327637,-146.15829467773438,103.50849914550781,-2.908508839032991,-6.838334970974628,-100.94036937759819,1.597006,1.9830946,20.21918,-2.5853107,15.0,1.0298455,15.696911,-25.928516,56.912277,15.821511,6.2581844,8.276863,-10.830244,-16.912577,42.16241,54.161423,-8.289861,5.8078413,-13.967075,-22.217972,22.341213,20.625544,78.33432,-7.7987957,2.6524467,-10.869485,4.01447,-2.4691646,35.646767,-18.166664,-3.7621176
247,-4.2189555168151855,-146.71437072753906,103.43634796142578,-2.5674422425601353,-6.730186971858608,-101.08134977002207,1.7753028,1.4824082,20.354548,-2.4431748,15.0,1.7008018,15.472651,-26.108936,57.45356,16.21244,6.3380733,8.00172,-11.504033,-17.061106,41.6699,53.299004,-8.32953,6.0042386,-14.272471,-22.904623,22.016865,20.860565,77.33244,-8.339296,2.578254,-10.985988,3.5748801,-2.21296,36.359467,-18.864431,-3.6048796
248,-4.257289886474609,-147.26025390625,103.36743927001953,-2.273057692775368,-6.576768139084146,-101.20078039141934,1.9449637,1.0351684,20.456198,-2.3150487,15.0,2.3574784,15.250464,-26.266872,57.944584,16.6507,6.4164376,7.681017,-12.124004,-17.221191,41.145527,52.38495,-8.319793,6.20375,-14.571892,-23.590353,21.623762,21.010492,76.10246,-8.955756,2.4978747,-11.116626,3.180452,-1.9786037,36.982513,-19.50445,-3.4519763
249,-4.279832363128662,-147.81979370117188,103.30624389648438,-2.034998760276724,-6.373482092239382,-101.29344590658653,2.0946584,0.6496823,20.520634,-2.1917734,15.0,3.0016894,15.02698,-26.397938,58.373333,17.18194,6.5075026,7.275535,-12.692419,-17.399061,40.58881,51.402203,-8.238885,6.4319954,-14.864791,-24.28556,21.153727,21.05508,74.633484,-9.732519,2.4300306,-11.245219,2.8387744,-1.774416,37.50202,-20.092386,-3.3040316
250,-4.284778118133545,-148.38641357421875,103.2537841796875,-1.8434078556053008,-6.129452093434973,-101.36243693025366,2.2217054,0.31752568,20.557337,-2.0704951,15.0,3.6387694,14.800325,-26.500963,58.73926,17.790237,6.6154156,6.8061233,-13.211782,-17.597605,39.984726,50.347324,-8.090597,6.6932735,-15.157292,-24.979254,20.612146,21.00729,72.93306,-10.607328,2.3485088,-11.368257,2.5381765,-1.5976498,37.923534,-20.628305,-3.157053
251,-4.2888946533203125,-148.951904296875,103.21453857421875,-1.6902935928844094,-5.851629341702176,-101.41774296416936,2.3487232,0.0317196,20.568687,-1.9729681,15.0,4.2592144,14.574754,-26.582638,59.0708,18.390404,6.700439,6.343576,-13.668325,-17.819027,39.36177,49.23837,-7.9024787,6.933262,-15.44905,-25.650497,20.025436,20.897161,71.024025,-11.441172,2.2343001,-11.477705,2.2819645,-1.4450136,38.23927,-21.106113,-3.0183065
252,-4.286204814910889,-149.5239715576172,103.19120788574219,-1.5667934734273976,-5.546010404091607,-101.46906949088596,2.4944654,-0.21775487,20.557291,-1.9165951,15.0,4.85944,14.358869,-26.646553,59.3886,18.894125,6.7268295,5.9597797,-14.053293,-18.065006,38.758823,48.097317,-7.6973968,7.096675,-15.74149,-26.27873,19.415554,20.756935,68.92468,-12.092928,2.0674837,-11.559029,2.0568278,-1.309774,38.4405,-21.525436,-2.8783891
253,-4.278999328613281,-150.10101318359375,103.1876449584961,-1.4721545844424218,-5.2024417934828255,-101.51694031042217,2.6608126,-0.4310731,20.514597,-1.9088945,15.0,5.440783,14.160454,-26.692213,59.69419,19.27567,6.6698494,5.664228,-14.3622055,-18.33886,38.189125,46.914474,-7.4230757,7.1589055,-16.05656,-26.874395,18.796015,20.61934,66.61677,-12.522827,1.8523357,-11.622163,1.864391,-1.190792,38.519222,-21.878813,-2.7378516
254,-4.25399112701416,-150.67535400390625,103.20195007324219,-1.4135828626484737,-4.8220227282818575,-101.55700280701801,2.836212,-0.6054553,20.444029,-1.9377116,15.0,6.011963,13.981457,-26.717146,59.962086,19.579529,6.559055,5.4199915,-14.598062,-18.64177,37.637985,45.677635,-7.080005,7.152131,-16.388151,-27.438791,18.147938,20.460894,64.093666,-12.804168,1.5948764,-11.67349,1.7048899,-1.089822,38.480015,-22.162674,-2.593212
255,-4.225759506225586,-151.2528839111328,103.23344421386719,-1.3822103542076005,-4.42711379799556,-101.5922178370309,3.0181677,-0.74752784,20.367546,-1.9876251,15.0,6.582021,13.822117,-26.717775,60.17251,19.82363,6.4407835,5.2304735,-14.769438,-18.970362,37.103436,44.41041,-6.773042,7.1058717,-16.693396,-27.943172,17.44942,20.225773,61.39624,-12.970263,1.280697,-11.682747,1.5753714,-1.0108526,38.327415,-22.388645,-2.4515061
256,-4.195801258087158,-151.8399200439453,103.28539276123047,-1.3704537540862027,-4.0407695073692995,-101.62565362458771,3.203248,-0.86391956,20.30645,-2.0425894,15.0,7.1622357,13.6814165,-26.688425,60.306812,20.026743,6.3603096,5.098837,-14.88812,-19.316374,36.58696,43.142056,-6.6046634,7.0498767,-16.930902,-28.35568,16.68778,19.857552,58.56658,-13.057931,0.9015462,-11.614078,1.4663664,-0.95697486,38.053463,-22.560438,-2.3119588
257,-4.153385162353516,-152.41702270507812,103.34828186035156,-1.3854732988165377,-3.6705571265248462,-101.6596385270505,3.390135,-0.94929945,20.267355,-2.096811,15.0,7.759126,13.556002,-26.625353,60.35876,20.207739,6.340088,5.03159,-14.963007,-19.673986,36.085697,41.88741,-6.617119,6.9655313,-17.087477,-28.668081,15.839087,19.280998,55.56466,-13.090198,0.46290004,-11.485746,1.3828473,-0.92304826,37.686306,-22.680285,-2.1737685
258,-4.104964733123779,-153.00588989257812,103.42776489257812,-1.4279113486068364,-3.3048900684225178,-101.69366489821329,3.5794146,-1.0020932,20.238281,-2.1566255,15.0,8.368825,13.445007,-26.527395,60.339,20.354515,6.3521466,5.0255184,-14.991793,-20.040556,35.601067,40.64,-6.7533216,6.8434153,-17.185518,-28.876228,14.93774,18.548512,52.37322,-13.045348,-0.016246265,-11.2832365,1.3272829,-0.9141042,37.1968,-22.744549,-2.0365937
259,-4.045981407165527,-153.600830078125,103.5239486694336,-1.4929269769426823,-2.938921767465431,-101.72599733984136,3.767302,-1.0321487,20.214071,-2.218857,15.0,8.993766,13.353407,-26.387306,60.24915,20.438923,6.3672495,5.0709314,-14.978117,-20.411901,35.144794,39.404617,-6.9673924,6.7257886,-17.236712,-28.979729,14.06166,17.778843,49.08668,-12.898699,-0.52925974,-11.019673,1.2920649,-0.92574674,36.591072,-22.752115,-1.8972149
260,-3.975719690322876,-154.20188903808594,103.63750457763672,-1.5768746040473605,-2.5667651404745158,-101.7544059468797,3.9473467,-1.0504471,20.188555,-2.2783797,15.0,9.64262,13.289579,-26.194563,60.081375,20.43235,6.3580303,5.1564736,-14.928197,-20.782167,34.732666,38.188816,-7.2115927,6.654034,-17.25327,-28.981714,13.273882,17.094181,45.79078,-12.620547,-1.0825381,-10.699472,1.2719861,-0.9575546,35.863857,-22.699512,-1.75332
261,-3.9027295112609863,-154.80780029296875,103.76054382324219,-1.684654575865502,-2.1922456763635534,-101.77835541400694,4.1138515,-1.0511394,20.1669,-2.3255095,15.0,10.339057,13.258193,-25.924795,59.794353,20.312649,6.3358145,5.3035197,-14.8485365,-21.148317,34.371986,36.99482,-7.5134783,6.6299424,-17.224787,-28.831005,12.56314,16.490236,42.367836,-12.214907,-1.8478813,-10.326609,1.2790123,-1.0099036,35.034286,-22.598621,-1.6107886
262,-3.820800304412842,-155.41424560546875,103.89506530761719,-1.817575013046469,-1.8176883170239575,-101.80005401851489,4.2657585,-1.0355821,20.151913,-2.3584008,15.0,11.08843,13.259922,-25.576876,59.381954,20.102924,6.312006,5.5066237,-14.744035,-21.507586,34.063087,35.825985,-7.8832026,6.6315427,-17.149925,-28.533175,11.897583,15.915006,38.790657,-11.681659,-2.773191,-9.893911,1.3123066,-1.082439,34.08599,-22.437338,-1.467411
263,-3.7424471378326416,-156.0359649658203,104.0381088256836,-1.9578064723784498,-1.4326064631443698,-101.81963541381701,4.40307,-1.0287989,20.133646,-2.3827546,15.0,11.870337,13.298448,-25.178993,58.893024,19.837927,6.2594104,5.716006,-14.620969,-21.854105,33.809204,34.69735,-8.249504,6.6633835,-17.052176,-28.201195,11.2913265,15.41128,35.298496,-10.986387,-3.5387564,-9.41536,1.3555833,-1.1710483,33.039406,-22.233208,-1.325699
264,-3.6715493202209473,-156.67254638671875,104.18939208984375,-2.0847233042397075,-1.0236789325133933,-101.83537313100697,4.526137,-1.0580462,20.09956,-2.4062505,15.0,12.659706,13.379728,-24.766506,58.38104,19.54753,6.15095,5.881886,-14.484708,-22.179893,33.611652,33.625736,-8.5427685,6.729814,-16.955725,-27.967932,10.754706,15.019431,32.16302,-10.109071,-3.8258388,-8.914412,1.3858434,-1.2704878,31.909058,-21.99121,-1.1845658
265,-3.6143622398376465,-157.3223876953125,104.3495864868164,-2.1768666167358024,-0.5683637493550366,-101.83408892459249,4.6269665,-1.1502277,20.036024,-2.4330828,15.0,13.449827,13.508358,-24.346571,57.83371,19.234941,5.9962015,5.98771,-14.337779,-22.478037,33.47441,32.61643,-8.750103,6.850234,-16.864754,-27.9367,10.269316,14.716644,29.509462,-9.004134,-3.3214583,-8.421789,1.3790499,-1.3843633,30.702345,-21.712164,-1.0438863
266,-3.541844606399536,-157.95895385742188,104.53083801269531,-2.2440780508803186,-0.07391039704022913,-101.81680769471711,4.703775,-1.2937144,19.947851,-2.4574108,15.0,14.25771,13.685015,-23.904102,57.227245,18.878353,5.806287,6.0599837,-14.180944,-22.745798,33.394245,31.671515,-8.912514,7.01255,-16.766813,-28.07725,9.828807,14.490751,27.268696,-7.741844,-2.2737036,-7.923329,1.3357483,-1.514308,29.37084,-21.353455,-0.8920277
267,-3.4831008911132812,-158.6077423095703,104.70176696777344,-2.313269004128051,0.4276809932151538,-101.8036656222008,4.768791,-1.457282,19.849398,-2.474727,15.0,15.088835,13.909204,-23.444263,56.602287,18.46983,5.556199,6.112942,-14.014348,-22.98189,33.35797,30.799572,-9.040321,7.1754994,-16.662489,-28.25497,9.447706,14.418098,25.304264,-6.4216375,-1.2073041,-7.4058585,1.3045156,-1.6495047,28.00057,-20.981771,-0.7472742
268,-3.423039674758911,-159.27017211914062,104.85233306884766,-2.4147003057349083,0.8996224443898624,-101.81817584260764,4.8400702,-1.6055075,19.758156,-2.4829757,15.0,15.945779,14.180011,-22.978104,56.00315,17.999006,5.2209725,6.1619287,-13.834477,-23.187439,33.347206,30.00661,-9.146,7.298238,-16.550467,-28.331707,9.149332,14.552964,23.475754,-5.0961165,-0.6335648,-6.8234415,1.3151335,-1.7813327,26.585611,-20.596733,-0.60487884
269,-3.360116958618164,-159.93679809570312,104.9841537475586,-2.5681220286569664,1.329709658897754,-101.8722989111105,4.9286175,-1.7165784,19.681965,-2.4856973,15.0,16.839828,14.498146,-22.51596,55.43311,17.393038,4.741056,6.2272816,-13.6366,-23.363495,33.354805,29.29709,-9.217859,7.3579197,-16.426584,-28.222675,8.963445,15.016391,21.663326,-3.5451329,-0.81247056,-6.161288,1.3933258,-1.8995372,25.109478,-20.186577,-0.47154567
270,-3.2940239906311035,-160.61602783203125,105.10232543945312,-2.7552754407217908,1.7343209493371543,-101.95468980318431,5.0296354,-1.8117719,19.613504,-2.4863799,15.0,17.764313,14.864098,-22.053463,54.874596,16.677658,4.147269,6.292173,-13.417602,-23.510645,33.382687,28.661812,-9.257855,7.3810306,-16.29102,-28.011435,8.857795,15.694049,19.949999,-1.696473,-1.2710897,-5.4199567,1.5130408,-2.0118983,23.5445,-19.739819,-0.3415195
271,-3.2211501598358154,-161.2948760986328,105.20735168457031,-2.950029789390277,2.120761902630734,-102.05323768967605,5.13804,-1.9165839,19.548512,-2.4844375,15.0,18.694769,15.275325,-21.578989,54.3416,15.991562,3.5500872,6.319408,-13.17377,-23.629725,33.425617,28.08061,-9.296811,7.4026294,-16.149834,-27.83961,8.789626,16.283417,18.554327,0.18504934,-1.4274282,-4.636223,1.6383027,-2.1196966,21.932447,-19.26884,-0.20729467
272,-3.1556732654571533,-161.98626708984375,105.29170989990234,-3.123666826013232,2.500402210453712,-102.15313729050774,5.245347,-2.0591168,19.479565,-2.4790494,15.0,19.604212,15.7273445,-21.079409,53.85047,15.474107,3.0601385,6.2767944,-12.901591,-23.722046,33.477055,27.534561,-9.367564,7.4572325,-16.008764,-27.834084,8.734807,16.576544,17.677114,1.7917739,-0.9242567,-3.8494787,1.7366011,-2.2286313,20.346546,-18.81898,-0.06723634
273,-3.08817982673645,-162.67779541015625,105.3573989868164,-3.278601417358672,2.8826205918495513,-102.25437213603057,5.3484836,-2.2375834,19.39436,-2.468646,15.0,20.504309,16.21573,-20.548944,53.39269,15.162851,2.6853209,6.1638746,-12.595219,-23.788433,33.536613,27.015787,-9.4944725,7.5627165,-15.854926,-28.05056,8.720402,16.579075,17.460411,2.9273098,0.09522246,-3.0746796,1.8068737,-2.3380682,18.777376,-18.378235,0.08207725
274,-3.0207297801971436,-163.37294006347656,105.40693664550781,-3.4255946705081946,3.260353649565939,-102.3634116356168,5.4504094,-2.44083,19.299599,-2.4531996,15.0,21.404852,16.739122,-19.988146,52.96598,14.98602,2.3732154,5.9992123,-12.25789,-23.829262,33.607597,26.533773,-9.6559515,7.6983666,-15.689024,-28.407034,8.7616415,16.4696,17.764174,3.5357237,1.1388723,-2.2808886,1.8643094,-2.4488847,17.184025,-17.928627,0.23641938
275,-2.9565601348876953,-164.08267211914062,105.43640899658203,-3.549708128011383,3.622027659280301,-102.4739470798709,5.550416,-2.6815515,19.216438,-2.4341016,15.0,22.27303,17.298964,-19.395683,52.59761,14.918278,2.1438522,5.7816863,-11.901833,-23.845293,33.690056,26.094437,-9.814951,7.8415,-15.5360565,-28.826355,8.824632,16.342653,18.370647,3.6363695,1.9393158,-1.4786024,1.88954,-2.5619767,15.629813,-17.505669,0.39791378
276,-2.9029126167297363,-164.78390502929688,105.44645690917969,-3.635412471319341,3.9578003511937934,-102.57748567134941,5.6470957,-2.9721963,19.16438,-2.4140577,15.0,23.074743,17.898418,-18.772589,52.31495,14.934411,2.017521,5.5094495,-11.537112,-23.83742,33.782417,25.703415,-9.93452,7.9692993,-15.421681,-29.242624,8.873746,16.244833,19.07614,3.3680396,2.4275444,-0.71342015,1.8693978,-2.6732128,14.205724,-17.139557,0.5614397
277,-2.850707530975342,-165.47247314453125,105.4473648071289,-3.680303477795089,4.271664852039039,-102.68622310009656,5.744874,-3.3201885,19.142307,-2.3878171,15.0,23.818035,18.536846,-18.126957,52.119366,15.025526,2.0186892,5.1939344,-11.178804,-23.807838,33.895985,25.357193,-10.003398,8.083246,-15.345699,-29.677265,8.915792,16.160208,19.916779,2.7895305,2.6998847,0.02770892,1.796272,-2.777178,12.865613,-16.80363,0.7327095
278,-2.796201229095459,-166.16835021972656,105.43638610839844,-3.6959151121431626,4.565856098643628,-102.79907607336436,5.843298,-3.7126281,19.142548,-2.356572,15.0,24.515553,19.213675,-17.458256,52.00018,15.2055235,2.1291811,4.833288,-10.816725,-23.757494,34.03008,25.053015,-10.039314,8.194197,-15.298728,-30.144444,8.961428,16.056517,20.95387,1.9608469,2.8805342,0.77798456,1.6808528,-2.8846555,11.562651,-16.486414,0.9145805
279,-2.7496955394744873,-166.84910583496094,105.40845489501953,-3.687202982109573,4.830515043596543,-102.88550647214045,5.9321156,-4.1325912,19.174007,-2.3328784,15.0,25.140917,19.935495,-16.755007,51.9645,15.483892,2.3057528,4.403921,-10.426453,-23.684834,34.161293,24.799324,-10.051628,8.291914,-15.288621,-30.604805,9.029913,15.913828,22.141977,0.9927261,2.9876566,1.4822154,1.5402931,-3.0079463,10.418009,-16.236519,1.0951965
280,-2.7002196311950684,-167.51177978515625,105.40483856201172,-3.657842837808558,5.056092351597009,-102.91468472478697,6.002919,-4.5638185,19.246073,-2.3309252,15.0,25.669867,20.714008,-16.00771,52.01354,15.86868,2.5063832,3.8809662,-9.9782295,-23.585949,34.258953,24.601557,-10.053038,8.365446,-15.322318,-30.88077,9.018154,15.804357,23.054192,0.16953135,3.06664,1.6526253,1.3500779,-3.0577738,10.399044,-16.523064,1.2837578
281,-2.669734477996826,-168.166259765625,105.40847778320312,-3.599121671000167,5.245162517303997,-102.88254402470186,6.05931,-5.023213,19.369333,-2.3607585,15.0,26.076874,21.563768,-15.235048,52.196526,16.35972,2.734286,3.1973274,-9.460418,-23.45204,34.296566,24.448856,-10.067774,8.404922,-15.409936,-31.047306,8.94891,15.69315,23.83433,-0.5742441,3.0956707,1.6196038,1.1286833,-3.1141064,10.864502,-17.01218,1.479985
282,-2.6489040851593018,-168.8197784423828,105.41455841064453,-3.5089371093222987,5.402218693136513,-102.80303045724737,6.11081,-5.5162506,19.534992,-2.4187868,15.0,26.38318,22.490786,-14.4492,52.488743,16.947655,3.0064187,2.3850946,-8.8807125,-23.280321,34.278576,24.341972,-10.094014,8.4153385,-15.540424,-31.134508,8.830011,15.579903,24.546377,-1.289149,3.0927186,1.4033995,0.8708659,-3.16881,11.776348,-17.658674,1.6940463
283,-2.6402781009674072,-169.4744110107422,105.41993713378906,-3.400706954542076,5.519175390014737,-102.6722221302806,6.1553526,-6.010637,19.724594,-2.496942,15.0,26.637014,23.489908,-13.622196,52.781937,17.629482,3.2992415,1.5653274,-8.2401085,-23.079279,34.229053,24.298466,-10.098771,8.410295,-15.692251,-31.148819,8.683333,15.457916,25.2168,-1.9904287,3.0662978,1.0019968,0.5882636,-3.2181215,13.132316,-18.393219,1.9297262
284,-2.6399877071380615,-170.13583374023438,105.42195129394531,-3.283578773751393,5.588033040073543,-102.4874754260889,6.187081,-6.477699,19.920744,-2.5833356,15.0,26.894732,24.54712,-12.708072,52.965336,18.40959,3.5893667,0.85584986,-7.5433793,-22.865696,34.182472,24.332226,-10.04144,8.405292,-15.846472,-31.091246,8.520184,15.3269825,25.86576,-2.6931,3.0283809,0.47806567,0.29067317,-3.2703118,14.857676,-19.120771,2.1865351
285,-2.640721321105957,-170.7906036376953,105.41803741455078,-3.1471165792632894,5.6046842257283345,-102.22155265463662,6.1891813,-6.9165163,20.12804,-2.6834261,15.0,27.152786,25.6572,-11.6660385,53.064705,19.412111,3.8713186,0.21805213,-6.756596,-22.65055,34.13375,24.433641,-9.871673,8.400492,-16.056528,-30.956219,8.312382,15.180146,26.47202,-3.3781292,2.9866161,-0.16583343,-0.034197334,-3.3473253,16.956564,-19.77914,2.4541998
286,-2.634474039077759,-171.4435272216797,105.4118881225586,-2.978380257954911,5.573962395232049,-101.88612779937257,6.165711,-7.353423,20.35441,-2.7955785,15.0,27.40681,26.818624,-10.50202,53.111847,20.608292,4.151332,-0.39558262,-5.888115,-22.437914,34.080757,24.584517,-9.613221,8.392236,-16.317415,-30.732466,8.041399,15.035011,27.018618,-4.0424285,2.9418216,-0.9184096,-0.40562227,-3.4334228,19.389252,-20.291584,2.7262595
287,-2.6235811710357666,-172.08299255371094,105.39906311035156,-2.7864951660713526,5.500912388632518,-101.53745197144804,6.141698,-7.794201,20.588814,-2.8978384,15.0,27.70152,28.01606,-9.240838,53.021996,21.767984,4.426809,-0.8787582,-5.006797,-22.23607,34.068146,24.784142,-9.328262,8.392909,-16.527714,-30.445963,7.741342,14.913709,27.539532,-4.701775,2.8971584,-1.754265,-0.8193012,-3.463134,22.065884,-20.532085,3.0075793
288,-2.5933804512023926,-172.71339416503906,105.38259887695312,-2.582624054341264,5.390957312888849,-101.23057900632851,6.136249,-8.239712,20.818031,-2.9636717,15.0,28.07635,29.224026,-7.905493,52.72226,22.661285,4.7005906,-1.1191313,-4.1917195,-22.05607,34.15551,25.040607,-9.069914,8.417901,-16.589844,-30.101194,7.436329,14.847326,28.046972,-5.372932,2.8630285,-2.7701857,-1.2653723,-3.3358035,25.03141,-20.399788,3.3113408
289,-2.552656650543213,-173.33270263671875,105.35869598388672,-2.3637080807251865,5.2406038505455586,-100.97763700347706,6.161708,-8.686468,21.03592,-2.9903088,15.0,28.543753,30.426033,-6.458949,52.20665,23.27036,4.978414,-1.0577834,-3.4622436,-21.911621,34.394135,25.385498,-8.768929,8.483445,-16.518486,-29.698498,7.1333375,14.840064,28.554193,-6.066272,2.8357928,-3.9084017,-1.7596991,-3.0603936,28.308931,-19.823568,3.728504
290,-2.5136680603027344,-173.93490600585938,105.32369995117188,-2.12359551992846,5.04866966101783,-100.74993436853411,6.1934605,-9.136226,21.24889,-2.9799945,15.0,29.090675,31.61362,-4.878617,51.523067,23.708733,5.2610474,-0.75997645,-2.7907186,-21.808714,34.771736,25.808258,-8.402379,8.583728,-16.363234,-29.241917,6.8218393,14.872684,29.057354,-6.7702746,2.8085587,-5.2951875,-2.3000546,-2.6224928,31.99658,-18.852152,4.2270145
291,-2.473237991333008,-174.5388641357422,105.27832794189453,-1.8763560030385336,4.824914238162717,-100.54270585954602,6.199883,-9.586815,21.460135,-2.9188805,15.0,29.69661,32.77157,-3.2293208,50.697765,23.938862,5.5452,-0.29075173,-2.1839268,-21.743029,35.238964,26.25763,-8.103054,8.702155,-16.069675,-28.750406,6.5163794,14.932475,29.57856,-7.495559,2.7788801,-6.540278,-2.812041,-2.1070266,35.53153,-17.704788,4.6305223
292,-2.4300901889801025,-175.12973022460938,105.22855377197266,-1.636732518757518,4.579777199075857,-100.35110205302385,6.1534734,-10.029072,21.669899,-2.799277,15.0,30.305984,33.886505,-1.6100405,49.784145,23.916273,5.821941,0.29324198,-1.6419886,-21.702532,35.732494,26.682074,-8.015392,8.821783,-15.578286,-28.244104,6.2288656,15.007969,30.102486,-8.215571,2.747761,-7.737346,-3.2266238,-1.4736418,38.832508,-16.719822,4.726019
293,-2.403109312057495,-175.69601440429688,105.16609191894531,-1.4010197934817332,4.3095622029877685,-100.18674787209393,6.066458,-10.460824,21.872648,-2.6291137,15.0,30.930227,34.95995,-0.039602697,48.77663,23.488096,6.073265,1.0812716,-1.1567634,-21.680422,36.232243,27.065414,-8.216846,8.952404,-14.800772,-27.738195,5.9744782,15.102949,30.660345,-8.938331,2.7051086,-9.617244,-3.5221715,-0.47495162,42.72488,-16.106867,4.2595034
294,-2.36885404586792,-176.2442626953125,105.08663940429688,-1.1706000561654184,4.010461473967959,-100.04804308897063,5.9558644,-10.873114,22.066715,-2.4198406,15.0,31.56059,35.996265,1.4980539,47.67815,22.713966,6.299865,2.0862257,-0.71808475,-21.6753,36.749165,27.438519,-8.6343155,9.091642,-13.785792,-27.230528,5.742298,15.217234,31.265223,-9.681229,2.662669,-11.234819,-3.715397,0.5559382,46.367256,-15.8436985,3.4217472
295,-2.3254635334014893,-176.79151916503906,104.99579620361328,-0.9578733269857309,3.6954212790797905,-99.90982511890047,5.7976303,-11.258374,22.25292,-2.1662426,15.0,32.10922,36.99017,2.9453585,46.555073,21.870138,6.5260687,3.1412206,-0.327175,-21.68243,37.26611,27.825666,-9.193114,9.204077,-12.674024,-26.727797,5.5312963,15.322383,31.901087,-10.437863,2.6202002,-12.829597,-3.7922356,1.6086601,49.65197,-15.817766,2.620124
296,-2.276463508605957,-177.3176727294922,104.90148162841797,-0.7790097377711097,3.3771888401908776,-99.7464529222009,5.551316,-11.600763,22.4281,-1.8500998,15.0,32.38182,37.94467,4.1991434,45.56685,21.23778,6.7773256,4.0606008,0.0005826211,-21.695744,37.774574,28.258312,-9.825661,9.2620735,-11.60166,-26.239992,5.3450027,15.386942,32.521095,-11.167866,2.5768502,-14.296121,-3.7445707,2.5835102,52.16351,-15.848399,2.2534165
297,-2.2205495834350586,-177.8289031982422,104.8100814819336,-0.6435909315450798,3.046907039695457,-99.5350358919243,5.1956515,-11.881837,22.59316,-1.4644195,15.0,32.352894,38.872684,5.203004,44.73062,20.810297,7.0818143,4.866051,0.26724908,-21.713123,38.267128,28.735762,-10.584073,9.244935,-10.544478,-25.76445,5.1875534,15.390867,33.131065,-11.8720045,2.5304658,-15.208911,-3.5698495,3.3884733,53.528385,-15.992327,2.5229979
298,-2.156177043914795,-178.3140411376953,104.72467803955078,-0.5404673514642181,2.702046483403482,-99.29336851048149,4.790405,-12.1086445,22.74971,-1.0545912,15.0,32.20537,39.774353,5.995743,43.86944,20.449186,7.4331784,5.675765,0.51668733,-21.735415,38.70921,29.230581,-11.483705,9.161739,-9.455397,-25.286064,5.0487485,15.358923,33.71146,-12.540826,2.484057,-16.76339,-3.2200022,4.4199224,55.008484,-16.2233,3.1828206
299,-2.0946764945983887,-178.77685546875,104.65276336669922,-0.4677090929879583,2.36337185066173,-99.06001131788936,4.3143597,-12.2969475,22.883713,-0.5849683,15.0,31.607948,40.6685,6.5186267,43.254482,20.283045,7.779835,6.323823,0.69132036,-21.75896,39.15151,29.783157,-12.408879,9.050915,-8.415719,-24.798662,4.9379787,15.325975,34.223743,-13.160485,2.4339364,-17.981222,-2.8254664,5.259501,55.627037,-16.45777,3.9533334
300,-2.015956163406372,-179.23037719726562,104.5986328125,-0.4169641482051827,2.0518395992797,-98.87314237240683,3.869576,-12.453468,22.991182,-0.13630639,15.0,30.693052,41.541706,6.7660413,42.737576,20.381615,8.109813,6.7920356,0.8470174,-21.781239,39.536438,30.39254,-13.232181,8.944013,-7.534198,-24.294876,4.840515,15.335459,34.63569,-13.729067,2.3957322,-19.104658,-2.4523258,5.8865767,55.50757,-16.551105,4.54788
301,-1.9261131286621094,-179.680908203125,104.56842041015625,-0.395450282926298,1.7852114193666795,-98.73707694233943,3.4518573,-12.571179,23.059755,0.30163598,15.0,29.404297,42.381634,6.718494,42.34108,20.892399,8.434587,7.014554,0.9821121,-21.79882,39.84927,31.062616,-13.987003,8.839946,-6.795312,-23.78567,4.7662473,15.385771,34.93176,-14.238748,2.3635032,-20.27718,-2.1072578,6.303526,54.70803,-16.484625,4.9231834
302,-1.8165398836135864,-180.12814331054688,104.56331634521484,-0.40267206561488744,1.5479907067590546,-98.63303769376454,3.0322409,-12.649128,23.097176,0.74721116,15.0,27.719658,43.18605,6.358389,42.083843,21.734377,8.759439,7.033714,1.0837301,-21.810274,40.105385,31.791325,-14.722291,8.727163,-6.156665,-23.26204,4.7066135,15.465441,35.12231,-14.693739,2.341286,-21.399002,-1.7734969,6.5456095,53.198116,-16.32187,5.212301
303,-1.698624849319458,-180.55477905273438,104.57711029052734,-0.4177434035437843,1.311489364693829,-98.56454345514959,2.639297,-12.709885,23.131863,1.1664335,15.0,25.728203,43.951324,5.7101064,41.89823,22.659193,9.053033,6.9488482,1.1639403,-21.815071,40.313023,32.56811,-15.345071,8.630643,-5.670977,-22.693708,4.648825,15.588784,35.211506,-15.092972,2.3295782,-22.406254,-1.4624494,6.6616273,51.01712,-16.028152,5.40363
304,-1.5862408876419067,-180.96534729003906,104.60381317138672,-0.4202469363003752,1.0468124591415031,-98.5357374561573,2.2950716,-12.779617,23.192225,1.5322654,15.0,23.532537,44.672363,4.8206096,41.708973,23.421543,9.288539,6.8572135,1.2293619,-21.8121,40.48729,33.381813,-15.761849,8.577828,-5.389256,-22.050406,4.582488,15.7692375,35.219067,-15.450406,2.3264015,-23.132418,-1.1896759,6.668864,48.107254,-15.574345,5.487641
305,-1.4656028747558594,-181.36021423339844,104.6438217163086,-0.41762944640305716,0.7374017915586333,-98.57156775129756,2.0097997,-12.8638525,23.301208,1.8480369,15.0,21.120821,45.339798,3.6931646,41.513443,23.982876,9.457038,6.752213,1.2426811,-21.799597,40.658455,34.259247,-15.92251,8.578356,-5.341059,-21.307873,4.5177064,16.033249,35.145596,-15.772829,2.3408864,-23.6046,-0.92289406,6.5714507,44.31039,-14.963272,5.4570913
306,-1.337287187576294,-181.73492431640625,104.70008850097656,-0.4095246018050989,0.397945590807349,-98.65997068863754,1.7634555,-12.966921,23.443594,2.1337118,15.0,18.489563,45.939487,2.333556,41.31186,24.457153,9.575047,6.5947905,1.2008823,-21.775284,40.826443,35.20084,-15.877923,8.617686,-5.4940033,-20.475416,4.444665,16.370182,34.96834,-16.045933,2.3705344,-23.808722,-0.665609,6.339167,39.59863,-14.175761,5.3327756
307,-1.2148394584655762,-182.1068878173828,104.7607192993164,-0.3631713426287806,0.04590704926901422,-98.74860730071437,1.5186791,-13.117066,23.590738,2.3997164,15.0,15.726793,46.46083,0.80485976,41.06205,24.840723,9.656072,6.421985,1.1525308,-21.73685,40.966434,36.15878,-15.692941,8.686153,-5.8006907,-19.590473,4.3144083,16.733305,34.71786,-16.284466,2.4085495,-23.734867,-0.45813945,5.999725,34.32032,-13.152495,5.1526833
308,-1.121693730354309,-182.45022583007812,104.8233642578125,-0.24905980735584016,-0.30108579228983157,-98.78548883993007,1.2333422,-13.343848,23.71371,2.662239,14.998901,12.945111,46.89723,-0.80036795,40.70515,25.139349,9.716783,6.266495,1.1415905,-21.682587,41.05389,37.086166,-15.436433,8.772743,-6.21065,-18.696848,4.085378,17.070644,34.388607,-16.461452,2.4466877,-23.72289,-0.30689463,5.672924,29.179441,-11.860132,4.952911
309,-1.0923800468444824,-182.76596069335938,104.89637756347656,-0.02327108943074128,-0.6534291825784506,-98.7595479997489,0.88645136,-13.702699,23.817585,2.9323738,14.992379,10.198387,47.241077,-2.407843,40.183792,25.392012,9.765905,6.1236534,1.1633313,-21.609877,41.111652,37.986336,-15.087873,8.885889,-6.7576437,-17.733252,3.709806,17.395424,33.903065,-16.544601,2.4704313,-23.79705,-0.25800094,5.41196,24.179619,-10.232124,4.5438304
310,-1.0509793758392334,-183.10398864746094,104.93331909179688,0.3193516523570917,-1.03627749882065,-98.68495770520857,0.47181115,-14.208663,23.927595,3.2248864,15.0,7.510233,47.486485,-3.9851632,39.493153,25.597538,9.800561,5.9754553,1.179427,-21.516499,41.167088,38.887333,-14.623721,9.022935,-7.44828,-16.688944,3.1582599,17.727106,33.370815,-16.638714,2.5193243,-23.551857,-0.3259652,5.0705028,18.697817,-8.228885,3.99777
311,-0.9655494093894958,-183.4912567138672,104.92279815673828,0.7408564429130711,-1.451903155198211,-98.54410503169446,-0.050556492,-14.821467,24.0,3.5755699,15.0,4.926545,47.630184,-5.5382304,38.710735,25.695246,9.814872,5.836948,1.1722932,-21.395142,41.235092,39.816036,-14.094383,9.157259,-8.181952,-15.6388445,2.4682388,18.015207,32.912445,-16.797964,2.6115758,-23.310047,-0.43296936,4.6423907,13.27008,-6.0244727,3.7236419
312,-0.8915376663208008,-183.87509155273438,104.93263244628906,1.2337962710052335,-1.91666814854684,-98.307189825137,-0.72957313,-15.534081,24.0,4.0206437,15.0,2.5801935,47.677185,-6.9998913,37.84705,25.639174,9.806626,5.70872,1.1590273,-21.251694,41.283592,40.756733,-13.588205,9.270881,-8.828866,-14.4149475,1.6281143,18.264854,32.219116,-16.856367,2.7150435,-22.790873,-0.6255167,3.9880443,7.84106,-3.7671628,4.123937
313,-0.8249095678329468,-184.25588989257812,104.95181274414062,1.7148750361449845,-2.4171119232871914,-97.96406235362987,-1.5283514,-16.251131,24.0,4.51547,15.0,0.2739453,47.64012,-8.496199,36.9532,25.374203,9.773386,5.586327,1.1531525,-21.074684,41.238277,41.687077,-13.144257,9.359338,-9.435724,-13.170269,0.7660638,18.39459,31.48741,-16.875628,2.820056,-23.947659,-0.7176212,3.5421443,5.7636657,-2.9101565,5.403385
314,-0.7560117840766907,-184.6508026123047,104.97103881835938,2.1447449982739037,-2.926130362066087,-97.54687112704832,-2.4117012,-16.937122,24.0,5.042144,15.0,-1.9033803,47.52444,-9.932278,35.916996,24.952929,9.725571,5.4725375,1.1663105,-20.876822,41.07954,42.57445,-12.744625,9.434845,-10.040622,-11.937994,-0.056362845,18.414337,30.763,-16.892015,2.9146712,-25.958044,-0.73502755,3.1780963,5.620995,-2.8873951,7.286891
315,-0.6862947940826416,-185.0493621826172,105.01471710205078,2.416536777752786,-3.4056039917786616,-97.13290304124001,-3.3933692,-17.513447,24.0,5.68004,15.0,-3.6538897,47.386482,-10.965587,34.58033,24.463736,9.669131,5.3563886,1.121009,-20.717855,40.937904,43.342243,-12.318799,9.511833,-10.605512,-10.768957,-0.6770791,18.36041,30.07004,-16.906948,2.9703898,-27.890945,-0.57771957,2.8046536,5.4916196,-2.7441761,9.363921
316,-0.6241557598114014,-185.4464111328125,105.07518005371094,2.602654349456959,-3.8574546561557823,-96.77988557466011,-4.3529415,-18.009367,24.0,6.3542223,15.0,-5.2107635,47.22486,-11.878358,33.17211,23.909933,9.59373,5.3178487,1.0310796,-20.567087,40.820393,44.052864,-11.806924,9.571347,-11.144229,-9.642794,-1.1696616,18.316433,29.383162,-16.910042,3.0052123,-29.692825,-0.32938656,2.5888426,5.4247856,-2.6611836,11.267769
317,-0.5616143345832825,-185.83261108398438,105.15644836425781,2.7202282580172894,-4.310379654090227,-96.47167460363511,-5.2717037,-18.425045,24.0,7.032747,15.0,-6.8652897,47.011673,-12.931123,31.95607,23.236511,9.440694,5.386425,0.9118465,-20.395668,40.69502,44.76603,-11.194282,9.60316,-11.662261,-8.486736,-1.5733987,18.293509,28.636253,-16.880133,3.0280795,-31.108347,-0.048106395,2.4797986,5.0440955,-2.5323536,13.124408
318,-0.49898234009742737,-186.22581481933594,105.25164794921875,2.790911517518707,-4.776031628501028,-96.16887586245558,-6.2550607,-18.819038,24.0,7.80088,15.0,-8.170024,46.818836,-13.761149,30.558859,22.437193,9.266057,5.519664,0.769022,-20.257835,40.578205,45.3754,-10.525263,9.640717,-12.119439,-7.2853637,-1.9244673,18.26596,27.834133,-16.826715,3.042604,-32.14997,0.18222517,2.3776104,4.2470946,-2.278412,15.059103
319,-0.42266935110092163,-186.6173095703125,105.35045623779297,2.814946729422055,-5.249250502962552,-95.89027942910577,-7.166099,-19.141241,24.0,8.547728,15.0,-9.598234,46.543552,-14.8129425,29.314648,21.584509,9.110672,5.726522,0.6307934,-20.07598,40.448982,46.018326,-9.792737,9.650176,-12.574594,-6.07552,-2.2188785,18.247545,27.029245,-16.771168,3.0524943,-32.868443,0.3534257,2.236147,3.2062619,-2.0227127,16.688107
320,-0.34635862708091736,-187.00477600097656,105.45675659179688,2.787432581423178,-5.685005292050754,-95.69191002600505,-7.870745,-19.353037,24.0,9.061352,14.95359,-11.473513,46.133224,-16.243185,28.534452,20.798624,8.872521,5.940167,0.5189373,-19.831062,40.283566,46.78321,-8.992422,9.535946,-13.066984,-4.902072,-2.432298,18.28367,26.2177,-16.706116,3.0419753,-33.832138,0.5608792,2.1656141,2.9884982,-2.2233167,17.634356
321,-0.2754638195037842,-187.39076232910156,105.57418823242188,2.7272653868283303,-6.078276347758445,-95.58217521482564,-8.521041,-19.535402,24.0,9.619073,14.804604,-13.0677395,45.73645,-17.47306,27.549784,20.048143,8.739378,6.1478915,0.3966807,-19.623848,40.18783,47.41513,-8.088544,9.405848,-13.541335,-3.7373226,-2.5947912,18.390404,25.343056,-16.60843,3.0092344,-34.917137,0.8373302,2.1418023,3.4242995,-2.884028,17.654749
322,-0.20748302340507507,-187.76377868652344,105.70257568359375,2.6397141459902995,-6.449128162828312,-95.54458491365291,-9.044024,-19.655464,24.0,10.088982,14.655041,-14.819746,45.242226,-18.875145,26.772734,19.303402,8.594301,6.382322,0.27055576,-19.398733,40.135563,48.06855,-7.039134,9.207069,-14.043614,-2.5618622,-2.7209003,18.560974,24.395786,-16.469294,2.9609807,-35.92277,1.184733,2.1409717,4.134302,-3.763641,17.014093
323,-0.13843920826911926,-188.14352416992188,105.83181762695312,2.5079821992443154,-6.776339440424397,-95.56921429630191,-9.500838,-19.70809,24.0,10.532456,14.462913,-16.480072,44.712082,-20.219673,25.986761,18.627047,8.4885,6.5893474,0.13652812,-19.192175,40.116665,48.660866,-6.017186,8.990107,-14.486632,-1.4379201,-2.7805548,18.780413,23.468895,-16.338484,2.895318,-36.88506,1.6187758,2.145813,5.053784,-4.535675,16.105272
324,-0.06536129862070084,-188.53282165527344,105.96862030029297,2.2965911654874946,-7.052249549852481,-95.64371163066967,-9.892785,-19.651377,24.0,10.935006,14.22361,-18.104733,44.14294,-21.54442,25.239824,18.065798,8.425062,6.7294555,-0.01029139,-19.004103,40.12108,49.20228,-5.1540833,8.779075,-14.815277,-0.38091052,-2.730987,19.0414,22.58365,-16.226252,2.8063467,-37.412205,2.138156,2.0128345,5.3147225,-4.483536,15.314861
325,0.03024819865822792,-188.92181396484375,106.10860443115234,2.0061076552040635,-7.258581751662975,-95.80141252406817,-10.154261,-19.457525,24.0,11.250718,13.944918,-19.805746,43.46758,-22.934055,24.613705,17.669147,8.40925,6.795097,-0.16769327,-18.820993,40.125553,49.725067,-4.4413333,8.56193,-15.032065,0.56604034,-2.5741985,19.373346,21.774063,-16.14509,2.7066176,-37.736656,2.7652693,1.697338,5.3775606,-3.6667335,14.69764
326,0.13066966831684113,-189.31820678710938,106.2571792602539,1.6415553048802465,-7.399444577466024,-96.04353718423836,-10.331863,-19.151896,24.0,11.532779,13.613419,-21.41894,42.758408,-24.235106,23.973068,17.40038,8.444548,6.78691,-0.34138855,-18.668312,40.150215,50.171448,-3.8359706,8.350447,-15.142591,1.4296303,-2.313461,19.781721,21.008009,-16.081974,2.585125,-37.954388,3.4953482,1.2662703,5.458925,-2.3856277,14.01123
327,0.2388657033443451,-189.7227783203125,106.40178680419922,1.2150648693520725,-7.484850394727965,-96.32488782638592,-10.503014,-18.771774,24.0,11.829348,13.209453,-22.826054,42.095314,-25.35238,23.216248,17.211542,8.520453,6.7101326,-0.5343494,-18.556473,40.206825,50.50617,-3.4004292,8.174294,-15.151505,2.1865673,-1.9628583,20.220083,20.34624,-16.064777,2.4493713,-38.086266,4.2784033,0.91800994,5.5245805,-0.8977298,13.226523
328,0.34742435812950134,-190.1383514404297,106.53826904296875,0.7665886475929652,-7.539099347762982,-96.59464439668707,-10.489387,-18.260784,24.0,11.9101515,12.806921,-24.673605,41.083588,-26.863499,22.983688,17.145256,8.520074,6.615404,-0.6026439,-18.428879,40.14919,50.844337,-3.1257274,7.9961705,-15.16641,2.8850489,-1.5814621,20.649593,19.74592,-16.076885,2.3066273,-38.19161,5.048366,0.87322104,5.596264,0.54241234,12.378931
329,0.4478497803211212,-190.56626892089844,106.66397857666016,0.32406938932001395,-7.570910109494931,-96.84198111798698,-10.497591,-17.74225,24.0,11.9919615,12.342235,-26.335331,40.08006,-28.208042,22.688593,17.126183,8.518127,6.439021,-0.61708856,-18.34537,40.009808,51.01111,-3.2101235,7.899245,-15.048964,3.5397887,-1.2058924,21.062452,19.185968,-16.105495,2.1617193,-38.283257,5.771134,1.2156541,5.7052455,1.9747486,11.468932
330,0.5549848079681396,-190.995849609375,106.78582000732422,-0.1754155108882063,-7.563964285260896,-97.10069668334634,-10.488081,-17.145967,24.0,12.061216,11.818263,-27.887413,39.077923,-29.474789,22.38407,17.147564,8.527739,6.2053614,-0.61372125,-18.296537,39.862198,51.06152,-3.5404685,7.856223,-14.831495,4.104713,-0.7463049,21.48233,18.731184,-16.179441,2.0040293,-38.31613,6.5291824,1.7939916,5.796549,3.5304184,10.493969
331,0.6542125940322876,-191.45668029785156,106.89164733886719,-0.6574427276929952,-7.556938551276299,-97.3183748009168,-10.5017395,-16.555817,24.0,12.107214,11.261208,-29.341856,38.070526,-30.688715,22.095451,17.23657,8.549408,5.927382,-0.5788491,-18.274965,39.721264,51.04283,-3.9866493,7.8303113,-14.571168,4.6744676,-0.31086102,21.873415,18.305172,-16.283108,1.8444543,-38.2945,7.204029,2.5608754,5.8906717,5.033468,9.58309
332,0.7500801086425781,-191.9322967529297,106.98258972167969,-1.0766412676891808,-7.57383373711584,-97.45196744770969,-10.575124,-16.025597,24.0,12.120798,10.683714,-30.702696,37.051468,-31.853136,21.838762,17.42757,8.580596,5.6113405,-0.50016904,-18.27425,39.595474,50.994415,-4.424088,7.787596,-14.324525,5.3047395,0.021582011,22.201786,17.822525,-16.371286,1.7023305,-39.0419,7.775819,3.568234,7.61505,5.5046806,8.852481
333,0.8252836465835571,-192.42739868164062,107.0548095703125,-1.4350553479613661,-7.61843466910582,-97.48919460383004,-10.719965,-15.5541,24.0,12.101456,10.082803,-31.971916,36.015015,-32.97308,21.631924,17.739346,8.616255,5.2579117,-0.3833118,-18.289753,39.492016,50.931507,-4.880191,7.7189217,-14.078279,5.979955,0.2718373,22.44987,17.324652,-16.46105,1.5695125,-39.78134,8.2295,4.7914553,9.437134,5.692975,8.348743
334,0.9054814577102661,-192.93344116210938,107.10256958007812,-1.7557347423007776,-7.678916786411872,-97.45119856747671,-10.915109,-15.114097,24.0,12.050916,9.457071,-33.160507,34.958084,-34.055275,21.475805,18.15615,8.655076,4.8627095,-0.23551312,-18.31788,39.405396,50.847225,-5.400387,7.6376905,-13.813729,6.5608287,0.4926467,22.602856,16.979713,-16.59759,1.4673473,-40.355473,8.604529,6.2193084,11.050457,5.8388557,8.028744
335,0.9708962440490723,-193.4531707763672,107.13395690917969,-2.025736981503925,-7.74267310668163,-97.35093836618226,-11.140128,-14.710838,24.0,11.96149,8.810833,-34.280117,33.880173,-35.100384,21.342358,18.664991,8.704146,4.4264193,-0.04850523,-18.35726,39.31725,50.74017,-5.891682,7.5451884,-13.582239,7.2019553,0.6403465,22.711151,16.57756,-16.733774,1.3629649,-40.74898,8.8921175,7.6828985,12.401972,5.950778,7.8701015
336,1.0326448678970337,-193.97906494140625,107.15010070800781,-2.2321782091919897,-7.797889600803749,-97.20511767354886,-11.370935,-14.350474,24.0,11.825087,8.148024,-35.344494,32.782883,-36.109188,21.203436,19.252329,8.7706995,3.9476395,0.18443449,-18.409119,39.208748,50.60947,-6.262604,7.4438667,-13.4333935,7.9344697,0.6830157,22.79689,16.055988,-16.85573,1.2575411,-40.9864,9.076086,9.016816,13.5002365,6.009912,7.840907
337,1.075465202331543,-194.5255584716797,107.1487045288086,-2.37758749856482,-7.838397728160648,-96.99740289412344,-11.618321,-14.02841,24.0,11.635014,7.459738,-36.363186,31.665718,-37.089317,21.055765,19.943594,8.867584,3.4079275,0.47594932,-18.474756,39.08261,50.44574,-6.474796,7.323717,-13.398305,8.497726,0.69254816,22.76732,15.697693,-16.995068,1.1838301,-41.060276,9.140724,10.246021,14.311995,5.984967,7.9594455
338,1.106993556022644,-195.08755493164062,107.13006591796875,-2.4693430088960397,-7.86333398874007,-96.73261936298346,-11.880182,-13.736474,24.0,11.392868,6.7409906,-37.33789,30.527498,-38.04715,20.91056,20.73767,8.986415,2.8134778,0.82077146,-18.555435,38.937893,50.2471,-6.584859,7.1872234,-13.445896,9.117888,0.6272756,22.691408,15.271455,-17.140873,1.1046754,-40.97693,9.0936,11.4447775,14.852891,5.885607,8.226321
339,1.1358659267425537,-195.66319274902344,107.09711456298828,-2.5227265754209265,-7.874253547846019,-96.45123033557705,-12.123024,-13.454535,24.0,11.105059,6.0057254,-38.260162,29.370161,-38.97877,20.762121,21.579334,9.101722,2.2017543,1.2055466,-18.649115,38.755325,50.01678,-6.640754,7.0594997,-13.530898,9.737176,0.51680255,22.594574,14.840689,-17.299131,1.0294639,-40.782192,8.968725,12.493399,15.221231,5.7450795,8.568089
340,1.1609044075012207,-196.25448608398438,107.05070495605469,-2.548358089519182,-7.857380453991896,-96.19072457945028,-12.358574,-13.175012,23.88899,10.808727,5.352182,-39.067554,28.195307,-39.870922,20.67311,22.39879,9.166241,1.6180258,1.6029946,-18.741823,38.56643,49.825184,-6.6825666,6.96857,-13.567813,10.204545,0.408089,22.475649,14.551036,-17.479034,0.9731746,-40.500973,8.790107,13.271719,15.439595,5.639219,8.913725
341,1.1795539855957031,-196.85806274414062,106.9909896850586,-2.5262990403642718,-7.798893391381589,-95.95033409699143,-12.641885,-12.930335,23.543541,10.541778,4.871349,-39.6831,27.000425,-40.697906,20.711555,23.20376,9.160462,1.0656261,1.97289,-18.808535,38.447193,49.781685,-6.681231,6.9144382,-13.51023,10.712421,0.23064724,22.384241,14.177384,-17.661224,0.9069209,-40.15875,8.532316,13.757426,15.519477,5.5512776,9.32776
342,1.189860463142395,-197.4628143310547,106.91746520996094,-2.4677291495781484,-7.725177668041291,-95.7149791382724,-12.909674,-12.698597,23.160229,10.248434,4.4093633,-40.212826,25.794847,-41.472343,20.760803,24.042053,9.12967,0.5072106,2.3360286,-18.85246,38.316856,49.792576,-6.639111,6.870825,-13.454021,11.190092,0.022739535,22.286373,13.8307705,-17.858088,0.8413427,-39.713463,8.19439,13.9983635,15.4372425,5.456851,9.813896
343,1.1993833780288696,-198.07981872558594,106.83135986328125,-2.386831771013195,-7.630258624137113,-95.50129009792872,-13.1326275,-12.458705,22.748976,9.925623,3.9644904,-40.69189,24.589903,-42.212387,20.823027,24.857502,9.055853,-0.03868568,2.6995072,-18.877089,38.159668,49.836414,-6.59461,6.838318,-13.405832,11.638893,-0.20446007,22.196697,13.508359,-18.074741,0.7777493,-39.22732,7.8220305,14.034111,15.299285,5.3687606,10.226724
344,1.2162359952926636,-198.70343017578125,106.73382568359375,-2.3006126265696727,-7.5078569367791,-95.32711541645651,-13.304848,-12.201645,22.318687,9.597759,3.5250554,-41.11563,23.388628,-42.937103,20.884521,25.613674,8.950447,-0.5144203,3.0416691,-18.884342,37.996655,49.90437,-6.5767255,6.8168902,-13.368968,12.055648,-0.43335727,22.131132,13.224369,-18.327896,0.71458,-38.786644,7.466047,13.911719,15.244332,5.28996,10.424618
345,1.2253402471542358,-199.32772827148438,106.63333129882812,-2.2062611861217105,-7.353166680144813,-95.19170048415597,-13.416989,-11.922383,21.862139,9.252383,3.1016104,-41.496525,22.199852,-43.64077,20.946396,26.289946,8.80332,-0.9238919,3.3746176,-18.875305,37.820473,49.985996,-6.5947614,6.8178663,-13.350008,12.402625,-0.6570666,22.076916,12.975362,-18.581873,0.6552032,-38.385315,7.126132,13.61395,15.268812,5.2235246,10.344134
346,1.2268916368484497,-199.9595947265625,106.52644348144531,-2.0983433658156665,-7.170491071882769,-95.08739640939675,-13.492631,-11.637566,21.379658,8.903744,2.6874776,-41.810295,21.02159,-44.330105,20.997223,26.917469,8.641413,-1.2598026,3.6879685,-18.85051,37.641712,50.087444,-6.634059,6.8393373,-13.339368,12.715922,-0.88940865,22.037703,12.737046,-18.843538,0.5941748,-38.00146,6.7824774,13.129895,15.334257,5.158594,10.071612
347,1.2311075925827026,-200.5880126953125,106.40473175048828,-1.9828097279166401,-6.969029355168777,-95.02071422951785,-13.493815,-11.326894,20.885834,8.522565,2.2831683,-42.116882,19.873993,-45.00325,21.058744,27.47096,8.417225,-1.5968554,4.001913,-18.813015,37.435253,50.215466,-6.675512,6.857683,-13.343688,12.972592,-1.1156648,22.016983,12.5858,-19.154951,0.53369725,-37.631863,6.448556,12.504949,15.438148,5.101839,9.681858
348,1.228549599647522,-201.21990966796875,106.27547454833984,-1.8662576538409517,-6.758664558895373,-94.99686247064307,-13.444963,-11.001403,20.400171,8.148587,1.8707446,-42.40072,18.75893,-45.68603,21.117954,27.964672,8.164061,-1.9100035,4.2812347,-18.764315,37.233105,50.383133,-6.7061505,6.8528533,-13.351288,13.207216,-1.3363384,22.030825,12.464073,-19.480694,0.46952403,-37.272438,6.136858,11.783901,15.581373,5.057941,9.248117
349,1.2223284244537354,-201.8536834716797,106.14043426513672,-1.7505299698556018,-6.53685190066939,-95.020220764686,-13.330896,-10.6524935,19.918745,7.7689075,1.4540712,-42.67877,17.686556,-46.389046,21.176313,28.3562,7.8691654,-2.199006,4.535177,-18.70565,37.0233,50.593525,-6.708752,6.8144784,-13.373063,13.433717,-1.5562488,22.088991,12.35116,-19.817747,0.40077695,-36.943935,5.8561172,10.963966,15.802356,5.01863,8.738592
350,1.216577410697937,-202.4906463623047,105.99839782714844,-1.631566420267653,-6.3008166933010985,-95.08590786879304,-13.16078,-10.287719,19.436056,7.386149,1.0338105,-42.938034,16.661772,-47.108425,21.22045,28.654045,7.543466,-2.4547265,4.7657576,-18.637228,36.807587,50.836033,-6.696901,6.757148,-13.406215,13.639185,-1.7808069,22.181396,12.257121,-20.168098,0.3320987,-36.64207,5.595096,10.026257,16.092222,4.978711,8.129559
351,1.2167649269104004,-203.13363647460938,105.849609375,-1.508476447013837,-6.059038258465249,-95.1857682750724,-12.949961,-9.920654,18.961222,7.0123057,0.6059093,-43.178047,15.685906,-47.823128,21.252289,28.921991,7.190121,-2.7153885,4.9600444,-18.56013,36.608402,51.11067,-6.6894803,6.6936097,-13.435307,13.849225,-2.0221982,22.303139,12.149768,-20.51749,0.2666846,-36.342102,5.3402944,8.992821,16.411394,4.936432,7.5071807
352,1.215219259262085,-203.7808837890625,105.69538879394531,-1.377666813867123,-5.81839222036282,-95.31186585757823,-12.709028,-9.5627365,18.501745,6.6535516,0.167969,-43.40256,14.761957,-48.503895,21.276299,29.223133,6.801608,-3.0291312,5.109607,-18.476519,36.446415,51.418007,-6.7011113,6.6362576,-13.447539,14.083551,-2.2851844,22.448053,12.007087,-20.854479,0.20061895,-36.042988,5.0823555,7.890766,16.751131,4.884867,6.9595747
353,1.2078299522399902,-204.43115234375,105.53304290771484,-1.237751284600517,-5.581735157844669,-95.46740033565212,-12.4374,-9.217604,18.058908,6.3136086,-0.28140172,-43.614468,13.892863,-49.14561,21.281187,29.582237,6.3613987,-3.4231086,5.2067685,-18.387589,36.337955,51.767204,-6.7303805,6.587344,-13.441468,14.332479,-2.56601,22.615612,11.852781,-21.189747,0.13375051,-35.741383,4.8184023,6.687298,17.118147,4.8385835,6.526169
354,1.203485131263733,-205.08981323242188,105.36357116699219,-1.091217819929509,-5.345121702022633,-95.65463847579991,-12.135128,-8.880185,17.627203,5.9923463,-0.73962694,-43.810425,13.081909,-49.756607,21.264273,29.964123,5.875604,-3.869793,5.252188,-18.2936,36.279163,52.15735,-6.764962,6.541618,-13.424909,14.604702,-2.8726969,22.810635,11.662452,-21.514702,0.0699519,-35.424343,4.5525312,5.3784733,17.499697,4.8000298,6.1530385
355,1.1899265050888062,-205.7542266845703,105.19100189208984,-0.9426911953028094,-5.104983748236351,-95.86563612493742,-11.818049,-8.549123,17.20364,5.6953244,-1.2052829,-43.979546,12.330529,-50.329723,21.23944,30.345552,5.3778067,-4.3269496,5.2476306,-18.19623,36.261368,52.57579,-6.8066683,6.499793,-13.397201,14.901908,-3.1937294,23.028246,11.423027,-21.816704,-0.0015041941,-35.120323,4.2897563,4.044177,17.903868,4.7406673,5.7918606
356,1.1796557903289795,-206.42686462402344,105.0125503540039,-0.7981451554440513,-4.8578438573297085,-96.09126681767475,-11.501659,-8.221383,16.785967,5.4265165,-1.6759297,-44.111813,11.639098,-50.855484,21.221838,30.705885,4.8999424,-4.75538,5.195255,-18.098166,36.27536,53.00741,-6.857518,6.463205,-13.357474,15.208889,-3.5233836,23.257915,11.15763,-22.10681,-0.078140795,-34.81968,4.0328336,2.7566218,18.290014,4.642104,5.394049
357,1.1692448854446411,-207.0994110107422,104.83423614501953,-0.6575996698187736,-4.599231631287237,-96.3392817039919,-11.178332,-7.894837,16.371035,5.187082,-2.151436,-44.211327,11.008357,-51.32997,21.20537,31.06743,4.4259505,-5.173309,5.092416,-18.001245,36.32944,53.457184,-6.9066215,6.43376,-13.310497,15.532041,-3.8679595,23.506664,10.830219,-22.361305,-0.1623714,-34.543957,3.7849371,1.5097841,18.689665,4.4972625,4.9390807
358,1.1508620977401733,-207.7880096435547,104.65166473388672,-0.5179334014357453,-4.331492547876224,-96.61102792165438,-10.844453,-7.57074,15.960171,4.9746504,-2.632461,-44.282448,10.439495,-51.7582,21.18306,31.43328,3.946496,-5.5934143,4.9403086,-17.90616,36.425922,53.926147,-6.9552674,6.4116893,-13.255241,15.893487,-4.2342477,23.779825,10.419641,-22.579027,-0.25778246,-34.294914,3.5441632,0.27523085,19.111364,4.3201694,4.4562354
359,1.1343570947647095,-208.4827117919922,104.46721649169922,-0.3809434002094147,-4.062808356610176,-96.88992634752334,-10.518682,-7.2525225,15.559703,4.787238,-3.120121,-44.317554,9.932396,-52.145027,21.17139,31.75517,3.5052352,-5.9685388,4.7517443,-17.813787,36.54233,54.388557,-7.0258327,6.396646,-13.18208,16.30187,-4.6264963,24.06484,9.912127,-22.748411,-0.35467476,-34.02448,3.307091,-0.907926,19.486393,4.108311,3.973573
360,1.1123733520507812,-209.1773681640625,104.28217315673828,-0.25084268569763446,-3.8001598590784025,-97.16030404533586,-10.214678,-6.9397826,15.176561,4.6183085,-3.6159127,-44.31131,9.486468,-52.496956,21.186234,31.983543,3.1442919,-6.2546945,4.5445285,-17.72524,36.64692,54.81399,-7.1443176,6.388596,-13.08078,16.751501,-5.0281653,24.349632,9.3301325,-22.87528,-0.45473838,-33.729,3.074785,-1.9922292,19.790445,3.856799,3.519422
361,1.0850733518600464,-209.8753662109375,104.09749603271484,-0.12435961192238754,-3.542708299021099,-97.42855443749266,-9.922785,-6.631804,14.812333,4.4622784,-4.120808,-44.27221,9.1009245,-52.817135,21.225538,32.100597,2.8810568,-6.449111,4.320017,-17.641634,36.73115,55.196896,-7.3184943,6.390829,-12.935706,17.272228,-5.4594064,24.645115,8.609211,-22.931261,-0.55616546,-33.399635,2.8495822,-2.980482,20.004513,3.565949,3.0610783
362,1.048651099205017,-210.58407592773438,103.93525695800781,-0.0020929347208961994,-3.2864724644044228,-97.70023880812272,-9.637289,-6.326453,14.464506,4.32146,-4.635078,-44.203693,8.774128,-53.106377,21.284904,32.135017,2.6929598,-6.572275,4.074943,-17.56385,36.803856,55.54664,-7.5390906,6.4027114,-12.755568,17.427916,-5.6987424,24.888113,8.682749,-23.363535,-0.68647784,-32.9667,2.63827,-3.9079816,19.99677,3.3124886,2.6003654
363,1.0118608474731445,-211.2965545654297,103.77851867675781,0.11188954464266257,-3.03593787222583,-97.95835061367428,-9.375515,-6.0213842,14.134082,4.1980677,-5.1567483,-44.094414,8.504004,-53.366657,21.374994,32.10604,2.560203,-6.617054,3.8227227,-17.492388,36.85624,55.854046,-7.8060365,6.4179835,-12.566672,17.61172,-5.934154,25.125954,8.716977,-23.734371,-0.83819,-32.479626,2.4404457,-4.745099,19.880606,3.0432181,2.2151208
364,0.9642685651779175,-212.01734924316406,103.62557983398438,0.21682146897325733,-2.7951979504638134,-98.1855460687491,-9.154828,-5.7147536,13.823044,4.094833,-5.68514,-43.93395,8.286769,-53.602528,21.509382,32.03276,2.4640255,-6.573958,3.5765615,-17.428307,36.87646,56.110237,-8.122359,6.4304914,-12.39406,17.781845,-6.132465,25.334572,8.8190975,-24.057827,-1.028497,-31.929523,2.254755,-5.4785357,19.669703,2.7672746,1.9656359
365,0.9065850377082825,-212.7494354248047,103.48019409179688,0.32205608265647045,-2.566241062037548,-98.37595929448678,-8.978061,-5.4178634,13.529629,4.010943,-6.2170672,-43.728405,8.119946,-53.81975,21.700073,31.903238,2.4057655,-6.4312563,3.3464253,-17.371223,36.84733,56.302826,-8.538906,6.4442725,-12.226077,17.947453,-6.3075166,25.503666,8.971039,-24.293608,-1.2612485,-31.30333,2.06814,-6.122772,19.340706,2.5125053,1.7991704
366,0.8477789163589478,-213.49330139160156,103.33834838867188,0.4270649996203081,-2.3466009523391986,-98.5392191275124,-8.833015,-5.127033,13.25487,3.9415705,-6.7539086,-43.48509,8.001351,-54.018116,21.94303,31.712074,2.3912535,-6.1960716,3.1278281,-17.321636,36.771236,56.43675,-9.041978,6.4599853,-12.054612,18.110958,-6.4630775,25.640617,9.163147,-24.412912,-1.5380012,-30.612364,1.886734,-6.675168,18.901957,2.3533468,1.6162521
367,0.7785025835037231,-214.24522399902344,103.2038345336914,0.5141805369993454,-2.135073863465092,-98.68201346528262,-8.714458,-4.8186326,13.0044775,3.8837123,-7.302061,-43.194603,7.926855,-54.190075,22.2269,31.489756,2.4074929,-5.8877907,2.913061,-17.28274,36.66957,56.527283,-9.533345,6.4686103,-11.911312,18.23762,-6.561904,25.749746,9.470347,-24.426308,-1.8597447,-29.89315,1.7338352,-7.101311,18.414968,2.406374,1.3652344
368,0.7158212661743164,-215.0077362060547,103.0760498046875,0.562295940955723,-1.9306894904160963,-98.81104964505926,-8.638763,-4.466966,12.782889,3.8552203,-7.8672037,-42.825184,7.9035,-54.298042,22.523712,31.284184,2.4426122,-5.530712,2.6788301,-17.268808,36.60212,56.58751,-9.895482,6.468607,-11.827245,18.29816,-6.5681934,25.83639,9.958523,-24.3472,-2.2210245,-29.14027,1.6311297,-7.3867826,17.901655,2.741342,1.0187181
369,0.6449224948883057,-215.78709411621094,102.95573425292969,0.6110150155149299,-1.7386672324143797,-98.91693694476227,-8.594005,-4.116091,12.580654,3.8346336,-8.437304,-42.403862,7.9007344,-54.36935,22.88773,31.078434,2.4819648,-5.115165,2.450983,-17.266972,36.54843,56.611057,-10.101591,6.454359,-11.81924,18.336138,-6.546093,25.88216,10.544904,-24.147013,-2.6020281,-28.34015,1.508831,-7.442108,17.37225,3.2691526,0.7987871
370,0.5670063495635986,-216.58267211914062,102.84105682373047,0.6573416239422024,-1.5582780060798997,-98.9992966852221,-8.563739,-3.765247,12.402364,3.8078082,-9.015772,-41.954597,7.91317,-54.444798,23.328825,30.840298,2.541553,-4.6194415,2.2457073,-17.27247,36.463993,56.58595,-10.222964,6.4272876,-11.867433,18.358536,-6.4968386,25.887075,11.210116,-23.841097,-2.9904854,-27.473982,1.3674054,-7.3602114,16.789572,3.9000473,0.60431945
371,0.5013478398323059,-217.3824005126953,102.74649810791016,0.6152352464886436,-1.3778087527566978,-99.07991169011828,-8.540821,-3.317129,12.261825,3.7882864,-9.619225,-41.455303,7.9345927,-54.482475,23.820206,30.617445,2.623928,-4.070091,2.013701,-17.287102,36.382164,56.564613,-10.274017,6.3824897,-11.960197,18.288883,-6.2899632,25.887175,12.090845,-23.506563,-3.390475,-26.637535,1.343358,-7.353085,16.205925,4.634001,0.055640943
372,0.44850674271583557,-218.1751708984375,102.704833984375,0.39074233234235695,-1.1846583765672791,-99.18053144602521,-8.506044,-2.6666617,12.183995,3.7772682,-10.275722,-40.894936,7.9783673,-54.47625,24.304081,30.431011,2.7480977,-3.4820607,1.7369893,-17.323442,36.283173,56.552746,-10.302489,6.3223777,-12.076676,18.064121,-5.794156,25.920418,13.300787,-23.21929,-3.8090627,-25.897682,1.59243,-7.575419,15.642841,5.441146,-1.0327427
373,0.44335880875587463,-218.99380493164062,102.6813735961914,-0.09814665904337544,-0.9469066338291524,-99.3046514909541,-8.48347,-1.7163829,12.1693125,3.7949924,-11.011828,-40.24804,8.068837,-54.396297,24.735126,30.319689,2.911446,-2.8381348,1.3965065,-17.416485,36.19588,56.517647,-10.274286,6.252165,-12.223515,17.629343,-4.8985143,26.006813,14.897021,-23.07024,-4.262097,-25.349936,2.2535832,-8.089718,15.113036,6.3207397,-2.6148505
374,0.43359681963920593,-219.81710815429688,102.70664978027344,-0.8065134037458617,-0.6757389436469496,-99.44140692974167,-8.480275,-0.5293718,12.201089,3.8405704,-11.801404,-39.5385,8.155384,-54.271408,25.201849,30.259949,3.1120527,-2.1199212,0.98546296,-17.533743,36.157864,56.504215,-10.151846,6.1596565,-12.417252,17.057175,-3.6816761,26.128862,16.759472,-23.062748,-4.7410464,-24.95024,3.2457082,-8.75239,14.590955,7.1239066,-4.235313
375,0.41704872250556946,-220.63796997070312,102.76335144042969,-1.63167205808118,-0.4242177913763995,-99.59180215967406,-8.459006,0.7847322,12.290173,3.885017,-12.603532,-38.7813,8.247638,-54.06468,25.69634,30.202312,3.3290963,-1.4288764,0.5583763,-17.672388,36.130672,56.49357,-9.989976,6.0688434,-12.631035,16.456774,-2.2945242,26.265118,18.762165,-23.123814,-5.2186236,-24.559223,4.397432,-9.393796,14.049404,7.688801,-5.5277877
376,0.4000283181667328,-221.46713256835938,102.8164291381836,-2.4526677484098074,-0.2501531617993372,-99.75351946308108,-8.446358,2.0835319,12.453233,3.9624124,-13.384615,-37.942745,8.337024,-53.75706,26.211945,30.130264,3.6029603,-0.79592353,0.11037112,-17.824009,36.150322,56.493294,-9.834052,6.0039806,-12.827886,15.934972,-0.9086066,26.39032,20.785666,-23.131428,-5.6673927,-24.028296,5.515922,-9.878283,13.483439,7.9412265,-6.334318
377,0.3893456757068634,-222.30014038085938,102.87203979492188,-3.2821122088362618,-0.1835354187412544,-99.90248281502484,-8.482016,3.3736334,12.718874,4.0918975,-14.149403,-36.99961,8.410615,-53.341488,26.746494,30.023296,3.9536147,-0.22424276,-0.3745999,-17.98226,36.230247,56.516396,-9.699399,5.9626565,-12.99839,15.533412,0.49366498,26.482609,22.81256,-23.018696,-6.129409,-23.268713,6.6029563,-10.224228,12.873618,7.9283986,-6.784663
378,0.3854938745498657,-223.15110778808594,102.92825317382812,-4.159687295495442,-0.19089832711824453,-100.04391352144118,-8.535293,4.7082195,13.063583,4.23861,-14.907355,-35.983887,8.47544,-52.818375,27.307642,29.888794,4.337848,0.27926964,-0.8853263,-18.146643,36.341114,56.567467,-9.56067,5.9308114,-13.16633,15.299126,1.9386904,26.57939,24.781954,-22.784683,-6.6322846,-22.368174,7.728647,-10.50899,12.24137,7.7750077,-7.08739
379,0.38146722316741943,-224.0123748779297,102.98945617675781,-4.995534378875536,-0.2375136738733933,-100.21766808708355,-8.57566,5.9934254,13.436575,4.4046717,-15.632939,-34.888355,8.526068,-52.20273,27.898308,29.787424,4.7614627,0.75370103,-1.4304788,-18.310894,36.5112,56.651043,-9.394492,5.917374,-13.334634,14.967953,3.3597026,26.638597,26.897545,-22.363646,-7.0580516,-21.405472,8.793003,-10.694802,11.617852,7.5463324,-7.277094
380,0.3614736795425415,-224.87008666992188,103.06211853027344,-5.6975191036793085,-0.2884708975756991,-100.46680634479124,-8.551479,7.1372094,13.775399,4.5752726,-16.297081,-33.723625,8.5603075,-51.498768,28.533546,29.770672,5.206484,1.2120408,-2.012643,-18.46635,36.76313,56.78468,-9.170328,5.9261203,-13.514147,14.576257,4.6101923,26.703526,29.070438,-21.691444,-7.3470197,-20.47919,9.65452,-10.737089,11.111466,7.2431283,-7.312604
381,0.34030354022979736,-225.72238159179688,103.15384674072266,-6.241912391941016,-0.33976901884583666,-100.82029990328873,-8.44961,8.125775,14.068041,4.7622523,-16.904669,-32.46326,8.573297,-50.672882,29.20049,29.871708,5.688077,1.6412065,-2.6556826,-18.608347,37.12265,57.006546,-8.859675,5.938235,-13.727508,14.097486,5.6489286,26.79,31.297726,-20.692368,-7.497734,-19.60541,10.352594,-10.635525,10.655926,6.938494,-7.2345934
382,0.3176247179508209,-226.5770721435547,103.26123046875,-6.671241224385869,-0.40781804342767325,-101.25230383690672,-8.299067,8.998817,14.336436,4.971937,-17.46429,-31.102674,8.56148,-49.727478,29.894299,30.05971,6.2082696,2.0376523,-3.363873,-18.733685,37.587883,57.312893,-8.480011,5.953815,-13.964679,13.562089,6.54197,26.893808,33.572514,-19.414137,-7.532066,-18.742783,10.926026,-10.412662,10.235157,6.6194606,-7.062019
383,0.29812440276145935,-227.4183807373047,103.38558197021484,-6.999365634284737,-0.48850798752800056,-101.72310617013126,-8.104992,9.753767,14.573253,5.1765523,-17.956839,-29.692307,8.527991,-48.729687,30.642511,30.28539,6.7314095,2.4338093,-4.0988855,-18.831242,38.124825,57.64525,-8.075634,6.0075893,-14.188825,12.94744,7.344705,26.993711,35.91758,-17.951448,-7.398907,-17.868979,11.382941,-10.115641,9.785465,6.3296194,-6.842928
384,0.2638542056083679,-228.24241638183594,103.5195083618164,-7.240822554481416,-0.5777410958801373,-102.19118163027308,-7.8678217,10.385569,14.773723,5.34623,-18.363972,-28.290995,8.480537,-47.760647,31.478926,30.49237,7.225881,2.8676107,-4.8204913,-18.887068,38.68497,57.953743,-7.70092,6.131022,-14.361686,12.228797,8.109496,27.068012,38.346138,-16.385174,-7.0551095,-17.024551,11.733959,-9.789764,9.386475,6.0283694,-6.635853
385,0.19101545214653015,-229.06399536132812,103.66541290283203,-7.369873187064375,-0.6841844249080734,-102.6896694342727,-7.54588,10.865568,14.941391,5.477325,-18.671818,-26.900364,8.422921,-46.826748,32.414574,30.700865,7.7094913,3.3595707,-5.528778,-18.888742,39.257427,58.26356,-7.3623013,6.339684,-14.468111,11.421996,8.804319,27.189371,40.86534,-14.703414,-6.444074,-16.243748,11.961065,-9.406318,9.144796,5.653962,-6.4508605
386,0.0861692801117897,-229.8729248046875,103.82152557373047,-7.390212342388451,-0.8059744260312638,-103.2260819464665,-7.145971,11.203955,15.078632,5.5827103,-18.892496,-25.501768,8.355589,-45.90477,33.434456,30.919077,8.195549,3.8907778,-6.2420263,-18.832207,39.851707,58.60784,-7.0478845,6.607358,-14.529895,10.539684,9.426853,27.3687,43.460392,-12.865007,-5.6050215,-15.528721,12.069135,-8.963052,9.050008,5.2137475,-6.266426
387,-0.04579204320907593,-230.6772003173828,103.98037719726562,-7.360329686230667,-0.9240402431793729,-103.72005067904149,-6.7392054,11.455157,15.181898,5.654521,-19.052135,-24.129107,8.285235,-45.032127,34.536156,31.069828,8.642895,4.442639,-6.9387426,-18.717701,40.440884,58.93768,-6.784826,6.9061356,-14.5655,9.554331,10.063133,27.482988,46.10713,-10.904292,-4.6511445,-14.8559885,12.110226,-8.542773,9.037204,4.7253413,-6.094507
388,-0.1979578286409378,-231.48443603515625,104.141357421875,-7.338688574580903,-1.0196919561768583,-104.09094384198835,-6.3895025,11.673672,15.24752,5.678057,-19.176321,-22.823263,8.223063,-44.260933,35.717144,31.06791,9.011119,5.001082,-7.588303,-18.55,40.980713,59.193737,-6.6068463,7.208716,-14.591537,8.427353,10.790826,27.391907,48.79413,-8.862499,-3.701973,-14.149317,12.143161,-8.227599,8.935916,4.2597613,-5.945813
389,-0.37492305040359497,-232.27291870117188,104.29615020751953,-7.319294272647437,-1.07100186498926,-104.30695269546398,-6.111111,11.849676,15.256101,5.6380434,-19.25786,-21.588308,8.181078,-43.61997,36.986107,30.893904,9.3005495,5.606706,-8.165513,-18.328161,41.442738,59.34606,-6.553249,7.550878,-14.60158,7.0492063,11.600095,26.944212,51.60862,-6.724612,-2.6452622,-13.476897,12.156812,-8.033789,8.810824,3.7981067,-5.830352
390,-0.5866178870201111,-233.07028198242188,104.45071411132812,-7.278744886466027,-1.0938900972885326,-104.41459846288453,-5.8644533,11.960288,15.219407,5.541691,-19.291868,-20.411144,8.165611,-43.09251,38.33801,30.580599,9.530023,6.2575,-8.684788,-18.052883,41.836468,59.427097,-6.6067486,7.9319324,-14.586967,5.461772,12.441219,26.248756,54.518394,-4.4611864,-1.4828424,-12.8374815,12.1336565,-7.9207487,8.723658,3.296427,-5.7390056
391,-0.8028753995895386,-233.85174560546875,104.59362030029297,-7.25086095511513,-1.1271563656135208,-104.45100277700325,-5.634075,12.043329,15.1798315,5.4076953,-19.297106,-19.305038,8.178883,-42.65672,39.74842,30.125317,9.683244,6.873693,-9.17335,-17.73683,42.17936,59.461365,-6.7108326,8.273165,-14.561906,3.8553262,13.333801,25.533066,57.322983,-2.0921843,-0.49373534,-12.18584,12.113709,-7.877596,8.629838,2.7940078,-5.6632295
392,-1.0167485475540161,-234.6092987060547,104.71996307373047,-7.269343336778774,-1.209893975163114,-104.45374354636778,-5.4025683,12.138922,15.179688,5.2528534,-19.296713,-18.282755,8.219507,-42.28988,41.190903,29.527777,9.745029,7.373566,-9.652153,-17.401138,42.489048,59.457027,-6.8045473,8.500828,-14.541612,2.4221344,14.3155985,25.008945,59.842495,0.33757353,0.06310849,-11.4337,12.15157,-7.895576,8.428693,2.3417745,-5.60364
393,-1.2176814079284668,-235.33981323242188,104.82213592529297,-7.358856119238505,-1.3558216491764836,-104.4044785690211,-5.1821904,12.268501,15.233855,5.072348,-19.294737,-17.356258,8.288721,-41.99932,42.659004,28.74486,9.707488,7.7208753,-10.106382,-17.062119,42.759544,59.376553,-6.8721414,8.605717,-14.522108,1.1971302,15.446645,24.679861,62.05721,3.0144062,-0.019915616,-10.57258,12.268984,-8.000399,8.130885,1.9324486,-5.5620747
394,-1.409093976020813,-236.0707244873047,104.91144561767578,-7.496208997857847,-1.543352964337529,-104.2934634275791,-4.972733,12.410919,15.319657,4.8565803,-19.280487,-16.514748,8.388978,-41.791977,44.162838,27.796331,9.5795355,7.9586143,-10.519421,-16.727285,42.984406,59.197342,-6.9388456,8.633363,-14.497286,0.06450295,16.685814,24.389616,64.08255,5.8783436,-0.55875784,-9.603249,12.437628,-8.183837,7.7220073,1.5608422,-5.5298724
395,-1.5925850868225098,-236.79132080078125,104.98582458496094,-7.643831209598564,-1.7584560150294635,-104.17178018865017,-4.739777,12.5445795,15.423335,4.617002,-19.258423,-15.732276,8.517128,-41.641167,45.696297,26.77972,9.3728485,8.123132,-10.909277,-16.405039,43.185036,58.946407,-7.0013194,8.593593,-14.480413,-0.9919222,17.93696,24.140594,65.929955,8.516716,-1.2047833,-8.625635,12.61577,-8.3786335,7.3447247,1.1754862,-5.497488
396,-1.7919384241104126,-237.51797485351562,105.05754852294922,-7.764299854039695,-1.9876856948091006,-104.09008465190136,-4.4538097,12.648398,15.531129,4.3691444,-19.231392,-14.979914,8.666118,-41.509586,47.25545,25.798601,9.096738,8.250488,-11.2983,-16.10376,43.393906,58.654896,-7.050491,8.496404,-14.485189,-1.9756496,19.132221,23.989973,67.62356,10.501916,-1.5828639,-7.6340475,12.779706,-8.526024,6.9719157,0.7880554,-5.461877
397,-1.972766637802124,-238.21473693847656,105.12419128417969,-7.8574721860904235,-2.246737917379942,-104.05340751369889,-4.11124,12.7280035,15.658836,4.1135807,-19.20195,-14.265452,8.831459,-41.401936,48.854595,24.856634,8.71486,8.319449,-11.68772,-15.830472,43.625145,58.315025,-7.0620775,8.323243,-14.534442,-2.825443,20.35709,24.110598,69.1939,11.759676,-1.5683271,-6.6407347,12.911968,-8.620357,6.6123595,0.42039612,-5.4090295
398,-2.1387040615081787,-238.90101623535156,105.18917846679688,-7.940068273626673,-2.5366953458136496,-104.03817499005598,-3.726375,12.794728,15.806633,3.843301,-19.169298,-13.598071,9.01198,-41.32726,50.49415,23.913631,8.236203,8.316061,-12.065493,-15.589409,43.868248,57.904976,-7.0393376,8.080023,-14.614389,-3.542629,21.64264,24.463367,70.63852,12.4882,-1.3402172,-5.579292,13.035286,-8.692351,6.1647944,0.10578096,-5.343169
399,-2.2955639362335205,-239.5875701904297,105.24938201904297,-7.9978825636213955,-2.821042163389993,-104.04994608390862,-3.3001795,12.836529,15.938968,3.5637884,-19.131527,-12.9486265,9.203851,-41.24887,52.147797,23.009289,7.734668,8.289355,-12.432435,-15.381295,44.119343,57.43359,-7.014009,7.814074,-14.686096,-4.220365,22.837101,24.812717,71.912605,12.683363,-0.97818315,-4.5654554,13.122529,-8.729973,5.7887416,-0.23420088,-5.265776
400,-2.451835870742798,-240.26870727539062,105.3116683959961,-8.015925416351456,-3.061654467384267,-104.09251983457366,-2.8404367,12.839584,16.021263,3.2849913,-19.088985,-12.28445,9.40171,-41.117924,53.789337,22.190002,7.2803707,8.289397,-12.79598,-15.20307,44.381298,56.91555,-7.0152373,7.5716424,-14.710313,-4.973811,23.770363,24.899006,72.97296,12.345126,-0.58096474,-3.7784083,13.139413,-8.722587,5.7510543,-0.7235357,-5.1822343
401,-2.6098320484161377,-240.9639129638672,105.37751007080078,-7.985692283803744,-3.24735531700371,-104.17940551335121,-2.3392878,12.796912,16.04079,3.0134366,-19.03855,-11.592606,9.600325,-40.915607,55.43154,21.475803,6.8559585,8.320145,-13.161042,-15.052856,44.66746,56.354565,-7.0347395,7.3494887,-14.677721,-5.839417,24.337404,24.606,73.79089,11.278805,-0.15258051,-3.0672219,13.099105,-8.662577,5.7431593,-1.2155206,-5.089106
402,-2.7703230381011963,-241.65408325195312,105.44489288330078,-7.916760462780347,-3.3975103329121255,-104.3003502609217,-1.8045137,12.715965,16.018103,2.7463515,-18.983225,-10.889011,9.797819,-40.65642,57.086586,20.8478,6.4328923,8.358716,-13.5289135,-14.929924,44.980522,55.749428,-7.058246,7.1269126,-14.609169,-6.7691846,24.617838,24.05827,74.394104,9.559909,0.31932828,-2.4070199,13.015814,-8.56439,5.7403455,-1.6931305,-4.991357
403,-2.92622709274292,-242.3356475830078,105.51143646240234,-7.822979586314616,-3.520480798147195,-104.42383544149185,-1.2671903,12.604999,15.969432,2.4792674,-18.923126,-10.184002,9.995009,-40.34232,58.729134,20.291388,6.063829,8.417992,-13.900727,-14.831115,45.306217,55.11137,-7.109251,6.923146,-14.512271,-7.750324,24.726711,23.371279,74.8201,7.5899997,0.77807045,-1.7851717,12.899256,-8.460777,5.73708,-2.1580076,-4.888725
404,-3.0866260528564453,-243.01097106933594,105.57588195800781,-7.719202783064881,-3.62426536587078,-104.51919289597569,-0.7579325,12.470331,15.911075,2.2085562,-18.861809,-9.485784,10.194755,-39.97381,60.330517,19.792427,5.8015532,8.510773,-14.278344,-14.750882,45.628075,54.452293,-7.2141104,6.7567344,-14.393726,-8.767507,24.792522,22.679184,75.10955,5.7646756,1.1811013,-1.184712,12.769847,-8.383719,5.7305064,-2.6204505,-4.7892065
405,-3.243166208267212,-243.6898956298828,105.64360809326172,-7.6035230697735425,-3.701887383698572,-104.581958795355,-0.2824366,12.306592,15.838953,1.9351768,-18.80069,-8.790536,10.397949,-39.5444,61.889374,19.3829,5.6772137,8.641864,-14.668785,-14.684729,45.949127,53.779587,-7.3800163,6.6267285,-14.244939,-9.828,24.826254,21.991323,75.26402,4.0889316,1.5148144,-0.6116495,12.618376,-8.3349085,5.7254534,-3.0852892,-4.6871204
406,-3.4076590538024902,-244.36378479003906,105.7108383178711,-7.471384625373181,-3.752885504219813,-104.62710647516043,0.17199604,12.110726,15.749896,1.6628321,-18.739147,-8.09333,10.6045265,-39.053013,63.417503,19.056227,5.657469,8.806388,-15.0736065,-14.6304655,46.276306,53.093555,-7.5955353,6.5218687,-14.065131,-10.928374,24.76934,21.25402,75.26384,2.385125,1.807856,-0.06838911,12.450319,-8.301013,5.716826,-3.5452073,-4.5899286
407,-3.571927070617676,-245.03750610351562,105.77298736572266,-7.329595074824289,-3.7928382286735425,-104.65332878266378,0.6040351,11.891144,15.658895,1.3919221,-18.672909,-7.402743,10.817716,-38.51026,64.906265,18.738455,5.6980658,9.002882,-15.486374,-14.586421,46.59786,52.398754,-7.862221,6.444353,-13.873501,-12.040878,24.654778,20.516912,75.12362,0.76461744,2.086902,0.46343204,12.268586,-8.2881155,5.7075243,-4.0060077,-4.489374
408,-3.738091230392456,-245.70025634765625,105.82750701904297,-7.185679341428963,-3.8370828426840995,-104.65949466364539,1.0147493,11.656682,15.579063,1.1209545,-18.599867,-6.727157,11.043083,-37.931896,66.344666,18.35381,5.7551613,9.229586,-15.89845,-14.5519085,46.89665,51.69769,-8.184977,6.39653,-13.688039,-13.140391,24.515953,19.828207,74.860535,-0.6630568,2.3772273,0.9971134,12.085681,-8.302441,5.6965203,-4.4660993,-4.3867126
409,-3.898893356323242,-246.35943603515625,105.87674713134766,-7.033147309640035,-3.890306498794051,-104.64194282970875,1.4034725,11.4007845,15.516235,0.84941244,-18.519316,-6.0675178,11.284938,-37.31568,67.731316,17.881702,5.840846,9.503185,-16.310646,-14.526393,47.16644,50.985847,-8.600378,6.3899236,-13.502931,-14.228571,24.369505,19.218,74.48732,-1.8580775,2.7185178,1.5401386,11.888366,-8.34849,5.686734,-4.9306927,-4.2718983
410,-4.0577216148376465,-247.00604248046875,105.9212417602539,-6.871775418042725,-3.9440451963531067,-104.60258624170505,1.7701813,11.120644,15.463105,0.5781497,-18.43284,-5.4156876,11.544676,-36.657036,69.063866,17.358955,5.9712553,9.818973,-16.726875,-14.509449,47.4137,50.262985,-9.098059,6.418455,-13.310207,-15.312312,24.194191,18.661991,73.99021,-2.883544,3.0861177,2.0801105,11.680455,-8.422341,5.6740236,-5.391692,-4.151559
411,-4.216646671295166,-247.65811157226562,105.95838165283203,-6.709664615149176,-3.9918428809999194,-104.5485651629468,2.1188307,10.830248,15.412738,0.3071818,-18.343328,-4.767861,11.823738,-35.970345,70.32829,16.795727,6.108575,10.142205,-17.141521,-14.501812,47.640327,49.538456,-9.6131115,6.458807,-13.125091,-16.381725,23.97083,18.12401,73.35658,-3.7878506,3.4110222,2.616595,11.471381,-8.517028,5.6632123,-5.8583107,-4.028506
412,-4.375497817993164,-248.31178283691406,105.98833465576172,-6.556560219665801,-4.028003925956661,-104.48682178000449,2.4555748,10.544382,15.3583765,0.033921257,-18.256361,-4.1218357,12.123219,-35.275654,71.51098,16.200096,6.216157,10.437448,-17.546766,-14.50527,47.843613,48.818806,-10.080782,6.4889817,-12.963832,-17.425417,23.683996,17.568758,72.574875,-4.6190376,3.627211,3.1404996,11.274421,-8.624965,5.652997,-6.3249006,-3.909588
413,-4.52565860748291,-248.96206665039062,106.01005554199219,-6.41257631775087,-4.05279698050687,-104.4189042523503,2.785918,10.261639,15.297224,-0.24852051,-18.16687,-3.4829462,12.445189,-34.576508,72.62366,15.543714,6.28681,10.701422,-17.944391,-14.522978,48.025486,48.104164,-10.479689,6.506155,-12.834035,-18.448446,23.334251,16.988024,71.650215,-5.376728,3.7282424,3.6559947,11.086816,-8.747032,5.628008,-6.7791367,-3.791133
414,-4.674465179443359,-249.61277770996094,106.02540588378906,-6.27284636315507,-4.068764847758556,-104.34114285795141,3.1069703,9.976657,15.234108,-0.5384772,-18.075233,-2.8486104,12.790174,-33.8659,73.66416,14.831033,6.3400526,10.94976,-18.33432,-14.556138,48.184376,47.38476,-10.845087,6.5236306,-12.726466,-19.449745,22.933952,16.407072,70.58761,-6.0414786,3.750638,4.148224,10.90312,-8.884645,5.6306024,-7.2478676,-3.673593
415,-4.825376033782959,-250.27639770507812,106.0333480834961,-6.141625220877131,-4.075017165593243,-104.25311162191228,3.4132023,9.6953335,15.170944,-0.8262635,-17.989635,-2.2096338,13.155968,-33.148834,74.606735,14.119905,6.3801985,11.175778,-18.711306,-14.604935,48.314304,46.662838,-11.200904,6.5411973,-12.630257,-20.407593,22.488506,15.839467,69.37178,-6.6283402,3.6947696,4.644031,10.7324505,-9.035221,5.6203766,-7.7168813,-3.5584462
416,-4.981042385101318,-250.92396545410156,106.02925109863281,-6.022457851631666,-4.070248189583529,-104.15434367957262,3.7009532,9.424816,15.109237,-1.1044385,-17.913649,-1.5598634,13.538139,-32.433666,75.42995,13.466984,6.411416,11.373591,-19.066477,-14.668534,48.40484,45.939182,-11.5717,6.5580273,-12.534607,-21.29977,22.003914,15.298535,67.98392,-7.1507387,3.5618005,5.121501,10.584862,-9.192047,5.6061463,-8.175472,-3.4562087
417,-5.124849319458008,-251.575439453125,106.01895141601562,-5.918072723557054,-4.058932852223918,-104.04651324733418,3.9712315,9.170346,15.053068,-1.3730623,-17.84943,-0.9062837,13.933284,-31.72221,76.14535,12.86888,6.4350944,11.54583,-19.400146,-14.74696,48.443996,45.212467,-11.999159,6.57358,-12.430592,-22.130522,21.47746,14.750626,66.42481,-7.6286445,3.3292537,5.592633,10.45046,-9.352856,5.5924335,-8.632543,-3.3544903
418,-5.260759353637695,-252.2357177734375,106.0008773803711,-5.826264953027853,-4.041144934279488,-103.92931692927324,4.228797,8.926604,14.9995165,-1.6387318,-17.792316,-0.25472027,14.339976,-31.013832,76.769516,12.302095,6.4480476,11.694785,-19.712633,-14.8408165,48.43405,44.48198,-12.461928,6.5879717,-12.325588,-22.904982,20.914856,14.202981,64.7011,-8.049891,3.0103934,6.0610538,10.328241,-9.520564,5.578075,-9.091287,-3.252827
419,-5.398669719696045,-252.89602661132812,105.97532653808594,-5.7439541164143355,-4.007194469845103,-103.7991401541412,4.473535,8.689363,14.937206,-1.9023237,-17.741964,0.4012879,14.755494,-30.311531,77.28837,11.792567,6.4490476,11.814088,-20.000418,-14.950614,48.3895,43.755943,-12.889436,6.600283,-12.233133,-23.62031,20.342165,13.714092,62.824806,-8.392323,2.6539152,6.511886,10.221613,-9.698076,5.5642076,-9.550419,-3.1552877
420,-5.5377302169799805,-253.57212829589844,105.94245147705078,-5.6582888577514545,-3.947229623815541,-103.65417302164727,4.707197,8.444668,14.855185,-2.165579,-17.692684,1.0661372,15.177468,-29.619646,77.69221,11.366863,6.4351707,11.897299,-20.258654,-15.075805,48.327282,43.04094,-13.208857,6.6115828,-12.169057,-24.264992,19.769855,13.35271,60.792797,-8.625169,2.3047216,6.944117,10.11243,-9.889555,5.5497847,-10.0179405,-3.051915
421,-5.67834997177124,-254.24659729003906,105.90142059326172,-5.561754641622614,-3.858077220860306,-103.49706817535379,4.932505,8.182769,14.750949,-2.4305964,-17.64525,1.734824,15.606502,-28.950838,77.99092,11.03132,6.396441,11.944949,-20.491539,-15.215979,48.255337,42.337883,-13.377892,6.624598,-12.144377,-24.840763,19.19038,13.123031,58.591763,-8.741944,1.9569136,7.342695,9.993843,-10.091867,5.5361137,-10.484041,-2.944402
422,-5.820352077484131,-254.92601013183594,105.85460662841797,-5.460315330012149,-3.743956799253713,-103.32817555100532,5.1478586,7.9128785,14.62867,-2.6961179,-17.599438,2.4049988,16.041668,-28.30032,78.188614,10.771056,6.338206,11.959895,-20.69972,-15.371256,48.16616,41.644737,-13.440669,6.6389728,-12.150373,-25.353199,18.598244,12.990882,56.218575,-8.753681,1.5886992,7.7165365,9.872805,-10.30424,5.5215735,-10.950943,-2.833926
423,-5.954627513885498,-255.60894775390625,105.7977523803711,-5.369926640641149,-3.607317620416317,-103.14071677397469,5.3468843,7.6487794,14.489391,-2.957569,-17.557514,3.0826404,16.477564,-27.642618,78.271835,10.584092,6.279228,11.940168,-20.878006,-15.541458,48.052917,40.96648,-13.45377,6.649473,-12.169609,-25.800161,18.002943,12.963843,53.686523,-8.655431,1.21634,8.068749,9.764231,-10.532,5.506609,-11.419215,-2.7201195
424,-6.085000038146973,-256.30804443359375,105.73079681396484,-5.299184097848072,-3.4507283061159253,-102.92839049629745,5.5219345,7.4010406,14.334029,-3.2089152,-17.52127,3.7739904,16.906279,-26.947329,78.23007,10.471832,6.236695,11.884264,-21.021748,-15.725815,47.911854,40.309063,-13.47378,6.65159,-12.18566,-26.18127,17.410248,13.049597,51.012142,-8.445191,0.8551519,8.407165,9.680118,-10.780941,5.4957695,-11.89866,-2.6054015
425,-6.202395915985107,-257.0205993652344,105.65357208251953,-5.250856291213213,-3.267758503076135,-102.68162816176431,5.6621537,7.171688,14.153058,-3.4462209,-17.486311,4.483408,17.322374,-26.197428,78.058105,10.473798,6.214938,11.786095,-21.12986,-15.924005,47.738052,39.67929,-13.506668,6.6366897,-12.192481,-26.508146,16.825596,13.269138,48.18067,-8.129654,0.5742651,8.715413,9.618879,-11.058447,5.500084,-12.390325,-2.4864354
426,-6.316251277923584,-257.73284912109375,105.56723022460938,-5.21896497040582,-3.056016561678245,-102.40901563527554,5.774977,6.9548135,13.945694,-3.6718955,-17.452206,5.205806,17.7244,-25.404156,77.77004,10.582989,6.2018976,11.649703,-21.205357,-16.135208,47.535564,39.073734,-13.525475,6.6092625,-12.199126,-26.785837,16.234991,13.608576,45.18771,-7.705926,0.33721384,8.992552,9.58219,-11.355435,5.497879,-12.875348,-2.3702183
427,-6.421679973602295,-258.4547119140625,105.47301483154297,-5.195790017085038,-2.831796070751151,-102.12428431339025,5.873206,6.746878,13.732966,-3.889165,-17.42881,5.9302154,18.110191,-24.584145,77.38777,10.727985,6.189846,11.489252,-21.25427,-16.35752,47.317352,38.487995,-13.536534,6.5846596,-12.210336,-26.992676,15.61463,14.020558,42.06045,-7.157923,0.003737652,9.263767,9.5556345,-11.662889,5.500116,-13.370293,-2.2484343
428,-6.522250175476074,-259.176025390625,105.37055969238281,-5.1754753129824875,-2.610745979302058,-101.84326681742212,5.971331,6.5445065,13.5338545,-4.1008954,-17.423262,6.6469145,18.477156,-23.754269,76.9347,10.836332,6.170916,11.319931,-21.283781,-16.588621,47.09685,37.920795,-13.545279,6.5768504,-12.230117,-27.10477,14.946365,14.457553,38.816032,-6.4654856,-0.5609139,9.536324,9.534077,-11.96704,5.5012646,-13.860126,-2.1242435
429,-6.611272811889648,-259.90948486328125,105.25762939453125,-5.167814495382019,-2.388837755083564,-101.56330680168024,6.068113,6.359132,13.339529,-4.3079495,-17.430727,7.35841,18.82426,-22.919146,76.40753,10.890718,6.1347156,11.143852,-21.29397,-16.828074,46.877438,37.37527,-13.546832,6.5898595,-12.266129,-27.119719,14.237785,14.920621,35.388992,-5.5859075,-1.3964487,9.811379,9.524122,-12.267835,5.5049467,-14.352742,-1.9932233
430,-6.702127456665039,-260.6426086425781,105.13850402832031,-5.175541155014584,-2.1619740416490068,-101.27939134975426,6.158921,6.1917396,13.143972,-4.509207,-17.447914,8.066685,19.15016,-22.07458,75.80284,10.925776,6.0866823,10.954352,-21.28065,-17.07586,46.652267,36.855114,-13.539562,6.615273,-12.314628,-27.045805,13.496153,15.417169,31.774847,-4.536219,-2.42788,10.08532,9.540186,-12.5684595,5.5037823,-14.844572,-1.866576
431,-6.784045696258545,-261.3905029296875,105.01573181152344,-5.177409813430115,-1.9473022449772746,-101.0047032396149,6.255207,6.022579,12.972217,-4.7049403,-17.483934,8.755474,19.451406,-21.226068,75.14923,10.947755,6.0414605,10.753256,-21.246365,-17.329231,46.420746,36.359894,-13.534732,6.649293,-12.363018,-26.856972,12.708956,15.917733,28.05553,-3.3771024,-3.6120543,10.380555,9.545338,-12.866889,5.507032,-15.345838,-1.7287203
432,-6.866922378540039,-262.1376037597656,104.8899917602539,-5.152751642302348,-1.7628955720817543,-100.75705210710899,6.373372,5.831067,12.84879,-4.8953757,-17.549616,9.402156,19.723764,-20.383053,74.48208,10.961616,6.011855,10.543047,-21.196735,-17.583153,46.183315,35.893414,-13.543206,6.6876802,-12.398821,-26.51065,11.865995,16.409609,24.28295,-2.1562657,-4.902614,10.713445,9.520427,-13.154163,5.503674,-15.8434,-1.5838196
433,-6.958761215209961,-262.8899230957031,104.76396179199219,-5.090454195424751,-1.6207526717563643,-100.5369903268287,6.5175815,5.6100287,12.795661,-5.0822754,-17.660267,9.994167,19.966461,-19.539846,73.80348,10.960411,5.990984,10.320251,-21.13724,-17.833471,45.930794,35.454853,-13.582563,6.735982,-12.41307,-25.950867,10.948782,16.894987,20.33226,-0.74311507,-6.3554597,11.100183,9.455726,-13.434975,5.5054784,-16.353495,-1.4320405
434,-7.048213481903076,-263.6509704589844,104.6300277709961,-5.019720379421605,-1.5319216746218627,-100.35750716347322,6.6985407,5.389561,12.808737,-5.2627916,-17.80163,10.548159,20.180237,-18.695217,73.10126,10.943875,5.974041,10.085677,-21.064188,-18.078407,45.665695,35.04805,-13.644554,6.7954025,-12.410251,-25.153706,9.9990835,17.395584,16.137915,0.86444664,-7.9700108,11.557834,9.378618,-13.693053,5.5022774,-16.871038,-1.273225
435,-7.1210503578186035,-264.42327880859375,104.47817993164062,-4.988499312397434,-1.5266057914320947,-100.26460356978086,6.9499855,5.222502,12.88155,-5.4296937,-17.929605,11.089968,20.363262,-17.866564,72.38995,10.924689,5.976839,9.848383,-20.970201,-18.317167,45.41077,34.68536,-13.70032,6.8575964,-12.39708,-24.184338,9.146199,17.924908,11.997878,2.3480203,-9.62072,12.102921,9.327539,-13.877031,5.5112753,-17.396654,-1.1103898
436,-7.175657272338867,-265.2159729003906,104.29786682128906,-5.049468806016879,-1.6219007673185823,-100.30847910253303,7.310666,5.1660647,12.992623,-5.576614,-18.002144,11.642988,20.511868,-17.074932,71.68694,10.913539,6.01428,9.618407,-20.848587,-18.549585,45.190723,34.378445,-13.718507,6.914772,-12.382597,-23.30611,8.5759,18.452932,8.567048,3.2262332,-11.183746,12.774813,9.3577175,-13.928856,5.5074487,-17.927172,-0.9530331
437,-7.207163333892822,-266.028564453125,104.07438659667969,-5.212261807426365,-1.813256038003037,-100.48933547554364,7.776988,5.234303,13.125858,-5.701858,-18.006449,12.217338,20.619568,-16.317808,70.98229,10.9083805,6.1055913,9.398122,-20.701271,-18.778873,45.016792,34.133816,-13.682618,6.9550743,-12.364707,-22.673504,8.317565,18.948584,6.1121993,3.2244577,-12.656433,13.5515175,9.470033,-13.843936,5.519973,-18.475742,-0.8005375
438,-7.233564376831055,-266.8653869628906,103.82041931152344,-5.426156895521864,-2.0327765512795617,-100.74316167233674,8.301701,5.3752193,13.220089,-5.821575,-17.94966,12.722179,20.670378,-15.693066,70.38467,10.8385935,6.2157087,9.204664,-20.554739,-18.955685,44.881634,34.040577,-13.617272,6.9644165,-12.355493,-22.847721,8.444269,19.173508,5.5238404,2.0268738,-14.078414,14.36771,9.62083,-13.682074,5.5365295,-19.036345,-0.6504833
439,-7.270022392272949,-267.7065734863281,103.57023620605469,-5.5910038605335,-2.217356501100466,-100.97021833107907,8.794799,5.466449,13.265283,-5.9451075,-17.856268,13.109608,20.687311,-15.211329,69.93169,10.7189455,6.3052764,9.037716,-20.409937,-19.079063,44.774605,34.095737,-13.53633,6.946004,-12.381482,-23.136042,8.588883,19.38885,5.430074,0.56146187,-15.36228,15.14878,9.71565,-13.551274,5.5539093,-19.593714,-0.49028748
440,-7.322194576263428,-268.55255126953125,103.3289794921875,-5.680186618114213,-2.3329033444613727,-101.13353759394369,9.19787,5.4551373,13.304357,-6.0340805,-17.801529,13.482736,20.694155,-14.673062,69.43426,10.699616,6.395262,8.870795,-20.236584,-19.21124,44.664345,34.1304,-13.475029,6.9557695,-12.427992,-23.258587,8.633815,19.699503,5.3183746,-0.66722804,-16.46692,15.859941,9.734079,-13.486949,5.5753736,-20.149185,-0.31736547
441,-7.3931565284729,-269.4105224609375,103.09223937988281,-5.73657234469533,-2.376702712008454,-101.24516897425299,9.521634,5.3797007,13.316266,-6.09311,-17.756178,13.830411,20.694956,-14.090214,68.93667,10.751234,6.441792,8.7029705,-20.050709,-19.357145,44.573647,34.168037,-13.422629,6.984608,-12.502001,-23.21171,8.645254,20.10362,5.2961574,-1.7904629,-17.624454,16.499363,9.728835,-13.4639435,5.597224,-20.70685,-0.14454804
442,-7.4768805503845215,-270.2738342285156,102.85852813720703,-5.751068246296567,-2.38199619304791,-101.31907099868613,9.805381,5.254315,13.290529,-6.1528387,-17.684566,14.060977,20.68835,-13.650779,68.57145,10.746615,6.444161,8.556996,-19.868528,-19.470352,44.52144,34.31646,-13.35616,7.0113482,-12.6238165,-22.955185,8.570477,20.59037,5.2763424,-2.6565595,-18.516798,17.100128,9.685207,-13.481931,5.6254377,-21.269451,0.03389632
443,-7.5095109939575195,-271.0909729003906,102.72759246826172,-5.687668723799349,-2.3198768212997263,-101.30845810379182,10.003444,5.0312953,13.228644,-6.219086,-17.614721,14.158375,20.677729,-13.337563,68.33159,10.744363,6.437725,8.42697,-19.675764,-19.54043,44.47455,34.562057,-13.281581,7.035276,-12.783157,-22.67935,8.343793,20.972076,5.3060594,-2.792476,-18.393654,17.598486,9.532958,-13.6002,5.656075,-21.776306,0.25657982
444,-7.541888236999512,-271.8966064453125,102.66181182861328,-5.497439002300071,-2.1968571034278015,-101.18321694079185,10.080126,4.6583,13.175706,-6.285813,-17.591555,14.145762,20.661417,-13.099174,68.15252,10.821063,6.4744635,8.302856,-19.447569,-19.5804,44.40897,34.848335,-13.19434,7.069685,-12.969032,-22.471025,7.894502,21.13495,5.3387904,-1.8291057,-16.703802,18.03734,9.255685,-13.868584,5.6920285,-22.236828,0.5051896
445,-7.611083030700684,-272.7286071777344,102.61429595947266,-5.150194717861784,-1.9986593421006835,-100.88744478062898,9.983405,4.0994716,13.139964,-6.359745,-17.62841,13.989712,20.637157,-12.933278,68.06324,11.020968,6.554311,8.1626,-19.190798,-19.590317,44.31144,35.179783,-13.110356,7.1172266,-13.168934,-22.37708,7.1864686,21.119568,5.423549,0.37037116,-13.31358,18.405207,8.83628,-14.348749,5.735657,-22.617006,0.7824215
446,-7.707347869873047,-273.58514404296875,102.61695098876953,-4.6513723909468565,-1.7483295110884347,-100.46175279424516,9.759399,3.3696523,13.125045,-6.4476466,-17.715763,13.703462,20.600449,-12.825775,68.05896,11.337871,6.660824,8.012788,-18.87886,-19.563753,44.14357,35.530006,-13.072346,7.1896114,-13.367465,-22.639112,6.3664923,20.995287,6.211897,2.8659136,-8.994616,18.72535,8.270989,-15.002199,5.7928977,-22.874054,1.0901593
447,-7.788351058959961,-274.4501953125,102.68109130859375,-4.04981267978923,-1.4933953533092816,-100.04619648619106,9.535181,2.5371625,13.114978,-6.5334487,-17.794506,13.3414955,20.555836,-12.820581,68.12652,11.6554575,6.7858987,7.903296,-18.524616,-19.49785,43.957954,35.945274,-13.010207,7.255739,-13.586802,-23.1176,5.517669,20.88474,7.496249,4.923153,-4.6723676,19.041285,7.579168,-15.684354,5.87003,-22.946068,1.4199854
448,-7.854642868041992,-275.3277282714844,102.76646423339844,-3.407363190889033,-1.2752636889760616,-99.78436124577318,9.454028,1.6810045,13.082211,-6.6231303,-17.802094,12.907743,20.471928,-12.948253,68.32973,11.909158,6.908541,7.896549,-18.104128,-19.314335,43.67482,36.509552,-12.98766,7.2739053,-13.799803,-23.441221,4.6531534,20.893913,8.592893,6.32788,-1.0231212,19.393663,6.7943897,-16.243256,5.9679327,-22.769629,1.7580831
449,-7.933681488037109,-276.23968505859375,102.84260559082031,-2.7094589803130678,-1.0691041700401285,-99.7174328808594,9.521661,0.7699039,13.036759,-6.6729727,-17.761292,12.499361,20.390373,-13.143205,68.53288,12.087985,7.061895,7.9964247,-17.655602,-19.077345,43.454212,37.152283,-12.87042,7.2736816,-14.083413,-23.584278,3.7590487,21.019058,9.428648,7.1073203,1.8799024,19.761326,5.8896484,-16.657719,6.086683,-22.305641,2.1110709
450,-8.02874755859375,-277.18048095703125,102.9179916381836,-1.916166142779133,-0.8516986400168174,-99.78019460528233,9.68465,-0.24273002,12.988816,-6.6969986,-17.697086,12.08377,20.307894,-13.392366,68.74754,12.244756,7.245443,8.170989,-17.169064,-18.796196,43.252556,37.849766,-12.699274,7.263058,-14.410115,-23.612186,2.7837915,21.279688,10.11251,7.4355807,4.1414056,18.968538,4.469505,-16.797493,8.60084,-22.707212,2.5178003
451,-8.13947582244873,-278.1333312988281,102.98196411132812,-1.0492032676986132,-0.6490364590402872,-99.92622637709962,9.896316,-1.3334512,12.955995,-6.699183,-17.60225,11.664906,20.225006,-13.675163,68.96432,12.38231,7.438803,8.367186,-16.670671,-18.473797,43.080837,38.6188,-12.451837,7.2324953,-14.74488,-23.48883,1.7374505,21.674778,10.619612,7.405891,5.7130075,17.604843,2.7406797,-16.699953,12.326803,-23.35137,2.976139
452,-8.232860565185547,-279.08587646484375,103.05307006835938,-0.13868136884765897,-0.49095561043470526,-100.1074753370234,10.102429,-2.4705038,12.954068,-6.675998,-17.468225,11.260042,20.145752,-13.958706,69.160805,12.506212,7.62256,8.529163,-16.19521,-18.114603,42.969734,39.48024,-12.09403,7.172599,-15.059209,-23.180494,0.64517564,22.173721,10.951037,7.1086855,6.6766644,16.414408,0.9810187,-16.474932,15.761744,-23.462175,3.4732409
453,-8.314239501953125,-280.0513000488281,103.13282012939453,0.8414651890881069,-0.36963894668933617,-100.33835967824791,10.307053,-3.683525,12.978114,-6.615949,-17.308018,10.895087,20.068968,-14.211919,69.30351,12.608466,7.804884,8.658201,-15.748038,-17.721992,42.940033,40.437748,-11.589881,7.0683174,-15.363989,-22.80236,-0.5065009,22.747828,11.216935,6.621243,7.247634,15.315723,-0.8738906,-16.066174,19.082367,-23.19756,4.050896
454,-8.412612915039062,-281.0118713378906,103.2077407836914,1.8844430586130896,-0.2688002545453727,-100.62246945890958,10.514642,-4.9670177,13.020285,-6.517169,-17.122446,10.562501,19.992594,-14.441039,69.40467,12.6988,7.9919896,8.777107,-15.319512,-17.296734,42.986298,41.479656,-10.959589,6.9278235,-15.669793,-22.219448,-1.7269953,23.400536,11.280014,6.0180798,7.5543194,14.239654,-2.8094764,-15.47297,22.35552,-22.673323,4.7016373
455,-8.515832901000977,-281.9588317871094,103.28225708007812,2.924967343393547,-0.19853940369454853,-100.89521013431951,10.675296,-6.2503576,13.078944,-6.395603,-16.89118,10.226501,19.921219,-14.679709,69.51019,12.805128,8.160808,8.862861,-14.910379,-16.838448,43.09134,42.59929,-10.253665,6.776167,-15.9523735,-21.504417,-2.9520075,24.047901,11.191176,5.3973684,7.712104,13.180195,-4.7036376,-14.787989,25.577152,-21.928953,5.344833
456,-8.620527267456055,-282.88494873046875,103.3477554321289,3.892709620979122,-0.17524533157614972,-101.0968162062005,10.746585,-7.4590125,13.1493845,-6.270375,-16.5916,9.8474245,19.862967,-14.971731,69.6688,12.94893,8.288947,8.891677,-14.518,-16.34734,43.231297,43.792206,-9.525572,6.6376696,-16.186672,-20.525043,-4.15481,24.647978,10.740868,4.902523,7.742026,12.095978,-6.450582,-14.102496,28.816225,-21.018597,5.8840055
457,-8.73055362701416,-283.81396484375,103.42416381835938,4.778691483687863,-0.21077653157693244,-101.19618890240461,10.71662,-8.588937,13.225851,-6.1621027,-16.20896,9.402654,19.830053,-15.347637,69.919464,13.11176,8.351962,8.858626,-14.115356,-15.816518,43.384842,45.074768,-8.735054,6.4980845,-16.391195,-19.418535,-5.3392057,25.16485,10.100339,4.5013113,7.6993933,11.044838,-8.02024,-13.486881,32.007534,-19.881796,6.3606753
458,-8.85999584197998,-284.7303161621094,103.50570678710938,5.5991261876329235,-0.2939799450490294,-101.22741520662262,10.614264,-9.66007,13.29383,-6.063901,-15.753758,8.910946,19.823008,-15.8045225,70.23132,13.275111,8.368831,8.774386,-13.69802,-15.244997,43.551147,46.44609,-7.8817143,6.3470306,-16.570894,-18.20292,-6.5036783,25.6077,9.271212,4.2014046,7.584677,9.989779,-9.464949,-12.888891,35.19466,-18.56327,6.774826
459,-9.001096725463867,-285.6386413574219,103.5915756225586,6.326132775171299,-0.40829834478719085,-101.22804916748578,10.455998,-10.633932,13.341155,-5.953872,-15.24508,8.391335,19.825983,-16.3312,70.54831,13.467861,8.380431,8.638147,-13.293601,-14.646834,43.739784,47.864185,-7.0692806,6.219461,-16.684553,-16.96137,-7.576877,25.970753,8.401537,3.934701,7.4245315,8.871038,-10.777838,-12.263497,38.388084,-17.063288,6.9735665
460,-9.11975383758545,-286.53521728515625,103.68387603759766,6.941301646958631,-0.5371066467445219,-101.23528957861375,10.257356,-11.476027,13.364413,-5.810564,-14.707967,7.8574166,19.814405,-16.911724,70.82168,13.725073,8.42564,8.451975,-12.929047,-14.047643,43.964222,49.278294,-6.3951683,6.156302,-16.693375,-15.728813,-8.539557,26.26721,7.5263295,3.686159,7.266104,7.637802,-11.959652,-11.586894,41.59205,-15.471117,6.8265896
461,-9.207619667053223,-287.43170166015625,103.7866439819336,7.429139151289185,-0.6897431253944084,-101.234895829974,10.000246,-12.163779,13.370829,-5.631793,-14.122297,7.296715,19.768784,-17.54817,71.074135,14.120582,8.523715,8.198698,-12.591686,-13.466117,44.22279,50.67686,-5.8432646,6.1953154,-16.595398,-14.513173,-9.366637,26.482622,6.7054863,3.4197738,7.1113286,6.2838492,-12.987355,-10.903246,44.852814,-13.747385,6.224117
462,-9.249375343322754,-288.31884765625,103.89088439941406,7.806831415872078,-0.8685493993881644,-101.21099188248184,9.681032,-12.716161,13.360571,-5.430942,-13.487876,6.6934123,19.685232,-18.248438,71.341515,14.624935,8.643466,7.8880672,-12.260901,-12.909975,44.51252,52.059353,-5.3650804,6.317558,-16.413822,-13.343568,-10.07417,26.624681,5.997147,3.1063251,6.96199,4.8383074,-13.878297,-10.256189,48.15358,-11.832141,5.278187
463,-9.25937557220459,-289.1982727050781,103.98863220214844,8.118827430648315,-1.0481981645839826,-101.20021631245393,9.339018,-13.1722765,13.32987,-5.2100954,-12.852631,6.056592,19.565617,-19.000225,71.59034,15.118063,8.751133,7.561812,-11.957074,-12.391995,44.847332,53.39356,-5.0060716,6.4795895,-16.146233,-12.320668,-10.6546135,26.735338,5.5820913,2.6541462,6.8215194,3.3066807,-14.699798,-9.609736,51.412506,-9.834732,4.1976438
464,-9.247868537902832,-290.06884765625,104.07788848876953,8.406284475736708,-1.2061092124675892,-101.2421416213226,9.01506,-13.568193,13.279331,-4.970337,-12.2670965,5.3987246,19.416172,-19.783493,71.778885,15.481935,8.816108,7.2606864,-11.702621,-11.928025,45.246826,54.640617,-4.8068027,6.6389503,-15.789073,-11.500977,-11.122008,26.861855,5.5443482,2.0198534,6.6951547,1.6842462,-15.515598,-8.89459,54.561653,-7.879495,3.1820712
465,-9.20061206817627,-290.9292297363281,104.15532684326172,8.659570130801233,-1.3366281907230868,-101.37834854237957,8.74282,-13.887678,13.213295,-4.708326,-11.736073,4.7328677,19.232422,-20.600708,71.88128,15.682926,8.846895,6.9745693,-11.505236,-11.534638,45.74084,55.773422,-4.7774897,6.8254967,-15.320534,-10.722488,-11.554463,27.05146,5.515335,1.378129,6.5940266,-0.113666974,-16.31956,-7.9888673,57.67388,-5.832136,2.1597888
466,-9.129880905151367,-291.77001953125,104.22340393066406,8.866958741974187,-1.4548993082042152,-101.57880884365422,8.496948,-14.119674,13.1431265,-4.426354,-11.240495,4.0474157,19.011772,-21.455435,71.92105,15.786678,8.85631,6.687852,-11.34504,-11.219185,46.318268,56.789673,-4.885723,7.054874,-14.74962,-9.664978,-12.104317,27.294636,4.802777,1.0789555,6.5142455,-2.0623276,-17.085722,-6.9588847,60.760887,-3.6793993,1.0598474
467,-9.0530424118042,-292.5895080566406,104.27587890625,9.0588344655185,-1.5720214613399583,-101.7797727770883,8.235168,-14.303718,13.080421,-4.1369457,-10.790342,3.3214307,18.769014,-22.32922,71.9216,15.82253,8.823739,6.4312296,-11.202607,-10.978535,46.928577,57.68756,-5.113723,7.2616143,-14.116145,-8.546358,-12.690718,27.5313,3.9025984,0.88979423,6.4462376,-4.0007634,-17.838692,-5.9825253,63.66904,-1.7461143,0.0725997
468,-8.977116584777832,-293.38775634765625,104.30903625488281,9.261463069942566,-1.6980895987518199,-101.91560094133408,7.9145813,-14.48004,13.034376,-3.8536232,-10.395544,2.5399117,18.529293,-23.202768,71.891716,15.819325,8.731339,6.230048,-11.060716,-10.800873,47.51417,58.469406,-5.4492006,7.377852,-13.458789,-7.54173,-13.250593,27.707167,3.2232318,0.61640066,6.3869576,-5.770935,-18.601732,-5.2240467,66.260376,-0.37463576,-0.6157955
469,-8.915604591369629,-294.15771484375,104.32598876953125,9.49158199594741,-1.8373865352893959,-101.99610983553599,7.540041,-14.672504,13.015608,-3.5706863,-10.07628,1.7024007,18.311659,-24.089981,71.81838,15.727448,8.559995,6.068525,-10.937561,-10.677342,48.078403,59.120277,-5.949301,7.386393,-12.7270155,-6.8823266,-13.658695,27.83475,3.2969797,-0.00023825148,6.3256907,-7.3205304,-19.43687,-4.7349606,68.52203,0.2427293,-0.84251994
470,-8.85926628112793,-294.9066467285156,104.33277130126953,9.720898967613955,-1.982493385946356,-102.04535609682657,7.1295977,-14.85201,13.014636,-3.2868338,-9.823731,0.8282659,18.118376,-24.997274,71.671104,15.542851,8.332392,5.9313045,-10.836393,-10.604417,48.636078,59.647327,-6.6075826,7.3139367,-11.919427,-6.245132,-14.062263,27.938072,3.3897426,-0.6039608,6.2699885,-8.747609,-20.307953,-4.4062576,70.55516,0.29652953,-0.7562668
471,-8.81597900390625,-295.6335754394531,104.33489990234375,9.929869001677014,-2.1401462791460877,-102.0355375852327,6.6738844,-15.007419,13.0285225,-3.0181103,-9.604087,-0.05474328,17.95415,-25.874025,71.41704,15.37804,8.094967,5.842705,-10.719408,-10.575212,49.13983,60.083996,-7.3226666,7.162702,-11.146465,-5.641708,-14.424121,27.982977,3.5450633,-1.2107488,6.2102947,-10.097544,-21.127163,-4.1439657,72.39044,0.01613922,-0.6190032
472,-8.777806282043457,-296.35528564453125,104.33958435058594,10.098357966232367,-2.3155838358553793,-101.93759069891495,6.174396,-15.120757,13.046145,-2.793604,-9.373253,-0.9584224,17.802217,-26.726217,71.08724,15.3131075,7.881173,5.840601,-10.549507,-10.577236,49.54869,60.48904,-7.9783034,6.934407,-10.526101,-5.0155697,-14.751741,27.936146,3.6646614,-1.7776012,6.1460605,-11.412392,-21.794579,-3.8601973,74.04845,-0.36442912,-0.68590164
473,-8.74394702911377,-297.053466796875,104.34974670410156,10.228941423476655,-2.512991082245586,-101.71903269613294,5.5950866,-15.202318,13.070613,-2.6108475,-9.13679,-1.8817042,17.674294,-27.539972,70.66789,15.398582,7.6945195,5.9413257,-10.324801,-10.602479,49.8375,60.862274,-8.638435,6.5846195,-10.062102,-4.356698,-15.057843,27.770477,3.7078316,-2.2697158,6.0839634,-12.694797,-22.272728,-3.5417504,75.539116,-0.90292853,-1.0708516
474,-8.723567962646484,-297.7471008300781,104.366455078125,10.326769275757014,-2.7287346102948598,-101.4049972749152,4.952228,-15.25987,13.101806,-2.4615133,-8.907858,-2.8268898,17.571583,-28.334726,70.16026,15.571598,7.517818,6.125297,-10.068197,-10.646883,50.029724,61.200615,-9.335144,6.1236405,-9.705378,-3.6759086,-15.329073,27.512396,3.7236216,-2.7242475,6.01466,-13.920476,-22.609486,-3.2340682,76.855446,-1.6834645,-1.6099162
475,-8.703526496887207,-298.44744873046875,104.3897476196289,10.383894034328426,-2.9553286366430496,-101.05261919735156,4.2856355,-15.280179,13.136315,-2.325248,-8.677555,-3.7202086,17.496431,-28.997967,69.488075,15.850783,7.3766694,6.3533244,-9.788115,-10.700493,50.13367,61.524826,-9.958991,5.6476507,-9.468605,-2.9504046,-15.568191,27.21004,3.6672974,-3.1363394,5.938226,-15.085461,-22.826061,-2.9451203,77.97999,-2.5063381,-2.1428988
476,-8.685096740722656,-299.1341247558594,104.42310333251953,10.39281922171315,-3.187177467911017,-100.72050462336038,3.6862829,-15.237429,13.172981,-2.2301786,-8.421525,-4.584161,17.416552,-29.56814,68.7,16.172089,7.2776866,6.6078253,-9.458209,-10.779337,50.13407,61.840015,-10.381452,5.256944,-9.37338,-2.2971506,-15.698465,26.915125,3.7779152,-3.622566,5.8469167,-16.185125,-22.955847,-2.6849227,78.89566,-3.1744225,-2.5151138
477,-8.634784698486328,-299.81878662109375,104.4622802734375,10.341437150710515,-3.43023815330686,-100.40406155940228,3.117454,-15.120478,13.216343,-2.1392798,-8.141566,-5.3660374,17.339128,-29.892515,67.72216,16.67549,7.248346,6.892656,-9.0978565,-10.875976,50.047283,62.168247,-10.581062,4.950394,-9.442437,-1.5721662,-15.800777,26.620466,3.7532651,-4.0462008,5.7596674,-17.200085,-23.006418,-2.491398,79.58814,-3.6340609,-2.6727836
478,-8.590423583984375,-300.5097961425781,104.51377868652344,10.24036804034915,-3.6868508479111455,-100.08165606136791,2.5448413,-14.946417,13.265146,-2.0428722,-7.8459206,-6.0743814,17.275644,-29.999422,66.56804,17.342562,7.277016,7.2186685,-8.726706,-10.975481,49.902767,62.52441,-10.606324,4.681281,-9.660386,-0.90151596,-15.794291,26.313354,3.8965693,-4.55139,5.652404,-18.134743,-22.969975,-2.3496728,80.07316,-3.9928925,-2.7030773
479,-8.543970108032227,-301.1930847167969,104.57064056396484,10.10494212242485,-3.9347833967049537,-99.77274436382199,1.9850823,-14.733297,13.301548,-1.9477181,-7.535125,-6.7096643,17.229963,-29.9615,65.27887,18.023485,7.3286715,7.553967,-8.354385,-11.068455,49.704987,62.899673,-10.4885435,4.481395,-9.961636,-0.23415664,-15.744509,26.016481,4.020898,-5.0411196,5.5392704,-19.024008,-22.84143,-2.2165089,80.35847,-4.2824454,-2.6734161
480,-8.494975090026855,-301.868896484375,104.62956237792969,9.948989923484886,-4.153976382345908,-99.49845395916408,1.4829079,-14.48714,13.327578,-1.8877941,-7.2252445,-7.295175,17.182886,-29.82903,63.908432,18.617245,7.3593874,7.8566484,-7.930243,-11.205387,49.36831,63.16594,-10.315161,4.4135165,-10.263884,0.42423773,-15.676379,25.754246,4.091642,-5.5000105,5.4251785,-19.901585,-22.615923,-2.0459545,80.45311,-4.5355277,-2.6501856
481,-8.44218921661377,-302.5605163574219,104.69290924072266,9.77514250151769,-4.340326852777981,-99.2643103582391,1.0246487,-14.213221,13.328511,-1.849341,-6.9042764,-7.7980256,17.155762,-29.598032,62.414093,19.083908,7.380592,8.132448,-7.4882426,-11.346998,48.938572,63.389233,-10.029383,4.501588,-10.574152,1.0476662,-15.578416,25.530945,4.181962,-5.975602,5.3075156,-20.77999,-22.283382,-1.8251284,80.36197,-4.724327,-2.6458762
482,-8.38624382019043,-303.2519226074219,104.75802612304688,9.574013365601427,-4.503069314030817,-99.05814204331976,0.60669565,-13.902236,13.31589,-1.8334634,-6.5741525,-8.228426,17.149849,-29.24915,60.781918,19.49198,7.4095016,8.392971,-7.0190625,-11.498021,48.396027,63.570335,-9.637753,4.714313,-10.9211445,1.7029486,-15.471771,25.334177,4.1494255,-6.389542,5.187364,-21.636272,-21.849993,-1.5842423,80.07637,-4.8420596,-2.6279235
483,-8.335183143615723,-303.93988037109375,104.82328033447266,9.355028562349407,-4.64723982062008,-98.88077665876922,0.22349346,-13.566312,13.294322,-1.8242338,-6.245953,-8.609333,17.168278,-28.84734,59.071106,19.788116,7.420872,8.631791,-6.547861,-11.644814,47.80081,63.735504,-9.162053,4.971137,-11.300754,2.2877078,-15.309336,25.171036,4.2289257,-6.8558936,5.058452,-22.453186,-21.332731,-1.3324256,79.59571,-4.957263,-2.5942965
484,-8.290292739868164,-304.6232604980469,104.89042663574219,9.12278483748718,-4.774249402364482,-98.7282727365102,-0.1245127,-13.213231,13.273495,-1.8171207,-5.939645,-8.963179,17.21505,-28.446491,57.327713,19.937662,7.3897834,8.833067,-6.0725336,-11.799642,47.16341,63.859436,-8.660315,5.2037964,-11.697441,2.9233172,-15.156623,25.041582,4.1533427,-7.2420287,4.923131,-23.218914,-20.747295,-1.0815772,78.92371,-5.1416955,-2.543452
485,-8.248522758483887,-305.31170654296875,104.95912170410156,8.87438757531796,-4.887829286909421,-98.61385602618185,-0.42337945,-12.837157,13.255136,-1.8123859,-5.650126,-9.293939,17.29135,-28.068382,55.559223,19.857676,7.2944794,9.001231,-5.596336,-11.955532,46.49144,63.9558,-8.094575,5.4136086,-12.135376,3.4727554,-14.940498,24.962576,4.2467027,-7.7159276,4.7765684,-23.930447,-20.065756,-0.8075585,78.05545,-5.4246006,-2.476253
486,-8.209111213684082,-305.9879150390625,105.02745056152344,8.606875161869072,-4.9846613354178775,-98.53205918726881,-0.67655003,-12.435285,13.235102,-1.8163009,-5.371905,-9.59342,17.397295,-27.68902,53.742718,19.586742,7.1522546,9.141737,-5.1112566,-12.11216,45.764366,64.01955,-7.45928,5.6301394,-12.612413,4.0619025,-14.726172,24.925922,4.20227,-8.115778,4.625597,-24.591927,-19.291994,-0.51734823,76.98863,-5.7633123,-2.395503
487,-8.161198616027832,-306.65789794921875,105.0938720703125,8.333250778416362,-5.064732525218543,-98.4637299515427,-0.90547377,-12.025786,13.211509,-1.8239816,-5.111931,-9.87774,17.530605,-27.333866,51.916332,19.229624,6.9908214,9.258304,-4.628541,-12.268443,45.024002,64.0587,-6.804037,5.8156924,-13.086788,4.59734,-14.491879,24.908796,4.2261844,-8.545877,4.4772944,-25.19226,-18.493021,-0.25904343,75.727165,-6.1209364,-2.299673
488,-8.136226654052734,-307.33294677734375,105.1585693359375,8.067074719394354,-5.125894109916507,-98.38777291085621,-1.1337862,-11.626871,13.177852,-1.8303899,-4.8782935,-10.166096,17.687511,-27.03431,50.12481,18.886179,6.837366,9.357503,-4.1628838,-12.423139,44.32105,64.09025,-6.172197,5.93233,-13.517777,5.0898256,-14.238292,24.886963,4.3040986,-8.995486,4.3147764,-25.727148,-17.73036,-0.07891288,74.2806,-6.463334,-2.1839838
489,-8.119922637939453,-308.0008239746094,105.218994140625,7.80590084338481,-5.169018278931777,-98.30215551868953,-1.3664848,-11.23696,13.132182,-1.8321841,-4.667436,-10.457473,17.866713,-26.79523,48.370583,18.530806,6.6797175,9.445266,-3.7190135,-12.575071,43.664562,64.12727,-5.532056,5.9538226,-13.904082,5.59368,-14.000647,24.858335,4.3040214,-9.39614,4.149552,-26.19056,-16.987001,0.032850627,72.62974,-6.7955556,-2.0229957
490,-8.100041389465332,-308.6698913574219,105.27458190917969,7.547375936537623,-5.19477308001081,-98.21754656710984,-1.5927494,-10.848816,13.075784,-1.8308443,-4.476373,-10.743885,18.068005,-26.601725,46.6404,18.125856,6.5076747,9.519413,-3.2924168,-12.723924,43.03764,64.16724,-4.871351,5.9045453,-14.263369,6.065208,-13.760418,24.833866,4.3293824,-9.805726,3.9860127,-26.585922,-16.238216,0.09455283,70.77395,-7.129022,-1.8235785
491,-8.084939956665039,-309.333740234375,105.32579040527344,7.291286074537687,-5.1980324931048,-98.12804693701605,-1.8151457,-10.464484,13.005641,-1.8306267,-4.306283,-11.039192,18.288218,-26.456736,44.95499,17.753752,6.3491216,9.573728,-2.8834414,-12.867396,42.45003,64.19425,-4.260557,5.827504,-14.584522,6.5429177,-13.535316,24.807293,4.2787704,-10.170445,3.8218625,-26.924513,-15.527895,0.0648117,68.739525,-7.4315877,-1.6264716
492,-8.083368301391602,-309.9986267089844,105.37194061279297,7.042261991503029,-5.174723485632121,-98.02986517636057,-2.033936,-10.088763,12.9182005,-1.8353966,-4.15944,-11.357641,18.52241,-26.364742,43.339905,17.49695,6.231853,9.604152,-2.4957871,-13.002947,41.91548,64.20141,-3.7668247,5.7646203,-14.858087,6.9652376,-13.296268,24.771982,4.2832737,-10.555929,3.6512713,-27.21685,-14.895136,-0.095293194,66.553185,-7.6721563,-1.4666544
493,-8.078120231628418,-310.6644287109375,105.41067504882812,6.8034107205451475,-5.120204564740871,-97.92620104808411,-2.2453437,-9.719898,12.807717,-1.8440261,-4.0353837,-11.705803,18.76793,-26.333307,41.801537,17.379198,6.1576085,9.606727,-2.1351907,-13.12817,41.440308,64.19883,-3.4042602,5.7160163,-15.080724,7.2895756,-13.040251,24.728004,4.4197407,-11.00197,3.4839332,-27.466148,-14.341307,-0.40515703,64.200424,-7.8567696,-1.3253257
494,-8.084737777709961,-311.3365478515625,105.44141387939453,6.568512519081173,-5.036307829573831,-97.81704380412921,-2.4506574,-9.354741,12.6736,-1.8554198,-3.9322286,-12.077609,19.024181,-26.358438,40.332752,17.358387,6.111673,9.585577,-1.8029026,-13.242752,41.01842,64.19844,-3.1373744,5.6624265,-15.258591,7.6313486,-12.803089,24.680285,4.4517283,-11.392324,3.3105586,-27.661057,-13.82536,-0.84756494,61.663704,-7.9896874,-1.1768954
495,-8.103506088256836,-312.00677490234375,105.46642303466797,6.338313273551133,-4.930729606135232,-97.69681415021677,-2.655418,-8.994777,12.525337,-1.8741382,-3.8457096,-12.466558,19.288307,-26.425035,38.933716,17.419472,6.096676,9.54917,-1.4933723,-13.346197,40.644127,64.185394,-2.9579365,5.620287,-15.39842,7.953107,-12.56414,24.62117,4.472212,-11.771842,3.1328397,-27.795736,-13.3341255,-1.4005458,58.970108,-8.040882,-1.0462418
496,-8.122342109680176,-312.66534423828125,105.48033905029297,6.110535617097242,-4.811845271126408,-97.5603758860613,-2.8653636,-8.64168,12.372423,-1.9041866,-3.771424,-12.867511,19.555984,-26.514938,37.60735,17.549713,6.1147895,9.504607,-1.2032253,-13.438487,40.312595,64.14796,-2.8576567,5.605286,-15.506448,8.150693,-12.276784,24.539425,4.712803,-12.253215,2.9588091,-27.861341,-12.854751,-2.0421019,56.13821,-7.9773755,-0.96389127
497,-8.139549255371094,-313.3299865722656,105.48887634277344,5.878924751063928,-4.674109316797409,-97.40403518507864,-3.0858216,-8.288023,12.21175,-1.948416,-3.7141154,-13.281354,19.82312,-26.623571,36.355312,17.786047,6.172239,9.45484,-0.93643296,-13.518703,40.02797,64.08218,-2.8601542,5.6327753,-15.576374,8.293338,-11.966609,24.433231,5.030973,-12.775276,2.7869775,-27.855225,-12.395162,-2.8241658,53.147396,-7.778267,-0.9799358
498,-8.16835880279541,-313.99639892578125,105.48995971679688,5.646046801239579,-4.5151857414877306,-97.23200756192192,-3.3123844,-7.9349675,12.038909,-2.0036104,-3.6707911,-13.709916,20.088327,-26.75528,35.17823,18.12832,6.2640667,9.393264,-0.6960421,-13.586847,39.792305,63.999737,-2.9610994,5.690736,-15.607886,8.391564,-11.6349125,24.307709,5.392065,-13.31408,2.60984,-27.779684,-11.939672,-3.7406447,49.989204,-7.463272,-1.0515637
499,-8.20301342010498,-314.6590881347656,105.4785385131836,5.427472109124364,-4.346633745381873,-97.04801501167091,-3.5383832,-7.5961456,11.860329,-2.0655324,-3.6386034,-14.149254,20.351799,-26.906197,34.076294,18.507505,6.3757486,9.314078,-0.47308567,-13.6442,39.59691,63.903347,-3.1098921,5.7552323,-15.616464,8.592157,-11.368893,24.174187,5.509469,-13.736541,2.437142,-27.635798,-11.450142,-4.6780405,46.697056,-7.06331,-1.0818871
500,-8.245931625366211,-315.32391357421875,105.45075988769531,5.237133104956553,-4.179760392256829,-96.85466901632192,-3.7587404,-7.2857156,11.683108,-2.1296365,-3.6135988,-14.593798,20.614454,-27.07219,33.047276,18.853426,6.4936647,9.211624,-0.25719723,-13.692821,39.431473,63.791588,-3.2566292,5.803311,-15.61706,8.84091,-11.151943,24.032635,5.5193553,-14.107337,2.2686336,-27.432686,-10.911764,-5.5158515,43.306896,-6.610183,-0.98734
501,-8.299928665161133,-315.9840087890625,105.40574645996094,5.068883724829036,-4.009655652100401,-96.64502477613661,-3.9787378,-6.996553,11.50055,-2.1939464,-3.5934865,-15.047596,20.876608,-27.253143,32.09317,19.16604,6.6245356,9.079256,-0.046723172,-13.733539,39.3031,63.662735,-3.401973,5.8318353,-15.611192,9.08395,-10.951569,23.87385,5.5304923,-14.481977,2.1012578,-27.157253,-10.337507,-6.259334,39.762833,-6.074948,-0.79960614
502,-8.358831405639648,-316.64483642578125,105.34856414794922,4.919151797575752,-3.8334008881391957,-96.4193441077744,-4.2003284,-6.7275624,11.311636,-2.2606688,-3.5818312,-15.510886,21.138117,-27.450388,31.212412,19.476913,6.7722917,8.920663,0.15346336,-13.767197,39.21458,63.516598,-3.5675464,5.8525662,-15.591347,9.321664,-10.767165,23.697382,5.541806,-14.862863,1.9367367,-26.809479,-9.74552,-6.951489,36.050915,-5.447835,-0.55778664
503,-8.43040943145752,-317.3117980957031,105.27410888671875,4.813886267370114,-3.6672855946699405,-96.18990625297529,-4.412036,-6.5006733,11.134972,-2.333935,-3.5836463,-15.974968,21.399445,-27.66272,30.397783,19.761976,6.9189124,8.746101,0.3502439,-13.794724,39.144363,63.343124,-3.73667,5.8675804,-15.560384,9.573459,-10.625618,23.513674,5.555386,-15.252041,1.7737017,-26.408974,-9.14862,-7.5295224,32.252865,-4.7831936,-0.20474178
504,-8.505743980407715,-317.9789123535156,105.17535400390625,4.772717193512378,-3.5295427119853504,-95.96839462893888,-4.6015673,-6.3394203,10.989749,-2.4195695,-3.6017516,-16.43219,21.661335,-27.891357,29.642685,19.996738,7.047393,8.566588,0.55285096,-13.818234,39.06589,63.132492,-3.8964956,5.8786426,-15.520335,9.862212,-10.561247,23.331892,5.5651565,-15.649496,1.6215223,-25.966003,-8.572705,-7.935244,28.440062,-4.134187,0.3108934
505,-8.593534469604492,-318.65142822265625,105.05394744873047,4.812115493354746,-3.428455984443301,-95.7431413852985,-4.7779226,-6.2573776,10.885183,-2.5266516,-3.641008,-16.889656,21.925264,-28.138567,28.942371,20.175344,7.1585264,8.372439,0.76590186,-13.840664,38.962772,62.864445,-4.055348,5.893769,-15.459051,10.1977,-10.587316,23.13683,5.5728307,-16.056469,1.48122,-25.463625,-8.058021,-8.176191,24.569511,-3.5141118,0.9792683
506,-8.684892654418945,-319.3286437988281,104.90869140625,4.920186669962397,-3.3632992970983975,-95.50459063033817,-4.9484477,-6.2466836,10.816847,-2.6529083,-3.697781,-17.352478,22.19116,-28.40853,28.300335,20.307909,7.261639,8.1612625,0.99102765,-13.863879,38.843227,62.540398,-4.2211914,5.9116526,-15.378226,10.578113,-10.694018,22.919443,5.578446,-16.474339,1.355643,-24.864801,-7.6291733,-8.292274,20.56739,-2.8827128,1.7520571
507,-8.79186725616455,-320.0221862792969,104.74561309814453,5.085014560220211,-3.3428860192411554,-95.25837341209875,-5.1088066,-6.294811,10.787025,-2.7865784,-3.7622678,-17.807047,22.456038,-28.703066,27.72116,20.394001,7.3535676,7.956038,1.2310578,-13.888257,38.72076,62.18373,-4.378811,5.9200215,-15.300927,11.020992,-10.857642,22.69372,5.586418,-16.910099,1.2253847,-24.159498,-7.2916527,-8.283019,16.493784,-2.2281392,2.6260333
508,-8.899120330810547,-320.718017578125,104.55317687988281,5.2993326152373115,-3.3863383356775896,-95.00113542787086,-5.263705,-6.400302,10.803677,-2.9159665,-3.821436,-18.241405,22.715462,-29.022926,27.211233,20.434898,7.432177,7.7765646,1.4892346,-13.913109,38.610085,61.818825,-4.512241,5.907284,-15.249717,11.545589,-11.079827,22.461397,5.5879164,-17.357178,1.0942334,-23.313135,-7.055388,-8.1633625,12.390508,-1.5270017,3.6119673
509,-9.009809494018555,-321.4339904785156,104.31990814208984,5.598954953379485,-3.5283907134378714,-94.70080039595032,-5.436648,-6.6053305,10.890206,-3.0486772,-3.8759315,-18.665663,22.969063,-29.376728,26.77203,20.419798,7.498254,7.6162615,1.784182,-13.93876,38.505714,61.422474,-4.6125946,5.872082,-15.242459,12.198756,-11.399426,22.188763,5.585743,-17.82943,0.96346366,-22.315807,-6.980505,-7.907366,8.272399,-0.81918836,4.705303
510,-9.133407592773438,-322.163818359375,104.04841613769531,6.0005439497395425,-3.779375638862743,-94.33717744192298,-5.648283,-6.927836,11.050643,-3.1904917,-3.9229436,-19.08482,23.217579,-29.763948,26.401136,20.351404,7.5573716,7.462136,2.119657,-13.966564,38.40063,60.98388,-4.689722,5.8238287,-15.262443,12.986981,-11.826042,21.846783,5.5799923,-18.321468,0.8364655,-21.999472,-7.222831,-7.248128,5.7061973,-0.91239464,5.9053454
511,-9.27114486694336,-322.90948486328125,103.75934600830078,6.42366929147372,-4.076313011459833,-93.9689806100858,-5.857809,-7.2779827,11.238044,-3.3231378,-3.9570873,-19.473116,23.45546,-30.163301,26.101328,20.25581,7.6064134,7.3339996,2.4593346,-13.995104,38.314217,60.558693,-4.753268,5.7615404,-15.282622,13.839593,-12.263184,21.49797,5.5753384,-18.827253,0.6957868,-22.857332,-7.6952777,-6.075626,5.5706205,-2.174556,7.223023
512,-9.413041114807129,-323.6759033203125,103.47832489013672,6.798104700351474,-4.362605198316239,-93.64877382511777,-6.052921,-7.5622673,11.392913,-3.4082031,-3.9562678,-19.766037,23.573614,-30.403189,25.933355,20.298506,7.6000085,7.192002,2.731285,-14.00782,38.305504,60.26746,-4.8010087,5.6782956,-15.280954,14.697231,-12.637781,21.201784,5.5725484,-19.345636,0.53263277,-23.622025,-8.116259,-4.9441037,5.484885,-3.3394322,8.679146
513,-9.551312446594238,-324.4400939941406,103.19796752929688,7.131860692142993,-4.66358243948381,-93.37683927559836,-6.1944313,-7.800132,11.555367,-3.475772,-3.9215405,-20.025288,23.683445,-30.672503,25.856733,20.31401,7.5741987,7.106033,2.9903364,-14.0187435,38.32402,60.043064,-4.8307934,5.5608754,-15.257033,15.575478,-12.965237,20.961565,5.571643,-19.870304,0.35458654,-24.250925,-8.486584,-3.83518,5.3949533,-4.4331617,10.451077
514,-9.691659927368164,-325.2154235839844,102.91105651855469,7.451789625251919,-4.968672014897361,-93.14339716711022,-6.290958,-8.02584,11.713283,-3.5238123,-3.8611822,-20.252308,23.799091,-30.978653,25.85461,20.28814,7.536542,7.0706115,3.2393506,-14.029078,38.37145,59.867016,-4.8377833,5.412712,-15.219936,16.47089,-13.275883,20.76048,5.570692,-20.40679,0.1628448,-24.798563,-8.836724,-2.7052574,5.334537,-5.4858885,12.483836
515,-9.835687637329102,-326.00799560546875,102.62751770019531,7.722623219438922,-5.255872463144286,-92.9486406592684,-6.367715,-8.196055,11.858636,-3.5514464,-3.7998214,-20.412687,23.889044,-31.246782,25.919834,20.279945,7.4985833,7.0702543,3.4392622,-14.034422,38.452366,59.76131,-4.8636813,5.2747765,-15.155897,17.359953,-13.526349,20.606142,5.570894,-20.9512,-0.048241958,-24.950884,-9.12124,-1.810711,4.801685,-6.1175876,14.467595
516,-9.948065757751465,-326.79876708984375,102.35449981689453,7.920198977034285,-5.47667514294111,-92.80143526323239,-6.4213033,-8.29224,11.9535885,-3.5446522,-3.7570846,-20.511019,23.987503,-31.536573,26.035883,20.255438,7.498862,7.134759,3.5575764,-14.036921,38.585663,59.746906,-4.9176316,5.1747,-15.046436,18.173262,-13.711763,20.50311,5.5739236,-21.492285,-0.25264996,-25.133308,-9.329597,-1.0807664,4.632533,-6.6401405,16.08807
517,-10.060195922851562,-327.5851135253906,102.10092163085938,8.070120525695039,-5.630223038512113,-92.72593999513009,-6.443748,-8.330252,11.998174,-3.495467,-3.7391424,-20.50462,24.04931,-31.720545,26.199926,20.340153,7.5110936,7.20167,3.5796797,-14.032043,38.75331,59.840916,-5.0559707,5.1222067,-14.8636875,18.910032,-13.849276,20.471212,5.5771265,-22.0253,-0.4639182,-25.24494,-9.482247,-0.51799744,4.681515,-6.931248,17.387947
518,-10.169259071350098,-328.35784912109375,101.86297607421875,8.184845710802367,-5.740625034020347,-92.71098135295327,-6.436653,-8.323706,12.0093155,-3.409105,-3.73111,-20.4184,24.08697,-31.856356,26.41661,20.464722,7.5465665,7.3024673,3.5188272,-14.021082,38.977913,60.036068,-5.2255993,5.0992846,-14.633314,19.592688,-13.956159,20.500748,5.5807366,-22.54944,-0.67846036,-25.265451,-9.58829,-0.08432715,4.889325,-7.03753,18.514814
519,-10.27485466003418,-329.1515808105469,101.65373229980469,8.212253884103156,-5.794032357402439,-92.70361374721979,-6.4560947,-8.230614,11.971772,-3.2920911,-3.73829,-20.237837,24.101906,-31.943394,26.684153,20.5941,7.6041994,7.4454856,3.3853216,-14.002459,39.253784,60.308674,-5.4082775,5.1114197,-14.386468,20.221626,-13.960192,20.563454,5.5874624,-23.06948,-0.9118048,-25.189621,-9.587886,0.13085242,5.149348,-6.9383063,19.313267
520,-10.363883018493652,-329.97265625,101.4801025390625,8.100570005825288,-5.766991641767523,-92.66346706641691,-6.5612655,-8.00035,11.8573065,-3.0964332,-3.744892,-19.924038,24.087837,-31.952986,26.995016,20.69623,7.678167,7.6434994,3.153515,-13.969596,39.595524,60.70411,-5.5742517,5.1281924,-14.149165,20.772966,-13.799664,20.64081,5.5974007,-23.578064,-1.1665826,-24.937286,-9.437397,0.020696105,5.1590204,-6.4775033,19.62286
521,-10.423541069030762,-330.8177490234375,101.35059356689453,7.813728830509351,-5.648567966377775,-92.61132594123487,-6.721244,-7.5983143,11.687015,-2.8686626,-3.785189,-19.464941,24.031908,-31.843054,27.305237,20.824112,7.794308,7.861601,2.8654728,-13.923417,39.907566,61.13543,-5.8680816,5.2139807,-13.885279,21.235243,-13.446201,20.762499,5.610448,-24.079136,-1.4408517,-24.609514,-9.10878,-0.45931548,5.1986423,-5.707699,19.37569
522,-10.479756355285645,-331.64520263671875,101.28636169433594,7.375007205739582,-5.446671751156252,-92.5790775845776,-6.8862157,-7.0354257,11.479719,-2.6204453,-3.8613517,-18.89286,23.936531,-31.648352,27.62906,20.969944,7.944405,8.104105,2.5374992,-13.87241,40.16251,61.586582,-6.2898903,5.3606997,-13.587943,21.592253,-12.914845,20.957014,5.624547,-24.544317,-1.7414596,-24.200853,-8.599566,-1.2243973,5.267884,-4.5889144,18.615923
523,-10.513283729553223,-332.5057373046875,101.24624633789062,6.802544090998556,-5.202641457231088,-92.52442283871852,-7.0977483,-6.337134,11.256912,-2.3281798,-3.955356,-18.204609,23.79331,-31.35712,27.998993,21.121876,8.073451,8.366281,2.1600666,-13.812575,40.39802,62.103546,-6.6985254,5.488535,-13.317921,21.918535,-12.230551,21.19574,5.6499705,-25.008564,-2.067291,-23.768278,-7.9151525,-2.0648847,5.334958,-3.1028435,17.235992
524,-10.54387378692627,-333.3846740722656,101.26818084716797,6.147736497362811,-4.960060361159279,-92.38964648997639,-7.3650737,-5.5665836,11.067433,-2.0892577,-4.0949697,-17.475462,23.634823,-31.085245,28.423187,21.179045,8.173064,8.67147,1.8402084,-13.756413,40.54091,62.520153,-7.022129,5.6151752,-13.149065,22.2266,-11.40979,21.426056,5.68266,-25.40695,-2.425183,-23.383291,-7.109765,-2.7965052,5.405089,-1.3440919,15.222787
525,-10.580290794372559,-334.2661437988281,101.3787612915039,5.371505986429575,-4.6894939703210845,-92.13683098508893,-7.768901,-4.665068,10.866262,-1.8553568,-4.2433405,-16.653696,23.294764,-30.627485,29.019129,21.323376,8.168355,8.979271,1.4919746,-13.652616,40.65181,63.002064,-7.249606,5.7196374,-13.104213,22.509989,-10.418329,21.641817,5.7277474,-25.698679,-2.8094194,-23.088713,-6.1407275,-3.5033174,5.4761324,0.6360446,12.335677
526,-10.614181518554688,-335.17425537109375,101.53870391845703,4.428293122912043,-4.390802041121478,-91.80240786328127,-8.17929,-3.5814402,10.689202,-1.7101955,-4.4073153,-15.904041,22.792015,-30.23644,29.857443,21.438206,8.1011915,9.343298,1.2147806,-13.530724,40.577232,63.449024,-7.4788055,5.826484,-13.145883,22.780622,-9.214144,21.907417,5.794026,-25.807379,-3.2339363,-22.789183,-4.9655304,-4.3467755,5.501821,2.8362749,8.797772
527,-10.63589859008789,-336.10833740234375,101.6907958984375,3.4540688558009567,-4.133088156942493,-91.39495288289267,-8.562553,-2.4731524,10.575229,-1.669148,-4.593904,-15.2653,22.249928,-30.03064,30.860746,21.428143,8.0163555,9.735396,1.0640621,-13.435143,40.337944,63.767242,-7.6285276,5.9122987,-13.254986,23.100256,-7.934854,22.183592,5.8855762,-25.62521,-3.6912572,-22.771227,-3.8133442,-5.124814,6.1412506,4.8063326,5.38261
528,-10.688342094421387,-337.0574035644531,101.82577514648438,2.4940066335841684,-3.992235037697513,-90.93396748605018,-8.908626,-1.3971454,10.556222,-1.7174963,-4.8005404,-14.72686,21.6731,-29.951399,32.032475,21.358446,7.9010386,10.07872,1.0314928,-13.36756,40.0128,63.980515,-7.604112,5.9305825,-13.422895,23.539274,-6.613335,22.46842,6.013114,-25.045166,-4.194034,-22.434793,-2.7264566,-5.9178977,6.4354725,6.8922772,2.6804786
529,-10.759623527526855,-337.99273681640625,101.94070434570312,1.5639223475672157,-3.977519315140381,-90.35828353946937,-9.28393,-0.38312444,10.615517,-1.855544,-5.0202055,-14.261675,21.069227,-29.976381,33.36968,21.245396,7.7439647,10.36592,1.136416,-13.328773,39.606422,64.071045,-7.3202524,5.8572283,-13.693786,23.642408,-5.0500655,22.618118,7.179991,-24.526968,-4.7512627,-21.838276,-1.7669932,-6.6640215,6.513667,8.939995,0.81402695
530,-10.849719047546387,-338.91546630859375,102.04117584228516,0.6195636442445198,-4.029210994674951,-89.65532739349429,-9.715526,0.61993074,10.724762,-2.0693102,-5.2572565,-13.841546,20.44175,-30.087109,34.842724,21.077726,7.5534153,10.621297,1.3592857,-13.317613,39.116947,64.04418,-6.8354893,5.719169,-14.052567,22.287195,-2.7567973,22.367622,11.635064,-25.225082,-5.38839,-20.909452,-0.88212794,-7.505709,6.4053645,10.638001,-0.5264085
531,-10.957585334777832,-339.82733154296875,102.13964080810547,-0.38627076127333687,-4.098617222287365,-88.93693560682335,-10.10685,1.6800873,10.868621,-2.3325355,-5.520038,-13.473959,19.793373,-30.26708,36.429073,20.856024,7.3480177,10.8330965,1.6322106,-13.329957,38.605957,63.96126,-6.2689257,5.5436025,-14.405257,21.292624,-0.50950354,22.073261,15.477535,-25.312208,-6.0937395,-20.276117,0.078661196,-8.35911,6.3866,12.103751,-1.6654221
532,-11.070199012756348,-340.732421875,102.22261047363281,-1.3736680089253146,-4.175983694915169,-88.28302634948697,-10.396418,2.7285452,11.0274105,-2.616048,-5.804391,-13.155836,19.129251,-30.492687,38.100388,20.582893,7.153635,10.980712,1.8890072,-13.361804,38.147354,63.889736,-5.730659,5.3634324,-14.660208,20.15899,1.7080026,21.608942,19.325457,-25.049824,-6.7848487,-19.47092,1.0374876,-9.313358,6.337012,12.9342785,-2.6168227
533,-11.174556732177734,-341.618896484375,102.29216003417969,-2.338971909980615,-4.260441458087813,-87.71707643005556,-10.571909,3.7620778,11.187706,-2.906632,-6.1212254,-12.869918,18.453625,-30.74881,39.865273,20.23597,6.959,11.066231,2.1148994,-13.409719,37.761738,63.86048,-5.18338,5.1524496,-14.816288,19.149263,3.8265893,21.05551,22.956535,-24.616657,-7.5563273,-18.699043,2.0113099,-10.291148,6.308449,13.3329315,-3.3911214
534,-11.266851425170898,-342.4812316894531,102.35823059082031,-3.2739447355751925,-4.369604244257345,-87.20304901666604,-10.6696825,4.7640343,11.353406,-3.2103074,-6.467952,-12.598638,17.770384,-31.031075,41.718906,19.825525,6.757925,11.098106,2.3292177,-13.47185,37.432167,63.85348,-4.5804596,4.9022164,-14.91688,18.136963,5.8803406,20.38416,26.549236,-24.141724,-8.380206,-17.85064,2.9843833,-11.256064,6.1530876,13.461534,-3.949267
535,-11.386058807373047,-343.3445129394531,102.43326568603516,-4.184596683895049,-4.5035736115405465,-86.75443015137778,-10.681113,5.7413545,11.533151,-3.5248332,-6.8220215,-12.340288,17.084536,-31.329926,43.613503,19.399225,6.578892,11.072437,2.5045142,-13.546777,37.177284,63.86435,-4.016157,4.6724687,-14.940609,17.11011,7.8681445,19.636723,30.089556,-23.45552,-9.147504,-16.692417,4.038132,-12.198747,5.405939,13.625356,-4.360432
536,-11.527754783630371,-344.1971130371094,102.50657653808594,-5.080527691287204,-4.661958952359643,-86.38201547784702,-10.604107,6.7030616,11.736158,-3.8431401,-7.162649,-12.091432,16.402689,-31.630438,45.500282,19.005651,6.4505925,10.985497,2.6082017,-13.633594,37.02574,63.893272,-3.5796504,4.522566,-14.868433,16.064878,9.788451,18.850626,33.55449,-22.509548,-9.759827,-15.620331,5.11815,-12.997656,4.8608446,13.504964,-4.6873
537,-11.655257225036621,-345.0399169921875,102.57457733154297,-5.980369905153242,-4.850519175739215,-86.1213758753647,-10.413796,7.676146,11.963191,-4.1527133,-7.496519,-11.836025,15.726923,-31.918968,47.375538,18.634638,6.3844604,10.829238,2.6255512,-13.732881,36.99416,63.959732,-3.2676945,4.4695597,-14.677015,15.004926,11.66471,18.080452,36.9809,-21.23962,-10.299429,-14.694478,6.2453704,-13.603673,4.6589475,13.090317,-5.0077977
538,-11.76176929473877,-345.85626220703125,102.61730194091797,-6.865316639046616,-5.0706024515808314,-85.95853650914046,-10.122368,8.638845,12.199635,-4.4538083,-7.830752,-11.568652,15.058902,-32.195248,49.25358,18.267855,6.364948,10.610104,2.5696769,-13.844184,37.077705,64.06255,-3.0361326,4.4814386,-14.385226,13.891872,13.478741,17.283052,40.45342,-19.698088,-10.816543,-13.632463,7.4118366,-14.069243,4.3333335,12.631494,-5.316675
539,-11.85488224029541,-346.655517578125,102.65734100341797,-7.6965374671233215,-5.314247811238753,-85.82861668287931,-9.785116,9.539622,12.439449,-4.7583804,-8.149398,-11.305167,14.406883,-32.467625,51.112087,17.93908,6.3802247,10.346641,2.4473941,-13.964422,37.271492,64.17213,-2.9147265,4.5417624,-14.036768,12.714891,15.168569,16.383907,43.89357,-18.00506,-11.15911,-12.687042,8.498517,-14.430114,4.2374477,12.0543375,-5.6082134
540,-11.959746360778809,-347.41851806640625,102.70390319824219,-8.42628536385755,-5.57272049924695,-85.66684022801428,-9.45792,10.316158,12.681954,-5.077328,-8.435301,-11.06076,13.784164,-32.745934,52.923367,17.678413,6.4198713,10.055871,2.2648973,-14.087482,37.570816,64.25757,-2.933373,4.633875,-13.674799,11.439333,16.675127,15.306534,47.259502,-16.29409,-11.152776,-11.63694,9.49632,-14.791264,3.9029338,11.613994,-5.8654566
541,-12.102602005004883,-348.17999267578125,102.75894165039062,-9.047434237525513,-5.855268006065301,-85.4660394422213,-9.1425,10.953323,12.944557,-5.4094296,-8.683166,-10.839192,13.200683,-33.02875,54.676517,17.494967,6.510564,9.724898,2.0150454,-14.205125,38.00163,64.321655,-3.1159647,4.768497,-13.298623,10.015145,18.000542,13.986075,50.63016,-14.633036,-10.582101,-10.830349,10.305243,-15.1340065,4.104067,10.907819,-6.0902653
542,-12.252518653869629,-348.90533447265625,102.812744140625,-9.577922184959558,-6.163856164620349,-85.25852665932013,-8.817484,11.47633,13.226215,-5.7428865,-8.903954,-10.623191,12.660726,-33.30933,56.372177,17.366482,6.651696,9.350112,1.6894113,-14.313246,38.567024,64.3878,-3.4413157,4.942934,-12.887912,8.462371,19.166962,12.505362,53.99702,-12.913026,-9.58683,-9.993808,11.018182,-15.452551,4.248521,10.242024,-6.288895
543,-12.405172348022461,-349.617919921875,102.86687469482422,-10.043017175249918,-6.47915554500706,-85.03756020214868,-8.504003,11.909296,13.509732,-6.0759635,-9.103369,-10.399055,12.168914,-33.595623,57.997135,17.273848,6.7935176,8.962044,1.2913879,-14.414852,39.219315,64.45593,-3.8760567,5.1191826,-12.45443,6.832445,20.204277,10.991391,57.233345,-11.031933,-8.506036,-9.208427,11.638082,-15.758657,4.488481,9.532019,-6.4596825
544,-12.549996376037598,-350.3065490722656,102.91931915283203,-10.461198723430568,-6.781326020456577,-84.79670607490463,-8.216251,12.273573,13.776815,-6.413072,-9.294503,-10.159481,11.729313,-33.90555,59.540245,17.193834,6.8870206,8.590782,0.8329283,-14.51861,39.895725,64.51315,-4.3928485,5.262377,-12.009249,5.1792283,21.147278,9.554397,60.215607,-8.906999,-7.6667647,-8.453021,12.191341,-16.070257,4.7278447,8.835073,-6.600935
545,-12.691768646240234,-350.9798889160156,102.97057342529297,-10.829957819973455,-7.06816427897328,-84.50719683005309,-7.969034,12.561224,14.033755,-6.770109,-9.487767,-9.919175,11.34525,-34.27155,60.99722,17.106974,6.9275885,8.231002,0.3187745,-14.630668,40.59149,64.53239,-5.0177126,5.368694,-11.526532,3.4439635,22.010096,8.126611,62.988834,-6.417374,-7.0428452,-7.742036,12.665221,-16.418161,5.007149,8.122365,-6.707782
546,-12.841974258422852,-351.62554931640625,103.02032470703125,-11.143611666750445,-7.349917083789859,-84.18295060654839,-7.7420754,12.76783,14.290454,-7.1465015,-9.679409,-9.681932,11.01684,-34.690315,62.368317,17.020899,6.94169,7.8686147,-0.24561636,-14.752336,41.320564,64.506065,-5.760157,5.456308,-11.007325,1.6100833,22.796904,6.6787724,65.61409,-3.6553438,-6.4525204,-7.058612,13.068495,-16.791767,5.2894073,7.4217687,-6.7905445
547,-12.991610527038574,-352.2623291015625,103.07218170166016,-11.414050746760989,-7.6255119691054,-83.88166604125392,-7.4976163,12.920394,14.5338955,-7.5241213,-9.847885,-9.422885,10.740545,-35.11991,63.648937,16.957724,6.9250517,7.5197177,-0.8458104,-14.885145,42.045067,64.44585,-6.569867,5.5272484,-10.50476,-0.21389501,23.533283,5.3498955,68.017975,-0.881841,-5.9913654,-6.358224,13.437984,-17.139978,5.508394,6.7575474,-6.8560658
548,-13.132624626159668,-352.87896728515625,103.12669372558594,-11.649299356031191,-7.894324909227155,-83.66057770210749,-7.1966968,13.044573,14.749026,-7.8861856,-9.97459,-9.118533,10.510266,-35.514763,64.83906,16.944946,6.8720827,7.2000403,-1.4658926,-15.032813,42.719448,64.36685,-7.403514,5.5845757,-10.070862,-1.9109483,24.242653,4.27146,70.127205,1.6388034,-5.770028,-5.583745,13.81801,-17.411333,5.493715,6.2426476,-6.9185333
549,-13.269744873046875,-353.48858642578125,103.18226623535156,-11.85492764796784,-8.152333310968725,-83.52564002726459,-6.8299556,13.149614,14.93148,-8.241367,-10.065143,-8.775476,10.321582,-35.88051,65.94711,17.022387,6.7613797,6.891519,-2.1083353,-15.198145,43.345802,64.26059,-8.340225,5.631255,-9.701777,-3.4804337,25.032742,3.576145,71.94639,4.084757,-5.8921666,-4.8467937,14.181418,-17.60288,5.4954996,5.74026,-6.980059
550,-13.406194686889648,-354.0857238769531,103.2379150390625,-12.025000358236863,-8.402891155478509,-83.45142770347368,-6.4141474,13.223354,15.08896,-8.5965185,-10.125583,-8.406827,10.172342,-36.232315,66.97735,17.17024,6.600347,6.5924754,-2.7760642,-15.382384,43.93915,64.116196,-9.376228,5.667322,-9.375001,-4.9744024,25.876623,3.1457047,73.52763,6.50578,-6.2544947,-4.131239,14.519719,-17.739183,5.48862,5.260435,-7.0364256
551,-13.535468101501465,-354.659423828125,103.2928695678711,-12.151238230870979,-8.655938701896375,-83.44632540923136,-5.952566,13.261358,15.225641,-8.93202,-10.143851,-7.9962196,10.058715,-36.53552,67.91934,17.330204,6.4261703,6.343524,-3.4520328,-15.5863,44.470036,63.939243,-10.344998,5.6970615,-9.115061,-6.346887,26.574364,2.7411292,74.8716,8.439251,-6.702914,-3.4453368,14.8163805,-17.803959,5.481021,4.8162704,-7.085372
552,-13.66598892211914,-355.22845458984375,103.3482894897461,-12.225574448065915,-8.919104020489451,-83.51558587556897,-5.45223,13.258551,15.346399,-9.227605,-10.1098995,-7.526884,9.975726,-36.74762,68.76264,17.450802,6.2753916,6.1841993,-4.1204123,-15.81061,44.903767,63.73566,-11.084749,5.727516,-8.945399,-7.5435414,26.913662,2.1456766,75.97365,9.417865,-7.105293,-2.7822647,15.064099,-17.784975,5.4790144,4.402782,-7.1295805
553,-13.786348342895508,-355.7723693847656,103.41019439697266,-12.230416104314777,-9.195931718936771,-83.67008037745718,-4.901363,13.206319,15.448244,-9.479773,-10.015076,-6.994419,9.919743,-36.85678,69.509026,17.543928,6.1432595,6.1328015,-4.782787,-16.058521,45.228977,63.517384,-11.562724,5.759369,-8.869305,-8.505188,26.768782,1.2948335,76.80628,9.13763,-7.453751,-2.0990965,15.240646,-17.670134,5.483293,3.9841034,-7.15105
554,-13.906936645507812,-356.3121032714844,103.47769165039062,-12.176304561312811,-9.48220459854147,-83.90116032425314,-4.3042965,13.112093,15.533121,-9.698606,-9.868346,-6.4093184,9.889049,-36.87831,70.16718,17.63621,6.0131426,6.1661215,-5.446943,-16.332384,45.461674,63.277138,-11.865479,5.794573,-8.873868,-9.249069,26.27985,0.34664378,77.38457,7.902222,-7.8118014,-1.4338847,15.356895,-17.476622,5.485866,3.5993435,-7.1643744
555,-14.018365859985352,-356.84722900390625,103.54881286621094,-12.089875404811535,-9.773829622881905,-84.1828053440868,-3.694851,12.993993,15.613561,-9.883133,-9.68496,-5.775778,9.8816805,-36.811317,70.73554,17.698051,5.904409,6.261777,-6.109068,-16.630886,45.610744,62.999004,-12.009368,5.8403535,-8.958925,-9.841025,25.633547,-0.58221537,77.767586,6.154683,-8.154301,-0.76648074,15.435616,-17.228935,5.4904184,3.222082,-7.1666465
556,-14.1280517578125,-357.36895751953125,103.6197280883789,-11.990137058396815,-10.064972057872204,-84.49031087561389,-3.106638,12.868218,15.700203,-10.031895,-9.479661,-5.0969725,9.895738,-36.651897,71.211784,17.701735,5.8359313,6.3965216,-6.7657013,-16.949608,45.684013,62.669277,-12.011014,5.902489,-9.124775,-10.358915,25.00856,-1.3910753,78.01177,4.342476,-8.469173,-0.11658973,15.498259,-16.951344,5.492896,2.8681774,-7.1705866
557,-14.23651123046875,-357.8824157714844,103.69330596923828,-11.876131439298504,-10.36146165719919,-84.82567436775182,-2.5384076,12.729013,15.79969,-10.145001,-9.246014,-4.370456,9.930538,-36.379665,71.59214,17.65272,5.8235006,6.578799,-7.425942,-17.286587,45.676025,62.307796,-11.845879,5.9771523,-9.38609,-10.793561,24.35961,-2.1338692,78.11081,2.3759177,-8.733007,0.5360447,15.544861,-16.638865,5.4962897,2.5213006,-7.1736574
558,-14.342166900634766,-358.39044189453125,103.76981353759766,-11.738168661690645,-10.66430300660763,-85.20070753220095,-1.9779528,12.571916,15.907776,-10.219536,-8.978951,-3.5913422,9.985454,-35.995323,71.874016,17.56533,5.8533096,6.8159776,-8.093861,-17.641184,45.588997,61.921856,-11.513886,6.061018,-9.738599,-11.116383,23.638409,-2.838399,78.03986,0.08711269,-8.938772,1.1873431,15.563507,-16.282627,5.500103,2.1875637,-7.173018
559,-14.43521785736084,-358.8700256347656,103.84324645996094,-11.593564117821874,-10.957651585101193,-85.60275043584689,-1.4417353,12.409825,16.013609,-10.250468,-8.699502,-2.7611895,10.058219,-35.53238,72.060555,17.421484,5.899219,7.0843024,-8.758612,-18.009817,45.44156,61.485455,-11.067999,6.1580405,-10.156081,-11.386553,23.001661,-3.3805194,77.82578,-2.1918468,-9.131308,1.8096477,15.564736,-15.900256,5.5018144,1.8806568,-7.1688647
560,-14.521163940429688,-359.363525390625,103.91513061523438,-11.45386984195099,-11.224190790967365,-86.01891882273071,-0.94413334,12.253763,16.103317,-10.235621,-8.4276285,-1.8854825,10.145259,-35.03192,72.16165,17.199144,5.9333963,7.360194,-9.407311,-18.386389,45.25064,60.974045,-10.559499,6.271522,-10.613979,-11.668837,22.593798,-3.6419356,77.501686,-4.1337957,-9.378638,2.4101083,15.565807,-15.50888,5.502424,1.5727733,-7.16204
561,-14.590291976928711,-359.8597106933594,103.98612213134766,-11.320011690066833,-11.459688798564294,-86.45871468008275,-0.48065853,12.101712,16.168188,-10.166937,-8.15448,-0.9535245,10.244261,-34.497894,72.17304,16.847849,5.952173,7.6702576,-10.054257,-18.769234,45.01744,60.413975,-9.9442425,6.3859,-11.103511,-11.973827,22.474802,-3.5372562,77.06354,-5.615936,-9.826401,2.9744182,15.5627165,-15.099466,5.500672,1.2769393,-7.1504755
562,-14.655274391174316,-360.3429260253906,104.05156707763672,-11.184321156307275,-11.671765826753582,-86.92492383338572,-0.04465298,11.946539,16.215134,-10.049817,-7.872278,0.03237778,10.353258,-33.916924,72.09495,16.39053,5.9659276,8.016327,-10.699967,-19.157068,44.732925,59.813583,-9.2115755,6.499977,-11.641352,-12.268637,22.549242,-3.1467159,76.492,-6.81802,-10.419321,3.501982,15.553762,-14.667911,5.497587,0.9990785,-7.141153
563,-14.71884822845459,-360.8182067871094,104.11315155029297,-11.048791266417036,-11.861746127102187,-87.39322237439762,0.35424954,11.788199,16.250183,-9.903699,-7.604935,1.0424918,10.467737,-33.308422,71.95463,15.913798,5.969001,8.338954,-11.314976,-19.543665,44.397675,59.133945,-8.465762,6.6366825,-12.24279,-12.553595,22.719536,-2.60719,75.80184,-7.872074,-10.937163,4.0028267,15.53919,-14.237233,5.4934616,0.72883904,-7.131079
564,-14.770071029663086,-361.28302001953125,104.17244720458984,-10.92015684416874,-12.03103788129358,-87.83880055160824,0.7094426,11.628778,16.277315,-9.751757,-7.3756666,2.0402236,10.581386,-32.70013,71.789085,15.499954,5.955938,8.579513,-11.86768,-19.919104,44.00783,58.338802,-7.810507,6.818805,-12.923818,-12.83287,22.889788,-2.064799,75.01095,-8.917426,-11.156793,4.4728746,15.515083,-13.830437,5.490271,0.46974826,-7.112614
565,-14.824058532714844,-361.7504577636719,104.22624206542969,-10.800914281946348,-12.174850660636027,-88.25510448257499,1.0174693,11.4690485,16.287506,-9.602,-7.182992,3.0190063,10.689794,-32.094273,71.61491,15.151951,5.9156475,8.720902,-12.360729,-20.275585,43.55019,57.439552,-7.2917476,7.073011,-13.713974,-13.129876,23.036924,-1.563817,74.13481,-9.96969,-10.961728,4.920725,15.493803,-13.454355,5.487765,0.20639066,-7.0914135
566,-14.871565818786621,-362.20556640625,104.28187561035156,-10.686673178216507,-12.294189980044132,-88.65511459213242,1.2852272,11.306336,16.277618,-9.445088,-7.012509,3.9882267,10.790634,-31.486225,71.428986,14.829497,5.852285,8.796156,-12.809195,-20.610653,43.0242,56.466908,-6.850806,7.3745055,-14.597835,-13.433885,23.19855,-1.0346195,73.16642,-10.971837,-10.5029335,5.332892,15.466336,-13.096396,5.487078,-0.04615347,-7.0653143
567,-14.916464805603027,-362.65460205078125,104.33438110351562,-10.573932200651639,-12.399198881370138,-89.04257735398512,1.5230696,11.139635,16.260044,-9.280503,-6.869118,4.93224,10.88037,-30.895693,71.242775,14.547768,5.7836995,8.821952,-13.193038,-20.922037,42.44466,55.40982,-6.4320817,7.670654,-15.527237,-13.687956,23.372438,-0.4462914,72.06751,-11.945976,-9.953527,5.724823,15.432588,-12.752472,5.4860315,-0.2924536,-7.03709
568,-14.954015731811523,-363.09747314453125,104.38255310058594,-10.457201434395756,-12.500072435398843,-89.42205979042689,1.7417443,10.967475,16.245985,-9.107929,-6.755363,5.830801,10.955077,-30.34674,71.07485,14.318539,5.7264066,8.81715,-13.49725,-21.209686,41.828476,54.263443,-5.9815016,7.9063277,-16.452116,-13.836953,23.558899,0.236354,70.79851,-12.908622,-9.485202,6.1152644,15.3851795,-12.417604,5.4821477,-0.53854173,-7.003392
569,-15.001879692077637,-363.5296936035156,104.42901611328125,-10.329743063505832,-12.599916922710888,-89.79195717059807,1.9433774,10.783563,16.238894,-8.932751,-6.674525,6.6721525,11.013635,-29.844313,70.9405,14.133424,5.6778755,8.780646,-13.714932,-21.472837,41.172302,53.008797,-5.4926577,8.090614,-17.39954,-13.864455,23.763266,1.0490514,69.34635,-13.896886,-9.131183,6.493184,15.324966,-12.095945,5.483753,-0.7820586,-6.9749985
570,-15.05116081237793,-363.9682922363281,104.47228240966797,-10.196941446582413,-12.693309657153796,-90.15068093676868,2.123333,10.591717,16.231339,-8.755257,-6.623463,7.4616814,11.056047,-29.381632,70.838394,13.987087,5.6299725,8.70643,-13.853062,-21.710886,40.46971,51.65718,-4.9917645,8.242309,-18.383652,-13.795857,23.973888,1.9713724,67.7284,-14.88835,-8.813419,6.8689213,15.253772,-11.7880945,5.4865336,-1.0325016,-6.944589
571,-15.098847389221191,-364.3913269042969,104.50879669189453,-10.06745805875421,-12.776890245918718,-90.5018902272941,2.2828517,10.405656,16.218878,-8.568108,-6.5962806,8.204926,11.079924,-28.965263,70.76172,13.895802,5.5897517,8.605421,-13.914785,-21.92499,39.73416,50.243027,-4.473279,8.3225155,-19.336065,-13.637022,24.169655,2.9583519,65.95249,-15.810696,-8.532167,7.231289,15.182396,-11.487645,5.4807725,-1.2708114,-6.9147806
572,-15.135071754455566,-364.8211669921875,104.5403823852539,-9.95588533680773,-12.847652073637722,-90.84856261414322,2.423878,10.241457,16.197254,-8.365006,-6.589083,8.904211,11.080856,-28.604591,70.707054,13.875022,5.563076,8.48844,-13.898984,-22.115877,38.980785,48.794952,-3.9283383,8.294958,-20.190067,-13.404585,24.33441,3.957828,64.03745,-16.597723,-8.281163,7.578981,15.1210375,-11.187667,5.4800434,-1.5095325,-6.8811617
573,-15.16453742980957,-365.253173828125,104.56688690185547,-9.86372751466841,-12.912480592619799,-91.18903744682538,2.539311,10.103846,16.172924,-8.141636,-6.6026206,9.56248,11.055037,-28.305674,70.6781,13.958415,5.5538974,8.361848,-13.80022,-22.285076,38.205994,47.30172,-3.3235648,8.127082,-20.954506,-13.102396,24.478035,4.9662557,61.99474,-17.237303,-8.028796,7.918021,15.074714,-10.8898735,5.4872537,-1.7501128,-6.846242
574,-15.190905570983887,-365.6802062988281,104.5848159790039,-9.789118953448313,-12.970702728096798,-91.5218516347319,2.6316872,9.987991,16.144785,-7.9042864,-6.6384573,10.170717,11.002369,-28.06616,70.68653,14.127789,5.5550056,8.219987,-13.6179695,-22.432331,37.405907,45.751205,-2.6746347,7.846469,-21.654982,-12.723797,24.603294,6.009869,59.811398,-17.76244,-7.785447,8.250045,15.044066,-10.596482,5.483739,-1.9783008,-6.8130236
575,-15.218542098999023,-366.1026611328125,104.60065460205078,-9.721322032317048,-13.007450014362632,-91.85365740619591,2.7154229,9.889342,16.095589,-7.6589613,-6.691646,10.7169895,10.925325,-27.879404,70.73872,14.321037,5.5569053,8.057288,-13.371878,-22.555725,36.6015,44.18503,-2.0460553,7.506942,-22.24563,-12.276335,24.686079,7.077787,57.476498,-18.177254,-7.6005564,8.528676,15.013411,-10.300816,5.5365777,-2.2309854,-6.7822227
576,-15.23719310760498,-366.5228271484375,104.61250305175781,-9.655423748366537,-13.007952121429403,-92.19025388885868,2.800683,9.802478,16.008661,-7.407437,-6.7562127,11.195612,10.827901,-27.733255,70.83573,14.476464,5.5509424,7.8682733,-13.08911,-22.652029,35.82209,42.651344,-1.4975234,7.163389,-22.682106,-11.761877,24.703798,8.161327,54.965546,-18.478605,-7.5228024,8.583046,14.942956,-9.995321,5.9497786,-2.6541998,-6.7469435
577,-15.250926971435547,-366.94512939453125,104.62039947509766,-9.59877592043433,-12.96089943307079,-92.53386612296306,2.881954,9.736369,15.86876,-7.141208,-6.832241,11.621019,10.710687,-27.61474,70.969955,14.5770235,5.5354185,7.645125,-12.772188,-22.718252,35.067177,41.14921,-1.0163443,6.805332,-22.933098,-11.16713,24.663786,9.279598,52.22027,-18.692797,-7.5470734,8.564571,14.876728,-9.675011,6.3966794,-3.0889478,-6.713464
578,-15.250970840454102,-367.3765869140625,104.62686920166016,-9.555932928311103,-12.876756250682552,-92.8807880654754,2.9511929,9.688051,15.688307,-6.8564234,-6.9205437,11.998519,10.574336,-27.524265,71.13645,14.658538,5.516066,7.3928914,-12.420792,-22.752357,34.33498,39.6683,-0.5761026,6.4137387,-23.028456,-10.500219,24.570623,10.427272,49.266792,-18.808538,-7.6503367,8.524085,14.819798,-9.34395,6.8082614,-3.5049756,-6.6755595
579,-15.250992774963379,-367.79840087890625,104.63685607910156,-9.499772627292781,-12.772662710004584,-93.22988210312432,3.0133007,9.634119,15.492866,-6.560004,-7.0198913,12.311672,10.424318,-27.470047,71.33428,14.737269,5.497404,7.124474,-12.057724,-22.751316,33.656452,38.24128,-0.21178718,6.031057,-23.01953,-9.796833,24.393896,11.536949,46.204426,-18.808226,-7.8623533,8.464661,14.747337,-9.010421,7.2020736,-3.9051912,-6.635238
580,-15.262724876403809,-368.21539306640625,104.654541015625,-9.41305543013766,-12.66583408611197,-93.57917930070947,3.0697434,9.547596,15.3077135,-6.2546496,-7.1299963,12.549145,10.269152,-27.456802,71.55644,14.828231,5.4853764,6.852893,-11.712429,-22.712198,33.07098,36.90776,0.043180164,5.697763,-22.958767,-9.100939,24.083916,12.47275,43.13251,-18.699495,-8.21601,8.415666,14.645651,-8.682342,7.562531,-4.2855306,-6.5934362
581,-15.277857780456543,-368.62994384765625,104.67410278320312,-9.292002692037018,-12.555321995663984,-93.93230195541202,3.1179624,9.427951,15.135841,-5.9301367,-7.2500253,12.720464,10.113768,-27.484766,71.78834,14.919718,5.487394,6.584578,-11.391886,-22.63092,32.594246,35.664116,0.19077085,5.4249845,-22.840515,-8.348509,23.631714,13.28543,39.804943,-18.300379,-8.811162,8.321414,14.497697,-8.355816,8.0030365,-4.702049,-6.544752
582,-15.30165958404541,-369.0498046875,104.70008850097656,-9.149516642561558,-12.433691121080223,-94.28865512993859,3.152242,9.28276,14.965761,-5.5813627,-7.380363,12.839363,9.959422,-27.544321,72.02318,15.007723,5.5020094,6.310883,-11.092179,-22.5061,32.215435,34.50473,0.24703602,5.1887326,-22.645432,-7.543229,23.053944,13.938751,36.2376,-17.373575,-9.414948,8.2412815,14.330947,-8.028862,8.395951,-5.096411,-6.4948506
583,-15.328359603881836,-369.4576110839844,104.73053741455078,-8.976755717802194,-12.30788067482144,-94.64138880135933,3.1698172,9.101954,14.804624,-5.2207065,-7.5234103,12.900215,9.80933,-27.626072,72.26252,15.120172,5.521265,6.021242,-10.820926,-22.33958,31.930758,33.456882,0.20155786,4.9772153,-22.406898,-6.804169,22.397112,14.2723255,32.912292,-15.851994,-9.626762,8.14351,14.126747,-7.7090983,8.803237,-5.4921217,-6.438056
584,-15.33149528503418,-369.8135986328125,104.83087158203125,-8.768313360939711,-12.184769302693041,-94.98256170987061,3.1683917,8.873529,14.660169,-4.860997,-7.6804976,12.899068,9.667873,-27.719736,72.505295,15.284747,5.537198,5.7046523,-10.584192,-22.135475,31.736734,32.54543,0.045536064,4.7790933,-22.158293,-6.3562026,21.77014,14.191721,30.522417,-14.136574,-9.34447,8.40944,13.914249,-7.412425,8.428999,-5.470776,-6.359735
585,-15.350312232971191,-370.17095947265625,104.94039916992188,-8.470957986384127,-12.066677239098736,-95.3165293411494,3.1541443,8.544884,14.553738,-4.5035686,-7.873882,12.820553,9.539625,-27.814783,72.75362,15.538158,5.5548663,5.3484683,-10.383011,-21.892096,31.638474,31.749271,-0.23427027,4.6049194,-21.899733,-6.245457,21.171398,13.800018,29.293922,-12.658693,-8.761934,8.589472,13.584534,-7.1376877,8.249334,-5.5537653,-6.2626605
586,-15.406905174255371,-370.5573425292969,105.02446746826172,-8.105643764006055,-11.94811891618157,-95.64340695745722,3.1230512,8.134783,14.476214,-4.1402993,-8.096216,12.678573,9.425774,-27.913727,72.99525,15.858093,5.5775023,4.9610925,-10.214735,-21.608553,31.635899,31.061756,-0.6308991,4.4554,-21.616728,-6.30548,20.623045,13.450916,28.80183,-11.730256,-8.306288,8.5295105,13.156261,-6.875743,8.59505,-5.923345,-6.162963
587,-15.447145462036133,-370.9287109375,105.10485076904297,-7.767753256630525,-11.825246046592882,-95.9520536663966,3.0615718,7.742854,14.389893,-3.7728298,-8.314363,12.505944,9.324052,-28.03156,73.21348,16.181883,5.5940275,4.562843,-10.073056,-21.294422,31.71308,30.520136,-1.1209751,4.307565,-21.321974,-6.4082747,20.212109,13.316453,28.705614,-11.411743,-8.129743,8.502474,12.754188,-6.625923,8.846718,-6.2377634,-6.0597544
588,-15.466326713562012,-371.30645751953125,105.1463394165039,-7.5537968737062124,-11.696291595040677,-96.2338996333113,2.9636803,7.4728155,14.256489,-3.408437,-8.49107,12.32844,9.230104,-28.19016,73.399574,16.444841,5.5919585,4.1733284,-9.9405365,-20.966908,31.847767,30.14832,-1.6783144,4.1422067,-21.029297,-6.3765035,19.980106,13.426044,28.583233,-11.356154,-8.115129,8.453909,12.484952,-6.3785415,9.126156,-6.567748,-5.974331
589,-15.434880256652832,-371.6953125,105.13604736328125,-7.54989466329568,-11.554258387147128,-96.47828654153155,2.81357,7.41319,14.037652,-3.0501883,-8.599229,12.172611,9.134979,-28.423141,73.55242,16.570488,5.5559573,3.7849214,-9.79717,-20.647038,32.04242,29.938313,-2.3216767,3.9532104,-20.72911,-6.1958466,20.004194,13.659947,28.479376,-11.50024,-8.183812,8.425389,12.440611,-6.1311984,9.328873,-6.859243,-5.910229
590,-15.363280296325684,-372.0822448730469,105.12947845458984,-7.685984292433464,-11.404099778959853,-96.6938999320301,2.6307614,7.4971585,13.764235,-2.7058594,-8.666906,12.000904,9.035973,-28.728357,73.69434,16.606691,5.4936204,3.3919935,-9.635875,-20.344133,32.295536,29.849567,-3.0458808,3.7588992,-20.422592,-6.2090025,20.21819,13.786176,28.803688,-11.941428,-8.281902,8.685747,12.569997,-5.90023,8.917705,-6.8387613,-5.8562984
591,-15.287075996398926,-372.4427185058594,105.12828826904297,-7.822676069991546,-11.262462972928244,-96.9011093395296,2.4625626,7.5949554,13.502017,-2.389503,-8.737281,11.748819,8.941817,-29.068663,73.842865,16.67948,5.4280624,3.015525,-9.4575405,-20.052027,32.575813,29.859318,-3.7921653,3.5758035,-20.137262,-6.2019057,20.430025,13.951122,29.083036,-12.352639,-8.379571,8.984119,12.699176,-5.6778784,8.417429,-6.758615,-5.80304
592,-15.238764762878418,-372.7803649902344,105.155029296875,-7.8201528356960734,-11.1450903491334,-97.12076741521474,2.354847,7.57261,13.315879,-2.111551,-8.855424,11.36105,8.868963,-29.399864,74.00244,16.918203,5.3841224,2.6749291,-9.268452,-19.75258,32.848618,29.956657,-4.511517,3.4175265,-19.89584,-6.0091043,20.45362,14.2714,29.101282,-12.614993,-8.43312,9.223172,12.667795,-5.465551,8.0747,-6.748044,-5.7358575
593,-15.245391845703125,-373.07098388671875,105.22064971923828,-7.618062562735234,-11.061586681898415,-97.35239653720444,2.3193097,7.359128,13.239876,-1.8793615,-9.040642,10.797087,8.834036,-29.728243,74.19118,17.42639,5.365974,2.3388443,-9.074877,-19.422817,33.103436,30.152958,-5.2241774,3.269353,-19.715633,-5.5615716,20.210997,14.7980585,28.735943,-12.64817,-8.430153,9.3691435,12.418137,-5.27566,7.9589725,-6.832656,-5.6598325
594,-15.281396865844727,-373.350830078125,105.30631256103516,-7.295590031775334,-11.000721905705849,-97.58671293621359,2.3298995,7.029552,13.234454,-1.6820666,-9.267306,10.111519,8.840107,-30.065952,74.37187,18.112202,5.3662834,2.004837,-8.880638,-19.054054,33.34972,30.472013,-5.96173,3.123943,-19.573849,-4.9528637,19.803034,15.458906,28.14727,-12.563887,-8.39673,9.456441,12.032343,-5.1035914,8.0119705,-7.0010967,-5.574311
595,-15.331335067749023,-373.6117248535156,105.39262390136719,-6.9374356049715935,-10.94783146303434,-97.83110499978424,2.3733997,6.668419,13.253426,-1.4998889,-9.508472,9.3929205,8.881132,-30.369879,74.470665,18.81686,5.3916874,1.7363949,-8.693727,-18.653715,33.590153,30.923952,-6.6897697,3.0065029,-19.431044,-4.31033,19.34589,16.152287,27.490145,-12.433488,-8.356419,9.494104,11.607188,-4.9264107,8.161741,-7.2073298,-5.4898324
596,-15.359210968017578,-373.8768005371094,105.46929931640625,-6.623349721131603,-10.888425319264032,-98.09304396877502,2.4345129,6.364314,13.251183,-1.3116956,-9.741649,8.724706,8.945497,-30.58717,74.42022,19.390621,5.449707,1.5965321,-8.520016,-18.239878,33.833935,31.506657,-7.3654366,2.9451234,-19.24986,-3.722286,18.935362,16.806805,26.907396,-12.346872,-8.3208,9.53229,11.221657,-4.723674,8.289617,-7.3983574,-5.4001074
597,-15.35815715789795,-374.1387939453125,105.5299072265625,-6.381270903024689,-10.820508681158099,-98.37984804153108,2.5171912,6.150766,13.212718,-1.1145515,-9.952703,8.117839,9.023157,-30.694523,74.21481,19.827984,5.5569897,1.6026509,-8.344928,-17.829025,34.08114,32.215767,-7.9839945,2.9559193,-19.032959,-3.234223,18.616657,17.39689,26.46973,-12.334561,-8.296239,9.560191,10.905496,-4.4812603,8.396888,-7.5677366,-5.3069563
598,-15.341270446777344,-374.3843688964844,105.58143615722656,-6.164966799698158,-10.75097068285275,-98.68611098184704,2.6253219,5.982545,13.164506,-0.918551,-10.1582775,7.523905,9.112743,-30.713821,73.89972,20.208288,5.703421,1.721113,-8.1646,-17.425682,34.33781,33.03634,-8.55328,3.0266762,-18.799732,-2.7966814,18.32907,17.96331,26.095135,-12.346622,-8.270805,9.551868,10.609486,-4.211498,8.543594,-7.741918,-5.20972
599,-15.311944961547852,-374.6353759765625,105.63521575927734,-5.953106954996087,-10.679220546349416,-98.99870420763806,2.7422714,5.8290186,13.119715,-0.7216014,-10.372278,6.942832,9.217238,-30.66183,73.48287,20.506115,5.858202,1.9399458,-8.002802,-17.032053,34.62336,33.956295,-9.050396,3.1412687,-18.537268,-2.354304,18.03028,18.532173,25.70864,-12.359514,-8.238836,9.559465,10.310685,-3.9369972,8.653117,-7.896631,-5.1057477
600,-15.270486831665039,-374.8818664550781,105.69593048095703,-5.721492927574248,-10.60433528996764,-99.30473696905877,2.8489177,5.6577764,13.092867,-0.51824987,-10.609324,6.379432,9.342984,-30.550474,72.96531,20.69688,5.9906564,2.2468176,-7.8892155,-16.648312,34.962093,34.96792,-9.450665,3.2834084,-18.233809,-1.889563,17.677027,19.109425,25.25367,-12.338953,-8.187872,9.565552,9.979428,-3.675521,8.75134,-8.040637,-4.99352
601,-15.245124816894531,-375.1092529296875,105.76661682128906,-5.456889096626516,-10.526091156491212,-99.60981359003351,2.9492288,5.4526258,13.091697,-0.3059799,-10.880556,5.838428,9.496079,-30.37458,72.32166,20.777195,6.1181803,2.654276,-7.8363123,-16.273638,35.37356,36.090168,-9.719778,3.4594347,-17.902578,-1.381007,17.26323,19.709003,24.675825,-12.24549,-8.129824,9.574717,9.618013,-3.427126,8.817013,-8.15721,-4.890976
602,-15.224139213562012,-375.3267517089844,105.84449768066406,-5.169213170071569,-10.44442896944742,-99.91881310540313,3.0486102,5.2283344,13.108142,-0.085187025,-11.174545,5.3255887,9.678919,-30.12644,71.54635,20.758072,6.2504935,3.1622021,-7.832436,-15.908348,35.84932,37.32401,-9.87474,3.675651,-17.547318,-0.8380021,16.798038,20.326784,24.003782,-12.101425,-8.063286,9.578796,9.230274,-3.182456,8.873068,-8.26101,-4.7902255
603,-15.185933113098145,-375.5438232421875,105.91943359375,-4.879438357307914,-10.359239642204647,-100.21675534406064,3.1313057,5.0036626,13.132945,0.1431701,-11.479162,4.846833,9.891003,-29.8172,70.66839,20.63643,6.3445473,3.7394826,-7.866332,-15.553097,36.367275,38.627403,-9.970531,3.91572,-17.14277,-0.31355482,16.307737,20.921108,23.331144,-11.9592905,-7.9832177,9.547913,8.826143,-2.9451401,8.987444,-8.392491,-4.6779785
604,-15.13808536529541,-375.7619934082031,105.98583221435547,-4.613343018318487,-10.27090324361267,-100.48798355819284,3.1836905,4.800121,13.156136,0.3752654,-11.781131,4.4028077,10.129469,-29.464218,69.72303,20.406729,6.3560176,4.3554873,-7.9241366,-15.209904,36.899483,39.957962,-10.065295,4.1618514,-16.661232,0.1586098,15.839836,21.457056,22.71605,-11.844095,-7.9036937,9.506899,8.442329,-2.7249694,9.115333,-8.534627,-4.560202
605,-15.0922212600708,-375.9603271484375,106.04345703125,-4.379984676544477,-10.179453299182136,-100.72719846804,3.204528,4.6298003,13.171039,0.6075749,-12.075904,3.9930017,10.394281,-29.06035,68.71088,20.039814,6.254656,5.0112653,-8.000628,-14.8813715,37.42823,41.311657,-10.150592,4.432892,-16.055601,0.55968076,15.418538,21.919216,22.166508,-11.743267,-7.831884,9.453907,8.099139,-2.524693,9.238528,-8.66877,-4.4468455
606,-15.047920227050781,-376.1609802246094,106.09469604492188,-4.167360665226906,-10.085206138996304,-100.94268272684583,3.205123,4.4818783,13.184133,0.8376875,-12.370419,3.6154835,10.6855345,-28.606264,67.61762,19.547993,6.066044,5.717804,-8.096177,-14.568196,37.962257,42.700184,-10.208189,4.731321,-15.352364,0.92311954,15.023912,22.33386,21.659723,-11.661448,-7.766544,9.403765,7.7799745,-2.3419027,9.352914,-8.803431,-4.3347816
607,-14.999784469604492,-376.33984375,106.14390563964844,-3.963497793651602,-9.989750241846217,-101.13990476701055,3.1914034,4.340647,13.202996,1.0630829,-12.671495,3.2645144,10.998836,-28.13565,66.46593,18.985125,5.8288817,6.461819,-8.20606,-14.270376,38.513954,44.109283,-10.281264,5.013217,-14.633366,1.2545519,14.634567,22.712431,21.158764,-11.566908,-7.6978593,9.340622,7.4700623,-2.1717541,9.465261,-8.927325,-4.22274
608,-14.954617500305176,-376.5318908691406,106.19120788574219,-3.7555607550105177,-9.894201688221491,-101.32393524618223,3.1724138,4.19141,13.234652,1.2785662,-12.985523,2.9273393,11.326397,-27.690235,65.2871,18.39906,5.5816994,7.232886,-8.322315,-13.98709,39.09173,45.522324,-10.410724,5.234466,-13.980476,1.5957335,14.231578,23.080637,20.642279,-11.471992,-7.6324244,9.287186,7.15519,-2.0144281,9.574917,-9.060439,-4.1094246
609,-14.912958145141602,-376.7016906738281,106.2405014038086,-3.540488141721164,-9.800251889626564,-101.49666224214286,3.1554408,4.031383,13.279589,1.4780483,-13.314428,2.5936728,11.66454,-27.293068,64.09773,17.753006,5.302159,8.070052,-8.44908,-13.717899,39.69637,46.94635,-10.633612,5.3896914,-13.3875475,1.9421431,13.808838,23.439655,20.073843,-11.336172,-7.565509,9.230957,6.8354955,-1.8664353,9.670743,-9.178054,-3.9980018
610,-14.875154495239258,-376.86968994140625,106.29117584228516,-3.323273568017748,-9.706669635230346,-101.65525380458749,3.1384125,3.8688195,13.332324,1.6614114,-13.652738,2.2631238,12.012113,-26.930391,62.89384,17.032135,4.9743433,8.967273,-8.585575,-13.46386,40.31966,48.386684,-10.918204,5.4994936,-12.820222,2.3001187,13.372331,23.788048,19.464975,-11.177521,-7.5007563,9.187702,6.5154934,-1.7319926,9.741456,-9.285597,-3.8869388
611,-14.841635704040527,-377.02276611328125,106.33964538574219,-3.1116652442189263,-9.61203847811302,-101.79767971994373,3.1155996,3.708557,13.391807,1.8325685,-13.998604,1.932108,12.363611,-26.586851,61.68019,16.31821,4.649182,9.848501,-8.717475,-13.225257,40.956493,49.819725,-11.20026,5.560742,-12.318768,2.640277,12.940844,24.107592,18.849924,-11.003666,-7.4374504,9.135223,6.2053685,-1.6104555,9.813205,-9.388165,-3.7816293
612,-14.8074369430542,-377.18231201171875,106.38864135742188,-2.9112353790899195,-9.514604774414321,-101.92192992653905,3.0803587,3.5551872,13.455351,1.9961244,-14.345366,1.5964509,12.711169,-26.245142,60.46663,15.692176,4.380572,10.640883,-8.831293,-13.003211,41.603252,51.22656,-11.416635,5.5709476,-11.9228525,2.9773586,12.513697,24.401438,18.22374,-10.8257,-7.3744974,9.107932,5.907317,-1.509639,9.837731,-9.4724,-3.6796033
613,-14.76880931854248,-377.3546447753906,106.43586730957031,-2.723072479235076,-9.4089688823261,-102.02996694404276,3.0327399,3.412029,13.521118,2.1568654,-14.701262,1.2508504,13.049026,-25.894577,59.25526,15.157331,4.175106,11.351536,-8.932589,-12.800375,42.27636,52.621166,-11.565832,5.500981,-11.651486,3.2939043,12.096038,24.663136,17.616032,-10.662149,-7.3101506,9.085332,5.6194215,-1.4243981,9.848252,-9.556423,-3.5798032
614,-14.725957870483398,-377.49981689453125,106.4789047241211,-2.544957977396211,-9.297673716299556,-102.12192421076068,2.9729033,3.278205,13.590219,2.3133695,-15.065395,0.8954497,13.375485,-25.539684,58.049835,14.680549,4.0070696,12.013762,-9.02754,-12.61725,42.978146,54.005615,-11.671935,5.365142,-11.480831,3.5592308,11.6946945,24.881083,17.038853,-10.493737,-7.239983,9.022832,5.3427963,-1.3469616,9.893954,-9.643306,-3.4853992
615,-14.678536415100098,-377.6427307128906,106.52055358886719,-2.3754677608247032,-9.19158413896494,-102.19359546195325,2.8958676,3.149205,13.662464,2.4602256,-15.418348,0.5312407,13.689952,-25.190811,56.86852,14.284428,3.885889,12.595504,-9.104507,-12.452384,43.677963,55.348194,-11.716923,5.2246456,-11.383388,3.8211768,11.296839,25.073511,16.460978,-10.322626,-7.1674347,8.98384,5.073796,-1.2925234,9.904712,-9.714367,-3.3902636
616,-14.625898361206055,-377.7870788574219,106.56138610839844,-2.2086064514224355,-9.100255219521308,-102.24173977393603,2.8001602,3.0221977,13.737863,2.5881279,-15.741605,0.15584776,13.9920225,-24.863607,55.72992,13.989744,3.8219278,13.064403,-9.146333,-12.302367,44.33518,56.614357,-11.687742,5.13963,-11.331083,4.102327,10.890514,25.24789,15.865552,-10.144187,-7.091928,8.9832945,4.805328,-1.2684324,9.880938,-9.774477,-3.2897842
617,-14.58415412902832,-377.9445495605469,106.60269165039062,-2.0451463892156005,-9.028269945443999,-102.25790425881877,2.68535,2.8945324,13.816918,2.6827688,-16.03035,-0.24494869,14.281639,-24.5747,54.643112,13.815722,3.8366213,13.408789,-9.140974,-12.164274,44.941956,57.80054,-11.58388,5.128518,-11.342392,4.4329696,10.477262,25.406084,15.220393,-9.94708,-7.0253096,9.061835,4.5468025,-1.291508,9.771673,-9.808041,-3.1909132
618,-14.548561096191406,-378.0826721191406,106.6433334350586,-1.8857172189641564,-8.970088369506684,-102.24687074390911,2.5572689,2.7692099,13.897863,2.747905,-16.293337,-0.67375356,14.558676,-24.322556,53.604015,13.7413,3.9211853,13.648798,-9.096257,-12.038047,45.50666,58.92714,-11.419151,5.15562,-11.422533,4.774829,10.064843,25.536596,14.543663,-9.720103,-6.9601755,9.166742,4.2994504,-1.34763,9.629482,-9.82127,-3.0965185
619,-14.512216567993164,-378.21923828125,106.68161010742188,-1.733865830299763,-8.922101342060124,-102.22295801180702,2.4232206,2.6512654,13.978647,2.8023221,-16.532331,-1.1153859,14.823302,-24.094025,52.610672,13.729709,4.039618,13.797736,-9.025671,-11.92543,46.013496,59.995216,-11.203931,5.1999297,-11.523683,5.1250687,9.659532,25.655384,13.86367,-9.489916,-6.8965516,9.296328,4.062,-1.4207748,9.463507,-9.825179,-3.0031335
620,-14.468134880065918,-378.36114501953125,106.7178726196289,-1.5921355222868518,-8.880713587242619,-102.20083616592984,2.2917392,2.5456786,14.057945,2.8636036,-16.749197,-1.5547279,15.075576,-23.874895,51.66079,13.745229,4.1557875,13.868844,-8.94041,-11.829646,46.44202,61.00274,-10.95138,5.241134,-11.5969515,5.4807677,9.263859,25.778807,13.193859,-9.269529,-6.832288,9.441706,3.8329508,-1.4934081,9.284358,-9.825474,-2.908219
621,-14.420409202575684,-378.4795227050781,106.74925231933594,-1.4635248543564143,-8.85633704742388,-102.17759698748706,2.162776,2.4542289,14.146973,2.9341962,-16.94389,-1.9990978,15.315124,-23.660019,50.756905,13.791731,4.2706494,13.836909,-8.836332,-11.753087,46.777824,61.944027,-10.657759,5.2829237,-11.634983,5.819052,8.8965,25.895346,12.568692,-9.05855,-6.768218,9.579292,3.621299,-1.5626242,9.131193,-9.82866,-2.8192751
622,-14.374610900878906,-378.60308837890625,106.7785873413086,-1.3446997554484696,-8.84711452730552,-102.14803930193419,2.0340843,2.374473,14.243711,3.0039105,-17.116648,-2.454973,15.541755,-23.457008,49.900215,13.886451,4.3995543,13.702996,-8.705908,-11.696893,47.029114,62.81651,-10.322345,5.3337064,-11.661508,6.178895,8.541194,26.014133,11.942457,-8.850936,-6.709641,9.755429,3.4241326,-1.6438674,8.944725,-9.822266,-2.73426
623,-14.32376480102539,-378.7225036621094,106.80631256103516,-1.235193309627023,-8.830935887493066,-102.12223791701521,1.9103831,2.3047893,14.326085,3.072373,-17.2694,-2.9037063,15.756197,-23.271015,49.083767,14.01333,4.527692,13.520842,-8.55809,-11.663106,47.21239,63.622643,-9.961201,5.3809433,-11.674457,6.515028,8.200845,26.127678,11.338882,-8.650564,-6.6498494,9.916147,3.2356129,-1.717949,8.764029,-9.813371,-2.6488678
624,-14.272895812988281,-378.8515625,106.83380126953125,-1.1325739624113964,-8.784158895710537,-102.11134456951848,1.7955806,2.2444642,14.372931,3.139941,-17.406368,-3.3241184,15.959854,-23.104984,48.29744,14.156298,4.6406093,13.3437605,-8.400132,-11.653162,47.346184,64.36123,-9.588271,5.4135127,-11.671596,6.8160915,7.871994,26.242477,10.745525,-8.456288,-6.5922585,10.040425,3.0527668,-1.7714477,8.587669,-9.802123,-2.5625908
625,-14.214497566223145,-378.96514892578125,106.8609848022461,-1.0371110561704917,-8.695062514019693,-102.12118878176287,1.7072216,2.2087107,14.359256,3.1882436,-17.509846,-3.7581146,16.106003,-22.977081,47.62046,14.343024,4.718808,13.173213,-8.223338,-11.6664505,47.40869,65.05168,-9.186296,5.4246035,-11.650247,7.041912,7.5587215,26.350718,10.17935,-8.259755,-6.528393,10.063607,2.8717728,-1.7855381,8.482364,-9.804063,-2.472882
626,-14.145528793334961,-379.0989074707031,106.88758087158203,-0.9501437023059355,-8.577490661566365,-102.14462499068921,1.6011001,2.167608,14.328783,3.2655709,-17.611074,-4.1015983,16.306065,-22.830866,46.85958,14.542024,4.808575,12.965327,-8.047983,-11.712615,47.444836,65.64728,-8.740797,5.4298425,-11.603827,7.23128,7.2547336,26.460382,9.643377,-8.087778,-6.461854,10.066805,2.6911132,-1.7827275,8.364052,-9.8006735,-2.3750057
627,-14.077515602111816,-379.22900390625,106.91231536865234,-0.8714964332552249,-8.445752067843998,-102.17357983877248,1.5028864,2.1351674,14.280156,3.339911,-17.702316,-4.428641,16.49233,-22.709991,46.137085,14.742121,4.886753,12.768589,-7.861362,-11.783343,47.43563,66.16846,-8.308403,5.4297214,-11.551496,7.3851366,6.9708023,26.562424,9.140546,-7.9264717,-6.39744,10.039493,2.520196,-1.7671552,8.263307,-9.799222,-2.280384
628,-14.007951736450195,-379.354248046875,106.93472290039062,-0.7964044471873872,-8.314416842614985,-102.19958366486235,1.4060225,2.1045072,14.23248,3.4158893,-17.798475,-4.731768,16.668146,-22.608206,45.441067,14.918318,4.956256,12.613874,-7.6713,-11.875456,47.39971,66.61147,-7.9367185,5.4291615,-11.505579,7.522342,6.6969175,26.654087,8.662664,-7.7731876,-6.332347,9.995522,2.3536377,-1.7490896,8.190814,-9.809617,-2.188498
629,-13.942928314208984,-379.46826171875,106.95501708984375,-0.7264378293306646,-8.177416285878394,-102.22274408050298,1.3094108,2.0805619,14.1664,3.4945946,-17.888199,-5.0318704,16.795284,-22.524635,44.826405,15.085888,5.0059385,12.520214,-7.496876,-11.9580345,47.3445,67.0393,-7.62635,5.4085174,-11.468735,7.6281676,6.442393,26.73196,8.218887,-7.626324,-6.269726,9.918101,2.1967654,-1.7241137,8.155464,-9.83065,-2.1045873
630,-13.880291938781738,-379.5838317871094,106.9722900390625,-0.6621007005407866,-8.030655870189104,-102.24640288746183,1.2018262,2.0481064,14.111203,3.592002,-18.000212,-5.2539625,16.97191,-22.43789,44.13004,15.220364,5.068373,12.44749,-7.3076344,-12.0947695,47.251186,67.31659,-7.368737,5.3999295,-11.419458,7.696985,6.2096615,26.79782,7.8290534,-7.5035686,-6.210282,9.813548,2.0476508,-1.6908374,8.149974,-9.865018,-2.025063
631,-13.817289352416992,-379.69866943359375,106.98657989501953,-0.6035593330650424,-7.88985719753345,-102.26832493755342,1.0958877,2.0180297,14.059395,3.6888902,-18.108833,-5.4566607,17.138037,-22.371752,43.47106,15.334387,5.120644,12.400216,-7.1197104,-12.244323,47.14609,67.53412,-7.1481714,5.392013,-11.383707,7.7501554,5.994816,26.85397,7.4862823,-7.4039392,-6.1529527,9.713223,1.906,-1.6584306,8.149827,-9.903479,-1.9479344
632,-13.759491920471191,-379.8040771484375,106.99861145019531,-0.5484916510186073,-7.770458500773492,-102.28667993356052,0.9944443,1.9870951,14.0255165,3.7795734,-18.211353,-5.642847,17.29525,-22.320694,42.85518,15.429267,5.1615906,12.3631935,-6.932797,-12.403809,47.03739,67.69763,-6.972254,5.3926687,-11.373637,7.819259,5.790729,26.906467,7.154256,-7.306292,-6.100408,9.633761,1.7741274,-1.6328115,8.148484,-9.94063,-1.8763037
633,-13.699884414672852,-379.90875244140625,107.00920867919922,-0.49854274644440255,-7.678771294890706,-102.2961003878048,0.8929297,1.9528152,14.015755,3.8660626,-18.306843,-5.811922,17.445717,-22.282091,42.278927,15.497144,5.1872554,12.33762,-6.748969,-12.570637,46.930897,67.80655,-6.859972,5.407648,-11.40159,7.918299,5.5916715,26.953516,6.8275986,-7.215152,-6.0498343,9.603836,1.6497331,-1.6250463,8.116659,-9.969444,-1.8057909
634,-13.641304969787598,-380.00762939453125,107.01878356933594,-0.4534993242544935,-7.605714067653613,-102.2992261458797,0.78869265,1.9164927,14.022397,3.9532053,-18.397152,-5.9569693,17.590784,-22.252851,41.73368,15.541711,5.2008004,12.328539,-6.5707717,-12.743065,46.82258,67.86228,-6.8034377,5.4303856,-11.457832,8.03182,5.4015365,26.99434,6.5099177,-7.1271176,-6.0017767,9.599477,1.5342816,-1.6274259,8.075174,-9.996021,-1.7388599
635,-13.582944869995117,-380.1089782714844,107.02780151367188,-0.4141110548873114,-7.545769425757969,-102.3054387373689,0.6868322,1.880802,14.038255,4.0393763,-18.483316,-6.078192,17.724592,-22.231327,41.230522,15.581392,5.208876,12.328666,-6.405279,-12.913775,46.712837,67.892365,-6.762833,5.4452324,-11.52323,8.162347,5.2187524,27.041004,6.1972885,-7.045282,-5.9568005,9.622831,1.4265709,-1.6327609,8.014001,-10.016515,-1.6732424
636,-13.522980690002441,-380.2005920410156,107.03440856933594,-0.3738763390523367,-7.4904468042443435,-102.32563550697768,0.5956656,1.8455225,14.05929,4.121207,-18.568264,-6.169083,17.854818,-22.219637,40.759068,15.626268,5.222736,12.329461,-6.2460713,-13.097007,46.59455,67.88384,-6.7006593,5.447462,-11.575158,8.277126,5.044452,27.094406,5.922145,-6.9782076,-5.910437,9.611429,1.3170848,-1.6179978,8.010382,-10.05431,-1.6065774
637,-13.453332901000977,-380.2991638183594,107.0414810180664,-0.3399748233728392,-7.444751241226043,-102.36053143763122,0.5131542,1.81836,14.087214,4.1983705,-18.652367,-6.2307215,17.972576,-22.218124,40.33347,15.684335,5.2350974,12.338745,-6.0995955,-13.284911,46.47301,67.856636,-6.6006813,5.4211707,-11.606617,8.298488,4.927004,27.129335,5.8841968,-7.0367312,-5.8637104,9.63744,1.2099236,-1.5993482,7.9647985,-10.074294,-1.533848
638,-13.38665771484375,-380.39093017578125,107.04718780517578,-0.31071702470390034,-7.409383493810719,-102.40610730361226,0.4379749,1.7949936,14.122285,4.2717505,-18.734097,-6.2659693,18.07767,-22.225632,39.952538,15.748848,5.243722,12.357051,-5.9642787,-13.477636,46.347984,67.803215,-6.4856153,5.375817,-11.629413,8.319645,4.8241153,27.173239,5.871955,-7.1056337,-5.8204722,9.66577,1.1109233,-1.571757,7.9285293,-10.094033,-1.4640929
639,-13.324065208435059,-380.48516845703125,107.05199432373047,-0.2785588145871575,-7.376933998119974,-102.46128647107697,0.37344584,1.7690917,14.157904,4.3404875,-18.808052,-6.28131,18.169056,-22.239388,39.61685,15.819032,5.2594275,12.369252,-5.8366365,-13.674064,46.214302,67.721825,-6.3712816,5.3306656,-11.654392,8.347959,4.7201514,27.227854,5.8617363,-7.1784124,-5.7802386,9.682209,1.0100101,-1.5326277,7.9145784,-10.121323,-1.3951446
640,-13.257232666015625,-380.56878662109375,107.05547332763672,-0.25030709238467097,-7.348832888339686,-102.51938808304129,0.31815916,1.7453493,14.196401,4.403232,-18.869722,-6.2866526,18.244907,-22.257465,39.329605,15.893933,5.2917013,12.359451,-5.711956,-13.870979,46.06512,67.6081,-6.273358,5.305477,-11.693776,8.374506,4.62023,27.285025,5.851924,-7.2458005,-5.7376685,9.699879,0.91290134,-1.4891979,7.908029,-10.15441,-1.3261505
641,-13.192590713500977,-380.6576232910156,107.05858612060547,-0.21125444130073068,-7.3192573275838795,-102.5868737087383,0.27979007,1.7111521,14.230722,4.459383,-18.91642,-6.2838645,18.303915,-22.277893,39.09478,15.96586,5.345539,12.322623,-5.5894,-14.066516,45.89352,67.46252,-6.20383,5.307198,-11.754008,8.401727,4.508349,27.35022,5.8471193,-7.320624,-5.6949916,9.690373,0.8018483,-1.4301065,7.9364524,-10.198787,-1.2541238
642,-13.133380889892578,-380.7417297363281,107.05672454833984,-0.18977342467005312,-7.310084373998593,-102.65207070473788,0.24425673,1.6924357,14.28302,4.5090785,-18.95074,-6.269303,18.345308,-22.302586,38.913116,16.039135,5.413237,12.268152,-5.4712267,-14.259922,45.70217,67.28985,-6.153636,5.323252,-11.828602,8.457244,4.420671,27.423168,5.8349566,-7.3893156,-5.6617165,9.75994,0.7199646,-1.388604,7.913269,-10.250441,-1.1910666
643,-13.073019981384277,-380.8188781738281,107.06221771240234,-0.12425663340277232,-7.2605620711333625,-102.74409956317324,0.24180397,1.6321185,14.290957,4.552155,-18.973494,-6.2444015,18.369312,-22.333904,38.779842,16.131374,5.4916663,12.197471,-5.3609376,-14.450661,45.501175,67.09937,-6.106851,5.3449626,-11.906139,8.456368,4.279879,27.501017,5.8264766,-7.455624,-5.6132684,9.59345,0.5736251,-1.2697328,8.100084,-10.321566,-1.1143999
644,-13.010772705078125,-380.90618896484375,107.0614242553711,-0.1094248944791795,-7.238506872007859,-102.81520701434269,0.21924178,1.6168696,14.323162,4.59224,-18.984606,-6.203411,18.375206,-22.372154,38.692272,16.260315,5.5713296,12.119438,-5.268467,-14.631125,45.30807,66.91662,-6.045785,5.3561788,-11.98027,8.495485,4.2004013,27.5774,5.821274,-7.5282683,-5.5803385,9.670631,0.49795562,-1.2236066,8.027159,-10.344134,-1.0532416
645,-12.954083442687988,-380.9960632324219,107.06255340576172,-0.09080872132942944,-7.191035856326226,-102.89510696835875,0.21100222,1.5951746,14.327103,4.6264205,-18.983116,-6.1488576,18.362995,-22.423498,38.64825,16.431934,5.656952,12.032952,-5.1832247,-14.815962,45.115887,66.71362,-5.9688964,5.363569,-12.045063,8.50528,4.120835,27.655191,5.8177915,-7.599193,-5.5495615,9.661647,0.41661334,-1.1487527,8.015977,-10.370371,-0.99576914
646,-12.895309448242188,-381.0809020996094,107.06497192382812,-0.07741757407307001,-7.134223248157889,-102.97799536792382,0.20292236,1.5746976,14.316433,4.662893,-18.964985,-6.0729775,18.33462,-22.478134,38.648228,16.636614,5.7501974,11.936986,-5.123847,-14.982719,44.938538,66.52818,-5.8782105,5.3606677,-12.108831,8.500431,4.047977,27.733316,5.8146725,-7.665802,-5.518123,9.640913,0.34084845,-1.0674317,7.99724,-10.387444,-0.94090176
647,-12.836387634277344,-381.1640625,107.07075500488281,-0.11231593360377433,-7.115162440964779,-103.0373298748009,0.17981763,1.6008945,14.343694,4.686826,-18.944206,-5.9919834,18.285297,-22.541569,38.697567,16.868048,5.8402677,11.828415,-5.062208,-15.159922,44.752056,66.3121,-5.7817907,5.3617,-12.171846,8.540871,4.035169,27.807835,5.8120813,-7.7306056,-5.50079,10.519993,0.3552536,-1.2627293,7.1298156,-10.374185,-0.91164494
648,-12.773334503173828,-381.2530517578125,107.05225372314453,-0.07477780109851874,-7.034837313027341,-103.13284552449947,0.19839753,1.558804,14.307433,4.702178,-18.920353,-5.9057884,18.22009,-22.601248,38.78819,17.118147,5.9259186,11.69899,-5.0128994,-15.328881,44.57228,66.09574,-5.6743383,5.3628783,-12.235462,8.508821,3.9298751,27.88896,5.8104157,-7.8010206,-5.4602957,10.336758,0.22187604,-1.3701167,6.9519043,-10.116478,-0.848627
649,-12.712942123413086,-381.339111328125,107.03279113769531,-0.04292271123577715,-6.96180573849892,-103.22271941809514,0.21122807,1.5197684,14.278369,4.7111983,-18.894712,-5.806318,18.142778,-22.654644,38.921894,17.386751,5.9982367,11.551693,-4.983355,-15.482717,44.40666,65.895546,-5.541097,5.3564672,-12.29941,8.484602,3.8331156,27.968182,5.806731,-7.8675246,-5.4222775,10.203208,0.11747973,-1.2069745,6.79471,-10.033301,-0.7836665
650,-12.656996726989746,-381.41888427734375,107.02828979492188,-0.03610825215189673,-6.908808305543417,-103.29954079212632,0.21038644,1.5012702,14.268864,4.715804,-18.86697,-5.691203,18.053709,-22.703823,39.09666,17.67622,6.0617003,11.388584,-4.973036,-15.622378,44.253677,65.70711,-5.387223,5.3429785,-12.364019,8.47919,3.7719474,28.04366,5.806495,-7.929622,-5.392961,10.259341,0.054080714,-1.1382027,6.7083526,-10.087231,-0.73027164
651,-12.602819442749023,-381.49957275390625,107.02693176269531,-0.02425610668781565,-6.858839053191554,-103.37578759710448,0.21677727,1.4809399,14.260995,4.710393,-18.837358,-5.5740824,17.941683,-22.750349,39.31114,17.988417,6.125516,11.207754,-4.96503,-15.764156,44.094254,65.50036,-5.246597,5.3347073,-12.432519,8.479026,3.7043889,28.11961,5.8035374,-7.9916487,-5.3635383,10.213918,-0.017336603,-1.0582023,6.751606,-10.133418,-0.6755372
652,-12.550941467285156,-381.5835876464844,107.02507781982422,-0.008572031722555147,-6.818071401246083,-103.45011204049231,0.2233244,1.4514842,14.258612,4.705367,-18.808279,-5.4456387,17.816591,-22.78572,39.5392,18.313917,6.2045727,11.008808,-4.9720726,-15.892547,43.934475,65.29686,-5.1487126,5.3289895,-12.511243,8.490572,3.6329856,28.19593,5.8036523,-8.059117,-5.335814,10.183459,-0.09204225,-0.98388314,6.7897754,-10.180424,-0.62082607
653,-12.503817558288574,-381.6474914550781,107.02285766601562,0.011346415153932235,-6.794980185692138,-103.52034968126019,0.22358221,1.4115096,14.27052,4.709247,-18.780048,-5.2952414,17.687733,-22.805904,39.76181,18.651382,6.311155,10.788258,-5.0029078,-15.99745,43.77763,65.11108,-5.1117325,5.316277,-12.607521,8.512385,3.5614903,28.269419,5.800876,-8.115753,-5.3087955,10.152261,-0.16509998,-0.91252846,6.854943,-10.237059,-0.5708483
654,-12.45761775970459,-381.715087890625,107.02085876464844,0.04020605413958407,-6.778228863378847,-103.5911538219302,0.23257604,1.3624367,14.284376,4.707345,-18.750101,-5.142206,17.53256,-22.816498,40.015076,19.016876,6.42953,10.545845,-5.039553,-16.097189,43.60672,64.91704,-5.12246,5.3047585,-12.715008,8.544117,3.47791,28.344799,5.797021,-8.176242,-5.280957,10.11282,-0.24935603,-0.8391866,6.9474115,-10.307286,-0.51819557
655,-12.410594940185547,-381.7868347167969,107.01766204833984,0.06538406895635962,-6.7713057673279575,-103.65602260598364,0.23690645,1.3150718,14.305676,4.7014475,-18.720728,-4.9804583,17.365904,-22.81868,40.291718,19.390463,6.548244,10.289401,-5.0922356,-16.1815,43.439438,64.73025,-5.1491857,5.300757,-12.823146,8.589882,3.397394,28.418507,5.7933984,-8.240666,-5.2549405,10.112371,-0.3284448,-0.7809212,7.0033245,-10.369073,-0.4660278
656,-12.363264083862305,-381.853271484375,107.01541900634766,0.08805673116760632,-6.762369067354953,-103.71695373931196,0.23637624,1.2644653,14.324562,4.6890078,-18.694252,-4.8085837,17.196255,-22.813646,40.589478,19.757864,6.65494,10.025116,-5.1639576,-16.248934,43.28328,64.5518,-5.165401,5.31492,-12.919382,8.628475,3.3209372,28.486301,5.7902336,-8.300717,-5.228772,10.1105385,-0.40386713,-0.7261259,7.0470066,-10.41916,-0.4158545
657,-12.316245079040527,-381.9292297363281,107.01358032226562,0.10383829179112622,-6.754179022180016,-103.7704996787612,0.2315636,1.2165729,14.344331,4.662309,-18.67279,-4.6351724,17.011068,-22.796467,40.92365,20.140053,6.746648,9.743479,-5.2518744,-16.305136,43.133812,64.37073,-5.1832333,5.3676176,-12.992857,8.673983,3.2510996,28.54967,5.7851567,-8.364187,-5.2063484,10.1506815,-0.47085124,-0.6894259,7.026431,-10.444783,-0.36781093
658,-12.270917892456055,-381.9944763183594,107.01183319091797,0.11978789318540325,-6.746076796831087,-103.81954909236391,0.22165594,1.1638178,14.364366,4.6291356,-18.655512,-4.450552,16.819271,-22.767202,41.278484,20.531067,6.832397,9.44491,-5.3607945,-16.346886,42.99675,64.19404,-5.2074046,5.4462366,-13.052822,8.712064,3.1840968,28.606018,5.7799215,-8.420164,-5.1839967,10.169857,-0.5355169,-0.65196174,7.031713,-10.475897,-0.32312125
659,-12.229463577270508,-382.05487060546875,107.0094223022461,0.13323164037328722,-6.740264381468669,-103.86577046277037,0.1985584,1.1026586,14.390311,4.6048675,-18.643522,-4.2319,16.664192,-22.741968,41.603844,20.871765,6.9182444,9.150511,-5.4931536,-16.368593,42.883617,64.02742,-5.2019634,5.5170474,-13.115965,8.749736,3.1239908,28.659698,5.775394,-8.472416,-5.164409,10.187869,-0.5934097,-0.6160843,7.0427423,-10.509272,-0.2826197
660,-12.182870864868164,-382.1296691894531,107.0068130493164,0.14202287092464416,-6.734315093903487,-103.91306706842582,0.19084808,1.0617018,14.402771,4.5620074,-18.615606,-4.0468187,16.449133,-22.716444,42.024143,21.206617,6.96602,8.878763,-5.6050596,-16.38743,42.736496,63.857777,-5.162669,5.557346,-13.198814,8.795433,3.0638702,28.7175,5.772493,-8.534784,-5.144045,10.238696,-0.65064585,-0.58661294,7.0051084,-10.525359,-0.23765843
661,-12.137940406799316,-382.19970703125,107.0042953491211,0.14633766808935675,-6.727597533700425,-103.96246159901985,0.18703447,1.0298433,14.409342,4.5131106,-18.581154,-3.8628757,16.234076,-22.717241,42.47683,21.461927,6.9911084,8.647309,-5.7095113,-16.399492,42.582745,63.68977,-5.0360284,5.547295,-13.307775,8.838209,3.0112603,28.77717,5.7689886,-8.592503,-5.124677,10.2900715,-0.70063967,-0.5534061,6.9573402,-10.531828,-0.19500278
662,-12.086552619934082,-382.2610778808594,107.00227355957031,0.14814073290558624,-6.7204045224825375,-104.01236545394282,0.1885382,1.0045565,14.412388,4.4548597,-18.543163,-3.680125,16.017525,-22.738628,42.958694,21.65871,6.9986258,8.441852,-5.8064756,-16.405804,42.41777,63.51418,-4.8512,5.5075,-13.432995,8.872716,2.9597814,28.835043,5.7678432,-8.646382,-5.100173,10.330096,-0.75066346,-0.5156086,6.9173427,-10.534975,-0.14967456
663,-12.04129409790039,-382.32293701171875,106.99876403808594,0.1493241278982163,-6.714621462817656,-104.0617845625571,0.19764082,0.9814942,14.413398,4.391421,-18.499882,-3.5031729,15.800516,-22.775185,43.460423,21.829926,6.9963584,8.244236,-5.8970203,-16.406517,42.243282,63.325394,-4.6710944,5.4607925,-13.568297,8.910284,2.9130628,28.89342,5.766287,-8.69927,-5.079921,10.364083,-0.7958939,-0.47589606,6.8944025,-10.548225,-0.10846788
664,-11.998863220214844,-382.3822021484375,106.99547576904297,0.15176838077551352,-6.71092248818359,-104.11002379959231,0.21608296,0.95478684,14.412152,4.3280153,-18.449312,-3.3336952,15.585709,-22.820185,43.969624,22.007309,6.992606,8.036664,-5.98273,-16.400957,42.062798,63.118114,-4.5581036,5.430162,-13.708407,8.949592,2.8664556,28.950794,5.7635317,-8.750558,-5.060832,10.400356,-0.8404436,-0.4379694,6.869891,-10.560993,-0.06936585
665,-11.958788871765137,-382.4410095214844,106.990966796875,0.1594568443776471,-6.708911504075167,-104.15529880783218,0.24319492,0.9216027,14.408426,4.268073,-18.387897,-3.169292,15.37532,-22.87159,44.477997,22.199034,6.9935036,7.8051333,-6.0641327,-16.387417,41.871956,62.887337,-4.5489354,5.42818,-13.857973,8.988153,2.8160605,29.004114,5.7645707,-8.804351,-5.041812,10.417413,-0.8896447,-0.3976464,6.8870587,-10.596668,-0.030897547
666,-11.923924446105957,-382.49078369140625,106.98636627197266,0.1676544379734358,-6.709769474977388,-104.19795327247641,0.27682635,0.8854652,14.40376,4.209469,-18.31998,-3.0065954,15.169764,-22.931252,44.989864,22.387642,6.9939866,7.561937,-6.141114,-16.36523,41.671005,62.638718,-4.60423,5.440112,-14.017933,9.026582,2.7692208,29.054596,5.762114,-8.850726,-5.0248866,10.427833,-0.9345312,-0.35723913,6.9164577,-10.636258,0.002767773
667,-11.88609504699707,-382.5447692871094,106.98243713378906,0.1774531227687113,-6.711343733406885,-104.24242089096704,0.31789562,0.847809,14.3980465,4.1491604,-18.249458,-2.8474898,14.969172,-22.998638,45.51103,22.566734,6.985267,7.3277235,-6.217172,-16.335264,41.473454,62.382233,-4.6701407,5.44894,-14.176525,9.067732,2.7175982,29.107166,5.7604847,-8.901225,-5.006193,10.448692,-0.98390096,-0.31880248,6.9303813,-10.669907,0.039387986
668,-11.850836753845215,-382.6021728515625,106.97864532470703,0.1877827650352957,-6.713835563171722,-104.29232041508156,0.36470735,0.810234,14.39277,4.0863194,-18.182234,-2.690957,14.773821,-23.07022,46.046955,22.73095,6.9586573,7.1238503,-6.297167,-16.300468,41.296833,62.130943,-4.6911697,5.4367723,-14.3225,9.113049,2.6665034,29.166029,5.7602687,-8.954585,-4.9902325,10.475501,-1.032973,-0.2785395,6.9384723,-10.702148,0.07519351
669,-11.812531471252441,-382.6532897949219,106.97373962402344,0.19935725531234383,-6.718953028442908,-104.35219418963197,0.41738546,0.7721905,14.391417,4.0200744,-18.119028,-2.5328581,14.583129,-23.141983,46.59495,22.89139,6.910664,6.9503717,-6.382851,-16.26283,41.150166,61.88376,-4.62981,5.392282,-14.454816,9.159111,2.6123877,29.233908,5.759503,-9.005534,-4.9722996,10.477112,-1.0854949,-0.22479346,6.9884977,-10.7490635,0.11302645
670,-11.773651123046875,-382.7065124511719,106.96903228759766,0.21111381870395834,-6.72731621001177,-104.41841897266964,0.47358507,0.7335678,14.393562,3.953896,-18.058271,-2.3727567,14.397003,-23.212912,47.15207,23.04812,6.846509,6.7976937,-6.4740825,-16.223131,41.029186,61.63502,-4.5195837,5.327613,-14.578791,9.21155,2.556834,29.309326,5.758932,-9.059077,-4.955097,10.488803,-1.1391171,-0.1696556,7.0282483,-10.7920885,0.15182172
671,-11.733359336853027,-382.7640380859375,106.9647216796875,0.22248809597020558,-6.733183997874762,-104.4838347679126,0.5314027,0.69719666,14.392557,3.8899646,-18.000671,-2.2144732,14.216527,-23.285896,47.71961,23.17775,6.770086,6.671431,-6.5655956,-16.180613,40.92783,61.3803,-4.410266,5.2626414,-14.693778,9.262703,2.5003345,29.38379,5.7585926,-9.114603,-4.9374194,10.508932,-1.1936982,-0.11772551,7.050907,-10.8284025,0.19199629
672,-11.690977096557617,-382.8162536621094,106.96180725097656,0.22948677296753417,-6.732650620970932,-104.54114243383563,0.584467,0.66156465,14.38761,3.835805,-17.95208,-2.0478067,14.061271,-23.36225,48.27017,23.248165,6.691291,6.5734625,-6.655999,-16.138704,40.846626,61.107677,-4.3478527,5.218816,-14.797089,9.300226,2.4496853,29.447672,5.7592325,-9.164994,-4.917647,10.529593,-1.2432202,-0.071528435,7.0521436,-10.849929,0.23126909
673,-11.65327262878418,-382.86767578125,106.95902252197266,0.2304444258470345,-6.718522320576055,-104.58890532428492,0.6450568,0.63766426,14.359654,3.778755,-17.902168,-1.9088994,13.891285,-23.458609,48.875854,23.26727,6.5948772,6.518481,-6.740573,-16.085089,40.76624,60.84253,-4.3633227,5.199347,-14.889376,9.321743,2.40969,29.499945,5.7545633,-9.206467,-4.900558,10.541381,-1.2822315,-0.028712263,7.038302,-10.860724,0.26537946
674,-11.61807632446289,-382.9178466796875,106.95728302001953,0.22674604911522012,-6.695570111478459,-104.63064713633841,0.706675,0.6178371,14.321454,3.7261622,-17.85742,-1.7723184,13.732847,-23.565365,49.489193,23.237127,6.4880843,6.4957356,-6.8229938,-16.026,40.700535,60.56938,-4.4214745,5.1963477,-14.97042,9.326987,2.3803546,29.543179,5.758354,-9.24781,-4.88513,10.552023,-1.313745,0.010765486,7.0052543,-10.859707,0.29613426
675,-11.585196495056152,-382.9675598144531,106.95475006103516,0.22352216681426684,-6.673946177732586,-104.66779461890204,0.7641051,0.59312516,14.290428,3.68142,-17.822767,-1.6224688,13.605678,-23.668085,50.069775,23.158672,6.386173,6.491432,-6.9031835,-15.970803,40.65213,60.273296,-4.497153,5.2014956,-15.042181,9.334752,2.3512824,29.582739,5.7589273,-9.286908,-4.870983,10.5607605,-1.3437759,0.04673871,6.9808435,-10.864238,0.32530686
676,-11.555635452270508,-383.00958251953125,106.95082092285156,0.221240070754,-6.664320950285455,-104.70159872683615,0.81415,0.5582671,14.283938,3.646379,-17.803362,-1.4472718,13.519593,-23.751335,50.5842,23.03975,6.3037114,6.492699,-6.974662,-15.928352,40.61916,59.93385,-4.566679,5.2092557,-15.108645,9.352466,2.3241785,29.620934,5.7594457,-9.322932,-4.8588824,10.569349,-1.3709314,0.07900256,6.9783554,-10.879577,0.35148433
677,-11.52756404876709,-383.05084228515625,106.94632720947266,0.22348213326399582,-6.671902670605115,-104.73218552158117,0.8872883,0.5284513,14.275159,3.582667,-17.762213,-1.3396875,13.389108,-23.858507,51.2111,22.884443,6.208723,6.5327473,-7.037559,-15.857333,40.56422,59.641323,-4.652322,5.1904387,-15.183206,9.391488,2.2912476,29.660563,5.7582326,-9.361625,-4.848352,10.601996,-1.4012669,0.100394756,6.972435,-10.898729,0.37762597
678,-11.499955177307129,-383.08599853515625,106.9417724609375,0.2283851429048019,-6.6905035439078855,-104.75869617290749,0.9621784,0.49713627,14.275223,3.5185943,-17.721067,-1.2404414,13.254673,-23.950798,51.85003,22.699215,6.115478,6.594802,-7.0966063,-15.775571,40.509697,59.35072,-4.7573314,5.166249,-15.256867,9.440546,2.2556815,29.69813,5.7546964,-9.397566,-4.837864,10.6443615,-1.4326184,0.114802055,6.969277,-10.919809,0.40309995
679,-11.480297088623047,-383.121826171875,106.9383773803711,0.23385218130869717,-6.710574785361704,-104.78249877189144,1.0244014,0.45728007,14.292843,3.4686747,-17.699049,-1.1091708,13.166829,-24.020876,52.414124,22.489342,6.0383854,6.6566215,-7.1506124,-15.715445,40.47942,59.010277,-4.852546,5.1525936,-15.314996,9.491923,2.224812,29.733448,5.7527056,-9.43327,-4.8322535,10.70261,-1.4594755,0.12149259,6.941735,-10.930385,0.42382273
680,-11.458551406860352,-383.1615905761719,106.93562316894531,0.24022639363571505,-6.722691656648102,-104.80425359449323,1.09194,0.42456016,14.2883625,3.40843,-17.66946,-1.023,13.046695,-24.117723,53.056843,22.287342,5.9579782,6.7428975,-7.2178326,-15.624916,40.44434,58.738743,-4.9544797,5.122438,-15.355247,9.534335,2.1911218,29.763756,5.7511835,-9.46981,-4.823623,10.757904,-1.4898086,0.12540703,6.906319,-10.937429,0.44721994
681,-11.425822257995605,-383.20086669921875,106.93414306640625,0.24705226167142874,-6.724032851495762,-104.82793045635556,1.1462479,0.38709018,14.286483,3.3621335,-17.659794,-0.9121031,12.960296,-24.204576,53.642147,22.098242,5.8985577,6.8331423,-7.2896447,-15.553586,40.43096,58.440037,-5.0378356,5.0999513,-15.361298,9.560906,2.1500328,29.79037,5.7499514,-9.505867,-4.8052855,10.79631,-1.5290387,0.1331163,6.872507,-10.939729,0.47885767
682,-11.392437934875488,-383.2391052246094,106.93291473388672,0.2563691748124737,-6.718725879883963,-104.85187503846396,1.2010356,0.3516941,14.275034,3.313573,-17.650724,-0.8200953,12.868504,-24.307308,54.254253,21.907173,5.8456464,6.9457283,-7.3687134,-15.471175,40.424248,58.167248,-5.1179085,5.0697727,-15.346686,9.577199,2.1059926,29.813251,5.748748,-9.539384,-4.783864,10.816944,-1.5721719,0.14398235,6.856197,-10.948488,0.5121426
683,-11.36380672454834,-383.2668151855469,106.93167114257812,0.26423401027363863,-6.711471545153972,-104.86905481315907,1.2464467,0.31313804,14.274029,3.271161,-17.660429,-0.7130813,12.809319,-24.394466,54.815582,21.703499,5.8007884,7.0467257,-7.4367514,-15.41265,40.429577,57.852,-5.1921487,5.052266,-15.317365,9.585193,2.0687919,29.827667,5.7467012,-9.56441,-4.764043,10.818275,-1.6086679,0.15413767,6.861957,-10.962531,0.5404529
684,-11.337769508361816,-383.30511474609375,106.9303970336914,0.26997078163361354,-6.705088819932794,-104.87290988908602,1.2849963,0.27476883,14.282575,3.2276073,-17.684423,-0.60648686,12.773254,-24.467587,55.348488,21.47518,5.751742,7.1240077,-7.4876432,-15.372731,40.440113,57.50323,-5.2689695,5.047782,-15.287154,9.598098,2.0351527,29.832027,5.746278,-9.594407,-4.7480087,10.853993,-1.6410817,0.1435525,6.8210964,-10.961864,0.5671182
685,-11.314911842346191,-383.33612060546875,106.92899322509766,0.27052410915192354,-6.701138904754947,-104.85941369381452,1.3316792,0.2431829,14.275258,3.1607366,-17.698116,-0.5630177,12.7170105,-24.594225,55.97487,21.169231,5.6791453,7.2072253,-7.540673,-15.301407,40.456123,57.22236,-5.348357,5.0312157,-15.268706,9.606977,2.012315,29.820515,5.746082,-9.617077,-4.7347493,10.899693,-1.6623881,0.11660661,6.7639575,-10.951875,0.58824736
686,-11.294424057006836,-383.361328125,106.92695617675781,0.26926614699074114,-6.697566978713325,-104.83322219086817,1.3780653,0.21330187,14.259754,3.0838172,-17.71013,-0.5514059,12.654512,-24.735899,56.64542,20.82196,5.592832,7.2888165,-7.5971055,-15.202933,40.469357,56.98872,-5.441938,5.005643,-15.248907,9.610591,1.9951996,29.796291,5.746075,-9.633873,-4.7226624,10.940227,-1.6778847,0.080594905,6.7147326,-10.944142,0.6058688
687,-11.277721405029297,-383.38421630859375,106.92547607421875,0.26572828439998303,-6.692566040406489,-104.79901834744375,1.4141757,0.18230875,14.252791,3.0156076,-17.735964,-0.52905357,12.614507,-24.850182,57.27286,20.489304,5.5125957,7.348967,-7.644132,-15.119432,40.48814,56.730827,-5.5424585,4.9891825,-15.226332,9.6095495,1.9847636,29.763845,5.7475877,-9.647846,-4.712989,10.989065,-1.6871963,0.0353783,6.6466665,-10.926923,0.61974126
688,-11.26170539855957,-383.4023132324219,106.92414093017578,0.262481769945119,-6.683797770396479,-104.76215877405045,1.4452103,0.15254839,14.251662,2.9581802,-17.773033,-0.50029695,12.591791,-24.94677,57.857708,20.204796,5.4491315,7.391486,-7.679504,-15.05649,40.51145,56.450592,-5.6487107,4.980581,-15.208984,9.600788,1.9754041,29.72651,5.747642,-9.657112,-4.702296,11.024376,-1.6957052,-0.0090305675,6.5906005,-10.912668,0.6326292
689,-11.246720314025879,-383.4217834472656,106.92333221435547,0.25785795199255507,-6.669101059170518,-104.72086882976507,1.4823098,0.12369539,14.2287855,2.9018428,-17.797241,-0.5117192,12.561885,-25.09687,58.49134,19.93712,5.3967285,7.442739,-7.733691,-14.943039,40.534805,56.27404,-5.780154,4.942532,-15.214631,9.584967,1.9687032,29.683243,5.7478614,-9.6659775,-4.6918626,11.061041,-1.7021227,-0.05838688,6.520356,-10.891842,0.6444194
690,-11.2354097366333,-383.44140625,106.92272186279297,0.2519579260050736,-6.650041219668332,-104.67336644657928,1.5076413,0.0984736,14.220918,2.8614585,-17.845577,-0.5033885,12.551697,-25.191381,59.058758,19.738962,5.358017,7.4640164,-7.7604885,-14.876525,40.55708,56.019497,-5.925699,4.928354,-15.21897,9.56213,1.9671001,29.632473,5.750714,-9.674268,-4.6833153,11.098734,-1.7042518,-0.1137579,6.440378,-10.866818,0.65317297
691,-11.225037574768066,-383.45928955078125,106.92286682128906,0.24660185048259128,-6.6304774294668105,-104.62505480957273,1.5292938,0.07629399,14.223589,2.8257031,-17.90392,-0.48818251,12.549683,-25.249678,59.58705,19.585976,5.3290358,7.4672155,-7.768995,-14.844521,40.579212,55.72394,-6.066755,4.928646,-15.21707,9.5385,1.9653634,29.58056,5.7514544,-9.680092,-4.6748943,11.139529,-1.706128,-0.17129457,6.3518815,-10.836702,0.66157603
692,-11.208911895751953,-383.4809875488281,106.9234619140625,0.2424413988592979,-6.613893501944753,-104.58080867671582,1.570101,0.049364254,14.203608,2.7689388,-17.93233,-0.5282321,12.547099,-25.422745,60.185562,19.34598,5.305291,7.4986057,-7.8150992,-14.743142,40.630405,55.58326,-6.1645274,4.889413,-15.232356,9.519877,1.9574969,29.533134,5.753019,-9.690281,-4.6630797,11.193714,-1.7137756,-0.22978732,6.2469945,-10.799831,0.6754949
693,-11.18644905090332,-383.5003356933594,106.9228515625,0.24116103110458004,-6.598894448393365,-104.54548879251126,1.6056076,0.018151868,14.194059,2.7156181,-17.961796,-0.5503872,12.551031,-25.541014,60.73919,19.151854,5.295736,7.5067334,-7.8625054,-14.657788,40.6907,55.439243,-6.232145,4.8553185,-15.23076,9.505252,1.9399122,29.494217,5.7481546,-9.698408,-4.646509,11.224262,-1.7297388,-0.27476987,6.1839347,-10.780182,0.69581056
694,-11.165538787841797,-383.5174560546875,106.9234390258789,0.24312437524303404,-6.585098007295191,-104.5148983702323,1.6360588,-0.017902525,14.182638,2.6664124,-17.983145,-0.57376283,12.562587,-25.657696,61.282013,18.961979,5.2985363,7.508159,-7.931411,-14.556128,40.78354,55.3523,-6.2634597,4.809847,-15.229883,9.486387,1.9223064,29.457685,5.7536383,-9.710609,-4.6300797,11.254004,-1.7485899,-0.31622565,6.1215625,-10.759132,0.71674484
695,-11.146121978759766,-383.53765869140625,106.9240951538086,0.24260899793387594,-6.574463682692742,-104.48234377966679,1.6634328,-0.049912453,14.18167,2.6205816,-18.012655,-0.5937744,12.577166,-25.741484,61.793396,18.796936,5.300463,7.5053043,-7.984343,-14.482227,40.873116,55.237595,-6.291083,4.778231,-15.220476,9.475959,1.9066882,29.421854,5.753955,-9.721849,-4.61566,11.306149,-1.7634233,-0.36567345,6.028714,-10.7259035,0.736473
696,-11.1282958984375,-383.552001953125,106.92433166503906,0.24181423400591523,-6.5687248159848695,-104.44106895874609,1.6883824,-0.07651191,14.187567,2.5788288,-18.045635,-0.6176174,12.594512,-25.815588,62.28299,18.62489,5.290127,7.5174646,-8.022759,-14.421198,40.95158,55.11653,-6.336217,4.7568254,-15.208221,9.468767,1.8926466,29.378428,5.749848,-9.72697,-4.601226,11.357464,-1.7746751,-0.42232105,5.9454207,-10.6964,0.75311095
697,-11.113853454589844,-383.560302734375,106.9239730834961,0.2385431192913342,-6.572087620103618,-104.38699215813132,1.7091378,-0.09664503,14.20259,2.5421894,-18.08162,-0.6481283,12.61503,-25.88543,62.75741,18.427841,5.2578373,7.555596,-8.04768,-14.366237,41.011944,54.99792,-6.4095397,4.7416778,-15.193991,9.463091,1.8880322,29.322977,5.7557096,-9.732907,-4.588669,11.417352,-1.7777576,-0.49201846,5.864508,-10.66855,0.76445216
698,-11.103557586669922,-383.5633544921875,106.92247009277344,0.2326592550342183,-6.58286555331184,-104.32413313459205,1.7257973,-0.12180795,14.217155,2.5118902,-18.112051,-0.6812804,12.657404,-25.984741,63.21207,18.178637,5.2189827,7.615718,-8.090301,-14.270565,41.07158,54.958675,-6.499098,4.709641,-15.184741,9.465104,1.889041,29.261288,5.756481,-9.7324915,-4.578487,11.483277,-1.7727147,-0.5705833,5.787026,-10.642502,0.7707104
699,-11.095206260681152,-383.5676574707031,106.92086029052734,0.22554798879169624,-6.592694519402315,-104.25901322765341,1.743519,-0.1441963,14.234562,2.4837737,-18.147324,-0.7125053,12.70091,-26.056862,63.636433,17.959335,5.181028,7.672181,-8.117483,-14.187116,41.11126,54.912804,-6.6079655,4.6866674,-15.166469,9.466898,1.8927239,29.197838,5.75698,-9.731781,-4.5700874,11.516656,-1.7652042,-0.6413981,5.7719502,-10.648757,0.77515006
700,-11.089089393615723,-383.5713195800781,106.92109680175781,0.22273362831932575,-6.591874003813666,-104.19873683568028,1.7682253,-0.16513152,14.24325,2.455088,-18.184416,-0.74736065,12.740305,-26.116074,64.03675,17.781843,5.1573176,7.7151575,-8.1338415,-14.122103,41.153492,54.86589,-6.710523,4.6743507,-15.143792,9.455389,1.8931638,29.135532,5.758071,-9.729336,-4.5619717,11.530558,-1.7625915,-0.70279574,5.7670975,-10.657105,0.7792652
701,-11.082637786865234,-383.5780029296875,106.92193603515625,0.2231125460627556,-6.5773725023628495,-104.14397445101457,1.8026984,-0.18280564,14.240207,2.4238853,-18.224648,-0.79112786,12.768793,-26.15963,64.423225,17.668537,5.152159,7.7360296,-8.134544,-14.081919,41.197884,54.809536,-6.813107,4.6780696,-15.113687,9.429872,1.8888695,29.075554,5.757985,-9.7266445,-4.5534267,11.527957,-1.7660134,-0.7547634,5.763602,-10.664685,0.78473896
702,-11.074363708496094,-383.5867614746094,106.92291259765625,0.22450528727064473,-6.554205112432619,-104.09131267725346,1.8412582,-0.20551051,14.225018,2.3950493,-18.263939,-0.83806336,12.80838,-26.217094,64.78805,17.568823,5.162262,7.747811,-8.140012,-14.03181,41.261814,54.79,-6.9082556,4.6852365,-15.086193,9.395388,1.8817858,29.015768,5.756294,-9.723284,-4.5438986,11.516252,-1.772947,-0.80223846,5.758278,-10.670422,0.79165334
703,-11.067872047424316,-383.5990295410156,106.92445373535156,0.22944916331024443,-6.526976242055761,-104.04123508817217,1.864274,-0.24455886,14.199848,2.3905706,-18.295172,-0.84565675,12.893837,-26.292316,65.064606,17.421854,5.197838,7.761483,-8.198126,-13.9293,41.37097,54.898342,-6.974537,4.655778,-15.069718,9.358552,1.8710333,28.957579,5.7549806,-9.721945,-4.5350595,11.500659,-1.783895,-0.84691674,5.754976,-10.678278,0.7990726
704,-11.058528900146484,-383.61102294921875,106.92627716064453,0.23273093518868154,-6.50188359226019,-103.99329463741816,1.8979816,-0.26713017,14.183922,2.3712835,-18.330496,-0.87578714,12.94145,-26.317207,65.35078,17.32053,5.2118564,7.7886367,-8.206908,-13.877766,41.436096,54.92746,-7.0363,4.6543717,-15.045527,9.322925,1.860633,28.901022,5.7556696,-9.721918,-4.5241284,11.486126,-1.7947724,-0.8902783,5.752556,-10.685728,0.8086798
705,-11.049901962280273,-383.6224670410156,106.92850494384766,0.2363981836328466,-6.477073856423603,-103.94734840124315,1.9186566,-0.29729205,14.167694,2.3682013,-18.3601,-0.87426484,13.01875,-26.33781,65.55866,17.172176,5.235126,7.836164,-8.243343,-13.800136,41.531273,55.026257,-7.048133,4.6310263,-15.033915,9.289549,1.849502,28.846022,5.7528176,-9.719681,-4.512877,11.473778,-1.8056362,-0.9331627,5.7457476,-10.690093,0.81914586
706,-11.039606094360352,-383.6327209472656,106.93160247802734,0.24073267022139075,-6.449958958468059,-103.9038810293079,1.9447285,-0.3219141,14.151675,2.3595905,-18.390755,-0.8799739,13.084481,-26.337923,65.74973,17.033232,5.252932,7.8971796,-8.262058,-13.739764,41.612213,55.11413,-7.0404005,4.6141405,-15.022211,9.251069,1.8371758,28.791147,5.753004,-9.71822,-4.49941,11.453961,-1.8188279,-0.97228646,5.7445755,-10.695026,0.831684
707,-11.02936840057373,-383.6400451660156,106.9340591430664,0.2460113965900617,-6.426548121300639,-103.86275828583878,1.9784876,-0.3366837,14.138811,2.3438954,-18.417925,-0.90222496,13.131795,-26.332735,65.941246,16.89903,5.2587614,7.968515,-8.260538,-13.701993,41.67515,55.187935,-7.0260367,4.605467,-15.010488,9.216344,1.823899,28.7392,5.752197,-9.715526,-4.48581,11.437385,-1.8324906,-1.0104156,5.7415543,-10.697409,0.8440403
708,-11.020536422729492,-383.6449279785156,106.9356918334961,0.24887413619643808,-6.413434570943724,-103.82379687114461,2.006681,-0.3507426,14.133972,2.3373413,-18.44236,-0.91420496,13.187692,-26.324621,66.09317,16.753136,5.258563,8.039447,-8.264021,-13.662985,41.745846,55.281116,-7.008699,4.596618,-15.002834,9.195437,1.8139626,28.69373,5.7488594,-9.712277,-4.475053,11.43207,-1.8412695,-1.0491018,5.738119,-10.700425,0.85361433
709,-11.010601997375488,-383.64385986328125,106.93528747558594,0.24739704149178332,-6.4168304267824166,-103.78801871990903,2.026898,-0.364073,14.143112,2.3468754,-18.466967,-0.90749687,13.260142,-26.308788,66.19104,16.588106,5.2513156,8.107102,-8.276475,-13.618677,41.822197,55.399017,-6.9969654,4.5870557,-14.997971,9.190436,1.8097616,28.655989,5.7482567,-9.709796,-4.4658117,11.442357,-1.8435644,-1.0885142,5.7352095,-10.703239,0.86060315
710,-11.00191879272461,-383.6419372558594,106.93463134765625,0.24362886168280018,-6.431941140061537,-103.75504269128899,2.0341866,-0.38353303,14.165295,2.3766668,-18.492542,-0.86473864,13.365516,-26.274464,66.20448,16.404547,5.247005,8.169721,-8.305284,-13.560763,41.910255,55.552143,-6.984193,4.571793,-14.995719,9.202664,1.8080268,28.62605,5.7449064,-9.708481,-4.4595222,11.467431,-1.8412484,-1.1291564,5.7306347,-10.707262,0.865221
711,-10.99338436126709,-383.6396179199219,106.93450927734375,0.24000017829158823,-6.4475466925084275,-103.72309691451866,2.0569797,-0.3893871,14.184713,2.38628,-18.511948,-0.86228853,13.431917,-26.247234,66.25891,16.242922,5.2242174,8.241806,-8.3025255,-13.529719,41.96248,55.680336,-6.9797125,4.5666013,-14.991168,9.212678,1.8072948,28.59651,5.745014,-9.707764,-4.453071,11.491709,-1.8390311,-1.1683139,5.727222,-10.711352,0.8695621
712,-10.986959457397461,-383.64361572265625,106.93467712402344,0.24088422390307362,-6.451585574907918,-103.69077303082847,2.0674765,-0.4092769,14.199354,2.4025028,-18.535461,-0.830014,13.528133,-26.203217,66.23845,16.096302,5.216848,8.305065,-8.310926,-13.490104,42.03043,55.830105,-6.9595203,4.5529428,-14.98868,9.2135,1.8011699,28.564245,5.743849,-9.70881,-4.446735,11.5056505,-1.8426731,-1.204957,5.7249737,-10.71791,0.8750412
713,-10.980180740356445,-383.6419677734375,106.93563079833984,0.24493270609280396,-6.441057744592532,-103.65718570513472,2.0901291,-0.42480478,14.198582,2.3914785,-18.551737,-0.83501583,13.590027,-26.16381,66.25557,15.991635,5.2011223,8.376193,-8.294363,-13.468884,42.0724,55.970116,-6.9352007,4.5383706,-14.986619,9.192478,1.7922027,28.524998,5.741409,-9.703004,-4.4372215,11.497957,-1.8511007,-1.2358344,5.723347,-10.71872,0.8814393
714,-10.975361824035645,-383.6438293457031,106.937255859375,0.25436118066968677,-6.42171650338429,-103.6235765830935,2.1055965,-0.44887456,14.194144,2.3807921,-18.569302,-0.8238388,13.666916,-26.107166,66.2196,15.907404,5.193343,8.44285,-8.279833,-13.4468565,42.1205,56.122246,-6.8983765,4.5176945,-14.986902,9.160809,1.7782966,28.48273,5.7416005,-9.698678,-4.427095,11.482122,-1.865916,-1.2643396,5.7213764,-10.7199135,0.8886943
715,-10.967034339904785,-383.6441345214844,106.93992614746094,0.2629604920443557,-6.397577198457206,-103.59011791819866,2.1108725,-0.4796436,14.18921,2.3796463,-18.588657,-0.7921548,13.761288,-26.034016,66.12866,15.834835,5.1928163,8.502437,-8.271372,-13.423526,42.17578,56.284683,-6.8560004,4.497538,-14.985351,9.122151,1.7631109,28.438755,5.7399483,-9.691685,-4.4140897,11.458256,-1.8823034,-1.2905555,5.719694,-10.718355,0.8980344
716,-10.957320213317871,-383.6430358886719,106.942626953125,0.2703066643893788,-6.371949148336396,-103.5572878477611,2.1301396,-0.49450096,14.173652,2.363247,-18.597864,-0.814575,13.808588,-25.99383,66.11553,15.765848,5.168973,8.573659,-8.2422,-13.414814,42.20432,56.441547,-6.8226514,4.491031,-14.980098,9.079133,1.7498736,28.393997,5.741566,-9.685124,-4.4002247,11.430454,-1.8977735,-1.3160136,5.7196317,-10.715976,0.9078858
717,-10.949153900146484,-383.64373779296875,106.94478607177734,0.27248694417377356,-6.341664098496564,-103.5243706690648,2.1298435,-0.51378953,14.159644,2.377459,-18.615202,-0.7966354,13.8831005,-25.934753,66.016884,15.695407,5.1610727,8.633605,-8.229263,-13.405066,42.254723,56.606228,-6.7825217,4.497123,-14.967932,9.034002,1.7431909,28.349062,5.7404666,-9.676902,-4.388617,11.398668,-1.9062765,-1.3415363,5.717728,-10.712337,0.9159715
718,-10.942780494689941,-383.6449890136719,106.94670867919922,0.2739097744086111,-6.3056513404108685,-103.49165424506084,2.1467767,-0.5175761,14.128357,2.3708642,-18.618055,-0.83971447,13.908767,-25.912544,66.007675,15.631213,5.1269116,8.707376,-8.194639,-13.403691,42.272114,56.775562,-6.7545457,4.5145254,-14.951718,8.980098,1.7399621,28.301907,5.7424026,-9.667913,-4.377775,11.359108,-1.9128928,-1.3656653,5.7178392,-10.708768,0.9230449
719,-10.937603950500488,-383.6473388671875,106.94817352294922,0.2742172795834826,-6.274018767287115,-103.45937217103065,2.1252851,-0.5433756,14.12067,2.4102597,-18.640068,-0.788079,14.011155,-25.83603,65.81629,15.56432,5.127869,8.753557,-8.192842,-13.401282,42.345608,56.944298,-6.699509,4.5324173,-14.935565,8.934172,1.7378589,28.257334,5.7430997,-9.660433,-4.368673,11.326263,-1.9172231,-1.3910153,5.7167854,-10.7062025,0.9290559
720,-10.931232452392578,-383.64764404296875,106.94963073730469,0.27475514062458684,-6.2560843108709685,-103.4286379575931,2.1180289,-0.55773866,14.114994,2.4269514,-18.645205,-0.7878447,14.071117,-25.788277,65.70485,15.50291,5.1077847,8.813845,-8.174196,-13.402876,42.382683,57.124424,-6.666143,4.5428905,-14.920628,8.905118,1.734017,28.218481,5.7421694,-9.654367,-4.359939,11.308559,-1.9215906,-1.4178996,5.716152,-10.705324,0.9350348
721,-10.922354698181152,-383.64129638671875,106.94976806640625,0.2754081145691133,-6.263945737903386,-103.3979684310442,2.1085458,-0.57021284,14.1302185,2.4390814,-18.640379,-0.7993901,14.121511,-25.742643,65.605385,15.440106,5.0759573,8.878702,-8.152565,-13.407298,42.406788,57.314266,-6.646123,4.5417876,-14.9085655,8.902736,1.7286335,28.185915,5.742699,-9.650543,-4.3508134,11.319519,-1.9252819,-1.4506078,5.7146225,-10.705847,0.94085133
722,-10.909255981445312,-383.6304016113281,106.94908142089844,0.2749552828438675,-6.288859280976392,-103.3675957120221,2.0899937,-0.5850223,14.163731,2.4594145,-18.635256,-0.7963181,14.180599,-25.685493,65.46798,15.379565,5.047487,8.9410715,-8.133477,-13.416099,42.427944,57.50713,-6.6346803,4.5355406,-14.896015,8.918072,1.7217898,28.157793,5.7431374,-9.647906,-4.340061,11.348603,-1.9288093,-1.4867538,5.712422,-10.706449,0.947925
723,-10.894160270690918,-383.618408203125,106.94866180419922,0.27601676869187375,-6.311394354958419,-103.3398983050594,2.0728927,-0.59770966,14.194175,2.474049,-18.624834,-0.8063347,14.228625,-25.63619,65.340805,15.329003,5.0172954,9.003142,-8.110939,-13.426982,42.442207,57.70541,-6.623142,4.5279055,-14.884211,8.93083,1.7117542,28.13156,5.7421145,-9.644567,-4.327638,11.372772,-1.9356576,-1.5192112,5.7110667,-10.705609,0.9565054
724,-10.882453918457031,-383.6083679199219,106.94878387451172,0.275021159800503,-6.312424315277248,-103.31731501187744,2.0579526,-0.61012226,14.206909,2.484331,-18.615221,-0.8214287,14.269852,-25.593616,65.20784,15.299173,4.9985037,9.05966,-8.086317,-13.440556,42.458176,57.901653,-6.599905,4.525447,-14.872909,8.918014,1.7073989,28.104456,5.743486,-9.638756,-4.3163605,11.370882,-1.9400254,-1.5403811,5.709271,-10.7009945,0.96308607
725,-10.871479034423828,-383.6047058105469,106.95112609863281,0.276557217128015,-6.277590514799089,-103.30253769910676,2.0531323,-0.61855495,14.1831665,2.480547,-18.6027,-0.8639649,14.284175,-25.577463,65.10943,15.298142,4.9892774,9.118553,-8.058549,-13.447738,42.46628,58.114605,-6.5664935,4.5280027,-14.862702,8.8661995,1.7005908,28.075386,5.7437844,-9.630177,-4.303163,11.325756,-1.950792,-1.5445914,5.708652,-10.691725,0.97129935
726,-10.85914421081543,-383.6114807128906,106.95475006103516,0.2778350279361382,-6.220895595301999,-103.29333571923343,2.0384438,-0.6335255,14.153169,2.4849257,-18.60304,-0.87689507,14.321574,-25.543365,64.93738,15.32247,5.0036454,9.160341,-8.031452,-13.47324,42.49672,58.29452,-6.506365,4.543879,-14.850843,8.793791,1.692417,28.047012,5.745564,-9.625393,-4.2888427,11.258437,-1.965307,-1.5386469,5.708415,-10.683443,0.9820024
727,-10.85009765625,-383.60870361328125,106.95951843261719,0.27957140115877305,-6.162108505873113,-103.28611761298042,2.0239592,-0.6472974,14.118964,2.4869087,-18.59568,-0.9001579,14.349194,-25.513803,64.77831,15.35115,5.014947,9.199888,-8.005707,-13.498942,42.52906,58.4857,-6.4418163,4.5550857,-14.841017,8.71232,1.688094,28.018229,5.7488966,-9.614158,-4.2751412,11.182452,-1.9773585,-1.5282465,5.708005,-10.66885,0.98969233
728,-10.83545207977295,-383.6056823730469,106.9625473022461,0.280090071496148,-6.121499166186208,-103.27643564914041,2.0011625,-0.66169876,14.104404,2.5033863,-18.592861,-0.90638614,14.381775,-25.468925,64.58093,15.36784,5.0342565,9.23145,-7.9797907,-13.5391865,42.57712,58.659225,-6.3704605,4.5679216,-14.835729,8.653239,1.6803367,27.993053,5.7505703,-9.606287,-4.2594705,11.129517,-1.9901487,-1.5255078,5.7064896,-10.656871,1.0010092
729,-10.820785522460938,-383.6004638671875,106.96387481689453,0.27945625493845533,-6.10571057560321,-103.26112050805243,1.9832574,-0.6748445,14.105987,2.5168774,-18.575382,-0.93567693,14.402185,-25.431997,64.41716,15.361175,5.0370054,9.257674,-7.951256,-13.573815,42.611736,58.856564,-6.3140373,4.559629,-14.835783,8.625878,1.6721601,27.971275,5.7473607,-9.599143,-4.2457056,11.110997,-1.9990842,-1.5359153,5.6985183,-10.646149,1.012496
730,-10.808371543884277,-383.5923767089844,106.96446990966797,0.2801000083626415,-6.103074612684873,-103.24332222628726,1.9642235,-0.68841094,14.117582,2.5341163,-18.551464,-0.9706721,14.416731,-25.392286,64.25519,15.345703,5.036562,9.277348,-7.923572,-13.60844,42.64563,59.064373,-6.2613225,4.540976,-14.839664,8.608362,1.6660495,27.949633,5.7525535,-9.5957775,-4.233405,11.100685,-2.0067885,-1.5498941,5.7034707,-10.643137,1.0230505
731,-10.794132232666016,-383.58355712890625,106.96501922607422,0.2798513229345131,-6.107639812043221,-103.2281513592575,1.9431527,-0.70124704,14.135793,2.553024,-18.52611,-1.0048645,14.427367,-25.34976,64.08794,15.328472,5.0350256,9.294748,-7.8967543,-13.647467,42.681217,59.269352,-6.2078996,4.5230365,-14.843665,8.601897,1.6584802,27.933329,5.753553,-9.592024,-4.221016,11.10206,-2.0141873,-1.5643538,5.7018414,-10.637602,1.0342218
732,-10.782975196838379,-383.57635498046875,106.96530151367188,0.2802828330191692,-6.112800745767408,-103.22096497346668,1.9211667,-0.7129729,14.155327,2.5700774,-18.502243,-1.0364537,14.433256,-25.309809,63.914497,15.315026,5.034326,9.315663,-7.871918,-13.690562,42.715046,59.465168,-6.1541963,4.5152617,-14.843881,8.600335,1.6510781,27.925493,5.7529902,-9.589601,-4.2116814,11.104903,-2.021149,-1.5719645,5.6990404,-10.632336,1.0426397
733,-10.769512176513672,-383.56439208984375,106.96575927734375,0.2823375810301534,-6.120517703936835,-103.2234800026033,1.9050156,-0.7295776,14.167249,2.577044,-18.475735,-1.0798608,14.433275,-25.302607,63.767242,15.286811,5.0276814,9.352381,-7.853118,-13.69771,42.718864,59.6949,-6.131668,4.512817,-14.838738,8.600272,1.6405013,27.925962,5.7517304,-9.585987,-4.201083,11.104315,-2.0316975,-1.570134,5.6992373,-10.625101,1.0506759
734,-10.755314826965332,-383.5499267578125,106.96698760986328,0.2843689278582643,-6.13443364004056,-103.23242044919247,1.8870268,-0.74471724,14.186444,2.5826726,-18.444742,-1.1187549,14.43245,-25.295374,63.60303,15.260224,5.0263357,9.389286,-7.844984,-13.706132,42.723698,59.93799,-6.108519,4.504037,-14.82959,8.606813,1.6295359,27.933432,5.751324,-9.583266,-4.1907787,11.110002,-2.0424557,-1.5641091,5.6966867,-10.615575,1.0576748
735,-10.740758895874023,-383.54217529296875,106.96786499023438,0.28592193527702464,-6.147481116532229,-103.24732738365093,1.8604335,-0.7506765,14.214892,2.596198,-18.418013,-1.1366736,14.423264,-25.260725,63.39803,15.253439,5.0351167,9.418729,-7.84115,-13.759111,42.761646,60.142017,-6.0479913,4.503995,-14.818373,8.618727,1.6170791,27.948286,5.749806,-9.585291,-4.181658,11.116569,-2.0543115,-1.5526525,5.6960535,-10.609905,1.0654953
736,-10.718605995178223,-383.5311279296875,106.96941375732422,0.29012364706246146,-6.146014267269199,-103.2664526706216,1.8412657,-0.75527483,14.232746,2.6070492,-18.405416,-1.1663988,14.404245,-25.221992,63.211525,15.261874,5.0328827,9.437625,-7.8050036,-13.835998,42.792046,60.272877,-5.97552,4.5364046,-14.814589,8.607819,1.5982088,27.9611,5.749823,-9.58413,-4.164985,11.101966,-2.0751874,-1.5319127,5.695092,-10.597518,1.0792912
737,-10.699166297912598,-383.52984619140625,106.97221374511719,0.29368207786322187,-6.125062502553393,-103.29198491477037,1.8353475,-0.7587751,14.233839,2.6119013,-18.399519,-1.2047305,14.378777,-25.185425,63.030155,15.281465,5.0300436,9.437515,-7.7516975,-13.91647,42.80236,60.381805,-5.899353,4.5795975,-14.820256,8.581326,1.5804169,27.977324,5.7488017,-9.585271,-4.149925,11.066853,-2.0966294,-1.4993719,5.695464,-10.58589,1.0935135
738,-10.681599617004395,-383.5293884277344,106.97510528564453,0.29756276442110624,-6.09066985124582,-103.32379834925672,1.832895,-0.77058667,14.217496,2.6200578,-18.392147,-1.2362307,14.363865,-25.160265,62.836304,15.290854,5.0339766,9.42521,-7.716701,-13.954208,42.801205,60.551605,-5.830649,4.605253,-14.834245,8.541657,1.5631158,27.996859,5.7453113,-9.5839405,-4.1354156,11.014006,-2.1188207,-1.4559761,5.6968584,-10.571597,1.1072669
739,-10.666632652282715,-383.5283203125,106.97805786132812,0.3032631104276329,-6.054014588000071,-103.35752373343253,1.8293858,-0.7815285,14.202523,2.6305487,-18.393614,-1.2668823,14.341121,-25.1217,62.64109,15.3203745,5.0354548,9.41095,-7.672076,-14.003118,42.79881,60.68396,-5.7559557,4.645345,-14.848892,8.498244,1.5461293,28.01715,5.743972,-9.582614,-4.121972,10.958557,-2.1415222,-1.4099444,5.6976004,-10.556377,1.1199101
740,-10.652985572814941,-383.52056884765625,106.98075103759766,0.30786011625459636,-6.025558453169107,-103.38907476424687,1.8223113,-0.78644735,14.198145,2.6425157,-18.400167,-1.3009166,14.302649,-25.073166,62.45123,15.370032,5.0331645,9.406762,-7.6181192,-14.078118,42.7929,60.776672,-5.679138,4.6855702,-14.854732,8.4607115,1.5320845,28.036474,5.7421975,-9.577871,-4.1093774,10.909265,-2.160554,-1.366894,5.698662,-10.539552,1.1304876
741,-10.639126777648926,-383.51336669921875,106.98316955566406,0.3114578248869875,-6.008911187500418,-103.41717973172891,1.8102429,-0.79831684,14.2007065,2.6628466,-18.408072,-1.3279241,14.277381,-25.053041,62.246216,15.4019785,5.038418,9.423173,-7.587762,-14.120418,42.78558,60.916527,-5.6099453,4.698334,-14.852202,8.437046,1.5189098,28.055656,5.74124,-9.575534,-4.0979056,10.87707,-2.1773386,-1.3307625,5.6974735,-10.525385,1.1409197
742,-10.628156661987305,-383.5095520019531,106.98503112792969,0.31575341311129995,-5.997854801858581,-103.44414516462051,1.7975808,-0.80815864,14.210027,2.6843877,-18.421804,-1.3602537,14.239674,-25.025246,62.048912,15.456182,5.03932,9.449105,-7.5468593,-14.178602,42.769493,61.020245,-5.542818,4.7173977,-14.841725,8.423021,1.5060191,28.076115,5.740459,-9.57631,-4.089285,10.853624,-2.1930025,-1.2974395,5.6976457,-10.51559,1.1502118
743,-10.611992835998535,-383.49822998046875,106.98687744140625,0.3183221678677159,-5.989702642795407,-103.47085950729648,1.782983,-0.81736577,14.222687,2.7043774,-18.43809,-1.3911083,14.201268,-25.005028,61.848015,15.504204,5.041977,9.475844,-7.5083585,-14.233113,42.750618,61.12478,-5.474987,4.7258325,-14.833919,8.405844,1.4933739,28.095163,5.7407002,-9.57356,-4.076691,10.828965,-2.2088418,-1.2640681,5.6966076,-10.500618,1.1613631
744,-10.594196319580078,-383.48907470703125,106.98851013183594,0.3204076007927331,-5.981673252168481,-103.49774389828553,1.7680237,-0.8213414,14.2383585,2.7141855,-18.460133,-1.4254665,14.154177,-24.984268,61.654972,15.547721,5.042373,9.49259,-7.459548,-14.29639,42.725395,61.208096,-5.4052763,4.730135,-14.837035,8.394369,1.4777863,28.11614,5.7329497,-9.569005,-4.0634594,10.811102,-2.2252352,-1.2338048,5.6854186,-10.481426,1.1735835
745,-10.580299377441406,-383.48052978515625,106.99121856689453,0.32067213804881817,-5.976536368896828,-103.52473118069008,1.7486094,-0.8225948,14.260636,2.7138338,-18.487074,-1.453742,14.1067295,-24.960413,61.452896,15.57385,5.0453415,9.496068,-7.4069915,-14.357283,42.694992,61.288616,-5.333853,4.7173967,-14.859963,8.382755,1.46952,28.13723,5.7363086,-9.57054,-4.053504,10.786843,-2.236865,-1.202889,5.694067,-10.473677,1.1825203
746,-10.56297492980957,-383.47119140625,106.99327087402344,0.31881886288724043,-5.974643214699296,-103.55133933446308,1.7225579,-0.8249972,14.28802,2.7104897,-18.518797,-1.4711494,14.065396,-24.93455,61.23452,15.58511,5.05299,9.491062,-7.3597164,-14.407436,42.6645,61.37972,-5.2620826,4.6867895,-14.896659,8.377624,1.459869,28.159767,5.7326202,-9.569145,-4.0418515,10.77097,-2.247697,-1.175876,5.693204,-10.460872,1.1928736
747,-10.54473876953125,-383.46734619140625,106.99545288085938,0.3173090518419992,-5.969336913954937,-103.57856883648431,1.6998854,-0.8199904,14.314406,2.699274,-18.55384,-1.5009873,14.005474,-24.904684,61.040764,15.614213,5.0521245,9.479891,-7.2951336,-14.4789915,42.62411,61.426674,-5.1913147,4.668376,-14.93005,8.371889,1.4482374,28.183056,5.7285237,-9.570562,-4.030013,10.754897,-2.26044,-1.1484467,5.6910667,-10.449941,1.2045971
748,-10.525101661682129,-383.4577941894531,106.99908447265625,0.31778200139291235,-5.953179366692637,-103.60764128178816,1.6744668,-0.825205,14.327925,2.6974065,-18.586832,-1.5206116,13.966159,-24.893696,60.83809,15.637186,5.053682,9.462257,-7.2504478,-14.52461,42.5985,61.49904,-5.120282,4.652636,-14.951351,8.347804,1.4350619,28.203487,5.7260056,-9.567312,-4.015254,10.721106,-2.2766888,-1.1133986,5.688964,-10.432876,1.2170726
749,-10.508293151855469,-383.45172119140625,107.00372314453125,0.3216650296127822,-5.91934200379264,-103.63863926545193,1.6437613,-0.84193856,14.322516,2.7062993,-18.618591,-1.5276439,13.947092,-24.894938,60.626854,15.666583,5.053287,9.433138,-7.2234883,-14.545217,42.586693,61.587852,-5.0459685,4.64886,-14.953969,8.305264,1.4193022,28.221743,5.721926,-9.561859,-4.0009584,10.666836,-2.297078,-1.069365,5.6871796,-10.4141245,1.2291225
750,-10.493997573852539,-383.44683837890625,107.00808715820312,0.32894891957645284,-5.872724616835845,-103.67129185258412,1.6230367,-0.85016656,14.304534,2.7036626,-18.64991,-1.5619826,13.90099,-24.908545,60.467014,15.721131,5.0363517,9.399736,-7.173375,-14.5955515,42.564842,61.61943,-4.966743,4.6732183,-14.942695,8.246538,1.4017148,28.237625,5.7195287,-9.554823,-3.9864995,10.5982,-2.3210676,-1.0191244,5.684718,-10.393604,1.2406244
751,-10.486700057983398,-383.45404052734375,107.01143646240234,0.3353977974941478,-5.8261847469068115,-103.7048202300118,1.6061426,-0.857572,14.286025,2.7022655,-18.681059,-1.6008149,13.857091,-24.935104,60.3162,15.773382,5.0199957,9.365439,-7.124848,-14.643679,42.54673,61.644047,-4.8934736,4.700317,-14.9271145,8.197838,1.3875285,28.257717,5.7169633,-9.554718,-3.9789107,10.53747,-2.340926,-0.9699229,5.683603,-10.382016,1.2491243
752,-10.472620964050293,-383.45355224609375,107.01412963867188,0.3368341317238662,-5.792511687786274,-103.738601841883,1.5927651,-0.8615902,14.280725,2.7069578,-18.713156,-1.6379879,13.818395,-24.964088,60.162235,15.8190365,5.01191,9.334998,-7.081836,-14.684459,42.532932,61.67084,-4.83981,4.7183075,-14.913787,8.159432,1.3760656,28.28054,5.7145596,-9.553354,-3.9682953,10.487221,-2.3570902,-0.923541,5.680873,-10.366173,1.2599682
753,-10.46096420288086,-383.4427490234375,107.01715850830078,0.32989552013322804,-5.778435102133913,-103.77064931019153,1.5877922,-0.8570449,14.293453,2.7150037,-18.744339,-1.6871662,13.771618,-24.998142,60.02462,15.860566,5.0098825,9.312633,-7.0364075,-14.731107,42.520584,61.68575,-4.813262,4.729685,-14.90465,8.139484,1.3778074,28.306683,5.7119436,-9.548003,-3.9617481,10.454702,-2.3585458,-0.8833903,5.678453,-10.34843,1.266186
754,-10.447715759277344,-383.43475341796875,107.01976776123047,0.3200378837302467,-5.775878024483905,-103.80189900746277,1.5717446,-0.8627718,14.320508,2.746623,-18.777588,-1.7028154,13.759399,-25.010637,59.834866,15.898518,5.02497,9.282363,-7.0212383,-14.74141,42.521145,61.741245,-4.818315,4.720869,-14.894266,8.133339,1.3822426,28.335546,5.7126846,-9.547928,-3.9561539,10.438103,-2.3566709,-0.84870404,5.675816,-10.334195,1.2734344
755,-10.431253433227539,-383.43072509765625,107.02156066894531,0.3082882798479724,-5.775846649463995,-103.83627256176915,1.5716362,-0.8514435,14.3457155,2.7639434,-18.810032,-1.7534286,13.711666,-25.050783,59.70807,15.937002,5.031588,9.267346,-6.985591,-14.779998,42.523518,61.75384,-4.812025,4.7249417,-14.884973,8.135986,1.3850877,28.37,5.7101774,-9.551224,-3.9503584,10.4264145,-2.3550878,-0.8125925,5.673251,-10.322368,1.282667
756,-10.414544105529785,-383.4259033203125,107.0235824584961,0.29726320185366606,-5.769485077151386,-103.87740916158789,1.5636998,-0.84976727,14.37,2.7924864,-18.847685,-1.7732744,13.690861,-25.070139,59.537655,15.98304,5.0476775,9.242309,-6.9693737,-14.795273,42.52595,61.787144,-4.809663,4.718522,-14.868201,8.131176,1.3869066,28.408915,5.7073092,-9.552942,-3.9436913,10.404598,-2.355587,-0.76724,5.670693,-10.307468,1.2914292
757,-10.39461612701416,-383.4196472167969,107.02568054199219,0.29167638807831797,-5.754250561392439,-103.9279449437447,1.579142,-0.82945114,14.380094,2.7871063,-18.877447,-1.8536187,13.623801,-25.13497,59.478542,16.031424,5.0356045,9.235823,-6.9185333,-14.844763,42.52166,61.76122,-4.7621245,4.731889,-14.850929,8.114449,1.3805166,28.453056,5.705517,-9.554192,-3.9328318,10.3688545,-2.3657963,-0.70995706,5.669147,-10.28921,1.3023038
758,-10.377345085144043,-383.41351318359375,107.02959442138672,0.2873345437041311,-5.735292605573155,-103.98538889824299,1.5929068,-0.8124539,14.391428,2.7857268,-18.91173,-1.9171858,13.570615,-25.192675,59.394924,16.08569,5.030731,9.224435,-6.8757477,-14.884331,42.51078,61.737476,-4.714249,4.738854,-14.825816,8.092031,1.37514,28.501997,5.7074122,-9.555957,-3.9229395,10.326329,-2.3766093,-0.64451665,5.669318,-10.270175,1.3109893
759,-10.360722541809082,-383.4051818847656,107.03235626220703,0.2831590952049673,-5.713482335780105,-104.04592970075358,1.6106482,-0.7965835,14.399696,2.7858772,-18.949186,-1.9754587,13.524777,-25.247944,59.309383,16.141363,5.028567,9.212562,-6.8368235,-14.917696,42.50101,61.71245,-4.6778717,4.7468443,-14.799629,8.068948,1.3693113,28.554163,5.7047625,-9.5550585,-3.9137154,10.279277,-2.3873003,-0.57449603,5.668046,-10.248406,1.3189741
760,-10.351156234741211,-383.39727783203125,107.03565216064453,0.2807797193179456,-5.690075988015566,-104.10681661157541,1.6225944,-0.7938156,14.409072,2.8058443,-18.99365,-1.9964281,13.511294,-25.268173,59.17098,16.204031,5.040646,9.190148,-6.8206267,-14.926085,42.502445,61.710503,-4.681639,4.7518716,-14.773898,8.044325,1.3661897,28.606422,5.702939,-9.553121,-3.9083974,10.231271,-2.3956978,-0.5031854,5.6670756,-10.227594,1.3236006
761,-10.336241722106934,-383.3883361816406,107.03845977783203,0.27959316344721835,-5.663273315252796,-104.16846663748919,1.6558222,-0.78826535,14.407153,2.8182592,-19.041353,-2.0406632,13.482811,-25.303976,59.077644,16.270313,5.0485344,9.17412,-6.7965755,-14.942058,42.508553,61.695812,-4.730425,4.7726865,-14.757337,8.011157,1.3591417,28.656921,5.704688,-9.552116,-3.8981924,10.17738,-2.4093602,-0.428822,5.6660275,-10.204485,1.333099
762,-10.318292617797852,-383.3817138671875,107.04034423828125,0.28017376586908027,-5.6329835808801665,-104.23155332958974,1.6966472,-0.78536785,14.399966,2.833543,-19.092363,-2.0836031,13.4590025,-25.32824,58.990242,16.348995,5.056493,9.154687,-6.7756658,-14.953515,42.51739,61.677937,-4.818929,4.8015656,-14.743097,7.9782605,1.3464495,28.709248,5.702008,-9.551973,-3.8861418,10.12082,-2.4277563,-0.3520097,5.6642118,-10.181508,1.3460681
763,-10.305234909057617,-383.3777770996094,107.04326629638672,0.2795177510954562,-5.603559878263558,-104.29532519018767,1.7457128,-0.7762063,14.38956,2.8435447,-19.138365,-2.1400208,13.418255,-25.35572,58.93632,16.422562,5.059381,9.144759,-6.750265,-14.970874,42.528893,61.64969,-4.8979416,4.83276,-14.730079,7.946613,1.3387986,28.762732,5.7026706,-9.55358,-3.8777783,10.065779,-2.4418027,-0.27428663,5.6646376,-10.161584,1.355936
764,-10.294811248779297,-383.37841796875,107.04466247558594,0.2759578086929869,-5.578801943245576,-104.35780114186299,1.7919022,-0.7623897,14.384217,2.850702,-19.175009,-2.1920457,13.376507,-25.374453,58.886963,16.476007,5.0600677,9.143199,-6.7233977,-14.987049,42.53724,61.614628,-4.935679,4.8555617,-14.712473,7.9263387,1.3350211,28.818626,5.7012434,-9.558033,-3.873679,10.02096,-2.4505422,-0.20015171,5.6640863,-10.145913,1.3633419
765,-10.283856391906738,-383.37738037109375,107.04744720458984,0.2679279270278242,-5.562102097371258,-104.41977044315496,1.8325132,-0.7490446,14.392485,2.8613229,-19.2067,-2.2223365,13.354824,-25.384666,58.80213,16.488276,5.06959,9.147883,-6.7021384,-14.994428,42.542145,61.57915,-4.9107285,4.8624654,-14.684673,7.9120345,1.3375257,28.875666,5.703456,-9.563067,-3.8708622,9.984357,-2.4531407,-0.12797427,5.6633663,-10.1302395,1.3687383
766,-10.272056579589844,-383.36859130859375,107.04930877685547,0.25760804594601056,-5.550008443973085,-104.47737867379331,1.8661141,-0.7356004,14.407715,2.8718889,-19.227768,-2.2414496,13.349567,-25.38697,58.706894,16.47056,5.0763745,9.156863,-6.6856613,-14.995544,42.54393,61.543095,-4.8494883,4.8583755,-14.647355,7.902462,1.342501,28.93006,5.7003407,-9.562838,-3.8685114,9.94979,-2.4515078,-0.05993553,5.662032,-10.111328,1.3725207
767,-10.26137638092041,-383.3626403808594,107.0524673461914,0.2471283765215588,-5.53984350931469,-104.53849378331356,1.9048587,-0.72227067,14.4233265,2.8798525,-19.247805,-2.2562337,13.342275,-25.389893,58.61382,16.445173,5.087544,9.172058,-6.6669316,-14.99683,42.546825,61.499245,-4.7799263,4.852454,-14.615296,7.8938155,1.3487723,28.987923,5.701107,-9.564771,-3.8668575,9.919112,-2.4495363,0.010415073,5.6594367,-10.09301,1.3757776
768,-10.244128227233887,-383.3581237792969,107.05437469482422,0.2373707951230403,-5.524697244929374,-104.60057086749511,1.9474441,-0.70434403,14.424698,2.8764765,-19.258842,-2.278961,13.317095,-25.398996,58.55879,16.432682,5.0949926,9.197,-6.6410713,-15.001076,42.558563,61.44377,-4.728411,4.8534617,-14.600425,7.8786902,1.3499024,29.044954,5.703439,-9.569336,-3.860269,9.881212,-2.4533832,0.083227456,5.6594667,-10.075209,1.3840549
769,-10.22689151763916,-383.3624267578125,107.05684661865234,0.23140116273296324,-5.505269353456285,-104.65789466120681,1.9782145,-0.69390726,14.417434,2.8656154,-19.253952,-2.2865627,13.304249,-25.397211,58.508915,16.431688,5.092643,9.2232065,-6.617317,-15.001402,42.566006,61.387054,-4.730517,4.8491764,-14.596113,7.867043,1.3432744,29.098053,5.6996493,-9.576588,-3.853116,9.845462,-2.463128,0.14969876,5.658148,-10.061685,1.395006
770,-10.213736534118652,-383.3601379394531,107.05956268310547,0.22790473153071847,-5.483658622613936,-104.71413386498229,2.0048535,-0.6874453,14.40417,2.8492792,-19.240707,-2.2852306,13.293488,-25.39079,58.466732,16.434057,5.0870028,9.25505,-6.594045,-14.999894,42.573708,61.327724,-4.757917,4.8409095,-14.60152,7.84516,1.3387973,29.146729,5.700527,-9.579605,-3.8458905,9.805465,-2.472537,0.21596314,5.653952,-10.043021,1.4032694
771,-10.199767112731934,-383.35650634765625,107.06217193603516,0.2236396680613562,-5.462715617860495,-104.7680652950005,2.0238252,-0.6792884,14.384548,2.8333316,-19.211048,-2.2828252,13.269324,-25.361485,58.454628,16.462082,5.072887,9.285767,-6.5784473,-14.992348,42.593204,61.272755,-4.7898936,4.8377213,-14.610676,7.822037,1.3352314,29.19292,5.702455,-9.58202,-3.8378549,9.764738,-2.4811385,0.27995798,5.6514506,-10.024571,1.4117653
772,-10.188850402832031,-383.3534240722656,107.06298065185547,0.2162620895524377,-5.447400385303173,-104.81504792692581,2.041168,-0.6701882,14.376005,2.8190022,-19.186003,-2.2815006,13.255757,-25.342617,58.43937,16.484112,5.061919,9.304393,-6.565632,-14.984219,42.605118,61.204147,-4.8200183,4.8432302,-14.611804,7.810147,1.3361634,29.236414,5.6990647,-9.58307,-3.8338387,9.732644,-2.4830759,0.3347224,5.6501207,-10.009817,1.4175153
773,-10.178868293762207,-383.3511962890625,107.06443786621094,0.20655614504196487,-5.440651691791644,-104.85462004577185,2.057694,-0.659721,14.379446,2.806352,-19.156141,-2.2869067,13.245729,-25.32888,58.43447,16.512655,5.0478363,9.307946,-6.558772,-14.973775,42.613537,61.124683,-4.8431716,4.863254,-14.5993185,7.80204,1.3427081,29.273653,5.7044253,-9.5871,-3.8306901,9.71312,-2.4804053,0.3778963,5.647894,-9.997264,1.4220786
774,-10.170063018798828,-383.3465576171875,107.06535339355469,0.19423937732960234,-5.438110428946003,-104.8847108060752,2.0709221,-0.64492005,14.391249,2.7950027,-19.13371,-2.2937608,13.24351,-25.326616,58.42965,16.539553,5.0350533,9.302081,-6.5565677,-14.969035,42.616596,61.037663,-4.865471,4.8859887,-14.577269,7.803374,1.3514745,29.305082,5.7003665,-9.586371,-3.8296409,9.6993065,-2.4722261,0.40975788,5.6458645,-9.985742,1.4248502
775,-10.159703254699707,-383.3443603515625,107.0659408569336,0.18170001639613434,-5.438991943278104,-104.91759155223144,2.0874934,-0.6342371,14.403596,2.7779644,-19.093563,-2.3050249,13.2406225,-25.3221,58.447113,16.56884,5.0205355,9.292013,-6.5493264,-14.956364,42.618107,60.92793,-4.889491,4.9282737,-14.562154,7.8068194,1.3602138,29.33989,5.701505,-9.589624,-3.8280225,9.690533,-2.4652462,0.44311538,5.6441493,-9.976255,1.4288502
776,-10.149678230285645,-383.34039306640625,107.06661987304688,0.17453949663684362,-5.436841056430643,-104.94714956318528,2.097017,-0.6241965,14.41383,2.7678556,-19.062605,-2.312118,13.240402,-25.321293,58.46999,16.583296,5.010267,9.28157,-6.550111,-14.949713,42.617825,60.833164,-4.911567,4.944952,-14.555019,7.804394,1.3628641,29.369164,5.7024684,-9.591252,-3.8243325,9.677655,-2.4645717,0.47439802,5.6424794,-9.965837,1.4339002
777,-10.137471199035645,-383.3340759277344,107.06674194335938,0.17252640208058606,-5.429729971485863,-104.98098429393994,2.108485,-0.621523,14.414075,2.7578278,-19.01858,-2.3243628,13.242199,-25.32037,58.520752,16.580997,5.0003557,9.267816,-6.5492797,-14.927909,42.607773,60.742672,-4.9417415,4.9502993,-14.568105,7.795654,1.3574368,29.400742,5.701553,-9.59176,-3.8175783,9.65606,-2.4722884,0.5131109,5.642035,-9.953946,1.4415615
778,-10.128724098205566,-383.3307800292969,107.06793212890625,0.17458171412465553,-5.42110412489567,-105.01299565692997,2.114314,-0.6187312,14.415824,2.7541635,-18.987349,-2.3290043,13.244417,-25.320063,58.56826,16.56496,4.9997516,9.251806,-6.5526204,-14.917102,42.602806,60.645832,-4.9626613,4.942324,-14.591149,7.785551,1.3490584,29.429935,5.702525,-9.594119,-3.8119524,9.634162,-2.4834588,0.55041826,5.6432676,-9.94517,1.4485546
779,-10.113304138183594,-383.32696533203125,107.06963348388672,0.1775774900554515,-5.412534917409181,-105.0443806571419,2.1193051,-0.6229793,14.414535,2.7512736,-18.948324,-2.3369007,13.252737,-25.323647,58.63651,16.546618,4.996257,9.237796,-6.5580235,-14.889072,42.585865,60.55696,-4.995528,4.9354396,-14.6188,7.7742276,1.3350108,29.457785,5.702524,-9.59685,-3.8015857,9.611798,-2.5000327,0.5870501,5.6444345,-9.9356985,1.4599707
780,-10.103686332702637,-383.3222961425781,107.07121276855469,0.1790440367001215,-5.4089814801837575,-105.07149117149892,2.1171522,-0.6283591,14.41464,2.7480102,-18.912115,-2.3382332,13.269265,-25.34406,58.706203,16.52258,4.9968557,9.236157,-6.579312,-14.841886,42.558617,60.506397,-5.0446453,4.9181485,-14.637859,7.7682633,1.3271208,29.482456,5.703484,-9.598253,-3.795238,9.596717,-2.510033,0.61708546,5.6451545,-9.926986,1.4667768
781,-10.090232849121094,-383.3182373046875,107.07251739501953,0.175257400298175,-5.412563690599247,-105.09432652640305,2.1034784,-0.631014,14.422982,2.7463999,-18.88239,-2.336404,13.282981,-25.369694,58.78867,16.512465,4.993499,9.256053,-6.5968976,-14.80857,42.54648,60.418995,-5.080236,4.932175,-14.650846,7.7734303,1.3219974,29.505596,5.701074,-9.600171,-3.788449,9.591249,-2.5152116,0.6395727,5.6454444,-9.918998,1.4742312
782,-10.080893516540527,-383.3131103515625,107.07328033447266,0.17056723726204348,-5.421101868561326,-105.11446946667905,2.0862348,-0.63966066,14.431688,2.7426133,-18.851564,-2.3338299,13.309556,-25.428331,58.880703,16.483904,4.9940557,9.29374,-6.6279864,-14.7497225,42.52887,60.365147,-5.1239853,4.9428754,-14.662642,7.7809057,1.3223021,29.525957,5.703874,-9.602481,-3.7842252,9.592267,-2.5159216,0.6570886,5.646665,-9.912474,1.4783297
783,-10.066068649291992,-383.30328369140625,107.073486328125,0.16415127156363157,-5.430258748912191,-105.13069034417627,2.063314,-0.64492685,14.44251,2.7421446,-18.823984,-2.3314438,13.330987,-25.475464,58.986145,16.46611,4.9902096,9.329397,-6.6539474,-14.706019,42.51729,60.283,-5.159989,4.9635406,-14.672757,7.7881074,1.320634,29.542555,5.701025,-9.600357,-3.7763205,9.591405,-2.5170932,0.6715921,5.6468296,-9.902355,1.484882
784,-10.050393104553223,-383.30352783203125,107.0725326538086,0.158896858367329,-5.43499342577194,-105.14319747820815,2.0424895,-0.65133923,14.448867,2.7438788,-18.795822,-2.3348494,13.353051,-25.516426,59.10611,16.444786,4.9833827,9.3495655,-6.6783223,-14.664934,42.503296,60.19582,-5.194751,4.977534,-14.684508,7.7929783,1.316283,29.555466,5.701781,-9.604991,-3.7680888,9.591303,-2.5217376,0.6827461,5.6482406,-9.898855,1.4939564
785,-10.040342330932617,-383.2987365722656,107.07139587402344,0.1532714671922608,-5.432828759778655,-105.15045886155582,2.0245187,-0.6610449,14.446804,2.7500405,-18.764008,-2.341315,13.38516,-25.554281,59.23453,16.411074,4.9737935,9.343911,-6.7099924,-14.60978,42.480972,60.12935,-5.2399673,4.972641,-14.698727,7.7872734,1.3170309,29.561764,5.700663,-9.603261,-3.7622404,9.581035,-2.5215917,0.69344413,5.6491294,-9.892434,1.4989538
786,-10.030428886413574,-383.2948303222656,107.0718994140625,0.1481222697578814,-5.426851027366838,-105.15345636348214,2.0037851,-0.66730696,14.442821,2.7616754,-18.733906,-2.3527522,13.408193,-25.568804,59.383854,16.391241,4.954524,9.321249,-6.7342677,-14.573741,42.46437,60.030106,-5.279018,4.9741225,-14.713716,7.7748747,1.3180479,29.562542,5.702033,-9.601878,-3.7556489,9.566973,-2.5219715,0.70182914,5.6503153,-9.886609,1.5043384
787,-10.024365425109863,-383.29345703125,107.07286834716797,0.14386384914680325,-5.4209142027297075,-105.15360822810484,1.9813682,-0.67725855,14.43851,2.7749522,-18.704594,-2.3601477,13.438433,-25.581356,59.531086,16.366743,4.9415355,9.296077,-6.763094,-14.52961,42.44217,59.942482,-5.31904,4.965253,-14.72691,7.7667475,1.3192965,29.562143,5.7000933,-9.600336,-3.7520306,9.555161,-2.5211058,0.7068845,5.653378,-9.884772,1.5078112
788,-10.011955261230469,-383.2862548828125,107.07305908203125,0.14183764913194583,-5.418964147660896,-105.15338499158919,1.9567201,-0.6896921,14.438935,2.786318,-18.678387,-2.362874,13.466937,-25.591928,59.67534,16.342611,4.9400425,9.283912,-6.7901487,-14.489467,42.42097,59.85181,-5.344332,4.9509354,-14.73668,7.756686,1.3149022,29.559872,5.7008,-9.597908,-3.7427368,9.5447235,-2.5263999,0.710006,5.654653,-9.878336,1.515234
789,-9.999979019165039,-383.28021240234375,107.0722427368164,0.14617586284029413,-5.422424589082744,-105.15306107335718,1.9286861,-0.7003961,14.446824,2.7947228,-18.654512,-2.3674557,13.480063,-25.597616,59.8294,16.326935,4.953767,9.292902,-6.807557,-14.471613,42.407707,59.735172,-5.334196,4.933744,-14.7422285,7.7529626,1.3025476,29.558039,5.702006,-9.597245,-3.7324605,9.542624,-2.539314,0.7084686,5.6565514,-9.874697,1.5241823
790,-9.987072944641113,-383.28033447265625,107.07257080078125,0.1534493975163942,-5.428815758559673,-105.151118913872,1.902509,-0.7255019,14.456615,2.8012297,-18.630817,-2.3585527,13.522677,-25.624126,59.95375,16.286676,4.993464,9.309262,-6.838166,-14.41198,42.36476,59.67278,-5.338379,4.8849645,-14.742645,7.7595563,1.2832086,29.557283,5.698943,-9.600353,-3.7221968,9.548513,-2.5572174,0.70182705,5.6584105,-9.875556,1.5353181
791,-9.972797393798828,-383.27093505859375,107.07308197021484,0.16110875832467328,-5.436996245477892,-105.14842608518163,1.8743255,-0.7443926,14.468126,2.8049407,-18.610783,-2.3549912,13.547185,-25.638735,60.09897,16.25656,5.0252886,9.331811,-6.860805,-14.377245,42.339355,59.581978,-5.324845,4.849336,-14.743598,7.7592654,1.2651219,29.55327,5.6987844,-9.598251,-3.7092834,9.551273,-2.5750937,0.69546336,5.6589403,-9.870259,1.5461391
792,-9.96358871459961,-383.26922607421875,107.07464599609375,0.16632665086972534,-5.4451734086874115,-105.14540639314504,1.8513129,-0.76112443,14.47753,2.8003187,-18.596031,-2.3525894,13.573184,-25.656279,60.25061,16.219666,5.042274,9.351221,-6.882088,-14.340752,42.31166,59.49515,-5.3318396,4.8256598,-14.7462015,7.7639284,1.2523744,29.550283,5.7002215,-9.60041,-3.701245,9.56045,-2.5875273,0.6881499,5.658405,-9.870045,1.5538813
793,-9.946942329406738,-383.2639465332031,107.07403564453125,0.164496569466014,-5.454310226495999,-105.14150707114415,1.8319854,-0.77082556,14.485114,2.7846758,-18.587248,-2.353208,13.595766,-25.673714,60.41684,16.179308,5.0361977,9.367649,-6.899762,-14.30957,42.28817,59.40034,-5.3630896,4.8266897,-14.752361,7.7685485,1.2437905,29.546406,5.6996245,-9.600988,-3.6902587,9.565658,-2.5953503,0.6831887,5.659818,-9.867316,1.563938
794,-9.9312744140625,-383.25299072265625,107.07390594482422,0.16104882873257223,-5.4651001707521285,-105.13692991543948,1.8159161,-0.7783852,14.492186,2.7601254,-18.583208,-2.3536599,13.620497,-25.6953,60.58852,16.130995,5.018547,9.383684,-6.917204,-14.275863,42.263027,59.310833,-5.413486,4.8385034,-14.759983,7.7707705,1.2393372,29.540682,5.699441,-9.597323,-3.679485,9.571378,-2.5993617,0.67846274,5.6584835,-9.860627,1.5719408
795,-9.921180725097656,-383.25555419921875,107.07372283935547,0.156408904839517,-5.474296851036327,-105.13207629196359,1.804245,-0.79120344,14.496411,2.7339773,-18.583012,-2.3482125,13.6593275,-25.725983,60.746696,16.067354,5.00101,9.396448,-6.942323,-14.222506,42.230362,59.251465,-5.4768023,4.841535,-14.767119,7.78133,1.2371842,29.537437,5.6993723,-9.60152,-3.674485,9.582566,-2.6003704,0.67239034,5.659065,-9.862758,1.5779184
796,-9.910991668701172,-383.25384521484375,107.07281494140625,0.15680453083607648,-5.479692940147378,-105.12708760885486,1.7934537,-0.79934347,14.499636,2.7131088,-18.588089,-2.3502216,13.67837,-25.735508,60.91922,16.02113,4.976115,9.406949,-6.958532,-14.197631,42.216824,59.16266,-5.5085387,4.8476815,-14.772973,7.783783,1.2299048,29.531895,5.699425,-9.602831,-3.6673594,9.587784,-2.6072571,0.66727763,5.65889,-9.862218,1.5850168
797,-9.898754119873047,-383.25335693359375,107.07170104980469,0.16027437832059757,-5.4808217903745735,-105.12085938256037,1.7871665,-0.81051683,14.499314,2.6960485,-18.596197,-2.3518677,13.696431,-25.738214,61.08341,15.971792,4.95377,9.410463,-6.9741297,-14.176966,42.20626,59.079636,-5.5168657,4.83556,-14.7730465,7.7844977,1.2158953,29.52518,5.6946774,-9.603795,-3.6585693,9.588104,-2.6199555,0.662331,5.6593533,-9.862236,1.5949621
798,-9.892350196838379,-383.2504577636719,107.07167053222656,0.1672144574822426,-5.479962071979456,-105.11405003800763,1.785294,-0.8249297,14.497417,2.6800468,-18.61007,-2.3591163,13.714158,-25.739235,61.255074,15.915228,4.922151,9.408656,-6.9926805,-14.158442,42.19436,59.01172,-5.5169,4.8053493,-14.766605,7.778627,1.2029767,29.516142,5.6939163,-9.602997,-3.651818,9.585405,-2.6331067,0.65784675,5.660436,-9.862084,1.6020226
799,-9.881865501403809,-383.2465515136719,107.07147216796875,0.1755475099139582,-5.47595286195855,-105.10872087836886,1.786422,-0.83810216,14.494311,2.6670077,-18.627142,-2.3615322,13.729086,-25.737202,61.412098,15.86382,4.8989015,9.407301,-7.009562,-14.144514,42.185898,58.941605,-5.5151424,4.7792172,-14.76374,7.763816,1.1872114,29.50574,5.6982055,-9.603304,-3.6408777,9.57777,-2.6507251,0.65536934,5.660512,-9.85927,1.6119895
800,-9.866147994995117,-383.24627685546875,107.07202911376953,0.17831713331382795,-5.4671578456987735,-105.10642437811391,1.7884046,-0.84653634,14.490101,2.6611533,-18.653673,-2.3569844,13.746031,-25.735088,61.549686,15.82303,4.8885536,9.410847,-7.02973,-14.129347,42.178513,58.87751,-5.526985,4.7617316,-14.768883,7.7482586,1.1732595,29.498913,5.6984534,-9.60455,-3.6282036,9.563911,-2.6657748,0.65665126,5.661478,-9.856086,1.6240838
801,-9.851067543029785,-383.24713134765625,107.07331848144531,0.17575219596605193,-5.448910053296257,-105.10960198847096,1.7909242,-0.85176855,14.481802,2.6671314,-18.688835,-2.3371248,13.770264,-25.735565,61.649784,15.792105,4.904177,9.420607,-7.058938,-14.106432,42.172955,58.828327,-5.5624514,4.7547092,-14.788001,7.728054,1.1646276,29.497435,5.6918206,-9.602694,-3.61707,9.537393,-2.6746497,0.66511554,5.662644,-9.85006,1.6340406
802,-9.83326244354248,-383.2513732910156,107.07566833496094,0.17239094587314588,-5.425206151040477,-105.11702177887162,1.7990613,-0.8492805,14.471213,2.6748707,-18.728697,-2.3233328,13.778672,-25.735573,61.75548,15.779319,4.9285035,9.438791,-7.0822315,-14.098162,42.17311,58.763542,-5.6011205,4.763769,-14.817534,7.6940565,1.1579907,29.495996,5.697808,-9.605874,-3.6025558,9.503506,-2.6852984,0.67812186,5.6662383,-9.844597,1.6457462
803,-9.812102317810059,-383.2497253417969,107.07742309570312,0.1669613019852724,-5.401050642271428,-105.12478935951403,1.8055382,-0.84919316,14.460182,2.6867967,-18.772442,-2.3016067,13.797194,-25.73735,61.843185,15.762638,4.95414,9.456633,-7.1128464,-14.078691,42.17491,58.719494,-5.6464953,4.7732644,-14.848603,7.661209,1.1509333,29.495512,5.695812,-9.603569,-3.5865762,9.466124,-2.694669,0.6924393,5.666669,-9.833111,1.6582682
804,-9.79678726196289,-383.2528076171875,107.07880401611328,0.16220681541333667,-5.386623969275923,-105.12948847358409,1.8074274,-0.8498717,14.455169,2.699607,-18.812819,-2.2665844,13.819451,-25.739302,61.907986,15.7369375,4.975697,9.473996,-7.1505036,-14.05364,42.179325,58.700417,-5.6863155,4.7749004,-14.87058,7.6438694,1.1456969,29.49561,5.694738,-9.605509,-3.575945,9.445166,-2.701105,0.7002408,5.668295,-9.82897,1.6680647
805,-9.778675079345703,-383.2518310546875,107.07758331298828,0.15934840004459652,-5.387297620833277,-105.13062114097902,1.811088,-0.84796065,14.459214,2.6944983,-18.8447,-2.2427661,13.829365,-25.741503,61.99675,15.713699,4.968597,9.4940195,-7.1723523,-14.042662,42.17834,58.661068,-5.7166486,4.791445,-14.881472,7.6392255,1.1373479,29.493975,5.696699,-9.608828,-3.5637045,9.441105,-2.7101038,0.7008159,5.670236,-9.826469,1.6801322
806,-9.76505184173584,-383.2447814941406,107.07711791992188,0.1541135479370622,-5.39634008403051,-105.129394086202,1.8145666,-0.8423721,14.46807,2.6825457,-18.870703,-2.217065,13.834745,-25.744383,62.080746,15.690841,4.9524307,9.514979,-7.1892023,-14.036967,42.175655,58.623394,-5.7429123,4.8123794,-14.886335,7.645482,1.1346576,29.492838,5.693056,-9.606669,-3.5558977,9.446676,-2.7117343,0.69748205,5.6687617,-9.821575,1.6879972
807,-9.753157615661621,-383.2471008300781,107.07647705078125,0.15290076260086538,-5.4082440765947135,-105.12707154025763,1.8205328,-0.844073,14.479671,2.6697655,-18.901918,-2.188456,13.852881,-25.75817,62.152115,15.652542,4.932196,9.533015,-7.2096434,-14.018092,42.163918,58.606155,-5.7764907,4.828188,-14.887423,7.657772,1.1272317,29.491573,5.6945524,-9.612786,-3.5490363,9.460977,-2.7183044,0.690754,5.670349,-9.825242,1.6970392
808,-9.739615440368652,-383.2497863769531,107.0754623413086,0.15371929244386218,-5.412773328977931,-105.12315359706315,1.831289,-0.84527236,14.484844,2.6598206,-18.927942,-2.162458,13.8684635,-25.769878,62.213978,15.6162195,4.92018,9.541249,-7.228823,-14.002383,42.156166,58.598717,-5.8009663,4.834575,-14.89157,7.6660833,1.1146137,29.488388,5.6890097,-9.616668,-3.5408368,9.466764,-2.7288857,0.6854671,5.671362,-9.827575,1.7074404
809,-9.724549293518066,-383.2457580566406,107.07412719726562,0.16002709603260076,-5.41051849340565,-105.11834417938033,1.8487515,-0.8485649,14.485107,2.6544287,-18.951271,-2.1441643,13.87532,-25.774065,62.275837,15.581671,4.9130464,9.536744,-7.2450843,-13.99615,42.154922,58.59584,-5.81429,4.831776,-14.898832,7.655529,1.0973183,29.478867,5.689718,-9.616749,-3.5275085,9.459952,-2.7469351,0.68381375,5.6724653,-9.824886,1.718835
810,-9.715057373046875,-383.24700927734375,107.07406616210938,0.16935540619792822,-5.40348082970293,-105.11202159153345,1.8701048,-0.8562108,14.481481,2.6529932,-18.975706,-2.1266885,13.887935,-25.782616,62.325943,15.534438,4.908585,9.5224905,-7.265633,-13.985547,42.158157,58.6128,-5.8206897,4.8178473,-14.907712,7.6468196,1.0776167,29.46888,5.685608,-9.617587,-3.517793,9.45064,-2.766073,0.68240035,5.675231,-9.826407,1.72773
811,-9.700705528259277,-383.2432861328125,107.07405853271484,0.18183692330124893,-5.395807237396009,-105.1055231332408,1.8931369,-0.86396354,14.477996,2.652699,-18.996641,-2.1097662,13.894323,-25.786497,62.370804,15.498706,4.9067364,9.506092,-7.282565,-13.980702,42.16263,58.629543,-5.8219533,4.8031383,-14.917022,7.621896,1.0556033,29.45318,5.695471,-9.619116,-3.5013747,9.437305,-2.7916906,0.68135715,5.677597,-9.824064,1.739999
812,-9.68783950805664,-383.2456970214844,107.07327270507812,0.1867344922524763,-5.384650311316075,-105.09746534452015,1.9112734,-0.86643356,14.470019,2.6529295,-19.015337,-2.0889192,13.901209,-25.791151,62.40896,15.4779625,4.906017,9.4944,-7.2996626,-13.975849,42.170185,58.64737,-5.819911,4.793448,-14.926459,7.6124263,1.0377578,29.44213,5.685762,-9.6184435,-3.490839,9.423706,-2.8077943,0.6783444,5.679263,-9.823959,1.7505
813,-9.672919273376465,-383.2508544921875,107.07454681396484,0.19071170630353323,-5.371082759802606,-105.0903864724759,1.9249918,-0.8700369,14.4609375,2.6565115,-19.037615,-2.0589466,13.910075,-25.798351,62.431892,15.475945,4.910065,9.489737,-7.3199644,-13.969509,42.18541,58.671047,-5.8107076,4.786515,-14.938489,7.5876164,1.0241534,29.427216,5.694205,-9.623459,-3.4769883,9.408267,-2.8246098,0.6746295,5.68137,-9.824093,1.762985
814,-9.658958435058594,-383.260009765625,107.07575225830078,0.19050241156907574,-5.35310345323075,-105.08222221299583,1.9371929,-0.86919487,14.447842,2.6618788,-19.057068,-2.026665,13.913585,-25.803549,62.44754,15.493751,4.9181433,9.487559,-7.337958,-13.967049,42.196518,58.697098,-5.801041,4.780153,-14.950433,7.5653887,1.013827,29.41295,5.6953325,-9.62744,-3.4655414,9.389914,-2.8363037,0.6698404,5.6832213,-9.825129,1.7746003
815,-9.642573356628418,-383.2684326171875,107.07524871826172,0.18747763337189902,-5.3356570245502954,-105.07282266671199,1.9451783,-0.86478096,14.433457,2.667253,-19.073935,-1.9902389,13.9181185,-25.810131,62.45502,15.512878,4.926177,9.488215,-7.3576713,-13.963713,42.215237,58.726982,-5.786296,4.776658,-14.961551,7.55402,1.0019948,29.401194,5.683082,-9.628805,-3.4551346,9.371004,-2.845739,0.66394544,5.6859894,-9.826065,1.7871149
816,-9.630563735961914,-383.2667236328125,107.075439453125,0.19119261570512133,-5.332481097921112,-105.06537309219691,1.9558625,-0.86691916,14.430882,2.6687357,-19.084661,-1.9596484,13.921659,-25.814507,62.46647,15.527163,4.9278045,9.487935,-7.371822,-13.961058,42.22877,58.753113,-5.7763915,4.776883,-14.9695,7.537845,0.99174106,29.387178,5.6916995,-9.630639,-3.4431434,9.36594,-2.8587368,0.6557554,5.6866565,-9.82405,1.7971437
817,-9.612590789794922,-383.2711486816406,107.07278442382812,0.18873544802700848,-5.337529106504994,-105.05629993300401,1.9626695,-0.86427176,14.43043,2.6678271,-19.091034,-1.9271681,13.923426,-25.817703,62.471306,15.531751,4.9266934,9.489492,-7.386855,-13.959792,42.23846,58.7856,-5.773019,4.7797356,-14.969913,7.5508943,0.97820973,29.379644,5.6806793,-9.63474,-3.433006,9.373816,-2.8684745,0.6433782,5.6876626,-9.827477,1.8103354
818,-9.595782279968262,-383.27471923828125,107.07166290283203,0.19281562376924496,-5.358349520235971,-105.05018282877562,1.9693626,-0.8655053,14.44254,2.6648555,-19.091162,-1.8893659,13.925031,-25.8201,62.46539,15.532263,4.9248805,9.494479,-7.403619,-13.958686,42.24685,58.82507,-5.774204,4.7844167,-14.964312,7.5736966,0.95989597,29.375027,5.681264,-9.644159,-3.4217427,9.401766,-2.8848076,0.62744904,5.6876297,-9.833453,1.8243991
819,-9.58000659942627,-383.27386474609375,107.06976318359375,0.19549362782502228,-5.381217014686948,-105.04132169301919,1.9730688,-0.8665212,14.456311,2.661606,-19.088465,-1.8498591,13.927209,-25.82006,62.45178,15.527619,4.9227295,9.498118,-7.418893,-13.95725,42.256283,58.86569,-5.7722297,4.787562,-14.958548,7.597027,0.94453984,29.368088,5.680663,-9.650247,-3.4111264,9.430738,-2.897853,0.6089054,5.6867037,-9.837504,1.8367622
820,-9.559707641601562,-383.2761535644531,107.06665802001953,0.19828040159376678,-5.3974953671341375,-105.02785789623032,1.9784081,-0.86798215,14.46655,2.6559508,-19.089014,-1.8189892,13.928185,-25.818571,62.443382,15.519128,4.9171324,9.496111,-7.4251914,-13.95683,42.259323,58.901623,-5.763836,4.783942,-14.957625,7.61631,0.92466605,29.356892,5.675533,-9.656338,-3.3977206,9.453099,-2.9144294,0.5875945,5.6867433,-9.842379,1.8524086
821,-9.54310417175293,-383.27685546875,107.06744384765625,0.208260686132241,-5.41256629815087,-105.01074067947005,1.9871954,-0.8761908,14.479527,2.649463,-19.092297,-1.7966709,13.928298,-25.816917,62.441498,15.497518,4.9052324,9.487313,-7.4225607,-13.957199,42.259087,58.933792,-5.737897,4.7694807,-14.964618,7.616742,0.9039625,29.336658,5.690317,-9.6645155,-3.3815122,9.474562,-2.9370627,0.5618766,5.6869245,-9.846966,1.8670257
822,-9.529946327209473,-383.2787170410156,107.06731414794922,0.21428499411109145,-5.422296819422881,-104.98612542657129,1.9923118,-0.8809573,14.48905,2.6407251,-19.096352,-1.7757728,13.92802,-25.815079,62.434093,15.464833,4.892484,9.473958,-7.416158,-13.957837,42.257496,58.968586,-5.6999054,4.7454476,-14.975261,7.6213517,0.88718724,29.31251,5.6920986,-9.667733,-3.3696535,9.491888,-2.9524634,0.5305315,5.686543,-9.852121,1.8783796
823,-9.519389152526855,-383.2818603515625,107.06619262695312,0.21659674589786956,-5.4275519328418325,-104.95725427421661,1.9944638,-0.88194835,14.494037,2.6294756,-19.101755,-1.7509242,13.926818,-25.812021,62.416035,15.434111,4.8848786,9.460896,-7.4070845,-13.960055,42.255344,59.00684,-5.663957,4.717035,-14.986469,7.633308,0.8726943,29.288027,5.6785474,-9.666321,-3.3619983,9.505918,-2.9617698,0.4969358,5.68564,-9.857945,1.8871701
824,-9.509771347045898,-383.2872314453125,107.06553649902344,0.22268322827020698,-5.426080838854047,-104.9329691448976,1.999707,-0.88726306,14.493259,2.623491,-19.107647,-1.7298927,13.924425,-25.810156,62.397694,15.415844,4.883575,9.45353,-7.3996243,-13.963468,42.255257,59.043068,-5.6451235,4.698318,-14.994319,7.627802,0.8576025,29.2622,5.6793413,-9.669217,-3.3518555,9.5114765,-2.9761658,0.47064903,5.686102,-9.863731,1.8967083
825,-9.49802303314209,-383.2940673828125,107.06365966796875,0.22454674749551715,-5.405637220309295,-104.90835748799671,2.0027792,-0.88858217,14.473376,2.6226156,-19.11515,-1.7070963,13.920394,-25.81095,62.369816,15.415278,4.898298,9.455016,-7.3946533,-13.967816,42.26148,59.081596,-5.6502376,4.6885858,-15.000107,7.61279,0.8423601,29.235489,5.6625633,-9.665584,-3.3417401,9.493829,-2.987903,0.45293197,5.6860847,-9.865875,1.9067588
826,-9.484164237976074,-383.3050842285156,107.06793212890625,0.2369792704221634,-5.379672247827851,-104.88761185331097,2.0079038,-0.9011001,14.448534,2.627385,-19.123375,-1.6854501,13.912899,-25.81534,62.33985,15.422532,4.92242,9.464759,-7.3942804,-13.97441,42.281815,59.125015,-5.661738,4.6838946,-15.00773,7.5523534,0.82550657,29.196753,5.6972127,-9.676185,-3.3204582,9.470209,-3.0154963,0.4401688,5.6883287,-9.869631,1.921467
827,-9.471043586730957,-383.3153076171875,107.0658950805664,0.23662288949455715,-5.349667460164742,-104.86501821258402,2.0096307,-0.9024399,14.418336,2.632498,-19.131083,-1.6660388,13.906103,-25.819798,62.30957,15.432093,4.9444,9.474702,-7.394033,-13.979466,42.300743,59.168606,-5.676386,4.682284,-15.01097,7.529829,0.8110286,29.170473,5.678306,-9.673268,-3.30993,9.440388,-3.0266304,0.429236,5.690363,-9.871862,1.932324
828,-9.460836410522461,-383.3238220214844,107.068359375,0.24639282367463786,-5.341890604635827,-104.84842014002697,2.013549,-0.9115618,14.40913,2.6345932,-19.13799,-1.6486876,13.897724,-25.821547,62.28241,15.43689,4.9538794,9.483126,-7.395192,-13.985222,42.31917,59.21107,-5.677955,4.6816883,-15.007759,7.5020337,0.7962847,29.143835,5.7003584,-9.682598,-3.2959168,9.438763,-3.047219,0.4131905,5.6908836,-9.877195,1.94372
829,-9.444177627563477,-383.3285217285156,107.06687927246094,0.24856523634119526,-5.358955718056541,-104.83589378846746,2.0162785,-0.9121488,14.42144,2.6311572,-19.140747,-1.6325171,13.88657,-25.81619,62.25812,15.439463,4.9439335,9.487547,-7.3956566,-13.992654,42.330982,59.245064,-5.6681447,4.6866765,-14.991776,7.5244355,0.7790666,29.13434,5.6947684,-9.68893,-3.2863853,9.4638195,-3.060843,0.3924311,5.6905994,-9.883181,1.9570484
830,-9.425934791564941,-383.331298828125,107.06358337402344,0.2466985861287171,-5.3892174810344216,-104.8272746449322,2.0216658,-0.9126854,14.44451,2.624847,-19.143217,-1.6211855,13.882854,-25.811996,62.236763,15.43818,4.920822,9.488075,-7.3940387,-13.995124,42.331585,59.276047,-5.657958,4.6958303,-14.966808,7.5680676,0.7638282,29.133514,5.6833982,-9.696379,-3.2797449,9.503424,-3.0697098,0.37049595,5.690393,-9.890491,1.9702971
831,-9.407496452331543,-383.33197021484375,107.06144714355469,0.2495910577314587,-5.429756131093897,-104.8188108532187,2.0229638,-0.9121289,14.480325,2.6172533,-19.148966,-1.6013509,13.868566,-25.790634,62.203247,15.44827,4.9003515,9.488759,-7.3930187,-14.004668,42.328365,59.30362,-5.645409,4.7031107,-14.936714,7.6181417,0.7440555,29.133596,5.6775246,-9.705687,-3.2715096,9.5554,-3.0836499,0.34417224,5.6893053,-9.898238,1.9844749
832,-9.390826225280762,-383.33233642578125,107.05951690673828,0.25266748782737886,-5.450343930130431,-104.80640003176715,2.0236282,-0.9140336,14.499701,2.614232,-19.160786,-1.5911837,13.847529,-25.764442,62.180534,15.463865,4.88427,9.4879,-7.382522,-14.01876,42.324875,59.319664,-5.624337,4.708237,-14.914634,7.639452,0.7272918,29.123573,5.675801,-9.7111,-3.2609267,9.583427,-3.097712,0.3211163,5.687537,-9.902146,1.997364
833,-9.37949275970459,-383.340087890625,107.0606918334961,0.2594034138864927,-5.449938755431825,-104.78804938825496,2.0231159,-0.9233615,14.502384,2.6143026,-19.180824,-1.5821478,13.834343,-25.754017,62.146816,15.454551,4.885907,9.487755,-7.3705735,-14.0273905,42.326756,59.34684,-5.5808625,4.697217,-14.904001,7.6385903,0.7091529,29.103842,5.67506,-9.716468,-3.2502527,9.590482,-3.1146674,0.29803547,5.6882057,-9.908895,2.0083137
834,-9.363414764404297,-383.34539794921875,107.06055450439453,0.2683260146360718,-5.437605097161252,-104.76612602165133,2.0200093,-0.9346347,14.495763,2.6170435,-19.206291,-1.5771655,13.816289,-25.746164,62.114494,15.436718,4.8950715,9.48905,-7.3557334,-14.038953,42.335743,59.37422,-5.5169024,4.678859,-14.899815,7.619182,0.68636376,29.076548,5.674038,-9.717826,-3.2333844,9.581415,-3.1376436,0.27566025,5.687921,-9.910927,2.0224152
835,-9.34909439086914,-383.34722900390625,107.06183624267578,0.2767985688636349,-5.417728903504435,-104.74308990902468,2.0167782,-0.94163096,14.48102,2.6203902,-19.231806,-1.5856392,13.783957,-25.74262,62.105785,15.425189,4.9003015,9.494208,-7.337193,-14.059626,42.35634,59.392174,-5.4447813,4.664938,-14.902425,7.5888314,0.6660147,29.045958,5.672835,-9.715509,-3.2164056,9.561128,-3.1587698,0.2558311,5.687743,-9.909805,2.0347311
836,-9.33879280090332,-383.34869384765625,107.06278991699219,0.2819604437584035,-5.396100863651998,-104.72096406125819,2.0138078,-0.95264626,14.467535,2.6278195,-19.260805,-1.5789102,13.777067,-25.745005,62.05777,15.419573,4.916679,9.491552,-7.3244877,-14.06367,42.360718,59.423244,-5.4149666,4.648848,-14.905431,7.5563445,0.6530682,29.016182,5.672958,-9.7123165,-3.2032392,9.538005,-3.1732259,0.23890138,5.6887383,-9.909099,2.0436602
837,-9.331430435180664,-383.3559875488281,107.06346893310547,0.2845039860017994,-5.365755207468388,-104.69860474105103,2.0100358,-0.9516617,14.444178,2.6399107,-19.292324,-1.5715747,13.756194,-25.756002,62.007957,15.438093,4.940913,9.494142,-7.312633,-14.075302,42.37213,59.45296,-5.413472,4.6391187,-14.917681,7.517849,0.6445682,28.985323,5.672006,-9.71004,-3.1932714,9.507566,-3.1835594,0.22508082,5.689791,-9.910121,2.050949
838,-9.323105812072754,-383.3663330078125,107.06320190429688,0.28311451145842026,-5.327808297825342,-104.67538821828036,2.0079162,-0.94985247,14.4142685,2.6534462,-19.32348,-1.5713716,13.739935,-25.770615,61.965904,15.473975,4.962893,9.495049,-7.298539,-14.083583,42.380028,59.47925,-5.4354324,4.6340094,-14.937029,7.47115,0.64044666,28.95248,5.672946,-9.709382,-3.1835897,9.469375,-3.1903808,0.2137607,5.6907167,-9.911312,2.058278
839,-9.309191703796387,-383.3757019042969,107.0627670288086,0.28240387084905166,-5.293249830847075,-104.6550471767814,2.0167692,-0.93796057,14.38071,2.6526847,-19.347637,-1.604206,13.69529,-25.81258,61.979485,15.506223,4.9698567,9.505248,-7.273618,-14.105933,42.386467,59.492405,-5.456589,4.639759,-14.95687,7.4278483,0.63155013,28.922493,5.6726255,-9.709229,-3.170548,9.433048,-3.2015069,0.20454001,5.6919703,-9.911319,2.0695043
840,-9.298855781555176,-383.3843688964844,107.063232421875,0.28428109718653194,-5.2758525421440305,-104.64092637186084,2.0145602,-0.9426449,14.36949,2.663049,-19.372076,-1.5984396,13.687311,-25.82199,61.92538,15.533687,4.9813805,9.497858,-7.2679715,-14.109766,42.387432,59.518116,-5.4920583,4.646787,-14.957256,7.4073296,0.6209396,28.902723,5.672161,-9.712062,-3.161264,9.417733,-3.2128835,0.19455893,5.6928053,-9.91402,2.0792153
841,-9.282819747924805,-383.3910827636719,107.06270599365234,0.2898285183921526,-5.282619171274258,-104.6358431141821,2.0214381,-0.9438389,14.372419,2.6593087,-19.388828,-1.613334,13.655624,-25.851263,61.910553,15.538526,4.972284,9.495871,-7.2583146,-14.125215,42.38543,59.52937,-5.5251827,4.6764417,-14.937589,7.416201,0.6008608,28.896118,5.671484,-9.720313,-3.1499345,9.43024,-3.231779,0.1840717,5.692551,-9.918442,2.09402
842,-9.269927024841309,-383.3929748535156,107.06072998046875,0.30028120166231725,-5.306096756168679,-104.6374718778246,2.0239196,-0.9533853,14.392137,2.6588342,-19.401318,-1.6146113,13.635757,-25.865911,61.873367,15.538463,4.956127,9.484044,-7.260283,-14.135349,42.382862,59.5428,-5.571782,4.716736,-14.900322,7.4451,0.5764896,28.898983,5.668998,-9.728281,-3.1410387,9.460519,-3.2534823,0.17423102,5.6921787,-9.923167,2.1078784
843,-9.252591133117676,-383.39605712890625,107.05854034423828,0.3088458237700747,-5.333455241364531,-104.6410766872548,2.0259948,-0.96491665,14.4148245,2.6561182,-19.410954,-1.6162918,13.620235,-25.87671,61.838486,15.537993,4.9369497,9.472226,-7.2623534,-14.14342,42.380917,59.554573,-5.6047072,4.7550097,-14.862981,7.4790773,0.5510442,28.905087,5.666706,-9.738476,-3.1302772,9.495102,-3.2759373,0.16478541,5.691863,-9.928341,2.1241798
844,-9.234039306640625,-383.39837646484375,107.05742645263672,0.31529602550704927,-5.351184223247405,-104.64226180275173,2.025762,-0.9750578,14.431209,2.654436,-19.420662,-1.6139109,13.607511,-25.884113,61.7948,15.543176,4.92867,9.464484,-7.262122,-14.149996,42.380436,59.57053,-5.60289,4.773033,-14.840254,7.4998665,0.5282268,28.907429,5.6650906,-9.746567,-3.1179898,9.517358,-3.2966647,0.15630597,5.691232,-9.9308405,2.1399019
845,-9.21863842010498,-383.4031066894531,107.0571517944336,0.3179560971768379,-5.356786143520621,-104.63964627796454,2.0275104,-0.97627956,14.436578,2.6472442,-19.429304,-1.6242268,13.581889,-25.894587,61.772366,15.56048,4.92858,9.470091,-7.249521,-14.163346,42.383244,59.581417,-5.5330896,4.7651834,-14.838775,7.5067096,0.5126973,28.905687,5.6638136,-9.752255,-3.1076305,9.526665,-3.311212,0.14732124,5.690455,-9.932693,2.151695
846,-9.203152656555176,-383.40679931640625,107.05831909179688,0.31840764687472645,-5.3566884004988475,-104.63576783985822,2.0251126,-0.98088247,14.441158,2.643354,-19.441,-1.6214838,13.571533,-25.897694,61.722893,15.580315,4.942184,9.47649,-7.2386837,-14.168625,42.385353,59.602448,-5.425723,4.734369,-14.847597,7.505557,0.5004151,28.902409,5.663576,-9.756721,-3.0969713,9.527347,-3.3230028,0.13907984,5.6912766,-9.93348,2.1620138
847,-9.193914413452148,-383.4107971191406,107.06033325195312,0.3189401567249297,-5.352453831745152,-104.63157397619925,2.0228643,-0.97793424,14.437607,2.637615,-19.44658,-1.6311039,13.541051,-25.90136,61.702923,15.606333,4.951605,9.489762,-7.224252,-14.184686,42.3987,59.61559,-5.307833,4.7050033,-14.86538,7.5007057,0.49223843,28.898535,5.6623287,-9.758761,-3.089908,9.524628,-3.331003,0.13204706,5.690691,-9.933725,2.1683362
848,-9.18090534210205,-383.41278076171875,107.0616455078125,0.32310851256531614,-5.346460753723187,-104.62881247526185,2.02253,-0.976898,14.430217,2.6328952,-19.448744,-1.6464497,13.505285,-25.901508,61.698837,15.634642,4.9523015,9.498421,-7.209033,-14.203743,42.40933,59.618855,-5.2373834,4.6910024,-14.885055,7.4826837,0.4805616,28.890804,5.67301,-9.763485,-3.0773091,9.517648,-3.3460767,0.1287304,5.69057,-9.932236,2.1786814
849,-9.174010276794434,-383.4164733886719,107.05477905273438,0.31229975886132094,-5.32403427036091,-104.61887581787138,2.0172496,-0.9621861,14.4023,2.6332936,-19.448824,-1.6577088,13.472607,-25.899502,61.690865,15.659755,4.9525657,9.497529,-7.1962757,-14.221131,42.412636,59.620014,-5.245133,4.693598,-14.908481,7.4939766,0.47610006,28.888567,5.623986,-9.751536,-3.078315,9.493097,-3.339288,0.12869942,5.6896462,-9.930377,2.182554
850,-9.162481307983398,-383.4240417480469,107.05174255371094,0.31236513692537277,-5.300363138628558,-104.61062975374855,2.012733,-0.9644518,14.375888,2.6406717,-19.451672,-1.6539842,13.463635,-25.89922,61.652855,15.671868,4.959369,9.487276,-7.1921587,-14.225435,42.412983,59.63154,-5.302077,4.6982503,-14.938487,7.472188,0.46531922,28.875412,5.616071,-9.752387,-3.0679545,9.468128,-3.3499267,0.13041814,5.68974,-9.93004,2.19354
851,-9.152128219604492,-383.4336242675781,107.05889129638672,0.32897725263813676,-5.289761184776358,-104.6118148524367,2.0142825,-0.98083013,14.361044,2.647921,-19.450293,-1.6502057,13.448921,-25.896418,61.619408,15.686803,4.96499,9.4786825,-7.1884637,-14.231675,42.410786,59.638355,-5.370411,4.708633,-14.966042,7.4205084,0.44920835,28.85766,5.6675277,-9.770712,-3.0478504,9.460443,-3.3806224,0.13387185,5.689787,-9.932754,2.208495
852,-9.142219543457031,-383.4421081542969,107.0545425415039,0.32599544217869025,-5.27863047932345,-104.61561912653148,2.0095265,-0.97668254,14.342456,2.6503685,-19.441416,-1.6454813,13.434027,-25.893604,61.5873,15.701817,4.969545,9.472937,-7.187176,-14.23759,42.40625,59.6431,-5.4164295,4.719152,-14.979462,7.436636,0.43574098,28.866383,5.6350236,-9.769761,-3.0454426,9.450103,-3.3864288,0.14185564,5.688894,-9.933629,2.217856
853,-9.125262260437012,-383.44927978515625,107.05136108398438,0.33177929281546137,-5.29430427752282,-104.63743487956845,2.00956,-0.9815216,14.348273,2.6462264,-19.42147,-1.6390151,13.421721,-25.891134,61.554775,15.718689,4.973029,9.474068,-7.1894865,-14.242334,42.398262,59.643375,-5.4305496,4.732851,-14.97331,7.463221,0.41318116,28.890575,5.6318355,-9.782729,-3.0369463,9.46875,-3.4074514,0.15479797,5.6891823,-9.936958,2.234066
854,-9.109374046325684,-383.4534912109375,107.05045318603516,0.34302485517392595,-5.326501016220911,-104.67143331113043,2.0182207,-0.9845808,14.366274,2.628126,-19.38735,-1.6444738,13.38953,-25.88613,61.547897,15.749932,4.969247,9.481033,-7.1827974,-14.255427,42.36995,59.62672,-5.440491,4.755391,-14.951254,7.503076,0.38630405,28.927458,5.6374664,-9.80008,-3.0290685,9.504894,-3.434016,0.1722001,5.687381,-9.938709,2.2507935
855,-9.090871810913086,-383.4583740234375,107.04735565185547,0.3501575793793517,-5.357459598691724,-104.70612286189906,2.0218422,-0.98842126,14.385269,2.6160145,-19.357637,-1.6387612,13.374488,-25.886517,61.518692,15.7653885,4.9717126,9.486268,-7.1851673,-14.2618265,42.35341,59.618702,-5.4371686,4.77077,-14.929492,7.5508556,0.3596189,28.968302,5.6311297,-9.814862,-3.0221465,9.538567,-3.4573286,0.19117339,5.6871996,-9.941189,2.2678916
856,-9.071925163269043,-383.4612731933594,107.04814147949219,0.3591832729459196,-5.378707190532487,-104.73510833492138,2.0305357,-0.99010843,14.397822,2.602675,-19.33727,-1.6469064,13.350226,-25.888306,61.510147,15.782391,4.9700336,9.489574,-7.177745,-14.272228,42.328526,59.603382,-5.4413934,4.7783427,-14.917037,7.5717783,0.33547512,28.997168,5.6406527,-9.829658,-3.010264,9.560554,-3.48296,0.20859596,5.685631,-9.940452,2.2844322
857,-9.058127403259277,-383.4637756347656,107.05208587646484,0.36220740389003453,-5.383567980507457,-104.75289603931049,2.0321527,-0.99038804,14.400855,2.6019087,-19.33242,-1.6485227,13.337914,-25.889725,61.486095,15.782615,4.9742594,9.485528,-7.1765895,-14.277198,42.319782,59.601265,-5.4414816,4.765903,-14.922605,7.5690274,0.3244062,29.012285,5.653681,-9.839196,-2.999919,9.562601,-3.4977484,0.22311383,5.6858587,-9.938649,2.294324
858,-9.045711517333984,-383.4672546386719,107.05387878417969,0.35911578384500015,-5.375587756387608,-104.76372399278482,2.0315537,-0.9841657,14.393045,2.601775,-19.333704,-1.6564829,13.326919,-25.890318,61.47392,15.778098,4.974402,9.477758,-7.172752,-14.281182,42.31385,59.599026,-5.4404054,4.7438664,-14.937179,7.565864,0.31716454,29.023958,5.6467705,-9.84086,-2.9925556,9.550653,-3.5041285,0.23637536,5.6854863,-9.935644,2.3007536
859,-9.036243438720703,-383.46990966796875,107.05401611328125,0.35457331221502264,-5.364521174839644,-104.77346347018862,2.032439,-0.9742178,14.3820915,2.6029546,-19.338758,-1.6709259,13.307618,-25.891615,61.473476,15.778226,4.973815,9.4726305,-7.166532,-14.28753,42.30806,59.593807,-5.438388,4.7214475,-14.952753,7.555678,0.31546313,29.033323,5.6448855,-9.842473,-2.986795,9.533862,-3.5068953,0.25078195,5.6867824,-9.932868,2.3047135
860,-9.031011581420898,-383.47271728515625,107.05477905273438,0.3544101699909393,-5.357465252610809,-104.78762767636574,2.0334928,-0.97171474,14.374559,2.6063828,-19.344065,-1.679202,13.296631,-25.893118,61.46502,15.783503,4.9741435,9.469969,-7.16443,-14.290847,42.307343,59.58596,-5.4343867,4.707471,-14.960398,7.542621,0.3137586,29.044462,5.6545267,-9.8477545,-2.982019,9.522617,-3.5124674,0.26771238,5.6875253,-9.930817,2.3079221
861,-9.021851539611816,-383.4729919433594,107.05303192138672,0.35091521017248034,-5.349391430974873,-104.80356080360276,2.0362108,-0.96446395,14.361152,2.610286,-19.34768,-1.6947783,13.276783,-25.8982,61.47347,15.807447,4.9735947,9.477511,-7.161509,-14.296862,42.311382,59.570477,-5.4296036,4.7084093,-14.957682,7.5382047,0.3100397,29.059898,5.6490726,-9.849033,-2.9775531,9.508108,-3.5163448,0.2886565,5.68673,-9.925466,2.3136785
862,-9.015827178955078,-383.4769287109375,107.05231475830078,0.34802437237449696,-5.343702289391094,-104.81514224580535,2.0320554,-0.96325535,14.35134,2.61464,-19.351227,-1.6978103,13.273748,-25.90023,61.460854,15.836557,4.9756527,9.483413,-7.162794,-14.297717,42.31322,59.55821,-5.43309,4.710178,-14.946859,7.5365148,0.30780512,29.071321,5.6471057,-9.853419,-2.9751968,9.499798,-3.5189872,0.30413508,5.6872225,-9.924685,2.3186302
863,-9.007253646850586,-383.4820861816406,107.05223083496094,0.3474768828261602,-5.336986846507378,-104.84023332719254,2.0384972,-0.96254456,14.340094,2.6251206,-19.361399,-1.7009603,13.266701,-25.904335,61.446625,15.866835,4.983884,9.492844,-7.164302,-14.299844,42.319057,59.5347,-5.4287705,4.7221236,-14.9326935,7.5331707,0.30143258,29.094728,5.6477227,-9.860468,-2.9712598,9.488591,-3.5272024,0.33314824,5.686619,-9.921692,2.3262615
864,-8.994796752929688,-383.4871520996094,107.0505142211914,0.3474985444357118,-5.3366543454086575,-104.86676137789298,2.0400362,-0.9616118,14.334618,2.6297371,-19.366808,-1.70479,13.260872,-25.907255,61.43876,15.879076,4.9836206,9.497807,-7.166909,-14.301633,42.323647,59.51294,-5.4122124,4.730781,-14.921835,7.5418415,0.2899179,29.121773,5.6433144,-9.868812,-2.9658854,9.483295,-3.5384247,0.36031416,5.6881704,-9.920131,2.3365242
865,-8.982380867004395,-383.4935302734375,107.04952239990234,0.35349510001756745,-5.35294889397993,-104.90620018364268,2.0442271,-0.9647059,14.345603,2.6254132,-19.3674,-1.7101827,13.251129,-25.908064,61.43866,15.868663,4.9733095,9.497236,-7.1713223,-14.304716,42.3251,59.48665,-5.3747272,4.739198,-14.910326,7.5633636,0.27292812,29.161522,5.6518617,-9.885159,-2.9595265,9.498419,-3.557415,0.39116165,5.688551,-9.920617,2.348471
866,-8.962690353393555,-383.4937744140625,107.04560089111328,0.3577716550946873,-5.375616764917131,-104.95056062011281,2.0462117,-0.964819,14.362454,2.6141787,-19.363716,-1.7135434,13.240881,-25.9036,61.43897,15.84689,4.957238,9.491011,-7.1761985,-14.30823,42.31613,59.458042,-5.330804,4.7469525,-14.894535,7.603383,0.2488314,29.210474,5.640485,-9.895237,-2.9512112,9.516044,-3.5780296,0.42494264,5.687926,-9.916473,2.36399
867,-8.942985534667969,-383.49395751953125,107.04603576660156,0.3651444844972338,-5.3993564651175285,-104.99610865663166,2.0502784,-0.97012424,14.382377,2.6021676,-19.362658,-1.71683,13.235446,-25.897745,61.43755,15.824277,4.941679,9.483217,-7.17863,-14.310063,42.303524,59.426968,-5.2925434,4.7536597,-14.88313,7.6281624,0.22651224,29.255392,5.6511273,-9.911255,-2.9394922,9.534398,-3.602563,0.45907304,5.687635,-9.912178,2.3800879
868,-8.926279067993164,-383.4915466308594,107.04756927490234,0.3680380818414022,-5.406940690677188,-105.03167933816505,2.0517895,-0.9708806,14.388129,2.5971136,-19.367628,-1.7202244,13.232706,-25.89379,61.43123,15.8106785,4.935559,9.478806,-7.179067,-14.3108835,42.29463,59.401154,-5.2722473,4.755596,-14.883284,7.6366496,0.2112006,29.28939,5.6533885,-9.918662,-2.9294114,9.532378,-3.6192005,0.49135235,5.6884894,-9.90533,2.3923166
869,-8.9146146774292,-383.48956298828125,107.04960632324219,0.3656786715890497,-5.393985330132265,-105.05391323722735,2.0523188,-0.96616006,14.376653,2.59844,-19.380993,-1.7273154,13.231117,-25.891611,61.42395,15.812798,4.940171,9.478333,-7.1750226,-14.311199,42.2898,59.379898,-5.278297,4.7505336,-14.902861,7.6190996,0.20696492,29.307518,5.6551933,-9.919544,-2.9211428,9.507616,-3.6262197,0.51972526,5.688543,-9.895833,2.399383
870,-8.907788276672363,-383.4953918457031,107.05120849609375,0.3596080340897755,-5.361931811238676,-105.07042745554565,2.056476,-0.9561945,14.348763,2.6044648,-19.406307,-1.7412192,13.227698,-25.888973,61.420876,15.827052,4.951437,9.479057,-7.1628222,-14.311477,42.28205,59.355885,-5.3036704,4.7427373,-14.937932,7.585599,0.20955998,29.318907,5.6540804,-9.919663,-2.9165573,9.46382,-3.6270556,0.54942137,5.6913624,-9.889747,2.4030683
871,-8.902961730957031,-383.49908447265625,107.0525894165039,0.3525938187235543,-5.33011149070135,-105.08336994761106,2.0595276,-0.9467072,14.32059,2.6113153,-19.431215,-1.7571989,13.223688,-25.889114,61.423027,15.843765,4.963255,9.484205,-7.150443,-14.311044,42.276016,59.334248,-5.334049,4.7352962,-14.9726925,7.546879,0.21631658,29.32557,5.658139,-9.918966,-2.9122403,9.421166,-3.6249452,0.57601386,5.692092,-9.882316,2.4047642
872,-8.898056030273438,-383.49835205078125,107.05305480957031,0.345850776210496,-5.309881229875735,-105.09833821493585,2.0591512,-0.93919045,14.302307,2.6172895,-19.447227,-1.7672045,13.221685,-25.89042,61.423405,15.855008,4.972443,9.494641,-7.1424785,-14.310078,42.275024,59.31264,-5.353998,4.7342315,-14.993505,7.521578,0.2223506,29.33634,5.6600943,-9.9175005,-2.9088528,9.3903055,-3.6221523,0.6014064,5.6920857,-9.874181,2.4060853
873,-8.894840240478516,-383.49981689453125,107.05330657958984,0.3387332135052614,-5.299911226703709,-105.11404307010022,2.0564566,-0.9334381,14.291482,2.6227732,-19.460001,-1.7731079,13.220972,-25.891777,61.425896,15.862949,4.9774055,9.514978,-7.137693,-14.3092,42.275192,59.28972,-5.364751,4.743015,-14.99306,7.512855,0.22855167,29.350752,5.6599345,-9.919198,-2.9087238,9.373478,-3.6175146,0.62415683,5.693245,-9.870869,2.406563
874,-8.889604568481445,-383.50177001953125,107.05221557617188,0.32894581238064174,-5.2906456750074105,-105.132407627653,2.0546694,-0.92712414,14.281189,2.6341825,-19.47834,-1.7772965,13.220666,-25.893988,61.43268,15.8690405,4.979775,9.545622,-7.131791,-14.308283,42.275745,59.25606,-5.3742814,4.765678,-14.9802265,7.512101,0.23433879,29.36987,5.6515083,-9.920327,-2.909608,9.357815,-3.6109598,0.65026027,5.692439,-9.8665905,2.407728
875,-8.884099006652832,-383.5056457519531,107.05311584472656,0.3263759811523582,-5.292398765116657,-105.15560075759296,2.0551214,-0.92744946,14.280294,2.6452918,-19.494576,-1.7829394,13.220683,-25.899345,61.444904,15.873854,4.979629,9.573981,-7.1249943,-14.305904,42.276344,59.221165,-5.3807235,4.7906346,-14.965825,7.5152807,0.23391142,29.392376,5.6568747,-9.928389,-2.908347,9.356603,-3.613543,0.6753517,5.69255,-9.865899,2.4113
876,-8.869152069091797,-383.5113525390625,107.05113220214844,0.3215581002700734,-5.298594634124351,-105.18168707906419,2.0538123,-0.924956,14.282335,2.645988,-19.49955,-1.7902706,13.221485,-25.902124,61.45899,15.883464,4.978443,9.585274,-7.120734,-14.303814,42.27613,59.19463,-5.382166,4.805321,-14.95863,7.5342197,0.2256842,29.421755,5.6494923,-9.937231,-2.9039207,9.359787,-3.6199646,0.70044696,5.693059,-9.865382,2.4210348
877,-8.855071067810059,-383.51708984375,107.04985809326172,0.3292687768903827,-5.320962718791465,-105.2216525218201,2.0583827,-0.9318848,14.299109,2.6335878,-19.495289,-1.8034915,13.223407,-25.902822,61.48192,15.903436,4.973561,9.571542,-7.1177506,-14.30127,42.27366,59.172188,-5.377784,4.8122153,-14.963672,7.5633235,0.20500505,29.463617,5.6561413,-9.953535,-2.897281,9.382089,-3.641511,0.7292151,5.6930327,-9.866061,2.433869
878,-8.836589813232422,-383.5159912109375,107.0470962524414,0.3378157619106555,-5.350570918399935,-105.26826535226404,2.0622213,-0.9381371,14.321885,2.6141458,-19.483824,-1.8171216,13.226989,-25.9,61.505543,15.93112,4.9681816,9.540698,-7.115917,-14.29792,42.268864,59.150547,-5.3691707,4.81488,-14.973533,7.6080174,0.17757268,29.515182,5.6498833,-9.965895,-2.8898318,9.407019,-3.6660638,0.7618595,5.6930356,-9.862161,2.449179
879,-8.820893287658691,-383.5085754394531,107.04562377929688,0.3478630326504945,-5.3807579959357765,-105.31430871093718,2.0670042,-0.9467176,14.345286,2.5920093,-19.470257,-1.8311561,13.234472,-25.891537,61.529003,15.960109,4.9598255,9.503899,-7.1127667,-14.292021,42.2576,59.134068,-5.3669267,4.8122687,-14.984612,7.647517,0.1519956,29.564968,5.645518,-9.973655,-2.882488,9.429205,-3.6896145,0.7947921,5.693647,-9.855542,2.4622161
880,-8.808849334716797,-383.50408935546875,107.04660034179688,0.3557319875417134,-5.399152675792059,-105.3467466726596,2.0643752,-0.9500031,14.355823,2.5853105,-19.462511,-1.8387973,13.236887,-25.888828,61.54666,15.970518,4.9545145,9.484091,-7.1095695,-14.290276,42.254265,59.125317,-5.3638725,4.806116,-14.994017,7.6651974,0.13460702,29.59756,5.651213,-9.981416,-2.874779,9.441553,-3.7081914,0.8192207,5.6933136,-9.8498535,2.472578
881,-8.799936294555664,-383.5015869140625,107.04671478271484,0.35472552732752877,-5.399134062875132,-105.36252512954276,2.058659,-0.94355154,14.3474455,2.58926,-19.45665,-1.8489231,13.239681,-25.886177,61.568188,15.960385,4.9439545,9.480055,-7.1008253,-14.288199,42.25038,59.12312,-5.364248,4.791969,-15.002783,7.6659374,0.1292203,29.614176,5.6487007,-9.98226,-2.8693237,9.435544,-3.7137806,0.8364372,5.6924486,-9.844246,2.4787335
882,-8.796177864074707,-383.49859619140625,107.04766845703125,0.3519581323894096,-5.388642422209532,-105.36819909774736,2.0514174,-0.9368429,14.326478,2.606161,-19.450136,-1.8611743,13.245988,-25.884905,61.595913,15.934099,4.927375,9.484246,-7.0878863,-14.283027,42.242016,59.131615,-5.3716726,4.7680793,-15.011377,7.646478,0.13269845,29.61761,5.655112,-9.9815035,-2.864686,9.417369,-3.7136252,0.84911674,5.694411,-9.840022,2.4809585
883,-8.791971206665039,-383.4992370605469,107.04706573486328,0.3438174561696194,-5.373576098214984,-105.36749615629567,2.03937,-0.9231911,14.302277,2.6189785,-19.449547,-1.8680764,13.249124,-25.885578,61.611282,15.907039,4.919147,9.493085,-7.0772104,-14.280362,42.23815,59.14047,-5.379987,4.7495804,-15.018576,7.632608,0.13891825,29.618008,5.649473,-9.978789,-2.862371,9.396492,-3.7073693,0.85765857,5.695413,-9.83677,2.4824636
884,-8.790902137756348,-383.49749755859375,107.04710388183594,0.33904312667688635,-5.359919601299938,-105.37435916228023,2.0352845,-0.92116827,14.280357,2.632446,-19.451077,-1.8801826,13.267326,-25.901535,61.63031,15.880355,4.910969,9.4952965,-7.0644426,-14.263866,42.222416,59.15552,-5.406592,4.7370586,-15.023033,7.6151953,0.14481358,29.62313,5.649762,-9.976038,-2.8608737,9.375981,-3.7033966,0.87289965,5.6953025,-9.831559,2.4823306
885,-8.789568901062012,-383.5003967285156,107.04728698730469,0.3328996482581474,-5.347231521971264,-105.38568027943292,2.030143,-0.9190467,14.263401,2.6303585,-19.461027,-1.8874685,13.28439,-25.919659,61.63419,15.874748,4.9181423,9.491516,-7.0568175,-14.249365,42.2193,59.164528,-5.440498,4.7454395,-15.027498,7.6057014,0.1501068,29.633936,5.646175,-9.975834,-2.8614995,9.358524,-3.6986446,0.89182866,5.694932,-9.828312,2.4823678
886,-8.785774230957031,-383.50482177734375,107.04971313476562,0.32896237851758087,-5.3348207220717745,-105.39968112446832,2.0251184,-0.91828495,14.250045,2.6239808,-19.476427,-1.8997052,13.293127,-25.92813,61.648853,15.895171,4.9242496,9.484914,-7.044411,-14.2427845,42.2236,59.15248,-5.4803524,4.77549,-15.030978,7.586529,0.15473601,29.643433,5.6573462,-9.9813175,-2.8589835,9.340997,-3.6985767,0.9133676,5.695524,-9.825779,2.4846146
887,-8.779446601867676,-383.5113830566406,107.05052947998047,0.32358961288441257,-5.326789696215519,-105.41547031748046,2.0182097,-0.9156325,14.241321,2.6164815,-19.489632,-1.9094764,13.299153,-25.934519,61.65929,15.917514,4.9330726,9.479148,-7.0349383,-14.238754,42.22817,59.14264,-5.51454,4.8050385,-15.029397,7.581857,0.15590139,29.658224,5.658079,-9.986828,-2.8573465,9.330247,-3.6986706,0.9342719,5.695161,-9.824528,2.4882874
888,-8.765692710876465,-383.5152282714844,107.04922485351562,0.3212067944455544,-5.329176957914864,-105.43811197861649,2.0142996,-0.92121977,14.240492,2.608392,-19.499504,-1.9157401,13.321372,-25.956644,61.661156,15.910863,4.9414754,9.47733,-7.0309386,-14.225126,42.237724,59.14339,-5.5220137,4.824757,-15.0249605,7.5919766,0.14687072,29.681969,5.654028,-9.994043,-2.8519104,9.328354,-3.7068937,0.9574647,5.695596,-9.82234,2.4971178
889,-8.745759963989258,-383.5128479003906,107.04750061035156,0.33019483872750666,-5.354391968118232,-105.4709087197554,2.0093217,-0.929125,14.260986,2.6032414,-19.497381,-1.9173602,13.329995,-25.9576,61.666607,15.911914,4.94465,9.482078,-7.0308967,-14.220078,42.23524,59.14302,-5.503147,4.8326254,-15.00102,7.619671,0.12151266,29.715601,5.6568384,-10.004926,-2.840385,9.348973,-3.7319736,0.9802517,5.696863,-9.819549,2.5117776
890,-8.725422859191895,-383.50433349609375,107.0459213256836,0.342756586480421,-5.393684667015452,-105.51249160741821,2.0055943,-0.940749,14.295423,2.597283,-19.488865,-1.9148073,13.339097,-25.952164,61.66709,15.910288,4.9462495,9.48854,-7.03485,-14.21507,42.225903,59.14507,-5.466989,4.833916,-14.964896,7.665516,0.09022682,29.760382,5.6552277,-10.01487,-2.829446,9.381347,-3.7608407,1.0063562,5.6986065,-9.814594,2.5265005
891,-8.712383270263672,-383.5011291503906,107.04517364501953,0.3567479184652153,-5.435449432343268,-105.55265745847724,1.9994321,-0.95746356,14.336896,2.5967674,-19.484228,-1.8913156,13.364095,-25.92623,61.627872,15.916736,4.956838,9.489122,-7.038981,-14.201445,42.193417,59.15083,-5.45319,4.8265038,-14.923099,7.7202787,0.060383793,29.80665,5.6519656,-10.027181,-2.8239253,9.422585,-3.787135,1.0283273,5.699533,-9.8146,2.5376372
892,-8.701004028320312,-383.48931884765625,107.04319763183594,0.3638917940992275,-5.4637098572380465,-105.57875641770677,1.9904528,-0.9672305,14.361543,2.5988722,-19.480001,-1.8815379,13.380881,-25.91087,61.615257,15.915561,4.9597244,9.49863,-7.03676,-14.192055,42.175587,59.15492,-5.440781,4.8183756,-14.899487,7.752394,0.042857707,29.836693,5.64728,-10.028884,-2.8178346,9.443639,-3.8024042,1.0449593,5.700551,-9.808748,2.5453603
893,-8.691819190979004,-383.4842224121094,107.0423355102539,0.3640366581609854,-5.477184667232893,-105.58525210281823,1.9778547,-0.96744746,14.368933,2.6053927,-19.48074,-1.8806968,13.387887,-25.906532,61.616177,15.903624,4.962461,9.5217285,-7.0274534,-14.1880045,42.16992,59.160835,-5.4455776,4.803624,-14.900834,7.762737,0.037577946,29.846478,5.650733,-10.031907,-2.8115356,9.453594,-3.8079588,1.0484891,5.702038,-9.80713,2.5514398
894,-8.687989234924316,-383.47796630859375,107.04071807861328,0.3582117834548802,-5.481570141159698,-105.57862236653195,1.9619775,-0.9625721,14.366971,2.619145,-19.484919,-1.880351,13.39426,-25.903868,61.616665,15.884928,4.9649234,9.551588,-7.0116053,-14.184092,42.16355,59.166763,-5.4676085,4.781812,-14.91629,7.7638116,0.043225,29.844711,5.6495337,-10.028607,-2.80854,9.455469,-3.8020132,1.0437617,5.7015977,-9.804712,2.5527725
895,-8.686639785766602,-383.4714050292969,107.0399169921875,0.35112631268717204,-5.480553951490452,-105.56973961622924,1.9467074,-0.9564068,14.359538,2.6295304,-19.487469,-1.883844,13.397515,-25.903769,61.623425,15.869054,4.9659715,9.57957,-6.9963,-14.18211,42.16114,59.174046,-5.484495,4.762036,-14.932981,7.758328,0.052417558,29.839613,5.64893,-10.0241375,-2.806747,9.450451,-3.792943,1.0394568,5.7019687,-9.801829,2.5524082
896,-8.685439109802246,-383.466796875,107.04083251953125,0.34716016928857407,-5.480391127013718,-105.56849223924388,1.9345349,-0.9547212,14.354771,2.6349783,-19.489544,-1.8870975,13.3999405,-25.90438,61.62866,15.865074,4.9668508,9.5931,-6.9856043,-14.1807575,42.160126,59.179104,-5.4833956,4.75323,-14.937085,7.754089,0.057464365,29.839882,5.6494055,-10.02113,-2.8048344,9.446558,-3.7885153,1.0414313,5.7020926,-9.798897,2.5531309
897,-8.682354927062988,-383.4651794433594,107.04256439208984,0.3474768347638951,-5.473340726281866,-105.57640935323128,1.9237725,-0.96269184,14.344776,2.643768,-19.493105,-1.8932997,13.404492,-25.907583,61.640957,15.875128,4.9628744,9.587915,-6.971634,-14.178722,42.159275,59.180893,-5.45171,4.750726,-14.923652,7.738744,0.057408962,29.842663,5.65791,-10.022983,-2.8006337,9.433785,-3.7921555,1.053818,5.7031217,-9.795157,2.557326
898,-8.676118850708008,-383.4701843261719,107.04292297363281,0.3476088622932628,-5.462992730826738,-105.58613432562326,1.910054,-0.9700185,14.336492,2.6461089,-19.496529,-1.8972971,13.408708,-25.911575,61.64524,15.895265,4.959755,9.569675,-6.9644833,-14.177387,42.159782,59.182117,-5.4025145,4.75719,-14.898454,7.7293167,0.051995367,29.84757,5.658051,-10.026867,-2.7961814,9.420566,-3.798934,1.0678606,5.702556,-9.792504,2.5650182
899,-8.661026954650879,-383.4683532714844,107.04167175292969,0.34738184880971407,-5.446774272681176,-105.60535808915007,1.910788,-0.9834272,14.316874,2.6465836,-19.49604,-1.9066591,13.422916,-25.9237,61.657383,15.915517,4.954909,9.540237,-6.953684,-14.174674,42.166862,59.18078,-5.343813,4.7698627,-14.873276,7.7101603,0.041703526,29.858826,5.655129,-10.026978,-2.7858212,9.390938,-3.8110063,1.0956815,5.7042675,-9.783105,2.5771134
900,-8.64207935333252,-383.471435546875,107.04019165039062,0.3502207382199048,-5.444360861428204,-105.62148330269096,1.9025522,-0.9976927,14.313541,2.6521285,-19.489143,-1.9048007,13.437376,-25.936636,61.65024,15.917217,4.9583035,9.521911,-6.9494495,-14.172918,42.175835,59.185417,-5.3204803,4.780444,-14.861857,7.7084074,0.023895849,29.871073,5.653604,-10.033096,-2.773733,9.383111,-3.8290238,1.1126636,5.7051,-9.779711,2.5915847
901,-8.62558650970459,-383.4723815917969,107.041259765625,0.35734674142392847,-5.4577015150806,-105.6401341314426,1.893854,-1.019508,14.32385,2.6622312,-19.472883,-1.9003084,13.456942,-25.94341,61.644394,15.914243,4.9600773,9.509444,-6.9455953,-14.170328,42.180515,59.18931,-5.354655,4.794496,-14.865841,7.7214694,0.003403783,29.888968,5.6566434,-10.041078,-2.763541,9.393809,-3.8496113,1.1246939,5.7061586,-9.778736,2.602795
902,-8.614198684692383,-383.46673583984375,107.04153442382812,0.36583072668503813,-5.47705342419562,-105.65960380498392,1.8825912,-1.0369024,14.3395405,2.6733136,-19.453335,-1.8943787,13.461789,-25.944063,61.637474,15.912851,4.9688344,9.502353,-6.9441285,-14.169677,42.181282,59.196117,-5.4264355,4.8123007,-14.880171,7.7451644,-0.016394455,29.91056,5.6528225,-10.044485,-2.7579002,9.408394,-3.8671026,1.1353844,5.707591,-9.776009,2.6085393
903,-8.60440444946289,-383.4571533203125,107.04190826416016,0.37332345794380684,-5.501044060381757,-105.67811853059408,1.8719349,-1.0565773,14.357776,2.6892483,-19.42417,-1.8864604,13.474326,-25.940943,61.63253,15.907853,4.972809,9.497301,-6.9404016,-14.16735,42.1779,59.203674,-5.5056067,4.8278985,-14.896212,7.7705827,-0.03270487,29.932302,5.6502576,-10.04533,-2.7530186,9.427428,-3.8814332,1.1444522,5.707758,-9.771655,2.612117
904,-8.59916877746582,-383.4452819824219,107.04186248779297,0.3753780374016074,-5.51818433377463,-105.6873285093677,1.8583337,-1.0667259,14.370026,2.7107456,-19.395763,-1.8753678,13.482799,-25.93679,61.617523,15.897904,4.980544,9.495795,-6.9341407,-14.1656065,42.172573,59.21503,-5.5578732,4.833623,-14.909576,7.7850876,-0.037808012,29.944302,5.6492434,-10.042452,-2.7501013,9.438293,-3.8854215,1.1493655,5.7088313,-9.766799,2.6121075
905,-8.596733093261719,-383.4378356933594,107.04071807861328,0.36606481035656097,-5.526529841383302,-105.68086760837878,1.8420095,-1.0634882,14.371728,2.729793,-19.374504,-1.8702214,13.486699,-25.933264,61.61163,15.877199,4.982365,9.502115,-6.9247565,-14.164849,42.16714,59.23727,-5.56482,4.8209486,-14.921695,7.786675,-0.025315426,29.941465,5.6530366,-10.03927,-2.749069,9.444102,-3.8735666,1.1446869,5.708699,-9.764175,2.6090841
906,-8.593445777893066,-383.4312744140625,107.03987884521484,0.34834683017544743,-5.529110981470046,-105.66190260964764,1.8215127,-1.0512308,14.366505,2.7589316,-19.345352,-1.8624371,13.497367,-25.92641,61.6004,15.847973,4.982943,9.512194,-6.9094753,-14.162477,42.151176,59.264633,-5.554388,4.7938333,-14.932324,7.781219,-0.0028118512,29.92737,5.655458,-10.03377,-2.7477393,9.444737,-3.8513534,1.1321298,5.7082076,-9.761581,2.6050909
907,-8.590588569641113,-383.4234313964844,107.04034423828125,0.3325813251088259,-5.528912567704035,-105.64428469611543,1.8037171,-1.0381559,14.359916,2.7789128,-19.32404,-1.8562949,13.502576,-25.922613,61.589123,15.820889,4.9836764,9.522284,-6.894872,-14.16139,42.13841,59.292397,-5.534824,4.768325,-14.942107,7.7726054,0.017850501,29.913622,5.657501,-10.027844,-2.746076,9.440167,-3.831206,1.1223089,5.709402,-9.758492,2.6018941
908,-8.586506843566895,-383.4178771972656,107.04216766357422,0.3252527468740677,-5.528060265661886,-105.63680873010283,1.7902133,-1.0361661,14.3523035,2.7941718,-19.293541,-1.8493901,13.506056,-25.920189,61.57827,15.810718,4.985544,9.525404,-6.882513,-14.1608,42.12754,59.320557,-5.525341,4.75192,-14.946577,7.7634606,0.026660366,29.906425,5.6615496,-10.025072,-2.7421446,9.43517,-3.8238368,1.1193969,5.7094254,-9.754634,2.603138
909,-8.579980850219727,-383.41064453125,107.04193115234375,0.3304477208710432,-5.5222049546195064,-105.64453068112053,1.7823657,-1.049228,14.343182,2.7920332,-19.27376,-1.84471,13.508346,-25.919538,61.572586,15.8282795,4.9839892,9.518398,-6.8750124,-14.160635,42.121643,59.34208,-5.5310836,4.755183,-14.946893,7.7570105,0.014705799,29.910746,5.6537433,-10.020321,-2.7353694,9.420655,-3.8351703,1.1295788,5.7092595,-9.746805,2.611282
910,-8.572439193725586,-383.4101867675781,107.04182434082031,0.35138454525485413,-5.5170476748953865,-105.66555346160007,1.7829913,-1.0771029,14.335135,2.7793956,-19.24452,-1.8377966,13.510794,-25.919567,61.5653,15.8650875,4.9824686,9.503026,-6.86799,-14.160681,42.117237,59.36354,-5.544676,4.766363,-14.943056,7.747064,-0.016343521,29.922798,5.657321,-10.024815,-2.7240121,9.40939,-3.8688123,1.1478504,5.709764,-9.742021,2.6268082
911,-8.556940078735352,-383.4109802246094,107.040771484375,0.369649791010916,-5.511120823912222,-105.68987610340785,1.7876209,-1.1058083,14.325966,2.7591896,-19.209496,-1.8277737,13.519127,-25.918789,61.551163,15.901738,4.9824452,9.48436,-6.8604894,-14.161279,42.11062,59.382885,-5.554736,4.7808347,-14.93523,7.7404437,-0.051074676,29.938906,5.655166,-10.029883,-2.7095377,9.395758,-3.904866,1.1699841,5.710194,-9.736114,2.6467488
912,-8.54134750366211,-383.4053955078125,107.04183959960938,0.38233780061695277,-5.513133872856844,-105.70961659723254,1.7902048,-1.12752,14.326808,2.7491703,-19.182968,-1.8119375,13.528843,-25.9162,61.520905,15.916872,4.9880114,9.470535,-6.854995,-14.16302,42.103523,59.400158,-5.550982,4.792053,-14.923572,7.7400894,-0.07807725,29.953592,5.651937,-10.031227,-2.6964889,9.388559,-3.9317768,1.1879183,5.7104044,-9.728173,2.6620643
913,-8.526362419128418,-383.3998107910156,107.04390716552734,0.3849725837464483,-5.527285793303225,-105.7257824319204,1.7933146,-1.1379579,14.337712,2.7515485,-19.161472,-1.8022137,13.531294,-25.91371,61.500893,15.899206,4.9906545,9.46717,-6.8527975,-14.163875,42.1004,59.42409,-5.509413,4.7976213,-14.906136,7.7500615,-0.09027346,29.969393,5.6558275,-10.035248,-2.6875722,9.395657,-3.9444656,1.2013621,5.7118754,-9.723169,2.6709979
914,-8.511404991149902,-383.3888854980469,107.0435791015625,0.3797887314566091,-5.548244591621822,-105.74159453124712,1.7978512,-1.1406511,14.354154,2.7595706,-19.134342,-1.7896892,13.534234,-25.907772,61.474785,15.863643,4.995857,9.467283,-6.8538985,-14.165572,42.096344,59.45266,-5.4460444,4.799997,-14.880745,7.7712336,-0.09387715,29.989372,5.652212,-10.034519,-2.6821508,9.408301,-3.945968,1.2149876,5.712158,-9.715795,2.6750596
915,-8.500720024108887,-383.37384033203125,107.04324340820312,0.37316870060416046,-5.569911556402624,-105.75248481680724,1.8009291,-1.1415949,14.371164,2.767392,-19.117928,-1.7814285,13.535781,-25.902737,61.456078,15.827149,4.9979,9.470373,-6.853064,-14.167269,42.093567,59.47724,-5.3900204,4.802955,-14.860646,7.7886863,-0.09095701,30.004179,5.6511784,-10.030344,-2.6788423,9.420297,-3.941786,1.224783,5.71327,-9.707704,2.6748128
916,-8.494766235351562,-383.35797119140625,107.04171752929688,0.36640610371690463,-5.5906506550683615,-105.75783077320274,1.8020517,-1.1428823,14.3866,2.7771277,-19.096203,-1.7696522,13.5363245,-25.899128,61.431477,15.809307,5.005864,9.474409,-6.8514905,-14.1686125,42.092777,59.50151,-5.3728514,4.803464,-14.8540945,7.8052177,-0.084831506,30.014025,5.6494555,-10.02438,-2.6774762,9.433535,-3.9340897,1.2288011,5.712767,-9.699908,2.6721656
917,-8.4918212890625,-383.343017578125,107.04071807861328,0.35949524699834345,-5.604695203631882,-105.75248493851652,1.8012987,-1.1451572,14.393592,2.7803469,-19.087597,-1.7654064,13.536328,-25.899694,61.42193,15.818543,5.0100193,9.482012,-6.846222,-14.169788,42.094944,59.520138,-5.4173675,4.8067064,-14.870867,7.8093834,-0.074563876,30.011108,5.6524215,-10.017538,-2.675575,9.44107,-3.9240215,1.2241992,5.7132597,-9.694121,2.668383
918,-8.492365837097168,-383.3377380371094,107.03943634033203,0.346482359797302,-5.623384292681439,-105.73013087968883,1.7861423,-1.1398467,14.402242,2.790565,-19.065207,-1.7504708,13.535396,-25.90722,61.39602,15.836373,5.0257354,9.496647,-6.8354554,-14.171889,42.10134,59.53763,-5.5092545,4.806404,-14.90743,7.8291106,-0.057753414,29.997427,5.650239,-10.014805,-2.678479,9.46478,-3.9041939,1.1992368,5.7128315,-9.697589,2.6620035
919,-8.488834381103516,-383.3251647949219,107.04046630859375,0.3378250501081996,-5.6342247728688495,-105.71446747009686,1.7810354,-1.1404787,14.405418,2.7923357,-19.058794,-1.7468672,13.534374,-25.914722,61.38833,15.862016,5.0328097,9.506479,-6.826112,-14.172709,42.10678,59.55178,-5.59638,4.8068376,-14.943174,7.831597,-0.046566766,29.985052,5.650498,-10.007631,-2.675601,9.472005,-3.8922083,1.1846867,5.712692,-9.693733,2.6593456
920,-8.485475540161133,-383.3193664550781,107.04314422607422,0.33602014887453047,-5.6408324060723825,-105.70661563253591,1.7766228,-1.1491423,14.407627,2.7931378,-19.050915,-1.7415875,13.532613,-25.924793,61.37673,15.876999,5.042377,9.510113,-6.81897,-14.173544,42.112602,59.56316,-5.6401772,4.805582,-14.966364,7.830074,-0.04417934,29.977293,5.6557875,-10.0062475,-2.6714103,9.476478,-3.890812,1.1760603,5.7133594,-9.692061,2.6610534
921,-8.477341651916504,-383.3120422363281,107.04356384277344,0.3452479095791635,-5.630675207383249,-105.71742144155573,1.7837002,-1.1684322,14.396254,2.7836707,-19.045475,-1.740029,13.5283985,-25.942768,61.370068,15.8811245,5.053365,9.502319,-6.8171644,-14.176021,42.125256,59.576828,-5.6083994,4.7994804,-14.970539,7.8099265,-0.05928241,29.98044,5.6578627,-10.003118,-2.6610198,9.454864,-3.908676,1.1896878,5.713907,-9.682317,2.6718209
922,-8.459954261779785,-383.3011474609375,107.0434341430664,0.36060665846561857,-5.61667571566619,-105.7317553098061,1.7840157,-1.1966201,14.389859,2.7781065,-19.047707,-1.738327,13.527523,-25.945822,61.36557,15.889022,5.055983,9.484353,-6.817647,-14.176572,42.12728,59.58031,-5.553084,4.7947016,-14.960313,7.782816,-0.088370234,29.983364,5.6571984,-9.998245,-2.6422791,9.425055,-3.9405596,1.206793,5.713475,-9.667243,2.691974
923,-8.441025733947754,-383.2951354980469,107.0445556640625,0.37737745362678227,-5.592067336564771,-105.76327524963483,1.8073834,-1.2270294,14.368503,2.759497,-19.050316,-1.73728,13.524439,-25.955835,61.35771,15.895108,5.067145,9.461524,-6.82211,-14.179126,42.141754,59.592484,-5.4638014,4.783631,-14.947266,7.747238,-0.12071048,30.000956,5.6577883,-9.997488,-2.623444,9.379465,-3.977432,1.2448041,5.7158933,-9.651733,2.7141285
924,-8.423117637634277,-383.2857971191406,107.04635620117188,0.3863645411550379,-5.591289277659272,-105.77863982343925,1.8108877,-1.2466576,14.370576,2.7589548,-19.049683,-1.7323518,13.521403,-25.961353,61.35095,15.886911,5.069178,9.448643,-6.8280754,-14.181505,42.151733,59.595646,-5.412466,4.782781,-14.937474,7.7401285,-0.1435031,30.011282,5.6546555,-9.995574,-2.6085641,9.365265,-4.0006466,1.2601738,5.717191,-9.640755,2.730228
925,-8.407730102539062,-383.2739562988281,107.046630859375,0.3888400194797597,-5.621792201405298,-105.78569643066284,1.8060458,-1.2572522,14.400936,2.7790053,-19.042229,-1.721027,13.517545,-25.96228,61.339985,15.859287,5.0656977,9.44751,-6.838981,-14.1839695,42.156162,59.5963,-5.403737,4.792475,-14.931288,7.764802,-0.15486997,30.022299,5.6582556,-9.997688,-2.5988796,9.391894,-4.010973,1.25765,5.7175117,-9.636507,2.7386897
926,-8.393087387084961,-383.2571716308594,107.04345703125,0.3832034803596712,-5.672084883795589,-105.7859784008265,1.7928934,-1.2578931,14.449671,2.8140247,-19.032593,-1.7043302,13.509801,-25.953407,61.325043,15.824299,5.057984,9.451562,-6.850459,-14.187714,42.14842,59.58783,-5.426597,4.811153,-14.922563,7.816677,-0.15731081,30.034966,5.654414,-9.997558,-2.5940032,9.441227,-4.0082016,1.2437501,5.7182813,-9.634728,2.7414658
927,-8.380363464355469,-383.2353210449219,107.0409164428711,0.37611113283673725,-5.722244697084593,-105.78269303364078,1.7796414,-1.2577748,14.499113,2.8493679,-19.024813,-1.6884643,13.502501,-25.939928,61.311646,15.797191,5.048535,9.455743,-6.8582625,-14.1903305,42.130634,59.574635,-5.462793,4.829495,-14.912361,7.8596263,-0.15355448,30.042252,5.6577687,-9.99509,-2.5889287,9.487834,-4.00128,1.228343,5.719149,-9.630504,2.7410805
928,-8.3784761428833,-383.2165832519531,107.04031372070312,0.3664866460232629,-5.7470485811193806,-105.77611629973144,1.7692555,-1.2569637,14.524719,2.8703287,-19.022171,-1.6780314,13.499694,-25.935852,61.303,15.780557,5.0412245,9.456388,-6.8622723,-14.191047,42.12294,59.565414,-5.4777813,4.836629,-14.905603,7.880091,-0.14071043,30.042772,5.6545014,-9.986086,-2.590158,9.506202,-3.985702,1.219569,5.7200775,-9.624553,2.7341473
929,-8.377008438110352,-383.2005310058594,107.04180145263672,0.35328524289373536,-5.743217354217812,-105.76227385442495,1.7582982,-1.2553705,14.525831,2.8904414,-19.028244,-1.6681565,13.496631,-25.933939,61.293903,15.786887,5.039438,9.457022,-6.861264,-14.191624,42.11564,59.55676,-5.479952,4.8312197,-14.897571,7.864084,-0.12158251,30.029327,5.6533227,-9.972523,-2.5889533,9.490987,-3.9670775,1.216149,5.7208867,-9.614856,2.7270358
930,-8.376864433288574,-383.1898498535156,107.04576873779297,0.337055467659989,-5.716581850478966,-105.74193652262414,1.7524496,-1.2482371,14.504304,2.9053385,-19.043201,-1.6680896,13.481714,-25.93758,61.299183,15.813671,5.03959,9.459854,-6.8461027,-14.193649,42.093212,59.541653,-5.484011,4.8183208,-14.889107,7.817824,-0.095911056,30.003311,5.6580386,-9.957988,-2.5864842,9.451211,-3.9454749,1.2153689,5.722233,-9.60491,2.719065
931,-8.373010635375977,-383.1813659667969,107.04867553710938,0.32232333628169924,-5.684140707712803,-105.72379481564172,1.7484258,-1.2431941,14.476235,2.909936,-19.055044,-1.6741145,13.469569,-25.952251,61.314735,15.837242,5.03713,9.461994,-6.835022,-14.194959,42.08631,59.531292,-5.471024,4.803368,-14.882927,7.769512,-0.07623717,29.978836,5.658304,-9.9445715,-2.5818558,9.403796,-3.9289074,1.2182755,5.7244296,-9.594365,2.7149527
932,-8.36530590057373,-383.1688537597656,107.05076599121094,0.31549551635569023,-5.662866267118072,-105.71615196443653,1.7446287,-1.2491559,14.459372,2.9098434,-19.059454,-1.6751381,13.465567,-25.962183,61.32709,15.85783,5.0289526,9.458485,-6.831491,-14.195233,42.086628,59.518414,-5.4540606,4.795026,-14.872615,7.7305484,-0.06845912,29.963715,5.6602964,-9.932551,-2.573492,9.366524,-3.9243698,1.2248596,5.72613,-9.581935,2.7163017
933,-8.352643013000488,-383.15521240234375,107.05001068115234,0.32074829550590683,-5.65234097578823,-105.72501092768019,1.7454356,-1.2675543,14.452289,2.9007437,-19.058176,-1.6745013,13.461853,-25.975718,61.340744,15.875482,5.0164466,9.449151,-6.834817,-14.195517,42.09084,59.500576,-5.427766,4.79763,-14.853904,7.703589,-0.07950158,29.96341,5.664312,-9.925889,-2.560845,9.33902,-3.9388878,1.2389832,5.727627,-9.568143,2.7264621
934,-8.340644836425781,-383.1453857421875,107.0501480102539,0.33328867115635236,-5.6448222269961,-105.74278278083858,1.7465268,-1.2924685,14.448733,2.8859158,-19.053299,-1.6719127,13.459731,-25.9877,61.354733,15.89701,5.0002594,9.434418,-6.84279,-14.19576,42.09706,59.479424,-5.395343,4.8056335,-14.828605,7.6888723,-0.10210351,29.972866,5.6615324,-9.921762,-2.5493348,9.316999,-3.9630024,1.2565892,5.7287054,-9.556153,2.7403243
935,-8.328420639038086,-383.1357727050781,107.0517807006836,0.3474559444962309,-5.6442506017488,-105.76338793452355,1.7506964,-1.3198042,14.450146,2.868617,-19.043238,-1.6702887,13.457968,-26.001469,61.371677,15.913235,4.983899,9.421297,-6.8530703,-14.19607,42.10635,59.458748,-5.3680453,4.816464,-14.80641,7.6798205,-0.12643638,29.985394,5.6626434,-9.920264,-2.5372562,9.302489,-3.9891047,1.2742777,5.7308326,-9.545472,2.75472
936,-8.315513610839844,-383.1191101074219,107.05303955078125,0.3532057279988453,-5.651021471621232,-105.77615608368149,1.7549317,-1.3386157,14.454501,2.8554385,-19.024988,-1.6721262,13.455626,-26.02125,61.3924,15.912999,4.971166,9.417259,-6.8638325,-14.196413,42.120914,59.44217,-5.355694,4.8265176,-14.797447,7.675941,-0.13952525,29.992975,5.6628575,-9.91483,-2.5262344,9.294083,-4.002946,1.285737,5.7325687,-9.532885,2.7644823
937,-8.303603172302246,-383.1000671386719,107.05245971679688,0.3463118026416086,-5.6736392912604945,-105.77599717848848,1.756841,-1.344046,14.470209,2.8583763,-19.005653,-1.672024,13.452301,-26.037285,61.40387,15.901188,4.9690495,9.42308,-6.873399,-14.196367,42.130955,59.431084,-5.3864,4.8348184,-14.805252,7.690568,-0.13623008,29.994722,5.6608114,-9.9075985,-2.519348,9.3063545,-3.9978857,1.2829527,5.733977,-9.52367,2.76697
938,-8.293161392211914,-383.0765380859375,107.05121612548828,0.33348492560152093,-5.710625277528209,-105.76994685822069,1.7597873,-1.3420811,14.495309,2.8700917,-18.971767,-1.6769519,13.447281,-26.056942,61.423935,15.871585,4.9682093,9.439937,-6.8831153,-14.194842,42.13598,59.424377,-5.4444375,4.844195,-14.823448,7.7183166,-0.123291254,29.994638,5.6616383,-9.900251,-2.5149496,9.33461,-3.982328,1.2721651,5.7358665,-9.515714,2.7644844
939,-8.285431861877441,-383.0508117675781,107.05003356933594,0.31827128269179117,-5.745193528320931,-105.75866151293111,1.7610745,-1.3398352,14.520066,2.8820143,-18.946287,-1.6775969,13.441556,-26.064264,61.432747,15.8539505,4.973274,9.452247,-6.8889613,-14.191685,42.130043,59.41446,-5.511773,4.8512783,-14.844242,7.742031,-0.105256744,29.988815,5.6614065,-9.889322,-2.5117521,9.360036,-3.9616039,1.2581443,5.7373133,-9.506837,2.7590542
940,-8.283280372619629,-383.02593994140625,107.04962158203125,0.3091983345837705,-5.764387953991656,-105.74315763299231,1.7581646,-1.3431852,14.53201,2.886949,-18.923746,-1.6830398,13.438132,-26.067589,61.449856,15.846649,4.9750743,9.456191,-6.8883796,-14.188653,42.12024,59.40199,-5.554706,4.850249,-14.861924,7.7477307,-0.0908434,29.973915,5.6605773,-9.874926,-2.5087657,9.369347,-3.9457278,1.2437886,5.7378974,-9.496569,2.7529476
941,-8.286646842956543,-383.00958251953125,107.05194091796875,0.30650686053354714,-5.763803964175544,-105.72828694054245,1.7534957,-1.3538483,14.529599,2.8864915,-18.91843,-1.6848278,13.437259,-26.068129,61.459835,15.847388,4.9799743,9.4499,-6.886677,-14.187389,42.116913,59.388435,-5.551693,4.8387785,-14.878801,7.7331424,-0.081307,29.954424,5.6622567,-9.862334,-2.5060039,9.359792,-3.9370046,1.2348206,5.7384486,-9.487844,2.7476768
942,-8.29269027709961,-382.99566650390625,107.05469512939453,0.3073995243077932,-5.741581874987479,-105.69320215804944,1.7375786,-1.3715926,14.507029,2.8737688,-18.90511,-1.7035778,13.434523,-26.07179,61.49171,15.857512,4.982286,9.435196,-6.8676744,-14.180997,42.09852,59.367153,-5.531427,4.8175,-14.903684,7.6920133,-0.074307494,29.907919,5.6618223,-9.844291,-2.5004368,9.329247,-3.931644,1.2115113,5.7397723,-9.480156,2.7430584
943,-8.292182922363281,-382.9790954589844,107.05746459960938,0.3112992582373794,-5.719839533034757,-105.66467706342048,1.7268203,-1.3917285,14.48598,2.8587084,-18.901598,-1.7196194,13.43323,-26.076763,61.519154,15.868995,4.9851303,9.419219,-6.852473,-14.174111,42.08322,59.35007,-5.500554,4.795791,-14.922282,7.645252,-0.07359297,29.865488,5.667089,-9.828258,-2.4894302,9.295919,-3.9343019,1.1947953,5.739793,-9.468411,2.74353
944,-8.28691291809082,-382.96295166015625,107.06011199951172,0.3136151323614803,-5.7052541560327334,-105.63966779149179,1.7173833,-1.4118885,14.471297,2.8436105,-18.900644,-1.7335901,13.433412,-26.081947,61.542015,15.883396,4.9867773,9.404995,-6.8412194,-14.168908,42.074177,59.330334,-5.470738,4.784119,-14.931766,7.611861,-0.07637711,29.829525,5.6646743,-9.811678,-2.4780414,9.271569,-3.937926,1.1781594,5.7382383,-9.456804,2.7467961
945,-8.27881908416748,-382.9469299316406,107.06149291992188,0.3172486202120193,-5.699617754049276,-105.62089676956052,1.7130239,-1.4362081,14.463733,2.8176947,-18.898539,-1.7515044,13.435176,-26.09244,61.57065,15.904612,4.983048,9.389614,-6.8315105,-14.162034,42.066963,59.308624,-5.4415927,4.7848415,-14.9287405,7.5886197,-0.08222801,29.80055,5.6659975,-9.800035,-2.4670358,9.255679,-3.9449046,1.1633714,5.738573,-9.446542,2.7528644
946,-8.272258758544922,-382.93157958984375,107.063720703125,0.32490848940063577,-5.699167524171496,-105.60745555813881,1.7085999,-1.4650642,14.462513,2.796146,-18.899857,-1.7617196,13.437589,-26.099154,61.588154,15.934857,4.9807463,9.373975,-6.826009,-14.15733,42.066395,59.28251,-5.4059815,4.794279,-14.91475,7.56886,-0.09147615,29.775917,5.671216,-9.790017,-2.4566627,9.24685,-3.9561172,1.1501317,5.737865,-9.436855,2.7596385
947,-8.264318466186523,-382.91522216796875,107.06464385986328,0.3276419029082318,-5.700190445175295,-105.5912563520285,1.7065547,-1.4912263,14.461046,2.7649982,-18.901945,-1.7814714,13.441977,-26.113373,61.615612,15.957435,4.9738636,9.360581,-6.819584,-14.151303,42.068676,59.256203,-5.371883,4.8084373,-14.900601,7.55792,-0.09796057,29.752035,5.666402,-9.777107,-2.4482508,9.240167,-3.9615943,1.1341794,5.73584,-9.426526,2.7654157
948,-8.256105422973633,-382.8962707519531,107.06422424316406,0.32634504222726946,-5.706330722731186,-105.57457279692701,1.7079595,-1.5118371,14.464523,2.7485256,-18.904736,-1.8003472,13.450944,-26.13738,61.6358,15.954622,4.968359,9.35864,-6.8207827,-14.140739,42.07295,59.243958,-5.3526273,4.815891,-14.888375,7.5496125,-0.09827419,29.729937,5.6652393,-9.76486,-2.4406137,9.237041,-3.9613357,1.1183907,5.7349954,-9.41595,2.768396
949,-8.247932434082031,-382.8764953613281,107.06507873535156,0.3163664089636597,-5.721379502180369,-105.55700730341036,1.7107184,-1.5214628,14.47727,2.7565513,-18.911829,-1.813018,13.457725,-26.149225,61.642563,15.938829,4.9636064,9.37157,-6.828586,-14.133212,42.074093,59.23277,-5.365754,4.8246374,-14.87212,7.550375,-0.08720407,29.711636,5.6656556,-9.753021,-2.4357786,9.243541,-3.9492502,1.1016626,5.735306,-9.40736,2.7662604
950,-8.240612983703613,-382.8524475097656,107.06546020507812,0.30234072252846184,-5.743400302353625,-105.53932627753247,1.7157643,-1.524216,14.497699,2.7786627,-18.919922,-1.8236021,13.465918,-26.158745,61.641068,15.90794,4.958707,9.3950615,-6.8432474,-14.124041,42.0729,59.228527,-5.4006,4.8321548,-14.851897,7.557254,-0.06959175,29.69609,5.666511,-9.739755,-2.4330502,9.255617,-3.9301932,1.0847639,5.735513,-9.397345,2.7601168
951,-8.231954574584961,-382.8161315917969,107.06668853759766,0.2875996327643295,-5.762961070130583,-105.51923733170464,1.7209947,-1.5267814,14.516759,2.8005445,-18.931776,-1.8345991,13.474523,-26.163506,61.638725,15.880266,4.953519,9.41773,-6.854659,-14.114199,42.070526,59.221016,-5.4380836,4.8398776,-14.835928,7.552549,-0.04954693,29.67599,5.6672907,-9.718096,-2.4271965,9.25716,-3.9093547,1.0692173,5.735678,-9.379582,2.7529998
952,-8.227777481079102,-382.788330078125,107.06932830810547,0.2769608254944798,-5.770297252655644,-105.4936727602799,1.7224011,-1.5363162,14.52663,2.812993,-18.949417,-1.8449296,13.488215,-26.171354,61.631927,15.858411,4.952422,9.428101,-6.8629165,-14.098169,42.0654,59.225002,-5.4638786,4.836277,-14.831234,7.5373406,-0.032468684,29.648418,5.668857,-9.698462,-2.422217,9.250823,-3.8926394,1.0495129,5.7356114,-9.365454,2.747045
953,-8.228984832763672,-382.7684631347656,107.07198333740234,0.2709849094748467,-5.756265234631898,-105.45769290894329,1.718238,-1.5491742,14.518579,2.8041108,-18.970114,-1.8651781,13.495815,-26.175776,61.642693,15.860456,4.949744,9.422441,-6.8510356,-14.08945,42.06365,59.209602,-5.458543,4.8304524,-14.850258,7.505411,-0.020398619,29.608072,5.6637053,-9.676885,-2.4176028,9.226007,-3.8803883,1.0239986,5.735615,-9.353708,2.742714
954,-8.230289459228516,-382.7491455078125,107.07622528076172,0.2717850470376996,-5.730989697668363,-105.41575388459445,1.7114731,-1.5678799,14.502004,2.7847934,-18.99633,-1.8891593,13.501016,-26.17973,61.65942,15.873313,4.947703,9.408038,-6.8298254,-14.083688,42.062794,59.18989,-5.4371185,4.818515,-14.884584,7.4496417,-0.013632761,29.555689,5.668274,-9.654199,-2.4072912,9.190629,-3.877173,0.99459076,5.733175,-9.339607,2.7418253
955,-8.228547096252441,-382.7334289550781,107.0795669555664,0.27109154149124437,-5.702734559681277,-105.37385805421472,1.7102132,-1.5958449,14.482211,2.757704,-19.023895,-1.9138871,13.531071,-26.20818,61.664223,15.864418,4.951109,9.387541,-6.814836,-14.050793,42.054367,59.2014,-5.421075,4.796252,-14.919856,7.399095,-0.009392491,29.5052,5.666661,-9.634301,-2.3972442,9.151974,-3.8748488,0.96589094,5.733131,-9.328044,2.7434678
956,-8.22223949432373,-382.71240234375,107.08273315429688,0.27610935394470504,-5.689262522473736,-105.34411133338077,1.7134857,-1.6251711,14.478055,2.740008,-19.052252,-1.9356102,13.547195,-26.21646,61.67319,15.870331,4.948104,9.37207,-6.8072863,-14.034068,42.056553,59.197227,-5.407356,4.7928767,-14.930914,7.356756,-0.01309096,29.465302,5.672741,-9.616963,-2.3829503,9.126182,-3.8817222,0.9438389,5.732255,-9.314091,2.7481108
957,-8.212136268615723,-382.68994140625,107.0841064453125,0.28464245819817335,-5.6931785884105155,-105.33145373846502,1.7257867,-1.6611226,14.491625,2.7296813,-19.081612,-1.9504074,13.565337,-26.218956,61.673832,15.873707,4.9418473,9.359059,-6.81673,-14.017811,42.06824,59.199745,-5.404351,4.8062,-14.906565,7.3412485,-0.026162874,29.44562,5.6723294,-9.602884,-2.3689506,9.117584,-3.8952892,0.9315595,5.73129,-9.300765,2.7551434
958,-8.201751708984375,-382.6681823730469,107.08434295654297,0.2947205677083438,-5.7071749756540635,-105.32917011275096,1.7345543,-1.7027351,14.516548,2.7365294,-19.115364,-1.943015,13.592923,-26.20938,61.641182,15.874311,4.9429364,9.345246,-6.852564,-13.9966,42.10532,59.227108,-5.3963814,4.821091,-14.859863,7.345905,-0.04405424,29.439524,5.665703,-9.591966,-2.3573706,9.119801,-3.9112303,0.925024,5.731021,-9.289503,2.762611
959,-8.191425323486328,-382.6463623046875,107.08512878417969,0.3045648658976218,-5.725731756434477,-105.32877371799927,1.7513807,-1.740531,14.545389,2.7361205,-19.144905,-1.9512504,13.607243,-26.198675,61.635166,15.881869,4.9348593,9.336171,-6.8771033,-13.987405,42.129906,59.23281,-5.3959813,4.8463306,-14.810603,7.3511863,-0.060065247,29.434875,5.6646185,-9.582372,-2.3458354,9.127122,-3.9265838,0.9190748,5.7310667,-9.278948,2.7693229
960,-8.179144859313965,-382.62750244140625,107.08634948730469,0.3066181269234171,-5.741793574529726,-105.31967049350818,1.7523013,-1.7719291,14.57214,2.7533994,-19.169506,-1.9393792,13.632096,-26.175467,61.598877,15.881444,4.937611,9.332014,-6.914021,-13.972369,42.168694,59.255257,-5.387985,4.856929,-14.781401,7.3523817,-0.067142434,29.422985,5.6662974,-9.574066,-2.3349612,9.133895,-3.9332957,0.90718037,5.7316413,-9.270206,2.7746847
961,-8.168561935424805,-382.60394287109375,107.08649444580078,0.29367814299885403,-5.756171008514406,-105.2972484040325,1.7487915,-1.7830588,14.594482,2.7719104,-19.183493,-1.9321178,13.652699,-26.154776,61.565887,15.870222,4.943811,9.339527,-6.942424,-13.958965,42.186203,59.276196,-5.394746,4.8554487,-14.776838,7.3514853,-0.053842295,29.401915,5.664082,-9.559438,-2.3294523,9.136338,-3.918343,0.8881433,5.7337503,-9.259707,2.7725048
962,-8.158279418945312,-382.5711669921875,107.08605194091797,0.2701829730876609,-5.772256937997087,-105.26809255072386,1.750564,-1.7770038,14.614668,2.7853384,-19.187126,-1.9414163,13.65722,-26.148617,61.555656,15.848891,4.9495764,9.360297,-6.957854,-13.9558935,42.18551,59.287437,-5.409749,4.8501782,-14.787275,7.3457017,-0.0250705,29.375263,5.6625967,-9.537737,-2.325937,9.135247,-3.8880398,0.8667191,5.7360587,-9.243965,2.7646947
963,-8.149151802062988,-382.54217529296875,107.08695983886719,0.24765991496356435,-5.784483923676017,-105.23689713172907,1.7511442,-1.7720016,14.631808,2.7980938,-19.187775,-1.9518261,13.663132,-26.14114,61.54789,15.83087,4.954902,9.380633,-6.972177,-13.9515295,42.18003,59.29899,-5.4222245,4.839796,-14.803824,7.3359423,0.0033944738,29.346033,5.663196,-9.517901,-2.3228073,9.13199,-3.8588595,0.84393686,5.7388515,-9.230244,2.7571225
964,-8.142348289489746,-382.5097351074219,107.08982849121094,0.2384222434846906,-5.789751303447146,-105.21003701715178,1.754476,-1.7807972,14.642263,2.8057911,-19.188768,-1.9629295,13.666274,-26.137262,61.548656,15.826391,4.959439,9.39473,-6.9813757,-13.94926,42.17585,59.30787,-5.4212046,4.8266873,-14.819273,7.308963,0.019467033,29.31438,5.6716266,-9.496896,-2.3145854,9.119051,-3.8452845,0.8254251,5.7401834,-9.21262,2.7529345
965,-8.138075828552246,-382.4830627441406,107.09141540527344,0.24306995094089143,-5.77413389694725,-105.18240093459798,1.7566061,-1.8081079,14.636072,2.8034983,-19.19371,-1.9834287,13.675358,-26.132692,61.568546,15.844689,4.956611,9.396419,-6.985412,-13.942685,42.1685,59.316193,-5.3930354,4.804549,-14.835383,7.2694664,0.015798591,29.277737,5.667554,-9.473751,-2.3033428,9.085341,-3.8498435,0.80853915,5.741699,-9.1958685,2.7544181
966,-8.134445190429688,-382.4588317871094,107.09483337402344,0.2616340923791416,-5.750664622136168,-105.15838215686159,1.7616677,-1.8490983,14.62257,2.7924283,-19.196455,-2.0050628,13.682163,-26.132092,61.596157,15.874648,4.95271,9.3925085,-6.983283,-13.937924,42.163914,59.32205,-5.343273,4.7753453,-14.856581,7.2119493,-0.0020271165,29.238033,5.6753697,-9.454244,-2.286088,9.043328,-3.872707,0.7949407,5.743857,-9.179387,2.7611902
967,-8.131921768188477,-382.4358825683594,107.09562683105469,0.27597165043458893,-5.726135976950089,-105.13571291120051,1.7648597,-1.8870294,14.606166,2.7848465,-19.194967,-2.0215447,13.686152,-26.133461,61.622223,15.906065,4.951666,9.388675,-6.9822083,-13.935461,42.16265,59.323853,-5.2992535,4.7535734,-14.873909,7.165036,-0.017778309,29.203272,5.670485,-9.432576,-2.272436,9.001716,-3.8901732,0.78275734,5.7439256,-9.162632,2.7668686
968,-8.123269081115723,-382.4177551269531,107.09817504882812,0.28939785172172633,-5.717071993161311,-105.12170667882813,1.7725753,-1.91928,14.603161,2.78196,-19.191725,-2.0311882,13.688248,-26.135298,61.638268,15.927923,4.953357,9.382672,-6.98584,-13.934385,42.16297,59.323742,-5.2907777,4.746049,-14.881147,7.13167,-0.034914322,29.179085,5.675785,-9.420134,-2.2567718,8.979427,-3.9103775,0.7735084,5.7446218,-9.150041,2.7761269
969,-8.110336303710938,-382.3941955566406,107.09949493408203,0.2888067178782771,-5.705261993164079,-105.10201837354657,1.777836,-1.9455767,14.596344,2.778711,-19.182251,-2.0482206,13.692859,-26.142042,61.659565,15.949329,4.955068,9.367472,-7.000111,-13.932491,42.166542,59.328747,-5.326495,4.750343,-14.87317,7.093109,-0.036705103,29.14794,5.679356,-9.403406,-2.2419174,8.9489565,-3.9148324,0.76220036,5.745692,-9.133244,2.7833853
970,-8.097809791564941,-382.37237548828125,107.10120391845703,0.2818216262511098,-5.70280115552524,-105.08844584443392,1.781528,-1.964842,14.59769,2.7843761,-19.169245,-2.0551763,13.704248,-26.160646,61.665245,15.9518,4.962004,9.34928,-7.025273,-13.928625,42.17719,59.335278,-5.39746,4.7705374,-14.851809,7.0741634,-0.03283081,29.127989,5.675207,-9.38737,-2.2319002,8.93057,-3.9108999,0.75394756,5.74559,-9.118181,2.788692
971,-8.084814071655273,-382.3516845703125,107.10279846191406,0.2739865869056309,-5.707152343089525,-105.0785754829501,1.7875401,-1.9826038,14.604434,2.7954762,-19.153978,-2.0517435,13.718061,-26.18267,61.655376,15.941454,4.9736195,9.335165,-7.054443,-13.925067,42.191086,59.346184,-5.471433,4.7917857,-14.830042,7.05891,-0.026550313,29.112116,5.6795144,-9.376214,-2.2221954,8.920349,-3.9061356,0.7473303,5.7460923,-9.104904,2.7936044
972,-8.070088386535645,-382.3305969238281,107.1039047241211,0.2652455498623382,-5.713488318169474,-105.07036444553601,1.7976432,-1.9974307,14.612934,2.8045542,-19.1378,-2.0467703,13.734424,-26.202902,61.64117,15.9193735,4.9817514,9.3300295,-7.082101,-13.92178,42.20471,59.360413,-5.517611,4.803144,-14.819042,7.0456014,-0.02022486,29.098824,5.6834354,-9.365158,-2.211928,8.911185,-3.9011843,0.743019,5.747341,-9.091456,2.7982244
973,-8.054497718811035,-382.310546875,107.10377502441406,0.25137364934228545,-5.722411685581823,-105.06433245961479,1.8143393,-2.0044243,14.622637,2.8150277,-19.118551,-2.0419972,13.748127,-26.209133,61.627846,15.888952,4.982261,9.337153,-7.105065,-13.919639,42.20898,59.37651,-5.531621,4.801984,-14.820229,7.040448,-0.009637039,29.090849,5.6829367,-9.35485,-2.2040641,8.9045515,-3.8903627,0.74202585,5.749403,-9.078847,2.8002381
974,-8.040240287780762,-382.2850036621094,107.10326385498047,0.23612503496176385,-5.734652654584715,-105.061911203823,1.8318822,-2.0061188,14.637939,2.8343968,-19.095327,-2.0242543,13.76194,-26.204641,61.59065,15.844515,4.985204,9.352959,-7.135831,-13.918053,42.20919,59.403236,-5.5302987,4.789478,-14.824163,7.0341325,0.005448959,29.086143,5.685479,-9.34237,-2.1973207,8.896909,-3.876004,0.74601597,5.753138,-9.063822,2.7988396
975,-8.02816104888916,-382.2494812011719,107.10326385498047,0.22218381385694572,-5.746255994298859,-105.05872374509877,1.8491658,-2.01006,14.652582,2.8495533,-19.073404,-2.0046089,13.778134,-26.184359,61.55582,15.818193,4.983914,9.365893,-7.1596537,-13.916857,42.203796,59.4225,-5.5290813,4.7778263,-14.8316765,7.023302,0.021419473,29.079945,5.685164,-9.322747,-2.190377,8.883129,-3.8603873,0.75146264,5.7559495,-9.042524,2.7950754
976,-8.016456604003906,-382.218017578125,107.1031723022461,0.2104731328148807,-5.751202454460483,-105.0512679760471,1.8646396,-2.0176494,14.658203,2.853317,-19.046778,-1.995172,13.787836,-26.173069,61.5449,15.81035,4.97994,9.375089,-7.1755743,-13.916533,42.201775,59.438305,-5.531,4.7693205,-14.842712,7.011556,0.03226015,29.07031,5.6777005,-9.3021555,-2.1826205,8.865491,-3.8484328,0.75303876,5.7576566,-9.022726,2.7938414
977,-8.006196975708008,-382.190673828125,107.10520935058594,0.21119253479956318,-5.749541367585282,-105.03752922337426,1.8750819,-2.0397756,14.656506,2.8443453,-19.020592,-1.9900305,13.794789,-26.170824,61.550163,15.828956,4.9742317,9.3774185,-7.181345,-13.916554,42.20472,59.450703,-5.5389347,4.7611904,-14.860605,6.981285,0.031883214,29.049185,5.685548,-9.286409,-2.168737,8.845153,-3.8521316,0.74721515,5.7585306,-9.005034,2.7980335
978,-7.995642185211182,-382.16845703125,107.1070327758789,0.21611939459392282,-5.739221412580317,-105.01750217968018,1.8805779,-2.066012,14.644705,2.8247828,-18.988344,-1.9866569,13.801879,-26.176256,61.563816,15.861783,4.968278,9.376063,-7.1808567,-13.916579,42.213024,59.463017,-5.544671,4.7510014,-14.884942,6.9495754,0.02288635,29.022593,5.683716,-9.269469,-2.1531851,8.819672,-3.8622985,0.7359463,5.7579975,-8.989017,2.8057888
979,-7.985325336456299,-382.14935302734375,107.10884094238281,0.22414070919402856,-5.728822088539593,-105.00000081757683,1.8884642,-2.096205,14.632187,2.799772,-18.94989,-1.9857322,13.809695,-26.190842,61.58189,15.890603,4.9646153,9.373259,-7.1814466,-13.91664,42.22851,59.476505,-5.5453277,4.744095,-14.908931,6.914967,0.01116423,28.997087,5.6889033,-9.256867,-2.136541,8.79546,-3.876927,0.7259538,5.7579346,-8.974873,2.8149886
980,-7.975043296813965,-382.1384582519531,107.108642578125,0.22994135414176853,-5.722401315379009,-104.99166288630147,1.902653,-2.1231732,14.625322,2.7856812,-18.918972,-1.9851367,13.814726,-26.201515,61.598694,15.913737,4.9653444,9.369444,-7.190598,-13.916942,42.239834,59.490868,-5.556139,4.7468452,-14.919459,6.8943005,-0.00022752496,28.983608,5.6910224,-9.250248,-2.1236827,8.779268,-3.890065,0.72212267,5.7589374,-8.966418,2.8238716
981,-7.96030855178833,-382.12469482421875,107.10979461669922,0.23434208639612744,-5.7190511227229885,-104.99719168381284,1.9265466,-2.1494913,14.62438,2.7810068,-18.889032,-1.9840084,13.822252,-26.213839,61.606678,15.923015,4.976254,9.360476,-7.2138343,-13.917725,42.25735,59.505993,-5.5732117,4.7652655,-14.911678,6.8770366,-0.012614325,28.983128,5.692976,-9.244595,-2.1099422,8.760277,-3.9043033,0.7317313,5.760784,-8.954603,2.8337486
982,-7.942618370056152,-382.10125732421875,107.11127471923828,0.24048038615961062,-5.7203426651728515,-105.00748530674018,1.9546634,-2.1769722,14.630968,2.7813604,-18.874859,-1.983065,13.825709,-26.21821,61.613487,15.938203,4.991459,9.346237,-7.236543,-13.918483,42.266617,59.515152,-5.606478,4.7939415,-14.894362,6.8580523,-0.026958102,28.985563,5.696098,-9.234675,-2.0934858,8.739683,-3.9211078,0.74558216,5.7625513,-8.937155,2.8441675
983,-7.9256744384765625,-382.0824279785156,107.1126708984375,0.2444198563608523,-5.719793786243762,-105.0284653560958,1.9852145,-2.2013383,14.636637,2.7894857,-18.841425,-1.9765574,13.832311,-26.22276,61.610462,15.937243,5.0109234,9.334208,-7.2794514,-13.920201,42.287678,59.533386,-5.627518,4.826145,-14.866167,6.8416843,-0.03897599,28.999271,5.699291,-9.228506,-2.0796378,8.717061,-3.9358437,0.77089083,5.7647977,-8.920861,2.8537607
984,-7.910749912261963,-382.0517883300781,107.11271667480469,0.2419012134727318,-5.729123088443165,-105.03936530309988,2.007632,-2.2180252,14.648643,2.7956352,-18.820782,-1.9690961,13.836955,-26.223368,61.614353,15.93168,5.019017,9.330757,-7.3060155,-13.92164,42.2985,59.544235,-5.639586,4.8440614,-14.85356,6.830378,-0.039889466,29.005196,5.700867,-9.214328,-2.0677795,8.70167,-3.9385366,0.7863159,5.7664733,-8.900325,2.8584123
985,-7.8901448249816895,-382.0234680175781,107.11040496826172,0.23019236836176782,-5.750379922794287,-105.04552026226834,2.017398,-2.2209203,14.670716,2.812123,-18.788996,-1.9509528,13.844376,-26.220665,61.611507,15.897137,5.012621,9.3445015,-7.338273,-13.924077,42.31131,59.56086,-5.622839,4.8424144,-14.848789,6.8415976,-0.03607408,29.01359,5.6939063,-9.202723,-2.0573263,8.702328,-3.932582,0.79504645,5.7683845,-8.882978,2.8638084
986,-7.868629455566406,-382.0010986328125,107.10934448242188,0.2168123035564912,-5.785743536321359,-105.04931205733929,2.0238168,-2.2204452,14.706402,2.8258293,-18.767065,-1.9295106,13.853113,-26.213518,61.608295,15.847874,4.994293,9.367348,-7.363828,-13.927305,42.316246,59.56902,-5.5906463,4.8317347,-14.8519945,6.8597045,-0.027687328,29.020527,5.7047057,-9.201269,-2.0464945,8.724757,-3.9251034,0.7961144,5.771026,-8.8725605,2.8694587
987,-7.851701259613037,-381.97210693359375,107.10868835449219,0.19725766464074093,-5.815772966361281,-105.04860735531217,2.0247202,-2.2138772,14.737003,2.8472013,-18.741879,-1.901258,13.860463,-26.203629,61.59385,15.804787,4.9840817,9.389261,-7.3865385,-13.930216,42.314133,59.577087,-5.566957,4.817152,-14.857295,6.8804154,-0.011381099,29.025663,5.6991696,-9.1892605,-2.0408213,8.737996,-3.9061234,0.79671514,5.771838,-8.856752,2.8698673
988,-7.8345947265625,-381.94061279296875,107.10890197753906,0.18933563802317346,-5.830922408704611,-105.04839299081034,2.0329638,-2.219804,14.753891,2.8488715,-18.723948,-1.8870767,13.864754,-26.198683,61.599007,15.789245,4.97992,9.395605,-7.3981957,-13.932124,42.312683,59.578236,-5.559195,4.8089705,-14.869459,6.869117,-0.0051270076,29.021854,5.7070894,-9.175929,-2.0278218,8.731883,-3.9024198,0.8013423,5.772656,-8.836934,2.8745182
989,-7.822269916534424,-381.9195556640625,107.11040496826172,0.18521340234799513,-5.817749876532791,-105.04412135982408,2.0440142,-2.2343414,14.744341,2.83328,-18.712275,-1.8815773,13.869167,-26.198679,61.613228,15.813247,4.994047,9.37898,-7.399392,-13.934211,42.31845,59.57391,-5.581534,4.8102784,-14.892959,6.8400164,-0.0053098197,29.011469,5.7019315,-9.15998,-2.0165546,8.698593,-3.9036052,0.80859417,5.77322,-8.818775,2.8805342
990,-7.807737350463867,-381.908447265625,107.11339569091797,0.19081597007014306,-5.788590982651293,-105.03863088842269,2.057795,-2.2593882,14.720368,2.8024802,-18.704548,-1.8808999,13.874175,-26.20374,61.631805,15.860463,5.0201697,9.347648,-7.393056,-13.936819,42.333942,59.564808,-5.6176023,4.8166265,-14.9275055,6.7863493,-0.017200902,28.992935,5.7089686,-9.150392,-1.998862,8.652622,-3.920738,0.8164893,5.772862,-8.802959,2.893291
991,-7.796731472015381,-381.8994445800781,107.11593627929688,0.19609242447076483,-5.756825850639465,-105.03297158205807,2.069518,-2.2860699,14.693167,2.7726026,-18.696594,-1.8810425,13.877823,-26.213171,61.65256,15.905642,5.0468826,9.315461,-7.3868732,-13.938941,42.358376,59.553898,-5.636835,4.82282,-14.961555,6.735673,-0.028498271,28.975262,5.710147,-9.139408,-1.9839519,8.605391,-3.9358084,0.82426995,5.7721243,-8.788259,2.904292
992,-7.775245666503906,-381.8885192871094,107.1168441772461,0.1991563081927107,-5.738861678935361,-105.03101949254015,2.0720992,-2.3108668,14.678149,2.7638557,-18.68554,-1.8735831,13.886714,-26.23071,61.667835,15.917425,5.063247,9.297664,-7.3968906,-13.944851,42.41247,59.549862,-5.5992174,4.8216453,-14.983392,6.7031364,-0.044870816,28.964918,5.7082396,-9.132362,-1.9650332,8.571269,-3.9541025,0.83154815,5.7725377,-8.774133,2.9205978
993,-7.754228115081787,-381.86944580078125,107.11663055419922,0.20856156236355153,-5.743881541127108,-105.03642818495875,2.0790281,-2.3376968,14.690146,2.7705708,-18.677992,-1.8636951,13.888805,-26.232788,61.678722,15.92316,5.064893,9.28992,-7.406809,-13.946407,42.419853,59.54269,-5.540337,4.8095293,-14.970089,6.6864543,-0.065662764,28.962563,5.7158494,-9.127456,-1.9446964,8.560249,-3.9779477,0.8376177,5.772753,-8.759444,2.9364848
994,-7.730479717254639,-381.8489074707031,107.11561584472656,0.2151491183606563,-5.755591918169389,-105.04519603696875,2.0836172,-2.3629673,14.70833,2.7899752,-18.665905,-1.8499479,13.890895,-26.233767,61.68548,15.9164295,5.0590343,9.28854,-7.423272,-13.94817,42.426586,59.538277,-5.4428263,4.7890706,-14.937941,6.6847425,-0.0871872,28.966866,5.7143536,-9.121967,-1.9251745,8.554884,-3.999666,0.8448613,5.7738013,-8.745026,2.952962
995,-7.711493968963623,-381.8264465332031,107.11502838134766,0.2189961411797638,-5.770064999141275,-105.05226496355945,2.0823374,-2.384573,14.728339,2.8078158,-18.655546,-1.8340154,13.894955,-26.233234,61.691036,15.902464,5.0493298,9.2910795,-7.4408655,-13.95187,42.434055,59.531094,-5.3482337,4.769506,-14.9052925,6.688074,-0.1023938,28.97112,5.710707,-9.114559,-1.9101487,8.552753,-4.014212,0.85018224,5.774173,-8.730275,2.9647455
996,-7.6940693855285645,-381.807861328125,107.11456298828125,0.21839527477476753,-5.790177423106501,-105.0582262090509,2.0775738,-2.4009461,14.751111,2.8440495,-18.633575,-1.809027,13.899684,-26.230598,61.688908,15.885773,5.041976,9.300446,-7.4615755,-13.955864,42.44571,59.527733,-5.2858396,4.750978,-14.884438,6.6985035,-0.111072704,28.977528,5.709602,-9.109786,-1.898397,8.560676,-4.0222254,0.8535863,5.774978,-8.719737,2.9738135
997,-7.670435428619385,-381.7859802246094,107.11420440673828,0.20723338369144287,-5.807673945975068,-105.05421137199453,2.064256,-2.4041374,14.764013,2.8647602,-18.607584,-1.7825727,13.904035,-26.225483,61.688263,15.868245,5.035988,9.314685,-7.4707384,-13.95913,42.449448,59.51306,-5.288965,4.7442875,-14.891861,6.6967363,-0.10823418,28.973028,5.7135158,-9.101878,-1.8840115,8.563847,-4.019857,0.85211575,5.774916,-8.706025,2.9818838
998,-7.649876117706299,-381.7629089355469,107.11333465576172,0.1841510661467429,-5.8213202225149745,-105.04675374979418,2.0559986,-2.3940246,14.7668495,2.869133,-18.591852,-1.7695564,13.905005,-26.224125,61.702408,15.852609,5.0300107,9.329375,-7.474132,-13.959806,42.447014,59.502277,-5.3216934,4.7378345,-14.916772,6.695816,-0.088638216,28.968163,5.714198,-9.092852,-1.876836,8.560585,-4.000092,0.85220593,5.7760224,-8.691429,2.983261
999,-7.62713098526001,-381.7347717285156,107.11393737792969,0.16152539841410551,-5.839965168936149,-105.03372198111481,2.031815,-2.3853264,14.775047,2.8860958,-18.54754,-1.7412952,13.907321,-26.219688,61.71383,15.831343,5.015877,9.353616,-7.472541,-13.960666,42.428646,59.48054,-5.3935966,4.738802,-14.936383,6.695035,-0.070357375,28.95763,5.7149806,-9.079839,-1.8667017,8.56264,-3.9812274,0.845511,5.7751203,-8.674333,2.9856653
1000,-7.611019134521484,-381.7173156738281,107.11521911621094,0.14788895601387883,-5.844016899450834,-105.02699022496945,2.0230818,-2.3868601,14.77546,2.8885312,-18.535534,-1.7317117,13.907897,-26.219526,61.728474,15.832367,5.0159593,9.357944,-7.473029,-13.960687,42.42375,59.467304,-5.4288054,4.7369633,-14.946771,6.68798,-0.062343564,28.950445,5.7093887,-9.068169,-1.8583586,8.552801,-3.97202,0.8457423,5.775341,-8.661515,2.9896395
1001,-7.592757701873779,-381.705078125,107.11739349365234,0.1459675415929276,-5.8325044813119495,-105.01910738127766,2.0067894,-2.405946,14.769014,2.891695,-18.522036,-1.7223474,13.909471,-26.221521,61.74934,15.84814,5.0176096,9.355013,-7.470246,-13.960186,42.41524,59.443592,-5.4590974,4.7412686,-14.933722,6.6594577,-0.0693394,28.934137,5.7099814,-9.059363,-1.8428944,8.528614,-3.9808424,0.8452466,5.773534,-8.647819,3.0021005
1002,-7.5813307762146,-381.6876525878906,107.12078857421875,0.15267638134021083,-5.807106790403335,-105.01281276077486,1.9927565,-2.4372504,14.753368,2.891762,-18.515173,-1.7211713,13.9109535,-26.226439,61.77673,15.877619,5.0247416,9.341621,-7.465422,-13.959533,42.412384,59.414864,-5.4783607,4.7516055,-14.908181,6.600984,-0.077084094,28.910007,5.726888,-9.049776,-1.8258955,8.483707,-3.9963367,0.8502734,5.7733026,-8.629423,3.0138521
1003,-7.561483383178711,-381.6714172363281,107.12312316894531,0.15460767979495282,-5.775001419839746,-105.00604441168637,1.981235,-2.4659388,14.730958,2.887867,-18.51599,-1.7262712,13.915909,-26.239174,61.806755,15.906629,5.0328116,9.322289,-7.4597573,-13.957248,42.414433,59.39048,-5.484554,4.7615623,-14.8810625,6.551813,-0.09130462,28.8889,5.7181916,-9.03354,-1.8063958,8.430397,-4.0118623,0.85739315,5.7715654,-8.608558,3.0301316
1004,-7.545315265655518,-381.6526794433594,107.12405395507812,0.15853479255280425,-5.754437507801036,-105.0036045957435,1.9770135,-2.491594,14.71544,2.8809822,-18.515078,-1.7366619,13.921685,-26.261547,61.84023,15.916095,5.0357423,9.303414,-7.4544706,-13.95432,42.423756,59.374245,-5.4748626,4.7696595,-14.8614855,6.50709,-0.10225141,28.872704,5.721267,-9.0206995,-1.7888494,8.389372,-4.0266147,0.86570996,5.771183,-8.589626,3.0424614
1005,-7.526523590087891,-381.63861083984375,107.1239242553711,0.1568327865706456,-5.749278045244987,-105.00247674584432,1.9730968,-2.5035274,14.714216,2.8809686,-18.515713,-1.736362,13.92299,-26.266096,61.854122,15.931621,5.0376973,9.281203,-7.4512844,-13.95357,42.42581,59.36734,-5.4614305,4.7746496,-14.842255,6.489716,-0.11143651,28.866137,5.716271,-9.011679,-1.7744083,8.370127,-4.035768,0.8702755,5.770235,-8.576196,3.0529354
1006,-7.5055317878723145,-381.6192932128906,107.12445068359375,0.15576760487382613,-5.744277798143864,-105.00546670318413,1.9783664,-2.517041,14.704064,2.880529,-18.512344,-1.7428948,13.928103,-26.277267,61.879597,15.944386,5.0340414,9.249188,-7.440766,-13.950661,42.431477,59.357265,-5.428477,4.7872105,-14.818385,6.4624004,-0.11879918,28.86081,5.7229486,-9.005357,-1.7578026,8.344954,-4.046445,0.8808343,5.772007,-8.560369,3.0629127
1007,-7.486452102661133,-381.6089782714844,107.12464141845703,0.14984046179231714,-5.744840006096146,-105.00690010584951,1.9816638,-2.5228689,14.701657,2.8799405,-18.512405,-1.7474124,13.932349,-26.287886,61.89355,15.946406,5.031449,9.222386,-7.433093,-13.948112,42.436275,59.35322,-5.402475,4.7943335,-14.803138,6.454683,-0.1232468,28.859795,5.7201614,-9.002109,-1.7462906,8.332907,-4.05067,0.8868915,5.7742195,-8.551947,3.070988
1008,-7.467809200286865,-381.5885009765625,107.12515258789062,0.14722956508432922,-5.749973188836764,-105.01289002790011,1.9948924,-2.532877,14.700697,2.8698907,-18.512522,-1.7658036,13.941144,-26.311943,61.92278,15.929619,5.0221195,9.202798,-7.4234233,-13.9423,42.445786,59.3484,-5.3853717,4.7997212,-14.803437,6.4395223,-0.12756369,28.860062,5.7249827,-8.994443,-1.7322807,8.319809,-4.0572257,0.8981462,5.775323,-8.536726,3.078709
1009,-7.4464111328125,-381.56280517578125,107.12443542480469,0.13416667250780637,-5.762147253614366,-105.0139035947361,2.0006502,-2.531669,14.708641,2.8615549,-18.51947,-1.7762998,13.946184,-26.320084,61.933994,15.9061985,5.01669,9.196868,-7.418413,-13.938133,42.44783,59.342587,-5.4098644,4.7982106,-14.820948,6.4349065,-0.121135466,28.858843,5.724846,-8.984253,-1.7203847,8.311821,-4.051132,0.90572655,5.776349,-8.518906,3.0849729
1010,-7.424288749694824,-381.5352783203125,107.12434387207031,0.12024906277742319,-5.782497523668911,-105.01551295290767,2.008393,-2.5269015,14.725141,2.846013,-18.533823,-1.7927041,13.950186,-26.32357,61.949635,15.872116,5.005248,9.198779,-7.413566,-13.933744,42.44613,59.33534,-5.457415,4.7928658,-14.853932,6.44088,-0.11521876,28.860424,5.7194715,-8.97118,-1.708603,8.313191,-4.0434923,0.91230834,5.776992,-8.50117,3.0910413
1011,-7.400794506072998,-381.51019287109375,107.12471008300781,0.10687061958041265,-5.800787560994864,-105.01867716057274,2.0165503,-2.5235853,14.741077,2.8322709,-18.55194,-1.8090543,13.953686,-26.323689,61.960022,15.844754,4.9950867,9.2035055,-7.408951,-13.928919,42.443,59.32629,-5.5100346,4.787919,-14.884148,6.440806,-0.10870093,28.86176,5.72439,-8.964658,-1.6958576,8.312294,-4.038102,0.9205735,5.7785115,-8.484357,3.0990071
1012,-7.377889633178711,-381.48822021484375,107.12562561035156,0.10073790986677458,-5.808145194525333,-105.02641612831691,2.0260715,-2.5289078,14.751265,2.8211098,-18.580437,-1.8263075,13.958414,-26.326307,61.96512,15.833978,4.986989,9.205831,-7.4061017,-13.922089,42.44025,59.318394,-5.550691,4.78501,-14.895894,6.434583,-0.11348382,28.865816,5.7209783,-8.955937,-1.681241,8.299111,-4.0428,0.9341775,5.780151,-8.467178,3.110159
1013,-7.35394811630249,-381.4665222167969,107.12691497802734,0.10685691507419823,-5.79970856217861,-105.04173012739511,2.035979,-2.547393,14.7522,2.816602,-18.617363,-1.8405639,13.963097,-26.335472,61.958424,15.846059,4.9851413,9.207633,-7.406362,-13.916595,42.446484,59.309998,-5.565754,4.7848563,-14.8784685,6.40295,-0.13194609,28.869566,5.724719,-8.947336,-1.6599638,8.265583,-4.0650253,0.95691043,5.7812877,-8.446282,3.127311
1014,-7.336045742034912,-381.44720458984375,107.12848663330078,0.11918482684898889,-5.778191100856032,-105.06219938649261,2.045143,-2.5754793,14.741994,2.8175967,-18.66351,-1.8553374,13.979307,-26.374838,61.943966,15.843279,4.9883103,9.214883,-7.4201317,-13.902367,42.482033,59.322254,-5.5470815,4.780227,-14.850206,6.3666596,-0.15721425,28.877373,5.718099,-8.936035,-1.6414179,8.216615,-4.0924306,0.9866732,5.7832665,-8.42488,3.1439776
1015,-7.317932605743408,-381.4288330078125,107.13028717041016,0.13684178725125115,-5.757310339480827,-105.08398108360085,2.0528164,-2.6093469,14.733675,2.823273,-18.708454,-1.8652866,14.001377,-26.419699,61.916862,15.834121,4.9961348,9.222556,-7.4409356,-13.886693,42.531406,59.343052,-5.5142713,4.7748036,-14.82241,6.322809,-0.18659143,28.883698,5.72226,-8.928083,-1.6201,8.169616,-4.126867,1.0161991,5.784815,-8.404367,3.1624115
1016,-7.298670768737793,-381.4138488769531,107.1308364868164,0.14862404942249433,-5.7443181259360845,-105.10188677656478,2.0624557,-2.6381288,14.7323265,2.8249469,-18.74951,-1.8807349,14.018054,-26.441448,61.898285,15.840402,4.9984455,9.22294,-7.4511538,-13.8761215,42.56061,59.346214,-5.5020547,4.7803864,-14.8042345,6.2953753,-0.21188986,28.891514,5.7204456,-8.921993,-1.601905,8.133996,-4.154595,1.0404152,5.7881374,-8.3888,3.1791425
1017,-7.278845310211182,-381.3905334472656,107.13011932373047,0.15720536533255025,-5.74541204771103,-105.1147025044103,2.0763316,-2.6603625,14.744318,2.8212416,-18.784447,-1.9026932,14.026243,-26.44435,61.887253,15.855264,4.9981866,9.216958,-7.452221,-13.870844,42.569565,59.339104,-5.5127306,4.794634,-14.804334,6.277155,-0.23143065,28.897142,5.7218122,-8.913561,-1.5846328,8.111614,-4.176428,1.0578941,5.7914824,-8.371899,3.1923869
1018,-7.257069110870361,-381.3661804199219,107.12987518310547,0.16407320648172552,-5.754346808163202,-105.12372185640096,2.0909011,-2.6793041,14.761508,2.8153636,-18.809706,-1.9266849,14.030855,-26.441133,61.879803,15.871719,4.996876,9.208812,-7.449956,-13.867766,42.5713,59.330284,-5.533109,4.8149323,-14.814229,6.2686267,-0.2508209,28.901947,5.72057,-8.904733,-1.5673883,8.097045,-4.196451,1.0703813,5.799042,-8.358943,3.2051203
1019,-7.236827373504639,-381.34619140625,107.12908172607422,0.1707672858992658,-5.761866262633321,-105.13435041716627,2.107317,-2.703947,14.78175,2.8110764,-18.848173,-1.9543145,14.048446,-26.421932,61.868614,15.894558,4.992122,9.191038,-7.448172,-13.855434,42.564953,59.320614,-5.558643,4.8359003,-14.827689,6.264645,-0.2704995,28.909819,5.7160935,-8.898008,-1.552644,8.046067,-4.2152677,1.0969096,5.8764153,-8.382976,3.2169971
1020,-7.219404697418213,-381.32440185546875,107.12763977050781,0.1763123160375068,-5.764182578551008,-105.14453352676367,2.1172686,-2.7262378,14.792695,2.8168046,-18.870522,-1.9679652,14.066512,-26.4053,61.841846,15.908996,4.993484,9.177546,-7.4493923,-13.842376,42.558823,59.320034,-5.5762453,4.848802,-14.830875,6.2497673,-0.28507945,28.91419,5.7162704,-8.889246,-1.5383517,7.9792323,-4.2305894,1.1284841,5.9704084,-8.413543,3.2267318
1021,-7.202892780303955,-381.3013916015625,107.12628173828125,0.17707365912811338,-5.755486834861596,-105.15478857351536,2.1215537,-2.747039,14.788957,2.8362086,-18.885422,-1.9732443,14.093967,-26.398659,61.80553,15.898873,4.995991,9.167336,-7.4556556,-13.822476,42.560364,59.331673,-5.572334,4.852877,-14.82571,6.224126,-0.29403216,28.916092,5.7108245,-8.874679,-1.5246577,7.8989887,-4.2395945,1.165269,6.0612607,-8.439027,3.2346497
1022,-7.182680130004883,-381.275390625,107.12405395507812,0.1755502050989666,-5.741106151975906,-105.16473955196575,2.1236205,-2.7646575,14.774965,2.8640838,-18.890997,-1.9784745,14.124127,-26.410688,61.769073,15.862295,5.000355,9.162527,-7.4663014,-13.800889,42.57289,59.355633,-5.546689,4.850008,-14.818999,6.185615,-0.30018583,28.914198,5.711337,-8.860024,-1.507919,7.8034754,-4.2477326,1.2073989,6.162152,-8.465593,3.2439504
1023,-7.155411720275879,-381.24957275390625,107.12491607666016,0.17691928115876368,-5.726306889559465,-105.17598520541029,2.1273158,-2.7839353,14.759063,2.8855255,-18.889502,-1.9902097,14.153151,-26.430489,61.74521,15.827042,5.0007715,9.160265,-7.473039,-13.780588,42.587677,59.373505,-5.513703,4.847693,-14.8109455,6.142713,-0.31322747,28.912039,5.7170806,-8.849251,-1.4854457,7.73512,-4.2645774,1.2412403,6.208768,-8.46398,3.2587452
1024,-7.135756492614746,-381.2301330566406,107.12434387207031,0.18415524417877774,-5.716585124586839,-105.1898156522563,2.1273923,-2.8156257,14.748597,2.8998294,-18.883121,-1.9874977,14.203243,-26.465261,61.692566,15.78746,5.014432,9.159405,-7.495843,-13.746205,42.618713,59.418156,-5.4783163,4.8329654,-14.804506,6.117581,-0.3326739,28.91702,5.713633,-8.83975,-1.4678603,7.6516733,-4.284349,1.2813443,6.306073,-8.493993,3.2715578
1025,-7.11285400390625,-381.2080993652344,107.12316131591797,0.204880572976216,-5.71631518882776,-105.2108209725988,2.1357677,-2.8515773,14.750819,2.8837202,-18.87333,-2.0084772,14.220151,-26.476099,61.686077,15.819834,5.015858,9.1605215,-7.500861,-13.73557,42.634354,59.42164,-5.455588,4.8283854,-14.787934,6.0949163,-0.3686141,28.928253,5.7195263,-8.83466,-1.4433337,7.5460386,-4.322266,1.3332636,6.462641,-8.553534,3.29065
1026,-7.092136383056641,-381.18634033203125,107.12117004394531,0.23124561687106532,-5.719567736178902,-105.23595659776778,2.1365256,-2.902802,14.757684,2.8631933,-18.859537,-2.0094633,14.265962,-26.498144,61.6438,15.849185,5.029922,9.161947,-7.5263867,-13.709488,42.67924,59.450867,-5.417346,4.8116117,-14.771113,6.0842395,-0.4130699,28.946653,5.7163777,-8.8286705,-1.4194357,7.4278398,-4.3655763,1.392073,6.6517086,-8.630655,3.310474
1027,-7.067872047424316,-381.1721496582031,107.11992645263672,0.25968499978536763,-5.725040032372493,-105.25881616904701,2.1427612,-2.9471006,14.765203,2.832183,-18.83778,-2.02953,14.28544,-26.5055,61.639545,15.905557,5.0316963,9.163759,-7.5317655,-13.699386,42.69944,59.45023,-5.4007864,4.8062787,-14.753592,6.0789537,-0.4635115,28.963968,5.714984,-8.829051,-1.3936541,7.333103,-4.4149995,1.4408524,6.8103313,-8.697131,3.334139
1028,-7.0505218505859375,-381.1543884277344,107.11741638183594,0.28246065364539386,-5.730464271312971,-105.27252737470727,2.142347,-2.9890225,14.768381,2.8166113,-18.80756,-2.042057,14.311821,-26.514477,61.62454,15.92854,5.03341,9.163022,-7.5393367,-13.686642,42.721447,59.45812,-5.396262,4.804686,-14.749452,6.0708485,-0.5013875,28.97212,5.71437,-8.824716,-1.3736608,7.231441,-4.4517107,1.4846606,6.9836125,-8.770913,3.350532
1029,-7.032590389251709,-381.1319274902344,107.11393737792969,0.2978156380068388,-5.736219138559348,-105.27235050055845,2.1340132,-3.0276234,14.7685995,2.8215334,-18.766714,-2.0419862,14.354419,-26.521576,61.58629,15.907684,5.0353856,9.153933,-7.545032,-13.665394,42.731647,59.471703,-5.4308896,4.8110666,-14.76478,6.058603,-0.52939457,28.96611,5.713395,-8.815438,-1.3550845,7.1335554,-4.478226,1.5153071,7.1494513,-8.839382,3.3636837
1030,-7.017943859100342,-381.1145324707031,107.11035919189453,0.30907093771683575,-5.7432434372116905,-105.26264006232759,2.125301,-3.0606513,14.766813,2.8314614,-18.715586,-2.0480053,14.391199,-26.524027,61.558475,15.872683,5.030451,9.140583,-7.5393906,-13.645818,42.71936,59.47654,-5.5015545,4.826946,-14.791544,6.049613,-0.55042535,28.952036,5.714715,-8.808985,-1.3408471,7.0561213,-4.4982285,1.5308098,7.2903385,-8.900149,3.3736963
1031,-6.998415946960449,-381.09539794921875,107.10557556152344,0.31859373675697666,-5.749333938621807,-105.25078591560599,2.1179307,-3.0922616,14.760571,2.8422735,-18.657745,-2.054146,14.427817,-26.526262,61.53518,15.835077,5.024873,9.128318,-7.5291033,-13.625489,42.696228,59.48302,-5.5734053,4.8421874,-14.816986,6.0387034,-0.5727717,28.935411,5.713712,-8.80096,-1.3238163,6.9696646,-4.518693,1.5483104,7.443286,-8.965048,3.3858268
1032,-6.981331825256348,-381.0726318359375,107.09986877441406,0.33074369077860666,-5.752715116792114,-105.24437466478119,2.1140587,-3.1243136,14.74853,2.8483715,-18.594402,-2.0631154,14.456629,-26.527517,61.528683,15.815019,5.018929,9.12432,-7.5171924,-13.609199,42.67827,59.4905,-5.60563,4.8516283,-14.829173,6.02371,-0.5968338,28.922758,5.7103543,-8.788846,-1.3067408,6.8558707,-4.539859,1.581448,7.635532,-9.045967,3.3964362
1033,-6.961886405944824,-381.0494079589844,107.0943832397461,0.34148455838856195,-5.753995703247071,-105.2446574327794,2.1088886,-3.1614897,14.732467,2.8576665,-18.52707,-2.0486717,14.508569,-26.52559,61.494026,15.805929,5.025794,9.126975,-7.51531,-13.578778,42.664215,59.52274,-5.584555,4.841478,-14.819932,6.0064096,-0.6196581,28.91623,5.7089634,-8.778756,-1.2892494,6.740506,-4.56051,1.6239475,7.8214116,-9.120851,3.407764
1034,-6.9410600662231445,-381.0258483886719,107.0877685546875,0.3510817668179016,-5.754403281276441,-105.24840561929064,2.1077602,-3.188867,14.7076025,2.8607917,-18.447357,-2.0580065,14.527822,-26.519554,61.523144,15.821695,5.016446,9.144833,-7.5040355,-13.567476,42.66471,59.54064,-5.5083985,4.8345413,-14.801738,5.9843655,-0.64010787,28.911749,5.7143917,-8.771761,-1.2711145,6.614348,-4.5801864,1.6752133,8.023131,-9.201877,3.419274
1035,-6.9159040451049805,-381.0050354003906,107.0811767578125,0.3653529737145339,-5.75015501850359,-105.25363961253353,2.1005185,-3.2240062,14.678683,2.8705373,-18.368315,-2.0438585,14.559519,-26.507141,61.514763,15.837004,5.0222063,9.159505,-7.503232,-13.54912,42.672947,59.57531,-5.4312506,4.8198595,-14.779551,5.961141,-0.6716538,28.908125,5.712294,-8.763292,-1.2487067,6.477084,-4.6089654,1.7317231,8.23637,-9.288743,3.4352188
1036,-6.895246505737305,-380.98968505859375,107.07341766357422,0.39067764575919983,-5.737376598130946,-105.2594222055668,2.0965161,-3.2695098,14.640881,2.8684635,-18.288921,-2.0387824,14.585337,-26.49816,61.522297,15.854313,5.0219345,9.166977,-7.493249,-13.534504,42.681515,59.593876,-5.385132,4.817146,-14.765143,5.929714,-0.7147285,28.902344,5.7122693,-8.757508,-1.2253451,6.3049393,-4.6494875,1.798638,8.504065,-9.406019,3.4525611
1037,-6.87861967086792,-380.97564697265625,107.06559753417969,0.43496487914787213,-5.7106779650372665,-105.26765879372218,2.0941482,-3.3368986,14.591613,2.857558,-18.210787,-2.0246062,14.621155,-26.496626,61.505596,15.863197,5.0330606,9.162781,-7.4815087,-13.514869,42.688705,59.609932,-5.389686,4.8221097,-14.761032,5.879934,-0.7777029,28.89303,5.7171216,-8.75374,-1.1979328,6.084147,-4.7113233,1.8820329,8.834307,-9.5543375,3.4732497
1038,-6.859841823577881,-380.95892333984375,107.05680847167969,0.4924901139564879,-5.673147766118861,-105.27812794716964,2.0989995,-3.4129968,14.530018,2.8307018,-18.129068,-2.0260506,14.641092,-26.502415,61.51674,15.879159,5.0392613,9.155883,-7.4564385,-13.504662,42.69033,59.60745,-5.421289,4.8388057,-14.762029,5.8170586,-0.85937446,28.881702,5.7169623,-8.745823,-1.16384,5.817023,-4.7902827,1.9823769,9.222003,-9.727868,3.4990413
1039,-6.845498085021973,-380.9566955566406,107.0490493774414,0.5483627259930837,-5.63441477005878,-105.2857830446863,2.1041584,-3.4910533,14.467565,2.8019288,-18.050764,-2.0233107,14.6708975,-26.51627,61.516655,15.8860235,5.046812,9.14272,-7.430127,-13.4903965,42.688393,59.60645,-5.466184,4.8544908,-14.763577,5.7618494,-0.93868893,28.870392,5.7180395,-8.746194,-1.1345054,5.5845904,-4.867348,2.0678656,9.561452,-9.887145,3.5237806
1040,-6.825357437133789,-380.954345703125,107.03993225097656,0.5900778573086235,-5.603904399098813,-105.28552867983572,2.1022444,-3.5591106,14.415096,2.7840476,-17.983662,-2.0001857,14.720925,-26.535465,61.47273,15.873028,5.0638003,9.122492,-7.414715,-13.467584,42.684566,59.624733,-5.5119324,4.856414,-14.759667,5.7141542,-1.0038221,28.855314,5.720888,-8.747555,-1.1055999,5.390503,-4.930735,2.1324499,9.848189,-10.021312,3.548577
1041,-6.804037094116211,-380.94805908203125,107.03199768066406,0.6119015852912555,-5.579307010766716,-105.27257711679607,2.091633,-3.5997288,14.365062,2.775675,-17.923094,-1.9871916,14.748346,-26.53947,61.456104,15.872869,5.06194,9.095866,-7.3990912,-13.456011,42.6878,59.639473,-5.5532207,4.8573847,-14.749711,5.6723275,-1.0448755,28.832603,5.720243,-8.743241,-1.0812575,5.2478747,-4.970246,2.1663568,10.049996,-10.112128,3.5682125
1042,-6.780966281890869,-380.9430236816406,107.02546691894531,0.6201057306589367,-5.557705008640327,-105.25117246236621,2.0724363,-3.6304045,14.318455,2.7770967,-17.870283,-1.9629865,14.78229,-26.537054,61.420376,15.868183,5.0583925,9.059394,-7.3898244,-13.443153,42.697407,59.6606,-5.5993776,4.8532567,-14.73603,5.5867615,-1.044021,28.793264,5.8233423,-8.789335,-1.0605067,5.1485376,-4.995403,2.1762645,10.18086,-10.169002,3.5856335
1043,-6.756452560424805,-380.9313659667969,107.02014923095703,0.623642840053597,-5.544482120189572,-105.2282153422319,2.0524154,-3.6520016,14.278636,2.7792423,-17.822233,-1.9423032,14.807516,-26.531096,61.39684,15.867511,5.0504675,9.028045,-7.3798575,-13.434671,42.70732,59.67982,-5.631258,4.8476143,-14.720983,5.4893456,-1.0271119,28.750246,5.9662614,-8.852228,-1.0406214,5.072117,-5.014792,2.1766992,10.280328,-10.207785,3.6019902
1044,-6.731507778167725,-380.9251708984375,107.01514434814453,0.6281038556409543,-5.545137620171605,-105.21046253796507,2.0322113,-3.6725702,14.253734,2.7840843,-17.781752,-1.9100463,14.83545,-26.522991,61.358017,15.865321,5.054463,9.011442,-7.374211,-13.426648,42.716934,59.70342,-5.631859,4.8368125,-14.706388,5.4322596,-1.0234152,28.721607,6.068606,-8.902384,-1.0224066,5.0275393,-5.0366488,2.172195,10.357926,-10.241603,3.6200645
1045,-6.7003889083862305,-380.91693115234375,107.00916290283203,0.635130295755738,-5.566616880471732,-105.19904684861004,2.0194588,-3.687044,14.247016,2.7822928,-17.751831,-1.8977394,14.839528,-26.522202,61.362827,15.870745,5.0554814,9.0261965,-7.3624697,-13.425718,42.71585,59.720486,-5.5809517,4.824044,-14.693145,5.408394,-1.032547,28.705835,6.1499405,-8.946318,-1.0011439,5.010036,-5.065183,2.165832,10.427961,-10.273643,3.6431882
1046,-6.663600444793701,-380.909912109375,107.00382232666016,0.6388914587754422,-5.6057497106049645,-105.18905562280581,2.005884,-3.7012465,14.254881,2.7781088,-17.709927,-1.8688675,14.853695,-26.522757,61.34603,15.872635,5.06906,9.055193,-7.3487597,-13.423588,42.70838,59.73921,-5.4964485,4.8034525,-14.678112,5.4199014,-1.0495056,28.699783,6.2027397,-8.981297,-0.9787827,5.0359287,-5.094073,2.146934,10.457901,-10.289506,3.6697257
1047,-6.627123832702637,-380.89813232421875,106.99979400634766,0.6434342622398459,-5.64870555708382,-105.18409236636452,1.9991634,-3.7139452,14.270234,2.7726474,-17.684822,-1.8429185,14.869719,-26.52653,61.33039,15.870779,5.0833907,9.084664,-7.336222,-13.422865,42.696095,59.758278,-5.412523,4.7829723,-14.663956,5.4458365,-1.0731676,28.702103,6.2280064,-9.000728,-0.9560307,5.0723953,-5.1230435,2.12936,10.468891,-10.292899,3.695787
1048,-6.587218284606934,-380.8936462402344,106.99696350097656,0.6456357762186281,-5.681330227782199,-105.18573323009798,2.0007405,-3.7209003,14.277349,2.765102,-17.67013,-1.8295773,14.8746,-26.527832,61.33776,15.869981,5.0885096,9.1015215,-7.3258204,-13.423325,42.691486,59.780293,-5.3566422,4.769157,-14.654231,5.4739966,-1.1024648,28.712269,6.232626,-9.014086,-0.93178695,5.1108713,-5.152954,2.1171887,10.45616,-10.285485,3.7243247
1049,-6.54997444152832,-380.8930969238281,106.99540710449219,0.646971439414938,-5.707969288283719,-105.19608392371651,2.0166552,-3.726662,14.282408,2.7416868,-17.656141,-1.8210882,14.880182,-26.52909,61.3489,15.866949,5.0892673,9.09321,-7.3124776,-13.4246645,42.68851,59.804417,-5.3413205,4.759148,-14.650982,5.509045,-1.1351238,28.734068,6.214513,-9.0175295,-0.90942067,5.151756,-5.1809826,2.1124728,10.426331,-10.2700405,3.751125
1050,-6.51394510269165,-380.89508056640625,106.99530792236328,0.6486083909146949,-5.728288441661579,-105.21358371421825,2.042149,-3.7310426,14.285198,2.7110288,-17.651993,-1.8184804,14.886625,-26.529669,61.367573,15.861256,5.085018,9.069802,-7.2985845,-13.427238,42.68801,59.8271,-5.347806,4.7539344,-14.652263,5.553948,-1.1756369,28.766132,6.1639376,-9.005948,-0.8876277,5.192683,-5.2092066,2.114249,10.381647,-10.2467575,3.777491
1051,-6.477151870727539,-380.89898681640625,106.99556732177734,0.6458724302346859,-5.7458153713269375,-105.23443003803722,2.0715833,-3.7311015,14.286573,2.685172,-17.65603,-1.815408,14.894138,-26.529638,61.38514,15.853533,5.081094,9.045454,-7.2883034,-13.431788,42.69164,59.852303,-5.368089,4.751603,-14.653334,5.5902233,-1.2075741,28.799433,6.129362,-9.003449,-0.86675125,5.2387123,-5.2330775,2.1177943,10.320699,-10.215087,3.8035026
1052,-6.437561511993408,-380.9054260253906,106.9952392578125,0.6385921530190718,-5.761204148687433,-105.25447426526807,2.1000235,-3.7234352,14.284435,2.674468,-17.661798,-1.8082551,14.897484,-26.529356,61.397743,15.846077,5.082512,9.03565,-7.2847424,-13.434891,42.696667,59.882854,-5.397546,4.7526474,-14.649377,5.6089892,-1.2272689,28.826681,6.129295,-9.019082,-0.8454954,5.287922,-5.2535043,2.119916,10.250443,-10.178932,3.830646
1053,-6.398009300231934,-380.9132385253906,106.99575805664062,0.6218248416624675,-5.77650585099867,-105.27405840999201,2.126294,-3.7031708,14.282129,2.6845074,-17.674097,-1.7865988,14.904234,-26.528975,61.38525,15.836365,5.09678,9.046948,-7.293303,-13.445421,42.720787,59.91811,-5.4335523,4.759881,-14.639968,5.6170683,-1.228776,28.850065,6.154934,-9.04747,-0.82703274,5.35717,-5.262615,2.1158183,10.143173,-10.124313,3.8555732
1054,-6.356328964233398,-380.922119140625,106.99608612060547,0.5995355382113073,-5.787622950112325,-105.29358260815246,2.1537209,-3.673055,14.274224,2.7103534,-17.689302,-1.7623644,14.906566,-26.528612,61.370426,15.828781,5.1164145,9.071835,-7.3090396,-13.455125,42.74788,59.96237,-5.489681,4.772,-14.626158,5.603607,-1.2151977,28.867567,6.218543,-9.095078,-0.8087197,5.4321213,-5.2665534,2.1100998,10.014773,-10.057709,3.8807707
1055,-6.31094217300415,-380.9265441894531,106.99629974365234,0.5766966888544663,-5.798385940381088,-105.31446151733904,2.1839952,-3.641852,14.264765,2.7296097,-17.703678,-1.7436577,14.906035,-26.528278,61.36659,15.820944,5.131542,9.096898,-7.3234386,-13.462252,42.766136,60.007294,-5.5471883,4.7821765,-14.6110525,5.5845237,-1.2014264,28.884203,6.2858768,-9.142217,-0.7875929,5.5023127,-5.2714477,2.1074722,9.887435,-9.988182,3.9076557
1056,-6.271807670593262,-380.9278259277344,106.99723052978516,0.558030839332255,-5.8135964780686935,-105.33883407647609,2.2092743,-3.6142576,14.260622,2.7508948,-17.721672,-1.7172005,14.904418,-26.525766,61.356987,15.801297,5.1434402,9.116926,-7.3431573,-13.46888,42.786526,60.051342,-5.568657,4.7826605,-14.59689,5.5869484,-1.1976093,28.908815,6.3166733,-9.169794,-0.76938146,5.5707593,-5.2767572,2.108557,9.7710495,-9.923824,3.9309206
1057,-6.229034423828125,-380.9282531738281,106.99613189697266,0.5452808214137269,-5.833736980900145,-105.36659238117274,2.2247036,-3.591709,14.2604065,2.7550626,-17.732569,-1.687995,14.897741,-26.505539,61.36142,15.771691,5.1376595,9.124843,-7.3624516,-13.488102,42.823772,60.079353,-5.529181,4.773195,-14.584284,5.5941234,-1.2032963,28.936586,6.3486176,-9.19975,-0.7479857,5.6227064,-5.291013,2.1182418,9.694415,-9.879418,3.9578474
1058,-6.186130523681641,-380.92926025390625,106.99620056152344,0.5351915082340922,-5.857859764475794,-105.39709857890684,2.246453,-3.5726128,14.263415,2.743394,-17.740952,-1.6649741,14.8915615,-26.489769,61.37553,15.72966,5.1242685,9.124949,-7.3746333,-13.501748,42.828617,60.10879,-5.481759,4.749865,-14.567725,5.621029,-1.2208487,28.970682,6.3485312,-9.215641,-0.7259866,5.687574,-5.309035,2.125994,9.603081,-9.828587,3.9855237
1059,-6.144287109375,-380.9303283691406,106.99498748779297,0.5289802479267043,-5.880433444577219,-105.42929963308619,2.2668793,-3.5566182,14.268579,2.730007,-17.754696,-1.6403943,14.88283,-26.4614,61.388588,15.708201,5.1084337,9.11857,-7.380527,-13.51868,42.826168,60.11198,-5.4322453,4.737174,-14.552695,5.643902,-1.2409395,29.005226,6.35413,-9.234393,-0.70377713,5.7313175,-5.330643,2.1422043,9.547565,-9.795488,4.0135837
1060,-6.102419376373291,-380.9283752441406,106.99388122558594,0.5243140938799202,-5.89676208518833,-105.46139615426974,2.2878,-3.545302,14.266719,2.718746,-17.770866,-1.6200114,14.879047,-26.45334,61.400803,15.695113,5.100385,9.11127,-7.3940697,-13.525527,42.823357,60.130093,-5.4024615,4.7249084,-14.54529,5.657259,-1.2624326,29.03808,6.3586826,-9.249386,-0.67986524,5.759544,-5.353838,2.163159,9.502931,-9.765001,4.0417295
1061,-6.061596393585205,-380.9301452636719,106.99287414550781,0.5247252124746586,-5.905571577326367,-105.4950378872891,2.3077407,-3.539369,14.260992,2.7126727,-17.796442,-1.5995784,14.876035,-26.45083,61.40516,15.72067,5.1032457,9.099696,-7.408859,-13.530864,42.82424,60.133835,-5.394938,4.731323,-14.545197,5.6751094,-1.2968109,29.07416,6.3376327,-9.252922,-0.654202,5.7731004,-5.3833847,2.1895382,9.472264,-9.742369,4.0712137
1062,-6.0248823165893555,-380.9357604980469,106.99219512939453,0.5286107582658245,-5.908941414651343,-105.5304459062282,2.3243415,-3.5344014,14.251769,2.709586,-17.82908,-1.577795,14.8686495,-26.451252,61.405857,15.770887,5.1122894,9.085881,-7.425777,-13.544901,42.837006,60.12284,-5.3886805,4.749543,-14.550623,5.7011876,-1.3397833,29.114428,6.291543,-9.245535,-0.63011104,5.777278,-5.415327,2.2200127,9.451562,-9.726488,4.099584
1063,-5.986173629760742,-380.9377136230469,106.99134826660156,0.5333642437092508,-5.909191357082804,-105.56437946036915,2.3401313,-3.5329387,14.240222,2.7097023,-17.863377,-1.5597788,14.864916,-26.456997,61.409744,15.821097,5.119669,9.071093,-7.4443774,-13.552574,42.84704,60.10938,-5.39149,4.7701344,-14.562763,5.7173405,-1.3828243,29.150967,6.251498,-9.238247,-0.60353184,5.769537,-5.448914,2.2532802,9.441558,-9.713193,4.128961
1064,-5.952526569366455,-380.94000244140625,106.99113464355469,0.5342311126124987,-5.907886439020907,-105.59407719388726,2.352026,-3.52779,14.226751,2.7156894,-17.897943,-1.5432662,14.861242,-26.463823,61.41652,15.84928,5.1213155,9.061596,-7.468428,-13.560621,42.858547,60.096733,-5.393339,4.782503,-14.58003,5.723964,-1.4128504,29.181395,6.2300363,-9.23865,-0.5815982,5.768034,-5.4746504,2.2812555,9.418947,-9.694204,4.1539464
1065,-5.914331436157227,-380.93890380859375,106.98954010009766,0.5292193382319234,-5.903037598076948,-105.61611903772739,2.359732,-3.5165071,14.209354,2.7312074,-17.931921,-1.5283846,14.857585,-26.467157,61.42683,15.849699,5.11333,9.057262,-7.496447,-13.568364,42.865673,60.085903,-5.403388,4.783207,-14.605736,5.693764,-1.4214902,29.196117,6.2720966,-9.267127,-0.55797875,5.7590213,-5.4953556,2.3060765,9.398959,-9.673992,4.179774
1066,-5.879446983337402,-380.93975830078125,106.98847961425781,0.5207815767012433,-5.894626230883665,-105.63318744418699,2.3643968,-3.5031958,14.188773,2.7562075,-17.969221,-1.5148236,14.854688,-26.466967,61.438763,15.836696,5.0996356,9.055975,-7.528333,-13.574175,42.867603,60.074364,-5.423763,4.7785816,-14.638698,5.657388,-1.4223402,29.205019,6.32041,-9.297657,-0.5372419,5.7545214,-5.510222,2.325505,9.3665905,-9.648887,4.202723
1067,-5.844210624694824,-380.9353942871094,106.98573303222656,0.51220221967009,-5.887482389504716,-105.6510660873182,2.365967,-3.489618,14.171203,2.7820523,-18.011072,-1.5010312,14.851323,-26.464046,61.44955,15.822163,5.084446,9.055222,-7.5629716,-13.580535,42.866783,60.05755,-5.4451337,4.771406,-14.669492,5.6006927,-1.4115844,29.209631,6.4100437,-9.3457365,-0.5164906,5.7358017,-5.523854,2.3507924,9.357178,-9.632042,4.2250476
1068,-5.807552337646484,-380.9298400878906,106.98432922363281,0.5089135505986725,-5.887472436044766,-105.67548189123248,2.3661766,-3.4808552,14.162797,2.7955139,-18.054419,-1.4869874,14.848787,-26.461155,61.45795,15.818611,5.0723257,9.051884,-7.596853,-13.585716,42.86408,60.029266,-5.45862,4.767595,-14.690845,5.5822353,-1.4251572,29.22828,6.433847,-9.363545,-0.49389473,5.7285695,-5.5446777,2.3776093,9.338996,-9.610364,4.2492356
1069,-5.770247936248779,-380.9252014160156,106.98226928710938,0.509017153742142,-5.899663761041654,-105.71104841767414,2.3651104,-3.4769564,14.167177,2.7878034,-18.094475,-1.4711502,14.8467865,-26.460995,61.462524,15.826666,5.063366,9.044545,-7.631542,-13.591325,42.86015,59.990612,-5.4534755,4.7647557,-14.698303,5.589493,-1.448889,29.262478,6.438181,-9.376068,-0.47231188,5.727042,-5.56976,2.4125571,9.336214,-9.597972,4.27427
1070,-5.728036403656006,-380.9199523925781,106.97976684570312,0.5140365671084319,-5.919493505231613,-105.75387357359732,2.3626761,-3.4768362,14.18068,2.7680256,-18.138367,-1.4548365,14.846296,-26.463903,61.464363,15.839711,5.0559874,9.035637,-7.6674323,-13.595506,42.85528,59.941612,-5.4365673,4.763275,-14.697184,5.618062,-1.4889643,29.30751,6.4150505,-9.378271,-0.44753978,5.7256083,-5.603417,2.4540634,9.34638,-9.591436,4.30333
1071,-5.6863112449646,-380.9146728515625,106.97665405273438,0.5200662267958632,-5.938599019216778,-105.79366999183495,2.3561962,-3.4794416,14.193315,2.7478552,-18.173817,-1.4419395,14.846684,-26.467567,61.46989,15.855505,5.050987,9.02543,-7.699893,-13.597747,42.85214,59.88885,-5.4221992,4.761662,-14.696393,5.640962,-1.5277163,29.3476,6.4015136,-9.384596,-0.42217594,5.718132,-5.637951,2.4941478,9.367897,-9.591053,4.3325744
1072,-5.6416120529174805,-380.9087829589844,106.97449493408203,0.5287769559492452,-5.950771859224234,-105.83058759318263,2.353915,-3.4828231,14.206656,2.729169,-18.230062,-1.4355007,14.848467,-26.475311,61.47521,15.8663,5.0507994,9.019993,-7.734475,-13.600787,42.848698,59.83204,-5.426985,4.7648163,-14.698609,5.6675754,-1.5795093,29.385593,6.3572817,-9.374545,-0.39188254,5.7031064,-5.6779594,2.533476,9.386474,-9.587571,4.365211
1073,-5.608780860900879,-380.91119384765625,106.97396087646484,0.5366083119344225,-5.9494087180802415,-105.85324833080267,2.346946,-3.4873445,14.208554,2.7235987,-18.276415,-1.4400709,14.852208,-26.488417,61.492462,15.876363,5.0567975,9.014939,-7.7623577,-13.604172,42.848934,59.772896,-5.4632897,4.769504,-14.711463,5.688002,-1.6271445,29.409445,6.301534,-9.357792,-0.36713448,5.6900697,-5.711681,2.5568986,9.389294,-9.582606,4.3925185
1074,-5.570683002471924,-380.90728759765625,106.97237396240234,0.5470587762580194,-5.93963972962036,-105.8695839278142,2.337252,-3.4935076,14.206729,2.7235568,-18.33296,-1.4533194,14.856535,-26.504625,61.51772,15.88532,5.0673327,9.012065,-7.7875433,-13.606473,42.8538,59.70729,-5.518955,4.778518,-14.731213,5.683833,-1.6753969,29.42162,6.263774,-9.344647,-0.33570397,5.6483088,-5.750742,2.5832117,9.419115,-9.585829,4.424121
1075,-5.533949851989746,-380.9046630859375,106.97071838378906,0.5595522489394518,-5.929481752183087,-105.88208475813126,2.3278258,-3.5011773,14.203294,2.7236884,-18.375952,-1.4679612,14.86035,-26.516235,61.543346,15.895804,5.0784807,9.009692,-7.8104753,-13.6075325,42.85901,59.645267,-5.5714383,4.7862363,-14.749917,5.6837716,-1.7283804,29.42915,6.215697,-9.325955,-0.30295408,5.606083,-5.79175,2.605897,9.452961,-9.592589,4.4555545
1076,-5.509026527404785,-380.8968811035156,106.96932983398438,0.5749483631029431,-5.925285470373868,-105.89481005867529,2.3238096,-3.5111642,14.202819,2.721845,-18.41235,-1.4840288,14.864974,-26.524939,61.567295,15.899541,5.08368,9.009266,-7.830102,-13.607952,42.863163,59.58802,-5.5947204,4.7917237,-14.762946,5.695326,-1.7796817,29.435717,6.155683,-9.296882,-0.27523232,5.5569863,-5.8271,2.6319127,9.511863,-9.611347,4.478287
1077,-5.478908538818359,-380.88861083984375,106.9660873413086,0.5915769119587254,-5.9306457013810645,-105.9131406084292,2.3318164,-3.5232344,14.208529,2.7167428,-18.444195,-1.5037342,14.871561,-26.532259,61.591377,15.886538,5.079937,9.011926,-7.8473763,-13.6076145,42.86648,59.53475,-5.5721946,4.795938,-14.766791,5.707254,-1.8302838,29.442358,6.1193132,-9.281987,-0.24312833,5.505636,-5.866411,2.665629,9.593006,-9.640901,4.5032215
1078,-5.444551944732666,-380.8743591308594,106.9615707397461,0.6115048325974299,-5.941493164593603,-105.93465836475502,2.3489869,-3.5377219,14.218191,2.7077637,-18.474525,-1.5276322,14.879642,-26.534052,61.618855,15.867211,5.068749,9.016428,-7.8626375,-13.6062565,42.868015,59.485912,-5.5224943,4.7984824,-14.764927,5.7197404,-1.8856758,29.448189,6.0872407,-9.267517,-0.20586357,5.4419913,-5.910607,2.7076988,9.700988,-9.680336,4.530067
1079,-5.411191463470459,-380.86761474609375,106.95771026611328,0.6365554403987632,-5.952521640582764,-105.94987458453262,2.3613415,-3.5579815,14.228636,2.6998308,-18.494127,-1.54668,14.890725,-26.525408,61.63228,15.85428,5.059071,9.017933,-7.8738527,-13.602559,42.864956,59.43803,-5.4713817,4.7998223,-14.761677,5.7594185,-1.9623326,29.451815,6.0023365,-9.230006,-0.1659292,5.3856406,-5.962069,2.7409034,9.808595,-9.725443,4.558473
1080,-5.382843017578125,-380.86126708984375,106.95217895507812,0.6716602072655103,-5.95738828645115,-105.95309221482087,2.3630652,-3.587503,14.234341,2.6908464,-18.509436,-1.5740514,14.897303,-26.516476,61.653976,15.853391,5.0463424,9.019121,-7.879794,-13.599371,42.85984,59.386955,-5.4354205,4.804055,-14.7639265,5.787106,-2.0465076,29.440426,5.9250345,-9.19314,-0.12369362,5.299327,-6.022493,2.7718227,9.96564,-9.796679,4.5869474
1081,-5.356138706207275,-380.84832763671875,106.94507598876953,0.7181086226588751,-5.959097582849586,-105.94624438482289,2.351677,-3.6343653,14.2450075,2.6849277,-18.53106,-1.6054767,14.914813,-26.49592,61.671085,15.872261,5.02751,9.00853,-7.8812423,-13.589412,42.8384,59.329964,-5.4380755,4.806037,-14.771042,5.8132677,-2.1477904,29.417286,5.8286543,-9.139801,-0.07413337,5.176265,-6.0942597,2.8053696,10.182534,-9.89568,4.6172285
1082,-5.330317974090576,-380.8312683105469,106.93807983398438,0.773833917049128,-5.958962461146285,-105.93124646719865,2.331535,-3.6928205,14.258482,2.6815052,-18.553757,-1.6294014,14.943477,-26.471207,61.663704,15.898483,5.014479,8.991856,-7.8791795,-13.570831,42.79869,59.275433,-5.4690886,4.8035736,-14.778838,5.8374343,-2.2620575,29.38378,5.722445,-9.077112,-0.018589849,5.038345,-6.176284,2.8359098,10.423075,-10.005418,4.6491957
1083,-5.308111667633057,-380.8112487792969,106.93085479736328,0.8366307052046003,-5.949268106231231,-105.90322694853998,2.3074307,-3.7654881,14.264282,2.6732237,-18.57288,-1.655342,14.986625,-26.451096,61.642277,15.923072,5.0054526,8.972569,-7.874943,-13.540154,42.750305,59.232777,-5.5081067,4.8014326,-14.789268,5.796405,-2.3531523,29.323786,5.727076,-9.062414,0.03702392,4.872967,-6.264447,2.8625822,10.695192,-10.1295,4.6805344
1084,-5.296675682067871,-380.7889709472656,106.9234390258789,0.9054314820574884,-5.921302137853938,-105.85739507242559,2.2838721,-3.8424823,14.250811,2.6515336,-18.583658,-1.7061828,15.019684,-26.442976,61.645615,15.945899,4.9933057,8.961058,-7.8602643,-13.514851,42.721848,59.183094,-5.5125794,4.8167186,-14.80871,5.730577,-2.443275,29.24412,5.732998,-9.039862,0.0866825,4.6669583,-6.352864,2.8844237,11.008615,-10.273496,4.7061524
1085,-5.288628578186035,-380.7678527832031,106.9144515991211,0.9760535035860265,-5.876933072171532,-105.79518337350619,2.2550883,-3.9387069,14.224723,2.6259522,-18.595678,-1.7334123,15.091516,-26.444956,61.576385,15.953948,5.0159025,8.94781,-7.857963,-13.455861,42.68776,59.180046,-5.5134187,4.8296185,-14.8312645,5.642738,-2.5325048,29.148623,5.7409825,-9.012623,0.1324819,4.4289474,-6.4421215,2.9005427,11.351708,-10.432601,4.7301483
1086,-5.292574882507324,-380.73419189453125,106.90479278564453,1.0527553994145926,-5.818930029142914,-105.7182506693446,2.219526,-4.044211,14.184736,2.5951345,-18.602697,-1.7690864,15.165572,-26.45311,61.509197,15.960683,5.042796,8.940072,-7.8579698,-13.390449,42.676605,59.188168,-5.4850874,4.8539453,-14.863486,5.528592,-2.6174724,29.036335,5.752948,-8.972826,0.17277966,4.145714,-6.52897,2.9174373,11.742182,-10.60906,4.7462506
1087,-5.302411079406738,-380.69952392578125,106.89398956298828,1.1351681303661358,-5.743186724173742,-105.6211268402577,2.1807094,-4.1597757,14.125368,2.5583262,-18.60036,-1.8139974,15.245624,-26.460875,61.439217,15.963304,5.0673823,8.931403,-7.8526807,-13.317108,42.671364,59.205544,-5.4501314,4.8808837,-14.898471,5.389799,-2.7053082,28.899925,5.7651095,-8.925744,0.21211748,3.825181,-6.6198277,2.92649,12.168637,-10.802826,4.7602105
1088,-5.322903633117676,-380.66094970703125,106.8787841796875,1.2271342101333924,-5.644946030435372,-105.49857476314185,2.1411457,-4.287701,14.0406275,2.5156476,-18.583282,-1.8705292,15.335281,-26.462402,61.367683,15.957216,5.0795913,8.916078,-7.837062,-13.234727,42.662872,59.230995,-5.4246593,4.90299,-14.930983,5.219255,-2.797443,28.730175,5.7773175,-8.868812,0.25044844,3.4373236,-6.7153616,2.9327278,12.677113,-11.035979,4.769891
1089,-5.3529276847839355,-380.615478515625,106.8613510131836,1.3192986626064054,-5.518604640727856,-105.3459611390958,2.0980284,-4.419664,13.923222,2.4688027,-18.551851,-1.9415637,15.437039,-26.459913,61.300323,15.930383,5.0722585,8.890848,-7.8103557,-13.142169,42.649097,59.268997,-5.418882,4.915649,-14.962767,5.0065284,-2.8817668,28.521996,5.7905126,-8.797471,0.2874102,2.9948637,-6.8053684,2.9253414,13.226366,-11.284149,4.771834
1090,-5.384366989135742,-380.5526428222656,106.83972930908203,1.4134058099309323,-5.368651611889721,-105.16709687991074,2.051405,-4.5578537,13.779724,2.416996,-18.50804,-2.0231366,15.551825,-26.45605,61.22937,15.887482,5.0538497,8.858435,-7.7761955,-13.038814,42.63248,59.320354,-5.424488,4.922897,-14.994944,4.750396,-2.9645078,28.279505,5.8043137,-8.708161,0.32885632,2.484397,-6.895001,2.9145322,13.835046,-11.549844,4.7706604
1091,-5.436410903930664,-380.4836730957031,106.81446838378906,1.5273539671773901,-5.20761006258802,-104.96852886690564,2.0068934,-4.720072,13.623659,2.3584967,-18.452444,-2.107317,15.680481,-26.443962,61.137703,15.849989,5.0368066,8.822235,-7.7326384,-12.924251,42.612484,59.37522,-5.428516,4.9305487,-15.022616,4.383591,-3.006999,27.992563,6.024557,-8.710758,0.36135373,1.9246027,-6.996196,2.9037352,14.51676,-11.85261,4.7627344
1092,-5.488195419311523,-380.414306640625,106.78380584716797,1.6794036972407869,-5.047919314904589,-104.75694771299389,1.9694704,-4.923764,13.469048,2.291716,-18.379925,-2.1843162,15.823869,-26.41401,61.00689,15.840731,5.0338774,8.785432,-7.678239,-12.798401,42.588917,59.424084,-5.418272,4.944262,-15.040846,4.033644,-3.1102672,27.691114,6.2016416,-8.694005,0.4043567,1.3244344,-7.146328,2.9021466,15.281959,-12.2013235,4.7701254
1093,-5.559886455535889,-380.3408508300781,106.7464599609375,1.8827261381608278,-4.889064518992763,-104.53757042062914,1.9393569,-5.182761,13.312875,2.2086203,-18.291166,-2.2527916,15.98398,-26.360312,60.84219,15.8682785,5.0451975,8.751121,-7.608594,-12.659495,42.556797,59.462162,-5.3770924,4.9680305,-15.046166,3.7475262,-3.3008833,27.38838,6.2359157,-8.60536,0.44874576,0.6629485,-7.348688,2.913099,16.167566,-12.616184,4.7814717
1094,-5.647741794586182,-380.25213623046875,106.70411682128906,2.1238000057082327,-4.726690073489275,-104.30537718620813,1.9129461,-5.485062,13.150943,2.1143405,-18.187857,-2.3140647,16.161568,-26.285557,60.64531,15.92063,5.06624,8.715949,-7.5275435,-12.506734,42.51865,59.497753,-5.317211,4.9972363,-15.042002,3.4845712,-3.5467618,27.073605,6.187482,-8.46456,0.49500987,-0.05346115,-7.587802,2.9323971,17.135479,-13.068783,4.793318
1095,-5.744948387145996,-380.14788818359375,106.65612030029297,2.3817995098157088,-4.5674787620108885,-104.05170525399632,1.8897134,-5.8072357,12.99433,2.026796,-18.072248,-2.36716,16.355087,-26.194054,60.3953,15.990687,5.1012297,8.673636,-7.446499,-12.342135,42.48701,59.536427,-5.2661824,5.0268874,-15.033195,3.1934128,-3.795709,26.732027,6.184319,-8.334178,0.54123896,-0.79210895,-7.8413043,2.9619222,18.139961,-13.533835,4.8082805
1096,-5.842220306396484,-380.0348205566406,106.61695098876953,2.6342025997374847,-4.417260115725421,-103.76841678087455,1.8689129,-6.125978,12.855274,1.9640716,-17.949259,-2.4102137,16.56136,-26.0891,60.072536,16.071693,5.154008,8.618183,-7.375009,-12.16973,42.475845,59.581512,-5.2503524,5.0526166,-15.025209,3.0044746,-4.0897384,26.384455,5.9593816,-8.085039,0.5901394,-1.5688856,-8.124292,3.034512,19.26952,-14.118398,4.877023
1097,-5.948909282684326,-379.91717529296875,106.58304595947266,2.8837211237585807,-4.26979185551177,-103.45672887657786,1.8531582,-6.442327,12.726937,1.9294282,-17.823902,-2.4457781,16.77901,-25.970074,59.6765,16.171814,5.2294364,8.546078,-7.3109503,-11.992046,42.489494,59.62753,-5.284476,5.0810647,-15.02194,2.7631602,-4.3480535,26.002378,5.8442307,-7.881317,0.6323244,-2.358263,-8.411639,3.2144182,20.435268,-14.866893,5.1110272
1098,-6.0657477378845215,-379.7857971191406,106.5522689819336,3.1393092848334407,-4.1250905736902705,-103.1198708810377,1.8416926,-6.765023,12.606864,1.9141487,-17.693535,-2.4749227,17.008097,-25.834936,59.218254,16.292227,5.323764,8.461181,-7.249612,-11.810199,42.52256,59.671234,-5.3492966,5.113288,-15.020055,2.4601572,-4.579382,25.586327,5.8463464,-7.7222834,0.6703307,-3.169326,-8.682829,3.6049275,21.66249,-15.722806,5.7062593
1099,-6.190273761749268,-379.6648254394531,106.52461242675781,3.3884908037142996,-3.9979280690927346,-102.75288577024207,1.8303455,-7.081616,12.513175,1.916345,-17.548338,-2.4946606,17.24632,-25.686316,58.69419,16.415897,5.427349,8.368564,-7.1942463,-11.625877,42.573673,59.714024,-5.4192114,5.1384873,-15.013475,2.1814575,-4.801591,25.14812,5.8494353,-7.5668902,0.7002397,-3.9726684,-8.911559,4.2407765,22.927534,-16.488564,6.5761447
1100,-6.310518264770508,-379.5282287597656,106.5002670288086,3.619048295529723,-3.902193955687085,-102.35104067773234,1.8147485,-7.380416,12.463743,1.9346452,-17.379133,-2.5039806,17.490332,-25.52724,58.10488,16.525661,5.529995,8.273734,-7.1493998,-11.441988,42.642147,59.75929,-5.46803,5.1453824,-14.996212,1.9240191,-5.00347,24.682686,5.854411,-7.400789,0.72989917,-4.740665,-9.093068,5.057412,24.200962,-17.049927,7.385167
1101,-6.433821678161621,-379.3843994140625,106.47355651855469,3.8330191638205635,-3.845952307544652,-101.91902167128275,1.7993172,-7.659648,12.470564,1.9724106,-17.195284,-2.5076318,17.738508,-25.355122,57.44497,16.621248,5.630727,8.167612,-7.115827,-11.261623,42.728424,59.80324,-5.4844117,5.124387,-14.967145,1.7063382,-5.1848683,24.196959,5.857662,-7.2288165,0.7528925,-5.473057,-9.218026,6.0838356,25.486341,-17.48743,8.179747
1102,-6.561584949493408,-379.2330017089844,106.44207000732422,4.032150796846037,-3.8202616952554935,-101.45784078327499,1.7860082,-7.9247413,12.522034,2.0281062,-16.997894,-2.5061479,17.990421,-25.170183,56.718937,16.71109,5.7335777,8.051026,-7.0873737,-11.085881,42.83186,59.839073,-5.482678,5.0856457,-14.929328,1.5151445,-5.3466988,23.689028,5.8631763,-7.0512724,0.76959354,-6.178631,-9.282731,7.326005,26.771341,-17.8501,9.058832
1103,-6.694217205047607,-379.0702819824219,106.40333557128906,4.218297936045774,-3.8122472950820003,-100.95640905058403,1.7663585,-8.174249,12.597924,2.092347,-16.764076,-2.4948041,18.243597,-24.982458,55.944477,16.79038,5.8363214,7.9454827,-7.060273,-10.91476,42.949783,59.869404,-5.475963,5.0465794,-14.882809,1.3317991,-5.491762,23.145279,5.868845,-6.861255,0.78266627,-6.836375,-9.270909,8.785855,28.007006,-18.161829,10.00399
1104,-6.829193115234375,-378.9049072265625,106.36638641357422,4.390206684436139,-3.8093615525622657,-100.40381574054231,1.733322,-8.406358,12.678898,2.1543658,-16.470737,-2.4716065,18.493927,-24.80496,55.143097,16.853033,5.93552,7.8733907,-7.028242,-10.7465315,43.076794,59.89441,-5.477681,5.0249524,-14.828197,1.1440841,-5.622128,22.553646,5.8746076,-6.660141,0.7941056,-7.4368854,-9.167088,10.47026,29.180878,-18.471525,10.996123
1105,-6.974066734313965,-378.7309875488281,106.32925415039062,4.549571729951242,-3.8091555827458055,-99.80232093522001,1.6894386,-8.624828,12.762064,2.2139852,-16.124956,-2.4390082,18.739628,-24.64487,54.315224,16.902514,6.028343,7.837198,-6.989333,-10.579467,43.211212,59.91122,-5.512043,5.032583,-14.757808,0.94656044,-5.735025,21.915201,5.8796325,-6.442652,0.8002236,-7.9694395,-8.959722,12.447652,30.286228,-18.80772,12.059586
1106,-7.122716426849365,-378.5792541503906,106.29725646972656,4.699258367062649,-3.817632645746762,-99.15639330608803,1.6393106,-8.828555,12.856294,2.2743335,-15.731704,-2.4023073,18.98017,-24.499243,53.45928,16.938644,6.115979,7.8277464,-6.945564,-10.413385,43.352436,59.92225,-5.5667253,5.056792,-14.674153,0.76464117,-5.841087,21.237902,5.8867607,-6.232514,0.8006659,-8.438458,-8.651882,14.685835,31.360495,-19.171232,13.201298
1107,-7.280543327331543,-378.4022521972656,106.26807403564453,4.82755475396339,-3.836544749952188,-98.45687799312839,1.5785091,-9.009179,12.958559,2.3304718,-15.273154,-2.3630245,19.212347,-24.36683,52.593834,16.95124,6.200731,7.8509154,-6.897606,-10.249454,43.497246,59.93946,-5.600647,5.0780444,-14.593137,0.5698223,-5.9182725,20.50884,5.893984,-5.9958396,0.79505247,-8.821428,-8.261657,17.029894,32.38012,-19.521591,14.371399
1108,-7.455839157104492,-378.2213439941406,106.23876953125,4.926925554026064,-3.8669743339311,-97.69478220884518,1.5035869,-9.158365,13.065352,2.37628,-14.728342,-2.324101,19.430986,-24.247028,51.741093,16.93015,6.2842956,7.913309,-6.8447437,-10.090083,43.641743,59.97366,-5.5726213,5.0772047,-14.53081,0.37521967,-5.9550514,19.721533,5.902371,-5.743184,0.77325857,-9.103267,-7.8140764,19.33286,33.320366,-19.809387,15.51809
1109,-7.634660720825195,-378.0426940917969,106.21379852294922,4.9857184396209595,-3.911742441393502,-96.84597814715254,1.4090891,-9.263228,13.178231,2.4068573,-14.064802,-2.2884102,19.629349,-24.144306,50.909363,16.863894,6.364977,8.030204,-6.784965,-9.938017,43.784836,60.02894,-5.4577003,5.0460668,-14.494519,0.18232667,-5.9492044,18.853306,5.9134793,-5.4777174,0.741705,-9.257594,-7.3037567,21.590515,34.15383,-19.997326,16.623835
1110,-7.819769382476807,-377.8629150390625,106.192138671875,5.009976462984955,-3.968332982916611,-95.92227396071468,1.3004813,-9.3302555,13.297374,2.4248753,-13.301345,-2.2603214,19.805216,-24.060265,50.098324,16.763119,6.439693,8.195564,-6.7159824,-9.794942,43.926674,60.096603,-5.2825336,4.9969654,-14.47471,-0.011986633,-5.9067545,17.914192,5.9258447,-5.198052,0.6997375,-9.294532,-6.733511,23.874453,34.896305,-20.115873,17.71761
1111,-8.010443687438965,-377.6828918457031,106.17535400390625,5.0208353845584615,-4.029598909779758,-94.96842270360476,1.1900362,-9.378598,13.418613,2.4356198,-12.496898,-2.2465394,19.962349,-23.9897,49.31218,16.65096,6.508376,8.382774,-6.637413,-9.660077,44.064316,60.16177,-5.0823407,4.9433165,-14.462063,-0.20885351,-5.8521314,16.945984,5.9391103,-4.912269,0.6504191,-9.269297,-6.13235,26.158876,35.615437,-20.229874,18.815756
