Frame,root_translateX,root_translateY,root_translateZ,root_rotateX,root_rotateY,root_rotateZ,waist_yaw_joint,waist_roll_joint,waist_pitch_joint,head_yaw_joint,head_pitch_joint,left_shoulder_pitch_joint,left_shoulder_roll_joint,left_shoulder_yaw_joint,left_elbow_joint,left_wrist_roll_joint,left_wrist_pitch_joint,left_wrist_yaw_joint,right_shoulder_pitch_joint,right_shoulder_roll_joint,right_shoulder_yaw_joint,right_elbow_joint,right_wrist_roll_joint,right_wrist_pitch_joint,right_wrist_yaw_joint,left_hip_pitch_joint,left_hip_roll_joint,left_hip_yaw_joint,left_knee_joint,left_ankle_pitch_joint,left_ankle_roll_joint,right_hip_pitch_joint,right_hip_roll_joint,right_hip_yaw_joint,right_knee_joint,right_ankle_pitch_joint,right_ankle_roll_joint
0,-1.1231825351715088,-2.197113513946533,105.62899017333984,0.22466364948326245,-1.2792082104014093,90.5072645094878,-1.0399461,0.611346,9.898197,-2.2254639,-18.930061,-6.5858526,8.31642,-31.86373,55.849003,25.230297,9.525244,-1.1499302,-7.808839,-5.6896877,21.178074,65.083885,-23.287458,-0.47385204,-5.3483057,2.0044744,1.4360212,6.207478,8.108827,-8.029831,-1.8990439,4.2221065,-4.5450573,-19.167772,6.776088,-9.912454,6.7036586
1,-1.2079461812973022,-2.1721293926239014,105.62318420410156,0.2410782355513691,-1.2567658975964917,90.52296033523837,-1.1180961,0.6003721,9.908046,-2.1508262,-18.980227,-6.5459056,8.307108,-31.911356,55.560463,25.747494,10.25217,-0.96918446,-7.8790216,-5.708321,21.189285,65.131226,-23.297857,-0.4751438,-5.304981,1.963291,1.3556224,6.181529,8.162248,-8.074126,-1.830602,4.1986485,-4.6348925,-19.181715,6.814777,-9.9246025,6.7743125
2,-1.3017464876174927,-2.1414272785186768,105.61837005615234,0.2576356096141894,-1.2344966571325875,90.53917747254177,-1.1740791,0.6004994,9.915674,-2.0991673,-19.026121,-6.548606,8.263461,-31.991129,55.340614,26.241842,10.957615,-0.78132933,-7.916852,-5.757248,21.195854,65.13256,-23.287315,-0.46592975,-5.2535095,1.9327942,1.2688498,6.1582336,8.201116,-8.114611,-1.756862,4.2014713,-4.723132,-19.205002,6.809474,-9.91642,6.8515058
3,-1.3966562747955322,-2.118957042694092,105.61341094970703,0.2737187850666961,-1.2119735723012905,90.55432956537277,-1.2201164,0.60818756,9.920023,-2.062939,-19.071182,-6.568828,8.194634,-32.076183,55.15873,26.77339,11.66984,-0.5983566,-7.942668,-5.8179665,21.188618,65.12539,-23.281672,-0.4581117,-5.205369,1.8906244,1.1824849,6.1326003,8.255033,-8.15908,-1.6823,4.189463,-4.814977,-19.222527,6.821944,-9.911787,6.9277887
4,-1.4887490272521973,-2.0916144847869873,105.6081314086914,0.2895480656286862,-1.1889048906221986,90.56685958057899,-1.2597967,0.62475425,9.91934,-2.0453436,-19.112886,-6.5998316,8.103229,-32.167343,55.01021,27.383442,12.41174,-0.42558852,-7.9643307,-5.885078,21.170586,65.12933,-23.284355,-0.45880663,-5.172979,1.8536496,1.0972584,6.110625,8.303357,-8.202978,-1.6100105,4.180386,-4.904623,-19.239164,6.832479,-9.909152,7.002813
5,-1.5890882015228271,-2.057657480239868,105.60203552246094,0.3013434184242059,-1.1662647345676036,90.57699187277646,-1.2980756,0.652288,9.91262,-2.052698,-19.151083,-6.636736,7.983986,-32.27551,54.878777,28.15722,13.256412,-0.27157572,-7.98696,-5.955923,21.146399,65.15956,-23.305645,-0.47707668,-5.1645412,1.8178513,1.0114374,6.090949,8.361294,-8.257072,-1.5345738,4.190502,-4.990167,-19.260628,6.8141584,-9.894577,7.082586
6,-1.7038700580596924,-2.025756597518921,105.59683227539062,0.31181345251440906,-1.1438307709533353,90.5853060570264,-1.3327793,0.6883182,9.899993,-2.080161,-19.185726,-6.68349,7.8367076,-32.397408,54.774635,29.048336,14.170178,-0.13527898,-8.009188,-6.029776,21.115135,65.209625,-23.340681,-0.5078373,-5.173762,1.7837791,0.91769934,6.0733786,8.41466,-8.308594,-1.4507952,4.219873,-5.076885,-19.287668,6.754862,-9.85515,7.17003
7,-1.8239803314208984,-1.9934149980545044,105.59121704101562,0.32370605027556526,-1.1197177650141557,90.59096346604467,-1.3551617,0.7284869,9.882932,-2.116183,-19.220171,-6.7477984,7.671248,-32.51118,54.730858,29.90148,15.014469,-0.0042715943,-8.023244,-6.1068187,21.06748,65.25731,-23.370216,-0.5360314,-5.18931,1.7522107,0.8181517,6.05903,8.4636135,-8.36016,-1.3637985,4.244408,-5.1704564,-19.311535,6.7006927,-9.816468,7.2615376
8,-1.9368261098861694,-1.9587268829345703,105.5845718383789,0.33928587586868125,-1.0923454835062623,90.59335444702741,-1.3585721,0.76874614,9.8643675,-2.147203,-19.25564,-6.833358,7.5046425,-32.59218,54.76943,30.557999,15.651892,0.14030655,-8.022237,-6.187323,20.995392,65.27911,-23.375362,-0.5465698,-5.199033,1.7199627,0.71763015,6.0477514,8.505734,-8.407606,-1.2803657,4.2459717,-5.2712736,-19.325457,6.686272,-9.799311,7.350736
9,-2.056412935256958,-1.9261430501937866,105.57830047607422,0.3599353365034746,-1.0598084359602222,90.58928346754902,-1.3383949,0.8068299,9.845204,-2.1665928,-19.29512,-6.9380984,7.352397,-32.628296,54.895645,30.973555,16.010693,0.3121431,-8.007323,-6.271396,20.911919,65.270905,-23.34572,-0.52854943,-5.2086077,1.695059,0.6049755,6.0450597,8.52298,-8.443605,-1.192107,4.2330766,-5.3857965,-19.330036,6.6823606,-9.782415,7.445844
10,-2.1842381954193115,-1.8918931484222412,105.57195281982422,0.3839614738771675,-1.0234808342277202,90.5800916995291,-1.3059382,0.84355277,9.8271885,-2.1756756,-19.338936,-7.0466247,7.2198434,-32.62804,55.0668,31.229856,16.180456,0.50061584,-7.986026,-6.357624,20.824356,65.24487,-23.290785,-0.49246052,-5.220777,1.6703136,0.48219377,6.047524,8.529276,-8.473664,-1.0982969,4.2155876,-5.5107694,-19.329592,6.6783824,-9.763079,7.5477557
11,-2.3074991703033447,-1.8505334854125977,105.56458282470703,0.41214637434895735,-0.9864328497557818,90.57197365463495,-1.2765505,0.87646323,9.81242,-2.1745481,-19.384956,-7.145605,7.1077776,-32.601257,55.23698,31.355911,16.265617,0.69157404,-7.961284,-6.4448957,20.712114,65.20437,-23.225277,-0.45576376,-5.218911,1.6696252,0.35501522,6.0552254,8.506778,-8.498897,-1.0068135,4.191654,-5.641835,-19.328493,6.6959305,-9.759285,7.6499567
12,-2.4324045181274414,-1.8185209035873413,105.5577621459961,0.44225778302838165,-0.9515231106427915,90.57071803317055,-1.2615817,0.9051711,9.803312,-2.1670563,-19.428127,-7.2262774,7.0132775,-32.562218,55.366287,31.380213,16.369322,0.8702419,-7.931437,-6.531553,20.547009,65.14826,-23.167349,-0.43577105,-5.185566,1.6522627,0.22421984,6.051489,8.494194,-8.516139,-0.91132253,4.1611996,-5.7781143,-19.331343,6.7228518,-9.755169,7.7525334
13,-2.560796022415161,-1.7820149660110474,105.54987335205078,0.477539262383736,-0.9199187230681793,90.58073286735412,-1.2614212,0.92796415,9.7984085,-2.150838,-19.458473,-7.2908177,6.9342976,-32.510956,55.45379,31.26276,16.51526,1.027263,-7.8921995,-6.6181974,20.309439,65.07425,-23.141836,-0.4421738,-5.093618,1.6746604,0.08222679,6.0473824,8.443074,-8.530368,-0.8122758,4.1344595,-5.925093,-19.345861,6.762857,-9.760846,7.8606544
14,-2.699117660522461,-1.7368296384811401,105.54269409179688,0.5163289094244758,-0.8899836194626074,90.59728208784067,-1.2654082,0.94670784,9.797387,-2.1302478,-19.483727,-7.347503,6.870783,-32.44787,55.522514,31.002472,16.647987,1.1733733,-7.8403916,-6.704627,20.007837,64.97909,-23.13775,-0.46430737,-4.9587655,1.6688733,-0.06985573,6.029443,8.406026,-8.5307045,-0.70310116,4.140796,-6.0748196,-19.378561,6.7579556,-9.74844,7.977921
15,-2.834209442138672,-1.689415454864502,105.5338363647461,0.5576264800916181,-0.8603835914460867,90.61525127033741,-1.2723405,0.96330583,9.801376,-2.1165006,-19.514627,-7.396636,6.8215103,-32.386,55.573433,30.685604,16.753235,1.3251251,-7.7810698,-6.789474,19.658642,64.86899,-23.120056,-0.48973146,-4.828951,1.7065319,-0.2255845,6.020615,8.33256,-8.536126,-0.5971518,4.128846,-6.2329187,-19.406422,6.7941375,-9.75827,8.094884
16,-2.973099708557129,-1.6450262069702148,105.5235366821289,0.600634250742999,-0.8303689917589745,90.628232743377,-1.2789738,0.97978485,9.811944,-2.1215632,-19.564457,-7.4398427,6.784715,-32.33986,55.60897,30.39796,16.816315,1.4987437,-7.718443,-6.8698335,19.279108,64.74978,-23.052593,-0.5059442,-4.752699,1.7261288,-0.38480273,6.0104394,8.278654,-8.544252,-0.4882586,4.0969567,-6.402053,-19.423111,6.86277,-9.7804985,8.21431
17,-3.105123281478882,-1.604089379310608,105.5111083984375,0.6440256891890992,-0.798139788050686,90.6325285514215,-1.2867538,0.99940646,9.828632,-2.145087,-19.639894,-7.473848,6.7596383,-32.310436,55.62638,30.120085,16.836203,1.7296795,-7.654845,-6.9442263,18.863995,64.62704,-22.903048,-0.50613153,-4.7588105,1.771854,-0.5416161,6.013403,8.211084,-8.565492,-0.38596144,4.0226316,-6.5802255,-19.416897,7.000171,-9.834322,8.329071
18,-3.2482080459594727,-1.5635844469070435,105.50074768066406,0.6898462584326471,-0.7654400121947684,90.63082710242928,-1.2950263,1.0192822,9.851602,-2.182364,-19.734259,-7.500094,6.746034,-32.29218,55.627674,29.81977,16.818583,1.9992776,-7.5878897,-7.0115137,18.408081,64.497574,-22.697138,-0.498439,-4.817085,1.7757859,-0.70739996,6.010075,8.159966,-8.563928,-0.27359352,3.9730563,-6.760047,-19.414858,7.0844975,-9.85797,8.450665
19,-3.3948111534118652,-1.5216937065124512,105.48765563964844,0.7383750610713996,-0.7339594556702943,90.63054690918713,-1.304083,1.0331912,9.878261,-2.2350514,-19.835243,-7.526334,6.743134,-32.286987,55.625496,29.565228,16.761484,2.2426224,-7.521946,-7.072763,17.931118,64.36464,-22.488277,-0.49339977,-4.888471,1.7692723,-0.87762487,6.0019503,8.128182,-8.570817,-0.1585273,3.903511,-6.953857,-19.407013,7.21409,-9.904011,8.576334
20,-3.5402231216430664,-1.4755104780197144,105.47370910644531,0.7882930497501296,-0.7052938021786705,90.63879071799796,-1.3150175,1.0360748,9.9061365,-2.304606,-19.937433,-7.559428,6.7499256,-32.295345,55.63153,29.424583,16.663502,2.395259,-7.4609575,-7.129946,17.457438,64.230225,-22.325708,-0.5004534,-4.9342465,1.7943668,-1.050255,5.992976,8.075889,-8.585533,-0.045416865,3.8373163,-7.1500597,-19.40797,7.35465,-9.9595785,8.703172
21,-3.674543619155884,-1.4347420930862427,105.45683288574219,0.8421093062134661,-0.679789120961572,90.65789557740452,-1.3288771,1.0256745,9.93466,-2.3980048,-20.045591,-7.600633,6.7651978,-32.317974,55.650402,29.475609,16.507551,2.4191535,-7.404516,-7.184031,16.988064,64.09203,-22.217577,-0.52268183,-4.9451227,1.7931437,-1.2181313,5.96664,8.068279,-8.616387,0.062055875,3.7279682,-7.3594832,-19.402655,7.5862985,-10.060758,8.824851
22,-3.7960643768310547,-1.400560975074768,105.4392318725586,0.8991969423137204,-0.6564185997776473,90.68393020224407,-1.3456727,1.0056683,9.9648285,-2.5115662,-20.161987,-7.646423,6.7885375,-32.35241,55.676594,29.662628,16.299715,2.3566146,-7.3510017,-7.234986,16.515213,63.948742,-22.136385,-0.5542281,-4.941455,1.7780756,-1.3810792,5.9297285,8.080969,-8.651722,0.16279285,3.5910506,-7.573847,-19.392918,7.872157,-10.188478,8.939119
23,-3.945308208465576,-1.3524489402770996,105.41708374023438,0.9601076673922077,-0.6356478254475624,90.71321576524255,-1.365161,0.9766268,9.997845,-2.6291203,-20.275042,-7.69586,6.8205733,-32.39334,55.70521,29.854116,16.074154,2.262657,-7.304827,-7.2843537,16.053041,63.806366,-22.077229,-0.59106404,-4.929402,1.7643936,-1.5646976,5.889735,8.111255,-8.70504,0.28088486,3.468871,-7.811565,-19.39132,8.15735,-10.31843,9.075397
24,-4.0956034660339355,-1.3110524415969849,105.39410400390625,1.0246499009682928,-0.6178858079622424,90.74228950475191,-1.3889736,0.93997216,10.035174,-2.7323864,-20.370184,-7.745803,6.8628774,-32.432926,55.728745,29.919338,15.866034,2.1908922,-7.27063,-7.333363,15.620886,63.669693,-22.03073,-0.628699,-4.915361,1.7493877,-1.7535207,5.8494763,8.148122,-8.760138,0.40207997,3.3325355,-8.059587,-19.382238,8.469062,-10.456922,9.212308
25,-4.241521835327148,-1.2719478607177734,105.36978149414062,1.0940924055407015,-0.6010048703028249,90.77233049223105,-1.4231477,0.8955554,10.072866,-2.812886,-20.441872,-7.7930293,6.9180627,-32.46396,55.749096,29.802088,15.672538,2.1543949,-7.255719,-7.384412,15.235791,63.54933,-22.009855,-0.6713474,-4.9025636,1.7247238,-1.945276,5.805336,8.200376,-8.819234,0.5239326,3.1762583,-8.317951,-19.363802,8.819353,-10.613391,9.34759
26,-4.366749286651611,-1.2433241605758667,105.3407211303711,1.1667249901229328,-0.5853244699227792,90.80450901530945,-1.4686141,0.8425191,10.112068,-2.8777275,-20.498661,-7.8346653,6.987286,-32.4871,55.76175,29.580698,15.4798565,2.1229784,-7.2578115,-7.437424,14.892725,63.43932,-22.008396,-0.71889055,-4.8874927,1.6587954,-2.1253002,5.749342,8.324491,-8.906776,0.6359267,2.9550455,-8.587515,-19.319292,9.285708,-10.825405,9.469991
27,-4.502918243408203,-1.207887053489685,105.31014251708984,1.2447108855793685,-0.5752079125568299,90.8346220686601,-1.5181885,0.7793315,10.160948,-2.9320693,-20.545118,-7.8708525,7.069399,-32.508366,55.753036,29.326973,15.306885,2.08568,-7.2706747,-7.490757,14.574023,63.326485,-21.993307,-0.7611415,-4.866724,1.609655,-2.3192637,5.699895,8.4382105,-8.995224,0.75597036,2.7510557,-8.869324,-19.278198,9.740469,-11.032978,9.602383
28,-4.646245956420898,-1.1674385070800781,105.27445220947266,1.3288729449477692,-0.5750354465955764,90.85854295137416,-1.5629307,0.7028945,10.226937,-2.9833076,-20.590414,-7.9040303,7.1616817,-32.53627,55.713932,29.111944,15.172453,2.0329263,-7.2874527,-7.542883,14.257915,63.197613,-21.934755,-0.7879548,-4.8367996,1.5596237,-2.5234735,5.6581173,8.584525,-9.106062,0.8811894,2.537359,-9.172496,-19.226486,10.242525,-11.265234,9.74324
29,-4.785506725311279,-1.147716999053955,105.23431396484375,1.421151305602767,-0.5780049223647483,90.87417482864392,-1.5973138,0.61098725,10.302803,-3.0286942,-20.632097,-7.933749,7.261932,-32.57741,55.638542,28.934477,15.094347,1.9667051,-7.3015685,-7.59082,13.930131,63.041924,-21.815195,-0.7920915,-4.7892714,1.4754462,-2.7328253,5.6199055,8.785037,-9.234698,1.0070841,2.260532,-9.501385,-19.141842,10.841154,-11.532647,9.881289
30,-4.918341636657715,-1.1034090518951416,105.1925277709961,1.5233295755005969,-0.5845304320659247,90.88400677179621,-1.6233557,0.5040394,10.386549,-3.0689962,-20.666845,-7.964024,7.36942,-32.6314,55.540672,28.761747,15.05806,1.892457,-7.3168125,-7.6350436,13.596012,62.8693,-21.660269,-0.78089464,-4.7282915,1.4297013,-2.9521263,5.597577,8.948,-9.359736,1.1303835,2.007311,-9.836939,-19.060919,11.4314375,-11.810957,10.022978
31,-5.042457580566406,-1.0783129930496216,105.14581298828125,1.626053345325968,-0.6087688239619016,90.89065218294247,-1.6427915,0.38875985,10.494897,-3.1178162,-20.697802,-8.003828,7.482739,-32.694836,55.436092,28.617477,15.032694,1.8037884,-7.3360667,-7.676731,13.266205,62.690353,-21.498165,-0.7652915,-4.669177,1.346375,-3.1624014,5.571139,9.206821,-9.525558,1.2490238,1.7235441,-10.180792,-18.959915,12.095758,-12.11709,10.157631
32,-5.169243335723877,-1.0630652904510498,105.0922622680664,1.72234250318499,-0.6650429894670984,90.89672289539246,-1.6582024,0.2700695,10.643941,-3.1873386,-20.726696,-8.061571,7.600116,-32.762802,55.34186,28.526417,14.98709,1.6947266,-7.3644915,-7.719172,12.952872,62.51749,-21.357244,-0.75626284,-4.6273127,1.2420212,-3.3615258,5.540581,9.5730915,-9.745999,1.3668693,1.4533141,-10.525077,-18.85569,12.799715,-12.43901,10.292795
33,-5.3127760887146,-1.0410553216934204,105.0307388305664,1.8167282684530663,-0.7610042380095875,90.90565914773616,-1.6750437,0.14570257,10.842946,-3.283601,-20.75811,-8.14106,7.7209554,-32.83274,55.264214,28.522593,14.894559,1.5439901,-7.4039955,-7.764423,12.661497,62.35074,-21.234377,-0.75729835,-4.613378,1.1584876,-3.565897,5.509913,10.001473,-10.010154,1.4920777,1.2362677,-10.879719,-18.766361,13.511593,-12.769583,10.442923
34,-5.436489105224609,-1.0331040620803833,104.96499633789062,1.9101294563022564,-0.8876864632963306,90.91495520336392,-1.6910746,0.013089685,11.0811615,-3.3978965,-20.789238,-8.237198,7.8450294,-32.905132,55.19478,28.585196,14.776598,1.3614346,-7.452669,-7.813227,12.388851,62.18442,-21.11526,-0.7615967,-4.6169815,1.0702543,-3.754591,5.477266,10.497328,-10.305318,1.6046052,1.022668,-11.228837,-18.671366,14.274256,-13.124228,10.580486
35,-5.560340881347656,-1.0343493223190308,104.92757415771484,1.9964704299553093,-1.0344694694122503,90.91841187103576,-1.6956726,-0.11944984,11.345758,-3.5233374,-20.813974,-8.345506,7.9702487,-32.981094,55.128403,28.656347,14.674222,1.1870492,-7.5059924,-7.864475,12.133229,62.018673,-21.009228,-0.7651632,-4.6209345,1.2095217,-3.9548569,5.495918,10.580771,-10.392044,1.7161504,0.4597075,-11.673249,-18.409897,15.698863,-13.782499,10.709
36,-5.7022600173950195,-1.0234653949737549,104.89446258544922,2.0710488635054767,-1.1912078461070632,90.91022790826189,-1.6785971,-0.24435017,11.6229725,-3.6526654,-20.826605,-8.462878,8.093492,-33.06169,55.063164,28.67908,14.628655,1.0612653,-7.560972,-7.9174395,11.892596,61.856266,-20.927156,-0.76398736,-4.608559,1.4037337,-4.1541667,5.5394316,10.596485,-10.45607,1.8355334,-0.10325371,-12.093002,-18.13644,17.120316,-14.377277,10.818385
37,-5.83897590637207,-1.0270167589187622,104.86092376708984,2.1339449427755577,-1.3639459095061808,90.88812488903415,-1.6328435,-0.36266413,11.9193125,-3.795149,-20.827372,-8.596304,8.212909,-33.154255,54.99923,28.616436,14.65481,0.9922832,-7.615516,-7.970484,11.664181,61.690636,-20.891422,-0.7550349,-4.5665646,1.5904888,-4.333735,5.5988894,10.65176,-10.536191,1.9510106,-0.6998933,-12.507663,-17.838806,18.6147,-14.8784275,10.9061775
38,-5.971492767333984,-1.0275589227676392,104.83160400390625,2.1881111778266975,-1.5554075447806965,90.85559316291071,-1.5636215,-0.47729594,12.237668,-3.9522178,-20.81837,-8.748016,8.327866,-33.25863,54.943775,28.50558,14.729162,0.9605744,-7.6715665,-8.024438,11.44655,61.524273,-20.892359,-0.7412896,-4.506994,1.822422,-4.501733,5.6793385,10.6674,-10.602482,2.0622706,-1.3338804,-12.924799,-17.525063,20.199263,-15.230026,10.961359
39,-6.0931501388549805,-1.027056336402893,104.807373046875,2.229775298335052,-1.7499554994825952,90.81511102310851,-1.4791968,-0.5821405,12.560829,-4.104738,-20.793186,-8.907216,8.436439,-33.362446,54.90303,28.402737,14.833852,0.9640948,-7.728507,-8.080661,11.241729,61.36823,-20.888342,-0.7274695,-4.450902,2.0726187,-4.648627,5.7715755,10.657463,-10.657305,2.1630347,-1.996399,-13.327563,-17.21451,21.823162,-15.361323,10.955675
40,-6.225635528564453,-1.019554615020752,104.78500366210938,2.255934157234706,-1.9322681371365926,90.76934967475997,-1.3895901,-0.6702579,12.871371,-4.2332897,-20.74947,-9.061698,8.535785,-33.449703,54.8832,28.366228,14.950761,1.0002837,-7.786942,-8.140767,11.0547085,61.23502,-20.836647,-0.71815073,-4.4197497,2.3113763,-4.781879,5.8664374,10.650263,-10.715708,2.2639272,-2.672769,-13.694469,-16.930037,23.424593,-15.236015,10.850097
41,-6.353579521179199,-1.0170183181762695,104.76970672607422,2.2641371005277247,-2.102443896562386,90.71076598408484,-1.2914586,-0.7397783,13.170658,-4.3297043,-20.682907,-9.212913,8.623197,-33.519493,54.885937,28.425583,15.084765,1.0804815,-7.85222,-8.207873,10.889258,61.130005,-20.695848,-0.7130527,-4.4125566,2.547863,-4.890838,5.9737034,10.615334,-10.755354,2.354609,-3.3759472,-14.032124,-16.656897,25.025074,-14.887781,10.630081
42,-6.483808994293213,-1.0065863132476807,104.75995635986328,2.259035050563301,-2.267397650780836,90.64079956709055,-1.1825827,-0.7923099,13.465894,-4.4053288,-20.596504,-9.366003,8.697387,-33.575584,54.91132,28.547857,15.241057,1.2020105,-7.921641,-8.282448,10.745272,61.04469,-20.49553,-0.709832,-4.4200325,2.8052545,-4.9860296,6.09666,10.538156,-10.778379,2.440536,-4.1095967,-14.350913,-16.388765,26.649082,-14.397531,10.29708
43,-6.604487419128418,-0.9951369166374207,104.75252532958984,2.238341094266723,-2.4218934337092595,90.57596363461603,-1.0756787,-0.83031726,13.747146,-4.4664354,-20.490906,-9.514951,8.75892,-33.60763,54.965034,28.6992,15.401236,1.3412733,-7.9871416,-8.362142,10.621588,60.976128,-20.302279,-0.7103352,-4.451699,3.03978,-5.0547175,6.209796,10.482042,-10.808721,2.516299,-4.8484755,-14.639994,-16.15821,28.252317,-13.878098,9.848038
44,-6.723952293395996,-0.9690513610839844,104.75143432617188,2.2051946818247625,-2.5605527952932206,90.53247787673584,-0.98522913,-0.8557507,14.005239,-4.519165,-20.373642,-9.6511135,8.8097,-33.601933,55.049007,28.847446,15.546714,1.4740727,-8.041701,-8.441389,10.518511,60.92216,-20.182577,-0.71671724,-4.5175223,3.287162,-5.1091824,6.3017006,10.375487,-10.8157215,2.5888824,-5.5805607,-14.895307,-15.990213,29.816439,-13.471596,9.292891
45,-6.840944290161133,-0.9364690780639648,104.7562484741211,2.160275128876774,-2.683169177559208,90.51167734861058,-0.91366285,-0.87364554,14.23877,-4.5625634,-20.243101,-9.772863,8.850032,-33.544617,55.166286,29.023172,15.681089,1.5907962,-8.089836,-8.516595,10.437187,60.89597,-20.172037,-0.74166155,-4.6142387,3.5361936,-5.1490636,6.367217,10.231356,-10.801053,2.6592343,-6.307931,-15.113536,-15.865682,31.346619,-13.256843,8.652049
46,-6.943786144256592,-0.8992600440979004,104.7654037475586,2.102019176547517,-2.792223853186977,90.50601772318029,-0.8572189,-0.883503,14.451824,-4.5917883,-20.100544,-9.881264,8.8803625,-33.439793,55.312813,29.234102,15.811643,1.7046952,-8.137593,-8.587593,10.379148,60.90021,-20.23169,-0.78067565,-4.73978,3.772544,-5.1633573,6.412881,10.082838,-10.780537,2.718815,-7.0376,-15.297896,-15.7666,32.856464,-13.20412,7.9476633
47,-7.052392482757568,-0.8521981239318848,104.7803726196289,2.0287319737171425,-2.88653274966913,90.51843601960168,-0.8202755,-0.8802621,14.643514,-4.602732,-19.935278,-9.971704,8.90434,-33.304527,55.478535,29.41081,15.926532,1.8263807,-8.18078,-8.654237,10.344614,60.917137,-20.316517,-0.81014305,-4.905788,4.0139823,-5.1632137,6.4427404,9.898361,-10.742731,2.7775118,-7.752837,-15.452698,-15.742165,34.323074,-13.194856,7.1620636
48,-7.1594977378845215,-0.7921675443649292,104.80084228515625,1.9389000179919988,-2.9651990851726,90.55192369046942,-0.80630404,-0.85862535,14.813513,-4.594378,-19.745409,-10.039562,8.928152,-33.15885,55.650677,29.481113,16.014652,1.9668344,-8.21349,-8.71633,10.331979,60.92663,-20.38187,-0.8066157,-5.1236424,4.253498,-5.1406846,6.456439,9.69337,-10.6964655,2.828871,-8.43909,-15.581865,-15.828688,35.727116,-13.202623,6.2988195
49,-7.256353855133057,-0.7202647924423218,104.82295989990234,1.82673602050825,-3.0279674570372137,90.60690510118741,-0.8098891,-0.813946,14.960373,-4.563919,-19.515587,-10.086593,8.954273,-33.013042,55.834087,29.376276,16.07328,2.158228,-8.2327,-8.768497,10.344679,60.926807,-20.414295,-0.74662334,-5.4202065,4.4519663,-5.0784035,6.4494224,9.544655,-10.6790695,2.8659816,-9.091193,-15.684332,-16.063684,37.078995,-13.237391,5.2946563
50,-7.349941253662109,-0.6437718868255615,104.84899139404297,1.695023947214588,-3.0753133526244874,90.68197384989877,-0.8384498,-0.7486387,15.089362,-4.5094595,-19.260288,-10.097616,8.991315,-32.839176,56.002087,29.158585,16.11007,2.3780286,-8.242594,-8.822985,10.394457,60.91745,-20.428293,-0.64672184,-5.7771244,4.622854,-4.9861565,6.423175,9.418874,-10.670483,2.8948774,-9.71488,-15.765437,-16.42396,38.387703,-13.29874,4.1613007
51,-7.441836357116699,-0.5574526190757751,104.880126953125,1.5537850735935417,-3.1069153370120066,90.77734080754631,-0.89358044,-0.67678195,15.199242,-4.4427586,-18.997314,-10.084897,9.036726,-32.662422,56.16104,28.91333,16.13022,2.5756714,-8.247087,-8.872336,10.453622,60.909416,-20.451355,-0.5490621,-6.151178,4.7967496,-4.8811746,6.3792562,9.258365,-10.643911,2.9185965,-10.303656,-15.82759,-16.850967,39.615387,-13.371526,3.0309622
52,-7.5242743492126465,-0.4640626311302185,104.90970611572266,1.414841534876014,-3.122201758803833,90.89295942833819,-0.97891057,-0.60984933,15.2921505,-4.3743434,-18.746235,-10.052501,9.090673,-32.49275,56.302555,28.73825,16.139341,2.6941028,-8.246339,-8.919148,10.495196,60.901127,-20.50916,-0.49434352,-6.4927626,4.944744,-4.770485,6.3088446,9.117152,-10.625037,2.9351892,-10.8502445,-15.869319,-17.286823,40.716892,-13.429869,2.0379946
53,-7.605911731719971,-0.35444536805152893,104.94046020507812,1.2785240311041073,-3.1181275064524905,91.0353110075834,-1.0989196,-0.5496068,15.365092,-4.3125772,-18.511223,-10.002531,9.151957,-32.33135,56.429317,28.672068,16.148712,2.7067297,-8.234034,-8.964524,10.504133,60.89052,-20.639845,-0.50338894,-6.7910414,5.0988617,-4.6628914,6.209778,8.932595,-10.585866,2.9489589,-11.35119,-15.902827,-17.78134,41.69871,-13.467951,1.1857213
54,-7.67613410949707,-0.24247756600379944,104.9713363647461,1.1402935162704793,-3.0956741463104307,91.2020605558129,-1.2464056,-0.48953804,15.418828,-4.2536273,-18.281815,-9.936082,9.219852,-32.177578,56.546856,28.658037,16.152323,2.6473045,-8.207304,-9.0089035,10.488157,60.87264,-20.824457,-0.55049676,-7.069321,5.2169795,-4.5416694,6.078879,8.775901,-10.554701,2.9532194,-11.809391,-15.922574,-18.344563,42.578247,-13.49551,0.4166222
55,-7.743360996246338,-0.11900334060192108,105.00408172607422,1.0023763722677625,-3.06058507182406,91.37973896159893,-1.4067041,-0.42846876,15.46129,-4.1911445,-18.059582,-9.8568535,9.2951145,-32.042976,56.650257,28.646952,16.130077,2.550097,-8.168763,-9.051986,10.456456,60.840263,-20.998722,-0.6067436,-7.3305626,5.3422623,-4.4185624,5.9385333,8.58767,-10.510675,2.9542234,-12.247038,-15.900772,-18.84841,43.35208,-13.514656,-0.221668
56,-7.806773662567139,0.008664051070809364,105.03512573242188,0.8693004480398042,-3.018592029443624,91.55472228555026,-1.5645794,-0.36500424,15.500236,-4.1198525,-17.849276,-9.768506,9.379607,-31.941015,56.733982,28.587456,16.062517,2.449671,-8.120646,-9.093459,10.417381,60.78569,-21.0984,-0.6434907,-7.577648,5.4564486,-4.296598,5.800109,8.411337,-10.474793,2.9540162,-12.68335,-15.805284,-19.166508,44.008125,-13.520599,-0.6791579
57,-7.865688323974609,0.14255529642105103,105.06068420410156,0.7382432040605248,-2.9684775941170187,91.72939172719302,-1.7239065,-0.29807776,15.532922,-4.0335994,-17.645002,-9.668251,9.475524,-31.881647,56.794655,28.466976,15.951503,2.3546033,-8.060021,-9.133608,10.369352,60.70314,-21.086985,-0.65245056,-7.8214164,5.5301776,-4.169046,5.6564846,8.305785,-10.478037,2.951963,-13.120446,-15.618625,-19.263927,44.538254,-13.516875,-0.9056478
58,-7.918557643890381,0.2770131826400757,105.08594512939453,0.6086213399382496,-2.9079711360004565,91.90881709736223,-1.8892478,-0.22773848,15.557197,-3.937699,-17.447824,-9.555051,9.5834675,-31.85932,56.83283,28.308632,15.806368,2.246616,-7.9853334,-9.172201,10.308893,60.59601,-21.003891,-0.64990336,-8.056878,5.5838037,-4.036691,5.5054655,8.216186,-10.487433,2.946645,-13.555141,-15.355137,-19.206478,44.954536,-13.500064,-0.93429023
59,-7.965339183807373,0.42356494069099426,105.1062240600586,0.48351279004147735,-2.8408829888264004,92.08337061902664,-2.0476205,-0.15789849,15.580632,-3.8408926,-17.266172,-9.435447,9.703111,-31.861834,56.851044,28.11754,15.618924,2.1193266,-7.9051504,-9.209991,10.243176,60.475,-20.900785,-0.64436895,-8.263223,5.6113815,-3.902503,5.354283,8.177823,-10.528797,2.9371953,-13.988224,-15.028317,-19.023247,45.257023,-13.446675,-0.8388755
60,-8.009811401367188,0.5699775218963623,105.1225814819336,0.36629918024933555,-2.7711833178842795,92.24343744536375,-2.1875136,-0.092458755,15.610376,-3.750747,-17.10901,-9.314268,9.833462,-31.874264,56.85118,27.900011,15.381116,1.9665153,-7.830131,-9.248694,10.18304,60.35228,-20.827766,-0.6437613,-8.419512,5.623767,-3.7751508,5.213336,8.167028,-10.585463,2.926581,-14.419915,-14.653211,-18.74325,45.447784,-13.3357525,-0.69402075
61,-8.052817344665527,0.7237592935562134,105.13716888427734,0.25821349284981404,-2.6990037080033793,92.38703796608597,-2.307866,-0.03187371,15.647204,-3.6630554,-16.973604,-9.189882,9.974844,-31.89275,56.83254,27.656982,15.07729,1.7824392,-7.760749,-9.290155,10.135935,60.223454,-20.79641,-0.65142137,-8.507967,5.6481147,-3.6587777,5.0895467,8.137529,-10.637759,2.914746,-14.860434,-14.2191515,-18.328373,45.531693,-13.153898,-0.50342107
62,-8.089049339294434,0.8751868009567261,105.14579010009766,0.1563556166763779,-2.62273721128123,92.5191883010428,-2.4164922,0.02624391,15.687765,-3.573969,-16.85883,-9.058165,10.127567,-31.920454,56.7924,27.387297,14.716374,1.5705941,-7.694345,-9.334295,10.099997,60.085484,-20.777233,-0.66225046,-8.543755,5.628362,-3.5422904,4.967597,8.184909,-10.727357,2.8988569,-15.302022,-13.721564,-17.780392,45.50224,-12.914954,-0.23173465
63,-8.121713638305664,1.0305287837982178,105.15440368652344,0.06082518258249092,-2.543625656453716,92.64042881985071,-2.5145826,0.08058383,15.73271,-3.4904013,-16.768469,-8.921572,10.289935,-31.952627,56.73271,27.094498,14.326752,1.3393123,-7.6360135,-9.379648,10.0707,59.954002,-20.76003,-0.6713494,-8.556358,5.622328,-3.4324687,4.8583565,8.206014,-10.807515,2.881265,-15.731388,-13.19058,-17.180166,45.366898,-12.649174,0.10430479
64,-8.153511047363281,1.1923635005950928,105.1601791381836,-0.027472804046311996,-2.4629657264247644,92.75147691340881,-2.6037707,0.13112032,15.782265,-3.4189892,-16.705832,-8.782937,10.458747,-31.98321,56.657185,26.784027,13.936054,1.0966295,-7.5912743,-9.423417,10.043308,59.845062,-20.734886,-0.673984,-8.575376,5.6195297,-3.3307395,4.7591896,8.226194,-10.892434,2.8644314,-16.129791,-12.654489,-16.611557,45.122345,-12.381488,0.48638132
65,-8.18327808380127,1.3612065315246582,105.16149139404297,-0.10859217574055484,-2.3810106477287936,92.85143696950345,-2.6834328,0.17663379,15.835702,-3.365013,-16.681635,-8.644592,10.633202,-32.012245,56.574425,26.447762,13.527948,0.8341927,-7.5624347,-9.464276,10.015704,59.762486,-20.69881,-0.6627534,-8.616542,5.604902,-3.2350447,4.6676526,8.277637,-10.999717,2.847759,-16.494751,-12.109014,-16.063688,44.75876,-12.111314,0.936486
66,-8.208192825317383,1.5305242538452148,105.16116333007812,-0.18365645861549448,-2.2974810792836187,92.94052235601225,-2.7528758,0.21750648,15.89299,-3.3240361,-16.691486,-8.505832,10.81288,-32.04209,56.483006,26.086567,13.095432,0.5509367,-7.5459704,-9.501487,9.989134,59.69891,-20.658245,-0.64257556,-8.661917,5.592569,-3.144275,4.586679,8.324304,-11.106726,2.8293655,-16.834637,-11.546691,-15.500364,44.28191,-11.831141,1.4539129
67,-8.227224349975586,1.703196406364441,105.15984344482422,-0.25155322991503914,-2.21211311981101,93.02072155313081,-2.813682,0.25402227,15.953617,-3.2867215,-16.711315,-8.366066,10.994314,-32.069088,56.376896,25.720552,12.679216,0.2679944,-7.542578,-9.535627,9.964572,59.65799,-20.620844,-0.626935,-8.690887,5.5872674,-3.0591245,4.5154386,8.356613,-11.208655,2.808578,-17.146427,-10.988956,-14.971947,43.702274,-11.547644,1.9830755
68,-8.246404647827148,1.8781945705413818,105.15565490722656,-0.31366730146157507,-2.124770574691374,93.09418347846075,-2.8672595,0.28649375,16.017044,-3.244727,-16.722584,-8.225424,11.171793,-32.088444,56.25267,25.371984,12.318307,0.0075790584,-7.552138,-9.567727,9.94312,59.64241,-20.593428,-0.6291062,-8.682756,5.578609,-2.9810307,4.4499493,8.3971615,-11.318051,2.7886026,-17.430069,-10.457407,-14.527217,43.03108,-11.264027,2.46859
69,-8.26600456237793,2.0645856857299805,105.1494369506836,-0.371269745232289,-2.034375736316001,93.15980194320326,-2.910286,0.31699958,16.083637,-3.1968005,-16.725006,-8.086761,11.341432,-32.09966,56.112362,25.03369,12.013827,-0.22910368,-7.573981,-9.599005,9.920853,59.65752,-20.571812,-0.66050756,-8.623716,5.5820894,-2.9094436,4.3952556,8.421679,-11.426684,2.7681808,-17.685577,-9.951918,-14.167991,42.260548,-10.973828,2.9069135
70,-8.291464805603027,2.252903461456299,105.14373779296875,-0.42366945865985517,-1.9414887464616293,93.21709455170087,-2.941709,0.3455198,16.152622,-3.1482592,-16.72433,-7.953324,11.50181,-32.10531,55.965824,24.700691,11.745415,-0.450503,-7.606871,-9.63013,9.897069,59.69956,-20.55424,-0.71119815,-8.527405,5.6064954,-2.8496888,4.3532643,8.403653,-11.5165825,2.7516332,-17.916986,-9.465086,-13.869151,41.392105,-10.677469,3.3225412
71,-8.296380043029785,2.4405131340026855,105.13440704345703,-0.46784888276039305,-1.848026213415123,93.26885761098067,-2.966688,0.37139678,16.2223,-3.1017978,-16.71683,-7.8264813,11.650152,-32.104824,55.821133,24.398672,11.519337,-0.6494121,-7.6484685,-9.6593275,9.879364,59.756214,-20.548893,-0.761942,-8.415115,5.610045,-2.7860334,4.3116155,8.424789,-11.625732,2.7249072,-18.117403,-9.00353,-13.644588,40.431347,-10.381766,3.7046676
72,-8.305020332336426,2.6284019947052,105.12400817871094,-0.503640135410447,-1.7560243797509476,93.31832131844166,-2.9914978,0.3930756,16.290117,-3.0587585,-16.697601,-7.706612,11.7831135,-32.095486,55.687557,24.154755,11.340918,-0.81791955,-7.6988077,-9.683964,9.877574,59.81846,-20.564426,-0.7936058,-8.309117,5.629667,-2.7362626,4.2730303,8.419008,-11.723416,2.7043517,-18.285057,-8.574325,-13.508798,39.389847,-10.095071,4.0413394
73,-8.315917015075684,2.8249001502990723,105.11148071289062,-0.528569880634533,-1.667132686946422,93.36303406118404,-3.0169039,0.40794522,16.356422,-3.024437,-16.652393,-7.59503,11.89794,-32.071613,55.569904,23.977182,11.21823,-0.95232105,-7.7674494,-9.702338,9.897079,59.89751,-20.623148,-0.80077946,-8.206711,5.679211,-2.7031682,4.2423844,8.373135,-11.808935,2.6893342,-18.42171,-8.181476,-13.468071,38.267277,-9.825257,4.328628
74,-8.31638240814209,3.018061876296997,105.09762573242188,-0.5443847030938999,-1.5799517306430142,93.40249868407018,-3.041298,0.41753274,16.421185,-2.995581,-16.590164,-7.491567,11.993626,-32.03301,55.467163,23.854267,11.14389,-1.0562428,-7.853514,-9.714159,9.934593,59.997746,-20.713404,-0.79401016,-8.100359,5.733842,-2.6758564,4.2158546,8.319736,-11.890935,2.671842,-18.526964,-7.81816,-13.514918,37.055798,-9.563595,4.5742846
75,-8.316742897033691,3.222182273864746,105.080810546875,-0.5532229225404024,-1.491872372404297,93.442452983523,-3.066548,0.42567232,16.481133,-2.959085,-16.525421,-7.3960443,12.070538,-31.986065,55.381676,23.782831,11.101054,-1.1321492,-7.9419994,-9.720661,9.984506,60.100586,-20.794502,-0.7781464,-8.004699,5.7977405,-2.6566556,4.1897235,8.257834,-11.974898,2.6561303,-18.601948,-7.4749193,-13.636529,35.762005,-9.2939625,4.7851863
76,-8.318016052246094,3.429110050201416,105.06267547607422,-0.5610062345046366,-1.40005454703197,93.48870783602823,-3.0937574,0.43638542,16.533266,-2.9028172,-16.475206,-7.3088665,12.129846,-31.93914,55.315205,23.757954,11.073148,-1.1827906,-8.016925,-9.724337,10.040068,60.185764,-20.825758,-0.75773555,-7.9336333,5.8535075,-2.6378489,4.155974,8.206832,-12.065131,2.6411932,-18.650843,-7.143157,-13.81842,34.399174,-9.004018,4.9682264
77,-8.310197830200195,3.645800828933716,105.04248046875,-0.5672938079912395,-1.3055448561701775,93.54186894993549,-3.1177154,0.45215496,16.579496,-2.811985,-16.456045,-7.2349296,12.167785,-31.899757,55.27095,23.810947,11.066269,-1.2035506,-8.068543,-9.727286,10.101494,60.239403,-20.778427,-0.7263564,-7.8993897,5.9040666,-2.6130695,4.1154,8.170216,-12.166451,2.6207256,-18.662968,-6.820601,-14.080103,32.944813,-8.690323,5.119285
78,-8.303316116333008,3.869708299636841,105.02033233642578,-0.5712938429442529,-1.209300044690693,93.59935697483724,-3.128739,0.47317332,16.620825,-2.7083893,-16.453718,-7.1866684,12.179733,-31.8787,55.261242,23.928768,11.083711,-1.1935585,-8.09335,-9.729067,10.14904,60.261486,-20.689598,-0.68372667,-7.887914,5.954561,-2.5905,4.070689,8.137633,-12.273456,2.6014483,-18.641764,-6.5087085,-14.421134,31.399376,-8.357807,5.237804
79,-8.293111801147461,4.1033616065979,104.99712371826172,-0.5671920333393693,-1.109228431778537,93.66193546365375,-3.1472147,0.49231702,16.654491,-2.6101842,-16.448795,-7.1389146,12.183888,-31.85319,55.25804,24.046152,11.112039,-1.1645887,-8.114358,-9.730689,10.204744,60.277565,-20.588657,-0.64284194,-7.8816776,6.0254498,-2.5757632,4.0245166,8.068455,-12.367391,2.5816216,-18.609457,-6.206254,-14.797758,29.802795,-8.001941,5.3345366
80,-8.276947021484375,4.339360237121582,104.96955871582031,-0.5528446736859229,-1.002891161306533,93.73073524306476,-3.1822147,0.5068723,16.674746,-2.5420306,-16.415602,-7.086364,12.181114,-31.81378,55.264362,24.099987,11.132792,-1.1252857,-8.14431,-9.730871,10.265745,60.31021,-20.516779,-0.61875325,-7.861806,6.07503,-2.5678272,3.9660025,8.028101,-12.475151,2.5602283,-18.5692,-5.9105897,-15.173051,28.171484,-7.6122866,5.422333
81,-8.265417098999023,4.581586837768555,104.9396743774414,-0.5251735500022935,-0.8881615008058794,93.80789949208746,-3.220107,0.516417,16.681175,-2.5467954,-16.346153,-7.044225,12.174853,-31.785196,55.288696,24.042158,11.146407,-1.0672134,-8.162697,-9.727996,10.2867,60.34059,-20.514545,-0.62147933,-7.8083196,6.134554,-2.5789049,3.8977513,7.953777,-12.567152,2.5447843,-18.530426,-5.6232815,-15.553294,26.502562,-7.1804605,5.501628
82,-8.233469009399414,4.835334300994873,104.9080810546875,-0.4860903411183367,-0.7673390636184625,93.89287036943884,-3.2681012,0.51997626,16.675838,-2.59054,-16.251186,-7.002381,12.163056,-31.750296,55.3226,23.924099,11.160953,-0.9902712,-8.179835,-9.720547,10.293118,60.37604,-20.548672,-0.6421554,-7.7384057,6.205145,-2.5908036,3.8222616,7.854564,-12.6502495,2.5192535,-18.477758,-5.3422394,-15.9566,24.773563,-6.708131,5.568438
83,-8.20585823059082,5.0989508628845215,104.875732421875,-0.4398042130011482,-0.645027679488629,93.98200891433818,-3.3200042,0.5226297,16.66445,-2.6429734,-16.148567,-6.9633574,12.145085,-31.717905,55.361458,23.793434,11.172394,-0.9145371,-8.189156,-9.707971,10.287631,60.40294,-20.596395,-0.662934,-7.6689496,6.3085027,-2.6143377,3.750031,7.6998415,-12.711239,2.496519,-18.418612,-5.063486,-16.350271,23.02147,-6.2107325,5.621675
84,-8.17619800567627,5.364994049072266,104.83936309814453,-0.39249803411107315,-0.5256204266029157,94.07192504838378,-3.3716204,0.5293538,16.64712,-2.6691308,-16.044384,-6.9388266,12.104381,-31.689398,55.431805,23.7072,11.167223,-0.8559711,-8.192699,-9.680881,10.274947,60.427055,-20.639036,-0.6690849,-7.621987,6.3965797,-2.6351805,3.6774518,7.5868106,-12.795521,2.4704115,-18.340467,-4.780535,-16.70812,21.256212,-5.694864,5.661955
85,-8.144796371459961,5.634875297546387,104.80078125,-0.34275871144394526,-0.41122060619693107,94.15698955860171,-3.413029,0.5410796,16.631388,-2.6606143,-15.939514,-6.9239974,12.059411,-31.693743,55.507103,23.647985,11.150231,-0.81378216,-8.174965,-9.65557,10.267512,60.414364,-20.650293,-0.6482506,-7.600786,6.4937987,-2.657202,3.6171353,7.4737873,-12.883661,2.44084,-18.254488,-4.4936013,-17.01968,19.49044,-5.1695175,5.670034
86,-8.116690635681152,5.9178009033203125,104.76287841796875,-0.28696478493648153,-0.30028907410065653,94.2419305344776,-3.4510543,0.5542403,16.614468,-2.6350765,-15.828872,-6.9175677,12.0078125,-31.71927,55.591053,23.598228,11.123345,-0.7806978,-8.141465,-9.630499,10.261076,60.376415,-20.645956,-0.61159277,-7.595164,6.652672,-2.6905215,3.573265,7.2642574,-12.932074,2.4120193,-18.15335,-4.2069807,-17.303267,17.706089,-4.6264753,5.6540923
87,-8.083793640136719,6.212482929229736,104.72285461425781,-0.22613176213006486,-0.19203166455016235,94.3377604785121,-3.498933,0.56813043,16.596113,-2.6088657,-15.732377,-6.911364,11.953547,-31.752527,55.66592,23.563265,11.097385,-0.76811934,-8.100265,-9.607289,10.251892,60.331085,-20.633638,-0.5697566,-7.5950427,6.835373,-2.7254663,3.5241017,7.027076,-12.972395,2.3797266,-18.027653,-3.9251523,-17.565372,15.9046,-4.055484,5.650884
88,-8.039572715759277,6.507620334625244,104.68001556396484,-0.1615715767728476,-0.08576767177225637,94.45571447419289,-3.5687969,0.5821241,16.57442,-2.5996394,-15.669676,-6.9024305,11.894488,-31.781937,55.72581,23.549498,11.081023,-0.78549826,-8.060048,-9.585008,10.234162,60.300335,-20.623335,-0.53371763,-7.5920587,6.9993773,-2.753297,3.4468265,6.8297825,-13.030195,2.3411694,-17.862864,-3.6536427,-17.81354,14.084497,-3.4476955,5.698881
89,-8.006319999694824,6.825016498565674,104.63603973388672,-0.09211817965777638,0.01943075956198756,94.59788981892687,-3.6707156,0.5921833,16.556162,-2.5983603,-15.662457,-6.8639665,11.86077,-31.795881,55.71167,23.563349,11.093404,-0.8643697,-8.025646,-9.572696,10.223611,60.277264,-20.600605,-0.49687877,-7.5817204,7.225409,-2.7919233,3.3545184,6.5365252,-13.049945,2.3087947,-17.655113,-3.390252,-18.051727,12.222883,-2.7718298,5.833804
90,-7.960506439208984,7.147457599639893,104.58819580078125,-0.01331140062377443,0.1207014172244288,94.76093807495819,-3.7938297,0.5965859,16.534077,-2.6034107,-15.686486,-6.8273506,11.816933,-31.807482,55.694126,23.606588,11.116158,-0.9822667,-7.9929934,-9.557215,10.208726,60.26885,-20.575558,-0.45698628,-7.5753856,7.4524746,-2.829873,3.2395506,6.2533345,-13.074851,2.2701216,-17.391174,-3.1358314,-18.281357,10.299673,-2.0313134,6.0301356
91,-7.926086902618408,7.469540596008301,104.53681945800781,0.07644072089072276,0.2143192152995489,94.94684411661429,-3.9331625,0.59805644,16.501884,-2.63174,-15.71331,-6.818614,11.729344,-31.817987,55.740192,23.6707,11.118068,-1.0899572,-7.9562144,-9.529552,10.168244,60.284477,-20.571268,-0.43069357,-7.571692,7.691725,-2.8837202,3.1016169,5.959784,-13.093203,2.2409456,-17.07604,-2.8995707,-18.496927,8.352869,-1.2749041,6.226467
92,-7.877758026123047,7.80040168762207,104.47957611083984,0.1739473360653702,0.29884248518553336,95.15547646569753,-4.096665,0.59703416,16.472801,-2.6833298,-15.735771,-6.7949357,11.644242,-31.82916,55.755253,23.716343,11.110866,-1.1580669,-7.9129224,-9.505965,10.112153,60.30024,-20.584002,-0.43060806,-7.5574603,7.844098,-2.9274907,2.9227805,5.8655753,-13.215908,2.2045205,-16.695322,-2.678234,-18.699694,6.3799167,-0.53234,6.35997
93,-7.834840774536133,8.142057418823242,104.4189224243164,0.27323614103157573,0.37693073941718436,95.38844764922145,-4.2863555,0.5999817,16.445028,-2.7721808,-15.747805,-6.7543893,11.561628,-31.843828,55.739834,23.725443,11.084137,-1.1575234,-7.8654823,-9.482057,10.032359,60.329826,-20.636292,-0.47693384,-7.532107,7.964454,-2.9683225,2.7124834,5.8581376,-13.387137,2.1710708,-16.979668,-2.7144413,-18.645226,5.834207,-0.5364299,6.402318
94,-7.772327423095703,8.488401412963867,104.35841369628906,0.3721096080691772,0.4515958276350148,95.642011281222,-4.5106516,0.60461056,16.422037,-2.876545,-15.764762,-6.6693873,11.51251,-31.85416,55.63708,23.701706,11.059442,-1.1218134,-7.826662,-9.465426,9.963708,60.372524,-20.696814,-0.5564091,-7.498835,8.09061,-2.9911218,2.483836,5.849606,-13.558243,2.1249502,-17.455568,-2.845036,-18.487366,5.768621,-0.80648315,6.388721
95,-7.718788146972656,8.836121559143066,104.28955841064453,0.4656350743797531,0.5250285484788196,95.90485981092709,-4.7512355,0.61565256,16.399193,-2.9795766,-15.792675,-6.566951,11.4802265,-31.862741,55.49071,23.674612,11.038599,-1.0891088,-7.788997,-9.45315,9.907221,60.407093,-20.73301,-0.6369523,-7.460705,8.21741,-3.0086799,2.2470462,5.8445086,-13.732456,2.082377,-17.890526,-2.9757469,-18.335485,5.7179837,-1.0550572,6.3383646
96,-7.667552471160889,9.203400611877441,104.23079681396484,0.5521537377224379,0.5984252321474084,96.16664499991823,-4.9544744,0.64427996,16.362709,-3.0989783,-15.831922,-6.533452,11.388333,-31.88734,55.44771,23.708612,11.00765,-1.0901866,-7.7086287,-9.420045,9.752324,60.397194,-20.7919,-0.68986565,-7.4115977,8.354952,-3.0150948,2.0162542,5.839066,-13.917307,2.0370364,-18.270521,-3.0970623,-18.21936,5.6792655,-1.1050638,6.2018633
97,-7.610437393188477,9.570852279663086,104.16647338867188,0.6355824424114639,0.6684670112154026,96.43211387008103,-5.174782,0.67417526,16.33007,-3.1725872,-15.901057,-6.4783397,11.325876,-31.90902,55.339725,23.77666,11.010684,-1.1617103,-7.6284876,-9.402782,9.65546,60.339527,-20.736193,-0.6902695,-7.357372,8.497179,-3.0110893,1.786217,5.8349733,-14.105437,1.9869038,-18.588383,-3.2172499,-18.153755,5.6479287,-0.8516171,5.9426813
98,-7.548010349273682,9.947774887084961,104.09852600097656,0.7142342151435636,0.7371574909167168,96.7027051594021,-5.4049015,0.71107966,16.297703,-3.2205875,-15.992236,-6.41151,11.273518,-31.926296,55.18971,23.875874,11.036115,-1.2755665,-7.545638,-9.391776,9.573662,60.252552,-20.620863,-0.6625348,-7.2962093,8.645567,-2.9937942,1.5555098,5.8323007,-14.300112,1.9311249,-18.852541,-3.336136,-18.119015,5.6237082,-0.23404026,5.4989266
99,-7.477534770965576,10.328929901123047,104.03067779541016,0.7773602623530106,0.8133013494572623,96.96342642778367,-5.5961275,0.7767858,16.250422,-3.3070836,-16.088886,-6.4042406,11.177387,-31.961845,55.133377,23.988586,11.026868,-1.3869027,-7.422378,-9.379668,9.428891,60.127087,-20.528513,-0.6289521,-7.227782,8.786507,-2.9502776,1.3365587,5.832218,-14.497986,1.8649496,-19.067406,-3.4331267,-18.110964,5.6082153,0.7654015,4.843523
100,-7.4178786277771,10.715171813964844,103.96544647216797,0.8117601869297866,0.9070605066735666,97.20080036020848,-5.7836328,0.8726361,16.192245,-3.3842824,-16.198126,-6.355555,11.114522,-31.992767,55.000877,24.040478,11.018932,-1.4671336,-7.333762,-9.376709,9.336387,60.048187,-20.429293,-0.6237172,-7.1770616,8.91652,-2.8774233,1.1415846,5.829995,-14.701051,1.7957526,-19.244453,-3.484994,-18.131113,5.601752,2.061464,4.007999
101,-7.348055362701416,11.112360954284668,103.90443420410156,0.8162966359951235,1.0207417175555311,97.41048303147141,-5.9429917,1.0076109,16.118134,-3.49715,-16.319908,-6.305918,11.054904,-32.032104,54.8641,24.026936,10.98097,-1.4994396,-7.2540975,-9.377679,9.242315,60.00192,-20.368645,-0.65647227,-7.149732,9.028384,-2.7613,0.97351086,5.831717,-14.9113,1.7102768,-19.385138,-3.4888675,-18.191017,5.6057,3.4402788,3.1051128
102,-7.278007984161377,11.52546215057373,103.84640502929688,0.7944490432170827,1.1507810752829164,97.60006809815334,-6.0658875,1.1817834,16.027504,-3.6458528,-16.452065,-6.2810497,10.976519,-32.097454,54.756474,23.97228,10.9201765,-1.5003906,-7.162389,-9.384553,9.118496,59.960552,-20.337519,-0.7112632,-7.134332,9.136707,-2.611597,0.8282232,5.8304033,-15.132089,1.6154177,-19.48557,-3.4540348,-18.299314,5.6169806,4.6766124,2.2744946
103,-7.206066131591797,11.933643341064453,103.79248046875,0.7489767245061598,1.2949768416061698,97.76903811008565,-6.171691,1.3825307,15.925614,-3.7831945,-16.586031,-6.2478776,10.908747,-32.159866,54.62976,23.898535,10.854191,-1.4906574,-7.078861,-9.39523,9.012689,59.929092,-20.297852,-0.77286077,-7.1124377,9.224731,-2.4319887,0.705318,5.8332205,-15.350443,1.5114753,-19.54718,-3.3795826,-18.440674,5.6354504,5.611819,1.609853
104,-7.129988670349121,12.355874061584473,103.74675750732422,0.6770917129874438,1.4526220920528707,97.91865270026936,-6.2301793,1.621364,15.8078575,-3.9165933,-16.704945,-6.262106,10.807215,-32.24226,54.57237,23.83966,10.773095,-1.4785473,-6.9609036,-9.418722,8.872826,59.858627,-20.253685,-0.8229148,-7.0507345,9.312336,-2.2169104,0.6118115,5.8341913,-15.577128,1.3943578,-19.583252,-3.2600152,-18.59721,5.6612344,6.166128,1.1567361
105,-7.045605182647705,12.782567977905273,103.70198822021484,0.578784194424092,1.6244291703819274,98.04494079857173,-6.2674103,1.8869066,15.678114,-3.994909,-16.801483,-6.271928,10.708078,-32.2976,54.50755,23.81701,10.694752,-1.4785373,-6.844169,-9.449667,8.76158,59.773285,-20.165098,-0.85907716,-6.9421535,9.3835125,-1.9648745,0.5504447,5.841702,-15.805658,1.2611777,-19.57293,-3.0915887,-18.7571,5.6938806,6.34733,0.91486967
106,-6.963785171508789,13.22936725616455,103.65848541259766,0.45698895007836926,1.808921167198462,98.15077367424836,-6.296696,2.1722476,15.539817,-4.0245566,-16.8875,-6.2554135,10.632377,-32.322475,54.397713,23.808779,10.622626,-1.4857922,-6.742765,-9.479234,8.686657,59.69311,-20.046003,-0.8906757,-6.8048596,9.449862,-1.6849413,0.5179738,5.85528,-16.045975,1.1188585,-19.524033,-2.8794997,-18.91767,5.7392187,6.284486,0.80411434
107,-6.884929656982422,13.688817977905273,103.62682342529297,0.32139988738975867,1.9989187164532225,98.24795685422244,-6.3250446,2.4692774,15.394345,-4.0376105,-16.975086,-6.227667,10.568252,-32.3352,54.274586,23.789219,10.5468645,-1.4905522,-6.6519914,-9.50875,8.627117,59.62626,-19.931566,-0.91923785,-6.65936,9.530299,-1.3889619,0.5026417,5.860403,-16.293911,0.9725322,-19.43984,-2.6552064,-19.088453,5.7918644,6.1546297,0.7208418
108,-6.805702209472656,14.15503215789795,103.59590148925781,0.18503820663584017,2.1853244996926717,98.34246863088433,-6.356179,2.7680793,15.245859,-4.064186,-17.077234,-6.2016582,10.503241,-32.348804,54.168888,23.735718,10.456904,-1.4833664,-6.568914,-9.542617,8.567408,59.580933,-19.853136,-0.9463425,-6.5264044,9.602744,-1.0905312,0.48852375,5.878613,-16.539883,0.8254751,-20.01821,-2.6600366,-19.066145,7.1926746,5.339446,0.62518567
109,-6.719329833984375,14.632844924926758,103.5584716796875,0.04423932586690109,2.376563880533283,98.44563004500358,-6.38127,3.0847936,15.083878,-4.1280575,-17.190233,-6.2119694,10.406107,-32.38501,54.13335,23.631004,10.328569,-1.4558412,-6.469158,-9.594851,8.485084,59.53448,-19.831818,-0.9651908,-6.3960276,9.684094,-0.7783065,0.46906403,5.8916054,-16.79098,0.6726398,-20.879753,-2.7543294,-18.989607,9.158746,4.2255683,0.4936334
110,-6.630238056182861,15.104840278625488,103.51445770263672,-0.09841339847353227,2.5705448039145016,98.55223682342282,-6.415106,3.402207,14.91335,-4.192761,-17.310602,-6.2175264,10.319794,-32.42681,54.09697,23.479227,10.186751,-1.4168426,-6.3826346,-9.642467,8.410138,59.51524,-19.849749,-0.9800033,-6.269654,9.762046,-0.45987245,0.44698173,5.903263,-17.03733,0.51773864,-21.607756,-2.7977746,-18.97587,10.843958,3.253451,0.3282954
111,-6.538947582244873,15.601110458374023,103.46391296386719,-0.23783500771760263,2.7507741707388433,98.64604412396393,-6.4564285,3.7076588,14.750653,-4.249629,-17.44517,-6.198334,10.258515,-32.456463,54.035915,23.316221,10.057636,-1.3748475,-6.320397,-9.678881,8.352745,59.532166,-19.871183,-1.0010155,-6.164965,9.870642,-0.14530103,0.44630748,5.9174056,-17.29754,0.3610604,-22.261084,-2.825985,-18.971172,12.439619,2.30555,0.15975486
112,-6.4504876136779785,16.088594436645508,103.40750122070312,-0.36999218208433454,2.9018647826603003,98.71027694260556,-6.4731183,4.0121903,14.604552,-4.3244987,-17.601097,-6.1936255,10.178064,-32.486355,54.02369,23.185942,9.944018,-1.3280953,-6.250639,-9.729129,8.290389,59.550865,-19.852243,-1.0335399,-6.0895767,10.01698,0.1493439,0.48413494,5.931844,-17.558971,0.21008356,-22.829498,-2.8381019,-18.944391,13.918397,1.4076518,0.007973765
113,-6.347099781036377,16.585182189941406,103.34368896484375,-0.49854195673222285,3.0241661552974017,98.73275286394767,-6.4684877,4.3152757,14.475395,-4.4115605,-17.782946,-6.182524,10.095602,-32.50559,54.03435,23.102484,9.857689,-1.2813334,-6.197438,-9.780907,8.253829,59.606407,-19.803944,-1.0865752,-6.072757,10.209226,0.43716082,0.5788481,5.9481373,-17.831707,0.052746393,-23.33955,-2.8247027,-18.872494,15.349531,0.51792103,-0.13466951
114,-6.248479843139648,17.089448928833008,103.27496337890625,-0.6275988679028964,3.1250129326117784,98.72417389887111,-6.4490175,4.6191206,14.356298,-4.5085473,-17.98733,-6.1687064,10.00893,-32.51509,54.070152,23.047033,9.7868395,-1.2311281,-6.158518,-9.836945,8.237218,59.693466,-19.739653,-1.1533855,-6.098983,10.439767,0.713665,0.7165596,5.964303,-18.113781,-0.10050343,-23.790869,-2.7926712,-18.774078,16.718212,-0.352357,-0.2683819
115,-6.157872676849365,17.60332489013672,103.23533630371094,-0.7530406082185296,3.2010613638298473,98.70029741975688,-6.430064,4.915113,14.252665,-4.5970335,-18.201958,-6.149964,9.919098,-32.50485,54.12192,22.999739,9.728093,-1.1732733,-6.127001,-9.896155,8.223954,59.78592,-19.618258,-1.2227923,-6.1286774,10.693318,0.96642584,0.87365085,5.983013,-18.382433,-0.23967767,-24.036777,-2.709255,-18.712715,17.755287,-1.0880969,-0.3856148
116,-6.062572479248047,18.11562728881836,103.2038803100586,-0.8681830901378997,3.2497197780623965,98.67632254351648,-6.4277353,5.192917,14.169256,-4.6567283,-18.417107,-6.1216764,9.829907,-32.4621,54.17761,22.941793,9.679074,-1.1038904,-6.0989943,-9.9574175,8.195747,59.860695,-19.403107,-1.2839757,-6.122021,10.9841,1.214393,1.0447328,6.0071154,-18.622292,-0.39050156,-24.187027,-2.6170423,-18.674482,18.67244,-1.8011148,-0.48741102
117,-5.951516151428223,18.6291446685791,103.17655944824219,-0.9806539976478204,3.265981407510476,98.63814850201659,-6.428391,5.456523,14.110582,-4.6857214,-18.646227,-6.079678,9.743589,-32.37532,54.23385,22.848015,9.641831,-1.0060571,-6.070165,-10.022272,8.143918,59.920036,-19.034521,-1.3475407,-6.0573063,11.31745,1.4610499,1.2485893,6.0319624,-18.793867,-0.55563563,-24.251726,-2.5020373,-18.646412,19.502808,-2.5216625,-0.5784725
118,-5.841492652893066,19.163818359375,103.15626525878906,-1.0938106674570431,3.2550787467396267,98.58199702279303,-6.428032,5.7138577,14.072405,-4.69376,-18.892138,-6.0255437,9.660216,-32.252308,54.29186,22.735968,9.617394,-0.88826257,-6.0433755,-10.090471,8.077462,59.971645,-18.550413,-1.4144086,-5.958355,11.682797,1.710119,1.4904199,6.062253,-18.861555,-0.7375087,-24.23121,-2.3693526,-18.619514,20.259405,-3.2554674,-0.64971215
119,-5.727896690368652,19.68480682373047,103.14070892333984,-1.205584344560781,3.230356335500198,98.53841590067277,-6.4573646,5.960628,14.0460415,-4.677317,-19.12561,-5.9637876,9.581603,-32.111725,54.34652,22.649183,9.602433,-0.784217,-6.0273657,-10.156633,8.004936,60.004173,-18.060926,-1.4599836,-5.854438,12.0614,1.9651002,1.7372198,6.097851,-18.783045,-0.9353723,-24.14625,-2.2257302,-18.621191,20.917202,-3.9552138,-0.71308124
120,-5.601187229156494,20.206640243530273,103.13521575927734,-1.3101410669401856,3.205121494618337,98.5388407281615,-6.547514,6.1917048,14.023299,-4.6325264,-19.318933,-5.8984017,9.510989,-31.973845,54.391357,22.629602,9.594918,-0.7274767,-6.0308924,-10.212152,7.9330387,60.00782,-17.678572,-1.4608383,-5.7762713,12.426587,2.2293098,1.95129,6.1420193,-18.514841,-1.1492956,-23.998972,-2.0802765,-18.683256,21.468918,-4.608698,-0.77520424
121,-5.469303607940674,20.738632202148438,103.14686584472656,-1.4161209158468422,3.1833897563333045,98.59452045398218,-6.7188716,6.408005,14.007807,-4.535266,-19.464123,-5.815235,9.459663,-31.835165,54.382298,22.751535,9.628978,-0.75400454,-6.06387,-10.24563,7.847356,59.97288,-17.38695,-1.3904713,-5.712879,12.585921,2.5226307,2.0601416,6.563433,-18.228445,-1.3858627,-23.762877,-1.923037,-18.825567,21.873257,-5.1998606,-0.83308583
122,-5.330936431884766,21.28451919555664,103.17231750488281,-1.5246034431634663,3.1592112182294,98.68807605754519,-6.9519067,6.6167154,14.002838,-4.394882,-19.577644,-5.7180276,9.410586,-31.665533,54.345325,22.994589,9.688179,-0.8419379,-6.116224,-10.266635,7.740072,59.901226,-17.150171,-1.2677392,-5.650285,12.151786,2.8549044,1.9509072,8.107233,-18.29084,-1.6459395,-23.437365,-1.7485164,-19.030252,22.146706,-5.748952,-0.8836684
123,-5.193681716918945,21.82276725769043,103.20855712890625,-1.6212770441903845,3.1306089710235563,98.80796075987033,-7.2158623,6.801817,13.996421,-4.2550745,-19.665031,-5.62942,9.384657,-31.542358,54.33269,23.15634,9.725572,-0.9165026,-6.187724,-10.271425,7.6576405,59.83841,-17.033018,-1.144147,-5.637428,11.70175,3.1806111,1.8020629,9.676227,-18.15023,-1.9110487,-23.071383,-1.5830591,-19.269646,22.339956,-6.257133,-0.92402154
124,-5.0474958419799805,22.368356704711914,103.25641632080078,-1.69121567229274,3.0950289563890467,98.94335088383657,-7.4865646,6.9573383,13.981453,-4.1561713,-19.736235,-5.5643973,9.365935,-31.450188,54.411522,23.124851,9.6746235,-0.92550176,-6.2663026,-10.268055,7.6116214,59.80294,-17.131632,-1.0675839,-5.701404,11.244629,3.4764323,1.6288179,11.241589,-17.787708,-2.1563325,-22.65447,-1.4369051,-19.532999,22.461073,-6.7415504,-0.9487403
125,-4.891047954559326,22.920795440673828,103.31585693359375,-1.7259886702750125,3.0601210932983993,99.10978567487894,-7.766425,7.0779347,13.945348,-4.130687,-19.79649,-5.5357428,9.365803,-31.45048,54.6028,22.79196,9.507609,-0.82588196,-6.330019,-10.266389,7.619996,59.76915,-17.535643,-1.054528,-5.874479,10.742048,3.7362912,1.3957307,12.860878,-17.284607,-2.375796,-22.219284,-1.32878,-19.827124,22.546099,-7.2148037,-0.9574373
126,-4.727531909942627,23.460779190063477,103.39137268066406,-1.7339070968099246,3.024156520615962,99.30737779827558,-8.083637,7.1629195,13.888192,-4.123026,-19.833275,-5.534066,9.38273,-31.53389,54.898354,22.223944,9.253521,-0.6418386,-6.4486732,-10.247016,7.7151713,59.825977,-18.156301,-1.096291,-6.1507163,10.241604,3.9683213,1.1189677,14.452565,-16.667017,-2.5743604,-21.722515,-1.2360647,-20.165752,22.5112,-7.6339464,-0.95103645
127,-4.558995723724365,24.02005386352539,103.48260498046875,-1.7295545171334201,2.971686386374743,99.50064219959361,-8.385891,7.2246723,13.836896,-4.137993,-19.839264,-5.54571,9.4285145,-31.667536,55.2197,21.538986,8.977664,-0.4463333,-6.5665936,-10.218242,7.842843,59.890278,-18.819042,-1.1345959,-6.466696,9.6908865,4.175986,0.83996505,16.146767,-16.023829,-2.736181,-21.145025,-1.132273,-20.52091,22.37136,-8.015707,-0.932988
128,-4.403421401977539,24.565189361572266,103.58562469482422,-1.7279179831598594,2.8875369032494906,99.65463670573584,-8.632909,7.2825727,13.8143425,-4.1574345,-19.802069,-5.5717463,9.480779,-31.783133,55.547455,20.881323,8.720463,-0.3055255,-6.6766214,-10.195212,7.951377,59.956326,-19.357155,-1.1427214,-6.7549763,9.072599,4.3650727,0.613626,18.012554,-15.402841,-2.8466365,-20.482662,-0.9975735,-20.860193,22.103724,-8.323444,-0.90592676
129,-4.261325359344482,25.105735778808594,103.7011947631836,-1.7270722017942297,2.7666652945908234,99.76255508433127,-8.820695,7.336754,13.821746,-4.1806536,-19.711203,-5.631664,9.533151,-31.900522,55.92377,20.218178,8.472299,-0.22613874,-6.7857547,-10.177699,8.058054,60.038372,-19.745434,-1.108829,-7.040487,8.398323,4.52413,0.45163134,20.042522,-14.81387,-2.8851194,-19.726297,-0.8328329,-21.178074,21.709717,-8.5617695,-0.8671484
130,-4.10237979888916,25.624223709106445,103.82743835449219,-1.7209480537489852,2.6174130108548153,99.84222165935688,-8.96823,7.379627,13.847719,-4.2156663,-19.57274,-5.7221932,9.591172,-32.04161,56.352665,19.499466,8.215233,-0.17642479,-6.897923,-10.164047,8.180082,60.139923,-20.065012,-1.0521417,-7.3432155,7.679762,4.6540604,0.33408597,22.193762,-14.227692,-2.8730083,-18.892643,-0.63174915,-21.49081,21.184013,-8.725635,-0.8343576
131,-3.932317018508911,26.144235610961914,103.95808410644531,-1.7149927521050674,2.4442353908131027,99.89558019909684,-9.070865,7.417369,13.892038,-4.258942,-19.403358,-5.8182154,9.645293,-32.154922,56.775578,18.828573,7.9801145,-0.15303288,-7.000211,-10.1571045,8.288058,60.240723,-20.292328,-0.98964155,-7.600201,6.913236,4.7807508,0.27443463,24.451838,-13.546979,-2.8587995,-17.994455,-0.39728916,-21.79453,20.570265,-8.8495035,-0.80457526
132,-3.7712152004241943,26.665794372558594,104.09967803955078,-1.7117230677256263,2.2507444718867258,99.92420475771472,-9.120761,7.453779,13.951646,-4.30966,-19.218592,-5.9042087,9.673741,-32.183037,57.156242,18.319935,7.792364,-0.1506011,-7.0768437,-10.157526,8.340367,60.320717,-20.415264,-0.9384541,-7.7479057,6.128588,4.9260654,0.29252887,26.736355,-12.708477,-2.8865924,-16.959255,-0.1172089,-22.103865,19.75687,-8.894666,-0.7605381
133,-3.6094751358032227,27.177614212036133,104.2271728515625,-1.7199485715929193,2.0347781632393107,99.92803118912353,-9.12294,7.492268,14.028953,-4.36458,-19.016693,-5.963228,9.703358,-32.14957,57.451176,17.965887,7.678347,-0.16627859,-7.1405725,-10.161928,8.36343,60.412277,-20.357645,-0.91026396,-7.7800503,5.2066464,5.106446,0.35998604,29.297232,-11.779012,-2.9853244,-15.991862,0.16960184,-22.372547,19.042042,-8.956834,-0.7329486
134,-3.4497756958007812,27.671619415283203,104.35063934326172,-1.7300421677241415,1.793846614765007,99.90619134562067,-9.0908985,7.522595,14.131828,-4.4110885,-18.79479,-5.9816613,9.743571,-32.022457,57.652782,17.75332,7.6234126,-0.21564317,-7.1998525,-10.173266,8.3608885,60.508873,-20.165812,-0.89464444,-7.7179356,4.2237377,5.297054,0.49206996,31.985992,-10.697409,-3.1316173,-14.966731,0.48005268,-22.626242,18.247799,-8.977995,-0.7012866
135,-3.287266492843628,28.159513473510742,104.47535705566406,-1.7316535793596795,1.5381111012339943,99.85841980907304,-9.027705,7.53611,14.253245,-4.4381433,-18.564846,-5.9651685,9.795383,-31.813547,57.77562,17.630333,7.605301,-0.27921763,-7.2609005,-10.19196,8.365257,60.58353,-19.913422,-0.8768009,-7.582866,3.2063887,5.48693,0.6724385,34.720146,-9.556016,-3.2907035,-13.898949,0.8051359,-22.857328,17.379225,-8.958785,-0.6707473
136,-3.129899024963379,28.66610336303711,104.60005187988281,-1.7155827302417739,1.2775583095397973,99.78411225827273,-8.918872,7.525204,14.376163,-4.450705,-18.327839,-5.9538336,9.847095,-31.603329,57.88251,17.498316,7.601499,-0.31808844,-7.32471,-10.214953,8.406441,60.620636,-19.665525,-0.8430543,-7.4080024,2.1819181,5.672056,0.8866413,37.417213,-8.445453,-3.4162602,-12.808042,1.1213619,-23.05609,16.483332,-8.931174,-0.63424164
137,-2.9649674892425537,29.13358497619629,104.7099380493164,-1.6796809107398785,1.0093296035767183,99.67874782664337,-8.758766,7.489176,14.507166,-4.399843,-18.038464,-5.9423304,9.904428,-31.378424,57.9483,17.365637,7.622437,-0.3538964,-7.385788,-10.244708,8.48035,60.597054,-19.383945,-0.78186685,-7.1647162,1.1382992,5.860529,1.1225913,40.10784,-7.388024,-3.4674816,-11.773189,1.4101007,-23.201347,15.6523,-8.907013,-0.6075228
138,-2.7947633266448975,29.600801467895508,104.81560516357422,-1.6298211283352593,0.7301657199437258,99.54378531429462,-8.551804,7.4336386,14.649975,-4.3041716,-17.708616,-5.921623,9.969677,-31.124962,57.961693,17.259987,7.6749816,-0.39207637,-7.44433,-10.281896,8.576736,60.52923,-19.048035,-0.70174,-6.850844,0.051325627,6.0635204,1.3862305,42.85104,-6.350148,-3.4636388,-10.733932,1.6919724,-23.310715,14.818265,-8.875417,-0.58358103
139,-2.613774061203003,30.07261085510254,104.91239929199219,-1.5704916846704355,0.4497194100298129,99.38801593905087,-8.314936,7.3619986,14.794252,-4.2525053,-17.438076,-5.891027,10.043885,-30.869072,57.951195,17.145172,7.736998,-0.38586482,-7.5162582,-10.325127,8.7247715,60.452442,-18.751516,-0.6204639,-6.529665,-1.0405785,6.2892213,1.7014424,45.552013,-5.3072276,-3.4380536,-9.705017,1.9695635,-23.391043,14.002773,-8.852856,-0.56811225
140,-2.4518353939056396,30.5301570892334,105.00061798095703,-1.5102643390154082,0.17768612856896057,99.22089939319865,-8.065859,7.280977,14.929075,-4.33283,-17.322638,-5.8509545,10.127484,-30.64161,57.947426,16.980497,7.785867,-0.2867119,-7.618806,-10.372703,8.957565,60.40465,-18.58452,-0.55773115,-6.2656775,-2.1104107,6.5518045,2.0858054,48.137913,-4.2454896,-3.423627,-8.707243,2.2319028,-23.447716,13.208559,-8.824505,-0.55272365
141,-2.291651487350464,30.986177444458008,105.07502746582031,-1.450843563521301,-0.08913052741527863,99.04084702885507,-7.7999806,7.190208,15.05641,-4.623629,-17.448282,-5.80026,10.222755,-30.461222,57.950893,16.733885,7.8020434,-0.060544748,-7.76158,-10.4230385,9.299436,60.399597,-18.591097,-0.51733476,-6.075045,-3.1560552,6.872939,2.5636067,50.621815,-3.120582,-3.4230368,-7.749125,2.4835095,-23.47799,12.4766445,-8.821409,-0.5464782
142,-2.133310317993164,31.429073333740234,105.14028930664062,-1.390328759859667,-0.35426228977246066,98.84382170148062,-7.5119414,7.0890245,15.181372,-5.058614,-17.742136,-5.7368665,10.33139,-30.311346,57.94462,16.428947,7.801651,0.26088175,-7.93546,-10.47561,9.73463,60.418613,-18.711205,-0.4909774,-5.9252076,-4.1935525,7.258778,3.1177082,53.047,-1.9588913,-3.3980749,-6.820571,2.7265487,-23.480265,11.77927,-8.823322,-0.5489635
143,-1.9702084064483643,31.887048721313477,105.19934844970703,-1.3288128410468,-0.6088051803248633,98.63496882831203,-7.2168007,6.981232,15.297,-5.5085917,-18.062939,-5.6617155,10.451116,-30.168032,57.936966,16.11169,7.814722,0.6267648,-8.129294,-10.530548,10.231689,60.4503,-18.881815,-0.4811734,-5.8056602,-5.2067885,7.691328,3.710257,55.35621,-0.83959085,-3.3277597,-5.8985457,2.9734719,-23.46594,11.080618,-8.828576,-0.5584991
144,-1.8046720027923584,32.3353157043457,105.25171661376953,-1.2656157270656014,-0.8434824244975788,98.41944886694118,-6.9279447,6.869421,15.395355,-5.8442435,-18.270187,-5.57942,10.576629,-30.007742,57.941864,15.829331,7.871213,0.9868168,-8.33004,-10.588098,10.755767,60.482147,-19.041594,-0.4899985,-5.7058845,-6.1803007,8.1423025,4.304189,57.488873,0.15873042,-3.2032223,-5.009085,3.217795,-23.435862,10.386626,-8.826774,-0.57558036
145,-1.6451445817947388,32.786991119384766,105.29863739013672,-1.2007579120541736,-1.0552725686304356,98.19432880117705,-6.6414857,6.7555394,15.475143,-6.0278263,-18.326271,-5.4972987,10.702786,-29.830765,57.969807,15.580351,7.995082,1.3372157,-8.533155,-10.650459,11.313581,60.503246,-19.193596,-0.5314834,-5.6279626,-7.1095295,8.630617,4.946964,59.442764,1.0703638,-3.0368989,-4.1469746,3.4563117,-23.388012,9.693686,-8.820307,-0.5963224
146,-1.4991408586502075,33.2344970703125,105.33987426757812,-1.1349094364036556,-1.2495540053487677,97.95778383768516,-6.350535,6.6381674,15.53972,-6.131158,-18.30387,-5.415334,10.827841,-29.646017,58.020897,15.347593,8.162586,1.7023542,-8.744382,-10.718047,11.915469,60.520874,-19.365076,-0.59949404,-5.5749636,-8.000018,9.164684,5.6428814,61.24938,1.9153587,-2.8272126,-3.3150089,3.6816657,-23.319662,9.0142565,-8.810682,-0.61690205
147,-1.352550983428955,33.694915771484375,105.37486267089844,-1.0657769787205915,-1.4294112433639703,97.71676914373039,-6.0631185,6.516566,15.588632,-6.1889873,-18.239513,-5.3286667,10.951043,-29.445015,58.092415,15.154355,8.33298,2.0731938,-8.9617405,-10.784896,12.526303,60.545513,-19.533836,-0.66571313,-5.5383153,-8.8558855,9.684546,6.2873273,62.897564,2.593822,-2.5647798,-2.5056164,3.8965993,-23.23976,8.361411,-8.817379,-0.6359441
148,-1.2057234048843384,34.14754867553711,105.40426635742188,-0.9942750906285037,-1.5967726898591543,97.47902896531734,-5.786443,6.3871274,15.619955,-6.2366385,-18.170315,-5.2330256,11.07243,-29.218796,58.182976,15.026408,8.466586,2.4402816,-9.183219,-10.843325,13.1008415,60.589725,-19.687801,-0.70249474,-5.508589,-9.685205,10.119717,6.7716203,64.373276,3.0075514,-2.2538676,-1.728052,4.0980816,-23.154917,7.73858,-8.832589,-0.65041035
149,-1.059419870376587,34.60295104980469,105.42668151855469,-0.9180374552512313,-1.750381128126099,97.24794811032386,-5.515282,6.247299,15.628556,-6.282844,-18.090736,-5.1297092,11.190203,-28.95718,58.294575,15.039628,8.54932,2.8007128,-9.4032545,-10.886545,13.6244335,60.658257,-19.848682,-0.69341594,-5.4967794,-10.491166,10.435849,7.062154,65.6671,3.070482,-1.8742883,-0.99428266,4.276061,-23.06552,7.181533,-8.87953,-0.6562494
150,-0.9189138412475586,35.06871032714844,105.4482421875,-0.8370405612972158,-1.8889379075194401,97.01994637068098,-5.247841,6.096023,15.61514,-6.3097296,-17.9853,-5.022474,11.303448,-28.666948,58.4323,15.160256,8.604768,3.1595979,-9.625239,-10.914124,14.111158,60.748817,-20.02639,-0.65749454,-5.5038514,-11.276759,10.654373,7.2121124,66.793335,2.8534496,-1.4549186,-0.26026583,4.446455,-22.976864,6.6023846,-8.91743,-0.65307313
151,-0.7859181761741638,35.52717208862305,105.4582748413086,-0.7528111117842325,-2.01499390066263,96.79284373855955,-4.994676,5.9369473,15.588713,-6.3156023,-17.874859,-4.910802,11.414426,-28.3705,58.594334,15.24549,8.649745,3.5188959,-9.85343,-10.926606,14.557968,60.854477,-20.186464,-0.61979187,-5.504879,-12.042147,10.785765,7.2464743,67.750275,2.5074077,-1.075304,0.37048343,4.567207,-22.87059,6.206067,-9.037687,-0.64196455
152,-0.6622072458267212,35.979331970214844,105.46247863769531,-0.6680753644208112,-2.131359029266637,96.5643791945653,-4.763452,5.7726836,15.5584135,-6.301532,-17.77812,-4.795698,11.527821,-28.096113,58.777584,15.148482,8.700212,3.8812706,-10.089544,-10.92642,14.955976,60.966106,-20.297577,-0.60576487,-5.474077,-12.79126,10.845644,7.1907597,68.55004,2.174612,-0.80972505,0.94042605,4.65782,-22.755096,5.9090652,-9.198883,-0.62370193
153,-0.5305989980697632,36.43474578857422,105.4630126953125,-0.5799441777130827,-2.238090971718772,96.33314436731852,-4.562486,5.6032467,15.5271845,-6.253745,-17.705954,-4.6838083,11.645618,-27.870712,58.99083,14.887349,8.788239,4.24794,-10.339145,-10.914732,15.293558,61.085514,-20.335945,-0.6349071,-5.3876915,-13.525959,10.825466,7.038492,69.19141,1.8585819,-0.6864497,1.413939,4.708487,-22.62432,5.7953925,-9.449975,-0.6030344
154,-0.4066609740257263,36.880062103271484,105.45738983154297,-0.48958563275665495,-2.3342372298036183,96.10145692964905,-4.380383,5.427383,15.490282,-6.1820097,-17.6465,-4.577306,11.7681055,-27.686583,59.232758,14.5122795,8.895193,4.618856,-10.592709,-10.892219,15.56918,61.209667,-20.325998,-0.68941015,-5.264094,-14.243462,10.716834,6.783301,69.67057,1.4955003,-0.6644504,1.8204491,4.7267857,-22.485071,5.7879515,-9.743845,-0.5744123
155,-0.28451254963874817,37.33687210083008,105.45266723632812,-0.39939682387040604,-2.42148818106349,95.87138793155628,-4.198142,5.2480826,15.446433,-6.1197057,-17.588657,-4.465163,11.898662,-27.513758,59.478615,13.9276495,8.959227,4.9929724,-10.8318,-10.8605995,15.794197,61.321373,-20.305744,-0.7381174,-5.1401954,-14.944021,10.541676,6.448944,70.00305,1.1209478,-0.71214634,2.220576,4.7416415,-22.348001,5.786693,-10.044456,-0.5437855
156,-0.1705060452222824,37.78225326538086,105.4382553100586,-0.31354042775074703,-2.5014305957852967,95.6453266482582,-3.9997475,5.067945,15.3959675,-6.0971885,-17.524393,-4.3300376,12.042915,-27.316393,59.694572,13.040942,8.91815,5.3664203,-11.039407,-10.820403,15.985932,61.402504,-20.309467,-0.7496114,-5.0536103,-15.623435,10.32127,6.061894,70.19134,0.7792721,-0.79598767,2.607655,4.7555275,-22.212017,5.785128,-10.337205,-0.5167918
157,-0.04617675766348839,38.24818420410156,105.42208099365234,-0.23658807317835978,-2.577016365084269,95.42212078916849,-3.7864065,4.8884244,15.340375,-6.128961,-17.448229,-4.1474347,12.210375,-27.077679,59.86478,11.641664,8.736777,5.7456126,-11.212551,-10.76955,16.14632,61.449398,-20.346552,-0.6983706,-5.032249,-16.28294,10.049312,5.5992513,70.238945,0.49290645,-0.92167675,3.0006502,4.7864776,-22.078876,5.785092,-10.643232,-0.5019596
158,0.06632630527019501,38.7060661315918,105.40396118164062,-0.16574683971084977,-2.6469746547260815,95.20120932255267,-3.5719836,4.7042303,15.28183,-6.189295,-17.365881,-3.913939,12.404184,-26.80716,59.983406,9.845748,8.452894,6.1204324,-11.367407,-10.706559,16.27692,61.47614,-20.395699,-0.60729486,-5.0504265,-16.921381,9.720175,5.0590777,70.14377,0.23390056,-1.0992992,3.383075,4.815644,-21.946438,5.7868943,-10.942989,-0.4876215
159,0.16973212361335754,39.16337585449219,105.38533782958984,-0.09348568103454961,-2.7064759040706607,94.9858767182561,-3.359639,4.50942,15.220065,-6.247233,-17.292103,-3.6483905,12.616299,-26.507858,60.0433,8.052247,8.115877,6.464452,-11.517115,-10.634775,16.3965,61.493755,-20.444601,-0.5179001,-5.0651703,-17.536251,9.359231,4.4939833,69.911545,-0.036464978,-1.304327,3.7569158,4.8366957,-21.817366,5.7830186,-11.236422,-0.46959764
160,0.2807597517967224,39.627830505371094,105.36383056640625,-0.01336456675109778,-2.7502824265988584,94.77940153052151,-3.1526058,4.299463,15.153232,-6.272232,-17.239172,-3.378694,12.83143,-26.17882,60.05283,6.662863,7.7773795,6.7594113,-11.675667,-10.561805,16.527775,61.514675,-20.477844,-0.4708227,-5.033844,-18.125847,8.990505,3.9567063,69.5458,-0.3551601,-1.5124962,4.1117926,4.848089,-21.69253,5.7898393,-11.538597,-0.45144084
161,0.3888372778892517,40.08486557006836,105.34025573730469,0.07550067860580617,-2.7744767203206835,94.58167287026298,-2.9459693,4.076445,15.076922,-6.2424884,-17.21716,-3.1202466,13.036924,-25.79751,60.02792,5.8007507,7.428352,6.995702,-11.835085,-10.493031,16.670052,61.54129,-20.482191,-0.4953319,-4.9741845,-18.698935,8.607849,3.4367445,69.04625,-0.7398993,-1.730776,4.442143,4.8440113,-21.569809,5.7933154,-11.831804,-0.4290607
162,0.4918114244937897,40.55044174194336,105.31546783447266,0.16970295677741784,-2.7825827105899075,94.39121555681123,-2.7394154,3.8453217,14.991628,-6.1806726,-17.212788,-2.8666449,13.228654,-25.36502,59.983524,5.255061,7.047837,7.1886654,-11.990151,-10.429716,16.817776,61.564972,-20.463629,-0.561616,-4.8990884,-19.251417,8.204824,2.9158657,68.40918,-1.1672647,-1.9649435,4.758517,4.827652,-21.450756,5.798033,-12.126674,-0.40089375
163,0.5992655754089355,41.01070022583008,105.29476165771484,0.26976566575990985,-2.7803091819438523,94.20894207298893,-2.5406349,3.607746,14.902338,-6.1244135,-17.217274,-2.6208303,13.404987,-24.924715,59.933006,4.9210553,6.670282,7.3628173,-12.1549015,-10.373641,16.985003,61.576283,-20.433977,-0.620882,-4.7588573,-19.76977,7.806112,2.4325216,67.64032,-1.6144125,-2.1896038,5.0608716,4.8042245,-21.337208,5.8025827,-12.418495,-0.37392092
164,0.6969565749168396,41.47242736816406,105.2718734741211,0.3733736120816994,-2.7731638172271964,94.03606237547369,-2.3558547,3.3652008,14.813363,-6.1134553,-17.21657,-2.3876176,13.566389,-24.527086,59.89012,4.6889696,6.329444,7.5431247,-12.342502,-10.327968,17.185814,61.566044,-20.403893,-0.6244283,-4.5044427,-20.234987,7.4344435,2.0265741,66.73253,-2.0512273,-2.380806,5.362433,4.769743,-21.234686,5.802571,-12.707608,-0.33949235
165,0.7983508706092834,41.93767547607422,105.24796295166016,0.4843425739989669,-2.764348165118914,93.87823907040557,-2.1816375,3.1168113,14.725979,-6.197024,-17.20551,-2.1817255,13.712088,-24.205103,59.864227,4.584738,6.0454016,7.7634215,-12.546426,-10.294132,17.452507,61.54427,-20.382013,-0.56695956,-4.168856,-20.640596,7.0855985,1.6930075,65.67495,-2.4939194,-2.5499785,5.666018,4.7276173,-21.150164,5.8035035,-13.002122,-0.30325478
166,0.8888924717903137,42.399932861328125,105.22486114501953,0.6014736613738133,-2.750061833759516,93.73322644896848,-2.0128713,2.8638718,14.636459,-6.3452463,-17.189371,-2.0050628,13.84187,-23.9392,59.855446,4.6397634,5.7962303,8.005897,-12.759885,-10.273358,17.769966,61.509197,-20.356064,-0.4711021,-3.7637076,-20.997803,6.7502317,1.4148735,64.472145,-2.9487681,-2.7057703,5.966012,4.6707807,-21.080141,5.800279,-13.292146,-0.2584185
167,0.9809477925300598,42.8857307434082,105.20066833496094,0.72038033785967,-2.7255350291327227,93.5897163743158,-1.8512225,2.611607,14.543147,-6.4805713,-17.178083,-1.8415549,13.9585085,-23.698875,59.85652,4.75431,5.5535626,8.214938,-12.989902,-10.26791,18.071793,61.425568,-20.3111,-0.32888964,-3.2056973,-21.315296,6.441572,1.213327,63.13931,-3.3705094,-2.8219712,6.266855,4.6112504,-21.011847,5.7986298,-13.594015,-0.21041474
168,1.073685646057129,43.360538482666016,105.17646026611328,0.8379906870821646,-2.6859218793244937,93.43623692766364,-1.6947106,2.3662167,14.445707,-6.529768,-17.177677,-1.6765949,14.066335,-23.457468,59.85809,4.8276205,5.289107,8.3336735,-13.237532,-10.280154,18.279985,61.250687,-20.239368,-0.13183825,-2.4096222,-21.60463,6.172555,1.1077018,61.696365,-3.7155018,-2.873813,6.5429826,4.550097,-20.926805,5.7956753,-13.884207,-0.16628799
169,1.1518126726150513,43.820865631103516,105.15321350097656,0.9556595068272425,-2.6307028026932042,93.26800896090197,-1.5319111,2.125793,14.347992,-6.454606,-17.203362,-1.5165496,14.168693,-23.223831,59.862343,4.8476915,4.989067,8.353711,-13.508651,-10.310994,18.384502,60.975334,-20.241776,0.15639575,-1.3372675,-21.866386,5.9518514,1.1268147,60.141937,-3.97411,-2.8416705,6.7917476,4.47553,-20.820278,5.793225,-14.158804,-0.11765429
170,1.2186113595962524,44.30216979980469,105.1314468383789,1.073498581931077,-2.5620758940813295,93.09204091488944,-1.3627617,1.8879617,14.250236,-6.3050857,-17.248531,-1.3683251,14.266178,-23.012606,59.869125,4.86097,4.6724706,8.302058,-13.792827,-10.360365,18.409391,60.611416,-20.302425,0.51867723,-0.0364694,-22.096764,5.7647,1.2523155,58.467857,-4.168986,-2.7488017,7.0352244,4.3907146,-20.704212,5.792888,-14.439294,-0.06025686
171,1.2822812795639038,44.78020477294922,105.10697174072266,1.1904142372742246,-2.479086205810752,92.91439685961971,-1.2018082,1.6552775,14.143496,-6.139748,-17.290771,-1.2205839,14.355691,-22.807285,59.873135,4.8538194,4.3586807,8.175695,-14.071872,-10.429236,18.327843,60.156445,-20.241013,0.8891926,1.4470245,-22.294973,5.586927,1.4332458,56.679405,-4.3070793,-2.6360896,7.2603064,4.3021274,-20.582312,5.7919607,-14.714076,-0.0022151
172,1.347159504890442,45.25450134277344,105.0792236328125,1.3019793011833725,-2.3809524611149127,92.74136167387394,-1.0630451,1.4307745,14.024952,-6.0167317,-17.315441,-1.0502248,14.443186,-22.578274,59.842064,4.8214545,4.0734706,7.96424,-14.318656,-10.526457,18.10486,59.585373,-19.876276,1.2150978,3.0743208,-22.462343,5.3981485,1.6175039,54.782787,-4.394624,-2.5410392,7.4657917,4.218103,-20.460505,5.7908025,-14.984939,0.05344316
173,1.3911126852035522,45.72910690307617,105.04847717285156,1.409887323625637,-2.26302967624192,92.57008398276477,-0.9462728,1.2138973,13.885143,-5.9570193,-17.305576,-0.86373794,14.523131,-22.32797,59.791473,4.7712226,3.8156385,7.6327558,-14.539283,-10.652256,17.711006,58.892143,-19.210209,1.5235504,4.9143677,-22.596504,5.197484,1.8088045,52.762566,-4.430799,-2.4696705,7.6503825,4.123171,-20.336681,5.7873697,-15.248257,0.12025293
174,1.4311585426330566,46.22067642211914,105.01976013183594,1.5160343997634593,-2.1272673838722533,92.39870945605145,-0.84042835,1.0053363,13.729988,-5.9324274,-17.27743,-0.67192274,14.594804,-22.069706,59.72854,4.705417,3.5757651,7.1947827,-14.735237,-10.806521,17.16102,58.075695,-18.330095,1.8553909,6.9624166,-22.699505,4.9937963,2.0279975,50.624584,-4.4155555,-2.4042695,7.822599,4.025002,-20.209808,5.785187,-15.516734,0.1914519
175,1.4737299680709839,46.7001953125,104.9871597290039,1.6139324803515678,-1.9826772900380296,92.23519778310857,-0.742868,0.8073824,13.568406,-5.9292216,-17.246569,-0.47615135,14.6573105,-21.811403,59.65188,4.5992737,3.3576155,6.723797,-14.89071,-10.987445,16.498081,57.15636,-17.173456,2.1856606,9.060171,-22.771027,4.7824183,2.252634,48.38946,-4.34806,-2.3431132,7.977254,3.9355881,-20.086725,5.7843633,-15.779548,0.2582488
176,1.506110429763794,47.182621002197266,104.9490966796875,1.6979327771916777,-1.8381751177962928,92.08726327992495,-0.65441865,0.622806,13.410141,-5.929504,-17.236267,-0.2739955,14.709633,-21.556067,59.556232,4.4293466,3.1653237,6.292525,-14.994307,-11.191205,15.773138,56.159092,-15.667004,2.4896038,11.050077,-22.81078,4.5605493,2.4595377,46.07917,-4.229516,-2.2834926,8.135955,3.8570495,-19.981373,5.7822447,-16.044353,0.32983074
177,1.5262032747268677,47.67183303833008,104.9054946899414,1.7667855488789082,-1.6959250553732432,91.95770045523737,-0.58425176,0.45047778,13.256877,-5.9234853,-17.250175,-0.055216976,14.751816,-21.29052,59.425243,4.1644955,3.015497,5.912107,-15.055444,-11.417812,14.990364,55.08875,-13.71097,2.7831178,12.971788,-22.813047,4.329069,2.6493442,43.67611,-4.0650187,-2.2105117,8.303959,3.790377,-19.89855,5.7783093,-16.313225,0.4082844
178,1.5369575023651123,48.16530990600586,104.86064147949219,1.822855035269736,-1.5515172112864217,91.84198624578121,-0.5327274,0.29019552,13.103156,-5.918426,-17.277191,0.17991082,14.783666,-21.012054,59.263786,3.827798,2.9018154,5.5455484,-15.0854435,-11.664749,14.139656,53.941277,-11.35953,3.1084216,14.876542,-22.782894,4.091446,2.8302908,41.179962,-3.8546598,-2.1284206,8.4705,3.7324584,-19.830626,5.7795386,-16.587294,0.4914968
179,1.5413029193878174,48.656620025634766,104.80889129638672,1.866778472141733,-1.4041392447131054,91.73658662193165,-0.48869404,0.14615837,12.947617,-5.921476,-17.31171,0.4188114,14.80361,-20.738655,59.10045,3.4766028,2.7922163,5.19475,-15.079221,-11.92046,13.250822,52.73511,-8.762144,3.4591765,16.627005,-22.723513,3.8488297,2.9948404,38.618702,-3.5842428,-2.0625184,8.634564,3.6857402,-19.772346,5.777614,-16.858936,0.57595545
180,1.5419259071350098,49.15095138549805,104.74970245361328,1.897503385016254,-1.252563655282435,91.63760449343572,-0.44536105,0.020705728,12.787277,-5.9353914,-17.345041,0.65196633,14.810115,-20.484896,58.964584,3.1664133,2.6533256,4.8633404,-15.039749,-12.170106,12.360204,51.502148,-6.0630937,3.802796,18.08693,-22.645992,3.6025715,3.1335456,36.02869,-3.2410514,-2.0374467,8.796887,3.6524503,-19.718605,5.774979,-17.133137,0.66014326
181,1.5302739143371582,49.65829849243164,104.68994140625,1.91657234309739,-1.0954676761193727,91.54563562231081,-0.41044423,-0.09052187,12.618567,-5.9491453,-17.366957,0.88437796,14.803659,-20.249235,58.86154,2.9017713,2.4638774,4.5564823,-14.985593,-12.405184,11.486874,50.269394,-3.3172593,4.0883327,19.24729,-22.546417,3.353423,3.2321725,33.393543,-2.8139772,-2.0588582,8.959625,3.6254497,-19.672014,5.7734747,-17.413176,0.7505617
182,1.5154967308044434,50.174774169921875,104.62362670898438,1.9219972250924255,-0.9343301061772482,91.46111854169925,-0.39134246,-0.1884529,12.44254,-5.957062,-17.385307,1.1260898,14.785239,-20.017265,58.774124,2.656559,2.245128,4.272492,-14.924726,-12.624364,10.618307,49.035553,-0.43541712,4.3226986,20.171389,-22.41879,3.1040716,3.299706,30.694967,-2.3084056,-2.1118538,9.123512,3.6131523,-19.63229,5.771384,-17.698683,0.8412355
183,1.4923324584960938,50.69210433959961,104.54834747314453,1.910909701707169,-0.7736285975046995,91.38033176593754,-0.37977445,-0.26380476,12.265227,-5.972905,-17.408663,1.3739913,14.753682,-19.785427,58.696407,2.441911,2.0264244,4.0035877,-14.83845,-12.822859,9.74071,47.78478,2.6608498,4.5412426,20.833036,-22.270811,2.861047,3.3598535,27.979404,-1.7491577,-2.1938252,9.289258,3.6157665,-19.59439,5.7700224,-17.98615,0.9336565
184,1.4598816633224487,51.216041564941406,104.47050476074219,1.8802784576359577,-0.617595361391728,91.29946157252274,-0.365993,-0.30730397,12.092,-6.0110316,-17.448387,1.621881,14.706002,-19.553474,58.626446,2.2675064,1.8363731,3.7429075,-14.70644,-12.993246,8.837994,46.50155,6.0513015,4.774684,21.201885,-22.119843,2.6299388,3.4344804,25.308123,-1.1670524,-2.3017707,9.46534,3.636188,-19.554619,5.767974,-18.277668,1.0293344
185,1.4084856510162354,51.75465393066406,104.3831558227539,1.8236330982476423,-0.4702120587246369,91.21782406704077,-0.35295096,-0.31042427,11.92704,-6.079757,-17.515837,1.8677691,14.638167,-19.323767,58.575912,2.1783106,1.6747066,3.4902635,-14.519523,-13.13206,7.886914,45.190502,9.903519,5.029071,21.297995,-21.961218,2.4185302,3.5317338,22.670523,-0.5298931,-2.4102237,9.662984,3.677876,-19.513588,5.763362,-18.57729,1.1338326
186,1.3646608591079712,52.29261016845703,104.28933715820312,1.742056171840007,-0.33105242208518226,91.1343114994363,-0.33730355,-0.27431718,11.768807,-6.1732297,-17.603933,2.109269,14.549321,-19.099905,58.548508,2.1560755,1.526674,3.249557,-14.285342,-13.236133,6.8957157,43.855076,14.129996,5.2471027,21.124798,-21.796715,2.2288682,3.6374576,20.057653,0.15823023,-2.5288901,9.8697195,3.754045,-19.465591,5.7580314,-18.880587,1.2291751
187,1.3237699270248413,52.83647918701172,104.1815414428711,1.6397398705829143,-0.19840557524866,91.04125127853509,-0.3030674,-0.2062261,11.61366,-6.2802773,-17.686216,2.347145,14.443519,-18.877325,58.525455,2.1161716,1.4008272,3.0210547,-14.017388,-13.299109,5.9028263,42.487564,18.425602,5.349372,20.631674,-21.608416,2.0595675,3.7539465,17.46663,0.8378145,-2.709791,10.088632,3.8558187,-19.406368,5.752302,-19.189943,1.3192579
188,1.2608288526535034,53.3937873840332,104.06780242919922,1.5191037944535253,-0.07295153971749425,90.92812208895981,-0.23652428,-0.1107178,11.460561,-6.3832283,-17.742765,2.5907564,14.327774,-18.644587,58.477978,1.9740895,1.3085902,2.804097,-13.733203,-13.313191,4.953313,41.085392,22.486248,5.249586,19.778679,-21.41732,1.9180024,3.8732574,14.964372,1.4192773,-3.0047123,10.3252,3.9633288,-19.330996,5.7457514,-19.502693,1.4199054
189,1.1986509561538696,53.96749496459961,103.9378890991211,1.3695616025716675,0.042136880565375096,90.78835343710101,-0.13124447,0.022425571,11.312131,-6.468161,-17.759048,2.8560135,14.207528,-18.392378,58.380856,1.6732287,1.270383,2.602694,-13.408072,-13.269678,4.0758777,39.623264,26.425558,4.8488183,18.470036,-21.238699,1.820158,3.9796376,12.576942,1.8901246,-3.4548833,10.58363,4.1028404,-19.229021,5.7382245,-19.825594,1.5142326
190,1.1453872919082642,54.536224365234375,103.79643249511719,1.1759287383236163,0.13679415711303897,90.61357628061002,0.0103115,0.20753111,11.178566,-6.5383644,-17.74785,3.152085,14.084292,-18.116518,58.23449,1.269886,1.2799499,2.4140272,-13.05373,-13.163717,3.2611856,38.12437,30.332182,4.138417,16.78684,-21.151144,1.7984933,4.062483,10.467979,2.1889591,-4.0268965,10.863105,4.2957745,-19.0867,5.727976,-20.149235,1.5910407
191,1.0697276592254639,55.12617111206055,103.64080810546875,0.943966929720356,0.20504516589532748,90.39591632369279,0.18407929,0.43258843,11.064796,-6.602372,-17.727884,3.4735928,13.95972,-17.812881,58.051716,0.8509414,1.3079997,2.2274258,-12.743169,-12.999685,2.4876733,36.656418,33.855854,3.211615,14.954379,-21.22707,1.8606551,4.1355696,8.807663,2.2116747,-4.6581087,11.184953,4.513928,-18.905924,5.719061,-20.482979,1.6759568
192,0.9943506717681885,55.720497131347656,103.47813415527344,0.6931697734292923,0.2496334600525496,90.14048681224581,0.37289375,0.6711331,10.969033,-6.669027,-17.716291,3.8153827,13.838731,-17.482254,57.843006,0.49743775,1.3244487,2.0320916,-12.545127,-12.797729,1.7350377,35.28087,36.6674,2.2155528,13.174285,-21.472824,1.9845052,4.224815,7.646615,1.9055108,-5.2880607,11.535199,4.7445307,-18.690674,5.7106204,-20.8165,1.7602847
193,0.9150508046150208,56.31837844848633,103.31140899658203,0.44140321194651394,0.27905118266431483,89.85504818418197,0.5753268,0.9043713,10.883571,-6.7414274,-17.712784,4.166122,13.710747,-17.113932,57.62151,0.25685048,1.3248743,1.818461,-12.448556,-12.549437,0.9638957,33.951614,38.49902,1.1425253,11.338795,-21.845459,2.1370575,4.3561635,6.8649077,1.2795742,-5.938344,11.905195,4.963354,-18.45113,5.703278,-21.1488,1.8515637
194,0.8296642303466797,56.90871047973633,103.1489486694336,0.18908936144199898,0.3098912673516456,89.55721165843967,0.77796507,1.1350418,10.794058,-6.814391,-17.712854,4.528127,13.580481,-16.721498,57.378136,0.066827156,1.3223397,1.5955623,-12.420999,-12.268811,0.20407024,32.64898,39.59781,-0.027034463,9.368375,-22.401943,2.3071246,4.485404,6.506249,0.35247028,-6.6279116,12.267951,5.1701794,-18.198017,5.6946173,-21.46936,1.9482573
195,0.7343500256538391,57.52446746826172,102.98709869384766,-0.03092327325133425,0.33237305790440125,89.25751360184991,0.95879,1.3462797,10.710203,-6.890896,-17.727375,4.9113803,13.503815,-16.424192,57.088097,-0.24063775,1.3120619,1.3883332,-12.4992075,-12.106357,-0.35130793,31.48503,40.556934,-1.1782879,7.448268,-22.916964,2.4401991,4.665615,6.2389655,-0.6221743,-7.2868714,12.654697,5.324353,-17.958776,5.691252,-21.799662,2.0676208
196,0.6322199702262878,58.142333984375,102.83390045166016,-0.2314980480621817,0.3540631642683092,88.96856809634266,1.1289703,1.53682,10.638517,-6.994581,-17.77675,5.2814364,13.412618,-16.081713,56.807476,-0.51288784,1.2770067,1.1919935,-12.646845,-11.916923,-1.0218003,30.478823,41.520706,-2.046431,5.96321,-23.45596,2.554055,4.842734,6.2058563,-1.6077199,-7.8554044,13.041464,5.4458537,-17.736303,5.6920877,-22.125038,2.2000473
197,0.5199345946311951,58.757591247558594,102.6831283569336,-0.4289085541161922,0.38073709492872043,88.69693857804056,1.2755837,1.7283808,10.567757,-7.134255,-17.874163,5.639651,13.309372,-15.708058,56.542587,-0.76941746,1.2008604,1.0093043,-12.882926,-11.707575,-1.8253855,29.64822,42.607334,-2.514552,5.024232,-24.00743,2.6616964,5.012536,6.3560314,-2.6281147,-8.3298435,13.42155,5.555466,-17.53115,5.6910906,-22.441135,2.342388
198,0.4107804596424103,59.376502990722656,102.53302764892578,-0.6371117381980267,0.41941961991375004,88.42435650025405,1.4193742,1.9331979,10.48591,-7.307449,-18.005512,5.984077,13.196975,-15.330069,56.29419,-1.0206406,1.093045,0.84409153,-13.190225,-11.486324,-2.725742,28.947884,43.64437,-2.6831865,4.4479446,-24.55428,2.7853067,5.1960645,6.6248846,-3.6787577,-8.751652,13.7863865,5.673272,-17.318346,5.691102,-22.752325,2.4834428
199,0.3032280206680298,59.9898681640625,102.38490295410156,-0.8226823619068384,0.4451239408213574,88.1574037200244,1.5492058,2.1151116,10.415307,-7.492484,-18.142235,6.309182,13.097492,-14.999781,56.066753,-1.328078,0.97560185,0.7045847,-13.550941,-11.295307,-3.564976,28.385406,44.65818,-2.748706,4.0445247,-24.854763,2.8593218,5.456083,6.670507,-4.4658365,-9.096772,14.163848,5.7611146,-17.12123,5.6929865,-23.05772,2.6319544
200,0.19068239629268646,60.604942321777344,102.2430419921875,-0.9823574007567821,0.47534308213401155,87.901943945524,1.7379603,2.2559118,10.366866,-7.7531137,-18.292221,6.5503464,12.948119,-14.574711,55.89862,-1.4588913,0.87609506,0.5413669,-13.817806,-10.986868,-4.707382,27.762308,45.314262,-2.6707926,3.8063476,-25.144241,2.9021115,5.6845746,6.8832726,-4.9774556,-9.342936,14.537263,5.81183,-16.94403,5.696497,-23.356195,2.7921498
201,0.07769466936588287,61.22468185424805,102.14112854003906,-1.1263663786103164,0.49752573278786943,87.66613960454336,1.8752298,2.375447,10.322313,-8.006165,-18.43413,6.77449,12.834333,-14.249039,55.753036,-1.7247276,0.79397357,0.41313818,-14.134104,-10.7331295,-5.584421,27.281462,45.98459,-2.686586,3.5485826,-25.151394,2.890944,5.965702,6.833,-4.7917976,-9.459521,14.918852,5.8412385,-16.795233,5.700543,-23.641811,2.9617388
202,-0.040198735892772675,61.845977783203125,102.04984283447266,-1.2548788598883764,0.5205776577239986,87.45076019522072,2.0167844,2.4733746,10.296677,-8.305062,-18.599016,6.9582524,12.720873,-13.898921,55.619114,-1.948623,0.72816503,0.2729948,-14.430515,-10.463011,-6.5314746,26.825325,46.524635,-2.5814319,3.4388692,-25.177364,2.852238,6.143662,7.044159,-4.1374874,-9.352935,15.298252,5.8536186,-16.674194,5.706248,-23.88107,3.1351447
203,-0.1498933732509613,62.48102951049805,101.9735107421875,-1.3363175853648657,0.5705219726816617,87.24661396790806,2.111496,2.5232723,10.238181,-8.573648,-18.729906,7.152956,12.657351,-13.645075,55.480938,-2.3019485,0.6637088,0.176139,-14.759175,-10.305892,-7.1764083,26.51276,47.08173,-2.5870323,3.2843964,-25.23227,2.7539954,6.077017,7.4277844,-3.028031,-8.867689,15.649769,5.8075376,-16.578018,5.7149053,-24.029558,3.317665
204,-0.23694339394569397,63.15327835083008,101.9118881225586,-1.35021135228746,0.6772011123693119,87.04024153707273,2.2497036,2.4855158,10.142214,-8.859083,-18.821795,7.3217797,12.585504,-13.321346,55.350018,-2.5252914,0.60475457,0.0831321,-14.994928,-10.105591,-7.957893,26.16823,47.302834,-2.5574543,3.1741686,-25.171534,2.55841,5.7265,7.591234,-1.3964595,-7.924005,15.945299,5.6730804,-16.495022,5.728836,-24.04931,3.5129979
205,-0.3126944303512573,63.854278564453125,101.86905670166016,-1.2465284849001508,0.8279717375892476,86.82314542382849,2.4065158,2.305806,10.017423,-9.136374,-18.856289,7.4713855,12.519387,-12.998803,55.243515,-2.679698,0.54762906,0.03844457,-15.165886,-9.871506,-8.700955,25.851088,47.13261,-2.6096256,3.0245388,-25.062586,2.2336476,5.1174617,7.7574806,0.5181835,-6.5092688,16.206005,5.390553,-16.440376,5.749464,-23.917194,3.7331276
206,-0.3969872295856476,64.55203247070312,101.88134002685547,-1.0669084542844747,1.034641663596633,86.60983018913109,2.5481262,2.032954,9.845997,-9.3972645,-18.843569,7.619235,12.479257,-12.709205,55.14107,-2.8401496,0.49528217,0.035962507,-15.309868,-9.669199,-9.293487,25.607908,46.738518,-2.7529135,2.8317544,-24.996086,1.8268074,4.392338,8.063005,2.5228076,-4.8758416,16.41364,5.014086,-16.40857,5.776907,-23.613901,3.9669757
207,-0.47949743270874023,65.26372528076172,101.90717315673828,-0.8103395470546343,1.2360453430664817,86.37308615349627,2.69859,1.6600511,9.683966,-9.619467,-18.784182,7.78434,12.454146,-12.382183,55.032314,-3.007637,0.43048146,0.05046467,-15.4156,-9.421871,-9.879608,25.400454,46.229794,-2.888003,2.6730824,-24.807941,1.3480116,3.8079097,8.214027,4.5765533,-3.3181722,16.634453,4.5313106,-16.384995,5.816468,-23.122047,4.221288
208,-0.5502405166625977,66.00006866455078,101.94373321533203,-0.5761826108829108,1.4231220761984869,86.09243676459283,2.846924,1.2958043,9.507306,-9.758748,-18.657316,7.9965997,12.455532,-12.046206,54.918667,-3.308583,0.32934785,0.08133805,-15.508705,-9.16037,-10.368495,25.263449,45.874607,-3.022161,2.5324342,-24.66409,0.9471399,3.405273,8.446238,6.3866243,-2.051375,16.863298,4.0541987,-16.306383,5.8648963,-22.415396,4.469388
209,-0.631980299949646,66.74527740478516,102.00883483886719,-0.30867307863880816,1.5898343474134462,85.7249391202461,3.0403247,0.8940686,9.318978,-9.821752,-18.427162,8.268246,12.4796,-11.707821,54.797512,-3.8487768,0.15915936,0.142406,-15.589346,-8.92995,-10.731268,25.21655,45.778404,-3.158339,2.408684,-24.461048,0.56338847,3.2358482,8.496175,8.056367,-1.0408006,17.119999,3.4956622,-16.15359,5.9274907,-21.518885,4.7372646
210,-0.7162890434265137,67.50872802734375,102.0747299194336,0.013468826716842998,1.7599776351255527,85.28868794337487,3.2730768,0.42759603,9.110279,-9.827476,-18.1115,8.57974,12.519722,-11.360034,54.675972,-4.5422277,-0.06017293,0.22633946,-15.649255,-8.718617,-10.998553,25.245914,45.80633,-3.3002064,2.3002112,-24.259687,0.16321751,3.2626605,8.46606,9.424773,-0.22241902,17.382784,2.837065,-15.94589,6.0074687,-20.47195,5.0298004
211,-0.7882919907569885,68.30233001708984,102.14321899414062,0.3601710677951437,1.914753147506631,84.85520547686912,3.4813137,-0.07546958,8.905156,-9.777256,-17.781385,8.88818,12.57476,-11.011873,54.58719,-5.202356,-0.2760116,0.29109478,-15.684157,-8.51496,-11.208977,25.324398,45.88724,-3.4397995,2.2110276,-23.958717,-0.23620111,3.4868672,8.369289,10.305318,0.3833838,17.63376,2.1416872,-15.733637,6.1089144,-19.262154,5.3225493
212,-0.8560919165611267,69.10546875,102.20779418945312,0.7070447019463804,2.0355399492515898,84.49569267591835,3.6037908,-0.5911747,8.725235,-9.672377,-17.514734,9.150083,12.647907,-10.675977,54.56136,-5.6466103,-0.43340084,0.29863468,-15.688484,-8.308471,-11.4045315,25.423456,45.949837,-3.5676508,2.1465287,-23.558025,-0.6311818,3.84337,8.249628,10.699468,0.7942846,17.919376,1.471908,-15.587171,6.2282224,-17.931728,5.6033044
213,-0.9204135537147522,69.89514923095703,102.2898941040039,1.0509487163031201,2.1222534618078615,84.21903815336866,3.6314142,-1.1213074,8.561268,-9.509388,-17.32947,9.356994,12.745924,-10.356005,54.617268,-5.782967,-0.52395713,0.21997978,-15.656085,-8.08612,-11.600799,25.5558,45.981335,-3.6805224,2.1325843,-23.096285,-1.0183764,4.2843256,8.1161375,10.762707,1.0291044,17.390245,0.6031056,-15.309248,8.083918,-17.41377,5.8944874
214,-0.9851536750793457,70.67805480957031,102.38758087158203,1.3964680877839126,2.1843018660752693,83.99213077142988,3.595437,-1.6720349,8.402968,-9.289811,-17.186749,9.531863,12.871239,-10.048901,54.731327,-5.727026,-0.5724536,0.086628914,-15.590174,-7.841906,-11.790487,25.725325,46.00143,-3.7775686,2.1645327,-22.55307,-1.3957583,4.7717175,7.957007,10.619497,1.1306795,16.243967,-0.41342232,-14.89147,11.215623,-17.533745,6.1977744
215,-1.0432977676391602,71.44811248779297,102.49201202392578,1.7361270898020427,2.2135803176987734,83.82648499601117,3.4931111,-2.2212117,8.27238,-9.025751,-17.07166,9.673262,13.019119,-9.76014,54.873356,-5.60812,-0.57515883,-0.048843574,-15.49576,-7.579785,-11.976654,25.88939,45.99607,-3.8570132,2.2004542,-21.941328,-1.7683024,5.2409987,7.7935777,10.352123,1.165489,15.250767,-1.3548578,-14.531978,14.069652,-17.48693,6.4749856
216,-1.113207221031189,72.203857421875,102.61005401611328,2.060674275517959,2.2013183501742724,83.72919617700842,3.3287768,-2.7460694,8.191914,-8.732066,-16.97249,9.774073,13.180636,-9.498368,55.020504,-5.5542784,-0.5294527,-0.1344467,-15.374589,-7.3105216,-12.162083,26.003231,45.955185,-3.9164414,2.1965954,-21.438202,-2.1647832,5.6126475,8.005781,9.805717,1.2482597,14.291513,-2.2517471,-14.209808,16.887905,-17.3005,6.701639
217,-1.1871752738952637,72.94358825683594,102.73672485351562,2.37303252421234,2.140790525975453,83.74031948311847,3.0681021,-3.2481446,8.160201,-8.403667,-16.880503,9.826884,13.352306,-9.265266,55.19906,-5.6251183,-0.43210432,-0.14840868,-15.21605,-7.0381913,-12.352325,26.06312,45.884735,-3.9503412,2.1378937,-20.74149,-2.6027558,5.909122,7.9062605,9.372785,1.3633968,13.317067,-3.1080847,-13.945503,19.8111,-16.920485,6.881926
218,-1.2657356262207031,73.6837158203125,102.86106872558594,2.671302883530224,2.036799836035453,83.84478246922484,2.7223415,-3.729027,8.163641,-8.038336,-16.806429,9.830144,13.534634,-9.060121,55.41963,-5.74208,-0.28832278,-0.12070616,-15.020563,-6.7620907,-12.542256,26.089106,45.792046,-3.9628751,2.0473201,-19.975674,-3.0638769,6.1309705,7.740904,8.929018,1.4938182,12.349649,-3.9152567,-13.737999,22.783209,-16.322918,7.0357704
219,-1.3535058498382568,74.41437530517578,102.98633575439453,2.9409547437140646,1.8960174383732922,83.9638294869463,2.3666756,-4.166837,8.210313,-7.656628,-16.754955,9.78428,13.723675,-8.886399,55.63779,-5.8237524,-0.108097486,-0.07781516,-14.807989,-6.491706,-12.714731,26.072203,45.66994,-3.9647465,1.9357803,-19.16146,-3.5098264,6.325795,7.5340285,8.492955,1.6421485,11.357273,-4.6877875,-13.51356,25.801447,-15.537916,7.1617894
220,-1.4658699035644531,75.1400375366211,103.11559295654297,3.1676680194087843,1.7242584622790174,84.01721370190995,2.0785322,-4.5373983,8.311925,-7.280914,-16.727463,9.689089,13.912522,-8.747462,55.811527,-5.78775,0.098377675,-0.047143124,-14.596728,-6.243329,-12.848746,26.005333,45.517647,-3.968656,1.8117055,-18.327454,-3.9042926,6.545815,7.3512135,8.051182,1.8167683,10.311073,-5.438806,-13.194206,28.850023,-14.584744,7.252297
221,-1.5910180807113647,75.8446273803711,103.2530517578125,3.3375086579360955,1.5087280958506244,83.98425791237939,1.8835104,-4.8169894,8.483861,-6.943576,-16.718578,9.529685,14.091202,-8.645837,55.959854,-5.5751038,0.34808457,-0.032879043,-14.369814,-6.034229,-12.937823,25.879734,45.315063,-3.9768915,1.6632047,-17.441854,-4.2188497,6.8013496,7.149251,7.638546,2.0252495,9.190196,-6.167113,-12.729453,31.972473,-13.388453,7.32499
222,-1.750530481338501,76.53998565673828,103.39476776123047,3.461070145280278,1.2484415723618747,83.90740586316663,1.7408799,-5.0194645,8.7187395,-6.6276174,-16.725752,9.304506,14.257038,-8.58035,56.10708,-5.2369866,0.63697416,-0.023676833,-14.122945,-5.8702884,-12.983238,25.704786,45.083626,-3.9862447,1.4850056,-16.506603,-4.4909744,7.0704474,6.9395576,7.228445,2.276276,8.005998,-6.8614125,-12.164401,35.16888,-11.964488,7.384103
223,-1.903167963027954,77.208740234375,103.52761840820312,3.5651400007723413,0.9670417728652029,83.8013613100368,1.6266937,-5.177446,8.995834,-6.27883,-16.760674,9.037136,14.417827,-8.54726,56.214146,-4.8580127,0.9245629,-0.023723472,-13.896516,-5.7476206,-12.974941,25.503553,44.883274,-4.0007706,1.2967526,-15.572677,-4.728382,7.3521543,6.7489305,6.816197,2.5176914,6.783403,-7.5265446,-11.567207,38.36002,-10.470099,7.38623
224,-2.0397353172302246,77.85734558105469,103.65364837646484,3.673978562432578,0.690137201692028,83.68210363333823,1.5128878,-5.326018,9.292964,-5.8395844,-16.835337,8.757611,14.5876665,-8.539744,56.232056,-4.5265036,1.1728994,-0.036118567,-13.733276,-5.656344,-12.902961,25.30081,44.770344,-4.0251546,1.1198401,-14.592261,-4.9691257,7.6646285,6.429148,6.4717155,2.7159781,5.528053,-8.181617,-11.005592,41.509384,-9.084468,7.2717714
225,-2.1696255207061768,78.48705291748047,103.76448822021484,3.7902732490279702,0.42752117911426557,83.5293930600527,1.4108309,-5.469492,9.6163645,-5.265217,-16.971573,8.473986,14.774538,-8.555829,56.123363,-4.266063,1.3893771,-0.06443781,-13.648541,-5.5869155,-12.747829,25.079786,44.791866,-4.073906,0.92052335,-13.644481,-5.2098885,8.022508,6.117218,6.1242423,2.8652723,4.1821837,-8.853239,-10.445201,44.707634,-7.8736196,6.934194
226,-2.3111696243286133,79.1004867553711,103.8678970336914,3.9022187792384195,0.1656001921563111,83.34470591665918,1.3227068,-5.595495,9.973421,-4.5927563,-17.152,8.180383,14.978763,-8.594548,55.907562,-4.034419,1.592459,-0.10681694,-13.621724,-5.538246,-12.519608,24.838755,44.90182,-4.1417828,0.70254177,-12.675105,-5.4548903,8.423154,5.73846,5.810229,2.9931755,2.7388742,-9.541611,-9.868388,47.982777,-6.7544694,6.404851
227,-2.447000741958618,79.6944808959961,103.95965576171875,4.011811875152002,-0.10405656390650675,83.17728530179429,1.2104255,-5.7129774,10.343679,-3.888796,-17.339783,7.881361,15.203396,-8.656942,55.624374,-3.8225574,1.760422,-0.15768641,-13.639,-5.5105853,-12.255253,24.623451,45.019867,-4.204015,0.5449299,-11.863369,-5.6785808,8.781015,5.6568646,5.3581457,3.101555,1.2940458,-10.2380085,-9.375118,51.185165,-5.6733527,5.821371
228,-2.5795350074768066,80.27803039550781,104.03852844238281,4.120982883611868,-0.39075902544713437,83.07537492008795,1.0396172,-5.8318553,10.707558,-3.2207944,-17.5048,7.5787554,15.452976,-8.749397,55.31434,-3.6242027,1.8715063,-0.21125627,-13.68392,-5.5041676,-11.996997,24.475922,45.06503,-4.2330847,0.52755916,-11.0858,-5.910274,9.063917,5.6487765,4.881733,3.2061243,-0.05206639,-10.939771,-9.063564,54.166584,-4.577076,5.326276
229,-2.7046608924865723,80.85517120361328,104.10677337646484,4.2426984010922935,-0.7049156319520702,83.05416528779433,0.7963748,-5.9718204,11.074336,-2.5875478,-17.656057,7.2725005,15.735717,-8.878373,54.966305,-3.4573443,1.9078621,-0.2797473,-13.771777,-5.520368,-11.756672,24.41141,45.001823,-4.2105694,0.7339964,-10.292619,-6.169329,9.269538,5.6441336,4.4124446,3.3055806,-1.2988245,-11.680593,-8.941832,56.955532,-3.3773282,4.9912453
230,-2.8146791458129883,81.42800903320312,104.16802978515625,4.370635692572372,-1.0394864684753002,83.08764671394661,0.5059164,-6.1237154,11.450067,-1.963323,-17.807116,6.957053,16.05278,-9.051666,54.565998,-3.3269973,1.8865814,-0.3616368,-13.901027,-5.5570574,-11.520454,24.402567,44.878292,-4.1525607,1.1033591,-9.487083,-6.438126,9.422887,5.641285,3.947411,3.388826,-2.4960058,-12.472916,-8.962689,59.633526,-2.1404467,4.7053413
231,-2.923647403717041,82.0011978149414,104.22571563720703,4.480015837640254,-1.3780994882105309,83.16176156905571,0.19187741,-6.25641,11.811539,-1.3786215,-17.925896,6.6250043,16.395039,-9.2741375,54.151676,-3.2034647,1.8367678,-0.4291017,-14.031415,-5.6090403,-11.29357,24.425785,44.733387,-4.0807633,1.4987297,-8.685602,-6.693849,9.524619,5.640274,3.4871042,3.466862,-3.6155996,-13.288213,-9.141059,62.139343,-1.0511218,4.3486366
232,-3.028911590576172,82.56977844238281,104.28102111816406,4.544865706448239,-1.704759066569668,83.26199461749661,-0.12176905,-6.3358803,12.136459,-0.8647771,-17.980482,6.2667193,16.748049,-9.548621,53.766567,-3.0521967,1.7860594,-0.45268646,-14.121656,-5.6699324,-11.085833,24.454744,44.601177,-4.013785,1.7843226,-7.90807,-6.9007688,9.574745,5.6400027,3.0391471,3.5402763,-4.624316,-14.091673,-9.496177,64.404,-0.29345042,3.8098621
233,-3.143127679824829,83.1434326171875,104.34131622314453,4.552431530438754,-2.0264359647865446,83.39200454414399,-0.4427867,-6.3451195,12.427064,-0.42403668,-17.963621,5.882703,17.104813,-9.883678,53.418755,-2.8432162,1.7236748,-0.41098434,-14.169344,-5.735977,-10.898892,24.491018,44.46101,-3.943567,1.9253515,-7.140543,-7.050211,9.566209,5.6416416,2.5956843,3.616454,-5.473458,-14.900755,-10.124571,66.412544,0.050972294,3.0343792
234,-3.2616543769836426,83.71406555175781,104.39900207519531,4.51760198686302,-2.3487542109486768,83.55805239282225,-0.78035015,-6.3034925,12.694254,-0.041761573,-17.893051,5.472505,17.465452,-10.2738905,53.093613,-2.5960457,1.6387229,-0.3216021,-14.192394,-5.8073597,-10.733157,24.542025,44.296932,-3.8619335,1.9945511,-6.382609,-7.1551657,9.501883,5.647174,2.1596563,3.691472,-6.1770864,-15.731074,-10.991388,68.20402,0.07878786,2.0953548
235,-3.380819797515869,84.29180145263672,104.45890808105469,4.458845503611003,-2.6521302101128876,83.74960619548936,-1.1132784,-6.2294326,12.92903,0.27667272,-17.774893,5.024938,17.825314,-10.69762,52.800476,-2.3465836,1.5580096,-0.21492943,-14.179017,-5.8830247,-10.594512,24.59072,44.15242,-3.7882924,2.016678,-5.64633,-7.233413,9.403308,5.652172,1.7277875,3.7619228,-6.810166,-16.528147,-11.909002,69.80699,-0.13674693,1.0929475
236,-3.4860498905181885,84.8673095703125,104.51609802246094,4.392510339395904,-2.9162035009794174,83.95523010946236,-1.4212505,-6.1402845,13.12068,0.5272802,-17.615646,4.531161,18.177073,-11.12791,52.548244,-2.1268938,1.507526,-0.12127834,-14.118829,-5.9617743,-10.488823,24.620287,44.068256,-3.74113,2.0168152,-4.958743,-7.293997,9.289321,5.6556787,1.308732,3.8187168,-7.459803,-17.230333,-12.687576,71.24237,-0.5077457,0.13017721
237,-3.587019920349121,85.42880249023438,104.56879425048828,4.32206864667424,-3.1274372842029434,84.17247889346716,-1.7050141,-6.0321326,13.25615,0.71231794,-17.404253,3.9850929,18.517042,-11.5613985,52.34752,-1.9208455,1.4920063,-0.045691743,-14.007695,-6.0411887,-10.411162,24.632854,44.071407,-3.7285924,1.9888349,-4.3430147,-7.3459363,9.163588,5.6573677,0.91160417,3.8680525,-8.154171,-17.803923,-13.289874,72.50591,-1.1006507,-0.78958476
238,-3.6867127418518066,85.99434661865234,104.6218490600586,4.235253998778772,-3.2975954235631866,84.4063093538086,-1.9753529,-5.8955703,13.343347,0.8359708,-17.145765,3.3948748,18.844522,-12.003039,52.19082,-1.7128357,1.4972785,0.026622962,-13.853695,-6.1210485,-10.359165,24.635624,44.131607,-3.7396266,1.9235765,-3.7757757,-7.377706,9.018372,5.658733,0.5237475,3.9105244,-8.8570595,-18.261585,-13.801229,73.59252,-1.9274716,-1.6856081
239,-3.7932825088500977,86.5783462524414,104.67921447753906,4.135013063683812,-3.4436138030896637,84.65569751834109,-2.2264853,-5.7373486,13.402998,0.8955565,-16.863056,2.77242,19.155363,-12.437821,52.060745,-1.5356191,1.5201402,0.0944668,-13.662539,-6.2025228,-10.34076,24.619883,44.207886,-3.765965,1.8405497,-3.2294612,-7.39731,8.8564,5.661734,0.13208927,3.9514656,-9.563726,-18.607943,-14.22331,74.51768,-2.811242,-2.4985828
240,-3.9046823978424072,87.15296173095703,104.7305679321289,4.024298443237649,-3.5830366437161776,84.92002876964072,-2.454661,-5.5663233,13.455616,0.8900555,-16.579008,2.1310601,19.443644,-12.845422,51.940674,-1.4179476,1.5573599,0.15631816,-13.442423,-6.2879143,-10.362592,24.577366,44.258503,-3.7980614,1.7591069,-2.6975048,-7.405504,8.6767,5.663596,-0.24942695,3.9921455,-10.263352,-18.857237,-14.568768,75.28537,-3.5666797,-3.1802318
241,-4.010450839996338,87.71991729736328,104.77761840820312,3.903603524911986,-3.720764801509236,85.20292049623924,-2.655798,-5.3794627,13.505284,0.80470556,-16.282913,1.4618397,19.70488,-13.221633,51.84294,-1.3686385,1.6110961,0.21760447,-13.184665,-6.3804812,-10.42905,24.496807,44.27277,-3.8473032,1.6726036,-2.1734517,-7.3963757,8.47484,5.666227,-0.62315714,4.0252485,-10.950828,-19.01113,-14.857092,75.89296,-4.147715,-3.7170095
242,-4.110561847686768,88.28532409667969,104.8239974975586,3.7717736772398927,-3.846885674042232,85.50315623139898,-2.8330436,-5.1719446,13.540724,0.6447561,-15.968541,0.7602037,19.937727,-13.5735235,51.77598,-1.3665179,1.6803484,0.27663428,-12.888126,-6.4799356,-10.534052,24.386295,44.27539,-3.9147556,1.5738213,-1.6647041,-7.368533,8.253097,5.667985,-0.9898504,4.050186,-11.635529,-19.063705,-15.083553,76.33989,-4.645706,-4.135495
243,-4.1956634521484375,88.84151458740234,104.86962890625,3.630994492995634,-3.957452739917342,85.81237951681793,-2.9959078,-4.9510894,13.560095,0.4423032,-15.664535,0.05074177,20.142385,-13.89159,51.713623,-1.3936168,1.757582,0.32256818,-12.57583,-6.584086,-10.666572,24.267,44.271873,-3.9735217,1.4808085,-1.1789613,-7.317246,8.020493,5.669236,-1.3456247,4.0639377,-12.32524,-19.010416,-15.229255,76.632225,-5.0830193,-4.4532576
244,-4.2781548500061035,89.4067611694336,104.91242218017578,3.4845817544054176,-4.048596734381639,86.12213407028433,-3.1567779,-4.725051,13.561942,0.2323566,-15.398966,-0.63747686,20.320103,-14.159513,51.624283,-1.4303422,1.8359373,0.343485,-12.272812,-6.6882772,-10.811678,24.162891,44.26858,-3.9984126,1.4113579,-0.7128462,-7.2532167,7.788467,5.6754913,-1.7047545,4.0760093,-13.02868,-18.849972,-15.273899,76.77646,-5.4817915,-4.6881995
245,-4.355071544647217,89.96906280517578,104.95255279541016,3.326993961897406,-4.116735954128214,86.4256849297833,-3.3112724,-4.486626,13.542306,0.014804993,-15.189911,-1.3009033,20.471128,-14.356786,51.500156,-1.456447,1.9266435,0.32003266,-11.980645,-6.7884483,-10.967374,24.078678,44.307106,-3.9909165,1.3878292,-0.27737615,-7.1664963,7.5633388,5.68866,-2.0617142,4.085558,-13.759267,-18.5568,-15.190656,76.77136,-5.8227262,-4.8457804
246,-4.427659511566162,90.5290756225586,104.98945617675781,3.157645294515097,-4.164878445767801,86.72865023755635,-3.4605873,-4.2359405,13.503599,-0.21991494,-15.019195,-1.9455807,20.596106,-14.483846,51.351402,-1.4821125,2.0296881,0.26293048,-11.692294,-6.883646,-11.135682,24.00557,44.36782,-3.9627786,1.3944387,0.13386586,-7.0586157,7.3394485,5.7019496,-2.412948,4.0916877,-14.505626,-18.139935,-15.003334,76.61146,-6.098986,-4.9184365
247,-4.511678695678711,91.0896987915039,105.02423095703125,2.990161991947926,-4.198543694496998,87.04102551286789,-3.623793,-3.9897075,13.454542,-0.4521943,-14.863724,-2.5572572,20.697815,-14.560201,51.173386,-1.5363045,2.1214,0.20617667,-11.418579,-6.973443,-11.307645,23.947685,44.367737,-3.9051805,1.3925683,0.52960306,-6.956625,7.1069837,5.712101,-2.7589123,4.1036034,-15.243081,-17.649143,-14.763984,76.30465,-6.3567543,-4.90468
248,-4.5897908210754395,91.65565490722656,105.05615234375,2.836820476800512,-4.223625788002676,87.37306737949284,-3.819341,-3.767125,13.403868,-0.6633339,-14.698297,-3.122396,20.780706,-14.608533,50.96059,-1.6516633,2.1791213,0.18427186,-11.170198,-7.0590024,-11.474682,23.90822,44.22371,-3.8087802,1.3434365,0.9133476,-6.8654904,6.853669,5.7300925,-3.1069286,4.1104584,-15.947282,-17.136335,-14.522581,75.85558,-6.641273,-4.8029094
249,-4.658742904663086,92.21875,105.0831298828125,2.7039448353506086,-4.238985621518905,87.73670336297626,-4.061202,-3.5759706,13.349976,-0.84499896,-14.509261,-3.6355255,20.847986,-14.629048,50.70237,-1.8296719,2.197766,0.21080047,-10.949119,-7.1421666,-11.636204,23.87026,43.913387,-3.6374388,1.2351519,1.2832375,-6.7914915,6.5682664,5.7433176,-3.4420881,4.1102915,-16.621925,-16.603405,-14.266888,75.26222,-6.968781,-4.59832
250,-4.7184624671936035,92.78160095214844,105.1026611328125,2.584619840031041,-4.242924941152987,88.12347197191454,-4.3357396,-3.4064968,13.289977,-1.0092821,-14.31029,-4.104216,20.900667,-14.615316,50.402878,-2.0602026,2.1899703,0.26674986,-10.749873,-7.2233634,-11.795598,23.838072,43.483414,-3.4065576,1.0903007,1.6407462,-6.725482,6.2596674,5.7514696,-3.7679715,4.103416,-17.272877,-16.033611,-13.980333,74.5175,-7.3128066,-4.3023996
251,-4.78698205947876,93.32941436767578,105.1200180053711,2.473837654200792,-4.239978144100201,88.51327681586623,-4.61917,-3.2505112,13.230391,-1.1677003,-14.127127,-4.536591,20.939594,-14.583489,50.07955,-2.3596985,2.1596093,0.33742225,-10.571566,-7.3009415,-11.9518175,23.84685,42.95474,-3.1847327,0.9209917,1.9832042,-6.6705723,5.9448934,5.756589,-4.0827403,4.102617,-17.885712,-15.451296,-13.701274,73.62713,-7.6576405,-3.9511635
252,-4.845271110534668,93.89486694335938,105.13533020019531,2.3647457170469846,-4.234336813993685,88.88600003097064,-4.8855596,-3.0996225,13.177332,-1.333803,-13.984613,-4.9439898,20.966179,-14.554883,49.753616,-2.7465222,2.1101112,0.40922517,-10.411473,-7.373218,-12.107135,23.929373,42.34564,-3.0393493,0.7385203,2.3343596,-6.6069665,5.644101,5.7643013,-4.412248,4.0964284,-18.444944,-14.876928,-13.468664,72.59243,-7.9846606,-3.5781732
253,-4.89145565032959,94.4505615234375,105.1441879272461,2.254838421819088,-4.2306285224258575,89.24344954535248,-5.135296,-2.9521456,13.136119,-1.5115585,-13.906361,-5.3263283,20.982903,-14.536247,49.421646,-3.233388,2.032872,0.49281973,-10.273693,-7.4378896,-12.276779,24.083525,41.70971,-2.9243257,0.58285576,2.6851084,-6.5302467,5.35217,5.7717915,-4.7402067,4.0847635,-18.939072,-14.305278,-13.285603,71.397995,-8.2934475,-3.168175
254,-4.943024635314941,95.01127624511719,105.1505126953125,2.1488632032997335,-4.225584750644388,89.5940217441883,-5.378161,-2.8133826,13.102452,-1.6952485,-13.872006,-5.680731,20.99046,-14.521941,49.076336,-3.811986,1.9291506,0.5917302,-10.1562195,-7.4926243,-12.459467,24.292866,41.016884,-2.823296,0.43661138,3.040064,-6.4566827,5.063621,5.7767725,-5.0722127,4.076929,-19.379164,-13.732239,-13.132291,70.048256,-8.5938635,-2.713709
255,-4.983785152435303,95.58259582519531,105.1537857055664,2.0495357319195415,-4.211599607262623,89.9275603926967,-5.5984564,-2.6844919,13.0679,-1.8875735,-13.846165,-6.018981,20.986782,-14.520032,48.73568,-4.4707017,1.8174627,0.6805905,-10.045878,-7.540945,-12.635757,24.568857,40.164818,-2.845806,0.222676,3.3911521,-6.379738,4.7903285,5.784431,-5.4131365,4.0635705,-19.77894,-13.176543,-13.014788,68.55943,-8.871259,-2.2563293
256,-5.024074077606201,96.14713287353516,105.15047454833984,1.9630013640478552,-4.18093982898465,90.23359649146461,-5.7839966,-2.56683,13.022715,-2.0886912,-13.784159,-6.3504114,20.967417,-14.534167,48.419666,-5.1962285,1.7155963,0.7353915,-9.931333,-7.586943,-12.778486,24.924906,39.048717,-3.100668,-0.14383686,3.7248175,-6.313394,4.5437584,5.785382,-5.7491665,4.053155,-20.148832,-12.65347,-12.940119,66.94304,-9.109523,-1.834979
257,-5.058435916900635,96.7115249633789,105.14564514160156,1.891482168122662,-4.129245736581862,90.50761917782954,-5.928684,-2.4584584,12.961476,-2.2910638,-13.665334,-6.677371,20.927467,-14.568319,48.140297,-6.0418057,1.6056216,0.749009,-9.8022,-7.632303,-12.871081,25.347845,37.65026,-3.6467094,-0.7537657,4.0367184,-6.2574334,4.3286242,5.783935,-6.0847883,4.0438547,-20.506256,-12.16284,-12.891209,65.20575,-9.304539,-1.4463891
258,-5.109476089477539,97.29209899902344,105.13899230957031,1.8321527648101208,-4.0615081527726495,90.75559988764842,-6.0440073,-2.359607,12.888859,-2.4931114,-13.516064,-6.9908133,20.86787,-14.612202,47.884922,-6.9922357,1.4854828,0.7337552,-9.670051,-7.6772723,-12.922627,25.838644,36.01476,-4.402992,-1.5600039,4.3425198,-6.2226744,4.139396,5.7803173,-6.4312944,4.0476694,-20.840487,-11.696637,-12.868792,63.33876,-9.4646845,-1.0719025
259,-5.145524978637695,97.87322998046875,105.12704467773438,1.780971368014159,-3.983803837763109,90.98292397755954,-6.1362658,-2.2697508,12.810252,-2.7126088,-13.360691,-7.294523,20.788347,-14.659032,47.64486,-7.9318924,1.3957815,0.6959182,-9.550781,-7.730866,-12.952452,26.428123,34.138214,-5.2665176,-2.4419892,4.6398726,-6.1856303,3.968889,5.7741942,-6.7783566,4.043049,-21.12804,-11.25564,-12.904467,61.33929,-9.592308,-0.72763324
260,-5.184143543243408,98.45319366455078,105.11334991455078,1.7323519061005417,-3.902024560779613,91.19498533995139,-6.210956,-2.1877558,12.730548,-2.9682405,-13.225113,-7.593972,20.688263,-14.703196,47.41419,-8.745875,1.3760607,0.6426135,-9.459791,-7.8055177,-12.977288,27.14841,32.024464,-6.143485,-3.2762809,4.933303,-6.150433,3.8113055,5.768385,-7.1278577,4.036755,-21.347221,-10.841046,-13.027837,59.20917,-9.694526,-0.42657235
261,-5.228427410125732,99.03783416748047,105.09474182128906,1.6824333667144937,-3.818461830311585,91.39375605209877,-6.2702193,-2.1071873,12.652001,-3.2735505,-13.119323,-7.889949,20.564629,-14.738397,47.19396,-9.454061,1.446601,0.5590393,-9.4060545,-7.9080343,-13.011379,28.02773,29.695345,-7.0927014,-4.0719476,5.2286673,-6.114392,3.665075,5.762684,-7.483533,4.027691,-21.481586,-10.4525175,-13.264837,56.92281,-9.784546,-0.18128312
262,-5.259237289428711,99.61869812011719,105.07017517089844,1.6345433811086159,-3.7293923185810587,91.57609680317813,-6.308743,-2.0288463,12.570152,-3.6188412,-13.024289,-8.183627,20.415894,-14.770405,46.991905,-10.09873,1.582485,0.4480108,-9.378691,-8.040641,-13.041505,29.041264,27.139742,-8.125805,-4.9014373,5.519146,-6.070346,3.5331888,5.753368,-7.837937,4.007164,-21.545694,-10.081396,-13.593435,54.481808,-9.851359,0.024516178
263,-5.283042907714844,100.20968627929688,105.0416488647461,1.5949735377456649,-3.631740843224205,91.73987759664294,-6.321465,-1.9611568,12.4795885,-3.9864094,-12.929346,-8.478085,20.244612,-14.812983,46.80888,-10.601731,1.7546957,0.34318528,-9.364831,-8.208313,-13.037928,30.147894,24.323553,-9.092684,-5.726016,5.8044186,-6.0299277,3.4183936,5.7492175,-8.202326,3.9830213,-21.564713,-9.715909,-13.973341,51.92202,-9.861045,0.21825609
264,-5.307582378387451,100.80250549316406,105.0094985961914,1.5705174802377146,-3.522194871883288,91.88276785626717,-6.303873,-1.914046,12.374829,-4.3575864,-12.825233,-8.775225,20.056305,-14.880517,46.643467,-10.886752,1.9342228,0.27772325,-9.356677,-8.418849,-12.967345,31.309643,21.216713,-9.848401,-6.494295,6.0794783,-6.006794,3.3225296,5.7424355,-8.566548,3.964984,-21.55941,-9.347205,-14.364537,49.274796,-9.780059,0.425997
265,-5.331252574920654,101.40575408935547,104.96915435791016,1.5629667207623175,-3.3996697155496216,92.00054226966628,-6.2518997,-1.8957108,12.252141,-4.7187634,-12.700651,-9.070172,19.854837,-14.967806,46.487675,-10.957161,2.118862,0.26485318,-9.365422,-8.681345,-12.826013,32.540043,17.669153,-10.373332,-7.2060924,6.348793,-6.002964,3.2520888,5.733147,-8.9362955,3.953613,-21.529926,-8.97331,-14.759112,46.519928,-9.595447,0.645581
266,-5.3465399742126465,102.00318145751953,104.92784881591797,1.56912441769553,-3.266053910164465,92.09576019235165,-6.1705127,-1.9003912,12.113827,-5.081907,-12.560914,-9.359859,19.64043,-15.070977,46.34085,-10.849631,2.3229134,0.28441262,-9.406027,-8.9969635,-12.614057,33.866806,13.7548485,-10.737153,-7.876099,6.6030116,-6.0098863,3.2021348,5.723923,-9.30317,3.9422343,-21.467634,-8.597357,-15.175202,43.651016,-9.329626,0.86807257
267,-5.351186275482178,102.6112060546875,104.87800598144531,1.5856830019652841,-3.1228970933783136,92.17681591668605,-6.068617,-1.9182421,11.963645,-5.4669185,-12.420882,-9.649477,19.414038,-15.206818,46.214333,-10.539278,2.541505,0.31823257,-9.478947,-9.359143,-12.304485,35.27688,9.783087,-10.944853,-8.457725,6.8525066,-6.0224504,3.1627266,5.7165556,-9.677267,3.9269283,-21.377367,-8.2163,-15.616054,40.700912,-8.98577,1.1037948
268,-5.359664440155029,103.22598266601562,104.81787109375,1.612852816568771,-2.971867785489653,92.25211132808346,-5.9557,-1.9406203,11.805541,-5.893291,-12.294378,-9.94279,19.177408,-15.393634,46.117176,-10.003556,2.769935,0.34845483,-9.580361,-9.75799,-11.871739,36.754723,6.061815,-11.015504,-8.902581,7.0956926,-6.04916,3.121238,5.712527,-10.057139,3.915215,-21.262323,-7.826745,-16.084974,37.698727,-8.566476,1.3643285
269,-5.362185955047607,103.84272003173828,104.74954986572266,1.6512784458383634,-2.8104353107130744,92.31852491072621,-5.8291893,-1.9698523,11.6359215,-6.374707,-12.180697,-10.240854,18.931076,-15.638516,46.041824,-9.165001,3.0248473,0.3802427,-9.71167,-10.194496,-11.295797,38.3203,2.5886848,-10.999485,-9.182507,7.327111,-6.0849304,3.0778823,5.710657,-10.439129,3.9008672,-21.106087,-7.420423,-16.597565,34.592937,-8.059678,1.6507642
270,-5.354282855987549,104.47309112548828,104.67289733886719,1.7013338654567902,-2.6395249592014918,92.37380969498192,-5.6879177,-2.0107887,11.454244,-6.8964663,-12.074413,-10.537403,18.674942,-15.930985,45.984425,-8.062829,3.3035097,0.41651917,-9.885299,-10.669406,-10.583865,39.98745,-0.76894724,-10.90054,-9.314629,7.5543127,-6.1280656,3.0384398,5.713069,-10.831626,3.8817763,-20.907743,-6.9956737,-17.146915,31.372904,-7.461761,1.9611235
271,-5.343264579772949,105.10431671142578,104.58645629882812,1.7625539807792359,-2.4672402126703985,92.42823296239563,-5.5440817,-2.0573196,11.27181,-7.436802,-11.973719,-10.824106,18.409512,-16.262646,45.955482,-6.849039,3.5731487,0.4387549,-10.107449,-11.168181,-9.762171,41.72332,-3.9063776,-10.672162,-9.310225,7.7806497,-6.1823783,2.9962614,5.7162585,-11.225077,3.8637972,-20.673658,-6.5547843,-17.710175,28.097069,-6.7744517,2.3027737
272,-5.330862522125244,105.7456283569336,104.49409484863281,1.8329056523305935,-2.301959976667857,92.4926749771908,-5.4085236,-2.103117,11.102525,-7.9726677,-11.889028,-11.095831,18.136457,-16.627914,45.964886,-5.6764607,3.8003123,0.43157524,-10.376744,-11.665097,-8.869026,43.48576,-6.7239447,-10.264943,-9.173294,8.020449,-6.2457256,2.9461415,5.72116,-11.624613,3.8478243,-20.411753,-6.1056128,-18.264446,24.83281,-6.0053487,2.6813931
273,-5.320930004119873,106.39220428466797,104.39726257324219,1.916497020417455,-2.1459235327319472,92.567751682403,-5.279966,-2.1562302,10.94954,-8.510804,-11.809776,-11.352952,17.857405,-17.035353,46.013283,-4.527197,3.9684443,0.40926227,-10.697139,-12.142346,-7.92606,45.266846,-9.264517,-9.627592,-8.851258,8.274164,-6.3259006,2.8864899,5.7265396,-12.0271435,3.8372047,-20.136967,-5.6563306,-18.79685,21.590542,-5.0894923,3.0659063
274,-5.304410934448242,107.04878234863281,104.2875747680664,2.0209511768965696,-2.0000820117106715,92.65339025993285,-5.155416,-2.2254436,10.812164,-9.061636,-11.736444,-11.599398,17.573074,-17.489565,46.092957,-3.3410816,4.0991945,0.37634668,-11.059743,-12.594123,-6.930446,47.077328,-11.583023,-8.817943,-8.337268,8.544784,-6.426339,2.8157115,5.7335677,-12.43626,3.8281906,-19.825523,-5.211087,-19.325382,18.316679,-4.038158,3.4639428
275,-5.281464576721191,107.71510314941406,104.16950988769531,2.1491161458248285,-1.8743540996204184,92.76375616471255,-5.047866,-2.3110259,10.701421,-9.606876,-11.692129,-11.833112,17.28479,-17.975733,46.198956,-2.206062,4.216108,0.30346993,-11.434385,-13.011094,-5.8893967,48.89158,-13.596282,-7.940348,-7.7098694,8.844153,-6.548839,2.7222621,5.739497,-12.850459,3.8222497,-19.461773,-4.790337,-19.865446,15.050035,-3.00312,3.9404933
276,-5.254094123840332,108.37733459472656,104.03224182128906,2.315513934029475,-1.7848547465345137,92.91951674263325,-4.9786706,-2.4262278,10.630863,-10.126848,-11.69782,-12.0495825,16.995731,-18.474972,46.323936,-1.2068471,4.343918,0.15973158,-11.785672,-13.384127,-4.8146048,50.674904,-15.221994,-7.086295,-7.0557337,9.183262,-6.710559,2.5858433,5.743092,-13.262741,3.826147,-19.02161,-4.4268785,-20.44045,11.83173,-2.1369362,4.5683146
277,-5.227304458618164,109.05422973632812,103.8701171875,2.5473007481733325,-1.7545476235362143,93.15123263626461,-4.9800215,-2.6035702,10.617426,-10.609903,-11.756691,-12.239381,16.71051,-18.979824,46.460045,-0.42625242,4.495578,-0.086259305,-12.104093,-13.708438,-3.719022,52.422253,-16.33455,-6.204427,-6.3520365,9.597634,-6.9440346,2.3774805,5.7428546,-13.682767,3.851255,-18.534185,-4.171431,-21.083014,8.7265,-1.5123111,5.3809786
278,-5.192446231842041,109.74337768554688,103.68404388427734,2.8537298410894034,-1.7826358609027737,93.45788087567566,-5.0535,-2.8546877,10.655778,-11.065609,-11.856422,-12.400525,16.432098,-19.497086,46.604183,0.2017371,4.659431,-0.41157642,-12.397083,-13.984063,-2.6034045,54.13647,-17.02746,-5.2590384,-5.575542,10.083715,-7.253718,2.092958,5.7384567,-14.107402,3.8937912,-18.201498,-4.109728,-21.725153,6.1242976,-1.2464755,6.3520775
279,-5.15199089050293,110.4474868774414,103.47938537597656,3.1866899389823775,-1.8308272480888004,93.79014034858315,-5.152218,-3.1251903,10.718504,-11.502179,-12.003229,-12.541979,16.160172,-20.028027,46.75691,0.8164489,4.819185,-0.7626189,-12.65887,-14.212739,-1.4622016,55.794342,-17.540564,-4.362318,-4.817707,10.599895,-7.584052,1.7778758,5.735192,-14.540987,3.9387834,-18.802326,-4.4850893,-22.053896,5.6180196,-2.0804343,7.45943
280,-5.102379322052002,111.15487670898438,103.2723159790039,3.4989008923513194,-1.863051678167896,94.09743982888169,-5.216233,-3.3869987,10.81801,-11.921495,-12.234616,-12.620999,15.9652815,-20.532253,46.773483,1.5753382,5.0011563,-1.1198473,-12.825042,-14.335711,-0.48468786,57.260143,-18.263731,-3.6276188,-4.104266,11.099811,-7.8795066,1.4814799,5.734485,-14.977105,3.9682512,-19.511703,-4.9051747,-22.275017,5.54289,-3.1390302,8.648714
281,-5.044505596160889,111.86972045898438,103.0605697631836,3.8229309196227557,-1.8821175473070477,94.39716274634098,-5.2671227,-3.6475534,10.90661,-12.349244,-12.506308,-12.696221,15.778083,-21.077734,46.80236,2.50341,5.1580954,-1.4511412,-12.942315,-14.425558,0.55220675,58.666283,-18.927929,-3.0596452,-3.4768748,11.586934,-8.177919,1.1790153,5.734555,-15.415181,3.9898694,-20.108768,-5.3340297,-22.48292,5.480167,-4.405947,10.138566
282,-4.984807968139648,112.5960922241211,102.84033203125,4.155801769141257,-1.8977711312200676,94.69662031625805,-5.3093376,-3.9032903,11.014648,-12.776055,-12.849224,-12.745123,15.601983,-21.63379,46.782715,3.5460951,5.320436,-1.7904338,-12.989777,-14.485088,1.587175,59.950863,-19.499071,-2.5860012,-2.886232,12.075611,-8.47892,0.8674809,5.7354746,-15.859058,4.0085206,-20.606497,-5.763632,-22.71282,5.4222336,-5.8247313,11.872977
283,-4.925489902496338,113.31062316894531,102.63327026367188,4.430195532349219,-1.8943562399361544,94.94500516090778,-5.3261847,-4.080871,11.071627,-13.169048,-13.176014,-12.853528,15.384691,-22.270176,47.003315,4.5638833,5.3822346,-2.0528984,-13.108442,-14.538284,2.8610747,61.343716,-20.042555,-2.2798362,-2.528345,12.539423,-8.710073,0.61253023,5.738862,-16.300213,4.009792,-21.01892,-6.0794373,-22.889423,5.37497,-6.9738812,13.358638
284,-4.892010688781738,113.97502136230469,102.45569610595703,4.574895243731923,-1.8589727965266696,95.08925491822328,-5.2656746,-4.101318,11.170669,-13.481202,-13.617502,-12.910558,15.167635,-22.84455,47.16904,5.5905333,5.4544806,-2.264089,-13.194198,-14.568012,4.1147013,62.510784,-21.015081,-2.101916,-2.38736,12.950258,-8.812398,0.4833177,5.7444158,-16.724098,3.9937437,-21.350273,-6.1634736,-22.84654,5.337153,-7.31511,13.950828
285,-4.856002330780029,114.64994812011719,102.3074722290039,4.586141885449175,-1.7585582684481815,95.05751522693112,-5.0489254,-3.9517841,11.278838,-13.697203,-14.1924,-12.980711,14.914767,-23.395082,47.383484,6.678966,5.5096035,-2.4038649,-13.290014,-14.576168,5.4927783,63.50141,-22.577417,-2.073401,-2.502525,13.30755,-8.779039,0.5537065,5.7538915,-17.17166,3.9416997,-21.666346,-5.9859467,-22.448725,5.3711805,-6.5587616,13.354327
286,-4.8267292976379395,115.3274154663086,102.1964340209961,4.481250066539629,-1.6181760508494256,94.89298629742665,-4.732033,-3.6563191,11.39558,-13.826159,-14.868563,-13.052299,14.626757,-23.914776,47.65958,7.834136,5.539266,-2.4839835,-13.417462,-14.558022,7.032381,64.391655,-24.508125,-2.17472,-2.8489385,13.629598,-8.632928,0.7810615,5.7704215,-17.635921,3.8626652,-21.90347,-5.5792956,-21.776266,5.4165716,-4.918234,11.822472
287,-4.809239864349365,116.02835845947266,102.10659790039062,4.279345464170602,-1.4394344030959185,94.70031039375945,-4.446148,-3.2390234,11.473147,-13.878675,-15.565719,-13.063012,14.293581,-24.342836,48.006607,8.934883,5.536533,-2.500102,-13.530027,-14.50452,8.593273,65.173904,-26.456318,-2.3403342,-3.4531515,13.92431,-8.380352,1.0626136,5.792052,-18.108955,3.7612882,-22.081213,-5.020724,-20.91488,5.4744024,-2.745738,9.62353
288,-4.794596195220947,116.75459289550781,102.02975463867188,4.005293013187795,-1.2414927908380724,94.59836140233847,-4.262203,-2.7517836,11.571114,-13.898499,-16.28854,-12.88592,14.064131,-24.63891,48.12748,9.845043,5.576459,-2.5214057,-13.369589,-14.438613,9.604399,65.50113,-28.345331,-2.5088518,-4.20275,14.205721,-8.020748,1.2829913,5.81985,-18.573639,3.6353927,-22.322287,-4.455411,-19.956688,5.8016057,-0.5489121,7.0725894
289,-4.780567646026611,117.50863647460938,101.97987365722656,3.5916223171656068,-1.0425222868118966,94.58946910210638,-4.3070135,-2.1050634,11.547028,-13.854735,-16.879318,-12.658254,13.690119,-24.888622,48.595837,10.374027,5.514197,-2.3567667,-13.32533,-14.293996,10.814721,66.039406,-29.812534,-2.679721,-5.447295,14.498507,-7.468777,1.466514,5.860624,-19.041517,3.463785,-22.751352,-3.8716204,-18.946732,6.7778106,1.2937814,4.271931
290,-4.7789530754089355,118.2853012084961,101.96542358398438,3.1223200455075517,-0.8256449946418013,94.64403660670159,-4.4516845,-1.3859376,11.48689,-13.775946,-17.45919,-12.34634,13.243898,-24.965063,49.138126,10.789858,5.4214616,-2.1524284,-13.153119,-14.082229,11.709562,66.37938,-31.38493,-2.8460023,-6.9798937,14.780113,-6.8452168,1.6120603,5.9024906,-19.49631,3.285091,-23.085472,-3.249295,-18.079483,7.778547,3.0011666,1.4875207
291,-4.772337436676025,119.07999420166016,101.96319580078125,2.577610507607451,-0.6072663720230094,94.79218240392147,-4.6747036,-0.5981398,11.436624,-13.702904,-18.001863,-11.95837,12.846655,-25.013159,49.619392,11.140107,5.356002,-1.9337327,-12.764702,-13.857812,12.183028,66.38777,-32.712124,-3.0140357,-8.597592,15.06191,-6.0987334,1.7081299,5.9560795,-19.907925,3.0825698,-23.224445,-2.545267,-17.555029,8.523238,4.5052114,-0.92520744
292,-4.764626979827881,119.90155029296875,101.97086334228516,2.0353549181224766,-0.38454728322467097,95.08086774366527,-5.026445,0.16882625,11.35004,-13.643161,-18.422249,-11.529461,12.484741,-25.074142,50.10848,11.569466,5.3244605,-1.708421,-12.203963,-13.626836,12.345646,66.148285,-33.339046,-3.213118,-10.166479,15.326377,-5.2975597,1.6902121,6.0195804,-20.216534,2.8674467,-23.276678,-1.9005963,-17.401316,9.107113,5.6371536,-2.7592888
293,-4.729040145874023,120.7500228881836,102.00096130371094,1.4923217446987636,-0.13101031491380868,95.5871313103406,-5.576181,0.9140424,11.194868,-13.614317,-18.673893,-11.054768,12.155501,-25.15937,50.63895,12.139225,5.2774887,-1.4675118,-11.404888,-13.38884,12.167273,65.60946,-32.94871,-3.5264904,-11.755276,15.54205,-4.405229,1.4859765,6.095162,-20.37134,2.625547,-23.257812,-1.3248391,-17.629097,9.464995,6.4441285,-4.070884
294,-4.680421829223633,121.60362243652344,102.0455093383789,0.9132196703149267,0.15571884604944522,96.26783839445017,-6.2867064,1.6924433,10.992799,-13.605416,-18.804316,-10.532455,11.8523,-25.264284,51.201443,12.749692,5.222447,-1.1985918,-10.391342,-13.139339,11.67488,64.79218,-31.812008,-3.9768462,-13.408008,15.461155,-3.3924742,1.0960479,6.6895633,-20.597183,2.350381,-23.107574,-0.7574469,-18.17409,9.605328,6.8673925,-4.961446
295,-4.638945579528809,122.48624420166016,102.091064453125,0.2963481642030501,0.45190415992722743,96.96938717138555,-7.0221353,2.528284,10.790155,-13.584565,-18.877724,-9.98678,11.558414,-25.361328,51.75968,13.344326,5.2530212,-0.9275838,-9.308536,-12.882744,10.985629,63.825703,-30.402775,-4.498455,-14.930451,14.488021,-2.3122416,0.5139916,9.030104,-21.478716,2.0564022,-22.93417,-0.15105605,-18.866385,9.674645,6.917111,-5.5308504
296,-4.608891010284424,123.37429809570312,102.14632415771484,-0.32464188004424976,0.7145519960215239,97.54993355785867,-7.6675262,3.401092,10.634309,-13.513514,-18.956158,-9.434511,11.252145,-25.405533,52.280323,13.876928,5.461025,-0.6855,-8.310669,-12.631812,10.232252,62.84547,-29.17253,-4.98157,-16.137352,13.662407,-1.2819009,0.05264807,11.10676,-21.948236,1.7747288,-22.5972,0.49476916,-19.567097,9.664413,6.630358,-5.826093
297,-4.611027717590332,124.24549102783203,102.22759246826172,-0.9796292780493815,0.9572262831744797,97.98243544349064,-8.226271,4.352205,10.509952,-13.34817,-19.04619,-8.867155,10.910448,-25.380432,52.784794,14.415802,5.8581605,-0.44585943,-7.4278493,-12.4040575,9.430098,61.83443,-28.088726,-5.3791203,-16.957386,12.984261,-0.270188,-0.24799302,12.959358,-22.051817,1.5163022,-22.310665,1.2089697,-20.191002,9.733527,6.162523,-6.003717
298,-4.620284080505371,125.09210205078125,102.33306884765625,-1.6527493736102208,1.1892268852208798,98.33835156698706,-8.753865,5.3598237,10.398386,-13.117908,-19.116846,-8.287686,10.52392,-25.291622,53.307587,14.978116,6.389298,-0.21060836,-6.580706,-12.198982,8.541594,60.737236,-26.925621,-5.738479,-17.494984,12.3854065,0.7340675,-0.4719052,14.690712,-21.84705,1.2753153,-21.939453,1.9616562,-20.7896,9.7541685,5.6021705,-6.0940027
299,-4.648320198059082,125.93643951416016,102.43218994140625,-2.279938563663595,1.3791895774985703,98.60490247393112,-9.202654,6.3338,10.320377,-12.884755,-19.175333,-7.719603,10.100393,-25.117361,53.826847,15.442599,7.043256,-0.0486276,-5.7804,-12.004363,7.6200933,59.64698,-25.84802,-6.0650234,-17.846556,11.769795,1.6528012,-0.65700686,16.533403,-21.447798,1.0517559,-21.31718,2.7162669,-21.345707,9.474616,5.117761,-6.09624
300,-4.664849758148193,126.78036499023438,102.52435302734375,-2.8007352008003346,1.4949302250629566,98.77014629084674,-9.541636,7.1818666,10.294789,-12.693431,-19.229244,-7.161833,9.663002,-24.813093,54.293327,15.691163,7.8106394,-0.026467849,-5.06419,-11.802151,6.7463765,58.67822,-25.016966,-6.3655863,-18.118675,11.276731,2.4124572,-0.77547485,18.266764,-20.752468,0.8373997,-20.767542,3.3341112,-21.759995,9.466981,4.509012,-6.057687
301,-4.665684223175049,127.5926742553711,102.63705444335938,-3.1956845189233603,1.5066896707769286,98.78099273333594,-9.747976,7.873517,10.340312,-12.526529,-19.293022,-6.5647006,9.224573,-24.284655,54.63522,15.652978,8.787278,-0.17005855,-4.4818606,-11.586058,5.9353857,57.8831,-24.527647,-6.631833,-18.315268,10.927342,2.9669263,-0.78196615,19.937807,-19.868158,0.6429557,-20.079685,3.8829367,-22.034307,9.312956,4.0049114,-5.9703503
302,-4.653724670410156,128.39019775390625,102.76025390625,-3.4990547696262566,1.4391660233233987,98.65789702353496,-9.86495,8.450159,10.435059,-12.344561,-19.35903,-5.915505,8.789179,-23.543911,54.85694,15.419595,9.949808,-0.43970454,-4.0324955,-11.35797,5.1744165,57.21489,-24.273226,-6.8528647,-18.401224,10.672073,3.36732,-0.69084764,21.584055,-18.91685,0.46926358,-19.311102,4.3776307,-22.188412,9.105372,3.5415046,-5.8447247
303,-4.631617546081543,129.20321655273438,102.88492584228516,-3.72925124807511,1.339126789423313,98.502239775214,-9.9599495,8.922929,10.540892,-12.160789,-19.403156,-5.263318,8.377313,-22.71995,55.015854,15.102547,11.116971,-0.7975768,-3.6763546,-11.115779,4.5003467,56.640503,-24.117851,-7.0365505,-18.425783,10.379894,3.679494,-0.61070246,23.305601,-17.973707,0.2884185,-18.587446,4.7699194,-22.278797,9.06139,2.990607,-5.7026205
304,-4.580686092376709,130.02005004882812,103.01593780517578,-3.901675957642592,1.2516042914439884,98.4170951218111,-10.098987,9.298527,10.625978,-11.991955,-19.39885,-4.6521697,8.022503,-21.961475,55.15931,14.79201,12.112439,-1.2073011,-3.369387,-10.853832,3.9521232,56.126457,-23.922297,-7.194343,-18.437777,9.929489,3.9615877,-0.6516787,25.196198,-17.032963,0.06881386,-17.876184,5.096967,-22.395042,9.014947,2.4327037,-5.588624
305,-4.4867658615112305,130.8231201171875,103.15382385253906,-3.999087320923981,1.179880234867576,98.43464982463577,-10.302307,9.547283,10.688092,-11.833653,-19.339417,-4.0657372,7.757462,-21.288912,55.276825,14.396396,12.921313,-1.6730319,-3.1019688,-10.564218,3.537428,55.688046,-23.683931,-7.3309646,-18.464409,9.302447,4.1980515,-0.843025,27.268297,-15.906531,-0.20681019,-17.188261,5.340162,-22.553444,8.963238,1.8759553,-5.5223365
306,-4.354918003082275,131.61830139160156,103.30509185791016,-4.018707551866929,1.1005876294449652,98.4990703022032,-10.535192,9.666437,10.750309,-11.674591,-19.245382,-3.4690275,7.593541,-20.65026,55.30164,13.874192,13.64748,-2.2068245,-2.89708,-10.247317,3.2345684,55.332565,-23.469645,-7.442039,-18.47613,8.560316,4.358282,-1.1261191,29.479187,-14.575061,-0.52669173,-16.46213,5.5220957,-22.726023,8.831459,1.3558675,-5.4838085
307,-4.20327615737915,132.40773010253906,103.4565200805664,-3.998144652025282,1.0187875312758086,98.5826326804784,-10.777338,9.703735,10.819794,-11.526561,-19.127111,-2.8804698,7.5266795,-20.090017,55.20984,13.389088,14.287269,-2.7899685,-2.7549746,-9.914345,3.03354,55.011723,-23.244143,-7.5256157,-18.43295,7.7269936,4.475599,-1.4742885,31.775305,-13.140192,-0.8806323,-15.733829,5.6697574,-22.902515,8.684278,0.8448405,-5.4560976
308,-4.0404276847839355,133.16934204101562,103.60089874267578,-3.9720767491222753,0.93988374470889,98.65687147463218,-10.99656,9.708766,10.900178,-11.414182,-18.992975,-2.3342443,7.5428286,-19.675232,55.00246,13.097107,14.827155,-3.4028583,-2.6631298,-9.584134,2.9140654,54.66725,-22.967161,-7.579084,-18.29249,6.822325,4.5827503,-1.8608149,34.115223,-11.7096615,-1.2530681,-14.978205,5.844138,-23.081991,8.4230385,0.4080243,-5.432797
309,-3.8864002227783203,133.92843627929688,103.7368392944336,-3.935131693600957,0.8862667167064354,98.730565599017,-11.187593,9.683299,10.969405,-11.36246,-18.838388,-1.8457708,7.639744,-19.45785,54.70648,13.001124,15.202908,-4.0740037,-2.6045775,-9.266423,2.860279,54.273388,-22.585728,-7.593459,-18.011173,5.783634,4.67586,-2.3311539,36.55486,-10.278501,-1.6129235,-14.270483,5.9972477,-23.260822,8.1887045,-0.032063913,-5.393547
310,-3.7272307872772217,134.67562866210938,103.86670684814453,-3.8721547110774566,0.847473210779881,98.8129219983022,-11.350555,9.610044,11.030397,-11.368627,-18.6585,-1.4110961,7.8181276,-19.416851,54.3361,13.017265,15.43405,-4.8029547,-2.5732992,-8.961389,2.8705306,53.850574,-22.130661,-7.5715632,-17.61776,4.6214643,4.729965,-2.8838763,39.098934,-8.802065,-1.9851047,-13.606085,6.1162024,-23.440424,7.984805,-0.47580338,-5.351673
311,-3.564265251159668,135.4037628173828,103.98405456542969,-3.8048532588290835,0.7809610766321428,98.87455168515277,-11.461148,9.5112705,11.123331,-11.411403,-18.471617,-1.0399554,8.05976,-19.502441,53.884262,13.182483,15.624448,-5.527896,-2.574541,-8.675791,2.94813,53.41168,-21.686121,-7.5274997,-17.178772,3.4519033,4.7574406,-3.4244738,41.65304,-7.339147,-2.4241834,-12.953822,6.2239995,-23.600197,7.8401065,-0.93796474,-5.3094597
312,-3.4146599769592285,136.10372924804688,104.0923843383789,-3.7558290934779435,0.6446111356822585,98.88645511491762,-11.495911,9.413919,11.287797,-11.470027,-18.295723,-0.74697185,8.334164,-19.656569,53.356033,13.547133,15.873028,-6.1875916,-2.6129546,-8.419997,3.0998383,52.969116,-21.332148,-7.475916,-16.76081,2.3785486,4.781952,-3.8635175,44.14872,-5.961169,-2.9711175,-12.206083,6.367549,-23.729858,7.6208615,-1.3497797,-5.2603893
313,-3.2826521396636963,136.7692413330078,104.1823501586914,-3.734935922801931,0.4042476311413322,98.83534803527738,-11.451649,9.335846,11.564758,-11.528417,-18.14483,-0.5541587,8.617272,-19.885866,52.74696,14.218655,16.202507,-6.8139358,-2.695627,-8.203276,3.330422,52.50685,-21.051874,-7.4119782,-16.337494,1.4404137,4.81473,-4.199935,46.612183,-4.6828346,-3.6694245,-11.397212,6.5234523,-23.81405,7.478516,-1.7862715,-5.1990995
314,-3.1485886573791504,137.41819763183594,104.2581787109375,-3.7292421566671288,0.09041426754900062,98.73907507436716,-11.33899,9.2690325,11.918701,-11.605436,-18.003103,-0.46069494,8.903222,-20.20333,52.08894,15.161054,16.544748,-7.426442,-2.8141043,-8.028849,3.6389217,52.024097,-20.80863,-7.3278046,-15.888447,0.5700028,4.8537817,-4.479468,49.084267,-3.4730399,-4.467798,-10.539498,6.6933374,-23.866858,7.3855352,-2.2446904,-5.135101
315,-3.034411907196045,138.06024169921875,104.32486724853516,-3.7272942813470933,-0.24164590488750196,98.61496286137461,-11.158767,9.202911,12.276171,-11.729843,-17.84431,-0.44277495,9.189378,-20.555407,51.433647,16.211544,16.867098,-7.9467063,-2.951959,-7.893391,4.02886,51.558907,-20.648573,-7.237606,-15.489804,-0.2834807,4.9132724,-4.678053,51.503365,-2.3238523,-5.2567716,-9.684413,6.85108,-23.889978,7.330405,-2.712381,-5.059001
316,-2.910428047180176,138.7103271484375,104.3869400024414,-3.71820316237601,-0.536655573502045,98.48020437990415,-10.918476,9.122867,12.565535,-11.922012,-17.644049,-0.4700141,9.47532,-20.87176,50.826992,17.21371,17.142992,-8.294722,-3.1006567,-7.7906766,4.5109344,51.156555,-20.62059,-7.156855,-15.219141,-1.1685276,5.0095015,-4.76805,53.802143,-1.2263814,-5.9280157,-8.858056,7.017862,-23.891375,7.244732,-3.1624093,-4.9941626
317,-2.7942471504211426,139.34951782226562,104.44127655029297,-3.704051257232486,-0.7861802978631811,98.32074937607925,-10.604683,9.026973,12.774573,-12.199839,-17.39863,-0.5435275,9.759815,-21.134195,50.27826,18.216995,17.37161,-8.46622,-3.2685223,-7.717002,5.107882,50.836613,-20.763649,-7.08642,-15.113324,-2.092061,5.164503,-4.7093043,55.979958,-0.08307069,-6.512708,-8.095199,7.1791387,-23.850603,7.155962,-3.5892267,-4.935514
318,-2.6747212409973145,139.98497009277344,104.4921646118164,-3.6898072703359777,-1.0172940096573218,98.13369747853352,-10.227732,8.921702,12.940018,-12.539477,-17.117336,-0.6681639,10.041483,-21.361866,49.759388,19.283827,17.57057,-8.4995165,-3.4668252,-7.671939,5.82071,50.583626,-21.040722,-7.020754,-15.127226,-3.0357363,5.380785,-4.52595,58.07769,1.0683582,-7.0319586,-7.3240643,7.363135,-23.778284,6.987973,-3.9671717,-4.885733
319,-2.546388626098633,140.6143035888672,104.53575897216797,-3.66989042156957,-1.2287877777105791,97.95343398722909,-9.829135,8.803249,13.065465,-12.897375,-16.802853,-0.8196161,10.320961,-21.5413,49.25957,20.27416,17.745201,-8.375895,-3.6863797,-7.650854,6.625439,50.385693,-21.386847,-6.966211,-15.215888,-3.9954264,5.6446958,-4.2744093,60.05638,2.049478,-7.364925,-6.590541,7.5394435,-23.702696,6.8410435,-4.3500614,-4.844584
320,-2.4081499576568604,141.25718688964844,104.57623291015625,-3.638827895262629,-1.419408180813453,97.81455032246448,-9.451608,8.6645775,13.154269,-13.229721,-16.455402,-0.9733452,10.600886,-21.654343,48.76678,21.051252,17.902071,-8.076221,-3.9213848,-7.649172,7.4935737,50.233074,-21.744556,-6.9285827,-15.333523,-4.971281,5.940227,-4.0093436,61.88643,2.6721082,-7.3962893,-5.875223,7.701254,-23.661152,6.704139,-4.749338,-4.8059006
321,-2.2691543102264404,141.89732360839844,104.61508178710938,-3.5989511491756527,-1.5861693262106467,97.73445172364559,-9.103986,8.505808,13.199795,-13.54257,-16.054062,-1.1328101,10.885773,-21.693762,48.302673,21.53798,18.031965,-7.567174,-4.1669383,-7.6628356,8.442828,50.139187,-22.061577,-6.9178534,-15.482523,-5.9715195,6.2919483,-3.7135477,63.57819,2.812122,-7.0245786,-5.1668415,7.853402,-23.672554,6.5279336,-5.1316423,-4.7678943
322,-2.1295156478881836,142.5338134765625,104.65155792236328,-3.5509045608149887,-1.7307989994272186,97.69067493055992,-8.765759,8.325051,13.203553,-13.85036,-15.606216,-1.3036705,11.177286,-21.66616,47.86088,21.820171,18.138336,-6.866179,-4.430197,-7.6904793,9.481159,50.10772,-22.383232,-6.9279623,-15.682613,-6.9904337,6.7015,-3.367087,65.14075,2.5847719,-6.338598,-4.470804,7.998426,-23.713787,6.3209414,-5.4970555,-4.7316985
323,-1.9935803413391113,143.17306518554688,104.68323516845703,-3.4892965402605465,-1.8591116212942282,97.65926847339344,-8.432665,8.117335,13.181619,-14.126238,-15.15588,-1.4682798,11.471381,-21.579409,47.388233,22.003647,18.24326,-6.0307193,-4.716211,-7.7290936,10.558516,50.105373,-22.80014,-6.9414935,-15.913271,-8.010053,7.1103,-3.0219836,66.54359,2.1629333,-5.5164127,-3.8241122,8.108855,-23.757343,6.1845417,-5.8959785,-4.6898823
324,-1.864904522895813,143.81564331054688,104.71905517578125,-3.40815117655036,-1.9770344473986974,97.61674177306658,-8.094622,7.8815284,13.149912,-14.348351,-14.751033,-1.6170462,11.759767,-21.44844,46.84049,22.19482,18.369415,-5.118143,-5.0215464,-7.772656,11.610016,50.090935,-23.410463,-6.9408154,-16.151722,-9.018188,7.4597845,-2.7267144,67.7684,1.717068,-4.7338657,-3.1533806,8.207599,-23.790127,5.9711633,-6.2508945,-4.6383767
325,-1.74485182762146,144.44993591308594,104.75279235839844,-3.3056696219762682,-2.0860829102398792,97.55577333960059,-7.7322288,7.61195,13.106614,-14.526154,-14.3923025,-1.7737978,12.035291,-21.296066,46.2411,22.39464,18.549965,-4.105552,-5.3606696,-7.8189545,12.660029,50.080154,-24.326487,-6.8882194,-16.366848,-10.009321,7.738766,-2.4727397,68.80097,1.2466855,-4.008002,-2.5362115,8.257898,-23.793741,5.836513,-6.6305223,-4.5766225
326,-1.6246976852416992,145.07395935058594,104.78623962402344,-3.1838643568559117,-2.183310573072814,97.48949481070713,-7.3504786,7.313297,13.043656,-14.672888,-14.057934,-1.9448165,12.296322,-21.116814,45.617252,22.554296,18.76157,-2.9710581,-5.721089,-7.866273,13.718319,50.079376,-25.472454,-6.8022733,-16.576868,-10.989937,7.9653797,-2.2423043,69.65733,0.67416227,-3.2672575,-1.9764445,8.2664175,-23.782055,5.779844,-7.0368385,-4.5114555
327,-1.5051686763763428,145.6951904296875,104.81951141357422,-3.046586656656633,-2.26678798191872,97.42499297854415,-6.971469,6.996281,12.964786,-14.777399,-13.757736,-2.0994318,12.543807,-20.885662,44.934875,22.709545,18.944847,-1.7746714,-6.0593457,-7.9108076,14.68112,50.03183,-26.68049,-6.748886,-16.831102,-11.960886,8.125943,-2.0587068,70.34565,0.072888084,-2.5475173,-1.4611073,8.241523,-23.769981,5.7806997,-7.4657063,-4.4415336
328,-1.3813689947128296,146.31919860839844,104.85328674316406,-2.895511369473214,-2.335056724077827,97.36989874900827,-6.6095433,6.6711335,12.873549,-14.834796,-13.505103,-2.2133179,12.779489,-20.586027,44.163162,22.897682,19.041971,-0.57741654,-6.3257565,-7.9482403,15.418601,49.87547,-27.799908,-6.794752,-17.177633,-12.923776,8.2096195,-1.9426148,70.87462,-0.4826856,-1.8803693,-0.9614019,8.200914,-23.774246,5.780837,-7.893597,-4.3696804
329,-1.2653429508209229,146.9521026611328,104.88385009765625,-2.730134283188527,-2.3793056114501923,97.33139079629268,-6.260659,6.335986,12.75484,-14.85821,-13.293103,-2.3000853,13.003847,-20.218307,43.317413,23.191082,19.051329,0.5594762,-6.5086412,-7.978049,15.869464,49.604187,-28.905788,-6.9808264,-17.563805,-13.891802,8.20505,-1.9050231,71.23999,-0.97868824,-1.2557204,-0.48315704,8.13588,-23.806646,5.781992,-8.322286,-4.2863765
330,-1.1392585039138794,147.5848846435547,104.9127426147461,-2.548168088228309,-2.4033116337037566,97.3044079942502,-5.9082193,5.985033,12.610708,-14.856561,-13.120708,-2.3783233,13.215631,-19.804855,42.416782,23.55017,19.001728,1.6839036,-6.624893,-8.00165,16.075977,49.24033,-30.065453,-7.2636786,-17.985605,-14.858676,8.1151705,-1.9278212,71.43796,-1.4487647,-0.6649307,-0.029104808,8.055568,-23.85791,5.783905,-8.749573,-4.2042027
331,-1.0183137655258179,148.20877075195312,104.93734741210938,-2.3574113638217646,-2.423600140651749,97.27769579975167,-5.548821,5.6254735,12.470779,-14.824778,-12.991919,-2.4290104,13.414641,-19.3621,41.4347,23.844051,18.879261,2.8996482,-6.670625,-8.017392,16.071539,48.76771,-31.112114,-7.5801563,-18.56757,-15.793608,7.95546,-1.9859768,71.47126,-1.8859253,-0.13916385,0.41549677,7.960432,-23.910969,5.7858286,-9.168695,-4.1183743
332,-0.8977833390235901,148.81915283203125,104.95858001708984,-2.162576529771076,-2.456802920802654,97.23956144847085,-5.179387,5.2631044,12.364618,-14.754887,-12.914713,-2.4310205,13.60166,-18.904953,40.34288,23.942999,18.665527,4.3110642,-6.6434727,-8.022453,15.889548,48.172096,-31.881092,-7.866543,-19.430017,-16.668423,7.743121,-2.0561914,71.346176,-2.2845867,0.290883,0.8663218,7.859987,-23.94812,5.78804,-9.579828,-4.035146
333,-0.7845126390457153,149.42440795898438,104.97915649414062,-1.9623400616780247,-2.512461388750657,97.18599369329631,-4.793316,4.894836,12.306712,-14.635459,-12.897021,-2.382257,13.778249,-18.428724,39.124233,23.796064,18.37059,5.9345455,-6.5324445,-8.012961,15.537802,47.440533,-32.324986,-8.093853,-20.690876,-17.475197,7.469262,-2.1503272,71.05848,-2.6283836,0.6042969,1.3408903,7.748851,-23.964119,5.789021,-9.986338,-3.9486394
334,-0.6760464906692505,150.02743530273438,104.99288177490234,-1.755570015197868,-2.5799381545095033,97.12360492945504,-4.3971114,4.5190067,12.280351,-14.469814,-12.934492,-2.286685,13.944998,-17.92659,37.793625,23.482336,17.986893,7.7183876,-6.3504257,-7.986864,15.008969,46.591976,-32.530807,-8.302718,-22.260063,-18.225378,7.1321216,-2.2716093,70.599335,-2.9192963,0.8233332,1.8296052,7.6273007,-23.969402,5.7874756,-10.389263,-3.859174
335,-0.5679433941841125,150.62081909179688,105.00804138183594,-1.5480588944764369,-2.6454600093493683,97.0566077832605,-4.005955,4.143215,12.267075,-14.27426,-13.012507,-2.1329305,14.101033,-17.412073,36.37265,23.072105,17.466629,9.664276,-6.1306944,-7.944932,14.312488,45.65909,-32.53514,-8.538914,-23.94291,-18.933535,6.7615542,-2.3899827,69.99372,-3.192744,0.9819223,2.3088145,7.50249,-23.970188,5.788174,-10.7862015,-3.77145
336,-0.4660150110721588,151.2201385498047,105.02285766601562,-1.3468845619252994,-2.6950037518432777,96.98931306102577,-3.634629,3.7758338,12.247784,-14.064169,-13.121499,-1.9122082,14.244849,-16.900738,34.88549,22.637777,16.76378,11.77491,-5.905127,-7.8895483,13.458938,44.672626,-32.37081,-8.849147,-25.544897,-19.610384,6.386746,-2.4748611,69.25835,-3.480655,1.1127802,2.7736292,7.380757,-23.974834,5.7892594,-11.184323,-3.6806717
337,-0.37835338711738586,151.82601928710938,105.0263900756836,-1.1504900946673102,-2.7299311233250054,96.92622881230987,-3.2900207,3.4175222,12.225737,-13.837592,-13.283915,-1.6056811,14.378925,-16.396091,33.315685,22.086195,15.8106165,14.114604,-5.665739,-7.81867,12.390452,43.610962,-31.9855,-9.285713,-27.025417,-20.253906,6.000822,-2.5356379,68.38262,-3.79359,1.2283814,3.2296598,7.2568145,-23.99181,5.7855573,-11.580693,-3.5804884
338,-0.29069191217422485,152.4276580810547,105.02876281738281,-0.9575123461103783,-2.7559756878964548,96.86401399733106,-2.9567406,3.0643086,12.206977,-13.594952,-13.496715,-1.2338163,14.502304,-15.904552,31.675278,21.43749,14.62958,16.654394,-5.4023137,-7.726161,11.114182,42.46894,-31.38389,-9.828744,-28.479975,-20.861254,5.5964694,-2.5842588,67.36524,-4.1159053,1.3111519,3.672129,7.1355968,-24.012468,5.783306,-11.974726,-3.4822443
339,-0.2073216438293457,153.0268096923828,105.02297973632812,-0.7704457657007099,-2.766060890255282,96.79505648078901,-2.624797,2.716227,12.176144,-13.347774,-13.709817,-0.8413602,14.605414,-15.43448,30.02549,20.933968,13.331138,19.267458,-5.152345,-7.6117296,9.755289,41.311108,-30.675646,-10.40818,-29.92292,-21.429373,5.1993194,-2.587403,66.200836,-4.4173713,1.3498206,4.095219,7.01848,-24.02641,5.7793202,-12.362753,-3.3841496
340,-0.13790234923362732,153.638427734375,105.0165786743164,-0.5926805110882432,-2.7530969655649624,96.7119792481365,-2.2943223,2.3749583,12.118765,-13.098036,-13.872776,-0.46298212,14.675006,-14.974069,28.416946,20.811846,12.049491,21.839565,-4.9565268,-7.483393,8.460667,40.20266,-29.959166,-10.943789,-31.376247,-21.961882,4.83436,-2.5143862,64.89763,-4.675726,1.3311454,4.5020485,6.9044933,-24.024302,5.769514,-12.747495,-3.2789304
341,-0.07460176199674606,154.24911499023438,105.00108337402344,-0.4231212084318235,-2.7117666807336684,96.61138427970064,-1.9811833,2.040305,12.032806,-12.826043,-13.9800205,-0.073583834,14.697745,-14.50038,26.843645,21.19087,10.795021,24.485712,-4.8253655,-7.34808,7.283779,39.138496,-29.102854,-11.413666,-32.885307,-22.456161,4.506544,-2.3467758,63.43454,-4.879846,1.2169182,4.867979,6.791583,-23.999575,5.7732043,-13.130113,-3.1726952
342,-0.02430613525211811,154.871337890625,104.98182678222656,-0.2595202686082693,-2.647019917143941,96.49757692937679,-1.6955363,1.7138377,11.924655,-12.523399,-14.054556,0.34197024,14.66947,-13.997101,25.284536,21.95222,9.541013,27.23469,-4.753107,-7.209425,6.17976,38.105186,-28.08639,-11.863575,-34.43451,-22.912497,4.203179,-2.1046705,61.815197,-5.043709,1.0243498,5.217136,6.67769,-23.960022,5.769349,-13.507792,-3.0594378
343,0.021810106933116913,155.48138427734375,104.95878601074219,-0.10924119449014995,-2.5657869088058645,96.3752055147166,-1.4270383,1.3974845,11.793551,-12.209633,-14.091042,0.73894763,14.595405,-13.462509,23.752678,22.946442,8.374459,29.845688,-4.746212,-7.078518,5.1348,37.140465,-27.18125,-12.299036,-35.95108,-23.330061,3.919806,-1.8105193,60.063156,-5.170427,0.8248551,5.539115,6.57405,-23.907806,5.7661495,-13.874915,-2.9492712
344,0.0488729402422905,156.10940551757812,104.93143463134766,0.0241728718483637,-2.4753991962422326,96.24853317462156,-1.1669009,1.0935649,11.640157,-11.900159,-14.092086,1.0791333,14.488039,-12.894646,22.249939,24.001781,7.3600116,32.06904,-4.808049,-6.971582,4.1390567,36.27622,-26.65261,-12.709501,-37.364548,-23.703552,3.6532063,-1.486711,58.196842,-5.2634654,0.6899766,5.863625,6.478472,-23.852715,5.7611675,-14.246935,-2.8275485
345,0.0624055452644825,156.72317504882812,104.89656829833984,0.13513512300326158,-2.3767977920800822,96.12026400861238,-0.9156896,0.80285484,11.464463,-11.5926075,-14.049481,1.3651447,14.355315,-12.268146,20.752111,25.13512,6.467141,33.83079,-4.9375715,-6.8994155,3.178225,35.51265,-26.611021,-13.07643,-38.69773,-24.041023,3.4119482,-1.1244028,56.223614,-5.338508,0.68504196,6.171504,6.3990717,-23.793879,5.7542872,-14.606943,-2.7041826
346,0.08216814696788788,157.35076904296875,104.86029052734375,0.22834591790282055,-2.2665281892400753,95.98748575851282,-0.67795026,0.5248941,11.267388,-11.278421,-13.970188,1.6212733,14.198219,-11.592825,19.247581,26.388426,5.673871,35.26966,-5.1253824,-6.865221,2.261552,34.822807,-26.893438,-13.389343,-39.976654,-24.344639,3.1947253,-0.71903706,54.13853,-5.39302,0.75631636,6.474035,6.34465,-23.72897,5.745418,-14.973628,-2.5861018
347,0.09569551795721054,157.9925994873047,104.81492614746094,0.3075466257158123,-2.1443509768690445,95.84666848740778,-0.44876966,0.2625151,11.05212,-10.970125,-13.866038,1.8415922,14.022548,-10.924586,17.75494,27.611616,5.033039,36.442028,-5.354982,-6.8734756,1.4161614,34.19156,-27.348854,-13.645368,-41.138466,-24.596807,2.985587,-0.29717362,51.920956,-5.388186,0.801053,6.769191,6.3009677,-23.653221,5.742115,-15.3488655,-2.4659019
348,0.0987633466720581,158.6304473876953,104.76515197753906,0.37795868726040677,-2.0105846527250177,95.69435210967109,-0.21978779,0.018183054,10.822443,-10.682817,-13.752231,2.0166447,13.838694,-10.329305,16.294708,28.647413,4.595547,37.40064,-5.6078525,-6.930689,0.66656995,33.60118,-27.823788,-13.850372,-42.116165,-24.788176,2.770356,0.1117127,49.56321,-5.2911396,0.71828485,7.0502696,6.258537,-23.56066,5.7353578,-15.715295,-2.3439758
349,0.0940803587436676,159.2686767578125,104.7103042602539,0.43997479079530194,-1.85983915381661,95.52783699352997,0.012453536,-0.2091757,10.571555,-10.423608,-13.62014,2.142489,13.655571,-9.834803,14.842977,29.448534,4.4232435,38.112247,-5.8848476,-7.0454655,0.007524947,33.05111,-28.352558,-14.015869,-42.865723,-24.91711,2.5462732,0.51260465,47.038296,-5.083459,0.4549016,7.312245,6.2177033,-23.445398,5.72716,-16.075876,-2.2222934
350,0.07346971333026886,159.92225646972656,104.65067291259766,0.4911270562902184,-1.694501554341466,95.34929945661908,0.24919176,-0.41906053,10.301039,-10.188837,-13.4689865,2.222868,13.478583,-9.420328,13.393408,30.07537,4.4596124,38.560226,-6.1832223,-7.22173,-0.57258207,32.53877,-28.981054,-14.1360445,-43.429653,-24.981825,2.3267155,0.91548735,44.348545,-4.78482,0.07773526,7.5666094,6.176455,-23.313755,5.7209454,-16.440552,-2.092422
351,0.06206639111042023,160.5734100341797,104.57975006103516,0.5281626084055082,-1.5253016071841616,95.16158382032485,0.4933754,-0.60782444,10.026966,-9.975805,-13.322179,2.2611306,13.312983,-9.075033,11.990886,30.53391,4.579735,38.819965,-6.482271,-7.456663,-1.055421,32.04815,-29.573938,-14.197977,-43.869537,-24.981678,2.119726,1.2987881,41.5285,-4.4098,-0.33180013,7.815231,6.155731,-23.169569,5.713263,-16.805103,-1.972953
352,0.041732680052518845,161.23104858398438,104.49993896484375,0.5457413120764278,-1.3629839394983407,94.96794067796978,0.7463425,-0.7722351,9.765435,-9.7793,-13.204588,2.2620993,13.164822,-8.785115,10.680625,30.831137,4.661711,38.96914,-6.763878,-7.74456,-1.4203602,31.566538,-29.99658,-14.189707,-44.24784,-24.918135,1.9309897,1.6407531,38.62376,-3.9821157,-0.6963114,8.078886,6.1514983,-23.024073,5.700833,-17.171488,-1.8499223
353,0.01607367768883705,161.89712524414062,104.41307830810547,0.5421321138215687,-1.2109863179359368,94.77136668828919,1.0084711,-0.91694677,9.520752,-9.599693,-13.118085,2.220128,13.040141,-8.549585,9.456653,30.894808,4.6854177,38.964962,-7.0259714,-8.085446,-1.6437328,31.084711,-30.235708,-14.073375,-44.58888,-24.785868,1.7512752,1.9278456,35.61062,-3.4848363,-1.004943,8.356796,6.1660876,-22.880991,5.6977262,-17.551037,-1.724642
354,-0.019990606233477592,162.55206298828125,104.31376647949219,0.5179868696387812,-1.0643714887516944,94.56816340199408,1.2751513,-1.0432118,9.284894,-9.433932,-13.050076,2.1416802,12.941563,-8.369371,8.293186,30.73994,4.7120214,38.78729,-7.2825446,-8.481026,-1.7330389,30.617765,-30.352451,-13.8701105,-44.85848,-24.569921,1.5828073,2.1780672,32.451042,-2.9040558,-1.2959849,8.638463,6.196726,-22.732756,5.68796,-17.921469,-1.598599
355,-0.07196827977895737,163.22955322265625,104.20958709716797,0.4751279092040625,-0.9219165984204853,94.35062921486133,1.5426807,-1.1416441,9.055505,-9.272196,-13.008304,2.0469453,12.867469,-8.234712,7.208342,30.505907,4.7435126,38.54797,-7.5399675,-8.925459,-1.721739,30.18987,-30.330246,-13.656473,-45.029488,-24.303364,1.4444801,2.407197,29.238028,-2.2910113,-1.5681041,8.939145,6.236125,-22.574303,5.679676,-18.30304,-1.4620441
356,-0.12641306221485138,163.9273681640625,104.09749603271484,0.4095633182451078,-0.7824134033600202,94.11060290295529,1.8090489,-1.2020017,8.830665,-9.108044,-12.992045,1.9555517,12.813178,-8.134072,6.2208776,30.336557,4.7794156,38.357533,-7.8026633,-9.407991,-1.6506811,29.822601,-30.159225,-13.508649,-45.072296,-24.012808,1.3520551,2.6343865,26.05031,-1.689606,-1.823042,9.255404,6.296419,-22.393364,5.6722507,-18.69586,-1.3258731
357,-0.19953511655330658,164.6101531982422,103.97345733642578,0.3123218124420817,-0.6457021486863899,93.8455588156959,2.0773704,-1.211345,8.607385,-8.9404955,-12.999809,1.8660812,12.7748165,-8.07477,5.342352,30.23962,4.8171473,38.232567,-8.069407,-9.924475,-1.5349894,29.51275,-29.79289,-13.460189,-44.936817,-23.703024,1.3133264,2.866568,22.871998,-1.0898753,-2.0434453,9.567627,6.375979,-22.18212,5.661926,-19.074762,-1.1888006
358,-0.2735374867916107,165.31304931640625,103.83514404296875,0.17949984467002617,-0.51800686534188,93.55426965944602,2.357792,-1.1715535,8.391122,-8.777624,-13.031295,1.7672917,12.751531,-8.060932,4.5632577,30.152678,4.8590283,38.116074,-8.333185,-10.47358,-1.3646821,29.245966,-29.260035,-13.464311,-44.647717,-23.354807,1.3204561,3.0987232,19.672054,-0.47745335,-2.2440016,9.902506,6.492485,-21.942774,5.651174,-19.46664,-1.0563557
359,-0.3543338179588318,166.03286743164062,103.68518829345703,0.021018507945960004,-0.4103080451013432,93.22505197563281,2.6613019,-1.0946964,8.194335,-8.6237,-13.088023,1.6650696,12.74254,-8.072052,3.8674872,30.116007,4.9108534,38.006577,-8.595943,-11.045835,-1.1415582,29.027742,-28.667887,-13.475807,-44.28695,-22.963419,1.3698272,3.3352368,16.516438,0.10785261,-2.473869,10.270196,6.626302,-21.670147,5.6428823,-19.868797,-0.92166704
360,-0.4364866316318512,166.77175903320312,103.5254135131836,-0.15675470107941913,-0.33561916979328504,92.84353056136958,2.9995143,-0.9891627,8.031514,-8.480134,-13.172309,1.5695543,12.746488,-8.082396,3.2349033,30.171738,4.9779806,37.900223,-8.859257,-11.6252775,-0.8692804,28.863333,-28.128685,-13.452566,-43.93665,-22.56178,1.4704807,3.5715468,13.5427,0.5934025,-2.7793293,10.687396,6.7701373,-21.355547,5.636346,-20.282593,-0.7852592
361,-0.5178288221359253,167.50633239746094,103.35307312011719,-0.3630624104607581,-0.3010803750432499,92.39599986295026,3.3836215,-0.8486915,7.9083786,-8.3453,-13.296164,1.481678,12.7629,-8.078545,2.667128,30.379614,5.0659175,37.78274,-9.126763,-12.202563,-0.548319,28.756018,-27.665003,-13.373,-43.585625,-22.238834,1.6490548,3.7794158,10.904951,0.9131986,-3.1337223,11.14727,6.9323983,-20.981407,5.6304693,-20.694677,-0.6552515
362,-0.5996611714363098,168.238525390625,103.1622543334961,-0.6080627969601193,-0.3055868206907459,91.88222057611031,3.8114789,-0.6628317,7.8200088,-8.214622,-13.449735,1.4044571,12.791285,-8.065715,2.164034,30.704912,5.1713543,37.655125,-9.40105,-12.775448,-0.17916425,28.70323,-27.230547,-13.262378,-43.198296,-22.110989,1.9242535,3.9331682,8.810398,0.95958656,-3.5294232,11.649435,7.1235514,-20.5433,5.6261244,-21.107668,-0.5336268
363,-0.6891307234764099,168.99014282226562,102.96067810058594,-0.8706036857637097,-0.33746324038214803,91.32541216005654,4.2583337,-0.4511004,7.757624,-8.082704,-13.620118,1.3477803,12.829988,-8.048863,1.7064967,31.049154,5.2842317,37.53924,-9.679803,-13.3372755,0.23081407,28.700857,-26.837948,-13.155258,-42.821053,-22.241325,2.267859,4.024351,7.4262023,0.62860465,-4.03173,12.193318,7.3146114,-20.069021,5.6239133,-21.529327,-0.40567023
364,-0.7786806225776672,169.7443084716797,102.76515197753906,-1.1249672029242772,-0.38142214748867015,90.75471752266355,4.693645,-0.23899284,7.710928,-7.945456,-13.790859,1.321628,12.877047,-8.031888,1.2762449,31.315435,5.394475,37.457695,-9.960279,-13.879,0.6707944,28.743948,-26.50354,-13.08731,-42.49891,-22.611776,2.6380143,4.063271,6.7563944,-0.100342445,-4.703234,12.749503,7.4810667,-19.586689,5.6244645,-21.947289,-0.2720052
365,-0.8675744533538818,170.50735473632812,102.56265258789062,-1.3889896149064707,-0.4462924018042103,90.14875658719248,5.134022,-0.024969036,7.6818905,-7.7997828,-13.956824,1.3340572,12.921669,-8.013607,0.8658096,31.523394,5.5225472,37.423313,-10.240004,-14.2870865,1.0447423,28.852419,-26.379713,-13.108719,-42.21488,-23.041636,3.05957,4.149929,6.4594946,-1.2157527,-5.6903358,13.331578,7.641676,-19.074488,5.627303,-22.366423,-0.13702853
366,-0.9690831303596497,171.263916015625,102.36115264892578,-1.6470701749996566,-0.5251534000627881,89.52117292927704,5.574725,0.17876245,7.6669407,-7.657377,-14.127931,1.3667899,12.961135,-7.996184,0.49771062,31.719393,5.662956,37.4194,-10.508212,-14.579257,1.3491695,29.013617,-26.443,-13.197849,-41.940628,-23.486145,3.503713,4.2768855,6.406303,-2.5901191,-6.9072976,13.923461,7.7696753,-18.548534,5.6318636,-22.775043,0.009860244
367,-1.0662213563919067,172.05081176757812,102.17771911621094,-1.855269608277502,-0.5736934449652865,88.94273366465487,5.94596,0.33825588,7.6453547,-7.50892,-14.308227,1.4165272,13.011158,-7.9708014,0.16706306,31.853292,5.77658,37.428593,-10.783405,-14.890952,1.7254666,29.203684,-26.464413,-13.28024,-41.714447,-24.007166,3.8768597,4.3001175,6.6736946,-3.9055896,-8.060954,14.4952755,7.835364,-18.080488,5.6404524,-23.193724,0.17610385
368,-1.1609715223312378,172.82232666015625,102.01238250732422,-1.962988864222469,-0.5849359861871086,88.46178764820688,6.2176394,0.4006247,7.6245713,-7.377303,-14.488039,1.4519188,13.069537,-7.936612,-0.109782115,31.916008,5.835671,37.41228,-11.029447,-15.202785,2.121587,29.352238,-26.423216,-13.310321,-41.493576,-24.012665,4.0422964,4.230373,6.2166886,-4.1473203,-8.790771,15.018832,7.7893567,-17.727766,5.6518016,-23.598856,0.36888754
369,-1.2349408864974976,173.6134490966797,101.89635467529297,-1.9752835468190557,-0.5254267808037556,88.09756865233982,6.3523054,0.36857823,7.5875406,-7.2228026,-14.668252,1.4909748,13.155783,-7.880122,-0.3542131,31.864576,5.8178086,37.37536,-11.301958,-15.591482,2.665885,29.49338,-26.206171,-13.236666,-41.31873,-24.06297,4.0312333,3.8310575,6.1190677,-3.6792536,-9.039783,15.446043,7.6443276,-17.500477,5.666603,-23.972586,0.58401906
370,-1.3068981170654297,174.37918090820312,101.85264587402344,-1.9201558055778205,-0.4141780260382025,87.81679895539068,6.4040303,0.26512644,7.5440116,-7.0849113,-14.846353,1.509487,13.251774,-7.8203845,-0.5473764,31.744812,5.747563,37.318024,-11.545305,-15.950893,3.197267,29.589664,-25.986275,-13.111647,-41.13998,-24.442926,3.9119523,3.0565472,6.909581,-2.888492,-8.891822,15.812655,7.4310403,-17.370302,5.683761,-24.289614,0.8230152
371,-1.3838225603103638,175.14599609375,101.84842681884766,-1.7996909868450626,-0.28714672607205494,87.60622952823621,6.38844,0.09175638,7.503533,-6.9720416,-15.032701,1.5297987,13.350524,-7.769588,-0.69685274,31.588657,5.67041,37.253124,-11.732472,-16.25165,3.6777365,29.644386,-25.768171,-12.985249,-40.96065,-24.441814,3.6411023,2.152492,7.147563,-1.0972984,-8.25659,16.166819,7.1484,-17.33785,5.7076807,-24.507338,1.0975128
372,-1.4552189111709595,175.92124938964844,101.86445617675781,-1.6201573021539273,-0.15708730892713463,87.46281262213378,6.30254,-0.13757683,7.4530296,-6.8902445,-15.237649,1.5798522,13.454921,-7.734791,-0.8146652,31.411789,5.6294646,37.197586,-11.847076,-16.505562,4.119357,29.664455,-25.513428,-12.899447,-40.798424,-24.35106,3.2418609,1.0840889,7.2834907,1.3057405,-7.139367,16.53018,6.80544,-17.402271,5.7357802,-24.570711,1.4103706
373,-1.5197815895080566,176.72361755371094,101.8819580078125,-1.3543931783066883,0.0012821006565208154,87.42827626906826,6.1263094,-0.45936877,7.3654666,-6.8795495,-15.481023,1.6314315,13.532151,-7.728156,-0.87785435,31.237793,5.6381636,37.131504,-11.847541,-16.647097,4.4105406,29.623806,-25.299536,-12.883051,-40.613384,-24.352222,2.6623697,-0.1687421,7.607553,4.0649343,-5.533496,16.879824,6.382203,-17.60424,5.7736816,-24.435835,1.7660495
374,-1.5739140510559082,177.55372619628906,101.92570495605469,-0.980263716921871,0.17041961097573008,87.48065207304364,5.851001,-0.88564605,7.2684813,-6.89235,-15.7533455,1.714306,13.619904,-7.732507,-0.9153194,31.014044,5.6792774,37.07306,-11.79912,-16.757565,4.701544,29.568361,-25.029654,-12.893664,-40.452095,-24.338207,1.9042257,-1.3459905,8.021224,6.7811995,-3.7907531,17.234629,5.849185,-17.93047,5.823726,-24.05891,2.1657243
375,-1.6563998460769653,178.39828491210938,101.993408203125,-0.5643825810950394,0.32068336856491186,87.52570568245613,5.5542316,-1.3489082,7.176503,-6.8891754,-16.009056,1.853861,13.763068,-7.7448955,-0.95025015,30.741306,5.745907,37.044838,-11.720559,-16.861532,5.0400834,29.508772,-24.681843,-12.909346,-40.331337,-24.262321,1.1223941,-2.2033827,8.4394245,8.956375,-2.3479495,17.615679,5.2630014,-18.26803,5.8891644,-23.3907,2.5828574
376,-1.7332937717437744,179.24916076660156,102.08148956298828,-0.168135812957862,0.4216599611252489,87.46938779136572,5.3712053,-1.7854707,7.108072,-6.8810735,-16.200083,2.0044332,13.887415,-7.7748723,-0.9353313,30.54309,5.8090754,37.018944,-11.5468645,-16.878294,5.2524776,29.40094,-24.386652,-12.936231,-40.196583,-24.040224,0.467225,-2.6174586,8.715544,10.395252,-1.401367,18.03828,4.672494,-18.506582,5.973175,-22.382912,2.9916058
377,-1.8106393814086914,180.1120147705078,102.17536926269531,0.18218620284957573,0.4771852742876868,87.25446631323376,5.340817,-2.1629086,7.053056,-6.833894,-16.306774,2.1927137,13.989275,-7.8120413,-0.87410164,30.460299,5.8795967,37.01057,-11.292374,-16.823364,5.38821,29.259466,-24.1002,-12.976027,-40.0647,-23.57097,0.00722849,-2.6166005,8.772287,11.175993,-0.8866324,18.504622,4.0877333,-18.587751,6.072134,-21.051508,3.4041338
378,-1.8892539739608765,181.00665283203125,102.26607513427734,0.5536887375962726,0.5149429101282084,86.94556675654502,5.391745,-2.5532978,6.9981,-6.7585087,-16.358194,2.4182608,14.078397,-7.850928,-0.7711316,30.450586,5.9592037,37.016937,-10.975741,-16.700567,5.472571,29.10144,-23.81335,-13.034013,-39.943245,-23.152615,-0.40753895,-2.403528,8.7788725,11.614398,-0.568921,18.996483,3.4472396,-18.592445,6.1844788,-19.46274,3.8356445
379,-1.9527232646942139,181.90682983398438,102.36316680908203,0.9261667914336786,0.5339791211827091,86.61328652855238,5.459143,-2.9510548,6.9508424,-6.6835346,-16.370827,2.658577,14.153206,-7.8772902,-0.63493544,30.44703,6.0173035,37.006107,-10.622056,-16.517092,5.509049,28.945845,-23.562147,-13.08929,-39.830795,-22.50422,-0.7670714,-2.015621,8.670018,11.619242,-0.37112513,18.047222,2.295692,-18.260578,9.334919,-19.185411,4.259459
380,-2.010697841644287,182.7932891845703,102.47098541259766,1.3237017713159316,0.5373918464932611,86.33957084044977,5.4651575,-3.3965333,6.9173098,-6.6342573,-16.365263,2.8934834,14.218863,-7.8771935,-0.47474253,30.377838,6.0224423,36.95183,-10.261357,-16.274643,5.503565,28.817646,-23.386662,-13.124021,-39.73014,-21.880434,-1.1700488,-1.5916351,8.598521,11.404303,-0.2076747,16.82776,1.0750341,-17.87013,12.870075,-18.873705,4.5790153
381,-2.0599029064178467,183.6730499267578,102.60137176513672,1.7542833305856396,0.5333303152869525,86.1315134503212,5.4031954,-3.9042866,6.8822656,-6.622766,-16.32586,3.1309345,14.28123,-7.8404865,-0.27676007,30.235971,5.938598,36.847107,-9.891087,-15.967827,5.4588876,28.733027,-23.328465,-13.141921,-39.659924,-21.223953,-1.6264836,-1.1219954,8.544585,11.0092,-0.055890996,15.8080225,-0.08435926,-17.534864,16.068161,-18.398977,4.79551
382,-2.1034131050109863,184.56195068359375,102.75287628173828,2.1978765264509974,0.5180353384644227,85.95651882627124,5.3001294,-4.4468975,6.8448815,-6.629152,-16.24861,3.3828297,14.34224,-7.773561,-0.046085507,30.051044,5.7922597,36.707516,-9.505922,-15.594761,5.3794217,28.681677,-23.355858,-13.151563,-39.614506,-20.543276,-2.1143835,-0.6105438,8.659223,10.358542,0.1005803,14.8075075,-1.2193435,-17.196255,19.197393,-17.918863,4.933217
383,-2.1427035331726074,185.4165802001953,102.90065002441406,2.625594739593028,0.47223345697369623,85.82324526537555,5.1450653,-4.9825797,6.8323345,-6.6328,-16.173563,3.6359234,14.399686,-7.6888905,0.17532632,29.80815,5.6486077,36.537823,-9.126203,-15.166545,5.2691526,28.643805,-23.395956,-13.14027,-39.55665,-19.749353,-2.5994084,-0.101153284,8.563452,9.799961,0.2598516,13.784169,-2.3237224,-16.872696,22.350601,-17.390947,5.020495
384,-2.216409921646118,186.25717163085938,103.04749298095703,3.0059826301361308,0.37400837298077044,85.73740301860227,4.933433,-5.4642496,6.874925,-6.6169076,-16.13864,3.873316,14.448254,-7.601349,0.34800225,29.49255,5.5719285,36.343025,-8.765078,-14.702948,5.1322017,28.590208,-23.368526,-13.092345,-39.4505,-18.89272,-3.0709443,0.34254947,8.418169,9.27343,0.44237524,12.738209,-3.3791697,-16.583658,25.556517,-16.629133,5.080415
385,-2.300410270690918,187.08901977539062,103.20056915283203,3.3272096464415086,0.20546860745278306,85.73632650818993,4.636226,-5.8788056,6.980997,-6.5870657,-16.160397,4.0915394,14.481616,-7.5139847,0.47642556,29.086079,5.5834303,36.102993,-8.401412,-14.215683,4.954575,28.511898,-23.257748,-12.996035,-39.277718,-17.931768,-3.5102684,0.6819632,8.180295,8.801526,0.63523036,11.657993,-4.3827505,-16.367748,28.883749,-15.498425,5.162189
386,-2.3850250244140625,187.90933227539062,103.3554916381836,3.6033871438110325,-0.020378028417548506,85.80713697740845,4.2711473,-6.244587,7.1357193,-6.556532,-16.217178,4.29097,14.497685,-7.424915,0.5843741,28.604208,5.6460137,35.822136,-8.026236,-13.707116,4.738724,28.410347,-23.09247,-12.858032,-39.062763,-16.884895,-3.9234107,0.9467601,7.8568745,8.369059,0.83259726,10.544805,-5.340768,-16.205605,32.312332,-14.052127,5.254341
387,-2.486082077026367,188.6895294189453,103.49604034423828,3.841636980269925,-0.28068502133697404,85.87793331773481,3.903123,-6.561658,7.337824,-6.5172086,-16.292551,4.4658217,14.498139,-7.339838,0.6573337,28.081837,5.7372203,35.543987,-7.671522,-13.187452,4.51717,28.272623,-22.858452,-12.687692,-38.836018,-15.861669,-4.3058534,1.1822263,7.594777,7.920754,1.0382373,9.395229,-6.2557564,-16.02356,35.75132,-12.458495,5.267264
388,-2.5860512256622314,189.46334838867188,103.63371276855469,4.051203047640181,-0.552530427692949,85.87678983005958,3.5953312,-6.830134,7.588176,-6.459547,-16.370056,4.611094,14.487471,-7.264174,0.680377,27.54958,5.8335996,35.31277,-7.369358,-12.6728115,4.3298144,28.086782,-22.53378,-12.493283,-38.6306,-14.840017,-4.6385193,1.4566495,7.35821,7.454585,1.2354741,8.178633,-7.146446,-15.741657,39.176483,-10.922794,5.0956764
389,-2.699078321456909,190.2235565185547,103.77152252197266,4.219725460860998,-0.8368876572482588,85.77226725010125,3.3714697,-7.02825,7.9027753,-6.3771305,-16.431694,4.7335973,14.465083,-7.20233,0.6296263,26.9569,5.942409,35.15199,-7.1217384,-12.176555,4.193793,27.82607,-22.039658,-12.255407,-38.44979,-13.819899,-4.907943,1.794088,7.1492167,6.969961,1.4362634,6.83696,-8.027789,-15.289885,42.68527,-9.490548,4.641496
390,-2.8202152252197266,190.9530792236328,103.9005126953125,4.348092400444095,-1.1461858342616646,85.60755424918324,3.194081,-7.16077,8.281285,-6.276109,-16.491869,4.833656,14.430031,-7.150718,0.5198753,26.302683,6.070314,35.03695,-6.9115644,-11.703251,4.0994215,27.500744,-21.39545,-11.97058,-38.28592,-12.834533,-5.122026,2.1548889,7.0339227,6.44294,1.6387651,5.3877797,-8.901002,-14.730677,46.281834,-8.064499,3.9560223
391,-2.9511523246765137,191.6438751220703,104.01560974121094,4.467539431908019,-1.473136463947212,85.42286586585877,3.032241,-7.2684035,8.698342,-6.1646576,-16.58272,4.8991885,14.38927,-7.103323,0.39162114,25.690132,6.1940403,34.937965,-6.743774,-11.256295,4.043796,27.15738,-20.729576,-11.673862,-38.151966,-11.845072,-5.329447,2.5283878,6.9029164,5.9379225,1.835755,3.9054363,-9.775006,-14.180878,49.820976,-6.6450286,3.142698
392,-3.0625076293945312,192.32150268554688,104.11717987060547,4.608396827665707,-1.8087449353465381,85.25926043039141,2.8537571,-7.3921723,9.126955,-6.049913,-16.735693,4.9189553,14.354676,-7.0557942,0.28371748,25.216969,6.290934,34.826756,-6.624261,-10.836529,4.0270042,26.84469,-20.167814,-11.4028845,-38.060966,-10.812913,-5.561082,2.89707,6.682666,5.483503,2.001487,2.4590666,-10.666147,-13.754458,53.178078,-5.246174,2.3065984
393,-3.1582765579223633,192.9907989501953,104.20191192626953,4.790310483021691,-2.156726755435334,85.11799992549531,2.6560957,-7.5604553,9.581149,-5.925564,-17.0089,4.884807,14.337447,-7.003218,0.18146941,24.910374,6.3580227,34.7104,-6.5692744,-10.443739,4.0625834,26.54815,-19.717785,-11.147171,-38.036064,-9.719448,-5.845325,3.274252,6.3498144,5.087738,2.1343188,1.0151346,-11.624369,-13.450615,56.421406,-3.8019392,1.4082907
394,-3.25577449798584,193.64332580566406,104.27367401123047,4.994967373809616,-2.518793237105168,84.98239406567582,2.449738,-7.748343,10.066951,-5.787836,-17.368746,4.808394,14.340704,-6.952374,0.067268215,24.706278,6.4084144,34.603306,-6.5728164,-10.078016,4.1502953,26.254942,-19.317099,-10.896026,-38.064285,-8.560305,-6.169409,3.6652312,5.8904605,4.760665,2.2511199,-0.4571294,-12.659455,-13.225197,59.615925,-2.3516817,0.37443975
395,-3.3496975898742676,194.29241943359375,104.338134765625,5.186955567718505,-2.883022525534082,84.8667883083341,2.2246208,-7.916422,10.544845,-5.6496687,-17.710472,4.7026944,14.362968,-6.9197226,-0.020661896,24.567753,6.4439836,34.48743,-6.607276,-9.74058,4.2628207,26.015015,-18.989794,-10.688229,-38.099068,-7.553602,-6.4780607,4.0036583,5.7178802,4.295499,2.3540351,-1.8783312,-13.719448,-13.124318,62.628193,-1.0637641,-0.7239189
396,-3.4438743591308594,194.94430541992188,104.3991470336914,5.331657635398427,-3.238122404068856,84.78493062699916,1.9752313,-8.026415,10.976138,-5.5276217,-17.930843,4.577115,14.39995,-6.9250174,-0.040897075,24.461727,6.4670873,34.34435,-6.641438,-9.434378,4.3645887,25.873785,-18.764193,-10.561233,-38.08913,-6.6465707,-6.7365017,4.2701364,5.7055573,3.75893,2.4514008,-3.1636646,-14.738572,-13.18622,65.32361,-0.103755035,-1.7894228
397,-3.5584163665771484,195.60153198242188,104.46347045898438,5.42167178547987,-3.5944521845441932,84.74484496391523,1.6960148,-8.067028,11.365158,-5.427547,-18.009323,4.422189,14.450014,-6.9797645,0.037608925,24.413435,6.466303,34.1746,-6.6799645,-9.163455,4.4382854,25.868702,-18.739431,-10.550274,-38.033604,-5.745931,-6.952825,4.4684095,5.6962585,3.227164,2.5559244,-4.2608523,-15.728839,-13.481454,67.688614,0.48326996,-2.7904336
398,-3.673337459564209,196.2545623779297,104.52767944335938,5.474701367684466,-3.953983175310973,84.73862044521421,1.397833,-8.056831,11.72934,-5.347385,-18.000875,4.226939,14.513413,-7.081968,0.19412164,24.430246,6.4443517,33.987404,-6.727489,-8.9284315,4.4940295,25.959236,-18.870205,-10.626844,-37.951126,-4.8504114,-7.1323037,4.6158624,5.6865335,2.7041922,2.6524427,-5.21588,-16.715689,-13.965549,69.80435,0.7740017,-3.7664266
399,-3.768752098083496,196.91946411132812,104.59760284423828,5.490028644870029,-4.29278538369042,84.75474974570541,1.1008757,-8.001328,12.051242,-5.2921014,-17.905655,3.9998443,14.586662,-7.229035,0.39174023,24.45265,6.4238596,33.77642,-6.752721,-8.724014,4.5412903,26.074432,-18.966127,-10.733118,-37.823597,-3.9785063,-7.259641,4.7276034,5.680141,2.1813564,2.728787,-6.1027613,-17.629211,-14.488739,71.692444,0.7812362,-4.6952033
400,-3.878126382827759,197.59010314941406,104.66558837890625,5.470746324024748,-4.585707533217528,84.78081023721667,0.8256077,-7.903958,12.3127165,-5.265931,-17.729113,3.750263,14.664089,-7.4160395,0.59361756,24.424227,6.4269304,33.533478,-6.725177,-8.541157,4.5874896,26.14521,-18.839918,-10.811914,-37.63116,-3.1627448,-7.355392,4.8220606,5.676416,1.664425,2.8063827,-6.998518,-18.3881,-14.902001,73.35661,0.53304005,-5.5488467
401,-3.982266902923584,198.264892578125,104.73497772216797,5.399507223017624,-4.8236335144681615,84.81088947612068,0.5775422,-7.7481303,12.497213,-5.2731576,-17.44024,3.475619,14.7418375,-7.6434193,0.81272024,24.389265,6.4752364,33.235214,-6.6434064,-8.373571,4.6270933,26.191957,-18.495474,-10.878268,-37.35602,-2.4133534,-7.385455,4.9040427,5.675801,1.1546974,2.8702962,-7.915329,-18.929636,-15.1795025,74.78051,-0.09432225,-6.3161917
402,-4.083752155303955,198.93569946289062,104.79962921142578,5.280836238080802,-5.019054695157138,84.85037066797953,0.34637743,-7.5357165,12.6174,-5.3080063,-17.04784,3.1740534,14.81896,-7.908152,1.0607527,24.36463,6.5507617,32.889847,-6.5244164,-8.220871,4.655318,26.24199,-18.02232,-10.951585,-37.009853,-1.7214973,-7.35628,4.9684544,5.6810627,0.6538513,2.9226239,-8.818743,-19.278782,-15.388608,75.960754,-1.058132,-6.9811373
403,-4.178788185119629,199.60723876953125,104.86367797851562,5.140922871028021,-5.1799750414446235,84.90485516903381,0.1276,-7.2970586,12.699248,-5.360031,-16.611387,2.8562217,14.893272,-8.199428,1.2989564,24.25051,6.6168094,32.538452,-6.364397,-8.08068,4.6861057,26.23688,-17.359015,-10.97903,-36.62102,-1.0728152,-7.29883,5.0136037,5.6866946,0.16255529,2.9654846,-9.729872,-19.489103,-15.520605,76.93929,-2.0895865,-7.5174055
404,-4.276872634887695,200.2703857421875,104.92102813720703,5.009209214163714,-5.314770928151815,84.9802371994963,-0.08725816,-7.0654826,12.767557,-5.416299,-16.189022,2.5379941,14.9622965,-8.500644,1.4848347,23.948643,6.6375504,32.220036,-6.1629343,-7.95196,4.7368193,26.120049,-16.446388,-10.906553,-36.21819,-0.46280056,-7.255286,5.0357313,5.690528,-0.31259164,3.0101569,-10.665037,-19.62025,-15.576586,77.74972,-2.9167643,-7.9101295
405,-4.39332389831543,200.94313049316406,104.97124481201172,4.894799669990225,-5.418085801581486,85.08152480147552,-0.3064029,-6.8497515,12.819591,-5.467926,-15.785698,2.2284033,15.022896,-8.815259,1.6030153,23.436214,6.607056,31.95687,-5.9157267,-7.8330407,4.8226967,25.86831,-15.247362,-10.690267,-35.84688,0.111881614,-7.2479444,5.0319304,5.690766,-0.7784325,3.0671244,-11.639835,-19.695782,-15.560811,78.39761,-3.4667504,-8.141006
406,-4.493294715881348,201.60946655273438,105.01628112792969,4.781857040390192,-5.48778045742515,85.20395257449866,-0.5271293,-6.6331487,12.844131,-5.520108,-15.372701,1.9231696,15.0740595,-9.141606,1.6738894,22.768007,6.5436835,31.721125,-5.6287065,-7.724736,4.9364667,25.518026,-13.804216,-10.363402,-35.48653,0.64159304,-7.2340765,5.002868,5.6882625,-1.2270328,3.112579,-12.6426325,-19.68054,-15.481468,78.866325,-3.8803618,-8.225125
407,-4.587794303894043,202.2799530029297,105.06149291992188,4.662129659463471,-5.536485515081244,85.33996345944783,-0.74182785,-6.4085855,12.854159,-5.5820117,-14.9616,1.6169021,15.1166315,-9.456674,1.7087765,21.960535,6.448622,31.476484,-5.317461,-7.629166,5.063649,25.102242,-12.172527,-9.985654,-35.06938,1.146765,-7.2081347,4.9570537,5.686951,-1.6717148,3.1531873,-13.647517,-19.556805,-15.347773,79.16105,-4.2113156,-8.2026
408,-4.680685520172119,202.94656372070312,105.10421752929688,4.5237630670430065,-5.577672264419869,85.48188940732844,-0.9440627,-6.170246,12.862708,-5.6609874,-14.566117,1.3067008,15.152081,-9.735286,1.7173886,21.029373,6.3230968,31.186127,-4.9987736,-7.54807,5.1922574,24.655449,-10.404979,-9.612949,-34.52411,1.6385635,-7.155891,4.9018974,5.690046,-2.1146417,3.1903796,-14.627563,-19.307323,-15.168478,79.28301,-4.5103464,-8.114185
409,-4.767564296722412,203.62062072753906,105.14594268798828,4.360526610793774,-5.614292049814439,85.62704189502671,-1.1272116,-5.9106803,12.875383,-5.764199,-14.187863,0.9940424,15.180687,-9.976582,1.6869678,19.941185,6.1539125,30.855303,-4.6633015,-7.4788585,5.336986,24.155628,-8.506433,-9.221328,-33.919342,2.1261072,-7.06636,4.8404765,5.7011247,-2.5657687,3.221159,-15.583851,-18.906008,-14.932778,79.22911,-4.761533,-7.9737844
410,-4.843991756439209,204.28521728515625,105.18595886230469,4.178551147626657,-5.639333713502637,85.77949041729552,-1.2996631,-5.634404,12.884964,-5.8826575,-13.819958,0.6850282,15.199407,-10.183732,1.6138304,18.702301,5.946462,30.492344,-4.3102307,-7.4224873,5.5036697,23.596378,-6.4514985,-8.783518,-33.26956,2.5921197,-6.9441977,4.7681837,5.7173586,-3.0110955,3.242827,-16.524256,-18.37066,-14.64548,78.997765,-4.9463377,-7.761064
411,-4.916545391082764,204.9365692138672,105.22221374511719,3.9878247139473815,-5.651380441418005,85.94109767893961,-1.4752344,-5.3541737,12.884832,-6.0013967,-13.463049,0.38051575,15.2074375,-10.341232,1.5219122,17.388374,5.7334976,30.066847,-3.9686244,-7.3852415,5.65927,23.033842,-4.2531776,-8.336379,-32.411736,3.035083,-6.8060436,4.684964,5.733322,-3.4447463,3.259682,-17.430286,-17.749182,-14.339106,78.59128,-5.114289,-7.465894
412,-4.9796929359436035,205.59632873535156,105.2510986328125,3.799880205949136,-5.648769809863096,86.11390925168574,-1.667226,-5.083258,12.868117,-6.106262,-13.116941,0.079911456,15.207688,-10.439254,1.4356232,16.069786,5.5500264,29.55492,-3.668089,-7.3668675,5.7718205,22.527452,-1.9231077,-7.903651,-31.18114,3.464903,-6.664194,4.5915146,5.7496023,-3.8778806,3.2692835,-18.283476,-17.090872,-14.044866,78.00845,-5.3124585,-7.0785575
413,-5.044865608215332,206.25787353515625,105.27635955810547,3.6142489877012394,-5.630948979294022,86.30106609230542,-1.8693447,-4.8231444,12.824837,-6.1999793,-12.769258,-0.23976399,15.204284,-10.527501,1.3815521,14.772761,5.400995,29.021772,-3.4024444,-7.3660555,5.857336,22.076183,0.6120693,-7.4709077,-29.596935,3.8781433,-6.524639,4.4856253,5.7612963,-4.302587,3.2775192,-19.088863,-16.387693,-13.742872,77.24681,-5.551578,-6.570426
414,-5.115937232971191,206.92758178710938,105.30011749267578,3.426451434707352,-5.598985371956178,86.50084974339943,-2.0665941,-4.559879,12.76784,-6.3011765,-12.428088,-0.57862186,15.190857,-10.593852,1.3414022,13.45734,5.2660074,28.445917,-3.1449504,-7.404745,5.9068494,21.62607,3.3411417,-6.978557,-27.718311,4.2773128,-6.383748,4.3683734,5.7756476,-4.7282734,3.2867537,-19.852262,-15.629299,-13.425548,76.308205,-5.810794,-5.9618864
415,-5.162452697753906,207.58413696289062,105.31743621826172,3.2432748760811116,-5.554139894310341,86.70788842593825,-2.2711406,-4.302673,12.69989,-6.4049687,-12.10721,-0.92008823,15.167791,-10.596811,1.3082161,12.082816,5.1724167,27.736084,-2.9281127,-7.469322,5.9146423,21.225431,6.1036296,-6.380166,-25.492144,4.654559,-6.230316,4.241246,5.7886586,-5.1415224,3.2812207,-20.557096,-14.8607435,-13.141201,75.19555,-6.08736,-5.3162613
416,-5.218610763549805,208.2550048828125,105.33100128173828,3.070125304381269,-5.497479992769746,86.91691906865442,-2.4737816,-4.0559483,12.622271,-6.529108,-11.815189,-1.2795092,15.1397295,-10.54419,1.3020737,10.596012,5.1581163,26.822725,-2.7658796,-7.555637,5.8593,20.909538,8.746454,-5.634607,-22.866394,5.0279145,-6.0929537,4.1104136,5.7990527,-5.560587,3.2839446,-21.193502,-14.125454,-12.9340725,73.9187,-6.37986,-4.693988
417,-5.265913009643555,208.92919921875,105.33756256103516,2.9089514927707887,-5.4252947963122935,87.12844988115275,-2.6728692,-3.8207688,12.530694,-6.679582,-11.55693,-1.6646819,15.110888,-10.429745,1.3148614,8.9983225,5.271032,25.651564,-2.6621046,-7.6611924,5.711219,20.68602,11.239274,-4.6737914,-19.755342,5.3446846,-5.958654,3.965316,5.8892875,-6.018787,3.2845988,-21.767218,-13.41704,-12.7941885,72.46775,-6.700869,-4.091629
418,-5.288153648376465,209.5933380126953,105.33857727050781,2.7560028907161445,-5.338432195535128,87.34504090338892,-2.8681498,-3.5956984,12.425172,-6.851838,-11.323203,-2.0742798,15.08205,-10.265412,1.3458602,7.3133454,5.499176,24.282831,-2.6082954,-7.78279,5.483791,20.538431,13.623108,-3.4963784,-16.223558,5.602519,-5.8129516,3.8040216,6.0513177,-6.503913,3.2715747,-22.283518,-12.722917,-12.702356,70.84057,-7.045334,-3.4867368
419,-5.315951824188232,210.26467895507812,105.3365707397461,2.6140563356066826,-5.244506989654726,87.5633656346089,-3.0557542,-3.381553,12.314888,-7.0424285,-11.112049,-2.5032604,15.053953,-10.074245,1.4184577,5.521767,5.792302,22.811337,-2.601661,-7.916515,5.218097,20.465448,15.858955,-2.1799772,-12.423702,5.9084983,-5.684628,3.6483736,6.1096888,-6.94075,3.26341,-22.728233,-12.070682,-12.687944,69.0509,-7.381983,-2.903915
420,-5.338674068450928,210.94210815429688,105.33100128173828,2.4856800798852436,-5.150913750954628,87.78010600030065,-3.2334738,-3.17762,12.209526,-7.245811,-10.922604,-2.9443302,15.027386,-9.878349,1.5543437,3.5983188,6.09617,21.328318,-2.6391835,-8.056937,4.960512,20.466034,17.932262,-0.81709343,-8.493239,6.2691054,-5.5698004,3.5044968,6.068775,-7.332655,3.253258,-23.091623,-11.483272,-12.779688,67.11433,-7.6778393,-2.365932
421,-5.351037502288818,211.61341857910156,105.31819915771484,2.3682771048751636,-5.063883037777052,87.99662750850183,-3.4100978,-2.9854784,12.1148615,-7.45608,-10.754123,-3.390141,15.004746,-9.671246,1.7387702,1.5004654,6.4191093,19.84355,-2.748681,-8.204207,4.69339,20.603285,19.894802,0.5729371,-4.2623916,6.6345863,-5.4586287,3.3640685,6.0293007,-7.724725,3.2365978,-23.36259,-10.966938,-12.998052,65.02205,-7.9235106,-1.8608384
422,-5.363108158111572,212.2840118408203,105.3010482788086,2.263133592060568,-4.977715347413597,88.21367948355893,-3.5839615,-2.8050833,12.025009,-7.676858,-10.607371,-3.845118,14.9874,-9.447214,1.9641297,-0.74693835,6.798436,18.317545,-2.9223747,-8.356682,4.4089985,20.85716,21.717302,2.0491207,0.28837875,7.0398326,-5.3610015,3.230855,5.912306,-8.078389,3.2207065,-23.552599,-10.502214,-13.32061,62.76872,-8.133797,-1.3763931
423,-5.376772403717041,212.95921325683594,105.27276611328125,2.1720437248647517,-4.882715009277499,88.42699788056485,-3.7401376,-2.6375988,11.93055,-7.913,-10.484165,-4.3165994,14.974805,-9.224179,2.2607124,-3.06936,7.2188315,16.760912,-3.1091845,-8.50839,4.166869,21.104755,23.286762,3.5982788,4.813049,7.4134083,-5.276917,3.0956974,5.84415,-8.459407,3.207961,-23.674017,-10.068888,-13.715561,60.351727,-8.3011055,-0.93199044
424,-5.3819355964660645,213.6396942138672,105.24153900146484,2.0973723695247175,-4.769051724367636,88.63232310868305,-3.8681417,-2.48431,11.821238,-8.165394,-10.3836155,-4.8067107,14.966161,-9.014691,2.655693,-5.3951645,7.6598525,15.181488,-3.2632024,-8.653103,4.032147,21.230358,24.517504,5.167911,8.969362,7.74488,-5.2031703,2.9594345,5.821839,-8.864343,3.1933575,-23.744196,-9.6501465,-14.148463,57.781273,-8.426945,-0.54796994
425,-5.375042915344238,214.3196563720703,105.20174407958984,2.0408342711409535,-4.633324596218237,88.82851911330071,-3.9692225,-2.345186,11.691726,-8.434664,-10.305177,-5.316292,14.961289,-8.803226,3.1557658,-7.7522182,8.135415,13.545843,-3.3977823,-8.79035,4.007549,21.239697,25.352095,6.7381363,12.829132,8.044067,-5.140186,2.825281,5.8127675,-9.274195,3.1744313,-23.765179,-9.234012,-14.614221,55.03222,-8.547441,-0.26734048
426,-5.362392902374268,215.00344848632812,105.15564727783203,1.999812234836761,-4.480883315493068,89.01794569467125,-4.0528674,-2.220592,11.547644,-8.714507,-10.249122,-5.8376575,14.960463,-8.582181,3.741183,-10.161842,8.660174,11.860558,-3.5340157,-8.920264,4.0728993,21.18808,25.87054,8.278326,16.556437,8.326025,-5.089457,2.6936765,5.803362,-9.684956,3.1542706,-23.726446,-8.826237,-15.128578,52.1032,-8.648904,-0.062059697
427,-5.3476033210754395,215.7021484375,105.10662841796875,1.9764145663975008,-4.315546640216112,89.2012452481732,-4.1216865,-2.1109984,11.395471,-8.994112,-10.219247,-6.359074,14.963511,-8.376329,4.3991094,-12.548424,9.2042,10.190851,-3.6392577,-9.037604,4.255066,21.036253,26.228155,9.708793,19.941746,8.601305,-5.0562487,2.5633428,5.793749,-10.102397,3.1373248,-23.635195,-8.43397,-15.688363,49.040455,-8.654711,0.15125886
428,-5.328320503234863,216.39744567871094,105.04759216308594,1.969959411543034,-4.1410826910693315,89.37946694175442,-4.180451,-2.0162106,11.241633,-9.260828,-10.217829,-6.866435,14.971344,-8.209023,5.115659,-14.839995,9.72771,8.599605,-3.6827152,-9.136981,4.580157,20.74756,26.59697,10.963071,22.755705,8.864133,-5.0384994,2.4302404,5.784908,-10.516805,3.1240592,-23.499462,-8.060097,-16.292366,45.88227,-8.481112,0.45508823
429,-5.298650741577148,217.09765625,104.97832489013672,1.9877043427998107,-3.9548551723098906,89.5497577391314,-4.2159615,-1.9432399,11.085861,-9.516887,-10.248902,-7.3791757,14.985281,-8.076694,5.926106,-17.06025,10.216053,7.040402,-3.6375122,-9.216001,5.079884,20.294754,27.099178,11.991229,24.845211,9.117301,-5.0421414,2.2942588,5.7740936,-10.930877,3.1144614,-23.30983,-7.700755,-16.933956,42.584873,-8.082279,0.907212
430,-5.2614359855651855,217.79722595214844,104.89930725097656,2.0290000699859085,-3.756189685072257,89.71251401963434,-4.2349133,-1.8937783,10.9250555,-9.762097,-10.309496,-7.8892317,15.007105,-7.964589,6.819215,-19.240057,10.687733,5.4951253,-3.5324845,-9.277803,5.733606,19.711908,27.670055,12.831672,26.366772,9.354328,-5.0677333,2.155182,5.766218,-11.344578,3.10859,-23.067238,-7.345556,-17.611267,39.13792,-7.5057664,1.4583747
431,-5.2241411209106445,218.50552368164062,104.81240844726562,2.0867548073758537,-3.5525653145942084,89.87419204902496,-4.2677493,-1.8602903,10.762066,-9.984355,-10.39792,-8.349143,15.038923,-7.886593,7.715319,-21.323294,11.137168,4.0681915,-3.4181733,-9.326526,6.478383,19.051195,28.194105,13.557501,27.54831,9.590751,-5.110496,2.0140548,5.7576404,-11.761671,3.1063085,-22.786541,-6.9865565,-18.333172,35.62022,-6.8080115,2.0338767
432,-5.182478427886963,219.23141479492188,104.71549987792969,2.152805680088075,-3.3514969128353833,90.04197955217916,-4.3382173,-1.8365737,10.599252,-10.178666,-10.511915,-8.720732,15.083564,-7.8671455,8.542751,-23.25651,11.547222,2.8667693,-3.3364506,-9.36497,7.241681,18.355124,28.539429,14.240788,28.619783,9.841471,-5.157444,1.8718452,5.7478642,-12.188171,3.1001372,-22.47637,-6.619673,-19.111834,32.101875,-6.044791,2.559431
433,-5.132027626037598,219.9473876953125,104.61046600341797,2.23369269007516,-3.157065721389958,90.21849563577769,-4.443574,-1.8304709,10.4358,-10.360463,-10.661372,-9.007234,15.144667,-7.927029,9.325607,-25.112799,11.886276,1.901889,-3.277616,-9.391538,8.007539,17.598787,28.60286,14.870981,29.593494,10.091177,-5.2129035,1.7237843,5.7434244,-12.612211,3.0877485,-22.131315,-6.254431,-19.996843,28.557259,-5.1951876,2.9978564
434,-5.078176021575928,220.6784210205078,104.49740600585938,2.333490059522825,-2.9667819977116463,90.40202534766539,-4.566984,-1.8435122,10.27259,-10.537053,-10.841122,-9.235793,15.223874,-8.065851,10.096269,-26.90817,12.149768,1.1209627,-3.2145836,-9.404476,8.7953415,16.762526,28.480577,15.412468,30.373508,10.352441,-5.2854953,1.570526,5.741036,-13.045347,3.0751367,-21.744865,-5.877211,-20.967377,24.945766,-4.2340527,3.4019516
435,-5.0157880783081055,221.41993713378906,104.38031005859375,2.440226829177174,-2.779622435923045,90.59446530851343,-4.711913,-1.8630725,10.116452,-10.688689,-11.04118,-9.403371,15.319458,-8.273621,10.794514,-28.50039,12.351087,0.53413314,-3.1627996,-9.405526,9.587732,15.894253,28.332724,15.901245,31.02431,10.624085,-5.3571754,1.4107809,5.7376113,-13.483121,3.057425,-21.336329,-5.468227,-21.927116,21.34218,-3.223287,3.8260758
436,-4.954419136047363,222.16610717773438,104.25108337402344,2.547349823518017,-2.5971784463005245,90.80084678375309,-4.8830695,-1.8795074,9.975525,-10.7986145,-11.247279,-9.509859,15.426683,-8.54044,11.364877,-29.741869,12.50133,0.15094233,-3.1347692,-9.397847,10.3635,15.039325,28.317007,16.379745,31.608372,10.902079,-5.425166,1.2380348,5.737098,-13.922961,3.0405624,-20.906816,-5.0210133,-22.787392,17.797852,-2.2134326,4.3182
437,-4.903935432434082,222.9197998046875,104.11455535888672,2.66076199890006,-2.4143013745617234,91.03316948611524,-5.093708,-1.8939725,9.847873,-10.8585415,-11.457549,-9.549698,15.5422,-8.876315,11.786304,-30.533587,12.565735,0.025188131,-3.1302876,-9.383375,11.121225,14.199553,28.497114,16.863241,32.127228,11.181912,-5.50026,1.0375568,5.7365646,-14.362994,3.0326037,-20.489647,-4.5505095,-23.567362,14.319496,-1.1150615,4.8046494
438,-4.8521575927734375,223.67227172851562,103.96479034423828,2.8081918354538042,-2.2506944077064204,91.30607699458227,-5.35622,-1.9391603,9.740947,-10.882662,-11.67268,-9.52907,15.665383,-9.282228,12.0943,-30.973848,12.539295,0.12868051,-3.1385477,-9.363033,11.8679085,13.347281,28.787033,17.33564,32.54744,11.4800005,-5.6077547,0.7931666,5.735181,-14.799187,3.0328367,-20.142021,-4.15143,-24.283873,11.062268,-0.02770618,5.291631
439,-4.794703960418701,224.4325408935547,103.79549407958984,3.0232794754163415,-2.1434974653388816,91.62716221488354,-5.673873,-2.0530128,9.67522,-10.884562,-11.893859,-9.464418,15.794835,-9.731496,12.3167715,-31.206604,12.482662,0.34776843,-3.15849,-9.339281,12.595354,12.484718,29.117416,17.793781,32.87919,11.843945,-5.785663,0.49757633,5.731914,-15.239526,3.046896,-19.97606,-3.9847257,-24.825523,8.474301,0.6310773,5.946101
440,-4.728608131408691,225.20123291015625,103.60348510742188,3.306285579676818,-2.1105888899976377,91.98283427899727,-6.0297766,-2.2389193,9.66025,-10.875648,-12.126545,-9.37033,15.927063,-10.193472,12.4819565,-31.37311,12.454599,0.5661999,-3.1928897,-9.313412,13.297853,11.618077,29.420027,18.227365,33.134537,12.296104,-6.0336704,0.16599171,5.728423,-15.688972,3.0722563,-20.058931,-4.1317697,-25.09544,6.8701777,0.5153441,6.921372
441,-4.646790981292725,225.97348022460938,103.38207244873047,3.6714487905841935,-2.164998994183123,92.38693361645375,-6.4295325,-2.5132139,9.70125,-10.866073,-12.370002,-9.253766,16.049747,-10.657445,12.600237,-31.38313,12.454619,0.7655467,-3.2270515,-9.285243,13.971834,10.729424,29.688744,18.633953,33.277466,12.847568,-6.361169,-0.2176608,5.7244263,-16.144693,3.1075602,-20.227993,-4.5631776,-25.129549,5.9480033,-0.47513717,8.488709
442,-4.549441337585449,226.7482452392578,103.1370620727539,4.063676957021431,-2.2776122296376977,92.81337525252069,-6.835332,-2.806191,9.798382,-10.860468,-12.642324,-9.107268,16.121347,-11.077813,12.649532,-31.135262,12.485235,0.943896,-3.2307467,-9.258077,14.53931,9.769947,29.916763,19.05096,33.361603,13.464776,-6.7018046,-0.6225627,5.725135,-16.608442,3.1383343,-20.431192,-5.1389823,-25.016903,5.484817,-2.0667636,10.469894
443,-4.477529048919678,227.5339813232422,102.89448547363281,4.424196740950473,-2.3787109296369673,93.18832411559657,-7.217477,-3.0663586,9.874686,-10.81708,-12.923255,-8.928549,16.202703,-11.5544405,12.668021,-30.931255,12.50068,1.178671,-3.3134165,-9.226457,15.162315,8.904457,30.166998,19.392475,33.379417,14.07902,-7.020118,-0.9803356,5.728842,-17.081999,3.175084,-20.72436,-5.72781,-24.728851,5.441493,-3.757129,12.30476
444,-4.422734260559082,228.3017120361328,102.6789321899414,4.631762055940295,-2.41976475855131,93.43125829873416,-7.4872503,-3.1559026,9.956801,-10.73939,-13.270918,-8.691877,16.268612,-11.985241,12.587028,-30.901567,12.580032,1.373644,-3.4338162,-9.198059,15.6973,8.044553,30.348557,19.731237,33.497868,14.630636,-7.1790056,-1.1870408,5.737989,-17.557806,3.1818435,-20.91828,-6.028262,-24.20955,5.392583,-4.74971,13.268243
445,-4.378466606140137,229.05374145507812,102.49566650390625,4.691848934168138,-2.376501128981796,93.50200377540655,-7.6205177,-3.0740817,10.003093,-10.598028,-13.666189,-8.428608,16.328861,-12.442966,12.471796,-31.197454,12.692992,1.6106182,-3.6799567,-9.171996,16.245163,7.322186,30.491138,19.991156,33.706272,15.096488,-7.19377,-1.2077682,5.7519407,-18.041864,3.1567073,-21.152138,-6.0900025,-23.298458,5.6427655,-5.012382,13.102949
446,-4.331375598907471,229.80892944335938,102.34192657470703,4.642703332647463,-2.272491054713875,93.44157337598398,-7.64056,-2.864553,10.039183,-10.417217,-14.120359,-8.132743,16.377234,-12.893448,12.290802,-31.668638,12.8527,1.8587769,-3.9879663,-9.148152,16.745226,6.6413813,30.578844,20.216618,33.984924,15.508403,-7.099347,-1.0819768,5.7712216,-18.540188,3.101177,-21.518522,-6.014223,-21.967768,6.3783126,-4.769882,12.066459
447,-4.303109645843506,230.58212280273438,102.21002197265625,4.484733519831703,-2.1226013183990573,93.30968158555415,-7.6084437,-2.5364387,10.056298,-10.210453,-14.575046,-7.787494,16.408295,-13.338673,12.069477,-32.17903,13.010183,2.0600832,-4.3375535,-9.127453,17.205435,6.0179505,30.668587,20.417465,34.27465,15.887227,-6.899396,-0.8577345,5.798366,-19.050318,3.0289323,-21.910973,-5.7519417,-20.360697,7.285597,-3.8337636,10.332513
448,-4.257242679595947,231.35752868652344,102.14881896972656,4.223877611287194,-1.964809337543274,93.18140758933775,-7.6028523,-2.1097124,10.063591,-9.996108,-14.971939,-7.381067,16.430954,-13.816495,11.838649,-32.62808,13.09807,2.191955,-4.7087154,-9.106918,17.668196,5.4706383,30.837858,20.583988,34.471912,16.25809,-6.5649567,-0.591948,5.8304534,-19.540005,2.9190023,-22.08672,-5.259447,-18.740646,7.84169,-2.038942,8.147846
449,-4.226994514465332,232.1595001220703,102.119873046875,3.817611478547642,-1.810261610144357,93.04150069654284,-7.6070595,-1.5400801,10.106415,-9.775754,-15.353286,-6.8829207,16.42996,-14.255662,11.533909,-32.996616,13.161706,2.2031033,-5.077244,-9.090078,18.054497,4.924349,31.035042,20.819004,34.649403,16.658346,-6.074054,-0.24760424,5.873048,-20.00928,2.784479,-22.154741,-4.550904,-17.192232,8.342815,0.30977854,5.6688128
450,-4.219783306121826,232.9960174560547,102.10447692871094,3.2722949346464114,-1.6522866140392405,92.87504293304433,-7.6015196,-0.8275206,10.156393,-9.548853,-15.710587,-6.343752,16.400393,-14.740948,11.227776,-33.369934,13.174627,2.1679282,-5.4801526,-9.07545,18.440828,4.4447837,31.281132,21.050236,34.766327,17.075773,-5.434056,0.18928806,5.9291115,-20.415825,2.6198306,-22.194052,-3.674916,-15.841651,8.981232,2.646615,3.1643648
451,-4.195758819580078,233.84559631347656,102.11051940917969,2.66249973169604,-1.4900474419716128,92.7586181836885,-7.642351,-0.051648006,10.198121,-9.327901,-15.998416,-5.745701,16.33646,-15.179106,10.883922,-33.57663,13.199042,1.9924378,-5.8384047,-9.063012,18.716324,3.9607604,31.549452,21.252378,34.855434,17.491735,-4.697176,0.6235816,5.997571,-20.68667,2.4243538,-22.18203,-2.7500687,-14.852785,9.609296,4.538705,0.9641356
452,-4.146984100341797,234.70394897460938,102.14324188232422,2.0653477955556507,-1.3097155944426424,92.76120925729528,-7.7759166,0.70565677,10.173916,-9.140496,-16.13951,-5.1325645,16.233353,-15.61577,10.577137,-33.510098,13.217934,1.6642976,-6.1196547,-9.043299,18.88847,3.502457,31.867403,21.322264,34.860916,17.87458,-3.9216301,0.9576137,6.077324,-20.744967,2.2037394,-22.117767,-1.8859615,-14.276587,10.079442,5.8195777,-0.75660795
453,-4.060275554656982,235.5898895263672,102.18772888183594,1.4987303569818946,-1.0794254344428034,92.94196633927339,-8.047424,1.4162077,10.038718,-9.005324,-16.073298,-4.4939036,16.097805,-16.052454,10.307448,-33.07699,13.2215395,1.138574,-6.2925925,-9.002426,18.949814,3.0740297,32.187454,21.22077,34.816647,18.19224,-3.10003,1.1248862,6.1646285,-20.539469,1.953319,-21.993341,-1.1033089,-14.073326,10.318832,6.603593,-2.0350747
454,-3.9660558700561523,236.5001983642578,102.24520111083984,0.8912693650944731,-0.7972555200697086,93.24295522276992,-8.421649,2.1570344,9.825609,-8.893882,-15.852222,-3.809101,15.948511,-16.482365,10.039108,-32.37626,13.201942,0.45316482,-6.3998504,-8.936868,18.92072,2.689576,32.512203,20.99385,34.73455,17.719296,-2.154503,1.0400989,7.679148,-20.751257,1.663206,-21.940212,-0.29026783,-14.142628,10.458664,7.0227094,-2.9925895
455,-3.881417989730835,237.43357849121094,102.29428100585938,0.2723607484774416,-0.5088309699055685,93.56800999241945,-8.818822,2.9187603,9.59882,-8.777873,-15.574864,-3.1094637,15.780815,-16.914968,9.781581,-31.56093,13.173483,-0.30746618,-6.4808116,-8.850711,18.779076,2.3431187,32.9125,20.701185,34.563026,16.713945,-1.1753647,0.78677714,10.234861,-21.184376,1.3623465,-21.754383,0.5268652,-14.4171715,10.470616,7.046932,-3.6205592
456,-3.804508924484253,238.36390686035156,102.34303283691406,-0.33710235668398736,-0.25785161369498266,93.81798038682213,-9.152412,3.6996977,9.420558,-8.634437,-15.341552,-2.4302251,15.582932,-17.356268,9.547623,-30.77591,13.157724,-1.0666208,-6.5691066,-8.754698,18.494059,2.0189571,33.46007,20.4041,34.25369,15.811967,-0.24269408,0.5650041,12.583199,-21.16146,1.075617,-21.510601,1.3211049,-14.754661,10.509465,6.7713556,-4.010663
457,-3.7387077808380127,239.26165771484375,102.43360900878906,-0.9258450731668297,-0.03503117491448338,93.97493435011452,-9.401225,4.4949946,9.276141,-8.459364,-15.138007,-1.7921371,15.341703,-17.82104,9.363969,-30.002542,13.153645,-1.8538144,-6.669294,-8.662994,18.051952,1.700025,34.159725,20.123085,33.812233,15.069124,0.6217073,0.37989634,14.681502,-20.757498,0.8114624,-21.197237,2.0675385,-15.111881,10.605498,6.2468305,-4.23554
458,-3.685183525085449,240.13607788085938,102.53351593017578,-1.495227739097338,0.17772836932726901,94.08180185900005,-9.594794,5.299818,9.136262,-8.27544,-14.926022,-1.1905222,15.051793,-18.314041,9.235256,-29.174585,13.146274,-2.698331,-6.750087,-8.579082,17.465433,1.3837825,34.986523,19.816473,33.25607,14.309219,1.4376894,0.15838824,16.8119,-20.179564,0.55865926,-20.694666,2.788609,-15.507098,10.489774,5.6826897,-4.3527246
459,-3.6547932624816895,241.0067138671875,102.62722778320312,-2.017487069684364,0.3377775306547661,94.13380171103609,-9.731152,6.0776772,9.041825,-8.096618,-14.767915,-0.61300856,14.715355,-18.81709,9.136181,-28.363373,13.1463995,-3.5264719,-6.8011665,-8.4962845,16.74516,1.0852911,35.96139,19.453827,32.556713,13.60355,2.1642118,-0.035322446,18.907785,-19.433683,0.33277646,-20.185917,3.4412246,-15.8521805,10.459096,5.0508466,-4.412446
460,-3.625441312789917,241.8743896484375,102.72357177734375,-2.4653517240408696,0.39970541718576696,94.13066488827445,-9.815824,6.79053,9.036939,-7.9330535,-14.725817,-0.036465984,14.340272,-19.305891,9.030748,-27.64356,13.169585,-4.2645507,-6.820283,-8.398631,15.906234,0.8262202,37.10065,19.000813,31.688026,12.948291,2.7673254,-0.15019193,21.065603,-18.604006,0.15341017,-19.62337,4.0042186,-16.111345,10.518341,4.38918,-4.4246817
461,-3.587470293045044,242.7075653076172,102.83525085449219,-2.827650514270245,0.32220955408826024,94.02181184439245,-9.823379,7.4359145,9.159511,-7.771698,-14.86372,0.5701973,13.92491,-19.758062,8.9097595,-27.088991,13.229997,-4.9035797,-6.831047,-8.271354,14.930815,0.63732296,38.43589,18.475689,30.677889,12.380649,3.2111263,-0.10831255,23.334507,-17.757143,0.04703234,-18.882504,4.5114284,-16.25851,10.465493,3.8231184,-4.383829
462,-3.538639545440674,243.52259826660156,102.95297241210938,-3.1220182213126884,0.13958111001608733,93.82392960067183,-9.767833,8.030964,9.370272,-7.6065164,-15.130782,1.1992954,13.467563,-20.182259,8.784259,-26.639734,13.321363,-5.4809465,-6.8485823,-8.106282,13.826616,0.5195847,39.93075,17.873966,29.53874,11.873701,3.5371683,0.055401236,25.682186,-16.876415,0.006102685,-18.03815,4.9658237,-16.321117,10.397488,3.273981,-4.296894
463,-3.470705032348633,244.3449249267578,103.07178497314453,-3.3599325671905103,-0.08317031081000975,93.64102597075194,-9.719154,8.560592,9.604804,-7.455368,-15.415089,1.8223948,12.985356,-20.595898,8.640244,-26.176037,13.430462,-5.9895415,-6.8624763,-7.895336,12.652507,0.4514355,41.496117,17.122559,28.223547,11.310955,3.8180363,0.20966937,28.128149,-15.848285,-0.003399431,-17.18583,5.346742,-16.379145,10.4071245,2.6748185,-4.1999564
464,-3.3845114707946777,245.16954040527344,103.1941146850586,-3.549821372222388,-0.2823897397618944,93.57814606033561,-9.751693,9.000116,9.806765,-7.329407,-15.605947,2.420841,12.509897,-21.013884,8.448864,-25.589605,13.542847,-6.4158425,-6.8592777,-7.63252,11.472855,0.40834334,43.040707,16.145351,26.690733,10.58118,4.110056,0.22024435,30.689117,-14.650545,-0.025656559,-16.356787,5.6500034,-16.523216,10.422906,2.0584042,-4.127672
465,-3.2586092948913574,245.98977661132812,103.32740783691406,-3.670021273060372,-0.4493805119477061,93.67765067010633,-9.908583,9.30867,9.971794,-7.224752,-15.679729,3.031046,12.07127,-21.434093,8.163059,-24.888973,13.668013,-6.707413,-6.8146334,-7.3056417,10.313323,0.3617805,44.57441,14.873455,24.89541,9.631951,4.3937497,0.03480417,33.423805,-13.221755,-0.052769065,-15.534356,5.8632703,-16.792015,10.390732,1.4473412,-4.1028514
466,-3.0890707969665527,246.7914276123047,103.46833801269531,-3.722571538172636,-0.6169020919796329,93.87851636590297,-10.151455,9.497713,10.135707,-7.124482,-15.697244,3.6726656,11.681732,-21.849201,7.773881,-24.14604,13.811086,-6.871612,-6.7550197,-6.906207,9.154376,0.33783475,46.10178,13.338258,22.896395,8.532049,4.631317,-0.27030155,36.30359,-11.572619,-0.0881169,-14.686306,6.011792,-17.141582,10.294783,0.86037606,-4.1122866
467,-2.8977160453796387,247.56507873535156,103.60430145263672,-3.750503998803479,-0.7838295715688081,94.1296272995098,-10.427129,9.620193,10.304541,-7.023484,-15.678077,4.2949347,11.344326,-22.269821,7.313647,-23.345968,13.949075,-6.9873805,-6.730604,-6.4417067,7.9837003,0.38159811,47.53049,11.622846,20.802912,7.3326106,4.845192,-0.64931595,39.24412,-9.838956,-0.19232956,-13.828971,6.147215,-17.533873,10.143343,0.30967534,-4.1381373
468,-2.7266762256622314,248.32069396972656,103.72920989990234,-3.793571840993278,-0.9486998401346264,94.38173530593633,-10.679469,9.731175,10.484238,-6.9222083,-15.642983,4.837963,11.054465,-22.711874,6.8253784,-22.471949,14.056238,-7.136184,-6.7849207,-5.9329576,6.7849216,0.5306299,48.79021,9.818668,18.704737,6.0843897,5.0655293,-1.0610064,42.171238,-8.163548,-0.407543,-12.960884,6.304288,-17.929958,9.93521,-0.19712359,-4.145368
469,-2.5554025173187256,249.05654907226562,103.8365478515625,-3.8649153274770685,-1.0938551895322024,94.65164136456242,-10.911915,9.848109,10.669558,-6.8189797,-15.592283,5.280279,10.809848,-23.199081,6.303853,-21.49855,14.118617,-7.314928,-6.9134593,-5.392662,5.5444503,0.75508064,49.918316,7.896062,16.591692,4.7255287,5.3033485,-1.5889815,45.16165,-6.570224,-0.7461788,-12.113662,6.5047593,-18.347662,9.691779,-0.67314994,-4.1469417
470,-2.3976991176605225,249.7799835205078,103.93053436279297,-3.940442252258037,-1.2262757854207436,94.95539300888915,-11.137229,9.943517,10.860209,-6.724185,-15.520773,5.6430593,10.611027,-23.730558,5.7395887,-20.445559,14.149817,-7.487275,-7.09281,-4.823408,4.2687316,1.0326761,50.935074,5.822884,14.418816,3.2445006,5.531764,-2.2351918,48.245193,-4.9979525,-1.1791395,-11.307825,6.696338,-18.790556,9.485227,-1.1586175,-4.1354666
471,-2.2531111240386963,250.4884033203125,104.01425170898438,-4.008366134119266,-1.380015048324049,95.24244213553831,-11.315011,10.007705,11.069394,-6.65718,-15.433923,5.9273276,10.452564,-24.279749,5.1739664,-19.358562,14.164316,-7.68918,-7.3351736,-4.2383866,2.9716723,1.4105501,51.763466,3.696394,12.200594,1.7643952,5.7451277,-2.8333344,51.279476,-3.4587915,-1.6629009,-10.50835,6.8752832,-19.21037,9.313356,-1.6496586,-4.108494
472,-2.109621286392212,251.18858337402344,104.0890121459961,-4.0613568471273505,-1.5884500912509343,95.46282182542733,-11.408166,10.033991,11.309812,-6.635016,-15.336763,6.136911,10.323696,-24.814116,4.648873,-18.278011,14.176336,-7.9599915,-7.6493464,-3.659928,1.6709834,1.9337282,52.33667,1.6176286,9.936964,0.40589952,5.958423,-3.213196,54.123722,-1.9632385,-2.141957,-9.68126,7.046667,-19.560514,9.1858835,-2.1557422,-4.070246
473,-1.973117709159851,251.8619842529297,104.15132141113281,-4.101505446672923,-1.8842349723586265,95.60654834269036,-11.410615,10.031064,11.61517,-6.6678004,-15.258457,6.2450166,10.213671,-25.32947,4.1677146,-17.139631,14.182679,-8.339025,-8.04402,-3.105096,0.3752399,2.5856261,52.656796,-0.4482504,7.5335183,-0.78589433,6.202952,-3.323515,56.770653,-0.40890363,-2.6845927,-8.815063,7.2004967,-19.832031,9.137799,-2.687732,-4.01371
474,-1.8388386964797974,252.5137939453125,104.21235656738281,-4.1332274604527015,-2.241132031107248,95.69927015575422,-11.341804,10.008883,11.967825,-6.745411,-15.1863985,6.256022,10.116747,-25.834736,3.7180738,-15.937822,14.173764,-8.803065,-8.508897,-2.5823104,-0.91655743,3.3463013,52.756924,-2.5290802,4.982643,-1.8904378,6.4936256,-3.2593472,59.31094,1.1684607,-3.2604816,-7.854432,7.36887,-20.060963,9.000612,-3.1651437,-3.9450343
475,-1.707474946975708,253.15516662597656,104.26722717285156,-4.153725842466029,-2.60409481059447,95.74490597882556,-11.204521,9.963673,12.303939,-6.8534217,-15.064048,6.2190914,10.029623,-26.314323,3.3196588,-14.799441,14.156952,-9.299294,-9.0197,-2.1041946,-2.200624,4.2506514,52.633957,-4.506839,2.4070876,-2.9581282,6.833814,-3.053121,61.715565,2.5675418,-3.6658657,-6.8931413,7.535983,-20.240133,8.848509,-3.6212974,-3.874166
476,-1.5710515975952148,253.8042755126953,104.3199691772461,-4.160671126321279,-2.9181284555412534,95.74709048082042,-11.003664,9.8903885,12.5612955,-6.97503,-14.835981,6.1874475,9.950426,-26.74884,2.9890711,-13.852127,14.142829,-9.776551,-9.547629,-1.6848263,-3.4687567,5.3319993,52.308876,-6.2665253,-0.067908145,-4.0378895,7.221406,-2.729208,63.954903,3.577515,-3.7083707,-5.961717,7.7141614,-20.370817,8.630945,-4.0333676,-3.8159518
477,-1.4383089542388916,254.4627685546875,104.37178802490234,-4.152009241589439,-3.1706842276065754,95.6898327446193,-10.721596,9.787199,12.7192745,-7.111264,-14.462446,6.1613503,9.877039,-27.125217,2.7532148,-13.136724,14.1258545,-10.263504,-10.091296,-1.3416305,-4.736217,6.638728,51.682476,-7.820725,-2.4576013,-5.1407914,7.702658,-2.202291,66.03992,4.093655,-3.2423468,-5.073936,7.8979716,-20.43514,8.346045,-4.395246,-3.76884
478,-1.3035696744918823,255.12313842773438,104.42144012451172,-4.130484277765808,-3.390877850752437,95.57614309410762,-10.3624325,9.66123,12.813399,-7.2692795,-13.982749,6.1165934,9.806892,-27.453205,2.5983737,-12.581347,14.105378,-10.776114,-10.651071,-1.0833342,-5.9942894,8.128562,50.807396,-9.200541,-4.842027,-6.2339187,8.279588,-1.4830323,67.98165,4.2308087,-2.4014935,-4.204532,8.088023,-20.438915,8.005267,-4.715039,-3.7307913
479,-1.158485770225525,255.7957000732422,104.46890258789062,-4.092014779152184,-3.586157884473964,95.43704256269847,-9.966713,9.5130005,12.864793,-7.439879,-13.451769,6.072014,9.739658,-27.744257,2.4787333,-12.14346,14.103084,-11.2451515,-11.202043,-0.9073416,-7.196605,9.703423,49.948208,-10.332722,-7.172651,-7.3014803,8.859815,-0.74009556,69.74485,4.112939,-1.4326745,-3.34863,8.272954,-20.412947,7.6380987,-5.0208845,-3.6996925
480,-1.0123076438903809,256.46563720703125,104.51123809814453,-4.033782856753085,-3.7636990054752646,95.3059599489936,-9.580337,9.342349,12.894704,-7.6078587,-12.928981,6.05088,9.677384,-28.006075,2.3437183,-11.779774,14.142019,-11.601663,-11.726735,-0.80374575,-8.293655,11.2741995,49.375027,-11.164264,-9.381347,-8.335694,9.34017,-0.14180656,71.294495,3.8749561,-0.58766925,-2.5434315,8.420983,-20.385729,7.3304515,-5.3509316,-3.666307
481,-0.8733529448509216,257.1377868652344,104.55323791503906,-3.953568730042329,-3.922236769823844,95.19215277480988,-9.221823,9.13919,12.898836,-7.770876,-12.385592,6.068973,9.622302,-28.221975,2.1798356,-11.487952,14.251505,-11.829991,-12.240504,-0.7702144,-9.2862835,12.906898,49.21874,-11.670109,-11.453308,-9.338371,9.690505,0.28629634,72.623184,3.461445,0.08034436,-1.7655442,8.53133,-20.367994,7.040084,-5.6876397,-3.625258
482,-0.7212748527526855,257.80755615234375,104.59268188476562,-3.85128719712713,-4.058497169166109,95.07832377392411,-8.871503,8.9017515,12.869183,-7.9299874,-11.805128,6.1167774,9.5754385,-28.386934,2.0089896,-11.286602,14.414997,-11.967204,-12.746376,-0.80914754,-10.188515,14.624905,49.344334,-11.911199,-13.412759,-10.313276,9.94258,0.62451947,73.74796,2.8366084,0.6775288,-1.020746,8.620048,-20.344019,6.760067,-6.025239,-3.5912297
483,-0.5774295330047607,258.488037109375,104.63117218017578,-3.7294754296813935,-4.175473194213798,94.95843989769895,-8.517774,8.64326,12.82102,-8.074159,-11.265059,6.1777897,9.538144,-28.528568,1.8342065,-11.166871,14.585148,-12.02073,-13.212982,-0.912344,-10.973828,16.283478,49.62347,-11.966767,-15.237255,-11.268916,10.08442,0.8674723,74.68386,2.1648054,1.1983391,-0.30662605,8.673141,-20.312092,6.509742,-6.375662,-3.5459902
484,-0.44156020879745483,259.162353515625,104.6696548461914,-3.5905668166983067,-4.276766619718828,94.82657304446764,-8.150386,8.377207,12.77041,-8.189693,-10.843427,6.2360754,9.513289,-28.674376,1.6567883,-11.120809,14.714376,-11.9967785,-13.612266,-1.0661708,-11.617507,17.742474,49.916344,-11.901609,-16.900116,-12.212121,10.110994,1.0133067,75.445145,1.6093936,1.643131,0.38475654,8.697772,-20.27177,6.2596893,-6.7141013,-3.4895103
485,-0.3063139021396637,259.8339538574219,104.70881652832031,-3.432933343522536,-4.363246273585888,94.67742454112044,-7.7643366,8.100155,12.721244,-8.267003,-10.556475,6.292047,9.505215,-28.834478,1.4708638,-11.183633,14.796477,-11.856817,-13.944862,-1.2649435,-12.100727,18.969454,50.323784,-11.630335,-18.510963,-13.144592,10.009767,1.0624796,76.026474,1.2155654,2.0167644,1.0640985,8.699216,-20.223349,5.9937797,-7.035062,-3.4228384
486,-0.17951186001300812,260.5089111328125,104.74810791015625,-3.2540953188599806,-4.433099980732821,94.51601667405048,-7.3690915,7.805065,12.666518,-8.311285,-10.36452,6.3546805,9.51677,-28.994097,1.2730542,-11.351644,14.853839,-11.60692,-14.228221,-1.5082521,-12.442826,20.04801,50.883656,-11.157506,-20.040531,-14.063706,9.783049,1.0215815,76.42484,0.89848137,2.3166618,1.6904681,8.6533575,-20.165419,5.803027,-7.386272,-3.3413458
487,-0.04501476511359215,261.16876220703125,104.78056335449219,-3.062458504823122,-4.48523020974783,94.35209517670597,-6.973678,7.4996862,12.605055,-8.330301,-10.267327,6.420212,9.547648,-29.143255,1.0695641,-11.555735,14.882953,-11.321036,-14.456009,-1.7871177,-12.684925,21.006332,51.34329,-10.652787,-21.242613,-14.9647045,9.452513,0.9005204,76.64657,0.6309587,2.5348394,2.1976814,8.559288,-20.094639,5.8002324,-7.8182893,-3.2627132
488,0.09459821879863739,261.8277893066406,104.81183624267578,-2.8619810578208265,-4.518849091740367,94.1947672074062,-6.584832,7.1920233,12.5357065,-8.334434,-10.2646055,6.4827,9.595056,-29.273424,0.8695462,-11.724823,14.8817005,-11.073459,-14.61566,-2.0853636,-12.87799,21.86636,51.433487,-10.26699,-21.861223,-15.849574,9.040186,0.70544326,76.71308,0.3768733,2.6638417,2.6825752,8.455396,-20.024942,5.7988057,-8.248742,-3.1893384
489,0.22923006117343903,262.477783203125,104.84082794189453,-2.6558670647350824,-4.529703360935319,94.03819865897083,-6.1944222,6.883069,12.457475,-8.32224,-10.378261,6.5400734,9.657629,-29.385042,0.6788693,-11.860728,14.832187,-10.8681965,-14.695513,-2.3943532,-13.055129,22.631977,50.93363,-9.983771,-21.68426,-16.728607,8.527965,0.41265726,76.62849,0.15344723,2.6868572,3.135155,8.338783,-19.948166,5.797557,-8.668839,-3.1187732
490,0.3515000343322754,263.14349365234375,104.86614990234375,-2.4397426441851673,-4.52001268259484,93.88054052389498,-5.797881,6.5674186,12.37155,-8.295278,-10.601104,6.591731,9.735083,-29.48574,0.49537203,-11.991513,14.742416,-10.670837,-14.699094,-2.7094798,-13.204629,23.285082,50.013477,-9.734639,-20.881725,-17.59379,7.9138103,0.030532254,76.38093,-0.029170068,2.6154704,3.571984,8.200041,-19.867867,5.7994523,-9.092724,-3.0393388
491,0.48765814304351807,263.8069152832031,104.88768005371094,-2.2136878321125053,-4.4979750686362765,93.73729463214879,-5.410103,6.243181,12.280314,-8.2645035,-10.890317,6.6337886,9.82526,-29.573126,0.3144878,-12.083529,14.651284,-10.499447,-14.639176,-3.0181086,-13.306006,23.811815,48.986263,-9.5863285,-19.772617,-18.421806,7.245781,-0.38949218,75.966064,-0.21546637,2.484809,3.9940617,8.055526,-19.799175,5.8011365,-9.516797,-2.9676845
492,0.6261612176895142,264.471923828125,104.9061050415039,-1.9788324881094896,-4.471628246108409,93.62383140932639,-5.049097,5.907813,12.18696,-8.23824,-11.198275,6.667264,9.924559,-29.639683,0.12926434,-12.100949,14.598137,-10.373101,-14.526558,-3.3033864,-13.338333,24.196077,48.165054,-9.586818,-18.680386,-19.18844,6.5717053,-0.79625154,75.3775,-0.44904542,2.3295221,4.4153423,7.899856,-19.75944,5.802461,-9.945139,-2.8943572
493,0.7574533224105835,265.14141845703125,104.92229461669922,-1.7322136766619822,-4.445780700966284,93.55130212977166,-4.7243333,5.5557942,12.097914,-8.21312,-11.540927,6.689795,10.031581,-29.679588,-0.06684888,-11.999723,14.601859,-10.305964,-14.349027,-3.5523982,-13.289691,24.417608,47.591995,-9.813566,-17.56921,-19.889833,5.865986,-1.2283677,74.60598,-0.7494003,2.1310453,4.8460155,7.7246337,-19.760088,5.800585,-10.378911,-2.8115036
494,0.8964232206344604,265.8161315917969,104.936767578125,-1.474328639545044,-4.415634800385306,93.50907180949625,-4.4308033,5.188172,12.011153,-8.181433,-11.931585,6.708549,10.146296,-29.68828,-0.2733249,-11.805048,14.639874,-10.28721,-14.1079855,-3.7622437,-13.17403,24.488665,47.111008,-10.2206135,-16.311535,-20.536385,5.1213536,-1.6954805,73.65593,-1.0904179,1.8848059,5.2762637,7.5395865,-19.789652,5.7998576,-10.8201275,-2.7293715
495,1.0318366289138794,266.49053955078125,104.95228576660156,-1.2117170677058888,-4.374628876877895,93.47990930262033,-4.1638446,4.810155,11.916186,-8.140993,-12.329871,6.7357507,10.266568,-29.66067,-0.48438263,-11.583891,14.690529,-10.29839,-13.833642,-3.9350264,-13.012623,24.438105,46.73192,-10.644804,-15.091398,-21.131142,4.407831,-2.1054654,72.54767,-1.450923,1.6426262,5.6957073,7.346205,-19.832954,5.797215,-11.25868,-2.6443412
496,1.1804327964782715,267.16064453125,104.96004486083984,-0.9505237465664085,-4.315653040332574,93.44688936965407,-3.9176939,4.427844,11.801754,-8.091702,-12.6917305,6.782198,10.38851,-29.592909,-0.6924303,-11.402986,14.731856,-10.320996,-13.554793,-4.0755534,-12.824894,24.29576,46.459923,-10.920565,-14.091763,-21.677076,3.7901554,-2.3653457,71.29081,-1.800798,1.4522392,6.091044,7.162516,-19.87315,5.7947183,-11.693375,-2.570042
497,1.3135489225387573,267.8434143066406,104.96697235107422,-0.685761295014349,-4.238917939386732,93.40679264109303,-3.6890647,4.0386705,11.666116,-8.044685,-13.010019,6.8470564,10.508405,-29.478025,-0.8902154,-11.263197,14.763404,-10.37731,-13.264754,-4.1832814,-12.6067915,24.01667,46.345005,-10.985877,-13.38463,-22.169619,3.2664645,-2.460961,69.87211,-2.1421192,1.2869769,6.4767494,6.9656186,-19.912521,5.7860155,-12.124366,-2.4847355
498,1.450566053390503,268.5284423828125,104.96895599365234,-0.41534052580400294,-4.147065759611093,93.36849824529308,-3.4814827,3.6408398,11.513561,-7.9969406,-13.305519,6.9248257,10.624595,-29.318634,-1.0801497,-11.131237,14.795123,-10.470588,-12.952289,-4.257343,-12.350913,23.60204,46.363327,-10.9278965,-12.86395,-22.607101,2.8008332,-2.4374337,68.282196,-2.4814546,1.1270754,6.8425727,6.762292,-19.956078,5.7852254,-12.558078,-2.4006307
499,1.578882098197937,269.2174072265625,104.96475982666016,-0.15105658920909618,-4.036767148523716,93.33340742668851,-3.297317,3.2420905,11.341713,-7.928595,-13.578232,7.017806,10.736353,-29.129255,-1.2662295,-11.024238,14.819772,-10.553241,-12.635267,-4.3056483,-12.073384,23.149012,46.40731,-10.805189,-12.4430065,-23.005976,2.403203,-2.2931767,66.555954,-2.8080869,1.0264671,7.1919146,6.561544,-20.0013,5.779647,-12.987367,-2.313748
500,1.6882410049438477,269.9184265136719,104.95713806152344,0.0962283950683148,-3.9047162845573653,93.30305858903753,-3.135223,2.8518434,11.147362,-7.82351,-13.829386,7.1236773,10.843632,-28.930063,-1.4497226,-10.962006,14.829696,-10.5763855,-12.330488,-4.3409743,-11.794309,22.754265,46.374416,-10.677385,-12.033899,-23.390291,2.081896,-2.0297546,64.740906,-3.1173434,1.0379049,7.523688,6.369726,-20.045954,5.7741647,-13.418349,-2.219512
501,1.7874654531478882,270.6235046386719,104.9437255859375,0.3259258201995825,-3.745297207563393,93.28331992751612,-2.9977424,2.4688427,10.920129,-7.673606,-14.0563,7.24133,10.947144,-28.727245,-1.6214586,-10.970292,14.816629,-10.5297785,-12.034465,-4.371189,-11.51181,22.431261,46.219883,-10.550516,-11.632584,-23.765095,1.8521783,-1.6145855,62.834724,-3.4180195,1.1905178,7.8262677,6.193126,-20.091583,5.7676015,-13.847112,-2.1266773
502,1.8955574035644531,271.3265075683594,104.9211654663086,0.543385441256358,-3.562024293066507,93.27195653352813,-2.8811529,2.091261,10.663455,-7.492882,-14.258526,7.3681507,11.046719,-28.516518,-1.7801875,-11.0353775,14.785533,-10.437179,-11.738003,-4.397694,-11.217534,22.1327,46.012142,-10.397489,-11.279365,-24.119598,1.6888274,-1.0565754,60.818466,-3.709689,1.4374799,8.099507,6.0371695,-20.136576,5.759588,-14.273232,-2.0458877
503,1.9922865629196167,272.02532958984375,104.89021301269531,0.7473306953854392,-3.364685744372433,93.2578124145651,-2.7730365,1.7268395,10.394518,-7.3004236,-14.436831,7.4973,11.140753,-28.304409,-1.9376433,-11.117705,14.748705,-10.300159,-11.451468,-4.4244976,-10.923617,21.86557,45.818474,-10.226823,-10.952778,-24.42502,1.5462965,-0.4144351,58.68246,-3.9715114,1.7202998,8.354427,5.8898554,-20.17421,5.750722,-14.692497,-1.9619088
504,2.081432819366455,272.72607421875,104.85399627685547,0.9338169220422863,-3.1628722676664385,93.22942112079765,-2.657373,1.3862896,10.1307125,-7.1186438,-14.593926,7.618632,11.226548,-28.101524,-2.102383,-11.178448,14.717657,-10.120408,-11.182188,-4.4557743,-10.646197,21.635664,45.70808,-10.046391,-10.630096,-24.683558,1.3875084,0.24436033,56.446163,-4.183457,1.9909185,8.6030445,5.7567706,-20.196215,5.743705,-15.109083,-1.873693
505,2.1480624675750732,273.4230651855469,104.81268310546875,1.1006232013094206,-2.9568406685076645,93.18489188732207,-2.5310335,1.0678546,9.872407,-6.9512587,-14.714869,7.7279515,11.302277,-27.91132,-2.2739873,-11.208307,14.69414,-9.875861,-10.933703,-4.4944434,-10.392551,21.454216,45.718052,-9.845906,-10.286422,-24.8738,1.2301207,0.94912744,54.08365,-4.3703103,2.2810328,8.844572,5.6304502,-20.199413,5.735994,-15.516135,-1.7717456
506,2.2262840270996094,274.11767578125,104.76282501220703,1.2514226321328237,-2.7421161346576275,93.12956666935493,-2.3962157,0.7691692,9.610831,-6.79266,-14.804332,7.824028,11.364928,-27.734713,-2.440612,-11.226383,14.672135,-9.57336,-10.698046,-4.540027,-10.16163,21.31151,45.804417,-9.620928,-9.939193,-25.030813,1.0817401,1.7130197,51.61747,-4.5302296,2.6040952,9.0704975,5.527689,-20.185219,5.7330637,-15.923289,-1.6782227
507,2.2911410331726074,274.8211975097656,104.70470428466797,1.382744280946309,-2.52123163078019,93.0639688617192,-2.2533991,0.49893504,9.35106,-6.643546,-14.892654,7.9111924,11.416501,-27.56737,-2.6044705,-11.238473,14.651856,-9.258422,-10.470489,-4.5946693,-9.938755,21.188179,45.922405,-9.394095,-9.634158,-25.130686,0.9092363,2.4647863,49.03764,-4.60912,2.8847299,9.294638,5.438656,-20.162262,5.72977,-16.331064,-1.5791503
508,2.3446197509765625,275.5294494628906,104.63689422607422,1.490846832352148,-2.296306966805836,92.98789935026795,-2.0966263,0.26599798,9.097074,-6.510027,-15.012702,7.9862967,11.4553,-27.41215,-2.7603266,-11.248972,14.634557,-8.975232,-10.242262,-4.65922,-9.722135,21.05887,46.022907,-9.183416,-9.413695,-25.165207,0.6861619,3.1301577,46.34327,-4.548868,3.0568774,9.517637,5.3690257,-20.13384,5.724955,-16.73779,-1.4793992
509,2.3842427730560303,276.2461242675781,104.56616973876953,1.5773560834274063,-2.0646886498808543,92.90302275402226,-1.9221957,0.07346007,8.847021,-6.396367,-15.168417,8.044152,11.480235,-27.27616,-2.8993576,-11.257078,14.612802,-8.73149,-10.005259,-4.734427,-9.508326,20.905981,46.11039,-8.980777,-9.314721,-25.17511,0.41699266,3.6808708,43.555683,-4.340385,3.1451633,9.737086,5.3145323,-20.105736,5.7209888,-17.145235,-1.3771838
510,2.410294532775879,276.9671936035156,104.48258972167969,1.64179163756031,-1.8265314163781547,92.80839832518856,-1.7322621,-0.08362607,8.599239,-6.2992816,-15.344051,8.086218,11.491029,-27.15671,-3.0247355,-11.259716,14.58868,-8.505397,-9.766017,-4.821595,-9.300524,20.745728,46.2055,-8.780298,-9.305947,-25.1275,0.12837778,4.160901,40.636036,-4.0061126,3.183166,9.952019,5.276142,-20.073294,5.7169194,-17.551805,-1.2723145
511,2.43617844581604,277.6864318847656,104.39307403564453,1.6816181723445722,-1.5887043372482257,92.69885480136516,-1.53055,-0.2043924,8.359218,-6.212621,-15.5433855,8.12213,11.486652,-27.037853,-3.1510384,-11.259145,14.576813,-8.29927,-9.536633,-4.9224625,-9.097831,20.6055,46.29269,-8.609234,-9.330312,-25.016424,-0.16738227,4.5790057,37.626873,-3.5603912,3.1309938,10.165118,5.2638617,-20.023224,5.713248,-17.956444,-1.1727715
512,2.4479122161865234,278.4136657714844,104.29507446289062,1.6902600721722123,-1.358273047518754,92.56891631354273,-1.3179299,-0.2886586,8.132606,-6.132527,-15.766881,8.158171,11.465567,-26.90672,-3.2902412,-11.256137,14.593482,-8.113906,-9.327119,-5.0302477,-8.912793,20.507706,46.34343,-8.488719,-9.325721,-24.956615,-0.45975283,4.919837,34.677193,-3.0090556,2.9605281,10.392473,5.277111,-19.94639,5.708033,-18.363062,-1.0686467
513,2.449577569961548,279.1319580078125,104.18550109863281,1.6648528466156407,-1.1341736154320692,92.41558723515803,-1.0933703,-0.3338558,7.9202876,-6.0593066,-16.019165,8.194789,11.425065,-26.752815,-3.4442973,-11.263924,14.644024,-7.9618793,-9.144172,-5.1438613,-8.7459755,20.475014,46.333065,-8.44916,-9.257748,-24.794266,-0.7440194,5.199442,31.618048,-2.3034527,2.6873705,10.62234,5.320266,-19.83369,5.701932,-18.763939,-0.9648172
514,2.437971830368042,279.8528137207031,104.06484985351562,1.6028145487842627,-0.9150790842369154,92.23987743930418,-0.8553274,-0.33548996,7.719902,-5.9935007,-16.296696,8.230936,11.363745,-26.581818,-3.6069748,-11.273813,14.720483,-7.840587,-8.981149,-5.2635303,-8.594256,20.488943,46.277584,-8.469252,-9.163872,-24.626831,-1.004191,5.393446,28.536371,-1.4647546,2.3380451,10.860238,5.394587,-19.69081,5.694923,-19.164965,-0.8590364
515,2.4094479084014893,280.5906066894531,103.93108367919922,1.5092123880650707,-0.7088734009484616,92.04245162914239,-0.6072556,-0.29761425,7.532987,-5.928498,-16.593523,8.276023,11.283874,-26.40192,-3.7827284,-11.257087,14.817864,-7.7289658,-8.827459,-5.38621,-8.453581,20.515463,46.21839,-8.498136,-9.094234,-24.44051,-1.2239895,5.530648,25.467596,-0.59112334,1.8433484,11.12338,5.4917397,-19.52639,5.688854,-19.57383,-0.7471432
516,2.3875534534454346,281.33331298828125,103.78911590576172,1.3841075964514764,-0.5251088351743349,91.8225656647265,-0.3518526,-0.22171383,7.36336,-5.857061,-16.902225,8.339767,11.190713,-26.221912,-3.9785364,-11.186256,14.9320545,-7.6041613,-8.674177,-5.507583,-8.320926,20.519876,46.19421,-8.483161,-9.097894,-24.263407,-1.3888366,5.6325593,22.498804,0.20984001,1.1331261,11.414629,5.6252656,-19.340422,5.684082,-19.987694,-0.64690024
517,2.3505756855010986,282.0753479003906,103.6322021484375,1.206040123103335,-0.37574488889485,91.56849980077314,-0.07917726,-0.08459612,7.220971,-5.7751117,-17.226357,8.427478,11.088607,-26.046333,-4.216472,-11.038365,15.080937,-7.4509225,-8.520387,-5.625405,-8.203839,20.489582,46.20909,-8.403842,-9.202863,-23.972336,-1.4754575,5.736266,19.500542,0.9526394,0.072460085,11.746532,5.8065886,-19.122253,5.677275,-20.40038,-0.55231607
518,2.306942939758301,282.8227233886719,103.452392578125,0.9613980563244149,-0.2671166247343129,91.26330353801487,0.22937325,0.1270505,7.1125083,-5.6869173,-17.566803,8.5365505,10.979726,-25.87251,-4.495316,-10.837788,15.265125,-7.280487,-8.368516,-5.739086,-8.103824,20.439442,46.241776,-8.285807,-9.379786,-23.661894,-1.458289,5.813902,16.584566,1.64008,-1.2618731,12.128159,6.0543046,-18.850357,5.67144,-20.819674,-0.47052705
519,2.2577364444732666,283.5829162597656,103.25425720214844,0.6592183732059013,-0.20221813863213922,90.89592554712038,0.58549154,0.3994726,7.0380273,-5.5960546,-17.910254,8.668227,10.866657,-25.696875,-4.7898135,-10.628551,15.4547415,-7.110099,-8.215442,-5.8464365,-8.006945,20.376726,46.29284,-8.146421,-9.592305,-23.477142,-1.315609,5.837388,14.051163,2.0987344,-2.6550426,12.567732,6.3541174,-18.51442,5.6649075,-21.246061,-0.39751667
520,2.2124619483947754,284.35302734375,103.03804779052734,0.31980743684608703,-0.17585292703494915,90.4659771592136,0.9887297,0.7086075,6.9911127,-5.504804,-18.243576,8.823621,10.752383,-25.513752,-5.0736685,-10.454304,15.617394,-6.957016,-8.059524,-5.944671,-7.896982,20.310987,46.363056,-8.005423,-9.802813,-23.463717,-1.043043,5.7968225,12.12524,2.1355476,-3.9057598,13.056944,6.684093,-18.112831,5.6596136,-21.6774,-0.33343658
521,2.1673667430877686,285.1402282714844,102.81236267089844,-0.036857347451719036,-0.17315892683556294,89.98891362643259,1.4268806,1.0324763,6.9577184,-5.415571,-18.564375,9.003265,10.643061,-25.328878,-5.340789,-10.332705,15.736192,-6.815095,-7.8989825,-6.0288906,-7.7668133,20.237448,46.468777,-7.8603587,-10.034436,-23.70373,-0.6738354,5.642709,10.889814,1.7162595,-5.0257277,13.581862,7.017043,-17.65965,5.655948,-22.114376,-0.26904103
522,2.117918014526367,285.9333801269531,102.58060455322266,-0.39521148678925827,-0.18268036498707213,89.48836538520965,1.9032131,1.3460666,6.9352627,-5.351475,-18.88776,9.172965,10.592998,-25.21311,-5.605099,-10.291166,15.822402,-6.6268597,-7.713882,-6.064237,-7.691889,20.128002,46.571957,-7.689745,-10.271662,-24.178478,-0.25300616,5.381114,10.249782,0.9159013,-6.091876,14.124466,7.3340263,-17.18007,5.653066,-22.550102,-0.19933291
523,2.058086633682251,286.72509765625,102.39659881591797,-0.6882739721199217,-0.1922616917082761,89.00900689153441,2.3206215,1.5979611,6.9153986,-5.26365,-19.221024,9.3756275,10.52205,-25.040747,-5.8558507,-10.239023,15.882513,-6.4888945,-7.555594,-6.107721,-7.5738177,20.06317,46.69201,-7.5504065,-10.472143,-24.636019,0.08021802,5.1283526,9.604513,0.12222726,-6.9656267,14.658324,7.5477853,-16.74077,5.655149,-22.959373,-0.09639706
524,2.007068634033203,287.51617431640625,102.22392272949219,-0.9716170412695775,-0.19452556577391628,88.5456460747029,2.7003105,1.8410907,6.8900456,-5.1688643,-19.568127,9.578863,10.44719,-24.856796,-6.087155,-10.1884,15.936509,-6.3784723,-7.410639,-6.1443005,-7.46025,20.035166,46.777172,-7.4465656,-10.569911,-24.96377,0.42523402,4.947979,9.214655,-0.99734825,-7.6133714,15.182801,7.7431273,-16.321362,5.6577473,-23.31212,0.011172261
525,1.9381297826766968,288.3300476074219,102.08128356933594,-1.2057122755761758,-0.2034098163599358,88.10392742994026,3.017864,2.0352612,6.88134,-5.038274,-19.946411,9.803371,10.355369,-24.620405,-6.3082223,-10.115892,15.976189,-6.3261447,-7.306567,-6.1755066,-7.342842,20.086601,46.804832,-7.3880754,-10.495112,-25.23961,0.6933759,4.8717327,8.89628,-2.355881,-7.8919296,15.716816,7.872794,-15.949109,5.6638846,-23.56586,0.13680477
526,1.8742121458053589,289.131591796875,101.95240020751953,-1.4122057441502367,-0.21933570807550548,87.67219397516395,3.32406,2.203095,6.887616,-4.928047,-20.349049,10.003349,10.277889,-24.413097,-6.496263,-10.074084,15.995809,-6.2762485,-7.1974735,-6.1898293,-7.267179,20.15397,46.78587,-7.3490663,-10.2955265,-25.439846,0.91530764,4.863953,8.637101,-3.9184732,-7.9056334,16.261003,7.9634433,-15.60393,5.6727395,-23.680166,0.27247885
527,1.8209781646728516,289.94659423828125,101.82904052734375,-1.585659991555823,-0.21910657959230243,87.2717906685802,3.58733,2.3368766,6.8814607,-4.8190246,-20.744417,10.203142,10.204113,-24.205694,-6.662872,-10.042421,16.012205,-6.2433047,-7.0861454,-6.1893697,-7.2011456,20.234655,46.76303,-7.33595,-10.073837,-25.251987,1.0586174,4.9264708,7.941048,-5.067436,-7.824775,16.787186,8.013793,-15.298672,5.6845837,-23.614965,0.41848877
528,1.7920615673065186,290.7687072753906,101.72358703613281,-1.6987326452493519,-0.18881977109882975,86.92624766567644,3.7923224,2.406912,6.8505616,-4.7162085,-21.107698,10.404327,10.142963,-24.010502,-6.8084693,-10.019961,16.035662,-6.21966,-6.9592934,-6.173248,-7.135244,20.304127,46.77303,-7.350405,-9.933002,-25.158003,1.11383,4.7971387,7.6367693,-5.569842,-7.7146444,17.280516,7.9988365,-15.056304,5.7004294,-23.340006,0.5829135
529,1.773140549659729,291.60595703125,101.62919616699219,-1.7574262523107747,-0.12011696505190965,86.64079571210321,3.9110088,2.4198518,6.7919126,-4.6238523,-21.452736,10.617561,10.072286,-23.779724,-6.940346,-10.003277,16.086168,-6.216884,-6.826771,-6.128081,-7.040396,20.350847,46.83335,-7.4050636,-9.917447,-25.104792,1.0896829,4.497275,7.701096,-5.16089,-7.671071,17.730547,7.93302,-14.873248,5.7223654,-22.852346,0.7638927
530,1.7628755569458008,292.46002197265625,101.54991149902344,-1.766518581016696,-0.024923585578982554,86.40365545702153,3.971171,2.3788757,6.715995,-4.5557957,-21.78545,10.817031,10.004797,-23.558962,-7.0387506,-10.008195,16.14823,-6.211793,-6.6808543,-6.0501304,-6.9405503,20.379972,46.916237,-7.497781,-9.969667,-24.984919,0.98477554,4.0546727,7.940652,-3.9607182,-7.4947157,18.152708,7.819673,-14.740413,5.7497315,-22.166777,0.964202
531,1.7378548383712769,293.3042907714844,101.5280990600586,-1.7068074723468891,0.09795569110548663,86.21507435112727,3.974503,2.264148,6.6157317,-4.4718313,-22.068314,11.021234,9.953262,-23.358614,-7.1135674,-10.016827,16.195831,-6.210801,-6.522423,-5.951777,-6.848629,20.426111,46.98572,-7.6043506,-10.033591,-24.683275,0.76186305,3.415902,7.9176574,-1.926238,-6.8936033,18.546694,7.6317506,-14.661799,5.78378,-21.291746,1.1948088
532,1.7153434753417969,294.1628112792969,101.5390853881836,-1.5563703315106927,0.225884777522006,86.0530303341532,3.8983622,2.039304,6.503458,-4.3488736,-22.259804,11.268505,9.892825,-23.104286,-7.1650977,-9.977651,16.209356,-6.252373,-6.360699,-5.7733197,-6.7337017,20.51857,46.952595,-7.7085333,-10.070038,-24.358112,0.40568048,2.550371,7.915302,0.49042463,-5.706438,18.936281,7.330623,-14.627768,5.832209,-20.246332,1.4675972
533,1.7181413173675537,295.0605773925781,101.56968688964844,-1.2518140532345934,0.3974595871007936,85.92484451616745,3.793632,1.6526031,6.3464704,-4.2291374,-22.326344,11.5085945,9.852358,-22.898836,-7.1624937,-9.93109,16.189335,-6.286889,-6.1425257,-5.5680933,-6.644225,20.611887,46.85681,-7.792379,-10.085027,-24.162672,-0.16721863,1.4938229,8.009276,3.1761417,-3.9304557,19.292717,6.8469906,-14.663647,5.8981814,-19.116894,1.8112077
534,1.722604751586914,295.9932556152344,101.62330627441406,-0.7903666963689351,0.5986864335221685,85.80745982036099,3.6727397,1.1013409,6.1610913,-4.109493,-22.294744,11.750509,9.835444,-22.725489,-7.1250415,-9.887461,16.148504,-6.316398,-5.88484,-5.335473,-6.566834,20.70782,46.71874,-7.867889,-10.098694,-23.931944,-0.9272551,0.5526269,8.098508,5.823642,-2.0027258,19.631983,6.1747212,-14.757004,5.98837,-17.986904,2.225902
535,1.7210729122161865,296.9092712402344,101.70466613769531,-0.27925958928312505,0.7877973488526832,85.65632999711828,3.5575187,0.4840146,5.972383,-3.978068,-22.221495,12.00287,9.846048,-22.556547,-7.0709987,-9.84683,16.071096,-6.359275,-5.6250606,-5.0424547,-6.5100064,20.840075,46.497726,-7.9326434,-10.075119,-23.67971,-1.7081945,-0.08210921,8.233276,8.012825,-0.35986412,19.977629,5.4217863,-14.836012,6.10625,-16.849234,2.6615665
536,1.6893943548202515,297.8390808105469,101.79583740234375,0.2154343273143406,0.8926367026682528,85.42837039703429,3.507887,-0.11184064,5.8386426,-3.8644824,-22.164316,12.231967,9.88487,-22.420593,-6.973522,-9.834769,15.924732,-6.4254227,-5.373571,-4.763674,-6.469062,21.027374,46.247604,-7.9940495,-9.994311,-23.26798,-2.3968601,-0.2994276,8.228426,9.6243,0.79703474,20.08933,4.5661464,-14.802185,6.863514,-15.9634075,3.0834694
537,1.6532819271087646,298.7658386230469,101.87907409667969,0.6540770962375025,0.9067052402905433,85.08086882786971,3.547743,-0.64084625,5.751318,-3.7533855,-22.12392,12.460048,9.946107,-22.30394,-6.827491,-9.82895,15.659936,-6.537351,-5.1368866,-4.501619,-6.4234805,21.284239,45.99092,-8.059661,-9.8367405,-22.710234,-2.9290802,-0.1792459,8.122755,10.701289,1.5132031,18.60831,3.269426,-14.327231,11.155808,-16.829844,3.5281086
538,1.6203818321228027,299.69525146484375,101.95635223388672,1.0921845391341887,0.8631475357068918,84.65023644049278,3.644648,-1.161745,5.690484,-3.6417432,-22.074287,12.688052,10.02592,-22.203856,-6.6355433,-9.827748,15.30377,-6.685593,-4.907548,-4.2554874,-6.365702,21.599136,45.724762,-8.130909,-9.626315,-22.059702,-3.3954804,0.15477271,7.971052,11.33154,1.9842975,17.290894,2.019147,-13.749632,14.99493,-17.2122,3.9709325
539,1.5890902280807495,300.6105041503906,102.05004119873047,1.5418773183505705,0.7761085838847472,84.22551698567831,3.7254872,-1.6959363,5.6700997,-3.5404902,-22.034481,12.887546,10.123657,-22.11237,-6.417279,-9.864955,14.945964,-6.8455353,-4.700571,-4.0203853,-6.299407,21.970943,45.408108,-8.210146,-9.401821,-21.326294,-3.8449059,0.607697,7.803053,11.550423,2.3059318,16.108675,0.8094171,-13.150455,18.583061,-17.192614,4.413184
540,1.563942790031433,301.4974365234375,102.1657485961914,2.0100501814291913,0.6546934586925275,83.89373826461217,3.719014,-2.2603896,5.7058406,-3.4605534,-22.021515,13.0327835,10.241722,-22.020618,-6.1961875,-9.973477,14.677886,-6.9919667,-4.527879,-3.7892385,-6.2321815,22.39547,44.995277,-8.297038,-9.201579,-20.529415,-4.3202558,1.0915637,7.6471725,11.447163,2.5489118,14.993097,-0.36280653,-12.595235,22.0689,-16.78718,4.84047
541,1.5561556816101074,302.3666076660156,102.29258728027344,2.497822707848409,0.5000908787946313,83.70625301586823,3.5830328,-2.8666255,5.788339,-3.4190235,-22.031736,13.116022,10.383298,-21.916521,-5.9447083,-10.177181,14.495863,-7.1370974,-4.386809,-3.5509853,-6.182167,22.901241,44.470474,-8.409859,-9.0177965,-19.676249,-4.8515086,1.564562,7.5281053,11.095054,2.7634146,13.793722,-1.513028,-12.102774,25.67221,-15.963466,5.249289
542,1.5603195428848267,303.20709228515625,102.41504669189453,2.986848888997243,0.30558098268953954,83.61565608612862,3.3560367,-3.4911706,5.910475,-3.4050322,-22.058676,13.15223,10.549539,-21.806665,-5.6639957,-10.451376,14.3609705,-7.2884903,-4.272639,-3.3014517,-6.147996,23.479366,43.848755,-8.541282,-8.833303,-18.768745,-5.4173326,2.0283792,7.490831,10.545682,2.973868,12.521602,-2.6262002,-11.629015,29.397823,-14.80035,5.666973
543,1.5560368299484253,304.04754638671875,102.5268325805664,3.4548931393237123,0.06820180548617931,83.55505890538417,3.092922,-4.1001277,6.0918503,-3.3870509,-22.120558,13.151358,10.740673,-21.709703,-5.4236264,-10.758255,14.311744,-7.4118743,-4.1928883,-3.0500593,-6.105076,24.066015,43.135193,-8.651517,-8.672964,-17.859358,-5.977813,2.4759989,7.5295043,9.910331,3.1855772,11.2262,-3.6798124,-11.104863,33.124207,-13.408706,6.0983543
544,1.5446637868881226,304.86669921875,102.63471984863281,3.8814631093137018,-0.21674162424969426,83.45635002623003,2.848837,-4.6578884,6.356499,-3.3333309,-22.232199,13.12301,10.956036,-21.644857,-5.292684,-11.061892,14.385243,-7.47244,-4.1550183,-2.815386,-6.0207915,24.599245,42.34464,-8.703094,-8.5636635,-16.924849,-6.4861584,2.918665,7.5919313,9.268097,3.3900537,9.9351225,-4.661834,-10.452588,36.781826,-11.923605,6.5316305
545,1.5198265314102173,305.66436767578125,102.73683166503906,4.2672618819657755,-0.5668275324495992,83.33307570729849,2.6082015,-5.166539,6.723036,-3.2311602,-22.38704,13.078916,11.196209,-21.613232,-5.297342,-11.385211,14.64653,-7.4301987,-4.1522045,-2.6100037,-5.8875585,25.079039,41.41417,-8.676429,-8.544399,-15.958966,-6.94807,3.3412497,7.706228,8.610446,3.598005,8.634481,-5.5868864,-9.633829,40.4482,-10.327975,6.9582753
546,1.5005087852478027,306.4317932128906,102.83353424072266,4.617982330893894,-0.9762660708676398,83.21170202864614,2.350837,-5.636394,7.1746435,-3.0985484,-22.579052,13.01049,11.461365,-21.607616,-5.396421,-11.741852,15.054653,-7.3103666,-4.181938,-2.436112,-5.7090054,25.535503,40.373753,-8.59673,-8.5922785,-14.943912,-7.3699665,3.7456658,7.814851,7.9506226,3.7984579,7.290395,-6.4504867,-8.685253,44.17581,-8.586614,7.378018
547,1.459255576133728,307.1686096191406,102.92658996582031,4.924093500381809,-1.41506863208554,83.04165422720479,2.125128,-6.045132,7.687374,-2.9495473,-22.82422,12.900005,11.748482,-21.633188,-5.557827,-12.079783,15.488481,-7.1778336,-4.257309,-2.3002572,-5.469452,25.953085,39.37662,-8.49424,-8.64213,-13.905005,-7.7448306,4.1765556,7.903742,7.297313,3.992939,5.899571,-7.2280936,-7.6450186,47.859203,-6.7987957,7.7663636
548,1.4168357849121094,307.8820495605469,103.02165985107422,5.180890950942534,-1.8518432043977455,82.77342711246786,1.9776359,-6.370198,8.238149,-2.7982738,-23.138351,12.727509,12.052321,-21.693676,-5.7476125,-12.345087,15.827374,-7.101939,-4.3932714,-2.2127345,-5.149581,26.31838,38.580723,-8.4032,-8.631928,-12.860628,-8.044298,4.675495,7.956306,6.655319,4.1554446,4.4560456,-7.909787,-6.5571446,51.403023,-5.0679936,8.084734
549,1.3430684804916382,308.55657958984375,103.11531066894531,5.392153570006501,-2.289958153552113,82.34047954832793,1.9644486,-6.597715,8.859755,-2.649089,-23.576138,12.477242,12.36718,-21.793974,-5.9819684,-12.508766,16.04722,-7.0928607,-4.61686,-2.1839645,-4.7323456,26.620775,38.084003,-8.330691,-8.543689,-11.800628,-8.273993,5.316574,7.9565477,6.026237,4.2991705,2.892466,-8.50297,-5.299663,54.896664,-3.3821402,8.271588
550,1.2617285251617432,309.2127380371094,103.20755004882812,5.56716761241222,-2.7417267331964523,81.78816332148796,2.0422676,-6.7397842,9.551153,-2.494667,-24.110622,12.161712,12.689807,-21.929619,-6.2644477,-12.602517,16.208895,-7.121944,-4.914996,-2.2165816,-4.218662,26.877268,37.79854,-8.263289,-8.415373,-10.716449,-8.444672,6.060768,7.935718,5.386669,4.4191613,1.2171303,-9.033118,-3.9013948,58.387123,-1.7074963,8.321071
551,1.171678900718689,309.8454895019531,103.30335998535156,5.7034985575736945,-3.1898150770968225,81.23484431614551,2.108661,-6.81711,10.238165,-2.3308454,-24.630987,11.803965,13.019232,-22.089193,-6.5441885,-12.65948,16.321312,-7.202073,-5.245221,-2.3086534,-3.6215572,27.114428,37.59643,-8.203907,-8.268909,-9.572165,-8.59383,6.7995987,7.7508206,4.839973,4.5224395,-0.46344465,-9.537882,-2.6374948,61.719124,-0.116785824,8.267554
552,1.0712052583694458,310.4781188964844,103.39830780029297,5.7984565213959085,-3.6165617632563767,80.79936617357009,2.064616,-6.852533,10.843092,-2.1545775,-24.999998,11.423738,13.343748,-22.260614,-6.7607117,-12.703683,16.394812,-7.3525915,-5.5612845,-2.4490943,-2.968882,27.357105,37.337147,-8.152088,-8.121313,-8.428866,-8.745933,7.41214,7.478977,4.3656673,4.618005,-2.0354214,-10.073119,-1.7842338,64.72665,1.3196276,8.151025
553,0.9614308476448059,311.1168212890625,103.49585723876953,5.847848646710333,-4.021611319678035,80.50179895470453,1.8769792,-6.854262,11.335939,-1.9418782,-24.999998,11.037913,13.691221,-22.472643,-6.9045315,-12.775349,16.387465,-7.4902616,-5.880032,-2.6486611,-2.228933,27.648623,37.03766,-8.14528,-7.965146,-7.277256,-8.898357,7.884864,7.1028395,3.973432,4.702063,-3.4837384,-10.705687,-1.4381196,67.38974,2.6927269,8.039524
554,0.8446903228759766,311.77691650390625,103.59443664550781,5.857513385349802,-4.413457156767312,80.28475043378079,1.6056234,-6.8128495,11.787485,-1.715768,-24.999998,10.621875,14.04648,-22.721897,-7.0170865,-12.833678,16.309437,-7.639947,-6.214731,-2.8987484,-1.4242089,27.928286,36.740646,-8.161444,-7.7892838,-6.120742,-9.03844,8.274502,6.680855,3.6111698,4.773647,-4.864168,-11.443449,-1.45394,69.80754,3.9937208,7.8558707
555,0.7326707243919373,312.4302978515625,103.69280242919922,5.825492657215602,-4.789314883450911,80.15214195260498,1.2635673,-6.7359295,12.193181,-1.4858804,-24.999998,10.171273,14.4080715,-22.963272,-7.1050434,-12.872464,16.242151,-7.938754,-6.5347495,-3.1928706,-0.5660093,28.177935,36.40556,-8.15,-7.6297326,-4.982006,-9.153759,8.566611,6.224855,3.2889276,4.835153,-6.1610875,-12.247394,-1.7473325,71.988655,4.996195,7.446854
556,0.6253345012664795,313.1006774902344,103.79217529296875,5.751738808819203,-5.145487368155683,80.10710692067202,0.86301804,-6.631288,12.548028,-1.2607683,-24.999998,9.685505,14.771637,-23.144361,-7.175626,-12.878733,16.268242,-8.528541,-6.8103576,-3.521655,0.32886848,28.380192,35.98266,-8.057761,-7.518937,-3.8852875,-9.238211,8.748424,5.803593,2.9596019,4.8954005,-7.3569293,-13.056869,-2.230614,73.93944,5.4672875,6.685238
557,0.5243445634841919,313.7657775878906,103.88972473144531,5.614029702431186,-5.482956653647661,80.17318930323079,0.37373593,-6.482544,12.844275,-1.0346856,-24.999998,9.174107,15.136076,-23.273787,-7.2317715,-12.829273,16.428183,-9.401067,-7.0403757,-3.8765736,1.2743019,28.551205,35.487396,-7.896066,-7.483743,-3.016639,-9.232734,8.769052,5.7644486,2.4676228,4.950559,-8.404012,-13.854972,-2.9751954,75.63246,5.1877885,5.4706025
558,0.41882553696632385,314.4412841796875,103.98987579345703,5.416144575229078,-5.802352046468892,80.34305399069132,-0.20449694,-6.292547,13.088382,-0.8023679,-24.999998,8.63813,15.501187,-23.364851,-7.271023,-12.72789,16.671324,-10.50067,-7.244964,-4.2564054,2.2703838,28.697834,34.925953,-7.6844296,-7.4981694,-2.1916666,-9.17028,8.664445,5.7586904,1.975113,5.002676,-9.302897,-14.645538,-3.9836056,77.07644,4.3114924,3.9483538
559,0.31620997190475464,315.13153076171875,104.08705139160156,5.1916830921427515,-6.099952411426812,80.57165175984241,-0.8114409,-6.0959153,13.259584,-0.54985446,-24.67155,8.063508,15.857916,-23.37844,-7.2551494,-12.610283,16.942196,-11.904288,-7.4214106,-4.660897,3.2832565,28.826942,34.240253,-7.3857,-7.510924,-1.3918424,-9.080095,8.498343,5.756343,1.4863901,5.048244,-10.111745,-15.387898,-5.0682535,78.31016,3.185123,2.3645437
560,0.24041765928268433,315.80645751953125,104.17574310302734,4.980499082348794,-6.3716280676884605,80.81289402431379,-1.3875923,-5.9256496,13.397943,-0.30271578,-24.266956,7.4357524,16.1929,-23.258541,-7.2000675,-12.4859295,17.184341,-13.693562,-7.565767,-5.0898213,4.271646,28.87244,33.366318,-6.9559913,-7.4710765,-0.62924564,-8.986492,8.329973,5.752815,1.0128998,5.0757337,-10.903206,-16.064598,-6.06146,79.375435,2.1673946,0.9302687
561,0.1753324717283249,316.46612548828125,104.2530746459961,4.7860771227292,-6.6150701287476625,81.06050756729985,-1.924561,-5.7882,13.499521,-0.063453004,-23.843012,6.7412605,16.49246,-22.962336,-7.088197,-12.283013,17.381416,-16.052902,-7.675878,-5.54501,5.2270584,28.80536,32.23433,-6.312863,-7.391953,0.0930052,-8.904352,8.171516,5.7478147,0.5541467,5.094462,-11.693199,-16.676748,-6.963627,80.27303,1.2966274,-0.3521362
562,0.10218299925327301,317.135009765625,104.32432556152344,4.588219258600494,-6.831388363923328,81.33590082679369,-2.4521658,-5.661034,13.555154,0.17497587,-23.37272,5.98839,16.748825,-22.519384,-6.9139934,-11.995999,17.550367,-18.898918,-7.757315,-6.023572,6.173286,28.655672,30.894466,-5.5042334,-7.2805285,0.78458655,-8.824845,7.9947643,5.745372,0.09824792,5.114762,-12.449677,-17.218294,-7.8545856,80.98681,0.4075976,-1.5672736
563,0.015181253664195538,317.8185729980469,104.39083862304688,4.392450409124112,-7.0229511973708325,81.63466054684525,-2.965972,-5.5394917,13.584829,0.40357047,-22.888208,5.1946807,16.960936,-21.988874,-6.703421,-11.74355,17.696398,-21.90688,-7.815516,-6.518263,7.1110606,28.45669,29.454872,-4.6835117,-7.077566,1.451761,-8.75624,7.798746,5.7437267,-0.3568021,5.1430545,-13.178025,-17.677723,-8.706065,81.52538,-0.43278277,-2.6661785
564,-0.056776177138090134,318.4797058105469,104.44446563720703,4.2043970305526885,-7.19246492353603,81.95250781062803,-3.4569306,-5.418877,13.611044,0.6079813,-22.42442,4.372333,17.1338,-21.437412,-6.484737,-11.65213,17.84251,-24.748764,-7.848612,-7.0182757,8.031328,28.23391,28.01892,-4.0052776,-6.732542,2.080406,-8.683263,7.5783043,5.7424717,-0.790864,5.165054,-13.881423,-18.049,-9.493947,81.88911,-1.1506891,-3.6056426
565,-0.11912906914949417,319.142822265625,104.4976806640625,4.027844576433607,-7.3359303499438,82.29266275459673,-3.9175594,-5.303486,13.637789,0.77658653,-21.999002,3.5046146,17.273405,-20.859491,-6.2631373,-11.758043,18.013102,-27.468058,-7.850125,-7.5185513,8.917201,27.99027,26.592457,-3.5119338,-6.2031307,2.677264,-8.614986,7.328273,5.7435226,-1.2164135,5.184959,-14.571213,-18.359928,-10.252045,82.090225,-1.7041333,-4.395907
566,-0.16736134886741638,319.799560546875,104.54302978515625,3.8593687004352466,-7.4531550847598504,82.65519107342139,-4.3486843,-5.1938367,13.652557,0.9137849,-21.591425,2.5808587,17.38254,-20.240574,-6.0212154,-11.997096,18.207027,-30.190699,-7.8166447,-8.018781,9.765174,27.709585,25.115273,-3.1293995,-5.5279765,3.2393072,-8.544957,7.051359,5.744188,-1.6278245,5.1989207,-15.244643,-18.604637,-10.991034,82.12026,-2.129249,-5.057756
567,-0.20384781062602997,320.4638977050781,104.58333587646484,3.69342737847139,-7.552661356175524,83.03100054807416,-4.7513037,-5.079487,13.6556835,1.0269349,-21.181221,1.6243137,17.463879,-19.63288,-5.756649,-12.350251,18.421135,-32.71052,-7.7466526,-8.514561,10.581236,27.384184,23.592808,-2.8351338,-4.7846236,3.7826977,-8.467129,6.761773,5.750074,-2.0400972,5.2070923,-15.897884,-18.72829,-11.641756,81.976746,-2.4853451,-5.56361
568,-0.23050646483898163,321.1300964355469,104.61847686767578,3.5238744929864185,-7.643344927026552,83.41065504477628,-5.1212344,-4.951646,13.648683,1.1186007,-20.748129,0.65298945,17.522388,-19.096712,-5.465252,-12.804853,18.649115,-34.815083,-7.6346717,-9.0007925,11.363425,27.00134,22.02702,-2.6014163,-4.048012,4.3175945,-8.374011,6.473621,5.7578278,-2.4526935,5.209027,-16.530216,-18.677235,-12.130461,81.65498,-2.8291657,-5.8853016
569,-0.2508484721183777,321.78155517578125,104.6514892578125,3.3470908690548526,-7.7330420018861785,83.79675392538334,-5.456044,-4.807974,13.64074,1.1810675,-20.285978,-0.3341399,17.56439,-18.641876,-5.169879,-13.376306,18.920729,-36.43634,-7.4790797,-9.476541,12.103437,26.555311,20.424324,-2.4399993,-3.2970006,4.8422594,-8.261977,6.1883917,5.7685237,-2.8568168,5.2059455,-17.149603,-18.425837,-12.422498,81.158165,-3.1391613,-6.0136604
570,-0.27587905526161194,322.4176940917969,104.67418670654297,3.1678078915070973,-7.815105389676959,84.19190665555848,-5.753035,-4.6555114,13.630088,1.2100232,-19.80788,-1.3491806,17.593842,-18.247173,-4.866306,-14.07642,19.233128,-37.683796,-7.276324,-9.942297,12.79566,26.047699,18.778124,-2.3618367,-2.5084405,5.306308,-8.139209,5.89504,5.8651915,-3.292162,5.205192,-17.755203,-18.012505,-12.563369,80.48075,-3.3899357,-5.9709654
571,-0.3057112395763397,323.0765075683594,104.69996643066406,2.9896738268255665,-7.876646634343668,84.58742300195225,-6.0073156,-4.496926,13.60395,1.2128605,-19.323471,-2.3876889,17.611542,-17.924532,-4.5112,-14.890315,19.526012,-38.610905,-7.019835,-10.392977,13.441295,25.477161,17.070847,-2.3330333,-1.7510827,5.74061,-8.014713,5.5991354,5.9991145,-3.7555175,5.2068734,-18.346449,-17.48091,-12.591712,79.62898,-3.64622,-5.7776723
572,-0.33145010471343994,323.7312927246094,104.71380615234375,2.8161117813952585,-7.905013177282545,84.97481757868466,-6.2129498,-4.3375297,13.54861,1.1966919,-18.841146,-3.4450803,17.617035,-17.688417,-4.060387,-15.802012,19.7383,-39.26988,-6.7007775,-10.822466,14.035393,24.842884,15.278103,-2.3154068,-1.0888016,6.058634,-7.8802066,5.291457,6.285274,-4.2895865,5.2056236,-18.913506,-16.87413,-12.55195,78.589775,-3.9610088,-5.4554443
573,-0.35614654421806335,324.38214111328125,104.72386932373047,2.6485870278217862,-7.89503955000614,85.35913019870752,-6.37152,-4.181151,13.456499,1.1651534,-18.359392,-4.520446,17.61093,-17.549337,-3.514628,-16.870066,19.854288,-39.607304,-6.3172216,-11.228449,14.571349,24.117563,13.338046,-2.257193,-0.52736986,6.338283,-7.747786,4.9737577,6.554013,-4.808067,5.20474,-19.4639,-16.17558,-12.409908,77.3596,-4.372494,-4.96851
574,-0.3709684908390045,325.0353698730469,104.72969818115234,2.4881313506665217,-7.855178576746022,85.74284178989038,-6.484791,-4.027594,13.338017,1.1127698,-17.876688,-5.6123714,17.594194,-17.49822,-2.8983755,-18.087,19.897223,-39.616585,-5.8708863,-11.610607,15.048062,23.310015,11.274739,-2.1890373,-0.032798275,6.5852013,-7.613053,4.647232,6.821674,-5.3233542,5.1992884,-19.994492,-15.388623,-12.160603,75.942406,-4.8470993,-4.334986
575,-0.37513983249664307,325.6955261230469,104.73551940917969,2.33352638380072,-7.792660604547043,86.11405717781614,-6.5498624,-3.8727968,13.207121,1.035477,-17.400953,-6.715357,17.56485,-17.515804,-2.2021742,-19.335741,19.864521,-39.42473,-5.361557,-11.963662,15.471504,22.47411,9.194131,-2.1934016,0.38681188,6.8463693,-7.477274,4.332259,7.018923,-5.8062334,5.1863623,-20.481016,-14.58008,-11.886599,74.34557,-5.3392777,-3.6465485
576,-0.38203126192092896,326.370361328125,104.73847198486328,2.186171135404473,-7.714152438793366,86.4598139704561,-6.566671,-3.712369,13.075915,0.9329516,-16.937496,-7.8205967,17.51841,-17.577168,-1.4176646,-20.494251,19.759245,-39.16039,-4.7950773,-12.279989,15.848666,21.671717,7.201069,-2.35144,0.71887517,7.131561,-7.3494973,4.045619,7.1531625,-6.2685184,5.171965,-20.902922,-13.80652,-11.668705,72.57171,-5.7952247,-2.9872887
577,-0.3888609707355499,327.0348205566406,104.73575592041016,2.0445609487090213,-7.618121138794785,86.77124158664175,-6.529632,-3.5421383,12.944626,0.8016639,-16.489254,-8.92447,17.452044,-17.683294,-0.54684216,-21.577469,19.564672,-38.793053,-4.169514,-12.555592,16.184162,20.926497,5.2606983,-2.7361674,0.921158,7.3849683,-7.221312,3.7892725,7.304268,-6.737449,5.1512113,-21.26988,-13.053723,-11.488046,70.61524,-6.2001452,-2.3465054
578,-0.39409831166267395,327.69775390625,104.73033142089844,1.9080554687780127,-7.50233003190345,87.05723419547586,-6.4466467,-3.366975,12.806004,0.648716,-16.052448,-10.0218725,17.364773,-17.832846,0.40079355,-22.6261,19.28014,-38.283546,-3.4909058,-12.790522,16.474625,20.214003,3.3311803,-3.2782414,1.0024341,7.6314244,-7.0939093,3.5565994,7.4250455,-7.1920366,5.1249986,-21.587095,-12.302824,-11.313078,68.47431,-6.5808177,-1.6911216
579,-0.38333725929260254,328.3804016113281,104.72084045410156,1.7828166144910076,-7.3717954144169475,87.33041619116683,-6.3394585,-3.1968458,12.659408,0.49221286,-15.620821,-11.101157,17.254251,-17.991467,1.4230969,-23.55481,18.942816,-37.74923,-2.7807865,-12.983838,16.715878,19.52816,1.5073514,-3.8471124,1.0315918,7.8967004,-6.9684877,3.3376737,7.500005,-7.634509,5.0906157,-21.826925,-11.591285,-11.203683,66.146385,-6.9383984,-1.0603318
580,-0.38589489459991455,329.05450439453125,104.70846557617188,1.672462125237712,-7.231541733842405,87.60339138410255,-6.2326903,-3.040335,12.50457,0.3527963,-15.190852,-12.146937,17.116417,-18.116304,2.516396,-24.276733,18.596308,-37.308205,-2.0641725,-13.132129,16.911,18.865013,-0.11184835,-4.3176904,1.0846529,8.190971,-6.867404,3.1209846,7.4841366,-8.023385,5.0699162,-21.966326,-10.951641,-11.217977,63.630497,-7.2732625,-0.48873517
581,-0.38732460141181946,329.7333984375,104.69004821777344,1.5787675620995443,-7.083242036272559,87.87779386698168,-6.133285,-2.8984249,12.338047,0.2410403,-14.7441,-13.159552,16.947126,-18.193161,3.6854515,-24.750029,18.254763,-37.008938,-1.3436497,-13.232875,17.064413,18.22548,-1.5053463,-4.659109,1.1908592,8.502388,-6.7829137,2.9033484,7.422,-8.388451,5.055729,-21.988348,-10.370428,-11.359994,60.890743,-7.648839,0.016753417
582,-0.3772432804107666,330.43365478515625,104.6711196899414,1.497458389610323,-6.924237626829212,88.14738008006691,-6.032773,-2.7661629,12.159186,0.1486358,-14.288581,-14.139879,16.745014,-18.23082,4.9290876,-25.019852,17.901854,-36.785698,-0.61393154,-13.285975,17.179245,17.619328,-2.7264075,-4.938053,1.313975,8.878764,-6.705935,2.6981618,7.231858,-8.699132,5.0390596,-21.91349,-9.826177,-11.600336,57.937973,-8.039911,0.48290315
583,-0.36926767230033875,331.111083984375,104.64064025878906,1.4318138727079015,-6.75186903438126,88.41149865787898,-5.932589,-2.645157,11.970747,0.069724135,-13.853854,-15.0725,16.511358,-18.220991,6.234603,-25.131353,17.538082,-36.583916,0.1116032,-13.291831,17.257544,17.057114,-3.786964,-5.1787467,1.4372386,9.183305,-6.641587,2.484396,7.1272693,-9.037495,5.028027,-21.761702,-9.329734,-11.951526,54.812344,-8.301296,0.93363833
584,-0.3417365550994873,331.7980041503906,104.60773468017578,1.386090285278529,-6.563438344554227,88.66929098196677,-5.8363924,-2.5372832,11.774931,0.0009885723,-13.473243,-15.939654,16.249384,-18.152887,7.5874033,-25.128767,17.163414,-36.350014,0.81588155,-13.251907,17.303701,16.552868,-4.6982417,-5.4043946,1.5433967,9.5216255,-6.5871577,2.2761266,6.928012,-9.33127,5.010907,-21.564486,-8.88887,-12.420991,51.574406,-8.299983,1.3959936
585,-0.3247700333595276,332.4898376464844,104.57135772705078,1.354752094737227,-6.355515571519303,88.91921330428593,-5.7468395,-2.43149,11.56995,-0.050413556,-13.141948,-16.734959,15.959849,-18.028028,8.979137,-24.957212,16.781435,-36.079285,1.4954207,-13.166379,17.318703,16.120378,-5.4078946,-5.6052046,1.6475703,9.88661,-6.553286,2.0720837,6.633117,-9.576987,5.004558,-21.313055,-8.496272,-13.039338,48.178593,-7.901982,1.9361589
586,-0.3018576204776764,333.1898498535156,104.53130340576172,1.33815132294137,-6.130154325024113,89.16166124517449,-5.6616836,-2.3296106,11.354447,-0.08434964,-12.848383,-17.469149,15.643435,-17.84984,10.419731,-24.61679,16.392958,-35.7933,2.157404,-13.03528,17.302351,15.75075,-5.927476,-5.773138,1.7554247,10.2855015,-6.530105,1.8742689,6.238555,-9.7745905,4.999179,-21.000334,-8.121235,-13.788578,44.607616,-7.205521,2.5378022
587,-0.27175936102867126,333.8756103515625,104.48136138916016,1.34471218072909,-5.893181967254207,89.39958705659653,-5.5782537,-2.2526968,11.132701,-0.11322704,-12.60626,-18.145914,15.305001,-17.61089,11.918041,-24.235598,15.992108,-35.478523,2.801424,-12.858774,17.262089,15.422081,-6.3602815,-5.933496,1.8301066,10.644809,-6.5238466,1.6712075,5.877661,-9.978855,4.994668,-20.652557,-7.7420235,-14.607801,40.95063,-6.422477,3.100239
588,-0.23155030608177185,334.5693664550781,104.42018127441406,1.384852484516505,-5.650416129512017,89.63677134732609,-5.496978,-2.2252705,10.90863,-0.14741236,-12.432971,-18.765448,14.953464,-17.302345,13.480303,-23.940815,15.571804,-35.12429,3.4253426,-12.638087,17.207733,15.114301,-6.8107147,-6.1108055,1.834122,10.830474,-6.5419426,1.4412475,5.853264,-10.353954,4.9906235,-20.308805,-7.3558965,-15.436001,37.31882,-5.7793202,3.515947
589,-0.17825719714164734,335.2667236328125,104.34599304199219,1.4671362103758898,-5.399693361674246,89.86710974564842,-5.4105315,-2.2596688,10.677811,-0.19185618,-12.332099,-19.334835,14.594344,-16.911005,15.102705,-23.639936,15.1463995,-34.77803,4.029254,-12.371029,17.14852,14.8357525,-7.304308,-6.323534,1.738637,10.997834,-6.599157,1.2129418,5.8478184,-10.739202,4.9884553,-19.967876,-6.977542,-16.261517,33.677597,-5.294513,3.6889253
590,-0.10932211577892303,335.9570617675781,104.25811004638672,1.5841452379213996,-5.139941406570045,90.09184093794862,-5.3269596,-2.3449147,10.440171,-0.23455621,-12.294806,-19.845764,14.229822,-16.44363,16.776724,-23.310488,14.715206,-34.426437,4.608567,-12.05643,17.085041,14.597864,-7.785945,-6.5530615,1.569181,11.149834,-6.685652,0.98464394,5.842293,-11.119372,4.985306,-19.607418,-6.5974684,-17.119337,29.97091,-4.8586826,3.705254
591,-0.0397835299372673,336.6511535644531,104.160400390625,1.7220364165914233,-4.881592612091297,90.32625924467109,-5.269988,-2.4612138,10.210494,-0.26146823,-12.318354,-20.277014,13.864484,-15.928581,18.496908,-23.191254,14.243936,-33.96564,5.1522956,-11.698902,17.013924,14.381982,-8.235287,-6.7688537,1.3694514,11.303282,-6.791959,0.74474233,5.838799,-11.500909,4.9855156,-19.217052,-6.183211,-18.029793,26.249166,-4.491234,3.720741
592,0.029202468693256378,337.35906982421875,104.05548858642578,1.8673541370167752,-4.636677676656591,90.58737912256677,-5.262319,-2.591115,10.005912,-0.2616985,-12.402072,-20.606493,13.505232,-15.399178,20.254951,-23.52336,13.692939,-33.29402,5.655156,-11.30636,16.930227,14.163167,-8.628059,-6.9411187,1.182286,11.477041,-6.9012594,0.480536,5.838878,-11.889782,4.985514,-18.777573,-5.7163706,-19.01389,22.55572,-4.2068996,3.8846772
593,0.1037469133734703,338.0845642089844,103.93470764160156,2.0337854925129943,-4.415389030687993,90.89340708043399,-5.3165126,-2.7519195,9.835726,-0.24144155,-12.562109,-20.82953,13.158178,-14.847983,22.089695,-24.378176,13.02652,-32.506863,6.1309485,-10.881745,16.828234,13.915258,-8.970926,-7.0521455,0.99481905,11.688111,-7.024999,0.1742532,5.8348985,-12.284474,4.985193,-18.255468,-5.2113614,-20.146168,18.830593,-4.054729,4.117369
594,0.19093316793441772,338.7977600097656,103.80735778808594,2.246929416427258,-4.2223767262185286,91.24505585456363,-5.4320297,-2.9708421,9.696825,-0.20424227,-12.791224,-20.951113,12.82544,-14.272982,23.979536,-25.627275,12.261687,-31.626694,6.582451,-10.426444,16.711979,13.649034,-9.2682085,-7.117271,0.79489857,11.920937,-7.18851,-0.18146737,5.830107,-12.669056,4.9867096,-17.6761,-4.717286,-21.39491,15.09341,-4.0227065,4.3761806
595,0.2689495086669922,339.5075378417969,103.66136932373047,2.523631482106725,-4.068391966422227,91.64291602169793,-5.6187477,-3.2595265,9.591215,-0.1377926,-13.047303,-20.963556,12.5068445,-13.72133,25.82463,-27.21155,11.423403,-30.443596,6.9956813,-9.947871,16.591438,13.38582,-9.4873905,-7.1546187,0.6240544,12.195677,-7.4260826,-0.5905146,5.819747,-13.046444,5.0086613,-17.077795,-4.2966948,-22.64045,11.475325,-4.0159755,4.8641834
596,0.3495420217514038,340.2261962890625,103.49198913574219,2.882199385448462,-3.961806017277243,92.08879280773873,-5.8837247,-3.6305695,9.518339,-0.034424197,-13.292057,-20.86243,12.201069,-13.250976,27.52937,-29.074617,10.517969,-28.739735,7.363661,-9.458982,16.471058,13.140074,-9.59436,-7.181567,0.52452505,12.528332,-7.752769,-1.0585481,5.802483,-13.420865,5.0498414,-16.613756,-4.0692973,-23.733633,8.346318,-4.0510063,5.7829733
597,0.4311240613460541,340.962646484375,103.29176330566406,3.323032906866367,-3.905268803924281,92.60459678285959,-6.249561,-4.0843406,9.479409,0.10728539,-13.506036,-20.619638,11.902833,-12.895321,29.10926,-31.402254,9.439099,-26.446701,7.6929827,-8.968113,16.3478,12.903338,-9.519299,-7.2058415,0.5240342,12.925047,-8.16504,-1.6089272,5.7800846,-13.794657,5.1102066,-16.342644,-4.083304,-24.696287,5.804156,-4.1897235,7.4338202
598,0.5027916431427002,341.712890625,103.07234191894531,3.7893410900642586,-3.8780832394805675,93.16452529777021,-6.7010508,-4.554569,9.482868,0.29072553,-13.73617,-20.214413,11.667342,-12.668147,30.533962,-34.204147,8.119917,-23.689417,7.991034,-8.581135,16.28658,12.611513,-9.204335,-7.2076173,0.55614746,13.359278,-8.598346,-2.2090206,5.761243,-14.172385,5.1799393,-17.113317,-4.6560473,-25.290674,5.572694,-5.3577733,9.617475
599,0.5769808292388916,342.44989013671875,102.86022186279297,4.19335034909021,-3.839512289571178,93.67991938280177,-7.1480546,-4.945998,9.499325,0.51283437,-14.006657,-19.700079,11.461139,-12.509059,31.762737,-37.002754,6.643624,-20.569584,8.225505,-8.250704,16.276815,12.328696,-8.80873,-7.1960177,0.58548206,13.773904,-8.948691,-2.7579782,5.7495813,-14.548869,5.2298207,-17.863218,-5.175965,-25.746994,5.4874115,-6.4163346,11.73892
600,0.660772979259491,343.1921081542969,102.676025390625,4.486392981992527,-3.77672836822323,94.08598373798672,-7.5075574,-5.2094364,9.515761,0.75669193,-14.327436,-19.157856,11.237299,-12.375021,32.794502,-39.33879,5.1360016,-17.14041,8.376807,-7.8969755,16.286604,12.121636,-8.514806,-7.1767287,0.5791928,14.168742,-9.163711,-3.1776102,5.747944,-14.946118,5.2454014,-18.475681,-5.5039463,-26.00102,5.401277,-7.216693,13.240659
601,0.7529274225234985,343.9317626953125,102.50773620605469,4.727468474559545,-3.6499047109719864,94.36054558648001,-7.753884,-5.395932,9.486617,1.017507,-14.696644,-18.592422,10.982957,-12.266692,33.60084,-41.159046,3.591354,-13.090247,8.443822,-7.501737,16.298399,11.990643,-8.3447075,-7.134618,0.5314502,14.49197,-9.3225765,-3.469232,5.752968,-15.353071,5.245182,-19.016193,-5.691279,-26.007423,5.382858,-7.831106,14.0887985
602,0.8443426489830017,344.651123046875,102.3517837524414,4.925263275595237,-3.4911196590655047,94.54341850664262,-7.932331,-5.5189805,9.449163,1.3007361,-15.112001,-17.969526,10.717343,-12.205482,34.19048,-42.646782,1.95056,-8.461812,8.443538,-7.097774,16.317568,11.896949,-8.220591,-7.0697904,0.46610045,14.7722025,-9.438739,-3.6677,5.761745,-15.758787,5.235629,-19.442333,-5.746468,-25.805489,5.371565,-8.212859,14.4997425
603,0.9275224208831787,345.358154296875,102.21693420410156,5.034819306389234,-3.3135789421202295,94.65036805853757,-8.062749,-5.5365953,9.450372,1.6155924,-15.613407,-17.300024,10.498192,-12.17838,34.55287,-43.804348,0.35886964,-3.8012767,8.393116,-6.7701297,16.378326,11.771028,-8.099547,-6.9895787,0.38484424,15.029909,-9.463321,-3.7711577,5.7758794,-16.167305,5.207658,-19.764961,-5.641071,-25.24665,5.3712163,-8.035983,14.181774
604,0.9756123423576355,346.0301513671875,102.09580993652344,5.021841424583461,-3.1240902195304194,94.6976383338278,-8.138319,-5.422871,9.452278,1.9416126,-16.126883,-16.720362,10.267025,-12.156035,34.997322,-44.57404,-1.0711596,0.2671768,8.255251,-6.4378514,16.448753,11.779754,-8.0616,-6.969068,0.31036597,15.265006,-9.371121,-3.7845418,5.7944245,-16.565186,5.1663523,-20.00649,-5.362595,-24.242277,5.4027276,-7.042855,12.931727
605,1.025154948234558,346.67474365234375,102.03363800048828,4.828704539718853,-2.9261709340938897,94.62655562949101,-8.117858,-5.118952,9.497193,2.2819834,-16.728409,-16.21789,10.0332775,-12.091837,35.45896,-44.99902,-2.2503676,3.7748408,7.9991593,-6.111403,16.526981,11.920139,-8.106016,-7.0172644,0.2563125,15.484594,-9.084811,-3.6309795,5.825479,-16.971884,5.07306,-20.584105,-5.008361,-22.590658,6.390809,-5.503634,10.585172
606,1.0626436471939087,347.3417663574219,102.0187759399414,4.492404503674945,-2.706120128304719,94.44876861782875,-8.012531,-4.6591315,9.563501,2.6417444,-17.419939,-15.755497,9.746436,-11.947436,35.877907,-45.0514,-3.1889455,7.0079803,7.6426773,-5.715026,16.596605,12.163047,-8.288913,-7.0887065,0.21740596,15.701359,-8.655062,-3.3306127,5.870116,-17.407312,4.9463587,-21.137585,-4.4404917,-20.662582,7.558835,-3.3135579,7.511668
607,1.0855519771575928,348.05865478515625,102.00965118408203,4.049106510873038,-2.4891502089403525,94.2981749172373,-7.9181886,-4.089523,9.615816,3.020049,-18.051409,-15.345045,9.399271,-11.721514,36.372902,-44.729916,-3.8644764,9.724749,7.2699957,-5.2328897,16.587423,12.495714,-8.638095,-7.1845927,0.23139298,15.924153,-8.094816,-3.0098968,5.9295573,-17.813364,4.786588,-21.58714,-3.7349749,-18.928766,8.678752,-0.9392115,4.3769507
608,1.1005768775939941,348.80340576171875,102.00506591796875,3.5877251649206072,-2.2893303890721723,94.31335528991733,-7.9548154,-3.5032835,9.65069,3.430046,-18.533379,-14.93618,9.14887,-11.557659,36.875107,-44.24337,-4.264844,11.74817,6.9876375,-4.868285,16.58988,12.742893,-8.9789715,-7.2618885,0.23838447,16.172426,-7.476939,-2.8161018,5.994446,-18.135944,4.609627,-21.93613,-3.071554,-17.68648,9.663689,1.1515316,1.6804664
609,1.1197254657745361,349.5776062011719,102.01078796386719,3.1051617650531784,-2.1096502592314264,94.5525677787283,-8.186658,-2.9026535,9.661323,3.8952997,-18.826113,-14.534478,8.996883,-11.400601,37.425644,-43.474113,-4.285099,12.915762,6.7842464,-4.598991,16.631083,12.937339,-9.351808,-7.3186183,0.2181827,16.454952,-6.7820926,-2.7906616,6.0641356,-18.340734,4.412916,-22.108315,-2.456654,-16.977634,10.36204,2.8900177,-0.52534527
610,1.1330472230911255,350.3695983886719,102.03836059570312,2.560285727026609,-1.9391917788597657,94.93786388406293,-8.558332,-2.2439601,9.668697,4.418159,-18.997395,-14.130664,8.939284,-11.234402,37.975285,-42.46458,-3.9554849,13.37397,6.609463,-4.4107485,16.720839,13.113783,-9.755885,-7.3662367,0.17611341,16.76459,-5.9797707,-2.844608,6.1383357,-18.401806,4.1878,-22.125408,-1.8334436,-16.700146,10.874037,4.2340574,-2.328597
611,1.1555469036102295,351.1847229003906,102.07183074951172,1.9782754398492652,-1.7648738495501863,95.38581366270162,-8.993403,-1.5480486,9.662585,4.9905205,-19.065306,-13.693211,8.956512,-11.121011,38.486103,-41.44461,-3.4904165,13.348633,6.4541306,-4.293401,16.859312,13.281603,-10.141207,-7.406358,0.122168824,17.080204,-5.11626,-2.915579,6.218653,-18.274155,3.938918,-22.004557,-1.2084804,-16.796558,11.209962,5.106502,-3.6794543
612,1.1604957580566406,352.03515625,102.1243667602539,1.3887549780769997,-1.5749131863532184,95.81304028716471,-9.403737,-0.83949625,9.628524,5.591384,-19.048925,-13.204926,9.020137,-11.138972,38.93813,-40.643703,-3.1068008,13.073879,6.3211837,-4.2403026,17.033396,13.438738,-10.457807,-7.44001,0.06755663,16.232939,-4.3040504,-3.1638715,8.550927,-19.026524,3.6723897,-21.823973,-0.59172946,-17.135675,11.449561,5.5150447,-4.6040764
613,1.1638728380203247,352.914306640625,102.19149780273438,0.7795941770291138,-1.3474142329597363,96.24595696051495,-9.789887,-0.100465424,9.533755,6.2014475,-18.912382,-12.693771,9.115906,-11.350824,39.406185,-40.126217,-2.855069,12.424328,6.2394347,-4.2495484,17.218689,13.573559,-10.708861,-7.4785924,0.013212853,15.472504,-3.4522827,-3.4202688,10.632418,-19.39951,3.3864696,-21.569513,0.034568343,-17.686195,11.536761,5.5855117,-5.182899
614,1.1623507738113403,353.7958984375,102.27377319335938,0.14414893123410258,-1.091090482859464,96.70553956032059,-10.161408,0.6770727,9.393491,6.815316,-18.657022,-12.191728,9.240827,-11.730059,39.915417,-39.758186,-2.6422608,11.34073,6.213655,-4.3185277,17.401133,13.681797,-10.923965,-7.519911,-0.04146794,14.815361,-2.5524075,-3.6979299,12.498099,-19.447357,3.0911481,-21.127983,0.69631666,-18.395573,11.369395,5.4353113,-5.4867992
615,1.1512584686279297,354.6465148925781,102.38801574707031,-0.48112154492733494,-0.8402245233040472,97.10200821194414,-10.450481,1.4602202,9.254418,7.4350343,-18.363276,-11.67697,9.380657,-12.202316,40.36588,-39.469532,-2.4558604,10.154582,6.208248,-4.4395375,17.588062,13.77619,-11.092123,-7.545448,-0.08885842,14.15562,-1.6753608,-3.950401,14.326947,-19.226076,2.7943122,-20.76511,1.3625759,-19.05656,11.24256,5.1532445,-5.647715
616,1.1500545740127563,355.4852600097656,102.51617431640625,-1.0303661637337682,-0.6453895032728786,97.3548045811676,-10.603044,2.1820707,9.164561,8.066229,-18.107838,-11.114966,9.515699,-12.675465,40.6517,-39.181854,-2.2786207,9.191389,6.1882687,-4.6037993,17.788984,13.8687105,-11.206549,-7.5342326,-0.12025521,13.515228,-0.9270632,-4.120548,16.145111,-18.762245,2.514253,-20.260933,1.9930927,-19.571596,11.0706625,4.748905,-5.6705813
617,1.155234932899475,356.3154602050781,102.63040161132812,-1.4909900956923106,-0.5196912768057403,97.39526259462168,-10.567045,2.845683,9.12078,8.727417,-17.891394,-10.483281,9.629598,-13.132687,40.75473,-38.84976,-2.0995255,8.49249,6.142455,-4.812877,18.005804,13.985168,-11.256693,-7.4911957,-0.13752745,13.039747,-0.34531468,-4.1200185,17.84057,-18.149002,2.2605882,-19.646322,2.6247802,-19.868914,10.83557,4.3103147,-5.6311717
618,1.1488291025161743,357.1448669433594,102.74337768554688,-1.8875815433849554,-0.438798430062356,97.28121532749932,-10.38654,3.4724941,9.089284,9.411916,-17.677036,-9.799865,9.718067,-13.594653,40.736103,-38.4996,-1.9278014,7.888914,6.0877194,-5.0683994,18.235384,14.115423,-11.253924,-7.423861,-0.1445654,12.660183,0.11854545,-4.0052404,19.44206,-17.455824,2.0275989,-19.011618,3.2226467,-20.002922,10.613568,3.849762,-5.5382314
619,1.146111249923706,357.97021484375,102.86856842041016,-2.2255047572257687,-0.3937943081856631,97.11168710110316,-10.144353,4.0378556,9.073983,10.088677,-17.494154,-9.083665,9.783303,-14.019515,40.603855,-38.162857,-1.7771641,7.388296,6.0258045,-5.358736,18.4776,14.224493,-11.229132,-7.319271,-0.13276838,12.239822,0.4969718,-3.8774068,21.149748,-16.78096,1.8226905,-18.293756,3.7908795,-20.075602,10.272163,3.442458,-5.4310393
620,1.1670135259628296,358.7945556640625,102.99907684326172,-2.5086942894179045,-0.377314555734151,96.98840207105447,-9.932667,4.512805,9.086072,10.735159,-17.369463,-8.343266,9.831575,-14.350094,40.352924,-37.86729,-1.6558204,6.9974856,5.951625,-5.6624894,18.737255,14.287126,-11.218342,-7.164384,-0.09141132,11.706252,0.8240131,-3.8236952,23.05591,-16.101706,1.6479855,-17.55288,4.29156,-20.165064,9.940339,3.0315912,-5.34922
621,1.2009789943695068,359.5902099609375,103.13125610351562,-2.7236422647694805,-0.40204641983856043,96.91661946927915,-9.770496,4.875599,9.141318,11.373377,-17.32768,-7.540026,9.863953,-14.537415,39.92976,-37.597424,-1.5550549,6.7537336,5.8523765,-5.9617333,19.01579,14.325199,-11.235001,-6.948499,0.00509756,11.069552,1.0759696,-3.8357067,25.164381,-15.268431,1.5313215,-16.806438,4.6938477,-20.26476,9.651309,2.6216006,-5.296678
622,1.2779526710510254,360.3726501464844,103.26446533203125,-2.873544140978664,-0.46832861626243105,96.85080617574744,-9.622362,5.141911,9.233902,12.016667,-17.35238,-6.6653876,9.88042,-14.597961,39.333614,-37.337925,-1.4668838,6.641795,5.7231064,-6.2514725,19.311586,14.361988,-11.27403,-6.6842465,0.15101728,10.380616,1.2451378,-3.8641615,27.392288,-14.243035,1.4497143,-16.042162,5.0376005,-20.346004,9.391663,2.1978173,-5.2750993
623,1.3628745079040527,361.15728759765625,103.39955139160156,-2.985826824578802,-0.5508368908179373,96.81657361626014,-9.495478,5.3372407,9.347339,12.626043,-17.410917,-5.777035,9.889733,-14.58377,38.640755,-37.124996,-1.4013761,6.5920186,5.573878,-6.529977,19.622013,14.369242,-11.341146,-6.393604,0.30972055,9.613701,1.3840882,-3.9455526,29.712975,-13.076012,1.3191675,-15.265901,5.3305817,-20.444006,9.145133,1.763366,-5.2572603
624,1.4816908836364746,361.9220886230469,103.5242691040039,-3.087383838005468,-0.6241000505274523,96.83882586680079,-9.393371,5.486498,9.464198,13.159784,-17.471178,-4.93487,9.9062605,-14.559041,37.92995,-37.00289,-1.3699937,6.536293,5.4175596,-6.7966814,19.942902,14.316357,-11.438942,-6.09901,0.44325724,8.756234,1.5416372,-4.117616,32.07922,-11.809577,1.0530857,-14.50654,5.62073,-20.59633,8.88582,1.3376031,-5.2607427
625,1.6063313484191895,362.6894836425781,103.64848327636719,-3.170265475701911,-0.6755837228317608,96.94178026204227,-9.327074,5.5711346,9.57335,13.603032,-17.513771,-4.1309676,9.943479,-14.544255,37.18474,-37.064983,-1.3934414,6.4769936,5.265245,-7.0470123,20.278624,14.183022,-11.594754,-5.7947426,0.5346443,7.7559004,1.7097492,-4.4329195,34.549797,-10.414987,0.6090195,-13.759688,5.8792777,-20.823101,8.609226,0.9150138,-5.265522
626,1.7337570190429688,363.4544372558594,103.77013397216797,-3.224934892669358,-0.7219067695764233,97.10584980129451,-9.287439,5.581902,9.689323,13.977788,-17.563229,-3.3406677,10.006144,-14.5210495,36.365974,-37.27888,-1.4591633,6.452411,5.108903,-7.2787495,20.623749,13.989452,-11.800191,-5.4745655,0.6103755,6.6335163,1.8493061,-4.8699636,37.133945,-8.891216,0.01643472,-13.039922,6.0881,-21.098663,8.374516,0.47107428,-5.2712708
627,1.8729770183563232,364.1593017578125,103.8725357055664,-3.274087185105741,-0.7809722866862334,97.28926293879637,-9.2465,5.556935,9.831017,14.297445,-17.644053,-2.6030214,10.093203,-14.498898,35.52882,-37.49889,-1.5296384,6.4438815,4.934712,-7.497852,20.95951,13.762469,-12.0016365,-5.1598015,0.6958838,5.4742227,1.9643987,-5.359727,39.73801,-7.3358865,-0.69054276,-12.362784,6.287173,-21.389242,8.177953,0.038487136,-5.289296
628,2.014343500137329,364.84588623046875,103.96024322509766,-3.338994936150585,-0.870313213648723,97.4513531175407,-9.171359,5.53521,10.015513,14.568606,-17.780605,-1.9647495,10.19915,-14.4972315,34.73916,-37.579544,-1.5701085,6.4319263,4.7351847,-7.7169547,21.260878,13.521301,-12.144291,-4.8703895,0.8164465,4.338962,2.0696864,-5.834314,42.316345,-5.8656588,-1.4550604,-11.671501,6.510573,-21.66739,7.994019,-0.39459354,-5.301589
629,2.1384449005126953,365.518798828125,104.03321075439453,-3.431382427025912,-0.9889433708746553,97.58901872730982,-9.050518,5.5312963,10.247727,14.770537,-18.002674,-1.4392682,10.317581,-14.525542,33.986984,-37.520927,-1.5699489,6.426259,4.5134997,-7.946456,21.519182,13.253596,-12.183619,-4.623175,0.97504574,3.1941268,2.1783404,-6.318756,44.948612,-4.5272164,-2.2340472,-10.966369,6.758522,-21.933697,7.829861,-0.8322812,-5.2931075
630,2.237745761871338,366.1750793457031,104.09178924560547,-3.5363695859467725,-1.1293749772513781,97.72250349040924,-8.896849,5.5263534,10.516846,14.900171,-18.287611,-1.0106294,10.446242,-14.5821905,33.260582,-37.387035,-1.5509683,6.4297523,4.280857,-8.189134,21.74517,12.943321,-12.152347,-4.400851,1.1563045,2.0149555,2.280291,-6.83876,47.649323,-3.2588885,-3.050768,-10.291549,6.989558,-22.196442,7.760822,-1.3079864,-5.261174
631,2.327453851699829,366.83819580078125,104.14354705810547,-3.6374051032422514,-1.2989239554234477,97.84278186496624,-8.709963,5.5122395,10.815304,14.988786,-18.571756,-0.6890742,10.586338,-14.6723995,32.62652,-37.12793,-1.5265383,6.4102054,4.038616,-8.444767,21.946478,12.605273,-12.11039,-4.1732926,1.3552887,0.856958,2.3712907,-7.3239202,50.30843,-2.0260825,-3.9290862,-9.612701,7.202503,-22.442976,7.758138,-1.8214813,-5.213756
632,2.4244790077209473,367.4761047363281,104.18585205078125,-3.718279121422801,-1.5047898296218252,97.94103857026984,-8.489226,5.4802766,11.1359,15.067301,-18.795296,-0.48510712,10.741037,-14.803798,32.150696,-36.695553,-1.5102515,6.3366337,3.7879348,-8.711149,22.127934,12.255077,-12.119722,-3.9111125,1.5694504,-0.21990667,2.453402,-7.703644,52.80201,-0.78499943,-4.891322,-8.947667,7.3856063,-22.654835,7.831898,-2.3597226,-5.1691084
633,2.523224353790283,368.0942077636719,104.22373962402344,-3.7797063806236726,-1.7737140286638793,98.01023170917279,-8.22842,5.4312487,11.513781,15.142116,-18.96861,-0.4221014,10.913942,-14.982523,31.834646,-36.06211,-1.4968593,6.2052975,3.5175354,-8.987841,22.289831,11.88106,-12.186311,-3.5976367,1.7903051,-1.1826565,2.5233982,-7.9986277,55.12577,0.5776679,-6.0853662,-8.235836,7.546622,-22.830679,7.928473,-2.9020963,-5.121534
634,2.610532760620117,368.69879150390625,104.26107788085938,-3.8297089684592893,-2.0934174645873345,98.0572606076224,-7.9295864,5.3717556,11.94023,15.195939,-19.115063,-0.4882407,11.104851,-15.208943,31.647673,-35.26243,-1.4837945,6.032479,3.2312744,-9.274353,22.430376,11.480896,-12.279953,-3.2526584,2.0219138,-2.076595,2.591802,-8.241859,57.35397,2.0038593,-7.437839,-7.4562473,7.697966,-22.98488,7.985866,-3.4198775,-5.0617304
635,2.7181954383850098,369.2776794433594,104.29310607910156,-3.865202433432658,-2.41211561742077,98.09407330822776,-7.604442,5.2993484,12.341024,15.225315,-19.189468,-0.64301205,11.310907,-15.480217,31.60936,-34.340473,-1.4896454,5.817348,2.9505777,-9.5688925,22.547764,11.08553,-12.414419,-2.9015522,2.285063,-2.9572566,2.697306,-8.367613,59.469532,3.2871053,-8.629896,-6.6793256,7.854469,-23.12504,8.003489,-3.9033287,-5.016556
636,2.8156893253326416,369.8839416503906,104.32927703857422,-3.8834965504572447,-2.6777983663636733,98.1326382490898,-7.2646246,5.2115455,12.642264,15.226108,-19.145363,-0.8456339,11.527644,-15.791258,31.739952,-33.337982,-1.5330832,5.558915,2.6980991,-9.867835,22.640379,10.725084,-12.60353,-2.5703425,2.5996022,-3.8887975,2.8950675,-8.294645,61.465813,4.212224,-9.330399,-5.922222,8.000895,-23.261637,7.962229,-4.360693,-4.9634604
637,2.9168760776519775,370.5014343261719,104.36265563964844,-3.8915469408153704,-2.8711068323817406,98.17505723163244,-6.9082,5.1147604,12.816703,15.192599,-18.9644,-1.1093249,11.753593,-16.141651,32.072975,-32.23693,-1.6335621,5.227188,2.4785535,-10.169688,22.708624,10.411844,-12.887081,-2.2825246,2.960678,-4.899205,3.2597198,-7.9357853,63.35155,4.6921186,-9.391541,-5.230785,8.148726,-23.394703,7.8880773,-4.795435,-4.9187174
638,3.0280799865722656,371.1370849609375,104.39683532714844,-3.890496593783671,-3.0216538189098943,98.21489401814037,-6.5300517,5.0093813,12.905842,15.125706,-18.670635,-1.4507836,11.987957,-16.533525,32.590176,-31.022612,-1.7808238,4.836388,2.280759,-10.47406,22.751514,10.129551,-13.248652,-2.020654,3.3625717,-5.9560914,3.7795713,-7.345221,65.135605,4.8401585,-8.985439,-4.5397434,8.316047,-23.524193,7.7230687,-5.188585,-4.882104
639,3.126931667327881,371.7749938964844,104.43238067626953,-3.8699899319135347,-3.150247344810057,98.24955007097384,-6.1365666,4.881761,12.93853,15.031022,-18.288664,-1.8313522,12.226414,-16.962662,33.23533,-29.739035,-1.9466351,4.4502997,2.104959,-10.777963,22.76409,9.867559,-13.61928,-1.7490869,3.8233304,-7.014771,4.376043,-6.6427355,66.77391,4.75619,-8.267856,-3.869343,8.456867,-23.64174,7.5479536,-5.569637,-4.8346148
640,3.230224847793579,372.3885803222656,104.46623229980469,-3.8195945586993543,-3.277147934872629,98.27666193573037,-5.7345214,4.716653,12.94306,14.915787,-17.84222,-2.2144668,12.462752,-17.42243,33.95527,-28.426891,-2.0995636,4.1280017,1.947492,-11.076263,22.741522,9.618234,-13.931363,-1.4317019,4.36132,-8.033538,4.9543085,-5.9470043,68.219376,4.5502205,-7.404234,-3.2354708,8.555,-23.741879,7.4124455,-5.9532404,-4.783468
641,3.334043264389038,373.0295715332031,104.5074462890625,-3.7320328739733655,-3.4092588002519175,98.29861124548307,-5.3230834,4.5065637,12.915899,14.779616,-17.301731,-2.6166782,12.695824,-17.939278,34.7925,-27.080982,-2.249808,3.8442442,1.8139666,-11.365127,22.686142,9.393126,-14.190208,-1.0648662,4.9725437,-9.00247,5.5028715,-5.2478714,69.46855,4.168048,-6.337982,-2.5657916,8.617228,-23.832256,7.248547,-6.337326,-4.7147875
642,3.4367899894714355,373.67156982421875,104.5501480102539,-3.614562505063613,-3.5352651323913657,98.31435322396594,-4.896678,4.2581325,12.844721,14.615769,-16.664349,-3.055339,12.925947,-18.512093,35.763466,-25.684084,-2.4083138,3.582288,1.7054074,-11.64366,22.593615,9.194552,-14.430008,-0.6672175,5.6522207,-9.934333,6.048724,-4.5017285,70.53821,3.5679345,-5.039706,-1.9095594,8.640031,-23.910059,7.098952,-6.725147,-4.635854
643,3.5421979427337646,374.314453125,104.59452819824219,-3.471307074569036,-3.648627872545362,98.31760693644912,-4.460737,3.979908,12.744883,14.428917,-15.995766,-3.4850452,13.146987,-19.080402,36.772232,-24.250643,-2.5376523,3.4060526,1.6095117,-11.910669,22.45415,9.003737,-14.627083,-0.23499358,6.4163074,-10.830544,6.551336,-3.7710562,71.43042,2.87747,-3.7124484,-1.265706,8.635722,-23.976374,6.9418416,-7.1036377,-4.5520983
644,3.6388397216796875,374.9512634277344,104.6396484375,-3.310181440388966,-3.742256675630115,98.30293197532987,-4.027284,3.681824,12.632516,14.231245,-15.357865,-3.8521736,13.348061,-19.566309,37.720142,-22.78497,-2.5952027,3.3720493,1.5068487,-12.164144,22.265877,8.807822,-14.757523,0.23686695,7.279377,-11.6982355,6.976939,-3.1105435,72.15012,2.233569,-2.5480309,-0.6464195,8.606137,-24.031168,6.776704,-7.4634223,-4.4613767
645,3.729613780975342,375.593505859375,104.68826293945312,-3.128163793687037,-3.8076677507055616,98.26365732530935,-3.598382,3.3582573,12.499544,14.038887,-14.74585,-4.142441,13.518805,-19.944172,38.604954,-21.289236,-2.5472476,3.5001693,1.3919579,-12.40157,22.051472,8.61609,-14.844495,0.7582672,8.21622,-12.545355,7.326484,-2.496753,72.69197,1.6701161,-1.5992593,-0.041680664,8.556127,-24.074251,6.5748096,-7.79478,-4.3633933
646,3.831432819366455,376.2379150390625,104.73562622070312,-2.9204243200250137,-3.850857574802622,98.20505851158464,-3.178656,3.0064323,12.3413725,13.852623,-14.129489,-4.3761926,13.65619,-20.231062,39.47564,-19.742657,-2.4140882,3.7444248,1.2630135,-12.62215,21.817,8.443311,-14.894579,1.326134,9.226235,-13.363638,7.605188,-1.904854,73.0516,1.1244117,-0.76939625,0.51839936,8.474141,-24.103642,6.4105124,-8.137423,-4.266516
647,3.940049648284912,376.8711242675781,104.78096008300781,-2.7000143859587475,-3.8846608834303127,98.14026111329542,-2.7820816,2.64001,12.178658,13.660712,-13.541162,-4.5518775,13.760942,-20.41618,40.30906,-18.11675,-2.2319934,4.0628133,1.1051604,-12.826442,21.532995,8.282807,-14.859542,1.9281346,10.361159,-14.149613,7.789447,-1.3849022,73.250244,0.58854085,-0.01607582,1.0646172,8.381781,-24.128456,6.236722,-8.466059,-4.1736035
648,4.035472393035889,377.5088195800781,104.82623291015625,-2.477377657905505,-3.922302802752311,98.08242466231837,-2.422637,2.2726278,12.031621,13.451192,-13.015326,-4.6669774,13.835762,-20.486547,41.07811,-16.38114,-2.0378819,4.4148374,0.90413076,-13.015249,21.1688,8.127036,-14.693054,2.554081,11.673964,-14.90478,7.855867,-0.9903965,73.313324,0.053204596,0.704102,1.6477518,8.291186,-24.160769,6.0024953,-8.766263,-4.071803
649,4.127269744873047,378.1432800292969,104.86962890625,-2.251979656045509,-3.9674898254989244,98.03676015373811,-2.1035776,1.9041036,11.903283,13.226262,-12.548226,-4.716156,13.879265,-20.421473,41.767982,-14.408319,-1.8319134,4.816279,0.6538673,-13.187199,20.715845,7.957603,-14.425224,3.2454734,13.24504,-15.633879,7.785432,-0.7428326,73.24193,-0.4706737,1.4373546,2.2264795,8.188215,-24.197302,5.7952595,-9.079808,-3.967819
650,4.213750839233398,378.7697448730469,104.91094970703125,-2.02024895252963,-4.012559007667996,97.99645746786837,-1.8186417,1.5281546,11.782047,12.991897,-12.126408,-4.701265,13.889009,-20.230255,42.397522,-12.250661,-1.5888268,5.2747374,0.35997805,-13.341394,20.189545,7.7875795,-14.078597,4.0001493,15.024035,-16.339422,7.590873,-0.60970014,73.02516,-0.97609216,2.1491566,2.7074816,8.02844,-24.224903,5.7911663,-9.487627,-3.8584423
651,4.299828052520752,379.39398193359375,104.94215393066406,-1.7861525646297676,-4.054390629331872,97.95643048398561,-1.5645229,1.1530381,11.667224,12.738098,-11.764527,-4.632748,13.869294,-19.952473,42.987766,-10.154547,-1.3153106,5.7436795,0.031041464,-13.479227,19.596447,7.649903,-13.587235,4.7481256,16.860737,-17.007265,7.3020277,-0.5618685,72.65298,-1.4723378,2.7617443,3.1833823,7.8653874,-24.253542,5.787696,-9.893931,-3.749358
652,4.381077289581299,379.9984436035156,104.96522521972656,-1.5548616991476878,-4.089480791198643,97.91128284540333,-1.3340338,0.78604496,11.559253,12.451365,-11.478608,-4.522775,13.830406,-19.636791,43.556747,-8.374,-1.0256845,6.1830115,-0.31905004,-13.603884,18.93724,7.570658,-12.876,5.4231305,18.606144,-17.629599,6.949656,-0.5724488,72.1261,-1.9741594,3.1979873,3.64,7.7011557,-24.28022,5.7831707,-10.285745,-3.64178
653,4.447403907775879,380.605712890625,104.98873901367188,-1.3211231498696012,-4.120664110102625,97.86141301041623,-1.1288673,0.42015076,11.462763,12.1247225,-11.291339,-4.3667774,13.782855,-19.297083,44.092438,-6.944314,-0.712227,6.6220713,-0.69735473,-13.716969,18.184687,7.533926,-11.942179,6.051499,20.348835,-18.20304,6.516893,-0.6629767,71.44605,-2.5006979,3.4065695,4.094741,7.5240498,-24.309526,5.779958,-10.675986,-3.5237339
654,4.523134231567383,381.215576171875,105.00617218017578,-1.0851876351747949,-4.148661884743248,97.80907954394037,-0.945564,0.05343327,11.3772135,11.761879,-11.191182,-4.1633716,13.730382,-18.924362,44.583916,-5.7556586,-0.37370414,7.07582,-1.100533,-13.818734,17.339407,7.5246468,-10.818601,6.6708117,22.123386,-18.731375,6.0027094,-0.8358363,70.608574,-3.0340497,3.4456775,4.546819,7.350463,-24.340439,5.775976,-11.068081,-3.410829
655,4.590740203857422,381.8294677734375,105.01724243164062,-0.8592343545355363,-4.167100297087321,97.7521453269271,-0.7719025,-0.30052453,11.295164,11.367903,-11.143119,-3.925177,13.673951,-18.527483,45.047573,-4.841114,-0.042097226,7.4869533,-1.5002198,-13.912894,16.447105,7.5706625,-9.469543,7.2307615,23.69966,-19.22701,5.4615407,-1.0404819,69.630646,-3.5502892,3.400261,4.9898834,7.184001,-24.368586,5.7735677,-11.460438,-3.2956073
656,4.644327640533447,382.437744140625,105.02195739746094,-0.6577684824784036,-4.169145407706474,97.68874286534826,-0.5968058,-0.6264974,11.209785,10.948042,-11.111337,-3.663993,13.613395,-18.114798,45.49971,-4.2341323,0.24741499,7.799337,-1.8682748,-14.006058,15.560195,7.6979837,-7.845458,7.6733627,24.844244,-19.708363,4.9444575,-1.2292473,68.53548,-4.027045,3.3526478,5.410219,7.03752,-24.38762,5.771436,-11.844718,-3.1801696
657,4.694716930389404,383.0385437011719,105.01715850830078,-0.4836466043903842,-4.152826092951406,97.62416704647177,-0.42774993,-0.9216724,11.12168,10.507297,-11.092961,-3.3699415,13.549562,-17.675955,45.933197,-4.045436,0.48089722,7.9968944,-2.2010503,-14.1056185,14.682923,7.9072037,-5.8918,7.9674373,25.506573,-20.183607,4.445109,-1.4237417,67.32192,-4.466046,3.31188,5.8043656,6.9220824,-24.400566,5.767267,-12.221139,-3.0726912
658,4.723512172698975,383.638916015625,105.00850677490234,-0.3304889481036827,-4.12185753655829,97.55767821266193,-0.26966667,-1.1917316,11.035343,10.043991,-11.1065445,-3.0339365,13.4832945,-17.205694,46.333927,-4.222583,0.67262995,8.112412,-2.5114822,-14.213923,13.802172,8.181542,-3.6264918,8.1361475,25.805119,-20.64266,3.9474735,-1.6392261,65.9831,-4.8801513,3.2420664,6.183093,6.8183618,-24.409788,5.761199,-12.590855,-2.9583344
659,4.748577117919922,384.2392272949219,104.9952621459961,-0.1935359815819427,-4.077670882776932,97.47728297556806,-0.10751046,-1.4356153,10.948651,9.55341,-11.148,-2.672787,13.413146,-16.721848,46.711933,-4.5545187,0.83057696,8.162774,-2.799078,-14.329198,12.943346,8.524121,-1.1072886,8.188398,25.765926,-21.074333,3.4833417,-1.8176669,64.52034,-5.2534227,3.153749,6.5432596,6.729718,-24.402514,5.759394,-12.958889,-2.8466687
660,4.760782241821289,384.8277893066406,104.97330474853516,-0.06857464231210783,-4.021694034823777,97.37169575004971,0.07249406,-1.6531544,10.858855,9.031976,-11.212193,-2.305056,13.337074,-16.24145,47.080814,-4.8295584,0.96311295,8.164728,-3.064691,-14.447949,12.134403,8.940414,1.6071124,8.129731,25.41397,-21.456194,3.0811512,-1.8975669,62.919212,-5.5661364,3.053936,6.8839517,6.6448035,-24.368202,5.7546945,-13.312406,-2.7328093
661,4.773603916168213,385.4182434082031,104.94650268554688,0.044253486768240785,-3.955324541554946,97.23757737817296,0.27769008,-1.843602,10.7684555,8.464788,-11.310804,-1.9304711,13.25333,-15.758104,47.43846,-5.0756283,1.0622001,8.09419,-3.2907948,-14.57098,11.383553,9.435706,4.6078925,7.8972497,24.675875,-21.789642,2.7493272,-1.8650742,61.17929,-5.8048263,2.917272,7.212016,6.571842,-24.304043,5.7499776,-13.662983,-2.62282
662,4.769566059112549,386.0201416015625,104.91808319091797,0.1429369159160591,-3.8774440525729994,97.0813077555194,0.49900573,-2.0056522,10.678197,7.858398,-11.443659,-1.5408009,13.1608715,-15.2657,47.780216,-5.3759336,1.126804,7.9503903,-3.4777544,-14.697012,10.683348,10.004182,7.8871245,7.4544697,23.584175,-22.082283,2.4697511,-1.751904,59.30442,-5.9833174,2.746146,7.5337205,6.5028844,-24.217903,5.7451167,-14.0133915,-2.5047011
663,4.768471717834473,386.6146240234375,104.88385009765625,0.23024019866240028,-3.7851255911874633,96.90527287488663,0.72612214,-2.1412907,10.58135,7.241583,-11.584652,-1.1436639,13.059504,-14.782849,48.119038,-5.601969,1.1760226,7.786657,-3.658476,-14.81712,10.030902,10.640668,11.233347,6.8623786,22.321304,-22.334326,2.22934,-1.568077,57.29736,-6.121682,2.5888033,7.8327284,6.445411,-24.107685,5.7396054,-14.3549,-2.3929794
664,4.754726886749268,387.2072448730469,104.84600067138672,0.30676949133608583,-3.6752268430070525,96.71206428805114,0.9491306,-2.2541842,10.470347,6.6428695,-11.707514,-0.74894893,12.950409,-14.330981,48.47044,-5.626552,1.2280637,7.6584506,-3.8681211,-14.918271,9.416222,11.342442,14.437153,6.209337,21.060524,-22.537863,2.0168662,-1.3227216,55.15591,-6.243866,2.4939318,8.111353,6.389234,-23.976973,5.733046,-14.687693,-2.2763886
665,4.750020503997803,387.80401611328125,104.80635070800781,0.37459511711329413,-3.5462830140855623,96.49616191815221,1.1745592,-2.3447366,10.344297,6.0637116,-11.803522,-0.36393854,12.835294,-13.918401,48.840504,-5.390822,1.2819519,7.579979,-4.108226,-14.989449,8.836865,12.1164,17.533617,5.491045,19.812693,-22.691238,1.8423704,-1.0014782,52.872456,-6.393764,2.508364,8.367165,6.3446736,-23.818356,5.726487,-15.016255,-2.1664965
666,4.729867458343506,388.4139099121094,104.76354217529297,0.4315601049558712,-3.3998561141217576,96.25822496334514,1.4066023,-2.4148505,10.206194,5.4896817,-11.888912,0.014078867,12.715257,-13.538327,49.223267,-4.972894,1.3304173,7.5246234,-4.362246,-15.0255,8.289029,12.96358,20.589842,4.659298,18.513315,-22.804745,1.7048286,-0.60732704,50.455276,-6.546177,2.594848,8.610746,6.29926,-23.636024,5.7203383,-15.343906,-2.0472295
667,4.703998565673828,389.0221862792969,104.71585083007812,0.4778457316441872,-3.2386610032323597,96.01002493233429,1.6324503,-2.4692214,10.05316,4.9238815,-11.966127,0.3925074,12.591535,-13.188294,49.615852,-4.450357,1.3818119,7.4864736,-4.638447,-15.02376,7.755154,13.87243,23.455315,3.7678485,17.203375,-22.867023,1.5826654,-0.17234458,47.906307,-6.6235576,2.6751525,8.8359,6.258249,-23.43985,5.7145643,-15.666572,-1.9277042
668,4.677789688110352,389.63201904296875,104.66230010986328,0.5121922242688082,-3.065381445304492,95.76328611940124,1.8409709,-2.5111978,9.883261,4.3682156,-12.040152,0.7757801,12.465025,-12.868881,50.016953,-3.9017527,1.4442911,7.4593935,-4.943617,-14.982964,7.2131753,14.830544,25.982237,2.8821268,15.91386,-22.880625,1.4555775,0.26849163,45.238186,-6.5474944,2.673857,9.047803,6.2279725,-23.24175,5.7077584,-15.988823,-1.8119829
669,4.644105911254883,390.2427673339844,104.6031494140625,0.5375842048456659,-2.8764354562588506,95.51970200821988,2.033858,-2.5439913,9.691887,3.8113256,-12.100309,1.1621357,12.336377,-12.576052,50.43574,-3.345324,1.5113049,7.436036,-5.271985,-14.901228,6.652269,15.8091755,28.10463,2.0320184,14.591131,-22.84245,1.3233582,0.72218966,42.422203,-6.3141737,2.587255,9.241961,6.1998067,-23.044416,5.7019176,-16.30996,-1.6954186
670,4.605871677398682,390.8671569824219,104.53864288330078,0.550957062058687,-2.672019305032489,95.27328138823113,2.217419,-2.5648673,9.481866,3.254665,-12.148031,1.5467715,12.20578,-12.313777,50.87107,-2.7406373,1.5821685,7.4219975,-5.6221757,-14.77725,6.0774865,16.822771,29.912306,1.1934139,13.225254,-22.744255,1.1973912,1.2023455,39.44943,-5.9570065,2.4514592,9.425786,6.179678,-22.84219,5.6965194,-16.636524,-1.5779372
671,4.5564374923706055,391.4986267089844,104.47160339355469,0.5486371304651279,-2.4610578870057287,95.02355850876114,2.3881977,-2.5702474,9.260388,2.7191556,-12.204873,1.9342183,12.074811,-12.093392,51.305195,-2.0780392,1.6734561,7.4307957,-6.005594,-14.615275,5.488309,17.923258,31.491476,0.3629977,11.908886,-22.604382,1.0743296,1.6782992,36.38867,-5.459799,2.253479,9.60675,6.167791,-22.634405,5.6901426,-16.964006,-1.4562532
672,4.505327224731445,392.1242370605469,104.39582061767578,0.5248256203787557,-2.252319282659517,94.7697139668176,2.5443733,-2.5551102,9.035551,2.2244089,-12.292996,2.3257034,11.945344,-11.930178,51.72097,-1.3505036,1.8021485,7.4755735,-6.4314313,-14.422876,4.8842554,19.158419,32.931946,-0.4614197,10.738698,-22.444864,0.95228213,2.1181488,33.307774,-4.8030057,1.9815032,9.786339,6.1768184,-22.41699,5.684613,-17.290113,-1.3391619
673,4.458968162536621,392.7511291503906,104.30890655517578,0.47777078038744325,-2.04453451730628,94.51520929870914,2.6819446,-2.5188742,8.803751,1.7760233,-12.423089,2.7253816,11.820066,-11.833278,52.116367,-0.58951366,1.974887,7.563833,-6.909758,-14.2055025,4.2610826,20.567764,34.300716,-1.2795678,9.7686615,-22.243727,0.83177143,2.5166273,30.156906,-3.9295297,1.665613,9.968139,6.214765,-22.1916,5.677558,-17.619997,-1.2313521
674,4.390013217926025,393.3985595703125,104.22228240966797,0.4110281251118192,-1.8354035724792235,94.2575227264009,2.807289,-2.4623032,8.564578,1.3607006,-12.581094,3.1279063,11.699863,-11.799203,52.50018,0.20748343,2.1833613,7.686184,-7.4291964,-13.9655285,3.6191206,22.10953,35.548473,-2.0766332,8.92709,-22.014412,0.71899414,2.8820953,26.945997,-2.8783624,1.3032808,10.161214,6.2591524,-21.961952,5.6706376,-17.958254,-1.1110835
675,4.321805477142334,394.046142578125,104.11713409423828,0.31958546497828405,-1.6334167041719274,93.98689472635044,2.9332626,-2.3812478,8.330234,0.9710413,-12.753682,3.525114,11.5832,-11.820773,52.870934,1.1008471,2.4222767,7.830656,-7.9672513,-13.709138,2.9655325,23.711895,36.586597,-2.8319855,8.123167,-21.737875,0.6243875,3.225223,23.695974,-1.7284642,0.8288781,10.362203,6.328962,-21.716595,5.6659756,-18.300102,-0.9954085
676,4.245508670806885,394.6917419433594,104.0013656616211,0.2029504653609991,-1.449156951498143,93.69008836756873,3.0752206,-2.2693512,8.11436,0.6003763,-12.92692,3.9070985,11.466416,-11.889385,53.22773,2.1525908,2.686502,7.984194,-8.503949,-13.444982,2.3110218,25.303371,37.326725,-3.5259206,7.261571,-21.4203,0.55999595,3.5528078,20.470753,-0.5759975,0.17705768,10.583211,6.416845,-21.447618,5.6613936,-18.63995,-0.87604916
677,4.162320137023926,395.3554992675781,103.8746337890625,0.04603757384249569,-1.2874864405039146,93.35681713487119,3.2373204,-2.1090348,7.916748,0.2513033,-13.094379,4.273008,11.34367,-12.007289,53.56532,3.4774947,3.0092428,8.146261,-9.046274,-13.178822,1.6524336,26.895958,37.64684,-4.1556582,6.2919807,-21.056097,0.5418984,3.8730838,17.260176,0.63736075,-0.67803246,10.840258,6.540704,-21.144146,5.6579022,-18.99056,-0.75245464
678,4.069184303283691,396.02618408203125,103.73039245605469,-0.16245055562049476,-1.1555516340520438,92.97813796943302,3.4291258,-1.8855368,7.739477,-0.07346135,-13.261756,4.629725,11.212557,-12.174804,53.886745,5.0134053,3.3850212,8.317233,-9.598984,-12.913486,0.9906536,28.514174,37.633213,-4.7149057,5.255376,-20.68325,0.59730023,4.1716747,14.125531,1.8910899,-1.7028079,11.135059,6.711009,-20.794317,5.6552143,-19.346945,-0.62961435
679,3.9666340351104736,396.69805908203125,103.56278228759766,-0.43840364236316265,-1.0708128642793635,92.53652807494043,3.6779044,-1.5887636,7.60057,-0.37752113,-13.429058,4.986072,11.07667,-12.377343,54.196453,6.556717,3.7514155,8.488007,-10.137411,-12.655501,0.34621543,30.106892,37.509716,-5.1839466,4.195115,-20.376263,0.77325654,4.428392,11.3083935,2.907308,-2.881463,11.484576,6.9445696,-20.381626,5.6510816,-19.705856,-0.5157217
680,3.8588616847991943,397.3568115234375,103.37738800048828,-0.7852089682046451,-1.0440664237291126,92.02273459007732,4.000075,-1.2174981,7.5133367,-0.66281617,-13.599874,5.352829,10.943338,-12.597655,54.495487,7.9029546,4.0432777,8.652888,-10.639016,-12.413168,-0.25431284,31.625523,37.50854,-5.5561333,3.158665,-20.289692,1.1084262,4.6048927,9.2057905,3.327176,-4.1958942,11.889914,7.24407,-19.896124,5.648421,-20.060337,-0.4191993
681,3.751461982727051,398.0329895019531,103.16645812988281,-1.197970842847642,-1.0712642335117015,91.43188921667316,4.3955708,-0.77688444,7.474524,-0.9244893,-13.771053,5.740521,10.81726,-12.84637,54.77979,9.028217,4.236884,8.831966,-11.102599,-12.1945,-0.78084135,33.07109,37.72029,-5.8235664,2.092152,-20.475616,1.595929,4.6917615,7.8376083,3.1083977,-5.77268,12.3645315,7.6052446,-19.335936,5.6462812,-20.426334,-0.33806956
682,3.619953155517578,398.7178955078125,102.94471740722656,-1.6416168005473464,-1.1252545020692002,90.80177340301181,4.8225675,-0.30218118,7.4598927,-1.1611902,-13.947453,6.138005,10.698295,-13.127345,55.0513,10.027985,4.36415,9.024466,-11.54202,-12.001997,-1.2420069,34.472416,38.030415,-6.0073075,0.99118805,-20.947308,2.1743073,4.672581,7.156382,2.3526614,-7.5598893,12.873103,7.971305,-18.73926,5.6450405,-20.79124,-0.2469518
683,3.4923744201660156,399.4086608886719,102.73251342773438,-2.035462265271996,-1.1952258857886147,90.1937716071449,5.199123,0.123924956,7.4808455,-1.3499708,-14.153491,6.577448,10.617064,-13.362006,55.244854,10.878987,4.4459977,9.169842,-11.992641,-11.886848,-1.5687902,35.849903,38.44813,-6.165945,-0.0333433,-21.481474,2.7127945,4.6122065,6.850253,1.24494,-9.260505,13.401606,8.270301,-18.178152,5.649278,-21.159546,-0.14048779
684,3.3666019439697266,400.0978088378906,102.53138732910156,-2.37050398404027,-1.2499887052223178,89.65681273755276,5.528308,0.48951867,7.5006666,-1.5426282,-14.389029,6.9588056,10.532937,-13.594637,55.47847,11.55266,4.489577,9.271287,-12.405438,-11.775748,-1.9422442,37.160187,38.77575,-6.3033648,-0.8259529,-21.86082,3.1571047,4.5681157,6.5515113,0.020066924,-10.607905,13.912911,8.500743,-17.69223,5.654032,-21.52464,-0.016761633
685,3.225179672241211,400.7887878417969,102.3350601196289,-2.6863418454896197,-1.3301921675562156,89.15646083020853,5.831321,0.839277,7.555813,-1.7209451,-14.6634,7.3095264,10.446698,-13.795254,55.72328,12.015062,4.488746,9.31086,-12.811729,-11.664047,-2.3666046,38.455597,39.009182,-6.4144154,-1.3217613,-21.864311,3.5507545,4.6757402,5.985358,-1.5207131,-11.634834,14.452576,8.696312,-17.248009,5.664346,-21.89434,0.12543024
686,3.0992321968078613,401.4693298339844,102.13339233398438,-3.0036515440048976,-1.4318631672403337,88.67603110999674,6.1070642,1.19128,7.642674,-1.8697766,-14.969781,7.661895,10.375244,-13.951548,55.942142,12.294815,4.439636,9.293344,-13.214979,-11.575414,-2.7721133,39.728672,39.22644,-6.4873276,-1.6098508,-21.921362,3.9435773,4.7263293,5.8964972,-3.45005,-12.336133,15.009816,8.900177,-16.81887,5.6744037,-22.263231,0.2578938
687,2.9899561405181885,402.15264892578125,101.94414520263672,-3.2603233892791614,-1.5006673921541986,88.26579103113365,6.3653603,1.4802945,7.7121363,-2.0604787,-15.290276,7.920427,10.279969,-14.129419,56.24176,12.481614,4.3605003,9.263752,-13.525094,-11.445155,-3.336007,40.85162,39.26763,-6.4928474,-1.731959,-22.199697,4.2421346,4.471277,6.3957043,-4.8377147,-12.421216,15.530611,9.04595,-16.463697,5.6889057,-22.632988,0.3985944
688,2.878181219100952,402.7820129394531,101.86766052246094,-3.3847638503289756,-1.4972429258040816,87.96906267854379,6.499603,1.6162528,7.7468114,-2.2265804,-15.619602,8.176246,10.209198,-14.253503,56.495464,12.636093,4.2934027,9.206874,-13.762346,-11.332478,-3.8133,41.785015,39.26163,-6.490149,-1.8280437,-22.281334,4.3031206,3.9069183,6.5892863,-4.4457674,-11.687569,15.957549,9.035803,-16.246376,5.704629,-22.966637,0.58278376
689,2.7741661071777344,403.39599609375,101.86432647705078,-3.3170893467290217,-1.3866151151419084,87.85440525122374,6.4826217,1.5355182,7.7433305,-2.4117773,-15.992486,8.358853,10.152876,-14.356341,56.76726,12.73565,4.2180014,9.149728,-13.89644,-11.221925,-4.3169003,42.464207,39.092407,-6.4177985,-1.8728902,-22.80166,4.0643635,2.7919188,7.654707,-2.6066296,-10.014519,16.268837,8.833488,-16.248867,5.727578,-23.260397,0.8144155
690,2.6912827491760254,404.0513610839844,101.88153839111328,-3.0818778326899823,-1.2083123054165732,87.88136505821464,6.3263392,1.271234,7.727487,-2.5831687,-16.401043,8.513257,10.117219,-14.423324,57.018932,12.742805,4.131091,9.078014,-13.9769,-11.127926,-4.777615,42.98052,38.83158,-6.304715,-1.8399308,-22.918154,3.533334,1.6737597,8.1434355,0.52345717,-7.783917,16.511135,8.46483,-16.435078,5.7586966,-23.483562,1.0902289
691,2.635563373565674,404.76837158203125,101.88764190673828,-2.756114195701702,-0.9901698636254486,87.9440944961031,6.1755786,0.9062444,7.6788697,-2.790242,-16.776197,8.618249,10.085374,-14.491224,57.288643,12.7664795,4.0629053,8.958273,-13.920036,-11.000995,-5.3420777,43.293663,38.48432,-6.1804485,-1.7202767,-23.048388,2.891978,0.71026796,8.68613,3.698054,-5.578052,16.713331,7.991349,-16.68606,5.7996016,-23.592192,1.3988076
692,2.587129831314087,405.5194396972656,101.88548278808594,-2.4301543239524706,-0.7901612012132523,87.90949588094779,6.1844573,0.5262158,7.603327,-3.0602627,-17.040112,8.673047,10.057976,-14.608214,57.597355,12.883279,4.0505414,8.771064,-13.652493,-10.744975,-6.1353774,43.372665,38.03455,-6.0931964,-1.5209101,-23.113434,2.3140543,0.10674539,9.137521,6.2686434,-3.7843966,16.941257,7.4869843,-16.857101,5.850289,-23.545975,1.7205139
693,2.5164051055908203,406.27618408203125,101.91122436523438,-2.122644698176247,-0.6128658734360191,87.72263680234074,6.278177,0.16536593,7.4902735,-3.2701285,-17.161827,8.840023,10.059605,-14.644676,57.787617,13.09251,4.1186895,8.458642,-13.309573,-10.511116,-6.6531596,43.369965,37.854195,-6.198762,-1.3299669,-23.097698,1.8417042,-0.13501748,9.446964,8.218535,-2.4418771,17.207392,6.959481,-16.895447,5.9092603,-23.31427,2.0513325
694,2.440537929534912,407.03729248046875,101.96704864501953,-1.778190157464234,-0.4354772777771033,87.4464290973638,6.4376955,-0.23544982,7.3480706,-3.4591608,-17.182322,9.057679,10.076418,-14.61922,57.9113,13.376496,4.2407575,8.045052,-12.868515,-10.287505,-7.041862,43.237865,37.80787,-6.411278,-1.1044294,-23.019064,1.3797761,-0.11086917,9.67362,9.667849,-1.3659648,17.486582,6.358268,-16.87294,5.979996,-22.872711,2.4039717
695,2.3684446811676025,407.8338623046875,102.03353118896484,-1.4036615223117963,-0.26882994369942464,87.12524273912345,6.6123996,-0.6760538,7.185024,-3.6186652,-17.127676,9.301596,10.106512,-14.561402,58.013657,13.699926,4.3750157,7.577465,-12.378351,-10.061483,-7.348694,43.053753,37.81456,-6.6555586,-0.877265,-22.86904,0.9221235,0.12082637,9.852948,10.544147,-0.49870127,17.777565,5.7044535,-16.817736,6.0659604,-22.186655,2.7685971
696,2.2980422973632812,408.6446228027344,102.09943389892578,-1.0024854940655505,-0.12646491805373003,86.80418856016821,6.7437797,-1.1598576,7.011956,-3.7322469,-17.021013,9.56058,10.154153,-14.493044,58.124516,14.023288,4.4821887,7.1008134,-11.893781,-9.821297,-7.6004086,42.90156,37.804737,-6.8630314,-0.68638396,-22.654924,0.45533037,0.48948357,10.032887,10.884169,0.19360733,18.087458,5.01496,-16.757032,6.164059,-21.223907,3.1352954
697,2.239884853363037,409.46478271484375,102.16839599609375,-0.5607948237945525,-0.0013195692930285433,86.4570517489916,6.851647,-1.7071629,6.809571,-3.7892396,-16.834417,9.843421,10.227213,-14.421136,58.243404,14.351142,4.5574746,6.6090426,-11.412598,-9.555511,-7.7908764,42.777657,37.760044,-7.0274043,-0.559978,-22.283773,-0.019210296,1.0174078,10.173459,10.767377,0.7225822,18.407469,4.2655597,-16.656368,6.2751803,-19.994762,3.5012395
698,2.1816744804382324,410.2677001953125,102.27023315429688,-0.06703186174664683,0.11709355881129423,86.07688854846492,6.9520907,-2.3290946,6.577768,-3.8032544,-16.5667,10.151761,10.326895,-14.340977,58.355507,14.693305,4.621045,6.086049,-10.910301,-9.25975,-7.9228883,42.64517,37.703953,-7.1823354,-0.46833783,-21.966362,-0.53720134,1.6319524,10.3465605,10.466626,1.1345512,17.252588,2.9905798,-16.216084,9.414835,-20.03803,3.8907363
699,2.1161985397338867,411.0566101074219,102.4006118774414,0.42093750913346295,0.20176224825345845,85.72492191019822,6.9951377,-2.9578478,6.3592224,-3.792365,-16.28876,10.467861,10.446892,-14.252747,58.46238,15.019878,4.6746845,5.5609183,-10.40693,-8.940199,-8.035131,42.529263,37.629723,-7.3130302,-0.36756286,-21.562513,-1.048428,2.2553163,10.49209,10.033048,1.4556949,16.213139,1.7697926,-15.756089,12.372031,-19.78978,4.2637515
700,2.040266513824463,411.8405456542969,102.529052734375,0.8509877817094855,0.22668206784241016,85.46348462623118,6.934216,-3.52782,6.194202,-3.7793877,-16.06849,10.765482,10.576763,-14.1606455,58.5744,15.30173,4.718563,5.0637302,-9.917205,-8.609395,-8.173094,42.44941,37.53215,-7.4021626,-0.21200565,-20.939402,-1.5170708,2.8133583,10.507126,9.5303955,1.7111849,15.2559595,0.67412657,-15.336089,15.175141,-19.253578,4.5963864
701,1.9665781259536743,412.61407470703125,102.65428161621094,1.2295153778471386,0.1807298861198071,85.35711812388972,6.715024,-4.047679,6.077705,-3.7770069,-15.912379,11.040485,10.714809,-14.064248,58.731762,15.51665,4.7119946,4.6082463,-9.429033,-8.26845,-8.359156,42.42964,37.41534,-7.447106,0.040286973,-20.28936,-1.9808954,3.2051353,10.54604,9.003386,1.9216462,14.470183,-0.27910367,-15.062218,17.828703,-18.552595,4.9176793
702,1.8832504749298096,413.3844299316406,102.78367614746094,1.5673758668817361,0.07665048391861429,85.35955489559285,6.3798075,-4.52958,5.9885764,-3.77705,-15.788378,11.297787,10.86216,-13.966869,58.92541,15.684835,4.667163,4.178125,-8.933945,-7.9145384,-8.575297,42.444847,37.279095,-7.453739,0.35691822,-19.530096,-2.4432254,3.5035245,10.479777,8.484812,2.1050527,13.766806,-1.1321536,-14.880981,20.388168,-17.752275,5.22376
703,1.8000295162200928,414.12762451171875,102.9089126586914,1.8587739905418175,-0.06217123813181136,85.3769488600992,6.01844,-4.952295,5.938392,-3.7712622,-15.710768,11.51828,11.009792,-13.879772,59.1015,15.843808,4.6595945,3.7596214,-8.44662,-7.5592237,-8.803201,42.439014,37.118958,-7.421084,0.67052805,-18.754345,-2.859126,3.7676475,10.40743,7.9657965,2.2708,13.085858,-1.9260944,-14.695821,22.916212,-16.942703,5.4990187
704,1.6933460235595703,414.8687438964844,103.04474639892578,2.094502851344936,-0.21386590227260396,85.31201921934806,5.725649,-5.286809,5.9426913,-3.753141,-15.693339,11.677385,11.142334,-13.816679,59.21521,16.033941,4.762861,3.3389673,-7.979105,-7.22388,-9.022986,42.35583,36.936653,-7.346404,0.9123576,-17.943113,-3.2028553,4.089912,10.292918,7.4636793,2.4442692,12.31225,-2.7000031,-14.382308,25.52483,-16.137981,5.723864
705,1.5515775680541992,415.5959167480469,103.18620300292969,2.2503367584520335,-0.3766419298628215,85.14398532435486,5.521216,-5.492865,6.0031943,-3.720755,-15.724428,11.760893,11.243942,-13.788604,59.28679,16.25568,5.0013742,2.9192235,-7.518157,-6.9274325,-9.23378,42.18455,36.710278,-7.20068,1.0601649,-17.152905,-3.4447339,4.471603,10.22871,6.9421043,2.633026,11.420715,-3.4289715,-13.901631,28.231367,-15.153962,5.918379
706,1.3904480934143066,416.2972106933594,103.33402252197266,2.3358548217839834,-0.5617403804309677,84.92385907892648,5.358346,-5.5858293,6.113819,-3.6802201,-15.79887,11.773496,11.311833,-13.7887,59.34906,16.497751,5.329491,2.5074341,-7.057814,-6.6737466,-9.43686,41.950294,36.462624,-6.994231,1.1475269,-16.337227,-3.605407,4.8810844,10.132916,6.439126,2.8213882,10.456873,-4.089039,-13.316664,30.995058,-13.960325,6.1044874
707,1.2150859832763672,416.9798889160156,103.47763061523438,2.3985281898650537,-0.7659415348373899,84.66217811025531,5.2289224,-5.626291,6.28161,-3.6331508,-15.946124,11.722096,11.354186,-13.800163,59.369244,16.783688,5.716372,2.0930521,-6.6265492,-6.4610023,-9.613764,41.6573,36.261314,-6.7823386,1.1896617,-15.498822,-3.7409563,5.328953,10.014422,5.947757,3.0100963,9.4351225,-4.717558,-12.654428,33.79211,-12.688878,6.25927
708,1.051190733909607,417.6383056640625,103.608154296875,2.4854896072199715,-0.9855749429730222,84.36989784646312,5.121915,-5.6763554,6.5125074,-3.5786357,-16.192524,11.620104,11.384907,-13.803038,59.305313,17.134863,6.1322494,1.6631681,-6.2552433,-6.2834234,-9.740694,41.31439,36.17438,-6.622499,1.2018459,-14.626194,-3.8981586,5.82318,9.837886,5.4918857,3.188393,8.36687,-5.3600917,-11.940745,36.6104,-11.476891,6.3455205
709,0.8836691379547119,418.2601318359375,103.72048950195312,2.6021577786759877,-1.2192263122791671,84.02214256484069,5.059232,-5.7413673,6.818557,-3.5154686,-16.565092,11.470635,11.405283,-13.779035,59.11658,17.609114,6.6220407,1.1893122,-5.950431,-6.1384745,-9.807931,40.905663,36.247498,-6.528267,1.178758,-13.7328205,-4.0871525,6.392035,9.616591,5.0683537,3.3667738,7.21231,-6.037782,-11.121025,39.51229,-10.344722,6.3006606
710,0.7102224230766296,418.8656921386719,103.82230377197266,2.7270197728311016,-1.469031292668429,83.62333566026109,5.0319996,-5.7945027,7.193303,-3.438433,-17.043535,11.276405,11.412987,-13.73408,58.822727,18.182077,7.18378,0.6802773,-5.6997647,-6.026633,-9.822096,40.43811,36.436108,-6.471867,1.1138802,-12.815774,-4.287273,7.0219717,9.369324,4.6568923,3.5444117,5.9636054,-6.7222075,-10.197592,42.506386,-9.231835,6.1556077
711,0.5352655649185181,419.4505615234375,103.90862274169922,2.863508693385402,-1.736935765896853,83.22757381744643,4.9859138,-5.8500957,7.615744,-3.3432057,-17.583967,11.048473,11.4223175,-13.690897,58.469776,18.744066,7.7200046,0.1813701,-5.5097184,-5.9458466,-9.78671,39.958153,36.67033,-6.4481406,1.0228845,-11.900158,-4.512617,7.650077,9.131083,4.2512407,3.7184777,4.696349,-7.39569,-9.286806,45.481335,-8.146914,5.995486
712,0.36768636107444763,420.0109558105469,103.97602081298828,3.01505930016497,-2.0248208242124535,82.88851049581967,4.8697515,-5.9258056,8.065911,-3.2275195,-18.141468,10.800453,11.456903,-13.679649,58.09587,19.173983,8.138413,-0.26028287,-5.3849993,-5.892188,-9.707962,39.511833,36.88062,-6.451866,0.92416817,-11.002078,-4.771923,8.214426,8.923368,3.8499985,3.883061,3.4845684,-8.051493,-8.504342,48.334328,-7.104585,5.8975215
713,0.2219453752040863,420.55029296875,104.02684020996094,3.1965424818317403,-2.3420723689791196,82.6129696203706,4.6807013,-6.0454717,8.5646925,-3.0847728,-18.759483,10.534891,11.534898,-13.714516,57.66221,19.426292,8.440979,-0.6520202,-5.3298264,-5.8619475,-9.578588,39.078083,37.075726,-6.490086,0.81309754,-10.085942,-5.0767503,8.715718,8.7029,3.4716523,4.0297384,2.3091147,-8.714949,-7.8134203,51.130997,-6.1169853,5.8603454
714,0.08225028961896896,421.0803527832031,104.06619262695312,3.4021501814635653,-2.6843716019326243,82.37454955457547,4.4478884,-6.200131,9.11448,-2.9227648,-19.44288,10.248864,11.6584,-13.793702,57.149178,19.551035,8.675775,-1.0141969,-5.339527,-5.8536506,-9.403744,38.644344,37.283085,-6.563076,0.6876509,-9.132063,-5.425557,9.184417,8.437537,3.1218398,4.167839,1.1302799,-9.396948,-7.1699166,53.923275,-5.187331,5.8281674
715,-0.04688291996717453,421.596435546875,104.09473419189453,3.6017420662086375,-3.0338196706704506,82.17763405412401,4.1698523,-6.358461,9.66782,-2.7617385,-20.096703,9.944598,11.824532,-13.925606,56.630215,19.568552,8.819526,-1.3159884,-5.4029922,-5.8648124,-9.211838,38.26896,37.46148,-6.655208,0.5706533,-8.210715,-5.772546,9.594724,8.21769,2.763342,4.2935143,-0.0041910713,-10.090998,-6.680933,56.594654,-4.322589,5.788583
716,-0.1726248413324356,422.111572265625,104.12042236328125,3.7659452705373107,-3.372956046492639,82.02701092194161,3.8471136,-6.4877114,10.178491,-2.6247828,-20.628962,9.618799,12.027834,-14.12323,56.18564,19.498695,8.846784,-1.5250663,-5.505658,-5.8914876,-9.037991,38.006264,37.567173,-6.74954,0.4854703,-7.3452816,-6.0850873,9.932186,8.060963,2.3853703,4.4096637,-1.0476826,-10.797231,-6.4553113,59.03531,-3.533698,5.725878
717,-0.29738733172416687,422.6163330078125,104.14227294921875,3.885715023894785,-3.7045804197678938,81.92854223212994,3.4707897,-6.5809255,10.6472025,-2.5124962,-21.035713,9.267835,12.269165,-14.407307,55.83304,19.314436,8.716628,-1.6240705,-5.6611137,-5.934296,-8.890151,37.878376,37.52938,-6.855596,0.46497232,-6.562606,-6.3467116,10.185676,8.018102,1.96784,4.5171566,-1.9741518,-11.5379925,-6.5423965,61.224617,-2.7510216,5.7025666
718,-0.40768101811408997,423.1241149902344,104.1615982055664,3.9788220995497383,-4.036290074511595,81.87932833638105,3.0480096,-6.6573067,11.094757,-2.420519,-21.358812,8.884737,12.549169,-14.777342,55.54016,19.010021,8.453176,-1.6320425,-5.8656597,-5.992476,-8.76119,37.849155,37.38783,-6.9756002,0.48942992,-5.8226514,-6.5723186,10.369877,8.047423,1.5219824,4.608855,-2.810169,-12.334597,-6.8823996,63.233982,-2.000026,5.678861
719,-0.5139216780662537,423.62255859375,104.18170928955078,4.054570870148803,-4.358522267958479,81.87092127645391,2.6004272,-6.724141,11.505294,-2.3621402,-21.57461,8.465143,12.859449,-15.206563,55.311413,18.64387,8.126851,-1.5695224,-6.0789866,-6.059748,-8.664961,37.880936,37.25825,-7.0793085,0.5030652,-5.082076,-6.7873735,10.506368,8.029363,1.1136885,4.69307,-3.5799549,-13.194035,-7.4261065,65.08532,-1.4352698,5.4930005
720,-0.6233780384063721,424.118408203125,104.20044708251953,4.125761612287467,-4.660465858844974,81.89465869497297,2.1484432,-6.78491,11.862873,-2.3500226,-21.657175,8.004272,13.1863575,-15.6612835,55.15366,18.281347,7.8081303,-1.4549586,-6.261913,-6.125399,-8.617649,37.93635,37.251102,-7.1364636,0.4510944,-4.3373094,-7.012234,10.610186,7.939967,0.7520134,4.776303,-4.3050885,-14.11108,-8.125533,66.78974,-1.2114297,4.9949117
721,-0.7198111414909363,424.6109924316406,104.21890258789062,4.1925098856546015,-4.940769269025893,81.95867879002485,1.672545,-6.8421474,12.158953,-2.384769,-21.583635,7.5069675,13.525976,-16.14253,55.08864,17.90022,7.4657645,-1.2523808,-6.4261312,-6.182843,-8.632441,38.03749,37.384888,-7.091471,0.3462591,-3.586489,-7.2397943,10.674225,7.773357,0.44190747,4.8476634,-4.9637,-15.128901,-9.069407,68.35413,-1.4797252,4.088039
722,-0.8235493898391724,425.1108093261719,104.23637390136719,4.248583052691293,-5.204437932768187,82.06523522032678,1.1679844,-6.889778,12.403759,-2.4602253,-21.372913,6.970958,13.878639,-16.659214,55.11154,17.48833,7.0757113,-0.9648507,-6.584288,-6.230786,-8.704667,38.19106,37.594627,-6.976159,0.20934926,-2.838403,-7.470104,10.693787,7.5667915,0.15822972,4.9181404,-5.533072,-16.224493,-10.2492,69.76815,-2.1401985,2.8920643
723,-0.9258873462677002,425.6050109863281,104.256591796875,4.285925139332424,-5.451002033811189,82.1970497650898,0.6742464,-6.918271,12.6079,-2.5747468,-21.06176,6.3852243,14.234824,-17.181011,55.188606,17.13154,6.720061,-0.6668881,-6.7009454,-6.267843,-8.819172,38.338123,37.86392,-6.8913894,-0.0023365803,-2.094189,-7.68423,10.682301,7.313164,-0.090107135,4.9836116,-6.0503263,-17.288595,-11.467055,71.02289,-2.968642,1.5877106
724,-1.039432406425476,426.106201171875,104.27841186523438,4.300179750539872,-5.679615442246823,82.33565028737901,0.22621322,-6.919609,12.781568,-2.7217255,-20.68481,5.742911,14.578476,-17.663198,55.28592,16.923323,6.482212,-0.43121028,-6.7464976,-6.2931995,-8.953779,38.424637,38.17464,-6.939168,-0.33261213,-1.3710897,-7.876631,10.654309,7.0619793,-0.33742175,5.0525374,-6.5635734,-18.21737,-12.532985,72.105576,-3.7247972,0.34293565
725,-1.1585943698883057,426.6007385253906,104.29882049560547,4.2924097432339225,-5.892284788452038,82.47800556332085,-0.17573152,-6.890249,12.921965,-2.8988996,-20.225681,5.0384994,14.896828,-18.085722,55.416225,16.94003,6.3839607,-0.26770896,-6.719664,-6.304963,-9.093553,38.46864,38.570957,-7.184127,-0.7983795,-0.69271815,-8.04002,10.608596,6.8522253,-0.5961523,5.1234136,-7.0851636,-19.00447,-13.445727,73.01136,-4.370503,-0.8758445
726,-1.265596866607666,427.0906982421875,104.32096862792969,4.263522705303214,-6.087829732425326,82.63269230122393,-0.55473477,-6.831912,13.023757,-3.1026335,-19.671362,4.279535,15.1871805,-18.454706,55.597824,17.130854,6.378603,-0.13888693,-6.641945,-6.3036795,-9.2414465,38.4948,39.042355,-7.565514,-1.3758566,-0.045756694,-8.1686535,10.540071,6.658237,-0.8528074,5.184305,-7.5981326,-19.683008,-14.290515,73.74786,-5.0211506,-2.1214345
727,-1.3686954975128174,427.5912780761719,104.3472671508789,4.211948169121019,-6.2610012472579815,82.79800513938825,-0.9108114,-6.7443547,13.094415,-3.3232486,-19.07102,3.4790554,15.450112,-18.765682,55.805973,17.396347,6.44752,-0.046289608,-6.5159717,-6.292631,-9.400857,38.458584,39.49109,-7.9964075,-2.0487185,0.5806981,-8.266836,10.455661,6.462854,-1.1075441,5.237443,-8.115901,-20.215872,-15.016944,74.31627,-5.6486053,-3.270497
728,-1.461750864982605,428.08642578125,104.37725830078125,4.133517586006474,-6.406999189247685,82.97258503496238,-1.2447604,-6.6280813,13.14191,-3.5508635,-18.470585,2.6521127,15.687626,-19.012728,56.01105,17.636438,6.5724196,0.0077247093,-6.344822,-6.2755065,-9.573178,38.31642,39.824184,-8.387479,-2.8029122,1.1514901,-8.319913,10.355894,6.308081,-1.371047,5.2767067,-8.654698,-20.56528,-15.57616,74.716255,-6.2178907,-4.203684
729,-1.5503993034362793,428.56866455078125,104.40633392333984,4.020511042943788,-6.524091814636827,83.14843575927007,-1.5409001,-6.470947,13.167703,-3.7910464,-17.863947,1.7883343,15.899407,-19.185467,56.210037,17.868074,6.787672,-0.0024170284,-6.110788,-6.2538056,-9.75802,38.0236,40.00502,-8.736349,-3.7176073,1.5993781,-8.308391,10.2420435,6.319631,-1.7035655,5.301767,-9.226908,-20.706892,-15.949466,74.94132,-6.6877265,-4.910308
730,-1.644171953201294,429.0659484863281,104.44161987304688,3.8767384141455112,-6.614843565455485,83.3282980525961,-1.8040093,-6.2763963,13.168255,-4.0456862,-17.231546,0.8845953,16.084711,-19.287905,56.417995,18.132032,7.088718,-0.06859401,-5.8195543,-6.2268114,-9.951601,37.61629,40.08781,-9.081645,-4.7751307,2.0216594,-8.260318,10.122783,6.3374944,-2.041521,5.3201833,-9.830006,-20.663883,-16.168074,74.99861,-7.0784,-5.447777
731,-1.7420012950897217,429.55780029296875,104.47449493408203,3.7209430845978804,-6.679857668908599,83.52642665747155,-2.0648828,-6.0680475,13.144225,-4.299824,-16.603718,-0.0341488,16.247637,-19.337101,56.63389,18.361382,7.4004316,-0.14036846,-5.5069857,-6.197373,-10.153749,37.16837,40.116543,-9.392289,-5.8165703,2.3807385,-8.192914,9.980473,6.4114656,-2.395932,5.3386583,-10.445782,-20.474438,-16.266884,74.88696,-7.433601,-5.8024063
732,-1.8344385623931885,430.0397033691406,104.50727081298828,3.5684020573093447,-6.720217603198717,83.75731304892997,-2.3525386,-5.86961,13.096267,-4.54071,-16.00984,-0.9410564,16.395664,-19.35418,56.851902,18.48437,7.6495647,-0.16624805,-5.206369,-6.1700673,-10.365235,36.75293,40.141,-9.638066,-6.6806717,2.7200167,-8.12892,9.806022,6.448898,-2.7159634,5.3581476,-11.057626,-20.180233,-16.276365,74.6133,-7.803982,-5.9588776
733,-1.9204480648040771,430.5152893066406,104.53558349609375,3.4226188389061427,-6.729300380991604,84.02638603539039,-2.6748888,-5.682779,13.015133,-4.7669544,-15.455724,-1.8357167,16.534203,-19.340202,57.08163,18.477015,7.8242965,-0.14108068,-4.9208255,-6.1485863,-10.590976,36.375153,40.171402,-9.789791,-7.3370876,3.0010417,-8.06626,9.590258,6.515746,-3.0349329,5.379809,-11.676173,-19.764345,-16.16537,74.17023,-8.201475,-5.8696012
734,-1.9942677021026611,430.995361328125,104.56555938720703,3.2748502895718117,-6.708947834949672,84.32537529743729,-3.0146065,-5.4959493,12.904124,-4.9868755,-14.92636,-2.7286003,16.66465,-19.29035,57.316887,18.37263,7.963218,-0.08871796,-4.633025,-6.1331735,-10.828724,36.000385,40.190495,-9.869003,-7.866165,3.253946,-7.994244,9.344021,6.571227,-3.340076,5.3963776,-12.303293,-19.222483,-15.934769,73.56047,-8.601575,-5.5637155
735,-2.0649776458740234,431.47930908203125,104.595458984375,3.1276936278126617,-6.67289372104707,84.64750722140612,-3.3631213,-5.314719,12.783093,-5.2029023,-14.41938,-3.609331,16.788588,-19.217901,57.52745,18.183598,8.069102,-0.0010613784,-4.347219,-6.1233993,-11.06928,35.642162,40.20634,-9.922395,-8.273198,3.4972994,-7.921038,9.074322,6.609688,-3.6312332,5.4121532,-12.90821,-18.609064,-15.663004,72.79306,-8.992645,-5.1421638
736,-2.12296199798584,431.949951171875,104.62228393554688,2.981061696251704,-6.634581794237827,84.9865676281599,-3.7110567,-5.1438913,12.671716,-5.418391,-13.932225,-4.468969,16.907856,-19.139545,57.684708,17.91975,8.144326,0.13014115,-4.0664988,-6.118608,-11.303885,35.314198,40.22705,-9.997441,-8.5634775,3.7048895,-7.8339677,8.781686,6.6989274,-3.9354174,5.419909,-13.45781,-17.976025,-15.427151,71.87098,-9.35967,-4.7018957
737,-2.1907405853271484,432.40899658203125,104.64663696289062,2.831243759505523,-6.597617027178986,85.35157861586329,-4.0660214,-4.983405,12.573493,-5.6357703,-13.456029,-5.310658,17.025564,-19.058643,57.790745,17.541998,8.18414,0.3214156,-3.793827,-6.122498,-11.538798,35.027554,40.267998,-10.059813,-8.661951,3.8929148,-7.744391,8.460052,6.8123064,-4.239325,5.4318314,-13.950457,-17.313772,-15.22132,70.79115,-9.68843,-4.241643
738,-2.243272304534912,432.87115478515625,104.66651916503906,2.6768704444887774,-6.554888739957881,85.74297801874643,-4.429179,-4.831091,12.478741,-5.8542542,-12.994715,-6.1365466,17.142477,-18.970644,57.85508,17.054722,8.188939,0.5635031,-3.526269,-6.1362453,-11.775924,34.772507,40.32338,-10.099038,-8.590727,4.022955,-7.631194,8.104269,7.029927,-4.5898485,5.4329467,-14.397806,-16.608877,-15.013766,69.54659,-9.989571,-3.725113
739,-2.2939422130584717,433.3336486816406,104.68254089355469,2.5315898338439533,-6.503572182196553,86.13990633527985,-4.7822556,-4.6905103,12.386753,-6.071189,-12.564544,-6.93736,17.255281,-18.878637,57.860626,16.534262,8.1694145,0.82583654,-3.2598805,-6.152523,-11.999099,34.533245,40.36652,-10.199828,-8.501131,4.1446333,-7.5251966,7.739982,7.2432213,-4.9355803,5.434196,-14.7985735,-15.905317,-14.834887,68.1479,-10.288965,-3.192259
740,-2.3508687019348145,433.80218505859375,104.69479370117188,2.4037008278548506,-6.441405439237288,86.52188841403677,-5.107136,-4.5665755,12.296273,-6.28328,-12.180915,-7.7045646,17.359138,-18.784016,57.792774,16.058962,8.136917,1.0793564,-2.9907477,-6.1613655,-12.194484,34.290966,40.364914,-10.447178,-8.545114,4.2929597,-7.445369,7.390886,7.3865623,-5.251884,5.4421864,-15.151776,-15.24323,-14.714499,66.602646,-10.608507,-2.6789203
741,-2.393846273422241,434.2537841796875,104.70285034179688,2.2974062029696993,-6.367625346240115,86.88729020408317,-5.39594,-4.4637094,12.208829,-6.489352,-11.852443,-8.444764,17.45023,-18.67793,57.646786,15.664705,8.098588,1.3187304,-2.711594,-6.1590605,-12.350361,34.04689,40.247868,-10.872631,-8.734815,4.4332113,-7.3800735,7.0516925,7.5019064,-5.54633,5.4466147,-15.459528,-14.617632,-14.641935,64.90115,-10.982815,-2.1828127
742,-2.429670572280884,434.71063232421875,104.7079086303711,2.20638838959755,-6.283798347492821,87.24573538452415,-5.660907,-4.3797593,12.123756,-6.689553,-11.570099,-9.16032,17.528692,-18.556389,57.43451,15.309764,8.046885,1.559744,-2.4277263,-6.1473427,-12.4777775,33.80804,40.044815,-11.427588,-9.001504,4.586842,-7.3283544,6.717108,7.5737443,-5.8217936,5.450055,-15.721106,-14.0126095,-14.604505,63.039623,-11.387504,-1.6871614
743,-2.4690186977386475,435.1770324707031,104.71198272705078,2.131312452784774,-6.191377520672751,87.59355438368527,-5.9128637,-4.3079157,12.037175,-6.8835254,-11.321423,-9.83624,17.595827,-18.432878,57.163918,14.952318,7.9710054,1.8041348,-2.1517837,-6.119711,-12.597657,33.566406,39.875187,-12.078888,-9.373443,4.782238,-7.2998614,6.3973894,7.553837,-6.057229,5.457266,-15.935003,-13.449432,-14.636593,61.038944,-11.759108,-1.2089453
744,-2.500464677810669,435.6264953613281,104.70844268798828,2.073538968400627,-6.091515655932255,87.92676181822804,-6.1599746,-4.2410264,11.945665,-7.0720625,-11.09922,-10.460119,17.654041,-18.32582,56.84486,14.54799,7.8602777,2.054064,-1.8932494,-6.0638623,-12.737155,33.311085,39.85425,-12.794726,-9.874499,4.940512,-7.280402,6.088181,7.574216,-6.3036556,5.4608216,-16.097082,-12.943799,-14.772805,58.91245,-12.030102,-0.7606785
745,-2.5198519229888916,436.08587646484375,104.70682525634766,2.0292701102610677,-5.985128253068104,88.24326979843102,-6.3950667,-4.1788263,11.853364,-7.2641354,-10.913598,-11.032676,17.705875,-18.24867,56.472195,14.06311,7.704185,2.326081,-1.6500149,-5.9688945,-12.900105,33.039837,40.05576,-13.580706,-10.518046,5.1514063,-7.272203,5.8048563,7.4901915,-6.504544,5.4555497,-16.203066,-12.49481,-15.0255995,56.645138,-12.192051,-0.32893875
746,-2.5349109172821045,436.5469055175781,104.7022705078125,2.000977597882296,-5.871124163781119,88.54511712533787,-6.612112,-4.125968,11.761311,-7.4598527,-10.764267,-11.562941,17.752373,-18.1981,56.043,13.523362,7.5118723,2.6140337,-1.4164678,-5.8323092,-13.086411,32.75332,40.38819,-14.451706,-11.281742,5.377788,-7.2785277,5.5386915,7.3605494,-6.683629,5.447882,-16.258207,-12.083593,-15.374426,54.23135,-12.272583,0.09619674
747,-2.5530550479888916,436.9985046386719,104.69086456298828,1.9894908605924981,-5.74819864410522,88.83540423961689,-6.8205137,-4.082595,11.662532,-7.646334,-10.6303005,-12.052411,17.793541,-18.166794,55.573006,12.974982,7.302148,2.8853858,-1.1971872,-5.6552143,-13.319135,32.443584,40.718216,-15.387279,-12.136714,5.581784,-7.302066,5.2803035,7.2449007,-6.864614,5.444717,-16.274328,-11.700863,-15.801323,51.706493,-12.267731,0.49990174
748,-2.5677828788757324,437.45538330078125,104.67906951904297,1.9955375992769215,-5.614918988339901,89.1177022154705,-7.028212,-4.048404,11.550156,-7.812062,-10.492008,-12.504323,17.828264,-18.14862,55.078728,12.464413,7.094646,3.1082563,-0.99326664,-5.440852,-13.624909,32.099525,40.91198,-16.361265,-13.058376,5.8216586,-7.3454547,5.032262,7.0402026,-7.0033636,5.4437623,-16.272497,-11.3435135,-16.285011,49.12209,-12.181891,0.8630195
749,-2.5729565620422363,437.91656494140625,104.66190338134766,2.0242697195333603,-5.470742533091268,89.3916220560381,-7.2373295,-4.0214267,11.422616,-7.946727,-10.335929,-12.917128,17.855309,-18.139772,54.55905,11.983353,6.88598,3.273302,-0.80578977,-5.1857004,-14.027667,31.720581,40.93537,-17.387402,-14.034956,6.061578,-7.407514,4.79037,6.8151073,-7.1331844,5.4431567,-16.24561,-11.01558,-16.831562,46.45487,-11.992167,1.1742674
750,-2.5694007873535156,438.37518310546875,104.63922882080078,2.071968091317332,-5.316677512077881,89.65599372761588,-7.440415,-4.0015883,11.283763,-8.061169,-10.177185,-13.293863,17.873919,-18.14666,54.010273,11.514569,6.6693554,3.3980505,-0.6324966,-4.887157,-14.516475,31.307785,40.848106,-18.46613,-15.085627,6.2886395,-7.48347,4.554495,6.589325,-7.2601337,5.44166,-16.188562,-10.711165,-17.447174,43.687424,-11.703705,1.4484056
751,-2.5704634189605713,438.8397216796875,104.61552429199219,2.133779762079477,-5.152910794374272,89.91201927923268,-7.6328177,-3.9890335,11.134552,-8.176461,-10.03254,-13.642713,17.883696,-18.177616,53.44541,11.089688,6.4577994,3.4915972,-0.47235602,-4.552083,-15.055978,30.858868,40.667423,-19.55293,-16.23696,6.5543027,-7.5790277,4.328517,6.270199,-7.343126,5.44593,-16.126326,-10.417441,-18.106363,40.88407,-11.366753,1.7056246
752,-2.5696184635162354,439.3013610839844,104.58590698242188,2.2063281037556215,-4.979966639136879,90.1608963406155,-7.811953,-3.9848692,10.974709,-8.312524,-9.915883,-13.969663,17.884668,-18.238401,52.876842,10.740716,6.264273,3.5629847,-0.32380718,-4.194829,-15.6038,30.372408,40.416496,-20.604872,-17.516756,6.793636,-7.6812396,4.1009884,5.9794626,-7.4385033,5.451659,-16.077475,-10.121674,-18.787508,38.093533,-11.023313,1.9642566
753,-2.5657267570495605,439.7640380859375,104.54754638671875,2.293150345066899,-4.796447144875618,90.40403398978975,-7.984623,-3.990654,10.798319,-8.47419,-9.834159,-14.268774,17.877367,-18.329151,52.301792,10.483213,6.0872493,3.6095295,-0.19261399,-3.8222377,-16.140959,29.844633,40.09453,-21.639051,-18.995514,6.9452386,-7.78975,3.8616817,5.8389072,-7.6092744,5.458606,-16.018915,-9.82219,-19.502052,35.25884,-10.710789,2.2396224
754,-2.5463168621063232,440.23236083984375,104.5049819946289,2.3972853541045676,-4.603121669208304,90.64081034794597,-8.154003,-4.0046053,10.60671,-8.647608,-9.77717,-14.534152,17.862322,-18.442387,51.71265,10.297189,5.921421,3.628268,-0.08264635,-3.4363468,-16.677526,29.28508,39.693783,-22.667969,-20.648829,7.021319,-7.9020505,3.6141398,5.830957,-7.848429,5.4598107,-15.9454155,-9.521639,-20.25795,32.36316,-10.391692,2.5202444
755,-2.5308382511138916,440.7091979980469,104.4565200805664,2.5043329735167483,-4.404277580025452,90.87010101946994,-8.312818,-4.0196376,10.4112625,-8.82255,-9.739606,-14.769729,17.838203,-18.572187,51.11029,10.160665,5.774286,3.6273801,0.010715446,-3.047927,-17.212923,28.710894,39.235947,-23.64307,-22.356564,7.0952744,-8.017969,3.3711922,5.8255305,-8.093511,5.4640102,-15.879748,-9.205809,-21.037361,29.478397,-9.979021,2.7833025
756,-2.5273375511169434,441.18365478515625,104.40828704833984,2.60338585529748,-4.203753625609315,91.08971868622633,-8.453898,-4.028791,10.222739,-8.989952,-9.710439,-14.979579,17.802488,-18.711975,50.497868,10.052125,5.6525187,3.6151016,0.09215019,-2.673881,-17.74253,28.141003,38.75536,-24.519304,-23.995392,7.167977,-8.129092,3.1370716,5.81849,-8.335814,5.473764,-15.857888,-8.868764,-21.815142,26.70632,-9.401671,3.0060813
757,-2.5151572227478027,441.6618347167969,104.35969543457031,2.6943599239617146,-4.002115859322923,91.30294920715522,-8.578321,-4.0312963,10.040465,-9.145278,-9.6957,-15.167921,17.752544,-18.865547,49.873596,9.971619,5.562464,3.5912848,0.16471046,-2.323425,-18.248768,27.563925,38.22569,-25.307278,-25.654009,7.2412057,-8.223291,2.9083958,5.813593,-8.57837,5.477342,-15.908255,-8.517074,-22.597052,24.090067,-8.647155,3.1052017
758,-2.512214183807373,442.1383972167969,104.30696868896484,2.781507823319489,-3.7977028680993254,91.5100073795555,-8.69109,-4.028542,9.858811,-9.293057,-9.696598,-15.330251,17.687603,-19.031475,49.239628,9.930022,5.497478,3.5524685,0.22455142,-1.9997066,-18.729303,26.980137,37.654125,-26.023296,-27.361279,7.3112407,-8.3166065,2.6835904,5.8092775,-8.819208,5.4863067,-16.00466,-8.152861,-23.393257,21.569263,-7.7538157,3.1180289
759,-2.515977382659912,442.60858154296875,104.25618743896484,2.8637306160721097,-3.5915795120331113,91.70448891257618,-8.792975,-4.015704,9.681945,-9.43525,-9.699077,-15.456949,17.607258,-19.194113,48.60239,9.922161,5.444185,3.5014944,0.26590475,-1.7088325,-19.198606,26.430212,37.14367,-26.642479,-28.89275,7.376829,-8.405732,2.4706376,5.805504,-9.058277,5.497981,-16.121069,-7.771846,-24.176233,19.124605,-6.7392044,3.2006073
760,-2.5219547748565674,443.0930480957031,104.21220397949219,2.937610040602234,-3.386574486156442,91.88212370075193,-8.8860655,-3.9917898,9.51458,-9.574492,-9.687589,-15.538737,17.511309,-19.336645,47.96924,9.944147,5.3896527,3.440294,0.2837578,-1.4595876,-19.67297,25.950975,36.80385,-27.144508,-30.017212,7.4526076,-8.484575,2.2776656,5.802237,-9.30917,5.5075436,-16.22646,-7.3711967,-24.916548,16.73071,-5.6153097,3.5097327
761,-2.5297183990478516,443.58209228515625,104.15711212158203,3.0034698527928327,-3.1820521863733697,92.03783199540871,-8.970932,-3.9538345,9.356195,-9.717571,-9.648426,-15.566031,17.398067,-19.4481,47.33146,9.995927,5.330763,3.3652306,0.26681918,-1.257493,-20.166552,25.569828,36.736824,-27.532598,-30.603857,7.5353804,-8.554431,2.109663,5.7972207,-9.568028,5.5158534,-16.29246,-6.9325724,-25.61783,14.307123,-4.186937,4.083588
762,-2.53928279876709,444.0789794921875,104.10127258300781,3.069746885369201,-2.983433983561083,92.18143308287056,-9.053183,-3.911793,9.207629,-9.861647,-9.58926,-15.545239,17.266403,-19.536232,46.690086,10.082133,5.2740984,3.274757,0.22357841,-1.1033059,-20.664764,25.260906,36.877872,-27.821047,-30.791348,7.6309814,-8.625208,1.9559951,5.7919917,-9.835215,5.524952,-16.360014,-6.4855866,-26.274313,11.937962,-2.5341778,4.8413796
763,-2.5479416847229004,444.5714111328125,104.05004119873047,3.1599409379166947,-2.807470898641743,92.33418786648741,-9.147778,-3.8916726,9.077688,-9.991464,-9.534898,-15.48905,17.118423,-19.61287,46.063396,10.20443,5.2219415,3.173684,0.18076642,-0.9971608,-21.136036,24.982456,37.088547,-28.00932,-30.756025,7.751436,-8.723356,1.7944528,5.78361,-10.101036,5.5396276,-16.459356,-6.1018686,-26.862724,9.786626,-1.0553114,5.7672863
764,-2.5660531520843506,445.0494689941406,103.98271942138672,3.2983410991951683,-2.672621204517548,92.51979211926198,-9.273143,-3.9213338,8.975771,-10.090593,-9.509142,-15.407108,16.95864,-19.688759,45.46635,10.362577,5.177684,3.0660944,0.1645628,-0.9391166,-21.545788,24.69441,37.226868,-28.09765,-30.677763,7.9132757,-8.884829,1.6002324,5.7709885,-10.360589,5.5736394,-16.57949,-5.8405724,-27.39122,7.9410534,-0.112074405,6.8456154
765,-2.567894220352173,445.5508117675781,103.8843765258789,3.503759261023125,-2.590789235788444,92.75866940794958,-9.450951,-4.0224047,8.905757,-10.148396,-9.507334,-15.288977,16.79059,-19.76238,44.884335,10.574832,5.1498213,2.952663,0.18868458,-0.93599635,-21.884169,24.387281,37.245197,-28.06231,-30.54843,8.150154,-9.115683,1.3550184,5.754849,-10.63427,5.616833,-16.649565,-5.7080765,-27.928974,6.2911544,0.1689807,8.234088
766,-2.570486545562744,446.0579833984375,103.76512908935547,3.7528040835430336,-2.5500298983338476,93.03616559305405,-9.673249,-4.169744,8.8615055,-10.171364,-9.520727,-15.1272545,16.615576,-19.826212,44.308113,10.832411,5.135051,2.8308365,0.23448251,-0.99051666,-22.159838,24.089315,37.22699,-27.914265,-30.294247,8.437475,-9.396332,1.0714996,5.7378764,-10.913313,5.6728063,-17.082203,-5.8780775,-28.34251,5.6527805,-0.41154173,9.893127
767,-2.5687825679779053,446.57049560546875,103.63856506347656,3.998307580390293,-2.5227907129934133,93.31276461232464,-9.902737,-4.3116407,8.833081,-10.168777,-9.5694895,-14.937409,16.435242,-19.883427,43.760483,11.09622,5.1188865,2.7024677,0.2757669,-1.0941935,-22.37206,23.814291,37.218983,-27.705141,-29.995228,8.743171,-9.666835,0.78924495,5.7240677,-11.199459,5.724513,-17.695738,-6.1758046,-28.650528,5.589501,-1.382506,11.486222
768,-2.575773000717163,447.0821533203125,103.52176666259766,4.189325887364549,-2.4849359033353986,93.54564995110147,-10.129236,-4.414011,8.827493,-10.112184,-9.686214,-14.680569,16.320333,-19.9258,43.17005,11.290415,5.1116652,2.5721695,0.27752593,-1.1828603,-22.498114,23.558271,37.234653,-27.489676,-29.732376,9.036671,-9.874484,0.55341375,5.71622,-11.492108,5.7646403,-18.24118,-6.378301,-28.876972,5.5377016,-2.21942,12.673698
769,-2.57478928565979,447.58251953125,103.41832733154297,4.334233918452699,-2.41909159685131,93.70992939838068,-10.288468,-4.462632,8.829065,-10.0466795,-9.873751,-14.41789,16.209461,-19.974136,42.615322,11.432541,5.089305,2.436684,0.24744657,-1.2813812,-22.599037,23.312687,37.3019,-27.240128,-29.501284,9.292,-10.023135,0.38353372,5.713762,-11.7847595,5.7849717,-18.740665,-6.4843388,-28.939674,5.5123158,-2.9535847,13.349872
770,-2.572007656097412,448.0724792480469,103.32646179199219,4.453848279520735,-2.324974246948234,93.82337872108461,-10.366234,-4.4618416,8.814137,-10.017059,-10.104731,-14.207577,16.035166,-20.042194,42.208668,11.580704,5.0218034,2.2922578,0.20746586,-1.4507233,-22.687532,23.104193,37.437195,-26.942612,-29.260983,9.510401,-10.141793,0.25978515,5.7116995,-12.072942,5.7954836,-19.199812,-6.523121,-28.876545,5.50714,-3.684702,13.692997
771,-2.567131757736206,448.5588684082031,103.24896240234375,4.528167292368649,-2.2308466400822917,93.91440968250339,-10.438779,-4.417563,8.822475,-9.948436,-10.385501,-13.967054,15.875184,-20.112679,41.824234,11.704916,4.959873,2.151092,0.15295759,-1.6154819,-22.716734,22.90859,37.569885,-26.643875,-29.028675,9.727378,-10.203398,0.16678345,5.7131767,-12.363829,5.7920513,-19.57651,-6.480257,-28.801302,5.5028477,-4.280709,13.809044
772,-2.5719528198242188,449.0494689941406,103.18251037597656,4.5552720901830535,-2.1439610182625617,94.01186897220312,-10.536513,-4.3348074,8.859181,-9.830543,-10.709712,-13.682655,15.744982,-20.18901,41.442623,11.813922,4.922614,2.0114918,0.08864575,-1.7549173,-22.71185,22.721266,37.66845,-26.365917,-28.788307,9.956006,-10.210519,0.08043475,5.716433,-12.658398,5.7827296,-19.872816,-6.375694,-28.806171,5.5102434,-4.61718,13.809553
773,-2.5770437717437744,449.53497314453125,103.12923431396484,4.513593969432388,-2.0678370984017134,94.09543091095314,-10.604579,-4.165486,8.9192,-9.718987,-11.077974,-13.453245,15.559942,-20.294756,41.243095,11.93738,4.8493094,1.8633498,0.0073063984,-1.9574188,-22.652103,22.606892,37.807396,-26.157242,-28.57536,10.195678,-10.134296,0.02668888,5.725209,-12.958735,5.7579403,-20.083454,-6.1666384,-28.952105,5.5306616,-4.557876,13.624065
774,-2.600895881652832,450.02880859375,103.08568572998047,4.414042549276586,-1.9896561447128127,94.15629018513432,-10.657246,-3.931478,9.004451,-9.569693,-11.507899,-13.21376,15.365503,-20.411827,41.095673,12.050516,4.783667,1.7134472,-0.091766395,-2.1707625,-22.540607,22.512226,37.9454,-25.976759,-28.38439,10.439916,-9.999988,0.008952037,5.7369275,-13.269265,5.7300744,-20.21947,-5.8619523,-29.168858,5.562847,-4.2052307,13.229147
775,-2.6103739738464355,450.52252197265625,103.04883575439453,4.285343639559772,-1.9128502832901408,94.24017791881604,-10.74783,-3.6838388,9.09978,-9.392833,-11.941136,-12.924675,15.208271,-20.52986,40.952835,12.160181,4.737713,1.5707985,-0.18256219,-2.3428862,-22.422253,22.422089,38.04303,-25.77906,-28.136677,10.684621,-9.816621,-0.020627942,5.7508626,-13.576184,5.6849465,-20.30944,-5.539062,-29.361004,5.6571712,-3.814167,12.79734
776,-2.6283020973205566,451.0488586425781,103.00489807128906,4.1737083722105695,-1.8736333997310688,94.40486675527933,-10.877967,-3.410998,9.149707,-9.292037,-12.258372,-12.714748,14.903362,-20.686556,41.128914,12.353045,4.6228933,1.4647375,-0.21580587,-2.6888041,-22.222221,22.454773,38.24105,-25.6013,-27.848394,10.9875,-9.644846,-0.11985155,5.7675943,-13.895159,5.6451926,-20.533619,-5.416357,-29.368292,6.28639,-3.830068,12.488703
777,-2.617870807647705,451.5810852050781,102.95028686523438,4.116456545405873,-1.8760631366899887,94.67008590633577,-11.1232,-3.2092905,9.193506,-9.188073,-12.514652,-12.431301,14.622119,-20.825377,41.332985,12.562547,4.5154743,1.3908447,-0.21027198,-3.006907,-22.035284,22.51042,38.409706,-25.38403,-27.446016,11.340337,-9.506039,-0.31655002,5.7769556,-14.202647,5.5987916,-20.638834,-5.4082627,-29.208315,6.925611,-3.9895692,12.290944
778,-2.602177381515503,452.1349792480469,102.88834381103516,4.0688182497258145,-1.9136594185615796,95.00198965020618,-11.439722,-3.0303621,9.245921,-9.084466,-12.7332115,-12.105259,14.357892,-20.97447,41.592937,12.7733,4.40886,1.3468336,-0.1734845,-3.3048866,-21.850182,22.588068,38.556866,-25.147152,-26.959568,11.743246,-9.361842,-0.5691453,5.787687,-14.517457,5.548363,-20.574213,-5.4044113,-28.900175,7.454032,-4.037156,11.955415
779,-2.590303421020508,452.70648193359375,102.8232421875,3.999687443781766,-1.9353897997852756,95.38107902826927,-11.793992,-2.8365417,9.273451,-8.988743,-12.878684,-11.764043,14.105104,-21.14718,41.916058,13.025099,4.3171415,1.3053318,-0.09736238,-3.5908227,-21.678337,22.67925,38.6578,-24.856089,-26.374762,12.135402,-9.17896,-0.8585398,5.8007092,-14.832316,5.4914203,-20.441397,-5.3644977,-28.386116,7.901264,-3.8452806,11.219659
780,-2.5928003787994385,453.31011962890625,102.77750396728516,3.8753460353635774,-1.890867072779338,95.78772514553779,-12.15128,-2.5856879,9.24547,-8.9117365,-12.908081,-11.437218,13.858291,-21.356821,42.31064,13.35848,4.2544527,1.2382032,0.025182713,-3.8732429,-21.533941,22.77227,38.683754,-24.475008,-25.675884,12.462527,-8.920235,-1.1631504,5.819989,-15.148587,5.4239035,-20.387999,-5.2686677,-27.641302,8.3953705,-3.3721418,9.907783
781,-2.586519241333008,453.91607666015625,102.7577896118164,3.6796818698350258,-1.7567303685900941,96.23802784285307,-12.52766,-2.2564955,9.145714,-8.857603,-12.775229,-11.125823,13.610823,-21.598763,42.78782,13.813156,4.218789,1.1343379,0.1935771,-4.154517,-21.427238,22.859447,38.689655,-23.99491,-24.828917,12.679805,-8.548997,-1.495984,5.846025,-15.445096,5.3280406,-20.439173,-5.118463,-26.656445,8.983743,-2.7294364,8.122485
782,-2.57832932472229,454.545166015625,102.7430191040039,3.432605486431321,-1.5622144355570085,96.73709213591125,-12.929825,-1.8683535,8.994456,-8.825125,-12.511749,-10.826765,13.3587675,-21.873312,43.35431,14.360928,4.202182,1.0106715,0.40472713,-4.4358573,-21.351545,22.949379,38.664898,-23.435478,-23.85532,12.83445,-8.093155,-1.862239,5.8786607,-15.739264,5.2123327,-20.497347,-4.9213343,-25.639534,9.558205,-1.9497875,6.088144
783,-2.583644151687622,455.1749267578125,102.72804260253906,3.1491823589794916,-1.336084109123182,97.24887428211112,-13.309498,-1.437251,8.816843,-8.815035,-12.1980915,-10.561276,13.1027565,-22.203762,44.00963,14.936118,4.209927,0.881162,0.6600794,-4.724014,-21.292122,23.063324,38.487156,-22.811249,-22.82145,12.95145,-7.5881605,-2.2314558,5.916628,-16.027498,5.090347,-20.564613,-4.6850333,-24.858442,10.100316,-1.0068991,3.9075117
784,-2.567281723022461,455.8134460449219,102.71775817871094,2.8426287210640466,-1.1078446913986901,97.73728981302226,-13.618671,-0.98086154,8.635699,-8.829701,-11.912563,-10.350299,12.846742,-22.618502,44.75142,15.467765,4.2486134,0.7613032,0.95950234,-5.0286145,-21.230927,23.226032,38.040905,-22.141798,-21.79048,13.068983,-7.0370054,-2.5672305,5.9585304,-16.319372,4.9443846,-20.67071,-4.4270234,-24.468508,10.648447,0.026978135,1.6920271
785,-2.5383358001708984,456.4471740722656,102.7149658203125,2.4974254932947626,-0.8714498494204603,98.21571694701016,-13.859048,-0.48875317,8.43743,-8.880257,-11.653296,-10.204169,12.596781,-23.150286,45.590324,15.939261,4.330895,0.66105837,1.318774,-5.3545613,-21.158972,23.42178,37.30714,-21.43363,-20.812628,13.171657,-6.4221444,-2.8800607,6.007177,-16.608953,4.773243,-20.838207,-4.1261587,-24.48312,11.194221,1.0738989,-0.47818884
786,-2.50427508354187,457.0799255371094,102.74853515625,2.0973346593427658,-0.6111508718270653,98.69512920108049,-14.049736,0.058166075,8.214589,-8.96388,-11.383388,-10.113019,12.354263,-23.787226,46.522446,16.375677,4.452913,0.57322204,1.7256984,-5.7028565,-21.080168,23.655064,36.348263,-20.689577,-19.839903,13.23659,-5.7276607,-3.176745,6.0656796,-16.876871,4.577566,-20.880768,-3.6841495,-24.811905,11.380736,2.0726914,-2.4167433
787,-2.4648218154907227,457.7219543457031,102.79029846191406,1.6620093494270127,-0.3466462726494736,99.13993810113955,-14.175283,0.64525735,7.998927,-9.05776,-11.136058,-10.061425,12.114441,-24.480253,47.52063,16.775013,4.596545,0.4844605,2.1371574,-6.0783205,-20.992737,23.981028,35.172897,-19.927324,-18.784765,13.302083,-4.992356,-3.4127882,6.127121,-17.06578,4.365478,-20.883183,-3.171777,-25.258133,11.477034,2.7138538,-3.9459205
788,-2.4328770637512207,458.362060546875,102.84053039550781,1.2241317780359873,-0.10292831275134004,99.5155159982804,-14.223659,1.2432016,7.8217454,-9.137783,-10.943081,-10.030577,11.86896,-25.170525,48.557663,17.143986,4.741677,0.37847003,2.5089211,-6.4914207,-20.893494,24.451515,33.78586,-19.165716,-17.560064,13.393928,-4.2773623,-3.5520177,6.187563,-17.099174,4.1538787,-20.843735,-2.6417134,-25.681705,11.56277,2.9477623,-5.0056515
789,-2.4184439182281494,458.99542236328125,102.89103698730469,0.7947934986362918,0.12032665010585693,99.81583588459759,-14.194055,1.8449417,7.67777,-9.189325,-10.80195,-10.023712,11.612301,-25.87124,49.65592,17.46064,4.8679423,0.25362036,2.8378012,-6.955387,-20.783775,25.100279,32.156414,-18.4771,-16.099167,13.5128145,-3.5994463,-3.5840993,6.2488155,-16.924452,3.9491222,-20.753054,-2.1159844,-26.0446,11.656611,2.8698385,-5.681639
790,-2.40324068069458,459.62237548828125,102.95372009277344,0.36252038243194884,0.3302423908954577,100.05958035149506,-14.095348,2.458778,7.55069,-9.227499,-10.698685,-10.04837,11.342505,-26.596268,50.82458,17.735378,4.98955,0.116012104,3.1363199,-7.4742117,-20.652117,25.901503,30.296915,-17.856844,-14.462506,13.645592,-2.9326878,-3.5233366,6.312886,-16.51004,3.7436013,-20.649246,-1.5782793,-26.374868,11.7575035,2.6281781,-6.1090937
791,-2.3969554901123047,460.2461853027344,103.02542114257812,-0.05176814994309336,0.5061285752699418,100.25145818526536,-13.936529,3.0554998,7.455406,-9.268378,-10.648467,-10.081151,11.056222,-27.273378,52.011555,18.032198,5.1358624,-0.042877015,3.385054,-8.041558,-20.471903,26.82032,28.2729,-17.206598,-12.747972,13.172798,-2.3420184,-3.527635,7.639992,-16.492037,3.5434,-20.461018,-1.0521095,-26.68136,11.821493,2.292319,-6.340729
792,-2.3996145725250244,460.8563537597656,103.0976791381836,-0.43496355188433167,0.6324618104501633,100.39246953107582,-13.731337,3.6145248,7.407001,-9.317729,-10.673265,-10.088176,10.750103,-27.807539,53.15899,18.429766,5.332657,-0.23612888,3.5571094,-8.645431,-20.209127,27.825611,26.141645,-16.419928,-11.043947,12.549582,-1.8151646,-3.5397687,9.348784,-16.460035,3.3424735,-20.227985,-0.56032205,-26.952091,11.872271,1.9366046,-6.4568768
793,-2.4132015705108643,461.4562072753906,103.15751647949219,-0.7817284895194921,0.6933009614351201,100.45467473089953,-13.467717,4.1308894,7.421732,-9.365764,-10.795834,-10.051698,10.416867,-28.127558,54.260147,19.020338,5.5787964,-0.5147206,3.6283393,-9.287863,-19.881618,28.939295,23.86366,-15.453958,-9.247986,12.103062,-1.3552027,-3.4892561,10.856683,-16.215965,3.1464672,-19.818197,-0.115403935,-27.179426,11.872204,1.5246701,-6.4146976
794,-2.4321115016937256,462.0405578613281,103.22991943359375,-1.0983258324473406,0.7047255795372408,100.4414225904066,-13.147708,4.615124,7.481366,-9.402176,-11.003261,-9.983135,10.054503,-28.266794,55.34382,19.763067,5.854342,-0.8619057,3.6014407,-9.971243,-19.48105,30.183039,21.412916,-14.396213,-7.3311706,11.847564,-0.9521185,-3.3814154,12.133803,-15.861888,2.9625556,-19.287415,0.35032365,-27.363308,11.696163,1.1921669,-6.31251
795,-2.458888292312622,462.62603759765625,103.30420684814453,-1.3830108297321482,0.694520495827056,100.4068616625645,-12.811889,5.061982,7.5527554,-9.436286,-11.250051,-9.888587,9.674222,-28.299042,56.401535,20.526945,6.1606636,-1.1859779,3.496769,-10.677015,-18.936893,31.520926,18.869534,-13.311378,-5.489061,11.571587,-0.59134,-3.3142173,13.435308,-15.564153,2.7773182,-18.747818,0.7738111,-27.519808,11.537816,0.8506949,-6.180612
796,-2.474581718444824,463.21734619140625,103.38976287841797,-1.6219891306818197,0.6823985544523062,100.40805084117783,-12.50618,5.448636,7.612641,-9.474593,-11.493053,-9.768853,9.298241,-28.301872,57.410877,21.17248,6.5076466,-1.3943511,3.3362138,-11.375761,-18.18245,32.90705,16.314943,-12.236663,-3.9226363,11.265345,-0.26886284,-3.3335996,14.768383,-15.390115,2.585404,-18.181,1.152771,-27.698515,11.329372,0.53348655,-6.05895
797,-2.459946393966675,463.7971496582031,103.47929382324219,-1.8065715497939574,0.6672380936506859,100.44849858021442,-12.235504,5.756706,7.6658435,-9.508662,-11.730687,-9.609091,8.943687,-28.28511,58.35378,21.648497,6.9381037,-1.4346553,3.120139,-12.048628,-17.19876,34.32958,13.799929,-11.055694,-2.6396716,10.939769,0.0025759817,-3.4305978,16.11043,-15.295008,2.3811314,-17.629314,1.4733455,-27.892546,11.131133,0.22202754,-5.9676437
798,-2.437816858291626,464.36090087890625,103.57206726074219,-1.943876880449075,0.6391869475075936,100.5026452384869,-11.981478,5.993893,7.7281914,-9.534962,-11.983411,-9.403797,8.617715,-28.220959,59.219753,22.017742,7.4439974,-1.365109,2.832672,-12.691927,-16.024147,35.810867,11.264056,-9.765777,-1.5254304,10.612978,0.22294462,-3.563203,17.442663,-15.138751,2.1603942,-17.08364,1.7352823,-28.084375,10.94392,-0.082162045,-5.877898
799,-2.393807888031006,464.9237060546875,103.66847229003906,-2.0457044205376067,0.6047652100850512,100.58503468985214,-11.753771,6.177826,7.7972436,-9.568087,-12.251066,-9.172548,8.329328,-28.136217,59.995182,22.3095,7.961582,-1.2576894,2.4773848,-13.295337,-14.686622,37.340763,8.629766,-8.548718,-0.6096896,10.259874,0.41327545,-3.7396877,18.80356,-14.901776,1.9202414,-16.528734,1.9655017,-28.296255,10.746694,-0.38645262,-5.7976823
800,-2.335268497467041,465.4837646484375,103.76546478271484,-2.1277147305143425,0.5722433564440039,100.70945027270147,-11.556322,6.3285975,7.8695436,-9.627509,-12.532441,-8.937553,8.088979,-28.070135,60.666946,22.547066,8.428372,-1.1829469,2.0668912,-13.845902,-13.225387,38.89506,5.8206754,-7.579953,0.06491927,9.818115,0.59674543,-3.9811993,20.276669,-14.617057,1.6561449,-15.972419,2.176607,-28.543736,10.537239,-0.6898552,-5.72789
801,-2.241649627685547,466.04925537109375,103.8641586303711,-2.176024949583322,0.5495627904943632,100.89031269820737,-11.391128,6.4259562,7.9343185,-9.731978,-12.828994,-8.700496,7.907027,-28.043312,61.22528,22.700027,8.861641,-1.135646,1.60905,-14.3251295,-11.633374,40.475445,2.727983,-6.8967953,0.41221905,9.29162,0.7562003,-4.297829,21.842632,-14.275959,1.3760478,-15.4285,2.3586524,-28.836086,10.336246,-1.0123171,-5.680913
802,-2.1433169841766357,466.5868225097656,103.9626235961914,-2.189087987617997,0.5299923551822983,101.11636055433178,-11.250679,6.4647803,8.000704,-9.870722,-13.141795,-8.450066,7.7874575,-28.044237,61.664658,22.759232,9.2887335,-1.086585,1.1008075,-14.722714,-9.913938,42.074444,-0.58283025,-6.361164,0.47028592,8.700919,0.88097185,-4.6779127,23.476965,-13.868588,1.070137,-14.907133,2.4921048,-29.159145,10.13732,-1.3214554,-5.6437063
803,-2.042881727218628,467.10406494140625,104.0588150024414,-2.1951790003812452,0.49812605160694395,101.36288227601153,-11.122082,6.483879,8.0949545,-10.020741,-13.474007,-8.192475,7.72689,-28.066505,61.984768,22.782623,9.660098,-1.0717276,0.543576,-15.041531,-8.127195,43.652744,-3.9246495,-5.8920984,0.37349054,8.066816,0.9969854,-5.0966573,25.175444,-13.400509,0.70774215,-14.364925,2.626637,-29.505312,9.895731,-1.6022539,-5.608427
804,-1.9361032247543335,467.5997619628906,104.14701843261719,-2.222231807102448,0.43939666188420656,101.60509479754742,-10.987277,6.5258994,8.241842,-10.165709,-13.822473,-7.940145,7.7147083,-28.110865,62.19333,22.826767,9.923801,-1.127053,-0.050258737,-15.290776,-6.3410616,45.165367,-7.1094456,-5.4289045,0.26296553,7.406131,1.1301543,-5.5312424,26.940596,-12.8808565,0.2579505,-13.777016,2.8096972,-29.862446,9.589567,-1.8474706,-5.573549
805,-1.8401501178741455,468.08319091796875,104.2247543334961,-2.274021921632722,0.34802642260961036,101.84316539157976,-10.830612,6.595986,8.447713,-10.318792,-14.197484,-7.710659,7.7422137,-28.201874,62.30677,22.926258,10.044644,-1.269763,-0.66657764,-15.472493,-4.5490794,46.592716,-10.219232,-4.9501834,0.113564305,6.708393,1.2754731,-5.987231,28.808756,-12.3110895,-0.2694957,-13.159401,3.0173733,-30.226946,9.286549,-2.0931842,-5.521992
806,-1.7506201267242432,468.55316162109375,104.29153442382812,-2.335724328741109,0.2328012957607647,102.08725847081008,-10.656278,6.676781,8.697067,-10.492276,-14.592607,-7.504476,7.8059316,-28.341118,62.333176,23.04358,10.053762,-1.4765546,-1.2978383,-15.583006,-2.7388725,47.94863,-13.31398,-4.472654,-0.12927769,5.973151,1.4098444,-6.4729204,30.761429,-11.689927,-0.8802277,-12.548321,3.2184985,-30.59762,9.041193,-2.3640852,-5.4594584
807,-1.6680731773376465,469.0130615234375,104.35315704345703,-2.4071391265035986,0.10136917541476588,102.32703837433799,-10.474744,6.77658,8.97974,-10.665914,-14.995825,-7.308401,7.9009414,-28.492626,62.270317,23.130466,9.998195,-1.7228342,-1.9310645,-15.627844,-0.97628784,49.23439,-16.173935,-4.0203404,-0.36894956,5.222778,1.5355921,-6.973759,32.743683,-11.037171,-1.620373,-11.912722,3.439277,-30.968338,8.76527,-2.6157956,-5.3909774
808,-1.5998910665512085,469.4548645019531,104.40711975097656,-2.4892677532569993,-0.03858014964558726,102.55274298132375,-10.293914,6.905466,9.28695,-10.824122,-15.390219,-7.1124415,8.020017,-28.620768,62.11886,23.141874,9.9251375,-1.9850355,-2.5480297,-15.6187315,0.6611591,50.44618,-18.581419,-3.631646,-0.51114637,4.477643,1.6633228,-7.4782057,34.699028,-10.367325,-2.525492,-11.280561,3.670734,-31.32094,8.485755,-2.8512022,-5.3198876
809,-1.5217612981796265,469.87890625,104.44914245605469,-2.583398409502922,-0.1891275489602998,102.75882153815088,-10.10591,7.0709534,9.624954,-10.969387,-15.790292,-6.9247937,8.157953,-28.72774,61.88233,23.046898,9.8247175,-2.2786894,-3.1433156,-15.567481,2.156427,51.56754,-20.528465,-3.3113387,-0.49965522,3.743653,1.803178,-7.990819,36.623608,-9.681966,-3.6489098,-10.665332,3.9225357,-31.64699,8.23199,-3.0901804,-5.2608624
810,-1.4488285779953003,470.27197265625,104.4815902709961,-2.6894817363524726,-0.35266772211588515,102.95031524933809,-9.903463,7.2692037,9.9941,-11.115024,-16.196508,-6.7567844,8.311756,-28.832327,61.572063,22.878386,9.677848,-2.6085856,-3.7115924,-15.47987,3.5334265,52.5932,-22.122072,-3.0514052,-0.40347457,2.9967577,1.9451935,-8.524249,38.57122,-8.991746,-4.9538565,-10.057635,4.188642,-31.95417,7.977095,-3.309872,-5.205321
811,-1.3905425071716309,470.6558837890625,104.50489807128906,-2.8032885224187805,-0.5227758787907179,103.13648826895732,-9.699167,7.4894977,10.3780575,-11.257768,-16.58237,-6.6006274,8.476059,-28.924084,61.199654,22.687916,9.517668,-2.934325,-4.233905,-15.359537,4.775232,53.537266,-23.31463,-2.8741484,-0.32204118,2.2376106,2.076821,-9.075148,40.523823,-8.293944,-6.330884,-9.482958,4.436789,-32.247265,7.798615,-3.5589068,-5.1428857
812,-1.3392269611358643,471.03033447265625,104.518798828125,-2.921561821170122,-0.6928368294492353,103.32573843062444,-9.502383,7.7197285,10.760106,-11.39577,-16.92022,-6.452225,8.644159,-28.99062,60.781258,22.531656,9.37575,-3.214934,-4.692516,-15.210028,5.8569136,54.41231,-24.06318,-2.7963364,-0.35262597,1.4634101,2.1886897,-9.638379,42.46781,-7.582985,-7.6687574,-8.948448,4.666585,-32.53566,7.695942,-3.838844,-5.0797534
813,-1.2759065628051758,471.3915710449219,104.52747344970703,-3.051585439226201,-0.8653157690538941,103.5278959480165,-9.31903,7.9652014,11.144282,-11.542094,-17.208136,-6.3168573,8.812239,-29.027687,60.313683,22.441618,9.258422,-3.4497824,-5.0694747,-15.0361395,6.754952,55.214516,-24.263464,-2.8554862,-0.5384925,0.6622623,2.2902,-10.238085,44.43974,-6.883543,-8.955021,-8.39676,4.9349227,-32.840847,7.5356116,-4.0902643,-5.030827
814,-1.2196764945983887,471.7503662109375,104.52940368652344,-3.191784880010002,-1.0421002447720735,103.73620809714022,-9.139786,8.228068,11.535298,-11.696545,-17.458628,-6.201452,8.9783945,-29.044565,59.802948,22.384953,9.147228,-3.655529,-5.374818,-14.84436,7.4784794,55.936184,-23.976974,-3.031876,-0.8245555,-0.16458875,2.383471,-10.870658,46.440613,-6.1859484,-10.235764,-7.8531795,5.2065735,-33.14921,7.400741,-4.3543744,-4.9799705
815,-1.1673681735992432,472.0845642089844,104.52760314941406,-3.3286810291570323,-1.2156491110235683,103.93429315081687,-8.95166,8.496007,11.9178705,-11.837365,-17.662876,-6.104136,9.138583,-29.048615,59.27971,22.32065,9.035128,-3.816926,-5.6333513,-14.639635,8.056549,56.58661,-23.403263,-3.254933,-1.1604849,-1.0093251,2.4527586,-11.4916115,48.427067,-5.4461803,-11.487914,-7.3304095,5.4741244,-33.443092,7.2607827,-4.5971394,-4.932672
816,-1.1180965900421143,472.4030456542969,104.52445983886719,-3.4484227419530367,-1.3786456945538845,104.10532639641241,-8.743337,8.757232,12.276325,-11.940444,-17.814877,-6.0206966,9.287402,-29.044146,58.77536,22.209198,8.914303,-3.918365,-5.870276,-14.424955,8.523289,57.177444,-22.73811,-3.45188,-1.4983864,-1.8604261,2.4839547,-12.056295,50.349358,-4.6180344,-12.689244,-6.852926,5.7105627,-33.70254,7.161612,-4.8408346,-4.8854246
817,-1.0777106285095215,472.7247619628906,104.5220718383789,-3.5509241986097346,-1.5319431568866277,104.25551931099993,-8.526798,9.014858,12.6123905,-11.993006,-17.918917,-5.950422,9.422334,-29.026615,58.290554,22.037357,8.777183,-3.9573615,-6.08695,-14.204216,8.875629,57.711475,-21.880806,-3.6258233,-1.8345093,-2.7255824,2.475933,-12.573772,52.21819,-3.661552,-13.8498535,-6.4072285,5.9123435,-33.93804,7.105405,-5.096289,-4.829985
818,-1.0406103134155273,473.0267028808594,104.52056121826172,-3.642573514146662,-1.6788383624823802,104.39065924907585,-8.304104,9.275425,12.932234,-12.009691,-17.976608,-5.8963213,9.542323,-28.993889,57.81683,21.829117,8.62722,-3.9410415,-6.2705293,-13.979133,9.106392,58.18191,-20.772633,-3.8116102,-2.1909943,-3.6078765,2.4388201,-13.064432,54.054607,-2.6065822,-14.971973,-5.9739075,6.106844,-34.158558,7.0229845,-5.320408,-4.7763667
819,-1.0053645372390747,473.33154296875,104.51933288574219,-3.719560446101331,-1.8158709075945667,104.49336287442554,-8.050479,9.529626,13.225042,-12.006473,-17.971169,-5.862346,9.644502,-28.950565,57.375217,21.602669,8.473939,-3.8667834,-6.43627,-13.750508,9.244706,58.597134,-19.67395,-3.979852,-2.56233,-4.4963975,2.3772352,-13.501154,55.828068,-1.5089657,-16.021069,-5.56867,6.279339,-34.341236,6.970126,-5.5510488,-4.7212014
820,-0.9745022058486938,473.6269836425781,104.52194213867188,-3.7785823026088985,-1.9394097483019472,104.54620907459241,-7.743617,9.767791,13.478434,-11.997727,-17.881107,-5.851863,9.725299,-28.898098,56.98895,21.376911,8.326463,-3.7316825,-6.6047735,-13.519298,9.326902,58.97245,-18.841558,-4.097735,-2.9469948,-5.382842,2.300083,-13.853634,57.514336,-0.42923206,-16.959286,-5.1772943,6.4432135,-34.46818,6.8818665,-5.7455688,-4.6676044
821,-0.9508872628211975,473.913330078125,104.52630615234375,-3.8169513452879587,-2.0465620755193252,104.53457619181161,-7.3671885,9.9928875,13.683877,-11.982014,-17.693321,-5.872115,9.781755,-28.838501,56.676563,21.148394,8.174583,-3.5234747,-6.783706,-13.284645,9.352135,59.316387,-18.32509,-4.1442647,-3.3678188,-6.2738843,2.1903584,-14.145503,59.116486,0.7605113,-17.841377,-4.8313136,6.575274,-34.518646,6.822277,-5.9314866,-4.614388
822,-0.9388354420661926,474.1944274902344,104.53160858154297,-3.8369587444136295,-2.13990083247363,104.47133694031604,-6.937325,10.208505,13.8474,-11.952435,-17.420137,-5.9204383,9.813121,-28.768042,56.42773,20.912575,8.01547,-3.2465956,-6.965525,-13.047724,9.308402,59.625446,-17.991867,-4.138416,-3.8215487,-7.171938,2.057219,-14.379429,60.642227,2.0504155,-18.658688,-4.5346923,6.665193,-34.50726,6.8213263,-6.1277976,-4.556747
823,-0.9222899675369263,474.4775390625,104.53904724121094,-3.8427352962078976,-2.2235005047556684,104.38024623400601,-6.4830446,10.410089,13.980616,-11.91188,-17.083715,-5.981068,9.8195095,-28.67609,56.214962,20.687088,7.8692374,-2.9235246,-7.148513,-12.809352,9.222004,59.89496,-17.816887,-4.1048174,-4.2690444,-8.067438,1.9614661,-14.484798,62.0718,3.178363,-19.265501,-4.251769,6.744487,-34.465923,6.816076,-6.315736,-4.50185
824,-0.917669951915741,474.73638916015625,104.54794311523438,-3.840956972742731,-2.3009635419270413,104.28525345737711,-6.0379806,10.592362,14.095086,-11.858205,-16.7073,-6.0318465,9.802751,-28.544556,56.007164,20.491888,7.7568645,-2.5764942,-7.337316,-12.572552,9.129467,60.126656,-17.7723,-4.068087,-4.67254,-8.953266,1.9775994,-14.385289,63.385403,3.8824778,-19.505867,-3.9865925,6.8050375,-34.42052,6.802748,-6.4796295,-4.443691
825,-0.9097155928611755,475.0068054199219,104.55831146240234,-3.8343448325144798,-2.3717420679389485,104.1773018915322,-5.596855,10.75606,14.18925,-11.784568,-16.272173,-6.061238,9.762167,-28.354584,55.79216,20.351952,7.689663,-2.1942258,-7.5390925,-12.336928,9.038971,60.32412,-17.912384,-4.026171,-5.0310283,-9.8336315,2.159558,-14.007278,64.59219,4.0316453,-19.27631,-3.7127826,6.872541,-34.36946,6.761622,-6.6339,-4.3855524
826,-0.9116926193237305,475.26458740234375,104.57051086425781,-3.8206198682137935,-2.434514950682565,104.04767172926961,-5.151076,10.902249,14.25886,-11.6879225,-15.773759,-6.075977,9.697952,-28.108833,55.58342,20.255322,7.6546636,-1.7713517,-7.7578,-12.102765,8.943552,60.493324,-18.226553,-3.965842,-5.3629966,-10.708913,2.4775043,-13.406467,65.69743,3.7791781,-18.67128,-3.4530563,6.9275365,-34.298557,6.709378,-6.767048,-4.324903
827,-0.9160449504852295,475.51995849609375,104.58844757080078,-3.7961850150899727,-2.492497180235862,103.92045755938425,-4.729148,11.02948,14.315981,-11.572958,-15.258601,-6.0814834,9.614419,-27.825964,55.37995,20.161573,7.6372876,-1.3405873,-7.987647,-11.871177,8.861727,60.632023,-18.582787,-3.8967187,-5.660367,-11.569483,2.8754985,-12.702653,66.68145,3.2845528,-17.836218,-3.1709259,6.9866366,-34.231167,6.5875783,-6.861632,-4.261603
828,-0.9223534464836121,475.7698059082031,104.6081771850586,-3.7578841415709157,-2.548493050872173,103.82045032978439,-4.3623877,11.134911,14.373275,-11.441911,-14.773434,-6.081093,9.519674,-27.524803,55.1779,20.027859,7.623534,-0.93452597,-8.225167,-11.645716,8.816887,60.73958,-18.846544,-3.8302696,-5.9159217,-12.405797,3.2925818,-12.010686,67.516426,2.7182066,-16.915066,-2.906108,7.012301,-34.18083,6.5008955,-6.970581,-4.192416
829,-0.9275038838386536,476.01513671875,104.63140106201172,-3.7057802218422933,-2.6021272866772143,103.75276007479472,-4.059126,11.216221,14.433552,-11.283428,-14.314458,-6.066948,9.419527,-27.1961,54.960205,19.832378,7.6227527,-0.55653614,-8.470332,-11.428339,8.815086,60.812443,-18.989012,-3.7656074,-6.1342497,-13.222594,3.7272964,-11.324118,68.202965,2.0542784,-15.894733,-2.6420906,7.0177665,-34.152023,6.4100842,-7.0766063,-4.1188045
830,-0.9293720126152039,476.2564697265625,104.65852355957031,-3.639731857164761,-2.6533243558208546,103.70377228764053,-3.805274,11.273675,14.494125,-11.096515,-13.863667,-6.0337954,9.315723,-26.83356,54.72104,19.59745,7.6402545,-0.1924185,-8.726844,-11.218554,8.851499,60.852165,-19.074198,-3.6989908,-6.3168817,-14.013575,4.193488,-10.601731,68.7488,1.2157888,-14.736701,-2.3717527,7.012024,-34.13614,6.295141,-7.169147,-4.0433283
831,-0.9304171204566956,476.49713134765625,104.68769073486328,-3.562216598608931,-2.7026589879211085,103.6718300984476,-3.597796,11.307149,14.558889,-10.900724,-13.44743,-5.98868,9.210671,-26.463974,54.472233,19.344284,7.656286,0.15187137,-8.997068,-11.016679,8.931793,60.865364,-19.10685,-3.638078,-6.45228,-14.761387,4.651315,-9.895794,69.14302,0.30201608,-13.534713,-2.1074698,6.9866333,-34.13408,6.1916018,-7.2665663,-3.9646988
832,-0.9309120178222656,476.7420349121094,104.7193374633789,-3.4726110182570773,-2.7512270518811683,103.65536680479708,-3.4321578,11.317466,14.629862,-10.718821,-13.088113,-5.9409547,9.107452,-26.120686,54.22702,19.09007,7.6520886,0.47144726,-9.280838,-10.824857,9.060772,60.856552,-19.091232,-3.590046,-6.5287356,-15.454197,5.065911,-9.253126,69.37732,-0.58135974,-12.373815,-1.8440022,6.9428463,-34.149532,6.0969334,-7.3701673,-3.882266
833,-0.9421406984329224,476.9710693359375,104.75374603271484,-3.3718457677745386,-2.8022044540524025,103.66188149514859,-3.314656,11.302911,14.715113,-10.556447,-12.789611,-5.8906164,9.007288,-25.809872,53.984596,18.819288,7.621493,0.7786851,-9.581075,-10.6456995,9.243733,60.826,-19.005173,-3.5605378,-6.5276527,-16.092787,5.4313436,-8.672517,69.452126,-1.4087143,-11.26503,-1.5916724,6.867734,-34.191128,6.0215716,-7.4716167,-3.7928534
834,-0.9449460506439209,477.1937255859375,104.78911590576172,-3.259327614762556,-2.853978640049626,103.68995555354599,-3.243902,11.263994,14.811415,-10.403982,-12.540789,-5.8342013,8.910506,-25.520933,53.736927,18.524496,7.575822,1.0720251,-9.894184,-10.479121,9.476562,60.768585,-18.851532,-3.5444295,-6.459584,-16.682425,5.756204,-8.129953,69.369995,-2.2333474,-10.1728325,-1.3519499,6.772985,-34.254635,5.9702516,-7.582885,-3.7059124
835,-0.9464757442474365,477.4173583984375,104.82366943359375,-3.13783556886729,-2.8988822149943942,103.72564791166475,-3.2026672,11.205138,14.903807,-10.2614,-12.344655,-5.777874,8.819301,-25.26292,53.488865,18.234495,7.523971,1.3253951,-10.209159,-10.323164,9.746184,60.679363,-18.6755,-3.532685,-6.356584,-17.219772,6.031981,-7.633541,69.12268,-3.0615418,-9.104614,-1.1436899,6.6501145,-34.319973,5.977326,-7.7224584,-3.6169932
836,-0.9608709216117859,477.629150390625,104.86009979248047,-3.009097660471983,-2.9292727313419014,103.75466165315,-3.1716158,11.131509,14.977257,-10.130775,-12.204853,-5.7292647,8.736885,-25.050741,53.244694,17.974314,7.475443,1.5133673,-10.512594,-10.174382,10.034317,60.551414,-18.524246,-3.5167677,-6.250289,-17.706314,6.251438,-7.194203,68.71161,-3.9036436,-8.067296,-0.96503514,6.5044403,-34.369785,5.9988728,-7.8558655,-3.5224407
837,-0.9749334454536438,477.8425598144531,104.89258575439453,-2.8679460091705007,-2.9428531350137233,103.77659585244774,-3.145394,11.034539,15.02628,-10.011568,-12.130042,-5.6918845,8.666848,-24.889835,53.007565,17.72842,7.431362,1.6240296,-10.798055,-10.029642,10.330097,60.37893,-18.406649,-3.501984,-6.142306,-18.14666,6.3945217,-6.828158,68.13184,-4.7651243,-7.0250835,-0.8688064,6.3000255,-34.391533,6.169053,-8.059491,-3.4249945
838,-0.9766196012496948,478.0680236816406,104.93055725097656,-2.71661580047883,-2.9429795483878984,103.79826937248713,-3.1323938,10.913979,15.058741,-9.905086,-12.116159,-5.6610794,8.610388,-24.777493,52.77203,17.486479,7.389447,1.6728815,-11.070684,-9.888164,10.637554,60.16545,-18.304205,-3.4907613,-6.017417,-18.542818,6.4674964,-6.5253334,67.39192,-5.641205,-5.987691,-0.73943913,6.1235123,-34.412033,6.234317,-8.219152,-3.3324625
839,-0.9989743828773499,478.2824401855469,104.96455383300781,-2.565010588310082,-2.931357115870882,103.8172810089382,-3.1338284,10.785661,15.080017,-9.815024,-12.146332,-5.6357613,8.5661335,-24.7162,52.531742,17.281677,7.354492,1.6759846,-11.337723,-9.751679,10.961847,59.91798,-18.222849,-3.470623,-5.88208,-18.881271,6.504488,-6.249545,66.478714,-6.5002317,-5.025776,-0.6776702,5.89669,-34.419987,6.4183297,-8.423559,-3.2292812
840,-1.0224825143814087,478.49114990234375,104.99047088623047,-2.426615069338892,-2.9089534621182773,103.8306125015814,-3.1463494,10.668292,15.095551,-9.750368,-12.202259,-5.6180263,8.531669,-24.713291,52.28242,17.146395,7.3303285,1.6486568,-11.598797,-9.627247,11.3021345,59.63455,-18.168657,-3.4284332,-5.739579,-19.147667,6.542338,-5.9625626,65.379326,-7.310912,-4.209597,-0.6655101,5.661922,-34.420734,6.678736,-8.659407,-3.1299021
841,-1.053023338317871,478.7032165527344,105.01935577392578,-2.302494983411476,-2.87372433457306,103.84470880663049,-3.185469,10.561071,15.104945,-9.711958,-12.286403,-5.6054425,8.50347,-24.77126,52.0241,17.09148,7.320465,1.5933223,-11.87022,-9.507894,11.682411,59.32305,-18.157515,-3.3460114,-5.5977893,-19.35155,6.5973663,-5.644962,64.103165,-8.096462,-3.5699291,-0.6062556,5.4827113,-34.43816,6.797709,-8.824594,-3.030663
842,-1.08832585811615,478.91497802734375,105.04601287841797,-2.1871648596997812,-2.825712523343371,103.85875716976875,-3.2418673,10.459708,15.106477,-9.702303,-12.407203,-5.6021967,8.482866,-24.89183,51.75977,17.098347,7.3212333,1.5007231,-12.136363,-9.399632,12.085975,58.96748,-18.181414,-3.2345178,-5.447863,-19.496902,6.650089,-5.315044,62.650745,-8.856995,-3.0625935,-0.5610852,5.311897,-34.458202,6.913852,-8.984923,-2.9313366
843,-1.1303375959396362,479.1188659667969,105.07083129882812,-2.080284196575252,-2.7697685047058154,103.8594284197936,-3.3001652,10.3654785,15.098348,-9.705178,-12.548134,-5.6072164,8.467734,-25.054506,51.50281,17.161419,7.323402,1.3782599,-12.392032,-9.303019,12.500427,58.591183,-18.2005,-3.1275697,-5.2900963,-19.56895,6.6837173,-4.9927764,61.01882,-9.542095,-2.6431897,-0.528683,5.148364,-34.466106,7.0247717,-9.134116,-2.8334348
844,-1.181597352027893,479.3272399902344,105.09355163574219,-1.9837917110666683,-2.710108482216774,103.83350405350555,-3.340309,10.28106,15.079928,-9.709071,-12.693291,-5.6221313,8.454752,-25.236021,51.264988,17.281965,7.3171043,1.2293938,-12.624726,-9.224535,12.898801,58.20499,-18.182444,-3.0576153,-5.118849,-19.556484,6.683775,-4.7006316,59.20773,-10.103726,-2.263639,-0.4971117,4.9958134,-34.4491,7.129438,-9.278082,-2.734557
845,-1.2367947101593018,479.5245666503906,105.11078643798828,-1.896897459095312,-2.64572800231873,103.77877523918156,-3.3684132,10.2015915,15.047582,-9.705069,-12.842221,-5.6506658,8.440244,-25.432167,51.056957,17.527546,7.299589,1.0372742,-12.848754,-9.156121,13.308925,57.83328,-18.09989,-3.042407,-4.9407496,-19.464565,6.6556387,-4.438814,57.21761,-10.524059,-1.880204,-0.50435776,4.8358917,-34.399094,7.290185,-9.439181,-2.6412034
846,-1.2989157438278198,479.7237854003906,105.12670135498047,-1.8177428110991178,-2.575335485438068,103.7019482464523,-3.387314,10.129384,15.003802,-9.705691,-13.001349,-5.692427,8.423354,-25.647749,50.870144,17.885708,7.2733965,0.80111015,-13.057161,-9.102384,13.71861,57.450733,-17.984701,-3.0605867,-4.7499366,-19.29802,6.6117353,-4.1967263,55.049957,-10.830694,-1.5189725,-0.51393956,4.6865172,-34.329575,7.437287,-9.589853,-2.548204
847,-1.3644211292266846,479.9317321777344,105.13941192626953,-1.7535121496458732,-2.5016526101962375,103.60285140532243,-3.3956628,10.073813,14.951141,-9.70762,-13.166235,-5.7362814,8.404449,-25.87964,50.703045,18.212584,7.2376256,0.5680652,-13.248477,-9.064226,14.112029,57.060093,-17.85795,-3.0893276,-4.5517497,-19.042685,6.553894,-3.9817793,52.69381,-11.033834,-1.2326791,-0.51491636,4.5625362,-34.239998,7.562438,-9.733082,-2.4569254
848,-1.4494177103042603,480.1302795410156,105.15138244628906,-1.7077396965578733,-2.4279276146820488,103.48121955370519,-3.3967922,10.040106,14.891287,-9.704075,-13.32876,-5.7690067,8.384698,-26.121264,50.554504,18.363762,7.193659,0.38658336,-13.430943,-9.03867,14.483187,56.67733,-17.739082,-3.1078155,-4.3553534,-18.684526,6.4775743,-3.813761,50.139362,-11.226813,-1.0875382,-0.50212413,4.4618464,-34.129,7.641477,-9.8433695,-2.3610864
849,-1.5436038970947266,480.3215026855469,105.1579360961914,-1.6725589965713514,-2.353473480519358,103.33532046643481,-3.399402,10.020643,14.817083,-9.686505,-13.485102,-5.7995133,8.361843,-26.399813,50.449566,18.29471,7.146427,0.26057425,-13.629731,-9.020169,14.887677,56.337315,-17.586424,-3.1110227,-4.1819205,-18.204039,6.3546634,-3.7522218,47.33985,-11.6615305,-1.14104,-0.5197309,4.3517823,-33.98587,7.7762938,-9.9735,-2.263566
850,-1.639094591140747,480.51934814453125,105.15794372558594,-1.6512192420518494,-2.277106414664631,103.16570859693746,-3.3935237,10.016583,14.734573,-9.665352,-13.643377,-5.826568,8.339407,-26.691395,50.365074,18.105179,7.095852,0.15409423,-13.819071,-9.012924,15.269627,55.9989,-17.434322,-3.110569,-4.0053554,-17.610092,6.2070107,-3.7948067,44.30512,-12.323487,-1.3786374,-0.5548912,4.2483873,-33.81472,7.950722,-10.125997,-2.1675496
851,-1.7499473094940186,480.7125549316406,105.15361022949219,-1.661236485893568,-2.2024423399511726,102.9755799356818,-3.385361,10.044562,14.644726,-9.636114,-13.795236,-5.836855,8.315544,-26.991518,50.296555,17.770384,7.0331697,0.11649212,-14.004911,-9.017769,15.645546,55.681705,-17.285578,-3.1098082,-3.8363369,-16.92842,6.0945797,-3.8771617,41.09986,-12.992845,-1.7733017,-0.56971306,4.1895537,-33.6268,8.072996,-10.248157,-2.071994
852,-1.8708888292312622,480.91107177734375,105.13822174072266,-1.7219135032017665,-2.1327021365681755,102.76815980683038,-3.381334,10.12237,14.551123,-9.59285,-13.936021,-5.8107595,8.287779,-27.278534,50.230026,17.281872,6.9484086,0.18893062,-14.186215,-9.036592,16.018297,55.392685,-17.153673,-3.111062,-3.6787362,-16.180195,6.0702305,-3.9219785,37.779453,-13.387928,-2.2701702,-0.5621848,4.1987314,-33.426674,8.16225,-10.360379,-1.9821522
853,-2.026078939437866,481.106201171875,105.10923767089844,-1.8761283448747883,-2.076503881702211,102.54062725302701,-3.3805532,10.285998,14.459231,-9.535298,-14.083043,-5.7065477,8.263975,-27.496632,50.116627,16.595032,6.8426647,0.36355132,-14.341817,-9.055186,16.30005,55.11083,-17.125086,-3.121177,-3.5034597,-15.278438,6.1957874,-3.8881755,34.032448,-13.127833,-2.8720386,-0.47755998,4.344243,-33.223167,8.109254,-10.404854,-1.8954066
854,-2.201585054397583,481.29888916015625,105.06246948242188,-2.1016492045705575,-2.031350901813745,102.2917828546314,-3.3925886,10.526854,14.348932,-9.460315,-14.215403,-5.5783315,8.224241,-27.767473,50.052223,15.634714,6.709537,0.6784213,-14.520419,-9.101247,16.685787,54.90198,-17.0279,-3.128125,-3.3781505,-14.218702,6.457897,-3.733404,29.888418,-12.029316,-3.4429483,-0.38313612,4.5646005,-33.00105,8.060988,-10.454154,-1.8136326
855,-2.3750572204589844,481.49700927734375,105.00920104980469,-2.320304670149832,-1.9822713911426064,102.02783528319907,-3.4034407,10.761816,14.243081,-9.373149,-14.325653,-5.439471,8.178934,-27.999912,49.996838,14.682418,6.545306,1.0560079,-14.694502,-9.16322,17.051783,54.70003,-16.94418,-3.1357398,-3.250856,-13.16643,6.7525916,-3.4368322,25.96398,-10.391415,-3.8223338,-0.3464306,4.742029,-32.75213,8.136968,-10.563339,-1.7306916
856,-2.5314319133758545,481.7080078125,104.96565246582031,-2.453995958768459,-1.9118410143178628,101.75615603127126,-3.412331,10.907151,14.146644,-9.2716875,-14.388149,-5.33293,8.134822,-28.206202,49.970814,13.913351,6.349271,1.4745733,-14.88388,-9.225407,17.416233,54.518036,-16.84721,-3.1465545,-3.1294396,-12.326031,6.948354,-3.0436506,22.945368,-8.8150215,-3.9708881,-0.40420952,4.776434,-32.475697,8.382015,-10.749795,-1.6368704
857,-2.658177614212036,481.9147644042969,104.9748764038086,-2.452452729131221,-1.8008232890790628,101.46011577406475,-3.4077833,10.915431,14.055642,-9.140718,-14.359664,-5.2631063,8.094892,-28.382769,49.968796,13.354894,6.116298,1.9681966,-15.110667,-9.284932,17.815409,54.35922,-16.710608,-3.1598794,-3.0098464,-11.919581,6.9495792,-2.6367447,21.38955,-7.9149075,-3.9167347,-0.3916817,4.74385,-32.183258,8.323714,-10.761126,-1.5401193
858,-2.7936668395996094,482.0900573730469,105.03385162353516,-2.367083123564242,-1.6601215966557037,101.14339390223876,-3.4005725,10.831169,13.968351,-8.979255,-14.266706,-5.2033334,8.063311,-28.524399,49.974266,12.916023,5.8518434,2.5364957,-15.371653,-9.335324,18.231283,54.234306,-16.561848,-3.1786718,-2.8937314,-11.888502,6.8155084,-2.2699008,20.991846,-7.6862197,-3.7544792,-0.256689,4.709705,-31.889626,7.8482037,-10.525522,-1.4339387
859,-2.8996386528015137,482.2878723144531,105.05294799804688,-2.2576929029253994,-1.5192518029792692,100.84372596254208,-3.428969,10.714453,13.890123,-8.804654,-14.181333,-5.156846,8.038103,-28.646778,50.009026,12.582968,5.5692687,3.1152973,-15.660076,-9.375799,18.654415,54.17622,-16.408497,-3.2059515,-2.8110409,-11.897366,6.648415,-1.912084,20.927559,-7.708248,-3.5669599,-0.42163727,4.465163,-31.55728,8.094067,-10.664237,-1.3261703
860,-2.9911887645721436,482.49267578125,105.05508422851562,-2.186302206437387,-1.4086367101594168,100.59863155693203,-3.5220265,10.623669,13.825661,-8.642026,-14.177787,-5.129806,8.018907,-28.766146,50.093956,12.347989,5.2843385,3.6363862,-15.955437,-9.4003935,19.033901,54.208237,-16.289267,-3.247422,-2.7798288,-11.792218,6.5793123,-1.5996665,20.859947,-7.8163333,-3.4868329,-0.54153943,4.277151,-31.28625,8.339152,-10.827736,-1.2270547
861,-3.0820915699005127,482.7001647949219,105.06377410888672,-2.1802730223328397,-1.3425153410344808,100.43357432621153,-3.7129235,10.583999,13.78065,-8.493174,-14.277162,-5.121244,8.002206,-28.89118,50.245213,12.20669,4.974186,4.1175585,-16.268404,-9.411492,19.39683,54.35674,-16.18586,-3.3166366,-2.8114517,-11.648313,6.5787115,-1.3876997,20.788956,-7.9293933,-3.4932156,-0.39374438,4.2958865,-31.14318,8.118079,-10.789925,-1.1376058
862,-3.1979315280914307,482.8831787109375,105.07787322998047,-2.202699305497189,-1.303013605962523,100.32331863769318,-3.9783652,10.56095,13.749144,-8.345115,-14.440804,-5.131029,7.9868917,-29.013792,50.453865,12.161692,4.641322,4.5870304,-16.607656,-9.408664,19.759737,54.609196,-16.086376,-3.4070148,-2.8956351,-11.516772,6.58589,-1.2425604,20.774706,-8.05145,-3.5288157,-0.1528997,4.3701835,-31.070505,7.744225,-10.671632,-1.0399622
863,-3.3295695781707764,483.0278015136719,105.09188079833984,-2.2196034618484948,-1.2724324077437215,100.22875937161761,-4.2417293,10.528358,13.721253,-8.222253,-14.6495695,-5.1728086,7.9783382,-29.129307,50.694237,12.227821,4.341956,4.9803443,-16.909239,-9.394224,19.99475,54.880672,-16.06972,-3.4929998,-2.9997056,-11.408905,6.5685897,-1.115419,20.78719,-8.1646595,-3.556607,0.032780036,4.392971,-31.00451,7.475295,-10.581416,-0.93598145
864,-3.4504919052124023,483.15631103515625,105.11029815673828,-2.1971657789437713,-1.2335494634601358,100.11090366948662,-4.4795675,10.462152,13.6767,-8.10246,-14.8688,-5.252381,7.971132,-29.2629,50.979748,12.349127,4.121818,5.2791905,-17.20625,-9.361474,20.19778,55.2131,-16.069323,-3.548681,-3.1630147,-11.272982,6.5100884,-0.9383544,20.717653,-8.232031,-3.5555687,0.13631718,4.3348713,-30.90419,7.3380084,-10.538709,-0.83290434
865,-3.5543911457061768,483.29510498046875,105.13180541992188,-2.121166718347791,-1.185873492025493,99.9743716981319,-4.6849933,10.346368,13.613392,-7.999157,-15.103175,-5.3794923,7.9666333,-29.416405,51.328907,12.544161,3.9828296,5.472084,-17.48689,-9.298675,20.315874,55.612976,-16.122913,-3.574119,-3.38701,-11.076788,6.3986144,-0.69909483,20.532475,-8.253503,-3.5204842,0.15822299,4.1757064,-30.776428,7.3677607,-10.577016,-0.7239308
866,-3.6428370475769043,483.4561767578125,105.15662384033203,-2.0117020328167996,-1.137094391245149,99.83505607955391,-4.8707504,10.1961775,13.539387,-7.916881,-15.366955,-5.549804,7.966341,-29.584314,51.734035,12.8249855,3.9044669,5.574556,-17.744293,-9.207775,20.323019,56.0699,-16.25014,-3.5823286,-3.6555102,-10.821449,6.2571793,-0.42341298,20.26119,-8.247219,-3.4744852,0.17120497,3.974354,-30.648504,7.442104,-10.649133,-0.6100748
867,-3.73030161857605,483.6178894042969,105.18219757080078,-1.8851730063940415,-1.0820139790219347,99.6704532582367,-5.0173454,10.025832,13.450451,-7.844622,-15.637126,-5.7537594,7.9710746,-29.765434,52.157417,13.161068,3.902839,5.5863533,-17.98048,-9.078025,20.217104,56.56912,-16.462917,-3.5781407,-3.9445558,-10.542117,6.09757,-0.10919477,19.940992,-8.220407,-3.417873,0.14777365,3.7367032,-30.489412,7.5735755,-10.742854,-0.49456042
868,-3.813849449157715,483.7599182128906,105.21087646484375,-1.7588856367980743,-1.0155150128797084,99.45815279556399,-5.108888,9.858499,13.353931,-7.7672224,-15.906065,-5.9680433,7.9806566,-29.92207,52.535633,13.550987,3.992277,5.4903884,-18.180233,-8.937264,20.018904,57.041847,-16.743372,-3.5515556,-4.2212396,-10.259998,5.943461,0.24875782,19.580658,-8.164756,-3.3621504,0.11335911,3.5142465,-30.278084,7.652231,-10.790381,-0.39272323
869,-3.898571729660034,483.8923034667969,105.24302673339844,-1.6328012552929791,-0.9290919245759224,99.1695470791234,-5.1148267,9.695952,13.2418375,-7.6858134,-16.172726,-6.198135,7.993355,-30.055931,52.875336,14.008734,4.19114,5.27761,-18.34028,-8.787159,19.714243,57.483826,-17.133545,-3.4928362,-4.4834213,-9.97395,5.797738,0.6800007,19.182236,-8.089114,-3.3086054,0.05363566,3.300898,-29.982056,7.6939397,-10.798747,-0.30273187
870,-4.003675937652588,484.02593994140625,105.27896881103516,-1.499625266290161,-0.8274107557280991,98.82424866668819,-5.0516834,9.529866,13.116765,-7.608283,-16.444141,-6.4513865,8.007768,-30.178455,53.19988,14.537092,4.4828362,4.953171,-18.462452,-8.626673,19.305525,57.911396,-17.61685,-3.4043832,-4.7441273,-9.670398,5.6360373,1.1757699,18.742523,-8.000737,-3.24043,-0.03125927,3.0653453,-29.622946,7.736648,-10.79086,-0.20504953
871,-4.097728252410889,484.1610412597656,105.31548309326172,-1.36525549488368,-0.7252546181581605,98.471904625905,-4.972904,9.36358,12.993719,-7.531027,-16.715542,-6.718843,8.024632,-30.292915,53.490047,15.096237,4.8303056,4.5340714,-18.554285,-8.460375,18.833452,58.321228,-18.099092,-3.3033328,-5.0009913,-9.354023,5.4743094,1.677687,18.276205,-7.899711,-3.1753712,-0.11006975,2.84015,-29.256998,7.7591877,-10.77545,-0.11404904
872,-4.1837639808654785,484.29632568359375,105.35176086425781,-1.2355086723201498,-0.6380151537975275,98.16243143398437,-4.9346333,9.201935,12.889573,-7.4474297,-16.983702,-6.9867897,8.046543,-30.397728,53.719517,15.646965,5.197644,4.037159,-18.62271,-8.29576,18.34871,58.706047,-18.47789,-3.2062235,-5.2535486,-9.025627,5.3089375,2.132403,17.800295,-7.791164,-3.109876,-0.14557815,2.6359813,-28.943031,7.73503,-10.748602,-0.02330192
873,-4.282149314880371,484.4118957519531,105.38711547851562,-1.105450756254843,-0.5736529267217955,97.90599610297487,-4.956213,9.041239,12.814975,-7.3451433,-17.253086,-7.248117,8.075869,-30.476381,53.860466,16.189589,5.6095657,3.4292617,-18.670574,-8.136001,17.854136,59.0619,-18.729149,-3.1042967,-5.5141754,-8.686314,5.1173573,2.5299637,17.314142,-7.6667604,-3.0247378,-0.16366932,2.4159734,-28.686434,7.7239122,-10.725845,0.07885964
874,-4.3911662101745605,484.52490234375,105.42467498779297,-0.9740075139128882,-0.523065050205387,97.67702686464756,-5.0095696,8.881058,12.760504,-7.2277775,-17.525131,-7.5060863,8.113498,-30.529144,53.925735,16.746574,6.071809,2.710858,-18.69586,-7.980982,17.33827,59.390636,-18.897467,-2.9923356,-5.7799206,-8.319782,4.90599,2.9026678,16.794071,-7.5250964,-2.9255764,-0.14361592,2.1961646,-28.465939,7.670571,-10.684587,0.19109355
875,-4.489239692687988,484.6351013183594,105.45886993408203,-0.8522856797236182,-0.47593619261167636,97.47128762507346,-5.0788946,8.732246,12.713574,-7.1136303,-17.790699,-7.762208,8.160298,-30.582184,53.947918,17.307684,6.522895,1.9518086,-18.69503,-7.8343487,16.831596,59.68846,-18.980293,-2.891813,-6.0277877,-7.9676976,4.7059045,3.240944,16.290308,-7.3867946,-2.833321,-0.113235965,1.9978802,-28.270765,7.6038785,-10.643161,0.29618078
876,-4.581996917724609,484.7450256347656,105.48860168457031,-0.7530129101124454,-0.422064441644386,97.28498045161821,-5.149924,8.606487,12.661594,-7.019568,-18.04115,-8.019104,8.2174015,-30.663015,53.960285,17.857388,6.90347,1.2243193,-18.66547,-7.7037783,16.37221,59.95097,-18.969675,-2.8232703,-6.235892,-7.662969,4.5339046,3.54095,15.845346,-7.2731085,-2.7526107,-0.07242727,1.8402785,-28.096981,7.4994116,-10.5884695,0.39311746
877,-4.679296493530273,484.85150146484375,105.51469421386719,-0.6811826828405622,-0.35740325322927674,97.12495370983373,-5.2262383,8.513278,12.603418,-6.954578,-18.27986,-8.281398,8.285677,-30.78093,53.95739,18.40647,7.2127185,0.51545554,-18.597185,-7.59575,15.962448,60.164803,-18.831244,-2.7927217,-6.406816,-7.421341,4.3904667,3.791506,15.474527,-7.189076,-2.6787899,-0.014088009,1.7295221,-27.953247,7.331067,-10.504351,0.48603228
878,-4.776948928833008,484.96466064453125,105.53694152832031,-0.6305642204674275,-0.28813221097672626,96.99063658462798,-5.3109207,8.445665,12.545377,-6.9102983,-18.51,-8.5475,8.365347,-30.92633,53.924915,18.952888,7.478541,-0.20104925,-18.489634,-7.5131464,15.588273,60.32765,-18.574371,-2.7879057,-6.5481577,-7.2225943,4.271388,3.9986956,15.167495,-7.136558,-2.6120937,0.06851887,1.6574025,-27.840714,7.1125746,-10.4040985,0.5766407
879,-4.876802444458008,485.0641784667969,105.55671691894531,-0.5921392905499537,-0.2191349477393275,96.86671458629878,-5.387414,8.392145,12.487716,-6.8786626,-18.727095,-8.811555,8.455662,-31.097584,53.879272,19.459486,7.685914,-0.8725228,-18.34983,-7.45465,15.262684,60.444942,-18.251434,-2.8008645,-6.6463084,-7.056845,4.1645803,4.184751,14.901363,-7.095724,-2.546302,0.14871337,1.6000301,-27.737785,6.8850503,-10.294346,0.66333425
880,-4.969459533691406,485.17767333984375,105.57478332519531,-0.5582666093285075,-0.15563901684758694,96.73802337290729,-5.443502,8.340191,12.430633,-6.8481917,-18.923296,-9.06665,8.555903,-31.290209,53.838104,19.888702,7.82175,-1.4452231,-18.192472,-7.418408,15.004491,60.532322,-17.914383,-2.8241236,-6.6890693,-6.885164,4.070877,4.3789053,14.652744,-7.072685,-2.489278,0.25074202,1.558271,-27.634874,6.6404796,-10.187211,0.74678
881,-5.051443576812744,485.2724914550781,105.59078216552734,-0.5265935220856913,-0.1005025472253172,96.59976650196627,-5.4792075,8.28701,12.374984,-6.814006,-19.09346,-9.309322,8.666385,-31.503977,53.803036,20.241503,7.8696556,-1.9146229,-18.021704,-7.405159,14.829538,60.594204,-17.524004,-2.8611944,-6.664365,-6.722028,3.9870386,4.583548,14.419693,-7.0490203,-2.4376159,0.33359483,1.5160773,-27.516676,6.430159,-10.089943,0.8189258
882,-5.141837120056152,485.3782653808594,105.6050033569336,-0.50211053541505,-0.050693265765865976,96.46016257657455,-5.5031657,8.240055,12.32118,-6.78009,-19.242424,-9.542478,8.787507,-31.73662,53.76437,20.533121,7.843927,-2.304547,-17.83423,-7.4152203,14.730981,60.627487,-17.066584,-2.9136531,-6.5824623,-6.561148,3.9098182,4.7916555,14.217361,-7.0500064,-2.3850832,0.43819517,1.4823008,-27.40179,6.2023973,-9.990393,0.8964896
883,-5.221597671508789,485.48828125,105.61642456054688,-0.4847226691468136,-0.0015640750505575484,96.32421854277885,-5.515008,8.197667,12.265685,-6.747768,-19.377342,-9.767573,8.918454,-31.97972,53.72384,20.748314,7.77771,-2.6040847,-17.630411,-7.444028,14.691538,60.635506,-16.63556,-2.9711273,-6.4658527,-6.4178147,3.8495507,4.9896355,14.049996,-7.068568,-2.3427622,0.5447475,1.4641159,-27.291342,5.9765067,-9.898142,0.96673673
884,-5.293903350830078,485.5921325683594,105.6245346069336,-0.4734698905620008,0.05174560852418017,96.19631110284251,-5.5141864,8.157243,12.204531,-6.718661,-19.504417,-9.98634,9.057622,-32.224136,53.684277,20.873253,7.703684,-2.8024082,-17.413683,-7.483442,14.691724,60.62529,-16.327248,-3.0246515,-6.3374896,-6.310017,3.8019354,5.1656175,13.925724,-7.1001816,-2.3074415,0.6251853,1.4486368,-27.18436,5.7894387,-9.824357,1.0304804
885,-5.355971813201904,485.6891174316406,105.62863159179688,-0.47136596141598186,0.11461109295567402,96.08166818117255,-5.5016985,8.119749,12.13023,-6.6923656,-19.621431,-10.201686,9.2062025,-32.480408,53.65508,20.877687,7.61484,-2.8782673,-17.183535,-7.5288463,14.732318,60.59461,-16.189028,-3.074651,-6.202396,-6.253901,3.7728264,5.309295,13.859739,-7.150026,-2.2821474,0.64062566,1.4250017,-27.076365,5.711757,-9.804392,1.0856425
886,-5.399640083312988,485.7896423339844,105.63062286376953,-0.4779408386352417,0.1827083436966134,95.97684954751307,-5.4781513,8.085288,12.046913,-6.6684704,-19.722319,-10.412216,9.36486,-32.749664,53.633274,20.777117,7.500281,-2.8433733,-16.94206,-7.579319,14.817835,60.548107,-16.167837,-3.12702,-6.050092,-6.2265058,3.767489,5.431861,13.831076,-7.2141156,-2.2728014,0.6161597,1.4067609,-26.969091,5.7094235,-9.828548,1.1288946
887,-5.449857711791992,485.880615234375,105.63038635253906,-0.487261051290825,0.24737408618089016,95.87253702245434,-5.44377,8.0471735,11.965108,-6.64364,-19.81919,-10.61281,9.530277,-33.00298,53.60599,20.631134,7.3858905,-2.735608,-16.699411,-7.6330366,14.935029,60.507072,-16.2119,-3.1815953,-5.8806148,-6.2190185,3.7627296,5.5461535,13.836496,-7.28982,-2.259781,0.5904628,1.3871499,-26.864408,5.7077875,-9.847383,1.1740724
888,-5.4891357421875,485.971923828125,105.6295394897461,-0.49457954751506833,0.2991717844567378,95.76008195549882,-5.399765,8.001552,11.897279,-6.615388,-19.920355,-10.798667,9.695831,-33.206764,53.56334,20.50367,7.296124,-2.5935833,-16.463793,-7.685857,15.069374,60.492073,-16.27047,-3.2382696,-5.694297,-6.194632,3.763341,5.6696534,13.842029,-7.367022,-2.2529721,0.5771227,1.3713373,-26.757765,5.708431,-9.870361,1.2138689
889,-5.527308940887451,486.0495910644531,105.62845611572266,-0.49984504219066067,0.3355859668490975,95.63655642789084,-5.347178,7.9490666,11.846397,-6.578032,-20.025316,-10.970552,9.85618,-33.34382,53.504955,20.435022,7.239504,-2.4200997,-16.244165,-7.7356462,15.223236,60.51067,-16.354465,-3.2965117,-5.4801893,-6.1635447,3.7628257,5.8010097,13.858075,-7.444088,-2.2442913,0.5721248,1.3521622,-26.647142,5.709678,-9.886732,1.2520894
890,-5.550695896148682,486.1382141113281,105.62319946289062,-0.5049930575641385,0.36149652576198843,95.50700613399665,-5.287981,7.8911886,11.805064,-6.5320654,-20.128853,-11.130447,10.010052,-33.42468,53.44396,20.391863,7.199208,-2.1973732,-16.037556,-7.7822165,15.404566,60.55762,-16.484716,-3.3573947,-5.2432423,-6.1293573,3.7748728,5.934052,13.905553,-7.5426245,-2.2466702,0.5833672,1.342312,-26.537992,5.7147784,-9.915895,1.2847867
891,-5.582813739776611,486.2025146484375,105.61898040771484,-0.5076412620766668,0.37975800002648674,95.37349798940159,-5.2222486,7.824584,11.768526,-6.4859834,-20.23066,-11.276033,10.157011,-33.461514,53.389935,20.325272,7.162351,-1.931873,-15.834027,-7.823247,15.603286,60.633286,-16.625908,-3.423024,-5.0070214,-6.0959134,3.7767785,6.071253,13.946242,-7.626432,-2.2397666,0.59112805,1.3232212,-26.425585,5.7146297,-9.926906,1.3183496
892,-5.602330207824707,486.2726745605469,105.61573791503906,-0.5062996131446503,0.392826680166191,95.23832928439458,-5.1499166,7.7453566,11.731656,-6.448829,-20.328579,-11.405241,10.297415,-33.46783,53.35304,20.185642,7.115969,-1.6298913,-15.624202,-7.8568454,15.805987,60.74026,-16.747131,-3.4958172,-4.7945004,-6.036575,3.780688,6.2203355,13.956289,-7.698568,-2.240322,0.60491663,1.3064072,-26.311392,5.721048,-9.948326,1.3455812
893,-5.624431133270264,486.3380432128906,105.61366271972656,-0.5002738154779919,0.40191301519373357,95.10230139781233,-5.06662,7.6525016,11.693689,-6.4307036,-20.430723,-11.522332,10.430642,-33.44813,53.338226,19.973635,7.060211,-1.2828647,-15.402112,-7.88178,16.006872,60.88159,-16.83074,-3.5875626,-4.5989385,-5.9599357,3.7755046,6.3800607,13.938331,-7.756154,-2.2375476,0.62192136,1.2827859,-26.19588,5.72339,-9.964118,1.3730106
894,-5.6359124183654785,486.4084167480469,105.61285400390625,-0.49182473774650887,0.4051963403366905,94.96446249761685,-4.972272,7.5485444,11.656682,-6.4259076,-20.5346,-11.628606,10.556197,-33.399204,53.3425,19.709005,6.999725,-0.8898905,-15.171908,-7.8986087,16.20857,61.05527,-16.900183,-3.6937068,-4.4122057,-5.8567505,3.7727234,6.551241,13.888898,-7.8012333,-2.2414875,0.64736456,1.2633176,-26.08014,5.7269874,-9.986404,1.3947102
895,-5.651579856872559,486.4778137207031,105.61357879638672,-0.4783279655421505,0.40189811113271445,94.82346992009707,-4.8716574,7.4314766,11.620321,-6.4201655,-20.625366,-11.720147,10.675494,-33.32422,53.36229,19.370756,6.92795,-0.47029692,-14.93945,-7.907131,16.409729,61.2523,-16.983835,-3.791431,-4.2540803,-5.7317452,3.7596126,6.7342253,13.814847,-7.8360705,-2.2412443,0.6801741,1.2345004,-25.962286,5.7303243,-10.007145,1.4199382
896,-5.6571760177612305,486.5409851074219,105.61497497558594,-0.46041089258306933,0.3904967729362772,94.67843613319282,-4.7691646,7.30272,11.585964,-6.399438,-20.693428,-11.791155,10.79104,-33.228577,53.3904,18.93624,6.838626,-0.043124236,-14.707369,-7.9054227,16.606808,61.460503,-17.110062,-3.8582263,-4.1446886,-5.588552,3.7454967,6.9268327,13.719254,-7.857497,-2.2447567,0.7223928,1.2083107,-25.840658,5.7258496,-10.024129,1.4389317
897,-5.657196521759033,486.61083984375,105.61665344238281,-0.43868676474513035,0.367171862951556,94.52917056367947,-4.6632943,7.1592164,11.557531,-6.3601594,-20.732014,-11.843622,10.9062195,-33.117893,53.431145,18.373434,6.730059,0.3919045,-14.478064,-7.8929987,16.804068,61.684677,-17.288837,-3.886132,-4.0917506,-5.414015,3.729396,7.1341324,13.602489,-7.8744197,-2.2508152,0.77597666,1.1782812,-25.714834,5.734749,-10.054195,1.456888
898,-5.669587135314941,486.68560791015625,105.62004089355469,-0.41162348941401444,0.334124393921711,94.37557988626536,-4.5525575,7.0004163,11.533803,-6.309658,-20.747307,-11.876398,11.022191,-32.98938,53.47983,17.700857,6.6048107,0.84244055,-14.248556,-7.869104,17.001608,61.927193,-17.50399,-3.8878605,-4.083713,-5.2075133,3.6974216,7.3578405,13.458456,-7.885213,-2.248026,0.8483554,1.1350253,-25.588018,5.7370143,-10.081798,1.48492
899,-5.676950931549072,486.75079345703125,105.623779296875,-0.3815650804257516,0.29740105300229974,94.21953694495119,-4.4450045,6.832197,11.5081415,-6.2474236,-20.75034,-11.880866,11.137893,-32.83431,53.522038,16.973682,6.462953,1.300617,-14.02151,-7.8341994,17.189928,62.18292,-17.75043,-3.872537,-4.1114445,-4.9946346,3.6624591,7.585174,13.29953,-7.8833785,-2.2465022,0.9186732,1.0910267,-25.457207,5.7376466,-10.103675,1.508551
900,-5.679502010345459,486.8171081542969,105.62835693359375,-0.3478588729663926,0.2643201968235422,94.06154298764451,-4.34631,6.658583,11.472134,-6.1753807,-20.746063,-11.849339,11.250293,-32.643955,53.545033,16.248045,6.3048015,1.7586546,-13.796187,-7.78843,17.35794,62.44366,-18.023275,-3.8491423,-4.1655807,-4.7715673,3.6224947,7.8152976,13.113726,-7.8682094,-2.2480876,0.98473054,1.0448134,-25.323755,5.739963,-10.127436,1.5315008
901,-5.688511371612549,486.8880310058594,105.63439178466797,-0.31243299575172867,0.23629448725978155,93.90252832097129,-4.2569666,6.481806,11.422762,-6.0887494,-20.739304,-11.777481,11.356749,-32.411335,53.55086,15.497764,6.12308,2.2296987,-13.571611,-7.7300467,17.504166,62.715244,-18.33228,-3.8146915,-4.253509,-4.535098,3.5725923,8.047902,12.895889,-7.8402557,-2.2481048,1.0471075,0.9920123,-25.189253,5.741738,-10.149657,1.5611142
902,-5.696872711181641,486.95379638671875,105.64183044433594,-0.27217603828882725,0.21069915607609305,93.74127001632083,-4.173582,6.2966485,11.36286,-5.9885855,-20.722778,-11.670458,11.45635,-32.14018,53.547894,14.709836,5.917674,2.7118502,-13.349076,-7.658649,17.633135,63.00149,-18.677952,-3.7659671,-4.376926,-4.285686,3.512432,8.285002,12.6420555,-7.7918725,-2.2479036,1.1051719,0.933406,-25.051586,5.7412543,-10.167553,1.5918579
903,-5.705423355102539,487.0196838378906,105.6502914428711,-0.23137699342677107,0.18408738112979026,93.57829457727597,-4.098154,6.108563,11.298511,-5.8855023,-20.696287,-11.53608,11.548377,-31.840578,53.534637,13.959022,5.702007,3.1760218,-13.127784,-7.5775986,17.74084,63.287155,-19.04055,-3.711026,-4.5175157,-4.024908,3.4485004,8.525748,12.368957,-7.7343965,-2.2471092,1.1615394,0.8731934,-24.91156,5.7426457,-10.184589,1.6221875
904,-5.702678680419922,487.0904846191406,105.65679931640625,-0.18778888960487955,0.15567298341395958,93.41225661545647,-4.028041,5.916756,11.232842,-5.7924256,-20.658688,-11.385483,11.631952,-31.525362,53.510952,13.318354,5.4913435,3.5932052,-12.905704,-7.492696,17.821062,63.55308,-19.400236,-3.6576855,-4.655769,-3.7565773,3.3864615,8.770604,12.091481,-7.6767097,-2.251034,1.2250389,0.81741333,-24.76981,5.742491,-10.208092,1.6464623
905,-5.702988624572754,487.16607666015625,105.66426849365234,-0.14074870456934527,0.12348474223985313,93.23953617826642,-3.95805,5.720747,11.168995,-5.7207804,-20.607738,-11.223322,11.705558,-31.196129,53.481846,12.795977,5.27697,3.9643347,-12.681587,-7.40844,17.873755,63.794838,-19.771978,-3.600879,-4.793836,-3.46632,3.3146777,9.028802,11.788808,-7.6105866,-2.249275,1.2938408,0.75471246,-24.62258,5.74434,-10.233733,1.6719935
906,-5.705596923828125,487.2326354980469,105.67344665527344,-0.0910169403669869,0.08874960796467814,93.0619703773849,-3.8873043,5.522392,11.104735,-5.665092,-20.543316,-11.046705,11.767698,-30.851461,53.448162,12.35509,5.0566316,4.302639,-12.451353,-7.3253927,17.898928,64.013596,-20.157555,-3.5373828,-4.938014,-3.1654863,3.233831,9.29448,11.463044,-7.5291185,-2.2420003,1.3579973,0.6860573,-24.469116,5.7476516,-10.2533245,1.695945
907,-5.712764263153076,487.2980041503906,105.68051147460938,-0.040434280106294344,0.054116935357583516,92.88661036058076,-3.8210735,5.324731,11.03552,-5.6115603,-20.4769,-10.858697,11.818117,-30.500217,53.408173,11.999314,4.856903,4.5984187,-12.209226,-7.244993,17.88942,64.20202,-20.519619,-3.4782443,-5.0750723,-2.8759477,3.148765,9.553031,11.156068,-7.4570565,-2.2315483,1.4279011,0.61503327,-24.319437,5.7432237,-10.269769,1.7232535
908,-5.714566230773926,487.3697204589844,105.68576049804688,-0.001578533704256411,0.018227287838148646,92.72413402848642,-3.7667732,5.142437,10.962754,-5.5478134,-20.419762,-10.664378,11.856946,-30.15473,53.359097,11.730245,4.704657,4.8433547,-11.948258,-7.169003,17.835106,64.349915,-20.821795,-3.4354086,-5.191774,-2.6009574,3.0835798,9.790973,10.881977,-7.403556,-2.230556,1.4956907,0.560372,-24.180958,5.7516637,-10.29832,1.7458912
909,-5.708987712860107,487.4499816894531,105.68858337402344,0.02912983516235256,-0.015006092453111438,92.57963627363668,-3.7227824,4.970401,10.876236,-5.4744167,-20.37075,-10.4652405,11.885135,-29.824375,53.302456,11.549127,4.6081767,5.0339384,-11.659842,-7.0989823,17.728012,64.45483,-21.073322,-3.4155731,-5.277655,-2.3458717,3.0354147,10.000916,10.64129,-7.368448,-2.2399554,1.5727656,0.52344507,-24.061916,5.753743,-10.33501,1.7658222
910,-5.708240509033203,487.5255126953125,105.69050598144531,0.053961811149898335,-0.0471429539658705,92.44738378885843,-3.6801872,4.8086762,10.780044,-5.404079,-20.323881,-10.268794,11.901097,-29.518139,53.24572,11.443492,4.553587,5.178549,-11.341138,-7.0390687,17.572308,64.509254,-21.28227,-3.4101784,-5.3411617,-2.1097853,2.9927695,10.190355,10.425122,-7.342886,-2.2488537,1.6488435,0.49155518,-23.954313,5.754096,-10.369824,1.7872049
911,-5.704235076904297,487.6058044433594,105.69137573242188,0.07314460349440907,-0.08221994083125801,92.31719997894095,-3.6435697,4.656616,10.687943,-5.326789,-20.291117,-10.065761,11.905859,-29.204641,53.177795,11.423289,4.537404,5.2777395,-11.011422,-6.982369,17.367931,64.52356,-21.434397,-3.41262,-5.3958154,-1.8762503,2.9600909,10.37606,10.224923,-7.3276057,-2.2627592,1.7296629,0.46853682,-23.849665,5.7567816,-10.409923,1.8064405
912,-5.698692321777344,487.6817321777344,105.69314575195312,0.09137644075739021,-0.12275533774322445,92.17741590102966,-3.6056516,4.5135603,10.610182,-5.244556,-20.277681,-9.865883,11.896621,-28.894854,53.10692,11.468434,4.5539074,5.3424807,-10.679487,-6.93618,17.132067,64.49359,-21.486822,-3.4118085,-5.4583106,-1.6345963,2.927845,10.575321,10.019344,-7.3081865,-2.2772906,1.8139156,0.4469381,-23.736788,5.7585773,-10.447435,1.8240519
913,-5.702858924865723,487.7364196777344,105.69343566894531,0.1073792232092267,-0.17143455881559327,92.0208127664908,-3.5666404,4.3834314,10.553775,-5.1442094,-20.296858,-9.664529,11.868071,-28.564081,53.026886,11.61456,4.6108003,5.3730073,-10.346606,-6.8971133,16.845722,64.40938,-21.410969,-3.399106,-5.5246787,-1.4158869,2.895189,10.787443,9.858321,-7.3029103,-2.284289,1.8947839,0.4204564,-23.606821,5.7581563,-10.469565,1.8432496
914,-5.706162452697754,487.7982177734375,105.69212341308594,0.11623192170281392,-0.22774737647790225,91.85592227555959,-3.5270183,4.270973,10.512157,-5.0339766,-20.338005,-9.469133,11.81996,-28.236086,52.948704,11.843711,4.7060795,5.37056,-10.005318,-6.870498,16.521687,64.27158,-21.217255,-3.3805423,-5.5915613,-1.1964293,2.8743565,11.009088,9.724576,-7.316616,-2.2955525,1.9813361,0.40153843,-23.469738,5.7658195,-10.498158,1.8612299
915,-5.712557315826416,487.8495178222656,105.69161987304688,0.12559801378036695,-0.2855626211001211,91.69255523241213,-3.4887295,4.163539,10.475609,-4.9332223,-20.387068,-9.278794,11.754197,-27.908215,52.87729,12.126059,4.8202624,5.3210936,-9.657774,-6.8547435,16.171358,64.09949,-20.985819,-3.3724136,-5.663674,-0.9829486,2.8495662,11.227473,9.591928,-7.3245006,-2.303117,2.0643456,0.37972632,-23.334011,5.7718234,-10.519615,1.8791648
916,-5.7128400802612305,487.9072570800781,105.68925476074219,0.1448015206715266,-0.33858019778021037,91.54025356852961,-3.4566953,4.0479274,10.434401,-4.858834,-20.425995,-9.088376,11.6781,-27.584023,52.811134,12.422057,4.935457,5.2136765,-9.309998,-6.846394,15.819728,63.917084,-20.786432,-3.3907843,-5.7491164,-0.76650786,2.8134425,11.434157,9.44541,-7.325982,-2.3115475,2.1564507,0.35211143,-23.213472,5.7685685,-10.545659,1.8983302
917,-5.712159156799316,487.95465087890625,105.68811798095703,0.16800924680830007,-0.3885650614777061,91.40448011807229,-3.4373236,3.9291673,10.3929405,-4.818693,-20.454994,-8.896163,11.589482,-27.244535,52.748272,12.732679,5.047483,5.0268126,-8.961027,-6.8419247,15.45399,63.726482,-20.643541,-3.455133,-5.8585105,-0.5567866,2.7702103,11.619757,9.285279,-7.310475,-2.3169577,2.2318652,0.31865326,-23.107084,5.773764,-10.567057,1.9132433
918,-5.703145980834961,488.0166015625,105.68576049804688,0.1933861566169172,-0.4369241029077989,91.27862752515635,-3.4302654,3.8077693,10.353478,-4.797923,-20.482092,-8.699027,11.49401,-26.898825,52.680267,13.065891,5.1678114,4.774746,-8.614364,-6.841011,15.081738,63.52309,-20.509157,-3.551943,-5.9881215,-0.34034944,2.7279775,11.795542,9.1207,-7.29715,-2.3280404,2.31068,0.28682563,-23.01297,5.787617,-10.603091,1.9258727
919,-5.701700210571289,488.0812072753906,105.68354034423828,0.2220864805707344,-0.48468210195355554,91.15994353571709,-3.4337227,3.6841414,10.312751,-4.782373,-20.50396,-8.492001,11.392378,-26.552141,52.607807,13.437395,5.2945404,4.4880342,-8.279828,-6.843859,14.714233,63.319626,-20.384083,-3.6517456,-6.1144705,-0.11602702,2.6740208,11.966357,8.93933,-7.2772307,-2.333228,2.365686,0.23380345,-22.920334,5.860686,-10.670445,1.9465554
920,-5.704809188842773,488.12994384765625,105.6827163696289,0.24687892985389429,-0.5357662971797251,91.04805312223121,-3.4487891,3.5664535,10.270869,-4.757819,-20.513374,-8.269859,11.2845335,-26.211912,52.533028,13.859979,5.4254875,4.1991825,-7.965725,-6.851391,14.367831,63.12787,-20.26471,-3.724936,-6.2165947,0.102856286,2.620636,12.129417,8.754926,-7.248491,-2.3340878,2.4076416,0.17965059,-22.828362,5.948883,-10.736478,1.9670886
921,-5.704244136810303,488.20013427734375,105.68246459960938,0.2740870267807908,-0.5907576943390606,90.94250968254089,-3.477611,3.4470255,10.224585,-4.719785,-20.514105,-8.028943,11.169352,-25.87487,52.45287,14.374783,5.568563,3.9108512,-7.6737213,-6.865874,14.045892,62.948208,-20.138948,-3.7627819,-6.2865877,0.3650819,2.5596676,12.299174,8.5186205,-7.208349,-2.3384392,2.5132208,0.14046943,-22.756636,5.962709,-10.788008,1.9961041
922,-5.714056015014648,488.26190185546875,105.68408966064453,0.2770002598042484,-0.659509246727944,90.8521667221761,-3.5292962,3.353927,10.1909275,-4.675365,-20.508635,-7.77224,11.046142,-25.537607,52.36667,14.963028,5.719303,3.608531,-7.3993278,-6.8871126,13.742765,62.773697,-20.009254,-3.782127,-6.3377304,0.6177872,2.5262501,12.450303,8.318957,-7.1841393,-2.341887,2.6728854,0.15217628,-22.708704,5.8465786,-10.755595,2.0171561
923,-5.719841957092285,488.3184509277344,105.6843490600586,0.3018357131366534,-0.7158304399026002,90.75865644065586,-3.579752,3.2412984,10.141041,-4.6263814,-20.488033,-7.5053196,10.917973,-25.208254,52.282417,15.547351,5.8635416,3.2944727,-7.145246,-6.9146833,13.462493,62.611084,-19.896467,-3.7868369,-6.377387,0.87876886,2.4603329,12.608745,8.066345,-7.1291804,-2.3402305,2.7858045,0.1167312,-22.647884,5.835956,-10.7887125,2.0484393
924,-5.7277445793151855,488.3654479980469,105.68699645996094,0.3172932342671279,-0.7664276714094161,90.66719523542632,-3.6316395,3.140597,10.090114,-4.574119,-20.449627,-7.2350054,10.789586,-24.897266,52.206444,16.046976,5.984852,2.9757714,-6.916095,-6.9470167,13.209706,62.467327,-19.82026,-3.7847276,-6.415422,1.1259122,2.4044452,12.763827,7.8135796,-7.0654254,-2.3387873,2.881558,0.095667176,-22.58308,5.804655,-10.793634,2.0693626
925,-5.728986740112305,488.41619873046875,105.69007110595703,0.34427673917837937,-0.8026326637847276,90.57191849761118,-3.6780634,3.0301266,10.030169,-4.521936,-20.391638,-6.9609222,10.666171,-24.607904,52.133854,16.433443,6.0842757,2.6373315,-6.7164454,-6.9823127,12.987835,62.346825,-19.801075,-3.7693229,-6.46271,1.3888258,2.3304791,12.931245,7.498889,-6.9677277,-2.338392,2.9484649,0.05760174,-22.507732,5.8065534,-10.817619,2.087737
926,-5.735400199890137,488.47607421875,105.69343566894531,0.3773018343853832,-0.8294135993011748,90.47613316444193,-3.7254577,2.9141326,9.9646225,-4.466461,-20.320265,-6.6769595,10.549429,-24.336437,52.055714,16.747723,6.171056,2.2820182,-6.5444207,-7.019919,12.794463,62.246468,-19.823376,-3.740351,-6.511996,1.6711811,2.238859,13.107681,7.133086,-6.847768,-2.3340213,3.0113132,0.008722087,-22.43108,5.806701,-10.843405,2.1111498
927,-5.732830047607422,488.5345458984375,105.69674682617188,0.40805775217451795,-0.8481254412464054,90.380401841954,-3.776044,2.8018486,9.891066,-4.4000225,-20.227636,-6.3799715,10.4386835,-24.081755,51.97449,17.014206,6.245017,1.941355,-6.3934684,-7.0616355,12.625855,62.162334,-19.854183,-3.7120228,-6.544267,1.9462775,2.1535687,13.282946,6.759159,-6.7198663,-2.3352542,3.0647166,-0.030973611,-22.35209,5.803799,-10.868154,2.127276
928,-5.745365619659424,488.5920104980469,105.69960021972656,0.42964525830736894,-0.8595682156476191,90.28495963359777,-3.8302538,2.7021086,9.805684,-4.316064,-20.11015,-6.0695205,10.331483,-23.84412,51.896595,17.257269,6.3049865,1.6469563,-6.255568,-7.1110506,12.47713,62.08871,-19.860039,-3.6980684,-6.539816,2.1876516,2.0749528,13.447819,6.4316044,-6.6157036,-2.3298457,3.1082542,-0.06962114,-22.272327,5.801119,-10.888127,2.1506128
929,-5.754638671875,488.67059326171875,105.70292663574219,0.43725365513492914,-0.8615474639270998,90.18195157464012,-3.8845222,2.621106,9.702234,-4.2075415,-19.95035,-5.73747,10.224616,-23.624819,51.82082,17.482628,6.348863,1.4113755,-6.128858,-7.171767,12.346014,62.027805,-19.829208,-3.708437,-6.4772263,2.4288383,2.0151534,13.620091,6.1106243,-6.527363,-2.3332646,3.1527631,-0.08908049,-22.186996,5.7973514,-10.9190855,2.1731982
930,-5.766157150268555,488.72662353515625,105.70500183105469,0.4364338659993326,-0.8543083101867981,90.07394640623477,-3.9377468,2.554891,9.583984,-4.081991,-19.75638,-5.390312,10.116905,-23.42492,51.750187,17.678116,6.3772125,1.2165339,-6.0140476,-7.2440486,12.234164,61.97704,-19.778912,-3.7329159,-6.3714747,2.6002874,1.9746946,13.77764,5.8782234,-6.4699,-2.335144,3.171945,-0.099779956,-22.090973,5.791025,-10.933959,2.1896043
931,-5.785919189453125,488.7726745605469,105.70848846435547,0.43261269005046815,-0.8424600783166102,89.97660172165413,-3.994478,2.4957855,9.462799,-3.954273,-19.557743,-5.049224,10.009455,-23.244535,51.695683,17.841206,6.3930707,1.048448,-5.908003,-7.3259087,12.141608,61.92443,-19.720089,-3.7552998,-6.257608,2.6988387,1.9472444,13.903536,5.760549,-6.4619603,-2.331572,3.1809678,-0.111623034,-22.003094,5.7824593,-10.940159,2.2087793
932,-5.805470943450928,488.832763671875,105.70967102050781,0.4298607582499151,-0.8303295567824345,89.90560129720475,-4.0594044,2.4351897,9.350543,-3.8389366,-19.386276,-4.734363,9.904837,-23.08398,51.666527,17.968761,6.400248,0.8928985,-5.8075986,-7.4135885,12.068476,61.858246,-19.66445,-3.759744,-6.1710615,2.7466037,1.9324934,13.988297,5.7489414,-6.509634,-2.3293777,3.201209,-0.12389059,-21.943417,5.776712,-10.9593315,2.2331862
933,-5.823488712310791,488.8924560546875,105.71009826660156,0.430597073192851,-0.816595387689155,89.87613737671973,-4.1440296,2.3678207,9.246922,-3.7422006,-19.238623,-4.4460826,9.8064575,-22.945332,51.660656,18.042564,6.3954225,0.74602205,-5.712857,-7.504761,12.024028,61.77338,-19.620047,-3.7380958,-6.1270666,2.7809083,1.9163213,14.028192,5.7420306,-6.550379,-2.3253963,3.225316,-0.13758138,-21.92481,5.7704334,-10.982981,2.2606843
934,-5.83712100982666,488.9426574707031,105.70928192138672,0.43132158042113444,-0.7997692691709317,89.87617152859761,-4.2438893,2.2977705,9.147376,-3.6538975,-19.102785,-4.1727395,9.715514,-22.827242,51.67022,18.068434,6.3797317,0.6152284,-5.6277018,-7.5990033,12.006837,61.679752,-19.579224,-3.7005847,-6.1058974,2.7977037,1.9043064,14.034074,5.7378845,-6.5795827,-2.321538,3.2439604,-0.14706922,-21.933178,5.763259,-11.004884,2.2856274
935,-5.845770835876465,488.99365234375,105.7087173461914,0.4315060579041347,-0.7843407612998972,89.88039658138132,-4.339338,2.2304263,9.055888,-3.5646355,-18.992777,-3.9163444,9.630677,-22.723969,51.696968,18.080124,6.363049,0.5038265,-5.5549817,-7.696546,11.997475,61.58984,-19.533537,-3.6595733,-6.089997,2.8153613,1.8965106,14.035271,5.73502,-6.6085253,-2.3209279,3.26482,-0.1523441,-21.945274,5.7570233,-11.029701,2.3074803
936,-5.8572998046875,489.02996826171875,105.70655822753906,0.4274244120087645,-0.774726401702314,89.86360439959707,-4.408165,2.1734908,8.977823,-3.468003,-18.923592,-3.6831682,9.548217,-22.632038,51.74604,18.112082,6.3539543,0.41466284,-5.4933925,-7.7953515,11.972266,61.511356,-19.474655,-3.6273375,-6.0613356,2.8342526,1.8915186,14.055768,5.7331953,-6.6340175,-2.3185263,3.2790184,-0.1555653,-21.93353,5.7525454,-11.044514,2.3244035
937,-5.876631259918213,489.0685119628906,105.70348358154297,0.4184378963203101,-0.7717970407018857,89.81547914812222,-4.4411054,2.1306121,8.912557,-3.3569934,-18.901236,-3.4756734,9.464121,-22.549978,51.826412,18.173374,6.352537,0.35759783,-5.4452004,-7.895335,11.91359,61.446842,-19.40294,-3.603714,-6.0083504,2.8654473,1.8875581,14.108114,5.7370706,-6.671012,-2.314273,3.2955914,-0.15979715,-21.889902,5.7520247,-11.057721,2.3418305
938,-5.898329257965088,489.09759521484375,105.69981384277344,0.4041825948419898,-0.7734362221097886,89.75064699292442,-4.4474897,2.097869,8.857675,-3.2405772,-18.918308,-3.2955368,9.37716,-22.482132,51.94059,18.247782,6.353673,0.32868326,-5.406369,-7.9968677,11.829417,61.38945,-19.326836,-3.583253,-5.9421635,2.8990018,1.8879882,14.175744,5.74214,-6.7069464,-2.309245,3.3077736,-0.16023767,-21.827015,5.754194,-11.0654125,2.3551896
939,-5.908616065979004,489.1292724609375,105.6966781616211,0.3896212364159766,-0.7792358839619627,89.68154312441214,-4.434913,2.0707343,8.81414,-3.1340554,-18.963045,-3.1456397,9.28896,-22.43193,52.082336,18.331366,6.358663,0.31089613,-5.3689675,-8.098943,11.736922,61.33614,-19.250338,-3.5708213,-5.8790016,2.9424493,1.8950824,14.250041,5.742463,-6.741145,-2.3120925,3.3275852,-0.15225202,-21.761236,5.7521796,-11.074778,2.3615332
940,-5.93135404586792,489.1493835449219,105.69322967529297,0.3789978685410432,-0.7890121157366708,89.62039374873862,-4.412874,2.0425644,8.782436,-3.0504742,-19.025263,-3.0253778,9.203294,-22.400913,52.242874,18.419914,6.3700542,0.2873348,-5.328623,-8.202081,11.655452,61.288494,-19.178316,-3.5712197,-5.835514,2.976723,1.891014,14.314534,5.751755,-6.7733755,-2.305072,3.3430476,-0.15829968,-21.70348,5.757086,-11.079262,2.3750284
941,-5.949859142303467,489.16778564453125,105.6888198852539,0.3739514811741098,-0.8040005132775999,89.57025995852453,-4.3830967,2.0103717,8.766674,-2.9941347,-19.110119,-2.9365246,9.123592,-22.389812,52.421425,18.51246,6.387375,0.2534408,-5.281482,-8.3063135,11.59221,61.24456,-19.11192,-3.5960534,-5.8248277,3.0196645,1.8818867,14.371423,5.7520547,-6.7978983,-2.2998192,3.3696136,-0.1663951,-21.660389,5.754221,-11.081202,2.3882775
942,-5.96019172668457,489.1922912597656,105.6862564086914,0.3721973585247061,-0.823994981023012,89.5246515904502,-4.343124,1.9769523,8.7661915,-2.955371,-19.222881,-2.8744469,9.050853,-22.395994,52.616177,18.609312,6.410881,0.21783511,-5.2340593,-8.411534,11.541292,61.206905,-19.045898,-3.6395879,-5.835556,3.066481,1.8749256,14.425029,5.7604394,-6.8270664,-2.2999945,3.4039247,-0.1741165,-21.623981,5.7575026,-11.092441,2.3993247
943,-5.971545219421387,489.2125244140625,105.68376922607422,0.37116477949593857,-0.8460729440040747,89.48172170951335,-4.2963448,1.9457275,8.773526,-2.9264488,-19.347282,-2.8293877,8.984983,-22.415985,52.81499,18.708725,6.44364,0.18282744,-5.194102,-8.517395,11.503141,61.17921,-18.97453,-3.6799588,-5.847815,3.1174054,1.8651886,14.478171,5.7601914,-6.849991,-2.2986646,3.4410458,-0.18228883,-21.591837,5.7551074,-11.098529,2.4106755
944,-5.998834133148193,489.2281188964844,105.68101501464844,0.36857556319742385,-0.867065222135951,89.4397250577094,-4.246477,1.9209995,8.781843,-2.8993533,-19.471907,-2.7920969,8.925198,-22.445477,53.006218,18.809532,6.4880586,0.15019654,-5.1708794,-8.622189,11.4800625,61.165844,-18.890133,-3.695457,-5.841848,3.160996,1.8478764,14.5298815,5.7649884,-6.876197,-2.286501,3.4710722,-0.20042752,-21.560514,5.7586927,-11.101681,2.4309967
945,-6.018383979797363,489.2490234375,105.67952728271484,0.3639377189323746,-0.8879905933372969,89.39436429655333,-4.191283,1.9072515,8.793178,-2.8741736,-19.601707,-2.7592428,8.869784,-22.48102,53.184937,18.914204,6.5504594,0.12372889,-5.169528,-8.724524,11.471341,61.17084,-18.770222,-3.6723092,-5.809699,3.2114022,1.8365202,14.589211,5.7635574,-6.903856,-2.2788785,3.5051687,-0.2106411,-21.528889,5.7591834,-11.108521,2.4477234
946,-6.0372443199157715,489.2585754394531,105.67906188964844,0.35774084519899607,-0.9097822990950978,89.34791348026829,-4.1309385,1.9000328,8.809058,-2.8530793,-19.741407,-2.7353964,8.818692,-22.522839,53.359653,19.0244,6.627367,0.10136494,-5.1862836,-8.825482,11.477153,61.194115,-18.627048,-3.624754,-5.76348,3.2555535,1.8273044,14.649567,5.762647,-6.926796,-2.2696688,3.5321422,-0.21899338,-21.49572,5.760718,-11.110036,2.461639
947,-6.060450077056885,489.2686462402344,105.6783447265625,0.35302485081466345,-0.9298910098520681,89.30818606547545,-4.0720363,1.8934125,8.82448,-2.8325603,-19.872,-2.7235072,8.77366,-22.574379,53.53493,19.136137,6.7063437,0.075843774,-5.2137103,-8.923528,11.5016165,61.228695,-18.501167,-3.573216,-5.7134385,3.2979627,1.8133745,14.703542,5.758608,-6.9477887,-2.2571545,3.5594013,-0.23144722,-21.469652,5.759881,-11.109831,2.4792259
948,-6.083972930908203,489.28533935546875,105.67802429199219,0.35199608979640484,-0.9454318680737678,89.28316540346712,-4.0313125,1.8656641,8.831838,-2.7965732,-19.972626,-2.7103167,8.75197,-22.623331,53.696613,19.249903,6.7820086,0.037879057,-5.266748,-8.985559,11.5365505,61.30395,-18.46539,-3.5443232,-5.676918,3.3346694,1.7955074,14.741161,5.7572513,-6.9699144,-2.2444427,3.585724,-0.24885473,-21.456612,5.762241,-11.115053,2.4999745
949,-6.104892730712891,489.30072021484375,105.67622375488281,0.3599525685377789,-0.9534183693746804,89.27512402400326,-3.9902346,1.8395739,8.829699,-2.7614336,-20.039701,-2.7300527,8.726407,-22.708323,53.885715,19.352358,6.842982,-0.01556466,-5.3010736,-9.09122,11.623773,61.34953,-18.472746,-3.5338488,-5.644204,3.356912,1.7692028,14.75779,5.757303,-6.985485,-2.2309158,3.6054864,-0.27488455,-21.456844,5.7633896,-11.119119,2.5216682
950,-6.125107288360596,489.3140869140625,105.67507934570312,0.37327497714761343,-0.9559651386777978,89.27981508770982,-3.9593682,1.8008939,8.821096,-2.7146466,-20.080849,-2.7570283,8.715411,-22.797705,54.06866,19.45888,6.902961,-0.084669665,-5.3489804,-9.186825,11.733151,61.414524,-18.548128,-3.5391304,-5.6174073,3.369033,1.7369943,14.759363,5.7559433,-6.9946957,-2.2160509,3.619513,-0.3067838,-21.467209,5.7634783,-11.121155,2.5444143
951,-6.147520065307617,489.3261413574219,105.67562866210938,0.385193489762014,-0.9588839672577221,89.29499229182672,-3.9363065,1.7612048,8.8136215,-2.6725867,-20.109781,-2.7901933,8.717984,-22.898138,54.24476,19.555918,6.9544806,-0.15118687,-5.405239,-9.274568,11.856737,61.484894,-18.643421,-3.546176,-5.5900297,3.378231,1.7059344,14.749188,5.755153,-7.0022345,-2.1998463,3.634273,-0.3378253,-21.487574,5.7642403,-11.123608,2.5683236
952,-6.170891284942627,489.33197021484375,105.67438507080078,0.3878489731895725,-0.9678908559097001,89.31848995618338,-3.9173768,1.7313371,8.8155365,-2.652924,-20.144361,-2.8304927,8.730912,-23.011267,54.415546,19.636784,6.9894266,-0.19852586,-5.463344,-9.349159,11.974879,61.54746,-18.721716,-3.541894,-5.554712,3.3893633,1.68665,14.729977,5.7557077,-7.008781,-2.1845021,3.653506,-0.3571521,-21.516912,5.764751,-11.125152,2.5895824
953,-6.189874649047852,489.3343811035156,105.67178344726562,0.3754554886633929,-0.9878343242464048,89.34849356148985,-3.898247,1.7205579,8.834027,-2.6707854,-20.191967,-2.885583,8.752325,-23.1487,54.588158,19.69354,6.9993615,-0.21958983,-5.5228,-9.417366,12.090475,61.59551,-18.775434,-3.5176692,-5.5049553,3.409996,1.689792,14.704396,5.756524,-7.0157347,-2.1750996,3.6844652,-0.3537913,-21.555105,5.765251,-11.129971,2.6043122
954,-6.219359397888184,489.3229064941406,105.67203521728516,0.35180810502670173,-1.0145230839620354,89.38660707087236,-3.8771477,1.723283,8.863483,-2.7184608,-20.245005,-2.9569438,8.784761,-23.319096,54.762,19.722767,6.990776,-0.22260457,-5.578011,-9.487598,12.211581,61.626354,-18.815948,-3.480802,-5.444329,3.4291427,1.7009044,14.668479,5.756751,-7.017513,-2.160175,3.7159765,-0.3425516,-21.60104,5.764666,-11.126657,2.6202407
955,-6.246366500854492,489.3246154785156,105.66931915283203,0.32832401517309684,-1.0403410616155486,89.43564341307241,-3.8603296,1.725719,8.890746,-2.7727094,-20.2853,-3.0348904,8.820928,-23.489498,54.9356,19.75192,6.974566,-0.2162305,-5.6294866,-9.5437355,12.315875,61.651608,-18.856073,-3.4443479,-5.3828807,3.3832703,1.7322241,14.603656,5.8957286,-7.0937715,-2.1491084,3.7574654,-0.32881612,-21.660206,5.7624173,-11.132305,2.6377966
956,-6.267663955688477,489.3266296386719,105.66790008544922,0.31624581510733,-1.0577254052981309,89.49830061364042,-3.847754,1.7178596,8.904597,-2.8170462,-20.297144,-3.1140518,8.865385,-23.665714,55.100178,19.772682,6.965766,-0.20332421,-5.666061,-9.593263,12.40452,61.663593,-18.873756,-3.417443,-5.3302665,3.341697,1.7487875,14.529394,6.0003757,-7.1472507,-2.13773,3.78876,-0.3258271,-21.729979,5.7648015,-11.14158,2.6542895
957,-6.269320011138916,489.3285217285156,105.66718292236328,0.32116425562108053,-1.063319946104924,89.58061870329772,-3.844075,1.6930423,8.901362,-2.8433537,-20.267565,-3.1916735,8.918173,-23.840868,55.255905,19.787386,6.9642754,-0.18136996,-5.685419,-9.632629,12.472041,61.663776,-18.864323,-3.408063,-5.283695,3.3241127,1.7459314,14.447221,6.020451,-7.14751,-2.1323893,3.8099933,-0.3297909,-21.81577,5.7646375,-11.153885,2.66235
958,-6.280179977416992,489.3399353027344,105.66683959960938,0.3371046102871258,-1.0616375068467767,89.67936835018097,-3.846794,1.6575913,8.887506,-2.8625512,-20.207233,-3.2708962,8.981769,-24.022415,55.40221,19.791376,6.965346,-0.14915903,-5.692431,-9.661948,12.522104,61.65362,-18.835567,-3.4092689,-5.239981,3.3262527,1.7175509,14.357354,5.989401,-7.124156,-2.1190093,3.8315823,-0.35259306,-21.918295,5.7639174,-11.16959,2.6808286
959,-6.288693904876709,489.3448791503906,105.66798400878906,0.3544340655523815,-1.056846470623363,89.78342798394897,-3.849467,1.6190732,8.867935,-2.8822439,-20.139565,-3.3476424,9.057136,-24.208012,55.529793,19.792261,6.9736485,-0.11770807,-5.6894016,-9.679698,12.551614,61.63064,-18.80665,-3.4100003,-5.206116,3.3238819,1.6880403,14.261445,5.9489,-7.0900407,-2.1055179,3.846446,-0.3750358,-22.024303,5.7619467,-11.181555,2.6963356
960,-6.294023036956787,489.35308837890625,105.66741180419922,0.3655886426173202,-1.0531649596123056,89.88160130079295,-3.847706,1.584585,8.845859,-2.9078498,-20.085241,-3.4199746,9.1383915,-24.384853,55.636993,19.808498,6.9913464,-0.09822101,-5.68284,-9.685119,12.55791,61.59808,-18.800453,-3.399171,-5.1897054,3.3010633,1.6744989,14.163403,5.9582047,-7.0848074,-2.0966032,3.8627207,-0.38816008,-22.1253,5.761967,-11.19706,2.7087038
961,-6.302343845367432,489.35833740234375,105.66658782958984,0.3660768164166401,-1.0502367178738272,89.9732052773817,-3.842429,1.5595891,8.818723,-2.9409873,-20.051678,-3.4923809,9.220968,-24.554392,55.732212,19.849638,7.021084,-0.09643629,-5.6754894,-9.677415,12.541613,61.556644,-18.835741,-3.3661306,-5.1994348,3.253868,1.6785566,14.062541,6.0161457,-7.1055403,-2.0890238,3.876075,-0.39040026,-22.220238,5.762966,-11.210617,2.7189658
962,-6.315159797668457,489.35736083984375,105.6680908203125,0.360948942061657,-1.0462568658758,90.06344385897673,-3.8351245,1.5389104,8.784785,-2.9787626,-20.02593,-3.5662801,9.3052225,-24.720566,55.819164,19.90721,7.0599847,-0.10457367,-5.6644883,-9.657692,12.503194,61.507133,-18.897617,-3.319283,-5.229428,3.2036827,1.686172,13.961015,6.0703945,-7.122739,-2.0793793,3.8842409,-0.38836074,-22.31332,5.7622504,-11.218472,2.728585
963,-6.325016021728516,489.3542785644531,105.66878509521484,0.355750847806256,-1.043204564535997,90.15000908223016,-3.8220315,1.5195282,8.749706,-3.0211349,-20.000282,-3.6375332,9.388019,-24.871168,55.894527,19.973995,7.0986857,-0.114024065,-5.6431165,-9.628819,12.445049,61.44479,-18.948532,-3.2748935,-5.265364,3.145154,1.6978973,13.859369,6.1422844,-7.148027,-2.0714889,3.8914404,-0.38450316,-22.401995,5.7621717,-11.225742,2.7358217
964,-6.327739238739014,489.3514099121094,105.66767120361328,0.3536526014424998,-1.0430557888976255,90.23061556736633,-3.7983785,1.4971378,8.720285,-3.0687723,-19.967897,-3.699984,9.472385,-25.000408,55.94812,20.036526,7.1305304,-0.11605677,-5.603999,-9.592127,12.367192,61.364254,-18.953115,-3.2498343,-5.292505,3.0906334,1.710034,13.763294,6.2152786,-7.173037,-2.067141,3.902637,-0.3798247,-22.483904,5.760309,-11.2332115,2.7399144
965,-6.33328914642334,489.3531188964844,105.66639709472656,0.35706891461685564,-1.0469659081837719,90.30326737523808,-3.7638118,1.4724717,8.696232,-3.1230907,-19.922739,-3.752191,9.548488,-25.092218,55.988514,20.119154,7.1492066,-0.10957623,-5.538379,-9.552771,12.275893,61.260147,-18.877304,-3.2511072,-5.3083625,3.0674582,1.7080249,13.681218,6.247914,-7.1829576,-2.0600936,3.9201667,-0.3847944,-22.556654,5.761176,-11.243022,2.7486353
966,-6.346723556518555,489.3679504394531,105.66473388671875,0.36325634092859493,-1.0538128923153867,90.36960560905614,-3.7152658,1.4409937,8.677687,-3.187598,-19.87381,-3.7913866,9.640301,-25.175123,55.99244,20.200369,7.168658,-0.10070933,-5.449125,-9.497932,12.148552,61.13442,-18.763783,-3.2720942,-5.3183575,3.0762506,1.6926794,13.612235,6.2426596,-7.183084,-2.048957,3.9499545,-0.3983697,-22.624817,5.760833,-11.256983,2.7661264
967,-6.3548126220703125,489.3852233886719,105.66346740722656,0.36996078919734027,-1.0618087309907849,90.43307076747243,-3.665789,1.4113343,8.663005,-3.2478704,-19.824972,-3.8230004,9.729944,-25.2306,55.97678,20.268246,7.1833076,-0.08816753,-5.3597517,-9.437864,12.01623,60.999336,-18.637117,-3.2981932,-5.3252034,3.0989306,1.6772811,13.550428,6.2163005,-7.173576,-2.0412323,3.9819343,-0.4091878,-22.691046,5.760821,-11.273433,2.7812276
968,-6.368047714233398,489.385986328125,105.6624984741211,0.3736666491181272,-1.0687761620521152,90.49708810237779,-3.620944,1.3882247,8.65279,-3.2962153,-19.783995,-3.8511379,9.8171425,-25.264256,55.940845,20.291014,7.1950746,-0.07119821,-5.2868204,-9.374035,11.886378,60.862522,-18.536938,-3.3175383,-5.3297544,3.0876377,1.6677848,13.481307,6.2335043,-7.17704,-2.02966,4.0014615,-0.41998833,-22.757624,5.7610555,-11.279332,2.7953598
969,-6.381124496459961,489.375244140625,105.66295623779297,0.3721705830453739,-1.073125568221933,90.5630605464855,-3.5820322,1.3770881,8.649647,-3.3299792,-19.756498,-3.8803663,9.898273,-25.272207,55.882416,20.24886,7.203597,-0.04782122,-5.239473,-9.310289,11.762811,60.721546,-18.473755,-3.325363,-5.335098,3.0509627,1.6678189,13.407553,6.2770176,-7.1858587,-2.0184312,4.00953,-0.42439604,-22.827812,5.7611957,-11.278538,2.805982
970,-6.388333320617676,489.3572692871094,105.66402435302734,0.3667318170949579,-1.0764000865646333,90.62910266978488,-3.5455053,1.3729789,8.653281,-3.353946,-19.739536,-3.9050097,9.979848,-25.256271,55.795715,20.159203,7.2102203,-0.01972387,-5.206684,-9.241555,11.635585,60.574097,-18.431068,-3.3292847,-5.3395104,2.9947991,1.6792499,13.331061,6.3455625,-7.201462,-2.0113025,4.0104194,-0.420469,-22.898918,5.7626863,-11.275896,2.8108728
971,-6.398853778839111,489.3443603515625,105.66522979736328,0.3619807721327211,-1.0812172326585159,90.69334705604507,-3.5109499,1.3689259,8.657455,-3.3709502,-19.72058,-3.9224682,10.058904,-25.222696,55.698757,20.05541,7.212054,0.011231007,-5.1763206,-9.170457,11.512483,60.424076,-18.388397,-3.3326504,-5.3372326,2.9502013,1.6861744,13.260253,6.403094,-7.216181,-2.0028985,4.0162354,-0.41943598,-22.97011,5.76373,-11.275113,2.8189633
972,-6.415441513061523,489.33319091796875,105.66685485839844,0.35613991631083525,-1.0936699869928328,90.75609145620955,-3.47882,1.3625891,8.660513,-3.3849492,-19.690851,-3.928503,10.137057,-25.18118,55.602547,19.967308,7.2080355,0.042715512,-5.1353426,-9.094383,11.395764,60.274864,-18.329874,-3.3398561,-5.3225045,2.926915,1.6882514,13.195551,6.440363,-7.2236094,-1.9912734,4.0225396,-0.42281446,-23.036928,5.774524,-11.275405,2.8286602
973,-6.420200347900391,489.33740234375,105.66598510742188,0.3629635540127684,-1.109295189761478,90.81219955568776,-3.4455132,1.3356488,8.651002,-3.3934376,-19.644535,-3.9163666,10.216435,-25.128925,55.505257,19.907633,7.199166,0.07324186,-5.077504,-9.011241,11.280545,60.128754,-18.243814,-3.3540213,-5.2842364,2.9336998,1.6777558,13.143562,6.4481506,-7.2256045,-1.98536,4.0578513,-0.43149137,-23.102396,5.771832,-11.288305,2.8398066
974,-6.4240617752075195,489.324462890625,105.66645812988281,0.3698046911505022,-1.132727777217021,90.86684689450581,-3.4158251,1.3047537,8.640878,-3.3955376,-19.590286,-3.8895457,10.297563,-25.063725,55.40029,19.857248,7.1859717,0.10451453,-5.0114794,-8.920259,11.1657715,59.98437,-18.142637,-3.3730414,-5.2291684,2.9445767,1.6669708,13.093341,6.449087,-7.216233,-1.9780216,4.083052,-0.441209,-23.160648,5.7757535,-11.291548,2.8444335
975,-6.435394287109375,489.321044921875,105.65997314453125,0.3961570610048919,-1.1451699454134534,90.91169184040243,-3.3776042,1.2526716,8.616766,-3.396661,-19.530031,-3.8580713,10.380311,-24.995855,55.291084,19.799074,7.169985,0.13642852,-4.94681,-8.823915,11.060815,59.841675,-18.04776,-3.3902855,-5.176303,2.9175425,1.633768,13.040779,6.510851,-7.243518,-1.9619794,4.145376,-0.4714406,-23.223047,5.7358103,-11.293067,2.867734
976,-6.448557376861572,489.31390380859375,105.65776824951172,0.39773389863584674,-1.1647320001404535,90.96219075430767,-3.3427677,1.2260392,8.610511,-3.4035692,-19.47252,-3.8343477,10.462681,-24.938559,55.184555,19.713634,7.1490836,0.17252813,-4.891906,-8.725327,10.975838,59.699158,-17.977617,-3.402507,-5.1467032,2.8928769,1.6319277,12.983495,6.579329,-7.2719536,-1.9510263,4.1678567,-0.48130238,-23.277317,5.7426925,-11.297674,2.8778756
977,-6.455982685089111,489.3019104003906,105.66110229492188,0.3785717702783102,-1.1871428862858477,91.01470543774177,-3.3044183,1.224647,8.621656,-3.4200728,-19.41956,-3.8276587,10.543548,-24.90022,55.085556,19.584618,7.118397,0.21370506,-4.849639,-8.627158,10.913566,59.551044,-17.934572,-3.402479,-5.149964,2.886604,1.6556157,12.929718,6.6110306,-7.277741,-1.9477122,4.164095,-0.46593973,-23.325222,5.772527,-11.300519,2.8735147
978,-6.4683661460876465,489.2768859863281,105.6576156616211,0.3772165422920143,-1.1931886410480095,91.05567912145919,-3.249441,1.2082717,8.621518,-3.443926,-19.367048,-3.8314009,10.62313,-24.875868,54.99114,19.424322,7.081209,0.2575189,-4.8121934,-8.529932,10.869101,59.39563,-17.906446,-3.3920164,-5.1725125,2.7998397,1.6654601,12.863349,6.7482963,-7.3294764,-1.9346043,4.182151,-0.4671783,-23.37294,5.7528615,-11.287932,2.8823915
979,-6.478007793426514,489.26800537109375,105.65838623046875,0.36433522225651915,-1.2032997362207072,91.10079899662023,-3.193808,1.2089572,8.627011,-3.4758842,-19.312187,-3.8445306,10.689441,-24.857994,54.914772,19.261646,7.03969,0.30599108,-4.7670755,-8.446104,10.844092,59.230503,-17.881956,-3.382337,-5.1997275,2.7628431,1.6840177,12.806904,6.8171444,-7.355771,-1.9283876,4.1897545,-0.45636702,-23.419586,5.7576647,-11.287028,2.8854868
980,-6.483063220977783,489.26409912109375,105.65955352783203,0.35546423915097597,-1.2103139820819466,91.14836622127437,-3.1476998,1.1935002,8.623174,-3.501263,-19.251047,-3.835703,10.767111,-24.832699,54.819675,19.114048,7.0140133,0.3546766,-4.727495,-8.345383,10.829792,59.090485,-17.883453,-3.3903985,-5.2228055,2.7379851,1.6975648,12.750722,6.859019,-7.369329,-1.9246887,4.1928754,-0.4484179,-23.466166,5.7678533,-11.291374,2.8867948
981,-6.4905548095703125,489.26214599609375,105.65454864501953,0.36530617865665854,-1.202253396661991,91.19629486461936,-3.1030746,1.1515436,8.592557,-3.5273829,-19.181524,-3.8104043,10.840896,-24.79218,54.721363,18.993515,7.002244,0.4023321,-4.6762195,-8.246711,10.835942,58.959282,-17.896137,-3.423386,-5.23954,2.6712992,1.6915345,12.680647,6.9479194,-7.404849,-1.9152228,4.2058563,-0.46068898,-23.516737,5.7532144,-11.293409,2.8981009
982,-6.490249156951904,489.2696838378906,105.65167999267578,0.3785783683931172,-1.1891058691887137,91.24780436439106,-3.0639517,1.1019088,8.550887,-3.5537362,-19.105658,-3.7731504,10.910926,-24.739697,54.621002,18.888836,6.998409,0.45049268,-4.6193514,-8.149164,10.863025,58.83581,-17.921507,-3.473262,-5.2563767,2.636453,1.6791387,12.615183,6.9726653,-7.410989,-1.9108708,4.215597,-0.4722066,-23.568476,5.7414637,-11.302197,2.9059534
983,-6.4973649978637695,489.2688293457031,105.65817260742188,0.3681667832241623,-1.191625646835846,91.30601710202178,-3.0372834,1.0759523,8.526448,-3.5759456,-19.02828,-3.7341897,10.974025,-24.687454,54.52945,18.798626,6.995178,0.50351846,-4.5691757,-8.056387,10.907545,58.72109,-17.95336,-3.5206277,-5.2664657,2.656406,1.6830122,12.559411,6.9172115,-7.374426,-1.9073601,4.1863747,-0.46931455,-23.611832,5.780607,-11.309703,2.9019601
984,-6.501112937927246,489.26275634765625,105.65532684326172,0.37739325399311613,-1.1896922997366368,91.34773377621491,-3.0060587,1.0313197,8.499201,-3.5854282,-18.94626,-3.6953382,11.03551,-24.643501,54.444733,18.720703,6.9917536,0.561338,-4.543065,-7.9630466,10.966916,58.623543,-17.990639,-3.5432043,-5.262972,2.6180444,1.6746277,12.503779,6.9629765,-7.387686,-1.9001051,4.200149,-0.4790617,-23.656206,5.7674623,-11.309381,2.9105642
985,-6.500452995300293,489.25958251953125,105.65620422363281,0.3695947043004258,-1.209298382455071,91.38253179441205,-2.97919,1.0079961,8.499577,-3.5791748,-18.858297,-3.665958,11.091167,-24.622301,54.378227,18.655869,6.98287,0.6386181,-4.5442133,-7.876906,11.041876,58.536358,-18.035795,-3.526678,-5.2389965,2.626431,1.6860809,12.470161,6.97728,-7.392485,-1.9008298,4.2179084,-0.46907288,-23.694225,5.776735,-11.316062,2.9121454
986,-6.516044616699219,489.2417907714844,105.65283203125,0.37091688589143296,-1.2310437389102566,91.40472297433983,-2.9450092,0.97936606,8.503673,-3.565211,-18.763824,-3.64524,11.139139,-24.620363,54.329426,18.60319,6.971815,0.7293449,-4.5593834,-7.8006835,11.130477,58.451996,-18.087229,-3.4830053,-5.1975727,2.5957272,1.6825699,12.438492,7.059716,-7.4283314,-1.8876126,4.2584333,-0.476102,-23.730267,5.7551165,-11.306365,2.9301174
987,-6.524106979370117,489.231201171875,105.65509796142578,0.35738321929612693,-1.2621588704360192,91.43032274330399,-2.915239,0.9696264,8.520884,-3.556668,-18.673513,-3.630811,11.178381,-24.625063,54.295517,18.557375,6.9594364,0.811927,-4.5749674,-7.7329564,11.222207,58.37137,-18.134914,-3.4383347,-5.149081,2.612449,1.6956458,12.417673,7.079848,-7.436951,-1.8836858,4.2782598,-0.4668762,-23.760984,5.7711406,-11.308459,2.9351628
988,-6.5305681228637695,489.2125549316406,105.65261840820312,0.36679178589855915,-1.2741698923637041,91.45174551233028,-2.8863897,0.9337895,8.517683,-3.5565677,-18.591969,-3.609,11.218936,-24.616714,54.25986,18.511108,6.954405,0.8623093,-4.594789,-7.658691,11.314515,58.317135,-18.17533,-3.4172952,-5.1075215,2.5861275,1.684157,12.388167,7.128741,-7.452184,-1.8728818,4.3069024,-0.4780922,-23.792742,5.7500124,-11.299873,2.9466846
989,-6.524374961853027,489.2046813964844,105.65367889404297,0.3710384143623687,-1.2792654927101872,91.48229297716946,-2.865027,0.9031965,8.509915,-3.5810056,-18.527672,-3.5831597,11.254464,-24.589901,54.226326,18.464987,6.9539285,0.8663374,-4.60241,-7.585252,11.394377,58.27545,-18.206484,-3.433705,-5.0690784,2.5928946,1.679773,12.3594,7.1059146,-7.431768,-1.8715199,4.3023067,-0.48052102,-23.820518,5.760304,-11.302187,2.9421258
990,-6.5233306884765625,489.2015075683594,105.65522003173828,0.38381487212442283,-1.2741590825944173,91.5131591182543,-2.8387954,0.8692184,8.493476,-3.6273305,-18.47308,-3.5629253,11.279208,-24.558636,54.205906,18.422894,6.954943,0.83844215,-4.5954933,-7.523091,11.462843,58.232025,-18.229654,-3.4697511,-5.0256004,2.6102462,1.6571397,12.333545,7.0428343,-7.3923244,-1.8644505,4.292619,-0.49622816,-23.84765,5.76674,-11.304084,2.9421988
991,-6.529725551605225,489.19830322265625,105.656982421875,0.40016383539572326,-1.2665852845731511,91.54233870271464,-2.8232005,0.8259472,8.475479,-3.6629465,-18.423738,-3.5339336,11.3056135,-24.514074,54.184475,18.391724,6.960475,0.79888177,-4.6086802,-7.4469457,11.538965,58.22391,-18.254656,-3.5112522,-4.990304,2.6270492,1.6250597,12.308808,6.974995,-7.3511367,-1.8518983,4.288808,-0.5192133,-23.875826,5.764057,-11.302636,2.9483366
992,-6.530579090118408,489.1991271972656,105.6554183959961,0.40914479638761,-1.2667708051837134,91.56982102565617,-2.8039484,0.7921769,8.472214,-3.6898303,-18.379503,-3.5182035,11.324502,-24.481213,54.179073,18.375874,6.9639854,0.76608163,-4.624347,-7.380935,11.607772,58.21219,-18.276587,-3.536456,-4.9544377,2.6178763,1.614223,12.277389,6.9819674,-7.350748,-1.8464773,4.297382,-0.52924204,-23.905941,5.7615385,-11.306947,2.9516447
993,-6.535182952880859,489.19244384765625,105.65564727783203,0.40075275177081193,-1.2825540306684924,91.59825888181304,-2.7903214,0.7742833,8.493801,-3.695539,-18.337654,-3.5141642,11.338532,-24.456371,54.190453,18.37855,6.965626,0.74495584,-4.6582017,-7.3155293,11.678457,58.212086,-18.295382,-3.5386696,-4.919448,2.6082392,1.6263534,12.243808,7.019556,-7.365009,-1.8437852,4.3095336,-0.5216587,-23.937681,5.7688704,-11.309247,2.9505951
994,-6.54074764251709,489.177001953125,105.65367889404297,0.3908667644306343,-1.3020329173716256,91.62383973752793,-2.7695277,0.7622372,8.527195,-3.697567,-18.303087,-3.5255427,11.344956,-24.443819,54.219135,18.394531,6.965599,0.7234817,-4.6901402,-7.264634,11.740168,58.202114,-18.307156,-3.5258644,-4.8784623,2.5674856,1.6464598,12.203074,7.117866,-7.406485,-1.8407474,4.334097,-0.5101012,-23.971508,5.762706,-11.306018,2.9506283
995,-6.543490886688232,489.1584777832031,105.65544128417969,0.36974080943271137,-1.3285108394016536,91.650855346717,-2.7633946,0.7531549,8.565398,-3.68281,-18.2698,-3.5316017,11.349179,-24.42804,54.254925,18.419182,6.9675984,0.7077878,-4.7462583,-7.195348,11.814353,58.235527,-18.322397,-3.514899,-4.8571305,2.5484662,1.678959,12.167122,7.185554,-7.430577,-1.8421074,4.3447886,-0.48662364,-24.00078,5.775555,-11.303623,2.9423668
996,-6.547669410705566,489.1424560546875,105.6539306640625,0.3637519124651601,-1.345987164408535,91.67120844200421,-2.7509422,0.7297981,8.589774,-3.6710925,-18.243603,-3.5337458,11.350233,-24.418911,54.28928,18.448246,6.97281,0.69235,-4.7980337,-7.12603,11.878784,58.279686,-18.345495,-3.513004,-4.8514953,2.5175889,1.6920971,12.134664,7.2593627,-7.4593244,-1.8387443,4.3645825,-0.47965106,-24.02731,5.770107,-11.298959,2.943367
997,-6.547357082366943,489.1291198730469,105.6553955078125,0.3567385932554609,-1.3630570769518597,91.68986219151016,-2.7359693,0.7051449,8.607485,-3.662814,-18.226187,-3.5319479,11.348531,-24.42183,54.322723,18.480124,6.982082,0.6797194,-4.8401017,-7.0585794,11.936456,58.335693,-18.380035,-3.5261931,-4.873558,2.5199208,1.7021945,12.114098,7.2714334,-7.458348,-1.8383588,4.3669453,-0.47255227,-24.044407,5.782122,-11.297346,2.9402132
998,-6.549440860748291,489.115234375,105.65592956542969,0.3557897911218013,-1.3762921657709657,91.70370327716952,-2.7086031,0.67917895,8.623112,-3.6634674,-18.221481,-3.531615,11.34497,-24.439547,54.35009,18.517523,6.9942565,0.6637198,-4.8607283,-7.0160084,11.981788,58.370487,-18.413214,-3.54327,-4.9046645,2.5221415,1.7020166,12.098403,7.2758927,-7.454206,-1.8348536,4.3718967,-0.47325227,-24.057404,5.785541,-11.29265,2.9423065
999,-6.561773300170898,489.09930419921875,105.6563720703125,0.3579643994873555,-1.3871714192881213,91.71578931697404,-2.6871367,0.6472492,8.631292,-3.6595874,-18.218122,-3.52903,11.337592,-24.466272,54.386845,18.548996,7.0073175,0.6547967,-4.896734,-6.9582977,12.031985,58.439377,-18.441973,-3.564105,-4.9472513,2.5213873,1.6913409,12.08415,7.277957,-7.4483685,-1.8238798,4.3732085,-0.48471785,-24.068443,5.788755,-11.2835865,2.9507856
1000,-6.557802200317383,489.0904541015625,105.65428924560547,0.3694428046862473,-1.3890898137546615,91.72380879771445,-2.6653528,0.6063396,8.631496,-3.6600156,-18.218124,-3.5256503,11.325949,-24.496271,54.426685,18.57608,7.0185375,0.64630795,-4.942524,-6.8905535,12.0673485,58.51958,-18.461935,-3.580261,-4.9733725,2.5083213,1.6800586,12.070898,7.2915397,-7.448555,-1.820777,4.3922443,-0.49211618,-24.083168,5.7679806,-11.279503,2.955685
1001,-6.560702800750732,489.0683288574219,105.65543365478516,0.36968506446804056,-1.3928472786773647,91.73945521868674,-2.6476097,0.5869887,8.645075,-3.6730206,-18.2281,-3.5191174,11.314168,-24.530672,54.45342,18.592085,7.0245094,0.6304119,-4.978656,-6.844962,12.082458,58.567955,-18.444567,-3.5860548,-4.9607882,2.4801307,1.6806711,12.047517,7.32043,-7.446908,-1.8144861,4.3809867,-0.49499744,-24.097464,5.7716446,-11.268388,2.952163
1002,-6.560259819030762,489.0586853027344,105.65823364257812,0.3638455525884412,-1.3954125096054963,91.75842525947373,-2.6320844,0.5723472,8.65642,-3.6926904,-18.23883,-3.520637,11.293606,-24.58197,54.49949,18.594296,7.0263643,0.620408,-5.023279,-6.785709,12.079852,58.634594,-18.415249,-3.5903485,-4.9385557,2.4712822,1.6881527,12.027598,7.3231587,-7.4372587,-1.8131381,4.366752,-0.4895878,-24.11468,5.784837,-11.266084,2.9444852
1003,-6.560534477233887,489.0498046875,105.65979766845703,0.3634422775023527,-1.3953138000992473,91.7708403246644,-2.6148233,0.5602193,8.673654,-3.7177634,-18.264187,-3.50915,11.277269,-24.626814,54.516636,18.607225,7.031088,0.6026665,-5.060403,-6.7509084,12.076603,58.67648,-18.375347,-3.5887494,-4.900254,2.4562502,1.6890949,12.0121565,7.3344975,-7.4329777,-1.8099223,4.3599777,-0.48960596,-24.128376,5.787726,-11.262473,2.9401238
1004,-6.561084270477295,489.03692626953125,105.6600570678711,0.3635062549581217,-1.399283682123465,91.77247982901417,-2.5881748,0.5481588,8.687148,-3.7524595,-18.290974,-3.514829,11.243573,-24.695766,54.567,18.629824,7.03696,0.60085756,-5.1068606,-6.694881,12.064108,58.751213,-18.372725,-3.5912828,-4.8796477,2.4363968,1.6910588,12.004628,7.3645964,-7.439037,-1.8063544,4.3558054,-0.4905786,-24.13017,5.788284,-11.255323,2.9358022
1005,-6.578039169311523,489.0229797363281,105.65921020507812,0.36308125392484747,-1.4093094483441218,91.75879888025099,-2.5637157,0.5430827,8.714667,-3.7889187,-18.34327,-3.4991639,11.213282,-24.747845,54.579662,18.693775,7.053083,0.59730107,-5.154943,-6.659068,12.065864,58.817986,-18.390257,-3.5942054,-4.8578644,2.4194968,1.6841083,12.011349,7.408672,-7.4581623,-1.7932045,4.357235,-0.50286216,-24.115913,5.7889466,-11.243567,2.941956
1006,-6.586913585662842,489.009521484375,105.65660858154297,0.3681336742505442,-1.4198941455644094,91.73213172871581,-2.540066,0.5374485,8.749206,-3.8268733,-18.417084,-3.464083,11.189364,-24.789944,54.557617,18.783218,7.0777645,0.5911053,-5.2054915,-6.638025,12.077332,58.878876,-18.417141,-3.5962894,-4.8315763,2.4039712,1.6750875,12.030063,7.45643,-7.481104,-1.7836541,4.3716626,-0.51472485,-24.091253,5.77612,-11.232146,2.9471757
1007,-6.59186315536499,488.9941711425781,105.65467834472656,0.36589513791898265,-1.4345684881676226,91.7032716528392,-2.5086493,0.5396227,8.774078,-3.8728783,-18.473764,-3.4643886,11.128457,-24.86049,54.608494,18.86599,7.090937,0.6045425,-5.2653327,-6.595762,12.088537,58.976482,-18.458431,-3.5968509,-4.828452,2.3911014,1.6782042,12.051104,7.507417,-7.504932,-1.7785523,4.3764105,-0.517582,-24.060125,5.775697,-11.221711,2.9457185
1008,-6.604733943939209,488.9811096191406,105.65624237060547,0.3503643051732474,-1.4534820487644946,91.68093904241655,-2.4783888,0.55325717,8.811054,-3.9165766,-18.519753,-3.4479191,11.085334,-24.921928,54.614887,18.928204,7.1022286,0.5982709,-5.311607,-6.5702724,12.096465,59.03854,-18.494143,-3.587423,-4.8205357,2.3965464,1.6911737,12.070945,7.5338383,-7.518198,-1.7728516,4.36505,-0.5129242,-24.03045,5.7973022,-11.212585,2.942519
1009,-6.612731456756592,488.95892333984375,105.65450286865234,0.3422552023775644,-1.463119084287997,91.65673112481221,-2.428771,0.55570334,8.834145,-3.9685097,-18.531809,-3.448259,11.039333,-25.011568,54.635204,18.940378,7.1040688,0.58497584,-5.3496037,-6.54243,12.101529,59.08842,-18.533466,-3.561793,-4.829946,2.3616476,1.7034023,12.08011,7.6055355,-7.5472193,-1.7674714,4.365057,-0.508307,-24.006016,5.7911386,-11.196372,2.9415877
1010,-6.615881443023682,488.9399108886719,105.6547622680664,0.32282709203300164,-1.4752929954083076,91.63449852784167,-2.3751328,0.5652212,8.863648,-4.022839,-18.528723,-3.44309,11.004633,-25.109667,54.63199,18.923615,7.1037364,0.5600244,-5.3810887,-6.5191407,12.10655,59.12055,-18.57765,-3.5252542,-4.8464828,2.3317456,1.7332212,12.088064,7.675527,-7.5757756,-1.7688369,4.3568254,-0.48833597,-23.980612,5.7968664,-11.183892,2.9334826
1011,-6.620682239532471,488.9197692871094,105.65266418457031,0.315643007506978,-1.4808890325749873,91.60996947627255,-2.314144,0.56162274,8.881945,-4.075872,-18.51941,-3.439646,10.970869,-25.219341,54.62871,18.894037,7.102893,0.53605616,-5.406784,-6.4951477,12.104535,59.150528,-18.614132,-3.4891222,-4.860781,2.2887182,1.7475463,12.09471,7.7546635,-7.608207,-1.7657394,4.3642216,-0.4801445,-23.959957,5.7788625,-11.167421,2.9339163
1012,-6.625269889831543,488.9031066894531,105.65681457519531,0.29716915703473074,-1.495986107360719,91.5955828005736,-2.263168,0.57052636,8.905141,-4.120312,-18.519766,-3.4322603,10.932986,-25.325975,54.627842,18.878845,7.1025157,0.5201365,-5.425328,-6.470806,12.086322,59.184624,-18.633017,-3.466869,-4.8583565,2.296938,1.7679143,12.107836,7.758998,-7.604867,-1.7658497,4.345412,-0.46592587,-23.93881,5.8026004,-11.159292,2.9255269
1013,-6.627533435821533,488.9049987792969,105.65558624267578,0.30638356449853826,-1.499654304904665,91.58409217882065,-2.2224398,0.55400306,8.909031,-4.1475277,-18.536268,-3.403996,10.894154,-25.408115,54.610813,18.90345,7.10513,0.5056583,-5.434763,-6.4510427,12.05918,59.21819,-18.624546,-3.4605887,-4.8277974,2.3038356,1.7538013,12.119561,7.7586617,-7.6076694,-1.7614815,4.370857,-0.47532094,-23.936487,5.7813077,-11.157083,2.9356096
1014,-6.630776882171631,488.8992919921875,105.65914916992188,0.30459741687122155,-1.5120346242629856,91.5857659021893,-2.1951692,0.55215967,8.915806,-4.16663,-18.558828,-3.372129,10.843838,-25.479868,54.60164,18.95256,7.1037936,0.4961256,-5.4347816,-6.4325805,12.019782,59.252556,-18.600014,-3.4656258,-4.781763,2.3344798,1.7488534,12.126913,7.720549,-7.586182,-1.7582041,4.363654,-0.47957215,-23.934977,5.7996054,-11.15568,2.9357946
1015,-6.633813858032227,488.89117431640625,105.65779113769531,0.32026331234874106,-1.5174995802697757,91.57774884535047,-2.1740787,0.5325098,8.92162,-4.161213,-18.59126,-3.3036065,10.814082,-25.512386,54.53057,19.007818,7.1135955,0.4757794,-5.442101,-6.425066,11.993195,59.28061,-18.551817,-3.4723487,-4.7228904,2.344174,1.7243043,12.137911,7.7068715,-7.576445,-1.7500557,4.378271,-0.4994735,-23.933119,5.786628,-11.149327,2.9447799
1016,-6.633040904998779,488.873291015625,105.65755462646484,0.32999767772087946,-1.528409691164252,91.55547167984044,-2.1308353,0.52328384,8.935472,-4.1616673,-18.619047,-3.2601428,10.770878,-25.539253,54.492706,19.046417,7.112522,0.45796043,-5.446722,-6.4166284,11.9393015,59.306046,-18.507679,-3.4783978,-4.664731,2.3578093,1.709331,12.163265,7.69166,-7.562514,-1.7451462,4.3765693,-0.51336676,-23.912178,5.787622,-11.138229,2.9433794
1017,-6.636823654174805,488.84912109375,105.65675354003906,0.33540280927068017,-1.5475729189159073,91.50850521057804,-2.05522,0.5255376,8.96687,-4.1640863,-18.65016,-3.2376058,10.709024,-25.547518,54.46759,19.072268,7.1111016,0.43479222,-5.4521203,-6.4082375,11.8406,59.322205,-18.475975,-3.480127,-4.593755,2.3753853,1.6978695,12.2129345,7.689575,-7.5573716,-1.7389665,4.369606,-0.52749854,-23.86648,5.795743,-11.121043,2.9377778
1018,-6.634014129638672,488.8293151855469,105.65632629394531,0.3492950729732622,-1.5675391872822864,91.44152682911707,-1.9633719,0.52321386,9.0062895,-4.157377,-18.687698,-3.2112796,10.650926,-25.532463,54.422237,19.086514,7.113432,0.40405872,-5.463646,-6.4036736,11.726528,59.333275,-18.437151,-3.4804263,-4.5103254,2.4250467,1.6738247,12.290763,7.6371236,-7.531529,-1.7352456,4.376245,-0.5462011,-23.807116,5.7923255,-11.105686,2.9314759
1019,-6.646923065185547,488.7955627441406,105.65677642822266,0.35907858498562767,-1.586505455889487,91.37428943981479,-1.8706045,0.5242448,9.045477,-4.1442003,-18.72027,-3.18233,10.593033,-25.50389,54.37526,19.097298,7.1132894,0.37745085,-5.4707503,-6.401073,11.606063,59.341015,-18.397732,-3.4827921,-4.438034,2.4518735,1.6481854,12.362287,7.6112475,-7.5133257,-1.7213588,4.3661356,-0.5717735,-23.742226,5.795329,-11.078438,2.9290297
1020,-6.6441826820373535,488.7914123535156,105.65753936767578,0.3633080058100382,-1.5964285231208155,91.3224713892409,-1.7951529,0.5225219,9.069792,-4.119825,-18.73862,-3.1386447,10.545081,-25.470509,54.323315,19.103973,7.109799,0.36514777,-5.471383,-6.4000106,11.50724,59.352264,-18.351606,-3.4898045,-4.4024673,2.4934137,1.6377552,12.422854,7.5656977,-7.496705,-1.7214518,4.3626013,-0.5793381,-23.691322,5.801424,-11.072887,2.9229155
1021,-6.641012191772461,488.7908020019531,105.65823364257812,0.3640609054091127,-1.5902589078103342,91.28762768065329,-1.7309614,0.52019686,9.066043,-4.0863557,-18.730415,-3.091509,10.485436,-25.423712,54.298836,19.134214,7.092649,0.37485033,-5.4502,-6.3993006,11.410693,59.36311,-18.304499,-3.5073893,-4.4182596,2.5001752,1.6361061,12.457111,7.5468736,-7.489919,-1.7219094,4.3450847,-0.5811658,-23.649693,5.80588,-11.068225,2.9179888
1022,-6.645997047424316,488.7930908203125,105.6589126586914,0.35891381227405383,-1.574240562631575,91.26255582338192,-1.6792426,0.5170581,9.046066,-4.037797,-18.704348,-3.0328746,10.427605,-25.36454,54.277596,19.167877,7.069422,0.40086025,-5.422134,-6.400235,11.332888,59.379803,-18.24265,-3.5321784,-4.473829,2.481835,1.6401358,12.474873,7.5543723,-7.4962687,-1.7185637,4.314009,-0.5815896,-23.61148,5.8145533,-11.062668,2.9169784
1023,-6.652151107788086,488.7936096191406,105.65859985351562,0.3555056449943173,-1.5563826682024775,91.24688385711907,-1.6427151,0.5035047,9.025324,-3.981519,-18.679674,-2.9552515,10.404928,-25.326468,54.219788,19.152916,7.0567603,0.4333976,-5.402515,-6.4014316,11.2913685,59.402424,-18.170176,-3.553626,-4.544893,2.4504704,1.6434722,12.479399,7.577795,-7.5083814,-1.713817,4.289471,-0.5825828,-23.58458,5.8147645,-11.056133,2.9188673
1024,-6.658047676086426,488.7724304199219,105.6573257446289,0.35030539667604566,-1.548883716343116,91.24317936575554,-1.6127831,0.49837577,9.017101,-3.94198,-18.670197,-2.895771,10.350927,-25.24702,54.198013,19.164797,7.0326047,0.44985256,-5.3822927,-6.4045987,11.215505,59.411564,-18.163267,-3.5605674,-4.5861983,2.3954782,1.6538692,12.46482,7.642684,-7.528643,-1.7077523,4.264245,-0.5812417,-23.570486,5.8172216,-11.041763,2.9160874
1025,-6.661048412322998,488.76226806640625,105.65668487548828,0.343370220480118,-1.5570660669950702,91.25766360905777,-1.5984199,0.48697177,9.0286665,-3.9161198,-18.684402,-2.8393433,10.32763,-25.208893,54.157482,19.083376,7.0197444,0.4649932,-5.381754,-6.407265,11.172312,59.42359,-18.180248,-3.5423698,-4.61197,2.370865,1.6667668,12.439164,7.6919928,-7.5467653,-1.7062638,4.274847,-0.57197565,-23.586525,5.8102207,-11.036919,2.9156604
1026,-6.656487464904785,488.75390625,105.65634155273438,0.33119043519066915,-1.5759704858502965,91.28861455715374,-1.5949601,0.47973084,9.054054,-3.901975,-18.712563,-2.7890131,10.30298,-25.165422,54.120758,18.974915,7.006362,0.47461092,-5.384776,-6.411084,11.121043,59.42734,-18.240292,-3.5084755,-4.6238356,2.3554313,1.6918299,12.398707,7.7461753,-7.566629,-1.7117189,4.2958717,-0.5513729,-23.621971,5.810427,-11.040694,2.910012
1027,-6.652308940887451,488.7463073730469,105.65687561035156,0.31934843549256187,-1.5961438706445608,91.32257589354559,-1.5904812,0.47713372,9.08123,-3.900293,-18.745277,-2.754014,10.263772,-25.109652,54.11332,18.895712,6.9859977,0.47620338,-5.3795505,-6.4186454,11.047714,59.418987,-18.329908,-3.4742675,-4.620754,2.3485782,1.7144787,12.358696,7.7863607,-7.5796695,-1.716916,4.3173656,-0.5318111,-23.660973,5.812616,-11.045523,2.9046319
1028,-6.652215003967285,488.74188232421875,105.65687561035156,0.3213092787714865,-1.604453408595506,91.34353456315064,-1.5901122,0.46157563,9.09564,-3.8865085,-18.771381,-2.7089617,10.247282,-25.089659,54.08837,18.81691,6.985089,0.48573282,-5.3902597,-6.4239163,11.014941,59.437347,-18.381008,-3.458841,-4.6263885,2.3456705,1.7134364,12.335629,7.7976737,-7.580735,-1.7154489,4.3407707,-0.5300675,-23.689585,5.7997565,-11.04672,2.907736
1029,-6.6542558670043945,488.7264404296875,105.65786743164062,0.32804779444825344,-1.6032203442649173,91.34663188082352,-1.5792507,0.4563618,9.101731,-3.8765514,-18.795536,-2.6752584,10.209065,-25.063915,54.090607,18.821026,6.988179,0.49392894,-5.3926854,-6.4408836,10.959812,59.454723,-18.432373,-3.4693646,-4.6140924,2.3356066,1.7022419,12.333323,7.792409,-7.567957,-1.7090569,4.330332,-0.5404958,-23.690868,5.798536,-11.03671,2.9071229
1030,-6.657824516296387,488.7252197265625,105.65963745117188,0.3408313882414376,-1.5961766192974771,91.3396525457433,-1.5714755,0.4502735,9.101937,-3.8619685,-18.818066,-2.6407847,10.178169,-25.058231,54.094456,18.843586,7.00289,0.50809646,-5.405867,-6.4594893,10.926475,59.49041,-18.467106,-3.4956665,-4.5994925,2.3575242,1.6759936,12.35356,7.7320375,-7.5369325,-1.7013772,4.314215,-0.56164527,-23.681204,5.805991,-11.034515,2.910338
1031,-6.656357765197754,488.72174072265625,105.6600341796875,0.35516701574418036,-1.5861128601007473,91.33502924404496,-1.5707861,0.44204304,9.098751,-3.843127,-18.835426,-2.6045089,10.152721,-25.060925,54.095947,18.871187,7.024173,0.51836634,-5.422141,-6.47842,10.904731,59.532383,-18.491816,-3.5292988,-4.5910096,2.3639314,1.6530832,12.367132,7.6913414,-7.513192,-1.6960286,4.2994623,-0.57988477,-23.674381,5.8051085,-11.029577,2.9112291
1032,-6.655083656311035,488.71746826171875,105.66020202636719,0.35903820024608485,-1.580640464885612,91.34817447513393,-1.5695499,0.44521862,9.097243,-3.84214,-18.841263,-2.5994542,10.112122,-25.074442,54.148582,18.895208,7.027145,0.5187519,-5.4105783,-6.512726,10.88072,59.53832,-18.500698,-3.5533664,-4.5942144,2.3534262,1.6479717,12.355321,7.6872706,-7.5051336,-1.6935751,4.284324,-0.5855623,-23.683558,5.8122478,-11.028101,2.909255
1033,-6.6562676429748535,488.7206115722656,105.65985107421875,0.3595142624328744,-1.5773510473713848,91.38591355647581,-1.5826148,0.44513497,9.093645,-3.8404238,-18.833454,-2.6006978,10.075618,-25.098242,54.21188,18.89099,7.027256,0.502903,-5.387732,-6.54812,10.872683,59.534542,-18.485788,-3.5778837,-4.6265087,2.3369937,1.6486176,12.313046,7.7010636,-7.5081987,-1.6917865,4.292976,-0.5841086,-23.723902,5.8080053,-11.034203,2.913786
1034,-6.654687881469727,488.7178039550781,105.65873718261719,0.3530537059622419,-1.5773695233916658,91.44149035272046,-1.6117079,0.44474265,9.092141,-3.8352795,-18.814732,-2.6019871,10.050229,-25.126497,54.275875,18.87392,7.027617,0.47344744,-5.3622627,-6.5779552,10.877984,59.52991,-18.456577,-3.6065617,-4.679249,2.295137,1.6653982,12.243303,7.7599697,-7.5284004,-1.6931337,4.301234,-0.5711535,-23.78071,5.804726,-11.038746,2.9138026
1035,-6.655091285705566,488.7259521484375,105.65910339355469,0.3419140163146323,-1.5778790980589954,91.49991764374896,-1.6479255,0.44410118,9.0908985,-3.8276904,-18.791069,-2.6009767,10.033041,-25.157614,54.337524,18.85667,7.028212,0.4437078,-5.341265,-6.6035666,10.88898,59.52815,-18.431017,-3.6283646,-4.7358084,2.2724671,1.6843129,12.175494,7.795514,-7.543413,-1.6960891,4.3121586,-0.55464184,-23.840446,5.80768,-11.050894,2.915766
1036,-6.649759292602539,488.732421875,105.65904235839844,0.33396265782002543,-1.5760275342450532,91.54597079093234,-1.680591,0.44465894,9.088522,-3.821766,-18.76572,-2.598948,10.019492,-25.194052,54.39912,18.849184,7.0267925,0.42807457,-5.3287487,-6.628563,10.900647,59.5275,-18.421183,-3.630236,-4.7795944,2.2515438,1.7018588,12.121326,7.8227124,-7.553219,-1.7014495,4.3157134,-0.53941196,-23.885374,5.812384,-11.061737,2.9134595
1037,-6.650108337402344,488.7308044433594,105.65818786621094,0.3325663754349377,-1.56696598050566,91.57118192618385,-1.6941823,0.45044112,9.080613,-3.8315575,-18.738926,-2.6122077,9.999453,-25.25923,54.481224,18.848125,7.0191917,0.43767455,-5.314674,-6.670885,10.91305,59.50824,-18.423935,-3.595726,-4.8034368,2.220192,1.7072656,12.085973,7.85038,-7.5613923,-1.7005891,4.313388,-0.53532016,-23.90807,5.8059335,-11.06168,2.914744
1038,-6.6431708335876465,488.7375793457031,105.65892791748047,0.3270002594808974,-1.5572997228131358,91.58759646522651,-1.7171019,0.45521757,9.074103,-3.8320334,-18.706158,-2.6084497,9.990847,-25.305796,54.544983,18.870615,7.013172,0.4546924,-5.3237047,-6.6923122,10.920759,59.50958,-18.464367,-3.5426426,-4.82041,2.2088351,1.7196105,12.065358,7.8507743,-7.5608363,-1.706485,4.3026323,-0.5240551,-23.917807,5.811368,-11.068348,2.909705
1039,-6.644357681274414,488.7376403808594,105.65753173828125,0.3325833131476836,-1.5440188996691298,91.59931944154565,-1.7389277,0.4499173,9.062132,-3.8298452,-18.674658,-2.605501,9.985287,-25.353373,54.609802,18.89663,7.0067105,0.47398657,-5.3359175,-6.711058,10.927155,59.515022,-18.5081,-3.4885523,-4.832257,2.1842055,1.7137854,12.046113,7.861241,-7.5625863,-1.7036144,4.301402,-0.52869195,-23.928144,5.799012,-11.066973,2.9140165
1040,-6.644392013549805,488.73748779296875,105.65821075439453,0.33653213289816064,-1.538085489940573,91.62005428855953,-1.7664437,0.44714913,9.055057,-3.81832,-18.649075,-2.6051748,9.981134,-25.402119,54.67177,18.914837,7.0033884,0.487432,-5.345186,-6.7326603,10.930064,59.52865,-18.534784,-3.4595847,-4.841682,2.1804872,1.7077504,12.02486,7.8460293,-7.551135,-1.702027,4.2964077,-0.5328479,-23.947474,5.7994423,-11.067919,2.9154813
1041,-6.638655185699463,488.73468017578125,105.6585464477539,0.3477642884877768,-1.5384019223611058,91.65026365534968,-1.7927063,0.4390128,9.05154,-3.8082302,-18.637966,-2.6166704,9.978255,-25.464222,54.73954,18.91471,7.0018725,0.4918933,-5.3394957,-6.7632155,10.928664,59.534966,-18.539572,-3.460608,-4.8432775,2.193146,1.6932384,12.0000925,7.80676,-7.5242915,-1.7019871,4.2999578,-0.54173034,-23.982578,5.7994647,-11.071354,2.9161708
1042,-6.628842830657959,488.7334899902344,105.65960693359375,0.362186108706978,-1.5440378903843897,91.68635141209943,-1.8303964,0.42696732,9.051162,-3.781205,-18.636074,-2.6177995,9.978354,-25.506975,54.79193,18.922945,7.004333,0.48672348,-5.3424573,-6.7893844,10.924478,59.561356,-18.544933,-3.4859648,-4.8378377,2.2292976,1.6733674,11.977151,7.7344804,-7.48108,-1.7039404,4.3077526,-0.55241585,-24.026983,5.8037534,-11.078632,2.9155612
1043,-6.6188507080078125,488.73602294921875,105.66092681884766,0.3783387450147774,-1.549592817856197,91.72379176883227,-1.8779248,0.4104462,9.04825,-3.7376444,-18.62985,-2.611194,9.980156,-25.52825,54.83704,18.945765,7.0070906,0.477855,-5.3526053,-6.806377,10.918438,59.603363,-18.545404,-3.5189712,-4.837497,2.273232,1.6502988,11.955398,7.650987,-7.4343977,-1.7059454,4.3195376,-0.5647461,-24.073818,5.8067985,-11.0882635,2.9163043
1044,-6.619396686553955,488.7392883300781,105.6614761352539,0.39283019928413737,-1.550752307476996,91.75877961303942,-1.9236014,0.39735165,9.042701,-3.6893482,-18.609282,-2.6060648,9.983685,-25.547316,54.87676,18.975124,7.009396,0.4714199,-5.3551774,-6.824521,10.905564,59.634727,-18.52234,-3.5443156,-4.846608,2.2976382,1.6259296,11.930267,7.595731,-7.403209,-1.7014679,4.33208,-0.5808059,-24.11588,5.803837,-11.094265,2.9232733
1045,-6.615825176239014,488.7425842285156,105.66158294677734,0.40040087962110277,-1.5471732128927915,91.79487622454938,-1.9747894,0.39137763,9.032263,-3.6238642,-18.562817,-2.598691,9.987825,-25.555325,54.911697,19.027588,7.0119896,0.46873164,-5.350941,-6.8401146,10.885999,59.66224,-18.467852,-3.5604227,-4.8739276,2.298499,1.6171323,11.897445,7.5763764,-7.389712,-1.7008214,4.3328986,-0.5867695,-24.15009,5.8067446,-11.101397,2.9235494
1046,-6.608641147613525,488.7496337890625,105.66045379638672,0.40840099188710516,-1.5385667667853713,91.83106682936197,-2.0130517,0.3925336,9.024969,-3.5606494,-18.506443,-2.5925906,9.998324,-25.564362,54.923416,19.097511,7.016497,0.45649216,-5.314772,-6.873377,10.826943,59.643913,-18.395395,-3.5735097,-4.8922772,2.2868385,1.6120161,11.861203,7.5743513,-7.3864813,-1.7022387,4.3383136,-0.5890329,-24.182993,5.8016715,-11.11081,2.9230716
1047,-6.604701042175293,488.7584228515625,105.65959167480469,0.41214829832004474,-1.5316899054260253,91.86415002489683,-2.0581584,0.39441764,9.015787,-3.4899347,-18.447977,-2.5854418,10.007457,-25.562742,54.940407,19.163397,7.0178294,0.44875237,-5.2923985,-6.8957534,10.7752495,59.64728,-18.322277,-3.585473,-4.9218144,2.2746224,1.6109962,11.8271475,7.580153,-7.388932,-1.7030121,4.340123,-0.58968043,-24.210876,5.8027,-11.120598,2.922753
1048,-6.602447509765625,488.7601318359375,105.65922546386719,0.415076736676457,-1.5303542018047638,91.88886865803435,-2.0991497,0.39879155,9.01313,-3.4334629,-18.409739,-2.5806515,10.017898,-25.559824,54.955814,19.202204,7.0143695,0.4410501,-5.2796164,-6.913778,10.723198,59.654602,-18.271833,-3.5944445,-4.947029,2.2706952,1.609039,11.801935,7.5785255,-7.3862395,-1.702682,4.3386645,-0.5915719,-24.231258,5.807801,-11.125766,2.9214172
1049,-6.601494789123535,488.7637939453125,105.65948486328125,0.4201700550388217,-1.5359007468635526,91.8991390066777,-2.138524,0.4019337,9.014925,-3.384124,-18.398676,-2.5818577,10.025922,-25.557129,54.98578,19.189644,7.0001855,0.43750605,-5.29198,-6.9233074,10.690525,59.686478,-18.239985,-3.5993733,-4.9763503,2.2947571,1.6000096,11.795711,7.543761,-7.3701577,-1.7019083,4.3421335,-0.59843004,-24.241863,5.8167496,-11.131891,2.9225674
1050,-6.597533226013184,488.7641296386719,105.65794372558594,0.43028288040686746,-1.5434023650931086,91.89736399933228,-2.1534047,0.4046516,9.032851,-3.3630526,-18.419432,-2.5820835,10.052046,-25.561325,54.973114,19.148724,6.9902325,0.41643098,-5.2844453,-6.94412,10.598001,59.672455,-18.25453,-3.6024017,-4.977781,2.3176844,1.5870242,11.798607,7.517035,-7.3585277,-1.7017725,4.3574567,-0.60710335,-24.246223,5.811484,-11.133828,2.9249349
1051,-6.595256805419922,488.7550964355469,105.65705108642578,0.4376817477804289,-1.5515520937669094,91.89432254976664,-2.1711512,0.40662888,9.044941,-3.3500857,-18.439161,-2.585582,10.077926,-25.573898,54.972725,19.0963,6.977567,0.40695184,-5.2859464,-6.958001,10.529081,59.675312,-18.26282,-3.6023273,-4.9878354,2.3295147,1.5773872,11.7998295,7.5024486,-7.3477464,-1.7000717,4.364681,-0.6145241,-24.247355,5.8088655,-11.13013,2.925319
1052,-6.595704078674316,488.75006103515625,105.65775299072266,0.43867568566611614,-1.5588021567931405,91.90041814869562,-2.192719,0.41204128,9.05066,-3.3553581,-18.445671,-2.5875626,10.104687,-25.59147,54.972466,19.07005,6.969417,0.4083735,-5.279267,-6.969129,10.470376,59.677307,-18.267183,-3.600622,-4.998479,2.344201,1.573961,11.795621,7.482628,-7.335692,-1.6986244,4.362771,-0.617557,-24.2534,5.8175125,-11.129417,2.9245276
1053,-6.59469747543335,488.7528381347656,105.65778350830078,0.4405010570011829,-1.5582121413435532,91.91645820873168,-2.2078176,0.41193035,9.043928,-3.3985517,-18.437975,-2.5861552,10.14634,-25.632244,54.953457,19.074574,6.97365,0.42213014,-5.2468786,-6.9836717,10.409982,59.65665,-18.270699,-3.5955477,-5.001163,2.3493612,1.5715182,11.783031,7.470045,-7.3296037,-1.6982614,4.365358,-0.6187615,-24.270378,5.8210993,-11.135418,2.9263606
1054,-6.590816974639893,488.76226806640625,105.65693664550781,0.44099418644987576,-1.5537640589062423,91.93542859979777,-2.2406378,0.41215363,9.017111,-3.43588,-18.415167,-2.5867813,10.151464,-25.63745,54.979107,19.13267,6.969779,0.4568072,-5.2352796,-6.9854875,10.403438,59.67715,-18.258701,-3.5857103,-5.0206428,2.340492,1.5750964,11.765926,7.481878,-7.3379383,-1.7005067,4.376013,-0.61352026,-24.292334,5.8120785,-11.141105,2.9282703
