Frame,root_translateX,root_translateY,root_translateZ,root_rotateX,root_rotateY,root_rotateZ,waist_yaw_joint,waist_roll_joint,waist_pitch_joint,head_yaw_joint,head_pitch_joint,left_shoulder_pitch_joint,left_shoulder_roll_joint,left_shoulder_yaw_joint,left_elbow_joint,left_wrist_roll_joint,left_wrist_pitch_joint,left_wrist_yaw_joint,right_shoulder_pitch_joint,right_shoulder_roll_joint,right_shoulder_yaw_joint,right_elbow_joint,right_wrist_roll_joint,right_wrist_pitch_joint,right_wrist_yaw_joint,left_hip_pitch_joint,left_hip_roll_joint,left_hip_yaw_joint,left_knee_joint,left_ankle_pitch_joint,left_ankle_roll_joint,right_hip_pitch_joint,right_hip_roll_joint,right_hip_yaw_joint,right_knee_joint,right_ankle_pitch_joint,right_ankle_roll_joint
0,0.4341026246547699,1.3535568714141846,107.12721252441406,-0.975854511156302,2.5338552880650735,-86.32613207108803,-6.850366,0.0349205,0.5062651,-21.104801,-17.71347,87.15642,69.79395,86.37005,49.525475,-5.0435143,9.21133,6.941458,17.285727,-90.27251,-36.24796,73.75554,-11.222852,1.9166169,-7.1887274,1.1180775,8.712267,18.025858,5.5193696,-6.9710584,-8.176724,0.33053446,-2.7281,-18.630756,5.630334,-8.694991,5.6393523
1,0.4347791075706482,1.3548179864883423,107.12771606445312,-0.9688431553517529,2.540465082413847,-86.32608805046578,-6.7430835,0.13256529,0.33677894,-21.23408,-17.625275,86.29878,70.290054,85.57102,49.81495,-5.165423,9.117094,7.45974,15.49317,-90.438225,-34.35517,73.98079,-10.837396,1.7744743,-7.369058,1.1073501,8.702733,18.024597,5.5214334,-6.9709587,-8.170682,0.3212886,-2.7377043,-18.627455,5.630409,-8.691874,5.6412997
2,0.43521443009376526,1.3560101985931396,107.12797546386719,-0.9610229022582818,2.547917354177284,-86.3254519485001,-6.643342,0.22285843,0.17050064,-21.354935,-17.539736,85.39993,70.75888,84.71473,50.09911,-5.2936883,9.015147,7.997661,13.802532,-90.54709,-32.58037,74.13226,-10.468321,1.6627203,-7.563745,1.0963167,8.692052,18.022936,5.521634,-6.969675,-8.16424,0.31130943,-2.7480698,-18.624409,5.6302752,-8.688596,5.6432877
3,0.43534910678863525,1.356987714767456,107.12926483154297,-0.9545639619771535,2.5551578513325617,-86.32598887919514,-6.5416393,0.30641165,0.0076155323,-21.477682,-17.453781,84.44402,71.20239,83.8135,50.345825,-5.4298253,8.92256,8.552572,12.2160635,-90.61405,-30.921492,74.2407,-10.117533,1.5614117,-7.768109,1.0849057,8.683598,18.021862,5.52317,-6.96884,-8.158956,0.30085942,-2.7567215,-18.620308,5.6310387,-8.685897,5.644656
4,0.4354575276374817,1.3587234020233154,107.12934875488281,-0.9511024249613389,2.5615972044123008,-86.32932549841736,-6.431619,0.3875965,-0.15372565,-21.609713,-17.364048,83.36142,71.62103,82.81087,50.531975,-5.5796723,8.850474,9.1459675,10.727837,-90.63678,-29.371592,74.31062,-9.795732,1.465377,-7.9877844,1.0754937,8.678753,18.023302,5.5239816,-6.967839,-8.155784,0.29082006,-2.7616148,-18.614069,5.630814,-8.682474,5.644967
5,0.4406713545322418,1.3618965148925781,107.1287612915039,-0.9531210898617807,2.5662744129414703,-86.33659785551241,-6.3120337,0.47167566,-0.3182698,-21.753391,-17.268726,82.09939,72.01458,81.67027,50.64562,-5.774199,8.816049,9.827478,9.321587,-90.61513,-27.926836,74.336,-9.502065,1.3802884,-8.234332,1.070095,8.676967,18.028694,5.5227275,-6.967026,-8.152866,0.28126955,-2.7634537,-18.604944,5.6307726,-8.677812,5.64686
6,0.4464136064052582,1.3636081218719482,107.12845611572266,-0.958888293435134,2.569672232892853,-86.3466605591221,-6.1869993,0.5579857,-0.48644444,-21.904129,-17.165264,80.686356,72.3835,80.401855,50.710075,-6.0025907,8.804608,10.5773535,7.9999166,-90.55711,-26.583923,74.32498,-9.231943,1.3055805,-8.503019,1.0674857,8.67975,18.036808,5.5236325,-6.969151,-8.15248,0.2732894,-2.7610474,-18.594091,5.6315365,-8.674749,5.648166
7,0.452739417552948,1.365460991859436,107.12664031982422,-0.9643114461842807,2.5740266210764506,-86.35801334020093,-6.057793,0.640462,-0.6542726,-22.05792,-17.060503,79.17001,72.72865,79.01352,50.75565,-6.208869,8.779974,11.314364,6.78468,-90.467316,-25.336273,74.297844,-8.992001,1.2290562,-8.776807,1.0646623,8.6814995,18.045885,5.523136,-6.970634,-8.151911,0.26480666,-2.7593856,-18.582115,5.6310635,-8.6709385,5.649913
8,0.45564141869544983,1.367668628692627,107.12684631347656,-0.9673759688282898,2.580525079310573,-86.36864936902676,-5.9269447,0.7149667,-0.81614316,-22.210075,-16.958931,77.59964,73.05157,77.51634,50.812298,-6.3357882,8.708232,11.956714,5.6962957,-90.34865,-24.177322,74.27297,-8.789743,1.1397246,-9.039392,1.0581242,8.6824465,18.053303,5.5225234,-6.970295,-8.1515,0.25223964,-2.7585607,-18.569384,5.6318564,-8.667132,5.6497
9,0.4566163718700409,1.3667027950286865,107.12701416015625,-0.965557362539398,2.591169831245442,-86.37892357875178,-5.792694,0.778533,-0.9752501,-22.359549,-16.857964,75.99341,73.35292,75.916534,50.886654,-6.3642054,8.56245,12.474968,4.730639,-90.20045,-23.103287,74.259384,-8.626403,1.0258926,-9.290984,1.0477073,8.678631,18.059555,5.522574,-6.9710584,-8.149947,0.23671453,-2.7624247,-18.55622,5.632415,-8.664362,5.6497517
10,0.4580773413181305,1.3623852729797363,107.12755584716797,-0.9606989093633967,2.604683721207742,-86.38971203323152,-5.6550694,0.83235484,-1.1337918,-22.508284,-16.753946,74.33327,73.63168,74.217316,50.96577,-6.326021,8.369247,12.912941,3.874331,-90.02233,-22.11231,74.24869,-8.498363,0.8961181,-9.539844,1.0363137,8.670396,18.066261,5.523121,-6.974474,-8.146984,0.22051993,-2.7701712,-18.54262,5.632055,-8.662573,5.6512794
11,0.4620547294616699,1.3603882789611816,107.12779998779297,-0.9551895273140276,2.618156759214459,-86.39990879662459,-5.5178533,0.8795644,-1.2838821,-22.657352,-16.655794,72.60653,73.886635,72.41766,51.04927,-6.239661,8.175232,13.29805,3.135112,-89.81347,-21.200167,74.23264,-8.403213,0.76937765,-9.779748,1.0228863,8.65996,18.07168,5.5229826,-6.975869,-8.141778,0.2034773,-2.780416,-18.52904,5.6312113,-8.6587925,5.6543465
12,0.4645620882511139,1.3581337928771973,107.12803649902344,-0.9513731326653386,2.628651307940425,-86.40885394594486,-5.385003,0.9219295,-1.4179503,-22.807592,-16.569292,70.802315,74.11649,70.51831,51.13681,-6.1236773,8.026883,13.658068,2.520473,-89.574554,-20.363214,74.20149,-8.339575,0.6655886,-10.005237,1.0134258,8.652527,18.077269,5.523122,-6.977885,-8.13849,0.1901343,-2.787588,-18.516977,5.630964,-8.656352,5.656436
13,0.46620267629623413,1.3568894863128662,107.12803649902344,-0.9499401872832947,2.6344623570151118,-86.41595618800227,-5.258109,0.9616381,-1.5318412,-22.959702,-16.49681,68.90471,74.319084,68.512886,51.230515,-5.9556546,7.938916,13.9897375,2.0374854,-89.30379,-19.597683,74.14302,-8.31338,0.5971052,-10.21887,1.0089562,8.648847,18.08289,5.5223927,-6.9785886,-8.137088,0.18226662,-2.7910326,-18.506954,5.63049,-8.654201,5.6576734
14,0.46937060356140137,1.3621647357940674,107.1284408569336,-0.9494841689030064,2.63774816149558,-86.42199318357308,-5.1354194,0.996824,-1.6305352,-23.112432,-16.434547,66.92409,74.49165,66.40303,51.33073,-5.7358937,7.8861923,14.283328,1.6762925,-88.9997,-18.902643,74.06207,-8.3236475,0.5532575,-10.423629,1.0029445,8.645239,18.086739,5.5223866,-6.9766665,-8.133919,0.17268248,-2.7948363,-18.496502,5.631213,-8.648683,5.65902
15,0.47498974204063416,1.364121675491333,107.12759399414062,-0.9497247114964507,2.6400665163897514,-86.42706248652706,-5.0157495,1.0263858,-1.7182573,-23.264843,-16.381401,64.89053,74.63155,64.20463,51.433113,-5.5172806,7.8554454,14.555274,1.4196341,-88.66279,-18.2787,73.97668,-8.357158,0.5178104,-10.61337,0.99946475,8.641479,18.090488,5.5235443,-6.9775834,-8.130453,0.16690646,-2.7991452,-18.488111,5.631859,-8.645118,5.6623864
16,0.4795019030570984,1.3666199445724487,107.12754821777344,-0.9491185378596485,2.6443596165249006,-86.43179846847345,-4.8973637,1.0472108,-1.8000131,-23.415789,-16.338179,62.842716,74.73637,61.94271,51.53054,-5.3522134,7.8337674,14.820442,1.2497749,-88.294624,-17.72674,73.90472,-8.400851,0.47385064,-10.780982,0.9939742,8.636942,18.093073,5.522988,-6.977036,-8.126956,0.15877588,-2.8036964,-18.480145,5.6322474,-8.641337,5.6649632
17,0.485964298248291,1.3653395175933838,107.12767791748047,-0.9485072014360141,2.6513207649032147,-86.43571346451257,-4.779348,1.0580251,-1.874197,-23.568146,-16.30426,60.807777,74.80304,59.63536,51.61115,-5.256488,7.825435,15.070949,1.1673924,-87.894226,-17.244177,73.84968,-8.462648,0.43130928,-10.922246,0.9864816,8.631689,18.093397,5.52395,-6.9793906,-8.122759,0.14968309,-2.8093727,-18.47395,5.632876,-8.639264,5.668989
18,0.4866997301578522,1.367787480354309,107.12659454345703,-0.9475900648291231,2.660024198761112,-86.4388759377021,-4.663435,1.0591303,-1.9379177,-23.720552,-16.28265,58.786034,74.82775,57.294292,51.674393,-5.2011914,7.836404,15.300823,1.1746453,-87.45932,-16.827932,73.79843,-8.546288,0.39555663,-11.04192,0.9751169,8.62934,18.091091,5.522954,-6.977292,-8.120918,0.13619454,-2.8115518,-18.467688,5.6330857,-8.63574,5.6685276
19,0.48884129524230957,1.3662227392196655,107.12733459472656,-0.9469438617447429,2.667743655353298,-86.44152928373524,-4.553228,1.0542077,-1.9912583,-23.866085,-16.270323,56.77646,74.80746,54.936302,51.729816,-5.1704397,7.8560677,15.527874,1.2567184,-86.99012,-16.478489,73.74607,-8.632509,0.34187654,-11.146786,0.96603674,8.627005,18.089651,5.524665,-6.9790754,-8.119227,0.12580757,-2.8143299,-18.462969,5.634544,-8.635037,5.6695104
20,0.4912364184856415,1.3670157194137573,107.12776184082031,-0.9456146032255301,2.6726510285297262,-86.44454205658043,-4.451494,1.0449436,-2.03525,-23.998005,-16.266312,54.78042,74.73982,52.58078,51.787342,-5.1483335,7.8741584,15.769494,1.399924,-86.48944,-16.19758,73.68787,-8.702092,0.24514474,-11.242856,0.95983243,8.623332,18.091105,5.5243063,-6.9785523,-8.11716,0.118356846,-2.818058,-18.458391,5.6350217,-8.633202,5.6708207
21,0.4954032003879547,1.3676615953445435,107.12723541259766,-0.9438690811717168,2.6730587687558085,-86.44762741589783,-4.359128,1.0320922,-2.0668557,-24.112522,-16.272692,52.81179,74.62232,50.240498,51.85375,-5.141012,7.8766556,16.031803,1.6125469,-85.96071,-15.984889,73.63865,-8.745136,0.060641963,-11.318276,0.96105677,8.617471,18.098179,5.5224214,-6.978764,-8.114622,0.11762579,-2.8232605,-18.454865,5.633674,-8.630875,5.6738567
22,0.49755772948265076,1.3700034618377686,107.1279525756836,-0.9418816931139188,2.670468976557273,-86.4506169703273,-4.2741127,1.0163525,-2.0850554,-24.214176,-16.29163,50.88499,74.45271,47.92441,51.917324,-5.15109,7.8733883,16.305136,1.8961257,-85.40415,-15.838735,73.59243,-8.773405,-0.18543284,-11.372397,0.96230274,8.613243,18.106941,5.5254307,-6.9802437,-8.113273,0.11732391,-2.8281407,-18.450968,5.6364317,-8.630376,5.675599
23,0.5012099742889404,1.3741856813430786,107.12873077392578,-0.9403657478989648,2.6668421853877318,-86.4533775928482,-4.1957903,1.0001122,-2.09318,-24.308895,-16.320389,49.0037,74.231026,45.64868,51.96283,-5.157769,7.889768,16.583323,2.2263293,-84.818794,-15.758287,73.51568,-8.800552,-0.4119543,-11.429211,0.96523035,8.608242,18.11586,5.5242577,-6.9784784,-8.110826,0.11853907,-2.8330278,-18.447918,5.6361656,-8.626979,5.6779537
24,0.5002328157424927,1.3765313625335693,107.1288833618164,-0.9404700888264991,2.6640932610526904,-86.45583400502362,-4.1235566,0.9853496,-2.094341,-24.402412,-16.357426,47.17309,73.95862,43.430557,51.975235,-5.1408134,7.951372,16.85922,2.5770798,-84.201454,-15.740366,73.37604,-8.839688,-0.5382844,-11.512986,0.96692526,8.608769,18.1216,5.5261936,-6.978922,-8.1116,0.11902518,-2.8328066,-18.445553,5.6380153,-8.626983,5.6769953
25,0.5017085671424866,1.3814005851745605,107.12921905517578,-0.9427447599914512,2.6620695951038926,-86.45842345729899,-4.0572476,0.973447,-2.087314,-24.496752,-16.402771,45.401577,73.63658,41.280052,51.94749,-5.087819,8.078938,17.121897,2.9335337,-83.546906,-15.778102,73.16208,-8.889588,-0.52064824,-11.632091,0.9669235,8.610281,18.122723,5.526251,-6.977768,-8.110426,0.11775686,-2.8313308,-18.443735,5.637882,-8.623722,5.6764975
26,0.5052337646484375,1.3839069604873657,107.12867736816406,-0.9468548653765717,2.659865999290995,-86.46111130228493,-3.9972208,0.961876,-2.0709033,-24.588728,-16.455847,43.703224,73.26671,39.206482,51.887287,-5.0106463,8.254687,17.377161,3.301394,-82.85494,-15.864511,72.890205,-8.945616,-0.4084445,-11.774731,0.96912545,8.612959,18.122211,5.526143,-6.97883,-8.108836,0.118346214,-2.8288941,-18.443226,5.637834,-8.621692,5.677258
27,0.5090354681015015,1.3899096250534058,107.12777709960938,-0.9511149697250046,2.658768382085544,-86.46285374860965,-3.9434924,0.94795656,-2.0489697,-24.676353,-16.515669,42.08827,72.85211,37.22291,51.802517,-4.9263387,8.446914,17.642881,3.6861842,-82.13014,-15.996009,72.571304,-9.014197,-0.262294,-11.933011,0.96634334,8.615934,18.118868,5.5274367,-6.978244,-8.106087,0.11532468,-2.8265183,-18.442595,5.637504,-8.617096,5.6775684
28,0.5079350471496582,1.3926596641540527,107.12744140625,-0.9540976448529158,2.6595629673967216,-86.46315549362407,-3.8958623,0.92867845,-2.0248594,-24.757818,-16.583752,40.566814,72.39648,35.34175,51.701073,-4.8518653,8.623802,17.936539,4.096105,-81.38047,-16.171925,72.21689,-9.101472,-0.14352904,-12.097649,0.96219677,8.620685,18.116255,5.528938,-6.9773912,-8.106399,0.11146593,-2.8223376,-18.442581,5.638646,-8.61601,5.6754966
29,0.5111809968948364,1.396177053451538,107.1282730102539,-0.9536156030433184,2.6634621320541108,-86.46183513730743,-3.8537376,0.903013,-1.9997845,-24.83252,-16.660759,39.14199,71.90156,33.56574,51.583282,-4.7862206,8.7787695,18.267447,4.5273433,-80.61145,-16.39257,71.83525,-9.216741,-0.07708405,-12.258121,0.9540635,8.617669,18.114956,5.5295424,-6.9763827,-8.102116,0.104991555,-2.8251019,-18.442833,5.6381087,-8.612849,5.6773047
30,0.5072075128555298,1.4002522230148315,107.12919616699219,-0.9517261954609916,2.6690719940283882,-86.45917597596409,-3.816651,0.8748118,-1.9700034,-24.902111,-16.749071,37.809525,71.36808,31.890121,51.444862,-4.7217493,8.92796,18.623686,4.9738846,-79.82388,-16.65411,71.42001,-9.352405,-0.029234238,-12.417915,0.94256073,8.617571,18.113707,5.529433,-6.9720163,-8.101226,0.09571117,-2.8247266,-18.443115,5.637003,-8.6097355,5.674735
31,0.5102760791778564,1.4057502746582031,107.13064575195312,-0.9504885611563693,2.675757941018261,-86.45522960741084,-3.7833612,0.84711355,-1.9344648,-24.969303,-16.84429,36.564022,70.79876,30.312883,51.285538,-4.665591,9.074055,18.990686,5.440501,-79.01835,-16.949282,70.96259,-9.489436,0.026610166,-12.589156,0.92760295,8.614135,18.109821,5.531167,-6.9687424,-8.096121,0.08389615,-2.828473,-18.443634,5.637399,-8.605189,5.676266
32,0.5107612609863281,1.407791256904602,107.13182830810547,-0.9514348492459553,2.682906411582249,-86.45067515937183,-3.7520478,0.821506,-1.8919617,-25.037022,-16.945087,35.400146,70.19752,28.83176,51.10539,-4.62546,9.219443,19.35341,5.929895,-78.194916,-17.268509,70.45471,-9.608731,0.11679327,-12.784199,0.91422856,8.615507,18.103342,5.533044,-6.9663563,-8.094915,0.073861845,-2.8275156,-18.44508,5.637829,-8.603183,5.6757817
33,0.5113008618354797,1.4087034463882446,107.13197326660156,-0.9563581938893219,2.690508938529191,-86.44492613514183,-3.7225382,0.79915154,-1.843192,-25.104074,-17.04744,34.308228,69.56783,27.440125,50.90945,-4.6171308,9.3687935,19.713688,6.431154,-77.35228,-17.601635,69.89743,-9.700488,0.25679076,-13.016855,0.9027184,8.621857,18.092361,5.531495,-6.9617534,-8.09657,0.06550979,-2.820974,-18.447529,5.636423,-8.601165,5.673922
34,0.5119970440864563,1.4131098985671997,107.13185119628906,-0.9639586524472121,2.6988439691817803,-86.43799372532,-3.695051,0.77785283,-1.789382,-25.170252,-17.152235,33.284225,68.9124,26.13053,50.700005,-4.632037,9.518258,20.077135,6.93262,-76.49105,-17.941095,69.29761,-9.7766695,0.42879334,-13.27789,0.88701683,8.63195,18.076065,5.5308924,-6.954478,-8.099131,0.05264292,-2.8116863,-18.449217,5.6376534,-8.598012,5.6705527
35,0.5132687091827393,1.4195555448532104,107.13079833984375,-0.9719977562727617,2.7073966238332376,-86.43050389298128,-3.6688774,0.7581449,-1.7301961,-25.239233,-17.264654,32.328243,68.23345,24.896587,50.47451,-4.640928,9.6571455,20.434067,7.4358935,-75.612656,-18.279922,68.657394,-9.849191,0.60792136,-13.54338,0.8688289,8.642524,18.05795,5.531761,-6.9469204,-8.101195,0.038000256,-2.802334,-18.451082,5.639285,-8.593723,5.6670856
36,0.5141212940216064,1.420379877090454,107.12946319580078,-0.9778035021767977,2.7163971201421315,-86.42346890674649,-3.643461,0.7378918,-1.6657281,-25.314468,-17.385824,31.44469,67.53384,23.736431,50.228546,-4.6139274,9.775812,20.77443,7.9451017,-74.721825,-18.615223,67.97711,-9.931514,0.7701375,-13.789539,0.8538067,8.65049,18.043545,5.532876,-6.9435754,-8.103321,0.027176388,-2.7951908,-18.454748,5.640266,-8.593057,5.6651993
37,0.5195810198783875,1.423662543296814,107.12998962402344,-0.9807277108168626,2.725996372085436,-86.41692775517805,-3.6196146,0.71837574,-1.5970423,-25.40143,-17.517418,30.632202,66.81527,22.646908,49.96437,-4.5352383,9.860496,21.077621,8.455272,-73.821434,-18.944866,67.263756,-10.023933,0.8994204,-14.000724,0.8376032,8.650852,18.03215,5.532171,-6.940491,-8.0999975,0.014090353,-2.7950542,-18.45916,5.640549,-8.589459,5.6672316
38,0.519800066947937,1.4296159744262695,107.12956237792969,-0.9817717987600006,2.7363919899356213,-86.41045492657116,-3.5970843,0.69976306,-1.5243268,-25.496664,-17.659056,29.881752,66.078865,21.621393,49.685112,-4.4231234,9.919769,21.354372,8.960368,-72.912445,-19.264236,66.5188,-10.1201315,1.0100149,-14.19156,0.8180656,8.65219,18.021244,5.5316153,-6.9352117,-8.098243,-0.0010438275,-2.7937016,-18.463976,5.6391673,-8.584416,5.666252
39,0.5190680027008057,1.4310243129730225,107.12992095947266,-0.9822781535346133,2.746259024527609,-86.40409129613953,-3.5736597,0.68304515,-1.4449635,-25.591497,-17.806856,29.179646,65.32506,20.647602,49.38844,-4.2995205,9.977364,21.64069,9.462045,-71.99383,-19.564428,65.73674,-10.221609,1.1225091,-14.382463,0.8024784,8.653403,18.012325,5.5308247,-6.932628,-8.097534,-0.013555049,-2.7923589,-18.469357,5.639582,-8.583292,5.665463
40,0.5188594460487366,1.4304078817367554,107.13075256347656,-0.9808197292179184,2.755740775960301,-86.39861547919904,-3.5460932,0.66569644,-1.3586918,-25.676847,-17.962353,28.511654,64.55454,19.71141,49.07375,-4.187185,10.05667,21.973219,9.961608,-71.06444,-19.835453,64.91185,-10.330218,1.257865,-14.594664,0.78808343,8.652081,18.003736,5.5315533,-6.931808,-8.096338,-0.023698892,-2.79372,-18.47336,5.639814,-8.5834465,5.665798
41,0.5194481611251831,1.4315662384033203,107.13191223144531,-0.9773141483961882,2.7645318492563264,-86.3933703709819,-3.5136175,0.6464313,-1.2639692,-25.749506,-18.124651,27.872313,63.768837,18.798834,48.733,-4.102586,10.176795,22.388401,10.4627905,-70.12484,-20.069656,64.036385,-10.455069,1.4310765,-14.832457,0.77435106,8.647269,17.99421,5.5310616,-6.9294367,-8.093327,-0.03489567,-2.7983663,-18.474728,5.6401505,-8.581491,5.666599
42,0.5195702910423279,1.4331409931182861,107.13262939453125,-0.9709572487066627,2.773297818387471,-86.38888756108206,-3.47658,0.626023,-1.164488,-25.815405,-18.29308,27.253523,62.969715,17.902456,48.379032,-4.031288,10.318642,22.8586,10.956264,-69.17568,-20.263466,63.122932,-10.591856,1.6263134,-15.086597,0.75954866,8.639509,17.98435,5.531184,-6.9263225,-8.089512,-0.046012852,-2.8063421,-18.474205,5.6404324,-8.579358,5.667793
43,0.5181764364242554,1.4386920928955078,107.13333129882812,-0.966109045072594,2.7808238318476426,-86.38456576466966,-3.4370801,0.60936826,-1.0645809,-25.878525,-18.459862,26.642815,62.159016,17.024542,48.040737,-3.9485586,10.449518,23.32459,11.426498,-68.21848,-20.417093,62.195793,-10.723826,1.8189006,-15.35834,0.7452333,8.63399,17.974485,5.5299926,-6.9207172,-8.086288,-0.059169386,-2.8117392,-18.472555,5.6411257,-8.574934,5.6668606
44,0.5173088312149048,1.4406862258911133,107.13310241699219,-0.9647556582171989,2.786563049755874,-86.38101489267322,-3.396993,0.59823424,-0.9694325,-25.94223,-18.618027,26.034412,61.33849,16.174326,47.743202,-3.829639,10.538043,23.726372,11.8600645,-67.25652,-20.534298,61.27798,-10.834935,1.984325,-15.648864,0.7350467,8.633075,17.966888,5.5305166,-6.9183006,-8.085419,-0.066956304,-2.8127785,-18.472656,5.6409206,-8.573111,5.6660304
45,0.518744945526123,1.4429409503936768,107.13201904296875,-0.9698414830930046,2.7891792935750592,-86.37850841168492,-3.3568106,0.59749067,-0.8824394,-26.004938,-18.760101,25.418365,60.506226,15.358204,47.503845,-3.6646786,10.562751,24.036726,12.251536,-66.28973,-20.615019,60.38102,-10.904786,2.1074955,-15.972545,0.73029065,8.638633,17.962214,5.5294404,-6.915939,-8.086356,-0.070739724,-2.8071718,-18.474186,5.640345,-8.571778,5.66498
46,0.5237221121788025,1.4428796768188477,107.13072204589844,-0.9797925305353887,2.789218951508521,-86.37660210627297,-3.3170214,0.6039976,-0.8001479,-26.064201,-18.89267,24.807184,59.661324,14.576601,47.30207,-3.4679708,10.54592,24.291065,12.609112,-65.319046,-20.658504,59.49302,-10.947755,2.203582,-16.324774,0.7305633,8.648315,17.959774,5.528818,-6.916055,-8.088013,-0.07004438,-2.79778,-18.477133,5.6403737,-8.572375,5.6652765
47,0.5282206535339355,1.4426110982894897,107.13014221191406,-0.9894386971677391,2.7891800320273905,-86.37473629891169,-3.279021,0.6115009,-0.71700066,-26.122774,-19.02543,24.224726,58.806423,13.824834,47.106464,-3.2511907,10.521327,24.522738,12.937761,-64.34574,-20.663342,58.606136,-10.996283,2.2912269,-16.676222,0.7309068,8.657951,17.957468,5.528522,-6.9163895,-8.089806,-0.0689919,-2.7884781,-18.480312,5.6401644,-8.572992,5.6654997
48,0.5290807485580444,1.4372507333755493,107.12937927246094,-0.99534004590168,2.7907379436444986,-86.37142493443717,-3.2437723,0.61514336,-0.6265784,-26.184406,-19.16827,23.68981,57.946747,13.092711,46.889133,-3.0265775,10.521622,24.764025,13.241187,-63.370396,-20.625875,57.71429,-11.082146,2.3888917,-16.99779,0.73281837,8.665106,17.954893,5.5271153,-6.9182887,-8.09278,-0.066172466,-2.7809942,-18.485003,5.6392508,-8.576357,5.665222
49,0.5290663838386536,1.4339725971221924,107.1292495727539,-0.9956342603505524,2.7950660946421735,-86.36576246296363,-3.2080257,0.6093665,-0.529949,-26.25656,-19.321518,23.188929,57.085327,12.373359,46.65549,-2.7923298,10.558309,25.025105,13.531435,-62.39243,-20.543129,56.81412,-11.196356,2.4996688,-17.28401,0.72712106,8.6663065,17.947645,5.52783,-6.918822,-8.092587,-0.068878256,-2.780272,-18.489788,5.6402955,-8.578533,5.6657033
50,0.5280752778053284,1.4321578741073608,107.13111114501953,-0.9922293963102544,2.8010493220008996,-86.35856846716142,-3.1714156,0.5975682,-0.43096527,-26.33604,-19.480698,22.708738,56.22309,11.662382,46.42204,-2.5460346,10.61239,25.28741,13.803503,-61.411278,-20.416262,55.914623,-11.3267975,2.6132293,-17.550688,0.7176614,8.663412,17.937912,5.5281577,-6.9175887,-8.090497,-0.073888965,-2.7832823,-18.495125,5.640619,-8.579135,5.6663404
51,0.5229663848876953,1.4353116750717163,107.13119506835938,-0.9882690584842834,2.8068760650563167,-86.35181428694956,-3.1394653,0.58621377,-0.3290845,-26.410591,-19.640688,22.270586,55.36438,10.9532175,46.176018,-2.299731,10.671916,25.540897,14.039717,-60.430977,-20.253397,55.026844,-11.502384,2.7288213,-17.799711,0.70530564,8.662272,17.927431,5.5283957,-6.9128404,-8.089652,-0.08230678,-2.784539,-18.498749,5.6408315,-8.577217,5.6637373
52,0.5183352828025818,1.437658667564392,107.13176727294922,-0.9862188422431398,2.8108285641596216,-86.34732882744608,-3.1177716,0.5823142,-0.22372387,-26.467743,-19.79959,21.891268,54.51522,10.2352705,45.907494,-2.0656528,10.724443,25.774725,14.222818,-59.456917,-20.062065,54.162876,-11.750299,2.8452826,-18.03122,0.6972372,8.662913,17.92038,5.527684,-6.908869,-8.089996,-0.08766626,-2.783551,-18.5011,5.640078,-8.575841,5.6609316
53,0.5156968832015991,1.4436217546463013,107.1314697265625,-0.987457487000869,2.8118985703644963,-86.34590766141513,-3.1053615,0.5889695,-0.11248268,-26.505493,-19.95924,21.568554,53.67918,9.489227,45.621075,-1.8601443,10.766963,25.996843,14.348603,-58.493183,-19.84349,53.32574,-12.113848,2.9645095,-18.22555,0.69177693,8.666083,17.916416,5.526661,-6.903967,-8.0905075,-0.093236156,-2.7803051,-18.500257,5.640079,-8.572588,5.657802
54,0.5169761180877686,1.4443178176879883,107.13125610351562,-0.9895021234632599,2.8114101215598266,-86.34701689728143,-3.0979753,0.60171115,0.00073886977,-26.531961,-20.117887,21.278074,52.857716,8.705649,45.332363,-1.675567,10.80364,26.209576,14.431157,-57.540337,-19.596216,52.51484,-12.563442,3.0853574,-18.387241,0.69142574,8.66812,17.916332,5.5281525,-6.904899,-8.090696,-0.09322272,-2.778509,-18.498674,5.64035,-8.572933,5.657829
55,0.5191165804862976,1.4496080875396729,107.13121795654297,-0.9930875034212049,2.8099474810410054,-86.34834924527756,-3.0973368,0.61921626,0.10847804,-26.550537,-20.268812,21.009083,52.05327,7.8930883,45.044575,-1.488339,10.832627,26.392914,14.479778,-56.59624,-19.323246,51.737206,-13.016706,3.201385,-18.55403,0.69054794,8.671043,17.91638,5.5273213,-6.9023,-8.090015,-0.09554651,-2.775685,-18.49617,5.6405663,-8.570016,5.6572695
56,0.5189116597175598,1.4519871473312378,107.13079071044922,-0.9973659767721799,2.808395706131591,-86.34832945603554,-3.105444,0.6368567,0.20481059,-26.563927,-20.405062,20.761442,51.26857,7.071495,44.751472,-1.2744095,10.854389,26.525455,14.503986,-55.657875,-19.030952,50.996304,-13.393372,3.3070474,-18.763874,0.69076616,8.676797,17.916325,5.527869,-6.9015145,-8.091501,-0.09598089,-2.7703083,-18.495745,5.6412606,-8.569465,5.6555715
57,0.5195375084877014,1.454155683517456,107.13069152832031,-1.0034587722795703,2.806631680947358,-86.3458287101433,-3.125724,0.6530259,0.288423,-26.57161,-20.521587,20.543692,50.50454,6.2532096,44.44195,-1.0078229,10.875567,26.575193,14.502016,-54.719124,-18.716427,50.289623,-13.6770525,3.411753,-19.049168,0.6905676,8.684636,17.915007,5.528352,-6.9004846,-8.092935,-0.09441044,-2.762641,-18.49877,5.640928,-8.56909,5.6541
58,0.5113340020179749,1.449511170387268,107.13074493408203,-1.0112219432940415,2.8042565391264103,-86.34200467349925,-3.1576273,0.66675717,0.3639637,-26.571024,-20.623718,20.366129,49.761223,5.438205,44.110104,-0.7076695,10.896084,26.561008,14.472216,-53.778603,-18.382929,49.61177,-13.911626,3.5161006,-19.383932,0.6953938,8.700607,17.91528,5.528638,-6.9013076,-8.101788,-0.08809293,-2.7465968,-18.504671,5.6413755,-8.575045,5.647572
59,0.5072333216667175,1.4485632181167603,107.13053894042969,-1.0183087215600701,2.8021598806404953,-86.3387076952005,-3.1970253,0.6791782,0.43591225,-26.561693,-20.72194,20.220455,49.03806,4.621242,43.765007,-0.41773468,10.905662,26.537119,14.423801,-52.838924,-18.043335,48.96226,-14.103657,3.6000447,-19.71761,0.6971585,8.7131195,17.914865,5.5293136,-6.900798,-8.107069,-0.08390982,-2.7342818,-18.5094,5.6407533,-8.577253,5.6433396
60,0.5081238746643066,1.4524798393249512,107.13094329833984,-1.022719494247219,2.800657116354289,-86.33775820854254,-3.238769,0.6931866,0.5087955,-26.544037,-20.831322,20.091476,48.33429,3.7911355,43.420597,-0.18166496,10.893038,26.557476,14.370965,-51.90471,-17.714548,48.338486,-14.258584,3.64315,-19.998121,0.6955856,8.718521,17.914532,5.530166,-6.89884,-8.107109,-0.08442148,-2.7291918,-18.509975,5.641082,-8.57554,5.642055
61,0.5049993395805359,1.4598925113677979,107.131103515625,-1.0224383917291846,2.800500484562413,-86.33994470313162,-3.2835705,0.71028286,0.58180237,-26.518442,-20.954544,19.980206,47.649082,2.9354732,43.076412,-0.017138543,10.849177,26.641912,14.3167925,-50.97682,-17.413574,47.743465,-14.356778,3.614784,-20.214071,0.69178414,8.719713,17.914988,5.5291977,-6.8931623,-8.106796,-0.08929196,-2.727508,-18.50518,5.63961,-8.570064,5.6384363
62,0.5022008419036865,1.4635295867919922,107.13123321533203,-1.0190145613364592,2.8010888053294023,-86.34424143812527,-3.329554,0.73075825,0.6537509,-26.488363,-21.086939,19.877388,46.982502,2.0492237,42.734627,0.10149443,10.7805,26.760418,14.270255,-50.05423,-17.143684,47.167786,-14.401856,3.534779,-20.38979,0.6885894,8.717039,17.916876,5.531213,-6.8912706,-8.10578,-0.09505319,-2.7307065,-18.497452,5.6418514,-8.5678425,5.636286
63,0.5009675025939941,1.4633287191390991,107.13127899169922,-1.0158957751602096,2.801450908123575,-86.3494813108575,-3.3673625,0.7558645,0.7271811,-26.459913,-21.22441,19.753408,46.33493,1.1314015,42.414577,0.19394423,10.698339,26.892168,14.247549,-49.139194,-16.893322,46.59714,-14.432973,3.4572337,-20.527496,0.68832237,8.713963,17.920929,5.5326567,-6.891228,-8.104977,-0.09761036,-2.7343497,-18.489946,5.6435175,-8.567622,5.6357102
64,0.500974178314209,1.4646494388580322,107.13128662109375,-1.015211272476747,2.8003870126911075,-86.35457022946714,-3.388059,0.78541815,0.80354613,-26.438803,-21.36215,19.59158,45.706154,0.1867236,42.127693,0.27763525,10.614381,27.018759,14.260366,-48.237335,-16.645205,46.022575,-14.487674,3.435135,-20.630066,0.6903838,8.712648,17.926634,5.53247,-6.890929,-8.104416,-0.0976718,-2.735323,-18.48423,5.642057,-8.56538,5.635315
65,0.5004609227180481,1.4675164222717285,107.13066101074219,-1.0194793731662253,2.797112014630828,-86.35960628019222,-3.391949,0.82240593,0.8839425,-26.419281,-21.500969,19.389208,45.094936,-0.7845537,41.879475,0.34213984,10.527411,27.153463,14.306251,-47.354885,-16.38608,45.43678,-14.566457,3.4977407,-20.678522,0.6930308,8.718565,17.934149,5.534585,-6.8915143,-8.106597,-0.09724931,-2.7301102,-18.479944,5.643616,-8.565228,5.63332
66,0.5014724135398865,1.4692494869232178,107.12975311279297,-1.0270323789780902,2.792083577489239,-86.36496286022684,-3.38544,0.8670342,0.9655603,-26.3984,-21.641771,19.160671,44.499615,-1.7825453,41.663094,0.3807592,10.431787,27.300953,14.368265,-46.493595,-16.112001,44.857697,-14.647374,3.6097121,-20.678988,0.7000557,8.727402,17.94472,5.5348296,-6.892904,-8.109853,-0.09361191,-2.7215693,-18.477077,5.6439805,-8.565364,5.6317554
67,0.5022521615028381,1.4723929166793823,107.12966918945312,-1.0343323464974044,2.7868776492031393,-86.3698231465174,-3.3711436,0.91335577,1.0442024,-26.383295,-21.775942,18.908934,43.920055,-2.7998238,41.47433,0.41903424,10.334756,27.427383,14.432641,-45.653286,-15.81952,44.313107,-14.737319,3.7285988,-20.670864,0.7060262,8.735975,17.954182,5.5352173,-6.893466,-8.112733,-0.090305306,-2.7132099,-18.474777,5.644272,-8.564917,5.6300254
68,0.49851328134536743,1.4768366813659668,107.12954711914062,-1.0384315972780782,2.7820795449559155,-86.3726660102887,-3.352482,0.95721763,1.1167943,-26.38052,-21.898012,18.640665,43.356163,-3.8271196,41.30652,0.48147774,10.242971,27.498686,14.485239,-44.82976,-15.50213,43.831463,-14.841485,3.8112786,-20.695095,0.70979226,8.743412,17.959452,5.535323,-6.8914495,-8.116266,-0.088457756,-2.7059143,-18.473282,5.644977,-8.56421,5.626034
69,0.49990662932395935,1.4765896797180176,107.13037109375,-1.038606160356082,2.779189533175571,-86.37238045515056,-3.3320084,0.9960471,1.18199,-26.393183,-22.002539,18.36769,42.808735,-4.8580284,41.145725,0.5767358,10.16321,27.502565,14.519139,-44.020298,-15.156638,43.427288,-14.961498,3.842984,-20.769867,0.7130523,8.742776,17.95955,5.5360684,-6.8925295,-8.115098,-0.08517679,-2.706856,-18.47461,5.645735,-8.564585,5.6272993
70,0.5046897530555725,1.4828335046768188,107.13093566894531,-1.0362613340145737,2.7775510426922074,-86.36991333409031,-3.3099468,1.0311708,1.2421501,-26.414557,-22.094654,18.090408,42.277504,-5.8909135,40.993412,0.691101,10.091625,27.45708,14.539402,-43.224506,-14.782851,43.083458,-15.094967,3.848381,-20.872353,0.7112592,8.73606,17.95428,5.534468,-6.8890786,-8.108762,-0.085934594,-2.713149,-18.476461,5.644599,-8.559219,5.630514
71,0.503731906414032,1.481236457824707,107.13128662109375,-1.0328926946843084,2.7742133183113733,-86.36729149073834,-3.28503,1.0632412,1.3010415,-26.43842,-22.178736,17.797007,41.76105,-6.922081,40.864986,0.81639844,10.020357,27.374744,14.550095,-42.443962,-14.385751,42.78016,-15.245451,3.8446536,-20.980604,0.7159286,8.732246,17.95094,5.534854,-6.8903904,-8.107316,-0.08093824,-2.7169855,-18.4799,5.6461053,-8.561209,5.631641
72,0.5024302005767822,1.4758912324905396,107.13131713867188,-1.0294872917018059,2.7669128680962403,-86.36665204274959,-3.2524724,1.0919269,1.3613812,-26.461573,-22.26067,17.498886,41.256218,-7.9413614,40.75669,0.944688,9.941435,27.275717,14.559702,-41.681267,-13.974749,42.497044,-15.415246,3.8484502,-21.072155,0.72726053,8.729224,17.952396,5.536866,-6.895113,-8.107803,-0.068837464,-2.720576,-18.483612,5.648095,-8.56687,5.6333017
73,0.508931577205658,1.4719198942184448,107.13076782226562,-1.0258364118859955,2.7532419336922307,-86.36959960478455,-3.2128124,1.1172048,1.424783,-26.48095,-22.338305,17.197687,40.75837,-8.942143,40.670784,1.0770932,9.852878,27.16516,14.564488,-40.93642,-13.553769,42.23547,-15.625597,3.864838,-21.132801,0.7485275,8.720129,17.961563,5.5380874,-6.90332,-8.104152,-0.04965773,-2.7300193,-18.486128,5.6484256,-8.57013,5.640261
74,0.5099518895149231,1.4758729934692383,107.13066101074219,-1.0213092997750437,2.735385221855702,-86.37470218898527,-3.1686928,1.1395067,1.4903972,-26.497746,-22.413157,16.895565,40.266026,-9.92323,40.601833,1.2212721,9.75855,27.033916,14.564398,-40.209408,-13.121006,42.000027,-15.86911,3.885842,-21.175966,0.7709601,8.712845,17.973284,5.5376463,-6.90599,-8.102351,-0.030458003,-2.7369795,-18.486336,5.6482935,-8.570474,5.642639
75,0.5062577724456787,1.485260248184204,107.12932586669922,-1.0175585805942533,2.716463003126376,-86.37921632391712,-3.1236608,1.1629839,1.559105,-26.512255,-22.488249,16.575813,39.78218,-10.890446,40.55748,1.3784022,9.659144,26.869984,14.566051,-39.502045,-12.668156,41.77675,-16.1033,3.9084282,-21.221212,0.79074436,8.70957,17.98329,5.537616,-6.904825,-8.102816,-0.0139072,-2.7400277,-18.486147,5.648167,-8.568405,5.6408997
76,0.5053666234016418,1.4888800382614136,107.13003540039062,-1.015749856918023,2.6997957971730053,-86.3805419500499,-3.0669284,1.1865242,1.6262939,-26.53853,-22.562815,16.322502,39.307976,-11.831942,40.463814,1.5463808,9.55617,26.700172,14.5879,-38.81617,-12.196295,41.56038,-16.279736,3.9244063,-21.289364,0.8102697,8.7074175,17.98994,5.5373063,-6.9057684,-8.10339,0.0045511057,-2.741869,-18.489805,5.647809,-8.569248,5.6412225
77,0.506484866142273,1.4919366836547852,107.1299819946289,-1.0177778823127968,2.6875150024238947,-86.37746333587465,-3.0307815,1.2209731,1.7028422,-26.539999,-22.65269,15.901892,38.856575,-12.79647,40.511192,1.7382325,9.448096,26.42066,14.602554,-38.159023,-11.675844,41.338753,-16.39894,3.942683,-21.400911,0.8237271,8.709186,17.989536,5.5371237,-6.905935,-8.1042385,0.018222785,-2.7401323,-18.496557,5.6484466,-8.570162,5.641876
78,0.5067591071128845,1.493048906326294,107.12931060791016,-1.0220646283900698,2.676523091775163,-86.37180775379869,-2.94785,1.245234,1.7633083,-26.585274,-22.72193,15.792281,38.409676,-13.707973,40.313293,1.939888,9.336634,26.235739,14.66378,-37.52233,-11.150389,41.15527,-16.4482,3.9421177,-21.546633,0.83484036,8.715232,17.985252,5.538279,-6.906152,-8.107184,0.03222518,-2.734664,-18.506056,5.649419,-8.573024,5.641717
79,0.5076539516448975,1.5001200437545776,107.1294174194336,-1.0257564669390768,2.666691918118526,-86.36463920810107,-2.924279,1.2844287,1.8461398,-26.574266,-22.819304,15.256417,37.99415,-14.664892,40.46321,2.1320984,9.2219305,25.85173,14.666435,-36.919033,-10.556067,40.956585,-16.491808,3.9574814,-21.676825,0.84083486,8.719657,17.97797,5.5377126,-6.901812,-8.1079445,0.041177396,-2.73048,-18.515324,5.6497426,-8.571375,5.6410394
80,0.5079680681228638,1.5058577060699463,107.13113403320312,-1.025579679958762,2.6552565771654186,-86.35749367915707,-2.867373,1.3109956,1.9131261,-26.610563,-22.895552,14.907263,37.59226,-15.594441,40.459713,2.2680218,9.110056,25.559254,14.688112,-36.340775,-9.949965,40.790142,-16.486973,3.9585257,-21.763529,0.8486545,8.719615,17.972452,5.539071,-6.8999405,-8.107508,0.052898202,-2.7308912,-18.525028,5.6499577,-8.570489,5.6412587
81,0.508306622505188,1.5116596221923828,107.13172149658203,-1.020564706888008,2.641119434309689,-86.35031745188454,-2.8123145,1.3306549,1.9815928,-26.661419,-22.968761,14.565562,37.204685,-16.48528,40.443012,2.3644686,9.002123,25.26501,14.703115,-35.786953,-9.317283,40.627403,-16.44174,3.9557912,-21.791462,0.8606441,8.712883,17.970707,5.5393734,-6.8990912,-8.104717,0.067700915,-2.7376375,-18.534985,5.6511917,-8.570478,5.642756
82,0.506284236907959,1.5162922143936157,107.13229370117188,-1.011755275423485,2.6258812952434103,-86.34275760623072,-2.7578146,1.3436655,2.0501447,-26.722929,-23.038952,14.242197,36.831184,-17.340788,40.4074,2.4357617,8.896996,24.966267,14.710382,-35.258495,-8.655291,40.47515,-16.35653,3.949036,-21.781425,0.8744715,8.702744,17.97086,5.5399313,-6.8992543,-8.101895,0.085112356,-2.7475948,-18.545618,5.651753,-8.5713005,5.643995
83,0.5065897703170776,1.5222737789154053,107.13319396972656,-1.0028976099491183,2.610632929709092,-86.33444975977682,-2.706087,1.3547361,2.1183422,-26.789402,-23.108015,13.94581,36.470898,-18.162888,40.349606,2.48036,8.795373,24.676205,14.701447,-34.752125,-7.9641438,40.341663,-16.262426,3.9384546,-21.739416,0.88750094,8.690974,17.969448,5.539773,-6.8985825,-8.097102,0.10089554,-2.7593787,-18.556458,5.653232,-8.570996,5.6464353
84,0.5161794424057007,1.530764102935791,107.13359069824219,-0.995542684784327,2.5981414132855822,-86.3256437816309,-2.6611073,1.3663437,2.1861632,-26.852654,-23.180553,13.646842,36.12543,-18.959784,40.295303,2.4960365,8.698246,24.390678,14.660048,-34.26488,-7.2457194,40.23624,-16.196974,3.926452,-21.669012,0.8950312,8.675535,17.96296,5.5401006,-6.8976283,-8.086874,0.1131613,-2.775257,-18.567373,5.6535254,-8.567189,5.654148
85,0.5065950751304626,1.5445020198822021,107.13265228271484,-0.9914189518335104,2.588330132292059,-86.31530850617014,-2.6218383,1.3789002,2.2519462,-26.915646,-23.257048,13.366975,35.794846,-19.726786,40.22606,2.476734,8.612324,24.120874,14.595281,-33.791298,-6.5137796,40.15254,-16.17071,3.9144511,-21.55724,0.8949912,8.676935,17.947971,5.5400357,-6.8877482,-8.088513,0.117592506,-2.773917,-18.577375,5.654178,-8.563804,5.647318
86,0.49807605147361755,1.5500726699829102,107.13278198242188,-0.9885431514807463,2.580613989087787,-86.3040369844415,-2.5846636,1.3899648,2.3173532,-26.983006,-23.335257,13.100552,35.479847,-20.465326,40.141743,2.4271924,8.535954,23.861036,14.508335,-33.329426,-5.7694173,40.089306,-16.169355,3.9017851,-21.404562,0.8959607,8.68034,17.929846,5.541347,-6.881771,-8.091857,0.12481902,-2.7712839,-18.589483,5.6550713,-8.565254,5.6421
87,0.4942457675933838,1.5537480115890503,107.13299560546875,-0.9859352160332326,2.574401902035437,-86.29310290519683,-2.547404,1.3998141,2.384827,-27.052118,-23.41737,12.830773,35.18184,-21.18875,40.056065,2.3579934,8.457337,23.607174,14.407097,-32.882687,-5.0033493,40.0413,-16.182695,3.8855057,-21.240763,0.8962703,8.681162,17.911928,5.5443287,-6.879099,-8.092766,0.13169035,-2.7713213,-18.601591,5.6565523,-8.567453,5.640084
88,0.48991671204566956,1.5607928037643433,107.13367462158203,-0.9836714743740012,2.5690170399773957,-86.28393250623965,-2.506363,1.4096913,2.4544158,-27.121878,-23.503225,12.564375,34.90061,-21.909597,39.966244,2.2782187,8.364171,23.36735,14.307643,-32.45589,-4.202929,40.001167,-16.193966,3.8615878,-21.09852,0.8940237,8.682257,17.89762,5.545755,-6.873312,-8.0931,0.13474412,-2.7709045,-18.611244,5.657532,-8.566461,5.636974
89,0.48589906096458435,1.5635344982147217,107.13404083251953,-0.9813510696913103,2.5655312331242577,-86.27635206067062,-2.4583957,1.419495,2.5249019,-27.193459,-23.592731,12.302976,34.636787,-22.634338,39.870476,2.1832182,8.248379,23.144854,14.201856,-32.054676,-3.3523288,39.983112,-16.204195,3.8239372,-20.999002,0.89326876,8.682698,17.889782,5.5468493,-6.8703856,-8.093668,0.13736747,-2.7709227,-18.620258,5.6600127,-8.568028,5.6346326
90,0.4854518473148346,1.5667332410812378,107.1344985961914,-0.9786491247780115,2.5639651620653265,-86.27014625518704,-2.4087348,1.4291598,2.5949337,-27.26411,-23.684313,12.03604,34.390934,-23.359875,39.77813,2.0653133,8.117584,22.93281,14.07514,-31.680769,-2.448889,39.996002,-16.212587,3.775971,-20.921618,0.8902628,8.680073,17.884941,5.5478663,-6.8679333,-8.091515,0.13762695,-2.7739625,-18.62813,5.661082,-8.566905,5.6346574
91,0.48664477467536926,1.5782469511032104,107.13475036621094,-0.9764624525579211,2.5621653473997665,-86.26539519677011,-2.361719,1.4396812,2.6637104,-27.33296,-23.776741,11.781769,34.160744,-24.079248,39.6793,1.936553,7.9830775,22.738775,13.934866,-31.331728,-1.5075204,40.026768,-16.203056,3.7273304,-20.835348,0.88263386,8.676533,17.880548,5.5488067,-6.861492,-8.086756,0.13295808,-2.7776175,-18.632708,5.661746,-8.560476,5.634103
92,0.4835340082645416,1.5892733335494995,107.13617706298828,-0.974712488329322,2.5583199182778276,-86.26278918595355,-2.3215804,1.4514859,2.7323408,-27.398592,-23.867702,11.526107,33.94382,-24.790049,39.587696,1.8079898,7.855961,22.555101,13.7808485,-31.003887,-0.5476254,40.06474,-16.16669,3.688906,-20.70604,0.8784087,8.676166,17.878796,5.5491447,-6.854457,-8.085349,0.13014142,-2.7779593,-18.63422,5.662358,-8.555073,5.6305885
93,0.48704686760902405,1.596772313117981,107.13679504394531,-0.9729201747231834,2.5512127949853323,-86.26338543580096,-2.2787073,1.4630777,2.802266,-27.471533,-23.957277,11.267429,33.73973,-25.503687,39.499367,1.6831386,7.73475,22.39342,13.5547285,-30.697788,0.43468842,40.16185,-16.090092,3.6634204,-20.503534,0.88229275,8.671255,17.882359,5.549431,-6.852487,-8.0814705,0.13313611,-2.7831628,-18.63218,5.6629725,-8.55089,5.632104
94,0.4841322600841522,1.6072098016738892,107.1375961303711,-0.9714482084679146,2.5419442920302457,-86.26654416804952,-2.239434,1.4776042,2.8733916,-27.543818,-24.04773,11.005907,33.547855,-26.216022,39.41658,1.5532533,7.613265,22.249422,13.328772,-30.41008,1.4350269,40.254337,-15.9810705,3.6490736,-20.263542,0.88773006,8.670574,17.888866,5.5487995,-6.847478,-8.081472,0.13598754,-2.7837834,-18.62594,5.6640763,-8.54683,5.628659
95,0.4792044460773468,1.6205005645751953,107.13785552978516,-0.9706841523368882,2.532697059564103,-86.27039493712287,-2.2005756,1.4927881,2.9428442,-27.617819,-24.137472,10.737806,33.365955,-26.921677,39.344124,1.427142,7.500173,22.107512,13.080719,-30.138102,2.4488091,40.367752,-15.874506,3.636208,-19.999632,0.8917997,8.671812,17.895193,5.5477595,-6.8404365,-8.082441,0.13740347,-2.7820876,-18.61836,5.663167,-8.540092,5.623268
96,0.47585350275039673,1.632118582725525,107.13761138916016,-0.9707900017178402,2.5256799319312697,-86.27323342328785,-2.1633875,1.5084351,3.0076156,-27.691324,-24.226847,10.471062,33.1901,-27.608244,39.28125,1.3145967,7.402743,21.95498,12.824135,-29.876637,3.4682317,40.493298,-15.802548,3.61697,-19.734188,0.8928336,8.673685,17.898872,5.547818,-6.834237,-8.082982,0.13647655,-2.7805061,-18.612408,5.664542,-8.535125,5.6190596
97,0.4730791449546814,1.6432050466537476,107.13800048828125,-0.9730202216616005,2.521081421741788,-86.2743481979266,-2.1382296,1.5275426,3.0687377,-27.75593,-24.317432,10.2099495,33.01703,-28.259892,39.22996,1.2246286,7.3190665,21.78333,12.655312,-29.617044,4.4726276,40.541843,-15.797627,3.5977204,-19.495651,0.89073896,8.677946,17.898825,5.548302,-6.828157,-8.083719,0.13357916,-2.7763646,-18.609425,5.6646924,-8.529224,5.614971
98,0.47216323018074036,1.6540457010269165,107.13882446289062,-0.9767296699024545,2.5184278709083605,-86.27484800664351,-2.097377,1.541364,3.126542,-27.838858,-24.404877,9.920678,32.849243,-28.907907,39.20333,1.1617996,7.2506576,21.596783,12.30785,-29.369795,5.5006633,40.75946,-15.841445,3.564692,-19.203873,0.88663805,8.682787,17.896782,5.5477033,-6.8214884,-8.083792,0.12874395,-2.7715328,-18.607542,5.6649375,-8.523116,5.6118712
99,0.47331973910331726,1.6635183095932007,107.14007568359375,-0.9800546066877394,2.5171967576374397,-86.27544232206962,-2.0644612,1.5573364,3.1807363,-27.912708,-24.493408,9.638596,32.68412,-29.532545,39.184998,1.1029044,7.1948075,21.409197,12.011502,-29.129229,6.527958,40.929543,-15.882809,3.529717,-18.918535,0.8810115,8.686019,17.89426,5.5481324,-6.8161902,-8.082571,0.122951895,-2.7685442,-18.605753,5.6653776,-8.517169,5.610375
100,0.4726291298866272,1.678962230682373,107.14199829101562,-0.9819598924075011,2.517544621516228,-86.27731824920167,-2.0303135,1.5749891,3.232968,-27.98235,-24.585354,9.348582,32.520107,-30.142555,39.180992,1.0391873,7.1548414,21.221012,11.727015,-28.895226,7.5471783,41.084976,-15.8877945,3.4869893,-18.620623,0.8699861,8.688053,17.891476,5.5478415,-6.8065677,-8.080159,0.11108061,-2.7663486,-18.600769,5.665251,-8.506976,5.6067877
101,0.4705420136451721,1.691685438156128,107.14348602294922,-0.9805187355892431,2.5208803036672642,-86.28089007601923,-1.9887898,1.5924635,3.2814405,-28.052078,-24.680779,9.048202,32.356087,-30.745152,39.192493,0.97129714,7.1344986,21.04012,11.429972,-28.669762,8.558122,41.24954,-15.820842,3.429382,-18.309599,0.8568169,8.686805,17.890743,5.547931,-6.7977943,-8.077336,0.09705653,-2.76746,-18.593348,5.6648736,-8.497541,5.6032515
102,0.4717916250228882,1.7014784812927246,107.1447525024414,-0.9776358722919193,2.526494611825302,-86.28537126942823,-1.9465308,1.6136299,3.3273523,-28.118008,-24.779856,8.73191,32.191357,-31.336721,39.226086,0.9013677,7.129838,20.858236,11.168688,-28.450672,9.556312,41.378525,-15.713198,3.36465,-17.999165,0.84320986,8.681436,17.891457,5.54809,-6.791405,-8.072032,0.081306696,-2.7728572,-18.584694,5.665607,-8.488934,5.6025057
103,0.4714949131011963,1.7119312286376953,107.14591979980469,-0.974681875817035,2.532169007237209,-86.29049409998142,-1.8955991,1.6392847,3.3833582,-28.188702,-24.892391,8.41422,32.03654,-31.901161,39.24652,0.83774847,7.140832,20.661848,10.930591,-28.250069,10.511685,41.466713,-15.629159,3.303165,-17.646448,0.82925445,8.676842,17.892595,5.547742,-6.783896,-8.067613,0.06562666,-2.7771826,-18.575485,5.6655107,-8.480048,5.6006966
104,0.4728190004825592,1.7228659391403198,107.14654541015625,-0.974652168754959,2.5352823117302132,-86.29545279234355,-1.8496618,1.6611274,3.4193213,-28.25591,-24.984352,8.067992,31.866194,-32.49279,39.33593,0.74777055,7.1473365,20.469156,10.634745,-28.040398,11.5249815,41.63362,-15.599608,3.243767,-17.273005,0.81873566,8.674783,17.89396,5.5475664,-6.777424,-8.063879,0.05271602,-2.778951,-18.567314,5.665176,-8.470932,5.5993257
105,0.4749617576599121,1.7328625917434692,107.1470947265625,-0.9786020769813022,2.5347233767942257,-86.30090006241386,-1.7982568,1.6860826,3.453752,-28.331596,-24.999998,7.7172914,31.696058,-33.06135,39.43637,0.65881616,7.1595664,20.246393,10.338796,-27.841845,12.517372,41.793076,-15.684593,3.1998825,-16.836578,0.81418675,8.677166,17.89688,5.5464525,-6.771704,-8.062704,0.04485376,-2.776415,-18.560492,5.6654925,-8.463788,5.598112
106,0.48014935851097107,1.7460005283355713,107.14812469482422,-0.9854236013101104,2.5318282648594157,-86.30661376606928,-1.7440087,1.7147508,3.4874434,-28.40924,-24.999998,7.3562455,31.524956,-33.61768,39.554672,0.56369084,7.178175,20.006193,10.0365505,-27.652096,13.505372,41.952213,-15.838438,3.1635993,-16.357082,0.810961,8.681022,17.899744,5.5448704,-6.764974,-8.060854,0.03853902,-2.7722378,-18.554077,5.664202,-8.453922,5.5978484
107,0.4893813133239746,1.7612245082855225,107.1487808227539,-0.9915852500056149,2.5284722912135043,-86.31228520781586,-1.6902071,1.7430187,3.520807,-28.485786,-24.999998,6.991761,31.3529,-34.15968,39.68324,0.4695915,7.203446,19.765024,9.738083,-27.4703,14.485041,42.103745,-16.009495,3.1251304,-15.845116,0.8068933,8.68133,17.901846,5.5440555,-6.758831,-8.055775,0.03144813,-2.77192,-18.547329,5.663394,-8.442365,5.600231
108,0.49837660789489746,1.7725993394851685,107.1497802734375,-0.9951286496973362,2.526096788864063,-86.31689653317348,-1.6380864,1.7688351,3.5543306,-28.56083,-24.999998,6.633647,31.17998,-34.68554,39.810955,0.3854846,7.2361503,19.540003,9.439355,-27.294706,15.452804,42.252567,-16.14379,3.0738904,-15.304353,0.80332756,8.678827,17.903181,5.543404,-6.7544966,-8.049643,0.025825534,-2.7744384,-18.54141,5.6627297,-8.432936,5.603517
109,0.4994439482688904,1.787166714668274,107.1512680053711,-0.9931622194040878,2.5248200652427526,-86.32101487878593,-1.5869243,1.788864,3.5898457,-28.636099,-24.999998,6.271024,31.006739,-35.19556,39.946648,0.32688874,7.277432,19.336508,9.140146,-27.124714,16.410645,42.3937,-16.243149,3.0133016,-14.734805,0.79604393,8.674088,17.902336,5.5418944,-6.746258,-8.043917,0.017078392,-2.7784488,-18.533838,5.6610937,-8.421813,5.602288
110,0.5021268129348755,1.8011950254440308,107.15423583984375,-0.9889995785366507,2.523539199890363,-86.3242154091923,-1.536174,1.806319,3.6264713,-28.711744,-24.999998,5.908763,30.833105,-35.690052,40.08844,0.28598896,7.3265214,19.148527,8.844215,-26.96009,17.358656,42.525482,-16.331755,2.9469423,-14.135882,0.78876144,8.665444,17.900244,5.5412664,-6.739696,-8.035315,0.008074667,-2.7863357,-18.52625,5.6602983,-8.410571,5.6025224
111,0.5034756660461426,1.8119033575057983,107.15687561035156,-0.9833947082320753,2.523605428615952,-86.32682981735731,-1.4882154,1.8225123,3.661315,-28.78274,-24.999998,5.5529275,30.659977,-36.16851,40.226727,0.23246926,7.381743,18.959541,8.544408,-26.800903,18.291216,42.662724,-16.391323,2.8655672,-13.506856,0.77991354,8.656639,17.897373,5.5432167,-6.735363,-8.027689,-0.0011806724,-2.7954068,-18.519215,5.661404,-8.402372,5.602869
112,0.5036352276802063,1.825425624847412,107.1578369140625,-0.9799510618833016,2.5253415856133286,-86.32838309630813,-1.445867,1.841697,3.693057,-28.844336,-24.999998,5.2149835,30.48856,-36.629505,40.347347,0.13647161,7.4414573,18.756369,8.243857,-26.646486,19.200438,42.811516,-16.404362,2.7611687,-12.85029,0.7687617,8.650883,17.893581,5.541696,-6.7268662,-8.021599,-0.012439118,-2.800371,-18.513391,5.659474,-8.391593,5.6013594
113,0.5072281956672668,1.8404377698898315,107.15862274169922,-0.9789624389654007,2.529356573980588,-86.32800155427965,-1.4099071,1.8647314,3.72039,-28.893383,-24.999998,4.8959684,30.319788,-37.06962,40.44627,-0.027177794,7.5164595,18.532806,7.948334,-26.495989,20.080717,42.969376,-16.366095,2.629145,-12.169405,0.75174785,8.646721,17.88716,5.5429354,-6.718756,-8.014856,-0.02782064,-2.804797,-18.509272,5.659226,-8.380537,5.601212
114,0.51029372215271,1.8533555269241333,107.1594009399414,-0.9791753509023642,2.535013670047463,-86.32617990927866,-1.3775975,1.8892748,3.7452269,-28.934486,-24.999998,4.58894,30.15443,-37.491615,40.5301,-0.23657861,7.6050773,18.296072,7.648382,-26.349682,20.93549,43.139458,-16.286306,2.4749186,-11.4585285,0.7346719,8.644256,17.880373,5.542592,-6.710579,-8.0096445,-0.043378156,-2.8070726,-18.507154,5.6583624,-8.370635,5.6006765
115,0.5129228234291077,1.8619647026062012,107.1600570678711,-0.9800203372709282,2.54204073099418,-86.32433947334268,-1.3482637,1.9135638,3.7687254,-28.97192,-24.999998,4.29638,29.993439,-37.90266,40.6003,-0.45179483,7.6870337,18.055119,7.3489747,-26.208712,21.768147,43.316814,-16.172913,2.3081496,-10.716963,0.7187639,8.643054,17.874392,5.541701,-6.7038407,-8.006107,-0.05751429,-2.8079834,-18.505877,5.6574306,-8.363457,5.60036
116,0.5132409334182739,1.8684300184249878,107.16154479980469,-0.9809202973679592,2.549648025396413,-86.32359221521166,-1.3205208,1.9368366,3.7934241,-29.010988,-24.999998,4.0169773,29.837963,-38.31197,40.660328,-0.6344825,7.7413898,17.816608,7.0462933,-26.07429,22.583506,43.502197,-16.031332,2.1375308,-9.940251,0.70338017,8.643458,17.869234,5.541862,-6.698278,-8.004402,-0.071483545,-2.8072124,-18.503614,5.656318,-8.357186,5.598818
117,0.5163552761077881,1.879631519317627,107.16278839111328,-0.982153052044413,2.5586799814207546,-86.32461825854094,-1.2928978,1.9582014,3.8182437,-29.053007,-24.999998,3.7507777,29.688942,-38.721886,40.708473,-0.7824635,7.7614202,17.589207,6.7361937,-25.94838,23.385176,43.700115,-15.845184,1.964275,-9.10715,0.6838243,8.642128,17.863304,5.541342,-6.6897736,-8.000268,-0.09084401,-2.8083467,-18.498428,5.6558948,-8.347145,5.598401
118,0.517299234867096,1.8900610208511353,107.16426086425781,-0.9844227022795717,2.5690408957432416,-86.32638849229046,-1.2662609,1.9794128,3.8432965,-29.095724,-24.999998,3.4981222,29.546566,-39.12971,40.742607,-0.9155484,7.758524,17.367828,6.419367,-25.831106,24.172512,43.908207,-15.613859,1.7862729,-8.225691,0.66308516,8.6435995,17.857338,5.540013,-6.679706,-7.9982195,-0.11195182,-2.8067746,-18.49233,5.6554794,-8.337155,5.5964336
119,0.5218236446380615,1.9010754823684692,107.16622161865234,-0.9857293835637977,2.5793586503180777,-86.32881900918103,-1.2422862,1.9997442,3.8695662,-29.138187,-24.999998,3.2568982,29.41107,-39.537228,40.766994,-1.0283222,7.739049,17.137575,6.1030383,-25.721521,24.940434,44.1184,-15.370694,1.6064259,-7.3369803,0.6418643,8.641447,17.851833,5.541252,-6.672523,-7.9932446,-0.13390714,-2.8090837,-18.485168,5.656402,-8.326811,5.596908
120,0.5249374508857727,1.9147388935089111,107.16732788085938,-0.984876501452843,2.5882015530131595,-86.33183249598854,-1.2216121,2.0190895,3.8985322,-29.180708,-24.999998,3.023303,29.282467,-39.948376,40.78708,-1.1162909,7.709308,16.883984,5.7958856,-25.61768,25.681492,44.321148,-15.150332,1.4256923,-6.482219,0.62131834,8.63731,17.847664,5.540604,-6.6626678,-7.9873986,-0.15459704,-2.812918,-18.477041,5.6546493,-8.3139,5.5964136
121,0.527430534362793,1.9282841682434082,107.16954803466797,-0.9804109829378501,2.594735235720321,-86.33524979149196,-1.2036389,2.036416,3.9312766,-29.223799,-24.999998,2.7954574,29.161047,-40.372047,40.80151,-1.1731628,7.666395,16.617846,5.500785,-25.51819,26.389723,44.513878,-14.961373,1.2452751,-5.6679244,0.6042133,8.628662,17.846031,5.539704,-6.653815,-7.979703,-0.1731425,-2.821078,-18.46786,5.654179,-8.301989,5.5960636
122,0.5231527090072632,1.9433577060699463,107.17072296142578,-0.9733991198330927,2.600115138261435,-86.33919489665504,-1.1856381,2.051875,3.9666018,-29.269924,-24.999998,2.5710168,29.046976,-40.808964,40.810272,-1.2055385,7.6086307,16.342068,5.2137127,-25.423119,27.065203,44.702213,-14.788679,1.0626628,-4.872581,0.5856566,8.621753,17.844831,5.5418797,-6.644482,-7.9744496,-0.19190209,-2.8280926,-18.457169,5.654371,-8.290816,5.5914826
123,0.5207574963569641,1.953453540802002,107.1714859008789,-0.9660352488330994,2.6050286679980195,-86.34380932692308,-1.1664649,2.0661788,4.002032,-29.320312,-24.999998,2.3507516,28.939709,-41.248177,40.8195,-1.2248179,7.543481,16.032074,4.9349155,-25.333279,27.710333,44.88934,-14.631996,0.8724786,-4.0972652,0.5713725,8.613323,17.84606,5.544155,-6.638869,-7.96908,-0.20699474,-2.8367524,-18.446888,5.6550813,-8.282706,5.5890837
124,0.5249746441841125,1.9630881547927856,107.17284393310547,-0.9616828803855071,2.609934181350492,-86.34911938902763,-1.1471968,2.0816045,4.0355253,-29.374306,-24.999998,2.1384366,28.838108,-41.674034,40.83363,-1.2402968,7.4785504,15.661975,4.669104,-25.249298,28.32993,45.07307,-14.4912,0.6706048,-3.3460288,0.5600191,8.603665,17.848637,5.542772,-6.6334696,-7.9612484,-0.22127996,-2.8458788,-18.436935,5.6547775,-8.273271,5.590492
125,0.5270981192588806,1.9728796482086182,107.1730728149414,-0.9599530169347514,2.61597253460869,-86.35644452848514,-1.128321,2.0969436,4.064577,-29.432377,-24.999998,1.9373634,28.741674,-42.081463,40.851215,-1.2380121,7.4138026,15.218366,4.4042606,-25.17392,28.93227,45.265594,-14.358503,0.4453664,-2.6122603,0.5465719,8.599064,17.8519,5.5430326,-6.6282034,-7.9566355,-0.23724546,-2.8504577,-18.425648,5.654215,-8.264045,5.5903373
126,0.528632640838623,1.98246169090271,107.17446899414062,-0.9605225385019018,2.622225426289511,-86.36496410436236,-1.112288,2.1133258,4.0917244,-29.491854,-24.999998,1.7491916,28.650269,-42.472534,40.868965,-1.2156761,7.3451586,14.716658,4.139433,-25.107819,29.519058,45.46274,-14.232982,0.20285933,-1.897116,0.5337306,8.59747,17.856321,5.5428333,-6.623023,-7.9535694,-0.2548152,-2.852084,-18.41329,5.65529,-8.255621,5.5893807
127,0.5332576632499695,1.9891310930252075,107.17520904541016,-0.9612276883602254,2.628033467299063,-86.37344451271505,-1.1001643,2.1279197,4.118804,-29.54888,-24.999998,1.5737478,28.563507,-42.84387,40.89067,-1.1980412,7.2752976,14.175937,3.882897,-25.049665,30.081907,45.653725,-14.127146,-0.037133396,-1.2094297,0.5233754,8.59424,17.86131,5.543719,-6.62117,-7.949547,-0.2684661,-2.8552015,-18.402277,5.654891,-8.248254,5.591067
128,0.5388296842575073,1.9990100860595703,107.17691040039062,-0.9613639271574574,2.6322139570262184,-86.37991789976276,-1.0908167,2.1390321,4.150412,-29.602007,-24.999998,1.4134693,28.48384,-43.188118,40.91308,-1.2054739,7.2092133,13.613768,3.643279,-24.998589,30.600277,45.82388,-14.059699,-0.25542527,-0.5520102,0.5135217,8.589355,17.864056,5.5417547,-6.6156287,-7.9438024,-0.2816311,-2.85952,-18.39272,5.653755,-8.238473,5.5928655
129,0.5422970056533813,2.006619930267334,107.17818450927734,-0.9592156275459548,2.6343497512370897,-86.3838007285041,-1.0865654,2.1434135,4.181924,-29.649067,-24.999998,1.2590086,28.40452,-43.51873,40.957634,-1.2534088,7.142882,13.026895,3.40717,-24.948597,31.09453,45.99459,-14.0532255,-0.45614743,0.07636045,0.50540274,8.583722,17.86407,5.5430784,-6.61241,-7.9388695,-0.29131657,-2.8655548,-18.385866,5.6547594,-8.231713,5.5943995
130,0.5422796010971069,2.016432523727417,107.17958068847656,-0.9562843804296299,2.6349020253079365,-86.38606314060917,-1.0841763,2.1431687,4.2159595,-29.69426,-24.999998,1.1157699,28.329502,-43.82597,41.009415,-1.3186997,7.0786605,12.404622,3.1836576,-24.902094,31.54569,46.15477,-14.1061125,-0.6477743,0.68243283,0.49816585,8.579094,17.862125,5.542994,-6.606359,-7.9351654,-0.29920736,-2.8698027,-18.380535,5.654366,-8.224137,5.593498
131,0.5446969270706177,2.026254415512085,107.17990112304688,-0.9536933489219832,2.634952841936782,-86.38778337985889,-1.0784705,2.1410694,4.261213,-29.741358,-24.999998,1.0006621,28.274061,-44.08483,41.026794,-1.3803681,7.0276723,11.760324,3.0040905,-24.86832,31.908346,46.261303,-14.183243,-0.8187604,1.258108,0.4917856,8.573378,17.860054,5.5426383,-6.6007924,-7.930159,-0.30601662,-2.875148,-18.375938,5.653655,-8.21623,5.5940075
132,0.5477418899536133,2.0345706939697266,107.18067932128906,-0.9522007172018191,2.636527813386552,-86.3901493544244,-1.0827396,2.139881,4.2860713,-29.77726,-24.999998,0.874506,28.201658,-44.379093,41.105938,-1.5003394,6.966594,11.149696,2.7970045,-24.825478,32.323677,46.424744,-14.138265,-0.97152144,1.7363571,0.48454458,8.568622,17.859325,5.542181,-6.5960255,-7.925438,-0.31497166,-2.8799136,-18.370289,5.6542077,-8.209171,5.594658
133,0.5482719540596008,2.0419232845306396,107.18123626708984,-0.9531635012882526,2.6391868702481576,-86.39377308244822,-1.0839611,2.1418905,4.318267,-29.812962,-24.999998,0.7785556,28.140371,-44.61855,41.15877,-1.6215264,6.9118958,10.53032,2.6352432,-24.791111,32.65493,46.538513,-14.030537,-1.0877459,2.1480615,0.47657216,8.568735,17.861124,5.5420713,-6.591518,-7.9233146,-0.32504717,-2.8797941,-18.36319,5.6545053,-8.203017,5.592608
134,0.5539179444313049,2.050781011581421,107.18150329589844,-0.9550067480928431,2.64262484772172,-86.39822024244842,-1.0888225,2.1440797,4.3433404,-29.842901,-24.999998,0.69056064,28.075373,-44.851295,41.234314,-1.7783109,6.8536263,9.913491,2.4822633,-24.757475,32.973988,46.65714,-13.852233,-1.1778667,2.482714,0.4672821,8.5664215,17.864216,5.5415344,-6.587351,-7.9180193,-0.3365524,-2.882025,-18.35496,5.6546106,-8.195314,5.5931463
135,0.5587772727012634,2.0586929321289062,107.18243408203125,-0.9564023960499342,2.647063062392003,-86.40222037773569,-1.0919756,2.1445522,4.381502,-29.873083,-24.999998,0.63939524,28.035202,-45.019886,41.256092,-1.8979182,6.8221188,9.29894,2.3801112,-24.738321,33.187943,46.71205,-13.694852,-1.2469134,2.791954,0.4563197,8.56436,17.866262,5.542425,-6.5839167,-7.913349,-0.34832504,-2.884111,-18.347357,5.6542053,-8.188007,5.5934505
136,0.5625687837600708,2.066697835922241,107.1828842163086,-0.9560800633577496,2.653274655668709,-86.40460971407987,-1.1057732,2.142716,4.396626,-29.894325,-24.999998,0.5665964,27.97394,-45.243263,41.345432,-2.0370715,6.797193,8.75294,2.2400584,-24.711966,33.458862,46.836823,-13.487171,-1.3204476,3.0445468,0.44349194,8.560578,17.865213,5.5416837,-6.578816,-7.9089103,-0.36204618,-2.8876016,-18.341267,5.653637,-8.180383,5.593923
137,0.5648398399353027,2.070514678955078,107.1838150024414,-0.9528191615915155,2.661720592749169,-86.40491797041967,-1.123131,2.1362154,4.4139543,-29.913364,-24.999998,0.5174997,27.918512,-45.42654,41.414394,-2.1103792,6.808516,8.244709,2.125769,-24.69141,33.6524,46.939983,-13.315933,-1.3922585,3.288741,0.42977753,8.554267,17.860603,5.54154,-6.5752177,-7.905792,-0.37568045,-2.8936348,-18.338036,5.6534457,-8.175231,5.5955324
138,0.5662209987640381,2.078789710998535,107.18480682373047,-0.9470528727296775,2.6722729776557688,-86.40394180223039,-1.1441109,2.1261601,4.429179,-29.929129,-24.999998,0.48099437,27.86783,-45.59178,41.47945,-2.1543055,6.844357,7.7696652,2.0282018,-24.675562,33.7983,47.034035,-13.146371,-1.4571161,3.503127,0.4091771,8.545606,17.85136,5.541533,-6.5675044,-7.9018846,-0.39405462,-2.9022286,-18.335255,5.652732,-8.167132,5.596948
139,0.5695031881332397,2.0855729579925537,107.18592071533203,-0.9419553216161056,2.6830840551152138,-86.40196211737518,-1.1680737,2.115163,4.4437366,-29.94173,-24.999998,0.4592889,27.824354,-45.735996,41.535645,-2.1782985,6.892627,7.328322,1.9452791,-24.664751,33.902702,47.118813,-12.993692,-1.5158945,3.681966,0.38916072,8.536599,17.84106,5.5417137,-6.561286,-7.897054,-0.4118375,-2.9111853,-18.333738,5.651842,-8.159216,5.5996675
140,0.5697689056396484,2.0892112255096436,107.18797302246094,-0.9378877612031848,2.6933483472772264,-86.39959030314581,-1.1920137,2.105377,4.4553022,-29.952953,-24.999998,0.4406584,27.782015,-45.874115,41.598938,-2.2031705,6.935655,6.9242077,1.8720948,-24.656548,33.983868,47.202038,-12.862392,-1.5702951,3.8133717,0.37190548,8.530902,17.831665,5.542173,-6.557115,-7.894174,-0.42726633,-2.9167292,-18.332848,5.652041,-8.154696,5.600266
141,0.5717900395393372,2.093855619430542,107.18852233886719,-0.9363206064285837,2.7031472703233175,-86.39706984137065,-1.2135271,2.099236,4.4586554,-29.965492,-24.999998,0.41191614,27.72892,-46.021725,41.694553,-2.242759,6.9687033,6.558139,1.8127863,-24.649153,34.0421,47.289307,-12.764504,-1.6191578,3.872849,0.35567155,8.527043,17.822783,5.540688,-6.552578,-7.889375,-0.44190797,-2.920095,-18.33191,5.6510367,-8.149094,5.600681
142,0.5716566443443298,2.098372220993042,107.1894302368164,-0.935371892334885,2.713134194483893,-86.39402821934944,-1.2345142,2.0938046,4.4594493,-29.977535,-24.999998,0.38915542,27.672949,-46.151714,41.798622,-2.2707558,7.0029573,6.223428,1.7706573,-24.645128,34.055122,47.368935,-12.704226,-1.6621321,3.880348,0.33718553,8.525985,17.812567,5.542839,-6.5499334,-7.8851047,-0.45705292,-2.9212806,-18.331013,5.650584,-8.144246,5.5992007
143,0.5770081877708435,2.1038753986358643,107.1891098022461,-0.9355366912957802,2.7221200623785853,-86.39036731235747,-1.2593713,2.088786,4.4621925,-29.984499,-24.999998,0.38379166,27.626863,-46.25248,41.885677,-2.2765594,7.0378776,5.9220176,1.7412875,-24.64517,34.039806,47.436447,-12.654485,-1.7022653,3.8700938,0.3213651,8.522264,17.80268,5.541201,-6.5460887,-7.8777623,-0.47120395,-2.9248095,-18.330858,5.6502314,-8.138228,5.6009035
144,0.5820533037185669,2.1085283756256104,107.18909454345703,-0.9356259681429916,2.729792340896749,-86.38602751503558,-1.2838488,2.0852234,4.464917,-29.988873,-24.999998,0.38303518,27.584034,-46.342464,41.967197,-2.2602804,7.0658894,5.6606274,1.7147281,-24.648508,34.014362,47.502087,-12.580943,-1.7442747,3.8762279,0.30614048,8.519238,17.792164,5.5416093,-6.542912,-7.8720093,-0.48307508,-2.928227,-18.331871,5.6499286,-8.13309,5.6028595
145,0.5879431962966919,2.113983154296875,107.18938446044922,-0.9365165168786217,2.735505555689257,-86.38083660916145,-1.2911466,2.0886567,4.4617095,-30.012667,-24.999998,0.34271738,27.518415,-46.471733,42.10345,-2.2243862,7.0679164,5.439371,1.7116159,-24.659466,33.96264,47.55929,-12.4570055,-1.7888508,3.903522,0.29276186,8.516599,17.781008,5.542874,-6.5398264,-7.86765,-0.49280643,-2.9312341,-18.333889,5.650054,-8.12826,5.605436
146,0.5922254920005798,2.1185171604156494,107.18981170654297,-0.9384130377215842,2.739497590844573,-86.37482550515858,-1.313787,2.0910473,4.461074,-30.01793,-24.999998,0.33901247,27.473265,-46.556843,42.2006,-2.1506414,7.0712314,5.2552032,1.6988708,-24.67222,33.915016,47.62092,-12.301697,-1.8362775,3.937326,0.28312898,8.516001,17.770119,5.541865,-6.5353975,-7.865947,-0.50015473,-2.9319663,-18.336983,5.6510897,-8.125157,5.6070833
147,0.5933317542076111,2.1214098930358887,107.18958282470703,-0.9393562993062796,2.7429774759974097,-86.36854667044447,-1.328604,2.095453,4.4591045,-30.030138,-24.999998,0.32240114,27.422125,-46.64603,42.31313,-2.0818012,7.064418,5.112102,1.6993419,-24.691349,33.852615,47.671543,-12.155256,-1.8794072,3.96771,0.27499762,8.516368,17.759863,5.5415626,-6.531806,-7.8663106,-0.5049399,-2.9314024,-18.341211,5.6507263,-8.123167,5.6072245
148,0.596708357334137,2.127730369567871,107.19039154052734,-0.93830640467851,2.7466945536046135,-86.36251207827124,-1.3311094,2.1004138,4.4572244,-30.054203,-24.999998,0.2888525,27.361586,-46.735382,42.442314,-2.0405014,7.049111,5.011962,1.716236,-24.718193,33.77347,47.70418,-12.06058,-1.9130576,3.9882424,0.26378277,8.512694,17.749502,5.5413537,-6.526627,-7.8627563,-0.5130704,-2.9352338,-18.344795,5.6513047,-8.11859,5.6086707
149,0.5969310402870178,2.13252854347229,107.192138671875,-0.9326764121705066,2.7509764708935616,-86.35702532245641,-1.3411175,2.0966382,4.4588537,-30.070053,-24.999998,0.2777281,27.32191,-46.784718,42.539165,-2.039637,7.036663,4.9697046,1.7171189,-24.73744,33.711967,47.74549,-12.03317,-1.944308,3.9977036,0.25334078,8.504822,17.741484,5.5408397,-6.5223346,-7.8580637,-0.5205138,-2.9425101,-18.348948,5.65097,-8.114687,5.6093154
150,0.5984370112419128,2.1362009048461914,107.19371795654297,-0.9241505471786047,2.7553318281415486,-86.35167282183568,-1.3575004,2.085809,4.4613194,-30.078245,-24.999998,0.28423765,27.29995,-46.807095,42.611744,-2.0669446,7.0252323,4.982284,1.7011821,-24.749025,33.666756,47.802814,-12.046364,-1.9760748,3.9982069,0.24317247,8.492593,17.73471,5.540612,-6.519092,-7.8509393,-0.52716523,-2.9543219,-18.353897,5.6501255,-8.110545,5.611732
151,0.6006465554237366,2.141414165496826,107.19464111328125,-0.916587210229369,2.7595999087816305,-86.34625524012583,-1.3590322,2.0803726,4.463404,-30.101393,-24.999998,0.2683723,27.263924,-46.83357,42.706146,-2.0915513,7.004134,5.014526,1.7123097,-24.768808,33.591763,47.83439,-12.084731,-1.9960793,3.9891415,0.23114765,8.48152,17.727257,5.54214,-6.5160184,-7.8433404,-0.535946,-2.9658132,-18.358307,5.6514454,-8.106374,5.6141014
152,0.6033572554588318,2.146622657775879,107.19487762451172,-0.9131201033020336,2.764089648457561,-86.34071868261175,-1.3635151,2.0769165,4.463379,-30.118292,-24.999998,0.2582361,27.23951,-46.848885,42.780495,-2.0939624,6.986727,5.043461,1.7140784,-24.783007,33.533764,47.88127,-12.101285,-2.009871,3.9579458,0.22099142,8.474838,17.719757,5.540428,-6.511648,-7.8375444,-0.54285365,-2.9717286,-18.36303,5.649587,-8.10133,5.61577
153,0.6047311425209045,2.150892734527588,107.19548797607422,-0.9172607121200983,2.7683493942414614,-86.334636748614,-1.3694742,2.0822742,4.4602866,-30.1294,-24.999998,0.25139806,27.217596,-46.854065,42.84079,-2.065012,6.9690366,5.070344,1.712334,-24.797167,33.487534,47.94111,-12.081779,-2.0145762,3.9000864,0.20979713,8.479677,17.710089,5.54131,-6.508113,-7.8364906,-0.55105686,-2.967613,-18.367338,5.651077,-8.098971,5.614767
154,0.6093270778656006,2.153109312057495,107.19485473632812,-0.9259708070298286,2.772803146082032,-86.32872894965077,-1.3758929,2.0871794,4.4535465,-30.142141,-24.999998,0.24223948,27.208086,-46.851105,42.897705,-2.0228198,6.943408,5.1030626,1.7098643,-24.804512,33.45952,48.000122,-12.0419855,-2.0012162,3.8170605,0.2009127,8.488288,17.700947,5.5417004,-6.506784,-7.8361297,-0.5564129,-2.95929,-18.372225,5.651118,-8.09774,5.6150723
155,0.6106846332550049,2.156080961227417,107.19456481933594,-0.934790991832526,2.7773609859524977,-86.32293155997198,-1.3749701,2.0965977,4.4485073,-30.159306,-24.999998,0.22601928,27.19235,-46.841885,42.952747,-1.9599775,6.921313,5.1323347,1.7172253,-24.817745,33.41365,48.05518,-12.018884,-1.9899999,3.7273903,0.19196615,8.498891,17.69181,5.5403566,-6.503131,-7.837806,-0.5626673,-2.9486508,-18.376425,5.6505356,-8.095905,5.613094
156,0.610020101070404,2.1577601432800293,107.1950454711914,-0.9395729758100776,2.782226100905683,-86.31762032404377,-1.365945,2.1022556,4.445933,-30.189707,-24.999998,0.19840373,27.172169,-46.832367,43.010963,-1.8836745,6.906647,5.1459665,1.7441304,-24.83615,33.35527,48.08034,-12.02964,-1.9687918,3.6339946,0.18259034,8.505847,17.683527,5.540135,-6.5000067,-7.8395157,-0.5697077,-2.9420679,-18.379616,5.651329,-8.09516,5.6110115
157,0.6096779108047485,2.1624765396118164,107.19467163085938,-0.9371905015211414,2.7876700657445235,-86.31294834890187,-1.3610908,2.0976958,4.441894,-30.212322,-24.999998,0.17227438,27.16216,-46.830738,43.052124,-1.8212113,6.9115396,5.1490784,1.7511064,-24.84704,33.330196,48.129524,-12.069022,-1.9567873,3.5281255,0.1705746,8.503146,17.675816,5.540264,-6.4956117,-7.837843,-0.5787631,-2.944796,-18.381205,5.6512733,-8.091812,5.610617
158,0.6084385514259338,2.1670572757720947,107.19534301757812,-0.9311076973156223,2.7928029801854053,-86.30858122614603,-1.3646367,2.0859315,4.433415,-30.217999,-24.999998,0.15688273,27.159557,-46.830822,43.077206,-1.7680017,6.9303737,5.153377,1.7474294,-24.851458,33.325676,48.179882,-12.131726,-1.9362719,3.4231615,0.15922841,8.496122,17.66918,5.5399537,-6.490889,-7.8355055,-0.5879347,-2.9517252,-18.382044,5.651468,-8.088291,5.6106343
159,0.606482207775116,2.1703734397888184,107.19686889648438,-0.9246270745339397,2.7984791667360196,-86.30467146786293,-1.3639263,2.074796,4.4269743,-30.228415,-24.999998,0.13538298,27.158705,-46.83115,43.101192,-1.7002555,6.950911,5.1567173,1.7432486,-24.853611,33.323563,48.236485,-12.199282,-1.919854,3.3070123,0.14887606,8.488774,17.663303,5.537507,-6.4851995,-7.8336015,-0.5967762,-2.9584806,-18.382513,5.651285,-8.085362,5.610324
160,0.6066218614578247,2.173271656036377,107.19772338867188,-0.9204111723518948,2.8057427117754403,-86.3011130500144,-1.3414462,2.073379,4.4276943,-30.275024,-24.999998,0.07723249,27.148167,-46.845566,43.14295,-1.5995277,6.9685445,5.16034,1.7581306,-24.872133,33.308956,48.29332,-12.242173,-1.9141811,3.1608756,0.13613798,8.483302,17.65623,5.5375476,-6.4816675,-7.8311067,-0.60752505,-2.9639738,-18.382336,5.6517243,-8.082383,5.610719
161,0.6049882173538208,2.177605152130127,107.19776153564453,-0.921278176440014,2.8130770142623778,-86.29819971417962,-1.3378738,2.072788,4.420795,-30.291037,-24.999998,0.050574165,27.145967,-46.853024,43.166542,-1.4786386,6.9877577,5.2040215,1.7560569,-24.877039,33.30662,48.347664,-12.264596,-1.8822148,3.03433,0.12204674,8.485733,17.648148,5.538529,-6.477194,-7.830902,-0.61949813,-2.961761,-18.381193,5.652031,-8.078779,5.607963
162,0.6026042699813843,2.178982973098755,107.19752502441406,-0.9246877987974876,2.821285334292271,-86.29582405050681,-1.3303188,2.076736,4.4127693,-30.311558,-24.999998,0.014073984,27.14155,-46.87385,43.19385,-1.3390169,7.0081105,5.263579,1.7611687,-24.88632,33.305775,48.395157,-12.269701,-1.8422652,2.8999352,0.10927537,8.491968,17.64051,5.5385017,-6.473235,-7.8324685,-0.63117355,-2.9558804,-18.379707,5.653339,-8.077415,5.6042957
163,0.6045856475830078,2.1823906898498535,107.19754791259766,-0.9285084366093367,2.828648014543315,-86.2933798873156,-1.3264714,2.081872,4.404218,-30.320812,-24.999998,-0.014672406,27.13797,-46.892082,43.21687,-1.200502,7.02815,5.335922,1.7610992,-24.894411,33.306255,48.444977,-12.272937,-1.8007317,2.7687805,0.09628456,8.495873,17.63236,5.5388265,-6.4696016,-7.831115,-0.64161956,-2.9521222,-18.378845,5.651891,-8.072846,5.603142
164,0.6058759689331055,2.18489146232605,107.19709777832031,-0.9310338246919202,2.8331673454941444,-86.29088852822893,-1.3183372,2.0832143,4.3978777,-30.332876,-24.999998,-0.050316285,27.135668,-46.91278,43.247635,-1.0899749,7.045133,5.4080405,1.759283,-24.900726,33.307617,48.500515,-12.272696,-1.7686459,2.6354496,0.08890286,8.498158,17.626263,5.5369267,-6.466171,-7.83023,-0.6487644,-2.9497433,-18.379082,5.6524014,-8.070811,5.602395
165,0.6070871353149414,2.1898317337036133,107.19661712646484,-0.9312548427144212,2.8336945911104796,-86.28787171006502,-1.3052434,2.085853,4.3917117,-30.333448,-24.999998,-0.09427361,27.130825,-46.960064,43.287453,-1.0343639,7.057705,5.4930773,1.7561103,-24.914167,33.31031,48.55856,-12.267471,-1.7478144,2.5133007,0.08353052,8.497824,17.620142,5.5381413,-6.464339,-7.8286242,-0.65225273,-2.9503949,-18.381086,5.652786,-8.068508,5.6025243
166,0.6074278950691223,2.194652795791626,107.19661712646484,-0.9303176298201932,2.831462940315694,-86.2849175658095,-1.3014616,2.0848897,4.38759,-30.317282,-24.999998,-0.11483184,27.129776,-46.972595,43.31167,-0.9817017,7.0724707,5.5798955,1.7454548,-24.918833,33.30943,48.623005,-12.276319,-1.7323035,2.4020662,0.082192585,8.496429,17.615309,5.5380354,-6.4622483,-7.8275423,-0.6516909,-2.9518194,-18.384449,5.6519165,-8.066465,5.602836
167,0.6057747006416321,2.196492910385132,107.1964111328125,-0.9290531229320914,2.828631254636705,-86.2815305686373,-1.2962927,2.0830941,4.384999,-30.296501,-24.999998,-0.1384957,27.128891,-46.98754,43.33802,-0.9398182,7.0864515,5.668889,1.7286394,-24.924374,33.30921,48.69427,-12.282527,-1.7220852,2.2830682,0.08367407,8.495951,17.611315,5.537512,-6.4612684,-7.828163,-0.6484973,-2.9521816,-18.389002,5.651531,-8.067128,5.602477
168,0.605908989906311,2.195358991622925,107.19731140136719,-0.9279357657085165,2.8274634264325975,-86.27722176827741,-1.2828411,2.0832074,4.3808107,-30.279535,-24.999998,-0.1837603,27.125435,-47.040504,43.38015,-0.9184701,7.0973616,5.7643986,1.7139696,-24.94389,33.315876,48.76286,-12.2705555,-1.71237,2.138302,0.08449813,8.494645,17.606688,5.537744,-6.462174,-7.827838,-0.6459174,-2.9535475,-18.394215,5.6523585,-8.0691805,5.603443
169,0.6035707592964172,2.195780038833618,107.19782257080078,-0.9264350501052749,2.8296136360948796,-86.27161285750468,-1.2789572,2.076554,4.374882,-30.261805,-24.999998,-0.20649688,27.12487,-47.05069,43.407425,-0.86000514,7.1138663,5.8435698,1.6949701,-24.949701,33.315548,48.83041,-12.272967,-1.6941739,1.9758056,0.07899375,8.494675,17.599106,5.53861,-6.460497,-7.827753,-0.64765614,-2.9534526,-18.39937,5.6522174,-8.069372,5.6022754
170,0.6030692458152771,2.199660301208496,107.19865417480469,-0.9239697365182493,2.8333697961820734,-86.26498142445939,-1.2738281,2.0689998,4.3693776,-30.241142,-24.999998,-0.23433822,27.123922,-47.06493,43.437153,-0.8022518,7.130714,5.9188046,1.6695884,-24.960012,33.31884,48.904095,-12.266011,-1.6806238,1.7971348,0.06918255,8.492048,17.589306,5.538783,-6.4562306,-7.82488,-0.65390027,-2.9560869,-18.404137,5.6525164,-8.066448,5.6018796
171,0.6022828817367554,2.2021536827087402,107.19926452636719,-0.9226439711056562,2.836827446344133,-86.25831302247823,-1.2673186,2.0634453,4.364125,-30.21993,-24.999998,-0.26734406,27.121971,-47.089695,43.47199,-0.7574816,7.146042,6.0029073,1.6434474,-24.979626,33.331367,48.97177,-12.252892,-1.6624756,1.5970155,0.06046938,8.491168,17.58008,5.539162,-6.452661,-7.822951,-0.6589474,-2.957009,-18.409199,5.6524158,-8.064058,5.6011505
172,0.6030406355857849,2.2052805423736572,107.19947814941406,-0.9221998066479202,2.8386232122687964,-86.25252407955291,-1.2628374,2.0572746,4.358867,-30.194592,-24.999998,-0.28792015,27.120668,-47.101665,43.499924,-0.7107446,7.1638393,6.100085,1.6194549,-24.993908,33.337036,49.039425,-12.2716675,-1.6365094,1.3724287,0.054969862,8.490061,17.572992,5.5378523,-6.4490657,-7.8209767,-0.66181386,-2.9578073,-18.413858,5.6519327,-8.061773,5.60125
173,0.6047320365905762,2.2082040309906006,107.1995849609375,-0.9239291392595513,2.837114470065959,-86.24807925264739,-1.2595178,2.0538373,4.354126,-30.1632,-24.999998,-0.29806688,27.119831,-47.105846,43.520386,-0.66475236,7.185623,6.214275,1.5929924,-25.00284,33.33665,49.115562,-12.337249,-1.6051236,1.1103055,0.05248294,8.491674,17.568285,5.539502,-6.4480615,-7.8203244,-0.66091746,-2.9566576,-18.417719,5.65221,-8.060972,5.601619
174,0.6086406707763672,2.209817886352539,107.19931030273438,-0.9275480365621602,2.833405335908067,-86.24451073901585,-1.2545922,2.05606,4.352353,-30.126245,-24.999998,-0.3065418,27.116764,-47.114155,43.538857,-0.62646985,7.2079086,6.344242,1.5668143,-25.023949,33.336666,49.184322,-12.421698,-1.5669817,0.8188858,0.055297602,8.493892,17.566536,5.5395045,-6.448431,-7.8198953,-0.6560535,-2.9545515,-18.421516,5.651236,-8.060384,5.603312
175,0.6098181009292603,2.2120120525360107,107.1986312866211,-0.9306023971855892,2.8303478456582067,-86.24094236598188,-1.2494799,2.0540118,4.3479137,-30.09368,-24.999998,-0.3103542,27.115118,-47.116013,43.556625,-0.59147334,7.2310014,6.480106,1.5413959,-25.034777,33.331795,49.258465,-12.511205,-1.5261326,0.52134115,0.056826703,8.49722,17.564394,5.5386796,-6.446985,-7.8210425,-0.65225947,-2.95124,-18.425232,5.6505036,-8.060362,5.603233
176,0.6085253953933716,2.2135746479034424,107.19889068603516,-0.9311839558612727,2.8301616336467976,-86.23645478153152,-1.2445353,2.04811,4.3414187,-30.059849,-24.999998,-0.31440592,27.114248,-47.11589,43.57335,-0.56878716,7.2546554,6.6184444,1.5154662,-25.042246,33.326,49.341087,-12.568902,-1.4969574,0.24586134,0.055452187,8.49864,17.560343,5.537054,-6.444682,-7.8225083,-0.6520403,-2.9494174,-18.42977,5.6499085,-8.060175,5.60211
177,0.6079927682876587,2.216376543045044,107.19902801513672,-0.9271128288493424,2.834276134338591,-86.2307829461854,-1.2383387,2.038417,4.3329706,-30.026571,-24.999998,-0.3192664,27.11305,-47.11518,43.58751,-0.5625911,7.27986,6.7602973,1.4878719,-25.056383,33.31937,49.433678,-12.575183,-1.4860024,-0.00039588075,0.045689594,8.4941,17.552114,5.538382,-6.4423633,-7.8213825,-0.65739524,-2.953896,-18.435528,5.649057,-8.05822,5.6023445
178,0.6051200032234192,2.217763900756836,107.199951171875,-0.9205491000492854,2.8409129478130626,-86.22415866064644,-1.2308362,2.0247223,4.3240104,-29.99625,-24.999998,-0.32526705,27.112803,-47.113697,43.600033,-0.5695538,7.3059206,6.90726,1.4633383,-25.069998,33.313618,49.521263,-12.546164,-1.4785395,-0.2323106,0.034147624,8.487653,17.542524,5.5377216,-6.438623,-7.820965,-0.6660173,-2.9601247,-18.442314,5.649944,-8.057647,5.601761
179,0.602333128452301,2.219409465789795,107.20085906982422,-0.9140262230230363,2.8488781848466798,-86.21739440828982,-1.2234601,2.0130494,4.314223,-29.969828,-24.999998,-0.32939067,27.11354,-47.111065,43.61052,-0.58484864,7.328382,7.056876,1.4402815,-25.09247,33.30887,49.607063,-12.505266,-1.4762007,-0.45097697,0.020511549,8.481261,17.53189,5.537187,-6.4345145,-7.8201904,-0.6755024,-2.9661376,-18.448984,5.6489096,-8.055628,5.601165
180,0.6019947528839111,2.2231626510620117,107.20191192626953,-0.9111244971990832,2.8562330369649187,-86.21069970962816,-1.2174644,2.0048532,4.303835,-29.948002,-24.999998,-0.331896,27.11529,-47.105663,43.623375,-0.6012061,7.3436584,7.2057867,1.4164565,-25.115786,33.302055,49.69275,-12.4808445,-1.471867,-0.65782017,0.006003498,8.478018,17.52051,5.5374165,-6.4303126,-7.8182454,-0.68530345,-2.9690754,-18.454283,5.6478868,-8.052409,5.600745
181,0.601738452911377,2.2243645191192627,107.20195770263672,-0.9144427563048368,2.8626280040065293,-86.20406455005134,-1.2128183,2.0045078,4.295609,-29.93315,-24.999998,-0.32950574,27.118357,-47.093998,43.632557,-0.61728793,7.348285,7.3554626,1.4030192,-25.145786,33.288395,49.755898,-12.476923,-1.4599729,-0.8507949,-0.004297702,8.482525,17.510233,5.535625,-6.4269333,-7.818197,-0.6928677,-2.9643483,-18.458378,5.647407,-8.051003,5.599201
182,0.6036998629570007,2.2238879203796387,107.20233917236328,-0.9210144783693505,2.86931453710164,-86.19766244526237,-1.208827,2.007906,4.2854733,-29.924122,-24.999998,-0.32404095,27.121931,-47.0789,43.64422,-0.6369904,7.3434253,7.506541,1.3824749,-25.175865,33.26871,49.833427,-12.485621,-1.4577031,-1.0266473,-0.015002908,8.490253,17.499575,5.5363674,-6.4264455,-7.8177104,-0.6992468,-2.9568307,-18.46163,5.647108,-8.050833,5.5984907
183,0.6061322689056396,2.2237935066223145,107.20213317871094,-0.9282045731450279,2.8760509434514754,-86.19105891486774,-1.202571,2.0140796,4.280685,-29.919065,-24.999998,-0.31693488,27.128128,-47.055202,43.645405,-0.6495873,7.3406506,7.6524887,1.3835298,-25.220226,33.236317,49.86949,-12.500955,-1.4387347,-1.1909852,-0.025936581,8.498497,17.48857,5.536965,-6.4256644,-7.817069,-0.7053741,-2.9486072,-18.464869,5.6458254,-8.049924,5.5977745
184,0.60722815990448,2.22414493560791,107.20191955566406,-0.9323350477503756,2.8834292113652578,-86.18455891530719,-1.1956068,2.0162866,4.2734785,-29.910776,-24.999998,-0.3152576,27.133812,-47.03764,43.653954,-0.6632604,7.341564,7.7938967,1.3739054,-25.25452,33.209908,49.933002,-12.51823,-1.4254625,-1.3522011,-0.036507282,8.50313,17.478113,5.5350847,-6.4230056,-7.8165517,-0.7136763,-2.9437683,-18.467852,5.6457734,-8.048972,5.5969133
185,0.6082841753959656,2.2264604568481445,107.20172119140625,-0.9324942711128483,2.89155913245591,-86.17802859161259,-1.1874317,2.0140743,4.2658873,-29.897297,-24.999998,-0.31789136,27.139664,-47.022964,43.66508,-0.67694026,7.3496075,7.930322,1.3618199,-25.282969,33.188156,50.006233,-12.539212,-1.4079797,-1.5149249,-0.050980385,8.5031805,17.466387,5.535374,-6.4195046,-7.815219,-0.72418576,-2.944009,-18.470945,5.6458755,-8.046864,5.5966597
186,0.6086201667785645,2.2278153896331787,107.20167541503906,-0.930744802275971,2.900153899489239,-86.17150668604265,-1.1781412,2.010156,4.2594476,-29.881662,-24.999998,-0.32104853,27.147366,-47.008026,43.67313,-0.6901033,7.3620234,8.063435,1.3518405,-25.313873,33.167133,50.07652,-12.563366,-1.385423,-1.6735169,-0.06461993,8.501011,17.45514,5.5342445,-6.415452,-7.814355,-0.73449105,-2.946088,-18.474403,5.6458163,-8.04538,5.596512
187,0.6073579788208008,2.2290539741516113,107.20197296142578,-0.9270714339403091,2.909392816117581,-86.165240886553,-1.1680945,2.0046654,4.2533083,-29.867552,-24.999998,-0.3270915,27.156334,-46.993504,43.682213,-0.69798315,7.377474,8.19035,1.3410757,-25.344393,33.147385,50.149437,-12.58535,-1.3606094,-1.8207872,-0.07922762,8.497375,17.444057,5.5342484,-6.4119377,-7.8137717,-0.7455605,-2.949482,-18.477566,5.645373,-8.043701,5.595823
188,0.6045319437980652,2.2291221618652344,107.20172882080078,-0.9232900336367578,2.919484334545987,-86.15908384756476,-1.1570377,2.0002,4.249651,-29.859854,-24.999998,-0.3350011,27.167984,-46.976562,43.68755,-0.69352156,7.3967495,8.308315,1.3390043,-25.379484,33.124046,50.207283,-12.599706,-1.3297751,-1.9493465,-0.09444327,8.494797,17.433397,5.5338683,-6.4077907,-7.8138914,-0.75734,-2.9520586,-18.480495,5.6458282,-8.043266,5.594419
189,0.6004898548126221,2.2282004356384277,107.20225524902344,-0.9168332912641322,2.931261063733756,-86.15338335785722,-1.1454148,1.9919567,4.2414203,-29.86115,-24.999998,-0.3503192,27.175121,-46.964394,43.71009,-0.67596036,7.413323,8.416954,1.3225502,-25.398628,33.107067,50.298164,-12.602637,-1.306006,-2.054436,-0.111328475,8.489497,17.423468,5.5335827,-6.4034357,-7.8130274,-0.77049404,-2.957089,-18.482681,5.6455655,-8.042359,5.5931635
190,0.5946122407913208,2.2272472381591797,107.20289611816406,-0.9080963812311731,2.9443788943350984,-86.14783073234824,-1.1311506,1.984303,4.238472,-29.870205,-24.999998,-0.36518133,27.189089,-46.944283,43.721096,-0.6416369,7.4331784,8.513534,1.3168485,-25.432766,33.079292,50.36612,-12.59662,-1.2761965,-2.133242,-0.1292419,8.4821,17.413977,5.5330896,-6.3988113,-7.811803,-0.7847718,-2.9635453,-18.484474,5.6442065,-8.040792,5.591345
191,0.5931808948516846,2.2243213653564453,107.20392608642578,-0.9015211296092867,2.9569858730486915,-86.14233752199976,-1.1176318,1.9786978,4.235811,-29.878983,-24.999998,-0.3814143,27.20304,-46.926086,43.733776,-0.60441345,7.457971,8.607152,1.3116066,-25.464626,33.05341,50.435684,-12.592183,-1.2460749,-2.2057862,-0.1453195,8.474816,17.405209,5.532663,-6.396215,-7.809163,-0.7979579,-2.970466,-18.486748,5.644763,-8.040794,5.59216
192,0.5920406579971313,2.222865104675293,107.20365905761719,-0.8997764010309107,2.9679562747032384,-86.1371486704817,-1.1079488,1.9764013,4.2296324,-29.87967,-24.999998,-0.40037867,27.2122,-46.91342,43.76171,-0.5740854,7.4861116,8.703292,1.2928576,-25.485077,33.036346,50.535275,-12.601227,-1.2280887,-2.2863972,-0.16029324,8.473777,17.396305,5.532304,-6.3934155,-7.808636,-0.80991554,-2.971574,-18.489334,5.6450825,-8.040556,5.591692
193,0.5920609831809998,2.2206788063049316,107.20331573486328,-0.9071801442762975,2.975379421081627,-86.13229545266925,-1.1005208,1.9837079,4.2302203,-29.871141,-24.999998,-0.41070586,27.223726,-46.89018,43.771446,-0.54577214,7.5297613,8.798145,1.2881845,-25.510958,33.009068,50.602665,-12.635032,-1.1997014,-2.371259,-0.16949776,8.483819,17.388672,5.531367,-6.392432,-7.812119,-0.8159819,-2.9613576,-18.49375,5.64389,-8.04164,5.5894685
194,0.5988409519195557,2.222701072692871,107.20223999023438,-0.9205337512422851,2.9810634996599474,-86.12791745431295,-1.0959877,1.9938949,4.223133,-29.858105,-24.999998,-0.42821446,27.228031,-46.879265,43.807125,-0.5303415,7.573852,8.894301,1.2677835,-25.521296,32.997025,50.706924,-12.679249,-1.180004,-2.4641585,-0.17810932,8.4968,17.380901,5.5302286,-6.3919034,-7.8134346,-0.82343614,-2.9487917,-18.497705,5.644082,-8.040206,5.5894713
195,0.6016385555267334,2.223198175430298,107.20225524902344,-0.9335515940450039,2.9866202932236807,-86.12322193405583,-1.0931906,2.0040667,4.2179747,-29.842293,-24.999998,-0.44589052,27.231306,-46.868347,43.84136,-0.5064529,7.6259665,8.991856,1.2457815,-25.529587,32.985344,50.81104,-12.725437,-1.162373,-2.5548067,-0.18652533,8.512228,17.372776,5.5294123,-6.3909163,-7.817365,-0.82965106,-2.9337366,-18.502161,5.6442704,-8.040616,5.5871325
196,0.6001433730125427,2.2220280170440674,107.20195770263672,-0.9406465805666794,2.993582101504472,-86.11771748006528,-1.0922127,2.0118387,4.2238903,-29.821283,-24.999998,-0.4562443,27.239227,-46.84229,43.855957,-0.4513376,7.688044,9.09245,1.2226175,-25.549957,32.95829,50.909313,-12.770141,-1.1573119,-2.6339412,-0.1957298,8.522699,17.36404,5.5282807,-6.3891616,-7.8212605,-0.8363465,-2.9231184,-18.506552,5.6439247,-8.041674,5.583905
197,0.597796618938446,2.2213685512542725,107.20267486572266,-0.937148570907441,3.0032438931366774,-86.11146131598309,-1.091262,2.0067441,4.228558,-29.80547,-24.999998,-0.4672035,27.24658,-46.82398,43.868103,-0.3665267,7.7689137,9.205986,1.209972,-25.568138,32.936607,50.989468,-12.799286,-1.1403414,-2.716019,-0.20952016,8.520035,17.353477,5.5269494,-6.3851457,-7.820344,-0.84668976,-2.9255335,-18.509405,5.6436396,-8.041026,5.5830936
198,0.5864189863204956,2.2171638011932373,107.20331573486328,-0.9277446126003117,3.0143084072965043,-86.10454840376308,-1.089743,1.9976311,4.2385836,-29.791214,-24.999998,-0.47717604,27.257387,-46.806114,43.87125,-0.2599125,7.860244,9.325232,1.202652,-25.593714,32.908577,51.057854,-12.820016,-1.1286355,-2.7916627,-0.2241125,8.515877,17.342285,5.5279465,-6.381986,-7.822646,-0.8568505,-2.9291332,-18.51205,5.6435995,-8.043466,5.5785155
199,0.5871456265449524,2.2159829139709473,107.20344543457031,-0.9177197335531522,3.0257216399920566,-86.09702995490804,-1.0901226,1.9844612,4.243307,-29.77738,-24.999998,-0.49319935,27.261625,-46.802277,43.89044,-0.15627058,7.9524016,9.450376,1.1827083,-25.60347,32.896435,51.1486,-12.834186,-1.1163486,-2.8740263,-0.24050556,8.502931,17.33008,5.5284395,-6.3794885,-7.816754,-0.8685625,-2.9418929,-18.51513,5.643221,-8.0416565,5.5817137
200,0.5880640745162964,2.216078996658325,107.20295715332031,-0.9130644446681698,3.0365280507867927,-86.08853907661063,-1.0935863,1.976739,4.2451935,-29.764767,-24.999998,-0.510562,27.264051,-46.80042,43.919037,-0.06848552,8.031299,9.568982,1.1646228,-25.608736,32.889004,51.234943,-12.84922,-1.0961736,-2.9599187,-0.2566603,8.4967575,17.317274,5.5271263,-6.375093,-7.813268,-0.8795011,-2.9477298,-18.520475,5.641767,-8.039336,5.58333
201,0.5890907049179077,2.214348077774048,107.20204162597656,-0.9179747146453175,3.0454786553228437,-86.07825549193001,-1.0968015,1.9816673,4.254951,-29.750324,-24.999998,-0.5294796,27.271662,-46.798008,43.93383,0.005842185,8.1065,9.680724,1.1435634,-25.624994,32.872894,51.317055,-12.864638,-1.0769136,-3.0460598,-0.26982993,8.503254,17.304325,5.526543,-6.372489,-7.815045,-0.88669145,-2.9411948,-18.530638,5.6410394,-8.040146,5.5825853
202,0.5897415280342102,2.2098276615142822,107.20246887207031,-0.9284333861880057,3.0534842226950842,-86.06657471538983,-1.101187,1.9921644,4.2660003,-29.740572,-24.999998,-0.5477967,27.281773,-46.799183,43.943974,0.07072045,8.177315,9.789083,1.1385645,-25.645445,32.856365,51.36438,-12.875702,-1.0369982,-3.1354346,-0.2799027,8.517132,17.291594,5.525951,-6.371806,-7.82039,-0.89188373,-2.9274585,-18.543955,5.642253,-8.044221,5.580437
203,0.587273895740509,2.2109551429748535,107.20216369628906,-0.9391397645453641,3.061879239568348,-86.05481723394018,-1.1081988,2.0013735,4.271956,-29.729176,-24.999998,-0.56716716,27.286514,-46.800354,43.97,0.12764741,8.236609,9.893376,1.1221975,-25.654676,32.84974,51.432274,-12.888748,-1.002263,-3.2249508,-0.29495487,8.533492,17.276785,5.5246105,-6.365807,-7.8264785,-0.9007891,-2.911283,-18.555979,5.6421494,-8.044714,5.5752325
204,0.5882192850112915,2.2079663276672363,107.20339965820312,-0.9447543480415777,3.071803514172609,-86.04477498049737,-1.1137851,2.004466,4.2753444,-29.718052,-24.999998,-0.5843503,27.290636,-46.801136,43.995987,0.17301726,8.287789,9.9938755,1.1073121,-25.662262,32.844925,51.496086,-12.905436,-0.9719842,-3.3055975,-0.3067639,8.540169,17.264385,5.5223203,-6.363991,-7.8280087,-0.90822047,-2.9036791,-18.565283,5.640878,-8.045863,5.5744333
205,0.5906213521957397,2.2036683559417725,107.2037353515625,-0.9435793330449738,3.0833741979295253,-86.03672549571624,-1.1161237,1.9993672,4.2781186,-29.708794,-24.999998,-0.5992575,27.29446,-46.80128,44.02115,0.2006769,8.327474,10.090935,1.0947341,-25.668966,32.8397,51.55365,-12.926275,-0.9492335,-3.3729112,-0.32189056,8.5379715,17.251902,5.522612,-6.3634143,-7.8246737,-0.91811097,-2.9061208,-18.569386,5.641308,-8.04726,5.5768433
206,0.5910787582397461,2.1980881690979004,107.20311737060547,-0.9381659656326233,3.0965745898069463,-86.0299525973495,-1.11729,1.9902956,4.280939,-29.695185,-24.999998,-0.61232096,27.299623,-46.800964,44.04265,0.21304491,8.359159,10.185813,1.0825571,-25.677036,32.833767,51.61088,-12.951656,-0.93689805,-3.4325616,-0.33819994,8.531465,17.239822,5.5245476,-6.3646564,-7.8199,-0.9296073,-2.9128542,-18.570147,5.6416516,-8.048804,5.5795517
207,0.5907446146011353,2.19394588470459,107.20316314697266,-0.9319136241819607,3.1097726320488963,-86.02363882582323,-1.1175586,1.9805079,4.2844896,-29.68305,-24.999998,-0.6224167,27.30806,-46.800484,44.05823,0.2226546,8.386359,10.276286,1.075721,-25.688906,32.825188,51.652287,-12.979085,-0.9206041,-3.4849577,-0.35375777,8.523716,17.228075,5.5240936,-6.36415,-7.8148546,-0.94096595,-2.91974,-18.570276,5.6395926,-8.048352,5.5815754
208,0.5903525948524475,2.1896727085113525,107.20304107666016,-0.9283121406828205,3.121759804077803,-86.01693179704102,-1.1186143,1.974125,4.2875834,-29.670797,-24.999998,-0.6303955,27.313856,-46.800148,44.0734,0.2434439,8.414079,10.363116,1.0705587,-25.696434,32.819088,51.689205,-13.007257,-0.8995462,-3.5394504,-0.3670735,8.519443,17.216417,5.5221524,-6.36287,-7.8121915,-0.9512198,-2.9233541,-18.572348,5.638659,-8.049035,5.5825987
209,0.5894802212715149,2.1849234104156494,107.20246124267578,-0.9272025210269333,3.1320505673341237,-86.00972827940095,-1.1215898,1.9714924,4.2894363,-29.657396,-24.999998,-0.6369969,27.316494,-46.800507,44.090183,0.2802264,8.443015,10.44867,1.064594,-25.699692,32.815514,51.725708,-13.038373,-0.8730408,-3.5932732,-0.3796447,8.519545,17.20362,5.5228896,-6.3630385,-7.812981,-0.9592057,-2.923583,-18.577454,5.639006,-8.051815,5.582312
210,0.5878464579582214,2.1774237155914307,107.20157623291016,-0.9278707997246035,3.1410965465649165,-86.00203705490456,-1.124642,1.972998,4.296031,-29.636452,-24.999998,-0.6408989,27.326372,-46.805386,44.09323,0.32035288,8.474191,10.535977,1.0616544,-25.710949,32.80489,51.750027,-13.074026,-0.8449292,-3.6409495,-0.38715518,8.522257,17.19158,5.5205345,-6.363166,-7.816673,-0.9630341,-2.920586,-18.58523,5.6383586,-8.056603,5.581119
211,0.5870803594589233,2.1709811687469482,107.20051574707031,-0.9296420661084676,3.1500659926230865,-85.99474758946569,-1.1270151,1.9750795,4.299251,-29.623806,-24.999998,-0.64573747,27.330246,-46.808277,44.105034,0.365415,8.499743,10.611425,1.0582732,-25.715202,32.80043,51.775974,-13.106574,-0.8167068,-3.6925251,-0.39653593,8.526169,17.179422,5.521186,-6.3646755,-7.8203197,-0.9684482,-2.9171402,-18.59248,5.6388783,-8.060875,5.580043
212,0.5867847204208374,2.1612462997436523,107.20033264160156,-0.9322834488681517,3.1599351900507036,-85.98825693715821,-1.1258878,1.9779968,4.307114,-29.60284,-24.999998,-0.6505882,27.341644,-46.816544,44.09845,0.39962313,8.531013,10.676594,1.0630021,-25.72689,32.787613,51.78232,-13.138365,-0.78892916,-3.749406,-0.40374961,8.530522,17.170214,5.5203485,-6.36753,-7.8240767,-0.97206604,-2.9125056,-18.59916,5.637887,-8.066073,5.5798903
213,0.5900803804397583,2.154435873031616,107.19963073730469,-0.9368785829754143,3.1710485064276384,-85.98311537505427,-1.1242658,1.9814476,4.3114285,-29.589296,-24.999998,-0.65772015,27.347279,-46.81866,44.103035,0.4299201,8.555188,10.716809,1.0640286,-25.732483,32.782536,51.794155,-13.164762,-0.76504767,-3.8199174,-0.41403076,8.534745,17.163141,5.5192685,-6.3694105,-7.8249936,-0.9801212,-2.908339,-18.602772,5.6381145,-8.068756,5.581689
214,0.5941044092178345,2.1464898586273193,107.19918823242188,-0.9426026415376507,3.1830155097213866,-85.97901742780357,-1.1188722,1.985338,4.3188305,-29.57234,-24.999998,-0.66445273,27.356318,-46.820724,44.09313,0.4546438,8.583302,10.740896,1.0743597,-25.74142,32.771492,51.785572,-13.189684,-0.7383734,-3.8977284,-0.4240059,8.539668,17.158617,5.518324,-6.372716,-7.8258,-0.98801553,-2.903112,-18.605328,5.6367764,-8.070713,5.584228
215,0.5981495976448059,2.1379971504211426,107.19847869873047,-0.9482159440896959,3.1953503963475463,-85.97506046801055,-1.1136897,1.9891565,4.3256564,-29.557611,-24.999998,-0.67185473,27.365128,-46.82116,44.08594,0.48200342,8.6074095,10.757567,1.0828305,-25.750036,32.762226,51.778698,-13.213063,-0.7174388,-3.9752002,-0.4347156,8.544709,17.15409,5.517811,-6.375913,-7.8265142,-0.99626917,-2.898022,-18.607485,5.6367035,-8.073902,5.5868897
216,0.6019504070281982,2.1288247108459473,107.19905090332031,-0.951184326840915,3.2081636306681087,-85.97060433397398,-1.1096379,1.9901123,4.3312106,-29.543667,-24.999998,-0.67790645,27.368322,-46.82132,44.07914,0.51754266,8.631943,10.780714,1.0875484,-25.753153,32.758038,51.77508,-13.235143,-0.70085794,-4.045911,-0.4450955,8.546306,17.148338,5.5159774,-6.3782725,-7.8263044,-1.0043993,-2.8960378,-18.609934,5.635446,-8.076316,5.5899982
217,0.6021420359611511,2.1214566230773926,107.19873809814453,-0.9505275591912588,3.2218204319019588,-85.9646135793674,-1.1071054,1.9874151,4.335119,-29.530813,-24.999998,-0.6847254,27.37195,-46.822163,44.07624,0.56479806,8.6531925,10.810105,1.0895059,-25.756601,32.754704,51.77702,-13.254033,-0.6936293,-4.1068993,-0.45955223,8.546064,17.138,5.5168295,-6.379366,-7.826232,-1.0145984,-2.8961918,-18.612633,5.6350336,-8.078926,5.5911074
218,0.6014700531959534,2.1121208667755127,107.1984634399414,-0.9477106625879997,3.235873195129059,-85.95766538131082,-1.103514,1.982702,4.340754,-29.516937,-24.999998,-0.69173497,27.376204,-46.824387,44.066677,0.6189461,8.67566,10.841344,1.0960563,-25.760466,32.75015,51.77284,-13.268968,-0.6922566,-4.164665,-0.47306347,8.543643,17.126274,5.5165076,-6.3799987,-7.8259826,-1.0240755,-2.8983517,-18.616001,5.63466,-8.082524,5.5923386
219,0.6031795144081116,2.1028778553009033,107.19784545898438,-0.9445359901117467,3.2498632001365246,-85.9514994071636,-1.1005856,1.9777397,4.344892,-29.506598,-24.999998,-0.6981158,27.37838,-46.82677,44.059425,0.67315483,8.69508,10.872318,1.1007708,-25.762377,32.747692,51.767227,-13.288647,-0.6926548,-4.2150164,-0.48523742,8.538839,17.115799,5.5153794,-6.381415,-7.824192,-1.0332289,-2.9026139,-18.619036,5.6336813,-8.085358,5.5951943
220,0.6028878688812256,2.0941262245178223,107.19746398925781,-0.9430767096448123,3.2631738357324616,-85.94730445477711,-1.0934392,1.9743367,4.3508625,-29.49557,-24.999998,-0.7057416,27.380632,-46.829613,44.047215,0.72674125,8.717569,10.901474,1.1054312,-25.76439,32.745712,51.758255,-13.317209,-0.6937031,-4.263387,-0.49763283,8.537836,17.10789,5.5154915,-6.382982,-7.8246994,-1.0430276,-2.9036024,-18.620811,5.6339417,-8.089089,5.596075
221,0.6050783395767212,2.0858659744262695,107.19606018066406,-0.944507758140711,3.2752172022197485,-85.94652300586748,-1.0830709,1.9746078,4.3566947,-29.489452,-24.999998,-0.713369,27.384808,-46.834187,44.0341,0.7756284,8.73664,10.927406,1.109722,-25.768394,32.743828,51.74513,-13.356927,-0.6962809,-4.30012,-0.50723195,8.538678,17.105558,5.5145583,-6.3855596,-7.8255444,-1.0511284,-2.902638,-18.621338,5.63236,-8.09165,5.597718
222,0.6083633899688721,2.077234983444214,107.1954345703125,-0.9480195183540246,3.286168655982634,-85.94780903928826,-1.0709141,1.9772278,4.3633103,-29.486614,-24.999998,-0.71971923,27.389029,-46.839302,44.016533,0.822882,8.75566,10.952336,1.1117723,-25.772923,32.743633,51.728233,-13.40358,-0.6998394,-4.3269486,-0.51410866,8.541105,17.10695,5.514011,-6.390359,-7.8269095,-1.059381,-2.900172,-18.62082,5.6336327,-8.096165,5.599335
223,0.6122717261314392,2.070741891860962,107.19488525390625,-0.9510493810502005,3.2972700850684054,-85.94963429569087,-1.0578793,1.9798453,4.3706675,-29.485611,-24.999998,-0.7276714,27.395947,-46.846657,43.99797,0.8626604,8.772581,10.975185,1.1144053,-25.780865,32.74566,51.704727,-13.456283,-0.70245653,-4.353534,-0.52185994,8.542177,17.108551,5.512786,-6.394089,-7.827292,-1.0686709,-2.8987806,-18.619568,5.6328826,-8.097707,5.6013293
224,0.613962709903717,2.0575296878814697,107.19522094726562,-0.9520528692265825,3.3087405289421237,-85.9504089316389,-1.0461673,1.9792178,4.3792853,-29.485132,-24.999998,-0.7382004,27.400427,-46.851826,43.98331,0.8952723,8.789252,10.996236,1.1137244,-25.786081,32.749977,51.67788,-13.518178,-0.69854784,-4.388365,-0.5269118,8.54266,17.109478,5.512409,-6.4006724,-7.8293986,-1.0738091,-2.8979905,-18.619852,5.6329865,-8.104313,5.6037016
225,0.6161954998970032,2.046576499938965,107.1950912475586,-0.9498932913928859,3.321081262151962,-85.94910243717636,-1.0365145,1.9748487,4.3881817,-29.484276,-24.999998,-0.7530815,27.403385,-46.854435,43.977196,0.9168502,8.801631,11.010132,1.1107298,-25.789162,32.754612,51.65141,-13.597884,-0.69151956,-4.4360294,-0.5353898,8.538883,17.105827,5.512411,-6.4054255,-7.82912,-1.0815825,-2.901735,-18.620438,5.633488,-8.108782,5.607513
226,0.6173102855682373,2.037217378616333,107.19366455078125,-0.9455564123022456,3.333962994942529,-85.94706951367999,-1.0266387,1.9676734,4.398598,-29.483896,-24.999998,-0.771773,27.405985,-46.85669,43.973263,0.92883897,8.812625,11.019063,1.1061231,-25.791399,32.760395,51.620033,-13.689057,-0.680362,-4.491254,-0.5456603,8.533047,17.100077,5.5115194,-6.4079356,-7.8282657,-1.0905956,-2.907588,-18.62088,5.6329484,-8.111341,5.611485
227,0.6182050108909607,2.030750036239624,107.19335174560547,-0.9408262244490737,3.346740396118168,-85.94494599333709,-1.0176545,1.9592206,4.41135,-29.482565,-24.999998,-0.79493624,27.413443,-46.86346,43.969997,0.93317306,8.823695,11.030513,1.1011641,-25.796837,32.774982,51.57974,-13.776402,-0.66189915,-4.5514317,-0.5578961,8.526603,17.093397,5.511206,-6.4092045,-7.826424,-1.1014386,-2.91375,-18.62037,5.632594,-8.112293,5.6147223
228,0.6188087463378906,2.0234477519989014,107.19325256347656,-0.9376509929336643,3.358888947691329,-85.94409476310327,-1.0056609,1.951758,4.4166617,-29.483158,-24.999998,-0.80838513,27.416027,-46.865402,43.9697,0.9512345,8.835374,11.048256,1.0929657,-25.798645,32.78179,51.55925,-13.856609,-0.65450203,-4.5976605,-0.56866246,8.52238,17.089136,5.5113916,-6.411493,-7.8254013,-1.1116014,-2.917958,-18.618465,5.6331615,-8.114503,5.6169863
229,0.623978853225708,2.01462459564209,107.19293212890625,-0.9360679280469457,3.370953298434419,-85.94529023347515,-0.9942821,1.9468333,4.427869,-29.481749,-24.999998,-0.82445735,27.419012,-46.868458,43.967556,0.97664654,8.852628,11.082466,1.081824,-25.800879,32.792244,51.53257,-13.930341,-0.6400676,-4.6441407,-0.576001,8.516648,17.089138,5.509104,-6.415065,-7.822003,-1.1203811,-2.923193,-18.614424,5.6321497,-8.115695,5.6212273
230,0.627252459526062,2.0064408779144287,107.19202423095703,-0.934782999842944,3.382566997477175,-85.94791260082555,-0.98227024,1.9413029,4.4345417,-29.478695,-24.999998,-0.83642066,27.423271,-46.874744,43.96715,1.0038397,8.871144,11.125767,1.0652105,-25.804684,32.81544,51.514957,-13.98638,-0.6281103,-4.685423,-0.58503705,8.513153,17.090322,5.5101466,-6.4194713,-7.819535,-1.1297444,-2.9270697,-18.608208,5.6334195,-8.11877,5.623569
231,0.6293339133262634,1.9966447353363037,107.19078826904297,-0.9348940486917475,3.3930948551486386,-85.94959575234023,-0.9683576,1.9372985,4.435801,-29.478333,-24.999998,-0.84501684,27.424892,-46.87668,43.972633,1.0369391,8.886096,11.163067,1.0539585,-25.806452,32.823902,51.50382,-14.042439,-0.62181014,-4.7170467,-0.590428,8.5118685,17.092136,5.510136,-6.4249167,-7.8188252,-1.1365238,-2.9281464,-18.603642,5.6337047,-8.122522,5.6249123
232,0.6308755278587341,1.986057162284851,107.18981170654297,-0.935387566462192,3.4049590285115303,-85.95214144601763,-0.9578532,1.934265,4.4453845,-29.475502,-24.999998,-0.85823834,27.426779,-46.879368,43.97453,1.0631565,8.901349,11.204178,1.033353,-25.808645,32.8401,51.486668,-14.093752,-0.61068654,-4.755302,-0.59743565,8.511709,17.094402,5.510091,-6.42988,-7.8197584,-1.1442318,-2.92826,-18.598352,5.633331,-8.126272,5.6261334
233,0.630060076713562,1.9744641780853271,107.18966674804688,-0.9378524359841486,3.4159359799115685,-85.95212773535025,-0.96096635,1.9338427,4.4516478,-29.463837,-24.999998,-0.8657737,27.4353,-46.880703,43.97781,1.0705429,8.908522,11.235586,0.9917771,-25.817936,32.899067,51.48177,-14.110026,-0.5995616,-4.794499,-0.6017533,8.515399,17.095522,5.5075827,-6.433774,-7.824608,-1.1496876,-2.9238768,-18.596767,5.6328535,-8.131609,5.6257944
234,0.6318101286888123,1.9653009176254272,107.18864440917969,-0.9419927253437452,3.4268524214040665,-85.9511290099034,-0.9548876,1.9346257,4.455883,-29.463177,-24.999998,-0.8769603,27.43811,-46.8781,43.9847,1.0891939,8.914841,11.25382,0.97100013,-25.820635,32.91156,51.46764,-14.149825,-0.5916435,-4.823469,-0.6098767,8.520386,17.094488,5.50821,-6.4378343,-7.8292346,-1.1565644,-2.9192333,-18.596043,5.633041,-8.135749,5.6265106
235,0.6365067362785339,1.9539239406585693,107.1884765625,-0.9457600886143575,3.4377143094060605,-85.95019237439693,-0.95172715,1.935965,4.4647427,-29.458796,-24.999998,-0.88951117,27.44172,-46.872326,43.992912,1.1031911,8.9172945,11.2734585,0.94433516,-25.82373,32.92426,51.45293,-14.181782,-0.5824637,-4.852181,-0.61531425,8.5227,17.094185,5.5077443,-6.44373,-7.832248,-1.1615748,-2.916873,-18.59606,5.6324973,-8.140206,5.629738
236,0.6401463150978088,1.942404866218567,107.18710327148438,-0.9464428845820834,3.4491187967756383,-85.9502075013956,-0.9481789,1.9356627,4.4709897,-29.449137,-24.999998,-0.8990877,27.44468,-46.86509,43.999702,1.1130122,8.919509,11.296861,0.9209707,-25.825985,32.932446,51.440216,-14.200223,-0.57802767,-4.8802323,-0.6207101,8.52155,17.093742,5.506067,-6.4487743,-7.833691,-1.1674981,-2.9179237,-18.594934,5.6319695,-8.144475,5.6332912
237,0.6423025727272034,1.9319748878479004,107.1864242553711,-0.9421436533346951,3.460401761147557,-85.95248090317688,-0.94845915,1.9315988,4.4775243,-29.425634,-24.999998,-0.8975285,27.450388,-46.84621,43.99831,1.1135224,8.920317,11.330513,0.89216477,-25.829857,32.942574,51.433758,-14.198253,-0.5799321,-4.9044847,-0.6269534,8.514749,17.093164,5.5058465,-6.454148,-7.832151,-1.1746802,-2.9246323,-18.591291,5.6320953,-8.148471,5.6372433
238,0.6456276774406433,1.9200328588485718,107.18550872802734,-0.9341741726727553,3.4717650503696507,-85.95624420784048,-0.9448317,1.9250716,4.480864,-29.404797,-24.999998,-0.89694136,27.455463,-46.830303,43.998352,1.1038026,8.920578,11.369555,0.8708142,-25.832973,32.942913,51.42719,-14.184174,-0.5852462,-4.9269495,-0.6319456,8.5023365,17.093248,5.5067315,-6.462001,-7.8278112,-1.1803187,-2.9366417,-18.586824,5.6307116,-8.152204,5.643416
239,0.6465128660202026,1.9112316370010376,107.18557739257812,-0.9270505771860479,3.4841959370441526,-85.95940548532622,-0.94383264,1.9196273,4.4854684,-29.377731,-24.999998,-0.89279723,27.46163,-46.807743,43.995045,1.1032461,8.921412,11.404617,0.8495502,-25.836475,32.93793,51.41909,-14.168134,-0.59260154,-4.9507384,-0.64041895,8.492398,17.091377,5.5056496,-6.4654207,-7.8241444,-1.1898686,-2.9460123,-18.58171,5.629479,-8.154073,5.647058
240,0.6486203670501709,1.899072289466858,107.18524169921875,-0.923271212343062,3.499505010618766,-85.96010962381808,-0.9437843,1.9174502,4.4893775,-29.351105,-24.999998,-0.88939387,27.467949,-46.783844,43.990646,1.129648,8.928591,11.427277,0.83231366,-25.839825,32.92928,51.403927,-14.159842,-0.5957457,-4.9831676,-0.65109795,8.486328,17.08783,5.5057864,-6.471066,-7.8219776,-1.2000347,-2.9516852,-18.578857,5.6286917,-8.158205,5.6509566
241,0.6474810838699341,1.886156439781189,107.18434143066406,-0.9260538241286279,3.518819573789567,-85.95687650746639,-0.94521266,1.921101,4.4905267,-29.332472,-24.999998,-0.89439523,27.472607,-46.76961,43.998634,1.1893755,8.938221,11.433493,0.8177889,-25.842144,32.92224,51.386623,-14.154982,-0.59541774,-5.032606,-0.6674737,8.491173,17.080555,5.505241,-6.474189,-7.8245535,-1.2146984,-2.9465098,-18.57825,5.628285,-8.163079,5.6504874
242,0.6525319814682007,1.871994137763977,107.18421936035156,-0.9323672973247349,3.541267286331604,-85.95116360752235,-0.9525221,1.9273318,4.499784,-29.30151,-24.999998,-0.8855943,27.487797,-46.719524,43.980663,1.3015237,8.956979,11.414179,0.81132543,-25.849411,32.89771,51.34546,-14.165895,-0.59058714,-5.086334,-0.68798333,8.496881,17.070679,5.5053215,-6.4784894,-7.824824,-1.2308688,-2.9405403,-18.579681,5.6277843,-8.168114,5.6530337
243,0.6567000150680542,1.8593509197235107,107.18299102783203,-0.9395316611231127,3.564118492916607,-85.94514347658391,-0.95713675,1.9348617,4.504091,-29.278769,-24.999998,-0.8842546,27.49928,-46.689075,43.9746,1.3983519,8.97628,11.401475,0.80487967,-25.854853,32.881126,51.31103,-14.169482,-0.58554727,-5.1449327,-0.7090835,8.503917,17.060436,5.504644,-6.4817276,-7.8258834,-1.2487762,-2.9330025,-18.58097,5.6267567,-8.171601,5.6544795
244,0.6599904894828796,1.8465768098831177,107.1814193725586,-0.9435793515599303,3.585513267646996,-85.94152818173706,-0.95749974,1.939892,4.5079966,-29.265543,-24.999998,-0.88751274,27.512371,-46.662045,43.9773,1.4584068,8.987425,11.398752,0.79661846,-25.861238,32.866016,51.28359,-14.167604,-0.58745885,-5.194423,-0.7287899,8.507874,17.052114,5.5044684,-6.4847918,-7.827239,-1.2653561,-2.9291503,-18.580566,5.6259108,-8.175291,5.656482
245,0.664574384689331,1.8354389667510986,107.1804428100586,-0.9443526166409353,3.6034548870808587,-85.94154018227202,-0.9532269,1.9437073,4.506596,-29.263994,-24.999998,-0.89356035,27.51732,-46.64988,43.989365,1.463293,8.994346,11.411574,0.78684205,-25.863918,32.859383,51.26746,-14.158155,-0.59408754,-5.233909,-0.741805,8.505624,17.04821,5.50134,-6.487453,-7.827229,-1.2792292,-2.930612,-18.577887,5.624492,-8.177448,5.6602454
246,0.6696966886520386,1.8222682476043701,107.17926025390625,-0.9428614044595055,3.6202525517283095,-85.943861503474,-0.94803894,1.945679,4.515481,-29.26519,-24.999998,-0.8883376,27.530704,-46.606373,43.98203,1.4622843,8.999416,11.4198265,0.7819801,-25.8721,32.840088,51.23522,-14.154286,-0.6030077,-5.2641373,-0.75245285,8.500396,17.046618,5.500403,-6.492949,-7.8274136,-1.2902681,-2.9352913,-18.574121,5.622891,-8.18092,5.6654553
247,0.6726263761520386,1.809860348701477,107.17862701416016,-0.9405952022727543,3.637232371613718,-85.94622224951446,-0.94195163,1.9470843,4.519941,-29.2716,-24.999998,-0.8881923,27.545687,-46.570705,43.98956,1.4409361,8.997897,11.439861,0.7751529,-25.881779,32.827095,51.21377,-14.145565,-0.61772996,-5.2904277,-0.7647032,8.495774,17.044424,5.5006204,-6.498096,-7.828413,-1.3032867,-2.9399333,-18.569801,5.622898,-8.184777,5.6693664
248,0.6768198609352112,1.7954140901565552,107.17744445800781,-0.9383199833006092,3.655057370627351,-85.94589911661416,-0.9341282,1.9488684,4.5204115,-29.27488,-24.999998,-0.89374435,27.553984,-46.55089,44.002277,1.4214562,9.005141,11.478634,0.77042115,-25.887308,32.819584,51.195415,-14.137309,-0.62800604,-5.317035,-0.7762247,8.490279,17.040691,5.499102,-6.50401,-7.828192,-1.3148443,-2.9449332,-18.568453,5.622326,-8.189885,5.6743383
249,0.6789310574531555,1.7806390523910522,107.17699432373047,-0.9356373278306854,3.6743379948985466,-85.9418930206671,-0.93829656,1.9494114,4.5405416,-29.265665,-24.999998,-0.85913295,27.587854,-46.458595,43.95041,1.4550403,9.023547,11.519218,0.7852941,-25.909723,32.784744,51.120487,-14.151741,-0.6300769,-5.327737,-0.79222304,8.486416,17.032623,5.499699,-6.5100594,-7.8278337,-1.3281292,-2.9489956,-18.57002,5.6227703,-8.196129,5.677912
250,0.6783701777458191,1.765986680984497,107.17604064941406,-0.9315885107147627,3.694658474417524,-85.93597818668711,-0.9360015,1.9485675,4.550612,-29.262281,-24.999998,-0.8507602,27.613268,-46.406025,43.939808,1.4638503,9.032771,11.582357,0.79484373,-25.925568,32.764297,51.075737,-14.153209,-0.6419288,-5.343561,-0.8096551,8.482481,17.022781,5.4990764,-6.5149255,-7.82777,-1.3413452,-2.952428,-18.573383,5.6213827,-8.202216,5.6799245
251,0.6806073784828186,1.749692440032959,107.17589569091797,-0.9283900905799846,3.71596002145848,-85.92939955423105,-0.9301612,1.9485554,4.5560784,-29.261795,-24.999998,-0.85691583,27.630175,-46.372562,43.95318,1.4660481,9.041826,11.656864,0.80207324,-25.935915,32.748703,51.0449,-14.158696,-0.65354574,-5.360885,-0.82699704,8.477744,17.012785,5.49882,-6.521937,-7.826363,-1.354199,-2.9564614,-18.577583,5.6198993,-8.208878,5.6838293
252,0.6805814504623413,1.7366353273391724,107.17487335205078,-0.9278622164730486,3.7377281503560993,-85.9237648380885,-0.9286232,1.9513217,4.573782,-29.25671,-24.999998,-0.8361957,27.667065,-46.298904,43.920128,1.4946233,9.066355,11.721161,0.8228965,-25.958712,32.71088,50.973965,-14.192359,-0.65190214,-5.3633003,-0.8463571,8.477616,17.003252,5.4968047,-6.525007,-7.8271284,-1.3707249,-2.9559498,-18.57962,5.6187544,-8.213392,5.6851864
253,0.6850045919418335,1.7230812311172485,107.17375183105469,-0.9308341309872344,3.761090079335061,-85.91976839307361,-0.92428774,1.9565804,4.5851374,-29.255634,-24.999998,-0.83237207,27.69298,-46.242275,43.923527,1.5247914,9.091652,11.784634,0.8317627,-25.975464,32.682606,50.92629,-14.246676,-0.64643866,-5.3608103,-0.86840534,8.479446,16.995152,5.497929,-6.530678,-7.8273206,-1.3893759,-2.9543018,-18.579256,5.618834,-8.21773,5.6890373
254,0.6905730366706848,1.710022211074829,107.17304992675781,-0.9368488238983752,3.785021280080854,-85.91623428141244,-0.9229218,1.9653503,4.6024737,-29.250372,-24.999998,-0.81212986,27.725197,-46.16064,43.901333,1.580033,9.135241,11.845171,0.8503278,-25.997522,32.64242,50.85105,-14.329817,-0.62434965,-5.346199,-0.890035,8.4839325,16.988348,5.4968615,-6.535159,-7.82808,-1.408747,-2.9493601,-18.578098,5.6181197,-8.220959,5.6929026
255,0.695183277130127,1.6952922344207764,107.17220306396484,-0.9425166671737583,3.8097276019061894,-85.91317972288554,-0.92519826,1.9743738,4.626484,-29.240786,-24.999998,-0.77597773,27.770866,-46.051064,43.8596,1.6432449,9.178675,11.903824,0.8738739,-26.029884,32.59173,50.76019,-14.415671,-0.601245,-5.3287845,-0.9122178,8.488895,16.981533,5.497098,-6.540721,-7.829734,-1.4282658,-2.9443128,-18.576635,5.6169076,-8.2244425,5.6964602
256,0.6991670727729797,1.6801508665084839,107.171142578125,-0.9454666770998477,3.8349695881732933,-85.91036043960179,-0.9230017,1.9812975,4.641678,-29.234295,-24.999998,-0.7622621,27.804522,-45.97161,43.864647,1.6682373,9.20022,11.977246,0.8878699,-26.054424,32.552895,50.70949,-14.467014,-0.5945168,-5.334574,-0.93401647,8.49053,16.973892,5.4961653,-6.5457177,-7.8304667,-1.4478484,-2.9420962,-18.575481,5.616111,-8.228949,5.6998544
257,0.7010354995727539,1.6677459478378296,107.16930389404297,-0.9440816848938357,3.8599232019903513,-85.90818339852389,-0.91997606,1.9859074,4.6574183,-29.222744,-24.999998,-0.741446,27.837267,-45.881905,43.86754,1.6721407,9.212602,12.06165,0.9092755,-26.07897,32.50118,50.656307,-14.492242,-0.59417135,-5.360297,-0.95734906,8.487897,16.963892,5.495823,-6.5488844,-7.829787,-1.4700363,-2.9444597,-18.573885,5.61649,-8.232258,5.7019234
258,0.7043236494064331,1.653505802154541,107.16818237304688,-0.9396022627870929,3.8852838424302227,-85.90677015226842,-0.91997,1.9888078,4.68459,-29.205688,-24.999998,-0.6925225,27.894348,-45.748497,43.827274,1.6781458,9.222943,12.144104,0.94922173,-26.122002,32.419476,50.567684,-14.511544,-0.5963055,-5.3881664,-0.98086184,8.480796,16.953114,5.496245,-6.552855,-7.8272657,-1.4912547,-2.9516172,-18.57259,5.616079,-8.235681,5.705595
259,0.7079042196273804,1.6388118267059326,107.1663589477539,-0.9350344304868484,3.9116014232185807,-85.90497625659825,-0.9142523,1.9912406,4.6996427,-29.19407,-24.999998,-0.67578346,27.931313,-45.661057,43.848274,1.6544261,9.217182,12.242928,0.9724867,-26.149988,32.36096,50.530888,-14.505926,-0.6075249,-5.433421,-1.0042094,8.472986,16.942257,5.4960847,-6.557559,-7.824486,-1.5134333,-2.9591134,-18.571283,5.615702,-8.239121,5.709456
260,0.710525393486023,1.6219685077667236,107.1660385131836,-0.9327490512988907,3.939482076923544,-85.90156156626503,-0.91074866,1.994682,4.727052,-29.180838,-24.999998,-0.636764,27.988659,-45.536457,43.831345,1.6660881,9.222877,12.336168,1.0144585,-26.194098,32.275623,50.459755,-14.517587,-0.6037343,-5.4631357,-1.0295854,8.469184,16.93113,5.496668,-6.562922,-7.823865,-1.5357951,-2.9626777,-18.570538,5.6155667,-8.244477,5.7125187
261,0.7153639197349548,1.6050472259521484,107.16434478759766,-0.9346062166556252,3.9691362534584798,-85.89551917144301,-0.90634364,1.9998007,4.753375,-29.171652,-24.999998,-0.609197,28.043882,-45.42584,43.832924,1.6949507,9.230081,12.432445,1.0505575,-26.236979,32.20163,50.40428,-14.529528,-0.5917347,-5.4846654,-1.0564958,8.469108,16.920084,5.4946227,-6.5672746,-7.8239975,-1.5590032,-2.962043,-18.570623,5.61438,-8.249407,5.7162924
262,0.7197285294532776,1.5907658338546753,107.16368103027344,-0.938217458000908,4.000592442502041,-85.88765984196672,-0.90167725,2.0057337,4.7810955,-29.163929,-24.999998,-0.58457726,28.10076,-45.31538,43.840828,1.7375897,9.2379875,12.530657,1.0862694,-26.281511,32.12895,50.35384,-14.5405445,-0.57356435,-5.501056,-1.0903883,8.472244,16.90666,5.4963284,-6.571381,-7.8248024,-1.586406,-2.958945,-18.570189,5.614151,-8.253336,5.7189617
263,0.7231845855712891,1.5739843845367432,107.1630630493164,-0.9423808386249009,4.032858740115501,-85.87995261870752,-0.8949904,2.0115166,4.8018517,-29.157862,-24.999998,-0.57650906,28.143866,-45.22255,43.89559,1.7669462,9.232809,12.640732,1.1116014,-26.315924,32.06606,50.345245,-14.54027,-0.56102437,-5.530309,-1.121987,8.476202,16.894413,5.4960265,-6.576117,-7.826651,-1.6134762,-2.9544015,-18.56965,5.613987,-8.258662,5.7212033
264,0.7252317667007446,1.5588912963867188,107.16289520263672,-0.9445013784839753,4.0654650213283245,-85.87445565183145,-0.89145297,2.0167015,4.8381724,-29.143698,-24.999998,-0.5318519,28.216066,-45.08075,43.89715,1.797393,9.236703,12.755775,1.1619761,-26.373585,31.969212,50.292946,-14.540542,-0.53644454,-5.5628977,-1.1548768,8.478249,16.882027,5.495298,-6.5787725,-7.8276534,-1.6423795,-2.9516857,-18.567213,5.613132,-8.2622595,5.722666
265,0.7279253005981445,1.545907974243164,107.16107177734375,-0.9431137270808294,4.098524454512564,-85.8727889776111,-0.8864091,2.019847,4.8733993,-29.125975,-24.999998,-0.4845567,28.294346,-44.944016,43.91488,1.779229,9.222787,12.894453,1.2103626,-26.434439,31.87654,50.263027,-14.5132475,-0.517711,-5.6259084,-1.1895825,8.4753065,16.870045,5.4970136,-6.5819063,-7.825588,-1.674416,-2.9546537,-18.56124,5.613408,-8.264269,5.7252064
266,0.7333595752716064,1.53059983253479,107.15995788574219,-0.9404917513163074,4.131742032977037,-85.87320115262119,-0.88028985,2.0222774,4.9069633,-29.10551,-24.999998,-0.43946928,28.37186,-44.811947,43.954956,1.7304746,9.195275,13.050649,1.2564771,-26.49307,31.785994,50.256817,-14.468903,-0.5022679,-5.7115946,-1.221687,8.468651,16.85954,5.497454,-6.5861506,-7.8211136,-1.7052319,-2.9609246,-18.55426,5.612952,-8.266304,5.730058
267,0.7404614090919495,1.5152047872543335,107.15845489501953,-0.9368731359330974,4.16648136462576,-85.87390039272293,-0.87639457,2.0230353,4.9492087,-29.081585,-24.999998,-0.37489837,28.472168,-44.65643,43.966766,1.6882929,9.179611,13.208563,1.3163768,-26.566664,31.677603,50.233944,-14.422704,-0.48057678,-5.7923713,-1.2548413,8.459392,16.848684,5.497503,-6.5908594,-7.8152957,-1.7382468,-2.9698734,-18.546778,5.6134677,-8.268283,5.7362785
268,0.7433674335479736,1.4981681108474731,107.15766906738281,-0.934672858062605,4.203256978304657,-85.87273319376142,-0.8729547,2.023773,4.991481,-29.059237,-24.999998,-0.31761315,28.57394,-44.502243,43.995464,1.6683981,9.180281,13.3603525,1.3762441,-26.638756,31.562504,50.229927,-14.378726,-0.45766795,-5.8567834,-1.2908791,8.455147,16.83585,5.497903,-6.594802,-7.813656,-1.771777,-2.9735317,-18.541058,5.612547,-8.271422,5.739309
269,0.743964672088623,1.4806064367294312,107.15620422363281,-0.9341807822176806,4.242239265097263,-85.86856087656808,-0.8698918,2.0238,5.0321875,-29.042625,-24.999998,-0.27099642,28.670885,-44.347908,44.04834,1.6913853,9.203898,13.501019,1.4365213,-26.705437,31.434937,50.249542,-14.348781,-0.43129915,-5.8947806,-1.3304881,8.455151,16.81933,5.4986167,-6.5980873,-7.8155637,-1.8080453,-2.973371,-18.537903,5.613268,-8.276347,5.740156
270,0.7445587515830994,1.461269736289978,107.15450286865234,-0.9339545178989276,4.283137281412209,-85.86272722176778,-0.8669511,2.0224338,5.077559,-29.028996,-24.999998,-0.22062741,28.777061,-44.179977,44.097866,1.7454596,9.247323,13.634142,1.5066218,-26.77647,31.28553,50.269173,-14.330364,-0.3992049,-5.9125786,-1.3707328,8.455461,16.801178,5.497571,-6.6012416,-7.818757,-1.8441505,-2.9722948,-18.536934,5.612317,-8.281678,5.7409916
271,0.7492387890815735,1.4429607391357422,107.15267944335938,-0.9339204575079985,4.326076394378339,-85.856677144778,-0.8632653,2.021339,5.1250334,-29.0126,-24.999998,-0.16913046,28.888048,-44.0057,44.15557,1.8027135,9.297098,13.76737,1.583689,-26.850155,31.122633,50.297016,-14.309088,-0.36885834,-5.927826,-1.414917,8.453576,16.782547,5.497211,-6.6043916,-7.8193207,-1.8832425,-2.9737592,-18.535059,5.611324,-8.285297,5.744243
272,0.7512176036834717,1.4241122007369995,107.15141296386719,-0.9326989375641632,4.3711143849370355,-85.85166419857906,-0.8582309,2.020475,5.1737666,-28.987492,-24.999998,-0.116911344,29.000015,-43.8265,44.23064,1.8394123,9.339758,13.906417,1.666734,-26.92723,30.950508,50.33768,-14.274014,-0.3472395,-5.956588,-1.4630667,8.4520645,16.765862,5.500241,-6.6088953,-7.820276,-1.9262278,-2.9753172,-18.529692,5.6125836,-8.290024,5.746168
273,0.756489634513855,1.404801607131958,107.1504135131836,-0.9298116433806819,4.4179901970317585,-85.84821377763416,-0.8512423,2.021164,5.229182,-28.950336,-24.999998,-0.054811794,29.122896,-43.630486,44.302174,1.8568207,9.376955,14.049977,1.7671161,-27.016651,30.75806,50.36525,-14.223259,-0.33028713,-5.996897,-1.5113117,8.4453535,16.75509,5.50133,-6.613844,-7.8172755,-1.9714825,-2.9813402,-18.52001,5.6131787,-8.292822,5.751065
274,0.7635862827301025,1.3850945234298706,107.1499252319336,-0.925143674064876,4.466805889339107,-85.84588397096232,-0.84243554,2.0223577,5.2881536,-28.905054,-24.999998,0.0105315745,29.251223,-43.42585,44.3815,1.8628033,9.411909,14.197164,1.8788407,-27.115446,30.552319,50.391304,-14.158388,-0.31676537,-6.04365,-1.5612872,8.434814,16.74803,5.501625,-6.618755,-7.811822,-2.01856,-2.9907753,-18.507305,5.6128364,-8.294349,5.757867
275,0.7680176496505737,1.3730549812316895,107.14876556396484,-0.9211686757162147,4.518162545369414,-85.84346770676724,-0.8335937,2.025757,5.3528776,-28.855202,-24.999998,0.08452685,29.39036,-43.210926,44.456326,1.8556482,9.448817,14.347341,2.006377,-27.227966,30.333347,50.409283,-14.084301,-0.3052071,-6.0969205,-1.6209707,8.426858,16.736727,5.5042534,-6.6194124,-7.8062963,-2.0738635,-2.997725,-18.492237,5.612195,-8.291117,5.7612615
276,0.7753350734710693,1.3539307117462158,107.14727783203125,-0.9196058217445858,4.572768064387912,-85.84012400358519,-0.8265149,2.0315454,5.4198284,-28.804224,-24.999998,0.16415475,29.534716,-42.995575,44.53619,1.8292987,9.487081,14.503933,2.1412163,-27.349487,30.114655,50.43769,-14.0003395,-0.2988604,-6.160627,-1.6797692,8.420595,16.720999,5.5050726,-6.6224885,-7.8017573,-2.1281555,-3.003182,-18.480297,5.6118054,-8.2918,5.7665086
277,0.7817185521125793,1.3348692655563354,107.14505004882812,-0.9221730914273198,4.630294450677012,-85.83570001847859,-0.82274455,2.0424542,5.4891095,-28.750792,-24.999998,0.25206915,29.685005,-42.779297,44.61848,1.772953,9.527567,14.665945,2.2828088,-27.480392,29.898005,50.47792,-13.896161,-0.3034313,-6.2376556,-1.7420759,8.420322,16.696396,5.506717,-6.625812,-7.7996583,-2.185864,-3.0026767,-18.47067,5.611467,-8.292808,5.7691774
278,0.7847481369972229,1.3161633014678955,107.14291381835938,-0.927843789853111,4.690004823789734,-85.83060024263506,-0.8216282,2.0579762,5.561892,-28.69354,-24.999998,0.34794128,29.841614,-42.559444,44.70304,1.6919186,9.56912,14.833321,2.4323385,-27.620775,29.680971,50.525986,-13.77342,-0.31663084,-6.3263493,-1.8086007,8.426807,16.665352,5.5074673,-6.625715,-7.800983,-2.2472134,-2.9959643,-18.461946,5.611799,-8.294221,5.768058
279,0.7932102084159851,1.2992554903030396,107.1396484375,-0.9326496942602256,4.754173923590075,-85.82493344950457,-0.8211246,2.0712519,5.6368103,-28.634596,-24.999998,0.45002118,30.004957,-42.333607,44.791912,1.6083666,9.61103,15.006908,2.5899575,-27.770502,29.460773,50.579807,-13.655029,-0.32710648,-6.4205933,-1.8815778,8.428332,16.631289,5.5088854,-6.6261177,-7.7981205,-2.3144345,-2.9940994,-18.453093,5.611456,-8.292593,5.770527
280,0.8010153770446777,1.2803573608398438,107.13804626464844,-0.93412428844443,4.823367936845955,-85.81819650824968,-0.81961215,2.078071,5.714409,-28.576775,-24.999998,0.5558546,30.175217,-42.09982,44.88616,1.5442778,9.652319,15.187376,2.7558532,-27.928244,29.235168,50.636024,-13.562959,-0.32354984,-6.5139875,-1.9605353,8.425899,16.597826,5.510417,-6.626313,-7.7943587,-2.3871212,-2.995817,-18.444183,5.61196,-8.291383,5.774004
281,0.8115924000740051,1.2627779245376587,107.136474609375,-0.9294502199023995,4.898699266333678,-85.81045557671722,-0.8162891,2.0733423,5.794555,-28.519308,-24.999998,0.66362363,30.352621,-41.858738,44.988586,1.5072454,9.692568,15.377931,2.9262254,-28.092752,29.005533,50.697197,-13.509517,-0.30141032,-6.608247,-2.0492237,8.413517,16.565353,5.512962,-6.6257854,-7.785983,-2.467482,-3.007002,-18.435186,5.611571,-8.286973,5.781636
282,0.8176965713500977,1.2412017583847046,107.13585662841797,-0.9210575890220929,4.979413283122523,-85.80168989784613,-0.81244475,2.060935,5.8775916,-28.460987,-24.999998,0.77566016,30.537207,-41.610455,45.096565,1.4849019,9.73257,15.577409,3.102205,-28.263355,28.772306,50.764626,-13.481292,-0.26757205,-6.7061076,-2.1428711,8.399149,16.533438,5.5158334,-6.625753,-7.779467,-2.5522864,-3.0197024,-18.426949,5.611348,-8.284389,5.788464
283,0.8269189596176147,1.215366244316101,107.1351547241211,-0.9124111808033875,5.064002194784815,-85.79214926035223,-0.80859077,2.047463,5.962447,-28.404776,-24.999998,0.89639205,30.728941,-41.351616,45.20538,1.4701208,9.773577,15.778957,3.2888668,-28.440605,28.531006,50.83711,-13.4628935,-0.22842523,-6.801021,-2.2388332,8.382667,16.50117,5.5185647,-6.627865,-7.7715726,-2.6391325,-3.0345955,-18.41859,5.6113205,-8.2831135,5.7977667
284,0.8366749882698059,1.192115306854248,107.1334228515625,-0.9068903585767459,5.151668403354627,-85.78249067543112,-0.80439216,2.0395122,6.0482016,-28.353642,-24.999998,1.030967,30.927523,-41.078503,45.308468,1.4559487,9.816825,15.976264,3.492671,-28.625288,28.275732,50.91016,-13.438443,-0.18960899,-6.885754,-2.339987,8.369656,16.465933,5.5204616,-6.6275854,-7.7634344,-2.7301774,-3.0454943,-18.407305,5.6100197,-8.279946,5.8050795
285,0.8457974791526794,1.1674323081970215,107.13006591796875,-0.906324824350622,5.242715047966265,-85.77249094702678,-0.8008482,2.0420208,6.1329308,-28.308697,-24.999998,1.1798613,31.132633,-40.791836,45.407524,1.4470477,9.862922,16.164886,3.7184324,-28.818626,28.001377,50.982006,-13.401562,-0.15440266,-6.9537635,-2.4443202,8.363563,16.42793,5.5230236,-6.6282215,-7.756992,-2.825492,-3.0498693,-18.392046,5.609898,-8.277787,5.809275
286,0.8574469089508057,1.1422133445739746,107.12739562988281,-0.9084157480068377,5.337761322725337,-85.76219907494067,-0.7962949,2.0504482,6.2179627,-28.269314,-24.999998,1.3407273,31.344088,-40.493492,45.50389,1.445606,9.9110155,16.34949,3.964061,-29.020905,27.70858,51.05184,-13.361427,-0.11850289,-7.0090175,-2.5531278,8.359042,16.387774,5.525632,-6.6293616,-7.749289,-2.925398,-3.0524359,-18.373825,5.6109133,-8.276113,5.8133135
287,0.8708571195602417,1.1148055791854858,107.1239242553711,-0.9109688240653814,5.435033458058316,-85.75143441311656,-0.7893078,2.058892,6.3083525,-28.234743,-24.999998,1.5112532,31.561998,-40.18042,45.59523,1.4399084,9.959996,16.534544,4.229104,-29.231466,27.40173,51.114475,-13.327808,-0.0760758,-7.0641136,-2.6626406,8.35399,16.346746,5.526151,-6.630169,-7.7412086,-3.025246,-3.0550137,-18.356152,5.60925,-8.2736635,5.8184915
288,0.8804278373718262,1.081887125968933,107.12019348144531,-0.9116550582575194,5.5333434805844455,-85.74021897617673,-0.7788551,2.060989,6.408661,-28.203323,-24.999998,1.6939801,31.78648,-39.847084,45.67527,1.4193892,10.008965,16.72642,4.511481,-29.44857,27.086966,51.16609,-13.309517,-0.021254001,-7.1313696,-2.7718277,8.349703,16.305319,5.5301943,-6.6349034,-7.736501,-3.1242385,-3.0575423,-18.341034,5.6107206,-8.276735,5.823189
289,0.8875560164451599,1.0553078651428223,107.1173095703125,-0.909808050829537,5.6324008758180755,-85.72851853143064,-0.76537347,2.0536513,6.5194926,-28.172789,-24.999998,1.891504,32.017826,-39.48357,45.743805,1.3842461,10.057132,16.928955,4.8113284,-29.669586,26.766003,51.20544,-13.313878,0.055766962,-7.222835,-2.885817,8.343201,16.260498,5.53117,-6.6326146,-7.7318444,-3.2281375,-3.0617115,-18.32758,5.6113267,-8.275414,5.826983
290,0.8990629315376282,1.0276241302490234,107.11415100097656,-0.9060619094898058,5.732921600041955,-85.71646364259264,-0.7513172,2.0396547,6.638553,-28.142487,-24.999998,2.106776,32.25621,-39.08965,45.800312,1.3409213,10.105799,17.13833,5.1235013,-29.89356,26.439846,51.240532,-13.33434,0.14806445,-7.3287807,-3.0011353,8.331448,16.21411,5.5342145,-6.63341,-7.7245483,-3.3323593,-3.071052,-18.316093,5.6107073,-8.272911,5.834938
291,0.9093893766403198,1.000217318534851,107.11177825927734,-0.9017413388844017,5.835027023619217,-85.70395679059212,-0.7388733,2.022931,6.766192,-28.113546,-24.999998,2.3392687,32.501934,-38.67659,45.841904,1.2873688,10.156296,17.34687,5.4437914,-30.121618,26.112953,51.276947,-13.358676,0.2371091,-7.4311576,-3.119103,8.3196335,16.167381,5.5376186,-6.6336117,-7.717561,-3.4403603,-3.0807316,-18.304314,5.6129746,-8.271481,5.8421702
292,0.9233582615852356,0.9734174013137817,107.1091079711914,-0.8972980681597809,5.9387299034410725,-85.69124235429915,-0.728857,2.0072966,6.9030776,-28.088417,-24.999998,2.585495,32.75497,-38.259743,45.86627,1.2190738,10.209951,17.54779,5.767646,-30.355637,25.790035,51.31867,-13.372616,0.30481142,-7.511182,-3.239429,8.305149,16.12247,5.540072,-6.6330824,-7.7076416,-3.5493166,-3.0924838,-18.29181,5.6137924,-8.268662,5.851026
293,0.9355183839797974,0.9430418014526367,107.1060791015625,-0.8913324639475321,6.043564954379211,-85.6771785694446,-0.72054577,1.9939475,7.0483336,-28.071663,-24.999998,2.8419566,33.015766,-37.844383,45.87389,1.1307144,10.267811,17.738346,6.098089,-30.597572,25.469023,51.366726,-13.375428,0.34017476,-7.5593586,-3.3587391,8.289703,16.081709,5.543086,-6.6350975,-7.697977,-3.6587083,-3.1050665,-18.27969,5.6163564,-8.268616,5.858833
294,0.9468520879745483,0.9128769636154175,107.10389709472656,-0.8834618715276152,6.150029977697356,-85.66219771466446,-0.7116931,1.9800392,7.201628,-28.062502,-24.999998,3.108373,33.284462,-37.4272,45.867077,1.0230234,10.328641,17.92326,6.4381638,-30.848463,25.146324,51.416958,-13.372539,0.3551453,-7.586511,-3.479731,8.271845,16.043072,5.544352,-6.6355777,-7.6873755,-3.7694588,-3.1190753,-18.26776,5.6177635,-8.267956,5.865979
295,0.960776686668396,0.8839991688728333,107.10010528564453,-0.8775899278107618,6.258470377292267,-85.64832348149112,-0.7020645,1.9685361,7.365646,-28.054476,-24.999998,3.3868155,33.559498,-37.00999,45.8467,0.90111536,10.389558,18.106794,6.7901187,-31.10679,24.824743,51.45892,-13.358204,0.3677336,-7.6075516,-3.6057823,8.25537,16.003351,5.548783,-6.636902,-7.675761,-3.8844945,-3.1326435,-18.253035,5.62144,-8.267064,5.8738575
296,0.9751870036125183,0.8560957312583923,107.09626770019531,-0.8770428495335962,6.369479905031516,-85.63767551403512,-0.6920272,1.9601368,7.541675,-28.040607,-24.999998,3.6735108,33.838696,-36.59586,45.820953,0.76921386,10.446915,18.290155,7.153123,-31.370955,24.508589,51.487846,-13.32817,0.39453897,-7.63836,-3.7342713,8.244844,15.961975,5.5521755,-6.637266,-7.665977,-4.00414,-3.1400552,-18.233072,5.6245437,-8.263872,5.880501
297,0.9937590956687927,0.8281598687171936,107.09156799316406,-0.8850500921165759,6.480396120977644,-85.63403738867062,-0.68003726,1.9579262,7.73261,-28.02234,-24.999998,3.9711618,34.119823,-36.183792,45.792255,0.6194592,10.497028,18.476496,7.520278,-31.640617,24.20026,51.50993,-13.272297,0.44068834,-7.677781,-3.860052,8.242068,15.922285,5.5544424,-6.638967,-7.6579814,-4.1243887,-3.1397378,-18.20482,5.6273026,-8.259253,5.88777
298,1.0099252462387085,0.8042128682136536,107.08753967285156,-0.8986978696136626,6.592017009725839,-85.6352885302559,-0.66701305,1.9603544,7.936107,-28.001627,-24.999998,4.276767,34.402004,-35.772743,45.762566,0.45300326,10.541213,18.662352,7.8920345,-31.915573,23.899315,51.528244,-13.195448,0.49663034,-7.7197866,-3.9883223,8.247346,15.882658,5.5569124,-6.638647,-7.6531897,-4.2498875,-3.1313014,-18.169046,5.630763,-8.251909,5.891332
299,1.0290873050689697,0.7787545323371887,107.08287048339844,-0.9132435906539966,6.709400200943396,-85.63446364213894,-0.65553397,1.9624071,8.145482,-27.974129,-24.999998,4.5888314,34.68503,-35.366604,45.730106,0.2893606,10.58446,18.847977,8.279653,-32.194096,23.603407,51.53503,-13.115901,0.55644894,-7.772168,-4.124811,8.2525,15.837192,5.5605526,-6.6381435,-7.646965,-4.3807454,-3.1232958,-18.134296,5.6339307,-8.244171,5.8965497
300,1.045863151550293,0.7540297508239746,107.07747650146484,-0.9236458181204151,6.837638320844502,-85.62428575345581,-0.64779365,1.9597045,8.35488,-27.936092,-24.999998,4.9020967,34.969048,-34.97181,45.69515,0.1462738,10.631215,19.031668,8.694208,-32.472454,23.309523,51.521976,-13.051652,0.61412156,-7.842189,-4.2779818,8.254105,15.778776,5.5640497,-6.6332355,-7.638861,-4.5236816,-3.117758,-18.106865,5.636932,-8.235658,5.9004035
301,1.0612945556640625,0.7183007001876831,107.07160186767578,-0.9293474136141395,6.980308415869567,-85.59803488019912,-0.644979,1.9501463,8.560369,-27.88552,-24.999998,5.2055287,35.25568,-34.598278,45.667316,0.025226127,10.681,19.213741,9.1367655,-32.745903,23.020786,51.491394,-13.022607,0.67351687,-7.937256,-4.4484973,8.252834,15.70071,5.569982,-6.629275,-7.6300783,-4.673921,-3.1148384,-18.095964,5.6402974,-8.234284,5.905106
302,1.0754904747009277,0.6835340857505798,107.06585693359375,-0.9314404099960804,7.1343065602778415,-85.56127414370603,-0.6441838,1.9343662,8.7646055,-27.826256,-24.999998,5.502361,35.545513,-34.24515,45.645386,-0.085119836,10.732191,19.395632,9.603298,-33.01295,22.734806,51.450195,-13.016793,0.73438734,-8.053597,-4.63781,8.248429,15.606498,5.577123,-6.620904,-7.6190057,-4.836164,-3.1141436,-18.093613,5.6424756,-8.231354,5.9088993
303,1.0872626304626465,0.6491622924804688,107.05992126464844,-0.9320969241097922,7.293629948522704,-85.52451119254371,-0.64160234,1.9162889,8.972755,-27.763939,-24.999998,5.806409,35.836098,-33.90164,45.614025,-0.18334132,10.788134,19.575575,10.090021,-33.27671,22.440208,51.400845,-13.00474,0.7846068,-8.177064,-4.834151,8.243173,15.51169,5.5836196,-6.610475,-7.6083016,-5.0065303,-3.113654,-18.08902,5.6462245,-8.228146,5.9111094
304,1.0716073513031006,0.6138543486595154,107.05448150634766,-0.9315179056041807,7.452924064086196,-85.49867359752267,-0.6333545,1.8994886,9.190575,-27.70334,-24.999998,6.1286445,36.122852,-33.55447,45.560062,-0.2658383,10.851773,19.749662,10.598965,-33.543484,22.122726,51.33789,-12.956814,0.8141617,-8.293772,-5.0280347,8.252329,15.431647,5.5889893,-6.5960917,-7.6145487,-5.1797366,-3.096906,-18.071066,5.649852,-8.228586,5.8960843
305,1.0826904773712158,0.5786786675453186,107.04850006103516,-0.9285696485434981,7.608304480658816,-85.49117695637712,-0.61550885,1.885893,9.422285,-27.647184,-24.999998,6.4762373,36.399334,-33.198093,45.473606,-0.3083585,10.939456,19.914757,11.132962,-33.820805,21.770874,51.253525,-12.852727,0.816474,-8.39596,-5.211286,8.238951,15.378136,5.598085,-6.5954213,-7.6044855,-5.352252,-3.1037543,-18.033583,5.654869,-8.222256,5.9006157
306,1.108925700187683,0.5464972257614136,107.0410385131836,-0.9236916051454586,7.7636275097568666,-85.4948397335157,-0.59062,1.8770052,9.665516,-27.592796,-24.999998,6.834441,36.66287,-32.83798,45.372112,-0.31577504,11.041859,20.069798,11.701592,-34.110455,21.387466,51.13616,-12.7109,0.80268264,-8.490608,-5.3911552,8.21119,15.340464,5.6049814,-6.598023,-7.584135,-5.5288973,-3.1247933,-17.983027,5.660206,-8.209596,5.9159584
307,1.153751015663147,0.5201085209846497,107.03402709960938,-0.9201566203532151,7.924420310801323,-85.49817705161452,-0.5626132,1.874071,9.915048,-27.538883,-24.999998,7.202337,36.915997,-32.47599,45.268238,-0.3267176,11.124617,20.225609,12.313227,-34.409473,20.978998,50.982784,-12.559808,0.7860861,-8.584988,-5.580925,8.172183,15.299519,5.6125045,-6.601125,-7.551402,-5.7167587,-3.1570988,-17.92961,5.6664934,-8.18884,5.941816
308,1.2011576890945435,0.48904553055763245,107.02684020996094,-0.9185203849640466,8.097081145283479,-85.48997901765321,-0.53657615,1.8747406,10.165,-27.482468,-24.999998,7.5823584,37.165485,-32.111027,45.168987,-0.38194475,11.1552305,20.3924,12.969667,-34.710945,20.55666,50.79709,-12.428631,0.7786487,-8.686516,-5.7866726,8.135337,15.239668,5.620207,-6.6022534,-7.51867,-5.9128947,-3.1866791,-17.886045,5.6728826,-8.170946,5.9680233
309,1.2271006107330322,0.45630064606666565,107.01766967773438,-0.9224711106121981,8.285119169019872,-85.46558930976477,-0.5152213,1.879492,10.41423,-27.421585,-24.999998,7.9732237,37.418755,-31.741796,45.07261,-0.4958462,11.117525,20.573643,13.668061,-35.009926,20.128414,50.582363,-12.317831,0.77709866,-8.800433,-6.018266,8.121211,15.151327,5.6296735,-6.593426,-7.501324,-6.1249614,-3.1923425,-17.854635,5.680144,-8.157963,5.9763923
310,1.2452322244644165,0.42818567156791687,107.00852966308594,-0.9288532492695417,8.485133679290984,-85.43187220209384,-0.49708593,1.8848709,10.664925,-27.356077,-24.999998,8.384812,37.678486,-31.364767,44.963554,-0.64947724,11.034744,20.764923,14.400634,-35.30472,19.692753,50.346226,-12.214827,0.77411866,-8.923225,-6.2723103,8.115587,15.044118,5.6391587,-6.575119,-7.48865,-6.3538966,-3.188468,-17.827871,5.688357,-8.14311,5.9765725
311,1.26060152053833,0.3955181837081909,106.99859619140625,-0.9357074560191031,8.69165789561049,-85.39369468736464,-0.48397255,1.8878853,10.918469,-27.284317,-24.999998,8.828264,37.943977,-30.974794,44.83592,-0.8312222,10.932807,20.960642,15.155805,-35.592796,19.248783,50.10295,-12.131196,0.7749974,-9.048861,-6.5335984,8.112763,14.929826,5.649822,-6.557518,-7.4783874,-6.5867543,-3.1809251,-17.804882,5.6971183,-8.131808,5.9749303
312,1.277989387512207,0.3623819351196289,106.98812866210938,-0.9396469692721866,8.899328069782994,-85.35647886350888,-0.47644213,1.8837361,11.174868,-27.20593,-24.999998,9.318582,38.212162,-30.565386,44.683754,-1.0278223,10.837547,21.157475,15.92283,-35.87221,18.79473,49.869064,-12.0796995,0.7843697,-9.171447,-6.8098516,8.108149,14.812052,5.6876845,-6.554616,-7.465242,-6.8212814,-3.178544,-17.780785,5.706725,-8.120274,5.9762535
313,1.295467495918274,0.32090577483177185,106.97510528564453,-0.9398866520521495,9.108301615218577,-85.32019533171699,-0.4764984,1.8696284,11.433459,-27.118155,-24.999998,9.862337,38.48148,-30.131529,44.503773,-1.2490771,10.746213,21.359549,16.695936,-36.14099,18.33325,49.644474,-12.082479,0.810216,-9.288384,-7.1575623,8.118008,14.669205,5.871153,-6.630438,-7.452132,-7.0513544,-3.180463,-17.757727,5.7153025,-8.1128,5.981156
314,1.3062927722930908,0.2714167833328247,106.96305847167969,-0.9385334864271053,9.320983639906038,-85.2822368313482,-0.48469436,1.8479059,11.693921,-27.021046,-24.999998,10.452959,38.75179,-29.67271,44.300514,-1.4950777,10.648174,21.565964,17.476519,-36.39849,17.867659,49.42801,-12.128159,0.8466549,-9.403298,-7.4700837,8.120997,14.539784,5.9874964,-6.675552,-7.4426622,-7.2822466,-3.1795352,-17.736675,5.7266436,-8.111947,5.9836836
315,1.3307108879089355,0.223885178565979,106.94853210449219,-0.9358764458547567,9.53577588274022,-85.24445214303455,-0.49874136,1.822236,11.956477,-26.917776,-24.999998,11.085182,39.020412,-29.191202,44.081615,-1.7385964,10.555449,21.76659,18.266378,-36.644287,17.39755,49.23034,-12.177389,0.8786848,-9.519353,-7.8232837,8.122282,14.395268,6.1761775,-6.7588067,-7.4242473,-7.515406,-3.1890562,-17.714788,5.7361355,-8.106348,5.995365
316,1.361578106880188,0.17492149770259857,106.93266296386719,-0.9324955030499108,9.750807113063797,-85.20842627593554,-0.51588374,1.7964596,12.221906,-26.81204,-24.999998,11.751615,39.282833,-28.690697,43.85737,-1.9512979,10.47985,21.95176,19.073528,-36.878544,16.91854,49.058605,-12.191621,0.8917384,-9.641358,-8.18535,8.120255,14.249065,6.3853836,-6.855125,-7.402519,-7.748225,-3.20403,-17.690504,5.746538,-8.100953,6.0116224
317,1.3990864753723145,0.12896659970283508,106.91487884521484,-0.9281219880425811,9.96372389216633,-85.17484398946388,-0.53321093,1.7734286,12.490366,-26.70731,-24.999998,12.441087,39.53636,-28.17257,43.63584,-2.128491,10.423901,22.099966,19.90914,-37.10316,16.424583,48.91278,-12.148345,0.8706868,-9.775792,-8.56338,8.1159,14.099056,6.6297874,-6.9702725,-7.376519,-7.9814963,-3.225342,-17.662285,5.7582116,-8.093211,6.032068
318,1.4312700033187866,0.07462316751480103,106.8980484008789,-0.9217804967824348,10.176130127062898,-85.14288028678517,-0.5510171,1.750598,12.76092,-26.60243,-24.999998,13.1547165,39.779602,-27.639076,43.41695,-2.2835984,10.380092,22.222357,20.771523,-37.318943,15.914539,48.785614,-12.072775,0.8279167,-9.917772,-8.900679,8.103767,13.9670515,6.8095775,-7.057625,-7.354663,-8.20942,-3.2453544,-17.633127,5.7706285,-8.091894,6.0509324
319,1.452894926071167,0.02292795479297638,106.88098907470703,-0.916920338143454,10.392590075196342,-85.1112826584652,-0.5723972,1.7296246,13.031615,-26.494125,-24.999998,13.895474,40.008663,-27.099226,43.20561,-2.415933,10.344009,22.355877,21.641237,-37.522274,15.396702,48.679123,-11.997567,0.78929204,-10.054144,-9.241386,8.098305,13.833995,6.980802,-7.135693,-7.3390403,-8.445001,-3.2560132,-17.60108,5.7838793,-8.090601,6.061341
320,1.4805938005447388,-0.03300348296761513,106.8633804321289,-0.9159725336472568,10.618065100973473,-85.0789921930351,-0.5990806,1.7091193,13.298672,-26.380148,-24.999998,14.664428,40.218643,-26.564016,43.00995,-2.5235474,10.310973,22.538853,22.493822,-37.708942,14.880302,48.60402,-11.957355,0.7790606,-10.172638,-9.604869,8.096627,13.690967,7.1787,-7.228422,-7.321807,-8.688682,-3.2649596,-17.56829,5.7977843,-8.089922,6.0741982
321,1.505773663520813,-0.08106514066457748,106.84259796142578,-0.9205638458561195,10.855109868177676,-85.04442336912086,-0.6339149,1.6905087,13.559872,-26.255447,-24.999998,15.460491,40.40614,-26.042812,42.839977,-2.598329,10.275068,22.80098,23.322918,-37.87487,14.366546,48.568336,-11.975112,0.8120141,-10.276072,-10.028151,8.111099,13.521115,7.4486203,-7.3480196,-7.306631,-8.950577,-3.2640688,-17.533333,5.810454,-8.08297,6.080787
322,1.5302850008010864,-0.13368313014507294,106.82148742675781,-0.9299270934710413,11.101009249980164,-85.00868744606936,-0.67332447,1.6744545,13.815042,-26.124643,-24.999998,16.270182,40.570053,-25.537224,42.702606,-2.6423883,10.238455,23.114222,24.138472,-38.019623,13.852204,48.57257,-12.030412,0.8708271,-10.3709135,-10.461268,8.131214,13.345243,7.7193923,-7.467769,-7.2942653,-9.220684,-3.2557285,-17.497879,5.8244834,-8.078507,6.0848756
323,1.5619893074035645,-0.1951359510421753,106.79611206054688,-0.9399967816800344,11.352521068569413,-84.97425899383782,-0.71096194,1.6579074,14.064648,-25.998764,-24.999998,17.084188,40.708744,-25.04458,42.595634,-2.6696713,10.208436,23.432695,24.938124,-38.14346,13.3461,48.61389,-12.089333,0.93332833,-10.449342,-10.923261,8.153575,13.160012,8.043914,-7.62005,-7.2799363,-9.4927845,-3.2511847,-17.46138,5.840882,-8.078288,6.094927
324,1.5947846174240112,-0.26232314109802246,106.76852416992188,-0.9477568564140592,11.606837460280818,-84.94369317509786,-0.74270916,1.6383872,14.308788,-25.88655,-24.999998,17.886242,40.820686,-24.56103,42.52338,-2.694597,10.192248,23.705696,25.706526,-38.248016,12.8658695,48.699142,-12.116006,0.9760407,-10.501533,-11.386796,8.171885,12.9802265,8.374973,-7.7799726,-7.26486,-9.767393,-3.2508404,-17.420809,5.861236,-8.081918,6.1082773
325,1.6240922212600708,-0.32301172614097595,106.73847198486328,-0.951152184697945,11.86099153145453,-84.91723865549127,-0.76758236,1.6134416,14.547887,-25.790602,-24.999998,18.674036,40.90205,-24.091274,42.50128,-2.714705,10.183114,23.932886,26.435844,-38.333965,12.435025,48.851097,-12.085944,0.98651737,-10.536822,-11.86364,8.187092,12.802267,8.726118,-7.9468784,-7.2482085,-10.047781,-3.2543716,-17.37472,5.883051,-8.081962,6.12138
326,1.6631355285644531,-0.3806097209453583,106.70360565185547,-0.9534917452812791,12.117634223070981,-84.89376993124236,-0.7928592,1.5850506,14.784973,-25.700905,-24.999998,19.472567,40.956944,-23.613518,42.503914,-2.7180994,10.183964,24.133642,27.139706,-38.40785,12.03518,49.044483,-12.024696,0.9826635,-10.553594,-12.381459,8.201065,12.613256,9.149286,-8.150956,-7.2243223,-10.336354,-3.2670248,-17.323927,5.909817,-8.079384,6.1419477
327,1.698983073234558,-0.44308286905288696,106.66383361816406,-0.9555026123529033,12.38143162266106,-84.87384821748313,-0.82223016,1.5530541,15.013412,-25.611595,-24.999998,20.276865,40.985325,-23.125177,42.51837,-2.714965,10.205793,24.296822,27.803616,-38.470165,11.658378,49.263065,-11.959419,0.9779426,-10.536566,-12.9190445,8.218399,12.421246,9.600005,-8.3702755,-7.2034354,-10.665746,-3.288248,-17.257496,6.004925,-8.112559,6.1616745
328,1.7346643209457397,-0.5151758193969727,106.620361328125,-0.9594113915499669,12.657005977495102,-84.8582090539158,-0.84892726,1.5200888,15.210011,-25.527874,-24.999998,21.014055,40.984478,-22.712755,42.602173,-2.7513678,10.248031,24.423367,28.382421,-38.507412,11.34453,49.550777,-11.895266,0.9737786,-10.489776,-13.471562,8.238478,12.227934,10.063973,-8.600022,-7.1858425,-11.256326,-3.38361,-17.105501,6.600714,-8.398354,6.1844816
329,1.7690712213516235,-0.5827571749687195,106.57219696044922,-0.9655541516623768,12.942265999834115,-84.84577322882049,-0.88543063,1.4870775,15.404512,-25.44049,-24.999998,21.784393,40.955975,-22.23924,42.65031,-2.7783086,10.339545,24.476526,28.951658,-38.531273,10.985296,49.79181,-11.888688,0.9918164,-10.363907,-14.061684,8.264432,12.023086,10.57074,-8.847204,-7.1701016,-11.882239,-3.479435,-16.939201,7.2348204,-8.699131,6.2033987
330,1.8055168390274048,-0.6346118450164795,106.51995849609375,-0.9726985221754753,13.235900804685372,-84.83674752493036,-0.91880584,1.4534292,15.5770445,-25.362259,-24.999998,22.503006,40.902546,-21.8218,42.75683,-2.8382757,10.457791,24.48066,29.464796,-38.532124,10.662595,50.079483,-11.888401,1.0099672,-10.19532,-14.697955,8.2916765,11.804145,11.126304,-9.109419,-7.150723,-12.549996,-3.5797396,-16.756294,7.9077287,-9.007396,6.219819
331,1.844313383102417,-0.7038940787315369,106.46243286132812,-0.9777572601739414,13.542588752269541,-84.83322888109217,-0.94585586,1.4168504,15.730635,-25.287922,-24.999998,23.187592,40.81915,-21.428202,42.882244,-2.887194,10.589361,24.463549,29.926872,-38.51071,10.349164,50.38996,-11.906618,1.0350865,-10.010219,-15.343675,8.314798,11.588516,11.693923,-9.38675,-7.132697,-13.229917,-3.683371,-16.564287,8.592014,-9.328406,6.240777
332,1.8716460466384888,-0.781019389629364,106.39794158935547,-0.9793585479414655,13.867809597556853,-84.83737141235736,-0.9580969,1.3763814,15.856273,-25.21761,-24.999998,23.799622,40.707268,-21.09373,43.041016,-2.9138446,10.714077,24.456165,30.292711,-38.46987,10.072077,50.762287,-11.928775,1.0640115,-9.840239,-16.016443,8.3398285,11.3718,12.280576,-9.673068,-7.120457,-13.961816,-3.7897472,-16.348812,9.337442,-9.681554,6.2568216
333,1.9036449193954468,-0.8543415069580078,106.32572174072266,-0.9769883561972535,14.217698585389906,-84.8526834838168,-0.95075446,1.3323743,15.949306,-25.145199,-24.999998,24.34544,40.563847,-20.817862,43.230286,-2.911903,10.831136,24.48262,30.572823,-38.412395,9.827557,51.194332,-11.9518,1.0977894,-9.6848135,-16.744122,8.356368,11.14755,12.913749,-9.977746,-7.100287,-14.757055,-3.9084568,-16.103092,10.133597,-10.049485,6.2771463
334,1.9491539001464844,-0.9275286197662354,106.24772644042969,-0.9724011877128893,14.587764150354053,-84.87714863350887,-0.9278048,1.2871041,16.01422,-25.074156,-24.999998,24.831644,40.388615,-20.595219,43.453568,-2.890508,10.947664,24.523026,30.77636,-38.340466,9.610104,51.67852,-11.97922,1.1366278,-9.528763,-17.511127,8.360051,10.91978,13.581308,-10.300167,-7.068889,-15.581939,-4.035464,-15.8394165,10.931596,-10.410232,6.3069987
335,1.9881519079208374,-0.9966638684272766,106.16061401367188,-0.9649552490594384,14.966658318790891,-84.90423552680032,-0.9004035,1.2404218,16.060295,-25.013025,-24.999998,25.237812,40.18571,-20.429068,43.718967,-2.8552704,11.057621,24.53921,30.876602,-38.254032,9.432278,52.216454,-12.011792,1.1809025,-9.384346,-18.318758,8.365887,10.680749,14.300205,-10.643442,-7.0398326,-16.459923,-4.1682987,-15.555284,11.8026,-10.803692,6.3331227
336,2.0359480381011963,-1.0690354108810425,106.06295013427734,-0.9545172617008318,15.343007765116456,-84.92754307213445,-0.88488716,1.1893682,16.0937,-24.964539,-24.999998,25.559761,39.96119,-20.317516,44.0272,-2.8168383,11.155198,24.49776,30.888678,-38.149345,9.300367,52.77833,-12.049264,1.2334644,-9.281995,-19.155869,8.36749,10.428866,15.08758,-11.026316,-7.0074906,-17.362873,-4.3157835,-15.264123,12.733302,-11.228781,6.3667145
337,2.0730321407318115,-1.1563845872879028,105.95281982421875,-0.9385045049705595,15.715789825274202,-84.94636460603351,-0.87917715,1.129993,16.113678,-24.94426,-24.999998,25.802608,39.719124,-20.25307,44.378273,-2.7703776,11.242372,24.381376,30.765978,-38.022472,9.215547,53.41242,-12.10103,1.2861412,-9.20476,-20.001053,8.373235,10.172148,15.916453,-11.438379,-6.986567,-18.292593,-4.470289,-14.964841,13.74472,-11.707231,6.3973846
338,2.114992618560791,-1.2357810735702515,105.82984924316406,-0.9169234674431851,16.089669529330944,-84.9636352612748,-0.8791568,1.0614454,16.117313,-24.942997,-24.999998,25.985455,39.46041,-20.229586,44.756798,-2.7157063,11.323397,24.214663,30.536764,-37.870766,9.1726,54.10226,-12.163952,1.3404127,-9.155265,-20.88571,8.371631,9.902396,16.811316,-11.881466,-6.9612155,-19.266815,-4.6403956,-14.648583,14.826849,-12.215218,6.4318557
339,2.158217191696167,-1.3086614608764648,105.69369506835938,-0.8912936551815359,16.461321679067687,-84.97764666597514,-0.8812313,0.9876629,16.114729,-24.944714,-24.999998,26.071314,39.191883,-20.271757,45.168167,-2.664279,11.397346,24.010962,30.209806,-37.70048,9.187896,54.821186,-12.221404,1.4029132,-9.147041,-21.805088,8.366657,9.618059,17.769857,-12.3534,-6.9336357,-20.275463,-4.820406,-14.320756,15.970535,-12.75031,6.4681563
340,2.1992084980010986,-1.3793268203735352,105.54500579833984,-0.86430186305836,16.82713138770879,-84.98698136650829,-0.8782126,0.91495067,16.113625,-24.937181,-24.999998,26.036493,38.92268,-20.41362,45.607254,-2.63659,11.462905,23.795206,29.782833,-37.52136,9.289421,55.55327,-12.246294,1.4794863,-9.189233,-22.749834,8.363754,9.318979,18.78558,-12.851864,-6.9070935,-21.301537,-5.002521,-13.989446,17.158731,-13.308127,6.5044622
341,2.2406136989593506,-1.4554173946380615,105.37906646728516,-0.836721760161968,17.187145275791387,-84.99415341119591,-0.86635953,0.84339315,16.112522,-24.918768,-24.999998,25.873114,38.65759,-20.674292,46.083984,-2.6726193,11.522604,23.576313,29.259478,-37.33858,9.4935665,56.297993,-12.216583,1.5774906,-9.308739,-23.729052,8.365492,9.003947,19.886433,-13.396084,-6.881907,-22.352802,-5.190874,-13.650829,18.41567,-13.904819,6.5440645
342,2.28365421295166,-1.5213323831558228,105.19608306884766,-0.807708191056851,17.542178781872884,-84.99898769557196,-0.8503836,0.7706944,16.106718,-24.89555,-24.999998,25.595404,38.39715,-21.044512,46.59713,-2.7652304,11.576958,23.343277,28.643684,-37.15171,9.790688,57.061737,-12.138874,1.6915408,-9.49332,-24.75009,8.366661,8.671119,21.065802,-13.974502,-6.853944,-23.439161,-5.385995,-13.300355,19.736826,-14.528081,6.5851555
343,2.330548048019409,-1.5803169012069702,104.99595642089844,-0.7763444607057555,17.88896175076476,-84.9959507856731,-0.8373427,0.70075125,16.099245,-24.864635,-24.999998,25.204897,38.143482,-21.51484,47.131428,-2.8637996,11.621821,23.083534,27.915207,-36.960278,10.1790085,57.85189,-12.028952,1.8064989,-9.687366,-25.800432,8.363363,8.319108,22.310179,-14.58252,-6.823049,-24.547487,-5.5891304,-12.94379,21.111328,-15.175703,6.6302366
344,2.368622303009033,-1.6440768241882324,104.77918243408203,-0.7425395992257,18.224966934796985,-84.9796214450599,-0.8360252,0.6353359,16.093245,-24.82096,-24.999998,24.702698,37.900284,-22.073387,47.672092,-2.918333,11.653325,22.783415,27.06543,-36.765396,10.653543,58.66618,-11.902937,1.9083118,-9.840395,-26.860394,8.362724,7.947646,23.596512,-15.211727,-6.8005214,-25.65755,-5.7903438,-12.590818,22.525156,-15.851757,6.672834
345,2.387605905532837,-1.7087827920913696,104.54582214355469,-0.7080116885680264,18.55312384267496,-84.9469141792588,-0.85459644,0.5759827,16.087069,-24.751904,-24.999998,24.099077,37.665447,-22.718266,48.20924,-2.9146855,11.680987,22.449049,26.09112,-36.5625,11.2115965,59.506416,-11.743553,1.994992,-9.958181,-27.934788,8.370472,7.5493155,24.91593,-15.852026,-6.79194,-26.772726,-5.9796243,-12.243085,23.975918,-16.55459,6.7045135
346,2.4189107418060303,-1.7640553712844849,104.29144287109375,-0.6725801232007903,18.873409496877997,-84.90126575317174,-0.88743013,0.5208823,16.080484,-24.662537,-24.999998,23.395506,37.436417,-23.449905,48.74722,-2.880004,11.704111,22.082214,25.00461,-36.347588,11.852079,60.36715,-11.549402,2.0736663,-10.062375,-29.045467,8.367228,7.1233497,26.30813,-16.525429,-6.775427,-27.908094,-6.1804256,-11.890924,25.475191,-17.277212,6.74531
347,2.4653594493865967,-1.815459132194519,104.01673126220703,-0.632710946354042,19.178807197925657,-84.84687858605874,-0.92165,0.46860218,16.079016,-24.576458,-24.999998,22.579315,37.21773,-24.26335,49.290432,-2.8295968,11.704089,21.66301,23.801315,-36.123444,12.581837,61.249855,-11.357634,2.1427662,-10.117752,-30.166887,8.347825,6.6868763,27.754576,-17.2283,-6.750476,-29.048565,-6.3993154,-11.535573,27.013546,-18.018381,6.7996597
348,2.5308611392974854,-1.8594095706939697,103.72450256347656,-0.5841868429948247,19.4617975749561,-84.78779525025107,-0.94807255,0.4159556,16.087646,-24.513365,-24.999998,21.639215,37.017807,-25.151772,49.840458,-2.7829769,11.66415,21.167927,22.481094,-35.896267,13.412397,62.14859,-11.201191,2.2019525,-10.090686,-31.27898,8.305062,6.2558756,29.237553,-17.952368,-6.7134194,-30.18227,-6.643687,-11.176715,28.576117,-18.768332,6.8714147
349,2.578272581100464,-1.9009696245193481,103.41661834716797,-0.525157345988629,19.72366606225083,-84.72453883796706,-0.9686676,0.3622751,16.106133,-24.473284,-24.999998,20.590975,36.83872,-26.107462,50.367245,-2.7553117,11.577473,20.577595,21.03531,-35.662994,14.345985,63.07133,-11.057382,2.2494752,-9.947524,-32.36884,8.259824,5.834107,30.726107,-18.677702,-6.6882677,-31.30806,-6.890604,-10.81916,30.165663,-19.537724,6.936506
350,2.62103533744812,-1.9401315450668335,103.0898666381836,-0.45796463365897,19.967132650900567,-84.65504078238155,-0.9894521,0.3070308,16.133305,-24.444407,-24.999998,19.44702,36.677452,-27.129026,50.863365,-2.7385032,11.457459,19.90788,19.475578,-35.41778,15.377388,64.00754,-10.913464,2.2874322,-9.714352,-33.45011,8.206683,5.413964,32.24115,-19.416615,-6.6670575,-32.431786,-7.14688,-10.459708,31.787811,-20.327085,7.003488
351,2.659008502960205,-1.9658350944519043,102.74645233154297,-0.3862112938779791,20.187555496190022,-84.57983601115623,-1.0057727,0.250082,16.17221,-24.429644,-24.999998,18.186125,36.533875,-28.2277,51.364487,-2.7212524,11.317518,19.186703,17.806799,-35.16198,16.521093,64.94296,-10.812381,2.320734,-9.435606,-34.526203,8.148359,4.990273,33.7838,-20.160643,-6.648661,-33.54889,-7.4070153,-10.09804,33.431038,-21.124819,7.0697684
352,2.700089454650879,-1.9891009330749512,102.38381958007812,-0.3138346298138842,20.38042517668002,-84.4996724711834,-1.0147699,0.19061822,16.22471,-24.430624,-24.999998,16.790081,36.408497,-29.417486,51.905125,-2.697432,11.171096,18.44353,16.034035,-34.900948,17.798431,65.86267,-10.790832,2.3533928,-9.155576,-35.589375,8.087266,4.5618587,35.36502,-20.921597,-6.6326094,-34.644516,-7.6729956,-9.735739,35.094223,-21.937634,7.1422715
353,2.748667001724243,-2.0170671939849854,102.00044250488281,-0.24442486830423657,20.549108295010736,-84.41118488696698,-1.016039,0.13380817,16.291265,-24.448904,-24.999998,15.259984,36.295113,-30.70104,52.477215,-2.6665852,11.01389,17.681637,14.169872,-34.62901,19.233133,66.743256,-10.86788,2.4022877,-8.874875,-36.642017,8.024748,4.1245475,36.98768,-21.70345,-6.6194406,-35.712406,-7.944435,-9.379772,36.771393,-22.767353,7.224476
354,2.7888526916503906,-2.030224084854126,101.59854888916016,-0.1754449720595389,20.694351581882927,-84.31551691294958,-1.0142101,0.07835999,16.372042,-24.48038,-24.999998,13.609405,36.18647,-32.07009,53.060596,-2.6369493,10.840993,16.88763,12.2082615,-34.3365,20.815197,67.59239,-11.0099535,2.4606435,-8.569654,-37.695137,7.9634852,3.6759179,38.64211,-22.487719,-6.6135507,-36.77119,-8.212863,-9.025114,38.468754,-23.606316,7.3025613
355,2.8295745849609375,-2.0491156578063965,101.1774673461914,-0.1019218648510163,20.80801318481241,-84.21996932356683,-1.0149301,0.016106598,16.467438,-24.517685,-24.999998,11.843431,36.0819,-33.52408,53.66512,-2.6165917,10.665361,16.06729,10.142357,-34.022774,22.509338,68.42571,-11.174971,2.499245,-8.24867,-38.712788,7.8981833,3.2356718,40.317364,-23.287699,-6.6119304,-37.800217,-8.490984,-8.663837,40.18558,-24.464832,7.387745
356,2.870812177658081,-2.0490260124206543,100.73875427246094,-0.019156337827279345,20.881471482671348,-84.13182336709255,-1.0201893,-0.059270363,16.578518,-24.556747,-24.999998,9.96651,35.98397,-35.07012,54.29336,-2.6174998,10.502468,15.227284,7.973605,-33.692036,24.272774,69.24939,-11.322237,2.4912653,-7.9183517,-39.69644,7.8220654,2.8110178,42.01307,-24.094599,-6.6064987,-38.812054,-8.782883,-8.281038,41.92337,-25.326056,7.4794817
357,2.916923999786377,-2.0462820529937744,100.28034210205078,0.08058427059869944,20.920005441626216,-84.05070697809158,-1.0254787,-0.15875757,16.706244,-24.59947,-24.999998,7.971966,35.89007,-36.7119,54.938362,-2.64741,10.362183,14.360666,5.720978,-33.34262,26.10213,70.03125,-11.443258,2.4332583,-7.5598416,-40.63737,7.7253685,2.4054224,43.727707,-24.914335,-6.59594,-39.810375,-9.099386,-7.8669763,43.69134,-26.20292,7.5838513
358,2.9589810371398926,-2.038100242614746,99.79934692382812,0.1923413806253645,20.9256573536038,-83.97366395024724,-1.0273612,-0.27310696,16.855322,-24.650927,-24.999998,5.858087,35.794075,-38.450253,55.585537,-2.7013304,10.238004,13.465306,3.4012928,-32.96646,27.995964,70.74796,-11.559271,2.343904,-7.1729894,-41.54928,7.619026,2.0096214,45.470356,-25.747005,-6.5874915,-40.79835,-9.429437,-7.4288883,45.49293,-27.098215,7.693785
359,2.9988908767700195,-2.0273795127868652,99.30191802978516,0.30304541823318143,20.884908526683066,-83.90411165005337,-1.0260415,-0.37970456,17.031178,-24.715424,-24.999998,3.6314752,35.69451,-40.295124,56.22872,-2.7752283,10.122691,12.555346,1.0122827,-32.563046,29.91024,71.42639,-11.681126,2.2270968,-6.79477,-42.404297,7.522422,1.6350852,47.21994,-26.591751,-6.583583,-41.736465,-9.760307,-6.9842734,47.29751,-28.00149,7.808592
360,3.0350966453552246,-2.008378505706787,98.80230712890625,0.3985027051325284,20.78447021795328,-83.84574355680802,-1.0178032,-0.4553158,17.239967,-24.800632,-24.999998,1.2870636,35.592197,-42.266357,56.860493,-2.8700635,10.011326,11.6409645,-1.4416226,-32.138695,31.791124,72.08796,-11.82717,2.087471,-6.4609904,-43.17381,7.4560084,1.2920744,48.938316,-27.432451,-6.586313,-42.580753,-10.074368,-6.5558734,49.055984,-28.887608,7.92247
361,3.0661094188690186,-1.9800350666046143,98.30408477783203,0.47583882181290904,20.62369953430592,-83.79813457739867,-0.99578786,-0.48042855,17.501785,-24.93924,-24.999998,-1.1954129,35.481632,-44.411186,57.45979,-3.0499804,9.919484,10.665603,-3.945774,-31.697199,33.61278,72.73276,-12.041015,1.918813,-6.1810985,-43.85749,7.4256454,0.9793717,50.62102,-28.264032,-6.5965886,-43.326027,-10.368107,-6.148432,50.76322,-29.753555,8.032698
362,3.1167142391204834,-1.9603971242904663,97.8051986694336,0.542427014289808,20.408481327533153,-83.7598366958786,-0.95336545,-0.47198236,17.812042,-25.12616,-24.999998,-3.8279085,35.35203,-46.726913,58.02032,-3.309827,9.855037,9.643728,-6.4884195,-31.24058,35.383224,73.331474,-12.31362,1.723195,-5.9373174,-44.448162,7.4106593,0.7036879,52.28097,-29.112566,-6.60112,-43.973045,-10.669667,-5.7537885,52.424435,-30.609695,8.164647
363,3.1841635704040527,-1.9260005950927734,97.30613708496094,0.5990812337423979,20.13694590690218,-83.73326227093752,-0.8939416,-0.45867214,18.138458,-25.30683,-24.999998,-6.586774,35.197292,-49.14136,58.555756,-3.5369434,9.79476,8.68971,-9.068247,-30.772552,37.11171,73.85247,-12.579405,1.5222971,-5.7223372,-44.95796,7.4070826,0.45950043,53.91455,-29.95924,-6.5957727,-44.54147,-10.975812,-5.362533,54.044376,-31.441278,8.310183
364,3.2367851734161377,-1.891194462776184,96.816650390625,0.6474731168148137,19.806565962183637,-83.72046446097296,-0.82610565,-0.470423,18.447577,-25.423738,-24.999998,-9.42999,35.018845,-51.56677,59.078995,-3.6029997,9.707447,7.914734,-11.693951,-30.297194,38.816837,74.26944,-12.769159,1.338152,-5.523364,-45.358097,7.436211,0.2456486,55.479736,-30.788755,-6.6056743,-45.00272,-11.266997,-4.9944735,55.603428,-32.255196,8.448586
365,3.2902281284332275,-1.8383934497833252,96.34152221679688,0.6838599767305001,19.410370297689692,-83.72162564600536,-0.7588255,-0.5194461,18.752935,-25.441252,-24.999998,-12.35156,34.821663,-54.035145,59.6088,-3.4201534,9.583739,7.313119,-14.398293,-29.814651,40.59348,74.59356,-12.8628845,1.1868407,-5.337467,-45.65148,7.489909,0.061327036,56.98032,-31.599134,-6.6171775,-45.35808,-11.550951,-4.6482215,57.094738,-33.034122,8.587299
366,3.333333969116211,-1.7774989604949951,95.87711334228516,0.7090886650720759,18.951809657818814,-83.73554063611076,-0.69664353,-0.5891557,19.064781,-25.386665,-24.999998,-15.343783,34.60279,-56.55868,60.10774,-3.0682788,9.437812,6.836378,-17.181131,-29.3165,42.439484,74.82778,-12.87576,1.0581255,-5.1630015,-45.84272,7.5772896,-0.09808559,58.42405,-32.39544,-6.640102,-45.609325,-11.822413,-4.3269267,58.5328,-33.79424,8.720076
367,3.3695788383483887,-1.7066106796264648,95.42830657958984,0.7316339417432464,18.444352241462184,-83.7623564322486,-0.639046,-0.6643453,19.344725,-25.299725,-24.999998,-18.375582,34.35628,-59.014347,60.52436,-2.6516228,9.269887,6.519685,-19.995756,-28.79426,44.201847,74.93465,-12.813169,0.9345593,-4.9913764,-45.939312,7.6855836,-0.22358368,59.79824,-33.164948,-6.668,-45.773045,-12.086543,-4.0195293,59.90585,-34.52404,8.84961
368,3.4042651653289795,-1.6385201215744019,94.99940490722656,0.7607506966943566,17.901472737515643,-83.80215674471495,-0.5845755,-0.73116565,19.555208,-25.220448,-24.999998,-21.406199,34.080055,-61.250988,60.81555,-2.2499487,9.080436,6.4036427,-22.804834,-28.249107,45.70855,74.891685,-12.707311,0.7950051,-4.815548,-45.93764,7.803403,-0.30201942,61.09052,-33.90509,-6.696479,-45.85541,-12.352064,-3.7170331,61.203007,-35.22238,8.983041
369,3.4330661296844482,-1.5598880052566528,94.58708190917969,0.7973898890927595,17.313549365734836,-83.85696849477614,-0.5444086,-0.7808386,19.688223,-25.145466,-24.999998,-24.46058,33.779865,-63.280075,61.03525,-1.803643,8.867072,6.5164003,-25.65578,-27.69247,46.93675,74.74461,-12.554834,0.63534194,-4.601688,-45.84253,7.933593,-0.33473468,62.314655,-34.614944,-6.7260427,-45.863483,-12.617471,-3.4130502,62.43994,-35.890045,9.116364
370,3.4576072692871094,-1.466569423675537,94.19389343261719,0.8379894638265725,16.677781374711692,-83.92602389861077,-0.5105531,-0.82176185,19.765163,-25.062765,-24.999998,-27.557003,33.458485,-65.16468,61.188362,-1.2805204,8.635441,6.8271427,-28.56302,-27.132349,47.959972,74.49415,-12.36738,0.46797475,-4.3623276,-45.654552,8.078033,-0.32574722,63.471367,-35.294693,-6.7558303,-45.79422,-12.881246,-3.1130524,63.61517,-36.52382,9.248567
371,3.487936496734619,-1.380326747894287,93.82596588134766,0.8825735422554186,16.018298101000557,-84.00588307128174,-0.46123955,-0.8649866,19.792017,-24.989124,-24.999998,-30.660652,33.114178,-66.81145,61.190487,-0.79010206,8.392779,7.280252,-31.45402,-26.5701,48.760307,74.06518,-12.200923,0.29257607,-4.168368,-45.37597,8.227158,-0.27205002,64.54053,-35.944736,-6.781477,-45.646782,-13.147489,-2.8250253,64.70307,-37.12096,9.387647
372,3.503023386001587,-1.3045616149902344,93.48836517333984,0.9314971921080181,15.358981639203176,-84.09313626731077,-0.3815095,-0.9235528,19.773691,-24.934273,-24.999998,-33.736015,32.748524,-68.0901,60.975464,-0.41585267,8.139963,7.814504,-34.26195,-26.006758,49.307114,73.392876,-12.124466,0.10331491,-4.0908647,-45.030617,8.386174,-0.18754776,65.50133,-36.544777,-6.8160458,-45.439476,-13.397464,-2.5611253,65.69498,-37.67998,9.513835
373,3.5228145122528076,-1.238206386566162,93.18441772460938,0.9851863271600603,14.692204437821216,-84.1917708319321,-0.26745117,-1.0041139,19.702702,-24.891912,-24.999998,-36.79264,32.37607,-68.922806,60.5796,-0.14915487,7.865479,8.476578,-36.99855,-25.450611,49.564934,72.478325,-12.1128,-0.115916826,-4.1559353,-44.60369,8.545817,-0.05592018,66.35645,-37.102406,-6.8443885,-45.163483,-13.645109,-2.3128145,66.58216,-38.19244,9.642287
374,3.549820899963379,-1.1677517890930176,92.91236114501953,1.0437912212764835,14.009869278604667,-84.30213945063197,-0.13399315,-1.1008804,19.576132,-24.852026,-24.999998,-39.845085,32.012104,-69.365364,60.04509,0.07515593,7.5684214,9.280026,-39.711037,-24.912151,49.56982,71.369194,-12.152453,-0.3636451,-4.329507,-44.100018,8.703176,0.12205761,67.11746,-37.61709,-6.862211,-44.826534,-13.893038,-2.073678,67.37632,-38.654987,9.773727
375,3.564476251602173,-1.085803747177124,92.6749496459961,1.1066058944218593,13.335833503598401,-84.41516461301869,0.0043240883,-1.2092764,19.400457,-24.816273,-24.999998,-42.871674,31.659176,-69.49532,59.333923,0.24816585,7.2565103,10.114844,-42.383873,-24.394852,49.403706,70.07708,-12.321779,-0.6231763,-4.594755,-43.561207,8.857132,0.31978446,67.77659,-38.067757,-6.8805523,-44.45898,-14.1239195,-1.8553326,68.07778,-39.06254,9.888482
376,3.581166982650757,-1.0244379043579102,92.4780044555664,1.1726783650668664,12.694014798748034,-84.52180874609195,0.13382018,-1.3173089,19.178068,-24.78899,-24.999998,-45.880074,31.31299,-69.39269,58.42864,0.35248536,6.923812,10.839332,-45.001404,-23.89487,49.15636,68.62134,-12.692304,-0.87641317,-4.936037,-42.98319,8.994678,0.5361343,68.31489,-38.464405,-6.8966584,-44.05002,-14.349228,-1.6719831,68.66175,-39.4193,10.001466
377,3.5976781845092773,-0.9801411032676697,92.31942749023438,1.2511027147885323,12.087132801782397,-84.62617071996586,0.26663634,-1.4333754,18.896269,-24.790379,-24.999998,-48.851715,30.968182,-68.99066,57.30676,0.32074645,6.5745125,11.407654,-47.565853,-23.408026,48.816036,66.98806,-13.344634,-1.147338,-5.406396,-42.370743,9.107374,0.7795386,68.73721,-38.807682,-6.9079227,-43.619404,-14.574125,-1.5062032,69.14145,-39.727116,10.113041
378,3.6118686199188232,-0.9612013697624207,92.20088195800781,1.3389764032855642,11.503876158324264,-84.73112302265393,0.41097912,-1.5541366,18.54442,-24.820932,-24.999998,-51.797634,30.632904,-68.28019,56.032772,0.1919798,6.18632,11.892145,-50.085014,-22.935802,48.362003,65.201065,-14.218018,-1.4335042,-6.010844,-41.70337,9.205155,1.0549968,69.04197,-39.103653,-6.919299,-43.142418,-14.797497,-1.3666108,69.514275,-39.993584,10.222802
379,3.6221261024475098,-0.9496983289718628,92.12393188476562,1.417277202453549,10.946504220967077,-84.82554582087138,0.53176403,-1.6707261,18.124859,-24.838018,-24.999998,-54.68971,30.319088,-67.433556,54.68828,0.09271167,5.7324605,12.406124,-52.5853,-22.490845,47.875748,63.33934,-15.152696,-1.7082978,-6.6099887,-41.014687,9.2983885,1.328777,69.238106,-39.338734,-6.9331355,-42.619743,-15.001161,-1.2806197,69.773834,-40.2061,10.319061
380,3.6552257537841797,-0.9282668232917786,92.09615325927734,1.466260329088697,10.417303326480411,-84.89798732014742,0.6202914,-1.7627532,17.664959,-24.824,-24.999998,-57.541077,30.028864,-66.66796,53.302128,0.116013855,5.205973,13.060096,-55.023506,-22.0704,47.43553,61.411793,-15.983673,-1.8941966,-7.13562,-40.32725,9.380256,1.5826874,69.328094,-39.503777,-6.9303465,-42.045387,-15.185342,-1.268108,69.89151,-40.334766,10.412314
381,3.6961593627929688,-0.944248378276825,92.12028503417969,1.4803256541255443,9.92048958011916,-84.94267730877075,0.66775966,-1.8366758,17.166882,-24.755693,-24.999998,-60.38311,29.748941,-66.01597,51.856537,0.2710933,4.602373,13.7738495,-57.40862,-21.666857,47.047485,59.383205,-16.644915,-1.9671742,-7.5276117,-39.611103,9.472618,1.8088012,69.298546,-39.61862,-6.936961,-41.36822,-15.341828,-1.366756,69.85497,-40.412086,10.496991
382,3.7196338176727295,-0.965183675289154,92.1883316040039,1.4694467992989966,9.453562701668298,-84.96618582703695,0.68193644,-1.9019235,16.617468,-24.647888,-24.999998,-63.224415,29.471947,-65.40922,50.348495,0.48600236,3.9291933,14.528604,-59.747158,-21.28099,46.680145,57.249065,-17.222858,-1.9716668,-7.840966,-38.89723,9.578856,2.0018537,69.16501,-39.66439,-6.9598193,-40.637455,-15.455454,-1.5510607,69.702515,-40.43651,10.550525
383,3.7482950687408447,-1.0103696584701538,92.31529998779297,1.4382482151873217,9.008446481159591,-84.97538421631518,0.67689973,-1.9490477,16.027494,-24.53659,-24.999998,-66.0433,29.206392,-64.920006,48.801342,0.7207869,3.209287,15.529691,-62.02611,-20.91977,46.359703,55.073673,-17.77737,-1.9438418,-8.148849,-38.13027,9.688067,2.200738,68.889206,-39.642715,-6.984611,-39.810642,-15.544142,-1.8192248,69.38825,-40.394012,10.595931
384,3.786306142807007,-1.0908726453781128,92.51274108886719,1.3917217571152356,8.577106248381291,-84.97713685011878,0.6655096,-1.9732774,15.410857,-24.456497,-24.999998,-68.82312,28.971994,-64.648445,47.22008,0.915952,2.4720209,16.986725,-64.23344,-20.596285,46.116436,52.909126,-18.360607,-1.9176886,-8.519719,-37.26847,9.798614,2.4329898,68.43709,-39.546486,-7.008703,-38.856125,-15.611839,-2.1723115,68.87988,-40.275387,10.640141
385,3.8371543884277344,-1.168102741241455,92.77359008789062,1.3261716335307172,8.161041319310842,-84.97042239791118,0.64403015,-1.9738829,14.7689295,-24.40212,-24.999998,-71.57356,28.781193,-64.65756,45.564415,1.1370004,1.7259712,19.05353,-66.37159,-20.319216,45.963104,50.723152,-18.9563,-1.9021974,-8.933128,-36.35734,9.905164,2.6861367,67.83354,-39.36366,-7.0203195,-37.820724,-15.649839,-2.5921605,68.1979,-40.06258,10.677626
386,3.8686211109161377,-1.2526662349700928,93.10102081298828,1.240670374794085,7.763381693409301,-84.95221959378404,0.6055117,-1.9587129,14.106479,-24.355967,-24.999998,-74.303696,28.633682,-64.90918,43.795815,1.3752464,0.97470564,21.598295,-68.44087,-20.089197,45.886627,48.458805,-19.53684,-1.8668627,-9.3604355,-35.395416,10.028226,2.944256,67.06514,-39.08415,-7.0462523,-36.691437,-15.634065,-3.1009817,67.34031,-39.768192,10.683511
387,3.900587558746338,-1.3517131805419922,93.52044677734375,1.1435460101399773,7.3781389522306835,-84.92674477729149,0.55373824,-1.9359612,13.440403,-24.331219,-24.999998,-76.98967,28.53351,-65.34336,41.922062,1.4668678,0.22648537,24.39427,-70.42797,-19.90954,45.8808,46.131535,-20.140535,-1.7867258,-9.85216,-34.453007,10.129015,3.1965125,66.2452,-38.684593,-7.0435,-35.425076,-15.579634,-3.7017548,66.23255,-39.350826,10.674631
388,3.939948558807373,-1.4590102434158325,94.02129364013672,1.0433688248006463,6.999468626909495,-84.89831933936595,0.48734114,-1.9140532,12.781936,-24.336573,-24.999998,-79.59839,28.492277,-65.89577,39.95425,1.2503849,-0.53056556,27.212807,-72.31174,-19.789707,45.939003,43.75393,-20.807278,-1.638348,-10.455133,-33.434868,10.209625,3.4630141,65.24645,-37.853485,-7.0211105,-34.037117,-15.497218,-4.371364,64.89177,-38.810505,10.659952
389,3.982196092605591,-1.5712695121765137,94.60446166992188,0.9394292829558264,6.625976099236613,-84.87028214288075,0.40577468,-1.889693,12.140611,-24.387419,-24.999998,-82.151985,28.527046,-66.59695,37.87026,0.50997156,-1.3968129,30.108448,-74.121185,-19.73717,46.065952,41.285732,-21.58016,-1.3935683,-11.088376,-32.366863,10.268426,3.7260711,64.1127,-36.428596,-6.9731994,-32.523483,-15.3771305,-5.1107106,63.306023,-38.141533,10.634979
390,4.012257099151611,-1.705885887145996,95.26728057861328,0.8286740618921925,6.260803047155336,-84.83950415587405,0.29950878,-1.860785,11.513531,-24.464657,-24.999998,-84.65967,28.644836,-67.47063,35.645195,-0.60337746,-2.3766754,33.15223,-75.85398,-19.753328,46.270077,38.705208,-22.421915,-1.0605035,-11.749245,-31.2605,10.306897,3.973888,62.86197,-34.37703,-6.9057918,-30.864124,-15.202467,-5.9367485,61.4637,-37.354393,10.590589
391,4.071330547332764,-1.8505477905273438,96.00546264648438,0.7154332321469697,5.904852842452667,-84.80063157638133,0.16116875,-1.8319001,10.889472,-24.53391,-24.999998,-87.072685,28.839977,-68.4322,33.292255,-1.7039816,-3.3153765,36.142822,-77.44591,-19.839153,46.55376,36.06916,-23.254068,-0.66435915,-12.60487,-30.099583,10.317763,4.2091703,61.46362,-31.753838,-6.833867,-29.07012,-15.00121,-6.828977,59.34844,-36.418446,10.558152
392,4.132168292999268,-2.0116007328033447,96.84429931640625,0.6043062848002607,5.559275256977832,-84.7482131268272,-0.012713044,-1.801899,10.250463,-24.564281,-24.999998,-89.33069,29.100266,-69.37081,30.834177,-2.40287,-4.013337,38.888527,-78.82623,-19.99877,46.918713,33.440613,-23.999762,-0.2310009,-13.824694,-28.830217,10.290974,4.4554987,59.814053,-28.672884,-6.7786503,-27.243305,-14.786382,-7.731224,57.076782,-35.2771,10.530219
393,4.193246364593506,-2.1940956115722656,97.7793197631836,0.4919800768003702,5.225012399291023,-84.67761642187567,-0.21122874,-1.7562385,9.596201,-24.565453,-24.999998,-91.49149,29.412712,-70.30101,28.238413,-2.615051,-4.341933,41.344296,-80.05907,-20.229889,47.367638,30.864164,-24.558096,0.25580075,-15.589195,-27.468771,10.232048,4.706296,57.94368,-25.414576,-6.740064,-25.304733,-14.520991,-8.674052,54.5534,-33.57912,10.449481
394,4.266718864440918,-2.3946902751922607,98.80416107177734,0.377246975238905,4.901449222546456,-84.59281709184239,-0.4469709,-1.6940281,8.917713,-24.53703,-24.999998,-93.55454,29.77945,-71.25722,25.530813,-2.548816,-4.4001975,43.616825,-81.10251,-20.546707,47.889843,28.262657,-25.005436,0.798445,-17.766665,-26.025093,10.150757,4.965659,55.874817,-22.245306,-6.7245927,-23.272238,-14.190199,-9.621934,51.80042,-31.12093,10.300743
395,4.334969997406006,-2.626861095428467,99.90826416015625,0.2671917296977611,4.587330966324415,-84.50200164618225,-0.66591716,-1.6315634,8.235868,-24.5261,-24.999998,-95.42944,30.192778,-72.16644,22.744545,-2.2715373,-4.282571,45.743706,-81.95681,-20.94347,48.51497,25.711506,-25.46893,1.3803539,-20.04692,-24.489737,10.051352,5.2482285,53.591652,-19.300043,-6.784246,-21.188633,-13.797165,-10.52126,48.856663,-27.842842,10.108884
396,4.411962032318115,-2.874784231185913,101.09757995605469,0.16801964609714626,4.281297609306458,-84.41378741971258,-0.87416434,-1.5800668,7.536194,-24.520136,-24.999998,-96.97188,30.657778,-72.91087,19.974499,-1.8095232,-4.103755,47.74628,-82.46912,-21.431902,49.248226,23.162825,-26.128428,1.9832107,-22.134125,-22.854668,9.9337015,5.5607114,51.075516,-16.579893,-6.973852,-19.091656,-13.353422,-11.325515,45.756588,-23.772638,9.933756
397,4.502873420715332,-3.144505500793457,102.36723327636719,0.0768903937813459,3.9862378649029284,-84.3241082882606,-1.0643499,-1.5401232,6.803765,-24.533909,-24.999998,-98.22266,31.176376,-73.47314,17.174885,-0.99858105,-3.8466587,49.640118,-82.70905,-22.016539,50.140816,20.614948,-27.120708,2.6897984,-24.159386,-21.097683,9.784267,5.8762665,48.29224,-14.00493,-7.2995305,-16.945324,-12.865384,-12.0275135,42.44656,-19.054008,9.86961
398,4.600935459136963,-3.442263126373291,103.7042236328125,-0.009889136157382536,3.7024185886176015,-84.2311610537956,-1.2408231,-1.5003785,6.0431066,-24.563494,-24.999998,-99.21905,31.751993,-73.888725,14.326124,0.13300656,-3.442721,51.38989,-82.70928,-22.701912,51.182053,18.07387,-28.317757,3.5027196,-26.209906,-19.233463,9.60233,6.1681333,45.266445,-11.283067,-7.721777,-14.757803,-12.341704,-12.626705,38.949863,-14.016605,9.953533
399,4.711546897888184,-3.761899948120117,105.105224609375,-0.08737605498831134,3.425366865842859,-84.14641430783156,-1.3710454,-1.4589523,5.3026834,-24.625607,-24.999998,-99.85299,32.383858,-74.12212,11.514597,1.260088,-2.940352,52.93878,-82.43955,-23.480816,52.294727,15.645913,-29.462719,4.2684283,-27.900526,-17.304895,9.406827,6.4492974,42.05922,-8.223119,-8.233029,-12.6329155,-11.816105,-13.126123,35.41978,-9.008526,10.137851
400,4.82722282409668,-4.107224941253662,106.5515365600586,-0.15067297660011128,3.150697829607782,-84.08144220885141,-1.4252353,-1.413168,4.6276865,-24.73383,-24.999998,-100.0048,33.067528,-74.1145,8.835904,2.065871,-2.4128737,54.231983,-81.87081,-24.33636,53.385338,13.450472,-30.318089,4.7991405,-28.85081,-15.363069,9.212195,6.734541,38.73537,-4.7206726,-8.833246,-10.681554,-11.32679,-13.555142,32.021633,-4.2799487,10.333568
401,4.939574718475342,-4.459025859832764,108.0296401977539,-0.1827995649023122,2.8569008032388377,-84.04501708282456,-1.3962874,-1.3840506,4.0189857,-24.89417,-24.999998,-99.63527,33.806564,-73.78228,6.2644105,2.42236,-1.8608098,55.27362,-80.99547,-25.269064,54.47028,11.479195,-30.841984,4.9338512,-28.784462,-13.3419895,8.963438,7.0197144,35.18719,-0.54014635,-9.462827,-8.891193,-10.886191,-13.896686,28.708158,0.49854103,10.440996
402,5.049158096313477,-4.806700229644775,109.51073455810547,-0.19551972167367573,2.554898335201938,-84.03008656258136,-1.2997973,-1.3579133,3.4504933,-25.097944,-24.999998,-98.77648,34.60368,-73.128296,3.7563264,2.5307155,-1.2705574,56.083916,-79.8299,-26.281006,55.564632,9.694143,-31.164505,4.7800617,-27.97231,-11.287581,8.672658,7.2518325,31.490982,4.161267,-10.160687,-7.273148,-10.498096,-14.092964,25.526585,5.6472397,10.512583
403,5.1603922843933105,-5.141751289367676,110.98280334472656,-0.2222996787278811,2.2880063035574194,-84.02400939436797,-1.145176,-1.2884251,2.9243104,-25.332447,-24.999998,-97.41975,35.446144,-72.22836,1.3993878,2.5537603,-0.7057457,56.647636,-78.36006,-27.346468,56.547394,8.179281,-31.330881,4.5397906,-26.857412,-9.399023,8.434355,7.3774595,27.950813,8.930138,-11.079514,-5.961316,-10.180717,-14.156991,22.760874,10.682403,10.678386
404,5.2690534591674805,-5.470668315887451,112.4058609008789,-0.2893483228049516,2.098016459147318,-84.01305933183004,-0.9471948,-1.1445698,2.4403167,-25.581728,-24.999998,-95.571976,36.308357,-71.17923,-0.6904299,2.6374154,-0.22884353,56.952045,-76.55655,-28.418926,57.269127,7.0363746,-31.419333,4.401577,-25.865305,-7.832894,8.323932,7.3518496,24.801193,13.35694,-12.375997,-5.0373235,-9.929773,-14.140175,20.597675,15.013332,11.054255
405,5.374344348907471,-5.782022953033447,113.77247619628906,-0.41835985781891016,2.006216376103888,-83.98959722750152,-0.71313477,-0.9135808,1.9781815,-25.83506,-24.999998,-93.108734,37.17093,-69.93709,-2.5077915,2.698024,0.11091134,56.98458,-74.25646,-29.460455,57.631187,6.2982235,-31.428988,4.396573,-25.023094,-6.5476775,8.367567,7.1376,21.82338,17.723211,-14.367278,-4.480602,-9.694808,-14.109198,18.902878,18.77795,11.765168
406,5.478278636932373,-6.05844259262085,115.07103729248047,-0.5655500349125184,1.9885545075548736,-83.9634005231489,-0.43845755,-0.644502,1.5347446,-26.0997,-24.999998,-90.035736,38.02407,-68.45228,-4.105699,2.6958125,0.36659604,56.773926,-71.46553,-30.456089,57.672886,5.931117,-31.378023,4.4112453,-24.117268,-5.4702373,8.462852,6.6749797,18.936846,22.160975,-16.937988,-4.2305837,-9.497664,-14.000526,17.56672,22.241556,12.738733
407,5.567226886749268,-6.316469669342041,116.3033447265625,-0.6634946487937313,2.0152597690872387,-83.94581997645098,-0.12620144,-0.3974522,1.1414363,-26.383497,-24.999998,-86.572075,38.855453,-66.84227,-5.425376,2.8300316,0.6175029,56.36342,-68.402336,-31.39132,57.46632,5.9286656,-31.376917,4.4195,-23.218933,-4.6152625,8.513926,6.020015,16.428947,26.10526,-19.542393,-4.2262626,-9.405836,-13.744453,16.669537,25.075895,13.758584
408,5.642853260040283,-6.541989803314209,117.43248748779297,-0.5389369250771171,2.077409478835606,-83.93729901493776,0.20328218,-0.3161412,0.81530297,-26.688221,-24.999998,-82.98745,39.64942,-65.27631,-6.37427,3.2690036,0.92936414,55.798424,-65.29623,-32.25085,57.102627,6.28632,-31.534534,4.3891606,-22.403952,-3.9396439,8.332218,6.2242546,14.457596,29.060856,-19.999998,-4.588283,-9.673695,-13.211591,16.58455,26.811712,14.6335125
409,5.689517974853516,-6.74458122253418,118.40089416503906,-0.6986070436256157,2.133593440458406,-83.9490422742723,0.55219287,0.0739639,0.58285177,-27.038084,-24.999998,-79.32507,40.384632,-63.862,-6.8694057,4.0640416,1.2954116,54.962944,-62.20678,-33.00842,56.60197,7.0609956,-31.851107,4.3220434,-21.599297,-4.098286,8.644768,6.2655063,14.408488,30.0,-19.999998,-4.9076724,-9.576172,-12.774381,16.78671,27.352465,15.117759
410,5.716183185577393,-6.928952217102051,119.2820816040039,-0.6407416638499426,2.209958431477701,-83.97311459215251,0.9128619,0.23740576,0.4397265,-27.420113,-24.999998,-75.43216,41.054604,-62.582138,-6.97834,5.1782427,1.6652268,53.916725,-58.930294,-33.64574,55.934776,8.20126,-32.326855,4.24518,-20.849503,-4.211602,8.716021,6.3391757,14.502911,30.0,-19.999998,-5.2595296,-9.738151,-12.312218,17.217916,27.007559,15.472403
411,5.726476192474365,-7.083663463592529,120.0876235961914,-0.5056389307011794,2.301008971050621,-84.00336391246151,1.2809937,0.3188821,0.396047,-27.789032,-24.999998,-71.47578,41.66669,-61.398357,-6.744466,6.443863,2.0208423,52.845043,-55.57311,-34.166546,55.13061,9.6593,-32.87322,4.108099,-20.251278,-4.1120977,8.6738615,6.3984175,14.300196,30.0,-19.999998,-5.6257105,-9.977778,-11.830237,17.731121,26.365326,15.626171
412,5.731151103973389,-7.2196879386901855,120.82759094238281,-0.42323429165038307,2.3942154715752997,-84.03864759904992,1.6378754,0.43218032,0.46212667,-28.087328,-24.570648,-67.57121,42.222443,-60.29254,-6.204691,7.7346525,2.3565803,51.991974,-52.276115,-34.578625,54.246685,11.392354,-33.360348,3.859958,-19.923304,-4.255315,8.698021,6.1433907,14.552898,30.0,-19.999998,-6.046818,-10.138743,-11.289947,18.305256,25.948742,15.516613
413,5.71643590927124,-7.3241868019104,121.51022338867188,-0.4281633597226233,2.477457165023748,-84.08354951135011,1.9937888,0.63098365,0.69333017,-28.272629,-24.188684,-63.75691,42.722004,-59.274174,-5.3187823,9.0982065,2.6685042,51.417706,-49.1104,-34.879612,53.29071,13.441057,-33.738003,3.4766915,-19.930578,-4.7662816,8.831111,5.392138,15.527857,30.0,-19.999998,-6.5543327,-10.172283,-10.602233,19.01404,25.82395,14.980163
414,5.68787956237793,-7.40122652053833,122.133544921875,-0.45553939837624563,2.561597039018114,-84.13582504311775,2.340235,0.85976213,1.0938874,-28.36451,-24.042942,-60.007027,43.15386,-58.377636,-4.0836544,10.569839,2.9584432,51.017715,-46.063488,-35.0516,52.303303,15.795193,-34.050186,3.0037842,-20.203617,-5.4083576,8.978548,4.3200173,16.805906,30.0,-19.999998,-7.121691,-10.158484,-9.819721,19.840023,25.731258,14.089806
415,5.657506465911865,-7.450220108032227,122.71781921386719,-0.4851932539769743,2.6648876230089065,-84.18630841244439,2.6566253,1.0933267,1.6214204,-28.390985,-24.037745,-56.387783,43.501846,-57.562946,-2.5924604,11.952291,3.2532175,50.760403,-43.240868,-35.08716,51.395203,18.381191,-34.30089,2.506276,-20.629639,-6.0906234,9.11229,3.171718,18.109497,30.0,-19.999998,-7.7067957,-10.133666,-9.113588,20.642424,25.70147,13.136556
416,5.629024982452393,-7.485111236572266,123.24739837646484,-0.4880701606331225,2.8030697926829786,-84.22712502701565,2.9348116,1.3044738,2.2152877,-28.392454,-24.062836,-52.92467,43.75929,-56.74057,-0.9525175,13.042502,3.574952,50.582775,-40.69002,-34.997974,50.66432,21.124832,-34.51836,2.0659802,-21.124458,-6.71907,9.202513,2.2115357,19.166378,30.0,-19.999998,-8.2755,-10.1484375,-8.64464,21.302399,25.760145,12.4187155
417,5.604726314544678,-7.510263442993164,123.71075439453125,-0.44971011113062465,2.9769875643526738,-84.26459105110263,3.185059,1.4968696,2.9107442,-28.347092,-24.089071,-49.631287,43.919174,-55.88088,0.904822,13.912557,4.003028,50.470383,-38.50049,-34.79519,50.16807,24.171904,-34.613434,1.6523798,-21.874628,-7.2892056,9.236321,1.5419893,19.986055,30.0,-19.999998,-8.851585,-10.237548,-8.488054,21.864769,25.95385,12.022571
418,5.571938514709473,-7.507824897766113,124.09710693359375,-0.37951350875440604,3.1813633416544467,-84.29798302923373,3.3994522,1.6802604,3.706968,-28.239565,-24.164534,-46.49716,43.97155,-55.01752,3.0235066,14.614007,4.5059056,50.44196,-36.665672,-34.477142,49.888393,27.535275,-34.580223,1.2568846,-22.866041,-7.8548384,9.227377,1.0403038,20.70031,30.0,-19.943163,-9.4661255,-10.383644,-8.538254,22.403019,26.24397,11.784723
419,5.541830539703369,-7.489194869995117,124.39726257324219,-0.23641462157612347,3.4216721831922516,-84.31041941802586,3.5530112,1.7868898,4.4984365,-28.127167,-24.298676,-43.4873,43.91233,-54.147114,5.2575703,14.930588,4.933492,50.48714,-35.081448,-34.046703,49.77043,30.95169,-34.566074,0.9824974,-23.703526,-8.384759,9.146318,0.839203,21.190859,30.0,-19.463402,-10.133265,-10.625887,-8.636652,22.904621,26.50559,11.663444
420,5.5098772048950195,-7.442495346069336,124.617919921875,-0.06449818411235109,3.699604280497848,-84.28723742426644,3.635271,1.8240929,5.184484,-28.077372,-24.505968,-40.549305,43.748802,-53.25192,7.4487314,14.665299,5.120273,50.585884,-33.6168,-33.514652,49.74313,34.153934,-34.726715,0.9332371,-23.996996,-8.863069,9.026435,0.5881172,21.363441,30.0,-19.020634,-10.801205,-10.879312,-8.685931,23.259335,26.655779,11.587277
421,5.479275226593018,-7.405476093292236,124.74278259277344,0.08010898769055348,4.015423759196696,-84.22337766577154,3.6647928,1.8393084,5.772964,-28.150822,-24.802217,-37.682076,43.49487,-52.34243,9.594964,13.583651,4.933467,50.825375,-32.24632,-32.895294,49.81474,37.128914,-35.2435,1.2760334,-23.598166,-9.3612175,8.931778,0.13023536,21.302727,29.871103,-18.64219,-11.451788,-11.064886,-8.673725,23.423037,26.708204,11.537578
422,5.450502872467041,-7.36688756942749,124.75454711914062,0.09964393538550965,4.330519682786049,-84.15080191194728,3.684981,1.9425244,6.318854,-28.32082,-24.999998,-34.910736,43.15999,-51.441628,11.760303,11.857188,4.473851,51.149807,-31.010208,-32.199387,49.9862,40.014492,-35.980667,1.9014511,-22.716818,-10.078999,8.987483,-0.5701412,21.51649,29.276047,-18.370508,-12.03512,-11.075713,-8.703344,23.425388,26.70076,11.517136
423,5.421870231628418,-7.3359599113464355,124.67420959472656,0.10507787243501547,4.660626727640376,-84.06561769539282,3.6874754,2.0282676,6.7670712,-28.523445,-24.999998,-32.20028,42.749695,-50.522003,13.874866,9.920587,3.9277687,51.34237,-29.873903,-31.43809,50.1541,42.76581,-36.64234,2.4857974,-21.504444,-10.753862,9.05788,-1.2385082,21.550262,28.660563,-18.186396,-12.567138,-11.053312,-8.777658,23.278296,26.59992,11.546079
424,5.398185729980469,-7.310152053833008,124.50105285644531,0.0979808723976158,4.989969494897756,-83.98382683217656,3.660702,2.1051288,7.0872946,-28.668638,-24.999998,-29.481749,42.27169,-49.504974,15.854115,8.201971,3.5057561,51.20434,-28.693016,-30.64092,50.1684,45.256718,-36.989193,2.7239296,-20.148146,-11.347589,9.151995,-1.7246287,21.442348,28.092855,-18.11523,-13.0137615,-11.004391,-8.928706,22.988735,26.369108,11.622538
425,5.376847267150879,-7.299081802368164,124.25560760498047,0.08010256614333633,5.323819916132211,-83.90402528872389,3.6048913,2.1737282,7.2457333,-28.75152,-24.999998,-26.650246,41.73004,-48.285915,17.62863,6.645145,3.2409105,50.671593,-27.34139,-29.84234,49.847157,47.38169,-36.910683,2.4717603,-18.550623,-11.83337,9.28476,-1.9500769,21.12112,27.558254,-18.14158,-13.340524,-10.927194,-9.18116,22.47733,25.907335,11.721874
426,5.360235214233398,-7.293327331542969,123.92514038085938,0.05045284057307509,5.667960659033248,-83.81983267952023,3.5359526,2.232248,7.279908,-28.822002,-24.999998,-23.727398,41.12655,-46.87598,19.20449,5.096284,3.057193,49.84527,-25.836733,-29.068909,49.216362,49.133198,-36.595913,1.921428,-16.64102,-12.231903,9.455625,-2.0017016,20.582315,27.035677,-18.253998,-13.570566,-10.824602,-9.515383,21.75777,25.268679,11.847227
427,5.358023166656494,-7.304090976715088,123.5030746459961,0.005734556447380892,6.007639012391273,-83.73837426177813,3.4610286,2.282293,7.2482576,-28.872759,-24.999998,-20.843533,40.465458,-45.385593,20.636707,3.8164008,3.0045688,48.80804,-24.265907,-28.33827,48.47747,50.547028,-36.210686,1.2818774,-14.657356,-12.573522,9.646737,-1.9744786,19.96325,26.583256,-18.485676,-13.749388,-10.706179,-9.909981,20.966103,24.650553,12.030842
428,5.363204479217529,-7.3255085945129395,122.99593353271484,-0.058624903430845664,6.327981905672125,-83.66736085489806,3.3983772,2.328451,7.2069283,-28.90965,-24.999998,-18.155989,39.75773,-43.952267,22.011093,3.06058,3.1183784,47.652443,-22.840065,-27.656101,47.889164,51.76579,-35.874233,0.72978985,-12.806816,-12.893126,9.83928,-1.9667356,19.408146,26.25504,-18.87328,-13.922631,-10.574829,-10.340255,20.239853,24.24953,12.314607
429,5.377518177032471,-7.327479362487793,122.38956451416016,-0.15698434848788503,6.6285326594866945,-83.60992560182324,3.3406346,2.3753586,7.137457,-28.919758,-24.999998,-15.664278,39.018402,-42.5511,23.344213,3.0071006,3.4528625,46.315247,-21.592205,-27.026785,47.580204,52.81448,-35.575394,0.29175872,-11.118565,-13.188524,10.048352,-1.9787928,18.900862,26.072834,-19.50987,-14.075697,-10.413356,-10.847306,19.536936,24.1084,12.80517
430,5.405301094055176,-7.3363037109375,121.71327209472656,-0.26036905942422306,6.917422745647343,-83.56101844574998,3.2627006,2.4104292,7.0189085,-28.891603,-24.999998,-13.267057,38.259945,-41.085144,24.58405,3.4883955,3.9538088,44.792725,-20.44685,-26.453035,47.453403,53.646553,-35.21725,-0.10559224,-9.50026,-13.427126,10.258628,-1.78919,18.354595,26.015036,-19.999998,-14.206785,-10.252811,-11.409753,18.824356,24.119654,13.464647
431,5.437709808349609,-7.344470024108887,120.96513366699219,-0.2241328237233538,7.202239751525577,-83.5112301587942,3.1479936,2.3199832,6.8930035,-28.82883,-24.999998,-10.977683,37.49598,-39.603584,25.738884,4.23133,4.490848,43.27312,-19.421696,-25.938665,47.411385,54.308956,-34.831223,-0.45335805,-8.001257,-13.541954,10.289354,-1.2382485,17.702896,26.129576,-19.999998,-14.476802,-10.287696,-11.835654,18.38859,24.197906,14.150472
432,5.47962760925293,-7.367739677429199,120.15557098388672,-0.19087806547295788,7.465703866500458,-83.46438564925285,3.0118747,2.2565694,6.8010564,-28.752186,-24.999998,-8.861136,36.742947,-38.227375,26.857584,4.9279084,4.947145,41.953968,-18.514717,-25.486725,47.34234,54.8371,-34.451668,-0.7411168,-6.678775,-13.6685,10.288855,-0.81795496,17.240007,26.278204,-19.999998,-14.7929735,-10.314194,-12.156924,18.185747,24.389744,14.611795
433,5.526805400848389,-7.387001037597656,119.27572631835938,-0.14024074046245336,7.725455864462914,-83.42374415962747,2.881435,2.1965272,6.732788,-28.6893,-24.999998,-6.938614,36.011078,-37.012238,27.95961,5.5305476,5.31331,40.94283,-17.691126,-25.108562,47.18083,55.159233,-34.156666,-0.9729518,-5.5186977,-13.82669,10.213372,-0.5755452,16.895584,26.875383,-19.999998,-15.307549,-10.351713,-12.220079,18.339388,25.1501,14.753213
434,5.570425510406494,-7.416597843170166,118.32723999023438,-0.07488351136838924,7.978663572849964,-83.38918125571227,2.7663667,2.130941,6.6777563,-28.6482,-24.999998,-5.225583,35.30962,-35.943966,29.038984,6.159679,5.653799,40.122375,-16.93786,-24.814564,46.945347,55.25405,-33.931927,-1.1543881,-4.492128,-13.992543,10.0791645,-0.42364052,16.637428,27.804123,-19.999998,-15.958558,-10.399282,-12.101582,18.753647,26.339249,14.710227
435,5.614860534667969,-7.458158016204834,117.29518127441406,-0.035507377520923776,8.186391495239084,-83.35328759668883,2.6552792,2.1041272,6.66852,-28.619766,-24.999998,-3.716411,34.658985,-35.040054,30.07787,6.7604375,5.972868,39.386395,-16.283852,-24.602713,46.657284,55.24643,-33.66779,-1.2843243,-3.6417456,-14.156912,9.971659,-0.32028458,16.675709,28.205774,-19.999998,-16.447432,-10.412927,-12.0829735,19.221718,27.044273,14.611884
436,5.63358736038208,-7.5143141746521,116.21369171142578,-0.0639236974670479,8.310959559781624,-83.30967027633275,2.5322196,2.1586204,6.7344165,-28.583921,-24.999998,-2.4206698,34.087914,-34.328514,31.071093,7.2612267,6.2742,38.62547,-15.763697,-24.46035,46.344128,55.280125,-33.25459,-1.3672398,-3.0145297,-14.319932,9.973527,-0.23952842,17.233938,27.219236,-19.999998,-16.500978,-10.352304,-12.439598,19.587645,26.324121,14.565197
437,5.621572971343994,-7.5744547843933105,115.06926727294922,-0.19653395760485115,8.330390201261066,-83.25542008093063,2.3889089,2.325399,6.853937,-28.52877,-24.999998,-1.3000529,33.638275,-33.811512,31.982643,7.659851,6.531279,37.730118,-15.370015,-24.378345,46.007614,55.404774,-32.598583,-1.4674182,-2.5916905,-14.437279,10.123063,-0.19186859,18.450384,24.319193,-19.999998,-15.884953,-10.155548,-13.349604,19.741999,23.570953,14.654786
438,5.588960647583008,-7.644891738891602,113.90234375,-0.40915816281001544,8.277219318262066,-83.20163801257603,2.231261,2.5699978,7.0166864,-28.449553,-24.999998,-0.32526687,33.33225,-33.468742,32.78823,7.9593754,6.7661595,36.793507,-15.099353,-24.352413,45.649036,55.554974,-31.779318,-1.5714628,-2.3619409,-14.535142,10.382067,-0.13684098,20.17392,20.075987,-19.999998,-14.8514,-9.846392,-14.597253,19.848059,19.376778,14.817965
439,5.564249515533447,-7.716032981872559,112.66814422607422,-0.3645998116990182,8.232923294454356,-83.13991686177818,2.042591,2.5705576,7.2396345,-28.334738,-24.999998,0.48557413,33.149586,-33.29816,33.50662,8.101396,7.0538106,36.017925,-15.000752,-24.373709,45.297905,55.72791,-30.945362,-1.5824333,-2.3890467,-14.567686,10.371795,0.5375243,21.898285,15.413546,-19.111383,-14.147689,-9.949076,-15.65259,20.560537,14.437914,15.034068
440,5.547121524810791,-7.782234191894531,111.34088134765625,-0.24756785501810333,8.207763712946479,-83.09268695253631,1.851947,2.512136,7.5781054,-28.191883,-24.999998,1.0641252,33.046,-33.310158,34.225426,8.0475645,7.446587,35.58373,-15.104517,-24.422882,44.97744,55.91373,-30.235811,-1.3895786,-2.7443106,-14.808872,10.316313,1.4292592,23.751738,10.901826,-17.536879,-13.994282,-10.256445,-16.397915,21.894405,9.672558,15.072302
441,5.527899265289307,-7.805955410003662,110.07791900634766,-0.17120021301065413,8.202461530393252,-83.05967273397063,1.6559448,2.4963434,8.0422535,-28.022429,-24.999998,1.4052075,32.986164,-33.506626,34.969353,7.7490635,7.9605637,35.692574,-15.411589,-24.482721,44.65135,56.089767,-29.707453,-0.9013559,-3.5628583,-15.415369,10.353855,2.0335803,25.955706,6.418446,-16.362602,-14.440676,-10.642877,-16.819618,23.917374,4.926299,14.76378
442,5.51061487197876,-7.756262302398682,108.83934783935547,-0.11564505242730158,8.199350509230403,-83.03567395058298,1.458812,2.5118277,8.6004095,-27.834126,-24.999998,1.5158271,32.960682,-33.890507,35.753128,7.259666,8.547975,36.19936,-15.900317,-24.544981,44.308533,56.301613,-29.271519,-0.2061074,-4.7793617,-16.295479,10.450753,2.476594,28.53459,1.6575469,-15.338133,-15.276833,-11.126393,-17.090376,26.496086,-0.719701,14.093654
443,5.482009410858154,-7.618986129760742,107.61082458496094,-0.07735381671419121,8.169358815638102,-83.03592810262325,1.285584,2.5596159,9.2558975,-27.633015,-24.999998,1.2598449,32.96426,-34.486603,36.718872,6.675366,9.159364,36.717384,-16.590946,-24.600216,44.0351,56.65583,-28.850317,0.5370122,-6.1650805,-17.308044,10.599888,2.884579,31.272064,-3.1641273,-14.352615,-16.299448,-11.649772,-17.275818,29.297493,-6.893423,13.188265
444,5.460161209106445,-7.383465766906738,106.36138916015625,-0.052300422729661115,8.082420482297882,-83.076075173402,1.1811992,2.633877,9.994613,-27.445053,-24.999998,0.76865906,32.992737,-35.282856,37.831345,6.152446,9.755827,36.979244,-17.496367,-24.639952,43.923492,57.27884,-28.369244,1.1603471,-7.4993134,-18.288595,10.8159075,3.4335961,33.92306,-8.015323,-13.258215,-17.298916,-12.140447,-17.409176,31.974897,-12.819539,12.253019
445,5.4351677894592285,-7.057568550109863,105.116943359375,-0.05242047571246432,7.852316342365229,-83.17509731994716,1.1179106,2.7581797,10.903703,-27.226473,-24.999998,-0.19656348,33.03428,-36.333344,39.31712,5.6207337,10.374791,36.853977,-18.740995,-24.648233,44.108,58.303387,-27.759033,1.6220204,-8.923577,-19.154863,11.14352,4.1925354,36.520176,-12.893452,-12.040275,-18.149603,-12.551496,-17.481081,34.453453,-17.992685,11.374421
446,5.39130163192749,-6.6768927574157715,103.88513946533203,-0.07225890572006746,7.51777835458888,-83.31909062071699,1.0930717,2.926666,11.946302,-26.991283,-24.999998,-1.4294895,33.06948,-37.63244,41.01054,5.067489,11.024164,36.5835,-20.300428,-24.602777,44.56306,59.68321,-27.054733,1.9961481,-10.493864,-19.982439,11.538154,4.983982,39.134293,-17.66411,-10.871141,-18.977587,-12.874242,-17.343605,36.87535,-22.099665,10.628424
447,5.3309407234191895,-6.2967047691345215,102.75310516357422,-0.08278928557200411,7.237040237849228,-83.47472858484291,1.092755,3.0941613,12.966274,-26.753134,-24.999998,-2.8731651,33.080986,-39.138542,42.793056,4.5939207,11.610608,36.059853,-22.043018,-24.483345,45.19898,61.253544,-26.377266,2.3050103,-11.835139,-20.846745,11.870713,5.5834737,41.57358,-21.856228,-9.935956,-19.939302,-13.1241665,-16.93494,39.221485,-24.969318,10.102781
448,5.2490458488464355,-5.990621566772461,101.76554870605469,-0.05533665766889696,7.168487622606399,-83.60888413655485,1.1106386,3.2112489,13.809099,-26.529305,-24.999998,-4.449992,33.06297,-40.773426,44.524025,4.3140435,12.031908,35.189796,-23.816206,-24.285599,45.873146,62.82973,-25.855528,2.579566,-12.578347,-21.83026,12.042409,5.8667855,43.655445,-25.13151,-9.317991,-21.184391,-13.355124,-16.28966,41.477676,-26.819489,9.795916
449,5.156364917755127,-5.758419990539551,100.94728088378906,0.03100252835439595,7.379707658969161,-83.71415260036832,1.1471583,3.2421103,14.453159,-26.298407,-24.999998,-6.2099657,33.01618,-42.50901,46.226875,4.289139,12.247968,33.702396,-25.616255,-24.01231,46.463043,64.38111,-25.590168,2.837528,-12.495913,-22.949825,12.027053,5.898562,45.256294,-27.387114,-8.96329,-22.798006,-13.618057,-15.469027,43.643906,-28.026167,9.634013
450,5.105837345123291,-5.532431125640869,100.29985809326172,0.15812795430657273,7.77673483232803,-83.80657246292465,1.2124102,3.2125897,14.990328,-26.063524,-24.999998,-8.172273,32.936386,-44.36295,47.920815,4.4600296,12.316023,31.725254,-27.475462,-23.669586,46.991875,65.95802,-25.530657,3.0715876,-11.827639,-24.15738,11.888513,5.7887945,46.50204,-28.809914,-8.751769,-24.665411,-13.897095,-14.552083,45.713802,-28.906384,9.530397
451,5.055333614349365,-5.272236347198486,99.76583099365234,0.29362374129104746,8.276588880116439,-83.88814594609366,1.3038727,3.1629467,15.432168,-25.866552,-24.999998,-10.198854,32.823505,-46.289795,49.464256,4.758972,12.272579,29.776321,-29.318592,-23.278456,47.559093,67.50249,-25.557901,3.2765608,-10.907717,-25.4053,11.6949625,5.582721,47.52943,-29.645857,-8.60691,-26.70907,-14.201466,-13.54713,47.736088,-29.645658,9.481366
452,5.012042999267578,-5.016984939575195,99.27845001220703,0.40480646981523055,8.796079835245813,-83.96183418554146,1.4123743,3.139631,15.787363,-25.743967,-24.999998,-12.145073,32.683926,-48.225163,50.72149,5.1283326,12.158921,28.360092,-31.079332,-22.86482,48.301178,68.943855,-25.532799,3.4545028,-10.061613,-26.732912,11.529703,5.2755175,48.63273,-30.228554,-8.495939,-28.643084,-14.4105835,-12.603279,49.503357,-30.249004,9.420632
453,4.978864669799805,-4.826805114746094,98.84461975097656,0.4815415820755716,9.373397368550565,-84.03517681459165,1.539962,3.1636748,16.018919,-25.700499,-24.999998,-13.975685,32.52505,-50.17182,51.632694,5.6651173,11.968301,27.610767,-32.76502,-22.443419,49.345448,70.26837,-25.434803,3.656994,-9.251668,-28.237978,11.415274,4.841637,49.90271,-30.718897,-8.416023,-30.452024,-14.509505,-11.731963,50.994556,-30.737291,9.355834
454,4.968282699584961,-4.7111496925354,98.44931030273438,0.5423082882731062,10.032262765546916,-84.10419502299204,1.6761105,3.2104833,16.13842,-25.703695,-24.999998,-15.754,32.353233,-52.118935,52.264427,6.3637466,11.689982,27.262064,-34.404404,-22.016615,50.642475,71.4666,-25.29167,3.8840663,-8.338539,-29.832502,11.303935,4.3359904,51.162964,-31.141481,-8.362261,-32.198677,-14.540546,-10.901564,52.27946,-31.14267,9.303818
455,4.9667158126831055,-4.599616527557373,98.08189392089844,0.5948631865674321,10.667357098465551,-84.15609244524555,1.801156,3.2610054,16.22455,-25.744526,-24.999998,-17.483776,32.177498,-53.989185,52.679077,7.026087,11.366827,27.205784,-35.956055,-21.589304,52.043022,72.48114,-25.051334,4.057579,-7.489476,-31.347923,11.172575,3.8326132,52.32658,-31.50117,-8.305773,-33.832756,-14.543588,-10.136472,53.433895,-31.486536,9.255588
456,4.938911437988281,-4.508090972900391,97.7532730102539,0.6471837867913595,11.173998626610823,-84.17775620155345,1.8955699,3.2958531,16.357662,-25.816841,-24.999998,-19.163643,32.0105,-55.700413,52.93164,7.4649415,11.039666,27.323633,-37.38225,-21.171186,53.382797,73.26066,-24.672215,4.0940256,-6.8681173,-32.61893,11.062666,3.382772,53.346016,-31.816423,-8.276988,-35.18848,-14.542866,-9.515515,54.455135,-31.816317,9.203016
457,4.897172927856445,-4.400116443634033,97.46345520019531,0.699368925449439,11.50193970887071,-84.1591443918116,1.9564211,3.3117843,16.56881,-25.936262,-24.999998,-20.801258,31.871399,-57.26968,53.003265,7.6160326,10.713718,27.7132,-38.665703,-20.776102,54.627888,73.77948,-24.105146,3.9440222,-6.4802885,-33.621353,10.971221,2.9814491,54.244694,-32.087517,-8.263593,-36.23544,-14.569517,-9.046802,55.360027,-32.12463,9.153679
458,4.854996681213379,-4.278778553009033,97.21003723144531,0.7474596533976657,11.71456644301082,-84.10961832260699,2.002032,3.3154426,16.814863,-26.11165,-24.999998,-22.399313,31.770279,-58.74209,52.851635,7.587311,10.381382,28.385387,-39.81929,-20.414396,55.83117,74.051605,-23.401329,3.6603682,-6.240685,-34.437183,10.883013,2.606152,55.032005,-32.30315,-8.254748,-37.06289,-14.6136465,-8.688247,56.151566,-32.39528,9.109909
459,4.811191082000732,-4.133986473083496,96.99923706054688,0.7933617479595209,11.877378058455873,-84.04547353991101,2.041702,3.3050656,17.065407,-26.323317,-24.999998,-23.944155,31.701464,-60.06553,52.503796,7.45841,10.057847,29.091768,-40.85636,-20.089775,56.961086,74.09378,-22.668499,3.3099394,-6.180071,-35.141747,10.788251,2.2613864,55.688602,-32.443497,-8.240756,-37.766315,-14.655307,-8.400438,56.814735,-32.598297,9.060213
460,4.7809739112854,-3.993903160095215,96.84443664550781,0.8390487374548905,12.05620506182125,-83.98277062665474,2.0810275,3.2795281,17.287382,-26.546017,-24.999998,-25.413204,31.650091,-61.16236,52.005383,7.326501,9.753686,29.588985,-41.79393,-19.802044,57.979156,73.93078,-22.027906,2.9558015,-6.3323207,-35.763912,10.673551,1.9731615,56.169083,-32.50465,-8.210224,-38.391598,-14.6848955,-8.160551,57.29962,-32.709335,9.013547
461,4.760291576385498,-3.8839645385742188,96.75627136230469,0.8843104847245641,12.263057357137884,-83.92788936124397,2.1245956,3.2401295,17.463003,-26.782804,-24.999998,-26.812433,31.60861,-61.985363,51.376877,7.1955833,9.451324,29.807678,-42.630398,-19.556807,58.900646,73.554726,-21.495352,2.574338,-6.7855396,-36.280136,10.547637,1.7592602,56.437866,-32.48651,-8.170043,-38.917297,-14.694895,-7.978419,57.575874,-32.730072,8.970236
462,4.73295783996582,-3.785658597946167,96.72817993164062,0.9283341645225897,12.465027663018663,-83.87149239257647,2.1647983,3.1909008,17.609325,-27.039024,-24.999998,-28.151314,31.578295,-62.56386,50.62348,7.041401,9.142452,29.878042,-43.364735,-19.358587,59.746174,72.96149,-21.012978,2.1416993,-7.4959955,-36.683784,10.422902,1.5987349,56.52158,-32.387363,-8.131353,-39.326466,-14.686593,-7.866275,57.67686,-32.67611,8.918408
463,4.712838649749756,-3.7218949794769287,96.74559783935547,0.9721395593931463,12.659963380323205,-83.8064449258788,2.1895885,3.1342163,17.741728,-27.29307,-24.999998,-29.422514,31.55525,-62.942123,49.782413,6.912148,8.848477,29.856148,-44.019024,-19.201296,60.480904,72.19476,-20.598228,1.7188308,-8.305418,-36.9767,10.294192,1.4809066,56.461945,-32.240833,-8.093279,-39.615555,-14.680532,-7.8206234,57.63765,-32.578465,8.876247
464,4.6901421546936035,-3.672818899154663,96.79299926757812,1.0168745715070893,12.845907097677939,-83.72555471279043,2.1883597,3.0723886,17.874573,-27.525322,-24.999998,-30.627253,31.531105,-63.169395,48.89888,6.8522997,8.587314,29.792511,-44.616966,-19.071096,61.058075,71.31084,-20.276848,1.3650588,-9.05782,-37.20555,10.161643,1.3738476,56.314323,-32.05362,-8.0601635,-39.825275,-14.676728,-7.828442,57.5124,-32.452606,8.833833
465,4.658714771270752,-3.6383349895477295,96.86407470703125,1.0703810975185695,13.023276124811868,-83.62326691214926,2.1607113,2.99448,18.00357,-27.737276,-24.999998,-31.766306,31.497501,-63.23321,47.9942,6.909848,8.363226,29.645922,-45.15379,-18.95732,61.434814,70.314644,-20.085676,1.10081,-9.759634,-37.37742,10.018938,1.2700399,56.089363,-31.825972,-8.035974,-39.96923,-14.684064,-7.885196,57.323658,-32.310787,8.789538
466,4.622037887573242,-3.6113712787628174,96.96520233154297,1.1296578833879292,13.192783297268209,-83.50458316134821,2.1222916,2.9074566,18.120857,-27.948513,-24.999998,-32.853115,31.449759,-63.13078,47.06638,7.045949,8.15859,29.408556,-45.610065,-18.851694,61.630146,69.20499,-20.017303,0.9036821,-10.500625,-37.48608,9.867502,1.1789479,55.767445,-31.548412,-8.015795,-40.043903,-14.696895,-7.991181,57.050415,-32.13673,8.742704
467,4.5726494789123535,-3.599766731262207,97.09332275390625,1.1802539945220374,13.35302020160548,-83.37813640875693,2.0660784,2.8282244,18.225271,-28.144579,-24.999998,-33.88401,31.385735,-62.918865,46.135075,7.1675634,7.959667,29.193966,-46.032818,-18.753193,61.711685,68.06179,-20.019411,0.7219794,-11.209934,-37.5359,9.734689,1.0962147,55.362743,-31.236885,-8.0092945,-40.03844,-14.690918,-8.152884,56.696266,-31.940907,8.685395
468,4.529515266418457,-3.584451913833618,97.23506927490234,1.2067801938802882,13.502512426878372,-83.2528537499252,1.9813269,2.771381,18.314724,-28.307247,-24.999998,-34.856346,31.305145,-62.663143,45.22058,7.1736574,7.7542586,29.118713,-46.468655,-18.669949,61.750687,66.95529,-20.02948,0.49603903,-11.810938,-37.56324,9.627251,1.0142974,54.925724,-30.915087,-8.002048,-39.982086,-14.659687,-8.350648,56.288662,-31.720066,8.62468
469,4.486796855926514,-3.5640206336975098,97.39644622802734,1.2024367780342735,13.63759428522252,-83.12789489469203,1.8923115,2.7642615,18.408104,-28.466642,-24.999998,-35.800888,31.201221,-62.38902,44.31194,6.97966,7.5258946,29.201073,-46.87689,-18.586618,61.747932,65.867195,-20.039898,0.26920843,-12.362541,-37.559093,9.55615,0.93183094,54.439476,-30.573397,-7.9977975,-39.85584,-14.590456,-8.5998125,55.807995,-31.46697,8.5537815
470,4.450801372528076,-3.544790267944336,97.58067321777344,1.1760597917780122,13.76027276979174,-82.99978355837739,1.7879721,2.7871578,18.492691,-28.612385,-24.999998,-36.70567,31.07124,-62.067654,43.42754,6.6504326,7.278764,29.390684,-47.26906,-18.501232,61.68273,64.801956,-20.073687,0.028798958,-12.866888,-37.51113,9.506696,0.85619205,53.891068,-30.208036,-7.9922285,-39.65577,-14.497794,-8.898431,55.244854,-31.178549,8.481196
471,4.40609884262085,-3.5352303981781006,97.77588653564453,1.136035307352687,13.876872711336716,-82.87344013329559,1.6830459,2.8235848,18.556198,-28.750881,-24.999998,-37.583603,30.915281,-61.735188,42.560715,6.308021,7.0481715,29.667936,-47.637474,-18.40985,61.56263,63.76376,-20.1292,-0.19449447,-13.299326,-37.432785,9.482279,0.78396195,53.30211,-29.831116,-7.998338,-39.408466,-14.379895,-9.2287035,54.637455,-30.88033,8.399793
472,4.351545333862305,-3.5196139812469482,97.96891784667969,1.0906592654903962,13.993595452369426,-82.75399054045172,1.5992012,2.857167,18.588848,-28.895073,-24.999998,-38.44814,30.732403,-61.446224,41.694534,6.064786,6.875629,30.026203,-47.968616,-18.303354,61.393295,62.75424,-20.202477,-0.3613042,-13.644277,-37.358944,9.472272,0.709657,52.709423,-29.450668,-8.01337,-39.16763,-14.244316,-9.5570755,54.032146,-30.580992,8.30803
473,4.288950443267822,-3.4926137924194336,98.15904998779297,1.0402136862007874,14.113691465630765,-82.63734449319075,1.5201415,2.8781128,18.574934,-29.032978,-24.999998,-39.321518,30.52456,-61.213516,40.854786,5.9063354,6.7717605,30.49403,-48.27988,-18.184723,61.16964,61.786182,-20.295675,-0.48038062,-13.849084,-37.301243,9.471892,0.62633073,52.117435,-29.0644,-8.035381,-38.941753,-14.093834,-9.884701,53.43034,-30.276926,8.206013
474,4.214127540588379,-3.4548282623291016,98.35088348388672,0.9807253754135218,14.233346006253395,-82.52258703678045,1.459065,2.9009295,18.53192,-29.180885,-24.999998,-40.196747,30.287006,-61.031445,40.020927,5.7815075,6.7223287,31.076836,-48.555782,-18.043907,60.881905,60.847775,-20.414158,-0.53906703,-13.960184,-37.2497,9.4883995,0.53457004,51.51331,-28.666046,-8.067044,-38.714592,-13.9208145,-10.222586,52.817493,-29.964025,8.089748
475,4.148096084594727,-3.4061331748962402,98.54425048828125,0.9142768538201207,14.348143006104307,-82.41985201045776,1.4092221,2.9239912,18.460957,-29.317879,-24.999998,-41.058018,30.020216,-60.88433,39.19588,5.7236166,6.7056384,31.684406,-48.806217,-17.88476,60.55732,59.966686,-20.544275,-0.59924984,-14.018994,-37.191166,9.510659,0.45488608,50.902103,-28.266233,-8.092661,-38.48518,-13.738503,-10.550716,52.188133,-29.633324,7.9760795
476,4.076760292053223,-3.3467979431152344,98.74226379394531,0.8436032979906869,14.453862055719242,-82.33893345922642,1.3741931,2.9484642,18.373323,-29.434433,-24.999998,-41.8783,29.724005,-60.760323,38.359737,5.775452,6.7098355,32.242447,-49.028492,-17.711714,60.224003,59.144066,-20.668121,-0.69347364,-14.082617,-37.110107,9.5479145,0.39952797,50.26805,-27.85666,-8.119686,-38.24943,-13.535622,-10.861201,51.538715,-29.285507,7.8550653
477,4.00202751159668,-3.2754366397857666,98.94221496582031,0.7646216301112584,14.551336355554032,-82.28217665151105,1.3656323,2.9891086,18.26593,-29.53475,-24.999998,-42.69513,29.403578,-60.66011,37.51362,5.963858,6.7422395,32.707413,-49.222755,-17.52643,59.883823,58.392773,-20.758348,-0.8262561,-14.153269,-37.013332,9.603187,0.36563,49.619473,-27.441393,-8.147006,-38.012005,-13.308481,-11.150404,50.874424,-28.92165,7.726486
478,3.9341819286346436,-3.2231574058532715,99.14979553222656,0.6777976056591607,14.641914659577099,-82.24434404793612,1.367695,3.031712,18.142038,-29.610235,-24.999998,-43.471294,29.054104,-60.58412,36.648857,6.275401,6.8237944,33.164078,-49.39532,-17.328386,59.530827,57.689045,-20.826622,-0.97890073,-14.202507,-36.869938,9.674478,0.36253452,48.937878,-27.032751,-8.176238,-37.73328,-13.06664,-11.437874,50.16838,-28.54854,7.605545
479,3.877162456512451,-3.1453475952148438,99.35778045654297,0.5909244535694351,14.722538000370012,-82.22444494818818,1.3876041,3.0759633,17.998829,-29.681763,-24.999998,-44.216427,28.680708,-60.527554,35.777683,6.6407123,6.9024396,33.570034,-49.535755,-17.120249,59.17321,57.03032,-20.918686,-1.1403068,-14.254845,-36.719833,9.741873,0.38267362,48.253532,-26.617504,-8.192457,-37.467094,-12.82398,-11.696541,49.452873,-28.149546,7.4880085
480,3.8215365409851074,-3.107971429824829,99.57547760009766,0.5122517910677716,14.790022109090488,-82.22111169603835,1.4245161,3.1139543,17.840702,-29.761932,-24.999998,-44.912666,28.290245,-60.4834,34.89574,6.999882,6.938511,33.912712,-49.637726,-16.904713,58.824543,56.399227,-21.077568,-1.2949156,-14.334377,-36.48802,9.816961,0.45336083,47.52029,-26.210958,-8.216431,-37.138897,-12.584766,-11.955272,48.695778,-27.756876,7.3840094
481,3.7604219913482666,-3.0561180114746094,99.79166412353516,0.44109608880419066,14.84403044502283,-82.23968428586181,1.4786869,3.1468031,17.666838,-29.851614,-24.999998,-45.55043,27.888985,-60.445824,33.987354,7.347825,6.922685,34.196747,-49.70095,-16.684649,58.485207,55.80418,-21.316961,-1.4494317,-14.452324,-36.23291,9.895162,0.55929077,46.776695,-25.797775,-8.240393,-36.818985,-12.344197,-12.183412,47.94199,-27.355572,7.277111
482,3.702397346496582,-3.003951072692871,100.00794219970703,0.3743079057349251,14.88572970664392,-82.27886958748334,1.5498841,3.1767926,17.478765,-29.944841,-24.999998,-46.13614,27.480427,-60.417492,33.045677,7.713883,6.879187,34.428238,-49.7294,-16.46006,58.152077,55.240807,-21.611488,-1.6024072,-14.594402,-35.942093,9.976026,0.70297843,46.01615,-25.385424,-8.262449,-36.48947,-12.104569,-12.38838,47.179302,-26.9477,7.17545
483,3.64674711227417,-2.9366159439086914,100.22343444824219,0.3153617580368277,14.915057057579132,-82.32772378506232,1.6284595,3.1963859,17.279987,-30.035007,-24.999998,-46.673645,27.069605,-60.39816,32.085545,8.089408,6.8146563,34.59483,-49.723877,-16.232876,57.832603,54.67562,-21.943304,-1.7391275,-14.740183,-35.63224,10.048185,0.86827743,45.245487,-24.965462,-8.278009,-36.162895,-11.872903,-12.573028,46.414272,-26.527729,7.076279
484,3.5864338874816895,-2.870450973510742,100.4378890991211,0.2680256009999899,14.931505407945867,-82.37539078555785,1.6974615,3.1948335,17.074348,-30.10778,-24.999998,-47.16364,26.661182,-60.385693,31.123913,8.466695,6.7394385,34.68809,-49.690216,-16.008255,57.541218,54.072292,-22.29199,-1.8489649,-14.864461,-35.29362,10.1112175,1.0458294,44.460785,-24.54208,-8.294328,-35.82442,-11.653223,-12.751625,45.651665,-26.112474,6.979205
485,3.517302989959717,-2.8083038330078125,100.64736938476562,0.23499360970110095,14.939174055873252,-82.4205355498085,1.7637761,3.170226,16.851696,-30.168026,-24.999998,-47.598125,26.26626,-60.373905,30.139933,8.858252,6.642286,34.68421,-49.61801,-15.791998,57.271767,53.416637,-22.68769,-1.9079127,-14.96063,-34.93476,10.163819,1.2297916,43.670498,-24.119825,-8.313787,-35.485317,-11.447267,-12.920687,44.90667,-25.711737,6.882418
486,3.457458734512329,-2.7571163177490234,100.85266876220703,0.21368056281231457,14.936974565954586,-82.46840756877786,1.8195759,3.1223323,16.621893,-30.206762,-24.999998,-47.97657,25.884789,-60.36577,29.121754,9.2627945,6.534539,34.60619,-49.512512,-15.584704,57.027767,52.70708,-23.126095,-1.9243766,-15.036759,-34.543816,10.2013445,1.4335176,42.874313,-23.708475,-8.3273,-35.13505,-11.263019,-13.076798,44.168533,-25.320116,6.7999377
487,3.394939661026001,-2.7064285278320312,101.0559310913086,0.2001606451626327,14.916535040690276,-82.51792206546445,1.8781837,3.0673544,16.39211,-30.244543,-24.999998,-48.312958,25.523693,-60.368362,28.083244,9.647781,6.4159966,34.46169,-49.376648,-15.389766,56.81297,51.97525,-23.539532,-1.9400151,-15.106679,-34.1215,10.235173,1.6529183,42.070946,-23.297934,-8.342019,-34.767483,-11.088805,-13.227728,43.436172,-24.934809,6.720261
488,3.3386316299438477,-2.658118724822998,101.25701141357422,0.19045888070618783,14.86992182038432,-82.56786284385468,1.9293655,3.0119045,16.179363,-30.277418,-24.999998,-48.620598,25.183731,-60.389893,27.047888,9.981144,6.3038564,34.278767,-49.224045,-15.211556,56.641727,51.231667,-23.855953,-1.9988502,-15.17573,-33.659157,10.26678,1.8915939,41.266262,-22.894543,-8.354855,-34.3679,-10.928315,-13.379008,42.706463,-24.55517,6.650071
489,3.2753641605377197,-2.6066551208496094,101.45689392089844,0.18942834609277387,14.792595014564284,-82.6220870624556,1.9760703,2.9473016,15.988576,-30.308878,-24.999998,-48.90202,24.86606,-60.432938,26.010267,10.221875,6.1923633,34.046803,-49.053383,-15.054909,56.523888,50.467854,-24.0455,-2.1118696,-15.248796,-33.149567,10.29985,2.158172,40.450836,-22.48975,-8.372141,-33.939938,-10.777288,-13.524932,41.985184,-24.183052,6.5801334
490,3.203462839126587,-2.5626118183135986,101.65629577636719,0.19731169588461175,14.68986969981361,-82.67964125429476,2.0200481,2.873091,15.812701,-30.3378,-24.999998,-49.151085,24.572086,-60.49533,24.958084,10.3957205,6.0790505,33.75913,-48.858418,-14.922296,56.453392,49.67194,-24.146738,-2.2532825,-15.321097,-32.5884,10.334479,2.4516263,39.616222,-22.084322,-8.396507,-33.47871,-10.63383,-13.669684,41.26668,-23.822418,6.511008
491,3.130525827407837,-2.507228374481201,101.84845733642578,0.2027054046417021,14.567645847269766,-82.73294397639982,2.059227,2.8115773,15.645734,-30.363604,-24.999998,-49.369064,24.303175,-60.57815,23.904343,10.572642,5.977957,33.441246,-48.642086,-14.814826,56.415974,48.859367,-24.191994,-2.4135957,-15.385201,-32.02337,10.371412,2.7382753,38.803116,-21.683859,-8.421208,-33.010605,-10.4939375,-13.817064,40.57009,-23.470034,6.4410467
492,3.0554239749908447,-2.4566733837127686,102.03221893310547,0.1944316601220085,14.431880864457241,-82.77414266629586,2.084934,2.7823446,15.482527,-30.37849,-24.999998,-49.557312,24.058296,-60.682682,22.86886,10.823596,5.905292,33.12277,-48.409843,-14.733342,56.397556,48.04343,-24.213144,-2.586766,-15.430643,-31.463524,10.423416,2.9968073,38.02147,-21.297623,-8.453127,-32.519817,-10.344958,-13.988758,39.88764,-23.135054,6.3693876
493,2.9822659492492676,-2.41556978225708,102.20855712890625,0.16950454434311743,14.283426511322777,-82.8003697832556,2.0888517,2.7976916,15.32302,-30.37736,-24.999998,-49.72568,23.832224,-60.82305,21.855892,11.180881,5.8728094,32.801796,-48.16549,-14.678834,56.401165,47.22251,-24.18425,-2.7850313,-15.454154,-30.909363,10.491642,3.2228725,37.27401,-20.92879,-8.491064,-31.998539,-10.185994,-14.191899,39.21196,-22.8166,6.299089
494,2.9155213832855225,-2.3755483627319336,102.37670135498047,0.13404288062553765,14.119427804547653,-82.81593206287744,2.0861444,2.847357,15.167355,-30.373795,-24.999998,-49.87197,23.624859,-60.99843,20.855618,11.602389,5.8648095,32.4627,-47.897972,-14.652321,56.423416,46.391716,-24.101368,-3.004772,-15.46438,-30.360916,10.567832,3.4268556,36.565914,-20.57891,-8.529128,-31.459116,-10.026874,-14.4120655,38.553036,-22.511885,6.2335143
495,2.8552494049072266,-2.3324906826019287,102.53902435302734,0.08997145018058282,13.940292568783411,-82.82389085534793,2.0758126,2.9062634,15.019643,-30.36031,-24.999998,-49.98595,23.434414,-61.186882,19.885492,12.048805,5.8708663,32.129616,-47.611855,-14.653463,56.461433,45.549683,-24.026558,-3.2218714,-15.455527,-29.81415,10.649695,3.6153252,35.887276,-20.242546,-8.566251,-30.902895,-9.866781,-14.644085,37.902508,-22.213024,6.171841
496,2.803851366043091,-2.288109540939331,102.69425964355469,0.039408148270186134,13.746431776290342,-82.82732095974637,2.0612361,2.9518306,14.883646,-30.333923,-24.999998,-50.05584,23.259256,-61.362076,18.95966,12.482585,5.8784714,31.823355,-47.30951,-14.678984,56.51121,44.69754,-24.023197,-3.4094403,-15.426155,-29.266666,10.7348995,3.7941382,35.239445,-19.923903,-8.601535,-30.333979,-9.709195,-14.880633,37.265945,-21.922598,6.1165833
497,2.7499358654022217,-2.260131597518921,102.84709930419922,-0.02064347714979341,13.531100284226119,-82.83011520250096,2.041468,2.9763968,14.763919,-30.283602,-24.999998,-50.072437,23.097889,-61.511814,18.078127,12.922859,5.8948836,31.557,-46.99048,-14.726834,56.58093,43.829117,-24.111849,-3.5667224,-15.37107,-28.686089,10.838427,3.975287,34.597828,-19.619814,-8.647677,-29.720955,-9.539747,-15.131054,36.625946,-21.647545,6.06225
498,2.689384698867798,-2.2350080013275146,102.99308013916016,-0.09011845734901476,13.296233335802903,-82.82933635860388,2.0145936,2.9938347,14.65856,-30.213593,-24.999998,-50.043423,22.948309,-61.646225,17.235933,13.383166,5.922749,31.314346,-46.6557,-14.793661,56.67345,42.948994,-24.257797,-3.703573,-15.295865,-28.096767,10.960301,4.146499,33.982464,-19.33085,-8.704507,-29.08391,-9.358455,-15.394165,35.998417,-21.3877,6.004558
499,2.6344263553619385,-2.203233003616333,103.13343811035156,-0.16227444186144027,13.055610337365502,-82.81850183700878,1.9798356,3.0105696,14.555564,-30.140757,-24.999998,-49.97486,22.812416,-61.769794,16.44116,13.818076,5.941192,31.071106,-46.31263,-14.877175,56.773907,42.085224,-24.442476,-3.8228076,-15.207256,-27.519485,11.078965,4.301093,33.390533,-19.049072,-8.757477,-28.448963,-9.180317,-15.661973,35.383236,-21.131077,5.949528
500,2.5824434757232666,-2.172834634780884,103.2690658569336,-0.230589688441524,12.8227292915562,-82.79088319145694,1.9260714,3.0309598,14.44715,-30.07195,-24.999998,-49.87844,22.690271,-61.886982,15.7093115,14.180414,5.9340725,30.80769,-45.97092,-14.975289,56.867294,41.255516,-24.645979,-3.9284387,-15.107382,-26.960566,11.185525,4.4347787,32.808807,-18.769459,-8.806589,-27.825563,-9.010634,-15.938669,34.77809,-20.879925,5.898109
501,2.5293381214141846,-2.135704755783081,103.39976501464844,-0.2931427613353103,12.597420021328388,-82.73990087746257,1.8527602,3.0583181,14.333923,-30.01395,-24.999998,-49.758675,22.58159,-62.0047,15.040682,14.454037,5.8897038,30.518175,-45.631058,-15.083024,56.956112,40.465664,-24.886723,-4.008032,-14.997082,-26.42951,11.27757,4.5367217,32.239708,-18.486654,-8.851628,-27.21966,-8.850715,-16.229012,34.18655,-20.632288,5.846512
502,2.479016065597534,-2.095951795578003,103.52465057373047,-0.35380568878714763,12.37398788719285,-82.67070687844276,1.7561927,3.0868738,14.218018,-29.952324,-24.999998,-49.608288,22.48605,-62.11711,14.435607,14.664258,5.821725,30.216171,-45.29243,-15.200344,57.04474,39.708443,-25.166857,-4.072655,-14.868625,-25.918798,11.3610525,4.6125984,31.691177,-18.209564,-8.893322,-26.623367,-8.698951,-16.530579,33.61232,-20.39271,5.797842
503,2.4220800399780273,-2.062270164489746,103.64613342285156,-0.41415311554758255,12.15666961160932,-82.59471643873611,1.6548691,3.118063,14.09972,-29.897823,-24.999998,-49.43033,22.40329,-62.221954,13.885134,14.823481,5.7456217,29.904724,-44.949898,-15.323706,57.120445,38.99122,-25.454533,-4.130262,-14.7403,-25.414974,11.446481,4.678715,31.142109,-17.931223,-8.939918,-26.032656,-8.541306,-16.836226,33.0435,-20.16128,5.7455277
504,2.375993490219116,-2.032261610031128,103.76604461669922,-0.47601889032607636,11.949802649117167,-82.52310180031857,1.5576594,3.1491044,13.974769,-29.851032,-24.999998,-49.22003,22.335316,-62.31141,13.385994,14.946339,5.6771436,29.586794,-44.599476,-15.454376,57.16305,38.319004,-25.715528,-4.2032704,-14.617671,-24.92108,11.526985,4.748611,30.597559,-17.657948,-8.980907,-25.447744,-8.382085,-17.134716,32.459328,-19.919163,5.700258
505,2.328794002532959,-1.990161657333374,103.88058471679688,-0.5410892953500394,11.754042152357675,-82.4546076034638,1.4669375,3.183303,13.848979,-29.8146,-24.999998,-48.98802,22.2794,-62.388794,12.94296,15.011425,5.614486,29.255547,-44.2386,-15.586827,57.168762,37.695675,-25.95387,-4.2882175,-14.511551,-24.459362,11.609656,4.809082,30.070415,-17.383404,-9.020963,-24.89577,-8.215371,-17.418894,31.889025,-19.674095,5.6495857
506,2.2684242725372314,-1.948372483253479,103.99422454833984,-0.6078639347745415,11.567208869868344,-82.3846443251985,1.36904,3.217092,13.717964,-29.778206,-24.999998,-48.727024,22.23533,-62.451347,12.563435,15.021668,5.552135,28.911934,-43.872284,-15.7231455,57.14205,37.11986,-26.181913,-4.389676,-14.405051,-24.005058,11.700036,4.864259,29.529543,-17.096249,-9.069474,-24.352705,-8.032502,-17.703547,31.312338,-19.427694,5.588297
507,2.2124457359313965,-1.8971410989761353,104.10501861572266,-0.6735754246851582,11.389506373103323,-82.31961123561459,1.2832408,3.2520053,13.583545,-29.758358,-24.999998,-48.438118,22.202665,-62.505756,12.226459,15.017087,5.5011425,28.572725,-43.4981,-15.859102,57.09164,36.586514,-26.393847,-4.4868326,-14.307067,-23.571589,11.7848,4.9195857,28.999386,-16.80836,-9.112093,-23.833384,-7.849825,-17.972832,30.73779,-19.17242,5.527524
508,2.1594901084899902,-1.8392555713653564,104.21074676513672,-0.7353081749742482,11.220861376656613,-82.26619704159873,1.2047522,3.2808824,13.443343,-29.747112,-24.999998,-48.11781,22.179642,-62.55145,11.930458,15.039886,5.476478,28.259687,-43.125668,-15.995448,57.028873,36.08742,-26.575212,-4.580625,-14.206288,-23.156662,11.8635235,4.9841924,28.484802,-16.52465,-9.1491165,-23.345856,-7.6715374,-18.215956,30.180365,-18.916538,5.467819
509,2.107842445373535,-1.7780482769012451,104.31352996826172,-0.7932639869657571,11.065581494350782,-82.22389975683204,1.1360224,3.304129,13.289551,-29.749533,-24.999998,-47.75848,22.168732,-62.58728,11.674235,15.101387,5.4826727,27.97771,-42.75679,-16.136614,56.95663,35.630383,-26.707235,-4.678454,-14.099656,-22.758108,11.936412,5.058604,27.974272,-16.239717,-9.181414,-22.887386,-7.494143,-18.435217,29.629414,-18.65654,5.4079285
510,2.054314613342285,-1.7244080305099487,104.4150390625,-0.8485254023902981,10.92215393420926,-82.19002542626728,1.0716769,3.323782,13.129975,-29.760984,-24.999998,-47.369865,22.166725,-62.615044,11.465841,15.17796,5.514564,27.720089,-42.390186,-16.280993,56.8756,35.209305,-26.79966,-4.7749624,-13.99308,-22.362127,12.007725,5.1443157,27.456158,-15.9532175,-9.214298,-22.44152,-7.313189,-18.640028,29.075123,-18.396408,5.3476176
511,2.000808000564575,-1.6699392795562744,104.51067352294922,-0.899531004660541,10.78216081247442,-82.16747148717197,1.0140857,3.336445,12.9658165,-29.777138,-24.999998,-46.94476,22.176432,-62.625965,11.294303,15.2686,5.5589027,27.471565,-42.018856,-16.432053,56.770775,34.813095,-26.880312,-4.8682513,-13.880846,-21.974518,12.076324,5.2419376,26.95468,-15.675539,-9.245977,-22.018597,-7.1379995,-18.822441,28.54497,-18.144802,5.2881994
512,1.9423067569732666,-1.617812156677246,104.60279846191406,-0.9448055439610916,10.636815947971538,-82.15942786967982,0.96417904,3.3394923,12.80432,-29.792463,-24.999998,-46.482952,22.200771,-62.61384,11.148135,15.369895,5.6056185,27.220228,-41.636456,-16.5928,56.630695,34.422077,-26.978224,-4.949835,-13.759526,-21.572876,12.145207,5.36377,26.455423,-15.402735,-9.280982,-21.603235,-6.966784,-18.984665,28.033749,-17.903488,5.2279167
513,1.8837836980819702,-1.5550556182861328,104.6904296875,-0.9831908861236105,10.485980474490635,-82.16941755666205,0.9431401,3.3368099,12.658172,-29.827353,-24.999998,-45.999386,22.234482,-62.58926,11.016984,15.4870825,5.6615453,26.968817,-41.2318,-16.746798,56.459488,34.033894,-27.12283,-4.9810877,-13.65598,-21.172024,12.209191,5.510137,25.974209,-15.136755,-9.313169,-21.211,-6.806308,-19.117046,27.551254,-17.66696,5.167819
514,1.8218344449996948,-1.4893511533737183,104.77472686767578,-1.0156649014375074,10.333598241707076,-82.1949996159832,0.92648256,3.320624,12.5107975,-29.859602,-24.999998,-45.476326,22.279617,-62.540386,10.921079,15.624837,5.7295184,26.721457,-40.822414,-16.899258,56.254166,33.666946,-27.283703,-5.00487,-13.540515,-20.768066,12.270879,5.678882,25.500364,-14.87452,-9.345974,-20.835815,-6.6513844,-19.225266,27.088959,-17.436474,5.106378
515,1.7738157510757446,-1.4291529655456543,104.854736328125,-1.0439503397740202,10.177043629292237,-82.22975856932278,0.9223785,3.304714,12.365308,-29.898834,-24.999998,-44.919807,22.341164,-62.472404,10.844099,15.75692,5.7893376,26.469831,-40.39659,-17.051996,56.018215,33.320644,-27.447836,-5.021343,-13.428627,-20.357765,12.322033,5.861895,25.046143,-14.631347,-9.371327,-20.46373,-6.513406,-19.31864,26.64428,-17.214073,5.0575833
516,1.7324466705322266,-1.3753843307495117,104.93140411376953,-1.0696359896414696,10.013576518789872,-82.2674511428466,0.90469414,3.2915337,12.234502,-29.919352,-24.999998,-44.34255,22.409857,-62.398186,10.802837,15.86048,5.8360806,26.233084,-39.96631,-17.20431,55.77479,32.98416,-27.591951,-5.040693,-13.322552,-19.937197,12.367484,6.048999,24.604786,-14.402678,-9.394382,-20.085827,-6.385608,-19.407818,26.212175,-17.001087,5.016514
517,1.6962498426437378,-1.3248367309570312,105.00535583496094,-1.0944099938849865,9.842057186267839,-82.30816263825498,0.89437073,3.2909806,12.109182,-29.945194,-24.999998,-43.735794,22.492395,-62.311573,10.7835245,15.913358,5.849767,26.003359,-39.515305,-17.360882,55.50695,32.66678,-27.719963,-5.065177,-13.234871,-19.507772,12.409488,6.2366905,24.176792,-14.1869335,-9.415935,-19.701612,-6.2646356,-19.493607,25.790564,-16.795128,4.981097
518,1.6534407138824463,-1.281067132949829,105.07428741455078,-1.1171509900358192,9.664046523172356,-82.35481563157104,0.8852462,3.2949924,11.990533,-29.968693,-24.999998,-43.09816,22.590416,-62.210014,10.788014,15.932759,5.844998,25.782795,-39.050133,-17.525629,55.212727,32.358864,-27.835304,-5.0929685,-13.152482,-19.069769,12.4553585,6.4292173,23.761541,-13.98299,-9.443834,-19.32077,-6.145951,-19.57083,25.397457,-16.609396,4.9441357
519,1.6210047006607056,-1.2435203790664673,105.14049530029297,-1.1351582640914237,9.48108704236918,-82.40490388560067,0.8903474,3.3052497,11.882485,-29.999678,-24.999998,-42.448273,22.701038,-62.106277,10.80372,15.94401,5.832247,25.548407,-38.560925,-17.689648,54.90782,32.062553,-27.944635,-5.1001678,-13.086616,-18.620531,12.490267,6.631309,23.354546,-13.791471,-9.466064,-18.936092,-6.0421696,-19.642233,25.015104,-16.43058,4.917612
520,1.6002622842788696,-1.2059972286224365,105.20507049560547,-1.1460578244135695,9.295100412588916,-82.45615343076716,0.8849402,3.30651,11.773779,-30.008413,-24.999998,-41.780014,22.823078,-61.99308,10.843198,15.98368,5.826896,25.28087,-38.07798,-17.859728,54.594727,31.788506,-28.018606,-5.118073,-12.989568,-18.16797,12.50918,6.841342,22.957169,-13.609011,-9.479252,-18.55463,-5.9576635,-19.70761,24.644245,-16.254313,4.9015703
521,1.5823673009872437,-1.1676888465881348,105.26809692382812,-1.1462611004667291,9.10319851083865,-82.50905671086723,0.881654,3.3002827,11.668131,-30.007168,-24.999998,-41.09918,22.956835,-61.872364,10.899053,16.046148,5.8250213,24.949022,-37.586964,-18.036676,54.266277,31.53234,-28.051443,-5.1309147,-12.863012,-17.702501,12.512655,7.064636,22.556826,-13.427657,-9.48775,-18.17714,-5.8919177,-19.76595,24.291105,-16.085371,4.8909006
522,1.5579830408096313,-1.1306655406951904,105.32797241210938,-1.1380616417354648,8.905521246572837,-82.5646192246733,0.88737404,3.292787,11.569648,-30.005203,-24.999998,-40.407413,23.1007,-61.7482,10.970097,16.11676,5.8213377,24.573395,-37.07659,-18.215872,53.92489,31.290314,-28.060556,-5.128427,-12.730359,-17.224457,12.509503,7.298492,22.15303,-13.246305,-9.4986105,-17.808023,-5.8372684,-19.816486,23.96713,-15.933029,4.879073
523,1.526904821395874,-1.111118197441101,105.3873291015625,-1.1281367495929258,8.708450976937073,-82.62107210728031,0.8886958,3.2839308,11.469223,-29.989119,-24.999998,-39.697365,23.254162,-61.61539,11.061404,16.214697,5.8215413,24.19957,-36.572144,-18.401114,53.58302,31.069914,-28.052916,-5.1354156,-12.587981,-16.724785,12.508035,7.5429063,21.72977,-13.06409,-9.5167885,-17.425648,-5.778426,-19.871145,23.639513,-15.791429,4.8666105
524,1.5113343000411987,-1.0856937170028687,105.4446792602539,-1.1231860864255205,8.518107850600382,-82.67673229370273,0.8866548,3.2810564,11.364653,-29.960268,-24.999998,-38.97086,23.414831,-61.476234,11.168875,16.356482,5.8293343,23.87289,-36.077385,-18.591171,53.26531,30.870575,-28.052366,-5.149873,-12.462416,-16.250473,12.5011635,7.7758045,21.331703,-12.89329,-9.52495,-17.05298,-5.723497,-19.924566,23.30849,-15.6403055,4.861979
525,1.5007539987564087,-1.0634210109710693,105.50096130371094,-1.1246209766963076,8.33194631716447,-82.73596055013672,0.882199,3.2899613,11.258031,-29.91183,-24.999998,-38.22022,23.58366,-61.319584,11.2854805,16.56422,5.8435993,23.597046,-35.597767,-18.786362,52.96017,30.69815,-28.059492,-5.1897817,-12.336039,-15.785094,12.498556,8.006334,20.945414,-12.731181,-9.532265,-16.67849,-5.6614265,-19.9775,22.967813,-15.484735,4.859413
526,1.4991587400436401,-1.0450905561447144,105.55572509765625,-1.1289513284691253,8.147995361983979,-82.798038842686,0.8698941,3.3035347,11.153883,-29.840876,-24.999998,-37.44069,23.756243,-61.150715,11.418263,16.831038,5.866512,23.361517,-35.131145,-18.985167,52.668747,30.547651,-28.064125,-5.2460027,-12.207353,-15.32448,12.49375,8.237312,20.571192,-12.57978,-9.5356245,-16.301163,-5.6003904,-20.029228,22.62141,-15.326401,4.862978
527,1.4884542226791382,-1.0210124254226685,105.6078109741211,-1.1356190206804224,7.97372863918588,-82.85358329567583,0.85112184,3.315458,11.036761,-29.764074,-24.999998,-36.652615,23.933445,-60.97772,11.581918,17.108774,5.892007,23.15173,-34.67781,-19.190763,52.41577,30.42288,-28.061764,-5.294643,-12.10806,-14.888926,12.494347,8.4511595,20.204275,-12.423377,-9.543012,-15.944625,-5.5320473,-20.083242,22.287195,-15.171967,4.8579583
528,1.4799917936325073,-1.0026400089263916,105.65753173828125,-1.1439137294127824,7.816567974690114,-82.89323926860699,0.82025856,3.316491,10.898026,-29.691357,-24.999998,-35.86817,24.112617,-60.817223,11.792082,17.358805,5.9221425,22.972982,-34.238243,-19.405285,52.240883,30.319052,-28.048357,-5.303681,-12.079686,-14.482014,12.492557,8.639891,19.844454,-12.267613,-9.549105,-15.600739,-5.463012,-20.150597,21.952446,-15.020005,4.854074
529,1.4742279052734375,-1.0005022287368774,105.70701599121094,-1.1530486404136884,7.679197563661881,-82.91153283366127,0.7759392,3.3016922,10.73004,-29.629015,-24.999998,-35.092796,24.293732,-60.675854,12.059354,17.572336,5.9528604,22.828735,-33.82184,-19.63243,52.170223,30.248426,-27.999065,-5.257652,-12.145272,-14.091817,12.486406,8.804411,19.473782,-12.108257,-9.555037,-15.256789,-5.3918953,-20.241062,21.602589,-14.87004,4.853682
530,1.4827260971069336,-1.0008004903793335,105.75568389892578,-1.1636528082884492,7.557348806545168,-82.91440760207612,0.7202577,3.2774146,10.539759,-29.569872,-24.999998,-34.31926,24.477577,-60.54454,12.374625,17.769218,5.985389,22.717709,-33.42903,-19.874485,52.18725,30.207907,-27.917887,-5.172722,-12.28261,-13.734185,12.471187,8.943195,19.120752,-11.956217,-9.551597,-14.919176,-5.3264914,-20.345533,21.23879,-14.711054,4.862107
531,1.4824681282043457,-0.9953372478485107,105.8031234741211,-1.1769906842849691,7.448453086876135,-82.9095938937324,0.65760094,3.2537725,10.335783,-29.508379,-24.999998,-33.54676,24.663815,-60.412884,12.724889,17.949091,6.0247717,22.627281,-33.04523,-20.131657,52.254272,30.17159,-27.844177,-5.069693,-12.459024,-13.403696,12.462005,9.063534,18.770098,-11.795747,-9.551838,-14.601381,-5.251179,-20.453705,20.876867,-14.550267,4.861696
532,1.4771339893341064,-0.9818790555000305,105.84722900390625,-1.1947552721436399,7.34987938611007,-82.90458274691309,0.5944583,3.2403574,10.126017,-29.440971,-24.999998,-32.779427,24.85229,-60.27055,13.098629,18.10767,6.0746493,22.540041,-32.65411,-20.403784,52.328857,30.11727,-27.821394,-4.9709797,-12.6386595,-13.105889,12.461258,9.169464,18.440947,-11.6378975,-9.554406,-14.309262,-5.1681657,-20.555534,20.52865,-14.390957,4.8543224
533,1.4627716541290283,-0.9824625253677368,105.89042663574219,-1.2188440614152356,7.267875320401738,-82.9007222282972,0.5353025,3.2424195,9.903428,-29.365635,-24.999998,-32.01598,25.040585,-60.123665,13.497537,18.24967,6.1408625,22.459597,-32.24398,-20.689896,52.40345,30.03427,-27.87702,-4.869267,-12.832545,-12.81521,12.473477,9.27443,18.098372,-11.475722,-9.566598,-14.020961,-5.0653386,-20.657856,20.1654,-14.2328825,4.840264
534,1.4636520147323608,-0.9711098074913025,105.93180847167969,-1.247830831456196,7.201681837685653,-82.89402870892148,0.48067245,3.2546186,9.6653385,-29.289717,-24.999998,-31.26717,25.229229,-59.97599,13.929882,18.367655,6.216554,22.383104,-31.821043,-20.991282,52.48914,29.937613,-27.988575,-4.7584624,-13.049452,-12.5762615,12.482659,9.356771,17.797054,-11.326728,-9.567514,-13.758235,-4.965689,-20.755417,19.798634,-14.059908,4.83169
535,1.4631446599960327,-0.9667897820472717,105.97273254394531,-1.2776275676164537,7.137532818446845,-82.88453185932546,0.4244681,3.2665489,9.432276,-29.216415,-24.999998,-30.524073,25.416256,-59.82421,14.386418,18.46385,6.298865,22.316668,-31.39109,-21.307861,52.575047,29.828411,-28.123945,-4.6584196,-13.25764,-12.33335,12.493441,9.437699,17.489794,-11.177446,-9.57091,-13.489032,-4.8620687,-20.85797,19.42476,-13.888459,4.8232956
536,1.4650580883026123,-0.9490122199058533,106.01268005371094,-1.3043889001794964,7.061861715321797,-82.8721328880004,0.36639562,3.2713478,9.222353,-29.155296,-24.999998,-29.79658,25.602488,-59.659344,14.860905,18.526949,6.3772,22.246626,-30.95316,-21.639345,52.64621,29.711905,-28.259388,-4.5876727,-13.4270935,-12.092149,12.498601,9.512647,17.196514,-11.029974,-9.569823,-13.220336,-4.767645,-20.961508,19.062456,-13.715555,4.816165
537,1.4644780158996582,-0.9307566285133362,106.0538330078125,-1.3252735595574834,6.972355295553881,-82.85611662721065,0.3050222,3.2616625,9.039505,-29.104876,-24.999998,-29.0794,25.788338,-59.47999,15.354565,18.558455,6.4510202,22.178133,-30.507113,-21.985897,52.699635,29.582869,-28.403788,-4.5571103,-13.551304,-11.823134,12.496199,9.592904,16.884167,-10.874407,-9.569243,-12.932835,-4.679234,-21.072868,18.696978,-13.54354,4.810312
538,1.4678833484649658,-0.9182587265968323,106.09347534179688,-1.3429344072863665,6.875961933410322,-82.83674882254041,0.24262594,3.243828,8.874677,-29.063143,-24.999998,-28.371313,25.973444,-59.2902,15.869084,18.562168,6.5244055,22.113998,-30.047941,-22.346973,52.739864,29.438414,-28.56854,-4.5532813,-13.647885,-11.542692,12.487961,9.672937,16.57452,-10.725325,-9.567216,-12.635329,-4.5992,-21.189302,18.338552,-13.379317,4.8102694
539,1.4749088287353516,-0.9094659090042114,106.1329345703125,-1.3619206476258239,6.772544611812816,-82.81536110737905,0.17976487,3.2283647,8.726087,-29.034101,-24.999998,-27.680542,26.157433,-59.09002,16.399326,18.535963,6.5970807,22.043556,-29.580923,-22.721987,52.76357,29.291767,-28.72539,-4.565324,-13.712772,-11.252275,12.47992,9.754257,16.26759,-10.581626,-9.564605,-12.320692,-4.5180283,-21.31229,17.969946,-13.213349,4.8137765
540,1.4811925888061523,-0.8936216831207275,106.16992950439453,-1.3868272152201209,6.66211514836337,-82.79328519744644,0.11727438,3.2254076,8.593798,-29.021927,-24.999998,-27.00576,26.33776,-58.882294,16.936533,18.484585,6.6715665,21.964819,-29.103321,-23.108486,52.76538,29.150034,-28.849604,-4.5797024,-13.747066,-10.973637,12.481991,9.829032,15.988352,-10.44891,-9.563063,-12.005306,-4.430427,-21.43582,17.6085,-13.048838,4.8145304
541,1.4881566762924194,-0.8760879635810852,106.20687103271484,-1.4213865142075437,6.540089113089159,-82.76909790259738,0.055302106,3.2432008,8.481998,-29.033384,-24.999998,-26.35583,26.513344,-58.663876,17.48151,18.390429,6.7422376,21.857521,-28.614822,-23.50587,52.739067,29.017694,-28.940668,-4.6029654,-13.743597,-10.688274,12.497371,9.903857,15.719797,-10.322663,-9.563832,-11.662824,-4.3263106,-21.56952,17.221571,-12.874203,4.813553
542,1.5015740394592285,-0.8425809144973755,106.24281311035156,-1.462223701214146,6.407991395182702,-82.74266081809752,-0.006128658,3.273562,8.389339,-29.064758,-24.999998,-25.72372,26.682936,-58.436916,18.038382,18.261246,6.811379,21.733885,-28.11231,-23.913887,52.68701,28.88972,-29.012863,-4.6389995,-13.70618,-10.420958,12.518523,9.967813,15.487268,-10.208263,-9.5594635,-11.315788,-4.218829,-21.705784,16.83012,-12.688621,4.813056
543,1.5266059637069702,-0.8215576410293579,106.27886199951172,-1.50356414765945,6.275064975677822,-82.71724063534141,-0.06463349,3.3052745,8.304734,-29.106085,-24.999998,-25.11215,26.845919,-58.206966,18.614304,18.121468,6.8848376,21.617443,-27.60122,-24.330868,52.614143,28.769234,-29.056929,-4.674988,-13.644066,-10.144721,12.534759,10.037675,15.25989,-10.106895,-9.551073,-10.945839,-4.1123366,-21.84705,16.412428,-12.495589,4.822736
544,1.5317702293395996,-0.799456775188446,106.31147766113281,-1.5401062059362074,6.150442477941396,-82.69614633515538,-0.11804979,3.3272197,8.217732,-29.147331,-24.999998,-24.51629,27.00113,-57.981262,19.213762,17.999792,6.9701724,21.538706,-27.082563,-24.752953,52.526382,28.656723,-29.065975,-4.6962442,-13.570095,-9.878018,12.556444,10.107834,15.027378,-9.997029,-9.553158,-10.611571,-4.0049567,-21.973509,16.037867,-12.324872,4.819633
545,1.5515234470367432,-0.7743003964424133,106.34053039550781,-1.5728139531471779,6.039783665828857,-82.67963785511077,-0.16979674,3.3370302,8.120015,-29.181524,-24.999998,-23.934774,27.148115,-57.75935,19.839718,17.900358,7.078917,21.513895,-26.566591,-25.177462,52.431595,28.562237,-29.02486,-4.70061,-13.473846,-9.65603,12.567564,10.164967,14.845482,-9.912204,-9.544614,-10.312803,-3.9175053,-22.084133,15.692842,-12.159647,4.826165
546,1.558988332748413,-0.7443093061447144,106.3664779663086,-1.6039407668644197,5.93704512030291,-82.66633460115581,-0.22085047,3.3408046,8.018557,-29.214064,-24.999998,-23.36815,27.28681,-57.53755,20.489996,17.809921,7.2034674,21.525793,-26.054075,-25.602528,52.32729,28.488087,-28.938911,-4.6960893,-13.353066,-9.453859,12.584423,10.216775,14.673481,-9.8256235,-9.541906,-10.045421,-3.829093,-22.182743,15.380615,-12.008285,4.8234615
547,1.5711109638214111,-0.710632860660553,106.39102172851562,-1.6298245268630092,5.83412226826019,-82.65653912735438,-0.2667074,3.3393073,7.923112,-29.252808,-24.999998,-22.82076,27.417524,-57.317265,21.167912,17.726843,7.321042,21.548687,-25.528177,-26.026121,52.20505,28.426382,-28.83886,-4.6842175,-13.232988,-9.258295,12.592413,10.26975,14.514225,-9.745628,-9.534476,-9.792232,-3.7546887,-22.272131,15.089593,-11.86281,4.8247795
548,1.6032686233520508,-0.6705535054206848,106.41706848144531,-1.6462705490758038,5.7227692058621855,-82.65071451872188,-0.3019507,3.330915,7.843285,-29.307005,-24.999998,-22.29887,27.54063,-57.102715,21.87701,17.648851,7.409667,21.556942,-24.982227,-26.446936,52.053833,28.375107,-28.75029,-4.6708927,-13.132193,-9.051564,12.57537,10.33269,14.357369,-9.6711855,-9.511544,-9.529672,-3.705298,-22.357416,14.790709,-11.70462,4.8415465
549,1.6563115119934082,-0.6372928023338318,106.44454956054688,-1.6500536342916323,5.598266887752106,-82.64311068119645,-0.330177,3.3147068,7.7875705,-29.38196,-24.999998,-21.803999,27.655119,-56.89772,22.621431,17.588459,7.4554396,21.547644,-24.418268,-26.864897,51.87032,28.337933,-28.671783,-4.660526,-13.052377,-8.814414,12.529046,10.407203,14.192618,-9.605558,-9.475044,-9.242471,-3.685931,-22.44853,14.486801,-11.54476,4.878521
550,1.6587527990341187,-0.6218715906143188,106.47132110595703,-1.6433484506354463,5.465806232832999,-82.63551015739819,-0.35313764,3.2913303,7.747803,-29.471346,-24.999998,-21.338854,27.760965,-56.7002,23.402193,17.53867,7.4714556,21.529638,-23.821152,-27.280273,51.65718,28.30648,-28.603476,-4.645793,-12.992238,-8.501958,12.493415,10.512431,13.9227,-9.488459,-9.470584,-8.956853,-3.6513793,-22.539486,14.22566,-11.429584,4.888606
551,1.6707208156585693,-0.6023333072662354,106.49653625488281,-1.6336179179972024,5.3321968757170115,-82.63967931701173,-0.35716122,3.263653,7.711792,-29.57269,-24.999998,-20.892773,27.858952,-56.512733,24.206661,17.48149,7.4825625,21.511736,-23.202015,-27.690382,51.408566,28.28378,-28.543972,-4.628177,-12.941192,-8.193216,12.449089,10.628761,13.668313,-9.381415,-9.45897,-8.683182,-3.630078,-22.61364,13.98016,-11.3154125,4.9047933
552,1.678297519683838,-0.582249104976654,106.52024841308594,-1.6264216088774774,5.204336388807266,-82.66770356002255,-0.33023265,3.2347708,7.6668186,-29.681654,-24.999998,-20.464228,27.951485,-56.335957,25.02593,17.392061,7.510843,21.49637,-22.552061,-28.089779,51.117146,28.262472,-28.504755,-4.6037426,-12.899179,-7.8858995,12.411543,10.770355,13.416576,-9.276366,-9.450345,-8.429123,-3.6031454,-22.657907,13.746674,-11.204002,4.9154305
553,1.6870747804641724,-0.5591769218444824,106.54525756835938,-1.6207189111075238,5.076830868759681,-82.73950573321231,-0.24995993,3.1965194,7.6112347,-29.801899,-24.999998,-20.040352,28.041859,-56.171745,25.85603,17.272686,7.5669956,21.495811,-21.863369,-28.471413,50.773018,28.24453,-28.489643,-4.5746384,-12.852703,-7.5531874,12.374018,10.969815,13.144181,-9.165532,-9.440328,-8.179267,-3.5691504,-22.656137,13.493952,-11.074948,4.9230266
554,1.6794058084487915,-0.5591092705726624,106.57001495361328,-1.6141107823169194,4.948439419242317,-82.84318592326596,-0.13413306,3.1493587,7.5501137,-29.92931,-24.999998,-19.623613,28.13216,-56.01656,26.701124,17.13102,7.6374702,21.50526,-21.119913,-28.832434,50.380184,28.225496,-28.508404,-4.539681,-12.816409,-7.1601295,12.342489,11.229173,12.810966,-9.038459,-9.444968,-7.9209146,-3.521667,-22.624472,13.241109,-10.9602,4.9224496
555,1.684311032295227,-0.5646571516990662,106.5943603515625,-1.610089651175828,4.83206164217806,-82.94247418080909,-0.018486584,3.1068711,7.4855857,-30.06018,-24.999998,-19.236055,28.220924,-55.87291,27.55652,16.95729,7.7126217,21.506289,-20.402668,-29.17157,49.960056,28.248024,-28.524908,-4.5108633,-12.785026,-6.790195,12.306602,11.476358,12.496249,-8.923545,-9.443452,-7.6619043,-3.4751594,-22.597782,12.968109,-10.834873,4.9297953
556,1.702786922454834,-0.6094350814819336,106.61737823486328,-1.6127405528754986,4.740429701283888,-83.001183740455,0.0443778,3.0849693,7.412038,-30.173656,-24.999998,-18.880049,28.305443,-55.72767,28.42268,16.743526,7.780987,21.485222,-19.674767,-29.494892,49.53438,28.285213,-28.56498,-4.475563,-12.812311,-6.446863,12.272207,11.67381,12.191321,-8.827709,-9.443158,-7.3716598,-3.4181857,-22.623495,12.647028,-10.709524,4.952042
557,1.7393430471420288,-0.5886311531066895,106.63558197021484,-1.6292630877423433,4.686373210936,-82.99799007234066,0.039629538,3.098079,7.328338,-30.275146,-24.999998,-18.57195,28.380222,-55.585167,29.29508,16.471418,7.852159,21.416197,-19.027811,-29.80552,49.122696,28.383104,-28.601557,-4.444895,-12.882798,-6.3282866,12.254695,11.712992,12.081352,-8.77861,-9.420673,-7.1784377,-3.36952,-22.685335,12.366633,-10.560756,4.9702797
558,1.761783242225647,-0.5169804096221924,106.65016174316406,-1.6554104957748939,4.659823340266862,-82.95604874908865,-0.022726966,3.1367888,7.229765,-30.353346,-24.999998,-18.29022,28.444887,-55.430904,30.18498,16.151587,7.924245,21.314089,-18.33781,-30.109398,48.7132,28.469551,-28.685448,-4.396818,-13.033435,-6.350239,12.26152,11.653311,12.06575,-8.732347,-9.397338,-7.0707607,-3.311721,-22.763157,12.134697,-10.40742,4.9663496
559,1.7867333889007568,-0.4811897873878479,106.66584777832031,-1.679393435375617,4.639699797262234,-82.90577569195457,-0.078639634,3.1791275,7.1378517,-30.44309,-24.999998,-18.043898,28.500063,-55.29152,31.089523,15.82913,7.9794707,21.218414,-17.753391,-30.398151,48.298435,28.63634,-28.693392,-4.363295,-13.155843,-6.329015,12.260978,11.605384,11.995386,-8.677387,-9.37887,-6.921618,-3.246559,-22.86185,11.857417,-10.253958,4.9713445
560,1.8185043334960938,-0.47320103645324707,106.68549346923828,-1.6902419300606897,4.604780359042515,-82.87746627394954,-0.114762634,3.2028682,7.052207,-30.527737,-24.999998,-17.789625,28.551672,-55.15305,32.01528,15.544815,7.9961157,21.183395,-17.096113,-30.669846,47.852093,28.787067,-28.671564,-4.3203945,-13.292139,-6.2134285,12.233895,11.619879,11.842268,-8.605685,-9.358331,-6.7214484,-3.192903,-22.950829,11.541993,-10.096256,4.9896693
561,1.8626527786254883,-0.46778619289398193,106.7048568725586,-1.6806384340963336,4.546740169298045,-82.8807898728287,-0.113091454,3.1965642,6.981545,-30.615004,-24.999998,-17.53227,28.605349,-55.024673,32.972733,15.327019,7.945131,21.24016,-16.400108,-30.919636,47.36201,28.946756,-28.58988,-4.2761803,-13.411802,-6.035903,12.171257,11.689952,11.663318,-8.536257,-9.3256,-6.5217338,-3.1838875,-23.002935,11.275239,-9.959306,5.023275
562,1.8864119052886963,-0.448574960231781,106.72465515136719,-1.6579770698721954,4.4778040182295475,-82.89910004685375,-0.09309882,3.1718888,6.919828,-30.702263,-24.999998,-17.27586,28.663055,-54.90669,33.948647,15.14636,7.848096,21.36113,-15.679999,-31.145279,46.83517,29.122843,-28.468754,-4.232871,-13.528261,-5.8173594,12.097226,11.790326,11.426652,-8.430824,-9.298115,-6.3501797,-3.1892042,-23.029282,11.063636,-9.844254,5.0443845
563,1.898453950881958,-0.41575905680656433,106.74268341064453,-1.632823650544623,4.407672541022999,-82.92322365137234,-0.065805346,3.1441622,6.861644,-30.788902,-24.999998,-17.03315,28.725056,-54.79202,34.913857,14.953307,7.7565827,21.482433,-14.950046,-31.346117,46.28518,29.31428,-28.318708,-4.195044,-13.644245,-5.6056924,12.026049,11.89349,11.189869,-8.316011,-9.273974,-6.2100244,-3.1992,-23.040045,10.89543,-9.7436,5.055711
564,1.9239177703857422,-0.41418904066085815,106.76161193847656,-1.6165977712032655,4.34600021670018,-82.94407983977786,-0.04205196,3.1291087,6.8014483,-30.87467,-24.999998,-16.80983,28.790152,-54.67108,35.837376,14.702094,7.722956,21.54407,-14.224988,-31.522886,45.72713,29.52022,-28.1494,-4.166914,-13.763378,-5.381436,11.959827,12.002571,10.947038,-8.216353,-9.250747,-6.0203924,-3.1894584,-23.070814,10.652691,-9.62292,5.0785065
565,1.9400602579116821,-0.38862717151641846,106.77753448486328,-1.6124237625021296,4.297137161148187,-82.95998166188929,-0.026292816,3.1315184,6.7361164,-30.960512,-24.999998,-16.610342,28.857306,-54.53605,36.710094,14.373345,7.773548,21.516504,-13.511553,-31.676367,45.166187,29.743536,-27.944218,-4.150992,-13.89511,-5.234586,11.920636,12.077317,10.777293,-8.1332855,-9.23101,-5.875925,-3.164554,-23.095407,10.437244,-9.50232,5.086235
566,1.9725687503814697,-0.398384690284729,106.79352569580078,-1.6149965333293699,4.255120406871777,-82.97544492213369,-0.014096795,3.1445804,6.669652,-31.044495,-24.999998,-16.422853,28.926506,-54.388107,37.5457,13.998238,7.877057,21.439165,-12.804159,-31.805408,44.60074,29.983196,-27.700823,-4.1438403,-14.0364065,-5.0709805,11.882819,12.162975,10.606339,-8.071887,-9.210543,-5.6788507,-3.124927,-23.13759,10.14947,-9.36414,5.108874
567,1.9959373474121094,-0.37866267561912537,106.80696105957031,-1.6194997080279832,4.215006138627711,-82.99086612490959,-0.0044643204,3.1601942,6.604387,-31.119658,-24.999998,-16.24348,28.99875,-54.231636,38.358852,13.600176,7.997159,21.34422,-12.107509,-31.91038,44.038284,30.241268,-27.453527,-4.1422477,-14.168798,-4.960739,11.856616,12.225097,10.4895315,-8.017867,-9.190433,-5.534719,-3.0908463,-23.163925,9.922019,-9.238906,5.119409
568,2.011578321456909,-0.3511736989021301,106.82014465332031,-1.6224552824226146,4.171424342398609,-83.0067678167457,0.0035511442,3.173557,6.5438557,-31.179296,-24.999998,-16.067955,29.075554,-54.07151,39.162075,13.20214,8.097127,21.263731,-11.424627,-31.991423,43.487774,30.516012,-27.234196,-4.1406617,-14.275721,-4.8487306,11.832091,12.285756,10.367474,-7.955452,-9.174031,-5.4007936,-3.0574274,-23.186016,9.711931,-9.119408,5.1240754
569,2.026543140411377,-0.3325567841529846,106.83261108398438,-1.6221476865229107,4.122151092099772,-83.02377979548307,0.011556936,3.1817262,6.4894156,-31.217363,-24.999998,-15.891603,29.158562,-53.906788,39.958717,12.800364,8.16571,21.207695,-10.755304,-32.048737,42.953735,30.809145,-27.047552,-4.1408615,-14.3544445,-4.7145686,11.803294,12.353224,10.230568,-7.891028,-9.161048,-5.2588854,-3.0294304,-23.208216,9.512515,-9.011607,5.1316004
570,2.054133653640747,-0.3305620849132538,106.84549713134766,-1.6211703665307118,4.070232343922807,-83.04146211780426,0.017323304,3.1884286,6.439468,-31.23775,-24.999998,-15.71801,29.248737,-53.7345,40.74036,12.38468,8.223156,21.156961,-10.101222,-32.082096,42.434826,31.121151,-26.876343,-4.1437263,-14.413735,-4.5624423,11.766887,12.427385,10.091117,-7.8379183,-9.145226,-5.084546,-3.0029292,-23.238916,9.278796,-8.894956,5.151078
571,2.076927661895752,-0.31738561391830444,106.85709381103516,-1.6203897881571936,4.018658652484104,-83.05860639577648,0.01679174,3.1947684,6.391191,-31.248814,-24.999998,-15.543129,29.346167,-53.55679,41.496323,11.972491,8.282576,21.109087,-9.4702835,-32.092064,41.93062,31.453556,-26.721243,-4.1442866,-14.454155,-4.4310865,11.73524,12.491558,9.973725,-7.7882714,-9.13031,-4.932713,-2.9796,-23.263294,9.074056,-8.786577,5.165472
572,2.0955772399902344,-0.3029496371746063,106.8680191040039,-1.62131632325761,3.970469280623474,-83.07398386108419,0.006496524,3.2035809,6.3425474,-31.25964,-24.999998,-15.36778,29.450237,-53.376938,42.218723,11.579353,8.355745,21.059517,-8.867951,-32.079,41.439518,31.804375,-26.581924,-4.1366205,-14.477176,-4.309981,11.708957,12.551306,9.863129,-7.7400107,-9.117341,-4.7885356,-2.9522805,-23.287764,8.874976,-8.6811075,5.176377
573,2.118555784225464,-0.2887862026691437,106.87737274169922,-1.6259318658062178,3.9265200486874248,-83.0857807199754,-0.015959432,3.2155006,6.2922673,-31.27127,-24.999998,-15.192884,29.560406,-53.193913,42.91388,11.205512,8.443093,21.0127,-8.297474,-32.04304,40.95804,32.17614,-26.463276,-4.119486,-14.473253,-4.214257,11.688606,12.599099,9.787628,-7.710156,-9.101881,-4.651457,-2.9245155,-23.313936,8.682471,-8.578449,5.189411
574,2.137727975845337,-0.2750374376773834,106.88790893554688,-1.6326258380907874,3.885089916450645,-83.09521251745664,-0.04786016,3.2293527,6.2419996,-31.279358,-24.999998,-15.023994,29.676529,-53.007706,43.586685,10.842367,8.538519,20.96534,-7.7546606,-31.984371,40.487076,32.567394,-26.364548,-4.0952086,-14.444987,-4.114578,11.671505,12.647957,9.696511,-7.6713395,-9.088603,-4.499515,-2.8836527,-23.347277,8.453437,-8.458581,5.1991024
575,2.1595895290374756,-0.26220500469207764,106.89739227294922,-1.6386637701924789,3.8455700774556454,-83.10526424853467,-0.08302057,3.2427013,6.1918426,-31.287989,-24.999998,-14.8489275,29.798166,-52.82287,44.21868,10.498095,8.64645,20.91645,-7.2352934,-31.905104,40.030758,32.975616,-26.277729,-4.0655236,-14.411039,-4.0251813,11.653717,12.693578,9.621708,-7.641771,-9.073672,-4.356148,-2.8484387,-23.378084,8.2389555,-8.345688,5.211052
576,2.1863808631896973,-0.2520535886287689,106.90697479248047,-1.6427386963599349,3.8071462552524564,-83.11899395403263,-0.116946615,3.2554982,6.1428576,-31.299368,-24.999998,-14.67219,29.924885,-52.645527,44.80002,10.175551,8.769576,20.853535,-6.7364006,-31.808876,39.595474,33.39677,-26.194069,-4.0311356,-14.389957,-3.9342754,11.63036,12.743198,9.548607,-7.616031,-9.056013,-4.2105803,-2.8181546,-23.407375,8.0198345,-8.230143,5.227101
577,2.2129099369049072,-0.24356117844581604,106.91610717773438,-1.6446064086350765,3.7690322193473444,-83.136889471106,-0.14804652,3.2691805,6.097037,-31.317923,-24.999998,-14.498896,30.055813,-52.47883,45.33335,9.867909,8.91315,20.763676,-6.253319,-31.698574,39.181076,33.822784,-26.112396,-3.983981,-14.387175,-3.8382323,11.603625,12.798919,9.469811,-7.588374,-9.038699,-4.0698056,-2.792512,-23.433247,7.8097506,-8.11896,5.2437963
578,2.240203857421875,-0.23327577114105225,106.92529296875,-1.6446480757696043,3.732012708661196,-83.1574105764801,-0.17734925,3.2836487,6.0537,-31.342855,-24.999998,-14.328387,30.190302,-52.321426,45.824127,9.575109,9.074219,20.656483,-5.786363,-31.575663,38.783974,34.25304,-26.03555,-3.9248655,-14.392932,-3.7425683,11.573297,12.85728,9.38876,-7.558899,-9.020089,-3.9338508,-2.7707024,-23.45669,7.6031537,-8.007475,5.2610383
579,2.2699294090270996,-0.22344139218330383,106.93374633789062,-1.6431930171388178,3.6968667757938354,-83.18070446755648,-0.20520413,3.2971358,6.0097656,-31.367188,-24.999998,-14.1563015,30.328402,-52.17216,46.265423,9.310857,9.242594,20.553019,-5.3408613,-31.442411,38.405758,34.69711,-25.960325,-3.8683405,-14.404172,-3.652204,11.540305,12.915509,9.315641,-7.5341635,-8.999742,-3.806568,-2.7552366,-23.475382,7.4091616,-7.900975,5.280251
580,2.2982940673828125,-0.21579262614250183,106.9422378540039,-1.6401997073080514,3.664257411473908,-83.20652345804685,-0.2456573,3.309851,5.9580235,-31.36993,-24.999998,-13.951936,30.471483,-52.013454,46.644997,9.090023,9.406668,20.48372,-4.80387,-31.30305,38.03286,35.080227,-25.92503,-3.8088615,-14.469415,-3.5576465,11.505079,12.976718,9.232876,-7.5054836,-8.979926,-3.6822636,-2.740731,-23.4902,7.2164803,-7.7958965,5.298828
581,2.325730323791504,-0.2082846760749817,106.95048522949219,-1.6344121585558575,3.636871762051242,-83.23559414296557,-0.26263785,3.3189974,5.9099593,-31.383846,-24.999998,-13.752446,30.618477,-51.87789,46.95582,8.929749,9.576231,20.457487,-4.4487767,-31.154434,37.69781,35.592716,-25.837849,-3.7948434,-14.471017,-3.467153,11.466286,13.036978,9.146821,-7.4741426,-8.959478,-3.5742905,-2.7329433,-23.496101,7.042443,-7.698703,5.316815
582,2.3526740074157715,-0.2083810567855835,106.95875549316406,-1.626703914071484,3.613246142179219,-83.26770318577154,-0.28274733,3.3268404,5.857812,-31.386412,-24.999998,-13.544765,30.769728,-51.746933,47.213306,8.812015,9.7494545,20.458742,-4.1091475,-30.997187,37.391575,36.120037,-25.757853,-3.7906075,-14.48847,-3.3672028,11.423953,13.102608,9.045541,-7.4389114,-8.940116,-3.463884,-2.725553,-23.499687,6.862283,-7.6016126,5.335748
583,2.379642963409424,-0.20097535848617554,106.96538543701172,-1.618473319292634,3.589189683798155,-83.3015836535331,-0.302912,3.333455,5.8061643,-31.385643,-24.999998,-13.324411,30.925774,-51.61777,47.409245,8.719488,9.915411,20.463133,-3.8012369,-30.832777,37.110394,36.663414,-25.656887,-3.795431,-14.502676,-3.2868912,11.383732,13.161526,8.973631,-7.415013,-8.919135,-3.3806117,-2.7291179,-23.493261,6.7284994,-7.522863,5.353848
584,2.406308174133301,-0.19237695634365082,106.97189331054688,-1.6110497489199522,3.560181365202635,-83.33640829833303,-0.32671776,3.33842,5.7569017,-31.38287,-24.999998,-13.08215,31.08782,-51.483463,47.537888,8.632138,10.062177,20.447346,-3.5006697,-30.66368,36.85005,37.197556,-25.520575,-3.801196,-14.51536,-3.199701,11.344465,13.226509,8.899809,-7.3914056,-8.898466,-3.290459,-2.7309756,-23.488132,6.590965,-7.4423375,5.372008
585,2.435443162918091,-0.18235820531845093,106.97956085205078,-1.6059544333912565,3.5237699850693884,-83.37073003059483,-0.3583255,3.3440123,5.714111,-31.376617,-24.999998,-12.838851,31.25665,-51.33914,47.604218,8.54472,10.194239,20.379635,-3.209519,-30.492296,36.61324,37.716805,-25.331806,-3.8057141,-14.520503,-3.09806,11.305105,13.300593,8.815413,-7.3653564,-8.876655,-3.16955,-2.7221973,-23.49318,6.407561,-7.339388,5.39163
586,2.4579312801361084,-0.1736251413822174,106.98763275146484,-1.6021522066949934,3.4826569137547403,-83.40559530599067,-0.39087403,3.3487577,5.6736784,-31.37061,-24.999998,-12.553513,31.433222,-51.182793,47.58728,8.477109,10.318051,20.30446,-2.9272375,-30.320024,36.396133,38.22809,-25.102427,-3.8123667,-14.521838,-2.9775653,11.268961,13.385278,8.708129,-7.3291826,-8.859488,-3.0363235,-2.704397,-23.501602,6.2119823,-7.234035,5.40723
587,2.482618570327759,-0.1669284701347351,106.9965591430664,-1.5971596897104225,3.4406559744917105,-83.44297615210068,-0.42595807,3.352047,5.6377673,-31.359316,-24.999998,-12.277672,31.617603,-51.03015,47.51813,8.414613,10.417053,20.211645,-2.6873353,-30.146852,36.20581,38.750282,-24.850962,-3.8252392,-14.513487,-2.8466704,11.228262,13.477654,8.5882435,-7.28894,-8.841006,-2.8856761,-2.6828876,-23.512695,5.9844356,-7.1131186,5.424686
588,2.5103647708892822,-0.16388548910617828,107.00465393066406,-1.59024834594234,3.4012729118816516,-83.48506337185752,-0.46240523,3.3531785,5.6004877,-31.339792,-24.999998,-11.987087,31.809675,-50.888424,47.394753,8.353219,10.476718,20.140854,-2.4439752,-29.971828,36.032722,39.25583,-24.61733,-3.838608,-14.522996,-2.719579,11.18422,13.572177,8.477143,-7.254703,-8.82108,-2.781164,-2.685259,-23.504635,5.849295,-7.0384645,5.4456224
589,2.5365805625915527,-0.16370789706707,107.01209259033203,-1.580309425784345,3.3650575487890273,-83.53152355256489,-0.48759565,3.3471766,5.560174,-31.326033,-24.999998,-11.646589,32.011353,-50.769608,47.192535,8.292612,10.488573,20.134268,-2.2288425,-29.7933,35.870934,39.775383,-24.39071,-3.8663087,-14.539611,-2.5928054,11.137163,13.670244,8.36518,-7.219478,-8.801856,-2.7385993,-2.7159278,-23.47285,5.8360653,-7.024347,5.4672594
590,2.556565046310425,-0.16564685106277466,107.01785278320312,-1.5678462480472914,3.3302855808363345,-83.58173727910409,-0.52189714,3.3382702,5.5234327,-31.298834,-24.999998,-11.355162,32.221848,-50.675537,46.964283,8.212331,10.458067,20.109358,-2.0120785,-29.611328,35.72798,40.276833,-24.178026,-3.8969433,-14.576197,-2.4637325,11.090368,13.772878,8.24943,-7.181237,-8.786207,-2.6999035,-2.7463164,-23.435724,5.8275437,-7.014432,5.4853454
591,2.57896089553833,-0.1702026128768921,107.0240707397461,-1.5557058432978852,3.2968367727213006,-83.6364234554002,-0.53756785,3.3277755,5.4816446,-31.282667,-24.999998,-10.979041,32.439274,-50.58649,46.64236,8.159366,10.409471,20.137407,-1.8168716,-29.426674,35.589687,40.78774,-23.963366,-3.930985,-14.600569,-2.3296506,11.041488,13.880864,8.127608,-7.1420593,-8.769904,-2.6633396,-2.778482,-23.393322,5.821374,-7.005723,5.505065
592,2.5995752811431885,-0.17774666845798492,107.02983093261719,-1.545939193371787,3.2648221823738033,-83.6963116462335,-0.55416137,3.3237653,5.4408927,-31.254313,-24.999998,-10.614178,32.657913,-50.4902,46.28696,8.132406,10.356932,20.128805,-1.6319572,-29.24305,35.466656,41.284275,-23.765753,-3.9510183,-14.60962,-2.194505,10.996845,13.99201,8.006553,-7.105269,-8.756486,-2.6275272,-2.8060617,-23.345474,5.8152585,-6.999004,5.5231066
593,2.6245839595794678,-0.18174977600574493,107.03423309326172,-1.5391727664598587,3.2345658342750903,-83.76242721640307,-0.5629824,3.3322692,5.399512,-31.220312,-24.999998,-10.234774,32.873028,-50.38508,45.88185,8.155931,10.293651,20.088842,-1.4623147,-29.063515,35.35614,41.76966,-23.57935,-3.9528642,-14.596703,-2.0850022,10.958416,14.093787,7.9286566,-7.089802,-8.741716,-2.5972443,-2.833194,-23.2898,5.808707,-6.988052,5.542105
594,2.6447410583496094,-0.1889219731092453,107.040283203125,-1.5347969444347034,3.205825911648988,-83.83417120065901,-0.55920196,3.3496058,5.3550634,-31.188055,-24.999998,-9.811995,33.083313,-50.27367,45.41379,8.226588,10.21299,20.050703,-1.3059155,-28.889162,35.254112,42.246933,-23.398323,-3.9429915,-14.566744,-1.9572185,10.921996,14.205784,7.8196893,-7.0599637,-8.7315035,-2.570957,-2.8547502,-23.227243,5.806872,-6.9814973,5.557259
595,2.6647613048553467,-0.19007252156734467,107.0433120727539,-1.5306563027879712,3.178217892914701,-83.90974625956729,-0.5591631,3.366923,5.313313,-31.143991,-24.999998,-9.419521,33.284946,-50.158474,44.939194,8.301018,10.129643,19.987413,-1.1700064,-28.720203,35.172688,42.71342,-23.224607,-3.9263217,-14.520987,-1.8655258,10.893079,14.306315,7.7692194,-7.056395,-8.720756,-2.5472777,-2.8748288,-23.159939,5.7973776,-6.966688,5.5709314
596,2.6886415481567383,-0.1973213404417038,107.04659271240234,-1.5260893186852242,3.1510229208963296,-83.98738370466313,-0.56029665,3.3742735,5.2705765,-31.094357,-24.999998,-9.01495,33.475018,-50.030148,44.455036,8.362971,10.060553,19.94761,-1.0529003,-28.555294,35.111774,43.175404,-23.051485,-3.911577,-14.459544,-1.7594332,10.858508,14.419334,7.7009907,-7.0497293,-8.707993,-2.5222008,-2.8987,-23.090845,5.7920203,-6.956589,5.5887303
597,2.713773488998413,-0.2067243903875351,107.05070495605469,-1.5200900664931856,3.124776719270484,-84.06740225471889,-0.561592,3.3654253,5.2225275,-31.038734,-24.999998,-8.584159,33.65263,-49.88236,43.955353,8.4187765,10.0105505,19.947979,-0.9610472,-28.393915,35.07603,43.64287,-22.868687,-3.9060683,-14.377781,-1.638653,10.817244,14.548115,7.6070604,-7.0334754,-8.693309,-2.497312,-2.9252112,-23.019085,5.786915,-6.947292,5.6085033
598,2.740802526473999,-0.21729308366775513,107.05602264404297,-1.5141210351172727,3.099402417314053,-84.15030862247797,-0.56239474,3.347827,5.170393,-30.976723,-24.999998,-8.125032,33.817448,-49.714943,43.433372,8.481455,9.969624,19.976395,-0.89046943,-28.235521,35.064487,44.11132,-22.680105,-3.9035642,-14.2789955,-1.5056299,10.77117,14.68944,7.491335,-7.0088377,-8.676881,-2.4737036,-2.9531298,-22.943884,5.7819457,-6.9375515,5.6298676
599,2.766017198562622,-0.22683818638324738,107.0619125366211,-1.5075604733322123,3.074150085125953,-84.23524058095092,-0.56604266,3.3274953,5.120297,-30.908363,-24.999998,-7.6584063,33.96776,-49.53178,42.907993,8.536819,9.932229,20.007986,-0.8442813,-28.0799,35.07182,44.57746,-22.503864,-3.8949125,-14.1665125,-1.3684069,10.723759,14.834506,7.366591,-6.9787207,-8.660972,-2.4514236,-2.9804716,-22.866064,5.7763867,-6.926815,5.649794
600,2.7965900897979736,-0.23362745344638824,107.06641387939453,-1.4988436851008555,3.0482805707440557,-84.32171841400502,-0.5702528,3.3095145,5.0752788,-30.839344,-24.999998,-7.1796665,34.101547,-49.3363,42.385345,8.576961,9.89262,20.03419,-0.8118796,-27.92667,35.085598,45.031258,-22.359726,-3.8700905,-14.047412,-1.251066,10.674792,14.968202,7.278828,-6.965728,-8.641282,-2.43066,-3.0148308,-22.786022,5.7719727,-6.9135113,5.6731744
601,2.828003168106079,-0.24925968050956726,107.07013702392578,-1.4869444451079463,3.022600858332428,-84.41095063112185,-0.5727254,3.2974415,5.037648,-30.77217,-24.999998,-6.7017913,34.21669,-49.136494,41.870266,8.589815,9.844804,20.048443,-0.7965206,-27.774975,35.10148,45.471924,-22.26545,-3.8184183,-13.916341,-1.1263446,10.621505,15.101227,7.18962,-6.9556212,-8.622579,-2.4053764,-3.053657,-22.704144,5.7689962,-6.9054065,5.699202
602,2.8495333194732666,-0.2587149441242218,107.07202911376953,-1.4719969470954608,2.997335936906184,-84.50291114313909,-0.5712787,3.2869446,5.0031357,-30.707561,-24.999998,-6.2191157,34.311844,-48.934025,41.35924,8.5834465,9.792397,20.062244,-0.7889243,-27.624664,35.1186,45.89828,-22.210941,-3.747015,-13.775622,-1.0119126,10.571517,15.228594,7.111066,-6.9440627,-8.607928,-2.3862736,-3.0899487,-22.617197,5.7663417,-6.895006,5.717851
603,2.866938591003418,-0.2734641134738922,107.07270050048828,-1.4581356770058689,2.9700600470145666,-84.59445605574636,-0.5684205,3.2763317,4.9721484,-30.643764,-24.999998,-5.7419543,34.385254,-48.727352,40.8664,8.572707,9.743491,20.068874,-0.7956741,-27.476955,35.13715,46.318176,-22.166058,-3.677635,-13.627678,-0.8888335,10.525098,15.358094,7.026993,-6.9316707,-8.597504,-2.3606274,-3.1214998,-22.532913,5.76257,-6.8887663,5.7346168
604,2.88702654838562,-0.29074907302856445,107.07393646240234,-1.4485893929346294,2.938780426938685,-84.68196820701196,-0.5663146,3.262638,4.9423385,-30.579763,-24.999998,-5.263946,34.435555,-48.510853,40.398735,8.576782,9.706259,20.070211,-0.8072708,-27.33481,35.154938,46.73084,-22.104778,-3.6298223,-13.4822855,-0.7635843,10.483545,15.486236,6.9492693,-6.9252768,-8.587497,-2.3282402,-3.1497557,-22.455542,5.761407,-6.886779,5.7530828
605,2.910149574279785,-0.30318599939346313,107.07720184326172,-1.4459793710571627,2.902027774934118,-84.7640566462734,-0.56530553,3.2475016,4.9156256,-30.511993,-24.999998,-4.7911425,34.460724,-48.279865,39.95757,8.609221,9.687601,20.054615,-0.82673323,-27.20113,35.17352,47.1367,-22.01774,-3.6190324,-13.34411,-0.6391101,10.449482,15.611297,6.877595,-6.920702,-8.576816,-2.2897217,-3.1709175,-22.386585,5.758164,-6.882706,5.771213
606,2.930586338043213,-0.31695592403411865,107.07794189453125,-1.447671904197455,2.8613007969493864,-84.8426654797497,-0.56241,3.231618,4.89036,-30.443752,-24.999998,-4.308632,34.460163,-48.034725,39.533375,8.663337,9.680832,20.03346,-0.84994364,-27.077501,35.191433,47.53071,-21.91934,-3.629912,-13.208791,-0.53568333,10.430009,15.724944,6.8543844,-6.9408026,-8.570195,-2.2441099,-3.184489,-22.323973,5.7550535,-6.8824186,5.7870874
607,2.9538702964782715,-0.32563215494155884,107.078125,-1.4504394519348025,2.818372830654248,-84.9198524091388,-0.5618797,3.214929,4.8686943,-30.377842,-24.999998,-3.842944,34.43356,-47.786064,39.14474,8.710338,9.6737,20.008049,-0.8846331,-26.962978,35.210636,47.91025,-21.812592,-3.6367593,-13.061273,-0.4462383,10.413235,15.831543,6.856249,-6.972049,-8.5612755,-2.1998048,-3.1995125,-22.262764,5.7528725,-6.878874,5.8040533
608,2.97658634185791,-0.3344888985157013,107.078125,-1.450708195667011,2.775032140463592,-84.99781035762689,-0.5621657,3.195747,4.848496,-30.322777,-24.999998,-3.3910294,34.38174,-47.54507,38.79543,8.728068,9.654451,19.998194,-0.9318508,-26.855036,35.228054,48.274372,-21.701458,-3.6145773,-12.8883295,-0.34670773,10.390661,15.942707,6.840536,-6.9955263,-8.551617,-2.1539447,-3.2168813,-22.201271,5.748686,-6.8745375,5.821681
609,2.9987452030181885,-0.3440570831298828,107.0792465209961,-1.4473108954712126,2.7310685217123205,-85.07771163124116,-0.5633094,3.1739192,4.8304987,-30.280857,-24.999998,-2.9577541,34.304592,-47.312313,38.486885,8.697682,9.615131,20.02083,-0.9928083,-26.750345,35.23503,48.624416,-21.584085,-3.5518596,-12.667198,-0.22441562,10.357337,16.065111,6.784319,-7.00069,-8.540677,-2.1075208,-3.2386563,-22.138113,5.745144,-6.87082,5.8406196
610,3.02458119392395,-0.3476472496986389,107.08175659179688,-1.4420590580291806,2.685993202933682,-85.15824187294106,-0.5630884,3.1489253,4.813568,-30.250383,-24.999998,-2.5375874,34.20212,-47.086784,38.214317,8.636092,9.563943,20.066572,-1.0639077,-26.64832,35.230625,48.963654,-21.462963,-3.4647331,-12.412285,-0.10063757,10.31721,16.18867,6.721083,-7.0015206,-8.525246,-2.0639448,-3.265825,-22.07369,5.7408843,-6.8617387,5.861821
611,3.054760456085205,-0.35777345299720764,107.08489227294922,-1.4357387374225294,2.6404971250876734,-85.23777103052787,-0.56101465,3.1213365,4.796817,-30.229033,-24.999998,-2.1379094,34.07543,-46.87917,37.983643,8.566642,9.513316,20.10129,-1.144383,-26.549828,35.229134,49.291283,-21.345552,-3.3688176,-12.164743,0.034070022,10.271417,16.315302,6.645818,-7.000608,-8.508327,-2.015027,-3.297096,-22.011848,5.736854,-6.8559747,5.8876143
612,3.0822548866271973,-0.36727645993232727,107.08786010742188,-1.4276460794385502,2.595724708745433,-85.3150980854805,-0.55993104,3.0900235,4.7801757,-30.210913,-24.999998,-1.7838898,33.926086,-46.70321,37.81113,8.505094,9.475393,20.081236,-1.2332716,-26.457249,35.249844,49.604538,-21.23856,-3.2785194,-11.968416,0.16653384,10.225237,16.437656,6.5706763,-6.9969015,-8.492737,-1.9660647,-3.3281786,-21.951828,5.7316074,-6.850211,5.9115305
613,3.1041080951690674,-0.37668806314468384,107.08918762207031,-1.4167238833381308,2.5523314707133906,-85.3902297667097,-0.55705315,3.0525057,4.762725,-30.20229,-24.999998,-1.462589,33.75522,-46.559525,37.69287,8.447708,9.45686,19.989986,-1.3289773,-26.372282,35.303307,49.898655,-21.137447,-3.1924243,-11.835776,0.2903859,10.181051,16.552126,6.506131,-6.993954,-8.480356,-1.9192519,-3.3590434,-21.892834,5.726711,-6.8450413,5.931866
614,3.121216297149658,-0.3904978632926941,107.09049987792969,-1.403523298975837,2.5098195724159456,-85.46389097990718,-0.5548951,3.0098357,4.7451267,-30.200657,-24.999998,-1.1749835,33.563416,-46.44213,37.626736,8.384319,9.45054,19.847816,-1.4367093,-26.295633,35.384644,50.177116,-21.036573,-3.1039953,-11.7433815,0.43039802,10.132997,16.670542,6.4127045,-6.975949,-8.471258,-1.8701302,-3.3890457,-21.83565,5.7216644,-6.843573,5.9501367
615,3.1344969272613525,-0.40500083565711975,107.0906982421875,-1.3904668122320212,2.4665733825392784,-85.53540102283921,-0.5540241,2.967903,4.726867,-30.197508,-24.999998,-0.9127953,33.3522,-46.35289,37.601337,8.336237,9.448188,19.699343,-1.5492233,-26.226873,35.47866,50.441914,-20.94027,-3.020049,-11.684528,0.56814647,10.088444,16.785826,6.3244004,-6.959658,-8.464838,-1.8186067,-3.415878,-21.781296,5.715524,-6.8434086,5.966054
616,3.153245210647583,-0.42355814576148987,107.09088134765625,-1.3819289230298042,2.4207619060342775,-85.60401298273788,-0.55632776,2.9339585,4.7089176,-30.183468,-24.999998,-0.6858251,33.12361,-46.298164,37.61455,8.318839,9.441384,19.579756,-1.6598455,-26.165623,35.568108,50.69469,-20.856243,-2.9475431,-11.652127,0.7041013,10.048317,16.898874,6.2497387,-6.954982,-8.457333,-1.7612087,-3.441048,-21.731834,5.711672,-6.8470774,5.985778
617,3.174445390701294,-0.4340062439441681,107.09161376953125,-1.3799794203176574,2.370503257432884,-85.66849110000244,-0.5551428,2.9097884,4.6899962,-30.158344,-24.999998,-0.4633089,32.8789,-46.28405,37.64932,8.346407,9.429535,19.535185,-1.7606634,-26.112005,35.63722,50.938435,-20.7901,-2.8912296,-11.659192,0.8196146,10.020375,17.001139,6.212521,-6.966904,-8.448592,-1.7021073,-3.4596167,-21.68727,5.707011,-6.8470364,6.0044823
618,3.196214199066162,-0.43943890929222107,107.09107971191406,-1.38232331777889,2.3170489275191346,-85.72949706789426,-0.54814696,2.8914196,4.670212,-30.130354,-24.999998,-0.24962299,32.618725,-46.310497,37.70847,8.406735,9.417737,19.537714,-1.8478667,-26.066376,35.68833,51.16498,-20.742046,-2.84636,-11.705103,0.90841407,10.005354,17.08984,6.2256255,-7.0021296,-8.440132,-1.6422325,-3.4736125,-21.646488,5.7032886,-6.845495,6.0219975
619,3.216318130493164,-0.44183582067489624,107.08973693847656,-1.3844422367059033,2.264027917896498,-85.78956035005632,-0.5367515,2.8742797,4.649251,-30.10848,-24.999998,-0.07373045,32.344784,-46.372932,37.801506,8.484264,9.407472,19.531734,-1.9314581,-26.028044,35.731476,51.37141,-20.703413,-2.8085618,-11.754733,0.9885612,9.992645,17.174656,6.2497754,-7.0411444,-8.432027,-1.5845425,-3.4866738,-21.605898,5.699068,-6.8424,6.037875
620,3.2379236221313477,-0.44817915558815,107.08988952636719,-1.3820014084482017,2.215392872414674,-85.85109532631508,-0.5360745,2.8556373,4.6318064,-30.087965,-24.999998,-0.030511066,32.06033,-46.46606,37.97438,8.543147,9.396796,19.418858,-2.028123,-25.996784,35.789066,51.554054,-20.669939,-2.7711885,-11.777203,1.0929915,9.964925,17.271511,6.221457,-7.055486,-8.42201,-1.5294931,-3.5061655,-21.56284,5.693834,-6.8396034,6.0562835
621,3.2579996585845947,-0.45417872071266174,107.0909652709961,-1.373241028959346,2.172314833167985,-85.91593491765246,-0.517674,2.8259666,4.6021614,-30.104282,-24.999998,0.06381509,31.766546,-46.575897,38.125458,8.644825,9.396332,19.299269,-2.1165314,-25.969616,35.84557,51.7125,-20.628038,-2.7358649,-11.755918,1.2103817,9.9236765,17.376913,6.1557817,-7.0504518,-8.410816,-1.4847034,-3.5334215,-21.512934,5.691914,-6.8363204,6.0747294
622,3.283129930496216,-0.4627201557159424,107.09233093261719,-1.3603198327357973,2.1330476975064503,-85.98265977500847,-0.50202256,2.7909591,4.5711884,-30.12966,-24.999998,0.11218369,31.465368,-46.70264,38.308086,8.762492,9.400448,19.128508,-2.2151186,-25.946001,35.912216,51.85274,-20.588493,-2.7039626,-11.709574,1.3287693,9.872419,17.48473,6.08235,-7.043762,-8.395966,-1.4423795,-3.5691288,-21.460344,5.6884627,-6.8316503,6.097875
623,3.301591396331787,-0.4723045527935028,107.09288024902344,-1.3463354129079397,2.0951859412528213,-86.04772901018718,-0.48807228,2.7561255,4.5380583,-30.155836,-24.999998,0.13506304,31.159168,-46.848934,38.507732,8.882324,9.407534,18.929497,-2.3166583,-25.926344,35.983353,51.979984,-20.55339,-2.6797652,-11.66393,1.4491276,9.822939,17.592518,6.0009875,-7.0313387,-8.384822,-1.4015056,-3.6015766,-21.408743,5.686286,-6.829733,6.116913
624,3.316490650177002,-0.48395636677742004,107.09463500976562,-1.3347628021298859,2.0563745162936398,-86.10783370787036,-0.47369862,2.7274168,4.5026426,-30.175705,-24.999998,0.15361488,30.850655,-47.01764,38.70691,8.990958,9.416925,18.725714,-2.4065816,-25.911108,36.048,52.090855,-20.527357,-2.6663387,-11.645917,1.5848072,9.77455,17.70327,5.8924823,-7.004664,-8.375949,-1.356642,-3.628005,-21.36318,5.6833053,-6.830272,6.133266
625,3.333099603652954,-0.49493318796157837,107.09614562988281,-1.326125424266659,2.0171336121716275,-86.16167726368965,-0.46027032,2.706022,4.4645762,-30.18707,-24.999998,0.15887962,30.541964,-47.21743,38.910652,9.074777,9.426516,18.514706,-2.4824026,-25.902086,36.105145,52.184177,-20.522566,-2.6692064,-11.666405,1.7037123,9.733679,17.804583,5.812722,-6.990302,-8.365675,-1.310255,-3.6518095,-21.324305,5.6809616,-6.8312364,6.1497307
626,3.3498241901397705,-0.506191074848175,107.09630584716797,-1.3188528661036103,1.9784779208649534,-86.21117966765114,-0.45999378,2.6930854,4.4325285,-30.181925,-24.999998,0.05493171,30.235914,-47.44921,39.16813,9.114506,9.432164,18.2299,-2.564201,-25.900412,36.168293,52.25866,-20.536028,-2.6827097,-11.707836,1.7983245,9.701532,17.894196,5.7761045,-6.9962816,-8.355201,-1.2640257,-3.6741917,-21.289648,5.6795263,-6.832882,6.1659174
627,3.367344617843628,-0.5181154012680054,107.09649658203125,-1.3121339956817206,1.938322671090804,-86.25795230884593,-0.446315,2.6795046,4.395331,-30.185226,-24.999998,0.0051187994,29.931496,-47.698757,39.385834,9.170411,9.450611,17.97534,-2.6248548,-25.904297,36.21298,52.311962,-20.542315,-2.7004273,-11.758551,1.8749588,9.675911,17.97194,5.7767777,-7.0211744,-8.345118,-1.214343,-3.6961634,-21.258505,5.6778474,-6.8356247,6.1828294
628,3.3880279064178467,-0.5317269563674927,107.09605407714844,-1.3064423456228595,1.895265436792115,-86.30303088580443,-0.43825933,2.6701736,4.366338,-30.176369,-24.999998,-0.11241195,29.632935,-47.948586,39.622135,9.222664,9.476694,17.664007,-2.687397,-25.913399,36.24847,52.348152,-20.532042,-2.710334,-11.801965,1.9561368,9.650017,18.044035,5.7773013,-7.0485506,-8.335308,-1.158939,-3.7188265,-21.230307,5.6759152,-6.839956,6.2024965
629,3.4034125804901123,-0.5382169485092163,107.09371948242188,-1.301192280197817,1.8461072264492215,-86.3458586757668,-0.42543697,2.6598532,4.341788,-30.159655,-24.999998,-0.2121901,29.34053,-48.187824,39.82317,9.301133,9.533137,17.348303,-2.738844,-25.926594,36.263718,52.364986,-20.494497,-2.7130075,-11.838418,2.0400076,9.628578,18.104733,5.7769823,-7.071761,-8.32987,-1.1001208,-3.737438,-21.204723,5.673117,-6.8422956,6.2181425
630,3.4152824878692627,-0.53788161277771,107.09143829345703,-1.2967576987041345,1.7926775435405646,-86.38591988292042,-0.41501552,2.6513557,4.323718,-30.130756,-24.999998,-0.3300867,29.055702,-48.42043,40.010765,9.389657,9.609995,17.003315,-2.7874675,-25.94334,36.266582,52.36357,-20.441908,-2.7126927,-11.872791,2.1235259,9.610888,18.15566,5.77726,-7.091323,-8.326867,-1.0400976,-3.752676,-21.181673,5.670108,-6.8424435,6.230471
631,3.4314167499542236,-0.5376580357551575,107.08914184570312,-1.2929285518331288,1.7405867276667601,-86.42553300655018,-0.4065849,2.6442418,4.3070383,-30.101202,-24.999998,-0.46727225,28.780264,-48.65543,40.195957,9.481353,9.678173,16.63111,-2.8374896,-25.962837,36.265186,52.350464,-20.380882,-2.7094631,-11.9030075,2.2051656,9.591279,18.205776,5.777742,-7.111947,-8.321546,-0.98112875,-3.7700098,-21.158424,5.666247,-6.841103,6.2454987
632,3.445155143737793,-0.5335196256637573,107.0872573852539,-1.289624970851503,1.6952504889333309,-86.46675581671644,-0.3992662,2.640041,4.287896,-30.0831,-24.999998,-0.62603635,28.515999,-48.90303,40.38811,9.567783,9.709084,16.23354,-2.892517,-25.982529,36.26734,52.32898,-20.31667,-2.7026975,-11.926716,2.275741,9.573262,18.260658,5.777941,-7.1286473,-8.315536,-0.934896,-3.7853217,-21.129396,5.6645913,-6.837648,6.257141
633,3.4590985774993896,-0.5352826118469238,107.08594512939453,-1.2864523278922813,1.6607033181643496,-86.5114226092288,-0.39357996,2.63626,4.2630744,-30.08273,-24.999998,-0.80753124,28.263859,-49.165466,40.58959,9.623463,9.689413,15.793707,-2.9577453,-26.000223,36.27631,52.300648,-20.244225,-2.6928313,-11.940375,2.335105,9.555266,18.325905,5.781284,-7.1488843,-8.308552,-0.8997237,-3.8005524,-21.093363,5.6633496,-6.835127,6.2688627
634,3.475020170211792,-0.5405223965644836,107.0871353149414,-1.2836836433455519,1.6331430387606802,-86.55787680542296,-0.39017153,2.632657,4.2350526,-30.09219,-24.999998,-1.009709,28.024508,-49.438873,40.793736,9.65818,9.637396,15.317659,-3.0342207,-26.015305,36.28984,52.269722,-20.162096,-2.681489,-11.946448,2.3871741,9.536307,18.397005,5.785997,-7.1713347,-8.299823,-0.8721443,-3.8165805,-21.052914,5.6635623,-6.833602,6.281612
635,3.487928867340088,-0.54493248462677,107.08832550048828,-1.2818735597985567,1.6064027178606428,-86.60340622898983,-0.38788262,2.6322522,4.207963,-30.102797,-24.999998,-1.2264456,27.799076,-49.72476,40.994457,9.716919,9.571741,14.843185,-3.115227,-26.027231,36.30645,52.24061,-20.081984,-2.6693144,-11.952358,2.43745,9.520532,18.46816,5.7899303,-7.1914606,-8.292879,-0.84640807,-3.8293273,-21.012604,5.6646733,-6.8328195,6.291787
636,3.504072427749634,-0.545062780380249,107.08804321289062,-1.2813613300739795,1.574194384048693,-86.6450519604623,-0.38620058,2.6371677,4.1854033,-30.105556,-24.999998,-1.4533713,27.589382,-50.025112,41.1879,9.843835,9.510724,14.407804,-3.192329,-26.036985,36.323868,52.218983,-20.01778,-2.6569586,-11.967659,2.490021,9.5051985,18.53283,5.7963,-7.2109222,-8.284433,-0.81561005,-3.8428955,-20.977577,5.665407,-6.8297815,6.303553
637,3.520460844039917,-0.5449968576431274,107.0867919921875,-1.2834132430814928,1.5336700409305217,-86.68177941294547,-0.3843892,2.649604,4.1702633,-30.097172,-24.999998,-1.6930467,27.397024,-50.346745,41.37137,10.056665,9.451871,14.006111,-3.26271,-26.045008,36.338993,52.204525,-19.97386,-2.6454942,-11.993012,2.5522416,9.493641,18.59211,5.802457,-7.229592,-8.277909,-0.77321595,-3.8533356,-20.950748,5.6669207,-6.8295107,6.3155417
638,3.531015634536743,-0.5416780710220337,107.08480072021484,-1.2873069398484622,1.4885251477213113,-86.71520100838455,-0.38257343,2.6678345,4.160802,-30.083065,-24.999998,-1.9533119,27.222828,-50.689148,41.548088,10.32609,9.387157,13.619848,-3.3312047,-26.051403,36.352,52.194218,-19.943533,-2.6341665,-12.023429,2.5796142,9.500802,18.631903,5.8802032,-7.2795787,-8.276074,-0.72733057,-3.8576279,-20.92791,5.669315,-6.829984,6.322885
639,3.5386834144592285,-0.5358706712722778,107.08039093017578,-1.2914478719088245,1.4423112930093278,-86.74661380685376,-0.3791251,2.6883123,4.1526823,-30.069838,-24.999998,-2.2165585,27.06637,-51.04238,41.711544,10.633012,9.328198,13.279885,-3.3983026,-26.056326,36.365326,52.18614,-19.921051,-2.6213083,-12.058414,2.583918,9.517758,18.658342,6.000657,-7.3486633,-8.276228,-0.6815023,-3.8597665,-20.907171,5.6721816,-6.830436,6.3280015
640,3.545661687850952,-0.5308118462562561,107.07634735107422,-1.294636509067465,1.3983064068254194,-86.77756205042955,-0.37540242,2.7086637,4.1427827,-30.061028,-24.999998,-2.4734774,26.927027,-51.391964,41.860687,10.957606,9.285493,13.009193,-3.4665341,-26.05999,36.384678,52.178314,-19.900875,-2.6048627,-12.098287,2.5992982,9.529594,18.687027,6.095364,-7.4061027,-8.2760515,-0.63749856,-3.8624094,-20.886997,5.67473,-6.831412,6.3329363
641,3.549640655517578,-0.5245975255966187,107.0728530883789,-1.2949763893449324,1.3565481002046282,-86.80825677836255,-0.37456298,2.7276971,4.1304345,-30.052967,-24.999998,-2.7235546,26.805378,-51.737076,41.99189,11.334812,9.261179,12.80958,-3.5441754,-26.06276,36.420094,52.175854,-19.879538,-2.5841422,-12.147633,2.6245146,9.535415,18.715292,6.1629877,-7.449755,-8.276055,-0.59723943,-3.866683,-20.866772,5.676981,-6.8317494,6.336364
642,3.5545523166656494,-0.5180084705352783,107.06975555419922,-1.2939898567848485,1.3154241433796385,-86.83789865112541,-0.37768963,2.7476072,4.1175275,-30.04277,-24.999998,-2.967224,26.701807,-52.079445,42.104603,11.764311,9.25038,12.670105,-3.6294565,-26.064236,36.47119,52.17819,-19.858212,-2.5600011,-12.2059,2.6510386,9.538253,18.73962,6.2257833,-7.4919863,-8.274837,-0.5583317,-3.8735473,-20.847815,5.680403,-6.8324304,6.3407583
643,3.5621485710144043,-0.5090663433074951,107.06513214111328,-1.293419796038485,1.276536464784279,-86.86665159266744,-0.38278666,2.7686982,4.1039705,-30.034542,-24.999998,-3.2073238,26.615408,-52.408146,42.2093,12.17198,9.251778,12.58699,-3.7176158,-26.063904,36.528893,52.182114,-19.838833,-2.5332868,-12.261295,2.650792,9.547309,18.753302,6.330894,-7.554035,-8.271941,-0.5238809,-3.8820186,-20.828552,5.6842384,-6.8308454,6.346381
644,3.573436737060547,-0.5017247796058655,107.06221008300781,-1.2955064958466547,1.24158123766409,-86.89473111759408,-0.38734517,2.7917783,4.089797,-30.032635,-24.999998,-3.4423609,26.544046,-52.710953,42.313854,12.487053,9.265076,12.559134,-3.802636,-26.06079,36.581944,52.182808,-19.823868,-2.5044565,-12.301497,2.6566117,9.553883,18.774956,6.4162087,-7.60631,-8.267365,-0.4932516,-3.8894846,-20.808739,5.6886353,-6.829157,6.3536944
645,3.5801854133605957,-0.49442771077156067,107.0596923828125,-1.3008988499214886,1.2135484771175113,-86.9229335713522,-0.40105537,2.8187063,4.077725,-30.03239,-24.999998,-3.6564033,26.49773,-52.95924,42.398808,12.719439,9.296712,12.5986,-3.8879173,-26.054852,36.63129,52.171173,-19.820486,-2.4663215,-12.315944,2.6568177,9.566399,18.804228,6.4940586,-7.6509,-8.266247,-0.4706936,-3.8889954,-20.786217,5.690718,-6.825721,6.3565054
646,3.59187912940979,-0.48829424381256104,107.06002807617188,-1.3090454877429811,1.190557280261653,-86.9507866612068,-0.4073775,2.8497207,4.059055,-30.047916,-24.999998,-3.8869896,26.456392,-53.224873,42.506153,12.866286,9.340921,12.716726,-3.9695303,-26.044085,36.681274,52.1654,-19.81516,-2.423409,-12.320603,2.6653996,9.5744,18.843079,6.5446734,-7.68211,-8.262518,-0.45422548,-3.8883996,-20.762241,5.694021,-6.821574,6.361605
647,3.6063294410705566,-0.4872191548347473,107.06077575683594,-1.3172852366892365,1.1675245016959341,-86.97710012259789,-0.42466262,2.879347,4.04807,-30.051105,-24.999998,-4.0803723,26.437017,-53.398712,42.58297,12.980267,9.394353,12.847323,-4.046047,-26.03489,36.718803,52.1427,-19.829237,-2.383135,-12.313856,2.678815,9.580451,18.883139,6.5916867,-7.7146096,-8.258068,-0.43345457,-3.889343,-20.741184,5.696854,-6.8199234,6.3696275
648,3.614798069000244,-0.479488730430603,107.0603256225586,-1.324625654503333,1.1390957067515795,-87.00024283522501,-0.41866612,2.902452,4.0302925,-30.067142,-24.999998,-4.313113,26.415174,-53.615948,42.706554,12.958827,9.442793,12.981551,-4.1063023,-26.018068,36.75195,52.143166,-19.830738,-2.364717,-12.329184,2.6803524,9.593911,18.91015,6.6648126,-7.7559867,-8.255715,-0.40647966,-3.886146,-20.725054,5.6931353,-6.8136744,6.3729596
649,3.618124008178711,-0.4730934798717499,107.05862426757812,-1.329751693796028,1.102517076807697,-87.0191466171018,-0.41809723,2.9184616,4.025114,-30.061235,-24.999998,-4.5043573,26.40754,-53.721684,42.810123,12.88601,9.485994,13.06867,-4.1453,-26.005936,36.76061,52.121918,-19.85993,-2.3678317,-12.351463,2.694719,9.607558,18.931482,6.7328725,-7.795741,-8.255677,-0.37075222,-3.8834898,-20.715368,5.696527,-6.815302,6.37454
650,3.619170904159546,-0.46349036693573,107.05521392822266,-1.3339644953636183,1.0608681705778114,-87.03448260581725,-0.4120451,2.9304802,4.023853,-30.04993,-24.999998,-4.6946087,26.407043,-53.78888,42.925163,12.726344,9.526479,13.145351,-4.1733336,-25.994204,36.75912,52.099392,-19.896,-2.3874772,-12.379847,2.7022786,9.6252365,18.942755,6.820762,-7.8437386,-8.255895,-0.33036974,-3.8806372,-20.710295,5.700812,-6.817465,6.3746896
651,3.6236484050750732,-0.4530860483646393,107.05207824707031,-1.3380225600313584,1.0182812081714736,-87.04882178134459,-0.39927608,2.9397979,4.0202103,-30.043402,-24.999998,-4.8791337,26.412378,-53.830635,43.045475,12.507162,9.56882,13.2425785,-4.1865754,-25.980267,36.74607,52.075695,-19.930338,-2.4118905,-12.411787,2.7110176,9.640387,18.951674,6.907098,-7.8913293,-8.254203,-0.28992486,-3.880782,-20.706448,5.7068276,-6.819486,6.3771806
652,3.6273069381713867,-0.44466912746429443,107.04850769042969,-1.3418554803781992,0.978742728103827,-87.06439383300184,-0.38876903,2.9511676,4.0110154,-30.041605,-24.999998,-5.035642,26.41724,-53.82316,43.156006,12.281774,9.616587,13.383651,-4.1930413,-25.973854,36.73604,52.038944,-19.944279,-2.4229176,-12.436549,2.7213054,9.654488,18.962418,6.986364,-7.9362216,-8.254534,-0.25046048,-3.8799515,-20.701862,5.70921,-6.8203306,6.3794355
653,3.630796432495117,-0.4368617534637451,107.04652404785156,-1.3456195728894964,0.9422761512985253,-87.0820942773626,-0.3726009,2.962912,3.9935374,-30.051922,-24.999998,-5.179262,26.42522,-53.793137,43.265724,12.019627,9.671511,13.606291,-4.192507,-25.965466,36.717487,52.000587,-19.939993,-2.4184344,-12.453053,2.7459493,9.662679,18.979868,7.0321603,-7.964526,-8.257062,-0.21406141,-3.878665,-20.695417,5.7100096,-6.820231,6.381463
654,3.6337532997131348,-0.42962223291397095,107.0444107055664,-1.349039556948059,0.9071245612527996,-87.10048621077131,-0.35943562,2.9719958,3.973626,-30.061357,-24.999998,-5.2806377,26.446491,-53.693455,43.34566,11.741363,9.737937,13.880496,-4.1855702,-25.947117,36.67609,51.960213,-19.944578,-2.4079597,-12.458167,2.770077,9.67062,18.99607,7.0767865,-7.9924197,-8.2616005,-0.18022822,-3.8779356,-20.688253,5.7126665,-6.8210387,6.3834105
655,3.6389362812042236,-0.43002432584762573,107.04169464111328,-1.3521184178202852,0.8743253734980568,-87.1189677542888,-0.34662467,2.9802542,3.950872,-30.074957,-24.999998,-5.3730407,26.469324,-53.556286,43.426342,11.458939,9.801552,14.144227,-4.175621,-25.93112,36.642036,51.91798,-19.93158,-2.3969085,-12.463645,2.7998288,9.675784,19.016195,7.11467,-8.02145,-8.265943,-0.14250089,-3.8784301,-20.682407,5.7123847,-6.8241134,6.3883476
656,3.645906686782837,-0.43087220191955566,107.03987884521484,-1.355871582376401,0.844738900135198,-87.1366488023423,-0.35042915,2.9829779,3.935166,-30.073833,-24.999998,-5.413933,26.512999,-53.309334,43.45273,11.257803,9.870612,14.317844,-4.175321,-25.90462,36.603363,51.883102,-19.933092,-2.4004328,-12.463101,2.8301442,9.679125,19.04047,7.143155,-8.045431,-8.266931,-0.11025872,-3.8798223,-20.674854,5.716237,-6.8287315,6.394
657,3.656991958618164,-0.4264715611934662,107.04052734375,-1.3595208537795833,0.8202251871174124,-87.15373387607735,-0.32910404,2.9838405,3.9136863,-30.107384,-24.999998,-5.512869,26.543356,-53.09731,43.52326,11.051248,9.926618,14.374892,-4.1525474,-25.88686,36.562214,51.84376,-19.898882,-2.4174309,-12.476844,2.8521335,9.678796,19.068117,7.1676273,-8.064354,-8.260122,-0.08379905,-3.8826447,-20.665247,5.7111278,-6.8229027,6.4007154
658,3.660865545272827,-0.41767796874046326,107.04180145263672,-1.3628897490738348,0.7997269553156906,-87.17048062261574,-0.32183552,2.9790943,3.9001894,-30.132917,-24.999998,-5.563148,26.593103,-52.754673,43.542843,10.927709,9.9870405,14.32935,-4.132919,-25.857965,36.49933,51.80237,-19.88395,-2.4469268,-12.47973,2.8699238,9.681347,19.098825,7.1833916,-8.073622,-8.254084,-0.07188233,-3.883,-20.65066,5.7185388,-6.821556,6.4014077
659,3.6592185497283936,-0.4094131886959076,107.0415267944336,-1.366739036323592,0.7802715918706346,-87.18662776668087,-0.30950248,2.9725196,3.8833551,-30.162558,-24.999998,-5.614981,26.642517,-52.42192,43.56793,10.8003435,10.046735,14.288727,-4.112685,-25.829964,36.44264,51.772568,-19.861698,-2.48212,-12.484252,2.8779657,9.691112,19.12553,7.2156343,-8.089853,-8.251623,-0.057850726,-3.877685,-20.637108,5.7194767,-6.8182144,6.3982553
660,3.6603472232818604,-0.3988732099533081,107.04104614257812,-1.3705829981110875,0.7591036859645343,-87.2023085833059,-0.2870788,2.9673557,3.8606613,-30.193707,-24.999998,-5.669318,26.678993,-52.148636,43.61328,10.64866,10.103959,14.341281,-4.0783896,-25.809715,36.388485,51.745663,-19.844213,-2.5141604,-12.490734,2.8823893,9.700497,19.146452,7.2564354,-8.110062,-8.249026,-0.042700794,-3.8742957,-20.624353,5.720339,-6.8137355,6.3965573
661,3.6587350368499756,-0.38977351784706116,107.04132080078125,-1.375921762492344,0.7349142960175661,-87.21660361435175,-0.27511737,2.9643672,3.8392346,-30.20138,-24.999998,-5.690707,26.716257,-51.8633,43.645096,10.5139885,10.1661215,14.503691,-4.04982,-25.79097,36.331566,51.728306,-19.862259,-2.544404,-12.486906,2.9025714,9.710008,19.167881,7.2749085,-8.119101,-8.251507,-0.022570014,-3.8670118,-20.614363,5.7208147,-6.8115726,6.3929706
662,3.6598548889160156,-0.371065229177475,107.04063415527344,-1.3821152715165308,0.7094105900715569,-87.22981314304162,-0.2574924,2.96316,3.8136458,-30.206602,-24.999998,-5.7123103,26.746006,-51.61176,43.690086,10.36542,10.228114,14.742952,-4.015514,-25.777502,36.276154,51.71753,-19.887655,-2.574467,-12.482494,2.8958995,9.72611,19.174574,7.3358173,-8.144473,-8.2524605,-0.006831559,-3.8607519,-20.603775,5.7207007,-6.803183,6.3890433
663,3.6603498458862305,-0.36706069111824036,107.03878784179688,-1.3873271232445532,0.6839675906650795,-87.24335277807532,-0.256005,2.9584308,3.7954693,-30.193392,-24.999998,-5.682118,26.788069,-51.296177,43.691505,10.267096,10.29033,14.985368,-3.9909327,-25.761549,36.22139,51.710285,-19.932947,-2.6059995,-12.464125,2.9142973,9.736701,19.19008,7.367389,-8.163561,-8.257144,0.018816506,-3.8549838,-20.59616,5.7219024,-6.8052034,6.388022
664,3.66025972366333,-0.3640422224998474,107.03790283203125,-1.3890460561620273,0.660155253036037,-87.25860099083418,-0.24677043,2.948653,3.776501,-30.19172,-24.999998,-5.671004,26.828829,-51.026806,43.703094,10.147973,10.339422,15.1966915,-3.9672618,-25.748472,36.190063,51.713177,-19.948584,-2.6384418,-12.446136,2.949291,9.737045,19.212679,7.3649483,-8.166623,-8.260524,0.04282618,-3.8532276,-20.586735,5.722279,-6.8063164,6.3877797
665,3.6569814682006836,-0.3576054275035858,107.03752136230469,-1.3854856099354733,0.637176336921643,-87.27706250984681,-0.22627127,2.9299388,3.7588348,-30.205988,-24.999998,-5.663715,26.867413,-50.783684,43.71268,10.02016,10.3742695,15.37092,-3.94466,-25.738333,36.17388,51.725445,-19.931692,-2.674671,-12.418969,2.9955847,9.727601,19.239388,7.335609,-8.154701,-8.262885,0.06326578,-3.8558593,-20.573511,5.721504,-6.804404,6.386225
666,3.6563072204589844,-0.3541761040687561,107.03657531738281,-1.3785213003331387,0.6145929231709218,-87.29788970983236,-0.2010508,2.9053884,3.7425127,-30.226704,-24.999998,-5.6546664,26.905262,-50.55328,43.718548,9.891379,10.398554,15.52805,-3.9206407,-25.730358,36.169827,51.743805,-19.8972,-2.7128928,-12.38565,3.0471454,9.710951,19.267315,7.3003507,-8.142949,-8.263399,0.08451536,-3.8648977,-20.55862,5.72077,-6.8027234,6.388162
667,3.6548919677734375,-0.3513319194316864,107.03703308105469,-1.3711843737226912,0.5944285760894589,-87.3179250350264,-0.18352391,2.8795807,3.7290108,-30.241678,-24.999998,-5.637009,26.947653,-50.32391,43.71538,9.780106,10.417025,15.6589775,-3.907246,-25.722858,36.179638,51.771763,-19.864113,-2.750354,-12.349048,3.1078098,9.690226,19.299736,7.2412834,-8.118796,-8.263653,0.10339906,-3.873666,-20.543863,5.72017,-6.801407,6.3895802
668,3.6537251472473145,-0.35162970423698425,107.03836822509766,-1.3675746355542224,0.5785587982672293,-87.33462010038929,-0.15788752,2.8576896,3.710071,-30.267237,-24.999998,-5.6416125,26.976692,-50.168373,43.745518,9.664912,10.427533,15.780489,-3.891171,-25.718163,36.18466,51.811676,-19.842999,-2.7853138,-12.318975,3.1642416,9.674267,19.33315,7.1815515,-8.094125,-8.264488,0.119421646,-3.877726,-20.531496,5.7199864,-6.8018827,6.390407
669,3.6548681259155273,-0.34500136971473694,107.04042053222656,-1.369398706400243,0.5696735523632876,-87.34678573385814,-0.12512727,2.8424017,3.6827993,-30.304697,-24.999998,-5.6929464,26.98765,-50.100113,43.832294,9.533165,10.4228525,15.880217,-3.8677306,-25.71673,36.18418,51.864323,-19.843674,-2.8193402,-12.299146,3.1846888,9.671123,19.356941,7.1622753,-8.08309,-8.262825,0.12304932,-3.876297,-20.51961,5.719322,-6.796749,6.389214
670,3.655994415283203,-0.33702561259269714,107.04203796386719,-1.3748203369014167,0.5658312559109475,-87.35608028532769,-0.14093114,2.8271117,3.67186,-30.296402,-24.999998,-5.6488075,27.035769,-49.898228,43.826958,9.504305,10.424766,15.925569,-3.8902006,-25.710098,36.204037,51.927418,-19.884184,-2.8534358,-12.260241,3.181067,9.6782255,19.374357,7.173106,-8.083963,-8.261193,0.119780116,-3.8702698,-20.50839,5.719141,-6.7905545,6.3863945
671,3.654719591140747,-0.32789063453674316,107.04415893554688,-1.3805164149238616,0.5628124386468633,-87.36359326288509,-0.137122,2.8137615,3.652924,-30.307234,-24.999998,-5.6600637,27.065025,-49.812313,43.876614,9.442243,10.420796,15.969481,-3.8978095,-25.706312,36.221436,52.001324,-19.917013,-2.8815553,-12.237262,3.1796558,9.685766,19.391603,7.1746087,-8.078554,-8.260524,0.11404059,-3.8625166,-20.498005,5.7205424,-6.7849984,6.381594
672,3.654221773147583,-0.3152638077735901,107.04447174072266,-1.3841367623515433,0.5560692956987835,-87.37038510806055,-0.122899055,2.8005846,3.6351674,-30.326195,-24.999998,-5.681991,27.080284,-49.774555,43.944866,9.403562,10.419191,16.010881,-3.8959653,-25.70531,36.224236,52.074066,-19.948277,-2.897377,-12.220293,3.1658204,9.695206,19.397802,7.2050476,-8.087572,-8.259051,0.111762576,-3.857859,-20.489109,5.72073,-6.7776585,6.377575
673,3.6528706550598145,-0.30073094367980957,107.04400634765625,-1.3846319720816997,0.5428410160453173,-87.37678512161307,-0.11141714,2.7911856,3.6252942,-30.3294,-24.999998,-5.7058926,27.087904,-49.755558,44.00452,9.414364,10.437303,16.034857,-3.8980951,-25.70589,36.221355,52.14773,-19.988588,-2.894625,-12.208912,3.1627786,9.699885,19.400702,7.2279115,-8.094141,-8.257777,0.11627076,-3.856873,-20.482042,5.7208214,-6.7704763,6.374022
674,3.6494460105895996,-0.2847936153411865,107.04418182373047,-1.3834995334166362,0.5261806280866026,-87.38249909019042,-0.10663548,2.7811797,3.6252713,-30.323421,-24.999998,-5.707922,27.104574,-49.732014,44.040073,9.478631,10.46309,16.041695,-3.8998406,-25.709179,36.20791,52.214737,-20.045868,-2.8787909,-12.200079,3.1740966,9.699995,19.404875,7.229001,-8.089987,-8.257234,0.12492307,-3.8562593,-20.476467,5.72013,-6.7636704,6.369425
675,3.643847942352295,-0.2711154520511627,107.04432678222656,-1.3816194572460563,0.5096397811840288,-87.38656903769724,-0.10355009,2.771547,3.6255608,-30.314598,-24.999998,-5.711934,27.113457,-49.727978,44.078762,9.558824,10.493805,16.032917,-3.9057956,-25.712349,36.19731,52.28564,-20.092548,-2.8561816,-12.192212,3.1926248,9.698612,19.408817,7.217801,-8.0804205,-8.258318,0.13532682,-3.8550043,-20.47328,5.719127,-6.7585936,6.364121
676,3.6395230293273926,-0.2578389048576355,107.04454040527344,-1.3798908574056878,0.49708999001035026,-87.3887744834208,-0.10176783,2.757163,3.6242492,-30.308977,-24.999998,-5.715449,27.125443,-49.729935,44.116745,9.635495,10.521169,16.004383,-3.9079604,-25.71776,36.18088,52.353214,-20.118889,-2.8370612,-12.180338,3.2040212,9.697348,19.40876,7.2097397,-8.071223,-8.258542,0.14113767,-3.8545377,-20.471436,5.718822,-6.7531095,6.3595924
677,3.631390333175659,-0.24926728010177612,107.0448989868164,-1.379149309890746,0.48976982090177157,-87.38853423860996,-0.10311039,2.73791,3.6183116,-30.305513,-24.999998,-5.7096286,27.13332,-49.737328,44.159122,9.714327,10.541621,15.955193,-3.91677,-25.721743,36.171707,52.426273,-20.10337,-2.8198898,-12.157724,3.218328,9.697763,19.40753,7.187077,-8.05393,-8.262054,0.14458773,-3.8496826,-20.472704,5.717905,-6.7503695,6.3529387
678,3.6263420581817627,-0.23865583539009094,107.04646301269531,-1.3784692208227556,0.48547211402849993,-87.38660089274603,-0.10965859,2.7157347,3.611753,-30.302221,-24.999998,-5.7090697,27.140596,-49.74934,44.205017,9.80186,10.560925,15.8744,-3.9335513,-25.725328,36.16687,52.509697,-20.062918,-2.8063552,-12.129743,3.2281756,9.695968,19.40189,7.1614976,-8.033228,-8.263171,0.14258716,-3.8471837,-20.474884,5.717531,-6.7449503,6.347815
679,3.624241828918457,-0.22663424909114838,107.04839324951172,-1.377477965596467,0.4831288953675132,-87.3827811963422,-0.1173003,2.6912234,3.6050756,-30.297638,-24.999998,-5.704601,27.15197,-49.774124,44.242954,9.878885,10.582368,15.791441,-3.9504647,-25.730713,36.16307,52.590054,-20.013847,-2.7933013,-12.106843,3.2289815,9.693634,19.392376,7.1457477,-8.016602,-8.2619,0.13796695,-3.847044,-20.47824,5.717169,-6.738089,6.3444185
680,3.622652530670166,-0.21389704942703247,107.05193328857422,-1.3763209716645761,0.4813684945072326,-87.3769871552276,-0.12585498,2.66618,3.597425,-30.29003,-24.999998,-5.6943965,27.164019,-49.798843,44.27666,9.944351,10.607185,15.718926,-3.968096,-25.737234,36.153492,52.67268,-19.983906,-2.7861998,-12.097604,3.236413,9.687788,19.388086,7.113483,-7.991198,-8.259374,0.1325109,-3.8473942,-20.482508,5.7161245,-6.7301803,6.341234
681,3.6216278076171875,-0.20146320760250092,107.05415344238281,-1.3742448412613608,0.47952301268534214,-87.36859378267731,-0.14248078,2.6421776,3.589548,-30.275267,-24.999998,-5.6823506,27.168877,-49.80697,44.316498,10.012083,10.635959,15.654367,-3.988651,-25.741344,36.142185,52.753826,-19.988766,-2.7794363,-12.109514,3.2321663,9.684278,19.38403,7.102377,-7.976249,-8.255829,0.12824357,-3.8492322,-20.488417,5.71515,-6.723055,6.3389354
682,3.6156768798828125,-0.188503697514534,107.0560073852539,-1.3716050457733424,0.4780315497381611,-87.35822190183737,-0.14918458,2.6185064,3.5878065,-30.265953,-24.999998,-5.6698885,27.178574,-49.823895,44.333874,10.075831,10.676205,15.594288,-3.990248,-25.75331,36.08101,52.821613,-20.035091,-2.7885866,-12.125745,3.2321837,9.681164,19.38515,7.0804467,-7.9543414,-8.254267,0.12385185,-3.8481245,-20.495472,5.713632,-6.7167425,6.333437
683,3.607593059539795,-0.1752423793077469,107.057861328125,-1.3693097386711794,0.4785660642339604,-87.34644530749442,-0.1658016,2.5938973,3.5795505,-30.248037,-24.999998,-5.6484284,27.180288,-49.828274,44.364426,10.128568,10.708657,15.533116,-4.011298,-25.75797,36.053516,52.90716,-20.061176,-2.7953267,-12.153072,3.2324195,9.678871,19.384773,7.0509157,-7.9271293,-8.253925,0.11647944,-3.8452213,-20.503046,5.7128696,-6.7108965,6.326253
684,3.6015403270721436,-0.15714314579963684,107.05911254882812,-1.3685678217577812,0.48229987310363487,-87.33470307159654,-0.16632108,2.5700612,3.5745654,-30.244707,-24.999998,-5.6385317,27.182352,-49.833656,44.390038,10.161667,10.7328615,15.452713,-4.002232,-25.772137,35.977634,52.956367,-20.087849,-2.798063,-12.166278,3.2101698,9.682592,19.369108,7.0511823,-7.9123588,-8.252539,0.10185904,-3.8419213,-20.509325,5.7119045,-6.701001,6.3188
685,3.5942130088806152,-0.1363072693347931,107.06104278564453,-1.3702828365117066,0.49100178090017577,-87.3235363958183,-0.16882983,2.5451064,3.5614426,-30.236637,-24.999998,-5.6320553,27.182323,-49.836796,44.42851,10.141418,10.739073,15.351147,-4.012193,-25.78264,35.94007,53.024258,-20.055876,-2.8001187,-12.178962,3.1778731,9.691318,19.340107,7.0544143,-7.896253,-8.25287,0.078865364,-3.834592,-20.513922,5.7104545,-6.6884995,6.3087554
686,3.5868990421295166,-0.11673492938280106,107.06193542480469,-1.373624488691007,0.503594792093538,-87.31251960213139,-0.17145756,2.5184364,3.5429947,-30.228113,-24.999998,-5.622579,27.18192,-49.836617,44.469166,10.084441,10.735336,15.236932,-4.0266685,-25.787846,35.92213,53.092606,-19.990286,-2.7977524,-12.193622,3.128663,9.70678,19.298258,7.0824313,-7.892781,-8.254717,0.051336054,-3.8254218,-20.517895,5.710135,-6.6768737,6.298304
687,3.5824246406555176,-0.09894101321697235,107.06305694580078,-1.3770665270067137,0.5166614224109902,-87.30033077597237,-0.16358054,2.4955275,3.5308444,-30.23255,-24.999998,-5.619257,27.177818,-49.83795,44.504925,10.034333,10.729873,15.122325,-4.018831,-25.813087,35.868362,53.125965,-19.931211,-2.7924154,-12.1985445,3.0800197,9.720555,19.255228,7.1096716,-7.8903427,-8.255357,0.025180658,-3.8179386,-20.523697,5.709068,-6.6653876,6.2900996
688,3.57928729057312,-0.08218519389629364,107.06492614746094,-1.3799914138919223,0.5268481030944585,-87.28591719969273,-0.1686911,2.474349,3.518616,-30.233206,-24.999998,-5.609538,27.174398,-49.838127,44.53544,10.010783,10.734515,15.028876,-4.0291247,-25.827238,35.841248,53.180874,-19.87549,-2.7882657,-12.2133665,3.0425985,9.730168,19.220154,7.122948,-7.882184,-8.254803,0.0036157484,-3.8121052,-20.532583,5.7085767,-6.6551695,6.2834344
689,3.5737926959991455,-0.06773443520069122,107.06687927246094,-1.381785472956929,0.5323794832215556,-87.26896992674956,-0.18489479,2.455979,3.510914,-30.23825,-24.999998,-5.5957775,27.17241,-49.83767,44.557304,10.026821,10.752667,14.963395,-4.0453506,-25.833595,35.824116,53.23795,-19.837305,-2.7772892,-12.236343,3.0221786,9.736299,19.197525,7.11684,-7.8657374,-8.255444,-0.0091038225,-3.8056378,-20.546043,5.7070312,-6.647624,6.276443
690,3.5678646564483643,-0.05773620679974556,107.07099151611328,-1.3831453294460547,0.5351785929553601,-87.25003607808804,-0.1865966,2.4458306,3.5150952,-30.268654,-24.999998,-5.584866,27.158234,-49.833565,44.570305,10.089307,10.776286,14.911622,-4.0188475,-25.86502,35.739727,53.233223,-19.836048,-2.7556458,-12.245468,3.0315967,9.734065,19.189905,7.0643086,-7.828701,-8.256587,-0.014746735,-3.7991626,-20.563438,5.7052565,-6.6434317,6.2704206
691,3.5627241134643555,-0.04620407149195671,107.0734634399414,-1.38405264392612,0.5379137167216206,-87.22987715132055,-0.19445755,2.4339128,3.5160587,-30.294666,-24.999998,-5.576636,27.145336,-49.83622,44.58594,10.15802,10.803494,14.866594,-4.0064855,-25.887108,35.677605,53.24975,-19.829487,-2.7398763,-12.261473,3.0232143,9.736386,19.17523,7.044115,-7.807099,-8.256921,-0.021977706,-3.7942805,-20.581244,5.7051973,-6.639017,6.264831
692,3.5566248893737793,-0.030145691707730293,107.07534790039062,-1.3837219413024313,0.5431959555840458,-87.20958866069735,-0.19066942,2.4206111,3.51624,-30.328337,-24.999998,-5.590475,27.122944,-49.847656,44.618538,10.238595,10.826085,14.807043,-3.972662,-25.918665,35.59147,53.243393,-19.831238,-2.7280407,-12.271804,3.001885,9.739892,19.153595,7.0360575,-7.788057,-8.256132,-0.034723595,-3.7901154,-20.59734,5.7036934,-6.6309633,6.2576537
693,3.549696445465088,-0.014812985435128212,107.07738494873047,-1.3809772877571085,0.5522696314439621,-87.18936348253304,-0.19218594,2.3975213,3.509283,-30.349298,-24.999998,-5.5989532,27.107954,-49.85677,44.648434,10.325142,10.850435,14.736025,-3.9679449,-25.937052,35.53795,53.276466,-19.818737,-2.7376049,-12.283439,2.982275,9.738854,19.131607,7.0155716,-7.7620134,-8.254471,-0.051776744,-3.7883737,-20.611786,5.7023697,-6.623074,6.2500677
694,3.542829751968384,0.002130605513229966,107.07963562011719,-1.3766478463349223,0.5635714299293686,-87.16865916931272,-0.19591372,2.3700187,3.4999504,-30.36394,-24.999998,-5.6163263,27.095388,-49.863327,44.680946,10.424038,10.876244,14.6511545,-3.9708707,-25.951338,35.492226,53.322594,-19.80717,-2.7602262,-12.295512,2.9603074,9.73515,19.108261,6.9912887,-7.732447,-8.251363,-0.07316124,-3.7889252,-20.625105,5.701319,-6.613572,6.2422523
695,3.5348899364471436,0.01973121054470539,107.08110046386719,-1.3724066525919354,0.5753360545044228,-87.14745238483226,-0.19060592,2.344993,3.4922082,-30.38875,-24.999998,-5.6422057,27.075064,-49.876087,44.719864,10.53338,10.898692,14.569672,-3.9528599,-25.971935,35.424576,53.341557,-19.803291,-2.7773519,-12.302912,2.9317143,9.734125,19.08018,6.9775376,-7.7075396,-8.248855,-0.09517857,-3.7885144,-20.638725,5.7001224,-6.604038,6.233636
696,3.525341272354126,0.0390605665743351,107.0837631225586,-1.3706096412265223,0.5858954002055609,-87.12576866377431,-0.17747061,2.3296852,3.4872005,-30.419899,-24.999998,-5.683349,27.043388,-49.90565,44.76834,10.634405,10.917462,14.503144,-3.9185855,-26.0008,35.339703,53.340218,-19.800316,-2.7854986,-12.306711,2.9102173,9.734924,19.051569,6.950544,-7.6751027,-8.2479,-0.11728392,-3.7840028,-20.65307,5.699474,-6.5942683,6.2233653
697,3.521421194076538,0.05921980366110802,107.08627319335938,-1.3719487916877842,0.5951580114140718,-87.10367882396324,-0.18989904,2.321451,3.4835503,-30.423857,-24.999998,-5.699556,27.030779,-49.91801,44.781914,10.719432,10.944897,14.458307,-3.9291766,-26.011148,35.313984,53.379253,-19.7712,-2.791492,-12.320763,2.8740623,9.741418,19.01123,6.95429,-7.659664,-8.245206,-0.13798572,-3.7795827,-20.668852,5.6983595,-6.5825644,6.2166867
698,3.518453598022461,0.08089089393615723,107.08821105957031,-1.3762019194973156,0.6037209458882759,-87.08175933106826,-0.19201756,2.320548,3.4816103,-30.43858,-24.999998,-5.718713,27.01061,-49.944534,44.800938,10.805732,10.968784,14.4350815,-3.9217176,-26.024885,35.269096,53.39339,-19.743055,-2.7879636,-12.330206,2.8259447,9.75495,18.962214,6.98114,-7.6555367,-8.243105,-0.15836285,-3.7719905,-20.684933,5.69659,-6.569787,6.209997
699,3.512946605682373,0.09999873489141464,107.09037780761719,-1.3798127306506511,0.6117293029361084,-87.05867074302844,-0.19057488,2.3236287,3.4815905,-30.455826,-24.999998,-5.7645087,26.982998,-49.983513,44.834198,10.881881,10.987938,14.4083805,-3.905863,-26.041594,35.217915,53.400738,-19.717625,-2.78131,-12.337524,2.7881618,9.766652,18.916437,6.9921293,-7.6445556,-8.242824,-0.17643833,-3.763498,-20.702793,5.695465,-6.5595927,6.202476
700,3.507859706878662,0.11418582499027252,107.09308624267578,-1.380652267453605,0.6189242039221864,-87.0337081524809,-0.17933258,2.3241503,3.4821658,-30.482965,-24.999998,-5.81581,26.948883,-50.035004,44.874046,10.953549,11.000872,14.389214,-3.882676,-26.060139,35.16207,53.40452,-19.691896,-2.7748415,-12.335638,2.7671618,9.770392,18.8797,6.9779925,-7.623661,-8.242084,-0.18939649,-3.758546,-20.723524,5.694445,-6.5529423,6.196813
701,3.5023980140686035,0.12646859884262085,107.095458984375,-1.376462908138755,0.6242441745164626,-87.00646045227266,-0.16303177,2.3204198,3.487352,-30.517427,-24.999998,-5.883007,26.914547,-50.091675,44.918957,11.019443,11.007091,14.360774,-3.857406,-26.078014,35.106777,53.411057,-19.663212,-2.7697673,-12.321844,2.755783,9.765944,18.850128,6.951249,-7.59754,-8.240189,-0.19789872,-3.759668,-20.747034,5.69312,-6.547744,6.1926155
702,3.4941396713256836,0.1404576152563095,107.09673309326172,-1.368992849442647,0.6280438727191124,-86.97723491277827,-0.13540766,2.315616,3.4952672,-30.56454,-24.999998,-5.9601135,26.873758,-50.164463,44.969593,11.079692,11.007719,14.338091,-3.819658,-26.097939,35.04042,53.4092,-19.632868,-2.763382,-12.297882,2.7431939,9.759711,18.821262,6.927179,-7.571184,-8.238673,-0.20524043,-3.7631114,-20.772234,5.6914825,-6.542081,6.187196
703,3.4878928661346436,0.15397922694683075,107.0982666015625,-1.36150395722987,0.6326745092998928,-86.94687294580936,-0.12617598,2.3082356,3.5048735,-30.58631,-24.999998,-6.0182776,26.854305,-50.20346,44.98742,11.142341,11.013961,14.313051,-3.8123255,-26.10709,35.010086,53.43029,-19.602928,-2.7613237,-12.273188,2.7312193,9.751595,18.793077,6.900077,-7.5436764,-8.2357645,-0.21347214,-3.7681246,-20.7981,5.6911573,-6.5371304,6.183042
704,3.4792726039886475,0.16690868139266968,107.09962463378906,-1.3560766656246237,0.6405923269644036,-86.91685439385391,-0.11660272,2.2979977,3.5084233,-30.608503,-24.999998,-6.077022,26.840448,-50.244205,45.008144,11.19735,11.015122,14.302329,-3.8046033,-26.113264,34.98582,53.44595,-19.589344,-2.7563822,-12.254505,2.7157354,9.74761,18.763447,6.871808,-7.514259,-8.234842,-0.22505915,-3.768551,-20.82289,5.689842,-6.532288,6.176424
705,3.4704129695892334,0.18417412042617798,107.1015625,-1.3541697458519504,0.6536091377526537,-86.88616884285415,-0.10308022,2.2862473,3.498189,-30.623322,-24.960838,-6.1341767,26.824772,-50.30094,45.03262,11.24077,11.01834,14.318815,-3.7894318,-26.119081,34.960506,53.456955,-19.602886,-2.7526534,-12.244317,2.6841292,9.750247,18.727425,6.855836,-7.4870214,-8.23359,-0.24611062,-3.7643783,-20.845482,5.688099,-6.523851,6.167108
706,3.4640145301818848,0.20022991299629211,107.10385131835938,-1.3541100667866772,0.6702099818319209,-86.85471796582071,-0.09599842,2.2731142,3.4821074,-30.625244,-24.909204,-6.187938,26.814957,-50.345657,45.0519,11.283425,11.020934,14.344363,-3.7823644,-26.121843,34.947945,53.4695,-19.63494,-2.7488618,-12.237568,2.646061,9.754502,18.689333,6.8444834,-7.462235,-8.231205,-0.27119258,-3.7596676,-20.867613,5.687864,-6.5162816,6.158675
707,3.4570395946502686,0.21719957888126373,107.10724639892578,-1.3544573047370876,0.6869699902648427,-86.82349786675428,-0.089787945,2.2604954,3.4658139,-30.619852,-24.860395,-6.239473,26.807446,-50.38482,45.06475,11.32379,11.023391,14.372778,-3.779829,-26.12311,34.943287,53.481773,-19.668642,-2.743862,-12.22936,2.6140597,9.757345,18.652256,6.8197017,-7.4298964,-8.229209,-0.29706535,-3.7539763,-20.8896,5.687221,-6.507964,6.1495166
708,3.4484260082244873,0.23272502422332764,107.11006164550781,-1.3551548024358009,0.7007869048235827,-86.79410081174419,-0.07315644,2.2501445,3.4515867,-30.629105,-24.802618,-6.3216753,26.798191,-50.449883,45.102848,11.336121,11.014396,14.394061,-3.7745724,-26.123226,34.943752,53.496143,-19.679857,-2.739392,-12.218683,2.5845044,9.762697,18.613201,6.8009434,-7.402037,-8.229767,-0.31802717,-3.7464628,-20.912012,5.6851945,-6.5004067,6.139916
709,3.4428205490112305,0.24782854318618774,107.11156463623047,-1.3556104484056095,0.7109192857050178,-86.76720085716953,-0.04680516,2.243055,3.4404788,-30.64133,-24.744228,-6.3977504,26.78625,-50.5266,45.134476,11.337663,11.003669,14.418125,-3.7743287,-26.121805,34.955925,53.518417,-19.660955,-2.7333322,-12.2017565,2.5477622,9.770171,18.56514,6.807281,-7.3884764,-8.230721,-0.33559564,-3.7420628,-20.93434,5.6855536,-6.49384,6.133318
710,3.433504581451416,0.2678374648094177,107.11360931396484,-1.35674137965362,0.719023198372262,-86.74203062325496,-0.022351755,2.2405853,3.4344056,-30.64787,-24.687113,-6.4851966,26.774916,-50.58996,45.16927,11.3359375,10.986111,14.425622,-3.7852864,-26.119053,34.984516,53.544415,-19.626081,-2.724711,-12.179686,2.5134916,9.779834,18.513931,6.8085895,-7.3693,-8.234174,-0.35364717,-3.7340202,-20.955729,5.684134,-6.484259,6.1233573
711,3.4273459911346436,0.28502157330513,107.11489868164062,-1.3572229308598844,0.72532470693997,-86.71662234095744,0.0001759998,2.23733,3.4292786,-30.650967,-24.629925,-6.5535054,26.764946,-50.640694,45.1942,11.337872,10.9692335,14.443295,-3.8016374,-26.115267,35.020252,53.570625,-19.584427,-2.7178535,-12.151988,2.4778597,9.788534,18.46233,6.820893,-7.358638,-8.236211,-0.3675172,-3.7291508,-20.978476,5.682614,-6.4756627,6.1165714
712,3.420549154281616,0.2976343333721161,107.1165542602539,-1.3567028012370321,0.7301167564967945,-86.68906462374075,0.012603299,2.2347472,3.4301794,-30.64427,-24.602476,-6.5960526,26.76188,-50.653053,45.187885,11.361191,10.964613,14.463478,-3.8084834,-26.113146,35.03201,53.569443,-19.572554,-2.7108133,-12.111679,2.4576998,9.792838,18.421831,6.8117347,-7.3403416,-8.237657,-0.3754232,-3.7246659,-21.003778,5.6812053,-6.471171,6.1104665
713,3.4134693145751953,0.3111143708229065,107.11888122558594,-1.3526329257108456,0.732286156628755,-86.65732274925405,0.023660816,2.2224014,3.4298885,-30.634518,-24.536407,-6.657512,26.75938,-50.676983,45.209843,11.3698845,10.952641,14.492417,-3.8196585,-26.110443,35.049866,53.570633,-19.544777,-2.7126672,-12.063215,2.4504175,9.788949,18.39306,6.7806916,-7.3119655,-8.23535,-0.3806818,-3.724808,-21.031588,5.6816883,-6.467958,6.1049986
714,3.4043691158294678,0.32705315947532654,107.12060546875,-1.3467869454719195,0.7325305169208295,-86.62362432803693,0.031868692,2.2088187,3.428375,-30.62222,-24.493748,-6.7130356,26.757248,-50.71014,45.225147,11.365846,10.9493685,14.539667,-3.8291533,-26.106407,35.066845,53.56581,-19.52016,-2.7169223,-12.006493,2.4432688,9.783929,18.369005,6.7500696,-7.2831397,-8.231681,-0.38384244,-3.7254715,-21.060429,5.679935,-6.462967,6.0982227
715,3.394886016845703,0.3427702784538269,107.12199401855469,-1.3412980057295958,0.7319979163656277,-86.5893678613297,0.044826705,2.194787,3.4240367,-30.614494,-24.447477,-6.786033,26.754622,-50.76891,45.25602,11.339741,10.946278,14.58922,-3.8402903,-26.097818,35.08529,53.56812,-19.496439,-2.7262394,-11.957051,2.4361088,9.780042,18.34517,6.7211475,-7.2549286,-8.228404,-0.38585103,-3.7254372,-21.090195,5.679289,-6.45945,6.0911717
716,3.388188123703003,0.35535451769828796,107.12240600585938,-1.3393907283065383,0.7319562626459098,-86.55622593464877,0.06440196,2.1837716,3.418338,-30.611345,-24.399115,-6.856544,26.751888,-50.829884,45.287125,11.312243,10.947851,14.634029,-3.8491251,-26.086401,35.09642,53.57045,-19.487038,-2.7352011,-11.9248295,2.4181035,9.783274,18.312937,6.7172084,-7.240398,-8.22687,-0.3875202,-3.723278,-21.120611,5.679884,-6.457363,6.085778
717,3.37969708442688,0.36734485626220703,107.12393188476562,-1.341335455670205,0.7328885185358295,-86.52418596651763,0.08254872,2.1791468,3.4173868,-30.600574,-24.355469,-6.905404,26.750713,-50.848824,45.301884,11.316515,10.95577,14.657957,-3.8545206,-26.081276,35.103397,53.551956,-19.50614,-2.735588,-11.914235,2.403824,9.79146,18.27653,6.7051644,-7.2195625,-8.229555,-0.38936958,-3.7145226,-21.15245,5.678741,-6.455172,6.0780945
718,3.3745527267456055,0.3816121816635132,107.12540435791016,-1.346729912655405,0.7342296294404962,-86.4927510704198,0.10098447,2.179812,3.4181924,-30.587492,-24.313087,-6.966061,26.749792,-50.858517,45.323597,11.322278,10.96559,14.661523,-3.8643382,-26.077482,35.112843,53.529305,-19.540237,-2.734062,-11.919246,2.3687227,9.80806,18.22837,6.7301664,-7.2153935,-8.232252,-0.3937105,-3.704023,-21.184504,5.679169,-6.452038,6.0712442
719,3.3666257858276367,0.39512893557548523,107.12632751464844,-1.353204821333454,0.7349247276093469,-86.46183229145339,0.11991836,2.1816783,3.4175081,-30.576601,-24.273434,-7.006987,26.748499,-50.865406,45.336777,11.32917,10.978529,14.6768,-3.873522,-26.073828,35.123894,53.50432,-19.56854,-2.7330549,-11.928538,2.3307614,9.829264,18.177612,6.7634897,-7.2151914,-8.237767,-0.3967124,-3.6901171,-21.216606,5.678421,-6.4491935,6.0625
720,3.3614912033081055,0.40964701771736145,107.12755584716797,-1.359363944302784,0.734557489319874,-86.43182207686355,0.13312511,2.1865814,3.4170399,-30.56685,-24.234575,-7.0479407,26.747332,-50.867626,45.35014,11.329743,10.987448,14.694404,-3.883916,-26.070694,35.133762,53.47569,-19.575438,-2.7352414,-11.926011,2.2905335,9.8491,18.126654,6.803193,-7.219569,-8.241203,-0.3994422,-3.6787324,-21.246754,5.6783543,-6.445646,6.0556793
721,3.3530478477478027,0.42196908593177795,107.12674713134766,-1.3670309004381687,0.7319646233717185,-86.40259162552367,0.14009933,2.1944437,3.4147615,-30.55793,-24.17667,-7.0784764,26.744955,-50.867935,45.365585,11.32518,10.989852,14.728538,-3.9020483,-26.065538,35.148407,53.45077,-19.545029,-2.7412746,-11.902325,2.2445757,9.8762865,18.072369,6.8627744,-7.2362103,-8.248024,-0.39742643,-3.6627886,-21.27612,5.6769347,-6.444169,6.04705
722,3.348968982696533,0.4341120421886444,107.12641143798828,-1.375501356953798,0.7277128016707451,-86.37459275820811,0.14577961,2.2059774,3.4130416,-30.554296,-24.13308,-7.0873375,26.74312,-50.862885,45.363194,11.322225,10.996763,14.779434,-3.9158907,-26.06178,35.153854,53.414913,-19.499231,-2.7480843,-11.864991,2.2027764,9.9011,18.0191,6.92004,-7.254171,-8.252774,-0.39314035,-3.6488338,-21.304161,5.6751,-6.441853,6.0413713
723,3.349475622177124,0.44562289118766785,107.12676239013672,-1.3824878059386407,0.7236716018213433,-86.34696824722111,0.14864537,2.2176461,3.4118512,-30.551256,-24.096575,-7.099408,26.740898,-50.85296,45.363068,11.314355,11.000223,14.823905,-3.928944,-26.056873,35.156555,53.37708,-19.44812,-2.7579358,-11.831029,2.1647232,9.91978,17.969501,6.970607,-7.2705283,-8.253915,-0.38888243,-3.6400774,-21.33136,5.67398,-6.439167,6.039273
724,3.34780216217041,0.45582330226898193,107.12655639648438,-1.3853057893118563,0.7214885872413694,-86.31797811020017,0.14792296,2.2223876,3.4089322,-30.544498,-24.042244,-7.104159,26.738298,-50.831944,45.366344,11.3088875,10.997594,14.859166,-3.945873,-26.050896,35.15808,53.340744,-19.404535,-2.768252,-11.808549,2.130584,9.932549,17.925482,7.0095086,-7.2808385,-8.254068,-0.38604596,-3.6351886,-21.359396,5.673157,-6.437251,6.03702
725,3.3455305099487305,0.4652520716190338,107.12802124023438,-1.3800694115501082,0.7221254677666059,-86.28787618360604,0.15065785,2.2183218,3.4063668,-30.542442,-24.016493,-7.113315,26.737293,-50.818665,45.36749,11.285472,10.992293,14.888855,-3.9510205,-26.04775,35.154877,53.293354,-19.364386,-2.7803874,-11.813255,2.1226828,9.925611,17.90057,6.991213,-7.2628436,-8.249504,-0.38635597,-3.6401584,-21.38705,5.673153,-6.43533,6.036405
726,3.34029483795166,0.4741971492767334,107.12911987304688,-1.369194492430998,0.7249755073483134,-86.25676161306114,0.15277752,2.2052083,3.402604,-30.541859,-23.983574,-7.115501,26.735884,-50.79417,45.36957,11.262913,10.981016,14.913914,-3.9523377,-26.041842,35.141956,53.23832,-19.329636,-2.7909386,-11.82922,2.1217299,9.910069,17.883831,6.9534945,-7.234589,-8.243457,-0.3888157,-3.6501913,-21.414576,5.6727853,-6.4334245,6.035347
727,3.333928346633911,0.485464870929718,107.13018035888672,-1.3587173501848795,0.7275564343061265,-86.2263799974297,0.15569371,2.1941357,3.4008,-30.541168,-23.964542,-7.116631,26.735296,-50.77273,45.36867,11.237604,10.969715,14.930279,-3.9531143,-26.036762,35.12676,53.187458,-19.298477,-2.8084345,-11.852278,2.119608,9.89572,17.867134,6.9156322,-7.2042823,-8.237874,-0.3928901,-3.6590772,-21.441135,5.6722555,-6.4299927,6.032834
728,3.328711986541748,0.49611684679985046,107.13187408447266,-1.3547921808287726,0.728928990523252,-86.19803332686782,0.1600335,2.1900632,3.401662,-30.54106,-23.938955,-7.1115046,26.735165,-50.757168,45.365997,11.217475,10.959365,14.939237,-3.9536343,-26.034096,35.114132,53.134422,-19.269129,-2.8245957,-11.872707,2.1130595,9.89146,17.844023,6.8921156,-7.181343,-8.235537,-0.39550138,-3.6603467,-21.467377,5.6724334,-6.427897,6.02916
729,3.3240702152252197,0.5060958862304688,107.1325454711914,-1.3611711722717583,0.7283708471004333,-86.17303094618119,0.16450185,2.1994288,3.4089205,-30.53929,-23.917017,-7.102381,26.735266,-50.737923,45.358433,11.204663,10.949491,14.934107,-3.957414,-26.030954,35.099335,53.08474,-19.24692,-2.8469863,-11.891724,2.0822773,9.90924,17.804218,6.9234004,-7.1852818,-8.239568,-0.3964323,-3.649147,-21.492804,5.673236,-6.4270473,6.022891
730,3.319984197616577,0.515475869178772,107.13269805908203,-1.3739992704173385,0.7266332536747437,-86.15031917322145,0.16968878,2.2163527,3.4190419,-30.537008,-23.900883,-7.086878,26.735493,-50.72558,45.349323,11.188638,10.938814,14.925596,-3.9667256,-26.028742,35.091103,53.043713,-19.22256,-2.8760104,-11.915284,2.0377896,9.940214,17.754992,6.986473,-7.2048774,-8.247424,-0.3959802,-3.6301007,-21.517708,5.674378,-6.427267,6.015057
731,3.319538116455078,0.5256838202476501,107.1313705444336,-1.3871289722056976,0.7240810949391481,-86.12848854168756,0.17375751,2.234867,3.4319417,-30.533201,-23.885046,-7.0776873,26.735895,-50.714928,45.343956,11.177085,10.930414,14.899707,-3.9805756,-26.027046,35.08705,53.00682,-19.198952,-2.9047391,-11.933707,1.975547,9.974999,17.69747,7.085153,-7.2428703,-8.253621,-0.39490074,-3.6133611,-21.542015,5.674891,-6.4257426,6.009635
732,3.317991256713867,0.5305510759353638,107.13020324707031,-1.3950747738496807,0.7205571613249417,-86.10620861703163,0.17422952,2.2462292,3.4458084,-30.527327,-23.866703,-7.0552087,26.73748,-50.693108,45.335278,11.185058,10.927922,14.863406,-3.9944687,-26.022484,35.089844,52.974216,-19.175486,-2.929136,-11.944101,1.9385589,9.997278,17.652576,7.144722,-7.2658405,-8.258177,-0.38925874,-3.6024082,-21.566935,5.6761174,-6.4278636,6.006462
733,3.311018705368042,0.5375314354896545,107.1295166015625,-1.3938245289529498,0.7152038871570102,-86.08413298331303,0.17889749,2.248185,3.461765,-30.52476,-23.85302,-7.0489726,26.738167,-50.689674,45.339108,11.194955,10.930584,14.804516,-4.0057936,-26.020481,35.09511,52.9414,-19.148134,-2.9451141,-11.941656,1.9281778,10.002853,17.621536,7.1544485,-7.263836,-8.260304,-0.3821116,-3.5991206,-21.590319,5.675881,-6.428843,6.0024753
734,3.308582305908203,0.5406330823898315,107.1297378540039,-1.3880755768151865,0.7088344777407137,-86.06373014482647,0.18441452,2.24549,3.4808707,-30.52323,-23.840643,-7.0411353,26.738335,-50.690323,45.34644,11.211251,10.936353,14.736561,-4.01379,-26.019716,35.098812,52.910435,-19.12607,-2.958715,-11.932263,1.9372324,9.994967,17.601227,7.135658,-7.2524457,-8.25772,-0.37058267,-3.6043637,-21.612284,5.6746497,-6.430416,6.003899
735,3.306830406188965,0.5442970991134644,107.13034057617188,-1.3814497814124662,0.7017919793787277,-86.0395449162892,0.19239755,2.2389672,3.4963834,-30.524897,-23.811058,-7.031491,26.738632,-50.692467,45.352688,11.245436,10.950993,14.652228,-4.0201797,-26.017986,35.109882,52.8801,-19.091087,-2.9668581,-11.91529,1.9474338,9.985044,17.579275,7.113569,-7.2392163,-8.253792,-0.35879946,-3.6116865,-21.63795,5.6754713,-6.432924,6.0062447
736,3.30743408203125,0.5517112016677856,107.13062286376953,-1.3769370435124535,0.697792513009798,-86.01635538962991,0.19314314,2.234309,3.5064025,-30.525745,-23.780466,-7.019729,26.7393,-50.699657,45.366814,11.270911,10.967647,14.590873,-4.040354,-26.012281,35.14698,52.871056,-19.045395,-2.9819348,-11.900298,1.9378197,9.980419,17.553602,7.117873,-7.2364807,-8.24883,-0.3525541,-3.6177084,-21.661446,5.6740003,-6.430829,6.0082164
737,3.3069868087768555,0.5559617280960083,107.13041687011719,-1.3759190776526877,0.6971877437789501,-85.99156853244949,0.18885088,2.2326407,3.5148647,-30.524185,-23.766281,-7.012834,26.739714,-50.71114,45.388905,11.302675,10.989954,14.545756,-4.0637016,-26.00501,35.183067,52.866863,-19.005709,-3.0030465,-11.87749,1.9208534,9.982716,17.529324,7.1307597,-7.2376375,-8.246639,-0.3489033,-3.6186292,-21.686567,5.674358,-6.43187,6.008512
738,3.3051486015319824,0.5616997480392456,107.13153839111328,-1.3762892653267618,0.6992305745888217,-85.9651673214467,0.18330535,2.2340684,3.5228393,-30.52119,-23.754463,-7.012976,26.739552,-50.72625,45.418423,11.340747,11.01579,14.50603,-4.0865135,-25.99986,35.211967,52.86925,-18.968613,-3.0330656,-11.846995,1.9081187,9.98482,17.509928,7.1262407,-7.227897,-8.245022,-0.34932968,-3.6167364,-21.712406,5.674641,-6.4320974,6.006729
739,3.302433967590332,0.5666173696517944,107.13225555419922,-1.3776355398498932,0.7014726016109771,-85.93957112383778,0.18117589,2.2353296,3.5310698,-30.522543,-23.745924,-7.007675,26.739147,-50.739063,45.4452,11.378353,11.041388,14.4768,-4.098208,-25.996777,35.230038,52.86107,-18.939442,-3.0584579,-11.813021,1.8917358,9.990077,17.48936,7.129623,-7.2221236,-8.244899,-0.3494996,-3.6129253,-21.737738,5.6748013,-6.433027,6.004149
740,3.3018534183502197,0.5706418752670288,107.1340560913086,-1.3806561441434777,0.7018512875719362,-85.91565398242577,0.17956477,2.2367463,3.532952,-30.524574,-23.727648,-7.0034304,26.736574,-50.77228,45.482197,11.374443,11.058239,14.467175,-4.1245403,-25.986546,35.283047,52.87872,-18.888842,-3.0800104,-11.7905245,1.8821163,9.995093,17.46806,7.1273994,-7.215118,-8.244819,-0.34761512,-3.608636,-21.761827,5.6758075,-6.4345555,6.0028033
741,3.300445556640625,0.5738711953163147,107.13382720947266,-1.386531889320582,0.6994331055727667,-85.89430089347803,0.18306193,2.2436144,3.5418494,-30.526375,-23.715042,-7.0057693,26.734562,-50.783943,45.517677,11.351269,11.058595,14.453475,-4.1378036,-25.980486,35.312534,52.879574,-18.859585,-3.090942,-11.768396,1.8572683,10.010518,17.43524,7.163951,-7.228341,-8.247979,-0.34142926,-3.5998595,-21.784594,5.6753345,-6.436599,6.0004992
742,3.299990653991699,0.5767685174942017,107.13262939453125,-1.3949023837374936,0.6954321735063933,-85.87459031663792,0.19272442,2.2522457,3.552105,-30.531853,-23.697096,-6.9924393,26.733177,-50.788914,45.545803,11.314769,11.048826,14.457743,-4.1444445,-25.977873,35.331875,52.877323,-18.838127,-3.0986109,-11.745679,1.8242681,10.0318365,17.395943,7.22179,-7.252908,-8.25247,-0.3337979,-3.5888298,-21.80615,5.6756015,-6.439197,5.998334
743,3.2987146377563477,0.5780961513519287,107.13223266601562,-1.4014581612741572,0.6912761147532704,-85.85709052604682,0.20478876,2.26114,3.564985,-30.535404,-23.689688,-6.9891787,26.732222,-50.789295,45.566803,11.275446,11.044848,14.455486,-4.143623,-25.976238,35.344193,52.8682,-18.81818,-3.1043732,-11.722352,1.8062836,10.047295,17.363544,7.2542505,-7.2658386,-8.25719,-0.32497427,-3.579261,-21.825756,5.675289,-6.442451,5.9963474
744,3.2991693019866943,0.579119861125946,107.1313247680664,-1.4042867326483244,0.6885009748968456,-85.8374159439489,0.1922853,2.266251,3.564715,-30.526384,-23.661068,-6.9763947,26.725706,-50.786907,45.61632,11.227629,11.029207,14.463882,-4.1821313,-25.96695,35.43023,52.900913,-18.739109,-3.1150792,-11.700634,1.7848767,10.057292,17.328703,7.289576,-7.2810445,-8.259086,-0.31768554,-3.5759783,-21.847044,5.676282,-6.445823,5.9968657
745,3.2991178035736084,0.5777333974838257,107.1308364868164,-1.397783722857787,0.686935574922777,-85.81991755383295,0.19697742,2.262868,3.5736735,-30.530228,-23.652208,-6.9689655,26.72432,-50.782494,45.634335,11.210236,11.036652,14.460288,-4.1810207,-25.964455,35.442352,52.895233,-18.673532,-3.1359248,-11.654644,1.7858931,10.049075,17.30575,7.2825155,-7.2770524,-8.258027,-0.30992386,-3.5838838,-21.866043,5.6757865,-6.4487104,6.0001698
746,3.2950494289398193,0.5745290517807007,107.13019561767578,-1.3853432189324935,0.6864407869008327,-85.80292093251799,0.1962857,2.2541316,3.578386,-30.532528,-23.633312,-6.96345,26.722345,-50.76927,45.65594,11.201469,11.046634,14.449186,-4.1845465,-25.959955,35.461857,52.901684,-18.583122,-3.1664896,-11.600461,1.8010329,10.031592,17.288488,7.2484884,-7.2604437,-8.25737,-0.30254784,-3.5965858,-21.884329,5.674707,-6.4521456,6.0029597
747,3.2957189083099365,0.5700968503952026,107.12840270996094,-1.3736823596907184,0.6866049794660397,-85.78631352437348,0.1950175,2.2467175,3.5847626,-30.534605,-23.623083,-6.959668,26.720617,-50.752853,45.673714,11.195655,11.05774,14.4404,-4.1854186,-25.9546,35.47596,52.902897,-18.50186,-3.192473,-11.546375,1.803446,10.015983,17.268553,7.2393904,-7.258006,-8.254227,-0.2953073,-3.6117437,-21.902195,5.6749067,-6.4561534,6.008943
748,3.2946889400482178,0.5698303580284119,107.12850952148438,-1.368736428315795,0.6876572166064915,-85.76868543622035,0.19347414,2.245672,3.5893586,-30.53359,-23.610565,-6.949395,26.71876,-50.7345,45.689106,11.19262,11.0630245,14.441849,-4.191241,-25.948246,35.488873,52.913433,-18.448975,-3.2123883,-11.50208,1.8052511,10.008672,17.252722,7.2230597,-7.248115,-8.252585,-0.2918076,-3.6170294,-21.92012,5.674252,-6.4579473,6.0106773
749,3.2985620498657227,0.568722665309906,107.12899017333984,-1.3733642377659887,0.6897535014810573,-85.74988558161076,0.19609572,2.2563446,3.594628,-30.53368,-23.607721,-6.953477,26.718542,-50.730705,45.705067,11.177044,11.06302,14.449676,-4.1881943,-25.947348,35.491425,52.915936,-18.440268,-3.216029,-11.477414,1.7877903,10.015908,17.237286,7.2421813,-7.256531,-8.250498,-0.2887606,-3.6134481,-21.939177,5.674074,-6.4603996,6.012803
750,3.3019847869873047,0.5669674873352051,107.13005065917969,-1.3862539476328537,0.6942754487276575,-85.72873915904019,0.19464992,2.2741196,3.5964766,-30.53201,-23.602102,-6.9593124,26.717232,-50.72253,45.736702,11.158058,11.045078,14.466526,-4.1895695,-25.944366,35.499382,52.92156,-18.452244,-3.210092,-11.457885,1.7571592,10.036946,17.221128,7.280417,-7.273545,-8.250577,-0.28806475,-3.598867,-21.96022,5.6745963,-6.4645905,6.012114
751,3.3049323558807373,0.5671409368515015,107.1314697265625,-1.3986624072052685,0.6982161979299268,-85.70912537651753,0.19475164,2.2920358,3.59895,-30.530436,-23.598892,-6.9673696,26.716051,-50.71814,45.75916,11.142318,11.035203,14.48401,-4.1909733,-25.9424,35.505417,52.92963,-18.4758,-3.2014441,-11.44423,1.7277412,10.057173,17.205975,7.3153133,-7.287405,-8.250607,-0.28851032,-3.5847867,-21.979446,5.674926,-6.4671454,6.0108213
752,3.3053338527679443,0.5633285045623779,107.13124084472656,-1.406617067159291,0.7008888596520946,-85.69178715448616,0.19401097,2.3061256,3.6026962,-30.527279,-23.596228,-6.969758,26.714548,-50.714527,45.775143,11.135669,11.031416,14.503633,-4.1934586,-25.940351,35.51366,52.937634,-18.492043,-3.1950126,-11.427785,1.7042737,10.073242,17.186813,7.3489,-7.3031783,-8.252703,-0.28465492,-3.5743182,-21.998001,5.6747212,-6.4722905,6.0100465
753,3.3064730167388916,0.5620557069778442,107.13017272949219,-1.4082674843079213,0.7012556290514487,-85.67817973956261,0.19226919,2.314246,3.6086829,-30.522812,-23.593819,-6.972978,26.712725,-50.711937,45.78209,11.140608,11.042209,14.518533,-4.1976814,-25.937862,35.523216,52.94655,-18.502237,-3.1924543,-11.404388,1.6849691,10.080173,17.158901,7.378471,-7.3161454,-8.253524,-0.28097966,-3.5729501,-22.013252,5.675368,-6.475227,6.0112967
754,3.3069334030151367,0.5635854601860046,107.1290283203125,-1.4061575104528088,0.7003230862485893,-85.66676411920497,0.1859315,2.3203926,3.6148822,-30.51065,-23.590254,-6.9730706,26.710457,-50.707954,45.783356,11.153104,11.061536,14.533986,-4.209906,-25.93386,35.544178,52.965347,-18.507233,-3.1933658,-11.38126,1.6700191,10.081447,17.126116,7.4009466,-7.3244023,-8.25394,-0.27772477,-3.5759811,-22.02654,5.6748924,-6.4753895,6.01269
755,3.305363655090332,0.5590949058532715,107.12815856933594,-1.4021070474893709,0.6993877518998699,-85.65818413849797,0.18728478,2.3236678,3.62219,-30.507595,-23.588358,-6.9751015,26.710087,-50.707813,45.781075,11.169954,11.077514,14.547023,-4.209858,-25.932922,35.54832,52.971424,-18.517353,-3.1922438,-11.358608,1.6747748,10.077259,17.103992,7.3945923,-7.321497,-8.2562065,-0.2710398,-3.5797584,-22.037983,5.674998,-6.4798365,6.0143533
756,3.305476188659668,0.5540968179702759,107.12828826904297,-1.3961877725487055,0.699678333886202,-85.64463939165336,0.18024893,2.3252604,3.6270702,-30.491182,-23.583199,-6.979085,26.70952,-50.70632,45.77507,11.184062,11.094043,14.556525,-4.221339,-25.929802,35.56532,52.989513,-18.516499,-3.1915789,-11.33989,1.6838539,10.067498,17.086098,7.3749375,-7.312488,-8.255789,-0.26450416,-3.5871363,-22.05399,5.6751566,-6.484282,6.0179577
757,3.3047995567321777,0.5505925416946411,107.12816619873047,-1.386975591150565,0.7019141756879685,-85.63125862944703,0.1794419,2.3229618,3.6287086,-30.477314,-23.576336,-6.9804444,26.709621,-50.70594,45.772423,11.197376,11.091933,14.565051,-4.223568,-25.928173,35.571888,53.00261,-18.512363,-3.1892197,-11.328357,1.6932654,10.05259,17.080837,7.3483057,-7.299859,-8.25318,-0.2612923,-3.5981233,-22.067972,5.6745696,-6.4867897,6.0215497
758,3.306464195251465,0.5459141135215759,107.12739562988281,-1.3752122923836423,0.7053129621110804,-85.61709854760487,0.17743243,2.3195496,3.6288652,-30.46642,-23.571575,-6.987694,26.710047,-50.705727,45.770287,11.20792,11.083518,14.567072,-4.2223787,-25.927282,35.57386,53.012115,-18.507853,-3.1848955,-11.320454,1.702358,10.032727,17.081667,7.3205256,-7.2881737,-8.247906,-0.2581985,-3.6138756,-22.082193,5.674194,-6.489625,6.027684
759,3.3062174320220947,0.5378206372261047,107.12799072265625,-1.363967352162894,0.7094036362687807,-85.60312225442333,0.17610215,2.3153448,3.6285233,-30.45145,-23.564672,-6.997108,26.710615,-50.705803,45.76904,11.219786,11.071929,14.566361,-4.223304,-25.926708,35.57484,53.02359,-18.499937,-3.1808915,-11.315334,1.7305042,10.0095215,17.091358,7.259124,-7.2611747,-8.244061,-0.25456595,-3.627737,-22.09649,5.675046,-6.4953103,6.0329623
760,3.305567741394043,0.5307049751281738,107.12788391113281,-1.3576612241389097,0.7131918977860764,-85.59047551456771,0.17550059,2.3143322,3.63115,-30.423727,-23.553776,-7.0082226,26.711855,-50.707764,45.769814,11.231993,11.059448,14.566481,-4.229286,-25.925785,35.5767,53.042023,-18.488626,-3.1831813,-11.314839,1.7454495,9.996846,17.09113,7.223185,-7.245717,-8.242302,-0.2508979,-3.6347785,-22.110077,5.6745872,-6.5002246,6.0362124
761,3.3086400032043457,0.5255658626556396,107.12859344482422,-1.360847453818362,0.7175878138518014,-85.57916192935485,0.16869634,2.3226936,3.6358824,-30.408646,-23.54995,-7.0191736,26.713612,-50.712055,45.76546,11.234482,11.05621,14.5712,-4.2413635,-25.925077,35.5793,53.059925,-18.47767,-3.1879714,-11.318659,1.7409289,9.999272,17.075623,7.2215652,-7.245891,-8.241364,-0.2501879,-3.6325617,-22.122395,5.6754103,-6.504309,6.0385556
762,3.3139216899871826,0.5226934552192688,107.12820434570312,-1.370120823045857,0.7217738889569487,-85.5701192768221,0.1610338,2.335017,3.6397874,-30.402775,-23.547579,-7.023126,26.714619,-50.714287,45.7592,11.237455,11.055388,14.579476,-4.249503,-25.925142,35.579742,53.069633,-18.465857,-3.190138,-11.32628,1.7100713,10.01569,17.046566,7.2689877,-7.2691207,-8.241164,-0.2516308,-3.6244645,-22.132317,5.676684,-6.506836,6.040076
763,3.318552255630493,0.5207669138908386,107.12755584716797,-1.3796400885758253,0.7271370511220048,-85.55923626800416,0.15092538,2.349334,3.6475508,-30.389347,-23.545696,-7.030434,26.716013,-50.71969,45.748432,11.239483,11.0571995,14.588429,-4.26642,-25.925674,35.582214,53.090874,-18.455385,-3.1997683,-11.33635,1.6729997,10.033835,17.011765,7.323582,-7.295068,-8.241144,-0.25428393,-3.6154182,-22.143793,5.677487,-6.509045,6.0408707
764,3.320319890975952,0.5171430110931396,107.12714385986328,-1.3839944391045622,0.7304414920028597,-85.55043592194124,0.1450516,2.3578904,3.6557808,-30.381605,-23.543291,-7.0374193,26.71746,-50.7275,45.73904,11.249049,11.058709,14.5934,-4.2798085,-25.926487,35.58678,53.103485,-18.452456,-3.201622,-11.33825,1.6561105,10.042553,16.989508,7.347649,-7.307171,-8.241656,-0.25447407,-3.6111908,-22.153122,5.6786437,-6.5122685,6.0416455
765,3.321030616760254,0.5153692960739136,107.12727355957031,-1.3796726517035205,0.7314334310691227,-85.54261059843695,0.14284657,2.3588755,3.665618,-30.366268,-23.539364,-7.044701,26.720514,-50.745815,45.7267,11.261427,11.063817,14.596951,-4.2917557,-25.927704,35.60058,53.1201,-18.453575,-3.2020836,-11.3375025,1.6595755,10.03533,16.978462,7.336432,-7.3017764,-8.239757,-0.2523015,-3.616967,-22.161028,5.678915,-6.5142927,6.0438485
766,3.3190395832061768,0.5097191333770752,107.12757110595703,-1.370474967664222,0.7308142426618623,-85.53588334463547,0.14319824,2.3548408,3.6769605,-30.355074,-23.533493,-7.0518117,26.72293,-50.75933,45.715508,11.288201,11.0682745,14.5920925,-4.2954125,-25.928276,35.61167,53.12476,-18.465845,-3.1933806,-11.332287,1.6847374,10.0187435,16.977953,7.294032,-7.283792,-8.238785,-0.24591233,-3.6269784,-22.16836,5.6788373,-6.5186596,6.046486
767,3.3178205490112305,0.5021172761917114,107.12663269042969,-1.3605042563851297,0.7305018797184758,-85.52951746874437,0.14396234,2.3493245,3.6882353,-30.346897,-23.526423,-7.062263,26.726427,-50.77442,45.705307,11.316337,11.072841,14.584374,-4.300809,-25.928844,35.624573,53.128193,-18.483963,-3.185049,-11.323044,1.7045021,10.002737,16.977633,7.263245,-7.2726235,-8.237663,-0.23882233,-3.6385996,-22.175524,5.6797457,-6.524582,6.0503187
768,3.318152904510498,0.4927947223186493,107.12674713134766,-1.3541508231374775,0.7325517723066676,-85.52271195088781,0.14457615,2.3460698,3.6966197,-30.346962,-23.518705,-7.072266,26.731115,-50.8026,45.69407,11.3272705,11.078537,14.588418,-4.308505,-25.929441,35.648033,53.131027,-18.49516,-3.1812894,-11.316538,1.7266012,9.988975,16.981882,7.2247934,-7.258386,-8.236475,-0.23324527,-3.6464896,-22.183378,5.6802473,-6.5307875,6.0543604
769,3.3191580772399902,0.48736730217933655,107.1272964477539,-1.352903220573549,0.7373918287069762,-85.51442214519012,0.14312442,2.3473277,3.7044506,-30.355135,-23.512995,-7.079755,26.73428,-50.82095,45.681896,11.344149,11.081798,14.594998,-4.3153596,-25.930117,35.66209,53.126125,-18.520884,-3.1826582,-11.303276,1.7313076,9.984152,16.984669,7.2066865,-7.250951,-8.234893,-0.23362453,-3.6484985,-22.191586,5.6805773,-6.5340905,6.056561
770,3.3235220909118652,0.48118332028388977,107.12712860107422,-1.3540083392887186,0.7441164000246548,-85.50560760510099,0.1432446,2.349665,3.7077215,-30.379187,-23.49961,-7.1059237,26.742052,-50.884914,45.678078,11.315449,11.087723,14.618491,-4.3338075,-25.932745,35.704773,53.13513,-18.524664,-3.1906054,-11.296188,1.7215943,9.98382,16.986235,7.21207,-7.2556415,-8.231884,-0.2353,-3.649768,-22.20038,5.6806808,-6.5369306,6.0604973
771,3.3256583213806152,0.47383207082748413,107.12810516357422,-1.3567408999200872,0.7521080296537679,-85.49741192836706,0.14064047,2.3539135,3.7145069,-30.39435,-23.495218,-7.1180773,26.743317,-50.896233,45.669735,11.332558,11.089589,14.621769,-4.3387594,-25.933376,35.713333,53.12044,-18.563705,-3.1983075,-11.27823,1.7228622,9.983535,16.992462,7.195229,-7.249166,-8.230825,-0.23861131,-3.6474557,-22.208418,5.6817293,-6.5412517,6.0625143
772,3.326531171798706,0.4693668782711029,107.12728881835938,-1.3590859299198081,0.7609720764121822,-85.49137073047137,0.14352567,2.3544915,3.7153943,-30.421398,-23.485678,-7.1403265,26.747839,-50.943256,45.669964,11.320501,11.09417,14.63098,-4.3487315,-25.936558,35.748386,53.10743,-18.577036,-3.2055686,-11.26855,1.7062277,9.988224,16.986794,7.2074194,-7.2552075,-8.2309885,-0.24553685,-3.6449997,-22.213448,5.682595,-6.5435038,6.0630865
773,3.3279154300689697,0.46389642357826233,107.12722778320312,-1.3620662163625303,0.771086943731116,-85.48841312981607,0.14868416,2.3524666,3.7123187,-30.440512,-23.47587,-7.161583,26.751425,-50.9871,45.677776,11.309582,11.097925,14.633761,-4.3606834,-25.940105,35.79097,53.090908,-18.583223,-3.2162647,-11.261473,1.6956109,9.991907,16.976494,7.2083206,-7.256388,-8.232385,-0.2532068,-3.6416202,-22.215717,5.6821494,-6.5454464,6.0635777
774,3.3292126655578613,0.4598610997200012,107.12725067138672,-1.3660711913840853,0.7825889392267733,-85.48753287686013,0.15280609,2.3494296,3.7058043,-30.45587,-23.465445,-7.1806226,26.754356,-51.027954,45.690807,11.2980795,11.101488,14.632764,-4.3747144,-25.944511,35.848522,53.069286,-18.580658,-3.2277098,-11.258579,1.677913,9.998534,16.958948,7.2183433,-7.260976,-8.234755,-0.26435366,-3.6370504,-22.215328,5.6814756,-6.5456834,6.06318
775,3.3286378383636475,0.4552355110645294,107.12750244140625,-1.369190722773985,0.7944046469303294,-85.48726995696742,0.15787692,2.3457074,3.701538,-30.470947,-23.460533,-7.190438,26.755331,-51.04642,45.6971,11.305078,11.104803,14.622039,-4.380931,-25.946947,35.88587,53.03394,-18.59304,-3.2378385,-11.250312,1.6641886,10.004134,16.942822,7.2208943,-7.261931,-8.238276,-0.27600655,-3.6323376,-22.214098,5.681728,-6.547208,6.0618157
776,3.330075740814209,0.4490734040737152,107.1279067993164,-1.3694250682804927,0.8057008639132625,-85.48620971103468,0.16367686,2.3402631,3.6995206,-30.486248,-23.458082,-7.1913,26.755524,-51.05651,45.695225,11.315091,11.107779,14.61048,-4.3858232,-25.948147,35.909042,52.995678,-18.609892,-3.2465348,-11.237448,1.6563773,10.003376,16.933071,7.21556,-7.261114,-8.239562,-0.28614253,-3.6329296,-22.213463,5.6824183,-6.549052,6.0631533
777,3.3296122550964355,0.441339373588562,107.12812042236328,-1.3644395773260731,0.8163005725710877,-85.48411014275624,0.1660745,2.333621,3.6980815,-30.501797,-23.457893,-7.19495,26.755627,-51.071392,45.692375,11.312619,11.109323,14.593931,-4.3941565,-25.950027,35.94841,52.95448,-18.611847,-3.2441518,-11.225745,1.6632854,9.993212,16.93515,7.1850624,-7.2491875,-8.240173,-0.29288673,-3.638244,-22.213882,5.681359,-6.551636,6.0652018
778,3.3297677040100098,0.435297429561615,107.12911224365234,-1.3562914938573345,0.8268314994869916,-85.48156745367916,0.16933206,2.325848,3.6991172,-30.516127,-23.46188,-7.2006226,26.755627,-51.079216,45.68551,11.3128805,11.110375,14.566416,-4.3987865,-25.951305,35.973354,52.90713,-18.623526,-3.2389755,-11.208356,1.680821,9.9749155,16.944962,7.1320605,-7.22575,-8.238696,-0.29520544,-3.6459548,-22.215553,5.6690426,-6.546797,6.0682487
779,3.327824592590332,0.42771804332733154,107.12969207763672,-1.347898531968916,0.8369367724332963,-85.4788377048604,0.17298739,2.3174748,3.7007363,-30.533646,-23.467869,-7.1948595,26.755424,-51.086163,45.67302,11.308021,11.111168,14.548345,-4.4015994,-25.95226,35.997253,52.85361,-18.625015,-3.2335212,-11.195261,1.700042,9.957592,16.956438,7.0787516,-7.202907,-8.2384615,-0.3062826,-3.6565578,-22.214378,5.677959,-6.554675,6.070434
780,3.3274002075195312,0.4210341274738312,107.12945556640625,-1.3442626914814997,0.8468944612024448,-85.47547545615454,0.1751038,2.3143594,3.7027678,-30.541162,-23.472662,-7.1940203,26.75526,-51.088085,45.664776,11.297346,11.108079,14.5307455,-4.404362,-25.952532,36.005943,52.81123,-18.628115,-3.2492626,-11.189952,1.7023077,9.950287,16.95921,7.056286,-7.1941113,-8.238411,-0.31326768,-3.6605005,-22.215765,5.677612,-6.557071,6.072034
781,3.328646421432495,0.4121484160423279,107.1290283203125,-1.3453949593143406,0.8552611307409741,-85.47233999834522,0.1697219,2.3129566,3.7043324,-30.553602,-23.484568,-7.1848207,26.754663,-51.09134,45.6565,11.264439,11.1052885,14.531487,-4.4087,-25.954704,36.036114,52.753677,-18.601933,-3.2698672,-11.1998415,1.7023611,9.949676,16.960318,7.0459213,-7.192831,-8.238636,-0.31671256,-3.6594136,-22.218845,5.6775494,-6.5614142,6.073737
782,3.3307313919067383,0.41267895698547363,107.1302261352539,-1.350694061902081,0.8626845466765753,-85.46801534052712,0.15655342,2.3166912,3.7071507,-30.555687,-23.504183,-7.167154,26.753948,-51.089252,45.6492,11.216356,11.097391,14.5481,-4.4239044,-25.95899,36.079624,52.704475,-18.550974,-3.3027213,-11.221911,1.6907032,9.955205,16.955412,7.047303,-7.1915255,-8.236972,-0.3246763,-3.6536746,-22.222103,5.6765394,-6.5600114,6.072791
783,3.3314929008483887,0.405958354473114,107.12975311279297,-1.3564499681737419,0.8709901876416507,-85.46407207660552,0.14724359,2.3208447,3.7105684,-30.557009,-23.521574,-7.1456947,26.753225,-51.083115,45.637184,11.175481,11.090923,14.561947,-4.4321637,-25.962267,36.10184,52.65285,-18.511944,-3.3414514,-11.244273,1.6753703,9.964858,16.948456,7.06271,-7.200561,-8.238014,-0.32991737,-3.646619,-22.225931,5.6774426,-6.5640936,6.072316
784,3.334075689315796,0.40331000089645386,107.12989807128906,-1.3591088910641946,0.8809183056850062,-85.46213671140495,0.14587408,2.323284,3.712398,-30.559269,-23.530333,-7.1375957,26.752962,-51.081272,45.630386,11.147945,11.086404,14.555015,-4.4364424,-25.962797,36.10579,52.60673,-18.494009,-3.3745167,-11.261754,1.6606002,9.967707,16.941715,7.0690484,-7.2032795,-8.236446,-0.33935726,-3.6445422,-22.226135,5.676032,-6.563155,6.0728536
785,3.3346376419067383,0.39537331461906433,107.13056182861328,-1.3572751782635817,0.8960195306496122,-85.46135981796027,0.13822061,2.322236,3.7144961,-30.553583,-23.56182,-7.116111,26.751682,-51.071526,45.616627,11.13166,11.088853,14.543989,-4.4447155,-25.966125,36.12483,52.545227,-18.483467,-3.3900192,-11.286692,1.6603497,9.961217,16.93946,7.041973,-7.1911087,-8.23601,-0.35210878,-3.6465404,-22.22387,5.6749425,-6.56474,6.073896
786,3.332899808883667,0.39286181330680847,107.13172149658203,-1.3527984204308123,0.9129293213976061,-85.46218857610744,0.1339044,2.3209655,3.7145956,-30.545021,-23.583597,-7.100757,26.749575,-51.0602,45.60707,11.126655,11.092263,14.516336,-4.4554486,-25.969822,36.141495,52.48999,-18.482433,-3.4023898,-11.31338,1.6559758,9.952207,16.93477,7.0111737,-7.1728754,-8.235356,-0.37220806,-3.6508555,-22.217388,5.6751757,-6.5632334,6.0727506
787,3.3313519954681396,0.3871791362762451,107.13231658935547,-1.3481775827675486,0.9301921438582456,-85.46383059426317,0.13112187,2.319455,3.7141867,-30.532856,-23.606571,-7.0786815,26.747046,-51.049473,45.594704,11.129255,11.09711,14.490551,-4.463039,-25.972475,36.15351,52.43539,-18.482876,-3.4083323,-11.335953,1.6512222,9.943667,16.930397,6.985548,-7.1596146,-8.235377,-0.39052412,-3.655319,-22.21067,5.6746936,-6.5629344,6.072516
788,3.333843231201172,0.3820536732673645,107.13162231445312,-1.3449550721866887,0.9457226249761422,-85.46596014216458,0.12676354,2.3210473,3.715659,-30.519453,-23.629389,-7.053047,26.742912,-51.0322,45.582233,11.139611,11.100271,14.467866,-4.4741526,-25.97531,36.166664,52.387108,-18.474133,-3.4081283,-11.3428755,1.6320391,9.939203,16.92203,6.991535,-7.163397,-8.233524,-0.4058484,-3.660547,-22.204683,5.6725655,-6.5611234,6.0748987
789,3.3379132747650146,0.3767102360725403,107.13204193115234,-1.3446934900482372,0.9591142091334921,-85.4687360602139,0.12360006,2.3274915,3.7193165,-30.505255,-23.652,-7.0329394,26.739141,-51.020947,45.5695,11.151623,11.103196,14.44842,-4.4785314,-25.976603,36.17242,52.341393,-18.454922,-3.3979888,-11.331225,1.6212718,9.935839,16.919518,6.9881907,-7.1641784,-8.231322,-0.4189213,-3.6632125,-22.199068,5.6716094,-6.560209,6.0779943
790,3.341165542602539,0.3723139762878418,107.13176727294922,-1.3456084872153349,0.9715866971372336,-85.47236094212592,0.12012,2.3354015,3.722817,-30.486599,-23.674145,-7.000226,26.734776,-51.005447,45.552563,11.177076,11.106583,14.43635,-4.484458,-25.97715,36.176716,52.301468,-18.426958,-3.3786604,-11.303784,1.604583,9.936395,16.9161,6.997636,-7.1712456,-8.229854,-0.43185535,-3.6640372,-22.192865,5.6704645,-6.558644,6.080439
791,3.343363046646118,0.3641892075538635,107.13052368164062,-1.3474100796766406,0.982993477367371,-85.47593786692468,0.12049539,2.344315,3.728583,-30.478308,-23.687422,-6.9808774,26.732283,-51.000393,45.541706,11.191856,11.105484,14.422765,-4.488335,-25.97681,36.177444,52.272457,-18.39894,-3.3674078,-11.277142,1.5909444,9.939159,16.91523,7.0089235,-7.181507,-8.230156,-0.440391,-3.6626022,-22.188177,5.668843,-6.5599723,6.08277
792,3.3438608646392822,0.354380339384079,107.13123321533203,-1.3486521949582944,0.992727285962459,-85.4788338359852,0.11992555,2.3520758,3.7350008,-30.465754,-23.711185,-6.95463,26.729345,-50.991177,45.526436,11.200764,11.105872,14.41482,-4.490626,-25.97618,36.178394,52.235386,-18.381258,-3.352,-11.253502,1.6030918,9.93559,16.926321,6.976687,-7.1706457,-8.231317,-0.44588307,-3.6606097,-22.185028,5.6676593,-6.563329,6.084252
793,3.344155788421631,0.34745678305625916,107.1319580078125,-1.3502926092741938,0.9998866870164986,-85.48019579705687,0.11792491,2.3589587,3.7457588,-30.453636,-23.742561,-6.9306207,26.726534,-50.980293,45.51186,11.193762,11.102507,14.413353,-4.489045,-25.975546,36.178825,52.196175,-18.37652,-3.3464832,-11.246247,1.612376,9.9336405,16.93864,6.951385,-7.161492,-8.23228,-0.44997552,-3.6581886,-22.1838,5.666584,-6.565668,6.084808
794,3.3453993797302246,0.3440619707107544,107.13221740722656,-1.3520729654720787,1.0051478250030073,-85.48045453086321,0.115079835,2.3658698,3.7593713,-30.442892,-23.778154,-6.9032917,26.722149,-50.96299,45.497272,11.182189,11.094969,14.41733,-4.4856825,-25.974543,36.17824,52.15769,-18.379238,-3.3472974,-11.246249,1.6130809,9.933533,16.94936,6.942221,-7.1588693,-8.232142,-0.45382395,-3.6564405,-22.183699,5.666142,-6.566778,6.0852313
795,3.345160961151123,0.34220966696739197,107.13352966308594,-1.3532932596740568,1.0103846257611748,-85.4812885181158,0.116053835,2.3716972,3.77268,-30.44249,-23.802073,-6.886336,26.719513,-50.95336,45.48931,11.162395,11.085163,14.415723,-4.482591,-25.97383,36.178356,52.128475,-18.38707,-3.3533509,-11.246611,1.6216561,9.930971,16.962763,6.9160347,-7.1463594,-8.232274,-0.45931137,-3.654569,-22.182438,5.6658416,-6.566924,6.084371
796,3.3457887172698975,0.33888497948646545,107.1341552734375,-1.3529953901157463,1.017066521704567,-85.48378417047638,0.1193311,2.3773258,3.7846532,-30.442387,-23.827541,-6.866785,26.716787,-50.94454,45.481815,11.144975,11.077409,14.40951,-4.476432,-25.972948,36.180313,52.10026,-18.404459,-3.3529046,-11.2395525,1.6250315,9.927544,16.970257,6.898922,-7.139083,-8.232025,-0.46553499,-3.6550095,-22.179071,5.6650796,-6.5671463,6.084654
797,3.348832845687866,0.33733421564102173,107.1339340209961,-1.3501219868510312,1.0263145654043988,-85.4892897626373,0.12523389,2.381988,3.7942173,-30.44084,-23.860085,-6.8456354,26.713028,-50.933823,45.477016,11.134112,11.070747,14.393091,-4.4723597,-25.971643,36.187485,52.07365,-18.434095,-3.3408947,-11.218819,1.6132486,9.922716,16.965248,6.904024,-7.1421185,-8.229602,-0.4774329,-3.6609557,-22.170635,5.664761,-6.5643973,6.0867443
798,3.3439571857452393,0.33382800221443176,107.13409423828125,-1.3455567093301068,1.0370712745479684,-85.49669659022697,0.12881482,2.386893,3.8007631,-30.438156,-23.8819,-6.830985,26.704739,-50.9154,45.486355,11.127468,11.060059,14.361947,-4.481498,-25.968466,36.213722,52.06501,-18.46612,-3.3278017,-11.19193,1.6172394,9.916185,16.962753,6.87779,-7.1283283,-8.231762,-0.48981798,-3.662859,-22.15986,5.6637273,-6.564314,6.08399
799,3.341844320297241,0.331095427274704,107.13304138183594,-1.3408370617140974,1.0472030051391474,-85.5047228024413,0.14288588,2.3896663,3.8109555,-30.443914,-23.895304,-6.818036,26.70182,-50.913414,45.486485,11.112841,11.056716,14.336434,-4.477745,-25.967093,36.224716,52.05517,-18.504831,-3.3195548,-11.164482,1.6067424,9.912132,16.954676,6.880796,-7.1297174,-8.232382,-0.50252295,-3.6673367,-22.148354,5.663049,-6.562809,6.0832043
800,3.342811107635498,0.32364732027053833,107.13229370117188,-1.337787007431985,1.057362809967408,-85.51062682258606,0.14903742,2.3955908,3.819118,-30.450064,-23.923798,-6.808328,26.699743,-50.91208,45.49033,11.084962,11.057159,14.312607,-4.473112,-25.965944,36.237698,52.04123,-18.543951,-3.3014412,-11.135547,1.601815,9.907491,16.95298,6.8783827,-7.131757,-8.232228,-0.51130587,-3.671591,-22.140593,5.6624866,-6.5639944,6.0852275
801,3.344060182571411,0.319581001996994,107.1319351196289,-1.3369765532980529,1.0655274691096863,-85.51460817572254,0.1446871,2.4023833,3.8268242,-30.448729,-23.951859,-6.7854633,26.690878,-50.909615,45.49722,11.043661,11.066781,14.309632,-4.487315,-25.960365,36.290005,52.050816,-18.556961,-3.2839422,-11.117085,1.595418,9.905569,16.957977,6.8782916,-7.133484,-8.231411,-0.51940686,-3.673277,-22.135447,5.6622677,-6.5639863,6.0866394
802,3.346822500228882,0.31469035148620605,107.1316146850586,-1.3372978779594793,1.0728419124244197,-85.517434484184,0.14236549,2.409533,3.837925,-30.452667,-23.975325,-6.766046,26.684425,-50.911247,45.50053,10.9942875,11.084224,14.310134,-4.4948153,-25.955256,36.330463,52.062,-18.57419,-3.2682245,-11.099119,1.5908493,9.903896,16.96809,6.8774843,-7.1359267,-8.229847,-0.525444,-3.6745424,-22.132542,5.661669,-6.564067,6.0892744
803,3.3468430042266846,0.3057498335838318,107.13269805908203,-1.3384218187393875,1.0791081253241657,-85.51988395038491,0.14090809,2.41668,3.8496187,-30.456402,-24.00009,-6.7460093,26.678162,-50.91515,45.502537,10.944212,11.103157,14.312277,-4.498868,-25.949293,36.36657,52.074203,-18.59377,-3.2547984,-11.080078,1.609305,9.899528,16.988369,6.8399477,-7.1216793,-8.230799,-0.5283493,-3.6729324,-22.130737,5.662671,-6.568313,6.090634
804,3.3468172550201416,0.3026365041732788,107.13229370117188,-1.3397413950693804,1.0844619539142142,-85.52242665183024,0.13719681,2.424195,3.8587954,-30.453144,-24.024916,-6.728865,26.671804,-50.91825,45.51623,10.897799,11.11157,14.309554,-4.5116277,-25.942297,36.409695,52.10195,-18.604307,-3.248823,-11.061538,1.6047727,9.90135,16.99533,6.8414874,-7.123705,-8.231375,-0.53314567,-3.6709204,-22.127453,5.6621914,-6.5688667,6.0904737
805,3.3450489044189453,0.2964431941509247,107.13224792480469,-1.3410609913060072,1.088655144684026,-85.5251253902911,0.14023139,2.430056,3.8691542,-30.45205,-24.053886,-6.7067184,26.668743,-50.91807,45.52332,10.869607,11.114093,14.3042,-4.5052643,-25.938763,36.426456,52.111897,-18.629759,-3.2458773,-11.038023,1.6110598,9.90259,17.001598,6.8289504,-7.1197114,-8.234268,-0.5348142,-3.6676104,-22.123676,5.662028,-6.5722427,6.089292
806,3.342042922973633,0.2888340950012207,107.13227081298828,-1.3431692886235547,1.0918314194747152,-85.5272298596264,0.13711166,2.4365773,3.8758106,-30.439579,-24.084675,-6.681256,26.66348,-50.91105,45.54119,10.848119,11.108584,14.297705,-4.5099854,-25.932407,36.456913,52.140015,-18.648859,-3.2491457,-11.015654,1.6201591,9.905632,17.00576,6.8152666,-7.115593,-8.238851,-0.5344926,-3.662401,-22.120182,5.662846,-6.5779877,6.087054
807,3.3384625911712646,0.2855076789855957,107.13216400146484,-1.3447042912287035,1.0940146871345549,-85.53038179607766,0.14183691,2.442021,3.8864918,-30.43591,-24.112738,-6.659055,26.661913,-50.907906,45.55158,10.830078,11.102706,14.285011,-4.500435,-25.930561,36.465214,52.153374,-18.670477,-3.2534764,-10.990106,1.6215423,9.910001,17.0065,6.813962,-7.115522,-8.24292,-0.5355729,-3.6575572,-22.11525,5.6622853,-6.5803986,6.083755
808,3.3393826484680176,0.28401219844818115,107.13142395019531,-1.3456048895367654,1.0954766692802234,-85.53487796292131,0.1469267,2.4482152,3.901099,-30.43349,-24.133469,-6.642526,26.660395,-50.905067,45.55849,10.80905,11.098128,14.262442,-4.4903803,-25.928839,36.47038,52.164036,-18.68129,-3.2576017,-10.9660635,1.6120716,9.913721,17.004522,6.8335943,-7.126375,-8.243663,-0.53728664,-3.6569705,-22.109749,5.6622305,-6.5806503,6.083645
809,3.34043550491333,0.2812366783618927,107.13148498535156,-1.3449053342766393,1.0946025369101984,-85.54382375706261,0.14537513,2.4565294,3.909838,-30.419855,-24.186512,-6.601155,26.655533,-50.887375,45.559933,10.788158,11.089881,14.23033,-4.484384,-25.92377,36.48751,52.18644,-18.680696,-3.2624795,-10.94039,1.6221379,9.910647,17.015274,6.8261375,-7.1261272,-8.243648,-0.53542936,-3.6583242,-22.102333,5.6603594,-6.580074,6.0847516
810,3.3403031826019287,0.2804987132549286,107.13124084472656,-1.343418374986058,1.0923617236208636,-85.55443869913005,0.14827605,2.4651074,3.9245186,-30.409517,-24.223635,-6.566945,26.652117,-50.87146,45.55674,10.76854,11.081322,14.185132,-4.4779186,-25.920507,36.498486,52.208763,-18.667244,-3.2705905,-10.915877,1.6330714,9.90705,17.027626,6.8186374,-7.125203,-8.243526,-0.5345192,-3.660344,-22.0939,5.660475,-6.579483,6.085168
811,3.3436391353607178,0.2782646715641022,107.13105010986328,-1.3412237670901161,1.0904183243618666,-85.56488132258917,0.12941912,2.4745498,3.9375117,-30.377302,-24.263037,-6.5034966,26.640385,-50.80168,45.552544,10.779557,11.068287,14.134833,-4.5016317,-25.909239,36.53971,52.25591,-18.64273,-3.2821965,-10.890534,1.6445714,9.900363,17.04065,6.8116155,-7.126317,-8.241325,-0.53276914,-3.665732,-22.086031,5.6602383,-6.578442,6.0885696
812,3.343763589859009,0.269244909286499,107.13172149658203,-1.339744770679084,1.0903385089342783,-85.57254329854366,0.1256413,2.4823043,3.949996,-30.363146,-24.299295,-6.472144,26.638174,-50.78998,45.55305,10.749758,11.058881,14.102464,-4.494946,-25.907156,36.546043,52.276463,-18.621288,-3.293497,-10.867503,1.6740689,9.892159,17.060017,6.772419,-7.1135235,-8.242407,-0.5278198,-3.6672518,-22.081413,5.6597857,-6.582673,6.0908213
813,3.341885566711426,0.2611853778362274,107.13136291503906,-1.3387820978428044,1.0938945013032013,-85.5756827448951,0.116079636,2.489405,3.958969,-30.344473,-24.33299,-6.4382663,26.636732,-50.78239,45.555508,10.708608,11.0478945,14.093059,-4.4874716,-25.905754,36.548813,52.294765,-18.593493,-3.3083491,-10.845154,1.6867119,9.889185,17.070883,6.7524276,-7.1078553,-8.244724,-0.527366,-3.6667476,-22.079222,5.6599164,-6.5870543,6.091401
814,3.3443331718444824,0.25136250257492065,107.13127899169922,-1.3380865099513226,1.0994959442368613,-85.57590412940304,0.0976157,2.497334,3.9641922,-30.31026,-24.377644,-6.3941927,26.634981,-50.77187,45.557034,10.659287,11.03506,14.1011095,-4.4849067,-25.903725,36.551308,52.31775,-18.561779,-3.327722,-10.820128,1.695791,9.884453,17.079506,6.734818,-7.1043787,-8.244823,-0.5279728,-3.6690319,-22.079256,5.660884,-6.5917497,6.09524
815,3.343839645385742,0.24322986602783203,107.13143157958984,-1.3371926443377875,1.104888394758689,-85.57592803025351,0.077163786,2.5050774,3.9703188,-30.274696,-24.419914,-6.3512926,26.632874,-50.75964,45.559494,10.61596,11.023933,14.109572,-4.484273,-25.90043,36.55364,52.340942,-18.530287,-3.3474915,-10.797223,1.7083893,9.879892,17.08892,6.7089796,-7.0953217,-8.246177,-0.52852964,-3.669093,-22.079195,5.659981,-6.5953765,6.096671
816,3.3400421142578125,0.23668380081653595,107.13123321533203,-1.3355657847332385,1.1082550677479297,-85.57816980256874,0.066553704,2.5098927,3.9813426,-30.261496,-24.441513,-6.327748,26.632254,-50.757534,45.565887,10.590674,11.019913,14.10154,-4.480178,-25.899569,36.55325,52.35642,-18.501766,-3.3600302,-10.782184,1.7234256,9.876304,17.098589,6.6823373,-7.084685,-8.249185,-0.5288892,-3.668155,-22.076656,5.6602874,-6.599604,6.0955663
817,3.3401541709899902,0.2311543971300125,107.130859375,-1.3326746722140685,1.1058792910267683,-85.58458416490893,0.048208516,2.5178604,3.9928353,-30.207436,-24.511623,-6.2815633,26.630207,-50.74506,45.56547,10.585521,11.02061,14.09157,-4.4868937,-25.896698,36.555782,52.38989,-18.486628,-3.3852077,-10.763619,1.7428128,9.869451,17.109055,6.6628428,-7.079218,-8.249786,-0.5235156,-3.6718228,-22.070919,5.660142,-6.602498,6.0970254
818,3.339132308959961,0.2273099720478058,107.1305160522461,-1.3292774436479493,1.101294933215681,-85.59271873497241,0.037660163,2.5234587,4.009198,-30.180569,-24.554663,-6.2543564,26.628868,-50.73876,45.571182,10.600585,11.026691,14.064332,-4.489362,-25.89561,36.557896,52.412457,-18.470612,-3.403004,-10.753723,1.7640287,9.862663,17.118855,6.644502,-7.0737376,-8.250792,-0.5170555,-3.6754634,-22.063276,5.6606283,-6.605523,6.097234
819,3.338707685470581,0.22160407900810242,107.12970733642578,-1.3258344123197265,1.096768898543899,-85.60134222212022,0.028842883,2.5288153,4.0254107,-30.1589,-24.59223,-6.2269583,26.626972,-50.73489,45.575905,10.620351,11.034655,14.037736,-4.4903903,-25.895145,36.55965,52.431385,-18.457209,-3.4155805,-10.745326,1.7840624,9.856225,17.128529,6.6309023,-7.071896,-8.251824,-0.5092309,-3.6794598,-22.055733,5.6605825,-6.6091714,6.0982814
820,3.3414833545684814,0.2145145982503891,107.12952423095703,-1.322327670529274,1.0942971942376596,-85.60901186049018,0.015659103,2.536486,4.041463,-30.116798,-24.660036,-6.2004623,26.624107,-50.725304,45.577602,10.636625,11.043075,14.011976,-4.4988623,-25.894985,36.56473,52.45795,-18.44933,-3.4250605,-10.735235,1.8057085,9.846617,17.140835,6.609936,-7.0674562,-8.250828,-0.5022283,-3.685513,-22.049644,5.6596317,-6.6119947,6.1020355
821,3.3414273262023926,0.21066530048847198,107.1298599243164,-1.3196715010964128,1.0956705919846952,-85.61500164396475,0.0075148917,2.5423076,4.0528307,-30.106823,-24.685652,-6.1821547,26.622677,-50.72553,45.58344,10.64169,11.047894,13.987586,-4.4996333,-25.895031,36.565342,52.474022,-18.44279,-3.4179852,-10.722821,1.8215648,9.839053,17.152992,6.585949,-7.0589857,-8.250298,-0.5030482,-3.688996,-22.043978,5.6602807,-6.6132593,6.1034636
822,3.3415184020996094,0.2067195028066635,107.12984466552734,-1.31638183634685,1.0971541342492679,-85.62112709030731,-0.0036792876,2.5506291,4.062865,-30.077099,-24.74976,-6.1606884,26.619953,-50.72602,45.585266,10.641465,11.055243,13.966036,-4.508326,-25.89486,36.566757,52.499153,-18.444271,-3.4054546,-10.704657,1.8377609,9.830341,17.167423,6.5607986,-7.050192,-8.24928,-0.50331324,-3.6931565,-22.03896,5.6597247,-6.613661,6.1055694
823,3.3414947986602783,0.1999996304512024,107.1309585571289,-1.3141432462832077,1.1023754387441187,-85.6257421309126,-0.0117954565,2.5560615,4.071918,-30.069117,-24.774826,-6.150555,26.61914,-50.72761,45.591145,10.642727,11.0597515,13.942755,-4.5097995,-25.894777,36.56675,52.515232,-18.445152,-3.3898482,-10.693599,1.8607227,9.820179,17.184849,6.5158362,-7.0320807,-8.2488165,-0.5053697,-3.6953883,-22.035301,5.6580048,-6.614913,6.107643
824,3.343782901763916,0.1928074061870575,107.13148498535156,-1.3117880248765914,1.1072308037638343,-85.6302647721042,-0.02165582,2.5635984,4.0808506,-30.038815,-24.854155,-6.137121,26.617226,-50.731155,45.591805,10.6403055,11.06492,13.926063,-4.5196376,-25.894403,36.567513,52.538555,-18.451248,-3.3761513,-10.682016,1.8779211,9.810489,17.2001,6.483656,-7.0212045,-8.247569,-0.5072274,-3.6996577,-22.03137,5.6577816,-6.6169434,6.111128
825,3.3437862396240234,0.18742860853672028,107.13138580322266,-1.312439993379789,1.1161917901291276,-85.63238088192293,-0.027774822,2.5680635,4.087165,-30.030817,-24.89061,-6.1298237,26.615969,-50.733097,45.592926,10.645023,11.069007,13.911701,-4.5249104,-25.894314,36.56832,52.556713,-18.453411,-3.3660784,-10.680232,1.8771871,9.809592,17.207417,6.4713125,-7.017139,-8.248576,-0.51534075,-3.698531,-22.02774,5.657996,-6.6185927,6.1112127
826,3.3444714546203613,0.17959719896316528,107.13246154785156,-1.3135923227911483,1.126951018340705,-85.63391762969624,-0.034613464,2.5732205,4.0965805,-30.009705,-24.973131,-6.1241736,26.614378,-50.73365,45.588852,10.648995,11.073814,13.903937,-4.5371857,-25.894304,36.57193,52.581417,-18.457146,-3.3609564,-10.684446,1.8880844,9.805226,17.220673,6.4354897,-7.0027,-8.24973,-0.5235187,-3.6969209,-22.024612,5.657306,-6.620979,6.111707
827,3.344959020614624,0.17177458107471466,107.13316345214844,-1.3153972393367457,1.139156637901043,-85.63409429322849,-0.040212903,2.5751145,4.100318,-30.005064,-24.999998,-6.121415,26.614199,-50.73391,45.588577,10.656062,11.076,13.896131,-4.541146,-25.89442,36.57285,52.59529,-18.46181,-3.3530688,-10.6891165,1.8897506,9.804155,17.227942,6.4126678,-6.9939303,-8.251426,-0.5332079,-3.6942663,-22.02222,5.6564894,-6.6233253,6.111746
828,3.3409714698791504,0.16359354555606842,107.13352966308594,-1.3146335441566224,1.1508817887983642,-85.63619406616957,-0.046786845,2.5768652,4.100379,-29.988989,-24.999998,-6.115663,26.613747,-50.73385,45.586155,10.662835,11.077674,13.890121,-4.551291,-25.894703,36.57839,52.616146,-18.467676,-3.3505275,-10.690915,1.9020714,9.799789,17.238266,6.371644,-6.9753485,-8.255189,-0.54241645,-3.6916497,-22.01765,5.6558495,-6.626959,6.1095705
829,3.337740898132324,0.15623198449611664,107.13298034667969,-1.3125200156416281,1.1619339015511256,-85.63783323259668,-0.051351883,2.5753222,4.099036,-29.98264,-24.999998,-6.1122375,26.613667,-50.734753,45.58734,10.672548,11.075737,13.889523,-4.556441,-25.894917,36.58067,52.62625,-18.475277,-3.3465836,-10.690046,1.9055891,9.796126,17.238928,6.3477993,-6.964605,-8.2584715,-0.5512676,-3.6914392,-22.012857,5.6544523,-6.6290946,6.1083384
830,3.334318161010742,0.14994695782661438,107.1339340209961,-1.3075035980789962,1.173419223680407,-85.63975296039722,-0.061296448,2.5724943,4.0937047,-29.958881,-24.999998,-6.106141,26.61374,-50.738705,45.59208,10.67681,11.06849,13.898307,-4.5739455,-25.895353,36.596607,52.647507,-18.481712,-3.348374,-10.687241,1.9253702,9.783543,17.242985,6.290244,-6.9360576,-8.260653,-0.5619362,-3.6948953,-22.006598,5.6543164,-6.6311035,6.1073737
831,3.333479166030884,0.1465468853712082,107.13409423828125,-1.3038469976826959,1.1846885749083524,-85.64234009348716,-0.06657485,2.570102,4.0892806,-29.953377,-24.999998,-6.104032,26.614012,-50.741272,45.593517,10.686116,11.063748,13.903151,-4.5800257,-25.895784,36.601807,52.65292,-18.491013,-3.3467982,-10.686235,1.9235479,9.776995,17.238424,6.2719097,-6.9263167,-8.261235,-0.5741596,-3.698587,-21.999443,5.653321,-6.6300955,6.1073394
832,3.3315718173980713,0.14131523668766022,107.13377380371094,-1.2997668078261628,1.1963328202403094,-85.64661289828972,-0.07811927,2.570635,4.0847206,-29.933521,-24.999998,-6.0971284,26.614584,-50.748474,45.595036,10.681926,11.057001,13.914976,-4.5984807,-25.8964,36.6151,52.66531,-18.495268,-3.3505645,-10.68182,1.9258221,9.769494,17.240353,6.247659,-6.9149117,-8.2619915,-0.5863441,-3.7022274,-21.99168,5.6533203,-6.6307225,6.107165
833,3.3287510871887207,0.13476410508155823,107.13481903076172,-1.2976670786045408,1.2078949910022216,-85.65416247332503,-0.09148077,2.57612,4.081393,-29.920315,-24.999998,-6.0911617,26.61529,-50.757816,45.591404,10.666656,11.053964,13.924307,-4.6202745,-25.8972,36.629692,52.67407,-18.494917,-3.3550684,-10.676385,1.9434749,9.76052,17.25593,6.1981673,-6.892685,-8.262594,-0.5973472,-3.7022748,-21.982788,5.6516075,-6.6313334,6.106169
834,3.331876277923584,0.13114972412586212,107.1353530883789,-1.2963322182530292,1.2194120288946815,-85.66413057709275,-0.10586652,2.584799,4.079063,-29.910395,-24.999998,-6.08438,26.615974,-50.766613,45.584038,10.646846,11.051975,13.933017,-4.6422524,-25.898174,36.63974,52.67675,-18.49696,-3.3604445,-10.66789,1.9428841,9.753408,17.268421,6.1817,-6.8873677,-8.258648,-0.6114499,-3.706183,-21.971697,5.650847,-6.6285233,6.1085606
835,3.3330652713775635,0.12750954926013947,107.1356430053711,-1.2954483328093986,1.2310377685158156,-85.67377054214566,-0.120113805,2.5939558,4.077013,-29.900312,-24.999998,-6.080169,26.616812,-50.777233,45.577126,10.628517,11.051142,13.93925,-4.66425,-25.89949,36.649364,52.6771,-18.496609,-3.3675325,-10.660915,1.9426502,9.747939,17.28231,6.163936,-6.880927,-8.256095,-0.6250084,-3.7078793,-21.961117,5.649357,-6.626213,6.109516
836,3.3341572284698486,0.12142356485128403,107.1364517211914,-1.295555234253573,1.2427518478559054,-85.67956445315052,-0.13043368,2.6006396,4.0743866,-29.896683,-24.999998,-6.0782776,26.617212,-50.782673,45.573406,10.63134,11.050981,13.936323,-4.6742992,-25.9003,36.652878,52.670135,-18.49589,-3.3745763,-10.662135,1.9478763,9.742849,17.295689,6.1364164,-6.8700676,-8.25531,-0.63737565,-3.7084634,-21.953508,5.64966,-6.62662,6.1105185
837,3.3329050540924072,0.11707446724176407,107.1374282836914,-1.295451250551348,1.2550681255338598,-85.68104151478026,-0.14181815,2.6042435,4.070521,-29.888596,-24.999998,-6.0797863,26.617832,-50.789856,45.57475,10.645644,11.053275,13.929442,-4.685935,-25.901585,36.657185,52.664864,-18.490114,-3.384299,-10.668971,1.9509939,9.739066,17.30668,6.10681,-6.8557577,-8.25702,-0.6490559,-3.7067728,-21.948578,5.6475368,-6.6264653,6.1092715
838,3.3292319774627686,0.10938797146081924,107.13788604736328,-1.2955901864982553,1.2676764755141774,-85.68001522573597,-0.1502494,2.6055613,4.065518,-29.867542,-24.999998,-6.0956993,26.61929,-50.81711,45.586872,10.655143,11.056709,13.920776,-4.702299,-25.904844,36.677277,52.66971,-18.462511,-3.402484,-10.688388,1.9588718,9.736519,17.31972,6.0695896,-6.83816,-8.261979,-0.659536,-3.7032921,-21.945278,5.647193,-6.629922,6.10687
839,3.3282723426818848,0.10246331989765167,107.13752746582031,-1.2964629866426864,1.2795353450095523,-85.67790100400639,-0.15590926,2.6069646,4.0593867,-29.856562,-24.999998,-6.117938,26.620956,-50.857594,45.60313,10.659214,11.06045,13.913291,-4.7164016,-25.909899,36.706463,52.672802,-18.428097,-3.4174926,-10.710921,1.9531091,9.737541,17.324522,6.058748,-6.8336062,-8.265787,-0.66900635,-3.7007957,-21.943356,5.646678,-6.632635,6.1060615
840,3.3243446350097656,0.09554857015609741,107.13825225830078,-1.2974454556905823,1.2891768888534545,-85.67767352021627,-0.1607996,2.6106253,4.0585814,-29.847078,-24.999998,-6.131243,26.621813,-50.881638,45.60759,10.675462,11.066532,13.903993,-4.728503,-25.914034,36.72323,52.671017,-18.414759,-3.429161,-10.721217,1.9664944,9.735596,17.333921,6.0180593,-6.814205,-8.270453,-0.67515194,-3.695627,-21.941502,5.6443515,-6.6354513,6.1033707
841,3.3251359462738037,0.08901125192642212,107.13819122314453,-1.3004475407357838,1.2955052810118102,-85.68027906458398,-0.1643194,2.619347,4.0646906,-29.836359,-24.999998,-6.145348,26.622086,-50.90179,45.6059,10.689593,11.074228,13.89665,-4.7437344,-25.917206,36.738323,52.67043,-18.415466,-3.4399188,-10.719571,1.9645631,9.739132,17.331125,6.01639,-6.815694,-8.272396,-0.67939794,-3.6921303,-21.938845,5.6447186,-6.6382756,6.103704
842,3.325885057449341,0.08648238331079483,107.13733673095703,-1.3043133605152002,1.2994549007757428,-85.68438122000346,-0.16426772,2.6313741,4.071162,-29.82667,-24.999998,-6.1684885,26.62165,-50.9524,45.6076,10.678966,11.085435,13.902385,-4.7712893,-25.926384,36.779713,52.680187,-18.399975,-3.449444,-10.715108,1.9493878,9.747836,17.31845,6.0423675,-6.829413,-8.2735815,-0.68278277,-3.6874382,-21.935793,5.64331,-6.6380715,6.103213
843,3.323526382446289,0.08172367513179779,107.1374282836914,-1.3075997639764974,1.3025992376772715,-85.68872961024007,-0.16528931,2.6418436,4.0823774,-29.819382,-24.999998,-6.1768827,26.621256,-50.965157,45.5964,10.699412,11.094315,13.894697,-4.7869735,-25.929173,36.790424,52.678432,-18.417458,-3.4558127,-10.7016735,1.9537226,9.75265,17.31373,6.035438,-6.827294,-8.276377,-0.68436027,-3.6813548,-21.933117,5.642897,-6.6404457,6.1013126
844,3.323045253753662,0.07869959622621536,107.13790893554688,-1.3072319084767696,1.3062836463750107,-85.69262831961876,-0.16720554,2.6490545,4.0929246,-29.81082,-24.999998,-6.1904783,26.620419,-50.98845,45.58705,10.703878,11.100061,13.886515,-4.8067355,-25.933939,36.812202,52.680454,-18.424019,-3.4590852,-10.692895,1.9599276,9.750164,17.314144,6.0209117,-6.821075,-8.276281,-0.6875175,-3.6813092,-21.929852,5.642573,-6.641085,6.1013656
845,3.3200230598449707,0.07499820739030838,107.13807678222656,-1.3016903795851482,1.3106823111199195,-85.69590712604364,-0.16945258,2.6493847,4.102504,-29.804663,-24.999998,-6.201016,26.619555,-51.011383,45.580143,10.693619,11.095,13.882467,-4.8257833,-25.938173,36.83546,52.68348,-18.428083,-3.4572806,-10.68848,1.9788263,9.738459,17.326387,5.9805026,-6.8021765,-8.275586,-0.6905821,-3.685825,-21.926443,5.640943,-6.6413217,6.101357
846,3.3183228969573975,0.071990005671978,107.13922119140625,-1.2925454581069338,1.3153051739450998,-85.69900332425479,-0.17158964,2.6457639,4.111947,-29.802382,-24.999998,-6.209921,26.618666,-51.029987,45.569557,10.678786,11.086019,13.875338,-4.841501,-25.942425,36.856735,52.682293,-18.436975,-3.4487696,-10.684612,2.0118554,9.716492,17.348349,5.911064,-6.7688494,-8.272072,-0.6946981,-3.6960282,-21.922506,5.6397123,-6.640396,6.1031637
847,3.317253351211548,0.06709986925125122,107.13976287841797,-1.2835496015241439,1.3202294440749442,-85.70140270659479,-0.17361447,2.6402693,4.1220837,-29.801418,-24.999998,-6.2123165,26.618223,-51.039883,45.55526,10.677874,11.075591,13.860464,-4.853456,-25.94432,36.8682,52.680458,-18.449358,-3.4419386,-10.679719,2.042429,9.6953945,17.36982,5.8480215,-6.7401013,-8.268995,-0.69785804,-3.7064912,-21.91927,5.6389427,-6.6409,6.1057363
848,3.3163249492645264,0.06400797516107559,107.1407699584961,-1.2783828696017896,1.3245068690331587,-85.70305425018505,-0.1775123,2.639051,4.130641,-29.800957,-24.999998,-6.2180414,26.617146,-51.064438,45.54229,10.686768,11.071322,13.833357,-4.8713903,-25.948982,36.89819,52.685333,-18.441143,-3.4391847,-10.678548,2.067643,9.680766,17.386545,5.7938223,-6.7144012,-8.267764,-0.7008241,-3.711916,-21.916527,5.6376576,-6.6409736,6.1067424
849,3.313251256942749,0.05726189166307449,107.14066314697266,-1.2783060809987885,1.3299100216501443,-85.70292768167069,-0.18153623,2.6399398,4.136038,-29.805742,-24.999998,-6.2257295,26.615797,-51.092525,45.531555,10.730385,11.073672,13.777479,-4.887193,-25.953892,36.929283,52.695618,-18.416431,-3.4462252,-10.680133,2.0799108,9.678803,17.39437,5.765822,-6.703015,-8.272268,-0.7028994,-3.7093227,-21.915417,5.6376834,-6.645444,6.105292
850,3.312047243118286,0.052022386342287064,107.13982391357422,-1.2812078521326564,1.3358771402334426,-85.70147266619705,-0.1843797,2.6417017,4.1391726,-29.815481,-24.999998,-6.2276316,26.613756,-51.12175,45.515465,10.803368,11.082859,13.702662,-4.895232,-25.959549,36.954872,52.7042,-18.387718,-3.458166,-10.68274,2.0725234,9.685098,17.392206,5.771794,-6.707941,-8.277769,-0.7058698,-3.7041416,-21.914904,5.6365056,-6.648345,6.1037917
851,3.309117317199707,0.047079868614673615,107.1401596069336,-1.2862069392128808,1.3414505048588985,-85.69962152656326,-0.19323508,2.645433,4.1482067,-29.817387,-24.999998,-6.223471,26.613213,-51.131935,45.49867,10.88556,11.085138,13.627807,-4.900263,-25.96073,36.960426,52.7019,-18.37981,-3.467379,-10.677592,2.0740259,9.692526,17.3923,5.761108,-6.703842,-8.284599,-0.7090492,-3.6951258,-21.914843,5.636448,-6.6524143,6.1004515
852,3.3091678619384766,0.041126661002635956,107.13992309570312,-1.2893275717893515,1.3448480699205532,-85.70015749742906,-0.1880974,2.6493912,4.1550555,-29.832827,-24.999998,-6.226527,26.611431,-51.157394,45.47312,10.946546,11.096468,13.564477,-4.9043283,-25.964003,36.977924,52.710396,-18.356266,-3.4768643,-10.681533,2.074742,9.69689,17.392511,5.760037,-6.7063613,-8.288175,-0.7084875,-3.6904855,-21.914345,5.635039,-6.6554317,6.100274
853,3.308473587036133,0.03890030086040497,107.14009094238281,-1.2922761497808064,1.3458443718710862,-85.70227034514207,-0.18820187,2.6568296,4.1695967,-29.832838,-24.999998,-6.2267504,26.609604,-51.178066,45.452007,10.973349,11.095132,13.536661,-4.911939,-25.966686,36.994045,52.707798,-18.349186,-3.4734151,-10.6829405,2.0748937,9.7015295,17.390928,5.7615395,-6.707899,-8.289383,-0.70827866,-3.6859365,-21.913378,5.6341233,-6.656231,6.099471
854,3.3052961826324463,0.03645520657300949,107.13986206054688,-1.2948942609932539,1.3450862949443003,-85.70580121811264,-0.18794735,2.6655679,4.1885314,-29.828661,-24.999998,-6.225776,26.60839,-51.192253,45.428993,10.986648,11.089736,13.523848,-4.921388,-25.968077,37.007145,52.702755,-18.349115,-3.4650414,-10.683881,2.0778482,9.707097,17.389456,5.763545,-6.7098594,-8.29089,-0.7062538,-3.68018,-21.9124,5.6338825,-6.658192,6.0975103
855,3.303771734237671,0.03623716160655022,107.13943481445312,-1.2969022153790564,1.3443112462118685,-85.70976950711625,-0.18826886,2.674658,4.2074533,-29.82375,-24.999998,-6.2242,26.60719,-51.207447,45.40655,10.986463,11.082626,13.520866,-4.9300847,-25.969168,37.02349,52.695984,-18.349688,-3.4550757,-10.684077,2.0726268,9.712748,17.385277,5.7781343,-6.716969,-8.290531,-0.70619214,-3.676732,-21.910376,5.6336985,-6.6577873,6.0965014
856,3.304068088531494,0.03344258666038513,107.1391372680664,-1.2970686490490306,1.3455353040844709,-85.71328899792184,-0.18994255,2.681181,4.2222934,-29.822172,-24.999998,-6.223009,26.605585,-51.22846,45.38848,10.973267,11.074248,13.52187,-4.9398527,-25.97036,37.04736,52.691624,-18.344484,-3.4483733,-10.680482,2.0729413,9.712956,17.385954,5.780725,-6.7200446,-8.289388,-0.70651704,-3.676685,-21.907806,5.633378,-6.6583014,6.0974226
857,3.3040289878845215,0.03108978271484375,107.13933563232422,-1.2942159140760559,1.3503119262086298,-85.71603473260181,-0.19006856,2.6815565,4.234191,-29.826998,-24.999998,-6.220297,26.604855,-51.235252,45.370975,10.960435,11.061069,13.518413,-4.941322,-25.970692,37.05472,52.68405,-18.351736,-3.448934,-10.666607,2.0788052,9.706236,17.392992,5.762325,-6.7117496,-8.28779,-0.71089286,-3.6799004,-21.903322,5.63227,-6.6577773,6.0983286
858,3.303311347961426,0.025380341336131096,107.13965606689453,-1.2888312524596623,1.3571631971439801,-85.7192523933004,-0.19459577,2.6814299,4.2363486,-29.841692,-24.999998,-6.2259474,26.60167,-51.285755,45.36954,10.887606,11.0437155,13.543051,-4.9578037,-25.972511,37.105057,52.689564,-18.331388,-3.4448779,-10.653947,2.0878837,9.695595,17.40484,5.7369943,-6.7016964,-8.286646,-0.71624565,-3.6859066,-21.897219,5.6322646,-6.6594405,6.099886
859,3.3027541637420654,0.021058110520243645,107.14028930664062,-1.2841174291236346,1.3637302964184297,-85.72184562643368,-0.1962874,2.6805117,4.2403717,-29.854126,-24.999998,-6.2328763,26.598377,-51.32702,45.36735,10.8310585,11.030318,13.558004,-4.965977,-25.973845,37.141094,52.68904,-18.316793,-3.4454312,-10.639058,2.0826864,9.689812,17.410402,5.737336,-6.703518,-8.285762,-0.72209036,-3.6912773,-21.891472,5.631532,-6.6596794,6.101071
860,3.303868293762207,0.0178786963224411,107.13846588134766,-1.2835282235871257,1.3672037665670354,-85.72360665280208,-0.19872983,2.6825597,4.250029,-29.860138,-24.999998,-6.2361197,26.595839,-51.355762,45.3611,10.806866,11.026776,13.558423,-4.971297,-25.9746,37.1629,52.685066,-18.306404,-3.451495,-10.623064,2.081125,9.688434,17.414165,5.737381,-6.7052536,-8.285422,-0.724023,-3.6925015,-21.888445,5.630312,-6.6599073,6.102253
861,3.303813934326172,0.01698107272386551,107.13871765136719,-1.2898001521653315,1.3667069034764356,-85.72385715644657,-0.20323524,2.6909149,4.2656803,-29.85565,-24.999998,-6.2368994,26.593111,-51.378292,45.34888,10.822363,11.042459,13.541234,-4.971638,-25.975368,37.17855,52.674007,-18.289976,-3.4632719,-10.612781,2.0819135,9.697039,17.413683,5.7387633,-6.70585,-8.287838,-0.723382,-3.684535,-21.888666,5.6315823,-6.6620255,6.1003194
862,3.3038134574890137,0.015227880328893661,107.13861846923828,-1.3005517952481374,1.3637712546256961,-85.72307889751039,-0.20937917,2.702495,4.2852044,-29.845272,-24.999998,-6.234195,26.59136,-51.39349,45.334488,10.864133,11.069464,13.513673,-4.971739,-25.97589,37.188118,52.66106,-18.269194,-3.4810486,-10.603181,2.073699,9.715445,17.406303,5.7647767,-6.7195067,-8.292465,-0.71772563,-3.670374,-21.892046,5.630816,-6.6648135,6.0973845
863,3.301302671432495,0.013891077600419521,107.13807678222656,-1.3109996172637273,1.3592217463486338,-85.72258337457085,-0.21494253,2.7140453,4.3058567,-29.83274,-24.999998,-6.23128,26.588856,-51.410393,45.320034,10.909704,11.098377,13.483266,-4.970543,-25.97668,37.198994,52.64655,-18.24875,-3.4972026,-10.592813,2.05762,9.737998,17.395395,5.808573,-6.7411766,-8.298754,-0.7108799,-3.6550376,-21.895643,5.6309614,-6.6686144,6.0929227
864,3.299149990081787,0.011830328963696957,107.13799285888672,-1.3166516586873238,1.3543560140679143,-85.72373976170243,-0.21768825,2.7208745,4.3245025,-29.822422,-24.999998,-6.2318106,26.585392,-51.431374,45.311073,10.939248,11.117939,13.45594,-4.971191,-25.977835,37.21361,52.635258,-18.235174,-3.505595,-10.576917,2.056626,9.749692,17.393501,5.826356,-6.7511344,-8.303041,-0.704104,-3.646387,-21.897327,5.631874,-6.6722403,6.0903983
865,3.297693967819214,0.009908082894980907,107.13800048828125,-1.314867846236339,1.3488484256717286,-85.72756431481392,-0.21748097,2.7211666,4.344187,-29.816694,-24.999998,-6.2341304,26.582966,-51.446625,45.306396,10.953865,11.1208,13.428629,-4.97353,-25.978436,37.225475,52.625305,-18.237133,-3.5052009,-10.548261,2.0727453,9.746188,17.402922,5.8142223,-6.7472916,-8.303993,-0.69651526,-3.647588,-21.896458,5.6318555,-6.674245,6.090682
866,3.2957499027252197,0.007704166695475578,107.13716888427734,-1.3091616989122459,1.341904140688633,-85.73287057556955,-0.21484877,2.7174375,4.361381,-29.809446,-24.999998,-6.2428184,26.57807,-51.477802,45.312313,10.945951,11.116496,13.40724,-4.982306,-25.979288,37.252266,52.622753,-18.234955,-3.4962869,-10.515063,2.094362,9.736832,17.416782,5.7963367,-6.7413845,-8.303998,-0.68789333,-3.653828,-21.894331,5.6326113,-6.6762204,6.0921435
867,3.2934226989746094,0.007398136425763369,107.13695526123047,-1.3016026516257906,1.3351430006804215,-85.73873940282414,-0.21105081,2.7125251,4.373298,-29.804861,-24.999998,-6.262467,26.56876,-51.534332,45.338375,10.911139,11.103738,13.398097,-4.999788,-25.979435,37.30412,52.634968,-18.216251,-3.4866462,-10.490986,2.1237812,9.722352,17.434713,5.7604613,-6.725308,-8.3029785,-0.68138707,-3.6624582,-21.890766,5.6336193,-6.676631,6.093487
868,3.293720245361328,0.006064774934202433,107.13674926757812,-1.295613842251415,1.32962825711366,-85.74423842792672,-0.20869635,2.7076094,4.390473,-29.801786,-24.999998,-6.262445,26.566961,-51.543922,45.33534,10.915527,11.097669,13.376324,-5.002516,-25.979258,37.313313,52.62811,-18.233599,-3.478774,-10.463843,2.1422825,9.711304,17.447565,5.744386,-6.720259,-8.301192,-0.6738614,-3.6701148,-21.8876,5.6324224,-6.676713,6.096025
869,3.2957568168640137,0.004617078695446253,107.13636016845703,-1.2908365514919293,1.3257047094592005,-85.74900977721529,-0.2077871,2.7026992,4.404459,-29.797647,-24.999998,-6.2621326,26.565325,-51.555126,45.33509,10.915952,11.091978,13.361539,-5.0046644,-25.979033,37.324093,52.620663,-18.252117,-3.469401,-10.447966,2.1492684,9.703774,17.45475,5.745327,-6.723183,-8.298903,-0.66972214,-3.678136,-21.883389,5.633544,-6.67713,6.0991454
870,3.296579360961914,0.002439619041979313,107.13630676269531,-1.2863619999549192,1.32293908860206,-85.75365241206119,-0.20908363,2.697591,4.41197,-29.786772,-24.999998,-6.272501,26.56083,-51.591988,45.354164,10.887581,11.080819,13.361057,-5.013745,-25.978458,37.358734,52.620533,-18.256886,-3.4539936,-10.444594,2.154803,9.697528,17.461277,5.7472696,-6.7266493,-8.297435,-0.6654756,-3.6843011,-21.878849,5.633433,-6.6781554,6.101158
871,3.2978296279907227,0.0003005401522386819,107.13526153564453,-1.2827664109354686,1.3203810708047827,-85.75827374058512,-0.20899153,2.6930325,4.4191475,-29.780985,-24.999998,-6.2789373,26.557318,-51.621075,45.366703,10.867422,11.072749,13.360041,-5.020549,-25.978039,37.385323,52.622456,-18.265139,-3.4440873,-10.445508,2.1608362,9.692012,17.467854,5.74802,-6.7296133,-8.296139,-0.6617638,-3.6898742,-21.874203,5.633636,-6.6791124,6.103291
872,3.294677257537842,-0.0017688038060441613,107.13523864746094,-1.282406140045427,1.3165660420739584,-85.76248715372894,-0.20924297,2.6923735,4.4261823,-29.774931,-24.999998,-6.2833786,26.553745,-51.6483,45.37632,10.850736,11.067934,13.359343,-5.0285416,-25.977663,37.409866,52.62766,-18.267742,-3.4395287,-10.448276,2.167926,9.69354,17.474163,5.7494173,-6.7318463,-8.298697,-0.65672815,-3.688123,-21.870825,5.6339474,-6.6815753,6.1016765
873,3.292701005935669,-0.0024674967862665653,107.13492584228516,-1.2872251576942768,1.3109982697605362,-85.765834550744,-0.21032847,2.6972706,4.435534,-29.769142,-24.999998,-6.2820582,26.551638,-51.660015,45.375587,10.850499,11.068729,13.352784,-5.031943,-25.977583,37.420574,52.62983,-18.271915,-3.4431896,-10.451923,2.176811,9.700961,17.479921,5.7495856,-6.732626,-8.302472,-0.6497894,-3.680454,-21.869635,5.633672,-6.6835346,6.099464
874,3.293644905090332,-0.0036703262012451887,107.13526153564453,-1.2958626837153677,1.3043790149595051,-85.76846330248982,-0.21269271,2.7069247,4.4405,-29.757029,-24.999998,-6.288579,26.545977,-51.691647,45.387466,10.831847,11.070827,13.356077,-5.0475683,-25.97776,37.452892,52.652103,-18.251247,-3.4559233,-10.465828,2.1873899,9.711506,17.485346,5.749964,-6.734371,-8.306113,-0.6414495,-3.6702063,-21.870049,5.633728,-6.6854377,6.0985217
875,3.2959814071655273,-0.004484917968511581,107.13443756103516,-1.3040662864616488,1.2976309811616429,-85.77171754755793,-0.21539012,2.7161925,4.4467525,-29.748041,-24.999998,-6.287719,26.542456,-51.705753,45.389854,10.8291855,11.074302,13.353772,-5.056858,-25.978113,37.46866,52.665134,-18.242744,-3.4666402,-10.476331,2.1766615,9.727044,17.48243,5.79138,-6.7569137,-8.309011,-0.6325214,-3.6612144,-21.870115,5.633356,-6.687049,6.09853
876,3.29673171043396,-0.005312246270477772,107.1339111328125,-1.3070035095211279,1.292515368934335,-85.77660453971356,-0.21757813,2.719694,4.4520607,-29.745127,-24.999998,-6.2838225,26.541384,-51.709003,45.388336,10.835298,11.075329,13.347139,-5.0603023,-25.978277,37.47178,52.666435,-18.246548,-3.467156,-10.481039,2.1755304,9.73307,17.485428,5.810979,-6.768695,-8.31044,-0.62693644,-3.658252,-21.867327,5.634191,-6.6883926,6.0987062
877,3.2982356548309326,-0.003288541454821825,107.13324737548828,-1.301537061411789,1.286749923467669,-85.78514877134742,-0.22028697,2.7173505,4.4546356,-29.739035,-24.999998,-6.276078,26.538933,-51.717342,45.386036,10.839966,11.077264,13.342593,-5.0699515,-25.978535,37.48068,52.66967,-18.255604,-3.4543679,-10.480253,2.1870747,9.723387,17.497358,5.80613,-6.76833,-8.307299,-0.6227579,-3.666631,-21.859903,5.6333985,-6.68562,6.1009517
878,3.296139717102051,-0.007415249478071928,107.13288879394531,-1.2904495480801386,1.2826912981750052,-85.79544446560983,-0.22180174,2.7089133,4.454131,-29.73957,-24.999998,-6.269328,26.537092,-51.722878,45.386097,10.850463,11.076884,13.334287,-5.0770936,-25.978539,37.485874,52.66945,-18.269463,-3.4345984,-10.477145,2.2280002,9.700449,17.523441,5.7490873,-6.7450647,-8.304875,-0.6171047,-3.6794572,-21.851202,5.6333547,-6.687187,6.103304
879,3.294729709625244,-0.011174880899488926,107.13369750976562,-1.2789609597993514,1.2786192630703128,-85.8062247053816,-0.22456102,2.7007148,4.45255,-29.739971,-24.999998,-6.260256,26.536167,-51.72725,45.38525,10.85468,11.075477,13.331299,-5.085191,-25.978458,37.48932,52.665955,-18.283537,-3.4096334,-10.473165,2.238382,9.6856165,17.537477,5.7501445,-6.75083,-8.302147,-0.6118612,-3.6932547,-21.841736,5.633218,-6.688113,6.1060476
880,3.29848051071167,-0.01300348062068224,107.13350677490234,-1.2740156159089324,1.2756126108102215,-85.81434189022781,-0.22826333,2.698559,4.4502945,-29.738707,-24.999998,-6.2544675,26.535322,-51.730427,45.383953,10.849611,11.072556,13.332501,-5.0920606,-25.978415,37.491314,52.6671,-18.291166,-3.396723,-10.478281,2.2463777,9.675956,17.54852,5.7499514,-6.7549157,-8.298273,-0.6085107,-3.702417,-21.83444,5.6328974,-6.6871095,6.1102157
881,3.3027124404907227,-0.015324362553656101,107.13386535644531,-1.2782911235884429,1.2735869175557175,-85.81896252806591,-0.23252647,2.7064104,4.4481325,-29.735592,-24.999998,-6.2506676,26.533768,-51.733746,45.382053,10.827094,11.066259,13.345235,-5.098198,-25.97879,37.491543,52.673405,-18.287495,-3.4004107,-10.496425,2.2520404,9.678438,17.556158,5.7506714,-6.7582355,-8.297485,-0.6050375,-3.6997578,-21.830698,5.6329517,-6.6880183,6.1123023
882,3.306203603744507,-0.018352145329117775,107.13357543945312,-1.2885417382969133,1.272556937513595,-85.82128462111235,-0.23740578,2.7202322,4.4458423,-29.731577,-24.999998,-6.2509847,26.53312,-51.73446,45.381172,10.79315,11.056215,13.362853,-5.10458,-25.979467,37.488308,52.683987,-18.277851,-3.415513,-10.522533,2.2562633,9.689429,17.561823,5.7516255,-6.7608933,-8.29938,-0.6025149,-3.6891403,-21.828932,5.6332426,-6.6896944,6.112528
883,3.308762550354004,-0.01934373937547207,107.13363647460938,-1.2987654251833793,1.2718676651859266,-85.82316530219154,-0.2414369,2.7322736,4.440864,-29.72947,-24.999998,-6.2518487,26.532932,-51.733643,45.37905,10.763795,11.049438,13.376937,-5.1073623,-25.979916,37.485622,52.68974,-18.265024,-3.4264228,-10.54754,2.2582455,9.701004,17.56584,5.7530556,-6.762255,-8.301472,-0.60089743,-3.6775756,-21.827488,5.6326694,-6.6903324,6.111627
884,3.3112103939056396,-0.02048010565340519,107.13386535644531,-1.305495324318438,1.2711873089400074,-85.82639556808475,-0.24533947,2.741323,4.43751,-29.725742,-24.999998,-6.251422,26.532793,-51.732388,45.377792,10.741405,11.042903,13.390524,-5.111511,-25.980982,37.480103,52.701107,-18.256823,-3.4373717,-10.570428,2.246176,9.712417,17.564327,5.7821846,-6.7779427,-8.302756,-0.60017467,-3.670765,-21.824661,5.63317,-6.691021,6.111574
885,3.312021493911743,-0.020782342180609703,107.13363647460938,-1.3066011124665025,1.2696768221510715,-85.8306876899083,-0.24805221,2.7426362,4.4329214,-29.719875,-24.999998,-6.249803,26.532904,-51.73048,45.37696,10.738016,11.04205,13.393813,-5.115303,-25.982143,37.474045,52.71276,-18.250011,-3.4413352,-10.582554,2.2436125,9.714851,17.565903,5.7939596,-6.784526,-8.303081,-0.5988813,-3.6699715,-21.821394,5.6329174,-6.6907372,6.111699
886,3.3126156330108643,-0.02139301970601082,107.1335220336914,-1.3048201845414271,1.2678826723191916,-85.83572439974017,-0.24939613,2.7390077,4.426828,-29.712841,-24.999998,-6.2476077,26.533587,-51.725346,45.374657,10.747674,11.046211,13.389121,-5.1175456,-25.983994,37.465065,52.722534,-18.242983,-3.4395545,-10.5884075,2.2502675,9.711058,17.570833,5.7897573,-6.783654,-8.302671,-0.59686977,-3.672645,-21.818012,5.632051,-6.6900907,6.1124516
887,3.3124804496765137,-0.022757861763238907,107.13337707519531,-1.3009572305536072,1.2666436305745379,-85.84118460013464,-0.2507321,2.732663,4.419379,-29.70961,-24.999998,-6.245863,26.534367,-51.721085,45.373913,10.761785,11.051491,13.383573,-5.119726,-25.98516,37.459557,52.7307,-18.239767,-3.431498,-10.591154,2.2638683,9.702844,17.579144,5.7720647,-6.776594,-8.301978,-0.5959418,-3.6777835,-21.813766,5.6326566,-6.690438,6.1134367
888,3.3136374950408936,-0.02273852378129959,107.13299560546875,-1.2965769678053225,1.266180401307728,-85.84711204739152,-0.25188333,2.72773,4.4122844,-29.710567,-24.999998,-6.245475,26.535727,-51.716454,45.374153,10.774984,11.054434,13.381301,-5.122473,-25.986565,37.454563,52.73771,-18.246407,-3.4205582,-10.591527,2.2706962,9.694575,17.586317,5.763332,-6.773481,-8.29988,-0.59628713,-3.684279,-21.808235,5.6318617,-6.6886563,6.1152253
889,3.3158388137817383,-0.025329455733299255,107.133056640625,-1.2903474171909217,1.2670410062220447,-85.8539039321492,-0.25235832,2.723025,4.4054093,-29.722502,-24.999998,-6.2447157,26.537987,-51.71075,45.371815,10.790494,11.055388,13.382482,-5.125186,-25.988447,37.44855,52.74168,-18.27255,-3.4020226,-10.586718,2.279457,9.68262,17.596891,5.751938,-6.7715883,-8.296532,-0.5966317,-3.693724,-21.801126,5.631045,-6.687687,6.1188307
890,3.3204715251922607,-0.026964282616972923,107.13243103027344,-1.2821585317010795,1.26892441743067,-85.86114527968691,-0.25222647,2.718145,4.398307,-29.73951,-24.999998,-6.2466445,26.540388,-51.70788,45.371674,10.805475,11.054281,13.386524,-5.1289325,-25.990154,37.444653,52.745426,-18.308996,-3.3783283,-10.5783415,2.2803,9.668422,17.60568,5.7520013,-6.7756896,-8.290703,-0.5985856,-3.7073393,-21.792542,5.629513,-6.6847315,6.124514
891,3.3213860988616943,-0.03241792693734169,107.13306427001953,-1.2752184253596164,1.2709846361415538,-85.86832423520457,-0.2519693,2.7136886,4.390285,-29.753878,-24.999998,-6.2495613,26.54317,-51.70758,45.37416,10.818382,11.053272,13.39313,-5.1325974,-25.991982,37.442833,52.75157,-18.345089,-3.3568244,-10.571325,2.2831802,9.658243,17.615673,5.752494,-6.781275,-8.288211,-0.5993926,-3.716955,-21.784426,5.629763,-6.6857457,6.128099
892,3.322435140609741,-0.03110799379646778,107.13409423828125,-1.2722518147614892,1.2721594566286962,-85.8754586235149,-0.2539697,2.7120736,4.382667,-29.773647,-24.999998,-6.2532425,26.546202,-51.70818,45.381454,10.825149,11.051657,13.401533,-5.139744,-25.993944,37.44023,52.75617,-18.37671,-3.3378935,-10.562321,2.2828057,9.652893,17.624073,5.752433,-6.781952,-8.285807,-0.6026531,-3.7213333,-21.776024,5.628286,-6.682502,6.1291065
893,3.326442003250122,-0.032140232622623444,107.13433837890625,-1.2764049987324655,1.2722813264246615,-85.88108217391104,-0.25814578,2.7155154,4.377259,-29.787228,-24.999998,-6.2586203,26.552238,-51.71036,45.390644,10.821486,11.049981,13.41492,-5.147689,-25.99785,37.433777,52.761383,-18.398897,-3.3318324,-10.553828,2.285443,9.654987,17.632217,5.752685,-6.7839427,-8.284802,-0.60344577,-3.7189739,-21.770586,5.6282535,-6.6816244,6.1305795
894,3.329594135284424,-0.03381958603858948,107.13456726074219,-1.2853795643017276,1.271962671339136,-85.8859595579259,-0.26380792,2.7218084,4.369991,-29.789478,-24.999998,-6.2637725,26.554546,-51.711227,45.40697,10.81572,11.048721,13.431555,-5.157462,-25.999464,37.43043,52.772007,-18.41401,-3.3328664,-10.54749,2.2888672,9.663968,17.640184,5.752809,-6.7850957,-8.286198,-0.602949,-3.709672,-21.766777,5.6283765,-6.682316,6.1301455
895,3.33449649810791,-0.035305190831422806,107.13534545898438,-1.293997952007507,1.271022351760982,-85.8913776119636,-0.2698592,2.7280936,4.363479,-29.789093,-24.999998,-6.270509,26.557362,-51.712276,45.42599,10.810968,11.047589,13.444106,-5.1689825,-26.001518,37.426476,52.78305,-18.426634,-3.336009,-10.542061,2.2928374,9.671454,17.648502,5.753343,-6.7868085,-8.286651,-0.6019743,-3.702124,-21.762625,5.6285906,-6.682478,6.1309466
896,3.3392884731292725,-0.03518679738044739,107.13491821289062,-1.2982909246821814,1.269218350342446,-85.89833027081286,-0.27352318,2.7308958,4.3589087,-29.786413,-24.999998,-6.2797866,26.562824,-51.715252,45.44461,10.812879,11.046275,13.444725,-5.181377,-26.005587,37.41983,52.79285,-18.438692,-3.3383725,-10.537519,2.2964344,9.673574,17.657228,5.7558465,-6.7898498,-8.285833,-0.60109496,-3.700125,-21.756554,5.6281543,-6.680796,6.132733
897,3.341282844543457,-0.0346650704741478,107.1343765258789,-1.2948187946507745,1.2659809196262217,-85.90850941179878,-0.27270913,2.7278788,4.355221,-29.783575,-24.999998,-6.2889047,26.566467,-51.718475,45.458714,10.832344,11.051893,13.424033,-5.1898875,-26.008348,37.415165,52.793995,-18.444489,-3.3326368,-10.538007,2.304029,9.666791,17.669218,5.75492,-6.792148,-8.284857,-0.6000353,-3.706493,-21.746956,5.628746,-6.679133,6.1349525
898,3.341303825378418,-0.033778198063373566,107.13381958007812,-1.2874780124340015,1.2616632284957134,-85.92038088823719,-0.27011326,2.7218447,4.3512216,-29.77897,-24.999998,-6.2981386,26.570421,-51.722122,45.4744,10.863178,11.059546,13.38914,-5.198001,-26.011442,37.411434,52.79409,-18.446022,-3.324693,-10.542075,2.313793,9.655964,17.682693,5.752508,-6.7940326,-8.284279,-0.5978753,-3.7162912,-21.735746,5.6285796,-6.6769876,6.136942
899,3.342413902282715,-0.03213977813720703,107.13359069824219,-1.2789190270881707,1.2573692683189863,-85.93268957636703,-0.26565772,2.7142527,4.3476787,-29.773268,-24.999998,-6.3097267,26.575321,-51.726067,45.489395,10.892728,11.067554,13.353267,-5.2041116,-26.015387,37.407764,52.791035,-18.44679,-3.3150165,-10.548791,2.3223755,9.643013,17.695948,5.7516723,-6.7967176,-8.28229,-0.5968155,-3.728689,-21.723707,5.628698,-6.6737666,6.1398664
900,3.3441927433013916,-0.030448883771896362,107.13287353515625,-1.2727213057666822,1.254657964774232,-85.9428705746109,-0.263537,2.7081661,4.3419833,-29.769453,-24.999998,-6.3177595,26.579977,-51.728626,45.501606,10.908045,11.074515,13.336635,-5.2097874,-26.019093,37.405087,52.78856,-18.452854,-3.3055084,-10.556717,2.327592,9.633092,17.706541,5.7517433,-6.7986283,-8.279737,-0.5963491,-3.7380672,-21.713692,5.627617,-6.6703076,6.1423984
901,3.3458118438720703,-0.03184247389435768,107.13287353515625,-1.2680357410417744,1.2540395567903986,-85.95178510386462,-0.2598969,2.7013423,4.334656,-29.764883,-24.999998,-6.3287864,26.58267,-51.729862,45.51411,10.906741,11.078936,13.339662,-5.213641,-26.021149,37.402493,52.783043,-18.467682,-3.2927313,-10.565768,2.3317478,9.625171,17.71656,5.752656,-6.801899,-8.276798,-0.59714717,-3.7456243,-21.704618,5.628646,-6.6698785,6.1447763
902,3.3496994972229004,-0.03318220004439354,107.13377380371094,-1.2643526132964413,1.2546590862921747,-85.95902204072696,-0.25673494,2.6943738,4.3256702,-29.76099,-24.999998,-6.3386254,26.586304,-51.730392,45.527325,10.894452,11.081353,13.358215,-5.2168126,-26.02371,37.399532,52.77785,-18.48954,-3.2792072,-10.57669,2.3336926,9.617178,17.724642,5.753403,-6.80449,-8.271755,-0.59873426,-3.7532523,-21.696968,5.628774,-6.668452,6.148221
903,3.3511106967926025,-0.03639986366033554,107.13382720947266,-1.2628588409173238,1.2561426091817878,-85.9657840479706,-0.25609702,2.6887498,4.317806,-29.75215,-24.999998,-6.3482842,26.591621,-51.730988,45.540302,10.872918,11.080311,13.385612,-5.2188163,-26.027273,37.393826,52.7659,-18.512594,-3.2628374,-10.586181,2.3354423,9.613857,17.732454,5.7546897,-6.807519,-8.26927,-0.6002422,-3.756286,-21.689959,5.629371,-6.6692047,6.149704
904,3.35323429107666,-0.03755739703774452,107.13362884521484,-1.2645121035257272,1.2567893914137518,-85.97173865255341,-0.2540467,2.6875377,4.3070908,-29.74799,-24.999998,-6.35292,26.593111,-51.730125,45.546875,10.858853,11.084007,13.406199,-5.2197595,-26.028223,37.391296,52.764324,-18.518505,-3.254218,-10.598074,2.3367853,9.614225,17.739096,5.7558417,-6.8094444,-8.267778,-0.6010687,-3.75555,-21.684143,5.628484,-6.668385,6.150479
905,3.356280565261841,-0.0402982197701931,107.13445281982422,-1.2727559005988223,1.2580054769903783,-85.97803522254091,-0.25415587,2.6927247,4.2976384,-29.738895,-24.999998,-6.356601,26.595957,-51.727848,45.553665,10.846091,11.087076,13.426485,-5.2212615,-26.030027,37.385136,52.763027,-18.511505,-3.248421,-10.610316,2.3393943,9.6224575,17.746515,5.7561464,-6.8119717,-8.269271,-0.60267323,-3.7473288,-21.678043,5.6291003,-6.669182,6.150248
906,3.3608908653259277,-0.04313172772526741,107.13312530517578,-1.2854816574480272,1.258781797961654,-85.98329659352244,-0.2550875,2.7021728,4.286878,-29.729033,-24.999998,-6.358644,26.598303,-51.72487,45.557987,10.836244,11.091705,13.443308,-5.223143,-26.031616,37.379395,52.765976,-18.493244,-3.2458527,-10.622025,2.3425593,9.635855,17.752968,5.756692,-6.8148856,-8.272175,-0.6027073,-3.734249,-21.673693,5.6294737,-6.670661,6.1499352
907,3.3686070442199707,-0.04547663405537605,107.13214874267578,-1.298259396725929,1.2601122959441076,-85.9889225613589,-0.25513947,2.712784,4.27923,-29.709627,-24.999998,-6.356434,26.603357,-51.71543,45.553505,10.826413,11.095124,13.461764,-5.2210298,-26.035137,37.36366,52.765873,-18.473108,-3.2486234,-10.632709,2.3018773,9.660392,17.741789,5.8392577,-6.859096,-8.27382,-0.6036602,-3.7233305,-21.66882,5.6294675,-6.670686,6.151622
908,3.3692996501922607,-0.04627065360546112,107.13119506835938,-1.3046992990333284,1.2603737310251353,-85.9945278647264,-0.2540258,2.7184844,4.274085,-29.698507,-24.999998,-6.346949,26.610363,-51.695126,45.533115,10.821091,11.101071,13.475782,-5.208484,-26.03994,37.334404,52.74956,-18.464882,-3.2467859,-10.637409,2.2837884,9.674179,17.740265,5.8784237,-6.879948,-8.276724,-0.6045041,-3.7155745,-21.663797,5.629084,-6.670715,6.1502137
909,3.3718719482421875,-0.04741895943880081,107.13062286376953,-1.3007424829034424,1.259699480800562,-86.00132730613845,-0.25218445,2.7166154,4.268033,-29.694553,-24.999998,-6.3396,26.614294,-51.681057,45.517456,10.798199,11.101145,13.496473,-5.19847,-26.04222,37.316097,52.738277,-18.446712,-3.2450252,-10.645444,2.2909906,9.665748,17.750982,5.87192,-6.879907,-8.274393,-0.6038865,-3.722529,-21.657911,5.628271,-6.669381,6.1533413
910,3.370637893676758,-0.04704366624355316,107.1309585571289,-1.2905892067875824,1.2583696448922053,-86.00875447960526,-0.24976389,2.7100992,4.263995,-29.692484,-24.999998,-6.3284454,26.620033,-51.65835,45.495087,10.772591,11.097922,13.517159,-5.183976,-26.04477,37.28785,52.7231,-18.431572,-3.2450793,-10.650615,2.3236127,9.643594,17.773329,5.816478,-6.854772,-8.271379,-0.6036675,-3.7347379,-21.651182,5.626779,-6.6669073,6.15546
911,3.3689050674438477,-0.04848898947238922,107.13011169433594,-1.2806428156283096,1.2570750573095721,-86.015401835979,-0.2470725,2.7033782,4.262937,-29.69398,-24.999998,-6.308487,26.62834,-51.622948,45.457314,10.759298,11.09794,13.5317335,-5.1597,-26.047276,37.243446,52.6938,-18.432007,-3.2420597,-10.650199,2.3486395,9.624822,17.791739,5.7774563,-6.8386073,-8.269267,-0.60312265,-3.746724,-21.645294,5.627753,-6.6671915,6.15768
912,3.3725481033325195,-0.04917353391647339,107.13047790527344,-1.2759576641280062,1.2570498210540548,-86.02022384296804,-0.24656643,2.7015193,4.2563024,-29.69578,-24.999998,-6.30213,26.631357,-51.6123,45.444637,10.729875,11.089629,13.547052,-5.151608,-26.047455,37.23028,52.689465,-18.414267,-3.2447686,-10.656333,2.3604066,9.6129,17.802467,5.759155,-6.8322964,-8.265596,-0.6025531,-3.755053,-21.641367,5.625814,-6.6648607,6.161645
913,3.374762773513794,-0.05024903640151024,107.13019561767578,-1.280533808172862,1.2587775502931684,-86.022697709188,-0.24847114,2.70749,4.250619,-29.702045,-24.999998,-6.2881336,26.634815,-51.59328,45.421963,10.717846,11.082827,13.553012,-5.1335793,-26.046883,37.20459,52.669384,-18.42181,-3.241909,-10.656099,2.3469524,9.621325,17.799845,5.78425,-6.8455095,-8.266356,-0.6043186,-3.7507238,-21.639194,5.6255875,-6.664675,6.1619654
914,3.378101110458374,-0.05243006721138954,107.12954711914062,-1.290058348372639,1.2617701389152414,-86.02344025650142,-0.25021198,2.717267,4.2454724,-29.710392,-24.999998,-6.2769613,26.638649,-51.573498,45.40321,10.711155,11.070294,13.550754,-5.116003,-26.044798,37.17437,52.65277,-18.43799,-3.2425683,-10.652611,2.315262,9.640959,17.787592,5.841648,-6.8743806,-8.268582,-0.6064166,-3.7407074,-21.63871,5.6252384,-6.6652484,6.1617637
915,3.3790371417999268,-0.056759312748909,107.12977600097656,-1.3013407110404678,1.264580092332702,-86.02298212308835,-0.25306857,2.7284706,4.2391815,-29.721888,-24.999998,-6.266088,26.641237,-51.555775,45.38384,10.708543,11.061918,13.543931,-5.095626,-26.04202,37.144627,52.63423,-18.457605,-3.241311,-10.649687,2.2941988,9.661709,17.778543,5.8809896,-6.8945503,-8.273156,-0.60666984,-3.726572,-21.639986,5.6246114,-6.667764,6.1598506
916,3.381086826324463,-0.060328833758831024,107.12930297851562,-1.309647994607709,1.2654308885060217,-86.02248523317473,-0.2576909,2.7373126,4.233255,-29.727499,-24.999998,-6.260654,26.641445,-51.552364,45.374123,10.698003,11.055538,13.541959,-5.08903,-26.041346,37.1386,52.628963,-18.45453,-3.2445157,-10.651232,2.2720551,9.678726,17.76912,5.9267416,-6.9189296,-8.27616,-0.60487115,-3.717148,-21.641794,5.6248035,-6.670598,6.159552
917,3.3828670978546143,-0.06342831999063492,107.12805938720703,-1.31815582844025,1.2658343559065117,-86.0202460051061,-0.258623,2.7462733,4.2284074,-29.756601,-24.999998,-6.2394733,26.642466,-51.51902,45.34358,10.723207,11.06181,13.526935,-5.052291,-26.03225,37.06874,52.60039,-18.492825,-3.2481003,-10.64383,2.241257,9.698941,17.755182,5.9883976,-6.9510574,-8.279552,-0.6030049,-3.7075691,-21.645496,5.625603,-6.6737385,6.159083
918,3.3884189128875732,-0.06500653177499771,107.12696075439453,-1.3257663415603982,1.2645786028467065,-86.01785287904993,-0.26670808,2.7553055,4.221809,-29.772953,-24.999998,-6.229315,26.642008,-51.514988,45.330925,10.721209,11.068149,13.522477,-5.043427,-26.030096,37.058113,52.594067,-18.482595,-3.2551546,-10.648124,2.2109165,9.715596,17.741524,6.0515676,-6.9846153,-8.280222,-0.5988416,-3.7015042,-21.650034,5.624536,-6.674608,6.1611733
919,3.389136552810669,-0.06608270108699799,107.12632751464844,-1.3314364187191816,1.2627702224573165,-86.01432579588577,-0.26863918,2.7615983,4.2159476,-29.80167,-24.999998,-6.2144113,26.637968,-51.495014,45.311745,10.745654,11.07949,13.507112,-5.013747,-26.020002,37.00243,52.57724,-18.506428,-3.2619593,-10.645161,2.1944308,9.728628,17.732315,6.087453,-7.003178,-8.282778,-0.5943561,-3.6944888,-21.655588,5.6239367,-6.6767297,6.1605244
920,3.390627384185791,-0.06775213778018951,107.12513732910156,-1.3336478375772691,1.2601188753278012,-86.0097086214662,-0.27536875,2.7654476,4.2093167,-29.811874,-24.999998,-6.2021513,26.635216,-51.48839,45.29876,10.754321,11.086068,13.498218,-5.000285,-26.015032,36.98188,52.568954,-18.504568,-3.2633743,-10.644279,2.1817436,9.735918,17.72281,6.118839,-7.020675,-8.283505,-0.5885139,-3.6926212,-21.662235,5.6241755,-6.6793056,6.1617527
921,3.391505479812622,-0.06908436864614487,107.1236343383789,-1.3289298191371277,1.257129166198747,-86.00405224900545,-0.28175628,2.762409,4.2023516,-29.807873,-24.999998,-6.1898065,26.630764,-51.479305,45.288494,10.768484,11.089521,13.486975,-4.9866366,-26.00759,36.958916,52.561096,-18.509863,-3.2573814,-10.63785,2.1802545,9.731215,17.715498,6.1278744,-7.0271516,-8.281691,-0.5807499,-3.6987062,-21.670002,5.621289,-6.679551,6.164763
922,3.3911545276641846,-0.06864797323942184,107.12347412109375,-1.3196885547028654,1.2532128398948528,-85.99766181333885,-0.28958392,2.7555046,4.1962957,-29.798822,-24.999998,-6.1806755,26.628643,-51.475983,45.282413,10.779061,11.089074,13.475999,-4.9799786,-26.004124,36.95095,52.559135,-18.507572,-3.2494864,-10.631199,2.1996863,9.714776,17.715176,6.096385,-7.012856,-8.277977,-0.57475805,-3.710466,-21.67739,5.621684,-6.6801925,6.168057
923,3.389956474304199,-0.07109198719263077,107.12344360351562,-1.3109489201346058,1.2489530411929346,-85.98953302597356,-0.29669464,2.7472038,4.1882815,-29.77729,-24.999998,-6.162791,26.618261,-51.449146,45.276188,10.816913,11.089961,13.454544,-4.960208,-25.986847,36.905636,52.55286,-18.537197,-3.238689,-10.617097,2.223334,9.69903,17.715113,6.059914,-6.996968,-8.275476,-0.5653118,-3.7205477,-21.68761,5.6210933,-6.682784,6.171304
924,3.3858344554901123,-0.07334333658218384,107.123291015625,-1.306724490313768,1.2434556523365836,-85.98089249362982,-0.30520254,2.7422922,4.181651,-29.767984,-24.999998,-6.1484456,26.608482,-51.43028,45.27414,10.842081,11.086682,13.436201,-4.951597,-25.971352,36.87474,52.559082,-18.54716,-3.236046,-10.61131,2.2421432,9.692917,17.713846,6.035585,-6.9858966,-8.276562,-0.55461764,-3.7227983,-21.69888,5.620867,-6.686853,6.1712265
925,3.3851585388183594,-0.07412548363208771,107.12400817871094,-1.3095778265768774,1.2364463984447303,-85.97098515964205,-0.317043,2.743904,4.1776643,-29.766588,-24.999998,-6.1385307,26.606606,-51.426006,45.267605,10.846691,11.081662,13.418287,-4.9467974,-25.968561,36.867363,52.558964,-18.524836,-3.235657,-10.61748,2.2475533,9.698004,17.708025,6.038279,-6.986954,-8.278071,-0.54245704,-3.718304,-21.712381,5.6207733,-6.69062,6.1710763
926,3.3885765075683594,-0.07480904459953308,107.1231689453125,-1.317563817294556,1.22826494088206,-85.95935786393912,-0.32739353,2.7477624,4.1739125,-29.773212,-24.999998,-6.1220374,26.594738,-51.395054,45.265293,10.880368,11.073512,13.386568,-4.9321465,-25.951912,36.821896,52.56358,-18.530115,-3.242667,-10.622281,2.2233856,9.716741,17.689674,6.1000276,-7.017476,-8.279481,-0.52950275,-3.7106564,-21.72805,5.6223073,-6.6946707,6.1723933
927,3.391169309616089,-0.07555833458900452,107.12218475341797,-1.3256868723429804,1.2197417915335058,-85.94793001937398,-0.3372321,2.7522871,4.171302,-29.781788,-24.999998,-6.107666,26.582687,-51.368195,45.264618,10.90606,11.063899,13.360418,-4.919958,-25.936304,36.77824,52.569714,-18.529305,-3.2508376,-10.629053,2.2019293,9.735456,17.672512,6.157831,-7.046112,-8.281573,-0.51523185,-3.7018423,-21.743816,5.623211,-6.699353,6.1730375
928,3.3929710388183594,-0.07423067837953568,107.12186431884766,-1.3307439407006028,1.2117044100566976,-85.93751927898815,-0.3483207,2.7569928,4.169616,-29.784056,-24.999998,-6.0975595,26.57634,-51.35709,45.25917,10.903751,11.056882,13.351339,-4.91353,-25.92831,36.75788,52.57123,-18.505816,-3.2532847,-10.639172,2.1900978,9.747043,17.658796,6.193485,-7.063017,-8.282604,-0.5039469,-3.696788,-21.757015,5.624328,-6.7020164,6.1735554
929,3.3927102088928223,-0.07480347156524658,107.12153625488281,-1.332114436256712,1.2042799338126486,-85.92853179958243,-0.35754192,2.7610407,4.167282,-29.787663,-24.999998,-6.081935,26.57031,-51.34081,45.247894,10.895796,11.0507,13.356621,-4.903735,-25.920616,36.727455,52.572052,-18.486952,-3.2557929,-10.646706,2.191514,9.75142,17.649805,6.2050314,-7.069526,-8.28427,-0.492473,-3.6948683,-21.767982,5.62562,-6.706122,6.173954
930,3.3941872119903564,-0.07464253902435303,107.1202621459961,-1.330412558501726,1.1968566095343485,-85.92054819133429,-0.36404654,2.7638009,4.1671987,-29.78933,-24.999998,-6.063833,26.562902,-51.315586,45.23323,10.888783,11.044879,13.370232,-4.888194,-25.910892,36.674713,52.56783,-18.48159,-3.2577853,-10.649419,2.1874285,9.752322,17.638153,6.227154,-7.082336,-8.284195,-0.48113158,-3.6980495,-21.777267,5.6259823,-6.7086086,6.176231
931,3.3933732509613037,-0.07461188733577728,107.11892700195312,-1.3283693235375433,1.1901689746220323,-85.91295632247939,-0.36274567,2.7655966,4.1690087,-29.800076,-24.999998,-6.0510254,26.551933,-51.282394,45.221073,10.89664,11.039326,13.377597,-4.8576775,-25.896393,36.58819,52.554928,-18.504932,-3.2605238,-10.645053,2.1874244,9.752756,17.627974,6.23972,-7.0898914,-8.285183,-0.4720491,-3.700531,-21.78545,5.6283607,-6.7122693,6.177088
932,3.392328977584839,-0.07524161785840988,107.11804962158203,-1.3262236104123932,1.1852420411138398,-85.9054266058845,-0.36652046,2.7667274,4.168476,-29.805,-24.999998,-6.0431604,26.548708,-51.275635,45.211456,10.87869,11.036755,13.393357,-4.851545,-25.892279,36.56799,52.55487,-18.485016,-3.260491,-10.6498995,2.1908128,9.751597,17.619318,6.2419205,-7.091893,-8.285691,-0.46366802,-3.702502,-21.794025,5.6289372,-6.7151837,6.177895
933,3.392639398574829,-0.07336536049842834,107.11824798583984,-1.3243333172084957,1.1825343355444833,-85.89856720212866,-0.36551893,2.765752,4.167296,-29.817766,-24.999998,-6.0393834,26.544788,-51.268517,45.205364,10.875655,11.0374975,13.398991,-4.8450403,-25.887398,36.549004,52.556694,-18.47935,-3.2609503,-10.649243,2.191576,9.749182,17.609636,6.240537,-7.0901737,-8.283863,-0.4601242,-3.7052732,-21.801388,5.6295934,-6.7153873,6.17901
934,3.3897857666015625,-0.07288813591003418,107.11772155761719,-1.3220791992214047,1.1813708080757677,-85.89249034670524,-0.36073112,2.7629664,4.1659846,-29.835526,-24.999998,-6.0393386,26.54043,-51.26256,45.203594,10.880727,11.040013,13.400208,-4.8402004,-25.882324,36.53477,52.56178,-18.480745,-3.2618613,-10.645942,2.1896281,9.748902,17.598862,6.242845,-7.090234,-8.283533,-0.45861048,-3.7065377,-21.807945,5.6316543,-6.7172947,6.1784067
935,3.390512228012085,-0.0713319480419159,107.11714935302734,-1.3203558079620419,1.1812195506906658,-85.88559366950699,-0.35598207,2.7600172,4.1642504,-29.856955,-24.999998,-6.043277,26.53764,-51.259575,45.20567,10.886625,11.042291,13.398758,-4.838868,-25.879314,36.529896,52.568775,-18.481104,-3.2636597,-10.642304,2.177078,9.749631,17.583637,6.2611504,-7.097986,-8.281035,-0.45822456,-3.709483,-21.815107,5.6328926,-6.717375,6.1798153
936,3.3902173042297363,-0.07188008725643158,107.11756896972656,-1.3210665833249222,1.1809798103701623,-85.87654969313549,-0.35356337,2.758289,4.163457,-29.876093,-24.999998,-6.046953,26.532671,-51.256813,45.2124,10.894158,11.0439,13.39991,-4.8393865,-25.874327,36.527233,52.57601,-18.482649,-3.2660458,-10.639565,2.1730664,9.752012,17.572105,6.264551,-7.0986485,-8.280691,-0.4550262,-3.7080266,-21.825012,5.632309,-6.7186704,6.1801443
937,3.3900845050811768,-0.07136638462543488,107.11701965332031,-1.3256521742983107,1.1799687685007652,-85.86394942769486,-0.35537842,2.7597225,4.1656165,-29.890182,-24.999998,-6.053276,26.528997,-51.25604,45.221535,10.902196,11.044224,13.4004545,-4.840705,-25.87076,36.527466,52.577057,-18.483522,-3.2693286,-10.636165,2.1500347,9.765171,17.552835,6.3030057,-7.115542,-8.282346,-0.45224068,-3.7022796,-21.837805,5.63455,-6.721772,6.179335
938,3.3870224952697754,-0.06805972009897232,107.1165771484375,-1.33292464717198,1.178725859047896,-85.8490185055556,-0.3592577,2.762907,4.169959,-29.90092,-24.999998,-6.0625134,26.52675,-51.25616,45.232513,10.912929,11.044302,13.398568,-4.8427024,-25.868593,36.52843,52.57461,-18.487562,-3.2740254,-10.6307535,2.1234665,9.784037,17.532322,6.3441367,-7.1311636,-8.286352,-0.44966233,-3.6905456,-21.852562,5.635579,-6.7243686,6.175121
939,3.388190984725952,-0.06622325628995895,107.11636352539062,-1.3398499896324327,1.1788017987312924,-85.83348534495552,-0.36186054,2.76504,4.1731124,-29.917269,-24.999998,-6.0747037,26.523115,-51.257996,45.249897,10.923408,11.0434675,13.397993,-4.8463445,-25.865303,36.530914,52.574215,-18.49411,-3.2777886,-10.626274,2.094952,9.80019,17.510557,6.387267,-7.1492085,-8.288115,-0.4477629,-3.6823733,-21.86775,5.6364484,-6.726215,6.174087
940,3.3870046138763428,-0.06633260846138,107.11589050292969,-1.3425027184008493,1.180830816578372,-85.81973993755176,-0.36207783,2.764464,4.173255,-29.930044,-24.999998,-6.080923,26.521463,-51.25928,45.262276,10.927339,11.043816,13.404024,-4.847814,-25.863804,36.53303,52.572712,-18.504843,-3.2791545,-10.62306,2.077077,9.808853,17.492702,6.4084125,-7.1572037,-8.290038,-0.44719028,-3.677904,-21.880934,5.636702,-6.728475,6.172907
941,3.3857240676879883,-0.06689377874135971,107.11517333984375,-1.3389377858390539,1.1857295616128265,-85.8082708716483,-0.3590218,2.7588284,4.1685348,-29.94031,-24.999998,-6.087341,26.519678,-51.261227,45.274883,10.929435,11.047879,13.411968,-4.8497276,-25.862204,36.537117,52.57371,-18.525717,-3.2754338,-10.62184,2.0661132,9.806544,17.47657,6.410721,-7.156384,-8.289757,-0.450094,-3.6812403,-21.890856,5.636985,-6.730055,6.173195
942,3.385268449783325,-0.06808735430240631,107.11409759521484,-1.3314821750945618,1.1927804968903506,-85.79792273137659,-0.35368562,2.7500494,4.160461,-29.950357,-24.999998,-6.091561,26.517382,-51.26433,45.288155,10.930535,11.053384,13.423639,-4.852187,-25.860104,36.54404,52.575993,-18.55258,-3.2686317,-10.622069,2.0568018,9.797583,17.460209,6.4057093,-7.152538,-8.287759,-0.4563953,-3.6905735,-21.89866,5.6381664,-6.730904,6.1751056
943,3.3801424503326416,-0.06750833243131638,107.11349487304688,-1.3232101124557076,1.2013578522571562,-85.78771290477214,-0.34964818,2.740698,4.1486917,-29.96215,-24.999998,-6.095738,26.513966,-51.27018,45.308044,10.915802,11.055966,13.44385,-4.8608847,-25.856913,36.55892,52.587883,-18.572384,-3.261376,-10.624881,2.0543,9.787371,17.446518,6.381868,-7.137362,-8.287605,-0.4652182,-3.6973617,-21.905823,5.638193,-6.7310524,6.17362
944,3.3761494159698486,-0.06892599910497665,107.11381530761719,-1.319145931904237,1.2088656212789453,-85.77669622092067,-0.3468695,2.7366207,4.1402864,-29.973822,-24.999998,-6.098127,26.511467,-51.2719,45.323437,10.880974,11.056015,13.472312,-4.867274,-25.85436,36.567528,52.596203,-18.582926,-3.254426,-10.6270485,2.0553505,9.781699,17.4346,6.3558846,-7.122074,-8.288501,-0.47093016,-3.6993008,-21.915146,5.6378584,-6.7326145,6.1722517
945,3.3740720748901367,-0.07010294497013092,107.11338806152344,-1.3208741303933935,1.2150349012631014,-85.76435527699941,-0.34637612,2.7388725,4.13459,-29.989178,-24.999998,-6.1015835,26.509756,-51.26984,45.338234,10.805667,11.051574,13.516304,-4.8734407,-25.852463,36.570915,52.606598,-18.57825,-3.2473679,-10.627688,2.0370483,9.7886505,17.414534,6.3693237,-7.126298,-8.29041,-0.47492623,-3.695329,-21.927116,5.637228,-6.7338533,6.1709466
946,3.3737127780914307,-0.0726655125617981,107.11412048339844,-1.3260958739277315,1.2207275600845218,-85.7514551806848,-0.34591955,2.7452898,4.129838,-30.00631,-24.999998,-6.1038117,26.508163,-51.264687,45.35089,10.702292,11.044458,13.572139,-4.87919,-25.850534,36.570225,52.61861,-18.562477,-3.240162,-10.62724,2.0223877,9.7983465,17.395933,6.3790555,-7.1298394,-8.292534,-0.476796,-3.6877573,-21.940884,5.636965,-6.736699,6.1701913
947,3.3769984245300293,-0.07431425899267197,107.11389923095703,-1.3324474016320043,1.2274758952772924,-85.73768498584543,-0.35188922,2.7534971,4.126492,-30.029379,-24.999998,-6.100512,26.505259,-51.25437,45.37021,10.601459,11.028776,13.633307,-4.892384,-25.846611,36.564304,52.634575,-18.55253,-3.2355146,-10.624201,1.9872961,9.81274,17.36882,6.423916,-7.1508327,-8.292865,-0.48083642,-3.6816561,-21.95491,5.6374393,-6.738343,6.1713843
948,3.3777217864990234,-0.07749214768409729,107.113525390625,-1.3368872655066675,1.234848242720732,-85.72571499218674,-0.3492702,2.756475,4.119787,-30.03642,-24.999998,-6.1006207,26.504078,-51.247284,45.380756,10.549146,11.026207,13.6653385,-4.8937798,-25.844954,36.559322,52.64062,-18.539143,-3.2296114,-10.634711,1.9616891,9.823611,17.348497,6.4517374,-7.1636796,-8.294361,-0.4847065,-3.6759605,-21.966515,5.636927,-6.7405787,6.171311
949,3.376980781555176,-0.07866459339857101,107.11331176757812,-1.3405505851021913,1.2457403027141123,-85.71304244309654,-0.35317644,2.7567835,4.1133037,-30.037647,-24.999998,-6.089364,26.498657,-51.22159,45.396854,10.586005,11.019087,13.663436,-4.8958044,-25.837929,36.53668,52.64168,-18.553444,-3.2274103,-10.649478,1.9315253,9.8338375,17.32773,6.4763646,-7.172599,-8.295717,-0.49433476,-3.6701717,-21.976114,5.6364875,-6.7416625,6.1693287
950,3.377122163772583,-0.08239197731018066,107.11331176757812,-1.34361791581286,1.2573952750879074,-85.70138769901037,-0.35406902,2.7546532,4.105034,-30.028177,-24.999998,-6.082132,26.49481,-51.21115,45.409172,10.659742,11.021091,13.639617,-4.896564,-25.833458,36.52596,52.637253,-18.55408,-3.2236094,-10.677291,1.9083318,9.840955,17.312408,6.4898934,-7.177635,-8.296761,-0.5038163,-3.6658132,-21.984083,5.636676,-6.7441187,6.168238
951,3.3766441345214844,-0.08633747696876526,107.11290740966797,-1.3455382663979503,1.2697808276091491,-85.69035837019617,-0.35083544,2.7501044,4.094345,-30.016449,-24.999998,-6.0704575,26.489172,-51.1817,45.422306,10.748177,11.021133,13.612991,-4.888897,-25.827677,36.499958,52.630135,-18.569342,-3.2218528,-10.705149,1.8844222,9.846987,17.297348,6.5035067,-7.1827044,-8.297849,-0.51387537,-3.6623993,-21.991331,5.6359587,-6.745984,6.167054
952,3.3767786026000977,-0.08989439159631729,107.11221313476562,-1.3460830815413753,1.2810648214882354,-85.68051500642802,-0.34429663,2.745118,4.0846214,-30.009834,-24.999998,-6.051843,26.47943,-51.120857,45.434246,10.793344,11.016345,13.617869,-4.873958,-25.817945,36.453503,52.61947,-18.598593,-3.2197616,-10.723709,1.8628827,9.850503,17.282644,6.515477,-7.1874127,-8.298154,-0.52255845,-3.6610696,-21.998594,5.635268,-6.747762,6.1668887
953,3.3757965564727783,-0.09318988770246506,107.11213684082031,-1.344503653427701,1.2909127822482402,-85.67184091944067,-0.33001998,2.7384434,4.0717773,-30.011122,-24.999998,-6.037343,26.475004,-51.077637,45.44051,10.728586,11.01291,13.686302,-4.85881,-25.813137,36.4264,52.61171,-18.60634,-3.2137423,-10.743983,1.8552641,9.848294,17.272371,6.5046263,-7.1810718,-8.298332,-0.5304511,-3.6619706,-22.006102,5.635099,-6.7493057,6.1669545
954,3.373774528503418,-0.09737490117549896,107.11226654052734,-1.341109085840329,1.3001548572261448,-85.66415040573332,-0.31435648,2.730174,4.0610223,-30.01275,-24.999998,-6.009072,26.470259,-50.996788,45.4346,10.636042,11.00857,13.780677,-4.8378286,-25.80647,36.38204,52.59792,-18.630266,-3.2065063,-10.756712,1.8572978,9.8419485,17.265577,6.4785786,-7.167945,-8.298684,-0.537273,-3.6645253,-22.013657,5.6348314,-6.7511935,6.167262
955,3.3721401691436768,-0.10246090590953827,107.11229705810547,-1.337587154691264,1.3091205119863816,-85.65727631598975,-0.297567,2.7220788,4.048351,-30.01488,-24.999998,-5.9777136,26.468315,-50.900757,45.430447,10.525045,10.9984665,13.884707,-4.813361,-25.80086,36.334732,52.58158,-18.651617,-3.2002575,-10.766235,1.8601319,9.835318,17.259352,6.453356,-7.1560235,-8.29898,-0.54274786,-3.667285,-22.020962,5.633911,-6.7533274,6.168141
956,3.369722843170166,-0.10708804428577423,107.11294555664062,-1.3364897799921025,1.318043415594904,-85.65065500331659,-0.28562695,2.7158353,4.036293,-30.015285,-24.999998,-5.928033,26.470465,-50.75166,45.426388,10.455188,10.975996,13.968193,-4.7850103,-25.79543,36.263668,52.559013,-18.68626,-3.2000885,-10.762808,1.8634168,9.832071,17.254055,6.4273376,-7.1432524,-8.300248,-0.5487066,-3.6663637,-22.027246,5.6326537,-6.755123,6.1676607
957,3.370965003967285,-0.11029401421546936,107.11284637451172,-1.3392811190079912,1.3269222567270442,-85.64416808476523,-0.26503283,2.7126973,4.016876,-30.030205,-24.999998,-5.9050636,26.474224,-50.647053,45.454544,10.3559885,10.931674,14.048578,-4.7567177,-25.794195,36.21069,52.546413,-18.679907,-3.211132,-10.765724,1.8440453,9.838117,17.239595,6.442677,-7.150464,-8.300487,-0.5556895,-3.6631742,-22.032333,5.63197,-6.75588,6.1683445
958,3.3711676597595215,-0.11430218815803528,107.11227416992188,-1.3446419367641311,1.335622163347777,-85.63796935075818,-0.25166062,2.711948,4.0062604,-30.040426,-24.999998,-5.841832,26.485275,-50.445503,45.45216,10.322484,10.876282,14.1027,-4.7085805,-25.795568,36.10636,52.500835,-18.70816,-3.2257373,-10.749327,1.8199924,9.849827,17.22331,6.468932,-7.1633353,-8.302299,-0.5625541,-3.656133,-22.03674,5.6321716,-6.757917,6.167901
959,3.3698983192443848,-0.11688975244760513,107.11258697509766,-1.3497608785492106,1.3443109392548442,-85.63254722188752,-0.24375188,2.7111816,3.9968634,-30.044909,-24.999998,-5.758497,26.508625,-50.18885,45.440582,10.3197565,10.822265,14.144265,-4.6564813,-25.803396,35.976177,52.440773,-18.75896,-3.2372103,-10.714961,1.8030635,9.859695,17.211432,6.4797573,-7.167285,-8.304527,-0.5706696,-3.6483705,-22.039673,5.6326523,-6.7595906,6.166059
960,3.3698678016662598,-0.1198786050081253,107.11225128173828,-1.3526469000298493,1.3530544971525476,-85.62865231058352,-0.23595469,2.7089381,3.9806921,-30.045181,-24.999998,-5.6764207,26.544643,-49.91969,45.44498,10.317788,10.7816725,14.186553,-4.5993495,-25.81895,35.828815,52.374973,-18.83263,-3.237367,-10.667078,1.7852339,9.866225,17.201988,6.493994,-7.174034,-8.305681,-0.57844156,-3.644236,-22.041014,5.6322837,-6.760551,6.165464
961,3.3706908226013184,-0.1266985386610031,107.11241149902344,-1.3515984056105415,1.3621291234419586,-85.62662117177584,-0.22289136,2.702386,3.956228,-30.044685,-24.999998,-5.596947,26.590858,-49.638542,45.469383,10.2983265,10.7245655,14.216434,-4.5295477,-25.84065,35.655373,52.293068,-18.959324,-3.2193494,-10.598643,1.787124,9.862073,17.205227,6.475841,-7.167519,-8.306022,-0.584425,-3.6455672,-22.040594,5.6317105,-6.763069,6.1667113
962,3.3697311878204346,-0.13172666728496552,107.11183166503906,-1.348278691838328,1.371569292663509,-85.62628401539135,-0.20534867,2.693149,3.9257505,-30.044453,-24.999998,-5.518649,26.645744,-49.338535,45.508972,10.273788,10.654684,14.233266,-4.4507136,-25.867601,35.453667,52.19837,-19.12686,-3.1902668,-10.509636,1.7873956,9.856031,17.211258,6.4585934,-7.1604633,-8.306585,-0.5920826,-3.648465,-22.037552,5.6307826,-6.764735,6.1666203
963,3.367581844329834,-0.13719035685062408,107.1122055053711,-1.3451364541528876,1.380361714193852,-85.62620687551254,-0.19181009,2.6860323,3.8957958,-30.039652,-24.999998,-5.42839,26.71598,-49.00031,45.54523,10.29929,10.638624,14.261582,-4.3581414,-25.905226,35.209026,52.09058,-19.303755,-3.158811,-10.40912,1.8003528,9.8475485,17.22256,6.4191394,-7.142346,-8.307913,-0.5997105,-3.6506376,-22.03434,5.630964,-6.7671237,6.1658077
964,3.3655200004577637,-0.14375844597816467,107.11221313476562,-1.3440075881414772,1.388274422931737,-85.62551437940142,-0.18409319,2.6847095,3.8621285,-30.031689,-24.999998,-5.34433,26.794027,-48.65519,45.60315,10.395162,10.735749,14.336198,-4.2657623,-25.953993,34.934917,52.003544,-19.43277,-3.1384172,-10.313196,1.8086889,9.843602,17.228964,6.3921337,-7.131275,-8.310141,-0.6055109,-3.6503885,-22.033043,5.6323886,-6.7714353,6.1652007
965,3.367142677307129,-0.14865702390670776,107.1114273071289,-1.3456932556504957,1.3948411940543655,-85.6239259120547,-0.18280709,2.6920836,3.8270755,-30.02248,-24.999998,-5.263472,26.876116,-48.30517,45.67564,10.579477,10.979267,14.473449,-4.166975,-26.017231,34.63027,51.92405,-19.493656,-3.1337411,-10.220852,1.7971249,9.847153,17.222628,6.4043903,-7.1399155,-8.311019,-0.6094612,-3.6489968,-22.034374,5.6317534,-6.7729015,6.1667466
966,3.3682658672332764,-0.15339313447475433,107.1111831665039,-1.349802259342077,1.4003654434319999,-85.62184688249954,-0.18436787,2.7067006,3.7903466,-30.013355,-24.999998,-5.191425,26.960665,-47.94707,45.76966,10.829754,11.328701,14.650808,-4.058768,-26.09661,34.292786,51.84281,-19.512766,-3.136832,-10.125532,1.7873994,9.853965,17.21442,6.414801,-7.1472673,-8.312905,-0.6127548,-3.644418,-22.037165,5.632393,-6.7752385,6.1676908
967,3.365777015686035,-0.15951775014400482,107.111572265625,-1.3542419432129555,1.4052314623898527,-85.61960969350908,-0.18591063,2.7254806,3.7489092,-30.003332,-24.999998,-5.127705,27.04905,-47.57464,45.89825,11.131756,11.739735,14.848484,-3.9394164,-26.191845,33.909172,51.773544,-19.522745,-3.1380022,-10.032374,1.7889755,9.860683,17.21006,6.407106,-7.145754,-8.317232,-0.61341983,-3.6363657,-22.040934,5.6308494,-6.778237,6.1664257
968,3.365607976913452,-0.1684313863515854,107.11055755615234,-1.3566861281486176,1.40992815839092,-85.61752657260888,-0.18568651,2.7454088,3.7007926,-29.99056,-24.999998,-5.0859294,27.14573,-47.181225,46.080025,11.468095,12.166088,15.035858,-3.809624,-26.301193,33.465355,51.73102,-19.558441,-3.1282372,-9.945635,1.7822181,9.866681,17.203016,6.4195585,-7.1563387,-8.320521,-0.61254644,-3.632753,-22.044462,5.631032,-6.7835007,6.167665
969,3.365487575531006,-0.17524312436580658,107.10991668701172,-1.3574065100983541,1.4135091564240134,-85.61587901665176,-0.18347512,2.7660658,3.6475832,-29.973614,-24.999998,-5.0574136,27.251348,-46.76414,46.307297,11.872228,12.642889,15.209358,-3.670195,-26.420826,32.94946,51.722366,-19.632652,-3.1081536,-9.865996,1.7801632,9.868861,17.198881,6.4232635,-7.1613126,-8.322918,-0.61245793,-3.6316216,-22.046228,5.6324964,-6.788458,6.168541
970,3.3660969734191895,-0.18282034993171692,107.10926055908203,-1.3570139537758896,1.4162395612946106,-85.61446979584797,-0.18064055,2.7875025,3.58971,-29.953226,-24.999998,-5.0452933,27.366255,-46.326942,46.57662,12.339779,13.179202,15.376738,-3.5166068,-26.550022,32.366375,51.73769,-19.731861,-3.0824153,-9.79248,1.7821814,9.868432,17.196653,6.4225454,-7.1647034,-8.32486,-0.6102122,-3.6321356,-22.047895,5.6331043,-6.793664,6.1701465
971,3.3691749572753906,-0.18906663358211517,107.10820007324219,-1.3561554342898612,1.4194896002152246,-85.61250492388601,-0.17363356,2.8093367,3.5250793,-29.934874,-24.999998,-5.0481224,27.496178,-45.874176,46.88932,12.801805,13.695673,15.549622,-3.3537958,-26.691816,31.728943,51.775455,-19.84147,-3.0502408,-9.718799,1.7750825,9.868038,17.190771,6.43634,-7.1750903,-8.324797,-0.60902804,-3.6349778,-22.049702,5.6328316,-6.7968345,6.173239
972,3.3662326335906982,-0.19852671027183533,107.10722351074219,-1.3552426912308788,1.424663225784769,-85.60919293814216,-0.16110247,2.8313503,3.4522629,-29.921516,-24.999998,-5.067357,27.651554,-45.408497,47.244095,13.186409,14.112539,15.737631,-3.1792207,-26.851751,31.051985,51.824883,-19.946768,-3.0083954,-9.642571,1.7807897,9.867569,17.190487,6.423996,-7.1726537,-8.328223,-0.6070823,-3.6330667,-22.053417,5.631153,-6.802629,6.1729574
973,3.3613131046295166,-0.20658163726329803,107.10660552978516,-1.3546093258528125,1.4331279630626432,-85.60417187112321,-0.14512654,2.8533545,3.3716798,-29.912443,-24.999998,-5.0984926,27.84162,-44.92959,47.632584,13.487703,14.405681,15.939622,-2.9882536,-27.033712,30.335,51.87577,-20.026583,-2.951782,-9.561015,1.7833833,9.868026,17.189884,6.4061227,-7.165495,-8.331538,-0.61140585,-3.629994,-22.057371,5.6318088,-6.808389,6.1709943
974,3.3614087104797363,-0.22241175174713135,107.10637664794922,-1.3535347910292697,1.4439517314799946,-85.59798766129344,-0.1266112,2.8750691,3.2860098,-29.905052,-24.999998,-5.1291933,28.070358,-44.433544,48.036987,13.736371,14.623014,16.15708,-2.777184,-27.238043,29.572763,51.92477,-20.090551,-2.881009,-9.47659,1.794149,9.863234,17.193563,6.376707,-7.157899,-8.33259,-0.6125187,-3.6305258,-22.063807,5.632602,-6.817934,6.174036
975,3.36083722114563,-0.2339637577533722,107.10610961914062,-1.3532761234803927,1.4541593011511063,-85.590868798617,-0.10550599,2.8974507,3.1989777,-29.898499,-24.999998,-5.161969,28.341156,-43.917492,48.44784,13.914745,14.792533,16.395163,-2.5591252,-27.46739,28.777525,51.983135,-20.169544,-2.8038576,-9.390324,1.7953438,9.861999,17.192081,6.3608904,-7.1543617,-8.3334875,-0.61509764,-3.6295056,-22.070791,5.6321745,-6.824536,6.175664
976,3.3598103523254395,-0.24590343236923218,107.10469818115234,-1.3541180147654674,1.4612739905434198,-85.58314278432776,-0.08310888,2.9204428,3.1123466,-29.890112,-24.999998,-5.1942873,28.65686,-43.376602,48.855083,14.005502,14.942166,16.66219,-2.3433712,-27.726442,27.96611,52.059772,-20.293129,-2.7271771,-9.306899,1.7908883,9.8654995,17.185379,6.364495,-7.161243,-8.335963,-0.61324716,-3.6267684,-22.07972,5.631711,-6.832249,6.177149
977,3.358624219894409,-0.2594950497150421,107.10453033447266,-1.3577393339665191,1.463654015245919,-85.5747549724957,-0.06279638,2.949167,3.0299437,-29.874556,-24.999998,-5.2164207,29.019976,-42.80638,49.252163,13.97093,15.05755,16.98506,-2.133381,-28.017803,27.144487,52.156765,-20.460033,-2.6623094,-9.23137,1.8029441,9.869986,17.181543,6.34981,-7.1599936,-8.340567,-0.6045261,-3.6203923,-22.091501,5.631714,-6.8422785,6.178549
978,3.356926202774048,-0.2655152678489685,107.10314178466797,-1.3633538447323972,1.4629464301769348,-85.56562665933924,-0.045213297,2.9814458,2.9498675,-29.85243,-24.999998,-5.2161226,29.432468,-42.203114,49.631847,13.832731,15.132423,17.356575,-1.9231893,-28.342531,26.308413,52.26734,-20.653244,-2.6016946,-9.160292,1.7893373,9.884424,17.164074,6.3819275,-7.1779804,-8.345449,-0.59616023,-3.6111789,-22.103954,5.629992,-6.847575,6.1779246
979,3.3570635318756104,-0.2774685025215149,107.10199737548828,-1.368530899020935,1.4613469451952963,-85.55586846987605,-0.027757924,3.0113897,2.8696086,-29.830088,-24.999998,-5.206547,29.895336,-41.564518,49.994164,13.660849,15.203208,17.720839,-1.7088912,-28.70018,25.459948,52.38069,-20.874407,-2.5213854,-9.083843,1.7895764,9.894842,17.15126,6.3971524,-7.1913476,-8.35052,-0.58310187,-3.6038556,-22.118372,5.630303,-6.8576117,6.1799316
980,3.3591012954711914,-0.29146140813827515,107.1014175415039,-1.3716701585469593,1.4606394373027893,-85.54566507598257,-0.008972062,3.0317452,2.7847407,-29.812609,-24.999998,-5.207899,30.408571,-40.89238,50.347256,13.5231905,15.3069315,18.020355,-1.4991505,-29.090378,24.606655,52.500877,-21.124565,-2.4004495,-8.990175,1.7987895,9.89891,17.142698,6.3958316,-7.198241,-8.354013,-0.5692628,-3.6001694,-22.13305,5.6296983,-6.8677197,6.1838937
981,3.3551785945892334,-0.30627331137657166,107.10003662109375,-1.370991970786912,1.4616452293417084,-85.5345500172254,0.020451251,3.0341527,2.6771932,-29.816277,-24.841076,-5.1465683,30.971987,-40.16898,50.649014,13.451003,15.464429,18.272123,-1.2685027,-29.508823,23.74109,52.61896,-21.420706,-2.2114742,-8.875063,1.8135035,9.899981,17.136791,6.379329,-7.19634,-8.360137,-0.55765116,-3.5972836,-22.147217,5.6309566,-6.880639,6.1846633
982,3.349484920501709,-0.3220793902873993,107.09911346435547,-1.3676298524343835,1.4634740738954117,-85.5224922983656,0.035324622,3.0288355,2.5696964,-29.808228,-24.648312,-5.2155414,31.58589,-39.42042,51.025066,13.3886595,15.634104,18.392214,-1.060817,-29.956238,22.8838,52.75181,-21.762104,-1.9738635,-8.74077,1.8418581,9.89459,17.136194,6.335719,-7.181236,-8.366521,-0.5452571,-3.5960407,-22.162088,5.629961,-6.893181,6.184897
983,3.3421630859375,-0.3370247483253479,107.09813690185547,-1.3644432122014014,1.4650160195874944,-85.51083988169314,0.052626316,3.0181122,2.4567306,-29.804625,-24.438913,-5.2428374,32.249004,-38.642456,51.36539,13.3265295,15.82322,18.507048,-0.8500493,-30.436384,22.020988,52.898922,-22.103455,-1.737134,-8.597661,1.8705153,9.890292,17.136467,6.2908893,-7.1646237,-8.373692,-0.5347346,-3.594082,-22.17592,5.6315584,-6.9066615,6.183852
984,3.34127140045166,-0.352755069732666,107.0963363647461,-1.3630925584194804,1.465463484452086,-85.5008361944467,0.0733289,3.008956,2.3417525,-29.805372,-24.220205,-5.1911545,32.962933,-37.835007,51.64207,13.2485695,16.022783,18.6529,-0.63933057,-30.955873,21.152994,53.065914,-22.40265,-1.5488372,-8.447688,1.8859257,9.88878,17.133032,6.276976,-7.16598,-8.377655,-0.52127486,-3.5939584,-22.189508,5.6311326,-6.918293,6.1870046
985,3.3442444801330566,-0.36675235629081726,107.09588623046875,-1.3643737452266387,1.4658881368912111,-85.49330119973865,0.083391696,3.0060797,2.230502,-29.795694,-23.996756,-5.155457,33.727715,-37.016754,51.923855,13.154287,16.225481,18.78871,-0.4339795,-31.520529,20.285421,53.250095,-22.637693,-1.4296038,-8.301669,1.9012345,9.887614,17.132454,6.2628865,-7.1674933,-8.378964,-0.50956637,-3.5934346,-22.20085,5.6308575,-6.927694,6.1918197
986,3.3458802700042725,-0.38039225339889526,107.09539794921875,-1.3669425671192206,1.4660928283921995,-85.48741801592604,0.09158709,3.0060763,2.1197755,-29.784859,-23.766169,-5.1062984,34.5426,-36.181896,52.189934,13.047833,16.437864,18.920113,-0.21654272,-32.132214,19.408245,53.437263,-22.83057,-1.3490683,-8.155451,1.9149121,9.889388,17.133232,6.252804,-7.170766,-8.381027,-0.49854833,-3.5904787,-22.210785,5.6315494,-6.9377384,6.19538
987,3.342421054840088,-0.3954490125179291,107.09532165527344,-1.370011445178603,1.464420068461307,-85.48209487585083,0.10172564,3.006019,2.0134275,-29.777252,-23.532053,-5.053226,35.40612,-35.32838,52.435028,12.905419,16.653723,19.022438,0.020179188,-32.791225,18.526106,53.60756,-23.010565,-1.2746234,-7.989681,1.942981,9.891795,17.140585,6.2216454,-7.163509,-8.386575,-0.48408803,-3.5829937,-22.221165,5.631431,-6.9498158,6.1957917
988,3.3405158519744873,-0.40729987621307373,107.09416961669922,-1.3729253432556183,1.4590474661910706,-85.47609399843935,0.11301614,3.0044646,1.914139,-29.77237,-23.299295,-4.997798,36.316334,-34.44897,52.65333,12.702774,16.86574,19.074005,0.33456847,-33.49607,17.6316,53.69898,-23.210426,-1.1678373,-7.801639,1.9579678,9.897579,17.141357,6.220846,-7.170695,-8.391369,-0.46696097,-3.5770729,-22.232416,5.630813,-6.959768,6.197039
989,3.336164712905884,-0.4146372079849243,107.09292602539062,-1.3762591312709833,1.4473918037546154,-85.46917011882316,0.15122753,2.9968624,1.8233951,-29.799025,-23.063917,-4.967154,37.27046,-33.550545,52.85339,12.427906,17.083488,19.07242,0.49556047,-34.24776,16.791248,53.91577,-23.428997,-1.0447791,-7.509194,1.9761544,9.905844,17.141783,6.2229834,-7.1769567,-8.397751,-0.44521704,-3.569178,-22.245104,5.6307845,-6.969134,6.1960664
990,3.3405802249908447,-0.42748212814331055,107.0921630859375,-1.3798148016714527,1.431159472299918,-85.46201637939612,0.1825881,2.9884427,1.7350522,-29.822449,-22.82244,-4.9194098,38.26773,-32.601162,53.036503,12.093902,17.303188,19.033186,0.73280424,-35.04394,15.96194,54.069183,-23.657986,-0.8961115,-7.2059765,2.0047467,9.908768,17.145926,6.2250814,-7.189428,-8.400663,-0.4130145,-3.566786,-22.260836,5.63051,-6.9809837,6.2024136
991,3.348639488220215,-0.4413486421108246,107.09095001220703,-1.3828501005472633,1.4148345557712763,-85.45470429303937,0.20402512,2.9798005,1.6509564,-29.833893,-22.584278,-4.8399596,39.309963,-31.628036,53.182854,11.728675,17.5109,18.948957,1.0211294,-35.885296,15.126271,54.170666,-23.87663,-0.7404355,-6.894267,2.0266492,9.91104,17.147076,6.2414575,-7.210356,-8.401753,-0.37993857,-3.567706,-22.276854,5.630757,-6.992965,6.2116475
992,3.3422703742980957,-0.46484750509262085,107.08921813964844,-1.3848697443965592,1.403111862688029,-85.44707975376231,0.21211869,2.971177,1.5695585,-29.824259,-22.35483,-4.7289743,40.399513,-30.676748,53.287403,11.348864,17.691097,18.812347,1.3170702,-36.771908,14.287675,54.251617,-24.056147,-0.5979161,-6.5797925,2.079178,9.912674,17.161459,6.1988435,-7.2031794,-8.412632,-0.34693545,-3.5592787,-22.293211,5.6318626,-7.0139537,6.213067
993,3.3413455486297607,-0.482173353433609,107.08707427978516,-1.3843396009189994,1.398374804931163,-85.43950632929013,0.21089727,2.9627059,1.4870329,-29.794619,-22.136646,-4.596097,41.539265,-29.775705,53.35282,10.927966,17.837517,18.62577,1.5975777,-37.70419,13.450346,54.332855,-24.189125,-0.47012115,-6.2603636,2.103374,9.911865,17.164873,6.1855707,-7.2075663,-8.417944,-0.32597667,-3.5580406,-22.305927,5.630257,-7.0263643,6.217229
994,3.3455088138580322,-0.4988071620464325,107.085693359375,-1.3826485548698848,1.3976139379752348,-85.43148648486478,0.20467152,2.9540203,1.4034474,-29.753143,-21.923124,-4.4468975,42.72914,-28.91276,53.387917,10.454961,17.959417,18.39362,1.913791,-38.681675,12.597141,54.38147,-24.288568,-0.34741965,-5.9381347,2.1223755,9.9062,17.166285,6.171388,-7.211567,-8.419499,-0.31033987,-3.5618603,-22.317387,5.6299195,-7.037541,6.224657
995,3.345146656036377,-0.5224459767341614,107.08448028564453,-1.3805774567883446,1.3979776363909957,-85.42352384896982,0.19780658,2.941966,1.3231328,-29.707575,-21.712158,-4.286734,43.96541,-28.078907,53.39903,9.9749,18.065268,18.10969,2.2485251,-39.702503,11.729697,54.419796,-24.356009,-0.23896834,-5.6073856,2.161864,9.898092,17.176361,6.123661,-7.2014847,-8.424777,-0.29176262,-3.5627253,-22.329964,5.630153,-7.054168,6.230473
996,3.3431081771850586,-0.5394063591957092,107.08314514160156,-1.3801746209001222,1.3963142305247276,-85.41526716772975,0.18929984,2.9258332,1.2492559,-29.660833,-21.502163,-4.113538,45.241554,-27.258972,53.39568,9.53245,18.160624,17.76959,2.6045146,-40.76181,10.852318,54.454666,-24.388922,-0.15250205,-5.2712097,2.1885223,9.896047,17.180223,6.0965695,-7.197763,-8.42999,-0.27527308,-3.5606072,-22.342485,5.6298656,-7.067029,6.2334213
997,3.346832036972046,-0.5551215410232544,107.08238983154297,-1.3825794289413762,1.390805441229476,-85.40770449371253,0.1796991,2.9022954,1.1800112,-29.613752,-21.283197,-3.9351697,46.553974,-26.445215,53.38506,9.156313,18.245352,17.350718,2.9674954,-41.85919,9.978064,54.505768,-24.397985,-0.09425346,-4.9119864,2.2119875,9.89579,17.182652,6.0849223,-7.203391,-8.431897,-0.2547407,-3.5591016,-22.356379,5.6297264,-7.0786986,6.239329
998,3.3470935821533203,-0.5677033066749573,107.08242797851562,-1.3867432252262781,1.3834062979264223,-85.40031875465193,0.16527554,2.873824,1.1130058,-29.561043,-21.060205,-3.7441797,47.90233,-25.636131,53.36691,8.821982,18.314728,16.86296,3.3372262,-42.99466,9.10848,54.570328,-24.378273,-0.058911264,-4.537085,2.2391129,9.898745,17.186417,6.065969,-7.202719,-8.435358,-0.23440595,-3.5530872,-22.370447,5.6297774,-7.0896816,6.241772
999,3.3499341011047363,-0.5823866724967957,107.08184051513672,-1.3902339530164,1.3769204701596436,-85.39201728751607,0.14073941,2.8437176,1.0489955,-29.498154,-20.841305,-3.5238807,49.28519,-24.831131,53.34453,8.496291,18.368267,16.348454,3.7192132,-44.16528,8.229963,54.639847,-24.311459,-0.0385362,-4.182901,2.2592769,9.901438,17.186094,6.06097,-7.210772,-8.437559,-0.21309517,-3.5495212,-22.38586,5.6293974,-7.1011305,6.246553
1000,3.3583924770355225,-0.6003431081771851,107.08056640625,-1.3907780158581249,1.3743464207590776,-85.38170129674401,0.10352448,2.8161635,0.9890207,-29.423206,-20.63935,-3.257165,50.70027,-24.029886,53.32006,8.145949,18.405272,15.850081,4.1232615,-45.36478,7.3217745,54.70369,-24.181501,-0.025465623,-3.8851745,2.2703578,9.898896,17.179785,6.066789,-7.226298,-8.436407,-0.19430187,-3.553784,-22.402292,5.6307163,-7.1136904,6.256537
1001,3.3635497093200684,-0.6149740219116211,107.07998657226562,-1.3863849988984427,1.3765821018736366,-85.36935376009343,0.052136652,2.7921252,0.93388027,-29.333994,-20.45964,-2.9416027,52.14687,-23.24014,53.294365,7.7580085,18.433577,15.388705,4.55299,-46.59093,6.366744,54.76306,-23.981192,-0.018522268,-3.6685593,2.2851956,9.888465,17.172276,6.0476227,-7.225516,-8.435108,-0.18202846,-3.5615053,-22.418144,5.6283493,-7.121679,6.264838
1002,3.3635668754577637,-0.6343907713890076,107.07874298095703,-1.3786545299043649,1.3820481908577809,-85.35533710962402,-0.0074325134,2.769013,0.88257205,-29.236296,-20.29551,-2.590944,53.625168,-22.463379,53.27078,7.3507566,18.450266,14.93847,5.0172844,-47.843605,5.3591757,54.818905,-23.725084,-0.02161934,-3.508464,2.309485,9.87425,17.166498,6.006586,-7.214281,-8.436995,-0.17125864,-3.5699506,-22.43485,5.628424,-7.134702,6.271535
1003,3.3595070838928223,-0.658087432384491,107.07807922363281,-1.3705620281985493,1.389923486712017,-85.33976220353844,-0.06828246,2.7452786,0.83315676,-29.139269,-20.13777,-2.2121308,55.133274,-21.686777,53.25792,6.938542,18.43859,14.471257,5.5291343,-49.11798,4.2983694,54.865345,-23.43173,-0.03453402,-3.3665524,2.3505197,9.857284,17.166952,5.9321203,-7.187281,-8.441706,-0.16009587,-3.5755067,-22.453447,5.6277432,-7.1506352,6.2762656
1004,3.3601701259613037,-0.6741788983345032,107.07614135742188,-1.364373223767517,1.3996381675784346,-85.32262462587657,-0.12478611,2.7173922,0.7828763,-29.050129,-19.977201,-1.8063747,56.668747,-20.89012,53.26344,6.5396247,18.382193,13.958306,6.0939074,-50.40779,3.188461,54.903683,-23.122372,-0.057563692,-3.2052982,2.3497179,9.849615,17.150309,5.922694,-7.188993,-8.442527,-0.15548348,-3.5822215,-22.472315,5.625934,-7.1600566,6.281997
1005,3.3635740280151367,-0.6987988948822021,107.07527160644531,-1.361737651149689,1.4131080660579205,-85.30235048614493,-0.18194836,2.683936,0.72838616,-28.966383,-19.809998,-1.3621118,58.234116,-20.062256,53.28678,6.181441,18.275988,13.375068,6.70588,-51.711266,2.0296195,54.941128,-22.808062,-0.089148015,-3.0276537,2.3620799,9.841235,17.13975,5.8877897,-7.18214,-8.443517,-0.14970641,-3.586086,-22.495895,5.62585,-7.175098,6.28995
1006,3.367743730545044,-0.7193421721458435,107.07466888427734,-1.3609909641464322,1.4299050384655072,-85.27919637173596,-0.24368377,2.6459365,0.67160517,-28.882622,-19.639286,-0.8647474,59.830746,-19.196285,53.322254,5.8475103,18.129467,12.741868,7.361275,-53.02739,0.8208248,54.98424,-22.476965,-0.1309937,-2.8505673,2.3579366,9.837291,17.121954,5.86917,-7.1802,-8.443219,-0.14973319,-3.5878713,-22.521261,5.6254635,-7.1876297,6.296717
1007,3.3664698600769043,-0.7347361445426941,107.07466888427734,-1.3600317958310133,1.4462035185461066,-85.2569036835286,-0.3036438,2.6026363,0.6140754,-28.801252,-19.46793,-0.3091156,61.45224,-18.276588,53.37474,5.4921284,17.947872,12.097517,8.067992,-54.351334,-0.43368664,55.0351,-22.1179,-0.187621,-2.658583,2.3569355,9.834554,17.106215,5.839215,-7.1685433,-8.444894,-0.15362155,-3.5865726,-22.544647,5.62464,-7.197239,6.2988696
1008,3.3717100620269775,-0.7507659792900085,107.07490539550781,-1.3568153197291202,1.4580466795968612,-85.23858852591333,-0.3562453,2.5533204,0.556498,-28.72376,-19.299429,0.30661595,63.08763,-17.2872,53.457,5.0749497,17.734407,11.480287,8.831721,-55.677383,-1.7274945,55.098713,-21.721672,-0.26352063,-2.4372866,2.360594,9.825497,17.093588,5.8155007,-7.1632433,-8.442752,-0.151645,-3.5927014,-22.565369,5.623639,-7.206021,6.3064322
1009,3.3689498901367188,-0.7774235010147095,107.07327270507812,-1.3506496962009664,1.464426688677534,-85.22570571538402,-0.40157974,2.498585,0.496039,-28.651108,-19.131577,0.98401964,64.731415,-16.222042,53.591473,4.586013,17.476547,10.889119,9.650432,-57.00496,-3.0589135,55.17867,-21.269846,-0.36005196,-2.1670518,2.3967795,9.8131485,17.095816,5.7603455,-7.1483126,-8.447449,-0.13685513,-3.5965378,-22.584087,5.623008,-7.223822,6.3120236
1010,3.369807004928589,-0.8019956946372986,107.07186126708984,-1.342285289998289,1.467598327020921,-85.2161381844331,-0.44268617,2.4385002,0.4295976,-28.58177,-18.963043,1.7278008,66.38259,-15.08113,53.78164,4.051977,17.173254,10.306237,10.521469,-58.33512,-4.428717,55.282906,-20.773819,-0.47470975,-1.8625754,2.4134161,9.802338,17.090641,5.750088,-7.1563773,-8.449578,-0.119771644,-3.6058753,-22.599865,5.621423,-7.2386966,6.3204584
1011,3.3693466186523438,-0.8248100876808167,107.07038879394531,-1.3335836778142875,1.4679609915031877,-85.2083480445838,-0.478071,2.372757,0.35694188,-28.51364,-18.78651,2.5400007,68.03394,-13.861928,54.014675,3.4897664,16.845098,9.7449255,11.447839,-59.663822,-5.832673,55.423958,-20.27087,-0.60663533,-1.5617479,2.4285698,9.793031,17.086018,5.748464,-7.1682343,-8.452409,-0.10134761,-3.6150537,-22.613916,5.6208405,-7.2535343,6.3278975
1012,3.3694093227386475,-0.8525844812393188,107.06854248046875,-1.3245427969997232,1.4663793139772519,-85.20111682407062,-0.5060996,2.2997644,0.27713248,-28.44482,-18.59727,3.417209,69.67477,-12.56406,54.28266,2.9210944,16.51085,9.219238,12.426954,-60.984196,-7.262585,55.616234,-19.801218,-0.75553346,-1.3039281,2.4499922,9.782931,17.085934,5.746873,-7.183973,-8.456158,-0.077305816,-3.6249216,-22.628805,5.620314,-7.2715344,6.336901
1013,3.3758585453033447,-0.8807670474052429,107.06632995605469,-1.3140774009378506,1.4623235998654984,-85.19465372291558,-0.5242941,2.216684,0.18910745,-28.374472,-18.393715,4.340058,71.299355,-11.193487,54.605694,2.3423715,16.168,8.737435,13.455712,-62.29477,-8.711924,55.867012,-19.389362,-0.92287314,-1.1104496,2.4740322,9.767183,17.089548,5.7470727,-7.2028694,-8.456349,-0.049305007,-3.6409996,-22.64361,5.6201606,-7.2894235,6.3507347
1014,3.377013921737671,-0.901645302772522,107.06520080566406,-1.3024254147991037,1.4554541813366788,-85.18932592710983,-0.53372496,2.1258404,0.08961262,-28.304523,-18.174421,5.2987804,72.90647,-9.762994,55.00324,1.7539667,15.803583,8.289922,14.531463,-63.597645,-10.179653,56.177494,-19.013298,-1.1096914,-0.9598668,2.4978642,9.752468,17.09505,5.745526,-7.2164955,-8.458129,-0.022712218,-3.654899,-22.656107,5.617702,-7.3026834,6.3598537
1015,3.3748767375946045,-0.9235171675682068,107.0634994506836,-1.292554934806005,1.447540158709454,-85.18413114357736,-0.5375571,2.0322893,-0.026724888,-28.23637,-17.936716,6.2971926,74.492,-8.288219,55.466972,1.1851887,15.41988,7.8646398,15.652071,-64.89205,-11.666442,56.552055,-18.64619,-1.3154057,-0.8272311,2.5233793,9.742241,17.101936,5.7450476,-7.230861,-8.4625845,0.0036428622,-3.6650233,-22.668356,5.6191564,-7.3195043,6.3666024
1016,3.3701512813568115,-0.9461841583251953,107.06219482421875,-1.2865700247329113,1.4403205778018198,-85.17816482900436,-0.5388674,1.9410406,-0.16536224,-28.171276,-17.676407,7.335735,76.05026,-6.7867193,55.988613,0.6673255,15.018875,7.4504743,16.81424,-66.175575,-13.173312,56.994366,-18.263096,-1.5383255,-0.6877037,2.5484488,9.738746,17.10813,5.74354,-7.243665,-8.469359,0.030895673,-3.6676931,-22.682114,5.6187925,-7.337108,6.37062
1017,3.3682878017425537,-0.9689062833786011,107.06094360351562,-1.2872580794337742,1.4350822267371437,-85.1702753492282,-0.53875935,1.8552737,-0.33090314,-28.11045,-17.387146,8.395488,77.57835,-5.2759337,56.577915,0.22116049,14.591955,7.0691214,18.015493,-67.4481,-14.703546,57.507267,-17.85617,-1.779887,-0.5321888,2.5709531,9.742085,17.112576,5.74239,-7.256647,-8.475323,0.056482065,-3.6635933,-22.69808,5.6184,-7.3547096,6.374588
1018,3.3711020946502686,-0.9930090308189392,107.05909729003906,-1.292832899484939,1.4306454239354272,-85.16116680617364,-0.53524476,1.772768,-0.5208374,-28.053154,-17.072876,9.447126,79.077095,-3.7754414,57.248066,-0.16654974,14.136688,6.7202253,19.26052,-68.71227,-16.257298,58.089314,-17.44386,-2.0396738,-0.37528697,2.5919695,9.749369,17.11622,5.7432456,-7.271538,-8.479696,0.08255487,-3.6564698,-22.715914,5.617168,-7.37165,6.380685
1019,3.372464656829834,-1.0185198783874512,107.05797576904297,-1.2986335313944977,1.4250277366647124,-85.15271488418449,-0.5268659,1.6914558,-0.728661,-27.998243,-16.74116,10.473194,80.5468,-2.308919,57.993534,-0.5161801,13.664223,6.360352,20.553741,-69.96988,-17.828226,58.7397,-17.041176,-2.3129373,-0.22827649,2.6166604,9.757434,17.121092,5.7429667,-7.287004,-8.485255,0.11109267,-3.6478412,-22.733835,5.615725,-7.3899765,6.3861127
1020,3.374544143676758,-1.0467135906219482,107.05651092529297,-1.3007015542966378,1.415746447635438,-85.14627683798469,-0.51325995,1.609185,-0.9483539,-27.943737,-16.39908,11.45653,81.987785,-0.9004355,58.80843,-0.8482264,13.187159,5.94677,21.897646,-71.22365,-19.40764,59.459408,-16.66349,-2.595419,-0.10370248,2.6482043,9.760283,17.127771,5.742634,-7.3049116,-8.490691,0.14514056,-3.644719,-22.750883,5.6152678,-7.4102697,6.3939776
1021,3.375765323638916,-1.070791482925415,107.05382537841797,-1.2967285096781591,1.401910083566616,-85.14476503899014,-0.49311882,1.5253804,-1.1775103,-27.888744,-16.050718,12.373383,83.400894,0.42837667,59.68891,-1.1693879,12.712082,5.455405,23.301699,-72.47922,-20.987858,60.24346,-16.304794,-2.8891854,-0.005689809,2.6850903,9.75508,17.136652,5.741231,-7.321744,-8.495276,0.18118048,-3.6491811,-22.762882,5.614901,-7.428153,6.4025693
1022,3.383798599243164,-1.0971872806549072,107.0516357421875,-1.2892022363623064,1.3848234796494037,-85.14634482989997,-0.47151494,1.443202,-1.4197551,-27.829872,-15.6905775,13.203745,84.783844,1.6580732,60.638615,-1.4656283,12.230609,4.917958,24.750523,-73.74062,-22.561977,61.098675,-15.961231,-3.1964512,0.07156263,2.728463,9.740807,17.147905,5.7402616,-7.342559,-8.495962,0.22303757,-3.6628668,-22.773203,5.6131763,-7.444806,6.417495
1023,3.388167142868042,-1.1177163124084473,107.05003356933594,-1.2815780189915649,1.366081327777041,-85.14639982832601,-0.45799702,1.36656,-1.6769619,-27.760359,-15.319478,13.936969,86.128426,2.770559,61.658978,-1.7258966,11.733266,4.3772125,26.202053,-75.00801,-24.118454,62.04202,-15.6531925,-3.511901,0.12943734,2.770135,9.728321,17.156609,5.738362,-7.3590684,-8.497487,0.26291057,-3.6743739,-22.784145,5.6117477,-7.4592566,6.4289474
1024,3.3912506103515625,-1.142671823501587,107.04862976074219,-1.2762651034867627,1.3476248098942298,-85.14063094530036,-0.4624623,1.299989,-1.9504074,-27.673168,-14.938439,14.563992,87.42134,3.7512627,62.74909,-1.9369913,11.209853,3.8783631,27.607178,-76.28015,-25.640924,63.086575,-15.403153,-3.8286607,0.16810527,2.8120246,9.720462,17.16231,5.737559,-7.3774724,-8.500733,0.3065422,-3.681602,-22.802252,5.6112943,-7.4784994,6.439852
1025,3.395890712738037,-1.1723374128341675,107.04703521728516,-1.275716972329392,1.3291782165420483,-85.1257939686072,-0.49090695,1.2495704,-2.2366831,-27.560865,-14.553167,15.071027,88.65002,4.5912013,63.90649,-2.0778897,10.649154,3.4286075,28.943615,-77.56292,-27.114706,64.24051,-15.248162,-4.1450615,0.18426295,2.8553307,9.7184105,17.163631,5.735599,-7.3972087,-8.504422,0.35642406,-3.682864,-22.831573,5.6092505,-7.5012197,6.451612
1026,3.39957857131958,-1.199081301689148,107.04515075683594,-1.27721185119017,1.3104330271736817,-85.10504877228398,-0.54460514,1.2190536,-2.5324516,-27.420837,-14.170266,15.448952,89.80016,5.2856407,65.11743,-2.155124,10.058655,3.0230308,30.2064,-78.86694,-28.523487,65.4906,-15.171325,-4.46074,0.17485443,2.895478,9.719858,17.159996,5.7337785,-7.4146695,-8.50799,0.40579173,-3.6807978,-22.866623,5.608377,-7.5244136,6.4616933
1027,3.4049439430236816,-1.2294241189956665,107.04341888427734,-1.2784984767372205,1.2924161672059653,-85.08271309699418,-0.6265551,1.211724,-2.8383918,-27.252651,-13.786856,15.700782,90.85345,5.832858,66.36256,-2.1965487,9.457403,2.6898,31.36764,-80.2011,-29.84519,66.81753,-15.115759,-4.770834,0.1405916,2.9359267,9.720399,17.155697,5.7332153,-7.434781,-8.511037,0.4571882,-3.6799302,-22.903969,5.60737,-7.5493035,6.473711
1028,3.409473180770874,-1.2553369998931885,107.04148864746094,-1.2764737392299206,1.2761442462625543,-85.06341584329238,-0.7384657,1.230291,-3.15527,-27.056917,-13.404218,15.834997,91.79364,6.234844,67.62263,-2.2322724,8.865116,2.4548192,32.3902,-81.571556,-31.047802,68.202034,-15.024429,-5.070601,0.08361732,2.9726164,9.716461,17.152039,5.731458,-7.451856,-8.512761,0.50220376,-3.6832857,-22.93637,5.6066413,-7.5703473,6.4850545
1029,3.4135048389434814,-1.2831361293792725,107.04055786132812,-1.2698855075215565,1.263190084347652,-85.04882914305438,-0.8795217,1.2764733,-3.4844918,-26.834095,-13.021785,15.861488,92.617134,6.4970684,68.885864,-2.269739,8.2872505,2.3225904,33.24072,-82.98671,-32.09482,69.64797,-14.870745,-5.3562264,0.0036781551,3.008056,9.706266,17.1522,5.7276936,-7.468573,-8.51391,0.54407096,-3.6918046,-22.963303,5.604101,-7.589922,6.49727
1030,3.4198482036590576,-1.3109314441680908,107.040283203125,-1.2599728838556967,1.2528500344950704,-85.03651922004342,-1.0499585,1.3503443,-3.8237557,-26.582043,-12.64188,15.791355,93.33225,6.6262197,70.147606,-2.305691,7.717782,2.2831435,33.870613,-84.45224,-32.939,71.16353,-14.689448,-5.6321125,-0.09787599,3.039965,9.69015,17.15335,5.7255063,-7.486624,-8.512588,0.5805653,-3.7070947,-22.986462,5.604401,-7.6088686,6.51179
1031,3.425746440887451,-1.3407330513000488,107.0389633178711,-1.2493686351663367,1.2415918981127338,-85.02397206253862,-1.249266,1.4505429,-4.1658006,-26.301943,-12.266449,15.637717,93.94978,6.629066,71.39831,-2.355875,7.160295,2.3336792,34.205727,-85.960014,-33.516735,72.731,-14.514829,-5.904982,-0.21696892,3.0743392,9.673706,17.154095,5.7229204,-7.5054283,-8.512071,0.62097144,-3.7222607,-23.010994,5.6030436,-7.628922,6.5267167
1032,3.4326813220977783,-1.3666512966156006,107.03710174560547,-1.2393335046115281,1.2268440745803066,-85.00902705312154,-1.4739738,1.5695988,-4.5029235,-25.997831,-11.896997,15.409228,94.48424,6.513651,72.62859,-2.4320219,6.6184998,2.4703343,34.169636,-87.48977,-33.76355,74.31781,-14.383153,-6.1757193,-0.35428947,3.110071,9.657499,17.150465,5.72062,-7.522958,-8.510625,0.66266024,-3.73805,-23.037998,5.6034837,-7.648071,6.5419025
1033,3.4379444122314453,-1.3911519050598145,107.03532409667969,-1.2307783666510776,1.2055609674821675,-84.98973406973104,-1.7172506,1.6991122,-4.8257856,-25.677866,-11.537656,15.103091,94.95356,6.28947,73.83488,-2.5399475,6.0818624,2.6885817,33.699837,-89.00748,-33.628334,75.8851,-14.306304,-6.430281,-0.5223538,3.1518292,9.6449585,17.140244,5.718496,-7.539785,-8.511014,0.7128518,-3.7503912,-23.071468,5.603607,-7.668667,6.555974
1034,3.442164421081543,-1.4155032634735107,107.03358459472656,-1.2226563286147634,1.1801636558577648,-84.96791199596902,-1.9654012,1.8274618,-5.129996,-25.356174,-11.189826,14.719874,95.37457,5.9652605,75.00073,-2.6783035,5.56001,2.9801064,32.77504,-90.46478,-33.083393,77.3839,-14.263783,-6.648287,-0.7322421,3.1975296,9.6341915,17.12574,5.7174296,-7.557219,-8.512621,0.76935095,-3.7609832,-23.109118,5.6024365,-7.6899567,6.5696726
1035,3.443869113922119,-1.4391777515411377,107.03205871582031,-1.2143993142533793,1.155595285764216,-84.94595461341957,-2.2045066,1.9420122,-5.411991,-25.048187,-10.851699,14.268306,95.75945,5.549269,76.09851,-2.8421078,5.085384,3.336127,31.41143,-91.80358,-32.131752,78.748665,-14.242559,-6.814322,-0.98641545,3.2422087,9.624693,17.111382,5.714994,-7.572841,-8.51544,0.82380736,-3.7701268,-23.14612,5.601879,-7.711468,6.581478
1036,3.442808151245117,-1.4619728326797485,107.0297622680664,-1.206092219609979,1.1364373150323264,-84.92650159141053,-2.4249933,2.0322335,-5.670477,-24.76487,-10.521017,13.759361,96.11749,5.0505457,77.10676,-3.0255044,4.6881914,3.7490091,29.657854,-92.97541,-30.809397,79.92494,-14.228246,-6.9159665,-1.285411,3.2793612,9.616837,17.101042,5.7130265,-7.586686,-8.519222,0.87030035,-3.7774427,-23.178165,5.6007895,-7.7315054,6.590586
1037,3.4438443183898926,-1.4862480163574219,107.02849578857422,-1.1974475854123816,1.1243645858585647,-84.91019876245926,-2.6277456,2.0925612,-5.90721,-24.509953,-10.1955385,13.209476,96.45597,4.478046,78.018715,-3.2426174,4.400612,4.241332,27.570513,-93.963646,-29.178051,80.88578,-14.211824,-6.9459,-1.6279223,3.308942,9.60679,17.097713,5.711834,-7.601593,-8.520872,0.9071863,-3.7870626,-23.204063,5.6014924,-7.7510843,6.6005054
1038,3.4417037963867188,-1.5109506845474243,107.02734375,-1.188343867737766,1.116849166719145,-84.89588674972738,-2.8178222,2.1233814,-6.12142,-24.277431,-9.875076,12.621987,96.77891,3.8425305,78.85373,-3.4920845,4.192701,4.8022356,25.2141,-94.78391,-27.308634,81.63694,-14.19474,-6.9035997,-2.0120318,3.3334696,9.597861,17.098698,5.7096615,-7.6147437,-8.523754,0.9385914,-3.7947457,-23.226189,5.601018,-7.7700815,6.6078444
1039,3.4434397220611572,-1.5352996587753296,107.02667236328125,-1.1797404247137018,1.1116918814397536,-84.88266292130601,-2.9961066,2.1325576,-6.312285,-24.059616,-9.566278,11.997299,97.08404,3.1568217,79.63467,-3.7472882,4.0009737,5.3725286,22.673727,-95.46429,-25.270603,82.204605,-14.17518,-6.8007264,-2.4257498,3.355825,9.5868225,17.1009,5.7068596,-7.6282587,-8.524243,0.96709657,-3.8044462,-23.246475,5.5994515,-7.7867117,6.617293
1040,3.4428999423980713,-1.5578068494796753,107.02582550048828,-1.1736534614049965,1.1060172289070989,-84.86941900129581,-3.162778,2.1275482,-6.4787374,-23.849188,-9.273731,11.337248,97.36876,2.435728,80.38199,-3.9793189,3.7652137,5.894385,20.032288,-96.0343,-23.131414,82.619965,-14.154921,-6.6500163,-2.8596318,3.3765287,9.581028,17.100079,5.7056203,-7.640634,-8.527029,0.99398917,-3.8096693,-23.266356,5.599408,-7.803804,6.624163
1041,3.437495231628418,-1.577976107597351,107.02495574951172,-1.1702957282195832,1.1002647326331587,-84.85587631321019,-3.3215077,2.1130188,-6.625905,-23.637396,-8.995558,10.657481,97.631065,1.6932526,81.11217,-4.17304,3.458427,6.3549137,17.34601,-96.51889,-20.956856,82.90965,-14.136119,-6.4764466,-3.3119738,3.3957763,9.582068,17.095106,5.7039323,-7.6501718,-8.533655,1.0189872,-3.8080318,-23.28615,5.600004,-7.8214765,6.6265345
1042,3.4364588260650635,-1.598227620124817,107.02296447753906,-1.16884793890455,1.0949169836394157,-84.84246120780521,-3.4761848,2.0920095,-6.7578883,-23.424444,-8.727605,9.98372,97.87015,0.9420187,81.82173,-4.3473787,3.1145065,6.7780147,14.670658,-96.93621,-18.806522,83.08792,-14.117157,-6.282121,-3.770857,3.4146566,9.5832,17.088568,5.7026443,-7.660785,-8.538745,1.0434995,-3.8072467,-23.305918,5.5999594,-7.83737,6.6314273
1043,3.433495044708252,-1.617140293121338,107.02152252197266,-1.1683005930982588,1.0889206685028885,-84.83022312895211,-3.6256645,2.0649426,-6.874614,-23.218485,-8.470601,9.331645,98.08727,0.19486868,82.50009,-4.522323,2.766467,7.1621532,12.0798645,-97.29812,-16.730299,83.16919,-14.097041,-6.044796,-4.217299,3.4337862,9.586579,17.082455,5.7010674,-7.670046,-8.545181,1.0679656,-3.803718,-23.324436,5.5997453,-7.853283,6.6343718
1044,3.430009365081787,-1.6359901428222656,107.02005767822266,-1.167361140437215,1.081460507227475,-84.82012795193162,-3.766912,2.032485,-6.975173,-23.029787,-8.226468,8.71313,98.28374,-0.53630006,83.1329,-4.716463,2.4480906,7.50515,9.640475,-97.61175,-14.769973,83.17003,-14.073096,-5.7434444,-4.633288,3.4552026,9.589546,17.079323,5.6995935,-7.6794305,-8.551962,1.0937811,-3.8004272,-23.341076,5.5990977,-7.8688045,6.637142
1045,3.426710844039917,-1.6563918590545654,107.0190200805664,-1.1660156391751877,1.0710786898353624,-84.81312475196572,-3.896522,1.9943647,-7.0582857,-22.863125,-7.993742,8.135392,98.45938,-1.2406483,83.70738,-4.9374075,2.1779828,7.8003616,7.3928723,-97.88113,-12.960488,83.09861,-14.046604,-5.3439937,-5.018703,3.4819586,9.5915785,17.080769,5.6988072,-7.6905713,-8.559121,1.1230403,-3.7980196,-23.355442,5.5998383,-7.8860326,6.6405625
1046,3.4225783348083496,-1.6749200820922852,107.01776885986328,-1.164597693617382,1.0587792725829295,-84.80839403133513,-4.017574,1.9513544,-7.128621,-22.711588,-7.770413,7.6049943,98.6153,-1.9105325,84.23684,-5.169164,1.9362768,8.04717,5.348692,-98.11227,-11.327311,82.972206,-14.022464,-4.876994,-5.3788,3.5110297,9.593612,17.084663,5.6974964,-7.7006893,-8.566677,1.1533037,-3.7951462,-23.367655,5.5994697,-7.9016304,6.6431565
1047,3.420166254043579,-1.689636468887329,107.01639556884766,-1.1631889257824748,1.046159060377972,-84.80451647661869,-4.137728,1.9048076,-7.1929846,-22.566998,-7.5535016,7.130589,98.75525,-2.5429602,84.74781,-5.3953285,1.6977749,8.253021,3.515952,-98.313965,-9.881771,82.81799,-14.003845,-4.417534,-5.7047663,3.537851,9.594476,17.088821,5.6966443,-7.7092915,-8.572394,1.1806346,-3.7940538,-23.377996,5.5994186,-7.9140806,6.646163
1048,3.4178354740142822,-1.7056928873062134,107.01444244384766,-1.1621183086834814,1.035042457411586,-84.7999361831067,-4.2642727,1.8566041,-7.257693,-22.421494,-7.339096,6.7180853,98.882545,-3.1384745,85.26636,-5.6015787,1.4371766,8.425212,1.8925858,-98.49382,-8.62429,82.66061,-13.992951,-4.0400996,-5.987357,3.5637805,9.595699,17.093504,5.6957994,-7.719101,-8.578062,1.207651,-3.7922394,-23.388973,5.599516,-7.9279685,6.6492324
1049,3.414829730987549,-1.7217276096343994,107.01266479492188,-1.161414895078674,1.0259276998723188,-84.7939281898642,-4.394489,1.8061011,-7.3217325,-22.281454,-7.1328244,6.3691125,98.99241,-3.696771,85.77838,-5.7634635,1.1545221,8.5415325,0.49302107,-98.6496,-7.5450253,82.52476,-13.986068,-3.8051817,-6.1977882,3.5866277,9.597935,17.09803,5.694714,-7.728626,-8.583652,1.2320557,-3.7895112,-23.40043,5.5998893,-7.9419336,6.651514
1050,3.4121479988098145,-1.7373707294464111,107.01145935058594,-1.161074585884547,1.0179329203630532,-84.78770700980738,-4.5241165,1.7538503,-7.383861,-22.14934,-6.932889,6.076301,99.086365,-4.217195,86.27479,-5.8930645,0.8648849,8.607189,-0.6998704,-98.78363,-6.63288,82.406586,-13.982842,-3.6612322,-6.351096,3.607768,9.600347,17.103199,5.6931834,-7.737781,-8.588672,1.2553257,-3.786313,-23.411745,5.5990877,-7.9548445,6.6536613
