Frame,root_translateX,root_translateY,root_translateZ,root_rotateX,root_rotateY,root_rotateZ,waist_yaw_joint,waist_roll_joint,waist_pitch_joint,head_yaw_joint,head_pitch_joint,left_shoulder_pitch_joint,left_shoulder_roll_joint,left_shoulder_yaw_joint,left_elbow_joint,left_wrist_roll_joint,left_wrist_pitch_joint,left_wrist_yaw_joint,right_shoulder_pitch_joint,right_shoulder_roll_joint,right_shoulder_yaw_joint,right_elbow_joint,right_wrist_roll_joint,right_wrist_pitch_joint,right_wrist_yaw_joint,left_hip_pitch_joint,left_hip_roll_joint,left_hip_yaw_joint,left_knee_joint,left_ankle_pitch_joint,left_ankle_roll_joint,right_hip_pitch_joint,right_hip_roll_joint,right_hip_yaw_joint,right_knee_joint,right_ankle_pitch_joint,right_ankle_roll_joint
0,-0.1013251468539238,-3.188847303390503,105.57353210449219,0.5346959152679293,-5.6132025540307655,88.22093743920986,0.32493582,1.4940771,10.924488,2.5107763,-2.1000702,-10.391922,6.3770633,-42.27379,76.828674,9.522833,11.629846,10.836674,-4.7014575,-7.794124,22.566648,67.64073,-26.712595,4.100885,1.7620968,10.337306,0.35077354,13.410125,5.7088957,-9.410318,-1.2718399,7.804441,-4.5826488,10.46389,5.802539,-11.259435,4.0770845
1,-0.10481085628271103,-3.1702709197998047,105.57337951660156,0.5357911471256243,-5.600951881995194,88.21325595638903,0.3015336,1.5068004,10.929205,2.5654733,-2.0745466,-10.355385,6.37866,-42.31898,76.77991,9.5087595,11.643244,10.974818,-4.688766,-7.805382,22.57817,67.59976,-26.722929,4.085021,1.7583588,10.330353,0.34688655,13.415208,5.7127147,-9.419441,-1.2706485,7.800768,-4.587251,10.471978,5.802137,-11.268627,4.0781384
2,-0.10755234211683273,-3.1502506732940674,105.57325744628906,0.5375538596051277,-5.589430279796913,88.20544654202034,0.27833757,1.5177282,10.932505,2.6244504,-2.0438616,-10.319984,6.3781743,-42.375156,76.73795,9.487514,11.6557665,11.122771,-4.6833014,-7.811851,22.592758,67.57486,-26.732407,4.0657396,1.751022,10.328755,0.3419373,13.421733,5.713085,-9.429503,-1.2701564,7.798934,-4.5920854,10.479601,5.8025665,-11.279546,4.078612
3,-0.10711416602134705,-3.1325557231903076,105.57233428955078,0.5394584739898636,-5.5789696484619755,88.19675416305408,0.25949687,1.5271301,10.934865,2.6730666,-2.0162811,-10.291625,6.376221,-42.439568,76.70574,9.45534,11.665083,11.255371,-4.6766615,-7.815616,22.606724,67.55221,-26.737999,4.046561,1.7401038,10.333727,0.33790714,13.431025,5.7086678,-9.439685,-1.272127,7.797091,-4.594927,10.488237,5.8017373,-11.287823,4.0771766
4,-0.10926026105880737,-3.115464448928833,105.57119750976562,0.5408352511522125,-5.568208889201143,88.18741733014095,0.24452567,1.5352376,10.934608,2.7003434,-2.0069604,-10.274499,6.373509,-42.494392,76.68943,9.423605,11.66665,11.346497,-4.6670403,-7.817221,22.612343,67.52888,-26.746502,4.0273175,1.7257943,10.338915,0.33299026,13.441413,5.7035494,-9.450228,-1.2728474,7.7935886,-4.5989037,10.497956,5.802143,-11.2964735,4.0775614
5,-0.10859974473714828,-3.09847092628479,105.57107543945312,0.5387534227979313,-5.555882561737405,88.17805914909923,0.22619088,1.5452079,10.930064,2.7056062,-2.0174496,-10.26286,6.3719897,-42.514202,76.68382,9.413677,11.6589575,11.386463,-4.657233,-7.817152,22.609911,67.50563,-26.767443,4.0037975,1.7052362,10.332088,0.33558446,13.449664,5.706733,-9.458659,-1.2753327,7.7883787,-4.596542,10.508727,5.801031,-11.303182,4.0750113
6,-0.10876276344060898,-3.0794222354888916,105.56970977783203,0.5367627726115459,-5.544371727730432,88.16727003477189,0.21061046,1.5538085,10.923533,2.694556,-2.0443733,-10.2573,6.370499,-42.52932,76.68749,9.402049,11.646181,11.392502,-4.6425734,-7.8164997,22.601423,67.47741,-26.79428,3.980272,1.679218,10.3365135,0.33628717,13.462611,5.703942,-9.471473,-1.2786845,7.7851048,-4.594867,10.520239,5.801312,-11.31249,4.072827
7,-0.11019596457481384,-3.0615291595458984,105.56944274902344,0.5344271628744534,-5.531583509324128,88.15726347427618,0.20776169,1.5625247,10.916451,2.6633937,-2.0806465,-10.266855,6.3668137,-42.546913,76.70267,9.388052,11.630422,11.367253,-4.615267,-7.8139777,22.56548,67.43573,-26.827726,3.96254,1.6599699,10.331488,0.3378947,13.47246,5.70552,-9.48105,-1.2803462,7.779455,-4.5936694,10.531589,5.8010745,-11.320444,4.071627
8,-0.11063263565301895,-3.0418384075164795,105.56781005859375,0.531848153287027,-5.5186436332988205,88.14810081931132,0.20133416,1.5676609,10.910525,2.6433606,-2.10964,-10.276242,6.365641,-42.543774,76.71414,9.372046,11.61607,11.32034,-4.6026664,-7.812764,22.549871,67.409004,-26.829685,3.954412,1.6548884,10.33549,0.3392917,13.484039,5.702012,-9.4940605,-1.2833803,7.7747755,-4.5914636,10.541734,5.8011937,-11.329596,4.069502
9,-0.11165823042392731,-3.0197691917419434,105.56768035888672,0.5286191040568361,-5.502145858573965,88.14157051658154,0.20835769,1.5698336,10.905614,2.619703,-2.1357038,-10.302235,6.3639307,-42.519196,76.73186,9.35406,11.604442,11.232596,-4.581164,-7.8105,22.50865,67.365944,-26.820734,3.9690292,1.6822428,10.32414,0.34309947,13.489006,5.707358,-9.504395,-1.2842066,7.767733,-4.5888476,10.549733,5.8019357,-11.340532,4.067368
10,-0.10988952219486237,-3.004478931427002,105.5653076171875,0.5289597885270779,-5.487033543271665,88.13421730642311,0.22529836,1.5676252,10.906035,2.5922163,-2.1623447,-10.335925,6.36154,-42.453125,76.74882,9.357831,11.594789,11.104981,-4.5532503,-7.8064337,22.431734,67.30994,-26.823273,3.9976473,1.7374035,10.32835,0.34239915,13.498552,5.6999345,-9.515422,-1.2867031,7.7582126,-4.589021,10.558885,5.8014693,-11.346362,4.0652347
11,-0.10933911055326462,-2.9869048595428467,105.56477355957031,0.5250792151815528,-5.469632802616318,88.1296755833415,0.23561548,1.5671464,10.905421,2.5698752,-2.1922915,-10.367362,6.359776,-42.37172,76.763016,9.379836,11.582635,10.973337,-4.5332685,-7.801745,22.359411,67.26506,-26.818836,4.0240855,1.7886902,10.317655,0.34780627,13.502125,5.702507,-9.524118,-1.2883874,7.7477813,-4.584612,10.565933,5.8007283,-11.353232,4.0624523
12,-0.1078052893280983,-2.971182107925415,105.56472778320312,0.5212824706774938,-5.452772211223828,88.12662961100007,0.23525411,1.5694774,10.903208,2.5527759,-2.223931,-10.392413,6.359608,-42.342438,76.774414,9.383613,11.564852,10.875452,-4.527051,-7.8000255,22.338943,67.24572,-26.773638,4.0350885,1.8021516,10.303309,0.35444304,13.503496,5.7061715,-9.529852,-1.291173,7.7366147,-4.579441,10.571872,5.8008823,-11.359538,4.0591702
13,-0.10888241231441498,-2.955345630645752,105.56306457519531,0.5187102902685716,-5.439947281488376,88.12336762841616,0.22182669,1.5743129,10.909277,2.5383375,-2.274657,-10.405877,6.3592815,-42.304714,76.77749,9.458208,11.533258,10.8103,-4.524372,-7.7979727,22.316639,67.23637,-26.748133,4.0177345,1.7758585,10.308599,0.35606688,13.51046,5.699843,-9.541287,-1.2954016,7.730558,-4.577579,10.576467,5.8014545,-11.367424,4.0579615
14,-0.1097131296992302,-2.9347219467163086,105.56375885009766,0.5130100562508894,-5.424394076333886,88.1231692845801,0.19739951,1.5846726,10.913592,2.527135,-2.334138,-10.412874,6.3587346,-42.27517,76.77633,9.561784,11.493304,10.765295,-4.5295296,-7.795669,22.305426,67.24335,-26.717495,3.982094,1.7209461,10.29129,0.3647494,13.509082,5.710102,-9.549954,-1.2995232,7.725432,-4.5715017,10.57809,5.8008356,-11.377372,4.055026
15,-0.10603540390729904,-2.9205284118652344,105.56263732910156,0.5084800926906519,-5.411149941633552,88.12377724546842,0.1697774,1.5926298,10.917362,2.5252779,-2.3688486,-10.414721,6.3585753,-42.268394,76.769585,9.644298,11.459506,10.737509,-4.5333557,-7.7950616,22.304213,67.24604,-26.683039,3.9561422,1.6652242,10.294856,0.3717206,13.512658,5.6985664,-9.554124,-1.3077497,7.7190113,-4.5637,10.579483,5.8000584,-11.383069,4.050026
16,-0.10105224698781967,-2.906491279602051,105.56037139892578,0.5051659566442195,-5.399605501179464,88.12550259643112,0.15173419,1.5987258,10.924729,2.5166066,-2.4184847,-10.424115,6.3582187,-42.25695,76.76462,9.699502,11.434992,10.711975,-4.5381646,-7.793824,22.3057,67.25881,-26.635756,3.9399798,1.615611,10.295543,0.37950167,13.51409,5.6996417,-9.5664835,-1.3164064,7.714924,-4.5564303,10.578926,5.7996793,-11.389441,4.0443873
17,-0.09547974169254303,-2.890723466873169,105.56034851074219,0.5009602763762127,-5.3871167262212065,88.13185842172403,0.12704077,1.6026266,10.929539,2.5211627,-2.4415734,-10.431894,6.3571153,-42.22605,76.75679,9.714494,11.429453,10.696138,-4.5503583,-7.789774,22.321999,67.27397,-26.576492,3.9589524,1.5899961,10.282842,0.3903872,13.507625,5.7052317,-9.571076,-1.323322,7.7117085,-4.54736,10.573491,5.79958,-11.397384,4.037687
18,-0.091214120388031,-2.873750925064087,105.55990600585938,0.49728891234808575,-5.375098945342492,88.1408791362148,0.109141484,1.6050203,10.931709,2.5294995,-2.4349453,-10.440529,6.3566856,-42.217937,76.741806,9.681216,11.440732,10.692866,-4.5529003,-7.7876062,22.330643,67.277695,-26.516344,4.0016108,1.5789338,10.275813,0.3993842,13.500042,5.707659,-9.577773,-1.3296361,7.7106977,-4.5398855,10.564446,5.799041,-11.406471,4.0318875
19,-0.08670555055141449,-2.856060743331909,105.55826568603516,0.4946251590432111,-5.3630378025081,88.14977463336554,0.09232257,1.6049682,10.934208,2.5372336,-2.4279935,-10.449924,6.356198,-42.210155,76.72711,9.633942,11.456366,10.693939,-4.554144,-7.7841544,22.345568,67.278145,-26.455978,4.048958,1.57145,10.277256,0.40647542,13.494699,5.7048736,-9.587452,-1.33695,7.7097116,-4.533476,10.555415,5.7998567,-11.4169655,4.026147
20,-0.07835058122873306,-2.836369752883911,105.55695343017578,0.49221635115329754,-5.349188902310787,88.15731731475613,0.0784363,1.6035501,10.936324,2.540351,-2.4373512,-10.460403,6.355946,-42.20406,76.71582,9.591288,11.467043,10.692879,-4.5550833,-7.781235,22.358679,67.277985,-26.40713,4.082079,1.5617044,10.275215,0.41589633,13.4897375,5.702975,-9.59573,-1.3465257,7.7075276,-4.5246744,10.548288,5.8003964,-11.4274,4.0175653
21,-0.06819858402013779,-2.818009614944458,105.55738067626953,0.48735917808694457,-5.331827621964818,88.16346301862967,0.06700184,1.6018637,10.938378,2.5324748,-2.4836054,-10.473274,6.3559003,-42.194626,76.70946,9.554646,11.468349,10.686741,-4.555744,-7.777107,22.373161,67.27388,-26.377485,4.099689,1.5493017,10.257078,0.43111232,13.481951,5.7104826,-9.600577,-1.3567688,7.69996,-4.51164,10.544685,5.7997026,-11.434892,4.00729
22,-0.06244872882962227,-2.801147699356079,105.55635833740234,0.48412806858911483,-5.3147725356552815,88.16785220423331,0.06416255,1.5989031,10.93861,2.5237339,-2.5127082,-10.483053,6.3559837,-42.190605,76.70097,9.516118,11.468115,10.678882,-4.552889,-7.7755013,22.374596,67.27034,-26.370249,4.1046014,1.5426202,10.2523155,0.44003904,13.47891,5.7071123,-9.607798,-1.365522,7.69127,-4.503954,10.54283,5.7996182,-11.442389,4.000896
23,-0.05133143812417984,-2.780207633972168,105.5567855834961,0.4810959280727964,-5.294985998971037,88.17115654053494,0.059856106,1.5929086,10.946638,2.490348,-2.6171374,-10.504425,6.3566785,-42.17673,76.69751,9.485291,11.468095,10.671064,-4.542707,-7.7696247,22.375046,67.24536,-26.3662,4.1083236,1.5303953,10.236519,0.4532117,13.474332,5.7121773,-9.614689,-1.3769084,7.6811943,-4.492575,10.542676,5.800652,-11.451722,3.9902604
24,-0.04068386182188988,-2.7613508701324463,105.55441284179688,0.4794680190780714,-5.273109009783011,88.17524668195831,0.053709283,1.5869061,10.945702,2.4674885,-2.6647894,-10.518469,6.357298,-42.166824,76.6925,9.4706745,11.473263,10.666898,-4.533189,-7.765609,22.372337,67.23375,-26.350307,4.0932302,1.516709,10.234924,0.46234968,13.473143,5.7024565,-9.623025,-1.3895582,7.6672277,-4.483576,10.542649,5.8017273,-11.459599,3.9808602
25,-0.029227666556835175,-2.7399425506591797,105.5543441772461,0.4783023122536011,-5.243147081275086,88.18338222394,0.0393293,1.582853,10.9333935,2.443894,-2.6803095,-10.529844,6.358007,-42.16041,76.68711,9.473894,11.483812,10.666428,-4.519846,-7.761917,22.370571,67.22398,-26.301477,4.0576305,1.4979962,10.208758,0.47442695,13.462237,5.7053084,-9.628701,-1.4014964,7.6463637,-4.4748273,10.540318,5.8015766,-11.467436,3.9709027
26,-0.014045578427612782,-2.718682289123535,105.55358123779297,0.4766528361503596,-5.206578872328366,88.1936744122056,0.023562346,1.5766917,10.912949,2.4004567,-2.6877131,-10.543232,6.358875,-42.149715,76.68469,9.502387,11.498509,10.664601,-4.4973664,-7.757737,22.369635,67.209816,-26.230629,4.0059776,1.4710186,10.178491,0.48933238,13.449006,5.705125,-9.633685,-1.4164999,7.6162777,-4.462885,10.538693,5.8031826,-11.474307,3.9585323
27,-0.0019106068648397923,-2.6990795135498047,105.55397033691406,0.4751405073343762,-5.171015827493145,88.20243578773318,0.004510119,1.5739647,10.89462,2.3785052,-2.6866882,-10.553397,6.359465,-42.14481,76.68088,9.522778,11.515843,10.671083,-4.4813437,-7.7554,22.370565,67.19996,-26.17222,3.95129,1.448161,10.140125,0.5034477,13.434989,5.7112656,-9.636464,-1.4286058,7.5864706,-4.453313,10.538522,5.8041897,-11.480362,3.948444
28,0.012765208259224892,-2.6776833534240723,105.55329132080078,0.47151584178442524,-5.138093007089344,88.20620114123405,-0.008064801,1.5739266,10.882576,2.3641675,-2.6984053,-10.565615,6.360096,-42.13785,76.67637,9.536441,11.538534,10.6825,-4.464215,-7.7524147,22.374104,67.18362,-26.151613,3.9094324,1.4275455,10.114728,0.5202652,13.429389,5.711895,-9.642401,-1.4434899,7.559318,-4.4390893,10.543318,5.80632,-11.487343,3.9356377
29,0.029719769954681396,-2.662355899810791,105.55207824707031,0.4672181229738131,-5.117033022112931,88.20269919665448,-0.01958206,1.5796213,10.889471,2.392109,-2.7275283,-10.575189,6.3603387,-42.13348,76.664635,9.523264,11.574834,10.7108555,-4.4571047,-7.7493076,22.37805,67.16558,-26.199358,3.8824983,1.4112861,10.104133,0.53824407,13.434024,5.710091,-9.646983,-1.4590168,7.541839,-4.422061,10.553519,5.8075266,-11.490871,3.921185
30,0.046397849917411804,-2.6442153453826904,105.5511703491211,0.46040018415358896,-5.1013446854009565,88.19499889992248,-0.029560644,1.5895354,10.905651,2.441495,-2.7642608,-10.584714,6.360248,-42.13192,76.65034,9.495595,11.621625,10.750515,-4.4551516,-7.7461147,22.381727,67.14714,-26.292286,3.862196,1.396066,10.095544,0.55945414,13.44312,5.714351,-9.653355,-1.4741542,7.5323186,-4.401821,10.566319,5.8086677,-11.4967,3.9055254
31,0.05919349938631058,-2.6189842224121094,105.54884338378906,0.4544471906585273,-5.083801078988382,88.18395005727739,-0.03424605,1.6002772,10.9212,2.4932156,-2.8058372,-10.595171,6.3600793,-42.131348,76.6398,9.468032,11.659075,10.788901,-4.453972,-7.743483,22.38477,67.12869,-26.39338,3.8492174,1.3902806,10.100043,0.5756586,13.4591675,5.7103133,-9.666323,-1.4889305,7.523885,-4.385548,10.58172,5.8114257,-11.507696,3.8921728
32,0.08705760538578033,-2.590005874633789,105.5491714477539,0.4484635687725011,-5.053629197788126,88.17244181785195,-0.031668928,1.6102335,10.921633,2.5233295,-2.8493438,-10.60937,6.359985,-42.12917,76.64322,9.456282,11.6665535,10.812913,-4.450715,-7.735361,22.385489,67.113785,-26.468088,3.844049,1.4010113,10.082243,0.6031587,13.471041,5.7139053,-9.67611,-1.5131875,7.5019326,-4.3587646,10.601718,5.8138595,-11.516216,3.8681297
33,0.11027511209249496,-2.5659990310668945,105.54993438720703,0.4429228226241778,-5.008388459827644,88.15949097766573,-0.015840381,1.6194957,10.902692,2.5100791,-2.8869593,-10.627243,6.3609586,-42.125923,76.66141,9.467055,11.623773,10.816838,-4.4425454,-7.729255,22.382002,67.097176,-26.502335,3.8550265,1.4479569,10.04478,0.6281255,13.480023,5.715339,-9.681146,-1.5355982,7.456718,-4.336701,10.629065,5.8167996,-11.519213,3.8490872
34,0.13293372094631195,-2.546093463897705,105.55033874511719,0.4391635742745122,-4.9538919734916975,88.14441645017166,0.008128801,1.6308113,10.872575,2.477721,-2.9253113,-10.644743,6.362008,-42.12353,76.685555,9.489162,11.54891,10.810001,-4.433732,-7.7268715,22.379015,67.08154,-26.515156,3.8778923,1.5209825,9.997983,0.651047,13.489081,5.713385,-9.683544,-1.5583384,7.3967323,-4.3179317,10.662233,5.8186173,-11.516745,3.8320868
35,0.16005279123783112,-2.5244922637939453,105.55188751220703,0.4356280012820759,-4.891665774101573,88.12850317098076,0.039200608,1.6398323,10.838397,2.4291708,-2.979504,-10.67366,6.3640914,-42.117176,76.72817,9.524009,11.465251,10.791908,-4.4117756,-7.7234187,22.369553,67.047356,-26.522038,3.9034724,1.5904782,9.9363785,0.67790824,13.495766,5.716319,-9.683709,-1.5838363,7.328276,-4.2965508,10.698666,5.820095,-11.513101,3.8120852
36,0.1887928545475006,-2.499431848526001,105.55167388916016,0.4291199604405331,-4.831669075273807,88.11423461896715,0.06550596,1.6519898,10.80993,2.4141462,-3.0197458,-10.694726,6.366485,-42.11163,76.747215,9.55463,11.432186,10.773053,-4.3919077,-7.720035,22.364016,67.02898,-26.52798,3.899523,1.6194215,9.888973,0.7081705,13.505816,5.7120013,-9.687467,-1.6129774,7.265211,-4.2700515,10.732367,5.8218613,-11.512151,3.789536
37,0.21705548465251923,-2.47084379196167,105.55267333984375,0.42063679367777307,-4.771363121911733,88.10194287050953,0.09251996,1.6642573,10.787171,2.427497,-3.0676773,-10.722867,6.3681655,-42.101948,76.76229,9.592685,11.457212,10.7308035,-4.357088,-7.7176666,22.366718,67.003174,-26.524937,3.8582525,1.5858505,9.838672,0.7414102,13.514452,5.7108817,-9.691797,-1.6429411,7.20473,-4.241229,10.763628,5.8229876,-11.513119,3.7661657
38,0.24510174989700317,-2.4466023445129395,105.5538558959961,0.40842505399579965,-4.709211530129941,88.09167939776798,0.116099015,1.6790533,10.765297,2.4700785,-3.1090302,-10.749092,6.3690696,-42.08879,76.76709,9.632907,11.523158,10.673824,-4.3211865,-7.716364,22.383863,66.98731,-26.505081,3.7885678,1.5111414,9.781144,0.7801308,13.520613,5.712728,-9.69373,-1.6741142,7.1397963,-4.207931,10.794635,5.822724,-11.510187,3.7424815
39,0.2782045006752014,-2.4209487438201904,105.55565643310547,0.3964146282459466,-4.64535532237411,88.08083598499573,0.1345992,1.6961079,10.744725,2.5175967,-3.153721,-10.769287,6.369276,-42.080383,76.766235,9.664985,11.598278,10.638562,-4.2930117,-7.7158613,22.404285,66.98088,-26.489481,3.718893,1.4318208,9.723855,0.8216948,13.527483,5.712229,-9.694431,-1.70848,7.073523,-4.171225,10.826801,5.8226194,-11.507168,3.7151046
40,0.31641685962677,-2.3842670917510986,105.55667877197266,0.3860077542889248,-4.579377962585345,88.06773332258881,0.13551106,1.713306,10.724579,2.5651376,-3.2204618,-10.776003,6.369104,-42.072372,76.76589,9.682537,11.650776,10.662815,-4.2821307,-7.7151423,22.455248,66.977325,-26.467796,3.688091,1.3769863,9.672661,0.8639198,13.537233,5.7124104,-9.70295,-1.7461088,7.011432,-4.132862,10.859911,5.8238955,-11.510884,3.6832433
41,0.35433605313301086,-2.3590757846832275,105.55868530273438,0.3776827823801325,-4.5097197733489525,88.05043729486431,0.118367694,1.7335135,10.703385,2.6009305,-3.3122067,-10.761276,6.368721,-42.097813,76.75917,9.648172,11.677841,10.800045,-4.302778,-7.7119083,22.52988,66.99285,-26.455221,3.7039225,1.3595799,9.607155,0.90424985,13.545384,5.713707,-9.7024355,-1.7800481,6.935957,-4.0976796,10.90095,5.8246512,-11.505613,3.6539
42,0.3953056037425995,-2.328037977218628,105.56008911132812,0.37056086046953746,-4.437677857191118,88.0300434417343,0.103588946,1.7558025,10.686322,2.618482,-3.427404,-10.738562,6.3682804,-42.143757,76.74296,9.59633,11.696682,11.009272,-4.3216286,-7.708498,22.56398,66.994354,-26.48975,3.7485528,1.3705343,9.546238,0.94423103,13.556945,5.713183,-9.706254,-1.8156393,6.8603745,-4.061877,10.945025,5.8266616,-11.503569,3.6221447
43,0.4283527433872223,-2.3065614700317383,105.56151580810547,0.36239546835008724,-4.364614169622679,88.01094143208086,0.0927997,1.7784475,10.669951,2.6237297,-3.5495868,-10.723791,6.367924,-42.20982,76.736595,9.533688,11.703706,11.206045,-4.340037,-7.703441,22.59358,66.99627,-26.524233,3.8041027,1.388157,9.475283,0.98170024,13.564087,5.7134423,-9.703442,-1.8458073,6.77742,-4.030593,10.989919,5.827297,-11.495307,3.5970411
44,0.4840314984321594,-2.2691423892974854,105.56267547607422,0.354385158207248,-4.293350490568859,87.99634081471753,0.09823088,1.7963088,10.652815,2.6133747,-3.6654677,-10.738113,6.3684006,-42.305378,76.75905,9.46827,11.697585,11.303457,-4.3506565,-7.691392,22.622362,67.007645,-26.53552,3.8502657,1.393264,9.419046,1.0325992,13.571845,5.7124786,-9.708639,-1.8929683,6.708604,-3.9826224,11.027278,5.829922,-11.496836,3.5534804
45,0.5414131283760071,-2.2305052280426025,105.56322479248047,0.3451678900182133,-4.223435888405395,87.98847425189047,0.10692836,1.8126401,10.64274,2.5997536,-3.782852,-10.772856,6.369884,-42.315483,76.79599,9.51663,11.670717,11.238925,-4.348239,-7.686359,22.626858,67.004486,-26.555258,3.8943534,1.4036757,9.364423,1.0869421,13.573979,5.7119718,-9.714852,-1.9439995,6.644245,-3.931646,11.05684,5.8320546,-11.499954,3.5079994
46,0.5965542197227478,-2.199613571166992,105.56416320800781,0.33412203980583116,-4.15379782126134,87.98522908830857,0.11896021,1.8267987,10.6356945,2.579161,-3.9053717,-10.825004,6.373659,-42.29875,76.848526,9.6128,11.625869,11.073995,-4.343109,-7.6790566,22.627588,67.00308,-26.568596,3.9419048,1.4148227,9.30294,1.1433041,13.569847,5.7120686,-9.715521,-1.9947206,6.5753818,-3.8797402,11.083336,5.8340187,-11.498386,3.4645145
47,0.652547299861908,-2.1664774417877197,105.56473541259766,0.32297709758175436,-4.085396263918383,87.98349659320547,0.121170454,1.837832,10.629676,2.5647159,-4.0201144,-10.871263,6.383225,-42.24204,76.900246,9.730874,11.577721,10.888666,-4.3416905,-7.6655097,22.62576,67.00719,-26.588394,3.9785495,1.425088,9.24421,1.2008083,13.565317,5.712561,-9.717752,-2.0466356,6.510332,-3.8269587,11.107746,5.8357606,-11.498681,3.4199247
48,0.7031254768371582,-2.1395866870880127,105.56473541259766,0.3117884877924884,-4.01929870182948,87.98119308358119,0.09937782,1.8478673,10.621588,2.5774481,-4.116669,-10.881679,6.4063907,-42.15177,76.9196,9.8293705,11.548931,10.763123,-4.360714,-7.639574,22.635004,67.038765,-26.616045,3.984313,1.4287096,9.188853,1.2550788,13.562605,5.7084856,-9.716528,-2.0942929,6.410596,-3.7713857,11.144708,5.9011264,-11.527643,3.3794253
49,0.778108537197113,-2.095273971557617,105.5648193359375,0.30119232872939694,-3.956294779232536,87.9774776308714,0.079732776,1.8586651,10.609459,2.5865223,-4.187809,-10.884289,6.4328194,-42.116116,76.941086,9.820658,11.536026,10.725693,-4.365915,-7.6153183,22.64911,67.05849,-26.625088,3.9485645,1.4125475,9.14454,1.3239969,13.565586,5.7116714,-9.725498,-2.1566794,6.327969,-3.6986792,11.180394,5.9657845,-11.565294,3.3189728
50,0.8513798117637634,-2.0567312240600586,105.56485748291016,0.28827851974795016,-3.8957599617415553,87.9739854640518,0.06843345,1.8723466,10.595608,2.5846515,-4.240872,-10.89523,6.450527,-42.11352,76.98793,9.75182,11.523046,10.731284,-4.3469143,-7.6005874,22.65423,67.04891,-26.623798,3.8874605,1.3879915,9.101473,1.3947093,13.5693865,5.712045,-9.729913,-2.21748,6.247481,-3.6246238,11.216465,6.024162,-11.596473,3.2595816
51,0.9164174795150757,-2.0168309211730957,105.56403350830078,0.27605055721821237,-3.835548459900721,87.97041195791407,0.05089554,1.8852044,10.580362,2.589899,-4.289752,-10.889699,6.480107,-42.126698,77.00854,9.658881,11.528822,10.7565775,-4.3397293,-7.577239,22.655823,67.059685,-26.632421,3.8202765,1.3688421,9.058912,1.460246,13.573382,5.7132936,-9.736322,-2.2732506,6.1664124,-3.556956,11.252607,6.086504,-11.63181,3.2060125
52,0.9874774813652039,-1.9741120338439941,105.56317901611328,0.26416892603050685,-3.772907248403344,87.96659835555542,0.030391319,1.8977934,10.56534,2.5915258,-4.3453236,-10.886518,6.5074844,-42.142673,77.040054,9.591124,11.531953,10.777992,-4.329356,-7.555191,22.650333,67.05279,-26.658365,3.7924893,1.3841163,9.014721,1.5293872,13.5774765,5.7148466,-9.742963,-2.3329818,6.0807285,-3.484714,11.289965,6.1556816,-11.671012,3.1479905
53,1.0639779567718506,-1.9253853559494019,105.56175994873047,0.2519248448534467,-3.707553211936622,87.9636603027787,-0.0027600245,1.9039719,10.5515995,2.5984519,-4.4207144,-10.866537,6.553702,-42.168743,77.04318,9.552658,11.550998,10.795459,-4.342,-7.515763,22.630117,67.064964,-26.73497,3.81716,1.4605017,8.97247,1.6022363,13.58157,5.716196,-9.753137,-2.3970459,5.9920897,-3.4073467,11.3265085,6.233089,-11.717264,3.0853531
54,1.1503151655197144,-1.8721729516983032,105.55994415283203,0.24165092698506146,-3.64062268570995,87.96114713987774,-0.044242967,1.9107338,10.538313,2.6072829,-4.5029187,-10.844468,6.594943,-42.19497,77.055435,9.536173,11.572908,10.821267,-4.3587317,-7.4769616,22.604822,67.06875,-26.837383,3.8789551,1.5827324,8.93221,1.6789602,13.58606,5.7169843,-9.764807,-2.4670715,5.8937163,-3.3230734,11.365318,6.3328133,-11.776383,3.0156026
55,1.2390698194503784,-1.824701189994812,105.5578842163086,0.22876440929870856,-3.5724556231207694,87.95715477988688,-0.08302458,1.9220036,10.522444,2.6127644,-4.581182,-10.829364,6.6235514,-42.21514,77.08968,9.527333,11.586169,10.846021,-4.3636303,-7.4475207,22.582005,67.05435,-26.922256,3.9445186,1.6935331,8.88679,1.7608371,13.591212,5.718334,-9.772564,-2.5389903,5.784918,-3.2327921,11.409268,6.4403863,-11.834231,2.944137
56,1.3217370510101318,-1.7728239297866821,105.55574035644531,0.21470524965699425,-3.5036544807661643,87.94908574483864,-0.10978244,1.9364156,10.50081,2.6125972,-4.6393676,-10.822678,6.6451917,-42.224632,77.14066,9.508496,11.586234,10.858702,-4.348913,-7.425577,22.564,67.027664,-26.955395,3.9772775,1.7323565,8.84318,1.8408672,13.601271,5.7209806,-9.78437,-2.6089027,5.6909094,-3.1480813,11.453243,6.5228186,-11.882784,2.876201
57,1.4145478010177612,-1.713641881942749,105.55362701416016,0.19983019075112318,-3.4308562879112685,87.93880030899874,-0.12502486,1.9479278,10.467677,2.6044474,-4.67339,-10.814081,6.6762214,-42.21942,77.185745,9.463706,11.576279,10.850497,-4.31222,-7.3982744,22.546051,67.00237,-26.90479,3.9497147,1.6400293,8.801261,1.9282604,13.615268,5.7224426,-9.798753,-2.6869125,5.598956,-3.0554664,11.50008,6.600491,-11.930992,2.799937
58,1.519769310951233,-1.6586681604385376,105.55154418945312,0.18278620542464794,-3.3549705603827853,87.9269274455699,-0.14256003,1.9559507,10.427562,2.6003754,-4.692224,-10.790051,6.726336,-42.187946,77.204544,9.4112425,11.565356,10.827254,-4.2704425,-7.3632336,22.539072,66.985985,-26.796816,3.8848083,1.461095,8.754562,2.0264354,13.630744,5.7234926,-9.808949,-2.7733827,5.4923224,-2.9494393,11.55422,6.6935167,-11.981628,2.714689
59,1.6293809413909912,-1.5970184803009033,105.54817962646484,0.1624766066727876,-3.282796488402834,87.90883090751917,-0.16036752,1.9677778,10.392205,2.6068509,-4.7040114,-10.7586975,6.782929,-42.139217,77.210724,9.371724,11.55574,10.800161,-4.233396,-7.331703,22.54676,66.9671,-26.693598,3.8219192,1.2909315,8.7166605,2.1309528,13.655208,5.7266216,-9.824389,-2.8645906,5.3935213,-2.8359122,11.613335,6.787129,-12.035851,2.6243596
60,1.7205721139907837,-1.5351450443267822,105.54437255859375,0.13842292112441548,-3.2216933806774404,87.87967993534231,-0.17372434,1.9882364,10.373667,2.6281345,-4.718684,-10.725881,6.8414874,-42.08904,77.207504,9.361713,11.554401,10.778689,-4.214085,-7.3016434,22.556952,66.94566,-26.671139,3.7972648,1.221536,8.694803,2.2280393,13.694068,5.729768,-9.845668,-2.946649,5.3288054,-2.7354095,11.673542,6.837743,-12.071828,2.5459185
61,1.8270817995071411,-1.4739012718200684,105.54004669189453,0.10725873962521504,-3.178726522083579,87.83797369057952,-0.17777416,2.0219152,10.381882,2.664728,-4.7457438,-10.698128,6.8968883,-42.046524,77.199715,9.399563,11.564798,10.761752,-4.2217155,-7.2695637,22.559793,66.92609,-26.803259,3.8375869,1.3196536,8.7019005,2.3410912,13.753328,5.7292957,-9.868849,-3.0407627,5.2917514,-2.6158385,11.74109,6.8734083,-12.099012,2.4537675
62,1.9470425844192505,-1.4180550575256348,105.53274536132812,0.06948350597669649,-3.1481573470272144,87.78644182740656,-0.17198806,2.0652835,10.407193,2.710367,-4.7766266,-10.67622,6.948241,-42.008854,77.19342,9.468912,11.580666,10.745735,-4.2450705,-7.233466,22.554808,66.90806,-27.036983,3.9162216,1.5213883,8.72139,2.4702497,13.825929,5.7348037,-9.893863,-3.1451027,5.2366767,-2.471912,11.826436,6.9637537,-12.148617,2.3499913
63,2.0603690147399902,-1.3590980768203735,105.52459716796875,0.03125707911605627,-3.118307621321644,87.72661878337,-0.15642789,2.1115448,10.431184,2.7574453,-4.7968616,-10.663665,6.989526,-41.977753,77.20937,9.532589,11.590123,10.738471,-4.264678,-7.2012286,22.546244,66.88236,-27.253931,3.991422,1.7232463,8.747593,2.595256,13.90865,5.7364583,-9.920751,-3.2465706,5.1846795,-2.3326793,11.918691,7.051715,-12.19908,2.250627
64,2.172597885131836,-1.2944132089614868,105.51737213134766,-0.007097438996832312,-3.0772296915379123,87.66052181193437,-0.14019962,2.1486955,10.437168,2.8081234,-4.791,-10.643316,7.0393963,-41.941044,77.22548,9.557537,11.5935335,10.744007,-4.275908,-7.1654305,22.540047,66.859634,-27.34402,4.018398,1.8182852,8.762465,2.720059,13.995384,5.741974,-9.951335,-3.348215,5.1348543,-2.1975276,12.014676,7.114034,-12.237661,2.1524124
65,2.301969289779663,-1.229775071144104,105.51010131835938,-0.041155507097445025,-3.0208772188530237,87.5839835697542,-0.11455909,2.176662,10.417876,2.8545713,-4.7437577,-10.626375,7.0837426,-41.907433,77.269066,9.521951,11.580702,10.773403,-4.258352,-7.1431265,22.539526,66.81143,-27.212774,3.9785867,1.7535995,8.761246,2.8502896,14.089093,5.746971,-9.978184,-3.4594212,5.0373216,-2.0504231,12.132895,7.2284613,-12.29511,2.044318
66,2.429110527038574,-1.1615400314331055,105.50112915039062,-0.0753674953922013,-2.9563200652374997,87.49751821763557,-0.084708534,2.199037,10.385765,2.9050035,-4.667206,-10.601682,7.1364374,-41.869762,77.308525,9.450951,11.563685,10.818312,-4.227372,-7.128009,22.545084,66.74741,-26.942974,3.896671,1.5946516,8.753815,2.9788578,14.191471,5.7523346,-10.00703,-3.570003,4.915906,-1.9020532,12.2662325,7.3719635,-12.366905,1.9381018
67,2.558018922805786,-1.0953913927078247,105.4927978515625,-0.11054725209342894,-2.886964615693115,87.41004148110719,-0.056774225,2.2218482,10.348732,2.9593916,-4.5931625,-10.572464,7.194675,-41.830082,77.34282,9.36798,11.544236,10.863507,-4.1919255,-7.118993,22.558714,66.67868,-26.66132,3.8063571,1.4196208,8.74031,3.110502,14.294109,5.75785,-10.033998,-3.6823533,4.7946424,-1.7527142,12.399799,7.5007544,-12.428357,1.8311006
68,2.694460868835449,-1.0237016677856445,105.48350524902344,-0.1499414882282148,-2.816625395875655,87.33052590073919,-0.03793582,2.250857,10.313851,3.0189805,-4.5515637,-10.541705,7.2551904,-41.788807,77.37291,9.297743,11.524079,10.893979,-4.1663513,-7.1109133,22.58061,66.62668,-26.497704,3.740682,1.3044739,8.727537,3.2535312,14.390926,5.7665105,-10.063817,-3.801544,4.6848297,-1.5936261,12.523138,7.6169,-12.487036,1.7166244
69,2.835916042327881,-0.9258109331130981,105.47203063964844,-0.19224020786096244,-2.742550068357259,87.26322878515828,-0.023791764,2.2888958,10.276153,3.0789695,-4.5527096,-10.526559,7.2979584,-41.758244,77.43825,9.233842,11.491074,10.910595,-4.1486197,-7.1012163,22.603796,66.60152,-26.531103,3.7111025,1.275637,8.723299,3.4046223,14.480837,5.777436,-10.106358,-3.9278047,4.605039,-1.4302206,12.626727,7.706502,-12.549894,1.5942059
70,2.9844534397125244,-0.8443718552589417,105.46037292480469,-0.23858107912415125,-2.6641867420260406,87.20274894858082,-0.031507257,2.324958,10.236954,3.1603343,-4.581182,-10.4843855,7.3700514,-41.708843,77.458046,9.172561,11.467334,10.915572,-4.158795,-7.0778203,22.650131,66.62099,-26.678291,3.6947005,1.2859607,8.704466,3.5672379,14.561642,5.788728,-10.137984,-4.05869,4.5010724,-1.2540207,12.730819,7.8137383,-12.609506,1.4676557
71,3.138310194015503,-0.7624046206474304,105.44813537597656,-0.28820908127287215,-2.5877736574893295,87.14340375490592,-0.04381725,2.3627193,10.199743,3.244156,-4.620774,-10.442042,7.4431267,-41.65509,77.47702,9.127223,11.444633,10.911063,-4.178245,-7.050763,22.699963,66.65245,-26.83027,3.6832502,1.3072801,8.687632,3.7382913,14.642752,5.802653,-10.170295,-4.194407,4.4058027,-1.0707253,12.831767,7.9103975,-12.663555,1.3362492
72,3.303049087524414,-0.6832170486450195,105.43174743652344,-0.34361333007324796,-2.5200663943413293,87.07928241287468,-0.055654198,2.4040267,10.172277,3.3242388,-4.653721,-10.400991,7.5166006,-41.592236,77.48769,9.116636,11.428044,10.895451,-4.199637,-7.026054,22.747887,66.670586,-26.875315,3.668016,1.311278,8.682027,3.9231977,14.732085,5.8192325,-10.203797,-4.3387737,4.292519,-0.8655629,12.943496,8.060695,-12.742029,1.1951591
73,3.461308479309082,-0.600566565990448,105.4159164428711,-0.4011791169855144,-2.465291159684587,87.00770245799575,-0.06538457,2.4407346,10.159792,3.3940732,-4.684357,-10.362717,7.5904818,-41.51845,77.48913,9.170528,11.41815,10.856004,-4.221128,-7.0097756,22.793083,66.662186,-26.744307,3.6483839,1.2826581,8.64513,4.118565,14.816288,5.9359546,-10.293071,-4.4813256,4.2191663,-0.6675265,13.051334,8.165785,-12.801883,1.0577056
74,3.6279473304748535,-0.5123791098594666,105.39752197265625,-0.46334895344067556,-2.419027807181189,86.93175113824003,-0.07442544,2.481031,10.159177,3.4571192,-4.719772,-10.32643,7.6645646,-41.436085,77.48206,9.271676,11.41238,10.797461,-4.2412953,-7.0024643,22.838474,66.631195,-26.507366,3.6303883,1.2415578,8.58262,4.335487,14.895849,6.135218,-10.427865,-4.6321015,4.159473,-0.4569869,13.161338,8.273997,-12.867255,0.9116575
75,3.79976487159729,-0.4225316345691681,105.37650299072266,-0.5339180634125138,-2.3747050925676483,86.85602986971003,-0.084062696,2.531131,10.160363,3.5231047,-4.7495975,-10.291019,7.7378063,-41.348305,77.47017,9.3674345,11.411159,10.744221,-4.257666,-7.0044365,22.88299,66.589645,-26.2652,3.613589,1.2124999,8.49293,4.575145,14.9673,6.3980966,-10.59469,-4.7893796,4.101048,-0.23130101,13.270863,8.387415,-12.935195,0.7594367
76,3.955212116241455,-0.3340073227882385,105.35212707519531,-0.6191716673477149,-2.3253981417505836,86.78479139615334,-0.09406462,2.602778,10.15448,3.600287,-4.7654476,-10.256246,7.8082657,-41.259277,77.45705,9.404708,11.414674,10.720731,-4.265506,-7.01399,22.924074,66.54543,-26.118261,3.598496,1.2198012,8.318458,4.8456993,15.008615,6.812279,-10.834832,-4.942074,4.040757,4.4401157e-05,13.375743,8.490941,-12.998103,0.61548746
77,4.117199420928955,-0.22779496014118195,105.3238525390625,-0.7202791166439956,-2.2622611830296586,86.71849400242262,-0.10404734,2.6977587,10.132149,3.695944,-4.7586427,-10.224747,7.874437,-41.176376,77.45293,9.348545,11.422633,10.745253,-4.2632422,-7.031179,22.961536,66.50109,-26.095638,3.5782137,1.271681,8.099979,5.1517196,15.034696,7.3011465,-11.117428,-5.1058955,3.98823,0.25288102,13.47313,8.57171,-13.057379,0.46122482
78,4.284566879272461,-0.1387406885623932,105.29331970214844,-0.8333657658662607,-2.1916432371603363,86.65510015684515,-0.11246123,2.8098931,10.100466,3.8020241,-4.7354956,-10.198147,7.9354405,-41.098724,77.45694,9.232577,11.433944,10.801017,-4.2516403,-7.0561996,22.993866,66.4507,-26.143612,3.5549102,1.3542838,7.8097105,5.4927287,15.035206,7.8927503,-11.43864,-5.276173,3.9030585,0.5280336,13.574879,8.6757145,-13.11364,0.302717
79,4.450438022613525,-0.04406812787055969,105.25788116455078,-0.9594593933710623,-2.1283247662149694,86.59475599049792,-0.11663428,2.939557,10.071848,3.9046712,-4.705869,-10.178589,7.9862947,-41.01987,77.466576,9.1060915,11.445987,10.8615465,-4.2348566,-7.0863905,23.015232,66.40194,-26.241812,3.540347,1.4574816,7.4926443,5.8604164,15.022474,8.562328,-11.801056,-5.450573,3.8287818,0.81968445,13.672016,8.785899,-13.178071,0.14034599
80,4.606535911560059,0.05772377550601959,105.21500396728516,-1.1004436395648827,-2.087641615965107,86.53829729791822,-0.112297066,3.083907,10.05583,3.9881847,-4.673912,-10.174402,8.016397,-40.943962,77.49424,9.01058,11.45256,10.902207,-4.221671,-7.112074,23.018457,66.37604,-26.370438,3.543683,1.5669354,7.163006,6.2523165,14.997532,9.320158,-12.21257,-5.624246,3.7758198,1.1269072,13.762434,8.921441,-13.265516,-0.02183158
81,4.765128135681152,0.15736638009548187,105.16575622558594,-1.2612598265655102,-2.0725315671906253,86.4826847485005,-0.114920236,3.2518544,10.067255,4.0689535,-4.6525908,-10.144579,8.061796,-40.80282,77.451454,9.01426,11.475622,10.895207,-4.2061615,-7.161194,23.019293,66.32851,-26.566559,3.5925074,1.7217405,6.8232856,6.6823063,14.963709,10.161007,-12.666128,-5.805803,3.7504349,1.4630338,13.84951,9.063412,-13.358244,-0.19290416
82,4.916260242462158,0.2504696846008301,105.10859680175781,-1.441067920543337,-2.075061470039289,86.42874036124542,-0.11265653,3.438809,10.088923,4.140786,-4.6279783,-10.119247,8.098663,-40.653496,77.40501,9.049783,11.501133,10.865752,-4.194276,-7.2111783,23.011852,66.295845,-26.825691,3.666812,1.904409,6.4481535,7.1468883,14.911145,11.107142,-13.170454,-5.9890137,3.7205255,1.824371,13.938489,9.249616,-13.47212,-0.36451426
83,5.066492557525635,0.35582080483436584,105.04364013671875,-1.6289988235035264,-2.093297947037299,86.38319772426263,-0.11356577,3.6366384,10.121463,4.20236,-4.6031575,-10.098629,8.124913,-40.49931,77.359955,9.084639,11.523869,10.8421755,-4.1837387,-7.262826,22.993462,66.27583,-27.06315,3.7349615,2.0691743,6.086092,7.6244903,14.8502445,12.077697,-13.69089,-6.174653,3.698034,2.2014277,14.018011,9.481339,-13.621228,-0.5408648
84,5.214441776275635,0.4589613676071167,104.96983337402344,-1.8175199441773446,-2.1251458774784817,86.35323777169714,-0.1275083,3.8387403,10.168493,4.2534394,-4.584834,-10.077622,8.143778,-40.337013,77.30756,9.090498,11.541076,10.851117,-4.167293,-7.326071,22.967102,66.25141,-27.188452,3.7691014,2.1739585,5.7149467,8.107028,14.765215,13.087537,-14.222538,-6.3571224,3.6415613,2.5917804,14.088019,9.818119,-13.826749,-0.71733385
85,5.367254734039307,0.5563299655914307,104.89022827148438,-2.008769230397429,-2.167659394228593,86.34492742598766,-0.1611824,4.051245,10.227821,4.2813954,-4.585612,-10.054584,8.155767,-40.16804,77.24604,9.047288,11.554104,10.912578,-4.133584,-7.413204,22.934258,66.19666,-27.145418,3.7605743,2.2028532,5.3358107,8.600572,14.651206,14.120818,-14.757198,-6.5392046,3.574906,2.996249,14.137303,10.202441,-14.057082,-0.8989014
86,5.506659507751465,0.6604472994804382,104.80221557617188,-2.2078767883255987,-2.222509952550822,86.35340523702402,-0.20486107,4.2762175,10.299042,4.2871795,-4.5974584,-10.035146,8.158491,-40.001972,77.18095,8.968628,11.563391,11.00797,-4.0845003,-7.5194464,22.892397,66.11944,-26.989561,3.7265835,2.1809332,4.9461412,9.102324,14.511534,15.201776,-15.31726,-6.713841,3.5086677,3.4071536,14.168517,10.631066,-14.320712,-1.0755345
87,5.655200481414795,0.7637247443199158,104.7347183227539,-2.401602354166432,-2.294414170438046,86.36825182975134,-0.24712333,4.5033154,10.390285,4.293531,-4.6054463,-10.021422,8.151663,-39.833546,77.10967,8.888402,11.566102,11.105682,-4.02927,-7.6420054,22.840466,66.041756,-26.798004,3.6806235,2.1319084,4.254255,9.648627,14.233236,16.85917,-16.143812,-6.8650484,3.6235564,3.7764144,14.155245,10.735122,-14.42424,-1.2557933
88,5.763108253479004,0.8813654780387878,104.67601013183594,-2.581621936282797,-2.3885592247428593,86.37917888524399,-0.27714738,4.7216787,10.508666,4.3239665,-4.5922947,-10.015726,8.13537,-39.65953,77.03138,8.8383875,11.559032,11.174342,-3.9802742,-7.7745557,22.77906,65.991776,-26.647388,3.6350973,2.0778039,3.550776,10.174339,13.944576,18.570004,-16.940893,-7.004045,3.8384116,4.081091,14.123551,10.707859,-14.482496,-1.4048809
89,5.908585548400879,0.9890847206115723,104.6202163696289,-2.751452564863755,-2.50879855765729,86.38140767088177,-0.29227212,4.9341516,10.657866,4.3956823,-4.549782,-10.019678,8.109631,-39.47235,76.94636,8.847999,11.537792,11.192033,-3.9455802,-7.91238,22.710512,65.98772,-26.559631,3.5848699,2.0153236,2.8135846,10.701083,13.638705,20.39081,-17.678816,-7.1448793,4.090411,4.3975315,14.092674,10.655742,-14.520626,-1.5774142
90,6.02757453918457,1.0896049737930298,104.56765747070312,-2.9146109033514587,-2.651724441005558,86.38137176972235,-0.30086482,5.1438456,10.832641,4.495106,-4.485842,-10.030551,8.074775,-39.27197,76.856346,8.895133,11.505018,11.18043,-3.9227982,-8.054611,22.635784,66.02127,-26.494944,3.5243037,1.9338251,2.0404887,11.234076,13.314091,22.316195,-18.289991,-7.2844133,4.382131,4.681753,14.055448,10.5655155,-14.543074,-1.7287163
91,6.148090362548828,1.19681978225708,104.5145263671875,-3.0589139260011957,-2.8112655430011446,86.38483075034381,-0.3076247,5.339966,11.025993,4.598864,-4.412991,-10.043407,8.031583,-39.069145,76.7597,8.932087,11.469118,11.173364,-3.9073765,-8.200602,22.552025,66.08125,-26.437574,3.4650698,1.8436904,1.2448218,11.741351,12.991382,24.297144,-18.687218,-7.3785796,4.6829877,4.9476132,14.012032,10.5092945,-14.5924,-1.878049
92,6.258731365203857,1.3122754096984863,104.46771240234375,-3.1757382580308424,-2.981555521210825,86.39745784914264,-0.31562033,5.512693,11.231276,4.681668,-4.346679,-10.054,7.9809313,-38.877766,76.653725,8.90941,11.438581,11.204478,-3.892289,-8.349141,22.453754,66.15341,-26.372116,3.4193177,1.7555816,0.42321602,12.198038,12.694838,26.321463,-18.829897,-7.3528714,5.02161,5.1669583,13.950791,10.416524,-14.635995,-2.0145223
93,6.3757829666137695,1.4280593395233154,104.43096160888672,-3.2574260196498623,-3.169603342742973,86.42781132947631,-0.3337855,5.656163,11.456308,4.7317967,-4.293581,-10.064739,7.923445,-38.710453,76.53987,8.776268,11.419312,11.304262,-3.882618,-8.5004015,22.341076,66.24361,-26.291899,3.3932314,1.6713127,-0.4163728,12.60704,12.459846,28.404552,-18.705406,-7.185354,5.417433,5.3391037,13.858809,10.25807,-14.655194,-2.1470897
94,6.487544059753418,1.534047245979309,104.39701080322266,-3.312122334200413,-3.3759686812940912,86.47038241134332,-0.35561755,5.777887,11.701859,4.76195,-4.248649,-10.077833,7.8590784,-38.56263,76.41784,8.567895,11.405648,11.447374,-3.87731,-8.654063,22.213219,66.35391,-26.206593,3.3792682,1.5853746,-1.2669142,12.990874,12.293808,30.540485,-18.334148,-6.8714514,5.811384,5.479686,13.751544,10.138955,-14.696082,-2.268814
95,6.60028076171875,1.6447422504425049,104.36672973632812,-3.348212505411193,-3.584240966146845,86.50976913483518,-0.36203328,5.8855677,11.948641,4.785976,-4.1924243,-10.088966,7.787836,-38.419346,76.28639,8.365995,11.389482,11.5840645,-3.864786,-8.810131,22.063873,66.47129,-26.12832,3.3679223,1.497661,-2.1481042,13.349453,12.158435,32.710026,-17.824152,-6.3225193,6.216422,5.596352,13.644442,10.008245,-14.735584,-2.3868053
96,6.7047953605651855,1.7735376358032227,104.3412094116211,-3.373199471118031,-3.777677282519545,86.53082107275698,-0.3343422,5.9876013,12.177678,4.817808,-4.1101265,-10.093433,7.7096515,-38.263683,76.14316,8.253761,11.363749,11.664562,-3.8330238,-8.968437,21.886105,66.581856,-26.069435,3.3498228,1.408162,-3.0806518,13.668441,11.990033,34.890743,-17.336748,-5.446797,6.6423273,5.6846986,13.552996,9.818429,-14.75374,-2.4967372
97,6.81158447265625,1.8963357210159302,104.3176040649414,-3.389097630529308,-3.95317206973536,86.53575407265969,-0.2733681,6.0859785,12.384758,4.8659625,-3.9860773,-10.0886755,7.623335,-38.088314,75.97906,8.285221,11.328367,11.659013,-3.7756515,-9.130187,21.665426,66.67918,-26.04055,3.319541,1.3112091,-4.1037087,13.942006,11.786028,37.1565,-17.00422,-4.0320196,7.0269966,5.766311,13.487283,9.655709,-14.775561,-2.6043637
98,6.914688587188721,2.0350959300994873,104.29755401611328,-3.3918840778902317,-4.119079696400164,86.5304831247357,-0.18633913,6.178501,12.580263,4.9203863,-3.833121,-10.0784235,7.52829,-37.90083,75.79791,8.408094,11.286565,11.59894,-3.6970544,-9.294754,21.406384,66.76677,-26.034206,3.2836068,1.2099894,-5.19326,14.161733,11.549532,39.484684,-16.868683,-2.2296839,7.4293776,5.823225,13.429615,9.453464,-14.78628,-2.707342
99,7.005674362182617,2.186542272567749,104.27991485595703,-3.3791040297328174,-4.27606025822138,86.50524361886251,-0.06696779,6.261847,12.76516,4.9705844,-3.6769881,-10.064993,7.4264684,-37.705704,75.61706,8.545117,11.236232,11.527659,-3.6093535,-9.46108,21.135979,66.857925,-26.035759,3.249524,1.1155305,-6.273068,14.295143,11.218884,41.703484,-16.891083,-0.5262008,7.825676,5.8506794,13.389293,9.255057,-14.805667,-2.7978814
100,7.095197677612305,2.346595525741577,104.26544952392578,-3.348294144998001,-4.424873610649132,86.45038500212635,0.088195324,6.3328,12.94137,5.0085454,-3.5439036,-10.047859,7.3221765,-37.503544,75.44948,8.620067,11.176684,11.487958,-3.5270588,-9.626613,20.887438,66.96667,-26.026516,3.2247484,1.0385191,-7.273494,14.315722,10.7472105,43.658855,-16.937023,0.659677,8.209367,5.8533726,13.373174,9.067701,-14.83154,-2.8814702
101,7.180631160736084,2.4948387145996094,104.2557144165039,-3.293477173365923,-4.570535328275543,86.35322869170047,0.28811288,6.386853,13.114037,5.0326767,-3.444991,-10.022313,7.2199116,-37.28401,75.28618,8.596253,11.107623,11.498548,-3.462785,-9.790321,20.673391,67.11397,-25.996532,3.2023318,0.977476,-8.176802,14.197999,10.098769,45.34147,-16.9934,1.1796641,8.545535,5.827607,13.395264,8.94402,-14.876604,-2.9515474
102,7.279321670532227,2.6631016731262207,104.24754333496094,-3.2172656375458146,-4.710834488277192,86.22259049838614,0.52201253,6.4255257,13.2816,5.0530925,-3.3650491,-9.982495,7.121893,-37.042763,75.112885,8.52113,11.032118,11.533932,-3.41377,-9.95172,20.486572,67.2943,-25.95222,3.180464,0.9267897,-9.025277,13.954095,9.317869,46.840324,-17.059145,1.2775849,8.875299,5.784097,13.4436,8.843026,-14.939988,-3.0260715
103,7.372628211975098,2.8321731090545654,104.2436752319336,-3.127716090257747,-4.835581021473552,86.08098178591102,0.76464224,6.4508553,13.434885,5.079054,-3.2894084,-9.926712,7.029051,-36.791553,74.93693,8.443935,10.953909,11.570944,-3.3721662,-10.109294,20.328773,67.485985,-25.901443,3.1740324,0.8897693,-9.849355,13.613274,8.459503,48.171722,-17.108358,1.1155084,9.188846,5.7173195,13.501337,8.736404,-14.998186,-3.0917692
104,7.452676296234131,3.0132956504821777,104.24211120605469,-3.030587398329254,-4.93425699471477,85.95068554568203,0.99163806,6.464432,13.564383,5.119179,-3.2060912,-9.854162,6.941003,-36.544765,74.76735,8.4115505,10.876346,11.586892,-3.3307235,-10.261143,20.202017,67.66874,-25.851395,3.1978383,0.8694031,-10.678351,13.207961,7.5785375,49.34387,-17.10705,0.861036,9.490714,5.6279263,13.550263,8.609629,-15.053835,-3.14688
105,7.53310489654541,3.2016191482543945,104.23715209960938,-2.9302030183775662,-4.998176598128443,85.83062532443412,1.2075403,6.4660864,13.658546,5.1806393,-3.1004736,-9.763314,6.856733,-36.301563,74.60215,8.451016,10.798813,11.570042,-3.2871196,-10.405808,20.113773,67.84274,-25.799515,3.2651238,0.87413013,-11.517371,12.725648,6.6372004,50.339893,-17.05091,0.48269537,9.716592,5.543881,13.604711,8.565647,-15.150928,-3.2022436
106,7.605690002441406,3.401655435562134,104.23686218261719,-2.8196018965233,-5.034789747218345,85.71090344379967,1.4216504,6.4535484,13.725101,5.2577777,-2.9841254,-9.6548,6.776258,-36.05645,74.43917,8.531639,10.719637,11.534817,-3.2475088,-10.543348,20.061956,68.02038,-25.743347,3.3646245,0.8986902,-12.352919,12.157439,5.6238656,51.172813,-16.969639,-0.08326596,9.938056,5.434234,13.658928,8.480659,-15.232153,-3.2493088
107,7.68347692489624,3.6280736923217773,104.23860168457031,-2.700490101108117,-5.058503242950664,85.60181607173615,1.61886,6.427262,13.783733,5.3376613,-2.8759277,-9.53346,6.7006054,-35.819775,74.28906,8.612144,10.640006,11.4973755,-3.2134883,-10.673463,20.02986,68.19466,-25.690973,3.4744217,0.9265846,-13.165503,11.546131,4.6393466,51.854958,-16.855618,-0.71349066,10.20474,5.3064213,13.694013,8.313697,-15.289538,-3.3005087
108,7.7477126121521,3.8344626426696777,104.23628997802734,-2.5718917197529363,-5.083574165390344,85.51336575407453,1.7867129,6.387735,13.853774,5.404826,-2.7994344,-9.405703,6.631081,-35.607212,74.163216,8.64862,10.56155,11.473748,-3.1836393,-10.796036,19.994942,68.355804,-25.65326,3.5723867,0.9417662,-13.932397,10.936842,3.7842312,52.385853,-16.688475,-1.2820802,10.387019,5.177822,13.718858,8.29961,-15.416523,-3.338383
109,7.79876708984375,4.077637672424316,104.23530578613281,-2.427944924268887,-5.115829482499721,85.44984508372082,1.9239191,6.329172,13.943315,5.4489603,-2.7654867,-9.274196,6.5688877,-35.431427,74.063866,8.618933,10.478558,11.466243,-3.1553364,-10.910887,19.945393,68.5042,-25.63371,3.6494305,0.9253362,-14.649797,10.329918,3.0663948,52.762924,-16.453335,-1.7851031,10.657592,5.0086627,13.698098,8.1848,-15.527495,-3.367771
110,7.865241050720215,4.304115295410156,104.23138427734375,-2.2707440350148174,-5.147046392542147,85.4051987260766,2.0411186,6.2540555,14.041295,5.4759674,-2.7593238,-9.137574,6.51386,-35.289776,73.98524,8.545733,10.393037,11.466288,-3.124426,-11.017605,19.885664,68.638,-25.63076,3.718563,0.89177835,-15.325407,9.712754,2.4365292,52.97606,-16.156227,-2.2746212,10.858835,4.8515406,13.66727,8.193141,-15.690929,-3.4036756
111,7.934892177581787,4.5319905281066895,104.22762298583984,-2.1127151450558306,-5.1704450979189485,85.37457310858485,2.1419864,6.1750727,14.137714,5.4963036,-2.7697897,-8.996937,6.464884,-35.172554,73.928116,8.453499,10.317752,11.474044,-3.091058,-11.117698,19.81961,68.74999,-25.647932,3.7900603,0.87395567,-15.97548,9.115795,1.897992,53.05118,-15.823778,-2.7090414,11.0641985,4.693939,13.62183,8.180044,-15.844947,-3.4417279
112,7.991535186767578,4.767994403839111,104.2221908569336,-1.9666131866002452,-5.179103029669154,85.3532554584661,2.2301285,6.106407,14.223158,5.5200105,-2.7805524,-8.853321,6.420067,-35.068985,73.89316,8.36793,10.265092,11.489336,-3.052956,-11.212265,19.751291,68.827896,-25.687443,3.8755093,0.9056062,-16.618229,8.5682125,1.454935,53.01326,-15.478961,-3.045833,11.276889,4.5370517,13.568972,8.127713,-15.98425,-3.4742804
113,8.036431312561035,5.020408630371094,104.21354675292969,-1.8362895192778546,-5.175067436501138,85.34517030275958,2.296639,6.050443,14.298895,5.5485725,-2.7921245,-8.706906,6.3779726,-34.977108,73.882355,8.289476,10.243286,11.518687,-3.0136075,-11.301231,19.68276,68.86684,-25.763811,3.9926372,1.0110605,-17.25624,8.08055,1.1160998,52.86033,-15.112339,-3.258321,11.517385,4.384129,13.502801,8.01183,-16.10259,-3.5047545
114,8.080209732055664,5.27865743637085,104.20267486572266,-1.7156745478202915,-5.160931537588817,85.35123364041553,2.341913,6.0007977,14.368441,5.577801,-2.808892,-8.557597,6.338213,-34.89977,73.89758,8.20849,10.243095,11.560528,-2.9733372,-11.384657,19.61344,68.87378,-25.870268,4.1305914,1.1674587,-17.882814,7.6401944,0.87502486,52.581936,-14.713842,-3.3713608,11.767737,4.2396183,13.424112,7.8618736,-16.207268,-3.5379267
115,8.126287460327148,5.5387282371521,104.1856918334961,-1.6012447042731213,-5.129908377333264,85.36233584053387,2.384005,5.956654,14.425118,5.608962,-2.8302853,-8.406757,6.3006287,-34.83347,73.93918,8.135287,10.250082,11.601676,-2.9251518,-11.464591,19.543419,68.8556,-25.977142,4.257218,1.3376592,-18.493067,7.2388024,0.71803373,52.17613,-14.300801,-3.420107,11.95697,4.1150966,13.354027,7.7983203,-16.353273,-3.5746818
116,8.173654556274414,5.813383102416992,104.1675796508789,-1.4912584094886827,-5.075552787766268,85.36946030079743,2.4403088,5.9177027,14.462322,5.6439776,-2.8529608,-8.25535,6.265329,-34.773224,74.00766,8.081342,10.249944,11.629283,-2.86248,-11.545115,19.473532,68.81882,-26.054182,4.340878,1.4849113,-19.09165,6.868844,0.6271187,51.65773,-13.898445,-3.4404354,12.141038,3.9917526,13.289885,7.706757,-16.489214,-3.6136591
117,8.204484939575195,6.100916862487793,104.14825439453125,-1.3837791454805843,-4.988962161122028,85.3643818496231,2.5243144,5.884383,14.470643,5.6852145,-2.8654714,-8.105065,6.2313886,-34.701813,74.1026,8.073415,10.256511,11.608985,-2.7758787,-11.631225,19.399786,68.75629,-26.10048,4.365868,1.6188034,-19.680197,6.5361695,0.6258123,51.015064,-13.507429,-3.4153886,12.282347,3.8584218,13.245234,7.6362205,-16.638288,-3.640687
118,8.224686622619629,6.398745536804199,104.12794494628906,-1.2817766766060665,-4.876029903592391,85.35412961300501,2.6232693,5.8580527,14.456929,5.7310233,-2.8744967,-7.9546103,6.198323,-34.6238,74.222946,8.100626,10.271337,11.557496,-2.6683414,-11.723619,19.32394,68.66085,-26.12793,4.3530755,1.7544068,-20.264727,6.241477,0.7122118,50.25635,-13.119553,-3.3339553,12.401717,3.7206142,13.210755,7.5571017,-16.78507,-3.6609817
119,8.245715141296387,6.722435474395752,104.1025161743164,-1.186085271737469,-4.751822743361912,85.35188296376143,2.7163928,5.837513,14.438082,5.7769556,-2.89967,-7.8012114,6.167832,-34.57158,74.36928,8.113769,10.26193,11.538755,-2.554145,-11.819156,19.255375,68.541985,-26.125519,4.324999,1.8617675,-20.822351,5.9696617,0.84137064,49.382736,-12.736213,-3.243656,12.544467,3.5867183,13.165586,7.4408813,-16.929049,-3.6864855
120,8.283226013183594,7.033874034881592,104.07421875,-1.0974570672517572,-4.631776658406273,85.37046020190225,2.7838109,5.8210754,14.430659,5.8179507,-2.9614224,-7.64227,6.143118,-34.58232,74.541695,8.059501,10.196753,11.617132,-2.4489856,-11.912746,19.203224,68.41388,-26.08263,4.303396,1.909632,-21.3507,5.705358,0.96068656,48.419903,-12.3635645,-3.1903043,12.68048,3.478594,13.103708,7.3367534,-17.071999,-3.7251308
121,8.317464828491211,7.336445331573486,104.04008483886719,-1.0164011994536204,-4.520156453979633,85.41836821247163,2.8092942,5.807767,14.440025,5.854483,-3.0696578,-7.4668126,6.127326,-34.71433,74.75015,7.8829618,10.020833,11.888676,-2.3640535,-11.999304,19.181438,68.28549,-25.988422,4.2936044,1.8677564,-21.83277,5.451373,1.0812025,47.34481,-12.013834,-3.1924481,12.79673,3.3893409,13.018297,7.287171,-17.242245,-3.7643325
122,8.333271980285645,7.656534194946289,104.00261688232422,-0.9428093724363368,-4.408755527559846,85.48664756117462,2.8111165,5.7965546,14.455374,5.885564,-3.2113137,-7.282372,6.1212378,-34.94781,74.9922,7.614957,9.766439,12.292623,-2.2895844,-12.078691,19.1785,68.15411,-25.851927,4.2824593,1.7571738,-22.281757,5.210679,1.220691,46.159145,-11.679687,-3.2236652,12.959817,3.2913494,12.903751,7.172255,-17.397337,-3.7950032
123,8.368317604064941,7.979150772094727,103.96133422851562,-0.8762736369402642,-4.294556912754374,85.56353864200528,2.8159096,5.7905536,14.472373,5.907139,-3.3738606,-7.108546,6.1238403,-35.186996,75.24142,7.3408666,9.534289,12.6570425,-2.2093437,-12.1519575,19.166916,68.009735,-25.692913,4.265057,1.6257722,-22.70376,4.973973,1.3448521,44.888126,-11.3341255,-3.2657337,13.129167,3.2166433,12.78259,7.043436,-17.544268,-3.841947
124,8.380990028381348,8.307611465454102,103.915771484375,-0.8157292611775463,-4.173976629405721,85.63674783064269,2.8460956,5.79024,14.486475,5.9200172,-3.5453448,-6.961536,6.1337347,-35.320316,75.4702,7.154472,9.427306,12.811569,-2.1116333,-12.221444,19.124128,67.84648,-25.532148,4.2368803,1.5219004,-23.100801,4.731373,1.4218925,43.54969,-10.947752,-3.2991931,13.2746105,3.1373942,12.668551,6.953815,-17.716112,-3.8748093
125,8.384992599487305,8.66133975982666,103.8686294555664,-0.7640285899941359,-4.0463765641532,85.70581703516456,2.9044876,5.7969923,14.500503,5.9280114,-3.7275276,-6.8503413,6.1505036,-35.264263,75.6566,7.116308,9.518608,12.647193,-1.9853922,-12.289976,19.035395,67.64309,-25.32323,4.1840014,1.4364804,-23.479809,4.4791636,1.4395959,42.145267,-10.527245,-3.3204312,13.49723,3.0461764,12.543243,6.7243104,-17.833117,-3.9056227
126,8.413507461547852,9.00581169128418,103.81491088867188,-0.7198070865649658,-3.9134464328185943,85.77595930544473,2.970135,5.80846,14.516528,5.9398146,-3.9267101,-6.7555003,6.174569,-35.065212,75.814285,7.1858506,9.738029,12.275607,-1.8494508,-12.355455,18.92676,67.41711,-25.072655,4.1127753,1.3521476,-23.82798,4.2239337,1.4187253,40.652435,-10.078989,-3.3389747,13.652734,2.9957848,12.43434,6.605135,-17.994526,-3.955379
127,8.423871994018555,9.362936973571777,103.7588119506836,-0.6817263160098386,-3.775854989862062,85.84497231243297,3.031975,5.824882,14.531778,5.9596334,-4.133775,-6.6500874,6.2075114,-34.815178,75.96122,7.2972364,9.9767,11.8573265,-1.7278405,-12.416351,18.83195,67.204636,-24.877865,4.0518427,1.3077432,-24.156075,3.9726238,1.3634616,39.10834,-9.590663,-3.35289,13.837417,2.933972,12.319983,6.43199,-18.138382,-3.9947376
128,8.425219535827637,9.745136260986328,103.69873046875,-0.6522580964068437,-3.6351598103436635,85.9111195105472,3.0804253,5.846082,14.542018,5.9902396,-4.342333,-6.510088,6.2510085,-34.616825,76.12084,7.3731623,10.127028,11.55504,-1.6478232,-12.467516,18.785343,67.05136,-24.835464,4.0284133,1.3383037,-24.477472,3.7332864,1.276298,37.55761,-9.054539,-3.3611073,14.094383,2.863175,12.194876,6.1401987,-18.239542,-4.032478
129,8.42354965209961,10.13455581665039,103.63546752929688,-0.6312490958324929,-3.482715440321178,85.97234213127042,3.1209524,5.8736033,14.533583,6.031469,-4.543954,-6.3395877,6.3007507,-34.53172,76.322365,7.3776574,10.146661,11.416007,-1.6256135,-12.498165,18.79955,66.98926,-25.041742,4.0607524,1.4883974,-24.796019,3.502575,1.1413478,35.983612,-8.43109,-3.370819,14.356117,2.7967763,12.075361,5.818517,-18.327564,-4.0702415
130,8.420731544494629,10.536194801330566,103.5686264038086,-0.6197623769717641,-3.3212031227899907,86.03024013880953,3.1615238,5.907569,14.511474,6.07699,-4.741523,-6.153282,6.357864,-34.513855,76.550514,7.341604,10.098335,11.353291,-1.6417111,-12.50958,18.8499,66.99181,-25.422398,4.1279974,1.7246246,-25.111685,3.2793417,0.95955765,34.382744,-7.740854,-3.379495,14.457594,2.7753031,11.995785,5.808615,-18.575594,-4.1123524
131,8.420066833496094,10.941995620727539,103.49625396728516,-0.6130750001801748,-3.1668616540700643,86.08693246551661,3.202999,5.93991,14.4927435,6.1154747,-4.9478197,-5.955473,6.424896,-34.525497,76.78835,7.270568,10.027883,11.332764,-1.6749381,-12.505849,18.915295,67.032585,-25.816528,4.197045,1.9587481,-25.388308,3.0707052,0.77545524,32.759575,-7.048905,-3.3745797,14.567599,2.7631412,11.917316,5.8053565,-18.830824,-4.1584764
132,8.41611099243164,11.33939266204834,103.4147720336914,-0.606252370790549,-3.0358381842756845,86.14450316377699,3.2478027,5.9657817,14.495243,6.1336527,-5.169765,-5.753453,6.499795,-34.528297,77.023315,7.172614,9.979202,11.320225,-1.6985486,-12.493296,18.971529,67.07627,-26.062243,4.2386885,2.1036217,-25.602215,2.8812857,0.63116205,31.125847,-6.416683,-3.3425155,14.704935,2.7507942,11.831966,5.796803,-19.084282,-4.2033715
133,8.421586036682129,11.752276420593262,103.33033752441406,-0.5917359641733626,-2.9364730174270663,86.20527091258411,3.2941725,5.9761357,14.53093,6.1239634,-5.4221263,-5.5479336,6.583816,-34.517338,77.252075,7.0446177,9.964749,11.317355,-1.7032204,-12.478271,19.0128,67.112305,-26.093103,4.2382426,2.1193037,-25.739964,2.6993458,0.5231738,29.476349,-5.839802,-3.2757397,14.891847,2.7401175,11.732806,5.7918634,-19.35627,-4.2576137
134,8.401248931884766,12.198994636535645,103.24738311767578,-0.5751044915029976,-2.8596625442739207,86.26744869787808,3.3416348,5.9787583,14.590317,6.0942183,-5.6961536,-5.33476,6.677217,-34.506977,77.47819,6.888779,9.96079,11.337768,-1.6985272,-12.461986,19.049713,67.14834,-26.00312,4.216404,2.0611122,-25.836502,2.524519,0.4284947,27.838596,-5.3045278,-3.1841369,15.129315,2.7109056,11.6186905,5.7874813,-19.658934,-4.298622
135,8.396438598632812,12.649962425231934,103.1541976928711,-0.5690237108036176,-2.7941298299073063,86.32683275025987,3.3933668,5.989625,14.657387,6.056376,-5.973039,-5.1103644,6.7793612,-34.485565,77.695946,6.7202873,9.95837,11.365383,-1.689818,-12.443375,19.085962,67.18224,-25.86972,4.1967916,1.9835893,-25.88482,2.3770928,0.37753356,26.199036,-4.8376355,-3.0847297,15.383769,2.7076283,11.508819,5.7828245,-19.963722,-4.355361
136,8.36562442779541,13.115220069885254,103.05296325683594,-0.5901825710783215,-2.729117690771074,86.37845626572134,3.4513938,6.02451,14.716159,6.024235,-6.232197,-4.869901,6.889169,-34.436386,77.900116,6.55796,9.9482975,11.384122,-1.6855977,-12.419894,19.126802,67.21539,-25.771261,4.2031856,1.940729,-25.921253,2.2746162,0.38867998,24.596252,-4.4769278,-2.9925003,15.645343,2.7184734,11.409101,5.779502,-20.279503,-4.4019675
137,8.353272438049316,13.586531639099121,102.94384002685547,-0.6464663828303773,-2.6656601767356642,86.42008241321335,3.5104227,6.0934067,14.766641,6.0097604,-6.4648128,-4.607898,7.005824,-34.36778,78.087654,6.408448,9.925568,11.395275,-1.7011266,-12.38866,19.180838,67.25885,-25.727062,4.2548976,1.955819,-25.940552,2.2316337,0.47500905,23.028473,-4.2723293,-2.915515,15.910232,2.7846267,11.330639,5.7730384,-20.590511,-4.471531
138,8.335319519042969,14.059646606445312,102.82764434814453,-0.7311961745634097,-2.6093924147243217,86.45317490762133,3.5711415,6.186022,14.816003,6.004643,-6.6832156,-4.327121,7.129324,-34.281704,78.263115,6.262051,9.895498,11.405979,-1.7312448,-12.348948,19.246431,67.31391,-25.695148,4.3343353,1.9958183,-25.931217,2.2325587,0.62421614,21.481983,-4.190399,-2.8494322,16.185167,2.8803518,11.265952,5.760038,-20.89803,-4.544611
139,8.294330596923828,14.566503524780273,102.7064437866211,-0.8303310628423385,-2.557325862919765,86.47863808794717,3.6421106,6.2902856,14.860479,5.993781,-6.896355,-4.034463,7.2598615,-34.147976,78.430244,6.1163645,9.865348,11.40851,-1.7557416,-12.302887,19.313377,67.369064,-25.66292,4.409898,2.0303771,-25.910608,2.2560647,0.81600904,19.988703,-4.162607,-2.7940223,16.48337,2.9766881,11.206956,5.7528453,-21.23258,-4.609216
140,8.254759788513184,15.091161727905273,102.58513641357422,-0.9326814096828809,-2.505607807697592,86.49740015965169,3.730629,6.3927264,14.895843,5.963429,-7.119437,-3.7345116,7.39809,-33.93005,78.59012,5.97333,9.842562,11.39493,-1.7549877,-12.254505,19.37287,67.410675,-25.618147,4.450354,2.0304325,-25.895664,2.280658,1.0309945,18.576448,-4.1175175,-2.7462893,16.790035,3.077265,11.156493,5.749394,-21.578009,-4.677824
141,8.213098526000977,15.627119064331055,102.45675659179688,-1.0398475799745834,-2.459907993045569,86.51355053591077,3.8310018,6.4951854,14.931592,5.910471,-7.3620453,-3.4258468,7.54375,-33.634003,78.74144,5.8463426,9.828396,11.349161,-1.7231253,-12.20651,19.430796,67.43042,-25.5335,4.4361696,1.9667923,-25.891357,2.3056538,1.2616504,17.25909,-4.0495167,-2.7072697,17.11153,3.1826787,11.110406,5.747091,-21.933083,-4.7486706
142,8.169027328491211,16.17664909362793,102.3214340209961,-1.1566170847541415,-2.4211278112078176,86.5231246676608,3.9428883,6.604825,14.967508,5.843012,-7.6155224,-3.103712,7.6967196,-33.269936,78.88086,5.7329826,9.819547,11.279384,-1.6697279,-12.159586,19.490875,67.43305,-25.422388,4.388469,1.86372,-25.893356,2.3436313,1.5188233,16.03557,-4.0024943,-2.68018,17.452005,3.2969885,11.072677,5.7397447,-22.294542,-4.82272
143,8.117438316345215,16.7354679107666,102.2170639038086,-1.2828996444849008,-2.38021807736833,86.51703137597808,4.0776386,6.720682,14.988433,5.7657804,-7.8632627,-2.762866,7.857603,-32.8029,78.99897,5.6137753,9.81865,11.213945,-1.5980232,-12.112713,19.542097,67.42287,-25.333174,4.3374844,1.7729337,-25.747835,2.3921854,1.8542095,14.629337,-3.8463025,-2.664933,17.787329,3.4097564,11.052571,5.733304,-22.651514,-4.8872366
144,8.067392349243164,17.32575225830078,102.11583709716797,-1.4157322186652919,-2.327977092063965,86.48869511933668,4.241356,6.8406796,14.980061,5.6864667,-8.089826,-2.394001,8.028028,-32.188553,79.082596,5.4756184,9.828794,11.18078,-1.515208,-12.063956,19.575203,67.40796,-25.315945,4.312998,1.7461835,-25.59409,2.4513495,2.2306714,13.268717,-3.6751692,-2.6570935,18.119734,3.5188155,11.050856,5.727255,-22.993488,-4.936627
145,8.005074501037598,17.933244705200195,102.0147933959961,-1.5544666844410733,-2.255865028262597,86.43331175982689,4.4387226,6.9641023,14.933405,5.6094546,-8.291512,-1.986522,8.20859,-31.374828,79.120964,5.3245835,9.867245,11.18006,-1.4260982,-12.011371,19.578833,67.39128,-25.40368,4.3314342,1.8214282,-25.44691,2.5264592,2.6521223,11.971752,-3.5009236,-2.669444,18.433014,3.6216218,11.070099,5.725388,-23.290512,-4.9578485
146,7.934906482696533,18.556381225585938,101.91688537597656,-1.699865598227594,-2.170242555728315,86.3568789107403,4.657398,7.0887847,14.858845,5.5368977,-8.477714,-1.5338776,8.399168,-30.379198,79.10864,5.1761904,9.929603,11.197823,-1.3335364,-11.953672,19.56687,67.374344,-25.564953,4.3729744,1.9634695,-25.336172,2.6126785,3.1046088,10.781921,-3.3368444,-2.6971316,18.73971,3.7207773,11.1000185,5.7247133,-23.51863,-4.942686
147,7.872316360473633,19.19628143310547,101.8172607421875,-1.8502960764176537,-2.083512413483703,86.26652314379987,4.88289,7.210236,14.769276,5.47083,-8.6501665,-1.0347288,8.600128,-29.27294,79.04186,5.021708,9.986666,11.240698,-1.2402362,-11.890404,19.567324,67.36261,-25.750372,4.4135733,2.1124766,-25.229378,2.7048204,3.5822709,9.714279,-3.2138228,-2.7207196,19.048866,3.8169203,11.12941,5.724716,-23.647131,-4.883177
148,7.818141460418701,19.848363876342773,101.72496795654297,-2.0017129559995337,-2.006576092818331,86.17199131816155,5.1022463,7.3247447,14.676372,5.408924,-8.814095,-0.494994,8.811752,-28.13913,78.92263,4.8452163,10.008123,11.315505,-1.144165,-11.820756,19.605057,67.35668,-25.908495,4.4302716,2.20855,-25.10021,2.7966964,4.0763545,8.781259,-3.1560197,-2.7177997,19.37317,3.9110808,11.14458,5.7272863,-23.652248,-4.777443
149,7.738816738128662,20.52576446533203,101.63085174560547,-2.156518550525139,-1.9391063339881982,86.07656620612053,5.326945,7.4345837,14.572522,5.337194,-8.953128,0.08487707,9.034558,-26.982094,78.75928,4.5929446,9.963676,11.445415,-1.0322415,-11.74518,19.683453,67.3568,-26.034391,4.4132123,2.2261617,-24.94906,2.8898673,4.630037,7.937341,-3.164264,-2.6804345,19.723274,4.007355,11.13954,5.7304482,-23.521204,-4.628013
150,7.668174743652344,21.226072311401367,101.54605102539062,-2.310369545582966,-1.8727035753192636,85.9793114122709,5.5583706,7.537029,14.452194,5.2576656,-9.071774,0.7070702,9.266326,-25.775343,78.54789,4.2807126,9.876969,11.618054,-0.90722144,-11.663797,19.788855,67.36036,-26.150146,4.375982,2.199797,-24.765194,2.983224,5.237325,7.160643,-3.2210238,-2.622581,20.088863,4.1013184,11.117076,5.7327437,-23.238888,-4.43731
151,7.601558208465576,21.92060661315918,101.47401428222656,-2.45064772978431,-1.8031871262373056,85.88839239077745,5.7667527,7.6121497,14.326947,5.1897745,-9.199898,1.36066,9.501629,-24.562107,78.28211,3.9939785,9.797029,11.789394,-0.7914233,-11.57687,19.915216,67.36772,-26.247965,4.329949,2.1577623,-24.57059,3.0539672,5.7961717,6.526413,-3.2942874,-2.5344625,20.452084,4.174829,11.073389,5.7416105,-22.793798,-4.2030864
152,7.5240349769592285,22.657669067382812,101.40071868896484,-2.568005580086024,-1.728788593567975,85.80968176067921,5.931159,7.6468196,14.20827,5.145911,-9.3678465,2.0217366,9.733255,-23.403088,77.97195,3.8076608,9.770501,11.917376,-0.6995215,-11.484934,20.049318,67.3746,-26.320131,4.2869277,2.1280155,-24.343716,3.0907817,6.21668,6.0653296,-3.3462112,-2.4060366,20.81113,4.2146587,11.010691,5.757789,-22.188477,-3.9323206
153,7.438227653503418,23.388235092163086,101.34310913085938,-2.6804871448634997,-1.679276559685474,85.73623786473942,6.0600758,7.6666017,14.120308,5.12239,-9.601028,2.673748,9.955758,-22.315788,77.630325,3.7500844,9.817929,11.991215,-0.624925,-11.391228,20.172377,67.37232,-26.368677,4.24995,2.1164923,-24.048159,3.1307883,6.481794,5.80661,-3.461256,-2.2551377,21.210245,4.248179,10.944035,5.780259,-21.452553,-3.648074
154,7.341273307800293,24.135334014892578,101.29339599609375,-2.7857155392821946,-1.645502613100577,85.66309063630285,6.17502,7.672958,14.04704,5.1040244,-9.8764515,3.312416,10.167587,-21.287624,77.2737,3.76993,9.906699,12.035226,-0.54909056,-11.296548,20.280533,67.353386,-26.400267,4.2144785,2.1099825,-23.67619,3.1731212,6.64077,5.698785,-3.5594468,-2.0600023,21.624386,4.2703304,10.885001,5.8104014,-20.607275,-3.358519
155,7.249502658843994,24.90126609802246,101.25887298583984,-2.8286417540850604,-1.5649384117647624,85.60335585314539,6.268626,7.603267,13.938411,5.0871816,-10.144573,3.9292822,10.3689575,-20.335802,76.9258,3.8216653,10.002403,12.062688,-0.47636163,-11.199844,20.384188,67.32907,-26.415607,4.177888,2.104954,-23.3552,3.1291182,6.6512265,5.7211065,-3.1642747,-1.6923947,21.989908,4.2155676,10.819962,5.8502645,-19.693966,-3.0640652
156,7.173205375671387,25.696861267089844,101.23969268798828,-2.7587974922330445,-1.37562230558835,85.56603232952945,6.3391514,7.399024,13.743458,5.0665655,-10.357775,4.51547,10.560727,-19.483637,76.61208,3.8555768,10.070868,12.0859785,-0.40803865,-11.096547,20.493837,67.30813,-26.412828,4.13847,2.0978878,-23.165972,2.9209337,6.5159554,5.8142595,-1.9421766,-1.0765494,22.234375,4.0196013,10.740625,5.901811,-18.750526,-2.7613206
157,7.089296817779541,26.487794876098633,101.27859497070312,-2.538699735271926,-1.024361604104765,85.55235424345115,6.388435,7.0176435,13.421884,5.034213,-10.481171,5.0645647,10.744583,-18.739449,76.33286,3.8750482,10.104871,12.10591,-0.3453417,-10.984916,20.606373,67.28796,-26.370495,4.089267,2.0849435,-23.19815,2.4956,6.230811,6.035646,0.1531257,-0.17419374,22.313932,3.6350718,10.638316,5.9678583,-17.854336,-2.4465327
158,7.019593715667725,27.35066795349121,101.3270034790039,-2.197348246492606,-0.5543089395683355,85.54908045341823,6.426873,6.493046,13.00549,4.992558,-10.546658,5.5780244,10.92209,-18.097696,76.08541,3.8975763,10.121379,12.117695,-0.28496227,-10.864791,20.715948,67.267044,-26.296675,4.0336103,2.0684454,-23.396456,1.9067476,5.8849654,6.410533,2.7121732,0.87272084,22.263485,3.095274,10.527653,6.0471005,-17.029425,-2.1229663
159,6.948362350463867,28.231901168823242,101.38709259033203,-1.7845070538352397,-0.049713680616801266,85.55296938076529,6.4542623,5.8805537,12.553526,4.9535947,-10.596984,6.058266,11.094548,-17.560188,75.891205,3.8950415,10.122437,12.126803,-0.22952057,-10.735107,20.830694,67.26619,-26.23605,3.9831185,2.0526235,-23.647394,1.2337502,5.6062784,6.825616,5.2594595,1.8600886,21.596136,2.5766811,10.541763,7.286689,-16.824133,-1.809024
160,6.871423721313477,29.087928771972656,101.48259735107422,-1.3540109444087196,0.4029455482946045,85.56619186059874,6.4641714,5.2405086,12.12785,4.9304976,-10.674382,6.5081487,11.263217,-17.127766,75.7689,3.8378623,10.110453,12.138783,-0.18322034,-10.593837,20.961613,67.30731,-26.231525,3.9492385,2.0404124,-23.772705,0.55838966,5.474449,7.1085596,7.4392796,2.64331,20.416918,2.1554022,10.695829,9.686548,-17.182379,-1.5161653
161,6.774629592895508,29.970279693603516,101.58902740478516,-0.8842196080404222,0.8028735325119882,85.59610286664375,6.441668,4.5481873,11.731352,4.939236,-10.789594,6.932806,11.4314165,-16.799673,75.71329,3.7108521,10.077041,12.165982,-0.16345593,-10.437375,21.139235,67.419525,-26.291971,3.9317982,2.0252771,-23.826843,-0.15665205,5.440595,7.2347407,9.218299,3.2677984,19.425966,1.6705557,10.823139,11.831942,-17.302944,-1.2163162
162,6.710938930511475,30.889326095581055,101.69183349609375,-0.365678222596411,1.184042045755262,85.64217160392913,6.385739,3.7926438,11.338194,4.9739084,-10.918926,7.334064,11.601761,-16.569744,75.709694,3.533003,10.0257435,12.202588,-0.1694434,-10.26493,21.358194,67.59102,-26.390825,3.9258246,2.0061262,-23.691313,-0.924598,5.510608,7.139016,10.534215,3.753594,18.519476,1.1206766,10.9404545,13.855904,-17.248232,-0.8930823
163,6.644585609436035,31.818157196044922,101.79041290283203,0.16644806588164995,1.5338289503083946,85.70611347175415,6.303757,3.0172887,10.951615,5.01093,-11.062466,7.700213,11.773256,-16.4341,75.76983,3.3261561,9.975217,12.227707,-0.17548937,-10.080086,21.564976,67.77665,-26.523754,3.9346476,1.9947616,-23.570894,-1.6957703,5.632643,7.0798745,11.327117,4.100827,17.713543,0.55384624,11.054777,15.762051,-17.02358,-0.5410451
164,6.573958873748779,32.758304595947266,101.88651275634766,0.6588823823796905,1.8315174926741609,85.77983827012955,6.2182155,2.2866085,10.580673,5.020996,-11.216299,8.0148,11.943364,-16.395845,75.91015,3.1110506,9.942903,12.220667,-0.14627816,-9.889759,21.694258,67.9225,-26.693426,3.9617822,2.0053487,-23.371546,-2.3881106,5.806085,7.0887876,11.578133,4.299104,17.002563,0.036896467,11.1910515,17.565136,-16.616962,-0.15780379
165,6.496791362762451,33.69599151611328,101.98330688476562,1.088515179691984,2.063545431248823,85.87027912748013,6.1278787,1.6282957,10.229953,4.987322,-11.3953085,8.27407,12.111392,-16.480341,76.152534,2.8865354,9.919777,12.185924,-0.056249972,-9.696561,21.704096,67.9997,-26.948982,4.0225086,2.0511723,-23.147964,-2.9606252,6.0042005,7.2656507,11.40463,4.3380747,16.416666,-0.40207344,11.34509,19.249992,-16.035744,0.23505041
166,6.424996376037598,34.63771057128906,102.08417510986328,1.483952181699186,2.244448915391327,85.97934860327535,6.033272,1.0118387,9.89216,4.916658,-11.595614,8.47314,12.278841,-16.69572,76.49207,2.6380444,9.899337,12.132193,0.08415509,-9.502024,21.612646,68.026405,-27.286348,4.1102576,2.1248736,-22.881868,-3.4582915,6.216835,7.5440006,10.99458,4.2675714,15.907636,-0.7933615,11.514253,20.880627,-15.308803,0.6364245
167,6.345971584320068,35.6086540222168,102.18583679199219,1.8729658552335828,2.3977514553177923,86.09516357720736,5.951438,0.40923023,9.559982,4.8196096,-11.791556,8.601049,12.4443035,-17.010592,76.8979,2.370196,9.904079,12.04404,0.25389236,-9.311214,21.45663,68.01662,-27.619785,4.1966696,2.2093194,-22.815193,-3.9529235,6.396884,8.439222,10.131876,4.228839,15.403623,-1.1680009,11.710114,22.512785,-14.432341,1.0781671
168,6.272570610046387,36.5718994140625,102.28447723388672,2.2782436722234856,2.543512027461101,86.20423724843042,5.89566,-0.20422812,9.230631,4.7123785,-11.957889,8.65222,12.604708,-17.38047,77.3351,2.0945609,9.956389,11.905753,0.42791304,-9.131352,21.282597,67.986786,-27.858711,4.2543015,2.2879639,-22.604404,-4.480956,6.578644,9.068447,9.353602,4.262535,14.823442,-1.5450414,11.953479,24.239386,-13.425669,1.5961932
169,6.20323371887207,37.5440559387207,102.38813018798828,2.720718641834546,2.703575939183764,86.3184537301069,5.853364,-0.85312897,8.881735,4.6039505,-12.088171,8.634986,12.758699,-17.79253,77.80731,1.8226545,10.073959,11.704182,0.6239618,-8.965171,21.086,67.925575,-27.950344,4.2718315,2.3546329,-22.23491,-5.0835214,6.74162,9.366187,8.674581,4.408716,14.131042,-1.9344648,12.264405,26.102278,-12.295246,2.240831
170,6.114363193511963,38.49809646606445,102.48992156982422,3.180435800736741,2.8599422052210794,86.44011865771589,5.815941,-1.5161802,8.525236,4.4904566,-12.199134,8.55783,12.905649,-18.256933,78.321526,1.553677,10.241184,11.45052,0.84330034,-8.812371,20.860569,67.82654,-27.945227,4.267082,2.419964,-21.746597,-5.7431026,6.8914213,9.416946,8.072204,4.634481,13.371173,-2.3131745,12.6391535,28.057117,-11.0375595,2.9851172
171,6.032747268676758,39.43690490722656,102.5827865600586,3.619086422183778,2.971962717265159,86.53918733854235,5.8014183,-2.1475155,8.212203,4.3731556,-12.29108,8.418231,13.042258,-18.75751,78.84607,1.2829255,10.43145,11.166053,1.0335846,-8.676652,20.659094,67.718185,-27.902979,4.2568855,2.4915628,-21.238632,-6.367045,7.031931,9.506073,7.4250336,4.8671737,12.58125,-2.642311,13.063617,30.085985,-9.671632,3.7517104
172,5.940234184265137,40.36752700805664,102.68182373046875,3.9999364603483327,2.9994535168356364,86.58506123090908,5.8217034,-2.7019744,7.995064,4.2616153,-12.367375,8.220328,13.16299,-19.26275,79.34253,1.0110749,10.618042,10.871564,1.1366093,-8.562509,20.553268,67.63314,-27.871937,4.2586946,2.5767481,-20.654125,-6.9058747,7.2056623,9.626247,6.74488,5.0594873,11.784043,-2.8843415,13.52122,32.202995,-8.23069,4.4615383
173,5.835966110229492,41.27484893798828,102.79327392578125,4.30953989176309,2.933588805742281,86.5658866096732,5.886742,-3.1648154,7.881887,4.1577897,-12.4199295,7.96375,13.262161,-19.75329,79.8108,0.7361676,10.802618,10.550144,1.1329141,-8.474304,20.593184,67.60095,-27.824041,4.277635,2.672396,-19.946102,-7.3452106,7.42788,9.696048,6.0768137,5.2005315,10.97017,-3.0168433,14.011472,34.446777,-6.686385,5.074356
174,5.724752902984619,42.156192779541016,102.90948486328125,4.569554978028892,2.7956850171896415,86.49862819586149,5.9771905,-3.5608234,7.8474874,4.070509,-12.4484005,7.6568356,13.338034,-20.226446,80.262886,0.46775946,10.995667,10.199613,1.0444828,-8.411901,20.760807,67.60535,-27.729395,4.305797,2.7757506,-19.140253,-7.717191,7.6801596,9.715382,5.4155607,5.3176956,10.131684,-3.0566926,14.539643,36.802437,-5.0327168,5.6469555
175,5.607639789581299,43.00920867919922,103.0232925415039,4.796392736510173,2.591852808776926,86.39540458096474,6.0638986,-3.9083688,7.8931575,4.017499,-12.474068,7.31431,13.393003,-20.678638,80.68245,0.22262731,11.182466,9.862735,0.8747599,-8.372957,21.016846,67.61436,-27.641397,4.339385,2.8949726,-18.256084,-8.043852,7.9604273,9.702249,4.7616787,5.4167156,9.294116,-3.0290048,15.092822,39.20286,-3.3337708,6.2397203
176,5.491297245025635,43.83908462524414,103.14208221435547,5.004119259153723,2.3278915498440536,86.26819774351233,6.1187572,-4.225581,8.020512,4.0154514,-12.522269,6.952287,13.430958,-21.101059,81.04958,0.022912709,11.349425,9.581808,0.6289453,-8.354002,21.313686,67.59225,-27.620775,4.374257,3.0400665,-17.24229,-8.3523035,8.273451,9.542551,4.17733,5.499802,8.47061,-2.957967,15.66373,41.61013,-1.668826,6.905568
177,5.383702754974365,44.66782760620117,103.25531005859375,5.186536702963417,1.991686440443572,86.11027881811194,6.153467,-4.504857,8.248526,4.0625916,-12.598421,6.5644546,13.454771,-21.503487,81.358086,-0.13347529,11.501454,9.358669,0.29887825,-8.352388,21.653276,67.542076,-27.701578,4.4046574,3.2327216,-16.177292,-8.61635,8.617777,9.442348,3.5464787,5.558177,7.647056,-2.8036292,16.324364,44.088528,0.010164645,7.5622005
178,5.274094104766846,45.461769104003906,103.35911560058594,5.341477701640985,1.5840592301486107,85.91827704524653,6.181347,-4.7409816,8.569716,4.148409,-12.6893835,6.143158,13.465171,-21.897568,81.62031,-0.26329848,11.64372,9.172231,-0.11253155,-8.366675,22.052643,67.47928,-27.84637,4.4327607,3.4612627,-15.060609,-8.841453,8.995959,9.365584,2.9011934,5.5990796,6.8240786,-2.5631046,17.051313,46.6415,1.721397,8.2145815
179,5.159537315368652,46.221561431884766,103.45304107666016,5.486397662356013,1.1315401823895965,85.70877802818293,6.178671,-4.959554,8.94625,4.2741365,-12.785088,5.703078,13.465424,-22.271002,81.838165,-0.3589666,11.764155,9.028957,-0.58367586,-8.391142,22.47057,67.38693,-28.022875,4.4652257,3.6868155,-13.887476,-9.062924,9.393185,9.237996,2.2888923,5.6332564,6.0284967,-2.329191,17.701685,49.142757,3.342953,9.026477
180,5.0375518798828125,46.96163558959961,103.52901458740234,5.640456689485779,0.6617475401059153,85.49906749829333,6.12533,-5.1874228,9.334345,4.437149,-12.869775,5.2465906,13.460125,-22.656334,82.02982,-0.45081136,11.847587,8.935003,-1.0974927,-8.42291,22.89501,67.25732,-28.16586,4.5110645,3.8618221,-12.709562,-9.307428,9.786383,9.108859,1.6888318,5.6704335,5.272184,-2.2106123,18.142344,51.47847,4.753443,10.144322
181,4.944795608520508,47.696285247802734,103.59381103515625,5.8191476081297004,0.17753133962092357,85.27329724340879,6.0400305,-5.4472566,9.736983,4.63002,-12.952975,4.785221,13.456579,-23.01931,82.174164,-0.5044786,11.891679,8.898801,-1.6570747,-8.449924,23.293121,67.08603,-28.341736,4.5900836,3.9912379,-11.484154,-9.574823,10.194407,8.90924,1.1275235,5.6887016,4.565062,-2.2640593,18.38517,53.62496,6.0592704,11.855436
182,4.840646743774414,48.4029426574707,103.64389038085938,6.010223350702589,-0.3326603076472569,85.02758001075162,5.9284534,-5.7249765,10.168448,4.8560348,-13.034195,4.3161683,13.456519,-23.36671,82.26582,-0.52732766,11.906039,8.912773,-2.2747715,-8.469499,23.684048,66.891426,-28.555098,4.689248,4.090898,-10.214508,-9.872769,10.62317,8.645204,0.6068092,5.709003,3.8781462,-2.4415877,18.50281,55.668144,7.2902355,13.968204
183,4.7438859939575195,49.09059143066406,103.68431854248047,6.192061054736345,-0.8613320185198072,84.79254102440308,5.76192,-5.9925265,10.614487,5.1220083,-13.104377,3.835764,13.4565325,-23.714193,82.314644,-0.5318978,11.904184,8.95785,-2.9206824,-8.485271,24.030016,66.66089,-28.74318,4.766479,4.150199,-8.927546,-10.170381,11.030735,8.355329,0.11172922,5.723762,3.1581311,-2.7150967,18.433046,57.656136,8.207764,15.887935
184,4.646909236907959,49.78902816772461,103.72706604003906,6.344500435065029,-1.4009007829540656,84.5990564883861,5.5169363,-6.2235756,11.063106,5.42859,-13.159128,3.3356864,13.451341,-24.067173,82.33134,-0.5141986,11.8990755,9.013439,-3.5548625,-8.5030775,24.258938,66.37033,-28.869846,4.7775445,4.1638026,-7.5876355,-10.461758,11.383829,7.97496,-0.3345633,5.739388,2.3514628,-3.0797274,18.090805,59.629364,8.560951,17.015821
185,4.530093193054199,50.458778381347656,103.76805114746094,6.474024226068134,-1.9638044500638392,84.44676372149783,5.1921673,-6.4240985,11.525399,5.7853537,-13.193599,2.8047588,13.434487,-24.44454,82.32445,-0.4775158,11.887981,9.072131,-4.1785707,-8.531835,24.33862,66.00393,-28.948267,4.7106705,4.1348386,-6.1696267,-10.770682,11.684563,7.4372125,-0.68086976,5.7726064,1.450388,-3.6512063,17.315458,61.615414,8.093603,17.126554
186,4.426524639129639,51.11072540283203,103.80136108398438,6.587884692909048,-2.5497743258249437,84.3257311197124,4.806988,-6.6043277,12.003549,6.176284,-13.2135,2.2350478,13.403419,-24.848577,82.30147,-0.41846257,11.863847,9.144232,-4.7917433,-8.575383,24.277536,65.55536,-29.010862,4.5921607,4.070871,-4.723949,-11.07006,11.939718,6.862717,-0.9927694,5.800305,0.48970425,-4.436618,16.19925,63.574802,6.982882,16.565073
187,4.284757614135742,51.7497673034668,103.83250427246094,6.664174834373481,-3.133052824525065,84.25272071861393,4.36732,-6.7443113,12.469493,6.5659595,-13.211709,1.6182932,13.359459,-25.297726,82.28381,-0.36154762,11.830474,9.237881,-5.3629537,-8.63177,24.108526,65.02952,-29.010052,4.437651,3.9618874,-3.2617958,-11.365667,12.138296,6.2111244,-1.2487261,5.845796,-0.5111466,-5.25463,15.028748,65.42865,5.624445,15.600389
188,4.147260665893555,52.41457748413086,103.87301635742188,6.681958069650743,-3.6867074540944773,84.24102608174093,3.8879902,-6.824695,12.895439,6.9133897,-13.185229,0.93977636,13.30322,-25.828066,82.29888,-0.342447,11.790639,9.360604,-5.857018,-8.69879,23.860209,64.431564,-28.89681,4.2620015,3.795871,-1.9058282,-11.582731,12.263042,5.716164,-1.5754126,5.87661,-1.5486547,-5.9084754,14.069363,67.10882,4.428025,14.481416
189,4.0253143310546875,53.06931686401367,103.91366577148438,6.6261021626277925,-4.2175662178327915,84.29621982406854,3.3552082,-6.8327293,13.290532,7.217458,-13.140245,0.20705,13.232989,-26.460865,82.34053,-0.41050047,11.735115,9.547675,-6.2711005,-8.774504,23.522133,63.748363,-28.675346,4.065578,3.5568118,-0.816828,-11.658729,12.303245,5.684103,-2.1045308,5.885046,-2.6300673,-6.3042254,13.378683,68.61226,3.4815285,13.122102
190,3.8715264797210693,53.69060516357422,103.95637512207031,6.509440891565507,-4.736626274518207,84.41042777441469,2.771125,-6.7830415,13.667921,7.4933333,-13.07588,-0.57886,13.146048,-27.185377,82.40084,-0.5414889,11.665528,9.7827425,-6.6194744,-8.859736,23.08182,62.981335,-28.365665,3.8413553,3.2539053,0.23197907,-11.684618,12.284749,5.6523857,-2.6013806,5.904411,-3.7445292,-6.5289855,12.817415,69.965996,2.5625398,11.460925
191,3.71618914604187,54.29533767700195,104.00053405761719,6.357571807477607,-5.220878294206669,84.57411950240257,2.1738808,-6.697927,14.006367,7.7270412,-12.984304,-1.4373341,13.041184,-27.979588,82.496254,-0.65502876,11.602661,9.996802,-6.893051,-8.956388,22.5681,62.156105,-27.941862,3.5914328,2.9144106,1.2232059,-11.670053,12.2185755,5.6274347,-3.0757606,5.9209323,-4.8715415,-6.662636,12.328834,71.131714,1.6535878,9.756121
192,3.5955660343170166,54.973976135253906,104.05004119873047,6.192527310484846,-5.6470360234220145,84.77822110101049,1.5966568,-6.595829,14.283036,7.9085636,-12.861942,-2.3829522,12.918149,-28.814505,82.6389,-0.6686635,11.56805,10.120994,-7.0859275,-9.0663,22.020683,61.299675,-27.370796,3.3181138,2.5653317,2.179683,-11.623307,12.116025,5.6114616,-3.5726023,5.912927,-5.9938726,-6.790738,11.853307,72.0754,0.73846555,8.261291
193,3.462963104248047,55.61841583251953,104.08956909179688,6.007709444088727,-6.00179785819093,85.02290600549223,1.029012,-6.4683313,14.486716,8.046839,-12.712252,-3.4166884,12.775675,-29.682253,82.832535,-0.54532933,11.572803,10.124121,-7.1940007,-9.191471,21.435263,60.4067,-26.509615,2.9904168,2.162544,3.0289478,-11.557464,11.975577,5.5984287,-4.032175,5.9127555,-7.115828,-6.911901,11.37376,72.77099,-0.17278953,7.0439057
194,3.3259670734405518,56.2619743347168,104.1249008178711,5.794502774969691,-6.2992515682446095,85.31192468648011,0.45551926,-6.305821,14.634467,8.147385,-12.539621,-4.5232396,12.611653,-30.587812,83.05972,-0.32934958,11.604951,10.046977,-7.2215953,-9.331915,20.804302,59.46372,-25.41621,2.6140003,1.7121595,3.8032382,-11.458991,11.79487,5.5942903,-4.476321,5.912608,-8.23925,-6.978888,10.9086075,73.239746,-1.0685534,5.9731045
195,3.1981873512268066,56.91145706176758,104.16588592529297,5.567169943171919,-6.557284729558887,85.64225303152215,-0.101543725,-6.1241255,14.743393,8.197886,-12.33649,-5.6919913,12.425532,-31.517344,83.3017,-0.05814904,11.651559,9.92974,-7.180702,-9.484146,20.169106,58.491573,-24.35351,2.248966,1.3134584,4.531929,-11.335995,11.576599,5.5922556,-4.909021,5.9054213,-9.342094,-7.0129085,10.449992,73.50457,-1.9497218,5.002466
196,3.0705361366271973,57.54475402832031,104.20503234863281,5.341117074086989,-6.793632371671358,86.01061765957895,-0.6265208,-5.942076,14.827886,8.193122,-12.094312,-6.9057174,12.21878,-32.445316,83.53526,0.23467016,11.699715,9.8137245,-7.0940423,-9.641922,19.584017,57.5226,-23.576292,1.9608653,1.0592353,5.224756,-11.209954,11.322453,5.5905256,-5.323048,5.899716,-10.398648,-7.042534,9.992115,73.57513,-2.8108816,4.0860167
197,2.9415009021759033,58.16227722167969,104.23268127441406,5.120272903297936,-7.009026070320576,86.42762768933642,-1.1312679,-5.765958,14.881305,8.130515,-11.80368,-8.16728,11.993915,-33.366173,83.76735,0.57175595,11.756665,9.680697,-6.971369,-9.800125,19.073088,56.565914,-23.152882,1.7712544,0.99423057,5.8816247,-11.085887,11.02196,5.590792,-5.7183156,5.897979,-11.404374,-7.068109,9.517029,73.43489,-3.6492836,3.213721
198,2.8182969093322754,58.80741882324219,104.26180267333984,4.893277987864808,-7.194750921194321,86.89127929841413,-1.6286278,-5.585734,14.897895,8.02377,-11.471759,-9.469978,11.751578,-34.27701,83.9938,0.9648757,11.826766,9.519718,-6.8140635,-9.957109,18.62057,55.621338,-22.939829,1.6455265,1.055836,6.5169444,-10.947779,10.67925,5.5922933,-6.11527,5.890982,-12.37016,-7.069884,9.024991,73.08353,-4.4652133,2.4131103
199,2.7157766819000244,59.45180130004883,104.29015350341797,4.663984725464402,-7.353681991347878,87.37665260528986,-2.1026049,-5.4029136,14.890768,7.892513,-11.113127,-10.787617,11.492542,-35.15395,84.18326,1.366229,11.890406,9.384098,-6.634853,-10.112916,18.222027,54.70934,-22.875315,1.5659308,1.1747391,7.1199756,-10.788151,10.315812,5.596838,-6.503438,5.8713636,-13.295859,-7.0483913,8.544417,72.5465,-5.248749,1.6938528
200,2.6292004585266113,60.11820602416992,104.31889343261719,4.433691995622447,-7.489145763149436,87.85892956256593,-2.539245,-5.218135,14.872766,7.757917,-10.742836,-12.093564,11.218902,-35.967567,84.3055,1.7312008,11.928955,9.32797,-6.4470778,-10.267101,17.878403,53.85102,-22.894367,1.5148093,1.2811968,7.7084503,-10.611609,9.955507,5.603185,-6.8996563,5.839124,-14.184056,-7.0060368,8.105048,71.85153,-5.9907823,1.0631909
201,2.530190944671631,60.749168395996094,104.33879089355469,4.200296011403668,-7.5947810550972426,88.33642346303375,-2.9402194,-5.02665,14.838124,7.63029,-10.348992,-13.392694,10.93451,-36.726738,84.364395,2.033123,11.936306,9.391744,-6.2636967,-10.419828,17.605978,53.045307,-23.044683,1.5078622,1.3757374,8.243256,-10.428941,9.597425,5.6093836,-7.273076,5.8129992,-15.040351,-6.946796,7.6927958,70.974846,-6.6900296,0.53308463
202,2.4262330532073975,61.3659782409668,104.3506851196289,3.963422832114135,-7.670619328682094,88.82015453582518,-3.313347,-4.8294263,14.782084,7.499011,-9.93169,-14.692903,10.641969,-37.43679,84.36907,2.301925,11.924773,9.539167,-6.0762715,-10.570857,17.404432,52.285137,-23.337381,1.5467367,1.48859,8.735598,-10.236559,9.232043,5.617208,-7.6342154,5.7879705,-15.861059,-6.8669662,7.2938485,69.90553,-7.3433766,0.095525645
203,2.339266777038574,62.01631546020508,104.36849975585938,3.7302840245950453,-7.730215252767561,89.30423207281552,-3.6554606,-4.6371875,14.717126,7.3559203,-9.512509,-15.975223,10.342622,-38.057796,84.29981,2.5813966,11.902174,9.710344,-5.8710966,-10.720668,17.247025,51.589703,-23.656599,1.5920175,1.5949739,9.228365,-10.03298,8.86659,5.625226,-8.008998,5.750199,-16.636978,-6.757153,6.94019,68.69112,-7.938544,-0.2755157
204,2.2649292945861816,62.6617546081543,104.37647247314453,3.511654465953772,-7.786972795343394,89.78229378522067,-3.9644601,-4.46015,14.656084,7.192758,-9.118319,-17.22106,10.038402,-38.542576,84.1384,2.9206247,11.874423,9.84624,-5.633814,-10.868467,17.106668,50.977028,-23.886667,1.6052965,1.6700368,9.71854,-9.833941,8.504183,5.632514,-8.381838,5.70791,-17.351461,-6.611836,6.662458,67.358635,-8.451103,-0.6092596
205,2.1745574474334717,63.280330657958984,104.3736343383789,3.3075160492314217,-7.844194293142364,90.2575090894726,-4.2410874,-4.299943,14.601768,7.007043,-8.754748,-18.44026,9.7333355,-38.86891,83.88662,3.341383,11.841645,9.944596,-5.363088,-11.0160055,16.985876,50.45393,-24.005356,1.5684155,1.6985996,10.198621,-9.6559725,8.138095,5.6355577,-8.740602,5.6777453,-18.001886,-6.4249663,6.4789186,65.89484,-8.867545,-0.926421
206,2.1078591346740723,63.947166442871094,104.37211608886719,3.115522020610249,-7.8948717570165075,90.73096222404864,-4.488208,-4.151412,14.546769,6.8045278,-8.40888,-19.639912,9.43172,-39.055573,83.55156,3.821485,11.800844,10.03413,-5.0680127,-11.163347,16.897755,50.011562,-24.071365,1.5048372,1.6969969,10.696383,-9.472461,7.772112,5.6417336,-9.123785,5.631589,-18.603594,-6.206959,6.373201,64.299065,-9.204593,-1.2139446
207,2.0411903858184814,64.60646057128906,104.36460876464844,2.9348202296571375,-7.936913978058283,91.19476749572382,-4.706538,-4.0147133,14.487505,6.5891404,-8.076368,-20.799334,9.135925,-39.12138,83.12779,4.341402,11.752221,10.102761,-4.751774,-11.30649,16.826944,49.64834,-24.094791,1.4380782,1.6868018,11.184206,-9.296042,7.4144773,5.6436157,-9.502681,5.5879574,-19.154558,-5.977647,6.3186774,62.593174,-9.472687,-1.4519442
208,1.9790042638778687,65.2791748046875,104.34999084472656,2.766047395551361,-7.968088207706324,91.64060286565702,-4.894772,-3.8901794,14.420546,6.3634267,-7.7542124,-21.8995,8.846691,-39.08775,82.61168,4.8807373,11.695506,10.137443,-4.415181,-11.438561,16.75134,49.362602,-24.09061,1.390724,1.6905639,11.669523,-9.125283,7.0773635,5.6467338,-9.893577,5.544974,-19.654856,-5.755193,6.289373,60.803173,-9.684036,-1.6184527
209,1.9254008531570435,65.96141052246094,104.32457733154297,2.607827111837105,-7.991139647448162,92.07313677993795,-5.045419,-3.7794287,14.3462515,6.1143856,-7.4373183,-22.95086,8.56422,-38.923138,81.99587,5.4545274,11.645426,10.095192,-4.0479527,-11.555071,16.649809,49.15499,-24.05535,1.3637985,1.7255265,12.15474,-8.956634,6.7586327,5.648678,-10.294167,5.5018024,-20.095314,-5.545804,6.283325,58.918716,-9.836654,-1.6904063
210,1.869051218032837,66.63397216796875,104.29094696044922,2.461731535397514,-8.006427512974087,92.49417183121554,-5.1600447,-3.6828322,14.264642,5.844345,-7.126629,-23.963982,8.290222,-38.63001,81.2902,6.0677843,11.595382,9.996842,-3.6535656,-11.654935,16.531155,49.03059,-23.991545,1.3451806,1.7767441,12.62945,-8.79807,6.4523144,5.6481314,-10.692588,5.464937,-20.481535,-5.342353,6.3141165,56.931526,-9.923502,-1.688366
211,1.8306388854980469,67.32951354980469,104.25525665283203,2.329881271014659,-8.008660805177918,92.89175205913199,-5.2488656,-3.5969512,14.171659,5.576808,-6.8282504,-24.91949,8.026619,-38.291286,80.51638,6.6766224,11.51405,9.924354,-3.2529416,-11.736531,16.417732,48.993687,-23.921858,1.3372949,1.8175254,13.10399,-8.641009,6.1685214,5.646526,-11.103744,5.418912,-20.829788,-5.1407704,6.376295,54.865593,-9.951706,-1.6539674
212,1.7892826795578003,68.02749633789062,104.20680236816406,2.2139082505059164,-7.992974697299774,93.25407839252695,-5.317878,-3.5200448,14.063847,5.331477,-6.5469522,-25.79755,7.773826,-38.004936,79.69502,7.226015,11.373402,9.959635,-2.863769,-11.79919,16.327385,49.045113,-23.869886,1.3424892,1.821558,13.561649,-8.501432,5.912719,5.644625,-11.517847,5.3758874,-21.148174,-4.9390635,6.4620996,52.726654,-9.918546,-1.6297095
213,1.752355694770813,68.72742462158203,104.1510009765625,2.118530828390444,-7.955968066426902,93.57374340208116,-5.359481,-3.4529376,13.937641,5.1118937,-6.2848725,-26.589638,7.5326586,-37.830196,78.83184,7.664912,11.122865,10.161175,-2.4887521,-11.843737,16.260223,49.194775,-23.839415,1.3621356,1.7797713,13.998905,-8.381062,5.6879716,5.6394835,-11.932028,5.331661,-21.454842,-4.7392645,6.5763254,50.522736,-9.807223,-1.6448566
214,1.7178257703781128,69.43388366699219,104.08836364746094,2.041197521576243,-7.901097119446282,93.85855448296638,-5.3660817,-3.3959625,13.796575,4.9005356,-6.03967,-27.310123,7.3020787,-37.729485,77.91491,8.01752,10.794874,10.472941,-2.1112816,-11.870233,16.199894,49.43168,-23.818663,1.3945723,1.7069958,14.42163,-8.278058,5.4895234,5.6319137,-12.349646,5.2877183,-21.73992,-4.5458403,6.7222695,48.245716,-9.624091,-1.6741817
215,1.6892409324645996,70.15863037109375,104.01861572265625,1.9776090996610933,-7.834306953280734,94.11864814396678,-5.3464293,-3.3487463,13.647068,4.688363,-5.808604,-27.972734,7.078258,-37.64401,76.944275,8.349992,10.483606,10.804076,-1.7248172,-11.878211,16.141005,49.730953,-23.810688,1.4373837,1.6127934,14.842058,-8.185575,5.3141856,5.6242356,-12.777905,5.241544,-21.984528,-4.3605456,6.896113,45.8999,-9.410293,-1.6789201
216,1.6603164672851562,70.89495849609375,103.94160461425781,1.9263800019191275,-7.7613038224609205,94.36381346490793,-5.3110576,-3.3121903,13.493946,4.4689054,-5.5835114,-28.593288,6.8560543,-37.51033,75.92509,8.73103,10.281688,11.064503,-1.3259755,-11.867852,16.08223,50.072746,-23.817842,1.4884293,1.5059954,15.262156,-8.105264,5.1567073,5.618016,-13.214145,5.1978974,-22.164932,-4.187794,7.0930676,43.483974,-9.206768,-1.6207142
217,1.6477110385894775,71.65554809570312,103.85858154296875,1.8856587044165005,-7.6835804130789045,94.5957229699043,-5.2623553,-3.2844362,13.337029,4.241252,-5.3532357,-29.178177,6.6301174,-37.30274,74.844215,9.186985,10.241834,11.234277,-0.91617966,-11.837778,16.027637,50.458458,-23.862131,1.5558957,1.387216,15.690858,-8.025598,5.0200963,5.6120825,-13.66391,5.147519,-22.275328,-4.0265255,7.336189,40.97963,-9.00865,-1.4838299
218,1.6202443838119507,72.4055404663086,103.76210021972656,1.8564945756805533,-7.59830232825159,94.80983572547767,-5.1982756,-3.2649703,13.17232,4.0117455,-5.1222854,-29.72025,6.3993206,-37.044785,73.71436,9.68959,10.300555,11.358913,-0.50071675,-11.787469,15.981902,50.9029,-23.93417,1.6385238,1.2513729,16.1077,-7.967248,4.9010687,5.6048684,-14.1103945,5.110069,-22.315523,-3.8853257,7.617835,38.372192,-8.793407,-1.296058
219,1.6010252237319946,73.14229583740234,103.65867614746094,1.8423731854534684,-7.505235047685476,95.0074926097062,-5.1226125,-3.2560043,12.99914,3.7834773,-4.908936,-30.215576,6.1664414,-36.751823,72.57617,10.220771,10.377062,11.447549,-0.08149632,-11.719867,15.943519,51.403267,-23.988504,1.7202119,1.0986823,16.50958,-7.920945,4.7953634,5.597732,-14.549673,5.070829,-22.308828,-3.7751448,7.8977027,35.71195,-8.5859,-1.0839176
220,1.5753226280212402,73.90142822265625,103.54718017578125,1.8444681269432734,-7.403515195255108,95.19074191266242,-5.040796,-3.2575226,12.818121,3.5601957,-4.732896,-30.656885,5.936873,-36.436367,71.46167,10.763127,10.392489,11.509606,0.34124926,-11.638543,15.912431,51.95186,-23.977358,1.7852033,0.92980236,16.912882,-7.8957863,4.698879,5.593706,-15.001145,5.033879,-22.263254,-3.704997,8.128911,33.031284,-8.407967,-0.87095314
221,1.5541812181472778,74.66039276123047,103.42237091064453,1.8705483138930656,-7.29365588571217,95.35750813044118,-4.9482546,-3.280396,12.629286,3.3388596,-4.6081157,-31.04426,5.715108,-36.088024,70.37158,11.326587,10.316144,11.522336,0.77483255,-11.54624,15.892174,52.54603,-23.835981,1.8336114,0.7183247,17.307781,-7.8962283,4.6091266,5.5887303,-15.451367,4.995606,-22.172998,-3.685992,8.316688,30.296497,-8.259351,-0.6456976
222,1.534645438194275,75.43871307373047,103.29117584228516,1.9180112120182615,-7.176720226225825,95.50989927658362,-4.8485203,-3.3209987,12.433834,3.1209345,-4.5199137,-31.37676,5.5028396,-35.70303,69.27941,11.914827,10.195104,11.488127,1.2173929,-11.442846,15.886242,53.18543,-23.603289,1.8727136,0.47341004,17.702917,-7.919848,4.5272264,5.5872226,-15.912494,4.9568925,-22.032574,-3.714331,8.476916,27.501238,-8.133534,-0.40211383
223,1.5233608484268188,76.23627471923828,103.14805603027344,1.9761972761481281,-7.05390358192905,95.65438949170084,-4.7576613,-3.3648052,12.234113,2.9170656,-4.453112,-31.643862,5.3007774,-35.307796,68.178085,12.498878,10.070655,11.457544,1.6531074,-11.330352,15.891597,53.871284,-23.392664,1.8972726,0.24983585,18.102669,-7.9497857,4.4526496,5.5875735,-16.382877,4.912846,-21.856352,-3.7735112,8.581622,24.705397,-8.021038,-0.16868821
224,1.5056686401367188,77.04483032226562,102.99781799316406,2.034192387805343,-6.926331876628193,95.79836437938332,-4.6888833,-3.3945994,12.033367,2.7341118,-4.389817,-31.838034,5.1088505,-34.9355,67.062614,13.046053,9.983552,11.47842,2.0714211,-11.210642,15.900427,54.598595,-23.316988,1.9036611,0.10301857,18.50403,-7.980175,4.381727,5.589021,-16.855244,4.8708,-21.652954,-3.8454342,8.599941,21.97478,-7.922997,0.028792383
225,1.4829448461532593,77.86624908447266,102.8427505493164,2.0914668624242196,-6.788106288632235,95.9461000637516,-4.6482315,-3.4095087,11.82817,2.5739295,-4.3267593,-31.9526,4.924682,-34.59701,65.91411,13.555532,9.960064,11.572515,2.4626746,-11.084652,15.910839,55.382126,-23.440706,1.8897582,0.086520605,18.900698,-8.009213,4.311507,5.5928574,-17.331732,4.830354,-21.449718,-3.9244733,8.498048,19.32582,-7.850111,0.14576328
226,1.4655053615570068,78.70222473144531,102.6813735961914,2.162724734274317,-6.646117721274151,96.10094648585087,-4.632043,-3.4256656,11.62171,2.4292846,-4.2694316,-31.995886,4.7473516,-34.28207,64.74354,14.038158,9.974173,11.708666,2.8419,-10.952387,15.921682,56.211727,-23.692778,1.8599125,0.15932056,19.301348,-8.04755,4.2348347,5.595942,-17.81109,4.788391,-21.254017,-4.028235,8.302555,16.779974,-7.8326263,0.21329409
227,1.4394540786743164,79.53923034667969,102.50613403320312,2.2550509011088558,-6.521966443863608,96.27240541719377,-4.642735,-3.4572303,11.427951,2.2944036,-4.2255516,-31.97873,4.578386,-33.992783,63.587112,14.478193,9.992236,11.85892,3.233766,-10.815147,15.927372,57.047325,-23.984482,1.8214421,0.23536438,19.723665,-8.110986,4.13719,5.5993943,-18.286764,4.755172,-21.09889,-4.1661496,8.088903,14.481163,-7.9161153,0.32167107
228,1.4146335124969482,80.3850326538086,102.34591674804688,2.3807870230474757,-6.437744453847347,96.46941428786636,-4.6822295,-3.5202048,11.2617,2.163167,-4.200559,-31.911253,4.420672,-33.73339,62.477955,14.857276,9.981108,11.995824,3.6646895,-10.674122,15.921336,57.845592,-24.226944,1.7823635,0.22970527,20.192358,-8.215016,4.006261,5.6026754,-18.751917,4.73517,-20.892632,-4.364611,7.890909,12.356177,-8.046522,0.5652557
229,1.3998538255691528,81.24874114990234,102.18400573730469,2.5495664599451415,-6.407760685355115,96.70651277261308,-4.7616944,-3.6277804,11.131646,2.0311277,-4.1912823,-31.789673,4.2759123,-33.510838,61.406048,15.156831,9.929787,12.117083,4.146871,-10.53033,15.904315,58.592636,-24.434145,1.751759,0.13431695,20.728172,-8.353866,3.8375459,5.605909,-19.185774,4.711078,-20.723227,-4.6276064,7.7102313,10.557166,-8.358076,1.0386935
230,1.3944495916366577,82.1271743774414,102.00536346435547,2.752205175898094,-6.413818757232073,96.9699562081274,-4.872369,-3.7641964,11.026189,1.9026521,-4.1979203,-31.609331,4.144503,-33.322296,60.355427,15.388919,9.857455,12.236202,4.665167,-10.383476,15.87933,59.30997,-24.640606,1.7234105,-0.009831751,21.310633,-8.517316,3.6542,5.6096168,-19.557611,4.675697,-20.69286,-4.917795,7.560121,9.224337,-8.905353,1.6742282
231,1.3806517124176025,83.0215835571289,101.82424926757812,2.942861394375248,-6.417914365264228,97.2090930037083,-4.9695845,-3.8797143,10.92504,1.7862117,-4.2354527,-31.378687,4.028067,-33.15443,59.350597,15.583091,9.774089,12.351031,5.1953397,-10.233316,15.844627,60.016315,-24.790558,1.6799755,-0.21568373,21.896534,-8.659112,3.520986,5.616743,-19.83369,4.6114383,-20.806189,-5.1538486,7.526857,8.382721,-9.563911,2.3177946
232,1.3659652471542358,83.9400634765625,101.65081024169922,3.0885543232951136,-6.387993360471651,97.38264609461974,-5.019786,-3.934075,10.813354,1.6913141,-4.3210335,-31.101059,3.9358814,-32.995216,58.40215,15.7632065,9.692354,12.456628,5.722628,-10.087511,15.8036375,60.712654,-24.820372,1.607682,-0.4911879,22.447348,-8.748208,3.487317,5.6288066,-19.978394,4.5051274,-20.983936,-5.284457,7.6665974,7.9109535,-10.138175,2.8170636
233,1.353428840637207,84.86528015136719,101.50116729736328,3.212973971314337,-6.323838398890893,97.49097865909474,-5.021166,-3.949289,10.686729,1.6252944,-4.45565,-30.779984,3.8691597,-32.845245,57.512314,15.935689,9.607672,12.5445385,6.257113,-9.948014,15.760461,61.397728,-24.651411,1.4791371,-0.89812225,22.95981,-8.811491,3.5435648,5.650776,-19.972305,4.3609657,-21.142466,-5.355391,8.032984,7.677495,-10.590376,3.2144554
234,1.3611721992492676,85.78156280517578,101.37120819091797,3.3103522278325173,-6.244224360292844,97.55264668916514,-4.9905252,-3.9339454,10.552266,1.5848999,-4.6269884,-30.419113,3.8105388,-32.68793,56.704456,16.113043,9.508581,12.617092,6.7790875,-9.776643,15.702898,62.120136,-24.362211,1.2988977,-1.423513,23.45988,-8.846153,3.6715953,5.6764736,-19.800505,4.181217,-21.188347,-5.3860636,8.527875,7.5081816,-10.888907,3.5591993
235,1.3727790117263794,86.69544219970703,101.26819610595703,3.355469651490042,-6.124570465527769,97.55474250727926,-4.9208755,-3.8387501,10.410448,1.5530732,-4.8444853,-30.003193,3.784713,-32.573025,55.92514,16.225796,9.422231,12.700056,7.3264112,-9.662716,15.663247,62.747784,-24.021042,1.1438528,-1.9115795,23.916489,-8.826728,3.8765945,5.709621,-19.448818,3.95608,-21.232702,-5.315305,9.0712805,7.5239773,-10.954193,3.716596
236,1.3713651895523071,87.60832214355469,101.19706726074219,3.2934236702441053,-5.963643925711166,97.492364796348,-4.834343,-3.6403403,10.239783,1.548657,-5.076472,-29.522457,3.7614708,-32.35983,55.249935,16.406864,9.338603,12.773361,7.749681,-9.461863,15.57845,63.53032,-23.886595,1.0144229,-2.288298,24.330214,-8.692275,4.1720614,5.752899,-18.916548,3.6645112,-21.241777,-5.0602083,9.527059,7.6507745,-10.499091,3.5557163
237,1.3620444536209106,88.52973937988281,101.16316223144531,3.090950652192376,-5.748568318378992,97.32828935739113,-4.682348,-3.2823186,10.064345,1.5405662,-5.3863072,-28.988987,3.7569356,-32.13691,54.629215,16.561852,9.2841215,12.859758,8.112843,-9.263664,15.49277,64.309875,-23.919256,0.97443825,-2.4735918,24.69093,-8.423899,4.5849724,5.810377,-18.238737,3.297749,-21.264717,-4.5379925,9.881074,8.044752,-9.351968,2.8894784
238,1.3479441404342651,89.46670532226562,101.15318298339844,2.7617429096266473,-5.488116609184075,97.09064905087169,-4.4933558,-2.7817247,9.878844,1.5425574,-5.7583823,-28.397339,3.7719252,-31.88705,54.060997,16.71012,9.24739,12.945326,8.427025,-9.068554,15.402677,65.094734,-24.052269,0.98965734,-2.5376556,25.009047,-8.02933,5.0787716,5.884964,-17.460861,2.8628259,-21.322977,-3.7802134,10.175469,8.744223,-7.63579,1.9108783
239,1.328416347503662,90.4395751953125,101.1596908569336,2.350331302221616,-5.199942679524675,96.87807736114848,-4.355986,-2.1994247,9.664025,1.5666224,-6.0964675,-27.740002,3.805713,-31.636396,53.56886,16.840578,9.213905,13.038729,8.73868,-8.884265,15.304201,65.851776,-24.226883,1.0386384,-2.5397563,25.299448,-7.528292,5.5511594,5.975089,-16.603783,2.3760395,-21.42613,-2.9107857,10.393176,9.61491,-5.6400213,1.0542954
240,1.3174116611480713,91.42524719238281,101.19639587402344,1.908497112021121,-4.896444939170037,96.76997709930266,-4.338683,-1.6001077,9.401121,1.6242995,-6.308452,-27.012733,3.8577662,-31.413168,53.18037,16.942436,9.167319,13.149935,9.084964,-8.711739,15.187608,66.56231,-24.392637,1.0960156,-2.542593,25.575872,-6.9520273,5.9231267,6.068855,-15.685229,1.8557506,-21.488098,-2.081778,10.524372,10.343564,-3.5832913,0.6669294
241,1.2897409200668335,92.45681762695312,101.21875762939453,1.427740954809832,-4.5562186484694935,96.78124854571371,-4.4553,-0.9788379,9.079197,1.7258701,-6.357237,-26.208252,3.9288006,-31.223074,52.88587,17.023907,9.105582,13.293821,9.465922,-8.548595,15.059522,67.235344,-24.54916,1.1635486,-2.557162,25.322475,-6.230874,6.1235223,7.160133,-15.269113,1.2659799,-21.416279,-1.327878,10.54266,10.691599,-1.5116525,0.7897848
242,1.249332308769226,93.5405044555664,101.25141143798828,0.8913313586089311,-4.176840216838367,96.85828924042391,-4.6576557,-0.30603847,8.713429,1.8644166,-6.297448,-25.3338,4.01758,-31.055017,52.679726,17.083464,9.035989,13.463501,9.859426,-8.392747,14.923595,67.88215,-24.72101,1.2508498,-2.551491,24.206026,-5.3216276,6.1326013,9.908481,-15.718496,0.60688454,-21.231728,-0.5800169,10.455913,10.776393,0.52651477,1.1360823
243,1.2222939729690552,94.59791564941406,101.32262420654297,0.3150096193529722,-3.7877097973138447,96.95796211492345,-4.8991904,0.41036826,8.321709,2.0230608,-6.176716,-24.409914,4.118653,-30.915907,52.599503,17.093298,8.95309,13.640563,10.270219,-8.248774,14.762631,68.483955,-24.89445,1.3428391,-2.5238173,23.239561,-4.370909,6.118815,12.348609,-15.976962,-0.052237254,-21.01911,0.18109195,10.320944,10.739425,2.4296782,1.5064188
244,1.2065446376800537,95.6572494506836,101.42699432373047,-0.27175387763191566,-3.4221486508541794,97.04762783397027,-5.1375976,1.1499426,7.9211373,2.1784174,-6.037852,-23.461348,4.222766,-30.819544,52.68614,17.023901,8.851857,13.806628,10.714496,-8.124948,14.550005,69.01135,-25.056892,1.4247563,-2.470417,22.342274,-3.4092653,6.0796165,14.6752825,-15.999208,-0.65390795,-20.65024,0.9303257,10.128092,10.566671,4.0529075,1.7603422
245,1.1842235326766968,96.74024200439453,101.53494262695312,-0.9116380229828489,-3.063702832915093,97.125474158977,-5.363234,1.9626994,7.4898076,2.3085542,-5.8715878,-22.48829,4.3230543,-30.774126,52.969505,16.845518,8.6984005,13.962636,11.214907,-8.023711,14.264674,69.44941,-25.245825,1.4975857,-2.3806112,21.493542,-2.3816388,6.0173125,16.933638,-15.803233,-1.2195479,-20.348713,1.7471284,9.930403,10.414377,5.420809,1.8690552
246,1.1540954113006592,97.86094665527344,101.63580322265625,-1.5988294586675837,-2.7026638974727684,97.20693806821973,-5.5878067,2.8394077,7.027006,2.4220026,-5.6601567,-21.49425,4.4150534,-30.780443,53.438652,16.580305,8.503448,14.116922,11.770515,-7.942952,13.911745,69.80515,-25.457895,1.5666887,-2.2561443,20.668741,-1.2912915,5.919371,19.14692,-15.415367,-1.7811157,-19.991882,2.5960283,9.671845,10.152342,6.4446354,1.8961421
247,1.1048660278320312,99.01195526123047,101.73087310791016,-2.272338752981201,-2.375190123031545,97.27811228150452,-5.795122,3.709652,6.577961,2.5409126,-5.4424686,-20.504988,4.4922686,-30.837425,54.069424,16.278008,8.326623,14.265108,12.359657,-7.8833184,13.506279,70.07987,-25.615908,1.6230042,-2.1146514,19.836903,-0.22069088,5.7873793,21.379824,-14.8123455,-2.2975647,-19.551254,3.4102335,9.358944,9.837162,7.0192914,1.884051
248,1.0503361225128174,100.15940856933594,101.81952667236328,-2.8706850064258065,-2.1199086668777016,97.32398996420835,-5.9689026,4.499425,6.1892295,2.6865091,-5.26695,-19.544247,4.5477147,-30.941849,54.837116,15.989453,8.226404,14.404527,12.960311,-7.847456,13.063385,70.2723,-25.640318,1.6576282,-1.9747154,19.032118,0.73568785,5.645425,23.634392,-13.969863,-2.726806,-19.021315,4.121259,9.028792,9.543282,7.1517158,1.85266
249,0.998659074306488,101.31210327148438,101.90272521972656,-3.354495238989953,-1.9503357663632581,97.34071035603024,-6.1088095,5.1696367,5.850653,2.8763092,-5.114044,-18.597094,4.5745335,-31.096764,55.768856,15.722801,8.209542,14.573918,13.594275,-7.8427234,12.586233,70.373085,-25.486897,1.6617899,-1.8497852,18.259762,1.5159664,5.4939966,25.920448,-12.857814,-3.0029807,-18.369535,4.667852,8.7112465,9.260062,6.953244,1.8219287
250,0.9504916071891785,102.45069122314453,101.97718048095703,-3.762393633579041,-1.8431533876792978,97.3343528900522,-6.2126737,5.7667937,5.5416284,3.08629,-4.971921,-17.662176,4.5736094,-31.30769,56.87122,15.452868,8.24495,14.763477,14.274681,-7.867571,12.049956,70.37061,-25.209757,1.6425654,-1.7251596,17.490808,2.1775997,5.333559,28.251076,-11.504146,-3.1724281,-17.627321,5.103255,8.42062,8.981257,6.5646586,1.767704
251,0.9077035188674927,103.5599136352539,102.04944610595703,-4.146294628250455,-1.7834172486712898,97.30728715363162,-6.274612,6.338533,5.2888813,3.2846391,-4.8917823,-16.779083,4.5468097,-31.561697,58.097218,15.187506,8.332742,14.900163,14.952115,-7.91488,11.454437,70.28208,-24.859068,1.6146162,-1.5838107,16.684605,2.8050675,5.177638,30.652464,-9.967134,-3.3595514,-16.848291,5.521636,8.157263,8.754714,6.05789,1.668646
252,0.8890439867973328,104.62740325927734,102.14347839355469,-4.557862003523651,-1.7589618544415433,97.26388214657604,-6.3068724,6.925685,5.1210775,3.455029,-4.914377,-15.976065,4.50264,-31.822916,59.391785,14.94545,8.475003,14.908285,15.555929,-7.9709363,10.8354225,70.15059,-24.469353,1.5942428,-1.4166174,15.8035965,3.4796586,5.0254498,33.153103,-8.307632,-3.6886618,-16.078327,6.0147033,7.915102,8.621369,5.4769387,1.5077863
253,0.8732523918151855,105.67377471923828,102.24779510498047,-5.020530570648368,-1.7597538196194205,97.18957520058441,-6.3032813,7.552996,5.0340023,3.5905256,-5.045388,-15.2473545,4.447207,-32.05957,60.74471,14.756395,8.702659,14.749247,16.074558,-8.031804,10.184707,69.98506,-24.03313,1.5741873,-1.2319782,14.814737,4.230219,4.871094,35.79461,-6.4794707,-4.215718,-15.41457,6.6665635,7.712842,8.81128,4.701651,1.2413334
254,0.8422350287437439,106.69803619384766,102.33572387695312,-5.501452666192634,-1.7979721732076508,97.08843908780328,-6.272328,8.189016,5.01819,3.7088847,-5.262776,-14.570813,4.3833413,-32.284523,62.168926,14.609022,9.007934,14.467522,16.530046,-8.098763,9.501189,69.77737,-23.53527,1.550551,-1.0355417,13.731905,4.999652,4.691352,38.57811,-4.488676,-4.8820615,-14.668693,7.3315325,7.540366,8.884874,3.9838102,0.96645164
255,0.8144256472587585,107.70278930664062,102.40738677978516,-5.971099697050235,-1.8952100895576771,96.99369999040813,-6.2407436,8.790464,5.0979404,3.8209045,-5.575251,-13.957372,4.316945,-32.549744,63.64586,14.447837,9.338248,14.114492,16.912647,-8.168321,8.807546,69.5372,-23.014376,1.5421984,-0.8112891,12.609751,5.743675,4.462945,41.431282,-2.4497075,-5.6243405,-13.8952875,7.985323,7.378161,9.0068245,3.2393026,0.6892736
256,0.8030683994293213,108.66616821289062,102.47372436523438,-6.396239721521747,-2.0719377416513955,96.93973418760214,-6.2363024,9.314853,5.2973585,3.9374344,-5.9905624,-13.415628,4.256498,-32.91337,65.154854,14.211125,9.642248,13.74282,17.21201,-8.233089,8.129111,69.27802,-22.5075,1.5671406,-0.54521537,11.497619,6.4329376,4.174786,44.292625,-0.47522292,-6.352682,-13.041969,8.578068,7.189102,9.099884,2.51681,0.42436713
257,0.8097078800201416,109.63107299804688,102.54450988769531,-6.777334557895254,-2.334291448809028,96.9275301996978,-6.262962,9.751908,5.62768,4.072078,-6.5242023,-12.952324,4.2120924,-33.387993,66.7071,13.851358,9.91556,13.355828,17.422579,-8.287848,7.44992,68.99427,-22.005404,1.6385006,-0.20783563,10.38602,7.0926514,3.8216584,47.235863,1.3777833,-7.0802226,-12.056882,9.112775,6.961576,9.133151,1.8030492,0.16684344
258,0.8150142431259155,110.52847290039062,102.60488891601562,-7.130210417034552,-2.6704741854307814,96.94276279610156,-6.307648,10.123153,6.075756,4.213565,-7.1696124,-12.555376,4.187822,-33.956543,68.29504,13.401425,10.187347,12.929289,17.549221,-8.332452,6.760844,68.68395,-21.498812,1.744725,0.18202887,9.243669,7.746193,3.4121025,50.280266,3.182809,-7.803103,-10.991135,9.597257,6.7178435,9.089073,1.1512333,-0.07032002
259,0.8226093649864197,111.3854751586914,102.66206359863281,-7.453609893137116,-3.0721516237831765,96.9965371550204,-6.3699574,10.434349,6.6266694,4.3353686,-7.896587,-12.209342,4.1812334,-34.630543,69.87656,12.922257,10.456066,12.474682,17.59695,-8.370617,6.1000657,68.367134,-21.021826,1.8663642,0.5644372,8.065147,8.380653,2.965163,53.337048,4.995684,-8.388178,-9.823106,10.031831,6.4459853,8.944211,0.5562929,-0.29463744
260,0.8396239876747131,112.20499420166016,102.71468353271484,-7.748593411821023,-3.530668546272599,97.10013851460192,-6.4513183,10.694391,7.265275,4.413147,-8.675844,-11.900518,4.1860003,-35.420803,71.41447,12.47319,10.7180195,12.004659,17.56926,-8.40658,5.5156107,68.0658,-20.600454,1.9825522,0.879539,6.851186,8.986335,2.5084329,56.305195,6.8777723,-8.704577,-8.571622,10.424011,6.1376395,8.721864,0.006627421,-0.5132292
261,0.861150860786438,113.01737976074219,102.7690200805664,-8.027837153887207,-4.080379931650887,97.29869567227095,-6.601202,10.901659,8.0450945,4.4485555,-9.542088,-11.648649,4.198143,-36.366516,72.92459,12.06504,10.971398,11.489256,17.452662,-8.443422,5.0279627,67.780876,-20.233149,2.0881002,1.1098909,5.574065,9.58595,1.995874,59.23739,9.083099,-8.649838,-7.137597,10.776711,5.7353616,8.360398,-0.5029791,-0.73064065
262,0.8790238499641418,113.8133316040039,102.8131103515625,-8.294039207085676,-4.71272578691004,97.57322294124333,-6.802924,11.0577965,8.953454,4.453703,-10.496571,-11.454568,4.216964,-37.453358,74.42546,11.664879,11.215766,10.932713,17.250748,-8.481944,4.617726,67.5028,-19.90066,2.1935403,1.2875637,4.2397485,10.224651,1.466369,62.155632,11.509017,-8.252544,-5.5999675,11.10308,5.2640696,7.9786434,-1.0206052,-0.9400059
263,0.8993006348609924,114.5837173461914,102.8482437133789,-8.538909282321697,-5.3548529805105805,97.83872316995331,-6.959288,11.17545,9.875848,4.421423,-11.448797,-11.275516,4.240005,-38.601093,75.884895,11.275972,11.447905,10.397369,16.993055,-8.525715,4.27196,67.237495,-19.60494,2.3007305,1.4272636,2.8968558,10.921596,1.0654836,64.93865,13.655335,-7.597925,-4.0303483,11.4136095,4.8193517,7.511752,-1.4779629,-1.1412715
264,0.9096719026565552,115.35438537597656,102.87651062011719,-8.743311756605886,-5.93540845392983,98.00767146804799,-6.976913,11.267933,10.69859,4.3482823,-12.317048,-11.0671015,4.2646327,-39.714146,77.27132,10.910297,11.663319,9.946449,16.704039,-8.58237,3.9838293,66.994415,-19.34613,2.4119866,1.5440484,1.598616,11.6692915,0.90769535,67.47351,15.012038,-6.8199205,-2.561595,11.698534,4.50314,7.068107,-1.917111,-1.3257742
265,0.9220577478408813,116.12796783447266,102.90260314941406,-8.904014802533238,-6.4441796578259485,98.07775924196095,-6.8569293,11.343043,11.411935,4.232556,-13.105938,-10.822001,4.287291,-40.803387,78.586,10.576104,11.856271,9.592402,16.379202,-8.658111,3.7695723,66.77261,-19.116426,2.5352416,1.636938,0.3814242,12.499442,1.0515716,69.75547,15.298309,-5.995527,-1.1853352,11.955687,4.3180785,6.6100936,-2.31705,-1.5016758
266,0.9360669851303101,116.89080810546875,102.92959594726562,-9.02437335366333,-6.917593961885446,98.08401555945082,-6.6420765,11.395297,12.069207,4.0818543,-13.852475,-10.560666,4.306859,-41.892212,79.8466,10.273153,12.027377,9.30344,16.004232,-8.754996,3.6369176,66.572586,-18.913898,2.666222,1.7012544,-0.78416944,13.397816,1.3961056,71.85624,14.807857,-5.080431,0.1728126,12.174133,4.217647,6.069366,-2.6490092,-1.6677139
267,0.9450575113296509,117.6759033203125,102.96139526367188,-9.093737542331493,-7.354984697748382,97.99630693676846,-6.3080883,11.419736,12.65377,3.9113853,-14.508732,-10.277276,4.3270183,-42.89123,81.043655,10.006596,12.180441,9.076377,15.584613,-8.873419,3.5708973,66.40798,-18.747545,2.7885792,1.7467847,-1.933342,14.250483,1.8038789,73.76948,13.89933,-4.070531,1.4016483,12.34929,4.226991,5.7051144,-3.0598168,-1.8224385
268,0.9655216932296753,118.45209503173828,102.99729919433594,-9.099236087683295,-7.7556007538028915,97.7857066440665,-5.8399544,11.410316,13.152152,3.744061,-15.025952,-9.960317,4.3564568,-43.689453,82.16001,9.796638,12.320289,8.907317,15.120627,-9.014848,3.560561,66.29578,-18.62875,2.8863165,1.7830217,-3.1043487,14.940099,2.1531026,75.48118,12.943691,-2.9478545,2.3907626,12.479355,4.3677735,5.6870503,-3.607202,-1.969796
269,0.9719115495681763,119.23554229736328,103.0445556640625,-9.018424498664825,-8.115364210343598,97.41831265309628,-5.204961,11.355474,13.557624,3.5926507,-15.385514,-9.595614,4.4003673,-44.256924,83.17419,9.697405,12.466266,8.816145,14.602805,-9.182991,3.6369188,66.250694,-18.54976,2.9425619,1.8040445,-4.299594,15.398574,2.4574244,76.98504,11.902755,-1.6186931,3.3149745,12.508087,4.6597953,5.676176,-4.1301627,-2.0891414
270,0.9867212772369385,120.01093292236328,103.09925079345703,-8.861474660914057,-8.434904835272015,96.9203710660722,-4.4375944,11.258601,13.884909,3.4567716,-15.616721,-9.182551,4.4623218,-44.623466,84.08535,9.695484,12.612947,8.799504,14.019874,-9.380736,3.8144798,66.27169,-18.50267,2.968892,1.8074509,-5.490109,15.65748,2.7611802,78.282455,10.632365,-0.16391033,4.1702514,12.455033,5.0773673,5.6687517,-4.6196933,-2.1953673
271,0.9930201768875122,120.781494140625,103.15806579589844,-8.661343908378294,-8.721531867601593,96.35365677293332,-3.623802,11.138664,14.153713,3.338404,-15.745217,-8.727832,4.551772,-44.76903,84.899254,9.708858,12.731086,8.818004,13.369904,-9.605511,4.052592,66.34894,-18.502817,2.9920845,1.809048,-6.6778607,15.768044,3.007828,79.37817,9.348597,1.2041225,4.9760523,12.340653,5.5586166,5.6661143,-5.092963,-2.284507
272,1.009027123451233,121.53841400146484,103.21276092529297,-8.452944383000705,-8.983279415250498,95.77845413172444,-2.8463688,11.01266,14.383114,3.2386703,-15.795896,-8.233483,4.682442,-44.668262,85.61148,9.661692,12.79364,8.830564,12.653877,-9.8509,4.3017364,66.47011,-18.574287,3.0395994,1.8250992,-7.8628774,15.800738,3.1611207,80.2696,8.273075,2.297287,5.744256,12.212809,6.044982,5.662167,-5.5496445,-2.3753734
273,1.0188509225845337,122.29769134521484,103.26705932617188,-8.238998551218355,-9.22362405001635,95.19247029664365,-2.0938377,10.878587,14.572501,3.1404316,-15.767351,-7.697383,4.868069,-44.25474,86.19534,9.554468,12.802688,8.815919,11.871085,-10.112669,4.550083,66.64505,-18.748255,3.1057327,1.8576577,-9.051944,15.765457,3.2347517,80.95708,7.511879,3.077477,6.4881415,12.065361,6.5380197,5.661686,-6.0047393,-2.4603286
274,1.025026798248291,123.05304718017578,103.32013702392578,-8.000226494393328,-9.436909883329017,94.56967166342457,-1.3405977,10.7238865,14.71844,3.0555468,-15.651564,-7.0987096,5.1152897,-43.541946,86.61667,9.431925,12.782178,8.797587,11.014488,-10.389988,4.825175,66.87937,-19.011993,3.1798797,1.8988001,-10.240102,15.630795,3.2636383,81.43718,6.942814,3.653538,7.195026,11.877605,7.0618086,5.6629567,-6.448404,-2.5354502
275,1.018994688987732,123.8204574584961,103.3813247680664,-7.747131526845639,-9.617602764184275,93.93583524849043,-0.64029104,10.550199,14.831685,3.021347,-15.464071,-6.4168925,5.4239736,-42.644596,86.86841,9.272757,12.736576,8.800012,10.081483,-10.682083,5.1279197,67.149284,-19.325617,3.2826686,1.9494251,-11.424035,15.416872,3.239061,81.7306,6.4248395,4.066,7.872339,11.654592,7.5915933,5.666145,-6.896596,-2.5983214
276,1.0049809217453003,124.5857925415039,103.43163299560547,-7.490799948504454,-9.760955438600922,93.31711416934209,-0.035685264,10.362926,14.920798,3.063843,-15.221455,-5.6426315,5.786887,-41.703083,86.960266,9.041405,12.665462,8.845551,9.081168,-10.984163,5.4427166,67.420456,-19.65309,3.4343367,2.0125475,-12.589924,15.140488,3.1538677,81.829575,5.8341255,4.3522663,8.507847,11.410658,8.103994,5.669748,-7.3425684,-2.6521325
277,0.9894490242004395,125.36286163330078,103.47864532470703,-7.2265204175459425,-9.853030357805563,92.71806280952264,0.4776863,10.154389,14.968521,3.1785114,-14.912546,-4.771854,6.196882,-40.76758,86.89996,8.670804,12.543113,8.954617,8.013644,-11.292209,5.750851,67.695816,-20.01463,3.6677735,2.098528,-13.758673,14.768584,2.9780748,81.72917,5.148862,4.4779205,9.093926,11.144316,8.594297,5.6746535,-7.7938943,-2.700618
278,0.9692689180374146,126.1336669921875,103.52710723876953,-6.951054168431198,-9.90002103856653,92.12616272142917,0.932673,9.924842,14.973969,3.339368,-14.53463,-3.8166745,6.6482844,-39.792423,86.69053,8.179994,12.375617,9.105952,6.8894944,-11.603798,6.043298,67.97663,-20.428003,3.9620414,2.204661,-14.926927,14.305724,2.7324238,81.43027,4.4359684,4.441208,9.625799,10.849002,9.074581,5.6781936,-8.236632,-2.7384257
279,0.9406299591064453,126.89852905273438,103.57144927978516,-6.67997640150235,-9.928108575723378,91.54219522068863,1.3299547,9.691929,14.969506,3.5396552,-14.115757,-2.7965465,7.1318264,-38.771698,86.34599,7.665403,12.206269,9.2607355,5.7342014,-11.9126835,6.317845,68.225655,-20.853098,4.257063,2.313298,-16.050255,13.822717,2.4783404,80.94763,3.6954317,4.3254676,10.134557,10.542326,9.544925,5.6804094,-8.6755295,-2.7685359
280,0.925760805606842,127.66250610351562,103.60237121582031,-6.429193930836937,-9.96397652393528,90.96709186835248,1.6758724,9.473813,14.985472,3.7676628,-13.686344,-1.7391659,7.6349225,-37.71122,85.89311,7.2172494,12.0774975,9.381376,4.577328,-12.213535,6.56454,68.40312,-21.251234,4.493714,2.4047852,-17.084148,13.389728,2.2724564,80.289925,2.9304228,4.2100177,10.652679,10.261236,10.005968,5.6825213,-9.114052,-2.8128774
281,0.9030249118804932,128.43687438964844,103.62635803222656,-6.197491723622988,-10.01800324504388,90.39900245330108,1.9728863,9.27051,15.027777,4.0263343,-13.234529,-0.651638,8.1495695,-36.59488,85.342415,6.832592,11.9919615,9.451731,3.421644,-12.501933,6.7553873,68.50405,-21.649874,4.6648026,2.4801683,-18.019745,12.995024,2.0996132,79.4543,2.1119006,4.0895104,11.201142,9.989825,10.457248,5.683739,-9.56382,-2.85926
282,0.8659961819648743,129.208740234375,103.63954162597656,-5.9778906249114465,-10.075798102848626,89.83834048674618,2.2237284,9.07306,15.078574,4.314152,-12.7526045,0.4730967,8.670196,-35.42857,84.69843,6.4736843,11.925646,9.4948845,2.2580667,-12.778246,6.890445,68.54476,-22.064352,4.799665,2.545664,-18.879353,12.614077,1.9385982,78.43116,1.2527857,3.930978,11.754968,9.714491,10.898765,5.6835656,-10.015542,-2.8988652
283,0.8265879154205322,129.99595642089844,103.64645385742188,-5.776709746628754,-10.126379101395232,89.28931772084779,2.4372394,8.8886,15.1316395,4.610576,-12.264031,1.6213027,9.184606,-34.26155,83.98963,6.1718063,11.87857,9.532207,1.1030331,-13.04285,7.0048738,68.51462,-22.428947,4.894517,2.5884926,-19.676258,12.290505,1.8300294,77.24459,0.40222186,3.7668774,12.310243,9.451471,11.329153,5.684904,-10.478334,-2.9418204
284,0.7839391231536865,130.75624084472656,103.64044952392578,-5.597100575415888,-10.158624104416448,88.75548406549427,2.6254566,8.725373,15.177955,4.8918524,-11.792845,2.7671437,9.675806,-33.15389,83.263756,5.9522614,11.844833,9.586489,-0.023501582,-13.296115,7.1344585,68.40162,-22.672464,4.946093,2.5947986,-20.423613,12.063581,1.8155513,75.911095,-0.38366908,3.626595,12.828701,9.202964,11.749852,5.6833205,-10.922456,-2.9806042
285,0.7347699999809265,131.52670288085938,103.62138366699219,-5.440127714471558,-10.169214094322326,88.23193198318033,2.7928028,8.58377,15.209401,5.1486626,-11.342408,3.893932,10.129835,-32.146694,82.562355,5.8343687,11.8011465,9.669369,-1.1156061,-13.537968,7.278577,68.19596,-22.745375,4.955033,2.538816,-21.126554,11.934307,1.8954886,74.41993,-1.0893185,3.489433,13.327627,8.968753,12.164219,5.6832,-11.373056,-3.0173876
286,0.6720668077468872,132.30874633789062,103.59658813476562,-5.302338805346218,-10.164429603777085,87.71840821318706,2.943831,8.463903,15.225269,5.38343,-10.894472,4.9852977,10.540397,-31.228443,81.906654,5.7878084,11.743285,9.770294,-2.171475,-13.7697315,7.410953,67.90093,-22.691257,4.9242992,2.4324474,-21.781713,11.876937,2.0498517,72.76956,-1.7450365,3.3411121,13.814987,8.739716,12.57089,5.684187,-11.832331,-3.0475488
287,0.610868513584137,133.1089630126953,103.56114959716797,-5.184684897822483,-10.14663026606799,87.22653878396973,3.08867,8.371414,15.228192,5.59189,-10.449534,6.01499,10.904044,-30.376148,81.314804,5.76805,11.6938095,9.879204,-3.1782403,-13.995268,7.53011,67.52363,-22.579525,4.8536716,2.3194678,-22.379457,11.884995,2.2940574,70.97438,-2.3567405,3.2158456,14.29925,8.528253,12.960513,5.6863937,-12.304121,-3.084193
288,0.5413235425949097,133.8998260498047,103.51287078857422,-5.0867158000787605,-10.118364731462503,86.76782041837114,3.2329242,8.309652,15.221381,5.7744155,-10.009133,6.9641905,11.219674,-29.559254,80.79718,5.732332,11.676925,9.9866495,-4.12891,-14.221423,7.6438274,67.07653,-22.476164,4.742587,2.2434714,-22.910439,11.950414,2.6434793,69.04974,-2.931585,3.146926,14.768841,8.327883,13.324169,5.6869893,-12.773384,-3.118362
289,0.4504327178001404,134.6829376220703,103.45487976074219,-5.010683990245004,-10.08050319232126,86.34194746129161,3.3731768,8.285538,15.207744,5.9388976,-9.565833,7.8336487,11.485795,-28.772444,80.344574,5.699026,11.710665,10.098024,-5.0274153,-14.45382,7.755234,66.55576,-22.380829,4.5816784,2.229161,-23.373158,12.103606,3.14724,66.99448,-3.4888735,3.134351,15.223174,8.133706,13.663769,5.688526,-13.243119,-3.1424224
290,0.3605829179286957,135.48178100585938,103.38916778564453,-4.95708947000435,-10.032348360306296,85.94472087276536,3.504713,8.296107,15.18416,6.085034,-9.118761,8.625978,11.70316,-28.02839,79.96444,5.685207,11.775528,10.217951,-5.8764305,-14.694426,7.8642154,65.95715,-22.26048,4.374689,2.2498193,-23.774233,12.321626,3.7822754,64.805824,-4.020177,3.147652,15.676525,7.9615293,13.98268,5.690909,-13.724305,-3.1741674
291,0.2724113166332245,136.2899169921875,103.31398010253906,-4.916136977152465,-9.972446159636778,85.58044716850637,3.630103,8.329946,15.146468,6.201561,-8.685006,9.331761,11.876512,-27.319431,79.679756,5.6467295,11.842051,10.334374,-6.6664906,-14.941179,7.97676,65.29179,-22.128645,4.1398797,2.272701,-24.115269,12.521196,4.455532,62.493896,-4.494218,3.1817107,16.124989,7.8008976,14.272847,5.693434,-14.214155,-3.2110043
292,0.1662513017654419,137.1011199951172,103.23177337646484,-4.883538077910088,-9.89980064355671,85.25399830749332,3.7487683,8.375046,15.091807,6.280645,-8.280126,9.948515,12.013509,-26.630674,79.50355,5.542371,11.883327,10.435339,-7.393318,-15.189813,8.103466,64.57429,-21.999828,3.8953023,2.2641876,-24.410624,12.632336,5.0660796,60.08186,-4.885014,3.2437265,16.564232,7.63401,14.525473,5.6953654,-14.712432,-3.2376263
293,0.0635458305478096,137.91299438476562,103.13850402832031,-4.863170632428776,-9.810117126268675,84.95885869091782,3.8667645,8.436255,15.016382,6.31926,-7.897896,10.478857,12.119576,-25.94793,79.43616,5.3522043,11.894574,10.524757,-8.058127,-15.441454,8.259114,63.79788,-21.86324,3.6325822,2.2078397,-24.666681,12.665047,5.6089754,57.562775,-5.2050037,3.4134076,16.987314,7.480315,14.749415,5.696142,-15.211963,-3.2687538
294,-0.03690774738788605,138.74459838867188,103.03694915771484,-4.856624300257179,-9.704947368524346,84.69460962045068,3.9769354,8.516361,14.923852,6.3276315,-7.5352054,10.932917,12.197821,-25.272295,79.45562,5.1047664,11.893175,10.606668,-8.669465,-15.696556,8.443637,62.963802,-21.712759,3.3455515,2.1231384,-24.885836,12.654935,6.122869,54.939537,-5.4693613,3.6687374,17.407837,7.3412037,14.945602,5.6968255,-15.725396,-3.30669
295,-0.15025663375854492,139.5860595703125,102.92817687988281,-4.856099829926532,-9.591910059437108,84.4754659585962,4.0597653,8.598251,14.822599,6.317788,-7.209405,11.322983,12.253511,-24.611265,79.53938,4.8302097,11.885824,10.669052,-9.232946,-15.948916,8.641097,62.099155,-21.575008,3.0559955,2.029354,-25.056248,12.581686,6.578026,52.225273,-5.650634,3.8709283,17.82948,7.2007384,15.098041,5.6989317,-16.253298,-3.3394203
296,-0.26503416895866394,140.4212188720703,102.80992126464844,-4.856822388903991,-9.479034161964664,84.31603215362762,4.096528,8.666025,14.721021,6.30079,-6.9372616,11.661082,12.293745,-23.974092,79.664375,4.556712,11.879946,10.700353,-9.753346,-16.189367,8.829712,61.231316,-21.481804,2.786064,1.9448664,-25.16235,12.427359,6.946109,49.42475,-5.7157774,3.8821287,18.25783,7.064791,15.193,5.6972437,-16.786165,-3.373099
297,-0.3687041401863098,141.2818145751953,102.68020629882812,-4.8546083818303405,-9.367658619892351,84.2305948080625,4.075557,8.711884,14.622317,6.27284,-6.7296705,11.94522,12.325066,-23.360708,79.83458,4.2815957,11.876595,10.691367,-10.232313,-16.412235,9.000535,60.35663,-21.469797,2.5398092,1.8802013,-25.193758,12.186365,7.2208066,46.501453,-5.6188183,3.6510408,18.717943,6.940347,15.216305,5.6930733,-17.346336,-3.4213781
298,-0.46779611706733704,142.13755798339844,102.54164123535156,-4.8531105607171705,-9.254436042836518,84.20790849998114,4.0094047,8.743161,14.523346,6.2300315,-6.5761757,12.174674,12.35101,-22.766817,80.04894,3.9914227,11.875974,10.649861,-10.667637,-16.617636,9.158862,59.46522,-21.521122,2.306094,1.822459,-25.162127,11.8779545,7.412423,43.46456,-5.388738,3.2651184,19.183548,6.8285108,15.181201,5.6857595,-17.911388,-3.4756958
299,-0.5654953718185425,143.00804138183594,102.39334106445312,-4.856054449209742,-9.13954352707524,84.22280234064635,3.9174848,8.766455,14.423117,6.1819787,-6.466983,12.362582,12.373113,-22.19705,80.27772,3.6978703,11.884581,10.589266,-11.05676,-16.804852,9.304443,58.57443,-21.584204,2.084244,1.7550435,-25.074238,11.521684,7.5248694,40.369766,-5.0994787,2.7961962,19.663656,6.7286706,15.108316,5.6779003,-18.490881,-3.535702
300,-0.6664459109306335,143.88197326660156,102.23583984375,-4.868222770761787,-9.023551082327826,84.25099238270083,3.819394,8.788514,14.319999,6.137485,-6.389346,12.520981,12.391866,-21.657879,80.49535,3.4117413,11.907973,10.523768,-11.3959,-16.973295,9.434661,57.70183,-21.608917,1.8738569,1.6615177,-24.948484,11.140855,7.558211,37.28913,-4.8334336,2.3184834,20.145521,6.6411963,15.020055,5.6722684,-19.073637,-3.595971
301,-0.7661711573600769,144.7669219970703,102.06663513183594,-4.892381343394013,-8.904255617328271,84.29905234756026,3.7111921,8.81059,14.20996,6.0961304,-6.346291,12.645165,12.408335,-21.155487,80.7125,3.1313074,11.955096,10.453635,-11.67974,-17.122128,9.548828,56.838943,-21.580215,1.6761155,1.5254796,-24.779459,10.737505,7.5134315,34.17986,-4.58577,1.8252215,20.63397,6.573582,14.912279,5.6670494,-19.66427,-3.6620765
302,-0.8709678649902344,145.68162536621094,101.92328643798828,-4.926514367873907,-8.783506455756982,84.37524955486637,3.5861373,8.8312235,14.09631,6.053224,-6.3438864,12.729871,12.423426,-20.687368,80.93718,2.8507679,12.020916,10.372431,-11.91098,-17.251213,9.646531,55.980267,-21.526468,1.4911249,1.359905,-24.487883,10.310429,7.4174743,30.902592,-4.2724423,1.2972938,21.140621,6.5526977,14.780242,5.6614146,-20.260502,-3.7635586
303,-0.9609859585762024,146.59056091308594,101.77539825439453,-4.964356668691432,-8.664438336095879,84.45454328662788,3.4635117,8.847787,13.98492,6.0116973,-6.3701,12.786102,12.436906,-20.245739,81.13985,2.5760286,12.089198,10.284371,-12.100002,-17.361403,9.726051,55.14812,-21.462637,1.3167607,1.1930529,-24.128782,9.888745,7.256163,27.623882,-3.9647868,0.7912842,21.65458,6.5355706,14.629208,5.659952,-20.836891,-3.866326
304,-1.0679435729980469,147.5232696533203,101.62804412841797,-5.000346265600464,-8.551005684623524,84.5121565298107,3.3639483,8.859489,13.881606,5.972496,-6.414763,12.821191,12.447418,-19.829681,81.295784,2.3088949,12.142751,10.193796,-12.25466,-17.450245,9.78249,54.365143,-21.405264,1.1503522,1.0519892,-23.723932,9.493992,7.031903,24.457626,-3.7082405,0.3590148,22.174479,6.505032,14.465731,5.6636314,-21.357204,-3.9616013
305,-1.1631850004196167,148.4634552001953,101.48128509521484,-5.03664162046232,-8.439049120617018,84.54299674814202,3.2864516,8.867678,13.789383,5.943479,-6.474785,12.843712,12.455329,-19.407524,81.3833,2.06688,12.188835,10.081799,-12.379963,-17.523666,9.817756,53.620262,-21.351793,0.99184674,0.9450095,-23.275888,9.11075,6.7325215,21.36766,-3.497036,0.060510136,22.692284,6.4666867,14.282472,5.6794624,-21.788105,-4.0482635
306,-1.2750133275985718,149.40293884277344,101.34319305419922,-5.075589736223268,-8.330590127413462,84.556085201128,3.2326894,8.874174,13.700611,5.915371,-6.54958,12.834056,12.460452,-19.022264,81.44287,1.8196493,12.228228,9.95521,-12.467616,-17.572842,9.821148,52.914673,-21.305325,0.8415601,0.8539043,-22.779016,8.751472,6.362844,18.325598,-3.3210287,-0.13815704,23.217817,6.430513,14.065453,5.6987376,-22.092457,-4.1272364
307,-1.3956356048583984,150.3783721923828,101.21544647216797,-5.113718520867991,-8.236860827402138,84.54177089573362,3.1999216,8.876075,13.626558,5.8942747,-6.657599,12.823492,12.463362,-18.638363,81.44599,1.6033033,12.252562,9.847117,-12.521669,-17.606705,9.822354,52.259182,-21.250639,0.70218956,0.7834092,-22.230114,8.457965,5.9666624,15.442816,-3.2108896,-0.34449038,23.759066,6.383459,13.825377,5.7267537,-22.238651,-4.1858106
308,-1.5222151279449463,151.35281372070312,101.08635711669922,-5.152455069290595,-8.173321519394493,84.48456817113173,3.2144606,8.881602,13.563116,5.8645196,-6.8017173,12.800558,12.462863,-18.328707,81.42918,1.3746574,12.240914,9.794896,-12.533877,-17.619747,9.828452,51.683712,-21.18333,0.5755712,0.72543555,-21.640385,8.266898,5.5867944,12.863416,-3.2084608,-0.6856637,24.330149,6.317342,13.591418,5.7634225,-22.193388,-4.2188754
309,-1.6525013446807861,152.3480224609375,100.95159149169922,-5.238637672611666,-8.19129586008255,84.35765417905921,3.2830002,8.937268,13.553644,5.8425193,-7.0156384,12.805831,12.459467,-18.047106,81.35631,1.1510441,12.182849,9.810518,-12.512441,-17.617592,9.854513,51.183464,-21.093353,0.46757653,0.7046158,-20.969524,8.250169,5.1847143,10.594053,-3.454159,-1.3114063,24.992474,6.2794805,13.413346,5.803266,-21.942142,-4.238358
310,-1.7924072742462158,153.35177612304688,100.80706787109375,-5.394148530154406,-8.28016054020139,84.15982300222146,3.4025807,9.064635,13.589324,5.8360367,-7.283091,12.841426,12.453219,-17.776392,81.2214,0.9405632,12.089789,9.873666,-12.464846,-17.598675,9.90483,50.754562,-20.982283,0.37865353,0.7157787,-20.394873,8.415724,4.6989512,8.897503,-3.998768,-2.1520948,25.734697,6.3002377,13.31595,5.841899,-21.48314,-4.2498913
311,-1.917127013206482,154.39395141601562,100.66526794433594,-5.530503626077117,-8.334620513738104,83.94821469377457,3.5377657,9.168904,13.590032,5.829548,-7.5452576,12.860352,12.44231,-17.535656,81.054115,0.7633399,11.983912,9.9703455,-12.387315,-17.560228,9.97155,50.405476,-20.863926,0.298369,0.7185567,-20.075464,8.590854,4.1863055,7.924425,-4.432234,-2.9602568,26.431278,6.2871275,13.247965,5.8891177,-20.826874,-4.2256045
312,-2.024143695831299,155.4682159423828,100.55115509033203,-5.542544055057438,-8.252214594081341,83.78082629475087,3.671308,9.140578,13.479688,5.786529,-7.749014,12.790615,12.427993,-17.380726,80.90367,0.6244914,11.88563,10.084115,-12.249832,-17.515835,10.024073,50.117878,-20.748043,0.21740557,0.6768479,-19.951044,8.578177,3.7910323,7.4422097,-4.193767,-3.4563582,26.970085,6.126172,13.145302,5.950795,-20.008081,-4.1344495
313,-2.1208600997924805,156.56512451171875,100.4792709350586,-5.40210287535715,-7.996304321202973,83.66231828548406,3.7593927,8.937397,13.245817,5.7491994,-7.8748593,12.65565,12.394349,-17.215885,80.74035,0.5838605,11.797775,10.232124,-12.1167345,-17.428999,10.091964,49.947887,-20.658922,0.12275514,0.56733537,-19.902596,8.344936,3.5848408,7.3019133,-3.1440692,-3.5480056,27.311314,5.779827,13.022664,6.030097,-19.10037,-3.9623833
314,-2.2391159534454346,157.64097595214844,100.46870422363281,-5.135674695161985,-7.611521698541173,83.57446000909323,3.8371716,8.595913,12.913307,5.6966443,-7.953853,12.446101,12.345717,-17.107595,80.58712,0.5848547,11.704958,10.416484,-11.957838,-17.316484,10.157068,49.86905,-20.58208,0.023360679,0.41329822,-19.875488,7.952848,3.5337172,7.4152126,-1.4787362,-3.3469193,27.367624,5.311962,12.92644,6.4031663,-18.31187,-3.720337
315,-2.3739802837371826,158.677490234375,100.51729583740234,-4.7419994762913475,-7.1350601346834095,83.52061919996298,3.9112961,8.116902,12.500638,5.617866,-8.008926,12.174562,12.289213,-17.069471,80.4575,0.613805,11.608121,10.615755,-11.74027,-17.18662,10.21092,49.86015,-20.5207,-0.07199845,0.24439496,-19.941557,7.3971405,3.6128054,7.7386084,0.6449521,-2.9087903,26.105293,4.9960804,13.019421,9.270062,-18.781406,-3.4432874
316,-2.480987310409546,159.7505645751953,100.56128692626953,-4.235201455571931,-6.612283501676819,83.49822528071456,3.988649,7.511181,12.028119,5.5081472,-8.059472,11.857575,12.229605,-17.113182,80.36993,0.65210354,11.506655,10.811527,-11.44325,-17.033386,10.248239,49.91878,-20.48823,-0.15598913,0.0877147,-20.101254,6.678723,3.8199005,8.113574,3.0877576,-2.3034108,24.987738,4.5197687,13.04524,11.772275,-19.081007,-3.1405272
317,-2.571070671081543,160.8498992919922,100.63751983642578,-3.5748555023716904,-6.010924105133576,83.51742271659798,4.0646176,6.734925,11.471958,5.353667,-8.097037,11.491006,12.173949,-17.2653,80.32032,0.69863224,11.395629,11.01358,-11.053489,-16.86119,10.264749,50.029327,-20.494978,-0.22860196,-0.04181202,-20.392563,5.72329,4.227984,8.4818945,5.7991953,-1.5097535,23.871826,3.8560338,13.005597,14.138346,-19.31641,-2.7864802
318,-2.657150983810425,161.98330688476562,100.75630187988281,-2.775207355866122,-5.3303652684735265,83.57533888385936,4.1378884,5.805516,10.837521,5.1589417,-8.113737,11.073082,12.121867,-17.517614,80.29403,0.75675404,11.279286,11.225077,-10.5834675,-16.66901,10.260489,50.19678,-20.534552,-0.29155535,-0.15856998,-20.802496,4.563634,4.774386,8.930448,8.351541,-0.5894101,22.696537,3.0210254,12.927287,16.465185,-19.438553,-2.3770227
319,-2.743274450302124,163.1461639404297,100.89183807373047,-1.9373286191188874,-4.666542842418728,83.65003816735339,4.2236195,4.832796,10.195655,4.941512,-8.131552,10.62446,12.073338,-17.828423,80.28044,0.8214577,11.175931,11.412285,-10.041119,-16.457691,10.2386265,50.433605,-20.581142,-0.33930674,-0.27733168,-21.183708,3.357822,5.299255,9.399388,10.294602,0.2841628,21.584143,2.1347547,12.8249445,18.72161,-19.357647,-1.9845306
320,-2.8309884071350098,164.33570861816406,101.01693725585938,-1.1515849689894708,-4.10602456912221,83.71417930575714,4.3403683,3.9162655,9.610484,4.721612,-8.174052,10.16737,12.028736,-18.148626,80.26752,0.8930136,11.103621,11.541086,-9.436663,-16.22938,10.206285,50.75423,-20.607512,-0.3675268,-0.41402066,-21.3842,2.252023,5.6948714,9.824044,11.429789,0.9732967,20.565508,1.3136841,12.721041,20.949142,-19.004044,-1.6642075
321,-2.927475690841675,165.5379180908203,101.14517211914062,-0.4249264232905626,-3.6727927185970675,83.75550258679962,4.5014367,3.0634344,9.089642,4.5025706,-8.243418,9.710011,11.989098,-18.467228,80.26008,0.9845204,11.072365,11.589866,-8.751823,-15.985152,10.172448,51.17004,-20.57903,-0.3899567,-0.60174334,-21.326733,1.2717435,5.9712315,10.152498,11.899468,1.4263763,19.691454,0.57378685,12.608206,23.14625,-18.397348,-1.4557797
322,-3.0117547512054443,166.74375915527344,101.26749420166016,0.29086819916036555,-3.3144592228110565,83.78996234619086,4.6877275,2.2193668,8.598014,4.278585,-8.328483,9.244349,11.953889,-18.799006,80.25601,1.0987602,11.072118,11.579626,-7.994095,-15.724083,10.141404,51.67566,-20.514864,-0.4052652,-0.8240028,-21.198805,0.3285035,6.1964765,10.488178,11.952916,1.746835,18.888632,-0.14374207,12.476659,25.347689,-17.577543,-1.3163866
323,-3.0931010246276855,167.9424591064453,101.40044403076172,0.9905414655027174,-3.0056686033072797,83.83365315304148,4.870351,1.3916597,8.139064,4.0555277,-8.436618,8.76468,11.9200535,-19.134022,80.235725,1.2211046,11.090442,11.540266,-7.20965,-15.444406,10.11089,52.257084,-20.467669,-0.3869219,-1.0233908,-20.894651,-0.5981143,6.4389887,10.724206,11.676181,1.9943898,18.08467,-0.833582,12.319682,27.57907,-16.509483,-1.1884041
324,-3.1722593307495117,169.12881469726562,101.55196380615234,1.6689246929676567,-2.7178915561705854,83.90613430435478,5.016195,0.58589965,7.7126203,3.8420923,-8.575141,8.267176,11.883638,-19.45513,80.1798,1.3407809,11.114704,11.50277,-6.447152,-15.144024,10.079575,52.90281,-20.491636,-0.30804324,-1.1429564,-20.654308,-1.5298272,6.6669693,11.056032,11.1728325,2.2602472,17.201807,-1.4908913,12.133656,29.87152,-15.162002,-1.0136
325,-3.2568891048431396,170.29055786132812,101.70370483398438,2.3348209504653474,-2.4226147878485795,84.02800105780011,5.112311,-0.2090535,7.286327,3.6384501,-8.747634,7.7600994,11.843283,-19.758015,80.08755,1.4535844,11.140957,11.47588,-5.689748,-14.816824,10.039341,53.625465,-20.5967,-0.16912627,-1.1863467,-20.403028,-2.4855525,6.8747315,11.45053,10.432511,2.5863545,16.192738,-2.1163802,11.886225,32.25269,-13.468584,-0.7761298
326,-3.3299102783203125,171.4730682373047,101.83790588378906,2.9877693233075497,-2.139813592874901,84.18581169093717,5.174704,-0.99415946,6.865254,3.4425025,-8.950043,7.241655,11.798953,-20.049122,79.971436,1.5682868,11.175638,11.44418,-4.921497,-14.460979,9.99087,54.429424,-20.76008,0.016785135,-1.1791732,-20.021912,-3.4332843,7.051149,11.757257,9.566598,2.9306533,15.069331,-2.7073612,11.603448,34.77218,-11.504121,-0.5064919
327,-3.399322986602783,172.66265869140625,101.97168731689453,3.6140008147811913,-1.9185649375383667,84.34408597297958,5.2195106,-1.7424868,6.512123,3.2599854,-9.174181,6.69228,11.748212,-20.325874,79.8311,1.6947421,11.221935,11.4026985,-4.1906047,-14.084418,9.950351,55.287655,-20.982145,0.2593017,-1.0978285,-19.533371,-4.3481503,7.21455,11.99299,8.676536,3.26335,13.906606,-3.2584424,11.356464,37.357025,-9.367467,-0.21094435
328,-3.4904732704162598,173.80307006835938,102.10334014892578,4.194731562144223,-1.8077781892412805,84.46640154903196,5.26503,-2.4246063,6.291482,3.0971477,-9.415195,6.0926886,11.6865,-20.582346,79.666336,1.8445634,11.282129,11.345619,-3.544406,-13.6999655,9.94001,56.171608,-21.25539,0.568805,-0.9190831,-18.871754,-5.2075863,7.4070582,12.076227,7.8706675,3.5446806,12.771294,-3.755056,11.214628,39.95695,-7.168691,0.10795035
329,-3.5817174911499023,174.89730834960938,102.23556518554688,4.720176010143382,-1.8313432440025175,84.56097782089056,5.3093104,-3.0265543,6.2284822,2.947372,-9.673732,5.4278593,11.609947,-20.80829,79.48939,2.0260797,11.3666315,11.246757,-2.9821837,-13.313165,9.947096,57.085438,-21.582762,0.9717139,-0.6324,-18.017622,-5.9886785,7.612911,12.025334,7.141828,3.739163,11.674825,-4.1661124,11.159098,42.60522,-4.8489504,0.39306027
330,-3.6761958599090576,175.9760284423828,102.37301635742188,5.198906527393789,-1.9579320478088091,84.63995090804153,5.3513074,-3.5620406,6.284636,2.8083336,-9.95252,4.7053814,11.51724,-21.010334,79.30372,2.2341704,11.469717,11.116918,-2.47653,-12.9238615,9.967352,58.035343,-21.961168,1.4534247,-0.2506448,-16.98553,-6.713342,7.8212695,11.836987,6.455986,3.8797214,10.584113,-4.4926014,11.160675,45.30724,-2.3720198,0.6819832
331,-3.775421142578125,177.01974487304688,102.50818634033203,5.641504385129357,-2.153702912624239,84.6709745985722,5.410575,-4.04109,6.432036,2.6945615,-10.243447,3.9430487,11.408214,-21.20672,79.09526,2.4591017,11.569629,11.006536,-2.0388,-12.540584,10.042061,59.00034,-22.369858,1.9637628,0.21291664,-15.834005,-7.3867946,8.065023,11.531828,5.8231173,3.9951,9.49087,-4.762064,11.282372,47.998596,0.10264265,1.1054939
332,-3.881943702697754,178.02932739257812,102.63182067871094,6.06285310994287,-2.3853151628722133,84.62192671395472,5.502894,-4.4735556,6.6452165,2.6235478,-10.538265,3.1638331,11.282598,-21.412271,78.84348,2.6898615,11.645742,10.965915,-1.6828461,-12.177329,10.226118,59.95923,-22.77694,2.4548829,0.7434261,-14.63723,-8.019459,8.377188,11.183904,5.2137995,4.1156726,8.385495,-5.004872,11.597266,50.625195,2.4090204,1.780214
333,-3.9989218711853027,179.01651000976562,102.740966796875,6.463107146853621,-2.6505829382588466,84.47093755671992,5.6504283,-4.848626,6.9339814,2.597538,-10.843815,2.3644545,11.136601,-21.625368,78.53025,2.906636,11.709903,11.00656,-1.4217385,-11.846564,10.555581,60.92176,-23.137878,2.9319181,1.3595607,-13.43225,-8.606241,8.782361,10.875298,4.577824,4.249209,7.243178,-5.1888137,12.264654,53.234158,4.652803,2.8853745
334,-4.117494583129883,179.95184326171875,102.83280944824219,6.837786025080829,-2.9665145351931583,84.2408787362734,5.8333774,-5.160294,7.309132,2.612086,-11.158482,1.5371156,10.968894,-21.834812,78.16989,3.1204731,11.767233,11.102196,-1.246533,-11.550149,11.015593,61.89379,-23.463596,3.4152365,2.0615451,-12.205675,-9.147131,9.255685,10.582127,3.9414976,4.378501,6.072736,-5.281779,13.22008,55.866463,6.8561144,4.3153877
335,-4.245635032653809,180.86752319335938,102.9119873046875,7.1919888534608925,-3.327659251881536,83.96147099460292,6.0103235,-5.428728,7.7466164,2.6732492,-11.468809,0.70316744,10.785128,-22.040998,77.78616,3.3668804,11.787213,11.245052,-1.1345755,-11.283956,11.576768,62.846863,-23.809954,3.8796992,2.8094685,-10.933703,-9.669456,9.764036,10.274796,3.3083537,4.505462,4.906594,-5.3605075,14.183417,58.460133,8.731843,5.716524
336,-4.368821620941162,181.7982177734375,102.98435974121094,7.540356559297574,-3.7251862036290544,83.6624862942726,6.1421213,-5.6799736,8.220152,2.7848096,-11.761437,-0.11680297,10.595048,-22.248672,77.39748,3.679356,11.741581,11.426013,-1.0642573,-11.0387125,12.203645,63.749763,-24.235529,4.2994156,3.5644822,-9.57459,-10.199515,10.272877,9.884441,2.7020564,4.6204214,3.7508733,-5.5472193,14.849869,60.962555,9.998774,6.692072
337,-4.492476940155029,182.68727111816406,103.04242706298828,7.912206348367655,-4.167822658445767,83.30536164079454,6.2634926,-5.9450297,8.749095,2.9539306,-12.048689,-0.9148295,10.40401,-22.46297,76.98834,4.094171,11.611589,11.656276,-1.0541759,-10.80785,12.91757,64.608925,-24.783293,4.6623154,4.3704934,-8.07659,-10.7779665,10.827248,9.276451,2.2104194,4.7308326,2.5743868,-5.995159,15.098348,63.413166,10.511266,7.050884
338,-4.617619514465332,183.5724334716797,103.09138488769531,8.295871375043147,-4.65203408508123,82.8878155408136,6.380989,-6.205758,9.335094,3.1776137,-12.331118,-1.6952559,10.212789,-22.679098,76.54346,4.5828457,11.420772,11.935345,-1.1102008,-10.588968,13.724466,65.438576,-25.416447,4.979435,5.2325234,-6.435915,-11.396088,11.4277725,8.472196,1.8021306,4.8355494,1.3510603,-6.6645994,15.095954,65.840225,10.441656,6.9745655
339,-4.747414588928223,184.43792724609375,103.13275146484375,8.640604418482054,-5.151177344670931,82.49564956382596,6.4172754,-6.4227476,9.924574,3.439294,-12.581776,-2.4613726,10.025441,-22.89338,76.084656,5.0811386,11.20405,12.236062,-1.187026,-10.37804,14.552484,66.21253,-26.081074,5.2608485,6.054468,-4.7537885,-12.004389,11.97307,7.570355,1.4596254,4.9336815,0.10701209,-7.3938723,14.958859,68.14043,10.004141,6.629209
340,-4.87984037399292,185.30978393554688,103.17516326904297,8.894515960635433,-5.642376034930898,82.21498060791731,6.30209,-6.5626945,10.467152,3.7152364,-12.771952,-3.2223916,9.847279,-23.112844,75.63584,5.5218525,10.996085,12.529584,-1.2331659,-10.171764,15.308475,66.89879,-26.736563,5.519146,6.7412124,-3.120754,-12.539007,12.369069,6.70953,1.122407,5.0192747,-1.1179395,-8.002385,14.7928295,70.212715,9.413596,6.200221
341,-5.009639739990234,186.18165588378906,103.2218246459961,9.045159885581002,-6.140866064100379,82.05501703453562,6.0297236,-6.61889,10.976968,3.990641,-12.91164,-3.9803996,9.679556,-23.331497,75.17914,5.896687,10.804166,12.812739,-1.245021,-9.964966,15.967403,67.47633,-27.453842,5.7796926,7.3111725,-1.5396979,-12.970462,12.607391,5.929052,0.7744513,5.086078,-2.2891524,-8.471398,14.562348,72.04083,8.599123,5.6953664
342,-5.152976036071777,187.0352325439453,103.26923370361328,9.119019981641518,-6.65468610665724,81.97784351407101,5.6373115,-6.6171126,11.47432,4.274027,-13.009512,-4.7348595,9.522132,-23.557755,74.709885,6.2359643,10.611085,13.097932,-1.24237,-9.755937,16.556215,67.960464,-28.24274,6.0298467,7.8019514,-0.22515255,-13.272174,12.731747,5.6782985,0.19194622,5.142551,-3.4169714,-8.879197,14.234449,73.672325,7.4812465,5.059367
343,-5.293453693389893,187.8678436279297,103.31537628173828,9.128338487626745,-7.152183736270184,81.99602972853808,5.125484,-6.577441,11.922235,4.57204,-13.045507,-5.4956985,9.378029,-23.83064,74.27372,6.5254483,10.413757,13.3784685,-1.207025,-9.550063,17.057323,68.3704,-28.96876,6.2302456,8.14546,0.94709754,-13.4821615,12.750969,5.631092,-0.4549253,5.187531,-4.5221467,-9.175551,13.902046,75.09464,6.2768235,4.3842673
344,-5.427391529083252,188.71533203125,103.36097717285156,9.08222504196814,-7.601421279986042,82.12081161634197,4.5041795,-6.513836,12.286757,4.8840613,-12.994302,-6.2778773,9.249907,-24.203884,73.91739,6.7441497,10.210038,13.645746,-1.1097631,-9.356562,17.438667,68.71201,-29.501293,6.344322,8.274578,2.0528316,-13.633005,12.669969,5.594818,-1.0826552,5.2259707,-5.631114,-9.311957,13.649472,76.29866,5.2051773,3.7502167
345,-5.566406726837158,189.56109619140625,103.4112548828125,8.965881907309308,-8.001028253943723,82.37800255234403,3.7422733,-6.419103,12.563671,5.219214,-12.8450575,-7.0789833,9.139209,-24.718742,73.6455,6.850512,9.977539,13.926037,-0.9405443,-9.183102,17.6749,68.97214,-29.823446,6.3525376,8.133236,3.0775254,-13.712879,12.468498,5.573735,-1.6803797,5.266995,-6.7441454,-9.23112,13.479315,77.27839,4.3448877,3.1471827
346,-5.7031474113464355,190.4013214111328,103.46478271484375,8.781256163625422,-8.365855379536212,82.75235524437191,2.8604362,-6.288953,12.778372,5.5628757,-12.614899,-7.9017816,9.042726,-25.364609,73.4355,6.8543377,9.7248535,14.211277,-0.7013411,-9.030901,17.770618,69.1294,-30.003975,6.283468,7.7720017,4.044431,-13.716256,12.159442,5.5591545,-2.24707,5.303858,-7.840259,-8.965817,13.341273,78.03412,3.5807188,2.5486867
347,-5.834564208984375,191.2313995361328,103.51991271972656,8.555377079083097,-8.687910918296375,83.1937028991408,1.9427831,-6.137745,12.937605,5.8821387,-12.324554,-8.765864,8.953609,-26.10885,73.2947,6.815074,9.496049,14.443255,-0.38597926,-8.901495,17.744339,69.1862,-30.040434,6.1701446,7.2833734,4.950546,-13.6645565,11.792356,5.547817,-2.789215,5.333786,-8.921082,-8.595836,13.235604,78.57071,2.839487,1.9994655
348,-5.979309558868408,192.0744171142578,103.57431030273438,8.316255820717236,-8.958865272051879,83.65217657283077,1.0693427,-5.9767613,13.044908,6.147362,-11.993959,-9.689339,8.86318,-26.912241,73.23282,6.7960463,9.334576,14.565289,0.009576543,-8.797277,17.6197,69.14886,-29.927244,6.0441775,6.7593284,5.8004127,-13.595839,11.415621,5.542823,-3.330735,5.365968,-9.990804,-8.200773,13.164707,78.89494,2.0457976,1.543812
349,-6.123483180999756,192.91188049316406,103.63011169433594,8.062843348346883,-9.167440984765548,84.12301454091408,0.23787951,-5.798941,13.085794,6.3629856,-11.617043,-10.679529,8.76613,-27.78278,73.275505,6.7906623,9.238545,14.562014,0.49257517,-8.722742,17.390882,69.00911,-29.597246,5.9012613,6.159005,6.5768476,-13.499593,11.034426,5.537173,-3.8573763,5.392388,-11.059112,-7.738911,13.1768055,79.00558,1.1701376,1.2003273
350,-6.249114990234375,193.73959350585938,103.68273162841797,7.782129866049514,-9.319367278714344,84.62965841416404,-0.587316,-5.5938454,13.064993,6.5419993,-11.187221,-11.724408,8.658809,-28.731848,73.41253,6.777145,9.187355,14.464091,1.063357,-8.679195,17.05227,68.757866,-29.073982,5.724516,5.4580646,7.2801533,-13.3524685,10.626388,5.5367975,-4.36415,5.4037056,-12.120176,-7.187919,13.24856,78.89534,0.26126543,0.9402238
351,-6.372227668762207,194.59555053710938,103.73819732666016,7.487874578895596,-9.433731259033832,85.1642392470153,-1.3814895,-5.370857,13.01298,6.6716237,-10.727059,-12.810908,8.535404,-29.712944,73.599754,6.8014665,9.19587,14.285283,1.7089367,-8.660153,16.6367,68.406845,-28.483925,5.5286136,4.7725635,7.955009,-13.179775,10.197636,5.5385695,-4.876135,5.4084573,-13.155801,-6.655019,13.278443,78.57058,-0.64862806,0.7392118
352,-6.499061584472656,195.42807006835938,103.78805541992188,7.189051139638734,-9.530022923986607,85.71999715218415,-2.1297257,-5.142404,12.95606,6.7484,-10.256161,-13.920996,8.391498,-30.659618,73.79438,6.9205174,9.276737,14.040359,2.4006987,-8.655527,16.192802,67.989685,-27.947166,5.3311267,4.2135105,8.596167,-12.992521,9.752057,5.540942,-5.3681517,5.413014,-14.144333,-6.247016,13.164922,78.0287,-1.5225435,0.57782394
353,-6.6128926277160645,196.25616455078125,103.83838653564453,6.883750821482961,-9.609925180288046,86.30719960353524,-2.8513966,-4.9075284,12.891276,6.7826796,-9.765263,-15.0608015,8.226207,-31.552542,74.008446,7.1935487,9.455554,13.702635,3.126305,-8.659032,15.737197,67.521065,-27.468132,5.12568,3.8064015,9.215125,-12.777479,9.281671,5.546424,-5.849654,5.405444,-15.07841,-5.975695,12.876726,77.2481,-2.3638923,0.5130071
354,-6.715526580810547,197.07704162597656,103.88336181640625,6.568500834259572,-9.663703390341876,86.92531364342378,-3.5574949,-4.661668,12.804632,6.7835345,-9.24757,-16.227394,8.040647,-32.40508,74.25663,7.5898705,9.713176,13.274544,3.886164,-8.669298,15.2610235,67.0038,-26.985428,4.9066744,3.4891376,9.800099,-12.532232,8.787602,5.553167,-6.316892,5.3871255,-15.964327,-5.786993,12.463466,76.22756,-3.1821904,0.54138386
355,-6.8209381103515625,197.9084014892578,103.92473602294922,6.251133954489512,-9.694905422034722,87.5510449544149,-4.2233486,-4.4107685,12.704253,6.747539,-8.719065,-17.390562,7.8360467,-33.19528,74.50169,8.03172,9.994878,12.816066,4.6664906,-8.682066,14.780361,66.459755,-26.517927,4.69595,3.2393687,10.365992,-12.27504,8.288634,5.5613956,-6.7856603,5.367246,-16.809776,-5.675498,11.949842,75.01978,-3.9654057,0.55952626
356,-6.903509140014648,198.7590789794922,103.95925903320312,5.941894620898307,-9.707867101682163,88.16125942587371,-4.8301864,-4.1621404,12.596851,6.67662,-8.196471,-18.517336,7.6155615,-33.888912,74.70637,8.445404,10.24768,12.389371,5.4452553,-8.691554,14.320867,65.92144,-26.08063,4.5145,3.0324292,10.926444,-12.003979,7.802901,5.567878,-7.2631316,5.3335466,-17.618132,-5.6367173,11.361558,73.66972,-4.699642,0.4657661
357,-6.992770195007324,199.58731079101562,103.98754119873047,5.63886683929891,-9.702897610485486,88.76328470077819,-5.3864946,-3.916698,12.478875,6.571243,-7.671194,-19.611618,7.383684,-34.46812,74.8744,8.841054,10.483198,11.985522,6.2188606,-8.695461,13.893382,65.391464,-25.633648,4.3666563,2.863421,11.456857,-11.731448,7.3207417,5.5705833,-7.7253757,5.304111,-18.384237,-5.6979566,10.638931,72.16292,-5.3998523,0.2480136
358,-7.063493251800537,200.4364013671875,104.01033020019531,5.337877956228811,-9.67879708393261,89.36464745826616,-5.904173,-3.6710732,12.346679,6.437047,-7.13552,-20.68409,7.1447487,-34.940945,75.01963,9.253729,10.721006,11.580768,6.98697,-8.693518,13.495157,64.87018,-25.179304,4.241219,2.7416022,11.9794445,-11.438785,6.8389254,5.5719705,-8.19513,5.260961,-19.09743,-5.83505,9.785134,70.47905,-6.0685043,-0.027032048
359,-7.129714012145996,201.28143310546875,104.02632141113281,5.04639414706198,-9.637791503617327,89.94155528580397,-6.3679996,-3.4303398,12.204561,6.2836804,-6.61107,-21.714352,6.9032526,-35.31417,75.1237,9.644423,10.923419,11.217639,7.7315397,-8.683926,13.130644,64.388725,-24.796999,4.1360617,2.6620362,12.485359,-11.143286,6.379988,5.570048,-8.662636,5.2148447,-19.758831,-5.9716253,8.926745,68.65733,-6.6767764,-0.34960288
360,-7.2058186531066895,202.12155151367188,104.03345489501953,4.771925707067132,-9.581689595477048,90.47031432944001,-6.763719,-3.1988785,12.05614,6.121344,-6.1169224,-22.681818,6.664536,-35.593124,75.16772,9.973309,11.053744,10.939112,8.433584,-8.6627865,12.806346,63.979027,-24.564842,4.0492945,2.6187892,12.977344,-10.864619,5.9664783,5.5661645,-9.133012,5.1761837,-20.377966,-6.0393114,8.194375,66.740265,-7.197373,-0.72091734
361,-7.267339706420898,202.96719360351562,104.0302963256836,4.514997278245101,-9.51056511063342,90.94819909425696,-7.0831504,-2.9773302,11.898294,5.9472804,-5.648827,-23.589598,6.434033,-35.773243,75.15599,10.21655,11.094553,10.758077,9.08801,-8.628477,12.526609,63.648815,-24.54415,3.9882796,2.6372392,13.464828,-10.590773,5.602648,5.5569663,-9.610445,5.131649,-20.969301,-6.035302,7.6006126,64.736176,-7.6268277,-1.2138253
362,-7.318249225616455,203.82113647460938,104.02346801757812,4.271358594313915,-9.42368812735109,91.3861897779105,-7.3362646,-2.7645934,11.728723,5.7589335,-5.1980805,-24.446337,6.2159524,-35.85275,75.09158,10.39755,11.072272,10.652323,9.700884,-8.581104,12.289165,63.386345,-24.679827,3.9520783,2.7095993,13.941856,-10.318735,5.2768235,5.5488167,-10.096044,5.082102,-21.533344,-5.9889917,7.0869393,62.632935,-7.986568,-1.807415
363,-7.364191055297852,204.6916046142578,104.00598907470703,4.047208946121287,-9.322247735001184,91.78003562987361,-7.533069,-2.5673163,11.551351,5.5649204,-4.780446,-25.24181,6.0136137,-35.84525,74.95646,10.546847,11.015483,10.611253,10.270186,-8.522434,12.085805,63.195694,-24.878073,3.9258552,2.780108,14.417179,-10.061246,4.990968,5.5373154,-10.594703,5.030205,-22.05153,-5.894432,6.677231,60.420914,-8.274303,-2.3722591
364,-7.411041259765625,205.550048828125,103.96754455566406,3.8449525368608213,-9.206941609876782,92.12675395410616,-7.683486,-2.3905687,11.369965,5.373785,-4.4038415,-25.964832,5.8292313,-35.766945,74.73134,10.692965,10.95322,10.624443,10.796503,-8.453686,11.906814,63.07669,-25.044676,3.8951466,2.7938452,14.870851,-9.826987,4.7436514,5.5286393,-11.093988,4.9803314,-22.509525,-5.748117,6.395572,58.085716,-8.477428,-2.7825987
365,-7.453486919403076,206.41421508789062,103.92029571533203,3.6648253378663123,-9.073099652255976,92.41451304009856,-7.771076,-2.2310953,11.182461,5.180404,-4.067592,-26.617588,5.6650105,-35.616993,74.40991,10.815205,10.884209,10.713397,11.286829,-8.37627,11.756097,63.025826,-25.17236,3.8473134,2.7228835,15.31038,-9.614161,4.5450354,5.5203776,-11.605459,4.925311,-22.914854,-5.541218,6.268389,55.615715,-8.576367,-3.0150723
366,-7.484123229980469,207.2905731201172,103.86070251464844,3.5059112569468667,-8.921891602408941,92.64911986622546,-7.796395,-2.0891197,10.98652,4.981964,-3.7672944,-27.204868,5.5229354,-35.392063,73.99962,10.906253,10.798228,10.875347,11.739994,-8.291712,11.6345625,63.04149,-25.305593,3.794009,2.6015306,15.736758,-9.417721,4.3908696,5.5153627,-12.130401,4.862555,-23.27477,-5.2868834,6.278187,53.016685,-8.576497,-3.1432774
367,-7.510896682739258,208.16908264160156,103.78839111328125,3.3709562184190287,-8.762706480616712,92.85446881348273,-7.7941947,-1.9736202,10.786101,4.7885303,-3.5112195,-27.723913,5.4042163,-35.105946,73.505104,11.01328,10.708886,11.061575,12.148604,-8.199511,11.524864,63.123013,-25.428757,3.7573931,2.4682622,16.155985,-9.246024,4.260145,5.5127707,-12.660681,4.8016877,-23.579494,-5.0188236,6.386876,50.318913,-8.518378,-3.186365
368,-7.524413108825684,209.0546417236328,103.70193481445312,3.264316889795291,-8.606408596505021,93.05316163490303,-7.795967,-1.8931798,10.587326,4.6077094,-3.3105059,-28.171597,5.308292,-34.77824,72.93048,11.180712,10.630638,11.224006,12.506638,-8.099385,11.403243,63.268967,-25.530422,3.7589505,2.3618681,16.584312,-9.0985155,4.134688,5.50669,-13.191084,4.74261,-23.81425,-4.770578,6.5556808,47.54466,-8.440178,-3.1626406
369,-7.535274982452393,209.93881225585938,103.60257720947266,3.184829688777789,-8.451511416193968,93.24588890366971,-7.7999773,-1.8483759,10.387033,4.4377,-3.1719332,-28.548296,5.2342215,-34.402004,72.26691,11.429023,10.569777,11.35684,12.812467,-7.9883914,11.258963,63.48724,-25.616806,3.8124087,2.293787,17.009039,-8.9804125,4.0112348,5.507616,-13.721654,4.694682,-23.983398,-4.544353,6.80907,44.678764,-8.328479,-3.0724733
370,-7.555762767791748,210.82785034179688,103.4875259399414,3.133171661483528,-8.29529846505507,93.42222796445185,-7.7899327,-1.836018,10.184992,4.272487,-3.0901902,-28.85769,5.181572,-33.975582,71.51593,11.730817,10.518724,11.483231,13.072119,-7.8664794,11.097612,63.773514,-25.69592,3.9033952,2.2432356,17.435366,-8.899886,3.8976634,5.5097623,-14.2570915,4.6620355,-24.090256,-4.336469,7.159513,41.70943,-8.168206,-2.9157813
371,-7.561869144439697,211.7288818359375,103.3605728149414,3.10448470445077,-8.140822246285484,93.59293529906193,-7.778105,-1.8523899,9.987473,4.1128616,-3.050363,-29.10186,5.149502,-33.529396,70.698944,12.054775,10.469457,11.597782,13.294631,-7.737686,10.921007,64.1034,-25.756071,4.011316,2.2018647,17.87126,-8.836343,3.7885282,5.510309,-14.79597,4.625201,-24.132818,-4.165022,7.5483627,38.675503,-8.000502,-2.709832
372,-7.556156635284424,212.6331787109375,103.22331237792969,3.094028574580826,-7.990136621425644,93.76991970048194,-7.7763243,-1.8903527,9.80057,3.957098,-3.0437415,-29.28613,5.136319,-33.10018,69.838875,12.364788,10.413529,11.694758,13.492276,-7.6081753,10.728687,64.448135,-25.78539,4.1157117,2.16267,18.309116,-8.782969,3.6744564,5.51858,-15.335709,4.580811,-24.098482,-4.0453024,7.909706,35.60472,-7.866815,-2.469647
373,-7.55978536605835,213.5387420654297,103.0753402709961,3.1105939807553593,-7.848900439852084,93.9569910003487,-7.7864323,-1.9603344,9.629825,3.8080015,-3.0710924,-29.409946,5.141189,-32.7006,68.92499,12.654723,10.350055,11.767056,13.672255,-7.481106,10.50869,64.80087,-25.758888,4.2122884,2.1246202,18.764698,-8.763195,3.5482838,5.5117707,-15.865688,4.54305,-23.980083,-4.001299,8.260287,32.463417,-7.777551,-2.192169
374,-7.552809238433838,214.4552459716797,102.91536712646484,3.1475644761748485,-7.71071739480826,94.15369339814056,-7.8055177,-2.05606,9.467967,3.66227,-3.1401315,-29.473242,5.162916,-32.318176,67.95228,12.936597,10.282431,11.819561,13.83262,-7.3556437,10.261156,65.168816,-25.68974,4.3117247,2.093288,19.224035,-8.756479,3.4114418,5.5162635,-16.403801,4.5004377,-23.78342,-4.022136,8.615289,29.235725,-7.7071414,-1.8762473
375,-7.550112724304199,215.3729705810547,102.74384307861328,3.20271061321235,-7.577766007002915,94.35003672200476,-7.8249664,-2.1692538,9.317483,3.5109768,-3.2381825,-29.48108,5.1979113,-31.950008,66.95401,13.202577,10.208364,11.867339,13.969685,-7.233981,10.006276,65.546295,-25.6227,4.4163146,2.0703194,19.687222,-8.769847,3.2750947,5.525808,-16.940643,4.4605317,-23.527658,-4.0864215,8.934395,26.010487,-7.6523113,-1.53453
376,-7.548370361328125,216.30160522460938,102.5643310546875,3.27452050579151,-7.454172071557623,94.53579837406754,-7.8360434,-2.2944844,9.182021,3.3455534,-3.3540177,-29.439796,5.240754,-31.593683,65.96722,13.443843,10.124752,11.926496,14.080019,-7.120257,9.767755,65.92718,-25.598988,4.5287614,2.0575109,20.172281,-8.800703,3.1535912,5.5276246,-17.475689,4.4192386,-23.244751,-4.174676,9.183468,22.898113,-7.617246,-1.1812518
377,-7.5492753982543945,217.23294067382812,102.40068054199219,3.3668350341099207,-7.33484664312003,94.71131758016732,-7.840543,-2.4353147,9.059801,3.157052,-3.4890873,-29.352377,5.2885838,-31.23654,64.98959,13.656869,10.018546,11.997239,14.157174,-7.0153947,9.545332,66.31793,-25.63428,4.654539,2.0531516,20.65884,-8.860769,3.0455472,5.529619,-17.998394,4.383089,-22.843534,-4.310219,9.333378,19.697903,-7.522448,-0.88550264
378,-7.541136264801025,218.18479919433594,102.23187255859375,3.490339256935643,-7.228194693974352,94.89140105163388,-7.8521156,-2.6064653,8.953814,2.952193,-3.6482425,-29.21714,5.3400917,-30.881115,64.01277,13.849812,9.894233,12.0722,14.208556,-6.920283,9.331218,66.715965,-25.70184,4.7919416,2.057703,21.163916,-8.954089,2.9407096,5.528398,-18.490244,4.345642,-22.380589,-4.516532,9.417004,16.506525,-7.433347,-0.6242411
379,-7.534683704376221,219.1455841064453,102.05381774902344,3.6489263533840184,-7.154885400309997,95.10074845633056,-7.891624,-2.81406,8.869956,2.7448936,-3.816944,-29.036058,5.39173,-30.549898,63.066357,14.028932,9.774084,12.154126,14.2554655,-6.8383155,9.139211,67.09883,-25.775785,4.9332747,2.0770485,21.710169,-9.078334,2.8193378,5.527762,-18.92256,4.3018394,-21.898703,-4.8022656,9.408873,13.527721,-7.4214244,-0.26996654
380,-7.539149284362793,220.12049865722656,101.8610610961914,3.8496485832754765,-7.135304036815653,95.36709128952666,-7.982089,-3.067094,8.811993,2.5479286,-3.9827445,-28.813787,5.438319,-30.268438,62.18398,14.198591,9.68039,12.247308,14.319215,-6.774863,8.984859,67.4427,-25.826921,5.0710936,2.1171327,22.324871,-9.229026,2.655701,5.5280356,-19.26651,4.243348,-21.476078,-5.1660566,9.29108,11.034002,-7.590636,0.31270534
381,-7.532784461975098,221.10374450683594,101.65373992919922,4.121513968084284,-7.191816441801287,95.72137577743625,-8.145863,-3.3964925,8.7841425,2.3543186,-4.1399446,-28.558878,5.4695992,-30.070286,61.381725,14.339944,9.613232,12.364234,14.422931,-6.738727,8.87331,67.72864,-25.839716,5.211658,2.192133,23.036964,-9.432692,2.4124508,5.523133,-19.493322,4.171319,-21.131403,-5.6448174,8.965342,9.07466,-8.069829,1.3368933
382,-7.515385627746582,222.10302734375,101.43087005615234,4.432340995121028,-7.2936188152019374,96.12717653657164,-8.345677,-3.7668667,8.772477,2.1550312,-4.295229,-28.278498,5.4824586,-29.952417,60.65746,14.443998,9.559162,12.508117,14.548821,-6.725383,8.801789,67.975105,-25.821104,5.35494,2.2924643,23.802803,-9.663094,2.1291833,5.5301147,-19.588015,4.077324,-20.92471,-6.178806,8.5032625,7.666839,-8.84389,2.668047
383,-7.517451763153076,223.12548828125,101.20885467529297,4.697493583952674,-7.3769106706652785,96.48222735438657,-8.496431,-4.070083,8.761664,1.9676853,-4.4717236,-27.954908,5.491704,-29.828226,59.98681,14.57406,9.517559,12.650816,14.651377,-6.721786,8.740961,68.212395,-25.815643,5.4817424,2.3942857,24.553337,-9.837887,1.9227548,5.543236,-19.5256,3.9351711,-20.844597,-6.6117487,8.119246,6.7481303,-9.654521,3.929101
384,-7.539057731628418,224.19415283203125,100.99889373779297,4.847577508495953,-7.3934663230957325,96.714131307504,-8.527811,-4.2245307,8.738881,1.7967457,-4.67641,-27.6071,5.495107,-29.704372,59.40547,14.715592,9.483659,12.793512,14.701348,-6.7302585,8.7206335,68.4607,-25.792564,5.575634,2.4711692,25.233223,-9.895919,1.876466,5.5615883,-19.288979,3.731047,-20.805166,-6.8259296,7.991099,6.1628118,-10.200006,4.7549295
385,-7.551556587219238,225.2431182861328,100.83491516113281,4.9064228341232505,-7.338911397624978,96.8057758265394,-8.4078045,-4.2506337,8.708596,1.6342754,-4.943429,-27.256725,5.49087,-29.599522,58.920685,14.876694,9.46234,12.937755,14.699925,-6.7464457,8.751339,68.71224,-25.728537,5.627191,2.5087905,25.835747,-9.872826,1.9873286,5.592363,-18.896702,3.4800913,-20.787064,-6.8400826,8.258266,5.938163,-10.419493,5.0737605
386,-7.5393900871276855,226.26502990722656,100.71832275390625,4.890135777893093,-7.2361487075701305,96.79705865678302,-8.199087,-4.1714344,8.671951,1.4973605,-5.254022,-26.873524,5.478571,-29.45868,58.514023,15.0910015,9.448529,13.077242,14.642972,-6.781914,8.85475,68.97596,-25.623466,5.649007,2.5218143,26.391396,-9.786989,2.207741,5.6312222,-18.374952,3.1922314,-20.716059,-6.7093024,8.788053,5.9222946,-10.105468,5.0717454
387,-7.538562297821045,227.3018341064453,100.63642120361328,4.767048981108091,-7.062731359424972,96.71084310002637,-7.9334164,-3.9601896,8.59391,1.3897148,-5.544548,-26.447762,5.4602127,-29.313698,58.200085,15.291586,9.437871,13.217959,14.531936,-6.83373,9.003777,69.26477,-25.51246,5.654856,2.5282695,26.870346,-9.5948715,2.5194197,5.682794,-17.73884,2.853831,-20.688541,-6.391492,9.430358,6.142142,-9.075001,4.795154
388,-7.547622203826904,228.35472106933594,100.58831024169922,4.491172388183509,-6.809260126323244,96.58058693082558,-7.6961203,-3.5702286,8.44764,1.3471426,-5.750773,-25.929,5.434082,-29.081144,57.972363,15.485149,9.415607,13.348894,14.351924,-6.9402175,9.236792,69.59176,-25.39808,5.665474,2.5563014,27.263851,-9.236183,2.9056497,5.7511005,-17.013092,2.4439025,-20.681849,-5.839506,9.954673,6.4391017,-7.210532,4.313967
389,-7.580958843231201,229.43325805664062,100.5783462524414,4.022731543157771,-6.4372768096143655,96.3856268846991,-7.440066,-2.9578142,8.219985,1.3429021,-5.878998,-25.327133,5.4122057,-28.816212,57.79955,15.63214,9.407426,13.461371,14.107884,-7.078882,9.488245,69.94758,-25.374033,5.679282,2.63105,27.542976,-8.675955,3.4019468,5.839892,-16.278418,1.9359828,-20.789478,-4.9507213,10.281097,6.977123,-4.6090126,3.5144246
390,-7.612716197967529,230.52273559570312,100.61251831054688,3.3666710308148664,-5.966958440223135,96.1453892844235,-7.1693263,-2.14148,7.9252634,1.3699925,-5.9535403,-24.656815,5.3964634,-28.536629,57.684017,15.744368,9.416736,13.556982,13.810423,-7.234247,9.756458,70.32275,-25.416739,5.690333,2.731979,27.735447,-7.9187794,3.994004,5.9527283,-15.589171,1.3418887,-21.014948,-3.747893,10.466807,7.820092,-1.654856,2.533469
391,-7.651069164276123,231.66868591308594,100.65238189697266,2.603258161230368,-5.463846805862237,95.9504299067073,-6.9738903,-1.2166281,7.5803485,1.4323463,-5.949479,-23.919043,5.3885703,-28.261639,57.652477,15.803387,9.417616,13.64698,13.509928,-7.405217,10.01122,70.673225,-25.456188,5.704684,2.8291612,27.901323,-7.0190067,4.5714116,6.0819497,-14.894935,0.70715743,-21.264627,-2.4213114,10.542889,8.738451,1.2216232,1.7523346
392,-7.678650379180908,232.80691528320312,100.71965789794922,1.8116801223973467,-4.983707341476294,95.8606696505147,-6.9036903,-0.27584475,7.2078905,1.5252935,-5.846146,-23.121038,5.391032,-28.031212,57.73269,15.778787,9.384223,13.74957,13.2559,-7.58946,10.198862,70.956795,-25.43828,5.725257,2.8926601,26.52177,-5.9001675,4.808402,9.310517,-15.63214,0.06237591,-21.415205,-1.1685858,10.565772,9.398926,3.7872803,1.4031416
393,-7.7064080238342285,233.96173095703125,100.81043243408203,0.9663937402046862,-4.4979302569709265,95.88486608505823,-6.964325,0.7141729,6.7873363,1.6480541,-5.601091,-22.248907,5.4063997,-27.854235,57.91532,15.643183,9.299541,13.876686,13.061623,-7.7862225,10.287914,71.16468,-25.353024,5.7519064,2.9146185,25.263496,-4.661433,4.917863,12.292233,-16.083494,-0.64667135,-21.394478,-0.0088091,10.536507,9.534147,6.1137624,1.4262428
394,-7.750144004821777,235.163330078125,100.90463256835938,0.04793590539772499,-3.9872769809257833,95.97014868583624,-7.1022854,1.7829772,6.3252125,1.7991863,-5.2410617,-21.311287,5.431998,-27.723871,58.192394,15.410583,9.181685,14.0184145,12.901733,-7.993987,10.298893,71.3179,-25.237617,5.7818947,2.9121501,24.14358,-3.3113546,4.9662037,14.989025,-16.241293,-1.4382855,-21.207441,1.1293467,10.385209,9.263518,8.069577,1.5474823
395,-7.794412136077881,236.4056854248047,100.99870300292969,-0.8686320108275633,-3.5103210241222884,96.07073110545151,-7.265844,2.8511746,5.8753023,1.971032,-4.848797,-20.355492,5.4609003,-27.657541,58.599434,15.112401,9.053803,14.163808,12.762371,-8.20718,10.255795,71.42494,-25.10716,5.8121853,2.8899324,23.098017,-1.9560971,4.9554486,17.578905,-16.103018,-2.2249315,-20.920052,2.2158668,10.116769,8.862886,9.422111,1.6169136
396,-7.841136455535889,237.6392364501953,101.09070587158203,-1.707853610834933,-3.128307884231662,96.14766168930068,-7.4062843,3.8346686,5.4864492,2.1502693,-4.505217,-19.430668,5.484435,-27.677174,59.177227,14.778672,8.938052,14.304495,12.633765,-8.418086,10.177157,71.49294,-24.977875,5.8385506,2.851597,22.120693,-0.70699155,4.894609,20.14279,-15.624955,-2.9159932,-20.552977,3.217457,9.76788,8.585893,10.056449,1.5610191
397,-7.8665876388549805,238.86770629882812,101.17971801757812,-2.4444328481508837,-2.859328710409688,96.2073795170709,-7.5279155,4.7070856,5.1442676,2.337119,-4.2075863,-18.534744,5.498854,-27.795425,59.978092,14.384635,8.805941,14.47554,12.535699,-8.624327,10.049249,71.52966,-24.857449,5.860889,2.7814653,21.244358,0.3970697,4.7731037,22.678663,-14.784995,-3.4553049,-20.097404,4.104356,9.376958,8.504223,10.069557,1.4183208
398,-7.878363132476807,240.09713745117188,101.27444458007812,-3.1223770008313334,-2.6663347985243018,96.2648310116175,-7.642475,5.515627,4.823353,2.5295293,-3.9168751,-17.655422,5.5037446,-28.006218,60.979927,13.924238,8.654037,14.6719475,12.469386,-8.826477,9.85971,71.532486,-24.737885,5.879244,2.6809475,20.413565,1.4166887,4.590995,25.212976,-13.631006,-3.912683,-19.555965,4.9047837,8.977687,8.5150795,9.69831,1.2361814
399,-7.911089897155762,241.31820678710938,101.37333679199219,-3.765838919921468,-2.5332518978202323,96.29587094484494,-7.716338,6.28106,4.555033,2.7096543,-3.6694655,-16.82304,5.497352,-28.300987,62.113567,13.458911,8.541784,14.827952,12.396376,-9.022474,9.630447,71.49406,-24.611185,5.8902626,2.5777,19.578722,2.3834696,4.390301,27.777363,-12.213819,-4.3838077,-18.956747,5.6693707,8.606764,8.600111,9.097003,1.0234609
400,-7.9351983070373535,242.50357055664062,101.4820327758789,-4.393765018897535,-2.447837729471574,96.27757081397934,-7.7204304,7.0167375,4.372166,2.8618627,-3.495768,-16.067667,5.478087,-28.666832,63.313404,13.051171,8.529036,14.87874,12.275721,-9.209433,9.38981,71.41082,-24.465075,5.891094,2.4974248,18.695232,3.3223927,4.203409,30.403133,-10.586276,-4.9634933,-18.314342,6.448423,8.286017,8.716283,8.39948,0.7767967
401,-7.944112300872803,243.64047241210938,101.60575866699219,-5.011511249986822,-2.399908708357308,96.17632997349094,-7.6283226,7.7346005,4.264867,2.9892905,-3.3852837,-15.383718,5.44526,-29.098145,64.59617,12.72676,8.629053,14.827807,12.104433,-9.388514,9.134871,71.2822,-24.275803,5.876921,2.4407783,17.718948,4.2359357,4.0420146,33.144302,-8.682064,-5.691784,-17.732702,7.3066583,8.053344,9.103322,7.498932,0.460996
402,-7.948771953582764,244.77915954589844,101.72252655029297,-5.605101954389839,-2.4015119537545337,96.01436923496671,-7.465451,8.42049,4.218594,3.0990446,-3.3259292,-14.7553,5.4004636,-29.597263,65.98828,12.452023,8.809713,14.705464,11.898082,-9.56123,8.858277,71.11325,-24.054314,5.8512535,2.3952131,16.668243,5.0967097,3.8657374,35.994946,-6.516272,-6.534703,-17.050867,8.153072,7.882144,9.382366,6.625783,0.13120708
403,-7.956531047821045,245.90130615234375,101.83281707763672,-6.164485906225437,-2.474391753862521,95.85181097300239,-7.283994,9.049987,4.261354,3.183996,-3.3509576,-14.196435,5.347224,-30.161201,67.436264,12.200868,9.063868,14.486367,11.640083,-9.72294,8.587761,70.911156,-23.838402,5.823878,2.365862,15.583019,5.890517,3.6262822,38.91205,-4.2647147,-7.4560356,-16.273226,8.949519,7.72901,9.60156,5.7679734,-0.18965146
404,-7.950500965118408,246.99383544921875,101.93638610839844,-6.677437746374601,-2.6397461187710483,95.75118872898042,-7.142768,9.596962,4.4243183,3.2403874,-3.4896278,-13.716341,5.291001,-30.783436,68.88424,11.949303,9.385969,14.145052,11.310966,-9.868736,8.357814,70.690254,-23.663046,5.804597,2.3549254,14.510823,6.6165643,3.2875934,41.842426,-2.0894234,-8.3889675,-15.407284,9.673722,7.5398703,9.821835,4.9048004,-0.4963089
405,-7.946920394897461,248.03501892089844,102.03950500488281,-7.148144483135476,-2.9094396625565797,95.72054580889342,-7.060308,10.057261,4.7254233,3.2770476,-3.766228,-13.314335,5.234751,-31.444527,70.32518,11.719544,9.830016,13.639981,10.891489,-9.994466,8.19734,70.4625,-23.528603,5.8022046,2.3654695,13.455664,7.300536,2.8259103,44.84456,-0.041780867,-9.355992,-14.377976,10.3078985,7.301774,9.900422,4.115173,-0.7727122
406,-7.929939270019531,249.01927185058594,102.13909149169922,-7.580546548732609,-3.2697828368967614,95.73183897771257,-7.0169992,10.443047,5.147054,3.3011858,-4.1579113,-12.973833,5.181306,-32.142715,71.77969,11.522462,10.380544,12.995663,10.385391,-10.102413,8.097631,70.2299,-23.414179,5.8103304,2.3923204,12.378153,7.9484324,2.2628174,47.94755,1.9692333,-10.34084,-13.197558,10.879202,7.038766,9.815582,3.4165096,-1.0365369
407,-7.904038429260254,249.9664764404297,102.23284912109375,-7.9727714696043215,-3.7008751114383394,95.79485346688398,-7.0146766,10.757387,5.669119,3.3049889,-4.627175,-12.678478,5.1364965,-32.901295,73.22573,11.310704,10.929783,12.284126,9.814047,-10.195052,8.032127,69.985504,-23.324095,5.8153915,2.428435,11.254137,8.55179,1.6437422,51.06977,3.9962068,-11.191603,-11.93021,11.390632,6.7450833,9.675697,2.7469022,-1.2900627
408,-7.875550746917725,250.9066162109375,102.32828521728516,-8.325700473596314,-4.1827180072940084,95.91992926974339,-7.0513377,11.003183,6.2714553,3.2777243,-5.1382027,-12.415171,5.107397,-33.75241,74.63822,11.0285225,11.372989,11.576962,9.201961,-10.27413,7.9673347,69.71868,-23.265562,5.803503,2.4674647,10.0596485,9.1101265,1.0230683,54.13354,6.088393,-11.750419,-10.563426,11.838937,6.4071655,9.452123,2.1042259,-1.5358704
409,-7.849859237670898,251.8027801513672,102.423095703125,-8.646127319619328,-4.742483843403328,96.151322982213,-7.1708417,11.17515,7.0042357,3.2165272,-5.720143,-12.199358,5.100299,-34.75936,76.02037,10.617448,11.671174,10.844133,8.5343,-10.337606,7.893503,69.42339,-23.26298,5.7775784,2.5272362,8.748369,9.65243,0.35170263,57.203815,8.518174,-11.905092,-9.053242,12.214145,5.9721575,9.086336,1.5269396,-1.767989
410,-7.811365127563477,252.68499755859375,102.51602935791016,-8.94198023392672,-5.378551615137066,96.47196918047358,-7.3531575,11.276904,7.859852,3.1221116,-6.3777356,-12.029829,5.1151614,-35.90752,77.37026,10.106606,11.89067,10.059717,7.8120055,-10.382979,7.815906,69.09947,-23.311598,5.743043,2.6064668,7.334184,10.228476,-0.33832157,60.304222,11.179798,-11.67727,-7.386623,12.549247,5.4533486,8.58128,0.99939686,-2.0010602
411,-7.760646343231201,253.53656005859375,102.59291076660156,-9.207915290480186,-6.028679962819332,96.79856041246812,-7.503787,11.328418,8.731215,2.9930277,-7.0432606,-11.869603,5.147437,-37.095127,78.660126,9.582298,12.082555,9.302283,7.079966,-10.414513,7.7287054,68.74909,-23.374222,5.6901255,2.6696877,5.896377,10.8772135,-0.86844647,63.274254,13.558553,-11.12134,-5.7253385,12.869272,4.951021,8.069289,0.49492583,-2.230845
412,-7.7235236167907715,254.3876190185547,102.66500854492188,-9.433120755627964,-6.631750170590711,97.04558752730355,-7.5327888,11.351319,9.51247,2.83221,-7.6515794,-11.681363,5.1907554,-38.201538,79.86389,9.143559,12.292576,8.651773,6.3796906,-10.440841,7.632284,68.37456,-23.412123,5.609404,2.6827493,4.509172,11.612821,-1.0982631,65.98831,15.109153,-10.347754,-4.0927205,13.1608515,4.562612,7.476626,0.054827735,-2.4407647
413,-7.675690174102783,255.26779174804688,102.73435974121094,-9.614045896028628,-7.182983165698553,97.22762616109058,-7.462298,11.349403,10.197326,2.6479096,-8.21014,-11.458997,5.2392116,-39.22319,80.982506,8.852677,12.542494,8.09745,5.7175198,-10.466027,7.53316,67.9653,-23.408855,5.4924827,2.6354976,3.21325,12.487548,-0.96541685,68.44152,15.543975,-9.425741,-2.4925046,13.432829,4.2753673,6.839755,-0.35699433,-2.6502318
414,-7.627394199371338,256.13739013671875,102.80248260498047,-9.754829780598651,-7.711730414978457,97.37198275661775,-7.325194,11.316279,10.834415,2.442037,-8.748812,-11.221638,5.291574,-40.19346,82.0337,8.658542,12.798998,7.6082473,5.06825,-10.490706,7.4395323,67.52587,-23.382519,5.3474174,2.5477319,1.9655625,13.485435,-0.58804107,70.71665,15.162827,-8.319785,-0.85530007,13.665916,4.051433,6.0480385,-0.672524,-2.8485389
415,-7.584256172180176,256.9822998046875,102.86308288574219,-9.844801255773026,-8.210203926545411,97.41125455074678,-7.054614,11.260817,11.403845,2.2118714,-9.222164,-10.968127,5.35092,-41.036606,83.0142,8.493712,13.022813,7.235016,4.4227405,-10.520199,7.36103,67.08178,-23.344213,5.188079,2.4319117,0.73642606,14.47095,-0.11033624,72.79287,14.320797,-7.0432086,0.49875426,13.871005,3.953245,5.6897717,-1.1622176,-3.030134
416,-7.5344085693359375,257.8120422363281,102.91883087158203,-9.87151429573925,-8.671251432325361,97.28113455122266,-6.59841,11.192024,11.88957,1.9649541,-9.591887,-10.688838,5.425151,-41.65192,83.91232,8.304618,13.176425,7.0293703,3.7627118,-10.563984,7.3212624,66.66613,-23.302412,5.0282593,2.300726,-0.5064991,15.299954,0.34194177,74.649994,13.38259,-5.5960584,1.6135687,14.04093,4.028398,5.6565948,-1.7630883,-3.20263
417,-7.490172386169434,258.6545104980469,102.98417663574219,-9.815467120799333,-9.09468491847121,96.94106791650545,-5.9179273,11.107496,12.2904415,1.7019153,-9.845021,-10.375317,5.521077,-41.98521,84.70631,8.097094,13.256264,7.038214,3.0844383,-10.628939,7.347725,66.27739,-23.232407,4.8600826,2.1345818,-1.7611239,15.883676,0.7700926,76.290825,12.290973,-3.8861465,2.6620038,14.13492,4.3097496,5.6363306,-2.3325708,-3.3574226
418,-7.452721118927002,259.50927734375,103.05500030517578,-9.679397895131382,-9.484715764025989,96.43449070935723,-5.0711727,11.004473,12.622636,1.4364012,-10.005373,-10.019982,5.642818,-42.063904,85.38466,7.908114,13.284914,7.2253633,2.3803227,-10.716071,7.450467,65.91259,-23.127352,4.67896,1.9354538,-2.995081,16.258451,1.2181786,77.71672,10.908351,-2.0033457,3.6577415,14.144088,4.753999,5.624715,-2.8779404,-3.4935508
419,-7.419991493225098,260.3577575683594,103.1315689086914,-9.494414001480191,-9.839785183722439,95.82616987682087,-4.1496816,10.891798,12.895067,1.1929026,-10.086472,-9.613599,5.7962313,-41.916187,85.94858,7.726122,13.26386,7.516997,1.6315823,-10.823176,7.6241784,65.59941,-23.022585,4.5034933,1.7484329,-4.2119794,16.487793,1.649968,78.926506,9.4767885,-0.18068641,4.598227,14.092328,5.292429,5.616934,-3.3978295,-3.6149013
420,-7.380627632141113,261.16558837890625,103.20159149169922,-9.28771299657583,-10.159031920591607,95.17896723212787,-3.242265,10.777186,13.115794,0.9944559,-10.099805,-9.146111,5.988511,-41.571873,86.39675,7.539947,13.195521,7.8381643,0.819697,-10.945271,7.85927,65.36476,-22.955912,4.3526855,1.6181226,-5.417224,16.662685,2.053091,79.91079,8.245506,1.3818209,5.4679155,14.008205,5.85959,5.6101065,-3.8791938,-3.7292168
421,-7.343762397766113,261.9949035644531,103.27523803710938,-9.058587720290513,-10.438104425987053,94.47695621764461,-2.323687,10.656898,13.27295,0.8357963,-10.046547,-8.609675,6.2260523,-41.002598,86.71384,7.3516855,13.076417,8.21519,-0.05522767,-11.08194,8.158058,65.22058,-22.922758,4.22188,1.5584153,-6.616906,16.817232,2.486987,80.67215,7.299789,2.6591563,6.299095,13.889951,6.4674306,5.6080403,-4.360973,-3.8383796
422,-7.313358783721924,262.8391418457031,103.351318359375,-8.79235541269132,-10.676290744059099,93.69788002222067,-1.3679807,10.524332,13.3709345,0.7116732,-9.92325,-7.997102,6.5117593,-40.198166,86.87635,7.168355,12.914494,8.671244,-0.99008936,-11.2320385,8.52879,65.152985,-22.90861,4.1033816,1.5444119,-7.8052335,16.904493,2.9624157,81.213066,6.5109797,3.7615702,7.084739,13.717607,7.1384974,5.612274,-4.836948,-3.9353008
423,-7.293666839599609,263.6686706542969,103.42462158203125,-8.506054231189253,-10.879947232937278,92.89628805724087,-0.45557338,10.380508,13.438936,0.6405217,-9.736135,-7.299071,6.845712,-39.225994,86.87554,6.979253,12.72801,9.125992,-1.990838,-11.387196,8.960761,65.14765,-22.940311,4.0117707,1.5618013,-8.975395,16.908335,3.400788,81.540115,5.7919226,4.7056074,7.8206754,13.500511,7.823967,5.618647,-5.2977867,-4.0156164
424,-7.274288654327393,264.48004150390625,103.49154663085938,-8.218284840041957,-11.056080510228279,92.1286214936411,0.34076706,10.22915,13.502992,0.6316233,-9.492879,-6.5182533,7.2242327,-38.173885,86.71583,6.762523,12.53328,9.497094,-3.0564544,-11.535933,9.426719,65.184265,-23.052141,3.961466,1.5957465,-10.128301,16.80971,3.7118337,81.66361,5.0550127,5.5022364,8.518334,13.2633915,8.473353,5.6258554,-5.750967,-4.0889764
425,-7.265639305114746,265.30303955078125,103.55738067626953,-7.932982308925877,-11.19991061156137,91.40423962804059,1.022227,10.066774,13.556058,0.67338026,-9.17904,-5.6592617,7.6445956,-37.05235,86.397896,6.469738,12.310467,9.757636,-4.1917033,-11.672348,9.912102,65.276085,-23.298965,3.9647875,1.642364,-11.285813,16.582863,3.8631122,81.5871,4.298819,6.145082,9.192227,13.004443,9.076823,5.6322513,-6.21601,-4.152386
426,-7.261396884918213,266.10986328125,103.62008666992188,-7.639830059392581,-11.309300114411666,90.69603681775187,1.6287706,9.88885,13.58749,0.7569753,-8.797517,-4.716595,8.103095,-35.833904,85.91648,6.1180105,12.061087,9.949621,-5.3872027,-11.795313,10.416077,65.4218,-23.657808,4.00957,1.709226,-12.440474,16.242065,3.9144468,81.301315,3.5711954,6.6337442,9.817826,12.717912,9.65903,5.640134,-6.6707273,-4.2046785
427,-7.261656284332275,266.9238586425781,103.68199157714844,-7.3472266439307425,-11.395934216318514,90.00802394057713,2.1511035,9.700723,13.616057,0.89082503,-8.3787985,-3.6862302,8.589494,-34.558437,85.28008,5.7793465,11.830654,10.094696,-6.6142397,-11.89856,10.923149,65.57317,-24.046936,4.073736,1.7988775,-13.558703,15.828329,3.9034653,80.814735,2.8474286,6.985066,10.424812,12.415216,10.219021,5.6480327,-7.1317005,-4.251708
428,-7.262085437774658,267.7420654296875,103.73501586914062,-7.061580721938383,-11.471962700833249,89.34377728563828,2.5899734,9.508446,13.657978,1.0739292,-7.953402,-2.5798001,9.087512,-33.28642,84.519005,5.515116,11.660268,10.215015,-7.833718,-11.974598,11.40121,65.67551,-24.389914,4.135845,1.9126323,-14.601833,15.38325,3.8673036,80.12534,2.1076736,7.2147303,11.02654,12.108237,10.756736,5.6546965,-7.5986676,-4.299113
429,-7.266449928283691,268.5679626464844,103.78154754638672,-6.781364247192268,-11.54107376875882,88.70274095389634,2.9561,9.310078,13.710198,1.2946206,-7.5134964,-1.412695,9.584742,-32.0348,83.65615,5.3241005,11.551175,10.294657,-9.036984,-12.020156,11.813242,65.72264,-24.700577,4.2081504,2.065082,-15.567513,14.885751,3.779511,79.21956,1.3413085,7.3044987,11.629512,11.7928705,11.274118,5.659211,-8.074153,-4.34488
430,-7.276803016662598,269.3979187011719,103.82514190673828,-6.505301094338709,-11.597506369387192,88.0840437153374,3.2613003,9.103369,13.761861,1.5421343,-7.0468087,-0.19932815,10.073126,-30.796225,82.71135,5.1685157,11.476276,10.329828,-10.228995,-12.036711,12.156034,65.73216,-25.020395,4.2954454,2.2499,-16.473457,14.330552,3.6341088,78.10212,0.5627558,7.2587404,12.230607,11.464552,11.769856,5.648505,-8.548075,-4.386101
431,-7.287034511566162,270.224853515625,103.8580093383789,-6.238408127627138,-11.63928822298216,87.49033737876944,3.5106888,8.893477,13.814443,1.8145074,-6.573012,1.0366956,10.541331,-29.602444,81.73103,5.0517974,11.426965,10.362161,-11.390232,-12.026235,12.447652,65.68574,-25.310848,4.366438,2.4351754,-17.310602,13.779645,3.4991255,76.789795,-0.20541796,7.125387,12.802453,11.139065,12.241203,5.6639023,-9.036652,-4.427517
432,-7.306201934814453,271.0465393066406,103.88162231445312,-5.986166465481361,-11.664793894137413,86.92464327844215,3.7125683,8.6868,13.86797,2.1060765,-6.111889,2.2633004,10.975489,-28.496067,80.773964,4.972752,11.3911915,10.434198,-12.497185,-11.990823,12.705162,65.56225,-25.52962,4.3908663,2.58794,-18.073353,13.291344,3.438584,75.306206,-0.9461753,6.946118,13.362191,10.813129,12.682233,5.663972,-9.518162,-4.463559
433,-7.3264265060424805,271.88232421875,103.89802551269531,-5.747915773443743,-11.671495404791314,86.3840579119237,3.8661673,8.48466,13.915318,2.4202123,-5.656121,3.4675434,11.365932,-27.509687,79.87373,4.9326925,11.353412,10.579151,-13.549671,-11.933542,12.921966,65.36314,-25.666903,4.360275,2.6994393,-18.769165,12.867901,3.4485846,73.64416,-1.6733979,6.679737,13.9113245,10.492994,13.094869,5.662388,-10.009412,-4.501128
434,-7.351231575012207,272.7155456542969,103.90411376953125,-5.522944494641257,-11.661639997047677,85.86861474695367,3.9780462,8.287054,13.952082,2.747752,-5.192787,4.6353755,11.709516,-26.63889,79.043495,4.922869,11.311334,10.771545,-14.5490055,-11.858516,13.08192,65.09453,-25.743551,4.2927737,2.785083,-19.397188,12.481518,3.5035038,71.78938,-2.3861701,6.3188415,14.4414015,10.176136,13.481505,5.661294,-10.50254,-4.5360255
435,-7.369389533996582,273.5572204589844,103.90298461914062,-5.31180050457939,-11.64014961784326,85.38479648896491,4.064017,8.098545,13.982211,3.0672865,-4.7404313,5.736204,12.0045595,-25.865597,78.31047,4.9290357,11.272899,10.96655,-15.474092,-11.770871,13.189834,64.74387,-25.76309,4.198733,2.8483303,-19.954111,12.139115,3.6276848,69.77133,-3.049721,5.9519653,14.966617,9.871602,13.837202,5.6587005,-11.002611,-4.578321
436,-7.394219875335693,274.3907470703125,103.89137268066406,-5.117967798687554,-11.611981107174246,84.9398659159723,4.135548,7.921657,14.009753,3.362157,-4.31424,6.7439117,12.250779,-25.164484,77.696655,4.9393067,11.247148,11.119737,-16.31184,-11.677647,13.260137,64.30449,-25.726791,4.0880094,2.8931973,-20.433126,11.844686,3.84498,67.61331,-3.6291273,5.665077,15.482168,9.576726,14.15746,5.6553025,-11.502454,-4.6194916
437,-7.436854362487793,275.2492370605469,103.86941528320312,-4.937464387114129,-11.575744476546028,84.53315236667943,4.1889353,7.7556887,14.033347,3.6324348,-3.9149544,7.655164,12.448156,-24.52757,77.20769,4.9728975,11.23803,11.221785,-17.058428,-11.5823765,13.296473,63.76533,-25.60382,3.9581752,2.9199684,-20.83012,11.611308,4.181423,65.300964,-4.124585,5.4755673,16.005314,9.2796755,14.440834,5.6551485,-12.0262165,-4.6558313
438,-7.475259780883789,276.09564208984375,103.83506774902344,-4.771808909568369,-11.530101678940285,84.16239881433884,4.21668,7.600794,14.050631,3.8883984,-3.5345292,8.478578,12.599259,-23.964338,76.837296,5.0337253,11.238669,11.297524,-17.72361,-11.486759,13.298204,63.13452,-25.400057,3.806698,2.9278347,-21.153524,11.4213705,4.6155024,62.827827,-4.549278,5.3309245,16.512661,8.998413,14.692257,5.655596,-12.546174,-4.6971326
439,-7.510946750640869,276.9353942871094,103.79087829589844,-4.622593872906875,-11.479151344537632,83.83038654460896,4.2237825,7.461358,14.065951,4.1296296,-3.1772037,9.212046,12.709295,-23.473154,76.579475,5.085962,11.244461,11.352763,-18.312063,-11.39428,13.275601,62.4291,-25.168915,3.6442273,2.919433,-21.408445,11.237865,5.0989428,60.226692,-4.895512,5.21266,17.01289,8.735334,14.908675,5.655254,-13.0651865,-4.743557
440,-7.558435440063477,277.7825622558594,103.73529052734375,-4.4969965543121315,-11.427676169703645,83.54103285699229,4.2136617,7.342422,14.084866,4.3572564,-2.8467867,9.857988,12.785035,-23.048967,76.42189,5.09518,11.251977,11.392531,-18.83013,-11.3088455,13.242377,61.666126,-24.9615,3.481185,2.8977933,-21.599796,11.030783,5.5820765,57.528152,-5.155844,5.108409,17.519987,8.490344,15.086232,5.655025,-13.595196,-4.7891297
441,-7.606518268585205,278.624267578125,103.665771484375,-4.392061744955059,-11.377252066783052,83.2912682054918,4.1838875,7.2432966,14.116283,4.5776615,-2.5487914,10.417803,12.830957,-22.703907,76.35562,5.054562,11.264476,11.419909,-19.287455,-11.232032,13.206563,60.84165,-24.771408,3.3182027,2.863351,-21.727907,10.809466,6.078319,54.715004,-5.316564,5.0703998,18.02737,8.269422,15.230583,5.6564627,-14.127574,-4.839757
442,-7.668295383453369,279.4733581542969,103.58590698242188,-4.309774055638221,-11.325215597507608,83.08097765448784,4.14187,7.16908,14.151867,4.7791777,-2.277076,10.878281,12.846732,-22.462662,76.39813,4.966389,11.282228,11.432193,-19.668423,-11.175309,13.15949,59.937195,-24.56916,3.152851,2.8161068,-21.801924,10.589131,6.596215,51.793285,-5.3954754,5.0893846,18.539116,8.066015,15.34131,5.6588855,-14.670589,-4.8884845
443,-7.736477851867676,280.3414306640625,103.49458312988281,-4.249818704408496,-11.268128316426846,82.91438250090975,4.0827255,7.1136193,14.180149,4.962881,-2.032326,11.265858,12.844083,-22.26102,76.51753,4.852671,11.307698,11.420269,-19.965809,-11.129972,13.102833,58.96972,-24.382849,2.986133,2.7569497,-21.83359,10.349424,7.088751,48.807186,-5.420181,5.070482,19.059004,7.8857074,15.411317,5.663353,-15.230881,-4.9408307
444,-7.796536445617676,281.2003173828125,103.38626098632812,-4.214382433055571,-11.202902955088462,82.79607609085295,4.0013833,7.0728326,14.187953,5.1297307,-1.8129089,11.600725,12.826867,-22.039608,76.69421,4.7326007,11.340948,11.378467,-20.176275,-11.087594,13.037525,57.95991,-24.243872,2.8191,2.6868043,-21.824324,10.073235,7.511612,45.78528,-5.412423,4.9200454,19.568783,7.743352,15.436834,5.666987,-15.787954,-5.0028253
445,-7.857065677642822,282.09222412109375,103.26338195800781,-4.202192407036043,-11.123845579245081,82.73446517119011,3.900332,7.0473523,14.164723,5.270565,-1.6192302,11.871324,12.798656,-21.812834,76.94713,4.5906134,11.383023,11.284785,-20.284842,-11.056349,12.968305,56.889294,-24.145,2.6541204,2.5965202,-21.779594,9.762473,7.864021,42.69825,-5.351415,4.6099415,20.088064,7.632002,15.405005,5.6718574,-16.371197,-5.0732374
446,-7.934617042541504,282.97332763671875,103.13092803955078,-4.213689187980252,-11.03476332970213,82.72513480405622,3.7746813,7.036386,14.123019,5.394195,-1.4538622,12.084762,12.761361,-21.583801,77.262245,4.4333816,11.437554,11.148315,-20.304033,-11.035142,12.897545,55.756687,-24.076769,2.4894788,2.489773,-21.706354,9.433606,8.158473,39.554466,-5.241811,4.1984386,20.593939,7.543414,15.324079,5.6741486,-16.953417,-5.1358967
447,-8.008637428283691,283.8822937011719,102.98081970214844,-4.245974465147267,-10.943384443398422,82.7493922443034,3.6382186,7.0419254,14.072578,5.5005913,-1.3142035,12.254442,12.719193,-21.368809,77.60663,4.2527857,11.501994,11.0077715,-20.242601,-11.023486,12.825585,54.589584,-24.035278,2.3257105,2.3794107,-21.602602,9.092766,8.379312,36.42342,-5.1354647,3.727704,21.115192,7.4872694,15.214741,5.6822886,-17.556656,-5.2093873
448,-8.070460319519043,284.77886962890625,102.8125991821289,-4.299542087211911,-10.859765766920228,82.78878613880931,3.4990075,7.0687943,14.027617,5.594911,-1.197769,12.3942175,12.666834,-21.153627,77.9482,4.0663686,11.572331,10.9041605,-20.112373,-11.018618,12.745251,53.413555,-24.028881,2.1618876,2.2848275,-21.470814,8.75274,8.50918,33.376778,-5.081747,3.2435184,21.639639,7.4697146,15.101493,5.691813,-18.15069,-5.2949405
449,-8.1441068649292,285.681640625,102.6722640991211,-4.39107758825328,-10.790742611496533,82.85176559378561,3.35546,7.13111,13.994199,5.668004,-1.1118021,12.496817,12.617192,-20.981642,78.28612,3.8324778,11.660309,10.850206,-19.913311,-11.021263,12.667741,52.21501,-24.062613,2.0052314,2.2047932,-21.223732,8.419947,8.569528,30.248758,-5.0405746,2.7383807,22.190035,7.5234427,14.980153,5.705892,-18.745876,-5.411878
450,-8.218291282653809,286.6070861816406,102.52790832519531,-4.517123221096039,-10.731132997604199,82.94256500634906,3.2012382,7.230589,13.969937,5.722713,-1.0581026,12.54379,12.5337305,-20.780611,78.669205,3.6225555,11.750657,10.832844,-19.627811,-11.036602,12.559199,50.96186,-24.161922,1.8533796,2.1521947,-20.908037,8.108287,8.553019,27.091864,-5.021277,2.2097342,22.755125,7.621928,14.828605,5.719782,-19.31168,-5.5358963
451,-8.29772663116455,287.55792236328125,102.37596130371094,-4.643023988784406,-10.669371202813913,83.03341602417456,3.0644822,7.324008,13.930898,5.7668495,-1.0109965,12.583268,12.482902,-20.66067,79.00668,3.3269691,11.852983,10.817937,-19.290787,-11.050944,12.483543,49.758163,-24.234226,1.6934987,2.0751781,-20.545172,7.8116126,8.478493,24.005821,-5.0166,1.7030475,23.319391,7.716783,14.649119,5.7407174,-19.81516,-5.653702
452,-8.364788055419922,288.5110778808594,102.22615051269531,-4.736649711545308,-10.596763342770823,83.09812769770419,2.973003,7.400945,13.870288,5.797463,-0.9559687,12.579388,12.393137,-20.505787,79.37229,3.0895221,11.918514,10.806043,-18.86269,-11.087556,12.3513775,48.576595,-24.308392,1.5156747,2.0158472,-20.148275,7.516961,8.365329,21.081226,-5.0116825,1.255237,23.87471,7.7620697,14.446121,5.768255,-20.218956,-5.7508225
453,-8.436944961547852,289.4804382324219,102.08570098876953,-4.80001527158181,-10.516464993686368,83.1329289025734,2.920332,7.4496765,13.785787,5.8332825,-0.8892236,12.575679,12.315834,-20.390034,79.69634,2.791525,11.966976,10.779288,-18.38617,-11.127341,12.243263,47.476868,-24.333544,1.3064877,1.9286066,-19.702944,7.2057843,8.22785,18.269741,-4.99469,0.86139363,24.425453,7.757427,14.218998,5.803596,-20.49274,-5.8193154
454,-8.513022422790527,290.4584045410156,101.93936920166016,-4.853951964821946,-10.437104171822048,83.14319570831636,2.9020522,7.492066,13.68978,5.86917,-0.82283974,12.570181,12.248962,-20.288136,79.98002,2.4616885,12.007375,10.746183,-17.852144,-11.168395,12.140391,46.426792,-24.341324,1.074498,1.8300238,-19.219301,6.911949,8.051602,15.575891,-4.993019,0.50673777,24.982641,7.7347074,13.973767,5.843551,-20.607841,-5.862403
455,-8.580267906188965,291.466796875,101.80206298828125,-4.904514735183363,-10.357471457968035,83.11398375911045,2.9367921,7.538714,13.57278,5.8940806,-0.74271524,12.556136,12.175206,-20.189287,80.23677,2.1690986,12.03668,10.715699,-17.249912,-11.2184105,12.018733,45.44361,-24.325771,0.8389277,1.7350805,-18.772886,6.688612,7.810123,13.221048,-5.071226,0.1944406,25.541315,7.693896,13.738661,5.8878055,-20.538193,-5.87493
456,-8.655302047729492,292.49749755859375,101.66736602783203,-4.951636555062868,-10.271845898380713,83.03647350510954,3.0214288,7.581244,13.42288,5.915297,-0.6338882,12.565497,12.112124,-20.10013,80.420334,1.9406793,12.068576,10.688113,-16.604963,-11.259085,11.898824,44.59379,-24.262934,0.6158042,1.6337868,-18.456371,6.568872,7.469029,11.45219,-5.300495,-0.084431715,26.095428,7.6327095,13.540125,5.936325,-20.267979,-5.8600144
457,-8.728107452392578,293.5533142089844,101.53475952148438,-4.996611069020591,-10.181981714733025,82.90084889795446,3.1729949,7.629786,13.240107,5.925922,-0.50952333,12.578715,12.039326,-20.004135,80.55752,1.8220032,12.095987,10.670831,-15.895273,-11.299895,11.750916,43.849308,-24.159552,0.40318847,1.5450859,-18.258677,6.5596457,6.9429154,10.251516,-5.746031,-0.3726055,26.648348,7.5482063,13.404264,5.9904103,-19.808228,-5.821464
458,-8.79118537902832,294.61663818359375,101.40965270996094,-5.023812574298417,-10.079308661450487,82.72896138360463,3.3637052,7.66047,13.022256,5.9349046,-0.37174615,12.598479,11.963933,-19.908958,80.6467,1.7692391,12.118664,10.660212,-15.138126,-11.3321,11.597975,43.21903,-24.018446,0.19111426,1.4546876,-18.127928,6.590844,6.273214,9.470484,-6.286525,-0.6635348,27.19401,7.428544,13.319458,6.048872,-19.192661,-5.7559304
459,-8.854508399963379,295.71136474609375,101.29629516601562,-4.985922313180819,-9.933629439515576,82.57006021095873,3.5399528,7.6070194,12.754826,5.941937,-0.20003253,12.638976,11.907819,-19.824663,80.65895,1.7452227,12.143907,10.646289,-14.358476,-11.344404,11.459722,42.742798,-23.841042,-0.01678567,1.3415514,-18.02371,6.539314,5.631109,9.00384,-6.509625,-0.85958654,27.701284,7.234706,13.236079,6.1165266,-18.461742,-5.6526465
460,-8.902536392211914,296.8201904296875,101.20747375488281,-4.841686212673792,-9.717798657316752,82.46593440973892,3.6868775,7.433216,12.422375,5.9107375,0.026914112,12.640503,11.836866,-19.750765,80.6722,1.7691715,12.151346,10.636033,-13.51773,-11.345303,11.247049,42.385086,-23.686737,-0.218288,1.2323337,-17.911345,6.3091803,5.200084,8.767853,-6.063846,-0.85745853,27.850584,7.001609,13.150442,6.780899,-17.951227,-5.503657
461,-8.942758560180664,297.94464111328125,101.15135955810547,-4.575767490796189,-9.41508555040634,82.43968526227542,3.7637594,7.1109877,12.012032,5.8527265,0.3031176,12.634489,11.777707,-19.705261,80.63663,1.7978967,12.153302,10.611569,-12.649026,-11.328392,11.029628,42.195038,-23.523682,-0.4241434,1.0853198,-17.749207,5.8686075,5.063391,8.809519,-4.9081583,-0.52955025,27.113255,6.83734,13.133424,9.088739,-18.263575,-5.305447
462,-8.9786376953125,299.0993347167969,101.10747528076172,-4.1973328967472305,-9.040515711416534,82.46464047127434,3.8104923,6.660888,11.530705,5.7584004,0.6205514,12.597102,11.712386,-19.684082,80.588776,1.8616188,12.141354,10.583951,-11.725622,-11.287796,10.748333,42.13871,-23.384579,-0.6376833,0.9321407,-17.579659,5.2628098,5.108679,9.161129,-3.2653816,0.032926824,26.416481,6.524299,13.088371,11.191549,-18.537775,-5.0623727
463,-9.031559944152832,300.23297119140625,101.1063003540039,-3.7197703165383285,-8.621235022329653,82.50538680245782,3.8556697,6.1002264,10.997922,5.6457877,1.010591,12.544947,11.648332,-19.697609,80.52412,1.9441524,12.117547,10.568355,-10.768463,-11.219878,10.428213,42.228073,-23.240437,-0.82729846,0.7859846,-17.476133,4.536169,5.234654,9.7129965,-1.317678,0.60713834,25.73019,6.0850873,13.026611,13.194081,-18.811195,-4.8027706
464,-9.067588806152344,301.3879089355469,101.13190460205078,-3.1529162322555133,-8.182343707034903,82.52981185307328,3.9276838,5.443123,10.435609,5.5287695,1.498789,12.48977,11.592064,-19.747044,80.43925,2.041946,12.084111,10.580146,-9.791873,-11.1295,10.081261,42.46296,-23.068552,-0.9618143,0.6680942,-17.39323,3.718124,5.3884172,10.120156,0.8801045,1.0200256,25.04512,5.535202,12.944209,15.1480255,-19.028847,-4.5458198
465,-9.070998191833496,302.57977294921875,101.17022705078125,-2.4531797419212675,-7.705308574207967,82.54195609429516,4.0316424,4.644879,9.83408,5.3982306,2.1491952,12.416703,11.542196,-19.856367,80.345116,2.1616838,12.034925,10.635516,-8.777504,-11.008112,9.673352,42.824963,-22.874619,-1.0222507,0.6188758,-17.221966,2.748829,5.633984,10.07973,3.376947,1.2043405,24.353231,4.827073,12.813672,17.069391,-19.13969,-4.2828193
466,-9.082643508911133,303.7664794921875,101.25956726074219,-1.6367662757320225,-7.188436634035431,82.56301302475333,4.1412363,3.7171605,9.190882,5.251546,2.9303381,12.328778,11.500183,-20.018667,80.23307,2.299595,11.973125,10.720166,-7.7295403,-10.856909,9.220723,43.32467,-22.659607,-1.0274838,0.61591524,-16.961018,1.6322848,5.9670377,9.761422,5.8422046,1.3373101,23.696417,3.9787877,12.626202,18.936563,-19.144579,-4.00896
467,-9.093936920166016,304.9912109375,101.38130187988281,-0.767213299382146,-6.662851076069359,82.58307220558395,4.2576785,2.7296026,8.522325,5.0958257,3.724297,12.232752,11.463472,-20.20567,80.109184,2.4409304,11.906226,10.80859,-6.675113,-10.679171,8.755816,43.989002,-22.428831,-1.0095023,0.59691864,-16.823849,0.45025694,6.2662573,9.478218,7.925193,1.6021928,22.899086,3.0699193,12.438707,20.927446,-18.967123,-3.6895792
468,-9.102428436279297,306.2570495605469,101.48523712158203,0.05787299509521759,-6.182366736722722,82.59800445738806,4.3715744,1.7844182,7.864101,4.94414,4.417194,12.142913,11.429587,-20.377716,79.97286,2.575634,11.842091,10.876206,-5.6443424,-10.486008,8.320937,44.842865,-22.182003,-0.99805033,0.49669394,-16.578342,-0.6665465,6.5346885,9.261803,9.299296,2.015228,22.15972,2.2092667,12.23949,22.903263,-18.556297,-3.3642735
469,-9.11144733428955,307.5202331542969,101.57952117919922,0.8490771970425758,-5.744055208455401,82.59134841370872,4.49588,0.87109697,7.1937966,4.8021107,5.0132275,12.086125,11.397525,-20.51321,79.816444,2.7160943,11.7782755,10.921491,-4.616318,-10.286772,7.9300985,45.897438,-21.880623,-1.0130494,0.27000344,-16.379229,-1.7131811,6.7537293,9.267153,10.065697,2.513345,21.432465,1.3839885,12.045396,24.91153,-17.916666,-3.02385
470,-9.131532669067383,308.7805480957031,101.69606018066406,1.6373385355279764,-5.3304758334848446,82.56836875923801,4.623958,-0.043120112,6.507545,4.6686616,5.561305,12.055325,11.36683,-20.621294,79.63626,2.8713896,11.712017,10.95587,-3.5873709,-10.08462,7.5772552,47.132675,-21.524626,-1.030694,-0.041619767,-16.20763,-2.7328556,6.9677343,9.397199,10.399294,2.9809737,20.699644,0.5567677,11.8558035,26.95206,-17.073149,-2.6694937
471,-9.149972915649414,310.03271484375,101.81511688232422,2.392421691544687,-4.955448820093837,82.55051522382956,4.7304792,-0.9228933,5.8555994,4.5437474,6.011631,12.009004,11.335086,-20.712467,79.44107,3.0258586,11.650722,10.973886,-2.6078632,-9.883312,7.2694306,48.5216,-21.169422,-1.0157942,-0.37761438,-16.010635,-3.7206848,7.1811786,9.590728,10.355233,3.3966963,19.93554,-0.23390627,11.672905,29.035498,-15.984794,-2.3008852
472,-9.165864944458008,311.2551574707031,101.93436431884766,3.088611801537567,-4.63072140983445,82.56163377500805,4.7891884,-1.7376662,5.28608,4.4282575,6.3114066,11.904727,11.298312,-20.795988,79.23967,3.1641877,11.601248,10.970978,-1.7282847,-9.687594,7.0146985,50.03848,-20.869028,-0.9322926,-0.6796593,-15.750605,-4.679366,7.3832574,9.787262,10.02067,3.780436,19.105284,-0.9508257,11.494777,31.185543,-14.616608,-1.9097496
473,-9.201656341552734,312.4466857910156,102.06465911865234,3.7263644835443044,-4.3319349617584635,82.62380911229194,4.785384,-2.489754,4.7738338,4.3172297,6.4553814,11.741886,11.254764,-20.85905,79.03234,3.2693744,11.560852,10.941921,-0.94008917,-9.502642,6.7988005,51.70583,-20.587725,-0.79720026,-0.98192394,-15.475519,-5.6273885,7.530985,10.04965,9.397033,4.2087455,18.154875,-1.5812725,11.28222,33.43839,-12.894238,-1.4914305
474,-9.237107276916504,313.6419372558594,102.17111206054688,4.317287682550103,-4.061371130446052,82.71953224355744,4.739019,-3.1890154,4.3035383,4.2106557,6.46576,11.535535,11.204222,-20.903133,78.818474,3.3548975,11.5268345,10.891666,-0.21539347,-9.332299,6.6205263,53.517845,-20.309809,-0.6191057,-1.3016367,-15.089239,-6.5091705,7.6172075,10.309247,8.553182,4.6357517,17.081692,-2.1315753,11.062101,35.84784,-10.901548,-1.041546
475,-9.270015716552734,314.8018798828125,102.27226257324219,4.859899676647797,-3.8685328253918754,82.8144347750512,4.6770244,-3.822835,3.9380248,4.1165895,6.3324513,11.263624,11.144552,-20.962404,78.60875,3.4483612,11.504907,10.83165,0.42286056,-9.17823,6.508915,55.411503,-20.116104,-0.34896904,-1.5581565,-14.600333,-7.3306556,7.6857905,10.507049,7.6780295,5.0373306,15.989412,-2.6117349,10.907669,38.310318,-8.748119,-0.5395638
476,-9.332609176635742,315.94195556640625,102.38104248046875,5.354574575358709,-3.802103405784263,82.87349544841318,4.628237,-4.381159,3.7410102,4.04291,6.044845,10.90174,11.072578,-21.074879,78.418655,3.573536,11.499847,10.774492,0.9481602,-9.043512,6.493081,57.3314,-20.088396,0.062252067,-1.6721733,-13.883542,-8.09839,7.803709,10.520655,6.8890076,5.3645387,14.956589,-3.0221567,10.896592,40.784893,-6.5780168,0.034117524
477,-9.397374153137207,317.03912353515625,102.49070739746094,5.801261597774242,-3.899877691389367,82.90585085471311,4.589311,-4.8631744,3.7519174,3.9840393,5.5764213,10.435149,10.98397,-21.257853,78.26427,3.747449,11.522138,10.706531,1.352748,-8.929479,6.5620847,59.31691,-20.240543,0.63376856,-1.6528857,-12.914299,-8.797825,7.9641275,10.364341,6.1964865,5.574362,14.021932,-3.3358593,11.034416,43.297016,-4.356741,0.62532735
478,-9.47435188293457,318.0777587890625,102.6005630493164,6.200348273280037,-4.126290080368326,82.92296087994964,4.557481,-5.2742023,3.9288886,3.9335058,4.940908,9.869981,10.877247,-21.500984,78.14531,3.9482746,11.564607,10.627129,1.6547463,-8.837019,6.7032957,61.38634,-20.529806,1.3329135,-1.5325432,-11.721491,-9.447667,8.14567,9.996188,5.6003423,5.711506,13.137441,-3.540246,11.283525,45.857872,-2.0330338,1.2704401
479,-9.54975700378418,319.11138916015625,102.71428680419922,6.553943458633535,-4.420312937381502,82.8922873347095,4.560595,-5.6119585,4.215752,3.8996315,4.1895547,9.222556,10.753402,-21.79577,78.043846,4.1440763,11.607621,10.567054,1.866284,-8.76712,6.9495215,63.45697,-20.950487,2.1294744,-1.2651397,-10.404199,-10.033491,8.367676,9.530762,5.0328593,5.804064,12.256102,-3.6596782,11.661999,48.409718,0.26975152,2.1072686
480,-9.634212493896484,320.1077880859375,102.81573486328125,6.866027880415939,-4.7218584549228835,82.78109426926031,4.6212044,-5.8748455,4.558083,3.8950894,3.3720968,8.513224,10.614897,-22.127655,77.93677,4.3033323,11.632469,10.557333,1.9943317,-8.723131,7.342101,65.44726,-21.494595,2.9943419,-0.8047515,-9.110956,-10.553105,8.651974,9.087697,4.467898,5.897581,11.3329935,-3.731285,12.196122,50.890915,2.434959,3.2517304
481,-9.7293062210083,321.0572509765625,102.90609741210938,7.1349012633730355,-5.03040507397052,82.55903622120312,4.766325,-6.049602,4.969695,3.9262226,2.4736717,7.7362647,10.459933,-22.509348,77.81746,4.4079833,11.633988,10.616443,2.0103242,-8.709904,7.9232426,67.3988,-22.148792,3.9467947,-0.122056365,-7.8523674,-11.00096,9.039049,8.681294,3.8988183,5.9992895,10.359111,-3.7285266,13.052357,53.332848,4.586722,4.9401426
482,-9.837756156921387,321.9728088378906,102.98429870605469,7.363190098864533,-5.37613647903695,82.25320592816762,4.9668994,-6.137741,5.4718804,3.9899569,1.4801612,6.887898,10.285951,-22.936207,77.6945,4.4786377,11.623516,10.722548,1.9149668,-8.725857,8.680379,69.345634,-22.917053,4.981508,0.76001984,-6.603542,-11.389802,9.508309,8.339971,3.2990139,6.0941625,9.35637,-3.6170728,14.188924,55.79188,6.715155,7.046079
483,-9.948097229003906,322.8749084472656,103.05347442626953,7.556984424777908,-5.7431468703757815,81.90904368302637,5.1698833,-6.161908,6.020646,4.0842257,0.44185093,6.002468,10.095761,-23.3627,77.56172,4.5466037,11.607733,10.846201,1.7714951,-8.761525,9.56009,71.18475,-23.828176,6.033682,1.8126997,-5.351181,-11.740731,10.002753,8.01701,2.6914048,6.179226,8.316983,-3.4797823,15.292945,58.23656,8.519576,9.081913
484,-10.049148559570312,323.7708435058594,103.11565399169922,7.725153482547195,-6.110854187825756,81.57220405732978,5.323191,-6.152484,6.569914,4.207645,-0.5916487,5.112343,9.896772,-23.73814,77.40666,4.648353,11.594559,10.957031,1.6401471,-8.802016,10.498746,72.8063,-24.918917,7.0406885,3.008227,-4.087892,-12.074959,10.463355,7.6525,2.1137683,6.25136,7.2001452,-3.45603,16.015493,60.635986,9.720013,10.506664
485,-10.156204223632812,324.6628723144531,103.1714096069336,7.883933922661354,-6.482420258167067,81.2041243517914,5.4675364,-6.1224303,7.135316,4.351627,-1.6493013,4.217074,9.692644,-24.04082,77.2103,4.8130627,11.603253,11.0401535,1.51139,-8.835287,11.513336,74.19749,-26.28134,8.018305,4.4503274,-2.7564647,-12.421472,10.926711,7.1487575,1.6047823,6.317557,5.9532013,-3.6959057,16.203192,63.03825,10.174853,11.083527
486,-10.266621589660645,325.520263671875,103.2246322631836,8.02630490776708,-6.8604704571131165,80.79675899690425,5.6086497,-6.059375,7.725956,4.522653,-2.7423582,3.3089406,9.484246,-24.287611,76.97417,5.02292,11.627152,11.112617,1.3675797,-8.857399,12.618924,75.406815,-27.891037,8.967018,6.128371,-1.3347111,-12.774466,11.410073,6.4350758,1.2139897,6.3754487,4.5736704,-4.168796,16.04079,65.4504,10.06916,11.054237
487,-10.376981735229492,326.34771728515625,103.2711181640625,8.128213698295728,-7.221681980644626,80.44217246621236,5.6500177,-5.964842,8.286649,4.7360334,-3.7985015,2.403608,9.278276,-24.497065,76.72028,5.239137,11.635945,11.193105,1.2533896,-8.871568,13.732381,76.413414,-29.609617,9.813892,7.8363805,0.049477894,-13.0996895,11.8248825,5.70322,0.8650967,6.425707,3.0938745,-4.745248,15.676854,67.76585,9.617715,10.597585
488,-10.48445987701416,327.1733093261719,103.31790161132812,8.167155298447435,-7.545205412731597,80.23187898659398,5.507465,-5.8447604,8.76916,4.9971457,-4.7493067,1.5111611,9.084782,-24.701267,76.470566,5.4199953,11.600147,11.298092,1.2166833,-8.884385,14.746892,77.18863,-31.300638,10.504484,9.362237,1.0393687,-13.303912,12.0801,5.6438155,0.22171603,6.4669137,1.559751,-5.2671247,15.252636,69.87957,9.034351,9.916734
489,-10.595253944396973,328.012451171875,103.3646240234375,8.135985407335182,-7.82500725590421,80.18873337351026,5.1665907,-5.7043715,9.170319,5.2979755,-5.5915637,0.6334406,8.910416,-24.911804,76.20909,5.5221086,11.498625,11.439577,1.2646725,-8.8939495,15.634991,77.67501,-33.12075,11.076087,10.772221,1.9521315,-13.451304,12.167621,5.6105127,-0.397151,6.5074935,-0.0355134,-5.726297,14.724239,71.79011,8.241201,8.966701
490,-10.70897102355957,328.8429870605469,103.41498565673828,8.044856309589225,-8.07513246288917,80.268210341243,4.6803093,-5.547307,9.519431,5.626445,-6.35954,-0.24038255,8.756702,-25.131771,75.92746,5.5704417,11.354491,11.603728,1.3811808,-8.900484,16.42387,77.89167,-35.089695,11.542463,12.136097,2.8089244,-13.54323,12.131398,5.582847,-0.98127073,6.544649,-1.6867806,-6.1826224,14.054344,73.54064,7.1471853,7.7099104
491,-10.824701309204102,329.63934326171875,103.46702575683594,7.903786396664767,-8.304371833658863,80.45601654647233,4.0726213,-5.3771696,9.822096,5.9793715,-7.042788,-1.1237495,8.624296,-25.386915,75.655914,5.6227536,11.204617,11.765994,1.5680656,-8.915773,17.087547,77.92469,-36.84981,11.849246,13.23334,3.6123977,-13.581492,11.992756,5.5575724,-1.5224695,6.578973,-3.3252704,-6.563274,13.371848,75.07992,5.9751596,6.3602023
492,-10.937239646911621,330.44537353515625,103.52125549316406,7.720134954719508,-8.520386836176582,80.736285441978,3.3774283,-5.1953464,10.084275,6.3452883,-7.6300707,-2.0366678,8.511823,-25.716501,75.430466,5.731638,11.085656,11.901497,1.831205,-8.959878,17.585228,77.854004,-38.04415,11.964865,13.83829,4.3935976,-13.569877,11.774782,5.5421014,-2.0534234,6.6080623,-4.897531,-6.798961,12.791334,76.362686,4.960694,5.1129065
493,-11.04768180847168,331.2545166015625,103.58195495605469,7.482054122272415,-8.724539890082847,81.13586496292145,2.5661914,-4.993418,10.309758,6.7317963,-8.121949,-2.9886763,8.415461,-26.15256,75.25415,5.907321,11.007934,12.008385,2.177807,-9.049899,17.900127,77.65856,-38.575302,11.893457,13.827441,5.152238,-13.4958315,11.457219,5.5321774,-2.564768,6.6340117,-6.410455,-6.8490443,12.299025,77.38354,4.20962,3.9211965
494,-11.174942016601562,332.0448303222656,103.64627838134766,7.189925398188507,-8.911181695566324,81.65110391333845,1.6476096,-4.769297,10.503076,7.129185,-8.527412,-3.9776227,8.331148,-26.689133,75.11298,6.113548,10.950502,12.096593,2.6173112,-9.187971,18.03816,77.278656,-38.63586,11.67473,13.342801,5.87199,-13.366477,11.041285,5.5257382,-3.044386,6.666422,-7.8816376,-6.7481904,11.832754,78.160904,3.5929985,2.719108
495,-11.291520118713379,332.85400390625,103.70991516113281,6.867486966678803,-9.076661271562449,82.2200513694382,0.7099113,-4.529399,10.668475,7.5018473,-8.849719,-5.004507,8.255669,-27.30499,75.01714,6.3360806,10.903803,12.159369,3.156762,-9.370333,17.992853,76.741714,-38.30674,11.330202,12.556916,6.5732055,-13.190753,10.581267,5.5290794,-3.5255065,6.687092,-9.281921,-6.5411825,11.424674,78.68817,3.0001688,1.6586893
496,-11.391040802001953,333.6687927246094,103.77082824707031,6.5441136839184555,-9.218190948516726,82.77958319245162,-0.15893248,-4.2825685,10.808073,7.8149943,-9.09378,-6.069621,8.186932,-27.976503,74.97816,6.562774,10.857156,12.189765,3.8033338,-9.589011,17.756464,76.07823,-37.669834,10.87714,11.642146,7.255782,-12.992587,10.1313305,5.5308824,-4.0057683,6.6907506,-10.583356,-6.277398,11.112689,78.95703,2.3222797,0.8936253
497,-11.480342864990234,334.48992919921875,103.82707977294922,6.221515900854767,-9.331394258695385,83.32033756719295,-0.95334965,-4.0240626,10.915411,8.07063,-9.252374,-7.182595,8.126484,-28.731735,75.024704,6.777891,10.790615,12.179505,4.5753098,-9.8431,17.300299,75.27797,-36.658062,10.265924,10.539368,7.914419,-12.776414,9.699985,5.5336933,-4.489012,6.678324,-11.776902,-5.9220853,10.941154,78.95024,1.5269767,0.525777
498,-11.571127891540527,335.3034362792969,103.88232421875,5.8868025306951,-9.418030585555341,83.87252202859278,-1.7092723,-3.747551,10.994229,8.279602,-9.329707,-8.339026,8.071346,-29.579739,75.13521,6.989214,10.716291,12.132745,5.4873714,-10.131791,16.6228,74.305885,-35.277206,9.48342,9.209413,8.540799,-12.534803,9.261623,5.538004,-4.963334,6.6579447,-12.882636,-5.4693093,10.871518,78.67512,0.6823039,0.44723862
499,-11.660253524780273,336.0950012207031,103.93032836914062,5.550886654489437,-9.484870898276835,84.4314293477353,-2.4091372,-3.4611137,11.057646,8.429352,-9.342785,-9.514924,8.01241,-30.449718,75.25069,7.2285886,10.669701,12.063292,6.525349,-10.440691,15.774063,73.1788,-33.702682,8.609228,7.845996,9.135561,-12.279356,8.818975,5.541036,-5.420249,6.634157,-13.913468,-5.00392,10.821629,78.160416,-0.17415549,0.49889562
500,-11.741852760314941,336.91033935546875,103.97847747802734,5.224997239460953,-9.539364623177702,84.99186007931063,-3.0480812,-3.1773236,11.113402,8.5212145,-9.304011,-10.680742,7.9408484,-31.242756,75.319695,7.5425034,10.682677,11.988163,7.6430197,-10.746716,14.831311,71.95398,-32.0889,7.73485,6.6260414,9.732124,-12.023769,8.37625,5.5412717,-5.884694,6.6081724,-14.886608,-4.6085606,10.716837,77.44832,-1.0141511,0.52902734
501,-11.825608253479004,337.7052917480469,104.01901245117188,4.910446923461872,-9.584274556170474,85.55643608051301,-3.6449506,-2.9014783,11.153481,8.572515,-9.200399,-11.837361,7.854752,-31.92156,75.357635,8.00486,10.778375,11.912254,8.821087,-11.039244,13.814275,70.664314,-30.320963,6.818892,5.526832,10.308012,-11.771244,7.927731,5.5418367,-6.334846,6.587404,-15.798539,-4.26288,10.579943,76.52339,-1.8324652,0.5536519
502,-11.890707015991211,338.522705078125,104.0572738647461,4.602290915807741,-9.61543696383232,86.12615872676243,-4.213843,-2.6260529,11.170374,8.595735,-9.027061,-12.988195,7.757089,-32.50632,75.38841,8.589151,10.929148,11.8289,10.061892,-11.312799,12.716098,69.31357,-28.35417,5.824928,4.47747,10.881186,-11.506552,7.474728,5.541984,-6.790508,6.556783,-16.644238,-3.9377143,10.436009,75.37299,-2.644161,0.63455653
503,-11.945621490478516,339.33111572265625,104.08787536621094,4.302503528342184,-9.630187710637871,86.69335420657447,-4.745746,-2.3504562,11.167647,8.59021,-8.80061,-14.109237,7.650525,-32.979557,75.383766,9.191959,11.089711,11.741871,11.321042,-11.550582,11.586658,67.95232,-26.430103,4.870306,3.5563579,11.434589,-11.234698,7.026418,5.5409656,-7.2394495,6.5205855,-17.429224,-3.6908143,10.213088,74.0239,-3.437931,0.6990603
504,-12.00192642211914,340.14947509765625,104.11187744140625,4.009141434887933,-9.625918786250601,87.2510914179371,-5.238224,-2.078499,11.145847,8.562477,-8.537645,-15.175001,7.5407515,-33.30954,75.31948,9.716811,11.214952,11.657622,12.530249,-11.732468,10.494053,66.65822,-24.778004,4.0827007,2.8216214,11.973678,-10.961873,6.5930347,5.5396347,-7.693399,6.483384,-18.155767,-3.5720189,9.838681,72.50542,-4.205856,0.682731
505,-12.070259094238281,340.9474182128906,104.12833404541016,3.716538085594316,-9.605178835406546,87.81062170979146,-5.703548,-1.8079275,11.101518,8.518459,-8.226258,-16.185658,7.4361053,-33.46229,75.19711,10.15064,11.306209,11.58086,13.663096,-11.848021,9.456548,65.45337,-23.384499,3.51827,2.2831733,12.486599,-10.685103,6.165211,5.5366116,-8.136553,6.4487267,-18.80493,-3.5991595,9.254433,70.78879,-4.9745173,0.619137
506,-12.10611629486084,341.785400390625,104.13990020751953,3.4257730619569635,-9.569255282355494,88.37097719004936,-6.145039,-1.5452046,11.031519,8.461708,-7.8606534,-17.150137,7.344175,-33.44896,75.027855,10.549278,11.386324,11.509329,14.725838,-11.900852,8.458468,64.33461,-22.138779,3.1130655,1.8864235,13.004252,-10.382865,5.7447977,5.5369773,-8.600492,6.3922105,-19.37265,-3.723292,8.506657,68.86778,-5.7383804,0.5477184
507,-12.130837440490723,342.61566162109375,104.14100646972656,3.1512971472629667,-9.513650327984331,88.90603864244568,-6.545717,-1.3049706,10.936449,8.394205,-7.464892,-18.05818,7.269707,-33.310116,74.80056,10.9148445,11.443299,11.440276,15.696066,-11.89568,7.5177617,63.33925,-21.1216,2.8202028,1.5865393,13.499708,-10.0838375,5.3498826,5.5351677,-9.061038,6.3312984,-19.882309,-3.8909864,7.6792974,66.79849,-6.440087,0.4126868
508,-12.147346496582031,343.4315185546875,104.13489532470703,2.906146745627179,-9.433279209226823,89.39007250589239,-6.8881254,-1.1029509,10.815889,8.317429,-7.066292,-18.898428,7.2155576,-33.090347,74.5054,11.246102,11.464681,11.371697,16.552452,-11.839529,6.654495,62.50465,-20.41329,2.5916705,1.340362,13.959852,-9.807236,4.9986773,5.5372643,-9.518973,6.272631,-20.366463,-4.055698,6.861906,64.64774,-7.0313087,0.14948203
509,-12.165669441223145,344.25848388671875,104.11337280273438,2.69230407610323,-9.32167330851681,89.81972084993195,-7.163168,-0.9395127,10.66216,8.227859,-6.6534843,-19.672731,7.1846023,-32.78198,74.141624,11.525777,11.439028,11.297455,17.291842,-11.736704,5.8654356,61.827625,-20.091448,2.4420013,1.1524057,14.392476,-9.562922,4.6949015,5.537412,-9.98441,6.222168,-20.841946,-4.232748,6.029375,62.41656,-7.5045266,-0.32462522
510,-12.176060676574707,345.0956726074219,104.08291625976562,2.5017041994893687,-9.183488352544463,90.207438796296,-7.378663,-0.80682206,10.478396,8.122729,-6.22068,-20.387125,7.179174,-32.374172,73.708374,11.756184,11.3789,11.220017,17.925695,-11.590978,5.1396646,61.28573,-20.093506,2.394045,1.0371364,14.801863,-9.335467,4.4287467,5.536893,-10.45652,6.171577,-21.289993,-4.424482,5.149447,60.080193,-7.8945694,-0.944895
511,-12.169961929321289,345.941650390625,104.03951263427734,2.3415793576082966,-9.03208003265757,90.54928601561619,-7.539592,-0.71079504,10.280183,8.002862,-5.7965555,-21.039711,7.198793,-31.912323,73.198654,11.961742,11.307851,11.150867,18.457907,-11.412568,4.4818497,60.8837,-20.291496,2.4109175,0.9691483,15.2004,-9.130864,4.200249,5.541489,-10.938962,6.1190577,-21.686476,-4.5826883,4.304006,57.64548,-8.203078,-1.5694885
512,-12.164560317993164,346.7802734375,103.98387908935547,2.216464815821985,-8.88139781035074,90.84131814297614,-7.649512,-0.65727025,10.083616,7.868017,-5.411779,-21.629484,7.2406216,-31.450205,72.608826,12.159267,11.247482,11.102368,18.8956,-11.213532,3.898583,60.623795,-20.552773,2.4550452,0.9243592,15.598652,-8.9676075,4.0085306,5.5424175,-11.41943,6.076753,-22.017094,-4.6710687,3.5809302,55.124325,-8.425057,-2.0670762
513,-12.150435447692871,347.618408203125,103.91558074951172,2.1342359501207238,-8.732226610507537,91.0775927473827,-7.696676,-0.65241015,9.886879,7.7094193,-5.0628586,-22.162941,7.302625,-31.00588,71.94135,12.322151,11.198484,11.083,19.237043,-10.999818,3.3971038,60.513103,-20.912794,2.5303116,0.9126191,15.998925,-8.851145,3.8550515,5.5429435,-11.903077,6.0454855,-22.290617,-4.6958776,3.0191157,52.50967,-8.526379,-2.4700305
514,-12.126530647277832,348.4803771972656,103.83130645751953,2.088752590714942,-8.577431767044546,91.26253543815801,-7.681589,-0.69054633,9.682503,7.527522,-4.7371855,-22.640476,7.3838663,-30.559145,71.2003,12.4436655,11.150375,11.085566,19.484854,-10.773337,2.970491,60.541866,-21.413849,2.6533163,0.9438247,16.404726,-8.774368,3.7387908,5.546511,-12.404116,6.021466,-22.524418,-4.6826715,2.5718682,49.80358,-8.516803,-2.8404455
515,-12.093351364135742,349.3456726074219,103.73482513427734,2.0726911813843967,-8.42119857107025,91.40659906809927,-7.6256566,-0.76042634,9.479429,7.3363304,-4.449212,-23.056063,7.482185,-30.10509,70.38797,12.572013,11.106556,11.097961,19.653593,-10.54072,2.6027331,60.68492,-21.934662,2.8055246,0.9934427,16.812748,-8.728557,3.6541417,5.54827,-12.909187,5.995805,-22.699835,-4.636212,2.1978245,47.016403,-8.457316,-3.0954788
516,-12.0543851852417,350.2137145996094,103.62264251708984,2.075393827623692,-8.265648956599083,91.52216578469339,-7.5520253,-0.8472084,9.28501,7.149799,-4.21092,-23.403225,7.5941515,-29.641094,69.50748,12.753272,11.07007,11.1087475,19.75902,-10.30997,2.2784355,60.915634,-22.352179,2.9683018,1.0376635,17.226849,-8.703704,3.5954695,5.5477314,-13.417957,5.9604735,-22.791195,-4.5595083,1.8515378,44.1438,-8.402468,-3.15138
517,-12.012581825256348,351.0852355957031,103.4969711303711,2.1051395660550454,-8.115347718281294,91.61048763431178,-7.462828,-0.9607494,9.105162,6.9717493,-4.0294204,-23.686134,7.718723,-29.16827,68.553276,13.024356,11.047053,11.106784,19.797796,-10.0831375,2.0006974,61.24901,-22.634544,3.1417403,1.0682919,17.648848,-8.711288,3.5611234,5.549553,-13.933669,5.9152904,-22.794306,-4.4782357,1.5269163,41.16249,-8.355411,-2.9750693
518,-11.966793060302734,351.9673156738281,103.35942840576172,2.1635769536288314,-7.968481935342608,91.66698832141672,-7.348428,-1.1033907,8.935425,6.795063,-3.8961086,-23.905973,7.8554068,-28.686382,67.5273,13.352961,11.033159,11.100899,19.765997,-9.861315,1.7746873,61.689056,-22.845343,3.3346832,1.0994,18.08382,-8.753862,3.5532491,5.5483203,-14.457973,5.8644,-22.716621,-4.3944807,1.2473118,38.068157,-8.284293,-2.6236987
519,-11.924102783203125,352.8534851074219,103.2079849243164,2.2357782310394407,-7.816547658245925,91.69626812849283,-7.215615,-1.2538803,8.7656355,6.6178384,-3.8032806,-24.0533,8.001038,-28.189713,66.44775,13.681527,11.012827,11.110161,19.682423,-9.649645,1.5902587,62.19324,-23.001654,3.5416427,1.1406062,18.51697,-8.817825,3.5658174,5.547261,-14.985783,5.8136377,-22.577698,-4.283053,1.0217488,34.911568,-8.1949415,-2.1537108
520,-11.877029418945312,353.75994873046875,103.0437240600586,2.3073558928908575,-7.652536798456711,91.70328289287025,-7.0710254,-1.3895559,8.586838,6.43746,-3.7393944,-24.120268,8.150039,-27.672384,65.33559,13.9530115,10.969702,11.154291,19.5678,-9.455721,1.4350567,62.716618,-23.121416,3.7567682,1.2027899,18.947086,-8.881329,3.595458,5.554343,-15.528433,5.7600555,-22.391895,-4.123976,0.8580977,31.743935,-8.099375,-1.6237901
521,-11.83719539642334,354.6656188964844,102.86915588378906,2.389599237102307,-7.474604951636303,91.68340570289678,-6.9082675,-1.5188234,8.3936205,6.248389,-3.704934,-24.102207,8.298902,-27.134897,64.18354,14.161069,10.890818,11.235456,19.43041,-9.282288,1.301323,63.259243,-23.174269,3.9786456,1.2831964,19.36602,-8.9658575,3.6402128,5.5546217,-16.06794,5.7142406,-22.155815,-3.933003,0.7633507,28.530825,-8.0009365,-1.0584038
522,-11.797589302062988,355.59271240234375,102.68196105957031,2.4893490820583044,-7.288296210720319,91.64145325654361,-6.730576,-1.6526656,8.192659,6.052244,-3.7030637,-24.005667,8.446024,-26.579813,62.99147,14.334384,10.785523,11.344802,19.263838,-9.129081,1.1944501,63.83633,-23.161644,4.2106786,1.3792888,19.787086,-9.075265,3.696536,5.558354,-16.621923,5.671305,-21.864492,-3.7445626,0.7323223,25.256653,-7.898613,-0.4429657
523,-11.765026092529297,356.537109375,102.50801849365234,2.5966715166465946,-7.102058893478175,91.59253908669713,-6.5566072,-1.7840548,7.994841,5.858846,-3.7324634,-23.837399,8.588335,-26.001429,61.793293,14.469635,10.669632,11.485808,19.064922,-8.997283,1.1274351,64.42649,-23.145494,4.4539523,1.5030433,20.208918,-9.187224,3.7562888,5.563191,-17.165836,5.6187444,-21.446909,-3.5754917,0.73488456,21.863192,-7.7337894,0.2291694
524,-11.734589576721191,357.5026550292969,102.32965087890625,2.7100819828680534,-6.927925587771228,91.55396075528051,-6.408474,-1.9119492,7.812332,5.6787295,-3.7862904,-23.603123,8.721805,-25.391266,60.623943,14.564742,10.558675,11.661388,18.832317,-8.88844,1.115494,65.008865,-23.18612,4.709681,1.666858,20.652645,-9.304181,3.812087,5.567786,-17.673384,5.5538764,-20.949577,-3.4400392,0.77655685,18.515728,-7.5542674,0.97701067
525,-11.712610244750977,358.4708251953125,102.14053344726562,2.8490833277881635,-6.772171463609503,91.54247150737913,-6.2994757,-2.0574496,7.648862,5.503684,-3.8638766,-23.302616,8.841895,-24.735224,59.47426,14.612063,10.458777,11.87341,18.562662,-8.806133,1.1695037,65.590485,-23.283245,4.990954,1.8893245,21.12569,-9.448719,3.8434334,5.5716996,-18.113441,5.4763823,-20.376451,-3.3567913,0.8338042,15.196618,-7.3768473,1.9024801
526,-11.684170722961426,359.44122314453125,101.9197006225586,3.057965874161518,-6.647618617765817,91.59014704301988,-6.259958,-2.2697785,7.5031605,5.3305893,-3.9631987,-22.934158,8.946537,-24.03865,58.33476,14.619669,10.363716,12.114825,18.270992,-8.751261,1.2830023,66.16784,-23.405275,5.295493,2.1622307,21.638412,-9.665399,3.803149,5.5780954,-18.457512,5.3901973,-19.868656,-3.4021342,0.93423384,12.172666,-7.3510523,2.9729786
527,-11.656146049499512,360.4449768066406,101.6791000366211,3.3301988735792625,-6.5576898271136095,91.70294664543326,-6.3015146,-2.5458977,7.372445,5.176739,-4.0792346,-22.505615,9.036314,-23.327246,57.24147,14.606374,10.268922,12.379978,17.97277,-8.7207365,1.4399321,66.71007,-23.57041,5.598816,2.4558241,22.194296,-9.938108,3.688159,5.585023,-18.67114,5.2803435,-19.66509,-3.5848522,1.1678896,9.99079,-7.6897016,4.01456
528,-11.636823654174805,361.4592590332031,101.4429931640625,3.5878961280141457,-6.481816442957692,91.8243534814729,-6.370505,-2.801866,7.2502513,5.056749,-4.2172055,-22.028233,9.110121,-22.639492,56.23824,14.579284,10.161969,12.674555,17.670406,-8.707492,1.617272,67.19961,-23.80074,5.870932,2.7370317,22.768837,-10.181523,3.5805674,5.595825,-18.728289,5.113055,-19.742762,-3.7796454,1.5804063,8.666524,-8.322461,4.8474374
529,-11.608865737915039,362.4903564453125,101.2208480834961,3.7921941840984483,-6.414733666032254,91.91779373387108,-6.38256,-2.9892147,7.1412807,4.925357,-4.38656,-21.560389,9.148933,-22.096474,55.38679,14.449634,10.020731,13.050853,17.4002,-8.699726,1.7585628,67.6072,-24.147263,6.101289,3.0197322,23.36195,-10.363912,3.530116,5.610809,-18.627008,4.8737974,-19.870281,-3.915335,2.1457973,7.7555404,-9.130638,5.4478064
530,-11.583233833312988,363.5363464355469,101.01710510253906,3.9631365877261158,-6.34052795173633,91.9821294810299,-6.385508,-3.1326206,7.031246,4.8258176,-4.589159,-21.024998,9.174621,-21.537111,54.588173,14.316055,9.860692,13.466601,17.106152,-8.694391,1.9184797,67.98293,-24.597727,6.3099833,3.3015478,23.954466,-10.5129,3.5181258,5.6281414,-18.372011,4.5719314,-20.022224,-3.9887817,2.8590562,7.1392746,-9.994275,5.9158726
531,-11.555693626403809,364.5711364746094,100.83616638183594,4.072004804469787,-6.242976735392388,92.00767542371945,-6.3976045,-3.2035792,6.913411,4.781555,-4.8138957,-20.413023,9.196082,-20.916151,53.84733,14.240065,9.700113,13.867875,16.76598,-8.696515,2.1210155,68.337135,-25.067318,6.4974775,3.5532138,24.52289,-10.592544,3.5545025,5.650812,-17.969769,4.2027764,-20.122278,-3.9379692,3.7258523,6.700966,-10.3889885,6.217839
532,-11.535926818847656,365.6034851074219,100.69181060791016,4.0970231644223905,-6.111250731501224,91.99281986464324,-6.4020534,-3.1790948,6.785073,4.779611,-5.04679,-19.764668,9.212148,-20.312147,53.21034,14.201954,9.563495,14.229827,16.389444,-8.709976,2.3397844,68.66437,-25.475634,6.6527395,3.7535892,25.050333,-10.574662,3.639633,5.682885,-17.43957,3.769528,-20.140015,-3.7328851,4.7313585,6.415536,-9.879517,6.307607
533,-11.517318725585938,366.6488037109375,100.571533203125,4.053950983528533,-5.9463462870364125,91.9232396566885,-6.398959,-3.076136,6.651509,4.8346567,-5.3232408,-19.071697,9.226132,-19.688698,52.66476,14.23043,9.45814,14.546502,15.9545355,-8.739269,2.597392,68.96995,-25.829168,6.7852592,3.915786,25.541628,-10.487297,3.770861,5.7251687,-16.846663,3.2777905,-20.04767,-3.3906155,5.875849,6.3669477,-8.390537,6.147944
534,-11.48889446258545,367.7079772949219,100.47435760498047,3.93398676339075,-5.753168178635376,91.80562580979587,-6.3212595,-2.882668,6.5184298,4.869674,-5.637468,-18.421179,9.228981,-19.227232,52.28997,14.190779,9.365477,14.87522,15.541154,-8.767889,2.8045719,69.186714,-26.17636,6.890581,4.060902,26.00385,-10.326205,3.953128,5.7799644,-16.251272,2.7393634,-19.84201,-2.9277337,7.1102114,6.51649,-6.1818137,5.768414
535,-11.469945907592773,368.7939758300781,100.41162109375,3.6962529120796073,-5.508739816188626,91.67337490093766,-6.2602925,-2.5604303,6.35108,4.9440875,-5.912746,-17.722519,9.224955,-18.77191,52.01304,14.182256,9.283635,15.15838,15.108533,-8.805628,3.0205634,69.376724,-26.459465,6.9575176,4.137805,26.406187,-10.033828,4.1889157,5.8496923,-15.657914,2.1759114,-19.689516,-2.3182707,8.348942,6.8441806,-3.5433273,5.2479954
536,-11.456938743591309,369.86895751953125,100.39369201660156,3.3093068057287933,-5.2040223103745635,91.57737337120085,-6.356277,-2.0743163,6.123271,5.1465826,-6.0681577,-16.861427,9.212311,-18.127117,51.7528,14.311251,9.203955,15.335022,14.597584,-8.9002,3.3804996,69.614975,-26.567982,6.973645,4.1048207,26.736029,-9.556493,4.4665885,5.937473,-15.043187,1.6051689,-19.640661,-1.5581032,9.456973,7.17177,-0.7040279,4.6685295
537,-11.481307983398438,371.00640869140625,100.39657592773438,2.7285087140745623,-4.7944110633352945,91.53834194725833,-6.4692183,-1.3726362,5.815229,5.318527,-6.0547757,-16.026684,9.186283,-17.708632,51.665455,14.345587,9.1387,15.48346,14.169127,-9.004347,3.6363242,69.76155,-26.56291,6.9191685,3.9586558,26.962269,-8.836818,4.805398,6.0429854,-14.416373,0.9816489,-19.631222,-0.6098183,10.358074,7.3291306,2.2166197,4.0422597
538,-11.511493682861328,372.1556396484375,100.4447250366211,1.9648806374586785,-4.298144478304346,91.54109502578059,-6.6146936,-0.46905148,5.449776,5.492717,-5.9224305,-15.190159,9.140714,-17.400972,51.725704,14.364208,9.086061,15.588265,13.782842,-9.117209,3.831922,69.83933,-26.46966,6.8104744,3.7163236,26.461,-7.834258,5.1311226,7.468591,-14.360004,0.26985776,-19.651201,0.5184553,10.993995,7.3856316,4.9476566,3.3931937
539,-11.519950866699219,373.3106384277344,100.52613830566406,1.1145957174901056,-3.797524350572262,91.58636211836429,-6.7688184,0.52922493,5.080569,5.645399,-5.752631,-14.394322,9.079459,-17.221924,51.978508,14.319187,9.030143,15.654289,13.457397,-9.219921,3.9550037,69.84243,-26.313229,6.6587954,3.4209304,24.89975,-6.6052485,5.2907248,11.012018,-15.160929,-0.475764,-19.637583,1.6975974,11.293324,7.388016,7.14222,2.7733574
540,-11.510411262512207,374.4963684082031,100.61155700683594,0.27340268310466864,-3.375264877124141,91.67361995658938,-6.934039,1.5288037,4.756691,5.778466,-5.6210027,-13.655327,8.98547,-17.123114,52.46266,14.19979,8.943314,15.680172,13.195058,-9.335558,4.0476475,69.775764,-26.082308,6.472671,3.1258163,23.581371,-5.375367,5.3666234,14.206716,-15.497226,-1.1826619,-19.5082,2.8076417,11.265811,7.3931065,8.605185,2.2048745
541,-11.498201370239258,375.688720703125,100.69548034667969,-0.5639786858276128,-3.0457319155330755,91.82867037432698,-7.1193204,2.5261545,4.473441,5.8776126,-5.536292,-12.977583,8.87255,-17.155746,53.20188,13.958459,8.80353,15.667918,13.038574,-9.443328,4.0565004,69.60491,-25.781364,6.2429466,2.8151875,22.408926,-4.1281924,5.33303,17.284748,-15.490435,-1.805098,-19.259216,3.8386357,10.945325,7.450238,9.39495,1.6925089
542,-11.51152229309082,376.89031982421875,100.78042602539062,-1.4358284697945136,-2.7660015596861203,92.03835547440244,-7.3164682,3.5693736,4.2086887,5.9488873,-5.4589987,-12.355988,8.731851,-17.310574,54.178646,13.628512,8.628156,15.61771,12.973498,-9.553125,3.987266,69.342674,-25.407316,5.9658084,2.4751263,21.372656,-2.8290114,5.227947,20.250746,-15.21041,-2.3944726,-18.930756,4.8517737,10.4432745,7.5508966,9.6408825,1.2287694
543,-11.535696983337402,378.0910339355469,100.85578918457031,-2.2989477017084834,-2.5301652987634693,92.24886757422102,-7.4693365,4.6061687,3.981689,5.9874654,-5.403823,-11.813174,8.5685005,-17.559937,55.350433,13.245494,8.472046,15.536287,12.932148,-9.6571455,3.888423,69.05497,-24.999285,5.6637115,2.1409652,20.294588,-1.5317752,5.0323343,23.237198,-14.601504,-3.0298998,-18.541727,5.8391104,9.89939,7.699757,9.449412,0.814638
544,-11.548091888427734,379.2752380371094,100.9582748413086,-3.098521087118887,-2.3416522395602564,92.40079912543982,-7.5217643,5.574954,3.814047,5.9922924,-5.3841305,-11.364828,8.383293,-17.866241,56.676556,12.8509,8.385837,15.4317665,12.843738,-9.753744,3.8203683,68.808914,-24.586773,5.3604555,1.846806,19.244194,-0.3281361,4.7809033,26.155111,-13.625321,-3.7919273,-18.111433,6.785705,9.431112,7.90007,8.969833,0.4385251
545,-11.549968719482422,380.41583251953125,101.07373046875,-3.8235601362173717,-2.183070284860623,92.46601260026495,-7.4539714,6.473644,3.6821604,5.9720025,-5.374027,-11.000896,8.17626,-18.221413,58.178852,12.446552,8.364315,15.316797,12.700199,-9.846389,3.8106694,68.62011,-24.117338,5.0306416,1.5836896,18.121523,0.76126647,4.445138,29.111973,-12.225015,-4.686278,-17.697098,7.712842,9.092163,8.217042,8.278783,0.06747282
546,-11.539697647094727,381.5356140136719,101.17964935302734,-4.497341946894646,-2.0624003913676714,92.47532671306293,-7.3028326,7.3219213,3.5792723,5.933732,-5.377101,-10.701632,7.9501996,-18.628185,59.85485,12.018484,8.38709,15.183882,12.524016,-9.939572,3.8435624,68.461754,-23.585508,4.672926,1.3381569,16.897957,1.7582699,4.0017896,32.210785,-10.516171,-5.696731,-17.138193,8.567953,8.828833,8.46127,7.477021,-0.276531
547,-11.535786628723145,382.6490173339844,101.27415466308594,-5.112973771248608,-2.0181849158841123,92.46101716558525,-7.1047006,8.09525,3.5508454,5.8758016,-5.4480944,-10.464745,7.712686,-19.062574,61.627865,11.584051,8.479286,15.009765,12.286861,-10.028359,3.9157553,68.33716,-23.09121,4.3483615,1.1363384,15.684332,2.6511302,3.483658,35.303326,-8.599456,-6.8620224,-16.58016,9.36924,8.617889,8.859814,6.5583744,-0.59877604
548,-11.530613899230957,383.75640869140625,101.37303924560547,-5.6657755912365495,-2.0893359911580123,92.45806188108763,-6.9027114,8.766498,3.646011,5.7995744,-5.6437616,-10.284805,7.4747496,-19.495428,63.419518,11.163882,8.665887,14.770152,11.956592,-10.104939,4.027254,68.25373,-22.734936,4.1198564,1.0001807,14.551779,3.4402614,2.9159205,38.337982,-6.6227126,-8.19871,-15.87975,10.083367,8.395534,9.227272,5.6319513,-0.89468527
549,-11.504250526428223,384.8218078613281,101.47431945800781,-6.153815657817486,-2.302074344388277,92.44765220422202,-6.682928,9.330507,3.886993,5.707781,-5.998521,-10.154795,7.239166,-19.883703,65.23122,10.804538,8.984358,14.461972,11.514158,-10.165162,4.1968756,68.23408,-22.53606,4.0055604,0.9355063,13.528327,4.13269,2.29724,41.347454,-4.5676775,-9.827828,-14.968485,10.716403,8.165738,9.443065,4.7805014,-1.167995
550,-11.472162246704102,385.82305908203125,101.57598114013672,-6.582529918383279,-2.629979029116637,92.42183402949256,-6.444049,9.802009,4.245043,5.6090775,-6.4746766,-10.064164,7.006845,-20.238783,67.09096,10.488485,9.408105,14.096204,10.968695,-10.210318,4.4323573,68.279106,-22.442396,3.9730828,0.92703855,12.549024,4.719925,1.5942585,44.387375,-2.391076,-11.695258,-13.873833,11.268674,7.9508796,9.472298,4.026154,-1.4121686
551,-11.448803901672363,386.7757263183594,101.67608642578125,-6.952565872914456,-3.033481056514361,92.42991439002552,-6.2402706,10.183778,4.6953783,5.507262,-7.022596,-10.012241,6.789729,-20.629631,68.96262,10.129453,9.8686905,13.672333,10.33138,-10.240649,4.7079744,68.35896,-22.4504,4.00914,0.96550196,11.544383,5.2018814,0.8052426,47.44633,-0.18952234,-13.529116,-12.687341,11.729517,7.718633,9.431046,3.3096678,-1.6273237
552,-11.404802322387695,387.7067565917969,101.77900695800781,-7.270497907808508,-3.473315752956479,92.52154767178916,-6.119037,10.476222,5.2160892,5.4002786,-7.5934596,-10.001431,6.606132,-21.143099,70.802475,9.627628,10.303602,13.189235,9.619132,-10.252309,4.985985,68.437126,-22.561537,4.0996275,1.043915,10.445472,5.5946975,-0.049745813,50.51415,1.9481746,-15.03871,-11.4265375,12.114923,7.42238,9.303938,2.6319273,-1.8439999
553,-11.359251022338867,388.6058044433594,101.8828125,-7.533540145458074,-3.9584193397575413,92.7270708154501,-6.1066046,10.661954,5.832622,5.284444,-8.202103,-10.052077,6.471129,-21.84023,72.62219,8.881268,10.728037,12.6383505,8.810023,-10.237263,5.2579885,68.521515,-22.837627,4.2673216,1.1814983,9.201109,5.913367,-1.0129998,53.67202,4.1984086,-16.173443,-10.113481,12.408926,7.029442,9.149459,1.9623322,-2.0511985
554,-11.281576156616211,389.4895935058594,101.98602294921875,-7.747693815041253,-4.502916124484128,93.0158920954767,-6.1648474,10.744,6.5476327,5.1561103,-8.86549,-10.15243,6.3855457,-22.694626,74.42641,7.9446177,11.173401,12.021134,7.9094543,-10.189867,5.528926,68.6241,-23.26662,4.5082545,1.3782103,7.851174,6.176589,-2.053162,56.912796,6.559045,-17.027487,-8.712862,12.64883,6.5565133,8.945696,1.303006,-2.2675872
555,-11.211812973022461,390.3374938964844,102.08528900146484,-7.924767418696626,-5.0745852961282685,93.34522036372657,-6.2440944,10.751824,7.3035626,5.0132647,-9.534493,-10.259093,6.3432336,-23.652874,76.15933,6.96249,11.604518,11.349918,6.974448,-10.116594,5.7766685,68.71071,-23.741724,4.770228,1.5961374,6.463573,6.4399667,-3.0091035,60.084797,8.678859,-17.502396,-7.2550015,12.835214,6.05676,8.647947,0.69953436,-2.4660168
556,-11.131584167480469,391.1973571777344,102.18571472167969,-8.074997192747073,-5.640901509272012,93.67191159182589,-6.296394,10.721402,8.044349,4.8533044,-10.162092,-10.330728,6.333507,-24.653654,77.764046,6.084041,11.982982,10.634594,6.0646935,-10.028381,5.9785113,68.7415,-24.15414,5.0019207,1.798547,5.10248,6.772449,-3.7185695,63.043476,10.191628,-17.503815,-5.714306,13.002326,5.5760417,8.180079,0.17716886,-2.6630862
557,-11.047614097595215,392.0481262207031,102.27618408203125,-8.210745951453886,-6.211994984609304,94.0399569822879,-6.3712664,10.660153,8.789354,4.6807942,-10.753957,-10.3751545,6.3497844,-25.73119,79.24655,5.3285546,12.292664,9.814653,5.1773973,-9.928821,6.124781,68.70708,-24.503393,5.219083,2.0034227,3.7761092,7.2555437,-4.137505,65.79236,10.927429,-16.868351,-4.1260304,13.1565,5.073488,7.6204066,-0.3006274,-2.8546412
558,-10.96310806274414,392.85858154296875,102.35877990722656,-8.329104796105812,-6.797099645582948,94.45171056426253,-6.4669104,10.557679,9.55361,4.4929147,-11.326765,-10.414757,6.389663,-26.899275,80.637825,4.629137,12.555721,8.90263,4.2902484,-9.816777,6.223886,68.623566,-24.838457,5.4400268,2.2231593,2.441161,7.8887706,-4.3470826,68.40578,11.082303,-15.657599,-2.4547844,13.288362,4.5398846,6.8815966,-0.6739716,-3.0356462
559,-10.87531852722168,393.7191162109375,102.43973541259766,-8.413379374404345,-7.363595957559946,94.8009616433142,-6.467067,10.425101,10.278152,4.2817254,-11.853926,-10.429059,6.448803,-28.045895,81.916336,4.0147486,12.785602,8.017789,3.4279618,-9.7010975,6.2896447,68.49163,-25.121632,5.6199555,2.4107094,1.0942026,8.595656,-4.3855605,70.83361,10.842046,-14.152216,-0.73649764,13.408664,4.078555,6.047957,-1.0133934,-3.2154493
560,-10.785468101501465,394.5417785644531,102.51329803466797,-8.443135816670823,-7.880540184076336,94.98235735932485,-6.269939,10.277396,10.909343,4.049928,-12.306381,-10.390839,6.52434,-29.028467,83.05681,3.5321162,12.990502,7.2807107,2.608038,-9.596496,6.3530674,68.31529,-25.308113,5.7147446,2.519867,-0.25390908,9.284364,-4.276275,73.00877,10.41871,-12.64047,0.6325711,13.52016,3.802422,5.709554,-1.5336943,-3.3835657
561,-10.695133209228516,395.4071350097656,102.59070587158203,-8.396451328368396,-8.345485682809798,94.96626398649438,-5.8563924,10.111437,11.445134,3.809727,-12.68711,-10.285664,6.6159153,-29.79722,84.03792,3.2645328,13.17139,6.692194,1.8376094,-9.511027,6.426049,68.07914,-25.349081,5.699955,2.5316846,-1.5817386,9.92493,-3.9759896,74.91701,9.715196,-11.174342,1.790738,13.587277,3.734667,5.6812253,-2.1870356,-3.5429916
562,-10.60293960571289,396.2349548339844,102.6585922241211,-8.284187140963956,-8.775304311355905,94.80733260360003,-5.2937574,9.927307,11.917891,3.5699456,-13.009236,-10.123338,6.726055,-30.392523,84.86992,3.1838346,13.318934,6.200002,1.0948166,-9.445734,6.516943,67.79172,-25.268196,5.6044617,2.4743679,-2.876083,10.539489,-3.5020437,76.58075,8.6694145,-9.657085,2.8670864,13.594713,3.8143322,5.658368,-2.785706,-3.687997
563,-10.50905990600586,397.0526123046875,102.72523498535156,-8.130250588417391,-9.167689552640674,94.52862953958874,-4.6157184,9.741949,12.326238,3.3303914,-13.26189,-9.910193,6.858819,-30.806593,85.572136,3.1663597,13.425059,5.846148,0.3526955,-9.406283,6.6567607,67.495544,-25.125954,5.463481,2.372753,-4.152686,11.113764,-2.9463549,78.023125,7.540169,-8.132062,3.8805559,13.564281,4.011046,5.639297,-3.3503885,-3.8257189
564,-10.419533729553223,397.869384765625,102.78926086425781,-7.953459197129114,-9.520347158125261,94.15141319848424,-3.8613093,9.569969,12.669133,3.0975819,-13.438366,-9.643358,7.0202894,-31.017405,86.15562,3.0950453,13.483438,5.672146,-0.42015648,-9.397634,6.8908067,67.2388,-24.975288,5.3113527,2.2516181,-5.4299774,11.642985,-2.3821049,79.255775,6.597133,-6.619394,4.834001,13.509383,4.2980576,5.6297436,-3.893553,-3.9569874
565,-10.33906364440918,398.6856689453125,102.8533706665039,-7.750862023451743,-9.818321818561358,93.63887215800212,-2.9926162,9.41632,12.927364,2.8659167,-13.532997,-9.311603,7.215603,-30.990711,86.604774,2.9444542,13.503114,5.735904,-1.228589,-9.426739,7.258604,67.036835,-24.762394,5.1351166,2.087241,-6.7346997,12.136821,-1.7580209,80.28564,5.933791,-5.062,5.706454,13.424248,4.709591,5.631383,-4.40637,-4.078824
566,-10.25457763671875,399.5164489746094,102.91434478759766,-7.509695711769494,-10.065937176459425,92.9930105814964,-2.0194468,9.271437,13.112884,2.6463568,-13.555032,-8.900253,7.447875,-30.725113,86.892914,2.781503,13.488416,6.0006,-2.0682616,-9.492273,7.7565145,66.87097,-24.465923,4.9214892,1.8780544,-8.039568,12.589336,-1.0362912,81.097725,5.406855,-3.4686701,6.514542,13.299839,5.244204,5.6426215,-4.89834,-4.1976266
567,-10.169501304626465,400.32855224609375,102.97539520263672,-7.244985416139677,-10.288556240213019,92.29630249572013,-1.0486017,9.122884,13.268276,2.466715,-13.510551,-8.405133,7.7205877,-30.25622,87.02297,2.625716,13.426208,6.36539,-2.9567304,-9.583589,8.354565,66.738464,-24.196022,4.706116,1.6798899,-9.301572,12.975677,-0.30863547,81.691345,4.92473,-1.9444907,7.279787,13.139374,5.8227315,5.656495,-5.3678236,-4.308073
568,-10.10059928894043,401.1486511230469,103.03058624267578,-6.968910304408181,-10.512844638366731,91.63119128638013,-0.18091266,8.956828,13.434386,2.3495886,-13.407755,-7.828093,8.03639,-29.630459,87.00382,2.4911804,13.303347,6.728522,-3.9073956,-9.686179,9.009515,66.63418,-24.071138,4.5264482,1.546789,-10.479267,13.264114,0.3283024,82.05711,4.4057307,-0.5999849,8.057353,12.941086,6.364554,5.671592,-5.8525934,-4.4034076
569,-10.030472755432129,401.9403991699219,103.08270263671875,-6.673188518294829,-10.75292279111674,91.00566305237285,0.5903926,8.757604,13.623913,2.2844586,-13.240533,-7.1785855,8.398856,-28.837795,86.83228,2.385703,13.098617,7.0733695,-4.9277453,-9.792987,9.726191,66.56792,-24.143852,4.3845515,1.4878845,-11.560789,13.433186,0.8767171,82.18794,3.845088,0.559893,8.844888,12.704771,6.857144,5.6824574,-6.3321424,-4.4893312
570,-9.948172569274902,402.7488708496094,103.13114929199219,-6.352786336208214,-10.991273579043655,90.3813661938284,1.3077348,8.531821,13.816646,2.264033,-13.010986,-6.4394746,8.807839,-27.860468,86.48498,2.2995963,12.831562,7.448906,-6.009603,-9.902058,10.515469,66.53898,-24.352757,4.26248,1.4748616,-12.570415,13.494071,1.3858551,82.08711,3.292233,1.5807452,9.639065,12.437249,7.336607,5.702998,-6.829022,-4.5769935
571,-9.872008323669434,403.5367126464844,103.1758041381836,-6.029165411670865,-11.207319355026845,89.77274782131752,1.9315804,8.298643,14.002994,2.3076658,-12.737385,-5.580631,9.2553,-26.745821,85.94777,2.2157223,12.548916,7.850343,-7.1316133,-10.003699,11.327013,66.514984,-24.649557,4.169398,1.504873,-13.529585,13.46162,1.8230726,81.76856,2.7459648,2.4271264,10.400507,12.149903,7.798379,5.719222,-7.311782,-4.6548533
572,-9.821451187133789,404.343994140625,103.21263122558594,-5.723793969850946,-11.381584904814241,89.19452311453327,2.4365814,8.076296,14.168733,2.4211414,-12.437987,-4.5905304,9.725702,-25.566883,85.23388,2.1057198,12.29158,8.27194,-8.257299,-10.0856905,12.081409,66.45281,-24.999432,4.1143646,1.5745753,-14.456967,13.352787,2.15575,81.24246,2.2056348,3.0644546,11.12915,11.856677,8.237107,5.735708,-7.8062024,-4.7187796
573,-9.764007568359375,405.15924072265625,103.25064849853516,-5.440971085879616,-11.505868134105524,88.65277247155288,2.8249218,7.863599,14.300639,2.5939405,-12.101098,-3.4720445,10.205398,-24.345478,84.349335,1.9186387,12.052738,8.743606,-9.380968,-10.142275,12.725726,66.34528,-25.493519,4.1164837,1.6954267,-15.377224,13.140136,2.332684,80.510056,1.6799918,3.451721,11.808601,11.5821085,8.654184,5.749025,-8.298006,-4.7875338
574,-9.721890449523926,405.9794006347656,103.28289031982422,-5.17020434349915,-11.591898409736512,88.13996173463696,3.126381,7.6491795,14.403617,2.808151,-11.725746,-2.2498982,10.685359,-23.07273,83.32047,1.671834,11.808021,9.25659,-10.500065,-10.174696,13.270448,66.2001,-26.138649,4.162831,1.8644445,-16.273483,12.828004,2.3908734,79.56045,1.1758139,3.6233938,12.449945,11.300766,9.051065,5.760501,-8.7904415,-4.845513
575,-9.686240196228027,406.7962646484375,103.3071060180664,-4.913674946634086,-11.650839022261145,87.65071667674633,3.3605068,7.4350224,14.488626,3.0554264,-11.329434,-0.96520835,11.154048,-21.785015,82.21243,1.4358599,11.5675955,9.748106,-11.59118,-10.185156,13.731304,66.0039,-26.771278,4.2156477,2.0546842,-17.117285,12.482429,2.4202297,78.410194,0.67669684,3.656005,13.061381,11.022371,9.426599,5.7689967,-9.279201,-4.900133
576,-9.654345512390137,407.6260681152344,103.32512664794922,-4.669884151027706,-11.693731322491113,87.17901162588447,3.5529358,7.227132,14.565026,3.3210657,-10.935545,0.3282635,11.59828,-20.533522,81.10628,1.2733954,11.33917,10.156514,-12.621228,-10.175446,14.116596,65.73562,-27.225443,4.239816,2.2375848,-17.885397,12.165882,2.5073128,77.08487,0.15995154,3.622305,13.66372,10.748729,9.778554,5.7772813,-9.776914,-4.9561687
577,-9.618061065673828,408.4456787109375,103.33112335205078,-4.435157056563221,-11.726559706071349,86.72636137533024,3.7062407,7.026481,14.63042,3.60401,-10.533824,1.6107781,12.011347,-19.335651,80.03811,1.1905012,11.095147,10.454824,-13.583086,-10.149708,14.401267,65.39166,-27.451363,4.242286,2.417004,-18.561895,11.876279,2.6560807,75.56248,-0.38992038,3.495414,14.251955,10.481798,10.10278,5.782643,-10.269962,-5.0169044
578,-9.58122444152832,409.28839111328125,103.33101654052734,-4.214160309857599,-11.743253534481738,86.29586443187355,3.8188334,6.833074,14.675769,3.9006824,-10.113846,2.884001,12.390049,-18.186842,79.00104,1.1472429,10.832514,10.682755,-14.485123,-10.113279,14.574959,64.97911,-27.54174,4.238759,2.6027696,-19.167221,11.586977,2.8257217,73.842316,-0.95703334,3.2514565,14.83855,10.223501,10.400713,5.7851696,-10.776666,-5.0826297
579,-9.546009063720703,410.14703369140625,103.3223876953125,-4.010115467389293,-11.736726374876536,85.88228656216175,3.909871,6.6549397,14.699563,4.1915994,-9.693826,4.1177545,12.727539,-17.108574,78.024994,1.1364123,10.593396,10.881159,-15.320156,-10.070284,14.671429,64.49733,-27.541218,4.208921,2.7735355,-19.712566,11.320672,3.0400655,71.95181,-1.5044993,2.9604063,15.409187,9.976645,10.683083,5.786813,-11.290867,-5.1509447
580,-9.531155586242676,410.9791259765625,103.3002700805664,-3.829309026321005,-11.699410743549862,85.48106833340236,3.9967973,6.4987154,14.697608,4.458767,-9.289125,5.2781925,13.015912,-16.125277,77.14997,1.1481972,10.41693,11.093184,-16.085512,-10.026348,14.732396,63.953346,-27.490137,4.131962,2.9066565,-20.210709,11.096259,3.3227053,69.9166,-1.995074,2.6911952,15.928712,9.736826,10.961828,5.7857685,-11.784775,-5.2062488
581,-9.516281127929688,411.80963134765625,103.27348327636719,-3.6713057128507827,-11.623048658739952,85.08563596402041,4.081696,6.368203,14.660469,4.6974964,-8.895849,6.357967,13.250623,-15.245716,76.386955,1.1913843,10.310938,11.350297,-16.780325,-9.985855,14.762378,63.34429,-27.371498,3.991777,2.9958093,-20.672897,10.929865,3.6912317,67.730934,-2.4354284,2.4372442,16.401089,9.51489,11.244212,5.783068,-12.269374,-5.2619004
582,-9.506641387939453,412.6733703613281,103.24087524414062,-3.534382305016131,-11.513669212597218,84.7006554158482,4.156235,6.263122,14.589099,4.916066,-8.504318,7.357147,13.434642,-14.464721,75.73958,1.2661722,10.249284,11.628421,-17.406813,-9.952684,14.746616,62.670826,-27.167923,3.8049753,3.052628,-21.095509,10.801456,4.127176,65.38798,-2.838511,2.1647568,16.853268,9.305231,11.522011,5.781079,-12.768949,-5.318246
583,-9.501372337341309,413.5453796386719,103.19998168945312,-3.42044705506604,-11.38544044851494,84.3376029773003,4.2221417,6.186439,14.49696,5.11523,-8.125437,8.259535,13.573421,-13.784958,75.225876,1.3508617,10.221957,11.885945,-17.958403,-9.929528,14.697726,61.935482,-26.915573,3.6002622,3.0816705,-21.46522,10.678399,4.5968103,62.91636,-3.1878357,1.9004518,17.288137,9.113145,11.786282,5.779365,-13.2716875,-5.3759704
584,-9.499667167663574,414.4083557128906,103.15040588378906,-3.3322549676766724,-11.252822587622592,84.0081098425858,4.2794104,6.141522,14.397775,5.297399,-7.7671037,9.051493,13.673778,-13.207729,74.86045,1.4224938,10.219018,12.080739,-18.431496,-9.918123,14.634154,61.14338,-26.647432,3.4062178,3.086302,-21.7713,10.533968,5.0636134,60.348385,-3.471176,1.6752838,17.713211,8.945533,12.028036,5.7766414,-13.769061,-5.436858
585,-9.498696327209473,415.2738037109375,103.08950805664062,-3.2685073371981455,-11.114855748479775,83.71587349896409,4.3218718,6.1275406,14.291302,5.4691124,-7.429891,9.726779,13.74155,-12.7371645,74.65335,1.4899151,10.2558975,12.199598,-18.826986,-9.919224,14.558484,60.287216,-26.34165,3.2340076,3.0668323,-22.02517,10.365923,5.512221,57.68235,-3.6782804,1.5299505,18.132732,8.804198,12.244922,5.7775464,-14.270834,-5.5050864
586,-9.509435653686523,416.15899658203125,103.019775390625,-3.2283991091830497,-10.965486597305796,83.45429601432042,4.353038,6.145511,14.169067,5.625574,-7.10678,10.28823,13.778695,-12.384861,74.59935,1.5502628,10.331798,12.268213,-19.145597,-9.933796,14.464484,59.36932,-25.98862,3.0675826,3.0201674,-22.232689,10.191223,5.958856,54.909298,-3.8234026,1.4404398,18.549871,8.679785,12.441389,5.7792816,-14.784852,-5.573686
587,-9.517841339111328,417.04998779296875,102.93901062011719,-3.2135444843962486,-10.8104180001417,83.21853978948167,4.3776946,6.192815,14.038762,5.764037,-6.807931,10.762093,13.7935,-12.120666,74.65277,1.5877199,10.420815,12.296304,-19.393887,-9.961624,14.36512,58.40942,-25.639654,2.8928707,2.9492095,-22.378366,10.012466,6.415562,52.04569,-3.9266286,1.3451347,18.962898,8.584476,12.622511,5.7839403,-15.302471,-5.6492915
588,-9.548334121704102,417.9196472167969,102.84587097167969,-3.2298101117463798,-10.655475064012919,83.00376043407029,4.4017534,6.269466,13.905657,5.880667,-6.541054,11.17003,13.791212,-11.923073,74.77633,1.5795556,10.494981,12.29535,-19.580599,-10.002699,14.276051,57.43165,-25.344833,2.695842,2.8546185,-22.456821,9.832565,6.8917785,49.117382,-4.009679,1.1827532,19.362078,8.510376,12.79241,5.78699,-15.806,-5.7133856
589,-9.579777717590332,418.8065490722656,102.77131652832031,-3.281092643991026,-10.50386599695677,82.81071831642767,4.424142,6.384792,13.781571,5.9682145,-6.315628,11.5169115,13.7686405,-11.763444,74.95612,1.5539068,10.549698,12.254185,-19.697353,-10.073616,14.199527,56.39867,-25.115833,2.478088,2.7417364,-22.403801,9.652772,7.4127064,45.994442,-4.0087523,0.9404476,19.76774,8.479062,12.951128,5.790133,-16.305275,-5.7861137
590,-9.622699737548828,419.7120666503906,102.69095611572266,-3.3632110818003302,-10.351798322140347,82.6407071272015,4.445738,6.5369434,13.653661,6.0280666,-6.119043,11.778483,13.725994,-11.695538,75.23549,1.4820627,10.594153,12.176377,-19.748768,-10.165122,14.139153,55.329098,-24.917555,2.2453625,2.5988922,-22.264376,9.472336,7.9565196,42.737675,-3.9497855,0.6516257,20.174421,8.4758625,13.090846,5.788707,-16.77489,-5.856425
591,-9.66096305847168,420.6058044433594,102.61054992675781,-3.4647964929803607,-10.195781945703366,82.48963873454228,4.456406,6.6976886,13.516401,6.087371,-5.9506383,11.997899,13.682283,-11.688575,75.55668,1.356847,10.645258,12.076022,-19.75544,-10.246021,14.096413,54.282,-24.74759,1.9892733,2.4297943,-22.052343,9.276615,8.521975,39.414223,-3.87672,0.32263908,20.574627,8.48939,13.206743,5.796724,-17.198236,-5.9203405
592,-9.699987411499023,421.5169372558594,102.51380157470703,-3.569801365905542,-10.030475933225144,82.35306248031644,4.472257,6.8649354,13.364642,6.1413374,-5.808721,12.168056,13.619453,-11.721591,75.918,1.2041925,10.706595,11.973536,-19.68155,-10.362514,14.066273,53.223583,-24.56981,1.7199541,2.2613358,-21.789146,9.048609,9.108143,36.091652,-3.8303976,-0.036056135,20.97195,8.5032,13.29348,5.807021,-17.550743,-5.974052
593,-9.741995811462402,422.4361877441406,102.40677642822266,-3.6895955105048217,-9.858094089944654,82.23508238694788,4.482028,7.0405517,13.19689,6.204891,-5.6914964,12.306889,13.550532,-11.798041,76.30391,0.97543514,10.786318,11.867527,-19.538868,-10.494637,14.0635805,52.17618,-24.364304,1.4161365,2.0690703,-21.442749,8.7987995,9.75434,32.69512,-3.7982347,-0.44841278,21.370018,8.530551,13.348114,5.8156133,-17.810902,-6.012596
594,-9.789896965026855,423.3798828125,102.29313659667969,-3.826487240652617,-9.680558932947857,82.13454602810242,4.4885883,7.2308407,13.017928,6.26914,-5.601628,12.405384,13.474042,-11.923244,76.72385,0.6850034,10.879613,11.748955,-19.328146,-10.64612,14.086406,51.125717,-24.144386,1.0845302,1.8541707,-21.016119,8.533327,10.448,29.21012,-3.762937,-0.9067462,21.767906,8.575187,13.372812,5.8250275,-17.963497,-6.0292683
595,-9.819253921508789,424.33355712890625,102.17774963378906,-3.961170741755309,-9.496883076685092,82.03863592314656,4.4962764,7.4103894,12.831555,6.33513,-5.540391,12.477601,13.396919,-12.080218,77.14885,0.39747915,10.985303,11.619562,-19.07267,-10.800667,14.128106,50.110466,-23.95375,0.75479984,1.6468537,-20.539114,8.236954,11.124123,25.741854,-3.74066,-1.3567513,22.163507,8.613977,13.375578,5.836518,-17.998064,-6.0157943
596,-9.858200073242188,425.28985595703125,102.05667114257812,-4.075314263934013,-9.306177458239272,81.93336758618045,4.514565,7.5585294,12.640528,6.39915,-5.5099893,12.530173,13.3192005,-12.256961,77.56158,0.1787715,11.099352,11.482972,-18.786324,-10.9543,14.18316,49.15578,-23.828745,0.46023765,1.4788878,-20.045877,7.8991365,11.717992,22.40841,-3.7541761,-1.7435858,22.554024,8.623803,13.368495,5.8553815,-17.91303,-5.966894
597,-9.879064559936523,426.2606506347656,101.92896270751953,-4.1694050275127355,-9.104102112394242,81.81931056714454,4.5395665,7.67191,12.445256,6.4638577,-5.511244,12.557108,13.240364,-12.455752,77.97061,0.068092495,11.232158,11.333958,-18.474297,-11.103003,14.255387,48.257195,-23.805223,0.20156227,1.351312,-19.520857,7.495799,12.279323,19.140938,-3.80292,-2.0422578,22.935982,8.605735,13.35887,5.8788466,-17.719963,-5.8789673
598,-9.905348777770996,427.2391662597656,101.79991912841797,-4.266762972222544,-8.901606598495986,81.69043676741151,4.5759206,7.779038,12.249699,6.5337706,-5.542422,12.56514,13.160207,-12.6756315,78.37629,0.024482979,11.382456,11.172687,-18.132593,-11.245763,14.347297,47.40946,-23.858421,-0.035312872,1.2500169,-18.968449,7.0812984,12.818086,15.949636,-3.9023237,-2.2829344,23.323778,8.589665,13.367426,5.9023957,-17.439102,-5.759703
599,-9.937240600585938,428.2498779296875,101.67085266113281,-4.398224763627592,-8.723706310707716,81.52186076056242,4.647557,7.915588,12.062592,6.609479,-5.59344,12.579835,13.080547,-12.897972,78.7477,-0.004481885,11.528502,11.009391,-17.760603,-11.382836,14.452961,46.63454,-23.932611,-0.2377637,1.1844239,-18.482073,6.776035,13.202679,13.143374,-4.1292033,-2.5067043,23.742474,8.604581,13.433352,5.9265323,-17.083893,-5.6296735
600,-9.973405838012695,429.2688903808594,101.523681640625,-4.579903419039612,-8.58561648815444,81.29829074220068,4.769591,8.102823,11.88743,6.6902466,-5.658946,12.624673,13.003847,-13.102826,79.05264,-0.069288455,11.649073,10.853781,-17.357124,-11.513731,14.565368,45.953217,-23.970743,-0.39475203,1.1634333,-18.189474,6.67729,13.290204,11.089458,-4.585141,-2.7630432,24.210836,8.663851,13.58012,5.9489183,-16.668995,-5.51357
601,-10.011998176574707,430.29974365234375,101.36383819580078,-4.821035549601752,-8.505414501338839,81.01638483733949,4.939063,8.351551,11.732802,6.783212,-5.7444353,12.723835,12.930458,-13.273431,79.268616,-0.20451367,11.736425,10.69827,-16.92159,-11.639183,14.688314,45.36295,-23.96379,-0.49207956,1.2115747,-18.037037,6.7991424,13.006953,9.725661,-5.3660436,-3.1621962,24.751059,8.777523,13.80676,5.97297,-16.225739,-5.4352503
602,-10.038532257080078,431.3859558105469,101.1987075805664,-5.076748768359049,-8.45271151524696,80.70786330727788,5.1239834,8.604781,11.58707,6.889947,-5.857123,12.862605,12.863676,-13.411416,79.40638,-0.3694423,11.80538,10.54001,-16.461565,-11.749397,14.821712,44.863766,-23.946056,-0.54555374,1.3142259,-17.958986,7.010814,12.435687,8.826668,-6.3025355,-3.631599,25.329187,8.898729,14.073008,6.002843,-15.803493,-5.384361
603,-10.059449195861816,432.44110107421875,101.05009460449219,-5.2473416938012996,-8.357466920889769,80.42521467596836,5.2876115,8.752011,11.415614,6.993356,-5.992379,12.983605,12.802224,-13.54323,79.508,-0.5088292,11.8636465,10.39928,-15.982299,-11.844148,14.955766,44.473984,-23.91613,-0.58811665,1.4186461,-17.944548,7.114488,11.667739,8.269476,-6.832001,-3.874119,25.865673,8.921466,14.3132715,6.04046,-15.441554,-5.324653
604,-10.04417610168457,433.5242614746094,100.92376708984375,-5.2544025112889665,-8.155576931298905,80.20912685289268,5.405261,8.703557,11.1856165,7.0766797,-6.140138,13.0314,12.744329,-13.697956,79.61544,-0.56953263,11.918565,10.2962475,-15.489934,-11.926047,15.080577,44.211826,-23.873245,-0.6507758,1.4744924,-17.983309,6.963068,10.829414,7.9666843,-6.4648294,-3.6108117,26.283596,8.761789,14.477517,6.0908437,-15.158315,-5.2185125
605,-10.014742851257324,434.61505126953125,100.82830047607422,-5.078182920057273,-7.808695648800411,80.07139206186585,5.465424,8.437207,10.874182,7.141235,-6.295846,12.987247,12.690407,-13.886023,79.736626,-0.51985717,11.978047,10.241745,-14.992821,-11.991845,15.189984,44.082638,-23.814121,-0.74975073,1.4826899,-18.039646,6.5288763,9.972555,7.9314737,-5.1395955,-2.7437289,25.753956,8.612781,14.645967,7.7730365,-15.762035,-5.0556
606,-9.989410400390625,435.7035217285156,100.7698974609375,-4.7459778378327115,-7.350580606970177,79.98899126349814,5.4916215,7.9906516,10.493847,7.1861143,-6.4609976,12.864831,12.633548,-14.120699,79.874,-0.41188195,12.030959,10.226254,-14.480301,-12.049724,15.288001,44.073124,-23.73735,-0.86288786,1.4650882,-18.112915,5.8865113,9.103692,8.158257,-3.1420915,-1.4766778,24.908012,8.343206,14.771284,9.874612,-16.573572,-4.833485
607,-9.991793632507324,436.76361083984375,100.76698303222656,-4.263246900312941,-6.831492531985636,79.94092429817591,5.508451,7.3736405,10.077218,7.203818,-6.6425815,12.690223,12.5811205,-14.385064,80.014755,-0.28689918,12.068217,10.230834,-13.936993,-12.091124,15.367,44.180153,-23.663792,-0.9706329,1.4094623,-18.2834,5.076356,8.308342,8.617809,-0.73099893,-0.044370905,24.032923,7.8955717,14.82943,11.922788,-17.284334,-4.5576
608,-9.965886116027832,437.83782958984375,100.766845703125,-3.653660687026969,-6.311759988110923,79.9004364189166,5.5492687,6.6207323,9.661787,7.181899,-6.8422475,12.480245,12.53672,-14.683615,80.16042,-0.20108978,12.077727,10.237848,-13.343766,-12.114781,15.423999,44.39784,-23.608097,-1.0494221,1.3013417,-18.529383,4.1412945,7.6892967,9.110224,1.9012278,1.3447493,23.185377,7.301291,14.835013,13.937183,-17.844528,-4.2436543
609,-9.925129890441895,438.9203186035156,100.80477905273438,-2.8614091811401705,-5.786259028655984,79.88192081521508,5.58953,5.663061,9.267596,7.1213527,-7.0880427,12.261288,12.5133,-14.959215,80.25941,-0.13215952,12.06117,10.234021,-12.702962,-12.111991,15.463245,44.709282,-23.586163,-1.0889512,1.1350313,-18.808947,2.9938698,7.2876415,9.470048,4.7564945,2.6851013,22.351965,6.5035815,14.763977,15.958452,-18.304474,-3.8776548
610,-9.872499465942383,440.02838134765625,100.8759994506836,-1.8981778170606451,-5.236065306661314,79.89313528063226,5.633391,4.516496,8.86832,7.0146475,-7.357558,11.9921055,12.500669,-15.285971,80.36399,-0.10211872,12.016154,10.234831,-12.017188,-12.087108,15.479066,45.126442,-23.58508,-1.0987549,0.9156777,-19.146227,1.6455166,7.104318,9.815361,7.400782,3.9438565,21.511887,5.509009,14.63396,17.990067,-18.68593,-3.4545593
611,-9.805699348449707,441.1734924316406,100.95094299316406,-0.8941381491858157,-4.705954974071645,79.90148560895182,5.685824,3.325075,8.480451,6.9003367,-7.627277,11.724904,12.497821,-15.595291,80.43289,-0.053198587,11.964921,10.243251,-11.30936,-12.046727,15.500741,45.6763,-23.568062,-1.0957158,0.66463524,-19.400185,0.27079538,7.153507,10.092062,9.340398,4.974467,20.820251,4.4519143,14.487533,19.896545,-18.899212,-3.0247293
612,-9.720488548278809,442.355712890625,101.00595092773438,0.031249608695223318,-4.2206087311962435,79.85806782596818,5.8263044,2.2257006,8.068405,6.761901,-7.8435345,11.405233,12.499973,-16.06267,80.57679,-0.09949035,11.901747,10.275757,-10.577324,-11.963545,15.49595,46.428295,-23.531025,-1.1023031,0.37878633,-19.527956,-0.9659004,7.38957,10.346501,10.360135,5.717396,19.959831,3.4741657,14.459187,21.929268,-18.806684,-2.548446
613,-9.628132820129395,443.5740966796875,101.05264282226562,0.8561729591084085,-3.783312529436988,79.74894525940991,5.9957314,1.2426134,7.6615133,6.670104,-8.004778,11.164594,12.501229,-16.403439,80.64178,-0.02257132,11.841806,10.337659,-9.823263,-11.897633,15.547775,47.328907,-23.393019,-1.1461605,0.060875785,-19.597464,-2.025996,7.75393,10.679148,10.631181,6.2288733,19.261414,2.589532,14.489328,23.8273,-18.475134,-2.107982
614,-9.542953491210938,444.781982421875,101.11730194091797,1.6500396217337356,-3.3724349661710136,79.59880946196579,6.2461195,0.29474926,7.2118587,6.5436134,-8.09088,10.854532,12.503166,-16.969412,80.82278,-0.09400529,11.74963,10.439998,-9.036522,-11.773977,15.58074,48.459835,-23.225245,-1.2193061,-0.33435017,-19.562607,-3.0105085,8.214136,11.0016775,10.469528,6.6062493,18.58573,1.732788,14.565772,25.719873,-17.943142,-1.662714
615,-9.497221946716309,445.93243408203125,101.23039245605469,2.3904090621701553,-3.008780914472409,79.45082457865574,6.487695,-0.5997061,6.799202,6.425063,-8.203903,10.538056,12.504111,-17.478209,80.96315,-0.12224432,11.674551,10.530652,-8.2628145,-11.640722,15.630645,49.725872,-23.056263,-1.2482839,-0.71059597,-19.437706,-3.9170108,8.675413,11.339207,10.02364,6.8924747,17.90077,0.9492812,14.67856,27.64755,-17.157837,-1.1924692
616,-9.461840629577637,447.051513671875,101.33870697021484,3.0609521944187317,-2.7140519582173215,79.34688624487762,6.681657,-1.4225057,6.455956,6.3131547,-8.403469,10.17824,12.503319,-17.943727,81.06709,-0.14989263,11.637491,10.575875,-7.5600653,-11.488738,15.719985,51.139603,-22.92624,-1.1654546,-1.0251864,-19.195253,-4.7458954,9.063281,11.6698265,9.401381,7.1061363,17.179493,0.28567997,14.818161,29.646212,-16.064915,-0.67358243
617,-9.394906044006348,448.1672668457031,101.4397964477539,3.6505954015321547,-2.4889082191301344,79.30709688950964,6.8170276,-2.173202,6.1714473,6.206029,-8.740528,9.773026,12.502766,-18.364035,81.142075,-0.19814865,11.653718,10.565913,-6.922601,-11.309089,15.8536625,52.741108,-22.820295,-0.97222614,-1.3141614,-18.85757,-5.4845624,9.330571,12.118978,8.505889,7.2311625,16.384977,-0.21899803,14.98588,31.780066,-14.595162,-0.15752567
618,-9.32063102722168,449.29541015625,101.54788208007812,4.179160091937425,-2.3193167942286,79.30895990422538,6.911708,-2.8685188,5.9220986,6.106851,-9.168224,9.335937,12.502647,-18.750778,81.19459,-0.25856537,11.706952,10.521542,-6.333311,-11.099977,16.027662,54.529778,-22.723516,-0.6998809,-1.5936636,-18.41887,-6.165587,9.524953,12.513058,7.507042,7.2922244,15.5359745,-0.59727025,15.182443,34.00746,-12.792325,0.37772712
619,-9.248069763183594,450.4003601074219,101.6734390258789,4.6627512942851315,-2.2096040409781152,79.32841887432215,6.974991,-3.505976,5.729213,6.022208,-9.606603,8.864481,12.497606,-19.10101,81.20772,-0.29389504,11.773554,10.452241,-5.8154726,-10.866678,16.233654,56.434387,-22.683256,-0.3262055,-1.7815833,-17.797844,-6.81574,9.703055,12.654143,6.593703,7.3221083,14.6561165,-0.8889481,15.41722,36.2948,-10.822981,1.0622096
620,-9.188941955566406,451.47003173828125,101.80818176269531,5.110010162422113,-2.1681517818747236,79.33818816457769,7.020126,-4.075051,5.62123,5.9590044,-9.974892,8.354621,12.479596,-19.409643,81.16864,-0.26454875,11.829123,10.367981,-5.39105,-10.618532,16.464594,58.382732,-22.745554,0.17154105,-1.7947286,-17.015158,-7.4377847,9.906978,12.575828,5.8277664,7.353694,13.787338,-1.1296774,15.70739,38.581333,-8.8381195,2.0193956
621,-9.134644508361816,452.49261474609375,101.9393081665039,5.5140505991786375,-2.2124353661822473,79.35271655786761,7.037977,-4.5629582,5.614487,5.9159656,-10.237286,7.7856503,12.444894,-19.693602,81.10271,-0.16410595,11.860162,10.243841,-5.0561533,-10.356687,16.697163,60.4147,-22.869787,0.7976098,-1.6378182,-16.10918,-8.015175,10.1206455,12.371052,5.1872187,7.3818374,12.950361,-1.2931957,16.064102,40.865196,-6.7821484,3.275244
622,-9.098721504211426,453.48004150390625,102.07324981689453,5.866901872160065,-2.3362443831582955,79.3768958340901,7.0370297,-4.971084,5.692237,5.884368,-10.438097,7.154096,12.393246,-19.961742,81.02256,-0.01442696,11.8798895,10.084729,-4.789706,-10.08118,16.933487,62.54912,-23.053669,1.5356243,-1.3461502,-15.070562,-8.554205,10.33078,12.022904,4.635831,7.402253,12.124906,-1.346641,16.499876,43.18085,-4.615921,4.782415
623,-9.061964988708496,454.46734619140625,102.20559692382812,6.175368557209793,-2.513865987798467,79.36664993074623,7.0553594,-5.304594,5.8387923,5.8626246,-10.625322,6.486562,12.320508,-20.187992,80.89194,0.18628137,11.903931,9.943979,-4.5880127,-9.80085,17.215038,64.68152,-23.393116,2.3784313,-0.88114935,-13.976358,-9.033416,10.562322,11.676635,4.0745206,7.4120765,11.307649,-1.3222326,17.03247,45.493534,-2.4947166,6.538971
624,-9.038925170898438,455.4088134765625,102.32579803466797,6.449650133574476,-2.718243508980586,79.27861094229482,7.1227574,-5.568581,6.038749,5.855792,-10.8444395,5.814747,12.220516,-20.331362,80.66688,0.4464621,11.948278,9.875533,-4.45462,-9.530726,17.598675,66.70439,-23.97723,3.3205621,-0.20004742,-12.8825,-9.459492,10.849267,11.341794,3.5145187,7.428795,10.48884,-1.2668105,17.672253,47.772545,-0.56570554,8.525736
625,-9.039655685424805,456.3175048828125,102.4297103881836,6.689692700053432,-2.9365483672700323,79.09053256108525,7.2600102,-5.7478185,6.2875166,5.8604608,-11.107992,5.1353292,12.085743,-20.357763,80.33542,0.7828187,12.04122,9.884077,-4.406285,-9.282135,18.107735,68.62782,-24.867035,4.4178286,0.74781895,-11.832264,-9.8274355,11.215142,11.094991,2.9060078,7.4609327,9.66785,-1.1631699,18.553595,50.031216,1.2240016,10.954088
626,-9.058037757873535,457.208251953125,102.51972961425781,6.892522799034692,-3.187500949056747,78.83122110331314,7.435585,-5.838419,6.5963173,5.882628,-11.3917675,4.4336357,11.9145775,-20.2786,79.91997,1.1975245,12.165556,9.943908,-4.4313235,-9.053762,18.731203,70.490036,-26.001549,5.6396832,1.9430428,-10.800979,-10.139974,11.639318,10.940013,2.2449021,7.5001936,8.84894,-0.9814109,19.637377,52.31134,2.9076421,13.763083
627,-9.090204238891602,458.0839538574219,102.60211181640625,7.069097490570901,-3.4874914676662687,78.5280373401141,7.6062765,-5.866957,6.969772,5.9417496,-11.681941,3.733571,11.713584,-20.122435,79.42659,1.6717669,12.269726,10.065109,-4.488081,-8.844021,19.469435,72.2255,-27.288906,6.854142,3.3234892,-9.716434,-10.427757,12.097119,10.771463,1.5851732,7.541337,8.01738,-0.79319763,20.643253,54.61532,4.3359256,16.477444
628,-9.128463745117188,458.9289245605469,102.67865753173828,7.230040726801591,-3.8494054036589302,78.20491917360779,7.733851,-5.8636336,7.411688,6.0563416,-11.969775,3.0665557,11.494155,-19.918715,78.85162,2.1841877,12.304243,10.256316,-4.5359206,-8.65075,20.32228,73.76011,-28.627758,7.9390273,4.821647,-8.527192,-10.715355,12.563011,10.497614,0.9848633,7.5768495,7.1424823,-0.7139049,21.265926,56.920006,5.39818,18.580631
629,-9.161662101745605,459.771728515625,102.7551498413086,7.394606453153426,-4.2949756024973995,77.81860926761895,7.865454,-5.8396187,7.9570026,6.2188206,-12.265994,2.4480767,11.2605,-19.646713,78.15109,2.753093,12.2664385,10.530685,-4.5866675,-8.470841,21.343708,75.073395,-30.06409,8.912479,6.555073,-7.1479955,-11.023972,13.081623,10.041183,0.45459586,7.600465,6.1886845,-0.8784549,21.365078,59.26988,6.0890794,19.922832
630,-9.206931114196777,460.5657043457031,102.82781219482422,7.54953901108313,-4.8098908758723855,77.36975759993877,7.9991775,-5.783344,8.588364,6.4289594,-12.570098,1.8737752,11.014273,-19.29036,77.32368,3.381974,12.18488,10.880108,-4.6516795,-8.301743,22.527132,76.19553,-31.630045,9.806503,8.5233135,-5.6035433,-11.349805,13.653574,9.361385,0.041919485,7.620694,5.102965,-1.3836249,20.814606,61.65375,6.512859,19.999998
631,-9.253707885742188,461.3654479980469,102.89981079101562,7.686924729552388,-5.342315370367875,76.94483025779341,8.03427,-5.699699,9.2322035,6.705778,-12.852922,1.3356619,10.766696,-18.904219,76.43547,4.0203056,12.056493,11.280944,-4.697475,-8.145454,23.757383,77.12978,-33.19807,10.53969,10.469072,-3.9719534,-11.696937,14.193304,8.530981,-0.2921413,7.63552,3.9475362,-1.9583033,20.219933,63.991295,6.6571565,19.999998
632,-9.304681777954102,462.16851806640625,102.97071838378906,7.779269976194427,-5.847398263922844,76.63553394804948,7.88736,-5.5965476,9.819732,7.051079,-13.088295,0.81115544,10.532986,-18.57635,75.55943,4.6041393,11.878729,11.705802,-4.684216,-8.00904,24.88457,77.872665,-34.644455,11.049008,12.126208,-2.363294,-12.036499,14.608968,7.64223,-0.5656125,7.6464033,2.7423227,-2.441693,19.73982,66.18787,6.522878,19.999998
633,-9.35364055633545,462.9552307128906,103.03755950927734,7.816463238650236,-6.329484429702462,76.4600906649242,7.5581384,-5.480448,10.36315,7.4519663,-13.289727,0.28915873,10.319599,-18.356375,74.67835,5.0971975,11.647335,12.164508,-4.600434,-7.8967943,25.873102,78.37537,-36.059406,11.323574,13.5164175,-0.81636864,-12.338908,14.883355,6.7639513,-0.79694027,7.646178,1.4791986,-2.8397863,19.288063,68.24768,5.9607296,19.75452
634,-9.402994155883789,463.72991943359375,103.10236358642578,7.79658896252055,-6.812849703498152,76.3788064583804,7.1047425,-5.3527184,10.894799,7.8879843,-13.46646,-0.23244657,10.125947,-18.234322,73.770744,5.5200734,11.367192,12.662312,-4.4591775,-7.8109245,26.755592,78.63692,-37.476036,11.409764,14.7403755,0.7369479,-12.598019,15.059525,5.8328238,-0.96927476,7.6330585,0.10089901,-3.417073,18.398409,70.19373,5.0059605,18.26591
635,-9.444616317749023,464.50738525390625,103.16064453125,7.730211213541185,-7.27567880935593,76.3925968150787,6.5369005,-5.2150607,11.379285,8.345988,-13.5929165,-0.7671208,9.956188,-18.211615,72.904526,5.8942056,11.048092,13.162386,-4.2589335,-7.7572083,27.478926,78.7257,-38.681206,11.3565235,15.645703,1.8943228,-12.709881,15.122537,5.648848,-1.4888891,7.6071835,-1.3009746,-3.9727683,17.480541,71.96773,3.9167533,16.53816
636,-9.495511054992676,465.2724609375,103.21212768554688,7.62355659973696,-7.69763161640006,76.50044919970847,5.876947,-5.0684824,11.784027,8.803197,-13.647279,-1.3370128,9.815412,-18.304543,72.14966,6.2364306,10.7015505,13.626119,-3.9855547,-7.744347,27.96704,78.69627,-39.47647,11.222829,16.084085,2.9182565,-12.767524,15.088734,5.606257,-2.0480826,7.5909004,-2.690402,-4.4411373,16.64691,73.50753,2.9909337,14.886557
637,-9.538856506347656,466.0569152832031,103.26300048828125,7.465196583041268,-8.074069768217935,76.72937779294423,5.093307,-4.909089,12.100057,9.262437,-13.631027,-1.9354757,9.708043,-18.552517,71.512695,6.514593,10.276993,14.07327,-3.629573,-7.78285,28.175547,78.52502,-39.855694,11.042263,15.981566,3.8807724,-12.770404,14.933813,5.5802836,-2.5971186,7.5788746,-4.077672,-4.7961264,15.862229,74.81107,2.3355904,13.300163
638,-9.577802658081055,466.8304443359375,103.31319427490234,7.25756123335348,-8.415402732534716,77.07042841044684,4.2045207,-4.7386847,12.35423,9.716308,-13.5624075,-2.567059,9.630994,-18.963358,70.96263,6.721448,9.78606,14.510934,-3.1783385,-7.8771305,28.121647,78.15865,-39.926643,10.798698,15.43384,4.783408,-12.716079,14.669133,5.5649276,-3.1194296,7.5682573,-5.465496,-5.066506,15.070757,75.90423,1.7853599,11.649368
639,-9.62138843536377,467.59832763671875,103.36144256591797,7.023928057216798,-8.723448655834904,77.46732060301439,3.3048072,-4.5656633,12.563481,10.132919,-13.430993,-3.2693782,9.57559,-19.496185,70.51881,6.915089,9.333574,14.884744,-2.6195862,-8.028292,27.83063,77.620926,-39.661575,10.469704,14.548187,5.6365943,-12.629776,14.354767,5.558169,-3.6269655,7.5600824,-6.821328,-5.262306,14.338684,76.77355,1.2470536,10.05379
640,-9.647528648376465,468.37109375,103.40264892578125,6.7899298536075605,-9.000399440285458,77.86285776471773,2.4825807,-4.396852,12.742345,10.486017,-13.228136,-4.07453,9.530115,-20.095995,70.199684,7.160038,9.023582,15.1416445,-1.9431379,-8.23409,27.334156,76.9425,-39.03029,10.025458,13.432684,6.4577985,-12.5254545,14.050035,5.5534396,-4.129901,7.539058,-8.115856,-5.38813,13.738573,77.40492,0.63355964,8.638875
641,-9.673084259033203,469.134765625,103.4427490234375,6.555585120972846,-9.242565239028442,78.25129833319393,1.7346745,-4.2307715,12.884374,10.782853,-12.94414,-4.9980745,9.48849,-20.757849,70.035515,7.5025277,8.882953,15.2707615,-1.1368753,-8.497152,26.605312,76.115944,-37.922485,9.400567,11.95011,7.233542,-12.41039,13.762946,5.5532546,-4.622807,7.513216,-9.36009,-5.4030423,13.307192,77.802734,-0.06853972,7.418372
642,-9.694337844848633,469.89532470703125,103.47887420654297,6.311957076529761,-9.449051492485596,78.65754908047695,1.0247707,-4.0598464,12.986751,11.032404,-12.588287,-6.0229945,9.4468775,-21.50224,70.01354,7.9058146,8.852589,15.298416,-0.18121073,-8.8195915,25.63347,75.09632,-36.40674,8.598576,10.119367,7.9630227,-12.275307,13.466731,5.558831,-5.1046605,7.4831505,-10.56678,-5.3046045,12.99486,77.97322,-0.80319256,6.340163
643,-9.71796703338623,470.6430358886719,103.51023864746094,6.059702203290945,-9.628555977183453,79.07357410838634,0.38116053,-3.8751566,13.067425,11.217172,-12.181378,-7.124109,9.395839,-22.29829,70.081,8.313511,8.907323,15.228025,0.9290776,-9.190208,24.491385,73.87914,-34.702953,7.702323,8.277762,8.654424,-12.123463,13.166398,5.5662537,-5.5736933,7.4518895,-11.709596,-5.1482196,12.744956,77.90719,-1.5546275,5.431517
644,-9.72029972076416,471.4026794433594,103.54014587402344,5.8076287646593565,-9.788716905743682,79.48955372801521,-0.1835624,-3.6720543,13.139493,11.336978,-11.737659,-8.264899,9.325577,-23.087027,70.18167,8.68117,9.020218,15.065488,2.160523,-9.586255,23.285604,72.508736,-32.99963,6.8163333,6.743708,9.335803,-11.954304,12.868322,5.569956,-6.044288,7.4069395,-12.763784,-4.994297,12.50398,77.601074,-2.3135922,4.719505
645,-9.727084159851074,472.1685485839844,103.56351470947266,5.553817303314172,-9.922716353337306,79.90132906458732,-0.68231434,-3.4487095,13.185096,11.416906,-11.2378,-9.435229,9.232852,-23.820042,70.31999,9.026365,9.207643,14.775792,3.4935308,-9.991819,22.05069,71.03053,-31.190279,5.911209,5.536767,9.993484,-11.778883,12.57633,5.5710244,-6.5152025,7.3617816,-13.725689,-4.837383,12.284735,77.02755,-3.097795,4.288022
646,-9.733298301696777,472.93548583984375,103.58592224121094,5.2953211384815715,-10.029268896866263,80.31384739538439,-1.1399976,-3.2063935,13.199196,11.472867,-10.6776905,-10.634962,9.1188135,-24.498722,70.51173,9.381856,9.470861,14.368834,4.9159217,-10.396769,20.769596,69.46231,-29.200228,4.947148,4.5056734,10.622962,-11.5905485,12.287138,5.571066,-6.9826756,7.3132343,-14.609233,-4.65431,12.100728,76.19665,-3.899476,4.0947194
647,-9.734489440917969,473.6847839355469,103.60649871826172,5.037101509381117,-10.12471036731355,80.73187918433338,-1.5670036,-2.9484422,13.208474,11.495973,-10.090338,-11.841165,8.983338,-25.133053,70.722084,9.722625,9.760629,13.921395,6.3715067,-10.780061,19.485302,67.854744,-27.24342,4.0358987,3.685576,11.232995,-11.390803,11.994744,5.5684576,-7.4355125,7.261189,-15.416359,-4.4775376,11.902632,75.15315,-4.6662297,3.9794955
648,-9.73108959197998,474.4551696777344,103.62248229980469,4.779388815909161,-10.226248443172242,81.16103034978028,-1.9786673,-2.6857429,13.234659,11.48385,-9.505365,-13.029348,8.8281555,-25.727858,70.92311,10.02334,10.029002,13.514033,7.7789745,-11.118789,18.257124,66.29263,-25.525707,3.2929807,3.0925674,11.8624525,-11.1856165,11.694923,5.5655394,-7.8967605,7.2069845,-16.145077,-4.336441,11.643552,73.93981,-5.3485227,3.7862499
649,-9.730245590209961,475.1958923339844,103.63642883300781,4.517176185160064,-10.349926725572299,81.61260296687874,-2.3927786,-2.4239452,13.2893095,11.440882,-8.916278,-14.204269,8.657238,-26.271835,71.1252,10.269008,10.289361,13.151185,9.094567,-11.400326,17.100487,64.81603,-24.016117,2.7677143,2.7685368,12.502736,-10.967365,11.376296,5.561292,-8.3383875,7.153748,-16.77905,-4.2381067,11.294229,72.54725,-5.9305897,3.487691
650,-9.715583801269531,475.9462890625,103.63614654541016,4.2528983156314775,-10.482846275832552,82.07964918379523,-2.8043056,-2.1662192,13.35167,11.376807,-8.306605,-15.37026,8.47544,-26.75617,71.34245,10.478501,10.559836,12.799571,10.325209,-11.623002,16.006668,63.435104,-22.619389,2.4029067,2.6646533,13.161416,-10.733337,11.04719,5.555677,-8.781099,7.0925765,-17.31821,-4.1650314,10.883531,70.94797,-6.4341307,3.165734
651,-9.70266056060791,476.6838073730469,103.63108825683594,3.994466739778966,-10.59847079742906,82.54134158967508,-3.1932693,-1.9200131,13.394294,11.297072,-7.689951,-16.505417,8.28779,-27.189936,71.554436,10.674985,10.801124,12.483647,11.463951,-11.786311,14.999853,62.189007,-21.447983,2.1523066,2.654979,13.796282,-10.499008,10.724658,5.54884,-9.216058,7.032621,-17.796196,-4.104411,10.456197,69.18105,-6.880768,2.8290005
652,-9.678849220275879,477.4408264160156,103.62599182128906,3.750748917449504,-10.670178733046777,82.97664756881055,-3.5408432,-1.6918598,13.389163,11.208222,-7.0826497,-17.587076,8.099885,-27.582792,71.738686,10.878867,10.973974,12.228342,12.503014,-11.890656,14.108306,61.11593,-20.614193,1.9635516,2.6156929,14.390899,-10.269874,10.427411,5.5471997,-9.663986,6.967957,-18.252165,-4.044155,10.058996,67.29106,-7.293801,2.4853232
653,-9.653435707092285,478.2002868652344,103.609375,3.5236282102580017,-10.686619687811207,83.38335634041034,-3.8399706,-1.4803447,13.322169,11.109915,-6.475272,-18.615936,7.9169283,-27.943449,71.899864,11.095344,11.060216,12.041922,13.441515,-11.9376,13.347439,60.216385,-20.201149,1.8509139,2.518148,14.926369,-10.052368,10.155896,5.544718,-10.114745,6.904883,-18.696589,-3.9827795,9.691945,65.26299,-7.6802154,2.1148865
654,-9.607105255126953,478.9749755859375,103.5853042602539,3.3078561846580365,-10.662976143498865,83.77158704846325,-4.0997696,-1.2848748,13.209622,10.9982395,-5.867442,-19.602705,7.742596,-28.268333,72.041595,11.310176,11.086984,11.911031,14.276918,-11.932945,12.701151,59.474545,-20.132994,1.8342658,2.421502,15.426005,-9.830176,9.902184,5.544932,-10.575038,6.831137,-19.106995,-3.9240592,9.332953,63.080128,-8.028864,1.7218034
655,-9.565374374389648,479.7399597167969,103.5501480102539,3.1094413690042084,-10.61293222601676,84.13687782690613,-4.3239803,-1.1127479,13.070337,10.87424,-5.2776957,-20.535818,7.579084,-28.547798,72.137146,11.515628,11.083416,11.827725,15.006375,-11.887061,12.145955,58.897503,-20.286348,1.8680135,2.338415,15.890562,-9.624274,9.666061,5.54583,-11.030214,6.761945,-19.47213,-3.8667858,8.995806,60.76259,-8.317813,1.347478
656,-9.511713027954102,480.5252685546875,103.50967407226562,2.9336434486026506,-10.550506496640327,84.4748373412248,-4.5174375,-0.97029877,12.9231825,10.73983,-4.727313,-21.403881,7.42798,-28.770184,72.160484,11.705438,11.077465,11.783514,15.629131,-11.811408,11.659583,58.48994,-20.535799,1.9064474,2.2825103,16.353283,-9.435468,9.451617,5.5476146,-11.495948,6.6879663,-19.776035,-3.812404,8.693018,58.33108,-8.530454,1.0327346
657,-9.458501815795898,481.2949523925781,103.45804595947266,2.7845919985909773,-10.474540817671345,84.78820037726439,-4.6800494,-0.861143,12.768304,10.588676,-4.215569,-22.21266,7.2909,-28.93007,72.11056,11.865754,11.070564,11.786847,16.139153,-11.712067,11.250398,58.256607,-20.929777,1.9496902,2.2712095,16.791729,-9.271984,9.253395,5.5507555,-11.952344,6.615962,-20.023417,-3.7686357,8.423224,55.772675,-8.641327,0.7872017
658,-9.39005184173584,482.06805419921875,103.39563751220703,2.6587909993554573,-10.37960859544741,85.07788479445396,-4.809371,-0.78043383,12.597956,10.421755,-3.7344697,-22.965368,7.169603,-29.032934,71.99659,12.005559,11.050732,11.838039,16.54373,-11.5928,10.924033,58.183716,-21.506453,2.0210268,2.2954276,17.21,-9.122948,9.072495,5.556065,-12.409608,6.537197,-20.214909,-3.7334712,8.17955,53.075775,-8.665626,0.589042
659,-9.322625160217285,482.8585510253906,103.32830810546875,2.5513472193644677,-10.272053255009697,85.33736969267567,-4.908735,-0.7181156,12.417746,10.25201,-3.2930598,-23.647635,7.0650125,-29.08416,71.80713,12.151483,11.02569,11.916125,16.863344,-11.460262,10.652208,58.24518,-22.12468,2.109709,2.3301132,17.623287,-8.994903,8.91343,5.562072,-12.876918,6.4626875,-20.34939,-3.6904569,7.970342,50.27371,-8.642972,0.42889187
660,-9.24390697479248,483.65191650390625,103.25192260742188,2.456337007003289,-10.15873849510513,85.56013601125153,-4.980006,-0.6630755,12.23524,10.090611,-2.9017177,-24.2456,6.9765654,-29.090822,71.52992,12.329581,11.002964,11.999938,17.12127,-11.320931,10.402742,58.409615,-22.644642,2.2054849,2.351767,18.038378,-8.877063,8.781462,5.562644,-13.346914,6.387697,-20.427061,-3.625381,7.805603,47.393604,-8.6065445,0.2956183
661,-9.167367935180664,484.4472351074219,103.16492462158203,2.374324170228061,-10.040477151370093,85.7405419824489,-5.015868,-0.61047083,12.053043,9.935807,-2.5672126,-24.759724,6.9032164,-29.060186,71.16031,12.547758,10.986517,12.098135,17.324799,-11.179628,10.165208,58.676403,-23.041065,2.3019729,2.3547156,18.45328,-8.778174,8.676749,5.5596666,-13.821181,6.323642,-20.453321,-3.5387702,7.6876063,44.423176,-8.554976,0.16786064
662,-9.095708847045898,485.24371337890625,103.0668716430664,2.3081820615234943,-9.913869559832126,85.8839008748363,-5.0158796,-0.5653404,11.867016,9.780254,-2.2825239,-25.20073,6.845032,-28.99076,70.70809,12.789946,10.970544,12.216623,17.468216,-11.035917,9.951949,59.04915,-23.383848,2.4074295,2.3538744,18.861406,-8.703041,8.59471,5.554312,-14.297628,6.270184,-20.41914,-3.4428706,7.610228,41.341976,-8.472081,0.054831278
663,-9.015931129455566,486.0495910644531,102.9597396850586,2.2587318520839137,-9.780376669832743,85.99910194821179,-4.9907894,-0.5334462,11.676392,9.62661,-2.0395691,-25.563591,6.8021727,-28.877003,70.18099,13.046922,10.949855,12.332182,17.55604,-10.891031,9.760225,59.508034,-23.680357,2.532783,2.355623,19.270752,-8.644471,8.534775,5.5458555,-14.778985,6.2140217,-20.329964,-3.3394027,7.580223,38.188168,-8.367405,-0.011579608
664,-8.925468444824219,486.85650634765625,102.84514617919922,2.226746161923009,-9.639866890643962,86.09641174280559,-4.9519134,-0.5201916,11.478757,9.476783,-1.8298953,-25.845806,6.77502,-28.713667,69.58685,13.310185,10.918856,12.421136,17.59425,-10.746828,9.585107,60.029274,-23.939007,2.689282,2.367252,19.671162,-8.600082,8.492409,5.542311,-15.26095,6.14843,-20.180521,-3.235201,7.600242,34.988033,-8.252206,-0.0016971256
665,-8.83670711517334,487.6759948730469,102.72010803222656,2.2205131125470645,-9.49300835991501,86.17195241811031,-4.8951774,-0.53382784,11.271671,9.331952,-1.649552,-26.044247,6.764564,-28.479635,68.91556,13.585394,10.870802,12.469128,17.57671,-10.602343,9.430511,60.628887,-24.14379,2.8869865,2.3909974,20.069614,-8.588669,8.46984,5.539927,-15.749278,6.081172,-19.974531,-3.1463916,7.6776114,31.707994,-8.122803,0.08775123
666,-8.738396644592285,488.4976501464844,102.58744812011719,2.235612496028994,-9.339329105768224,86.22617000602088,-4.822081,-0.5695204,11.056137,9.192779,-1.5025532,-26.158281,6.7716603,-28.179548,68.163246,13.878264,10.811032,12.490331,17.503063,-10.458614,9.298503,61.311607,-24.295845,3.11824,2.4226482,20.461025,-8.598611,8.46438,5.5404763,-16.239916,6.0079675,-19.70357,-3.075871,7.8043394,28.332659,-7.9755006,0.2364832
667,-8.6454439163208,489.32611083984375,102.44631958007812,2.265477277346476,-9.181712438265452,86.27213577567451,-4.748896,-0.61968994,10.840445,9.059694,-1.3956813,-26.19272,6.795661,-27.851595,67.350426,14.174524,10.750517,12.503739,17.38757,-10.319446,9.181402,62.034206,-24.428003,3.3677733,2.4614286,20.84977,-8.628892,8.46411,5.543796,-16.73152,5.936761,-19.387798,-3.0172067,7.980052,24.94944,-7.811359,0.43521103
668,-8.546246528625488,490.1557922363281,102.29790496826172,2.304633203900306,-9.022656674688143,86.32536222079332,-4.691982,-0.6753109,10.632315,8.930464,-1.3343456,-26.154238,6.8338113,-27.541567,66.500206,14.454674,10.700181,12.529298,17.250143,-10.18916,9.067801,62.7491,-24.574005,3.6199381,2.5079901,21.237326,-8.66293,8.456279,5.550064,-17.217575,5.860671,-19.03807,-2.9700246,8.199289,21.645123,-7.6408973,0.6714639
669,-8.45073127746582,491.009521484375,102.13612365722656,2.352633634983822,-8.849549850038613,86.38682203334055,-4.6512623,-0.7325997,10.42309,8.795262,-1.3151206,-26.039793,6.8829527,-27.262886,65.59715,14.723425,10.672169,12.569634,17.091755,-10.068848,8.951146,63.460266,-24.736876,3.8693285,2.5585961,21.620502,-8.706778,8.438464,5.5598364,-17.70998,5.784852,-18.676773,-2.9294462,8.471141,18.385445,-7.430755,0.88275844
670,-8.36229133605957,491.8724670410156,101.96431732177734,2.4325132217716767,-8.67314271492829,86.46719846551044,-4.631715,-0.8198202,10.215433,8.652715,-1.3355439,-25.853205,6.941,-27.00243,64.64323,14.981218,10.657852,12.614094,16.916069,-9.957106,8.831546,64.17493,-24.901274,4.1263223,2.6172209,22.001284,-8.787418,8.391377,5.5712337,-18.199965,5.717466,-18.349417,-2.9439256,8.804978,15.273402,-7.2676196,1.0828683
671,-8.250438690185547,492.7454528808594,101.80188751220703,2.5788497842346687,-8.530771529581068,86.60360918024661,-4.663534,-0.98079014,10.031423,8.512637,-1.3976476,-25.61488,7.0057464,-26.766169,63.690426,15.202764,10.637101,12.662177,16.749228,-9.854243,8.706348,64.85014,-25.073574,4.398239,2.696376,22.41444,-8.917947,8.27316,5.585505,-18.67413,5.6481524,-18.051464,-3.096265,9.171258,12.446129,-7.231646,1.3867707
672,-8.129948616027832,493.6184387207031,101.62271118164062,2.8111371082166,-8.454530630227719,86.81748743041014,-4.7618937,-1.2421788,9.8914585,8.385291,-1.5062314,-25.344654,7.074729,-26.562044,62.78981,15.359559,10.588748,12.71572,16.610361,-9.758577,8.575038,65.44668,-25.259663,4.6903353,2.8086128,22.900877,-9.129988,8.060786,5.5986137,-19.109,5.5886602,-17.950165,-3.3967764,9.599812,10.393728,-7.5876746,1.9202054
673,-8.003767967224121,494.488525390625,101.41910552978516,3.1418088642087736,-8.466965248683376,87.12156307051447,-4.9346547,-1.620194,9.808767,8.275185,-1.678061,-25.047565,7.1440873,-26.397701,61.94557,15.448929,10.505309,12.780254,16.50575,-9.669741,8.42372,65.95935,-25.48029,5.0241055,2.9787438,23.486761,-9.43376,7.7449126,5.6108284,-19.473993,5.533113,-18.004322,-3.865563,10.067987,9.017429,-8.446402,2.890582
674,-7.864523887634277,495.3767395019531,101.20500183105469,3.5130248609650483,-8.53735158928041,87.46699966528288,-5.138063,-2.0456278,9.769981,8.176045,-1.9100232,-24.71333,7.213296,-26.266016,61.13538,15.484685,10.39539,12.858824,16.41385,-9.585301,8.25341,66.41945,-25.731937,5.385036,3.190549,24.140985,-9.77058,7.3915358,5.6240172,-19.739668,5.4598765,-18.12741,-4.3985376,10.567396,8.071401,-9.618928,4.1750383
675,-7.753352642059326,496.2837829589844,100.98665618896484,3.823997589735072,-8.601152233186959,87.76039790319156,-5.2814274,-2.3888636,9.739383,8.074815,-2.173489,-24.377651,7.25252,-26.184269,60.4454,15.436469,10.239511,12.972577,16.315594,-9.535954,8.1324415,66.83549,-25.921389,5.7257323,3.3976948,24.790365,-10.039275,7.116963,5.643902,-19.87501,5.336883,-18.284508,-4.807997,11.144415,7.478558,-10.668876,5.4081526
676,-7.661183834075928,497.2069396972656,100.78946685791016,3.9969734937773698,-8.60648729886432,87.93755905080293,-5.311973,-2.5649235,9.705607,7.969165,-2.4527292,-24.006392,7.295691,-26.092562,59.81736,15.34169,10.055876,13.091498,16.180363,-9.484831,8.019485,67.22424,-26.089977,5.9990263,3.5492723,25.378864,-10.16229,7.00206,5.6706114,-19.852873,5.1403265,-18.39723,-4.9633484,11.855129,7.129116,-11.002058,6.216424
677,-7.559327125549316,498.1108093261719,100.65560150146484,4.043158570496471,-8.537375846774472,87.96989852401593,-5.1969595,-2.5721574,9.663628,7.85026,-2.7594419,-23.620773,7.334302,-26.013067,59.275146,15.156254,9.821922,13.228027,16.004673,-9.444342,7.948357,67.57898,-26.179083,6.1996055,3.6179082,25.888245,-10.1553135,7.0537114,5.705219,-19.665602,4.868708,-18.43261,-4.8690195,12.803686,7.04037,-10.350045,6.5107584
678,-7.440826892852783,498.9961242675781,100.55567932128906,3.991030102743978,-8.417774634635999,87.89927765170529,-4.975508,-2.4540372,9.616912,7.723518,-3.099273,-23.223768,7.3660254,-25.951864,58.82524,14.892769,9.536084,13.37933,15.804572,-9.414992,7.912133,67.88919,-26.211079,6.3551054,3.6340532,26.343822,-10.051922,7.2188635,5.7496567,-19.315897,4.536905,-18.383736,-4.609793,13.915053,7.146801,-8.847863,6.49399
679,-7.331869125366211,499.89227294921875,100.49235534667969,3.8170651634951622,-8.249101277462662,87.77021856853442,-4.7231393,-2.2067358,9.548921,7.625881,-3.434881,-22.749168,7.4214144,-25.857393,58.39642,14.623989,9.259592,13.52759,15.541418,-9.380068,7.91495,68.219574,-26.244467,6.456076,3.6234014,26.748835,-9.821735,7.4789567,5.806423,-18.806799,4.148792,-18.33457,-4.1727242,15.002504,7.450104,-6.725107,6.2416735
680,-7.228126525878906,500.8192443847656,100.46175384521484,3.5069510176591168,-8.05079487387042,87.65065562840307,-4.5127263,-1.8301722,9.449425,7.575393,-3.7204046,-22.201204,7.484369,-25.754423,58.023643,14.375776,9.034213,13.677686,15.239698,-9.36441,7.9958954,68.560684,-26.271524,6.5070667,3.6253664,27.128447,-9.441309,7.801002,5.8756557,-18.149708,3.7123685,-18.270285,-3.5684214,15.837369,7.8176837,-4.2136645,5.8431935
681,-7.152005195617676,501.7496643066406,100.45204162597656,3.0170630954930875,-7.81730410682581,87.52511234409909,-4.324784,-1.2693301,9.328674,7.563512,-3.9720027,-21.593283,7.5348754,-25.634773,57.716988,14.162287,8.868882,13.83788,14.899592,-9.382411,8.1619625,68.90376,-26.290516,6.489839,3.6679792,27.490309,-8.876571,8.236178,5.962016,-17.409643,3.2293632,-18.207827,-2.7027276,16.347645,8.332252,-1.5118333,5.1837664
682,-7.068795204162598,502.6969909667969,100.48532104492188,2.3435809836936397,-7.550339135916735,87.3962243864273,-4.199107,-0.5220684,9.187312,7.6265326,-4.1986794,-20.886053,7.5933547,-25.429773,57.434593,13.991326,8.742983,13.997017,14.486265,-9.458016,8.490095,69.268875,-26.242476,6.412964,3.7290168,27.841103,-8.1194315,8.779509,6.064738,-16.6396,2.7023377,-18.195267,-1.5603912,16.6002,9.053758,1.1448805,4.3999777
683,-7.0007243156433105,503.6955261230469,100.51201629638672,1.610434146538523,-7.268340186948482,87.35796751795388,-4.1685233,0.2795853,9.000776,7.7050047,-4.344108,-20.139038,7.6334524,-25.251091,57.275417,13.8179,8.628609,14.148596,14.105397,-9.563502,8.836559,69.57288,-26.191603,6.315392,3.7924328,28.165874,-7.2620153,9.276881,6.221643,-15.859575,2.157203,-18.078491,-0.39229167,16.58748,9.739567,3.414092,3.8072326
684,-6.90179967880249,504.69671630859375,100.54800415039062,0.9105059383410203,-6.981620666735001,87.47430798984263,-4.2828836,1.0278648,8.745731,7.78817,-4.354968,-19.363468,7.6612153,-25.142572,57.28386,13.621944,8.503305,14.281262,13.793553,-9.678222,9.149721,69.79692,-26.161407,6.2360783,3.827065,26.871609,-6.0944786,9.375928,9.593732,-16.627525,1.5927213,-17.948935,0.609364,16.407284,10.191718,5.283244,3.583664
685,-6.782439231872559,505.7257995605469,100.60149383544922,0.2659627715909464,-6.672242962286808,87.78150249473404,-4.5679274,1.694504,8.394797,7.8665504,-4.2053685,-18.5516,7.6819825,-25.12757,57.46296,13.396272,8.360911,14.399788,13.57291,-9.787925,9.411508,69.93277,-26.194742,6.1898046,3.8239982,25.879366,-4.9610004,9.270828,12.303702,-17.054914,0.9840989,-17.717407,1.3316605,16.045826,10.156162,6.881701,3.686827
686,-6.665304183959961,506.7748107910156,100.6688003540039,-0.36892389933541603,-6.333452396663092,88.21743472030765,-4.9616027,2.3391228,7.972054,7.9403353,-3.9289713,-17.715445,7.69397,-25.198862,57.796722,13.143626,8.216698,14.509814,13.412714,-9.886047,9.629802,70.00424,-26.284504,6.15245,3.792692,24.986986,-3.810387,9.030015,14.757421,-17.333935,0.32426026,-17.354027,1.8940605,15.508243,9.74825,8.129675,3.8177593
687,-6.5617570877075195,507.8625793457031,100.73110961914062,-1.0002594526119013,-5.988659354725838,88.6898994387726,-5.373213,2.982491,7.524948,8.011012,-3.5715618,-16.895008,7.692715,-25.356714,58.304535,12.85848,8.079944,14.6058445,13.280853,-9.974093,9.787538,70.03477,-26.379255,6.1042604,3.7314901,24.152714,-2.6614914,8.746095,17.09519,-17.41455,-0.32644495,-16.947401,2.4228697,14.889963,9.267163,8.880987,3.7988746
688,-6.490372180938721,508.97021484375,100.78385162353516,-1.6406344858464386,-5.660995433720506,89.11790575170447,-5.7213745,3.65146,7.0963387,8.077179,-3.1741846,-16.132576,7.6727047,-25.610191,59.008465,12.525428,7.9581227,14.683574,13.15599,-10.064079,9.871049,70.03286,-26.417759,6.026012,3.644539,23.235033,-1.5047288,8.475841,19.513046,-17.260426,-0.8936814,-16.56744,3.034116,14.266457,8.970547,9.089949,3.5844507
689,-6.406370639801025,510.08349609375,100.85711669921875,-2.3084511554361535,-5.341233237242257,89.50179872896945,-5.99365,4.369411,6.668816,8.130975,-2.689562,-15.4487,7.6229157,-26.004555,59.96647,12.107284,7.8225403,14.767529,13.067634,-10.167298,9.83245,69.971054,-26.396862,5.902281,3.526442,22.273212,-0.3234782,8.232092,21.973988,-16.891964,-1.4009789,-16.26022,3.7683604,13.648987,8.949466,8.850823,3.2334073
690,-6.32155179977417,511.15618896484375,100.96976470947266,-2.989454598391335,-5.024795567522259,89.8785451724103,-6.223313,5.1129417,6.2272778,8.168351,-2.1117196,-14.827293,7.5430794,-26.51734,61.1559,11.634487,7.6807804,14.848108,13.024645,-10.266819,9.671882,69.8525,-26.359802,5.746395,3.3763776,21.3062,0.8708281,7.978716,24.430756,-16.322369,-1.8814754,-15.980912,4.5558047,13.023306,9.070404,8.36418,2.8425343
691,-6.218686580657959,512.1987915039062,101.10464477539062,-3.648634784317413,-4.74683604442537,90.2222700106809,-6.381032,5.8438234,5.8180046,8.175617,-1.5506804,-14.271541,7.43221,-27.114973,62.504574,11.15045,7.5885925,14.8868885,13.004377,-10.36103,9.44106,69.69586,-26.296629,5.5815735,3.2160988,20.318045,2.0343173,7.723311,26.920547,-15.500159,-2.274723,-15.663109,5.343718,12.425335,9.240569,7.7627974,2.4465492
692,-6.1023664474487305,513.207275390625,101.22734069824219,-4.255698810968719,-4.542835673047239,90.50656425611113,-6.4460797,6.5226912,5.4866076,8.147723,-1.1196036,-13.77136,7.2916713,-27.742706,63.9335,10.710072,7.5997753,14.842846,12.970668,-10.448589,9.204031,69.52885,-26.194195,5.4314184,3.0658503,19.297485,3.1224546,7.480651,29.506678,-14.402073,-2.5261407,-15.173809,6.0609527,11.879747,9.350759,7.0896745,2.0807767
693,-5.988637447357178,514.2259521484375,101.34930419921875,-4.808659778783166,-4.414514197717316,90.70785340503737,-6.4100266,7.15527,5.2218657,8.098842,-0.83443314,-13.296207,7.1213665,-28.38434,65.45104,10.317739,7.721263,14.710261,12.924434,-10.534553,8.983558,69.35746,-26.007591,5.2904367,2.9097009,18.252491,4.117458,7.2869115,32.155514,-12.900494,-2.5326881,-14.587656,6.741282,11.425207,9.431402,6.3947444,1.7363266
694,-5.888432025909424,515.263671875,101.47306060791016,-5.326448761951745,-4.344678024985645,90.84599273765009,-6.295918,7.7562737,5.000742,8.0375805,-0.63943154,-12.841979,6.923617,-29.049623,67.08016,9.955133,7.925854,14.5096445,12.8678665,-10.622224,8.766269,69.1775,-25.746124,5.1501727,2.7432356,17.177855,5.0459046,7.138616,34.85802,-11.04243,-2.3753614,-13.883017,7.3857536,11.038702,9.417315,5.7056875,1.4092315
695,-5.785892009735107,516.270751953125,101.60161590576172,-5.803332307462309,-4.34006259741482,90.95872233203988,-6.1337976,8.2994375,4.8536177,7.9522614,-0.538417,-12.435189,6.7070456,-29.71932,68.76206,9.644654,8.213912,14.239959,12.762438,-10.706258,8.564065,69.00245,-25.480001,5.030197,2.6023812,16.096045,5.9217844,7.0016456,37.583027,-8.990547,-2.2658145,-12.9988365,7.9682817,10.675772,9.143269,5.1452084,1.0955675
696,-5.680053234100342,517.2268676757812,101.72148895263672,-6.231294572967775,-4.4086152876628635,91.08397439084777,-5.9611263,8.756168,4.8140273,7.837347,-0.53221166,-12.096418,6.48544,-30.365824,70.43291,9.412777,8.585746,13.898715,12.56147,-10.777557,8.398052,68.854225,-25.277864,4.950284,2.5199409,15.034934,6.7557125,6.826598,40.288795,-6.907409,-2.3985732,-12.047501,8.490351,10.313016,8.830521,4.6243205,0.79610944
697,-5.556147575378418,518.1474609375,101.83564758300781,-6.597749621883248,-4.5598647531830245,91.20743190157404,-5.7717056,9.102881,4.8926454,7.699728,-0.6090052,-11.814841,6.266949,-30.960918,72.08456,9.336121,9.085418,13.4797125,12.2326355,-10.828451,8.302148,68.77297,-25.149122,4.9136095,2.5074723,13.998664,7.5441604,6.6088157,42.991673,-4.7616873,-2.911349,-11.039447,8.956559,9.960149,8.538323,4.1085033,0.5011783
698,-5.428229808807373,519.0231323242188,101.93612670898438,-6.908631874863843,-4.788383557571273,91.31773606426155,-5.5647254,9.355805,5.0738554,7.5515847,-0.77290624,-11.565144,6.0557504,-31.508556,73.734886,9.386007,9.695716,12.983418,11.790621,-10.861018,8.274606,68.75224,-25.057386,4.9108267,2.542096,12.962224,8.275676,6.347559,45.717236,-2.500097,-3.6655757,-10.03704,9.377271,9.635969,8.364654,3.5504127,0.22027007
699,-5.294674873352051,519.8706665039062,102.02967071533203,-7.190460070484429,-5.080507779967294,91.46023698466121,-5.385858,9.548347,5.355425,7.3925996,-1.0482366,-11.346112,5.861617,-32.0375,75.35441,9.424275,10.327629,12.417954,11.265275,-10.880495,8.275897,68.73833,-25.005009,4.9426765,2.6080112,11.892971,8.959912,5.993724,48.48423,-0.27799228,-4.4206276,-8.9682255,9.760886,9.287243,8.1706,3.0038102,-0.055055432
700,-5.158316135406494,520.6868286132812,102.10984802246094,-7.469647365073,-5.422023815168013,91.68052748092167,-5.278021,9.715906,5.7371993,7.2186437,-1.4622322,-11.159363,5.697116,-32.585842,76.90511,9.304507,10.89859,11.79171,10.692359,-10.890736,8.257031,68.66936,-24.99856,5.009581,2.6918151,10.767073,9.619845,5.521977,51.29384,1.7644991,-4.9177494,-7.8501143,10.1290455,8.872406,7.9667892,2.460473,-0.32851803
701,-5.020380973815918,521.4714965820312,102.17815399169922,-7.7571176350767095,-5.82812816327386,92.01742237221482,-5.2772036,9.858193,6.252631,7.0291333,-2.0524657,-11.018832,5.5726857,-33.16548,78.37872,8.946212,11.4204035,11.058441,10.069927,-10.888051,8.19082,68.52013,-25.074892,5.145906,2.8193681,9.5546465,10.273919,4.841305,54.23162,3.6317167,-5.092806,-6.632824,10.48321,8.346737,7.6990604,1.9378005,-0.6018392
702,-4.886972904205322,522.2072143554688,102.23081970214844,-8.043980249675586,-6.299898593081486,92.43926992326524,-5.349181,9.960835,6.8930902,6.823461,-2.7938545,-10.91465,5.490545,-33.768013,79.77672,8.434441,11.935707,10.227631,9.386685,-10.8693,8.094841,68.31979,-25.229364,5.339833,2.99142,8.266513,10.928189,4.0093765,57.278465,5.3889995,-5.0412436,-5.3482265,10.822859,7.744278,7.4024477,1.4336351,-0.8665379
703,-4.756068229675293,522.9417724609375,102.27283477783203,-8.323349254497549,-6.802233932070923,92.88617341068839,-5.4334145,10.037127,7.5940104,6.597516,-3.624685,-10.813704,5.4483447,-34.39855,81.07762,7.8680506,12.410401,9.392218,8.666303,-10.844095,7.989587,68.09019,-25.402283,5.523495,3.1564937,6.938029,11.612088,3.2387884,60.291073,6.9792266,-4.720667,-4.0244827,11.160248,7.130641,7.0964446,0.9254279,-1.1265045
704,-4.623627185821533,523.682373046875,102.30551147460938,-8.587858258337231,-7.299825602206859,93.29730373406161,-5.468539,10.103801,8.290514,6.345542,-4.4829636,-10.687399,5.4401855,-35.064583,82.260635,7.3415804,12.806589,8.644604,7.9360995,-10.829697,7.8963823,67.84519,-25.530167,5.6294913,3.2647076,5.605623,12.369205,2.7437873,63.124454,8.343224,-4.0826664,-2.6977196,11.501687,6.573249,6.761562,0.43730372,-1.3827437
705,-4.5071234703063965,524.3931884765625,102.3255844116211,-8.846548725180899,-7.800339179117621,93.70108638018053,-5.488328,10.174225,8.999708,6.065061,-5.4111586,-10.537171,5.4613166,-35.802174,83.3203,6.84312,13.11422,7.9690905,7.200853,-10.835747,7.8144107,67.56696,-25.61071,5.6419816,3.3143895,4.2445683,13.278131,2.576915,65.80516,9.552352,-2.9343395,-1.3625755,11.83698,6.0484715,6.3691216,-0.002170653,-1.6216396
706,-4.394465446472168,525.0761108398438,102.33110046386719,-9.105460107616937,-8.316680440396986,94.11330831350693,-5.5056252,10.244562,9.743649,5.7575593,-6.4197946,-10.381111,5.5091944,-36.601257,84.27133,6.3281097,13.352574,7.327746,6.453822,-10.861773,7.7375903,67.24604,-25.66547,5.5972548,3.3321745,2.8447871,14.358399,2.6446009,68.39283,10.586574,-1.2958606,-0.010983383,12.178976,5.53551,5.9398565,-0.40861297,-1.8533764
707,-4.268555164337158,525.7969360351562,102.33702850341797,-9.341981950824621,-8.823451447342222,94.45206386585205,-5.4334784,10.30993,10.46718,5.4280148,-7.4089518,-10.214159,5.5805817,-37.385635,85.12071,5.8489103,13.523111,6.779139,5.698867,-10.909244,7.6873245,66.91347,-25.662937,5.5050135,3.3109536,1.4725896,15.541929,2.9231443,70.80469,11.240676,0.51883245,1.2538401,12.537025,5.1125135,5.6822176,-0.9067209,-2.0929384
708,-4.152870178222656,526.4723510742188,102.33446502685547,-9.52726783504941,-9.296401203020784,94.63593438410263,-5.1945295,10.364458,11.115936,5.090105,-8.2743635,-10.024838,5.6739826,-38.06064,85.87639,5.466737,13.623567,6.3844543,4.932274,-10.982337,7.699005,66.60877,-25.566238,5.374597,3.2427223,0.21129146,16.714111,3.3735824,72.93541,11.343273,2.139951,2.3088443,12.865249,4.8577147,5.6593666,-1.458231,-2.3103516
709,-4.0385236740112305,527.1528930664062,102.337158203125,-9.649221582614436,-9.734957432906354,94.6341226182781,-4.762515,10.41235,11.686668,4.746925,-9.008271,-9.812286,5.7894874,-38.61001,86.53436,5.232238,13.634927,6.1657996,4.1440988,-11.085851,7.812603,66.33711,-25.301851,5.187418,3.1099296,-0.8761613,17.868002,4.0708656,74.77233,10.652209,3.3920739,3.2968256,13.146016,4.787523,5.6434636,-1.9750485,-2.5152903
710,-3.9258599281311035,527.828857421875,102.34313201904297,-9.716773739265363,-10.152774500938667,94.49222568142538,-4.195027,10.456935,12.2072935,4.4047947,-9.659998,-9.574924,5.928138,-39.054363,87.0867,5.112198,13.562349,6.0916634,3.3251956,-11.220939,8.026832,66.091286,-24.897917,4.943571,2.922286,-1.8214521,19.011711,4.9826894,76.37121,9.325303,4.4240417,4.236486,13.378801,4.856738,5.631956,-2.460756,-2.7082062
711,-3.8183484077453613,528.4677124023438,102.34856414794922,-9.729048310669826,-10.546154062535647,94.24525678026122,-3.5422068,10.489447,12.672469,4.0818486,-10.211268,-9.297854,6.0915775,-39.352375,87.532196,5.04536,13.439366,6.1429543,2.4730458,-11.382758,8.31182,65.89114,-24.472965,4.679709,2.7130628,-2.6982045,20.028685,5.9119396,77.74264,7.803595,5.3428884,5.1117635,13.549965,5.0315275,5.620106,-2.900056,-2.8820746
712,-3.706308126449585,529.1585693359375,102.37065887451172,-9.690308961404963,-10.910681226768018,93.92907285212335,-2.8564603,10.499983,13.077092,3.7985942,-10.64546,-8.963238,6.283132,-39.451714,87.868805,4.9787126,13.299699,6.300933,1.5843967,-11.563642,8.635502,65.75867,-24.150589,4.433981,2.5131595,-3.6035209,20.817045,6.664068,78.91827,6.5124054,6.282644,5.975946,13.669103,5.274903,5.616363,-3.3597858,-3.053028
713,-3.6113667488098145,529.8341064453125,102.40080261230469,-9.58820873391519,-11.24826587537433,93.51777317213076,-2.1047428,10.4812565,13.422958,3.5485387,-10.964121,-8.568992,6.5069456,-39.318558,88.085205,4.9202614,13.145061,6.604419,0.6545071,-11.762664,9.005886,65.70523,-23.960228,4.1897264,2.3085423,-4.55679,21.34675,7.2597556,79.89231,5.5653825,7.368195,6.7896385,13.704162,5.612195,5.6154704,-3.7930949,-3.1967616
714,-3.4985382556915283,530.5253295898438,102.43785095214844,-9.424204081603548,-11.558062254680463,93.00625184753765,-1.2842437,10.43939,13.715426,3.3306847,-11.176088,-8.111598,6.7658057,-38.97029,88.16914,4.901272,12.96442,7.0507803,-0.32018664,-11.97899,9.44064,65.72175,-23.839989,3.934736,2.0888777,-5.512961,21.659277,7.789653,80.652916,4.7449055,8.494312,7.56883,13.681271,6.043013,5.620526,-4.216533,-3.3406284
715,-3.405217170715332,531.1611328125,102.47711944580078,-9.224117829470709,-11.830841183050763,92.45950135059866,-0.4835517,10.378102,13.953834,3.1677694,-11.275577,-7.5792947,7.061148,-38.441673,88.123795,4.899662,12.7710285,7.5572095,-1.3432928,-12.203046,9.913784,65.79925,-23.780767,3.7163796,1.8885417,-6.4822125,21.76782,8.177839,81.200455,3.9998815,9.475588,8.268936,13.594081,6.504977,5.6253195,-4.595875,-3.455635
716,-3.311704158782959,531.848388671875,102.52456665039062,-9.009878758340252,-12.058605247305563,91.94143266187662,0.21562473,10.299929,14.136163,3.0763407,-11.254428,-6.9637775,7.392399,-37.77638,87.95561,4.8893905,12.576991,8.038994,-2.4090805,-12.419187,10.383155,65.92346,-23.782173,3.5818448,1.7416643,-7.478833,21.688747,8.345501,81.54518,3.2740822,10.1269865,8.954551,13.480304,6.932904,5.632498,-5.008829,-3.5702991
717,-3.227259635925293,532.5089111328125,102.57512664794922,-8.779580406408511,-12.229024060237286,91.46207396957334,0.8115446,10.193468,14.242975,3.055296,-11.090834,-6.261617,7.758822,-36.966965,87.65682,4.85284,12.379013,8.503039,-3.522619,-12.621961,10.83623,66.11987,-23.864315,3.5492816,1.648157,-8.5268,21.379604,8.23997,81.677925,2.5817344,10.375464,9.563938,13.32715,7.3162875,5.6373944,-5.404042,-3.6683018
718,-3.1602370738983154,533.2008056640625,102.6320571899414,-8.52554233740428,-12.348965831097512,90.99044243586165,1.345903,10.054473,14.282651,3.092178,-10.798135,-5.4734025,8.158894,-36.00174,87.21669,4.804878,12.175879,8.982391,-4.6836467,-12.810463,11.28367,66.386955,-24.031397,3.5906205,1.5915563,-9.613653,20.849327,7.929322,81.60192,1.948894,10.337432,10.136887,13.12511,7.6844916,5.645357,-5.8179383,-3.7494283
719,-3.0936357975006104,533.8894653320312,102.68872833251953,-8.259069065601864,-12.440109861671434,90.52962153232964,1.8060137,9.894207,14.292672,3.1827407,-10.4189825,-4.598976,8.587845,-34.925533,86.64788,4.7627354,11.982292,9.432115,-5.870773,-12.975659,11.706136,66.66787,-24.265287,3.6849585,1.5787709,-10.680005,20.192272,7.5211296,81.32124,1.3442302,10.110801,10.677958,12.899396,8.038976,5.6517053,-6.227353,-3.8250585
720,-3.013561964035034,534.5562133789062,102.7405014038086,-7.996166151854563,-12.524744547052164,90.08330248465748,2.1899414,9.72452,14.307786,3.3134804,-9.998376,-3.6533394,9.037287,-33.80296,85.97977,4.734604,11.809855,9.805617,-7.055637,-13.105572,12.065097,66.90079,-24.556509,3.8111544,1.6162785,-11.675863,19.502985,7.1141,80.84533,0.7350896,9.791762,11.201301,12.679414,8.381747,5.6559014,-6.6221976,-3.9074075
721,-2.945538282394409,535.2372436523438,102.79302978515625,-7.739449786475563,-12.61130701498762,89.65813541084283,2.4970431,9.54478,14.329886,3.4726822,-9.520204,-2.642446,9.500674,-32.64696,85.23116,4.702627,11.642243,10.082046,-8.237898,-13.190849,12.313047,67.08722,-24.991352,3.9935336,1.7224776,-12.597931,18.765652,6.6754994,80.167625,0.11050603,9.344915,11.740073,12.45204,8.7077465,5.65863,-7.030383,-3.9846964
722,-2.8757543563842773,535.9046630859375,102.841552734375,-7.48460425063749,-12.687957779963863,89.25090786275497,2.7420256,9.347605,14.340115,3.6578257,-8.969747,-1.5702605,9.971931,-31.44469,84.40145,4.658571,11.476906,10.287112,-9.421545,-13.23253,12.451511,67.25279,-25.564247,4.230507,1.8872273,-13.464061,17.953876,6.1776924,79.282326,-0.5119785,8.74864,12.263622,12.220673,9.018352,5.6574965,-7.4297495,-4.0615096
723,-2.8109288215637207,536.5834350585938,102.88838195800781,-7.226825154141179,-12.746642527402516,88.84841602429859,2.946634,9.136437,14.339872,3.8691082,-8.389685,-0.45573923,10.440821,-30.228428,83.506424,4.620849,11.341789,10.445769,-10.579613,-13.2366295,12.519387,67.367096,-26.118763,4.4642553,2.0723865,-14.266009,17.141518,5.7151833,78.21047,-1.126915,8.110915,12.775118,11.976402,9.322219,5.6557837,-7.8347583,-4.134144
724,-2.744534730911255,537.2694702148438,102.93648529052734,-6.963116354669764,-12.7779959333902,88.43804229092218,3.1354258,8.914574,14.329053,4.103975,-7.822926,0.6722409,10.893825,-29.041485,82.57582,4.602555,11.261366,10.583673,-11.681405,-13.213421,12.557808,67.395996,-26.490705,4.6398153,2.2382202,-15.005571,16.395077,5.376401,76.97913,-1.7284492,7.533213,13.258959,11.719822,9.628735,5.65648,-8.241151,-4.2044444
725,-2.6865696907043457,537.9349975585938,102.9710922241211,-6.6859889818938365,-12.77614943283826,88.01018184209855,3.3197367,8.677494,14.297467,4.3662453,-7.26451,1.8048866,11.321284,-27.891932,81.62792,4.5951457,11.240836,10.704705,-12.711964,-13.170226,12.557588,67.32711,-26.602633,4.756779,2.3837073,-15.677886,15.694483,5.1613255,75.55283,-2.3062856,7.0054727,13.692373,11.43485,9.944814,5.6549177,-8.628237,-4.2610145
726,-2.6302051544189453,538.6294555664062,103.01377868652344,-6.397604974363735,-12.746448898843019,87.57331051979943,3.4928048,8.427671,14.24462,4.647864,-6.6938972,2.9360657,11.718029,-26.775124,80.68049,4.5892916,11.257659,10.797947,-13.679283,-13.109985,12.498891,67.17032,-26.545143,4.843393,2.5261042,-16.296442,15.015391,5.022414,73.94678,-2.8738265,6.482011,14.11151,11.127685,10.26279,5.6552086,-9.030377,-4.313599
727,-2.573241949081421,539.31787109375,103.05095672607422,-6.11678012163451,-12.695694719333071,87.14387697539173,3.651799,8.181626,14.181645,4.927757,-6.129994,4.03593,12.077987,-25.719631,79.772675,4.5952697,11.2905035,10.867659,-14.582021,-13.036941,12.408206,66.921455,-26.40301,4.8887553,2.6524048,-16.852943,14.405793,4.9958124,72.1848,-3.4144723,6.0035768,14.502463,10.823019,10.5749235,5.657247,-9.427598,-4.365079
728,-2.5227396488189697,540.0107421875,103.07867431640625,-5.8601798450565346,-12.631263629117136,86.7379510060836,3.791836,7.956264,14.118504,5.186477,-5.5897427,5.0741186,12.395007,-24.757696,78.94986,4.6196227,11.31633,10.920011,-15.421798,-12.957581,12.320555,66.58203,-26.255459,4.8812275,2.7486622,-17.341755,13.908377,5.1163926,70.29614,-3.9146194,5.606571,14.881918,10.536564,10.871523,5.658519,-9.828127,-4.416324
729,-2.492142677307129,540.697265625,103.09319305419922,-5.628664654811678,-12.554928993057848,86.35610952757159,3.9111018,7.75669,14.054474,5.419338,-5.0667443,6.03728,12.667014,-23.90149,78.23162,4.679721,11.326014,10.943854,-16.19755,-12.877077,12.23748,66.147934,-26.107067,4.8081856,2.8098898,-17.747822,13.556946,5.452517,68.26138,-4.384727,5.268198,15.243183,10.261386,11.154303,5.663052,-10.229737,-4.457501
730,-2.4620449542999268,541.382568359375,103.10486602783203,-5.415128992287849,-12.462796559462431,85.99180513919242,4.0151157,7.576479,13.98126,5.6327577,-4.551845,6.9253926,12.895085,-23.146002,77.61725,4.7631307,11.326333,10.9438925,-16.903881,-12.798321,12.143353,65.61678,-25.915846,4.6803055,2.8444314,-18.085712,13.300599,5.963879,66.080284,-4.8264494,4.961531,15.585388,10.001264,11.427107,5.6679306,-10.629852,-4.4998093
731,-2.424612522125244,542.0773315429688,103.11357116699219,-5.2185055358681645,-12.353789865187974,85.64905629834203,4.1081824,7.415848,13.897673,5.8256207,-4.0599675,7.730494,13.079025,-22.494713,77.11811,4.8328443,11.319098,10.950096,-17.53464,-12.724712,12.050071,64.9931,-25.689753,4.5200777,2.8589976,-18.384094,13.05946,6.5235295,63.79078,-5.207234,4.719631,15.914372,9.760705,11.683603,5.673894,-11.034968,-4.550127
732,-2.404932975769043,542.77490234375,103.11237335205078,-5.043549919582724,-12.227262475048033,85.33283564427917,4.193164,7.275711,13.802531,5.99857,-3.6041088,8.446954,13.217518,-21.950249,76.74448,4.850479,11.305549,10.993478,-18.086937,-12.65991,11.975985,64.284546,-25.433126,4.350128,2.8594143,-18.666162,12.766425,7.0036283,61.423172,-5.496332,4.5867496,16.226162,9.529009,11.917478,5.6793237,-11.443615,-4.593057
733,-2.4026689529418945,543.4714965820312,103.10131072998047,-4.889234252599869,-12.076859221698932,85.0376507385956,4.2716966,7.159215,13.690528,6.15559,-3.1819806,9.075147,13.308674,-21.519634,76.50098,4.8011527,11.279729,11.102687,-18.55628,-12.609016,11.939045,63.48011,-25.116405,4.1417127,2.8314757,-18.947918,12.426568,7.3957872,58.979717,-5.691875,4.6656466,16.510809,9.304889,12.134187,5.682238,-11.84988,-4.6276727
734,-2.396667003631592,544.1759643554688,103.08607482910156,-4.75504019752192,-11.904981684978148,84.76339350446068,4.340471,7.06758,13.562603,6.2962728,-2.7865925,9.611885,13.35473,-21.200817,76.387924,4.70759,11.241477,11.25688,-18.946878,-12.574166,11.933372,62.580936,-24.74117,3.8945544,2.778461,-19.219444,12.071759,7.7531285,56.454445,-5.817236,4.906083,16.774376,9.102492,12.335847,5.687884,-12.259895,-4.668486
735,-2.399031639099121,544.8773193359375,103.05645751953125,-4.642455234087283,-11.723625136382061,84.52151322197976,4.400641,7.002622,13.425552,6.4091077,-2.4271164,10.0424185,13.361119,-20.995443,76.41202,4.58057,11.200938,11.411403,-19.260145,-12.554233,11.9319515,61.6061,-24.360703,3.6752515,2.7315097,-19.457232,11.688374,8.042696,53.845333,-5.869524,5.1347547,17.027267,8.917948,12.511443,5.6920567,-12.670512,-4.7083836
736,-2.4103798866271973,545.5846557617188,103.0157699584961,-4.551754477980855,-11.545448636261284,84.32281035821457,4.447691,6.9574747,13.290689,6.490244,-2.1117225,10.371748,13.346524,-20.88731,76.548035,4.436453,11.177211,11.517417,-19.506895,-12.542844,11.914485,60.580093,-24.029055,3.5495741,2.720284,-19.64151,11.263968,8.231228,51.15467,-5.845258,5.1812534,17.290834,8.753087,12.649521,5.696514,-13.093087,-4.7490005
737,-2.4133739471435547,546.2946166992188,102.96528625488281,-4.4806171317403285,-11.375442777752433,84.17275739075767,4.4604435,6.9242353,13.173361,6.5531945,-1.8507348,10.619028,13.316448,-20.82041,76.77329,4.3241825,11.183342,11.567423,-19.705954,-12.52856,11.89104,59.502632,-23.73671,3.5481763,2.7503104,-19.770096,10.795226,8.274131,48.365063,-5.7107005,4.9949937,17.571196,8.618793,12.744916,5.6987033,-13.524069,-4.801914
738,-2.4201302528381348,547.00732421875,102.90476989746094,-4.429785419026852,-11.206863053898688,84.06401834036416,4.4411974,6.906564,13.061991,6.6030164,-1.6341513,10.774313,13.254128,-20.811628,77.11779,4.222226,11.202821,11.591602,-19.859348,-12.50293,11.866238,58.380928,-23.47669,3.6303902,2.80193,-19.849876,10.300845,8.19896,45.4766,-5.477801,4.67979,17.859102,8.507559,12.805099,5.6989455,-13.962392,-4.858609
739,-2.4244022369384766,547.7180786132812,102.83527374267578,-4.398826395857002,-11.035267204387978,83.98783995874065,4.403053,6.9062696,12.942858,6.6405725,-1.4569973,10.8569975,13.169807,-20.879545,77.54854,4.085594,11.228961,11.583697,-19.957216,-12.470731,11.833449,57.237144,-23.293938,3.754931,2.8737216,-19.880985,9.803061,8.076701,42.529316,-5.2173953,4.2948337,18.144371,8.423562,12.840257,5.6993394,-14.40246,-4.922334
740,-2.4458138942718506,548.4406127929688,102.75408935546875,-4.388262959576145,-10.856343762005297,83.9361967381589,4.3479276,6.9231224,12.810452,6.6775455,-1.3175849,10.90447,13.074406,-20.99042,78.00482,3.9086463,11.259412,11.534036,-19.99642,-12.433648,11.785831,56.08649,-23.240452,3.8800502,2.9712617,-19.863169,9.320096,7.980582,39.554443,-4.992837,3.896192,18.430412,8.352939,12.857031,5.698527,-14.852578,-4.980978
741,-2.47279953956604,549.180419921875,102.66403198242188,-4.403067869820807,-10.662279771783046,83.91817652803883,4.26196,6.961554,12.653412,6.7204785,-1.2125093,10.925257,12.9670925,-21.143408,78.49249,3.681079,11.293906,11.4283085,-19.974321,-12.386631,11.716793,54.918213,-23.36201,4.0118685,3.1122446,-19.809595,8.851428,7.894203,36.53393,-4.8093038,3.4955823,18.711382,8.310661,12.850721,5.697781,-15.314955,-5.044493
742,-2.493015766143799,549.92919921875,102.56159210205078,-4.442981730213884,-10.458286570188243,83.93464837687225,4.1455917,7.0185857,12.480609,6.7653284,-1.145698,10.911401,12.847995,-21.340864,79.02175,3.4156241,11.337195,11.273859,-19.893753,-12.328052,11.630541,53.727478,-23.624338,4.165607,3.290637,-19.713623,8.394205,7.7898817,33.45315,-4.6367745,3.067051,18.989616,8.306101,12.8213215,5.695145,-15.783023,-5.1207128
743,-2.5191328525543213,550.6884765625,102.45233917236328,-4.493735539735427,-10.257145848846006,83.96257221973761,4.0227213,7.0829463,12.312787,6.8085713,-1.123255,10.864066,12.718715,-21.560205,79.55812,3.1383114,11.389962,11.097974,-19.766891,-12.259877,11.541703,52.54815,-23.95712,4.3119607,3.4730506,-19.560226,7.9555254,7.724031,30.366514,-4.493647,2.607793,19.278227,8.312187,12.783001,5.694408,-16.260826,-5.1966205
744,-2.5479397773742676,551.438232421875,102.33268737792969,-4.542136910055491,-10.072139258950884,83.97915795785818,3.914055,7.1424165,12.170899,6.849526,-1.1528982,10.7909775,12.582084,-21.770493,80.06201,2.879037,11.452932,10.927616,-19.606731,-12.186072,11.470074,51.415974,-24.28678,4.422438,3.6251197,-19.328129,7.538761,7.7566133,27.31431,-4.3909903,2.1138644,19.577776,8.314542,12.752191,5.6976194,-16.73533,-5.2683673
745,-2.5771894454956055,552.2021484375,102.20487213134766,-4.592190067242215,-9.906944044800564,83.97668545151433,3.823178,7.2024956,12.064094,6.892585,-1.2405739,10.692291,12.438178,-21.959255,80.52553,2.6454902,11.535645,10.757862,-19.421276,-12.10746,11.425971,50.321476,-24.639048,4.4854503,3.7439566,-18.996479,7.143913,7.9269924,24.239035,-4.3368325,1.5773822,19.906345,8.317352,12.735344,5.7056127,-17.221096,-5.3400598
746,-2.621443271636963,552.9480590820312,102.07138061523438,-4.6523952721047435,-9.757064445736988,83.96417452858832,3.7381709,7.2682695,11.982769,6.9415574,-1.3819809,10.573232,12.28679,-22.132406,80.960396,2.4273167,11.6356125,10.578118,-19.207779,-12.023406,11.407584,49.255783,-25.033365,4.5179906,3.844887,-18.587425,6.775421,8.197116,21.146175,-4.3289824,1.0048834,20.238604,8.322232,12.728344,5.715413,-17.697676,-5.4009523
747,-2.6604669094085693,553.7138671875,101.93041229248047,-4.71660430931503,-9.62461097843878,83.94226521795268,3.6605194,7.336083,11.9222555,6.990921,-1.5686129,10.444699,12.130935,-22.290846,81.35546,2.228023,11.736131,10.404487,-18.95869,-11.933811,11.414053,48.249302,-25.381418,4.53575,3.9209626,-18.141016,6.44414,8.511743,18.172512,-4.3622823,0.40286475,20.602383,8.334692,12.729251,5.7290707,-18.188139,-5.468473
748,-2.696169376373291,554.4929809570312,101.78316497802734,-4.7876615495191155,-9.513775467046004,83.90882306518026,3.5940535,7.4063725,11.878558,7.037099,-1.7896639,10.322291,11.976032,-22.433285,81.69511,2.0512245,11.821904,10.252596,-18.668594,-11.83968,11.446143,47.334415,-25.595598,4.555635,3.9657938,-17.72773,6.1673965,8.807709,15.522862,-4.4626346,-0.23262678,20.998928,8.356325,12.742168,5.7429276,-18.684814,-5.542278
749,-2.731874942779541,555.2909545898438,101.61779022216797,-4.890276272068361,-9.441020372401299,83.84929313253961,3.5535958,7.505594,11.860588,7.0780807,-2.0522726,10.219994,11.826431,-22.552858,81.96513,1.8989681,11.898704,10.120794,-18.324957,-11.741849,11.510647,46.49573,-25.623518,4.595593,3.9767764,-17.358652,5.9746523,9.145978,13.211925,-4.6838517,-1.0029509,21.45024,8.412105,12.788765,5.7549405,-19.190239,-5.627872
750,-2.773155927658081,556.0956420898438,101.46392822265625,-5.070085323867126,-9.409136179268014,83.74123548819804,3.557191,7.685734,11.866817,7.1204486,-2.3516328,10.140548,11.683651,-22.647835,82.16408,1.769987,11.974037,9.999989,-17.936134,-11.640596,11.609633,45.723076,-25.52034,4.647954,3.9619615,-17.062412,5.9326572,9.527256,11.281516,-5.063004,-1.9069434,21.946888,8.539485,12.907838,5.7592077,-19.682016,-5.7224946
751,-2.806532144546509,556.9317016601562,101.30403137207031,-5.291133813460208,-9.38071731639247,83.61438780581723,3.577103,7.9025626,11.872147,7.1658373,-2.6788182,10.065281,11.54772,-22.730738,82.304245,1.6622901,12.03374,9.895544,-17.524858,-11.534739,11.730482,45.054184,-25.35874,4.6836705,3.9242823,-17.089405,6.0206494,9.727239,10.224926,-5.7155848,-2.7690814,22.443863,8.704561,13.05732,5.7657065,-20.133783,-5.8190756
752,-2.8409924507141113,557.7804565429688,101.16098022460938,-5.4643984541585935,-9.319164188173696,83.51959794958739,3.5676734,8.058617,11.862391,7.2119417,-3.0261123,9.964886,11.416766,-22.820208,82.4047,1.5713105,12.06292,9.814038,-17.11271,-11.422042,11.853718,44.52977,-25.21409,4.6676393,3.8638926,-17.270082,6.08194,9.651834,9.768763,-6.3472776,-3.3726592,22.899921,8.81149,13.149989,5.783672,-20.516315,-5.8887973
753,-2.8711981773376465,558.633544921875,101.03939819335938,-5.594048847238646,-9.232205639671239,83.4651628944218,3.519699,8.157292,11.850462,7.264407,-3.4070046,9.845005,11.29616,-22.915554,82.445946,1.494372,12.052648,9.752574,-16.704353,-11.307399,11.968432,44.150764,-25.101679,4.5848975,3.7846153,-17.378094,6.096307,9.218923,9.604321,-6.721898,-3.6591187,23.324614,8.866664,13.175285,5.811818,-20.791843,-5.924745
754,-2.9181087017059326,559.4629516601562,100.92604064941406,-5.682935437624145,-9.126660987099855,83.44199035927676,3.4362688,8.203334,11.832258,7.326461,-3.8176417,9.697214,11.164884,-23.018253,82.46766,1.4235328,12.00044,9.718336,-16.302034,-11.171993,12.083843,43.926617,-24.999313,4.4499006,3.6788566,-17.372467,6.0646477,8.53817,9.58913,-6.651754,-3.641609,23.727919,8.87637,13.143769,5.8491855,-20.925247,-5.9244123
755,-2.954655647277832,560.2971801757812,100.84717559814453,-5.669178029870361,-8.973786355012837,83.45366692371304,3.3333657,8.1347475,11.787438,7.3703585,-4.239119,9.509042,11.0381365,-23.13831,82.46976,1.3722628,11.934441,9.706905,-15.876755,-11.027368,12.196658,43.82736,-24.89071,4.2795215,3.548786,-17.35435,5.9075923,7.805877,9.713383,-5.8857155,-3.20238,24.081856,8.77515,13.030657,5.8972673,-20.888414,-5.8693852
756,-2.9858765602111816,561.115478515625,100.80494689941406,-5.498061762789051,-8.746861697541094,83.49983096269631,3.2361479,7.8959785,11.697117,7.362433,-4.658573,9.273811,10.938921,-23.289743,82.436226,1.3548265,11.888665,9.709733,-15.390547,-10.899413,12.305107,43.806713,-24.749634,4.0940175,3.3994238,-17.419733,5.537093,7.231464,9.9580765,-4.295721,-2.2801852,24.360527,8.501557,12.815775,5.958336,-20.663673,-5.738932
757,-3.013853073120117,561.9292602539062,100.8205795288086,-5.114164595299989,-8.406968247867223,83.60373195872494,3.1120427,7.4262004,11.523538,7.306042,-5.0640807,8.931952,10.821301,-23.530693,82.48058,1.3206421,11.835842,9.756182,-14.887334,-10.730598,12.411009,43.939346,-24.618397,3.8946638,3.2079961,-17.64442,4.86075,6.8900003,10.424025,-1.9449286,-0.77828807,24.526411,7.996149,12.4602,6.036375,-20.260595,-5.5076065
758,-3.0060505867004395,562.7865600585938,100.85122680664062,-4.56414477525658,-7.977188860122072,83.7424119962639,2.9863138,6.779314,11.289326,7.204472,-5.474485,8.53086,10.716719,-23.817604,82.51162,1.3047363,11.787815,9.826925,-14.344815,-10.559125,12.506091,44.17151,-24.478418,3.6784165,2.9960546,-18.044403,3.9682193,6.714797,11.217962,0.6540371,1.0238395,24.605394,7.3077955,12.00983,6.1297307,-19.693367,-5.1827235
759,-2.9944543838500977,563.6759033203125,100.88179016113281,-3.9653452436462686,-7.533082982811778,83.84652729104364,2.9207473,6.087263,11.01822,7.078178,-5.852251,8.116826,10.623344,-24.126064,82.52177,1.3061484,11.741065,9.907745,-13.754212,-10.385588,12.595658,44.52165,-24.323862,3.4383788,2.7765412,-18.5285,3.056324,6.6842656,12.223773,2.970028,2.6642838,24.677658,6.5572205,11.574913,6.2243843,-18.959282,-4.8054643
760,-3.007948875427246,564.566650390625,100.9389877319336,-3.3948734612011524,-7.143915725710353,83.8673816513608,2.9560409,5.438371,10.742722,6.946201,-6.1652675,7.731112,10.539407,-24.419712,82.50105,1.3363212,11.693313,9.984618,-13.103213,-10.210527,12.682453,45.004776,-24.14809,3.162292,2.559828,-18.9039,2.2511823,6.7665586,13.103109,4.783682,3.8523161,23.984432,5.9975,11.354609,7.9864073,-18.903416,-4.4275875
761,-3.0230116844177246,565.465576171875,101.01648712158203,-2.812734419794205,-6.825769527718111,83.79981028963564,3.0951889,4.789979,10.481011,6.8120008,-6.4087257,7.373768,10.464827,-24.69371,82.4513,1.4160521,11.642011,10.055595,-12.38342,-10.03351,12.764027,45.624165,-23.951414,2.8274045,2.3311687,-18.989475,1.5098844,6.996854,13.5510435,6.234809,4.586992,23.003101,5.48574,11.273698,10.501931,-19.14099,-4.0583844
762,-3.0238921642303467,566.4087524414062,101.09809875488281,-2.1793284048464696,-6.537359925907523,83.67954015063313,3.303444,4.0925107,10.216654,6.66739,-6.601914,7.0248156,10.399436,-24.959913,82.3761,1.537659,11.588821,10.127932,-11.608297,-9.8525,12.846042,46.376194,-23.73479,2.4449909,2.0890543,-18.971834,0.75024146,7.3313007,13.777364,7.362977,5.1014185,22.224085,4.867843,11.207317,12.700475,-19.214638,-3.6902785
763,-2.9985299110412598,567.3668212890625,101.17180633544922,-1.5315298580183665,-6.252077405673642,83.53126231118573,3.5503201,3.3810885,9.927342,6.5170116,-6.747826,6.691278,10.340776,-25.201147,82.27092,1.670522,11.5368395,10.203068,-10.807325,-9.668329,12.945572,47.274654,-23.4958,2.050653,1.8616198,-18.806623,-0.013649684,7.7271447,13.822209,8.048659,5.491295,21.512812,4.203877,11.1792755,14.760195,-19.225618,-3.3377228
764,-2.9867496490478516,568.3434448242188,101.26073455810547,-0.9177365667073701,-5.945980986058367,83.37913817105759,3.802828,2.7027433,9.5902605,6.368266,-6.8540697,6.385256,10.285143,-25.39215,82.12873,1.7894872,11.488859,10.282983,-10.008211,-9.482739,13.0846195,48.331894,-23.226728,1.6812216,1.6751105,-18.642162,-0.75188875,8.103214,13.8924675,8.264609,5.8296223,20.817038,3.5575776,11.203727,16.731716,-19.195137,-3.0134988
765,-2.991158962249756,569.3447875976562,101.36392211914062,-0.36639236379048756,-5.606808997747987,83.2311049504251,4.050726,2.0838401,9.183144,6.2231297,-6.8981323,6.1204515,10.229838,-25.51505,81.94234,1.8956683,11.446458,10.373829,-9.198051,-9.300931,13.276585,49.577927,-22.853748,1.3154181,1.5113431,-18.56139,-1.4340019,8.417688,14.094273,8.089539,6.1345005,20.575893,2.9504383,11.182411,18.221558,-19.141731,-2.7838297
766,-2.988177537918091,570.3583984375,101.47245025634766,0.19567419606075814,-5.202675061478671,83.03705956125118,4.341445,1.450377,8.678811,6.08355,-6.8847656,5.891141,10.175315,-25.575117,81.71966,2.0059013,11.406133,10.472605,-8.37136,-9.125368,13.520898,50.99558,-22.397287,0.9494526,1.3648931,-18.492126,-2.1271894,8.762322,14.258777,7.719049,6.4035683,19.280909,2.3371744,11.446883,20.569004,-18.886889,-2.3820248
767,-3.013227939605713,571.3558959960938,101.61050415039062,0.7209141456481271,-4.8342735965392185,82.86357843637272,4.600337,0.8506009,8.191006,5.9538617,-6.854406,5.6755342,10.121502,-25.586876,81.47297,2.116897,11.36419,10.570547,-7.5595393,-8.952237,13.811386,52.52967,-21.99384,0.63766235,1.2733217,-18.336525,-2.789329,9.087137,14.391126,7.2368226,6.634053,18.466614,1.7587228,11.635087,22.508768,-18.489733,-2.0476449
768,-3.0421385765075684,572.3546142578125,101.73966979980469,1.2240612825537627,-4.534487680276136,82.71862735973687,4.814299,0.26968783,7.766746,5.8394,-6.85198,5.4515815,10.069015,-25.565538,81.218346,2.2240295,11.316566,10.658634,-6.797982,-8.774175,14.137628,54.129856,-21.78386,0.4374468,1.2741951,-17.972805,-3.436794,9.417716,14.441337,6.65757,6.8151145,17.648811,1.2311374,11.842689,24.565426,-17.942255,-1.7064599
769,-3.063058853149414,573.3464965820312,101.862548828125,1.7159920342338484,-4.317648706257165,82.61227939445943,4.982116,-0.30380255,7.4131675,5.737478,-6.880534,5.217635,10.020505,-25.502678,80.9609,2.3165739,11.257674,10.732479,-6.082243,-8.581942,14.495768,55.825943,-21.791317,0.35606208,1.3776151,-17.48083,-4.084678,9.731639,14.425914,6.05195,6.9600835,16.887388,0.7453937,12.059902,26.651787,-17.18294,-1.3736923
770,-3.082636833190918,574.3262329101562,101.98934173583984,2.1924865943826304,-4.156138924215762,82.53128795917146,5.1162853,-0.86757034,7.095211,5.647901,-6.9209127,4.9849644,9.977178,-25.393795,80.6916,2.3992815,11.192372,10.79847,-5.3971844,-8.37525,14.885457,57.638447,-21.952726,0.3640776,1.5604469,-16.851341,-4.737017,10.031638,14.257628,5.466799,7.080499,16.15089,0.3002959,12.296505,28.763256,-16.224728,-1.0341173
771,-3.1054210662841797,575.3008422851562,102.12574005126953,2.637688786596789,-4.036456866631315,82.45963118665453,5.218396,-1.3938559,6.8164783,5.574503,-6.9772863,4.7409973,9.935449,-25.268671,80.40482,2.4888206,11.131835,10.861754,-4.756051,-8.158933,15.299263,59.491756,-22.2705,0.46247214,1.8096728,-16.102694,-5.3717937,10.324206,13.938267,4.929282,7.179204,15.398616,-0.0933614,12.549101,30.90571,-15.076646,-0.63936174
772,-3.1316916942596436,576.2628784179688,102.2613525390625,3.0346762119336526,-3.9460730386218215,82.38116336485275,5.295724,-1.8552265,6.5811076,5.5165453,-7.0512967,4.466865,9.888295,-25.167236,80.10417,2.5964856,11.085403,10.92852,-4.1697726,-7.9432473,15.723653,61.30895,-22.748945,0.6515619,2.1141918,-15.317147,-5.9531255,10.607773,13.581668,4.419701,7.258114,14.603058,-0.4280997,12.815131,33.05673,-13.730931,-0.13933705
773,-3.1768739223480225,577.2088012695312,102.39783477783203,3.370036628092818,-3.8807587729896516,82.30332249810311,5.354107,-2.2310848,6.3841357,5.4568143,-7.145168,4.145454,9.829062,-25.129538,79.80925,2.7012882,11.05082,11.000689,-3.6282868,-7.7307653,16.152222,63.0934,-23.440601,0.9403164,2.4790344,-14.499323,-6.4773474,10.875266,13.1766815,3.9512398,7.319465,13.739144,-0.67759603,13.078937,35.234257,-12.103021,0.4535296
774,-3.2239291667938232,578.1294555664062,102.53386688232422,3.651556202328432,-3.8487576720872445,82.23028278059704,5.4014497,-2.53401,6.2251124,5.3903503,-7.256441,3.7753744,9.755436,-25.147125,79.5308,2.7955556,11.021306,11.075768,-3.1155124,-7.5215096,16.579407,64.86995,-24.327589,1.3200158,2.9119413,-13.640649,-6.9455266,11.124742,12.723204,3.5144637,7.3546925,12.828156,-0.8407273,13.356243,37.442196,-10.226133,1.1387905
775,-3.2826476097106934,579.0175170898438,102.66259002685547,3.902604191161441,-3.8556172062919205,82.14052778661936,5.447393,-2.7857018,6.119349,5.335782,-7.3844366,3.3622994,9.667925,-25.180183,79.255066,2.9157495,10.999735,11.152205,-2.635179,-7.323581,16.996342,66.59053,-25.30358,1.7651918,3.406629,-12.741117,-7.3831697,11.387089,12.230958,3.1061506,7.386189,11.905246,-0.94702476,13.698415,39.65781,-8.282058,1.9776026
776,-3.3439881801605225,579.8663330078125,102.77741241455078,4.14338853194909,-3.907319379056874,82.01296176144207,5.499934,-3.007035,6.084138,5.3130417,-7.532901,2.9154968,9.568496,-25.18242,78.960434,3.1033502,10.990018,11.227056,-2.1912305,-7.148039,17.398867,68.19949,-26.257553,2.2533987,3.9570968,-11.810634,-7.801435,11.686918,11.73251,2.7123666,7.4245973,11.001922,-1.0280883,14.157818,41.8702,-6.457091,3.0193512
777,-3.407632827758789,580.6907958984375,102.87965393066406,4.374836719899833,-4.003273511962967,81.83486406143042,5.572655,-3.186936,6.1241436,5.3285923,-7.688707,2.4298308,9.454437,-25.145466,78.64282,3.3832054,11.001238,11.297961,-1.7958655,-7.001372,17.806358,69.704994,-27.2167,2.8006291,4.59485,-10.85829,-8.196809,12.039581,11.262518,2.3057501,7.474675,10.104876,-1.0691128,14.791455,44.128376,-4.7803974,4.272124
778,-3.486753225326538,581.5046997070312,102.9701919555664,4.586173969612058,-4.142928147028592,81.61989426506126,5.6547937,-3.317991,6.2332993,5.374112,-7.855978,1.904469,9.324448,-25.082895,78.30959,3.7357736,11.0290785,11.366192,-1.4412414,-6.883555,18.221424,71.12319,-28.217693,3.407014,5.317872,-9.886231,-8.569913,12.430207,10.8340225,1.8726461,7.535226,9.201827,-1.0461873,15.567674,46.44486,-3.1761599,5.715305
779,-3.5790865421295166,582.2929077148438,103.04440307617188,4.789938387332705,-4.330623287385525,81.38466813540131,5.7208667,-3.427423,6.4122276,5.44524,-8.060028,1.3557675,9.186157,-24.983063,77.95296,4.136045,11.059172,11.433241,-1.1030248,-6.7952743,18.610188,72.40903,-29.166166,4.031786,6.0674024,-8.893456,-8.940231,12.838443,10.4357395,1.4291747,7.602089,8.324574,-0.98664075,16.401459,48.756813,-1.6701263,7.3359036
780,-3.661647319793701,583.0423583984375,103.10111999511719,5.00282735290178,-4.569407605545212,81.14736017697449,5.7450705,-3.5457146,6.6620016,5.5365057,-8.329541,0.8014792,9.053336,-24.8323,77.55448,4.5610585,11.08027,11.498936,-0.7609821,-6.736271,18.933968,73.51144,-29.969141,4.6393433,6.7843065,-7.865898,-9.321389,13.241396,10.033913,1.0028211,7.659188,7.4919744,-0.9303432,17.205893,51.015682,-0.28837878,9.109134
781,-3.7423532009124756,583.7591552734375,103.13826751708984,5.238712620733744,-4.874960768045761,80.8870857352319,5.751361,-3.6881683,7.010172,5.637041,-8.693122,0.24905056,8.935062,-24.604364,77.08139,5.0317917,11.108096,11.547951,-0.40806934,-6.7049856,19.18594,74.39765,-30.590574,5.257311,7.4834633,-6.779611,-9.730254,13.662529,9.6282835,0.5819093,7.7088695,6.7361655,-0.87623054,18.0876,53.218857,1.0578295,11.25564
782,-3.80853271484375,584.4590454101562,103.16475677490234,5.487262653947515,-5.241460928791827,80.60145360660029,5.74415,-3.8398395,7.449629,5.7530046,-9.131423,-0.3039421,8.833639,-24.308893,76.532196,5.5548306,11.149313,11.581855,-0.059740625,-6.7007747,19.380812,75.098434,-31.09079,5.895962,8.186559,-5.609632,-10.154345,14.10591,9.174559,0.18139097,7.744549,6.0338297,-0.80558723,19.056952,55.41382,2.3420556,13.704309
783,-3.865525960922241,585.1422119140625,103.1826171875,5.72580214452687,-5.636902438543424,80.3312734615464,5.677434,-3.9863856,7.9281006,5.9009414,-9.5969305,-0.8496444,8.753067,-23.995699,75.93576,6.0799875,11.179142,11.625615,0.279249,-6.724147,19.507883,75.65299,-31.519249,6.497357,8.842917,-4.416971,-10.57337,14.522332,8.710988,-0.2031298,7.769946,5.3122654,-0.7642237,19.862724,57.598595,3.4014664,15.956732
784,-3.9329144954681396,585.8364868164062,103.1978759765625,5.929871912968742,-6.026996112383677,80.11694592337328,5.520681,-4.1199484,8.390415,6.0837665,-10.04106,-1.3871018,8.709195,-23.761478,75.31864,6.523368,11.177831,11.703121,0.60957587,-6.76562,19.537918,76.10346,-31.928171,7.0008855,9.396575,-3.236333,-10.97724,14.867934,8.246653,-0.5775497,7.7962523,4.478403,-0.83169746,20.236073,59.76449,4.096426,17.482655
785,-4.005073547363281,586.5145874023438,103.20710754394531,6.106777929914465,-6.410230850332364,79.94839566633406,5.257161,-4.244332,8.838112,6.328437,-10.48548,-1.8970717,8.677195,-23.520082,74.66296,6.9384212,11.134065,11.827537,0.9297696,-6.85159,19.457283,76.41191,-32.382206,7.430543,9.9047575,-2.0841646,-11.365574,15.150981,7.784079,-0.9281786,7.822388,3.4757953,-1.1278421,20.022064,61.95057,4.356597,18.050152
786,-4.07311487197876,587.1744384765625,103.21572875976562,6.267216472038061,-6.798227337675059,79.81083515531164,4.932001,-4.372433,9.290209,6.6003184,-10.944123,-2.4000096,8.6754465,-23.338385,73.96214,7.287189,11.067674,11.982888,1.2523034,-6.9634614,19.257074,76.569664,-32.839317,7.8056045,10.365296,-0.8975334,-11.754133,15.39203,7.2264576,-1.2115272,7.8435,2.3349361,-1.6490285,19.380573,64.14943,4.2808766,17.913034
787,-4.131832122802734,587.7877197265625,103.22272491455078,6.388795940236946,-7.177451552643763,79.73932185703711,4.525263,-4.486884,9.722077,6.8857284,-11.364425,-2.9132326,8.700893,-23.236595,73.280464,7.581301,10.971764,12.152747,1.5894004,-7.105818,18.980772,76.60533,-33.195316,8.075712,10.676201,0.23411742,-12.096443,15.554605,6.691361,-1.4622589,7.8568397,1.1070558,-2.2928007,18.508524,66.25319,3.9908042,17.277418
788,-4.1985883712768555,588.3989868164062,103.2331314086914,6.449715892609661,-7.535421313318147,79.76869551953737,4.0201054,-4.5668917,10.110684,7.1674013,-11.697011,-3.4627144,8.7481,-23.254375,72.68953,7.817864,10.8372135,12.322147,1.9530385,-7.284096,18.6792,76.54438,-33.33348,8.19253,10.733994,1.2909883,-12.373946,15.610029,6.233089,-1.7251061,7.8701873,-0.15189342,-2.924291,17.597363,68.15847,3.6091537,16.369825
789,-4.27604341506958,589.0179443359375,103.25074005126953,6.435967129431707,-7.872706592150461,79.92959853429562,3.376937,-4.6103034,10.456306,7.4511213,-11.937519,-4.0470157,8.813357,-23.401562,72.19476,7.984045,10.633214,12.504895,2.3370633,-7.5068436,18.386381,76.38813,-33.19657,8.104119,10.462001,2.2621572,-12.568203,15.532531,5.884931,-2.0172205,7.884608,-1.4411044,-3.5389972,16.596786,69.86167,3.0690458,15.136714
790,-4.365087985992432,589.6209716796875,103.27509307861328,6.360988664596778,-8.197167685760405,80.1997797111648,2.6109042,-4.62853,10.773224,7.744683,-12.1127405,-4.6573753,8.8944025,-23.658821,71.7657,8.083461,10.370498,12.703725,2.7418818,-7.774486,18.080545,76.11439,-32.84559,7.8499575,9.935414,3.1473906,-12.688441,15.34579,5.645478,-2.330071,7.9016066,-2.7622316,-4.18995,15.447956,71.40761,2.305964,13.524604
791,-4.444568634033203,590.2324829101562,103.30526733398438,6.243092856549335,-8.506599892215819,80.53234351615056,1.7934123,-4.6212964,11.05894,8.030933,-12.209017,-5.307615,8.986608,-24.02732,71.428,8.134728,10.101891,12.888195,3.1943018,-8.079082,17.715834,75.71968,-32.34841,7.5164075,9.274571,3.907184,-12.723062,15.094587,5.634185,-2.744552,7.90604,-4.0651445,-4.8088365,14.309622,72.76079,1.4700692,11.761055
792,-4.532871723175049,590.845703125,103.3396224975586,6.101980448086804,-8.797586509895645,80.87837001814603,1.0022593,-4.5860114,11.309744,8.288117,-12.2143755,-6.018572,9.083048,-24.517073,71.21496,8.152614,9.879444,13.028142,3.7217736,-8.407037,17.236935,75.20187,-31.774595,7.192047,8.597001,4.646783,-12.731557,14.831659,5.6223435,-3.1532815,7.909761,-5.31904,-5.328807,13.329797,73.89292,0.7291577,10.0599575
793,-4.616507530212402,591.4521484375,103.37803649902344,5.932178177159541,-9.07168094204765,81.23790275491793,0.23697686,-4.5125504,11.523941,8.516693,-12.118987,-6.7973514,9.179696,-25.168316,71.15573,8.108877,9.689013,13.142497,4.3462696,-8.752012,16.584957,74.54072,-31.121246,6.871781,7.865562,5.3645043,-12.697734,14.557667,5.6129136,-3.5535722,7.903091,-6.5334086,-5.712498,12.503679,74.80603,0.1649374,8.369266
794,-4.691612243652344,592.0748291015625,103.42180633544922,5.726976999778754,-9.329052817777779,81.63161190922968,-0.52129996,-4.4002714,11.708745,8.71196,-11.933405,-7.64822,9.271422,-25.988417,71.239204,7.9976106,9.510158,13.237463,5.0666394,-9.111991,15.769268,73.72731,-30.377134,6.5140944,7.0430813,6.072905,-12.615447,14.254598,5.603619,-3.9525564,7.8834653,-7.7201366,-5.9863334,11.752609,75.51384,-0.3197383,6.6176763
795,-4.775724411010742,592.6856689453125,103.46528625488281,5.50472015650497,-9.562804925455508,82.04019028244228,-1.2316926,-4.264219,11.865896,8.856099,-11.6712055,-8.574474,9.348778,-26.919384,71.43728,7.8754153,9.385049,13.268152,5.8620324,-9.479335,14.858503,72.80039,-29.585802,6.156514,6.238157,6.745937,-12.511573,13.939629,5.596915,-4.338669,7.86594,-8.855407,-6.1712394,11.105389,75.99386,-0.8011476,4.9811835
796,-4.862232208251953,593.2901611328125,103.50463104248047,5.283345256031093,-9.766242324694192,82.44546780804855,-1.8681898,-4.118475,11.993391,8.944653,-11.3450365,-9.568956,9.401651,-27.876501,71.7187,7.811183,9.354882,13.1908865,6.6888485,-9.843772,13.945904,71.82623,-28.778194,5.8369703,5.553609,7.3813815,-12.403427,13.628467,5.5892653,-4.7141995,7.850526,-9.912176,-6.2820253,10.591623,76.21826,-1.3489147,3.639741
797,-4.940868377685547,593.8829345703125,103.54417419433594,5.062466413246705,-9.931832727144148,82.83966636582642,-2.441512,-3.961476,12.075044,8.995462,-10.941529,-10.633116,9.4252205,-28.837341,72.10929,7.851743,9.439462,12.972686,7.517686,-10.202111,13.079556,70.841576,-27.88162,5.565154,5.0015154,7.9670362,-12.283123,13.327114,5.5834165,-5.0760365,7.8321586,-10.895269,-6.2820787,10.256707,76.17571,-1.9698538,2.6882856
798,-5.011055946350098,594.489013671875,103.58320617675781,4.833547365445698,-10.064268295298959,83.23251425812323,-2.977893,-3.7868147,12.112145,9.024526,-10.456335,-11.75345,9.419209,-29.812183,72.61188,7.9691195,9.610182,12.645454,8.34902,-10.554505,12.239985,69.83917,-26.886003,5.3198857,4.5253406,8.522454,-12.143624,13.02805,5.579242,-5.4378314,7.807409,-11.817425,-6.1646996,10.064128,75.87913,-2.6129425,2.0187948
799,-5.083706378936768,595.0844116210938,103.62199401855469,4.602393125549582,-10.176314607889093,83.63113513681164,-3.4767067,-3.601372,12.126993,9.025909,-9.914208,-12.89765,9.38303,-30.7594,73.1622,8.124181,9.834521,12.26422,9.180066,-10.892022,11.422559,68.8294,-25.916565,5.095317,4.1201205,9.049092,-11.996119,12.725022,5.574752,-5.7879214,7.7826962,-12.671245,-5.998134,9.928926,75.3517,-3.268771,1.5090612
800,-5.156549453735352,595.6631469726562,103.65911865234375,4.373278351453117,-10.280796304674583,84.04318618052643,-3.941961,-3.4160821,12.139518,8.99858,-9.340119,-14.03531,9.318711,-31.624105,73.69986,8.285521,10.080257,11.885228,9.992565,-11.203542,10.631995,67.84071,-25.09886,4.88509,3.7771099,9.557707,-11.844233,12.411679,5.5704517,-6.12461,7.756038,-13.448359,-5.848577,9.769003,74.61594,-3.9317417,1.039901
801,-5.217353343963623,596.2257080078125,103.69317626953125,4.143443402259882,-10.382736311321224,84.47278211462427,-4.3793197,-3.23181,12.153955,8.949238,-8.719814,-15.170348,9.229419,-32.38934,74.232605,8.471195,10.367371,11.492373,10.779828,-11.484691,9.8699255,66.87549,-24.465866,4.6853213,3.501009,10.055612,-11.677699,12.085602,5.566258,-6.4475245,7.7178273,-14.131961,-5.7113757,9.5764065,73.641396,-4.611627,0.6314346
802,-5.280999660491943,596.8096923828125,103.73007202148438,3.912737108538057,-10.474393008533392,84.91465434079788,-4.789275,-3.0460382,12.158339,8.880887,-8.046135,-16.312757,9.118117,-33.0721,74.78432,8.698683,10.702979,11.066013,11.536312,-11.73675,9.14142,65.93938,-23.952477,4.5016017,3.2882764,10.55348,-11.506533,11.751873,5.5619407,-6.7770634,7.676013,-14.733876,-5.5569224,9.388778,72.43001,-5.3055167,0.3315402
803,-5.323735237121582,597.3984985351562,103.76152801513672,3.6867293837837534,-10.549582651563718,85.36273310790482,-5.1683736,-2.8651798,12.14635,8.787065,-7.3512897,-17.436663,8.989069,-33.666904,75.32077,8.933546,11.036885,10.659134,12.251111,-11.959461,8.458592,65.0686,-23.535515,4.3410196,3.1157625,11.034663,-11.323174,11.413336,5.561897,-7.1066136,7.6225367,-15.277194,-5.4109397,9.190369,71.0338,-5.983329,0.066526376
804,-5.362428188323975,597.9896850585938,103.78990173339844,3.4695749689794515,-10.602442587368797,85.811300930736,-5.5160313,-2.6960976,12.1116,8.664791,-6.666211,-18.513943,8.848598,-34.161385,75.80437,9.142725,11.320074,10.325621,12.908754,-12.150405,7.839235,64.30387,-23.190367,4.209641,2.9594975,11.493229,-11.143079,11.0730505,5.561148,-7.4354033,7.570802,-15.783889,-5.298165,8.966639,69.5101,-6.622603,-0.2350284
805,-5.395380020141602,598.5862426757812,103.8143310546875,3.261348851315548,-10.629963761494922,86.26587709371081,-5.8370233,-2.5377374,12.048262,8.51121,-5.986997,-19.54687,8.70272,-34.537357,76.23856,9.322652,11.558189,10.072293,13.499638,-12.308741,7.29155,63.657394,-22.93047,4.120501,2.8206587,11.925419,-10.964446,10.725129,5.561507,-7.763681,7.520528,-16.250132,-5.2280183,8.689723,67.8425,-7.2455206,-0.5826219
806,-5.422395706176758,599.1766357421875,103.82972717285156,3.0578363172047967,-10.635984536489804,86.72714819100518,-6.132525,-2.3893397,11.960114,8.332206,-5.3000655,-20.545418,8.556267,-34.799393,76.63398,9.490732,11.774388,9.873884,14.025529,-12.437756,6.812299,63.114674,-22.761944,4.0671506,2.706589,12.3306875,-10.781892,10.369855,5.561279,-8.084681,7.469587,-16.664097,-5.179799,8.373417,66.003685,-7.8509526,-0.93464637
807,-5.452010154724121,599.7540283203125,103.83928680419922,2.8682398983056565,-10.624103885981409,87.18020448806986,-6.396005,-2.2553008,11.854478,8.136521,-4.6224003,-21.494915,8.414201,-34.97336,76.9644,9.641719,11.946919,9.736528,14.49073,-12.541209,6.4001327,62.674366,-22.648722,4.0258055,2.6032503,12.708266,-10.610293,10.018843,5.5612116,-8.39854,7.4241533,-17.037777,-5.1321526,8.065545,64.04237,-8.389488,-1.2882
808,-5.468645095825195,600.3427124023438,103.84220886230469,2.699429356044094,-10.59837252265918,87.61045451550721,-6.6183615,-2.14274,11.738709,7.930697,-3.9687853,-22.381475,8.281266,-35.090702,77.20483,9.767087,12.054595,9.6663,14.902439,-12.626039,6.0492663,62.33224,-22.556377,3.9730601,2.497189,13.07925,-10.450703,9.6857815,5.5579257,-8.720006,7.3748794,-17.380297,-5.068667,7.81352,62.002773,-8.811409,-1.6452427
809,-5.472576141357422,600.9432983398438,103.84072875976562,2.5515621542992224,-10.55669948309896,88.02006540672646,-6.7947335,-2.0513241,11.611585,7.709714,-3.335333,-23.21035,8.16155,-35.162025,77.35403,9.837208,12.081304,9.677436,15.265741,-12.69682,5.773076,62.08197,-22.480642,3.8921862,2.390587,13.436686,-10.302667,9.368661,5.5575433,-9.051846,7.320932,-17.707571,-4.9914904,7.621261,59.890366,-9.08453,-2.0421653
810,-5.479313850402832,601.5250244140625,103.82814025878906,2.4222640405165685,-10.49830968985908,88.41442018661412,-6.930174,-1.9780287,11.469812,7.471559,-2.7160509,-23.984812,8.057717,-35.174946,77.417534,9.859434,12.044657,9.762749,15.576496,-12.755065,5.570927,61.924507,-22.436174,3.8001437,2.289857,13.765971,-10.1719475,9.060837,5.5529575,-9.373377,7.2730217,-18.007332,-4.9082665,7.4641104,57.67541,-9.23858,-2.4689553
811,-5.483107566833496,602.1082763671875,103.80996704101562,2.312857474567913,-10.428039261703795,88.7849432591962,-7.031882,-1.9230422,11.318776,7.226991,-2.1267097,-24.688774,7.9709096,-35.124924,77.37835,9.881882,11.973257,9.894763,15.82872,-12.799934,5.4133387,61.862446,-22.417355,3.7234373,2.1895795,14.081403,-10.057937,8.769047,5.551576,-9.699297,7.2287765,-18.266726,-4.813517,7.354229,55.37977,-9.330623,-2.8622289
812,-5.471479415893555,602.713134765625,103.7920150756836,2.224336506031418,-10.351731433108197,89.12271942887482,-7.111308,-1.8928444,11.163299,6.9928145,-1.580288,-25.294249,7.920725,-35.019333,77.194565,9.936676,11.904911,10.044597,16.00429,-12.822282,5.2872987,61.913578,-22.412989,3.6876483,2.0779274,14.403982,-9.957678,8.501374,5.547553,-10.036036,7.1820846,-18.48838,-4.702964,7.310905,53.03714,-9.414298,-3.160293
813,-5.463852405548096,603.3211669921875,103.76554870605469,2.1630541153808056,-10.269532100740856,89.42266043584921,-7.1449246,-1.8770959,11.008259,6.7443047,-1.0863097,-25.831034,7.867196,-34.82846,76.90895,10.069339,11.821694,10.218129,16.142271,-12.829607,5.116273,62.03605,-22.465355,3.7043624,1.9674941,14.722315,-9.890162,8.257948,5.541896,-10.375024,7.1497808,-18.665476,-4.5892305,7.347254,50.627277,-9.482829,-3.3641436
814,-5.452819347381592,603.9246826171875,103.72541809082031,2.1267366498536697,-10.179369417483528,89.69022937109675,-7.137959,-1.8884542,10.844991,6.4872684,-0.63042104,-26.29356,7.839235,-34.6107,76.507,10.198367,11.723984,10.429347,16.217178,-12.81679,4.9720545,62.267437,-22.536648,3.7563148,1.8458433,15.032084,-9.84863,8.034886,5.5326552,-10.71232,7.125856,-18.800682,-4.474991,7.4520297,48.13636,-9.5086565,-3.5059903
815,-5.437660217285156,604.5330200195312,103.68050384521484,2.103321294285286,-10.083099889171462,89.93360044886315,-7.0998774,-1.9038874,10.683351,6.225081,-0.21426827,-26.681253,7.8131323,-34.295612,76.005775,10.410704,11.612973,10.6489105,16.254484,-12.77785,4.7988853,62.555344,-22.66279,3.837575,1.7355208,15.33748,-9.818053,7.829238,5.5241275,-11.05394,7.1022916,-18.894789,-4.3491635,7.6042104,45.591026,-9.513463,-3.5725298
816,-5.417937755584717,605.1480102539062,103.63326263427734,2.0841292335204735,-9.98220377382819,90.16038038865801,-7.0422845,-1.920072,10.5203085,5.967652,0.1695993,-26.991562,7.79956,-33.98326,75.412766,10.622126,11.503177,10.863601,16.246735,-12.72905,4.6632967,62.905,-22.767696,3.9348516,1.6381707,15.642288,-9.78729,7.6380816,5.5157523,-11.401351,7.07222,-18.938663,-4.2061963,7.780678,43.011448,-9.522953,-3.552586
817,-5.4019856452941895,605.7650756835938,103.57786560058594,2.065795411257965,-9.877217263947182,90.37002841216423,-6.962226,-1.9286921,10.35777,5.7154865,0.5215138,-27.226051,7.7956104,-33.686462,74.71717,10.821077,11.390548,11.078121,16.193716,-12.682011,4.5715117,63.323208,-22.84623,4.0413117,1.5535766,15.941975,-9.757591,7.460651,5.5127835,-11.755704,7.0396996,-18.922138,-4.0497384,8.0011635,40.361614,-9.544084,-3.451239
818,-5.380004405975342,606.386474609375,103.51380920410156,2.053502134178205,-9.767167948787423,90.56000411217713,-6.8700433,-1.9398936,10.196086,5.4783335,0.83557403,-27.366486,7.800539,-33.270226,73.907005,11.124717,11.270824,11.287772,16.08225,-12.605882,4.4853973,63.822308,-22.963215,4.1696706,1.471083,16.240017,-9.730706,7.2983384,5.509253,-12.114594,7.002458,-18.855036,-3.8945796,8.272638,37.640358,-9.560858,-3.282053
819,-5.363907814025879,607.0089111328125,103.44823455810547,2.0491899734781462,-9.651870772952138,90.7359793837512,-6.752559,-1.9504641,10.031714,5.2310805,1.1203188,-27.447042,7.809982,-32.915195,73.03081,11.372526,11.152624,11.49807,15.946418,-12.542966,4.4358497,64.34335,-23.031391,4.3203254,1.4204377,16.532236,-9.714936,7.147658,5.5055933,-12.474831,6.967852,-18.747065,-3.752784,8.547965,34.89023,-9.547374,-3.047249
820,-5.347203254699707,607.6476440429688,103.37577819824219,2.056562399660078,-9.530577061073808,90.9033275030147,-6.6459084,-1.9691485,9.864137,4.998804,1.3756967,-27.43329,7.8301573,-32.464176,72.08395,11.7030525,11.046927,11.677966,15.770531,-12.4586935,4.399103,64.86967,-23.096382,4.509698,1.4044338,16.82552,-9.710577,7.006771,5.5041428,-12.845474,6.9326572,-18.599585,-3.6334338,8.776371,32.14452,-9.476619,-2.7469876
821,-5.330873012542725,608.286376953125,103.2963638305664,2.0782606764166305,-9.402755540016981,91.06286009998223,-6.530848,-1.9949976,9.692613,4.7577953,1.5998045,-27.349264,7.8538027,-32.02015,71.074196,12.028625,10.953061,11.830972,15.5742035,-12.377552,4.378616,65.38479,-23.07753,4.750538,1.4492304,17.109612,-9.721593,6.8736606,5.5063434,-13.219246,6.8986964,-18.414255,-3.5497787,8.969345,29.379942,-9.33105,-2.3736212
822,-5.311903953552246,608.9301147460938,103.2125473022461,2.114431229044615,-9.269828835404851,91.21319809664685,-6.406365,-2.02611,9.518904,4.511848,1.7911985,-27.192854,7.877413,-31.563381,69.995964,12.366163,10.865452,11.964346,15.354271,-12.298893,4.372323,65.90339,-23.003027,5.0337753,1.542453,17.389435,-9.746714,6.748483,5.5103846,-13.597512,6.863964,-18.183674,-3.5026317,9.1441145,26.580847,-9.1308,-1.9347485
823,-5.293422698974609,609.5773315429688,103.1230239868164,2.1557346753010895,-9.132299364520685,91.35979135866184,-6.284566,-2.0580094,9.343434,4.2737803,1.9586585,-26.96457,7.9025044,-31.086603,68.878044,12.720122,10.784475,12.086296,15.110857,-12.216391,4.3857117,66.409485,-22.964304,5.3274384,1.6570885,17.666676,-9.776083,6.627872,5.515593,-13.978114,6.8287606,-17.914696,-3.4792125,9.262929,23.793259,-8.890199,-1.4510554
824,-5.276604175567627,610.2272338867188,103.02749633789062,2.198653910745575,-8.991869468805083,91.50754673871023,-6.167237,-2.0846493,9.167863,4.045565,2.1071417,-26.676952,7.9261036,-30.629446,67.75845,13.055272,10.709892,12.211626,14.8578615,-12.131465,4.4195046,66.87404,-23.041948,5.5970945,1.773084,17.94225,-9.805593,6.5076694,5.5206943,-14.356581,6.793856,-17.614372,-3.467022,9.288493,21.063185,-8.621542,-0.94189435
825,-5.259039878845215,610.8898315429688,102.93240356445312,2.2441105657226266,-8.843548116851778,91.66004176487193,-6.0531764,-2.107872,8.985987,3.8220537,2.2501686,-26.329235,7.9449677,-30.20137,66.632675,13.3619995,10.642159,12.344884,14.594335,-12.043353,4.4650116,67.30273,-23.30894,5.8306713,1.88776,18.215776,-9.833988,6.385708,5.52877,-14.739749,6.7572913,-17.295893,-3.4632597,9.186201,18.400715,-8.321279,-0.40632245
826,-5.246026515960693,611.56689453125,102.82479858398438,2.3034147775833356,-8.69239315672807,91.82220561479092,-5.9502096,-2.143615,8.80049,3.6044943,2.3793533,-25.91626,7.9597826,-29.775764,65.486435,13.666327,10.581429,12.474879,14.314438,-11.944642,4.5228767,67.70806,-23.70917,6.0480494,2.0098333,18.492785,-9.878186,6.2533503,5.540085,-15.129727,6.725696,-16.962856,-3.493246,8.984359,15.802062,-7.997846,0.1616782
827,-5.221059799194336,612.2553100585938,102.70449829101562,2.3892098531921704,-8.55347114402741,92.00461812068323,-5.864623,-2.2055945,8.624288,3.391423,2.4788492,-25.45841,7.968188,-29.377796,64.35936,13.95733,10.525874,12.600556,14.045305,-11.842015,4.5945325,68.05214,-24.124905,6.2609797,2.144473,18.790936,-9.943319,6.095631,5.54933,-15.521791,6.69283,-16.653896,-3.5765467,8.748984,13.405939,-7.748923,0.7570613
828,-5.195859909057617,612.9423828125,102.57133483886719,2.513717585450361,-8.440392847150747,92.21725563941109,-5.80812,-2.3064208,8.468909,3.187399,2.5282254,-24.97108,7.96963,-29.010899,63.286358,14.2406,10.473414,12.71732,13.80501,-11.738761,4.687548,68.30451,-24.43976,6.4824224,2.2934651,19.117764,-10.048493,5.894854,5.556795,-15.910061,6.6691856,-16.462347,-3.7166736,8.560935,11.441273,-7.70583,1.3807951
829,-5.171916484832764,613.6334838867188,102.42080688476562,2.6870884603533103,-8.359520609271469,92.47344835838561,-5.7905703,-2.4564679,8.338286,2.9885967,2.520049,-24.454615,7.9628606,-28.686773,62.264744,14.513383,10.422703,12.824966,13.606008,-11.640447,4.8093305,68.44234,-24.602783,6.744554,2.4845734,19.481838,-10.204478,5.6336827,5.562106,-16.295832,6.6582236,-16.427092,-3.9192853,8.401093,9.966034,-7.9574647,2.1170888
830,-5.142894744873047,614.3258666992188,102.25910186767578,2.8937044123981503,-8.298904653425428,92.75688014968776,-5.7989078,-2.6371546,8.224277,2.7968554,2.4633875,-23.899673,7.9479823,-28.393835,61.278713,14.777233,10.374225,12.926863,13.431823,-11.545224,4.959034,68.490425,-24.680573,7.030699,2.7066393,19.869356,-10.388898,5.333273,5.5671463,-16.679735,6.6513977,-16.607668,-4.1458635,8.277728,9.071274,-8.521168,2.940867
831,-5.114645481109619,615.056396484375,102.09014129638672,3.081763875164465,-8.239054531472032,93.01870072937056,-5.784466,-2.788181,8.124547,2.6128926,2.3633692,-23.318045,7.9278283,-28.140842,60.344944,15.011676,10.328439,13.031654,13.271077,-11.460714,5.1133447,68.4695,-24.734386,7.2765102,2.9129448,20.280066,-10.549968,5.0585585,5.5752826,-17.086588,6.6364093,-16.94701,-4.317734,8.26205,8.667097,-9.22149,3.6903749
832,-5.093255043029785,615.791015625,101.93002319335938,3.214787335743278,-8.163348402037743,93.21917949922673,-5.734127,-2.8788767,8.024854,2.4661531,2.2366996,-22.700956,7.9023423,-27.846571,59.48537,15.270876,10.282825,13.133725,13.066467,-11.360902,5.2989755,68.46198,-24.81775,7.4237237,3.0281124,20.678911,-10.653812,4.8584623,5.5855856,-17.499352,6.6080995,-17.339808,-4.3780622,8.404795,8.609975,-9.869606,4.2106395
833,-5.066416263580322,616.5245361328125,101.7851333618164,3.300336231551229,-8.07226782000024,93.34479310067505,-5.586893,-2.8940814,7.942826,2.3095543,2.0606875,-22.08063,7.8802824,-27.656378,58.68689,15.449395,10.244069,13.251727,12.900567,-11.2943735,5.4305525,68.364586,-24.995148,7.4301143,3.0793517,21.064953,-10.706929,4.7426744,5.595855,-17.916418,6.5629163,-17.73404,-4.3334675,8.745205,8.835246,-10.466756,4.479472
834,-5.021170616149902,617.2431640625,101.68147277832031,3.3564783872476966,-7.965028014394131,93.41435719352104,-5.4333453,-2.8884013,7.8433533,2.2184942,1.8573213,-21.397964,7.846001,-27.333387,57.95687,15.740195,10.199515,13.35027,12.648489,-11.178965,5.652197,68.332275,-25.200096,7.348054,3.020692,21.42381,-10.722594,4.688142,5.606015,-18.316753,6.4978805,-17.91634,-4.2459035,9.171187,8.907761,-10.796381,4.5838284
835,-4.990015506744385,617.9609985351562,101.59490203857422,3.353000362681666,-7.842971382115669,93.44614781833104,-5.241686,-2.8123586,7.7543244,2.1319528,1.6267099,-20.701685,7.812902,-27.064354,57.298515,15.965051,10.161243,13.457086,12.403542,-11.076869,5.848978,68.2466,-25.37493,7.21575,2.9284341,21.768314,-10.667799,4.701815,5.620146,-18.68256,6.3983674,-17.99673,-4.066726,9.668082,8.989867,-10.615119,4.5294776
836,-4.961099147796631,618.681640625,101.52592468261719,3.2758295877704318,-7.689577483466956,93.45471203657884,-5.044803,-2.659461,7.658982,2.062081,1.3886826,-19.985035,7.7825365,-26.809858,56.71825,16.124811,10.130209,13.566028,12.143633,-10.987635,6.0327554,68.13003,-25.437752,7.082818,2.8195727,22.07479,-10.523051,4.782417,5.640796,-18.972729,6.249742,-18.07217,-3.770109,10.202505,9.17018,-9.705641,4.333153
837,-4.9469075202941895,619.4190063476562,101.48240661621094,3.098170399256805,-7.498540418361557,93.4146320987128,-4.8536124,-2.4134014,7.5530868,2.045962,1.1287789,-19.221407,7.748354,-26.462873,56.208443,16.294292,10.113201,13.6631,11.800651,-10.882746,6.282431,68.05979,-25.340298,6.9554005,2.6404073,22.338604,-10.26556,4.9695435,5.672089,-19.167587,6.035489,-18.132061,-3.2951393,10.74879,9.493878,-7.96687,3.892606
838,-4.921289920806885,620.1510620117188,101.47866821289062,2.833221592639684,-7.275711854697285,93.3297710542607,-4.6452746,-2.0782745,7.4438486,2.0591838,0.8407106,-18.425123,7.716551,-26.099474,55.760204,16.42736,10.109981,13.756558,11.42511,-10.786484,6.5535645,67.97497,-25.13568,6.807182,2.4136791,22.56852,-9.913642,5.253225,5.712233,-19.24555,5.7543473,-18.199121,-2.6603367,11.311443,10.014004,-5.672256,3.3199263
839,-4.882569313049316,620.8780517578125,101.49667358398438,2.513677405712376,-7.046329837467433,93.26906695402685,-4.4763317,-1.6909103,7.3315616,2.0888948,0.5791768,-17.605082,7.6898193,-25.765223,55.397972,16.495468,10.099448,13.850386,11.055025,-10.703465,6.7953954,67.84765,-24.869476,6.6484504,2.2037036,22.79259,-9.4881,5.556651,5.762371,-19.181383,5.411568,-18.27234,-1.960757,11.823617,10.609835,-3.186946,2.9050882
840,-4.85746431350708,621.6337280273438,101.49819946289062,2.173958915463303,-6.829894947094411,93.29737785618393,-4.446987,-1.3060309,7.1986485,2.1729732,0.412263,-16.728653,7.6649013,-25.378653,55.142094,16.563025,10.055091,13.932209,10.648796,-10.60051,7.044913,67.752426,-24.566698,6.4939466,2.0364547,23.033163,-9.011885,5.80248,5.819724,-18.950823,5.020489,-18.29174,-1.3143941,12.223076,11.069801,-0.79485655,2.8268633
841,-4.848815441131592,622.4152221679688,101.49675750732422,1.805209205161605,-6.619946342220278,93.43206805408991,-4.523285,-0.9023264,7.059095,2.2582498,0.3653511,-15.833654,7.649325,-25.066051,54.98801,16.532166,9.982465,14.018003,10.28467,-10.503326,7.1749887,67.582924,-24.244734,6.345744,1.9811838,23.289368,-8.472912,5.9726872,5.88297,-18.55801,4.591308,-18.106722,-0.7654616,12.469135,11.166635,1.4067818,3.0418196
842,-4.827306747436523,623.1866455078125,101.52469635009766,1.368584948692908,-6.405077198817638,93.63086986959553,-4.6713552,-0.43753818,6.917616,2.353591,0.40007484,-14.918724,7.638922,-24.797543,54.932503,16.428299,9.888348,14.104307,9.937809,-10.403404,7.2197266,67.36501,-23.889824,6.1964025,1.9936619,23.55619,-7.838348,6.11979,5.9525037,-18.026962,4.117312,-18.062466,-0.18822108,12.627938,11.187113,3.4629135,3.346308
843,-4.793481826782227,623.982421875,101.56591796875,0.9204713620358397,-6.192973914707816,93.88177635511569,-4.8699937,0.03533534,6.7653594,2.4508727,0.4593954,-14.012016,7.628846,-24.60469,55.02277,16.255913,9.76747,14.194306,9.619829,-10.300707,7.214738,67.117195,-23.545618,6.039118,2.0203478,23.833206,-7.1732984,6.2283883,6.0282044,-17.36172,3.6096895,-17.788464,0.320189,12.550461,11.016095,5.0646667,3.569223
844,-4.75589656829834,624.80859375,101.61762237548828,0.4688212486594134,-5.994440779502436,94.16264801440718,-5.088331,0.5112832,6.6018906,2.5423899,0.48678383,-13.13982,7.6144013,-24.51667,55.306606,16.019808,9.611333,14.29442,9.33694,-10.192934,7.1956024,66.863525,-23.257452,5.8649073,2.0049813,24.126467,-6.488781,6.3165493,6.1097484,-16.5742,3.0648232,-17.604902,0.8219599,12.319106,10.955708,6.20613,3.6549087
845,-4.723145961761475,625.6339111328125,101.66072845458984,0.03631920258914237,-5.8129881527930864,94.49503282359275,-5.344561,0.9661333,6.4111996,2.630592,0.4691455,-12.303112,7.594415,-24.5376,55.81402,15.711979,9.396135,14.430048,9.102108,-10.065566,7.154818,66.60949,-23.055357,5.671086,1.9128155,24.441212,-5.806035,6.365925,6.1964507,-15.719149,2.4862897,-17.326246,1.2568724,11.897658,10.92195,6.8210425,3.6228747
846,-4.67786979675293,626.466552734375,101.71002197265625,-0.4012214129469866,-5.64140942931027,94.87879707426038,-5.6398263,1.4257404,6.2004657,2.7149348,0.43780416,-11.49451,7.5709314,-24.662136,56.517673,15.326716,9.133005,14.591944,8.913974,-9.933714,7.0802965,66.338066,-22.903519,5.461583,1.7831464,24.415945,-5.0585546,6.322528,6.9976273,-15.2078085,1.8816993,-17.018787,1.6576115,11.363392,10.90183,7.012227,3.5180547
847,-4.645681858062744,627.310546875,101.7735595703125,-0.8497529101250573,-5.474754241652092,95.27104438546883,-5.9223843,1.8963765,5.9869685,2.7774746,0.4056755,-10.742564,7.539527,-24.902199,57.40054,14.888895,8.869672,14.734828,8.743695,-9.790875,6.9853406,66.0671,-22.770617,5.239648,1.6507215,23.28998,-4.16131,6.052368,9.968591,-15.765559,1.2660757,-16.683893,2.0726235,10.788758,10.886174,6.8752756,3.3461938
848,-4.6168718338012695,628.1552734375,101.84142303466797,-1.3142464502331725,-5.309922733197569,95.62868437054874,-6.1469398,2.3865361,5.7903337,2.8053982,0.38235417,-10.068917,7.4968257,-25.262102,58.438335,14.422216,8.652944,14.813359,8.564963,-9.651364,6.89748,65.80354,-22.610645,5.0093017,1.5581468,22.341745,-3.2679837,5.785219,12.544366,-16.088951,0.6620673,-16.324541,2.5453527,10.229979,10.859127,6.555929,3.1223946
849,-4.580316066741943,628.9977416992188,101.92337036132812,-1.8063699420615524,-5.136449087458247,95.93358106038761,-6.2936244,2.911999,5.6040626,2.792404,0.40490735,-9.479769,7.4399233,-25.752155,59.664513,13.921869,8.47329,14.846469,8.375335,-9.522192,6.8186016,65.54272,-22.39437,4.7616224,1.528329,21.469828,-2.360472,5.530971,14.92865,-16.275206,0.03745958,-15.952345,3.1072502,9.707845,10.836544,6.1416016,2.8494933
850,-4.542365550994873,629.8192138671875,102.0249252319336,-2.313726835311019,-4.961584371448967,96.20773055261516,-6.386515,3.461936,5.420958,2.7466028,0.4556978,-8.962305,7.3696074,-26.365744,61.07778,13.379054,8.313397,14.849221,8.189184,-9.4037695,6.7410707,65.27849,-22.144562,4.4988217,1.5375729,20.596611,-1.440274,5.264921,17.305853,-16.35675,-0.63169104,-15.540944,3.7007065,9.208182,10.899506,5.576836,2.5635319
851,-4.502724647521973,630.6312255859375,102.1214370727539,-2.8132471764298197,-4.807434622836141,96.47026744563418,-6.447748,4.0021186,5.258928,2.6781974,0.4716177,-8.504772,7.2884245,-27.080284,62.6036,12.810641,8.20853,14.772081,8.001613,-9.291288,6.679182,65.02307,-21.89585,4.2420597,1.5543507,19.704082,-0.53217626,4.951787,19.681679,-16.241278,-1.3139957,-15.06997,4.289014,8.719899,10.872415,5.0491757,2.2770865
852,-4.4599761962890625,631.458984375,102.22296905517578,-3.2782589761473586,-4.698756367221505,96.73862696303924,-6.5019646,4.494992,5.137925,2.6006684,0.38729444,-8.092686,7.2007284,-27.866808,64.16706,12.235941,8.193902,14.565867,7.801516,-9.17886,6.652915,64.79394,-21.68209,4.012326,1.5450157,18.837921,0.33040732,4.5730734,22.04533,-15.901926,-1.9720644,-14.52268,4.838286,8.231097,10.816857,4.510901,1.9990294
853,-4.407989025115967,632.2613525390625,102.32455444335938,-3.7093159254594363,-4.642061389185162,97.02187359597012,-6.5683117,4.942,5.059265,2.525885,0.17501125,-7.70756,7.1089997,-28.723383,65.774025,11.646315,8.2841625,14.218801,7.5855455,-9.063171,6.6831183,64.610344,-21.508404,3.7966383,1.4813128,17.986647,1.1478264,4.1104007,24.418432,-15.319692,-2.5913274,-13.8831005,5.3443036,7.736038,10.664405,4.020657,1.7337786
854,-4.352230072021484,633.0670166015625,102.4349594116211,-4.117255262582081,-4.624099932724534,97.30825936369784,-6.6346483,5.3555846,5.0121384,2.449898,-0.12816544,-7.3478546,7.0152683,-29.65419,67.447266,11.0386,8.460995,13.758204,7.3511834,-8.945337,6.764571,64.466034,-21.356085,3.5906243,1.3846426,17.120667,1.9264795,3.576351,26.83704,-14.540663,-3.2031913,-13.107253,5.819342,7.235897,10.334589,3.6002023,1.4747065
855,-4.280467510223389,633.8512573242188,102.54550170898438,-4.49190480543467,-4.638137900555869,97.58697350261599,-6.6840396,5.7178917,4.9992604,2.363625,-0.4869051,-7.0237646,6.9235325,-30.636839,69.13522,10.441182,8.70983,13.192359,7.086983,-8.824507,6.8779297,64.339096,-21.223303,3.427459,1.2964914,16.226763,2.6477442,2.9890592,29.284664,-13.57786,-3.8390477,-12.251763,6.2666693,6.743742,9.881808,3.2482765,1.2166749
856,-4.208219528198242,634.603515625,102.65191650390625,-4.824132295835492,-4.678420161259237,97.84729076603828,-6.701844,6.0114465,5.0244737,2.2597616,-0.86749995,-6.7440896,6.839136,-31.643974,70.78345,9.886193,9.015967,12.52779,6.780464,-8.698801,7.0033693,64.20845,-21.110243,3.3406057,1.2583463,15.294324,3.2952185,2.3653345,31.749125,-12.448471,-4.5299563,-11.368134,6.6715,6.2724805,9.375686,2.942602,0.97115177
857,-4.138856410980225,635.335693359375,102.75218200683594,-5.098012840866017,-4.739326800685396,98.07600856148682,-6.6821404,6.214301,5.076023,2.1445491,-1.2564322,-6.5026245,6.7655787,-32.70356,72.400345,9.355698,9.382229,11.725472,6.42249,-8.563423,7.151719,64.08579,-20.995626,3.3590534,1.2831378,14.292402,3.8458292,1.698932,34.258194,-11.093543,-5.2480574,-10.528626,7.023666,5.840447,8.957251,2.6091561,0.74100816
858,-4.047516345977783,636.0714111328125,102.84752655029297,-5.323081600481848,-4.82675328863959,98.28183941038444,-6.6343646,6.340583,5.157073,2.0205786,-1.6727551,-6.289787,6.704002,-33.81896,74.00236,8.842775,9.815921,10.795755,6.018857,-8.417304,7.3273754,63.978714,-20.889305,3.458515,1.3470135,13.226185,4.305195,0.9754483,36.826874,-9.535004,-6.0053177,-9.723359,7.3506875,5.43554,8.652415,2.2195137,0.50511765
859,-3.961836576461792,636.7689819335938,102.93106079101562,-5.528557694082353,-4.952869900366171,98.48893157569029,-6.5714545,6.4257817,5.2956653,1.8785775,-2.1348708,-6.1093025,6.6555805,-34.915108,75.54495,8.403589,10.30604,9.815098,5.578643,-8.267123,7.50144,63.860332,-20.83917,3.5919938,1.4380609,12.140723,4.702835,0.1956365,39.41618,-7.903768,-6.8807282,-8.922098,7.6545405,5.0365753,8.38976,1.825928,0.2831719
860,-3.8690452575683594,637.4182739257812,102.99762725830078,-5.74157112295447,-5.129959914567967,98.72249671613635,-6.5137,6.507085,5.5225296,1.7147527,-2.6644175,-5.9630885,6.6209435,-35.901577,76.97696,8.10337,10.839357,8.856016,5.109935,-8.121345,7.64988,63.702194,-20.892418,3.7126892,1.5468717,11.080782,5.074421,-0.6411819,41.992104,-6.332727,-7.937537,-8.096246,7.9682374,4.618148,8.134416,1.4481463,0.06295297
861,-3.793198585510254,638.036865234375,103.04826354980469,-5.966234767914724,-5.369636194838688,99.0026642365919,-6.491228,6.581064,5.862667,1.5397904,-3.271412,-5.863158,6.59923,-36.74918,78.28341,8.037731,11.464808,7.8490934,4.597732,-7.9804473,7.776222,63.498074,-21.104635,3.8260374,1.686317,10.046964,5.4343805,-1.5709659,44.591007,-4.848116,-9.256806,-7.248924,8.279776,4.163001,7.952879,1.0324464,-0.1419811
862,-3.7026405334472656,638.6316528320312,103.0827407836914,-6.188945152279899,-5.663778423762787,99.31267073437247,-6.494541,6.632395,6.2972016,1.3614105,-3.9437165,-5.8001213,6.5905757,-37.48457,79.48663,8.165102,12.164345,6.7793536,4.035931,-7.842882,7.899908,63.266228,-21.435078,3.9509385,1.8590785,9.01086,5.758805,-2.5947728,47.23812,-3.3912816,-10.771888,-6.411804,8.600677,3.6854823,7.8868012,0.5621353,-0.35181898
863,-3.6110923290252686,639.1965942382812,103.1047592163086,-6.414990908186945,-5.993871095011766,99.62270319448645,-6.4851527,6.6840096,6.78904,1.1710814,-4.6673384,-5.743926,6.5975404,-38.10308,80.589035,8.33559,12.827871,5.803332,3.4509635,-7.717456,8.021793,63.013527,-21.784214,4.0612683,2.0400364,7.968503,6.039145,-3.654998,49.898865,-1.9742258,-12.311907,-5.555511,8.930497,3.2145543,7.8204865,0.10596223,-0.55797863
864,-3.526317596435547,639.7755126953125,103.11478424072266,-6.650736355326489,-6.340938137498998,99.90304471586772,-6.4272437,6.761286,7.3026834,0.9610035,-5.429588,-5.665948,6.624066,-38.595604,81.58825,8.394246,13.353188,5.0813756,2.8685632,-7.619424,8.143977,62.743843,-22.051224,4.1320558,2.2056623,6.9191365,6.2744474,-4.685008,52.52955,-0.6009619,-13.704049,-4.703333,9.284796,2.7838178,7.8075356,-0.38364574,-0.76423055
865,-3.461782217025757,640.3277587890625,103.109375,-6.9121363520199,-6.71142705900127,100.17436344132717,-6.339812,6.887036,7.8530703,0.7241919,-6.2724385,-5.55796,6.672189,-38.948708,82.456535,8.299004,13.736893,4.6680355,2.2918546,-7.5588665,8.262853,62.43626,-22.209257,4.1711116,2.3748772,5.853258,6.470298,-5.741828,55.174427,0.796311,-14.987519,-3.8285432,9.662172,2.3736866,7.7646165,-0.84472835,-0.95899093
866,-3.4098784923553467,640.85107421875,103.09190368652344,-7.192403820250691,-7.111961695271323,100.44460252695409,-6.237843,7.0498867,8.45272,0.46806958,-7.1876707,-5.4422164,6.7298646,-39.150166,83.21302,8.143738,14.024767,4.477102,1.7123784,-7.5401974,8.377889,62.08561,-22.312529,4.188673,2.5593781,4.7728305,6.6321864,-6.831286,57.846214,2.2020838,-16.214125,-2.9085586,10.056284,1.9736488,7.66094,-1.2626767,-1.1449683
867,-3.365811824798584,641.3681030273438,103.0711441040039,-7.460052763598823,-7.523537401309203,100.6642129544312,-6.0794516,7.2175384,9.060964,0.20743406,-8.09092,-5.3109436,6.826478,-39.26661,83.85367,7.9003496,14.215246,4.4533443,1.1246606,-7.553209,8.536711,61.73918,-22.344662,4.162891,2.7061787,3.6907084,6.779482,-7.7955685,60.44627,3.4963021,-17.214802,-1.9679942,10.443849,1.6330394,7.516704,-1.649654,-1.3220496
868,-3.3129706382751465,641.8788452148438,103.05158233642578,-7.683425730352183,-7.926375366575982,100.782696287337,-5.8237867,7.3685966,9.637687,-0.041779336,-8.900352,-5.1788697,6.9474344,-39.274567,84.43632,7.630621,14.283304,4.5466366,0.5353375,-7.602328,8.739942,61.4213,-22.333288,4.071421,2.7837381,2.615279,6.9509296,-8.467959,62.867184,4.5667987,-17.804949,-1.0644128,10.805465,1.4019294,7.3838415,-2.0167425,-1.4953202
869,-3.262746810913086,642.3964233398438,103.03730010986328,-7.857982023192985,-8.31973248050249,100.77127716748275,-5.43454,7.5136466,10.178178,-0.2852232,-9.611523,-5.050599,7.0952907,-39.18381,84.970345,7.312783,14.184838,4.78345,-0.04722583,-7.6891165,9.001199,61.11849,-22.238882,3.8872473,2.7711499,1.5202252,7.1883564,-8.787761,65.12436,5.4413247,-17.84637,-0.18624133,11.131723,1.3034123,7.251962,-2.3633015,-1.6588959
870,-3.216254234313965,642.879150390625,103.02058410644531,-7.998870406095642,-8.711277229959437,100.66101850750799,-4.9429307,7.6663346,10.699486,-0.52750784,-10.263236,-4.9179673,7.270838,-38.98781,85.43045,6.9409733,13.942108,5.1770973,-0.62913966,-7.8140965,9.313385,60.820557,-22.065825,3.6287055,2.6931293,0.40056017,7.5083675,-8.831419,67.25389,6.1713243,-17.424868,0.6329142,11.427691,1.3098487,7.1608176,-2.6885636,-1.8092024
871,-3.170942783355713,643.36767578125,103.00904846191406,-8.104655164604337,-9.09452420873322,100.4908267330451,-4.4045076,7.8093143,11.19168,-0.75452673,-10.835121,-4.766337,7.473461,-38.69831,85.80334,6.543379,13.637526,5.655826,-1.2265068,-7.967925,9.67727,60.572308,-21.874462,3.3409288,2.570801,-0.7100187,7.921514,-8.645016,69.206154,6.6557865,-16.695013,1.4433937,11.689668,1.3816745,7.0602603,-3.0004945,-1.9526671
872,-3.1208271980285645,643.839111328125,103.00413513183594,-8.172273159427956,-9.463525109446415,100.29886122053298,-3.873164,7.9193435,11.645064,-0.9520315,-11.302079,-4.5869803,7.701835,-38.3299,86.08222,6.1443276,13.353675,6.1494374,-1.8597317,-8.137806,10.091325,60.423183,-21.72973,3.0693953,2.4226403,-1.7711949,8.423869,-8.281965,70.927345,6.7941313,-15.827806,2.24052,11.907205,1.484374,6.9248676,-3.2768304,-2.0881565
873,-3.0646660327911377,644.3178100585938,103.01172637939453,-8.193950750734745,-9.825762702719178,100.07671627175193,-3.33514,7.9890966,12.064758,-1.1239077,-11.662358,-4.384553,7.9570413,-37.886326,86.2718,5.7068095,13.08543,6.686419,-2.5338218,-8.315948,10.5577,60.395412,-21.625788,2.793231,2.221644,-2.7494948,9.049609,-7.6832333,72.40329,6.40937,-14.818891,3.0761106,12.074593,1.6220113,6.7010794,-3.507288,-2.2184637
874,-3.009852170944214,644.7921752929688,103.02350616455078,-8.174450395493592,-10.181918628930864,99.80716684221592,-2.767371,8.02801,12.454903,-1.2749174,-11.926606,-4.1598477,8.239923,-37.360588,86.3746,5.2319016,12.796496,7.2886415,-3.2430956,-8.502208,11.073425,60.46865,-21.543314,2.497383,1.965964,-3.656677,9.78496,-6.86008,73.65985,5.588264,-13.620489,3.8584778,12.195464,1.8130207,6.554825,-3.7648644,-2.3389359
875,-2.951930046081543,645.2581176757812,103.04444122314453,-8.119495223007007,-10.518049523409676,99.51475186423167,-2.209464,8.038521,12.806583,-1.3943987,-12.091873,-3.8996105,8.546542,-36.7513,86.37973,4.7988997,12.524564,7.8765574,-3.9848936,-8.691107,11.628324,60.620514,-21.522831,2.2363913,1.7115903,-4.5318117,10.540359,-5.9708877,74.72354,4.61982,-12.341612,4.6493526,12.27211,2.028332,6.331906,-3.971651,-2.4520082
876,-2.8930752277374268,645.735107421875,103.07215118408203,-8.043405547759013,-10.81775261963357,99.22712884750902,-1.7010679,8.023416,13.109405,-1.4733863,-12.157508,-3.5956492,8.869613,-36.059494,86.28323,4.4851213,12.308759,8.372117,-4.7550883,-8.873965,12.207455,60.83055,-21.607016,2.065094,1.5134104,-5.426188,11.234937,-5.1605797,75.62016,3.8039682,-11.069258,5.4375396,12.318604,2.2410965,6.0464025,-4.149081,-2.5616167
877,-2.84354305267334,646.2120361328125,103.10646057128906,-7.938462632604804,-11.075059000993352,98.94965818191801,-1.237545,7.9695063,13.351913,-1.5202745,-12.106917,-3.2584224,9.203575,-35.25748,86.09512,4.3370266,12.16888,8.763749,-5.556844,-9.049511,12.823025,61.118263,-21.832575,1.9947532,1.3741285,-6.3663754,11.850733,-4.4285717,76.35248,3.2474842,-9.775163,6.172704,12.317658,2.4489555,5.7747703,-4.3300858,-2.6571221
878,-2.7953760623931885,646.6814575195312,103.1443862915039,-7.801331955489052,-11.298786800586647,98.6680111605103,-0.8040753,7.875166,13.543795,-1.5352995,-11.946666,-2.890179,9.546623,-34.34623,85.82039,4.307234,12.082063,9.092309,-6.3931737,-9.216482,13.480741,61.491863,-22.168383,1.996741,1.267435,-7.31564,12.418638,-3.6956913,76.90298,2.7818809,-8.432039,6.758463,12.27663,2.6683805,5.7152233,-4.606485,-2.7427976
879,-2.7440152168273926,647.1497802734375,103.18855285644531,-7.646412991999,-11.49557429664946,98.38014909665065,-0.41949037,7.758862,13.70273,-1.5029148,-11.703833,-2.474941,9.896251,-33.38346,85.45559,4.3245554,12.022253,9.358985,-7.2548394,-9.366302,14.141104,61.910995,-22.565327,2.0660055,1.2043847,-8.239358,12.938104,-2.9824262,77.27058,2.2991521,-7.114579,7.2870693,12.214184,2.8940098,5.7061567,-4.901965,-2.8257363
880,-2.6991193294525146,647.61865234375,103.23223114013672,-7.486350107506603,-11.671886357255907,98.0843133369841,-0.09325539,7.636432,13.843469,-1.4159847,-11.407118,-2.007103,10.248588,-32.446625,85.00899,4.3088393,11.960928,9.5637665,-8.126158,-9.488335,14.743639,62.330883,-22.9863,2.1964407,1.196697,-9.105198,13.402228,-2.3148656,77.44777,1.703359,-5.903959,7.791354,12.138798,3.123572,5.699637,-5.195064,-2.902704
881,-2.6528029441833496,648.0794677734375,103.2791976928711,-7.324590456042551,-11.818053132136948,97.79073114129382,0.17007859,7.5068865,13.952263,-1.2793537,-11.0401745,-1.4881526,10.600805,-31.575027,84.48869,4.2063284,11.880594,9.697892,-9.005261,-9.5747175,15.2457905,62.760967,-23.497906,2.4059577,1.2593386,-9.925535,13.791269,-1.7178491,77.43301,0.95565176,-4.819739,8.255315,12.057328,3.3475988,5.6933107,-5.4776616,-2.9779878
882,-2.615124464035034,648.5391235351562,103.32652282714844,-7.152322015214746,-11.934067037604368,97.49791436794642,0.39146543,7.360761,14.02328,-1.1105387,-10.594725,-0.938758,10.949473,-30.753626,83.90957,4.0542703,11.797062,9.762871,-9.887076,-9.6253195,15.653032,63.213528,-24.115063,2.6874347,1.3835791,-10.710327,14.098347,-1.1688008,77.22297,0.12439467,-3.8322184,8.684459,11.953328,3.568122,5.687906,-5.756282,-3.0439112
883,-2.5745904445648193,648.9887084960938,103.37258911132812,-6.968776335029834,-12.039825279548095,97.18778310573657,0.5968979,7.2018733,14.083541,-0.9182631,-10.107655,-0.38187727,11.289163,-29.973202,83.2964,3.9124303,11.729449,9.775131,-10.752151,-9.646012,15.982235,63.65102,-24.720098,2.9979262,1.54371,-11.432226,14.339218,-0.6314268,76.82909,-0.73711276,-2.9506958,9.093806,11.835021,3.8017871,5.68352,-6.0243263,-3.1070745
884,-2.548182487487793,649.4364013671875,103.42032623291016,-6.773469113565795,-12.154645674748267,96.84167600807231,0.81382644,7.036653,14.160258,-0.7121138,-9.617624,0.15784512,11.612601,-29.227345,82.67676,3.8403552,11.695574,9.7509775,-11.577513,-9.645168,16.252157,64.02746,-25.189644,3.297219,1.7131718,-12.065236,14.533498,-0.06890494,76.26601,-1.5778753,-2.1805632,9.510903,11.692783,4.065115,5.681002,-6.290014,-3.157053
885,-2.514486312866211,649.8670654296875,103.46604919433594,-6.55601218672429,-12.292684230788147,96.44131416965081,1.0587575,6.8608937,14.265633,-0.49091032,-9.1212435,0.67116946,11.915104,-28.510632,82.059204,3.8690736,11.704737,9.662823,-12.36335,-9.628211,16.454868,64.33398,-25.47749,3.6087084,1.9048703,-12.587426,14.674933,0.53982145,75.51893,-2.4028091,-1.5322671,9.939806,11.52893,4.3717165,5.6797853,-6.5404,-3.2042396
886,-2.4910390377044678,650.307373046875,103.51438903808594,-6.319868766058141,-12.439450123531424,96.00137356102651,1.3148614,6.6755066,14.382381,-0.25167018,-8.602715,1.1635975,12.194985,-27.829481,81.44354,3.9637868,11.741051,9.513819,-13.117463,-9.597237,16.585754,64.588165,-25.64974,3.945129,2.125743,-13.021943,14.756539,1.1731155,74.58951,-3.2277846,-0.99957114,10.383433,11.335848,4.707579,5.682105,-6.796864,-3.2407541
887,-2.4656736850738525,650.7327270507812,103.55582427978516,-6.083163251450853,-12.57220392620007,95.55192171369245,1.5599002,6.493739,14.491665,-0.0012690636,-8.075158,1.632532,12.449701,-27.19725,80.84833,4.083579,11.783277,9.366933,-13.827036,-9.557412,16.670673,64.78575,-25.748344,4.251816,2.3378513,-13.397996,14.800271,1.8125001,73.4917,-4.004567,-0.55815154,10.801682,11.138896,5.0524473,5.68266,-7.0387897,-3.2755642
888,-2.4393539428710938,651.1685180664062,103.59183502197266,-5.865665476965026,-12.66879503769117,95.12332818419105,1.7703965,6.3291807,14.57529,0.25396588,-7.5522585,2.074102,12.675802,-26.627075,80.291916,4.1872573,11.810279,9.2855215,-14.479106,-9.515331,16.741764,64.91915,-25.808674,4.4751844,2.5036118,-13.754662,14.828199,2.4345262,72.25553,-4.693475,-0.1835132,11.185479,10.961007,5.3849025,5.684202,-7.2842245,-3.3159044
889,-2.4303054809570312,651.611328125,103.62869262695312,-5.6708542072519235,-12.720986542262198,94.71789993370639,1.9415392,6.184096,14.624923,0.5177893,-7.0313587,2.487166,12.871559,-26.125525,79.77931,4.2698164,11.813759,9.287758,-15.066002,-9.475132,16.794693,64.97855,-25.810251,4.603838,2.6122694,-14.1054325,14.848576,3.0425446,70.87523,-5.2838244,0.13187571,11.52403,10.792573,5.7067976,5.6862583,-7.531685,-3.3492575
890,-2.4262115955352783,652.0648803710938,103.670166015625,-5.488546359579813,-12.741271657569792,94.32153738469077,2.0874436,6.052586,14.650128,0.7894701,-6.504996,2.865847,13.036609,-25.690907,79.311516,4.350053,11.8030205,9.340389,-15.59098,-9.438765,16.816938,64.9627,-25.738611,4.6681743,2.6842964,-14.437017,14.8497715,3.6452432,69.350136,-5.799721,0.37695205,11.832197,10.631106,6.0272183,5.6898746,-7.782803,-3.3820632
891,-2.431281566619873,652.494384765625,103.69794464111328,-5.321693320232082,-12.73948032922278,93.94083183824182,2.2105358,5.9372835,14.658331,1.0581381,-5.985,3.202671,13.170137,-25.3205,78.90124,4.4230146,11.782635,9.431002,-16.057467,-9.410258,16.833506,64.87953,-25.635788,4.676554,2.7284305,-14.736133,14.825391,4.2326427,67.6967,-6.2452254,0.55004483,12.100839,10.475369,6.3381705,5.6920085,-8.01693,-3.4076614
892,-2.446587324142456,652.92138671875,103.71875762939453,-5.172606699098904,-12.725731997805536,93.58239417465893,2.3100734,5.8414397,14.658099,1.3160726,-5.4818716,3.4918613,13.271057,-25.006903,78.55926,4.485263,11.757536,9.546978,-16.473345,-9.394438,16.878555,64.7399,-25.537714,4.637444,2.7530043,-14.999748,14.772469,4.7870445,65.95291,-6.6371775,0.64924943,12.356612,10.329041,6.6289406,5.6935406,-8.252081,-3.4283864
893,-2.468738079071045,653.35791015625,103.74140930175781,-5.0422939242990115,-12.694466474770582,93.24754510908855,2.376779,5.766467,14.645188,1.5660639,-5.0014887,3.741,13.337915,-24.74818,78.283104,4.5460553,11.722291,9.710334,-16.846573,-9.395536,16.980318,64.54961,-25.43634,4.531605,2.7548618,-15.243498,14.708429,5.319262,64.12526,-6.989019,0.6696857,12.599554,10.196017,6.8972445,5.6942053,-8.493403,-3.447529
894,-2.490867853164673,653.8080444335938,103.75814819335938,-4.930785498711208,-12.643151840822066,92.93316493793213,2.4104757,5.711434,14.617311,1.8142552,-4.535715,3.9519894,13.37089,-24.54224,78.0688,4.6071754,11.675736,9.920187,-17.173437,-9.41435,17.126991,64.30214,-25.308352,4.362635,2.7315826,-15.464654,14.631873,5.833465,62.192757,-7.286341,0.6177712,12.828941,10.081876,7.1484566,5.6947017,-8.742531,-3.471067
895,-2.5218896865844727,654.2529296875,103.7689437866211,-4.83596211418296,-12.58721133264216,92.63804809139896,2.4291575,5.676802,14.584958,2.0527887,-4.0764284,4.1050663,13.37222,-24.392038,77.92795,4.6484647,11.629081,10.129592,-17.43779,-9.446871,17.278162,63.98561,-25.177395,4.1727414,2.69244,-15.652337,14.517993,6.2903357,60.182877,-7.5207763,0.5112433,13.050382,9.977753,7.3846207,5.6963077,-8.991916,-3.4906733
896,-2.5674831867218018,654.6891479492188,103.77133178710938,-4.752939851210135,-12.542489833394487,92.36042096725963,2.4400208,5.662512,14.562017,2.2843416,-3.6169589,4.2008524,13.346988,-24.273533,77.851204,4.6630063,11.596039,10.290237,-17.629406,-9.492532,17.41601,63.588627,-25.053568,4.006119,2.6467555,-15.795915,14.345741,6.6491513,58.124115,-7.6863,0.37092987,13.282731,9.874891,7.606571,5.69485,-9.24088,-3.5021737
897,-2.617131471633911,655.1248779296875,103.7723159790039,-4.684171436823263,-12.51808378803653,92.09775836959582,2.4521344,5.6695266,14.555702,2.5062673,-3.1563225,4.2244906,13.295404,-24.208597,77.85356,4.630457,11.576556,10.392083,-17.743402,-9.54973,17.518991,63.098064,-24.95189,3.8730078,2.5894198,-15.892495,14.118238,6.902817,56.02291,-7.7889476,0.22372326,13.53953,9.784484,7.8163953,5.693612,-9.496173,-3.5142415
898,-2.657672882080078,655.5651245117188,103.76539611816406,-4.6272518413596355,-12.504721940072338,91.8504619323869,2.4631445,5.6968207,14.557626,2.7153485,-2.6979177,4.1827693,13.219608,-24.205254,77.93004,4.5582066,11.56652,10.459046,-17.779934,-9.616459,17.590988,62.52031,-24.86964,3.749931,2.5184228,-15.942765,13.85361,7.0716777,53.856384,-7.8280096,0.061337862,13.813881,9.713025,8.013446,5.6905766,-9.756745,-3.535981
899,-2.7072527408599854,656.0035400390625,103.75188446044922,-4.588962864552889,-12.488564508045542,91.62503647488957,2.46823,5.743703,14.554496,2.907636,-2.2425373,4.085856,13.1220255,-24.235937,78.0611,4.4715576,11.570122,10.496627,-17.744528,-9.693834,17.638926,61.881462,-24.80411,3.6271598,2.4481401,-15.972007,13.561365,7.1398783,51.649918,-7.8041983,-0.14600696,14.084739,9.655466,8.195128,5.6878524,-10.019375,-3.5560663
900,-2.762213706970215,656.4480590820312,103.73467254638672,-4.569520472142172,-12.456209807009389,91.42651839612566,2.4614496,5.809193,14.5336275,3.0804734,-1.7885199,3.9475346,13.006182,-24.26782,78.222404,4.399878,11.592736,10.509781,-17.642887,-9.78179,17.67052,61.205902,-24.751892,3.495184,2.3933356,-16.00779,13.250494,7.091329,49.433247,-7.7199864,-0.42785844,14.342048,9.614629,8.358597,5.6851707,-10.286657,-3.5783975
901,-2.8137874603271484,656.9028930664062,103.71540832519531,-4.579595393279934,-12.400513195972902,91.25938317729832,2.437091,5.8997827,14.488715,3.2336962,-1.3245772,3.7744837,12.872811,-24.278078,78.40992,4.362993,11.649658,10.485775,-17.474808,-9.881517,17.695665,60.489326,-24.718115,3.351122,2.360277,-16.065838,12.925755,6.886095,47.21132,-7.576403,-0.80634457,14.577735,9.609912,8.504767,5.683519,-10.557593,-3.6126916
902,-2.868945598602295,657.3466186523438,103.68523406982422,-4.615127197273769,-12.33041473879964,91.11939380976762,2.3945389,6.0139947,14.429962,3.3740306,-0.85641706,3.5661712,12.722318,-24.275097,78.62353,4.3485875,11.735585,10.425678,-17.24402,-9.991703,17.717243,59.723934,-24.697594,3.2003634,2.340074,-16.121876,12.59324,6.5446734,44.957855,-7.368314,-1.2512325,14.79044,9.631391,8.636099,5.6817107,-10.821712,-3.650338
903,-2.934898853302002,657.8056640625,103.65290832519531,-4.660140947809413,-12.255421101224155,90.99998617370638,2.335989,6.1352105,14.367978,3.5085506,-0.40881085,3.331721,12.559194,-24.274899,78.84596,4.3338814,11.82498,10.356096,-16.959675,-10.1085615,17.728518,58.93533,-24.676216,3.04469,2.3244054,-16.157343,12.261945,6.1355205,42.691067,-7.1136503,-1.7192278,15.008802,9.656075,8.7502985,5.679703,-11.098588,-3.6848834
904,-2.996915340423584,658.2637939453125,103.61743927001953,-4.69888965060341,-12.185294390762158,90.89474739546098,2.2636664,6.245561,14.31337,3.6440995,-0.006828173,3.0831652,12.390691,-24.2953,79.05625,4.294371,11.893938,10.303048,-16.630077,-10.22735,17.721136,58.150505,-24.642998,2.8855662,2.3049788,-16.14824,11.935809,5.730522,40.416058,-6.82085,-2.1703105,15.23373,9.6750555,8.847872,5.6790676,-11.379798,-3.7194254
905,-3.0555667877197266,658.7131958007812,103.57916259765625,-4.730276308342972,-12.133914636940109,90.81027255455857,2.1685371,6.3417463,14.280028,3.7830985,0.3470872,2.8217018,12.221804,-24.350613,79.25134,4.1989727,11.938833,10.270284,-16.255949,-10.344167,17.687233,57.36093,-24.605747,2.720826,2.2837942,-16.075974,11.607751,5.3173203,38.118233,-6.480692,-2.6234357,15.478444,9.687163,8.9197645,5.6768813,-11.662611,-3.752392
906,-3.11053466796875,659.1654663085938,103.53882598876953,-4.759633821537721,-12.092348421719409,90.74652673112574,2.0550385,6.43046,14.258972,3.9194057,0.6643306,2.5450253,12.053454,-24.434158,79.43426,4.0636864,11.974451,10.243356,-15.830535,-10.457681,17.626902,56.558376,-24.57127,2.5494056,2.263193,-15.954305,11.281062,4.8684044,35.79657,-6.0935903,-3.0887747,15.738869,9.699757,8.969154,5.6745286,-11.952632,-3.787434
907,-3.1689512729644775,659.6285400390625,103.4967269897461,-4.7862536859312215,-12.035936840883533,90.6887995205861,1.9425873,6.510174,14.2267,4.0491977,0.9396499,2.2569938,11.886632,-24.527946,79.59116,3.9373934,12.004127,10.22157,-15.36264,-10.567816,17.548069,55.773304,-24.525652,2.3734634,2.2364712,-15.81169,10.97026,4.432214,33.470226,-5.6727934,-3.5169625,15.987189,9.706099,9.013574,5.676845,-12.250991,-3.819718
908,-3.2317233085632324,660.0970458984375,103.45536804199219,-4.807138747855246,-11.940145650293077,90.6223617929265,1.848255,6.580576,14.159932,4.1703825,1.1690048,1.9668673,11.722508,-24.609041,79.70462,3.8707957,12.030933,10.204101,-14.859008,-10.67461,17.461693,55.036934,-24.45295,2.1950262,2.1963744,-15.674571,10.687311,4.0583153,31.156006,-5.2307954,-3.86175,16.193031,9.699079,9.07022,5.6776524,-12.544781,-3.8459682
909,-3.2992019653320312,660.5776977539062,103.41832733154297,-4.825597111100547,-11.78597049773612,90.54668056441369,1.7728666,6.642019,14.042518,4.285067,1.3475384,1.6752175,11.562637,-24.66503,79.767784,3.888101,12.063291,10.186868,-14.316939,-10.777004,17.37181,54.34164,-24.34268,2.0098066,2.1369429,-15.575187,10.428353,3.725551,28.859785,-4.7575154,-4.1122737,16.336002,9.681393,9.143367,5.6792793,-12.834957,-3.8662117
910,-3.3300254344940186,661.0250854492188,103.3753662109375,-4.841087402792832,-11.590486064359878,90.46834962100557,1.7041622,6.6943727,13.890967,4.397615,1.4761415,1.3836558,11.407678,-24.700668,79.782684,3.9630527,12.0982,10.170887,-13.739749,-10.873425,17.279476,53.68085,-24.20351,1.8175747,2.0626981,-15.472279,10.186719,3.4273949,26.53625,-4.232723,-4.294899,16.407658,9.681094,9.228361,5.6798687,-13.090748,-3.9036677
911,-3.3973376750946045,661.5200805664062,103.34229278564453,-4.85162009746793,-11.38365069865761,90.38468837316165,1.6396358,6.7369394,13.73088,4.509876,1.567283,1.103118,11.257491,-24.71974,79.74723,4.069942,12.12115,10.164609,-13.144284,-10.963564,17.190628,53.087124,-24.04765,1.6268363,1.982737,-15.349828,9.968134,3.2081788,24.24364,-3.7082398,-4.423865,16.495365,9.648721,9.313469,5.683926,-13.380525,-3.9200635
912,-3.4675652980804443,662.0262451171875,103.30744934082031,-4.853632359858498,-11.195980893011727,90.29282611101361,1.5754048,6.768816,13.588159,4.62446,1.6315547,0.84204155,11.111524,-24.725103,79.6613,4.1837554,12.117748,10.176148,-12.549421,-11.048465,17.113224,52.59426,-23.886854,1.4463518,1.9059438,-15.154461,9.769986,3.1287608,21.972698,-3.2016304,-4.516099,16.614454,9.6036415,9.398701,5.686739,-13.680693,-3.9352052
913,-3.542433261871338,662.5236206054688,103.26689147949219,-4.844784729474079,-11.035402333189806,90.19337240666945,1.5065274,6.7879524,13.472185,4.7431426,1.6591238,0.6063197,10.9691,-24.713545,79.51843,4.2968917,12.075589,10.205589,-11.957308,-11.128644,17.053165,52.203823,-23.706997,1.2710568,1.8342156,-14.855546,9.577495,3.238923,19.68186,-2.684582,-4.5686617,16.759672,9.542031,9.482358,5.692226,-13.982714,-3.9454713
914,-3.620795965194702,663.0154418945312,103.22855377197266,-4.827968043338917,-10.886286319480757,90.08720331018228,1.4348633,6.795023,13.368543,4.8658266,1.6506388,0.38986647,10.83048,-24.683075,79.322205,4.4236608,12.004911,10.249664,-11.361712,-11.204214,17.008564,51.9025,-23.506332,1.098927,1.7627517,-14.485617,9.382487,3.497731,17.38343,-2.1552622,-4.583482,16.915165,9.466788,9.566787,5.6965046,-14.282453,-3.9512067
915,-3.694885492324829,663.5200805664062,103.18984985351562,-4.8058272668415025,-10.743499967601347,89.97062042662562,1.3703896,6.794929,13.268026,4.9893203,1.624486,0.18668652,10.69588,-24.640987,79.084045,4.5702252,11.924936,10.31085,-10.762133,-11.274117,16.972267,51.694633,-23.313295,0.9444527,1.6902947,-14.051507,9.188209,3.8457787,15.093085,-1.64569,-4.5880284,17.08574,9.386552,9.657109,5.701905,-14.590414,-3.960222
916,-3.771550178527832,664.0318603515625,103.14933013916016,-4.780750113372287,-10.603068063531131,89.8389794685144,1.3248518,6.7952595,13.161499,5.109041,1.6012458,-0.010638468,10.565397,-24.597284,78.81599,4.7414184,11.855327,10.391473,-10.156391,-11.336415,16.93421,51.58331,-23.157366,0.8220507,1.6157004,-13.555311,9.000948,4.225349,12.82014,-1.1841403,-4.610709,17.262106,9.298722,9.759119,5.708963,-14.902188,-3.9669006
917,-3.848207712173462,664.5462646484375,103.104248046875,-4.751334316976578,-10.4646394987642,89.68477776142335,1.3098905,6.795154,13.04695,5.2235994,1.590056,-0.20765986,10.439649,-24.56682,78.518486,4.9441643,11.801713,10.500036,-9.537435,-11.389303,16.885777,51.565147,-23.047073,0.7357061,1.5393748,-12.931404,8.811771,4.683235,10.430428,-0.73759645,-4.6640644,17.44155,9.202189,9.879714,5.7151337,-15.212019,-3.9715378
918,-3.937863826751709,665.0762329101562,103.05809020996094,-4.728354970396359,-10.33376222561375,89.50673561741563,1.3251927,6.8036985,12.92969,5.3325024,1.5805776,-0.40036243,10.318591,-24.547174,78.18835,5.1705847,11.754022,10.632192,-8.903539,-11.432766,16.82737,51.636456,-22.970276,0.6786942,1.4633344,-12.192156,8.621853,5.2354293,7.953162,-0.29844874,-4.7462234,17.63817,9.100802,10.021111,5.7200303,-15.529409,-3.9699883
919,-4.024802207946777,665.6055908203125,102.99864196777344,-4.730853630854904,-10.211964190605395,89.3107073545173,1.3609278,6.8407097,12.809508,5.435633,1.5669078,-0.5830601,10.201097,-24.51784,77.83304,5.405124,11.707443,10.771513,-8.265276,-11.468461,16.766356,51.802254,-22.924513,0.649327,1.3878026,-11.511796,8.465026,5.747667,5.746294,0.043890186,-4.8514004,17.842537,9.028779,10.186854,5.724649,-15.842983,-3.976974
920,-4.116420745849609,666.1469116210938,102.9301986694336,-4.764226607711924,-10.096574774414199,89.11037575537918,1.398102,6.911652,12.685395,5.534412,1.5421426,-0.7485292,10.08533,-24.45332,77.459435,5.635223,11.656239,10.902255,-7.6353016,-11.498183,16.71421,52.070152,-22.904762,0.64486367,1.3111986,-11.863983,8.446058,5.7341814,5.6385574,-0.43125355,-4.9387784,18.058552,8.988795,10.365774,5.730871,-16.16307,-3.9910672
921,-4.222630977630615,666.70166015625,102.8529052734375,-4.840062895297252,-9.989064046241337,88.91352986582541,1.4232157,7.0248055,12.5493555,5.634659,1.5047792,-0.8823266,9.9709835,-24.330257,77.06119,5.8615155,11.597397,11.020912,-7.010729,-11.522844,16.682407,52.44873,-22.908203,0.6698223,1.2246003,-12.118508,8.481857,5.6179786,5.562777,-0.66271883,-5.0314393,18.29084,8.988252,10.553126,5.735656,-16.491493,-4.0091667
922,-4.33193826675415,667.2575073242188,102.7658462524414,-4.938858407475458,-9.885977065452995,88.71954651599397,1.4362742,7.1598372,12.403964,5.7388663,1.456507,-0.98840463,9.8585205,-24.155725,76.63324,6.0962086,11.534195,11.136165,-6.3925123,-11.541502,16.672447,52.936264,-22.932499,0.7232993,1.1290907,-12.285148,8.543882,5.404835,5.5102806,-0.55128765,-5.077577,18.527592,9.011307,10.745112,5.7405696,-16.820387,-4.032102
923,-4.433439254760742,667.8125610351562,102.68128204345703,-5.004845972126995,-9.775536886093372,88.53584428225714,1.4346036,7.2604694,12.265189,5.841345,1.3914227,-1.0947716,9.750186,-23.958729,76.18432,6.336349,11.470904,11.250936,-5.8061914,-11.554538,16.676556,53.529266,-22.977772,0.7919762,1.0371175,-12.386213,8.550603,5.0649123,5.481689,0.13298954,-4.9182734,18.757092,8.998462,10.917404,5.748372,-17.152548,-4.051487
924,-4.537738800048828,668.34130859375,102.61839294433594,-4.986071292527045,-9.646623557462604,88.36920481704409,1.4185363,7.2740955,12.14734,5.9339595,1.3072749,-1.235734,9.642221,-23.769361,75.73632,6.581568,11.407912,11.369452,-5.274804,-11.5648,16.683544,54.222183,-23.045464,0.8639078,0.9628786,-12.438583,8.42675,4.6048846,5.4738784,1.4941268,-4.444692,18.952648,8.8792715,11.04547,5.7595553,-17.476183,-4.041208
925,-4.704501152038574,668.8385620117188,102.60226440429688,-4.850094798543785,-9.488127411085465,88.22203033158625,1.3865466,7.173897,12.054363,6.010967,1.1974697,-1.4373614,9.516379,-23.580326,75.30862,6.8464627,11.336154,11.496983,-4.8166647,-11.577424,16.681435,55.02444,-23.173483,0.9336726,0.9166939,-12.428752,8.129069,4.072473,5.498816,3.4317427,-3.6315806,19.098804,8.572151,11.109515,5.7756925,-17.79824,-3.9487066
926,-4.84863805770874,669.3447875976562,102.60301971435547,-4.6295032880123035,-9.30770871502396,88.08851241917714,1.348897,6.993415,11.975583,6.069763,1.067808,-1.681698,9.381819,-23.40124,74.89027,7.1137276,11.25826,11.629811,-4.406253,-11.592717,16.670347,55.924744,-23.348745,1.0114701,0.89094496,-12.356306,7.7156067,3.5668485,5.5579133,5.556386,-2.697904,19.229021,8.178043,11.132226,5.7976484,-18.130976,-3.8490548
927,-4.945652008056641,669.8604736328125,102.5996322631836,-4.37737182818866,-9.12303704998583,87.96120319520496,1.3178393,6.783075,11.90186,6.1135697,0.93086773,-1.9512248,9.242833,-23.248705,74.501686,7.3689294,11.176467,11.766111,-4.0059433,-11.607955,16.664484,56.89264,-23.49703,1.1110194,0.87331223,-12.936792,7.301814,2.9049568,6.8795834,6.899042,-1.8789209,19.362318,7.7789335,11.139801,5.8240047,-18.467934,-3.7749946
928,-5.0343828201293945,670.381103515625,102.59314727783203,-4.129642385946545,-8.952556542507793,87.83792438053321,1.3003325,6.5774865,11.828029,6.145148,0.7967777,-2.2270339,9.108043,-23.146141,74.157715,7.591013,11.094471,11.903603,-3.5791192,-11.616912,16.678957,57.90164,-23.542654,1.2426816,0.8485429,-13.539564,6.9073944,2.3722062,8.2110195,7.876695,-1.293417,19.515965,7.3919992,11.140263,5.8513308,-18.80823,-3.7095852
929,-5.1242523193359375,670.9232177734375,102.5888442993164,-3.8698776850251937,-8.79365039757415,87.74213330687363,1.2796345,6.351689,11.758688,6.160813,0.66653115,-2.5089092,8.985656,-23.100433,73.8511,7.773531,11.017473,12.047031,-3.1136315,-11.613948,16.713455,58.94156,-23.435644,1.4117996,0.8126169,-14.019737,6.504496,1.9841679,9.232585,8.636759,-0.9125348,19.70011,6.9954796,11.102212,5.8831773,-19.17033,-3.6451855
930,-5.220365047454834,671.4529418945312,102.62495422363281,-3.5793493347831014,-8.638510824617954,87.669506068422,1.2533873,6.086954,11.696767,6.1631336,0.53093725,-2.7963338,8.8805685,-23.100218,73.55735,7.9219937,10.947496,12.192725,-2.6349227,-11.598323,16.763067,60.030487,-23.22709,1.6104795,0.77305424,-14.164039,6.061164,1.8010166,9.616255,9.357075,-0.63190967,19.894644,6.567431,11.024258,5.9071794,-19.524216,-3.574179
931,-5.313173770904541,671.9853515625,102.67485046386719,-3.2745932617953426,-8.49506649053724,87.58399471910116,1.2436707,5.808551,11.632045,6.163781,0.39336747,-3.0825813,8.781916,-23.140959,73.29544,8.037516,10.87586,12.332892,-2.1669528,-11.570928,16.836777,61.195187,-22.99274,1.8276819,0.7268861,-14.209603,5.6179976,1.7567915,9.862567,9.7848215,-0.40523174,20.102781,6.123708,10.9422865,5.938374,-19.851154,-3.4967358
932,-5.394405364990234,672.5794677734375,102.72093200683594,-2.97880185871975,-8.371610891990752,87.44800325092689,1.2730272,5.543014,11.566515,6.175938,0.24351215,-3.3316677,8.712139,-23.209194,73.01144,8.123912,10.811482,12.443881,-1.7214718,-11.542786,16.934763,62.42828,-22.811424,2.0539508,0.6832048,-14.2287245,5.2120705,1.8398511,10.168463,9.857535,-0.20724773,20.326061,5.6760135,10.894821,5.97352,-20.106468,-3.4044228
933,-5.488142967224121,673.16650390625,102.764404296875,-2.690824804360332,-8.279187237791115,87.23897868308043,1.3665134,5.2988,11.485139,6.196071,0.09559245,-3.5942512,8.6178875,-23.343185,72.826096,8.142622,10.713513,12.553444,-1.3303,-11.499914,17.111586,63.837788,-22.653936,2.2546241,0.58605033,-14.226405,4.8530602,2.049596,10.590552,9.626939,-0.027652511,20.577065,5.2206516,10.896883,6.012763,-20.254343,-3.296674
934,-5.5954718589782715,673.7168579101562,102.81977844238281,-2.400846435618542,-8.209994103359719,86.97942723641059,1.5057172,5.059925,11.407144,6.2206435,-0.065174475,-3.837061,8.537956,-23.50835,72.64657,8.126459,10.609307,12.6440325,-0.9546102,-11.459703,17.324831,65.33804,-22.509737,2.4497123,0.46909806,-14.190481,4.5218506,2.3467338,11.0593405,9.243555,0.13705221,20.850151,4.7520256,10.921551,6.056721,-20.264023,-3.173536
935,-5.723419189453125,674.2655029296875,102.88079833984375,-2.119461121291752,-8.143534581334666,86.69866936332761,1.6559374,4.830452,11.310506,6.2567425,-0.21832265,-4.0766206,8.45464,-23.703007,72.512146,8.101167,10.512684,12.720443,-0.59658235,-11.413688,17.557297,66.87079,-22.398556,2.6987097,0.38472718,-14.19305,4.2160115,2.6611736,11.785636,8.617463,0.29395172,21.121399,4.2817802,10.949717,6.103436,-20.105553,-3.0318682
936,-5.841748237609863,674.8295288085938,102.947021484375,-1.8547326566533264,-8.059284110033198,86.42750813158663,1.7842894,4.614502,11.186934,6.3072066,-0.35960692,-4.306802,8.371924,-23.892145,72.40316,8.125159,10.450839,12.77063,-0.23211172,-11.361993,17.740421,68.33002,-22.37839,3.0621462,0.40545192,-14.162033,3.9289486,2.973609,12.420316,8.017808,0.4310459,21.3675,3.8220234,10.966134,6.1490765,-19.75825,-2.8697422
937,-5.961251258850098,675.3873901367188,103.01348876953125,-1.6166251076916622,-7.952042358773397,86.16717370821463,1.8945627,4.4222875,11.030646,6.369735,-0.48558202,-4.542893,8.2838745,-24.086184,72.33935,8.218255,10.432937,12.78669,0.13296682,-11.299311,17.864464,69.75313,-22.450686,3.5378828,0.54489374,-14.127849,3.6645334,3.2692738,12.977717,7.45462,0.54552,21.579054,3.3829985,10.98222,6.194904,-19.215918,-2.6881125
938,-6.0929460525512695,675.9569702148438,103.0846939086914,-1.3986914433737414,-7.833055765811579,85.90550397793761,2.0037684,4.249268,10.849564,6.438008,-0.6009901,-4.784794,8.190073,-24.296043,72.32162,8.355109,10.444913,12.774543,0.50080276,-11.225193,17.938917,71.1679,-22.607227,4.0963445,0.7704539,-14.071702,3.414753,3.5738778,13.477857,6.9039044,0.6514386,21.757374,2.959815,11.013202,6.2652855,-18.5019,-2.4881866
939,-6.217220306396484,676.5375366210938,103.16082000732422,-1.1837938285960075,-7.704927704229177,85.65420599739666,2.0946612,4.0764337,10.64965,6.51186,-0.7123739,-5.0101285,8.100069,-24.49697,72.313965,8.513738,10.475755,12.747309,0.8935418,-11.146857,17.946661,72.47195,-22.876879,4.755265,1.0803202,-13.970544,3.163309,3.8863308,13.882932,6.3803387,0.75318396,21.016727,2.7193031,11.2427435,8.139901,-18.538626,-2.2729614
940,-6.344356536865234,677.1129150390625,103.24234008789062,-0.9586385996144466,-7.571832979697828,85.42572744599606,2.158888,3.8847592,10.431792,6.5831413,-0.8213141,-5.2121034,8.010308,-24.683178,72.3144,8.664636,10.507764,12.724754,1.3345788,-11.060572,17.858118,73.57825,-23.294662,5.5291724,1.4676063,-13.793382,2.8784044,4.2117295,14.126711,5.919143,0.8739709,20.434296,2.4354568,11.442786,9.698496,-18.323181,-2.0235155
941,-6.476615905761719,677.7002563476562,103.33103942871094,-0.7160001207088794,-7.435376728157493,85.22889333882338,2.1838565,3.6676111,10.200454,6.6490707,-0.9297463,-5.3810983,7.9263625,-24.843077,72.30829,8.812855,10.544539,12.70356,1.8249983,-10.9634495,17.64203,74.45979,-23.942581,6.507888,1.9742005,-13.536321,2.5453587,4.545152,14.224236,5.495729,1.023351,19.971144,2.1164334,11.62069,11.067573,-17.996891,-1.7330097
942,-6.600953102111816,678.2905883789062,103.41954040527344,-0.44914563269502145,-7.279321002243072,85.04507378288305,2.1882985,3.4209547,9.941011,6.714245,-1.0388464,-5.519491,7.852621,-24.982637,72.29288,8.970281,10.595011,12.6735735,2.355655,-10.856806,17.315346,75.162445,-24.790743,7.6479306,2.6009095,-13.242834,2.171191,4.8878703,14.211067,5.105034,1.1867021,19.230635,1.772662,11.878815,12.634996,-17.638767,-1.3517904
943,-6.72315788269043,678.888916015625,103.51359558105469,-0.20773994248008304,-7.136761750597985,84.88820827794328,2.1638222,3.194856,9.685392,6.7817492,-1.1483591,-5.634595,7.786977,-25.110481,72.26629,9.126554,10.652233,12.641895,2.936761,-10.749346,16.914953,75.68944,-25.708996,8.769115,3.2788744,-12.907876,1.8142164,5.209498,14.147468,4.724041,1.3437532,19.008204,1.4340682,12.039663,13.668934,-17.306414,-1.0348154
944,-6.848243713378906,679.478515625,103.60527038574219,0.02538417171665523,-6.981331711627298,84.72544788490596,2.150772,2.975675,9.40735,6.8554177,-1.2557597,-5.7349744,7.7271914,-25.231575,72.22794,9.274186,10.710085,12.613687,3.5814137,-10.657728,16.484564,76.03685,-26.552998,9.699748,3.9331403,-12.576124,1.4619259,5.5332127,14.041631,4.373917,1.4933171,18.567533,1.1123984,12.276912,14.8672,-17.051958,-0.70585644
945,-6.982314586639404,680.0686645507812,103.707275390625,0.2385711190578777,-6.819871026302927,84.56293768612726,2.136319,2.7759583,9.110112,6.9439583,-1.3559852,-5.817782,7.6715393,-25.339396,72.17821,9.408756,10.770782,12.585401,4.3014627,-10.58966,16.004566,76.16003,-27.368244,10.476623,4.5761085,-12.18262,1.1185519,5.868448,13.806391,4.0866804,1.6313852,18.158396,0.8053502,12.524111,15.975419,-16.857254,-0.40430826
946,-7.125535011291504,680.6549682617188,103.80748748779297,0.43318695913168404,-6.652095457936042,84.40601173406553,2.1102662,2.5967371,8.795221,7.046405,-1.4529129,-5.8759413,7.621181,-25.428053,72.11354,9.536508,10.835998,12.555236,5.0911493,-10.54463,15.475869,76.06387,-28.191513,11.165866,5.23935,-11.80717,0.7860912,6.189381,13.568842,3.8059068,1.7652872,17.753998,0.5201279,12.781445,17.056248,-16.718634,-0.11838894
947,-7.260126113891602,681.2394409179688,103.92326354980469,0.6287038878897238,-6.4871171868834425,84.25258604477807,2.0946333,2.4175131,8.4822645,7.14106,-1.558221,-5.92844,7.572704,-25.516747,72.04064,9.664562,10.89577,12.533433,5.9375997,-10.525467,14.947521,75.81323,-28.871964,11.647495,5.8616066,-11.26843,0.43656495,6.5483646,13.050025,3.6471252,1.8903162,17.404501,0.22025256,13.031272,18.015478,-16.508722,0.15920006
948,-7.400006294250488,681.8282470703125,104.01244354248047,0.7999318491924662,-6.325656882075786,84.1025445582263,2.0955138,2.2654915,8.178557,7.2207108,-1.680779,-5.977904,7.526035,-25.610472,71.955246,9.799488,10.941547,12.530105,6.8173757,-10.54243,14.511698,75.48613,-29.225405,11.805202,6.3766184,-10.937739,0.12810645,6.843358,12.878164,3.3412888,2.018303,16.979073,-0.026004925,13.315626,19.126009,-16.357864,0.40911376
949,-7.541141510009766,682.4121704101562,104.1060791015625,0.9702380819602062,-6.170017563620499,83.9602259011194,2.112199,2.1162653,7.8896422,7.2882724,-1.8204488,-6.0230494,7.479634,-25.706972,71.85474,9.942609,10.966265,12.555658,7.7401247,-10.610643,14.230721,75.08019,-29.122559,11.537822,6.7650566,-10.519795,-0.19440322,7.1569686,12.56403,3.0942485,2.1498234,16.586918,-0.27485493,13.5983925,20.169775,-16.153215,0.6320634
950,-7.68520975112915,682.99951171875,104.2003402709961,1.1319347979100218,-6.017142570595152,83.82443927977994,2.1235452,1.9792643,7.6067324,7.3643413,-1.9697889,-6.046767,7.4370513,-25.782433,71.729095,10.094059,10.976484,12.602876,8.694414,-10.731443,14.092741,74.57978,-28.650097,10.936934,7.062225,-10.067838,-0.51805,7.4730053,12.189917,2.8720691,2.2825248,16.208958,-0.511151,13.885517,21.180752,-15.907901,0.8334711
951,-7.825305461883545,683.5875244140625,104.28781127929688,1.294896233491877,-5.875372890385557,83.68398241268946,2.1276715,1.8460846,7.3422675,7.4473996,-2.1405473,-6.047033,7.3997846,-25.830635,71.57424,10.256796,10.980324,12.654702,9.647194,-10.893507,14.023129,74.00919,-27.981295,10.180073,7.288781,-9.603147,-0.8438547,7.7903237,11.815015,2.6456454,2.4123976,15.84918,-0.7494954,14.177411,22.164902,-15.628515,1.0323322
952,-7.964430809020996,684.1558227539062,104.36966705322266,1.4693164821250013,-5.753306360681127,83.52759379702084,2.1255639,1.7075024,7.107618,7.5331006,-2.3423533,-6.0267105,7.3691435,-25.852127,71.391136,10.430315,10.985833,12.69505,10.566295,-11.076864,13.939693,73.39516,-27.295534,9.442387,7.456974,-9.098193,-1.1865042,8.121383,11.382977,2.4526086,2.5426817,15.5079775,-0.99988467,14.475586,23.146763,-15.33669,1.2456007
953,-8.108358383178711,684.7260131835938,104.4469985961914,1.6595013948425603,-5.65653427315507,83.34528438082044,2.1359224,1.5577129,6.90917,7.6065454,-2.5865798,-5.989907,7.3445797,-25.849865,71.17483,10.622105,10.999462,12.720138,11.465088,-11.271169,13.806505,72.72069,-26.61199,8.702848,7.556335,-8.533758,-1.5541885,8.477151,10.899134,2.2735348,2.6763945,15.19088,-1.2709956,14.788418,24.130587,-15.03976,1.4879407
954,-8.254110336303711,685.28564453125,104.51600646972656,1.860778049076006,-5.5792980910127365,83.14491594228252,2.1619544,1.401418,6.7392235,7.665206,-2.8636975,-5.9423976,7.3250275,-25.835243,70.93314,10.827458,11.016007,12.73788,12.359486,-11.475587,13.645977,71.98152,-25.864157,7.888203,7.5854044,-7.935002,-1.940043,8.846291,10.382587,2.1079204,2.8117988,14.899115,-1.5552616,15.111757,25.098293,-14.723285,1.7476184
955,-8.394291877746582,685.8276977539062,104.57710266113281,2.0628595032117576,-5.5129068308398015,82.94334281724937,2.180279,1.2440913,6.588029,7.72462,-3.158549,-5.890223,7.312221,-25.820877,70.68836,11.026519,11.026043,12.751039,13.215488,-11.682615,13.469638,71.226875,-25.09813,7.093646,7.5594635,-7.3306675,-2.3292544,9.208383,9.851946,1.9579537,2.9429705,14.613798,-1.8340192,15.431948,26.065678,-14.387378,2.0020838
956,-8.528368949890137,686.3794555664062,104.63491821289062,2.257914286414148,-5.448874794569026,82.7573320790436,2.1681607,1.0888574,6.444714,7.7996454,-3.4568636,-5.8391895,7.3099155,-25.82048,70.46117,11.199099,11.021136,12.76195,13.998547,-11.880526,13.286868,70.5087,-24.361692,6.4141645,7.488409,-6.7214694,-2.7161715,9.550971,9.31639,1.8080342,3.0676877,14.310875,-2.089402,15.735883,27.058372,-14.03656,2.2296448
957,-8.655242919921875,686.9164428710938,104.681396484375,2.4445331762060487,-5.383009372859362,82.59534084727348,2.1166592,0.93253696,6.3031483,7.895595,-3.7596622,-5.7849727,7.3220015,-25.840637,70.24752,11.340019,10.997759,12.770914,14.707168,-12.063259,13.101614,69.82664,-23.651608,5.870293,7.3560534,-6.1658297,-3.0917852,9.854839,8.848523,1.639523,3.1860883,13.993931,-2.3186908,16.010633,28.063044,-13.664432,2.4103515
958,-8.781435012817383,687.4480590820312,104.72132873535156,2.627299666889815,-5.320375197203112,82.4473234657938,2.0396965,0.77185416,6.168321,8.003414,-4.073069,-5.7252207,7.3499336,-25.876156,70.03663,11.45716,10.962707,12.776885,15.353547,-12.231025,12.90917,69.165436,-22.94974,5.4096065,7.1566334,-5.6234894,-3.4676392,10.1373625,8.396713,1.4683746,3.3026135,13.670776,-2.5300326,16.265152,29.07761,-13.273929,2.5615788
959,-8.906049728393555,687.9634399414062,104.75493621826172,2.8055906101945003,-5.266755426716494,82.30233700248898,1.9490885,0.6069352,6.049466,8.116664,-4.388312,-5.670092,7.392923,-25.925398,69.83953,11.551093,10.923615,12.780216,15.922177,-12.382401,12.705355,68.5547,-22.282549,5.0183015,6.912346,-5.0862794,-3.839847,10.410323,7.948084,1.3058527,3.4168906,13.337673,-2.7257483,16.516687,30.109573,-12.861959,2.719824
960,-9.025495529174805,688.4547729492188,104.78221130371094,2.978930478795058,-5.227856759701109,82.14954658508546,1.8566127,0.43605348,5.952381,8.229207,-4.6938977,-5.6323767,7.4455233,-25.983229,69.678055,11.625958,10.885707,12.783531,16.389673,-12.506123,12.492295,68.0397,-21.673521,4.682316,6.6393337,-4.5539603,-4.201689,10.683637,7.5114446,1.1494002,3.5264676,12.992464,-2.9088635,16.782272,31.163118,-12.424787,2.9218297
961,-9.147566795349121,688.92822265625,104.79854583740234,3.145554331718085,-5.201259594028812,81.99150136562257,1.7634937,0.26154935,5.879339,8.335637,-4.992117,-5.611415,7.5133305,-26.06164,69.53887,11.668246,10.84773,12.787373,16.768833,-12.615578,12.250744,67.59537,-21.146528,4.405269,6.3293,-4.0788584,-4.5466166,10.946556,7.1894603,0.9457105,3.6354704,12.638819,-3.0795865,17.054783,32.224747,-11.961134,3.1744194
962,-9.265785217285156,689.399169921875,104.81399536132812,3.308664455678579,-5.185192372562737,81.83208409489897,1.6646696,0.07948511,5.8247156,8.440373,-5.2856774,-5.6061773,7.593704,-26.15721,69.428085,11.683662,10.806071,12.7925205,17.057999,-12.703201,11.992122,67.22524,-20.680946,4.1899905,5.96882,-3.5785263,-4.8906693,11.210844,6.833308,0.7601273,3.740682,12.268541,-3.2330463,17.331572,33.316746,-11.485296,3.4614055
963,-9.377891540527344,689.8619995117188,104.82369995117188,3.4688212374610092,-5.187597574437866,81.66310423275567,1.57107,-0.106113695,5.7984934,8.5406475,-5.576017,-5.6170745,7.686792,-26.268122,69.34116,11.682799,10.771828,12.789854,17.264116,-12.771465,11.709931,66.921135,-20.256113,4.0311923,5.6036067,-3.0850484,-5.2238355,11.477458,6.5225587,0.5532767,3.8404377,11.88627,-3.371737,17.629986,34.441444,-10.985544,3.7862747
964,-9.49389934539795,690.2996826171875,104.82345581054688,3.629913474119386,-5.215557054645894,81.47583086309683,1.4895986,-0.2923098,5.806193,8.638367,-5.8607707,-5.648802,7.781266,-26.379393,69.296875,11.686952,10.750208,12.774876,17.383455,-12.817635,11.415921,66.69651,-19.840992,3.9228008,5.2715144,-2.6144967,-5.5509405,11.752442,6.2865777,0.31746683,3.942116,11.4972,-3.4979827,17.96806,35.59947,-10.449408,4.1523137
965,-9.613810539245605,690.7153930664062,104.81897735595703,3.792681240016567,-5.275196323120287,81.27028817258288,1.4214939,-0.47662905,5.8556585,8.728953,-6.135763,-5.6998,7.8816094,-26.495556,69.28791,11.695278,10.744705,12.741966,17.423704,-12.84724,11.079694,66.54282,-19.437248,3.870029,4.9799376,-2.1024177,-5.8848815,12.045577,6.0156264,0.103553474,4.046496,11.101631,-3.6085193,18.340815,36.808388,-9.881498,4.5539613
966,-9.726836204528809,691.11865234375,104.80823516845703,3.953972268428105,-5.361849298037126,81.05007530374914,1.3614382,-0.6606913,5.9397635,8.81534,-6.400853,-5.771869,7.9822845,-26.613968,69.32393,11.705488,10.74729,12.697636,17.378784,-12.857664,10.715716,66.46651,-19.051804,3.8744345,4.7051406,-1.596527,-6.2063656,12.345524,5.805885,-0.13940458,4.1451974,10.700584,-3.7019145,18.742369,38.058567,-9.2855625,4.9941826
967,-9.839359283447266,691.5135498046875,104.79483795166016,4.116209388985764,-5.465931036136249,80.81223496496825,1.3206252,-0.8456692,6.0518274,8.89579,-6.668289,-5.8737345,8.079098,-26.741518,69.408966,11.71495,10.757539,12.646752,17.251133,-12.8520155,10.351694,66.453964,-18.688688,3.9269466,4.4573298,-1.1358654,-6.5146294,12.6519985,5.717857,-0.4427678,4.2411337,10.279432,-3.774358,19.196026,39.351776,-8.668007,5.488339
968,-9.945596694946289,691.8994140625,104.77574920654297,4.2801323882429,-5.5780678154846655,80.55445175599817,1.3096807,-1.0311005,6.1871176,8.968357,-6.9540973,-6.0117025,8.171806,-26.887888,69.53913,11.717339,10.77605,12.59226,17.046154,-12.833232,10.013002,66.48575,-18.353437,4.019155,4.248825,-0.7110988,-6.8107567,12.971029,5.71039,-0.7833859,4.330303,9.827019,-3.8244503,19.72404,40.683502,-8.031564,6.050953
969,-10.049700736999512,692.2649536132812,104.75101470947266,4.449943035126358,-5.6941407216064075,80.27003203210623,1.3377299,-1.2197675,6.343438,9.032219,-7.263918,-6.189976,8.263164,-27.065418,69.716835,11.713915,10.808369,12.531486,16.758282,-12.80223,9.690815,66.57133,-18.047468,4.1671133,4.086793,-0.29345438,-7.109898,13.314262,5.7030506,-1.1156272,4.41645,9.333009,-3.85533,20.338505,42.066536,-7.382281,6.7040987
970,-10.167852401733398,692.6007690429688,104.71930694580078,4.622428051912136,-5.820230508881536,79.96241865682033,1.3993106,-1.4106034,6.5243487,9.086717,-7.590592,-6.4041796,8.35491,-27.273693,69.94019,11.701205,10.853576,12.463502,16.387516,-12.757662,9.374278,66.715416,-17.768517,4.3698006,3.9633904,0.11644679,-7.418007,13.678271,5.6955323,-1.4348221,4.50995,8.809197,-3.8642063,21.02772,43.49756,-6.717781,7.436382
971,-10.277225494384766,692.9281005859375,104.68557739257812,4.790936205720274,-5.962272116988459,79.643435368992,1.4801875,-1.5980396,6.734824,9.133404,-7.922343,-6.6448374,8.445155,-27.495506,70.19733,11.669713,10.902831,12.393866,15.944867,-12.700219,9.090892,66.895226,-17.514784,4.5921736,3.8681843,0.54003066,-7.716059,14.053283,5.6872854,-1.7512702,4.594703,8.272614,-3.833382,21.778221,44.96141,-6.035316,8.210005
972,-10.386855125427246,693.2352294921875,104.64981842041016,4.948501238556441,-6.126280838960555,79.3251761124898,1.5612249,-1.7769153,6.9784575,9.17843,-8.250089,-6.898037,8.531225,-27.704716,70.47494,11.614499,10.946342,12.328643,15.438115,-12.634293,8.878125,67.08961,-17.278854,4.7996864,3.7915564,0.97377706,-8.000522,14.427787,5.6811833,-2.0584373,4.6759825,7.7433887,-3.750693,22.575281,46.43508,-5.3267474,8.987422
973,-10.49660587310791,693.5302734375,104.6121597290039,5.097833573370158,-6.318520445374905,79.00228789591478,1.6469576,-1.9499238,7.262757,9.223386,-8.573691,-7.1619754,8.615118,-27.887032,70.77,11.534796,10.984554,12.269002,14.858196,-12.561866,8.752816,67.314415,-17.051554,4.983078,3.744589,1.4321043,-8.275272,14.808927,5.675119,-2.3624403,4.7534013,7.218001,-3.6121466,23.428596,47.941994,-4.5689845,9.731244
974,-10.597006797790527,693.8113403320312,104.57121276855469,5.240123010915716,-6.535496856491585,78.67112850586106,1.7263502,-2.1054592,7.5823307,9.2816,-8.894262,-7.4433107,8.668912,-28.004856,71.11552,11.47147,11.007004,12.214836,14.203274,-12.512551,8.718729,67.56176,-16.822304,5.166403,3.739002,1.9086542,-8.535094,15.199086,5.6730323,-2.6632087,4.8211613,6.692313,-3.4198265,24.341835,49.48577,-3.772509,10.473349
975,-10.691606521606445,694.0809936523438,104.53128814697266,5.3703441918503545,-6.767606473964005,78.34555527533605,1.8073162,-2.2681623,7.926217,9.332877,-9.212825,-7.72159,8.76237,-28.182243,71.43541,11.336942,11.045675,12.158858,13.47754,-12.416651,8.739512,67.840904,-16.620811,5.34469,3.7224092,2.3952584,-8.777827,15.584131,5.6691933,-2.9560504,4.881262,6.189828,-3.1803415,25.289267,51.011055,-2.9819667,11.277127
976,-10.800325393676758,694.3241577148438,104.49198150634766,5.479246251927333,-7.006060520981386,78.0401053726157,1.8502696,-2.4092972,8.283573,9.397211,-9.52658,-7.9897695,8.850196,-28.344395,71.7547,11.203625,11.076988,12.100106,12.712645,-12.3223,8.80233,68.075294,-16.459455,5.535311,3.6938186,2.866349,-9.003171,15.948211,5.667435,-3.2303855,4.946075,5.7302294,-2.899674,26.247103,52.463768,-2.2423291,12.205188
977,-10.925365447998047,694.5214233398438,104.452880859375,5.569092930704509,-7.252967783394646,77.75591038836306,1.8554387,-2.534758,8.658026,9.469517,-9.83861,-8.254268,8.94131,-28.520796,72.072624,11.042295,11.1045065,12.040962,11.896402,-12.215981,8.909332,68.27578,-16.360308,5.746873,3.6511867,3.3142257,-9.212187,16.290777,5.6649103,-3.4736462,5.018268,5.324853,-2.5732691,27.232847,53.83915,-1.567435,13.284639
978,-11.026182174682617,694.763671875,104.41951751708984,5.642486043243096,-7.5124804872837,77.48627533740601,1.8352336,-2.6455262,9.053873,9.54612,-10.148923,-8.52117,9.031937,-28.705404,72.397575,10.856847,11.127737,11.981453,11.029217,-12.0993395,9.060037,68.452774,-16.312405,5.973023,3.6068063,3.7999227,-9.39437,16.623566,5.6681576,-3.7428448,5.069668,4.9605746,-2.200472,28.252462,55.17461,-0.94200385,14.478277
979,-11.121711730957031,694.9887084960938,104.3869857788086,5.69568125372965,-7.776991342141603,77.23390810297958,1.7940294,-2.7389867,9.455075,9.627454,-10.444616,-8.781628,9.121433,-28.902252,72.7254,10.657545,11.146605,11.919755,10.135412,-11.973007,9.249254,68.59507,-16.266636,6.1942754,3.5436053,4.2791877,-9.5490055,16.93914,5.6711755,-3.9976592,5.113307,4.626899,-1.7953327,29.261988,56.45475,-0.352063,15.748842
980,-11.205741882324219,695.2101440429688,104.36078643798828,5.724376644136513,-8.039050502619423,77.00131108520297,1.7371727,-2.8119538,9.846386,9.71304,-10.714277,-9.0289545,9.208012,-29.116743,73.05323,10.455608,11.160845,11.854057,9.2409315,-11.840543,9.469427,68.68726,-16.175083,6.391668,3.4456773,4.7586155,-9.670581,17.234846,5.6610017,-4.2373123,5.143876,4.304738,-1.3751456,30.220385,57.67658,0.21269806,17.056808
981,-11.308404922485352,695.4039916992188,104.33729553222656,5.722915119494496,-8.30840032608193,76.7856201691227,1.6678305,-2.8573124,10.239945,9.800805,-10.96327,-9.265889,9.289943,-29.35448,73.38327,10.243816,11.165756,11.782381,8.341791,-11.703463,9.731424,68.7258,-16.029287,6.5736885,3.30554,5.2148705,-9.761287,17.513544,5.673076,-4.469248,5.178718,4.0164123,-0.9002593,31.205513,58.84116,0.84823656,18.537117
982,-11.408601760864258,695.6057739257812,104.31946563720703,5.694315150818802,-8.586757323925857,76.58756596410508,1.582516,-2.878723,10.639007,9.89108,-11.19512,-9.497038,9.366725,-29.612837,73.719086,10.018646,11.162481,11.706489,7.4289694,-11.5612545,10.035416,68.71607,-15.851365,6.7463784,3.1335282,5.6886406,-9.821397,17.779137,5.6768136,-4.6979113,5.20445,3.751754,-0.39350462,32.156574,59.9555,1.5177124,19.999998
983,-11.487765312194824,695.8064575195312,104.30577850341797,5.632810896340521,-8.858080594141596,76.4179775141488,1.4763826,-2.8868864,11.013076,9.986975,-11.394329,-9.713007,9.437887,-29.882729,74.055466,9.796913,11.158408,11.630059,6.528022,-11.412279,10.35511,68.65041,-15.640555,6.8868413,2.9410212,6.149296,-9.828225,18.017826,5.6912823,-4.9223895,5.2095623,3.3638813,-0.0826335,32.48145,61.00043,2.0822408,19.999998
984,-11.568626403808594,696.0153198242188,104.29867553710938,5.570246176995371,-9.084545748331747,76.27547379350234,1.3487067,-2.8924978,11.330849,10.088539,-11.547005,-9.90892,9.502734,-30.156889,74.38898,9.59588,11.161504,11.5561,5.665475,-11.254319,10.657169,68.51776,-15.400445,6.972464,2.7400498,6.5604653,-9.839438,18.222336,5.699399,-5.135906,5.219469,2.9029927,0.11647293,32.635258,61.966145,2.3418736,19.999998
985,-11.65362548828125,696.2161254882812,104.29623413085938,5.512167199230938,-9.254125320162418,76.16128740616668,1.1961627,-2.9012756,11.5796385,10.198145,-11.650662,-10.084778,9.560842,-30.443003,74.72836,9.423018,11.172264,11.48619,4.845558,-11.086313,10.931371,68.30761,-15.145239,6.9992814,2.5206923,6.9019475,-9.861796,18.386866,5.692191,-5.3222637,5.238793,2.35822,0.1911404,32.617935,62.855694,2.2033534,19.999998
986,-11.732512474060059,696.4236450195312,104.30096435546875,5.450681644587471,-9.380674844398015,76.0727817364945,1.0244663,-2.9067936,11.776116,10.310912,-11.712362,-10.24606,9.611473,-30.746208,75.0747,9.267413,11.186968,11.418435,4.0602417,-10.908265,11.185928,68.023384,-14.874541,6.978415,2.2813363,7.1935034,-9.878591,18.51778,5.684451,-5.4992576,5.257399,1.7478149,0.17382556,32.471504,63.673897,1.7749562,19.999998
987,-11.817710876464844,696.617919921875,104.30944061279297,5.384588920771549,-9.474290725540628,76.00781094259303,0.84671825,-2.9047916,11.932584,10.416591,-11.736231,-10.398378,9.653442,-31.054943,75.4147,9.12029,11.206537,11.350843,3.3142092,-10.721737,11.415072,67.67716,-14.571593,6.91057,2.0461237,7.4390855,-9.893936,18.62105,5.6664157,-5.6529484,5.282606,1.0784631,0.06572928,32.21321,64.39892,1.1875856,19.999998
988,-11.906386375427246,696.8060302734375,104.32058715820312,5.312077368640314,-9.54479825948308,75.96457542584345,0.67609507,-2.890587,12.061301,10.505021,-11.727842,-10.54627,9.68531,-31.355406,75.73531,8.975027,11.232277,11.282134,2.6118827,-10.53041,11.611157,67.28066,-14.221621,6.7964115,1.8399278,7.646558,-9.901807,18.70243,5.6562247,-5.7985682,5.311067,0.35751876,-0.13055158,31.856775,65.00898,0.57300055,19.999998
989,-11.989620208740234,696.9888916015625,104.33616638183594,5.231745042506635,-9.58809984387547,75.94037608309772,0.51171416,-2.8604748,12.158476,10.579892,-11.682182,-10.686538,9.705529,-31.644978,76.03721,8.837348,11.26672,11.217254,1.95996,-10.336069,11.763793,66.82411,-13.803566,6.6188855,1.6759919,7.8213882,-9.897448,18.766243,5.637829,-5.927771,5.3368783,-0.43681708,-0.44578886,31.355446,65.50176,-0.09793925,19.999998
990,-12.073824882507324,697.1747436523438,104.35248565673828,5.14572556010084,-9.602620659993967,75.93848824205719,0.34785897,-2.8169057,12.221941,10.643072,-11.597667,-10.819793,9.713571,-31.930435,76.328606,8.710194,11.307834,11.155867,1.3554947,-10.140088,11.876932,66.30287,-13.332797,6.383871,1.5405837,7.9551926,-9.88549,18.806448,5.6320486,-6.0559955,5.3649096,-1.2905388,-0.8769693,30.712503,65.87805,-0.88004154,19.999998
991,-12.15258502960205,697.3624267578125,104.37289428710938,5.053594709236536,-9.604046562782262,75.96518810931272,0.18888798,-2.7639647,12.268046,10.683608,-11.488813,-10.95308,9.709902,-32.20834,76.60472,8.582209,11.349991,11.086329,0.79258597,-9.943449,11.969594,65.733986,-12.8448925,6.1271524,1.4177278,8.075722,-9.865129,18.818848,5.618501,-6.1729198,5.390665,-2.1499789,-1.3619279,30.018703,66.13998,-1.687904,19.999998
992,-12.217495918273926,697.5431518554688,104.39334106445312,4.944031962619259,-9.610831745096895,76.02841700562368,0.037531983,-2.7057061,12.311383,10.692803,-11.366952,-11.089835,9.695938,-32.470596,76.856735,8.443719,11.387685,10.997642,0.26269394,-9.746598,12.065435,65.13637,-12.373109,5.8843555,1.2906588,8.1931,-9.812635,18.797918,5.6166873,-6.2853317,5.405057,-3.024345,-1.9373348,29.064638,66.281395,-2.4163232,19.110828
993,-12.280868530273438,697.7199096679688,104.41593170166016,4.820422771646338,-9.617793146208433,76.13049252473036,-0.10990946,-2.6402678,12.3493595,10.670895,-11.229845,-11.225877,9.673986,-32.709187,77.08212,8.264826,11.416632,10.87618,-0.22923794,-9.552009,12.176798,64.50434,-11.842128,5.644656,1.1624368,8.305232,-9.742312,18.740057,5.6161747,-6.3888674,5.4171886,-3.8678207,-2.5070736,28.082369,66.306526,-3.0326674,17.94
994,-12.34575080871582,697.9009399414062,104.44194030761719,4.686362607982078,-9.618692538763476,76.26717017335568,-0.25731263,-2.5669034,12.376903,10.6254835,-11.073276,-11.355616,9.645413,-32.923668,77.27897,8.061869,11.442009,10.731547,-0.6847106,-9.360628,12.298987,63.833927,-11.257011,5.3956976,1.0395167,8.407788,-9.660683,18.649,5.61985,-6.489733,5.429707,-4.688125,-3.0880725,27.059565,66.21714,-3.6071188,16.604675
995,-12.414202690124512,698.062255859375,104.46701049804688,4.550325193984012,-9.620037038439706,76.43067520852225,-0.40097994,-2.49292,12.403952,10.559147,-10.905693,-11.48333,9.610009,-33.119537,77.44481,7.8944235,11.472068,10.586753,-1.1223956,-9.170013,12.426619,63.148293,-10.77408,5.1701336,0.9083245,8.496884,-9.5762205,18.531527,5.6230745,-6.5744433,5.4464583,-5.4497213,-3.6845253,26.025312,66.003624,-4.211495,15.220526
996,-12.462903022766113,698.2400512695312,104.48930358886719,4.420379483196294,-9.628550512109026,76.61364283708308,-0.5361512,-2.4267185,12.438979,10.473851,-10.736344,-11.616353,9.566824,-33.303883,77.58259,7.82163,11.513998,10.465218,-1.5617211,-8.977241,12.551597,62.473263,-10.552139,5.0008216,0.753077,8.604802,-9.490582,18.397547,5.627781,-6.6677723,5.453649,-6.118229,-4.2939544,25.010649,65.65703,-4.9112854,13.905592
997,-12.503975868225098,698.4064331054688,104.50587463378906,4.294291837740605,-9.649428528274905,76.82752288465679,-0.67463166,-2.366676,12.487469,10.370691,-10.562555,-11.7573,9.512602,-33.47587,77.69303,7.885266,11.578548,10.373339,-2.0092576,-8.775285,12.655884,61.795067,-10.745589,4.9294,0.57105297,8.719953,-9.40493,18.236185,5.6309104,-6.7511387,5.4603667,-6.6798377,-4.91966,23.995264,65.1621,-5.737758,12.662266
998,-12.583986282348633,698.5465698242188,104.52265930175781,4.166941967559802,-9.678508310393678,77.07206842849943,-0.81150955,-2.3109798,12.542434,10.246169,-10.380235,-11.907778,9.446359,-33.63632,77.784294,8.044793,11.6571665,10.299119,-2.4527414,-8.56337,12.739729,61.10875,-11.240129,4.928317,0.3684131,8.820463,-9.338267,18.045492,5.6348634,-6.8178782,5.494466,-7.1517205,-5.5523357,22.972927,64.53021,-6.649598,11.446866
999,-12.64200496673584,698.7012329101562,104.53527069091797,4.045884620540365,-9.707519035240958,77.32092642074178,-0.9189225,-2.2633646,12.596359,10.096211,-10.194552,-12.06455,9.371246,-33.793236,77.85948,8.234555,11.728906,10.237997,-2.8807366,-8.349024,12.829018,60.447807,-11.782984,4.9268856,0.14328524,8.931921,-9.267638,17.850977,5.6404076,-6.892854,5.5159073,-7.543462,-6.171553,21.99218,63.779156,-7.5885277,10.304313
1000,-12.677939414978027,698.8645629882812,104.54429626464844,3.9410217976783377,-9.726861413643652,77.54773290319868,-0.97121954,-2.2271137,12.641445,9.918866,-10.011031,-12.22212,9.293576,-33.953175,77.91517,8.387675,11.774224,10.185201,-3.284033,-8.145229,12.958066,59.845314,-12.115448,4.8535857,-0.10661784,9.042513,-9.202359,17.673975,5.6452694,-6.9740586,5.5246058,-7.8731184,-6.7615705,21.101921,62.931213,-8.495333,9.27473
1001,-12.71505069732666,699.0181884765625,104.54522705078125,3.8532207844256074,-9.73279728321184,77.74444268416275,-0.960041,-2.201695,12.676267,9.712706,-9.831668,-12.375198,9.219112,-34.11916,77.9354,8.477617,11.786964,10.137322,-3.6563652,-7.962066,13.149356,59.299282,-12.112041,4.6781015,-0.3958006,9.134613,-9.155165,17.519722,5.6471114,-7.0507946,5.5352116,-8.147733,-7.3287773,20.300789,61.972374,-9.3765,8.348268
1002,-12.74915885925293,699.1668090820312,104.54499816894531,3.7797665726409932,-9.729847766044252,77.92472306600548,-0.90300333,-2.1838434,12.70627,9.482402,-9.654827,-12.519164,9.149861,-34.283375,77.910225,8.541449,11.781097,10.096142,-4.003239,-7.800464,13.3959,58.788868,-11.916599,4.4425993,-0.7163267,9.215809,-9.121148,17.376902,5.647556,-7.1257286,5.545303,-8.365167,-7.8774137,19.565779,60.903004,-10.252463,7.5066533
1003,-12.769746780395508,699.32080078125,104.5472640991211,3.7156776510038165,-9.72299059850352,78.09554650066488,-0.81365705,-2.1725504,12.733922,9.235721,-9.480532,-12.651278,9.085836,-34.435635,77.84457,8.609095,11.768569,10.064672,-4.337034,-7.658134,13.68387,58.32182,-11.67748,4.182821,-1.0366215,9.297229,-9.089348,17.240816,5.648855,-7.2042346,5.547942,-8.527012,-8.391336,18.90643,59.751453,-11.073657,6.768255
1004,-12.789377212524414,699.4713134765625,104.54315185546875,3.656826940194554,-9.717065003055538,78.26374404513281,-0.70479304,-2.1675415,12.761015,8.979831,-9.310341,-12.768739,9.025822,-34.566273,77.747185,8.7109995,11.759902,10.046267,-4.6680717,-7.530499,13.997131,57.906185,-11.544135,3.93622,-1.3269516,9.377608,-9.062245,17.105356,5.651265,-7.2819357,5.5518937,-8.629239,-8.861856,18.329401,58.53032,-11.780639,6.1482444
1005,-12.808093070983887,699.6193237304688,104.53482818603516,3.6037417533539116,-9.713472651032287,78.42611340319696,-0.56966573,-2.1712198,12.787957,8.716042,-9.140092,-12.875511,8.968184,-34.67473,77.618744,8.8684,11.761211,10.042011,-4.9961805,-7.415945,14.340058,57.545223,-11.526648,3.6907032,-1.6048875,9.439837,-9.034272,16.971514,5.695928,-7.380847,5.556769,-8.673465,-9.296673,17.830383,57.232,-12.331278,5.6623898
1006,-12.827047348022461,699.7594604492188,104.52297973632812,3.5603903024389103,-9.708478747856539,78.58008968727732,-0.40443742,-2.183575,12.812213,8.44083,-8.971689,-12.972312,8.91285,-34.764256,77.458916,9.062242,11.765017,10.050584,-5.317225,-7.31438,14.716001,57.23726,-11.557869,3.4336572,-1.8784868,9.340056,-8.966478,16.82583,6.0635767,-7.6363263,5.5616946,-8.666734,-9.704851,17.40386,55.851166,-12.758874,5.288649
1007,-12.835426330566406,699.8992919921875,104.50830078125,3.5203223058799407,-9.700745490581948,78.73472318107723,-0.2210926,-2.200578,12.834813,8.148706,-8.80856,-13.053975,8.863936,-34.835224,77.26528,9.263407,11.765053,10.06899,-5.6290975,-7.227771,15.093165,56.966625,-11.678234,3.20526,-2.1000469,9.216405,-8.889902,16.675386,6.4761786,-7.9131374,5.560775,-8.613557,-10.07472,17.055765,54.40963,-13.122215,4.98288
1008,-12.821006774902344,700.072998046875,104.49604034423828,3.482885110804611,-9.687723355217246,78.89795515539159,-0.047004282,-2.2250626,12.846152,7.8514028,-8.64928,-13.11728,8.815577,-34.881493,77.068275,9.435577,11.745789,10.103665,-5.9630775,-7.1381564,15.478219,56.773266,-11.912727,3.038382,-2.2396798,9.145106,-8.818764,16.521135,6.814031,-8.170106,5.545958,-8.523272,-10.395889,16.796484,52.936974,-13.484591,4.7012987
1009,-12.812450408935547,700.2252807617188,104.48112487792969,3.4469925013960014,-9.673317241707903,79.07362370105515,0.12667169,-2.2569358,12.854544,7.5318155,-8.496905,-13.16041,8.77506,-34.9011,76.84225,9.575339,11.706156,10.15037,-6.303445,-7.0503473,15.824119,56.627228,-12.33196,2.955143,-2.2505467,9.036298,-8.744538,16.35007,7.1948586,-8.433222,5.5365095,-8.383902,-10.665355,16.64601,51.41932,-13.8602085,4.427913
1010,-12.802717208862305,700.3743896484375,104.46385192871094,3.415819859886753,-9.656579317062175,79.2564869076839,0.30707204,-2.2978396,12.858886,7.193186,-8.349794,-13.18548,8.742679,-34.899586,76.58659,9.696316,11.653016,10.209224,-6.648443,-6.9621773,16.14672,56.534027,-12.902045,2.930116,-2.1648984,8.917747,-8.674231,16.169493,7.584846,-8.697727,5.5281177,-8.2009,-10.896896,16.596563,49.850636,-14.215348,4.1774716
1011,-12.798382759094238,700.5148315429688,104.44624328613281,3.385904590267183,-9.629209169122765,79.44255531898506,0.496975,-2.3414292,12.854373,6.842156,-8.211609,-13.1957,8.717979,-34.89125,76.31569,9.8075285,11.598639,10.27583,-6.9833016,-6.8788905,16.454205,56.48259,-13.537207,2.9368834,-2.0353072,8.78313,-8.60844,15.982553,7.96918,-8.952335,5.5238066,-7.9987164,-11.104746,16.612095,48.25394,-14.532826,3.952599
1012,-12.79025936126709,700.6729125976562,104.42748260498047,3.3531210817014605,-9.583107832945247,79.62818286085681,0.6994806,-2.3814628,12.835809,6.485136,-8.08519,-13.19564,8.697899,-34.890537,76.0485,9.918021,11.554227,10.346767,-7.292843,-6.806013,16.755428,56.46241,-14.150957,2.950373,-1.9150038,8.630312,-8.536628,15.792733,8.367127,-9.220704,5.5154395,-7.7958546,-11.300801,16.653164,46.644802,-14.792992,3.7590384
1013,-12.777580261230469,700.826904296875,104.41434478759766,3.3133742370022308,-9.510100245761507,79.80757313288329,0.88715893,-2.4260535,12.778729,6.156938,-7.9588346,-13.174038,8.673339,-34.86854,75.819695,10.02725,11.505975,10.442,-7.6433153,-6.711121,17.143944,56.58207,-14.711236,2.961106,-1.8434682,8.462269,-8.456757,15.606253,8.727239,-9.46329,5.501725,-7.610916,-11.474715,16.740875,45.032738,-14.989546,3.590775
1014,-12.756975173950195,700.98388671875,104.40332794189453,3.2716782696256077,-9.416167808105241,79.98402122731665,1.0914205,-2.468226,12.703652,5.8180976,-7.8455477,-13.140948,8.65086,-34.84349,75.59181,10.139193,11.460041,10.547658,-7.9768357,-6.6220365,17.526506,56.746952,-15.293771,2.9899223,-1.7626624,8.27746,-8.370322,15.419223,9.076555,-9.698618,5.4818377,-7.4295764,-11.629242,16.886175,43.406002,-15.132792,3.443389
1015,-12.734931945800781,701.1393432617188,104.39041900634766,3.2318972964243984,-9.315159368529432,80.16827794265141,1.2893552,-2.5130117,12.621269,5.483515,-7.7356095,-13.101385,8.6283865,-34.817833,75.37982,10.2441025,11.41996,10.65322,-8.2985325,-6.5366178,17.90827,56.95064,-15.85058,3.0257668,-1.6802717,8.075966,-8.283645,15.220962,9.439678,-9.937578,5.4617386,-7.230215,-11.786758,17.037428,41.762985,-15.234219,3.3293118
1016,-12.697185516357422,701.2908325195312,104.37821960449219,3.200294395904623,-9.220561938055626,80.37074275319232,1.4625878,-2.5636365,12.545187,5.1634603,-7.623661,-13.05911,8.603808,-34.792065,75.19425,10.338403,11.390486,10.745965,-8.603829,-6.452626,18.2768,57.175705,-16.344648,3.0583062,-1.5990905,7.894781,-8.202662,15.005239,9.7706995,-10.155484,5.435181,-6.9952364,-11.969431,17.144218,40.11293,-15.312491,3.2631385
1017,-12.66140079498291,701.4397583007812,104.36109161376953,3.180646293360245,-9.13516975329547,80.60212003509835,1.6048771,-2.6237662,12.479099,4.8557463,-7.5091743,-13.021873,8.575247,-34.769085,75.03763,10.437408,11.378366,10.82731,-8.889266,-6.371397,18.624725,57.418747,-16.775566,3.0857542,-1.5443515,7.7154555,-8.138994,14.759391,10.108626,-10.372101,5.415195,-6.7124248,-12.183454,17.192259,38.442673,-15.38305,3.2615433
1018,-12.626394271850586,701.586669921875,104.34529876708984,3.169997787858954,-9.052135449766427,80.85391132217808,1.7209209,-2.6919324,12.413015,4.5624275,-7.392872,-12.984891,8.539433,-34.7424,74.9158,10.537804,11.375613,10.905491,-9.168339,-6.2864885,18.972116,57.707787,-17.15532,3.111421,-1.5118903,7.562775,-8.095675,14.494979,10.389508,-10.556275,5.3995075,-6.395597,-12.418125,17.20867,36.7578,-15.436748,3.3126087
1019,-12.591753959655762,701.7223510742188,104.3313980102539,3.1605791038718904,-8.970374963862534,81.10925441978314,1.8333055,-2.758872,12.348289,4.274981,-7.278181,-12.947209,8.499811,-34.72298,74.82424,10.607007,11.37318,10.969329,-9.42709,-6.205579,19.292234,58.01005,-17.491325,3.137928,-1.4412981,7.4150305,-8.056081,14.226582,10.647766,-10.721739,5.3845596,-6.058519,-12.657612,17.204313,35.076496,-15.459694,3.4038193
1020,-12.54464054107666,701.8551635742188,104.31603240966797,3.1453516664158876,-8.888694145157382,81.35066865406634,1.9680141,-2.8141887,12.289274,3.9812765,-7.1754923,-12.901657,8.465284,-34.725887,74.744675,10.61112,11.365706,11.005374,-9.639992,-6.1434474,19.550179,58.276722,-17.794056,3.1691532,-1.268156,7.250637,-7.995851,13.968738,10.942819,-10.905512,5.358452,-5.7067075,-12.889125,17.194519,33.40453,-15.479399,3.571495
1021,-12.509968757629395,701.9993286132812,104.30475616455078,3.1209395083273184,-8.80960214324277,81.5660633810505,2.0949764,-2.8620155,12.216677,3.7250834,-7.061964,-12.839554,8.41558,-34.716396,74.73591,10.511565,11.323927,11.027195,-9.886705,-6.0617013,19.837278,58.632286,-17.982601,3.192917,-0.97425336,7.1253595,-7.9389887,13.740275,11.1810055,-11.0729,5.335113,-5.348509,-13.101481,17.200493,31.757479,-15.514309,3.832389
1022,-12.47015380859375,702.1393432617188,104.29676818847656,3.0916618378522744,-8.73283519238728,81.76704166108493,2.2413516,-2.8992317,12.149289,3.467854,-6.9550915,-12.769904,8.366763,-34.717144,74.74806,10.345244,11.272903,11.023028,-10.100145,-5.990766,20.060892,58.976673,-18.12054,3.2173793,-0.567522,7.0165906,-7.8749275,13.52674,11.390267,-11.225689,5.3058543,-4.9783897,-13.303675,17.202171,30.126238,-15.563975,4.24281
1023,-12.394439697265625,702.3026733398438,104.29102325439453,3.0627856999699428,-8.652623376220166,81.97223823699775,2.3856332,-2.9356058,12.081064,3.211152,-6.8579326,-12.6992,8.319052,-34.739952,74.78209,10.156629,11.227908,11.002835,-10.281027,-5.928184,20.257984,59.307915,-18.259172,3.2441726,-0.14784841,6.926362,-7.792401,13.310032,11.587448,-11.383144,5.2528553,-4.5938554,-13.513807,17.149584,28.50253,-15.598939,4.8716593
1024,-12.343619346618652,702.440673828125,104.2846450805664,3.0374349726628647,-8.563707189204154,82.2006200651222,2.5091195,-2.9789908,12.009001,2.9533787,-6.7763586,-12.632899,8.274934,-34.790047,74.83021,9.999948,11.206231,10.973957,-10.423974,-5.8702617,20.449068,59.613342,-18.461138,3.2745583,0.1903436,6.805443,-7.727936,13.067114,11.7843685,-11.5216255,5.218306,-4.186072,-13.748087,16.993294,26.86972,-15.578673,5.747355
1025,-12.278363227844238,702.5796508789062,104.27806091308594,3.0158115506084258,-8.464910021929056,82.46450781934008,2.5867925,-3.034982,11.923228,2.7077272,-6.70853,-12.579315,8.220814,-34.866863,74.92933,9.882541,11.207726,10.943844,-10.560961,-5.792952,20.672789,59.95114,-18.72802,3.299686,0.40176168,6.664611,-7.6590166,12.786902,11.993,-11.658435,5.176797,-3.7435143,-14.007162,16.708765,25.207666,-15.457981,6.7999496
1026,-12.208006858825684,702.7177734375,104.26962280273438,2.996098172887187,-8.359122878232547,82.75148786403278,2.637899,-3.0977461,11.831641,2.4678688,-6.6555653,-12.528666,8.16709,-34.962425,75.0542,9.78628,11.229375,10.902737,-10.6768465,-5.708848,20.88996,60.294666,-19.044674,3.3229527,0.5500749,6.501591,-7.5874977,12.480979,12.224007,-11.8009615,5.133011,-3.2613199,-14.281925,16.314817,23.51017,-15.194416,7.93036
1027,-12.131491661071777,702.8556518554688,104.2628402709961,2.9832418342684077,-8.247143285613298,83.04272515101675,2.6786537,-3.1687944,11.732095,2.2358787,-6.603667,-12.475176,8.114186,-35.07437,75.20243,9.694278,11.256252,10.858304,-10.771137,-5.6182113,21.103062,60.64013,-19.393913,3.348531,0.65930074,6.3449306,-7.5237494,12.170715,12.424869,-11.926109,5.0870223,-2.7509832,-14.568084,15.844457,21.805798,-14.781644,9.075638
1028,-12.054670333862305,702.9918823242188,104.2549819946289,2.981011830795559,-8.12995754634016,83.31952659418711,2.7257705,-3.2501662,11.623187,2.0132463,-6.5398164,-12.411739,8.063158,-35.197495,75.369736,9.593442,11.273753,10.817283,-10.841513,-5.5239096,21.308855,60.98202,-19.763733,3.3802366,0.7556678,6.193621,-7.4744053,11.873779,12.6019125,-12.040173,5.042969,-2.2135975,-14.861315,15.329102,20.104588,-14.226557,10.162003
1029,-11.965556144714355,703.140625,104.2427749633789,2.9991129134921333,-8.003866163699733,83.58101750842171,2.7820795,-3.3521311,11.500233,1.7968446,-6.4607415,-12.337579,8.015212,-35.340492,75.55904,9.467679,11.273129,10.779251,-10.886775,-5.4267983,21.517334,61.315937,-20.167492,3.427489,0.84474325,6.045891,-7.4438343,11.589552,12.767878,-12.156961,4.9957848,-1.6075554,-15.188178,14.756492,18.309444,-13.483856,11.163655
1030,-11.879114151000977,703.2817993164062,104.2268295288086,3.0339158703574713,-7.8697713159111045,83.83591336672396,2.8384826,-3.4713116,11.365281,1.5874786,-6.3747263,-12.255692,7.970903,-35.50326,75.76942,9.327267,11.264449,10.741064,-10.909316,-5.3270607,21.728638,61.645977,-20.604517,3.4862144,0.91327786,5.8850393,-7.434561,11.308255,12.930055,-12.267289,4.954731,-0.9171012,-15.540245,14.125877,16.401812,-12.585211,11.971382
1031,-11.793262481689453,703.4241333007812,104.21263122558594,3.068911881637774,-7.735749528813334,84.07969252319363,2.8958294,-3.588734,11.228308,1.3908542,-6.2818093,-12.1623745,7.929712,-35.66619,75.987816,9.201331,11.261234,10.704456,-10.906367,-5.2264633,21.922232,61.970776,-21.04207,3.540864,0.9603477,5.7389665,-7.427562,11.03995,13.065599,-12.366688,4.9130807,-0.19969365,-15.863656,13.486388,14.537025,-11.661743,12.498201
1032,-11.702680587768555,703.5772094726562,104.21378326416016,3.0849031653796297,-7.609519450129684,84.30803082711228,2.9557176,-3.6826525,11.100145,1.2118357,-6.1847224,-12.057824,7.890188,-35.808117,76.20141,9.121293,11.277062,10.670613,-10.875284,-5.1266828,22.075012,62.285374,-21.448421,3.5762305,0.9859113,5.66815,-7.404337,10.798634,13.084876,-12.416563,4.8613777,0.42102772,-16.097925,12.913151,12.977012,-10.875556,12.766137
1033,-11.615720748901367,703.719970703125,104.22022247314453,3.069698623437477,-7.489495338842142,84.52242899858042,3.0194268,-3.7433536,10.98016,1.0515312,-6.0784154,-11.944322,7.8501,-35.92887,76.41032,9.12974,11.326578,10.640036,-10.814351,-5.028215,22.18415,62.590073,-21.874449,3.58798,0.9679491,5.5870547,-7.3394084,10.572929,13.1313715,-12.475708,4.80251,0.8703182,-16.209846,12.442214,11.862275,-10.309913,12.850713
1034,-11.532920837402344,703.8648681640625,104.22742462158203,3.0348954730419897,-7.37236956840333,84.72422198566485,3.0872114,-3.7816963,10.864301,0.9059378,-5.964152,-11.822713,7.8084135,-36.03701,76.62248,9.200663,11.398294,10.611868,-10.722558,-4.9307003,22.257864,62.88349,-22.318748,3.5853007,0.9144296,5.4986753,-7.2487283,10.360558,13.205189,-12.551599,4.7397923,1.1910902,-16.234179,12.048646,11.088315,-9.916866,12.836509
1035,-11.451458930969238,704.0159301757812,104.23878479003906,2.9929567210463714,-7.263528820463328,84.90904333703703,3.1581972,-3.8074892,10.755547,0.77355194,-5.8518767,-11.692116,7.76654,-36.124172,76.840515,9.263001,11.465577,10.586212,-10.6044655,-4.837102,22.290537,63.164616,-22.673304,3.5717309,0.869989,5.4459686,-7.1528144,10.169868,13.237583,-12.614432,4.674296,1.4396553,-16.213652,11.710959,10.535623,-9.64823,12.777137
1036,-11.36237621307373,704.1652221679688,104.26453399658203,2.9573074181141226,-7.168206817477924,85.07285108599389,3.23152,-3.8304377,10.658409,0.65262634,-5.752612,-11.5484495,7.7275457,-36.179844,77.061134,9.247315,11.502727,10.562242,-10.461198,-4.7515016,22.27602,63.42656,-22.829622,3.5505579,0.88063633,5.5037146,-7.0749354,10.013671,13.08085,-12.5867,4.603842,1.5691098,-16.14711,11.4591875,10.407005,-9.680471,12.692132
1037,-11.27769947052002,704.2996215820312,104.28792572021484,2.934068558286688,-7.086382173483633,85.21396975092632,3.3083086,-3.8536053,10.573531,0.54156125,-5.672035,-11.382114,7.698082,-36.19262,77.26965,9.1156025,11.4977665,10.535035,-10.275438,-4.6842184,22.210165,63.646835,-22.697277,3.5215795,0.955233,5.5824246,-7.0149794,9.880519,12.898779,-12.544172,4.537937,1.6809134,-16.091576,11.242259,10.310342,-9.721019,12.618026
1038,-11.190552711486816,704.4344482421875,104.30817413330078,2.9146641849933923,-7.015717596270323,85.3349702665087,3.387703,-3.8715806,10.499291,0.44243142,-5.6056256,-11.195379,7.6769147,-36.172188,77.466805,8.909728,11.46737,10.506157,-10.052108,-4.6314425,22.10137,63.83283,-22.350754,3.484295,1.0708789,5.671802,-6.9561567,9.767441,12.726093,-12.511808,4.4697742,1.7694119,-16.030306,11.059093,10.27229,-9.792063,12.541878
1039,-11.101361274719238,704.573974609375,104.32760620117188,2.8921821758777533,-6.958418990244661,85.43750451750023,3.4681623,-3.8799791,10.4393,0.35705662,-5.546028,-11.0003,7.658756,-36.130814,77.663216,8.688659,11.431384,10.4814625,-9.816135,-4.582003,21.951696,64.00804,-21.936888,3.4429035,1.231398,5.783393,-6.891454,9.676103,12.55117,-12.486663,4.3980274,1.8691958,-15.95994,10.891822,10.241164,-9.869925,12.462311
1040,-11.014077186584473,704.7164306640625,104.35017395019531,2.857660567350814,-6.91649381579733,85.52370488431474,3.5402956,-3.8708305,10.40005,0.29405388,-5.4940214,-10.79762,7.647367,-36.084496,77.84825,8.500069,11.413589,10.467292,-9.589548,-4.5497665,21.81222,64.17205,-21.558565,3.41154,1.4396025,5.9270563,-6.813911,9.607836,12.355961,-12.458228,4.323468,2.0326214,-15.880085,10.713183,10.124642,-9.906226,12.380166
1041,-10.926036834716797,704.8524780273438,104.37556457519531,2.807304465371762,-6.898641275526107,85.58949227132359,3.6095362,-3.8358421,10.392898,0.25328374,-5.4502945,-10.595752,7.636269,-36.027702,78.033394,8.373806,11.419255,10.467274,-9.374927,-4.5196137,21.642773,64.34192,-21.24436,3.3995178,1.7311307,6.1026793,-6.715355,9.5676565,12.152491,-12.429354,4.243376,2.262217,-15.782372,10.52819,9.923547,-9.896048,12.293038
1042,-10.843066215515137,704.9898681640625,104.40312957763672,2.7445502366066497,-6.901115745817628,85.63565482564749,3.6813667,-3.7819307,10.410567,0.228239,-5.414575,-10.395901,7.6226735,-35.955765,78.22718,8.281688,11.434766,10.477694,-9.16074,-4.4876657,21.421047,64.514885,-20.9498,3.397155,2.0934021,6.3166766,-6.6060715,9.555123,11.926605,-12.396843,4.1621833,2.5654957,-15.67681,10.331444,9.626932,-9.8393135,12.205283
1043,-10.758033752441406,705.1121215820312,104.43093872070312,2.6789234401478046,-6.907716526909331,85.67005602070944,3.741469,-3.7239072,10.43054,0.2222697,-5.376978,-10.186698,7.614573,-35.885986,78.41623,8.17807,11.453534,10.495356,-8.957088,-4.4727917,21.238539,64.675446,-20.658363,3.385416,2.4515421,6.522374,-6.489442,9.554172,11.711761,-12.36299,4.078929,2.86594,-15.564096,10.1508,9.315619,-9.764181,12.116224
1044,-10.669708251953125,705.2274169921875,104.45780944824219,2.619223851904367,-6.901893820847343,85.70054166455613,3.8027725,-3.6802418,10.432784,0.21273366,-5.334101,-9.976122,7.6092196,-35.80549,78.607376,8.075897,11.468755,10.508442,-8.753552,-4.4671535,21.035975,64.807526,-20.479746,3.327947,2.7527816,6.707377,-6.3766303,9.553629,11.501114,-12.325009,3.9954507,3.1211927,-15.452276,9.996258,9.040934,-9.699937,12.027435
1045,-10.576460838317871,705.3460693359375,104.48446655273438,2.569301195582176,-6.879584011101282,85.72813586121629,3.8719456,-3.6555047,10.413796,0.19015302,-5.278362,-9.765955,7.607145,-35.71128,78.79844,7.9811354,11.482321,10.518022,-8.543202,-4.4724336,20.797909,64.898834,-20.521217,3.2028115,2.992197,6.883166,-6.2736835,9.553414,11.271779,-12.275468,3.9117332,3.3339756,-15.345818,9.865148,8.8041725,-9.653652,11.938
1046,-10.485194206237793,705.4808349609375,104.51030731201172,2.52179862094768,-6.849793156152324,85.74911827141821,3.9353387,-3.6412547,10.380653,0.17353162,-5.2121425,-9.549907,7.6094136,-35.61704,78.99137,7.873044,11.494747,10.531636,-8.343439,-4.4875836,20.580011,64.977974,-20.679758,3.030749,3.1874392,7.0715055,-6.1777244,9.561579,11.020264,-12.224185,3.8294816,3.5464835,-15.243978,9.741441,8.565518,-9.614701,11.849848
1047,-10.388906478881836,705.5992431640625,104.53520965576172,2.4772227620545593,-6.814376443874849,85.76379876343695,4.006418,-3.6296196,10.3452835,0.15114196,-5.153085,-9.333056,7.618226,-35.514122,79.17043,7.777921,11.508735,10.533138,-8.12294,-4.5232606,20.311764,64.99673,-20.83299,2.8470552,3.3544235,7.233713,-6.07878,9.572306,10.788734,-12.172251,3.74506,3.7116053,-15.137167,9.647188,8.370528,-9.584941,11.760623
1048,-10.298778533935547,705.7213134765625,104.56045532226562,2.4322315451956142,-6.77562040710761,85.77282463451976,4.066772,-3.6175182,10.3037815,0.14379357,-5.100066,-9.112899,7.633079,-35.443623,79.34493,7.640366,11.516787,10.523165,-7.9054,-4.5791326,20.079983,64.98603,-20.736088,2.6891637,3.47003,7.4049816,-5.9848795,9.591187,10.537031,-12.113503,3.6637757,3.8969276,-15.037422,9.546575,8.131616,-9.534719,11.676219
1049,-10.203177452087402,705.8472900390625,104.58515930175781,2.3862689893878217,-6.732522218289838,85.77192417545419,4.1183195,-3.6033533,10.25548,0.15547398,-5.059874,-8.885582,7.6544123,-35.40666,79.5138,7.44205,11.515728,10.496908,-7.68377,-4.6587934,19.884762,64.935356,-20.279345,2.555322,3.5232098,7.5747,-5.886358,9.62083,10.285654,-12.057779,3.577892,4.0637584,-14.930551,9.4627075,7.912708,-9.494614,11.588692
1050,-10.099470138549805,705.9959716796875,104.61023712158203,2.3422710204679427,-6.684181460319158,85.76209484158228,4.163442,-3.5897193,10.199549,0.18082975,-5.0243697,-8.652755,7.6818185,-35.393223,79.67751,7.1997848,11.508282,10.458509,-7.4582176,-4.7614427,19.714973,64.84603,-19.586405,2.4304078,3.5229108,7.775432,-5.790092,9.66501,9.990348,-11.993912,3.4861186,4.2309685,-14.820077,9.385742,7.7053666,-9.472846,11.495547
1051,-9.99710750579834,706.1207885742188,104.6340103149414,2.29769516314241,-6.633921603798895,85.75233865545351,4.198483,-3.575907,10.141195,0.21170777,-4.9959054,-8.42146,7.714021,-35.394684,79.83439,6.958219,11.500251,10.412834,-7.2335787,-4.8818383,19.56151,64.72451,-18.824871,2.330747,3.496082,7.939775,-5.6889668,9.7045555,9.734424,-11.935032,3.39562,4.365024,-14.707062,9.32445,7.519439,-9.445947,11.405166
1052,-9.907349586486816,706.2418823242188,104.65748596191406,2.25377347990704,-6.584962253408634,85.75120047410553,4.2179604,-3.562638,10.084317,0.24229276,-4.971191,-8.197513,7.7490525,-35.401096,79.985756,6.7603593,11.496427,10.366434,-7.0203466,-5.0106554,19.418446,64.58741,-18.16125,2.272006,3.4662206,8.108642,-5.5973597,9.7375,9.464448,-11.866237,3.313682,4.5360413,-14.609013,9.236256,7.2700915,-9.386708,11.324187
1053,-9.805180549621582,706.3741455078125,104.68138122558594,2.2082491052875235,-6.534646839235217,85.76012865835561,4.2185764,-3.5520582,10.023035,0.2703312,-4.9480844,-7.980151,7.786608,-35.40521,80.136406,6.622852,11.492255,10.316741,-6.82478,-5.1411386,19.27633,64.43856,-17.624199,2.2666163,3.4293041,8.288029,-5.4973893,9.764175,9.182671,-11.79534,3.2233765,4.7046947,-14.49928,9.138543,7.043558,-9.346074,11.23372
1054,-9.705859184265137,706.4959106445312,104.70433044433594,2.1622369826891847,-6.4824269417789875,85.77464545907387,4.202302,-3.5450692,9.956407,0.30108654,-4.92793,-7.766297,7.8269506,-35.41049,80.287445,6.522683,11.4866295,10.262598,-6.645707,-5.271913,19.137867,64.28096,-17.13548,2.3005245,3.373026,8.447283,-5.3956246,9.783473,8.922721,-11.728009,3.1350706,4.8662677,-14.39092,9.037723,6.8143544,-9.297982,11.1462345
1055,-9.59216594696045,706.6192016601562,104.7271728515625,2.1151042423876167,-6.434573688428934,85.7955690092532,4.17012,-3.5389063,9.894411,0.34109405,-4.91148,-7.561871,7.868457,-35.422886,80.43701,6.4433784,11.488067,10.212692,-6.487156,-5.40269,19.01886,64.1338,-16.699408,2.350143,3.30754,8.609406,-5.28292,9.798354,8.668716,-11.662938,3.037509,5.006484,-14.266712,8.942968,6.639415,-9.278123,11.047969
1056,-9.481121063232422,706.7330322265625,104.74832153320312,2.06821289899363,-6.397344754301331,85.82349508684715,4.122444,-3.5313978,9.8468685,0.39757594,-4.898492,-7.373756,7.9082413,-35.448578,80.58534,6.3687534,11.504846,10.176179,-6.353573,-5.5340886,18.93746,64.0167,-16.318724,2.3923783,3.243052,8.767947,-5.170017,9.806275,8.434159,-11.602901,2.9422085,5.1492915,-14.142964,8.844216,6.476802,-9.261189,10.951143
1057,-9.378597259521484,706.83642578125,104.76724243164062,2.0188609551970482,-6.3790009063461035,85.86466153848426,4.050423,-3.5235453,9.823659,0.47932553,-4.893199,-7.207123,7.943203,-35.494644,80.73907,6.3098407,11.543494,10.163135,-6.258946,-5.665747,18.914337,63.942665,-15.987561,2.4360623,3.181412,8.923685,-5.056577,9.80125,8.233498,-11.554948,2.8525283,5.3256054,-14.023032,8.722478,6.293185,-9.232411,10.858884
1058,-9.272390365600586,706.9303588867188,104.78509521484375,1.9685579393398276,-6.374156097876488,85.91653921298663,3.955379,-3.5161502,9.816257,0.5817802,-4.891791,-7.05929,7.972642,-35.555523,80.902435,6.269423,11.59606,10.167502,-6.1996045,-5.7980843,18.940504,63.902077,-15.702464,2.488767,3.1159475,9.075091,-4.936823,9.785712,8.059642,-11.514815,2.7609015,5.501658,-13.896449,8.594969,6.136479,-9.214488,10.763319
1059,-9.162434577941895,707.0220336914062,104.80342864990234,1.9165378255746555,-6.368517134415011,85.96775222253068,3.8554952,-3.5034614,9.808462,0.68879646,-4.8900504,-6.923315,7.9975348,-35.618553,81.067955,6.2202344,11.649514,10.172747,-6.1477103,-5.932217,18.98453,63.873016,-15.472362,2.5260384,3.0456724,9.221442,-4.811562,9.771103,7.891424,-11.475561,2.666461,5.6231136,-13.757174,8.495812,6.07037,-9.239387,10.663842
1060,-9.062352180480957,707.1203002929688,104.82090759277344,1.861263825962818,-6.347953136926654,86.00668560874476,3.770708,-3.479371,9.7845335,0.78254205,-4.8855724,-6.79348,8.019869,-35.67271,81.226364,6.1350093,11.691875,10.161464,-6.0733733,-6.068813,19.010092,63.829563,-15.308531,2.523961,2.9708257,9.350088,-4.6874943,9.766773,7.7337756,-11.445906,2.5766954,5.701545,-13.617589,8.427039,6.043019,-9.283327,10.569874
1061,-8.963818550109863,707.2225952148438,104.83792877197266,1.8009174076253802,-6.309330076363819,86.02600857029209,3.71006,-3.439418,9.741543,0.85652804,-4.872409,-6.6660557,8.041012,-35.719105,81.374825,5.9857583,11.720009,10.123712,-5.9670734,-6.2093177,19.004025,63.765903,-15.238932,2.4606204,2.8938646,9.450373,-4.5559506,9.778375,7.5988207,-11.429749,2.4858932,5.749017,-13.472209,8.389872,6.019332,-9.325454,10.4754715
1062,-8.862448692321777,707.33349609375,104.85579681396484,1.7362889078275652,-6.259870521120246,86.03330414274706,3.664906,-3.3876984,9.688176,0.91766256,-4.85574,-6.5463347,8.061021,-35.765488,81.51635,5.7937417,11.741454,10.069445,-5.8409185,-6.3540587,18.97845,63.68968,-15.254349,2.3545742,2.815757,9.548426,-4.4184685,9.802994,7.4558973,-11.414304,2.3916538,5.781874,-13.319305,8.370601,5.997331,-9.3689,10.377269
1063,-8.754901885986328,707.4353637695312,104.87294006347656,1.6725179892373836,-6.201062466574774,86.03902244827457,3.6274748,-3.3307984,9.626321,0.969479,-4.8428607,-6.4382935,8.079728,-35.809624,81.64779,5.606101,11.760759,10.011561,-5.6975226,-6.5010023,18.936531,63.59733,-15.309233,2.2418394,2.7344625,9.612549,-4.2736096,9.823821,7.349211,-11.410147,2.2934608,5.7939644,-13.16329,8.360978,5.977149,-9.40467,10.275901
1064,-8.640636444091797,707.535400390625,104.8904037475586,1.611177810537802,-6.134466631546345,86.05425777448757,3.5891802,-3.2775018,9.556862,1.0165969,-4.8402357,-6.34615,8.097242,-35.847725,81.76803,5.471371,11.781791,9.963215,-5.5426555,-6.64802,18.881369,63.4906,-15.360645,2.1575105,2.6479821,9.661706,-4.126003,9.83311,7.248888,-11.404362,2.1913304,5.7959585,-13.006025,8.344626,5.9611483,-9.440707,10.170817
1065,-8.529643058776855,707.6386108398438,104.90658569335938,1.5515690654158174,-6.052498364294662,86.08220233162632,3.5464096,-3.226247,9.47191,1.0570496,-4.850146,-6.2677875,8.113192,-35.875298,81.87644,5.4089174,11.805902,9.9300375,-5.3713903,-6.7940564,18.810902,63.36088,-15.377627,2.101801,2.5517952,9.681888,-3.97928,9.825294,7.168774,-11.405651,2.090756,5.7826595,-12.854232,8.318738,5.9476876,-9.478638,10.068529
1066,-8.415322303771973,707.7402954101562,104.92255401611328,1.4912603868078371,-5.957171938069141,86.11708476192881,3.5031888,-3.1740184,9.37348,1.0906177,-4.8680606,-6.201854,8.127548,-35.89363,81.974396,5.391975,11.830644,9.904414,-5.1849413,-6.9386,18.725933,63.213432,-15.389759,2.0585854,2.4479556,9.672744,-3.826267,9.806172,7.111175,-11.413296,1.9872125,5.750069,-12.699576,8.292051,5.9389467,-9.515547,9.963976
1067,-8.297510147094727,707.8414916992188,104.9377212524414,1.438002019940233,-5.863632482277203,86.15543808722268,3.4616663,-3.1263201,9.277486,1.1247954,-4.8928385,-6.1507053,8.141281,-35.905914,82.06003,5.3984985,11.854584,9.879979,-4.9954915,-7.0797935,18.633175,63.068558,-15.443923,2.0386345,2.3434865,9.675575,-3.6813023,9.784937,7.031282,-11.408721,1.8834909,5.720728,-12.551457,8.260119,5.931613,-9.553998,9.859158
1068,-8.186606407165527,707.9374389648438,104.95113372802734,1.395414089253385,-5.78750400986281,86.19425881403842,3.4233108,-3.0883954,9.200589,1.1677908,-4.923357,-6.1162076,8.155992,-35.91545,82.12959,5.406836,11.877053,9.8498,-4.8169513,-7.2143664,18.541248,62.947853,-15.586419,2.0525982,2.245112,9.712879,-3.5577054,9.767192,6.916059,-11.386748,1.7881228,5.710098,-12.42118,8.221585,5.9264603,-9.595111,9.762668
1069,-8.060920715332031,708.021728515625,104.96312713623047,1.3718411996706552,-5.734809517223057,86.23074097764527,3.3885477,-3.067927,9.147671,1.2300464,-4.958725,-6.0992727,8.173442,-35.923008,82.18345,5.4144297,11.901358,9.806324,-4.656117,-7.33832,18.451408,62.855183,-15.872812,2.119209,2.1501906,9.799972,-3.4538271,9.757251,6.744078,-11.333045,1.6903319,5.7228985,-12.304235,8.177526,5.922279,-9.634438,9.662753
1070,-7.941319942474365,708.1027221679688,104.97230529785156,1.361238236736657,-5.696876779894071,86.26734230649922,3.3550456,-3.060718,9.109564,1.3060014,-4.9994993,-6.0959363,8.194454,-35.925606,82.219734,5.4315467,11.927526,9.755096,-4.5076795,-7.45024,18.360794,62.78499,-16.264769,2.2267895,2.0559907,9.919965,-3.373679,9.750451,6.5349708,-11.261267,1.600983,5.751793,-12.207748,8.1272955,5.92104,-9.677509,9.571475
1071,-7.822429180145264,708.1813354492188,104.98087310791016,1.353753263265087,-5.666255093146594,86.30822453490418,3.3195305,-3.0560641,9.08065,1.3806397,-5.0464835,-6.1029615,8.219056,-35.919872,82.23347,5.455299,11.949972,9.709671,-4.368615,-7.5535903,18.271957,62.746143,-16.667906,2.3404372,1.9689171,10.054549,-3.2990086,9.74256,6.310291,-11.181135,1.5131375,5.7889214,-12.115299,8.0711775,5.921937,-9.722321,9.481403
1072,-7.704725742340088,708.266845703125,104.98947143554688,1.3384015823895674,-5.635444195118664,86.35780528312421,3.2793741,-3.0408454,9.056478,1.4378762,-5.1010785,-6.1163616,8.24649,-35.902267,82.21814,5.483356,11.9632,9.683299,-4.2318296,-7.652939,18.188488,62.740917,-16.98398,2.4259872,1.8951498,10.185926,-3.2139115,9.729154,6.098079,-11.110075,1.423102,5.8156567,-12.0110035,8.014106,5.9547057,-9.788148,9.38821
1073,-7.587745189666748,708.3428955078125,104.9988021850586,1.3128169172653137,-5.605750278908357,86.41518069483436,3.2353659,-3.0103583,9.04061,1.474583,-5.169317,-6.1348214,8.27568,-35.86916,82.16888,5.5103397,11.964221,9.680759,-4.0985208,-7.7545795,18.11211,62.771824,-17.193253,2.4721777,1.8364589,10.282554,-3.1099935,9.705937,5.9452677,-11.062344,1.3299725,5.776167,-11.884957,7.983211,6.1002913,-9.904517,9.291224
1074,-7.47091007232666,708.41357421875,105.00755310058594,1.282749846438697,-5.580194931868095,86.47870649225285,3.1890805,-2.9695919,9.035361,1.4979025,-5.2497225,-6.160872,8.306254,-35.822815,82.08907,5.540253,11.956066,9.694061,-3.966482,-7.858867,18.042812,62.827156,-17.341188,2.4995997,1.7904402,10.355597,-2.9955206,9.674701,5.841259,-11.035581,1.2352484,5.7427564,-11.7534485,7.9463997,6.240604,-10.015838,9.19263
1075,-7.353473663330078,708.4884643554688,105.01637268066406,1.249234716735928,-5.553319679241108,86.55162562824054,3.136431,-2.926442,9.028979,1.5109036,-5.328444,-6.1976743,8.336795,-35.768917,81.99536,5.581959,11.941016,9.720108,-3.8391745,-7.9571667,17.982542,62.915234,-17.435196,2.5177884,1.753212,10.42481,-2.874968,9.63513,5.7446866,-11.013391,1.1388874,5.729727,-11.619235,7.892507,6.3518996,-10.116138,9.091998
1076,-7.23260498046875,708.5650634765625,105.0251693725586,1.2155355560796037,-5.519907733960219,86.63685670629282,3.0775185,-2.8839316,9.017312,1.5117115,-5.3982625,-6.2435265,8.373799,-35.7101,81.880066,5.6508474,11.927023,9.750942,-3.7018266,-8.061364,17.928888,63.005123,-17.477518,2.5432985,1.7307293,10.442396,-2.7427514,9.572805,5.7325125,-11.030363,1.0400692,5.71194,-11.482469,7.82824,6.465418,-10.2186365,8.98891
1077,-7.112421989440918,708.6397094726562,105.03604125976562,1.180366714717499,-5.470379793903547,86.74170041403278,3.0046098,-2.8488636,8.986715,1.4996833,-5.45408,-6.3044796,8.416853,-35.649284,81.75704,5.7524433,11.912902,9.790183,-3.5654392,-8.156855,17.893827,63.124245,-17.449574,2.5707688,1.7114767,10.429716,-2.604627,9.484734,5.73222,-11.045182,0.9415605,5.7054663,-11.348006,7.738237,6.5283628,-10.29397,8.886252
1078,-6.990484237670898,708.7133178710938,105.04739379882812,1.1439092199159462,-5.410114538346207,86.86233040014201,2.9192915,-2.8184159,8.94366,1.4770012,-5.5007777,-6.3774905,8.465484,-35.58287,81.621506,5.8787093,11.896587,9.839786,-3.4352384,-8.240712,17.874699,63.28031,-17.358065,2.5938315,1.6961842,10.396302,-2.4603179,9.377101,5.741803,-11.060221,0.8416055,5.69936,-11.212106,7.6321006,6.57193,-10.358215,8.782142
1079,-6.8354034423828125,708.7676391601562,105.0608139038086,1.1079286529322743,-5.356404971918965,86.98527922062658,2.830243,-2.786153,8.9064,1.4522036,-5.5398917,-6.4479876,8.521326,-35.50868,81.45535,6.014037,11.880898,9.89414,-3.3065026,-8.3216095,17.855473,63.451954,-17.244152,2.6210108,1.6983323,10.362424,-2.294878,9.2684765,5.7458844,-11.059349,0.7214054,5.629683,-11.045516,7.553679,6.7237935,-10.463721,8.655801
1080,-6.707332134246826,708.83154296875,105.07038879394531,1.0748462074717342,-5.326420257242707,87.09708085024128,2.7491772,-2.7487319,8.886143,1.4316359,-5.5653625,-6.5197396,8.569152,-35.439365,81.28342,6.1335278,11.858537,9.95261,-3.1863627,-8.388761,17.815687,63.649773,-17.156397,2.6545575,1.7225846,10.363377,-2.1534233,9.177011,5.7503085,-11.072691,0.61861646,5.6256695,-10.905089,7.459037,6.81829,-10.552575,8.5482645
1081,-6.595020771026611,708.8994140625,105.07653045654297,1.0453803699700719,-5.333067733742377,87.19058422553118,2.6822898,-2.6978133,8.905401,1.412816,-5.5895667,-6.574863,8.621847,-35.367683,81.06104,6.238772,11.832987,10.009688,-3.048511,-8.470414,17.725664,63.821487,-17.079212,2.7056415,1.8052341,10.414565,-2.0312805,9.113439,5.7522154,-11.098239,0.52631456,5.6790195,-10.780996,7.361166,6.8899536,-10.639136,8.451864
1082,-6.483349800109863,708.9600830078125,105.08078002929688,1.0181143646729898,-5.364651318067138,87.27412225578124,2.6281638,-2.6385257,8.946501,1.3882272,-5.606948,-6.63741,8.664693,-35.30995,80.83248,6.328584,11.79669,10.071528,-2.9035747,-8.548173,17.598503,63.999218,-16.999954,2.7654693,1.9254059,10.493685,-1.9147114,9.065636,5.7540283,-11.126363,0.43508336,5.7418575,-10.657612,7.272039,6.9890695,-10.739121,8.356466
1083,-6.372661113739014,709.02587890625,105.08433532714844,0.9921813099437815,-5.401109793205011,87.3578450768915,2.585985,-2.574914,8.990102,1.3547086,-5.608834,-6.713199,8.6997175,-35.261185,80.60368,6.4185405,11.76233,10.134721,-2.749537,-8.625348,17.463501,64.17787,-16.96401,2.8320844,2.0439706,10.580881,-1.800787,9.019605,5.756018,-11.15796,0.34494486,5.818174,-10.537008,7.1769958,7.0815945,-10.840272,8.261891
1084,-6.259140968322754,709.0953979492188,105.08899688720703,0.9632710376697189,-5.423143197829564,87.45178767950269,2.5504544,-2.5137417,9.014053,1.314406,-5.5851116,-6.8069634,8.728299,-35.215084,80.38642,6.5212774,11.741114,10.197592,-2.5951154,-8.700707,17.363966,64.368286,-17.010378,2.9012926,2.1172605,10.651313,-1.6798158,8.960995,5.75878,-11.188079,0.25282693,5.893036,-10.412482,7.070249,7.152247,-10.930986,8.164718
1085,-6.146074295043945,709.1654052734375,105.09457397460938,0.9316623852959371,-5.4237731753709655,87.56301199964432,2.5150714,-2.4597332,9.007972,1.2695004,-5.5325246,-6.922971,8.747594,-35.169453,80.19192,6.632997,11.7374325,10.264027,-2.459814,-8.760489,17.335966,64.60633,-17.172205,2.9695132,2.1200817,10.69264,-1.5526394,8.880004,5.7624183,-11.212168,0.16158126,5.9557157,-10.286732,6.9482584,7.20281,-11.009421,8.067853
1086,-6.034203052520752,709.2390747070312,105.0994644165039,0.8985149392427999,-5.4138184266840454,87.68476384799078,2.47905,-2.4036918,8.991138,1.2228149,-5.4625254,-7.043772,8.768367,-35.108097,79.97991,6.7629,11.75104,10.329591,-2.3235772,-8.83535,17.360651,64.842834,-17.408585,3.0474803,2.0901473,10.719931,-1.422575,8.786263,5.767816,-11.235215,0.071453236,6.011747,-10.160366,6.8168488,7.2498236,-11.087596,7.9715886
1087,-5.919801235198975,709.2996215820312,105.10472106933594,0.8642122160397347,-5.400007348449813,87.80625442740129,2.4435456,-2.3508525,8.960419,1.1827737,-5.365002,-7.172806,8.78196,-35.047085,79.78218,6.9003677,11.765605,10.396643,-2.200017,-8.889726,17.400444,65.112366,-17.669548,3.123311,2.0336425,10.73414,-1.2884701,8.690382,5.7734013,-11.249583,-0.020156316,6.045145,-10.029766,6.694464,7.310829,-11.163359,7.874273
1088,-5.8053297996521,709.3563842773438,105.10993194580078,0.8315155200523916,-5.389238744931017,87.91640297736205,2.4024262,-2.289238,8.931562,1.1614083,-5.2490654,-7.283815,8.79902,-34.95228,79.55631,7.074663,11.777462,10.4563265,-2.059902,-8.958707,17.433372,65.342804,-17.878574,3.2072787,1.9874786,10.752832,-1.1571751,8.606517,5.7777963,-11.264567,-0.11245564,6.0696044,-9.900211,6.586897,7.382983,-11.241355,7.777618
1089,-5.690774917602539,709.4285888671875,105.11392211914062,0.7993081593216875,-5.382650284958365,88.0113839723595,2.3722603,-2.2268107,8.894724,1.1523015,-5.0935197,-7.40087,8.80961,-34.871933,79.347084,7.273454,11.78181,10.509458,-1.9118277,-8.998723,17.42216,65.58451,-18.054174,3.284949,1.9268029,10.789567,-1.0287619,8.542184,5.780098,-11.291166,-0.20690078,6.107765,-9.771348,6.488575,7.4514594,-11.326621,7.680018
1090,-5.5757951736450195,709.48583984375,105.11724090576172,0.766063301634864,-5.376814367469348,88.09741239558761,2.3490489,-2.1619997,8.85085,1.1525147,-4.9091654,-7.5202966,8.817337,-34.792725,79.13982,7.498638,11.785461,10.556658,-1.7545292,-9.0268,17.39001,65.82536,-18.21961,3.362224,1.8518727,10.820065,-0.89892113,8.485669,5.7809324,-11.309646,-0.3022957,6.1161184,-9.638979,6.4111986,7.5501246,-11.415888,7.5829053
1091,-5.465259552001953,709.54931640625,105.12044525146484,0.7353067216207533,-5.371816765105318,88.17853028443862,2.3256032,-2.0942838,8.808722,1.1555121,-4.716493,-7.6292405,8.82642,-34.682915,78.9119,7.7396336,11.785845,10.6018095,-1.5837867,-9.058124,17.328735,66.03518,-18.37962,3.4451482,1.7979856,10.856358,-0.7757252,8.4346895,5.781458,-11.33342,-0.39473176,6.1382647,-9.513914,6.332321,7.630908,-11.500383,7.489244
1092,-5.355282306671143,709.6187744140625,105.12262725830078,0.7072677269681196,-5.366918988971188,88.25944294806514,2.2967632,-2.030372,8.76568,1.1538174,-4.5313497,-7.7286515,8.835491,-34.561314,78.67369,7.9394073,11.7754545,10.655439,-1.4177889,-9.0859585,17.25466,66.234406,-18.519506,3.5315053,1.7816459,10.893724,-0.6564272,8.383195,5.7843556,-11.360872,-0.4856554,6.15884,-9.392258,6.2539425,7.7226014,-11.594598,7.39649
1093,-5.244022369384766,709.6809692382812,105.12385559082031,0.686279066877837,-5.359919676893148,88.33923701499144,2.2619066,-1.9743124,8.720206,1.1447558,-4.353011,-7.81162,8.846203,-34.41216,78.41591,8.089521,11.750475,10.722299,-1.2576325,-9.11375,17.16778,66.42537,-18.63072,3.6214309,1.8220649,10.930865,-0.54543895,8.331004,5.7794366,-11.383044,-0.5747217,6.149656,-9.27672,6.187419,7.8545156,-11.704033,7.305657
1094,-5.135010719299316,709.748291015625,105.12654876708984,0.6661288067477754,-5.349254795820873,88.41773022593881,2.2204068,-1.9203647,8.669255,1.1343176,-4.1746464,-7.8807173,8.858585,-34.24171,78.14086,8.207081,11.714967,10.79762,-1.1015275,-9.139569,17.073643,66.60944,-18.712967,3.7145648,1.9011269,10.953968,-0.43595806,8.275964,5.7860947,-11.407269,-0.6613315,6.157401,-9.165907,6.11425,7.9513316,-11.798344,7.216506
1095,-5.025444030761719,709.8126220703125,105.13119506835938,0.6451949912340599,-5.341965622843171,88.49636891548586,2.1723492,-1.8644552,8.617897,1.1259799,-3.9986029,-7.9478793,8.869189,-34.08513,77.869316,8.292076,11.673905,10.876139,-0.9511574,-9.157857,16.980417,66.78556,-18.776295,3.8094482,1.9862943,10.963828,-0.32353082,8.217139,5.806338,-11.428753,-0.74766225,6.1873803,-9.055318,6.032682,8.010797,-11.872781,7.1266336
1096,-4.914895057678223,709.8822021484375,105.13076782226562,0.6301914374279228,-5.352747140230561,88.57250392679254,2.1153405,-1.8074912,8.592335,1.1291966,-3.8392055,-8.001754,8.883941,-33.886497,77.57619,8.427846,11.639548,10.94127,-0.7895344,-9.179317,16.840998,66.907104,-18.886242,3.9099078,2.0694823,11.030866,-0.22249217,8.173647,5.797879,-11.459235,-0.8349351,6.2018876,-8.947064,5.962472,8.148778,-11.993629,7.036883
1097,-4.810364723205566,709.9405517578125,105.13094329833984,0.6116802746105816,-5.381887724563882,88.65115927612679,2.047631,-1.7410712,8.586051,1.1403177,-3.6937973,-8.057812,8.897658,-33.70677,77.28623,8.569841,11.61166,10.998251,-0.6209236,-9.194508,16.665361,66.982124,-19.023361,4.0258737,2.1428978,11.10134,-0.120049454,8.128107,5.8003793,-11.4856825,-0.91885877,6.2554,-8.839906,5.8777223,8.244424,-12.090063,6.950146
1098,-4.7012038230896,709.99462890625,105.1300277709961,0.5935047764418705,-5.425322105402992,88.73035146844614,1.9780444,-1.6693447,8.597206,1.150397,-3.5603504,-8.114915,8.910617,-33.529877,76.99309,8.722283,11.587005,11.04801,-0.43729198,-9.20403,16.430193,67.00828,-19.198132,4.152795,2.222715,11.186727,-0.015609786,8.0853815,5.802051,-11.5109005,-1.0057136,6.31442,-8.728441,5.7929783,8.358306,-12.195372,6.8599887
1099,-4.595390319824219,710.0343017578125,105.12374877929688,0.5815260878697559,-5.478117563868962,88.80483469936706,1.9192115,-1.6039774,8.618422,1.1555537,-3.4339907,-8.178714,8.920317,-33.377327,76.71198,8.856319,11.559281,11.092446,-0.24732861,-9.20758,16.18845,67.017,-19.376682,4.265536,2.2838387,11.30693,0.07534525,8.054663,5.7753596,-11.533069,-1.0895429,6.3139334,-8.621665,5.737385,8.584421,-12.349959,6.77478
1100,-4.488412380218506,710.0895385742188,105.12716674804688,0.5558335539530382,-5.513407011390889,88.88203649579361,1.8649048,-1.5299457,8.619468,1.1575712,-3.3040786,-8.24896,8.925633,-33.25572,76.453354,8.952181,11.522686,11.132863,-0.063122354,-9.2088995,16.000797,67.04078,-19.521442,4.3407125,2.3025515,11.348894,0.19108482,8.004054,5.8080482,-11.555277,-1.1749382,6.419878,-8.507626,5.6357174,8.589842,-12.399174,6.683892
1101,-4.388211727142334,710.1377563476562,105.12529754638672,0.5403610425470059,-5.55001753478386,88.94948810878093,1.8277284,-1.4741921,8.614903,1.1592907,-3.1645834,-8.328238,8.926415,-33.19225,76.23031,8.953242,11.46149,11.172648,0.09615309,-9.210857,15.946206,67.12331,-19.569063,4.358158,2.2496715,11.438535,0.2839721,7.973304,5.7955947,-11.5790615,-1.2544659,6.46027,-8.406247,5.568455,8.706775,-12.500161,6.6013846
1102,-4.28903865814209,710.1922607421875,105.12589263916016,0.5186828380191927,-5.58049000542983,89.01581926461634,1.7979108,-1.4159133,8.607125,1.157613,-3.0324013,-8.405611,8.9256315,-33.12046,76.00962,8.9424715,11.388419,11.201368,0.25783014,-9.216278,15.92569,67.202415,-19.602064,4.340341,2.160745,11.503502,0.38563797,7.9384007,5.8022003,-11.603925,-1.333784,6.532523,-8.301053,5.489591,8.756274,-12.569746,6.517423
1103,-4.191479682922363,710.2525634765625,105.12451171875,0.5002700848036506,-5.608261407187588,89.07895488247698,1.7508613,-1.3573097,8.597071,1.1778655,-2.9003274,-8.466151,8.921303,-33.02346,75.78802,8.960803,11.323376,11.229444,0.41013804,-9.228841,15.941404,67.265076,-19.622383,4.3153276,2.0587804,11.577148,0.48105115,7.9085374,5.8015966,-11.633234,-1.4116998,6.590461,-8.2000265,5.418879,8.831645,-12.655382,6.435325
1104,-4.094332218170166,710.3213500976562,105.12364959716797,0.4830176988860634,-5.629259965039375,89.14154733098006,1.6881199,-1.2979449,8.5772,1.2131091,-2.765805,-8.520014,8.915853,-32.95729,75.57669,9.008885,11.29067,11.266413,0.56303,-9.235876,15.937887,67.2898,-19.664904,4.308133,1.9649509,11.64346,0.57528263,7.877763,5.805098,-11.666611,-1.4895586,6.654558,-8.101687,5.345444,8.890098,-12.736862,6.3535132
1105,-3.9986367225646973,710.38330078125,105.1230697631836,0.467589351192947,-5.641782887858471,89.20304493420278,1.5949866,-1.2354858,8.54571,1.2774311,-2.6275675,-8.556035,8.910734,-32.91013,75.361984,9.126442,11.307948,11.318881,0.7190428,-9.236047,15.899049,67.254944,-19.760965,4.333632,1.866465,11.698472,0.6664444,7.8455305,5.8047323,-11.6941805,-1.5661633,6.696234,-8.006594,5.2806916,8.959428,-12.817603,6.274098
1106,-3.9018287658691406,710.4423217773438,105.1221694946289,0.45340734516393594,-5.6465668777664675,89.26328465898304,1.4971929,-1.166194,8.514581,1.3454621,-2.496729,-8.583562,8.892483,-32.807457,75.14535,9.376857,11.359032,11.368515,0.9201957,-9.228118,15.727606,67.11907,-19.987919,4.380764,1.7793467,11.741975,0.75721705,7.8120165,5.8040204,-11.718215,-1.6431851,6.7163386,-7.9119287,5.2245874,9.045339,-12.903034,6.1948175
1107,-3.8088207244873047,710.5003662109375,105.12165069580078,0.43930180104586497,-5.649219202783002,89.32254410176154,1.4167498,-1.0970447,8.4815235,1.3982469,-2.3684459,-8.633159,8.859895,-32.740505,74.96947,9.6224575,11.413112,11.414095,1.1264445,-9.209283,15.512916,66.967445,-20.229528,4.419687,1.7228665,11.779696,0.8457767,7.7778645,5.8059807,-11.74196,-1.7177068,6.741783,-7.820848,5.166998,9.114372,-12.979217,6.118315
1108,-3.7196028232574463,710.5535278320312,105.12062072753906,0.42648051820758215,-5.656160525725891,89.3802583620667,1.3404696,-1.0362594,8.450925,1.4520242,-2.2422578,-8.684837,8.835068,-32.712902,74.80957,9.7747555,11.450082,11.448239,1.2887924,-9.19954,15.403223,66.865074,-20.342844,4.433473,1.722196,11.82344,0.92979616,7.745949,5.804201,-11.764078,-1.7893736,6.7652817,-7.7337074,5.1118665,9.189227,-13.055767,6.0450964
1109,-3.63224196434021,710.6025390625,105.1202163696289,0.40969264133404665,-5.66636163636069,89.43899471671325,1.2803838,-0.982236,8.427934,1.4932209,-2.1288292,-8.742425,8.816131,-32.699844,74.65928,9.864156,11.469399,11.460084,1.4091787,-9.199399,15.36807,66.81309,-20.326378,4.407767,1.8384746,11.865135,1.017658,7.712381,5.8053246,-11.783879,-1.860591,6.8025584,-7.6438255,5.0511665,9.240623,-13.118549,5.972153
1110,-3.549034595489502,710.6517333984375,105.11939239501953,0.39232430776089533,-5.678322719237147,89.49762612126055,1.2408028,-0.924564,8.407815,1.512159,-2.0216982,-8.839468,8.760904,-32.690956,74.58999,9.941535,11.45838,11.461034,1.5296718,-9.222275,15.362933,66.74453,-20.227484,4.3693776,2.0459883,11.910027,1.1032523,7.679264,5.804996,-11.804061,-1.9293945,6.8477383,-7.5565486,4.9877157,9.281587,-13.176909,5.901886
1111,-3.4654526710510254,710.6961059570312,105.11809539794922,0.37542653573865536,-5.692639354902415,89.5532609139451,1.1939845,-0.86513686,8.390158,1.545093,-1.9136804,-8.925964,8.707406,-32.69164,74.52501,9.960937,11.438485,11.456945,1.6291838,-9.257699,15.412896,66.68498,-20.081297,4.324355,2.2450128,11.955401,1.1881356,7.64916,5.805271,-11.82291,-1.9979173,6.8828034,-7.468978,4.931205,9.338309,-13.239859,5.8318925
1112,-3.3791489601135254,710.7474975585938,105.11658477783203,0.3598115453625677,-5.710112249127402,89.60347772833688,1.1397377,-0.79574066,8.375924,1.5932227,-1.7974327,-9.000756,8.646964,-32.68808,74.4728,9.927702,11.404103,11.452585,1.7415016,-9.298466,15.455223,66.59325,-19.980867,4.291656,2.351037,12.008939,1.2721897,7.627035,5.8063445,-11.846867,-2.067572,6.92746,-7.381083,4.8764553,9.391656,-13.305804,5.759886
1113,-3.297532081604004,710.8005981445312,105.1146240234375,0.34640735682738516,-5.733842758088683,89.64634967471561,1.0806681,-0.7226966,8.370015,1.6619081,-1.6701491,-9.051467,8.598147,-32.681187,74.40558,9.80261,11.354947,11.441923,1.8736899,-9.32157,15.449725,66.46689,-19.98773,4.2694707,2.3103042,12.073125,1.3491238,7.6149936,5.807134,-11.874628,-2.1330068,6.9824147,-7.299346,4.82512,9.439163,-13.370549,5.6917057
1114,-3.219292402267456,710.8511962890625,105.11192321777344,0.3328735717296243,-5.762563916326778,89.6838998909792,1.0211401,-0.6475465,8.370507,1.742843,-1.5366979,-9.087596,8.556314,-32.67637,74.33465,9.602454,11.292272,11.42372,2.0139623,-9.3306875,15.417056,66.32109,-20.056356,4.249759,2.1791298,12.142605,1.4230603,7.6098413,5.8079085,-11.902423,-2.1957016,7.038964,-7.219636,4.778703,9.4900675,-13.436231,5.6260033
1115,-3.1427838802337646,710.9000854492188,105.10881042480469,0.3208664944907862,-5.790698571031325,89.7182389260276,0.96142983,-0.5724323,8.370684,1.8239946,-1.400331,-9.118183,8.5149765,-32.67884,74.2721,9.399838,11.2344675,11.404025,2.1448114,-9.331709,15.371467,66.18045,-20.14335,4.230404,2.0296965,12.211474,1.4937563,7.6075788,5.80835,-11.930106,-2.2567308,7.08868,-7.1428413,4.737621,9.548184,-13.503953,5.562168
1116,-3.0678813457489014,710.949462890625,105.105712890625,0.3079500087189672,-5.812453027859942,89.7520055342402,0.9102421,-0.49689153,8.361134,1.8845319,-1.2638036,-9.168467,8.452238,-32.703434,74.26057,9.267254,11.191824,11.3920145,2.256971,-9.330239,15.313792,66.065186,-20.209797,4.2091703,1.9343483,12.272826,1.5646465,7.6041107,5.807936,-11.956452,-2.3171875,7.1313643,-7.0664887,4.6990004,9.603902,-13.569401,5.4994316
1117,-2.996734142303467,710.99169921875,105.10338592529297,0.2944145059783943,-5.823951233840201,89.78536260660974,0.84278595,-0.42743284,8.343046,1.9460694,-1.1337452,-9.192473,8.411061,-32.7296,74.21684,9.232633,11.195954,11.383682,2.320197,-9.331117,15.295441,65.99625,-20.217823,4.1823344,1.9186177,12.315027,1.634897,7.596113,5.8094325,-11.97723,-2.3753972,7.1557755,-6.9925795,4.66639,9.658118,-13.626991,5.439959
1118,-2.922457218170166,711.0472412109375,105.10084533691406,0.2815886917590364,-5.829493459668405,89.81692682441353,0.77173555,-0.35846055,8.318241,2.002307,-1.0041841,-9.212177,8.366892,-32.764652,74.18635,9.256371,11.221796,11.380125,2.3596637,-9.334924,15.288838,65.94968,-20.198263,4.153352,1.9426758,12.358714,1.7058814,7.590839,5.810776,-12.0051985,-2.4360693,7.1850314,-6.9176803,4.6329803,9.706193,-13.688928,5.3777742
1119,-2.8509180545806885,711.0958251953125,105.09846496582031,0.2669413456515058,-5.833576984430386,89.84780533257641,0.70536965,-0.28431463,8.288398,2.0467858,-0.87252367,-9.251028,8.29866,-32.817844,74.20975,9.295271,11.242957,11.381563,2.390311,-9.344043,15.282717,65.90989,-20.164896,4.129858,1.9783581,12.395531,1.7774968,7.5843363,5.812856,-12.029005,-2.4952648,7.207954,-6.842718,4.602489,9.752337,-13.744861,5.317518
1120,-2.781949281692505,711.1281127929688,105.09617614746094,0.2515953038354371,-5.8415306357143715,89.8785909843428,0.6437074,-0.20278351,8.260473,2.0816522,-0.73735696,-9.302757,8.210095,-32.87891,74.27689,9.314817,11.246117,11.381581,2.424207,-9.356288,15.263831,65.86224,-20.142117,4.1181993,1.9998848,12.428637,1.848588,7.576067,5.812918,-12.043611,-2.5525093,7.218281,-6.7683563,4.57704,9.809494,-13.796504,5.259858
1121,-2.7115843296051025,711.1729736328125,105.09345245361328,0.23314512131179846,-5.851158404804554,89.9115748681111,0.57891476,-0.11620086,8.233752,2.112633,-0.60210556,-9.352971,8.117991,-32.93811,74.36172,9.299291,11.231349,11.372048,2.457655,-9.366176,15.226209,65.80625,-20.156431,4.124528,2.0005388,12.470632,1.924174,7.567838,5.8143964,-12.066252,-2.6122682,7.2514944,-6.689614,4.5414505,9.844923,-13.845679,5.199252
1122,-2.643842935562134,711.2105102539062,105.09136962890625,0.21166124580198947,-5.86102770823039,89.94570833189677,0.5076879,-0.02807325,8.208175,2.143095,-0.4680303,-9.391934,8.033277,-32.99502,74.44263,9.270616,11.21403,11.354507,2.4796395,-9.371605,15.18038,65.75307,-20.192724,4.1425433,1.9941385,12.508346,2.002083,7.556987,5.8156843,-12.084493,-2.6711006,7.285798,-6.609455,4.504519,9.868938,-13.884349,5.140046
1123,-2.58158802986145,711.2451171875,105.08783721923828,0.19025181827195242,-5.876688128918071,89.97700803370275,0.4273117,0.056760818,8.193617,2.1810672,-0.33870277,-9.401181,7.972857,-33.040546,74.481064,9.252439,11.213075,11.332464,2.4803653,-9.373433,15.144595,65.7157,-20.213999,4.158851,1.9859498,12.552444,2.0755367,7.5502477,5.8162527,-12.102748,-2.7261908,7.3203692,-6.5328355,4.470679,9.901832,-13.927136,5.084846
1124,-2.5171008110046387,711.2841796875,105.08465576171875,0.1738040974597834,-5.903776297271939,90.00135787326552,0.36054236,0.14177226,8.191297,2.2088993,-0.20908292,-9.4227,7.8981767,-33.100456,74.54395,9.264613,11.220677,11.320716,2.4713538,-9.37598,15.105019,65.69345,-20.19017,4.161376,1.9799793,12.61286,2.1426046,7.554515,5.8183613,-12.126657,-2.7809858,7.37334,-6.4606147,4.437585,9.930613,-13.972276,5.029135
1125,-2.4557526111602783,711.31494140625,105.07893371582031,0.16289158067804396,-5.950413558488879,90.01498460503213,0.29448897,0.22151648,8.217404,2.2429879,-0.09034451,-9.422222,7.842849,-33.151066,74.56149,9.343685,11.265757,11.317135,2.431897,-9.379629,15.084575,65.69963,-20.10037,4.142955,1.98066,12.695304,2.1980643,7.5747786,5.8193855,-12.151282,-2.8314426,7.4205794,-6.3957105,4.4183016,10.001226,-14.035978,4.9778214
1126,-2.395625352859497,711.3424682617188,105.0728759765625,0.15602014490737853,-6.01127391132613,90.02095649781037,0.25399888,0.30779058,8.254029,2.2547176,0.030648144,-9.466651,7.738371,-33.23578,74.67023,9.457243,11.30499,11.332624,2.3939304,-9.390617,15.056014,65.71566,-19.959211,4.113996,1.9813328,12.79403,2.2457635,7.6065207,5.8204255,-12.177392,-2.8794646,7.480028,-6.336266,4.402925,10.075974,-14.1020355,4.928647
1127,-2.3378944396972656,711.3773193359375,105.0665512084961,0.15009940810587719,-6.072687443781909,90.02550649556645,0.20883791,0.39247862,8.293721,2.2691395,0.15514483,-9.492977,7.6455975,-33.31103,74.75615,9.564761,11.347861,11.344246,2.3439012,-9.403229,15.033095,65.73644,-19.797478,4.082277,1.9834907,12.896614,2.2903414,7.640623,5.823367,-12.208684,-2.925637,7.5506225,-6.279932,4.3848042,10.140619,-14.168077,4.8809147
1128,-2.2806718349456787,711.4085083007812,105.061279296875,0.14046988964907636,-6.1216368521125,90.03496357112567,0.16062182,0.47714365,8.317498,2.2794697,0.29379132,-9.5099535,7.553751,-33.388344,74.84703,9.606202,11.368221,11.346871,2.2981863,-9.416819,15.006297,65.74798,-19.637747,4.0571756,1.9829335,12.981397,2.3404725,7.6655087,5.8258257,-12.234745,-2.9720135,7.6088943,-6.2202144,4.3656573,10.194915,-14.224234,4.832878
1129,-2.2223262786865234,711.4426879882812,105.05661010742188,0.12788709128142514,-6.15182457024914,90.05259917555792,0.10172877,0.55899936,8.320562,2.2875004,0.44823152,-9.500918,7.479768,-33.462223,74.91352,9.549166,11.364247,11.3312235,2.2529569,-9.427284,14.979661,65.75442,-19.472471,4.0389266,1.9783256,13.04251,2.3973737,7.6761427,5.829104,-12.257649,-3.0193493,7.6491942,-6.156634,4.3437614,10.244922,-14.276909,4.783178
1130,-2.165395736694336,711.4716796875,105.05248260498047,0.11233907058826895,-6.171175831638283,90.07461054897261,0.039202664,0.63820887,8.310966,2.2909486,0.6162312,-9.477903,7.4146276,-33.539597,74.97124,9.425921,11.34448,11.305155,2.2047668,-9.436532,14.951669,65.76138,-19.294125,4.022996,1.9706352,13.086603,2.4583406,7.6780305,5.8322935,-12.275005,-3.0658226,7.6742773,-6.0909986,4.3224316,10.292023,-14.322857,4.7341733
1131,-2.1107301712036133,711.5010375976562,105.04864501953125,0.09662326394553046,-6.187547642869569,90.09619887834855,-0.020868495,0.7181786,8.296622,2.2934275,0.7913042,-9.450663,7.348547,-33.622974,75.034676,9.284557,11.316698,11.278579,2.1587152,-9.445182,14.914633,65.75871,-19.131142,4.0107946,1.962281,13.127179,2.518191,7.6794853,5.8349037,-12.2915535,-3.11106,7.698554,-6.027069,4.3014636,10.333366,-14.365499,4.6867104
1132,-2.0574874877929688,711.5357666015625,105.04417419433594,0.0833414809222459,-6.208831871030882,90.11230252625442,-0.09604865,0.79460937,8.291642,2.3229089,0.9641265,-9.381141,7.3138022,-33.67126,75.03502,9.1902685,11.308897,11.252389,2.097084,-9.448237,14.885063,65.75187,-19.012205,4.002275,1.9564476,13.177088,2.5730321,7.688975,5.839965,-12.314696,-3.155891,7.7321954,-5.9670444,4.2824745,10.374208,-14.412159,4.640515
1133,-2.007999897003174,711.5588989257812,105.03895568847656,0.07153970535949276,-6.236517060552888,90.11903087681185,-0.15006715,0.8775888,8.288549,2.3472643,1.1402252,-9.3352165,7.248951,-33.746872,75.09201,9.127784,11.291638,11.2458105,2.0536988,-9.450192,14.811582,65.71848,-18.952961,4.001093,1.9532442,13.232161,2.6220345,7.7093897,5.8406963,-12.332198,-3.198917,7.7518673,-5.910942,4.2776904,10.437424,-14.463123,4.598155
1134,-1.9577410221099854,711.5868530273438,105.03326416015625,0.06006610095650157,-6.266205950881145,90.12006286193295,-0.21809728,0.9590522,8.289854,2.395831,1.3158145,-9.25267,7.206112,-33.791683,75.1025,9.096544,11.284733,11.242289,1.9955003,-9.448641,14.740543,65.68248,-18.930204,4.0051413,1.9521126,13.292669,2.6701477,7.7375555,5.8425226,-12.353631,-3.2434683,7.7764125,-5.8547072,4.2767444,10.499636,-14.5162,4.5550237
1135,-1.905879020690918,711.6270141601562,105.0273666381836,0.050701385131555025,-6.2982272376985655,90.12144830929299,-0.2744535,1.0403098,8.291452,2.4378252,1.4997742,-9.181495,7.1540265,-33.84353,75.137314,9.082263,11.276059,11.238404,1.9472793,-9.443402,14.652053,65.631,-18.945341,4.0099344,1.9507587,13.363494,2.7159138,7.768202,5.845102,-12.383451,-3.2890155,7.8190765,-5.8001094,4.2689295,10.550042,-14.571939,4.5104985
1136,-1.8621629476547241,711.6636352539062,105.02169036865234,0.0426926933370087,-6.331382638708833,90.12991287018079,-0.32234275,1.1180695,8.2904625,2.4727485,1.6990243,-9.124401,7.094331,-33.901363,75.1995,9.080466,11.270634,11.226558,1.9039809,-9.4363575,14.57627,65.57695,-18.978832,4.0098705,1.9434372,13.431085,2.7555902,7.7897434,5.8481092,-12.410654,-3.3279893,7.869724,-5.753435,4.2510333,10.58734,-14.6206,4.4724092
1137,-1.8153409957885742,711.6959838867188,105.01592254638672,0.035914566657003356,-6.3676335639878285,90.148417963686,-0.37003097,1.1901006,8.289159,2.5086415,1.9158819,-9.074554,7.0362425,-33.95516,75.27219,9.100652,11.278016,11.1984005,1.8528811,-9.432054,14.544942,65.527916,-19.02566,4.0057063,1.9288007,13.498293,2.7963839,7.800781,5.8501225,-12.433832,-3.3673947,7.919609,-5.7058477,4.2235684,10.632786,-14.6725025,4.4329853
1138,-1.7676359415054321,711.7243041992188,105.01016235351562,0.03181884428362651,-6.406181882808341,90.1730223857681,-0.423994,1.2580506,8.290327,2.5533686,2.1422787,-9.012323,6.992157,-33.99417,75.325005,9.144982,11.300906,11.156916,1.7935425,-9.43094,14.551087,65.47709,-19.088287,4.000235,1.9107624,13.564183,2.8350606,7.8047056,5.852203,-12.454063,-3.4058788,7.9668493,-5.6607094,4.190768,10.686154,-14.726888,4.394126
1139,-1.7266610860824585,711.748291015625,105.00524139404297,0.02789735016098263,-6.44464670812099,90.19986038451998,-0.47880974,1.3224267,8.289436,2.6009295,2.3795676,-8.948396,6.9495244,-34.02949,75.38609,9.191257,11.321887,11.117314,1.7337713,-9.430874,14.573909,65.42427,-19.14996,3.9914603,1.8873914,13.626901,2.8694372,7.8045077,5.853375,-12.471166,-3.4393384,8.020642,-5.6212163,4.1533737,10.723446,-14.771583,4.3603134
1140,-1.6802836656570435,711.7835083007812,104.99974822998047,0.024087449318602565,-6.480908021911916,90.22481421726422,-0.5330945,1.3840196,8.283535,2.6486523,2.6248395,-8.8844595,6.901571,-34.062946,75.468765,9.221542,11.326716,11.093419,1.6799148,-9.430113,14.595791,65.3675,-19.193373,3.9779947,1.8581269,13.693926,2.9065819,7.806842,5.855678,-12.495023,-3.4761636,8.078161,-5.577867,4.1168327,10.761245,-14.822324,4.3219066
1141,-1.6354687213897705,711.8150024414062,104.99519348144531,0.01989512668956863,-6.512884218900041,90.24584596452195,-0.58836514,1.4401765,8.27608,2.6977963,2.8753633,-8.799235,6.869275,-34.085873,75.52716,9.219661,11.317662,11.081417,1.6371851,-9.426195,14.60154,65.29259,-19.237017,3.9580905,1.816719,13.75435,2.9430194,7.8092947,5.856995,-12.515472,-3.5111353,8.129242,-5.5355825,4.086556,10.794208,-14.866852,4.284671
1142,-1.5901671648025513,711.8444213867188,104.9911880493164,0.017140408565047408,-6.541889267522003,90.2652892889362,-0.6352908,1.491006,8.258748,2.7386103,3.1409056,-8.729742,6.8224096,-34.116547,75.640724,9.192977,11.277915,11.083139,1.6030015,-9.414456,14.597171,65.21904,-19.28178,3.9296684,1.7599404,13.809977,2.9781697,7.8103046,5.858144,-12.533975,-3.5452316,8.173403,-5.494804,4.060147,10.829826,-14.910559,4.247618
1143,-1.5501621961593628,711.8683471679688,104.98702239990234,0.013026366088038503,-6.571623167630082,90.2863074718317,-0.67940545,1.5405247,8.242772,2.7790172,3.407616,-8.660545,6.777181,-34.149376,75.7546,9.181285,11.247936,11.092978,1.5721182,-9.399285,14.582338,65.14162,-19.316446,3.899448,1.7139753,13.863218,3.0117035,7.809177,5.8585477,-12.549332,-3.5760813,8.216161,-5.4562745,4.0329375,10.862549,-14.949566,4.214223
1144,-1.5121527910232544,711.8934326171875,104.98216247558594,0.007592043454233637,-6.605031671095337,90.31172500481966,-0.73167664,1.5919104,8.237142,2.8294404,3.66388,-8.57622,6.7540116,-34.175133,75.82649,9.222184,11.256696,11.104337,1.5354601,-9.391663,14.575434,65.05911,-19.31464,3.8728669,1.7054267,13.921119,3.0456767,7.8069673,5.858871,-12.5661745,-3.606709,8.268064,-5.417376,3.9986346,10.890928,-14.988973,4.181556
1145,-1.4717223644256592,711.9191284179688,104.97684478759766,-0.0006984472887065806,-6.645009282455371,90.34569253984822,-0.78071827,1.6494981,8.236932,2.8810368,3.9139693,-8.518239,6.718165,-34.222557,75.93316,9.348084,11.310181,11.134464,1.4919549,-9.3853,14.572099,64.98689,-19.240622,3.8499985,1.7558254,13.986169,3.0850549,7.802296,5.8587556,-12.583786,-3.6408446,8.336291,-5.373072,3.9512095,10.908891,-15.026134,4.1459637
