Frame,root_translateX,root_translateY,root_translateZ,root_rotateX,root_rotateY,root_rotateZ,waist_yaw_joint,waist_roll_joint,waist_pitch_joint,head_yaw_joint,head_pitch_joint,left_shoulder_pitch_joint,left_shoulder_roll_joint,left_shoulder_yaw_joint,left_elbow_joint,left_wrist_roll_joint,left_wrist_pitch_joint,left_wrist_yaw_joint,right_shoulder_pitch_joint,right_shoulder_roll_joint,right_shoulder_yaw_joint,right_elbow_joint,right_wrist_roll_joint,right_wrist_pitch_joint,right_wrist_yaw_joint,left_hip_pitch_joint,left_hip_roll_joint,left_hip_yaw_joint,left_knee_joint,left_ankle_pitch_joint,left_ankle_roll_joint,right_hip_pitch_joint,right_hip_roll_joint,right_hip_yaw_joint,right_knee_joint,right_ankle_pitch_joint,right_ankle_roll_joint
0,0.020677221938967705,3.502906560897827,107.49105072021484,-0.3560589433903873,-4.864487525045048,-88.35614227941538,0.95537543,-0.84930855,8.535357,-0.9917176,-7.8170104,-2.9286032,7.974804,-12.751663,70.58297,17.020273,3.9369874,11.863757,-3.005594,-8.487833,18.04455,70.698425,-17.102894,4.5327263,-8.049798,7.779754,5.112209,-3.3772726,5.591258,-8.403484,-5.211467,8.510722,-2.5387712,-14.244442,5.590737,-8.944646,5.4201427
1,0.017191341146826744,3.5088202953338623,107.49327087402344,-0.350061994630054,-4.866450936351022,-88.3495830041178,0.9593884,-0.846242,8.5643635,-1.0115534,-7.8274016,-3.1119215,8.021871,-13.039863,70.784706,16.971003,3.9219098,11.782758,-3.0844886,-8.51473,18.256481,70.77537,-16.991081,4.559862,-7.977728,7.7750397,5.1071887,-3.3875434,5.5922575,-8.3977785,-5.211136,8.5109,-2.5436182,-14.25335,5.590333,-8.941821,5.4183545
2,0.00652304757386446,3.5159294605255127,107.4946517944336,-0.3450121415945801,-4.869913580683959,-88.34367434439635,0.9659186,-0.8484911,8.591157,-1.0316919,-7.8328905,-3.277568,8.082249,-13.348527,70.96714,16.881662,3.9133363,11.717388,-3.148503,-8.53896,18.454765,70.84841,-16.83374,4.5819826,-7.9205036,7.772135,5.107661,-3.3967662,5.5931363,-8.392286,-5.215415,8.511413,-2.543001,-14.261419,5.590379,-8.939529,5.4117293
3,0.007272978313267231,3.5134634971618652,107.49553680419922,-0.339311686982696,-4.870036167032457,-88.3362925425812,0.97718036,-0.8511026,8.618457,-1.059058,-7.844192,-3.4828763,8.154287,-13.710519,71.18137,16.78365,3.896738,11.619025,-3.2454402,-8.56422,18.711761,70.94445,-16.727169,4.607015,-7.8404994,7.7695413,5.100541,-3.4066825,5.595649,-8.391862,-5.212543,8.514064,-2.5500581,-14.272002,5.5915804,-8.941742,5.413479
4,0.0026396941393613815,3.531074047088623,107.49662780761719,-0.33708382445112983,-4.862135790628858,-88.32532015542995,0.997108,-0.8526242,8.64595,-1.1015766,-7.8673034,-3.7878528,8.254369,-14.220671,71.48048,16.646011,3.8591292,11.442345,-3.427804,-8.600753,19.1492,71.09818,-16.716705,4.641047,-7.70583,7.744261,5.1018353,-3.4252305,5.595688,-8.376309,-5.216218,8.494531,-2.550423,-14.27904,5.590924,-8.930272,5.408856
5,-0.0008290473488159478,3.545914888381958,107.4981918334961,-0.3392225893305434,-4.841021488822549,-88.30966519283476,1.0252023,-0.85192037,8.670866,-1.160407,-7.908568,-4.197199,8.383893,-14.910309,71.88356,16.415888,3.7817364,11.161704,-3.7022223,-8.651118,19.831093,71.32486,-16.795221,4.6783495,-7.495829,7.700015,5.108699,-3.4511516,5.6004314,-8.361358,-5.222565,8.458648,-2.5465302,-14.285425,5.5936937,-8.920118,5.4036345
6,0.001255069044418633,3.5532236099243164,107.50043487548828,-0.3451667156784581,-4.81080183811386,-88.29058198879288,1.0557207,-0.8507586,8.694494,-1.2273397,-7.962827,-4.6785016,8.539321,-15.741009,72.35276,16.105066,3.6783597,10.80289,-4.045247,-8.712198,20.712166,71.600716,-16.918535,4.719093,-7.230257,7.648611,5.1173077,-3.4802518,5.604032,-8.347806,-5.2277265,8.416393,-2.5415921,-14.293073,5.59668,-8.91257,5.401694
7,-0.0007369685918092728,3.576885938644409,107.50213623046875,-0.3499695927309522,-4.779643840291411,-88.26949383735571,1.0830033,-0.8505134,8.722316,-1.2950786,-8.021015,-5.234878,8.718818,-16.663645,72.85526,15.82041,3.5821817,10.394106,-4.462374,-8.780734,21.715483,71.90142,-17.112818,4.776814,-6.932745,7.5851192,5.1274495,-3.5148551,5.607436,-8.324163,-5.2359095,8.3627205,-2.5358295,-14.299421,5.599176,-8.895179,5.395961
8,-0.006698863580822945,3.6044623851776123,107.50533294677734,-0.3520540498881981,-4.754811281626349,-88.24718787117668,1.1028048,-0.8536445,8.758956,-1.3576012,-8.074286,-5.8707023,8.921915,-17.630054,73.36084,15.670434,3.52497,9.964166,-4.9588127,-8.855415,22.757393,72.20493,-17.410316,4.8638024,-6.6266923,7.525445,5.1362915,-3.550431,5.6116695,-8.298971,-5.244521,8.313293,-2.5311666,-14.30866,5.6026244,-8.876569,5.389035
9,-0.016222799196839333,3.6336450576782227,107.50878143310547,-0.3498717616848163,-4.741959900870036,-88.22310079279053,1.1165996,-0.8595423,8.813315,-1.4199368,-8.120916,-6.5919867,9.145094,-18.661966,73.87141,15.712166,3.5115535,9.483162,-5.530606,-8.930508,23.837996,72.50166,-17.88171,5.0027633,-6.291956,7.4773917,5.1414914,-3.5857449,5.6180525,-8.275443,-5.2517657,8.27835,-2.528903,-14.32433,5.6065116,-8.85999,5.382326
10,-0.021522123366594315,3.67671537399292,107.51181030273438,-0.3456726035356147,-4.736017984127139,-88.1970651658254,1.1295292,-0.86844873,8.88016,-1.4865307,-8.164594,-7.3983793,9.383943,-19.778625,74.40253,15.880353,3.523607,8.946514,-6.1713243,-9.002654,24.981956,72.80251,-18.500336,5.176855,-5.9215465,7.4283433,5.1412644,-3.6242387,5.6241465,-8.244007,-5.2549167,8.243384,-2.5321517,-14.342145,5.610225,-8.835243,5.3783474
11,-0.026441019028425217,3.7240054607391357,107.51414489746094,-0.3401364564311369,-4.728111090004173,-88.17035655764262,1.1422338,-0.8807381,8.942927,-1.5507969,-8.206837,-8.283232,9.637402,-20.923605,74.940796,16.10464,3.5566075,8.42003,-6.8802514,-9.075683,26.141932,73.11123,-19.151682,5.3416166,-5.557936,7.372756,5.13923,-3.6655185,5.6309557,-8.209104,-5.2578397,8.202315,-2.5379448,-14.359557,5.6156983,-8.808194,5.3748245
12,-0.03399287909269333,3.7779226303100586,107.51847076416016,-0.33410132600011155,-4.709878148034745,-88.14466709234055,1.1547315,-0.89807624,8.986653,-1.605342,-8.244922,-9.238348,9.906821,-22.03049,75.47085,16.323664,3.6079538,7.9681273,-7.658296,-9.159224,27.264254,73.43028,-19.728008,5.4547,-5.24288,7.29931,5.138496,-3.7108908,5.6379385,-8.167573,-5.264284,8.143397,-2.5436845,-14.371834,5.6208425,-8.774785,5.368453
13,-0.039376553148031235,3.8391823768615723,107.52268981933594,-0.32619640468851857,-4.681240288295915,-88.12246813085491,1.1698617,-0.9204333,9.012587,-1.6469736,-8.286582,-10.264628,10.190271,-23.10262,75.98946,16.567053,3.689645,7.6045246,-8.501251,-9.258231,28.359486,73.75594,-20.218102,5.499556,-4.9838057,7.207953,5.134436,-3.7582781,5.644727,-8.118422,-5.2717533,8.064083,-2.5546985,-14.376429,5.628489,-8.734738,5.3622904
14,-0.04701723903417587,3.910027027130127,107.52893829345703,-0.3167987337167941,-4.646532398107694,-88.10237285634761,1.1862038,-0.94601506,9.028581,-1.6796029,-8.330641,-11.364823,10.484948,-24.165094,76.50179,16.859095,3.7981489,7.2927675,-9.406867,-9.371627,29.44949,74.0781,-20.674086,5.503333,-4.7562685,7.102601,5.1300273,-3.8079855,5.6509213,-8.061104,-5.282145,7.96961,-2.567158,-14.375618,5.6367044,-8.687435,5.353632
15,-0.04904210940003395,3.970731019973755,107.53368377685547,-0.30786082192384373,-4.602674123489598,-88.07961587720582,1.1982788,-0.972767,9.029361,-1.7075983,-8.366038,-12.535078,10.792822,-25.182642,77.0033,17.132359,3.909075,7.022079,-10.379595,-9.499978,30.493443,74.38707,-21.08532,5.491855,-4.55439,6.989357,5.1228747,-3.861851,5.659966,-8.008468,-5.2894034,7.8694935,-2.583002,-14.376532,5.6468844,-8.644882,5.349506
16,-0.056153226643800735,4.047650337219238,107.53981018066406,-0.29862262725967853,-4.546861816449674,-88.04985031831364,1.200338,-0.99934316,9.010847,-1.7348039,-8.384314,-13.770607,11.119862,-26.112873,77.48641,17.325907,3.9990964,6.78108,-11.424573,-9.646024,31.443563,74.672035,-21.449022,5.490458,-4.370976,6.8485017,5.1193604,-3.9301317,5.668034,-7.9423475,-5.3002405,7.745226,-2.5965028,-14.3771105,5.6559544,-8.590826,5.340505
17,-0.06779661774635315,4.128891944885254,107.54769897460938,-0.28826642100032457,-4.476388020800732,-88.00929527938216,1.1877337,-1.0266368,8.970477,-1.758531,-8.384898,-15.065733,11.471688,-26.92797,77.93973,17.41593,4.0701632,6.583471,-12.538595,-9.812596,32.263123,74.918495,-21.74755,5.506991,-4.196706,6.682467,5.118255,-4.015323,5.676694,-7.869864,-5.313651,7.6004353,-2.6088316,-14.382284,5.6659803,-8.533088,5.3286095
18,-0.0844566822052002,4.216568470001221,107.55593872070312,-0.2780466879003005,-4.393752789399063,-87.9611956398741,1.1649917,-1.0555565,8.913331,-1.778234,-8.372566,-16.42409,11.849606,-27.653667,78.36213,17.444283,4.134875,6.427267,-13.720602,-10.00055,32.978947,75.12878,-21.997274,5.5294423,-4.035632,6.4930444,5.1209393,-4.1139913,5.6868796,-7.790574,-5.330812,7.436152,-2.6184127,-14.389239,5.677337,-8.470968,5.3128114
19,-0.09173031151294708,4.319301605224609,107.56425476074219,-0.2693375043989333,-4.3043403419756165,-87.91133980662151,1.1383779,-1.0854906,8.845695,-1.7989385,-8.348705,-17.854841,12.252868,-28.330881,78.76295,17.443365,4.186492,6.2795224,-14.982586,-10.210221,33.646816,75.32302,-22.240595,5.552577,-3.9012842,6.285004,5.119554,-4.219701,5.6962748,-7.6998334,-5.3428483,7.2549486,-2.6328342,-14.392815,5.6870112,-8.396507,5.301033
20,-0.09732759743928909,4.414867401123047,107.57132720947266,-0.26260656548688066,-4.213378016337534,-87.86553164745932,1.1137401,-1.1145811,8.774731,-1.8254848,-8.314351,-19.36624,12.678593,-29.001436,79.15049,17.444183,4.217471,6.1071863,-16.334345,-10.439281,34.32669,75.516495,-22.515373,5.572269,-3.8070447,6.079804,5.119298,-4.3201017,5.7067676,-7.614058,-5.353376,7.0734773,-2.6460304,-14.391847,5.6992273,-8.325797,5.2906365
21,-0.10772130638360977,4.526791095733643,107.57904052734375,-0.26164642886730743,-4.123540365883569,-87.82324354642049,1.0915719,-1.1430846,8.698128,-1.8610498,-8.271301,-20.965115,13.125234,-29.661163,79.52669,17.443447,4.221904,5.893969,-17.785412,-10.684845,35.03343,75.7156,-22.835978,5.595504,-3.7679002,5.8650327,5.1282516,-4.419763,5.719429,-7.520293,-5.367525,6.8815966,-2.649898,-14.382736,5.710351,-8.24439,5.2744546
22,-0.10546202212572098,4.636483192443848,107.58611297607422,-0.2614673277777516,-4.032022171563747,-87.78219861753739,1.0662943,-1.1709255,8.613884,-1.8997827,-8.216614,-22.64715,13.5924225,-30.297693,79.8881,17.426579,4.20499,5.6615763,-19.33266,-10.944315,35.74961,75.91366,-23.173096,5.62221,-3.773713,5.632731,5.1287894,-4.5238686,5.7638583,-7.442952,-5.372684,6.6879416,-2.6607802,-14.371441,5.7225294,-8.161957,5.2666316
23,-0.11225056648254395,4.753035545349121,107.59397888183594,-0.26445756247250085,-3.935059083828418,-87.74479270699655,1.0354328,-1.1986892,8.528263,-1.933381,-8.152102,-24.404833,14.077817,-30.943624,80.23627,17.40524,4.1752324,5.433458,-20.96893,-11.215636,36.48567,76.1112,-23.50093,5.635409,-3.8004634,5.328493,5.133459,-4.648344,5.92263,-7.4178863,-5.384801,6.480988,-2.6628013,-14.352488,5.735822,-8.07545,5.2510047
24,-0.12717393040657043,4.885100364685059,107.60021209716797,-0.26657301720580323,-3.8290904842477635,-87.71366391365184,0.9978097,-1.2262878,8.447333,-1.9548558,-8.078106,-26.232609,14.576564,-31.637823,80.57525,17.384933,4.140855,5.233876,-22.687428,-11.497495,37.25334,76.308464,-23.790693,5.6178637,-3.8251438,4.986129,5.140439,-4.779288,6.114524,-7.3990455,-5.404492,6.25018,-2.6619318,-14.321246,5.749587,-7.9775677,5.227393
25,-0.13531598448753357,5.0120038986206055,107.60591888427734,-0.2660823909626041,-3.7150842239857793,-87.68867960060074,0.95376694,-1.2541338,8.374461,-1.9700143,-7.982685,-28.139355,15.084322,-32.394794,80.902794,17.370523,4.0952816,5.073824,-24.495165,-11.78949,38.054264,76.50029,-24.040398,5.5581956,-3.8499217,4.6402407,5.1398726,-4.9051538,6.30212,-7.379983,-5.422166,5.988447,-2.674554,-14.276994,5.8084803,-7.9018455,5.2082577
26,-0.14326521754264832,5.149813175201416,107.61151123046875,-0.2647719872306371,-3.5946975661078087,-87.66870161540639,0.90700597,-1.2817211,8.308312,-1.9831942,-7.871153,-30.130026,15.597183,-33.203506,81.21769,17.35266,4.037244,4.939975,-26.390823,-12.089963,38.881416,76.679535,-24.26312,5.4691935,-3.8855703,4.275428,5.1372876,-5.032236,6.4972405,-7.356823,-5.4420433,5.582623,-2.7213395,-14.185385,6.117635,-7.941733,5.1889033
27,-0.15625935792922974,5.289901256561279,107.61810302734375,-0.265681352570833,-3.4655280298383504,-87.65520250438155,0.86098945,-1.3076715,8.247786,-1.9847357,-7.7722435,-32.19398,16.109907,-34.062393,81.526665,17.316643,3.9818661,4.8197284,-28.358232,-12.395755,39.73466,76.84762,-24.453041,5.36823,-3.9211268,3.9040954,5.1405363,-5.154592,6.6824813,-7.32606,-5.466184,5.1708813,-2.7597818,-14.08525,6.409206,-7.9690585,5.163972
28,-0.15926049649715424,5.434731483459473,107.62030029296875,-0.2709977113273783,-3.3251159211448487,-87.6495917063798,0.8198308,-1.3299123,8.191866,-1.9660563,-7.709429,-34.321693,16.61634,-34.971367,81.83796,17.246878,3.9439995,4.7006707,-30.380226,-12.702175,40.613117,77.00612,-24.603363,5.272717,-3.945795,3.4603596,5.1372437,-5.2933426,6.9754314,-7.3443627,-5.4838433,4.7121058,-2.8060522,-13.961229,6.75602,-8.016503,5.1422415
29,-0.16436530649662018,5.590963363647461,107.62305450439453,-0.28416858094905645,-3.1747349814172927,-87.65584021244355,0.786355,-1.3425732,8.141414,-1.9159747,-7.6876583,-36.526146,17.111927,-35.942886,82.16066,17.126534,3.9285688,4.5698037,-32.46813,-13.005816,41.522713,77.15961,-24.711435,5.182662,-3.9602275,2.9915848,5.1435184,-5.4289,7.2827077,-7.361907,-5.503453,4.2455206,-2.836722,-13.820567,7.070592,-8.036479,5.1127815
30,-0.1677468717098236,5.7425456047058105,107.6238784790039,-0.3022568341895295,-3.015162565208174,-87.6720019116395,0.75790167,-1.348055,8.09854,-1.8422767,-7.6939473,-38.80898,17.592604,-36.975365,82.486176,16.967154,3.9278955,4.438225,-34.628242,-13.304102,42.463303,77.30491,-24.781088,5.090248,-3.9696488,2.4996943,5.152834,-5.56256,7.6209726,-7.3965354,-5.522158,3.768481,-2.8608007,-13.665504,7.3832593,-8.054504,5.08133
31,-0.17366382479667664,5.893301010131836,107.6244125366211,-0.32000063834985515,-2.843069730985597,-87.69060615964135,0.7298759,-1.3566077,8.063337,-1.7640904,-7.7364206,-41.145493,18.053404,-38.04491,82.80002,16.798296,3.93705,4.329855,-36.836937,-13.593431,43.426113,77.43719,-24.817114,5.001384,-3.971412,1.9934628,5.162544,-5.6977158,7.956486,-7.4273725,-5.542003,3.270746,-2.883772,-13.501393,7.70433,-8.074388,5.0477405
32,-0.17636263370513916,6.0520758628845215,107.62010955810547,-0.3296631475245412,-2.6554353784750306,-87.70410056761986,0.6969345,-1.377953,8.035197,-1.6997366,-7.8240147,-43.51083,18.489902,-39.123466,83.09131,16.652632,3.9500208,4.269651,-39.07258,-13.870264,44.402138,77.55585,-24.825092,4.920628,-3.9627202,1.430521,5.155949,-5.855164,8.348553,-7.4772477,-5.558157,2.6940634,-2.931598,-13.318704,8.133289,-8.140124,5.019095
33,-0.18574662506580353,6.207089424133301,107.61273956298828,-0.3271836968017575,-2.451830550194203,-87.70971058823706,0.6570562,-1.4190497,8.014603,-1.6558672,-7.958127,-45.91823,18.898787,-40.201385,83.373695,16.550346,3.9689257,4.2658286,-41.341587,-14.131855,45.395084,77.66208,-24.781858,4.8505993,-3.9445267,0.850528,5.137373,-6.023328,8.733499,-7.521317,-5.5751367,2.0619433,-2.9980626,-13.126731,8.637852,-8.244416,4.9915986
34,-0.20074038207530975,6.388896942138672,107.59989929199219,-0.3175962396264983,-2.233723467750643,-87.71173561179194,0.6135548,-1.472482,8.00307,-1.6222584,-8.135523,-48.375374,19.278254,-41.28797,83.64818,16.47478,3.994769,4.3057218,-43.65299,-14.375517,46.4079,77.75656,-24.692543,4.7896614,-3.9193902,0.20423122,5.1079006,-6.2154555,9.173445,-7.5730915,-5.594563,1.3419783,-3.0811472,-12.910613,9.245155,-8.382378,4.960636
35,-0.20971721410751343,6.565455913543701,107.5831527709961,-0.304752256669566,-2.0018983498851375,-87.71312852000283,0.56703264,-1.5271325,8.00153,-1.5895277,-8.355371,-50.84373,19.626692,-42.38271,83.88478,16.401222,4.0226154,4.388689,-45.99284,-14.599037,47.428993,77.841156,-24.60663,4.731785,-3.8844633,-0.47525424,5.0667686,-6.417496,9.648498,-7.6415315,-5.609729,0.59409106,-3.1725953,-12.686308,9.877418,-8.531326,4.934873
36,-0.21541500091552734,6.731910228729248,107.56082153320312,-0.29239131206740215,-1.7566237625217875,-87.7171191324805,0.52220654,-1.5721608,8.009786,-1.5525825,-8.614112,-53.292076,19.944942,-43.48673,84.05813,16.306719,4.0429754,4.506583,-48.343056,-14.800669,48.442772,77.91926,-24.575626,4.672843,-3.8406515,-1.1945994,5.019261,-6.6292048,10.18028,-7.7411346,-5.6240015,-0.18371847,-3.2666247,-12.450848,10.545021,-8.69931,4.911795
37,-0.2193678468465805,6.895267963409424,107.53141784667969,-0.2846343451453828,-1.4930760143458757,-87.72393864922721,0.48113868,-1.6015112,8.023818,-1.5113871,-8.903588,-55.72125,20.234432,-44.601772,84.15481,16.182674,4.063079,4.6680813,-50.709023,-14.979955,49.44671,77.98973,-24.6578,4.61983,-3.7832856,-1.9763916,4.969411,-6.8586226,10.790498,-7.8769116,-5.6405063,-1.0077798,-3.3578312,-12.199356,11.258131,-8.885903,4.887943
38,-0.233866885304451,7.087942123413086,107.4930648803711,-0.2769490993907867,-1.2123821153312688,-87.73210227613862,0.4382271,-1.6234821,8.048846,-1.4650531,-9.233718,-58.13515,20.490162,-45.720943,84.17887,16.03951,4.0953226,4.8849425,-53.0961,-15.133156,50.44764,78.043945,-24.813616,4.5784845,-3.7170925,-2.8382442,4.9177923,-7.1130233,11.475292,-8.02855,-5.666522,-1.9200387,-3.4487085,-11.919976,12.059765,-9.09494,4.8536553
39,-0.24372640252113342,7.273350715637207,107.44578552246094,-0.2641407372414422,-0.9231099371432459,-87.74235914804834,0.39351603,-1.6470248,8.080873,-1.4152606,-9.604356,-60.537376,20.719194,-46.844856,84.17956,15.886604,4.0965486,5.116509,-55.49855,-15.267533,51.43847,78.11676,-24.945534,4.5036197,-3.6389518,-3.7347186,4.8503404,-7.3744526,12.21557,-8.210109,-5.688508,-2.8706095,-3.5511427,-11.62613,12.920584,-9.334283,4.824775
40,-0.25372642278671265,7.460244655609131,107.38737487792969,-0.24094742973984618,-0.6339859879294992,-87.75545872083983,0.35798046,-1.6790105,8.138706,-1.3737642,-10.035766,-62.911217,20.919199,-47.970055,84.14325,15.73139,4.063112,5.3439355,-57.877995,-15.375542,52.403755,78.186066,-24.957762,4.413521,-3.5793016,-4.6623554,4.762777,-7.639841,13.016641,-8.421852,-5.70727,-3.8696246,-3.6716957,-11.312857,13.86994,-9.615957,4.7998624
41,-0.2621866762638092,7.6365509033203125,107.31459045410156,-0.20251288061608683,-0.337248525604409,-87.76975248121235,0.3209683,-1.7266307,8.202474,-1.327941,-10.534211,-65.24815,21.091145,-49.077568,84.08088,15.554264,3.9675243,5.582422,-60.246204,-15.460183,53.337933,78.2783,-24.824753,4.271237,-3.5294046,-5.627033,4.647237,-7.9101524,13.885898,-8.6731825,-5.7196913,-4.9277997,-3.8184645,-10.97792,14.923623,-9.953458,4.783192
42,-0.2753024697303772,7.817679405212402,107.22766876220703,-0.15345253467165643,-0.031103080262717953,-87.78550519549498,0.2832885,-1.7842438,8.2741375,-1.2789334,-11.092111,-67.55473,21.235561,-50.169785,83.98501,15.360246,3.8270645,5.838406,-62.609276,-15.522828,54.245876,78.38373,-24.5984,4.0931525,-3.4838524,-6.6378484,4.51249,-8.188972,14.8174095,-8.951407,-5.7321963,-6.0481277,-3.978556,-10.619978,16.062609,-10.32825,4.767209
43,-0.2904854714870453,8.018969535827637,107.12464141845703,-0.09878294143899458,0.2667440517955331,-87.80533106634002,0.24891528,-1.8448474,8.382815,-1.2351629,-11.690759,-69.84275,21.35361,-51.279305,83.87373,15.189373,3.6785655,6.077085,-64.967545,-15.561923,55.139355,78.49414,-24.30138,3.9064803,-3.4368691,-7.691936,4.362309,-8.474553,15.830805,-9.25998,-5.7456775,-7.2137823,-4.144942,-10.239462,17.276463,-10.728141,4.7499824
44,-0.2997654378414154,8.205974578857422,107.00529479980469,-0.04547025478338162,0.538628006174143,-87.83194770204199,0.21469888,-1.902183,8.555754,-1.1979606,-12.310084,-72.12161,21.445751,-52.44039,83.768265,15.076855,3.5607288,6.267986,-67.32489,-15.575986,56.032204,78.60323,-23.95653,3.730656,-3.3782017,-8.74537,4.2034197,-8.751434,16.928896,-9.624143,-5.756297,-8.363876,-4.3102064,-9.850795,18.533062,-11.159983,4.737885
45,-0.3153056800365448,8.41259479522705,106.86840057373047,0.008999108940649592,0.7820536592392461,-87.87049412396546,0.18207924,-1.9607005,8.7975235,-1.1661483,-12.950239,-74.39948,21.511951,-53.683144,83.67224,15.038766,3.4760811,6.389352,-69.68696,-15.563128,56.94131,78.71154,-23.550873,3.5692892,-3.3033228,-9.81495,4.0399203,-9.020814,18.108772,-10.022868,-5.7725964,-9.529149,-4.470297,-9.4393835,19.852287,-11.613128,4.720167
46,-0.32500869035720825,8.618741035461426,106.70952606201172,0.06619121148794725,1.0058009068876463,-87.91789586377163,0.15170589,-2.022251,9.09344,-1.1390177,-13.619427,-76.669815,21.551453,-54.98914,83.57313,15.046037,3.40591,6.461441,-72.05048,-15.522212,57.854725,78.82631,-23.075628,3.4120083,-3.2184463,-10.90458,3.861549,-9.284216,19.382246,-10.472245,-5.785675,-10.713083,-4.6355214,-9.006413,21.244965,-12.102822,4.707643
47,-0.34466081857681274,8.824606895446777,106.53199005126953,0.11835513583777753,1.2084409427383183,-87.96524358973096,0.118070394,-2.0759401,9.442548,-1.1174526,-14.308308,-78.920616,21.56305,-56.312893,83.47102,15.072254,3.3585446,6.517005,-74.4069,-15.453901,58.74112,78.94941,-22.56317,3.2573571,-3.129308,-11.999243,3.689166,-9.548847,20.716238,-10.955709,-5.8080645,-11.890602,-4.783333,-8.572416,22.67188,-12.614895,4.687335
48,-0.3659752309322357,9.053394317626953,106.33518981933594,0.15717926166570262,1.3887948719329009,-88.00326823513562,0.07630852,-2.1105404,9.843653,-1.1034412,-15.00736,-81.14103,21.545822,-57.605732,83.36962,15.094743,3.342057,6.589182,-76.74806,-15.360734,59.56741,79.08452,-22.048428,3.1038964,-3.042227,-13.117314,3.523858,-9.83149,22.116167,-11.4611845,-5.837685,-13.064499,-4.90904,-8.147684,24.117674,-13.13002,4.659339
49,-0.36979201436042786,9.270665168762207,106.11801147460938,0.18067767613991573,1.5406610956148006,-88.02625494963111,0.022373633,-2.1230352,10.300791,-1.1030562,-15.708947,-83.33079,21.500301,-58.865055,83.27156,15.128533,3.369829,6.689961,-79.074135,-15.245879,60.31638,79.23562,-21.555458,2.9510217,-2.9605856,-14.232746,3.3565357,-10.1275,23.588741,-12.012274,-5.8622766,-14.197504,-5.0249577,-7.747618,25.572943,-13.665318,4.639167
50,-0.3744107782840729,9.500872611999512,105.88251495361328,0.1926263819939136,1.6665681964261232,-88.04006940995733,-0.039371837,-2.1189482,10.812548,-1.1147532,-16.421381,-85.49584,21.42701,-60.107384,83.178185,15.183805,3.4335656,6.8010793,-81.38679,-15.111861,61.00056,79.40029,-21.065853,2.7996352,-2.88071,-15.349123,3.1951928,-10.433919,25.105267,-12.580605,-5.893154,-15.312769,-5.123451,-7.3612666,27.042677,-14.207603,4.6133194
51,-0.3756340444087982,9.740592002868652,105.62586975097656,0.19353219699403185,1.777654802813529,-88.05398510313883,-0.09804134,-2.1003175,11.368125,-1.1324706,-17.150122,-87.63312,21.32709,-61.313503,83.09452,15.23252,3.5052094,6.9100113,-83.684616,-14.961563,61.640297,79.581,-20.548998,2.6492343,-2.7984407,-16.47947,3.036995,-10.745918,26.671152,-13.16964,-5.9260945,-16.429781,-5.2062044,-6.9741273,28.536818,-14.7591095,4.5854073
52,-0.38246625661849976,9.983025550842285,105.34671783447266,0.18337225584239522,1.885275330477115,-88.07716909066045,-0.14315398,-2.0676384,11.955767,-1.149981,-17.901339,-89.73682,21.203773,-62.45745,83.02567,15.251748,3.555347,7.005082,-85.966125,-14.798348,62.258217,79.779564,-19.972162,2.4990666,-2.7091699,-17.629026,2.8896837,-11.058673,28.278639,-13.779098,-5.96548,-17.563274,-5.264554,-6.5759153,30.060804,-15.323119,4.550477
53,-0.38015326857566833,10.237290382385254,105.04595184326172,0.15609228232592637,1.988154943658393,-88.1091508481107,-0.17937775,-2.0108984,12.580785,-1.161665,-18.690062,-91.81629,21.061731,-63.533775,82.98384,15.233621,3.5788462,7.0821896,-88.240005,-14.626031,62.85992,79.99749,-19.280735,2.343846,-2.6064465,-18.802488,2.750401,-11.374871,29.928835,-14.403691,-6.003048,-18.70817,-5.2986207,-6.1686726,31.597559,-15.884278,4.5153933
54,-0.3681822121143341,10.48339557647705,104.72321319580078,0.11303414265236732,2.0815870980701145,-88.14608506581865,-0.20989953,-1.9317484,13.245602,-1.1732928,-19.509363,-93.87003,20.904783,-64.55159,82.96238,15.194795,3.5901735,7.147792,-90.50538,-14.447188,63.438084,80.23247,-18.50347,2.1881065,-2.493266,-19.981976,2.6182997,-11.692128,31.621635,-15.055634,-6.038358,-19.846098,-5.3128543,-5.761595,33.15113,-16.458652,4.483077
55,-0.3605852425098419,10.734743118286133,104.37741088867188,0.06671652554817012,2.1716804684333213,-88.19213005651419,-0.22760355,-1.847226,13.932809,-1.1904083,-20.326715,-95.87766,20.734514,-65.5057,82.94452,15.149352,3.591727,7.206597,-92.74399,-14.26284,63.997715,80.4764,-17.733902,2.0443027,-2.379701,-21.173004,2.4882095,-12.006261,33.33812,-15.716473,-6.0785017,-21.003504,-5.311995,-5.3431687,34.735874,-17.04345,4.4463105
56,-0.35928934812545776,10.99600601196289,104.00630187988281,0.02985836586291634,2.264663641526151,-88.25135458129466,-0.23889627,-1.7697346,14.631729,-1.2053083,-21.12012,-97.84987,20.541325,-66.38903,82.92654,15.11376,3.601658,7.2445183,-94.94757,-14.067084,64.551674,80.705795,-17.06378,1.9324284,-2.2708185,-22.381014,2.3472438,-12.309941,35.072025,-16.378803,-6.1222315,-22.203087,-5.308203,-4.900267,36.3675,-17.64032,4.406839
57,-0.3513956069946289,11.25479793548584,103.6117172241211,0.0032308279026883793,2.3541373758753603,-88.32840658800868,-0.19938834,-1.7080092,15.332681,-1.2562124,-21.865501,-99.70718,20.339996,-67.17014,82.89329,15.113101,3.5742793,7.3213468,-97.09748,-13.866811,65.06746,80.97377,-16.521568,1.8350025,-2.1959863,-23.5879,2.191358,-12.589614,36.823414,-17.051346,-6.160711,-23.424173,-5.30866,-4.432321,38.03428,-18.250076,4.3753834
58,-0.33772844076156616,11.5145902633667,103.19097137451172,-0.018960842955417927,2.439688933573205,-88.41982783600352,-0.15422948,-1.6442994,16.055239,-1.3028635,-22.593552,-101.53584,20.121288,-67.86009,82.8705,15.137098,3.5532994,7.3810315,-99.22146,-13.656396,65.562225,81.231804,-16.06054,1.7665014,-2.1307502,-24.802706,2.0263908,-12.85358,38.60306,-17.737925,-6.1962953,-24.668356,-5.305276,-3.9431098,39.73785,-18.872267,4.3492203
59,-0.32787129282951355,11.778940200805664,102.74324035644531,-0.034178728110603226,2.5355926804374564,-88.51769541473953,-0.09654895,-1.5871133,16.77326,-1.3548013,-23.30057,-103.30769,19.891094,-68.513214,82.86262,15.142416,3.5206811,7.4291716,-101.309044,-13.439282,66.072426,81.50959,-15.649963,1.7063849,-2.060956,-26.043139,1.8500234,-13.1164665,40.401817,-18.425203,-6.2321973,-25.95291,-5.2944736,-3.4366653,41.475914,-19.501974,4.321324
60,-0.3228626549243927,12.038018226623535,102.2685546875,-0.04018472045536605,2.656359187650314,-88.61438011099217,-0.041185778,-1.541202,17.472174,-1.4016575,-23.990953,-105.044106,19.651129,-69.192955,82.86713,15.079995,3.4910614,7.4347067,-103.36558,-13.215314,66.6464,81.79486,-15.25653,1.6555119,-1.9581035,-27.319975,1.6559247,-13.38699,42.21563,-19.11547,-6.2694526,-27.289394,-5.2779965,-2.9147239,43.249073,-20.144115,4.291916
61,-0.31324025988578796,12.28128719329834,101.7663345336914,-0.03549176594712513,2.809235104639187,-88.70642494989106,0.007933843,-1.5088958,18.143192,-1.4434816,-24.655367,-106.74676,19.40219,-69.914825,82.88096,14.929771,3.468055,7.3886585,-105.39161,-12.983936,67.31087,82.083786,-14.868355,1.6127989,-1.8040382,-28.636526,1.4337156,-13.665314,44.04875,-19.814833,-6.30049,-28.679081,-5.263733,-2.3773544,45.055626,-20.802439,4.269217
62,-0.2929239273071289,12.524707794189453,101.23657989501953,-0.021686339926894678,2.9854774795297825,-88.79821299350834,0.051113788,-1.486586,18.777266,-1.482317,-24.999998,-108.380424,19.166065,-70.63012,82.876465,14.733366,3.455749,7.304376,-107.347855,-12.7662115,68.02045,82.33909,-14.517541,1.5847695,-1.6215827,-29.990383,1.1826792,-13.944883,45.90025,-20.512669,-6.320989,-30.120302,-5.2506633,-1.8204167,46.889008,-21.462635,4.255583
63,-0.28303202986717224,12.77254867553711,100.67577362060547,-0.0007728966844487557,3.1754963521460224,-88.8941303158865,0.102345325,-1.4778653,19.384678,-1.5233693,-24.999998,-109.96619,18.897379,-71.4111,82.91146,14.443488,3.4374187,7.1978884,-109.26504,-12.515992,68.80062,82.62896,-14.148604,1.5681843,-1.439215,-31.377184,0.92091095,-14.226276,47.774597,-21.212704,-6.3476024,-31.607235,-5.220651,-1.2469201,48.757816,-22.130255,4.2353644
64,-0.27721014618873596,13.025179862976074,100.08720397949219,0.025572206008873298,3.369275098996408,-88.99845658863192,0.15209351,-1.4774685,19.990955,-1.5469029,-24.999998,-111.51071,18.625889,-72.20486,82.96954,14.122561,3.4110653,7.0737977,-111.12727,-12.262873,69.5595,82.91449,-13.826586,1.5564481,-1.2930936,-32.77972,0.6515209,-14.499651,49.66343,-21.911575,-6.3761864,-33.121407,-5.1733575,-0.657203,50.64761,-22.797482,4.2119446
65,-0.26137056946754456,13.276537895202637,99.46925354003906,0.06148746426201556,3.5628667060083368,-89.1140627829197,0.21227719,-1.4941831,20.606325,-1.5592778,-24.999998,-113.023445,18.352118,-73.06048,83.03573,13.743876,3.3795195,6.9270015,-112.95484,-12.005669,70.3163,83.196594,-13.574927,1.5676581,-1.1830965,-34.191196,0.3636634,-14.753338,51.57592,-22.617443,-6.3952417,-34.66015,-5.12068,-0.041754924,52.56432,-23.468674,4.1967707
66,-0.24336473643779755,13.526959419250488,98.81926727294922,0.10631604450029818,3.7619190878085758,-89.23805751411038,0.27882802,-1.5278482,21.223484,-1.5597955,-24.999998,-114.50304,18.076637,-73.97389,83.10859,13.300441,3.3460543,6.754478,-114.74546,-11.74422,71.08158,83.47424,-13.379714,1.5967932,-1.0950922,-35.622803,0.060146578,-14.995263,53.516525,-23.33099,-6.4103985,-36.2331,-5.0558915,0.596028,54.514256,-24.146446,4.18441
67,-0.2389458268880844,13.774744987487793,98.14089965820312,0.1506821749943632,3.971500774279305,-89.36592338634817,0.3429563,-1.5676845,21.831047,-1.5444826,-24.999998,-115.94601,17.800499,-74.88932,83.18875,12.819354,3.3195248,6.559654,-116.49018,-11.47993,71.82601,83.74064,-13.173548,1.6301494,-1.0170269,-37.076046,-0.2399746,-15.240573,55.46933,-24.045174,-6.436214,-37.829445,-4.9592357,1.2354646,56.478455,-24.825666,4.1616673
68,-0.22752247750759125,14.016258239746094,97.4396743774414,0.18540579764811488,4.196943327694742,-89.49316674131924,0.39643547,-1.6030196,22.417404,-1.5102003,-24.999998,-117.34736,17.525877,-75.744026,83.27789,12.334562,3.3079536,6.3471394,-118.18078,-11.216049,72.518295,83.99083,-12.893512,1.6537391,-0.93651056,-38.552555,-0.5419112,-15.49193,57.428207,-24.7565,-6.461219,-39.438423,-4.835342,1.8685683,58.431904,-25.495188,4.141754
69,-0.21033453941345215,14.258869171142578,96.71373748779297,0.20752103633797733,4.436811067356135,-89.61924991042292,0.4403016,-1.6284727,22.982456,-1.4544256,-24.999998,-118.707436,17.25643,-76.52748,83.38118,11.82154,3.3015795,6.092738,-119.81982,-10.956355,73.15126,84.227585,-12.503415,1.6673439,-0.8545101,-40.05794,-0.8441878,-15.754251,59.39551,-25.461357,-6.487766,-41.062546,-4.6800303,2.4919715,60.37516,-26.151556,4.1220703
70,-0.19506055116653442,14.487114906311035,95.96507263183594,0.22201189415670292,4.689278771040418,-89.74642446289573,0.4781693,-1.6490971,23.529861,-1.3803915,-24.999998,-120.025444,16.994843,-77.26355,83.49343,11.281207,3.3019693,5.8034596,-121.40812,-10.703433,73.74069,84.45081,-12.046229,1.6780249,-0.7770261,-41.578014,-1.144044,-16.021746,61.369232,-26.169802,-6.5189204,-42.693077,-4.495403,3.1050713,62.31619,-26.808617,4.1001263
71,-0.1776117980480194,14.714545249938965,95.19105529785156,0.23136565369126288,4.971622479878169,-89.87446593057307,0.5048453,-1.6736128,24.0,-1.2930794,-24.999998,-121.24573,16.739264,-77.94087,83.59965,10.7863655,3.3367252,5.5390673,-122.888336,-10.456366,74.2908,84.64479,-11.576478,1.688755,-0.70491505,-43.14253,-1.4531058,-16.297192,63.34792,-26.866463,-6.5512958,-44.36403,-4.280774,3.716757,64.25601,-27.450314,4.0767827
72,-0.15778906643390656,14.93666934967041,94.39556884765625,0.23721341737814322,5.384167568770182,-90.00294021168777,0.49910685,-1.7194958,24.0,-1.1851505,-24.999998,-121.99675,16.477411,-78.53356,83.674965,10.41382,3.445423,5.425704,-123.87412,-10.204488,74.77837,84.75579,-11.145906,1.7163602,-0.712689,-44.862312,-1.7955484,-16.599209,65.30751,-27.516533,-6.5835123,-46.189865,-4.0139575,4.3457565,66.17375,-28.042677,4.047278
73,-0.1394033282995224,15.143086433410645,93.57662200927734,0.24067325795711259,5.816104969537245,-90.13300620750964,0.4829651,-1.774279,24.0,-1.0772334,-24.999998,-122.73191,16.21166,-79.03342,83.76192,10.245612,3.6217575,5.393639,-124.8408,-9.952404,75.239624,84.86977,-10.769219,1.7191904,-0.6824954,-46.60131,-2.1452487,-16.899994,67.26939,-28.165226,-6.6172504,-48.031822,-3.720459,4.96564,68.091896,-28.630877,4.0177617
74,-0.11656279861927032,15.340428352355957,92.73429870605469,0.2406738990985414,6.264097752466946,-90.2645080508463,0.4593715,-1.8336978,24.0,-0.96728545,-24.999998,-123.44862,15.945122,-79.451035,83.86547,10.2239685,3.8468964,5.4147286,-125.78708,-9.7039585,75.68051,84.986755,-10.413544,1.7027042,-0.6248075,-48.36002,-2.5054488,-17.198145,69.23432,-28.808653,-6.6490307,-49.891327,-3.4023342,5.5774107,70.009964,-29.209948,3.9912007
75,-0.09373018145561218,15.534615516662598,91.87236022949219,0.23662394974316597,6.715116292871686,-90.39602686033275,0.4296305,-1.8954992,24.0,-0.85314095,-24.999998,-124.13182,15.680397,-79.816986,83.98845,10.220704,4.0753613,5.4707384,-126.689445,-9.46041,76.089516,85.098625,-10.085003,1.6908967,-0.57958925,-50.123005,-2.8699486,-17.493757,71.19217,-29.440538,-6.683442,-51.750397,-3.0616193,6.171281,71.91933,-29.774736,3.9634066
76,-0.07144731283187866,15.730987548828125,90.99466705322266,0.2282598823206993,7.15624587614096,-90.52610780351651,0.39349198,-1.9596084,24.0,-0.73061526,-24.999998,-124.76684,15.419411,-80.1669,84.13379,10.104583,4.2620277,5.543889,-127.52432,-9.220831,76.451584,85.19808,-9.792848,1.7062234,-0.58739066,-51.87645,-3.2353244,-17.785223,73.1366,-30.05684,-6.7222743,-53.593105,-2.7030492,6.7403297,73.81224,-30.319696,3.9325328
77,-0.05577399209141731,15.924821853637695,90.10260772705078,0.21714587552575365,7.58740662189384,-90.65193345981947,0.34802777,-2.0307598,24.0,-0.59390795,-24.999998,-125.35463,15.164313,-80.50907,84.305275,9.8073635,4.394799,5.6488614,-128.28821,-8.984533,76.76099,85.289505,-9.563601,1.7629656,-0.6643448,-53.615524,-3.6002471,-18.075956,75.06331,-30.657518,-6.7694664,-55.415997,-2.3285263,7.279609,75.69032,-30.848616,3.8951867
78,-0.03411342203617096,16.11795425415039,89.19570922851562,0.20328358621734424,8.014137451385396,-90.77518487985955,0.29218125,-2.1101635,24.0,-0.44419947,-24.999998,-125.90449,14.917368,-80.83416,84.49968,9.404037,4.497431,5.7874675,-128.99454,-8.752302,77.02263,85.37788,-9.38737,1.8447003,-0.78654575,-55.35042,-3.973385,-18.359905,76.97911,-31.24407,-6.8162827,-57.23176,-1.9422169,7.8003087,77.555565,-31.358503,3.860558
79,-0.008981101214885712,16.309951782226562,88.27439880371094,0.18337363171488089,8.43347618384849,-90.9010163763248,0.22900651,-2.1914437,24.0,-0.28778324,-24.999998,-126.41491,14.680108,-81.15237,84.70967,8.978811,4.5780573,5.9227753,-129.6457,-8.524603,77.239876,85.45629,-9.218609,1.9273813,-0.93394446,-57.07883,-4.3468976,-18.637756,78.88427,-31.815582,-6.8632364,-59.033016,-1.5401651,8.299319,79.4037,-31.849007,3.8274415
80,0.01095935981720686,16.493877410888672,87.33832550048828,0.15845608940840536,8.841538210683362,-91.03360796191583,0.15914977,-2.2722895,24.0,-0.12973405,-24.999998,-126.88415,14.453354,-81.47636,84.92875,8.613163,4.6462383,6.017843,-130.24153,-8.301829,77.41118,85.51826,-9.012207,1.9862084,-1.087732,-58.792778,-4.7102413,-18.909277,80.78084,-32.381153,-6.9170213,-60.81363,-1.116172,8.770875,81.24224,-32.330696,3.7859044
81,0.02944926917552948,16.680038452148438,86.39301300048828,0.12239421856605691,9.239727018290111,-91.17825179352711,0.0847136,-2.3459668,24.0,0.026519388,-24.999998,-127.31305,14.238416,-81.809456,85.167816,8.307013,4.6879816,6.05892,-130.78453,-8.084844,77.53117,85.56479,-8.726322,2.0083673,-1.2587543,-60.49827,-5.0536127,-19.182549,82.6601,-32.930473,-6.98331,-62.572727,-0.6674039,9.216173,83.05401,-32.787773,3.7412517
82,0.054433807730674744,16.86295509338379,85.4312515258789,0.06773134206758687,9.627288945187534,-91.33380879588206,0.0066998946,-2.4070227,24.0,0.18480833,-24.999998,-127.70107,14.036217,-82.147446,85.423454,8.02251,4.7055593,6.0662165,-131.27325,-7.8744745,77.60194,85.600266,-8.396024,2.0073972,-1.4507369,-62.2043,-5.3922815,-19.44983,84.543175,-33.470615,-7.0398693,-64.312065,-0.1928611,9.628074,84.85138,-33.227566,3.6944475
83,0.08784285187721252,17.04418182373047,84.4615707397461,0.01784163676595748,10.005746900996854,-91.48876045634084,-0.083507955,-2.4802434,24.0,0.35321954,-24.999998,-128.05605,13.84604,-82.49361,85.67019,7.78553,4.7328477,6.051099,-131.71367,-7.670402,77.63657,85.620544,-8.092115,1.9988618,-1.6323923,-63.892525,-5.738094,-19.701876,86.40231,-33.991337,-7.0938196,-66.03942,0.28061593,10.029105,86.62831,-33.645424,3.6558926
84,0.11420003324747086,17.212369918823242,83.48163604736328,-0.01809861886583866,10.374651299676287,-91.63517206172072,-0.18939419,-2.5777981,24.0,0.5387388,-24.999998,-128.38399,13.665728,-82.852455,85.88431,7.6211905,4.802731,6.0253997,-132.11118,-7.4712462,77.65158,85.62226,-7.8843284,1.9995034,-1.772291,-65.557594,-6.094259,-19.941685,88.24314,-34.50321,-7.1543484,-67.754616,0.7462511,10.418604,88.40144,-34.05968,3.6193144
85,0.14208130538463593,17.375347137451172,82.49476623535156,-0.034261611658076854,10.741033099199306,-91.77120686400437,-0.3131715,-2.7081187,24.0,0.7427213,-24.999998,-128.69516,13.4931345,-83.2322,86.059006,7.57335,4.9353213,5.9726524,-132.47586,-7.275639,77.64971,85.60869,-7.8035,2.008472,-1.8355374,-67.20709,-6.473261,-20.15439,90.056435,-34.992706,-7.2087655,-69.46949,1.1982962,10.805024,90.159195,-34.456215,3.588615
86,0.16261647641658783,17.531330108642578,81.49991607666016,-0.04079780656139725,11.103140067356255,-91.90211556418149,-0.45081237,-2.8599691,24.0,0.9614475,-24.999998,-128.98572,13.327305,-83.63071,86.21146,7.6156974,5.1080866,5.8919787,-132.80557,-7.083016,77.626335,85.582726,-7.8073635,2.0187414,-1.8462918,-68.84364,-6.8588676,-20.353405,91.847435,-35.46537,-7.267073,-71.179825,1.6504325,11.176629,91.90626,-34.838867,3.5556269
87,0.18507179617881775,17.68630027770996,80.50166320800781,-0.04164102073333394,11.445959586276048,-92.02703977457843,-0.60029536,-3.0250201,24.0,1.1943091,-24.999998,-129.23822,13.168269,-84.03349,86.3566,7.669007,5.2889953,5.8205304,-133.0826,-6.893195,77.5842,85.54422,-7.854069,2.0382893,-1.8629173,-70.45299,-7.251411,-20.539127,93.61536,-35.918198,-7.3242283,-72.86689,2.098298,11.535871,93.63325,-35.202106,3.5271053
88,0.20529252290725708,17.851715087890625,79.50761413574219,-0.04287089322198055,11.754213612987424,-92.14576507828637,-0.7580617,-3.1916225,24.0,1.4395792,-24.999998,-129.43407,13.016794,-84.42266,86.50759,7.655629,5.4464607,5.7961082,-133.28964,-6.7062163,77.528046,85.492355,-7.9001703,2.0744905,-1.9435853,-72.020645,-7.642843,-20.7217,95.34807,-36.340267,-7.385529,-74.50893,2.5456605,11.87196,95.325226,-35.53609,3.4956927
89,0.24270100891590118,18.016820907592773,78.51310729980469,-0.03677225665855656,12.022733473653275,-92.25522501586485,-0.9282117,-3.3687885,24.0,1.7053648,-24.999998,-129.56682,12.874853,-84.80259,86.66618,7.5469165,5.5733886,5.835491,-133.4187,-6.521953,77.46004,85.42145,-7.9555445,2.1411479,-2.1066651,-73.53611,-8.046189,-20.877556,97.05987,-36.745415,-7.43067,-76.107346,2.9751878,12.21405,96.99639,-35.853203,3.4847488
90,0.2653283178806305,18.17870330810547,77.52237701416016,-0.02286196951858677,12.26031489598576,-92.35639954553254,-1.1112776,-3.5600939,24.0,1.9908246,-24.999998,-129.64847,12.743496,-85.17966,86.825325,7.387872,5.6861525,5.915591,-133.48254,-6.339871,77.37969,85.33379,-8.03476,2.2301764,-2.3188822,-75.005264,-8.443884,-21.030329,98.73965,-37.13238,-7.4885755,-77.66207,3.4019084,12.535436,98.64589,-36.15834,3.464092
91,0.2832777798175812,18.34035301208496,76.53643035888672,-0.017482741898300957,12.472602348025374,-92.4556115379268,-1.2974719,-3.7428155,24.0,2.2792926,-24.999998,-129.68806,12.621705,-85.53573,86.985794,7.213183,5.78776,6.0149403,-133.4952,-6.15993,77.28988,85.244415,-8.101386,2.3159044,-2.5610561,-76.44328,-8.831472,-21.191242,100.39296,-37.499924,-7.5557127,-79.17512,3.8326674,12.825293,100.26409,-36.4426,3.4366665
92,0.31069710850715637,18.49863624572754,75.55895233154297,-0.037754669477140054,12.665456370215825,-92.55950723537565,-1.4742709,-3.892207,24.0,2.5504243,-24.999998,-129.69223,12.506215,-85.84658,87.14766,7.060764,5.8819647,6.1126256,-133.4715,-5.9824266,77.19891,85.16734,-8.118434,2.3721635,-2.812705,-77.85762,-9.204811,-21.367048,102.02238,-37.85059,-7.6235876,-80.64224,4.26986,13.074954,101.839005,-36.70075,3.4105306
93,0.3482595980167389,18.653369903564453,74.58914947509766,-0.08585498200142953,12.8349266852514,-92.66425310676308,-1.6427983,-3.9996471,24.0,2.7884927,-24.999998,-129.65108,12.393604,-86.09848,87.316605,6.9646907,5.958139,6.208453,-133.40433,-5.809265,77.11379,85.11057,-8.048526,2.3762546,-3.0876067,-79.2458,-9.566588,-21.561337,103.63083,-38.185623,-7.691904,-82.05885,4.707033,13.281868,103.37255,-36.936935,3.3862925
94,0.3974766135215759,18.80206871032715,73.62793731689453,-0.1538028755520671,12.979835842314658,-92.76841469259807,-1.803588,-4.0757036,24.0,3.0020225,-24.999998,-129.56331,12.282071,-86.29849,87.492905,6.901269,6.0177593,6.3122506,-133.29105,-5.641755,77.036705,85.06606,-7.918973,2.3462834,-3.388379,-80.60129,-9.921431,-21.763426,105.21649,-38.506306,-7.7557187,-83.426796,5.1374073,13.459351,104.86826,-37.15465,3.3690717
95,0.44844523072242737,18.942411422729492,72.6732406616211,-0.2427943959627249,13.109948787681768,-92.88209710902494,-1.9437821,-4.1221666,24.0,3.2061172,-24.999998,-129.44853,12.1706,-86.45368,87.66884,6.819891,6.08166,6.419055,-133.15202,-5.4793177,76.96668,85.02767,-7.7901,2.3173494,-3.6786175,-81.93677,-10.260819,-21.98356,106.782906,-38.81652,-7.826464,-84.7574,5.5753226,13.5998125,106.331085,-37.35412,3.3477144
96,0.5019755363464355,19.07122039794922,71.7260513305664,-0.35372214815572756,13.235215434247099,-93.01524425931191,-2.0514526,-4.14003,24.0,3.4161673,-24.999998,-129.3259,12.058954,-86.57102,87.83681,6.669664,6.1700864,6.524431,-133.00688,-5.319837,76.901,84.991646,-7.721827,2.3253298,-3.9225607,-83.26048,-10.581105,-22.222345,108.330826,-39.12072,-7.905328,-86.06035,6.0296764,13.704671,107.75967,-37.53319,3.322995
97,0.555659830570221,19.18941307067871,70.78062438964844,-0.5055460252720925,13.36051806255872,-93.18193508491599,-2.1075418,-4.1047187,24.0,3.6367366,-24.999998,-129.19788,11.94663,-86.62721,87.997345,6.405455,6.28915,6.6328893,-132.86586,-5.1622176,76.83195,84.96152,-7.7325745,2.3871353,-4.0953217,-84.59164,-10.8697405,-22.506603,109.873665,-39.422115,-8.002693,-87.33924,6.518739,13.748222,109.15515,-37.687386,3.2826643
98,0.6194983124732971,19.30036735534668,69.84098815917969,-0.6918487748029604,13.479674480568477,-93.37318847027163,-2.1214523,-4.018717,24.0,3.8547711,-24.999998,-129.0543,11.832814,-86.62172,88.15258,6.0660663,6.4265513,6.746645,-132.7176,-5.006839,76.76574,84.94252,-7.79065,2.4813828,-4.2198553,-85.92041,-11.140201,-22.82108,111.405304,-39.71408,-8.105254,-88.59139,7.0253725,13.746136,110.513535,-37.81431,3.240334
99,0.6863958835601807,19.400259017944336,68.906982421875,-0.8762344745597278,13.585626356875933,-93.56425793727892,-2.12697,-3.9283912,24.0,4.0640907,-24.999998,-128.89685,11.717544,-86.60459,88.29956,5.72215,6.5754867,6.856549,-132.55124,-4.85276,76.72131,84.930176,-7.879386,2.5865352,-4.332933,-87.22221,-11.414742,-23.129309,112.91536,-39.996235,-8.206484,-89.82221,7.520219,13.737453,111.85132,-37.93054,3.2060637
100,0.7443258762359619,19.507732391357422,67.99034118652344,-1.0216987274393838,13.671675678316856,-93.7302607662514,-2.1618996,-3.8859031,24.0,4.2648892,-24.999998,-128.7294,11.602139,-86.63792,88.438034,5.437855,6.7295413,6.951301,-132.35422,-4.6974993,76.71186,84.91912,-7.981439,2.6813624,-4.473272,-88.480515,-11.714318,-23.397768,114.36956,-40.237007,-8.304409,-91.042465,7.981386,13.753711,113.16194,-38.022156,3.1788533
101,0.7985779047012329,19.61110496520996,67.0883560180664,-1.1095855444516516,13.738497680745285,-93.86706557974954,-2.2431207,-3.9265358,24.0,4.4668536,-24.999998,-128.56027,11.48845,-86.761024,88.571144,5.2303348,6.904306,7.017787,-132.12082,-4.5360694,76.73809,84.90648,-8.106193,2.7784913,-4.651914,-89.68334,-12.040428,-23.593231,115.77301,-40.451466,-8.384941,-92.25523,8.402784,13.829829,114.45897,-38.104137,3.1756423
102,0.8428775072097778,19.713712692260742,66.19969940185547,-1.161953091205361,13.788881389467544,-93.98686950451534,-2.3555517,-4.0242553,24.0,4.6776967,-24.999998,-128.38905,11.37827,-86.9537,88.70258,5.054717,7.097356,7.0623198,-131.85764,-4.36533,76.78533,84.896164,-8.257981,2.883194,-4.8502164,-90.8462,-12.377084,-23.750484,117.13301,-40.640133,-8.464268,-93.45684,8.803891,13.931152,115.73696,-38.16976,3.1785343
103,0.8911570310592651,19.811532974243164,65.32640075683594,-1.2019826191080807,13.819763796677496,-94.08913089245743,-2.4877896,-4.138608,24.0,4.892851,-24.999998,-128.20499,11.273505,-87.183044,88.83003,4.888213,7.2757483,7.102317,-131.57085,-4.1869965,76.84418,84.89224,-8.412616,2.9635205,-5.0624647,-91.96998,-12.726676,-23.886225,118.458885,-40.80836,-8.535055,-94.630745,9.178743,14.043191,116.98875,-38.223755,3.195668
104,0.9432615041732788,19.914016723632812,64.4640121459961,-1.2532743480195938,13.828214393562845,-94.17348490883951,-2.625548,-4.2257032,24.0,5.1029735,-24.999998,-127.99578,11.175368,-87.41013,88.94846,4.7096925,7.407111,7.156389,-131.26624,-4.0068884,76.909645,84.89675,-8.545647,2.9880743,-5.282244,-93.07144,-13.09439,-24.035456,119.759026,-40.945877,-8.6082115,-95.774956,9.528983,14.133627,118.21054,-38.258404,3.2151113
105,1.0024404525756836,20.02132225036621,63.613067626953125,-1.3180524278349226,13.806338667273659,-94.23368296717143,-2.7717783,-4.2815847,24.0,5.30296,-24.999998,-127.74904,11.084901,-87.62409,89.0523,4.5262265,7.4692802,7.22722,-130.93237,-3.8306649,76.9957,84.908325,-8.667418,2.9324343,-5.5073524,-94.14395,-13.48527,-24.196758,121.03604,-41.049744,-8.678549,-96.8803,9.844669,14.205007,119.404076,-38.277725,3.2404346
106,1.0588788986206055,20.13567543029785,62.777191162109375,-1.385329217120037,13.757859870176915,-94.27212758392079,-2.9278214,-4.3244643,24.0,5.4935718,-24.999998,-127.47279,11.00181,-87.83589,89.14026,4.3513517,7.485896,7.305959,-130.5712,-3.6601155,77.107185,84.91977,-8.7844,2.821165,-5.7397017,-95.184135,-13.895459,-24.367012,122.279884,-41.12344,-8.7584915,-97.952255,10.131216,14.262256,120.56761,-38.280605,3.265604
107,1.1163283586502075,20.24617576599121,61.9532356262207,-1.4595206948921373,13.698626040669485,-94.30141760426473,-3.0754814,-4.339141,24.0,5.671112,-24.999998,-127.18351,10.924245,-88.037285,89.21415,4.171435,7.490877,7.395635,-130.20474,-3.497045,77.22146,84.929276,-8.868015,2.6941545,-5.97957,-96.2072,-14.316416,-24.542269,123.49813,-41.172955,-8.840791,-99.00221,10.402378,14.306602,121.70369,-38.269154,3.2918189
108,1.1706703901290894,20.354755401611328,61.147682189941406,-1.5456231527601911,13.642432178756081,-94.33421844705708,-3.1946511,-4.3081384,24.0,5.825589,-24.885988,-126.89516,10.848586,-88.21673,89.27567,3.9739025,7.518913,7.5001664,-129.85414,-3.3434222,77.31579,84.935326,-8.8931675,2.5906978,-6.226302,-97.22448,-14.739079,-24.73291,124.68093,-41.19624,-8.934886,-100.03765,10.672872,14.324769,122.79856,-38.232357,3.309671
109,1.238459587097168,20.449626922607422,60.35674285888672,-1.6489742548062525,13.597261536979003,-94.36476375198522,-3.279861,-4.2049704,24.0,5.9392066,-24.419058,-126.60946,10.770626,-88.36468,89.32537,3.7328434,7.5739493,7.623148,-129.5323,-3.2032092,77.40159,84.94147,-8.827576,2.5091689,-6.4832454,-98.24066,-15.176715,-24.924557,125.83992,-41.204422,-9.020669,-101.06128,10.932005,14.333798,123.85792,-38.183876,3.3422124
110,1.3070389032363892,20.534841537475586,59.583961486816406,-1.766199780232594,13.557530513896712,-94.38960602486556,-3.337846,-4.0430975,24.0,6.0234632,-23.950918,-126.32322,10.687222,-88.485016,89.36459,3.464483,7.638803,7.761882,-129.22975,-3.079426,77.48938,84.94589,-8.693693,2.4316926,-6.7471733,-99.248436,-15.627219,-25.12904,126.96902,-41.193443,-9.113146,-102.06646,11.176974,14.321645,124.88197,-38.125538,3.3738039
111,1.3680431842803955,20.615880966186523,58.825439453125,-1.8903636320667474,13.506387494959803,-94.42432178663653,-3.3619893,-3.855262,24.0,6.0813985,-23.461716,-126.02517,10.602911,-88.57699,89.382034,3.2168565,7.718337,7.916628,-128.91797,-2.979421,77.55134,84.93447,-8.554547,2.3756547,-7.0081253,-100.2333,-16.065962,-25.349289,128.07214,-41.170956,-9.222662,-103.04427,11.423775,14.287038,125.87777,-38.05299,3.3943064
112,1.4271703958511353,20.699560165405273,58.08453369140625,-2.013522237933489,13.42657957870629,-94.48411695313294,-3.3504143,-3.678749,24.0,6.122095,-22.93208,-125.706635,10.506155,-88.65488,89.39617,3.0291057,7.808717,8.086093,-128.57298,-2.8859732,77.55862,84.92387,-8.470398,2.3495915,-7.260085,-101.17756,-16.46884,-25.56756,129.1481,-41.141266,-9.338115,-103.98236,11.685662,14.247708,126.842,-37.955235,3.4129152
113,1.491491675376892,20.788822174072266,57.36302185058594,-2.1370572304748476,13.314726803076937,-94.57779264337672,-3.2933578,-3.5131762,24.0,6.1475177,-22.340525,-125.365234,10.400894,-88.70689,89.391014,2.9200377,7.9339557,8.277232,-128.18916,-2.8018672,77.47324,84.90126,-8.483802,2.3732595,-7.506848,-102.0796,-16.826101,-25.777678,130.19658,-41.10539,-9.450507,-104.87868,11.96975,14.209534,127.7694,-37.823948,3.4375596
114,1.5361902713775635,20.886627197265625,56.66080093383789,-2.2637254180635087,13.179409054395117,-94.69522129422023,-3.1983457,-3.3437357,24.0,6.156904,-21.702888,-125.00782,10.286977,-88.7376,89.37365,2.8626008,8.084525,8.486897,-127.77999,-2.7269254,77.30943,84.87394,-8.561153,2.4320374,-7.751015,-102.94937,-17.14953,-26.022573,131.21123,-41.053566,-9.598392,-105.74068,12.270005,14.13004,128.66113,-37.663017,3.4296753
115,1.5753941535949707,20.97329330444336,55.973140716552734,-2.3862126019349987,13.020978085260039,-94.82292444861832,-3.0907028,-3.1888714,24.0,6.1579533,-21.059027,-124.63806,10.166953,-88.77507,89.3632,2.8404012,8.221429,8.697584,-127.34524,-2.6605918,77.11121,84.84533,-8.653207,2.4997778,-7.9811378,-103.77131,-17.449394,-26.273684,132.20743,-41.013332,-9.757216,-106.56102,12.569102,14.0458145,129.53636,-37.5038,3.4193473
116,1.6249182224273682,21.07044219970703,55.29965591430664,-2.4976628383565833,12.839961930751684,-94.94782255311489,-2.9967768,-3.0700758,24.0,6.160515,-20.4479,-124.2608,10.045484,-88.85275,89.37769,2.834681,8.305587,8.890838,-126.88667,-2.6007705,76.92652,84.81801,-8.708045,2.5490742,-8.186162,-104.56807,-17.75111,-26.495436,133.17563,-40.945034,-9.897604,-107.36507,12.861565,13.986405,130.38428,-37.313892,3.427837
117,1.6677049398422241,21.168249130249023,54.6424446105957,-2.596585385649843,12.628407543294312,-95.07274818303333,-2.9174683,-2.9928544,24.0,6.165955,-19.88121,-123.86846,9.927402,-88.99536,89.421005,2.8539965,8.3085785,9.058008,-126.39735,-2.5449188,76.773445,84.798904,-8.678157,2.5739412,-8.350976,-105.31546,-18.038588,-26.71442,134.11882,-40.87201,-10.0455675,-108.13109,13.147036,13.931828,131.21432,-37.115803,3.4339557
118,1.7108172178268433,21.27054214477539,53.997962951660156,-2.6862186713593625,12.38869458519511,-95.2023605109278,-2.841807,-2.9425242,24.0,6.169273,-19.338188,-123.46035,9.827891,-89.174286,89.46137,2.9065442,8.263279,9.210398,-125.88057,-2.4963,76.64167,84.77615,-8.590029,2.5911453,-8.483889,-106.02556,-18.312511,-26.925058,135.0404,-40.788677,-10.192967,-108.868706,13.431519,13.886219,132.0243,-36.89877,3.4449642
119,1.7550140619277954,21.37077522277832,53.369720458984375,-2.764631796321758,12.137372484424022,-95.3262268032641,-2.7871292,-2.9295235,24.0,6.185798,-18.80672,-123.0561,9.73225,-89.38005,89.51931,2.955145,8.208601,9.355254,-125.34735,-2.4454165,76.49541,84.74969,-8.518942,2.5980701,-8.616824,-106.70622,-18.583479,-27.118662,135.93428,-40.694687,-10.3338995,-109.58556,13.708112,13.854816,132.81235,-36.671738,3.4643312
120,1.7899271249771118,21.47198486328125,52.7607307434082,-2.8299000945198585,11.890878691681165,-95.43385278499798,-2.7706602,-2.964377,24.0,6.2306495,-18.2723,-122.67477,9.628358,-89.59952,89.61303,2.9653623,8.183569,9.500167,-124.809364,-2.38256,76.30184,84.7186,-8.538978,2.5929496,-8.781541,-107.373695,-18.866749,-27.30463,136.78929,-40.575623,-10.481893,-110.297356,13.970622,13.8223295,133.5731,-36.432056,3.4742017
121,1.8269916772842407,21.54584312438965,52.164737701416016,-2.8832514113647405,11.659024523577463,-95.52551303025557,-2.7827127,-3.0275517,24.0,6.280245,-17.734468,-122.32028,9.545271,-89.77485,89.69811,2.9707203,8.213228,9.666078,-124.27474,-2.3218982,76.07571,84.66312,-8.668374,2.588926,-8.981111,-108.019585,-19.15558,-27.464863,137.62779,-40.47412,-10.617438,-110.99633,14.21765,13.814254,134.32726,-36.218605,3.5014143
122,1.857521891593933,21.616836547851562,51.58917999267578,-2.9251299135751005,11.43162782588009,-95.60579162189659,-2.818355,-3.120684,24.0,6.334856,-17.20103,-121.98213,9.485459,-89.92341,89.77366,2.9816568,8.273579,9.843156,-123.73548,-2.2658956,75.83308,84.58458,-8.863289,2.5850234,-9.19972,-108.6468,-19.447575,-27.61511,138.43066,-40.358917,-10.755529,-111.68396,14.453965,13.80907,135.05574,-35.9991,3.5239813
123,1.885180950164795,21.687047958374023,51.027565002441406,-2.9526109903188695,11.194605347640893,-95.67116325445784,-2.9068494,-3.2849047,24.0,6.4495225,-16.667063,-121.65682,9.422695,-90.119,89.89819,2.9527051,8.334626,9.99326,-123.17961,-2.1826122,75.52319,84.506645,-9.125415,2.561133,-9.438533,-109.24664,-19.743496,-27.746399,139.2067,-40.231194,-10.890503,-112.35307,14.677702,13.820989,135.76814,-35.775917,3.5509326
124,1.9021823406219482,21.75399398803711,50.490806579589844,-2.970843900556927,10.936087521452695,-95.71835060607246,-3.002148,-3.447763,24.0,6.5669584,-16.120049,-121.303986,9.391271,-90.25144,89.97985,2.900029,8.395453,10.112158,-122.60723,-2.1154263,75.33532,84.412865,-9.326156,2.5233436,-9.671957,-109.78691,-20.036034,-27.882507,139.94846,-40.104843,-11.040063,-112.96902,14.874874,13.83391,136.46036,-35.5682,3.5685508
125,1.9146900177001953,21.83482551574707,49.971031188964844,-2.9795699455348497,10.648454553486161,-95.74631339432398,-3.1429205,-3.6635907,24.0,6.74927,-15.549331,-120.935326,9.371762,-90.39693,90.07841,2.781828,8.448171,10.165643,-122.00579,-2.023153,75.20785,84.331924,-9.534722,2.4465709,-9.920148,-110.286835,-20.336126,-28.01203,140.65642,-39.949615,-11.194604,-113.5484,15.049906,13.855411,137.12935,-35.347965,3.5823824
126,1.9420713186264038,21.897371292114258,49.47311782836914,-2.979382936335946,10.340223851348902,-95.75701671357403,-3.3073628,-3.9061902,24.0,6.95889,-14.962663,-120.550934,9.37186,-90.50311,90.16548,2.6352615,8.505336,10.180376,-121.385216,-1.9315904,75.18022,84.241325,-9.724433,2.3486958,-10.177294,-110.72325,-20.623346,-28.09925,141.34764,-39.820705,-11.31535,-114.06529,15.202925,13.930024,137.7882,-35.162502,3.6376543
127,1.9540724754333496,21.96615219116211,48.99444580078125,-2.962703826991348,10.019280752191007,-95.75142251312735,-3.5062828,-4.1754303,24.0,7.1988096,-14.38532,-120.16018,9.396594,-90.61544,90.26228,2.4588885,8.545328,10.181006,-120.76691,-1.793941,75.16073,84.18199,-9.86256,2.2357895,-10.431922,-111.12234,-20.910515,-28.185917,142.00249,-39.677692,-11.453681,-114.556435,15.3405285,14.004734,138.42757,-34.97433,3.674163
128,1.9624265432357788,22.034217834472656,48.532588958740234,-2.9256568714576714,9.694698971852995,-95.73049460754342,-3.7110896,-4.4396853,24.0,7.4239006,-13.843063,-119.761894,9.443884,-90.70351,90.34756,2.2933378,8.558379,10.202167,-120.16242,-1.65089,75.0859,84.11943,-9.919611,2.1344247,-10.65628,-111.493195,-21.1949,-28.24211,142.6275,-39.529682,-11.584477,-115.03188,15.469979,14.106644,139.05222,-34.786682,3.7155344
129,1.9723232984542847,22.10917854309082,48.104549407958984,-2.732899008066111,9.492884628326095,-95.57630817685555,-4.1091104,-4.8700194,24.0,7.7165585,-13.48281,-119.51664,9.52549,-90.83251,90.49953,2.1265273,8.505354,10.216243,-119.69657,-1.4990476,74.86498,83.99972,-9.844821,2.0521173,-10.841637,-111.92944,-21.505644,-27.954073,142.99998,-39.20568,-11.549011,-115.6774,15.590603,14.461981,139.64975,-34.54322,3.846889
130,1.9508466720581055,22.202531814575195,47.742366790771484,-2.1544711092204776,9.646626308543985,-95.07154231292117,-5.0791335,-5.7962446,24.0,8.280958,-13.558424,-119.76056,9.686577,-91.158806,90.82823,1.986644,8.368348,10.128391,-119.6299,-1.3083097,74.40449,83.75147,-9.664365,1.989796,-10.999359,-112.71722,-22.000683,-26.843296,142.99998,-38.500042,-11.160746,-116.822556,15.698815,15.385892,140.19972,-34.15589,4.1426697
131,1.9239405393600464,22.296133041381836,47.392486572265625,-1.5841298778416484,9.772578702655716,-94.56205047619704,-6.090804,-6.7460217,24.0,8.906778,-13.649363,-120.01813,9.91346,-91.58207,91.113815,1.8446058,8.2427225,10.023515,-119.56776,-1.0828809,73.82409,83.50606,-9.520096,1.9249662,-11.148803,-113.468605,-22.470047,-25.755405,142.99998,-37.813705,-10.792661,-117.91704,15.819216,16.300196,140.73296,-33.77495,4.432096
132,1.9091222286224365,22.383413314819336,47.0527458190918,-1.03990632592964,9.890893937231938,-94.06183563995144,-7.0941105,-7.657327,24.0,9.554015,-13.736558,-120.289635,10.187415,-92.05505,91.32623,1.7789385,8.16192,9.907208,-119.53622,-0.8287188,73.21534,83.30323,-9.471978,1.862917,-11.292442,-114.20755,-22.911598,-24.68419,142.99998,-37.14454,-10.420022,-118.970375,15.961794,17.205454,141.2397,-33.396576,4.738293
133,1.8788518905639648,22.44668960571289,46.736328125,-0.5297416198018204,10.013827876511757,-93.57839266384235,-8.050982,-8.484933,24.0,10.186334,-13.800621,-120.56466,10.488913,-92.54091,91.457855,1.8199158,8.13945,9.811077,-119.54336,-0.55680627,72.60591,83.16231,-9.538096,1.8046366,-11.435676,-114.9007,-23.319794,-23.70315,142.99998,-36.53646,-10.101741,-119.956215,16.107271,18.038773,141.72223,-33.064014,5.0077357
134,1.8678330183029175,22.50543212890625,46.43419647216797,-0.04826081414876265,10.13286947083807,-93.1074964994135,-8.954807,-9.227152,24.0,10.782354,-13.844238,-120.82727,10.803105,-93.01184,91.52546,1.935645,8.151912,9.737889,-119.57452,-0.2785495,72.00383,83.07394,-9.668073,1.7509001,-11.569697,-115.58387,-23.703543,-22.731094,142.99998,-35.943607,-9.766738,-120.899025,16.270555,18.868952,142.17336,-32.73343,5.3033657
135,1.8486762046813965,22.549129486083984,46.149593353271484,0.40113502045539773,10.229386338166575,-92.65144033978426,-9.802916,-9.895938,24.0,11.336682,-13.887512,-121.0653,11.119279,-93.46042,91.54015,2.098534,8.178547,9.647268,-119.61158,-0.0007238883,71.451675,83.02708,-9.826127,1.7066448,-11.680011,-116.19924,-24.057655,-21.839844,142.99998,-35.4042,-9.476299,-121.75873,16.4234,19.64545,142.60886,-32.446384,5.574458
136,1.8267426490783691,22.594234466552734,45.892372131347656,0.7402555883662831,10.354249818863599,-92.28119003695261,-10.476689,-10.377062,24.0,11.772471,-13.988555,-121.30314,11.421706,-93.83884,91.463036,2.2597046,8.208405,9.510573,-119.70145,0.26186404,71.03784,83.06927,-9.986672,1.6720937,-11.737635,-116.82647,-24.39252,-21.154324,142.99998,-34.883675,-9.278373,-122.572754,16.565758,20.20057,142.9598,-32.138977,5.7468452
137,1.8067941665649414,22.66485595703125,45.675628662109375,0.7437314090649471,10.707768273562701,-92.20764894641499,-10.583615,-10.264321,24.0,11.82751,-14.264326,-121.610855,11.660816,-93.96739,91.13906,2.407893,8.273337,9.33685,-120.015816,0.45378068,70.98984,83.36905,-10.1880245,1.6513515,-11.675289,-117.75076,-24.73974,-21.04395,142.99998,-34.279247,-9.321295,-123.49271,16.702955,20.017118,142.99998,-31.615353,5.5813513
138,1.793990135192871,22.7471866607666,45.476463317871094,0.7395764934202245,11.004764966947537,-92.1330582294906,-10.601766,-10.075688,24.0,11.775141,-14.5180235,-121.82208,11.833909,-93.96693,90.80231,2.6553555,8.333255,9.118446,-120.28025,0.5831889,71.15502,83.670135,-10.344352,1.664134,-11.56334,-118.593185,-25.073011,-20.941248,142.99998,-33.69869,-9.36159,-124.30917,16.801052,19.84612,142.99998,-31.107042,5.4250317
139,1.7698718309402466,22.823593139648438,45.29484176635742,0.7239329368316884,11.269200162704713,-92.05658621382715,-10.545171,-9.819218,24.0,11.6356,-14.743786,-121.9728,11.937793,-93.88432,90.480225,2.896096,8.373589,8.912666,-120.51309,0.6502818,71.39832,83.96021,-10.448683,1.6880969,-11.431639,-119.35313,-25.399454,-20.888594,142.99998,-33.165707,-9.436343,-125.04319,16.858004,19.649466,142.99998,-30.654076,5.2455993
140,1.7465862035751343,22.887136459350586,45.13467025756836,0.6964516815420247,11.522116783982625,-91.97550916295602,-10.443475,-9.522934,24.0,11.447329,-14.9317,-122.102135,11.970855,-93.78677,90.208084,3.0215132,8.379108,8.772578,-120.729546,0.66023695,71.55622,84.22125,-10.507435,1.7005941,-11.313962,-120.0491,-25.71892,-20.855158,142.99998,-32.68351,-9.515827,-125.7052,16.883268,19.452599,142.99998,-30.264194,5.0713553
141,1.7337533235549927,22.931407928466797,44.995182037353516,0.6480694034535354,11.78340140522005,-91.88569847294204,-10.264674,-9.093685,24.0,11.142067,-15.073392,-122.197815,11.983994,-93.56496,89.900085,3.003569,8.350154,8.745047,-120.96472,0.63330543,71.73963,84.505394,-10.394554,1.6908911,-11.204656,-120.70603,-26.044117,-20.829443,142.99998,-32.245483,-9.584833,-126.30965,16.874231,19.261873,142.99998,-29.941912,4.917141
142,1.6943035125732422,22.96849250793457,44.879703521728516,0.5859704039429583,12.032784930810504,-91.78749700575344,-10.006427,-8.557526,24.0,10.726134,-15.177291,-122.24404,11.958701,-93.188866,89.56736,2.9400513,8.294897,8.791857,-121.193695,0.5360164,71.9584,84.77067,-10.172881,1.6810935,-11.08552,-121.29337,-26.38344,-20.883526,142.99998,-31.856674,-9.718795,-126.844765,16.812643,19.013918,142.99998,-29.685131,4.708654
143,1.6775962114334106,22.969270706176758,44.77480697631836,0.5198964894168415,12.245585683425936,-91.69576094375057,-9.735307,-8.045251,24.0,10.324821,-15.250261,-122.26658,11.900339,-92.844444,89.275276,2.8458636,8.230325,8.854449,-121.38297,0.4077386,72.1136,84.9917,-9.9745455,1.677897,-10.985016,-121.76087,-26.67211,-20.920694,142.99998,-31.561998,-9.811698,-127.255585,16.736652,18.836617,142.99998,-29.51707,4.5694475
144,1.6588536500930786,22.97023582458496,44.705322265625,0.4600754537534909,12.390749887505022,-91.61754163946006,-9.437946,-7.573479,24.0,9.936376,-15.275114,-122.23684,11.795905,-92.47442,89.02992,2.8469086,8.182149,8.917656,-121.49948,0.22777593,72.28909,85.142075,-9.862469,1.707572,-10.906726,-122.077415,-26.90619,-20.9824,142.99998,-31.353682,-9.907806,-127.526344,16.645807,18.683575,142.99998,-29.41958,4.443572
145,1.6268501281738281,22.978792190551758,44.66963577270508,0.4098800583155935,12.462244376756225,-91.5555513766042,-9.15309,-7.186283,24.0,9.624655,-15.247745,-122.16962,11.666982,-92.15313,88.84194,2.952363,8.154669,8.958323,-121.54216,0.04280782,72.44026,85.24402,-9.881743,1.7695411,-10.891016,-122.24154,-27.08708,-21.089418,142.99998,-31.225908,-10.028689,-127.66324,16.542204,18.534285,142.99998,-29.381248,4.3075194
146,1.5936938524246216,22.98825454711914,44.66300964355469,0.3624671276254558,12.474461888977762,-91.50668413795245,-8.872686,-6.849887,24.0,9.363898,-15.172053,-122.068245,11.521956,-91.85884,88.693504,3.114954,8.136671,8.995425,-121.52988,-0.13859995,72.56294,85.321075,-9.980158,1.8499547,-10.923566,-122.27603,-27.222338,-21.223055,142.99998,-31.170727,-10.153455,-127.67957,16.42895,18.403719,142.99998,-29.40166,4.1839514
147,1.5559849739074707,22.99104118347168,44.68662643432617,0.3227607862248698,12.426575227588772,-91.46771980044984,-8.607516,-6.5709953,24.0,9.141703,-15.067029,-121.9307,11.368787,-91.60081,88.589226,3.2806919,8.12438,9.042087,-121.4602,-0.31011546,72.66723,85.37259,-10.106116,1.9348141,-10.952871,-122.16588,-27.304043,-21.383919,142.99998,-31.204462,-10.284073,-127.56294,16.301876,18.297413,142.99998,-29.494698,4.07404
148,1.518908143043518,22.984651565551758,44.740779876708984,0.28909459965508777,12.316213470676265,-91.43922164371895,-8.364782,-6.3555417,24.0,8.94639,-14.949266,-121.75373,11.21491,-91.39456,88.53347,3.3908927,8.1145115,9.110857,-121.32916,-0.46636418,72.76366,85.39533,-10.208105,2.0103881,-10.927455,-121.9061,-27.32553,-21.5639,142.99998,-31.331844,-10.409509,-127.30506,16.162626,18.225487,142.99998,-29.664978,3.9908733
149,1.4670753479003906,22.968130111694336,44.829864501953125,0.26145907240926713,12.136238814970312,-91.42494260057725,-8.147879,-6.212432,24.0,8.778861,-14.836161,-121.53264,11.06765,-91.25585,88.52969,3.4125073,8.099805,9.2151575,-121.13107,-0.60171837,72.85859,85.39141,-10.283985,2.0780444,-10.811303,-121.471985,-27.282215,-21.80043,142.99998,-31.57096,-10.563479,-126.88876,16.002342,18.157455,142.99998,-29.924543,3.9049616
150,1.4188199043273926,22.95286750793457,44.94910430908203,0.24113873970181232,11.891005576134406,-91.42270778265664,-7.9581246,-6.136759,24.0,8.649104,-14.7139015,-121.27286,10.932389,-91.17802,88.56673,3.379265,8.085914,9.343561,-120.8721,-0.7116623,72.944824,85.36665,-10.355599,2.1422398,-10.639849,-120.90191,-27.177382,-22.043938,142.99998,-31.887466,-10.704464,-126.34362,15.837119,18.124506,142.99998,-30.243807,3.8474462
151,1.3949668407440186,22.922212600708008,45.09351348876953,0.2247246189938032,11.592225739245878,-91.42856287721398,-7.8000097,-6.1143928,24.0,8.562897,-14.552407,-120.97981,10.821173,-91.14368,88.621,3.333788,8.090366,9.471959,-120.5598,-0.7881015,73.00609,85.326744,-10.409592,2.1929243,-10.471376,-120.20444,-27.007952,-22.254143,142.99998,-32.28815,-10.791169,-125.66736,15.669834,18.169369,142.99998,-30.636808,3.8640106
152,1.3371762037277222,22.891923904418945,45.277122497558594,0.21083135724259566,11.246042263967144,-91.43836062206172,-7.667104,-6.126674,24.0,8.514299,-14.314773,-120.65568,10.722366,-91.12215,88.68811,3.3253667,8.125603,9.578388,-120.19784,-0.84156144,73.037766,85.26527,-10.425347,2.2232084,-10.3616295,-119.37184,-26.810434,-22.549572,142.99998,-32.772217,-10.944821,-124.87142,15.464544,18.165379,142.99998,-31.106445,3.8259423
153,1.302283525466919,22.848037719726562,45.480918884277344,0.19735538696703844,10.870184031866321,-91.45208472895658,-7.558457,-6.161133,24.0,8.501332,-13.988053,-120.31693,10.65683,-91.10637,88.74022,3.3791642,8.21537,9.650173,-119.80513,-0.86515874,73.03275,85.18957,-10.388776,2.2283096,-10.310201,-118.45579,-26.568785,-22.807526,142.99998,-33.31646,-11.04692,-123.98365,15.25613,18.222279,142.99998,-31.634989,3.8500144
154,1.2538738250732422,22.783832550048828,45.710330963134766,0.18687297180747697,10.456838704084111,-91.47126604374769,-7.471959,-6.225811,24.0,8.521676,-13.5921955,-119.95672,10.621454,-91.1001,88.784744,3.4722683,8.347807,9.701647,-119.37438,-0.8694001,73.011566,85.08756,-10.302649,2.216369,-10.288807,-117.41335,-26.279799,-23.104576,142.99998,-33.954857,-11.170963,-122.97654,15.018982,18.27354,142.99998,-32.249504,3.86646
155,1.2029765844345093,22.712305068969727,45.96635437011719,0.17782785424328393,9.987313436144388,-91.49089594624398,-7.405731,-6.320554,24.0,8.565422,-13.151501,-119.55087,10.598335,-91.09848,88.835754,3.5634632,8.4879465,9.750463,-118.883606,-0.86509335,72.9858,84.95591,-10.205013,2.1931658,-10.310675,-116.24602,-25.947365,-23.41584,142.99998,-34.66619,-11.296695,-121.844124,14.754161,18.340866,142.99998,-32.935387,3.8960238
156,1.146190881729126,22.633235931396484,46.24351119995117,0.16889395607023508,9.446974772122031,-91.50941946845789,-7.3665175,-6.4616666,24.0,8.645911,-12.695966,-119.08509,10.5470495,-91.113495,88.94931,3.6168628,8.593595,9.808628,-118.31687,-0.8338205,72.917435,84.81936,-10.164543,2.154525,-10.39441,-114.94085,-25.570993,-23.75184,142.99998,-35.44984,-11.434893,-120.57342,14.453775,18.41868,142.99998,-33.69311,3.9331539
157,1.1328961849212646,22.60201644897461,46.58256530761719,-0.2721991494317858,9.194898236690484,-91.89940563293477,-6.6915355,-5.9138627,24.0,8.339241,-12.491561,-118.77126,10.443501,-90.894745,88.807915,3.5076241,8.719997,9.950922,-118.054146,-0.8313735,73.12341,85.00189,-10.224597,2.0682423,-10.47933,-114.02065,-25.19763,-24.742435,142.99998,-36.105278,-11.800761,-119.40007,14.194869,17.636063,142.55435,-34.133194,3.6328204
158,1.1130304336547852,22.556535720825195,46.953468322753906,-0.8337273154802465,8.959841687245168,-92.36344582703941,-5.78505,-5.0788226,24.0,7.8082123,-12.317985,-118.41281,10.2860365,-90.440994,88.55446,3.3845932,8.8508005,10.157134,-117.82511,-0.90264714,73.58424,85.258156,-10.251794,1.973564,-10.586343,-113.067696,-24.788755,-25.963726,142.99998,-36.811832,-12.271039,-118.12656,13.925577,16.625654,142.0273,-34.593136,3.2406573
159,1.079567313194275,22.507848739624023,47.34550857543945,-1.449561702313851,8.699121478356522,-92.83908483710303,-4.7523074,-4.0691023,24.0,7.12011,-12.133768,-118.004135,10.065129,-89.8382,88.25195,3.2488558,8.967014,10.401073,-117.59577,-1.0476902,74.19989,85.54483,-10.267249,1.8848839,-10.6750965,-112.058586,-24.354275,-27.306261,142.99998,-37.552517,-12.810338,-116.757515,13.65017,15.5121975,141.46002,-35.076973,2.8018878
160,1.0360009670257568,22.480409622192383,47.80708694458008,-1.7326059823832636,8.805076953777201,-92.9736520435933,-4.1552672,-3.3907456,24.0,6.5476775,-12.339987,-118.06611,9.818858,-89.306404,88.11892,3.1603858,9.004632,10.5647545,-117.78894,-1.240569,74.78842,85.731804,-10.239348,1.8357987,-10.692446,-111.47285,-24.115164,-27.864944,142.6538,-37.8981,-12.996472,-115.9031,13.383894,14.929326,140.80829,-35.38562,2.5429516
161,0.9872162938117981,22.463747024536133,48.33881378173828,-1.7913107311947303,9.167900173453617,-92.89573060216345,-3.8780446,-2.9991744,24.0,6.1261306,-12.792962,-118.45812,9.584958,-88.932144,88.12474,3.0217524,8.973613,10.66761,-118.252304,-1.4474386,75.26195,85.81734,-10.234065,1.8163362,-10.654951,-111.07541,-23.932777,-27.909376,141.88652,-37.935837,-12.930349,-115.36999,13.115955,14.696074,140.06938,-35.580524,2.4043443
162,0.9443418979644775,22.445711135864258,48.89881896972656,-1.8560979238897104,9.54245975417059,-92.82191448715969,-3.6234908,-2.6417592,24.0,5.7463546,-13.256781,-118.88183,9.36617,-88.64267,88.148575,2.8009396,8.914758,10.761776,-118.7292,-1.6561669,75.66972,85.87353,-10.279938,1.8039192,-10.598935,-110.65949,-23.735613,-27.947874,141.07861,-37.96714,-12.849476,-114.81014,12.849354,14.459313,139.28307,-35.7644,2.2760203
163,0.9051824808120728,22.437049865722656,49.48917770385742,-1.9200731158801168,9.920780673454413,-92.74811342380076,-3.393993,-2.3193352,24.0,5.404501,-13.735645,-119.324585,9.163473,-88.41512,88.18267,2.595212,8.848309,10.824281,-119.21335,-1.8608967,76.03071,85.909004,-10.329114,1.8015987,-10.523113,-110.22598,-23.527506,-27.972862,140.22171,-37.97364,-12.753582,-114.229454,12.585049,14.224449,138.44559,-35.92035,2.155125
164,0.8634127378463745,22.416683197021484,50.10432052612305,-1.9759262697171327,10.29468818806304,-92.67010270303378,-3.1972094,-2.0411189,24.0,5.1042037,-14.23396,-119.77617,8.977756,-88.24528,88.223465,2.4918935,8.794658,10.83017,-119.69377,-2.0583012,76.34441,85.92726,-10.341645,1.8125861,-10.428449,-109.748726,-23.3014,-27.990662,139.33517,-37.994312,-12.653428,-113.61027,12.3179035,14.001119,137.58401,-36.086323,2.0434985
165,0.8102043271064758,22.39710235595703,50.738365173339844,-2.0175057436861907,10.666344146191735,-92.58404824206468,-3.0436468,-1.8199104,24.0,4.854596,-14.744868,-120.24069,8.810258,-88.14263,88.2715,2.5422163,8.758323,10.751578,-120.171364,-2.2450914,76.602875,85.924866,-10.2980795,1.8433497,-10.307765,-109.24675,-23.0692,-28.00507,138.41173,-38.002834,-12.56195,-112.97782,12.051633,13.779124,136.69725,-36.23865,1.924079
166,0.7594596743583679,22.379941940307617,51.39597702026367,-2.0499059242807927,11.038730376224205,-92.4930318788802,-2.9266658,-1.6442163,24.0,4.649806,-15.269009,-120.719475,8.66178,-88.103836,88.32511,2.6901777,8.729001,10.609789,-120.650986,-2.4191022,76.810524,85.90875,-10.222927,1.8895848,-10.163775,-108.72502,-22.830122,-27.997498,137.44725,-37.99311,-12.456208,-112.33011,11.7878895,13.573016,135.7733,-36.36955,1.817412
167,0.6986164450645447,22.360015869140625,52.07204055786133,-2.0829061013587435,11.405088085258452,-92.40267625742541,-2.8271625,-1.4860425,24.0,4.469321,-15.815316,-121.19812,8.531109,-88.10561,88.37664,2.8621461,8.706253,10.453851,-121.127335,-2.5811307,76.98579,85.894905,-10.142623,1.9394765,-10.0116415,-108.1751,-22.581272,-28.009546,136.45294,-37.97777,-12.366955,-111.65619,11.5238495,13.348182,134.82132,-36.491676,1.6987628
168,0.650381326675415,22.33662223815918,52.77029800415039,-2.1266845848610747,11.758893733273007,-92.31887531878382,-2.7231958,-1.315272,24.0,4.2893972,-16.38984,-121.66244,8.415224,-88.117935,88.4195,2.9878666,8.689588,10.333648,-121.59681,-2.7345405,77.15407,85.89838,-10.081027,1.9812047,-9.8653,-107.59592,-22.318462,-28.01826,135.43489,-37.957405,-12.261463,-110.94403,11.260475,13.128295,133.83315,-36.60106,1.6019115
169,0.6034373044967651,22.322351455688477,53.486328125,-2.1878395125759744,12.10067581529487,-92.24522535224635,-2.6004648,-1.1116794,24.0,4.091605,-17.018753,-122.10678,8.309654,-88.12433,88.44649,3.066551,8.68283,10.267422,-122.06151,-2.8837461,77.323586,85.92331,-10.038182,2.012224,-9.725589,-107.00263,-22.050282,-28.053446,134.38904,-37.91093,-12.16532,-110.207726,11.001425,12.88023,132.80385,-36.6778,1.4988507
170,0.5566381812095642,22.309938430786133,54.219539642333984,-2.2603802744012618,12.433290475333296,-92.17796283268959,-2.465728,-0.8873842,24.0,3.882932,-17.689503,-122.53728,8.2113695,-88.12917,88.46319,3.135436,8.683999,10.229165,-122.52404,-3.0315115,77.49348,85.9618,-9.998957,2.03935,-9.583915,-106.39024,-21.774109,-28.106853,133.31607,-37.848404,-12.075772,-109.44567,10.7458935,12.613496,131.7388,-36.732655,1.3936586
171,0.5129633545875549,22.292036056518555,54.96949005126953,-2.336008864897208,12.753026772180576,-92.11178002518764,-2.3292992,-0.66123056,24.0,3.678098,-18.35655,-122.95589,8.119834,-88.13459,88.48262,3.1801693,8.684968,10.203027,-122.978806,-3.1786368,77.67398,86.00975,-9.962991,2.0649245,-9.440529,-105.749825,-21.486568,-28.160635,132.22107,-37.781437,-11.982672,-108.65313,10.49089,12.348475,130.64778,-36.777576,1.2996657
172,0.46996036171913147,22.278778076171875,55.73135757446289,-2.405913525979695,13.056586761452818,-92.04123206770305,-2.201588,-0.45168257,24.0,3.49121,-18.977114,-123.36401,8.036066,-88.142,88.51405,3.1866384,8.6779375,10.1729555,-123.42139,-3.324028,77.87965,86.06337,-9.928787,2.090814,-9.29535,-105.09183,-21.194992,-28.20475,131.1022,-37.69367,-11.886085,-107.84721,10.2368145,12.09268,129.5348,-36.797745,1.2153846
173,0.43029603362083435,22.257488250732422,56.50284194946289,-2.468298901712874,13.344128417425713,-91.96297282238216,-2.0857482,-0.26053834,24.0,3.3157983,-19.52775,-123.76279,7.960949,-88.16477,88.56321,3.1305711,8.657501,10.150513,-123.85275,-3.4666483,78.12988,86.1262,-9.889649,2.1162484,-9.151235,-104.40715,-20.897081,-28.233374,129.96796,-37.60314,-11.781668,-107.01978,9.978656,11.855742,128.41,-36.81249,1.1502512
174,0.37898415327072144,22.245819091796875,57.2891845703125,-2.526595871672362,13.617232798933353,-91.880290784873,-1.9822427,-0.08242125,24.0,3.1535482,-20.035646,-124.15138,7.9000645,-88.20145,88.62288,3.0266314,8.628982,10.137946,-124.274315,-3.5959587,78.4049,86.20759,-9.851272,2.1377773,-9.00926,-103.704414,-20.594923,-28.27333,128.79942,-37.48393,-11.693571,-106.17765,9.721195,11.604766,127.255554,-36.797684,1.0738302
175,0.331180214881897,22.222026824951172,58.089725494384766,-2.583112230766647,13.874389409080186,-91.797839428151,-1.8750898,0.0937688,24.0,3.0036442,-20.530516,-124.52544,7.8442984,-88.21811,88.67994,2.912628,8.601513,10.111144,-124.68361,-3.7300186,78.7004,86.29239,-9.81001,2.1605058,-8.860167,-102.96893,-20.27852,-28.306551,127.615715,-37.369423,-11.599462,-105.303734,9.46325,11.363157,126.08419,-36.780903,1.0121199
176,0.2914493978023529,22.196773529052734,58.899749755859375,-2.638478611794178,14.11382989628115,-91.72017556766588,-1.7626356,0.26754433,24.0,2.882748,-21.04321,-124.88274,7.7945075,-88.178604,88.72425,2.8410373,8.583824,10.042555,-125.07678,-3.8680773,78.97572,86.376915,-9.785091,2.1865714,-8.698373,-102.21373,-19.95198,-28.327639,126.41779,-37.24493,-11.493825,-104.41151,9.211112,11.133445,124.89373,-36.74346,0.965622
177,0.2484128326177597,22.172496795654297,59.71430969238281,-2.6959310718137592,14.33810497411405,-91.64944359840263,-1.6449203,0.4419095,24.0,2.8082383,-21.575396,-125.22665,7.753662,-88.05751,88.751114,2.8242066,8.582959,9.91084,-125.457016,-4.005042,79.21623,86.469025,-9.797878,2.2168143,-8.516151,-101.4449,-19.615574,-28.357533,125.205635,-37.10731,-11.394477,-103.50621,8.968143,10.894088,123.68609,-36.6838,0.91490155
178,0.2091953456401825,22.140396118164062,60.543949127197266,-2.7540163329191443,14.54719621243457,-91.58278905176705,-1.5233768,0.6163603,24.0,2.767293,-22.113108,-125.556656,7.7218313,-87.87055,88.765205,2.8433812,8.5929,9.735758,-125.82508,-4.141894,79.44025,86.569214,-9.837643,2.2497575,-8.318612,-100.647255,-19.264343,-28.382751,123.97376,-36.967007,-11.289152,-102.571304,8.7274065,10.658345,122.454414,-36.61271,0.874073
179,0.17126359045505524,22.105384826660156,61.38138198852539,-2.805596716842396,14.73562672328767,-91.51754929410117,-1.4029751,0.7795748,24.0,2.7380903,-22.660751,-125.866394,7.6987753,-87.657776,88.77117,2.894063,8.603547,9.549771,-126.17275,-4.2782917,79.646065,86.66938,-9.880541,2.2810304,-8.121563,-99.82479,-18.90219,-28.397608,122.727356,-36.81875,-11.181759,-101.61612,8.490343,10.432801,121.20911,-36.52704,0.8416823
180,0.13215656578540802,22.06473731994629,62.22249984741211,-2.842922244429918,14.897524388086138,-91.45108842517837,-1.2976304,0.91142744,24.0,2.710392,-23.226856,-126.15229,7.6860642,-87.478134,88.77905,2.9638796,8.604079,9.382622,-126.49126,-4.4026895,79.8157,86.76896,-9.909983,2.3036373,-7.9440722,-98.971214,-18.52718,-28.394945,121.47216,-36.668274,-11.074647,-100.63977,8.254592,10.226005,119.96095,-36.434685,0.818751
181,0.08538483828306198,22.021562576293945,63.063175201416016,-2.86285207077818,15.032226842055024,-91.38401212909655,-1.199244,1.0114529,24.0,2.6746497,-23.831861,-126.4142,7.682257,-87.32925,88.77952,3.0396843,8.594292,9.240451,-126.778305,-4.531364,79.9598,86.855225,-9.916279,2.3204525,-7.796559,-98.0904,-18.139696,-28.37882,120.20914,-36.511997,-10.976199,-99.64803,8.02462,10.034377,118.714584,-36.333874,0.7979441
182,0.034230515360832214,21.97890853881836,63.91099166870117,-2.8693276275293265,15.142479527055714,-91.31741358343756,-1.1124775,1.0795066,24.0,2.6497514,-24.466526,-126.65667,7.6883345,-87.20886,88.77563,3.11883,8.578868,9.105334,-127.03665,-4.6574426,80.065575,86.935905,-9.917166,2.3320928,-7.670478,-97.18161,-17.740202,-28.348715,118.92861,-36.34357,-10.881469,-98.63672,7.798298,9.855222,117.456245,-36.21737,0.7806912
183,-0.015607885085046291,21.933046340942383,64.7598648071289,-2.8674605912493787,15.227255091393193,-91.24901736445055,-1.0456244,1.1247325,24.0,2.633019,-24.999998,-126.87209,7.7014027,-87.12536,88.786064,3.2231479,8.553308,8.98013,-127.26614,-4.7556443,80.1257,87.03689,-9.917965,2.3326693,-7.549056,-96.246414,-17.334158,-28.30504,117.64018,-36.168705,-10.78585,-97.60585,7.568418,9.687978,116.19375,-36.091682,0.77126694
184,-0.06186814233660698,21.87904930114746,65.61457824707031,-2.864390151567513,15.28157678451497,-91.17635967683083,-0.9769126,1.177311,24.0,2.5820482,-24.999998,-127.04109,7.7258444,-87.03193,88.78346,3.403247,8.526028,8.87533,-127.46057,-4.88206,80.17809,87.09869,-9.905322,2.3408167,-7.4021583,-95.27318,-16.920937,-28.255394,116.34501,-35.995018,-10.6892185,-96.53846,7.3265243,9.523955,114.92406,-35.965702,0.76982063
185,-0.11267048865556717,21.818113327026367,66.47280883789062,-2.860311396073529,15.313230583625208,-91.09835251713106,-0.9275943,1.2273321,24.0,2.517732,-24.999998,-127.176025,7.746857,-86.98475,88.818634,3.6630504,8.479334,8.806794,-127.63374,-4.968354,80.19421,87.20194,-9.876622,2.3290412,-7.231077,-94.271935,-16.502634,-28.208975,115.039406,-35.817287,-10.601636,-95.44422,7.075237,9.350963,113.646736,-35.836445,0.7644311
186,-0.16192300617694855,21.760631561279297,67.33345794677734,-2.8533697888365173,15.322078087918927,-91.01653865604781,-0.8832382,1.2779646,24.0,2.431243,-24.999998,-127.276825,7.771698,-86.953224,88.861755,3.9949322,8.421474,8.769176,-127.78331,-5.053594,80.19011,87.30539,-9.830429,2.3104806,-7.0415134,-93.25064,-16.08419,-28.155954,113.72003,-35.62199,-10.515427,-94.33298,6.8171506,9.177689,112.35663,-35.688908,0.76135355
187,-0.2132793664932251,21.692197799682617,68.19549560546875,-2.84301049990465,15.306806692421505,-90.93344201250713,-0.84104204,1.3212055,24.0,2.3419924,-24.999998,-127.34638,7.8064313,-86.91384,88.894264,4.3519797,8.364158,8.719816,-127.90182,-5.1579857,80.15862,87.373886,-9.797588,2.3037035,-6.8425813,-92.198875,-15.6561165,-28.098381,112.395615,-35.42957,-10.433111,-93.193436,6.554666,9.003494,111.06357,-35.542286,0.76120186
188,-0.2648332118988037,21.621719360351562,69.05870056152344,-2.8278335909690333,15.265994889031052,-90.8514417155877,-0.8057092,1.3488766,24.0,2.275572,-24.999998,-127.38808,7.8457413,-86.846634,88.92433,4.6842947,8.310729,8.616467,-127.98726,-5.257513,80.09677,87.4241,-9.803445,2.313828,-6.6479855,-91.1226,-15.219766,-28.031048,111.0638,-35.230423,-10.351063,-92.03191,6.292157,8.832662,109.76425,-35.384975,0.76606166
189,-0.31499141454696655,21.543331146240234,69.91915130615234,-2.807268466822188,15.19861775947605,-90.77186190061128,-0.77681345,1.3608216,24.0,2.2372973,-24.999998,-127.39859,7.8813744,-86.74686,88.96849,4.976945,8.256394,8.446579,-128.04056,-5.329302,80.01541,87.47874,-9.862445,2.3459864,-6.4564004,-90.01975,-14.774337,-27.951052,109.73317,-35.03416,-10.267012,-90.84695,6.0297446,8.669238,108.46641,-35.224762,0.7795251
190,-0.3691653609275818,21.465349197387695,70.78011322021484,-2.78266823256777,15.105517557208637,-90.69331143748494,-0.75008523,1.3654792,24.0,2.2100923,-24.999998,-127.37559,7.9212894,-86.60757,89.01157,5.2691264,8.202075,8.234896,-128.0621,-5.3932967,79.90802,87.52233,-9.965263,2.3968136,-6.2614512,-88.89301,-14.320745,-27.865652,108.39311,-34.82843,-10.1879,-89.64076,5.7682467,8.50337,107.16211,-35.052456,0.7925676
191,-0.4223647117614746,21.375898361206055,71.6368408203125,-2.7550323671379786,14.988458920037507,-90.61422032033323,-0.7274636,1.3650602,24.0,2.1895628,-24.999998,-127.32588,7.972444,-86.4272,89.03581,5.5728273,8.153989,7.9948454,-128.05528,-5.459651,79.77183,87.54611,-10.080389,2.4498656,-6.0707693,-87.73941,-13.860749,-27.770493,107.054054,-34.62672,-10.108905,-88.409065,5.5017796,8.338384,105.85904,-34.882973,0.8115169
192,-0.47157755494117737,21.285478591918945,72.49532318115234,-2.7255175945569494,14.848927201741184,-90.53308931353828,-0.71321505,1.361506,24.0,2.1738029,-24.999998,-127.256516,8.041064,-86.216995,89.02861,5.888558,8.116824,7.7395577,-128.0228,-5.532033,79.60934,87.55074,-10.166918,2.4868608,-5.893994,-86.56209,-13.398717,-27.663439,105.70304,-34.4122,-10.027244,-87.15549,5.2281184,8.1722975,104.54409,-34.701622,0.83612514
193,-0.525138795375824,21.195667266845703,73.35509490966797,-2.695223202977709,14.68467158185197,-90.44929706099083,-0.71215355,1.3518118,24.0,2.1695735,-24.999998,-127.17332,8.096012,-86.035805,89.03286,6.1721697,8.088971,7.439855,-127.9682,-5.578287,79.459076,87.57621,-10.177921,2.4952166,-5.739164,-85.3596,-12.9310255,-27.553833,104.33852,-34.183758,-9.95216,-85.8759,4.949582,7.994247,103.21727,-34.510475,0.8569767
194,-0.5721486210823059,21.09846305847168,74.21333312988281,-2.6636508484917867,14.495741779355097,-90.36383515997389,-0.7194268,1.3384609,24.0,2.1736028,-24.999998,-127.06912,8.156756,-85.82652,89.02093,6.4684167,8.074139,7.0995717,-127.887215,-5.619571,79.28246,87.59152,-10.173357,2.4930403,-5.597107,-84.128914,-12.460516,-27.430004,102.96998,-33.952225,-9.872037,-84.5691,4.662339,7.816491,101.884514,-34.316708,0.887291
195,-0.6214956045150757,20.998188018798828,75.0739974975586,-2.628774781643502,14.287071813031972,-90.27750911964908,-0.734404,1.3222476,24.0,2.180541,-24.999998,-126.93836,8.263359,-85.53593,88.94516,6.812045,8.06507,6.7811465,-127.77785,-5.6793838,79.03529,87.56858,-10.193925,2.4859605,-5.4624686,-82.873116,-11.985273,-27.297287,101.58598,-33.71013,-9.795022,-83.23955,4.3717875,7.6320615,100.53909,-34.112293,0.91733307
196,-0.6698158383369446,20.89632225036621,75.93424224853516,-2.5882382295214743,14.063386544184326,-90.19103909827942,-0.7551814,1.2947752,24.0,2.187057,-24.999998,-126.78536,8.374661,-85.257164,88.867065,7.098566,8.026225,6.549478,-127.64741,-5.7326603,78.78233,87.55714,-10.165201,2.455928,-5.341184,-81.59891,-11.510441,-27.149546,100.18767,-33.45521,-9.716838,-81.89653,4.0783854,7.446976,99.18196,-33.893196,0.9501287
197,-0.718785285949707,20.790164947509766,76.7938232421875,-2.541317990057837,13.824884465911559,-90.10394679665096,-0.78244585,1.2550474,24.0,2.1967442,-24.999998,-126.608536,8.491491,-84.95608,88.78871,7.3363304,7.9510875,6.450187,-127.4936,-5.7836666,78.48846,87.55012,-10.098557,2.390878,-5.236245,-80.30362,-11.035888,-26.987709,98.77544,-33.191376,-9.639832,-80.538795,3.7811408,7.2600656,97.815315,-33.663025,0.98472357
198,-0.7722998261451721,20.66365623474121,77.65215301513672,-2.4893992574348025,13.569098324573956,-90.0162153630242,-0.81564724,1.2053401,24.0,2.209267,-24.999998,-126.408295,8.613982,-84.629555,88.70314,7.5418415,7.853805,6.440206,-127.315674,-5.834424,78.15583,87.540146,-10.002814,2.2993643,-5.1460843,-78.97615,-10.553874,-26.814333,97.356834,-32.93533,-9.565904,-79.15151,3.4790483,7.066274,96.44697,-33.441795,1.0200404
199,-0.8292056322097778,20.543790817260742,78.50887298583984,-2.434020830298017,13.297249593144759,-89.92917607857461,-0.8484651,1.1511964,24.0,2.2096753,-24.999998,-126.18378,8.740981,-84.27858,88.60037,7.7530794,7.74501,6.4524727,-127.11528,-5.8855724,77.798965,87.53489,-9.911571,2.206805,-5.062427,-77.63248,-10.07255,-26.632687,95.918274,-32.658894,-9.497893,-77.75132,3.178405,6.863954,95.06133,-33.198093,1.051949
200,-0.8740269541740417,20.410255432128906,79.36882019042969,-2.3766738682775523,13.010785187573777,-89.84429909119713,-0.87439877,1.0983067,24.0,2.183033,-24.999998,-125.93417,8.870334,-83.90403,88.47121,8.00788,7.634891,6.4197993,-126.89492,-5.9366727,77.43509,87.543884,-9.856979,2.1382518,-4.9768076,-76.258156,-9.590519,-26.42713,94.46408,-32.37871,-9.417455,-76.3249,2.8711708,6.6655264,93.65878,-32.94746,1.0986375
201,-0.9287802577018738,20.27817726135254,80.23291778564453,-2.3183975523910076,12.708800964161513,-89.76259847188862,-0.88972837,1.0472317,24.0,2.1220813,-24.999998,-125.66342,8.994981,-83.50959,88.30885,8.356035,7.5204577,6.3166203,-126.65981,-5.985316,77.088104,87.570564,-9.874303,2.1000087,-4.8798504,-74.859085,-9.100282,-26.219078,92.98046,-32.080956,-9.349267,-74.872925,2.5711255,6.4498377,92.22922,-32.67647,1.136005
202,-0.9728329181671143,20.139522552490234,81.09685516357422,-2.258742277943298,12.391038808612352,-89.683365100293,-0.89709437,0.9986145,24.0,2.033359,-24.999998,-125.36795,9.124135,-83.07575,88.10638,8.777579,7.401721,6.182494,-126.406334,-6.035579,76.73796,87.60405,-9.944998,2.0810103,-4.7772655,-73.432816,-8.611934,-25.989511,91.48029,-31.77399,-9.271531,-73.39805,2.266843,6.2349167,90.78146,-32.392097,1.1847231
203,-1.0218724012374878,19.99615478515625,81.96000671386719,-2.1951033504957045,12.059109447035588,-89.60467965479496,-0.8999476,0.9505152,24.0,1.9251412,-24.999998,-125.0411,9.251183,-82.61729,87.89935,9.162353,7.2788825,6.048944,-126.12717,-6.085491,76.367165,87.65356,-9.985348,2.0703385,-4.6876664,-71.98245,-8.121521,-25.748428,89.95924,-31.453924,-9.198828,-71.90149,1.9631988,6.0093036,89.31662,-32.09618,1.230723
204,-1.0745110511779785,19.84476089477539,82.82293701171875,-2.1260683423402824,11.714474924053565,-89.52506915898657,-0.9021348,0.9026516,24.0,1.8058451,-24.999998,-124.67461,9.376357,-82.13382,87.71294,9.415373,7.157264,5.946345,-125.811966,-6.136008,75.93756,87.723045,-9.929716,2.0603158,-4.6296277,-70.506294,-7.6311283,-25.491962,88.41663,-31.121342,-9.12878,-70.38385,1.6568419,5.77484,87.83658,-31.79239,1.2768538
205,-1.120758056640625,19.680479049682617,83.68138885498047,-2.047677622156857,11.35596877318122,-89.44225100509186,-0.90564364,0.8511508,24.0,1.66126,-24.999998,-124.26534,9.499078,-81.627686,87.55218,9.4593315,7.034423,5.9030504,-125.460175,-6.187139,75.423294,87.8152,-9.75073,2.0531278,-4.6291904,-69.00241,-7.149801,-25.208633,86.862175,-30.782196,-9.051722,-68.84673,1.338466,5.5424733,86.348915,-31.487225,1.333499
206,-1.1796801090240479,19.521408081054688,84.53972625732422,-1.9618492892858255,10.982547118510608,-89.35768602798512,-0.90978235,0.79423887,24.0,1.4949183,-24.999998,-123.81753,9.618304,-81.10175,87.40382,9.361647,6.911201,5.895062,-125.074104,-6.2380443,74.837585,87.92362,-9.495299,2.0528111,-4.671394,-67.47413,-6.6689925,-24.914629,85.27473,-30.416412,-8.985525,-67.28954,1.0222715,5.2935314,84.8378,-31.162313,1.3794364
207,-1.2290669679641724,19.35012435913086,85.39323425292969,-1.8747328600252877,10.597426692175874,-89.27549819335549,-0.91430724,0.7351477,24.0,1.3416182,-24.999998,-123.33317,9.734049,-80.55639,87.26704,9.242669,6.7975583,5.875024,-124.64805,-6.2884264,74.20708,88.03898,-9.20224,2.0547109,-4.714115,-65.92079,-6.193805,-24.599648,83.67441,-30.044498,-8.911359,-65.71156,0.70154816,5.0407004,83.31349,-30.830854,1.4362638
208,-1.275460124015808,19.17825698852539,86.24500274658203,-1.7916112213897277,10.203660546932491,-89.19891244242908,-0.9192616,0.67601764,24.0,1.2358892,-24.999998,-122.81428,9.847065,-79.99113,87.1392,9.22356,6.7031074,5.7961626,-124.17727,-6.3381815,73.56252,88.15023,-8.908539,2.0551815,-4.7139525,-64.34995,-5.7196817,-24.27592,82.05005,-29.654802,-8.838357,-64.114845,0.38722447,4.7724,81.76195,-30.47761,1.4943223
209,-1.3290766477584839,19.00269317626953,87.09357452392578,-1.7139426461155403,9.800527004988622,-89.13049147683661,-0.92199105,0.6236355,24.0,1.1976124,-24.999998,-122.259026,9.957234,-79.38667,87.01712,9.343731,6.6438165,5.6288733,-123.66386,-6.3872023,72.88038,88.256065,-8.590049,2.0573137,-4.6606326,-62.759777,-5.237058,-23.94825,80.40088,-29.24981,-8.773218,-62.493763,0.08755559,4.480633,80.18372,-30.106676,1.5450296
210,-1.3696211576461792,18.817949295043945,87.94145965576172,-1.6341299004067138,9.3872458006488,-89.06667495838258,-0.9248729,0.57051164,24.0,1.205034,-24.999998,-121.66586,10.0640135,-78.74502,86.90135,9.539617,6.609519,5.405078,-123.10817,-6.4345784,72.154045,88.35892,-8.237924,2.0634995,-4.5781384,-61.137703,-4.758279,-23.59917,78.72412,-28.83299,-8.702901,-60.849045,-0.2159795,4.1850715,78.57932,-29.720026,1.6078318
211,-1.409473180770874,18.6214599609375,88.7852554321289,-1.564203555289806,8.964004439791639,-89.00680740613109,-0.92733455,0.5200103,24.0,1.2263252,-24.999998,-121.034035,10.167888,-78.09814,86.79039,9.77367,6.5708194,5.1719127,-122.50099,-6.4795003,71.448326,88.45915,-7.906238,2.0678058,-4.4743714,-59.49472,-4.281067,-23.238567,77.031494,-28.40725,-8.626608,-59.171257,-0.50879467,3.8652585,76.9475,-29.322462,1.6708336
212,-1.4508016109466553,18.427526473999023,89.62628173828125,-1.4933233994219317,8.532992216669413,-88.94470789330573,-0.93623316,0.4541343,24.0,1.231,-24.999998,-120.36567,10.270918,-77.479546,86.685295,10.005925,6.4978676,4.9763556,-121.83549,-6.5213037,70.8388,88.555435,-7.6396165,2.0635457,-4.3556886,-57.830307,-3.8095791,-22.869032,75.30269,-27.955359,-8.554912,-57.474216,-0.7964063,3.5291743,75.28329,-28.900642,1.7314658
213,-1.4835293292999268,18.228431701660156,90.47022247314453,-1.4214634643428066,8.091246155450968,-88.87941568426156,-0.9553371,0.37051502,24.0,1.218032,-24.999998,-119.65861,10.374585,-76.911316,86.57936,10.2610035,6.3843412,4.824918,-121.10216,-6.5588326,70.365906,88.64818,-7.446604,2.0548937,-4.222075,-56.12754,-3.3455856,-22.481045,73.52879,-27.480875,-8.478271,-55.74363,-1.0858824,3.1803384,73.5764,-28.455778,1.7992581
214,-1.5242838859558105,18.024450302124023,91.31012725830078,-1.35174167829976,7.6388521732968835,-88.81351408560987,-0.9807465,0.27888563,24.0,1.2000358,-24.999998,-118.90995,10.479853,-76.37164,86.47125,10.543093,6.245104,4.6966944,-120.305664,-6.591856,69.9957,88.74062,-7.2922425,2.0418534,-4.070906,-54.396076,-2.8806016,-22.085665,71.719376,-26.987051,-8.4087925,-53.981457,-1.3633531,2.80742,71.8362,-27.993668,1.8602713
215,-1.5647120475769043,17.81805992126465,92.14454650878906,-1.2837741894487051,7.182022815590023,-88.74776200354967,-1.0062977,0.18644731,24.0,1.1670222,-24.999998,-118.11917,10.588826,-75.82286,86.36855,10.785011,6.0845895,4.597755,-119.459946,-6.6228065,69.688866,88.83674,-7.1616826,2.0104098,-3.905081,-52.644676,-2.4215555,-21.679747,69.87684,-26.470417,-8.341339,-52.200146,-1.6315787,2.4159102,70.064445,-27.509693,1.92007
216,-1.6012526750564575,17.60374641418457,92.96723937988281,-1.2189392347566619,6.727085700280321,-88.68315784245505,-1.0248059,0.10181463,24.0,1.1082987,-24.999998,-117.285095,10.704045,-75.22501,86.27603,10.921558,5.9082484,4.5340595,-118.57858,-6.655754,69.40456,88.93765,-7.040065,1.9478271,-3.7271307,-50.883675,-1.9720495,-21.26457,68.013596,-25.937664,-8.274611,-50.408634,-1.8905382,2.006927,68.2704,-27.009785,1.9811759
217,-1.63103449344635,17.387107849121094,93.77786254882812,-1.1603137171601603,6.275441130705854,-88.61843155438555,-1.0363733,0.025936339,24.0,1.0177882,-24.999998,-116.40355,10.827465,-74.54921,86.18999,10.902101,5.701903,4.5401196,-117.65928,-6.6942925,69.15591,89.03726,-6.9484925,1.8416669,-3.5211005,-49.120457,-1.5340525,-20.844074,66.131836,-25.384659,-8.207464,-48.61142,-2.1380234,1.5781624,66.452324,-26.48851,2.0435076
218,-1.6610866785049438,17.15818977355957,94.5776138305664,-1.1066130309528643,5.82375033931553,-88.55345492685075,-1.0442793,-0.04299922,24.0,0.9016096,-24.999998,-115.47132,10.959581,-73.81027,86.10005,10.77983,5.4706073,4.602889,-116.69189,-6.7402854,68.954315,89.13119,-6.886518,1.7025276,-3.292423,-47.339794,-1.1000111,-20.417606,64.22403,-24.818007,-8.144826,-46.793297,-2.3720071,1.1258461,64.60653,-25.953964,2.104216
219,-1.6897443532943726,16.920454025268555,95.36284637451172,-1.0508776194982494,5.370723332395246,-88.49104112342559,-1.0464286,-0.106931224,24.0,0.76900476,-24.999998,-114.48957,11.099317,-73.044876,86.000824,10.640127,5.249904,4.6558475,-115.68071,-6.79342,68.74882,89.22012,-6.8130445,1.5563946,-3.0739813,-45.543533,-0.6767128,-19.975552,62.295815,-24.237698,-8.081804,-44.965233,-2.595935,0.6627075,62.744465,-25.407612,2.1659076
220,-1.7214633226394653,16.68366813659668,96.13321685791016,-0.9865958659095603,4.915416126841784,-88.43411670701988,-1.0403768,-0.17107603,24.0,0.630438,-24.999998,-113.461555,11.244612,-72.297905,85.89059,10.563747,5.0746064,4.6321087,-114.63002,-6.850874,68.47248,89.305595,-6.695713,1.4306542,-2.8996882,-43.731342,-0.26687217,-19.512325,60.339157,-23.634205,-8.019273,-43.134136,-2.8103125,0.19653893,60.86524,-24.842533,2.2261612
221,-1.74785315990448,16.44204330444336,96.88713073730469,-0.9093803589804268,4.45308334843402,-88.38374092139193,-1.0395666,-0.23989491,24.0,0.49636632,-24.999998,-112.38113,11.398857,-71.58203,85.790695,10.550345,4.947832,4.5089455,-113.51434,-6.919701,68.09295,89.37997,-6.5126743,1.3091851,-2.7939153,-41.892776,0.12135282,-19.018,58.358143,-23.013475,-7.949311,-41.295094,-3.0261638,-0.26579183,58.974297,-24.265207,2.2934294
222,-1.7824251651763916,16.194429397583008,97.62532043457031,-0.8234944908317148,3.9864787337724867,-88.33858178212103,-1.0300877,-0.31937826,24.0,0.35252926,-24.999998,-111.25026,11.557827,-70.88882,85.67523,10.55684,4.863492,4.319404,-112.35186,-6.9932365,67.628365,89.43522,-6.296555,1.2090008,-2.7249684,-40.0291,0.49854785,-18.503609,56.34456,-22.373024,-7.883434,-39.444595,-3.2318058,-0.7361499,57.067356,-23.676472,2.3565607
223,-1.81027090549469,15.940773010253906,98.3467025756836,-0.7352733928620221,3.5218879610562523,-88.29755979976458,-1.020773,-0.3992278,24.0,0.21452732,-24.999998,-110.0758,11.723183,-70.21276,85.558334,10.597454,4.79964,4.1000376,-111.14133,-7.0747204,67.10303,89.47792,-6.0958195,1.109321,-2.690749,-38.15208,0.85793036,-17.971916,54.30722,-21.716206,-7.8131475,-37.589012,-3.4284673,-1.2118733,55.142113,-23.072832,2.4243133
224,-1.8387665748596191,15.688222885131836,99.0457534790039,-0.6506855318560079,3.0744650568137226,-88.25975527897687,-1.0086739,-0.47383633,23.970482,0.08765976,-24.999998,-108.84341,11.892324,-69.5533,85.425385,10.686666,4.7515817,3.8828547,-109.87216,-7.161828,66.53764,89.50193,-5.957307,1.020822,-2.6804354,-36.291145,1.2039697,-17.438545,52.25245,-21.040133,-7.7463517,-35.752956,-3.6016214,-1.6938272,53.204426,-22.450941,2.4881346
225,-1.8662534952163696,15.438138961791992,99.72132873535156,-0.566609428907039,2.7978856939499464,-88.22796102438855,-1.0091873,-0.5549341,23.309052,-0.0248606,-24.999998,-107.01871,12.053074,-68.91601,85.23013,10.85,4.738084,3.7290292,-107.985535,-7.2466893,65.907364,89.40277,-5.8592896,0.969713,-2.7856314,-34.629482,1.5045925,-16.941793,50.15783,-20.297836,-7.682539,-34.128044,-3.7253776,-2.1363544,51.23901,-21.76634,2.5402417
226,-1.8931318521499634,15.17133903503418,100.37682342529297,-0.48318597301726623,2.5303253354768755,-88.20013154984525,-1.0031581,-0.63676506,22.632229,-0.13313298,-24.999998,-105.14715,12.210351,-68.306946,85.0399,11.07802,4.729985,3.547026,-106.04911,-7.3326583,65.221275,89.293076,-5.7941732,0.92563796,-2.91778,-32.95914,1.7971289,-16.43483,48.042484,-19.549917,-7.6195793,-32.501873,-3.8344808,-2.582385,49.262062,-21.07805,2.5930333
227,-1.918755292892456,14.896242141723633,101.0099868774414,-0.4029065172197822,2.2834498097452123,-88.17320808838711,-0.99792135,-0.7137836,21.928461,-0.22860557,-24.999998,-103.22833,12.364378,-67.69514,84.84797,11.312357,4.736754,3.3838797,-104.07003,-7.4202614,64.50245,89.164185,-5.802432,0.88629085,-3.0580218,-31.303291,2.0774562,-15.929225,45.911167,-18.788624,-7.558835,-30.894289,-3.9262273,-3.0320878,47.274517,-20.379723,2.6446767
228,-1.944060206413269,14.617815971374512,101.61341094970703,-0.32733012247375354,2.068612891756905,-88.14431069590987,-0.9940066,-0.7791627,21.184515,-0.30925107,-24.999998,-101.25279,12.516087,-67.042274,84.64413,11.500415,4.7611856,3.29157,-102.05568,-7.511162,63.77856,89.01727,-5.922655,0.8456947,-3.1876051,-29.691872,2.3414454,-15.437919,43.785477,-18.017036,-7.502156,-29.334076,-3.998505,-3.4812787,45.29857,-19.678087,2.6934016
229,-1.956971526145935,14.334176063537598,102.18701171875,-0.2542785792665409,1.891127521148172,-88.11192549946486,-0.98897165,-0.82885474,20.389277,-0.3753607,-24.999998,-99.19935,12.667588,-66.31097,84.419235,11.6010475,4.8037124,3.3033338,-99.99966,-7.607511,63.037014,88.85481,-6.209987,0.80185884,-3.3057756,-28.129519,2.578788,-14.96017,41.66722,-17.235247,-7.4407845,-27.82703,-4.061704,-3.9244156,43.332268,-18.971294,2.7474222
230,-1.9803922176361084,14.043983459472656,102.73401641845703,-0.1836740721610923,1.7439947003229233,-88.07776810204157,-0.98113155,-0.8647398,19.553116,-0.43029174,-24.999998,-97.07518,12.819548,-65.51861,84.17047,11.659943,4.865567,3.3842642,-97.89962,-7.7092094,62.27204,88.66915,-6.626765,0.76206845,-3.4202688,-26.599121,2.8096495,-14.4957075,39.537342,-16.439392,-7.3896837,-26.358803,-4.101886,-4.3689127,41.37008,-18.261713,2.7918627
231,-1.9993394613265991,13.74639892578125,103.25343322753906,-0.1207655542784089,1.6205260042901684,-88.04348079757146,-0.97303265,-0.887986,18.693872,-0.47586316,-24.999998,-94.91176,12.970965,-64.714066,83.900345,11.748971,4.9480762,3.4855554,-95.76624,-7.8156986,61.524803,88.45417,-7.0690384,0.729999,-3.5257733,-25.09809,3.0325587,-14.040202,37.41055,-15.638966,-7.340322,-24.921448,-4.123363,-4.8134766,39.413643,-17.550526,2.8369644
232,-2.011685371398926,13.450163841247559,103.73948669433594,-0.07092274258086569,1.5138835956818681,-88.01089087255839,-0.96782964,-0.90138984,17.780191,-0.54095924,-24.107435,-92.687515,13.118253,-63.95046,83.61206,11.9367485,5.0533423,3.5624435,-93.55717,-7.9254403,60.844437,88.20089,-7.4264517,0.71050525,-3.6196659,-23.637188,3.2517397,-13.596791,35.312805,-14.843737,-7.293384,-23.519508,-4.122057,-5.25633,37.47752,-16.840532,2.883055
233,-2.02775502204895,13.132990837097168,104.19857788085938,-0.03637865135471282,1.426850008689886,-87.98120985746313,-0.9667403,-0.90187114,16.860712,-0.5904322,-23.227997,-90.464775,13.259701,-63.254974,83.32558,12.256344,5.1856875,3.5914857,-91.326584,-8.039109,60.262558,87.92693,-7.6413736,0.70098174,-3.6999214,-22.19705,3.4816368,-13.160839,33.22596,-14.058259,-7.255047,-22.130924,-4.088679,-5.7065654,35.543434,-16.137798,2.9257653
234,-2.0339510440826416,12.820945739746094,104.62837219238281,-0.01400031360569571,1.3613967945062644,-87.95308785206667,-0.96808964,-0.8898448,15.9285965,-0.6242754,-22.357853,-88.228226,13.394984,-62.60226,83.04055,12.658456,5.3410683,3.60075,-89.07126,-8.158357,59.75675,87.63962,-7.773845,0.6974425,-3.767786,-20.79831,3.7064946,-12.735719,31.156534,-13.268713,-7.2163463,-20.780098,-4.034597,-6.1520567,33.616085,-15.426377,2.9712276
235,-2.02742338180542,12.526965141296387,105.02738952636719,-0.00016772472525959146,1.3096158186829292,-87.92448106434357,-0.96945786,-0.86885494,14.995801,-0.65467346,-21.494535,-85.981384,13.525576,-61.961124,82.7487,13.093019,5.500146,3.6122713,-86.80662,-8.285558,59.290764,87.34283,-7.896236,0.6929831,-3.8149588,-19.442297,3.9197185,-12.321764,29.11191,-12.474351,-7.175261,-19.472778,-3.96754,-6.587079,31.708223,-14.706352,3.0201313
236,-2.024888277053833,12.226743698120117,105.39642333984375,0.008207039097072686,1.2636380988793423,-87.8932733083366,-0.96770906,-0.84256935,14.074899,-0.69537836,-20.640985,-83.72794,13.653983,-61.300922,82.43657,13.510685,5.645434,3.647487,-84.54773,-8.422919,58.82591,87.0347,-8.082603,0.68232673,-3.8327827,-18.104193,4.1317835,-11.914511,27.091438,-11.694261,-7.1414905,-18.188435,-3.8837068,-7.017624,29.832653,-14.003588,3.0644608
237,-2.023529529571533,11.920233726501465,105.73690032958984,0.011360973374481928,1.2285577811972244,-87.85771392213894,-0.9612781,-0.8133352,13.161224,-0.75887275,-19.801565,-81.46267,13.7812605,-60.59376,82.0972,13.92775,5.7774425,3.7207565,-82.29147,-8.572395,58.349052,86.712715,-8.382193,0.6593747,-3.807797,-16.785744,4.3410687,-11.5138445,25.087065,-10.925253,-7.114098,-16.930933,-3.7851417,-7.4427457,27.984318,-13.314393,3.1062002
238,-2.008896589279175,11.614797592163086,106.04705810546875,0.007653540231582583,1.206076465011935,-87.81931127552338,-0.95157456,-0.7783604,12.252472,-0.83637714,-18.978676,-79.1829,13.907841,-59.855656,81.731026,14.367222,5.906264,3.8161213,-80.03045,-8.735187,57.87607,86.37336,-8.75088,0.62996393,-3.7474518,-15.500777,4.5391536,-11.121962,23.114683,-10.168812,-7.084004,-15.709067,-3.6791794,-7.8576508,26.16623,-12.634114,3.1538742
239,-1.9979188442230225,11.318852424621582,106.33085632324219,-0.0029661508988637455,1.1829827038645373,-87.78109442925454,-0.9403438,-0.7346834,11.364974,-0.910433,-18.157066,-76.89724,14.035757,-59.128277,81.335915,14.783959,6.029793,3.9099305,-77.77181,-8.911209,57.411247,86.00909,-9.12129,0.60821825,-3.6737132,-14.233444,4.7390785,-10.736525,21.163424,-9.415621,-7.060392,-14.51019,-3.5551906,-8.265587,24.375063,-11.9604,3.1950347
240,-1.9925616979599,11.031551361083984,106.5810317993164,-0.020259452312818425,1.1463905474766811,-87.7460375260161,-0.92950875,-0.6808768,10.514958,-0.96170914,-17.327585,-74.616615,14.168478,-58.458527,80.91291,15.12876,6.1452136,3.9794354,-75.524216,-9.099695,56.957863,85.61356,-9.428285,0.60751534,-3.6083844,-12.996189,4.9386015,-10.361802,19.29067,-8.695678,-7.042708,-13.34609,-3.41716,-8.659084,22.664345,-11.323211,3.2286003
241,-1.9774211645126343,10.742147445678711,106.80172729492188,-0.049371891819552864,1.095117494445456,-87.71400283120309,-0.92109203,-0.6053341,9.701053,-0.9786095,-16.473816,-72.33091,14.309387,-57.86887,80.462326,15.348037,6.2513156,4.038511,-73.28113,-9.300529,56.501648,85.18023,-9.627335,0.63305765,-3.5712025,-11.78557,5.134622,-9.996089,17.507366,-8.020366,-7.022588,-12.194814,-3.267683,-9.044213,21.01044,-10.716871,3.2643168
242,-1.961982250213623,10.463281631469727,106.99537658691406,-0.08831626619437631,1.0356723458707267,-87.68370271458926,-0.91282517,-0.5147053,8.918298,-0.97280467,-15.607239,-70.03957,14.4601965,-57.34049,79.9818,15.47318,6.350956,4.0934167,-71.039116,-9.514046,56.041348,84.70999,-9.76442,0.67799544,-3.5456924,-10.609438,5.331043,-9.642306,15.796137,-7.373784,-7.006682,-11.070604,-3.102869,-9.418409,19.408699,-10.130915,3.2953827
243,-1.9394347667694092,10.196168899536133,107.1611557006836,-0.12508898681745387,0.9665635205805451,-87.6563385467333,-0.90017056,-0.4335445,8.177626,-0.9605749,-14.760002,-67.76785,14.62257,-56.852924,79.46855,15.586717,6.4453115,4.10876,-68.81259,-9.739423,55.603325,84.209175,-9.907128,0.737748,-3.4993963,-9.474114,5.507795,-9.29899,14.174834,-6.7645354,-6.9855075,-9.995489,-2.9464989,-9.769788,17.901464,-9.584904,3.3298712
244,-1.9264912605285645,9.94447135925293,107.30191802978516,-0.14805809180252785,0.8864994462944222,-87.6332341979269,-0.8789149,-0.38489315,7.4903827,-0.9589207,-13.967023,-65.54015,14.798162,-56.38406,78.91724,15.771743,6.5354233,4.0485764,-66.617065,-9.974179,55.217674,83.68666,-10.119549,0.80785006,-3.401206,-8.363308,5.6638513,-8.959556,12.610704,-6.175023,-6.9647326,-8.985624,-2.8061023,-10.091596,16.518045,-9.093327,3.3601992
245,-1.9177430868148804,9.690303802490234,107.41852569580078,-0.14965349971266967,0.794326356426693,-87.61186508056797,-0.8505008,-0.3827711,6.858322,-0.9672062,-13.223081,-63.361797,14.988655,-55.932392,78.31313,16.103848,6.6172924,3.8628898,-64.45229,-10.215042,54.92914,83.14047,-10.392952,0.8880303,-3.22972,-7.2635174,5.7870374,-8.623461,11.103372,-5.6151733,-6.935775,-8.045504,-2.69989,-10.38305,15.293838,-8.684975,3.3943505
246,-1.9099963903427124,9.46264362335205,107.51406860351562,-0.13629530467013964,0.6915888833917878,-87.59261187304169,-0.8173405,-0.40940994,6.2776256,-0.97825164,-12.519269,-61.21651,15.196704,-55.499928,77.65814,16.525288,6.689853,3.5830142,-62.3157,-10.458981,54.722187,82.57524,-10.693417,0.9798317,-3.0084157,-6.1934447,5.882418,-8.297853,9.647123,-5.06438,-6.9009686,-7.1899014,-2.622164,-10.642335,14.219846,-8.337341,3.42924
247,-1.8985450267791748,9.23652172088623,107.5916976928711,-0.11881057400563261,0.5814073626493187,-87.58084038597946,-0.7818645,-0.44165778,5.751954,-0.9943297,-11.873946,-59.09368,15.423649,-55.07051,76.970825,16.918657,6.76495,3.2983937,-60.222874,-10.70364,54.53206,82.00712,-11.05653,1.0796133,-2.7682066,-5.1414604,5.9627876,-7.9698663,8.245041,-4.5414395,-6.8631425,-6.3942924,-2.5606215,-10.875169,13.272097,-8.050965,3.4672887
248,-1.88823401927948,9.017613410949707,107.65278625488281,-0.10902572821000932,0.46686566163877247,-87.581432064439,-0.7438298,-0.45676827,5.284658,-1.0200238,-11.310316,-56.98505,15.669686,-54.628906,76.270134,17.16835,6.854475,3.0961332,-58.185646,-10.946731,54.285362,81.44816,-11.524118,1.1850616,-2.5401597,-4.1259584,6.0450063,-7.6377144,6.91796,-4.055145,-6.8324585,-5.6593657,-2.496377,-11.080355,12.435936,-7.813333,3.501059
249,-1.8791848421096802,8.82590103149414,107.70130157470703,-0.10927390120672145,0.3468004294958289,-87.5962064329964,-0.7015706,-0.45325315,4.8774934,-1.0668834,-10.827622,-54.887558,15.93509,-54.169178,75.56603,17.169655,6.9627,3.0194783,-56.21012,-11.187184,53.947304,80.8944,-12.208864,1.2910495,-2.2984478,-3.269874,6.1171556,-7.3434477,5.8773646,-3.7006683,-6.809143,-4.987245,-2.4254339,-11.255649,11.693107,-7.6031322,3.5263982
250,-1.862953782081604,8.632109642028809,107.73786163330078,-0.11403484429849664,0.22013988030906645,-87.62221142653014,-0.6509755,-0.4426845,4.5300064,-1.133682,-10.420984,-52.80983,16.220863,-53.703735,74.844734,17.009666,7.0794683,3.009567,-54.28326,-11.422905,53.547318,80.338875,-13.067224,1.4011383,-2.0388665,-2.9221385,6.1234975,-7.217857,5.8158627,-3.8398519,-6.7805033,-4.363206,-2.3622503,-11.406255,11.056401,-7.444952,3.5540035
251,-1.8472154140472412,8.451271057128906,107.76299285888672,-0.12357769444910444,0.08983853251346662,-87.65729878820878,-0.6011876,-0.42295215,4.2479897,-1.1927793,-10.095715,-50.74351,16.519276,-53.240303,74.08017,16.858433,7.218757,3.0247827,-52.390514,-11.64535,53.119297,79.77439,-13.901819,1.5338871,-1.8248624,-2.5803096,6.1363125,-7.0821466,5.7608542,-3.9764616,-6.757199,-3.800726,-2.3026438,-11.531727,10.525837,-7.330039,3.5792115
252,-1.8290506601333618,8.285135269165039,107.78276062011719,-0.13730916378000393,-0.04074995831923675,-87.69946997452759,-0.5546617,-0.3903381,4.028502,-1.2232105,-9.854363,-48.697674,16.824505,-52.78884,73.274536,16.888672,7.3699546,3.0046866,-50.52392,-11.846887,52.69594,79.222984,-14.513357,1.6938562,-1.7168676,-2.248795,6.1522765,-6.9390225,5.71031,-4.106627,-6.7376494,-3.2695606,-2.2430081,-11.643842,10.034734,-7.224279,3.6056533
253,-1.809210181236267,8.129578590393066,107.7967300415039,-0.1569002444158153,-0.17430666685751683,-87.74861233422041,-0.5631761,-0.34288016,3.852449,-1.1647127,-9.676753,-46.65729,17.141659,-52.34991,72.47922,17.174797,7.5359497,2.9482963,-48.770645,-12.055454,52.33209,78.77968,-14.804434,1.7924176,-1.6603059,-1.9227797,6.1744266,-6.785804,5.6658936,-4.2343125,-6.7237816,-2.768015,-2.1818395,-11.743483,9.591218,-7.1348433,3.6335256
254,-1.7823156118392944,7.981655120849609,107.80496215820312,-0.18303969709063142,-0.3122963790964964,-87.80546758193876,-0.5630081,-0.2765871,3.7502594,-1.0913771,-9.590664,-44.639652,17.461466,-51.941715,71.63106,17.619776,7.7364106,2.8710504,-47.030273,-12.248002,51.988865,78.32883,-14.883275,1.9470755,-1.7379823,-1.5971884,6.2005496,-6.6206346,5.6256785,-4.3606753,-6.711138,-2.29393,-2.12205,-11.829864,9.197343,-7.063536,3.6651578
255,-1.7573614120483398,7.843138217926025,107.8110580444336,-0.2099593771034229,-0.44847284020396116,-87.87018856280824,-0.5693102,-0.20788643,3.700504,-1.0004826,-9.577316,-42.64251,17.781612,-51.51595,70.7811,18.123919,7.911604,2.781351,-45.332348,-12.425504,51.63779,77.89432,-14.876132,2.105334,-1.8526351,-1.2804408,6.2283735,-6.448621,5.589,-4.482774,-6.7012615,-1.843856,-2.062485,-11.903571,8.829573,-6.9975424,3.695168
256,-1.7319753170013428,7.703729629516602,107.815185546875,-0.2347034594404179,-0.5768259531288235,-87.94271511176217,-0.5776589,-0.14895822,3.6934977,-0.9086502,-9.626199,-40.66301,18.101118,-51.02113,69.94138,18.598253,8.013244,2.6824603,-43.667095,-12.591513,51.243065,77.44306,-14.905507,2.2607493,-1.9396374,-0.97539794,6.252053,-6.2729697,5.5586324,-4.605484,-6.6892157,-1.4193516,-2.0085573,-11.963641,8.488914,-6.941706,3.7260473
257,-1.7091575860977173,7.587459087371826,107.81816101074219,-0.25695548432340237,-0.6939906389620707,-88.02645620615658,-0.58228886,-0.103035316,3.732811,-0.8193622,-9.753468,-38.700928,18.422173,-50.43242,69.09789,19.088423,8.015465,2.5467966,-42.029255,-12.750375,50.78703,76.951584,-15.010648,2.4272697,-1.9816809,-0.6979458,6.2728944,-6.095482,5.528552,-4.7106776,-6.6777906,-1.0449282,-1.9603754,-12.000937,8.183873,-6.885066,3.7534974
258,-1.6802500486373901,7.479888916015625,107.81945037841797,-0.27913835677522564,-0.8045785121838153,-88.12024320665887,-0.5880627,-0.06325997,3.8223794,-0.723374,-9.956041,-36.7502,18.744537,-49.772877,68.242744,19.62743,7.9491215,2.3813386,-40.42141,-12.903919,50.288445,76.43305,-15.129268,2.604163,-2.0083947,-0.43353298,6.2892184,-5.911283,5.500121,-4.8089466,-6.6626077,-0.70192814,-1.9196138,-12.021662,7.9081087,-6.833338,3.7841842
259,-1.6511399745941162,7.362738132476807,107.81893920898438,-0.3006276041206934,-0.9135764041326382,-88.21804358049998,-0.60010344,-0.027117392,3.951156,-0.6241206,-10.204358,-34.809597,19.062315,-49.072636,67.40577,20.102026,7.845403,2.235978,-38.839874,-13.050627,49.767395,75.91295,-15.229736,2.76697,-2.0324564,-0.16831437,6.3038116,-5.723657,5.478491,-4.9149766,-6.6457233,-0.36451542,-1.8814602,-12.037233,7.6487527,-6.7938004,3.8161132
260,-1.6280879974365234,7.253643035888672,107.8205337524414,-0.32325809763072644,-1.02601098663077,-88.31343385316701,-0.6231877,0.008932491,4.1072454,-0.52510154,-10.469119,-32.88187,19.364286,-48.365025,66.62515,20.39777,7.735806,2.1643257,-37.28277,-13.186767,49.241066,75.421135,-15.279628,2.8887918,-2.0672276,0.0912811,6.32195,-5.5436244,5.4638743,-5.019629,-6.631329,-0.009973233,-1.8339127,-12.058463,7.3530817,-6.7318377,3.8420517
261,-1.6059750318527222,7.163938999176025,107.82002258300781,-0.3477136350988647,-1.144634184109075,-88.40498742494349,-0.6577053,0.047196236,4.2915006,-0.43568194,-10.748797,-30.977608,19.642118,-47.68707,65.946754,20.413877,7.5858254,2.213919,-35.749126,-13.310377,48.709652,74.972336,-15.251173,2.9480705,-2.1155841,0.3409889,6.341545,-5.3741913,5.457138,-5.1168947,-6.616495,0.32417765,-1.7869186,-12.075761,7.0889606,-6.6749525,3.8640726
262,-1.5781774520874023,7.06463098526001,107.81885528564453,-0.3750217163551566,-1.266328738506713,-88.49559240265046,-0.69518685,0.08459311,4.503504,-0.35706168,-11.051834,-29.108189,19.890224,-47.033134,65.3685,20.226131,7.385114,2.3492417,-34.236828,-13.422327,48.162537,74.561104,-15.166378,2.9582841,-2.1731026,0.594511,6.360163,-5.2063475,5.4609985,-5.2244763,-6.596722,0.6795927,-1.7369399,-12.099123,6.8021107,-6.6116953,3.889113
263,-1.55035400390625,6.963549613952637,107.81845092773438,-0.40417666481424547,-1.3869874249681189,-88.58645382944961,-0.7254342,0.11645449,4.728335,-0.28132212,-11.360451,-27.279903,20.099606,-46.36515,64.86223,19.991152,7.19885,2.4969463,-32.741425,-13.52236,47.600674,74.187546,-15.067632,2.9463196,-2.2436733,0.8458568,6.379986,-5.041489,5.468993,-5.3347883,-6.576594,1.0538899,-1.6804591,-12.126019,6.477108,-6.5299287,3.9137247
264,-1.5186116695404053,6.866799831390381,107.81674194335938,-0.4340959180844505,-1.5029036604982833,-88.67836359795471,-0.74105006,0.14027554,4.95184,-0.19877048,-11.656401,-25.494843,20.258978,-45.63599,64.39816,19.869339,7.0929976,2.5832496,-31.262875,-13.608667,47.03086,73.85662,-14.9951315,2.938706,-2.33132,1.088932,6.397465,-4.881459,5.4761558,-5.4407983,-6.5549364,1.4151024,-1.6263729,-12.145684,6.158579,-6.446768,3.9405682
265,-1.4895786046981812,6.77669620513916,107.81366729736328,-0.46311389003479086,-1.6118379694702547,-88.77182021401529,-0.73901975,0.15587021,5.1707296,-0.098072946,-11.939326,-23.754827,20.35641,-44.814037,63.977947,19.927599,7.0947275,2.559584,-29.799885,-13.67881,46.45669,73.58306,-14.916026,2.9254665,-2.4462554,1.3196979,6.414767,-4.7284694,5.4811344,-5.539512,-6.535656,1.7551879,-1.5737727,-12.155693,5.8560433,-6.36689,3.966452
266,-1.4559301137924194,6.687703609466553,107.81169891357422,-0.49407554072002136,-1.716325085932995,-88.86619837657234,-0.72374237,0.16788153,5.3881884,0.012054975,-12.211332,-22.060797,20.386042,-43.920753,63.63393,20.083212,7.1581073,2.473908,-28.356007,-13.731617,45.878803,73.37135,-14.820507,2.895842,-2.5834808,1.5426643,6.430608,-4.580917,5.489135,-5.6376915,-6.5139303,2.0505698,-1.5302501,-12.150168,5.6273317,-6.321218,3.9956822
267,-1.4213142395019531,6.600348472595215,107.80682373046875,-0.5270926631086246,-1.8179891059668214,-88.961260118253,-0.6965398,0.17904274,5.5982714,0.10949622,-12.464842,-20.415915,20.348139,-42.99666,63.377316,20.26576,7.242278,2.3973935,-26.936502,-13.766538,45.29558,73.20625,-14.78307,2.8777986,-2.724648,1.763238,6.4481053,-4.4346423,5.4950266,-5.7346244,-6.492467,2.240265,-1.5068853,-12.111431,5.5965853,-6.372979,4.0259786
268,-1.3890416622161865,6.507031440734863,107.80218505859375,-0.562247225743216,-1.9184350642120687,-89.05671311397214,-0.6586326,0.19215257,5.7965393,0.17170852,-12.692472,-18.823074,20.247704,-42.08529,63.213608,20.402067,7.3094306,2.401973,-25.545387,-13.783311,44.703205,73.06847,-14.87908,2.9008214,-2.850799,1.9832443,6.4693756,-4.286943,5.504666,-5.83736,-6.473344,2.4303308,-1.4796176,-12.069248,5.568621,-6.4301796,4.054407
269,-1.3553467988967896,6.410831451416016,107.79472351074219,-0.6039403506997539,-2.0201889744476382,-89.15465482832683,-0.607101,0.21085173,5.9817405,0.1806445,-12.884315,-17.27474,20.086935,-41.200737,63.142178,20.461483,7.3686895,2.5402043,-24.17982,-13.780053,44.09381,72.9528,-15.192541,2.9874105,-2.9522388,2.2098227,6.4976053,-4.1333084,5.5121465,-5.9440675,-6.45562,2.6270216,-1.4445266,-12.02189,5.534186,-6.4873624,4.081806
270,-1.3152927160263062,6.311826229095459,107.78643798828125,-0.6483026594889113,-2.121518361886494,-89.25469472708411,-0.5391566,0.23313537,6.1537704,0.1489111,-13.04768,-15.778958,19.865774,-40.33268,63.162594,20.478676,7.4352703,2.762487,-22.837963,-13.756574,43.46564,72.873055,-15.664191,3.1172771,-3.0391426,2.4375432,6.5249014,-3.977031,5.522065,-6.0553555,-6.4349713,2.828261,-1.4094797,-11.970049,5.4963093,-6.546162,4.1129956
271,-1.2679505348205566,6.229680061340332,107.7755126953125,-0.692276132240371,-2.2176997214145833,-89.35253373813187,-0.45663974,0.2542808,6.3122725,0.099752426,-13.191992,-14.360105,19.589586,-39.483948,63.27472,20.480326,7.4819064,2.987503,-21.520262,-13.715389,42.82322,72.826126,-16.15246,3.2594657,-3.123703,2.6466308,6.5469346,-3.8283103,5.532279,-6.155278,-6.4108143,3.009581,-1.3807201,-11.913453,5.4638357,-6.5955696,4.1473694
272,-1.2325400114059448,6.1411614418029785,107.7647476196289,-0.7279336052424257,-2.304155265617639,-89.44369202852701,-0.36166674,0.2666605,6.457123,0.05707563,-13.331401,-13.040618,19.268303,-38.658024,63.473354,20.49082,7.4831514,3.1331716,-20.226723,-13.66149,42.172,72.80602,-16.514727,3.3830929,-3.2185178,2.8457007,6.5656643,-3.6873376,5.5407677,-6.2549467,-6.391646,3.3398852,-1.3212267,-11.906468,5.1244617,-6.4944677,4.1754184
273,-1.2013107538223267,6.053448677062988,107.75492095947266,-0.7494121991043271,-2.37434820036068,-89.52615470076641,-0.2587275,0.26340365,6.581872,0.029737849,-13.465482,-11.820915,18.911104,-37.862885,63.7537,20.516037,7.439253,3.1563058,-18.955578,-13.59963,41.513817,72.80869,-16.698154,3.4910376,-3.326293,3.0203874,6.5687737,-3.5606637,5.5488944,-6.3489184,-6.3709497,3.4935246,-1.3113565,-11.86081,5.094455,-6.544095,4.207156
274,-1.1642193794250488,5.955648422241211,107.74500274658203,-0.7594385157966544,-2.431397642525394,-89.60313819094489,-0.14602643,0.24889755,6.6885343,0.005322342,-13.586897,-10.684115,18.523363,-37.091988,64.10288,20.540266,7.3668675,3.105725,-17.703962,-13.531477,40.846184,72.826164,-16.781992,3.599186,-3.4387531,3.1826694,6.553329,-3.4416337,5.5564446,-6.444536,-6.342835,3.5777757,-1.3319105,-11.802268,5.1698008,-6.6419706,4.2468667
275,-1.1364632844924927,5.877107620239258,107.73612213134766,-0.7637135924486158,-2.4836124632307985,-89.67914505093988,-0.018126717,0.23051926,6.7874207,-0.020757016,-13.708809,-9.623659,18.111217,-36.321465,64.50325,20.55793,7.265429,3.0366871,-16.475405,-13.457915,40.17164,72.85295,-16.823383,3.694488,-3.552031,3.3265986,6.5363574,-3.3291397,5.562297,-6.5266447,-6.3201776,3.661612,-1.3519226,-11.745385,5.215129,-6.71487,4.280745
276,-1.1024829149246216,5.810178756713867,107.72774505615234,-0.7718987720590532,-2.545585516940748,-89.7537067046596,0.12258734,0.21806058,6.8952975,-0.05022507,-13.839529,-8.626552,17.681292,-35.521095,64.931984,20.566116,7.1351004,3.004815,-15.276982,-13.379503,39.497025,72.888145,-16.878914,3.763671,-3.6626482,3.4744322,6.520086,-3.217033,5.5681067,-6.602091,-6.296087,3.656393,-1.3876902,-11.664371,5.4535074,-6.8832192,4.3131866
277,-1.0667189359664917,5.733348369598389,107.71908569335938,-0.782289233924461,-2.6138060267718117,-89.83172376326301,0.2778633,0.21252662,7.014528,-0.06886646,-13.994191,-7.686699,17.240633,-34.668003,65.370895,20.582495,6.964754,3.0002322,-14.113367,-13.297553,38.821938,72.931435,-16.946274,3.7943423,-3.767983,3.636896,6.5052085,-3.096513,5.5744495,-6.6844187,-6.2728724,3.7755551,-1.4016088,-11.615225,5.457287,-6.931265,4.3473644
278,-1.0366984605789185,5.666584014892578,107.71141052246094,-0.7925830926574192,-2.6865738900403886,-89.90911187778359,0.4379311,0.21012306,7.1416616,-0.073106475,-14.164723,-6.794188,16.794619,-33.765247,65.81445,20.607973,6.763069,2.999703,-12.985469,-13.213,38.15064,72.98494,-17.000885,3.7970936,-3.869637,3.7986288,6.49375,-2.9767907,5.5799346,-6.760536,-6.254889,3.899988,-1.4085734,-11.568146,5.4605603,-6.9801073,4.3734064
279,-1.004510760307312,5.599862098693848,107.70365905761719,-0.8024713227732684,-2.762063961788905,-89.98615625630632,0.5987652,0.20655315,7.267939,-0.08244813,-14.329188,-5.9351234,16.346,-32.82498,66.26001,20.612436,6.55804,3.0373847,-11.892221,-13.122504,37.493576,73.0437,-17.062788,3.7947683,-3.970611,3.9627645,6.4796877,-2.8560097,5.5863566,-6.8368726,-6.2352233,4.0241847,-1.4196907,-11.521472,5.4637413,-7.02514,4.4018703
280,-0.972154438495636,5.546774387359619,107.69393157958984,-0.8051682031316751,-2.8408249043399265,-90.06192007336529,0.7540474,0.19757424,7.3848658,-0.11540966,-14.464132,-5.0980744,15.895859,-31.860392,66.711296,20.564663,6.3765826,3.149079,-10.837526,-13.020917,36.863647,73.11374,-17.152378,3.8073568,-4.075659,4.1223564,6.45657,-2.737744,5.590861,-6.904006,-6.2125506,4.1524105,-1.4378794,-11.477299,5.463132,-7.0670505,4.431255
281,-0.9386011362075806,5.493232727050781,107.68566131591797,-0.8008155280154393,-2.9242318882595315,-90.13644835586054,0.9034241,0.17700931,7.4923925,-0.18326451,-14.56783,-4.280497,15.445248,-30.865623,67.174126,20.435421,6.2191668,3.3590827,-9.826378,-12.903491,36.2703,73.20946,-17.273958,3.8317628,-4.1965146,4.287456,6.4229774,-2.6177068,5.594984,-6.971358,-6.1845794,4.283432,-1.4669784,-11.436615,5.462055,-7.1061325,4.4649997
282,-0.9073122143745422,5.434487819671631,107.67706298828125,-0.7909811161085281,-3.0119117930666945,-90.2098442282014,1.04497,0.14777248,7.594049,-0.2693776,-14.652755,-3.4828067,14.995572,-29.831106,67.639854,20.247412,6.0743427,3.6439812,-8.864405,-12.769142,35.70987,73.33814,-17.415646,3.8569586,-4.3301263,4.4589047,6.3831987,-2.4958398,5.6016946,-7.043122,-6.154758,4.421364,-1.5011588,-11.39999,5.4664702,-7.1532717,4.4993086
283,-0.8785072565078735,5.382226943969727,107.6695327758789,-0.7806725594159699,-3.102685205091915,-90.28077160238904,1.1727184,0.11881084,7.6882663,-0.35304296,-14.708017,-2.7028644,14.547178,-28.767529,68.09467,20.046331,5.9501047,3.9680007,-7.9518695,-12.619099,35.170605,73.488594,-17.574152,3.8919153,-4.4589033,4.630039,6.3440957,-2.3768566,5.606393,-7.109977,-6.1261983,4.55498,-1.5350047,-11.362528,5.4727283,-7.195105,4.5314956
284,-0.8497129082679749,5.331589698791504,107.66130828857422,-0.7730835724226941,-3.1943621117506726,-90.34825460752754,1.2848088,0.09889225,7.7727695,-0.41725102,-14.731018,-1.9441622,14.099622,-27.692587,68.53032,19.874807,5.8543134,4.2961893,-7.084104,-12.456411,34.635178,73.64407,-17.747442,3.9467704,-4.564872,4.799737,6.3083673,-2.2630913,5.6127944,-7.1769423,-6.099224,4.6911626,-1.5644023,-11.32417,5.478419,-7.2376795,4.5620637
285,-0.8166115880012512,5.282617568969727,107.65213012695312,-0.7702573578287321,-3.286894222523521,-90.41209338335412,1.3832644,0.09133895,7.8472757,-0.45411152,-14.709799,-1.2072319,13.650995,-26.599316,68.94721,19.720245,5.7932277,4.646767,-6.2551103,-12.284864,34.078773,73.79495,-17.953913,4.036199,-4.643648,4.969756,6.275925,-2.1542013,5.617148,-7.24214,-6.0721836,4.831446,-1.5897615,-11.282968,5.4806075,-7.2790775,4.593798
286,-0.786370575428009,5.238070487976074,107.64350891113281,-0.770579611879711,-3.3820041767558444,-90.47205652019623,1.472738,0.09228409,7.9152393,-0.47900867,-14.655045,-0.49820626,13.200531,-25.48647,69.35374,19.566725,5.7605214,5.0306664,-5.460697,-12.106686,33.50397,73.9401,-18.193232,4.152854,-4.704806,5.138769,6.249127,-2.0503285,5.6221986,-7.3053584,-6.0485287,4.966651,-1.6097753,-11.238387,5.4878936,-7.318289,4.6218133
287,-0.756948709487915,5.193299293518066,107.6340103149414,-0.771687499405735,-3.477907097918751,-90.52955816319222,1.5565286,0.09703902,7.9758506,-0.5093318,-14.578864,0.17084153,12.751484,-24.38279,69.75672,19.448631,5.746292,5.4031725,-4.70234,-11.924616,32.938835,74.08377,-18.432821,4.2713957,-4.7520127,5.307885,6.2238197,-1.9498228,5.6281304,-7.3689184,-6.0255995,5.10737,-1.627183,-11.19669,5.493548,-7.360262,4.6482177
288,-0.729734480381012,5.144341945648193,107.62374114990234,-0.7741770227447881,-3.5737344213283846,-90.58501347153535,1.6373525,0.10118647,8.02896,-0.5624926,-14.494156,0.789745,12.310443,-23.320915,70.16014,19.396183,5.7420645,5.7198887,-3.9814882,-11.741241,32.414936,74.229355,-18.636854,4.366877,-4.789388,5.478443,6.2012715,-1.8517635,5.6348324,-7.434262,-6.0036488,5.249895,-1.6417022,-11.160596,5.4988422,-7.403718,4.671991
289,-0.6969208121299744,5.087761402130127,107.61602020263672,-0.7774879560774555,-3.67170919560951,-90.63729621787259,1.7144996,0.1043112,8.074531,-0.65302193,-14.404062,1.3539237,11.882535,-22.313238,70.56812,19.450335,5.7630153,5.9576683,-3.2959785,-11.558364,31.948479,74.38232,-18.786402,4.4303336,-4.824221,5.654897,6.175789,-1.756694,5.6427374,-7.503439,-5.9772,5.398648,-1.6583525,-11.132827,5.506399,-7.4521995,4.697336
290,-0.6730685830116272,5.045783042907715,107.60621643066406,-0.780451477075039,-3.770754398490321,-90.6870635084539,1.787046,0.107030496,8.113505,-0.76775503,-14.301307,1.872142,11.469995,-21.34287,70.97113,19.577995,5.810537,6.144681,-2.645719,-11.377273,31.524162,74.536255,-18.898539,4.4763045,-4.8532085,5.824133,6.1560283,-1.6682453,5.648946,-7.562946,-5.9566026,5.544508,-1.6687729,-11.108206,5.5090985,-7.492942,4.714024
291,-0.6487320065498352,5.006618976593018,107.59732818603516,-0.7844454748625029,-3.86819499802265,-90.73560168019885,1.8555237,0.10977988,8.149414,-0.88206804,-14.191933,2.357448,11.075727,-20.397797,71.35077,19.69993,5.855732,6.3127155,-2.0337367,-11.199915,31.124071,74.67672,-18.99435,4.515095,-4.8644047,5.987886,6.137146,-1.5827844,5.656323,-7.620048,-5.935615,5.682485,-1.6788435,-11.084526,5.515811,-7.5316772,4.7300677
292,-0.6280242204666138,4.965488433837891,107.58893585205078,-0.7860796694893057,-3.9602445570809013,-90.78553452621712,1.9226164,0.1118847,8.185623,-0.9724559,-14.0840435,2.8233333,10.702356,-19.468775,71.68678,19.73609,5.8697033,6.492391,-1.4610659,-11.027592,30.72918,74.78522,-19.095036,4.5577188,-4.8451223,6.1470747,6.1175847,-1.4958724,5.661618,-7.676511,-5.915672,5.815698,-1.6897256,-11.061283,5.520477,-7.5696163,4.74621
293,-0.6063684821128845,4.927380561828613,107.5810317993164,-0.7843223239213517,-4.048599551587108,-90.83984613418176,1.9951389,0.11261632,8.225225,-1.0378151,-13.97427,3.2715995,10.352127,-18.543743,71.97297,19.683802,5.8480935,6.684938,-0.9269672,-10.861924,30.333202,74.848915,-19.221071,4.6139646,-4.7722983,6.2998896,6.092947,-1.4056013,5.666854,-7.730967,-5.893237,5.9420905,-1.7059767,-11.035654,5.524445,-7.603993,4.7661595
294,-0.5830078721046448,4.891229629516602,107.57324981689453,-0.7792254083304025,-4.134111750548649,-90.89658417998078,2.070174,0.11158198,8.266929,-1.0890836,-13.861357,3.699316,10.025723,-17.627785,72.215355,19.581512,5.805688,6.87477,-0.42900333,-10.704122,29.943258,74.87597,-19.358913,4.676032,-4.6584234,6.448212,6.063025,-1.3138947,5.671307,-7.783461,-5.8680305,6.0644026,-1.7275697,-11.009824,5.5262847,-7.634863,4.789481
295,-0.5650590658187866,4.86353063583374,107.56717681884766,-0.775780566961131,-4.21208309384907,-90.95033956291864,2.136603,0.11062513,8.306824,-1.1225744,-13.756019,4.111447,9.722462,-16.742367,72.41494,19.40867,5.7404695,7.067968,0.0354519,-10.553583,29.55865,74.87932,-19.477545,4.728593,-4.544429,6.580982,6.0390215,-1.2284954,5.6749806,-7.828386,-5.847336,6.1704597,-1.7441386,-10.984217,5.5290213,-7.6593447,4.8079286
296,-0.5429435968399048,4.828741550445557,107.56051635742188,-0.7734216546021273,-4.277164661181387,-90.99633439337518,2.1856837,0.11034462,8.339493,-1.1366712,-13.663803,4.509494,9.441388,-15.913614,72.57755,19.142162,5.650168,7.2718673,0.46901652,-10.409765,29.175865,74.87587,-19.547642,4.755757,-4.472474,6.699865,6.0147605,-1.1525784,5.67816,-7.8727393,-5.8256063,6.2680674,-1.7617034,-10.965229,5.5300984,-7.6859245,4.8282137
297,-0.5250806212425232,4.798252582550049,107.55590057373047,-0.7767862372559038,-4.324973897977726,-91.03160008517895,2.218741,0.11215809,8.361454,-1.1275902,-13.590583,4.893604,9.185018,-15.145138,72.702126,18.717587,5.520601,7.496259,0.87514806,-10.273336,28.790895,74.865875,-19.569155,4.745226,-4.46067,6.7916026,6.0016747,-1.0921412,5.6803403,-7.9078712,-5.8106246,6.3450613,-1.7695385,-10.952577,5.5293674,-7.7086315,4.8420124
298,-0.5097953081130981,4.767538547515869,107.55403137207031,-0.782171688958542,-4.359708890115706,-91.05912882852414,2.2417312,0.11548144,8.376665,-1.1001276,-13.530251,5.261812,8.954718,-14.429812,72.78915,18.163425,5.355846,7.734073,1.2543154,-10.144823,28.402002,74.84005,-19.55633,4.7081227,-4.484715,6.864891,5.9937987,-1.042331,5.6818557,-7.9381776,-5.7992597,6.4027095,-1.773689,-10.943994,5.533276,-7.730573,4.852181
299,-0.49294090270996094,4.736458778381348,107.54943084716797,-0.787812637184146,-4.387253677647973,-91.08309103545483,2.2543657,0.118322946,8.389037,-1.0661633,-13.47478,5.609144,8.746087,-13.778882,72.85225,17.595984,5.180782,7.969477,1.6051569,-10.023014,28.009052,74.80241,-19.501595,4.663951,-4.5235033,6.9284506,5.985898,-0.9978635,5.6830378,-7.9663687,-5.7874355,6.455354,-1.7782801,-10.937842,5.5329323,-7.750139,4.863156
300,-0.4752267003059387,4.701004505157471,107.54572296142578,-0.7921072816081369,-4.414177945205836,-91.10694753797341,2.256926,0.11920214,8.402069,-1.0386039,-13.420355,5.9259706,8.552459,-13.206366,72.91273,17.130074,5.0205355,8.190218,1.9254616,-9.906838,27.609972,74.76134,-19.398037,4.631543,-4.5572033,6.993861,5.9754276,-0.9530686,5.6845407,-7.99755,-5.77354,6.506437,-1.7855293,-10.92974,5.5367417,-7.7725387,4.875599
301,-0.45748171210289,4.667069911956787,107.54219055175781,-0.7927758803531167,-4.440519900730523,-91.1327786341512,2.249747,0.12020995,8.415282,-1.0266441,-13.361625,6.2058897,8.369333,-12.722473,72.97849,16.804792,4.882774,8.401552,2.2133045,-9.796118,27.199776,74.714775,-19.21691,4.614121,-4.5800796,7.0578566,5.9604774,-0.9072571,5.685833,-8.028208,-5.7572966,6.560851,-1.7965505,-10.9187565,5.5353284,-7.793057,4.889254
302,-0.4417359232902527,4.640710830688477,107.53915405273438,-0.7945547271073945,-4.463808893431584,-91.15772158444872,2.234191,0.12327861,8.4271755,-1.0237246,-13.304573,6.449714,8.197988,-12.32058,73.04819,16.555347,4.753027,8.611623,2.4715366,-9.691683,26.776924,74.661385,-18.97269,4.6020904,-4.6040764,7.113371,5.948335,-0.86461985,5.686331,-8.053416,-5.7421956,6.6022162,-1.805624,-10.903443,5.5379815,-7.8082805,4.9000416
303,-0.4267943203449249,4.607782363891602,107.5349349975586,-0.792902007587742,-4.484757779393278,-91.18064815931604,2.2131598,0.12653454,8.437484,-1.0188336,-13.246354,6.658502,8.040869,-11.987738,73.124855,16.341368,4.6241393,8.811705,2.7055273,-9.592188,26.346575,74.605545,-18.721563,4.596001,-4.6351385,7.1560416,5.9324136,-0.82871205,5.711887,-8.094411,-5.7264166,6.647803,-1.8181753,-10.891161,5.539703,-7.8286695,4.9127994
304,-0.4192241430282593,4.570237636566162,107.53144836425781,-0.7916901860430714,-4.505376596405488,-91.1993455926548,2.187477,0.12757675,8.447194,-0.99954885,-13.1826515,6.835417,7.9012365,-11.708345,73.210175,16.123432,4.4890037,8.992601,2.9180071,-9.495029,25.916252,74.55602,-18.519146,4.5954833,-4.679835,7.222659,5.9217815,-0.78873426,5.6954036,-8.116389,-5.7159305,6.693995,-1.8256255,-10.883075,5.5429916,-7.852594,4.9220123
305,-0.412892609834671,4.536467552185059,107.52847290039062,-0.7880604414916147,-4.525552636734801,-91.2151111839511,2.153634,0.124471694,8.455871,-0.9546303,-13.111079,6.9867496,7.781832,-11.477408,73.29705,15.899855,4.3388786,9.145133,3.1041245,-9.396589,25.48168,74.515945,-18.40294,4.60658,-4.743091,7.27839,5.909053,-0.75611424,5.692115,-8.142086,-5.7067966,6.7397637,-1.8350238,-10.877915,5.5444145,-7.875015,4.932313
306,-0.4012035131454468,4.513428211212158,107.5245361328125,-0.7817747924494164,-4.544723979907902,-91.22841827803649,2.1107068,0.11682592,8.46347,-0.8914043,-13.033177,7.1124983,7.6834655,-11.29912,73.383545,15.690026,4.1806026,9.27588,3.2598522,-9.29609,25.042698,74.487015,-18.336105,4.6258054,-4.8215384,7.321811,5.890275,-0.73080575,5.69385,-8.162576,-5.6947956,6.7782803,-1.851217,-10.873085,5.5463524,-7.891435,4.9467106
307,-0.3879118263721466,4.48544454574585,107.52084350585938,-0.7765053556543057,-4.5624372141553104,-91.2362826524034,2.062971,0.1075018,8.470678,-0.8246902,-12.956505,7.2071733,7.604909,-11.172052,73.47764,15.486335,4.029868,9.397976,3.3898256,-9.194923,24.616142,74.47173,-18.259962,4.6399465,-4.9088154,7.36492,5.8717613,-0.71127087,5.695874,-8.184927,-5.681974,6.8171687,-1.867238,-10.8737955,5.5501194,-7.9111977,4.962607
308,-0.37706848978996277,4.458700656890869,107.5177993774414,-0.7711958043172759,-4.578371265255682,-91.23634983910061,2.0130572,0.09845298,8.478024,-0.7675482,-12.883563,7.2664943,7.5438538,-11.091217,73.58704,15.282587,3.9019926,9.524931,3.4977276,-9.09671,24.223503,74.473625,-18.113342,4.635423,-4.9982805,7.4032764,5.8554482,-0.7016306,5.697511,-8.204906,-5.6704154,6.856612,-1.8808801,-10.883028,5.5508914,-7.9301744,4.9764795
309,-0.37294232845306396,4.434566020965576,107.51427459716797,-0.7702156884884451,-4.5935224162723856,-91.22437306236155,1.9521194,0.0905888,8.485891,-0.7182566,-12.815343,7.2907004,7.499538,-11.062706,73.71577,15.061849,3.7911155,9.662459,3.5827167,-9.004575,23.871813,74.49143,-17.84631,4.6066184,-5.089646,7.427653,5.849153,-0.7095871,5.715575,-8.229907,-5.6637497,6.895275,-1.8845197,-10.903676,5.551904,-7.949843,4.9842653
310,-0.36963722109794617,4.411892890930176,107.51185607910156,-0.7702734137976776,-4.607765588551502,-91.20291503798265,1.8804451,0.083137564,8.493907,-0.6703141,-12.7498865,7.2824683,7.4721794,-11.085179,73.85946,14.832685,3.6918032,9.803226,3.6442468,-8.919365,23.554203,74.52143,-17.49884,4.5619125,-5.185222,7.448426,5.8452406,-0.7290401,5.73221,-8.251765,-5.6575823,6.932768,-1.8859502,-10.933394,5.554548,-7.970567,4.9909134
311,-0.3599073886871338,4.390257358551025,107.50957489013672,-0.7702609124710251,-4.618544342001876,-91.17931582366757,1.8131082,0.07687509,8.501631,-0.6281882,-12.689967,7.2415404,7.4600525,-11.138692,74.01194,14.629517,3.620134,9.9412155,3.686202,-8.840443,23.272604,74.56301,-17.14428,4.5100775,-5.281781,7.4526844,5.8375587,-0.75607073,5.7685933,-8.281589,-5.6475644,6.9670224,-1.8912908,-10.965539,5.5541296,-7.9879622,5.0014195
312,-0.3480380177497864,4.366560459136963,107.50634765625,-0.7724453177777246,-4.623021307615683,-91.16067573751323,1.762541,0.0719108,8.508683,-0.5936194,-12.638618,7.1701407,7.4600024,-11.197473,74.164825,14.490013,3.5923092,10.070578,3.7093146,-8.765814,23.033136,74.61872,-16.854576,4.45991,-5.3767376,7.436839,5.8308487,-0.78323114,5.832244,-8.325733,-5.6373177,6.9953027,-1.8957914,-10.992989,5.552549,-8.005491,5.012851
313,-0.33765462040901184,4.341221809387207,107.50477600097656,-0.773633724547994,-4.61919298211295,-91.15059746715686,1.7283666,0.066622876,8.5130205,-0.55712676,-12.6012945,7.066549,7.470088,-11.24544,74.31453,14.453814,3.6340144,10.182505,3.7085536,-8.694677,22.834698,74.69783,-16.646475,4.4080086,-5.4728804,7.4355435,5.8242326,-0.79418427,5.8540506,-8.349354,-5.628403,7.0107727,-1.9016244,-11.011115,5.552274,-8.021817,5.023678
314,-0.3266514837741852,4.320614814758301,107.50484466552734,-0.7750012852680144,-4.609092104011724,-91.14464148925515,1.7016542,0.061086714,8.515905,-0.5177315,-12.569031,6.932994,7.489902,-11.290101,74.46415,14.496569,3.729753,10.282863,3.681012,-8.626972,22.679281,74.80083,-16.481901,4.351361,-5.570937,7.43216,5.817786,-0.80004734,5.8608527,-8.361969,-5.61976,7.014885,-1.9080542,-11.02397,5.550499,-8.032869,5.0341735
315,-0.3177284300327301,4.2989959716796875,107.50498962402344,-0.7785006641635176,-4.595635111759372,-91.13825449990527,1.6815193,0.057868343,8.51919,-0.4887839,-12.545003,6.777461,7.519746,-11.3422785,74.61808,14.558836,3.8340726,10.389022,3.6298518,-8.562918,22.578566,74.92145,-16.349424,4.298447,-5.6658764,7.4212484,5.815416,-0.80794287,5.875105,-8.378422,-5.613515,7.0139008,-1.9109321,-11.036638,5.5506935,-8.044922,5.0425825
316,-0.3062421381473541,4.280984878540039,107.50410461425781,-0.7840220807406095,-4.581670178179872,-91.12719386579262,1.6662219,0.058988545,8.525064,-0.4825279,-12.534452,6.608529,7.559062,-11.411112,74.77987,14.582139,3.9012668,10.518821,3.5575774,-8.50601,22.547228,75.052864,-16.235926,4.2579274,-5.7519536,7.3848114,5.8142233,-0.8294718,5.9293566,-8.411918,-5.606996,7.01359,-1.9121466,-11.054105,5.5464478,-8.052948,5.051214
317,-0.2982349395751953,4.266566276550293,107.50414276123047,-0.7926614425609104,-4.568443291785928,-91.10955258973999,1.6583586,0.06537314,8.5363,-0.5133695,-12.534552,6.422879,7.6117673,-11.509544,74.95654,14.544339,3.9124951,10.687147,3.4620154,-8.452295,22.599346,75.19787,-16.131332,4.2279367,-5.8338065,7.3465056,5.819781,-0.858261,5.9820395,-8.441965,-5.6044164,7.0132766,-1.9066786,-11.07829,5.54344,-8.061401,5.055617
318,-0.2900705933570862,4.258617877960205,107.50458526611328,-0.8056288939334637,-4.554117777230523,-91.08762076694573,1.6559738,0.077025004,8.551204,-0.5692913,-12.550548,6.218755,7.675851,-11.627968,75.14321,14.478607,3.893762,10.881172,3.3434262,-8.404563,22.729681,75.355415,-16.040018,4.206469,-5.911431,7.2873282,5.830928,-0.8981455,6.061146,-8.480339,-5.6039033,7.0064073,-1.8960286,-11.105172,5.540815,-8.064934,5.057531
319,-0.279099702835083,4.23807430267334,107.50411987304688,-0.8199050071407646,-4.538044024789687,-91.06408158003737,1.6568335,0.08908537,8.564202,-0.62921774,-12.56864,6.004889,7.750247,-11.755777,75.32647,14.400357,3.8683505,11.075473,3.2037492,-8.362857,22.911625,75.52811,-15.978247,4.1973066,-5.9772916,7.234641,5.8415413,-0.93703645,6.138099,-8.52454,-5.601801,7.006026,-1.8853081,-11.135197,5.537375,-8.07509,5.062063
320,-0.26784420013427734,4.215963363647461,107.5042724609375,-0.8299697950514571,-4.519105731235408,-91.04141883792387,1.659918,0.09820252,8.569878,-0.6733388,-12.581332,5.788656,7.8332386,-11.883022,75.49415,14.325668,3.8592927,11.2444,3.0473099,-8.326721,23.114737,75.71518,-15.964748,4.204762,-6.0231566,7.1947904,5.8470244,-0.9704152,6.1866536,-8.555348,-5.5983863,7.0015125,-1.8804837,-11.162161,5.536841,-8.0866995,5.068726
321,-0.2492809146642685,4.190728664398193,107.50336456298828,-0.8378376642740819,-4.495781341915236,-91.02198928152433,1.6712301,0.10501878,8.562511,-0.69937617,-12.584376,5.573323,7.923523,-12.001824,75.64441,14.25745,3.8710766,11.388113,2.8794734,-8.295061,23.32907,75.91181,-16.029552,4.242495,-6.0379553,7.140552,5.8446302,-1.005358,6.256655,-8.598414,-5.590011,6.9954195,-1.8833783,-11.183809,5.534725,-8.098754,5.0818152
322,-0.2401323765516281,4.1709794998168945,107.50276947021484,-0.8430159199226628,-4.468984237552784,-91.0038092399864,1.6906375,0.1117772,8.546709,-0.718568,-12.580777,5.35277,8.020997,-12.118902,75.785255,14.189675,3.891811,11.518154,2.6983929,-8.267334,23.565586,76.1184,-16.158813,4.3041162,-6.0287514,7.0909114,5.845397,-1.0370036,6.3044677,-8.627199,-5.58757,6.980954,-1.8838192,-11.20057,5.5313563,-8.106109,5.0894537
323,-0.23488497734069824,4.1495161056518555,107.50300598144531,-0.8480398840538929,-4.44167528841341,-90.98316675252511,1.7084612,0.116526745,8.531731,-0.7312072,-12.58344,5.1195235,8.126304,-12.248591,75.91959,14.122995,3.9200118,11.626277,2.4968057,-8.244916,23.824575,76.34292,-16.304808,4.364184,-6.0145936,7.0547953,5.8485365,-1.0661153,6.326604,-8.643747,-5.5871677,6.965919,-1.8820142,-11.219069,5.5307274,-8.116474,5.094972
324,-0.22457925975322723,4.131820201873779,107.5032958984375,-0.8525862311238422,-4.41595812051674,-90.95661780910241,1.7172185,0.11888703,8.526842,-0.73995006,-12.6014595,4.8641086,8.240164,-12.40883,76.05151,14.056455,3.9539793,11.70319,2.2711453,-8.228862,24.103224,76.58735,-16.420792,4.398198,-6.0137773,7.0080857,5.8479247,-1.1051464,6.364189,-8.664681,-5.582561,6.95185,-1.8836809,-11.244289,5.5291986,-8.124182,5.103642
325,-0.216519296169281,4.1162109375,107.5032958984375,-0.857260943456131,-4.392636736158602,-90.92093821056713,1.7192558,0.11755064,8.533315,-0.7495915,-12.639092,4.588477,8.362672,-12.589498,76.17367,13.975527,4.0024085,11.745214,2.0319593,-8.220583,24.396156,76.84857,-16.473906,4.391209,-6.030125,6.9546294,5.848938,-1.1559864,6.412934,-8.688794,-5.5779777,6.9432416,-1.8832585,-11.280476,5.525912,-8.132518,5.1115775
326,-0.20443522930145264,4.1022138595581055,107.50454711914062,-0.8603635227870365,-4.370770021111402,-90.87857752884219,1.7180346,0.11364235,8.54725,-0.75862396,-12.688523,4.2950773,8.493461,-12.788031,76.286934,13.884754,4.0631237,11.756999,1.7792343,-8.2202425,24.705027,77.12324,-16.496292,4.3596687,-6.0534163,6.908019,5.845744,-1.2114062,6.447148,-8.703848,-5.5693607,6.9342294,-1.887149,-11.323233,5.525027,-8.140261,5.122552
327,-0.1960361897945404,4.086313247680664,107.50498962402344,-0.8635293408398054,-4.348986279489405,-90.83530232968413,1.7099172,0.10973884,8.56797,-0.76116854,-12.750261,3.973553,8.632634,-13.039231,76.409996,13.808184,4.1183953,11.743452,1.4947745,-8.226654,25.035053,77.414474,-16.538866,4.3253527,-6.0818458,6.859457,5.844841,-1.2682301,6.4865932,-8.722366,-5.5628667,6.928377,-1.8883512,-11.368396,5.5227604,-8.150007,5.1313124
328,-0.1869267225265503,4.074836730957031,107.505859375,-0.8666576748692425,-4.327090903086549,-90.79623144019061,1.6940026,0.10865199,8.5952835,-0.7549762,-12.816172,3.610047,8.7802725,-13.386792,76.565056,13.764176,4.1503606,11.710057,1.1614647,-8.238369,25.387993,77.72658,-16.653292,4.3096166,-6.1144342,6.8123937,5.843551,-1.3198891,6.5189514,-8.735052,-5.5567417,6.917586,-1.8902857,-11.409132,5.520463,-8.155519,5.13898
329,-0.17748041450977325,4.065023899078369,107.50696563720703,-0.8697914368609128,-4.306240793614069,-90.76495566016979,1.6749555,0.11414059,8.631477,-0.7412421,-12.894019,3.2099829,8.934057,-13.85449,76.75719,13.733858,4.1301684,11.673922,0.78502184,-8.251745,25.754875,78.05961,-16.870037,4.322724,-6.1628127,6.771955,5.8421164,-1.3617094,6.5427337,-8.743791,-5.5513544,6.905776,-1.8925151,-11.44271,5.5175824,-8.159306,5.145053
330,-0.16947497427463531,4.063797950744629,107.50901794433594,-0.8749376325781434,-4.286474845730738,-90.7377645485997,1.6571233,0.1240187,8.67463,-0.72647136,-12.980142,2.7703047,9.09285,-14.42973,76.98245,13.707075,4.075197,11.627689,0.3734552,-8.266511,26.129873,78.41408,-17.158838,4.350912,-6.2249546,6.7269897,5.8440657,-1.4010723,6.56864,-8.749056,-5.5481987,6.888652,-1.8916308,-11.471154,5.515108,-8.1583185,5.147646
331,-0.15920916199684143,4.06559419631958,107.51101684570312,-0.8779965816328291,-4.263949721909968,-90.71005028972966,1.6386094,0.1316589,8.718116,-0.71437865,-13.061786,2.2666168,9.258459,-15.098086,77.24495,13.717191,4.0363636,11.538156,-0.0834848,-8.285962,26.522572,78.78635,-17.478182,4.380775,-6.2771354,6.673779,5.842101,-1.4426357,6.598494,-8.753467,-5.543432,6.866672,-1.8951244,-11.500598,5.510982,-8.153214,5.152171
332,-0.1503048986196518,4.066086292266846,107.51638793945312,-0.8769184772106258,-4.235537043832804,-90.67688929551878,1.6156037,0.13101009,8.756466,-0.7072531,-13.123531,1.6771648,9.433606,-15.843579,77.545105,13.79786,4.0649614,11.370868,-0.59668356,-8.315407,26.947252,79.17081,-17.783558,4.3991895,-6.2948103,6.6506634,5.836994,-1.476284,6.5561757,-8.720365,-5.5383716,6.8381505,-1.902814,-11.536402,5.508086,-8.148175,5.1578684
333,-0.14274868369102478,4.070729732513428,107.52104187011719,-0.8710221688470526,-4.203097647150273,-90.63473265783044,1.581149,0.117758565,8.793938,-0.7028876,-13.163261,1.0001653,9.614923,-16.689745,77.88953,13.97892,4.1900306,11.096308,-1.1608933,-8.355296,27.429752,79.5661,-18.076313,4.3984895,-6.2723985,6.611621,5.8272996,-1.5217085,6.522537,-8.686173,-5.533007,6.8071265,-1.9153873,-11.583778,5.50112,-8.13941,5.1658487
334,-0.1365659385919571,4.080185890197754,107.52656555175781,-0.8618372701978428,-4.167829449526913,-90.58661481302778,1.536977,0.09597169,8.832258,-0.6990351,-13.186392,0.24890809,9.798231,-17.63618,78.27113,14.235027,4.378372,10.73713,-1.7730434,-8.404193,27.962917,79.97169,-18.37028,4.387646,-6.220855,6.576472,5.8151026,-1.5695177,6.465428,-8.635768,-5.5278115,6.7674456,-1.9317914,-11.637039,5.497556,-8.127892,5.1744075
335,-0.12596619129180908,4.091305732727051,107.53309631347656,-0.8488742591695578,-4.123490156089926,-90.53896993093308,1.4928573,0.07079528,8.860043,-0.6967259,-13.196703,-0.57481444,9.986474,-18.62607,78.66764,14.522674,4.5873113,10.33518,-2.4458477,-8.46478,28.508783,80.3788,-18.643204,4.3784733,-6.1387105,6.535755,5.7960362,-1.6165723,6.393573,-8.574336,-5.5193048,6.7177415,-1.9558158,-11.689425,5.491233,-8.11221,5.186646
336,-0.12016557157039642,4.11550235748291,107.54235076904297,-0.8326459113158662,-4.064745041191985,-90.49779873010058,1.455969,0.046464443,8.867509,-0.6945842,-13.197148,-1.4649731,10.187179,-19.592659,79.05157,14.804472,4.7754593,9.931289,-3.1925228,-8.542777,29.029716,80.777115,-18.875744,4.3830156,-6.022581,6.490168,5.777037,-1.6563905,6.282007,-8.482359,-5.514273,6.6387653,-1.9818926,-11.72873,5.4856,-8.084837,5.1937804
337,-0.10713355988264084,4.144128322601318,107.55294799804688,-0.814326002230727,-3.9893614463035356,-90.46520586573443,1.4218068,0.02574148,8.853821,-0.6857108,-13.187715,-2.4017308,10.402706,-20.523758,79.4011,15.102996,4.942069,9.506376,-4.004953,-8.640402,29.50821,81.15601,-19.040348,4.4111257,-5.850603,6.4235573,5.751398,-1.6922051,6.166316,-8.382134,-5.505365,6.5337996,-2.016382,-11.754449,5.479332,-8.048566,5.2037325
338,-0.09908899664878845,4.1704936027526855,107.56439208984375,-0.7929872110425124,-3.9005233746902372,-90.43781112011929,1.3868535,0.004946663,8.824774,-0.67092663,-13.169082,-3.3886516,10.631259,-21.445467,79.72519,15.435465,5.1063023,9.044477,-4.87905,-8.757396,29.965418,81.517494,-19.160421,4.454926,-5.627825,6.3594017,5.7261257,-1.7191968,6.0178742,-8.264443,-5.4995403,6.412232,-2.0523746,-11.772534,5.4729056,-8.010666,5.210708
339,-0.09734448045492172,4.205094337463379,107.57762145996094,-0.7686883341272305,-3.8007660404520562,-90.41314087293915,1.3581042,-0.02001219,8.780678,-0.6592062,-13.140919,-4.4552436,10.875152,-22.349352,80.044174,15.7554035,5.257603,8.5908,-5.8336916,-8.894567,30.429235,81.86668,-19.28854,4.501143,-5.390298,6.2997656,5.702088,-1.7398393,5.8243732,-8.116486,-5.4975967,6.2703295,-2.088665,-11.783015,5.4651766,-7.9637637,5.212777
340,-0.09243933856487274,4.241403579711914,107.59173583984375,-0.7376770298859727,-3.6921342319937955,-90.38891087596707,1.3394605,-0.053673025,8.722035,-0.6563802,-13.097056,-5.6275997,11.139236,-23.219492,80.372856,16.020838,5.386873,8.189258,-6.889759,-9.052017,30.933313,82.20809,-19.474953,4.5367265,-5.1723547,6.2287836,5.667932,-1.7631592,5.6258316,-7.9613533,-5.491866,6.1186566,-2.134918,-11.7904825,5.457593,-7.9152684,5.2182903
341,-0.083036869764328,4.289178371429443,107.60699462890625,-0.69821451701686,-3.5734582384128686,-90.36483734756429,1.3295033,-0.100881554,8.646967,-0.6568923,-13.035554,-6.903881,11.424845,-24.040228,80.709694,16.221254,5.4986753,7.837386,-8.05365,-9.22607,31.504263,82.54242,-19.7493,4.563991,-4.95891,6.037443,5.6175404,-1.8285545,5.6115503,-7.8873396,-5.4810715,5.9418445,-2.1961265,-11.791973,5.4506674,-7.8518324,5.2283187
342,-0.08048395067453384,4.343968391418457,107.62500762939453,-0.6515174299549809,-3.4441154451307785,-90.34215060949558,1.3202755,-0.15917902,8.553636,-0.65311337,-12.958375,-8.268674,11.731393,-24.81782,81.0433,16.383905,5.5970526,7.5139728,-9.321045,-9.412479,32.138332,82.87405,-20.072159,4.586581,-4.736559,5.8280253,5.562705,-1.8977754,5.5955453,-7.804955,-5.4729605,5.8065963,-2.2503555,-11.805818,5.322385,-7.7188725,5.2352214
343,-0.07202426344156265,4.411919593811035,107.6427001953125,-0.6034442418845097,-3.308415998280446,-90.31999388648333,1.3081645,-0.22182572,8.445259,-0.6508248,-12.866029,-9.729129,12.060451,-25.576014,81.3734,16.520056,5.673203,7.2343936,-10.692425,-9.610161,32.817097,83.20605,-20.39331,4.594581,-4.541301,5.6009607,5.5025916,-1.97021,5.579805,-7.712266,-5.461334,5.626504,-2.3151283,-11.803916,5.265802,-7.619793,5.2430286
344,-0.07015832513570786,4.503000259399414,107.66126251220703,-0.5552493728362183,-3.169393423787485,-90.29874001442495,1.2937901,-0.28366318,8.324662,-0.6587624,-12.762673,-11.294417,12.413854,-26.344772,81.69669,16.637411,5.7189164,7.012932,-12.165066,-9.820382,33.516064,83.535835,-20.665083,4.5798845,-4.409451,5.355157,5.4468045,-2.0444844,5.5629034,-7.6042676,-5.4546304,5.361562,-2.3895774,-11.770814,5.3317604,-7.5650635,5.2430797
345,-0.06660821288824081,4.593111991882324,107.67941284179688,-0.5070011874575602,-3.028433019336846,-90.27955042479854,1.2847402,-0.34414423,8.189959,-0.68590516,-12.64695,-12.977195,12.792396,-27.142853,82.0125,16.725458,5.7240186,6.8536067,-13.739911,-10.045528,34.23449,83.85873,-20.88509,4.5377564,-4.358373,5.1075006,5.38955,-2.1122694,5.545625,-7.4960666,-5.446529,5.056179,-2.4734263,-11.717345,5.455655,-7.530552,5.2432237
346,-0.06575705111026764,4.692347049713135,107.69839477539062,-0.4590143767518708,-2.8835852151370074,-90.26212243631807,1.2838914,-0.40618017,8.042076,-0.7304885,-12.519406,-14.775401,13.1924715,-27.968668,82.317986,16.77842,5.697681,6.745185,-15.411103,-10.283767,34.97878,84.16197,-21.079672,4.4764585,-4.362962,4.8491707,5.334264,-2.177743,5.527168,-7.3804593,-5.440339,4.7928295,-2.543518,-11.669983,5.477108,-7.439422,5.238009
347,-0.05881934612989426,4.8064446449279785,107.71585845947266,-0.41205901687412655,-2.7359932239956426,-90.24298492627472,1.2810415,-0.46899337,7.889691,-0.7833836,-12.3845005,-16.674974,13.607858,-28.818726,82.60995,16.811728,5.6600633,6.681497,-17.172743,-10.531499,35.73591,84.44282,-21.245995,4.404933,-4.3977265,4.575155,5.2768526,-2.248854,5.51208,-7.2561193,-5.4312677,4.515817,-2.6157317,-11.616904,5.5023055,-7.3409476,5.233956
348,-0.055494263768196106,4.926657676696777,107.73246002197266,-0.3681675504429377,-2.586838867100331,-90.2187798419592,1.2673837,-0.5312995,7.7415,-0.83655167,-12.25024,-18.663698,14.031126,-29.689913,82.88876,16.840813,5.630592,6.657633,-19.019154,-10.784925,36.48859,84.70111,-21.383753,4.3314395,-4.4387326,4.288923,5.22585,-2.3303177,5.5049596,-7.129974,-5.4260406,4.229638,-2.681854,-11.563715,5.532476,-7.2402415,5.2267394
349,-0.05316611006855965,5.055743217468262,107.74712371826172,-0.33172209672660374,-2.4349908941284983,-90.1866307476859,1.2402371,-0.5905924,7.5958443,-0.897302,-12.104954,-20.754011,14.457261,-30.58258,83.1514,16.878231,5.6180663,6.681126,-20.958454,-11.042022,37.228287,84.931526,-21.484642,4.2590647,-4.488124,3.987976,5.1846414,-2.4254954,5.504705,-6.9997115,-5.424935,3.9335966,-2.7377849,-11.512562,5.565944,-7.135661,5.2166686
350,-0.053709983825683594,5.186588287353516,107.75940704345703,-0.30134716485547297,-2.281406710613252,-90.14891373060615,1.2055801,-0.6466021,7.452736,-0.967743,-11.952493,-22.951519,14.882701,-31.502491,83.39832,16.91404,5.610891,6.753255,-22.99194,-11.30159,37.964336,85.133095,-21.555166,4.183796,-4.5569177,3.6799295,5.152632,-2.5284553,5.5087385,-6.869016,-5.4283233,3.630419,-2.7843795,-11.46149,5.6057887,-7.032241,5.2030034
351,-0.051342397928237915,5.332535266876221,107.76809692382812,-0.27235049196517086,-2.12931731432346,-90.11094844541012,1.1680719,-0.7013915,7.3235717,-1.0322604,-11.8177395,-25.233366,15.301826,-32.45392,83.6352,16.929564,5.598048,6.861043,-25.102474,-11.56001,38.703815,85.309235,-21.615145,4.1043673,-4.6358147,3.3595567,5.1204386,-2.6373339,5.520911,-6.73329,-5.431045,3.3171349,-2.8310924,-11.405771,5.6494718,-6.921296,5.189128
352,-0.051012057811021805,5.488961696624756,107.7737808227539,-0.24175940001887772,-1.9818499837330186,-90.07809468114601,1.1329094,-0.7580925,7.2195497,-1.0754186,-11.725401,-27.577942,15.708051,-33.439667,83.86925,16.906355,5.567783,6.99141,-27.273277,-11.812033,39.452614,85.4657,-21.684555,4.018994,-4.7164693,3.033125,5.086811,-2.746115,5.543408,-6.597451,-5.4343853,3.0001683,-2.878949,-11.343431,5.6955633,-6.8055677,5.1734347
353,-0.04567498713731766,5.64328670501709,107.77395629882812,-0.20382574662186986,-1.840778485269655,-90.05137072455621,1.1013385,-0.81870615,7.142062,-1.0905997,-11.682319,-29.993292,16.095175,-34.46139,84.09976,16.84597,5.513373,7.1612225,-29.513407,-12.054648,40.215996,85.60286,-21.779285,3.9233744,-4.8087053,2.7102048,5.03984,-2.8514528,5.579905,-6.472086,-5.431663,2.6676228,-2.9439144,-11.2704115,5.78665,-6.713085,5.163902
354,-0.04735264554619789,5.82179069519043,107.76663970947266,-0.16298496346905145,-1.7039810680677627,-90.02883252807922,1.0712397,-0.8829222,7.0890803,-1.0863751,-11.676015,-32.487648,16.45937,-35.51658,84.322395,16.755804,5.4417887,7.373442,-31.82916,-12.285546,40.991062,85.717026,-21.883709,3.8201575,-4.915834,2.3710763,4.9924345,-2.9611256,5.6298547,-6.340745,-5.433369,1.9473274,-3.082512,-11.072594,6.607344,-6.971318,5.151961
355,-0.04762692376971245,6.002598762512207,107.75296783447266,-0.11599403556438191,-1.5685832469802097,-90.0111539967467,1.0413659,-0.9511877,7.0652065,-1.0685284,-11.712866,-35.038895,16.79878,-36.60059,84.5398,16.626635,5.3624144,7.5943966,-34.203026,-12.500279,41.771183,85.81301,-21.972006,3.7164698,-5.0197797,2.0297818,4.935779,-3.0685844,5.6862693,-6.211964,-5.4326916,1.1903348,-3.2342522,-10.855937,7.494493,-7.2596292,5.1422486
356,-0.047266218811273575,6.1746649742126465,107.73213195800781,-0.06525218957319605,-1.4310755397384007,-89.99874069161109,1.009794,-1.0238739,7.0742173,-1.0428135,-11.7922535,-37.62489,17.113386,-37.708244,84.75412,16.449371,5.2850204,7.7902656,-36.619537,-12.693291,42.549324,85.90033,-22.01871,3.6182644,-5.102552,1.6904622,4.873782,-3.170715,5.7454243,-6.089291,-5.4307246,0.4061228,-3.3936827,-10.62209,8.433707,-7.5761547,5.134257
357,-0.0456215962767601,6.359521389007568,107.70077514648438,-0.007374029880507229,-1.287364241662278,-89.99529003528325,0.9772797,-1.1018835,7.1150646,-1.0073658,-11.911378,-40.250347,17.403044,-38.843266,84.96275,16.200333,5.211243,7.9701576,-39.092564,-12.859018,43.328197,85.988625,-22.01514,3.5225499,-5.167213,1.0052966,4.7825418,-3.382071,6.429723,-6.270897,-5.4254646,-0.4560381,-3.5702527,-10.349852,9.483755,-7.935268,5.126472
358,-0.05538256838917732,6.563346862792969,107.6588134765625,0.05941164381901881,-1.1390198528539384,-89.99946036130353,0.94258374,-1.1883295,7.187567,-0.95800215,-12.074217,-42.9206,17.666277,-40.002487,85.157906,15.890778,5.137787,8.146764,-41.628635,-12.994094,44.109528,86.076126,-21.97547,3.426621,-5.223031,0.14533629,4.675299,-3.6451945,7.4129558,-6.590321,-5.4252205,-1.3926442,-3.7557666,-10.041726,10.634147,-8.330584,5.1109996
359,-0.06686000525951385,6.772584438323975,107.60395812988281,0.13199410594864766,-0.9909081792431661,-90.00390410034329,0.9018643,-1.2843615,7.296634,-0.8984123,-12.290721,-45.61718,17.902086,-41.16937,85.3373,15.5660925,5.0674605,8.290024,-44.19835,-13.096612,44.879738,86.15156,-21.908552,3.3385103,-5.261039,-0.76243055,4.5555553,-3.9219227,8.482235,-6.949389,-5.424891,-2.3713536,-3.9494944,-9.71661,11.854069,-8.756464,5.0961466
360,-0.07164755463600159,6.983645915985107,107.5368881225586,0.20990839948262813,-0.848359277921853,-90.001269092567,0.85023874,-1.390102,7.4472213,-0.8313325,-12.569246,-48.32075,18.1099,-42.326088,85.49908,15.2733965,5.004251,8.371705,-46.772865,-13.166499,45.62486,86.20449,-21.825321,3.2666218,-5.2725663,-1.6991686,4.4190917,-4.210717,9.616174,-7.339136,-5.4194336,-3.3639538,-4.153248,-9.391956,13.110217,-9.200527,5.0889654
361,-0.08040168881416321,7.199059963226318,107.45518493652344,0.29473382492992833,-0.7112868983244417,-89.99010760330738,0.7866737,-1.5139905,7.6385593,-0.75494,-12.925124,-51.03813,18.289438,-43.46341,85.64451,15.027313,4.9553013,8.37954,-49.349422,-13.202094,46.32624,86.22443,-21.716856,3.227011,-5.254861,-2.6634734,4.269748,-4.5108514,10.80935,-7.756319,-5.414906,-4.380371,-4.36407,-9.066456,14.4184265,-9.670227,5.083893
362,-0.09321937710046768,7.4088029861450195,107.35858917236328,0.3879317684477361,-0.5773342099945782,-89.97369073236861,0.73140866,-1.6493855,7.873886,-0.6863848,-13.353451,-53.79159,18.441147,-44.598156,85.76672,14.807327,4.9134636,8.31468,-51.918777,-13.192639,46.977695,86.2094,-21.58187,3.2368248,-5.2407837,-3.6421552,4.1065216,-4.8153243,12.044444,-8.197743,-5.4108186,-5.414873,-4.582384,-8.7369175,15.772465,-10.167299,5.0814853
363,-0.1003105640411377,7.63985538482666,107.24618530273438,0.47403143063798864,-0.44880932330139417,-89.95147264482523,0.64024216,-1.7831125,8.143137,-0.58593285,-13.817058,-56.538162,18.569422,-45.71812,85.893616,14.594618,4.864004,8.218128,-54.545925,-13.161509,47.636356,86.237045,-21.451252,3.193542,-5.1676464,-4.6757197,3.9396832,-5.1402216,13.370489,-8.670966,-5.4071016,-6.4700313,-4.7928214,-8.403541,17.149002,-10.663815,5.0795555
364,-0.11779183149337769,7.873945713043213,107.11568450927734,0.5399996341474469,-0.32797289797774704,-89.92293176340283,0.54031694,-1.8900933,8.463905,-0.48553532,-14.302999,-59.26856,18.671862,-46.83641,85.98979,14.385361,4.8071475,8.096181,-57.171547,-13.106791,48.317226,86.26142,-21.336138,3.131561,-5.0858893,-5.7516737,3.7954612,-5.486126,14.790071,-9.189105,-5.418089,-7.5244875,-4.9682655,-8.0767,18.538881,-11.169797,5.06518
365,-0.11171936243772507,8.108939170837402,106.9684829711914,0.579591255186424,-0.21346151010154077,-89.884755296235,0.43074155,-1.9651433,8.83529,-0.38973746,-14.807473,-61.993095,18.748772,-47.95255,86.06538,14.172166,4.7247624,7.9396644,-59.801464,-13.028997,49.019737,86.2922,-21.247334,3.0299747,-4.9912224,-6.876412,3.658099,-5.858118,16.31298,-9.755228,-5.4257083,-8.562833,-5.121563,-7.7644815,19.912851,-11.667855,5.0577173
366,-0.11124321818351746,8.35568904876709,106.79967498779297,0.5993129084971472,-0.10488734131849503,-89.83818710809969,0.31231263,-2.0174944,9.253672,-0.29629248,-15.340012,-64.71917,18.80115,-49.062695,86.12291,13.960634,4.6246314,7.742423,-62.438896,-12.928439,49.729877,86.32327,-21.169737,2.9025633,-4.8789253,-8.047329,3.537291,-6.254945,17.920336,-10.355488,-5.4463534,-9.619133,-5.2458687,-7.456821,21.322361,-12.17983,5.0401664
367,-0.11264185607433319,8.60109806060791,106.61203002929688,0.6043860183693217,-0.006076535864246874,-89.7898416492179,0.188144,-2.0482974,9.717947,-0.20067994,-15.897292,-67.4312,18.828611,-50.17324,86.16317,13.757946,4.5306754,7.52343,-65.076225,-12.806604,50.455406,86.35168,-21.086859,2.772912,-4.7526608,-9.22676,3.4270499,-6.657084,19.567446,-10.97709,-5.472646,-10.672744,-5.348549,-7.15287,22.75146,-12.7056,5.0189476
368,-0.11478441208600998,8.841375350952148,106.40282440185547,0.5943263464907734,0.07914442992609208,-89.74632744915614,0.067312196,-2.058127,10.225322,-0.10452571,-16.474167,-70.117874,18.83209,-51.295578,86.189865,13.571728,4.46069,7.2953725,-67.70308,-12.665391,51.20618,86.37782,-20.979353,2.6666718,-4.619771,-10.406916,3.3276353,-7.055918,21.255749,-11.625523,-5.5006504,-11.722057,-5.430351,-6.8464026,24.208855,-13.252093,4.9965477
369,-0.1125461757183075,9.091314315795898,106.17476654052734,0.5670273016890554,0.14283783947810944,-89.70746093366887,-0.051279657,-2.04136,10.783282,-0.011297325,-17.06775,-72.78187,18.81108,-52.434937,86.20058,13.421799,4.430854,7.046538,-70.317184,-12.50526,51.984806,86.39455,-20.843124,2.5922515,-4.477351,-11.57993,3.2398589,-7.449766,22.971203,-12.286175,-5.5274568,-12.75557,-5.490046,-6.541113,25.67432,-13.802069,4.9752
370,-0.09906455874443054,9.349628448486328,105.92485809326172,0.5207299077441164,0.1891103625363582,-89.67069926163707,-0.170218,-1.9986371,11.388798,0.0789446,-17.682274,-75.42837,18.765734,-53.58611,86.19844,13.297004,4.425231,6.7743855,-72.92289,-12.327191,52.78622,86.40485,-20.687046,2.5348804,-4.3226604,-12.759653,3.1596615,-7.846132,24.729847,-12.96556,-5.5510077,-13.782443,-5.5311766,-6.237502,27.158142,-14.359644,4.9581504
371,-0.07661483436822891,9.598588943481445,105.6529769897461,0.4660061770591368,0.23238750547368242,-89.63838996512963,-0.28504324,-1.9401621,12.024663,0.17145944,-18.313555,-78.04818,18.697832,-54.742737,86.19126,13.1582985,4.419659,6.5089126,-75.51785,-12.133563,53.60829,86.41628,-20.511831,2.489424,-4.16279,-13.941173,3.0765054,-8.239421,26.511257,-13.662144,-5.569809,-14.8165865,-5.5654655,-5.928929,28.670595,-14.935437,4.9463153
372,-0.06048610806465149,9.857101440429688,105.35702514648438,0.41398467664949373,0.2870867369803187,-89.61314960965397,-0.3904355,-1.8765216,12.673021,0.27095068,-18.96287,-80.63185,18.611055,-55.899284,86.18481,12.966822,4.3897624,6.279083,-78.099724,-11.928034,54.450024,86.437126,-20.317808,2.4508164,-4.0052667,-15.148638,2.985108,-8.634382,28.304747,-14.357154,-5.591888,-15.903412,-5.595305,-5.599848,30.235855,-15.525997,4.928155
373,-0.04075876995921135,10.111023902893066,105.0389175415039,0.3621709567440298,0.3532533846226877,-89.59659119051197,-0.48660073,-1.8027261,13.333795,0.38763583,-19.633032,-83.17872,18.507994,-57.053043,86.17821,12.727531,4.3300295,6.092362,-80.669685,-11.714023,55.31989,86.45873,-20.097937,2.4254065,-3.8441498,-16.371117,2.8837097,-9.025381,30.107845,-15.057857,-5.6100082,-17.026024,-5.622661,-5.25472,31.838154,-16.130342,4.910762
374,-0.010372404009103775,10.376558303833008,104.69403076171875,0.3068854721101996,0.424450225910715,-89.58702706731125,-0.5754372,-1.7160789,14.01305,0.514081,-20.320625,-85.69307,18.39051,-58.207096,86.16763,12.45712,4.253487,5.932283,-83.22632,-11.493266,56.21721,86.475136,-19.853508,2.4151466,-3.6771727,-17.622421,2.7702343,-9.41765,31.941753,-15.765349,-5.6217365,-18.19009,-5.6470346,-4.8917165,33.48404,-16.743456,4.8974833
375,0.014910003170371056,10.646746635437012,104.3230209350586,0.2578677637242402,0.505303683832382,-89.58209474228917,-0.6574014,-1.6309373,14.70262,0.6323799,-21.017126,-88.1716,18.261147,-59.363808,86.15418,12.132717,4.167914,5.792954,-85.76316,-11.266755,57.12374,86.49477,-19.598997,2.4078338,-3.5169537,-18.895662,2.6424432,-9.811282,33.789593,-16.473278,-5.635116,-19.397722,-5.669369,-4.5105715,35.17411,-17.369846,4.8802986
376,0.03801913186907768,10.911401748657227,103.92678833007812,0.22509361161150276,0.6003368210634796,-89.57979565001409,-0.73156124,-1.5618143,15.394455,0.724654,-21.715359,-90.61127,18.123337,-60.525955,86.13697,11.731229,4.080288,5.668253,-88.273964,-11.035199,58.017277,86.52892,-19.351072,2.39105,-3.3769841,-20.18144,2.4875305,-10.19924,35.637222,-17.179811,-5.64788,-20.649069,-5.702757,-4.106653,36.907364,-18.01407,4.8652678
377,0.05865434557199478,11.182839393615723,103.5045394897461,0.21398034948984979,0.7058662674095202,-89.58007004569437,-0.7973394,-1.5139757,16.094944,0.781455,-22.413097,-93.01375,17.980116,-61.695984,86.10814,11.231848,3.9943457,5.5628805,-90.764465,-10.7986555,58.888153,86.57953,-19.116982,2.3675408,-3.2629778,-21.48233,2.2986166,-10.579927,37.48516,-17.878113,-5.658346,-21.952269,-5.751997,-3.6741345,38.68842,-18.669699,4.851967
378,0.0815403088927269,11.44489574432373,103.05570220947266,0.21858189692332713,0.8212812569719374,-89.58369222849133,-0.85688484,-1.480107,16.803389,0.8167824,-23.114183,-95.37964,17.833424,-62.87406,86.06798,10.65057,3.9068847,5.4774947,-93.23625,-10.557899,59.746292,86.642334,-18.890762,2.3417163,-3.1673422,-22.792871,2.0812855,-10.950519,39.344795,-18.583925,-5.6637087,-23.291168,-5.8123975,-3.2183392,40.50951,-19.343203,4.8443456
379,0.10426892340183258,11.708429336547852,102.5777816772461,0.23196406619228266,0.9552733385951236,-89.58979809225892,-0.9130908,-1.455025,17.502598,0.8484083,-23.813913,-97.70466,17.684898,-64.059906,86.02618,10.01998,3.8156426,5.400325,-95.67836,-10.315209,60.603424,86.71756,-18.667936,2.303788,-3.0828502,-24.137482,1.8420198,-11.321546,41.225677,-19.291447,-5.6678505,-24.681187,-5.8707194,-2.7390797,42.366814,-20.025753,4.8369875
380,0.12750732898712158,11.972186088562012,102.0704116821289,0.24701536355404144,1.1169765080512413,-89.59740401007515,-0.9691022,-1.4332415,18.176653,0.8940216,-24.512794,-99.987366,17.534592,-65.25383,85.99233,9.373034,3.7209888,5.3178415,-98.079346,-10.073194,61.470783,86.799065,-18.443668,2.2460613,-3.001296,-25.529793,1.5869874,-11.698524,43.13071,-19.999722,-5.6736646,-26.124931,-5.9161263,-2.240178,44.24783,-20.712002,4.828487
381,0.15155020356178284,12.23563003540039,101.53337860107422,0.2690109033997836,1.3085849748199916,-89.60675479364502,-1.0119387,-1.4126903,18.80884,0.9423001,-24.999998,-102.1835,17.416039,-66.355446,85.89999,8.7953205,3.6267376,5.234088,-100.403854,-9.883499,62.27579,86.81728,-18.298012,2.1753318,-2.9138656,-26.970451,1.3090847,-12.077863,45.058125,-20.706049,-5.6793547,-27.627792,-5.9531965,-1.717211,46.1558,-21.403233,4.819682
382,0.17164242267608643,12.477245330810547,100.96600341796875,0.29945829334134433,1.5254410056977679,-89.61799802637316,-1.0633394,-1.4143841,19.391886,1.0093434,-24.999998,-104.348366,17.25676,-67.692375,85.89156,7.9788866,3.5040705,5.1598988,-102.67952,-9.638288,63.2198,86.9115,-18.013014,2.0584438,-2.8569825,-28.438475,1.0122824,-12.453292,47.007236,-21.426064,-5.6866846,-29.17175,-5.982121,-1.1751972,48.095734,-22.116045,4.8107038
383,0.19675223529338837,12.730286598205566,100.36723327636719,0.3252828943176215,1.7658557328608666,-89.63068288974665,-1.111362,-1.4084364,19.954601,1.0781789,-24.999998,-106.46428,17.095196,-68.94127,85.8722,7.2423396,3.398237,5.0771594,-104.91377,-9.39932,64.12401,86.998116,-17.778152,1.9460013,-2.796743,-29.958776,0.7013476,-12.836233,48.983288,-22.141592,-5.694523,-30.768852,-5.9893,-0.6168661,50.05303,-22.820343,4.8009534
384,0.22033821046352386,12.978163719177246,99.74072265625,0.3334691097374318,2.028417702986005,-89.64422650281729,-1.1566011,-1.3869056,20.498962,1.1436862,-24.999998,-108.5319,16.933527,-70.1381,85.84343,6.5733685,3.3244584,4.980372,-107.10739,-9.16949,65.053734,87.07651,-17.522295,1.8599639,-2.7271543,-31.517866,0.3968302,-13.232255,50.978188,-22.861338,-5.7108083,-32.392483,-5.9573436,-0.06205394,52.010777,-23.519436,4.785433
385,0.24529340863227844,13.231009483337402,99.0842514038086,0.3145394724567252,2.3193326908236527,-89.65895798334014,-1.202199,-1.3403006,21.019205,1.2113066,-24.999998,-110.56379,16.771292,-71.28072,85.80753,5.9786587,3.3004436,4.8559427,-109.26416,-8.94912,66.028534,87.13173,-17.222925,1.8133571,-2.6462965,-33.13674,0.10321196,-13.652138,53.000286,-23.581043,-5.737056,-34.053806,-5.8749533,0.4849915,53.96676,-24.204105,4.7615433
386,0.2771817147731781,13.474347114562988,98.39700317382812,0.277494112135535,2.637414049473113,-89.67521236113816,-1.2451613,-1.2756164,21.516396,1.2794338,-24.999998,-112.56303,16.606773,-72.384605,85.76683,5.4343657,3.3145013,4.711086,-111.38813,-8.736127,67.04479,87.16577,-16.888477,1.7956918,-2.5565674,-34.80214,-0.19262542,-14.085279,55.0496,-24.308817,-5.766082,-35.74902,-5.7573195,1.029427,55.931477,-24.887814,4.737141
387,0.31763431429862976,13.70554256439209,97.68177795410156,0.23631372542598697,2.9692704099570815,-89.69253196597273,-1.2811201,-1.2062985,22.002842,1.3352165,-24.999998,-114.51855,16.439007,-73.45768,85.719826,4.9344635,3.3468328,4.5669994,-113.47892,-8.528161,68.08281,87.19453,-16.54237,1.7986355,-2.4550765,-36.485054,-0.50463617,-14.516304,57.11104,-25.040783,-5.791207,-37.46271,-5.6244545,1.5755377,57.904522,-25.573303,4.7193475
388,0.35000914335250854,13.956306457519531,96.93861389160156,0.20537191181776163,3.301616571006599,-89.71028214154437,-1.3219815,-1.14027,22.487926,1.3794429,-24.999998,-116.41789,16.271479,-74.50356,85.68429,4.473225,3.3710124,4.444365,-115.510895,-8.332743,69.125656,87.22624,-16.21049,1.7961563,-2.357921,-38.179733,-0.8392929,-14.942149,59.16539,-25.748816,-5.8199244,-39.2043,-5.480482,2.1285424,59.88844,-26.243433,4.6976085
389,0.3890552222728729,14.199455261230469,96.17142486572266,0.18177517087044395,3.6356660710083797,-89.72602428350494,-1.3544466,-1.0788927,22.976082,1.392392,-24.999998,-118.269936,16.102278,-75.545204,85.63967,4.0598283,3.3934598,4.340508,-117.51668,-8.146243,70.18422,87.26586,-15.903358,1.8151004,-2.2430997,-39.86988,-1.2017256,-15.357225,61.216045,-26.451208,-5.8405123,-40.953518,-5.336074,2.684428,61.876804,-26.911407,4.6863794
390,0.4243350923061371,14.450815200805664,95.37355041503906,0.16006573214770117,3.9769298883846216,-89.74085722364032,-1.3831658,-1.0176219,23.458323,1.384971,-24.999998,-120.076485,15.931699,-76.579414,85.5969,3.6903484,3.4188926,4.2489877,-119.487175,-7.9688096,71.26206,87.30729,-15.607312,1.851118,-2.120596,-41.581993,-1.5835816,-15.773421,63.274635,-27.141724,-5.863614,-42.731663,-5.1739783,3.2414148,63.87903,-27.570372,4.673253
391,0.4596412181854248,14.688101768493652,94.55330657958984,0.15037855857026944,4.3186962344495194,-89.75911196160108,-1.4051645,-0.96906984,23.932972,1.3702147,-24.999998,-121.826195,15.758811,-77.57628,85.55605,3.3446603,3.4496393,4.1753774,-121.4044,-7.7996445,72.32502,87.34388,-15.313855,1.8908665,-1.9959216,-43.280354,-1.9851246,-16.165564,65.323784,-27.828661,-5.8834176,-44.512386,-5.007929,3.8063843,65.88439,-28.230751,4.66595
392,0.4991236925125122,14.921379089355469,93.71025848388672,0.1650835595774397,4.753292651846106,-89.78502743538087,-1.4329157,-0.956966,24.0,1.3753549,-24.999998,-123.12177,15.596586,-78.447334,85.46044,3.0457647,3.5106902,4.2033877,-122.85283,-7.6528397,73.26177,87.285736,-15.05847,1.9534626,-1.9516851,-45.077892,-2.4380217,-16.535997,67.34728,-28.472158,-5.8941584,-46.423996,-4.822439,4.419925,67.883965,-28.85547,4.6623683
393,0.5312050580978394,15.154576301574707,92.84574127197266,0.21762596854729244,5.194996756699471,-89.81283085213272,-1.4563295,-0.98912704,24.0,1.3872836,-24.999998,-124.30882,15.398864,-79.326164,85.43492,2.6825137,3.554211,4.2630672,-124.18511,-7.486601,74.23174,87.28361,-14.726577,1.9860044,-1.920507,-46.8665,-2.9294908,-16.858835,69.342224,-29.089235,-5.9004865,-48.367462,-4.6440864,5.0667324,69.88975,-29.469803,4.6621766
394,0.5577517747879028,15.380829811096191,91.96241760253906,0.2976980144927328,5.629157863687632,-89.84211178592564,-1.472349,-1.0517193,24.0,1.3982587,-24.999998,-125.44089,15.19657,-80.112526,85.44062,2.3780744,3.5924184,4.3388214,-125.463234,-7.3297915,75.13437,87.304054,-14.439943,2.005854,-1.8844597,-48.629562,-3.4454763,-17.138588,71.3169,-29.692627,-5.90332,-50.31352,-4.467583,5.733261,71.89704,-30.079872,4.6665664
395,0.5926212668418884,15.597216606140137,91.05754852294922,0.37792398607518723,6.054409266526509,-89.88524845835441,-1.4716089,-1.116908,24.0,1.416231,-24.999998,-126.50529,14.991032,-80.83009,85.46393,2.084616,3.638854,4.4536757,-126.67588,-7.1823525,75.96705,87.32153,-14.155888,2.0218635,-1.8761427,-50.37794,-3.9592094,-17.385319,73.29132,-30.296057,-5.900995,-52.24919,-4.2674093,6.4069724,73.89762,-30.680422,4.6789007
396,0.6223852038383484,15.82352066040039,90.1377944946289,0.4304589301727101,6.469152571403554,-89.95510906087011,-1.4457045,-1.1561683,24.0,1.4494951,-24.999998,-127.48905,14.782448,-81.474556,85.49503,1.7817078,3.7051163,4.629738,-127.80985,-7.0431843,76.68807,87.3176,-13.866203,2.0394416,-1.929564,-52.12846,-4.4295874,-17.627548,75.25794,-30.885212,-5.913917,-54.161438,-4.00077,7.0554495,75.86548,-31.245125,4.677405
397,0.662224531173706,16.048084259033203,89.19965362548828,0.45069744860892286,6.872828844130921,-90.06148378653168,-1.3863555,-1.1659533,24.0,1.5046248,-24.999998,-128.38988,14.572507,-82.026474,85.543976,1.4425617,3.796283,4.902396,-128.866,-6.914683,77.27359,87.304,-13.566468,2.0477202,-2.0635571,-53.879936,-4.8529625,-17.855728,77.23162,-31.476198,-5.932108,-56.046265,-3.667075,7.686687,77.80717,-31.781902,4.6739507
398,0.695305347442627,16.25884246826172,88.24728393554688,0.45199003163367324,7.266356419072454,-90.19585510980865,-1.3008565,-1.1595837,24.0,1.5761763,-24.999998,-129.21881,14.364096,-82.49731,85.6173,1.0852307,3.902874,5.247934,-129.85211,-6.8003,77.74532,87.29322,-13.267329,2.0442872,-2.2567337,-55.61924,-5.2344894,-18.073246,79.20138,-32.071938,-5.96386,-57.89833,-3.2779932,8.294048,79.72985,-32.305935,4.66092
399,0.7318395376205444,16.465158462524414,87.28034210205078,0.4342213591172149,7.650983772689159,-90.34380932022843,-1.2050121,-1.1369056,24.0,1.6556782,-24.999998,-129.98314,14.158037,-82.93167,85.70139,0.7556233,4.0160637,5.5993366,-130.76854,-6.6987667,78.13234,87.26733,-12.984911,2.046069,-2.4805603,-57.352657,-5.59411,-18.291882,81.164536,-32.66089,-6.001787,-59.725433,-2.852781,8.870579,81.63102,-32.808434,4.646725
400,0.7619524598121643,16.665353775024414,86.2981948852539,0.39847918839432117,8.027363398156366,-90.49044376562951,-1.1166872,-1.0999955,24.0,1.7363418,-24.999998,-130.69037,13.953332,-83.37943,85.78395,0.49561524,4.128192,5.889096,-131.61482,-6.6048627,78.461914,87.21254,-12.734853,2.0691621,-2.7072866,-59.08251,-5.943179,-18.530474,83.12221,-33.240864,-6.052118,-61.52717,-2.4017985,9.395336,83.516624,-33.295765,4.621802
401,0.8022846579551697,16.848548889160156,85.30402374267578,0.3256803462047734,8.401344025435018,-90.64730127394607,-1.0249745,-1.0269938,24.0,1.8181399,-24.999998,-131.34564,13.749474,-83.86216,85.873695,0.31048256,4.2392015,6.0986814,-132.39854,-6.5143003,78.72595,87.13488,-12.529638,2.1202302,-2.9481018,-60.81406,-6.27368,-18.793161,85.084,-33.823483,-6.1041007,-63.29392,-1.9205481,9.864562,85.37526,-33.766327,4.6017447
402,0.8599067330360413,17.025487899780273,84.29605865478516,0.22551309511290812,8.771288481401255,-90.81662688138294,-0.9298576,-0.92959017,24.0,1.9071723,-24.999998,-131.95032,13.547432,-84.363495,85.97897,0.17249021,4.3530126,6.2608037,-133.12268,-6.426506,78.916595,87.04899,-12.358011,2.1860971,-3.2096345,-62.54902,-6.5931845,-19.067305,87.046135,-34.39997,-6.1545086,-65.04222,-1.4147115,10.297536,87.21208,-34.21188,4.5917277
403,0.9083549380302429,17.19281768798828,83.27919006347656,0.1272485059684535,9.127233543551927,-90.97350426945343,-0.85910165,-0.8435625,24.0,2.0033128,-24.999998,-132.50534,13.347919,-84.86952,86.08621,0.076579005,4.4677386,6.385792,-133.77992,-6.341207,79.06319,86.957695,-12.197283,2.2530499,-3.4571025,-64.261116,-6.91969,-19.347021,88.9877,-34.9623,-6.216333,-66.76236,-0.9118331,10.691781,89.03487,-34.650455,4.573579
404,0.9508306980133057,17.361427307128906,82.25773620605469,0.04454330410878989,9.461267580239895,-91.09770333139721,-0.8320059,-0.7890104,24.0,2.103249,-24.999998,-133.01157,13.151249,-85.364296,86.180084,0.018595813,4.581529,6.484613,-134.3666,-6.2579007,79.203964,86.8633,-12.020101,2.307799,-3.6544092,-65.93733,-7.2795043,-19.615616,90.8916,-35.49177,-6.2753606,-68.45861,-0.44297075,11.065066,90.84148,-35.07794,4.5595875
405,0.9952737092971802,17.5295352935791,81.23495483398438,-0.006497616690733213,9.771380891963103,-91.17718181191597,-0.86306995,-0.7854411,24.0,2.2050984,-24.999998,-133.46878,12.958891,-85.842316,86.26018,0.02806666,4.6955824,6.5293803,-134.87982,-6.176039,79.34357,86.76389,-11.8026285,2.3458056,-3.7661417,-67.568,-7.6896086,-19.855455,92.752716,-35.985703,-6.3252735,-70.13376,-0.03156913,11.435865,92.631454,-35.497932,4.55862
406,1.0422930717468262,17.689891815185547,80.20950317382812,-0.040578785635013236,10.063476096305468,-91.22594937182626,-0.935252,-0.81329614,24.0,2.30893,-24.999998,-133.87921,12.772208,-86.30896,86.33332,0.100816615,4.8106685,6.5230546,-135.32866,-6.095185,79.47317,86.662735,-11.560559,2.3734543,-3.816476,-69.16407,-8.132099,-20.075172,94.584236,-36.456245,-6.369401,-71.78758,0.34206805,11.798942,94.406654,-35.91195,4.5692916
407,1.0797085762023926,17.848657608032227,79.18070220947266,-0.06467117879886895,10.339625086619275,-91.25478577072712,-1.030075,-0.8582197,24.0,2.4161987,-24.999998,-134.24568,12.590655,-86.76403,86.39865,0.18158291,4.922503,6.52314,-135.7231,-6.0145187,79.610466,86.56797,-11.3235,2.3947048,-3.8604064,-70.73615,-8.592054,-20.288067,96.3871,-36.900055,-6.4204507,-73.42268,0.7009646,12.144785,96.16558,-36.313267,4.576482
408,1.1188535690307617,18.0024471282959,78.14733123779297,-0.08515731513327475,10.60227994488867,-91.27443510992742,-1.1280627,-0.9041997,24.0,2.5261726,-24.999998,-134.57037,12.411998,-87.20372,86.456,0.21572764,5.026346,6.588298,-136.07376,-5.9329286,79.77906,86.48889,-11.117165,2.4132934,-3.9528556,-72.287994,-9.064878,-20.489225,98.16799,-37.32244,-6.4695415,-75.040405,1.0540954,12.48261,97.90688,-36.69865,4.588428
409,1.1484038829803467,18.156147003173828,77.10979461669922,-0.0924626609102585,10.850594353861053,-91.2801236550944,-1.2313218,-0.96075803,24.0,2.638428,-24.999998,-134.84943,12.234152,-87.63116,86.50072,0.19071579,5.127039,6.747611,-136.38193,-5.8491163,79.99548,86.4333,-10.932527,2.4240994,-4.1040688,-73.821075,-9.554054,-20.678843,99.923225,-37.717155,-6.5253534,-76.64801,1.4006516,12.815418,99.63619,-37.068165,4.597299
410,1.181424617767334,18.30344009399414,76.07215118408203,-0.08598746267673144,11.084593426715408,-91.26838583900816,-1.3464868,-1.0317672,24.0,2.75186,-24.999998,-135.08502,12.056654,-88.0462,86.53878,0.13539697,5.2232866,6.964394,-136.64616,-5.7623014,80.25152,86.39817,-10.7563095,2.4263659,-4.284133,-75.32874,-10.065655,-20.844051,101.65231,-38.087963,-6.5747423,-78.24074,1.7281481,13.153431,101.34839,-37.424015,4.6168475
411,1.2081595659255981,18.449630737304688,75.03211212158203,-0.08657085767860448,11.307019002438572,-91.252048744108,-1.4604182,-1.0913581,24.0,2.8636363,-24.999998,-135.28816,11.87919,-88.439156,86.58266,0.05852624,5.301359,7.198394,-136.87364,-5.6723914,80.53274,86.37572,-10.610066,2.4312153,-4.48732,-76.8274,-10.578941,-21.01533,103.36128,-38.434204,-6.6346073,-79.81631,2.0617425,13.465656,103.03944,-37.758823,4.6279607
412,1.2471755743026733,18.586673736572266,73.99190521240234,-0.11457120186420922,11.520957974627219,-91.24399691077264,-1.5598282,-1.1131508,24.0,2.969932,-24.999998,-135.46846,11.701658,-88.79695,86.64462,-0.029959286,5.347889,7.4101214,-137.07066,-5.580288,80.82373,86.35863,-10.515989,2.449417,-4.7082753,-78.31999,-11.084524,-21.19733,105.05872,-38.766434,-6.692813,-81.36343,2.4077072,13.745158,104.69828,-38.070454,4.642134
413,1.2891751527786255,18.71915626525879,72.95206451416016,-0.1797182733906522,11.729374999561381,-91.24917155222893,-1.6384169,-1.0830915,24.0,3.070622,-24.999998,-135.62943,11.524628,-89.11237,86.72942,-0.11979193,5.3431916,7.6007214,-137.23842,-5.4871306,81.12307,86.34272,-10.510005,2.4929547,-4.9759994,-79.81818,-11.574844,-21.411339,106.74636,-39.08036,-6.7620587,-82.88339,2.7771196,13.970764,106.322556,-38.35391,4.6443334
414,1.333491325378418,18.844215393066406,71.91412353515625,-0.2697050087677587,11.930438873387132,-91.26042502160313,-1.7028733,-1.01664,24.0,3.1652036,-24.999998,-135.76628,11.348155,-89.39052,86.82832,-0.21663667,5.3003054,7.7870283,-137.37585,-5.3935413,81.43982,86.33266,-10.572051,2.5541372,-5.2813396,-81.3128,-12.059948,-21.644958,108.419815,-39.37593,-6.8389845,-84.37825,3.1564686,14.156214,107.91737,-38.615395,4.6396914
415,1.3783690929412842,18.96611785888672,70.88127136230469,-0.372182447710218,12.118632093648374,-91.27231212751862,-1.7587414,-0.9286788,24.0,3.247661,-24.999998,-135.87646,11.17127,-89.63614,86.93575,-0.33531773,5.254346,7.953526,-137.48341,-5.3006716,81.77215,86.337296,-10.639371,2.61338,-5.562732,-82.79405,-12.547295,-21.885555,110.069695,-39.646706,-6.922097,-85.84927,3.535513,14.31484,109.48257,-38.85313,4.631502
416,1.421642541885376,19.08869171142578,69.85183715820312,-0.4746993535802809,12.288947042012719,-91.27939104434337,-1.8121477,-0.83623797,24.0,3.3134413,-24.999998,-135.95772,10.991927,-89.85617,87.04665,-0.49114197,5.24016,8.084283,-137.56194,-5.2097898,82.1167,86.36307,-10.651029,2.650525,-5.758862,-84.25643,-13.044481,-22.12098,111.69273,-39.888615,-7.0108447,-87.302025,3.9063041,14.461306,111.0238,-39.06696,4.622925
417,1.473961353302002,19.21462059020996,68.82743835449219,-0.580662469046003,12.442682356480267,-91.28386559123301,-1.8615947,-0.7400131,24.0,3.3549178,-24.999998,-136.01384,10.808127,-90.0509,87.16728,-0.719116,5.257882,8.167317,-137.61383,-5.123042,82.49798,86.415565,-10.585971,2.653679,-5.8218913,-85.70479,-13.553913,-22.343231,113.28836,-40.096004,-7.094199,-88.74049,4.266928,14.602232,112.535675,-39.248486,4.6229434
418,1.5245951414108276,19.333234786987305,67.81087493896484,-0.694544373615126,12.581636484564719,-91.2874032416752,-1.9022114,-0.6308041,24.0,3.373641,-24.999998,-136.04468,10.618746,-90.215775,87.29883,-1.0016301,5.2912664,8.214075,-137.63922,-5.0418506,82.91537,86.48862,-10.475287,2.6360538,-5.793701,-87.132965,-14.066236,-22.569279,114.85934,-40.28386,-7.1863227,-90.1521,4.620524,14.72162,114.02029,-39.413208,4.620643
419,1.5776492357254028,19.4499454498291,66.8034896850586,-0.805585975010626,12.701519413912896,-91.28370927716914,-1.9374477,-0.51324993,24.0,3.3822787,-24.999998,-136.04271,10.423292,-90.3538,87.42997,-1.2764466,5.350115,8.24324,-137.63335,-4.9659185,83.318016,86.571,-10.342499,2.6141462,-5.74832,-88.53603,-14.590504,-22.781107,116.39956,-40.441906,-7.2764974,-91.54166,4.960893,14.840455,115.477715,-39.55523,4.6249886
420,1.6260536909103394,19.568544387817383,65.80573272705078,-0.9026898739172291,12.797703539931288,-91.26636810465257,-1.9746232,-0.3950725,24.0,3.3979282,-24.999998,-136.00119,10.222591,-90.47413,87.55186,-1.4834741,5.4437943,8.272497,-137.58893,-4.8943176,83.641335,86.65344,-10.217936,2.603127,-5.76129,-89.90695,-15.130953,-22.973196,117.902435,-40.565716,-7.3690205,-92.90939,5.28566,14.968018,116.91028,-39.67535,4.6337557
421,1.6681644916534424,19.692520141601562,64.82247161865234,-0.9848330348525345,12.871632137226435,-91.23469329443441,-2.0176554,-0.27784196,24.0,3.4385245,-24.999998,-135.92354,10.016149,-90.594734,87.664085,-1.5841041,5.609171,8.289425,-137.5071,-4.825665,83.853386,86.73519,-10.12786,2.6096582,-5.8435755,-91.24701,-15.687289,-23.145931,119.36143,-40.648846,-7.465353,-94.25646,5.5966334,15.10396,118.31184,-39.768074,4.644645
422,1.7117323875427246,19.81312370300293,63.85441970825195,-1.0570780263818509,12.924555023764334,-91.19171090229952,-2.0675375,-0.16360705,24.0,3.4976132,-24.999998,-135.81378,9.804168,-90.71829,87.7744,-1.6229955,5.829861,8.288024,-137.38823,-4.760241,83.97477,86.820625,-10.061678,2.6237814,-5.9594526,-92.55347,-16.255392,-23.295452,120.78327,-40.703323,-7.5576944,-95.57682,5.8922133,15.252132,119.68425,-39.841972,4.666591
423,1.7633659839630127,19.92403221130371,62.89564895629883,-1.117461250725071,12.951978976948888,-91.13666317732124,-2.125606,-0.05991711,24.0,3.5540175,-24.999998,-135.66643,9.590218,-90.827736,87.883064,-1.6613859,6.0358596,8.295858,-137.2262,-4.699989,84.02713,86.90564,-9.991297,2.6360352,-6.1132855,-93.82107,-16.834698,-23.409773,122.1794,-40.74049,-7.636669,-96.86762,6.167949,15.427107,121.03829,-39.906776,4.7113805
424,1.807045578956604,20.05394172668457,61.95427703857422,-1.1642732452244027,12.949237991172076,-91.06883471504351,-2.1923242,0.02768163,24.0,3.5854867,-24.999998,-135.47559,9.380465,-90.90103,87.98625,-1.7574623,6.157779,8.341516,-137.01471,-4.647934,84.034035,86.98552,-9.887841,2.6378582,-6.3092446,-95.06217,-17.424358,-23.505083,123.52657,-40.72139,-7.7219663,-98.13917,6.4324203,15.606947,122.35628,-39.927696,4.7515125
425,1.8527990579605103,20.1791934967041,61.02383041381836,-1.1911041237447062,12.922565518359907,-90.9819844704824,-2.27406,0.092315696,24.0,3.5819807,-24.999998,-135.25171,9.181903,-90.9208,88.0775,-1.9322039,6.1607165,8.424146,-136.75896,-4.6067004,83.99424,87.05806,-9.735008,2.6298118,-6.5878215,-96.26897,-18.027927,-23.55901,124.84064,-40.674698,-7.796604,-99.3897,6.6739435,15.81877,123.656006,-39.93438,4.809794
426,1.8927451372146606,20.293121337890625,60.11537170410156,-1.2010508231279138,12.871399494326019,-90.87858507239795,-2.3672912,0.14118892,24.0,3.555444,-24.999998,-134.99257,8.997807,-90.89459,88.15095,-2.1463733,6.0885367,8.531966,-136.45892,-4.577009,83.90313,87.121864,-9.548027,2.6160684,-6.933114,-97.426796,-18.63385,-23.585932,126.11505,-40.611343,-7.871441,-100.60015,6.894107,16.049377,124.93111,-39.938053,4.8766723
427,1.9257023334503174,20.429468154907227,59.221763610839844,-1.2066189951077189,12.780840479336595,-90.77083420010723,-2.45793,0.18796149,24.0,3.5168834,-24.999998,-134.67296,8.827331,-90.84188,88.20453,-2.3698812,5.9893556,8.676985,-136.10196,-4.558133,83.781624,87.17087,-9.345033,2.59385,-7.26478,-98.55771,-19.239632,-23.605787,127.34809,-40.494335,-7.9568114,-101.78308,7.1122856,16.276882,126.17136,-39.89529,4.9349174
428,1.9573884010314941,20.573347091674805,58.34907150268555,-1.2206140752654713,12.631213697790216,-90.6707318364141,-2.5293508,0.25065085,24.0,3.4676678,-24.645597,-134.26024,8.666232,-90.778656,88.23928,-2.5753732,5.910465,8.87451,-135.66925,-4.5484066,83.65614,87.202,-9.140879,2.5606098,-7.50268,-99.62297,-19.820702,-23.631971,128.55037,-40.358078,-8.051636,-102.89021,7.32571,16.494625,127.376465,-39.832222,4.9914007
429,1.9951930046081543,20.736181259155273,57.49624252319336,-1.2473063357565985,12.40970598709238,-90.57661749321127,-2.5860734,0.34442842,24.0,3.407852,-23.964384,-133.73163,8.560505,-90.70868,88.20347,-2.7960553,5.8610306,9.163401,-135.14935,-4.5469017,83.55263,87.20289,-8.881503,2.509177,-7.594698,-100.620346,-20.381584,-23.662136,129.72165,-40.190193,-8.148367,-103.91665,7.5310645,16.707905,128.54222,-39.737057,5.052695
430,2.0233592987060547,20.903736114501953,56.66114807128906,-1.280500518609938,12.129887933435887,-90.483691434881,-2.6249077,0.45476118,24.0,3.3312452,-23.277443,-133.10915,8.442448,-90.60041,88.17284,-3.0094984,5.8015633,9.5232525,-134.55453,-4.5505133,83.4181,87.20011,-8.612862,2.4360769,-7.594457,-101.55081,-20.924173,-23.711712,130.86523,-40.006584,-8.26671,-104.86841,7.7259774,16.90459,129.68166,-39.631367,5.1025343
431,2.0524301528930664,21.0869083404541,55.84834671020508,-1.3157384837910804,11.811735754907014,-90.39894817839203,-2.6426744,0.5720666,24.0,3.24387,-22.58566,-132.42645,8.312986,-90.482994,88.142105,-3.1801212,5.7543755,9.886345,-133.90437,-4.560623,83.283104,87.19544,-8.382504,2.3667562,-7.577185,-102.444534,-21.451593,-23.756004,131.96848,-39.784035,-8.386905,-105.77883,7.9233723,17.099554,130.77805,-39.484097,5.1517353
432,2.0832247734069824,21.26042938232422,55.050689697265625,-1.3471720791621482,11.475733473933305,-90.32949563883219,-2.6512713,0.68125075,24.0,3.1692224,-21.894737,-131.72018,8.219035,-90.4205,88.06191,-3.298507,5.754536,10.183751,-133.21994,-4.569902,83.20024,87.180725,-8.208726,2.3299677,-7.6204486,-103.30685,-21.955547,-23.785688,133.04901,-39.557873,-8.503241,-106.65854,8.131691,17.304358,131.8497,-39.32228,5.2102866
433,2.1070799827575684,21.434057235717773,54.270381927490234,-1.369987238769243,11.121074981687329,-90.2778321204394,-2.6271677,0.77144337,24.0,3.0910833,-21.197319,-130.99017,8.047967,-90.35849,88.05113,-3.2541554,5.792208,10.397853,-132.49414,-4.585821,83.07691,87.18065,-8.233403,2.3307443,-7.745346,-104.14059,-22.43307,-23.80828,134.09781,-39.316383,-8.626347,-107.515144,8.356206,17.508352,132.89136,-39.132137,5.2627535
434,2.1354715824127197,21.612247467041016,53.50897979736328,-1.386812247744961,10.739062911948498,-90.23969836423636,-2.5900083,0.8509425,24.0,3.024213,-20.50244,-130.22398,7.881382,-90.36747,88.02549,-3.1623547,5.873791,10.564701,-131.72276,-4.600934,82.99935,87.17614,-8.316431,2.361129,-7.912793,-104.940956,-22.887909,-23.810638,135.11484,-39.05446,-8.739843,-108.340614,8.59198,17.726448,133.89902,-38.90971,5.325927
435,2.155728816986084,21.77699089050293,52.760929107666016,-1.409757668459335,10.336312566271543,-90.21242872705459,-2.5335684,0.9331816,24.0,2.948246,-19.798042,-129.43066,7.688086,-90.392265,88.021164,-3.0628593,5.960975,10.689388,-130.9181,-4.619798,82.9284,87.18012,-8.427274,2.3954139,-8.103129,-105.70209,-23.321775,-23.835278,136.11586,-38.79969,-8.872754,-109.12181,8.8297825,17.924189,134.88821,-38.68897,5.3798976
436,2.185743570327759,21.943702697753906,52.032100677490234,-1.4508019389834141,9.919568823716554,-90.19345463176239,-2.4576957,1.0405624,24.0,2.846129,-19.076445,-128.61789,7.497808,-90.3807,88.00423,-3.005122,6.031304,10.780514,-130.09717,-4.6443353,82.87192,87.19071,-8.49796,2.413953,-8.293642,-106.4471,-23.74958,-23.868021,137.08981,-38.52075,-9.002851,-109.87045,9.068802,18.10813,135.83679,-38.44097,5.4427557
437,2.2159643173217773,22.107221603393555,51.3172607421875,-1.5177376891082295,9.487963651780555,-90.1881538975451,-2.3458624,1.1905196,24.0,2.700389,-18.333136,-127.78234,7.3034925,-90.30822,87.97076,-3.0023532,6.080447,10.812044,-129.2591,-4.6805058,82.84495,87.211754,-8.533442,2.4111686,-8.495083,-107.1739,-24.16753,-23.939648,138.04674,-38.2294,-9.152139,-110.58088,9.309799,18.251,136.75327,-38.17692,5.4963193
438,2.2430903911590576,22.269258499145508,50.62588882446289,-1.6033592439931816,9.038934937444873,-90.19555999238472,-2.1975787,1.3817623,24.0,2.5132346,-17.57433,-126.92072,7.111568,-90.18359,87.909164,-3.0173755,6.1245613,10.791396,-128.40218,-4.729524,82.85745,87.23972,-8.557699,2.400326,-8.708642,-107.867,-24.571188,-24.046997,138.97548,-37.927948,-9.321174,-111.24363,9.54832,18.355467,137.63052,-37.89907,5.5368314
439,2.2585978507995605,22.4191951751709,49.94945526123047,-1.6971351059212398,8.577414122874883,-90.20326035777117,-2.0279796,1.6043998,24.0,2.2907374,-16.806644,-126.04123,6.919507,-90.00957,87.82986,-3.0294433,6.1593328,10.77661,-127.537796,-4.7926283,82.88942,87.27335,-8.546325,2.3837814,-8.898773,-108.52512,-24.973354,-24.190556,139.8864,-37.62994,-9.520858,-111.86758,9.774183,18.428808,138.49028,-37.629997,5.558882
440,2.275773048400879,22.56150245666504,49.29229736328125,-1.788409092916798,8.108034205274429,-90.19893801149001,-1.8551611,1.8441025,24.0,2.0433621,-16.033777,-125.15341,6.726043,-89.79283,87.74554,-3.017348,6.1800404,10.824411,-126.67706,-4.870261,82.91432,87.309944,-8.47754,2.3639984,-9.031186,-109.154854,-25.383692,-24.325182,140.76958,-37.32173,-9.718419,-112.461845,9.982868,18.512388,139.32642,-37.362587,5.59046
441,2.3070695400238037,22.690574645996094,48.64707946777344,-1.8850428101023893,7.626274802379364,-90.17722143136909,-1.6775985,2.119497,24.0,1.7617283,-15.23852,-124.24597,6.5297422,-89.513664,87.649895,-3.0038517,6.1746454,10.968057,-125.81981,-4.964941,82.91312,87.35313,-8.314625,2.3347843,-9.0857115,-109.75868,-25.811174,-24.43764,141.64035,-37.009087,-9.895804,-113.0191,10.1675,18.625975,140.14865,-37.10942,5.656076
442,2.333564043045044,22.831562042236328,48.01764678955078,-1.9892326933402162,7.1314894192891005,-90.14518305620709,-1.4848304,2.4345033,24.0,1.4400257,-14.423658,-123.31984,6.3285375,-89.17277,87.537926,-2.9900105,6.1488714,11.170851,-124.9622,-5.0792994,82.89998,87.40495,-8.084852,2.2969372,-9.082892,-110.35125,-26.259718,-24.564857,142.47713,-36.6543,-10.090365,-113.55853,10.336194,18.72072,140.93898,-36.83073,5.7083206
443,2.3430092334747314,22.977081298828125,47.42742919921875,-1.979755654675798,6.732576527495436,-90.02394989526836,-1.4286952,2.5983813,24.0,1.1882629,-13.7179,-122.509575,6.1343017,-88.8753,87.48636,-2.9055676,6.1173363,11.352285,-124.18846,-5.201328,82.847984,87.40624,-7.8425927,2.2709937,-9.057499,-110.94642,-26.690187,-24.493053,142.99998,-36.126335,-10.204812,-114.22916,10.502018,18.966537,141.68495,-36.495655,5.7925563
444,2.33339524269104,23.13751983642578,46.91506576538086,-1.3492869336336466,6.889983184242536,-89.38985010067616,-2.318671,1.7743741,24.0,1.5258896,-13.608047,-122.414055,6.042225,-89.01738,87.829605,-2.6126893,6.0609484,11.292818,-123.91064,-5.259077,82.472626,87.0992,-7.5755944,2.3037689,-9.080778,-112.21078,-27.358429,-23.070621,142.99998,-35.022064,-9.751265,-115.804375,10.738615,20.222092,142.37589,-35.87112,6.215205
445,2.313645124435425,23.282859802246094,46.42784881591797,-0.828314223025258,7.138313205073143,-88.8772820766054,-3.1639874,0.9425844,24.0,1.9717911,-13.706915,-122.476036,6.034434,-89.41139,88.14718,-2.2613068,6.0737715,11.1542,-123.729004,-5.252804,81.95969,86.8234,-7.513584,2.3346572,-9.117007,-113.55624,-27.953035,-21.869333,142.99998,-33.944874,-9.412186,-117.408134,11.061083,21.19723,142.96475,-35.170048,6.504148
446,2.310136318206787,23.444643020629883,46.00410079956055,-0.8457929643917289,7.848177467489492,-88.86374742309435,-3.1809273,0.9584047,24.0,1.962005,-14.316642,-122.97001,6.0383377,-89.51373,88.16482,-1.8706903,6.1561475,11.053118,-124.159004,-5.2525473,81.86313,86.922325,-7.567781,2.3131764,-8.982516,-115.438385,-28.544416,-21.596962,142.99998,-32.7465,-9.4632435,-119.24825,11.481314,20.91497,142.99998,-34.04276,6.2116933
447,2.2889950275421143,23.605745315551758,45.5952262878418,-0.8556069526829131,8.542522971659748,-88.86254466127801,-3.2202606,0.90949297,24.0,2.009647,-14.907186,-123.478355,6.050712,-89.68491,88.20641,-1.5022812,6.239925,10.916925,-124.569336,-5.258435,81.725525,86.98322,-7.6718755,2.300566,-8.849602,-117.27539,-29.108,-21.343287,142.99998,-31.582346,-9.544884,-121.04256,11.875845,20.584726,142.99998,-32.918217,5.877484
448,2.264509439468384,23.751049041748047,45.189430236816406,-0.8736535211652204,9.211360993860994,-88.85912944655706,-3.2304862,0.9008923,24.0,2.0019135,-15.387367,-123.96895,6.0625134,-89.76268,88.23032,-1.2283256,6.298133,10.776699,-124.97878,-5.2662554,81.677826,87.06461,-7.742861,2.280989,-8.69986,-119.0531,-29.657434,-21.104786,142.99998,-30.455456,-9.63838,-122.77531,12.229183,20.23388,142.99998,-31.835613,5.536252
449,2.2459239959716797,23.898189544677734,44.779964447021484,-0.8877075226129378,9.83889542984094,-88.85773341126935,-3.254158,0.8752154,24.0,1.9979299,-15.684663,-124.442314,6.079378,-89.81614,88.25262,-1.1133307,6.3289022,10.615834,-125.35522,-5.279877,81.66472,87.11892,-7.8048053,2.2636771,-8.538184,-120.81797,-30.0,-20.779243,142.99998,-29.365894,-9.59512,-124.46432,12.565482,19.896605,142.99998,-30.757019,5.2079616
450,2.227147340774536,24.04559898376465,44.37763214111328,-0.8908669206296855,10.424082948243724,-88.87205414550465,-3.2759836,0.83708584,24.0,1.9817537,-15.855205,-124.894905,6.0919127,-89.83121,88.28479,-1.0698199,6.3404064,10.439901,-125.70334,-5.2906303,81.68493,87.17335,-7.877999,2.244008,-8.365304,-122.568146,-30.0,-20.33917,142.99998,-28.350214,-9.337636,-126.097855,12.8964815,19.56302,142.99998,-29.690544,4.8826776
451,2.2138092517852783,24.186471939086914,43.98749923706055,-0.8967938181563367,10.979431448062517,-88.88639155804545,-3.2854352,0.8102959,24.0,1.9623773,-16.007217,-125.32881,6.1230936,-89.82611,88.29565,-1.0950922,6.344787,10.259141,-126.03663,-5.3179216,81.75342,87.210434,-7.912516,2.224134,-8.200207,-124.25525,-30.0,-19.895376,142.99998,-27.356438,-9.069285,-127.66761,13.199971,19.235374,142.99998,-28.660158,4.569971
452,2.205970048904419,24.30474853515625,43.60636901855469,-0.9107135566859549,11.51576906465393,-88.90600404095281,-3.2577565,0.83468497,24.0,1.9213022,-16.24211,-125.74383,6.1828446,-89.74999,88.25451,-1.129454,6.357388,10.090296,-126.37643,-5.3737445,81.8658,87.228424,-7.8906293,2.2070606,-8.057956,-125.868935,-30.0,-19.466228,142.99998,-26.408085,-8.8020115,-129.16266,13.476959,18.91074,142.99998,-27.687693,4.275244
453,2.1953651905059814,24.418832778930664,43.238441467285156,-0.9341050661081505,12.028998155125025,-88.92719482764007,-3.226026,0.87617,24.0,1.9213645,-16.60878,-126.1484,6.221003,-89.65715,88.2712,-1.228032,6.3398046,9.9222355,-126.71461,-5.412547,81.91619,87.2837,-7.8423486,2.1562016,-7.977124,-127.42359,-30.0,-19.059776,142.99998,-25.487856,-8.5448,-130.59494,13.726029,18.570944,142.99998,-26.75614,3.978058
454,2.178314208984375,24.52315902709961,42.8873405456543,-0.9692880648468405,12.512839105113606,-88.9500999073378,-3.1650765,0.96297777,24.0,1.8990371,-17.038963,-126.52485,6.2795553,-89.47222,88.249695,-1.3530543,6.3236656,9.764777,-127.04519,-5.477533,81.986984,87.31921,-7.753037,2.1043038,-7.926125,-128.8966,-30.0,-18.695303,142.99998,-24.611738,-8.309338,-131.94391,13.9366865,18.211376,142.99998,-25.882109,3.6727617
455,2.171076536178589,24.612865447998047,42.55461502075195,-1.003210110014722,12.969460827941814,-88.97599201573051,-3.0924296,1.0522953,24.0,1.8835293,-17.478456,-126.882835,6.3408623,-89.2696,88.22575,-1.4501139,6.310035,9.606698,-127.36234,-5.5513444,82.04715,87.34555,-7.6783814,2.0584207,-7.880789,-130.28256,-30.0,-18.333231,142.99998,-23.785282,-8.070796,-133.20978,14.1316595,17.882996,142.99998,-25.064253,3.4012942
456,2.1653034687042236,24.699424743652344,42.24001693725586,-1.025433913717014,13.394124070194197,-89.01218784804227,-3.0364027,1.0835727,24.0,1.9088862,-17.865934,-127.23023,6.367869,-89.17919,88.26242,-1.4971379,6.3032355,9.433821,-127.65197,-5.5841646,82.0559,87.40002,-7.6599946,2.0233722,-7.824314,-131.57837,-30.0,-17.985613,142.99998,-23.005192,-7.84813,-134.40657,14.325478,17.574108,142.99998,-24.281876,3.1455307
457,2.145108222961426,24.77999496459961,41.95018005371094,-1.0335694329946357,13.788626088433473,-89.06069219093023,-2.9446368,1.1188816,24.0,1.8946605,-18.195507,-127.55029,6.43571,-89.0047,88.19995,-1.3160083,6.3507,9.247162,-127.925446,-5.665939,82.059746,87.380135,-7.7580905,2.050458,-7.7195425,-132.7651,-30.0,-17.690763,142.99998,-22.292387,-7.6739273,-135.52449,14.508856,17.255278,142.99998,-23.549307,2.8744805
458,2.1199185848236084,24.849294662475586,41.6761589050293,-1.0302919447084322,14.154042021475831,-89.11742053975608,-2.8674018,1.106657,24.0,1.9202508,-18.496874,-127.85858,6.479974,-88.92739,88.183014,-1.0912305,6.4037533,9.036912,-128.17357,-5.717089,82.02898,87.37908,-7.9028373,2.0899467,-7.6119995,-133.85445,-30.0,-17.429825,142.99998,-21.639599,-7.531311,-136.56801,14.6891165,16.949303,142.99998,-22.862696,2.6120849
459,2.0980284214019775,24.908605575561523,41.420440673828125,-1.0204012286413822,14.487305286152285,-89.17510352090478,-2.7941399,1.0731553,24.0,1.9500788,-18.759619,-128.1434,6.5532465,-88.84754,88.121216,-0.810212,6.478909,8.848634,-128.39444,-5.796363,81.949234,87.324905,-8.087433,2.1505833,-7.492333,-134.84769,-30.0,-17.187532,142.99998,-21.04312,-7.403326,-137.52786,14.859769,16.672386,142.99998,-22.228441,2.375614
460,2.0599589347839355,24.96632194519043,41.18764114379883,-1.0073916427255702,14.784389536375876,-89.22610970468716,-2.7353046,1.0217489,24.0,1.9809046,-18.976305,-128.40341,6.611966,-88.80998,88.09709,-0.59029734,6.5366297,8.721864,-128.59404,-5.856014,81.87483,87.30506,-8.207722,2.1842113,-7.3721166,-135.74219,-30.0,-16.995975,142.99998,-20.502718,-7.315226,-138.402,14.99308,16.38244,142.99998,-21.649828,2.1160622
461,2.031775951385498,25.016481399536133,40.97922897338867,-0.9879364595932898,15.038913308907743,-89.26795578515666,-2.6821394,0.9586072,24.0,1.9969671,-19.129858,-128.6284,6.6368823,-88.802956,88.1348,-0.40989998,6.577345,8.680498,-128.77328,-5.880326,81.844475,87.35721,-8.233752,2.1810784,-7.2249637,-136.52861,-30.0,-16.808086,142.99998,-20.019882,-7.2290735,-139.17618,15.108537,16.142809,142.99998,-21.13144,1.8943582
462,1.9926971197128296,25.06015396118164,40.789878845214844,-0.9634183884770466,15.253578699567727,-89.30725710491043,-2.6310785,0.8818146,24.0,2.001231,-19.221125,-128.81906,6.6534634,-88.80305,88.17895,-0.21904606,6.6211452,8.70109,-128.92639,-5.8961678,81.81876,87.419685,-8.228426,2.16767,-7.0548835,-137.2101,-30.0,-16.668238,142.99998,-19.597046,-7.180604,-139.86154,15.198693,15.905367,142.99998,-20.667097,1.6639493
463,1.9505524635314941,25.093109130859375,40.621829986572266,-0.9376362329461554,15.446802675369865,-89.34060574144009,-2.5964885,0.7894561,24.0,2.0210288,-19.31106,-129.00093,6.7003155,-88.80336,88.19608,-0.06293443,6.6612053,8.748092,-129.06357,-5.9385653,81.738205,87.436,-8.225631,2.1594913,-6.910981,-137.8057,-30.0,-16.557571,142.99998,-19.233444,-7.151558,-140.46709,15.269474,15.6832285,142.99998,-20.263405,1.4448818
464,1.9082927703857422,25.11591911315918,40.480499267578125,-0.9243403978910337,15.632915256445777,-89.37198365152973,-2.5568328,0.7191939,24.0,2.0218785,-19.411657,-129.18181,6.754834,-88.77962,88.20096,-0.012074786,6.671363,8.806284,-129.20233,-5.9856787,81.63727,87.44624,-8.204037,2.1428943,-6.846052,-138.33049,-30.0,-16.481384,142.99998,-18.927856,-7.133981,-140.99559,15.315375,15.461039,142.99998,-19.92731,1.2349102
465,1.8687304258346558,25.11662483215332,40.363826751708984,-0.9079467063266384,15.828569439481399,-89.40668434317676,-2.5131445,0.64919895,24.0,2.010021,-19.555155,-129.3822,6.815105,-88.69607,88.21227,-0.09027055,6.6299386,8.89193,-129.36183,-6.034662,81.49843,87.445244,-8.138537,2.114801,-6.8990493,-138.78902,-30.0,-16.422377,142.99998,-18.692453,-7.127951,-141.4629,15.368123,15.262607,142.99998,-19.655571,1.0564933
466,1.8409794569015503,25.105873107910156,40.26953125,-0.880176965074618,16.01706343981448,-89.44575512606859,-2.4605124,0.5721258,24.0,1.9826994,-19.714865,-129.58499,6.853081,-88.5979,88.26294,-0.29424283,6.5420666,9.012347,-129.52963,-6.0633636,81.37743,87.47009,-7.9919543,2.0682287,-7.0372443,-139.1742,-30.0,-16.360893,142.99998,-18.517193,-7.124884,-141.87038,15.446518,15.115447,142.99998,-19.428873,0.9318218
467,1.810713291168213,25.07953643798828,40.20679473876953,-0.8592120732146499,16.18157258316669,-89.47994924704902,-2.4104018,0.5039998,24.0,1.9530342,-19.861557,-129.7648,6.900671,-88.45823,88.293335,-0.48451924,6.451879,9.117948,-129.67569,-6.097189,81.21352,87.47878,-7.900096,2.0253472,-7.194002,-139.44939,-30.0,-16.34499,142.99998,-18.422098,-7.145929,-142.1698,15.494271,14.980141,142.99998,-19.288454,0.8171397
468,1.7529172897338867,25.051965713500977,40.17268753051758,-0.8421221189031463,16.29366821185296,-89.50960007302884,-2.368571,0.43658498,24.0,1.9349732,-19.962877,-129.88708,6.970995,-88.30886,88.27818,-0.5811453,6.390952,9.161821,-129.7615,-6.14314,81.01839,87.45339,-7.920526,1.9990845,-7.309102,-139.58775,-30.0,-16.425236,142.99998,-18.407507,-7.2349358,-142.3481,15.487149,14.810067,142.99998,-19.226315,0.653471
469,1.7103148698806763,25.035566329956055,40.16983413696289,-0.8258397515940744,16.347861709211855,-89.53069188593709,-2.3384423,0.36279818,24.0,1.9383135,-20.001059,-129.95163,7.044957,-88.22213,88.23873,-0.6448982,6.3626094,9.11059,-129.78609,-6.184929,80.84873,87.41271,-8.03062,1.9913752,-7.374579,-139.6094,-30.0,-16.51023,142.99998,-18.441916,-7.3198133,-142.41464,15.457534,14.69106,142.99998,-19.219183,0.52369165
470,1.6648545265197754,25.009462356567383,40.198673248291016,-0.8137744279398982,16.358037307700013,-89.54651838841984,-2.2984703,0.3047115,24.0,1.9272422,-19.99633,-129.96951,7.0741086,-88.20078,88.24313,-0.7534527,6.3276024,9.002998,-129.77484,-6.198547,80.78278,87.4199,-8.122319,1.9767839,-7.421263,-139.49841,-30.0,-16.647427,142.99998,-18.559248,-7.4361906,-142.35732,15.392573,14.589027,142.99998,-19.297142,0.4002675
471,1.6108927726745605,24.975849151611328,40.255252838134766,-0.8083697151132128,16.3280353341416,-89.55919457099922,-2.2874353,0.22578917,24.0,1.9586657,-19.973515,-129.94821,7.143149,-88.190285,88.187065,-0.7770061,6.324708,8.873604,-129.70709,-6.2245417,80.61391,87.36489,-8.321757,1.9802399,-7.4531875,-139.26627,-30.0,-16.846848,142.99998,-18.753256,-7.591592,-142.18472,15.298235,14.490095,142.99998,-19.453505,0.27675977
472,1.5479073524475098,24.938186645507812,40.33784103393555,-0.8106772533368093,16.257420257844153,-89.5672027882815,-2.2605162,0.1741004,24.0,1.9580264,-19.954296,-129.87375,7.172777,-88.20328,88.172646,-0.76701283,6.3078322,8.790081,-129.60616,-6.23304,80.56294,87.34678,-8.407397,1.9646171,-7.4662943,-138.922,-30.0,-17.10443,142.99998,-19.013594,-7.7816052,-141.9013,15.181022,14.393916,142.99998,-19.681358,0.15676229
473,1.4915988445281982,24.90256690979004,40.451316833496094,-0.8220277377965133,16.14295058634309,-89.56977613467758,-2.239026,0.12883735,24.0,1.9661943,-19.945585,-129.74846,7.19314,-88.23138,88.14555,-0.6329413,6.307604,8.740669,-129.45909,-6.237883,80.53733,87.30784,-8.442951,1.9417384,-7.4329596,-138.46655,-30.0,-17.392193,142.99998,-19.334093,-7.983636,-141.50302,15.0538845,14.331133,142.99998,-19.9775,0.07453987
474,1.4371992349624634,24.862728118896484,40.597267150878906,-0.8411266044854896,15.988177260357856,-89.56531352055161,-2.2392018,0.079400435,24.0,1.9903435,-19.939379,-129.5793,7.2447405,-88.329475,88.08471,-0.44082806,6.321966,8.701573,-129.26407,-6.2470837,80.52158,87.23516,-8.446204,1.9148723,-7.365876,-137.89345,-30.0,-17.719334,142.99998,-19.724207,-8.205973,-140.98705,14.905586,14.292357,142.99998,-20.35117,0.016774753
475,1.3775354623794556,24.81435775756836,40.770545959472656,-0.8694068607699522,15.794543465028832,-89.55728211329554,-2.2266438,0.051235933,24.0,1.9967308,-19.930172,-129.3661,7.2681985,-88.38433,88.047226,-0.21200168,6.3287554,8.696493,-129.0371,-6.2490726,80.53639,87.18298,-8.447226,1.8870505,-7.310169,-137.20284,-30.0,-18.10365,142.99998,-20.187443,-8.461683,-140.35506,14.7324095,14.26032,142.99998,-20.803978,-0.031232752
476,1.3071006536483765,24.75752067565918,40.97162628173828,-0.9069041087585245,15.56415474386571,-89.54374785025577,-2.2160883,0.029346503,24.0,2.0064828,-19.87091,-129.105,7.288165,-88.44416,88.004486,-0.08325377,6.336137,8.75842,-128.75734,-6.2493806,80.56313,87.141014,-8.447662,1.8755419,-7.3502316,-136.39584,-30.0,-18.552402,142.99998,-20.723532,-8.75576,-139.60883,14.524339,14.221425,142.99998,-21.33835,-0.085089564
477,1.2464032173156738,24.70269775390625,41.20262908935547,-0.9553452666941226,15.299175374508225,-89.5201992178855,-2.2094238,0.01781763,24.0,2.0129468,-19.771242,-128.80661,7.3022103,-88.50045,87.96423,-0.07338816,6.3277287,8.899386,-128.43921,-6.2483907,80.59488,87.11896,-8.478866,1.8787384,-7.513129,-135.49251,-30.0,-19.02011,142.99998,-21.314245,-9.050853,-138.7603,14.295803,14.21313,142.99998,-21.940498,-0.10388942
478,1.174492359161377,24.634174346923828,41.46900177001953,-1.019952102839064,14.99405509421252,-89.48942828705822,-2.210881,0.021790454,24.0,2.017962,-19.592764,-128.4544,7.344076,-88.65588,87.88617,-0.23333009,6.3233857,9.116164,-128.06625,-6.2407002,80.69357,87.10546,-8.462115,1.8955235,-7.7732673,-134.45172,-30.0,-19.567179,142.99998,-21.993975,-9.390917,-137.77223,14.018433,14.190227,142.99998,-22.646896,-0.13005838
479,1.1115813255310059,24.55678939819336,41.754188537597656,-1.0455576271064553,14.649995057024825,-89.46872182017684,-2.211412,-0.037977934,24.0,2.0352342,-19.401964,-128.0649,7.3636003,-88.716606,87.85615,-0.31862125,6.310348,9.350101,-127.648125,-6.2319283,80.72693,87.08252,-8.492502,1.9212288,-8.053132,-133.29327,-30.0,-20.103788,142.99998,-22.73894,-9.753561,-136.71199,13.789929,14.245029,142.99998,-23.381432,-0.095800415
480,1.0463472604751587,24.479284286499023,42.065284729003906,-1.0401508596047484,14.259122993074962,-89.45935053538797,-2.2076929,-0.15048815,24.0,2.0662947,-19.159357,-127.628006,7.3703694,-88.73955,87.84526,-0.378132,6.317967,9.578818,-127.17264,-6.2263203,80.73426,87.04068,-8.493464,1.9559063,-8.30453,-132.00702,-30.0,-20.659822,142.99998,-23.549957,-10.157962,-135.56636,13.589597,14.344908,142.99998,-24.151457,-0.03031706
481,0.9766911864280701,24.395540237426758,42.39794158935547,-1.0272959024379174,13.822185971549555,-89.45085573267875,-2.2273643,-0.30163327,24.0,2.1251729,-18.803404,-127.13828,7.384753,-88.7819,87.84592,-0.4658627,6.3586044,9.811751,-126.62618,-6.2080894,80.70502,86.98233,-8.4438505,2.0022347,-8.534552,-130.60216,-30.0,-21.251705,142.99998,-24.419138,-10.597347,-134.32019,13.37224,14.460314,142.99998,-24.97923,0.043707963
482,0.8993003368377686,24.3043155670166,42.76161575317383,-0.9970291714151134,13.34590027913565,-89.44313894614933,-2.281818,-0.515959,24.0,2.2373152,-18.40154,-126.6204,7.412371,-88.83244,87.862144,-0.55857575,6.4231744,10.042663,-126.02671,-6.1605577,80.57391,86.923935,-8.414317,2.0518782,-8.76225,-129.07257,-30.0,-21.870543,142.99998,-25.35619,-11.073043,-132.97298,13.145604,14.597196,142.99998,-25.870869,0.12842053
483,0.8250304460525513,24.202869415283203,43.13704299926758,-0.9659696895127476,12.81991784174589,-89.43415829384784,-2.342738,-0.742549,24.0,2.3552165,-17.943087,-126.04238,7.43939,-88.86564,87.887054,-0.62616736,6.4916573,10.272472,-125.36507,-6.102731,80.413376,86.85881,-8.393088,2.1049557,-8.978947,-127.43951,-30.0,-22.506084,142.99998,-26.332434,-11.560523,-131.52634,12.901111,14.760674,142.99998,-26.815197,0.23927648
484,0.7727964520454407,24.09578514099121,43.52989959716797,-0.9470937109325867,12.231851218207838,-89.42660537542585,-2.421992,-0.981566,24.0,2.5044572,-17.436142,-125.39131,7.4764886,-88.93126,87.922134,-0.66263944,6.5464787,10.482838,-124.627846,-6.011665,80.20051,86.796875,-8.416079,2.1512568,-9.18715,-125.69781,-30.0,-23.137222,142.99998,-27.337585,-12.0273075,-129.95998,12.641137,14.973985,142.99998,-27.814497,0.41253942
485,0.7058866620063782,23.998170852661133,43.941917419433594,-0.9419162085605017,11.574345702846248,-89.42049092353135,-2.4928038,-1.2049992,24.0,2.6520987,-16.881826,-124.65278,7.512055,-89.014244,87.95731,-0.66547215,6.5830226,10.682738,-123.817116,-5.9147897,80.00816,86.72377,-8.437845,2.1925116,-9.361682,-123.84167,-30.0,-23.830301,142.99998,-28.3687,-12.53226,-128.27681,12.341302,15.154282,142.99998,-28.8622,0.5653437
486,0.6295232176780701,23.903717041015625,44.36347961425781,-0.94192337007075,10.858599918811072,-89.41722129629468,-2.5793748,-1.446966,24.0,2.8331099,-16.281492,-123.849106,7.557562,-89.13478,88.00514,-0.6489849,6.610478,10.867319,-122.94024,-5.784608,79.777435,86.65349,-8.478283,2.2267506,-9.514317,-121.888214,-30.0,-24.56045,142.99998,-29.419703,-13.063241,-126.4988,12.0134,15.316257,142.99998,-29.947985,0.7088562
487,0.5718847513198853,23.81754493713379,44.7967529296875,-0.9401350194061272,10.09669157353939,-89.41080843796716,-2.6875825,-1.7167863,24.0,3.0429027,-15.634706,-123.000374,7.612357,-89.289604,88.06963,-0.6296797,6.6329193,11.026251,-122.011635,-5.630504,79.53871,86.57446,-8.520938,2.262591,-9.672977,-119.88052,-30.0,-25.24155,142.99998,-30.459124,-13.549528,-124.65731,11.67564,15.520674,142.99998,-31.048801,0.8982997
488,0.5342609882354736,23.718551635742188,45.23712158203125,-0.9327414752407367,9.300872780402123,-89.39565822732722,-2.8249013,-2.0237043,24.0,3.2762332,-14.941113,-122.12293,7.6756287,-89.47907,88.154366,-0.6271726,6.653993,11.149456,-121.04155,-5.460561,79.30897,86.475,-8.562505,2.3088613,-9.865864,-117.81602,-30.0,-25.863625,142.99998,-31.50533,-13.983593,-122.74882,11.319726,15.779444,142.99998,-32.185383,1.1420984
489,0.47457799315452576,23.615800857543945,45.68693542480469,-0.9059823804070147,8.464184098286035,-89.39539318444882,-3.0024781,-2.3751037,24.0,3.5402925,-14.193509,-121.22744,7.750537,-89.72358,88.26836,-0.6499059,6.674129,11.219525,-120.03513,-5.268907,79.09157,86.35326,-8.612266,2.3754883,-10.118511,-115.75073,-29.58375,-26.363867,142.99998,-32.66357,-14.198569,-120.77595,10.952386,16.011414,142.99998,-33.347107,1.3536866
490,0.43662941455841064,23.50102996826172,46.136043548583984,-0.8693070255355204,7.595847744097131,-89.4097250978536,-3.2153482,-2.7682238,24.0,3.8389242,-13.408701,-120.32099,7.840441,-90.023056,88.40908,-0.6882499,6.691846,11.240531,-119.00395,-5.051135,78.876274,86.21343,-8.668519,2.4544656,-10.40525,-113.692825,-28.860003,-26.7061,142.99998,-33.90583,-14.203125,-118.75193,10.590939,16.29189,142.99998,-34.52444,1.6193179
491,0.39499229192733765,23.38259506225586,46.585750579833984,-0.8245906481103427,6.71177588263826,-89.42386857844268,-3.4656234,-3.2129993,24.0,4.178429,-12.618371,-119.4216,7.951016,-90.35932,88.570404,-0.7330336,6.7059355,11.230946,-117.96881,-4.804896,78.63943,86.05959,-8.717938,2.525022,-10.681332,-111.61682,-28.117159,-27.017073,142.99998,-35.159122,-14.203229,-116.7054,10.212932,16.565842,142.99998,-35.710484,1.8813674
492,0.35138505697250366,23.32229232788086,47.16884231567383,-0.5819344816144779,6.8635173438427,-89.22735008627961,-4.019772,-3.830959,24.0,4.599941,-12.879054,-119.69622,8.1111555,-90.7653,88.8114,-0.7477586,6.6798797,11.085263,-118.08805,-4.5590396,78.3838,85.99244,-8.742663,2.5535405,-10.803779,-110.81101,-27.735794,-26.609816,142.34358,-35.54861,-13.876753,-115.92848,9.958734,16.895971,142.4942,-36.203316,2.0487633
493,0.30727070569992065,23.297874450683594,47.826107025146484,-0.5804041843469687,7.366843000098417,-89.23973169434367,-4.200984,-4.0278177,24.0,4.769761,-13.461389,-120.27879,8.28505,-91.012535,88.8429,-0.8358921,6.676408,10.982707,-118.60959,-4.359425,78.25846,86.12259,-8.800479,2.5221183,-10.775841,-110.333244,-27.358816,-26.607603,141.4114,-35.683823,-13.711502,-115.371315,9.764794,16.621183,141.5721,-36.361816,1.9274299
494,0.23947130143642426,23.25035285949707,48.50204849243164,-0.5770417923660602,7.866151313019674,-89.24941023722474,-4.3472967,-4.1797304,24.0,4.867719,-14.044162,-120.844086,8.458956,-91.15237,88.82453,-0.9019096,6.671601,10.904395,-119.137314,-4.201159,78.199715,86.241165,-8.819905,2.4794497,-10.684824,-109.802765,-26.969618,-26.649,140.45938,-35.84967,-13.5881405,-114.76508,9.562261,16.316471,140.6396,-36.556118,1.7809186
495,0.20145563781261444,23.21092987060547,49.19108963012695,-0.5765868767902977,8.35365221117559,-89.26196444091157,-4.4607034,-4.296094,24.0,4.9262624,-14.63996,-121.387184,8.626468,-91.235794,88.77671,-0.9453818,6.671217,10.839063,-119.6598,-4.0778394,78.184715,86.34882,-8.825188,2.4330015,-10.5767355,-109.27779,-26.578115,-26.63156,139.48695,-35.979164,-13.41049,-114.151505,9.377933,16.066183,139.67424,-36.707905,1.6927371
496,0.15989451110363007,23.181358337402344,49.894981384277344,-0.583237827209828,8.821471949295182,-89.28326027034272,-4.5366263,-4.37504,24.0,4.9679275,-15.25621,-121.89943,8.781953,-91.29674,88.71355,-0.95982474,6.680718,10.778741,-120.167366,-3.9839199,78.21074,86.45201,-8.830448,2.3904438,-10.49596,-108.732445,-26.181871,-26.632303,138.48979,-36.084053,-13.245729,-113.51614,9.199029,15.797894,138.67899,-36.828182,1.5933393
497,0.11510396003723145,23.151905059814453,50.6051139831543,-0.5965789688948411,9.269641840048092,-89.31785442075294,-4.5764403,-4.427511,24.0,5.0090837,-15.897077,-122.38242,8.921842,-91.35651,88.64579,-0.94689566,6.701246,10.730267,-120.65717,-3.914033,78.28433,86.55337,-8.839221,2.349475,-10.458996,-108.16745,-25.77621,-26.65285,137.48343,-36.18021,-13.094827,-112.86001,9.031501,15.515305,137.66792,-36.92848,1.4854275
498,0.06298886984586716,23.10555076599121,51.333885192871094,-0.6145212430754834,9.701878236037885,-89.36161155475804,-4.58197,-4.462564,24.0,5.0393095,-16.55849,-122.84185,9.022111,-91.40731,88.59887,-0.9125446,6.722659,10.691869,-121.131935,-3.8745246,78.38563,86.64852,-8.853713,2.3048813,-10.443072,-107.55524,-25.349346,-26.696108,136.46288,-36.297157,-12.959289,-112.15418,8.866166,15.220193,136.64026,-37.04266,1.3724468
499,0.018295537680387497,23.06330108642578,52.06912612915039,-0.6378741213469918,10.116084788669733,-89.40730128398242,-4.558885,-4.4723186,24.0,5.048387,-17.23659,-123.27543,9.082108,-91.43933,88.57612,-0.86123234,6.7408514,10.643493,-121.59273,-3.8590276,78.47631,86.74391,-8.882293,2.259829,-10.434067,-106.93649,-24.924553,-26.730307,135.42912,-36.389126,-12.816532,-111.436035,8.706915,14.936135,135.59375,-37.130096,1.2747654
500,-0.02786564640700817,23.032655715942383,52.817527770996094,-0.6641758248531404,10.51057156391059,-89.44677957371573,-4.5287657,-4.450584,24.0,5.039605,-17.92876,-123.681595,9.15802,-91.45442,88.52709,-0.80677414,6.7627053,10.566012,-122.044556,-3.8506427,78.57992,86.83751,-8.87099,2.2204938,-10.418765,-106.306725,-24.505247,-26.763784,134.36781,-36.444786,-12.678014,-110.702095,8.544196,14.651812,134.52,-37.187286,1.1795573
501,-0.07344705611467361,22.99660301208496,53.5703239440918,-0.6945637611945222,10.884937208177446,-89.47856787556664,-4.4907107,-4.3987517,24.0,5.012244,-18.658808,-124.061226,9.228374,-91.43514,88.47563,-0.72067803,6.783314,10.445172,-122.48604,-3.8553858,78.62911,86.925255,-8.857578,2.1874802,-10.405964,-105.65963,-24.090282,-26.797663,133.2983,-36.489956,-12.542443,-109.94516,8.374139,14.374022,133.43861,-37.241722,1.0961177
502,-0.11158426105976105,22.96289825439453,54.33545684814453,-0.7282559141862035,11.240175886288336,-89.50654360079879,-4.4441295,-4.3307734,24.0,4.9773207,-19.42223,-124.41792,9.270494,-91.40805,88.45505,-0.6171871,6.7948704,10.2910795,-122.91599,-3.8670654,78.63076,87.01723,-8.849213,2.1534665,-10.40231,-104.9953,-23.67578,-26.819567,132.20874,-36.514027,-12.397405,-109.16566,8.201129,14.110381,132.33371,-37.2769,1.0312686
503,-0.1473664939403534,22.928709030151367,55.109893798828125,-0.7627063734535718,11.575620660010795,-89.53084853626662,-4.391672,-4.2490396,24.0,4.935203,-20.169645,-124.750244,9.320812,-91.356544,88.41227,-0.49674597,6.81575,10.123578,-123.33064,-3.8918154,78.61979,87.09706,-8.84961,2.127595,-10.383661,-104.31215,-23.261581,-26.836084,131.10408,-36.522095,-12.252248,-108.36601,8.026207,13.855949,131.21373,-37.296997,0.9769121
504,-0.18642479181289673,22.887100219726562,55.887760162353516,-0.7960902076697682,11.891044036628328,-89.5524131486423,-4.3317842,-4.157203,24.0,4.8832407,-20.850832,-125.057205,9.3900585,-91.27923,88.34529,-0.37792635,6.8388605,9.9612055,-123.725685,-3.9398441,78.62837,87.15928,-8.865247,2.1080458,-10.327591,-103.60651,-22.845762,-26.855986,129.99252,-36.52593,-12.117685,-107.54591,7.850479,13.605305,130.08963,-37.312565,0.9255413
505,-0.23018059134483337,22.84600830078125,56.6746940612793,-0.824752555613106,12.187375680567884,-89.57169941790897,-4.2684774,-4.070741,24.0,4.825777,-21.444063,-125.34623,9.4395,-91.2077,88.30686,-0.31509328,6.8504634,9.798211,-124.10457,-3.984412,78.66193,87.242226,-8.875367,2.084032,-10.22845,-102.880135,-22.426735,-26.87464,128.86263,-36.513348,-11.993226,-106.70954,7.6768417,13.359521,128.95166,-37.30999,0.8742455
506,-0.2661744952201843,22.80224609375,57.4678955078125,-0.8525689472090806,12.46531187908867,-89.58844110309683,-4.1852055,-3.9596317,24.0,4.7385755,-21.976759,-125.607414,9.503289,-91.08395,88.23598,-0.25986618,6.866086,9.635863,-124.4699,-4.056803,78.741135,87.31021,-8.872009,2.0683856,-10.089832,-102.13768,-22.00904,-26.87927,127.72215,-36.48692,-11.862333,-105.85829,7.503151,13.132437,127.80218,-37.2915,0.84087193
507,-0.30124813318252563,22.750946044921875,58.262298583984375,-0.8830625336816035,12.721172071197035,-89.6012425847623,-4.0951586,-3.8351164,24.0,4.648349,-22.48305,-125.839165,9.556961,-90.96439,88.17459,-0.18476169,6.881931,9.479039,-124.81573,-4.134568,78.845695,87.38094,-8.876232,2.0539606,-9.935501,-101.373924,-21.591976,-26.886032,126.578575,-36.45623,-11.736274,-104.98449,7.3238664,12.9084835,126.64939,-37.270275,0.8140518
508,-0.33742210268974304,22.717191696166992,59.06456756591797,-0.9187238137203947,12.951103380216146,-89.60891578879966,-4.0259924,-3.7215662,24.0,4.599117,-22.998816,-126.045876,9.574698,-90.929115,88.18299,-0.069348425,6.8894196,9.327271,-125.134834,-4.16601,78.90464,87.50158,-8.942941,2.0234835,-9.795777,-100.599396,-21.181725,-26.898987,125.41272,-36.38617,-11.617081,-104.09723,7.1380386,12.674884,125.47278,-37.212944,0.78219
509,-0.3632255494594574,22.67780876159668,59.870784759521484,-0.9728157071140352,13.155121568042706,-89.60917178726645,-3.9029653,-3.516701,24.0,4.491651,-23.521309,-126.189224,9.617747,-90.83411,88.10975,0.1508282,6.9259825,9.231571,-125.42923,-4.273643,79.12801,87.56041,-8.991901,2.0173585,-9.636291,-99.802986,-20.779554,-26.924397,124.24691,-36.308937,-11.495814,-103.17533,6.9332914,12.431542,124.28583,-37.154194,0.76136124
510,-0.3908039927482605,22.630075454711914,60.6829719543457,-1.0346611702960522,13.333813800457435,-89.6031110764663,-3.7831938,-3.3035688,24.0,4.40261,-24.04202,-126.30044,9.642648,-90.78852,88.0641,0.41464996,6.9651475,9.15569,-125.69471,-4.3817034,79.34983,87.619484,-9.090201,2.009547,-9.474953,-98.97716,-20.375856,-26.963593,123.0756,-36.230022,-11.383908,-102.21841,6.716011,12.176443,123.0913,-37.097694,0.7401423
511,-0.41891345381736755,22.576427459716797,61.49290084838867,-1.0935621964792646,13.489863748866211,-89.595580175052,-3.6925154,-3.1195118,24.0,4.3578787,-24.560514,-126.39794,9.650079,-90.79807,88.075005,0.7146344,6.990481,9.055041,-125.94005,-4.4347878,79.48395,87.73243,-9.242954,1.9838072,-9.3284025,-98.132164,-19.967237,-26.998186,121.90274,-36.147827,-11.275255,-101.24458,6.498606,11.927023,121.897095,-37.03574,0.72443426
512,-0.45919445157051086,22.517568588256836,62.30996322631836,-1.1482632675919164,13.628628289468287,-89.59195480440373,-3.5642729,-2.9101274,24.0,4.264301,-24.999998,-126.47024,9.65695,-90.7924,88.05605,1.0136079,7.0109286,8.915676,-126.17714,-4.537863,79.70674,87.817894,-9.292265,1.9676148,-9.1786375,-97.264534,-19.54199,-27.03894,120.71438,-36.061016,-11.182871,-100.248726,6.289386,11.668437,120.69096,-36.965294,0.69994813
513,-0.48524677753448486,22.452131271362305,63.13313293457031,-1.1953943566721614,13.74425468835507,-89.593770692152,-3.4145002,-2.6965222,24.0,4.142676,-24.999998,-126.520546,9.656515,-90.786194,88.02782,1.3816408,7.0205703,8.697979,-126.39953,-4.671595,79.934685,87.88758,-9.2976675,1.9520526,-9.035248,-96.37105,-19.10386,-27.046562,119.5193,-35.97343,-11.0715275,-99.231926,6.0837526,11.441918,119.475395,-36.88354,0.7038564
514,-0.506464958190918,22.377458572387695,63.954795837402344,-1.2363139295486127,13.840389121044458,-89.59829608568832,-3.2698803,-2.4990008,24.0,4.0366726,-24.999998,-126.558975,9.649305,-90.814064,88.01592,1.8072503,7.0176105,8.419957,-126.60863,-4.7987022,80.11999,87.96773,-9.304389,1.929446,-8.902871,-95.458466,-18.65735,-27.036037,118.3228,-35.88662,-10.955109,-98.20067,5.881484,11.2326975,118.25929,-36.796577,0.72194463
515,-0.5373812913894653,22.315778732299805,64.78269958496094,-1.272236966772854,13.918847233084552,-89.60338573466032,-3.1220243,-2.3122852,24.0,3.9235952,-24.999998,-126.57756,9.638499,-90.8247,88.01201,2.1950047,7.004304,8.141242,-126.798546,-4.9374194,80.27277,88.04785,-9.295165,1.9114277,-8.775007,-94.53671,-18.206234,-27.026098,117.10177,-35.768604,-10.8517,-97.16251,5.685583,11.01565,117.02262,-36.67769,0.7285606
516,-0.574425220489502,22.23884391784668,65.6104736328125,-1.303872416938176,13.981209069984065,-89.607058605634,-2.9744277,-2.1388342,24.0,3.7947564,-24.999998,-126.57054,9.629698,-90.759674,88.01746,2.467165,6.982488,7.918808,-126.965,-5.077313,80.36097,88.14065,-9.287027,1.9040321,-8.648797,-93.59218,-17.747278,-27.014433,115.87773,-35.656372,-10.756784,-96.10376,5.48909,10.797779,115.787735,-36.565556,0.7338148
517,-0.6098806262016296,22.160789489746094,66.44059753417969,-1.3312083593193287,14.027848740635356,-89.6074960814487,-2.8222837,-1.9733256,24.0,3.6368473,-24.999998,-126.53584,9.627081,-90.57347,88.02494,2.5614984,6.9523206,7.8011746,-127.110985,-5.22166,80.3816,88.25245,-9.269267,1.9084792,-8.5344095,-92.633766,-17.289623,-26.99172,114.64186,-35.529213,-10.660764,-95.034164,5.290869,10.586165,114.54299,-36.43983,0.7438306
518,-0.6416783928871155,22.071304321289062,67.27165985107422,-1.3541435227391745,14.058063933885347,-89.60623758141006,-2.6639128,-1.8109044,24.0,3.4545462,-24.999998,-126.4742,9.632148,-90.28822,88.02753,2.5459623,6.9169893,7.749014,-127.238045,-5.37196,80.35193,88.37827,-9.2405815,1.9224544,-8.42893,-91.654785,-16.828815,-26.955082,113.40162,-35.401825,-10.561181,-93.94699,5.0893703,10.384539,113.2951,-36.313507,0.76362175
519,-0.6794871091842651,21.977176666259766,68.10089111328125,-1.37336725281386,14.071051868458545,-89.60632875328706,-2.504614,-1.6556088,24.0,3.2634065,-24.999998,-126.38536,9.645012,-89.957306,88.02491,2.5273693,6.884789,7.6876636,-127.33947,-5.5263915,80.282875,88.50228,-9.219733,1.9489653,-8.309238,-90.6598,-16.361393,-26.915731,112.1542,-35.267754,-10.470524,-92.846054,4.890947,10.179828,112.04377,-36.179367,0.7790487
520,-0.7130999565124512,21.880298614501953,68.93070220947266,-1.3892951775130173,14.065961799648276,-89.61078439855876,-2.352039,-1.5147845,24.0,3.0822024,-24.999998,-126.27001,9.66542,-89.6419,88.01932,2.6082797,6.861945,7.541312,-127.40832,-5.6806703,80.180405,88.61019,-9.22735,1.9899591,-8.15292,-89.64943,-15.887887,-26.86133,110.90084,-35.125935,-10.377269,-91.73251,4.694043,9.98247,110.78558,-36.03164,0.8005442
521,-0.7520957589149475,21.771053314208984,69.75414276123047,-1.402661828514962,14.044763789429698,-89.62273788913456,-2.2069345,-1.3915241,24.0,2.914551,-24.999998,-126.13601,9.692769,-89.37381,88.01327,2.8070643,6.853759,7.2645197,-127.450035,-5.8294454,80.04518,88.70301,-9.288621,2.0663722,-7.9401703,-88.624275,-15.401843,-26.802952,109.65203,-34.99093,-10.293905,-90.605644,4.503642,9.78219,109.5337,-35.884827,0.818007
522,-0.7872053384780884,21.66546058654785,70.57913970947266,-1.4129250316281314,14.00731679215679,-89.63991594950325,-2.0697434,-1.28611,24.0,2.7562683,-24.999998,-125.981346,9.727702,-89.13006,88.00805,3.0614622,6.8532786,6.90552,-127.46426,-5.970314,79.867134,88.791275,-9.387329,2.1683862,-7.689759,-87.587906,-14.91161,-26.729311,108.39162,-34.839405,-10.208482,-89.47083,4.3167167,9.587787,108.26939,-35.715984,0.83935446
523,-0.830712080001831,21.552011489868164,71.39926147460938,-1.4188125186243294,13.949075007816102,-89.65725865265065,-1.9460365,-1.1988753,24.0,2.6115973,-24.999998,-125.79089,9.772507,-88.8829,88.002945,3.3567128,6.8486505,6.529939,-127.43555,-6.1042466,79.638,88.876335,-9.48288,2.2529955,-7.437204,-86.530594,-14.413862,-26.652336,107.12906,-34.68763,-10.133489,-88.31706,4.1307664,9.389678,107.00824,-35.54774,0.85541517
524,-0.864513099193573,21.430583953857422,72.22171020507812,-1.4192307587262458,13.865748641475166,-89.66976176110425,-1.8406844,-1.1293713,24.0,2.483942,-24.999998,-125.54895,9.830386,-88.602715,87.99492,3.6786487,6.8296776,6.2040677,-127.34797,-6.2346597,79.35046,88.955666,-9.53354,2.2784824,-7.218032,-85.44073,-13.917266,-26.551975,105.85869,-34.532574,-10.047199,-87.13592,3.9326186,9.206916,105.74037,-35.377068,0.8877874
525,-0.9021633267402649,21.312952041625977,73.04595947265625,-1.4135913934694815,13.755084864170788,-89.6767988600565,-1.7538623,-1.0753182,24.0,2.36303,-24.999998,-125.25381,9.903445,-88.26908,87.97299,4.067498,6.799507,5.9394255,-127.19979,-6.3645782,78.98661,89.024765,-9.524989,2.226037,-7.048681,-84.32298,-13.420054,-26.441458,104.57308,-34.36127,-9.964398,-85.930725,3.7286568,9.025286,104.46301,-35.194267,0.92019165
526,-0.9433524012565613,21.191797256469727,73.87093353271484,-1.4029932822512372,13.619697986422779,-89.68091408023054,-1.681362,-1.033995,24.0,2.2476246,-24.999998,-124.910286,9.991892,-87.89185,87.93444,4.5209494,6.7630825,5.705108,-126.99701,-6.49451,78.554405,89.0817,-9.482057,2.1231449,-6.908057,-83.17684,-12.919268,-26.32095,103.277054,-34.182747,-9.885332,-84.7,3.5199013,8.843594,103.17987,-35.006493,0.9531921
527,-0.9846588373184204,21.074113845825195,74.69418334960938,-1.3888900286901074,13.462180650832805,-89.68168762425374,-1.6209853,-1.004268,24.0,2.1543376,-24.999998,-124.51366,10.095147,-87.49046,87.88695,4.957725,6.71498,5.5032425,-126.7379,-6.6238203,78.091965,89.12702,-9.418205,1.9989374,-6.7745776,-82.00998,-12.42017,-26.1896,101.96888,-33.988476,-9.806946,-83.45171,3.3063037,8.661382,101.88728,-34.805195,0.9871703
528,-1.021567702293396,20.943220138549805,75.51756286621094,-1.3729017077445838,13.284940963957645,-89.67868402607571,-1.569523,-0.98261094,24.0,2.0980268,-24.999998,-124.05782,10.212533,-87.082184,87.84091,5.2954116,6.6498046,5.3368053,-126.41909,-6.751693,77.64072,89.16535,-9.342439,1.8811104,-6.62712,-80.8118,-11.920234,-26.044447,100.652664,-33.796017,-9.724783,-82.174644,3.0822046,8.479284,100.58772,-34.60711,1.0283493
529,-1.0649218559265137,20.811222076416016,76.34632110595703,-1.3544604430117462,13.085054468318113,-89.67151232308773,-1.52631,-0.9694886,24.0,2.0921779,-24.999998,-123.53552,10.343906,-86.67048,87.80331,5.4386697,6.563313,5.233714,-126.03712,-6.8768716,77.21705,89.19582,-9.237859,1.7769213,-6.469552,-79.58153,-11.415382,-25.89399,99.31371,-33.590115,-9.648058,-80.86629,2.8524284,8.285205,99.269714,-34.399525,1.0631143
530,-1.1057804822921753,20.66663360595703,77.17462158203125,-1.3333919984195215,12.862075076876895,-89.66061154049598,-1.4909501,-0.9623916,24.0,2.1226776,-24.999998,-122.94886,10.488966,-86.243416,87.7668,5.45292,6.4613547,5.18525,-125.59255,-6.9989376,76.804306,89.219635,-9.099303,1.6717546,-6.3105965,-78.31741,-10.90911,-25.729895,97.96835,-33.38669,-9.568837,-79.52651,2.6127555,8.089372,97.9466,-34.195755,1.103304
531,-1.1481302976608276,20.530426025390625,78.00570678710938,-1.3114794639695495,12.622100443064422,-89.64651026677247,-1.461218,-0.9565647,24.0,2.163861,-24.999998,-122.30707,10.645818,-85.795654,87.71901,5.4990215,6.353565,5.13857,-125.092735,-7.1183453,76.39626,89.240395,-8.957148,1.5606977,-6.135088,-77.035126,-10.405275,-25.558434,96.598526,-33.157246,-9.492973,-78.16973,2.3708136,7.883959,96.60105,-33.968987,1.1410669
532,-1.1846553087234497,20.383586883544922,78.8407211303711,-1.290177193306101,12.371483780241022,-89.6295693716244,-1.4351399,-0.9474407,24.0,2.190278,-24.999998,-121.61956,10.811547,-85.32125,87.64869,5.7372575,6.247376,5.042074,-124.5439,-7.2365737,75.98552,89.262115,-8.8398905,1.4383459,-5.928497,-75.728714,-9.903475,-25.373848,95.20994,-32.918495,-9.414681,-76.78806,2.122173,7.672951,95.23442,-33.734528,1.1870353
533,-1.2260141372680664,20.230506896972656,79.67951202392578,-1.2733720618184667,12.111425880227053,-89.60990706050059,-1.4142534,-0.93046117,24.0,2.2039502,-24.999998,-120.89128,10.982012,-84.81265,87.543945,6.304135,6.148463,4.8512664,-123.947,-7.354644,75.56728,89.27972,-8.756973,1.2936482,-5.6755285,-74.402214,-9.398351,-25.189922,93.796814,-32.6643,-9.346558,-75.381035,1.8747362,7.4418254,93.8427,-33.488667,1.2300048
534,-1.2568871974945068,20.06291389465332,80.5223617553711,-1.2589575823934438,11.838453573067538,-89.58717072596032,-1.3983877,-0.9092869,24.0,2.2148895,-24.999998,-120.11482,11.154936,-84.26931,87.41555,7.084174,6.047185,4.6071053,-123.29717,-7.4731655,75.14314,89.29132,-8.693086,1.132856,-5.389177,-73.04574,-8.895459,-24.990717,92.36614,-32.404877,-9.272587,-73.942566,1.6184927,7.204973,92.42864,-33.2378,1.2856011
535,-1.2900488376617432,19.90299415588379,81.36475372314453,-1.2408902046021189,11.551656421498267,-89.56178330503589,-1.3816587,-0.89039433,24.0,2.2089312,-24.999998,-119.28064,11.330745,-83.698586,87.2841,7.8587956,5.931395,4.385536,-122.591576,-7.5931225,74.715515,89.30294,-8.639652,0.9767804,-5.097189,-71.67309,-8.396804,-24.780237,90.91037,-32.118633,-9.201048,-72.49207,1.362212,6.9603276,90.99419,-32.96368,1.3387254
536,-1.3240532875061035,19.73883819580078,82.20518493652344,-1.2124020790008514,11.249850960845015,-89.53399063037118,-1.3596792,-0.88144016,24.0,2.173088,-24.999998,-118.378975,11.511892,-83.11051,87.16859,8.407905,5.793465,4.260845,-121.827675,-7.715706,74.28758,89.32128,-8.588529,0.8470026,-4.8271565,-70.27462,-7.9040227,-24.549036,89.436386,-31.820852,-9.128358,-71.02535,1.1002815,6.717352,89.5483,-32.679115,1.3932275
537,-1.3647816181182861,19.564348220825195,83.041015625,-1.1706518131511643,10.927781083995471,-89.50208981173141,-1.332212,-0.88409716,24.0,2.1054742,-24.999998,-117.393295,11.702334,-82.50101,87.06503,8.6001425,5.6159472,4.299931,-120.99435,-7.8429656,73.83157,89.34754,-8.492942,0.75023437,-4.5935307,-68.84121,-7.4142756,-24.29648,87.947296,-31.518152,-9.055909,-69.53549,0.8305086,6.4749,88.10002,-32.395515,1.446964
538,-1.3995696306228638,19.387670516967773,83.87580108642578,-1.1192458572539157,10.587080543559564,-89.4666208457839,-1.3036875,-0.89591885,24.0,2.0148294,-24.999998,-116.32999,11.902931,-81.868904,86.95896,8.575095,5.4132257,4.4461975,-120.09304,-7.9752727,73.34782,89.372955,-8.375638,0.6766936,-4.3806996,-67.37547,-6.9349475,-24.017954,86.436295,-31.19997,-8.97509,-68.0242,0.5496511,6.2355814,86.63589,-32.099064,1.5083618
539,-1.4401211738586426,19.20561408996582,84.71009063720703,-1.0614477043819375,10.238038152786407,-89.43140225038826,-1.2743471,-0.91669244,24.0,1.9015048,-24.999998,-115.21368,12.110067,-81.22745,86.854774,8.519638,5.226113,4.5894275,-119.141304,-8.109925,72.89101,89.390175,-8.328012,0.6201234,-4.170135,-65.88788,-6.4574704,-23.724821,84.89953,-30.866337,-8.898718,-66.496185,0.27010542,5.986337,85.15264,-31.789597,1.5647533
540,-1.4888362884521484,19.014423370361328,85.54102325439453,-1.0055020518682454,9.890577179874324,-89.40159925743691,-1.2407559,-0.9396635,24.0,1.7633358,-24.999998,-114.0696,12.316557,-80.58934,86.76179,8.619518,5.093747,4.621779,-118.15926,-8.24254,72.52798,89.39813,-8.434575,0.571261,-3.942171,-64.39148,-5.976957,-23.4233,83.34102,-30.520401,-8.828955,-64.95943,0.0031781076,5.7194433,83.651634,-31.467411,1.6123521
541,-1.5257841348648071,18.817655563354492,86.36222839355469,-0.9452858141218932,9.547025878323199,-89.37793555552302,-1.2025114,-0.97148955,24.0,1.5919538,-24.999998,-112.90236,12.5137825,-79.97516,86.6859,8.946276,5.032348,4.4889975,-117.148895,-8.368456,72.3291,89.39831,-8.762571,0.526899,-3.6710134,-62.895447,-5.508947,-23.099049,81.77425,-30.163612,-8.7530365,-63.432095,-0.26336244,5.4589596,82.142525,-31.129251,1.6693121
542,-1.57184898853302,18.614002227783203,87.17689514160156,-0.8823447510088266,9.202161135046003,-89.35889183658489,-1.1578641,-1.0052742,24.0,1.3872797,-24.999998,-111.69588,12.697952,-79.36739,86.63093,9.392368,5.012554,4.2614427,-116.10141,-8.48733,72.26152,89.40458,-9.23693,0.48405787,-3.3751693,-61.388844,-5.0401273,-22.764688,80.18778,-29.7947,-8.685925,-61.89772,-0.52125174,5.1877627,80.620316,-30.779907,1.7198046
543,-1.619746208190918,18.401771545410156,87.98573303222656,-0.8173690148443012,8.854981099670757,-89.34103029195985,-1.1103618,-1.0352136,24.0,1.1646761,-24.999998,-110.44528,12.871,-78.72011,86.60521,9.878634,5.005782,4.0183926,-115.01601,-8.602565,72.21711,89.427376,-9.73905,0.43679476,-3.1033828,-59.86725,-4.575481,-22.419193,78.580986,-29.413986,-8.623401,-60.353973,-0.7729253,4.903888,79.08395,-30.420069,1.7652448
544,-1.652576208114624,18.180044174194336,88.78665924072266,-0.7648422338612832,8.505902345498919,-89.32498624015327,-1.0590174,-1.0444293,24.0,0.93999046,-24.999998,-109.14713,13.038443,-77.98785,86.607376,10.328256,4.988292,3.8371468,-113.892944,-8.719215,72.076485,89.47048,-10.1604185,0.38462996,-2.9034336,-58.340126,-4.119976,-22.066338,76.96881,-29.024921,-8.552341,-58.79505,-1.019777,4.6072083,77.52748,-30.047468,1.8221921
545,-1.6911702156066895,17.953889846801758,89.58320617675781,-0.7247766503483882,8.15528131184604,-89.31259639343041,-1.0033723,-1.0348289,24.0,0.7165586,-24.999998,-107.79649,13.204935,-77.13331,86.634346,10.732463,4.9527617,3.7429798,-112.727005,-8.841044,71.77362,89.522285,-10.511196,0.32710683,-2.8131878,-56.8056,-3.6567528,-21.719671,75.335075,-28.619282,-8.49313,-57.21714,-1.2456014,4.2842064,75.943405,-29.657707,1.8710455
546,-1.726405143737793,17.727678298950195,90.37223815917969,-0.692741305663493,7.802789437058971,-89.30339314765911,-0.9463215,-1.0166123,24.0,0.49120903,-24.999998,-106.395,13.370056,-76.186386,86.67392,11.135296,4.9179893,3.6907575,-111.51582,-8.967385,71.357956,89.56773,-10.855699,0.27236113,-2.7990875,-55.265484,-3.1957548,-21.369747,73.683784,-28.195982,-8.43776,-55.628902,-1.4574133,3.946178,74.33528,-29.246647,1.9187257
547,-1.758548378944397,17.485111236572266,91.1512451171875,-0.6634226965877372,7.447789915724661,-89.29102831390242,-0.89631695,-0.99653405,24.0,0.2698777,-24.999998,-104.94633,13.532976,-75.21006,86.71624,11.531588,4.897104,3.6547964,-110.26143,-9.096135,70.89144,89.60719,-11.156803,0.23067175,-2.8038802,-53.710037,-2.7421796,-21.010897,72.02205,-27.769398,-8.381722,-54.0243,-1.6663218,3.5938218,72.715004,-28.833267,1.9695486
548,-1.7943533658981323,17.248136520385742,91.91918182373047,-0.6312675042316116,7.090744019134326,-89.26911389795058,-0.8570644,-0.9843466,24.0,0.054649,-24.999998,-103.464195,13.686347,-74.27628,86.74603,11.912875,4.914668,3.6000931,-108.97931,-9.215779,70.43675,89.64182,-11.376495,0.22799984,-2.7591722,-52.149967,-2.304655,-20.647593,70.33944,-27.31814,-8.328369,-52.419952,-1.874137,3.2260191,71.0815,-28.401659,2.0163805
549,-1.8184314966201782,16.999652862548828,92.6786880493164,-0.5971495296155142,6.726916630364458,-89.2346491532149,-0.8599617,-0.9672197,24.0,-0.13673036,-24.999998,-101.91627,13.843705,-73.39921,86.82104,12.204965,4.944667,3.5496378,-107.62098,-9.346913,70.03019,89.687454,-11.421666,0.20891151,-2.6933196,-50.56788,-1.8885984,-20.270542,68.64162,-26.857681,-8.264644,-50.79677,-2.0944903,2.8445585,69.43245,-27.963299,2.0738041
550,-1.838611125946045,16.74598503112793,93.42559814453125,-0.5637993680876094,6.359836884782909,-89.19134929037313,-0.8668738,-0.94990635,24.0,-0.33395547,-24.999998,-100.30636,14.004335,-72.55956,86.8865,12.429622,5.0006666,3.5036519,-106.22017,-9.483939,69.637794,89.72943,-11.329318,0.21939893,-2.602143,-48.97619,-1.4880638,-19.88817,66.931725,-26.38491,-8.198711,-49.16529,-2.314502,2.4463627,67.772934,-27.515425,2.1331553
551,-1.8637958765029907,16.489561080932617,94.1608657836914,-0.5272303728967421,5.991555125576759,-89.14331310203848,-0.8834474,-0.94272643,24.0,-0.5155982,-24.999998,-98.669266,14.1629715,-71.73516,86.93217,12.713648,5.0763197,3.4440541,-104.78051,-9.619344,69.23391,89.75478,-11.265673,0.2518562,-2.488151,-47.375084,-1.098876,-19.49976,65.202324,-25.895618,-8.137031,-47.52807,-2.5286229,2.0335562,66.1005,-27.055935,2.189058
552,-1.8985251188278198,16.233169555664062,94.88148498535156,-0.48368159354098267,5.622591508344846,-89.09441449821054,-0.90280956,-0.9555005,24.0,-0.67249554,-24.999998,-97.022354,14.321547,-70.90207,86.94989,13.182927,5.141813,3.3682954,-103.302475,-9.752008,68.79227,89.77245,-11.396035,0.2825953,-2.3587782,-45.767624,-0.7208988,-19.103525,63.45563,-25.38968,-8.082878,-45.893677,-2.7339363,1.6121067,64.42392,-26.58698,2.2389507
553,-1.9254741668701172,15.968510627746582,95.58656311035156,-0.4287477231851087,5.252249245999522,-89.04204557461718,-0.92572546,-0.9979401,24.0,-0.8014341,-24.999998,-95.37354,14.4813595,-70.04291,86.92004,13.98821,5.202828,3.2253847,-101.786934,-9.878779,68.289185,89.78059,-11.8357935,0.31462982,-2.1862366,-44.146156,-0.36957985,-18.68922,61.69686,-24.87452,-8.0219345,-44.260674,-2.948116,1.1915026,62.747456,-26.114655,2.2986028
554,-1.9517799615859985,15.704000473022461,96.27515411376953,-0.3661048089847932,4.880723969386044,-88.98547506228483,-0.95720047,-1.0618867,24.0,-0.9059347,-24.999998,-93.70696,14.643334,-69.16664,86.852516,15.027901,5.2656455,3.0344553,-100.22838,-9.997885,67.73546,89.78023,-12.479114,0.34915176,-1.9809635,-42.51802,-0.03964313,-18.265877,59.923965,-24.343521,-7.9602923,-42.63093,-3.1629534,0.7644868,61.06805,-25.63308,2.3602207
555,-1.9790536165237427,15.44314956665039,96.9493179321289,-0.3021653402569981,4.510252551111315,-88.93157226848915,-0.9891806,-1.1336405,24.0,-0.99279237,-24.999998,-92.011536,14.809212,-68.29768,86.76489,16.046904,5.3157897,2.8907316,-98.62939,-10.109551,67.16628,89.7751,-13.155367,0.3787372,-1.7968154,-40.886906,0.28021586,-17.834734,58.132698,-23.793573,-7.9010906,-41.00342,-3.3655202,0.3300098,59.37663,-25.135479,2.4198136
556,-2.002981662750244,15.174184799194336,97.6054458618164,-0.24357811220422318,4.143160365259643,-88.88700785748598,-1.0135742,-1.1987182,24.0,-1.0689487,-24.999998,-90.276665,14.981732,-67.46271,86.67743,16.787853,5.3410077,2.8912003,-96.991905,-10.216028,66.61963,89.76966,-13.690339,0.397867,-1.688211,-39.25619,0.59767634,-17.393803,56.339493,-23.241213,-7.843011,-39.376324,-3.5479822,-0.10902967,57.68026,-24.632343,2.4797041
557,-2.0224661827087402,14.897860527038574,98.24286651611328,-0.187747527941192,3.8524485446436416,-88.85254719033924,-1.0374279,-1.2673668,23.711128,-1.1348073,-24.999998,-88.265495,15.157519,-66.67222,86.57681,17.119379,5.3449388,3.127294,-95.05871,-10.314321,66.08607,89.714966,-13.982903,0.42992562,-1.7089548,-37.7111,0.89498603,-16.95865,54.531597,-22.662184,-7.7850986,-37.83968,-3.6979973,-0.53117,55.969105,-24.101427,2.5366569
558,-2.053872585296631,14.638391494750977,98.8625259399414,-0.13205698730191112,3.630324677272275,-88.82481271439448,-1.0634768,-1.3453679,23.166946,-1.1873903,-24.999998,-86.0242,15.332389,-65.91943,86.46298,17.196188,5.334647,3.519811,-92.87015,-10.400686,65.55576,89.61776,-14.141776,0.47566783,-1.8127011,-36.254536,1.1777086,-16.538858,52.69786,-22.037573,-7.738673,-36.39859,-3.810902,-0.9401999,54.242413,-23.530647,2.577368
559,-2.0781197547912598,14.35387897491455,99.46334075927734,-0.08195974449472307,3.4210492161890356,-88.80470760144097,-1.0856515,-1.4191326,22.611475,-1.2267994,-24.999998,-83.76878,15.507199,-65.20131,86.349785,17.190405,5.323475,3.9268863,-90.659134,-10.476208,65.057625,89.51227,-14.299326,0.5192831,-1.929148,-34.800724,1.4565274,-16.110125,50.86832,-21.423727,-7.6900105,-34.960823,-3.9088368,-1.3487448,52.515636,-22.966705,2.6232507
560,-2.102339744567871,14.065925598144531,100.038818359375,-0.041334096625510824,3.237117850074574,-88.79348694768888,-1.1069543,-1.4839305,22.032549,-1.2512535,-24.999998,-81.51597,15.678623,-64.516754,86.22589,17.27348,5.346048,4.2150097,-88.44229,-10.538937,64.61959,89.382034,-14.580872,0.56769335,-2.004766,-33.387554,1.7330549,-15.686713,49.055176,-20.81032,-7.6460156,-33.56235,-3.9783962,-1.7511879,50.79961,-22.39798,2.6647472
561,-2.119921922683716,13.779086112976074,100.58979797363281,-0.01278800617423839,3.0810304163835256,-88.79034084811006,-1.128227,-1.5386823,21.426744,-1.2596819,-24.999998,-79.266075,15.842147,-63.89746,86.0933,17.468391,5.413978,4.3400555,-86.21482,-10.585352,64.29687,89.21428,-15.04235,0.6278366,-2.005694,-32.02253,2.0051923,-15.270161,47.26126,-20.195105,-7.602912,-32.207027,-4.020903,-2.1455822,49.08986,-21.818708,2.705804
562,-2.129936456680298,13.4821195602417,101.11756134033203,0.006079402761722038,2.946333861984985,-88.79483992837633,-1.1474186,-1.5843273,20.801277,-1.2537997,-24.999998,-77.01317,15.997386,-63.33374,85.967606,17.688496,5.5041666,4.3787646,-83.9754,-10.61542,64.07346,89.03483,-15.600981,0.69052476,-1.9671217,-30.68758,2.2732759,-14.854509,45.484158,-19.585966,-7.55916,-30.879158,-4.0425367,-2.5330396,47.38543,-21.237494,2.7490623
563,-2.1447951793670654,13.1805419921875,101.62423706054688,0.02009039919700788,2.832202976042775,-88.80888890844369,-1.1636955,-1.6190314,20.163246,-1.2357146,-24.999998,-74.763885,16.147076,-62.75441,85.84902,17.946802,5.6030493,4.3770494,-81.74268,-10.633015,63.851673,88.87448,-16.182896,0.7420346,-1.9393339,-29.378534,2.541459,-14.437628,43.711224,-18.97452,-7.521569,-29.58194,-4.0402627,-2.910859,45.68662,-20.652477,2.7861006
564,-2.1642274856567383,12.880706787109375,102.10614013671875,0.033367743673215614,2.737529569925395,-88.8345852024587,-1.1751301,-1.6428627,19.519024,-1.2082906,-24.999998,-72.52308,16.295755,-62.082535,85.72807,18.264,5.700285,4.377535,-79.53381,-10.643984,63.52436,88.75214,-16.724306,0.7727107,-1.9704751,-28.10173,2.803708,-14.017659,41.952305,-18.362015,-7.488882,-28.327467,-4.019057,-3.2698607,44.007538,-20.066452,2.8167446
565,-2.175312042236328,12.578498840332031,102.56697845458984,0.048196870231243014,2.6688084996017007,-88.87738520494844,-1.1758001,-1.657983,18.86204,-1.1710551,-24.941648,-70.28521,16.446486,-61.26584,85.5881,18.714159,5.800382,4.370561,-77.34268,-10.652757,63.025757,88.65319,-17.25565,0.7693979,-2.0781348,-26.856121,3.0516315,-13.584642,40.201244,-17.747326,-7.451591,-27.119162,-3.9879243,-3.59949,42.339935,-19.474411,2.850177
566,-2.1881744861602783,12.274444580078125,103.005126953125,0.06213688234604556,2.6243119271415623,-88.93441157349154,-1.1669335,-1.6675406,18.166399,-1.1491007,-24.349318,-68.021866,16.597818,-60.345577,85.41764,19.277401,5.914813,4.331159,-75.131195,-10.65926,62.405025,88.54592,-17.812586,0.7505232,-2.22984,-25.642414,3.292992,-13.145868,38.45901,-17.131065,-7.417401,-25.95542,-3.9406104,-3.9061205,40.688297,-18.880737,2.8790345
567,-2.1922967433929443,11.966751098632812,103.41926574707031,0.07164914224238421,2.5907238924331746,-88.99560569655408,-1.1572192,-1.6681215,17.474552,-1.1238441,-23.772017,-65.76162,16.749521,-59.38843,85.2223,19.822336,6.0377235,4.2893224,-72.93433,-10.663359,61.73633,88.43659,-18.328575,0.74668723,-2.4036236,-24.451834,3.5225854,-12.706315,36.740707,-16.523317,-7.379877,-24.817768,-3.8868892,-4.2010646,39.05544,-18.291874,2.912192
568,-2.1929452419281006,11.662890434265137,103.81233978271484,0.07362536682116747,2.5551112418304984,-89.05052000549261,-1.1560644,-1.6569544,16.798973,-1.1032356,-23.211973,-63.50796,16.901178,-58.466927,85.01011,20.214743,6.1653266,4.2737117,-70.75634,-10.664268,61.09446,88.33129,-18.732622,0.7890888,-2.57756,-23.273842,3.745588,-12.275277,35.041954,-15.918891,-7.3431516,-23.68828,-3.8248994,-4.5001965,37.43544,-17.70594,2.9460812
569,-2.192427396774292,11.366992950439453,104.18168640136719,0.07105615841899318,2.5144391072171897,-89.09652370711626,-1.1638921,-1.6370566,16.140982,-1.0890764,-22.66731,-61.255764,17.05234,-57.61121,84.79327,20.343672,6.303121,4.3234816,-68.59435,-10.660939,60.514652,88.23967,-18.943638,0.89614457,-2.7658236,-22.110401,3.9591718,-11.8551235,33.368076,-15.318115,-7.3075514,-22.570915,-3.7579017,-4.803106,35.83798,-17.126492,2.980026
570,-2.193793296813965,11.060454368591309,104.53002166748047,0.06452423351746646,2.4756089326740587,-89.13901471539458,-1.1769044,-1.6084993,15.495595,-1.0757833,-22.138258,-59.00517,17.202263,-56.789364,84.56803,20.294504,6.4502535,4.4166546,-66.44901,-10.6530075,59.964073,88.15921,-19.007792,1.0449743,-2.9739776,-20.952744,4.1686444,-11.438051,31.710903,-14.7284975,-7.274508,-21.460558,-3.6827252,-5.107114,34.25904,-16.561375,3.0135152
571,-2.194110631942749,10.75840950012207,104.85676574707031,0.047019988048767905,2.4398435789515505,-89.17996398658724,-1.1985229,-1.5652066,14.865394,-1.0593027,-21.630037,-56.76686,17.349516,-55.976105,84.32128,20.231916,6.595006,4.4930205,-64.33208,-10.641241,59.411236,88.080826,-19.051657,1.2040783,-3.1670969,-19.818502,4.379002,-11.030865,30.082058,-14.146966,-7.2454567,-20.36497,-3.5907989,-5.4110937,32.692287,-15.997728,3.043746
572,-2.186678647994995,10.467292785644531,105.16316986083984,0.01170594327286925,2.4085566777889684,-89.22126935957097,-1.2196667,-1.4974978,14.248188,-1.0491986,-21.138424,-54.573727,17.500343,-55.156475,84.0515,20.323708,6.7020135,4.466464,-62.25133,-10.629631,58.821278,88.00704,-19.20203,1.3393697,-3.3120737,-18.718967,4.593896,-10.637231,28.492176,-13.575171,-7.21908,-19.285303,-3.4764555,-5.714628,31.128798,-15.426366,3.0715709
573,-2.1810920238494873,10.174654960632324,105.44783020019531,-0.047218121423999476,2.385275826570054,-89.26198883074555,-1.2559555,-1.4039015,13.649177,-1.0390735,-20.681986,-52.4035,17.648335,-54.34265,83.72378,20.674074,6.8056345,4.3121433,-60.211357,-10.617115,58.205086,87.902725,-19.529247,1.4625434,-3.3641777,-17.658024,4.826791,-10.261963,26.952486,-13.026408,-7.2038426,-18.214499,-3.3268988,-6.0243554,29.565405,-14.855041,3.090662
574,-2.172559976577759,9.893263816833496,105.71322631835938,-0.12436679892250432,2.368007348282989,-89.3016014248191,-1.2920475,-1.2857378,13.063593,-1.0405246,-20.250929,-50.274677,17.797407,-53.54731,83.369576,21.179295,6.8824124,4.0503283,-58.201553,-10.605351,57.567036,87.79015,-19.95551,1.5810426,-3.3556268,-16.634153,5.0690155,-9.901725,25.451817,-12.487442,-7.19465,-17.156918,-3.1509237,-6.335185,27.996197,-14.272435,3.1046464
575,-2.1476950645446777,9.598812103271484,105.96029663085938,-0.20936344356633885,2.3501797879909225,-89.34237418991783,-1.3279222,-1.1592584,12.497704,-1.028442,-19.827827,-48.16887,17.94759,-52.716053,82.99138,21.68042,6.9374056,3.7672555,-56.218025,-10.597646,56.87426,87.67117,-20.393066,1.6818211,-3.3503802,-15.623128,5.302348,-9.541523,23.995975,-11.976937,-7.177569,-16.095581,-2.9713514,-6.641323,26.430443,-13.696716,3.1280947
576,-2.120968818664551,9.3058500289917,106.18512725830078,-0.29244270297505726,2.3253574543038225,-89.38658065733148,-1.3589531,-1.0368857,11.954347,-0.9846451,-19.388222,-46.078293,18.102125,-51.78819,82.59876,22.028831,6.9607387,3.5352464,-54.25457,-10.600715,56.087097,87.55188,-20.757195,1.7470546,-3.410975,-14.628977,5.5234585,-9.181102,22.591915,-11.4915495,-7.15836,-15.052744,-2.7927456,-6.931456,24.905798,-13.139121,3.1525676
577,-2.1016883850097656,9.031197547912598,106.39370727539062,-0.3752981815688503,2.291794252525347,-89.43558276861025,-1.3287486,-0.90582794,11.455133,-0.94994706,-18.953438,-44.02124,18.256313,-50.749516,82.13009,22.21863,6.9499907,3.334566,-52.207684,-10.5795765,55.110638,87.358284,-21.016525,1.8733406,-3.6657987,-13.644301,5.7419214,-8.819281,21.208818,-11.006869,-7.1434374,-14.0214,-2.6048143,-7.2077866,23.394144,-12.577043,3.1691015
578,-2.0806896686553955,8.748088836669922,106.58149719238281,-0.46095032604935987,2.253672788538997,-89.48793964276481,-1.416231,-0.7964342,10.933204,-0.76256174,-18.471786,-41.919365,18.436178,-49.53201,81.7372,22.304733,6.863449,3.1918755,-50.37753,-10.633744,54.08255,87.32026,-21.254612,1.7010401,-3.7758176,-12.67677,5.954199,-8.458935,19.883232,-10.556138,-7.127873,-12.998638,-2.4124181,-7.4726434,21.913296,-12.034373,3.1862204
579,-2.0573551654815674,8.474802017211914,106.75303649902344,-0.5419454485467804,2.2111852508477203,-89.54173224222494,-1.4309934,-0.68238163,10.463309,-0.63392305,-18.005123,-39.842102,18.625816,-48.288692,81.20884,22.314627,6.8031216,3.047604,-48.4337,-10.702163,52.992847,87.09013,-21.457178,1.690708,-3.9939349,-11.726469,6.1509795,-8.099341,18.592941,-10.117041,-7.1099486,-11.993277,-2.225108,-7.724894,20.45667,-11.496979,3.2052846
580,-2.025160789489746,8.197547912597656,106.90756225585938,-0.6106937511065167,2.1653848870713026,-89.59516183892862,-1.4341742,-0.587174,10.018212,-0.5273036,-17.519835,-37.7773,18.819016,-47.07076,80.641304,22.206179,6.7760324,2.9445114,-46.510574,-10.785075,51.975376,86.8125,-21.666353,1.7326813,-4.179979,-10.788893,6.3188953,-7.7377005,17.344313,-9.700506,-7.083372,-11.009931,-2.0596082,-7.963887,19.047417,-10.98414,3.2353086
581,-1.9961655139923096,7.931793689727783,107.04464721679688,-0.6650556386673878,2.119699227806314,-89.64631892171187,-1.4253398,-0.5117302,9.590749,-0.45170274,-16.998001,-35.728004,19.012154,-45.8953,80.05207,21.897131,6.7709455,2.8989701,-44.612827,-10.880303,51.069736,86.50783,-21.837168,1.8445499,-4.3284273,-9.876411,6.462227,-7.381841,16.13108,-9.293742,-7.0558324,-10.067964,-1.9118893,-8.187946,17.698427,-10.494284,3.2675796
582,-1.9733598232269287,7.6671319007873535,107.16567993164062,-0.7090053547403267,2.0726160593049268,-89.69675202575631,-1.406123,-0.4503938,9.182902,-0.39339045,-16.451365,-33.692146,19.202545,-44.732708,79.441154,21.415823,6.7717657,2.901496,-42.735813,-10.985611,50.231407,86.17861,-21.95996,1.999866,-4.4618087,-8.979332,6.5889416,-7.028944,14.951055,-8.902862,-7.0297956,-9.159391,-1.7754855,-8.398948,16.409822,-10.033357,3.2996106
583,-1.9477952718734741,7.41822624206543,107.27107238769531,-0.7433327500554331,2.0184134011523813,-89.74986461818042,-1.3769984,-0.40210837,8.806471,-0.3455881,-15.906803,-31.67396,19.384068,-43.575626,78.80403,20.917326,6.8007646,2.9293966,-40.883934,-11.097489,49.45022,85.8127,-22.10394,2.1762843,-4.5817857,-8.107574,6.6938086,-6.6794677,13.819896,-8.527855,-7.0003724,-8.286986,-1.6554829,-8.593188,15.183814,-9.594667,3.335458
584,-1.9253721237182617,7.180294513702393,107.36190032958984,-0.7693755869178185,1.9511268547903222,-89.80916323053498,-1.338035,-0.36522326,8.47244,-0.30140442,-15.394142,-29.679628,19.547388,-42.41922,78.14206,20.554178,6.8805194,2.9611795,-39.06239,-11.211216,48.720272,85.40184,-22.334461,2.3516228,-4.690706,-7.2486606,6.783507,-6.3265023,12.735665,-8.172944,-6.9714804,-7.443937,-1.5475792,-8.770412,14.027753,-9.186792,3.3714914
585,-1.8972028493881226,6.947089195251465,107.44183349609375,-0.7856414988095316,1.8660446306408829,-89.8729540684697,-1.2866764,-0.34224993,8.182213,-0.26266152,-14.906397,-27.722225,19.683357,-41.26581,77.473015,20.372543,7.0313635,2.9871342,-37.275444,-11.323035,48.05346,84.951744,-22.723467,2.5317757,-4.782515,-6.38633,6.851256,-5.9666014,11.686069,-7.8359494,-6.935707,-6.615387,-1.4593912,-8.935201,12.929921,-8.806995,3.4146738
586,-1.871074914932251,6.718943119049072,107.50611114501953,-0.7915969812576334,1.7678225010966881,-89.9405161753302,-1.2220151,-0.3327782,7.926649,-0.23394768,-14.428571,-25.805126,19.786976,-40.12021,76.816086,20.289917,7.22974,3.0225143,-35.524464,-11.431131,47.44889,84.48462,-23.21735,2.721274,-4.860278,-5.5479198,6.8991795,-5.6111655,10.70935,-7.535189,-6.8982015,-5.8350925,-1.3916427,-9.080102,11.947988,-8.484953,3.4603996
587,-1.8430653810501099,6.496678829193115,107.56172180175781,-0.7931861340128539,1.664597417346528,-90.01634856420706,-1.1470994,-0.32852504,7.6993065,-0.21135496,-13.980709,-23.92241,19.856182,-38.98373,76.176605,20.26479,7.4334173,3.0819654,-33.812733,-11.535408,46.882248,84.02213,-23.695566,2.8929176,-4.9400635,-4.7197337,6.93472,-5.2493024,9.761017,-7.2469535,-6.8598905,-5.08048,-1.3336387,-9.210149,11.016063,-8.183583,3.5077372
588,-1.8140194416046143,6.291858196258545,107.60514831542969,-0.7971042686174099,1.5644542712773668,-90.10481695161963,-1.0633421,-0.3203525,7.495352,-0.1928463,-13.580671,-22.0682,19.891386,-37.858505,75.55568,20.256721,7.600984,3.1793768,-32.13752,-11.63668,46.322704,83.5759,-24.040154,3.0213048,-5.039213,-3.9563198,6.964023,-4.895761,8.910029,-6.9975367,-6.8254924,-4.3928537,-1.2798556,-9.3125515,10.178767,-7.9149294,3.5518553
589,-1.7841650247573853,6.090738296508789,107.64119720458984,-0.8070976322350463,1.4694799404156311,-90.20965405589752,-0.96642303,-0.30388305,7.3087416,-0.18086292,-13.224526,-20.241314,19.893894,-36.74146,74.962074,20.270493,7.7194085,3.3320909,-30.49737,-11.739746,45.770294,83.15726,-24.203112,3.0774715,-5.170363,-3.2322416,6.9942975,-4.5366945,8.122921,-6.779069,-6.7961817,-3.7397017,-1.2214403,-9.394604,9.383059,-7.6594453,3.5917811
590,-1.7534594535827637,5.899697303771973,107.66841125488281,-0.8200096321998118,1.3754132010707185,-90.3275848161863,-0.8541016,-0.28305227,7.141855,-0.17862539,-12.905657,-18.450493,19.863794,-35.637665,74.39879,20.322962,7.810717,3.5268798,-28.88926,-11.846913,45.232613,82.75369,-24.255032,3.082395,-5.3225703,-2.566406,7.020232,-4.1834564,7.4354544,-6.605716,-6.7700825,-3.1373549,-1.1664389,-9.45327,8.666532,-7.4348373,3.6289923
591,-1.7300304174423218,5.7080769538879395,107.69003295898438,-0.8335313036768848,1.2803759709993157,-90.45219674063297,-0.732384,-0.2613235,7.000476,-0.18444048,-12.628853,-16.704447,19.80051,-34.563843,73.8605,20.388906,7.8860803,3.733672,-27.31324,-11.954524,44.69156,82.35277,-24.258575,3.0808887,-5.478168,-1.9142562,7.046636,-3.826802,6.7788496,-6.4490433,-6.7501516,-2.5570002,-1.1100222,-9.500209,7.9934406,-7.232022,3.6615698
592,-1.701413869857788,5.523736476898193,107.7061996459961,-0.8465822348596007,1.1822951787236562,-90.57683957753872,-0.6062022,-0.2411465,6.8893423,-0.19781369,-12.40202,-15.015774,19.703213,-33.541866,73.34824,20.440662,7.9551644,3.923376,-25.770004,-12.054853,44.124363,81.94824,-24.279728,3.116233,-5.620807,-1.3001816,7.0628624,-3.4833958,6.1906867,-6.321957,-6.7274165,-2.0058792,-1.0625707,-9.537167,7.3730984,-7.049801,3.6983006
593,-1.6734713315963745,5.349961757659912,107.71704864501953,-0.8590630769062457,1.0862875000050234,-90.70394729489313,-0.4736338,-0.22108796,6.8002667,-0.2246567,-12.227759,-13.390255,19.57358,-32.59,72.8747,20.46436,8.020589,4.091287,-24.261816,-12.141825,43.51911,81.55909,-24.313463,3.188094,-5.756972,-0.8193001,7.068384,-3.1849418,5.832531,-6.3030586,-6.7057014,-1.4998298,-1.0215672,-9.556694,6.8200603,-6.89315,3.7358286
594,-1.6394319534301758,5.183012962341309,107.7249755859375,-0.8730908389103494,0.9907448251913294,-90.83517074522476,-0.3312128,-0.19834022,6.7296724,-0.26620698,-12.096899,-11.829291,19.413754,-31.703857,72.451775,20.470747,8.074714,4.2545867,-22.789455,-12.21433,42.883682,81.19941,-24.336136,3.2720778,-5.894715,-0.5170585,7.060985,-2.947113,5.7966075,-6.440596,-6.681204,-1.0146674,-0.9852639,-9.565242,6.292352,-6.7413454,3.7770712
595,-1.6155732870101929,5.034315586090088,107.72864532470703,-0.887609637129204,0.884337761404443,-90.96372016537991,-0.18239522,-0.17526889,6.6893086,-0.31333655,-11.998882,-10.337994,19.223196,-30.867197,72.07761,20.472357,8.1118145,4.4164596,-21.351591,-12.271179,42.22838,80.85384,-24.384022,3.3769145,-6.018843,-0.21496923,7.0599246,-2.7135515,5.763054,-6.5700965,-6.6638036,-0.5670657,-0.94866276,-9.565858,5.8397117,-6.6182632,3.8100612
596,-1.5871280431747437,4.888392448425293,107.732177734375,-0.8997302113577715,0.7569415397961653,-91.08373819594344,-0.030849468,-0.15611552,6.689696,-0.35613465,-11.922222,-8.920108,18.999712,-30.06028,71.75155,20.483438,8.125235,4.580465,-19.949812,-12.311593,41.565212,80.51103,-24.492956,3.5106728,-6.1140113,0.10863037,7.0515757,-2.4857302,5.7309976,-6.7003517,-6.641369,-0.25708312,-0.9466254,-9.537955,5.708583,-6.6602,3.8474329
597,-1.5589326620101929,4.750115871429443,107.7342758178711,-0.9124068651633122,0.6021020171805722,-91.1941331274454,0.12221597,-0.13615294,6.742105,-0.38863558,-11.872093,-7.5783744,18.742893,-29.273678,71.47461,20.516232,8.104954,4.751655,-18.589851,-12.33506,40.90182,80.169525,-24.696983,3.691214,-6.175479,0.45887768,7.04279,-2.263962,5.700679,-6.83005,-6.6177855,0.028095955,-0.95300245,-9.514478,5.6832457,-6.755937,3.8826742
598,-1.526521921157837,4.615725040435791,107.7327880859375,-0.9247261251176374,0.42619587659130587,-91.29850790543982,0.27567095,-0.113300495,6.8364453,-0.41406927,-11.850207,-6.307793,18.455608,-28.510166,71.25025,20.564976,8.056589,4.928263,-17.273611,-12.340619,40.236305,79.84213,-24.965664,3.908669,-6.2110243,0.82994413,7.029723,-2.044769,5.6736984,-6.9614887,-6.590673,0.33921513,-0.96236444,-9.505118,5.657129,-6.854243,3.9196694
599,-1.4872748851776123,4.49316930770874,107.7301025390625,-0.9363456323930135,0.2344896864166633,-91.39517217853039,0.42343223,-0.08887909,6.9548864,-0.4362103,-11.838009,-5.099943,18.14028,-27.769604,71.07869,20.616047,7.998106,5.1034093,-15.998344,-12.327535,39.56756,79.54083,-25.239626,4.128355,-6.224843,1.2113011,7.0105176,-1.8332082,5.6455274,-7.0861597,-6.5589123,0.66369975,-0.97675294,-9.506315,5.6317453,-6.949343,3.9602318
600,-1.4591140747070312,4.380459785461426,107.7264404296875,-0.9472320117296067,0.03171753730581544,-91.48195770196634,0.5587367,-0.06391176,7.080392,-0.45843256,-11.8190975,-3.9459584,17.798838,-27.050747,70.95925,20.656105,7.947455,5.2703805,-14.760989,-12.295246,38.894558,79.277,-25.459135,4.3157525,-6.221908,1.5983516,6.9965615,-1.6323929,5.616844,-7.2061777,-6.534038,0.9969322,-0.9840713,-9.516847,5.605234,-7.041318,3.9938364
601,-1.419068455696106,4.270297050476074,107.71810913085938,-0.9507629950827606,-0.18166198219845658,-91.5591798969119,0.6790503,-0.045637853,7.213762,-0.48033696,-11.80115,-2.8411508,17.433928,-26.359594,70.89196,20.664215,7.902273,5.4436483,-13.56824,-12.24233,38.23261,79.06062,-25.613352,4.4560685,-6.1985474,1.9954151,6.9649553,-1.441865,5.584608,-7.3228164,-6.4992876,1.3625054,-1.0065678,-9.543388,5.562109,-7.1351304,4.0403423
602,-1.3910683393478394,4.165995121002197,107.71035766601562,-0.9572027441551256,-0.4146208420257315,-91.62380915969021,0.7814129,-0.022974987,7.3683224,-0.49762243,-11.788677,-1.786228,17.048183,-25.690596,70.87264,20.651978,7.8570147,5.6223364,-12.4232855,-12.168399,37.581245,78.88929,-25.730427,4.568659,-6.1558995,2.4107323,6.9436703,-1.2616119,5.5519633,-7.4384284,-6.47256,1.7384948,-1.0174603,-9.582654,5.529916,-7.231337,4.077991
603,-1.3624746799468994,4.067328453063965,107.69965362548828,-0.9643796274360151,-0.6549037622909658,-91.68365073149349,0.87424445,0.0022397428,7.524121,-0.509221,-11.758783,-0.7813366,16.643213,-25.024212,70.89373,20.656818,7.8247933,5.773928,-11.315612,-12.075944,36.911243,78.750435,-25.812334,4.6706934,-6.1037927,2.8295414,6.9220986,-1.0861096,5.521268,-7.55232,-6.4464192,2.1249068,-1.0269357,-9.62749,5.4945884,-7.326467,4.1162386
604,-1.328721284866333,3.969360113143921,107.69178771972656,-0.9778184247832431,-0.9007926383648014,-91.73776311823167,0.9604467,0.037229456,7.673096,-0.5171788,-11.689488,0.17091681,16.219229,-24.34198,70.947495,20.717896,7.8188972,5.8656797,-10.227317,-11.968932,36.185112,78.61911,-25.864456,4.7819643,-6.0507655,3.2480292,6.904129,-0.9151741,5.4998817,-7.669521,-6.4197164,2.4707386,-1.0353156,-9.6635685,5.5012374,-7.4176617,4.1526623
605,-1.2946377992630005,3.8675405979156494,107.6807632446289,-0.9851747268579851,-1.1414135211243885,-91.7993093294987,1.0507994,0.07070846,7.8051314,-0.5193974,-11.575517,1.0687271,15.775258,-23.64555,71.03561,20.835495,7.848831,5.879054,-9.15179,-11.850329,35.377323,78.47983,-25.87692,4.910582,-5.993783,3.6576934,6.877325,-0.7380282,5.489312,-7.792839,-6.3925214,2.8433683,-1.049015,-9.698807,5.4847007,-7.5153584,4.19407
606,-1.259994387626648,3.7744455337524414,107.66537475585938,-0.9894153963888386,-1.3846929026810293,-91.86034802322493,1.1413671,0.10676514,7.931981,-0.5207154,-11.427894,1.9102868,15.311751,-22.944181,71.16043,20.993324,7.906307,5.8346577,-8.089173,-11.721986,34.49829,78.33282,-25.857609,5.048108,-5.9280834,4.057956,6.8460646,-0.564578,5.491804,-7.917381,-6.36542,3.2093058,-1.0671946,-9.730994,5.4771943,-7.6119986,4.236332
607,-1.2179726362228394,3.686643123626709,107.64751434326172,-0.9977844336056608,-1.6201201327717512,-91.91616705780636,1.2382463,0.14871468,8.041837,-0.53127664,-11.256975,2.6928976,14.832679,-22.227545,71.3153,21.206871,7.977556,5.756267,-7.0348516,-11.585602,33.570152,78.176704,-25.835598,5.190112,-5.857754,4.4406176,6.8150373,-0.4012971,5.497435,-8.03702,-6.3355455,3.5628176,-1.0846249,-9.763066,5.470441,-7.704223,4.2812686
608,-1.1841477155685425,3.602813482284546,107.63201904296875,-1.0089236763914824,-1.8376521942681305,-91.96214377567162,1.3435496,0.19838694,8.123997,-0.55719715,-11.072963,3.4207876,14.344508,-21.477524,71.48515,21.494352,8.050073,5.666785,-5.9875064,-11.442608,32.62068,78.012535,-25.837988,5.331885,-5.7865114,4.7961717,6.7929564,-0.2550936,5.5029273,-8.150945,-6.311628,3.8905008,-1.0927725,-9.795663,5.4718485,-7.79859,4.318471
609,-1.147940993309021,3.504485607147217,107.61564636230469,-1.0292853716650054,-2.0334330399525764,-91.99634871395342,1.4486765,0.2595867,8.172778,-0.58663523,-10.872579,4.1045475,13.848821,-20.675684,71.65025,21.93722,8.146226,5.5447454,-4.9448504,-11.2952385,31.630007,77.84133,-25.870646,5.47389,-5.7226634,5.1286154,6.7811584,-0.12517817,5.5099087,-8.268572,-6.288246,4.1881986,-1.095006,-9.829092,5.4670634,-7.8788753,4.3564167
610,-1.0992494821548462,3.4152839183807373,107.59423065185547,-1.0553988508386118,-2.2113162681104193,-92.02222505699878,1.5534942,0.32884488,8.195229,-0.6177864,-10.65216,4.746043,13.346215,-19.825817,71.81207,22.504538,8.264963,5.385015,-3.9074388,-11.143291,30.5938,77.654106,-25.918867,5.6199746,-5.659621,5.4275475,6.769771,-0.012836728,5.5220623,-8.379429,-6.2592735,4.508689,-1.0859373,-9.875039,5.4567056,-7.9934607,4.3947473
611,-1.0553730726242065,3.3303334712982178,107.57418823242188,-1.0791108355446166,-2.375143321756016,-92.04142978038782,1.6659693,0.3977726,8.200194,-0.6656354,-10.429957,5.343879,12.8449135,-18.939112,71.981995,23.042559,8.361299,5.235867,-2.8899145,-10.98548,29.576965,77.45868,-25.97422,5.7656007,-5.582031,5.7033577,6.7590184,0.08576757,5.5341105,-8.483583,-6.2330985,4.7663393,-1.088233,-9.90907,5.4580393,-8.0724535,4.434694
612,-1.0203344821929932,3.251425266265869,107.56045532226562,-1.0932578462078055,-2.5301613817617326,-92.05415670746116,1.7861534,0.45711818,8.198769,-0.738786,-10.222148,5.907276,12.357038,-18.020521,72.15802,23.395226,8.39402,5.144896,-1.9154993,-10.818463,28.661734,77.270874,-26.018055,5.9053884,-5.4760985,5.96127,6.741985,0.17070831,5.5460052,-8.580379,-6.2101297,4.9836297,-1.0968561,-9.93744,5.4869165,-8.150112,4.4687276
613,-0.9882867336273193,3.169884443283081,107.54534149169922,-1.0909730647474878,-2.670977327382007,-92.06458773326807,1.9167033,0.49203926,8.185242,-0.8406022,-10.028753,6.445199,11.892177,-17.030329,72.33343,23.518877,8.348704,5.1086783,-0.9947626,-10.639763,27.887653,77.101654,-26.022808,6.0436077,-5.332961,6.2007914,6.7063847,0.24539521,5.556314,-8.673024,-6.1852612,5.2079043,-1.1216931,-9.971196,5.498677,-8.231635,4.5095305
614,-0.9578875303268433,3.1007726192474365,107.52843475341797,-1.0787893668195843,-2.797545513941128,-92.07049269062676,2.0417826,0.5061487,8.158588,-0.9511288,-9.847942,6.97559,11.450609,-15.957705,72.48036,23.500072,8.253804,5.101952,-0.13271506,-10.44898,27.234867,76.960396,-25.991365,6.1781793,-5.165015,6.4118447,6.660503,0.30487728,5.5664897,-8.75393,-6.159905,5.415804,-1.157129,-10.0051565,5.50564,-8.306845,4.552915
615,-0.9312483668327332,3.033691883087158,107.50984191894531,-1.0587362192681136,-2.909696920518239,-92.0746949688814,2.151023,0.5086896,8.122372,-1.0505095,-9.675785,7.511361,11.02956,-14.864465,72.57868,23.372858,8.130754,5.142155,0.65977,-10.246429,26.685877,76.85875,-25.954819,6.294438,-4.9913125,6.60201,6.6081667,0.35484913,5.5762525,-8.829863,-6.135206,5.617008,-1.1987841,-10.039761,5.5012097,-8.378713,4.596339
616,-0.9059432148933411,2.958906412124634,107.49671173095703,-1.043773592117231,-3.011336335938487,-92.07631085897717,2.2379074,0.5153333,8.082522,-1.1261883,-9.513108,8.0541115,10.625815,-13.830603,72.62302,23.160809,7.9998064,5.250763,1.3783294,-10.034532,26.21421,76.80622,-25.945572,6.3775983,-4.832043,6.781705,6.562798,0.39898625,5.5872483,-8.9080925,-6.1118355,5.7835894,-1.2358558,-10.066641,5.519732,-8.45118,4.6342406
617,-0.878730058670044,2.895893096923828,107.48369598388672,-1.0310042164503908,-3.0974640581788164,-92.07787790305265,2.3165097,0.5284744,8.033699,-1.1914918,-9.361006,8.60188,10.241153,-12.89017,72.608215,22.823238,7.8599944,5.460002,2.031002,-9.816231,25.807196,76.80109,-26.004158,6.426274,-4.6848855,6.934704,6.520189,0.43329504,5.595483,-8.974385,-6.0882764,5.934264,-1.2699447,-10.089282,5.5274386,-8.5134325,4.6683636
618,-0.8544027805328369,2.8460588455200195,107.46953582763672,-1.0176321472656173,-3.1690363396718397,-92.07794155526155,2.3963997,0.5437256,7.9759326,-1.260238,-9.219201,9.141408,9.877886,-12.0212965,72.55319,22.350584,7.6997323,5.751547,2.630321,-9.594297,25.459707,76.82874,-26.10883,6.4488254,-4.5430083,7.0600266,6.480151,0.45605865,5.6027455,-9.0287695,-6.0670905,6.0607386,-1.3027345,-10.106618,5.533174,-8.565713,4.6973996
619,-0.8373861312866211,2.7915682792663574,107.46076965332031,-1.00652619018297,-3.230662015857202,-92.07698783280465,2.4709306,0.5580701,7.9145045,-1.3196723,-9.0859785,9.654347,9.534028,-11.217453,72.49412,21.816587,7.5231037,6.0734873,3.1783783,-9.373365,25.156776,76.87937,-26.199911,6.446099,-4.4199657,7.1754327,6.4472857,0.4756824,5.60922,-9.083113,-6.050329,6.171581,-1.3285793,-10.120544,5.543402,-8.6183605,4.720291
620,-0.8120023012161255,2.728773355484009,107.44929504394531,-0.9941263911211995,-3.2843124801626167,-92.07728446873767,2.5375254,0.5691085,7.852464,-1.3599356,-8.957426,10.117254,9.20474,-10.477072,72.471596,21.292795,7.335073,6.3750377,3.6815069,-9.157692,24.879444,76.93694,-26.218857,6.4202085,-4.3281603,7.2854824,6.4076023,0.49661416,5.615528,-9.140334,-6.027149,6.284025,-1.361162,-10.135251,5.5478683,-8.673316,4.7511234
621,-0.7843603491783142,2.675907611846924,107.44062805175781,-0.9840014503021137,-3.3291904810215303,-92.0781439223533,2.6006722,0.5794522,7.7893043,-1.3776679,-8.831463,10.522466,8.888458,-9.78659,72.50141,20.754295,7.1189938,6.6584253,4.146641,-8.952331,24.620697,76.99129,-26.135942,6.362399,-4.2736945,7.3776326,6.3697248,0.51477164,5.6216106,-9.189397,-6.0027127,6.3709097,-1.3934313,-10.142585,5.5582943,-8.717809,4.7826114
622,-0.7585523128509521,2.636700391769409,107.43253326416016,-0.9737492842614186,-3.3633204315501577,-92.07974377997171,2.661892,0.589878,7.724403,-1.379129,-8.71285,10.881359,8.586117,-9.148421,72.56188,20.180923,6.8773108,6.946303,4.5741487,-8.759482,24.386787,77.04243,-25.988943,6.276982,-4.246869,7.4481835,6.333739,0.5281958,5.62525,-9.226674,-5.9794493,6.4404583,-1.4244503,-10.144899,5.562433,-8.750109,4.8124447
623,-0.7340024709701538,2.595010757446289,107.42720031738281,-0.9658454949520852,-3.3929816563922763,-92.08154319164956,2.7115526,0.6010042,7.665094,-1.3705531,-8.606858,11.195288,8.296869,-8.589902,72.64267,19.647802,6.645665,7.22213,4.959477,-8.5784235,24.17665,77.09473,-25.821302,6.1841393,-4.2387342,7.514877,6.3011527,0.5418846,5.628262,-9.264044,-5.956938,6.506287,-1.4519103,-10.147181,5.5660863,-8.783235,4.840659
624,-0.7078953385353088,2.564836025238037,107.42115783691406,-0.9563966589502921,-3.4237925238809908,-92.0835045060615,2.7428918,0.61397517,7.617795,-1.3610898,-8.515781,11.461463,8.0199,-8.143791,72.738846,19.226414,6.4603114,7.4716434,5.2988887,-8.40652,23.984936,77.153854,-25.678429,6.1040277,-4.241476,7.5750175,6.2666955,0.553333,5.6311374,-9.29391,-5.9334064,6.5695996,-1.4814979,-10.150964,5.5663447,-8.809872,4.8676186
625,-0.6794372797012329,2.5347466468811035,107.41515350341797,-0.9489693745302485,-3.4582624619991407,-92.08703511847413,2.757805,0.63074017,7.5856247,-1.3633101,-8.446362,11.676416,7.7555733,-7.8303537,72.850876,18.936224,6.330983,7.701124,5.591262,-8.241984,23.811144,77.21864,-25.582127,6.0423365,-4.261014,7.6395645,6.232984,0.56727916,5.634209,-9.3241415,-5.9083395,6.6317315,-1.5105753,-10.154248,5.5700917,-8.8362255,4.892613
626,-0.6566109657287598,2.5078561305999756,107.41212463378906,-0.9408388796070255,-3.4926691614282825,-92.09191634195668,2.762596,0.65071195,7.5642624,-1.3730459,-8.393178,11.838152,7.506513,-7.636362,72.98701,18.732725,6.239507,7.918512,5.840605,-8.085571,23.651318,77.28829,-25.507101,5.987763,-4.3009205,7.702052,6.202095,0.58193594,5.636722,-9.351778,-5.8861465,6.690961,-1.5365726,-10.15671,5.5740776,-8.861508,4.911945
627,-0.6378571391105652,2.484452247619629,107.40716552734375,-0.9328005149698192,-3.5250208167574346,-92.0945344576145,2.75534,0.6708972,7.5506473,-1.3729014,-8.350571,11.948146,7.2758875,-7.5416155,73.15102,18.593729,6.1808643,8.11193,6.0503016,-7.9384537,23.495094,77.36764,-25.428627,5.934761,-4.3495274,7.759436,6.1745524,0.5940493,5.638148,-9.375505,-5.8669553,6.7498436,-1.5594168,-10.164188,5.57382,-8.88474,4.9287453
628,-0.6131085753440857,2.4700164794921875,107.40441131591797,-0.9256905139000555,-3.5547282711670705,-92.09055619372667,2.7335055,0.68880975,7.5425534,-1.345731,-8.310194,12.007967,7.0665226,-7.5249767,73.346306,18.497715,6.149968,8.268913,6.2243934,-7.8023567,23.33125,77.46139,-25.32294,5.877703,-4.3947444,7.8051496,6.145484,0.5979948,5.639996,-9.391568,-5.8452725,6.7981377,-1.5850375,-10.1795635,5.5747266,-8.900197,4.9498696
629,-0.5942863821983337,2.4578049182891846,107.40235900878906,-0.917507703377781,-3.581037092185894,-92.07775750364846,2.6870537,0.70138395,7.541986,-1.2705421,-8.276389,12.0132,6.8799267,-7.5971737,73.58007,18.455439,6.1540895,8.378248,6.355227,-7.6785445,23.145014,77.57646,-25.185186,5.809102,-4.4255733,7.8425593,6.119986,0.5935351,5.641383,-9.402873,-5.82822,6.845935,-1.6077245,-10.208785,5.571644,-8.91383,4.970522
630,-0.5759892463684082,2.448519229888916,107.40153503417969,-0.9081439923355593,-3.605022150473877,-92.05848225284294,2.6225126,0.7113514,7.5502043,-1.1644785,-8.250227,11.963689,6.7160616,-7.766175,73.8493,18.471577,6.1935053,8.448666,6.4474106,-7.567066,22.940685,77.703514,-25.030443,5.7342653,-4.4500575,7.8735156,6.094281,0.5826628,5.642174,-9.409974,-5.8118854,6.888769,-1.6313914,-10.247366,5.56862,-8.924233,4.992531
631,-0.5603682994842529,2.4501702785491943,107.40161895751953,-0.901172652940286,-3.6261914598238008,-92.03668161930476,2.5601308,0.7221912,7.562117,-1.063033,-8.228322,11.870174,6.574679,-8.00039,74.138596,18.519264,6.251982,8.496358,6.5187454,-7.467089,22.742748,77.82558,-24.861225,5.6669493,-4.4845843,7.8936477,6.07421,0.5675894,5.641024,-9.407765,-5.7987494,6.9212155,-1.6503133,-10.288238,5.5646353,-8.926947,5.0114083
632,-0.5390490889549255,2.446282148361206,107.4029312133789,-0.8956419375644668,-3.6434795477958826,-92.01644625553544,2.5146785,0.7345429,7.571947,-0.9957393,-8.211757,11.749329,6.4546247,-8.256271,74.42723,18.577911,6.3137765,8.537303,6.5809994,-7.3786163,22.585115,77.93302,-24.676683,5.6196384,-4.546035,7.9117293,6.052322,0.55461216,5.6424813,-9.410229,-5.782069,6.951867,-1.6713078,-10.329105,5.561117,-8.93208,5.0334764
633,-0.5199174284934998,2.4463186264038086,107.4024887084961,-0.8943995214897993,-3.655148461272005,-91.99992036583934,2.4809191,0.7485987,7.577346,-0.9619477,-8.194597,11.601444,6.353675,-8.531082,74.71798,18.681238,6.383974,8.566244,6.630704,-7.3006377,22.496326,78.02509,-24.441458,5.60045,-4.6555576,7.92175,6.0376663,0.54510325,5.642251,-9.408846,-5.768096,6.9723573,-1.6858814,-10.366309,5.556909,-8.933846,5.0516944
634,-0.49999839067459106,2.4461474418640137,107.40409088134766,-0.8952377392831848,-3.6619142778867415,-91.98478480282459,2.4462843,0.76195854,7.5811033,-0.9407087,-8.180421,11.426191,6.270382,-8.831115,75.01325,18.83323,6.4678755,8.577675,6.655364,-7.2331467,22.467937,78.11564,-24.159452,5.59965,-4.7994046,7.925891,6.0253763,0.5371732,5.6426044,-9.40731,-5.754115,6.987894,-1.6983973,-10.404049,5.550503,-8.934024,5.069646
635,-0.48422956466674805,2.4490106105804443,107.40437316894531,-0.899491271754822,-3.667849077591292,-91.96746340277008,2.4139457,0.7748475,7.5875344,-0.93140465,-8.176248,11.238615,6.205232,-9.1242695,75.292076,18.971626,6.5495596,8.585946,6.6558514,-7.176717,22.47556,78.2101,-23.89135,5.6047387,-4.9405904,7.9268703,6.020319,0.5266434,5.642173,-9.403043,-5.7441845,7.001438,-1.7039481,-10.443072,5.543162,-8.932891,5.0832763
636,-0.4680609703063965,2.4490039348602295,107.40604400634766,-0.9018306798846095,-3.6769979784777718,-91.94457750168901,2.384193,0.78795063,7.6027055,-0.9306904,-8.1887245,11.058191,6.160046,-9.368305,75.52688,19.041494,6.613041,8.602962,6.633194,-7.132143,22.496147,78.30875,-23.69941,5.6046867,-5.03948,7.9320145,6.0130706,0.51016825,5.642585,-9.401094,-5.733865,7.01988,-1.7114491,-10.485964,5.538507,-8.935079,5.097093
637,-0.4586088955402374,2.455021381378174,107.40544891357422,-0.9046814437533737,-3.6915398456286055,-91.91455492333444,2.3511555,0.7996532,7.63521,-0.93257457,-8.229713,10.90487,6.1410456,-9.505245,75.6796,19.050951,6.658303,8.618414,6.588842,-7.108413,22.520468,78.39738,-23.621782,5.5982656,-5.07088,7.9391723,6.0115542,0.48523065,5.6426473,-9.396076,-5.729092,7.043064,-1.7131358,-10.533189,5.5337625,-8.936428,5.1048717
638,-0.44861161708831787,2.459256887435913,107.40532684326172,-0.9075240667368285,-3.709384242072009,-91.87922481985368,2.3308153,0.8171607,7.6709585,-0.9563799,-8.281531,10.735073,6.1313777,-9.631993,75.81922,18.981401,6.6917286,8.6493025,6.5171328,-7.085457,22.556866,78.511894,-23.609795,5.587346,-5.0762525,7.949772,6.010108,0.4549138,5.643751,-9.392759,-5.72445,7.068168,-1.7149372,-10.584005,5.5344644,-8.941225,5.1120934
639,-0.4444836974143982,2.4604196548461914,107.40493774414062,-0.9098302515269244,-3.7259578112353076,-91.84117533241965,2.3096397,0.83173174,7.708326,-0.98435944,-8.3435955,10.561848,6.136714,-9.735651,75.941216,18.881891,6.708792,8.692162,6.4184895,-7.06947,22.612888,78.63758,-23.635359,5.576894,-5.068811,7.9611125,6.0118675,0.42179945,5.6435833,-9.390468,-5.7234797,7.0987363,-1.7128156,-10.637127,5.5316033,-8.949242,5.116258
640,-0.4358203113079071,2.4636425971984863,107.40453338623047,-0.9125460469041594,-3.7386708611748523,-91.80206754098461,2.2820864,0.8399402,7.7420397,-1.008302,-8.41273,10.381243,6.1565003,-9.84868,76.066505,18.76741,6.7042446,8.75371,6.2932096,-7.061356,22.70337,78.7715,-23.65469,5.570624,-5.0689335,7.965102,6.0113297,0.3852024,5.6436315,-9.385569,-5.71974,7.1204944,-1.7137315,-10.686827,5.52904,-8.952302,5.1236014
641,-0.4282917380332947,2.4648687839508057,107.40423583984375,-0.9112297843959464,-3.746704290721823,-91.7613131289479,2.251568,0.84074694,7.7693124,-1.034713,-8.490338,10.194734,6.1947427,-9.992263,76.19976,18.604727,6.6631155,8.84813,6.143352,-7.0616856,22.852161,78.91235,-23.646082,5.5691466,-5.0830464,7.963668,6.006727,0.3449929,5.644638,-9.3817625,-5.715279,7.1365757,-1.7187457,-10.734164,5.5312223,-8.958952,5.132426
642,-0.4221368432044983,2.4701778888702393,107.40325164794922,-0.9107993257624276,-3.7519077222208583,-91.71811042568649,2.2191231,0.8352836,7.7936125,-1.0647519,-8.577044,10.0054,6.25569,-10.154053,76.32658,18.38857,6.59252,8.965409,5.969149,-7.072965,23.056349,79.05805,-23.624971,5.571046,-5.0983987,7.9559855,6.00432,0.3002695,5.6449685,-9.3746,-5.712111,7.149076,-1.7214651,-10.780284,5.5308647,-8.962427,5.140396
643,-0.4179995059967041,2.47009015083313,107.40437316894531,-0.908099033671314,-3.753652080575354,-91.67501747666829,2.1820526,0.82521045,7.817058,-1.0885259,-8.6658745,9.803881,6.3367634,-10.329149,76.44926,18.168726,6.5202837,9.0788555,5.772962,-7.095598,23.278852,79.20398,-23.6082,5.5775414,-5.1090207,7.947518,6.000313,0.2552848,5.6439533,-9.368844,-5.7093167,7.159366,-1.7258704,-10.824987,5.5315766,-8.9683275,5.1482882
644,-0.41206952929496765,2.478221893310547,107.40428161621094,-0.9044793683584168,-3.751056042303678,-91.63447613020234,2.1409943,0.8171271,7.838409,-1.10031,-8.746682,9.567717,6.415084,-10.503615,76.593925,18.01039,6.473187,9.173643,5.553305,-7.1239753,23.45585,79.361374,-23.636663,5.5880303,-5.114962,7.9286404,5.994501,0.20924841,5.6433806,-9.357739,-5.7055387,7.1597834,-1.732803,-10.865188,5.530199,-8.967148,5.156175
645,-0.4018564820289612,2.4871020317077637,107.4054946899414,-0.9000344085236447,-3.7449483933281233,-91.59756902115846,2.1079323,0.8077208,7.858312,-1.1083922,-8.816195,9.302779,6.516178,-10.715152,76.74055,17.867014,6.4581823,9.243539,5.3289766,-7.166345,23.598366,79.50293,-23.707441,5.608733,-5.1078243,7.9045424,5.984911,0.16474263,5.6436296,-9.345515,-5.6986136,7.154334,-1.7439593,-10.900388,5.5296645,-8.964582,5.166222
646,-0.40139836072921753,2.495389461517334,107.40676879882812,-0.8924921080005642,-3.735528792415681,-91.56300019356519,2.082678,0.8004895,7.876728,-1.1172894,-8.881839,9.005613,6.6222744,-10.937322,76.90171,17.752478,6.459973,9.305093,5.0958047,-7.216129,23.690605,79.637764,-23.839993,5.637508,-5.093102,7.877862,5.977782,0.12152847,5.642782,-9.33282,-5.696807,7.144858,-1.7526553,-10.931796,5.5293627,-8.962949,5.170511
647,-0.40114933252334595,2.50188946723938,107.40714263916016,-0.8860978542074627,-3.721036407288993,-91.52898617280212,2.0544367,0.7932089,7.8928304,-1.1199635,-8.943461,8.666515,6.736186,-11.203873,77.09413,17.671333,6.477605,9.343393,4.8360343,-7.2754164,23.768208,79.78634,-23.961342,5.664926,-5.0799375,7.845709,5.972262,0.077713616,5.642251,-9.320129,-5.695794,7.131117,-1.7601408,-10.962708,5.5273156,-8.960773,5.174415
648,-0.3989781141281128,2.5060038566589355,107.40959930419922,-0.8790433927110158,-3.699852660752766,-91.49395339582266,2.0135481,0.7848114,7.906926,-1.110508,-9.004769,8.274463,6.8599586,-11.547295,77.33411,17.631369,6.5102353,9.34264,4.534499,-7.3455615,23.861479,79.96378,-24.003149,5.6826234,-5.076178,7.8064456,5.96515,0.031514745,5.640056,-9.305783,-5.6941304,7.1106076,-1.7697164,-10.99591,5.5241323,-8.957327,5.179602
649,-0.39485833048820496,2.512464761734009,107.41365814208984,-0.8747448079474849,-3.671309261218229,-91.45700854493037,1.9540507,0.7750037,7.9145494,-1.0884758,-9.056736,7.8350434,6.992025,-11.981272,77.629364,17.638588,6.560887,9.305932,4.196619,-7.426955,23.970543,80.17797,-23.918148,5.6797595,-5.0878286,7.75445,5.960801,-0.02017396,5.6398463,-9.288712,-5.6931415,7.075988,-1.7778865,-11.029737,5.5248084,-8.951608,5.184301
650,-0.386263370513916,2.5236780643463135,107.41877746582031,-0.8707507123154978,-3.636171955436275,-91.41964123562819,1.8839005,0.7644816,7.9163322,-1.05818,-9.098397,7.349078,7.1310463,-12.494587,77.971275,17.68185,6.628767,9.238556,3.8288028,-7.519182,24.08445,80.4174,-23.748793,5.663863,-5.1090655,7.691537,5.9546766,-0.0756818,5.637579,-9.265803,-5.690374,7.0323324,-1.788734,-11.063841,5.521764,-8.939659,5.1910605
651,-0.38479849696159363,2.5425174236297607,107.42369079589844,-0.8681050136041839,-3.595818809147317,-91.38191494457872,1.8120403,0.7536126,7.9210076,-1.0191094,-9.154424,6.800612,7.2795973,-13.078675,78.35067,17.744862,6.7073994,9.12789,3.4162524,-7.6225214,24.21774,80.67082,-23.561686,5.653357,-5.129798,7.6180425,5.955125,-0.13293706,5.6335063,-9.2363405,-5.69347,6.9793096,-1.7931747,-11.098164,5.5163484,-8.922713,5.1918736
652,-0.3791045546531677,2.567549228668213,107.43012237548828,-0.862594910572068,-3.5511780378221607,-91.34436533980814,1.746031,0.7424142,7.937312,-0.96945715,-9.245165,6.175886,7.4413586,-13.72393,78.75388,17.811033,6.790159,8.959514,2.943268,-7.7357335,24.390593,80.92444,-23.41956,5.667415,-5.1389966,7.5340276,5.9497905,-0.1906462,5.629437,-9.201577,-5.693868,6.9157066,-1.8043776,-11.133066,5.512101,-8.900293,5.1958313
653,-0.3710700571537018,2.5969953536987305,107.4381103515625,-0.8575870971752626,-3.506639648997784,-91.30769539625769,1.6853907,0.7294034,7.970092,-0.8999029,-9.384833,5.482053,7.6141486,-14.423016,79.178894,17.883604,6.882569,8.712274,2.4176402,-7.8551226,24.604761,81.16898,-23.325321,5.7230525,-5.1413813,7.448404,5.943472,-0.2461251,5.6228027,-9.162764,-5.6934347,6.8479424,-1.8169459,-11.169902,5.506047,-8.871752,5.201336
654,-0.3623628616333008,2.6312739849090576,107.44550323486328,-0.8514879430218998,-3.4593396518698167,-91.27169401454303,1.6243689,0.7139183,8.012642,-0.8116283,-9.557834,4.725861,7.795077,-15.178574,79.62714,17.971373,6.985629,8.397546,1.8397709,-7.9788294,24.856428,81.4176,-23.247955,5.8054476,-5.1402893,7.3551683,5.9358335,-0.30182192,5.617145,-9.120701,-5.693088,6.7759333,-1.8314183,-11.20859,5.4992814,-8.841127,5.207697
655,-0.35246655344963074,2.6709413528442383,107.45631408691406,-0.8436218413910571,-3.403611688514934,-91.23445719365552,1.5620655,0.6960193,8.059939,-0.71853304,-9.7448845,3.8920724,7.988049,-15.99853,80.09372,18.06407,7.086227,8.049776,1.1832038,-8.109781,25.159412,81.69171,-23.197788,5.885411,-5.1223993,7.2485223,5.925586,-0.35854992,5.6067476,-9.069956,-5.692223,6.6874814,-1.8492945,-11.246438,5.4925666,-8.802795,5.2138743
656,-0.3417717516422272,2.7143430709838867,107.46904754638672,-0.8308970705338091,-3.3319983938167854,-91.19502609244574,1.4978915,0.67438495,8.104907,-0.63381636,-9.925285,2.966895,8.199796,-16.892103,80.57015,18.150019,7.1713967,7.7011914,0.4218362,-8.253621,25.531038,82.01021,-23.182522,5.9339767,-5.0730953,7.1161156,5.9094005,-0.41847417,5.5982423,-9.01337,-5.690328,6.5773363,-1.8744236,-11.282422,5.4867015,-8.759747,5.2205663
657,-0.33575642108917236,2.7737507820129395,107.48365020751953,-0.8112407450553017,-3.243612875309675,-91.15607554526204,1.4259925,0.6468439,8.154166,-0.5475232,-10.098302,1.9545734,8.428771,-17.908796,81.0559,18.23263,7.2433596,7.33766,-0.44987625,-8.410898,25.986025,82.37302,-23.215166,5.9449997,-4.960735,6.9539285,5.8888702,-0.47727838,5.5843673,-8.940952,-5.6913633,6.4368296,-1.905491,-11.312504,5.4772434,-8.701033,5.2227774
658,-0.3234666883945465,2.839487075805664,107.501708984375,-0.7879874928460822,-3.1421448481161645,-91.11699752704321,1.3517492,0.6147007,8.208623,-0.46021754,-10.273821,0.85744077,8.669118,-19.04172,81.55107,18.308018,7.307304,6.945272,-1.4135383,-8.578436,26.512526,82.761284,-23.285196,5.9342427,-4.799367,6.770374,5.860701,-0.53508943,5.5677366,-8.859334,-5.68859,6.2730145,-1.9459665,-11.339165,5.4699697,-8.634233,5.2278523
659,-0.31954342126846313,2.916320562362671,107.51943969726562,-0.7621594799646867,-3.028110837725773,-91.07178273055074,1.286896,0.58136415,8.254465,-0.3968565,-10.44321,-0.3374295,8.922721,-20.201733,82.0456,18.363588,7.3547745,6.5565524,-2.4629073,-8.757269,27.092772,83.17053,-23.36612,5.905047,-4.6410317,6.5618305,5.8358097,-0.60384583,5.550443,-8.766544,-5.6906013,6.087989,-1.9844561,-11.365699,5.463551,-8.560733,5.2263846
660,-0.3080768883228302,2.9895431995391846,107.53778076171875,-0.7347077464200322,-2.902248072833805,-91.0140244214253,1.2364323,0.55013925,8.279539,-0.37597072,-10.598186,-1.6348659,9.196754,-21.282326,82.52087,18.398573,7.3775253,6.2016964,-3.5943937,-8.948874,27.71721,83.59261,-23.430197,5.8620973,-4.5346704,6.334311,5.804623,-0.6931715,5.5361705,-8.670774,-5.6857667,5.8938203,-2.0289223,-11.399311,5.4545155,-8.485114,5.2298813
661,-0.3052881956100464,3.080571174621582,107.55960083007812,-0.703147773891282,-2.7637985413983297,-90.93829626172395,1.1951938,0.51916236,8.282713,-0.4051043,-10.738871,-3.0303564,9.49844,-22.236645,82.96485,18.4298,7.361897,5.855473,-4.814057,-9.152431,28.4206,84.03902,-23.476017,5.794792,-4.486559,6.0746937,5.774953,-0.8124165,5.5189204,-8.554814,-5.684116,5.6719313,-2.0729954,-11.44042,5.4449306,-8.393679,5.226959
662,-0.308468759059906,3.186706781387329,107.58241271972656,-0.6685993872368936,-2.612669772608356,-90.84916450590514,1.1495898,0.48567274,8.270576,-0.4602847,-10.86758,-4.507928,9.828897,-23.099005,83.37045,18.47172,7.3182316,5.508744,-6.130342,-9.362769,29.218615,84.5094,-23.510498,5.705117,-4.4670005,5.785392,5.7462935,-0.95396584,5.500429,-8.422707,-5.6848445,5.5047097,-2.1006744,-11.509522,5.2805686,-8.213124,5.218088
663,-0.30171388387680054,3.2968575954437256,107.60340881347656,-0.6352754603501369,-2.452671270290676,-90.75499033749094,1.0975591,0.450724,8.240672,-0.51805604,-10.984678,-6.0637665,10.186574,-23.898785,83.74042,18.51436,7.273328,5.2174125,-7.5426545,-9.57709,30.064432,84.9898,-23.523516,5.6133146,-4.473591,5.477251,5.7133656,-1.1084044,5.486914,-8.286331,-5.679459,5.2676344,-2.1442544,-11.559542,5.2331157,-8.088855,5.214111
664,-0.2948901653289795,3.4134716987609863,107.62469482421875,-0.6053847830348963,-2.2858294491146953,-90.66486687854687,1.0431305,0.41609845,8.189796,-0.5606064,-11.091945,-7.6995764,10.567211,-24.672638,84.08126,18.54718,7.2540607,5.036269,-9.044335,-9.794697,30.896181,85.45777,-23.51459,5.5411396,-4.5034037,5.1494675,5.684506,-1.2694021,5.488743,-8.153095,-5.675508,4.9030128,-2.2092035,-11.56159,5.37045,-8.03274,5.210655
665,-0.28680962324142456,3.5375566482543945,107.6429214477539,-0.5822475712914039,-2.1073642302598237,-90.57744713765062,0.9984109,0.3839917,8.106158,-0.59968233,-11.186903,-9.434031,10.965749,-25.446627,84.40455,18.549824,7.2776394,4.9880424,-10.629829,-10.015681,31.698172,85.909546,-23.485857,5.506086,-4.5651765,4.794048,5.663144,-1.4413264,5.5051026,-8.019204,-5.674459,4.5803375,-2.2486336,-11.565089,5.4586167,-7.9829273,5.198402
666,-0.28882065415382385,3.6640937328338623,107.66053009033203,-0.5648486097802691,-1.9204858043033286,-90.4887715626593,0.9685845,0.3554999,7.9948153,-0.65079606,-11.26868,-11.27653,11.377944,-26.224873,84.718895,18.526218,7.3256054,5.0387425,-12.294466,-10.239286,32.487206,86.34932,-23.447552,5.4933224,-4.655604,4.421295,5.654392,-1.6232917,5.5316586,-7.8873467,-5.682281,4.253553,-2.2748296,-11.561747,5.4884515,-7.8810477,5.179389
667,-0.29191988706588745,3.807168483734131,107.67411041259766,-0.5511235887223933,-1.7376987179536187,-90.40497988110185,0.94690055,0.32991785,7.8774104,-0.70046526,-11.333549,-13.211308,11.799676,-27.007093,85.02366,18.503067,7.371139,5.1583533,-14.035573,-10.465024,33.25115,86.767944,-23.412292,5.4756427,-4.7546473,4.039329,5.649977,-1.8069913,5.566229,-7.7506275,-5.692612,3.916798,-2.2962108,-11.545979,5.5260315,-7.7743897,5.1562448
668,-0.2951871454715729,3.9511501789093018,107.68695068359375,-0.5381710097931812,-1.5714445125516936,-90.33152940330766,0.9265388,0.30591762,7.7750072,-0.7356815,-11.37807,-15.223422,12.22803,-27.792292,85.31879,18.506828,7.387611,5.318273,-15.852263,-10.695293,33.972565,87.16034,-23.39665,5.424839,-4.844116,3.6805656,5.6449847,-1.9761083,5.60042,-7.6186523,-5.7020006,3.5975728,-2.3161159,-11.522538,5.5615582,-7.666501,5.1323333
669,-0.301871657371521,4.115056037902832,107.6960678100586,-0.5263285192931025,-1.422869494189685,-90.27260545106633,0.9094878,0.28476182,7.6904144,-0.74710745,-11.396225,-17.319696,12.660587,-28.569546,85.59402,18.564707,7.374404,5.538137,-17.748016,-10.934046,34.624283,87.51364,-23.412184,5.330404,-4.9248986,3.3346903,5.6422696,-2.1309752,5.6350985,-7.481315,-5.7125864,3.2850628,-2.3321602,-11.483612,5.5968747,-7.548537,5.103164
670,-0.29991433024406433,4.270508289337158,107.70307922363281,-0.5177624640522775,-1.2858362742307012,-90.22445186718555,0.9002728,0.26724967,7.6158767,-0.74560857,-11.3926325,-19.50792,13.094858,-29.347357,85.84967,18.65792,7.344786,5.8250947,-19.720322,-11.182988,35.21828,87.82455,-23.453884,5.2111163,-5.0047054,3.0088491,5.6365643,-2.2724535,5.673888,-7.354666,-5.7169223,2.987348,-2.3500297,-11.434704,5.636296,-7.436789,5.0789223
671,-0.30395591259002686,4.4381232261657715,107.70490264892578,-0.5106851876113968,-1.1594875931052937,-90.18052548786979,0.89470917,0.24990389,7.556257,-0.74698377,-11.389249,-21.773178,13.528156,-30.153296,86.09911,18.741077,7.292248,6.131422,-21.759424,-11.43979,35.80011,88.09884,-23.508018,5.0833635,-5.0757747,2.6885743,5.6358547,-2.4103038,5.7148623,-7.2251453,-5.7258954,2.692445,-2.362253,-11.380381,5.6792226,-7.321871,5.048613
672,-0.30255281925201416,4.616690635681152,107.70381927490234,-0.5020612859902686,-1.0425752850559056,-90.13441778633933,0.88733464,0.22916655,7.516798,-0.7660771,-11.397433,-24.098953,13.957126,-31.01436,86.35336,18.766796,7.210017,6.4095316,-23.856075,-11.697773,36.419544,88.34332,-23.556248,4.962629,-5.130257,2.373229,5.629591,-2.5494409,5.755202,-7.0907283,-5.73256,2.4029596,-2.3794072,-11.329696,5.7224565,-7.2024837,5.0206475
673,-0.31260380148887634,4.795392036437988,107.69816589355469,-0.4936684475069838,-0.9404633166614476,-90.0851223921989,0.8790647,0.2026948,7.5013256,-0.81371003,-11.419503,-26.491371,14.378973,-31.93283,86.60172,18.71695,7.0867386,6.6464205,-26.018995,-11.950858,37.106113,88.56139,-23.583195,4.8459206,-5.165983,1.9464253,5.6240263,-2.7318022,6.038929,-7.081795,-5.747709,2.035646,-2.4077926,-11.258509,5.953209,-7.1812725,4.985575
674,-0.31791388988494873,4.977124214172363,107.68843841552734,-0.48399196996145927,-0.850404736356898,-90.03615294837145,0.8669774,0.17076078,7.5078,-0.87428564,-11.448053,-28.952053,14.791449,-32.893555,86.83517,18.616549,6.9296384,6.8692923,-28.25676,-12.195108,37.843044,88.75388,-23.593142,4.7259555,-5.1881104,1.3778642,5.6045327,-2.9653485,6.6136765,-7.219447,-5.7597923,1.440852,-2.4879582,-11.117755,6.6516604,-7.39381,4.9550266
675,-0.32713186740875244,5.159787654876709,107.6743392944336,-0.47310243766163007,-0.7610717865689857,-89.98730439177363,0.8422081,0.13513127,7.534875,-0.92505354,-11.499832,-31.459433,15.191217,-33.898598,87.064705,18.483334,6.7601204,7.0887523,-30.554482,-12.424721,38.60024,88.91737,-23.60125,4.614187,-5.201444,0.79834336,5.5831394,-3.2032263,7.209201,-7.367046,-5.774088,0.8329184,-2.5686908,-10.972284,7.3752313,-7.6186967,4.922509
676,-0.33294349908828735,5.349410057067871,107.65463256835938,-0.46088218678407694,-0.6610839897712047,-89.93801193543982,0.79746354,0.09816665,7.580489,-0.94503045,-11.591986,-33.994637,15.573891,-34.954967,87.30571,18.332325,6.598763,7.3155017,-32.898323,-12.633827,39.34328,89.052536,-23.624811,4.521267,-5.2123036,0.1662415,5.5536275,-3.459634,7.868892,-7.5397506,-5.7854753,0.18149629,-2.656977,-10.814275,8.146573,-7.859688,4.8928175
677,-0.3373222053050995,5.546143531799316,107.63044738769531,-0.4461940944792854,-0.5476271996149297,-89.89123124835714,0.72878456,0.058457077,7.645255,-0.9200357,-11.724111,-36.56369,15.934874,-36.070316,87.5677,18.153534,6.4410434,7.5631833,-35.29894,-12.818363,40.046043,89.154366,-23.683605,4.452211,-5.223052,-0.5007157,5.5162096,-3.7257912,8.5540085,-7.718038,-5.794473,-0.50503516,-2.7503343,-10.643335,8.941103,-8.103765,4.8650794
678,-0.34811732172966003,5.742242813110352,107.60018920898438,-0.4289876324261182,-0.42650645660130765,-89.8460152999519,0.6427964,0.014515271,7.731614,-0.8660569,-11.890811,-39.176403,16.270481,-37.242752,87.83984,17.94115,6.2789097,7.822411,-37.760086,-12.97742,40.720375,89.22821,-23.769993,4.3996925,-5.234215,-1.1905167,5.4757223,-3.9986906,9.264297,-7.907708,-5.8063173,-1.2200769,-2.844498,-10.461937,9.770594,-8.364123,4.834847
679,-0.36217376589775085,5.944523811340332,107.56330871582031,-0.41064006273793474,-0.29911188685481477,-89.796408173603,0.5458688,-0.032449126,7.839656,-0.8050321,-12.099481,-41.81623,16.577475,-38.461597,88.10568,17.717478,6.129377,8.072007,-40.25965,-13.110772,41.397423,89.292496,-23.856234,4.356095,-5.2488627,-1.9178427,5.4309983,-4.287815,10.0206995,-8.11429,-5.8201923,-1.9686141,-2.940096,-10.274168,10.641391,-8.640059,4.8028297
680,-0.3754428029060364,6.155856132507324,107.51620483398438,-0.39609581033123725,-0.16662502221549044,-89.73649457112418,0.44397888,-0.08119541,7.9693685,-0.75890374,-12.351876,-44.467846,16.85417,-39.714584,88.350746,17.506659,6.0083585,8.289606,-42.77579,-13.217985,42.111755,89.363594,-23.911715,4.3136644,-5.267957,-2.7194004,5.382085,-4.6105285,10.888562,-8.36753,-5.835678,-2.7639472,-3.0365624,-10.081624,11.581203,-8.944394,4.7701063
681,-0.3832935094833374,6.371767997741699,107.4554672241211,-0.3844063353507203,-0.02757757877493452,-89.66463404327102,0.33646008,-0.13289808,8.119813,-0.73524106,-12.6558275,-47.13062,17.09682,-41.012543,88.56325,17.312866,5.9375825,8.485928,-45.30619,-13.293531,42.887352,89.4359,-23.92634,4.2823696,-5.3059163,-3.600213,5.3231893,-4.9698815,11.879034,-8.674833,-5.8499737,-3.6125937,-3.139111,-9.882894,12.605394,-9.286644,4.740325
682,-0.3981229066848755,6.591374397277832,107.3823471069336,-0.3751049933141407,0.11833930775385741,-89.58380057153478,0.22055689,-0.1864296,8.292301,-0.7219873,-13.006886,-49.813366,17.304024,-42.35442,88.75178,17.125046,5.89991,8.663284,-47.862114,-13.332841,43.70591,89.504776,-23.909512,4.262256,-5.3576665,-4.5332675,5.2621703,-5.3545012,12.942515,-9.012856,-5.8705277,-4.505182,-3.2383146,-9.678571,13.694324,-9.658391,4.7056494
683,-0.41546696424484253,6.8223700523376465,107.29447937011719,-0.3674843869215408,0.2679170902797812,-89.49516265614561,0.07740978,-0.24129814,8.495274,-0.6885257,-13.405163,-52.482655,17.468908,-43.689793,88.910065,16.941109,5.8832836,8.823847,-50.45443,-13.339405,44.54882,89.57406,-23.868366,4.228206,-5.379933,-5.523499,5.1938443,-5.763905,14.087735,-9.3820095,-5.8941483,-5.446802,-3.3388414,-9.466851,14.855898,-10.059563,4.668587
684,-0.425346702337265,7.044220924377441,107.1902847290039,-0.3614448714000898,0.41794434486800147,-89.39978242082387,-0.04801184,-0.2861591,8.7265415,-0.66949135,-13.840394,-55.186516,17.613432,-45.0097,89.08022,16.782072,5.8036585,8.879373,-53.04705,-13.318675,45.361713,89.660706,-23.798365,4.179392,-5.376086,-6.551292,5.111544,-6.188841,15.311481,-9.793415,-5.913431,-6.4136953,-3.4467123,-9.254287,16.076792,-10.495617,4.6381135
685,-0.4285092353820801,7.283870220184326,107.0693130493164,-0.359804958283274,0.5743269173507933,-89.2919886497239,-0.20597838,-0.3239467,8.990825,-0.61877275,-14.32754,-57.865482,17.73101,-46.256615,89.20857,16.652996,5.710044,8.877127,-55.670006,-13.2759695,46.146973,89.732285,-23.701962,4.1029086,-5.2906203,-7.6444726,5.0161414,-6.643118,16.616713,-10.229737,-5.9305224,-7.428697,-3.5575967,-9.039701,17.354574,-10.948077,4.6099277
686,-0.42199888825416565,7.527714252471924,106.9276351928711,-0.3622092850918214,0.7364558147050562,-89.1730445567654,-0.38179725,-0.35442698,9.283928,-0.5550146,-14.862194,-60.544746,17.826193,-47.45466,89.31359,16.558538,5.598413,8.81233,-58.318085,-13.215535,46.91575,89.7936,-23.578989,4.00545,-5.146888,-8.796367,4.903847,-7.1232395,18.01014,-10.702677,-5.9435787,-8.489293,-3.6749792,-8.821433,18.702507,-11.431497,4.5877147
687,-0.429614782333374,7.77564811706543,106.76971435546875,-0.36394696040468255,0.8909507987924522,-89.054532379499,-0.5566369,-0.38366935,9.623977,-0.4826667,-15.438953,-63.22205,17.901304,-48.63983,89.39468,16.464212,5.4780307,8.7025175,-60.9728,-13.137249,47.68085,89.844086,-23.452972,3.904837,-4.990712,-9.951358,4.789147,-7.6023903,19.423468,-11.184445,-5.96668,-9.565266,-3.786161,-8.599245,20.091063,-11.935892,4.5574117
688,-0.43107420206069946,8.02743911743164,106.5934066772461,-0.3606622561783682,1.0246030579063312,-88.94761827774083,-0.7172156,-0.4180095,10.025988,-0.40074277,-16.052275,-65.892975,17.958563,-49.846714,89.45859,16.333035,5.355478,8.567056,-63.623455,-13.042173,48.457855,89.89377,-23.348452,3.8065026,-4.8612657,-11.091675,4.656071,-8.063098,20.863323,-11.682928,-5.985718,-10.643645,-3.909034,-8.36385,21.521557,-12.461415,4.533589
689,-0.42481324076652527,8.283079147338867,106.40106201171875,-0.3530931685368239,1.1283898732650877,-88.85278972245301,-0.8619289,-0.45726797,10.499903,-0.2975254,-16.703623,-68.563995,17.9995,-51.082184,89.50304,16.150486,5.226918,8.388708,-66.276085,-12.931319,49.235233,89.94272,-23.289255,3.7090657,-4.749703,-12.197271,4.5073056,-8.497914,22.313967,-12.191949,-5.9999237,-11.701631,-4.0421233,-8.121784,22.971989,-12.999624,4.5175824
690,-0.4262523651123047,8.551660537719727,106.18875885009766,-0.3432340442140922,1.2108460823139386,-88.76489567905728,-0.9966192,-0.49904224,11.034963,-0.17791267,-17.394,-71.236374,18.024477,-52.332188,89.52514,15.931882,5.0918694,8.163979,-68.933266,-12.805468,50.00666,89.98577,-23.257307,3.6097364,-4.641175,-13.294792,4.352779,-8.921565,23.789408,-12.710603,-6.0202,-12.765725,-4.1742835,-7.8714066,24.463005,-13.555117,4.4979463
691,-0.42422860860824585,8.814738273620605,105.95980834960938,-0.32829879368268766,1.2852343995333715,-88.68667265805648,-1.1211122,-0.5463339,11.613958,-0.06370854,-18.113708,-73.8965,18.033384,-53.59783,89.53298,15.687086,4.9616566,7.9343,-71.58102,-12.66597,50.803165,90.02666,-23.211426,3.5108538,-4.5641856,-14.37884,4.184084,-9.327332,25.273163,-13.2395,-6.0377064,-13.830025,-4.312991,-7.609177,25.97122,-14.121476,4.483924
692,-0.4266328513622284,9.082199096679688,105.71134185791016,-0.30521218589473054,1.364851052458835,-88.62077314674721,-1.2349111,-0.6014575,12.218886,0.022586638,-18.852459,-76.53025,18.025858,-54.882057,89.53511,15.4249735,4.846575,7.740893,-74.20359,-12.513719,51.659725,90.06683,-23.105595,3.415719,-4.5469165,-15.476137,4.0010705,-9.721579,26.771835,-13.773669,-6.056686,-14.929992,-4.4556384,-7.3208337,27.516638,-14.698593,4.4693813
693,-0.4218656122684479,9.359956741333008,105.44348907470703,-0.2735376658130482,1.4473436652016651,-88.56813747362989,-1.3394252,-0.6647874,12.85424,0.06770687,-19.610157,-79.145836,18.000834,-56.19824,89.54077,15.1651945,4.754464,7.5847554,-76.80309,-12.347809,52.613155,90.104774,-22.931065,3.3305967,-4.6242723,-16.588482,3.7958748,-10.102346,28.28968,-14.311959,-6.068874,-16.064009,-4.608591,-7.0038834,29.092503,-15.277559,4.4619093
694,-0.4138040840625763,9.63609790802002,105.15446472167969,-0.23477502991368193,1.5276084230891531,-88.52705996641619,-1.4339846,-0.7337132,13.524168,0.08516978,-20.389418,-81.74687,17.958233,-57.54051,89.544914,14.896517,4.6767507,7.4477234,-79.38516,-12.166892,53.64377,90.138626,-22.702936,3.2518578,-4.7709947,-17.703821,3.5743606,-10.467307,29.829626,-14.8638315,-6.07708,-17.218555,-4.767715,-6.6647043,30.70065,-15.869028,4.460298
695,-0.41146039962768555,9.910429954528809,104.84542846679688,-0.1885492271369667,1.6145670329413806,-88.49688871630791,-1.5167226,-0.8071589,14.210443,0.09473256,-21.183153,-84.31309,17.899933,-58.88259,89.53675,14.583988,4.6002455,7.3431463,-81.93965,-11.972486,54.696842,90.17038,-22.418137,3.1667314,-4.924181,-18.829304,3.3424497,-10.819128,31.382044,-15.422096,-6.08813,-18.400175,-4.924849,-6.302954,32.33263,-16.469406,4.4572506
696,-0.42014187574386597,10.19182014465332,104.51588439941406,-0.13434240515739232,1.717043482653302,-88.47696675317778,-1.5862485,-0.8847782,14.894659,0.11676264,-21.984798,-86.82531,17.829521,-60.197445,89.507256,14.194749,4.512426,7.2844205,-84.45951,-11.769587,55.717663,90.20536,-22.078691,3.0626009,-5.0205417,-19.981737,3.1017969,-11.163227,32.9448,-15.97727,-6.1067696,-19.624905,-5.0741076,-5.9149265,33.98614,-17.071898,4.446682
697,-0.4220545291900635,10.468862533569336,104.16533660888672,-0.06963587453599192,1.8389174080965056,-88.47067505406298,-1.6366274,-0.9681865,15.570026,0.15649861,-22.797379,-89.27758,17.751379,-61.48305,89.45351,13.700659,4.4064183,7.3032103,-86.94396,-11.565045,56.694202,90.24232,-21.664389,2.9300516,-5.0414996,-21.159132,2.8398032,-11.490503,34.52427,-16.538717,-6.1207724,-20.892748,-5.2275186,-5.4932504,35.66129,-17.68063,4.4416904
698,-0.42441198229789734,10.740035057067871,103.78984069824219,0.004377719269341783,1.975117492737825,-88.47700729332612,-1.6698977,-1.0574336,16.245829,0.20268404,-23.623127,-91.68218,17.667849,-62.753384,89.37969,13.128117,4.2908926,7.381955,-89.3963,-11.363153,57.65164,90.27477,-21.188648,2.7796469,-5.018922,-22.360458,2.561924,-11.804126,36.130802,-17.11299,-6.133534,-22.199715,-5.3790855,-5.041316,37.365776,-18.301485,4.4381037
699,-0.43214261531829834,11.018533706665039,103.39525604248047,0.082676866212405,2.1209548472102173,-88.48890868583803,-1.6935259,-1.1487315,16.927132,0.24761692,-24.448544,-94.044304,17.579863,-64.00357,89.285385,12.525663,4.1755457,7.460778,-91.81186,-11.164799,58.58674,90.29968,-20.700626,2.630451,-4.968139,-23.581053,2.2767122,-12.111039,37.745087,-17.682405,-6.150439,-23.534931,-5.5191016,-4.571541,39.0774,-18.916327,4.4301834
700,-0.4373469352722168,11.294929504394531,102.9779052734375,0.15985327962750434,2.271969670485835,-88.4995589908425,-1.709885,-1.2322834,17.605026,0.27162388,-24.999998,-96.335304,17.507875,-65.113014,89.11958,12.049043,4.089113,7.480918,-94.15468,-11.00996,59.417084,90.25484,-20.33091,2.5207887,-4.896561,-24.819077,1.9841574,-12.415498,39.382652,-18.261314,-6.169497,-24.887655,-5.649418,-4.092791,40.802322,-19.534517,4.4242997
701,-0.43850427865982056,11.574533462524414,102.53776550292969,0.2387813739803693,2.428953021502149,-88.51011126933419,-1.7343861,-1.3318983,18.263262,0.2892779,-24.999998,-98.59331,17.403557,-66.40357,89.00459,11.3945465,3.9933283,7.4259715,-96.44673,-10.80503,60.339527,90.27498,-19.860834,2.4095147,-4.8184743,-26.076525,1.6807089,-12.713451,41.040188,-18.844414,-6.1897926,-26.264545,-5.772858,-3.6002238,42.541813,-20.152027,4.422048
702,-0.4557925760746002,11.853959083557129,102.07276153564453,0.32061585301121737,2.5939627380618444,-88.5231707593101,-1.7541324,-1.4304209,18.92856,0.30275175,-24.999998,-100.81323,17.294453,-67.588,88.874886,10.813639,3.9051793,7.3305435,-98.70548,-10.602473,61.165905,90.29838,-19.47762,2.3105946,-4.718206,-27.353659,1.3785259,-13.007857,42.714462,-19.432535,-6.2237453,-27.668407,-5.876477,-3.0959535,44.302402,-20.776161,4.4098673
703,-0.46626678109169006,12.131858825683594,101.58453369140625,0.3983501732191621,2.7630672119617654,-88.53396845289005,-1.7726257,-1.5220464,19.598005,0.3127462,-24.999998,-102.98486,17.183146,-68.74421,88.729576,10.266313,3.82751,7.2116175,-100.9215,-10.40417,61.979874,90.321266,-19.131153,2.2241106,-4.625493,-28.649036,1.0672834,-13.303746,44.414433,-20.028702,-6.2552195,-29.086933,-5.9683967,-2.586045,46.072807,-21.400652,4.4005375
704,-0.4618450999259949,12.405966758728027,101.06856536865234,0.46504190617236824,2.9328078744838164,-88.5376486081931,-1.8060668,-1.5944456,20.273005,0.32950854,-24.999998,-105.11727,17.06353,-69.88758,88.56888,9.771282,3.7840786,7.073525,-103.08897,-10.2070055,62.823742,90.31937,-18.818281,2.1603262,-4.5647926,-29.967003,0.7444278,-13.611245,46.157578,-20.641666,-6.278526,-30.515474,-6.048907,-2.077365,47.858906,-22.030436,4.397356
705,-0.4655924141407013,12.679646492004395,100.52435302734375,0.52062523056899,3.094516360362538,-88.5335782311042,-1.8392578,-1.6523576,20.958996,0.33899528,-24.999998,-107.18524,16.941994,-71.01703,88.38931,9.34551,3.7577884,6.9383736,-105.20032,-10.013956,63.700535,90.31149,-18.53124,2.1175103,-4.5770135,-31.298872,0.42416245,-13.936605,47.93842,-21.268785,-6.3092885,-31.946367,-6.1055593,-1.5797426,49.667706,-22.67071,4.383877
706,-0.46228715777397156,12.95601749420166,99.95240783691406,0.5681627835015993,3.252789871001145,-88.52415390382036,-1.8796878,-1.6972871,21.656559,0.3492268,-24.999998,-109.21555,16.81606,-72.132706,88.194984,8.9725065,3.7595284,6.783906,-107.26782,-9.822381,64.601616,90.285995,-18.267914,2.0996776,-4.632219,-32.647606,0.09422703,-14.270433,49.752327,-21.904358,-6.33745,-33.38768,-6.1493835,-1.0831496,51.494125,-23.31357,4.3715234
707,-0.4574723541736603,13.228447914123535,99.34846496582031,0.6053619814717557,3.4229554948279453,-88.50927366508543,-1.9272414,-1.7243524,22.341438,0.3585803,-24.999998,-111.20187,16.683765,-73.24619,87.99749,8.622537,3.7746317,6.6117716,-109.29339,-9.631825,65.53088,90.252106,-18.034098,2.086167,-4.6753335,-34.03292,-0.24353024,-14.619744,51.60616,-22.55231,-6.3668227,-34.85685,-6.172041,-0.58657783,53.34435,-23.964146,4.3562455
708,-0.4380537271499634,13.498682022094727,98.71723175048828,0.6299610940861864,3.620414468176809,-88.48887815512235,-1.9831344,-1.7283101,22.987965,0.36655122,-24.999998,-113.13209,16.546326,-74.36933,87.812454,8.264029,3.7838242,6.4279785,-111.2711,-9.447035,66.49406,90.21716,-17.8339,2.0513892,-4.6558814,-35.468727,-0.5980705,-14.983737,53.489235,-23.201582,-6.388196,-36.3683,-6.1752176,-0.08454082,55.204338,-24.609833,4.345863
709,-0.41665831208229065,13.755061149597168,98.05326843261719,0.6400509681733817,3.847992807642297,-88.45976286161519,-2.0449321,-1.7095747,23.59369,0.3626286,-24.999998,-115.01188,16.400988,-75.516426,87.63373,7.873599,3.7920146,6.2222166,-113.212364,-9.266769,67.50709,90.1821,-17.705751,2.004109,-4.5339046,-36.958786,-0.9641515,-15.371761,55.4132,-23.86429,-6.4091015,-37.92132,-6.15146,0.4141995,57.08728,-25.266317,4.3318434
710,-0.38342612981796265,14.006546020507812,97.3538818359375,0.638987557684196,4.140463446346992,-88.42274229310098,-2.1248963,-1.6748234,24.0,0.3590156,-24.999998,-116.68823,16.245167,-76.677795,87.45276,7.468089,3.8116226,6.026577,-114.94596,-9.0911455,68.55445,90.10651,-17.628708,1.960757,-4.3798027,-38.550606,-1.361352,-15.786827,57.377132,-24.524017,-6.4226284,-39.571266,-6.100831,0.92765886,58.995052,-25.917358,4.3185325
711,-0.3554081916809082,14.251047134399414,96.62129211425781,0.6314569921487149,4.549257732275476,-88.38419714272177,-2.2206602,-1.633871,24.0,0.36847615,-24.999998,-117.964584,16.07118,-77.832596,87.25078,7.082337,3.8548634,5.8940945,-116.27712,-8.913894,69.58954,89.950806,-17.52657,1.9426683,-4.2707353,-40.294483,-1.7893507,-16.233147,59.353992,-25.1588,-6.4435644,-41.375893,-6.0009947,1.4660451,60.9139,-26.545605,4.292653
712,-0.32538294792175293,14.492217063903809,95.8623275756836,0.6163838201555054,4.9707757626177855,-88.35134487282562,-2.306679,-1.575909,24.0,0.38709798,-24.999998,-119.21136,15.883621,-78.973564,87.07078,6.7585087,3.8908303,5.7714524,-117.59192,-8.740524,70.60304,89.80191,-17.33643,1.9046807,-4.1924906,-42.057697,-2.2255313,-16.67421,61.336468,-25.785633,-6.466956,-43.199707,-5.873561,2.005053,62.833862,-27.165518,4.265679
713,-0.2882736325263977,14.72663402557373,95.07749938964844,0.5885490361688054,5.4108551354833,-88.3237600741404,-2.38281,-1.4906826,24.0,0.41993847,-24.999998,-120.43484,15.685939,-80.10789,86.91325,6.535794,3.925845,5.650347,-118.90258,-8.576448,71.616066,89.66123,-17.03498,1.8327001,-4.1432495,-43.84902,-2.6693082,-17.11333,63.33003,-26.409977,-6.4938993,-45.04484,-5.7152495,2.541726,64.752495,-27.777102,4.2407436
714,-0.2529633641242981,14.949644088745117,94.26361083984375,0.5485471466529047,5.867599597262536,-88.29894035758812,-2.4514244,-1.379624,24.0,0.45926723,-24.999998,-121.63617,15.480425,-81.24071,86.77594,6.3854856,3.960709,5.525751,-120.20773,-8.425186,72.640564,89.52524,-16.66159,1.7346987,-4.1011243,-45.66735,-3.119003,-17.556627,65.340546,-27.036741,-6.5283794,-46.908916,-5.5240746,3.069018,66.680145,-28.389875,4.2114053
715,-0.21664227545261383,15.169673919677734,93.42230224609375,0.5068548298458276,6.32857429226599,-88.28060821955613,-2.5088463,-1.2625673,24.0,0.49551842,-24.999998,-122.802956,15.269046,-82.35353,86.6489,6.240961,3.985532,5.41707,-121.48776,-8.286259,73.630615,89.38578,-16.238552,1.6425339,-4.0787315,-47.495674,-3.5811496,-17.987354,67.35741,-27.657558,-6.5646653,-48.78757,-5.312411,3.5958843,68.61631,-28.996887,4.1816354
716,-0.17542266845703125,15.388640403747559,92.55828094482422,0.47448988418597476,6.781290424502295,-88.27221990111114,-2.553478,-1.1605297,24.0,0.52213013,-24.999998,-123.92435,15.053854,-83.42773,86.52711,6.0378294,3.9901822,5.343355,-122.72162,-8.156551,74.53214,89.23802,-15.795792,1.5855585,-4.0914087,-49.31078,-4.0598836,-18.385887,69.3673,-28.26769,-6.5957394,-50.668793,-5.094313,4.131421,70.55445,-29.593084,4.1578116
717,-0.13549552857875824,15.611928939819336,91.67022705078125,0.4596448341607445,7.222350649099674,-88.27675147667915,-2.584481,-1.087068,24.0,0.5360117,-24.999998,-125.00188,14.838587,-84.46086,86.40759,5.758284,3.9661946,5.2944036,-123.90614,-8.034149,75.32001,89.08846,-15.342401,1.5725919,-4.156773,-51.111195,-4.554935,-18.744408,71.36816,-28.863363,-6.6241794,-52.560196,-4.8701963,4.6842504,72.50219,-30.17726,4.1369495
718,-0.10288970917463303,15.823870658874512,90.7601547241211,0.4549384889098468,7.657779584869329,-88.29145045552164,-2.606294,-1.0296364,24.0,0.5452969,-24.999998,-126.041885,14.626491,-85.46543,86.295334,5.4382567,3.9208326,5.263928,-125.05114,-7.9192753,76.01711,88.94339,-14.870967,1.5855285,-4.264236,-52.89899,-5.055667,-19.074873,73.36532,-29.456903,-6.656784,-54.452026,-4.630849,5.2406344,74.45779,-30.76053,4.114071
719,-0.07118339836597443,16.041244506835938,89.82654571533203,0.44617599106999883,8.089710533539808,-88.3114506677692,-2.62458,-0.97027934,24.0,0.5599992,-24.999998,-127.04063,14.417839,-86.444466,86.19818,5.0938287,3.866974,5.2777643,-126.15805,-7.810947,76.64813,88.797966,-14.3838415,1.6129396,-4.385702,-54.69297,-5.561401,-19.395226,75.36005,-30.034035,-6.69285,-56.348793,-4.368268,5.7870655,76.410065,-31.325483,4.087979
720,-0.021755745634436607,16.247512817382812,88.8779067993164,0.4204365716903591,8.519819825403419,-88.33180020646229,-2.6447484,-0.89184433,24.0,0.5887125,-24.999998,-127.994255,14.210575,-87.398445,86.12617,4.742158,3.8161685,5.361945,-127.22858,-7.7075095,77.23745,88.64997,-13.882843,1.643319,-4.49359,-56.481964,-6.07195,-19.71,77.34948,-30.603699,-6.720912,-58.226685,-4.0898805,6.3113513,78.33971,-31.874474,4.072065
721,0.027307478711009026,16.455148696899414,87.90924072265625,0.3707475312730903,8.94957929769565,-88.34960047322815,-2.6675112,-0.77890235,24.0,0.6293617,-24.999998,-128.90001,14.004694,-88.34819,86.09377,4.379287,3.7583745,5.553977,-128.27132,-7.6093893,77.789604,88.50641,-13.342993,1.6756365,-4.576112,-58.285545,-6.5817003,-20.04153,79.33944,-31.157259,-6.756255,-60.09559,-3.7808216,6.7955523,80.25523,-32.404484,4.0480886
722,0.0770900771021843,16.656089782714844,86.92418670654297,0.3056139573369725,9.378326451999273,-88.36842158316318,-2.6909065,-0.6449353,24.0,0.6787781,-24.999998,-129.76363,13.801031,-89.29041,86.09501,3.9966872,3.6902678,5.8289676,-129.2848,-7.517482,78.2972,88.369804,-12.769349,1.7142599,-4.649898,-60.090275,-7.089957,-20.379341,81.322,-31.699247,-6.7998114,-61.951874,-3.4513495,7.251574,82.15559,-32.91981,4.023648
723,0.12475914508104324,16.848163604736328,85.92395782470703,0.23309934341268881,9.800332590306741,-88.39295048584945,-2.7143404,-0.5105731,24.0,0.7409534,-24.999998,-130.58865,13.5975485,-90.18004,86.11292,3.6093876,3.6321096,6.122099,-130.25177,-7.43032,78.76406,88.236275,-12.2077265,1.7549984,-4.731214,-61.887493,-7.6005087,-20.70554,83.29648,-32.230183,-6.8438425,-63.792652,-3.1010802,7.680892,84.04526,-33.423985,3.9906719
724,0.16710269451141357,17.037185668945312,84.90860748291016,0.16011906610253282,10.215164439726646,-88.42948765786662,-2.7323267,-0.39330578,24.0,0.8166197,-24.999998,-131.38216,13.390526,-90.96269,86.13437,3.2385862,3.6031702,6.3686304,-131.16348,-7.344736,79.20006,88.10581,-11.702003,1.7924817,-4.833711,-63.677113,-8.103774,-21.020035,85.25652,-32.746796,-6.900976,-65.626144,-2.7345443,8.101391,85.923645,-33.910606,3.9576705
725,0.21002823114395142,17.22182273864746,83.88634490966797,0.08563250608356987,10.624796192541934,-88.48207404079838,-2.737801,-0.29104403,24.0,0.9061163,-24.999998,-132.15013,13.178682,-91.614685,86.16781,2.8981135,3.610593,6.534829,-132.0278,-7.2595987,79.618935,87.98977,-11.247785,1.8239617,-4.953435,-65.45295,-8.600435,-21.309046,87.18835,-33.24217,-6.9568653,-67.44343,-2.3461657,8.503829,87.77314,-34.37176,3.9172933
726,0.2638222873210907,17.399629592895508,82.85253143310547,0.004721555655615703,11.030901879006247,-88.54784299472117,-2.7294803,-0.19064425,24.0,1.0031013,-24.999998,-132.8885,12.9630165,-92.1546,86.224884,2.5827825,3.641236,6.661496,-132.85292,-7.1756334,80.021416,87.89394,-10.823318,1.8507421,-5.083508,-67.225914,-9.095347,-21.580338,89.110214,-33.724415,-7.010233,-69.254005,-1.9438651,8.898335,89.60601,-34.81211,3.886395
727,0.3075978457927704,17.570417404174805,81.81117248535156,-0.07247585127870308,11.422313643990353,-88.61686720758004,-2.7186759,-0.10157001,24.0,1.101469,-24.999998,-133.57767,12.74345,-92.59539,86.301,2.2822464,3.6826968,6.797326,-133.61807,-7.092191,80.39218,87.8127,-10.447763,1.8726034,-5.2353554,-68.97615,-9.587274,-21.840246,91.0095,-34.191452,-7.074644,-71.042046,-1.5336038,9.273134,91.42353,-35.238678,3.8493347
728,0.3470732867717743,17.738658905029297,80.7642593383789,-0.1374558775606692,11.788738853038355,-88.67974154544892,-2.7161705,-0.03335682,24.0,1.1956905,-24.999998,-134.20032,12.518949,-92.951355,86.3921,1.9866073,3.7224123,6.989446,-134.30473,-7.0073028,80.71494,87.740295,-10.142974,1.8892825,-5.418911,-70.68806,-10.088744,-22.078663,92.87914,-34.638046,-7.1417303,-72.80281,-1.1332643,9.63945,93.22555,-35.649998,3.8151436
729,0.38991403579711914,17.910259246826172,79.71588897705078,-0.1769620716436853,12.131839182743315,-88.73434943835197,-2.7263274,-0.0064297253,24.0,1.2870498,-24.999998,-134.76196,12.29007,-93.223595,86.49971,1.7056788,3.7567217,7.253175,-134.91374,-6.9198055,80.97571,87.68574,-9.963332,1.895079,-5.6460395,-72.36177,-10.611001,-22.274967,94.71144,-35.054417,-7.2009287,-74.5495,-0.75247115,10.020819,95.00815,-36.035347,3.7943854
730,0.4302499294281006,18.066375732421875,78.66773986816406,-0.19948275085613235,12.45667062850122,-88.78542112895455,-2.7440295,-0.011693603,24.0,1.3797424,-24.999998,-135.27278,12.059043,-93.412186,86.62941,1.4379334,3.790279,7.5595207,-135.45662,-6.8303175,81.18133,87.6538,-9.885191,1.8914812,-5.9058127,-73.99457,-11.137297,-22.43954,96.51341,-35.4602,-7.25914,-76.26915,-0.38191,10.404387,96.773834,-36.41212,3.7815866
731,0.4695662260055542,18.211729049682617,77.61731719970703,-0.22599080528889012,12.75883974318685,-88.83303085472711,-2.766726,-0.01715247,24.0,1.4725335,-24.999998,-135.72362,11.826918,-93.530754,86.78074,1.1560794,3.8224566,7.8889704,-135.93336,-6.739446,81.352036,87.63213,-9.810686,1.8872006,-6.173146,-75.59494,-11.660299,-22.598896,98.296295,-35.855743,-7.322539,-77.95058,-0.013611051,10.765341,98.5203,-36.779785,3.7697656
732,0.5222898125648499,18.35146713256836,76.5693130493164,-0.27773004974753446,13.03421398577675,-88.877585679472,-2.7914705,0.0102858,24.0,1.5633366,-24.999998,-136.10602,11.593626,-93.59393,86.95402,0.8314014,3.8519337,8.22172,-136.344,-6.6479955,81.50954,87.6096,-9.6398945,1.8887429,-6.4232726,-77.16582,-12.178884,-22.767935,100.063515,-36.236347,-7.3839397,-79.57868,0.351449,11.088059,100.2322,-37.129955,3.7641716
733,0.5796826481819153,18.487815856933594,75.52214813232422,-0.36931540799636126,13.284962693795999,-88.91797239771097,-2.8168697,0.09137842,24.0,1.6499327,-24.999998,-136.42036,11.3592,-93.59064,87.16092,0.45820966,3.8596141,8.583313,-136.69226,-6.557734,81.64912,87.58634,-9.337311,1.898219,-6.66324,-78.71677,-12.689293,-22.97546,101.81814,-36.600735,-7.4584193,-81.14891,0.7190756,11.345667,101.90813,-37.464676,3.7509532
734,0.6455963253974915,18.613601684570312,74.47811126708984,-0.4862850899934576,13.513401506987744,-88.95458046790704,-2.8424869,0.20547068,24.0,1.7310895,-24.999998,-136.67435,11.124519,-93.51812,87.396095,0.051304605,3.8510396,8.971843,-136.98233,-6.4702115,81.76897,87.56813,-8.957031,1.9093628,-6.898452,-80.23956,-13.198043,-23.19936,103.55715,-36.954266,-7.5368786,-82.6685,1.0791171,11.562692,103.553474,-37.789448,3.7410204
735,0.7092243432998657,18.74016761779785,73.43791961669922,-0.6061945890278384,13.714853020600469,-88.98988805727353,-2.8673413,0.3239313,24.0,1.806713,-24.999998,-136.87044,10.89013,-93.40602,87.6339,-0.39044616,3.8624525,9.327054,-137.21248,-6.385078,81.89602,87.55286,-8.531871,1.9159267,-7.102311,-81.73142,-13.706304,-23.418951,105.27036,-37.283768,-7.6203732,-84.153625,1.4327976,11.762124,105.17401,-38.0937,3.7289376
736,0.7705981731414795,18.85662269592285,72.39883422851562,-0.706451782365404,13.884355347644304,-89.02598632598544,-2.8915565,0.41743845,24.0,1.8781856,-24.999998,-137.01169,10.656283,-93.28938,87.85004,-0.87226444,3.9301035,9.588831,-137.38152,-6.3000884,82.0594,87.5396,-8.091155,1.9128532,-7.2485814,-83.17462,-14.21364,-23.604322,106.96117,-37.605072,-7.6996403,-85.60782,1.7739993,11.978289,106.78602,-38.391354,3.7254877
737,0.8274697065353394,18.970035552978516,71.36051940917969,-0.7871073858248063,14.02009143515055,-89.06482012298095,-2.9171827,0.48161086,24.0,1.9535025,-24.999998,-137.09831,10.422443,-93.16936,88.04204,-1.4464347,4.0924783,9.728684,-137.48749,-6.2120795,82.284546,87.529465,-7.580303,1.9015374,-7.3053794,-84.57432,-14.71704,-23.758085,108.629684,-37.912754,-7.777253,-87.03584,2.107588,12.210027,108.38943,-38.67471,3.7264762
738,0.8877705931663513,19.085012435913086,70.3275146484375,-0.8581191615712325,14.125215725847765,-89.10455115712541,-2.942868,0.53177494,24.0,2.0287898,-24.999998,-137.13127,10.188644,-93.03349,88.222115,-2.096557,4.320776,9.783567,-137.53558,-6.1193533,82.55997,87.5263,-6.9983063,1.8842072,-7.2930775,-85.937836,-15.219148,-23.886412,110.27215,-38.19823,-7.8485384,-88.4368,2.4330356,12.450991,109.97221,-38.93437,3.7359254
739,0.9470176100730896,19.18749237060547,69.29896545410156,-0.9116299820303069,14.202357193035702,-89.14165607910336,-2.9665031,0.5658659,24.0,2.091742,-24.999998,-137.11407,9.956589,-92.90055,88.38908,-2.725949,4.5517673,9.789796,-137.53146,-6.0220513,82.849144,87.53229,-6.4598975,1.8583409,-7.265182,-87.25742,-15.718844,-23.984169,111.89304,-38.476288,-7.914466,-89.80744,2.747661,12.70974,111.54425,-39.188755,3.7563226
740,0.9948509931564331,19.298294067382812,68.27906036376953,-0.9398212217781285,14.253968883842884,-89.17272242682722,-2.9893115,0.5784934,24.0,2.1348102,-24.999998,-137.05148,9.729243,-92.79918,88.54204,-3.2419088,4.723058,9.780467,-137.4794,-5.9218435,83.10571,87.54652,-6.084345,1.8211292,-7.276205,-88.54584,-16.22045,-24.052702,113.47305,-38.71731,-7.9830317,-91.16474,3.0586789,12.984822,113.09341,-39.412937,3.774998
741,1.049349308013916,19.406545639038086,67.26953125,-0.929097116699854,14.281350790005888,-89.19114280676315,-3.0253727,0.54689187,24.0,2.1632547,-24.999998,-136.94923,9.509344,-92.75125,88.67959,-3.6369317,4.822533,9.721546,-137.37456,-5.8191533,83.30706,87.56414,-5.964592,1.7714678,-7.335611,-89.7939,-16.734987,-24.054785,115.0165,-38.930836,-8.025877,-92.5124,3.3519182,13.315897,114.62482,-39.615383,3.8204763
742,1.0978246927261353,19.506507873535156,66.26500701904297,-0.8871586469263727,14.282930491651056,-89.20056366100891,-3.0771425,0.47280276,24.0,2.1898882,-24.999998,-136.80637,9.2982435,-92.75465,88.80298,-3.959365,4.8851967,9.605069,-137.21414,-5.713476,83.46301,87.580864,-6.0262494,1.7133404,-7.417661,-91.00245,-17.248796,-24.013815,116.53271,-39.129444,-8.061129,-93.842674,3.6367717,13.681083,116.14773,-39.807766,3.876977
743,1.1347606182098389,19.593610763549805,65.26897430419922,-0.8378308787121461,14.256093142723346,-89.21302639269446,-3.1264396,0.38936415,24.0,2.2152524,-24.999998,-136.61617,9.096651,-92.79745,88.913345,-4.197915,4.9183025,9.502525,-137.00551,-5.606286,83.58093,87.597206,-6.135361,1.6508492,-7.523551,-92.16881,-17.741377,-23.967825,118.02698,-39.325153,-8.108417,-95.1313,3.9269078,14.042897,117.654594,-39.996044,3.9307787
744,1.1747870445251465,19.69718360900879,64.28589630126953,-0.8051867884091494,14.198468851015093,-89.24048062069473,-3.1529188,0.33218214,24.0,2.2364643,-24.999998,-136.37074,8.904137,-92.86324,89.01024,-4.3405595,4.9292994,9.486947,-136.75682,-5.500709,83.67163,87.61246,-6.1588254,1.5872327,-7.6535945,-93.316895,-18.212698,-23.93198,119.491066,-39.483707,-8.163975,-96.38566,4.237362,14.383479,119.11877,-40.136143,3.983463
745,1.2191706895828247,19.794174194335938,63.31148910522461,-0.7887293858181922,14.108413346732465,-89.27918061484765,-3.153227,0.31152403,24.0,2.242598,-24.999998,-136.06218,8.719127,-92.95529,89.09178,-4.3355937,4.9068666,9.593817,-136.46782,-5.3993697,83.753075,87.62654,-6.0723805,1.5246325,-7.818093,-94.43211,-18.659369,-23.905174,120.94233,-39.63415,-8.225909,-97.59009,4.5581956,14.708318,120.557915,-40.2609,4.043507
746,1.2605268955230713,19.89093780517578,62.3469123840332,-0.7786888087561952,13.986450182064736,-89.32502364213727,-3.1336124,0.31332988,24.0,2.2330382,-24.999998,-135.69408,8.540349,-93.07333,89.15766,-4.203414,4.852749,9.780566,-136.13503,-5.30379,83.82416,87.638565,-5.9397974,1.4608896,-8.012268,-95.513695,-19.087908,-23.887886,122.37328,-39.7737,-8.302498,-98.75314,4.888215,15.020979,121.972404,-40.367527,4.1061125
747,1.2931404113769531,19.99574089050293,61.39604568481445,-0.7843798776662804,13.835203082944266,-89.3895131617338,-3.0860634,0.3387569,24.0,2.2171984,-24.999998,-135.27592,8.367617,-93.19291,89.20875,-4.038856,4.7929716,10.003353,-135.76128,-5.216477,83.86611,87.64604,-5.7624946,1.3915262,-8.212398,-96.57154,-19.488676,-23.898144,123.7764,-39.88552,-8.399356,-99.87684,5.2380705,15.295468,123.34946,-40.436214,4.1515617
748,1.333880066871643,20.103050231933594,60.46306610107422,-0.8151907571008975,13.656627524200205,-89.48399161972914,-3.0026596,0.39126453,24.0,2.2036161,-24.999998,-134.81766,8.213574,-93.281624,89.228386,-3.9318538,4.756858,10.219371,-135.34955,-5.1458983,83.85957,87.63695,-5.5437093,1.31526,-8.393891,-97.60197,-19.856865,-23.929916,125.15605,-39.98072,-8.498541,-100.95364,5.6093297,15.5382595,124.68078,-40.465893,4.1977105
749,1.3807309865951538,20.216236114501953,59.54627990722656,-0.8802167641053156,13.448961462121826,-89.62446953429011,-2.8589323,0.48842978,24.0,2.1857514,-24.999998,-134.31567,8.062667,-93.34509,89.228745,-3.9035478,4.7452173,10.428566,-134.90375,-5.0892887,83.78667,87.619774,-5.233216,1.2172496,-8.5407715,-98.608635,-20.179726,-24.000074,126.516556,-40.060917,-8.606931,-101.98204,6.0160527,15.731565,125.963135,-40.44789,4.235087
750,1.4370532035827637,20.33158302307129,58.64316940307617,-0.9720734206282807,13.210985893493259,-89.79988649166441,-2.66309,0.6302158,24.0,2.1550403,-24.999998,-133.76529,7.920469,-93.386826,89.20063,-3.903974,4.7472806,10.652346,-134.42041,-5.0521894,83.6624,87.59021,-4.8514585,1.104232,-8.66679,-99.588234,-20.467299,-24.097015,127.86138,-40.129616,-8.718119,-102.96444,6.4464583,15.891102,127.20464,-40.391266,4.2742977
751,1.4884406328201294,20.456533432006836,57.760013580322266,-1.0760361357779968,12.94531516558448,-89.98160799370916,-2.4544663,0.79334265,24.0,2.1166265,-24.999998,-133.17426,7.8116274,-93.38679,89.122154,-3.932751,4.7661495,10.878773,-133.89558,-5.0349402,83.543076,87.5432,-4.4850945,1.0007463,-8.79339,-100.53962,-20.746374,-24.222652,129.17108,-40.16541,-8.846259,-103.91025,6.877027,16.015295,128.40398,-40.2971,4.3010697
752,1.5368361473083496,20.58182716369629,56.89279556274414,-1.177169145247057,12.65405649556301,-90.14116482188953,-2.2739131,0.93353385,24.0,2.0855749,-24.999998,-132.55247,7.682716,-93.33234,89.07054,-3.977318,4.7820764,11.087016,-133.32011,-5.0231094,83.414185,87.50833,-4.27139,0.9188558,-8.949067,-101.45733,-21.042913,-24.354277,130.44795,-40.172222,-8.982559,-104.82447,7.2801404,16.132977,129.57695,-40.18799,4.330143
753,1.584121823310852,20.71192741394043,56.04144287109375,-1.2804641671253747,12.322428961982316,-90.27991618520822,-2.111918,1.0582372,24.0,2.0385344,-24.297964,-131.88266,7.5322723,-93.17414,89.03748,-4.0354443,4.782829,11.279045,-132.67644,-5.0159698,83.31836,87.492645,-4.244077,0.8676663,-9.147041,-102.328964,-21.352581,-24.497261,131.69502,-40.15207,-9.128055,-105.69188,7.6516623,16.242363,130.72414,-40.064777,4.36257
754,1.637237548828125,20.853744506835938,55.20620346069336,-1.3915757578154617,11.959462198727193,-90.41018925676029,-1.9447857,1.1956145,24.0,1.9724499,-23.541828,-131.17053,7.379289,-92.916336,88.99415,-4.1065893,4.778005,11.46522,-131.98419,-5.01528,83.26995,87.49418,-4.319832,0.8381665,-9.367148,-103.17455,-21.672491,-24.646713,132.9101,-40.091713,-9.274049,-106.52806,8.00646,16.342833,131.8346,-39.906395,4.4010997
755,1.6830893754959106,20.98708152770996,54.38542175292969,-1.4982408607612252,11.576827837232475,-90.51944364033118,-1.7822338,1.3473969,24.0,1.8882375,-22.780546,-130.42271,7.2228274,-92.60105,88.95026,-4.1775656,4.7879553,11.649456,-131.26349,-5.0211287,83.26652,87.50607,-4.4265666,0.82406604,-9.587818,-103.985306,-22.008837,-24.80503,134.09782,-40.0141,-9.433992,-107.33183,8.335865,16.438763,132.92674,-39.74802,4.4384985
756,1.7362754344940186,21.122325897216797,53.58163070678711,-1.5883410442601233,11.185851741604818,-90.59541941805054,-1.6372148,1.5097306,24.0,1.7907622,-22.032728,-129.64732,7.0601726,-92.28855,88.9199,-4.2477818,4.832879,11.8335085,-130.53276,-5.034067,83.30342,87.52032,-4.4879804,0.81742334,-9.7887745,-104.7837,-22.382605,-24.924564,135.24599,-39.889713,-9.575944,-108.13087,8.640614,16.572174,133.99187,-39.568295,4.5011816
757,1.7765101194381714,21.265701293945312,52.795101165771484,-1.662392774210421,10.792956988234902,-90.62798963872372,-1.5280678,1.6744866,24.0,1.6917504,-21.305792,-128.84949,6.8931,-92.019485,88.913925,-4.335768,4.9309998,12.039608,-129.79669,-5.052046,83.39198,87.53347,-4.522099,0.8301914,-9.973077,-105.580734,-22.808573,-25.034462,136.34535,-39.701584,-9.732593,-108.935265,8.913013,16.710888,135.0301,-39.36562,4.554977
758,1.8161673545837402,21.38928985595703,52.02103805541992,-1.7256706852652994,10.39094810997606,-90.62648081707104,-1.4470245,1.8377767,24.0,1.5927303,-20.58814,-128.0262,6.719086,-91.7712,88.928665,-4.4459414,5.0662117,12.256491,-129.04375,-5.0737834,83.520706,87.551186,-4.557503,0.86121887,-10.150489,-106.34735,-23.264627,-25.124605,137.42268,-39.503315,-9.88678,-109.71207,9.152877,16.877125,136.06079,-39.18337,4.62841
759,1.8570246696472168,21.525066375732422,51.261390686035156,-1.7722390123888612,9.97195739157046,-90.60775735741758,-1.3766067,1.9930158,24.0,1.4938911,-19.873001,-127.1762,6.5398808,-91.52533,88.94947,-4.561882,5.212067,12.432783,-128.26706,-5.100599,83.63996,87.568565,-4.5377064,0.8832289,-10.312518,-107.104675,-23.738441,-25.18031,138.46036,-39.25335,-10.0323515,-110.48696,9.38852,17.073095,137.0638,-38.962208,4.714349
760,1.8914196491241455,21.6518611907959,50.51387405395508,-1.7951236876772623,9.52764852689161,-90.58855259988297,-1.3047602,2.1277885,24.0,1.4014066,-19.151089,-126.29892,6.361027,-91.27059,88.96095,-4.667483,5.342809,12.515402,-127.45758,-5.1352696,83.68872,87.57513,-4.411373,0.8692745,-10.451934,-107.81861,-24.19478,-25.212244,139.47615,-39.004475,-10.180393,-111.23395,9.634968,17.300066,138.05826,-38.734993,4.8105984
761,1.9099019765853882,21.79282569885254,49.78462600708008,-1.7806944581921131,9.052419370219333,-90.56939298003175,-1.2453414,2.2156744,24.0,1.3423772,-18.422222,-125.39288,6.1903915,-91.00481,88.961136,-4.77464,5.467522,12.439573,-126.60393,-5.179851,83.60593,87.55376,-4.0937476,0.79768765,-10.560485,-108.494064,-24.632118,-25.215883,140.44681,-38.724422,-10.339754,-111.970436,9.903957,17.554865,139.02994,-38.464108,4.8993006
762,1.9087191820144653,21.923768997192383,49.068538665771484,-1.7343390353259702,8.551714428279244,-90.54277194646005,-1.2171096,2.2502763,24.0,1.3271359,-17.690706,-124.462585,6.038754,-90.75521,88.9532,-4.886525,5.5982337,12.2439,-125.7084,-5.2304115,83.40855,87.50047,-3.646126,0.68833685,-10.647212,-109.116234,-25.053461,-25.20925,141.39088,-38.450466,-10.521183,-112.678734,10.18006,17.830929,139.99843,-38.194866,4.980589
763,1.9040435552597046,22.063940048217773,48.36637496948242,-1.6779026073390437,8.033906763148545,-90.51270550752918,-1.2093635,2.257244,24.0,1.3277084,-16.950497,-123.5152,5.909171,-90.5457,88.93072,-4.971685,5.713044,12.031967,-124.78586,-5.2799616,83.16884,87.42966,-3.2302058,0.575728,-10.729796,-109.72563,-25.475117,-25.190407,142.30254,-38.1411,-10.707398,-113.380455,10.463871,18.113953,140.94138,-37.88834,5.060263
764,1.8998324871063232,22.19298553466797,47.689178466796875,-1.5898022461423849,7.549463404275817,-90.4467143130801,-1.2477652,2.2177694,24.0,1.3292552,-16.230333,-122.597466,5.7729096,-90.395996,88.93797,-4.977556,5.7793555,11.897554,-123.88375,-5.3324003,82.93131,87.341576,-3.021659,0.49761307,-10.82609,-110.28507,-25.859789,-25.106264,142.99998,-37.73948,-10.855498,-114.107445,10.737935,18.45104,141.8539,-37.56744,5.1632695
765,1.878361463546753,22.357505798339844,47.10691833496094,-0.7390648890279191,7.741148462096924,-89.72119584301099,-2.4888458,0.96574193,24.0,2.0407999,-16.17137,-122.5251,5.7634325,-90.81008,89.44677,-4.7752905,5.7055373,11.62989,-123.58616,-5.29497,82.30785,86.86811,-2.9155238,0.5128343,-11.021541,-111.67066,-26.581205,-23.352346,142.99998,-36.554813,-10.283917,-115.962494,11.07913,20.031906,142.68979,-36.86337,5.6888776
766,1.8666244745254517,22.534072875976562,46.588592529296875,-0.432243067319347,8.3506065930265,-89.43054681753453,-3.0670621,0.4411021,24.0,2.4286475,-16.529598,-122.87405,5.823495,-91.22012,89.666435,-4.7405276,5.6335044,11.456778,-123.82863,-5.2257876,81.802185,86.72341,-3.157324,0.490669,-11.10375,-113.57238,-27.291967,-22.513144,142.99998,-35.242523,-10.106414,-118.001564,11.534625,20.416784,142.99998,-35.763954,5.67446
767,1.856979489326477,22.72052001953125,46.10011672973633,-0.45346632975718065,9.220532431999823,-89.39605184964785,-3.0873632,0.55418897,24.0,2.3894894,-17.12289,-123.436745,5.848491,-91.31492,89.66019,-4.6352286,5.572415,11.371082,-124.45142,-5.2095594,81.71886,86.82816,-3.4624894,0.45956457,-11.040418,-115.80036,-28.032597,-22.213814,142.99998,-33.835148,-10.172589,-120.17224,12.001366,20.049854,142.99998,-34.432438,5.310488
768,1.8690426349639893,22.906057357788086,45.60076141357422,-0.4897007088867711,10.085800450501656,-89.3529640726887,-3.0849793,0.7277806,24.0,2.3329978,-17.697113,-124.00014,5.8618407,-91.3718,89.634605,-4.3595147,5.5482397,11.25259,-125.09441,-5.2059965,81.715195,86.936455,-3.757681,0.43315333,-10.924695,-118.05342,-28.780159,-21.858597,142.99998,-32.40169,-10.2037525,-122.346115,12.441812,19.689093,142.99998,-33.09345,4.976215
769,1.876696228981018,23.08194351196289,45.098419189453125,-0.5521651043619783,10.940512404673163,-89.29473665273396,-3.0663512,0.9846159,24.0,2.2376552,-18.255714,-124.54871,5.877384,-91.46307,89.56529,-3.9007533,5.583981,11.119334,-125.75369,-5.211881,81.82169,87.053314,-4.054085,0.41093194,-10.743599,-120.29323,-29.551016,-21.522993,142.99998,-30.96993,-10.263364,-124.486,12.816536,19.278011,142.99998,-31.787094,4.620079
770,1.9038435220718384,23.244352340698242,44.59724044799805,-0.6305626835089754,11.77081514538777,-89.24235851029303,-2.997463,1.3451767,24.0,2.062294,-18.78218,-125.065,5.88104,-91.560715,89.45017,-3.3211775,5.6515746,11.004566,-126.42533,-5.2428894,82.17546,87.17492,-4.2589464,0.40319577,-10.508932,-122.55072,-30.0,-21.049181,142.99998,-29.604952,-10.097681,-126.57042,13.158075,18.877254,142.99998,-30.512594,4.296935
771,1.9332319498062134,23.395090103149414,44.098453521728516,-0.7000856472739898,12.562461568946368,-89.21512026405803,-2.9048858,1.7193264,24.0,1.8697083,-19.278072,-125.56219,5.8634105,-91.61663,89.35086,-2.6620848,5.713042,10.843527,-127.07436,-5.2881203,82.539825,87.28695,-4.451331,0.3940152,-10.25088,-124.81035,-30.0,-20.415724,142.99998,-28.334007,-9.646174,-128.59233,13.493768,18.481224,142.99998,-29.261038,3.9839826
772,1.953734040260315,23.542726516723633,43.602684020996094,-0.7535732437464236,13.316348384917749,-89.2039535803276,-2.808423,2.0263722,24.0,1.7043417,-19.74135,-126.055084,5.836782,-91.6625,89.28206,-2.0692642,5.746159,10.580698,-127.680695,-5.344057,82.84046,87.36824,-4.5478783,0.37604925,-9.997442,-126.99986,-30.0,-19.785717,142.99998,-27.077436,-9.212344,-130.56569,13.819954,18.077995,142.99998,-28.021866,3.658996
773,1.9601637125015259,23.673442840576172,43.111183166503906,-0.7762315140515755,14.029941450120457,-89.2133955319285,-2.7395782,2.2179105,24.0,1.6105332,-20.16294,-126.549095,5.8197594,-91.739876,89.2459,-1.5347435,5.747208,10.137603,-128.22691,-5.390412,82.98709,87.40839,-4.5444546,0.34905848,-9.761962,-129.08432,-30.0,-19.176046,142.99998,-25.86823,-8.823458,-132.4755,14.147405,17.680391,142.99998,-26.808762,3.325282
774,1.9607577323913574,23.809423446655273,42.63502883911133,-0.7766248717962714,14.700767790321587,-89.23508945940749,-2.6937878,2.3282444,24.0,1.5695395,-20.543814,-127.03184,5.811918,-91.84999,89.226616,-1.0155783,5.7292504,9.566041,-128.72035,-5.4294767,83.048775,87.41977,-4.458733,0.3179438,-9.533847,-131.08635,-30.0,-18.56959,142.99998,-24.681032,-8.4575,-134.33237,14.472048,17.289162,142.99998,-25.6048,2.9875417
775,1.945509433746338,23.94203758239746,42.16523361206055,-0.7653498772582351,15.328451571648632,-89.26558100384958,-2.666791,2.3645132,24.0,1.5753716,-20.89255,-127.495705,5.8096843,-92.02162,89.22373,-0.6156646,5.695772,8.993611,-129.15987,-5.492749,83.06265,87.38947,-4.3297105,0.28694698,-9.315152,-132.99829,-30.0,-18.005253,142.99998,-23.529898,-8.136951,-136.12576,14.773063,16.877737,142.99998,-24.426926,2.626107
776,1.936949610710144,24.066787719726562,41.712547302246094,-0.7526452103213395,15.9126943167909,-89.29723214619818,-2.6618948,2.3523738,24.0,1.6243364,-21.220076,-127.92911,5.8171134,-92.15305,89.24314,-0.3306875,5.648827,8.551916,-129.55379,-5.552256,83.02533,87.35476,-4.2547865,0.2613953,-9.104119,-134.81073,-30.0,-17.451195,142.99998,-22.42197,-7.8198028,-137.82942,15.0435505,16.485756,142.99998,-23.298634,2.2832096
777,1.9188132286071777,24.175413131713867,41.27125549316406,-0.7424313055943783,16.446258667703177,-89.331239610825,-2.6679032,2.30239,24.0,1.6970259,-21.52873,-128.31815,5.8310976,-92.19651,89.28625,-0.1899777,5.5846643,8.301011,-129.89539,-5.6005654,82.97737,87.35503,-4.2180014,0.22069573,-8.895527,-136.50262,-30.0,-16.955814,142.99998,-21.377352,-7.543588,-139.42767,15.26832,16.08393,142.99998,-22.235214,1.9294671
778,1.8973900079727173,24.28847312927246,40.855712890625,-0.730585713799766,16.928024214386244,-89.36976713681346,-2.683828,2.2180846,24.0,1.7985656,-21.81386,-128.66814,5.84494,-92.1783,89.35565,-0.17214109,5.5065274,8.168076,-130.18884,-5.6306133,82.936035,87.37955,-4.171113,0.17827955,-8.689526,-138.08322,-30.0,-16.49921,142.99998,-20.381516,-7.295272,-140.9307,15.461978,15.682368,142.99998,-21.217693,1.5715941
779,1.8771400451660156,24.384733200073242,40.45542907714844,-0.6696139894767438,17.3787626628069,-89.4244505229667,-2.703029,2.0509965,24.0,1.9191906,-22.074928,-129.00262,5.8679595,-92.11601,89.43846,-0.18011062,5.425132,8.081918,-130.45517,-5.6651764,82.86896,87.38334,-4.1439595,0.1398767,-8.492642,-139.54837,-30.0,-16.041288,142.99998,-19.45972,-7.083325,-142.37547,15.705275,15.344861,142.99998,-20.221615,1.2597543
780,1.866441249847412,24.491256713867188,40.171165466308594,-1.0639661755898546,17.41627393772443,-89.51583192853576,-2.4485285,2.5376852,24.0,1.7079034,-21.89947,-128.74858,5.9127927,-91.77919,89.20108,-0.20917262,5.434101,8.197828,-130.22911,-5.7764835,82.842575,87.459,-4.3443613,0.110595055,-8.373664,-140.453,-30.0,-16.182026,142.99998,-18.675293,-6.89055,-142.85008,15.476822,14.715645,142.99998,-19.785952,0.9259097
781,1.863791584968567,24.576566696166992,39.925987243652344,-1.6070481335694569,17.389072331864924,-89.61595537319705,-1.9953923,3.3684464,24.0,1.2126613,-21.628448,-128.3899,5.9003196,-91.17646,88.86946,-0.20175876,5.45851,8.38106,-130.0008,-5.9397483,83.08739,87.62196,-4.5378323,0.08524132,-8.226302,-141.25583,-30.0,-16.465677,142.99998,-17.926779,-6.655667,-143.06294,15.079739,13.989179,142.99998,-19.54758,0.5813847
782,1.854812741279602,24.65308380126953,39.70390701293945,-2.0487103811604346,17.318274665273503,-89.71918364966255,-1.6124427,4.01678,24.0,0.7953409,-21.301382,-128.01637,5.8587275,-90.72734,88.637344,-0.2896813,5.465751,8.560593,-129.72137,-6.0654798,83.24895,87.78294,-4.748267,0.058336724,-8.123531,-141.90459,-30.0,-16.715544,142.99998,-17.27613,-6.4663877,-143.2266,14.764473,13.383861,142.99998,-19.312336,0.28579035
783,1.8408374786376953,24.74277687072754,39.55653381347656,-2.087210433627597,17.045371795671603,-89.8220291197473,-1.3107259,4.1801834,24.0,0.46869346,-20.802532,-127.41196,5.7827353,-90.09875,88.518394,-0.1320871,5.4474792,8.770092,-129.1793,-6.23917,83.423706,87.76565,-4.8648367,0.08600013,-8.108552,-141.9362,-30.0,-16.853792,142.99998,-17.001513,-6.526054,-143.26373,14.850143,13.284441,142.99998,-18.992727,0.22854812
784,1.8167393207550049,24.828096389770508,39.42772674560547,-2.1202037543094856,16.79861399271577,-89.91940248068103,-1.0727537,4.2681794,24.0,0.24681926,-20.38986,-126.88249,5.707604,-89.701035,88.444275,-0.064269505,5.429222,8.908204,-128.67291,-6.3825984,83.49,87.74672,-4.9783573,0.104187086,-8.112668,-141.95914,-30.0,-17.003448,142.99998,-16.756485,-6.5997133,-143.29916,14.909004,13.160182,142.99998,-18.705507,0.13797365
785,1.7810312509536743,24.8953857421875,39.310462951660156,-2.1451156815257746,16.57427774102334,-90.0115442538928,-0.85914314,4.319761,24.0,0.08510846,-20.076052,-126.41503,5.6308727,-89.41954,88.39235,-0.039935507,5.410821,8.9697,-128.21033,-6.513624,83.518036,87.728485,-5.0795574,0.12085087,-8.119189,-141.95851,-30.0,-17.176384,142.99998,-16.55692,-6.7005486,-143.32492,14.939941,13.016368,142.99998,-18.4592,0.014977769
786,1.7476372718811035,24.953710556030273,39.20490264892578,-2.161101264941116,16.370913618104694,-90.0986834988958,-0.70691174,4.315968,24.0,0.025807912,-19.835032,-126.00682,5.5928535,-89.304924,88.354195,-0.09922472,5.3947797,8.96778,-127.784676,-6.574635,83.51028,87.74906,-5.148174,0.12528333,-8.14069,-141.94818,-30.0,-17.33984,142.99998,-16.38437,-6.802052,-143.35023,14.965041,12.882904,142.99998,-18.236483,-0.10607209
787,1.721261978149414,25.013134002685547,39.11500549316406,-2.177914240778969,16.194440145618476,-90.18102804155352,-0.538511,4.3312078,24.0,-0.07529939,-19.652903,-125.65084,5.5393767,-89.14757,88.32124,-0.06816862,5.3819976,8.9543495,-127.42124,-6.6593413,83.479965,87.747856,-5.230245,0.13768807,-8.152293,-141.94681,-30.0,-17.483078,142.99998,-16.225285,-6.887852,-143.38152,14.982501,12.755426,142.99998,-18.032463,-0.22096099
788,1.6827294826507568,25.054964065551758,39.03733825683594,-2.1979807643718665,16.057323206660428,-90.25627095746677,-0.40320012,4.3449545,24.0,-0.14540529,-19.52307,-125.35433,5.5126543,-89.07116,88.28225,-0.00017019277,5.380137,8.953335,-127.11919,-6.7014685,83.448524,87.77734,-5.2387576,0.13123156,-8.176147,-141.94533,-30.0,-17.645552,142.99998,-16.105906,-6.988155,-143.4102,14.973364,12.599778,142.99998,-17.872643,-0.36266017
789,1.6498661041259766,25.077566146850586,38.979339599609375,-2.2261333656459645,15.958768516399465,-90.3239130083774,-0.27536967,4.37974,24.0,-0.2132621,-19.456856,-125.11194,5.4888334,-89.01508,88.23491,0.20263606,5.399983,8.986044,-126.88405,-6.73902,83.40864,87.815895,-5.1425567,0.09904368,-8.214562,-141.93668,-30.0,-17.801085,142.99998,-16.02966,-7.077164,-143.4212,14.947431,12.450686,142.99998,-17.766924,-0.49158934
790,1.6239291429519653,25.101608276367188,38.944580078125,-2.2588676398905907,15.890172357609849,-90.38691079897912,-0.12108545,4.450028,24.0,-0.36792266,-19.428537,-124.91862,5.439802,-88.86568,88.193954,0.60558265,5.430359,9.038943,-126.71387,-6.817318,83.296074,87.80788,-5.075858,0.07692963,-8.24954,-141.92972,-30.0,-17.940968,142.99998,-15.976341,-7.150846,-143.42712,14.911839,12.305789,142.99998,-17.691387,-0.6121668
791,1.5946147441864014,25.109729766845703,38.92765808105469,-2.287107072934994,15.857893681710316,-90.4404737205861,0.01879597,4.511088,24.0,-0.48781145,-19.457499,-124.78614,5.391171,-88.76416,88.15967,0.9770076,5.457386,9.082719,-126.6032,-6.895467,83.203514,87.805786,-5.001556,0.051477335,-8.278741,-141.91264,-30.0,-18.07908,142.99998,-15.967077,-7.229111,-143.4248,14.868446,12.164409,142.99998,-17.660856,-0.7308071
792,1.5631331205368042,25.101856231689453,38.9287109375,-2.3009061273455336,15.864204175623106,-90.47658004530625,0.12008076,4.541687,24.0,-0.57751304,-19.520046,-124.719574,5.35682,-88.71525,88.14547,1.2197416,5.454855,9.09418,-126.54881,-6.9529715,83.13477,87.80128,-5.020817,0.05537712,-8.285407,-141.88641,-30.0,-18.197308,142.99998,-16.002785,-7.3068137,-143.41983,14.825953,12.0457325,142.99998,-17.674038,-0.8363283
793,1.5326954126358032,25.076072692871094,38.94871139526367,-2.2968441626573943,15.913461057063436,-90.49783754109363,0.19759662,4.542055,24.0,-0.6312383,-19.61364,-124.72714,5.3306274,-88.70849,88.145775,1.2989224,5.4096293,9.06148,-126.55774,-7.0012116,83.07979,87.80398,-5.2188115,0.09240688,-8.262352,-141.85133,-30.0,-18.288298,142.99998,-16.085775,-7.380369,-143.41483,14.794059,11.95797,142.99998,-17.7313,-0.9187494
794,1.5039173364639282,25.040382385253906,38.98796844482422,-2.280944419159834,16.00109506416815,-90.50332878549023,0.24354303,4.5240746,24.0,-0.665197,-19.743427,-124.800606,5.317949,-88.7293,88.16279,1.2869565,5.3306694,8.999019,-126.62919,-7.0291476,83.04744,87.80562,-5.52396,0.16402604,-8.217775,-141.81297,-30.0,-18.353287,142.99998,-16.207293,-7.4467916,-143.41077,14.7677355,11.895482,142.99998,-17.82607,-0.98153037
795,1.4723256826400757,25.007278442382812,39.04445266723633,-2.2574711578182955,16.12074514116679,-90.49695068362773,0.26535475,4.4759855,24.0,-0.67090636,-19.916468,-124.93389,5.305305,-88.79226,88.196304,1.2236845,5.254452,8.92182,-126.74753,-7.065959,82.987045,87.78683,-5.8570805,0.23451677,-8.1598015,-141.78406,-30.0,-18.399866,142.99998,-16.347153,-7.508148,-143.41805,14.736494,11.834952,142.99998,-17.940588,-1.048027
796,1.4388878345489502,24.954015731811523,39.11544418334961,-2.2316167910136926,16.26938071581519,-90.47890664566307,0.2505217,4.403097,24.0,-0.63570386,-20.133001,-125.11245,5.2983932,-88.86964,88.25102,1.1761572,5.2060256,8.848149,-126.90249,-7.0994534,82.92453,87.75444,-6.078044,0.28396267,-8.096357,-141.7392,-30.0,-18.446083,142.99998,-16.5307,-7.5747547,-143.40863,14.691709,11.782347,142.99998,-18.10312,-1.1108978
797,1.404992699623108,24.89255142211914,39.208404541015625,-2.209352954867854,16.44920620680321,-90.4493347477298,0.20976986,4.3220987,24.0,-0.5791384,-20.409233,-125.33937,5.2972345,-88.928856,88.31961,1.1917784,5.196123,8.784632,-127.10701,-7.124883,82.87827,87.7266,-6.1341195,0.29726565,-8.011559,-141.69226,-30.0,-18.483675,142.99998,-16.740957,-7.6340566,-143.3861,14.624925,11.727277,142.99998,-18.309818,-1.1781229
798,1.3731848001480103,24.819541931152344,39.31614685058594,-2.1868459830934186,16.663647977522032,-90.40882164780804,0.13968039,4.222933,24.0,-0.49526677,-20.740568,-125.62385,5.3014245,-88.995895,88.404045,1.2246023,5.209835,8.718484,-127.361984,-7.152885,82.82893,87.68264,-6.1045694,0.2937836,-7.9077115,-141.63936,-30.0,-18.516214,142.99998,-16.996063,-7.698122,-143.36256,14.544789,11.677813,142.99998,-18.552612,-1.2419506
799,1.3465921878814697,24.745325088500977,39.43475341796875,-2.1590477628236338,16.90428964177646,-90.35415680408234,0.046356976,4.11562,24.0,-0.3899176,-21.104935,-125.95126,5.3085084,-89.0477,88.499344,1.243679,5.233749,8.654578,-127.660255,-7.1712346,82.7943,87.63881,-6.0429654,0.28319302,-7.806169,-141.6071,-30.0,-18.510155,142.99998,-17.250324,-7.7361064,-143.34996,14.46326,11.647947,142.99998,-18.810244,-1.2912656
800,1.3141438961029053,24.66274642944336,39.5638313293457,-2.119472950497883,17.164846043339537,-90.28315951498706,-0.06102895,4.0070505,24.0,-0.31364736,-21.416224,-126.30799,5.31964,-89.08564,88.59573,1.2010822,5.255001,8.600819,-127.99512,-7.1871753,82.77132,87.61324,-6.0206985,0.2681442,-7.729576,-141.56752,-30.0,-18.493603,142.99998,-17.531078,-7.777448,-143.33427,14.377969,11.630032,142.99998,-19.094007,-1.3382674
801,1.2697542905807495,24.574464797973633,39.714969635009766,-2.065404408372865,17.44965020569698,-90.19523156817016,-0.19854888,3.8757057,24.0,-0.1806398,-21.80553,-126.71101,5.3349676,-89.11841,88.69534,1.0729533,5.284782,8.543288,-128.3672,-7.2007957,82.755714,87.581665,-6.0441885,0.2579709,-7.6947694,-141.51059,-30.0,-18.475416,142.99998,-17.850105,-7.830037,-143.3081,14.280409,11.611987,142.99998,-19.416315,-1.3973626
802,1.23790442943573,24.49355125427246,39.929744720458984,-1.656574454818462,17.56860052623776,-90.09996081150432,-0.51294863,3.2160366,24.0,0.18734282,-22.031752,-126.9211,5.38963,-89.262985,88.87983,0.92450875,5.3144283,8.508452,-128.45808,-7.2130604,82.645256,87.36503,-5.9992027,0.29020667,-7.799255,-140.93195,-30.0,-18.311703,142.99998,-18.47705,-8.06549,-143.19139,14.549245,12.074488,142.99998,-19.659147,-1.2078614
803,1.1969457864761353,24.41116714477539,40.168670654296875,-1.0747126410400802,17.602822626514847,-90.00376705453704,-1.0287062,2.1893976,24.0,0.7995626,-22.135738,-127.064445,5.563392,-89.69136,89.08705,0.6917208,5.3514457,8.449575,-128.38179,-7.161435,82.222664,87.04097,-6.043304,0.33901972,-7.9992313,-140.10379,-30.0,-18.092052,142.99998,-19.249773,-8.396509,-143.02368,14.969005,12.740844,142.99998,-19.87001,-0.9380337
804,1.1457467079162598,24.32042694091797,40.42335510253906,-0.4989081007872,17.63090577598733,-89.91133182693224,-1.542012,1.1898907,24.0,1.3854067,-22.27342,-127.220764,5.7492204,-90.08805,89.302795,0.50372565,5.366866,8.394447,-128.33945,-7.059795,81.825264,86.768715,-6.066161,0.38192648,-8.177331,-139.24777,-30.0,-17.890856,142.99998,-20.043344,-8.727506,-142.80908,15.351728,13.386244,142.99998,-20.123232,-0.69624406
805,1.0999979972839355,24.25579261779785,40.81794357299805,-0.5387480853319507,17.12191772029046,-89.87369782449534,-1.6938467,1.0787768,24.0,1.5469657,-21.919277,-126.60804,5.8958797,-90.259056,89.218704,0.15960108,5.430827,8.620255,-127.680176,-6.9539447,81.617744,86.7215,-6.2029014,0.40772378,-8.44107,-137.70053,-30.0,-18.512226,142.99998,-20.991646,-9.113154,-141.36148,15.087404,13.58977,142.99998,-21.08193,-0.55165505
806,1.0579478740692139,24.193180084228516,41.24692916870117,-0.6372154862492212,16.523627998821652,-89.82976618926448,-1.7856747,1.0971771,24.0,1.6097624,-21.504417,-125.870766,6.0139103,-90.31546,89.12247,-0.16810983,5.4787397,8.902468,-126.942665,-6.844313,81.51558,86.71317,-6.310645,0.4396348,-8.707292,-135.99542,-30.0,-19.230524,142.99998,-21.996138,-9.519573,-139.71178,14.739721,13.77062,142.99998,-22.155653,-0.3975128
807,0.9993599057197571,24.13484001159668,41.69673538208008,-0.6250768778466802,15.863184537372144,-89.83465717984302,-1.8549478,0.9401983,24.0,1.7087548,-21.028112,-125.07316,6.0840425,-90.369415,89.12009,-0.40975538,5.498353,9.189315,-126.12576,-6.7601905,81.4279,86.62949,-6.3430185,0.48671547,-8.987072,-134.11374,-30.0,-19.952553,142.99998,-23.09049,-10.026161,-138.01953,14.531985,14.037885,142.99998,-23.193512,-0.19876063
808,0.9621904492378235,24.07293701171875,42.16279602050781,-0.6099024241249383,15.146421989758409,-89.8373987773928,-1.9733907,0.72979313,24.0,1.8695699,-20.463987,-124.22356,6.176035,-90.48736,89.125336,-0.562909,5.518635,9.469436,-125.235855,-6.6227837,81.28054,86.56731,-6.3475847,0.5137408,-9.277507,-132.13213,-30.0,-20.652164,142.99998,-24.211935,-10.5147505,-136.22977,14.315422,14.370019,142.99998,-24.272736,0.06045148
809,0.9240062236785889,24.00318717956543,42.64371871948242,-0.5974244481587921,14.369374961150575,-89.8358604598551,-2.0865788,0.508398,24.0,2.0214386,-19.802082,-123.30947,6.2369156,-90.603134,89.141396,-0.5598583,5.534793,9.760442,-124.27583,-6.5092382,81.154724,86.48654,-6.2512603,0.5249755,-9.547781,-130.03609,-30.0,-21.374294,142.99998,-25.370386,-11.017748,-134.32652,14.057398,14.715457,142.99998,-25.411167,0.32813132
810,0.8795236945152283,23.933433532714844,43.1351318359375,-0.578748284936003,13.535020087620795,-89.83172837964375,-2.263695,0.21394606,24.0,2.255073,-19.062925,-122.34828,6.3205075,-90.812744,89.18619,-0.46882108,5.545563,10.042239,-123.24275,-6.326327,80.9444,86.428444,-6.1137094,0.5112416,-9.823589,-127.84127,-30.0,-22.109798,142.99998,-26.551294,-11.53665,-132.33214,13.766439,15.065757,142.99998,-26.588161,0.5932426
811,0.8436514139175415,23.864137649536133,43.640907287597656,-0.5651550997508448,12.654912056197293,-89.82406520716118,-2.449993,-0.09891916,24.0,2.5034068,-18.257036,-121.34765,6.397447,-91.03787,89.25014,-0.35305914,5.5603704,10.313793,-122.16421,-6.140891,80.7424,86.35268,-5.9769297,0.49785748,-10.111081,-125.57104,-30.0,-22.834452,142.99998,-27.74497,-12.043387,-130.25392,13.444449,15.434193,142.99998,-27.805334,0.88428813
812,0.8089452981948853,23.797136306762695,44.153541564941406,-0.5592012543142763,11.74445028043164,-89.81585591122968,-2.6492853,-0.42996362,24.0,2.77611,-17.3981,-120.32862,6.4796844,-91.29206,89.33727,-0.30794117,5.586428,10.558504,-121.06051,-5.9347043,80.54442,86.271416,-5.9191456,0.4947381,-10.43519,-123.26626,-30.0,-23.547728,142.99998,-28.923199,-12.533464,-128.12666,13.091181,15.789577,142.99998,-29.042694,1.1754615
813,0.7723377346992493,23.702787399291992,44.65965270996094,-0.5591707901299112,10.817326184997905,-89.80603916938412,-2.8595786,-0.7779903,24.0,3.0661922,-16.477345,-119.302155,6.5686493,-91.56532,89.448555,-0.3642408,5.618647,10.780373,-119.943825,-5.7134104,80.38471,86.17353,-5.972403,0.5124368,-10.81424,-120.91199,-30.0,-24.26606,142.99998,-30.119965,-13.025449,-125.94236,12.70233,16.1326,142.99998,-30.326954,1.4701011
814,0.7513839602470398,23.60154914855957,45.16953659057617,-0.5486410471649726,9.858992588965899,-89.81987743729778,-3.0856106,-1.1533728,24.0,3.3815825,-15.500564,-118.269394,6.668153,-91.86323,89.58173,-0.47009495,5.655153,10.979813,-118.81471,-5.473304,80.250984,86.06001,-6.088991,0.5435242,-11.22839,-118.58717,-29.566702,-24.794361,142.99998,-31.404795,-13.219654,-123.70942,12.324193,16.501884,142.99998,-31.622551,1.8031013
815,0.7208411693572998,23.506832122802734,45.68596649169922,-0.5265797619994175,8.87136931828994,-89.85580821279342,-3.332765,-1.5627153,24.0,3.7357478,-14.507362,-117.23783,6.7826324,-92.19002,89.735085,-0.579979,5.7056274,11.1383295,-117.6814,-5.211826,80.09543,85.93577,-6.214922,0.57875884,-11.640404,-116.28616,-28.788767,-25.205582,142.99998,-32.764385,-13.231577,-121.44895,11.943829,16.840675,142.99998,-32.911915,2.1123402
816,0.6973766088485718,23.400615692138672,46.18907928466797,-0.49396211763028286,7.868156233866153,-89.88609814219473,-3.6235876,-2.0277064,24.0,4.154211,-13.535685,-116.21689,6.918386,-92.55924,89.912445,-0.6473082,5.7801,11.234866,-116.54978,-4.925834,79.85737,85.79674,-6.3002777,0.60799724,-12.014912,-113.982056,-27.989319,-25.555174,142.99998,-34.126343,-13.21758,-119.177795,11.544654,17.197515,142.99998,-34.20071,2.4375587
817,0.687606155872345,23.3148136138916,46.71056365966797,-0.7499917800652143,7.094853389757405,-90.15639007672443,-3.4780872,-2.0078468,24.0,4.3164506,-12.806207,-115.40014,7.035581,-92.80031,89.89264,-0.73792493,5.9249253,11.308647,-115.724464,-4.66899,79.718376,85.893684,-6.4120245,0.5935356,-12.272592,-111.98443,-27.218218,-26.35627,142.99998,-35.37971,-13.395927,-117.04037,11.17369,16.913832,142.73358,-35.25846,2.4828577
818,0.6607048511505127,23.29718017578125,47.38793182373047,-0.8132636558102572,7.580584720723429,-90.17873223957021,-3.5854964,-2.0373998,24.0,4.471006,-13.329036,-115.93633,7.1524734,-93.02872,89.97103,-0.7473581,6.0437603,11.220109,-116.27778,-4.4838905,79.655594,86.08872,-6.4654007,0.5726984,-12.379814,-111.49631,-26.87164,-26.410143,142.1649,-35.578083,-13.24248,-116.37621,10.934734,16.593384,141.7727,-35.464405,2.3590481
819,0.6256431937217712,23.276729583740234,48.104129791259766,-0.8344917642174032,8.080248896915588,-90.15746812916048,-3.7432098,-2.1114442,24.0,4.640069,-13.872887,-116.490265,7.279528,-93.265854,90.04588,-0.7453419,6.169874,11.110624,-116.837006,-4.3399715,79.550835,86.22487,-6.494343,0.5691436,-12.457266,-110.94071,-26.494776,-26.39611,141.15355,-35.71093,-13.056,-115.70497,10.682208,16.337238,140.77414,-35.664043,2.256063
820,0.6109398603439331,23.266353607177734,48.83021545410156,-0.8596312315922305,8.548920873030449,-90.13531246884767,-3.868032,-2.1543744,24.0,4.757776,-14.381775,-117.00365,7.3909063,-93.431816,90.10273,-0.7395181,6.2801733,11.024914,-117.36134,-4.243166,79.44521,86.33416,-6.505127,0.5850734,-12.48849,-110.37051,-26.121016,-26.350243,140.12787,-35.810593,-12.838807,-115.0127,10.43334,16.116491,139.75197,-35.82823,2.1916778
821,0.589918851852417,23.254892349243164,49.5640983581543,-0.8845189053272873,8.982546529442033,-90.11139524557069,-3.987051,-2.1929185,24.0,4.851081,-14.840281,-117.47752,7.5097885,-93.53164,90.145775,-0.7298561,6.368101,10.976268,-117.84498,-4.1639323,79.30227,86.420746,-6.473461,0.6210476,-12.468365,-109.757095,-25.745684,-26.322859,139.09193,-35.90543,-12.640128,-114.28416,10.17629,15.890467,138.72177,-35.9868,2.1216998
822,0.5639207363128662,23.249465942382812,50.3090934753418,-0.9105196907752867,9.385654859205134,-90.0832645461621,-4.087106,-2.20688,24.0,4.9046006,-15.262561,-117.912895,7.6188383,-93.559395,90.179634,-0.7070143,6.443315,10.951137,-118.29701,-4.110707,79.13818,86.49499,-6.4115624,0.6733949,-12.401428,-109.11066,-25.375435,-26.309912,138.03651,-35.980236,-12.457323,-113.52661,9.912556,15.658139,137.67351,-36.1265,2.0464098
823,0.5347954034805298,23.234312057495117,51.064937591552734,-0.9356246408667798,9.764249142416752,-90.05311282031921,-4.1695504,-2.204809,24.0,4.935904,-15.674214,-118.315796,7.7169676,-93.54782,90.20495,-0.6711388,6.51431,10.918268,-118.722694,-4.078029,78.99138,86.56449,-6.3533974,0.7323989,-12.310266,-108.42599,-25.000023,-26.30534,136.97166,-36.05899,-12.284067,-112.73348,9.645093,15.428602,136.61708,-36.269054,1.9757841
824,0.5133813619613647,23.228946685791016,51.82583236694336,-0.961225975667139,10.124277588031202,-90.02367156041754,-4.2183104,-2.1752946,24.0,4.9392204,-16.102411,-118.68778,7.778873,-93.52529,90.237175,-0.637533,6.5826607,10.850944,-119.12981,-4.0665836,78.92218,86.64928,-6.3267636,0.7880447,-12.213938,-107.74056,-24.632114,-26.288595,135.89183,-36.102993,-12.104937,-111.94038,9.387426,15.211756,135.54172,-36.371994,1.9196271
825,0.5088438987731934,23.219436645507812,52.587276458740234,-0.9837513756970868,10.466475997810946,-89.99299314169521,-4.258379,-2.143056,24.0,4.947207,-16.544638,-119.03712,7.837048,-93.49818,90.25617,-0.5874266,6.662845,10.735459,-119.517334,-4.063492,78.91341,86.74232,-6.3565626,0.8433858,-12.130109,-107.04789,-24.269419,-26.241337,134.81085,-36.13334,-11.904264,-111.14238,9.138526,15.032825,134.46126,-36.455643,1.8991203
826,0.4785909652709961,23.201772689819336,53.36697769165039,-1.0032963362780045,10.787999389296616,-89.96041676916137,-4.2891936,-2.1137726,24.0,4.9538426,-16.993605,-119.361275,7.8612747,-93.48278,90.30576,-0.5436471,6.7387776,10.584996,-119.88037,-4.0655284,78.93554,86.85294,-6.421942,0.8952611,-12.048457,-106.30794,-23.898222,-26.237751,133.70653,-36.16797,-11.749465,-110.30388,8.88434,14.819243,133.36629,-36.545536,1.8451815
827,0.4562978148460388,23.180959701538086,54.14863204956055,-1.0214720367128438,11.089628488522413,-89.92958281270958,-4.2972417,-2.0499184,24.0,4.9342494,-17.457308,-119.64979,7.9135675,-93.42571,90.29228,-0.48453215,6.8170805,10.419149,-120.22599,-4.077049,79.04199,86.96292,-6.474453,0.9470014,-11.938681,-105.556,-23.526781,-26.221056,132.59836,-36.19077,-11.586906,-109.455574,8.635092,14.623106,132.26443,-36.61722,1.8097345
828,0.429020494222641,23.152551651000977,54.93617630004883,-1.0372343930193133,11.370961741626665,-89.90488955619027,-4.282424,-1.9726162,24.0,4.8994474,-17.949596,-119.9035,7.949907,-93.37735,90.28875,-0.43470788,6.867811,10.236029,-120.54656,-4.091569,79.14949,87.080475,-6.548769,0.98092717,-11.786958,-104.778984,-23.14188,-26.210638,131.48233,-36.214188,-11.433824,-108.585846,8.389994,14.423298,131.15521,-36.681168,1.7735457
829,0.40359771251678467,23.12464141845703,55.733497619628906,-1.046996434756447,11.6289879635322,-89.8839381565453,-4.2517953,-1.8903986,24.0,4.8537045,-18.46839,-120.119255,7.974691,-93.34281,90.289246,-0.41635305,6.8838325,10.031809,-120.83702,-4.106736,79.25084,87.20007,-6.6453657,0.9941885,-11.583204,-103.978035,-22.74533,-26.18822,130.34999,-36.225468,-11.275868,-107.69735,8.1460085,14.234336,130.02965,-36.72445,1.7467037
830,0.3940070569515228,23.101680755615234,56.538536071777344,-1.0573344089808758,11.866107798435584,-89.86587110139607,-4.167697,-1.7387624,24.0,4.740826,-19.00401,-120.286,8.024351,-93.24564,90.21028,-0.413395,6.8882155,9.82452,-121.111595,-4.1537185,79.49751,87.31457,-6.6888337,1.0021735,-11.324966,-103.16532,-22.348541,-26.142597,129.20367,-36.2133,-11.098021,-106.797585,7.9032893,14.067304,128.88367,-36.736702,1.7452978
831,0.37698692083358765,23.06138801574707,57.34833908081055,-1.0667526665822062,12.086152731788088,-89.856107773104,-4.072362,-1.5924287,24.0,4.6366873,-19.573963,-120.42825,8.059097,-93.162766,90.14936,-0.37521094,6.8814187,9.599009,-121.36227,-4.206737,79.71092,87.42244,-6.7708006,1.00006,-11.0453005,-102.32451,-21.93481,-26.10863,128.05606,-36.215214,-10.935334,-105.87114,7.6658025,13.892331,127.73617,-36.75499,1.7407135
832,0.3590855896472931,23.019561767578125,58.15843963623047,-1.0782708819374394,12.294326830803545,-89.86019113214678,-3.9756138,-1.4641625,24.0,4.5635877,-20.185572,-120.55638,8.077971,-93.108665,90.126755,-0.2520375,6.875634,9.360099,-121.596634,-4.252309,79.87689,87.52474,-6.8809648,0.99301267,-10.763047,-101.48132,-21.50955,-26.077538,126.9024,-36.20508,-10.780371,-104.9412,7.4456487,13.711957,126.57799,-36.749634,1.7358577
833,0.34797027707099915,22.97107696533203,58.9737663269043,-1.095805512209863,12.493182720406843,-89.88294330227141,-3.8492558,-1.3177677,24.0,4.492841,-20.849081,-120.66557,8.092147,-93.0394,90.10172,0.0068953014,6.8883595,9.101627,-121.82509,-4.3113933,80.06315,87.61296,-6.9975986,0.9871772,-10.460742,-100.6322,-21.067762,-26.043198,125.74322,-36.189884,-10.62351,-104.000206,7.2441187,13.532138,125.40408,-36.724495,1.7413694
834,0.3386918306350708,22.917020797729492,59.79290008544922,-1.115616630811827,12.679413781935445,-89.92032879363126,-3.7079158,-1.1716924,24.0,4.436306,-21.553648,-120.755295,8.0989275,-92.976746,90.08814,0.36064127,6.904769,8.8202095,-122.04011,-4.3699546,80.22949,87.69602,-7.1464515,0.97501385,-10.139116,-99.774124,-20.61078,-26.006975,124.57792,-36.16902,-10.46974,-103.047935,7.0573406,13.352221,124.21801,-36.68194,1.751476
835,0.33482351899147034,22.856229782104492,60.61397171020508,-1.140058218325467,12.85089185896065,-89.96510349113107,-3.5411162,-1.0058185,24.0,4.35697,-22.288876,-120.81666,8.101054,-92.8932,90.07275,0.7433221,6.909003,8.559885,-122.23654,-4.4553704,80.43464,87.76174,-7.258908,0.9637344,-9.815141,-98.90558,-20.147562,-25.967482,123.40956,-36.14244,-10.315861,-102.0818,6.876469,13.174717,123.023186,-36.627182,1.7698029
836,0.32235050201416016,22.79082489013672,61.43702697753906,-1.1688511440958973,13.0053366442214,-90.01033271086536,-3.3690238,-0.8377483,24.0,4.2614484,-23.043642,-120.85041,8.098451,-92.82488,90.0779,1.0658894,6.879688,8.351663,-122.40316,-4.554184,80.636215,87.82238,-7.330502,0.95032793,-9.517849,-98.02309,-19.681282,-25.943296,122.23414,-36.107,-10.180528,-101.09871,6.6961856,12.980537,121.82218,-36.564873,1.776297
837,0.3174309730529785,22.720258712768555,62.259559631347656,-1.2007940244503092,13.142232993043564,-90.0554818559522,-3.2125115,-0.68468374,24.0,4.174318,-23.836018,-120.85836,8.0967245,-92.81275,90.121635,1.3141314,6.81213,8.223754,-122.53709,-4.6356215,80.79597,87.90277,-7.3418016,0.92845434,-9.276692,-97.12992,-19.21725,-25.910978,121.057816,-36.062534,-10.041546,-100.10329,6.5143685,12.7936945,120.616356,-36.491886,1.7932072
838,0.30600517988204956,22.6475772857666,63.08460235595703,-1.2379010465643456,13.26311317204747,-90.10402011876747,-3.0471823,-0.5234567,24.0,4.0740213,-24.666346,-120.83768,8.097219,-92.828575,90.17521,1.520232,6.720355,8.155985,-122.64548,-4.728373,80.96702,87.98008,-7.2890854,0.90537065,-9.066774,-96.22571,-18.747534,-25.890972,119.872795,-36.006237,-9.9177265,-99.09195,6.3365445,12.591303,119.40001,-36.406124,1.8003919
839,0.29709577560424805,22.564395904541016,63.90671157836914,-1.2775816890410139,13.360327671699961,-90.1542394609496,-2.8715913,-0.36015642,24.0,3.9566,-24.999998,-120.78182,8.102365,-92.83777,90.22796,1.6804398,6.606176,8.095643,-122.71463,-4.8544602,81.159134,88.02545,-7.2234573,0.8872023,-8.851379,-95.30046,-18.27199,-25.868502,118.692604,-35.95348,-9.796523,-98.05808,6.1572876,12.391538,118.18664,-36.321323,1.8135521
840,0.29172274470329285,22.474637985229492,64.72917938232422,-1.3118207428708437,13.435222008970987,-90.20431991292402,-2.7292705,-0.24049471,24.0,3.8751664,-24.999998,-120.703026,8.11496,-92.83274,90.32296,1.8068615,6.4574156,7.9766154,-122.74299,-4.935514,81.2913,88.09918,-7.248939,0.8527491,-8.60798,-94.35299,-17.79128,-25.830076,117.508095,-35.898514,-9.673082,-97.00618,5.97624,12.205259,116.97083,-36.23056,1.8359313
841,0.2774839997291565,22.38347816467285,65.554443359375,-1.347486050420997,13.492512102148739,-90.25700287533527,-2.5722115,-0.11887532,24.0,3.7650657,-24.999998,-120.604164,8.151171,-92.757416,90.38545,1.8718015,6.284926,7.792968,-122.740776,-5.0608115,81.49101,88.12146,-7.3255806,0.8311524,-8.294609,-93.39096,-17.30114,-25.798988,116.3116,-35.832806,-9.564518,-95.93773,5.79998,12.005416,115.74538,-36.12685,1.8468478
842,0.2650223970413208,22.28807258605957,66.3788833618164,-1.3831215789073594,13.532225900739464,-90.31223061731399,-2.4205625,-0.010735723,24.0,3.6539793,-24.999998,-120.48485,8.206307,-92.63534,90.4469,1.8981739,6.0847516,7.5703864,-122.70625,-5.185885,81.6886,88.134544,-7.4618883,0.8081088,-7.943584,-92.41607,-16.806221,-25.760471,115.11122,-35.76038,-9.457697,-94.85638,5.6261997,11.8082905,114.51503,-36.01221,1.8609426
843,0.25229430198669434,22.188844680786133,67.20043182373047,-1.4136962127713832,13.555778749418433,-90.36468585733577,-2.284858,0.08076745,24.0,3.5610616,-24.999998,-120.335976,8.278383,-92.495705,90.51815,1.9172441,5.8676686,7.3277493,-122.63659,-5.3020406,81.86736,88.15236,-7.607756,0.7692745,-7.593831,-91.42925,-16.312454,-25.710592,113.90571,-35.678135,-9.353413,-93.7669,5.4509163,11.618103,113.28308,-35.889126,1.8783661
844,0.23851940035820007,22.08475112915039,68.02436828613281,-1.435468570470807,13.564866938146332,-90.4093299166179,-2.1679535,0.16023213,24.0,3.4962234,-24.999998,-120.14717,8.374525,-92.34961,90.58938,1.9707143,5.6494637,7.0868907,-122.52914,-5.42172,82.01901,88.16689,-7.7126875,0.7079269,-7.280649,-90.42474,-15.82314,-25.644997,112.686745,-35.582886,-9.250371,-92.66568,5.268848,11.43793,112.0438,-35.759506,1.9009404
845,0.22396831214427948,21.972850799560547,68.8498764038086,-1.4466266395378031,13.561577580771509,-90.44379734663046,-2.0784044,0.21895169,24.0,3.4749184,-24.999998,-119.926384,8.492933,-92.22935,90.67319,2.0488713,5.4126587,6.830103,-122.38863,-5.5404882,82.144196,88.173164,-7.802368,0.6151389,-7.0118127,-89.402824,-15.341762,-25.562109,111.455956,-35.476826,-9.1485815,-91.553734,5.0779853,11.27053,110.799416,-35.6282,1.930791
846,0.2084854543209076,21.850372314453125,69.6727066040039,-1.4499382772768659,13.544281066851434,-90.47123693041112,-2.0109708,0.25957137,24.0,3.4860685,-24.999998,-119.674866,8.635174,-92.122,90.763535,2.1304688,5.1573315,6.5549774,-122.21317,-5.659006,82.24617,88.17151,-7.889451,0.49868158,-6.7696915,-88.3637,-14.86508,-25.465544,110.22058,-35.36609,-9.048673,-90.43039,4.8802032,11.112143,109.55595,-35.498604,1.9663298
847,0.1942910999059677,21.723413467407227,70.497314453125,-1.4466648324560052,13.50911572213971,-90.49437048208083,-1.9575884,0.2896762,24.0,3.5130603,-24.999998,-119.372505,8.800187,-91.9881,90.84987,2.2356105,4.9187303,6.303053,-121.987885,-5.77883,82.28998,88.17792,-7.9217615,0.37259263,-6.55598,-87.30332,-14.39048,-25.354094,108.97399,-35.24579,-8.948794,-89.29108,4.6744556,10.960575,108.30496,-35.361244,2.0071242
848,0.17582516372203827,21.59387969970703,71.32088470458984,-1.4379855817200062,13.451737094562459,-90.51586000095692,-1.9101155,0.31516123,24.0,3.5400338,-24.999998,-119.00026,8.984543,-91.786575,90.9223,2.388331,4.7320933,6.115731,-121.69862,-5.9016957,82.235794,88.20584,-7.852037,0.2522219,-6.372106,-86.21996,-13.912592,-25.234055,107.718544,-35.117,-8.854634,-88.13412,4.462982,10.807322,107.0514,-35.216057,2.0451841
849,0.16022448241710663,21.462121963500977,72.14042663574219,-1.423573842640681,13.371677521125765,-90.53497287745716,-1.8671265,0.33963707,24.0,3.565723,-24.999998,-118.55054,9.184298,-91.49484,90.97944,2.5884643,4.616611,6.0484495,-121.34209,-6.0292177,82.06493,88.26047,-7.603372,0.1273256,-6.2483864,-85.116295,-13.43734,-25.098927,106.460815,-34.98203,-8.759977,-86.96399,4.2421207,10.65956,105.79945,-35.062244,2.0878937
850,0.1412169188261032,21.3165283203125,72.95691680908203,-1.4036831943649093,13.270449646157235,-90.55091727564013,-1.8293263,0.36221528,24.0,3.593942,-24.999998,-118.031525,9.396661,-91.127266,91.02612,2.83205,4.551152,6.0675526,-120.92422,-6.161794,81.79676,88.33211,-7.2278,-0.0020396903,-6.1748543,-83.98341,-12.95889,-24.953768,105.20069,-34.8521,-8.669801,-85.770454,4.011775,10.510917,104.55175,-34.914772,2.13141
851,0.11716271936893463,21.164833068847656,73.77347564697266,-1.3797108832616325,13.14708772115368,-90.56620160409359,-1.7932383,0.37927216,24.0,3.618293,-24.999998,-117.44659,9.61906,-90.70217,91.06236,3.1344986,4.509184,6.080806,-120.44343,-6.2981105,81.448685,88.411476,-6.869947,-0.10565397,-6.0933766,-82.823326,-12.475126,-24.801006,103.930885,-34.717213,-8.586497,-84.55231,3.7767866,10.357817,103.298805,-34.764362,2.1727827
852,0.08884235471487045,21.008691787719727,74.59317779541016,-1.353530187478559,13.000143637352737,-90.5834836185088,-1.7559053,0.38800463,24.0,3.6327226,-24.999998,-116.799,9.84956,-90.23827,91.08912,3.510515,4.463121,5.9957175,-119.8977,-6.4360385,81.035736,88.4914,-6.6748934,-0.15480837,-5.9467707,-81.63224,-11.982218,-24.639853,102.64583,-34.574768,-8.508829,-83.30353,3.5399625,10.199193,102.03284,-34.60823,2.2128198
853,0.06015527620911598,20.84473991394043,75.41434478759766,-1.3251633315279885,12.827701045328753,-90.60558457504271,-1.7164288,0.38557658,24.0,3.6328452,-24.999998,-116.08586,10.086084,-89.729485,91.105034,3.9737935,4.4117146,5.779992,-119.287155,-6.5721684,80.5401,88.56848,-6.6985006,-0.12720267,-5.7024693,-80.40722,-11.478533,-24.464993,101.35025,-34.430183,-8.4333,-82.02083,3.301678,10.039928,100.75594,-34.450012,2.256058
854,0.03259918466210365,20.685802459716797,76.23726654052734,-1.2938682742627396,12.630636759550095,-90.63048498882219,-1.6767905,0.3739525,24.0,3.623128,-24.999998,-115.30428,10.326325,-89.16796,91.10924,4.5112987,4.365811,5.4875784,-118.61156,-6.703829,79.95639,88.64691,-6.860147,-0.04474653,-5.3990593,-79.15678,-10.971155,-24.275091,100.03832,-34.267925,-8.358339,-80.715416,3.0616176,9.880558,99.46368,-34.27476,2.3012984
855,0.011667078360915184,20.50791358947754,77.06199645996094,-1.2598239175886685,12.412884124798358,-90.65338052468564,-1.6384895,0.35706002,24.0,3.6105995,-24.999998,-114.45714,10.568906,-88.57069,91.10402,5.0962677,4.3142524,5.1555266,-117.86816,-6.831042,79.32328,88.73222,-7.096091,0.053071618,-5.085726,-77.867195,-10.462496,-24.06545,98.71668,-34.111664,-8.277519,-79.37423,2.808173,9.723462,98.16213,-34.10637,2.3586092
856,-0.018272623419761658,20.330928802490234,77.89169311523438,-1.223092850385408,12.178269857091989,-90.66939158315103,-1.6024252,0.33973116,24.0,3.6016421,-24.999998,-113.54714,10.813038,-87.95672,91.09175,5.699258,4.24701,4.820996,-117.05393,-6.9560647,78.68577,88.829155,-7.3362565,0.12882881,-4.811658,-76.55135,-9.955065,-23.85189,97.36625,-33.933918,-8.204475,-78.00855,2.5479107,9.550164,96.83871,-33.923798,2.4089913
857,-0.044119931757450104,20.146509170532227,78.72967529296875,-1.182461260861412,11.922690284412525,-90.67483871700021,-1.5701398,0.32351094,24.0,3.604765,-24.999998,-112.56828,11.057181,-87.32263,91.06419,6.3539133,4.1575265,4.462318,-116.157005,-7.081311,78.0365,88.94045,-7.565271,0.17607094,-4.5999928,-75.1956,-9.454884,-23.62218,95.988434,-33.74301,-8.125622,-76.60639,2.2676115,9.370531,95.49004,-33.733612,2.468467
858,-0.07355800271034241,19.96074104309082,79.57460021972656,-1.1390691535578934,11.645477346774177,-90.67334925505779,-1.5394678,0.3071191,24.0,3.613219,-24.999998,-111.51867,11.299122,-86.65873,91.01945,7.060208,4.051632,4.072461,-115.18014,-7.206535,77.35893,89.05724,-7.815265,0.21485223,-4.4226537,-73.80332,-8.956299,-23.382082,94.57996,-33.533268,-8.048592,-75.16996,1.9764359,9.176847,94.115585,-33.530514,2.52744
859,-0.09733434021472931,19.769142150878906,80.41531372070312,-1.0939145696826997,11.355881174537535,-90.67028270739236,-1.5076368,0.28806338,24.0,3.6112924,-24.999998,-110.406815,11.538039,-85.97578,90.97166,7.7382298,3.9402118,3.7096968,-114.14257,-7.330647,76.69085,89.16963,-8.083491,0.24686992,-4.2515216,-72.39209,-8.464792,-23.126062,93.15852,-33.31215,-7.968003,-73.717896,1.6795822,8.979894,92.72839,-33.31683,2.592552
860,-0.13268864154815674,19.56883430480957,81.2552719116211,-1.0491573796570983,11.06274477895019,-90.67132115138293,-1.4699992,0.26758668,24.0,3.581027,-24.999998,-109.239815,11.774257,-85.28451,90.934296,8.306511,3.8363843,3.4321613,-113.064476,-7.4525,76.08078,89.271835,-8.360088,0.27322498,-4.0571833,-70.969536,-7.966966,-22.867346,91.717476,-33.078682,-7.900715,-72.25267,1.3936142,8.7656,91.32575,-33.092266,2.645743
861,-0.16270940005779266,19.362180709838867,82.09525299072266,-1.0060496214169976,10.766004144087693,-90.67730786377994,-1.4246529,0.25094882,24.0,3.511513,-24.999998,-108.0018,12.008282,-84.58498,90.91109,8.674233,3.744246,3.286068,-111.94465,-7.572008,75.56193,89.36742,-8.6435175,0.2942708,-3.8142836,-69.53335,-7.471095,-22.593275,90.2553,-32.83053,-7.8326187,-70.77516,1.1127187,8.545532,89.900696,-32.84927,2.7003255
862,-0.19769106805324554,19.14136505126953,82.93455505371094,-0.9614295622670305,10.461628211209362,-90.68504836475003,-1.3749218,0.23759924,24.0,3.413307,-24.999998,-106.68913,12.23993,-83.86834,90.893295,8.90769,3.659929,3.2318995,-110.77153,-7.6897435,75.11234,89.46097,-8.929142,0.30771104,-3.5450659,-68.07557,-6.9725266,-22.30913,88.775185,-32.575546,-7.771733,-69.2756,0.8349345,8.313402,88.45966,-32.601448,2.7507193
863,-0.23258671164512634,18.917125701904297,83.76951599121094,-0.9165467072251813,10.152341890875274,-90.69564732907364,-1.3216426,0.223705,24.0,3.3001173,-24.999998,-105.328766,12.468356,-83.1336,90.87365,9.16132,3.5852392,3.1973593,-109.55143,-7.805358,74.69347,89.55011,-9.207719,0.31157726,-3.2898922,-66.60796,-6.477345,-22.013645,87.27828,-32.30498,-7.7142124,-67.76993,0.56168044,8.0760565,87.00451,-32.337093,2.8018746
864,-0.27332666516304016,18.68042755126953,84.60957336425781,-0.8713908027171912,9.839599731997195,-90.70917527111256,-1.2684027,0.20253535,24.0,3.1880193,-24.999998,-103.94695,12.692742,-82.38256,90.84709,9.588478,3.5196495,3.110604,-108.287605,-7.918031,74.26404,89.63026,-9.472621,0.30327508,-3.090543,-65.11351,-5.981107,-21.69973,85.745155,-32.01815,-7.655144,-66.237595,0.2955439,7.8191514,85.515686,-32.057037,2.8437667
865,-0.3106660544872284,18.43480682373047,85.44193267822266,-0.8196288742290195,9.524712470410423,-90.72741645120904,-1.2206578,0.16282067,24.0,3.082138,-24.999998,-102.54965,12.911988,-81.637886,90.81078,10.313649,3.4681835,2.9138675,-106.976585,-8.026903,73.79615,89.697754,-9.714408,0.27622318,-2.9712098,-63.609417,-5.4928513,-21.366034,84.20029,-31.721678,-7.596722,-64.70545,0.030475019,7.5687585,84.01933,-31.764742,2.8916602
866,-0.34855782985687256,18.18825912475586,86.26849365234375,-0.7697860447506044,9.21105805010503,-90.75057952254933,-1.1101248,0.09848572,24.0,2.9189918,-24.999998,-101.14152,13.101763,-80.92447,90.692726,11.22852,3.4621046,2.639484,-105.69165,-8.083101,73.28398,89.76861,-9.946582,0.33566767,-2.8444672,-62.103436,-5.0104313,-21.020924,82.63588,-31.404432,-7.539544,-63.17187,-0.22430602,7.3100367,82.50256,-31.449564,2.9370492
867,-0.3970218896865845,17.9372615814209,87.09320068359375,-0.7084462368555643,8.88525381905484,-90.7719245268743,-1.1377754,0.04284272,24.0,2.8780699,-24.999998,-99.66647,13.317569,-80.12225,90.762,12.116381,3.36903,2.4378426,-104.21574,-8.193015,72.81576,89.85064,-10.199514,0.18070392,-2.8688574,-60.564396,-4.5303035,-20.659992,81.03654,-31.06875,-7.4941626,-61.619545,-0.48010468,7.0428042,80.968185,-31.122364,2.9740896
868,-0.4355607032775879,17.682971954345703,87.91266632080078,-0.6613485140221163,8.565125450716582,-90.79062903050757,-1.0881954,-0.013429678,24.0,2.775895,-24.999998,-98.174225,13.528054,-79.25007,90.71888,12.808148,3.3110547,2.339825,-102.77169,-8.296113,72.38336,89.885254,-10.481664,0.15111716,-2.814788,-59.0325,-4.0636296,-20.297504,79.42426,-30.712467,-7.442441,-60.061054,-0.72922695,6.754925,79.40599,-30.774065,3.0161538
869,-0.4723875820636749,17.42041778564453,88.72927856445312,-0.6227960744458434,8.246358732128062,-90.80711013456781,-1.0240545,-0.06301503,24.0,2.6740286,-24.999998,-96.63584,13.738654,-78.2491,90.67772,13.197522,3.2239077,2.4447124,-101.27993,-8.396612,72.02974,89.920784,-10.772073,0.14030105,-2.753653,-57.49061,-3.6006749,-19.933561,77.78707,-30.339142,-7.395489,-58.485683,-0.971042,6.4454083,77.813995,-30.409798,3.0574644
870,-0.5164332389831543,17.14752197265625,89.54051208496094,-0.5891456239884415,7.928431925945032,-90.82241152254716,-0.95859766,-0.10711353,24.0,2.5788722,-24.999998,-95.056694,13.947042,-77.13529,90.62355,13.414956,3.1314642,2.6794546,-99.73926,-8.493808,71.7444,89.94391,-11.060018,0.14490819,-2.6970673,-55.936985,-3.1377954,-19.56787,76.1256,-29.95142,-7.3582563,-56.89487,-1.2010484,6.1138783,76.19898,-30.034266,3.091483
871,-0.5496485829353333,16.87466812133789,90.34610748291016,-0.5577324185609691,7.608990971180081,-90.83139940426128,-0.8965851,-0.1433297,24.0,2.480641,-24.999998,-93.436584,14.15489,-75.964745,90.55303,13.588406,3.0466602,2.9394622,-98.168724,-8.588762,71.48365,89.97175,-11.402443,0.13866526,-2.6331687,-54.373123,-2.6926432,-19.191837,74.439735,-29.539846,-7.314874,-55.295444,-1.4337249,5.77156,74.556915,-29.635544,3.1326826
872,-0.5871061682701111,16.586580276489258,91.14136505126953,-0.5247304828812009,7.286912219521676,-90.82868559431004,-0.85275126,-0.1744186,24.0,2.3801446,-24.999998,-91.78803,14.361007,-74.801414,90.46501,13.840806,2.9963937,3.1080146,-96.58826,-8.67963,71.19812,90.0021,-11.8621645,0.10144248,-2.547316,-52.79424,-2.2625556,-18.812052,72.740135,-29.119751,-7.273457,-53.682148,-1.6690902,5.4093466,72.90634,-29.236073,3.1724546
873,-0.6258645057678223,16.291921615600586,91.92577362060547,-0.4912133778708509,6.961251362313087,-90.81214191368348,-0.8288195,-0.20010534,24.0,2.271165,-24.999998,-90.10181,14.564739,-73.67533,90.36034,14.125325,2.9923599,3.155816,-94.99911,-8.764417,70.88229,90.03085,-12.545711,0.008773911,-2.4035387,-51.20432,-1.8510402,-18.431505,71.024445,-28.683214,-7.2318406,-52.05743,-1.9075291,5.026659,71.242874,-28.827682,3.211932
874,-0.6583080887794495,16.00497817993164,92.7000961303711,-0.4584627634384794,6.633906069692906,-90.78475909399849,-0.8183524,-0.223046,24.0,2.1575692,-24.999998,-88.37564,14.765871,-72.56233,90.23813,14.392055,3.0197005,3.1411538,-93.38898,-8.842634,70.548935,90.05541,-13.396994,-0.12413872,-2.2228167,-49.61145,-1.4609294,-18.048277,69.28654,-28.21768,-7.1858983,-50.430187,-2.1466196,4.6284504,69.55704,-28.394123,3.254142
875,-0.6955994367599487,15.71337890625,93.4627456665039,-0.4241805492462867,6.3067558953605385,-90.74918981333404,-0.81905514,-0.24813393,24.0,2.0506809,-24.999998,-86.6301,14.964921,-71.43992,90.10034,14.762845,3.0583146,3.0842948,-91.758125,-8.915147,70.17376,90.08458,-14.234469,-0.25860775,-2.076356,-48.010017,-1.0835298,-17.662706,67.52742,-27.734402,-7.1442423,-48.79642,-2.3810163,4.2117414,67.856674,-27.948334,3.2927492
876,-0.7299900650978088,15.408065795898438,94.21060180664062,-0.3859362498434925,5.981685044077061,-90.70812068343024,-0.8279872,-0.28159925,24.0,1.9609709,-24.999998,-84.885284,15.163308,-70.28692,89.94682,15.35912,3.087318,3.0052712,-90.104454,-8.9841175,69.72523,90.125946,-14.88169,-0.35324964,-2.0340433,-46.400223,-0.72393435,-17.26707,65.75879,-27.245668,-7.101184,-47.159782,-2.6158307,3.7849183,66.15156,-27.499035,3.3355277
877,-0.7627542018890381,15.09874153137207,94.94515991210938,-0.3430751764340515,5.659419282400328,-90.65871632733275,-0.8499463,-0.33003655,24.0,1.8912008,-24.999998,-83.15059,15.361571,-69.08262,89.761955,16.372654,3.112281,2.833401,-88.41639,-9.050289,69.16888,90.18268,-15.251048,-0.39146563,-2.1521661,-44.78461,-0.3844826,-16.865448,63.970844,-26.740196,-7.058763,-45.52508,-2.85117,3.3451312,64.437,-27.036503,3.379375
878,-0.7989057302474976,14.790788650512695,95.66641998291016,-0.297259840567139,5.339560858237252,-90.60091226067276,-0.8843445,-0.38968456,24.0,1.8356186,-24.999998,-81.4106,15.559284,-67.83772,89.54254,17.690983,3.1407378,2.58111,-86.695885,-9.113119,68.52447,90.24133,-15.456543,-0.39334458,-2.3784533,-43.165794,-0.060868274,-16.462633,62.159863,-26.212753,-7.0202703,-43.89038,-3.0816028,2.888086,62.707436,-26.556866,3.4203622
879,-0.830450177192688,14.482749938964844,96.369140625,-0.24903436314457678,5.022556037553189,-90.54109506082362,-0.9203808,-0.45137447,24.0,1.7915483,-24.999998,-79.65082,15.757588,-66.58371,89.31032,18.974873,3.1569307,2.3932996,-84.96335,-9.174169,67.84603,90.288475,-15.618041,-0.37291837,-2.619913,-41.550022,0.24430558,-16.05354,60.34153,-25.671846,-6.9790554,-42.26367,-3.305588,2.4254172,60.974106,-26.064816,3.4642227
880,-0.8728212714195251,14.162739753723145,97.05403137207031,-0.19889588699447747,4.7085792768458905,-90.4858749939937,-0.94801664,-0.5053485,24.0,1.757391,-24.999998,-77.85748,15.958497,-65.35494,89.087814,19.881878,3.152107,2.4159825,-83.24091,-9.236642,67.19242,90.308495,-15.85122,-0.3424675,-2.7826862,-39.927654,0.54749703,-15.636635,58.510963,-25.12555,-6.944847,-40.634888,-3.5105593,1.9547508,59.237946,-25.572416,3.5026205
881,-0.9042357206344604,13.847128868103027,97.72276306152344,-0.14269273074381142,4.396827216309859,-90.4366080870881,-0.95933574,-0.55329937,24.0,1.7317472,-24.999998,-76.02267,16.16517,-64.16311,88.88728,20.262419,3.104829,2.7396119,-81.52769,-9.304726,66.598305,90.28566,-16.181072,-0.28490213,-2.8182905,-38.30371,0.8298472,-15.200387,56.664925,-24.560335,-6.9007864,-39.015404,-3.7109714,1.4924393,57.49101,-25.061977,3.5507402
882,-0.9356997013092041,13.527917861938477,98.3741683959961,-0.08079987240278394,4.117447988472292,-90.3900119983961,-0.9631317,-0.60130304,23.890604,1.7159513,-24.999998,-74.07656,16.375525,-62.997364,88.678246,20.31562,3.0369039,3.261498,-79.73094,-9.377703,66.0341,90.20494,-16.537228,-0.18801387,-2.7792757,-36.710083,1.090867,-14.76021,54.799107,-23.972769,-6.8552833,-37.43671,-3.8971064,1.0370694,55.735348,-24.53419,3.5987983
883,-0.9720292687416077,13.199071884155273,99.00228118896484,-0.01960023289478179,3.980658093023668,-90.34568014388806,-0.97879463,-0.6553014,23.27124,1.7147635,-24.999998,-71.76481,16.569204,-61.868725,88.41715,20.226807,3.0215943,3.8175876,-77.571335,-9.44293,65.46013,90.0274,-16.899363,-0.057853732,-2.7084317,-35.287994,1.3177123,-14.355419,52.920227,-23.344341,-6.8139763,-36.03372,-4.039464,0.6106824,53.972054,-23.969774,3.636681
884,-1.0050586462020874,12.88788890838623,99.60775756835938,0.03023387163146551,3.8550187042968984,-90.30250637074865,-1.0085279,-0.6927157,22.646732,1.7257968,-24.999998,-69.45244,16.747576,-60.763165,88.15599,20.167933,3.0505874,4.3056855,-75.43866,-9.502436,64.83668,89.86922,-17.25208,0.022990225,-2.6815941,-33.899956,1.539672,-13.964993,51.0475,-22.697798,-6.77534,-34.657665,-4.1570597,0.17880027,52.205906,-23.38358,3.6693645
885,-1.0278897285461426,12.559993743896484,100.19197082519531,0.067403551228007,3.7399050127011657,-90.25647944533027,-1.0623244,-0.70810264,22.018211,1.7549806,-24.999998,-67.13056,16.91009,-59.70061,87.895645,20.131668,3.145636,4.719358,-73.33879,-9.556595,64.13981,89.733406,-17.622025,0.021584667,-2.698671,-32.524426,1.7570345,-13.583993,49.185955,-22.0581,-6.7338586,-33.283283,-4.259595,-0.26638728,50.437424,-22.799824,3.707269
886,-1.0496864318847656,12.232184410095215,100.75403594970703,0.09602181777327042,3.633359347357018,-90.20914186017096,-1.1303855,-0.70847934,21.3886,1.7995722,-24.999998,-64.8013,17.05664,-58.68066,87.64744,20.038126,3.2786329,5.1207433,-71.2658,-9.6068735,63.386974,89.60551,-18.016218,-0.03482882,-2.7316973,-31.166603,1.9717077,-13.212795,47.329098,-21.412651,-6.6951933,-31.920399,-4.3426046,-0.720172,48.666992,-22.208876,3.7428176
887,-1.0699933767318726,11.902228355407715,101.29257202148438,0.1159910222630232,3.5378032880241603,-90.16829137210364,-1.1949219,-0.7037644,20.756376,1.8475767,-24.999998,-62.486366,17.187891,-57.660946,87.403015,19.962751,3.4233432,5.4777894,-69.208084,-9.65444,62.606144,89.478676,-18.38191,-0.09098527,-2.802003,-29.830282,2.187337,-12.844441,45.483936,-20.767376,-6.659115,-30.576296,-4.4014745,-1.1715361,46.901634,-21.613512,3.7751906
888,-1.0913857221603394,11.566848754882812,101.80803680419922,0.12738378419475718,3.4558120136212147,-90.14160148460243,-1.2386985,-0.7020473,20.119328,1.8864408,-24.999998,-60.204666,17.306217,-56.590683,87.15048,19.987942,3.5539076,5.756175,-67.15452,-9.700086,61.828377,89.34781,-18.663815,-0.09205595,-2.9298363,-28.515268,2.4095683,-12.471247,43.651405,-20.126225,-6.627364,-29.254276,-4.43071,-1.6111898,45.142616,-21.014982,3.801812
889,-1.115171194076538,11.22730827331543,102.2985610961914,0.1282209324788019,3.391716209367464,-90.13534975875486,-1.2550459,-0.7044566,19.47103,1.9152167,-24.999998,-57.955612,17.414747,-55.405823,86.88013,20.193031,3.6710985,5.923446,-65.0974,-9.745531,61.04404,89.21621,-18.782984,-0.022900887,-3.1447804,-27.2293,2.6426842,-12.090411,41.836388,-19.490877,-6.600919,-27.963335,-4.424503,-2.0313087,43.39279,-20.412334,3.820439
890,-1.131078839302063,10.880655288696289,102.76628875732422,0.1193769425147983,3.34291024188579,-90.14392299669714,-1.2556534,-0.70475143,18.815538,1.94037,-24.999998,-55.722244,17.516672,-54.13017,86.58563,20.529335,3.7883177,6.001943,-63.044403,-9.790781,60.25059,89.081696,-18.786306,0.08767406,-3.425977,-25.96662,2.877167,-11.701784,40.03874,-18.862396,-6.572425,-26.695066,-4.394909,-2.4352462,41.64555,-19.804855,3.8397677
891,-1.149301290512085,10.556599617004395,103.20953369140625,0.10450638432956966,3.301265518996005,-90.15740027194,-1.2721058,-0.7106048,18.174313,1.9845141,-24.999998,-53.460506,17.598127,-52.841454,86.24111,20.8718,3.9462266,6.0845323,-61.015846,-9.828781,59.500595,88.91132,-18.806494,0.2351205,-3.711831,-24.737404,3.1097267,-11.318599,38.257122,-18.22321,-6.5496535,-25.461847,-4.343682,-2.8274322,39.910572,-19.183794,3.8515465
892,-1.1648672819137573,10.21828842163086,103.62885284423828,0.08723350331127223,3.259128112491436,-90.16589577739934,-1.2570444,-0.694123,17.538353,1.984098,-24.999998,-51.297207,17.692247,-51.693012,85.954765,21.104599,4.004504,6.107797,-59.015244,-9.862631,58.82565,88.78581,-18.965446,0.3835301,-3.9671316,-23.51036,3.3338397,-10.937128,36.496002,-17.600035,-6.527953,-24.23129,-4.2872186,-3.2207818,38.194466,-18.579163,3.8661337
893,-1.1723896265029907,9.888107299804688,104.02325439453125,0.06686506595232938,3.2148069682933085,-90.16832076918676,-1.2783124,-0.68778044,16.935875,2.0127797,-24.999998,-49.083317,17.770536,-50.677673,85.62208,21.115236,4.1177473,6.233086,-57.06313,-9.880831,58.281715,88.62405,-19.328604,0.57331514,-4.156206,-22.301458,3.5445979,-10.563109,34.761776,-16.98217,-6.5056252,-23.018085,-4.226888,-3.6113484,36.500576,-17.97824,3.8836894
894,-1.1823878288269043,9.547884941101074,104.39282989501953,0.04187440327972512,3.1724124453785443,-90.1694222993281,-1.2960492,-0.67537206,16.346012,2.032567,-24.999998,-46.903328,17.838936,-49.7753,85.324005,20.991077,4.2025943,6.3670454,-55.147957,-9.88288,57.834602,88.4935,-19.806911,0.78716236,-4.322034,-21.101973,3.7537172,-10.192621,33.050842,-16.379982,-6.488638,-21.814129,-4.153141,-4.0000877,34.82712,-17.39171,3.8982875
895,-1.1944949626922607,9.228470802307129,104.73931884765625,0.01516544646673386,3.1314649375007777,-90.16803980576566,-1.3246366,-0.66207075,15.77317,2.0588684,-24.999998,-44.745125,17.896503,-48.95474,85.0297,20.846153,4.28453,6.5026727,-53.273537,-9.870284,57.43702,88.37418,-20.325613,0.99665177,-4.4706903,-19.928902,3.9557815,-9.830496,31.358852,-15.77137,-6.4758563,-20.639084,-4.068261,-4.3813486,33.173023,-16.800406,3.909329
896,-1.2025028467178345,8.899141311645508,105.06256866455078,-0.010345357956164968,3.091696210261712,-90.16295835870011,-1.328061,-0.63944703,15.232853,2.055123,-24.999998,-42.633415,17.934591,-48.216553,84.68578,20.80345,4.3863053,6.601148,-51.367573,-9.814726,57.007355,88.19859,-20.806082,1.2641375,-4.683645,-18.76591,4.145178,-9.470275,29.69502,-15.1797,-6.460154,-19.475847,-3.983133,-4.7580347,31.545162,-16.227633,3.9271502
897,-1.2134904861450195,8.588606834411621,105.36066436767578,-0.033099277986980306,3.0555151003138947,-90.15557911892667,-1.4295131,-0.64081186,14.684258,2.1492617,-24.999998,-40.527767,17.969288,-47.518784,84.41871,20.890566,4.472503,6.6931353,-49.64296,-9.787279,56.607815,88.13272,-21.281878,1.3088619,-4.7529807,-17.636425,4.3228827,-9.11893,28.062786,-14.589045,-6.446317,-18.353064,-3.8932621,-5.120351,29.955957,-15.662352,3.9448576
898,-1.2231372594833374,8.266392707824707,105.63947296142578,-0.054861868151172326,3.021834206517095,-90.14593355968955,-1.5048587,-0.6356758,14.166053,2.2145545,-24.999998,-38.47174,17.992369,-46.92794,84.11579,21.065727,4.5795035,6.747183,-47.88305,-9.755866,56.191055,87.9711,-21.761717,1.4164749,-4.858151,-16.50917,4.492053,-8.766353,26.443048,-14.009157,-6.431414,-17.235762,-3.80053,-5.4788303,28.380402,-15.110505,3.9673958
899,-1.2330840826034546,7.9531989097595215,105.8929443359375,-0.07669811188779632,2.9867295447086364,-90.13079757087128,-1.5785156,-0.63063115,13.6679,2.2734396,-24.999998,-36.456676,18.001137,-46.37653,83.811646,21.264833,4.688163,6.799368,-46.14326,-9.722601,55.765976,87.79868,-22.215542,1.5152302,-4.972108,-15.410859,4.6513042,-8.426823,24.868422,-13.444545,-6.4182963,-16.14936,-3.7047777,-5.8313365,26.852575,-14.577448,3.9897187
900,-1.2433230876922607,7.639150142669678,106.12761688232422,-0.09985661995409709,2.9459999228597606,-90.10693288566033,-1.6531334,-0.6226593,13.158982,2.3111756,-24.530527,-34.453094,17.991169,-45.788548,83.49854,21.448757,4.79382,6.864761,-44.409985,-9.691112,55.341732,87.633224,-22.599108,1.6000432,-5.0921435,-14.317293,4.804702,-8.097021,23.313965,-12.889869,-6.4073625,-15.067217,-3.6049857,-6.1916237,25.346596,-14.057295,4.011173
901,-1.2553231716156006,7.329792499542236,106.34063720703125,-0.12494253685306825,2.8988636640594936,-90.06871624283566,-1.7354453,-0.60968834,12.6621685,2.3371513,-23.966202,-32.4661,17.961193,-45.135532,83.16805,21.648605,4.8938518,6.953072,-42.69967,-9.665606,54.950928,87.47699,-22.87319,1.6635147,-5.2174926,-13.243001,4.9518867,-7.7887297,21.799639,-12.351696,-6.400243,-14.000478,-3.5013652,-6.563192,23.881285,-13.557207,4.0298133
902,-1.2545627355575562,7.0203728675842285,106.53434753417969,-0.1512544039125635,2.847517526233769,-90.01948479290024,-1.8262945,-0.5911584,12.183617,2.35802,-23.406996,-30.501637,17.912613,-44.442627,82.82461,21.88457,4.9905634,7.0549316,-41.016663,-9.647064,54.590824,87.31762,-23.063602,1.7092267,-5.3452373,-12.186608,5.0843453,-7.4959135,20.325912,-11.832347,-6.3868628,-12.94283,-3.4021158,-6.9417095,22.442917,-13.07126,4.056372
903,-1.2502071857452393,6.73013162612915,106.70720672607422,-0.17806877179285402,2.7926193330742426,-89.9694694580923,-1.9161798,-0.56780905,11.724012,2.3768334,-22.843487,-28.57084,17.849092,-43.71414,82.47625,22.095526,5.0803647,7.170287,-39.369083,-9.637215,54.20424,87.153435,-23.230177,1.7460508,-5.486233,-11.165561,5.207871,-7.2145014,18.904402,-11.327339,-6.373343,-11.921126,-3.3005915,-7.3086753,21.053396,-12.597782,4.082862
904,-1.2534431219100952,6.443736553192139,106.8629150390625,-0.20447474134322674,2.734882077613523,-89.92886915252379,-1.9945135,-0.541975,11.284632,2.3963172,-22.27108,-26.684185,17.775507,-42.953514,82.12628,22.221981,5.161495,7.2990294,-37.761223,-9.638353,53.72444,86.97651,-23.439848,1.784921,-5.6506886,-10.157077,5.332193,-6.926178,17.512661,-10.836044,-6.365676,-10.924328,-3.1892965,-7.6565647,19.70509,-12.141629,4.1040154
905,-1.2588328123092651,6.1616291999816895,106.99993133544922,-0.22813507481089842,2.6755143482705552,-89.89933539960882,-2.0541487,-0.5175933,10.863602,2.413764,-21.681858,-24.845242,17.696125,-42.176453,81.77216,22.204895,5.2246966,7.430513,-36.184635,-9.651991,53.123444,86.769135,-23.752178,1.833539,-5.8331547,-9.170512,5.449975,-6.6308975,16.16657,-10.365651,-6.3602676,-9.963756,-3.0764384,-7.9786997,18.414675,-11.709528,4.1241603
906,-1.2603480815887451,5.88932466506958,107.11971282958984,-0.2502235862415702,2.614128042949933,-89.8758245246288,-2.0972533,-0.49512354,10.460343,2.4244716,-21.08216,-23.048874,17.611446,-41.38582,81.40567,22.086136,5.2753706,7.5647535,-34.630234,-9.680123,52.422318,86.52746,-24.129045,1.8869805,-6.028141,-8.212343,5.557523,-6.3367715,14.870656,-9.914752,-6.3536687,-9.039875,-2.9660778,-8.280787,17.180616,-11.29821,4.1462975
907,-1.2603869438171387,5.6281843185424805,107.22514343261719,-0.27455933288215295,2.5483970242424845,-89.85833989053943,-2.127423,-0.47092646,10.078591,2.4284368,-20.482616,-21.292377,17.51967,-40.560555,81.02303,21.961197,5.3322215,7.7167397,-33.096695,-9.725249,51.630665,86.256424,-24.48682,1.9407934,-6.24599,-7.2781305,5.661324,-6.0441594,13.620114,-9.481217,-6.34731,-8.140844,-2.8515372,-8.567735,15.984777,-10.898717,4.167582
908,-1.25468909740448,5.378462791442871,107.31529235839844,-0.30485271688542903,2.4761388864069334,-89.84712307556946,-2.1494324,-0.44189355,9.721238,2.4274988,-19.895138,-19.572073,17.41739,-39.675426,80.62147,21.928902,5.4143558,7.9012322,-31.58509,-9.790865,50.760094,85.96581,-24.74312,1.9878339,-6.4971166,-6.382205,5.7616673,-5.759207,12.447125,-9.0818615,-6.3383803,-7.267993,-2.7324593,-8.839524,14.835355,-10.51531,4.189741
909,-1.2420209646224976,5.120959758758545,107.3919906616211,-0.3414145062848964,2.400842021060793,-89.84446877124061,-2.1679301,-0.4065737,9.384764,2.4267848,-19.320337,-17.880617,17.301086,-38.72539,80.19525,22.038216,5.5354857,8.129596,-30.089352,-9.879643,49.80563,85.647125,-24.86439,2.0186098,-6.8050866,-5.513163,5.859029,-5.4764323,11.346561,-8.725682,-6.3245683,-6.404218,-2.6084878,-9.09879,13.714526,-10.150027,4.215046
910,-1.232200264930725,4.8751702308654785,107.45694732666016,-0.38179325758132887,2.322470646995142,-89.84968358704894,-2.178072,-0.367625,9.06769,2.423301,-18.752728,-16.222313,17.168728,-37.720406,79.7508,22.233173,5.6821127,8.389413,-28.601604,-9.992496,48.76391,85.28762,-24.897726,2.0393403,-7.154066,-4.679365,5.956681,-5.1988826,10.30962,-8.396503,-6.312949,-5.568272,-2.47742,-9.340628,12.634125,-9.797823,4.235844
911,-1.2173124551773071,4.6456451416015625,107.51024627685547,-0.42485113993831986,2.2340955931656343,-89.85811922467596,-2.1693935,-0.32592267,8.778224,2.4054718,-18.194384,-14.609224,17.018871,-36.656693,79.2993,22.45488,5.8324437,8.658708,-27.117477,-10.128357,47.644714,84.885,-24.878918,2.0681243,-7.4962287,-3.8906126,6.0472236,-4.9329906,9.364109,-8.105717,-6.299649,-4.7582784,-2.3476152,-9.570007,11.602959,-9.460747,4.258166
912,-1.2079471349716187,4.438796043395996,107.5513687133789,-0.46880040552711794,2.128911376481394,-89.86524809022465,-2.1350045,-0.28331193,8.523618,2.365139,-17.648579,-13.049583,16.85156,-35.524548,78.85097,22.64671,5.9639034,8.916929,-25.638876,-10.284748,46.464516,84.44587,-24.841415,2.1215072,-7.7835617,-3.1474645,6.1354437,-4.6823454,8.516647,-7.8532486,-6.292363,-3.978398,-2.2171924,-9.790737,10.641942,-9.149107,4.2765017
913,-1.1881567239761353,4.2227020263671875,107.58621978759766,-0.5156999428635748,2.0017124462208846,-89.87040896518528,-2.0772936,-0.2371921,8.307179,2.301568,-17.104511,-11.535626,16.666292,-34.304226,78.39853,22.82001,6.076848,9.158898,-24.169868,-10.459633,45.22065,83.97841,-24.768705,2.2001011,-8.0002365,-2.395558,6.216858,-4.4275875,7.717145,-7.6341763,-6.280472,-3.1574497,-2.086506,-10.023551,9.663752,-8.83702,4.3038
914,-1.1632730960845947,4.015929698944092,107.61231231689453,-0.5650944254106953,1.8573614088264088,-89.87599666548006,-2.001478,-0.18736693,8.124402,2.2217305,-16.564823,-10.058469,16.461782,-32.9987,77.93297,22.99962,6.1809163,9.393752,-22.70533,-10.65027,43.908978,83.47774,-24.649508,2.2946334,-8.171016,-1.6888069,6.291506,-4.186823,7.0324697,-7.4700494,-6.26707,-2.3409383,-1.9568883,-10.252893,8.721052,-8.539199,4.3341737
915,-1.1423585414886475,3.8212482929229736,107.63037109375,-0.6130612190136997,1.7037793689183538,-89.88192506958173,-1.9051503,-0.13738467,7.9699926,2.128508,-16.049063,-8.623491,16.2375,-31.634975,77.460785,23.145542,6.266206,9.623626,-21.237715,-10.850929,42.54589,82.935776,-24.523346,2.4070153,-8.309402,-1.0292785,6.3610225,-3.9613976,6.444365,-7.348494,-6.256413,-1.547331,-1.8285605,-10.474662,7.8268833,-8.259648,4.362096
916,-1.1211613416671753,3.6393158435821533,107.64398193359375,-0.6550900385576961,1.54842640245023,-89.888339250545,-1.7856747,-0.09042767,7.837659,2.0243456,-15.575668,-7.238807,15.994299,-30.243717,76.99465,23.2141,6.3214836,9.852556,-19.762651,-11.05359,41.150223,82.35246,-24.42727,2.5381012,-8.430662,-0.39852238,6.4189234,-3.744945,5.898768,-7.23924,-6.2441,-0.7716089,-1.7073264,-10.691371,6.9534354,-7.9823613,4.3908024
917,-1.0952568054199219,3.4575414657592773,107.6517333984375,-0.6919357032670064,1.393036317064252,-89.89528584383665,-1.6474042,-0.042302564,7.7255898,1.918225,-15.149149,-5.898814,15.733431,-28.83951,76.53397,23.17036,6.3343673,10.099319,-18.288557,-11.251726,39.724533,81.74456,-24.370272,2.685682,-8.538719,0.03147512,6.45243,-3.6007996,5.7276926,-7.315267,-6.2255793,-0.010343346,-1.5958087,-10.9056015,6.1061945,-7.716831,4.4241757
918,-1.0710935592651367,3.296783208847046,107.65582275390625,-0.7270135685890082,1.232546385303873,-89.90281969937651,-1.4915245,0.008960793,7.6351566,1.8073423,-14.75858,-4.6004796,15.455015,-27.408438,76.077774,23.038765,6.3119717,10.356875,-16.820517,-11.441233,38.26277,81.127266,-24.33078,2.8449569,-8.627577,0.38334572,6.4795938,-3.4843395,5.688895,-7.444677,-6.207613,0.46590832,-1.537609,-11.039639,5.7978973,-7.7072406,4.4574327
919,-1.0391430854797363,3.125958204269409,107.65773010253906,-0.7582306668153074,1.0655957671198883,-89.91091507123352,-1.3112606,0.05812463,7.566087,1.6768504,-14.396791,-3.3546672,15.15917,-25.932898,75.635605,22.867233,6.2721596,10.590366,-15.34951,-11.615146,36.7707,80.49084,-24.298985,3.0149727,-8.697029,0.7484897,6.4964023,-3.3621118,5.652365,-7.5813227,-6.1838665,0.81912285,-1.5155321,-11.138412,5.7561684,-7.8359675,4.4995866
920,-1.0184707641601562,2.9664230346679688,107.65499877929688,-0.7843252669241443,0.8906378598507401,-89.91943756764645,-1.1033236,0.0999763,7.516948,1.5150317,-14.0564995,-2.1694279,14.845873,-24.391052,75.21534,22.703478,6.234206,10.765583,-13.873503,-11.7653,35.260708,79.83752,-24.26394,3.191881,-8.748089,1.1142707,6.513647,-3.2385457,5.6193204,-7.7144055,-6.1681767,1.1735613,-1.4922818,-11.235115,5.7167683,-7.961754,4.535365
921,-1.0005890130996704,2.8207318782806396,107.64905548095703,-0.8054424951627973,0.7060986388606887,-89.9277767972819,-0.8676126,0.13291012,7.489082,1.3218857,-13.735762,-1.0399038,14.51556,-22.725897,74.80641,22.573847,6.206574,10.860168,-12.397556,-11.8859625,33.726315,79.18496,-24.204039,3.3647966,-8.796887,1.4826154,6.5263634,-3.1124434,5.58622,-7.840378,-6.1563416,1.529967,-1.4729487,-11.330327,5.678363,-8.08162,4.5704417
922,-0.9844066500663757,2.6878573894500732,107.64189147949219,-0.8233077071417143,0.5118278043970402,-89.93593400421776,-0.6177317,0.1611115,7.482982,1.1138949,-13.437012,0.05080777,14.168356,-20.94057,74.39481,22.457209,6.180556,10.8949,-10.938019,-11.971989,32.178223,78.54804,-24.129341,3.5348644,-8.838846,1.8557233,6.535897,-2.9836588,5.551033,-7.958863,-6.1470637,1.8881626,-1.4561427,-11.425001,5.6413784,-8.195405,4.604757
923,-0.9701740741729736,2.5551369190216064,107.63055419921875,-0.83970174401528,0.31057025885606643,-89.9450472956287,-0.36801118,0.18663512,7.4915133,0.9018324,-13.159815,1.105032,13.803519,-19.117966,73.99736,22.319178,6.1483097,10.903129,-9.516071,-12.017284,30.65792,77.93815,-24.073736,3.713487,-8.847184,2.2334154,6.544082,-2.853441,5.5233526,-8.082062,-6.1389213,2.2543828,-1.4394746,-11.51961,5.6067653,-8.312367,4.638217
924,-0.9556936025619507,2.43023419380188,107.6168441772461,-0.8563625318387617,0.10429897801692992,-89.9558139306496,-0.12768959,0.21314901,7.506455,0.69034487,-12.897786,2.113833,13.420697,-17.359146,73.64593,22.114517,6.099919,10.921842,-8.150926,-12.015754,29.203926,77.367874,-24.068317,3.912198,-8.797678,2.609132,6.551495,-2.725821,5.502539,-8.20499,-6.12952,2.6226647,-1.4219351,-11.611529,5.571059,-8.424731,4.669639
925,-0.9412255883216858,2.3257601261138916,107.60240173339844,-0.8763664032080295,-0.11104780228349212,-89.96829785164435,0.10793414,0.24280643,7.525982,0.46808058,-12.651333,3.0736566,13.022713,-15.672983,73.35505,21.795725,6.03392,10.962413,-6.846577,-11.966279,27.79891,76.84369,-24.15437,4.14479,-8.68408,2.9782264,6.5621476,-2.6036992,5.4915676,-8.32218,-6.1196184,2.9869711,-1.3993421,-11.699003,5.5360446,-8.524718,4.695307
926,-0.9245781302452087,2.2019202709198,107.58590698242188,-0.898704075975841,-0.33582948544741237,-89.98114269751598,0.34419447,0.2742199,7.551443,0.23260602,-12.418711,3.9807527,12.612757,-14.025758,73.11738,21.38667,5.9567003,11.0086975,-5.6004486,-11.871733,26.427263,76.37261,-24.305534,4.3994994,-8.524962,3.3656046,6.5733886,-2.47774,5.4919605,-8.458027,-6.1071267,3.3704984,-1.3744916,-11.789946,5.50553,-8.637453,4.722392
927,-0.9171878695487976,2.1044702529907227,107.56587982177734,-0.9176125589497806,-0.561403234642016,-89.99359169564298,0.57223934,0.30088022,7.57675,0.0029914267,-12.192122,4.8243904,12.193866,-12.456731,72.939316,20.9479,5.8690534,11.060441,-4.4261036,-11.735374,25.135965,75.97506,-24.448679,4.649273,-8.336576,3.7349522,6.586004,-2.3600755,5.4957247,-8.580053,-6.1003757,3.7393093,-1.3480299,-11.875082,5.4755163,-8.736625,4.7420197
928,-0.9082452654838562,2.007316827774048,107.54438781738281,-0.9327215204340051,-0.7785762288465785,-90.00455404221267,0.78410465,0.32205978,7.59416,-0.20291436,-11.9629545,5.5909085,11.767779,-11.017125,72.83245,20.529902,5.7709765,11.119709,-3.3378026,-11.560709,23.979322,75.67434,-24.50239,4.867508,-8.137683,4.091828,6.5920787,-2.2480261,5.5007844,-8.700549,-6.0919123,4.388745,-1.2651509,-12.037656,4.884319,-8.558622,4.7619443
929,-0.8981049060821533,1.9148916006088257,107.52637481689453,-0.9408472596277773,-0.9960927355978791,-90.00822882114188,0.97262836,0.3355868,7.612763,-0.37523904,-11.72941,6.276481,11.341838,-9.718713,72.80474,20.13248,5.6625414,11.19054,-2.3462877,-11.35364,22.983753,75.48545,-24.424326,5.0570693,-7.9210067,4.4432974,6.5881104,-2.1464348,5.504156,-8.815391,-6.0812473,4.57427,-1.2884523,-12.073881,5.18842,-8.818812,4.7890987
930,-0.889561116695404,1.835726261138916,107.50439453125,-0.9396308870529974,-1.2063627232552263,-90.01300213642214,1.1473483,0.3364395,7.6259484,-0.52266735,-11.498113,6.8949323,10.923367,-8.532892,72.84032,19.728424,5.5467052,11.273581,-1.4454734,-11.120998,22.124811,75.39095,-24.257029,5.2331696,-7.6850176,4.775667,6.5730658,-2.051926,5.508573,-8.921245,-6.0697875,5.031509,-1.2617015,-12.182968,4.932628,-8.793253,4.8153906
931,-0.8849967122077942,1.7627995014190674,107.48616790771484,-0.9340882926029582,-1.4056898223355714,-90.01641098452444,1.3052132,0.3315553,7.6308064,-0.65792805,-11.269438,7.4551263,10.513868,-7.452117,72.9245,19.329973,5.425571,11.368295,-0.6200171,-10.868916,21.373308,75.365005,-24.050503,5.386527,-7.45682,5.0868006,6.554955,-1.9654015,5.515888,-9.021361,-6.0596604,5.214005,-1.2925632,-12.216441,5.168186,-9.0003605,4.841088
932,-0.8686330318450928,1.6854697465896606,107.47171783447266,-0.9300382896855217,-1.5824616823861257,-90.02199153133492,1.4517242,0.3257433,7.6156282,-0.7966425,-11.042408,7.9593563,10.111588,-6.475731,73.05139,18.947275,5.300189,11.475497,0.14750494,-10.602315,20.697048,75.38174,-23.855501,5.5076046,-7.2629037,5.3720994,6.530874,-1.8823401,5.521463,-9.116815,-6.0420256,5.3444915,-1.3336726,-12.235604,5.465006,-9.239396,4.871371
933,-0.8575230836868286,1.6136337518692017,107.45521545410156,-0.9234302572685866,-1.729063028678315,-90.03579866376427,1.5973742,0.3183821,7.573286,-0.9497974,-10.821068,8.411622,9.716376,-5.597996,73.21314,18.603779,5.1710243,11.59755,0.8668822,-10.326565,20.079,75.43364,-23.688988,5.595362,-7.1005845,5.617931,6.507137,-1.8003285,5.5254717,-9.202208,-6.026884,5.573888,-1.34928,-12.277861,5.459668,-9.304547,4.8993826
934,-0.8413841724395752,1.5474332571029663,107.44383239746094,-0.9170122974466359,-1.8554225056889087,-90.05218761099745,1.7384171,0.31051248,7.515835,-1.1111977,-10.604629,8.80814,9.332162,-4.821291,73.4153,18.289124,5.0377464,11.735025,1.5367541,-10.04618,19.52641,75.520294,-23.528305,5.6573124,-6.957443,5.833024,6.4800243,-1.7236496,5.530402,-9.279,-6.008192,5.769404,-1.3655617,-12.309232,5.476147,-9.379382,4.9248195
935,-0.8253758549690247,1.4811537265777588,107.43090057373047,-0.9072600150563702,-1.9625584871529964,-90.06793153049063,1.8694664,0.30061552,7.445921,-1.2700975,-10.39472,9.138056,8.963474,-4.160953,73.67511,17.960415,4.900352,11.8876095,2.1551282,-9.764324,19.046028,75.63231,-23.363369,5.6946664,-6.8461847,6.0227604,6.44954,-1.6543443,5.5349965,-9.350967,-5.989331,5.9499393,-1.3870001,-12.339306,5.477266,-9.4428,4.9528446
936,-0.8098673820495605,1.410231590270996,107.41897583007812,-0.8981823237019142,-2.058321535131176,-90.07432239787819,1.9809891,0.2908204,7.3727345,-1.4169617,-10.1904955,9.38936,8.61569,-3.635692,74.011345,17.572552,4.7585263,12.055194,2.720734,-9.48387,18.6428,75.761795,-23.184757,5.7080965,-6.780292,6.1978455,6.4212837,-1.5980325,5.5383053,-9.420564,-5.9721875,6.1183743,-1.4063863,-12.376181,5.481536,-9.50868,4.9797826
937,-0.8028475642204285,1.3558785915374756,107.40934753417969,-0.888153640695332,-2.139445091601273,-90.06426168161298,2.06953,0.28030977,7.2942095,-1.5567982,-9.993386,9.551052,8.295888,-3.266123,74.4425,17.077269,4.601087,12.254295,3.2380152,-9.206041,18.323797,75.90427,-22.97156,5.6896267,-6.777234,6.3387723,6.3995123,-1.5680736,5.5416875,-9.47525,-5.9628086,6.259596,-1.4210426,-12.422777,5.485701,-9.563189,4.9995418
938,-0.7985896468162537,1.311479091644287,107.3990707397461,-0.8760667514281105,-2.203587946010865,-90.04375694552655,2.1437595,0.26784977,7.208442,-1.6954744,-9.8044,9.631797,8.00708,-3.044948,74.95362,16.503466,4.4306684,12.478795,3.7110643,-8.932567,18.080774,76.060135,-22.733395,5.641537,-6.825456,6.449865,6.3788147,-1.5568588,5.54164,-9.516902,-5.9565573,6.3810453,-1.4353355,-12.47581,5.48423,-9.609646,5.0168953
939,-0.7848761081695557,1.2680327892303467,107.39262390136719,-0.8678710574464034,-2.259693159840665,-90.02422016666227,2.212277,0.25670186,7.123723,-1.8239279,-9.6230755,9.649382,7.7450047,-2.9449744,75.513,15.925901,4.2685523,12.694451,4.137688,-8.666338,17.894527,76.225845,-22.508562,5.580112,-6.8936734,6.5486283,6.356831,-1.5481526,5.5426836,-9.555865,-5.9455156,6.4827847,-1.452303,-12.522722,5.489552,-9.65102,5.0377474
940,-0.766441822052002,1.2222346067428589,107.38661193847656,-0.861152345837802,-2.3133371604838024,-90.01963102011155,2.2845275,0.2492963,7.0460625,-1.9316126,-9.450945,9.621577,7.500819,-2.9340825,76.088486,15.423763,4.137359,12.868332,4.5158205,-8.409185,17.746353,76.394905,-22.33577,5.5229163,-6.9498568,6.648528,6.3325396,-1.5246162,5.5450745,-9.598253,-5.930827,6.581604,-1.4712673,-12.554123,5.4956756,-9.6932745,5.0608106
941,-0.738170862197876,1.1727783679962158,107.37821960449219,-0.8617310194211256,-2.36222220033356,-90.04314036774461,2.3680956,0.25260293,6.9720855,-2.012566,-9.288749,9.546407,7.2678204,-3.0224192,76.7023,15.006289,4.030586,12.998584,4.843035,-8.163177,17.64556,76.56589,-22.253567,5.4758325,-7.000112,6.7532873,6.308773,-1.4718887,5.546721,-9.64604,-5.9105687,6.6774836,-1.4894341,-12.5575,5.493633,-9.729802,5.0881476
942,-0.7092006802558899,1.1279605627059937,107.37061309814453,-0.8687688082178153,-2.4052960867475965,-90.08346097935178,2.4540207,0.2661975,6.9015675,-2.0720909,-9.135245,9.417265,7.0462227,-3.2152808,77.36156,14.638874,3.941354,13.10332,5.1220517,-7.9294214,17.597218,76.73992,-22.232075,5.429986,-7.0565495,6.8503394,6.2913356,-1.4047801,5.550141,-9.692452,-5.8912234,6.753748,-1.5019857,-12.538561,5.4976177,-9.760782,5.111743
943,-0.6894311904907227,1.0959445238113403,107.36344146728516,-0.8724958684665072,-2.4477292688278887,-90.1200989697323,2.5273697,0.2771183,6.8431287,-2.1145146,-8.993134,9.246208,6.838622,-3.4670238,78.009995,14.339501,3.8930929,13.179789,5.354235,-7.709145,17.575827,76.92022,-22.210243,5.380463,-7.0969644,6.93813,6.276171,-1.3443516,5.55186,-9.729958,-5.8768377,6.8248196,-1.5122561,-12.521083,5.496114,-9.783157,5.1291943
944,-0.6741204261779785,1.068615198135376,107.35652160644531,-0.8693671259117353,-2.4967504357167005,-90.13136513475433,2.5701625,0.27239105,6.8078065,-2.142128,-8.865872,9.047452,6.6481476,-3.7229707,78.588936,14.132904,3.9089272,13.22389,5.5391917,-7.503934,17.554655,77.1113,-22.130468,5.3218207,-7.098348,7.02293,6.2567716,-1.3101538,5.555948,-9.763618,-5.8631954,6.9043355,-1.52678,-12.52938,5.499215,-9.81117,5.146297
945,-0.6610361337661743,1.049885630607605,107.35034942626953,-0.8533391308118133,-2.552373256653741,-90.10565362855029,2.5693836,0.24429432,6.80154,-2.1493866,-8.752821,8.808513,6.474056,-3.9568954,79.090096,14.076667,4.039288,13.216366,5.673663,-7.3136706,17.520016,77.310616,-21.985897,5.243945,-7.0349364,7.1010075,6.2255754,-1.3147622,5.5571685,-9.786017,-5.8474064,6.9955244,-1.5526228,-12.576749,5.499005,-9.838912,5.165929
946,-0.6514731049537659,1.0390102863311768,107.34578704833984,-0.8296360199594032,-2.6121821420826596,-90.05610580108745,2.5343199,0.20078424,6.819586,-2.134156,-8.656467,8.530163,6.314436,-4.189825,79.53898,14.149437,4.2569237,13.164008,5.7576895,-7.1373463,17.487728,77.51596,-21.807293,5.1527634,-6.9244084,7.171641,6.188722,-1.3454267,5.5592794,-9.801094,-5.8315306,7.088289,-1.5842034,-12.647225,5.5021286,-9.866751,5.1849666
947,-0.6430496573448181,1.0283725261688232,107.34034729003906,-0.8032778937741729,-2.677093912547707,-89.99899888026223,2.4816241,0.15191968,6.853445,-2.1048036,-8.574415,8.245779,6.171558,-4.4418864,79.92962,14.254314,4.4677343,13.102453,5.7962074,-6.9754505,17.477386,77.73314,-21.590685,5.067124,-6.8087254,7.2458653,6.1497693,-1.38309,5.5625772,-9.816626,-5.8154697,7.190997,-1.6172159,-12.726076,5.5045085,-9.8979025,5.2044992
948,-0.6236701011657715,1.0147842168807983,107.33426666259766,-0.7828819151740137,-2.7500309178567455,-89.94953487544299,2.4270172,0.109260656,6.8973207,-2.0695424,-8.507394,7.9886384,6.049348,-4.7338953,80.2554,14.29339,4.5774617,13.066725,5.7954116,-6.8277264,17.510239,77.96506,-21.330568,5.0057864,-6.729063,7.335046,6.110287,-1.4098263,5.564228,-9.835254,-5.793956,7.3019314,-1.6498487,-12.796201,5.5078845,-9.9286585,5.2287073
949,-0.6132676005363464,1.0007051229476929,107.32733917236328,-0.7659895000336413,-2.8307698659076297,-89.90881728127778,2.3691816,0.07315601,6.951053,-2.0221138,-8.459031,7.7674847,5.950465,-5.0917745,80.51158,14.243494,4.5526404,13.062863,5.750124,-6.69244,17.609661,78.22132,-20.983107,4.9713006,-6.700695,7.4360385,6.0801187,-1.4258771,5.56889,-9.859245,-5.7787223,7.422449,-1.6722254,-12.855312,5.5120792,-9.962895,5.245854
950,-0.6025344729423523,0.9914022088050842,107.31965637207031,-0.7512766777103576,-2.9190971249157647,-89.86902647854592,2.3017936,0.037519235,7.0172734,-1.9615117,-8.427164,7.563529,5.8747115,-5.5040913,80.70525,14.150151,4.445519,13.072859,5.6588264,-6.5696588,17.762985,78.5002,-20.56019,4.9535356,-6.701241,7.544179,6.052275,-1.4401785,5.5733557,-9.881923,-5.7637024,7.5467415,-1.6918932,-12.9105015,5.518236,-9.9949255,5.2613015
951,-0.5909363031387329,0.9878958463668823,107.31199645996094,-0.7393227913212499,-3.013889511948646,-89.83475167361367,2.2346146,0.004538723,7.091664,-1.9034238,-8.404149,7.368208,5.8211737,-5.9311104,80.84545,14.023071,4.290579,13.094555,5.5338426,-6.4610043,17.933125,78.783875,-20.144245,4.9524307,-6.7139897,7.6581693,6.0268655,-1.4478402,5.5781384,-9.903394,-5.749568,7.673284,-1.7090158,-12.959165,5.5246925,-10.023202,5.2757854
952,-0.5790917873382568,0.9858058094978333,107.30326080322266,-0.7303248083524645,-3.114085710114345,-89.81057473835621,2.1774843,-0.024500651,7.170821,-1.863305,-8.383347,7.173747,5.788356,-6.329241,80.94028,13.875435,4.1226053,13.125793,5.388256,-6.368786,18.079918,79.05219,-19.82093,4.9683905,-6.7216225,7.780587,6.004048,-1.4425435,5.582956,-9.926558,-5.737426,7.8068595,-1.7225585,-13.000568,5.528787,-10.051298,5.289794
953,-0.5704993605613708,0.9858280420303345,107.2950210571289,-0.723526626857333,-3.2250098622723176,-89.79550592731772,2.1269875,-0.05040607,7.261135,-1.8489052,-8.368453,6.9846396,5.776608,-6.6753454,80.97262,13.710801,3.9359787,13.164457,5.2183714,-6.296047,18.170664,79.300545,-19.61671,5.0124583,-6.7075143,7.91795,5.9850926,-1.4229375,5.586778,-9.951599,-5.7302594,7.9476194,-1.7315931,-13.034487,5.5353036,-10.079241,5.3011765
954,-0.5609525442123413,0.9925844073295593,107.28594970703125,-0.7186929841413888,-3.345204757000983,-89.78800635386432,2.0809186,-0.07257615,7.3631525,-1.851474,-8.364409,6.80262,5.785547,-6.990741,80.943054,13.529255,3.7172594,13.210835,5.0226283,-6.2424664,18.22522,79.532585,-19.49251,5.081604,-6.682844,8.064738,5.967368,-1.3929797,5.591181,-9.97631,-5.724881,8.093878,-1.7389855,-13.061549,5.541079,-10.102905,5.312223
955,-0.5481734871864319,0.9970237612724304,107.2776107788086,-0.7168210606505248,-3.4650637456639037,-89.79080300829382,2.0478785,-0.08778265,7.4648123,-1.8603464,-8.359011,6.6164317,5.8127036,-7.2997727,80.88611,13.335483,3.489485,13.269195,4.812852,-6.20667,18.288908,79.7509,-19.430378,5.1543274,-6.6738396,8.214709,5.9503245,-1.3519783,5.595671,-10.003182,-5.7179494,8.238797,-1.7455096,-13.079634,5.5468287,-10.125897,5.324337
956,-0.5386563539505005,1.0064157247543335,107.2699203491211,-0.719336416415618,-3.5749655125545248,-89.8066629933953,2.0345159,-0.09327394,7.5532985,-1.862667,-8.342257,6.416522,5.854464,-7.6243176,80.83567,13.1343155,3.2757444,13.34491,4.5977645,-6.187905,18.412273,79.96258,-19.409193,5.208385,-6.7076426,8.352772,5.9399304,-1.3019764,5.5999775,-10.026796,-5.712384,8.365356,-1.7461394,-13.083427,5.551848,-10.142151,5.3315606
957,-0.5257627367973328,1.013555884361267,107.26358795166016,-0.7253593911766433,-3.6734358801262674,-89.84270683060382,2.044766,-0.084034376,7.626967,-1.8474796,-8.313901,6.2007837,5.906734,-7.9719443,80.79282,12.924817,3.078535,13.440355,4.3646927,-6.1868234,18.638971,80.18638,-19.461617,5.241569,-6.7963014,8.482161,5.9303026,-1.2356013,5.604431,-10.051018,-5.7024293,8.477925,-1.7463233,-13.068673,5.5524592,-10.15291,5.339044
958,-0.5094137787818909,1.017041563987732,107.2585678100586,-0.7356813020204098,-3.7652124732260988,-89.89504493850532,2.0736444,-0.06348565,7.689296,-1.8237073,-8.275361,5.9734945,5.978083,-8.357808,80.74551,12.676986,2.8859227,13.55194,4.1103487,-6.201755,18.962025,80.41965,-19.557192,5.2637787,-6.92575,8.60938,5.9224477,-1.1542048,5.609009,-10.077749,-5.689295,8.580871,-1.744771,-13.0387125,5.5530868,-10.161922,5.34679
959,-0.48883017897605896,1.0215020179748535,107.25360107421875,-0.747973508314129,-3.8501967847006253,-89.95119885526829,2.103675,-0.040243194,7.7411113,-1.7963132,-8.227499,5.7446804,6.0600863,-8.718911,80.693565,12.43936,2.700936,13.680416,3.8544729,-6.231512,19.300755,80.633736,-19.645958,5.272613,-7.0789485,8.728365,5.9142394,-1.0714866,5.6137996,-10.103223,-5.6737905,8.6724205,-1.7444154,-13.004278,5.5555234,-10.168406,5.356304
960,-0.46588099002838135,1.027479887008667,107.24967956542969,-0.7600390412163298,-3.927667484869489,-89.99871079389082,2.123856,-0.021641737,7.781068,-1.777356,-8.165048,5.51734,6.149779,-9.026808,80.64573,12.231843,2.5258436,13.82666,3.6205528,-6.2734737,19.585379,80.79856,-19.660818,5.2656503,-7.240983,8.834868,5.905462,-1.00033,5.6169252,-10.123901,-5.658323,8.756133,-1.7454051,-12.977583,5.555201,-10.171265,5.367781
961,-0.44950950145721436,1.0328168869018555,107.24597930908203,-0.7702729147905366,-3.997292560284322,-90.0318175341045,2.1320941,-0.009198529,7.8090506,-1.7781982,-8.088048,5.2817807,6.246609,-9.292296,80.62103,12.074226,2.3496273,14.009636,3.4144158,-6.3267426,19.795979,80.901,-19.59601,5.246487,-7.417884,8.928341,5.9004946,-0.94627625,5.6191435,-10.141248,-5.648953,8.834485,-1.7434068,-12.964848,5.5533557,-10.175231,5.3768787
962,-0.43039214611053467,1.0391172170639038,107.24362182617188,-0.7820445666823594,-4.059686229632836,-90.05781334514188,2.1395972,0.002216438,7.825717,-1.795742,-7.9975586,5.0341334,6.3516564,-9.532124,80.61528,11.949441,2.1747608,14.223957,3.2279482,-6.39239,19.955978,80.95611,-19.492086,5.2147655,-7.6152167,9.010124,5.8966565,-0.90212697,5.6207304,-10.155029,-5.6396008,8.902849,-1.7412595,-12.957906,5.552104,-10.176787,5.3875203
963,-0.4171960651874542,1.0566760301589966,107.2423324584961,-0.7933924860471675,-4.1148640892831265,-90.08447137893849,2.1531382,0.013098102,7.8310986,-1.8172432,-7.8962207,4.7896523,6.4635677,-9.718085,80.597946,11.828673,2.0243444,14.433625,3.0627592,-6.470452,20.060087,80.974915,-19.354046,5.161738,-7.8166823,9.075514,5.8966274,-0.86196935,5.6221724,-10.160487,-5.634425,8.955082,-1.736606,-12.947315,5.55098,-10.171153,5.393247
964,-0.4049050211906433,1.0666357278823853,107.24154663085938,-0.8020880474904144,-4.163230863443901,-90.11931036031802,2.1772568,0.024259305,7.825991,-1.828166,-7.7831025,4.565809,6.5795183,-9.813472,80.53527,11.689096,1.9221176,14.603047,2.9185112,-6.560749,20.101887,80.97003,-19.189955,5.078671,-8.00604,9.139785,5.893223,-0.81359994,5.622004,-10.169069,-5.627604,9.002196,-1.7353139,-12.929284,5.5490284,-10.16673,5.399156
965,-0.38116395473480225,1.0753552913665771,107.24211883544922,-0.8112012021031286,-4.199350755316872,-90.16912384355015,2.2169354,0.036169127,7.80099,-1.8239754,-7.647203,4.3715825,6.6986957,-9.769467,80.408264,11.531208,1.8975915,14.71139,2.8001661,-6.666323,20.064175,80.944595,-18.981337,4.942515,-8.180561,9.192013,5.8818364,-0.75386244,5.623054,-10.177771,-5.6117954,9.032964,-1.7429105,-12.895317,5.5463376,-10.157072,5.411408
966,-0.35929057002067566,1.0801982879638672,107.24249267578125,-0.8182267119236827,-4.224849673368964,-90.2283646538047,2.2633352,0.04845697,7.7599874,-1.8072464,-7.4952903,4.2018867,6.8212175,-9.602491,80.23174,11.37541,1.931142,14.781288,2.7042947,-6.7875285,19.959187,80.89098,-18.732103,4.7655706,-8.346339,9.235812,5.8686705,-0.6868594,5.6228876,-10.186874,-5.595538,9.052961,-1.752939,-12.851988,5.5416565,-10.146065,5.423018
967,-0.3386833071708679,1.0841343402862549,107.24357604980469,-0.8247816480256237,-4.250421988566966,-90.28575478399921,2.302562,0.060207028,7.7219825,-1.7769111,-7.345863,4.049366,6.946636,-9.384343,80.030045,11.220735,1.9720109,14.844281,2.615909,-6.9193788,19.825918,80.81168,-18.481003,4.59049,-8.503631,9.279682,5.855621,-0.6212873,5.622445,-10.195834,-5.5796013,9.070636,-1.7630447,-12.809718,5.5405316,-10.136415,5.43352
968,-0.32129889726638794,1.0923080444335938,107.24267578125,-0.8285366189847045,-4.286294393579078,-90.33062237876608,2.3237915,0.069785155,7.704396,-1.7342201,-7.2220426,3.903333,7.074089,-9.197333,79.83126,11.058583,1.9687021,14.93207,2.5195553,-7.053055,19.703384,80.712265,-18.264019,4.4592366,-8.654711,9.330963,5.841948,-0.5660705,5.6225657,-10.203547,-5.565589,9.103706,-1.7727187,-12.781836,5.5363617,-10.128092,5.442764
969,-0.30269065499305725,1.1047885417938232,107.24249267578125,-0.8305555956604692,-4.336666293201998,-90.35758230027265,2.3263826,0.07567587,7.710634,-1.6792743,-7.1236405,3.759951,7.2047834,-9.065706,79.64478,10.870909,1.8994209,15.061183,2.4121954,-7.182374,19.592253,80.594574,-18.10213,4.391723,-8.808015,9.393179,5.826195,-0.5260815,5.62231,-10.208618,-5.550816,9.152997,-1.7833571,-12.772744,5.535323,-10.123192,5.4525385
970,-0.2886122465133667,1.119570255279541,107.24108123779297,-0.8305083996255743,-4.395436891589806,-90.37347297425715,2.3203156,0.07728313,7.729371,-1.6159446,-7.041215,3.6198409,7.3398995,-8.961622,79.46313,10.655773,1.7936492,15.213346,2.299818,-7.3076043,19.47276,80.46466,-17.970327,4.3605375,-8.964035,9.461872,5.811312,-0.49539003,5.6217136,-10.212281,-5.5385537,9.216092,-1.7918104,-12.776545,5.5319443,-10.120988,5.4597697
971,-0.27176693081855774,1.1347284317016602,107.2403564453125,-0.8293425141625659,-4.458024302943331,-90.38453278782903,2.3083575,0.07736188,7.7574434,-1.5510256,-6.971413,3.479748,7.4779325,-8.885711,79.28704,10.430783,1.6768273,15.368613,2.1810687,-7.429923,19.354918,80.33363,-17.835335,4.337884,-9.1134,9.533782,5.7934785,-0.46785614,5.621282,-10.215888,-5.5246334,9.283606,-1.8031218,-12.78547,5.5294137,-10.11937,5.469239
972,-0.25312215089797974,1.1508033275604248,107.23894500732422,-0.8283765740293232,-4.519902531551683,-90.39722534969795,2.2932985,0.0787692,7.7910204,-1.4910934,-6.913255,3.3353708,7.6160045,-8.84197,79.120186,10.210295,1.5741299,15.508344,2.0539744,-7.551187,19.252802,80.21369,-17.660107,4.295864,-9.247107,9.603951,5.7747746,-0.43735856,5.621982,-10.21963,-5.5105457,9.348449,-1.815871,-12.792013,5.529329,-10.118134,5.4801493
973,-0.2327846884727478,1.1722394227981567,107.23892211914062,-0.8278122693525874,-4.579883311908681,-90.41385168151545,2.2740896,0.08314544,7.831018,-1.4341173,-6.866119,3.1843963,7.753172,-8.830411,78.9638,9.976813,1.4883204,15.631051,1.9122407,-7.674425,19.1692,80.11055,-17.42351,4.2280307,-9.362332,9.669852,5.755548,-0.40097466,5.6207876,-10.219114,-5.4971533,9.405577,-1.8298368,-12.792654,5.5290146,-10.111013,5.491664
974,-0.21643538773059845,1.1963648796081543,107.23859405517578,-0.826762312400812,-4.640297005601817,-90.43092136742911,2.249065,0.08980604,7.8789463,-1.3769873,-6.8333836,3.029647,7.8892455,-8.848376,78.81585,9.730033,1.4069837,15.745908,1.7596362,-7.7995777,19.099808,80.01359,-17.146738,4.149731,-9.462719,9.734115,5.7384453,-0.3622209,5.619995,-10.217178,-5.487415,9.462502,-1.8418927,-12.79239,5.52682,-10.101875,5.5010457
975,-0.19681134819984436,1.210070252418518,107.23722076416016,-0.8268230512851026,-4.7020479176396455,-90.44551141169697,2.219347,0.095859006,7.931159,-1.3245792,-6.8107915,2.873858,8.023462,-8.895115,78.6774,9.510134,1.3330075,15.851797,1.6065912,-7.9256563,19.048338,79.91901,-16.857094,4.0639496,-9.551071,9.806284,5.720097,-0.32322547,5.6199346,-10.22217,-5.475349,9.528924,-1.8543115,-12.796817,5.5256677,-10.101016,5.513716
976,-0.17512787878513336,1.225477695465088,107.2358627319336,-0.8253264065713009,-4.766100262309067,-90.45499769577461,2.185597,0.09934657,7.984342,-1.2812213,-6.795959,2.7201254,8.154217,-8.969854,78.54895,9.357169,1.2693614,15.947371,1.4629914,-8.04961,19.020542,79.82198,-16.580603,3.9739482,-9.630087,9.879273,5.698664,-0.2919827,5.619667,-10.225805,-5.460334,9.598089,-1.8695226,-12.806443,5.5242124,-10.099644,5.528059
977,-0.15528663992881775,1.2385523319244385,107.23283386230469,-0.8214579893009782,-4.833023791450435,-90.45730037361463,2.1430235,0.09675199,8.037026,-1.2461772,-6.7926097,2.5722902,8.281311,-9.068935,78.42892,9.290023,1.2163653,16.033388,1.3301389,-8.171533,19.02069,79.72178,-16.30124,3.8684127,-9.6978445,9.955641,5.675627,-0.27072412,5.6199565,-10.230616,-5.4440064,9.675505,-1.8854207,-12.824763,5.520982,-10.101529,5.5421557
978,-0.13812556862831116,1.246532917022705,107.22931671142578,-0.8172666524979018,-4.902315106570076,-90.45416665667666,2.0917006,0.09056498,8.091361,-1.21662,-6.8000646,2.4284964,8.404911,-9.191585,78.31647,9.2856455,1.1727955,16.110287,1.2018579,-8.291047,19.047396,79.62132,-16.011509,3.7499187,-9.753816,10.035169,5.653604,-0.25600088,5.6240478,-10.240157,-5.4279304,9.757361,-1.9000657,-12.84882,5.5233154,-10.111161,5.555282
979,-0.11734295636415482,1.2509961128234863,107.22520446777344,-0.8137439565465833,-4.9728452827287795,-90.44896515442129,2.0396347,0.08491054,8.147895,-1.1932203,-6.8144526,2.2835553,8.524115,-9.341947,78.21618,9.32083,1.1394429,16.178139,1.073424,-8.406089,19.096188,79.5311,-15.7518425,3.640303,-9.805158,10.119345,5.6300006,-0.24269462,5.6261945,-10.251071,-5.4091926,9.845921,-1.9155339,-12.876383,5.5228086,-10.1223955,5.571449
980,-0.09338294714689255,1.2620478868484497,107.22175598144531,-0.811045626762177,-5.043756342223825,-90.44480223388237,1.995414,0.085058466,8.20715,-1.1777698,-6.8288565,2.1308484,8.637309,-9.525846,78.13406,9.371574,1.1169676,16.23754,0.9406007,-8.512868,19.160843,79.46134,-15.563369,3.5614336,-9.859645,10.1998825,5.60582,-0.22927071,5.628581,-10.258686,-5.389228,9.9290285,-1.9319938,-12.900822,5.522621,-10.127606,5.588973
981,-0.07331803441047668,1.2668282985687256,107.21717834472656,-0.8108962411347012,-5.11875349338944,-90.44032656635419,1.96189,0.09167603,8.274187,-1.1787882,-6.846506,1.9651936,8.743811,-9.7512045,78.07006,9.441344,1.1089033,16.292257,0.80180293,-8.6074,19.24412,79.41732,-15.473144,3.522245,-9.929088,10.28906,5.587024,-0.2124181,5.632874,-10.272731,-5.3725224,10.021379,-1.9422309,-12.927041,5.523277,-10.138413,5.6053505
982,-0.057306449860334396,1.273500680923462,107.21232604980469,-0.8114229602255264,-5.196686475689236,-90.43458178371682,1.9352629,0.102060154,8.346129,-1.193695,-6.869456,1.7896233,8.8437,-10.015908,78.02413,9.537937,1.1136626,16.341621,0.65797514,-8.689078,19.345978,79.39753,-15.454988,3.5090446,-10.008062,10.363555,5.5718074,-0.20201725,5.669053,-10.302406,-5.3586583,10.117587,-1.9483914,-12.954663,5.5222106,-10.148357,5.619726
983,-0.04180910065770149,1.2827346324920654,107.20693969726562,-0.8146851313430234,-5.270276113027105,-90.43142368889211,1.914811,0.11538749,8.412514,-1.2076598,-6.8895297,1.6096008,8.937025,-10.309092,78.001656,9.645253,1.1239761,16.378761,0.50937724,-8.760614,19.454931,79.39895,-15.47137,3.5103226,-10.078141,10.407583,5.560223,-0.19897205,5.750913,-10.353365,-5.3461394,10.205458,-1.9514991,-12.977051,5.5220256,-10.155993,5.632533
984,-0.02556084282696247,1.2916395664215088,107.2027816772461,-0.8171004046835386,-5.331924083342337,-90.43509026005296,1.9001015,0.13141966,8.462905,-1.2061807,-6.8975453,1.4304568,9.023604,-10.619439,78.00744,9.748127,1.1324428,16.396751,0.3577338,-8.827011,19.557539,79.41625,-15.485761,3.5151672,-10.120157,10.448974,5.5475397,-0.18925843,5.8122435,-10.392551,-5.333287,10.276294,-1.9571723,-12.989145,5.5222554,-10.160113,5.6446595
985,-0.004735719412565231,1.2901169061660767,107.1990966796875,-0.8226583793334288,-5.377937946228548,-90.44822193346485,1.8927542,0.15312228,8.494036,-1.182383,-6.8950715,1.2489206,9.1021805,-10.961549,78.05411,9.855236,1.1342913,16.393461,0.20210654,-8.891317,19.654015,79.44773,-15.501156,3.5240638,-10.12225,10.48071,5.5353765,-0.17190492,5.871445,-10.435106,-5.3183784,10.331893,-1.963657,-12.988666,5.52292,-10.166247,5.658477
986,0.017457405105233192,1.2901976108551025,107.19611358642578,-0.8286196335606433,-5.412942618860357,-90.46835642651514,1.8944782,0.17996979,8.512103,-1.1469817,-6.885518,1.0614825,9.172117,-11.3387575,78.137054,9.969488,1.1340104,16.372665,0.046076782,-8.954112,19.746836,79.49003,-15.533693,3.5429277,-10.09558,10.496955,5.523013,-0.1520873,5.9352016,-10.478083,-5.3030787,10.372656,-1.9712899,-12.977867,5.522033,-10.168157,5.6717005
987,0.03701593354344368,1.2880929708480835,107.1938247680664,-0.8359528969791318,-5.441613870041365,-90.4908030752235,1.8966621,0.20907241,8.521475,-1.104004,-6.866564,0.8808099,9.228813,-11.694674,78.22925,10.086591,1.1383017,16.337166,-0.11045299,-9.009528,19.82903,79.54454,-15.572264,3.567667,-10.056454,10.513366,5.514198,-0.12922263,5.9872665,-10.515439,-5.290043,10.405909,-1.9760189,-12.963235,5.5215564,-10.170309,5.6825466
988,0.05273305997252464,1.2863986492156982,107.19200134277344,-0.8431430017779648,-5.468353355211908,-90.51140567753465,1.9114621,0.2375153,8.528062,-1.077883,-6.836756,0.7044792,9.287019,-12.047493,78.307755,10.146058,1.1547854,16.281876,-0.23641373,-9.069035,19.892054,79.5698,-15.583713,3.6000836,-10.0132,10.529905,5.5080194,-0.108128354,6.033023,-10.548449,-5.2796974,10.436744,-1.9787256,-12.950743,5.5208335,-10.172073,5.691286
989,0.06876850873231888,1.284177541732788,107.19015502929688,-0.8495339918054028,-5.493569269484179,-90.52938560122868,1.9149677,0.26280516,8.532301,-1.0455642,-6.7932115,0.5551128,9.335183,-12.323149,78.35186,10.188758,1.1870251,16.201038,-0.36180744,-9.117757,19.940228,79.600815,-15.57991,3.6429844,-9.966607,10.545073,5.501132,-0.09046376,6.077089,-10.579892,-5.269347,10.468219,-1.9817327,-12.942571,5.5179634,-10.173362,5.7003865
990,0.0825042575597763,1.2794029712677002,107.18872833251953,-0.8569970220132039,-5.515084046997685,-90.54692730493043,1.9080589,0.28670597,8.53155,-1.0022413,-6.735918,0.42876738,9.373437,-12.539478,78.37582,10.224513,1.2304797,16.097807,-0.49200833,-9.15417,19.983637,79.645195,-15.565401,3.694845,-9.91273,10.562119,5.4971986,-0.072320245,6.1114655,-10.606835,-5.2610555,10.49361,-1.9829265,-12.93416,5.5192394,-10.176895,5.708064
991,0.10139178484678268,1.2786109447479248,107.18673706054688,-0.8631885156383773,-5.534001919673282,-90.56397634263014,1.9157485,0.30847007,8.527529,-0.97467554,-6.674732,0.30690306,9.418259,-12.757147,78.39262,10.218257,1.2824358,15.986261,-0.59324944,-9.196692,20.015955,79.66443,-15.530907,3.7440748,-9.859056,10.557355,5.488963,-0.06251404,6.1750517,-10.645117,-5.2493606,10.517027,-1.9883151,-12.926494,5.5163193,-10.176127,5.7186975
992,0.1213093027472496,1.2754027843475342,107.18534088134766,-0.8712069568506344,-5.551133735747549,-90.58035352724869,1.924359,0.32717633,8.521891,-0.951358,-6.621768,0.2024146,9.451612,-12.884164,78.40043,10.251758,1.3381358,15.891449,-0.6835531,-9.232928,20.024012,79.68651,-15.51679,3.771483,-9.82456,10.555935,5.4821577,-0.051828943,6.231087,-10.680732,-5.2370005,10.537345,-1.9928333,-12.9179125,5.515974,-10.176782,5.7295084
993,0.13817840814590454,1.2743382453918457,107.18434143066406,-0.8802389729728037,-5.565405324154089,-90.59580601299231,1.9370655,0.34408203,8.509428,-0.9357034,-6.5742064,0.110574506,9.467756,-12.908752,78.41349,10.337394,1.3991966,15.821087,-0.76314956,-9.25608,20.014572,79.72528,-15.525012,3.7660546,-9.8248,10.549039,5.478912,-0.043935135,6.2878995,-10.714865,-5.2264934,10.553414,-1.9938843,-12.90795,5.514375,-10.175853,5.7369084
994,0.1575547754764557,1.263948678970337,107.18309783935547,-0.888141065728839,-5.576890679217224,-90.61063116713672,1.9581496,0.35961214,8.495916,-0.9307512,-6.5314455,0.033742875,9.481515,-12.862678,78.41229,10.445048,1.4693754,15.756121,-0.8136161,-9.287802,19.983704,79.739365,-15.543174,3.7447538,-9.838567,10.552742,5.472774,-0.03333057,6.3288937,-10.745946,-5.2134676,10.571576,-1.9977782,-12.899321,5.514223,-10.180668,5.746698
995,0.1752127707004547,1.2581192255020142,107.18226623535156,-0.8968930235688766,-5.588061788717029,-90.6250822596976,1.9738462,0.3743872,8.485446,-0.9239536,-6.4964595,-0.023666983,9.486742,-12.754282,78.394936,10.562544,1.538488,15.69922,-0.8562917,-9.31948,19.938828,79.74223,-15.560342,3.7181892,-9.850824,10.551695,5.4687247,-0.023929873,6.372762,-10.775767,-5.2017546,10.585604,-1.999941,-12.889682,5.514201,-10.182215,5.754949
996,0.19022104144096375,1.2558091878890991,107.1812744140625,-0.9027229166976394,-5.6017518103763235,-90.63990683658953,1.985778,0.3847114,8.474921,-0.91859794,-6.462336,-0.0776286,9.486485,-12.666269,78.38647,10.619297,1.5938035,15.65662,-0.91086286,-9.337915,19.899311,79.76676,-15.540358,3.6898282,-9.854038,10.55553,5.4626217,-0.011356926,6.408297,-10.799498,-5.1910977,10.602836,-2.003729,-12.881483,5.5122995,-10.182183,5.7632823
997,0.20637330412864685,1.252229928970337,107.18014526367188,-0.9037381339657182,-5.618811549423048,-90.65520645825714,1.9828222,0.39493906,8.48312,-0.9035871,-6.451275,-0.094636746,9.481444,-12.502133,78.3246,10.665673,1.6364294,15.620206,-0.95317656,-9.369935,19.817598,79.737724,-15.513911,3.6817467,-9.819067,10.575059,5.449625,0.008534916,6.423741,-10.814809,-5.1781373,10.625794,-2.0140615,-12.876055,5.510365,-10.182887,5.775945
998,0.22321876883506775,1.251907229423523,107.17921447753906,-0.9017657590475507,-5.637824115978419,-90.67078807661402,1.983871,0.4020566,8.491793,-0.8994513,-6.4400606,-0.107998475,9.473726,-12.349521,78.266884,10.641923,1.6647412,15.599053,-0.9912831,-9.396696,19.726955,79.70942,-15.448425,3.6721468,-9.773342,10.599331,5.4324403,0.03147394,6.430293,-10.823963,-5.1638637,10.647979,-2.028943,-12.871139,5.5086527,-10.180314,5.79091
999,0.2446865737438202,1.2444090843200684,107.17843627929688,-0.9001176919896621,-5.657689459855169,-90.68604355594319,1.9811659,0.4084153,8.506736,-0.89172786,-6.4431305,-0.113399275,9.461165,-12.188069,78.200615,10.626508,1.69563,15.577748,-1.0232295,-9.425337,19.623093,79.66548,-15.392775,3.66378,-9.720317,10.636056,5.41211,0.058709648,6.4230433,-10.83013,-5.1466746,10.676908,-2.046291,-12.868634,5.505926,-10.181529,5.8098187
1000,0.2590474784374237,1.2431836128234863,107.17774963378906,-0.8960351744876,-5.676776539205315,-90.70055583165043,1.9738964,0.4117612,8.519984,-0.8746307,-6.449336,-0.12531503,9.447099,-12.074211,78.15035,10.629624,1.7404797,15.549478,-1.063653,-9.449241,19.545856,79.638145,-15.348469,3.6473486,-9.677106,10.669563,5.3939047,0.083368786,6.4130626,-10.831402,-5.1343284,10.700194,-2.0620058,-12.864667,5.5053096,-10.181292,5.8229585
1001,0.2745027542114258,1.2446181774139404,107.17652893066406,-0.8932568877976376,-5.69361619244614,-90.71416098245776,1.9584273,0.4117794,8.530175,-0.8396836,-6.4604907,-0.14178379,9.430631,-12.00358,78.11282,10.676829,1.8185898,15.506347,-1.1137038,-9.471042,19.4964,79.62471,-15.330287,3.6187992,-9.64203,10.687018,5.376772,0.10091732,6.4237947,-10.840407,-5.1231546,10.71856,-2.0771043,-12.859145,5.5045033,-10.178839,5.8344927
1002,0.2904484272003174,1.238641619682312,107.1761245727539,-0.8893106231762272,-5.70908472290296,-90.72717308556697,1.9372103,0.40686756,8.538405,-0.7927519,-6.4789023,-0.15853903,9.416073,-11.973495,78.081116,10.735035,1.918777,15.454798,-1.1711503,-9.48653,19.47156,79.622246,-15.318143,3.5824425,-9.611834,10.7255535,5.3577313,0.124807894,6.400189,-10.836216,-5.112008,10.741397,-2.093461,-12.855365,5.502533,-10.180832,5.846579
1003,0.30621784925460815,1.237682819366455,107.17620849609375,-0.8854029757446883,-5.726755319011689,-90.73944760470859,1.9128562,0.40324953,8.552824,-0.7450454,-6.506154,-0.17716078,9.395004,-11.959839,78.05832,10.803685,2.00647,15.405713,-1.227475,-9.505585,19.454348,79.61779,-15.312131,3.5479527,-9.585626,10.761479,5.3388257,0.14664136,6.380519,-10.83133,-5.100887,10.762587,-2.1098723,-12.851368,5.50201,-10.180507,5.857727
1004,0.3249150514602661,1.2295299768447876,107.17570495605469,-0.8794078785874229,-5.75055867306779,-90.75080625050354,1.890541,0.40343037,8.57896,-0.7094734,-6.543171,-0.20128867,9.368631,-11.969454,78.04989,10.853139,2.0482473,15.369983,-1.2789699,-9.52656,19.445187,79.61068,-15.294488,3.5235803,-9.567722,10.817979,5.3150887,0.17364168,6.3441834,-10.823163,-5.085633,10.796999,-2.1296623,-12.852307,5.50197,-10.186142,5.8724346
1005,0.3426273763179779,1.2246875762939453,107.17415618896484,-0.8747376545879996,-5.783536238242537,-90.76142946770125,1.868182,0.40535188,8.624242,-0.684889,-6.6021395,-0.22284028,9.344454,-12.00366,78.04498,10.872146,2.019288,15.352497,-1.3307256,-9.543929,19.444468,79.60777,-15.262557,3.50952,-9.565745,10.873662,5.2930565,0.19886167,6.327849,-10.8250885,-5.069177,10.840024,-2.147149,-12.855742,5.5019984,-10.190584,5.8867645
1006,0.3598124384880066,1.219705581665039,107.17192840576172,-0.8707564315861908,-5.823124911938631,-90.7713005539542,1.8479418,0.4089288,8.683028,-0.67037296,-6.676747,-0.2510112,9.318571,-12.070639,78.05626,10.870398,1.9398694,15.347911,-1.3788046,-9.560221,19.452274,79.60406,-15.221009,3.502713,-9.57585,10.935477,5.271692,0.22475393,6.315734,-10.83038,-5.0517473,10.892026,-2.1629643,-12.861924,5.5016885,-10.196467,5.9009213
1007,0.3757416009902954,1.2174532413482666,107.1706314086914,-0.8647524582306131,-5.863693908061696,-90.78000414062424,1.8277937,0.4104283,8.743869,-0.6602221,-6.751826,-0.2769182,9.294511,-12.151105,78.06547,10.867665,1.8598852,15.341653,-1.4271258,-9.573185,19.46375,79.60485,-15.182991,3.500431,-9.586508,11.005191,5.24887,0.2518483,6.2867637,-10.825466,-5.034467,10.944403,-2.1800382,-12.869684,5.501397,-10.201695,5.9145737
1008,0.3881400525569916,1.2209306955337524,107.16792297363281,-0.8585362925313933,-5.900577500089611,-90.78671842057554,1.8074768,0.4054621,8.794451,-0.65962046,-6.8047276,-0.3071814,9.274647,-12.22318,78.0853,10.887429,1.8150742,15.320398,-1.4724735,-9.582025,19.475079,79.60479,-15.1577425,3.5041242,-9.585036,11.0456,5.2286363,0.26748553,6.296904,-10.835981,-5.0206275,10.990233,-2.1953702,-12.877994,5.498553,-10.202501,5.925635
1009,0.4049704074859619,1.220578670501709,107.16539764404297,-0.848994864498409,-5.932456937892923,-90.7898914349611,1.7928089,0.39959946,8.828555,-0.674436,-6.830593,-0.3557268,9.245421,-12.314246,78.13181,10.925045,1.8249227,15.283171,-1.5105578,-9.592481,19.48811,79.60332,-15.14163,3.5160015,-9.567034,11.087714,5.202047,0.28052023,6.2946825,-10.841294,-5.0044007,11.031001,-2.2180214,-12.890159,5.4993424,-10.206298,5.941106
1010,0.41858282685279846,1.2122647762298584,107.16336822509766,-0.8374238647271264,-5.962366808964849,-90.79047601454641,1.7834938,0.39407372,8.853938,-0.70461595,-6.8412013,-0.42213106,9.203623,-12.41795,78.20785,10.980416,1.8618248,15.23852,-1.5399754,-9.604665,19.49756,79.59679,-15.136175,3.5369754,-9.538964,11.152286,5.1747794,0.29901505,6.252947,-10.830432,-4.9901204,11.080202,-2.2398033,-12.908476,5.495188,-10.215459,5.9562755
1011,0.4335918426513672,1.2045722007751465,107.1604232788086,-0.8275837450935616,-5.989728335935149,-90.79104209331582,1.7675374,0.38389614,8.878456,-0.7274377,-6.84583,-0.46942586,9.170612,-12.490339,78.25704,11.056775,1.915512,15.186781,-1.5720328,-9.612421,19.50572,79.590866,-15.144578,3.5596433,-9.505995,11.198759,5.148951,0.31138256,6.239445,-10.833251,-4.9756374,11.1206045,-2.2618537,-12.923692,5.495199,-10.223006,5.9715533
1012,0.44559916853904724,1.1922953128814697,107.15929412841797,-0.8185872303395656,-6.0145880315051565,-90.79468094130479,1.7574571,0.37845886,8.899419,-0.74705744,-6.84382,-0.51373094,9.130764,-12.564344,78.30565,11.114168,1.9621459,15.151915,-1.5986984,-9.620343,19.513916,79.58781,-15.146272,3.5780032,-9.479593,11.26921,5.125855,0.3345671,6.181712,-10.816458,-4.962698,11.159734,-2.280656,-12.934016,5.4977927,-10.235451,5.983765
1013,0.4602132737636566,1.1880844831466675,107.1568603515625,-0.8148889870341955,-6.037324475127998,-90.80301170538665,1.7512108,0.37636128,8.922224,-0.75793236,-6.842384,-0.54096895,9.091706,-12.625728,78.32815,11.158014,2.0039225,15.13594,-1.6215743,-9.626794,19.522644,79.58344,-15.150914,3.594895,-9.460344,11.296761,5.107672,0.3464217,6.193059,-10.829558,-4.9486957,11.191589,-2.2948565,-12.934435,5.4966354,-10.240387,5.9930987
1014,0.46959853172302246,1.1807852983474731,107.15454864501953,-0.8122594100431224,-6.057604090627752,-90.81429791291875,1.7458103,0.3750245,8.944655,-0.7615465,-6.8365555,-0.5512552,9.055412,-12.674696,78.32453,11.197073,2.0518124,15.129892,-1.6432638,-9.631976,19.533455,79.579834,-15.160555,3.6119242,-9.444023,11.331522,5.094049,0.36278304,6.190784,-10.837726,-4.9375772,11.219835,-2.3049245,-12.929025,5.4968886,-10.247109,5.9978204
1015,0.48389989137649536,1.1689356565475464,107.15351104736328,-0.8097549860690928,-6.075096163205687,-90.82573283319424,1.7496322,0.38303256,8.955592,-0.7734257,-6.81525,-0.58902293,8.992149,-12.737753,78.37693,11.22116,2.0839446,15.140299,-1.6540388,-9.641455,19.540674,79.58083,-15.152668,3.6227312,-9.432066,11.376172,5.077572,0.38363543,6.167922,-10.837533,-4.923863,11.248591,-2.3175013,-12.924069,5.496758,-10.255899,6.006182
1016,0.49980655312538147,1.1551367044448853,107.15221405029297,-0.8080733327420628,-6.090072841461269,-90.83430733538046,1.7417588,0.37946692,8.967468,-0.7676517,-6.7911334,-0.5933816,8.958085,-12.7657795,78.37892,11.247052,2.1229315,15.124341,-1.6631981,-9.646347,19.536898,79.57361,-15.136322,3.6213393,-9.412373,11.413137,5.061456,0.40250894,6.154899,-10.843219,-4.9112744,11.274583,-2.3306425,-12.923156,5.498711,-10.265534,6.0177684
1017,0.5102607607841492,1.1436387300491333,107.14976501464844,-0.8023354514873551,-6.100851177256582,-90.83886510344497,1.7358801,0.37717605,8.965013,-0.7613602,-6.745224,-0.6128253,8.912442,-12.789332,78.42119,11.257801,2.1464274,15.100746,-1.6568978,-9.653135,19.51213,79.565186,-15.089653,3.6005528,-9.39041,11.440201,5.045368,0.41905266,6.145617,-10.848874,-4.9044714,11.297036,-2.344806,-12.928933,5.497842,-10.271998,6.0302157
1018,0.523158609867096,1.1311097145080566,107.14836120605469,-0.7989956741389106,-6.107749508651232,-90.84073875265629,1.7252007,0.37017226,8.956732,-0.7446744,-6.689955,-0.6179227,8.878198,-12.796468,78.44824,11.257459,2.1687837,15.063097,-1.6439027,-9.658388,19.47806,79.55304,-15.02403,3.5658574,-9.364339,11.464633,5.0311007,0.43593103,6.132203,-10.852417,-4.8987947,11.316019,-2.357771,-12.938018,5.497199,-10.278215,6.045656
