Frame,root_translateX,root_translateY,root_translateZ,root_rotateX,root_rotateY,root_rotateZ,waist_yaw_joint,waist_roll_joint,waist_pitch_joint,head_yaw_joint,head_pitch_joint,left_shoulder_pitch_joint,left_shoulder_roll_joint,left_shoulder_yaw_joint,left_elbow_joint,left_wrist_roll_joint,left_wrist_pitch_joint,left_wrist_yaw_joint,right_shoulder_pitch_joint,right_shoulder_roll_joint,right_shoulder_yaw_joint,right_elbow_joint,right_wrist_roll_joint,right_wrist_pitch_joint,right_wrist_yaw_joint,left_hip_pitch_joint,left_hip_roll_joint,left_hip_yaw_joint,left_knee_joint,left_ankle_pitch_joint,left_ankle_roll_joint,right_hip_pitch_joint,right_hip_roll_joint,right_hip_yaw_joint,right_knee_joint,right_ankle_pitch_joint,right_ankle_roll_joint
0,0,0,106.81769561767578,-0.05721158541830669,-7.436183563055202,-86.043713757322,0.31490096,-0.05532032,10.296823,4.469896,-18.208618,-0.81669974,9.248975,-21.957012,64.663956,9.013161,6.6865473,6.227418,-4.275641,-9.181529,18.707022,64.87814,-20.7429,7.7693567,-4.420923,8.171333,-2.6257372,-0.8319841,5.5482736,-7.497354,1.013571,9.267803,1.8035344,-11.789339,5.563725,-8.203325,-1.518734
1,0.0327174663544,0.0749969482422,106.82241821289062,-0.05363988432016081,-7.407499093045047,-85.98872958193944,0.27582926,-0.047315452,10.353703,4.4471254,-18.409004,-0.945036,9.245934,-21.95114,64.77799,9.10099,6.756546,6.1853676,-4.3831625,-9.193534,18.742615,64.943634,-20.766434,7.7948003,-4.403917,8.073435,-2.654667,-0.91042286,5.5528607,-7.429162,1.0405315,9.184667,1.7682854,-11.819471,5.5709577,-8.153997,-1.4992414
2,0.0465407371521,0.155349731445,106.82896423339844,-0.04358641125017711,-7.3814752564510036,-85.9184017365089,0.21162333,-0.053834375,10.41853,4.4430575,-18.622803,-1.0681278,9.254066,-21.97135,64.90185,9.180141,6.8311267,6.1810718,-4.5024133,-9.201892,18.804228,65.015785,-20.77465,7.840598,-4.3907413,7.9750004,-2.6799028,-1.0048918,5.5542684,-7.3541512,1.0545127,9.102037,1.7364305,-11.865825,5.5781255,-8.104924,-1.4887011
3,0.0726473331451,0.253646850586,106.83672332763672,-0.032526245689267014,-7.357000940887202,-85.83642007525475,0.13346913,-0.069181524,10.491008,4.43514,-18.853258,-1.1938803,9.269125,-21.998634,65.023605,9.24067,6.918791,6.1895556,-4.620432,-9.203383,18.846502,65.07705,-20.78868,7.890661,-4.3759737,7.866634,-2.7154465,-1.111286,5.554391,-7.265764,1.0778414,9.011547,1.6939042,-11.922886,5.586498,-8.046214,-1.4707893
4,0.0975301265717,0.355590820312,106.84303283691406,-0.02384330241468069,-7.333599602745884,-85.74580349560136,0.042680077,-0.08812656,10.568903,4.4174366,-19.09443,-1.3253176,9.295402,-22.03313,65.13139,9.243621,7.025703,6.1929264,-4.740405,-9.200532,18.886108,65.125786,-20.773602,7.9319777,-4.3655167,7.7561116,-2.7481732,-1.2221907,5.552968,-7.1717787,1.1043159,8.923268,1.6554322,-11.989648,5.590761,-7.984635,-1.4554311
5,0.110424280167,0.465698242188,106.84767150878906,-0.01716903648869783,-7.316358249926743,-85.64191882018596,-0.06795052,-0.11654609,10.660611,4.3903046,-19.352776,-1.4500325,9.344866,-22.0822,65.18903,9.141776,7.184165,6.1884284,-4.8681417,-9.190459,18.928444,65.16685,-20.707956,7.96119,-4.3606086,7.645062,-2.7724242,-1.3391689,5.5534143,-7.071827,1.1296134,8.8338375,1.6261374,-12.070462,5.6011,-7.92327,-1.4502746
6,0.141687870026,0.575546264648,106.85568237304688,-0.01348460006495008,-7.302176485281573,-85.52404334498613,-0.20123023,-0.16483672,10.767172,4.3615155,-19.633453,-1.5472109,9.448813,-22.143492,65.16675,8.960361,7.391672,6.1759734,-5.0055237,-9.163162,18.962523,65.20095,-20.623245,7.982558,-4.3561096,7.5360274,-2.8060372,-1.4643466,5.554811,-6.9701552,1.1703397,8.750369,1.5887545,-12.167624,5.611006,-7.8617153,-1.4350731
7,0.162656784058,0.696228027344,106.86151885986328,-0.009298461367633373,-7.282854836213644,-85.40524080184268,-0.33954594,-0.21347903,10.873651,4.326748,-19.923485,-1.6484388,9.549643,-22.186857,65.14306,8.79126,7.5864325,6.1598134,-5.137446,-9.132407,18.97221,65.21198,-20.551239,8.000711,-4.3514695,7.414549,-2.8341794,-1.5924852,5.5547023,-6.8601074,1.2057022,8.654139,1.5562075,-12.262669,5.619548,-7.7928977,-1.4271008
8,0.18359208107,0.811172485352,106.86830139160156,-0.0060153360800396126,-7.248872616876125,-85.2978854150391,-0.4690498,-0.25560308,10.966727,4.2867756,-20.213882,-1.7582076,9.641493,-22.225908,65.13668,8.67106,7.724438,6.1412573,-5.2607346,-9.101777,18.968842,65.197,-20.501614,8.016396,-4.35334,7.278218,-2.8604565,-1.7162874,5.555032,-6.75183,1.2381368,8.540354,1.5238984,-12.340798,5.630061,-7.7239523,-1.4190109
9,0.204469919205,0.948944091797,106.87571716308594,-0.005409663948576908,-7.20259821192839,-85.19384987946896,-0.60221213,-0.30338982,11.050544,4.2486267,-20.508352,-1.8425642,9.769612,-22.278042,65.08707,8.58122,7.8054423,6.109578,-5.3826957,-9.0552225,18.944412,65.16498,-20.490442,8.025149,-4.362983,7.113204,-2.883834,-1.8475921,5.556114,-6.62972,1.2675115,8.397736,1.4923639,-12.406992,5.6385293,-7.63819,-1.4117994
10,0.234366178513,1.08232116699,106.88292694091797,-0.004782323479557122,-7.147801684752566,-85.09114662147255,-0.73763454,-0.3461896,11.124706,4.2055655,-20.804976,-1.9355956,9.887102,-22.324387,65.05946,8.528542,7.8337517,6.0749526,-5.4957256,-9.009955,18.903221,65.107834,-20.497955,8.032984,-4.3775,6.940577,-2.9128315,-1.9818313,5.556623,-6.508655,1.3015397,8.24562,1.4545745,-12.468765,5.648861,-7.5527782,-1.3983427
11,0.263637304306,1.21368408203,106.8919448852539,-0.004597355074602142,-7.076024755559805,-85.00822982407433,-0.85333455,-0.38065913,11.18697,4.152564,-21.103369,-2.0500004,9.984768,-22.366953,65.05797,8.507787,7.831291,6.0436263,-5.6012964,-8.971532,18.86037,65.023994,-20.507751,8.038233,-4.3976746,6.750216,-2.939957,-2.102288,5.5565205,-6.3877325,1.3327628,8.070427,1.416652,-12.504644,5.660417,-7.4629016,-1.3864281
12,0.290909528732,1.35485839844,106.9000015258789,-0.0008600838451500124,-6.976891418584616,-84.96494345994712,-0.9278623,-0.41091335,11.236907,4.086866,-21.410292,-2.1838953,10.075026,-22.411213,65.05367,8.503925,7.829647,6.017233,-5.705509,-8.935866,18.82537,64.91671,-20.510918,8.036114,-4.4242425,6.524329,-2.9682887,-2.1930127,5.554761,-6.2593894,1.3602446,7.8464375,1.3732142,-12.48941,5.676152,-7.3559365,-1.3786634
13,0.327251195908,1.48709106445,106.9100112915039,0.004888519034994114,-6.847685273425454,-84.97183075646699,-0.95485634,-0.4483862,11.283816,4.0153275,-21.737206,-2.3148565,10.196129,-22.471998,64.98656,8.5052395,7.8460736,5.9932976,-5.8218794,-8.8886595,18.797295,64.79167,-20.515787,8.017675,-4.46815,6.2692966,-3.0022473,-2.242671,5.5563293,-6.1373496,1.3900613,7.5611215,1.3155899,-12.410105,5.7384195,-7.2625313,-1.3684663
14,0.361253738403,1.63423156738,106.92032623291016,0.012697767210902452,-6.693752718176695,-85.0170673134296,-0.94818336,-0.47905856,11.321913,3.9385567,-22.073353,-2.4647777,10.302656,-22.524029,64.924385,8.542488,7.8489027,5.975575,-5.9407945,-8.8479,18.7875,64.63943,-20.50965,7.9928465,-4.5251727,5.977406,-3.0358632,-2.2645528,5.5582027,-6.0057907,1.4159447,7.109358,1.2282422,-12.252928,6.038412,-7.266192,-1.3619926
15,0.385326623917,1.85565185547,106.93061065673828,0.020676631870932483,-6.5194968201558,-85.0839173791045,-0.91915315,-0.5022617,11.341853,3.849269,-22.406605,-2.6336105,10.3887005,-22.565393,64.88327,8.590953,7.8431406,5.959966,-6.0523906,-8.816133,18.788603,64.47138,-20.49214,7.9672837,-4.57556,5.6182785,-3.0644135,-2.279965,5.556102,-5.8267045,1.4339448,6.531599,1.1316866,-12.042401,6.437072,-7.266701,-1.3658694
16,0.421498537064,2.02154541016,106.93937683105469,0.02255960960698899,-6.330123426602981,-85.15431056875293,-0.8854594,-0.52709895,11.340745,3.747193,-22.727983,-2.790256,10.489813,-22.603966,64.814964,8.601312,7.85195,5.9348197,-6.1574197,-8.7779,18.796236,64.30848,-20.465834,7.9414487,-4.6012626,5.274714,-3.0903192,-2.2875943,5.5553875,-5.6808853,1.4554485,6.0085955,1.0497944,-11.83801,6.7582035,-7.258694,-1.3588208
17,0.458027839661,2.16801452637,106.94541931152344,0.01035394985592796,-6.129272226190729,-85.21786325565371,-0.8539809,-0.5415356,11.312492,3.6264353,-23.023834,-2.9458258,10.58372,-22.627747,64.75177,8.574674,7.870197,5.89435,-6.244801,-8.740838,18.810307,64.146416,-20.413883,7.9171305,-4.587381,4.9287753,-3.0979555,-2.2992992,5.556783,-5.5483785,1.4709495,5.514226,0.9951502,-11.641002,7.017934,-7.2316384,-1.3498949
18,0.49614071846,2.33418273926,106.95158386230469,-0.012785824853104453,-5.914974389998572,-85.285351894636,-0.8171911,-0.549504,11.263918,3.4917533,-23.305552,-3.0977478,10.679782,-22.642502,64.678444,8.521654,7.8971443,5.8429656,-6.3228126,-8.701628,18.831976,63.98345,-20.34405,7.890936,-4.5478063,4.5548687,-3.093063,-2.311303,5.5578723,-5.4034247,1.4824477,5.0108876,0.958066,-11.433589,7.2344465,-7.1679254,-1.3413634
19,0.526970624924,2.51481628418,106.9571533203125,-0.0327691793052198,-5.6833785876424905,-85.37264049583854,-0.76532197,-0.5627545,11.201166,3.3521695,-23.589102,-3.24839,10.776891,-22.64283,64.595314,8.468368,7.925717,5.796454,-6.4055953,-8.659384,18.86604,63.826572,-20.283237,7.86634,-4.5048876,4.153349,-3.0866857,-2.3119836,5.5552425,-5.2469573,1.4889398,4.4527535,0.9189084,-11.195064,7.489796,-7.107298,-1.3384321
20,0.557221889496,2.71759033203,106.95890045166016,-0.03892383960101289,-5.43082608703597,-85.49482343932372,-0.68818474,-0.5902667,11.129605,3.2149284,-23.890413,-3.4053416,10.86798,-22.62271,64.5131,8.443906,7.945903,5.771467,-6.505131,-8.615509,18.916113,63.681484,-20.258091,7.8478255,-4.48105,3.7134216,-3.0965831,-2.2921438,5.5543356,-5.0772476,1.4989406,3.7807758,0.8507427,-10.901331,7.8815565,-7.090392,-1.337524
21,0.59147644043,2.89863586426,106.96012878417969,-0.03249733610020403,-5.15060530070638,-85.65882098861645,-0.5813239,-0.6312032,11.044418,3.0830917,-24.212252,-3.5592432,10.958833,-22.578123,64.41907,8.467267,7.9613605,5.780144,-6.6267533,-8.56531,18.993296,63.55656,-20.286757,7.8354073,-4.492379,3.2558968,-3.1221104,-2.242189,5.5529027,-4.918883,1.5151416,3.053654,0.7645737,-10.563158,8.326176,-7.097961,-1.3362916
22,0.620709657669,3.10108947754,106.95510864257812,-0.019541282929679833,-4.847846994688577,-85.85503508038033,-0.4517188,-0.6793051,10.944957,2.9525294,-24.54559,-3.7132914,11.045124,-22.509865,64.32163,8.523382,7.972654,5.8119884,-6.7639017,-8.510947,19.09386,63.44839,-20.350365,7.8275075,-4.5240083,2.759356,-3.1519115,-2.1735668,5.5499997,-4.7451215,1.5302938,2.2269924,0.66798574,-10.175229,8.874314,-7.134359,-1.341467
23,0.650968074799,3.30250549316,106.95060729980469,0.003719632728439887,-4.535749043398511,-86.07525908736652,-0.31153738,-0.74554795,10.846932,2.8280346,-24.892664,-3.8699253,11.13096,-22.41844,64.217,8.577351,7.977715,5.8450685,-6.9220037,-8.449449,19.20778,63.354843,-20.419914,7.82225,-4.553604,2.2526524,-3.1940036,-2.0853655,5.548591,-4.5737686,1.5476311,1.3784151,0.5644428,-9.757868,9.432157,-7.1680593,-1.3450928
24,0.666217327118,3.53147888184,106.93602752685547,0.045742320035024896,-4.228019923098513,-86.31155271256212,-0.1737629,-0.84211737,10.739216,2.7322757,-24.999998,-4.0261574,11.220236,-22.30982,64.120026,8.590259,7.9749823,5.851221,-7.1048827,-8.374115,19.32795,63.299896,-20.46607,7.8152785,-4.5550423,1.7354803,-3.2497833,-1.9827223,5.5443177,-4.386703,1.5585344,0.4342621,0.44183284,-9.294034,10.140956,-7.255995,-1.3535818
25,0.669786453247,3.77574157715,106.91666412353516,0.10871664622847667,-3.917147143032065,-86.56826344862948,-0.03538985,-0.97358835,10.63097,2.6618733,-24.999998,-4.1825905,11.317244,-22.172506,64.013954,8.541329,7.9637833,5.827922,-7.3190193,-8.279779,19.442562,63.279133,-20.478682,7.8016148,-4.5188336,1.2043616,-3.3228865,-1.8619682,5.540111,-4.191198,1.563129,-0.56563365,0.30608574,-8.785177,10.920383,-7.3634496,-1.3647736
26,0.680798053741,4.01873779297,106.89273834228516,0.1862939695767129,-3.599949452454037,-86.84756577832488,0.10759661,-1.1342098,10.529424,2.60681,-24.999998,-4.336859,11.424103,-22.005524,63.886826,8.454119,7.947821,5.788733,-7.565624,-8.166311,19.554964,63.287525,-20.479536,7.7829556,-4.461215,0.667441,-3.41718,-1.7196368,5.5365615,-3.998416,1.573175,-1.6030443,0.15686524,-8.236279,11.747894,-7.487811,-1.3679284
27,0.678625583649,4.27513122559,106.86104583740234,0.27626071956392995,-3.295061395552976,-87.13745149784563,0.2456436,-1.3190614,10.450356,2.5581863,-24.999998,-4.490516,11.542537,-21.830162,63.742176,8.35698,7.9312263,5.7371144,-7.8396993,-8.034891,19.677505,63.31751,-20.485565,7.7673674,-4.3998795,0.13930383,-3.5180159,-1.5629317,5.5303097,-3.7998812,1.5792986,-2.654856,0.010163323,-7.6702228,12.611268,-7.625106,-1.3741918
28,0.677473306656,4.55673217773,106.82332611083984,0.37308121024586316,-3.0199204322370807,-87.42617235557526,0.3705265,-1.522855,10.407935,2.5055158,-24.999998,-4.646318,11.673736,-21.6723,63.584988,8.275131,7.9176955,5.677105,-8.134561,-7.8879137,19.82183,63.360016,-20.512684,7.762981,-4.352438,-0.3696761,-3.6290193,-1.399201,5.5266,-3.592359,1.5933822,-3.6866379,-0.1355663,-7.1112833,13.469657,-7.7513804,-1.3741667
29,0.656035900116,4.82038879395,106.78223419189453,0.4809522110637082,-2.7776335372231244,-87.7150075538368,0.48793444,-1.7486087,10.409204,2.440073,-24.999998,-4.808855,11.818931,-21.531643,63.410873,8.21057,7.9105086,5.6075215,-8.449962,-7.725233,19.978497,63.41016,-20.584875,7.77945,-4.318485,-0.8284001,-3.7399967,-1.2205993,5.5243516,-3.4023159,1.6048942,-4.657269,-0.27005678,-6.570707,14.304872,-7.8852096,-1.3787161
30,0.631129026413,5.11259460449,106.73245239257812,0.6016412047177898,-2.5577493688222592,-88.00889370562322,0.60197383,-1.9975533,10.444556,2.367329,-24.999998,-4.977035,11.978294,-21.40186,63.218395,8.147886,7.907739,5.526827,-8.786336,-7.5459585,20.143084,63.470978,-20.686872,7.8100257,-4.2895803,-1.3207924,-3.8652394,-1.0391021,5.6099544,-3.2444901,1.6229347,-5.64516,-0.40984693,-6.0196614,15.18137,-8.023746,-1.3805877
31,0.610780239105,5.41307067871,106.68701171875,0.7294881060969278,-2.358245927333515,-88.30134763796038,0.7007415,-2.2620842,10.503671,2.2995894,-24.999998,-5.144874,12.150749,-21.300611,63.018646,8.085421,7.9045057,5.4391966,-9.139272,-7.3540807,20.336884,63.545578,-20.774338,7.83887,-4.271546,-1.8971087,-4.0023837,-0.87145615,5.898012,-3.1860316,1.646284,-6.5487413,-0.54623616,-5.490631,15.946553,-8.117421,-1.3713342
32,0.601079463959,5.71365356445,106.63292694091797,0.8582176931614317,-2.176572303187443,-88.58592130936742,0.7731812,-2.5344553,10.575898,2.2481525,-24.999998,-5.307771,12.334691,-21.248104,62.82414,8.019099,7.8951554,5.3496737,-9.502009,-7.1571293,20.584345,63.632137,-20.79828,7.8514667,-4.27006,-2.5291095,-4.14691,-0.7192606,6.3373966,-3.2060337,1.6733404,-7.475114,-0.6858662,-4.9612727,16.769835,-8.237563,-1.3479437
33,0.593242168427,6.01193237305,106.58335876464844,0.9918354758806787,-2.00853169223332,-88.86644908339093,0.82215464,-2.8226783,10.658143,2.2132807,-24.999998,-5.4645243,12.53198,-21.253523,62.630577,7.934026,7.8731174,5.253584,-9.867381,-6.9591565,20.899218,63.71354,-20.717728,7.846766,-4.291642,-3.0392923,-4.2944117,-0.54372543,6.575797,-3.1321974,1.6949849,-8.3078165,-0.81965387,-4.4563518,17.464678,-8.319605,-1.3078572
34,0.567317008972,6.30390930176,106.53627014160156,1.132770861387002,-1.8560987090886896,-89.14470927213027,0.85270745,-3.127209,10.756206,2.1889703,-24.999998,-5.617449,12.743218,-21.30817,62.43244,7.8338084,7.842987,5.1500707,-10.236743,-6.7611146,21.270805,63.78829,-20.561558,7.8332133,-4.3302846,-3.4706829,-4.436286,-0.35246035,6.703317,-3.0100265,1.7022436,-9.081483,-0.9414382,-3.9681232,18.089413,-8.38427,-1.2666516
35,0.541369915009,6.58721923828,106.49163818359375,1.26930875783889,-1.7282715312784822,-89.41135761421926,0.8585673,-3.4256346,10.874614,2.1751702,-24.999998,-5.7682714,12.962444,-21.405754,62.2425,7.744336,7.814517,5.0501356,-10.61187,-6.5656095,21.68323,63.872845,-20.386105,7.810665,-4.372056,-3.840725,-4.5714974,-0.16194959,6.7824693,-2.8730898,1.7096545,-9.753554,-1.0851903,-3.5178525,18.686335,-8.494878,-1.1839097
36,0.537312269211,6.87763977051,106.45146179199219,1.3878264248058056,-1.6328879638372538,-89.65689958684501,0.833996,-3.6946921,11.016786,2.1704104,-24.999998,-5.92323,13.17922,-21.541595,62.080658,7.6932726,7.7953253,4.9653473,-10.992793,-6.3764896,22.118223,63.981888,-20.248327,7.779398,-4.403182,-4.1512675,-4.699537,0.014057392,6.811636,-2.7075622,1.73407,-10.428952,-1.2266855,-3.0996442,19.408564,-8.697777,-1.0605282
37,0.54189157486,7.17027282715,106.41297912597656,1.4960431849435596,-1.5742097736231653,-89.88487421261885,0.78039384,-3.9341576,11.1915455,2.1708322,-24.999998,-6.0985255,13.3856325,-21.730448,61.96289,7.7035093,7.7820907,4.899344,-11.386358,-6.1969748,22.57893,64.11562,-20.161919,7.738587,-4.4230633,-4.4129066,-4.821767,0.17190894,6.8285036,-2.5347066,1.7729571,-10.954956,-1.3719954,-2.748124,20.094925,-8.9857025,-0.8743815
38,0.560612201691,7.455078125,106.37576293945312,1.5960525578629192,-1.546475212600143,-90.09809251995298,0.7036482,-4.153304,11.392375,2.1739397,-24.999998,-6.296896,13.5792,-21.974854,61.890873,7.757492,7.7681017,4.8476367,-11.784512,-6.0284376,23.066881,64.26068,-20.0977,7.6897902,-4.437133,-4.628572,-4.9438715,0.31717604,6.8364863,-2.362864,1.8261942,-11.443329,-1.5247346,-2.4382868,20.824852,-9.346374,-0.6200041
39,0.570953130722,7.73307800293,106.34373474121094,1.6765982146686753,-1.5444293297832672,-90.2860768510833,0.60440904,-4.3407516,11.599232,2.1802046,-24.999998,-6.502798,13.757389,-22.24875,61.8627,7.824427,7.756856,4.8094306,-12.164085,-5.8709903,23.561445,64.41008,-20.049692,7.6374035,-4.440907,-4.8078923,-5.037221,0.4441516,6.837208,-2.1922045,1.8701984,-11.881697,-1.6789647,-2.227099,21.614996,-9.801659,-0.26759923
40,0.594319105148,8.00256347656,106.32099914550781,1.725062857316502,-1.562493879229536,-90.4384755862042,0.48245323,-4.4852033,11.792301,2.190762,-24.999998,-6.6986284,13.917924,-22.52091,61.874905,7.877661,7.751758,4.783447,-12.504293,-5.723952,24.040024,64.55962,-20.014828,7.5854797,-4.4294486,-4.934256,-5.099976,0.55359787,6.7861595,-2.003165,1.9092444,-12.245249,-1.8352933,-2.2007327,22.473684,-10.357669,0.26373592
41,0.62376832962,8.2610168457,106.3013687133789,1.7300714560057249,-1.6076897994674675,-90.54327345454405,0.3239674,-4.5764575,11.975875,2.205781,-24.999998,-6.885302,14.058493,-22.790577,61.94031,7.923792,7.7493324,4.7721205,-12.810118,-5.5870295,24.52497,64.72149,-20.02215,7.527943,-4.39619,-5.0875125,-5.113748,0.62095606,6.858044,-1.8854574,1.9343665,-12.439242,-2.0024412,-2.484454,23.248335,-10.949521,1.1349217
42,0.666756629944,8.52674865723,106.30965423583984,1.6997344937283045,-1.6799933426059994,-90.60936086952653,0.13158706,-4.6222677,12.156663,2.226768,-24.999998,-7.069021,14.178517,-23.064852,62.05766,7.9778056,7.7482576,4.7754765,-13.092477,-5.4603486,25.022085,64.896286,-20.06222,7.4653044,-4.346593,-5.012155,-5.0959635,0.6952345,6.530822,-1.5674297,1.9553654,-12.573944,-2.2006567,-3.0526328,24.099277,-11.6041565,2.356254
43,0.6912586689,8.77833557129,106.30209350585938,1.6528836633090103,-1.7633002802024276,-90.65791145059966,-0.06879489,-4.6386333,12.318668,2.2559357,-24.999998,-7.2422338,14.279725,-23.325346,62.20374,8.024776,7.7566,4.788006,-13.3401165,-5.3450394,25.47823,65.06381,-20.0814,7.4106736,-4.293327,-5.120966,-5.0449405,0.7233582,6.603831,-1.456973,1.9591601,-12.647962,-2.4392037,-3.8195462,25.072731,-12.24564,3.7056515
44,0.705459594727,9.02711486816,106.30442810058594,1.607913868825036,-1.8424157896573605,-90.70951599239012,-0.24943241,-4.6421704,12.447474,2.2926314,-24.999998,-7.397856,14.365304,-23.554369,62.35511,8.051416,7.7827296,4.8028893,-13.537655,-5.242975,25.830202,65.201324,-20.033442,7.3767133,-4.246671,-5.129087,-4.9904385,0.77414644,6.4750915,-1.2473667,1.9566115,-12.877246,-2.7214696,-4.5733647,26.514679,-12.8644,4.8086276
45,0.724411725998,9.27467346191,106.307861328125,1.5658190328391874,-1.919058815929369,-90.76163918382618,-0.40718102,-4.6326647,12.542216,2.330999,-24.999998,-7.5466714,14.4366,-23.777971,62.53268,8.037595,7.831858,4.8176866,-13.682846,-5.15597,26.075052,65.318405,-19.910648,7.3744454,-4.1937547,-5.11051,-4.9438257,0.8348406,6.289635,-1.0087624,1.9584128,-13.188551,-3.0474524,-5.285998,28.379204,-13.42006,5.420133
46,0.738857746124,9.52857971191,106.30311584472656,1.522024283194453,-2.001111979909795,-90.80505916903753,-0.55069906,-4.6044135,12.6122875,2.3670516,-24.999998,-7.6931167,14.493335,-24.005188,62.742428,7.9918,7.8992925,4.835888,-13.776799,-5.0850883,26.229961,65.414986,-19.74262,7.395077,-4.132489,-5.164345,-4.892397,0.8788839,6.251279,-0.8396418,1.9568577,-13.548333,-3.4075472,-5.95925,30.549337,-13.929066,5.620119
47,0.760767459869,9.77571105957,106.29948425292969,1.4827188742035895,-2.08309474840788,-90.85008822840018,-0.67310643,-4.5703697,12.656427,2.4059827,-24.999998,-7.8155193,14.537248,-24.184643,62.935352,7.94863,7.978742,4.8587704,-13.813356,-5.0323467,26.26417,65.45949,-19.542593,7.4201283,-4.0884194,-5.180825,-4.851123,0.9331457,6.1488886,-0.6432213,1.9605483,-13.945473,-3.7886891,-6.5038853,32.963005,-14.447943,5.563185
48,0.773904800415,10.0215148926,106.29412841796875,1.4543733159909513,-2.1590168319993985,-90.90782602501409,-0.7780726,-4.5376563,12.674134,2.463846,-24.999998,-7.882803,14.557905,-24.228676,63.06196,7.9687138,8.0592165,4.885026,-13.786973,-5.0118866,26.17784,65.40582,-19.302055,7.4389277,-4.0857825,-5.1936765,-4.8155146,0.9985703,6.028176,-0.4383425,1.9605447,-14.391862,-4.183439,-6.8726687,35.57767,-14.975032,5.4531474
49,0.771049022675,10.2638244629,106.28892517089844,1.4406681316783425,-2.2243774103049696,-90.9794542349042,-0.84752196,-4.5229826,12.657849,2.5321393,-24.999998,-7.886252,14.584945,-24.145987,63.08191,8.007014,8.173909,4.9014,-13.675948,-4.995261,25.840014,65.250145,-19.028158,7.431675,-4.1248894,-5.182113,-4.785362,1.0782663,5.8413625,-0.20188285,1.9526234,-14.880549,-4.5989275,-7.102804,38.422424,-15.520117,5.280757
50,0.773016214371,10.5021972656,106.28301239013672,1.4364456687718816,-2.283863792995771,-91.05953295509563,-0.8998252,-4.5153055,12.614724,2.6206923,-24.999998,-7.8202043,14.605827,-23.910574,63.00884,8.097691,8.316006,4.902519,-13.487349,-4.996053,25.307568,64.991585,-18.720882,7.416803,-4.185873,-5.149259,-4.768795,1.1692977,5.60571,0.056408647,1.9491216,-15.435635,-5.0357184,-7.2169437,41.52488,-16.068024,5.0058894
51,0.771494626999,10.7582092285,106.27061462402344,1.440221010838486,-2.3435382593825183,-91.14959871880882,-0.9307365,-4.5055456,12.558422,2.7131958,-24.999998,-7.715028,14.617734,-23.617235,62.880905,8.244162,8.442606,4.921182,-13.260751,-5.0125427,24.712288,64.6779,-18.45854,7.395807,-4.279668,-5.2095366,-4.756099,1.2541121,5.531651,0.24462906,1.9451376,-15.971276,-5.4512157,-7.173694,44.697174,-16.561234,4.751895
52,0.765698671341,11.0101928711,106.2551040649414,1.4432591418744918,-2.4091830811448083,-91.25123588157614,-0.93073285,-4.4858375,12.504366,2.788746,-24.999998,-7.5990562,14.623259,-23.35646,62.726738,8.458127,8.51466,4.9863906,-13.031603,-5.0410743,24.152508,64.354546,-18.348036,7.367588,-4.411561,-5.2970295,-4.7368336,1.3469603,5.5331135,0.38921356,1.9381828,-16.455809,-5.7953367,-6.920447,47.817905,-16.95462,4.6447215
53,0.752030849457,11.2570037842,106.24321746826172,1.4424949876235762,-2.4789204763669694,-91.3662964663144,-0.89036316,-4.4536295,12.448858,2.8365734,-24.999998,-7.4662538,14.6259575,-23.122688,62.509342,8.699029,8.539433,5.0949793,-12.796871,-5.0790434,23.63704,64.01334,-18.432133,7.3276486,-4.616053,-5.375612,-4.7049932,1.4579129,5.5363836,0.5260774,1.9245197,-16.90683,-6.02133,-6.396281,50.936386,-17.2543,4.7332544
54,0.745159864426,11.5176696777,106.23048400878906,1.4437796161975147,-2.5498497765034265,-91.49403267863443,-0.8132935,-4.412967,12.387215,2.8660212,-24.999998,-7.304946,14.6274,-22.879072,62.220486,8.976056,8.534949,5.233098,-12.53736,-5.1289415,23.104855,63.630802,-18.660389,7.27835,-4.8759775,-5.4596405,-4.6767607,1.583385,5.5386,0.6694001,1.9151926,-17.344437,-6.131044,-5.6538625,54.106136,-17.479486,4.971249
55,0.725147485733,11.7831726074,106.21465301513672,1.4461309869290326,-2.626559011469178,-91.63210477902166,-0.72425604,-4.366409,12.306917,2.918597,-24.816645,-7.134959,14.6244335,-22.694721,61.97065,9.340708,8.471302,5.4240775,-12.288454,-5.1855316,22.625847,63.285046,-18.937756,7.227046,-5.137964,-5.53784,-4.639402,1.7175534,5.5398254,0.8138434,1.8982936,-17.723417,-6.155817,-4.815565,57.212173,-17.622177,5.3419023
56,0.71287894249,12.0456695557,106.18968200683594,1.454417730809321,-2.713657461139391,-91.77821950722915,-0.6418984,-4.314731,12.203614,3.0236995,-24.333399,-6.985282,14.612499,-22.642275,61.87111,9.847459,8.318866,5.692596,-12.081412,-5.2453613,22.253424,63.04157,-19.179277,7.1807227,-5.347507,-5.6037173,-4.6128883,1.8568962,5.544083,0.95389336,1.8896899,-18.001036,-6.1432486,-3.9975495,60.13978,-17.67264,5.8155427
57,0.707965373993,12.3175811768,106.17129516601562,1.4724406592306891,-2.8145891115415247,-91.93970637405816,-0.5664769,-4.253915,12.112193,3.158297,-23.888887,-6.8743973,14.592918,-22.772694,61.928802,10.60724,8.026353,6.090722,-11.937237,-5.3124213,22.009977,62.89104,-19.37975,7.140987,-5.509582,-5.6562376,-4.5995193,2.0068054,5.5483704,1.0949373,1.8902413,-18.180664,-6.085501,-3.1645255,62.919876,-17.64551,6.4260907
58,0.703842401505,12.5942230225,106.14606475830078,1.493311633367304,-2.925904927188668,-92.11526714651295,-0.48419502,-4.1833425,12.027603,3.3068392,-23.480331,-6.794864,14.566901,-23.05334,62.099216,11.550418,7.629056,6.5992017,-11.833799,-5.3907394,21.862799,62.80185,-19.574858,7.1049085,-5.6500506,-5.6986027,-4.5875144,2.1670325,5.5535955,1.2355123,1.8937695,-18.26798,-5.956291,-2.2835743,65.58588,-17.544384,7.1836033
59,0.68997168541,12.8587036133,106.12246704101562,1.5187184213095886,-3.0414102529938933,-92.28945949338167,-0.39527014,-4.111894,11.945214,3.4537191,-23.094791,-6.738618,14.533332,-23.407825,62.365395,12.471901,7.2275624,7.147297,-11.75096,-5.4798913,21.776957,62.762905,-19.74947,7.0755954,-5.7577806,-5.728151,-4.5742154,2.3255556,5.558633,1.3688288,1.8922946,-18.271824,-5.8000855,-1.4493283,68.104195,-17.377455,8.005514
60,0.672158718109,13.1427001953,106.09239196777344,1.5500558636040602,-3.1553935769263695,-92.44699738030913,-0.30482823,-4.049172,11.859987,3.5885854,-22.715847,-6.6921606,14.490499,-23.747849,62.70803,13.171178,6.9154973,7.658421,-11.674836,-5.5761952,21.722479,62.7715,-19.888624,7.0552225,-5.8223443,-5.775509,-4.5669765,2.465501,5.5656853,1.5173297,1.889368,-18.18226,-5.671185,-0.7585719,70.41025,-17.139366,8.801254
61,0.64958524704,13.4229888916,106.05953979492188,1.587974639647523,-3.2655904081157288,-92.58697727383898,-0.22130872,-3.9967306,11.7676735,3.720734,-22.344147,-6.646733,14.436576,-24.063885,63.143463,13.642789,6.6878505,8.151285,-11.616379,-5.6758423,21.71043,62.852127,-19.981165,7.0410976,-5.83801,-5.8257184,-4.566753,2.5888941,5.571804,1.6674235,1.88411,-18.002417,-5.584371,-0.20893036,72.50842,-16.804651,9.556893
62,0.637412548065,13.7240600586,106.02265930175781,1.6303806484200154,-3.3754639076519677,-92.71650641075364,-0.14651322,-3.9508212,11.671498,3.8585572,-21.985645,-6.6031394,14.371762,-24.380465,63.669456,13.98742,6.501227,8.649685,-11.585899,-5.7772956,21.756302,63.00716,-20.038635,7.031879,-5.8122497,-5.8885136,-4.579519,2.7003875,5.57367,1.8345845,1.886659,-17.738338,-5.52185,0.2486942,74.42799,-16.382029,10.308952
63,0.621717691422,14.0222320557,105.98758697509766,1.6781658185396138,-3.487141493821105,-92.83182359915676,-0.07683788,-3.9132597,11.577463,3.99082,-21.636482,-6.5571885,14.2985735,-24.656803,64.233864,14.164042,6.386072,9.080083,-11.569054,-5.8793864,21.836231,63.200756,-20.08143,7.0312815,-5.7533717,-5.9516053,-4.597913,2.7983983,5.579338,2.000822,1.8880309,-17.39348,-5.4978886,0.59277546,76.15613,-15.922393,11.034963
64,0.593079328537,14.3219451904,105.94607543945312,1.7291374731181615,-3.6030716301171535,-92.9289989565164,-0.012067453,-3.8868256,11.492097,4.109467,-21.292267,-6.497139,14.221468,-24.840021,64.775314,14.138523,6.3729897,9.366879,-11.553301,-5.9806557,21.924864,63.397396,-20.133917,7.0426645,-5.668059,-6.0118446,-4.6143093,2.8796544,5.584598,2.1696546,1.8819817,-16.96088,-5.5292068,0.7975699,77.6607,-15.468059,11.709334
65,0.559320449829,14.6394195557,105.90267181396484,1.7837304725090628,-3.725801682232958,-93.00035221996238,0.040294897,-3.8761125,11.422584,4.2137117,-20.95811,-6.415299,14.140964,-24.885197,65.26502,13.87323,6.528536,9.474548,-11.5450735,-6.080118,22.029856,63.605656,-20.194,7.0642514,-5.539456,-6.0775676,-4.635368,2.9350104,5.587688,2.353548,1.8739545,-16.443151,-5.6429095,0.8422653,78.95198,-15.02263,12.31137
66,0.521329879761,14.9675140381,105.8524398803711,1.8423168898826783,-3.853454498924563,-93.04999730011004,0.07412947,-3.8801973,11.363944,4.3154035,-20.634817,-6.305627,14.058261,-24.809723,65.725525,13.406201,6.816675,9.44693,-11.555154,-6.1766534,22.167782,63.844936,-20.251953,7.094621,-5.369907,-6.147115,-4.661987,2.9688606,5.5899277,2.547747,1.864665,-15.839585,-5.8343997,0.7470129,80.03472,-14.558903,12.846961
67,0.480711936951,15.2940979004,105.8003158569336,1.9048236231510052,-3.9825442554966064,-93.0923206381717,0.09771674,-3.8927712,11.306983,4.419657,-20.313402,-6.164452,13.980809,-24.667427,66.17278,12.808805,7.116555,9.327416,-11.571014,-6.266893,22.319244,64.08864,-20.322367,7.1376696,-5.194897,-6.2153378,-4.6925693,2.9979634,5.5925198,2.7418725,1.8542857,-15.16762,-6.0728216,0.5550638,80.91115,-14.087857,13.328328
68,0.438159227371,15.6293334961,105.74266815185547,1.9742402860764112,-4.109052171358379,-93.14151151293653,0.12387868,-3.9097393,11.242167,4.5280795,-19.981136,-5.992373,13.91989,-24.52506,66.62336,12.14418,7.3092866,9.157649,-11.577958,-6.3481603,22.453218,64.31049,-20.427706,7.195944,-5.0483418,-6.29189,-4.7279153,3.0366075,5.594525,2.941907,1.8436472,-14.447597,-6.326033,0.30984515,81.57931,-13.615689,13.768682
69,0.384162425995,15.9819793701,105.683349609375,2.0515661919429213,-4.231920336541832,-93.19369503275743,0.16021682,-3.935881,11.1664505,4.633616,-19.631212,-5.794228,13.885944,-24.413527,67.09403,11.328277,7.352598,8.915293,-11.566708,-6.4177146,22.551699,64.50223,-20.609669,7.280819,-4.9311733,-6.3827295,-4.763869,3.080642,5.5947413,3.1543868,1.8268794,-13.67222,-6.608489,-0.0028898225,82.04066,-13.177849,14.169589
70,0.321726560593,16.3273773193,105.62265014648438,2.1365109834248597,-4.353267731034605,-93.24369295536012,0.20625181,-3.974848,11.086268,4.730488,-19.272747,-5.5700517,13.881052,-24.317606,67.562805,10.343201,7.3228197,8.586778,-11.541576,-6.4736743,22.616274,64.67692,-20.855127,7.3847284,-4.827182,-6.472378,-4.8035216,3.126787,5.5963235,3.3631032,1.8058833,-12.838263,-6.9337754,-0.39731005,82.30163,-12.75916,14.518567
71,0.251570224762,16.6947631836,105.55754852294922,2.2231451408322527,-4.474829547964331,-93.30418675841325,0.26104447,-4.017064,11.00878,4.822866,-18.91952,-5.310565,13.900303,-24.223568,67.98524,9.359439,7.2750783,8.224017,-11.503589,-6.5217466,22.654829,64.825554,-21.094269,7.4858418,-4.7417855,-6.573602,-4.8365765,3.182204,5.595484,3.5855854,1.7794576,-11.958233,-7.2666054,-0.8328389,82.35687,-12.29395,14.812885
72,0.173994541168,17.0718231201,105.49092102050781,2.3064806973666854,-4.598377006399633,-93.38762815533264,0.32762447,-4.053091,10.938995,4.910985,-18.584473,-5.016706,13.935098,-24.127733,68.33203,8.543326,7.257977,7.883433,-11.45392,-6.562208,22.665197,64.94636,-21.264412,7.5603495,-4.6829705,-6.67738,-4.8541036,3.2577271,5.5963154,3.8101358,1.7459255,-11.056706,-7.571096,-1.2647961,82.21392,-11.719799,15.049703
73,0.0974018573761,17.4598693848,105.42093658447266,2.382832463649456,-4.723315477894552,-93.49663518215696,0.40600127,-4.0771,10.876293,4.991037,-18.271921,-4.691168,13.978147,-24.028072,68.59887,7.976799,7.287786,7.5629244,-11.389122,-6.5977607,22.643177,65.03548,-21.3435,7.6016107,-4.649379,-6.782783,-4.8560586,3.3556108,5.5951843,4.038559,1.7099044,-10.133679,-7.842207,-1.6952473,81.871956,-11.015518,15.189081
74,0.0217173099518,17.8569488525,105.35354614257812,2.456122370489529,-4.849151996072889,-93.62475370261522,0.49692717,-4.093437,10.81784,5.0618434,-17.972935,-4.34108,14.027562,-23.927193,68.81553,7.5623665,7.3314214,7.2402997,-11.306938,-6.6290007,22.588821,65.09274,-21.366596,7.6234326,-4.637898,-6.8913746,-4.8482485,3.4708989,5.5943546,4.2699924,1.6722338,-9.184736,-8.099096,-2.1422124,81.33742,-10.21942,15.243815
75,-0.0586242675781,18.2692718506,105.28189849853516,2.53045921773364,-4.977555824697331,-93.77076051572242,0.603443,-4.1077394,10.765382,5.128909,-17.68343,-3.9719477,14.082768,-23.824476,69.001465,7.199076,7.361445,6.9412136,-11.210641,-6.6563406,22.512394,65.12046,-21.352814,7.6329904,-4.654095,-7.004474,-4.8325205,3.6025143,5.592868,4.508706,1.6301076,-8.206296,-8.340261,-2.5885684,80.599014,-9.348958,15.293879
76,-0.161008834839,18.6760559082,105.21121978759766,2.6134479180030405,-5.109921172286849,-93.93356923595637,0.726326,-4.126973,10.720246,5.2007265,-17.39484,-3.5862508,14.144544,-23.71654,69.17362,6.78589,7.351196,6.6912856,-11.105926,-6.6806283,22.427423,65.1235,-21.320236,7.637395,-4.7036,-7.1067863,-4.807588,3.7516558,5.591498,4.741229,1.5733981,-7.1973505,-8.563691,-3.0140998,79.65241,-8.426875,15.421225
77,-0.269568681717,19.1131134033,105.12792205810547,2.7137448856248576,-5.253260302563706,-94.11941801723025,0.8738153,-4.1599207,10.692855,5.275895,-17.115812,-3.1791286,14.215348,-23.590416,69.32524,6.272804,7.2833376,6.5023017,-10.989935,-6.700954,22.333172,65.09014,-21.254967,7.638009,-4.8082867,-7.2124734,-4.791342,3.9249167,5.589177,4.989254,1.5142486,-6.1622586,-8.797057,-3.4328015,78.51107,-7.3582435,15.658908
78,-0.375747919083,19.5804290771,105.03864288330078,2.8239693138370763,-5.4044534676590095,-94.32691101255669,1.0401769,-4.2014265,10.6792145,5.354059,-16.846445,-2.7465942,14.295725,-23.44715,69.445885,5.7223783,7.175707,6.3578296,-10.863819,-6.716858,22.228146,65.02429,-21.152267,7.6308365,-4.958517,-7.325344,-4.780023,4.1196465,5.5873585,5.251576,1.4564509,-5.1020474,-9.028102,-3.8454838,77.17627,-6.165909,15.962495
79,-0.473895311356,20.0372009277,104.95073699951172,2.9308843573075705,-5.549959056053779,-94.54325374482103,1.2073907,-4.2352257,10.6599045,5.4420166,-16.571697,-2.2946215,14.381922,-23.307812,69.54775,5.201513,7.0544977,6.240512,-10.73579,-6.729546,22.123337,64.950325,-21.041355,7.6158056,-5.112958,-7.43765,-4.7653766,4.322952,5.584778,5.5076566,1.4013783,-4.0055346,-9.194793,-4.2132053,75.60724,-5.0389237,16.296602
80,-0.560506463051,20.491317749,104.86267852783203,3.0172744354825647,-5.676271860009267,-94.75501534919815,1.3596691,-4.243562,10.614814,5.5438795,-16.275816,-1.8359063,14.46712,-23.19925,69.6512,4.7751756,6.9444,6.1347547,-10.611304,-6.740716,22.029402,64.8893,-20.949327,7.5939755,-5.2308493,-7.5727496,-4.7324014,4.5152707,5.582316,5.7654133,1.3488387,-2.8575206,-9.240798,-4.4994936,73.75203,-4.1618605,16.62262
81,-0.669636011124,20.959777832,104.77738189697266,3.0869902767709703,-5.778462715262458,-94.95853090341328,1.4976337,-4.2284846,10.533742,5.6531153,-15.962913,-1.3578821,14.546135,-23.108734,69.75679,4.372631,6.830111,6.0605597,-10.478083,-6.7529798,21.93129,64.83326,-20.884974,7.5657163,-5.29996,-7.744593,-4.664935,4.688208,5.577294,6.0380073,1.2789539,-1.6327742,-9.185249,-4.7304726,71.53711,-3.6214502,16.991179
82,-0.754780054092,21.4198303223,104.69529724121094,3.145598696489015,-5.864347230789182,-95.1605891150564,1.6310444,-4.196333,10.427562,5.76742,-15.634671,-0.86795884,14.617762,-23.033178,69.868774,3.9896545,6.7020993,6.0193706,-10.334216,-6.767874,21.826038,64.772896,-20.83385,7.5311985,-5.3419137,-7.9331517,-4.598194,4.8576045,5.5742445,6.3065844,1.2220001,-0.34499404,-9.056191,-4.911391,69.0067,-3.307972,17.39599
83,-0.848479509354,21.9032745361,104.61468505859375,3.184217792737085,-5.940477844475832,-95.3636721646015,1.7595516,-4.134757,10.307735,5.8942456,-15.280095,-0.41294375,14.68113,-23.02096,70.01779,3.7863946,6.5931797,5.9696527,-10.200412,-6.7843966,21.742708,64.72745,-20.785368,7.491981,-5.3682194,-8.146608,-4.4979095,5.0175867,5.567446,6.5937705,1.1536351,0.95862895,-8.822487,-4.9721894,66.28933,-3.1151412,17.705662
84,-0.933045983315,22.4066009521,104.53182220458984,3.1947693942261917,-6.013289370226969,-95.56979119093285,1.8802142,-4.0310745,10.182319,6.0447884,-14.879841,-0.044905044,14.7283745,-23.119879,70.24934,3.9233124,6.532205,5.8744407,-10.1029825,-6.799635,21.71572,64.72792,-20.727287,7.448812,-5.3933287,-8.378265,-4.363744,5.16994,5.561251,6.8941817,1.0818822,2.2326112,-8.458461,-4.841937,63.51137,-2.936552,17.784605
85,-1.00288772583,22.9385528564,104.44944763183594,3.156298741771393,-6.096264147854319,-95.77188568224128,1.9934824,-3.8653631,10.066277,6.215174,-14.420265,0.22518498,14.772166,-23.410599,70.55969,4.5117292,6.533528,5.733131,-10.031622,-6.820842,21.754559,64.76717,-20.635725,7.3940787,-5.439292,-8.619124,-4.1745844,5.3031816,5.5545897,7.214479,1.0053183,3.4715242,-7.9036613,-4.418868,60.598248,-2.5752168,17.585901
86,-1.08154785633,23.4880218506,104.36632537841797,3.0819359258578563,-6.183372852772977,-95.9707937098517,2.101433,-3.6475675,9.947437,6.4013057,-13.909839,0.40991324,14.798141,-23.852165,70.95613,5.4419003,6.5722218,5.567458,-9.97984,-6.846916,21.843605,64.84174,-20.521301,7.33022,-5.495319,-8.868153,-3.9322963,5.4187026,5.5464087,7.54946,0.912447,4.7024994,-7.227026,-3.7650344,57.52244,-2.1444507,17.156208
87,-1.18120658398,24.0281524658,104.29602813720703,3.0052873485569305,-6.2511456680191175,-96.18047533829663,2.225807,-3.4175937,9.808295,6.5909657,-13.378196,0.5104138,14.814074,-24.367172,71.42378,6.492944,6.6436644,5.360209,-9.946922,-6.876518,21.951466,64.93069,-20.424541,7.2752924,-5.516582,-9.132134,-3.668701,5.5380287,5.538399,7.87881,0.80237037,5.9192185,-6.5780115,-3.053573,54.498444,-2.0137727,16.513466
88,-1.31291824579,24.5965423584,104.21746063232422,2.964283989349397,-6.274951433204831,-96.41626894514876,2.3823552,-3.2163973,9.632605,6.7781806,-12.855751,0.5413884,14.834826,-24.861671,71.929886,7.451327,6.745306,5.0915165,-9.937284,-6.903394,22.051733,65.01637,-20.386768,7.2468514,-5.458165,-9.461286,-3.4177747,5.67683,5.5297422,8.226524,0.6772896,7.1224523,-6.0691557,-2.4594216,51.69966,-2.5306058,15.6975155
89,-1.44096213579,25.1991424561,104.10430145263672,2.9919571400335836,-6.242100630702927,-96.68778945343479,2.5680602,-3.0838737,9.4027815,6.984523,-12.327308,0.51746947,14.874045,-25.342478,72.463936,8.354162,6.9005365,4.721543,-9.959004,-6.9157157,22.158638,65.109566,-20.418205,7.2548933,-5.290198,-9.876847,-3.240246,5.853443,5.5162754,8.605853,0.5690411,8.351898,-5.705465,-1.9745581,49.16144,-3.9859517,14.648575
90,-1.58067047596,25.8325500488,103.96430206298828,3.0652997165006637,-6.166452337255919,-96.98756476120687,2.7694688,-2.9976468,9.133322,7.2162027,-11.784594,0.44977257,14.936163,-25.830526,73.01295,9.289573,7.105403,4.266849,-10.020594,-6.9094863,22.286377,65.22835,-20.500519,7.2846584,-5.0438004,-10.358137,-3.0988948,6.0557,5.502436,9.007414,0.4619651,9.595093,-5.4021854,-1.49294,46.771744,-6.114726,13.393318
91,-1.73051983118,26.4952087402,103.81729888916016,3.1219687889766625,-6.063162549063787,-97.301799244523,2.9816673,-2.8974998,8.857732,7.443452,-11.280075,0.35616624,15.020432,-26.24092,73.533615,10.127996,7.319553,3.7926292,-10.121997,-6.8915763,22.40904,65.36029,-20.630373,7.3176627,-4.764683,-10.889336,-2.9207375,6.2586784,5.488772,9.423449,0.34165192,10.794452,-5.1147275,-1.0612699,44.432873,-8.410823,12.119451
92,-1.88542410731,27.1828613281,103.67338562011719,3.098392218929628,-5.9483867481737,-97.61615597199513,3.1944408,-2.7213042,8.610373,7.640752,-10.86651,0.25760713,15.12387,-26.468328,73.97793,10.754261,7.5067687,3.365174,-10.2651,-6.874891,22.50481,65.48716,-20.80499,7.337447,-4.4949718,-11.45748,-2.6344633,6.4345984,5.474007,9.850969,0.19594274,11.903037,-4.8087654,-0.76028645,42.03368,-10.365687,11.010431
93,-2.01394334435,27.9115753174,103.5180435180664,3.002832999844424,-5.80277419156875,-97.95697716166008,3.428393,-2.471833,8.375899,7.807314,-10.552747,0.16861658,15.249445,-26.4619,74.336655,11.139734,7.6609907,2.97233,-10.452708,-6.8648324,22.575735,65.59461,-21.05778,7.3492756,-4.211891,-11.9984,-2.2445626,6.6235847,5.428904,10.2343,0.013906085,12.906788,-4.518818,-0.6168442,39.505356,-11.9083,10.160728
94,-2.14102144167,28.6635131836,103.37723541259766,2.856467360398364,-5.62690211378023,-98.32216685769373,3.67306,-2.1732845,8.146446,7.961988,-10.314345,0.09044234,15.400378,-26.255737,74.61529,11.363851,7.805777,2.58782,-10.68512,-6.859507,22.642246,65.68728,-21.374786,7.360489,-3.9009218,-12.472051,-1.7901514,6.8453555,5.1443987,10.723568,-0.2023124,13.846603,-4.2332644,-0.6074594,36.890327,-13.285346,9.485965
95,-2.27882690728,29.4173736572,103.2660140991211,2.6303392165824153,-5.4668057251361795,-98.65583203048799,3.874816,-1.7954794,7.965815,8.10539,-10.156082,0.017881604,15.571074,-25.879179,74.7994,11.468494,7.949116,2.259373,-10.959613,-6.864382,22.708181,65.77639,-21.681334,7.3591547,-3.617419,-12.983134,-1.250071,7.02346,4.944185,11.096334,-0.45268086,14.743555,-3.8630881,-0.74826473,34.274097,-14.478288,8.882982
96,-2.40663202107,30.1998291016,103.17454528808594,2.295719513462504,-5.368094655322496,-98.90157401008325,3.982599,-1.305552,7.878529,8.235261,-10.080741,-0.06183719,15.749399,-25.365252,74.885925,11.496304,8.095856,2.0353005,-11.267616,-6.8891215,22.77438,65.865074,-21.902422,7.3363132,-3.4152505,-13.699876,-0.5933049,7.0590396,5.2157207,11.109187,-0.73180336,15.606368,-3.3300378,-1.041298,31.76332,-15.474815,8.226594
97,-2.49594125152,31.0346984863,103.09713745117188,1.8235128400190719,-5.339366326962876,-99.04033982900437,3.9880354,-0.6712037,7.905849,8.334018,-10.116518,-0.16904148,15.9243355,-24.684572,74.87958,11.419844,8.252635,1.9311445,-11.61044,-6.9446926,22.829933,65.94367,-22.018675,7.288078,-3.3212655,-14.533137,0.19203395,6.9438477,5.7941666,10.772439,-1.0296991,16.41095,-2.6047964,-1.5560079,29.393465,-16.26936,7.439961
98,-2.57365694642,31.8991088867,103.02565002441406,1.2338441154051376,-5.357266820863506,-99.10296880353285,3.920495,0.09117015,8.022421,8.403276,-10.247526,-0.29833633,16.09314,-23.836212,74.79972,11.231265,8.410042,1.9238095,-11.981934,-7.0336905,22.875841,65.99915,-22.066664,7.224552,-3.29939,-15.264717,1.0779332,6.7672477,6.302982,10.160066,-1.3481308,17.154905,-1.7266544,-2.2613108,27.100445,-16.866722,6.5894666
99,-2.63091525435,32.7623596191,102.95245361328125,0.5778661904716637,-5.417087481212213,-99.10553943068798,3.7859442,0.9278436,8.202118,8.46355,-10.427397,-0.43452203,16.256132,-22.90992,74.673035,10.993257,8.5470495,2.0039504,-12.365703,-7.152862,22.926874,66.03658,-22.057163,7.1567965,-3.3103511,-16.16902,2.0228,6.4898458,7.068145,9.148427,-1.6469243,17.878405,-0.7436557,-3.0070632,24.84256,-17.268724,5.7535725
100,-2.68926554918,33.6345977783,102.88424682617188,-0.10878121674166716,-5.51794948029445,-99.06678839365284,3.5992768,1.7993516,8.418811,8.531039,-10.601316,-0.5772047,16.41503,-22.017748,74.53713,10.7551775,8.642255,2.1609743,-12.742656,-7.296361,22.991362,66.06356,-22.002338,7.0947723,-3.3162417,-16.831274,2.9671323,6.2540646,7.4570003,7.939695,-1.9365873,18.622921,0.308893,-3.6400032,22.585068,-17.475761,5.007721
101,-2.7361087203,34.5117950439,102.8153076171875,-0.8417074189104553,-5.680651799272037,-98.96091593463507,3.3397064,2.727913,8.699369,8.594229,-10.774797,-0.76010853,16.567368,-21.225952,74.42026,10.483475,8.676424,2.4238992,-13.124748,-7.465982,23.071087,66.09288,-21.87828,7.0330973,-3.3247135,-17.385883,3.9388149,5.962552,7.793379,6.3305964,-2.2088802,19.47625,1.4620686,-4.178749,20.239077,-17.461416,4.3781204
102,-2.78561162949,35.4222106934,102.74813079833984,-1.6340007045098297,-5.896136790612846,-98.78855210159668,3.0201032,3.7205148,9.046916,8.635636,-10.967658,-0.9999598,16.710587,-20.504599,74.32431,10.1458235,8.660429,2.7889686,-13.5070915,-7.6649046,23.147228,66.11458,-21.689617,6.968692,-3.3504496,-17.8777,4.9474907,5.595244,8.103705,4.3620043,-2.4335308,20.330305,2.7049763,-4.676954,17.884056,-17.358755,3.8188665
103,-2.82675087452,36.3143005371,102.67802429199219,-2.427724593238163,-6.121284759487873,-98.60551240793201,2.7002106,4.707546,9.399579,8.6681595,-11.146464,-1.2684556,16.848942,-19.80965,74.237976,9.800787,8.622334,3.194709,-13.85136,-7.886727,23.198336,66.107635,-21.49595,6.914104,-3.3669672,-18.335154,5.947166,5.271921,8.378464,2.172744,-2.585562,21.178192,3.9518845,-5.0883613,15.522381,-17.315828,3.306586
104,-2.8951305747,37.2203369141,102.60332489013672,-3.1625751469913808,-6.3131610880805455,-98.47017205592212,2.4401472,5.617946,9.690612,8.707698,-11.282759,-1.5294961,16.991512,-19.089766,74.13866,9.508148,8.594622,3.5785556,-14.12334,-8.118828,23.203089,66.057655,-21.359179,6.8800864,-3.349791,-18.787344,6.8940625,5.129351,8.609084,-0.04122945,-2.6511312,21.947239,5.112294,-5.3506947,13.240235,-17.402426,2.8270242
105,-2.95936286449,38.1038208008,102.51768493652344,-3.8392612863805344,-6.456096882547973,-98.38903842698845,2.245777,6.4497476,9.892378,8.76743,-11.361654,-1.7676437,17.144356,-18.30654,74.00205,9.307861,8.590163,3.949503,-14.326409,-8.352664,23.15545,65.96827,-21.304825,6.868327,-3.2799723,-19.256279,7.788803,5.1624255,8.78799,-2.170738,-2.598101,22.588026,6.1807427,-5.42822,11.115724,-17.563023,2.4024398
106,-3.03347539902,38.9752349854,102.42758178710938,-4.482146692297306,-6.574825909320017,-98.33488633594422,2.0810833,7.228377,10.042098,8.845443,-11.403657,-1.9937053,17.309113,-17.4743,73.82654,9.170278,8.597283,4.3290944,-14.487151,-8.58537,23.071362,65.8601,-21.301765,6.8701653,-3.1766522,-19.71191,8.651084,5.3039885,8.921271,-4.140591,-2.4432828,23.15503,7.1933475,-5.3671823,9.094857,-17.645834,2.0372748
107,-3.13250911236,39.8138275146,102.3387222290039,-5.065880704424966,-6.688138826056583,-98.31613481516942,1.9459139,7.9289536,10.166878,8.9355,-11.4259205,-2.207741,17.488565,-16.627365,73.621315,9.04346,8.612498,4.675116,-14.605133,-8.812308,22.961287,65.74565,-21.326862,6.8799686,-3.0738015,-20.114256,9.470708,5.6084123,9.025479,-5.817805,-2.2706864,23.752342,8.131077,-5.231919,7.022529,-17.515875,1.6978691
108,-3.24168086052,40.6427764893,102.24642944335938,-5.568415832091686,-6.815419159636898,-98.34121139880628,1.8429182,8.529753,10.294195,9.028375,-11.448612,-2.407414,17.686657,-15.804883,73.39556,8.872081,8.631178,4.945531,-14.675907,-9.02737,22.830574,65.633705,-21.358486,6.892067,-3.0056765,-20.41867,10.2391615,6.1506557,9.104939,-7.163531,-2.1759586,23.704708,8.908348,-4.99,6.2895803,-17.828995,1.3623062
109,-3.3749089241,41.452911377,102.16251373291016,-6.011028494246552,-6.975593344435195,-98.4236689815638,1.7887361,9.048042,10.428222,9.122953,-11.461971,-2.584167,17.909418,-14.995343,73.14417,8.639342,8.661491,5.1174846,-14.692976,-9.226978,22.673101,65.522804,-21.413805,6.9084935,-2.9698734,-20.614868,10.988262,7.0299745,9.13632,-8.378136,-2.2252145,23.363573,9.585605,-4.680064,6.2360454,-18.234509,1.0155586
110,-3.49958229065,42.246307373,102.09439849853516,-6.395843281918301,-7.155664704138655,-98.55393162465728,1.7755421,9.490002,10.555098,9.224772,-11.462515,-2.7374797,18.158663,-14.186499,72.858604,8.370825,8.7057495,5.2168217,-14.662281,-9.410536,22.486769,65.41429,-21.499172,6.9291925,-2.9537416,-20.721817,11.715153,8.203576,9.124634,-9.525404,-2.3732154,23.056232,10.204322,-4.3348975,6.1897974,-18.401499,0.66181076
111,-3.63238954544,43.0109558105,102.06714630126953,-6.691060571828749,-7.326533148501251,-98.70606275651988,1.7720287,9.819336,10.672894,9.334156,-11.473695,-2.878562,18.430038,-13.422851,72.55078,8.07097,8.745913,5.2757325,-14.598813,-9.577712,22.281452,65.32352,-21.576881,6.9449973,-2.9762495,-20.749405,12.357999,9.547366,9.126022,-10.474748,-2.548453,22.751276,10.722859,-4.0035105,6.1520667,-18.363787,0.31609264
112,-3.75899899006,43.7724609375,102.08670806884766,-6.85993104989976,-7.4572693181539345,-98.85437425219446,1.7519807,10.003996,10.776937,9.447698,-11.511914,-3.0266807,18.714647,-12.764464,72.24703,7.7361927,8.759711,5.328908,-14.512305,-9.729039,22.062517,65.26437,-21.608408,6.9471197,-3.0580418,-20.707535,12.854667,10.932064,9.187838,-11.092805,-2.6754532,22.413912,11.100371,-3.7339332,6.1221857,-18.172935,-0.010727027
113,-3.92198097706,44.5203704834,102.15116882324219,-6.877570949203494,-7.5474722118869675,-99.00695136671622,1.727348,10.017779,10.874684,9.561068,-11.588262,-3.198942,19.011831,-12.255607,71.9769,7.3015623,8.720313,5.3784494,-14.400751,-9.864249,21.835932,65.23917,-21.57386,6.924908,-3.2274997,-20.59669,13.182837,12.437313,9.330791,-11.258769,-2.773051,22.03775,11.304781,-3.53434,6.1010356,-17.888887,-0.3165507
114,-4.07316887379,45.2515411377,102.27525329589844,-6.771551206847539,-7.6096521696247015,-99.17133449039538,1.7133375,9.890475,10.96208,9.6692505,-11.691068,-3.3928194,19.321321,-11.878176,71.737015,6.7770534,8.641476,5.411615,-14.252382,-9.984335,21.58861,65.23716,-21.49725,6.8854313,-3.4677873,-20.158123,13.318806,14.210226,9.067846,-10.85132,-2.8579004,21.624424,11.333105,-3.384407,6.0804963,-17.551046,-0.5670224
115,-4.23828816414,45.9708862305,102.42606353759766,-6.59141132461952,-7.633608993159331,-99.32091971164988,1.6879297,9.672448,11.017449,9.770309,-11.799493,-3.5976453,19.630701,-11.589542,71.50748,6.279502,8.558829,5.44145,-14.064703,-10.094645,21.296759,65.2558,-21.408674,6.846136,-3.7298653,-19.662489,13.33339,15.91463,8.813903,-10.283662,-2.8563979,21.173409,11.279829,-3.2753594,6.0680227,-17.197573,-0.7957323
116,-4.37850785255,46.6681365967,102.60060119628906,-6.387003179463768,-7.6097498728348345,-99.43002260476625,1.6297944,9.417378,11.018461,9.860935,-11.893946,-3.8071477,19.921001,-11.3432455,71.27469,5.932243,8.506495,5.4834085,-13.833207,-10.202741,20.936773,65.28847,-21.337627,6.8268104,-3.9638689,-19.239973,13.289013,17.281878,8.749451,-9.859079,-2.7054143,20.680084,11.185356,-3.2066193,6.0569353,-16.832401,-0.9854149
117,-4.51315736771,47.3387451172,102.7865982055664,-6.152356027782904,-7.524644343053834,-99.49020017517714,1.5261326,9.1224375,10.946956,9.946625,-11.961068,-4.0241456,20.179504,-11.138042,71.05292,5.792239,8.489163,5.543029,-13.55056,-10.312376,20.497856,65.33263,-21.292135,6.8396792,-4.164506,-18.925339,13.188458,18.199287,8.93307,-9.632343,-2.3062184,20.132793,11.050286,-3.1842425,6.049823,-16.458433,-1.1420407
118,-4.65529990196,48.0062561035,102.98269653320312,-5.874339287428531,-7.392913142502732,-99.5202608725154,1.3972132,8.779057,10.82052,10.024886,-12.009775,-4.257575,20.405376,-10.989904,70.85618,5.796915,8.486446,5.6156054,-13.214991,-10.42474,19.990004,65.38366,-21.257696,6.8755875,-4.352906,-18.724356,13.051864,18.787828,9.414918,-9.528576,-1.723909,19.538097,10.864049,-3.1959136,6.046216,-16.065079,-1.2759628
119,-4.78420233727,48.652053833,103.18431854248047,-5.594405615157152,-7.247437563002465,-99.53528180552424,1.2695478,8.432455,10.671414,10.080885,-12.057709,-4.509214,20.598629,-10.875377,70.669044,5.891916,8.495665,5.70017,-12.828736,-10.543736,19.424809,65.42922,-21.226736,6.9228578,-4.5186067,-18.623627,12.943555,19.176823,10.180855,-9.561163,-1.1518506,18.939077,10.6634035,-3.2150254,6.042525,-15.6646385,-1.3859395
120,-4.88896369934,49.286605835,103.39151763916016,-5.341771836428896,-7.115105884331854,-99.54421086467279,1.1600735,8.116149,10.530933,10.104145,-12.121461,-4.774077,20.759682,-10.758668,70.46697,6.028712,8.51515,5.795276,-12.398502,-10.674707,18.818716,65.45779,-21.190393,6.9693923,-4.651753,-18.567823,12.8915205,19.51478,11.126025,-9.695612,-0.78017664,18.359047,10.480273,-3.2240157,6.0371547,-15.25839,-1.4750762
121,-4.99826836586,49.9105377197,103.58708953857422,-5.12221185523461,-6.991367281040843,-99.5388469965354,1.0596943,7.8329587,10.396658,10.09479,-12.204952,-5.046433,20.886438,-10.616229,70.237434,6.244147,8.557102,5.901735,-11.916264,-10.8203535,18.166513,65.460175,-21.1391,7.0128355,-4.750061,-18.46395,12.85766,19.923428,12.0781975,-9.831921,-0.7066334,17.797535,10.335762,-3.2253745,6.0277934,-14.847037,-1.5550393
122,-5.11924171448,50.5142822266,103.7725830078125,-4.910472206228555,-6.861456022299123,-99.51392326355707,0.95609486,7.5601745,10.25526,10.060267,-12.301989,-5.32368,20.977993,-10.457762,69.98599,6.555372,8.61957,6.0187817,-11.382888,-10.979884,17.468487,65.43955,-21.076176,7.060713,-4.817476,-18.316023,12.808219,20.320038,13.034683,-9.962993,-0.81510943,17.241781,10.2037325,-3.23231,6.0175176,-14.433522,-1.6236416
123,-5.22990441322,51.1200866699,103.96408081054688,-4.697100511783025,-6.732017884657392,-99.47749038809127,0.8573773,7.2850723,10.119297,10.000589,-12.417273,-5.608272,21.038063,-10.300839,69.716736,6.881978,8.67885,6.1423054,-10.818767,-11.151795,16.752079,65.40341,-21.00852,7.114286,-4.8545623,-18.160603,12.743405,20.570807,14.036527,-10.1411705,-0.97312754,16.685993,10.061738,-3.2460034,6.0085697,-14.013804,-1.6761162
124,-5.32883405685,51.7234344482,104.15882873535156,-4.465128449843042,-6.610950883357473,-99.44000858275622,0.7709313,6.996325,10.002784,9.9182005,-12.555959,-5.898568,21.073328,-10.161179,69.43032,7.141283,8.711825,6.2679567,-10.247505,-11.334594,16.051102,65.36328,-20.939835,7.174829,-4.8630915,-18.006983,12.65888,20.55462,15.078036,-10.396819,-1.0500848,16.142227,9.890893,-3.2666347,6.0010777,-13.597863,-1.7146842
125,-5.42324495316,52.3256225586,104.35116577148438,-4.211833538333912,-6.499648338157335,-99.40658453249499,0.6989846,6.6847897,9.909814,9.81694,-12.722199,-6.1863723,21.087141,-10.029633,69.1127,7.3073587,8.71405,6.4053774,-9.676345,-11.528202,15.369168,65.32502,-20.862799,7.2447524,-4.8268285,-17.833878,12.537071,20.23109,16.10745,-10.738596,-1.0090367,15.61173,9.68841,-3.2891052,5.9948335,-13.185059,-1.7429771
126,-5.52658295631,52.9167785645,104.531982421875,-3.9410896337186974,-6.392463610548427,-99.36987571934642,0.6335299,6.3554034,9.832656,9.697036,-12.914729,-6.470287,21.079414,-9.899542,68.76164,7.4232607,8.698682,6.552019,-9.09609,-11.731594,14.696888,65.28489,-20.773949,7.3221555,-4.751559,-17.617254,12.363046,19.679764,17.084541,-11.119131,-0.92416745,15.092438,9.46596,-3.3157616,5.99246,-12.77932,-1.7643414
127,-5.62503671646,53.5053710938,104.7108383178711,-3.6624399744898324,-6.289735257229585,-99.32232539502779,0.56758565,6.0185423,9.76774,9.557381,-13.124482,-6.7573256,21.052794,-9.792032,68.39484,7.507508,8.66845,6.6857686,-8.508361,-11.942785,14.049264,65.24617,-20.683657,7.4006734,-4.672544,-17.382195,12.148371,18.95124,18.062967,-11.503635,-0.83165026,14.582364,9.230925,-3.354459,5.9891663,-12.376682,-1.7751098
128,-5.71578383446,54.0998687744,104.88188171386719,-3.3865147314903643,-6.192455641730223,-99.25612208823759,0.49451134,5.684298,9.711212,9.396904,-13.343018,-7.056293,21.011461,-9.733902,68.03232,7.5742874,8.625992,6.784574,-7.9151325,-12.159489,13.443995,65.21387,-20.599203,7.473286,-4.6259155,-17.135391,11.901955,18.105019,19.065699,-11.844284,-0.7679332,14.078775,8.996999,-3.4127846,5.9863405,-11.978684,-1.7775302
129,-5.8093392849,54.6827545166,105.04540252685547,-3.107438701292951,-6.102811710113612,-99.16440763023633,0.41255426,5.3450274,9.666983,9.203483,-13.576556,-7.3736243,20.959578,-9.736003,67.68095,7.5905952,8.5612335,6.839441,-7.315739,-12.379308,12.891103,65.19386,-20.512321,7.5383053,-4.626818,-16.875181,11.613862,17.08718,20.083977,-12.126647,-0.72454363,13.59276,8.763311,-3.5018663,5.9843917,-11.593276,-1.7762855
130,-5.91097855568,55.2556915283,105.20146179199219,-2.8240653470641828,-6.019969816495497,-99.05192169959403,0.32374933,4.9964404,9.634299,8.983149,-13.824807,-7.702306,20.897861,-9.788211,67.329185,7.554827,8.477124,6.8630505,-6.7117457,-12.603205,12.381779,65.18756,-20.421564,7.5981274,-4.655668,-16.599165,11.279217,15.889449,21.112482,-12.377815,-0.69259274,13.121968,8.528284,-3.6152096,5.9842663,-11.219249,-1.7724828
131,-6.00527715683,55.8421630859,105.34522247314453,-2.5463936668328047,-5.938553732475767,-98.93003608680425,0.23024583,4.655698,9.604262,8.757426,-14.078934,-8.03205,20.823174,-9.885555,66.96795,7.5283904,8.394707,6.8651457,-6.105169,-12.831902,11.902256,65.18521,-20.34296,7.652521,-4.696118,-16.298515,10.914548,14.648079,22.155151,-12.60229,-0.70535994,12.649493,8.295219,-3.7343438,5.9837685,-10.846241,-1.7585453
132,-6.0845220089,56.3897399902,105.47708129882812,-2.286596866491665,-5.853089936765901,-98.80969093377806,0.13464409,4.3398952,9.567265,8.54766,-14.326893,-8.354968,20.73054,-10.025112,66.59296,7.57401,8.334141,6.856845,-5.497782,-13.067561,11.437089,65.178734,-20.294512,7.7016764,-4.7317176,-15.976203,10.542412,13.492706,23.234331,-12.81493,-0.7942956,12.190367,8.068465,-3.8448493,5.983739,-10.498585,-1.7241555
133,-6.14521694183,56.9436950684,105.59873962402344,-2.041253476033014,-5.761676964008538,-98.69212597758347,0.037352484,4.0481305,9.519748,8.3584585,-14.567683,-8.671008,20.616556,-10.212302,66.203285,7.7161207,8.300052,6.835139,-4.88373,-13.312136,10.976022,65.16111,-20.297775,7.747926,-4.7589545,-15.63479,10.161715,12.417275,24.359827,-13.01486,-0.9785609,11.723164,7.8441296,-3.942865,5.984146,-10.1579,-1.6643754
134,-6.19783711433,57.4838867188,105.71102142333984,-1.8062672431711586,-5.66723806920383,-98.57169085732177,-0.060064554,3.7744277,9.46712,8.175347,-14.805759,-8.988575,20.480558,-10.449949,65.806526,7.920338,8.280615,6.7971587,-4.259461,-13.566607,10.52225,65.13347,-20.340626,7.791071,-4.7850375,-15.273166,9.7659025,11.365774,25.522495,-13.200911,-1.2379842,11.259478,7.6226544,-4.0378666,5.987027,-9.833285,-1.5855743
135,-6.25607132912,58.0178527832,105.80632781982422,-1.5906906319261747,-5.571752535328233,-98.44891069819082,-0.1549979,3.5292306,9.413448,7.991437,-15.040868,-9.310534,20.321495,-10.72797,65.40943,8.160861,8.270916,6.7543554,-3.6313984,-13.830792,10.083906,65.101425,-20.387865,7.827801,-4.810447,-14.887401,9.371976,10.392191,26.712673,-13.384029,-1.5409197,10.79958,7.423436,-4.1279097,5.9879074,-9.519265,-1.5081514
136,-6.29895949364,58.5368804932,105.887451171875,-1.4017949564267258,-5.477168588416344,-98.32452202125799,-0.24707669,3.3217854,9.362177,7.8025327,-15.272679,-9.637287,20.139137,-11.030797,65.01769,8.414944,8.26638,6.718039,-3.010241,-14.10562,9.672761,65.07494,-20.405033,7.854494,-4.8365393,-14.480614,9.000164,9.547792,27.933533,-13.58064,-1.8545042,10.344274,7.246831,-4.212117,5.990937,-9.218148,-1.4344975
137,-6.32713532448,59.0643157959,105.96487426757812,-1.2458686715827807,-5.382029797502246,-98.20159991605624,-0.33576545,3.157007,9.315018,7.6070657,-15.505759,-9.967385,19.932707,-11.356552,64.62245,8.694736,8.274213,6.6845984,-2.4010863,-14.393089,9.307245,65.0632,-20.384167,7.862823,-4.870548,-14.072605,8.6633005,8.848632,29.224356,-13.807446,-2.1797407,9.87979,7.09976,-4.284289,5.996072,-8.91906,-1.3676505
138,-6.34097790718,59.5798797607,106.02296447753906,-1.1156968422625364,-5.286078597824261,-98.07890085196178,-0.42558572,3.0297046,9.270111,7.411413,-15.738514,-10.296045,19.702414,-11.704657,64.22168,9.009173,8.293513,6.649623,-1.8035973,-14.693905,8.985433,65.06448,-20.33881,7.8572717,-4.9107466,-13.646768,8.353845,8.268993,30.556396,-14.044212,-2.5262215,9.308814,6.9655123,-4.3339415,6.2176476,-8.739398,-1.2998875
139,-6.35631775856,60.0962677002,106.07384490966797,-1.0101938044956211,-5.193331789248943,-97.95074866289661,-0.52319825,2.933626,9.226526,7.223904,-15.960338,-10.616223,19.449537,-12.060599,63.82614,9.33043,8.30918,6.6238823,-1.2189893,-15.00555,8.685529,65.07192,-20.269053,7.853002,-4.944487,-13.199906,8.066612,7.7774234,31.913322,-14.289322,-2.8742068,8.622227,6.850673,-4.3674755,6.673766,-8.682593,-1.2429885
140,-6.35615086555,60.6185760498,106.1126480102539,-0.9247177375876469,-5.107865641297307,-97.81139850115783,-0.6351442,2.8641455,9.184253,7.052923,-16.158646,-10.919917,19.175488,-12.408046,63.444496,9.631675,8.306696,6.617087,-0.646577,-15.320704,8.382602,65.076225,-20.176594,7.8651094,-4.9583583,-12.716976,7.7926574,7.3471727,33.25786,-14.532336,-3.2055817,7.9240546,6.752922,-4.408409,7.1646214,-8.645215,-1.1935213
141,-6.35346388817,61.1373443604,106.14043426513672,-0.8567932393060865,-5.0251300490440745,-97.6595467026237,-0.76402396,2.8168743,9.137797,6.9031,-16.3318,-11.203635,18.881552,-12.743301,63.07161,9.918502,8.279835,6.6369953,-0.087107606,-15.637463,8.066896,65.07433,-20.064026,7.9026675,-4.939163,-12.203665,7.527991,6.994702,34.60206,-14.785662,-3.4961846,7.239418,6.676788,-4.4652114,7.6406136,-8.611337,-1.1549727
142,-6.34854960442,61.6437530518,106.15389251708984,-0.8075023661123603,-4.944716849582166,-97.49838835208502,-0.9056123,2.7952776,9.089723,6.7691045,-16.48588,-11.471,18.56792,-13.073101,62.703415,10.202124,8.238027,6.6759796,0.46025637,-15.955997,7.747542,65.071396,-19.93511,7.955931,-4.897285,-11.658452,7.279967,6.727599,35.948112,-15.044393,-3.7601726,6.556171,6.6216908,-4.5316725,8.132114,-8.599166,-1.125828
143,-6.32931876183,62.1529388428,106.15980529785156,-0.7865886627658891,-4.877202410334816,-97.32908605944404,-1.0567662,2.8029795,9.049951,6.6454344,-16.620142,-11.724887,18.235193,-13.396912,62.350513,10.465567,8.19059,6.722244,0.99405855,-16.271933,7.4291296,65.07649,-19.795738,8.010762,-4.8565836,-11.078044,7.0536375,6.4990716,37.276833,-15.286037,-4.0381994,5.908217,6.5945168,-4.6069427,8.579104,-8.562656,-1.1075158
144,-6.2929008007,62.6695556641,106.15382385253906,-0.7916989771319605,-4.832149968825852,-97.15335873441212,-1.2143824,2.8401954,9.027976,6.5267467,-16.735691,-11.967321,17.884752,-13.712471,62.022938,10.693064,8.146964,6.7635775,1.5116402,-16.57855,7.1157117,65.100494,-19.653816,8.052896,-4.841831,-10.441123,6.8475122,6.270674,38.54008,-15.475668,-4.372713,5.2700887,6.590354,-4.6818304,9.049702,-8.525727,-1.1027654
145,-6.25298190117,63.1836090088,106.1454086303711,-0.831593587636052,-4.817014978599901,-96.97033113007818,-1.3795441,2.913058,9.030742,6.4118423,-16.83204,-12.195798,17.517076,-14.018078,61.71687,10.880102,8.110562,6.8025007,2.0137243,-16.87393,6.808472,65.14859,-19.502903,8.073187,-4.864882,-9.7542925,6.6699524,6.035548,39.775257,-15.601395,-4.7374587,4.7220263,6.631128,-4.767426,9.4115,-8.425212,-1.1238394
146,-6.23129439354,63.6901702881,106.13009643554688,-0.9040589501117291,-4.824617357903269,-96.77986012627805,-1.5538555,3.017367,9.051308,6.304349,-16.91063,-12.409106,17.132774,-14.314031,61.428097,11.035815,8.076727,6.84372,2.4989717,-17.158657,6.5065284,65.21763,-19.342955,8.080695,-4.912342,-9.020041,6.514126,5.815929,40.98478,-15.680941,-5.1239114,4.2438283,6.722103,-4.864989,9.696667,-8.286203,-1.1764915
147,-6.19098114967,64.207901001,106.11095428466797,-0.9914975163432113,-4.842897830338679,-96.58495417699942,-1.7350422,3.135061,9.077765,6.2089667,-16.964369,-12.611565,16.734472,-14.601254,61.167416,11.164408,8.042522,6.877798,2.9583266,-17.42967,6.2106957,65.30849,-19.193552,8.088122,-4.9710736,-8.233819,6.3582473,5.6091323,42.106873,-15.745072,-5.601379,3.768793,6.8214927,-4.965259,9.986694,-8.137747,-1.2325412
148,-6.14951229095,64.7236785889,106.09063720703125,-1.0810354497768413,-4.859950404248967,-96.3881807212561,-1.9219216,3.2489839,9.098695,6.130207,-16.990223,-12.805232,16.325703,-14.880134,60.94251,11.2689905,8.005501,6.8950453,3.3812811,-17.68045,5.9230533,65.42323,-19.074371,8.107934,-5.028814,-7.394478,6.1829143,5.410728,43.084793,-15.827135,-6.2378426,3.2971797,6.9202604,-5.068992,10.264932,-7.9792953,-1.2875993
149,-6.1125998497,65.2454833984,106.0662841796875,-1.1780078778051455,-4.876312664929152,-96.18964843724065,-2.1138203,3.3613222,9.113981,6.069861,-16.984308,-12.988107,15.908871,-15.146103,60.751545,11.339357,7.963457,6.8898335,3.7570133,-17.908924,5.650583,65.586235,-19.003355,8.138954,-5.0871673,-6.4789853,6.0036774,5.244142,43.888912,-15.955151,-7.1467166,2.8239806,7.0286984,-5.1758556,10.535684,-7.810266,-1.3425214
150,-6.06219029427,65.7812805176,106.0384750366211,-1.2892696284928462,-4.896769752744877,-95.98777857137388,-2.3138027,3.477487,9.128891,6.0277624,-16.949337,-13.1556835,15.484741,-15.398287,60.586098,11.37673,7.919475,6.867339,4.0893807,-18.115412,5.393868,65.79247,-18.966272,8.175724,-5.152574,-5.495979,5.8247657,5.1052704,44.556255,-16.110289,-8.257694,2.3507338,7.146403,-5.2859344,10.799715,-7.625683,-1.3963434
151,-6.00507044792,66.3155670166,106.01202392578125,-1.3952533149438018,-4.916266976241101,-95.78382442565182,-2.5234365,3.581693,9.138703,6.003663,-16.890785,-13.307554,15.055379,-15.645485,60.448135,11.401395,7.8797626,6.835607,4.3912897,-18.29889,5.138786,66.000275,-18.938799,8.224005,-5.2197046,-4.493164,5.609252,4.9461193,45.13039,-16.254648,-9.362772,1.8756095,7.251113,-5.398263,11.063604,-7.4361334,-1.4515345
152,-5.96444988251,66.8615264893,105.98661804199219,-1.4748257499161177,-4.92976885893833,-95.57894436623694,-2.7417688,3.6573842,9.1383,5.994526,-16.816858,-13.446587,14.623231,-15.901511,60.341015,11.431633,7.850518,6.802786,4.679605,-18.457438,4.8653164,66.165115,-18.899416,8.289466,-5.2829914,-3.5105128,5.319031,4.7176914,45.64001,-16.341238,-10.256206,1.3691553,7.3264737,-5.508423,11.363478,-7.255131,-1.5203689
153,-5.91217947006,67.4033813477,105.96028900146484,-1.523906979971549,-4.937665511330208,-95.37778180186298,-2.9651592,3.6998086,9.124348,6.0046897,-16.72162,-13.567193,14.188262,-16.171703,60.26307,11.465914,7.839734,6.7768965,4.9597,-18.58955,4.5575004,66.27985,-18.84889,8.383372,-5.336652,-2.54866,4.9262824,4.371972,46.090202,-16.359407,-10.85255,0.8121416,7.3507805,-5.6076856,11.750279,-7.1127453,-1.5916474
154,-5.84282517433,67.9524536133,105.92382049560547,-1.5518367074156332,-4.94231676903551,-95.17867302090927,-3.1903772,3.7174575,9.100074,6.02925,-16.605179,-13.673382,13.749637,-16.455935,60.21476,11.493427,7.842438,6.7518992,5.228516,-18.694109,4.2193446,66.360535,-18.801441,8.49936,-5.384212,-1.5843668,4.4556026,3.9453728,46.45387,-16.324228,-11.272693,0.1823837,7.3318925,-5.6938953,12.262556,-7.022967,-1.6623205
155,-5.80378890038,68.5109863281,105.8995361328125,-1.560627908989777,-4.9413595958853955,-94.97435953833886,-3.4175594,3.712112,9.069712,6.053674,-16.478247,-13.782203,13.309411,-16.760363,60.2037,11.517714,7.8457165,6.715063,5.4874635,-18.770714,3.8631566,66.4017,-18.755217,8.616548,-5.434051,-0.63250226,3.9497607,3.5083544,46.73806,-16.24071,-11.622302,-0.41647416,7.304348,-5.7897463,12.690065,-6.8837466,-1.7494035
156,-5.74778699875,69.0793609619,105.87326049804688,-1.5577887017887848,-4.93287157051785,-94.75665661386626,-3.647999,3.6857705,9.037952,6.064353,-16.351444,-13.909558,12.871351,-17.09139,60.234962,11.540144,7.8369536,6.6532345,5.735909,-18.819048,3.5036051,66.39889,-18.706923,8.713591,-5.494405,0.30058014,3.453559,3.1346695,46.927074,-16.100117,-12.004839,-1.0518913,7.246619,-5.891931,13.158186,-6.7541614,-1.8251586
157,-5.68395400047,69.664932251,105.83837890625,-1.5358875651670634,-4.915915937222029,-94.52389485330477,-3.8872893,3.631257,9.001413,6.066783,-16.219133,-14.053396,12.439367,-17.449932,60.315388,11.55372,7.8094144,6.556231,5.9679575,-18.837341,3.1401362,66.357735,-18.65174,8.792547,-5.580239,1.2171236,2.956827,2.7998223,47.017044,-15.8722315,-12.4950075,-1.7496133,7.1529617,-5.9984283,13.71127,-6.653235,-1.8940402
158,-5.6337018013,70.2558135986,105.80168151855469,-1.4946427262911997,-4.8917055406739145,-94.28016400999333,-4.1344624,3.5479367,8.958657,6.0669127,-16.077991,-14.203348,12.014411,-17.833054,60.43491,11.557211,7.7724466,6.432752,6.182471,-18.825384,2.7698395,66.28049,-18.592104,8.861673,-5.683536,2.119624,2.4458442,2.4750612,47.015556,-15.569685,-13.020983,-2.4748225,7.0349693,-6.1100016,14.293077,-6.559645,-1.9683706
159,-5.57142949104,70.8537139893,105.76187133789062,-1.4457079587089703,-4.861319478474621,-94.02663326764083,-4.3820577,3.4501297,8.917867,6.0525894,-15.944608,-14.36148,11.594702,-18.24058,60.574245,11.561173,7.736955,6.297979,6.385676,-18.785719,2.4070292,66.15786,-18.533562,8.909685,-5.7778363,3.0069702,1.9638721,2.2308035,46.910816,-15.237813,-13.464464,-3.2190192,6.8951025,-6.2245135,14.884845,-6.462741,-2.0347376
160,-5.50770354271,71.4719543457,105.72321319580078,-1.3989807047921412,-4.8257851660703395,-93.76472099998236,-4.62332,3.352199,8.887142,6.013257,-15.831491,-14.5313835,11.176986,-18.671116,60.716225,11.577041,7.713883,6.1679826,6.5823107,-18.724215,2.0688875,65.98159,-18.479374,8.925484,-5.83704,3.876979,1.553999,2.1390307,46.69395,-14.922699,-13.706551,-3.9537888,6.7543864,-6.345379,15.420435,-6.326075,-2.0979624
161,-5.44534254074,72.1030273438,105.67876434326172,-1.3553076759469929,-4.78953384912036,-93.48986034000508,-4.863673,3.2520523,8.873403,5.9476643,-15.740392,-14.706896,10.7562895,-19.110392,60.86102,11.560267,7.7037024,6.0535145,6.7788444,-18.642214,1.7578698,65.729485,-18.39624,8.91761,-5.8813066,4.721342,1.2154818,2.2029736,46.409866,-14.638587,-13.75219,-4.6854157,6.611401,-6.476207,15.9301195,-6.1699753,-2.1572213
162,-5.3716711998,72.7467498779,105.62726593017578,-1.3096528175887039,-4.750785719583382,-93.20284128591955,-5.1059723,3.1454477,8.870388,5.862794,-15.662984,-14.888148,10.331329,-19.55855,61.01896,11.5248165,7.7002935,5.9441953,6.968529,-18.53973,1.4711155,65.41438,-18.290089,8.888263,-5.9157076,5.542038,0.9299502,2.3909707,46.048664,-14.358163,-13.652094,-5.4334917,6.452721,-6.6120043,16.448008,-6.009056,-2.2076943
163,-5.29146409035,73.4031066895,105.56969451904297,-1.2691214360797407,-4.701767480208685,-92.91308673504423,-5.3389244,3.0444806,8.867235,5.759077,-15.601596,-15.08634,9.906269,-20.037588,61.1878,11.566013,7.7032866,5.823921,7.1400223,-18.422375,1.2176671,65.07835,-18.221535,8.817263,-5.8900833,6.3656273,0.71105033,2.7293108,45.499516,-14.06035,-13.357492,-6.1942983,6.2928085,-6.7453585,16.94757,-5.827903,-2.255479
164,-5.20173430443,74.0686645508,105.50886535644531,-1.2395423857938224,-4.63465959317162,-92.63015025083888,-5.552741,2.961144,8.854146,5.6390667,-15.554732,-15.30969,9.488205,-20.571953,61.360237,11.774176,7.7125707,5.676423,7.2803297,-18.29775,1.0106115,64.76463,-18.247942,8.68335,-5.7533364,7.214439,0.5678647,3.2456148,44.65791,-13.728514,-12.821273,-6.964971,6.141615,-6.8682256,17.407461,-5.6152344,-2.3024905
165,-5.11750531197,74.7471008301,105.43789672851562,-1.2149457609018053,-4.556323522334072,-92.35346754620967,-5.749295,2.886078,8.8387,5.5037975,-15.528686,-15.541873,9.079907,-21.138426,61.529034,12.012241,7.7361593,5.4881387,7.3938518,-18.16609,0.84346503,64.47482,-18.336477,8.46319,-5.5373673,8.0952835,0.5048,4.0075617,43.519363,-13.34882,-11.952323,-7.7553363,5.9963245,-6.9802923,17.86197,-5.3885236,-2.352835
166,-5.03438854218,75.428894043,105.3641357421875,-1.1922525754311066,-4.468770426534428,-92.07957789999175,-5.934946,2.815233,8.824624,5.3548584,-15.522118,-15.779247,8.681298,-21.731628,61.690723,12.283546,7.7722735,5.269202,7.4812407,-18.027128,0.71716624,64.1911,-18.469883,8.173019,-5.254006,9.001275,0.49703515,4.993643,42.135326,-12.954022,-10.8121605,-8.544673,5.852577,-7.0873203,18.282711,-5.13811,-2.402578
167,-4.9407992363,76.1250762939,105.28324890136719,-1.1893910231708866,-4.3563047864285815,-91.81294119090354,-6.1069613,2.770459,8.796716,5.195121,-15.525712,-16.047728,8.295244,-22.408543,61.84289,12.881391,7.8047976,5.039793,7.5236845,-17.888248,0.6596981,63.92871,-18.72299,7.8493743,-4.8217816,9.925888,0.5098962,6.094032,40.47701,-12.57932,-9.58307,-9.35732,5.7294517,-7.184026,18.667858,-4.8547664,-2.45636
168,-4.83422851562,76.8232574463,105.18966674804688,-1.2238969096143635,-4.202878446418074,-91.5581732365001,-6.2620583,2.7729528,8.739314,5.0272,-15.5286045,-16.370922,7.9253883,-23.234879,61.980534,14.0905,7.8167663,4.8213096,7.5029335,-17.760944,0.70203954,63.70323,-19.16514,7.525548,-4.159035,10.867067,0.51347744,7.193641,38.50417,-12.2436285,-8.444061,-10.21049,5.6492987,-7.267677,19.023226,-4.5442495,-2.5213535
169,-4.71642756462,77.5206451416,105.0857925415039,-1.3022815272053863,-3.9962547469670096,-91.33246838763158,-6.3964033,2.835427,8.6330385,4.8685007,-15.5143585,-16.741175,7.5666614,-24.251972,62.0858,16.151318,7.8312693,4.61041,7.4058313,-17.653185,0.8533599,63.546265,-19.82822,7.1678042,-3.2057636,11.849449,0.51243496,8.361642,36.086685,-11.803894,-7.3819313,-11.109771,5.62822,-7.3238177,19.332737,-4.1949396,-2.5925014
170,-4.58473014832,78.2357177734,104.96511840820312,-1.413185702290563,-3.749275741209813,-91.12987572610582,-6.510964,2.94246,8.492708,4.7118883,-15.491975,-17.140535,7.2137766,-25.42841,62.15754,18.84674,7.8449116,4.4008713,7.2465034,-17.56383,1.1025683,63.4411,-20.656744,6.7594285,-2.0204797,12.886617,0.4981294,9.635993,33.262863,-11.294268,-6.327239,-12.0647135,5.6476846,-7.3560085,19.630745,-3.8184037,-2.66784
171,-4.47223234177,78.9862518311,104.81922912597656,-1.5431578056543367,-3.4814299436091143,-90.91887372314436,-6.6140614,3.074504,8.352678,4.525637,-15.491647,-17.576677,6.873634,-26.714909,62.213963,21.778212,7.802593,4.210756,7.0440493,-17.488703,1.4547443,63.335213,-21.592014,6.3584895,-0.6975017,13.900254,0.4474445,10.822619,30.286556,-10.976213,-5.36469,-13.064252,5.6987667,-7.4007454,19.928562,-3.42403,-2.7786448
172,-4.37719607353,79.7788543701,104.65068817138672,-1.6843425536666112,-3.2098502341923667,-90.66628575875608,-6.719823,3.2130647,8.245831,4.2835045,-15.540288,-18.059061,6.562435,-28.05859,62.27045,24.546274,7.653434,4.060976,6.8110185,-17.422123,1.9225227,63.180428,-22.57871,6.0273957,0.67180383,14.84506,0.3511724,11.7237425,27.368986,-11.099933,-4.576461,-14.077026,5.762544,-7.4958735,20.20109,-3.0057387,-2.940079
173,-4.2781560421,80.5929107666,104.47044372558594,-1.8790129635363089,-2.908245793848298,-90.36595071800724,-6.8487263,3.3994644,8.151518,3.9986594,-15.63143,-18.584019,6.2907057,-29.483309,62.30201,27.286339,7.3670955,3.9672425,6.5195665,-17.363625,2.5500169,62.98145,-23.674122,5.780988,2.168039,15.708567,0.2551225,12.249025,24.48521,-11.95929,-4.0056434,-15.087141,5.8856683,-7.667097,20.372812,-2.5314736,-3.170575
174,-4.17119956017,81.4066925049,104.28656005859375,-2.119294469236026,-2.5743991306968113,-90.0330258050909,-7.001243,3.6310291,8.060595,3.6901278,-15.756472,-19.134094,6.060865,-30.997692,62.286213,30.12868,6.9835606,3.92214,6.1615276,-17.31209,3.3388143,62.77031,-24.878452,5.573255,3.8049965,16.556505,0.17977071,12.527893,21.487093,-13.487099,-3.5837924,-16.084852,6.062018,-7.9000373,20.442764,-2.0096052,-3.4512956
175,-4.04940366745,82.2386322021,104.11427307128906,-2.338021945745498,-2.2597211087773905,-89.66362261352242,-7.1620455,3.825838,8.02248,3.3402526,-15.933317,-19.710672,5.8796396,-32.52222,62.24935,32.670937,6.555995,3.9067464,5.77829,-17.257715,4.229558,62.536606,-26.062685,5.39037,5.3964567,17.37282,0.092966884,12.661652,18.490156,-15.26381,-3.2325156,-17.015686,6.197104,-8.174201,20.413944,-1.4441276,-3.7295384
176,-3.94990563393,83.0991363525,103.96475982666016,-2.4536164300889336,-2.0182200187293313,-89.25524719179826,-7.3136187,3.8924265,8.089017,2.9308937,-16.183937,-20.31588,5.756197,-33.968647,62.214817,34.517338,6.135481,3.890665,5.409816,-17.186945,5.1520004,62.266434,-27.11011,5.233637,6.7563615,18.17968,-0.07249671,12.75353,15.549551,-16.757404,-2.897637,-17.827438,6.2009187,-8.462723,20.301407,-0.8490233,-3.9686124
177,-3.90402579308,83.9739837646,103.84850311279297,-2.447622036962243,-1.868233422164853,-88.79595048118125,-7.4511743,3.8014164,8.29429,2.4410617,-16.545017,-20.974651,5.703406,-35.338528,62.169125,35.494305,5.71312,3.8542354,5.055907,-17.08873,6.119427,61.932407,-28.017344,5.1230187,7.8710175,18.993362,-0.33983743,12.794435,12.649583,-17.76791,-2.61824,-18.485804,6.0624843,-8.762028,20.087584,-0.22105256,-4.190666
178,-3.86542546749,84.885925293,103.75398254394531,-2.3639575407764086,-1.7795512470727488,-88.28966001045235,-7.589004,3.6001887,8.603448,1.8916123,-16.996395,-21.67932,5.725565,-36.66593,62.085808,35.839924,5.2734156,3.8014982,4.686049,-16.961151,7.155909,61.555664,-28.853497,5.0645065,8.829653,19.913618,-0.6964388,12.758652,9.552859,-18.333862,-2.4086783,-19.039356,5.8202233,-9.076829,19.77059,0.45803177,-4.395763
179,-3.83326804638,85.7884216309,103.6901626586914,-2.2178286626661454,-1.7349892636719537,-87.75832469979193,-7.7323055,3.311632,8.965776,1.3222047,-17.474094,-22.390238,5.8148317,-37.90959,61.981094,35.782684,4.8537116,3.7331939,4.300637,-16.809048,8.1950035,61.18926,-29.61669,5.047495,9.603016,20.937073,-1.1390297,12.665807,6.2529635,-18.430035,-2.198354,-19.476416,5.497173,-9.408462,19.334543,1.1678593,-4.540332
180,-3.82066524029,86.7004852295,103.64449310302734,-2.0184798742653354,-1.7212911203786874,-87.2271095828346,-7.8769274,2.9571652,9.336023,0.76486874,-17.916668,-23.069832,5.954557,-39.021175,61.884945,35.5614,4.486517,3.655091,3.9169242,-16.639175,9.15222,60.870983,-30.312218,5.060936,10.1649475,20.437084,-1.2946286,12.156817,6.1356378,-19.814499,-1.9620736,-19.824635,5.1138864,-9.749816,18.789047,1.9071008,-4.5919776
181,-3.80355942249,87.6426391602,103.61957550048828,-1.7710486682225295,-1.7360970026196252,-86.66469998919375,-8.0301695,2.5416183,9.715112,0.19176337,-18.330534,-23.75159,6.1347346,-40.01311,61.8535,35.062687,4.1482105,3.5738885,3.559178,-16.455906,10.009512,60.59034,-30.912933,5.118785,10.4423275,19.741154,-1.5031552,11.520442,6.055735,-20.639044,-1.6341023,-20.069807,4.650652,-10.134322,18.085629,2.7347894,-4.5318046
182,-3.80347704887,88.5978088379,103.60052490234375,-1.4540601968778264,-1.8005889011994054,-86.08131335575511,-8.169205,2.0413463,10.132094,-0.41221946,-18.737387,-24.454365,6.351771,-40.907837,61.88009,34.224953,3.8287404,3.4828925,3.2290192,-16.25931,10.788577,60.318417,-31.433786,5.2292376,10.4765625,19.15212,-1.8159882,10.828932,5.9807534,-21.148663,-1.2939181,-20.19177,4.0744915,-10.530857,17.310297,3.5609837,-4.366627
183,-3.80445325375,89.5441436768,103.59498596191406,-1.102124485182049,-1.8888195228468767,-85.52026891506023,-8.286865,1.4974262,10.542655,-1.0012509,-19.108135,-25.12473,6.5969973,-41.668953,61.91707,33.370518,3.5766733,3.3730748,2.9160712,-16.052504,11.457948,60.06171,-31.945698,5.3715577,10.413709,18.579857,-2.1868253,10.107838,5.9139576,-21.338913,-0.98580754,-20.250904,3.4451144,-10.892406,16.490387,4.3198423,-4.1226006
184,-3.80451798439,90.4863739014,103.58724975585938,-0.7422262742968397,-1.9772276452439816,-85.02303204082133,-8.377367,0.9484168,10.906297,-1.5310175,-19.40893,-25.710606,6.8583097,-42.250572,61.92191,32.830482,3.435587,3.239206,2.616003,-15.84043,11.977523,59.82078,-32.525333,5.5224543,10.402249,18.001245,-2.5796282,9.406001,5.8488183,-21.26232,-0.732428,-20.267618,2.8304265,-11.184807,15.640217,4.903343,-3.8078866
185,-3.80506253242,91.4291992188,103.57642364501953,-0.3764566920468831,-2.062527014887608,-84.57343174723077,-8.462321,0.39470905,11.214729,-1.9960947,-19.632593,-26.211506,7.1240306,-42.609833,61.915443,32.74709,3.4276378,3.062558,2.335895,-15.625551,12.302271,59.584923,-33.22729,5.690325,10.463974,17.440298,-2.9861965,8.722438,5.784101,-20.994698,-0.5113364,-20.227697,2.220722,-11.42199,14.734919,5.2196193,-3.3299906
186,-3.81538939476,92.3571014404,103.5731430053711,0.023737654961140456,-2.1607664528038595,-84.1458905610445,-8.543287,-0.19030327,11.489436,-2.4258833,-19.792782,-26.662596,7.3888664,-42.775566,61.939526,32.940224,3.5159197,2.8534377,2.0899348,-15.4104185,12.44806,59.344254,-34.00892,5.8842607,10.531141,16.89052,-3.4315367,8.040356,5.724292,-20.57244,-0.28645095,-20.135954,1.5648367,-11.624247,13.809603,5.2068424,-2.6143668
187,-3.82251012325,93.2725219727,103.56935119628906,0.45782900520946884,-2.278019293557884,-83.77049608567083,-8.581899,-0.8064817,11.740164,-2.828546,-19.893656,-27.06461,7.6528673,-42.815437,61.980125,33.24804,3.6566586,2.6546338,1.8794088,-15.201029,12.47485,59.1042,-34.791985,6.0788245,10.615311,16.370817,-3.93553,7.4080358,5.669298,-20.068878,-0.045936376,-20.054567,0.8690637,-11.765085,12.979659,4.807403,-1.6865402
188,-3.83144116402,94.184173584,103.55424499511719,0.9230972818354518,-2.4175338143371783,-83.48755333720106,-8.532732,-1.4407158,11.979411,-3.209473,-19.941662,-27.414667,7.9211946,-42.798046,62.014076,33.503727,3.8106468,2.51144,1.699499,-15.004861,12.452862,58.87483,-35.490314,6.2477403,10.724759,15.889933,-4.502757,6.8802056,5.6237144,-19.542831,0.20024641,-20.033361,0.15906915,-11.815009,12.325402,4.035728,-0.64111114
189,-3.8489947319,95.0771942139,103.5679702758789,1.4613685448417204,-2.587022319737432,-83.31510857748611,-8.374656,-2.1322265,12.209086,-3.5689535,-19.926905,-27.708973,8.20171,-42.739223,62.02242,33.733707,3.9925647,2.4290922,1.5611733,-14.825763,12.379209,58.63372,-36.127987,6.3929977,10.909257,15.441418,-5.1716866,6.4670534,5.581073,-19.001488,0.4322132,-19.740393,-0.5476332,-11.820392,11.269057,3.0890968,0.532507
190,-3.87041854858,95.9400177002,103.5771713256836,2.031677358434363,-2.7831688615817174,-83.2441065913809,-8.122343,-2.8425941,12.43954,-3.903823,-19.85635,-27.952583,8.496983,-42.611034,62.0117,33.99353,4.2199745,2.3879793,1.4550217,-14.666657,12.2323675,58.38565,-36.72884,6.52374,11.146185,15.045562,-5.9032073,6.1674232,5.5490103,-18.47851,0.65235823,-19.572618,-1.2691041,-11.72494,10.340507,1.8283812,1.8030853
191,-3.8860257864,96.8052825928,103.58187866210938,2.5748215970892168,-2.9908373460958044,-83.263572229557,-7.7950296,-3.5078127,12.678976,-4.2122564,-19.752605,-28.143803,8.805629,-42.4081,61.998737,34.162014,4.45711,2.3948436,1.3560781,-14.530376,12.061917,58.176224,-37.194714,6.628495,11.335074,14.672185,-6.6251225,5.9746566,5.526249,-17.962132,0.8628011,-19.333744,-1.950497,-11.649065,9.507301,0.3818444,3.041901
192,-3.8909791708,97.6564025879,103.60980224609375,2.994326276888396,-3.1865485896594765,-83.37149055492065,-7.407655,-4.029624,12.9305315,-4.4876122,-19.641283,-28.282698,9.124347,-42.123543,62.006798,34.116493,4.6671867,2.463798,1.223132,-14.422833,11.934134,58.071297,-37.41823,6.6961193,11.367396,14.30796,-7.216723,5.9041896,5.509483,-17.461601,1.0476099,-19.133072,-2.486553,-11.632854,8.88679,-0.89447504,4.023424
193,-3.87674629688,98.4870300293,103.6727523803711,3.2717794572789685,-3.368005399337946,-83.58692876506183,-6.94606,-4.383606,13.196638,-4.723547,-19.522736,-28.36827,9.452413,-41.750538,62.0409,33.802055,4.833326,2.6113093,1.0464796,-14.350777,11.877619,58.082504,-37.33855,6.709973,11.211833,13.950884,-7.6601214,5.9736056,5.5030274,-16.982372,1.2060505,-18.9918,-2.840902,-11.6837,8.520961,-1.7922419,4.5908895
194,-3.86138260365,99.3198623657,103.7618408203125,3.450981697207929,-3.5382452833388647,-83.90845682728065,-6.411181,-4.613783,13.466608,-4.9188647,-19.38904,-28.392704,9.791684,-41.283566,62.08878,33.29391,4.9751587,2.8301914,0.8364281,-14.316824,11.875169,58.1873,-37.00823,6.680381,10.922351,13.5901165,-7.996255,6.1698775,5.5082,-16.512768,1.3371589,-18.93323,-3.0612612,-11.731432,8.412952,-2.3257647,4.7761774
195,-3.83756744862,100.13760376,103.8631820678711,3.5514066974945426,-3.681936357615827,-84.29348064480583,-5.8514376,-4.7414813,13.716432,-5.0742717,-19.243874,-28.344383,10.141363,-40.71612,62.14432,32.664654,5.110837,3.0990098,0.5850685,-14.315439,11.923893,58.395596,-36.488674,6.635527,10.519915,13.216322,-8.242746,6.44395,5.5117874,-16.050848,1.4526552,-18.890738,-3.1866775,-11.737976,8.487601,-2.535019,4.708797
196,-3.78663492203,100.92931366,103.97476196289062,3.586522827189813,-3.786950044337448,-84.70016935615261,-5.315264,-4.7893414,13.922837,-5.1887574,-19.088858,-28.213486,10.498871,-40.04054,62.206524,31.98756,5.2590637,3.3965852,0.2803594,-14.336803,12.023721,58.724667,-35.842274,6.6038556,10.022881,12.819397,-8.418902,6.7489243,5.513177,-15.603253,1.5697868,-18.834196,-3.26341,-11.665609,8.747936,-2.5875409,4.556886
197,-3.72589707375,101.702041626,104.10163116455078,3.5540462926494216,-3.8447247527631534,-85.1321751404369,-4.7987576,-4.759519,14.069465,-5.2630587,-18.91612,-27.997581,10.862727,-39.249165,62.291,31.21635,5.406012,3.7355669,-0.08343774,-14.37633,12.195079,59.220604,-34.9734,6.57374,9.36612,12.382727,-8.511646,7.084713,5.513252,-15.16327,1.6817284,-18.838266,-3.3118975,-11.497873,9.3450165,-2.674766,4.3697605
198,-3.66249418259,102.457099915,104.24359130859375,3.457097437910967,-3.867724222153688,-85.59803519500748,-4.2938313,-4.6558356,14.166283,-5.293863,-18.726221,-27.693779,11.232626,-38.341873,62.389465,30.335354,5.545567,4.1215086,-0.5017319,-14.433569,12.438357,59.867313,-33.886528,6.526984,8.561481,11.920364,-8.52219,7.4599714,5.5133305,-14.731203,1.7828076,-18.982061,-3.3402534,-11.236145,10.408167,-2.850801,4.1078544
199,-3.60702121258,103.210800171,104.39069366455078,3.31863601487259,-3.8787254075430426,-86.06259965334468,-3.840097,-4.503642,14.234643,-5.2764816,-18.526093,-27.298536,11.606285,-37.326107,62.47086,29.463003,5.7087445,4.521551,-0.9665744,-14.503304,12.71262,60.586693,-32.79905,6.48911,7.742252,11.44702,-8.469186,7.8413625,5.513136,-14.296277,1.8701522,-19.271353,-3.3783662,-10.875139,11.935483,-3.1352525,3.8175292
200,-3.5395693779,103.968582153,104.53809356689453,3.1558734049277697,-3.8994125026058075,-86.49411906963809,-3.4690943,-4.323647,14.298625,-5.2104945,-18.326418,-26.813766,11.978407,-36.215443,62.50796,28.71626,5.9301267,4.903696,-1.4691237,-14.577942,12.963068,61.300636,-31.937346,6.4951916,7.0413313,10.985372,-8.383377,8.199937,5.509181,-13.855739,1.955899,-19.65371,-3.4352045,-10.425848,13.813883,-3.4926622,3.5435038
201,-3.44330978394,104.679412842,104.68424224853516,2.9527121277841397,-3.929936669266309,-86.89263841113365,-3.181494,-4.0948405,14.359119,-5.094184,-18.12194,-26.231432,12.338248,-34.99237,62.487484,28.179625,6.2525644,5.2702384,-2.018792,-14.652044,13.164943,62.032497,-31.371733,6.5545983,6.491713,10.559555,-8.2532215,8.542185,5.5093937,-13.441531,2.0367439,-20.06858,-3.4834514,-9.899385,15.958493,-3.8379736,3.2718568
202,-3.35201358795,105.400817871,104.82726287841797,2.707633559515261,-3.967224041344868,-87.26704937313818,-2.961313,-3.8215265,14.409605,-4.934498,-17.910454,-25.55938,12.67799,-33.6609,62.43539,27.772358,6.6467347,5.634394,-2.6103685,-14.724302,13.332595,62.807945,-30.991117,6.6550074,6.0234704,10.140014,-8.061367,8.87177,5.505364,-13.017299,2.1018672,-20.502384,-3.5275087,-9.307159,18.344254,-4.1631966,2.98288
203,-3.23452556133,106.107162476,104.96821594238281,2.457702495516619,-4.021709898264626,-87.61202975152823,-2.7998939,-3.5425527,14.464726,-4.7469635,-17.70144,-24.82794,12.998733,-32.274292,62.383263,27.35778,7.0392714,5.9832478,-3.2140408,-14.791484,13.467218,63.550262,-30.745207,6.8028154,5.612887,9.745745,-7.8705597,9.176898,5.503233,-12.601692,2.1826935,-20.905933,-3.5883892,-8.673915,20.842175,-4.509371,2.7177129
204,-3.12395572662,106.803733826,105.09716033935547,2.235613694708249,-4.100418156039067,-87.92432233138669,-2.6830518,-3.2953002,14.538462,-4.5507507,-17.50925,-24.069418,13.308365,-30.897758,62.35881,26.791557,7.3573165,6.304674,-3.7952197,-14.849625,13.559382,64.17674,-30.588318,7.0033636,5.23689,9.386237,-7.703139,9.451778,5.5000873,-12.192519,2.2747874,-21.228174,-3.6787226,-8.023248,23.315102,-4.911809,2.5220997
205,-3.01047360897,107.487998962,105.21192932128906,2.0412326006950963,-4.212052816538208,-88.20791308739976,-2.6040683,-3.0808666,14.646348,-4.3488054,-17.343218,-23.285097,13.612264,-29.532135,62.359787,26.040775,7.5835943,6.5887866,-4.358966,-14.895028,13.575089,64.672844,-30.57907,7.292187,4.927464,9.068205,-7.5657225,9.701609,5.5002847,-11.790212,2.3932624,-21.45899,-3.784787,-7.3211827,25.759678,-5.3950863,2.4001958
206,-2.91152280569,108.182426453,105.32129669189453,1.854558005146749,-4.345793834328094,-88.46804776442318,-2.5621154,-2.8774507,14.777344,-4.135589,-17.196468,-22.458927,13.908952,-28.160889,62.36474,25.170698,7.758875,6.8439727,-4.917029,-14.926671,13.515184,65.077354,-30.726772,7.65641,4.685187,8.771631,-7.423897,9.933887,5.4940987,-11.374532,2.5185432,-21.615963,-3.8891773,-6.5673046,28.218105,-5.925996,2.333859
207,-2.81278163195,108.846961975,105.41587829589844,1.6781508041860993,-4.479656165932211,-88.70425700026072,-2.551555,-2.6897345,14.904444,-3.9166493,-17.061478,-21.598701,14.199277,-26.825459,62.378044,24.183125,7.895943,7.0876884,-5.445597,-14.94827,13.428221,65.390495,-30.907475,8.027252,4.4383245,8.496369,-7.288731,10.147508,5.4904757,-10.983326,2.6387208,-21.696236,-3.996163,-5.8352423,30.618542,-6.4419227,2.3354015
208,-2.72231888771,109.487686157,105.50032043457031,1.5159175305631554,-4.591019608232818,-88.91623525880809,-2.5653322,-2.522481,15.000587,-3.6988447,-16.928043,-20.714365,14.486248,-25.57655,62.406418,23.071434,8.006612,7.339288,-5.916123,-14.964693,13.36799,65.60717,-30.987211,8.33607,4.1129923,8.198089,-7.158093,10.335078,5.4928365,-10.604176,2.7350113,-21.717989,-4.116224,-5.192756,32.926003,-6.898002,2.4154804
209,-2.64532670379,110.122177124,105.57984924316406,1.3566712129172678,-4.674303361655702,-89.0990021335269,-2.608187,-2.3659074,15.059651,-3.4825826,-16.794086,-19.802496,14.774499,-24.42279,62.450226,21.76432,8.092505,7.626325,-6.324511,-14.981344,13.360661,65.7216,-30.948257,8.575739,3.6789463,7.8758616,-7.015831,10.495208,5.4904675,-10.231976,2.7921422,-21.673443,-4.238108,-4.670847,35.12449,-7.278443,2.6081805
210,-2.56915569305,110.746520996,105.6463623046875,1.1997095569683442,-4.740076021838661,-89.2562769950271,-2.6824408,-2.2195761,15.096218,-3.2620647,-16.665575,-18.854145,15.066393,-23.341389,62.500675,20.28223,8.145833,7.9305687,-6.6855874,-14.998881,13.386304,65.73523,-30.842808,8.778556,3.1784086,7.5369005,-6.8696885,10.630718,5.4936247,-9.871547,2.8285382,-21.559538,-4.357858,-4.2307773,37.239597,-7.6098533,2.8982677
211,-2.49727910757,111.347305298,105.69915771484375,1.0652740334315538,-4.791143525036295,-89.39899772878957,-2.7770932,-2.09978,15.114197,-3.036973,-16.545599,-17.879917,15.360823,-22.340399,62.55905,18.756937,8.166727,8.203495,-6.9994597,-15.015026,13.422666,65.653915,-30.64942,8.933785,2.6451645,7.1925583,-6.7453547,10.746016,5.4937835,-9.52106,2.861204,-21.393843,-4.495744,-3.8407693,39.29521,-7.913321,3.2227368
212,-2.4305447489,111.93624115,105.73624420166016,0.9664802432300537,-4.830657849579609,-89.5369470734921,-2.877796,-2.020019,15.116316,-2.8110046,-16.434715,-16.90249,15.653985,-21.43791,62.641308,17.316912,8.157128,8.398468,-7.2634215,-15.027481,13.441966,65.485466,-30.349272,9.0295925,2.1121354,6.843896,-6.6617255,10.844401,5.4950128,-9.180502,2.9086616,-21.21099,-4.669566,-3.464968,41.33698,-8.214801,3.5170932
213,-2.38718891144,112.532531738,105.75879669189453,0.9143447896559239,-4.857702483620121,-89.66599683431063,-2.9806323,-1.9909637,15.097924,-2.5925176,-16.330494,-15.940619,15.946351,-20.651814,62.7839,15.94739,8.095859,8.507672,-7.4557967,-15.035169,13.421625,65.20549,-29.923191,9.053375,1.5723257,6.468551,-6.621045,10.915799,5.500248,-8.830291,2.9698265,-20.99852,-4.8993387,-3.1225154,43.36979,-8.521417,3.7679899
214,-2.35321673751,113.099777222,105.77473449707031,0.9008013934019377,-4.871194884237944,-89.78367509200689,-3.083464,-2.0021768,15.059226,-2.3862805,-16.231176,-14.996212,16.2383,-19.984066,62.98576,14.593311,7.9914284,8.553694,-7.5720634,-15.037876,13.363376,64.81005,-29.394503,9.011223,1.0147028,6.0945196,-6.621763,10.966512,5.5038786,-8.495422,3.0384111,-20.758816,-5.1691155,-2.8190534,45.395027,-8.827466,4.0091257
215,-2.32128980756,113.674186707,105.7774429321289,0.9091818681392768,-4.87318594787266,-89.90229650203328,-3.1753516,-2.0382235,15.007564,-2.190822,-16.146103,-14.070478,16.522928,-19.427551,63.214046,13.325039,7.891688,8.538347,-7.638988,-15.035023,13.281105,64.34211,-28.805002,8.920509,0.46566916,5.703225,-6.64784,11.011018,5.5068593,-8.1559725,3.1149862,-20.480614,-5.443998,-2.5180273,47.360825,-9.112028,4.251093
216,-2.28605476767,114.23135376,105.77783203125,0.930629717139828,-4.866037917570987,-90.03483941038938,-3.2454515,-2.0838308,14.949612,-2.0034716,-16.078827,-13.168029,16.789015,-18.971546,63.44391,12.217155,7.841532,8.466877,-7.6850853,-15.025805,13.191586,63.84758,-28.194117,8.799966,-0.049791858,5.3109417,-6.6896267,11.068864,5.5099945,-7.8255854,3.193879,-20.154987,-5.691191,-2.180303,49.231613,-9.369287,4.5067716
217,-2.24852351472,114.793296814,105.76950073242188,0.9628920884198415,-4.845001475258513,-90.18129024233308,-3.2959569,-2.1378357,14.881063,-1.8241571,-16.038137,-12.300599,17.030506,-18.618113,63.687065,11.305977,7.8541245,8.337125,-7.714623,-15.01384,13.099068,63.323833,-27.54723,8.635683,-0.5329133,4.900726,-6.7440243,11.137228,5.5120945,-7.491292,3.2766395,-19.79013,-5.9023676,-1.7796583,51.01676,-9.596137,4.7398624
218,-2.21066292562,115.337776184,105.75891876220703,1.0124016448114808,-4.810588120319585,-90.33605993017535,-3.3284116,-2.2037137,14.798169,-1.656911,-16.014946,-11.478054,17.247957,-18.37291,63.971924,10.552907,7.9030614,8.152035,-7.7104535,-15.000048,12.996441,62.75225,-26.848665,8.42371,-0.9942248,4.4832997,-6.817624,11.210772,5.5143633,-7.1644325,3.3629138,-19.394627,-6.091296,-1.3415432,52.744423,-9.802574,4.958623
219,-2.19804426376,115.894554138,105.7445297241211,1.074031194106639,-4.772624572890112,-90.50307472299828,-3.332461,-2.2748425,14.707142,-1.5046217,-15.99567,-10.700021,17.440556,-18.229332,64.298035,9.921371,7.9729247,7.9257817,-7.67592,-14.979195,12.883471,62.16288,-26.137665,8.199547,-1.4248034,4.057469,-6.889007,11.296457,5.5135365,-6.826898,3.4376037,-18.932053,-6.2594056,-0.91455823,54.359203,-9.984246,5.2418733
220,-2.21195567399,116.447883606,105.71819305419922,1.1420964191856806,-4.740969595588685,-90.68617078989007,-3.3005662,-2.3456438,14.613889,-1.3669415,-15.964487,-9.960913,17.606848,-18.174421,64.66185,9.377092,8.048151,7.6720624,-7.61989,-14.94153,12.764095,61.591263,-25.452627,7.9996905,-1.8186011,3.6428013,-6.9506464,11.403628,5.5145297,-6.491863,3.495772,-18.373909,-6.4110155,-0.54496187,55.80681,-10.131943,5.664168
221,-2.21874856018,116.99066925,105.69467163085938,1.2198301066801003,-4.720027656500599,-90.88468722521948,-3.2401838,-2.421379,14.520187,-1.2389647,-15.926436,-9.257679,17.749796,-18.222996,65.07968,8.91833,8.112162,7.3881598,-7.544441,-14.878844,12.634643,61.033527,-24.781857,7.831398,-2.1816256,3.2477145,-7.0256248,11.533998,5.5155473,-6.1651354,3.5556986,-17.710514,-6.5588713,-0.24151614,57.097744,-10.267285,6.279657
222,-2.19792651292,117.535148621,105.67648315429688,1.3097382921524987,-4.70373438386526,-91.09719717386943,-3.1533656,-2.5047095,14.421392,-1.1203253,-15.882433,-8.595395,17.872334,-18.3774,65.54926,8.560298,8.177772,7.0704727,-7.45066,-14.789903,12.494081,60.48475,-24.116007,7.6763167,-2.518072,2.85945,-7.128554,11.682938,5.5149593,-5.8416348,3.6318307,-16.966776,-6.7003474,0.021407183,58.268482,-10.396847,7.0331106
223,-2.20870458148,118.090759277,105.65287780761719,1.4013341468283826,-4.685881321418903,-91.32616368570194,-3.0293906,-2.5868945,14.311352,-1.0146013,-15.822061,-7.9730554,17.97264,-18.594091,66.036804,8.300706,8.272168,6.730499,-7.3518853,-14.679339,12.356493,59.984837,-23.496346,7.5338383,-2.8204226,2.4634883,-7.2110453,11.848763,5.5154386,-5.5085006,3.6897657,-16.157236,-6.8189344,0.2479359,59.29987,-10.49518,7.8361306
224,-2.22186503187,118.638168335,105.62994384765625,1.4862926292063627,-4.660428349020194,-91.57401444092673,-2.8619194,-2.6572266,14.185648,-0.92090744,-15.731228,-7.3816657,18.045448,-18.815054,66.50205,8.145744,8.421711,6.377635,-7.2643857,-14.552474,12.245286,59.571957,-22.957407,7.4048724,-3.0809684,2.0665889,-7.2798653,12.032839,5.5135784,-5.178011,3.7430732,-15.308734,-6.8982882,0.44854832,60.192017,-10.543882,8.601089
225,-2.23332504928,119.184120178,105.60892486572266,1.5658189225814683,-4.6252170059354984,-91.84441037718425,-2.6552968,-2.7189062,14.039001,-0.83011,-15.60456,-6.812877,18.087461,-19.029217,66.94604,8.113951,8.645502,5.9902916,-7.196906,-14.4120655,12.176052,59.265766,-22.474285,7.2869244,-3.3112674,1.6568898,-7.337206,12.23636,5.5159597,-4.847397,3.7944233,-14.415897,-6.9374523,0.630616,60.936184,-10.534228,9.3040085
226,-2.24602025002,119.73601532,105.59052276611328,1.6442979641355029,-4.583482416457197,-92.13474853119399,-2.4184606,-2.7748442,13.875554,-0.7393569,-15.451484,-6.263063,18.099154,-19.247463,67.38013,8.20724,8.922819,5.569782,-7.14617,-14.2574005,12.147855,59.044884,-22.031425,7.1834426,-3.5118582,1.2389797,-7.387207,12.4584875,5.5140038,-4.509231,3.843553,-13.473093,-6.94545,0.7909885,61.540493,-10.478468,9.990028
227,-2.25359455496,120.282226562,105.57384490966797,1.7119979402988208,-4.5377563236954614,-92.43827848881435,-2.1538105,-2.8174427,13.703414,-0.65389466,-15.278777,-5.727258,18.08129,-19.439367,67.780334,8.4096,9.219553,5.159473,-7.1151533,-14.091766,12.160282,58.890488,-21.682047,7.104616,-3.6586823,0.8200299,-7.4222493,12.693573,5.51533,-4.176916,3.892397,-12.497205,-6.9214497,0.9231092,62.01959,-10.387337,10.67704
228,-2.25565037131,120.842956543,105.56017303466797,1.765034585951896,-4.490668419282291,-92.7484568553426,-1.8678145,-2.8380072,13.531365,-0.5752185,-15.091707,-5.194507,18.03464,-19.563305,68.11468,8.710118,9.503169,4.8008327,-7.1096992,-13.919412,12.219081,58.783424,-21.476404,7.0613475,-3.727379,0.3915488,-7.43721,12.933922,5.5150027,-3.8354986,3.9439435,-11.505132,-6.864663,1.020014,62.388767,-10.272519,11.382784
229,-2.2678797394,121.39956665,105.5450439453125,1.7974631552676914,-4.442673894872088,-93.07207213279932,-1.5588545,-2.8321645,13.359818,-0.49513867,-14.884465,-4.6578846,17.95537,-19.60251,68.36933,9.19503,9.792867,4.4832582,-7.1385245,-13.741462,12.334017,58.732952,-21.453781,7.0692143,-3.6997595,-0.035759266,-7.415875,13.186301,5.5157857,-3.4961545,3.986646,-10.495261,-6.7649274,1.0994301,62.643795,-10.135235,12.130031
230,-2.26998569816,121.970230103,105.52631378173828,1.8131822844468026,-4.392533876020161,-93.40949948761654,-1.2304394,-2.8060179,13.184427,-0.41016716,-14.657013,-4.116175,17.842169,-19.566446,68.55663,9.84842,10.095015,4.188742,-7.200717,-13.557791,12.5083685,58.7462,-21.575277,7.1194983,-3.5930946,-0.47229496,-7.3746204,13.45008,5.516189,-3.150762,4.034059,-9.460038,-6.6272874,1.1607658,62.77425,-9.967191,12.9015255
231,-2.2684616968,122.544715881,105.50837707519531,1.818684539353496,-4.340130523782869,-93.74476019904867,-0.8965801,-2.7659724,13.00764,-0.3287828,-14.426255,-3.5648046,17.702818,-19.45396,68.67908,10.50274,10.361611,3.948963,-7.2862744,-13.371454,12.737553,58.800392,-21.773554,7.1858044,-3.435455,-0.9150418,-7.3183494,13.710618,5.5161996,-2.800254,4.0826144,-8.411607,-6.473791,1.171386,62.790157,-9.764839,13.654943
232,-2.27380198985,123.135162354,105.48994445800781,1.8190522161939484,-4.2855219391657124,-94.06200593211301,-0.5724647,-2.7195168,12.833229,-0.2579356,-14.209929,-2.9941576,17.551165,-19.261591,68.729004,10.988176,10.549115,3.79616,-7.3873725,-13.187803,13.017834,58.872063,-21.981106,7.241787,-3.2534523,-1.3710111,-7.248091,13.95209,5.5157905,-2.435065,4.128274,-7.3624697,-6.325252,1.0985531,62.700592,-9.521457,14.3476
233,-2.2812525481,123.714828491,105.46737670898438,1.8126720614609764,-4.230074379321111,-94.35818491220057,-0.26040173,-2.6675947,12.66383,-0.19656654,-14.009518,-2.3852122,17.395777,-18.984705,68.67481,11.258137,10.653935,3.7514215,-7.5064225,-13.010347,13.363224,58.962055,-22.201117,7.288387,-3.0356069,-1.821258,-7.16757,14.17439,5.5136924,-2.0712166,4.1720824,-6.30682,-6.1878242,0.92942274,62.502014,-9.201127,14.99044
234,-2.29306083173,124.318122864,105.44693756103516,1.7998162334263152,-4.173383112489273,-94.64131398065577,0.04394678,-2.6080992,12.499756,-0.13860333,-13.818288,-1.7365459,17.237078,-18.623192,68.50704,11.399071,10.703205,3.790386,-7.6468863,-12.837762,13.77722,59.075962,-22.456871,7.336288,-2.7723017,-2.2899418,-7.0716686,14.381331,5.51487,-1.6907803,4.2154613,-5.2447658,-6.0497737,0.6871125,62.197605,-8.81984,15.598213
235,-2.30864871293,124.938552856,105.4215087890625,1.7791909417274656,-4.112653192154056,-94.91209832398557,0.33705565,-2.5455222,12.341736,-0.08583932,-13.647555,-1.0666456,17.077066,-18.182802,68.252144,11.440002,10.700284,3.8784468,-7.802077,-12.667989,14.2357025,59.19679,-22.715351,7.3749304,-2.4923117,-2.7730174,-6.9615417,14.573421,5.512109,-1.2941915,4.2564406,-4.188798,-5.906928,0.38770723,61.784203,-8.433515,16.133354
236,-2.32142065465,125.550201416,105.39164733886719,1.7523894881249995,-4.045342028813885,-95.17153298233346,0.6187943,-2.4837387,12.190665,-0.043932732,-13.511305,-0.39759943,16.91849,-17.675465,67.93936,11.407888,10.648566,3.980641,-7.961269,-12.498739,14.706401,59.30444,-22.947783,7.3936996,-2.2235148,-3.2634892,-6.8435245,14.751982,5.511204,-0.8985189,4.294989,-3.1533911,-5.7570305,0.047157273,61.265106,-8.102556,16.55795
237,-2.3436884433,126.172737122,105.35771942138672,1.7121557398504446,-3.969516470524837,-95.41660368879245,0.89582485,-2.4147694,12.049137,-0.02277345,-13.414312,0.26558554,16.761969,-17.094553,67.56384,11.288176,10.53118,4.1004386,-8.120997,-12.330447,15.180112,59.395267,-23.156475,7.381858,-1.9585186,-3.7725236,-6.7015142,14.911545,5.512407,-0.4929286,4.3239317,-2.1428654,-5.596704,-0.34475094,60.652378,-7.8015003,16.91595
238,-2.37005458772,126.828170776,105.32075500488281,1.660462244792154,-3.887186349040679,-95.64807230453192,1.1692855,-2.339631,11.916689,-0.019844595,-13.349992,0.9331424,16.606129,-16.44214,67.112434,11.072291,10.352475,4.250359,-8.283285,-12.162508,15.66596,59.474926,-23.357693,7.3474817,-1.6865101,-4.311041,-6.5400214,15.051521,5.5111322,-0.06072789,4.3499737,-1.1496129,-5.428445,-0.7914228,59.94111,-7.510579,17.210133
239,-2.40710678697,127.485931396,105.27545166015625,1.6123780429423442,-3.801195059953123,-95.87234771288013,1.4329644,-2.2758186,11.789488,-0.023643358,-13.310279,1.6015397,16.4517,-15.74858,66.60822,10.792744,10.146443,4.410867,-8.447006,-11.991196,16.155083,59.5403,-23.546179,7.308384,-1.4297178,-4.8572874,-6.374658,15.180866,5.509999,0.37699792,4.36947,-0.16640024,-5.258465,-1.2701217,59.103878,-7.296689,17.340513
240,-2.4402141571,128.157333374,105.22644805908203,1.584391196991356,-3.714373433878229,-96.09606522184613,1.6849996,-2.240062,11.663937,-0.026076704,-13.283081,2.2613432,16.30098,-15.0535555,66.07856,10.47699,9.947228,4.5633817,-8.605612,-11.811173,16.630001,59.585835,-23.721037,7.2818894,-1.2099684,-5.4114,-6.2322893,15.3076725,5.5083027,0.8207373,4.394486,0.81067145,-5.093137,-1.7577901,58.12214,-7.234144,17.207369
241,-2.49173024297,128.824890137,105.16618347167969,1.582303107594705,-3.6304568898592526,-96.32481474786151,1.9350772,-2.2351081,11.544483,-0.03474559,-13.27527,2.9171715,16.155384,-14.356309,65.51334,10.083357,9.756212,4.7164397,-8.751328,-11.618552,17.078583,59.605255,-23.892387,7.2730103,-1.0289135,-5.9589086,-6.1070805,15.440232,5.50552,1.2645295,4.413378,1.7812117,-4.9206944,-2.218665,57.01544,-7.4184046,16.726892
242,-2.55707010627,129.498016357,105.09732055664062,1.5961998740961227,-3.547058694070913,-96.5536743251308,2.1847188,-2.2530885,11.432013,-0.054383937,-13.290372,3.566893,16.014984,-13.648495,64.90672,9.608258,9.557703,4.87548,-8.887016,-11.412561,17.503077,59.60388,-24.063292,7.271314,-0.8764079,-6.5075817,-5.989987,15.572258,5.5046716,1.7102842,4.426975,2.7448559,-4.7380075,-2.6720002,55.786324,-7.789113,15.976611
243,-2.63320228457,130.181350708,105.01734161376953,1.6198252911466293,-3.457355736166327,-96.77370871543386,2.4213874,-2.2941556,11.317813,-0.07409171,-13.309376,4.186704,15.881377,-12.9620495,64.296555,9.132575,9.360738,5.0183973,-9.020376,-11.193943,17.905478,59.59265,-24.22295,7.2714376,-0.75626,-7.074734,-5.875906,15.689772,5.502528,2.169924,4.4346037,3.707453,-4.5617495,-3.1802423,54.379097,-8.178522,15.099536
244,-2.72171491385,130.914146423,104.92623901367188,1.6517751147026791,-3.354803310138182,-96.97610432525181,2.6371918,-2.3573644,11.193619,-0.0886789,-13.317024,4.745448,15.757391,-12.340508,63.72752,8.731132,9.174018,5.1247563,-9.1535225,-10.9639635,18.28208,59.576836,-24.360357,7.2682786,-0.6719979,-7.6808352,-5.7630773,15.778561,5.497759,2.6569111,4.4354706,4.6789155,-4.4080105,-3.8127441,52.733772,-8.41856,14.239339
245,-2.81700706482,131.63293457,104.82699584960938,1.6855034170463663,-3.2321345205765297,-97.16275254638998,2.840078,-2.4407759,11.048096,-0.10130751,-13.3048115,5.2442594,15.646805,-11.794992,63.207214,8.399477,8.989424,5.193748,-9.27388,-10.723233,18.628511,59.554398,-24.46056,7.263427,-0.63126236,-8.313555,-5.648227,15.836326,5.4972615,3.1455364,4.427187,5.657448,-4.281138,-4.6126604,50.79584,-8.326633,13.47458
246,-2.91903865337,132.364494324,104.7170181274414,1.724288757362749,-3.0956085991066815,-97.33683184804315,3.0350058,-2.5450442,10.889831,-0.118045084,-13.28352,5.6903796,15.551918,-11.313093,62.718365,8.098574,8.806817,5.236309,-9.380616,-10.472777,18.941772,59.5203,-24.535053,7.258979,-0.62933046,-8.968713,-5.5367284,15.87022,5.48861,3.6500857,4.4133835,6.641726,-4.1580424,-5.5438266,48.61008,-8.04343,12.724874
247,-3.02960664034,133.115478516,104.59168243408203,1.7742301124821611,-2.958721210935188,-97.49183012507899,3.2119658,-2.6685898,10.740311,-0.13852416,-13.260462,6.0613656,15.473132,-10.90472,62.2692,7.851099,8.6471405,5.2510858,-9.491589,-10.215289,19.217928,59.473854,-24.61268,7.250723,-0.6518519,-9.634085,-5.435955,15.885836,5.476645,4.16519,4.3924413,7.6470323,-4.0102177,-6.554926,46.256092,-7.8838983,11.897636
248,-3.15452873707,133.886802673,104.45451354980469,1.8383785851229286,-2.8351050728743292,-97.6213972568559,3.3639894,-2.8090818,10.6202545,-0.16508299,-13.242011,6.3301287,15.410108,-10.586329,61.873985,7.677551,8.530233,5.2377973,-9.620879,-9.954795,19.449554,59.411156,-24.72257,7.2351995,-0.68413407,-10.249935,-5.36166,15.896404,5.3606095,4.7433405,4.3603168,8.684671,-3.8131242,-7.5814166,43.81848,-8.167764,10.903597
249,-3.28025174141,134.712539673,104.28841400146484,1.945320844436593,-2.7114450210202206,-97.72694796982637,3.4952433,-2.99822,10.512964,-0.20001575,-13.218988,6.495605,15.368688,-10.3544035,61.528614,7.6084642,8.468231,5.1790814,-9.756593,-9.689156,19.617105,59.31036,-24.90036,7.2174067,-0.7223376,-10.886652,-5.34494,15.899652,5.216715,5.365883,4.330905,9.7905035,-3.5665462,-8.614075,41.193256,-9.064251,9.618564
250,-3.42356979847,135.529167175,104.11665344238281,2.0855461473188908,-2.586637754842965,-97.81117349374189,3.611452,-3.226149,10.415518,-0.24484804,-13.191552,6.568229,15.351329,-10.208164,61.22853,7.6216593,8.449074,5.0813003,-9.892958,-9.41761,19.723076,59.176598,-25.125149,7.1974354,-0.77343875,-11.518204,-5.364179,15.8947735,5.0589104,5.9964085,4.2876773,10.941112,-3.2645743,-9.652035,38.387062,-10.391257,8.144881
251,-3.56117153168,136.382141113,103.9295425415039,2.1994311535428728,-2.491759457659103,-97.8692650804981,3.7087045,-3.4248047,10.366988,-0.30109337,-13.180613,6.534036,15.349222,-10.170668,60.99633,7.659097,8.453768,4.9814353,-10.053046,-9.151265,19.797277,59.046482,-25.336765,7.164688,-0.83927333,-12.154613,-5.354502,15.868272,4.933335,6.620333,4.242127,12.0947075,-2.88082,-10.658065,35.550297,-11.874055,6.721756
252,-3.65575647354,137.270835876,103.7358627319336,2.2340997683462316,-2.456462970327978,-97.8971292250624,3.7841704,-3.5230114,10.404822,-0.3720886,-13.20947,6.373665,15.346708,-10.268728,60.86358,7.6629696,8.46093,4.9188643,-10.256036,-8.910069,19.874216,58.950104,-25.468626,7.1107554,-0.92041457,-12.759086,-5.2754745,15.815194,4.826771,7.230891,4.2108736,13.201783,-2.4021332,-11.61582,32.845516,-13.236303,5.5764923
253,-3.7373663187,138.17414093,103.5507583618164,2.1879006930140443,-2.4929210893472598,-97.89140231449512,3.8389506,-3.5127141,10.548977,-0.46515656,-13.290903,6.0711637,15.334865,-10.507172,60.829025,7.6428633,8.468981,4.8931794,-10.49257,-8.706721,19.94489,58.84927,-25.490076,7.0484266,-1.0070984,-13.321204,-5.1039925,15.732874,4.7702427,7.805331,4.1731186,14.265147,-1.8516653,-12.555697,30.309973,-14.486446,4.7879424
254,-3.80768942833,139.112251282,103.36585235595703,2.0868518331380685,-2.581992505066581,-97.85655394924662,3.8799942,-3.4230652,10.774258,-0.5819031,-13.410453,5.6292195,15.312265,-10.878808,60.893475,7.623489,8.484309,4.889359,-10.746108,-8.545008,19.998972,58.724323,-25.432432,6.98184,-1.0986204,-13.8129425,-4.868384,15.629332,4.7521605,8.306387,4.1051135,15.292948,-1.2376903,-13.480211,27.884258,-15.756197,4.2300634
255,-3.84633374214,140.069976807,103.18760681152344,1.912674930630907,-2.7065819025085625,-97.7998374586301,3.9124951,-3.2353811,11.052059,-0.71749514,-13.5516815,5.056221,15.271853,-11.390748,61.089108,7.5699887,8.497117,4.9238863,-11.022416,-8.430596,20.075382,58.62681,-25.31434,6.8907237,-1.2090834,-14.277664,-4.566886,15.49531,4.7376056,8.744859,3.9839303,16.27737,-0.5295627,-14.354609,25.510134,-16.906992,3.8027468
256,-3.86926090717,141.052650452,103.02484130859375,1.6488215464478684,-2.8509988315995853,-97.72773275707375,3.9374938,-2.9304574,11.354423,-0.86425215,-13.697734,4.362498,15.2029705,-12.04673,61.44894,7.4481425,8.496704,5.0136743,-11.330884,-8.369884,20.224009,58.611237,-25.14648,6.7551775,-1.3542442,-14.732106,-4.183355,15.3248625,4.7329245,9.05182,3.761865,17.204184,0.29350796,-15.136197,23.167007,-17.830292,3.3913436
257,-3.86827290058,142.037704468,102.86954498291016,1.2806265414473597,-3.023734885422656,-97.62338711167848,3.9317884,-2.4865851,11.698069,-1.0202749,-13.860124,3.531424,15.096112,-12.882457,62.00703,7.2193336,8.460028,5.191995,-11.688009,-8.370211,20.48192,58.692726,-24.891315,6.5479255,-1.5839666,-15.180663,-3.7003465,15.100486,4.769981,9.1359215,3.402727,18.037886,1.2339138,-15.847442,20.885336,-18.520746,2.948855
258,-3.82572805882,143.033325195,102.72256469726562,0.8211904668848025,-3.2284868241907305,-97.49092800099064,3.9024596,-1.9196546,12.09008,-1.1892812,-14.044958,2.5636904,14.945556,-13.882345,62.73746,6.9082346,8.398646,5.4402275,-12.084176,-8.433997,20.8296,58.83695,-24.543549,6.2879663,-1.8733989,-15.598845,-3.1345146,14.843114,4.8081794,8.948697,2.8910177,18.856068,2.2726128,-16.518955,18.600447,-19.177137,2.5049694
259,-3.77173185349,144.061790466,102.58399200439453,0.30533700326358304,-3.439556914782285,-97.36986591079823,3.893317,-1.2713666,12.486966,-1.3670084,-14.220785,1.5042354,14.745011,-14.958916,63.575966,6.585244,8.355194,5.6956205,-12.493442,-8.554658,21.231586,59.027092,-24.166264,6.0249047,-2.1260538,-16.017282,-2.5095315,14.595285,4.8554277,8.438945,2.2313333,19.560678,3.3429427,-17.042847,16.407612,-19.894424,2.0411494
260,-3.70631372929,145.073158264,102.44447326660156,-0.2323462708488359,-3.6335543242259583,-97.2995346337768,3.9393787,-0.58381706,12.843533,-1.5405502,-14.357197,0.40837324,14.490231,-16.005814,64.45646,6.3339,8.372223,5.8953643,-12.899798,-8.720037,21.657715,59.2597,-23.826487,5.808603,-2.24798,-16.446978,-1.8511225,14.400632,4.8897433,7.6031594,1.4444484,20.193306,4.4050074,-17.342226,14.272586,-20.670937,1.5636306
261,-3.62832641602,146.099411011,102.30725860595703,-0.7987688374796797,-3.805301321869767,-97.28732321828721,4.0332327,0.15410398,13.153477,-1.693884,-14.453147,-0.73154926,14.17527,-17.036316,65.41549,6.1688814,8.452646,6.031503,-13.333686,-8.924508,22.132946,59.57733,-23.505953,5.6341944,-2.2138097,-16.888538,-1.1547995,14.245213,4.894329,6.452567,0.5770133,20.68834,5.4270453,-17.352577,12.296845,-21.42069,1.0878241
262,-3.52960956097,147.117980957,102.17710876464844,-1.4023946786027168,-3.969579891579319,-97.31406724406769,4.153328,0.9516978,13.437455,-1.8291116,-14.522361,-1.9256176,13.79677,-18.070286,66.46946,6.058898,8.5763,6.1338835,-13.803918,-9.165513,22.673388,59.983406,-23.182562,5.479639,-2.0756505,-17.32633,-0.41341126,14.114311,4.8789515,5.0158668,-0.31326112,21.05765,6.4133377,-17.147701,10.487933,-22.02849,0.6076909
263,-3.42065966129,148.145729065,102.03834533691406,-2.010339108401389,-4.13266627943415,-97.37988569313616,4.3110447,1.7601511,13.688709,-1.9546989,-14.548589,-3.1178985,13.360861,-18.99901,67.5251,6.0314136,8.748706,6.1953526,-14.264332,-9.431101,23.232225,60.421898,-22.921846,5.3694205,-1.8571538,-17.79049,0.35542634,14.050573,4.909529,3.3841307,-1.1767973,21.376942,7.3632884,-16.839409,8.75661,-22.416082,0.106415175
264,-3.32071352005,149.160301208,101.89270782470703,-2.587557224639143,-4.297981286986544,-97.48658712705968,4.510731,2.530412,13.898689,-2.070938,-14.521231,-4.240092,12.881973,-19.689428,68.476326,6.1321445,8.976249,6.2057214,-14.677147,-9.702389,23.761557,60.84645,-22.799465,5.3252454,-1.5812556,-18.234472,1.1335396,14.126046,4.9996037,1.6672565,-1.9930903,21.74116,8.294421,-16.512598,6.962815,-22.497717,-0.42595947
265,-3.25638210773,150.176116943,101.7390365600586,-3.1309649489867986,-4.45931845809023,-97.66235182056695,4.781385,3.247909,14.044726,-2.1719236,-14.408555,-5.2764125,12.36445,-20.036865,69.29174,6.4710383,9.3228445,6.143083,-15.054591,-9.965946,24.269623,61.28725,-22.863142,5.3565497,-1.2260084,-18.690128,1.9202812,14.354402,5.156165,-0.015176434,-2.7324827,21.73948,9.076853,-16.103317,5.9457006,-22.668997,-0.96419394
266,-3.17409312725,151.164710999,101.58468627929688,-3.649038277923753,-4.621916481051401,-97.89179625318643,5.0863376,3.9305825,14.141359,-2.2380793,-14.2249155,-6.247649,11.812361,-20.088428,70.018364,7.0227423,9.761987,6.0153904,-15.432963,-10.214965,24.791767,61.788136,-23.070673,5.4414396,-0.7918023,-19.2022,2.720858,14.67222,5.4401517,-1.5931427,-3.3448248,21.27739,9.694609,-15.599919,5.8897963,-22.987045,-1.4827796
267,-3.08618474007,152.131317139,101.42411804199219,-4.160036797936883,-4.803842204085248,-98.11257612113259,5.3439317,4.5856953,14.2327585,-2.2595708,-14.026128,-7.14723,11.248831,-19.969595,70.66558,7.6075974,10.168678,5.8619237,-15.801857,-10.440751,25.303171,62.317585,-23.366627,5.55514,-0.33571357,-19.553846,3.50332,15.10421,5.457373,-2.753481,-3.830497,20.838118,10.31744,-15.107485,5.840235,-23.000866,-1.9749591
268,-3.0239597559,153.085342407,101.27061462402344,-4.668177210652641,-5.01979700662809,-98.26204479215015,5.4811816,5.212341,14.366712,-2.234307,-13.865333,-7.961654,10.709228,-19.830181,71.22493,8.0244875,10.427085,5.723901,-16.145887,-10.637156,25.75624,62.837997,-23.707598,5.6729236,0.08701369,-19.80983,4.2702804,15.607273,5.46576,-3.6626081,-4.2055173,20.445732,10.970005,-14.683519,5.794677,-22.783974,-2.4372344
269,-2.96775901318,154.02558136,101.13731384277344,-5.243743869029764,-5.292151846571976,-98.32617077749421,5.4946513,5.867348,14.560735,-2.1654015,-13.742179,-8.664925,10.22024,-19.699768,71.63901,8.1853,10.53883,5.5984654,-16.46348,-10.801185,26.125652,63.34251,-24.16854,5.8027186,0.5216009,-20.016766,5.110663,16.294538,5.482674,-4.5260625,-4.660965,20.130657,11.753944,-14.314408,5.7480173,-22.433186,-2.9096422
270,-2.91610532999,154.937141418,101.03571319580078,-5.844675760039862,-5.639469093364106,-98.33974689341672,5.417638,6.453528,14.8673725,-2.042198,-13.670711,-9.102123,9.997249,-19.599098,71.54856,8.070729,10.670675,5.4055996,-16.767122,-10.867813,26.322134,63.844013,-24.854094,5.918545,0.99530417,-20.099522,5.97865,17.186327,5.451992,-5.369757,-5.191358,19.92706,12.618878,-13.995328,5.702526,-22.03848,-3.391703
271,-2.88698518276,155.817138672,100.97384643554688,-6.4078627157218,-5.941995732950977,-98.28015911510533,5.211631,6.991225,15.154577,-1.8775538,-13.643459,-9.484916,9.748149,-19.468267,71.421814,7.887927,10.6897,5.247642,-17.05821,-10.929775,26.529066,64.34918,-25.453936,6.042765,1.3716154,-20.195644,6.787339,17.958967,5.479014,-6.045121,-5.5793204,19.701159,13.465246,-13.766646,5.6573215,-21.626045,-3.8506458
272,-2.88602459431,156.684524536,100.99654388427734,-6.797042822496401,-6.175523887018475,-98.14983702787521,4.895157,7.339068,15.4306,-1.6982762,-13.676889,-9.910716,9.488685,-19.373137,71.43747,7.705837,10.507606,5.125023,-17.305971,-10.983617,26.696106,64.84052,-25.834118,6.1437955,1.5452201,-20.228483,7.3654213,18.400679,5.514091,-6.3616962,-5.597686,19.392197,14.055596,-13.692659,5.6169157,-21.164715,-4.187675
273,-2.89678829908,157.534439087,101.0989761352539,-6.959131310517476,-6.3297263510200965,-97.92606357996792,4.4801955,7.480458,15.700697,-1.5570363,-13.81688,-10.455277,9.103754,-19.41089,71.687515,7.44279,10.073267,5.094299,-17.479458,-11.054456,26.768394,65.288956,-25.990261,6.233698,1.4668968,-20.192528,7.6273437,18.442305,5.5217476,-6.182983,-5.03514,19.003075,14.382223,-13.799832,5.5896482,-20.689716,-4.436962
274,-2.90264695883,158.363441467,101.26836395263672,-6.987524837436559,-6.406019793673381,-97.62290114447374,3.9836223,7.440257,15.978953,-1.4375335,-14.074595,-10.938192,8.836824,-19.628227,71.78286,6.975741,9.513784,5.064182,-17.56466,-11.102452,26.641794,65.6448,-26.086584,6.304567,1.2274277,-20.17398,7.706895,18.181026,5.569989,-5.645576,-4.0656137,18.532778,14.543661,-14.032206,5.569925,-20.195827,-4.6236615
275,-2.91030579805,159.167945862,101.47921752929688,-6.91822187680432,-6.43816880795043,-97.29144680748209,3.446326,7.2684865,16.234858,-1.3153645,-14.361109,-11.350739,8.658382,-19.932394,71.758064,6.4954185,8.949814,5.0274477,-17.564613,-11.132124,26.378046,65.94866,-26.089943,6.361736,0.86825484,-20.095793,7.662741,17.714237,5.626606,-4.92089,-3.0207815,18.025381,14.578996,-14.328284,5.5560656,-19.700596,-4.7692685
276,-2.89450526237,159.949111938,101.70698547363281,-6.7919334387178,-6.449205413881286,-96.98652055489042,2.9400785,7.029553,16.419159,-1.1940975,-14.584053,-11.722334,8.525481,-20.268007,71.696396,6.185151,8.49592,4.987422,-17.4565,-11.152442,25.981796,66.223854,-25.999544,6.4087467,0.43557855,-19.91507,7.573621,17.117563,5.6957273,-4.1917953,-2.239454,17.505878,14.516157,-14.623363,5.544849,-19.206089,-4.8802648
277,-2.88677793741,160.707878113,101.9389877319336,-6.601569791146303,-6.4468066877399615,-96.72310315400428,2.4775364,6.7267747,16.516874,-1.0702803,-14.717634,-12.061873,8.413705,-20.653957,71.6547,6.074707,8.13886,4.971336,-17.224207,-11.169108,25.435972,66.488594,-25.760324,6.4300914,-0.12216086,-20.001816,7.552536,16.20691,6.5534725,-3.8508549,-1.8360156,16.985697,14.363541,-14.9037695,5.541025,-18.723022,-4.9705424
278,-2.89229500294,161.43270874,102.18446350097656,-6.338678378038753,-6.432144314568791,-96.48687678487575,2.0373323,6.3481135,16.553453,-0.9434477,-14.802126,-12.369681,8.321334,-21.093147,71.62216,6.0938015,7.8191576,4.9776106,-16.880917,-11.183367,24.7594,66.72594,-25.378746,6.4295855,-0.80852747,-20.559969,7.6063304,14.899422,8.547521,-3.988549,-1.6467183,16.471825,14.114466,-15.18276,5.5421576,-18.250813,-5.035615
279,-2.92231678963,162.138702393,102.42619323730469,-6.030896888537751,-6.41726143687153,-96.28189144191806,1.6521872,5.9257402,16.545773,-0.8403733,-14.847789,-12.673271,8.243864,-21.535025,71.582695,6.2634015,7.585332,4.969206,-16.428703,-11.197476,23.96378,66.88495,-24.972187,6.4405613,-1.5008947,-21.03848,7.597884,13.512841,10.572705,-4.1123743,-1.5875279,15.971063,13.815366,-15.4394245,5.5502224,-17.793818,-5.1035
280,-2.96156358719,162.850852966,102.65945434570312,-5.707978786213559,-6.407955959483491,-96.1052175384988,1.3402828,5.4853015,16.510862,-0.7809558,-14.869347,-12.991621,8.179933,-21.908697,71.50796,6.6156178,7.486529,4.9066544,-15.877636,-11.212584,23.072643,66.917694,-24.652842,6.500672,-2.0772212,-21.459875,7.557796,12.140893,12.615046,-4.267551,-1.56953,15.478021,13.500091,-15.662492,5.55392,-17.334772,-5.188916
281,-3.01602655649,163.552616119,102.89356994628906,-5.356584302424284,-6.392145159220824,-95.94540494328903,1.0931274,5.0106964,16.43247,-0.76525027,-14.855775,-13.3302555,8.128137,-22.159788,71.38809,7.2755375,7.5824947,4.741287,-15.212576,-11.222846,22.056892,66.798996,-24.440351,6.6443806,-2.528544,-21.846724,7.471102,10.7274475,14.694922,-4.4378304,-1.5891039,14.985313,13.158079,-15.864744,5.5573783,-16.884747,-5.2940755
282,-3.09695601463,164.231643677,103.1148910522461,-4.960822775067166,-6.366253732651945,-95.79980472272973,0.89375764,4.489244,16.308113,-0.78075045,-14.80739,-13.674034,8.087316,-22.317501,71.23355,8.204603,7.827418,4.502628,-14.440026,-11.221891,20.918816,66.55292,-24.276525,6.8471813,-2.9124033,-22.133337,7.301505,9.264304,16.719637,-4.566681,-1.6894228,14.499239,12.776642,-16.055088,5.5608473,-16.452856,-5.4131536
283,-3.18519502878,164.889709473,103.33731079101562,-4.543731200346999,-6.3461161414091,-95.67731494464398,0.74200255,3.948686,16.175056,-0.8240928,-14.752066,-14.009827,8.0595875,-22.441502,71.04386,9.182577,8.115306,4.2704844,-13.60602,-11.21383,19.741179,66.21353,-24.148943,7.060593,-3.2079766,-22.331814,7.0830994,7.867244,18.727676,-4.743462,-1.8361773,14.031794,12.3674555,-16.221514,5.5680027,-16.035301,-5.532596
284,-3.27845239639,165.549938202,103.55033874511719,-4.130842654439735,-6.3481902010431215,-95.58815532109699,0.6353488,3.4174688,16.07234,-0.88885295,-14.718297,-14.320362,8.050416,-22.590765,70.8136,9.983067,8.345087,4.128268,-12.75522,-11.211376,18.622026,65.81476,-24.0341,7.2365594,-3.3938293,-22.414038,6.8561654,6.6681504,20.6854,-5.0205474,-1.9847893,13.592484,11.960024,-16.348497,5.572168,-15.61863,-5.6548204
285,-3.36920440197,166.203216553,103.75198364257812,-3.7041961442894764,-6.376440432210593,-95.54231875433827,0.5840318,2.8773444,16.008722,-0.9801764,-14.711892,-14.601934,8.067996,-22.770308,70.53423,10.549398,8.5146675,4.0991306,-11.87493,-11.22419,17.571524,65.32968,-23.923029,7.3803,-3.4310868,-22.35492,6.626028,5.6943793,22.576345,-5.429371,-2.1168368,13.191173,11.527271,-16.428373,5.574611,-15.2059555,-5.770207
286,-3.4623759985,166.820232391,103.94691467285156,-3.2545206416918924,-6.418766646607709,-95.52929844541217,0.58158976,2.3199866,15.967036,-1.0988479,-14.721051,-14.859122,8.114841,-22.957325,70.19626,10.992264,8.675502,4.1372347,-10.942796,-11.253138,16.55521,64.73792,-23.815636,7.515541,-3.3394568,-22.183264,6.391197,4.87257,24.435173,-5.941734,-2.242176,12.828339,11.0615835,-16.474928,5.581952,-14.817333,-5.876036
287,-3.5560233593,167.432411194,104.12943267822266,-2.822231597580884,-6.467066833939561,-95.5301107072452,0.5992305,1.7880586,15.94545,-1.2305164,-14.750206,-15.087681,8.186568,-23.166729,69.79936,11.336383,8.808003,4.2274604,-9.990903,-11.3021345,15.609614,64.09493,-23.702192,7.6205354,-3.1865976,-21.936863,6.186343,4.1890445,26.282135,-6.5116634,-2.3561862,12.476988,10.6147785,-16.502932,5.587934,-14.432934,-5.9835124
288,-3.61976134777,168.032463074,104.29602813720703,-2.449710721155335,-6.51403959736568,-95.5249770990186,0.60460335,1.3276963,15.940365,-1.357656,-14.798214,-15.283877,8.274941,-23.41411,69.350334,11.60385,8.889638,4.3574643,-9.056391,-11.378056,14.784357,63.46468,-23.562256,7.672583,-3.043028,-21.657578,6.0435505,3.628034,28.140059,-7.094039,-2.4580142,12.127689,10.220113,-16.53179,5.597181,-14.054018,-6.0795527
289,-3.66839289665,168.628242493,104.44717407226562,-2.140272269567474,-6.564525908920651,-95.52283807950798,0.59957683,0.9464422,15.961394,-1.4752675,-14.871429,-15.456506,8.377317,-23.724388,68.86108,11.767939,8.902296,4.5561547,-8.151199,-11.49097,14.110792,62.857536,-23.363798,7.6496935,-2.911134,-21.333443,5.981092,3.2497678,30.007505,-7.680749,-2.5349314,11.784245,9.890937,-16.556349,5.604906,-13.675079,-6.1733413
290,-3.70793056488,169.209583282,104.57460021972656,-1.872099832432687,-6.619622949616572,-95.52947426624142,0.5970802,0.6234244,16.006567,-1.5940653,-14.970023,-15.609971,8.493869,-24.08497,68.3338,11.825334,8.858498,4.821824,-7.2538757,-11.644656,13.5669775,62.2444,-23.11396,7.5701203,-2.7593029,-20.938698,5.9885564,3.0435886,31.852533,-8.282895,-2.5851004,11.454265,9.604716,-16.571907,5.6139727,-13.304751,-6.264327
291,-3.72097349167,169.78471756,104.68313598632812,-1.6537196034161736,-6.668180863045786,-95.5206201191764,0.58095473,0.36109483,16.053188,-1.7169744,-15.077216,-15.735136,8.618706,-24.44811,67.76427,11.839766,8.780572,5.0970893,-6.358909,-11.834798,13.120508,61.63852,-22.857883,7.4701376,-2.6082704,-20.50454,6.0461354,2.8861034,33.674774,-8.896986,-2.6314192,11.120524,9.363437,-16.594297,5.621126,-12.937097,-6.3485374
292,-3.71979641914,170.337684631,104.77311706542969,-1.4932204630776358,-6.6992679413461795,-95.47183881585059,0.53221774,0.15994859,16.077166,-1.844568,-15.177904,-15.822739,8.742628,-24.75768,67.153046,11.881153,8.689862,5.3254533,-5.466343,-12.050965,12.741261,61.06107,-22.64289,7.384812,-2.4815242,-20.060934,6.123761,2.6573527,35.47141,-9.517905,-2.7011542,10.778547,9.184939,-16.639595,5.6281385,-12.588276,-6.434617
293,-3.70359492302,170.876834869,104.84391784667969,-1.3981225677437046,-6.703834389237908,-95.37979701693261,0.44685906,0.029116137,16.067177,-1.9802854,-15.275463,-15.872503,8.860224,-24.995111,66.499344,11.994577,8.570662,5.5008483,-4.5813622,-12.290964,12.43795,60.52071,-22.487453,7.309534,-2.3853593,-19.629406,6.2179437,2.3555372,37.272144,-10.175472,-2.7777038,10.413838,9.07847,-16.706764,5.6308475,-12.251031,-6.527745
294,-3.67760825157,171.400676727,104.8945083618164,-1.3640317698570412,-6.690071951377533,-95.25529749369002,0.33035544,-0.03482944,16.035643,-2.1190934,-15.374051,-15.89076,8.970514,-25.178831,65.81582,12.144902,8.414632,5.652329,-3.7119029,-12.556137,12.222998,60.02206,-22.368103,7.2277756,-2.3110678,-19.188938,6.334489,2.0374708,39.0674,-10.86037,-2.8577363,10.036812,9.040415,-16.791187,5.6312985,-11.927287,-6.6276608
295,-3.64970970154,171.904399872,104.92585754394531,-1.3727219242866895,-6.672744132686943,-95.09685042458825,0.17877087,-0.051367886,15.99243,-2.2488513,-15.458154,-15.879891,9.071214,-25.310982,65.12711,12.27987,8.254001,5.776743,-2.8631074,-12.838755,12.067876,59.582558,-22.27448,7.155496,-2.259725,-18.702291,6.4528484,1.6739415,40.79527,-11.513623,-2.9930503,9.669048,9.054153,-16.902653,5.6297398,-11.622759,-6.730735
296,-3.62279999256,172.404022217,104.94401550292969,-1.4096948829272975,-6.666531497975938,-94.9026975179176,-0.009524137,-0.04351978,15.946355,-2.3587236,-15.512786,-15.844642,9.159373,-25.394299,64.46191,12.348583,8.120806,5.8711762,-2.0393524,-13.126463,11.935035,59.22148,-22.20551,7.1081243,-2.232238,-18.145355,6.550974,1.2330229,42.411457,-12.081834,-3.2347121,9.3194275,9.103885,-17.048977,5.6262636,-11.330478,-6.8350596
297,-3.58473742008,172.896434784,104.95225524902344,-1.473866990063771,-6.675078549998596,-94.67035698898948,-0.23114431,-0.015270002,15.898973,-2.4519026,-15.537674,-15.786095,9.23304,-25.42598,63.812145,12.332419,8.021545,5.92328,-1.2331388,-13.411147,11.820867,58.93475,-22.186634,7.091071,-2.2368531,-17.516703,6.6143584,0.68184954,43.93348,-12.546979,-3.6129322,8.9931755,9.179682,-17.236208,5.6234617,-11.053495,-6.9312363
298,-3.54793715477,173.367580414,104.9518814086914,-1.5715563713807041,-6.690326810241606,-94.4010404643407,-0.484467,0.04371095,15.844271,-2.5329,-15.537342,-15.705925,9.291369,-25.408909,63.177715,12.260043,7.938212,5.9397607,-0.44902968,-13.69292,11.734953,58.72492,-22.220726,7.093839,-2.272752,-16.833752,6.649882,0.04794422,45.39039,-12.949152,-4.0996866,8.690181,9.296127,-17.460438,5.6179047,-10.798571,-7.026657
299,-3.51309835911,173.812416077,104.93533325195312,-1.7016645166508082,-6.709508291232633,-94.09889690835523,-0.77112657,0.130754,15.780571,-2.595676,-15.506929,-15.612003,9.33249,-25.357779,62.598373,12.150128,7.866679,5.945768,0.29822305,-13.969642,11.656616,58.611702,-22.271542,7.109239,-2.3256397,-16.077816,6.6719937,-0.60224175,46.72409,-13.31337,-4.6570125,8.408868,9.451462,-17.71454,5.611886,-10.566232,-7.121913
300,-3.45661902428,174.277843475,104.91008758544922,-1.8597097340866315,-6.729857322363194,-93.76828052143942,-1.0888743,0.24536853,15.706648,-2.6381738,-15.440798,-15.517263,9.353035,-25.293488,62.11713,12.018979,7.802956,5.9669204,0.99976367,-14.237598,11.554797,58.609722,-22.307846,7.1297345,-2.3801024,-15.247741,6.703548,-1.21158,47.903187,-13.674115,-5.2428374,8.117934,9.626703,-17.989044,5.6023035,-10.318703,-7.21258
301,-3.40585184097,174.737117767,104.88258361816406,-2.069172230119887,-6.755880967806372,-93.4084521340687,-1.4320022,0.4101431,15.626164,-2.6648872,-15.333672,-15.432231,9.347373,-25.22568,61.75496,11.859945,7.7466455,6.0138416,1.6587304,-14.496273,11.425289,58.731453,-22.33584,7.148662,-2.4288116,-14.338015,6.7687335,-1.8045218,48.937798,-14.050725,-5.8756566,7.837453,9.865958,-18.285582,5.5902433,-10.076473,-7.3129354
302,-3.33834409714,175.193870544,104.84577178955078,-2.3218065305767093,-6.7861964046063195,-93.01819044014445,-1.7961057,0.61875075,15.538703,-2.6819904,-15.190777,-15.357768,9.312918,-25.151487,61.49842,11.666099,7.697975,6.073109,2.2863824,-14.746512,11.271568,58.9603,-22.372347,7.172156,-2.4798696,-13.353321,6.8536196,-2.3980644,49.84585,-14.426683,-6.5640793,7.5650635,10.145906,-18.608175,5.5753837,-9.835282,-7.4089165
303,-3.27203738689,175.641880035,104.80731964111328,-2.5755020906829946,-6.809933375260045,-92.5995982597399,-2.1808076,0.8278117,15.437512,-2.6900141,-15.017951,-15.291854,9.252409,-25.073744,61.33561,11.4521675,7.654641,6.1332536,2.890077,-14.983443,11.071133,59.263466,-22.403574,7.2115474,-2.5403454,-12.322659,6.9298654,-2.9341257,50.63208,-14.792803,-7.2489552,7.292764,10.423227,-18.953465,5.5595894,-9.602283,-7.50143
304,-3.23043382168,176.08939743,104.7821273803711,-2.7860182425472204,-6.816533050084832,-92.15545656055838,-2.5847359,0.9930165,15.314922,-2.6911764,-14.824997,-15.231524,9.171908,-24.9991,61.251072,11.230341,7.6159263,6.1827216,3.4787726,-15.198584,10.794488,59.607735,-22.421686,7.2771425,-2.616418,-11.285895,6.9699807,-3.361966,51.316525,-15.144456,-7.8711796,7.0043335,10.655847,-19.31637,5.542309,-9.375197,-7.596885
305,-3.18978464603,176.529399872,104.76264953613281,-2.9398662091451526,-6.809278061364048,-91.67428985432916,-3.0170653,1.0966945,15.169428,-2.6861203,-14.606731,-15.172591,9.076073,-24.92238,61.24844,10.975703,7.5767026,6.2119207,4.0572147,-15.3827305,10.421284,60.003468,-22.440763,7.3703594,-2.706013,-10.232795,6.9571857,-3.6976955,51.881866,-15.483488,-8.427589,6.7093244,10.813285,-19.706175,5.523034,-9.156811,-7.6772285
306,-3.13875901699,176.988254547,104.73443603515625,-3.061036664796162,-6.791848077851521,-91.15896720607022,-3.4736512,1.162567,15.003763,-2.6753662,-14.36309,-15.115596,8.965726,-24.846216,61.32629,10.688823,7.542185,6.2281075,4.6218023,-15.532954,9.96095,60.463467,-22.469604,7.484384,-2.8065536,-9.14288,6.914827,-3.9615915,52.30479,-15.79599,-8.94247,6.3973827,10.919864,-20.12,5.5006013,-8.930413,-7.7464614
307,-3.09907883406,177.436264038,104.72083282470703,-3.161758342539358,-6.755542822601633,-90.63297732211592,-3.9341376,1.2098477,14.816517,-2.6592958,-14.103755,-15.064458,8.840951,-24.791237,61.461563,10.417714,7.527983,6.246208,5.1677256,-15.652899,9.432941,60.958412,-22.489695,7.617001,-2.923314,-8.056873,6.8760395,-4.1183915,52.62944,-16.070082,-9.399432,6.0705543,11.00105,-20.539837,5.4772406,-8.707575,-7.813835
308,-3.06625109911,177.8791008,104.71841430664062,-3.2567523985537883,-6.691325290503087,-90.11970532906031,-4.377051,1.2577567,14.607204,-2.6398008,-13.840485,-15.025302,8.701447,-24.781149,61.633095,10.208109,7.5489874,6.281703,5.693418,-15.750831,8.8567,61.454582,-22.479399,7.7670107,-3.0615642,-6.999522,6.8710427,-4.125659,52.868496,-16.276672,-9.781703,5.714198,11.071804,-20.946955,5.459288,-8.484562,-7.8823204
309,-2.99172824621,178.335063934,104.70366668701172,-3.3465692853812707,-6.596391771601562,-89.61385259180663,-4.809181,1.3085905,14.370341,-2.6138115,-13.568122,-14.998832,8.544986,-24.828928,61.84908,10.070325,7.6245227,6.35626,6.199948,-15.830636,8.231718,61.95947,-22.4312,7.9449406,-3.232572,-5.9568934,6.9129558,-3.9472392,52.999836,-16.399006,-10.086342,5.497209,11.181756,-21.355917,5.036059,-8.028425,-7.9352145
310,-2.92957854271,178.791313171,104.6966552734375,-3.4238958171878444,-6.476233092228752,-89.1066611163398,-5.2364607,1.3556783,14.108127,-2.5831738,-13.280914,-14.984266,8.370814,-24.924686,62.11909,9.977096,7.7406564,6.45697,6.6929502,-15.891681,7.5508533,62.47943,-22.351645,8.148185,-3.4294074,-4.9272346,6.9825025,-3.6193144,53.03442,-16.458157,-10.322168,5.252846,11.281303,-21.761011,4.6044846,-7.5626616,-7.992653
311,-2.89728581905,179.245723724,104.70394134521484,-3.4928987562200056,-6.334913412804154,-88.61658766691268,-5.6377354,1.4058315,13.833465,-2.5580251,-13.002723,-14.982289,8.182082,-25.05361,62.418137,9.919198,7.863324,6.5466213,7.1745386,-15.93593,6.8273582,62.97755,-22.238407,8.356666,-3.6288993,-3.9212153,7.0618796,-3.1943285,52.97161,-16.449532,-10.489562,4.926295,11.361332,-22.147818,4.297335,-7.158286,-8.064906
312,-2.84659343958,179.720069885,104.7032470703125,-3.554941886743343,-6.176117724169478,-88.16223017350397,-5.995268,1.4646667,13.559523,-2.543595,-12.750538,-14.989455,7.985143,-25.196894,62.71599,9.88773,7.9591584,6.5870967,7.6430326,-15.966924,6.0816255,63.419056,-22.08587,8.550347,-3.8088005,-2.9305246,7.1340322,-2.7166648,52.769356,-16.3458,-10.588408,4.54548,11.412038,-22.508577,4.0353436,-6.7509484,-8.133545
313,-2.77746963501,180.190063477,104.7016830444336,-3.6110902825600215,-5.996756183835354,-87.74358571221963,-6.3173323,1.5324132,13.284046,-2.529221,-12.524994,-14.997858,7.785378,-25.342243,63.00615,9.840344,8.04654,6.540403,8.089893,-15.987948,5.310335,63.814686,-21.860786,8.730702,-3.9721982,-1.9647518,7.2121806,-2.1580362,52.449142,-16.167362,-10.631578,4.031291,11.395021,-22.843369,4.0101438,-6.4465423,-8.192705
314,-2.73975628614,180.668403625,104.70835876464844,-3.661613632886476,-5.796366296361162,-87.352515733352,-6.614345,1.6052238,13.00316,-2.5099106,-12.315728,-15.002899,7.5848265,-25.494316,63.29107,9.796752,8.136869,6.4340706,8.513648,-15.999478,4.5142736,64.17759,-21.573593,8.905795,-4.127605,-1.0234091,7.29715,-1.5074344,52.024273,-15.921952,-10.615949,3.3998322,11.348127,-23.155018,4.1698785,-6.224966,-8.272513
315,-2.65927568078,181.172702789,104.70579528808594,-3.70783831966173,-5.584284023588255,-86.99449083560947,-6.8736906,1.6839405,12.728668,-2.5010765,-12.139162,-15.003701,7.385081,-25.658783,63.552197,9.83972,8.185803,6.3286457,8.918483,-16.000782,3.7245774,64.4832,-21.282362,9.065062,-4.261657,-0.085818395,7.354961,-0.83647025,51.438385,-15.558999,-10.517092,2.699717,11.248712,-23.434704,4.4146,-6.012083,-8.335683
316,-2.57121092081,181.690876007,104.70156860351562,-3.7515424470957677,-5.369797739205533,-86.67512679612939,-7.0850124,1.7673751,12.471731,-2.5154068,-12.00899,-14.99784,7.188052,-25.838108,63.771225,10.052593,8.148674,6.2851553,9.304318,-15.99132,2.9793005,64.71043,-21.042078,9.198721,-4.362733,0.8561249,7.3523893,-0.22120662,50.658768,-15.042622,-10.31014,1.9839995,11.137297,-23.672367,4.668386,-5.78727,-8.399693
317,-2.50105494261,182.212940216,104.69962310791016,-3.7878433962136184,-5.159226137003349,-86.40519571300932,-7.240531,1.8493447,12.2383,-2.5523722,-11.930067,-14.979974,6.9955335,-26.034836,63.940792,10.46813,8.029032,6.294767,9.665103,-15.972572,2.276405,64.86394,-20.85402,9.3011055,-4.421953,1.7919575,7.263025,0.29491472,49.718327,-14.187759,-9.993308,1.2540967,11.021103,-23.857843,4.9487624,-5.5662217,-8.47776
318,-2.43861152232,182.754318237,104.69574737548828,-3.8168756979107687,-4.946542438598199,-86.17906968241047,-7.348991,1.9294897,12.0211,-2.6042256,-11.894316,-14.95034,6.808898,-26.245405,64.06876,11.037612,7.846712,6.3348603,9.998868,-15.946757,1.6047409,64.95447,-20.691444,9.379013,-4.448706,2.7155643,7.1132827,0.7635995,48.627563,-13.075774,-9.575815,0.46986955,10.882956,-23.996727,5.307956,-5.3637257,-8.566861
319,-2.35243730247,183.296993256,104.6815414428711,-3.85269543168213,-4.721923406060927,-85.97735863678817,-7.428503,2.0170386,11.812162,-2.670097,-11.898165,-14.91188,6.629301,-26.459284,64.15621,11.723861,7.5820894,6.446665,10.305625,-15.913561,0.9965872,64.97718,-20.56362,9.440329,-4.4589086,3.6423087,6.94926,1.2494229,47.320107,-12.071068,-9.050478,-0.23515017,10.78225,-24.11448,5.470217,-5.057489,-8.647672
320,-2.24125624076,183.849384308,104.65410614013672,-3.9087971003646738,-4.475798635845705,-85.78082675461407,-7.5012336,2.119304,11.602875,-2.745309,-11.938081,-14.865225,6.4591427,-26.66028,64.20405,12.492769,7.216577,6.6717577,10.57869,-15.873501,0.4939994,64.93326,-20.47484,9.493146,-4.4711876,4.589935,6.809956,1.8111434,45.73043,-11.541406,-8.413188,-0.90243995,10.723215,-24.224693,5.4767056,-4.660272,-8.722043
321,-2.12522733957,184.421424866,104.6142807006836,-4.001449851087569,-4.198899009821328,-85.58694056094245,-7.5735173,2.255466,11.381029,-2.819824,-12.010517,-14.789053,6.2986245,-26.848421,64.20288,13.463115,6.69055,7.0773087,10.805803,-15.834617,0.1179832,64.84581,-20.445087,9.529324,-4.481557,5.5901017,6.6990585,2.4585752,43.77749,-11.644545,-7.6194,-1.6233021,10.703554,-24.322405,5.4854226,-4.2490373,-8.804653
322,-2.02147863805,185.004291534,104.56143951416016,-4.121091022638857,-3.899500890217174,-85.40497674936609,-7.6403003,2.4140296,11.15532,-2.892819,-12.118987,-14.684697,6.149167,-27.021404,64.1507,14.617189,6.0397415,7.629435,10.984999,-15.800913,-0.14148292,64.714485,-20.45677,9.54809,-4.484487,6.629549,6.585816,3.1504827,41.512043,-12.164401,-6.691794,-2.3755562,10.726093,-24.40348,5.4890523,-3.8317137,-8.902255
323,-1.91742253304,185.60369873,104.50304412841797,-4.231703944105962,-3.594362599351881,-85.23251249390097,-7.7069945,2.5554662,10.948448,-2.9725559,-12.267574,-14.584414,6.016666,-27.159967,64.05454,15.71466,5.38616,8.212605,11.124043,-15.763693,-0.2907178,64.50438,-20.461798,9.568526,-4.49666,7.6539693,6.4551196,3.8647811,39.073944,-12.913889,-5.732117,-3.2552435,10.684322,-24.464643,5.734595,-3.5224085,-8.998326
324,-1.8328499496,186.228710175,104.43240356445312,-4.307201064399407,-3.2991588876209588,-85.06675813343224,-7.78,2.6383612,10.7823305,-3.0668578,-12.468071,-14.518396,5.9101415,-27.24346,63.916557,16.511446,4.8440766,8.701848,11.227871,-15.706214,-0.33449587,64.18477,-20.41434,9.610045,-4.537508,8.622984,6.2920794,4.5938177,36.568295,-13.688281,-4.84417,-4.2573895,10.553557,-24.509607,6.2329826,-3.323097,-9.101736
325,-1.74783092737,186.875091553,104.36632537841797,-4.3464096287270895,-3.0061378868517163,-84.90543719216814,-7.861997,2.6629436,10.654632,-3.1773813,-12.726129,-14.474476,5.838205,-27.252201,63.693226,16.91438,4.441602,9.06133,11.289836,-15.61945,-0.26616925,63.75557,-20.293556,9.692254,-4.630023,9.527423,6.1039762,5.381229,33.950405,-14.568788,-4.039132,-5.2365932,10.392003,-24.548307,6.6567883,-3.0686219,-9.204943
326,-1.66496574879,187.531524658,104.31168365478516,-4.365416284553623,-2.7101240199113956,-84.75048650942759,-7.9521422,2.6422873,10.556657,-3.2959573,-13.036949,-14.435176,5.804446,-27.197897,63.38075,17.062223,4.1171637,9.348872,11.30767,-15.505425,-0.08464383,63.231792,-20.131977,9.801728,-4.761492,10.3898945,5.882842,6.2132874,31.18061,-15.620218,-3.2810178,-6.1105676,10.261056,-24.58538,6.824994,-2.6769578,-9.311109
327,-1.56932222843,188.189037323,104.26409149169922,-4.344357538605459,-2.4317874280691054,-84.60557040798176,-8.047333,2.5562057,10.500688,-3.418132,-13.387214,-14.427608,5.808082,-27.11541,63.047745,17.053144,3.845293,9.577175,11.297061,-15.363991,0.18949021,62.59885,-19.966194,9.909235,-4.8967767,11.215028,5.6028047,7.0079093,28.380419,-16.620949,-2.60136,-6.966657,10.0726185,-24.609177,6.994361,-2.2800102,-9.397381
328,-1.49204361439,188.867534637,104.22085571289062,-4.269946689707428,-2.1913425588995032,-84.47430624851798,-8.137944,2.3842592,10.4986925,-3.5454838,-13.7599745,-14.486487,5.8442764,-27.048782,62.772495,16.982208,3.6005237,9.761821,11.282341,-15.193244,0.52408683,61.834373,-19.837038,9.987016,-4.999611,12.00371,5.245495,7.6916327,25.677692,-17.392677,-2.027919,-7.7902923,9.829646,-24.618322,7.1608667,-1.8777447,-9.476507
329,-1.42829746008,189.574142456,104.1795883178711,-4.130370338744134,-1.9959798396572188,-84.35900897784775,-8.210203,2.1178274,10.564544,-3.6905892,-14.170714,-14.631014,5.909656,-27.011135,62.572098,16.763187,3.3711696,9.8849535,11.282964,-14.985867,0.91165775,60.896523,-19.732178,10.042506,-5.0766687,12.774946,4.8032694,8.277581,23.0629,-18.004143,-1.6146013,-8.619156,9.496419,-24.602894,7.406416,-1.4994895,-9.545193
330,-1.37898552418,190.282466888,104.14926147460938,-3.939053502326481,-1.8332111624443879,-84.25717102673953,-8.262783,1.769443,10.6872835,-3.8574226,-14.620256,-14.84986,6.002181,-26.994028,62.418056,16.375925,3.1705222,9.946301,11.297316,-14.7395115,1.3522505,59.79482,-19.643003,10.088416,-5.1417966,13.529282,4.2864127,8.808434,20.46387,-18.61077,-1.3547945,-9.371162,9.12901,-24.571148,7.560068,-1.0779209,-9.604545
331,-1.32904905081,191.011768341,104.1279296875,-3.703009594976474,-1.6960067189283612,-84.16503378014826,-8.304425,1.3527699,10.842423,-4.037113,-15.076954,-15.133642,6.116206,-27.008688,62.32309,16.015177,3.0098245,9.989978,11.316559,-14.460316,1.8243989,58.585575,-19.615608,10.103122,-5.1679206,14.274326,3.7074628,9.273165,17.863907,-19.20304,-1.1856428,-10.063252,8.727503,-24.52583,7.6167455,-0.60077083,-9.648175
332,-1.27164667845,191.749031067,104.11006164550781,-3.432495192255735,-1.5773558337016265,-84.07910455280609,-8.341564,0.8844268,11.005631,-4.224184,-15.50814,-15.478195,6.2428384,-27.07086,62.30639,15.87408,2.8986094,10.062093,11.334499,-14.158163,2.3008106,57.322388,-19.69789,10.063611,-5.125308,15.02822,3.0796316,9.659986,15.224462,-19.711973,-1.0427476,-10.732449,8.284581,-24.467607,7.6505976,-0.112448975,-9.6688
333,-1.23185610771,192.497682571,104.09007263183594,-3.118588404128859,-1.4837645716684786,-83.98978870370779,-8.375225,0.35479918,11.18374,-4.431008,-15.918781,-15.9171505,6.373448,-27.21547,62.416763,16.049496,2.8304691,10.189351,11.354227,-13.835212,2.7857876,55.993404,-19.906908,9.954268,-4.9960856,15.842742,2.3880727,9.95029,12.445855,-19.962292,-0.89984536,-11.400841,7.788507,-24.406433,7.727744,0.3472503,-9.673076
334,-1.21874785423,193.265825272,104.07389068603516,-2.761211430178562,-1.416071878966272,-83.90033915277748,-8.396503,-0.23541915,11.383925,-4.6627383,-16.318405,-16.452524,6.5032387,-27.434967,62.647026,16.42014,2.7999501,10.34559,11.38623,-13.48967,3.2827165,54.57201,-20.214266,9.789873,-4.7980824,16.80714,1.6135235,10.171919,9.364715,-19.78093,-0.7816882,-12.010364,7.274901,-24.344582,7.705217,0.85617447,-9.67246
335,-1.22048735619,194.0343647,104.05601501464844,-2.386176852431717,-1.357211774107145,-83.82439762188528,-8.401327,-0.85089314,11.582149,-4.9022045,-16.688444,-17.031256,6.630029,-27.67361,62.93039,16.857342,2.8175697,10.495835,11.431051,-13.127044,3.764996,53.09271,-20.601488,9.591698,-4.5531216,17.829071,0.8016747,10.334353,6.152161,-19.238728,-0.6967864,-12.611625,6.7199264,-24.251328,7.7681403,1.2729763,-9.630104
336,-1.22226053476,194.825218201,104.02403259277344,-2.0234065853671797,-1.2882260326489452,-83.77271953846588,-8.392874,-1.4517255,11.754701,-5.128397,-17.007349,-17.5953,6.75399,-27.864647,63.193684,17.237928,2.8925872,10.602219,11.485683,-12.75455,4.209769,51.590824,-21.049303,9.380421,-4.280703,17.262857,0.29541427,10.048012,6.019893,-19.934452,-0.6574396,-13.215502,6.1979575,-24.108727,7.8158984,1.6330827,-9.537707
337,-1.22671753168,195.611732483,103.98583221435547,-1.6981216914953878,-1.190700541183958,-83.73630659700373,-8.388445,-2.0106463,11.880501,-5.332439,-17.265654,-18.137125,6.874592,-27.988081,63.435432,17.57942,3.0433993,10.661275,11.556579,-12.378494,4.6177983,50.05004,-21.58046,9.141736,-3.9640217,16.66134,-0.15169857,9.755637,5.8961344,-20.324865,-0.6277317,-13.832199,5.7396274,-23.915411,7.8399777,1.868167,-9.338021
338,-1.235907197,196.384191513,103.93521881103516,-1.3981053674121133,-1.0752454735567927,-83.70326379780253,-8.396371,-2.5428412,11.975141,-5.5228457,-17.47694,-18.68109,6.9913297,-28.06669,63.68634,17.939999,3.2582424,10.686929,11.639634,-11.999879,5.006493,48.459515,-22.191505,8.870153,-3.5986712,16.039867,-0.5465686,9.451229,5.7837815,-20.428387,-0.58769983,-14.454469,5.326266,-23.676394,7.8450475,1.9071443,-8.97185
339,-1.25547641516,197.161373138,103.86734008789062,-1.100061102157229,-0.9675267084228488,-83.68190552538697,-8.404005,-3.0731933,12.069846,-5.705209,-17.653334,-19.218376,7.107262,-28.099445,63.92326,18.256763,3.5018408,10.669416,11.716959,-11.618438,5.3746777,46.861683,-22.827396,8.600478,-3.2222068,15.393859,-0.92692566,9.147581,5.694453,-20.27582,-0.51952386,-15.062829,4.9272013,-23.38095,7.839654,1.7015585,-8.394679
340,-1.27535718679,197.949516296,103.80217742919922,-0.7701485571147902,-0.8997712267675239,-83.68983838071108,-8.390082,-3.6374798,12.202187,-5.8831863,-17.807112,-19.735727,7.228523,-28.081413,64.11686,18.468796,3.740028,10.599454,11.768296,-11.233279,5.7204123,45.302578,-23.437155,8.367668,-2.871307,14.804303,-1.3522964,8.881057,5.624226,-19.979223,-0.4119303,-15.630945,4.5019937,-23.018427,7.8316703,1.2497323,-7.579695
341,-1.30448317528,198.753040314,103.74590301513672,-0.3857016699077646,-0.8894088329403727,-83.74153903655568,-8.3411875,-4.2601013,12.392102,-6.0566435,-17.931686,-20.230719,7.3618865,-27.995958,64.251854,18.545454,3.9802225,10.460986,11.789719,-10.840404,6.0397124,43.76543,-24.03649,8.182085,-2.5405517,14.292184,-1.8505569,8.666566,5.571274,-19.60766,-0.27163932,-16.139141,4.0261054,-22.584723,7.8192225,0.5803807,-6.5493116
342,-1.34675812721,199.549434662,103.7004623413086,0.04144801445073361,-0.9275711293324921,-83.83801689406131,-8.25912,-4.9303083,12.6287985,-6.220714,-18.02657,-20.703117,7.5106115,-27.846245,64.3352,18.52546,4.2379875,10.263423,11.785036,-10.43901,6.3370013,42.24192,-24.646957,8.022437,-2.2157493,13.771143,-2.3956118,8.489327,5.540787,-19.14757,-0.11474444,-16.593191,3.5123012,-22.091444,7.8040833,-0.26730353,-5.3642945
343,-1.38613247871,200.344854355,103.69385528564453,0.48828323859990663,-1.0027112676322096,-83.9731094124493,-8.149487,-5.626067,12.900021,-6.371729,-18.107397,-21.144701,7.674407,-27.660381,64.37105,18.448353,4.492242,10.037075,11.745393,-10.037704,6.621171,40.790485,-25.227518,7.8777547,-1.9178033,13.301658,-2.993642,8.362012,5.5199933,-18.696617,0.06460462,-16.57712,3.1476307,-21.658157,6.90848,-0.7693919,-4.073926
344,-1.42178416252,201.124717712,103.68743133544922,0.9415376280665896,-1.1020218736914595,-84.14175170623719,-8.017102,-6.3316483,13.190794,-6.50726,-18.195751,-21.545307,7.8513036,-27.467928,64.36627,18.350382,4.7190175,9.812229,11.663828,-9.644899,6.9089274,39.466484,-25.724792,7.7392945,-1.6689638,12.86884,-3.609048,8.285514,5.5088086,-18.260033,0.24735363,-16.389587,2.8177097,-21.257404,5.748152,-1.1176637,-2.7190216
345,-1.45629948378,201.912776947,103.6733627319336,1.4079219560599407,-1.233194848566476,-84.36101109053585,-7.844094,-7.052793,13.512467,-6.6272984,-18.288769,-21.907928,8.040509,-27.26381,64.30978,18.237104,4.9171243,9.58557,11.546863,-9.266073,7.2023563,38.246708,-26.114252,7.615079,-1.4660429,12.475194,-4.2522635,8.275357,5.5065193,-17.833982,0.43546376,-16.625502,2.2823207,-20.765083,5.567929,-1.844082,-1.3273455
346,-1.49448603392,202.694807053,103.65411376953125,1.8942422913929184,-1.3987524277566576,-84.63038146521356,-7.631812,-7.79496,13.870457,-6.7324944,-18.379757,-22.2347,8.242562,-27.0367,64.20273,18.088345,5.097393,9.345715,11.395536,-8.901745,7.4987483,37.11232,-26.418919,7.508721,-1.2997987,12.1272135,-4.9255714,8.327769,5.512,-17.419172,0.62434316,-16.902128,1.6921673,-20.25384,5.5699935,-2.5012107,0.015479091
347,-1.53367555141,203.462499619,103.6307373046875,2.3846118115300845,-1.578311665012043,-84.91649035380908,-7.4156113,-8.536746,14.240146,-6.821044,-18.475046,-22.516417,8.456694,-26.808949,64.07357,17.90029,5.2537823,9.111708,11.195321,-8.553981,7.8021674,36.127266,-26.661371,7.405486,-1.182758,11.808731,-5.6025076,8.408999,5.518585,-17.012854,0.8137163,-17.150558,1.0962073,-19.745216,5.5715814,-2.9915147,1.2678623
348,-1.57279545069,204.210481644,103.6128158569336,2.86221711434923,-1.7485281532207786,-85.1831395461254,-7.2329,-9.257201,14.590769,-6.892813,-18.583183,-22.746798,8.680797,-26.60895,63.95224,17.664276,5.379929,8.9034605,10.9328,-8.224853,8.116822,35.354946,-26.861652,7.2904367,-1.1284186,11.493225,-6.255091,8.481857,5.522182,-16.607046,1.0025554,-17.38534,0.505885,-19.24064,5.5743423,-3.406955,2.487177
349,-1.60291171074,204.942649841,103.59562683105469,3.355446713698681,-1.90965825131166,-85.4174344997471,-7.0521054,-9.954143,14.931527,-7.001208,-18.726305,-22.997229,8.843637,-26.487215,63.930805,17.382421,5.43949,8.747557,10.678456,-7.9963164,8.417177,34.699383,-26.955381,7.16468,-1.1217004,11.175974,-6.9233813,8.524677,5.519002,-16.194366,1.2072607,-17.668615,-0.11486657,-18.740076,5.5793195,-3.7845812,3.838464
350,-1.63021790981,205.660293579,103.57994842529297,3.863861416128541,-2.0862197086273753,-85.6322139374292,-6.9122353,-10.679447,15.266035,-7.080598,-18.877691,-23.19289,9.025631,-26.376444,63.90371,17.063044,5.4693546,8.619151,10.342949,-7.7558064,8.750625,34.263844,-27.002735,7.034019,-1.1856385,10.883579,-7.6058517,8.556527,5.5183706,-15.785596,1.4209926,-17.850468,-0.7652055,-18.276918,5.5582457,-4.2176423,5.338957
351,-1.66174215078,206.365865707,103.57926177978516,4.317948518025676,-2.243944490708302,-85.85237388623021,-6.754086,-11.316611,15.592493,-7.192177,-19.038227,-23.38445,9.175776,-26.300793,63.94728,16.695839,5.453515,8.498518,10.0127,-7.566918,9.04055,33.94298,-26.999384,6.911974,-1.2955822,10.581552,-8.214647,8.613029,5.514754,-15.374526,1.6177546,-18.017454,-1.3554097,-17.78563,5.550548,-4.5739145,6.653357
352,-1.67839246988,207.061218262,103.60562896728516,4.638194102228912,-2.368958551948174,-86.09297931493752,-6.637177,-11.81996,15.860714,-7.21042,-19.14646,-23.46474,9.360425,-26.221087,63.96394,16.242933,5.4610085,8.372828,9.540827,-7.3493924,9.359536,33.983128,-26.999628,6.7731543,-1.5021868,10.257206,-8.664428,8.72336,5.5109825,-14.966839,1.7852756,-18.14201,-1.7804716,-17.235844,5.5501385,-4.7540097,7.4728346
353,-1.66643071175,207.74083519,103.66787719726562,4.798507148475207,-2.445129226014123,-86.34407522374666,-6.5545645,-12.151629,16.078728,-7.202147,-19.228905,-23.465195,9.572708,-26.150742,63.996593,15.655597,5.4365506,8.234018,8.981246,-7.124423,9.660088,34.31224,-27.003033,6.6167917,-1.8250493,9.892967,-8.929194,8.8784685,5.507428,-14.561791,1.9251428,-18.21679,-2.0104024,-16.593267,5.5625243,-4.731692,7.6202435
354,-1.63665032387,208.402832031,103.76051330566406,4.8454212547985565,-2.480433334542884,-86.60032874616533,-6.485005,-12.340431,16.25717,-7.1887064,-19.301023,-23.42099,9.779131,-26.110813,64.06872,14.959246,5.375848,8.092516,8.379095,-6.927098,9.925172,34.857323,-26.981033,6.4448977,-2.2368722,9.494746,-9.058429,9.06194,5.5043497,-14.1582575,2.0444925,-18.262938,-2.0958676,-15.87502,5.5860696,-4.536782,7.3016133
355,-1.59064698219,209.046882629,103.87051391601562,4.797024524272985,-2.5010511244720943,-86.8882964344341,-6.3650527,-12.388606,16.429953,-7.197538,-19.361568,-23.378643,9.927067,-26.09033,64.221146,14.286757,5.3173423,7.9460726,7.7941084,-6.795836,10.133995,35.496098,-26.922197,6.299341,-2.638515,9.096857,-9.078276,9.296788,5.5005865,-13.76691,2.1461484,-18.202469,-2.0601707,-15.150121,5.596706,-4.225616,6.81567
356,-1.5318364501,209.667316437,103.98040771484375,4.726368733543305,-2.5175556265370567,-87.22022418227475,-6.291688,-12.451747,16.549011,-7.0922885,-19.370369,-23.171726,10.187724,-25.993258,64.213425,13.715235,5.385027,7.7719703,7.070582,-6.5997176,10.445782,36.382725,-26.87829,6.221941,-2.9922206,8.715893,-9.078831,9.579505,5.5011373,-13.404661,2.2457175,-18.057718,-2.004147,-14.455567,5.6521688,-3.8731837,6.4572115
357,-1.44716536999,210.285718918,104.09518432617188,4.585630453466278,-2.5483808048004835,-87.62373566505713,-6.123933,-12.389105,16.69071,-7.003963,-19.36185,-22.959337,10.378024,-25.840588,64.25415,13.3759575,5.5306587,7.5642505,6.392283,-6.4901457,10.687753,37.28976,-26.79562,6.2369146,-3.2180762,8.365296,-9.012312,9.946948,5.497034,-13.058476,2.341232,-17.764133,-1.8701147,-13.805678,5.706451,-3.450727,6.2612367
358,-1.34770435095,210.882843018,104.22119140625,4.370038797631334,-2.584238872348525,-88.07725256143392,-5.9040146,-12.211233,16.827044,-6.9146633,-19.326664,-22.739326,10.503979,-25.651468,64.37478,13.18374,5.7186737,7.341481,5.7142673,-6.447001,10.921071,38.298836,-26.654202,6.3250675,-3.3919942,8.037226,-8.860343,10.378347,5.4966,-12.734494,2.422332,-17.609385,-1.7232442,-13.100347,6.284962,-3.202401,6.088722
359,-1.25397223234,211.44354248,104.3492431640625,4.117228276851151,-2.627016504663531,-88.54812695160008,-5.662617,-11.966536,16.953218,-6.823178,-19.262962,-22.50161,10.581361,-25.436687,64.54274,13.061072,5.928956,7.1210675,5.0448422,-6.4580483,11.171092,39.348263,-26.48613,6.4484973,-3.512648,7.7439213,-8.6533575,10.836839,5.500482,-12.440848,2.482687,-17.83152,-1.6456194,-12.303428,7.799272,-3.3903244,5.9403663
360,-1.16232585907,211.999174118,104.47561645507812,3.8688275750482752,-2.6801391386235864,-89.00189837949463,-5.4002767,-11.698603,17.077362,-6.7600493,-19.172667,-22.271551,10.611685,-25.257132,64.75632,12.910924,6.1378574,6.9239607,4.4298964,-6.505244,11.40139,40.33635,-26.347748,6.56399,-3.5621953,7.465349,-8.443009,11.278781,5.5002904,-12.146579,2.538816,-18.055676,-1.5868162,-11.555648,9.497744,-3.7118993,5.8181167
361,-1.06451523304,212.546462059,104.58702087402344,3.6230555615370084,-2.7566944129881557,-89.45139507609618,-5.167487,-11.417502,17.195724,-6.659934,-19.04895,-21.976746,10.624044,-25.010963,64.95109,12.754035,6.3641877,6.7423778,3.7928905,-6.6204348,11.744508,41.32919,-26.136728,6.6990232,-3.547115,7.220189,-8.234946,11.720071,5.5009704,-11.864383,2.5929377,-18.232841,-1.5372499,-10.858792,11.323264,-4.1582675,5.725491
362,-0.962109446526,213.068343163,104.69152069091797,3.3738893310897655,-2.8594532002896806,-89.89996825406418,-4.923978,-11.106028,17.322496,-6.5604215,-18.895224,-21.653019,10.608785,-24.763905,65.1518,12.595153,6.6172113,6.5689487,3.1762905,-6.79046,12.107228,42.30855,-25.895388,6.8559937,-3.4524896,7.025696,-8.021266,12.167999,5.500905,-11.606237,2.6410441,-18.37338,-1.5046808,-10.201806,13.319523,-4.720255,5.6587386
363,-0.860095381737,213.571578026,104.7901611328125,3.1389866930021033,-2.970657034396066,-90.30479001133808,-4.7062845,-10.792522,17.43757,-6.4691997,-18.720615,-21.3021,10.572044,-24.527628,65.348625,12.439646,6.867831,6.4118314,2.6087775,-6.9994216,12.475333,43.22799,-25.718334,7.0007925,-3.3175054,6.847627,-7.8175335,12.572165,5.501503,-11.354168,2.6911664,-18.513788,-1.5228738,-9.608723,15.46582,-5.3610916,5.6074867
364,-0.766134023666,214.057929993,104.87751770019531,2.93773008856268,-3.069471922172576,-90.62481830265436,-4.5504346,-10.503455,17.521473,-6.393799,-18.536583,-20.921856,10.5246725,-24.312164,65.52322,12.29256,7.0885024,6.276999,2.1197784,-7.231769,12.83313,44.037197,-25.700167,7.0988507,-3.179575,6.6572843,-7.6410894,12.884154,5.5021873,-11.096708,2.7495508,-18.649052,-1.6141156,-9.114653,17.67588,-6.0196347,5.565685
365,-0.6813788414,214.519274712,104.95413208007812,2.7652079284348114,-3.145483896732021,-90.84653929850276,-4.4691386,-10.23787,17.566513,-6.332448,-18.33725,-20.500216,10.473613,-24.123495,65.65185,12.154444,7.29304,6.1709323,1.708745,-7.4777417,13.180941,44.732864,-25.939781,7.1236258,-3.0233383,6.4499345,-7.486489,13.090586,5.501108,-10.835186,2.8174343,-18.794182,-1.7702782,-8.731521,19.953142,-6.657735,5.535761
366,-0.602138400078,214.955312729,105.02102661132812,2.609564919587843,-3.2075679057232636,-90.99629035334087,-4.44089,-9.985831,17.582817,-6.27866,-18.120037,-20.035526,10.421936,-23.955925,65.73828,12.019676,7.4930763,6.0872264,1.3543962,-7.735982,13.519081,45.348213,-26.373716,7.0968733,-2.8378246,6.2366076,-7.3444166,13.221224,5.499535,-10.575194,2.8907413,-18.891478,-1.9736046,-8.451268,22.249548,-7.2844663,5.5211673
367,-0.525612831116,215.390836716,105.08323669433594,2.477826221968223,-3.26074281520359,-91.09425957785028,-4.446149,-9.754509,17.579512,-6.236601,-17.90236,-19.542686,10.3751955,-23.806154,65.80288,11.881018,7.658876,6.012628,1.059806,-8.000833,13.825418,45.882675,-26.854643,7.055909,-2.6648524,6.008519,-7.2261305,13.293218,5.4978228,-10.307832,2.9697022,-18.919031,-2.2273467,-8.255085,24.508186,-7.9302,5.510332
368,-0.469402432442,215.80553627,105.13440704345703,2.377768079069425,-3.310261462712221,-91.16075096089875,-4.4640656,-9.550715,17.565603,-6.21166,-17.701025,-19.03707,10.339721,-23.67409,65.864845,11.729494,7.7613525,5.9335675,0.8296701,-8.26309,14.072988,46.336246,-27.239742,7.037596,-2.544366,5.787294,-7.1320753,13.328904,5.4949207,-10.04923,3.036933,-18.879042,-2.5315857,-8.118774,26.686802,-8.616582,5.488467
369,-0.42292201519,216.213098526,105.17058563232422,2.3145662917491996,-3.356546217031409,-91.18813794479375,-4.4979177,-9.381362,17.543283,-6.2093186,-17.519127,-18.517328,10.320808,-23.562057,65.922676,11.551318,7.7799153,5.8467584,0.66920847,-8.517207,14.255241,46.696262,-27.536764,7.0456343,-2.4747453,5.5615153,-7.0743546,13.315613,5.4952183,-9.794665,3.0996976,-18.734638,-2.893505,-8.078495,28.75337,-9.378712,5.460381
370,-0.385867238045,216.605077267,105.20188903808594,2.2784876959590474,-3.394768523302925,-91.17263087597328,-4.553976,-9.240728,17.506823,-6.224328,-17.349514,-17.97379,10.320323,-23.471653,65.96138,11.352208,7.7371516,5.758103,0.5717516,-8.761868,14.380079,46.97422,-27.81472,7.0612526,-2.4384604,5.33229,-7.0422616,13.252101,5.496023,-9.545005,3.1579301,-18.52906,-3.304043,-8.1240635,30.780054,-10.205309,5.428774
371,-0.366645336151,216.993035316,105.23355102539062,2.2637782717240245,-3.4226509061688684,-91.14067965814024,-4.615172,-9.12084,17.451614,-6.246422,-17.189426,-17.411243,10.338392,-23.401562,65.98371,11.153132,7.667955,5.668287,0.5262523,-8.994198,14.439692,47.2065,-28.024548,7.087782,-2.4503264,5.0925775,-7.024773,13.16944,5.4948444,-9.291652,3.2089138,-18.26777,-3.7377696,-8.192699,32.751945,-11.0323515,5.389536
372,-0.341667294502,217.364962578,105.26017761230469,2.2589497613634673,-3.4378213237710136,-91.11708391587118,-4.6647973,-9.010755,17.373,-6.266239,-17.03872,-16.836882,10.373086,-23.351852,65.99517,10.97533,7.6072006,5.5796146,0.5204954,-9.212371,14.422102,47.43094,-28.121233,7.1273303,-2.523321,4.848634,-7.0246086,13.09876,5.49512,-9.049343,3.2662225,-17.98191,-4.1648216,-8.217554,34.659447,-11.778473,5.3333282
373,-0.328831791878,217.737376213,105.27290344238281,2.2660316093365416,-3.437309537628366,-91.09859837541187,-4.70653,-8.911964,17.26532,-6.2855887,-16.899117,-16.25042,10.423864,-23.333183,66.000015,10.817271,7.5470324,5.4904757,0.5643425,-9.413969,14.315317,47.643085,-28.077574,7.181767,-2.6802514,4.5870605,-7.03302,13.037667,5.4930716,-8.800878,3.3238623,-17.66248,-4.5914326,-8.205823,36.498577,-12.413968,5.2508655
374,-0.312233567238,218.089562416,105.28019714355469,2.2869984813149022,-3.422599487616195,-91.07536316484071,-4.7440042,-8.828238,17.131617,-6.310333,-16.76916,-15.653389,10.490346,-23.346525,66.000084,10.668294,7.4740453,5.401809,0.662644,-9.598428,14.121756,47.828888,-27.927023,7.2471404,-2.9066725,4.3212123,-7.061861,12.974858,5.492969,-8.5646925,3.387202,-17.302748,-5.0238295,-8.1859255,38.278923,-12.983673,5.15065
375,-0.296189069748,218.429495335,105.28520202636719,2.317843031494931,-3.3988400284896003,-91.06374979504247,-4.7605147,-8.749967,16.982079,-6.3366456,-16.645916,-15.0531645,10.56915,-23.372593,65.99453,10.538316,7.4134536,5.317677,0.7967179,-9.765428,13.856654,48.00852,-27.709497,7.317002,-3.1615968,4.0510845,-7.102615,12.924356,5.491364,-8.333024,3.450258,-16.900555,-5.4329047,-8.13242,39.963062,-13.506025,5.052035
376,-0.284301519394,218.782159328,105.29180908203125,2.3531372065406533,-3.370976928826478,-91.08017733378766,-4.7415924,-8.66885,16.825733,-6.3582625,-16.525126,-14.455371,10.655669,-23.38585,65.98356,10.441718,7.3897715,5.242555,0.94393456,-9.915795,13.539356,48.205982,-27.463871,7.385871,-3.4047372,3.7726803,-7.1454043,12.899331,5.491826,-8.101887,3.5079086,-16.444818,-5.792376,-8.021889,41.502323,-13.999268,4.974486
377,-0.287469863892,219.135336399,105.28854370117188,2.3950837874008397,-3.3411651524735237,-91.12953870142759,-4.688148,-8.585012,16.663492,-6.3694134,-16.412304,-13.856677,10.746196,-23.378254,65.96293,10.404981,7.421217,5.1737757,1.1019175,-10.04916,13.161398,48.426617,-27.184525,7.4532104,-3.63602,3.495404,-7.186833,12.905125,5.488563,-7.872021,3.551191,-15.92793,-6.104525,-7.8340573,42.889362,-14.483986,4.910631
378,-0.285569667816,219.469758987,105.28528594970703,2.4464704532310892,-3.306508271543819,-91.20358590117193,-4.6070633,-8.502616,16.489655,-6.3734136,-16.306076,-13.256409,10.840016,-23.35729,65.93975,10.418587,7.48876,5.1107945,1.2793674,-10.165897,12.719033,48.66177,-26.855703,7.5209103,-3.8738227,3.222462,-7.2414985,12.935064,5.4913783,-7.661147,3.5927758,-15.367093,-6.382661,-7.58316,44.166332,-14.954693,4.8535743
379,-0.275614857674,219.802932739,105.2872543334961,2.495793279140978,-3.2636496659899215,-91.29803799779505,-4.4959745,-8.4148655,16.304508,-6.3759804,-16.19538,-12.659635,10.9372015,-23.318047,65.92277,10.442091,7.5616517,5.0600834,1.4683648,-10.265364,12.248699,48.910206,-26.492966,7.589167,-4.1075854,2.9421697,-7.2973437,12.984816,5.4906535,-7.450038,3.6372163,-14.768489,-6.6152387,-7.305055,45.31552,-15.367432,4.8220663
380,-0.278041005135,220.133936405,105.29060363769531,2.534011769699064,-3.20944850313642,-91.40876128916642,-4.3574147,-8.316787,16.106272,-6.37765,-16.070099,-12.066257,11.039979,-23.247099,65.91788,10.438119,7.609496,5.0279145,1.6543571,-10.349117,11.7951975,49.178844,-26.10946,7.6591806,-4.3287997,2.6543205,-7.3302007,13.051743,5.490996,-7.241361,3.6726544,-14.134943,-6.789823,-7.0369034,46.306606,-15.669264,4.8334723
381,-0.290988206863,220.465551376,105.29180908203125,2.553493044210386,-3.1401449804209345,-91.5438284590108,-4.1902733,-8.202431,15.889203,-6.3696365,-15.924575,-11.462129,11.1506405,-23.1324,65.91753,10.402042,7.6238766,5.015871,1.8323377,-10.418946,11.367021,49.479588,-25.66037,7.7353306,-4.556846,2.3506904,-7.331521,13.14422,5.4906487,-7.0293617,3.7001634,-13.458374,-6.891057,-6.7527175,47.11829,-15.854704,4.9193263
382,-0.307247400284,220.799306154,105.29996490478516,2.5603932439756885,-3.058129874241782,-91.70228046032338,-4.000711,-8.07725,15.654624,-6.3477783,-15.765457,-10.841818,11.270199,-22.972836,65.911156,10.354713,7.6225214,5.019361,2.0027092,-10.475292,10.955115,49.810974,-25.148195,7.8159738,-4.791149,2.03489,-7.313031,13.260351,5.488597,-6.815883,3.723477,-12.74563,-6.934499,-6.441159,47.781612,-15.955553,5.0611277
383,-0.325371384621,221.121072054,105.30702209472656,2.5636576224449334,-2.970183576186975,-91.8666426157226,-3.8021898,-7.9563837,15.411394,-6.318537,-15.597982,-10.217934,11.400146,-22.771887,65.899376,10.297172,7.6146207,5.0356236,2.157378,-10.519401,10.579816,50.16101,-24.657413,7.8944774,-4.9938426,1.7188919,-7.2874274,13.381324,5.487969,-6.608417,3.744143,-12.001501,-6.9537663,-6.167909,48.302917,-15.952941,5.2004313
384,-0.360962033272,221.447841644,105.3132553100586,2.575738545840488,-2.8826955288779055,-92.01941231771944,-3.610711,-7.8547597,15.168567,-6.2858057,-15.42363,-9.600346,11.542596,-22.530596,65.87946,10.230206,7.6096134,5.0621305,2.2853813,-10.552631,10.267815,50.519753,-24.268175,7.966056,-5.1285353,1.3985372,-7.2602253,13.486352,5.486448,-6.3911695,3.7569973,-11.231729,-6.981974,-5.998428,48.692425,-15.830004,5.2787447
385,-0.411381840706,221.778349876,105.32276916503906,2.5888226221725144,-2.792645914371653,-92.16164586881949,-3.4273121,-7.7665734,14.922898,-6.244561,-15.240675,-8.982791,11.699658,-22.236837,65.84556,10.166588,7.608803,5.105449,2.3751872,-10.577322,10.03474,50.90604,-23.986202,8.028431,-5.1850796,1.0694598,-7.2228913,13.575163,5.4858594,-6.1645455,3.7607105,-10.450876,-7.0077653,-5.92664,48.967392,-15.497473,5.250832
386,-0.452150225639,222.12161541,105.3278579711914,2.599765867185934,-2.698315252674448,-92.30083232035358,-3.2499688,-7.688273,14.671732,-6.189286,-15.048147,-8.353713,11.872409,-21.885649,65.79015,10.103101,7.6091814,5.163472,2.4297128,-10.594865,9.874162,51.321342,-23.768795,8.086657,-5.1844563,0.7344131,-7.1892014,13.657008,5.4790387,-5.9305253,3.7711642,-9.647776,-7.0213366,-5.926154,49.10954,-14.987502,5.1568956
387,-0.492560386658,222.457469344,105.33007049560547,2.627855110544872,-2.607930784949444,-92.42842759092005,-3.0880156,-7.637898,14.424669,-6.1261497,-14.854923,-7.718943,12.061421,-21.49313,65.71247,10.015032,7.613369,5.2209773,2.4615142,-10.605727,9.774144,51.72831,-23.627125,8.146892,-5.1361938,0.3954836,-7.174257,13.7243805,5.4924636,-5.707608,3.7866662,-8.8031025,-7.0582333,-6.02751,49.10359,-14.48151,5.0668416
388,-0.560820698738,222.795938015,105.31980895996094,2.691269371286615,-2.5294747712012198,-92.53581835959334,-2.9478295,-7.6331005,14.191171,-6.064597,-14.669675,-7.088883,12.26674,-21.082376,65.61667,9.874564,7.6236424,5.263996,2.486869,-10.610402,9.716746,52.087685,-23.57478,8.214717,-5.0492587,0.11530784,-7.1986628,13.778374,5.413295,-5.435086,3.797509,-7.885528,-7.1513243,-6.265232,48.917778,-14.154465,5.0511746
389,-0.628834843636,223.133753777,105.30560302734375,2.7978928905171654,-2.4692973015093376,-92.61906222803917,-2.8273761,-7.680847,13.976506,-6.0119457,-14.489233,-6.4658356,12.487866,-20.656837,65.50766,9.650543,7.6442037,5.2881927,2.512589,-10.607407,9.695412,52.389507,-23.646715,8.299317,-4.906372,-0.17457145,-7.271091,13.804975,5.391381,-5.1899533,3.823369,-6.8830156,-7.318088,-6.662469,48.56643,-14.066278,5.137632
390,-0.705493330956,223.484641254,105.28019714355469,2.9364640417306798,-2.4210786785111296,-92.68288344193564,-2.7212284,-7.7688036,13.775341,-5.9658513,-14.312601,-5.84835,12.7241745,-20.212133,65.3849,9.362037,7.6724596,5.3016276,2.5337195,-10.595718,9.712559,52.650917,-23.8287,8.394149,-4.708096,-0.42678696,-7.3872557,13.815902,5.30517,-4.9044194,3.8572283,-5.8041344,-7.5316806,-7.2022667,48.04674,-14.11352,5.2864895
391,-0.780472636223,223.83140859,105.24784088134766,3.097014567301682,-2.375963942907809,-92.73315681265804,-2.62751,-7.8884397,13.58332,-5.9220877,-14.146608,-5.244055,12.975177,-19.762394,65.2491,9.055424,7.699601,5.3096657,2.5498993,-10.577407,9.762742,52.871876,-24.059874,8.481283,-4.4900575,-0.69659525,-7.527948,13.812753,5.2529116,-4.632219,3.8979943,-4.686048,-7.763342,-7.842953,47.36641,-14.255306,5.4667273
392,-0.861925005913,224.183346912,105.21058654785156,3.272836884510131,-2.324291701334422,-92.77532725935534,-2.541969,-8.028984,13.396409,-5.8797255,-14.0017185,-4.6641564,13.239894,-19.328114,65.10336,8.773932,7.716269,5.3175893,2.56493,-10.555158,9.838015,53.047398,-24.278145,8.543661,-4.2874517,-0.97992855,-7.6824846,13.804636,5.2135134,-4.3664155,3.936005,-3.5627172,-7.984557,-8.543321,46.527767,-14.450092,5.6467447
393,-0.942508339882,224.546278983,105.16351318359375,3.4587089713050654,-2.2710597339445187,-92.8097879543837,-2.4620135,-8.185555,13.219346,-5.838682,-13.878687,-4.1088185,13.517874,-18.914515,64.948265,8.508809,7.7159796,5.3298497,2.5846698,-10.530989,9.942116,53.166946,-24.491396,8.578071,-4.0917015,-1.273203,-7.850906,13.794375,5.1668797,-4.0874524,3.9749446,-2.415827,-8.195221,-9.3140745,45.515713,-14.669338,5.8256087
394,-1.0303902626,224.926283062,105.11170959472656,3.6611421068293235,-2.2186684433904307,-92.83377805260737,-2.3880656,-8.363414,13.052418,-5.8020706,-13.772958,-3.5768325,13.8089285,-18.51613,64.78684,8.241192,7.704346,5.3432727,2.6090713,-10.505644,10.074909,53.232586,-24.723583,8.593324,-3.8893847,-1.554055,-8.040583,13.780376,5.086241,-3.786709,4.012748,-1.2369123,-8.402279,-10.171518,44.337807,-14.942607,6.0194144
395,-1.13192689419,225.312203884,105.04960632324219,3.8802479277811055,-2.155437854011657,-92.84918754198745,-2.3179164,-8.564376,12.886684,-5.7755637,-13.685673,-3.0805247,14.111898,-18.14052,64.62896,7.998873,7.6893106,5.351794,2.6348248,-10.4778,10.219981,53.25676,-24.93641,8.590371,-3.7087066,-1.8971169,-8.23204,13.75304,5.089297,-3.5158129,4.0468574,-0.06407438,-8.587749,-11.085709,42.999252,-15.297546,6.21818
396,-1.24897706509,225.678836465,104.97126770019531,4.122583378687668,-2.068040179652088,-92.8572840659301,-2.2465649,-8.790764,12.71214,-5.768239,-13.616708,-2.6375046,14.424886,-17.801453,64.48927,7.8077645,7.6779776,5.34985,2.6619844,-10.443399,10.355669,53.24869,-25.093725,8.570457,-3.57763,-2.2417011,-8.447929,13.718975,5.0579123,-3.2313952,4.077575,1.062086,-8.738062,-12.025699,41.504448,-15.761163,6.408343
397,-1.37157189846,226.065350652,104.89380645751953,4.39915460265439,-1.9468171264652687,-92.85536717662613,-2.1736689,-9.056419,12.513671,-5.7849183,-13.560373,-2.2523417,14.749141,-17.514494,64.37926,7.6794972,7.668406,5.3349757,2.7054884,-10.400263,10.470727,53.194645,-25.194416,8.526417,-3.5089912,-2.6448245,-8.700977,13.66729,5.040066,-2.935677,4.1175637,2.1341274,-8.867217,-12.994392,39.83936,-16.38881,6.607778
398,-1.5029605031,226.479938507,104.80503845214844,4.705125996933114,-1.800940971823182,-92.8437575202548,-2.0960162,-9.355511,12.301233,-5.8255653,-13.517626,-1.9243498,15.085251,-17.27968,64.29671,7.5949035,7.657138,5.3117514,2.7658548,-10.347198,10.568652,53.0913,-25.259882,8.460124,-3.4856377,-3.1131122,-8.981111,13.600988,5.0512,-2.6278431,4.1643133,3.17715,-8.978885,-14.0064745,37.99475,-17.143896,6.8076024
399,-1.63338541985,226.909220695,104.70658874511719,5.016452379917406,-1.6456674489612118,-92.82751399897447,-2.0054483,-9.663219,12.100688,-5.8905344,-13.499762,-1.6638296,15.429542,-17.083937,64.23852,7.537087,7.649273,5.285753,2.81909,-10.285565,10.646377,52.96811,-25.292328,8.385929,-3.489544,-3.578416,-9.274429,13.537703,5.019284,-2.2897878,4.215169,4.1751647,-9.051372,-15.035802,36.0375,-17.950628,6.957552
400,-1.76121073961,227.344696045,104.6061782836914,5.307427501257191,-1.4966234679576198,-92.8122607467224,-1.8932434,-9.955093,11.938795,-5.980022,-13.516374,-1.4817138,15.775294,-16.911636,64.2044,7.491807,7.648653,5.262911,2.841923,-10.216867,10.702193,52.852886,-25.292349,8.318765,-3.502681,-4.0385942,-9.544502,13.486837,4.9759016,-1.9381669,4.2630305,5.1057515,-9.064786,-16.051214,34.04584,-18.739626,7.01462
401,-1.88903731108,227.811364889,104.507080078125,5.584452600028076,-1.3549308783628786,-92.79150128925168,-1.7631798,-10.237884,11.815914,-6.097673,-13.569054,-1.3844548,16.1202,-16.760376,64.20057,7.4762454,7.6529,5.2370987,2.8410654,-10.140917,10.723789,52.73145,-25.247952,8.262333,-3.520944,-4.509599,-9.796342,13.444068,4.935627,-1.5704429,4.309427,5.9742546,-9.01878,-17.089025,31.971653,-19.598715,6.977325
402,-2.04092264175,228.300337315,104.40654754638672,5.858165361141279,-1.2129076418106246,-92.76515966831735,-1.6162347,-10.519471,11.71998,-6.243069,-13.653763,-1.3686507,16.464312,-16.637142,64.23076,7.4948063,7.659347,5.208688,2.8264275,-10.057203,10.713992,52.594307,-25.16404,8.209178,-3.5533137,-4.992734,-10.028987,13.405429,4.8841596,-1.1758529,4.3422384,6.790002,-8.932872,-18.184162,29.793064,-20.739656,6.8449492
403,-2.18341126433,228.795449734,104.31493377685547,6.104050143760943,-1.0730060967660355,-92.74928734797535,-1.4412302,-10.775522,11.657969,-6.4083924,-13.769259,-1.4293064,16.803253,-16.537725,64.29007,7.515793,7.6718984,5.193453,2.7757125,-9.969691,10.697263,52.480328,-25.06515,8.157766,-3.602298,-5.484117,-10.229326,13.380111,4.8474607,-0.7859077,4.374004,7.521463,-8.804008,-19.255583,27.64658,-22.097366,6.5952644
404,-2.31711412966,229.301306248,104.22895812988281,6.3011038552077965,-0.937236202271438,-92.75944304048272,-1.2310675,-10.97966,11.63622,-6.5829916,-13.917182,-1.5581714,17.12962,-16.45151,64.37303,7.510414,7.6931343,5.2070317,2.6643333,-9.884127,10.706738,52.429897,-24.96953,8.107539,-3.6713238,-5.9768767,-10.370952,13.375706,4.808273,-0.38802296,4.4009438,8.144762,-8.617496,-20.198608,25.646278,-23.460402,6.230801
405,-2.45319280028,229.834411621,104.15045928955078,6.453230320403555,-0.8009009135756415,-92.79858358498657,-0.98531544,-11.135125,11.649835,-6.766851,-14.102178,-1.7601211,17.441969,-16.377226,64.491486,7.4824615,7.723154,5.255818,2.489704,-9.803737,10.75401,52.451084,-24.864765,8.05932,-3.7813458,-6.479271,-10.452049,13.393962,4.7620215,0.027282106,4.419007,8.647467,-8.363895,-20.981487,23.806187,-24.660963,5.789769
406,-2.58527705073,230.375032425,104.0782470703125,6.570314396025309,-0.6636637626299311,-92.85875573512914,-0.7114237,-11.250978,11.695882,-6.9611306,-14.322945,-2.0334802,17.74051,-16.31344,64.64297,7.4465637,7.759716,5.331308,2.2608848,-9.729148,10.830916,52.524048,-24.738794,8.01431,-3.924976,-6.9743304,-10.492012,13.43079,4.6841116,0.4660891,4.432782,9.037894,-8.038766,-21.583553,22.068354,-25.572638,5.294593
407,-2.71327883005,230.943705082,104.01675415039062,6.631889911710715,-0.5346539526581795,-92.93952898932292,-0.4149289,-11.309243,11.782443,-7.155757,-14.568883,-2.3618116,18.01922,-16.24507,64.80622,7.39476,7.8003907,5.4277616,1.9698883,-9.664421,10.941461,52.648525,-24.612396,7.9729724,-4.0633326,-7.479545,-10.460227,13.477671,4.618827,0.9118156,4.4380994,9.32318,-7.6435533,-21.946384,20.447466,-26.089046,4.762416
408,-2.82488793135,231.548453808,103.96694946289062,6.619507180533467,-0.42328814477973764,-93.04011568903884,-0.1046824,-11.290948,11.915833,-7.3384233,-14.830765,-2.7271717,18.268665,-16.15063,64.96238,7.3235607,7.8415794,5.5399504,1.6066763,-9.616802,11.094448,52.82577,-24.503693,7.936645,-4.1581745,-8.009542,-10.336691,13.525924,4.5960646,1.3576249,4.438749,9.519322,-7.1793585,-22.062328,18.950335,-26.180445,4.228007
409,-2.92082411051,232.175693035,103.92943572998047,6.5286595387762025,-0.3343416915005702,-93.18268689047555,0.23925829,-11.189418,12.10743,-7.505485,-15.107739,-3.137456,18.482233,-16.01198,65.12037,7.237758,7.875678,5.670664,1.1578939,-9.5901375,11.297566,53.067863,-24.392782,7.9074597,-4.206358,-8.528622,-10.116528,13.595715,4.5818715,1.804997,4.4320946,9.648872,-6.6406035,-21.948196,17.552095,-25.884085,3.7020917
410,-3.00547635555,232.825188637,103.90815734863281,6.367698480853685,-0.26215920130497394,-93.35904369018958,0.6077689,-11.010056,12.346079,-7.660264,-15.403959,-3.5951283,18.659002,-15.832693,65.2897,7.145963,7.9037833,5.822582,0.6308789,-9.58455,11.554043,53.370155,-24.272278,7.8854613,-4.226084,-9.007906,-9.817499,13.682722,4.4995627,2.2959564,4.4178624,9.698578,-6.0350714,-21.67682,16.282946,-25.311453,3.2111683
411,-3.09796756506,233.483663559,103.90152740478516,6.13851324342202,-0.20134590286555917,-93.52350517796926,0.9500265,-10.753645,12.605567,-7.8019323,-15.716918,-4.076832,18.798496,-15.62793,65.45421,7.0485463,7.935178,5.9902964,0.04741848,-9.602273,11.865563,53.708977,-24.178396,7.8686943,-4.211301,-9.511083,-9.421901,13.735641,4.4752526,2.770039,4.3807564,9.653062,-5.3852706,-21.344358,15.197409,-24.605797,2.7667835
412,-3.16835969687,234.11273098,103.912841796875,5.841387392002233,-0.14557374299106393,-93.629694177909,1.2158203,-10.420118,12.86079,-7.9304466,-16.040346,-4.561028,18.900454,-15.416112,65.5984,6.943586,7.979528,6.168528,-0.5700237,-9.647122,12.232344,54.059147,-24.147327,7.8554583,-4.1553397,-9.9822645,-8.971046,13.716236,4.413002,3.2575505,4.334275,9.474717,-4.72176,-21.02016,14.383515,-23.919796,2.3526678
413,-3.22707724571,234.780358315,103.93190002441406,5.461602295249959,-0.10443659054594351,-93.67078789305646,1.4034673,-9.99768,13.134903,-8.053904,-16.39474,-5.073748,18.96688,-15.207477,65.729164,6.8223233,8.045217,6.3549004,-1.2395625,-9.71859,12.672911,54.424305,-24.212381,7.8548803,-4.0417895,-10.4766445,-8.434483,13.608546,4.3612757,3.776341,4.2750077,9.147506,-4.043987,-20.70144,13.888174,-23.341213,1.9464079
414,-3.26913583279,235.466176033,103.98082733154297,5.0009198263329235,-0.0782262327243826,-93.66772639653585,1.5334765,-9.487367,13.432612,-8.170446,-16.774899,-5.6170216,18.99808,-14.99467,65.85207,6.684141,8.124543,6.5532312,-1.9641014,-9.815075,13.184641,54.81273,-24.342413,7.863949,-3.8790572,-10.959611,-7.8198795,13.43393,4.278297,4.330532,4.2037997,8.399633,-3.4604821,-20.275612,14.225021,-23.128405,1.5644317
415,-3.2900621891,236.146172523,104.02912902832031,4.4890970055308115,-0.04714897708262365,-93.61758077742057,1.5936699,-8.912231,13.705562,-8.268328,-17.141949,-6.1393814,18.989996,-14.771354,65.95435,6.5422144,8.202186,6.7661858,-2.6965144,-9.939114,13.732161,55.20334,-24.478533,7.8627043,-3.6959429,-11.452927,-7.168658,13.191564,4.192738,4.890611,4.1309447,7.74976,-2.7837052,-19.93789,14.370714,-22.815851,1.194763
416,-3.30911242962,236.812299728,104.07122039794922,3.955927488605083,0.00867316871023977,-93.51896538330301,1.576855,-8.294773,13.907251,-8.339949,-17.456842,-6.597445,18.935783,-14.53641,66.03081,6.4107356,8.261262,6.9959598,-3.3859184,-10.095915,14.273046,55.5716,-24.564587,7.8313665,-3.5196805,-12.008747,-6.5006723,12.875875,4.169737,5.424736,4.0522947,7.1397724,-2.0607932,-19.693785,14.413448,-22.457434,0.8444821
417,-3.31149554253,237.476228714,104.10623168945312,3.3908821207083357,0.10146001660889817,-93.3638665078434,1.4671308,-7.617024,14.027539,-8.382242,-17.717695,-6.9913807,18.823421,-14.287957,66.0892,6.282348,8.289981,7.2670493,-4.0392756,-10.296028,14.812918,55.928196,-24.58096,7.7450814,-3.355103,-12.558561,-5.8387127,12.485588,4.0253005,6.032525,3.9811594,6.532801,-1.2971977,-19.546461,14.381545,-22.053736,0.5268759
418,-3.27822458744,238.115236282,104.13506317138672,2.7775528671763077,0.21769319903193562,-93.15587095693162,1.277814,-6.864071,14.098233,-8.405798,-17.941904,-7.35347,18.649355,-14.030426,66.14673,6.1581783,8.2952795,7.5724363,-4.670631,-10.54271,15.366326,56.274666,-24.557386,7.621138,-3.1861203,-13.201509,-5.145729,12.0048685,4.0134172,6.5715933,3.9190073,5.9945993,-0.47098586,-19.496765,14.193697,-21.572298,0.24649231
419,-3.2216258049,238.724425316,104.15473175048828,2.1554902530451816,0.3425137618351506,-92.91275088409245,1.0524278,-6.0823607,14.130745,-8.427223,-18.120642,-7.695997,18.424946,-13.782262,66.2118,6.0609508,8.291238,7.8651,-5.237816,-10.8231125,15.89505,56.56624,-24.516878,7.5059795,-3.0072656,-13.833597,-4.4758515,11.4770565,3.9785688,7.1061025,3.8590734,5.515359,0.3638824,-19.51814,13.925507,-21.06734,-0.0058101276
420,-3.17348366976,239.318778992,104.17283630371094,1.5583072720597455,0.4587737485566788,-92.65214648531601,0.83773106,-5.3173304,14.136296,-8.463919,-18.243876,-8.0272455,18.168736,-13.571196,66.2826,6.004848,8.297148,8.097217,-5.6966486,-11.116914,16.341629,56.762596,-24.498817,7.442476,-2.812804,-14.548668,-3.7723384,10.894507,4.182505,7.4936237,3.70652,5.109063,1.1897014,-19.588566,13.56919,-20.539488,-0.26012754
421,-3.14340567589,239.884026527,104.17963409423828,0.9629562347121117,0.5697481495976171,-92.36725986499488,0.6313505,-4.5497684,14.095366,-8.515539,-18.293074,-8.330633,17.88796,-13.413753,66.342514,5.966374,8.335525,8.266384,-6.037069,-11.414907,16.675138,56.868507,-24.553225,7.4435234,-2.5794969,-15.26255,-3.069684,10.260628,4.4342794,7.8019786,3.3548667,4.7794776,2.042461,-19.714987,13.127204,-20.00568,-0.52684414
422,-3.10485124588,240.425521851,104.18489837646484,0.3665255536928943,0.6804134396518653,-92.05492900312774,0.42312327,-3.7764544,14.012175,-8.577096,-18.27611,-8.61186,17.58191,-13.309914,66.39437,5.9345994,8.395899,8.394196,-6.2810793,-11.717918,16.90642,56.90701,-24.66633,7.481636,-2.3166597,-15.984321,-2.3688128,9.567496,4.7327027,8.007736,2.653908,4.54716,2.917999,-19.905157,12.531004,-19.417023,-0.7838855
423,-3.08525824547,240.956733704,104.1849136352539,-0.1723143435053106,0.7764001454534488,-91.7375818240534,0.24552087,-3.0629263,13.928992,-8.657956,-18.225353,-8.907725,17.26058,-13.260945,66.45982,5.941812,8.448896,8.46697,-6.4316287,-12.018396,17.04038,56.864643,-24.781168,7.540269,-2.0696216,-16.703684,-1.7217884,8.802763,5.106632,8.100622,1.5680977,4.3158617,3.7221742,-20.108051,11.997447,-18.874603,-1.0373137
424,-3.10872328281,241.465034485,104.19244384765625,-0.5998918295465494,0.8443695376586314,-91.43567861915933,0.12810789,-2.4719534,13.884907,-8.767288,-18.173923,-9.249295,16.940622,-13.267998,66.5513,6.016285,8.466403,8.468626,-6.492532,-12.302099,17.079985,56.72946,-24.843191,7.6021795,-1.8846693,-17.361982,-1.1875651,7.8816223,5.4827275,8.197259,0.27515733,4.114183,4.404772,-20.30201,11.513481,-18.37788,-1.2883933
425,-3.15631568432,241.94711113,104.21321105957031,-0.9167603444653951,0.8738571905350655,-91.16007388088356,0.08600218,-2.0109375,13.885389,-8.902011,-18.121439,-9.626138,16.635283,-13.321044,66.65194,6.1855774,8.441936,8.37696,-6.4523597,-12.557716,17.00454,56.475475,-24.869852,7.6810017,-1.755221,-17.66727,-0.77276057,6.7309184,5.4867673,8.47735,-1.0358204,3.9683564,4.9592924,-20.474684,11.049923,-17.90975,-1.5285048
426,-3.21443736553,242.417827606,104.2459716796875,-1.1315335973621803,0.8750837035225068,-90.89596898523605,0.09392184,-1.6718098,13.908795,-9.052449,-18.054577,-10.0112705,16.34674,-13.417479,66.73944,6.4213295,8.394002,8.203648,-6.323405,-12.782323,16.817455,56.13127,-24.887798,7.775554,-1.6663924,-18.106735,-0.46474984,5.3202267,5.505032,9.012924,-2.1132274,3.8271477,5.3763294,-20.637259,10.669776,-17.490412,-1.7518122
427,-3.29021084309,242.876689911,104.29500579833984,-1.268580401573494,0.8606743663463295,-90.63065419207467,0.12378966,-1.4280857,13.949321,-9.215004,-17.981226,-10.406195,16.075222,-13.56876,66.81912,6.667716,8.334296,7.981317,-6.144584,-12.976382,16.564293,55.771034,-24.852331,7.849746,-1.6502134,-18.398031,-0.23333304,3.9144397,5.523057,9.531306,-2.8175378,3.7382874,5.7152925,-20.8154,10.239487,-17.054277,-1.9639586
428,-3.37628185749,243.314086914,104.35888671875,-1.3319289197998077,0.8468488503818165,-90.34744144262652,0.14149389,-1.273718,14.000031,-9.385132,-17.913397,-10.813535,15.8201685,-13.7851305,66.898315,6.8681693,8.272997,7.744257,-5.960673,-13.142683,16.300188,55.473316,-24.711914,7.8667126,-1.7420341,-18.567398,-0.09720356,2.6105764,5.5421896,10.035059,-3.1998115,3.6882207,5.9755454,-21.03033,9.761131,-16.604116,-2.1529372
429,-3.46709418297,243.739009857,104.44318389892578,-1.2883679566596498,0.8420250633369839,-90.02993273768193,0.1310584,-1.2448963,14.063676,-9.567119,-17.85501,-11.23962,15.584315,-14.06653,66.974,7.0018415,8.20736,7.479865,-5.776579,-13.280877,16.04997,55.243244,-24.394602,7.7957153,-1.9941963,-18.69808,-0.1144073,1.3351171,5.571764,10.677524,-3.1885657,3.6226285,6.096671,-21.291304,9.317271,-16.170275,-2.3072844
430,-3.57517325878,244.153360367,104.53910827636719,-1.1544941873599701,0.8345151260180698,-89.69148901886079,0.10664379,-1.3267088,14.141563,-9.754113,-17.79892,-11.670972,15.369847,-14.400611,67.03512,7.0998144,8.134681,7.176499,-5.5796995,-13.390685,15.798984,55.054043,-23.939,7.6610136,-2.3758132,-18.735483,-0.2544932,0.049597617,5.607703,11.397451,-2.9169507,3.5292056,6.098701,-21.577759,8.958729,-15.783163,-2.442735
431,-3.69245779514,244.548706055,104.63831329345703,-0.9895300465712603,0.815697341107984,-89.35680998825801,0.07774802,-1.4524753,14.22518,-9.927911,-17.738684,-12.084194,15.172258,-14.779029,67.077255,7.185005,8.063974,6.8690896,-5.385426,-13.473971,15.539786,54.92785,-23.457329,7.5091505,-2.797518,-18.730293,-0.44549772,-1.157829,5.6540546,12.089741,-2.6000528,3.4726186,6.069991,-21.874222,8.576762,-15.39649,-2.568409
432,-3.79358720779,244.917478561,104.73524475097656,-0.8534660159275125,0.7784613373337117,-89.0502167101976,0.054527853,-1.5539122,14.304251,-10.071765,-17.669426,-12.459699,14.9834,-15.19409,67.1039,7.282256,8.002812,6.5943213,-5.2093287,-13.534854,15.264929,54.88607,-23.059696,7.3905206,-3.1713214,-18.66463,-0.6028821,-2.1827362,5.704995,12.575668,-2.4410949,3.529682,6.0953016,-22.168634,8.031868,-14.94391,-2.6830416
433,-3.88187265396,245.27930069,104.81514739990234,-0.7617915706549291,0.7118203516106149,-88.76766182074658,0.03272333,-1.6146841,14.383278,-10.178545,-17.5837,-12.800854,14.798402,-15.653934,67.13022,7.397685,7.943648,6.352617,-5.0491033,-13.575672,14.960086,54.93655,-22.770967,7.309704,-3.5005796,-18.718481,-0.7041813,-3.0113738,6.398051,12.338712,-2.4802089,3.6098115,6.159134,-22.45173,7.5211296,-14.517749,-2.7941983
434,-3.95478868484,245.629343033,104.88591003417969,-0.671599738916243,0.6281925347258578,-88.4953118106128,0.009159444,-1.6789138,14.461517,-10.263789,-17.488953,-13.124068,14.615848,-16.163462,67.15972,7.5203657,7.8829207,6.1294723,-4.8943577,-13.596176,14.626374,55.060677,-22.534966,7.243989,-3.8230944,-19.01673,-0.8273074,-3.7313433,7.5770698,11.739595,-2.581886,3.661867,6.188454,-22.730217,7.1319685,-14.158593,-2.8880699
435,-4.02404761314,245.961494446,104.95050048828125,-0.5829840269004201,0.5436047581733283,-88.2524541694704,0.0034122472,-1.7440308,14.527376,-10.3403845,-17.393274,-13.425182,14.433064,-16.70587,67.17812,7.65334,7.835204,5.9374175,-4.7497497,-13.600094,14.284024,55.243347,-22.337648,7.207408,-4.1018543,-19.187805,-0.94475126,-4.334918,8.702792,10.99477,-2.7135167,3.699287,6.2027087,-22.98327,6.7982483,-13.833579,-2.9745817
436,-4.08100676537,246.270277023,105.0162582397461,-0.48942795710004655,0.47657294197709715,-88.05675190601939,0.029654546,-1.8130412,14.5679035,-10.418128,-17.306643,-13.696938,14.247531,-17.255798,67.1685,7.8044777,7.81472,5.788349,-4.6239653,-13.593814,13.961197,55.47173,-22.16081,7.2141786,-4.3009067,-19.337078,-1.0733098,-4.930298,9.861468,10.156886,-2.8376281,3.7359254,6.201033,-23.192986,6.4483795,-13.501692,-3.0490878
437,-4.12546527386,246.566701889,105.08350372314453,-0.3875897277640934,0.43509842060613513,-87.91567864955881,0.08398165,-1.8872962,14.574236,-10.493789,-17.227331,-13.931857,14.059537,-17.821445,67.12269,7.980888,7.8331823,5.687416,-4.5270863,-13.57962,13.659729,55.758785,-21.990955,7.2877936,-4.40441,-19.458967,-1.2112436,-5.545336,11.041579,9.212452,-2.9624515,3.7249682,6.164824,-23.345304,6.1463356,-13.185116,-3.1136675
438,-4.17113137245,246.85134697,105.14707946777344,-0.2777156241642572,0.4103316150744406,-87.81738542313825,0.15788952,-1.9680504,14.553317,-10.562709,-17.15341,-14.135038,13.869722,-18.407381,67.051575,8.179446,7.8799715,5.627538,-4.4550767,-13.558323,13.373388,56.106995,-21.835545,7.415384,-4.4346094,-19.606768,-1.3554721,-6.1452093,12.300882,8.145076,-3.0980496,3.654362,6.09446,-23.45052,5.942497,-12.91512,-3.1753564
439,-4.20076489449,247.112625122,105.20960998535156,-0.16530507390801838,0.39238139406218964,-87.75302912692943,0.2575418,-2.0493834,14.520572,-10.628884,-17.090136,-14.311304,13.675171,-18.973837,66.959274,8.39707,7.936407,5.600756,-4.394491,-13.533844,13.125012,56.48278,-21.701761,7.5584593,-4.41298,-19.737532,-1.500735,-6.689936,13.606203,6.9989877,-3.2171612,3.549396,5.9886727,-23.519468,5.8265862,-12.693417,-3.2210894
440,-4.22519350052,247.374105453,105.26837158203125,-0.055837199706575115,0.3706892426437575,-87.71435951955027,0.38345897,-2.1259696,14.491181,-10.689897,-17.040482,-14.4589205,13.472073,-19.466017,66.845695,8.639112,7.983819,5.599146,-4.338026,-13.513547,12.949324,56.85835,-21.591885,7.6792574,-4.362083,-19.835802,-1.649027,-7.146789,14.9378395,5.83186,-3.2926188,3.3971577,5.8577538,-23.554615,5.8205104,-12.522862,-3.2635388
441,-4.2445192337,247.615600586,105.32170867919922,0.052568316752921306,0.3417036115522276,-87.71044452698813,0.5390237,-2.1981418,14.469693,-10.736685,-17.010017,-14.572177,13.256862,-19.854593,66.70427,8.950992,8.024016,5.629174,-4.292995,-13.503706,12.870193,57.241356,-21.488668,7.7798514,-4.2816644,-19.68991,-1.7845936,-7.4532404,16.105564,4.633833,-3.2842288,3.2645643,5.722289,-23.559675,5.817832,-12.36284,-3.2983034
442,-4.26689863205,247.844564438,105.37309265136719,0.16770872451663968,0.31297933496043867,-87.74111682676181,0.7131063,-2.272409,14.447066,-10.7652025,-16.996098,-14.646152,13.030109,-20.152098,66.53279,9.328127,8.063708,5.6915317,-4.268165,-13.505726,12.883999,57.64562,-21.385447,7.878118,-4.163662,-19.938112,-1.9782763,-7.778404,17.729347,3.3828661,-3.2291,3.1382005,5.57795,-23.532934,5.816742,-12.207558,-3.3308783
443,-4.26762580872,248.04725647,105.42388916015625,0.2692486432085853,0.28226964199389154,-87.79025412201261,0.89345807,-2.3304782,14.422777,-10.78284,-16.991676,-14.681083,12.796484,-20.372051,66.33724,9.6981325,8.092676,5.768279,-4.2539635,-13.519879,12.979465,58.048477,-21.302595,7.961471,-4.015987,-19.81974,-2.1209407,-7.9625716,19.018698,2.13037,-3.1771421,3.0304046,5.435515,-23.488447,5.8174834,-12.063108,-3.348034
444,-4.26990628242,248.254623413,105.47061157226562,0.3509323141143468,0.25224939647497957,-87.83811456138969,1.0636978,-2.3671467,14.394604,-10.797618,-16.994154,-14.676058,12.562694,-20.529076,66.118744,9.98654,8.100339,5.841421,-4.241917,-13.544172,13.143933,58.426693,-21.261084,8.016206,-3.8468704,-19.810678,-2.254332,-8.132017,20.385647,0.9327949,-3.2043524,2.920107,5.320543,-23.43597,5.8161945,-11.917925,-3.374155
445,-4.26515269279,248.448396683,105.50846862792969,0.4101745797445874,0.21929821993710866,-87.881120441891,1.2293746,-2.382077,14.368576,-10.815248,-17.00269,-14.632297,12.333447,-20.623232,65.86355,10.173414,8.0845175,5.9083405,-4.23037,-13.579119,13.38901,58.774956,-21.268713,8.0307255,-3.6456351,-19.685783,-2.355869,-8.236489,21.598137,-0.2036896,-3.3462973,2.8227386,5.2312875,-23.379984,5.8151164,-11.782919,-3.4010127
446,-4.26585054398,248.635089874,105.53729248046875,0.4535097961753897,0.18456572332342372,-87.92829974313533,1.3937135,-2.381397,14.3436985,-10.829137,-17.021687,-14.546077,12.110006,-20.650618,65.5668,10.294301,8.052371,5.976848,-4.226349,-13.624755,13.717768,59.105797,-21.313086,8.014577,-3.411669,-19.4879,-2.4401975,-8.274546,22.712587,-1.2944676,-3.5604196,2.732993,5.1674047,-23.313133,5.813479,-11.655771,-3.435851
447,-4.26829004288,248.795547485,105.56060028076172,0.47967525794661237,0.15522025499302805,-87.98023463678247,1.5412214,-2.3631318,14.307677,-10.82986,-17.047571,-14.412271,11.893677,-20.622965,65.24746,10.357546,8.007341,6.04501,-4.231251,-13.676903,14.097823,59.419746,-21.390364,7.9857473,-3.167493,-19.22237,-2.4995344,-8.243626,23.71283,-2.3071523,-3.784403,2.6530404,5.127265,-23.239079,5.81262,-11.545724,-3.4713407
448,-4.26760792732,248.939136505,105.5797119140625,0.48732472997239895,0.13816589643328128,-88.03795766862044,1.6612816,-2.3257945,14.24844,-10.812815,-17.081038,-14.230776,11.684975,-20.560728,64.92781,10.3681965,7.9532137,6.111462,-4.2407274,-13.72937,14.4846,59.71467,-21.50422,7.9613175,-2.9345858,-18.936249,-2.5288801,-8.153125,24.623892,-3.2087808,-3.9583082,2.5700092,5.1089554,-23.158043,5.810733,-11.44489,-3.5058591
449,-4.26427841187,249.076210022,105.58941650390625,0.4750706426148263,0.13740179506541023,-88.10349598906703,1.7653525,-2.26836,14.160941,-10.787345,-17.12057,-14.003528,11.483044,-20.466991,64.61236,10.298031,7.8838844,6.1820374,-4.2457705,-13.7778425,14.869407,59.98483,-21.691801,7.9381976,-2.6949084,-18.593252,-2.5184665,-7.9887834,25.418522,-3.929346,-4.103574,2.473087,5.1150393,-23.064884,5.8056226,-11.34564,-3.543294
450,-4.24453854561,249.208166122,105.5965576171875,0.4436948861080611,0.1482472394142237,-88.17586189362382,1.8592497,-2.1927881,14.052127,-10.756647,-17.1677,-13.735036,11.286933,-20.340492,64.29386,10.150971,7.7996845,6.2561035,-4.2479043,-13.821528,15.262378,60.232964,-21.948063,7.9081197,-2.4446146,-18.186384,-2.474715,-7.7525563,26.10393,-4.5140257,-4.2399397,2.3647296,5.133851,-22.960613,5.8024187,-11.246374,-3.5748024
451,-4.21707487106,249.317180634,105.59550476074219,0.3958305583298549,0.16438387575726404,-88.251290632838,1.9267585,-2.101077,13.928666,-10.709182,-17.219275,-13.433525,11.096908,-20.1995,63.98192,9.978333,7.71341,6.322243,-4.2523823,-13.858986,15.641733,60.46348,-22.214281,7.881194,-2.22567,-17.828308,-2.415567,-7.4862266,26.747229,-5.069414,-4.306712,2.2693253,5.1707635,-22.856596,5.7918334,-11.156645,-3.6000624
452,-4.17995655537,249.412628174,105.58940124511719,0.33333594056332333,0.17981649339379824,-88.3260571365121,1.9558933,-1.99454,13.797274,-10.637326,-17.270954,-13.111889,10.913312,-20.07045,63.689884,9.827581,7.638397,6.3704085,-4.2589555,-13.889387,15.974983,60.677464,-22.4376,7.867744,-2.0785763,-17.348812,-2.329126,-7.1682916,27.141901,-5.706703,-4.2336583,2.1335263,5.197655,-22.750797,5.889088,-11.127564,-3.6169713
453,-4.13590836525,249.502403259,105.581787109375,0.25391676784099176,0.19105395856056132,-88.39705687084397,1.9472209,-1.8679897,13.664011,-10.547647,-17.331238,-12.775252,10.735248,-19.966703,63.419968,9.686316,7.5733695,6.3978086,-4.263202,-13.912793,16.24866,60.86858,-22.635801,7.87519,-2.0231419,-16.704332,-2.2131681,-6.7887897,27.294897,-6.491354,-3.9596286,2.0293174,5.2506957,-22.65891,5.9397793,-11.080149,-3.630595
454,-4.08134877682,249.582130432,105.57039642333984,0.15831211326753025,0.20179095858753252,-88.46740965068622,1.9126377,-1.7225448,13.524783,-10.447514,-17.3981,-12.422976,10.561213,-19.88381,63.17099,9.532245,7.5127816,6.411356,-4.2582026,-13.929144,16.468328,61.03191,-22.832354,7.8968225,-2.033509,-16.19622,-2.0948431,-6.413821,27.50714,-7.3563876,-3.542221,1.9371899,5.3190365,-22.57254,5.9811573,-11.033762,-3.6384459
455,-4.02479290962,249.656871796,105.55485534667969,0.051279128171210865,0.21762020348953787,-88.54053608234896,1.8565813,-1.5662483,13.369498,-10.332107,-17.457306,-12.061493,10.391633,-19.821375,62.955708,9.398993,7.4628334,6.4148035,-4.2393417,-13.937766,16.630314,61.171658,-22.98317,7.921443,-2.0808916,-15.474887,-1.9440877,-5.9764643,27.341845,-8.224694,-3.073524,1.8289912,5.3943377,-22.484972,6.051619,-11.003955,-3.6444368
456,-3.95685756207,249.727811813,105.53437805175781,-0.061512594442624635,0.24384166999259133,-88.62059473147406,1.7843189,-1.4090407,13.188624,-10.196386,-17.490383,-11.696625,10.227581,-19.780325,62.78468,9.318948,7.430633,6.412375,-4.2013164,-13.937792,16.72894,61.290844,-23.04587,7.9377713,-2.1365638,-14.706312,-1.7752647,-5.513168,26.86828,-9.094685,-2.626838,1.6638076,5.449035,-22.383759,6.222309,-11.021629,-3.6424015
457,-3.8815318346,249.780651093,105.51143646240234,-0.21320653981386592,0.2852005904567934,-88.7101147706072,1.6911484,-1.2172289,12.962679,-10.033243,-17.483746,-11.315608,10.068158,-19.765083,62.656254,9.311464,7.4260125,6.402773,-4.1345353,-13.9306965,16.754164,61.39503,-22.981764,7.9371223,-2.1944523,-13.787579,-1.5357277,-4.97225,25.961277,-10.251621,-2.1244185,1.5794252,5.5852995,-22.288921,6.2068295,-10.956672,-3.6416984
458,-3.7900069952,249.819490433,105.48641967773438,-0.3964210434643688,0.3377104041090469,-88.80628774352255,1.5783474,-0.9963572,12.702209,-9.848848,-17.44971,-10.92134,9.912835,-19.77577,62.568012,9.355052,7.442834,6.3852873,-4.041998,-13.918087,16.707623,61.47912,-22.824944,7.927112,-2.268528,-12.64246,-1.2470236,-4.3751884,24.604776,-11.51888,-1.5676116,1.551372,5.7757335,-22.19959,6.0623503,-10.832608,-3.6351652
459,-3.72291564941,249.84223938,105.45680236816406,-0.5444993743181972,0.3935291556679092,-88.9059285124857,1.458751,-0.81263465,12.444464,-9.657651,-17.41116,-10.541356,9.764164,-19.805752,62.525536,9.420163,7.46381,6.3632774,-3.9372208,-13.893812,16.605547,61.527794,-22.637922,7.9210725,-2.3605793,-11.635681,-1.0283201,-3.8722036,23.16788,-12.347607,-1.0799152,1.4236152,5.893484,-22.094233,6.1435285,-10.831784,-3.6292918
460,-3.68353462219,249.864301682,105.43280029296875,-0.5934615735053785,0.4456919618337496,-89.00454154776169,1.3399811,-0.7333469,12.223869,-9.470178,-17.391886,-10.199679,9.627381,-19.844746,62.531464,9.478034,7.4726596,6.3398786,-3.8412406,-13.848108,16.468885,61.53767,-22.48412,7.9306602,-2.4745467,-10.516457,-0.93892,-3.4197028,21.41894,-12.446732,-0.7242046,1.1283,5.832146,-21.967836,6.592613,-11.011398,-3.6128345
461,-3.66700279713,249.893531799,105.45222473144531,-0.5019046189619237,0.4924470102764882,-89.11365981601473,1.225176,-0.8003807,12.055628,-9.27388,-17.400742,-9.897493,9.507995,-19.87598,62.5813,9.540205,7.468698,6.314787,-3.7724345,-13.770558,16.299217,61.51378,-22.38367,7.9648495,-2.6243167,-9.54689,-1.0299481,-3.0317628,19.546297,-11.848817,-0.4937713,0.9269313,5.645523,-21.85629,6.8422413,-11.076652,-3.5773761
462,-3.6325340271,249.929460526,105.5077896118164,-0.31985024188988953,0.5386080319382107,-89.23115808949035,1.1020845,-0.96717095,11.915636,-9.06006,-17.420565,-9.615546,9.408188,-19.901691,62.666157,9.617193,7.4626474,6.285254,-3.72848,-13.658825,16.095213,61.475723,-22.303816,8.01215,-2.806651,-8.377491,-1.2204436,-2.5962276,17.239132,-10.807167,-0.34208778,0.8146428,5.3688245,-21.75852,6.8936,-11.0236,-3.5092533
463,-3.60834288597,249.954404831,105.5653076171875,-0.11020525495947393,0.5853971792170877,-89.33374623432236,0.95808625,-1.1747334,11.782959,-8.847604,-17.442175,-9.349557,9.327318,-19.943945,62.78403,9.67627,7.4543138,6.2516017,-3.696216,-13.516204,15.874815,61.434994,-22.224571,8.054924,-3.000213,-7.1840625,-1.4536452,-2.1732411,14.866078,-9.657332,-0.24730182,0.6850125,5.0550733,-21.66572,6.9978538,-11.005655,-3.4387703
464,-3.56937932968,249.972259521,105.63935852050781,0.07749307211587707,0.6321741254679916,-89.39835794701874,0.78193706,-1.3763,11.639476,-8.656771,-17.457716,-9.09686,9.263105,-20.027084,62.93534,9.682786,7.4415207,6.215971,-3.6615076,-13.350412,15.657436,61.400337,-22.123123,8.07541,-3.1838279,-6.552378,-1.6902661,-1.9361643,13.516089,-8.975299,-0.1675063,0.80332756,4.86007,-21.634892,6.590079,-10.741214,-3.369495
465,-3.52782261372,249.989810944,105.69766998291016,0.25161141235738105,0.685669879797181,-89.42414048735701,0.5686293,-1.5816187,11.476229,-8.490303,-17.475714,-8.852178,9.215159,-20.15691,63.126232,9.609973,7.4132633,6.1915555,-3.6239522,-13.168474,15.450374,61.369778,-21.96601,8.063398,-3.350179,-5.9989204,-1.9238206,-1.7795486,12.300386,-8.351062,-0.072135,0.79153526,4.632881,-21.593071,6.4463906,-10.614133,-3.3055944
466,-3.49681532383,250.002346039,105.7411880493164,0.440491826629348,0.7429474102674364,-89.42142340763489,0.32566264,-1.8141875,11.306155,-8.340649,-17.49927,-8.62036,9.1834,-20.324554,63.354176,9.479098,7.3733153,6.1736827,-3.5845702,-12.970902,15.24533,61.33041,-21.767973,8.031065,-3.510271,-5.483997,-2.1762471,-1.677553,11.150316,-7.750663,0.030848864,0.5984603,4.3228602,-21.52761,6.6865563,-10.685776,-3.2444215
467,-3.48168420792,250.023954391,105.77217102050781,0.6154000135436963,0.7922994447668666,-89.38148548827047,0.059196778,-2.041508,11.136656,-8.21201,-17.507109,-8.414011,9.165889,-20.531034,63.613174,9.329544,7.340954,6.138741,-3.53459,-12.759368,15.035074,61.280468,-21.584166,7.994328,-3.6696324,-5.0391817,-2.4052446,-1.6340041,10.131978,-7.2028985,0.11790612,0.34137228,4.015539,-21.478395,7.073179,-10.837136,-3.1971376
468,-3.47219824791,250.037935257,105.79634857177734,0.7429167531386273,0.822213452287646,-89.29564335007099,-0.2225138,-2.2241957,10.9765215,-8.111519,-17.480764,-8.247532,9.159152,-20.780176,63.897816,9.199505,7.334646,6.062225,-3.4625764,-12.533749,14.811575,61.212868,-21.467741,7.9704213,-3.8335161,-4.6645613,-2.5724888,-1.6449819,9.293798,-6.749405,0.17472833,0.20504698,3.8099625,-21.501986,7.2720294,-10.9159565,-3.159965
469,-3.46453046799,250.057394028,105.81361389160156,0.8063774304895014,0.8284506134053153,-89.141222665843,-0.53565615,-2.3477514,10.82449,-8.042368,-17.401236,-8.131048,9.162051,-21.0823,64.233284,9.077852,7.3545375,5.9320436,-3.3634555,-12.291988,14.564037,61.129227,-21.447315,7.9650826,-4.0176153,-4.4257107,-2.6610272,-1.7421784,8.749842,-6.435232,0.19344732,0.20828356,3.7331064,-21.627317,7.2406387,-10.898,-3.1356587
470,-3.44494009018,250.081665039,105.82691192626953,0.8262709787905027,0.8174562382572256,-88.92982667921812,-0.87438995,-2.433743,10.677937,-8.004485,-17.285378,-8.057563,9.174096,-21.437069,64.618,8.950017,7.3911037,5.7640023,-3.2419932,-12.033602,14.292742,61.028893,-21.493126,7.969459,-4.214137,-4.2935424,-2.7059162,-1.9127468,8.433743,-6.226032,0.1964038,0.3022153,3.7335262,-21.828531,7.064758,-10.817826,-3.1120865
471,-3.42482161522,250.124538422,105.83866882324219,0.8249969518182229,0.7942615539752672,-88.70504398172102,-1.198796,-2.498498,10.542225,-7.9961147,-17.156374,-8.015388,9.192675,-21.827522,65.0111,8.852529,7.4476547,5.576539,-3.1046515,-11.764334,14.010394,60.90676,-21.570189,7.979392,-4.393952,-4.2215586,-2.7259402,-2.1070108,8.2366,-6.065019,0.19018845,0.42640495,3.7722666,-22.051752,6.8318253,-10.704008,-3.0964203
472,-3.4029084444,250.166282654,105.84951782226562,0.825041343182597,0.763631292161501,-88.5098246286194,-1.4714873,-2.5575237,10.423024,-8.013699,-17.040344,-7.9916716,9.213784,-22.231339,65.37079,8.825115,7.5272584,5.387737,-2.9575613,-11.494283,13.734854,60.755814,-21.639816,7.9912357,-4.5273786,-4.1371336,-2.7473223,-2.2700815,8.042731,-5.913779,0.18994004,0.542467,3.8009844,-22.2485,6.6333528,-10.605385,-3.0801308
473,-3.38639819622,250.195562363,105.85918426513672,0.8315115068113895,0.7234890488664981,-88.33485461404246,-1.7039974,-2.6155734,10.322834,-8.055555,-16.938095,-7.9923778,9.235079,-22.653177,65.70618,8.902218,7.6387815,5.187045,-2.7941854,-11.22745,13.461751,60.56086,-21.688221,8.016545,-4.603905,-4.021027,-2.7713773,-2.4060526,7.8305144,-5.767406,0.1923865,0.6643206,3.8196013,-22.433277,6.46161,-10.527744,-3.0635748
474,-3.35761225224,250.227176666,105.86609649658203,0.8325108955330448,0.6723602110229484,-88.16396554290138,-1.9093517,-2.6626153,10.239446,-8.124179,-16.840002,-8.021304,9.255563,-23.09854,66.03481,9.057779,7.7757654,4.9693093,-2.6117022,-10.96419,13.188046,60.32382,-21.732716,8.054945,-4.639041,-3.9215114,-2.7974002,-2.5395336,7.675876,-5.6520743,0.20274016,0.7764382,3.827516,-22.617855,6.336642,-10.471611,-3.0403326
475,-3.32612109184,250.261831284,105.8726577758789,0.826151167368334,0.6159924312724556,-88.03033889345866,-2.0549884,-2.6928406,10.171877,-8.2191925,-16.752409,-8.061302,9.273201,-23.539753,66.3258,9.244386,7.9180174,4.7598624,-2.4225774,-10.7103195,12.939935,60.06351,-21.776335,8.084952,-4.6412272,-3.8296897,-2.8150508,-2.639524,7.5548453,-5.5594597,0.21626641,0.8958704,3.844146,-22.767927,6.2000823,-10.403767,-3.019779
476,-3.29625105858,250.295806885,105.87651824951172,0.8104633772834895,0.5597728354679689,-87.96698667492869,-2.1141899,-2.7000906,10.11926,-8.334568,-16.681023,-8.091117,9.286127,-23.937658,66.544136,9.420079,8.045871,4.583375,-2.2437513,-10.475141,12.755662,59.802334,-21.815268,8.085588,-4.6192183,-3.7747905,-2.819251,-2.6830251,7.5229015,-5.522994,0.23187107,0.9984943,3.8664086,-22.841537,6.089792,-10.34087,-3.0061932
477,-3.2407875061,250.32497406,105.88028717041016,0.7805447988011142,0.5091579180074098,-87.98705905039009,-2.0786304,-2.6758068,10.079473,-8.470425,-16.62871,-8.105577,9.291913,-24.27578,66.67233,9.596898,8.168028,4.4345126,-2.0729399,-10.26697,12.653663,59.530575,-21.826668,8.04776,-4.569917,-3.7406933,-2.8210936,-2.655288,7.545925,-5.529815,0.26889667,1.0850816,3.883655,-22.82371,5.994112,-10.269988,-2.984489
478,-3.17728316784,250.354352951,105.8813705444336,0.7392856042724791,0.45975469913081946,-88.07145645695915,-1.9697441,-2.6241643,10.053605,-8.62312,-16.593893,-8.111568,9.29028,-24.562471,66.72873,9.797205,8.289757,4.303036,-1.906799,-10.0876255,12.627592,59.241997,-21.807745,7.985652,-4.490034,-3.7509933,-2.8140147,-2.5782454,7.6686635,-5.5971675,0.31448236,1.143202,3.8978846,-22.733376,5.946384,-10.212683,-2.96452
479,-3.12486743927,250.37194252,105.88069152832031,0.6961742472710338,0.40223639388003146,-88.20516194356124,-1.8062018,-2.5578275,10.047311,-8.780075,-16.573807,-8.102491,9.283905,-24.791567,66.7252,9.995565,8.387323,4.2051973,-1.7601078,-9.93892,12.680755,58.962055,-21.783089,7.913115,-4.386883,-3.7579327,-2.7948456,-2.453411,7.8298106,-5.700374,0.35408905,1.2176629,3.9214752,-22.597855,5.893554,-10.157319,-2.9508758
480,-3.06103140116,250.398853302,105.88103485107422,0.6598135292471317,0.3273552635825576,-88.37282271034356,-1.6075771,-2.4935865,10.062423,-8.92701,-16.56474,-8.073687,9.277681,-24.96632,66.68088,10.157973,8.437875,4.1614676,-1.6588484,-9.804281,12.814632,58.7397,-21.785496,7.8401012,-4.2754817,-3.7124808,-2.7879498,-2.2810676,7.9273195,-5.7740035,0.4013551,1.2745032,3.9138067,-22.43067,5.906568,-10.123885,-2.9280293
481,-2.98817569017,250.427600861,105.88214111328125,0.631232746458733,0.22914490216505845,-88.59228713137195,-1.3582036,-2.4288223,10.111894,-9.062596,-16.579554,-8.015549,9.274573,-25.069798,66.57019,10.302512,8.43243,4.180026,-1.6111113,-9.689673,13.049028,58.573082,-21.81968,7.763984,-4.148317,-3.60049,-2.7918532,-2.0395343,7.9611773,-5.8267426,0.45443103,1.3242313,3.8749223,-22.217548,5.985354,-10.11573,-2.8950531
482,-2.91771197319,250.454935074,105.8838119506836,0.6068073654047375,0.11354175838786976,-88.86435677192209,-1.0572135,-2.358729,10.189947,-9.190727,-16.614662,-7.9291515,9.275386,-25.104706,66.3876,10.43746,8.386406,4.249357,-1.6074953,-9.598302,13.378678,58.44687,-21.870792,7.6801014,-4.0021515,-3.443267,-2.7953744,-1.7348502,7.961333,-5.8744926,0.5062405,1.3830866,3.8271775,-21.958036,6.0828934,-10.113424,-2.8614542
483,-2.85080826283,250.474981308,105.88565063476562,0.5891285123244809,-0.010375315929299139,-89.14890583257665,-0.74679065,-2.2912428,10.277199,-9.3064375,-16.650063,-7.818282,9.282373,-25.085812,66.16324,10.528318,8.313555,4.352203,-1.6351368,-9.523456,13.767115,58.361286,-21.93633,7.598958,-3.848901,-3.2546794,-2.8035383,-1.4105062,7.932358,-5.9155416,0.5561052,1.4481894,3.770616,-21.690252,6.196419,-10.123555,-2.8260477
484,-2.78786444664,250.492427826,105.88618469238281,0.5801396914772798,-0.13373765839664792,-89.4050855936549,-0.47536117,-2.2382028,10.3522625,-9.397727,-16.662127,-7.6828413,9.299848,-25.022968,65.927246,10.539659,8.2278385,4.4730587,-1.6932354,-9.450415,14.189556,58.33475,-22.011309,7.529939,-3.706223,-3.0637288,-2.821441,-1.1139107,7.8945,-5.9487066,0.60394377,1.4902331,3.6972368,-21.447617,6.3640995,-10.166156,-2.7894528
485,-2.73402112722,250.503980637,105.88720703125,0.5886337276003074,-0.2606172386731042,-89.62462247786067,-0.2685051,-2.2189217,10.4164715,-9.442417,-16.648575,-7.498203,9.340418,-24.884542,65.65444,10.444775,8.127051,4.627186,-1.8231733,-9.358522,14.700206,58.42279,-22.07777,7.4649653,-3.5879529,-2.8350542,-2.8564022,-0.8459211,7.7907987,-5.946359,0.6483239,1.5213132,3.601682,-21.241434,6.5772166,-10.241136,-2.751348
486,-2.69764810801,250.529432297,105.8843994140625,0.6082649640576747,-0.3936505483571998,-89.82831922276247,-0.0763916,-2.2195282,10.485895,-9.473813,-16.625412,-7.284522,9.400636,-24.699198,65.33737,10.264603,8.008108,4.8111978,-1.9840059,-9.260777,15.236997,58.564716,-22.175362,7.401653,-3.4686835,-2.628376,-2.8951228,-0.5987197,7.722926,-5.9504647,0.6823624,1.5004,3.4850576,-21.042725,6.8984103,-10.368268,-2.7228975
487,-2.66882747412,250.54791832,105.88109588623047,0.6293009618267623,-0.5214369914398942,-90.01985966891678,0.088415556,-2.225088,10.539237,-9.480489,-16.579342,-7.0406218,9.479141,-24.480556,64.99739,10.0448675,7.887103,4.993018,-2.169565,-9.154282,15.776956,58.755238,-22.306921,7.3538895,-3.356656,-2.428694,-2.9311624,-0.3654408,7.661999,-5.9597993,0.71060145,1.4942048,3.3799853,-20.859287,7.1859145,-10.485609,-2.6980853
488,-2.63021600246,250.544733047,105.88107299804688,0.6331601596360601,-0.6328573953025521,-90.20266906336559,0.22259104,-2.21842,10.557233,-9.460152,-16.493925,-6.774093,9.572954,-24.250793,64.66061,9.831949,7.780461,5.13939,-2.3592453,-9.0372305,16.271132,58.974617,-22.490551,7.334885,-3.2544432,-2.234874,-2.9530401,-0.14246698,7.5993133,-5.979254,0.7403685,1.5625944,3.3223624,-20.698181,7.3046446,-10.529864,-2.6697118
489,-2.60932466388,250.531503677,105.87739562988281,0.6177612281883753,-0.7207352853895038,-90.3731466820199,0.3318472,-2.1920118,10.528121,-9.422707,-16.368261,-6.4902678,9.680061,-24.014416,64.33686,9.604555,7.683808,5.2436147,-2.5467918,-8.906333,16.699823,59.230885,-22.788069,7.352719,-3.155668,-2.1437385,-2.9394355,0.046342667,7.6892176,-6.0759697,0.752427,1.6508559,3.318345,-20.55066,7.336893,-10.54178,-2.6583023
490,-2.5773139298,250.527799606,105.87643432617188,0.5867029563810133,-0.792175681689215,-90.53071935793142,0.42245573,-2.1555073,10.463792,-9.372039,-16.207186,-6.1927204,9.799328,-23.770136,64.020805,9.345749,7.5905657,5.323975,-2.736399,-8.760294,17.075806,59.527363,-23.180145,7.3977485,-3.0604029,-2.0857584,-2.9140964,0.21551798,7.7890954,-6.167412,0.76712763,1.7642648,3.3463008,-20.41989,7.263077,-10.493107,-2.6480792
491,-2.54404872656,250.518819809,105.87947082519531,0.5516430792018094,-0.8583689733888573,-90.68375133414392,0.49467006,-2.1172326,10.381153,-9.3008175,-16.013275,-5.8885365,9.9279995,-23.534618,63.718433,9.106472,7.513179,5.384978,-2.9197352,-8.603274,17.395844,59.833622,-23.563423,7.4561176,-2.9796493,-2.0012596,-2.884599,0.3851696,7.830283,-6.2319713,0.7812476,1.9260007,3.3979716,-20.303179,7.0819354,-10.393892,-2.6387553
492,-2.49705377221,250.505727768,105.8864974975586,0.5200702503329759,-0.9300404622645003,-90.84055149074331,0.55312914,-2.083432,10.298413,-9.206511,-15.790165,-5.590056,10.06134,-23.3321,63.440216,8.934767,7.463313,5.431791,-3.081999,-8.441184,17.652302,60.110245,-23.83376,7.5152125,-2.9235947,-1.857257,-2.8691828,0.5702254,7.7750897,-6.2536254,0.80574185,2.118725,3.4434671,-20.189974,6.85567,-10.271809,-2.6197402
493,-2.46519219875,250.496360779,105.89110565185547,0.49309461779723507,-1.006993395493088,-91.00677821579053,0.60400057,-2.0520847,10.214425,-9.090755,-15.53306,-5.3021493,10.195631,-23.170736,63.19624,8.8444605,7.447638,5.466627,-3.214013,-8.277715,17.826973,60.34626,-23.952047,7.58714,-2.8916988,-1.7178377,-2.8491075,0.76130605,7.739383,-6.285945,0.8215633,2.3011801,3.4877057,-20.065617,6.6587396,-10.165762,-2.6113806
494,-2.43273463845,250.465526581,105.89816284179688,0.4662471322576133,-1.084388409881752,-91.17677728360104,0.6496099,-2.0181532,10.121984,-8.960927,-15.242684,-5.0272584,10.329257,-23.046936,62.98986,8.806855,7.4565487,5.4880633,-3.3170416,-8.113712,17.921124,60.552937,-23.978447,7.67468,-2.8781276,-1.5285245,-2.8305027,0.96523,7.6359754,-6.299821,0.83788544,2.5486,3.5496128,-19.950716,6.356251,-10.019732,-2.5999737
495,-2.4022705853,250.433269501,105.9041748046875,0.4425928713212617,-1.1664457056105777,-91.34216879875801,0.6870192,-1.9847133,10.028165,-8.820801,-14.927706,-4.773575,10.461508,-22.965239,62.823647,8.806785,7.476698,5.496295,-3.3955016,-7.9541698,17.959488,60.729927,-23.957453,7.750647,-2.8859875,-1.3279232,-2.815463,1.1669173,7.5225844,-6.310149,0.8535769,2.8048131,3.60896,-19.842997,6.050834,-9.875105,-2.588335
496,-2.36203841865,250.397161484,105.91439056396484,0.4192966271206169,-1.2570396209924695,-91.49422213228401,0.7119526,-1.9541821,9.940283,-8.673088,-14.5976095,-4.547969,10.592114,-22.92969,62.697205,8.828192,7.4953084,5.4913177,-3.4536405,-7.8063216,17.971802,60.87479,-23.928719,7.7888956,-2.9180777,-1.0645769,-2.8102436,1.3700515,7.309528,-6.272937,0.8756265,3.0621746,3.6556063,-19.750496,5.7724133,-9.746931,-2.5668488
497,-2.32446928322,250.371259689,105.92399597167969,0.3983667269044268,-1.3632968481074084,-91.62869340477849,0.71652657,-1.9240772,9.864558,-8.51165,-14.245926,-4.3543897,10.720885,-22.949877,62.61505,8.888187,7.510817,5.4661818,-3.4891024,-7.6756363,17.962261,60.981625,-23.881577,7.7805448,-2.9904423,-0.78761095,-2.8079426,1.5606331,7.091224,-6.2269883,0.8960224,3.2075922,3.6545742,-19.656,5.7563996,-9.748446,-2.5433328
498,-2.27824483067,250.339195251,105.93427276611328,0.37969022421776694,-1.4810410251826562,-91.75076751015983,0.7056633,-1.8916585,9.796515,-8.338029,-13.871125,-4.189799,10.847458,-23.022476,62.575962,8.986984,7.5289025,5.4230113,-3.4974298,-7.562683,17.921494,61.045837,-23.795357,7.741775,-3.0952764,-0.46772888,-2.8167813,1.7492703,6.8225136,-6.160692,0.92258763,3.3736713,3.6456842,-19.580296,5.737451,-9.753756,-2.5103414
499,-2.23407549784,250.299978256,105.94454956054688,0.3631301830632943,-1.5974828490816233,-91.86634770446372,0.69107926,-1.8621091,9.726516,-8.162779,-13.491641,-4.0471187,10.971842,-23.127836,62.570293,9.086016,7.5479436,5.376016,-3.484194,-7.468931,17.86065,61.072666,-23.696173,7.68381,-3.2005715,-0.13261466,-2.8290236,1.934643,6.52809,-6.0846252,0.94825333,3.5428216,3.6352236,-19.511786,5.7201285,-9.765664,-2.4757712
500,-2.19802028779,250.257131577,105.95215606689453,0.3529361109087633,-1.6994046867127783,-91.98121882825633,0.6814216,-1.8403069,9.645344,-7.993476,-13.122286,-3.9150949,11.094616,-23.239407,62.584064,9.149356,7.5663066,5.338288,-3.4574482,-7.395125,17.798054,61.068527,-23.605549,7.618024,-3.274806,0.1806948,-2.844798,2.113531,6.245797,-6.0137806,0.9702454,3.6989503,3.6229591,-19.439577,5.6982827,-9.776912,-2.4446354
501,-2.19802028779,250.257131577,105.95215606689453,0.3529361109087633,-1.6994046867127783,-91.98121882825633,0.6814216,-1.8403069,9.645344,-7.993476,-13.122286,-3.9150949,11.094616,-23.239407,62.584064,9.149356,7.5663066,5.338288,-3.4574482,-7.395125,17.798054,61.068527,-23.605549,7.618024,-3.274806,0.1806948,-2.844798,2.113531,6.245797,-6.0137806,0.9702454,3.6989503,3.6229591,-19.439577,5.6982827,-9.776912,-2.4446354
502,-2.19802028779,250.257131577,105.95215606689453,0.3529361109087633,-1.6994046867127783,-91.98121882825633,0.6814216,-1.8403069,9.645344,-7.993476,-13.122286,-3.9150949,11.094616,-23.239407,62.584064,9.149356,7.5663066,5.338288,-3.4574482,-7.395125,17.798054,61.068527,-23.605549,7.618024,-3.274806,0.1806948,-2.844798,2.113531,6.245797,-6.0137806,0.9702454,3.6989503,3.6229591,-19.439577,5.6982827,-9.776912,-2.4446354
503,-2.19802028779,250.257131577,105.95215606689453,0.3529361109087633,-1.6994046867127783,-91.98121882825633,0.6814216,-1.8403069,9.645344,-7.993476,-13.122286,-3.9150949,11.094616,-23.239407,62.584064,9.149356,7.5663066,5.338288,-3.4574482,-7.395125,17.798054,61.068527,-23.605549,7.618024,-3.274806,0.1806948,-2.844798,2.113531,6.245797,-6.0137806,0.9702454,3.6989503,3.6229591,-19.439577,5.6982827,-9.776912,-2.4446354
504,-2.19802028779,250.257131577,105.95215606689453,0.3529361109087633,-1.6994046867127783,-91.98121882825633,0.6814216,-1.8403069,9.645344,-7.993476,-13.122286,-3.9150949,11.094616,-23.239407,62.584064,9.149356,7.5663066,5.338288,-3.4574482,-7.395125,17.798054,61.068527,-23.605549,7.618024,-3.274806,0.1806948,-2.844798,2.113531,6.245797,-6.0137806,0.9702454,3.6989503,3.6229591,-19.439577,5.6982827,-9.776912,-2.4446354
505,-2.19802028779,250.257131577,105.95215606689453,0.3529361109087633,-1.6994046867127783,-91.98121882825633,0.6814216,-1.8403069,9.645344,-7.993476,-13.122286,-3.9150949,11.094616,-23.239407,62.584064,9.149356,7.5663066,5.338288,-3.4574482,-7.395125,17.798054,61.068527,-23.605549,7.618024,-3.274806,0.1806948,-2.844798,2.113531,6.245797,-6.0137806,0.9702454,3.6989503,3.6229591,-19.439577,5.6982827,-9.776912,-2.4446354
506,-2.19802028779,250.257131577,105.95215606689453,0.3529361109087633,-1.6994046867127783,-91.98121882825633,0.6814216,-1.8403069,9.645344,-7.993476,-13.122286,-3.9150949,11.094616,-23.239407,62.584064,9.149356,7.5663066,5.338288,-3.4574482,-7.395125,17.798054,61.068527,-23.605549,7.618024,-3.274806,0.1806948,-2.844798,2.113531,6.245797,-6.0137806,0.9702454,3.6989503,3.6229591,-19.439577,5.6982827,-9.776912,-2.4446354
507,-2.19802028779,250.257131577,105.95215606689453,0.3529361109087633,-1.6994046867127783,-91.98121882825633,0.6814216,-1.8403069,9.645344,-7.993476,-13.122286,-3.9150949,11.094616,-23.239407,62.584064,9.149356,7.5663066,5.338288,-3.4574482,-7.395125,17.798054,61.068527,-23.605549,7.618024,-3.274806,0.1806948,-2.844798,2.113531,6.245797,-6.0137806,0.9702454,3.6989503,3.6229591,-19.439577,5.6982827,-9.776912,-2.4446354
508,-2.19802028779,250.257131577,105.95215606689453,0.3529361109087633,-1.6994046867127783,-91.98121882825633,0.6814216,-1.8403069,9.645344,-7.993476,-13.122286,-3.9150949,11.094616,-23.239407,62.584064,9.149356,7.5663066,5.338288,-3.4574482,-7.395125,17.798054,61.068527,-23.605549,7.618024,-3.274806,0.1806948,-2.844798,2.113531,6.245797,-6.0137806,0.9702454,3.6989503,3.6229591,-19.439577,5.6982827,-9.776912,-2.4446354
509,-2.19802028779,250.257131577,105.95215606689453,0.3529361109087633,-1.6994046867127783,-91.98121882825633,0.6814216,-1.8403069,9.645344,-7.993476,-13.122286,-3.9150949,11.094616,-23.239407,62.584064,9.149356,7.5663066,5.338288,-3.4574482,-7.395125,17.798054,61.068527,-23.605549,7.618024,-3.274806,0.1806948,-2.844798,2.113531,6.245797,-6.0137806,0.9702454,3.6989503,3.6229591,-19.439577,5.6982827,-9.776912,-2.4446354
510,-2.19802028779,250.257131577,105.95215606689453,0.3529361109087633,-1.6994046867127783,-91.98121882825633,0.6814216,-1.8403069,9.645344,-7.993476,-13.122286,-3.9150949,11.094616,-23.239407,62.584064,9.149356,7.5663066,5.338288,-3.4574482,-7.395125,17.798054,61.068527,-23.605549,7.618024,-3.274806,0.1806948,-2.844798,2.113531,6.245797,-6.0137806,0.9702454,3.6989503,3.6229591,-19.439577,5.6982827,-9.776912,-2.4446354
511,-2.19802028779,250.257131577,105.95215606689453,0.3529361109087633,-1.6994046867127783,-91.98121882825633,0.6814216,-1.8403069,9.645344,-7.993476,-13.122286,-3.9150949,11.094616,-23.239407,62.584064,9.149356,7.5663066,5.338288,-3.4574482,-7.395125,17.798054,61.068527,-23.605549,7.618024,-3.274806,0.1806948,-2.844798,2.113531,6.245797,-6.0137806,0.9702454,3.6989503,3.6229591,-19.439577,5.6982827,-9.776912,-2.4446354
512,-2.19802028779,250.257131577,105.95215606689453,0.3529361109087633,-1.6994046867127783,-91.98121882825633,0.6814216,-1.8403069,9.645344,-7.993476,-13.122286,-3.9150949,11.094616,-23.239407,62.584064,9.149356,7.5663066,5.338288,-3.4574482,-7.395125,17.798054,61.068527,-23.605549,7.618024,-3.274806,0.1806948,-2.844798,2.113531,6.245797,-6.0137806,0.9702454,3.6989503,3.6229591,-19.439577,5.6982827,-9.776912,-2.4446354
513,-2.19802028779,250.257131577,105.95215606689453,0.3529361109087633,-1.6994046867127783,-91.98121882825633,0.6814216,-1.8403069,9.645344,-7.993476,-13.122286,-3.9150949,11.094616,-23.239407,62.584064,9.149356,7.5663066,5.338288,-3.4574482,-7.395125,17.798054,61.068527,-23.605549,7.618024,-3.274806,0.1806948,-2.844798,2.113531,6.245797,-6.0137806,0.9702454,3.6989503,3.6229591,-19.439577,5.6982827,-9.776912,-2.4446354
514,-2.19802028779,250.257131577,105.95215606689453,0.3529361109087633,-1.6994046867127783,-91.98121882825633,0.6814216,-1.8403069,9.645344,-7.993476,-13.122286,-3.9150949,11.094616,-23.239407,62.584064,9.149356,7.5663066,5.338288,-3.4574482,-7.395125,17.798054,61.068527,-23.605549,7.618024,-3.274806,0.1806948,-2.844798,2.113531,6.245797,-6.0137806,0.9702454,3.6989503,3.6229591,-19.439577,5.6982827,-9.776912,-2.4446354
515,-2.19802028779,250.257131577,105.95215606689453,0.3529361109087633,-1.6994046867127783,-91.98121882825633,0.6814216,-1.8403069,9.645344,-7.993476,-13.122286,-3.9150949,11.094616,-23.239407,62.584064,9.149356,7.5663066,5.338288,-3.4574482,-7.395125,17.798054,61.068527,-23.605549,7.618024,-3.274806,0.1806948,-2.844798,2.113531,6.245797,-6.0137806,0.9702454,3.6989503,3.6229591,-19.439577,5.6982827,-9.776912,-2.4446354
516,-2.19802028779,250.257131577,105.95215606689453,0.3529361109087633,-1.6994046867127783,-91.98121882825633,0.6814216,-1.8403069,9.645344,-7.993476,-13.122286,-3.9150949,11.094616,-23.239407,62.584064,9.149356,7.5663066,5.338288,-3.4574482,-7.395125,17.798054,61.068527,-23.605549,7.618024,-3.274806,0.1806948,-2.844798,2.113531,6.245797,-6.0137806,0.9702454,3.6989503,3.6229591,-19.439577,5.6982827,-9.776912,-2.4446354
517,-2.19802028779,250.257131577,105.95215606689453,0.3529361109087633,-1.6994046867127783,-91.98121882825633,0.6814216,-1.8403069,9.645344,-7.993476,-13.122286,-3.9150949,11.094616,-23.239407,62.584064,9.149356,7.5663066,5.338288,-3.4574482,-7.395125,17.798054,61.068527,-23.605549,7.618024,-3.274806,0.1806948,-2.844798,2.113531,6.245797,-6.0137806,0.9702454,3.6989503,3.6229591,-19.439577,5.6982827,-9.776912,-2.4446354
518,-2.19802028779,250.257131577,105.95215606689453,0.3529361109087633,-1.6994046867127783,-91.98121882825633,0.6814216,-1.8403069,9.645344,-7.993476,-13.122286,-3.9150949,11.094616,-23.239407,62.584064,9.149356,7.5663066,5.338288,-3.4574482,-7.395125,17.798054,61.068527,-23.605549,7.618024,-3.274806,0.1806948,-2.844798,2.113531,6.245797,-6.0137806,0.9702454,3.6989503,3.6229591,-19.439577,5.6982827,-9.776912,-2.4446354
519,-2.19802028779,250.257131577,105.95215606689453,0.3529361109087633,-1.6994046867127783,-91.98121882825633,0.6814216,-1.8403069,9.645344,-7.993476,-13.122286,-3.9150949,11.094616,-23.239407,62.584064,9.149356,7.5663066,5.338288,-3.4574482,-7.395125,17.798054,61.068527,-23.605549,7.618024,-3.274806,0.1806948,-2.844798,2.113531,6.245797,-6.0137806,0.9702454,3.6989503,3.6229591,-19.439577,5.6982827,-9.776912,-2.4446354
520,-2.19802028779,250.257131577,105.95215606689453,0.3529361109087633,-1.6994046867127783,-91.98121882825633,0.6814216,-1.8403069,9.645344,-7.993476,-13.122286,-3.9150949,11.094616,-23.239407,62.584064,9.149356,7.5663066,5.338288,-3.4574482,-7.395125,17.798054,61.068527,-23.605549,7.618024,-3.274806,0.1806948,-2.844798,2.113531,6.245797,-6.0137806,0.9702454,3.6989503,3.6229591,-19.439577,5.6982827,-9.776912,-2.4446354
521,-2.19802028779,250.257131577,105.95215606689453,0.3529361109087633,-1.6994046867127783,-91.98121882825633,0.6814216,-1.8403069,9.645344,-7.993476,-13.122286,-3.9150949,11.094616,-23.239407,62.584064,9.149356,7.5663066,5.338288,-3.4574482,-7.395125,17.798054,61.068527,-23.605549,7.618024,-3.274806,0.1806948,-2.844798,2.113531,6.245797,-6.0137806,0.9702454,3.6989503,3.6229591,-19.439577,5.6982827,-9.776912,-2.4446354
522,-2.19802028779,250.257131577,105.95215606689453,0.3529361109087633,-1.6994046867127783,-91.98121882825633,0.6814216,-1.8403069,9.645344,-7.993476,-13.122286,-3.9150949,11.094616,-23.239407,62.584064,9.149356,7.5663066,5.338288,-3.4574482,-7.395125,17.798054,61.068527,-23.605549,7.618024,-3.274806,0.1806948,-2.844798,2.113531,6.245797,-6.0137806,0.9702454,3.6989503,3.6229591,-19.439577,5.6982827,-9.776912,-2.4446354
523,-2.19802028779,250.257131577,105.95215606689453,0.3529361109087633,-1.6994046867127783,-91.98121882825633,0.6814216,-1.8403069,9.645344,-7.993476,-13.122286,-3.9150949,11.094616,-23.239407,62.584064,9.149356,7.5663066,5.338288,-3.4574482,-7.395125,17.798054,61.068527,-23.605549,7.618024,-3.274806,0.1806948,-2.844798,2.113531,6.245797,-6.0137806,0.9702454,3.6989503,3.6229591,-19.439577,5.6982827,-9.776912,-2.4446354
524,-2.19802028779,250.257131577,105.95215606689453,0.3529361109087633,-1.6994046867127783,-91.98121882825633,0.6814216,-1.8403069,9.645344,-7.993476,-13.122286,-3.9150949,11.094616,-23.239407,62.584064,9.149356,7.5663066,5.338288,-3.4574482,-7.395125,17.798054,61.068527,-23.605549,7.618024,-3.274806,0.1806948,-2.844798,2.113531,6.245797,-6.0137806,0.9702454,3.6989503,3.6229591,-19.439577,5.6982827,-9.776912,-2.4446354
525,-2.19802028779,250.257131577,105.95215606689453,0.3529361109087633,-1.6994046867127783,-91.98121882825633,0.6814216,-1.8403069,9.645344,-7.993476,-13.122286,-3.9150949,11.094616,-23.239407,62.584064,9.149356,7.5663066,5.338288,-3.4574482,-7.395125,17.798054,61.068527,-23.605549,7.618024,-3.274806,0.1806948,-2.844798,2.113531,6.245797,-6.0137806,0.9702454,3.6989503,3.6229591,-19.439577,5.6982827,-9.776912,-2.4446354
526,-2.19802028779,250.257131577,105.95215606689453,0.3529361109087633,-1.6994046867127783,-91.98121882825633,0.6814216,-1.8403069,9.645344,-7.993476,-13.122286,-3.9150949,11.094616,-23.239407,62.584064,9.149356,7.5663066,5.338288,-3.4574482,-7.395125,17.798054,61.068527,-23.605549,7.618024,-3.274806,0.1806948,-2.844798,2.113531,6.245797,-6.0137806,0.9702454,3.6989503,3.6229591,-19.439577,5.6982827,-9.776912,-2.4446354
527,-2.19802028779,250.257131577,105.95215606689453,0.3529361109087633,-1.6994046867127783,-91.98121882825633,0.6814216,-1.8403069,9.645344,-7.993476,-13.122286,-3.9150949,11.094616,-23.239407,62.584064,9.149356,7.5663066,5.338288,-3.4574482,-7.395125,17.798054,61.068527,-23.605549,7.618024,-3.274806,0.1806948,-2.844798,2.113531,6.245797,-6.0137806,0.9702454,3.6989503,3.6229591,-19.439577,5.6982827,-9.776912,-2.4446354
528,-2.19802028779,250.257131577,105.95215606689453,0.3529361109087633,-1.6994046867127783,-91.98121882825633,0.6814216,-1.8403069,9.645344,-7.993476,-13.122286,-3.9150949,11.094616,-23.239407,62.584064,9.149356,7.5663066,5.338288,-3.4574482,-7.395125,17.798054,61.068527,-23.605549,7.618024,-3.274806,0.1806948,-2.844798,2.113531,6.245797,-6.0137806,0.9702454,3.6989503,3.6229591,-19.439577,5.6982827,-9.776912,-2.4446354
529,-2.19802028779,250.257131577,105.95215606689453,0.3529361109087633,-1.6994046867127783,-91.98121882825633,0.6814216,-1.8403069,9.645344,-7.993476,-13.122286,-3.9150949,11.094616,-23.239407,62.584064,9.149356,7.5663066,5.338288,-3.4574482,-7.395125,17.798054,61.068527,-23.605549,7.618024,-3.274806,0.1806948,-2.844798,2.113531,6.245797,-6.0137806,0.9702454,3.6989503,3.6229591,-19.439577,5.6982827,-9.776912,-2.4446354
530,-2.19802028779,250.257131577,105.95215606689453,0.3529361109087633,-1.6994046867127783,-91.98121882825633,0.6814216,-1.8403069,9.645344,-7.993476,-13.122286,-3.9150949,11.094616,-23.239407,62.584064,9.149356,7.5663066,5.338288,-3.4574482,-7.395125,17.798054,61.068527,-23.605549,7.618024,-3.274806,0.1806948,-2.844798,2.113531,6.245797,-6.0137806,0.9702454,3.6989503,3.6229591,-19.439577,5.6982827,-9.776912,-2.4446354
531,-2.19802028779,250.257131577,105.95215606689453,0.3529361109087633,-1.6994046867127783,-91.98121882825633,0.6814216,-1.8403069,9.645344,-7.993476,-13.122286,-3.9150949,11.094616,-23.239407,62.584064,9.149356,7.5663066,5.338288,-3.4574482,-7.395125,17.798054,61.068527,-23.605549,7.618024,-3.274806,0.1806948,-2.844798,2.113531,6.245797,-6.0137806,0.9702454,3.6989503,3.6229591,-19.439577,5.6982827,-9.776912,-2.4446354
532,-2.19802028779,250.257131577,105.95215606689453,0.3529361109087633,-1.6994046867127783,-91.98121882825633,0.6814216,-1.8403069,9.645344,-7.993476,-13.122286,-3.9150949,11.094616,-23.239407,62.584064,9.149356,7.5663066,5.338288,-3.4574482,-7.395125,17.798054,61.068527,-23.605549,7.618024,-3.274806,0.1806948,-2.844798,2.113531,6.245797,-6.0137806,0.9702454,3.6989503,3.6229591,-19.439577,5.6982827,-9.776912,-2.4446354
533,-2.19802028779,250.257131577,105.95215606689453,0.3529361109087633,-1.6994046867127783,-91.98121882825633,0.6814216,-1.8403069,9.645344,-7.993476,-13.122286,-3.9150949,11.094616,-23.239407,62.584064,9.149356,7.5663066,5.338288,-3.4574482,-7.395125,17.798054,61.068527,-23.605549,7.618024,-3.274806,0.1806948,-2.844798,2.113531,6.245797,-6.0137806,0.9702454,3.6989503,3.6229591,-19.439577,5.6982827,-9.776912,-2.4446354
534,-2.19802028779,250.257131577,105.95215606689453,0.3529361109087633,-1.6994046867127783,-91.98121882825633,0.6814216,-1.8403069,9.645344,-7.993476,-13.122286,-3.9150949,11.094616,-23.239407,62.584064,9.149356,7.5663066,5.338288,-3.4574482,-7.395125,17.798054,61.068527,-23.605549,7.618024,-3.274806,0.1806948,-2.844798,2.113531,6.245797,-6.0137806,0.9702454,3.6989503,3.6229591,-19.439577,5.6982827,-9.776912,-2.4446354
535,-2.19802028779,250.257131577,105.95215606689453,0.3529361109087633,-1.6994046867127783,-91.98121882825633,0.6814216,-1.8403069,9.645344,-7.993476,-13.122286,-3.9150949,11.094616,-23.239407,62.584064,9.149356,7.5663066,5.338288,-3.4574482,-7.395125,17.798054,61.068527,-23.605549,7.618024,-3.274806,0.1806948,-2.844798,2.113531,6.245797,-6.0137806,0.9702454,3.6989503,3.6229591,-19.439577,5.6982827,-9.776912,-2.4446354
536,-2.19802028779,250.257131577,105.95215606689453,0.3529361109087633,-1.6994046867127783,-91.98121882825633,0.6814216,-1.8403069,9.645344,-7.993476,-13.122286,-3.9150949,11.094616,-23.239407,62.584064,9.149356,7.5663066,5.338288,-3.4574482,-7.395125,17.798054,61.068527,-23.605549,7.618024,-3.274806,0.1806948,-2.844798,2.113531,6.245797,-6.0137806,0.9702454,3.6989503,3.6229591,-19.439577,5.6982827,-9.776912,-2.4446354
537,-2.19802028779,250.257131577,105.95215606689453,0.3529361109087633,-1.6994046867127783,-91.98121882825633,0.6814216,-1.8403069,9.645344,-7.993476,-13.122286,-3.9150949,11.094616,-23.239407,62.584064,9.149356,7.5663066,5.338288,-3.4574482,-7.395125,17.798054,61.068527,-23.605549,7.618024,-3.274806,0.1806948,-2.844798,2.113531,6.245797,-6.0137806,0.9702454,3.6989503,3.6229591,-19.439577,5.6982827,-9.776912,-2.4446354
538,-2.19802028779,250.257131577,105.95215606689453,0.3529361109087633,-1.6994046867127783,-91.98121882825633,0.6814216,-1.8403069,9.645344,-7.993476,-13.122286,-3.9150949,11.094616,-23.239407,62.584064,9.149356,7.5663066,5.338288,-3.4574482,-7.395125,17.798054,61.068527,-23.605549,7.618024,-3.274806,0.1806948,-2.844798,2.113531,6.245797,-6.0137806,0.9702454,3.6989503,3.6229591,-19.439577,5.6982827,-9.776912,-2.4446354
539,-2.19802028779,250.257131577,105.95215606689453,0.3529361109087633,-1.6994046867127783,-91.98121882825633,0.6814216,-1.8403069,9.645344,-7.993476,-13.122286,-3.9150949,11.094616,-23.239407,62.584064,9.149356,7.5663066,5.338288,-3.4574482,-7.395125,17.798054,61.068527,-23.605549,7.618024,-3.274806,0.1806948,-2.844798,2.113531,6.245797,-6.0137806,0.9702454,3.6989503,3.6229591,-19.439577,5.6982827,-9.776912,-2.4446354
540,-2.19802028779,250.257131577,105.95215606689453,0.3529361109087633,-1.6994046867127783,-91.98121882825633,0.6814216,-1.8403069,9.645344,-7.993476,-13.122286,-3.9150949,11.094616,-23.239407,62.584064,9.149356,7.5663066,5.338288,-3.4574482,-7.395125,17.798054,61.068527,-23.605549,7.618024,-3.274806,0.1806948,-2.844798,2.113531,6.245797,-6.0137806,0.9702454,3.6989503,3.6229591,-19.439577,5.6982827,-9.776912,-2.4446354
541,-2.19802028779,250.257131577,105.95215606689453,0.3529361109087633,-1.6994046867127783,-91.98121882825633,0.6814216,-1.8403069,9.645344,-7.993476,-13.122286,-3.9150949,11.094616,-23.239407,62.584064,9.149356,7.5663066,5.338288,-3.4574482,-7.395125,17.798054,61.068527,-23.605549,7.618024,-3.274806,0.1806948,-2.844798,2.113531,6.245797,-6.0137806,0.9702454,3.6989503,3.6229591,-19.439577,5.6982827,-9.776912,-2.4446354
542,-2.19802028779,250.257131577,105.95215606689453,0.3529361109087633,-1.6994046867127783,-91.98121882825633,0.6814216,-1.8403069,9.645344,-7.993476,-13.122286,-3.9150949,11.094616,-23.239407,62.584064,9.149356,7.5663066,5.338288,-3.4574482,-7.395125,17.798054,61.068527,-23.605549,7.618024,-3.274806,0.1806948,-2.844798,2.113531,6.245797,-6.0137806,0.9702454,3.6989503,3.6229591,-19.439577,5.6982827,-9.776912,-2.4446354
543,-2.19802028779,250.257131577,105.95215606689453,0.3529361109087633,-1.6994046867127783,-91.98121882825633,0.6814216,-1.8403069,9.645344,-7.993476,-13.122286,-3.9150949,11.094616,-23.239407,62.584064,9.149356,7.5663066,5.338288,-3.4574482,-7.395125,17.798054,61.068527,-23.605549,7.618024,-3.274806,0.1806948,-2.844798,2.113531,6.245797,-6.0137806,0.9702454,3.6989503,3.6229591,-19.439577,5.6982827,-9.776912,-2.4446354
544,-2.19802028779,250.257131577,105.95215606689453,0.3529361109087633,-1.6994046867127783,-91.98121882825633,0.6814216,-1.8403069,9.645344,-7.993476,-13.122286,-3.9150949,11.094616,-23.239407,62.584064,9.149356,7.5663066,5.338288,-3.4574482,-7.395125,17.798054,61.068527,-23.605549,7.618024,-3.274806,0.1806948,-2.844798,2.113531,6.245797,-6.0137806,0.9702454,3.6989503,3.6229591,-19.439577,5.6982827,-9.776912,-2.4446354
545,-2.19802028779,250.257131577,105.95215606689453,0.3529361109087633,-1.6994046867127783,-91.98121882825633,0.6814216,-1.8403069,9.645344,-7.993476,-13.122286,-3.9150949,11.094616,-23.239407,62.584064,9.149356,7.5663066,5.338288,-3.4574482,-7.395125,17.798054,61.068527,-23.605549,7.618024,-3.274806,0.1806948,-2.844798,2.113531,6.245797,-6.0137806,0.9702454,3.6989503,3.6229591,-19.439577,5.6982827,-9.776912,-2.4446354
546,-2.19802028779,250.257131577,105.95215606689453,0.3529361109087633,-1.6994046867127783,-91.98121882825633,0.6814216,-1.8403069,9.645344,-7.993476,-13.122286,-3.9150949,11.094616,-23.239407,62.584064,9.149356,7.5663066,5.338288,-3.4574482,-7.395125,17.798054,61.068527,-23.605549,7.618024,-3.274806,0.1806948,-2.844798,2.113531,6.245797,-6.0137806,0.9702454,3.6989503,3.6229591,-19.439577,5.6982827,-9.776912,-2.4446354
547,-2.19802028779,250.257131577,105.95215606689453,0.3529361109087633,-1.6994046867127783,-91.98121882825633,0.6814216,-1.8403069,9.645344,-7.993476,-13.122286,-3.9150949,11.094616,-23.239407,62.584064,9.149356,7.5663066,5.338288,-3.4574482,-7.395125,17.798054,61.068527,-23.605549,7.618024,-3.274806,0.1806948,-2.844798,2.113531,6.245797,-6.0137806,0.9702454,3.6989503,3.6229591,-19.439577,5.6982827,-9.776912,-2.4446354
548,-2.19802028779,250.257131577,105.95215606689453,0.3529361109087633,-1.6994046867127783,-91.98121882825633,0.6814216,-1.8403069,9.645344,-7.993476,-13.122286,-3.9150949,11.094616,-23.239407,62.584064,9.149356,7.5663066,5.338288,-3.4574482,-7.395125,17.798054,61.068527,-23.605549,7.618024,-3.274806,0.1806948,-2.844798,2.113531,6.245797,-6.0137806,0.9702454,3.6989503,3.6229591,-19.439577,5.6982827,-9.776912,-2.4446354
549,-2.19802028779,250.257131577,105.95215606689453,0.3529361109087633,-1.6994046867127783,-91.98121882825633,0.6814216,-1.8403069,9.645344,-7.993476,-13.122286,-3.9150949,11.094616,-23.239407,62.584064,9.149356,7.5663066,5.338288,-3.4574482,-7.395125,17.798054,61.068527,-23.605549,7.618024,-3.274806,0.1806948,-2.844798,2.113531,6.245797,-6.0137806,0.9702454,3.6989503,3.6229591,-19.439577,5.6982827,-9.776912,-2.4446354
550,-2.19802028779,250.257131577,105.95215606689453,0.3529361109087633,-1.6994046867127783,-91.98121882825633,0.6814216,-1.8403069,9.645344,-7.993476,-13.122286,-3.9150949,11.094616,-23.239407,62.584064,9.149356,7.5663066,5.338288,-3.4574482,-7.395125,17.798054,61.068527,-23.605549,7.618024,-3.274806,0.1806948,-2.844798,2.113531,6.245797,-6.0137806,0.9702454,3.6989503,3.6229591,-19.439577,5.6982827,-9.776912,-2.4446354
551,-2.19802028779,250.257131577,105.95215606689453,0.3529361109087633,-1.6994046867127783,-91.98121882825633,0.6814216,-1.8403069,9.645344,-7.993476,-13.122286,-3.9150949,11.094616,-23.239407,62.584064,9.149356,7.5663066,5.338288,-3.4574482,-7.395125,17.798054,61.068527,-23.605549,7.618024,-3.274806,0.1806948,-2.844798,2.113531,6.245797,-6.0137806,0.9702454,3.6989503,3.6229591,-19.439577,5.6982827,-9.776912,-2.4446354
552,-2.19802028779,250.257131577,105.95215606689453,0.3529361109087633,-1.6994046867127783,-91.98121882825633,0.6814216,-1.8403069,9.645344,-7.993476,-13.122286,-3.9150949,11.094616,-23.239407,62.584064,9.149356,7.5663066,5.338288,-3.4574482,-7.395125,17.798054,61.068527,-23.605549,7.618024,-3.274806,0.1806948,-2.844798,2.113531,6.245797,-6.0137806,0.9702454,3.6989503,3.6229591,-19.439577,5.6982827,-9.776912,-2.4446354
553,-2.19802028779,250.257131577,105.95215606689453,0.3529361109087633,-1.6994046867127783,-91.98121882825633,0.6814216,-1.8403069,9.645344,-7.993476,-13.122286,-3.9150949,11.094616,-23.239407,62.584064,9.149356,7.5663066,5.338288,-3.4574482,-7.395125,17.798054,61.068527,-23.605549,7.618024,-3.274806,0.1806948,-2.844798,2.113531,6.245797,-6.0137806,0.9702454,3.6989503,3.6229591,-19.439577,5.6982827,-9.776912,-2.4446354
554,-2.19802028779,250.257131577,105.95215606689453,0.3529361109087633,-1.6994046867127783,-91.98121882825633,0.6814216,-1.8403069,9.645344,-7.993476,-13.122286,-3.9150949,11.094616,-23.239407,62.584064,9.149356,7.5663066,5.338288,-3.4574482,-7.395125,17.798054,61.068527,-23.605549,7.618024,-3.274806,0.1806948,-2.844798,2.113531,6.245797,-6.0137806,0.9702454,3.6989503,3.6229591,-19.439577,5.6982827,-9.776912,-2.4446354
555,-2.19802028779,250.257131577,105.95215606689453,0.3529361109087633,-1.6994046867127783,-91.98121882825633,0.6814216,-1.8403069,9.645344,-7.993476,-13.122286,-3.9150949,11.094616,-23.239407,62.584064,9.149356,7.5663066,5.338288,-3.4574482,-7.395125,17.798054,61.068527,-23.605549,7.618024,-3.274806,0.1806948,-2.844798,2.113531,6.245797,-6.0137806,0.9702454,3.6989503,3.6229591,-19.439577,5.6982827,-9.776912,-2.4446354
556,-2.19802028779,250.257131577,105.95215606689453,0.3529361109087633,-1.6994046867127783,-91.98121882825633,0.6814216,-1.8403069,9.645344,-7.993476,-13.122286,-3.9150949,11.094616,-23.239407,62.584064,9.149356,7.5663066,5.338288,-3.4574482,-7.395125,17.798054,61.068527,-23.605549,7.618024,-3.274806,0.1806948,-2.844798,2.113531,6.245797,-6.0137806,0.9702454,3.6989503,3.6229591,-19.439577,5.6982827,-9.776912,-2.4446354
557,-2.19802028779,250.257131577,105.95215606689453,0.3529361109087633,-1.6994046867127783,-91.98121882825633,0.6814216,-1.8403069,9.645344,-7.993476,-13.122286,-3.9150949,11.094616,-23.239407,62.584064,9.149356,7.5663066,5.338288,-3.4574482,-7.395125,17.798054,61.068527,-23.605549,7.618024,-3.274806,0.1806948,-2.844798,2.113531,6.245797,-6.0137806,0.9702454,3.6989503,3.6229591,-19.439577,5.6982827,-9.776912,-2.4446354
558,-2.19802028779,250.257131577,105.95215606689453,0.3529361109087633,-1.6994046867127783,-91.98121882825633,0.6814216,-1.8403069,9.645344,-7.993476,-13.122286,-3.9150949,11.094616,-23.239407,62.584064,9.149356,7.5663066,5.338288,-3.4574482,-7.395125,17.798054,61.068527,-23.605549,7.618024,-3.274806,0.1806948,-2.844798,2.113531,6.245797,-6.0137806,0.9702454,3.6989503,3.6229591,-19.439577,5.6982827,-9.776912,-2.4446354
559,-2.19802028779,250.257131577,105.95215606689453,0.3529361109087633,-1.6994046867127783,-91.98121882825633,0.6814216,-1.8403069,9.645344,-7.993476,-13.122286,-3.9150949,11.094616,-23.239407,62.584064,9.149356,7.5663066,5.338288,-3.4574482,-7.395125,17.798054,61.068527,-23.605549,7.618024,-3.274806,0.1806948,-2.844798,2.113531,6.245797,-6.0137806,0.9702454,3.6989503,3.6229591,-19.439577,5.6982827,-9.776912,-2.4446354
560,-2.19802028779,250.257131577,105.95215606689453,0.3529361109087633,-1.6994046867127783,-91.98121882825633,0.6814216,-1.8403069,9.645344,-7.993476,-13.122286,-3.9150949,11.094616,-23.239407,62.584064,9.149356,7.5663066,5.338288,-3.4574482,-7.395125,17.798054,61.068527,-23.605549,7.618024,-3.274806,0.1806948,-2.844798,2.113531,6.245797,-6.0137806,0.9702454,3.6989503,3.6229591,-19.439577,5.6982827,-9.776912,-2.4446354
561,-2.19802028779,250.257131577,105.95215606689453,0.3529361109087633,-1.6994046867127783,-91.98121882825633,0.6814216,-1.8403069,9.645344,-7.993476,-13.122286,-3.9150949,11.094616,-23.239407,62.584064,9.149356,7.5663066,5.338288,-3.4574482,-7.395125,17.798054,61.068527,-23.605549,7.618024,-3.274806,0.1806948,-2.844798,2.113531,6.245797,-6.0137806,0.9702454,3.6989503,3.6229591,-19.439577,5.6982827,-9.776912,-2.4446354
562,-2.19802028779,250.257131577,105.95215606689453,0.3529361109087633,-1.6994046867127783,-91.98121882825633,0.6814216,-1.8403069,9.645344,-7.993476,-13.122286,-3.9150949,11.094616,-23.239407,62.584064,9.149356,7.5663066,5.338288,-3.4574482,-7.395125,17.798054,61.068527,-23.605549,7.618024,-3.274806,0.1806948,-2.844798,2.113531,6.245797,-6.0137806,0.9702454,3.6989503,3.6229591,-19.439577,5.6982827,-9.776912,-2.4446354
563,-2.19802028779,250.257131577,105.95215606689453,0.3529361109087633,-1.6994046867127783,-91.98121882825633,0.6814216,-1.8403069,9.645344,-7.993476,-13.122286,-3.9150949,11.094616,-23.239407,62.584064,9.149356,7.5663066,5.338288,-3.4574482,-7.395125,17.798054,61.068527,-23.605549,7.618024,-3.274806,0.1806948,-2.844798,2.113531,6.245797,-6.0137806,0.9702454,3.6989503,3.6229591,-19.439577,5.6982827,-9.776912,-2.4446354
564,-2.19802028779,250.257131577,105.95215606689453,0.3529361109087633,-1.6994046867127783,-91.98121882825633,0.6814216,-1.8403069,9.645344,-7.993476,-13.122286,-3.9150949,11.094616,-23.239407,62.584064,9.149356,7.5663066,5.338288,-3.4574482,-7.395125,17.798054,61.068527,-23.605549,7.618024,-3.274806,0.1806948,-2.844798,2.113531,6.245797,-6.0137806,0.9702454,3.6989503,3.6229591,-19.439577,5.6982827,-9.776912,-2.4446354
565,-2.19802028779,250.257131577,105.95215606689453,0.3529361109087633,-1.6994046867127783,-91.98121882825633,0.6814216,-1.8403069,9.645344,-7.993476,-13.122286,-3.9150949,11.094616,-23.239407,62.584064,9.149356,7.5663066,5.338288,-3.4574482,-7.395125,17.798054,61.068527,-23.605549,7.618024,-3.274806,0.1806948,-2.844798,2.113531,6.245797,-6.0137806,0.9702454,3.6989503,3.6229591,-19.439577,5.6982827,-9.776912,-2.4446354
566,-2.19802028779,250.257131577,105.95215606689453,0.3529361109087633,-1.6994046867127783,-91.98121882825633,0.6814216,-1.8403069,9.645344,-7.993476,-13.122286,-3.9150949,11.094616,-23.239407,62.584064,9.149356,7.5663066,5.338288,-3.4574482,-7.395125,17.798054,61.068527,-23.605549,7.618024,-3.274806,0.1806948,-2.844798,2.113531,6.245797,-6.0137806,0.9702454,3.6989503,3.6229591,-19.439577,5.6982827,-9.776912,-2.4446354
567,-2.19802028779,250.257131577,105.95215606689453,0.3529361109087633,-1.6994046867127783,-91.98121882825633,0.6814216,-1.8403069,9.645344,-7.993476,-13.122286,-3.9150949,11.094616,-23.239407,62.584064,9.149356,7.5663066,5.338288,-3.4574482,-7.395125,17.798054,61.068527,-23.605549,7.618024,-3.274806,0.1806948,-2.844798,2.113531,6.245797,-6.0137806,0.9702454,3.6989503,3.6229591,-19.439577,5.6982827,-9.776912,-2.4446354
568,-2.19802028779,250.257131577,105.95215606689453,0.3529361109087633,-1.6994046867127783,-91.98121882825633,0.6814216,-1.8403069,9.645344,-7.993476,-13.122286,-3.9150949,11.094616,-23.239407,62.584064,9.149356,7.5663066,5.338288,-3.4574482,-7.395125,17.798054,61.068527,-23.605549,7.618024,-3.274806,0.1806948,-2.844798,2.113531,6.245797,-6.0137806,0.9702454,3.6989503,3.6229591,-19.439577,5.6982827,-9.776912,-2.4446354
569,-2.19802028779,250.257131577,105.95215606689453,0.3529361109087633,-1.6994046867127783,-91.98121882825633,0.6814216,-1.8403069,9.645344,-7.993476,-13.122286,-3.9150949,11.094616,-23.239407,62.584064,9.149356,7.5663066,5.338288,-3.4574482,-7.395125,17.798054,61.068527,-23.605549,7.618024,-3.274806,0.1806948,-2.844798,2.113531,6.245797,-6.0137806,0.9702454,3.6989503,3.6229591,-19.439577,5.6982827,-9.776912,-2.4446354
570,-2.19802028779,250.257131577,105.95215606689453,0.3529361109087633,-1.6994046867127783,-91.98121882825633,0.6814216,-1.8403069,9.645344,-7.993476,-13.122286,-3.9150949,11.094616,-23.239407,62.584064,9.149356,7.5663066,5.338288,-3.4574482,-7.395125,17.798054,61.068527,-23.605549,7.618024,-3.274806,0.1806948,-2.844798,2.113531,6.245797,-6.0137806,0.9702454,3.6989503,3.6229591,-19.439577,5.6982827,-9.776912,-2.4446354
571,-2.19802028779,250.257131577,105.95215606689453,0.3529361109087633,-1.6994046867127783,-91.98121882825633,0.6814216,-1.8403069,9.645344,-7.993476,-13.122286,-3.9150949,11.094616,-23.239407,62.584064,9.149356,7.5663066,5.338288,-3.4574482,-7.395125,17.798054,61.068527,-23.605549,7.618024,-3.274806,0.1806948,-2.844798,2.113531,6.245797,-6.0137806,0.9702454,3.6989503,3.6229591,-19.439577,5.6982827,-9.776912,-2.4446354
572,-2.19802028779,250.257131577,105.95215606689453,0.3529361109087633,-1.6994046867127783,-91.98121882825633,0.6814216,-1.8403069,9.645344,-7.993476,-13.122286,-3.9150949,11.094616,-23.239407,62.584064,9.149356,7.5663066,5.338288,-3.4574482,-7.395125,17.798054,61.068527,-23.605549,7.618024,-3.274806,0.1806948,-2.844798,2.113531,6.245797,-6.0137806,0.9702454,3.6989503,3.6229591,-19.439577,5.6982827,-9.776912,-2.4446354
573,-2.19802028779,250.257131577,105.95215606689453,0.3529361109087633,-1.6994046867127783,-91.98121882825633,0.6814216,-1.8403069,9.645344,-7.993476,-13.122286,-3.9150949,11.094616,-23.239407,62.584064,9.149356,7.5663066,5.338288,-3.4574482,-7.395125,17.798054,61.068527,-23.605549,7.618024,-3.274806,0.1806948,-2.844798,2.113531,6.245797,-6.0137806,0.9702454,3.6989503,3.6229591,-19.439577,5.6982827,-9.776912,-2.4446354
574,-2.19802028779,250.257131577,105.95215606689453,0.3529361109087633,-1.6994046867127783,-91.98121882825633,0.6814216,-1.8403069,9.645344,-7.993476,-13.122286,-3.9150949,11.094616,-23.239407,62.584064,9.149356,7.5663066,5.338288,-3.4574482,-7.395125,17.798054,61.068527,-23.605549,7.618024,-3.274806,0.1806948,-2.844798,2.113531,6.245797,-6.0137806,0.9702454,3.6989503,3.6229591,-19.439577,5.6982827,-9.776912,-2.4446354
575,-2.19802028779,250.257131577,105.95215606689453,0.3529361109087633,-1.6994046867127783,-91.98121882825633,0.6814216,-1.8403069,9.645344,-7.993476,-13.122286,-3.9150949,11.094616,-23.239407,62.584064,9.149356,7.5663066,5.338288,-3.4574482,-7.395125,17.798054,61.068527,-23.605549,7.618024,-3.274806,0.1806948,-2.844798,2.113531,6.245797,-6.0137806,0.9702454,3.6989503,3.6229591,-19.439577,5.6982827,-9.776912,-2.4446354
576,-2.19802028779,250.257131577,105.95215606689453,0.3529361109087633,-1.6994046867127783,-91.98121882825633,0.6814216,-1.8403069,9.645344,-7.993476,-13.122286,-3.9150949,11.094616,-23.239407,62.584064,9.149356,7.5663066,5.338288,-3.4574482,-7.395125,17.798054,61.068527,-23.605549,7.618024,-3.274806,0.1806948,-2.844798,2.113531,6.245797,-6.0137806,0.9702454,3.6989503,3.6229591,-19.439577,5.6982827,-9.776912,-2.4446354
577,-2.19802028779,250.257131577,105.95215606689453,0.3529361109087633,-1.6994046867127783,-91.98121882825633,0.6814216,-1.8403069,9.645344,-7.993476,-13.122286,-3.9150949,11.094616,-23.239407,62.584064,9.149356,7.5663066,5.338288,-3.4574482,-7.395125,17.798054,61.068527,-23.605549,7.618024,-3.274806,0.1806948,-2.844798,2.113531,6.245797,-6.0137806,0.9702454,3.6989503,3.6229591,-19.439577,5.6982827,-9.776912,-2.4446354
578,-2.19802028779,250.257131577,105.95215606689453,0.3529361109087633,-1.6994046867127783,-91.98121882825633,0.6814216,-1.8403069,9.645344,-7.993476,-13.122286,-3.9150949,11.094616,-23.239407,62.584064,9.149356,7.5663066,5.338288,-3.4574482,-7.395125,17.798054,61.068527,-23.605549,7.618024,-3.274806,0.1806948,-2.844798,2.113531,6.245797,-6.0137806,0.9702454,3.6989503,3.6229591,-19.439577,5.6982827,-9.776912,-2.4446354
579,-2.19802028779,250.257131577,105.95215606689453,0.3529361109087633,-1.6994046867127783,-91.98121882825633,0.6814216,-1.8403069,9.645344,-7.993476,-13.122286,-3.9150949,11.094616,-23.239407,62.584064,9.149356,7.5663066,5.338288,-3.4574482,-7.395125,17.798054,61.068527,-23.605549,7.618024,-3.274806,0.1806948,-2.844798,2.113531,6.245797,-6.0137806,0.9702454,3.6989503,3.6229591,-19.439577,5.6982827,-9.776912,-2.4446354
580,-2.19802028779,250.257131577,105.95215606689453,0.3529361109087633,-1.6994046867127783,-91.98121882825633,0.6814216,-1.8403069,9.645344,-7.993476,-13.122286,-3.9150949,11.094616,-23.239407,62.584064,9.149356,7.5663066,5.338288,-3.4574482,-7.395125,17.798054,61.068527,-23.605549,7.618024,-3.274806,0.1806948,-2.844798,2.113531,6.245797,-6.0137806,0.9702454,3.6989503,3.6229591,-19.439577,5.6982827,-9.776912,-2.4446354
581,-2.19802028779,250.257131577,105.95215606689453,0.3529361109087633,-1.6994046867127783,-91.98121882825633,0.6814216,-1.8403069,9.645344,-7.993476,-13.122286,-3.9150949,11.094616,-23.239407,62.584064,9.149356,7.5663066,5.338288,-3.4574482,-7.395125,17.798054,61.068527,-23.605549,7.618024,-3.274806,0.1806948,-2.844798,2.113531,6.245797,-6.0137806,0.9702454,3.6989503,3.6229591,-19.439577,5.6982827,-9.776912,-2.4446354
582,-2.19802028779,250.257131577,105.95215606689453,0.3529361109087633,-1.6994046867127783,-91.98121882825633,0.6814216,-1.8403069,9.645344,-7.993476,-13.122286,-3.9150949,11.094616,-23.239407,62.584064,9.149356,7.5663066,5.338288,-3.4574482,-7.395125,17.798054,61.068527,-23.605549,7.618024,-3.274806,0.1806948,-2.844798,2.113531,6.245797,-6.0137806,0.9702454,3.6989503,3.6229591,-19.439577,5.6982827,-9.776912,-2.4446354
583,-2.19802028779,250.257131577,105.95215606689453,0.3529361109087633,-1.6994046867127783,-91.98121882825633,0.6814216,-1.8403069,9.645344,-7.993476,-13.122286,-3.9150949,11.094616,-23.239407,62.584064,9.149356,7.5663066,5.338288,-3.4574482,-7.395125,17.798054,61.068527,-23.605549,7.618024,-3.274806,0.1806948,-2.844798,2.113531,6.245797,-6.0137806,0.9702454,3.6989503,3.6229591,-19.439577,5.6982827,-9.776912,-2.4446354
584,-2.19802028779,250.257131577,105.95215606689453,0.3529361109087633,-1.6994046867127783,-91.98121882825633,0.6814216,-1.8403069,9.645344,-7.993476,-13.122286,-3.9150949,11.094616,-23.239407,62.584064,9.149356,7.5663066,5.338288,-3.4574482,-7.395125,17.798054,61.068527,-23.605549,7.618024,-3.274806,0.1806948,-2.844798,2.113531,6.245797,-6.0137806,0.9702454,3.6989503,3.6229591,-19.439577,5.6982827,-9.776912,-2.4446354
585,-2.19802028779,250.257131577,105.95215606689453,0.3529361109087633,-1.6994046867127783,-91.98121882825633,0.6814216,-1.8403069,9.645344,-7.993476,-13.122286,-3.9150949,11.094616,-23.239407,62.584064,9.149356,7.5663066,5.338288,-3.4574482,-7.395125,17.798054,61.068527,-23.605549,7.618024,-3.274806,0.1806948,-2.844798,2.113531,6.245797,-6.0137806,0.9702454,3.6989503,3.6229591,-19.439577,5.6982827,-9.776912,-2.4446354
586,-2.19802028779,250.257131577,105.95215606689453,0.3529361109087633,-1.6994046867127783,-91.98121882825633,0.6814216,-1.8403069,9.645344,-7.993476,-13.122286,-3.9150949,11.094616,-23.239407,62.584064,9.149356,7.5663066,5.338288,-3.4574482,-7.395125,17.798054,61.068527,-23.605549,7.618024,-3.274806,0.1806948,-2.844798,2.113531,6.245797,-6.0137806,0.9702454,3.6989503,3.6229591,-19.439577,5.6982827,-9.776912,-2.4446354
587,-2.19802028779,250.257131577,105.95215606689453,0.3529361109087633,-1.6994046867127783,-91.98121882825633,0.6814216,-1.8403069,9.645344,-7.993476,-13.122286,-3.9150949,11.094616,-23.239407,62.584064,9.149356,7.5663066,5.338288,-3.4574482,-7.395125,17.798054,61.068527,-23.605549,7.618024,-3.274806,0.1806948,-2.844798,2.113531,6.245797,-6.0137806,0.9702454,3.6989503,3.6229591,-19.439577,5.6982827,-9.776912,-2.4446354
588,-2.19802028779,250.257131577,105.95215606689453,0.3529361109087633,-1.6994046867127783,-91.98121882825633,0.6814216,-1.8403069,9.645344,-7.993476,-13.122286,-3.9150949,11.094616,-23.239407,62.584064,9.149356,7.5663066,5.338288,-3.4574482,-7.395125,17.798054,61.068527,-23.605549,7.618024,-3.274806,0.1806948,-2.844798,2.113531,6.245797,-6.0137806,0.9702454,3.6989503,3.6229591,-19.439577,5.6982827,-9.776912,-2.4446354
589,-2.19802028779,250.257131577,105.95215606689453,0.3529361109087633,-1.6994046867127783,-91.98121882825633,0.6814216,-1.8403069,9.645344,-7.993476,-13.122286,-3.9150949,11.094616,-23.239407,62.584064,9.149356,7.5663066,5.338288,-3.4574482,-7.395125,17.798054,61.068527,-23.605549,7.618024,-3.274806,0.1806948,-2.844798,2.113531,6.245797,-6.0137806,0.9702454,3.6989503,3.6229591,-19.439577,5.6982827,-9.776912,-2.4446354
590,-2.19802028779,250.257131577,105.95215606689453,0.3529361109087633,-1.6994046867127783,-91.98121882825633,0.6814216,-1.8403069,9.645344,-7.993476,-13.122286,-3.9150949,11.094616,-23.239407,62.584064,9.149356,7.5663066,5.338288,-3.4574482,-7.395125,17.798054,61.068527,-23.605549,7.618024,-3.274806,0.1806948,-2.844798,2.113531,6.245797,-6.0137806,0.9702454,3.6989503,3.6229591,-19.439577,5.6982827,-9.776912,-2.4446354
591,-2.19802028779,250.257131577,105.95215606689453,0.3529361109087633,-1.6994046867127783,-91.98121882825633,0.6814216,-1.8403069,9.645344,-7.993476,-13.122286,-3.9150949,11.094616,-23.239407,62.584064,9.149356,7.5663066,5.338288,-3.4574482,-7.395125,17.798054,61.068527,-23.605549,7.618024,-3.274806,0.1806948,-2.844798,2.113531,6.245797,-6.0137806,0.9702454,3.6989503,3.6229591,-19.439577,5.6982827,-9.776912,-2.4446354
592,-2.19802028779,250.257131577,105.95215606689453,0.3529361109087633,-1.6994046867127783,-91.98121882825633,0.6814216,-1.8403069,9.645344,-7.993476,-13.122286,-3.9150949,11.094616,-23.239407,62.584064,9.149356,7.5663066,5.338288,-3.4574482,-7.395125,17.798054,61.068527,-23.605549,7.618024,-3.274806,0.1806948,-2.844798,2.113531,6.245797,-6.0137806,0.9702454,3.6989503,3.6229591,-19.439577,5.6982827,-9.776912,-2.4446354
593,-2.19802028779,250.257131577,105.95215606689453,0.3529361109087633,-1.6994046867127783,-91.98121882825633,0.6814216,-1.8403069,9.645344,-7.993476,-13.122286,-3.9150949,11.094616,-23.239407,62.584064,9.149356,7.5663066,5.338288,-3.4574482,-7.395125,17.798054,61.068527,-23.605549,7.618024,-3.274806,0.1806948,-2.844798,2.113531,6.245797,-6.0137806,0.9702454,3.6989503,3.6229591,-19.439577,5.6982827,-9.776912,-2.4446354
594,-2.19802028779,250.257131577,105.95215606689453,0.3529361109087633,-1.6994046867127783,-91.98121882825633,0.6814216,-1.8403069,9.645344,-7.993476,-13.122286,-3.9150949,11.094616,-23.239407,62.584064,9.149356,7.5663066,5.338288,-3.4574482,-7.395125,17.798054,61.068527,-23.605549,7.618024,-3.274806,0.1806948,-2.844798,2.113531,6.245797,-6.0137806,0.9702454,3.6989503,3.6229591,-19.439577,5.6982827,-9.776912,-2.4446354
595,-2.19802028779,250.257131577,105.95215606689453,0.3529361109087633,-1.6994046867127783,-91.98121882825633,0.6814216,-1.8403069,9.645344,-7.993476,-13.122286,-3.9150949,11.094616,-23.239407,62.584064,9.149356,7.5663066,5.338288,-3.4574482,-7.395125,17.798054,61.068527,-23.605549,7.618024,-3.274806,0.1806948,-2.844798,2.113531,6.245797,-6.0137806,0.9702454,3.6989503,3.6229591,-19.439577,5.6982827,-9.776912,-2.4446354
596,-2.19802028779,250.257131577,105.95215606689453,0.3529361109087633,-1.6994046867127783,-91.98121882825633,0.6814216,-1.8403069,9.645344,-7.993476,-13.122286,-3.9150949,11.094616,-23.239407,62.584064,9.149356,7.5663066,5.338288,-3.4574482,-7.395125,17.798054,61.068527,-23.605549,7.618024,-3.274806,0.1806948,-2.844798,2.113531,6.245797,-6.0137806,0.9702454,3.6989503,3.6229591,-19.439577,5.6982827,-9.776912,-2.4446354
597,-2.19802028779,250.257131577,105.95215606689453,0.3529361109087633,-1.6994046867127783,-91.98121882825633,0.6814216,-1.8403069,9.645344,-7.993476,-13.122286,-3.9150949,11.094616,-23.239407,62.584064,9.149356,7.5663066,5.338288,-3.4574482,-7.395125,17.798054,61.068527,-23.605549,7.618024,-3.274806,0.1806948,-2.844798,2.113531,6.245797,-6.0137806,0.9702454,3.6989503,3.6229591,-19.439577,5.6982827,-9.776912,-2.4446354
598,-2.19802028779,250.257131577,105.95215606689453,0.3529361109087633,-1.6994046867127783,-91.98121882825633,0.6814216,-1.8403069,9.645344,-7.993476,-13.122286,-3.9150949,11.094616,-23.239407,62.584064,9.149356,7.5663066,5.338288,-3.4574482,-7.395125,17.798054,61.068527,-23.605549,7.618024,-3.274806,0.1806948,-2.844798,2.113531,6.245797,-6.0137806,0.9702454,3.6989503,3.6229591,-19.439577,5.6982827,-9.776912,-2.4446354
599,-2.19802028779,250.257131577,105.95215606689453,0.3529361109087633,-1.6994046867127783,-91.98121882825633,0.6814216,-1.8403069,9.645344,-7.993476,-13.122286,-3.9150949,11.094616,-23.239407,62.584064,9.149356,7.5663066,5.338288,-3.4574482,-7.395125,17.798054,61.068527,-23.605549,7.618024,-3.274806,0.1806948,-2.844798,2.113531,6.245797,-6.0137806,0.9702454,3.6989503,3.6229591,-19.439577,5.6982827,-9.776912,-2.4446354
600,-2.19802028779,250.257131577,105.95215606689453,0.3529361109087633,-1.6994046867127783,-91.98121882825633,0.6814216,-1.8403069,9.645344,-7.993476,-13.122286,-3.9150949,11.094616,-23.239407,62.584064,9.149356,7.5663066,5.338288,-3.4574482,-7.395125,17.798054,61.068527,-23.605549,7.618024,-3.274806,0.1806948,-2.844798,2.113531,6.245797,-6.0137806,0.9702454,3.6989503,3.6229591,-19.439577,5.6982827,-9.776912,-2.4446354
601,-2.19802028779,250.257131577,105.95215606689453,0.3529361109087633,-1.6994046867127783,-91.98121882825633,0.6814216,-1.8403069,9.645344,-7.993476,-13.122286,-3.9150949,11.094616,-23.239407,62.584064,9.149356,7.5663066,5.338288,-3.4574482,-7.395125,17.798054,61.068527,-23.605549,7.618024,-3.274806,0.1806948,-2.844798,2.113531,6.245797,-6.0137806,0.9702454,3.6989503,3.6229591,-19.439577,5.6982827,-9.776912,-2.4446354
602,-2.19802028779,250.257131577,105.95215606689453,0.3529361109087633,-1.6994046867127783,-91.98121882825633,0.6814216,-1.8403069,9.645344,-7.993476,-13.122286,-3.9150949,11.094616,-23.239407,62.584064,9.149356,7.5663066,5.338288,-3.4574482,-7.395125,17.798054,61.068527,-23.605549,7.618024,-3.274806,0.1806948,-2.844798,2.113531,6.245797,-6.0137806,0.9702454,3.6989503,3.6229591,-19.439577,5.6982827,-9.776912,-2.4446354
603,-2.19802028779,250.257131577,105.95215606689453,0.3529361109087633,-1.6994046867127783,-91.98121882825633,0.6814216,-1.8403069,9.645344,-7.993476,-13.122286,-3.9150949,11.094616,-23.239407,62.584064,9.149356,7.5663066,5.338288,-3.4574482,-7.395125,17.798054,61.068527,-23.605549,7.618024,-3.274806,0.1806948,-2.844798,2.113531,6.245797,-6.0137806,0.9702454,3.6989503,3.6229591,-19.439577,5.6982827,-9.776912,-2.4446354
604,-2.19802028779,250.257131577,105.95215606689453,0.3529361109087633,-1.6994046867127783,-91.98121882825633,0.6814216,-1.8403069,9.645344,-7.993476,-13.122286,-3.9150949,11.094616,-23.239407,62.584064,9.149356,7.5663066,5.338288,-3.4574482,-7.395125,17.798054,61.068527,-23.605549,7.618024,-3.274806,0.1806948,-2.844798,2.113531,6.245797,-6.0137806,0.9702454,3.6989503,3.6229591,-19.439577,5.6982827,-9.776912,-2.4446354
605,-2.19802028779,250.257131577,105.95215606689453,0.3529361109087633,-1.6994046867127783,-91.98121882825633,0.6814216,-1.8403069,9.645344,-7.993476,-13.122286,-3.9150949,11.094616,-23.239407,62.584064,9.149356,7.5663066,5.338288,-3.4574482,-7.395125,17.798054,61.068527,-23.605549,7.618024,-3.274806,0.1806948,-2.844798,2.113531,6.245797,-6.0137806,0.9702454,3.6989503,3.6229591,-19.439577,5.6982827,-9.776912,-2.4446354
606,-2.19802028779,250.257131577,105.95215606689453,0.3529361109087633,-1.6994046867127783,-91.98121882825633,0.6814216,-1.8403069,9.645344,-7.993476,-13.122286,-3.9150949,11.094616,-23.239407,62.584064,9.149356,7.5663066,5.338288,-3.4574482,-7.395125,17.798054,61.068527,-23.605549,7.618024,-3.274806,0.1806948,-2.844798,2.113531,6.245797,-6.0137806,0.9702454,3.6989503,3.6229591,-19.439577,5.6982827,-9.776912,-2.4446354
607,-2.19802028779,250.257131577,105.95215606689453,0.3529361109087633,-1.6994046867127783,-91.98121882825633,0.6814216,-1.8403069,9.645344,-7.993476,-13.122286,-3.9150949,11.094616,-23.239407,62.584064,9.149356,7.5663066,5.338288,-3.4574482,-7.395125,17.798054,61.068527,-23.605549,7.618024,-3.274806,0.1806948,-2.844798,2.113531,6.245797,-6.0137806,0.9702454,3.6989503,3.6229591,-19.439577,5.6982827,-9.776912,-2.4446354
608,-2.19802028779,250.257131577,105.95215606689453,0.3529361109087633,-1.6994046867127783,-91.98121882825633,0.6814216,-1.8403069,9.645344,-7.993476,-13.122286,-3.9150949,11.094616,-23.239407,62.584064,9.149356,7.5663066,5.338288,-3.4574482,-7.395125,17.798054,61.068527,-23.605549,7.618024,-3.274806,0.1806948,-2.844798,2.113531,6.245797,-6.0137806,0.9702454,3.6989503,3.6229591,-19.439577,5.6982827,-9.776912,-2.4446354
609,-2.19802028779,250.257131577,105.95215606689453,0.3529361109087633,-1.6994046867127783,-91.98121882825633,0.6814216,-1.8403069,9.645344,-7.993476,-13.122286,-3.9150949,11.094616,-23.239407,62.584064,9.149356,7.5663066,5.338288,-3.4574482,-7.395125,17.798054,61.068527,-23.605549,7.618024,-3.274806,0.1806948,-2.844798,2.113531,6.245797,-6.0137806,0.9702454,3.6989503,3.6229591,-19.439577,5.6982827,-9.776912,-2.4446354
610,-2.19802028779,250.257131577,105.95215606689453,0.3529361109087633,-1.6994046867127783,-91.98121882825633,0.6814216,-1.8403069,9.645344,-7.993476,-13.122286,-3.9150949,11.094616,-23.239407,62.584064,9.149356,7.5663066,5.338288,-3.4574482,-7.395125,17.798054,61.068527,-23.605549,7.618024,-3.274806,0.1806948,-2.844798,2.113531,6.245797,-6.0137806,0.9702454,3.6989503,3.6229591,-19.439577,5.6982827,-9.776912,-2.4446354
611,-2.19802028779,250.257131577,105.95215606689453,0.3529361109087633,-1.6994046867127783,-91.98121882825633,0.6814216,-1.8403069,9.645344,-7.993476,-13.122286,-3.9150949,11.094616,-23.239407,62.584064,9.149356,7.5663066,5.338288,-3.4574482,-7.395125,17.798054,61.068527,-23.605549,7.618024,-3.274806,0.1806948,-2.844798,2.113531,6.245797,-6.0137806,0.9702454,3.6989503,3.6229591,-19.439577,5.6982827,-9.776912,-2.4446354
612,-2.19802028779,250.257131577,105.95215606689453,0.3529361109087633,-1.6994046867127783,-91.98121882825633,0.6814216,-1.8403069,9.645344,-7.993476,-13.122286,-3.9150949,11.094616,-23.239407,62.584064,9.149356,7.5663066,5.338288,-3.4574482,-7.395125,17.798054,61.068527,-23.605549,7.618024,-3.274806,0.1806948,-2.844798,2.113531,6.245797,-6.0137806,0.9702454,3.6989503,3.6229591,-19.439577,5.6982827,-9.776912,-2.4446354
613,-2.19802028779,250.257131577,105.95215606689453,0.3529361109087633,-1.6994046867127783,-91.98121882825633,0.6814216,-1.8403069,9.645344,-7.993476,-13.122286,-3.9150949,11.094616,-23.239407,62.584064,9.149356,7.5663066,5.338288,-3.4574482,-7.395125,17.798054,61.068527,-23.605549,7.618024,-3.274806,0.1806948,-2.844798,2.113531,6.245797,-6.0137806,0.9702454,3.6989503,3.6229591,-19.439577,5.6982827,-9.776912,-2.4446354
614,-2.19802028779,250.257131577,105.95215606689453,0.3529361109087633,-1.6994046867127783,-91.98121882825633,0.6814216,-1.8403069,9.645344,-7.993476,-13.122286,-3.9150949,11.094616,-23.239407,62.584064,9.149356,7.5663066,5.338288,-3.4574482,-7.395125,17.798054,61.068527,-23.605549,7.618024,-3.274806,0.1806948,-2.844798,2.113531,6.245797,-6.0137806,0.9702454,3.6989503,3.6229591,-19.439577,5.6982827,-9.776912,-2.4446354
615,-2.19802028779,250.257131577,105.95215606689453,0.3529361109087633,-1.6994046867127783,-91.98121882825633,0.6814216,-1.8403069,9.645344,-7.993476,-13.122286,-3.9150949,11.094616,-23.239407,62.584064,9.149356,7.5663066,5.338288,-3.4574482,-7.395125,17.798054,61.068527,-23.605549,7.618024,-3.274806,0.1806948,-2.844798,2.113531,6.245797,-6.0137806,0.9702454,3.6989503,3.6229591,-19.439577,5.6982827,-9.776912,-2.4446354
616,-2.19802028779,250.257131577,105.95215606689453,0.3529361109087633,-1.6994046867127783,-91.98121882825633,0.6814216,-1.8403069,9.645344,-7.993476,-13.122286,-3.9150949,11.094616,-23.239407,62.584064,9.149356,7.5663066,5.338288,-3.4574482,-7.395125,17.798054,61.068527,-23.605549,7.618024,-3.274806,0.1806948,-2.844798,2.113531,6.245797,-6.0137806,0.9702454,3.6989503,3.6229591,-19.439577,5.6982827,-9.776912,-2.4446354
617,-2.19802028779,250.257131577,105.95215606689453,0.3529361109087633,-1.6994046867127783,-91.98121882825633,0.6814216,-1.8403069,9.645344,-7.993476,-13.122286,-3.9150949,11.094616,-23.239407,62.584064,9.149356,7.5663066,5.338288,-3.4574482,-7.395125,17.798054,61.068527,-23.605549,7.618024,-3.274806,0.1806948,-2.844798,2.113531,6.245797,-6.0137806,0.9702454,3.6989503,3.6229591,-19.439577,5.6982827,-9.776912,-2.4446354
618,-2.19802028779,250.257131577,105.95215606689453,0.3529361109087633,-1.6994046867127783,-91.98121882825633,0.6814216,-1.8403069,9.645344,-7.993476,-13.122286,-3.9150949,11.094616,-23.239407,62.584064,9.149356,7.5663066,5.338288,-3.4574482,-7.395125,17.798054,61.068527,-23.605549,7.618024,-3.274806,0.1806948,-2.844798,2.113531,6.245797,-6.0137806,0.9702454,3.6989503,3.6229591,-19.439577,5.6982827,-9.776912,-2.4446354
619,-2.19802028779,250.257131577,105.95215606689453,0.3529361109087633,-1.6994046867127783,-91.98121882825633,0.6814216,-1.8403069,9.645344,-7.993476,-13.122286,-3.9150949,11.094616,-23.239407,62.584064,9.149356,7.5663066,5.338288,-3.4574482,-7.395125,17.798054,61.068527,-23.605549,7.618024,-3.274806,0.1806948,-2.844798,2.113531,6.245797,-6.0137806,0.9702454,3.6989503,3.6229591,-19.439577,5.6982827,-9.776912,-2.4446354
620,-2.19802028779,250.257131577,105.95215606689453,0.3529361109087633,-1.6994046867127783,-91.98121882825633,0.6814216,-1.8403069,9.645344,-7.993476,-13.122286,-3.9150949,11.094616,-23.239407,62.584064,9.149356,7.5663066,5.338288,-3.4574482,-7.395125,17.798054,61.068527,-23.605549,7.618024,-3.274806,0.1806948,-2.844798,2.113531,6.245797,-6.0137806,0.9702454,3.6989503,3.6229591,-19.439577,5.6982827,-9.776912,-2.4446354
