[WARN] [1787147622.204064887] [a3_receive_input_gateway]: receive gateway started: mocap=/ppmocap/frame planner_input=/a3_mocap/ball_poses base_pose=/a3_mocap/pelvis_pose; inference=off joint_commands=off
[INFO] [1787147622.248550841] [a3_receive_input_gateway]: ball tracking: visible
[WARN] [1787147622.314910786] [a3_receive_input_gateway]: PPMocap calibrated: origin=near-left tabletop, +X=robot-to-opponent, +Y=robot-left, +Z=up
[INFO] [1787147623.197779699] [a3_receive_input_gateway]: gateway calibrated=yes frame_age=2.6ms frames=285 ball=266 base_poses=266 invalid=0 station_ok=no
[INFO] [1787147624.196652265] [a3_receive_input_gateway]: gateway calibrated=yes frame_age=0.4ms frames=585 ball=566 base_poses=566 invalid=0 station_ok=no
[INFO] [1787147625.196656460] [a3_receive_input_gateway]: gateway calibrated=yes frame_age=1.4ms frames=884 ball=865 base_poses=865 invalid=0 station_ok=no
[INFO] [1787147626.196643668] [a3_receive_input_gateway]: gateway calibrated=yes frame_age=0.3ms frames=1184 ball=1165 base_poses=1165 invalid=0 station_ok=no
[INFO] [1787147627.196953595] [a3_receive_input_gateway]: gateway calibrated=yes frame_age=3.4ms frames=1483 ball=1464 base_poses=1464 invalid=0 station_ok=no
[INFO] [1787147628.196687013] [a3_receive_input_gateway]: gateway calibrated=yes frame_age=0.2ms frames=1784 ball=1765 base_poses=1765 invalid=0 station_ok=no
[INFO] [1787147629.196695865] [a3_receive_input_gateway]: gateway calibrated=yes frame_age=1.4ms frames=2083 ball=2064 base_poses=2064 invalid=0 station_ok=no
[INFO] [1787147630.197359452] [a3_receive_input_gateway]: gateway calibrated=yes frame_age=1.0ms frames=2383 ball=2364 base_poses=2364 invalid=0 station_ok=no
[INFO] [1787147631.196680063] [a3_receive_input_gateway]: gateway calibrated=yes frame_age=3.2ms frames=2682 ball=2663 base_poses=2663 invalid=0 station_ok=no
[INFO] [1787147632.196685898] [a3_receive_input_gateway]: gateway calibrated=yes frame_age=2.5ms frames=2982 ball=2963 base_poses=2963 invalid=0 station_ok=no
[INFO] [1787147633.196770866] [a3_receive_input_gateway]: gateway calibrated=yes frame_age=1.6ms frames=3282 ball=3263 base_poses=3263 invalid=0 station_ok=no
[INFO] [1787147634.196654908] [a3_receive_input_gateway]: gateway calibrated=yes frame_age=0.6ms frames=3582 ball=3563 base_poses=3563 invalid=0 station_ok=no
[INFO] [1787147635.196785443] [a3_receive_input_gateway]: gateway calibrated=yes frame_age=1.7ms frames=3881 ball=3862 base_poses=3862 invalid=0 station_ok=no
[INFO] [1787147636.196644194] [a3_receive_input_gateway]: gateway calibrated=yes frame_age=0.6ms frames=4181 ball=4162 base_poses=4162 invalid=0 station_ok=no
[INFO] [1787147637.196711692] [a3_receive_input_gateway]: gateway calibrated=yes frame_age=3.7ms frames=4480 ball=4461 base_poses=4461 invalid=0 station_ok=no
[INFO] [1787147638.196747233] [a3_receive_input_gateway]: gateway calibrated=yes frame_age=3.0ms frames=4780 ball=4761 base_poses=4761 invalid=0 station_ok=no
[INFO] [1787147639.196697726] [a3_receive_input_gateway]: gateway calibrated=yes frame_age=2.2ms frames=5080 ball=5061 base_poses=5061 invalid=0 station_ok=no
[INFO] [1787147640.196794688] [a3_receive_input_gateway]: gateway calibrated=yes frame_age=1.5ms frames=5380 ball=5361 base_poses=5361 invalid=0 station_ok=no
[INFO] [1787147641.196701423] [a3_receive_input_gateway]: gateway calibrated=yes frame_age=0.5ms frames=5680 ball=5661 base_poses=5661 invalid=0 station_ok=no
[INFO] [1787147642.196970425] [a3_receive_input_gateway]: gateway calibrated=yes frame_age=2.4ms frames=5979 ball=5960 base_poses=5960 invalid=0 station_ok=no
[INFO] [1787147643.196707631] [a3_receive_input_gateway]: gateway calibrated=yes frame_age=2.8ms frames=6279 ball=6260 base_poses=6260 invalid=0 station_ok=no
[INFO] [1787147643.912516568] [a3_receive_input_gateway]: ball tracking: lost
[INFO] [1787147644.196739566] [a3_receive_input_gateway]: gateway calibrated=yes frame_age=2.1ms frames=6579 ball=6474 base_poses=6560 invalid=0 station_ok=no
[INFO] [1787147645.196762421] [a3_receive_input_gateway]: gateway calibrated=yes frame_age=1.2ms frames=6879 ball=6474 base_poses=6860 invalid=0 station_ok=no
[INFO] [1787147646.196655283] [a3_receive_input_gateway]: gateway calibrated=yes frame_age=0.6ms frames=7179 ball=6474 base_poses=7160 invalid=0 station_ok=no
[INFO] [1787147647.196631285] [a3_receive_input_gateway]: gateway calibrated=yes frame_age=1.6ms frames=7478 ball=6474 base_poses=7459 invalid=0 station_ok=no
[INFO] [1787147648.196884980] [a3_receive_input_gateway]: gateway calibrated=yes frame_age=0.4ms frames=7778 ball=6474 base_poses=7759 invalid=0 station_ok=no
[INFO] [1787147649.196786235] [a3_receive_input_gateway]: gateway calibrated=yes frame_age=0.4ms frames=8078 ball=6474 base_poses=8059 invalid=0 station_ok=no
[INFO] [1787147650.196755104] [a3_receive_input_gateway]: gateway calibrated=yes frame_age=3.5ms frames=8377 ball=6474 base_poses=8358 invalid=0 station_ok=no
[INFO] [1787147650.898431705] [a3_receive_input_gateway]: ball tracking: visible
[INFO] [1787147651.067700206] [a3_receive_input_gateway]: ball tracking: lost
[INFO] [1787147651.077705576] [a3_receive_input_gateway]: ball tracking: visible
[INFO] [1787147651.196806890] [a3_receive_input_gateway]: gateway calibrated=yes frame_age=2.9ms frames=8677 ball=6561 base_poses=8658 invalid=0 station_ok=no
[INFO] [1787147651.810274331] [a3_receive_input_gateway]: ball tracking: lost
[INFO] [1787147652.196745209] [a3_receive_input_gateway]: gateway calibrated=yes frame_age=2.1ms frames=8977 ball=6745 base_poses=8958 invalid=0 station_ok=no
[INFO] [1787147652.354686744] [a3_receive_input_gateway]: ball tracking: visible
[INFO] [1787147653.196854015] [a3_receive_input_gateway]: gateway calibrated=yes frame_age=1.3ms frames=9277 ball=6998 base_poses=9258 invalid=0 station_ok=no
[INFO] [1787147653.235347808] [a3_receive_input_gateway]: ball tracking: lost
[INFO] [1787147653.855683002] [a3_receive_input_gateway]: ball tracking: visible
[INFO] [1787147654.196644638] [a3_receive_input_gateway]: gateway calibrated=yes frame_age=0.4ms frames=9577 ball=7112 base_poses=9558 invalid=0 station_ok=no
[INFO] [1787147654.844286661] [a3_receive_input_gateway]: ball tracking: lost
[INFO] [1787147654.954361775] [a3_receive_input_gateway]: ball tracking: visible
[INFO] [1787147655.196841133] [a3_receive_input_gateway]: gateway calibrated=yes frame_age=1.9ms frames=9876 ball=7378 base_poses=9857 invalid=0 station_ok=no
[INFO] [1787147655.660966438] [a3_receive_input_gateway]: ball tracking: lost
[INFO] [1787147655.881162959] [a3_receive_input_gateway]: ball tracking: visible
[INFO] [1787147656.099559428] [a3_receive_input_gateway]: ball tracking: lost
[INFO] [1787147656.196644657] [a3_receive_input_gateway]: gateway calibrated=yes frame_age=1.3ms frames=10176 ball=7582 base_poses=10157 invalid=0 station_ok=no
[INFO] [1787147657.196651418] [a3_receive_input_gateway]: gateway calibrated=yes frame_age=0.4ms frames=10476 ball=7582 base_poses=10457 invalid=0 station_ok=no
[INFO] [1787147658.046483021] [a3_receive_input_gateway]: ball tracking: visible
[INFO] [1787147658.197253942] [a3_receive_input_gateway]: gateway calibrated=yes frame_age=0.2ms frames=10776 ball=7628 base_poses=10757 invalid=0 station_ok=no
[INFO] [1787147658.531674464] [a3_receive_input_gateway]: ball tracking: lost
[INFO] [1787147659.196705003] [a3_receive_input_gateway]: gateway calibrated=yes frame_age=3.4ms frames=11075 ball=7727 base_poses=11056 invalid=0 station_ok=no
[INFO] [1787147660.196763844] [a3_receive_input_gateway]: gateway calibrated=yes frame_age=2.8ms frames=11375 ball=7727 base_poses=11356 invalid=0 station_ok=no
[INFO] [1787147661.196806496] [a3_receive_input_gateway]: gateway calibrated=yes frame_age=2.2ms frames=11675 ball=7727 base_poses=11656 invalid=0 station_ok=no
[INFO] [1787147662.196820036] [a3_receive_input_gateway]: gateway calibrated=yes frame_age=1.6ms frames=11975 ball=7727 base_poses=11956 invalid=0 station_ok=no
[INFO] [1787147663.196684786] [a3_receive_input_gateway]: gateway calibrated=yes frame_age=0.7ms frames=12275 ball=7727 base_poses=12256 invalid=0 station_ok=no
[INFO] [1787147664.196749009] [a3_receive_input_gateway]: gateway calibrated=yes frame_age=0.5ms frames=12575 ball=7727 base_poses=12556 invalid=0 station_ok=no
[INFO] [1787147664.862788251] [a3_receive_input_gateway]: ball tracking: visible
[INFO] [1787147665.196928038] [a3_receive_input_gateway]: gateway calibrated=yes frame_age=0.2ms frames=12875 ball=7828 base_poses=12856 invalid=0 station_ok=yes
[INFO] [1787147666.196867514] [a3_receive_input_gateway]: gateway calibrated=yes frame_age=1.3ms frames=13174 ball=8127 base_poses=13155 invalid=0 station_ok=yes
[INFO] [1787147666.361365619] [a3_receive_input_gateway]: ball tracking: lost
[INFO] [1787147667.196805420] [a3_receive_input_gateway]: gateway calibrated=yes frame_age=2.6ms frames=13474 ball=8176 base_poses=13455 invalid=0 station_ok=yes
[INFO] [1787147668.196829218] [a3_receive_input_gateway]: gateway calibrated=yes frame_age=0.2ms frames=13774 ball=8176 base_poses=13755 invalid=0 station_ok=yes
[INFO] [1787147668.658590703] [a3_receive_input_gateway]: ball tracking: visible
[INFO] [1787147669.196727393] [a3_receive_input_gateway]: gateway calibrated=yes frame_age=1.6ms frames=14074 ball=8338 base_poses=14055 invalid=0 station_ok=yes
[INFO] [1787147670.196683168] [a3_receive_input_gateway]: gateway calibrated=yes frame_age=3.1ms frames=14373 ball=8637 base_poses=14354 invalid=0 station_ok=yes
[INFO] [1787147671.197075846] [a3_receive_input_gateway]: gateway calibrated=yes frame_age=0.4ms frames=14674 ball=8938 base_poses=14655 invalid=0 station_ok=yes
[INFO] [1787147672.196672714] [a3_receive_input_gateway]: gateway calibrated=yes frame_age=2.0ms frames=14973 ball=9237 base_poses=14954 invalid=0 station_ok=yes
[INFO] [1787147672.744921408] [a3_receive_input_gateway]: ball tracking: lost
[INFO] [1787147673.196676441] [a3_receive_input_gateway]: gateway calibrated=yes frame_age=1.7ms frames=15273 ball=9401 base_poses=15254 invalid=0 station_ok=yes
[INFO] [1787147674.196744372] [a3_receive_input_gateway]: gateway calibrated=yes frame_age=1.0ms frames=15573 ball=9401 base_poses=15554 invalid=0 station_ok=yes
[INFO] [1787147675.196657844] [a3_receive_input_gateway]: gateway calibrated=yes frame_age=0.7ms frames=15873 ball=9401 base_poses=15854 invalid=0 station_ok=yes
[INFO] [1787147676.196706736] [a3_receive_input_gateway]: gateway calibrated=yes frame_age=0.2ms frames=16173 ball=9401 base_poses=16154 invalid=0 station_ok=yes
[INFO] [1787147677.196693949] [a3_receive_input_gateway]: gateway calibrated=yes frame_age=3.6ms frames=16472 ball=9401 base_poses=16453 invalid=0 station_ok=yes
[INFO] [1787147678.196695226] [a3_receive_input_gateway]: gateway calibrated=yes frame_age=3.2ms frames=16772 ball=9401 base_poses=16753 invalid=0 station_ok=yes
[INFO] [1787147679.196686769] [a3_receive_input_gateway]: gateway calibrated=yes frame_age=2.9ms frames=17072 ball=9401 base_poses=17053 invalid=0 station_ok=yes
[INFO] [1787147680.196716801] [a3_receive_input_gateway]: gateway calibrated=yes frame_age=2.3ms frames=17372 ball=9401 base_poses=17353 invalid=0 station_ok=yes
[INFO] [1787147681.196651034] [a3_receive_input_gateway]: gateway calibrated=yes frame_age=1.7ms frames=17672 ball=9401 base_poses=17653 invalid=0 station_ok=yes
[INFO] [1787147682.196678912] [a3_receive_input_gateway]: gateway calibrated=yes frame_age=1.5ms frames=17972 ball=9401 base_poses=17953 invalid=0 station_ok=yes
[INFO] [1787147683.196693259] [a3_receive_input_gateway]: gateway calibrated=yes frame_age=0.9ms frames=18272 ball=9401 base_poses=18253 invalid=0 station_ok=yes
[INFO] [1787147684.196713586] [a3_receive_input_gateway]: gateway calibrated=yes frame_age=0.5ms frames=18572 ball=9401 base_poses=18553 invalid=0 station_ok=yes
[INFO] [1787147685.197141396] [a3_receive_input_gateway]: gateway calibrated=yes frame_age=0.3ms frames=18872 ball=9401 base_poses=18853 invalid=0 station_ok=yes
[INFO] [1787147686.196844481] [a3_receive_input_gateway]: gateway calibrated=yes frame_age=1.5ms frames=19171 ball=9401 base_poses=19152 invalid=0 station_ok=yes
[INFO] [1787147687.196683144] [a3_receive_input_gateway]: gateway calibrated=yes frame_age=1.2ms frames=19471 ball=9401 base_poses=19452 invalid=0 station_ok=yes
[INFO] [1787147688.196644617] [a3_receive_input_gateway]: gateway calibrated=yes frame_age=0.7ms frames=19771 ball=9401 base_poses=19752 invalid=0 station_ok=yes
[INFO] [1787147689.196654598] [a3_receive_input_gateway]: gateway calibrated=yes frame_age=0.6ms frames=20071 ball=9401 base_poses=20052 invalid=0 station_ok=yes
[INFO] [1787147689.746546404] [a3_receive_input_gateway]: ball tracking: visible
[INFO] [1787147690.196839219] [a3_receive_input_gateway]: gateway calibrated=yes frame_age=0.2ms frames=20371 ball=9537 base_poses=20352 invalid=0 station_ok=yes
[INFO] [1787147691.196736966] [a3_receive_input_gateway]: gateway calibrated=yes frame_age=3.7ms frames=20670 ball=9836 base_poses=20651 invalid=0 station_ok=yes
[INFO] [1787147692.196744336] [a3_receive_input_gateway]: gateway calibrated=yes frame_age=3.3ms frames=20970 ball=10136 base_poses=20951 invalid=0 station_ok=yes
[INFO] [1787147693.196798754] [a3_receive_input_gateway]: gateway calibrated=yes frame_age=2.9ms frames=21270 ball=10436 base_poses=21251 invalid=0 station_ok=yes
[INFO] [1787147694.196753062] [a3_receive_input_gateway]: gateway calibrated=yes frame_age=2.3ms frames=21570 ball=10736 base_poses=21551 invalid=0 station_ok=yes
[INFO] [1787147695.196809278] [a3_receive_input_gateway]: gateway calibrated=yes frame_age=2.2ms frames=21870 ball=11036 base_poses=21851 invalid=0 station_ok=yes
[INFO] [1787147696.196820915] [a3_receive_input_gateway]: gateway calibrated=yes frame_age=1.8ms frames=22170 ball=11336 base_poses=22151 invalid=0 station_ok=yes
[INFO] [1787147697.196695878] [a3_receive_input_gateway]: gateway calibrated=yes frame_age=1.7ms frames=22470 ball=11636 base_poses=22451 invalid=0 station_ok=yes
[INFO] [1787147698.196792913] [a3_receive_input_gateway]: gateway calibrated=yes frame_age=1.1ms frames=22770 ball=11936 base_poses=22751 invalid=0 station_ok=yes
[INFO] [1787147698.713696442] [a3_receive_input_gateway]: ball tracking: lost
[INFO] [1787147698.719731415] [a3_receive_input_gateway]: ball tracking: visible
[INFO] [1787147699.196649392] [a3_receive_input_gateway]: gateway calibrated=yes frame_age=0.8ms frames=23070 ball=12234 base_poses=23051 invalid=0 station_ok=yes
[INFO] [1787147700.196658284] [a3_receive_input_gateway]: gateway calibrated=yes frame_age=0.6ms frames=23370 ball=12534 base_poses=23351 invalid=0 station_ok=yes
[INFO] [1787147701.196596822] [a3_receive_input_gateway]: gateway calibrated=yes frame_age=0.2ms frames=23670 ball=12834 base_poses=23651 invalid=0 station_ok=yes
[INFO] [1787147702.196747585] [a3_receive_input_gateway]: gateway calibrated=yes frame_age=1.5ms frames=23969 ball=13133 base_poses=23950 invalid=0 station_ok=yes
[INFO] [1787147703.196721623] [a3_receive_input_gateway]: gateway calibrated=yes frame_age=1.6ms frames=24269 ball=13433 base_poses=24250 invalid=0 station_ok=yes
[INFO] [1787147704.196693211] [a3_receive_input_gateway]: gateway calibrated=yes frame_age=0.9ms frames=24569 ball=13733 base_poses=24550 invalid=0 station_ok=yes
[INFO] [1787147705.196647724] [a3_receive_input_gateway]: gateway calibrated=yes frame_age=0.8ms frames=24869 ball=14033 base_poses=24850 invalid=0 station_ok=yes
[INFO] [1787147706.196680558] [a3_receive_input_gateway]: gateway calibrated=yes frame_age=0.7ms frames=25169 ball=14333 base_poses=25150 invalid=0 station_ok=yes
[INFO] [1787147707.196738019] [a3_receive_input_gateway]: gateway calibrated=yes frame_age=0.2ms frames=25469 ball=14633 base_poses=25450 invalid=0 station_ok=yes
[INFO] [1787147708.197242337] [a3_receive_input_gateway]: gateway calibrated=yes frame_age=0.6ms frames=25769 ball=14933 base_poses=25750 invalid=0 station_ok=yes
[INFO] [1787147708.642832532] [a3_receive_input_gateway]: ball tracking: lost
[INFO] [1787147709.196658274] [a3_receive_input_gateway]: gateway calibrated=yes frame_age=3.7ms frames=26068 ball=15066 base_poses=26049 invalid=0 station_ok=yes
[INFO] [1787147710.127220208] [a3_receive_input_gateway]: ball tracking: visible
[INFO] [1787147710.173405279] [a3_receive_input_gateway]: ball tracking: lost
[INFO] [1787147710.196667284] [a3_receive_input_gateway]: gateway calibrated=yes frame_age=3.5ms frames=26368 ball=15080 base_poses=26349 invalid=0 station_ok=yes
[INFO] [1787147710.203139368] [a3_receive_input_gateway]: ball tracking: visible
[INFO] [1787147711.051577953] [a3_receive_input_gateway]: ball tracking: lost
[INFO] [1787147711.091708553] [a3_receive_input_gateway]: ball tracking: visible
[INFO] [1787147711.196745739] [a3_receive_input_gateway]: gateway calibrated=yes frame_age=1.1ms frames=26668 ball=15366 base_poses=26649 invalid=0 station_ok=yes
[INFO] [1787147711.837783060] [a3_receive_input_gateway]: ball tracking: lost
[INFO] [1787147711.952066244] [a3_receive_input_gateway]: ball tracking: visible
[INFO] [1787147711.959876759] [a3_receive_input_gateway]: ball tracking: lost
[INFO] [1787147712.018230148] [a3_receive_input_gateway]: ball tracking: visible
[INFO] [1787147712.196824763] [a3_receive_input_gateway]: gateway calibrated=yes frame_age=2.4ms frames=26968 ball=15615 base_poses=26949 invalid=0 station_ok=yes
[INFO] [1787147712.557884631] [a3_receive_input_gateway]: ball tracking: lost
[INFO] [1787147712.562056254] [a3_receive_input_gateway]: ball tracking: visible
[INFO] [1787147713.196660681] [a3_receive_input_gateway]: gateway calibrated=yes frame_age=0.3ms frames=27268 ball=15914 base_poses=27249 invalid=0 station_ok=yes
[INFO] [1787147714.196694389] [a3_receive_input_gateway]: gateway calibrated=yes frame_age=2.4ms frames=27568 ball=16214 base_poses=27549 invalid=0 station_ok=yes
[INFO] [1787147714.258443838] [a3_receive_input_gateway]: ball tracking: lost
[INFO] [1787147715.196866374] [a3_receive_input_gateway]: gateway calibrated=yes frame_age=2.1ms frames=27868 ball=16232 base_poses=27849 invalid=0 station_ok=yes
[INFO] [1787147716.196820174] [a3_receive_input_gateway]: gateway calibrated=yes frame_age=1.8ms frames=28168 ball=16232 base_poses=28149 invalid=0 station_ok=yes
[INFO] [1787147717.196642581] [a3_receive_input_gateway]: gateway calibrated=yes frame_age=1.5ms frames=28468 ball=16232 base_poses=28449 invalid=0 station_ok=yes
[INFO] [1787147718.196687821] [a3_receive_input_gateway]: gateway calibrated=yes frame_age=0.9ms frames=28768 ball=16232 base_poses=28749 invalid=0 station_ok=yes
[INFO] [1787147719.196674611] [a3_receive_input_gateway]: gateway calibrated=yes frame_age=1.1ms frames=29068 ball=16232 base_poses=29049 invalid=0 station_ok=yes
[INFO] [1787147720.196644841] [a3_receive_input_gateway]: gateway calibrated=yes frame_age=0.5ms frames=29368 ball=16232 base_poses=29349 invalid=0 station_ok=yes
[INFO] [1787147721.196689536] [a3_receive_input_gateway]: gateway calibrated=yes frame_age=0.5ms frames=29668 ball=16232 base_poses=29649 invalid=0 station_ok=yes
[INFO] [1787147722.014497903] [a3_receive_input_gateway]: ball tracking: visible
[INFO] [1787147722.196824139] [a3_receive_input_gateway]: gateway calibrated=yes frame_age=0.2ms frames=29968 ball=16288 base_poses=29949 invalid=0 station_ok=yes
[INFO] [1787147723.197032153] [a3_receive_input_gateway]: gateway calibrated=yes frame_age=0.2ms frames=30268 ball=16588 base_poses=30249 invalid=0 station_ok=yes
[INFO] [1787147723.914772443] [a3_receive_input_gateway]: ball tracking: lost
[INFO] [1787147724.001053582] [a3_receive_input_gateway]: ball tracking: visible
[INFO] [1787147724.196667436] [a3_receive_input_gateway]: gateway calibrated=yes frame_age=1.8ms frames=30567 ball=16861 base_poses=30548 invalid=0 station_ok=yes
[INFO] [1787147724.247433195] [a3_receive_input_gateway]: ball tracking: lost
[INFO] [1787147724.251338550] [a3_receive_input_gateway]: ball tracking: visible
[INFO] [1787147724.933181020] [a3_receive_input_gateway]: ball tracking: lost
[INFO] [1787147724.945114707] [a3_receive_input_gateway]: ball tracking: visible
[INFO] [1787147725.091327329] [a3_receive_input_gateway]: ball tracking: lost
[INFO] [1787147725.120447914] [a3_receive_input_gateway]: ball tracking: visible
[INFO] [1787147725.155245507] [a3_receive_input_gateway]: ball tracking: lost
[INFO] [1787147725.196687853] [a3_receive_input_gateway]: gateway calibrated=yes frame_age=1.7ms frames=30867 ball=17135 base_poses=30848 invalid=0 station_ok=yes
[INFO] [1787147725.206999943] [a3_receive_input_gateway]: ball tracking: visible
[INFO] [1787147725.231050060] [a3_receive_input_gateway]: ball tracking: lost
[INFO] [1787147726.196823465] [a3_receive_input_gateway]: gateway calibrated=yes frame_age=1.2ms frames=31167 ball=17142 base_poses=31148 invalid=0 station_ok=yes
[INFO] [1787147727.196736378] [a3_receive_input_gateway]: gateway calibrated=yes frame_age=0.9ms frames=31467 ball=17142 base_poses=31448 invalid=0 station_ok=yes
[INFO] [1787147728.196750656] [a3_receive_input_gateway]: gateway calibrated=yes frame_age=0.7ms frames=31767 ball=17142 base_poses=31748 invalid=0 station_ok=yes
[INFO] [1787147729.196644087] [a3_receive_input_gateway]: gateway calibrated=yes frame_age=0.5ms frames=32067 ball=17142 base_poses=32048 invalid=0 station_ok=yes
[INFO] [1787147730.196648844] [a3_receive_input_gateway]: gateway calibrated=yes frame_age=0.5ms frames=32367 ball=17142 base_poses=32348 invalid=0 station_ok=yes
[INFO] [1787147731.196781085] [a3_receive_input_gateway]: gateway calibrated=yes frame_age=0.4ms frames=32667 ball=17142 base_poses=32648 invalid=0 station_ok=yes
[INFO] [1787147732.196826064] [a3_receive_input_gateway]: gateway calibrated=yes frame_age=0.2ms frames=32967 ball=17142 base_poses=32948 invalid=0 station_ok=yes
[INFO] [1787147733.196863610] [a3_receive_input_gateway]: gateway calibrated=yes frame_age=3.8ms frames=33266 ball=17142 base_poses=33247 invalid=0 station_ok=yes
[INFO] [1787147734.196812575] [a3_receive_input_gateway]: gateway calibrated=yes frame_age=3.7ms frames=33566 ball=17142 base_poses=33547 invalid=0 station_ok=yes
[INFO] [1787147735.196660950] [a3_receive_input_gateway]: gateway calibrated=yes frame_age=3.5ms frames=33866 ball=17142 base_poses=33847 invalid=0 station_ok=yes
[INFO] [1787147735.955946282] [a3_receive_input_gateway]: ball tracking: visible
[INFO] [1787147736.061320514] [a3_receive_input_gateway]: ball tracking: lost
[INFO] [1787147736.065568704] [a3_receive_input_gateway]: ball tracking: visible
[INFO] [1787147736.196782489] [a3_receive_input_gateway]: gateway calibrated=yes frame_age=2.3ms frames=34166 ball=17214 base_poses=34147 invalid=0 station_ok=yes
[INFO] [1787147736.507473244] [a3_receive_input_gateway]: ball tracking: lost
[INFO] [1787147736.517851688] [a3_receive_input_gateway]: ball tracking: visible
[INFO] [1787147736.774208746] [a3_receive_input_gateway]: ball tracking: lost
[INFO] [1787147736.788352117] [a3_receive_input_gateway]: ball tracking: visible
[INFO] [1787147737.196650683] [a3_receive_input_gateway]: gateway calibrated=yes frame_age=0.9ms frames=34466 ball=17507 base_poses=34447 invalid=0 station_ok=yes
[INFO] [1787147737.401851783] [a3_receive_input_gateway]: ball tracking: lost
[INFO] [1787147737.445731807] [a3_receive_input_gateway]: ball tracking: visible
[INFO] [1787147737.913769714] [a3_receive_input_gateway]: ball tracking: lost
[INFO] [1787147737.923774429] [a3_receive_input_gateway]: ball tracking: visible
[INFO] [1787147738.196679804] [a3_receive_input_gateway]: gateway calibrated=yes frame_age=2.8ms frames=34766 ball=17791 base_poses=34747 invalid=0 station_ok=yes
[INFO] [1787147738.683901788] [a3_receive_input_gateway]: ball tracking: lost
[INFO] [1787147738.694404007] [a3_receive_input_gateway]: ball tracking: visible
[INFO] [1787147738.701799237] [a3_receive_input_gateway]: ball tracking: lost
[INFO] [1787147738.708646117] [a3_receive_input_gateway]: ball tracking: visible
[INFO] [1787147739.196639612] [a3_receive_input_gateway]: gateway calibrated=yes frame_age=0.5ms frames=35066 ball=18086 base_poses=35047 invalid=0 station_ok=yes
[INFO] [1787147739.247942801] [a3_receive_input_gateway]: ball tracking: lost
[INFO] [1787147739.282054765] [a3_receive_input_gateway]: ball tracking: visible
[INFO] [1787147739.291953996] [a3_receive_input_gateway]: ball tracking: lost
[INFO] [1787147739.322053732] [a3_receive_input_gateway]: ball tracking: visible
[INFO] [1787147739.392043451] [a3_receive_input_gateway]: ball tracking: lost
[INFO] [1787147740.196791370] [a3_receive_input_gateway]: gateway calibrated=yes frame_age=2.4ms frames=35366 ball=18125 base_poses=35347 invalid=0 station_ok=yes
[INFO] [1787147741.196704922] [a3_receive_input_gateway]: gateway calibrated=yes frame_age=0.2ms frames=35666 ball=18125 base_poses=35647 invalid=0 station_ok=yes
[INFO] [1787147741.634388214] [a3_receive_input_gateway]: ball tracking: visible
[INFO] [1787147742.196697360] [a3_receive_input_gateway]: gateway calibrated=yes frame_age=1.9ms frames=35966 ball=18294 base_poses=35947 invalid=0 station_ok=yes
[INFO] [1787147742.784883346] [a3_receive_input_gateway]: ball tracking: lost
[INFO] [1787147743.196742443] [a3_receive_input_gateway]: gateway calibrated=yes frame_age=3.7ms frames=36265 ball=18470 base_poses=36246 invalid=0 station_ok=yes
[INFO] [1787147743.413032075] [a3_receive_input_gateway]: ball tracking: visible
[INFO] [1787147743.482774748] [a3_receive_input_gateway]: ball tracking: lost
[INFO] [1787147743.518890136] [a3_receive_input_gateway]: ball tracking: visible
[INFO] [1787147743.574714685] [a3_receive_input_gateway]: ball tracking: lost
[INFO] [1787147743.579143776] [a3_receive_input_gateway]: ball tracking: visible
[INFO] [1787147743.759156430] [a3_receive_input_gateway]: ball tracking: lost
[INFO] [1787147743.806817928] [a3_receive_input_gateway]: ball tracking: visible
[INFO] [1787147744.196797344] [a3_receive_input_gateway]: gateway calibrated=yes frame_age=1.8ms frames=36566 ball=18680 base_poses=36547 invalid=0 station_ok=yes
[INFO] [1787147744.732990942] [a3_receive_input_gateway]: ball tracking: lost
[INFO] [1787147744.738875114] [a3_receive_input_gateway]: ball tracking: visible
[INFO] [1787147745.196785944] [a3_receive_input_gateway]: gateway calibrated=yes frame_age=3.6ms frames=36865 ball=18977 base_poses=36846 invalid=0 station_ok=yes
[INFO] [1787147746.055859133] [a3_receive_input_gateway]: ball tracking: lost
[INFO] [1787147746.196858076] [a3_receive_input_gateway]: gateway calibrated=yes frame_age=1.1ms frames=37166 ball=19235 base_poses=37147 invalid=0 station_ok=yes
[INFO] [1787147747.097771172] [a3_receive_input_gateway]: ball tracking: visible
[INFO] [1787147747.196788087] [a3_receive_input_gateway]: gateway calibrated=yes frame_age=3.4ms frames=37465 ball=19265 base_poses=37446 invalid=0 station_ok=yes
[INFO] [1787147747.529479897] [a3_receive_input_gateway]: ball tracking: lost
[INFO] [1787147747.662081701] [a3_receive_input_gateway]: ball tracking: visible
[INFO] [1787147748.196678629] [a3_receive_input_gateway]: gateway calibrated=yes frame_age=3.0ms frames=37765 ball=19526 base_poses=37746 invalid=0 station_ok=yes
[INFO] [1787147749.196697373] [a3_receive_input_gateway]: gateway calibrated=yes frame_age=2.7ms frames=38065 ball=19826 base_poses=38046 invalid=0 station_ok=yes
[INFO] [1787147749.433835354] [a3_receive_input_gateway]: ball tracking: lost
[INFO] [1787147749.569904818] [a3_receive_input_gateway]: ball tracking: visible
[INFO] [1787147749.889850833] [a3_receive_input_gateway]: ball tracking: lost
[INFO] [1787147750.196730036] [a3_receive_input_gateway]: gateway calibrated=yes frame_age=2.8ms frames=38365 ball=19994 base_poses=38346 invalid=0 station_ok=yes
[INFO] [1787147751.196697200] [a3_receive_input_gateway]: gateway calibrated=yes frame_age=2.5ms frames=38665 ball=19994 base_poses=38646 invalid=0 station_ok=yes
[INFO] [1787147752.196826000] [a3_receive_input_gateway]: gateway calibrated=yes frame_age=2.5ms frames=38965 ball=19994 base_poses=38946 invalid=0 station_ok=yes
[INFO] [1787147752.488290863] [a3_receive_input_gateway]: ball tracking: visible
[INFO] [1787147752.560346006] [a3_receive_input_gateway]: ball tracking: lost
[INFO] [1787147752.570382625] [a3_receive_input_gateway]: ball tracking: visible
[INFO] [1787147753.008214017] [a3_receive_input_gateway]: ball tracking: lost
[INFO] [1787147753.030240049] [a3_receive_input_gateway]: ball tracking: visible
[INFO] [1787147753.196706673] [a3_receive_input_gateway]: gateway calibrated=yes frame_age=2.4ms frames=39265 ball=20197 base_poses=39246 invalid=0 station_ok=yes
[INFO] [1787147753.440531541] [a3_receive_input_gateway]: ball tracking: lost
[INFO] [1787147753.460474977] [a3_receive_input_gateway]: ball tracking: visible
[INFO] [1787147753.518712275] [a3_receive_input_gateway]: ball tracking: lost
[INFO] [1787147753.528527679] [a3_receive_input_gateway]: ball tracking: visible
[INFO] [1787147753.540493779] [a3_receive_input_gateway]: ball tracking: lost
[INFO] [1787147753.550572965] [a3_receive_input_gateway]: ball tracking: visible
[INFO] [1787147753.890675132] [a3_receive_input_gateway]: ball tracking: lost
[INFO] [1787147753.894568646] [a3_receive_input_gateway]: ball tracking: visible
[INFO] [1787147753.904416040] [a3_receive_input_gateway]: ball tracking: lost
[INFO] [1787147753.964460754] [a3_receive_input_gateway]: ball tracking: visible
[INFO] [1787147753.972516965] [a3_receive_input_gateway]: ball tracking: lost
[INFO] [1787147754.174718727] [a3_receive_input_gateway]: ball tracking: visible
[INFO] [1787147754.196687601] [a3_receive_input_gateway]: gateway calibrated=yes frame_age=2.0ms frames=39565 ball=20405 base_poses=39546 invalid=0 station_ok=yes
[INFO] [1787147755.196851243] [a3_receive_input_gateway]: gateway calibrated=yes frame_age=1.9ms frames=39865 ball=20705 base_poses=39846 invalid=0 station_ok=yes
[INFO] [1787147755.570776414] [a3_receive_input_gateway]: ball tracking: lost
[INFO] [1787147755.594607811] [a3_receive_input_gateway]: ball tracking: visible
[INFO] [1787147756.196923353] [a3_receive_input_gateway]: gateway calibrated=yes frame_age=1.6ms frames=40165 ball=20998 base_poses=40146 invalid=0 station_ok=yes
[INFO] [1787147756.905156847] [a3_receive_input_gateway]: ball tracking: lost
[INFO] [1787147757.196644596] [a3_receive_input_gateway]: gateway calibrated=yes frame_age=1.8ms frames=40465 ball=21210 base_poses=40446 invalid=0 station_ok=yes
[INFO] [1787147758.019204746] [a3_receive_input_gateway]: ball tracking: visible
[INFO] [1787147758.196781816] [a3_receive_input_gateway]: gateway calibrated=yes frame_age=1.6ms frames=40765 ball=21264 base_poses=40746 invalid=0 station_ok=yes
[INFO] [1787147759.196797473] [a3_receive_input_gateway]: gateway calibrated=yes frame_age=1.4ms frames=41065 ball=21564 base_poses=41046 invalid=0 station_ok=yes
[INFO] [1787147759.511247248] [a3_receive_input_gateway]: ball tracking: lost
[INFO] [1787147759.515138251] [a3_receive_input_gateway]: ball tracking: visible
[INFO] [1787147759.755410580] [a3_receive_input_gateway]: ball tracking: lost
[INFO] [1787147759.771353603] [a3_receive_input_gateway]: ball tracking: visible
[INFO] [1787147760.197008901] [a3_receive_input_gateway]: gateway calibrated=yes frame_age=1.6ms frames=41365 ball=21858 base_poses=41346 invalid=0 station_ok=yes
[INFO] [1787147760.205423208] [a3_receive_input_gateway]: ball tracking: lost
[INFO] [1787147760.225473055] [a3_receive_input_gateway]: ball tracking: visible
[INFO] [1787147760.251430089] [a3_receive_input_gateway]: ball tracking: lost
[INFO] [1787147760.255427624] [a3_receive_input_gateway]: ball tracking: visible
[INFO] [1787147761.196666424] [a3_receive_input_gateway]: gateway calibrated=yes frame_age=1.2ms frames=41665 ball=22151 base_poses=41646 invalid=0 station_ok=yes
[INFO] [1787147761.719539923] [a3_receive_input_gateway]: ball tracking: lost
[INFO] [1787147761.729836291] [a3_receive_input_gateway]: ball tracking: visible
[INFO] [1787147762.197029332] [a3_receive_input_gateway]: gateway calibrated=yes frame_age=0.7ms frames=41965 ball=22448 base_poses=41946 invalid=0 station_ok=yes
[INFO] [1787147762.385678758] [a3_receive_input_gateway]: ball tracking: lost
[INFO] [1787147762.403889077] [a3_receive_input_gateway]: ball tracking: visible
[INFO] [1787147762.459906841] [a3_receive_input_gateway]: ball tracking: lost
[INFO] [1787147762.503638306] [a3_receive_input_gateway]: ball tracking: visible
[INFO] [1787147762.839863303] [a3_receive_input_gateway]: ball tracking: lost
[INFO] [1787147762.841778069] [a3_receive_input_gateway]: ball tracking: visible
[INFO] [1787147763.196649205] [a3_receive_input_gateway]: gateway calibrated=yes frame_age=0.8ms frames=42265 ball=22729 base_poses=42246 invalid=0 station_ok=yes
[INFO] [1787147763.835933470] [a3_receive_input_gateway]: ball tracking: lost
[INFO] [1787147763.839902272] [a3_receive_input_gateway]: ball tracking: visible
[INFO] [1787147764.197068913] [a3_receive_input_gateway]: gateway calibrated=yes frame_age=0.6ms frames=42565 ball=23028 base_poses=42546 invalid=0 station_ok=yes
[INFO] [1787147764.430057214] [a3_receive_input_gateway]: ball tracking: lost
[INFO] [1787147764.490152454] [a3_receive_input_gateway]: ball tracking: visible
[INFO] [1787147764.513949894] [a3_receive_input_gateway]: ball tracking: lost
[INFO] [1787147764.524265821] [a3_receive_input_gateway]: ball tracking: visible
[INFO] [1787147764.986449137] [a3_receive_input_gateway]: ball tracking: lost
[INFO] [1787147764.999923180] [a3_receive_input_gateway]: ball tracking: visible
[INFO] [1787147765.196666160] [a3_receive_input_gateway]: gateway calibrated=yes frame_age=0.4ms frames=42865 ball=23303 base_poses=42846 invalid=0 station_ok=yes
[INFO] [1787147766.196870280] [a3_receive_input_gateway]: gateway calibrated=yes frame_age=0.2ms frames=43165 ball=23603 base_poses=43146 invalid=0 station_ok=yes
[INFO] [1787147766.670376424] [a3_receive_input_gateway]: ball tracking: lost
[INFO] [1787147766.716145647] [a3_receive_input_gateway]: ball tracking: visible
[INFO] [1787147767.196634454] [a3_receive_input_gateway]: gateway calibrated=yes frame_age=0.5ms frames=43465 ball=23889 base_poses=43446 invalid=0 station_ok=yes
[INFO] [1787147767.486435287] [a3_receive_input_gateway]: ball tracking: lost
[INFO] [1787147768.196648790] [a3_receive_input_gateway]: gateway calibrated=yes frame_age=0.3ms frames=43765 ball=23975 base_poses=43746 invalid=0 station_ok=yes
[INFO] [1787147769.196664202] [a3_receive_input_gateway]: gateway calibrated=yes frame_age=0.2ms frames=44065 ball=23975 base_poses=44046 invalid=0 station_ok=yes
[INFO] [1787147770.196785814] [a3_receive_input_gateway]: gateway calibrated=yes frame_age=0.2ms frames=44365 ball=23975 base_poses=44346 invalid=0 station_ok=yes
[INFO] [1787147771.197256404] [a3_receive_input_gateway]: gateway calibrated=yes frame_age=0.2ms frames=44665 ball=23975 base_poses=44646 invalid=0 station_ok=yes
[INFO] [1787147772.196665604] [a3_receive_input_gateway]: gateway calibrated=yes frame_age=3.6ms frames=44964 ball=23975 base_poses=44945 invalid=0 station_ok=yes
[INFO] [1787147773.196637670] [a3_receive_input_gateway]: gateway calibrated=yes frame_age=1.7ms frames=45264 ball=23975 base_poses=45245 invalid=0 station_ok=yes
[INFO] [1787147774.196667321] [a3_receive_input_gateway]: gateway calibrated=yes frame_age=1.6ms frames=45564 ball=23975 base_poses=45545 invalid=0 station_ok=yes
[INFO] [1787147775.196695926] [a3_receive_input_gateway]: gateway calibrated=yes frame_age=1.5ms frames=45864 ball=23975 base_poses=45845 invalid=0 station_ok=yes
[INFO] [1787147776.196728932] [a3_receive_input_gateway]: gateway calibrated=yes frame_age=1.3ms frames=46164 ball=23975 base_poses=46145 invalid=0 station_ok=yes
[INFO] [1787147777.196639532] [a3_receive_input_gateway]: gateway calibrated=yes frame_age=0.9ms frames=46464 ball=23975 base_poses=46445 invalid=0 station_ok=yes
[INFO] [1787147778.196655218] [a3_receive_input_gateway]: gateway calibrated=yes frame_age=1.0ms frames=46764 ball=23975 base_poses=46745 invalid=0 station_ok=yes
[INFO] [1787147779.196647155] [a3_receive_input_gateway]: gateway calibrated=yes frame_age=0.6ms frames=47064 ball=23975 base_poses=47045 invalid=0 station_ok=yes
[INFO] [1787147780.196646754] [a3_receive_input_gateway]: gateway calibrated=yes frame_age=0.7ms frames=47364 ball=23975 base_poses=47345 invalid=0 station_ok=yes
[INFO] [1787147781.196762887] [a3_receive_input_gateway]: gateway calibrated=yes frame_age=0.7ms frames=47664 ball=23975 base_poses=47645 invalid=0 station_ok=yes
[INFO] [1787147782.196842067] [a3_receive_input_gateway]: gateway calibrated=yes frame_age=0.5ms frames=47964 ball=23975 base_poses=47945 invalid=0 station_ok=yes
[INFO] [1787147783.196670334] [a3_receive_input_gateway]: gateway calibrated=yes frame_age=0.5ms frames=48264 ball=23975 base_poses=48245 invalid=0 station_ok=yes
[INFO] [1787147784.196662748] [a3_receive_input_gateway]: gateway calibrated=yes frame_age=0.5ms frames=48564 ball=23975 base_poses=48545 invalid=0 station_ok=yes
[INFO] [1787147785.196635603] [a3_receive_input_gateway]: gateway calibrated=yes frame_age=0.3ms frames=48864 ball=23975 base_poses=48845 invalid=0 station_ok=yes
[INFO] [1787147786.196620308] [a3_receive_input_gateway]: gateway calibrated=yes frame_age=0.2ms frames=49164 ball=23975 base_poses=49145 invalid=0 station_ok=yes
[INFO] [1787147787.196625580] [a3_receive_input_gateway]: gateway calibrated=yes frame_age=0.3ms frames=49464 ball=23975 base_poses=49445 invalid=0 station_ok=yes
[INFO] [1787147788.196970939] [a3_receive_input_gateway]: gateway calibrated=yes frame_age=0.4ms frames=49764 ball=23975 base_poses=49745 invalid=0 station_ok=yes
[INFO] [1787147789.196721603] [a3_receive_input_gateway]: gateway calibrated=yes frame_age=0.2ms frames=50064 ball=23975 base_poses=50045 invalid=0 station_ok=yes
[INFO] [1787147790.196699966] [a3_receive_input_gateway]: gateway calibrated=yes frame_age=3.7ms frames=50363 ball=23975 base_poses=50344 invalid=0 station_ok=yes
[INFO] [1787147791.196673825] [a3_receive_input_gateway]: gateway calibrated=yes frame_age=3.4ms frames=50663 ball=23975 base_poses=50644 invalid=0 station_ok=yes
[INFO] [1787147792.196719152] [a3_receive_input_gateway]: gateway calibrated=yes frame_age=3.1ms frames=50963 ball=23975 base_poses=50944 invalid=0 station_ok=yes
[INFO] [1787147793.196711738] [a3_receive_input_gateway]: gateway calibrated=yes frame_age=3.7ms frames=51263 ball=23975 base_poses=51244 invalid=0 station_ok=yes
[INFO] [1787147794.196737523] [a3_receive_input_gateway]: gateway calibrated=yes frame_age=3.7ms frames=51563 ball=23975 base_poses=51544 invalid=0 station_ok=yes
[INFO] [1787147795.196733352] [a3_receive_input_gateway]: gateway calibrated=yes frame_age=3.4ms frames=51863 ball=23975 base_poses=51844 invalid=0 station_ok=yes
[INFO] [1787147796.196678795] [a3_receive_input_gateway]: gateway calibrated=yes frame_age=3.4ms frames=52163 ball=23975 base_poses=52144 invalid=0 station_ok=yes
[INFO] [1787147797.196797608] [a3_receive_input_gateway]: gateway calibrated=yes frame_age=3.4ms frames=52463 ball=23975 base_poses=52444 invalid=0 station_ok=yes
[INFO] [1787147798.196784179] [a3_receive_input_gateway]: gateway calibrated=yes frame_age=1.3ms frames=52763 ball=23975 base_poses=52744 invalid=0 station_ok=yes
[INFO] [1787147799.196653461] [a3_receive_input_gateway]: gateway calibrated=yes frame_age=3.0ms frames=53063 ball=23975 base_poses=53044 invalid=0 station_ok=yes
[INFO] [1787147800.196673828] [a3_receive_input_gateway]: gateway calibrated=yes frame_age=3.0ms frames=53363 ball=23975 base_poses=53344 invalid=0 station_ok=yes
[INFO] [1787147801.196657897] [a3_receive_input_gateway]: gateway calibrated=yes frame_age=3.1ms frames=53663 ball=23975 base_poses=53644 invalid=0 station_ok=yes
[INFO] [1787147802.196707817] [a3_receive_input_gateway]: gateway calibrated=yes frame_age=2.7ms frames=53963 ball=23975 base_poses=53944 invalid=0 station_ok=yes
[INFO] [1787147803.196670247] [a3_receive_input_gateway]: gateway calibrated=yes frame_age=2.9ms frames=54263 ball=23975 base_poses=54244 invalid=0 station_ok=yes
[INFO] [1787147803.871909524] [a3_receive_input_gateway]: ball tracking: visible
[INFO] [1787147804.196736841] [a3_receive_input_gateway]: gateway calibrated=yes frame_age=0.8ms frames=54563 ball=24073 base_poses=54544 invalid=0 station_ok=yes
[INFO] [1787147805.196702095] [a3_receive_input_gateway]: gateway calibrated=yes frame_age=2.7ms frames=54863 ball=24373 base_poses=54844 invalid=0 station_ok=yes
[INFO] [1787147806.196784321] [a3_receive_input_gateway]: gateway calibrated=yes frame_age=2.5ms frames=55163 ball=24673 base_poses=55144 invalid=0 station_ok=yes
[INFO] [1787147807.196768317] [a3_receive_input_gateway]: gateway calibrated=yes frame_age=2.5ms frames=55463 ball=24973 base_poses=55444 invalid=0 station_ok=yes
[INFO] [1787147808.196717855] [a3_receive_input_gateway]: gateway calibrated=yes frame_age=0.4ms frames=55763 ball=25273 base_poses=55744 invalid=0 station_ok=yes
[INFO] [1787147809.196853092] [a3_receive_input_gateway]: gateway calibrated=yes frame_age=0.3ms frames=56063 ball=25573 base_poses=56044 invalid=0 station_ok=yes
[INFO] [1787147810.196626369] [a3_receive_input_gateway]: gateway calibrated=yes frame_age=0.2ms frames=56363 ball=25873 base_poses=56344 invalid=0 station_ok=yes
[INFO] [1787147811.196648084] [a3_receive_input_gateway]: gateway calibrated=yes frame_age=0.3ms frames=56663 ball=26173 base_poses=56644 invalid=0 station_ok=yes
[INFO] [1787147812.196887432] [a3_receive_input_gateway]: gateway calibrated=yes frame_age=0.2ms frames=56963 ball=26473 base_poses=56944 invalid=0 station_ok=yes
[INFO] [1787147813.196719580] [a3_receive_input_gateway]: gateway calibrated=yes frame_age=0.2ms frames=57263 ball=26773 base_poses=57244 invalid=0 station_ok=yes
[INFO] [1787147814.196750851] [a3_receive_input_gateway]: gateway calibrated=yes frame_age=0.2ms frames=57563 ball=27073 base_poses=57544 invalid=0 station_ok=yes
[INFO] [1787147815.196770944] [a3_receive_input_gateway]: gateway calibrated=yes frame_age=0.2ms frames=57863 ball=27373 base_poses=57844 invalid=0 station_ok=yes
[INFO] [1787147816.196813499] [a3_receive_input_gateway]: gateway calibrated=yes frame_age=3.8ms frames=58162 ball=27672 base_poses=58143 invalid=0 station_ok=yes
[INFO] [1787147817.196866362] [a3_receive_input_gateway]: gateway calibrated=yes frame_age=3.4ms frames=58462 ball=27972 base_poses=58443 invalid=0 station_ok=yes
[INFO] [1787147818.196652448] [a3_receive_input_gateway]: gateway calibrated=yes frame_age=3.5ms frames=58762 ball=28272 base_poses=58743 invalid=0 station_ok=yes
[INFO] [1787147819.196697536] [a3_receive_input_gateway]: gateway calibrated=yes frame_age=3.7ms frames=59062 ball=28572 base_poses=59043 invalid=0 station_ok=yes
[INFO] [1787147820.196772542] [a3_receive_input_gateway]: gateway calibrated=yes frame_age=3.7ms frames=59362 ball=28872 base_poses=59343 invalid=0 station_ok=yes
[INFO] [1787147821.196747571] [a3_receive_input_gateway]: gateway calibrated=yes frame_age=3.6ms frames=59662 ball=29172 base_poses=59643 invalid=0 station_ok=yes
[INFO] [1787147821.693014331] [a3_receive_input_gateway]: ball tracking: lost
[INFO] [1787147822.196891727] [a3_receive_input_gateway]: gateway calibrated=yes frame_age=3.1ms frames=59962 ball=29321 base_poses=59943 invalid=0 station_ok=yes
[INFO] [1787147823.196723918] [a3_receive_input_gateway]: gateway calibrated=yes frame_age=3.6ms frames=60262 ball=29321 base_poses=60243 invalid=0 station_ok=yes
[INFO] [1787147824.196737699] [a3_receive_input_gateway]: gateway calibrated=yes frame_age=3.5ms frames=60562 ball=29321 base_poses=60543 invalid=0 station_ok=yes
[INFO] [1787147825.196684435] [a3_receive_input_gateway]: gateway calibrated=yes frame_age=3.3ms frames=60862 ball=29321 base_poses=60843 invalid=0 station_ok=yes
[INFO] [1787147826.196703016] [a3_receive_input_gateway]: gateway calibrated=yes frame_age=3.3ms frames=61162 ball=29321 base_poses=61143 invalid=0 station_ok=yes
[INFO] [1787147827.196720808] [a3_receive_input_gateway]: gateway calibrated=yes frame_age=3.4ms frames=61462 ball=29321 base_poses=61443 invalid=0 station_ok=yes
[INFO] [1787147828.196804730] [a3_receive_input_gateway]: gateway calibrated=yes frame_age=3.4ms frames=61762 ball=29321 base_poses=61743 invalid=0 station_ok=yes
[INFO] [1787147828.703683604] [a3_receive_input_gateway]: ball tracking: visible
[INFO] [1787147829.196730580] [a3_receive_input_gateway]: gateway calibrated=yes frame_age=3.3ms frames=62062 ball=29469 base_poses=62043 invalid=0 station_ok=yes
[INFO] [1787147830.196661695] [a3_receive_input_gateway]: gateway calibrated=yes frame_age=3.2ms frames=62362 ball=29769 base_poses=62343 invalid=0 station_ok=yes
[INFO] [1787147831.196779317] [a3_receive_input_gateway]: gateway calibrated=yes frame_age=3.1ms frames=62662 ball=30069 base_poses=62643 invalid=0 station_ok=yes
[INFO] [1787147832.196674357] [a3_receive_input_gateway]: gateway calibrated=yes frame_age=3.0ms frames=62962 ball=30369 base_poses=62943 invalid=0 station_ok=yes
[INFO] [1787147832.913696106] [a3_receive_input_gateway]: ball tracking: lost
[INFO] [1787147833.196993533] [a3_receive_input_gateway]: gateway calibrated=yes frame_age=2.7ms frames=63262 ball=30584 base_poses=63243 invalid=0 station_ok=yes
[INFO] [1787147834.196863415] [a3_receive_input_gateway]: gateway calibrated=yes frame_age=2.8ms frames=63562 ball=30584 base_poses=63543 invalid=0 station_ok=yes
[INFO] [1787147835.196788848] [a3_receive_input_gateway]: gateway calibrated=yes frame_age=2.9ms frames=63862 ball=30584 base_poses=63843 invalid=0 station_ok=no
[INFO] [1787147835.481900442] [a3_receive_input_gateway]: ball tracking: visible
[INFO] [1787147836.196779384] [a3_receive_input_gateway]: gateway calibrated=yes frame_age=0.3ms frames=64162 ball=30799 base_poses=64143 invalid=0 station_ok=no
[INFO] [1787147836.663793459] [a3_receive_input_gateway]: ball tracking: lost
[INFO] [1787147837.196676076] [a3_receive_input_gateway]: gateway calibrated=yes frame_age=2.7ms frames=64462 ball=30939 base_poses=64443 invalid=0 station_ok=no
[INFO] [1787147838.196722039] [a3_receive_input_gateway]: gateway calibrated=yes frame_age=2.8ms frames=64762 ball=30939 base_poses=64743 invalid=0 station_ok=no
[INFO] [1787147839.196691089] [a3_receive_input_gateway]: gateway calibrated=yes frame_age=2.5ms frames=65062 ball=30939 base_poses=65043 invalid=0 station_ok=no
[INFO] [1787147840.196797248] [a3_receive_input_gateway]: gateway calibrated=yes frame_age=2.8ms frames=65362 ball=30939 base_poses=65343 invalid=0 station_ok=no
[INFO] [1787147841.196689266] [a3_receive_input_gateway]: gateway calibrated=yes frame_age=2.5ms frames=65662 ball=30939 base_poses=65643 invalid=0 station_ok=no
[INFO] [1787147842.196762598] [a3_receive_input_gateway]: gateway calibrated=yes frame_age=2.5ms frames=65962 ball=30939 base_poses=65943 invalid=0 station_ok=no
[INFO] [1787147843.196674171] [a3_receive_input_gateway]: gateway calibrated=yes frame_age=2.6ms frames=66262 ball=30939 base_poses=66243 invalid=0 station_ok=no
[INFO] [1787147844.196688815] [a3_receive_input_gateway]: gateway calibrated=yes frame_age=2.0ms frames=66562 ball=30939 base_poses=66543 invalid=0 station_ok=no
[INFO] [1787147845.196682651] [a3_receive_input_gateway]: gateway calibrated=yes frame_age=0.4ms frames=66862 ball=30939 base_poses=66843 invalid=0 station_ok=no
[INFO] [1787147846.196688741] [a3_receive_input_gateway]: gateway calibrated=yes frame_age=2.3ms frames=67162 ball=30939 base_poses=67143 invalid=0 station_ok=no
[INFO] [1787147847.196619452] [a3_receive_input_gateway]: gateway calibrated=yes frame_age=2.2ms frames=67462 ball=30939 base_poses=67443 invalid=0 station_ok=no
[INFO] [1787147848.196703488] [a3_receive_input_gateway]: gateway calibrated=yes frame_age=0.3ms frames=67762 ball=30939 base_poses=67743 invalid=0 station_ok=no
[INFO] [1787147849.196774101] [a3_receive_input_gateway]: gateway calibrated=yes frame_age=0.2ms frames=68062 ball=30939 base_poses=68043 invalid=0 station_ok=no
[INFO] [1787147850.196659879] [a3_receive_input_gateway]: gateway calibrated=yes frame_age=0.1ms frames=68362 ball=30939 base_poses=68343 invalid=0 station_ok=no
[INFO] [1787147851.196748809] [a3_receive_input_gateway]: gateway calibrated=yes frame_age=0.1ms frames=68662 ball=30939 base_poses=68643 invalid=0 station_ok=no
[INFO] [1787147852.196994270] [a3_receive_input_gateway]: gateway calibrated=yes frame_age=0.2ms frames=68962 ball=30939 base_poses=68943 invalid=0 station_ok=no
[INFO] [1787147853.197052279] [a3_receive_input_gateway]: gateway calibrated=yes frame_age=0.2ms frames=69262 ball=30939 base_poses=69243 invalid=0 station_ok=no
[INFO] [1787147854.196660250] [a3_receive_input_gateway]: gateway calibrated=yes frame_age=4.0ms frames=69561 ball=30939 base_poses=69542 invalid=0 station_ok=no
[INFO] [1787147855.196962294] [a3_receive_input_gateway]: gateway calibrated=yes frame_age=0.2ms frames=69862 ball=30939 base_poses=69843 invalid=0 station_ok=no
[INFO] [1787147855.316675727] [a3_receive_input_gateway]: ball tracking: visible
[INFO] [1787147855.916898769] [a3_receive_input_gateway]: ball tracking: lost
[INFO] [1787147856.196797372] [a3_receive_input_gateway]: gateway calibrated=yes frame_age=0.2ms frames=70162 ball=31119 base_poses=70143 invalid=0 station_ok=no
[INFO] [1787147856.272880162] [a3_receive_input_gateway]: ball tracking: visible
[INFO] [1787147857.196755546] [a3_receive_input_gateway]: gateway calibrated=yes frame_age=4.0ms frames=70461 ball=31396 base_poses=70442 invalid=0 station_ok=no
[INFO] [1787147858.196764127] [a3_receive_input_gateway]: gateway calibrated=yes frame_age=4.0ms frames=70761 ball=31696 base_poses=70742 invalid=0 station_ok=no
[INFO] [1787147859.196668566] [a3_receive_input_gateway]: gateway calibrated=yes frame_age=3.9ms frames=71061 ball=31996 base_poses=71042 invalid=0 station_ok=no
[INFO] [1787147859.807095242] [a3_receive_input_gateway]: ball tracking: lost
[INFO] [1787147860.196667146] [a3_receive_input_gateway]: gateway calibrated=yes frame_age=3.5ms frames=71361 ball=32179 base_poses=71342 invalid=0 station_ok=no
[INFO] [1787147861.196678701] [a3_receive_input_gateway]: gateway calibrated=yes frame_age=3.3ms frames=71661 ball=32179 base_poses=71642 invalid=0 station_ok=no
[INFO] [1787147862.196681218] [a3_receive_input_gateway]: gateway calibrated=yes frame_age=3.5ms frames=71961 ball=32179 base_poses=71942 invalid=0 station_ok=no
[INFO] [1787147863.196796516] [a3_receive_input_gateway]: gateway calibrated=yes frame_age=1.7ms frames=72261 ball=32179 base_poses=72242 invalid=0 station_ok=no
[INFO] [1787147864.196740179] [a3_receive_input_gateway]: gateway calibrated=yes frame_age=3.6ms frames=72561 ball=32179 base_poses=72542 invalid=0 station_ok=no
[INFO] [1787147865.196778066] [a3_receive_input_gateway]: gateway calibrated=yes frame_age=1.2ms frames=72861 ball=32179 base_poses=72842 invalid=0 station_ok=no
[INFO] [1787147866.196699682] [a3_receive_input_gateway]: gateway calibrated=yes frame_age=3.5ms frames=73161 ball=32179 base_poses=73142 invalid=0 station_ok=no
[INFO] [1787147867.196694873] [a3_receive_input_gateway]: gateway calibrated=yes frame_age=3.6ms frames=73461 ball=32179 base_poses=73442 invalid=0 station_ok=no
[INFO] [1787147868.196668261] [a3_receive_input_gateway]: gateway calibrated=yes frame_age=3.4ms frames=73761 ball=32179 base_poses=73742 invalid=0 station_ok=no
[INFO] [1787147869.196837249] [a3_receive_input_gateway]: gateway calibrated=yes frame_age=3.4ms frames=74061 ball=32179 base_poses=74042 invalid=0 station_ok=no
[INFO] [1787147870.196739363] [a3_receive_input_gateway]: gateway calibrated=yes frame_age=3.3ms frames=74361 ball=32179 base_poses=74342 invalid=0 station_ok=no
[INFO] [1787147871.196695847] [a3_receive_input_gateway]: gateway calibrated=yes frame_age=3.5ms frames=74661 ball=32179 base_poses=74642 invalid=0 station_ok=no
[INFO] [1787147872.196969800] [a3_receive_input_gateway]: gateway calibrated=yes frame_age=2.5ms frames=74961 ball=32179 base_poses=74942 invalid=0 station_ok=no
[INFO] [1787147873.196747369] [a3_receive_input_gateway]: gateway calibrated=yes frame_age=3.3ms frames=75261 ball=32179 base_poses=75242 invalid=0 station_ok=no
[INFO] [1787147874.196794186] [a3_receive_input_gateway]: gateway calibrated=yes frame_age=3.3ms frames=75561 ball=32179 base_poses=75542 invalid=0 station_ok=no
[INFO] [1787147875.196709516] [a3_receive_input_gateway]: gateway calibrated=yes frame_age=1.3ms frames=75861 ball=32179 base_poses=75842 invalid=0 station_ok=no
[INFO] [1787147876.196837184] [a3_receive_input_gateway]: gateway calibrated=yes frame_age=3.1ms frames=76161 ball=32179 base_poses=76142 invalid=0 station_ok=no
[INFO] [1787147877.196848200] [a3_receive_input_gateway]: gateway calibrated=yes frame_age=3.5ms frames=76461 ball=32179 base_poses=76442 invalid=0 station_ok=no
[INFO] [1787147878.196647337] [a3_receive_input_gateway]: gateway calibrated=yes frame_age=0.5ms frames=76762 ball=32179 base_poses=76743 invalid=0 station_ok=no
[INFO] [1787147879.196670605] [a3_receive_input_gateway]: gateway calibrated=yes frame_age=1.5ms frames=77062 ball=32179 base_poses=77043 invalid=0 station_ok=no
[INFO] [1787147880.196708347] [a3_receive_input_gateway]: gateway calibrated=yes frame_age=0.3ms frames=77362 ball=32179 base_poses=77343 invalid=0 station_ok=no
[INFO] [1787147881.196653666] [a3_receive_input_gateway]: gateway calibrated=yes frame_age=3.4ms frames=77662 ball=32179 base_poses=77643 invalid=0 station_ok=no
[INFO] [1787147881.916642230] [a3_receive_input_gateway]: ball tracking: visible
[INFO] [1787147882.196669104] [a3_receive_input_gateway]: gateway calibrated=yes frame_age=0.3ms frames=77963 ball=32264 base_poses=77944 invalid=0 station_ok=no
[INFO] [1787147883.151507569] [a3_receive_input_gateway]: ball tracking: lost
[INFO] [1787147883.196636305] [a3_receive_input_gateway]: gateway calibrated=yes frame_age=1.1ms frames=78263 ball=32550 base_poses=78244 invalid=0 station_ok=no
[INFO] [1787147883.711779694] [a3_receive_input_gateway]: ball tracking: visible
[INFO] [1787147884.196988470] [a3_receive_input_gateway]: gateway calibrated=yes frame_age=2.0ms frames=78563 ball=32696 base_poses=78544 invalid=0 station_ok=no
[INFO] [1787147885.196727388] [a3_receive_input_gateway]: gateway calibrated=yes frame_age=2.9ms frames=78863 ball=32996 base_poses=78844 invalid=0 station_ok=no
[INFO] [1787147886.197040613] [a3_receive_input_gateway]: gateway calibrated=yes frame_age=0.2ms frames=79164 ball=33297 base_poses=79145 invalid=0 station_ok=no
[INFO] [1787147886.316677479] [a3_receive_input_gateway]: ball tracking: lost
[INFO] [1787147886.638210507] [a3_receive_input_gateway]: ball tracking: visible
[INFO] [1787147887.196748269] [a3_receive_input_gateway]: gateway calibrated=yes frame_age=0.6ms frames=79464 ball=33500 base_poses=79445 invalid=0 station_ok=no
[INFO] [1787147887.307801611] [a3_receive_input_gateway]: ball tracking: lost
[INFO] [1787147887.445818442] [a3_receive_input_gateway]: ball tracking: visible
[INFO] [1787147888.196802952] [a3_receive_input_gateway]: gateway calibrated=yes frame_age=1.3ms frames=79764 ball=33759 base_poses=79745 invalid=0 station_ok=no
[INFO] [1787147889.196638872] [a3_receive_input_gateway]: gateway calibrated=yes frame_age=0.5ms frames=80065 ball=34060 base_poses=80046 invalid=0 station_ok=no
[INFO] [1787147890.196710487] [a3_receive_input_gateway]: gateway calibrated=yes frame_age=1.5ms frames=80365 ball=34360 base_poses=80346 invalid=0 station_ok=no
[INFO] [1787147891.196782257] [a3_receive_input_gateway]: gateway calibrated=yes frame_age=2.3ms frames=80665 ball=34660 base_poses=80646 invalid=0 station_ok=no
[INFO] [1787147892.196754999] [a3_receive_input_gateway]: gateway calibrated=yes frame_age=3.1ms frames=80965 ball=34960 base_poses=80946 invalid=0 station_ok=no
[INFO] [1787147893.196799160] [a3_receive_input_gateway]: gateway calibrated=yes frame_age=3.9ms frames=81265 ball=35260 base_poses=81246 invalid=0 station_ok=no
[INFO] [1787147893.606479512] [a3_receive_input_gateway]: ball tracking: lost
[INFO] [1787147893.666391059] [a3_receive_input_gateway]: ball tracking: visible
[INFO] [1787147894.016060414] [a3_receive_input_gateway]: ball tracking: lost
[INFO] [1787147894.196650370] [a3_receive_input_gateway]: gateway calibrated=yes frame_age=0.7ms frames=81566 ball=35488 base_poses=81547 invalid=0 station_ok=no
[INFO] [1787147895.196701228] [a3_receive_input_gateway]: gateway calibrated=yes frame_age=1.6ms frames=81866 ball=35488 base_poses=81847 invalid=0 station_ok=no
[INFO] [1787147896.196770761] [a3_receive_input_gateway]: gateway calibrated=yes frame_age=2.3ms frames=82166 ball=35488 base_poses=82147 invalid=0 station_ok=no
[INFO] [1787147897.196767223] [a3_receive_input_gateway]: gateway calibrated=yes frame_age=3.1ms frames=82466 ball=35488 base_poses=82447 invalid=0 station_ok=no
[INFO] [1787147898.196696968] [a3_receive_input_gateway]: gateway calibrated=yes frame_age=3.5ms frames=82766 ball=35488 base_poses=82747 invalid=0 station_ok=no
[INFO] [1787147899.196651326] [a3_receive_input_gateway]: gateway calibrated=yes frame_age=0.6ms frames=83067 ball=35488 base_poses=83048 invalid=0 station_ok=no
[INFO] [1787147900.196797552] [a3_receive_input_gateway]: gateway calibrated=yes frame_age=1.4ms frames=83367 ball=35488 base_poses=83348 invalid=0 station_ok=no
[INFO] [1787147901.196722167] [a3_receive_input_gateway]: gateway calibrated=yes frame_age=0.2ms frames=83668 ball=35488 base_poses=83649 invalid=0 station_ok=no
[INFO] [1787147902.196648783] [a3_receive_input_gateway]: gateway calibrated=yes frame_age=0.7ms frames=83968 ball=35488 base_poses=83949 invalid=0 station_ok=no
[INFO] [1787147903.196739318] [a3_receive_input_gateway]: gateway calibrated=yes frame_age=3.5ms frames=84267 ball=35488 base_poses=84248 invalid=0 station_ok=no
[INFO] [1787147904.196871112] [a3_receive_input_gateway]: gateway calibrated=yes frame_age=0.2ms frames=84568 ball=35488 base_poses=84549 invalid=0 station_ok=no
[INFO] [1787147904.286350989] [a3_receive_input_gateway]: ball tracking: visible
[INFO] [1787147904.492404434] [a3_receive_input_gateway]: ball tracking: lost
[INFO] [1787147905.196637055] [a3_receive_input_gateway]: gateway calibrated=yes frame_age=0.5ms frames=84868 ball=35550 base_poses=84849 invalid=0 station_ok=no
[INFO] [1787147906.196765137] [a3_receive_input_gateway]: gateway calibrated=yes frame_age=1.6ms frames=85168 ball=35550 base_poses=85149 invalid=0 station_ok=no
[INFO] [1787147907.196910046] [a3_receive_input_gateway]: gateway calibrated=yes frame_age=0.2ms frames=85469 ball=35550 base_poses=85450 invalid=0 station_ok=no
[INFO] [1787147908.196816781] [a3_receive_input_gateway]: gateway calibrated=yes frame_age=0.4ms frames=85769 ball=35550 base_poses=85750 invalid=0 station_ok=no
[INFO] [1787147909.196650873] [a3_receive_input_gateway]: gateway calibrated=yes frame_age=1.4ms frames=86069 ball=35550 base_poses=86050 invalid=0 station_ok=yes
[INFO] [1787147909.462860617] [a3_receive_input_gateway]: ball tracking: visible
[INFO] [1787147909.968821350] [a3_receive_input_gateway]: ball tracking: lost
[INFO] [1787147910.196673159] [a3_receive_input_gateway]: gateway calibrated=yes frame_age=2.1ms frames=86369 ball=35702 base_poses=86350 invalid=0 station_ok=yes
[INFO] [1787147911.196676042] [a3_receive_input_gateway]: gateway calibrated=yes frame_age=2.6ms frames=86669 ball=35702 base_poses=86650 invalid=0 station_ok=yes
[INFO] [1787147912.196695122] [a3_receive_input_gateway]: gateway calibrated=yes frame_age=1.5ms frames=86969 ball=35702 base_poses=86950 invalid=0 station_ok=yes
[INFO] [1787147913.196858585] [a3_receive_input_gateway]: gateway calibrated=yes frame_age=0.2ms frames=87270 ball=35702 base_poses=87251 invalid=0 station_ok=yes
[INFO] [1787147914.196636937] [a3_receive_input_gateway]: gateway calibrated=yes frame_age=0.6ms frames=87570 ball=35702 base_poses=87551 invalid=0 station_ok=yes
[INFO] [1787147915.196696950] [a3_receive_input_gateway]: gateway calibrated=yes frame_age=1.3ms frames=87870 ball=35702 base_poses=87851 invalid=0 station_ok=yes
[INFO] [1787147916.196796537] [a3_receive_input_gateway]: gateway calibrated=yes frame_age=1.8ms frames=88170 ball=35702 base_poses=88151 invalid=0 station_ok=yes
[INFO] [1787147917.196659069] [a3_receive_input_gateway]: gateway calibrated=yes frame_age=2.4ms frames=88470 ball=35702 base_poses=88451 invalid=0 station_ok=yes
[INFO] [1787147918.196813827] [a3_receive_input_gateway]: gateway calibrated=yes frame_age=3.1ms frames=88770 ball=35702 base_poses=88751 invalid=0 station_ok=yes
[INFO] [1787147919.196737840] [a3_receive_input_gateway]: gateway calibrated=yes frame_age=3.5ms frames=89070 ball=35702 base_poses=89051 invalid=0 station_ok=yes
[INFO] [1787147920.196724254] [a3_receive_input_gateway]: gateway calibrated=yes frame_age=0.2ms frames=89371 ball=35702 base_poses=89352 invalid=0 station_ok=yes
[INFO] [1787147921.196689318] [a3_receive_input_gateway]: gateway calibrated=yes frame_age=0.7ms frames=89671 ball=35702 base_poses=89652 invalid=0 station_ok=yes
[INFO] [1787147922.196805146] [a3_receive_input_gateway]: gateway calibrated=yes frame_age=1.3ms frames=89971 ball=35702 base_poses=89952 invalid=0 station_ok=yes
[INFO] [1787147923.196688973] [a3_receive_input_gateway]: gateway calibrated=yes frame_age=1.8ms frames=90271 ball=35702 base_poses=90252 invalid=0 station_ok=yes
[INFO] [1787147924.196736690] [a3_receive_input_gateway]: gateway calibrated=yes frame_age=2.1ms frames=90571 ball=35702 base_poses=90552 invalid=0 station_ok=yes
[INFO] [1787147925.196867899] [a3_receive_input_gateway]: gateway calibrated=yes frame_age=3.0ms frames=90871 ball=35702 base_poses=90852 invalid=0 station_ok=yes
[INFO] [1787147926.196719930] [a3_receive_input_gateway]: gateway calibrated=yes frame_age=3.4ms frames=91171 ball=35702 base_poses=91152 invalid=0 station_ok=yes
[INFO] [1787147927.196815457] [a3_receive_input_gateway]: gateway calibrated=yes frame_age=0.2ms frames=91472 ball=35702 base_poses=91453 invalid=0 station_ok=yes
[INFO] [1787147928.196627417] [a3_receive_input_gateway]: gateway calibrated=yes frame_age=0.4ms frames=91772 ball=35702 base_poses=91753 invalid=0 station_ok=yes
[INFO] [1787147929.196753434] [a3_receive_input_gateway]: gateway calibrated=yes frame_age=1.0ms frames=92072 ball=35702 base_poses=92053 invalid=0 station_ok=yes
[INFO] [1787147930.196714169] [a3_receive_input_gateway]: gateway calibrated=yes frame_age=1.6ms frames=92372 ball=35702 base_poses=92353 invalid=0 station_ok=yes
[INFO] [1787147931.196900059] [a3_receive_input_gateway]: gateway calibrated=yes frame_age=0.1ms frames=92673 ball=35702 base_poses=92654 invalid=0 station_ok=yes
[INFO] [1787147931.310512650] [a3_receive_input_gateway]: ball tracking: visible
[INFO] [1787147931.384714841] [a3_receive_input_gateway]: ball tracking: lost
[INFO] [1787147931.396647975] [a3_receive_input_gateway]: ball tracking: visible
[INFO] [1787147932.154396278] [a3_receive_input_gateway]: ball tracking: lost
[INFO] [1787147932.164153257] [a3_receive_input_gateway]: ball tracking: visible
[INFO] [1787147932.196655170] [a3_receive_input_gateway]: gateway calibrated=yes frame_age=2.5ms frames=92972 ball=35961 base_poses=92953 invalid=0 station_ok=yes
[INFO] [1787147932.270180355] [a3_receive_input_gateway]: ball tracking: lost
[INFO] [1787147932.286235367] [a3_receive_input_gateway]: ball tracking: visible
[INFO] [1787147932.320239407] [a3_receive_input_gateway]: ball tracking: lost
[INFO] [1787147932.326251888] [a3_receive_input_gateway]: ball tracking: visible
[INFO] [1787147932.336251306] [a3_receive_input_gateway]: ball tracking: lost
[INFO] [1787147932.344355587] [a3_receive_input_gateway]: ball tracking: visible
[INFO] [1787147932.424109754] [a3_receive_input_gateway]: ball tracking: lost
[INFO] [1787147932.444160764] [a3_receive_input_gateway]: ball tracking: visible
[INFO] [1787147932.630205382] [a3_receive_input_gateway]: ball tracking: lost
[INFO] [1787147932.666086123] [a3_receive_input_gateway]: ball tracking: visible
[INFO] [1787147932.754441501] [a3_receive_input_gateway]: ball tracking: lost
[INFO] [1787147932.796102216] [a3_receive_input_gateway]: ball tracking: visible
[INFO] [1787147932.819939465] [a3_receive_input_gateway]: ball tracking: lost
[INFO] [1787147933.196730198] [a3_receive_input_gateway]: gateway calibrated=yes frame_age=0.8ms frames=93273 ball=36109 base_poses=93254 invalid=0 station_ok=yes
[INFO] [1787147934.196654026] [a3_receive_input_gateway]: gateway calibrated=yes frame_age=1.4ms frames=93573 ball=36109 base_poses=93554 invalid=0 station_ok=yes
[INFO] [1787147935.196963091] [a3_receive_input_gateway]: gateway calibrated=yes frame_age=1.6ms frames=93873 ball=36109 base_poses=93854 invalid=0 station_ok=yes
[INFO] [1787147936.196684815] [a3_receive_input_gateway]: gateway calibrated=yes frame_age=0.2ms frames=94173 ball=36109 base_poses=94154 invalid=0 station_ok=yes
[INFO] [1787147937.196706523] [a3_receive_input_gateway]: gateway calibrated=yes frame_age=2.8ms frames=94473 ball=36109 base_poses=94454 invalid=0 station_ok=yes
[INFO] [1787147937.312444145] [a3_receive_input_gateway]: ball tracking: visible
[INFO] [1787147937.597739182] [a3_receive_input_gateway]: ball tracking: lost
[INFO] [1787147937.627850601] [a3_receive_input_gateway]: ball tracking: visible
[INFO] [1787147937.633811528] [a3_receive_input_gateway]: ball tracking: lost
[INFO] [1787147937.673735970] [a3_receive_input_gateway]: ball tracking: visible
[INFO] [1787147937.691683448] [a3_receive_input_gateway]: ball tracking: lost
[INFO] [1787147937.713710729] [a3_receive_input_gateway]: ball tracking: visible
[INFO] [1787147937.731846966] [a3_receive_input_gateway]: ball tracking: lost
[INFO] [1787147937.742040977] [a3_receive_input_gateway]: ball tracking: visible
[INFO] [1787147938.196694355] [a3_receive_input_gateway]: gateway calibrated=yes frame_age=1.4ms frames=94773 ball=36344 base_poses=94754 invalid=0 station_ok=yes
[INFO] [1787147938.527332194] [a3_receive_input_gateway]: ball tracking: lost
[INFO] [1787147938.533313582] [a3_receive_input_gateway]: ball tracking: visible
[INFO] [1787147938.601246971] [a3_receive_input_gateway]: ball tracking: lost
[INFO] [1787147938.611464172] [a3_receive_input_gateway]: ball tracking: visible
[INFO] [1787147938.621374651] [a3_receive_input_gateway]: ball tracking: lost
[INFO] [1787147938.625379548] [a3_receive_input_gateway]: ball tracking: visible
[INFO] [1787147939.183107955] [a3_receive_input_gateway]: ball tracking: lost
[INFO] [1787147939.196854312] [a3_receive_input_gateway]: gateway calibrated=yes frame_age=3.4ms frames=95073 ball=36634 base_poses=95054 invalid=0 station_ok=yes
[INFO] [1787147940.196653904] [a3_receive_input_gateway]: gateway calibrated=yes frame_age=0.2ms frames=95374 ball=36634 base_poses=95355 invalid=0 station_ok=yes
[INFO] [1787147941.196804961] [a3_receive_input_gateway]: gateway calibrated=yes frame_age=2.5ms frames=95673 ball=36634 base_poses=95654 invalid=0 station_ok=yes
[INFO] [1787147942.196876079] [a3_receive_input_gateway]: gateway calibrated=yes frame_age=0.6ms frames=95974 ball=36634 base_poses=95955 invalid=0 station_ok=yes
[INFO] [1787147943.196645336] [a3_receive_input_gateway]: gateway calibrated=yes frame_age=1.4ms frames=96274 ball=36634 base_poses=96255 invalid=0 station_ok=yes
[INFO] [1787147944.196686029] [a3_receive_input_gateway]: gateway calibrated=yes frame_age=1.8ms frames=96574 ball=36634 base_poses=96555 invalid=0 station_ok=yes
[INFO] [1787147945.196776530] [a3_receive_input_gateway]: gateway calibrated=yes frame_age=2.0ms frames=96874 ball=36634 base_poses=96855 invalid=0 station_ok=yes
[INFO] [1787147945.352516292] [a3_receive_input_gateway]: ball tracking: visible
[INFO] [1787147946.196674572] [a3_receive_input_gateway]: gateway calibrated=yes frame_age=2.4ms frames=97174 ball=36888 base_poses=97155 invalid=0 station_ok=yes
[INFO] [1787147946.234227640] [a3_receive_input_gateway]: ball tracking: lost
[INFO] [1787147946.261966686] [a3_receive_input_gateway]: ball tracking: visible
[INFO] [1787147946.857830302] [a3_receive_input_gateway]: ball tracking: lost
[INFO] [1787147946.887693109] [a3_receive_input_gateway]: ball tracking: visible
[INFO] [1787147947.197047993] [a3_receive_input_gateway]: gateway calibrated=yes frame_age=1.0ms frames=97474 ball=37171 base_poses=97455 invalid=0 station_ok=yes
[INFO] [1787147948.196897907] [a3_receive_input_gateway]: gateway calibrated=yes frame_age=3.0ms frames=97774 ball=37471 base_poses=97755 invalid=0 station_ok=yes
[INFO] [1787147948.453074640] [a3_receive_input_gateway]: ball tracking: lost
[INFO] [1787147948.591029060] [a3_receive_input_gateway]: ball tracking: visible
[INFO] [1787147949.196905822] [a3_receive_input_gateway]: gateway calibrated=yes frame_age=0.2ms frames=98075 ball=37731 base_poses=98056 invalid=0 station_ok=yes
[INFO] [1787147950.196706621] [a3_receive_input_gateway]: gateway calibrated=yes frame_age=0.4ms frames=98375 ball=38031 base_poses=98356 invalid=0 station_ok=yes
[INFO] [1787147951.196727827] [a3_receive_input_gateway]: gateway calibrated=yes frame_age=0.5ms frames=98675 ball=38331 base_poses=98656 invalid=0 station_ok=yes
[INFO] [1787147952.132420693] [a3_receive_input_gateway]: ball tracking: lost
[INFO] [1787147952.196731460] [a3_receive_input_gateway]: gateway calibrated=yes frame_age=0.9ms frames=98975 ball=38611 base_poses=98956 invalid=0 station_ok=yes
[INFO] [1787147953.196643818] [a3_receive_input_gateway]: gateway calibrated=yes frame_age=1.4ms frames=99275 ball=38611 base_poses=99256 invalid=0 station_ok=yes
[INFO] [1787147954.196690893] [a3_receive_input_gateway]: gateway calibrated=yes frame_age=5.8ms frames=99574 ball=38611 base_poses=99555 invalid=0 station_ok=yes
[INFO] [1787147955.072677102] [a3_receive_input_gateway]: ball tracking: visible
[INFO] [1787147955.140555982] [a3_receive_input_gateway]: ball tracking: lost
[INFO] [1787147955.196939512] [a3_receive_input_gateway]: gateway calibrated=yes frame_age=1.7ms frames=99875 ball=38632 base_poses=99856 invalid=0 station_ok=yes
[INFO] [1787147955.284403925] [a3_receive_input_gateway]: ball tracking: visible
[INFO] [1787147955.822186907] [a3_receive_input_gateway]: ball tracking: lost
[INFO] [1787147955.848329286] [a3_receive_input_gateway]: ball tracking: visible
[INFO] [1787147956.062023934] [a3_receive_input_gateway]: ball tracking: lost
[INFO] [1787147956.078065962] [a3_receive_input_gateway]: ball tracking: visible
[INFO] [1787147956.196684815] [a3_receive_input_gateway]: gateway calibrated=yes frame_age=2.5ms frames=100175 ball=38893 base_poses=100156 invalid=0 station_ok=yes
[INFO] [1787147956.788137177] [a3_receive_input_gateway]: ball tracking: lost
[INFO] [1787147957.089891527] [a3_receive_input_gateway]: ball tracking: visible
[INFO] [1787147957.196662006] [a3_receive_input_gateway]: gateway calibrated=yes frame_age=2.8ms frames=100475 ball=39102 base_poses=100456 invalid=0 station_ok=yes
[INFO] [1787147957.297835119] [a3_receive_input_gateway]: ball tracking: lost
[INFO] [1787147957.464179217] [a3_receive_input_gateway]: ball tracking: visible
[INFO] [1787147958.196715127] [a3_receive_input_gateway]: gateway calibrated=yes frame_age=0.9ms frames=100775 ball=39352 base_poses=100756 invalid=0 station_ok=yes
[INFO] [1787147958.213484651] [a3_receive_input_gateway]: ball tracking: lost
[INFO] [1787147958.221323636] [a3_receive_input_gateway]: ball tracking: visible
[INFO] [1787147958.815270735] [a3_receive_input_gateway]: ball tracking: lost
[INFO] [1787147958.877103816] [a3_receive_input_gateway]: ball tracking: visible
[INFO] [1787147959.013026853] [a3_receive_input_gateway]: ball tracking: lost
[INFO] [1787147959.196730003] [a3_receive_input_gateway]: gateway calibrated=yes frame_age=3.7ms frames=101075 ball=39576 base_poses=101056 invalid=0 station_ok=yes
[INFO] [1787147960.196998603] [a3_receive_input_gateway]: gateway calibrated=yes frame_age=0.2ms frames=101376 ball=39576 base_poses=101357 invalid=0 station_ok=yes
[INFO] [1787147961.196681888] [a3_receive_input_gateway]: gateway calibrated=yes frame_age=0.3ms frames=101676 ball=39576 base_poses=101657 invalid=0 station_ok=yes
[INFO] [1787147962.196637610] [a3_receive_input_gateway]: gateway calibrated=yes frame_age=0.5ms frames=101976 ball=39576 base_poses=101957 invalid=0 station_ok=yes
[INFO] [1787147963.196645632] [a3_receive_input_gateway]: gateway calibrated=yes frame_age=1.0ms frames=102276 ball=39576 base_poses=102257 invalid=0 station_ok=yes
[INFO] [1787147964.169365677] [a3_receive_input_gateway]: ball tracking: visible
[INFO] [1787147964.196635350] [a3_receive_input_gateway]: gateway calibrated=yes frame_age=0.9ms frames=102576 ball=39585 base_poses=102557 invalid=0 station_ok=yes
[INFO] [1787147965.196806617] [a3_receive_input_gateway]: gateway calibrated=yes frame_age=1.8ms frames=102876 ball=39885 base_poses=102857 invalid=0 station_ok=yes
[INFO] [1787147965.200918171] [a3_receive_input_gateway]: ball tracking: lost
[INFO] [1787147966.196682862] [a3_receive_input_gateway]: gateway calibrated=yes frame_age=2.0ms frames=103176 ball=39886 base_poses=103157 invalid=0 station_ok=yes
[INFO] [1787147966.288671550] [a3_receive_input_gateway]: ball tracking: visible
[INFO] [1787147966.978470012] [a3_receive_input_gateway]: ball tracking: lost
[INFO] [1787147966.988368562] [a3_receive_input_gateway]: ball tracking: visible
[INFO] [1787147967.196757424] [a3_receive_input_gateway]: gateway calibrated=yes frame_age=2.3ms frames=103476 ball=40156 base_poses=103457 invalid=0 station_ok=yes
[INFO] [1787147967.350246085] [a3_receive_input_gateway]: ball tracking: lost
[INFO] [1787147967.358299706] [a3_receive_input_gateway]: ball tracking: visible
[INFO] [1787147967.674124520] [a3_receive_input_gateway]: ball tracking: lost
[INFO] [1787147967.678337030] [a3_receive_input_gateway]: ball tracking: visible
[INFO] [1787147968.196635003] [a3_receive_input_gateway]: gateway calibrated=yes frame_age=0.5ms frames=103776 ball=40453 base_poses=103757 invalid=0 station_ok=yes
[INFO] [1787147968.673826009] [a3_receive_input_gateway]: ball tracking: lost
[INFO] [1787147968.687815029] [a3_receive_input_gateway]: ball tracking: visible
[INFO] [1787147969.196696143] [a3_receive_input_gateway]: gateway calibrated=yes frame_age=2.9ms frames=104076 ball=40749 base_poses=104057 invalid=0 station_ok=yes
[INFO] [1787147970.196746981] [a3_receive_input_gateway]: gateway calibrated=yes frame_age=3.2ms frames=104376 ball=41049 base_poses=104357 invalid=0 station_ok=yes
[INFO] [1787147970.199295392] [a3_receive_input_gateway]: ball tracking: lost
[INFO] [1787147971.196758473] [a3_receive_input_gateway]: gateway calibrated=yes frame_age=3.5ms frames=104676 ball=41050 base_poses=104657 invalid=0 station_ok=yes
[INFO] [1787147971.752861159] [a3_receive_input_gateway]: ball tracking: visible
[INFO] [1787147971.837187481] [a3_receive_input_gateway]: ball tracking: lost
[INFO] [1787147971.866859903] [a3_receive_input_gateway]: ball tracking: visible
[INFO] [1787147972.196920367] [a3_receive_input_gateway]: gateway calibrated=yes frame_age=0.2ms frames=104977 ball=41175 base_poses=104958 invalid=0 station_ok=yes
[INFO] [1787147972.450794070] [a3_receive_input_gateway]: ball tracking: lost
[INFO] [1787147972.467051190] [a3_receive_input_gateway]: ball tracking: visible
[INFO] [1787147972.842655109] [a3_receive_input_gateway]: ball tracking: lost
[INFO] [1787147973.197323357] [a3_receive_input_gateway]: gateway calibrated=yes frame_age=0.4ms frames=105277 ball=41363 base_poses=105258 invalid=0 station_ok=yes
[INFO] [1787147974.196636480] [a3_receive_input_gateway]: gateway calibrated=yes frame_age=0.3ms frames=105577 ball=41363 base_poses=105558 invalid=0 station_ok=yes
[INFO] [1787147975.196654862] [a3_receive_input_gateway]: gateway calibrated=yes frame_age=0.9ms frames=105877 ball=41363 base_poses=105858 invalid=0 station_ok=yes
[INFO] [1787147976.196637694] [a3_receive_input_gateway]: gateway calibrated=yes frame_age=0.7ms frames=106177 ball=41363 base_poses=106158 invalid=0 station_ok=yes
[INFO] [1787147977.196788250] [a3_receive_input_gateway]: gateway calibrated=yes frame_age=1.4ms frames=106477 ball=41363 base_poses=106458 invalid=0 station_ok=yes
[INFO] [1787147978.196670210] [a3_receive_input_gateway]: gateway calibrated=yes frame_age=1.7ms frames=106777 ball=41363 base_poses=106758 invalid=0 station_ok=yes
[INFO] [1787147979.196936227] [a3_receive_input_gateway]: gateway calibrated=yes frame_age=1.5ms frames=107077 ball=41363 base_poses=107058 invalid=0 station_ok=yes
[INFO] [1787147980.196759859] [a3_receive_input_gateway]: gateway calibrated=yes frame_age=2.1ms frames=107377 ball=41363 base_poses=107358 invalid=0 station_ok=yes
[INFO] [1787147981.196668217] [a3_receive_input_gateway]: gateway calibrated=yes frame_age=2.4ms frames=107677 ball=41363 base_poses=107658 invalid=0 station_ok=yes
[INFO] [1787147982.197034107] [a3_receive_input_gateway]: gateway calibrated=yes frame_age=2.5ms frames=107977 ball=41363 base_poses=107958 invalid=0 station_ok=yes
[INFO] [1787147983.196727045] [a3_receive_input_gateway]: gateway calibrated=yes frame_age=3.1ms frames=108277 ball=41363 base_poses=108258 invalid=0 station_ok=yes
[INFO] [1787147984.196919176] [a3_receive_input_gateway]: gateway calibrated=yes frame_age=3.2ms frames=108577 ball=41363 base_poses=108558 invalid=0 station_ok=yes
[INFO] [1787147985.196748617] [a3_receive_input_gateway]: gateway calibrated=yes frame_age=3.6ms frames=108877 ball=41363 base_poses=108858 invalid=0 station_ok=yes
[INFO] [1787147986.196656607] [a3_receive_input_gateway]: gateway calibrated=yes frame_age=3.4ms frames=109177 ball=41363 base_poses=109158 invalid=0 station_ok=yes
[INFO] [1787147987.196725298] [a3_receive_input_gateway]: gateway calibrated=yes frame_age=0.1ms frames=109478 ball=41363 base_poses=109459 invalid=0 station_ok=yes
[INFO] [1787147988.196709620] [a3_receive_input_gateway]: gateway calibrated=yes frame_age=0.2ms frames=109778 ball=41363 base_poses=109759 invalid=0 station_ok=yes
[INFO] [1787147989.196660341] [a3_receive_input_gateway]: gateway calibrated=yes frame_age=0.5ms frames=110078 ball=41363 base_poses=110059 invalid=0 station_ok=yes
[INFO] [1787147990.196639274] [a3_receive_input_gateway]: gateway calibrated=yes frame_age=0.8ms frames=110378 ball=41363 base_poses=110359 invalid=0 station_ok=yes
[INFO] [1787147991.196741308] [a3_receive_input_gateway]: gateway calibrated=yes frame_age=1.0ms frames=110678 ball=41363 base_poses=110659 invalid=0 station_ok=yes
[INFO] [1787147992.196949383] [a3_receive_input_gateway]: gateway calibrated=yes frame_age=1.2ms frames=110978 ball=41363 base_poses=110959 invalid=0 station_ok=yes
[INFO] [1787147993.196666888] [a3_receive_input_gateway]: gateway calibrated=yes frame_age=1.7ms frames=111278 ball=41363 base_poses=111259 invalid=0 station_ok=yes
[INFO] [1787147994.196663446] [a3_receive_input_gateway]: gateway calibrated=yes frame_age=1.6ms frames=111578 ball=41363 base_poses=111559 invalid=0 station_ok=yes
[INFO] [1787147995.196739427] [a3_receive_input_gateway]: gateway calibrated=yes frame_age=0.2ms frames=111879 ball=41363 base_poses=111860 invalid=0 station_ok=yes
[INFO] [1787147996.196762605] [a3_receive_input_gateway]: gateway calibrated=yes frame_age=2.3ms frames=112178 ball=41363 base_poses=112159 invalid=0 station_ok=yes
[INFO] [1787147997.196860754] [a3_receive_input_gateway]: gateway calibrated=yes frame_age=2.3ms frames=112478 ball=41363 base_poses=112459 invalid=0 station_ok=yes
[INFO] [1787147998.196650006] [a3_receive_input_gateway]: gateway calibrated=yes frame_age=0.5ms frames=112779 ball=41363 base_poses=112760 invalid=0 station_ok=yes
[INFO] [1787147999.196759539] [a3_receive_input_gateway]: gateway calibrated=yes frame_age=3.0ms frames=113078 ball=41363 base_poses=113059 invalid=0 station_ok=yes
[INFO] [1787148000.196715245] [a3_receive_input_gateway]: gateway calibrated=yes frame_age=3.3ms frames=113378 ball=41363 base_poses=113359 invalid=0 station_ok=yes
[INFO] [1787148001.196791863] [a3_receive_input_gateway]: gateway calibrated=yes frame_age=3.6ms frames=113678 ball=41363 base_poses=113659 invalid=0 station_ok=yes
[INFO] [1787148002.196690722] [a3_receive_input_gateway]: gateway calibrated=yes frame_age=1.6ms frames=113979 ball=41363 base_poses=113960 invalid=0 station_ok=yes
[INFO] [1787148003.196889328] [a3_receive_input_gateway]: gateway calibrated=yes frame_age=0.2ms frames=114279 ball=41363 base_poses=114260 invalid=0 station_ok=yes
[INFO] [1787148004.196670656] [a3_receive_input_gateway]: gateway calibrated=yes frame_age=0.3ms frames=114579 ball=41363 base_poses=114560 invalid=0 station_ok=yes
[INFO] [1787148005.196662019] [a3_receive_input_gateway]: gateway calibrated=yes frame_age=0.3ms frames=114879 ball=41363 base_poses=114860 invalid=0 station_ok=yes
[INFO] [1787148006.196717604] [a3_receive_input_gateway]: gateway calibrated=yes frame_age=0.6ms frames=115179 ball=41363 base_poses=115160 invalid=0 station_ok=yes
[INFO] [1787148007.196633464] [a3_receive_input_gateway]: gateway calibrated=yes frame_age=0.7ms frames=115479 ball=41363 base_poses=115460 invalid=0 station_ok=yes
[INFO] [1787148008.196685914] [a3_receive_input_gateway]: gateway calibrated=yes frame_age=1.1ms frames=115779 ball=41363 base_poses=115760 invalid=0 station_ok=yes
[INFO] [1787148009.196690916] [a3_receive_input_gateway]: gateway calibrated=yes frame_age=1.2ms frames=116079 ball=41363 base_poses=116060 invalid=0 station_ok=yes
[INFO] [1787148010.196694655] [a3_receive_input_gateway]: gateway calibrated=yes frame_age=1.6ms frames=116379 ball=41363 base_poses=116360 invalid=0 station_ok=yes
[INFO] [1787148011.197140778] [a3_receive_input_gateway]: gateway calibrated=yes frame_age=1.6ms frames=116679 ball=41363 base_poses=116660 invalid=0 station_ok=yes
[INFO] [1787148012.196642169] [a3_receive_input_gateway]: gateway calibrated=yes frame_age=1.7ms frames=116979 ball=41363 base_poses=116960 invalid=0 station_ok=yes
[INFO] [1787148013.197656623] [a3_receive_input_gateway]: gateway calibrated=yes frame_age=0.4ms frames=117280 ball=41363 base_poses=117261 invalid=0 station_ok=yes
[INFO] [1787148014.196637928] [a3_receive_input_gateway]: gateway calibrated=yes frame_age=0.4ms frames=117580 ball=41363 base_poses=117561 invalid=0 station_ok=yes
[INFO] [1787148015.196732246] [a3_receive_input_gateway]: gateway calibrated=yes frame_age=2.5ms frames=117879 ball=41363 base_poses=117860 invalid=0 station_ok=yes
[INFO] [1787148016.196661878] [a3_receive_input_gateway]: gateway calibrated=yes frame_age=2.7ms frames=118179 ball=41363 base_poses=118160 invalid=0 station_ok=yes
[INFO] [1787148017.196620862] [a3_receive_input_gateway]: gateway calibrated=yes frame_age=0.7ms frames=118480 ball=41363 base_poses=118461 invalid=0 station_ok=yes
[INFO] [1787148018.196763162] [a3_receive_input_gateway]: gateway calibrated=yes frame_age=3.0ms frames=118779 ball=41363 base_poses=118760 invalid=0 station_ok=yes
[INFO] [1787148019.196752082] [a3_receive_input_gateway]: gateway calibrated=yes frame_age=3.5ms frames=119079 ball=41363 base_poses=119060 invalid=0 station_ok=yes
[INFO] [1787148020.196738961] [a3_receive_input_gateway]: gateway calibrated=yes frame_age=3.5ms frames=119379 ball=41363 base_poses=119360 invalid=0 station_ok=yes
[INFO] [1787148021.196683777] [a3_receive_input_gateway]: gateway calibrated=yes frame_age=3.5ms frames=119679 ball=41363 base_poses=119660 invalid=0 station_ok=yes
[INFO] [1787148022.197015181] [a3_receive_input_gateway]: gateway calibrated=yes frame_age=3.4ms frames=119979 ball=41363 base_poses=119960 invalid=0 station_ok=yes
[INFO] [1787148023.196956274] [a3_receive_input_gateway]: gateway calibrated=yes frame_age=0.2ms frames=120280 ball=41363 base_poses=120261 invalid=0 station_ok=yes
[INFO] [1787148024.196630945] [a3_receive_input_gateway]: gateway calibrated=yes frame_age=0.2ms frames=120580 ball=41363 base_poses=120561 invalid=0 station_ok=yes
[INFO] [1787148025.196650932] [a3_receive_input_gateway]: gateway calibrated=yes frame_age=0.6ms frames=120880 ball=41363 base_poses=120861 invalid=0 station_ok=yes
[INFO] [1787148026.196652815] [a3_receive_input_gateway]: gateway calibrated=yes frame_age=0.8ms frames=121180 ball=41363 base_poses=121161 invalid=0 station_ok=yes
[INFO] [1787148027.196669740] [a3_receive_input_gateway]: gateway calibrated=yes frame_age=0.6ms frames=121480 ball=41363 base_poses=121461 invalid=0 station_ok=yes
[INFO] [1787148028.196696642] [a3_receive_input_gateway]: gateway calibrated=yes frame_age=0.9ms frames=121780 ball=41363 base_poses=121761 invalid=0 station_ok=yes
[INFO] [1787148029.196739338] [a3_receive_input_gateway]: gateway calibrated=yes frame_age=1.2ms frames=122080 ball=41363 base_poses=122061 invalid=0 station_ok=yes
[INFO] [1787148030.196746790] [a3_receive_input_gateway]: gateway calibrated=yes frame_age=1.4ms frames=122380 ball=41363 base_poses=122361 invalid=0 station_ok=yes
[INFO] [1787148031.196705919] [a3_receive_input_gateway]: gateway calibrated=yes frame_age=1.7ms frames=122680 ball=41363 base_poses=122661 invalid=0 station_ok=yes
[INFO] [1787148032.196889570] [a3_receive_input_gateway]: gateway calibrated=yes frame_age=1.4ms frames=122980 ball=41363 base_poses=122961 invalid=0 station_ok=yes
[INFO] [1787148033.196665120] [a3_receive_input_gateway]: gateway calibrated=yes frame_age=1.6ms frames=123280 ball=41363 base_poses=123261 invalid=0 station_ok=yes
[INFO] [1787148034.196953726] [a3_receive_input_gateway]: gateway calibrated=yes frame_age=0.2ms frames=123581 ball=41363 base_poses=123562 invalid=0 station_ok=yes
[INFO] [1787148035.196707599] [a3_receive_input_gateway]: gateway calibrated=yes frame_age=2.3ms frames=123880 ball=41363 base_poses=123861 invalid=0 station_ok=yes
[INFO] [1787148036.196830290] [a3_receive_input_gateway]: gateway calibrated=yes frame_age=2.6ms frames=124180 ball=41363 base_poses=124161 invalid=0 station_ok=yes
[INFO] [1787148037.196996207] [a3_receive_input_gateway]: gateway calibrated=yes frame_age=876.7ms frames=124218 ball=41363 base_poses=124199 invalid=0 station_ok=yes
[INFO] [1787148038.196891255] [a3_receive_input_gateway]: gateway calibrated=yes frame_age=1876.7ms frames=124218 ball=41363 base_poses=124199 invalid=0 station_ok=yes
[INFO] [1787148039.197125937] [a3_receive_input_gateway]: gateway calibrated=yes frame_age=2876.8ms frames=124218 ball=41363 base_poses=124199 invalid=0 station_ok=yes
[INFO] [1787148040.197060863] [a3_receive_input_gateway]: gateway calibrated=yes frame_age=3876.8ms frames=124218 ball=41363 base_poses=124199 invalid=0 station_ok=yes
[INFO] [1787148041.196821083] [a3_receive_input_gateway]: gateway calibrated=yes frame_age=4876.7ms frames=124218 ball=41363 base_poses=124199 invalid=0 station_ok=yes
[INFO] [1787148042.197200392] [a3_receive_input_gateway]: gateway calibrated=yes frame_age=5876.9ms frames=124218 ball=41363 base_poses=124199 invalid=0 station_ok=yes
[INFO] [1787148043.196981662] [a3_receive_input_gateway]: gateway calibrated=yes frame_age=6876.7ms frames=124218 ball=41363 base_poses=124199 invalid=0 station_ok=yes
[INFO] [1787148044.197043475] [a3_receive_input_gateway]: gateway calibrated=yes frame_age=7876.8ms frames=124218 ball=41363 base_poses=124199 invalid=0 station_ok=yes
[INFO] [1787148045.197101239] [a3_receive_input_gateway]: gateway calibrated=yes frame_age=8876.8ms frames=124218 ball=41363 base_poses=124199 invalid=0 station_ok=yes
[INFO] [1787148046.196840548] [a3_receive_input_gateway]: gateway calibrated=yes frame_age=9876.7ms frames=124218 ball=41363 base_poses=124199 invalid=0 station_ok=yes
[INFO] [1787148047.197145341] [a3_receive_input_gateway]: gateway calibrated=yes frame_age=10876.8ms frames=124218 ball=41363 base_poses=124199 invalid=0 station_ok=yes
[INFO] [1787148048.197211143] [a3_receive_input_gateway]: gateway calibrated=yes frame_age=11876.8ms frames=124218 ball=41363 base_poses=124199 invalid=0 station_ok=yes
[INFO] [1787148049.197043824] [a3_receive_input_gateway]: gateway calibrated=yes frame_age=12876.8ms frames=124218 ball=41363 base_poses=124199 invalid=0 station_ok=yes
[INFO] [1787148050.197219718] [a3_receive_input_gateway]: gateway calibrated=yes frame_age=13876.8ms frames=124218 ball=41363 base_poses=124199 invalid=0 station_ok=yes
[INFO] [1787148051.197222476] [a3_receive_input_gateway]: gateway calibrated=yes frame_age=14876.8ms frames=124218 ball=41363 base_poses=124199 invalid=0 station_ok=yes
[INFO] [1787148052.197180020] [a3_receive_input_gateway]: gateway calibrated=yes frame_age=15876.8ms frames=124218 ball=41363 base_poses=124199 invalid=0 station_ok=yes
[INFO] [1787148053.197013503] [a3_receive_input_gateway]: gateway calibrated=yes frame_age=16876.8ms frames=124218 ball=41363 base_poses=124199 invalid=0 station_ok=yes
[INFO] [1787148054.196866617] [a3_receive_input_gateway]: gateway calibrated=yes frame_age=17876.7ms frames=124218 ball=41363 base_poses=124199 invalid=0 station_ok=yes
[INFO] [1787148055.197096360] [a3_receive_input_gateway]: gateway calibrated=yes frame_age=18876.8ms frames=124218 ball=41363 base_poses=124199 invalid=0 station_ok=yes
[INFO] [1787148056.196914156] [a3_receive_input_gateway]: gateway calibrated=yes frame_age=19876.8ms frames=124218 ball=41363 base_poses=124199 invalid=0 station_ok=yes
[INFO] [1787148057.197008707] [a3_receive_input_gateway]: gateway calibrated=yes frame_age=20876.7ms frames=124218 ball=41363 base_poses=124199 invalid=0 station_ok=yes
[INFO] [1787148058.197052996] [a3_receive_input_gateway]: gateway calibrated=yes frame_age=21876.8ms frames=124218 ball=41363 base_poses=124199 invalid=0 station_ok=yes
[INFO] [1787148059.197029519] [a3_receive_input_gateway]: gateway calibrated=yes frame_age=22876.7ms frames=124218 ball=41363 base_poses=124199 invalid=0 station_ok=yes
[INFO] [1787148060.197009019] [a3_receive_input_gateway]: gateway calibrated=yes frame_age=23876.7ms frames=124218 ball=41363 base_poses=124199 invalid=0 station_ok=yes
[INFO] [1787148061.197040137] [a3_receive_input_gateway]: gateway calibrated=yes frame_age=24876.7ms frames=124218 ball=41363 base_poses=124199 invalid=0 station_ok=yes
[INFO] [1787148062.197173362] [a3_receive_input_gateway]: gateway calibrated=yes frame_age=25876.8ms frames=124218 ball=41363 base_poses=124199 invalid=0 station_ok=yes
[INFO] [1787148063.197459567] [a3_receive_input_gateway]: gateway calibrated=yes frame_age=26877.0ms frames=124218 ball=41363 base_poses=124199 invalid=0 station_ok=yes
[INFO] [1787148064.197317210] [a3_receive_input_gateway]: gateway calibrated=yes frame_age=27877.1ms frames=124218 ball=41363 base_poses=124199 invalid=0 station_ok=yes
[INFO] [1787148065.197109937] [a3_receive_input_gateway]: gateway calibrated=yes frame_age=28876.8ms frames=124218 ball=41363 base_poses=124199 invalid=0 station_ok=yes
[INFO] [1787148066.197029230] [a3_receive_input_gateway]: gateway calibrated=yes frame_age=29876.7ms frames=124218 ball=41363 base_poses=124199 invalid=0 station_ok=yes
[INFO] [1787148067.197195567] [a3_receive_input_gateway]: gateway calibrated=yes frame_age=30876.8ms frames=124218 ball=41363 base_poses=124199 invalid=0 station_ok=yes
[INFO] [1787148068.197219984] [a3_receive_input_gateway]: gateway calibrated=yes frame_age=31876.8ms frames=124218 ball=41363 base_poses=124199 invalid=0 station_ok=yes
[INFO] [1787148069.197108884] [a3_receive_input_gateway]: gateway calibrated=yes frame_age=32876.8ms frames=124218 ball=41363 base_poses=124199 invalid=0 station_ok=yes
[INFO] [1787148070.196765717] [a3_receive_input_gateway]: gateway calibrated=yes frame_age=33876.7ms frames=124218 ball=41363 base_poses=124199 invalid=0 station_ok=yes
[INFO] [1787148071.196793807] [a3_receive_input_gateway]: gateway calibrated=yes frame_age=34876.7ms frames=124218 ball=41363 base_poses=124199 invalid=0 station_ok=yes
[INFO] [1787148072.197255277] [a3_receive_input_gateway]: gateway calibrated=yes frame_age=35876.8ms frames=124218 ball=41363 base_poses=124199 invalid=0 station_ok=yes
[INFO] [1787148073.197010893] [a3_receive_input_gateway]: gateway calibrated=yes frame_age=36876.8ms frames=124218 ball=41363 base_poses=124199 invalid=0 station_ok=yes
[INFO] [1787148074.196906993] [a3_receive_input_gateway]: gateway calibrated=yes frame_age=37876.7ms frames=124218 ball=41363 base_poses=124199 invalid=0 station_ok=yes
[INFO] [1787148075.197252632] [a3_receive_input_gateway]: gateway calibrated=yes frame_age=38876.9ms frames=124218 ball=41363 base_poses=124199 invalid=0 station_ok=yes
[INFO] [1787148076.197051389] [a3_receive_input_gateway]: gateway calibrated=yes frame_age=39876.7ms frames=124218 ball=41363 base_poses=124199 invalid=0 station_ok=yes
[INFO] [1787148077.197175206] [a3_receive_input_gateway]: gateway calibrated=yes frame_age=40876.8ms frames=124218 ball=41363 base_poses=124199 invalid=0 station_ok=yes
[INFO] [1787148078.197041837] [a3_receive_input_gateway]: gateway calibrated=yes frame_age=41876.7ms frames=124218 ball=41363 base_poses=124199 invalid=0 station_ok=yes
[INFO] [1787148079.197057615] [a3_receive_input_gateway]: gateway calibrated=yes frame_age=42876.8ms frames=124218 ball=41363 base_poses=124199 invalid=0 station_ok=yes
[INFO] [1787148080.197028352] [a3_receive_input_gateway]: gateway calibrated=yes frame_age=43876.7ms frames=124218 ball=41363 base_poses=124199 invalid=0 station_ok=yes
[INFO] [1787148081.196903924] [a3_receive_input_gateway]: gateway calibrated=yes frame_age=44876.7ms frames=124218 ball=41363 base_poses=124199 invalid=0 station_ok=yes
[INFO] [1787148082.197228632] [a3_receive_input_gateway]: gateway calibrated=yes frame_age=45876.9ms frames=124218 ball=41363 base_poses=124199 invalid=0 station_ok=yes
[INFO] [1787148083.197258448] [a3_receive_input_gateway]: gateway calibrated=yes frame_age=46876.9ms frames=124218 ball=41363 base_poses=124199 invalid=0 station_ok=yes
[INFO] [1787148084.197061530] [a3_receive_input_gateway]: gateway calibrated=yes frame_age=47876.8ms frames=124218 ball=41363 base_poses=124199 invalid=0 station_ok=yes
[INFO] [1787148085.197171712] [a3_receive_input_gateway]: gateway calibrated=yes frame_age=48876.8ms frames=124218 ball=41363 base_poses=124199 invalid=0 station_ok=yes
[INFO] [1787148086.197214800] [a3_receive_input_gateway]: gateway calibrated=yes frame_age=49876.8ms frames=124218 ball=41363 base_poses=124199 invalid=0 station_ok=yes
[INFO] [1787148087.197212855] [a3_receive_input_gateway]: gateway calibrated=yes frame_age=50876.8ms frames=124218 ball=41363 base_poses=124199 invalid=0 station_ok=yes
[INFO] [1787148088.197357737] [a3_receive_input_gateway]: gateway calibrated=yes frame_age=51877.1ms frames=124218 ball=41363 base_poses=124199 invalid=0 station_ok=yes
[INFO] [1787148089.197124019] [a3_receive_input_gateway]: gateway calibrated=yes frame_age=52876.9ms frames=124218 ball=41363 base_poses=124199 invalid=0 station_ok=yes
[INFO] [1787148090.197248635] [a3_receive_input_gateway]: gateway calibrated=yes frame_age=53876.8ms frames=124218 ball=41363 base_poses=124199 invalid=0 station_ok=yes
[INFO] [1787148091.197101737] [a3_receive_input_gateway]: gateway calibrated=yes frame_age=54876.8ms frames=124218 ball=41363 base_poses=124199 invalid=0 station_ok=yes
[INFO] [1787148092.197202501] [a3_receive_input_gateway]: gateway calibrated=yes frame_age=55876.8ms frames=124218 ball=41363 base_poses=124199 invalid=0 station_ok=yes
[INFO] [1787148093.197100526] [a3_receive_input_gateway]: gateway calibrated=yes frame_age=56876.9ms frames=124218 ball=41363 base_poses=124199 invalid=0 station_ok=yes
[INFO] [1787148094.197199913] [a3_receive_input_gateway]: gateway calibrated=yes frame_age=57876.9ms frames=124218 ball=41363 base_poses=124199 invalid=0 station_ok=yes
[INFO] [1787148095.197400106] [a3_receive_input_gateway]: gateway calibrated=yes frame_age=58877.0ms frames=124218 ball=41363 base_poses=124199 invalid=0 station_ok=yes
[INFO] [1787148096.197314538] [a3_receive_input_gateway]: gateway calibrated=yes frame_age=59876.9ms frames=124218 ball=41363 base_poses=124199 invalid=0 station_ok=yes
[INFO] [1787148097.197115339] [a3_receive_input_gateway]: gateway calibrated=yes frame_age=60876.8ms frames=124218 ball=41363 base_poses=124199 invalid=0 station_ok=yes
[INFO] [1787148098.197142710] [a3_receive_input_gateway]: gateway calibrated=yes frame_age=61876.8ms frames=124218 ball=41363 base_poses=124199 invalid=0 station_ok=yes
[INFO] [1787148099.197114906] [a3_receive_input_gateway]: gateway calibrated=yes frame_age=62876.8ms frames=124218 ball=41363 base_poses=124199 invalid=0 station_ok=yes
[INFO] [1787148100.197088153] [a3_receive_input_gateway]: gateway calibrated=yes frame_age=63876.8ms frames=124218 ball=41363 base_poses=124199 invalid=0 station_ok=yes
[INFO] [1787148101.197179250] [a3_receive_input_gateway]: gateway calibrated=yes frame_age=64876.9ms frames=124218 ball=41363 base_poses=124199 invalid=0 station_ok=yes
[INFO] [1787148102.197196403] [a3_receive_input_gateway]: gateway calibrated=yes frame_age=65876.8ms frames=124218 ball=41363 base_poses=124199 invalid=0 station_ok=yes
[INFO] [1787148103.197231867] [a3_receive_input_gateway]: gateway calibrated=yes frame_age=66876.8ms frames=124218 ball=41363 base_poses=124199 invalid=0 station_ok=yes
[INFO] [1787148104.197081429] [a3_receive_input_gateway]: gateway calibrated=yes frame_age=67876.8ms frames=124218 ball=41363 base_poses=124199 invalid=0 station_ok=yes
[INFO] [1787148105.197074552] [a3_receive_input_gateway]: gateway calibrated=yes frame_age=68876.8ms frames=124218 ball=41363 base_poses=124199 invalid=0 station_ok=yes
[INFO] [1787148106.197296058] [a3_receive_input_gateway]: gateway calibrated=yes frame_age=69876.9ms frames=124218 ball=41363 base_poses=124199 invalid=0 station_ok=yes
[INFO] [1787148107.197086234] [a3_receive_input_gateway]: gateway calibrated=yes frame_age=70876.8ms frames=124218 ball=41363 base_poses=124199 invalid=0 station_ok=yes
[INFO] [1787148108.197266127] [a3_receive_input_gateway]: gateway calibrated=yes frame_age=71876.9ms frames=124218 ball=41363 base_poses=124199 invalid=0 station_ok=yes
[INFO] [1787148109.197118751] [a3_receive_input_gateway]: gateway calibrated=yes frame_age=72876.9ms frames=124218 ball=41363 base_poses=124199 invalid=0 station_ok=yes
[INFO] [1787148110.197367162] [a3_receive_input_gateway]: gateway calibrated=yes frame_age=73877.0ms frames=124218 ball=41363 base_poses=124199 invalid=0 station_ok=yes
[INFO] [1787148111.197238994] [a3_receive_input_gateway]: gateway calibrated=yes frame_age=74876.8ms frames=124218 ball=41363 base_poses=124199 invalid=0 station_ok=yes
[INFO] [1787148112.197243686] [a3_receive_input_gateway]: gateway calibrated=yes frame_age=75876.9ms frames=124218 ball=41363 base_poses=124199 invalid=0 station_ok=yes
[INFO] [1787148113.197322414] [a3_receive_input_gateway]: gateway calibrated=yes frame_age=76876.9ms frames=124218 ball=41363 base_poses=124199 invalid=0 station_ok=yes
[INFO] [1787148114.197303518] [a3_receive_input_gateway]: gateway calibrated=yes frame_age=77876.9ms frames=124218 ball=41363 base_poses=124199 invalid=0 station_ok=yes
[INFO] [1787148115.197224955] [a3_receive_input_gateway]: gateway calibrated=yes frame_age=78876.8ms frames=124218 ball=41363 base_poses=124199 invalid=0 station_ok=yes
[INFO] [1787148116.197241454] [a3_receive_input_gateway]: gateway calibrated=yes frame_age=79876.9ms frames=124218 ball=41363 base_poses=124199 invalid=0 station_ok=yes
[INFO] [1787148117.197317766] [a3_receive_input_gateway]: gateway calibrated=yes frame_age=80876.9ms frames=124218 ball=41363 base_poses=124199 invalid=0 station_ok=yes
[INFO] [1787148118.197307192] [a3_receive_input_gateway]: gateway calibrated=yes frame_age=81876.9ms frames=124218 ball=41363 base_poses=124199 invalid=0 station_ok=yes
[INFO] [1787148119.197362498] [a3_receive_input_gateway]: gateway calibrated=yes frame_age=82877.0ms frames=124218 ball=41363 base_poses=124199 invalid=0 station_ok=yes
[INFO] [1787148120.197237426] [a3_receive_input_gateway]: gateway calibrated=yes frame_age=83876.9ms frames=124218 ball=41363 base_poses=124199 invalid=0 station_ok=yes
[INFO] [1787148121.197167650] [a3_receive_input_gateway]: gateway calibrated=yes frame_age=84876.9ms frames=124218 ball=41363 base_poses=124199 invalid=0 station_ok=yes
[INFO] [1787148122.197225334] [a3_receive_input_gateway]: gateway calibrated=yes frame_age=85876.9ms frames=124218 ball=41363 base_poses=124199 invalid=0 station_ok=yes
[INFO] [1787148123.197367526] [a3_receive_input_gateway]: gateway calibrated=yes frame_age=86877.0ms frames=124218 ball=41363 base_poses=124199 invalid=0 station_ok=yes
[INFO] [1787148124.197074657] [a3_receive_input_gateway]: gateway calibrated=yes frame_age=87876.8ms frames=124218 ball=41363 base_poses=124199 invalid=0 station_ok=yes
[INFO] [1787148125.197077911] [a3_receive_input_gateway]: gateway calibrated=yes frame_age=88876.8ms frames=124218 ball=41363 base_poses=124199 invalid=0 station_ok=yes
[INFO] [1787148126.197136293] [a3_receive_input_gateway]: gateway calibrated=yes frame_age=89876.9ms frames=124218 ball=41363 base_poses=124199 invalid=0 station_ok=yes
[INFO] [1787148127.197047707] [a3_receive_input_gateway]: gateway calibrated=yes frame_age=90876.8ms frames=124218 ball=41363 base_poses=124199 invalid=0 station_ok=yes
[INFO] [1787148128.197073632] [a3_receive_input_gateway]: gateway calibrated=yes frame_age=91876.8ms frames=124218 ball=41363 base_poses=124199 invalid=0 station_ok=yes
[INFO] [1787148129.197272214] [a3_receive_input_gateway]: gateway calibrated=yes frame_age=92876.9ms frames=124218 ball=41363 base_poses=124199 invalid=0 station_ok=yes
[INFO] [1787148130.197044907] [a3_receive_input_gateway]: gateway calibrated=yes frame_age=93876.8ms frames=124218 ball=41363 base_poses=124199 invalid=0 station_ok=yes
[INFO] [1787148131.197037995] [a3_receive_input_gateway]: gateway calibrated=yes frame_age=94876.7ms frames=124218 ball=41363 base_poses=124199 invalid=0 station_ok=yes
[INFO] [1787148132.197235303] [a3_receive_input_gateway]: gateway calibrated=yes frame_age=95876.9ms frames=124218 ball=41363 base_poses=124199 invalid=0 station_ok=yes
[INFO] [1787148133.197000987] [a3_receive_input_gateway]: gateway calibrated=yes frame_age=96876.8ms frames=124218 ball=41363 base_poses=124199 invalid=0 station_ok=yes
[INFO] [1787148134.197307315] [a3_receive_input_gateway]: gateway calibrated=yes frame_age=97876.9ms frames=124218 ball=41363 base_poses=124199 invalid=0 station_ok=yes
[INFO] [1787148135.196860417] [a3_receive_input_gateway]: gateway calibrated=yes frame_age=98876.7ms frames=124218 ball=41363 base_poses=124199 invalid=0 station_ok=yes
[INFO] [1787148136.197227291] [a3_receive_input_gateway]: gateway calibrated=yes frame_age=99876.9ms frames=124218 ball=41363 base_poses=124199 invalid=0 station_ok=yes
[INFO] [1787148137.197322812] [a3_receive_input_gateway]: gateway calibrated=yes frame_age=100877.0ms frames=124218 ball=41363 base_poses=124199 invalid=0 station_ok=yes
[INFO] [1787148138.197275566] [a3_receive_input_gateway]: gateway calibrated=yes frame_age=101876.9ms frames=124218 ball=41363 base_poses=124199 invalid=0 station_ok=yes
[INFO] [1787148139.197227282] [a3_receive_input_gateway]: gateway calibrated=yes frame_age=102876.8ms frames=124218 ball=41363 base_poses=124199 invalid=0 station_ok=yes
[INFO] [1787148140.197097057] [a3_receive_input_gateway]: gateway calibrated=yes frame_age=103876.8ms frames=124218 ball=41363 base_poses=124199 invalid=0 station_ok=yes
[INFO] [1787148141.197174947] [a3_receive_input_gateway]: gateway calibrated=yes frame_age=104876.8ms frames=124218 ball=41363 base_poses=124199 invalid=0 station_ok=yes
[INFO] [1787148142.197159187] [a3_receive_input_gateway]: gateway calibrated=yes frame_age=105876.8ms frames=124218 ball=41363 base_poses=124199 invalid=0 station_ok=yes
[INFO] [1787148143.197086420] [a3_receive_input_gateway]: gateway calibrated=yes frame_age=106876.8ms frames=124218 ball=41363 base_poses=124199 invalid=0 station_ok=yes
[INFO] [1787148144.197288875] [a3_receive_input_gateway]: gateway calibrated=yes frame_age=107876.9ms frames=124218 ball=41363 base_poses=124199 invalid=0 station_ok=yes
[INFO] [1787148145.197072379] [a3_receive_input_gateway]: gateway calibrated=yes frame_age=108876.8ms frames=124218 ball=41363 base_poses=124199 invalid=0 station_ok=yes
[INFO] [1787148146.197072960] [a3_receive_input_gateway]: gateway calibrated=yes frame_age=109876.7ms frames=124218 ball=41363 base_poses=124199 invalid=0 station_ok=yes
[INFO] [1787148147.197139527] [a3_receive_input_gateway]: gateway calibrated=yes frame_age=110876.8ms frames=124218 ball=41363 base_poses=124199 invalid=0 station_ok=yes
[INFO] [1787148148.197105874] [a3_receive_input_gateway]: gateway calibrated=yes frame_age=111876.8ms frames=124218 ball=41363 base_poses=124199 invalid=0 station_ok=yes
[INFO] [1787148149.197217583] [a3_receive_input_gateway]: gateway calibrated=yes frame_age=112876.8ms frames=124218 ball=41363 base_poses=124199 invalid=0 station_ok=yes
[INFO] [1787148150.197228004] [a3_receive_input_gateway]: gateway calibrated=yes frame_age=113876.9ms frames=124218 ball=41363 base_poses=124199 invalid=0 station_ok=yes
[INFO] [1787148151.197198372] [a3_receive_input_gateway]: gateway calibrated=yes frame_age=114876.8ms frames=124218 ball=41363 base_poses=124199 invalid=0 station_ok=yes
[INFO] [1787148152.197139292] [a3_receive_input_gateway]: gateway calibrated=yes frame_age=115876.8ms frames=124218 ball=41363 base_poses=124199 invalid=0 station_ok=yes
[INFO] [1787148153.197029776] [a3_receive_input_gateway]: gateway calibrated=yes frame_age=116876.7ms frames=124218 ball=41363 base_poses=124199 invalid=0 station_ok=yes
[INFO] [1787148154.197194277] [a3_receive_input_gateway]: gateway calibrated=yes frame_age=117876.8ms frames=124218 ball=41363 base_poses=124199 invalid=0 station_ok=yes
[INFO] [1787148155.197228561] [a3_receive_input_gateway]: gateway calibrated=yes frame_age=118877.1ms frames=124218 ball=41363 base_poses=124199 invalid=0 station_ok=yes
[INFO] [1787148156.197148983] [a3_receive_input_gateway]: gateway calibrated=yes frame_age=119876.8ms frames=124218 ball=41363 base_poses=124199 invalid=0 station_ok=yes
[INFO] [1787148157.197116939] [a3_receive_input_gateway]: gateway calibrated=yes frame_age=120876.8ms frames=124218 ball=41363 base_poses=124199 invalid=0 station_ok=yes
[INFO] [1787148158.197188553] [a3_receive_input_gateway]: gateway calibrated=yes frame_age=121876.8ms frames=124218 ball=41363 base_poses=124199 invalid=0 station_ok=yes
[INFO] [1787148159.197186729] [a3_receive_input_gateway]: gateway calibrated=yes frame_age=122876.9ms frames=124218 ball=41363 base_poses=124199 invalid=0 station_ok=yes
[INFO] [1787148160.196849708] [a3_receive_input_gateway]: gateway calibrated=yes frame_age=123876.7ms frames=124218 ball=41363 base_poses=124199 invalid=0 station_ok=yes
[INFO] [1787148161.197085558] [a3_receive_input_gateway]: gateway calibrated=yes frame_age=124876.8ms frames=124218 ball=41363 base_poses=124199 invalid=0 station_ok=yes
[INFO] [1787148162.197136011] [a3_receive_input_gateway]: gateway calibrated=yes frame_age=125876.8ms frames=124218 ball=41363 base_poses=124199 invalid=0 station_ok=yes
[INFO] [1787148163.197172689] [a3_receive_input_gateway]: gateway calibrated=yes frame_age=126876.8ms frames=124218 ball=41363 base_poses=124199 invalid=0 station_ok=yes
[INFO] [1787148164.197193476] [a3_receive_input_gateway]: gateway calibrated=yes frame_age=127876.8ms frames=124218 ball=41363 base_poses=124199 invalid=0 station_ok=yes
[INFO] [1787148165.197058221] [a3_receive_input_gateway]: gateway calibrated=yes frame_age=128876.8ms frames=124218 ball=41363 base_poses=124199 invalid=0 station_ok=yes
[INFO] [1787148166.197060898] [a3_receive_input_gateway]: gateway calibrated=yes frame_age=129876.8ms frames=124218 ball=41363 base_poses=124199 invalid=0 station_ok=yes
[INFO] [1787148167.197219182] [a3_receive_input_gateway]: gateway calibrated=yes frame_age=130876.8ms frames=124218 ball=41363 base_poses=124199 invalid=0 station_ok=yes
[INFO] [1787148168.197076295] [a3_receive_input_gateway]: gateway calibrated=yes frame_age=131876.8ms frames=124218 ball=41363 base_poses=124199 invalid=0 station_ok=yes
[INFO] [1787148169.197313503] [a3_receive_input_gateway]: gateway calibrated=yes frame_age=132876.9ms frames=124218 ball=41363 base_poses=124199 invalid=0 station_ok=yes
[INFO] [1787148170.196895981] [a3_receive_input_gateway]: gateway calibrated=yes frame_age=133876.8ms frames=124218 ball=41363 base_poses=124199 invalid=0 station_ok=yes
[INFO] [1787148171.197040499] [a3_receive_input_gateway]: gateway calibrated=yes frame_age=134876.8ms frames=124218 ball=41363 base_poses=124199 invalid=0 station_ok=yes
[INFO] [1787148172.197145005] [a3_receive_input_gateway]: gateway calibrated=yes frame_age=135876.8ms frames=124218 ball=41363 base_poses=124199 invalid=0 station_ok=yes
[INFO] [1787148173.197068967] [a3_receive_input_gateway]: gateway calibrated=yes frame_age=136876.8ms frames=124218 ball=41363 base_poses=124199 invalid=0 station_ok=yes
[INFO] [1787148174.197087580] [a3_receive_input_gateway]: gateway calibrated=yes frame_age=137876.8ms frames=124218 ball=41363 base_poses=124199 invalid=0 station_ok=yes
[INFO] [1787148175.196826908] [a3_receive_input_gateway]: gateway calibrated=yes frame_age=138876.7ms frames=124218 ball=41363 base_poses=124199 invalid=0 station_ok=yes
[INFO] [1787148176.197108228] [a3_receive_input_gateway]: gateway calibrated=yes frame_age=139876.9ms frames=124218 ball=41363 base_poses=124199 invalid=0 station_ok=yes
[INFO] [1787148177.197107254] [a3_receive_input_gateway]: gateway calibrated=yes frame_age=140876.8ms frames=124218 ball=41363 base_poses=124199 invalid=0 station_ok=yes
[INFO] [1787148178.197232654] [a3_receive_input_gateway]: gateway calibrated=yes frame_age=141876.8ms frames=124218 ball=41363 base_poses=124199 invalid=0 station_ok=yes
[INFO] [1787148179.197128029] [a3_receive_input_gateway]: gateway calibrated=yes frame_age=142876.8ms frames=124218 ball=41363 base_poses=124199 invalid=0 station_ok=yes
[INFO] [1787148180.196966547] [a3_receive_input_gateway]: gateway calibrated=yes frame_age=143876.7ms frames=124218 ball=41363 base_poses=124199 invalid=0 station_ok=yes
[INFO] [1787148181.197042148] [a3_receive_input_gateway]: gateway calibrated=yes frame_age=144876.8ms frames=124218 ball=41363 base_poses=124199 invalid=0 station_ok=yes
[INFO] [1787148182.197001704] [a3_receive_input_gateway]: gateway calibrated=yes frame_age=145876.8ms frames=124218 ball=41363 base_poses=124199 invalid=0 station_ok=yes
[INFO] [1787148183.197191301] [a3_receive_input_gateway]: gateway calibrated=yes frame_age=146876.8ms frames=124218 ball=41363 base_poses=124199 invalid=0 station_ok=yes
[INFO] [1787148184.197375444] [a3_receive_input_gateway]: gateway calibrated=yes frame_age=147876.8ms frames=124218 ball=41363 base_poses=124199 invalid=0 station_ok=yes
[INFO] [1787148185.197151975] [a3_receive_input_gateway]: gateway calibrated=yes frame_age=148876.9ms frames=124218 ball=41363 base_poses=124199 invalid=0 station_ok=yes
[INFO] [1787148186.197059314] [a3_receive_input_gateway]: gateway calibrated=yes frame_age=149876.8ms frames=124218 ball=41363 base_poses=124199 invalid=0 station_ok=yes
[INFO] [1787148187.197231943] [a3_receive_input_gateway]: gateway calibrated=yes frame_age=150876.8ms frames=124218 ball=41363 base_poses=124199 invalid=0 station_ok=yes
[INFO] [1787148188.197341381] [a3_receive_input_gateway]: gateway calibrated=yes frame_age=151876.9ms frames=124218 ball=41363 base_poses=124199 invalid=0 station_ok=yes
[INFO] [1787148189.197301079] [a3_receive_input_gateway]: gateway calibrated=yes frame_age=152876.8ms frames=124218 ball=41363 base_poses=124199 invalid=0 station_ok=yes
[INFO] [1787148190.197032931] [a3_receive_input_gateway]: gateway calibrated=yes frame_age=153876.7ms frames=124218 ball=41363 base_poses=124199 invalid=0 station_ok=yes
[INFO] [1787148191.197007734] [a3_receive_input_gateway]: gateway calibrated=yes frame_age=154876.7ms frames=124218 ball=41363 base_poses=124199 invalid=0 station_ok=yes
[INFO] [1787148192.196908142] [a3_receive_input_gateway]: gateway calibrated=yes frame_age=155876.7ms frames=124218 ball=41363 base_poses=124199 invalid=0 station_ok=yes
[INFO] [1787148193.197452185] [a3_receive_input_gateway]: gateway calibrated=yes frame_age=156877.1ms frames=124218 ball=41363 base_poses=124199 invalid=0 station_ok=yes
[INFO] [1787148194.197470262] [a3_receive_input_gateway]: gateway calibrated=yes frame_age=157877.1ms frames=124218 ball=41363 base_poses=124199 invalid=0 station_ok=yes
[INFO] [1787148195.197382726] [a3_receive_input_gateway]: gateway calibrated=yes frame_age=158876.9ms frames=124218 ball=41363 base_poses=124199 invalid=0 station_ok=yes
[INFO] [1787148196.197280850] [a3_receive_input_gateway]: gateway calibrated=yes frame_age=159876.8ms frames=124218 ball=41363 base_poses=124199 invalid=0 station_ok=yes
[INFO] [1787148197.197362136] [a3_receive_input_gateway]: gateway calibrated=yes frame_age=160876.8ms frames=124218 ball=41363 base_poses=124199 invalid=0 station_ok=yes
[INFO] [1787148198.197444622] [a3_receive_input_gateway]: gateway calibrated=yes frame_age=161876.9ms frames=124218 ball=41363 base_poses=124199 invalid=0 station_ok=yes
[INFO] [1787148199.197042866] [a3_receive_input_gateway]: gateway calibrated=yes frame_age=162876.8ms frames=124218 ball=41363 base_poses=124199 invalid=0 station_ok=yes
[INFO] [1787148200.197040666] [a3_receive_input_gateway]: gateway calibrated=yes frame_age=163876.7ms frames=124218 ball=41363 base_poses=124199 invalid=0 station_ok=yes
[INFO] [1787148201.197293370] [a3_receive_input_gateway]: gateway calibrated=yes frame_age=164876.9ms frames=124218 ball=41363 base_poses=124199 invalid=0 station_ok=yes
[INFO] [1787148202.196852116] [a3_receive_input_gateway]: gateway calibrated=yes frame_age=165876.7ms frames=124218 ball=41363 base_poses=124199 invalid=0 station_ok=yes
[INFO] [1787148203.196890571] [a3_receive_input_gateway]: gateway calibrated=yes frame_age=166876.7ms frames=124218 ball=41363 base_poses=124199 invalid=0 station_ok=yes
[INFO] [1787148204.196850457] [a3_receive_input_gateway]: gateway calibrated=yes frame_age=167876.7ms frames=124218 ball=41363 base_poses=124199 invalid=0 station_ok=yes
[INFO] [1787148205.196851293] [a3_receive_input_gateway]: gateway calibrated=yes frame_age=168876.7ms frames=124218 ball=41363 base_poses=124199 invalid=0 station_ok=yes
[INFO] [1787148206.196873192] [a3_receive_input_gateway]: gateway calibrated=yes frame_age=169876.7ms frames=124218 ball=41363 base_poses=124199 invalid=0 station_ok=yes
[INFO] [1787148207.196804775] [a3_receive_input_gateway]: gateway calibrated=yes frame_age=170876.7ms frames=124218 ball=41363 base_poses=124199 invalid=0 station_ok=yes
[INFO] [1787148208.196961942] [a3_receive_input_gateway]: gateway calibrated=yes frame_age=171876.7ms frames=124218 ball=41363 base_poses=124199 invalid=0 station_ok=yes
[INFO] [1787148209.197053641] [a3_receive_input_gateway]: gateway calibrated=yes frame_age=172876.8ms frames=124218 ball=41363 base_poses=124199 invalid=0 station_ok=yes
[INFO] [1787148210.197037897] [a3_receive_input_gateway]: gateway calibrated=yes frame_age=173876.8ms frames=124218 ball=41363 base_poses=124199 invalid=0 station_ok=yes
[INFO] [1787148211.197033660] [a3_receive_input_gateway]: gateway calibrated=yes frame_age=174876.8ms frames=124218 ball=41363 base_poses=124199 invalid=0 station_ok=yes
[INFO] [1787148212.196851010] [a3_receive_input_gateway]: gateway calibrated=yes frame_age=175876.7ms frames=124218 ball=41363 base_poses=124199 invalid=0 station_ok=yes
[INFO] [1787148213.197029508] [a3_receive_input_gateway]: gateway calibrated=yes frame_age=176876.7ms frames=124218 ball=41363 base_poses=124199 invalid=0 station_ok=yes
[INFO] [1787148214.196819133] [a3_receive_input_gateway]: gateway calibrated=yes frame_age=177876.7ms frames=124218 ball=41363 base_poses=124199 invalid=0 station_ok=yes
[INFO] [1787148215.197323278] [a3_receive_input_gateway]: gateway calibrated=yes frame_age=178876.9ms frames=124218 ball=41363 base_poses=124199 invalid=0 station_ok=yes
[INFO] [1787148216.196860048] [a3_receive_input_gateway]: gateway calibrated=yes frame_age=179876.7ms frames=124218 ball=41363 base_poses=124199 invalid=0 station_ok=yes
[INFO] [1787148217.196815117] [a3_receive_input_gateway]: gateway calibrated=yes frame_age=180876.7ms frames=124218 ball=41363 base_poses=124199 invalid=0 station_ok=yes
[INFO] [1787148218.197027678] [a3_receive_input_gateway]: gateway calibrated=yes frame_age=181876.7ms frames=124218 ball=41363 base_poses=124199 invalid=0 station_ok=yes
[INFO] [1787148219.196797278] [a3_receive_input_gateway]: gateway calibrated=yes frame_age=182876.7ms frames=124218 ball=41363 base_poses=124199 invalid=0 station_ok=yes
[INFO] [1787148220.196830000] [a3_receive_input_gateway]: gateway calibrated=yes frame_age=183876.7ms frames=124218 ball=41363 base_poses=124199 invalid=0 station_ok=yes
[INFO] [1787148221.196968815] [a3_receive_input_gateway]: gateway calibrated=yes frame_age=184876.7ms frames=124218 ball=41363 base_poses=124199 invalid=0 station_ok=yes
[INFO] [1787148222.196798444] [a3_receive_input_gateway]: gateway calibrated=yes frame_age=185876.7ms frames=124218 ball=41363 base_poses=124199 invalid=0 station_ok=yes
[INFO] [1787148223.196767599] [a3_receive_input_gateway]: gateway calibrated=yes frame_age=186876.7ms frames=124218 ball=41363 base_poses=124199 invalid=0 station_ok=yes
[INFO] [1787148224.196813247] [a3_receive_input_gateway]: gateway calibrated=yes frame_age=187876.7ms frames=124218 ball=41363 base_poses=124199 invalid=0 station_ok=yes
[INFO] [1787148225.197027919] [a3_receive_input_gateway]: gateway calibrated=yes frame_age=188876.7ms frames=124218 ball=41363 base_poses=124199 invalid=0 station_ok=yes
[INFO] [1787148226.196780071] [a3_receive_input_gateway]: gateway calibrated=yes frame_age=189876.7ms frames=124218 ball=41363 base_poses=124199 invalid=0 station_ok=yes
[INFO] [1787148227.196772576] [a3_receive_input_gateway]: gateway calibrated=yes frame_age=190876.7ms frames=124218 ball=41363 base_poses=124199 invalid=0 station_ok=yes
[INFO] [1787148228.196871411] [a3_receive_input_gateway]: gateway calibrated=yes frame_age=191876.7ms frames=124218 ball=41363 base_poses=124199 invalid=0 station_ok=yes
[INFO] [1787148229.196816036] [a3_receive_input_gateway]: gateway calibrated=yes frame_age=192876.7ms frames=124218 ball=41363 base_poses=124199 invalid=0 station_ok=yes
[INFO] [1787148230.196822181] [a3_receive_input_gateway]: gateway calibrated=yes frame_age=193876.7ms frames=124218 ball=41363 base_poses=124199 invalid=0 station_ok=yes
[INFO] [1787148231.197336181] [a3_receive_input_gateway]: gateway calibrated=yes frame_age=194877.1ms frames=124218 ball=41363 base_poses=124199 invalid=0 station_ok=yes
[INFO] [1787148232.196789351] [a3_receive_input_gateway]: gateway calibrated=yes frame_age=195876.7ms frames=124218 ball=41363 base_poses=124199 invalid=0 station_ok=yes
[INFO] [1787148233.196797175] [a3_receive_input_gateway]: gateway calibrated=yes frame_age=196876.7ms frames=124218 ball=41363 base_poses=124199 invalid=0 station_ok=yes
[INFO] [1787148234.196786757] [a3_receive_input_gateway]: gateway calibrated=yes frame_age=197876.7ms frames=124218 ball=41363 base_poses=124199 invalid=0 station_ok=yes
[INFO] [1787148235.196913595] [a3_receive_input_gateway]: gateway calibrated=yes frame_age=198876.7ms frames=124218 ball=41363 base_poses=124199 invalid=0 station_ok=yes
[INFO] [1787148236.197043299] [a3_receive_input_gateway]: gateway calibrated=yes frame_age=199876.7ms frames=124218 ball=41363 base_poses=124199 invalid=0 station_ok=yes
[INFO] [1787148237.197088122] [a3_receive_input_gateway]: gateway calibrated=yes frame_age=200876.8ms frames=124218 ball=41363 base_poses=124199 invalid=0 station_ok=yes
[INFO] [1787148238.197258940] [a3_receive_input_gateway]: gateway calibrated=yes frame_age=201876.8ms frames=124218 ball=41363 base_poses=124199 invalid=0 station_ok=yes
[INFO] [1787148239.197199894] [a3_receive_input_gateway]: gateway calibrated=yes frame_age=202876.8ms frames=124218 ball=41363 base_poses=124199 invalid=0 station_ok=yes
[INFO] [1787148240.197084730] [a3_receive_input_gateway]: gateway calibrated=yes frame_age=203876.8ms frames=124218 ball=41363 base_poses=124199 invalid=0 station_ok=yes
[INFO] [1787148241.197113691] [a3_receive_input_gateway]: gateway calibrated=yes frame_age=204876.8ms frames=124218 ball=41363 base_poses=124199 invalid=0 station_ok=yes
[INFO] [1787148242.197123589] [a3_receive_input_gateway]: gateway calibrated=yes frame_age=205876.9ms frames=124218 ball=41363 base_poses=124199 invalid=0 station_ok=yes
[INFO] [1787148243.197044201] [a3_receive_input_gateway]: gateway calibrated=yes frame_age=206876.8ms frames=124218 ball=41363 base_poses=124199 invalid=0 station_ok=yes
[INFO] [1787148244.197005320] [a3_receive_input_gateway]: gateway calibrated=yes frame_age=207876.7ms frames=124218 ball=41363 base_poses=124199 invalid=0 station_ok=yes
[INFO] [1787148245.197160262] [a3_receive_input_gateway]: gateway calibrated=yes frame_age=208876.9ms frames=124218 ball=41363 base_poses=124199 invalid=0 station_ok=yes
[INFO] [1787148246.197129114] [a3_receive_input_gateway]: gateway calibrated=yes frame_age=209876.8ms frames=124218 ball=41363 base_poses=124199 invalid=0 station_ok=yes
[INFO] [1787148247.197043367] [a3_receive_input_gateway]: gateway calibrated=yes frame_age=210876.8ms frames=124218 ball=41363 base_poses=124199 invalid=0 station_ok=yes
[INFO] [1787148248.197129614] [a3_receive_input_gateway]: gateway calibrated=yes frame_age=211876.8ms frames=124218 ball=41363 base_poses=124199 invalid=0 station_ok=yes
[INFO] [1787148249.197239647] [a3_receive_input_gateway]: gateway calibrated=yes frame_age=212876.8ms frames=124218 ball=41363 base_poses=124199 invalid=0 station_ok=yes
[INFO] [1787148250.197384779] [a3_receive_input_gateway]: gateway calibrated=yes frame_age=213877.0ms frames=124218 ball=41363 base_poses=124199 invalid=0 station_ok=yes
[INFO] [1787148251.197203159] [a3_receive_input_gateway]: gateway calibrated=yes frame_age=214876.9ms frames=124218 ball=41363 base_poses=124199 invalid=0 station_ok=yes
[INFO] [1787148252.197231963] [a3_receive_input_gateway]: gateway calibrated=yes frame_age=215876.9ms frames=124218 ball=41363 base_poses=124199 invalid=0 station_ok=yes
[INFO] [1787148253.197393319] [a3_receive_input_gateway]: gateway calibrated=yes frame_age=216877.0ms frames=124218 ball=41363 base_poses=124199 invalid=0 station_ok=yes
[INFO] [1787148254.197154364] [a3_receive_input_gateway]: gateway calibrated=yes frame_age=217876.9ms frames=124218 ball=41363 base_poses=124199 invalid=0 station_ok=yes
[INFO] [1787148255.197269371] [a3_receive_input_gateway]: gateway calibrated=yes frame_age=218876.9ms frames=124218 ball=41363 base_poses=124199 invalid=0 station_ok=yes
[INFO] [1787148256.197128243] [a3_receive_input_gateway]: gateway calibrated=yes frame_age=219876.8ms frames=124218 ball=41363 base_poses=124199 invalid=0 station_ok=yes
[INFO] [1787148257.197075069] [a3_receive_input_gateway]: gateway calibrated=yes frame_age=220876.8ms frames=124218 ball=41363 base_poses=124199 invalid=0 station_ok=yes
[INFO] [1787148258.197113040] [a3_receive_input_gateway]: gateway calibrated=yes frame_age=221876.8ms frames=124218 ball=41363 base_poses=124199 invalid=0 station_ok=yes
[INFO] [1787148259.197063763] [a3_receive_input_gateway]: gateway calibrated=yes frame_age=222876.8ms frames=124218 ball=41363 base_poses=124199 invalid=0 station_ok=yes
[INFO] [1787148260.196789835] [a3_receive_input_gateway]: gateway calibrated=yes frame_age=223876.7ms frames=124218 ball=41363 base_poses=124199 invalid=0 station_ok=yes
[INFO] [1787148261.196774903] [a3_receive_input_gateway]: gateway calibrated=yes frame_age=224876.7ms frames=124218 ball=41363 base_poses=124199 invalid=0 station_ok=yes
[INFO] [1787148262.196881323] [a3_receive_input_gateway]: gateway calibrated=yes frame_age=225876.7ms frames=124218 ball=41363 base_poses=124199 invalid=0 station_ok=yes
[INFO] [1787148263.196915217] [a3_receive_input_gateway]: gateway calibrated=yes frame_age=226876.8ms frames=124218 ball=41363 base_poses=124199 invalid=0 station_ok=yes
[INFO] [1787148264.196795540] [a3_receive_input_gateway]: gateway calibrated=yes frame_age=227876.7ms frames=124218 ball=41363 base_poses=124199 invalid=0 station_ok=yes
[INFO] [1787148265.196795576] [a3_receive_input_gateway]: gateway calibrated=yes frame_age=228876.7ms frames=124218 ball=41363 base_poses=124199 invalid=0 station_ok=yes
[INFO] [1787148266.196803251] [a3_receive_input_gateway]: gateway calibrated=yes frame_age=229876.7ms frames=124218 ball=41363 base_poses=124199 invalid=0 station_ok=yes
[INFO] [1787148267.196885977] [a3_receive_input_gateway]: gateway calibrated=yes frame_age=230876.7ms frames=124218 ball=41363 base_poses=124199 invalid=0 station_ok=yes
[INFO] [1787148268.196891119] [a3_receive_input_gateway]: gateway calibrated=yes frame_age=231876.7ms frames=124218 ball=41363 base_poses=124199 invalid=0 station_ok=yes
[INFO] [1787148269.197003467] [a3_receive_input_gateway]: gateway calibrated=yes frame_age=232876.9ms frames=124218 ball=41363 base_poses=124199 invalid=0 station_ok=yes
[INFO] [1787148270.196976503] [a3_receive_input_gateway]: gateway calibrated=yes frame_age=233876.8ms frames=124218 ball=41363 base_poses=124199 invalid=0 station_ok=yes
[INFO] [1787148271.196872904] [a3_receive_input_gateway]: gateway calibrated=yes frame_age=234876.7ms frames=124218 ball=41363 base_poses=124199 invalid=0 station_ok=yes
[INFO] [1787148272.197209662] [a3_receive_input_gateway]: gateway calibrated=yes frame_age=235876.7ms frames=124218 ball=41363 base_poses=124199 invalid=0 station_ok=yes
[INFO] [1787148273.196818783] [a3_receive_input_gateway]: gateway calibrated=yes frame_age=236876.7ms frames=124218 ball=41363 base_poses=124199 invalid=0 station_ok=yes
[INFO] [1787148274.196863603] [a3_receive_input_gateway]: gateway calibrated=yes frame_age=237876.7ms frames=124218 ball=41363 base_poses=124199 invalid=0 station_ok=yes
[INFO] [1787148275.196786746] [a3_receive_input_gateway]: gateway calibrated=yes frame_age=238876.7ms frames=124218 ball=41363 base_poses=124199 invalid=0 station_ok=yes
[INFO] [1787148276.196862201] [a3_receive_input_gateway]: gateway calibrated=yes frame_age=239876.7ms frames=124218 ball=41363 base_poses=124199 invalid=0 station_ok=yes
[INFO] [1787148277.197000439] [a3_receive_input_gateway]: gateway calibrated=yes frame_age=240876.7ms frames=124218 ball=41363 base_poses=124199 invalid=0 station_ok=yes
[INFO] [1787148278.197219509] [a3_receive_input_gateway]: gateway calibrated=yes frame_age=241876.7ms frames=124218 ball=41363 base_poses=124199 invalid=0 station_ok=yes
[INFO] [1787148279.197325644] [a3_receive_input_gateway]: gateway calibrated=yes frame_age=242876.7ms frames=124218 ball=41363 base_poses=124199 invalid=0 station_ok=yes
[INFO] [1787148280.196852438] [a3_receive_input_gateway]: gateway calibrated=yes frame_age=243876.7ms frames=124218 ball=41363 base_poses=124199 invalid=0 station_ok=yes
[INFO] [1787148281.196781036] [a3_receive_input_gateway]: gateway calibrated=yes frame_age=244876.7ms frames=124218 ball=41363 base_poses=124199 invalid=0 station_ok=yes
[INFO] [1787148282.197196236] [a3_receive_input_gateway]: gateway calibrated=yes frame_age=245876.9ms frames=124218 ball=41363 base_poses=124199 invalid=0 station_ok=yes
[INFO] [1787148283.197093046] [a3_receive_input_gateway]: gateway calibrated=yes frame_age=246876.8ms frames=124218 ball=41363 base_poses=124199 invalid=0 station_ok=yes
[INFO] [1787148284.197098847] [a3_receive_input_gateway]: gateway calibrated=yes frame_age=247876.8ms frames=124218 ball=41363 base_poses=124199 invalid=0 station_ok=yes
[INFO] [1787148285.197027068] [a3_receive_input_gateway]: gateway calibrated=yes frame_age=248876.9ms frames=124218 ball=41363 base_poses=124199 invalid=0 station_ok=yes
[INFO] [1787148286.196870292] [a3_receive_input_gateway]: gateway calibrated=yes frame_age=249876.7ms frames=124218 ball=41363 base_poses=124199 invalid=0 station_ok=yes
[INFO] [1787148287.196834755] [a3_receive_input_gateway]: gateway calibrated=yes frame_age=250876.7ms frames=124218 ball=41363 base_poses=124199 invalid=0 station_ok=yes
[INFO] [1787148288.196795199] [a3_receive_input_gateway]: gateway calibrated=yes frame_age=251876.7ms frames=124218 ball=41363 base_poses=124199 invalid=0 station_ok=yes
[INFO] [1787148289.196755708] [a3_receive_input_gateway]: gateway calibrated=yes frame_age=252876.6ms frames=124218 ball=41363 base_poses=124199 invalid=0 station_ok=yes
[INFO] [1787148290.196809302] [a3_receive_input_gateway]: gateway calibrated=yes frame_age=253876.7ms frames=124218 ball=41363 base_poses=124199 invalid=0 station_ok=yes
[INFO] [1787148291.196775633] [a3_receive_input_gateway]: gateway calibrated=yes frame_age=254876.7ms frames=124218 ball=41363 base_poses=124199 invalid=0 station_ok=yes
[INFO] [1787148292.196844894] [a3_receive_input_gateway]: gateway calibrated=yes frame_age=255876.7ms frames=124218 ball=41363 base_poses=124199 invalid=0 station_ok=yes
[INFO] [1787148293.196798761] [a3_receive_input_gateway]: gateway calibrated=yes frame_age=256876.7ms frames=124218 ball=41363 base_poses=124199 invalid=0 station_ok=yes
[INFO] [1787148294.196834746] [a3_receive_input_gateway]: gateway calibrated=yes frame_age=257876.7ms frames=124218 ball=41363 base_poses=124199 invalid=0 station_ok=yes
[INFO] [1787148295.196795484] [a3_receive_input_gateway]: gateway calibrated=yes frame_age=258876.7ms frames=124218 ball=41363 base_poses=124199 invalid=0 station_ok=yes
[INFO] [1787148296.196930278] [a3_receive_input_gateway]: gateway calibrated=yes frame_age=259876.7ms frames=124218 ball=41363 base_poses=124199 invalid=0 station_ok=yes
[INFO] [1787148297.196777659] [a3_receive_input_gateway]: gateway calibrated=yes frame_age=260876.7ms frames=124218 ball=41363 base_poses=124199 invalid=0 station_ok=yes
[INFO] [1787148298.196793218] [a3_receive_input_gateway]: gateway calibrated=yes frame_age=261876.7ms frames=124218 ball=41363 base_poses=124199 invalid=0 station_ok=yes
[INFO] [1787148299.196905383] [a3_receive_input_gateway]: gateway calibrated=yes frame_age=262876.8ms frames=124218 ball=41363 base_poses=124199 invalid=0 station_ok=yes
[INFO] [1787148300.197804429] [a3_receive_input_gateway]: gateway calibrated=yes frame_age=263877.5ms frames=124218 ball=41363 base_poses=124199 invalid=0 station_ok=yes
[INFO] [1787148301.196811600] [a3_receive_input_gateway]: gateway calibrated=yes frame_age=264876.7ms frames=124218 ball=41363 base_poses=124199 invalid=0 station_ok=yes
[INFO] [1787148302.196822822] [a3_receive_input_gateway]: gateway calibrated=yes frame_age=265876.7ms frames=124218 ball=41363 base_poses=124199 invalid=0 station_ok=yes
[INFO] [1787148303.196811121] [a3_receive_input_gateway]: gateway calibrated=yes frame_age=266876.7ms frames=124218 ball=41363 base_poses=124199 invalid=0 station_ok=yes
[INFO] [1787148304.196826856] [a3_receive_input_gateway]: gateway calibrated=yes frame_age=267876.7ms frames=124218 ball=41363 base_poses=124199 invalid=0 station_ok=yes
[INFO] [1787148305.196953339] [a3_receive_input_gateway]: gateway calibrated=yes frame_age=268876.7ms frames=124218 ball=41363 base_poses=124199 invalid=0 station_ok=yes
[INFO] [1787148306.197024841] [a3_receive_input_gateway]: gateway calibrated=yes frame_age=269876.7ms frames=124218 ball=41363 base_poses=124199 invalid=0 station_ok=yes
[INFO] [1787148307.197000802] [a3_receive_input_gateway]: gateway calibrated=yes frame_age=270876.7ms frames=124218 ball=41363 base_poses=124199 invalid=0 station_ok=yes
[INFO] [1787148308.196859371] [a3_receive_input_gateway]: gateway calibrated=yes frame_age=271876.7ms frames=124218 ball=41363 base_poses=124199 invalid=0 station_ok=yes
[INFO] [1787148309.196809001] [a3_receive_input_gateway]: gateway calibrated=yes frame_age=272876.7ms frames=124218 ball=41363 base_poses=124199 invalid=0 station_ok=yes
[INFO] [1787148310.196864784] [a3_receive_input_gateway]: gateway calibrated=yes frame_age=273876.7ms frames=124218 ball=41363 base_poses=124199 invalid=0 station_ok=yes
[INFO] [1787148311.196905745] [a3_receive_input_gateway]: gateway calibrated=yes frame_age=274876.7ms frames=124218 ball=41363 base_poses=124199 invalid=0 station_ok=yes
[INFO] [1787148312.196940372] [a3_receive_input_gateway]: gateway calibrated=yes frame_age=275876.7ms frames=124218 ball=41363 base_poses=124199 invalid=0 station_ok=yes
[INFO] [1787148313.196819749] [a3_receive_input_gateway]: gateway calibrated=yes frame_age=276876.7ms frames=124218 ball=41363 base_poses=124199 invalid=0 station_ok=yes
[INFO] [1787148314.196826967] [a3_receive_input_gateway]: gateway calibrated=yes frame_age=277876.7ms frames=124218 ball=41363 base_poses=124199 invalid=0 station_ok=yes
[INFO] [1787148315.196935798] [a3_receive_input_gateway]: gateway calibrated=yes frame_age=278876.7ms frames=124218 ball=41363 base_poses=124199 invalid=0 station_ok=yes
[INFO] [1787148316.196842887] [a3_receive_input_gateway]: gateway calibrated=yes frame_age=279876.7ms frames=124218 ball=41363 base_poses=124199 invalid=0 station_ok=yes
[INFO] [1787148317.196780251] [a3_receive_input_gateway]: gateway calibrated=yes frame_age=280876.7ms frames=124218 ball=41363 base_poses=124199 invalid=0 station_ok=yes
[INFO] [1787148318.196834877] [a3_receive_input_gateway]: gateway calibrated=yes frame_age=281876.7ms frames=124218 ball=41363 base_poses=124199 invalid=0 station_ok=yes
[INFO] [1787148319.196952555] [a3_receive_input_gateway]: gateway calibrated=yes frame_age=282876.8ms frames=124218 ball=41363 base_poses=124199 invalid=0 station_ok=yes
[INFO] [1787148320.196871571] [a3_receive_input_gateway]: gateway calibrated=yes frame_age=283876.7ms frames=124218 ball=41363 base_poses=124199 invalid=0 station_ok=yes
[INFO] [1787148321.196863081] [a3_receive_input_gateway]: gateway calibrated=yes frame_age=284876.7ms frames=124218 ball=41363 base_poses=124199 invalid=0 station_ok=yes
[INFO] [1787148322.196807203] [a3_receive_input_gateway]: gateway calibrated=yes frame_age=285876.7ms frames=124218 ball=41363 base_poses=124199 invalid=0 station_ok=yes
[INFO] [1787148323.196833944] [a3_receive_input_gateway]: gateway calibrated=yes frame_age=286876.7ms frames=124218 ball=41363 base_poses=124199 invalid=0 station_ok=yes
[INFO] [1787148324.196802697] [a3_receive_input_gateway]: gateway calibrated=yes frame_age=287876.7ms frames=124218 ball=41363 base_poses=124199 invalid=0 station_ok=yes
[INFO] [1787148325.196790072] [a3_receive_input_gateway]: gateway calibrated=yes frame_age=288876.7ms frames=124218 ball=41363 base_poses=124199 invalid=0 station_ok=yes
[INFO] [1787148326.196975566] [a3_receive_input_gateway]: gateway calibrated=yes frame_age=289876.7ms frames=124218 ball=41363 base_poses=124199 invalid=0 station_ok=yes
[INFO] [1787148327.196992403] [a3_receive_input_gateway]: gateway calibrated=yes frame_age=290876.8ms frames=124218 ball=41363 base_poses=124199 invalid=0 station_ok=yes
[INFO] [1787148328.196999284] [a3_receive_input_gateway]: gateway calibrated=yes frame_age=291876.8ms frames=124218 ball=41363 base_poses=124199 invalid=0 station_ok=yes
[INFO] [1787148329.197022695] [a3_receive_input_gateway]: gateway calibrated=yes frame_age=292876.8ms frames=124218 ball=41363 base_poses=124199 invalid=0 station_ok=yes
[INFO] [1787148330.196961458] [a3_receive_input_gateway]: gateway calibrated=yes frame_age=293876.7ms frames=124218 ball=41363 base_poses=124199 invalid=0 station_ok=yes
[INFO] [1787148331.196883070] [a3_receive_input_gateway]: gateway calibrated=yes frame_age=294876.8ms frames=124218 ball=41363 base_poses=124199 invalid=0 station_ok=yes
[INFO] [1787148332.196859069] [a3_receive_input_gateway]: gateway calibrated=yes frame_age=295876.7ms frames=124218 ball=41363 base_poses=124199 invalid=0 station_ok=yes
[INFO] [1787148333.196921173] [a3_receive_input_gateway]: gateway calibrated=yes frame_age=296876.8ms frames=124218 ball=41363 base_poses=124199 invalid=0 station_ok=yes
[INFO] [1787148334.197088664] [a3_receive_input_gateway]: gateway calibrated=yes frame_age=297876.8ms frames=124218 ball=41363 base_poses=124199 invalid=0 station_ok=yes
[INFO] [1787148335.196870473] [a3_receive_input_gateway]: gateway calibrated=yes frame_age=298876.7ms frames=124218 ball=41363 base_poses=124199 invalid=0 station_ok=yes
[INFO] [1787148336.197023715] [a3_receive_input_gateway]: gateway calibrated=yes frame_age=299876.9ms frames=124218 ball=41363 base_poses=124199 invalid=0 station_ok=yes
[INFO] [1787148337.196771317] [a3_receive_input_gateway]: gateway calibrated=yes frame_age=300876.7ms frames=124218 ball=41363 base_poses=124199 invalid=0 station_ok=yes
[INFO] [1787148338.196799702] [a3_receive_input_gateway]: gateway calibrated=yes frame_age=301876.7ms frames=124218 ball=41363 base_poses=124199 invalid=0 station_ok=yes
[INFO] [1787148339.196827340] [a3_receive_input_gateway]: gateway calibrated=yes frame_age=302876.7ms frames=124218 ball=41363 base_poses=124199 invalid=0 station_ok=yes
[INFO] [1787148340.196913466] [a3_receive_input_gateway]: gateway calibrated=yes frame_age=303876.7ms frames=124218 ball=41363 base_poses=124199 invalid=0 station_ok=yes
[INFO] [1787148341.196794919] [a3_receive_input_gateway]: gateway calibrated=yes frame_age=304876.7ms frames=124218 ball=41363 base_poses=124199 invalid=0 station_ok=yes
[INFO] [1787148342.197009951] [a3_receive_input_gateway]: gateway calibrated=yes frame_age=305876.9ms frames=124218 ball=41363 base_poses=124199 invalid=0 station_ok=yes
[INFO] [1787148343.197240275] [a3_receive_input_gateway]: gateway calibrated=yes frame_age=306877.1ms frames=124218 ball=41363 base_poses=124199 invalid=0 station_ok=yes
[INFO] [1787148344.197003402] [a3_receive_input_gateway]: gateway calibrated=yes frame_age=307876.9ms frames=124218 ball=41363 base_poses=124199 invalid=0 station_ok=yes
[INFO] [1787148345.196791884] [a3_receive_input_gateway]: gateway calibrated=yes frame_age=308876.7ms frames=124218 ball=41363 base_poses=124199 invalid=0 station_ok=yes
[INFO] [1787148346.197128572] [a3_receive_input_gateway]: gateway calibrated=yes frame_age=309877.0ms frames=124218 ball=41363 base_poses=124199 invalid=0 station_ok=yes
[INFO] [1787148347.197083644] [a3_receive_input_gateway]: gateway calibrated=yes frame_age=310876.7ms frames=124218 ball=41363 base_poses=124199 invalid=0 station_ok=yes
[INFO] [1787148348.196798235] [a3_receive_input_gateway]: gateway calibrated=yes frame_age=311876.7ms frames=124218 ball=41363 base_poses=124199 invalid=0 station_ok=yes
[INFO] [1787148349.196812172] [a3_receive_input_gateway]: gateway calibrated=yes frame_age=312876.7ms frames=124218 ball=41363 base_poses=124199 invalid=0 station_ok=yes
[INFO] [1787148350.197205587] [a3_receive_input_gateway]: gateway calibrated=yes frame_age=313877.1ms frames=124218 ball=41363 base_poses=124199 invalid=0 station_ok=yes
[INFO] [1787148351.196837774] [a3_receive_input_gateway]: gateway calibrated=yes frame_age=314876.7ms frames=124218 ball=41363 base_poses=124199 invalid=0 station_ok=yes
[INFO] [1787148352.197039659] [a3_receive_input_gateway]: gateway calibrated=yes frame_age=315876.9ms frames=124218 ball=41363 base_poses=124199 invalid=0 station_ok=yes
[INFO] [1787148353.196950072] [a3_receive_input_gateway]: gateway calibrated=yes frame_age=316876.7ms frames=124218 ball=41363 base_poses=124199 invalid=0 station_ok=yes
[INFO] [1787148354.196848544] [a3_receive_input_gateway]: gateway calibrated=yes frame_age=317876.7ms frames=124218 ball=41363 base_poses=124199 invalid=0 station_ok=yes
[INFO] [1787148355.196890758] [a3_receive_input_gateway]: gateway calibrated=yes frame_age=318876.7ms frames=124218 ball=41363 base_poses=124199 invalid=0 station_ok=yes
[INFO] [1787148356.197108413] [a3_receive_input_gateway]: gateway calibrated=yes frame_age=319876.8ms frames=124218 ball=41363 base_poses=124199 invalid=0 station_ok=yes
[INFO] [1787148357.196870713] [a3_receive_input_gateway]: gateway calibrated=yes frame_age=320876.7ms frames=124218 ball=41363 base_poses=124199 invalid=0 station_ok=yes
[INFO] [1787148358.197007792] [a3_receive_input_gateway]: gateway calibrated=yes frame_age=321876.7ms frames=124218 ball=41363 base_poses=124199 invalid=0 station_ok=yes
[INFO] [1787148359.196818871] [a3_receive_input_gateway]: gateway calibrated=yes frame_age=322876.7ms frames=124218 ball=41363 base_poses=124199 invalid=0 station_ok=yes
[INFO] [1787148360.196773220] [a3_receive_input_gateway]: gateway calibrated=yes frame_age=323876.7ms frames=124218 ball=41363 base_poses=124199 invalid=0 station_ok=yes
[INFO] [1787148361.196826807] [a3_receive_input_gateway]: gateway calibrated=yes frame_age=324876.7ms frames=124218 ball=41363 base_poses=124199 invalid=0 station_ok=yes
[INFO] [1787148362.196831005] [a3_receive_input_gateway]: gateway calibrated=yes frame_age=325876.7ms frames=124218 ball=41363 base_poses=124199 invalid=0 station_ok=yes
[INFO] [1787148363.196982968] [a3_receive_input_gateway]: gateway calibrated=yes frame_age=326876.8ms frames=124218 ball=41363 base_poses=124199 invalid=0 station_ok=yes
[INFO] [1787148364.196999566] [a3_receive_input_gateway]: gateway calibrated=yes frame_age=327876.7ms frames=124218 ball=41363 base_poses=124199 invalid=0 station_ok=yes
[INFO] [1787148365.197153575] [a3_receive_input_gateway]: gateway calibrated=yes frame_age=328877.0ms frames=124218 ball=41363 base_poses=124199 invalid=0 station_ok=yes
[INFO] [1787148366.196883896] [a3_receive_input_gateway]: gateway calibrated=yes frame_age=329876.8ms frames=124218 ball=41363 base_poses=124199 invalid=0 station_ok=yes
[INFO] [1787148367.196868812] [a3_receive_input_gateway]: gateway calibrated=yes frame_age=330876.7ms frames=124218 ball=41363 base_poses=124199 invalid=0 station_ok=yes
[INFO] [1787148368.196839844] [a3_receive_input_gateway]: gateway calibrated=yes frame_age=331876.7ms frames=124218 ball=41363 base_poses=124199 invalid=0 station_ok=yes
[INFO] [1787148369.197034381] [a3_receive_input_gateway]: gateway calibrated=yes frame_age=332876.8ms frames=124218 ball=41363 base_poses=124199 invalid=0 station_ok=yes
[INFO] [1787148370.197014821] [a3_receive_input_gateway]: gateway calibrated=yes frame_age=333876.8ms frames=124218 ball=41363 base_poses=124199 invalid=0 station_ok=yes
[INFO] [1787148371.196920259] [a3_receive_input_gateway]: gateway calibrated=yes frame_age=334876.8ms frames=124218 ball=41363 base_poses=124199 invalid=0 station_ok=yes
[INFO] [1787148372.196892349] [a3_receive_input_gateway]: gateway calibrated=yes frame_age=335876.7ms frames=124218 ball=41363 base_poses=124199 invalid=0 station_ok=yes
[INFO] [1787148373.196833917] [a3_receive_input_gateway]: gateway calibrated=yes frame_age=336876.7ms frames=124218 ball=41363 base_poses=124199 invalid=0 station_ok=yes
[INFO] [1787148374.196778841] [a3_receive_input_gateway]: gateway calibrated=yes frame_age=337876.7ms frames=124218 ball=41363 base_poses=124199 invalid=0 station_ok=yes
[INFO] [1787148375.197135194] [a3_receive_input_gateway]: gateway calibrated=yes frame_age=338876.9ms frames=124218 ball=41363 base_poses=124199 invalid=0 station_ok=yes
[INFO] [1787148376.196786105] [a3_receive_input_gateway]: gateway calibrated=yes frame_age=339876.7ms frames=124218 ball=41363 base_poses=124199 invalid=0 station_ok=yes
[INFO] [1787148377.196801942] [a3_receive_input_gateway]: gateway calibrated=yes frame_age=340876.7ms frames=124218 ball=41363 base_poses=124199 invalid=0 station_ok=yes
[INFO] [1787148378.196812666] [a3_receive_input_gateway]: gateway calibrated=yes frame_age=341876.7ms frames=124218 ball=41363 base_poses=124199 invalid=0 station_ok=yes
[INFO] [1787148379.196810996] [a3_receive_input_gateway]: gateway calibrated=yes frame_age=342876.7ms frames=124218 ball=41363 base_poses=124199 invalid=0 station_ok=yes
[INFO] [1787148380.196806769] [a3_receive_input_gateway]: gateway calibrated=yes frame_age=343876.7ms frames=124218 ball=41363 base_poses=124199 invalid=0 station_ok=yes
[INFO] [1787148381.196797370] [a3_receive_input_gateway]: gateway calibrated=yes frame_age=344876.7ms frames=124218 ball=41363 base_poses=124199 invalid=0 station_ok=yes
[INFO] [1787148382.196987122] [a3_receive_input_gateway]: gateway calibrated=yes frame_age=345876.7ms frames=124218 ball=41363 base_poses=124199 invalid=0 station_ok=yes
[INFO] [1787148383.196791928] [a3_receive_input_gateway]: gateway calibrated=yes frame_age=346876.7ms frames=124218 ball=41363 base_poses=124199 invalid=0 station_ok=yes
[INFO] [1787148384.196803371] [a3_receive_input_gateway]: gateway calibrated=yes frame_age=347876.7ms frames=124218 ball=41363 base_poses=124199 invalid=0 station_ok=yes
[INFO] [1787148385.196795299] [a3_receive_input_gateway]: gateway calibrated=yes frame_age=348876.7ms frames=124218 ball=41363 base_poses=124199 invalid=0 station_ok=yes
[INFO] [1787148386.196795505] [a3_receive_input_gateway]: gateway calibrated=yes frame_age=349876.7ms frames=124218 ball=41363 base_poses=124199 invalid=0 station_ok=yes
[INFO] [1787148387.196840281] [a3_receive_input_gateway]: gateway calibrated=yes frame_age=350876.7ms frames=124218 ball=41363 base_poses=124199 invalid=0 station_ok=yes
[INFO] [1787148388.196842403] [a3_receive_input_gateway]: gateway calibrated=yes frame_age=351876.7ms frames=124218 ball=41363 base_poses=124199 invalid=0 station_ok=yes
[INFO] [1787148389.196829204] [a3_receive_input_gateway]: gateway calibrated=yes frame_age=352876.7ms frames=124218 ball=41363 base_poses=124199 invalid=0 station_ok=yes
[INFO] [1787148390.196793826] [a3_receive_input_gateway]: gateway calibrated=yes frame_age=353876.7ms frames=124218 ball=41363 base_poses=124199 invalid=0 station_ok=yes
[INFO] [1787148391.196771847] [a3_receive_input_gateway]: gateway calibrated=yes frame_age=354876.7ms frames=124218 ball=41363 base_poses=124199 invalid=0 station_ok=yes
[INFO] [1787148392.196758394] [a3_receive_input_gateway]: gateway calibrated=yes frame_age=355876.7ms frames=124218 ball=41363 base_poses=124199 invalid=0 station_ok=yes
[INFO] [1787148393.196796811] [a3_receive_input_gateway]: gateway calibrated=yes frame_age=356876.7ms frames=124218 ball=41363 base_poses=124199 invalid=0 station_ok=yes
[INFO] [1787148394.196760962] [a3_receive_input_gateway]: gateway calibrated=yes frame_age=357876.7ms frames=124218 ball=41363 base_poses=124199 invalid=0 station_ok=yes
[INFO] [1787148395.196854366] [a3_receive_input_gateway]: gateway calibrated=yes frame_age=358876.7ms frames=124218 ball=41363 base_poses=124199 invalid=0 station_ok=yes
[INFO] [1787148396.196787343] [a3_receive_input_gateway]: gateway calibrated=yes frame_age=359876.7ms frames=124218 ball=41363 base_poses=124199 invalid=0 station_ok=yes
[INFO] [1787148397.196857770] [a3_receive_input_gateway]: gateway calibrated=yes frame_age=360876.7ms frames=124218 ball=41363 base_poses=124199 invalid=0 station_ok=yes
[INFO] [1787148398.196939468] [a3_receive_input_gateway]: gateway calibrated=yes frame_age=361876.8ms frames=124218 ball=41363 base_poses=124199 invalid=0 station_ok=yes
[INFO] [1787148399.196802127] [a3_receive_input_gateway]: gateway calibrated=yes frame_age=362876.7ms frames=124218 ball=41363 base_poses=124199 invalid=0 station_ok=yes
[INFO] [1787148400.196886972] [a3_receive_input_gateway]: gateway calibrated=yes frame_age=363876.7ms frames=124218 ball=41363 base_poses=124199 invalid=0 station_ok=yes
[INFO] [1787148401.196832707] [a3_receive_input_gateway]: gateway calibrated=yes frame_age=364876.7ms frames=124218 ball=41363 base_poses=124199 invalid=0 station_ok=yes
[INFO] [1787148402.197158663] [a3_receive_input_gateway]: gateway calibrated=yes frame_age=365876.9ms frames=124218 ball=41363 base_poses=124199 invalid=0 station_ok=yes
[INFO] [1787148403.196828036] [a3_receive_input_gateway]: gateway calibrated=yes frame_age=366876.7ms frames=124218 ball=41363 base_poses=124199 invalid=0 station_ok=yes
[INFO] [1787148404.197179127] [a3_receive_input_gateway]: gateway calibrated=yes frame_age=367876.7ms frames=124218 ball=41363 base_poses=124199 invalid=0 station_ok=yes
[INFO] [1787148405.197088485] [a3_receive_input_gateway]: gateway calibrated=yes frame_age=368877.0ms frames=124218 ball=41363 base_poses=124199 invalid=0 station_ok=yes
[INFO] [1787148406.196913837] [a3_receive_input_gateway]: gateway calibrated=yes frame_age=369876.7ms frames=124218 ball=41363 base_poses=124199 invalid=0 station_ok=yes
[INFO] [1787148407.196879007] [a3_receive_input_gateway]: gateway calibrated=yes frame_age=370876.7ms frames=124218 ball=41363 base_poses=124199 invalid=0 station_ok=yes
[INFO] [1787148408.196873677] [a3_receive_input_gateway]: gateway calibrated=yes frame_age=371876.7ms frames=124218 ball=41363 base_poses=124199 invalid=0 station_ok=yes
[INFO] [1787148409.197142235] [a3_receive_input_gateway]: gateway calibrated=yes frame_age=372876.8ms frames=124218 ball=41363 base_poses=124199 invalid=0 station_ok=yes
[INFO] [1787148410.197035471] [a3_receive_input_gateway]: gateway calibrated=yes frame_age=373876.7ms frames=124218 ball=41363 base_poses=124199 invalid=0 station_ok=yes
[INFO] [1787148411.196837214] [a3_receive_input_gateway]: gateway calibrated=yes frame_age=374876.7ms frames=124218 ball=41363 base_poses=124199 invalid=0 station_ok=yes
[INFO] [1787148412.196856585] [a3_receive_input_gateway]: gateway calibrated=yes frame_age=375876.7ms frames=124218 ball=41363 base_poses=124199 invalid=0 station_ok=yes
[INFO] [1787148413.196799360] [a3_receive_input_gateway]: gateway calibrated=yes frame_age=376876.7ms frames=124218 ball=41363 base_poses=124199 invalid=0 station_ok=yes
[INFO] [1787148414.196853343] [a3_receive_input_gateway]: gateway calibrated=yes frame_age=377876.7ms frames=124218 ball=41363 base_poses=124199 invalid=0 station_ok=yes
[INFO] [1787148415.197296624] [a3_receive_input_gateway]: gateway calibrated=yes frame_age=378876.9ms frames=124218 ball=41363 base_poses=124199 invalid=0 station_ok=yes
[INFO] [1787148416.197247898] [a3_receive_input_gateway]: gateway calibrated=yes frame_age=379876.8ms frames=124218 ball=41363 base_poses=124199 invalid=0 station_ok=yes
[INFO] [1787148417.196830221] [a3_receive_input_gateway]: gateway calibrated=yes frame_age=380876.7ms frames=124218 ball=41363 base_poses=124199 invalid=0 station_ok=yes
[INFO] [1787148418.196784682] [a3_receive_input_gateway]: gateway calibrated=yes frame_age=381876.7ms frames=124218 ball=41363 base_poses=124199 invalid=0 station_ok=yes
[INFO] [1787148419.197269149] [a3_receive_input_gateway]: gateway calibrated=yes frame_age=382876.9ms frames=124218 ball=41363 base_poses=124199 invalid=0 station_ok=yes
[INFO] [1787148420.196804025] [a3_receive_input_gateway]: gateway calibrated=yes frame_age=383876.7ms frames=124218 ball=41363 base_poses=124199 invalid=0 station_ok=yes
[INFO] [1787148421.196950299] [a3_receive_input_gateway]: gateway calibrated=yes frame_age=384876.7ms frames=124218 ball=41363 base_poses=124199 invalid=0 station_ok=yes
[INFO] [1787148422.196759113] [a3_receive_input_gateway]: gateway calibrated=yes frame_age=385876.7ms frames=124218 ball=41363 base_poses=124199 invalid=0 station_ok=yes
[INFO] [1787148423.196786680] [a3_receive_input_gateway]: gateway calibrated=yes frame_age=386876.7ms frames=124218 ball=41363 base_poses=124199 invalid=0 station_ok=yes
[INFO] [1787148424.196865224] [a3_receive_input_gateway]: gateway calibrated=yes frame_age=387876.7ms frames=124218 ball=41363 base_poses=124199 invalid=0 station_ok=yes
[INFO] [1787148425.196801612] [a3_receive_input_gateway]: gateway calibrated=yes frame_age=388876.7ms frames=124218 ball=41363 base_poses=124199 invalid=0 station_ok=yes
[INFO] [1787148426.196884025] [a3_receive_input_gateway]: gateway calibrated=yes frame_age=389876.7ms frames=124218 ball=41363 base_poses=124199 invalid=0 station_ok=yes
[INFO] [1787148427.196942237] [a3_receive_input_gateway]: gateway calibrated=yes frame_age=390876.8ms frames=124218 ball=41363 base_poses=124199 invalid=0 station_ok=yes
[INFO] [1787148428.196919367] [a3_receive_input_gateway]: gateway calibrated=yes frame_age=391876.7ms frames=124218 ball=41363 base_poses=124199 invalid=0 station_ok=yes
[INFO] [1787148429.196787439] [a3_receive_input_gateway]: gateway calibrated=yes frame_age=392876.7ms frames=124218 ball=41363 base_poses=124199 invalid=0 station_ok=yes
[INFO] [1787148430.196945023] [a3_receive_input_gateway]: gateway calibrated=yes frame_age=393876.8ms frames=124218 ball=41363 base_poses=124199 invalid=0 station_ok=yes
[INFO] [1787148431.196844014] [a3_receive_input_gateway]: gateway calibrated=yes frame_age=394876.7ms frames=124218 ball=41363 base_poses=124199 invalid=0 station_ok=yes
[INFO] [1787148432.196889205] [a3_receive_input_gateway]: gateway calibrated=yes frame_age=395876.7ms frames=124218 ball=41363 base_poses=124199 invalid=0 station_ok=yes
[INFO] [1787148433.197103010] [a3_receive_input_gateway]: gateway calibrated=yes frame_age=396876.8ms frames=124218 ball=41363 base_poses=124199 invalid=0 station_ok=yes
[INFO] [1787148434.196890366] [a3_receive_input_gateway]: gateway calibrated=yes frame_age=397876.7ms frames=124218 ball=41363 base_poses=124199 invalid=0 station_ok=yes
[INFO] [1787148435.197953158] [a3_receive_input_gateway]: gateway calibrated=yes frame_age=398877.5ms frames=124218 ball=41363 base_poses=124199 invalid=0 station_ok=yes
[INFO] [1787148436.197389096] [a3_receive_input_gateway]: gateway calibrated=yes frame_age=399876.9ms frames=124218 ball=41363 base_poses=124199 invalid=0 station_ok=yes
[INFO] [1787148437.197047676] [a3_receive_input_gateway]: gateway calibrated=yes frame_age=400876.7ms frames=124218 ball=41363 base_poses=124199 invalid=0 station_ok=yes
[INFO] [1787148438.196821569] [a3_receive_input_gateway]: gateway calibrated=yes frame_age=401876.7ms frames=124218 ball=41363 base_poses=124199 invalid=0 station_ok=yes
[INFO] [1787148439.196754308] [a3_receive_input_gateway]: gateway calibrated=yes frame_age=402876.6ms frames=124218 ball=41363 base_poses=124199 invalid=0 station_ok=yes
[INFO] [1787148440.196823677] [a3_receive_input_gateway]: gateway calibrated=yes frame_age=403876.7ms frames=124218 ball=41363 base_poses=124199 invalid=0 station_ok=yes
[INFO] [1787148441.197150743] [a3_receive_input_gateway]: gateway calibrated=yes frame_age=404876.9ms frames=124218 ball=41363 base_poses=124199 invalid=0 station_ok=yes
[INFO] [1787148442.196859910] [a3_receive_input_gateway]: gateway calibrated=yes frame_age=405876.8ms frames=124218 ball=41363 base_poses=124199 invalid=0 station_ok=yes
[INFO] [1787148443.196775334] [a3_receive_input_gateway]: gateway calibrated=yes frame_age=406876.7ms frames=124218 ball=41363 base_poses=124199 invalid=0 station_ok=yes
[INFO] [1787148444.197048724] [a3_receive_input_gateway]: gateway calibrated=yes frame_age=407876.7ms frames=124218 ball=41363 base_poses=124199 invalid=0 station_ok=yes
[INFO] [1787148445.196896834] [a3_receive_input_gateway]: gateway calibrated=yes frame_age=408876.8ms frames=124218 ball=41363 base_poses=124199 invalid=0 station_ok=yes
[INFO] [1787148446.197018385] [a3_receive_input_gateway]: gateway calibrated=yes frame_age=409876.8ms frames=124218 ball=41363 base_poses=124199 invalid=0 station_ok=yes
[INFO] [1787148447.197079684] [a3_receive_input_gateway]: gateway calibrated=yes frame_age=410876.8ms frames=124218 ball=41363 base_poses=124199 invalid=0 station_ok=yes
[INFO] [1787148448.196786849] [a3_receive_input_gateway]: gateway calibrated=yes frame_age=411876.7ms frames=124218 ball=41363 base_poses=124199 invalid=0 station_ok=yes
[INFO] [1787148449.196871111] [a3_receive_input_gateway]: gateway calibrated=yes frame_age=412876.7ms frames=124218 ball=41363 base_poses=124199 invalid=0 station_ok=yes
[INFO] [1787148450.196781314] [a3_receive_input_gateway]: gateway calibrated=yes frame_age=413876.7ms frames=124218 ball=41363 base_poses=124199 invalid=0 station_ok=yes
[INFO] [1787148451.197002866] [a3_receive_input_gateway]: gateway calibrated=yes frame_age=414876.8ms frames=124218 ball=41363 base_poses=124199 invalid=0 station_ok=yes
[INFO] [1787148452.196807879] [a3_receive_input_gateway]: gateway calibrated=yes frame_age=415876.7ms frames=124218 ball=41363 base_poses=124199 invalid=0 station_ok=yes
[INFO] [1787148453.196834625] [a3_receive_input_gateway]: gateway calibrated=yes frame_age=416876.7ms frames=124218 ball=41363 base_poses=124199 invalid=0 station_ok=yes
[INFO] [1787148454.196774404] [a3_receive_input_gateway]: gateway calibrated=yes frame_age=417876.7ms frames=124218 ball=41363 base_poses=124199 invalid=0 station_ok=yes
[INFO] [1787148455.196790752] [a3_receive_input_gateway]: gateway calibrated=yes frame_age=418876.6ms frames=124218 ball=41363 base_poses=124199 invalid=0 station_ok=yes
[INFO] [1787148456.196926165] [a3_receive_input_gateway]: gateway calibrated=yes frame_age=419876.8ms frames=124218 ball=41363 base_poses=124199 invalid=0 station_ok=yes
[INFO] [1787148457.198065191] [a3_receive_input_gateway]: gateway calibrated=yes frame_age=420877.8ms frames=124218 ball=41363 base_poses=124199 invalid=0 station_ok=yes
[INFO] [1787148458.198986976] [a3_receive_input_gateway]: gateway calibrated=yes frame_age=421878.7ms frames=124218 ball=41363 base_poses=124199 invalid=0 station_ok=yes
[INFO] [1787148459.197169097] [a3_receive_input_gateway]: gateway calibrated=yes frame_age=422876.9ms frames=124218 ball=41363 base_poses=124199 invalid=0 station_ok=yes
[INFO] [1787148460.197112144] [a3_receive_input_gateway]: gateway calibrated=yes frame_age=423876.8ms frames=124218 ball=41363 base_poses=124199 invalid=0 station_ok=yes
[INFO] [1787148461.196971535] [a3_receive_input_gateway]: gateway calibrated=yes frame_age=424876.9ms frames=124218 ball=41363 base_poses=124199 invalid=0 station_ok=yes
[INFO] [1787148462.196870985] [a3_receive_input_gateway]: gateway calibrated=yes frame_age=425876.7ms frames=124218 ball=41363 base_poses=124199 invalid=0 station_ok=yes
[INFO] [1787148463.196795225] [a3_receive_input_gateway]: gateway calibrated=yes frame_age=426876.7ms frames=124218 ball=41363 base_poses=124199 invalid=0 station_ok=yes
[INFO] [1787148464.196890577] [a3_receive_input_gateway]: gateway calibrated=yes frame_age=427876.8ms frames=124218 ball=41363 base_poses=124199 invalid=0 station_ok=yes
[INFO] [1787148465.196904753] [a3_receive_input_gateway]: gateway calibrated=yes frame_age=428876.7ms frames=124218 ball=41363 base_poses=124199 invalid=0 station_ok=yes
[INFO] [1787148466.197101110] [a3_receive_input_gateway]: gateway calibrated=yes frame_age=429876.8ms frames=124218 ball=41363 base_poses=124199 invalid=0 station_ok=yes
[INFO] [1787148467.197003016] [a3_receive_input_gateway]: gateway calibrated=yes frame_age=430876.7ms frames=124218 ball=41363 base_poses=124199 invalid=0 station_ok=yes
[INFO] [1787148468.197125994] [a3_receive_input_gateway]: gateway calibrated=yes frame_age=431876.8ms frames=124218 ball=41363 base_poses=124199 invalid=0 station_ok=yes
[INFO] [1787148469.196782491] [a3_receive_input_gateway]: gateway calibrated=yes frame_age=432876.7ms frames=124218 ball=41363 base_poses=124199 invalid=0 station_ok=yes
[INFO] [1787148470.197185471] [a3_receive_input_gateway]: gateway calibrated=yes frame_age=433876.9ms frames=124218 ball=41363 base_poses=124199 invalid=0 station_ok=yes
[INFO] [1787148471.197134693] [a3_receive_input_gateway]: gateway calibrated=yes frame_age=434877.0ms frames=124218 ball=41363 base_poses=124199 invalid=0 station_ok=yes
[INFO] [1787148472.198029341] [a3_receive_input_gateway]: gateway calibrated=yes frame_age=435877.9ms frames=124218 ball=41363 base_poses=124199 invalid=0 station_ok=yes
[INFO] [1787148473.197108666] [a3_receive_input_gateway]: gateway calibrated=yes frame_age=436876.8ms frames=124218 ball=41363 base_poses=124199 invalid=0 station_ok=yes
[INFO] [1787148474.197108224] [a3_receive_input_gateway]: gateway calibrated=yes frame_age=437876.8ms frames=124218 ball=41363 base_poses=124199 invalid=0 station_ok=yes
[INFO] [1787148475.196866554] [a3_receive_input_gateway]: gateway calibrated=yes frame_age=438876.7ms frames=124218 ball=41363 base_poses=124199 invalid=0 station_ok=yes
[INFO] [1787148476.197135806] [a3_receive_input_gateway]: gateway calibrated=yes frame_age=439876.8ms frames=124218 ball=41363 base_poses=124199 invalid=0 station_ok=yes
[INFO] [1787148477.196974459] [a3_receive_input_gateway]: gateway calibrated=yes frame_age=440876.8ms frames=124218 ball=41363 base_poses=124199 invalid=0 station_ok=yes
[INFO] [1787148478.197074238] [a3_receive_input_gateway]: gateway calibrated=yes frame_age=441876.8ms frames=124218 ball=41363 base_poses=124199 invalid=0 station_ok=yes
[INFO] [1787148479.197102796] [a3_receive_input_gateway]: gateway calibrated=yes frame_age=442876.8ms frames=124218 ball=41363 base_poses=124199 invalid=0 station_ok=yes
[INFO] [1787148480.197115342] [a3_receive_input_gateway]: gateway calibrated=yes frame_age=443876.8ms frames=124218 ball=41363 base_poses=124199 invalid=0 station_ok=yes
[INFO] [1787148481.197052566] [a3_receive_input_gateway]: gateway calibrated=yes frame_age=444876.7ms frames=124218 ball=41363 base_poses=124199 invalid=0 station_ok=yes
[INFO] [1787148482.196798101] [a3_receive_input_gateway]: gateway calibrated=yes frame_age=445876.7ms frames=124218 ball=41363 base_poses=124199 invalid=0 station_ok=yes
[INFO] [1787148483.196885217] [a3_receive_input_gateway]: gateway calibrated=yes frame_age=446876.7ms frames=124218 ball=41363 base_poses=124199 invalid=0 station_ok=yes
[INFO] [1787148484.196854371] [a3_receive_input_gateway]: gateway calibrated=yes frame_age=447876.7ms frames=124218 ball=41363 base_poses=124199 invalid=0 station_ok=yes
[INFO] [1787148485.196967054] [a3_receive_input_gateway]: gateway calibrated=yes frame_age=448876.7ms frames=124218 ball=41363 base_poses=124199 invalid=0 station_ok=yes
[INFO] [1787148486.196775272] [a3_receive_input_gateway]: gateway calibrated=yes frame_age=449876.7ms frames=124218 ball=41363 base_poses=124199 invalid=0 station_ok=yes
[INFO] [1787148487.196922527] [a3_receive_input_gateway]: gateway calibrated=yes frame_age=450876.8ms frames=124218 ball=41363 base_poses=124199 invalid=0 station_ok=yes
[INFO] [1787148488.197082820] [a3_receive_input_gateway]: gateway calibrated=yes frame_age=451876.7ms frames=124218 ball=41363 base_poses=124199 invalid=0 station_ok=yes
[INFO] [1787148489.196993248] [a3_receive_input_gateway]: gateway calibrated=yes frame_age=452876.7ms frames=124218 ball=41363 base_poses=124199 invalid=0 station_ok=yes
[INFO] [1787148490.198233726] [a3_receive_input_gateway]: gateway calibrated=yes frame_age=453877.8ms frames=124218 ball=41363 base_poses=124199 invalid=0 station_ok=yes
[INFO] [1787148491.197202399] [a3_receive_input_gateway]: gateway calibrated=yes frame_age=454876.8ms frames=124218 ball=41363 base_poses=124199 invalid=0 station_ok=yes
[INFO] [1787148492.197380163] [a3_receive_input_gateway]: gateway calibrated=yes frame_age=455877.0ms frames=124218 ball=41363 base_poses=124199 invalid=0 station_ok=yes
[INFO] [1787148493.197092297] [a3_receive_input_gateway]: gateway calibrated=yes frame_age=456877.0ms frames=124218 ball=41363 base_poses=124199 invalid=0 station_ok=yes
[INFO] [1787148494.197068827] [a3_receive_input_gateway]: gateway calibrated=yes frame_age=457876.8ms frames=124218 ball=41363 base_poses=124199 invalid=0 station_ok=yes
[INFO] [1787148495.197032084] [a3_receive_input_gateway]: gateway calibrated=yes frame_age=458876.7ms frames=124218 ball=41363 base_poses=124199 invalid=0 station_ok=yes
[INFO] [1787148496.197197383] [a3_receive_input_gateway]: gateway calibrated=yes frame_age=459876.9ms frames=124218 ball=41363 base_poses=124199 invalid=0 station_ok=yes
[INFO] [1787148497.196782150] [a3_receive_input_gateway]: gateway calibrated=yes frame_age=460876.7ms frames=124218 ball=41363 base_poses=124199 invalid=0 station_ok=yes
[INFO] [1787148498.196932244] [a3_receive_input_gateway]: gateway calibrated=yes frame_age=461876.8ms frames=124218 ball=41363 base_poses=124199 invalid=0 station_ok=yes
[INFO] [1787148499.197003337] [a3_receive_input_gateway]: gateway calibrated=yes frame_age=462876.8ms frames=124218 ball=41363 base_poses=124199 invalid=0 station_ok=yes
[INFO] [1787148500.197019601] [a3_receive_input_gateway]: gateway calibrated=yes frame_age=463876.7ms frames=124218 ball=41363 base_poses=124199 invalid=0 station_ok=yes
[INFO] [1787148501.196798004] [a3_receive_input_gateway]: gateway calibrated=yes frame_age=464876.7ms frames=124218 ball=41363 base_poses=124199 invalid=0 station_ok=yes
[INFO] [1787148502.197043372] [a3_receive_input_gateway]: gateway calibrated=yes frame_age=465876.8ms frames=124218 ball=41363 base_poses=124199 invalid=0 station_ok=yes
[INFO] [1787148503.197315135] [a3_receive_input_gateway]: gateway calibrated=yes frame_age=466876.9ms frames=124218 ball=41363 base_poses=124199 invalid=0 station_ok=yes
[INFO] [1787148504.196843536] [a3_receive_input_gateway]: gateway calibrated=yes frame_age=467876.7ms frames=124218 ball=41363 base_poses=124199 invalid=0 station_ok=yes
[INFO] [1787148505.196757861] [a3_receive_input_gateway]: gateway calibrated=yes frame_age=468876.7ms frames=124218 ball=41363 base_poses=124199 invalid=0 station_ok=yes
[INFO] [1787148506.196883103] [a3_receive_input_gateway]: gateway calibrated=yes frame_age=469876.8ms frames=124218 ball=41363 base_poses=124199 invalid=0 station_ok=yes
[INFO] [1787148507.197079233] [a3_receive_input_gateway]: gateway calibrated=yes frame_age=470876.9ms frames=124218 ball=41363 base_poses=124199 invalid=0 station_ok=yes
[INFO] [1787148508.196934671] [a3_receive_input_gateway]: gateway calibrated=yes frame_age=471876.7ms frames=124218 ball=41363 base_poses=124199 invalid=0 station_ok=yes
[INFO] [1787148509.196810770] [a3_receive_input_gateway]: gateway calibrated=yes frame_age=472876.7ms frames=124218 ball=41363 base_poses=124199 invalid=0 station_ok=yes
[INFO] [1787148510.196875546] [a3_receive_input_gateway]: gateway calibrated=yes frame_age=473876.7ms frames=124218 ball=41363 base_poses=124199 invalid=0 station_ok=yes
[INFO] [1787148511.196783991] [a3_receive_input_gateway]: gateway calibrated=yes frame_age=474876.7ms frames=124218 ball=41363 base_poses=124199 invalid=0 station_ok=yes
[INFO] [1787148512.196844637] [a3_receive_input_gateway]: gateway calibrated=yes frame_age=475876.7ms frames=124218 ball=41363 base_poses=124199 invalid=0 station_ok=yes
[INFO] [1787148513.196823448] [a3_receive_input_gateway]: gateway calibrated=yes frame_age=476876.7ms frames=124218 ball=41363 base_poses=124199 invalid=0 station_ok=yes
[INFO] [1787148514.196883245] [a3_receive_input_gateway]: gateway calibrated=yes frame_age=477876.8ms frames=124218 ball=41363 base_poses=124199 invalid=0 station_ok=yes
[INFO] [1787148515.196999611] [a3_receive_input_gateway]: gateway calibrated=yes frame_age=478876.8ms frames=124218 ball=41363 base_poses=124199 invalid=0 station_ok=yes
[INFO] [1787148516.196924120] [a3_receive_input_gateway]: gateway calibrated=yes frame_age=479876.7ms frames=124218 ball=41363 base_poses=124199 invalid=0 station_ok=yes
[INFO] [1787148517.196772701] [a3_receive_input_gateway]: gateway calibrated=yes frame_age=480876.7ms frames=124218 ball=41363 base_poses=124199 invalid=0 station_ok=yes
[INFO] [1787148518.196905319] [a3_receive_input_gateway]: gateway calibrated=yes frame_age=481876.7ms frames=124218 ball=41363 base_poses=124199 invalid=0 station_ok=yes
[INFO] [1787148519.196768222] [a3_receive_input_gateway]: gateway calibrated=yes frame_age=482876.7ms frames=124218 ball=41363 base_poses=124199 invalid=0 station_ok=yes
[INFO] [1787148520.196905618] [a3_receive_input_gateway]: gateway calibrated=yes frame_age=483876.7ms frames=124218 ball=41363 base_poses=124199 invalid=0 station_ok=yes
[INFO] [1787148521.196828855] [a3_receive_input_gateway]: gateway calibrated=yes frame_age=484876.7ms frames=124218 ball=41363 base_poses=124199 invalid=0 station_ok=yes
[INFO] [1787148522.196857003] [a3_receive_input_gateway]: gateway calibrated=yes frame_age=485876.7ms frames=124218 ball=41363 base_poses=124199 invalid=0 station_ok=yes
[INFO] [1787148523.196816984] [a3_receive_input_gateway]: gateway calibrated=yes frame_age=486876.7ms frames=124218 ball=41363 base_poses=124199 invalid=0 station_ok=yes
[INFO] [1787148524.196824484] [a3_receive_input_gateway]: gateway calibrated=yes frame_age=487876.7ms frames=124218 ball=41363 base_poses=124199 invalid=0 station_ok=yes
[INFO] [1787148525.196792761] [a3_receive_input_gateway]: gateway calibrated=yes frame_age=488876.7ms frames=124218 ball=41363 base_poses=124199 invalid=0 station_ok=yes
[INFO] [1787148526.196889636] [a3_receive_input_gateway]: gateway calibrated=yes frame_age=489876.7ms frames=124218 ball=41363 base_poses=124199 invalid=0 station_ok=yes
[INFO] [1787148527.196823442] [a3_receive_input_gateway]: gateway calibrated=yes frame_age=490876.7ms frames=124218 ball=41363 base_poses=124199 invalid=0 station_ok=yes
[INFO] [1787148528.196950606] [a3_receive_input_gateway]: gateway calibrated=yes frame_age=491876.8ms frames=124218 ball=41363 base_poses=124199 invalid=0 station_ok=yes
[INFO] [1787148529.198979114] [a3_receive_input_gateway]: gateway calibrated=yes frame_age=492878.8ms frames=124218 ball=41363 base_poses=124199 invalid=0 station_ok=yes
[INFO] [1787148530.196926447] [a3_receive_input_gateway]: gateway calibrated=yes frame_age=493876.8ms frames=124218 ball=41363 base_poses=124199 invalid=0 station_ok=yes
[INFO] [1787148531.197065844] [a3_receive_input_gateway]: gateway calibrated=yes frame_age=494876.9ms frames=124218 ball=41363 base_poses=124199 invalid=0 station_ok=yes
[INFO] [1787148532.197125647] [a3_receive_input_gateway]: gateway calibrated=yes frame_age=495876.8ms frames=124218 ball=41363 base_poses=124199 invalid=0 station_ok=yes
[INFO] [1787148533.196792038] [a3_receive_input_gateway]: gateway calibrated=yes frame_age=496876.7ms frames=124218 ball=41363 base_poses=124199 invalid=0 station_ok=yes
[INFO] [1787148534.197122019] [a3_receive_input_gateway]: gateway calibrated=yes frame_age=497876.8ms frames=124218 ball=41363 base_poses=124199 invalid=0 station_ok=yes
[INFO] [1787148535.197061522] [a3_receive_input_gateway]: gateway calibrated=yes frame_age=498876.8ms frames=124218 ball=41363 base_poses=124199 invalid=0 station_ok=yes
[INFO] [1787148536.196918068] [a3_receive_input_gateway]: gateway calibrated=yes frame_age=499876.8ms frames=124218 ball=41363 base_poses=124199 invalid=0 station_ok=yes
[INFO] [1787148537.196803127] [a3_receive_input_gateway]: gateway calibrated=yes frame_age=500876.7ms frames=124218 ball=41363 base_poses=124199 invalid=0 station_ok=yes
[INFO] [1787148538.197451895] [a3_receive_input_gateway]: gateway calibrated=yes frame_age=501877.0ms frames=124218 ball=41363 base_poses=124199 invalid=0 station_ok=yes
[INFO] [1787148539.197265668] [a3_receive_input_gateway]: gateway calibrated=yes frame_age=502876.9ms frames=124218 ball=41363 base_poses=124199 invalid=0 station_ok=yes
[INFO] [1787148540.197216885] [a3_receive_input_gateway]: gateway calibrated=yes frame_age=503876.8ms frames=124218 ball=41363 base_poses=124199 invalid=0 station_ok=yes
[INFO] [1787148541.197166871] [a3_receive_input_gateway]: gateway calibrated=yes frame_age=504876.9ms frames=124218 ball=41363 base_poses=124199 invalid=0 station_ok=yes
[INFO] [1787148542.196841267] [a3_receive_input_gateway]: gateway calibrated=yes frame_age=505876.7ms frames=124218 ball=41363 base_poses=124199 invalid=0 station_ok=yes
[INFO] [1787148543.196789359] [a3_receive_input_gateway]: gateway calibrated=yes frame_age=506876.7ms frames=124218 ball=41363 base_poses=124199 invalid=0 station_ok=yes
[INFO] [1787148544.196873537] [a3_receive_input_gateway]: gateway calibrated=yes frame_age=507876.7ms frames=124218 ball=41363 base_poses=124199 invalid=0 station_ok=yes
[INFO] [1787148545.196877894] [a3_receive_input_gateway]: gateway calibrated=yes frame_age=508876.7ms frames=124218 ball=41363 base_poses=124199 invalid=0 station_ok=yes
[INFO] [1787148546.196825592] [a3_receive_input_gateway]: gateway calibrated=yes frame_age=509876.7ms frames=124218 ball=41363 base_poses=124199 invalid=0 station_ok=yes
[INFO] [1787148547.196765680] [a3_receive_input_gateway]: gateway calibrated=yes frame_age=510876.7ms frames=124218 ball=41363 base_poses=124199 invalid=0 station_ok=yes
[INFO] [1787148548.196997355] [a3_receive_input_gateway]: gateway calibrated=yes frame_age=511876.8ms frames=124218 ball=41363 base_poses=124199 invalid=0 station_ok=yes
[INFO] [1787148549.197714875] [a3_receive_input_gateway]: gateway calibrated=yes frame_age=512877.6ms frames=124218 ball=41363 base_poses=124199 invalid=0 station_ok=yes
[INFO] [1787148550.196806815] [a3_receive_input_gateway]: gateway calibrated=yes frame_age=513876.7ms frames=124218 ball=41363 base_poses=124199 invalid=0 station_ok=yes
[INFO] [1787148551.196819533] [a3_receive_input_gateway]: gateway calibrated=yes frame_age=514876.7ms frames=124218 ball=41363 base_poses=124199 invalid=0 station_ok=yes
[INFO] [1787148552.196999083] [a3_receive_input_gateway]: gateway calibrated=yes frame_age=515876.7ms frames=124218 ball=41363 base_poses=124199 invalid=0 station_ok=yes
[INFO] [1787148553.196860946] [a3_receive_input_gateway]: gateway calibrated=yes frame_age=516876.7ms frames=124218 ball=41363 base_poses=124199 invalid=0 station_ok=yes
[INFO] [1787148554.196914382] [a3_receive_input_gateway]: gateway calibrated=yes frame_age=517876.8ms frames=124218 ball=41363 base_poses=124199 invalid=0 station_ok=yes
[INFO] [1787148555.196907179] [a3_receive_input_gateway]: gateway calibrated=yes frame_age=518876.7ms frames=124218 ball=41363 base_poses=124199 invalid=0 station_ok=yes
[INFO] [1787148556.196831216] [a3_receive_input_gateway]: gateway calibrated=yes frame_age=519876.7ms frames=124218 ball=41363 base_poses=124199 invalid=0 station_ok=yes
[INFO] [1787148557.196944273] [a3_receive_input_gateway]: gateway calibrated=yes frame_age=520876.8ms frames=124218 ball=41363 base_poses=124199 invalid=0 station_ok=yes
[INFO] [1787148558.196875143] [a3_receive_input_gateway]: gateway calibrated=yes frame_age=521876.8ms frames=124218 ball=41363 base_poses=124199 invalid=0 station_ok=yes
[INFO] [1787148559.196854458] [a3_receive_input_gateway]: gateway calibrated=yes frame_age=522876.7ms frames=124218 ball=41363 base_poses=124199 invalid=0 station_ok=yes
[INFO] [1787148560.196877655] [a3_receive_input_gateway]: gateway calibrated=yes frame_age=523876.7ms frames=124218 ball=41363 base_poses=124199 invalid=0 station_ok=yes
[INFO] [1787148561.197118461] [a3_receive_input_gateway]: gateway calibrated=yes frame_age=524876.8ms frames=124218 ball=41363 base_poses=124199 invalid=0 station_ok=yes
[INFO] [1787148562.196796000] [a3_receive_input_gateway]: gateway calibrated=yes frame_age=525876.7ms frames=124218 ball=41363 base_poses=124199 invalid=0 station_ok=yes
[INFO] [1787148563.196767929] [a3_receive_input_gateway]: gateway calibrated=yes frame_age=526876.7ms frames=124218 ball=41363 base_poses=124199 invalid=0 station_ok=yes
[INFO] [1787148564.196940538] [a3_receive_input_gateway]: gateway calibrated=yes frame_age=527876.7ms frames=124218 ball=41363 base_poses=124199 invalid=0 station_ok=yes
[INFO] [1787148565.196782236] [a3_receive_input_gateway]: gateway calibrated=yes frame_age=528876.7ms frames=124218 ball=41363 base_poses=124199 invalid=0 station_ok=yes
[INFO] [1787148566.196781365] [a3_receive_input_gateway]: gateway calibrated=yes frame_age=529876.7ms frames=124218 ball=41363 base_poses=124199 invalid=0 station_ok=yes
[INFO] [1787148567.197012597] [a3_receive_input_gateway]: gateway calibrated=yes frame_age=530876.7ms frames=124218 ball=41363 base_poses=124199 invalid=0 station_ok=yes
[INFO] [1787148568.197116093] [a3_receive_input_gateway]: gateway calibrated=yes frame_age=531876.8ms frames=124218 ball=41363 base_poses=124199 invalid=0 station_ok=yes
[INFO] [1787148569.196896297] [a3_receive_input_gateway]: gateway calibrated=yes frame_age=532876.7ms frames=124218 ball=41363 base_poses=124199 invalid=0 station_ok=yes
[INFO] [1787148570.196844827] [a3_receive_input_gateway]: gateway calibrated=yes frame_age=533876.7ms frames=124218 ball=41363 base_poses=124199 invalid=0 station_ok=yes
[INFO] [1787148571.196870549] [a3_receive_input_gateway]: gateway calibrated=yes frame_age=534876.7ms frames=124218 ball=41363 base_poses=124199 invalid=0 station_ok=yes
[INFO] [1787148572.197020407] [a3_receive_input_gateway]: gateway calibrated=yes frame_age=535876.7ms frames=124218 ball=41363 base_poses=124199 invalid=0 station_ok=yes
[INFO] [1787148573.196772842] [a3_receive_input_gateway]: gateway calibrated=yes frame_age=536876.7ms frames=124218 ball=41363 base_poses=124199 invalid=0 station_ok=yes
[INFO] [1787148574.196895859] [a3_receive_input_gateway]: gateway calibrated=yes frame_age=537876.8ms frames=124218 ball=41363 base_poses=124199 invalid=0 station_ok=yes
[INFO] [1787148575.196843953] [a3_receive_input_gateway]: gateway calibrated=yes frame_age=538876.7ms frames=124218 ball=41363 base_poses=124199 invalid=0 station_ok=yes
[INFO] [1787148576.196852883] [a3_receive_input_gateway]: gateway calibrated=yes frame_age=539876.7ms frames=124218 ball=41363 base_poses=124199 invalid=0 station_ok=yes
[INFO] [1787148577.197045652] [a3_receive_input_gateway]: gateway calibrated=yes frame_age=540876.8ms frames=124218 ball=41363 base_poses=124199 invalid=0 station_ok=yes
[INFO] [1787148578.196791694] [a3_receive_input_gateway]: gateway calibrated=yes frame_age=541876.7ms frames=124218 ball=41363 base_poses=124199 invalid=0 station_ok=yes
[INFO] [1787148579.196756147] [a3_receive_input_gateway]: gateway calibrated=yes frame_age=542876.6ms frames=124218 ball=41363 base_poses=124199 invalid=0 station_ok=yes
[INFO] [1787148580.196940400] [a3_receive_input_gateway]: gateway calibrated=yes frame_age=543876.7ms frames=124218 ball=41363 base_poses=124199 invalid=0 station_ok=yes
[INFO] [1787148581.197104470] [a3_receive_input_gateway]: gateway calibrated=yes frame_age=544876.8ms frames=124218 ball=41363 base_poses=124199 invalid=0 station_ok=yes
[INFO] [1787148582.197181050] [a3_receive_input_gateway]: gateway calibrated=yes frame_age=545876.9ms frames=124218 ball=41363 base_poses=124199 invalid=0 station_ok=yes
[INFO] [1787148583.197063778] [a3_receive_input_gateway]: gateway calibrated=yes frame_age=546876.8ms frames=124218 ball=41363 base_poses=124199 invalid=0 station_ok=yes
[INFO] [1787148584.197053782] [a3_receive_input_gateway]: gateway calibrated=yes frame_age=547876.8ms frames=124218 ball=41363 base_poses=124199 invalid=0 station_ok=yes
[INFO] [1787148585.197106993] [a3_receive_input_gateway]: gateway calibrated=yes frame_age=548876.8ms frames=124218 ball=41363 base_poses=124199 invalid=0 station_ok=yes
[INFO] [1787148586.197130525] [a3_receive_input_gateway]: gateway calibrated=yes frame_age=549876.8ms frames=124218 ball=41363 base_poses=124199 invalid=0 station_ok=yes
[INFO] [1787148587.197037189] [a3_receive_input_gateway]: gateway calibrated=yes frame_age=550876.8ms frames=124218 ball=41363 base_poses=124199 invalid=0 station_ok=yes
[INFO] [1787148588.197020981] [a3_receive_input_gateway]: gateway calibrated=yes frame_age=551876.7ms frames=124218 ball=41363 base_poses=124199 invalid=0 station_ok=yes
[INFO] [1787148589.197002565] [a3_receive_input_gateway]: gateway calibrated=yes frame_age=552876.7ms frames=124218 ball=41363 base_poses=124199 invalid=0 station_ok=yes
[INFO] [1787148590.197064363] [a3_receive_input_gateway]: gateway calibrated=yes frame_age=553876.8ms frames=124218 ball=41363 base_poses=124199 invalid=0 station_ok=yes
[INFO] [1787148591.196891943] [a3_receive_input_gateway]: gateway calibrated=yes frame_age=554876.7ms frames=124218 ball=41363 base_poses=124199 invalid=0 station_ok=yes
[INFO] [1787148592.196952442] [a3_receive_input_gateway]: gateway calibrated=yes frame_age=555876.8ms frames=124218 ball=41363 base_poses=124199 invalid=0 station_ok=yes
[INFO] [1787148593.196794093] [a3_receive_input_gateway]: gateway calibrated=yes frame_age=556876.7ms frames=124218 ball=41363 base_poses=124199 invalid=0 station_ok=yes
[INFO] [1787148594.196821804] [a3_receive_input_gateway]: gateway calibrated=yes frame_age=557876.7ms frames=124218 ball=41363 base_poses=124199 invalid=0 station_ok=yes
[INFO] [1787148595.196919340] [a3_receive_input_gateway]: gateway calibrated=yes frame_age=558876.7ms frames=124218 ball=41363 base_poses=124199 invalid=0 station_ok=yes
[INFO] [1787148596.196904283] [a3_receive_input_gateway]: gateway calibrated=yes frame_age=559876.7ms frames=124218 ball=41363 base_poses=124199 invalid=0 station_ok=yes
[INFO] [1787148597.196769189] [a3_receive_input_gateway]: gateway calibrated=yes frame_age=560876.7ms frames=124218 ball=41363 base_poses=124199 invalid=0 station_ok=yes
[INFO] [1787148598.197194435] [a3_receive_input_gateway]: gateway calibrated=yes frame_age=561876.8ms frames=124218 ball=41363 base_poses=124199 invalid=0 station_ok=yes
[INFO] [1787148599.196838492] [a3_receive_input_gateway]: gateway calibrated=yes frame_age=562876.7ms frames=124218 ball=41363 base_poses=124199 invalid=0 station_ok=yes
[INFO] [1787148600.196777203] [a3_receive_input_gateway]: gateway calibrated=yes frame_age=563876.7ms frames=124218 ball=41363 base_poses=124199 invalid=0 station_ok=yes
[INFO] [1787148601.196853676] [a3_receive_input_gateway]: gateway calibrated=yes frame_age=564876.7ms frames=124218 ball=41363 base_poses=124199 invalid=0 station_ok=yes
[INFO] [1787148602.196957387] [a3_receive_input_gateway]: gateway calibrated=yes frame_age=565876.7ms frames=124218 ball=41363 base_poses=124199 invalid=0 station_ok=yes
[INFO] [1787148603.196980704] [a3_receive_input_gateway]: gateway calibrated=yes frame_age=566876.7ms frames=124218 ball=41363 base_poses=124199 invalid=0 station_ok=yes
[INFO] [1787148604.196784236] [a3_receive_input_gateway]: gateway calibrated=yes frame_age=567876.7ms frames=124218 ball=41363 base_poses=124199 invalid=0 station_ok=yes
[INFO] [1787148605.196816332] [a3_receive_input_gateway]: gateway calibrated=yes frame_age=568876.7ms frames=124218 ball=41363 base_poses=124199 invalid=0 station_ok=yes
[INFO] [1787148606.197028536] [a3_receive_input_gateway]: gateway calibrated=yes frame_age=569876.7ms frames=124218 ball=41363 base_poses=124199 invalid=0 station_ok=yes
[INFO] [1787148607.196989722] [a3_receive_input_gateway]: gateway calibrated=yes frame_age=570876.7ms frames=124218 ball=41363 base_poses=124199 invalid=0 station_ok=yes
[INFO] [1787148608.196849584] [a3_receive_input_gateway]: gateway calibrated=yes frame_age=571876.7ms frames=124218 ball=41363 base_poses=124199 invalid=0 station_ok=yes
[INFO] [1787148609.196901009] [a3_receive_input_gateway]: gateway calibrated=yes frame_age=572876.8ms frames=124218 ball=41363 base_poses=124199 invalid=0 station_ok=yes
[INFO] [1787148610.196973745] [a3_receive_input_gateway]: gateway calibrated=yes frame_age=573876.7ms frames=124218 ball=41363 base_poses=124199 invalid=0 station_ok=yes
[INFO] [1787148611.196810101] [a3_receive_input_gateway]: gateway calibrated=yes frame_age=574876.7ms frames=124218 ball=41363 base_poses=124199 invalid=0 station_ok=yes
[INFO] [1787148612.196879904] [a3_receive_input_gateway]: gateway calibrated=yes frame_age=575876.7ms frames=124218 ball=41363 base_poses=124199 invalid=0 station_ok=yes
[INFO] [1787148613.196870156] [a3_receive_input_gateway]: gateway calibrated=yes frame_age=576876.7ms frames=124218 ball=41363 base_poses=124199 invalid=0 station_ok=yes
[INFO] [1787148614.196800150] [a3_receive_input_gateway]: gateway calibrated=yes frame_age=577876.7ms frames=124218 ball=41363 base_poses=124199 invalid=0 station_ok=yes
[INFO] [1787148615.196838120] [a3_receive_input_gateway]: gateway calibrated=yes frame_age=578876.7ms frames=124218 ball=41363 base_poses=124199 invalid=0 station_ok=yes
[INFO] [1787148616.196788895] [a3_receive_input_gateway]: gateway calibrated=yes frame_age=579876.7ms frames=124218 ball=41363 base_poses=124199 invalid=0 station_ok=yes
[INFO] [1787148617.196902830] [a3_receive_input_gateway]: gateway calibrated=yes frame_age=580876.8ms frames=124218 ball=41363 base_poses=124199 invalid=0 station_ok=yes
[INFO] [1787148618.197002055] [a3_receive_input_gateway]: gateway calibrated=yes frame_age=581876.7ms frames=124218 ball=41363 base_poses=124199 invalid=0 station_ok=yes
[INFO] [1787148619.196797819] [a3_receive_input_gateway]: gateway calibrated=yes frame_age=582876.7ms frames=124218 ball=41363 base_poses=124199 invalid=0 station_ok=yes
[INFO] [1787148620.197103535] [a3_receive_input_gateway]: gateway calibrated=yes frame_age=583876.8ms frames=124218 ball=41363 base_poses=124199 invalid=0 station_ok=yes
[INFO] [1787148621.197030033] [a3_receive_input_gateway]: gateway calibrated=yes frame_age=584876.7ms frames=124218 ball=41363 base_poses=124199 invalid=0 station_ok=yes
[INFO] [1787148622.196784375] [a3_receive_input_gateway]: gateway calibrated=yes frame_age=585876.7ms frames=124218 ball=41363 base_poses=124199 invalid=0 station_ok=yes
[INFO] [1787148623.196951655] [a3_receive_input_gateway]: gateway calibrated=yes frame_age=586876.8ms frames=124218 ball=41363 base_poses=124199 invalid=0 station_ok=yes
[INFO] [1787148624.196836031] [a3_receive_input_gateway]: gateway calibrated=yes frame_age=587876.7ms frames=124218 ball=41363 base_poses=124199 invalid=0 station_ok=yes
[INFO] [1787148625.196962662] [a3_receive_input_gateway]: gateway calibrated=yes frame_age=588876.8ms frames=124218 ball=41363 base_poses=124199 invalid=0 station_ok=yes
[INFO] [1787148626.196861422] [a3_receive_input_gateway]: gateway calibrated=yes frame_age=589876.7ms frames=124218 ball=41363 base_poses=124199 invalid=0 station_ok=yes
[INFO] [1787148627.197044378] [a3_receive_input_gateway]: gateway calibrated=yes frame_age=590876.8ms frames=124218 ball=41363 base_poses=124199 invalid=0 station_ok=yes
[INFO] [1787148628.196860462] [a3_receive_input_gateway]: gateway calibrated=yes frame_age=591876.7ms frames=124218 ball=41363 base_poses=124199 invalid=0 station_ok=yes
[INFO] [1787148629.196795067] [a3_receive_input_gateway]: gateway calibrated=yes frame_age=592876.7ms frames=124218 ball=41363 base_poses=124199 invalid=0 station_ok=yes
[INFO] [1787148630.196901821] [a3_receive_input_gateway]: gateway calibrated=yes frame_age=593876.8ms frames=124218 ball=41363 base_poses=124199 invalid=0 station_ok=yes
[INFO] [1787148631.196807033] [a3_receive_input_gateway]: gateway calibrated=yes frame_age=594876.7ms frames=124218 ball=41363 base_poses=124199 invalid=0 station_ok=yes
[INFO] [1787148632.196868287] [a3_receive_input_gateway]: gateway calibrated=yes frame_age=595876.7ms frames=124218 ball=41363 base_poses=124199 invalid=0 station_ok=yes
[INFO] [1787148633.196790789] [a3_receive_input_gateway]: gateway calibrated=yes frame_age=596876.7ms frames=124218 ball=41363 base_poses=124199 invalid=0 station_ok=yes
[INFO] [1787148634.196896918] [a3_receive_input_gateway]: gateway calibrated=yes frame_age=597876.8ms frames=124218 ball=41363 base_poses=124199 invalid=0 station_ok=yes
[INFO] [1787148635.196882895] [a3_receive_input_gateway]: gateway calibrated=yes frame_age=598876.7ms frames=124218 ball=41363 base_poses=124199 invalid=0 station_ok=yes
[INFO] [1787148636.196845559] [a3_receive_input_gateway]: gateway calibrated=yes frame_age=599876.7ms frames=124218 ball=41363 base_poses=124199 invalid=0 station_ok=yes
[INFO] [1787148637.196769067] [a3_receive_input_gateway]: gateway calibrated=yes frame_age=600876.7ms frames=124218 ball=41363 base_poses=124199 invalid=0 station_ok=yes
[INFO] [1787148638.196762750] [a3_receive_input_gateway]: gateway calibrated=yes frame_age=601876.7ms frames=124218 ball=41363 base_poses=124199 invalid=0 station_ok=yes
[INFO] [1787148639.196794288] [a3_receive_input_gateway]: gateway calibrated=yes frame_age=602876.7ms frames=124218 ball=41363 base_poses=124199 invalid=0 station_ok=yes
[INFO] [1787148640.197089479] [a3_receive_input_gateway]: gateway calibrated=yes frame_age=603876.8ms frames=124218 ball=41363 base_poses=124199 invalid=0 station_ok=yes
[INFO] [1787148641.197074755] [a3_receive_input_gateway]: gateway calibrated=yes frame_age=604876.8ms frames=124218 ball=41363 base_poses=124199 invalid=0 station_ok=yes
[INFO] [1787148642.197096751] [a3_receive_input_gateway]: gateway calibrated=yes frame_age=605876.8ms frames=124218 ball=41363 base_poses=124199 invalid=0 station_ok=yes
[INFO] [1787148643.197259581] [a3_receive_input_gateway]: gateway calibrated=yes frame_age=606876.9ms frames=124218 ball=41363 base_poses=124199 invalid=0 station_ok=yes
[INFO] [1787148644.197053205] [a3_receive_input_gateway]: gateway calibrated=yes frame_age=607876.8ms frames=124218 ball=41363 base_poses=124199 invalid=0 station_ok=yes
[INFO] [1787148645.197038084] [a3_receive_input_gateway]: gateway calibrated=yes frame_age=608876.8ms frames=124218 ball=41363 base_poses=124199 invalid=0 station_ok=yes
[INFO] [1787148646.197053556] [a3_receive_input_gateway]: gateway calibrated=yes frame_age=609876.8ms frames=124218 ball=41363 base_poses=124199 invalid=0 station_ok=yes
[INFO] [1787148647.197128327] [a3_receive_input_gateway]: gateway calibrated=yes frame_age=610876.8ms frames=124218 ball=41363 base_poses=124199 invalid=0 station_ok=yes
[INFO] [1787148648.197075334] [a3_receive_input_gateway]: gateway calibrated=yes frame_age=611876.8ms frames=124218 ball=41363 base_poses=124199 invalid=0 station_ok=yes
[INFO] [1787148649.197045848] [a3_receive_input_gateway]: gateway calibrated=yes frame_age=612876.9ms frames=124218 ball=41363 base_poses=124199 invalid=0 station_ok=yes
[INFO] [1787148650.196779873] [a3_receive_input_gateway]: gateway calibrated=yes frame_age=613876.7ms frames=124218 ball=41363 base_poses=124199 invalid=0 station_ok=yes
[INFO] [1787148651.197229409] [a3_receive_input_gateway]: gateway calibrated=yes frame_age=614876.8ms frames=124218 ball=41363 base_poses=124199 invalid=0 station_ok=yes
[INFO] [1787148652.197248576] [a3_receive_input_gateway]: gateway calibrated=yes frame_age=615876.9ms frames=124218 ball=41363 base_poses=124199 invalid=0 station_ok=yes
[INFO] [1787148653.196991884] [a3_receive_input_gateway]: gateway calibrated=yes frame_age=616876.7ms frames=124218 ball=41363 base_poses=124199 invalid=0 station_ok=yes
[INFO] [1787148654.197093296] [a3_receive_input_gateway]: gateway calibrated=yes frame_age=617876.8ms frames=124218 ball=41363 base_poses=124199 invalid=0 station_ok=yes
[INFO] [1787148655.197041763] [a3_receive_input_gateway]: gateway calibrated=yes frame_age=618876.7ms frames=124218 ball=41363 base_poses=124199 invalid=0 station_ok=yes
[INFO] [1787148656.196994754] [a3_receive_input_gateway]: gateway calibrated=yes frame_age=619876.7ms frames=124218 ball=41363 base_poses=124199 invalid=0 station_ok=yes
[INFO] [1787148657.197045080] [a3_receive_input_gateway]: gateway calibrated=yes frame_age=620876.8ms frames=124218 ball=41363 base_poses=124199 invalid=0 station_ok=yes
[INFO] [1787148658.196988070] [a3_receive_input_gateway]: gateway calibrated=yes frame_age=621876.7ms frames=124218 ball=41363 base_poses=124199 invalid=0 station_ok=yes
[INFO] [1787148659.197431553] [a3_receive_input_gateway]: gateway calibrated=yes frame_age=622877.1ms frames=124218 ball=41363 base_poses=124199 invalid=0 station_ok=yes
[INFO] [1787148660.197117791] [a3_receive_input_gateway]: gateway calibrated=yes frame_age=623876.8ms frames=124218 ball=41363 base_poses=124199 invalid=0 station_ok=yes
[INFO] [1787148661.196791988] [a3_receive_input_gateway]: gateway calibrated=yes frame_age=624876.7ms frames=124218 ball=41363 base_poses=124199 invalid=0 station_ok=yes
[INFO] [1787148662.197076060] [a3_receive_input_gateway]: gateway calibrated=yes frame_age=625876.8ms frames=124218 ball=41363 base_poses=124199 invalid=0 station_ok=yes
[INFO] [1787148663.196860899] [a3_receive_input_gateway]: gateway calibrated=yes frame_age=626876.7ms frames=124218 ball=41363 base_poses=124199 invalid=0 station_ok=yes
[INFO] [1787148664.196810163] [a3_receive_input_gateway]: gateway calibrated=yes frame_age=627876.7ms frames=124218 ball=41363 base_poses=124199 invalid=0 station_ok=yes
[INFO] [1787148665.197107217] [a3_receive_input_gateway]: gateway calibrated=yes frame_age=628877.0ms frames=124218 ball=41363 base_poses=124199 invalid=0 station_ok=yes
[INFO] [1787148666.197063536] [a3_receive_input_gateway]: gateway calibrated=yes frame_age=629876.7ms frames=124218 ball=41363 base_poses=124199 invalid=0 station_ok=yes
[INFO] [1787148667.197070974] [a3_receive_input_gateway]: gateway calibrated=yes frame_age=630876.8ms frames=124218 ball=41363 base_poses=124199 invalid=0 station_ok=yes
[INFO] [1787148668.197319876] [a3_receive_input_gateway]: gateway calibrated=yes frame_age=631876.9ms frames=124218 ball=41363 base_poses=124199 invalid=0 station_ok=yes
[INFO] [1787148669.197019482] [a3_receive_input_gateway]: gateway calibrated=yes frame_age=632876.7ms frames=124218 ball=41363 base_poses=124199 invalid=0 station_ok=yes
[INFO] [1787148670.197173366] [a3_receive_input_gateway]: gateway calibrated=yes frame_age=633876.8ms frames=124218 ball=41363 base_poses=124199 invalid=0 station_ok=yes
[INFO] [1787148671.196969063] [a3_receive_input_gateway]: gateway calibrated=yes frame_age=634876.7ms frames=124218 ball=41363 base_poses=124199 invalid=0 station_ok=yes
[INFO] [1787148672.197226379] [a3_receive_input_gateway]: gateway calibrated=yes frame_age=635876.9ms frames=124218 ball=41363 base_poses=124199 invalid=0 station_ok=yes
[INFO] [1787148673.197043848] [a3_receive_input_gateway]: gateway calibrated=yes frame_age=636876.8ms frames=124218 ball=41363 base_poses=124199 invalid=0 station_ok=yes
[INFO] [1787148674.197381259] [a3_receive_input_gateway]: gateway calibrated=yes frame_age=637877.1ms frames=124218 ball=41363 base_poses=124199 invalid=0 station_ok=yes
[INFO] [1787148675.197250270] [a3_receive_input_gateway]: gateway calibrated=yes frame_age=638876.9ms frames=124218 ball=41363 base_poses=124199 invalid=0 station_ok=yes
[INFO] [1787148676.197076126] [a3_receive_input_gateway]: gateway calibrated=yes frame_age=639876.8ms frames=124218 ball=41363 base_poses=124199 invalid=0 station_ok=yes
[INFO] [1787148677.197187497] [a3_receive_input_gateway]: gateway calibrated=yes frame_age=640876.8ms frames=124218 ball=41363 base_poses=124199 invalid=0 station_ok=yes
[INFO] [1787148678.197332321] [a3_receive_input_gateway]: gateway calibrated=yes frame_age=641876.9ms frames=124218 ball=41363 base_poses=124199 invalid=0 station_ok=yes
[INFO] [1787148679.197155130] [a3_receive_input_gateway]: gateway calibrated=yes frame_age=642876.9ms frames=124218 ball=41363 base_poses=124199 invalid=0 station_ok=yes
[INFO] [1787148680.197317991] [a3_receive_input_gateway]: gateway calibrated=yes frame_age=643876.9ms frames=124218 ball=41363 base_poses=124199 invalid=0 station_ok=yes
[INFO] [1787148681.197272850] [a3_receive_input_gateway]: gateway calibrated=yes frame_age=644876.9ms frames=124218 ball=41363 base_poses=124199 invalid=0 station_ok=yes
[INFO] [1787148682.197258033] [a3_receive_input_gateway]: gateway calibrated=yes frame_age=645876.9ms frames=124218 ball=41363 base_poses=124199 invalid=0 station_ok=yes
[INFO] [1787148683.197231996] [a3_receive_input_gateway]: gateway calibrated=yes frame_age=646876.8ms frames=124218 ball=41363 base_poses=124199 invalid=0 station_ok=yes
[INFO] [1787148684.197320511] [a3_receive_input_gateway]: gateway calibrated=yes frame_age=647876.9ms frames=124218 ball=41363 base_poses=124199 invalid=0 station_ok=yes
[INFO] [1787148685.197241242] [a3_receive_input_gateway]: gateway calibrated=yes frame_age=648876.8ms frames=124218 ball=41363 base_poses=124199 invalid=0 station_ok=yes
[INFO] [1787148686.197245889] [a3_receive_input_gateway]: gateway calibrated=yes frame_age=649876.8ms frames=124218 ball=41363 base_poses=124199 invalid=0 station_ok=yes
[INFO] [1787148687.197301498] [a3_receive_input_gateway]: gateway calibrated=yes frame_age=650876.9ms frames=124218 ball=41363 base_poses=124199 invalid=0 station_ok=yes
[INFO] [1787148688.197317896] [a3_receive_input_gateway]: gateway calibrated=yes frame_age=651876.9ms frames=124218 ball=41363 base_poses=124199 invalid=0 station_ok=yes
[INFO] [1787148689.197427849] [a3_receive_input_gateway]: gateway calibrated=yes frame_age=652877.1ms frames=124218 ball=41363 base_poses=124199 invalid=0 station_ok=yes
[INFO] [1787148690.197294801] [a3_receive_input_gateway]: gateway calibrated=yes frame_age=653876.9ms frames=124218 ball=41363 base_poses=124199 invalid=0 station_ok=yes
[INFO] [1787148691.197074223] [a3_receive_input_gateway]: gateway calibrated=yes frame_age=654876.8ms frames=124218 ball=41363 base_poses=124199 invalid=0 station_ok=yes
[INFO] [1787148692.197178330] [a3_receive_input_gateway]: gateway calibrated=yes frame_age=655876.8ms frames=124218 ball=41363 base_poses=124199 invalid=0 station_ok=yes
[INFO] [1787148693.197282220] [a3_receive_input_gateway]: gateway calibrated=yes frame_age=656876.9ms frames=124218 ball=41363 base_poses=124199 invalid=0 station_ok=yes
[INFO] [1787148694.197109364] [a3_receive_input_gateway]: gateway calibrated=yes frame_age=657876.8ms frames=124218 ball=41363 base_poses=124199 invalid=0 station_ok=yes
[INFO] [1787148695.197275274] [a3_receive_input_gateway]: gateway calibrated=yes frame_age=658876.8ms frames=124218 ball=41363 base_poses=124199 invalid=0 station_ok=yes
[INFO] [1787148696.197168011] [a3_receive_input_gateway]: gateway calibrated=yes frame_age=659876.8ms frames=124218 ball=41363 base_poses=124199 invalid=0 station_ok=yes
[INFO] [1787148697.197031560] [a3_receive_input_gateway]: gateway calibrated=yes frame_age=660876.8ms frames=124218 ball=41363 base_poses=124199 invalid=0 station_ok=yes
[INFO] [1787148698.197159647] [a3_receive_input_gateway]: gateway calibrated=yes frame_age=661876.8ms frames=124218 ball=41363 base_poses=124199 invalid=0 station_ok=yes
[INFO] [1787148699.197047250] [a3_receive_input_gateway]: gateway calibrated=yes frame_age=662876.7ms frames=124218 ball=41363 base_poses=124199 invalid=0 station_ok=yes
[INFO] [1787148700.197184198] [a3_receive_input_gateway]: gateway calibrated=yes frame_age=663876.8ms frames=124218 ball=41363 base_poses=124199 invalid=0 station_ok=yes
[INFO] [1787148701.197073141] [a3_receive_input_gateway]: gateway calibrated=yes frame_age=664876.8ms frames=124218 ball=41363 base_poses=124199 invalid=0 station_ok=yes
[INFO] [1787148702.197144927] [a3_receive_input_gateway]: gateway calibrated=yes frame_age=665876.8ms frames=124218 ball=41363 base_poses=124199 invalid=0 station_ok=yes
[INFO] [1787148703.197218669] [a3_receive_input_gateway]: gateway calibrated=yes frame_age=666876.8ms frames=124218 ball=41363 base_poses=124199 invalid=0 station_ok=yes
[INFO] [1787148704.197172909] [a3_receive_input_gateway]: gateway calibrated=yes frame_age=667876.8ms frames=124218 ball=41363 base_poses=124199 invalid=0 station_ok=yes
[INFO] [1787148705.197307416] [a3_receive_input_gateway]: gateway calibrated=yes frame_age=668876.9ms frames=124218 ball=41363 base_poses=124199 invalid=0 station_ok=yes
[INFO] [1787148706.197266191] [a3_receive_input_gateway]: gateway calibrated=yes frame_age=669876.9ms frames=124218 ball=41363 base_poses=124199 invalid=0 station_ok=yes
[INFO] [1787148707.196949458] [a3_receive_input_gateway]: gateway calibrated=yes frame_age=670876.7ms frames=124218 ball=41363 base_poses=124199 invalid=0 station_ok=yes
[INFO] [1787148708.197119254] [a3_receive_input_gateway]: gateway calibrated=yes frame_age=671876.8ms frames=124218 ball=41363 base_poses=124199 invalid=0 station_ok=yes
[INFO] [1787148709.196987241] [a3_receive_input_gateway]: gateway calibrated=yes frame_age=672876.8ms frames=124218 ball=41363 base_poses=124199 invalid=0 station_ok=yes
[INFO] [1787148710.197064040] [a3_receive_input_gateway]: gateway calibrated=yes frame_age=673876.8ms frames=124218 ball=41363 base_poses=124199 invalid=0 station_ok=yes
[INFO] [1787148711.197111959] [a3_receive_input_gateway]: gateway calibrated=yes frame_age=674876.9ms frames=124218 ball=41363 base_poses=124199 invalid=0 station_ok=yes
[INFO] [1787148712.196889944] [a3_receive_input_gateway]: gateway calibrated=yes frame_age=675876.8ms frames=124218 ball=41363 base_poses=124199 invalid=0 station_ok=yes
[INFO] [1787148713.196960404] [a3_receive_input_gateway]: gateway calibrated=yes frame_age=676876.8ms frames=124218 ball=41363 base_poses=124199 invalid=0 station_ok=yes
[INFO] [1787148714.196882526] [a3_receive_input_gateway]: gateway calibrated=yes frame_age=677876.7ms frames=124218 ball=41363 base_poses=124199 invalid=0 station_ok=yes
[INFO] [1787148715.197039002] [a3_receive_input_gateway]: gateway calibrated=yes frame_age=678876.8ms frames=124218 ball=41363 base_poses=124199 invalid=0 station_ok=yes
[INFO] [1787148716.197020056] [a3_receive_input_gateway]: gateway calibrated=yes frame_age=679876.8ms frames=124218 ball=41363 base_poses=124199 invalid=0 station_ok=yes
[INFO] [1787148717.196853328] [a3_receive_input_gateway]: gateway calibrated=yes frame_age=680876.7ms frames=124218 ball=41363 base_poses=124199 invalid=0 station_ok=yes
[INFO] [1787148718.197111050] [a3_receive_input_gateway]: gateway calibrated=yes frame_age=681876.8ms frames=124218 ball=41363 base_poses=124199 invalid=0 station_ok=yes
[INFO] [1787148719.197241044] [a3_receive_input_gateway]: gateway calibrated=yes frame_age=682876.8ms frames=124218 ball=41363 base_poses=124199 invalid=0 station_ok=yes
[INFO] [1787148720.196837382] [a3_receive_input_gateway]: gateway calibrated=yes frame_age=683876.7ms frames=124218 ball=41363 base_poses=124199 invalid=0 station_ok=yes
[INFO] [1787148721.197017194] [a3_receive_input_gateway]: gateway calibrated=yes frame_age=684876.8ms frames=124218 ball=41363 base_poses=124199 invalid=0 station_ok=yes
[INFO] [1787148722.197041287] [a3_receive_input_gateway]: gateway calibrated=yes frame_age=685876.8ms frames=124218 ball=41363 base_poses=124199 invalid=0 station_ok=yes
[INFO] [1787148723.197255478] [a3_receive_input_gateway]: gateway calibrated=yes frame_age=686876.9ms frames=124218 ball=41363 base_poses=124199 invalid=0 station_ok=yes
[INFO] [1787148724.197310508] [a3_receive_input_gateway]: gateway calibrated=yes frame_age=687877.2ms frames=124218 ball=41363 base_poses=124199 invalid=0 station_ok=yes
[INFO] [1787148725.197473636] [a3_receive_input_gateway]: gateway calibrated=yes frame_age=688877.1ms frames=124218 ball=41363 base_poses=124199 invalid=0 station_ok=yes
[INFO] [1787148726.196957995] [a3_receive_input_gateway]: gateway calibrated=yes frame_age=689876.7ms frames=124218 ball=41363 base_poses=124199 invalid=0 station_ok=yes
[INFO] [1787148727.197128264] [a3_receive_input_gateway]: gateway calibrated=yes frame_age=690876.8ms frames=124218 ball=41363 base_poses=124199 invalid=0 station_ok=yes
[INFO] [1787148728.197676518] [a3_receive_input_gateway]: gateway calibrated=yes frame_age=691876.9ms frames=124218 ball=41363 base_poses=124199 invalid=0 station_ok=yes
[INFO] [1787148729.197294270] [a3_receive_input_gateway]: gateway calibrated=yes frame_age=692876.8ms frames=124218 ball=41363 base_poses=124199 invalid=0 station_ok=yes
[INFO] [1787148730.197448948] [a3_receive_input_gateway]: gateway calibrated=yes frame_age=693876.8ms frames=124218 ball=41363 base_poses=124199 invalid=0 station_ok=yes
[INFO] [1787148731.197185394] [a3_receive_input_gateway]: gateway calibrated=yes frame_age=694876.8ms frames=124218 ball=41363 base_poses=124199 invalid=0 station_ok=yes
[INFO] [1787148732.197063970] [a3_receive_input_gateway]: gateway calibrated=yes frame_age=695876.8ms frames=124218 ball=41363 base_poses=124199 invalid=0 station_ok=yes
[INFO] [1787148733.197133039] [a3_receive_input_gateway]: gateway calibrated=yes frame_age=696876.9ms frames=124218 ball=41363 base_poses=124199 invalid=0 station_ok=yes
[INFO] [1787148734.197050913] [a3_receive_input_gateway]: gateway calibrated=yes frame_age=697876.8ms frames=124218 ball=41363 base_poses=124199 invalid=0 station_ok=yes
[INFO] [1787148735.197180520] [a3_receive_input_gateway]: gateway calibrated=yes frame_age=698876.8ms frames=124218 ball=41363 base_poses=124199 invalid=0 station_ok=yes
[INFO] [1787148736.197023187] [a3_receive_input_gateway]: gateway calibrated=yes frame_age=699876.7ms frames=124218 ball=41363 base_poses=124199 invalid=0 station_ok=yes
[INFO] [1787148737.197079895] [a3_receive_input_gateway]: gateway calibrated=yes frame_age=700876.8ms frames=124218 ball=41363 base_poses=124199 invalid=0 station_ok=yes
[INFO] [1787148738.197282162] [a3_receive_input_gateway]: gateway calibrated=yes frame_age=701876.9ms frames=124218 ball=41363 base_poses=124199 invalid=0 station_ok=yes
[INFO] [1787148739.197005121] [a3_receive_input_gateway]: gateway calibrated=yes frame_age=702876.7ms frames=124218 ball=41363 base_poses=124199 invalid=0 station_ok=yes
[INFO] [1787148740.197174104] [a3_receive_input_gateway]: gateway calibrated=yes frame_age=703876.8ms frames=124218 ball=41363 base_poses=124199 invalid=0 station_ok=yes
[INFO] [1787148741.197176777] [a3_receive_input_gateway]: gateway calibrated=yes frame_age=704876.8ms frames=124218 ball=41363 base_poses=124199 invalid=0 station_ok=yes
[INFO] [1787148742.196891573] [a3_receive_input_gateway]: gateway calibrated=yes frame_age=705876.7ms frames=124218 ball=41363 base_poses=124199 invalid=0 station_ok=yes
[INFO] [1787148743.197199985] [a3_receive_input_gateway]: gateway calibrated=yes frame_age=706876.8ms frames=124218 ball=41363 base_poses=124199 invalid=0 station_ok=yes
[INFO] [1787148744.197041380] [a3_receive_input_gateway]: gateway calibrated=yes frame_age=707876.8ms frames=124218 ball=41363 base_poses=124199 invalid=0 station_ok=yes
[INFO] [1787148745.197271022] [a3_receive_input_gateway]: gateway calibrated=yes frame_age=708876.8ms frames=124218 ball=41363 base_poses=124199 invalid=0 station_ok=yes
[INFO] [1787148746.197218031] [a3_receive_input_gateway]: gateway calibrated=yes frame_age=709876.8ms frames=124218 ball=41363 base_poses=124199 invalid=0 station_ok=yes
[INFO] [1787148747.197179344] [a3_receive_input_gateway]: gateway calibrated=yes frame_age=710876.8ms frames=124218 ball=41363 base_poses=124199 invalid=0 station_ok=yes
[INFO] [1787148748.197053453] [a3_receive_input_gateway]: gateway calibrated=yes frame_age=711876.8ms frames=124218 ball=41363 base_poses=124199 invalid=0 station_ok=yes
[INFO] [1787148749.197406604] [a3_receive_input_gateway]: gateway calibrated=yes frame_age=712876.9ms frames=124218 ball=41363 base_poses=124199 invalid=0 station_ok=yes
[INFO] [1787148750.197017772] [a3_receive_input_gateway]: gateway calibrated=yes frame_age=713876.7ms frames=124218 ball=41363 base_poses=124199 invalid=0 station_ok=yes
[INFO] [1787148751.197176334] [a3_receive_input_gateway]: gateway calibrated=yes frame_age=714876.8ms frames=124218 ball=41363 base_poses=124199 invalid=0 station_ok=yes
[INFO] [1787148752.197034105] [a3_receive_input_gateway]: gateway calibrated=yes frame_age=715876.8ms frames=124218 ball=41363 base_poses=124199 invalid=0 station_ok=yes
[INFO] [1787148753.196976042] [a3_receive_input_gateway]: gateway calibrated=yes frame_age=716876.8ms frames=124218 ball=41363 base_poses=124199 invalid=0 station_ok=yes
[INFO] [1787148754.197018650] [a3_receive_input_gateway]: gateway calibrated=yes frame_age=717876.7ms frames=124218 ball=41363 base_poses=124199 invalid=0 station_ok=yes
[INFO] [1787148755.197818651] [a3_receive_input_gateway]: gateway calibrated=yes frame_age=718877.1ms frames=124218 ball=41363 base_poses=124199 invalid=0 station_ok=yes
[INFO] [1787148756.197221837] [a3_receive_input_gateway]: gateway calibrated=yes frame_age=719876.8ms frames=124218 ball=41363 base_poses=124199 invalid=0 station_ok=yes
[INFO] [1787148757.197090691] [a3_receive_input_gateway]: gateway calibrated=yes frame_age=720876.8ms frames=124218 ball=41363 base_poses=124199 invalid=0 station_ok=yes
[INFO] [1787148758.197225957] [a3_receive_input_gateway]: gateway calibrated=yes frame_age=721876.9ms frames=124218 ball=41363 base_poses=124199 invalid=0 station_ok=yes
[INFO] [1787148759.196813239] [a3_receive_input_gateway]: gateway calibrated=yes frame_age=722876.7ms frames=124218 ball=41363 base_poses=124199 invalid=0 station_ok=yes
[INFO] [1787148760.197220820] [a3_receive_input_gateway]: gateway calibrated=yes frame_age=723876.8ms frames=124218 ball=41363 base_poses=124199 invalid=0 station_ok=yes
[INFO] [1787148761.197365272] [a3_receive_input_gateway]: gateway calibrated=yes frame_age=724877.1ms frames=124218 ball=41363 base_poses=124199 invalid=0 station_ok=yes
[INFO] [1787148762.197166435] [a3_receive_input_gateway]: gateway calibrated=yes frame_age=725876.8ms frames=124218 ball=41363 base_poses=124199 invalid=0 station_ok=yes
[INFO] [1787148763.197052725] [a3_receive_input_gateway]: gateway calibrated=yes frame_age=726876.8ms frames=124218 ball=41363 base_poses=124199 invalid=0 station_ok=yes
[INFO] [1787148764.197280844] [a3_receive_input_gateway]: gateway calibrated=yes frame_age=727876.8ms frames=124218 ball=41363 base_poses=124199 invalid=0 station_ok=yes
[INFO] [1787148765.197168595] [a3_receive_input_gateway]: gateway calibrated=yes frame_age=728876.8ms frames=124218 ball=41363 base_poses=124199 invalid=0 station_ok=yes
[INFO] [1787148766.197003586] [a3_receive_input_gateway]: gateway calibrated=yes frame_age=729876.7ms frames=124218 ball=41363 base_poses=124199 invalid=0 station_ok=yes
[INFO] [1787148767.196752621] [a3_receive_input_gateway]: gateway calibrated=yes frame_age=730876.7ms frames=124218 ball=41363 base_poses=124199 invalid=0 station_ok=yes
[INFO] [1787148768.197269767] [a3_receive_input_gateway]: gateway calibrated=yes frame_age=731876.9ms frames=124218 ball=41363 base_poses=124199 invalid=0 station_ok=yes
[INFO] [1787148769.197186565] [a3_receive_input_gateway]: gateway calibrated=yes frame_age=732876.8ms frames=124218 ball=41363 base_poses=124199 invalid=0 station_ok=yes
[INFO] [1787148770.196670606] [a3_receive_input_gateway]: gateway calibrated=yes frame_age=1.2ms frames=124379 ball=41363 base_poses=124360 invalid=0 station_ok=yes
[INFO] [1787148771.196660174] [a3_receive_input_gateway]: gateway calibrated=yes frame_age=1.4ms frames=124679 ball=41363 base_poses=124660 invalid=0 station_ok=yes
[INFO] [1787148772.196984641] [a3_receive_input_gateway]: gateway calibrated=yes frame_age=1.3ms frames=124979 ball=41363 base_poses=124960 invalid=0 station_ok=yes
[INFO] [1787148773.196814561] [a3_receive_input_gateway]: gateway calibrated=yes frame_age=1.5ms frames=125279 ball=41363 base_poses=125260 invalid=0 station_ok=yes
[INFO] [1787148774.196675725] [a3_receive_input_gateway]: gateway calibrated=yes frame_age=1.5ms frames=125579 ball=41363 base_poses=125560 invalid=0 station_ok=yes
[INFO] [1787148775.196667313] [a3_receive_input_gateway]: gateway calibrated=yes frame_age=1.5ms frames=125879 ball=41363 base_poses=125860 invalid=0 station_ok=yes
[INFO] [1787148776.196779875] [a3_receive_input_gateway]: gateway calibrated=yes frame_age=1.6ms frames=126179 ball=41363 base_poses=126160 invalid=0 station_ok=yes
[INFO] [1787148777.196705541] [a3_receive_input_gateway]: gateway calibrated=yes frame_age=1.6ms frames=126479 ball=41363 base_poses=126460 invalid=0 station_ok=yes
[INFO] [1787148778.196755174] [a3_receive_input_gateway]: gateway calibrated=yes frame_age=1.5ms frames=126779 ball=41363 base_poses=126760 invalid=0 station_ok=yes
[INFO] [1787148779.196643177] [a3_receive_input_gateway]: gateway calibrated=yes frame_age=1.7ms frames=127079 ball=41363 base_poses=127060 invalid=0 station_ok=yes
