[WARN] [1787244987.521687593] [a3_receive_input_gateway]: receive gateway started: mocap=/ppmocap/frame planner_input=/a3_mocap/ball_poses base_pose=/a3_mocap/pelvis_pose; inference=off joint_commands=off
[INFO] [1787244987.522334345] [a3_receive_input_gateway]: ball tracking: visible
[INFO] [1787244987.526459978] [a3_receive_input_gateway]: ball tracking: lost
[WARN] [1787244987.584065032] [a3_receive_input_gateway]: PPMocap calibrated: origin=near-left tabletop, +X=robot-to-opponent, +Y=robot-left, +Z=up
[INFO] [1787244988.514518821] [a3_receive_input_gateway]: gateway calibrated=yes frame_age=1.9ms frames=300 ball=0 base_poses=281 invalid=0 station_ok=no
[INFO] [1787244989.514520674] [a3_receive_input_gateway]: gateway calibrated=yes frame_age=2.1ms frames=600 ball=0 base_poses=581 invalid=0 station_ok=no
[INFO] [1787244990.514533980] [a3_receive_input_gateway]: gateway calibrated=yes frame_age=2.2ms frames=900 ball=0 base_poses=881 invalid=0 station_ok=no
[INFO] [1787244991.514564115] [a3_receive_input_gateway]: gateway calibrated=yes frame_age=2.1ms frames=1200 ball=0 base_poses=1181 invalid=0 station_ok=no
[INFO] [1787244992.514519140] [a3_receive_input_gateway]: gateway calibrated=yes frame_age=2.2ms frames=1500 ball=0 base_poses=1481 invalid=0 station_ok=no
[INFO] [1787244993.514516807] [a3_receive_input_gateway]: gateway calibrated=yes frame_age=2.2ms frames=1800 ball=0 base_poses=1781 invalid=0 station_ok=no
[INFO] [1787244994.514525653] [a3_receive_input_gateway]: gateway calibrated=yes frame_age=2.4ms frames=2100 ball=0 base_poses=2081 invalid=0 station_ok=no
[INFO] [1787244995.514510306] [a3_receive_input_gateway]: gateway calibrated=yes frame_age=2.4ms frames=2400 ball=0 base_poses=2381 invalid=0 station_ok=no
[INFO] [1787244996.514518983] [a3_receive_input_gateway]: gateway calibrated=yes frame_age=2.2ms frames=2700 ball=0 base_poses=2681 invalid=0 station_ok=no
[INFO] [1787244996.958191989] [a3_receive_input_gateway]: ball tracking: visible
[INFO] [1787244997.490406294] [a3_receive_input_gateway]: ball tracking: lost
[INFO] [1787244997.514475620] [a3_receive_input_gateway]: gateway calibrated=yes frame_age=2.2ms frames=3000 ball=160 base_poses=2981 invalid=0 station_ok=no
[INFO] [1787244998.210031375] [a3_receive_input_gateway]: ball tracking: visible
[INFO] [1787244998.514552559] [a3_receive_input_gateway]: gateway calibrated=yes frame_age=2.5ms frames=3300 ball=252 base_poses=3281 invalid=0 station_ok=no
[INFO] [1787244998.603451825] [a3_receive_input_gateway]: ball tracking: lost
[INFO] [1787244998.774099673] [a3_receive_input_gateway]: ball tracking: visible
[INFO] [1787244999.452137406] [a3_receive_input_gateway]: ball tracking: lost
[INFO] [1787244999.514595631] [a3_receive_input_gateway]: gateway calibrated=yes frame_age=2.6ms frames=3600 ball=482 base_poses=3581 invalid=0 station_ok=no
[INFO] [1787244999.832264099] [a3_receive_input_gateway]: ball tracking: visible
[INFO] [1787245000.179975495] [a3_receive_input_gateway]: ball tracking: lost
[INFO] [1787245000.216154255] [a3_receive_input_gateway]: ball tracking: visible
[INFO] [1787245000.514658155] [a3_receive_input_gateway]: gateway calibrated=yes frame_age=2.5ms frames=3900 ball=676 base_poses=3881 invalid=0 station_ok=no
[INFO] [1787245001.034023142] [a3_receive_input_gateway]: ball tracking: lost
[INFO] [1787245001.115876757] [a3_receive_input_gateway]: ball tracking: visible
[INFO] [1787245001.514516731] [a3_receive_input_gateway]: gateway calibrated=yes frame_age=2.5ms frames=4200 ball=951 base_poses=4181 invalid=0 station_ok=no
[INFO] [1787245001.755887532] [a3_receive_input_gateway]: ball tracking: lost
[INFO] [1787245002.476151400] [a3_receive_input_gateway]: ball tracking: visible
[INFO] [1787245002.514513414] [a3_receive_input_gateway]: gateway calibrated=yes frame_age=2.4ms frames=4500 ball=1035 base_poses=4481 invalid=0 station_ok=no
[INFO] [1787245003.514515524] [a3_receive_input_gateway]: gateway calibrated=yes frame_age=2.8ms frames=4800 ball=1335 base_poses=4781 invalid=0 station_ok=no
[INFO] [1787245004.514490672] [a3_receive_input_gateway]: gateway calibrated=yes frame_age=0.9ms frames=5100 ball=1635 base_poses=5081 invalid=0 station_ok=no
[INFO] [1787245005.514505110] [a3_receive_input_gateway]: gateway calibrated=yes frame_age=1.1ms frames=5400 ball=1935 base_poses=5381 invalid=0 station_ok=no
[INFO] [1787245006.013640338] [a3_receive_input_gateway]: ball tracking: lost
[INFO] [1787245006.514533576] [a3_receive_input_gateway]: gateway calibrated=yes frame_age=1.1ms frames=5700 ball=2084 base_poses=5681 invalid=0 station_ok=no
[INFO] [1787245007.257162572] [a3_receive_input_gateway]: ball tracking: visible
[INFO] [1787245007.514560678] [a3_receive_input_gateway]: gateway calibrated=yes frame_age=3.2ms frames=5999 ball=2161 base_poses=5980 invalid=0 station_ok=no
[INFO] [1787245007.943198510] [a3_receive_input_gateway]: ball tracking: lost
[INFO] [1787245008.053176118] [a3_receive_input_gateway]: ball tracking: visible
[INFO] [1787245008.428818704] [a3_receive_input_gateway]: ball tracking: lost
[INFO] [1787245008.488970457] [a3_receive_input_gateway]: ball tracking: visible
[INFO] [1787245008.514521670] [a3_receive_input_gateway]: gateway calibrated=yes frame_age=3.3ms frames=6300 ball=2411 base_poses=6281 invalid=0 station_ok=no
[INFO] [1787245009.514545791] [a3_receive_input_gateway]: gateway calibrated=yes frame_age=1.6ms frames=6600 ball=2711 base_poses=6581 invalid=0 station_ok=no
[INFO] [1787245010.514750722] [a3_receive_input_gateway]: gateway calibrated=yes frame_age=0.2ms frames=6901 ball=3012 base_poses=6882 invalid=0 station_ok=no
[INFO] [1787245011.514484255] [a3_receive_input_gateway]: gateway calibrated=yes frame_age=0.2ms frames=7201 ball=3312 base_poses=7182 invalid=0 station_ok=no
[INFO] [1787245012.514588802] [a3_receive_input_gateway]: gateway calibrated=yes frame_age=0.2ms frames=7501 ball=3612 base_poses=7482 invalid=0 station_ok=no
[INFO] [1787245013.514489794] [a3_receive_input_gateway]: gateway calibrated=yes frame_age=0.2ms frames=7801 ball=3912 base_poses=7782 invalid=0 station_ok=no
[INFO] [1787245013.568053261] [a3_receive_input_gateway]: ball tracking: lost
[INFO] [1787245014.441876357] [a3_receive_input_gateway]: ball tracking: visible
[INFO] [1787245014.514501577] [a3_receive_input_gateway]: gateway calibrated=yes frame_age=2.6ms frames=8100 ball=3949 base_poses=8081 invalid=0 station_ok=no
[INFO] [1787245015.221889222] [a3_receive_input_gateway]: ball tracking: lost
[INFO] [1787245015.301991392] [a3_receive_input_gateway]: ball tracking: visible
[INFO] [1787245015.514513709] [a3_receive_input_gateway]: gateway calibrated=yes frame_age=2.5ms frames=8400 ball=4225 base_poses=8381 invalid=0 station_ok=no
[INFO] [1787245016.514578629] [a3_receive_input_gateway]: gateway calibrated=yes frame_age=0.8ms frames=8701 ball=4526 base_poses=8682 invalid=0 station_ok=no
[INFO] [1787245016.567722483] [a3_receive_input_gateway]: ball tracking: lost
[INFO] [1787245017.514687021] [a3_receive_input_gateway]: gateway calibrated=yes frame_age=3.1ms frames=9000 ball=4541 base_poses=8981 invalid=0 station_ok=no
[INFO] [1787245018.107487818] [a3_receive_input_gateway]: ball tracking: visible
[INFO] [1787245018.514533893] [a3_receive_input_gateway]: gateway calibrated=yes frame_age=3.3ms frames=9300 ball=4663 base_poses=9281 invalid=0 station_ok=no
[INFO] [1787245018.567234890] [a3_receive_input_gateway]: ball tracking: lost
[INFO] [1787245019.025229481] [a3_receive_input_gateway]: ball tracking: visible
[INFO] [1787245019.514529539] [a3_receive_input_gateway]: gateway calibrated=yes frame_age=3.3ms frames=9600 ball=4826 base_poses=9581 invalid=0 station_ok=no
[INFO] [1787245019.947464051] [a3_receive_input_gateway]: ball tracking: lost
[INFO] [1787245020.077256565] [a3_receive_input_gateway]: ball tracking: visible
[INFO] [1787245020.514584221] [a3_receive_input_gateway]: gateway calibrated=yes frame_age=3.6ms frames=9900 ball=5087 base_poses=9881 invalid=0 station_ok=no
[INFO] [1787245020.791193332] [a3_receive_input_gateway]: ball tracking: lost
[INFO] [1787245021.037009212] [a3_receive_input_gateway]: ball tracking: visible
[INFO] [1787245021.507190980] [a3_receive_input_gateway]: ball tracking: lost
[INFO] [1787245021.514549203] [a3_receive_input_gateway]: gateway calibrated=yes frame_age=3.5ms frames=10200 ball=5311 base_poses=10181 invalid=0 station_ok=no
[INFO] [1787245021.646981613] [a3_receive_input_gateway]: ball tracking: visible
[INFO] [1787245022.140779817] [a3_receive_input_gateway]: ball tracking: lost
[INFO] [1787245022.470744208] [a3_receive_input_gateway]: ball tracking: visible
[INFO] [1787245022.514502632] [a3_receive_input_gateway]: gateway calibrated=yes frame_age=3.7ms frames=10500 ball=5472 base_poses=10481 invalid=0 station_ok=no
[INFO] [1787245023.514871963] [a3_receive_input_gateway]: gateway calibrated=yes frame_age=0.2ms frames=10801 ball=5773 base_poses=10782 invalid=0 station_ok=no
[INFO] [1787245024.514574525] [a3_receive_input_gateway]: gateway calibrated=yes frame_age=0.2ms frames=11101 ball=6073 base_poses=11082 invalid=0 station_ok=no
[INFO] [1787245024.730500010] [a3_receive_input_gateway]: ball tracking: lost
[INFO] [1787245024.946224164] [a3_receive_input_gateway]: ball tracking: visible
[INFO] [1787245025.514956946] [a3_receive_input_gateway]: gateway calibrated=yes frame_age=0.3ms frames=11401 ball=6308 base_poses=11382 invalid=0 station_ok=no
[INFO] [1787245026.514489231] [a3_receive_input_gateway]: gateway calibrated=yes frame_age=0.4ms frames=11701 ball=6608 base_poses=11682 invalid=0 station_ok=no
[INFO] [1787245026.544199399] [a3_receive_input_gateway]: ball tracking: lost
[INFO] [1787245026.690285155] [a3_receive_input_gateway]: ball tracking: visible
[INFO] [1787245027.514876349] [a3_receive_input_gateway]: gateway calibrated=yes frame_age=0.4ms frames=12001 ball=6864 base_poses=11982 invalid=0 station_ok=no
[INFO] [1787245027.705974989] [a3_receive_input_gateway]: ball tracking: lost
[INFO] [1787245027.879998204] [a3_receive_input_gateway]: ball tracking: visible
[INFO] [1787245028.514480887] [a3_receive_input_gateway]: gateway calibrated=yes frame_age=0.6ms frames=12301 ball=7112 base_poses=12282 invalid=0 station_ok=no
[INFO] [1787245029.514476146] [a3_receive_input_gateway]: gateway calibrated=yes frame_age=0.8ms frames=12601 ball=7412 base_poses=12582 invalid=0 station_ok=no
[INFO] [1787245030.514471654] [a3_receive_input_gateway]: gateway calibrated=yes frame_age=1.0ms frames=12901 ball=7712 base_poses=12882 invalid=0 station_ok=no
[INFO] [1787245031.514493409] [a3_receive_input_gateway]: gateway calibrated=yes frame_age=1.1ms frames=13201 ball=8012 base_poses=13182 invalid=0 station_ok=no
[INFO] [1787245032.514486730] [a3_receive_input_gateway]: gateway calibrated=yes frame_age=1.2ms frames=13501 ball=8312 base_poses=13482 invalid=0 station_ok=no
[INFO] [1787245033.514484824] [a3_receive_input_gateway]: gateway calibrated=yes frame_age=1.3ms frames=13801 ball=8612 base_poses=13782 invalid=0 station_ok=no
[INFO] [1787245034.514574602] [a3_receive_input_gateway]: gateway calibrated=yes frame_age=1.3ms frames=14101 ball=8912 base_poses=14082 invalid=0 station_ok=no
[INFO] [1787245035.514683079] [a3_receive_input_gateway]: gateway calibrated=yes frame_age=1.9ms frames=14401 ball=9212 base_poses=14382 invalid=0 station_ok=no
[INFO] [1787245036.514806830] [a3_receive_input_gateway]: gateway calibrated=yes frame_age=0.2ms frames=14702 ball=9513 base_poses=14683 invalid=0 station_ok=no
[INFO] [1787245036.868543366] [a3_receive_input_gateway]: ball tracking: lost
[INFO] [1787245037.514648583] [a3_receive_input_gateway]: gateway calibrated=yes frame_age=1.8ms frames=15001 ball=9618 base_poses=14982 invalid=0 station_ok=no
[INFO] [1787245038.514559116] [a3_receive_input_gateway]: gateway calibrated=yes frame_age=2.2ms frames=15301 ball=9618 base_poses=15282 invalid=0 station_ok=no
[INFO] [1787245039.514603488] [a3_receive_input_gateway]: gateway calibrated=yes frame_age=2.2ms frames=15601 ball=9618 base_poses=15582 invalid=0 station_ok=no
[INFO] [1787245040.514801543] [a3_receive_input_gateway]: gateway calibrated=yes frame_age=2.1ms frames=15901 ball=9618 base_poses=15882 invalid=0 station_ok=no
[INFO] [1787245041.514547934] [a3_receive_input_gateway]: gateway calibrated=yes frame_age=2.6ms frames=16201 ball=9618 base_poses=16182 invalid=0 station_ok=no
[INFO] [1787245042.514526434] [a3_receive_input_gateway]: gateway calibrated=yes frame_age=2.7ms frames=16501 ball=9618 base_poses=16482 invalid=0 station_ok=no
[INFO] [1787245043.514555581] [a3_receive_input_gateway]: gateway calibrated=yes frame_age=2.9ms frames=16801 ball=9618 base_poses=16782 invalid=0 station_ok=no
[INFO] [1787245044.514512824] [a3_receive_input_gateway]: gateway calibrated=yes frame_age=2.8ms frames=17101 ball=9618 base_poses=17082 invalid=0 station_ok=no
[INFO] [1787245045.514811632] [a3_receive_input_gateway]: gateway calibrated=yes frame_age=3.1ms frames=17401 ball=9618 base_poses=17382 invalid=0 station_ok=no
[INFO] [1787245046.514680612] [a3_receive_input_gateway]: gateway calibrated=yes frame_age=3.3ms frames=17701 ball=9618 base_poses=17682 invalid=0 station_ok=no
[INFO] [1787245047.514482297] [a3_receive_input_gateway]: gateway calibrated=yes frame_age=3.3ms frames=18001 ball=9618 base_poses=17982 invalid=0 station_ok=no
[INFO] [1787245048.514545244] [a3_receive_input_gateway]: gateway calibrated=yes frame_age=3.6ms frames=18301 ball=9618 base_poses=18282 invalid=0 station_ok=no
[INFO] [1787245049.514515970] [a3_receive_input_gateway]: gateway calibrated=yes frame_age=3.5ms frames=18601 ball=9618 base_poses=18582 invalid=0 station_ok=no
[INFO] [1787245050.514480594] [a3_receive_input_gateway]: gateway calibrated=yes frame_age=3.8ms frames=18901 ball=9618 base_poses=18882 invalid=0 station_ok=no
[INFO] [1787245051.514766487] [a3_receive_input_gateway]: gateway calibrated=yes frame_age=0.1ms frames=19202 ball=9618 base_poses=19183 invalid=0 station_ok=no
[INFO] [1787245052.514582472] [a3_receive_input_gateway]: gateway calibrated=yes frame_age=0.1ms frames=19502 ball=9618 base_poses=19483 invalid=0 station_ok=no
[INFO] [1787245053.514561255] [a3_receive_input_gateway]: gateway calibrated=yes frame_age=0.2ms frames=19802 ball=9618 base_poses=19783 invalid=0 station_ok=no
[INFO] [1787245054.514512794] [a3_receive_input_gateway]: gateway calibrated=yes frame_age=0.3ms frames=20102 ball=9618 base_poses=20083 invalid=0 station_ok=no
[INFO] [1787245055.514486450] [a3_receive_input_gateway]: gateway calibrated=yes frame_age=0.5ms frames=20402 ball=9618 base_poses=20383 invalid=0 station_ok=no
[INFO] [1787245056.514504873] [a3_receive_input_gateway]: gateway calibrated=yes frame_age=0.6ms frames=20702 ball=9618 base_poses=20683 invalid=0 station_ok=no
[INFO] [1787245057.514475604] [a3_receive_input_gateway]: gateway calibrated=yes frame_age=0.6ms frames=21002 ball=9618 base_poses=20983 invalid=0 station_ok=no
[INFO] [1787245058.514594990] [a3_receive_input_gateway]: gateway calibrated=yes frame_age=0.9ms frames=21302 ball=9618 base_poses=21283 invalid=0 station_ok=no
[INFO] [1787245059.514493465] [a3_receive_input_gateway]: gateway calibrated=yes frame_age=0.9ms frames=21602 ball=9618 base_poses=21583 invalid=0 station_ok=no
[INFO] [1787245060.514462277] [a3_receive_input_gateway]: gateway calibrated=yes frame_age=0.9ms frames=21902 ball=9618 base_poses=21883 invalid=0 station_ok=no
[INFO] [1787245061.514568989] [a3_receive_input_gateway]: gateway calibrated=yes frame_age=1.1ms frames=22202 ball=9618 base_poses=22183 invalid=0 station_ok=no
[INFO] [1787245062.514465525] [a3_receive_input_gateway]: gateway calibrated=yes frame_age=1.3ms frames=22502 ball=9618 base_poses=22483 invalid=0 station_ok=no
[INFO] [1787245063.514468927] [a3_receive_input_gateway]: gateway calibrated=yes frame_age=1.5ms frames=22802 ball=9618 base_poses=22783 invalid=0 station_ok=no
[INFO] [1787245064.514474083] [a3_receive_input_gateway]: gateway calibrated=yes frame_age=1.6ms frames=23102 ball=9618 base_poses=23083 invalid=0 station_ok=no
[INFO] [1787245065.514546600] [a3_receive_input_gateway]: gateway calibrated=yes frame_age=1.8ms frames=23402 ball=9618 base_poses=23383 invalid=0 station_ok=no
[INFO] [1787245066.514514500] [a3_receive_input_gateway]: gateway calibrated=yes frame_age=1.9ms frames=23702 ball=9618 base_poses=23683 invalid=0 station_ok=no
[INFO] [1787245067.514542920] [a3_receive_input_gateway]: gateway calibrated=yes frame_age=1.8ms frames=24002 ball=9618 base_poses=23983 invalid=0 station_ok=no
[INFO] [1787245068.514478251] [a3_receive_input_gateway]: gateway calibrated=yes frame_age=2.0ms frames=24302 ball=9618 base_poses=24283 invalid=0 station_ok=no
[INFO] [1787245069.514557831] [a3_receive_input_gateway]: gateway calibrated=yes frame_age=2.1ms frames=24602 ball=9618 base_poses=24583 invalid=0 station_ok=no
[INFO] [1787245070.514524346] [a3_receive_input_gateway]: gateway calibrated=yes frame_age=2.4ms frames=24902 ball=9618 base_poses=24883 invalid=0 station_ok=no
[INFO] [1787245071.514530049] [a3_receive_input_gateway]: gateway calibrated=yes frame_age=2.6ms frames=25202 ball=9618 base_poses=25183 invalid=0 station_ok=no
[INFO] [1787245072.514519299] [a3_receive_input_gateway]: gateway calibrated=yes frame_age=2.6ms frames=25502 ball=9618 base_poses=25483 invalid=0 station_ok=no
[INFO] [1787245073.514500261] [a3_receive_input_gateway]: gateway calibrated=yes frame_age=2.8ms frames=25802 ball=9618 base_poses=25783 invalid=0 station_ok=no
[INFO] [1787245074.514648468] [a3_receive_input_gateway]: gateway calibrated=yes frame_age=3.1ms frames=26102 ball=9618 base_poses=26083 invalid=0 station_ok=no
[INFO] [1787245075.514826608] [a3_receive_input_gateway]: gateway calibrated=yes frame_age=3.2ms frames=26402 ball=9618 base_poses=26383 invalid=0 station_ok=no
[INFO] [1787245076.514515876] [a3_receive_input_gateway]: gateway calibrated=yes frame_age=3.1ms frames=26702 ball=9618 base_poses=26683 invalid=0 station_ok=no
[INFO] [1787245076.895434168] [a3_receive_input_gateway]: ball tracking: visible
[INFO] [1787245077.514529072] [a3_receive_input_gateway]: gateway calibrated=yes frame_age=3.2ms frames=27002 ball=9804 base_poses=26983 invalid=0 station_ok=no
[INFO] [1787245077.735319032] [a3_receive_input_gateway]: ball tracking: lost
[INFO] [1787245077.749428723] [a3_receive_input_gateway]: ball tracking: visible
[INFO] [1787245078.514538965] [a3_receive_input_gateway]: gateway calibrated=yes frame_age=3.4ms frames=27302 ball=10100 base_poses=27283 invalid=0 station_ok=no
[INFO] [1787245078.611315593] [a3_receive_input_gateway]: ball tracking: lost
[INFO] [1787245078.753178527] [a3_receive_input_gateway]: ball tracking: visible
[INFO] [1787245079.345096420] [a3_receive_input_gateway]: ball tracking: lost
[INFO] [1787245079.385102753] [a3_receive_input_gateway]: ball tracking: visible
[INFO] [1787245079.514506218] [a3_receive_input_gateway]: gateway calibrated=yes frame_age=3.2ms frames=27602 ball=10346 base_poses=27583 invalid=0 station_ok=no
[INFO] [1787245080.514529733] [a3_receive_input_gateway]: gateway calibrated=yes frame_age=3.4ms frames=27902 ball=10646 base_poses=27883 invalid=0 station_ok=no
[INFO] [1787245080.539063320] [a3_receive_input_gateway]: ball tracking: lost
[INFO] [1787245080.938792236] [a3_receive_input_gateway]: ball tracking: visible
[INFO] [1787245081.440725653] [a3_receive_input_gateway]: ball tracking: lost
[INFO] [1787245081.514498620] [a3_receive_input_gateway]: gateway calibrated=yes frame_age=3.8ms frames=28202 ball=10804 base_poses=28183 invalid=0 station_ok=no
[INFO] [1787245082.514473765] [a3_receive_input_gateway]: gateway calibrated=yes frame_age=3.8ms frames=28502 ball=10804 base_poses=28483 invalid=0 station_ok=no
[INFO] [1787245083.514638283] [a3_receive_input_gateway]: gateway calibrated=yes frame_age=0.1ms frames=28803 ball=10804 base_poses=28784 invalid=0 station_ok=no
[INFO] [1787245084.514535047] [a3_receive_input_gateway]: gateway calibrated=yes frame_age=4.1ms frames=29102 ball=10804 base_poses=29083 invalid=0 station_ok=no
[INFO] [1787245085.514564252] [a3_receive_input_gateway]: gateway calibrated=yes frame_age=0.2ms frames=29403 ball=10804 base_poses=29384 invalid=0 station_ok=no
[INFO] [1787245086.514543148] [a3_receive_input_gateway]: gateway calibrated=yes frame_age=4.1ms frames=29702 ball=10804 base_poses=29683 invalid=0 station_ok=no
[INFO] [1787245087.514480530] [a3_receive_input_gateway]: gateway calibrated=yes frame_age=0.3ms frames=30003 ball=10804 base_poses=29984 invalid=0 station_ok=no
[INFO] [1787245088.514487307] [a3_receive_input_gateway]: gateway calibrated=yes frame_age=0.2ms frames=30303 ball=10804 base_poses=30284 invalid=0 station_ok=no
[INFO] [1787245089.514475774] [a3_receive_input_gateway]: gateway calibrated=yes frame_age=0.6ms frames=30603 ball=10804 base_poses=30584 invalid=0 station_ok=no
[INFO] [1787245090.514539718] [a3_receive_input_gateway]: gateway calibrated=yes frame_age=0.2ms frames=30903 ball=10804 base_poses=30884 invalid=0 station_ok=no
[INFO] [1787245091.514665572] [a3_receive_input_gateway]: gateway calibrated=yes frame_age=0.8ms frames=31203 ball=10804 base_poses=31184 invalid=0 station_ok=no
[INFO] [1787245092.514479314] [a3_receive_input_gateway]: gateway calibrated=yes frame_age=0.8ms frames=31503 ball=10804 base_poses=31484 invalid=0 station_ok=no
[INFO] [1787245093.514555836] [a3_receive_input_gateway]: gateway calibrated=yes frame_age=1.1ms frames=31803 ball=10804 base_poses=31784 invalid=0 station_ok=no
[INFO] [1787245093.563481651] [a3_receive_input_gateway]: ball tracking: visible
[INFO] [1787245093.841318434] [a3_receive_input_gateway]: ball tracking: lost
[INFO] [1787245093.847427988] [a3_receive_input_gateway]: ball tracking: visible
[INFO] [1787245094.491364057] [a3_receive_input_gateway]: ball tracking: lost
[INFO] [1787245094.514443127] [a3_receive_input_gateway]: gateway calibrated=yes frame_age=1.2ms frames=32103 ball=11080 base_poses=32084 invalid=0 station_ok=no
[INFO] [1787245094.527115639] [a3_receive_input_gateway]: ball tracking: visible
[INFO] [1787245095.257406952] [a3_receive_input_gateway]: ball tracking: lost
[INFO] [1787245095.515213459] [a3_receive_input_gateway]: gateway calibrated=yes frame_age=1.8ms frames=32403 ball=11299 base_poses=32384 invalid=0 station_ok=no
[INFO] [1787245095.553488958] [a3_receive_input_gateway]: ball tracking: visible
[INFO] [1787245095.827193823] [a3_receive_input_gateway]: ball tracking: lost
[INFO] [1787245096.514576858] [a3_receive_input_gateway]: gateway calibrated=yes frame_age=1.4ms frames=32703 ball=11381 base_poses=32684 invalid=0 station_ok=no
[INFO] [1787245097.514524337] [a3_receive_input_gateway]: gateway calibrated=yes frame_age=1.7ms frames=33003 ball=11381 base_poses=32984 invalid=0 station_ok=no
[INFO] [1787245097.516834252] [a3_receive_input_gateway]: ball tracking: visible
[INFO] [1787245097.686829476] [a3_receive_input_gateway]: ball tracking: lost
[INFO] [1787245098.514536583] [a3_receive_input_gateway]: gateway calibrated=yes frame_age=1.7ms frames=33303 ball=11432 base_poses=33284 invalid=0 station_ok=no
[INFO] [1787245099.515001930] [a3_receive_input_gateway]: gateway calibrated=yes frame_age=1.8ms frames=33603 ball=11432 base_poses=33584 invalid=0 station_ok=no
[INFO] [1787245100.514723432] [a3_receive_input_gateway]: gateway calibrated=yes frame_age=2.0ms frames=33903 ball=11432 base_poses=33884 invalid=0 station_ok=no
[INFO] [1787245101.514518542] [a3_receive_input_gateway]: gateway calibrated=yes frame_age=2.0ms frames=34203 ball=11432 base_poses=34184 invalid=0 station_ok=no
[INFO] [1787245102.514509578] [a3_receive_input_gateway]: gateway calibrated=yes frame_age=2.2ms frames=34503 ball=11432 base_poses=34484 invalid=0 station_ok=no
[INFO] [1787245103.514527971] [a3_receive_input_gateway]: gateway calibrated=yes frame_age=2.2ms frames=34803 ball=11432 base_poses=34784 invalid=0 station_ok=no
[INFO] [1787245104.514439386] [a3_receive_input_gateway]: gateway calibrated=yes frame_age=0.2ms frames=35103 ball=11432 base_poses=35084 invalid=0 station_ok=no
[INFO] [1787245105.515057933] [a3_receive_input_gateway]: gateway calibrated=yes frame_age=1.0ms frames=35403 ball=11432 base_poses=35384 invalid=0 station_ok=no
[INFO] [1787245106.514473607] [a3_receive_input_gateway]: gateway calibrated=yes frame_age=0.5ms frames=35703 ball=11432 base_poses=35684 invalid=0 station_ok=no
[INFO] [1787245107.514486863] [a3_receive_input_gateway]: gateway calibrated=yes frame_age=0.7ms frames=36003 ball=11432 base_poses=35984 invalid=0 station_ok=no
[INFO] [1787245108.514699434] [a3_receive_input_gateway]: gateway calibrated=yes frame_age=0.9ms frames=36303 ball=11432 base_poses=36284 invalid=0 station_ok=no
[INFO] [1787245109.514476209] [a3_receive_input_gateway]: gateway calibrated=yes frame_age=0.7ms frames=36603 ball=11432 base_poses=36584 invalid=0 station_ok=no
[INFO] [1787245110.514492543] [a3_receive_input_gateway]: gateway calibrated=yes frame_age=1.0ms frames=36903 ball=11432 base_poses=36884 invalid=0 station_ok=no
[INFO] [1787245111.514465105] [a3_receive_input_gateway]: gateway calibrated=yes frame_age=1.0ms frames=37203 ball=11432 base_poses=37184 invalid=0 station_ok=no
[INFO] [1787245112.514811998] [a3_receive_input_gateway]: gateway calibrated=yes frame_age=0.8ms frames=37503 ball=11432 base_poses=37484 invalid=0 station_ok=no
[INFO] [1787245113.514489259] [a3_receive_input_gateway]: gateway calibrated=yes frame_age=1.1ms frames=37803 ball=11432 base_poses=37784 invalid=0 station_ok=no
[INFO] [1787245114.514491663] [a3_receive_input_gateway]: gateway calibrated=yes frame_age=1.1ms frames=38103 ball=11432 base_poses=38084 invalid=0 station_ok=no
[INFO] [1787245115.515216145] [a3_receive_input_gateway]: gateway calibrated=yes frame_age=1.8ms frames=38403 ball=11432 base_poses=38384 invalid=0 station_ok=no
[INFO] [1787245116.514520032] [a3_receive_input_gateway]: gateway calibrated=yes frame_age=1.7ms frames=38703 ball=11432 base_poses=38684 invalid=0 station_ok=no
[INFO] [1787245117.514511439] [a3_receive_input_gateway]: gateway calibrated=yes frame_age=1.7ms frames=39003 ball=11432 base_poses=38984 invalid=0 station_ok=no
[INFO] [1787245118.514818881] [a3_receive_input_gateway]: gateway calibrated=yes frame_age=0.1ms frames=39304 ball=11432 base_poses=39285 invalid=0 station_ok=no
[INFO] [1787245119.514709129] [a3_receive_input_gateway]: gateway calibrated=yes frame_age=0.2ms frames=39604 ball=11432 base_poses=39585 invalid=0 station_ok=no
[INFO] [1787245120.514557604] [a3_receive_input_gateway]: gateway calibrated=yes frame_age=0.2ms frames=39904 ball=11432 base_poses=39885 invalid=0 station_ok=no
[INFO] [1787245121.514639148] [a3_receive_input_gateway]: gateway calibrated=yes frame_age=0.2ms frames=40204 ball=11432 base_poses=40185 invalid=0 station_ok=no
[INFO] [1787245122.514510136] [a3_receive_input_gateway]: gateway calibrated=yes frame_age=2.2ms frames=40503 ball=11432 base_poses=40484 invalid=0 station_ok=no
[INFO] [1787245123.514511956] [a3_receive_input_gateway]: gateway calibrated=yes frame_age=2.0ms frames=40803 ball=11432 base_poses=40784 invalid=0 station_ok=no
[INFO] [1787245124.514511144] [a3_receive_input_gateway]: gateway calibrated=yes frame_age=2.3ms frames=41103 ball=11432 base_poses=41084 invalid=0 station_ok=no
[INFO] [1787245125.514630684] [a3_receive_input_gateway]: gateway calibrated=yes frame_age=0.2ms frames=41404 ball=11432 base_poses=41385 invalid=0 station_ok=no
[INFO] [1787245126.514536772] [a3_receive_input_gateway]: gateway calibrated=yes frame_age=2.5ms frames=41703 ball=11432 base_poses=41684 invalid=0 station_ok=no
[INFO] [1787245127.514506603] [a3_receive_input_gateway]: gateway calibrated=yes frame_age=2.9ms frames=42003 ball=11432 base_poses=41984 invalid=0 station_ok=no
[INFO] [1787245128.514615614] [a3_receive_input_gateway]: gateway calibrated=yes frame_age=3.1ms frames=42303 ball=11432 base_poses=42284 invalid=0 station_ok=no
[INFO] [1787245129.514465303] [a3_receive_input_gateway]: gateway calibrated=yes frame_age=3.1ms frames=42603 ball=11432 base_poses=42584 invalid=0 station_ok=no
[INFO] [1787245130.514527929] [a3_receive_input_gateway]: gateway calibrated=yes frame_age=3.1ms frames=42903 ball=11432 base_poses=42884 invalid=0 station_ok=no
[INFO] [1787245131.514673359] [a3_receive_input_gateway]: gateway calibrated=yes frame_age=3.0ms frames=43203 ball=11432 base_poses=43184 invalid=0 station_ok=yes
[INFO] [1787245132.019321704] [a3_receive_input_gateway]: ball tracking: visible
[INFO] [1787245132.031329965] [a3_receive_input_gateway]: ball tracking: lost
[INFO] [1787245132.181427258] [a3_receive_input_gateway]: ball tracking: visible
[INFO] [1787245132.297558074] [a3_receive_input_gateway]: ball tracking: lost
[INFO] [1787245132.331309721] [a3_receive_input_gateway]: ball tracking: visible
[INFO] [1787245132.347178362] [a3_receive_input_gateway]: ball tracking: lost
[INFO] [1787245132.514683653] [a3_receive_input_gateway]: gateway calibrated=yes frame_age=3.0ms frames=43503 ball=11476 base_poses=43484 invalid=0 station_ok=yes
[INFO] [1787245132.591543258] [a3_receive_input_gateway]: ball tracking: visible
[INFO] [1787245132.765278032] [a3_receive_input_gateway]: ball tracking: lost
[INFO] [1787245133.241334032] [a3_receive_input_gateway]: ball tracking: visible
[INFO] [1787245133.297319091] [a3_receive_input_gateway]: ball tracking: lost
[INFO] [1787245133.514531709] [a3_receive_input_gateway]: gateway calibrated=yes frame_age=3.5ms frames=43803 ball=11545 base_poses=43784 invalid=0 station_ok=yes
[INFO] [1787245134.514622366] [a3_receive_input_gateway]: gateway calibrated=yes frame_age=3.5ms frames=44103 ball=11545 base_poses=44084 invalid=0 station_ok=yes
[INFO] [1787245135.514681170] [a3_receive_input_gateway]: gateway calibrated=yes frame_age=3.4ms frames=44403 ball=11545 base_poses=44384 invalid=0 station_ok=yes
[INFO] [1787245136.514546090] [a3_receive_input_gateway]: gateway calibrated=yes frame_age=3.6ms frames=44703 ball=11545 base_poses=44684 invalid=0 station_ok=yes
[INFO] [1787245137.514446540] [a3_receive_input_gateway]: gateway calibrated=yes frame_age=3.6ms frames=45003 ball=11545 base_poses=44984 invalid=0 station_ok=yes
[INFO] [1787245138.514698559] [a3_receive_input_gateway]: gateway calibrated=yes frame_age=0.1ms frames=45304 ball=11545 base_poses=45285 invalid=0 station_ok=yes
[INFO] [1787245139.514565976] [a3_receive_input_gateway]: gateway calibrated=yes frame_age=0.2ms frames=45604 ball=11545 base_poses=45585 invalid=0 station_ok=yes
[INFO] [1787245140.514517346] [a3_receive_input_gateway]: gateway calibrated=yes frame_age=0.2ms frames=45904 ball=11545 base_poses=45885 invalid=0 station_ok=yes
[INFO] [1787245141.514451692] [a3_receive_input_gateway]: gateway calibrated=yes frame_age=0.1ms frames=46204 ball=11545 base_poses=46185 invalid=0 station_ok=yes
[INFO] [1787245142.514480341] [a3_receive_input_gateway]: gateway calibrated=yes frame_age=0.3ms frames=46504 ball=11545 base_poses=46485 invalid=0 station_ok=yes
[INFO] [1787245143.514464828] [a3_receive_input_gateway]: gateway calibrated=yes frame_age=0.3ms frames=46804 ball=11545 base_poses=46785 invalid=0 station_ok=yes
[INFO] [1787245144.514491693] [a3_receive_input_gateway]: gateway calibrated=yes frame_age=0.5ms frames=47104 ball=11545 base_poses=47085 invalid=0 station_ok=yes
[INFO] [1787245145.514476554] [a3_receive_input_gateway]: gateway calibrated=yes frame_age=0.7ms frames=47404 ball=11545 base_poses=47385 invalid=0 station_ok=yes
[INFO] [1787245146.514484875] [a3_receive_input_gateway]: gateway calibrated=yes frame_age=0.7ms frames=47704 ball=11545 base_poses=47685 invalid=0 station_ok=yes
[INFO] [1787245147.514473851] [a3_receive_input_gateway]: gateway calibrated=yes frame_age=0.7ms frames=48004 ball=11545 base_poses=47985 invalid=0 station_ok=yes
[INFO] [1787245148.514435829] [a3_receive_input_gateway]: gateway calibrated=yes frame_age=0.9ms frames=48304 ball=11545 base_poses=48285 invalid=0 station_ok=yes
[INFO] [1787245149.514494064] [a3_receive_input_gateway]: gateway calibrated=yes frame_age=1.0ms frames=48604 ball=11545 base_poses=48585 invalid=0 station_ok=yes
[INFO] [1787245150.514746695] [a3_receive_input_gateway]: gateway calibrated=yes frame_age=0.9ms frames=48904 ball=11545 base_poses=48885 invalid=0 station_ok=yes
[INFO] [1787245151.514490197] [a3_receive_input_gateway]: gateway calibrated=yes frame_age=1.1ms frames=49204 ball=11545 base_poses=49185 invalid=0 station_ok=yes
[INFO] [1787245152.514476252] [a3_receive_input_gateway]: gateway calibrated=yes frame_age=1.2ms frames=49504 ball=11545 base_poses=49485 invalid=0 station_ok=yes
[INFO] [1787245153.514534816] [a3_receive_input_gateway]: gateway calibrated=yes frame_age=1.4ms frames=49804 ball=11545 base_poses=49785 invalid=0 station_ok=yes
[INFO] [1787245154.514489697] [a3_receive_input_gateway]: gateway calibrated=yes frame_age=1.5ms frames=50104 ball=11545 base_poses=50085 invalid=0 station_ok=yes
[INFO] [1787245155.514505940] [a3_receive_input_gateway]: gateway calibrated=yes frame_age=1.5ms frames=50404 ball=11545 base_poses=50385 invalid=0 station_ok=yes
[INFO] [1787245156.514543359] [a3_receive_input_gateway]: gateway calibrated=yes frame_age=1.7ms frames=50704 ball=11545 base_poses=50685 invalid=0 station_ok=yes
[INFO] [1787245157.514831394] [a3_receive_input_gateway]: gateway calibrated=yes frame_age=1.7ms frames=51004 ball=11545 base_poses=50985 invalid=0 station_ok=yes
[INFO] [1787245158.514534398] [a3_receive_input_gateway]: gateway calibrated=yes frame_age=3.8ms frames=51303 ball=11545 base_poses=51284 invalid=0 station_ok=yes
[INFO] [1787245159.514494827] [a3_receive_input_gateway]: gateway calibrated=yes frame_age=1.9ms frames=51604 ball=11545 base_poses=51585 invalid=0 station_ok=yes
[INFO] [1787245160.514494569] [a3_receive_input_gateway]: gateway calibrated=yes frame_age=2.1ms frames=51904 ball=11545 base_poses=51885 invalid=0 station_ok=yes
[INFO] [1787245161.514528891] [a3_receive_input_gateway]: gateway calibrated=yes frame_age=2.2ms frames=52204 ball=11545 base_poses=52185 invalid=0 station_ok=yes
[INFO] [1787245162.514462877] [a3_receive_input_gateway]: gateway calibrated=yes frame_age=2.2ms frames=52504 ball=11545 base_poses=52485 invalid=0 station_ok=yes
[INFO] [1787245163.514545363] [a3_receive_input_gateway]: gateway calibrated=yes frame_age=2.3ms frames=52804 ball=11545 base_poses=52785 invalid=0 station_ok=yes
[INFO] [1787245164.514515107] [a3_receive_input_gateway]: gateway calibrated=yes frame_age=2.3ms frames=53104 ball=11545 base_poses=53085 invalid=0 station_ok=yes
[INFO] [1787245165.183974864] [a3_receive_input_gateway]: ball tracking: visible
[INFO] [1787245165.514482728] [a3_receive_input_gateway]: gateway calibrated=yes frame_age=0.5ms frames=53404 ball=11645 base_poses=53385 invalid=0 station_ok=yes
[INFO] [1787245166.514527448] [a3_receive_input_gateway]: gateway calibrated=yes frame_age=0.4ms frames=53704 ball=11945 base_poses=53685 invalid=0 station_ok=yes
[INFO] [1787245167.514478691] [a3_receive_input_gateway]: gateway calibrated=yes frame_age=0.7ms frames=54004 ball=12245 base_poses=53985 invalid=0 station_ok=yes
[INFO] [1787245168.514522589] [a3_receive_input_gateway]: gateway calibrated=yes frame_age=0.5ms frames=54304 ball=12545 base_poses=54285 invalid=0 station_ok=yes
[INFO] [1787245169.499662849] [a3_receive_input_gateway]: ball tracking: lost
[INFO] [1787245169.514441252] [a3_receive_input_gateway]: gateway calibrated=yes frame_age=0.8ms frames=54604 ball=12840 base_poses=54585 invalid=0 station_ok=yes
[INFO] [1787245170.138028633] [a3_receive_input_gateway]: ball tracking: visible
[INFO] [1787245170.514497557] [a3_receive_input_gateway]: gateway calibrated=yes frame_age=1.0ms frames=54904 ball=12954 base_poses=54885 invalid=0 station_ok=yes
[INFO] [1787245171.514468320] [a3_receive_input_gateway]: gateway calibrated=yes frame_age=1.0ms frames=55204 ball=13254 base_poses=55185 invalid=0 station_ok=yes
[INFO] [1787245172.245319322] [a3_receive_input_gateway]: ball tracking: lost
[INFO] [1787245172.514473935] [a3_receive_input_gateway]: gateway calibrated=yes frame_age=1.1ms frames=55504 ball=13473 base_poses=55485 invalid=0 station_ok=yes
[INFO] [1787245172.515166687] [a3_receive_input_gateway]: ball tracking: visible
[INFO] [1787245172.543725499] [a3_receive_input_gateway]: ball tracking: lost
[INFO] [1787245172.593321704] [a3_receive_input_gateway]: ball tracking: visible
[INFO] [1787245172.665209784] [a3_receive_input_gateway]: ball tracking: lost
[INFO] [1787245172.893339249] [a3_receive_input_gateway]: ball tracking: visible
[INFO] [1787245172.903228794] [a3_receive_input_gateway]: ball tracking: lost
[INFO] [1787245172.977385122] [a3_receive_input_gateway]: ball tracking: visible
[INFO] [1787245173.179935287] [a3_receive_input_gateway]: ball tracking: lost
[INFO] [1787245173.189339720] [a3_receive_input_gateway]: ball tracking: visible
[INFO] [1787245173.293302296] [a3_receive_input_gateway]: ball tracking: lost
[INFO] [1787245173.295343993] [a3_receive_input_gateway]: ball tracking: visible
[INFO] [1787245173.303136379] [a3_receive_input_gateway]: ball tracking: lost
[INFO] [1787245173.307241151] [a3_receive_input_gateway]: ball tracking: visible
[INFO] [1787245173.359154775] [a3_receive_input_gateway]: ball tracking: lost
[INFO] [1787245173.423377167] [a3_receive_input_gateway]: ball tracking: visible
[INFO] [1787245173.459325272] [a3_receive_input_gateway]: ball tracking: lost
[INFO] [1787245173.509325545] [a3_receive_input_gateway]: ball tracking: visible
[INFO] [1787245173.514459310] [a3_receive_input_gateway]: gateway calibrated=yes frame_age=3.0ms frames=55804 ball=13629 base_poses=55785 invalid=0 station_ok=yes
[INFO] [1787245173.515397549] [a3_receive_input_gateway]: ball tracking: lost
[INFO] [1787245173.523400049] [a3_receive_input_gateway]: ball tracking: visible
[INFO] [1787245173.577201860] [a3_receive_input_gateway]: ball tracking: lost
[INFO] [1787245173.985323713] [a3_receive_input_gateway]: ball tracking: visible
[INFO] [1787245174.123316906] [a3_receive_input_gateway]: ball tracking: lost
[INFO] [1787245174.315234491] [a3_receive_input_gateway]: ball tracking: visible
[INFO] [1787245174.449250071] [a3_receive_input_gateway]: ball tracking: lost
[INFO] [1787245174.514590302] [a3_receive_input_gateway]: gateway calibrated=yes frame_age=1.3ms frames=56104 ball=13726 base_poses=56085 invalid=0 station_ok=yes
[INFO] [1787245175.514582768] [a3_receive_input_gateway]: gateway calibrated=yes frame_age=1.2ms frames=56404 ball=13726 base_poses=56385 invalid=0 station_ok=yes
[INFO] [1787245176.514511278] [a3_receive_input_gateway]: gateway calibrated=yes frame_age=1.3ms frames=56704 ball=13726 base_poses=56685 invalid=0 station_ok=yes
[INFO] [1787245177.514508267] [a3_receive_input_gateway]: gateway calibrated=yes frame_age=1.4ms frames=57004 ball=13726 base_poses=56985 invalid=0 station_ok=yes
[INFO] [1787245178.514597593] [a3_receive_input_gateway]: gateway calibrated=yes frame_age=1.8ms frames=57304 ball=13726 base_poses=57285 invalid=0 station_ok=yes
[INFO] [1787245179.514607815] [a3_receive_input_gateway]: gateway calibrated=yes frame_age=1.5ms frames=57604 ball=13726 base_poses=57585 invalid=0 station_ok=yes
[INFO] [1787245180.514798469] [a3_receive_input_gateway]: gateway calibrated=yes frame_age=0.1ms frames=57905 ball=13726 base_poses=57886 invalid=0 station_ok=yes
[INFO] [1787245181.514608810] [a3_receive_input_gateway]: gateway calibrated=yes frame_age=0.1ms frames=58205 ball=13726 base_poses=58186 invalid=0 station_ok=yes
[INFO] [1787245182.514586887] [a3_receive_input_gateway]: gateway calibrated=yes frame_age=0.2ms frames=58505 ball=13726 base_poses=58486 invalid=0 station_ok=yes
[INFO] [1787245183.514585761] [a3_receive_input_gateway]: gateway calibrated=yes frame_age=0.2ms frames=58805 ball=13726 base_poses=58786 invalid=0 station_ok=yes
[INFO] [1787245184.514538066] [a3_receive_input_gateway]: gateway calibrated=yes frame_age=0.3ms frames=59105 ball=13726 base_poses=59086 invalid=0 station_ok=yes
[INFO] [1787245185.514536544] [a3_receive_input_gateway]: gateway calibrated=yes frame_age=0.2ms frames=59405 ball=13726 base_poses=59386 invalid=0 station_ok=yes
[INFO] [1787245186.514648307] [a3_receive_input_gateway]: gateway calibrated=yes frame_age=0.4ms frames=59705 ball=13726 base_poses=59686 invalid=0 station_ok=yes
[INFO] [1787245187.514475329] [a3_receive_input_gateway]: gateway calibrated=yes frame_age=0.5ms frames=60005 ball=13726 base_poses=59986 invalid=0 station_ok=yes
[INFO] [1787245188.514485201] [a3_receive_input_gateway]: gateway calibrated=yes frame_age=0.7ms frames=60305 ball=13726 base_poses=60286 invalid=0 station_ok=yes
[INFO] [1787245189.514543164] [a3_receive_input_gateway]: gateway calibrated=yes frame_age=2.6ms frames=60604 ball=13726 base_poses=60585 invalid=0 station_ok=yes
[INFO] [1787245190.514511214] [a3_receive_input_gateway]: gateway calibrated=yes frame_age=2.7ms frames=60904 ball=13726 base_poses=60885 invalid=0 station_ok=yes
[INFO] [1787245191.514479684] [a3_receive_input_gateway]: gateway calibrated=yes frame_age=2.7ms frames=61204 ball=13726 base_poses=61185 invalid=0 station_ok=yes
[INFO] [1787245192.514559644] [a3_receive_input_gateway]: gateway calibrated=yes frame_age=3.0ms frames=61504 ball=13726 base_poses=61485 invalid=0 station_ok=yes
[INFO] [1787245193.514544605] [a3_receive_input_gateway]: gateway calibrated=yes frame_age=3.1ms frames=61804 ball=13726 base_poses=61785 invalid=0 station_ok=yes
[INFO] [1787245194.514576187] [a3_receive_input_gateway]: gateway calibrated=yes frame_age=3.2ms frames=62104 ball=13726 base_poses=62085 invalid=0 station_ok=yes
[INFO] [1787245195.514544196] [a3_receive_input_gateway]: gateway calibrated=yes frame_age=3.3ms frames=62404 ball=13726 base_poses=62385 invalid=0 station_ok=yes
[INFO] [1787245196.514522150] [a3_receive_input_gateway]: gateway calibrated=yes frame_age=3.0ms frames=62704 ball=13726 base_poses=62685 invalid=0 station_ok=yes
[INFO] [1787245197.514517541] [a3_receive_input_gateway]: gateway calibrated=yes frame_age=3.2ms frames=63004 ball=13726 base_poses=62985 invalid=0 station_ok=yes
[INFO] [1787245198.514686111] [a3_receive_input_gateway]: gateway calibrated=yes frame_age=3.3ms frames=63304 ball=13726 base_poses=63285 invalid=0 station_ok=yes
[INFO] [1787245199.514577373] [a3_receive_input_gateway]: gateway calibrated=yes frame_age=3.6ms frames=63604 ball=13726 base_poses=63585 invalid=0 station_ok=yes
[INFO] [1787245200.514524571] [a3_receive_input_gateway]: gateway calibrated=yes frame_age=3.4ms frames=63904 ball=13726 base_poses=63885 invalid=0 station_ok=yes
[INFO] [1787245201.514636603] [a3_receive_input_gateway]: gateway calibrated=yes frame_age=3.9ms frames=64204 ball=13726 base_poses=64185 invalid=0 station_ok=yes
[INFO] [1787245202.514474537] [a3_receive_input_gateway]: gateway calibrated=yes frame_age=3.8ms frames=64504 ball=13726 base_poses=64485 invalid=0 station_ok=yes
[INFO] [1787245203.514575473] [a3_receive_input_gateway]: gateway calibrated=yes frame_age=4.0ms frames=64804 ball=13726 base_poses=64785 invalid=0 station_ok=yes
[INFO] [1787245204.514660742] [a3_receive_input_gateway]: gateway calibrated=yes frame_age=0.1ms frames=65105 ball=13726 base_poses=65086 invalid=0 station_ok=yes
[INFO] [1787245205.514666105] [a3_receive_input_gateway]: gateway calibrated=yes frame_age=0.2ms frames=65405 ball=13726 base_poses=65386 invalid=0 station_ok=yes
[INFO] [1787245206.514871555] [a3_receive_input_gateway]: gateway calibrated=yes frame_age=0.5ms frames=65705 ball=13726 base_poses=65686 invalid=0 station_ok=yes
[INFO] [1787245207.514511606] [a3_receive_input_gateway]: gateway calibrated=yes frame_age=0.2ms frames=66005 ball=13726 base_poses=65986 invalid=0 station_ok=yes
[INFO] [1787245208.514507298] [a3_receive_input_gateway]: gateway calibrated=yes frame_age=0.2ms frames=66305 ball=13726 base_poses=66286 invalid=0 station_ok=yes
[INFO] [1787245209.514555901] [a3_receive_input_gateway]: gateway calibrated=yes frame_age=0.3ms frames=66605 ball=13726 base_poses=66586 invalid=0 station_ok=yes
[INFO] [1787245210.514467347] [a3_receive_input_gateway]: gateway calibrated=yes frame_age=0.3ms frames=66905 ball=13726 base_poses=66886 invalid=0 station_ok=yes
[INFO] [1787245211.515058868] [a3_receive_input_gateway]: gateway calibrated=yes frame_age=1.0ms frames=67205 ball=13726 base_poses=67186 invalid=0 station_ok=yes
[INFO] [1787245212.514479829] [a3_receive_input_gateway]: gateway calibrated=yes frame_age=0.6ms frames=67505 ball=13726 base_poses=67486 invalid=0 station_ok=yes
[INFO] [1787245213.514612829] [a3_receive_input_gateway]: gateway calibrated=yes frame_age=0.7ms frames=67805 ball=13726 base_poses=67786 invalid=0 station_ok=yes
[INFO] [1787245214.514764591] [a3_receive_input_gateway]: gateway calibrated=yes frame_age=0.9ms frames=68105 ball=13726 base_poses=68086 invalid=0 station_ok=yes
[INFO] [1787245215.514481997] [a3_receive_input_gateway]: gateway calibrated=yes frame_age=0.8ms frames=68405 ball=13726 base_poses=68386 invalid=0 station_ok=yes
[INFO] [1787245216.514550434] [a3_receive_input_gateway]: gateway calibrated=yes frame_age=0.9ms frames=68705 ball=13726 base_poses=68686 invalid=0 station_ok=yes
[INFO] [1787245217.514480750] [a3_receive_input_gateway]: gateway calibrated=yes frame_age=1.1ms frames=69005 ball=13726 base_poses=68986 invalid=0 station_ok=yes
[INFO] [1787245218.514687533] [a3_receive_input_gateway]: gateway calibrated=yes frame_age=1.0ms frames=69305 ball=13726 base_poses=69286 invalid=0 station_ok=yes
[INFO] [1787245219.514482771] [a3_receive_input_gateway]: gateway calibrated=yes frame_age=1.2ms frames=69605 ball=13726 base_poses=69586 invalid=0 station_ok=yes
[INFO] [1787245220.514530576] [a3_receive_input_gateway]: gateway calibrated=yes frame_age=1.3ms frames=69905 ball=13726 base_poses=69886 invalid=0 station_ok=yes
[INFO] [1787245221.514509620] [a3_receive_input_gateway]: gateway calibrated=yes frame_age=1.3ms frames=70205 ball=13726 base_poses=70186 invalid=0 station_ok=yes
[INFO] [1787245222.514969149] [a3_receive_input_gateway]: gateway calibrated=yes frame_age=1.6ms frames=70505 ball=13726 base_poses=70486 invalid=0 station_ok=yes
[INFO] [1787245223.514506064] [a3_receive_input_gateway]: gateway calibrated=yes frame_age=1.4ms frames=70805 ball=13726 base_poses=70786 invalid=0 station_ok=yes
[INFO] [1787245224.514521203] [a3_receive_input_gateway]: gateway calibrated=yes frame_age=1.6ms frames=71105 ball=13726 base_poses=71086 invalid=0 station_ok=yes
[INFO] [1787245225.514488782] [a3_receive_input_gateway]: gateway calibrated=yes frame_age=1.7ms frames=71405 ball=13726 base_poses=71386 invalid=0 station_ok=yes
[INFO] [1787245226.514518023] [a3_receive_input_gateway]: gateway calibrated=yes frame_age=1.9ms frames=71705 ball=13726 base_poses=71686 invalid=0 station_ok=yes
[INFO] [1787245227.514488776] [a3_receive_input_gateway]: gateway calibrated=yes frame_age=1.9ms frames=72005 ball=13726 base_poses=71986 invalid=0 station_ok=yes
[INFO] [1787245228.514499397] [a3_receive_input_gateway]: gateway calibrated=yes frame_age=1.9ms frames=72305 ball=13726 base_poses=72286 invalid=0 station_ok=yes
[INFO] [1787245229.514767381] [a3_receive_input_gateway]: gateway calibrated=yes frame_age=2.0ms frames=72605 ball=13726 base_poses=72586 invalid=0 station_ok=yes
[INFO] [1787245230.514620635] [a3_receive_input_gateway]: gateway calibrated=yes frame_age=0.2ms frames=72905 ball=13726 base_poses=72886 invalid=0 station_ok=yes
[INFO] [1787245231.515307809] [a3_receive_input_gateway]: gateway calibrated=yes frame_age=3.0ms frames=73205 ball=13726 base_poses=73186 invalid=0 station_ok=yes
[INFO] [1787245232.514496912] [a3_receive_input_gateway]: gateway calibrated=yes frame_age=2.4ms frames=73505 ball=13726 base_poses=73486 invalid=0 station_ok=yes
[INFO] [1787245233.515039927] [a3_receive_input_gateway]: gateway calibrated=yes frame_age=0.4ms frames=73805 ball=13726 base_poses=73786 invalid=0 station_ok=yes
[INFO] [1787245234.514510416] [a3_receive_input_gateway]: gateway calibrated=yes frame_age=0.3ms frames=74105 ball=13726 base_poses=74086 invalid=0 station_ok=yes
[INFO] [1787245235.514587104] [a3_receive_input_gateway]: gateway calibrated=yes frame_age=2.3ms frames=74405 ball=13726 base_poses=74386 invalid=0 station_ok=yes
[INFO] [1787245236.514567202] [a3_receive_input_gateway]: gateway calibrated=yes frame_age=2.6ms frames=74705 ball=13726 base_poses=74686 invalid=0 station_ok=yes
[INFO] [1787245237.514448652] [a3_receive_input_gateway]: gateway calibrated=yes frame_age=2.6ms frames=75005 ball=13726 base_poses=74986 invalid=0 station_ok=yes
[INFO] [1787245238.514507442] [a3_receive_input_gateway]: gateway calibrated=yes frame_age=2.7ms frames=75305 ball=13726 base_poses=75286 invalid=0 station_ok=yes
[INFO] [1787245239.515241117] [a3_receive_input_gateway]: gateway calibrated=yes frame_age=2.8ms frames=75605 ball=13726 base_poses=75586 invalid=0 station_ok=yes
[INFO] [1787245240.514509036] [a3_receive_input_gateway]: gateway calibrated=yes frame_age=3.0ms frames=75905 ball=13726 base_poses=75886 invalid=0 station_ok=yes
[INFO] [1787245241.514531519] [a3_receive_input_gateway]: gateway calibrated=yes frame_age=3.1ms frames=76205 ball=13726 base_poses=76186 invalid=0 station_ok=yes
[INFO] [1787245242.514477054] [a3_receive_input_gateway]: gateway calibrated=yes frame_age=1.1ms frames=76505 ball=13726 base_poses=76486 invalid=0 station_ok=yes
[INFO] [1787245243.514530804] [a3_receive_input_gateway]: gateway calibrated=yes frame_age=1.2ms frames=76805 ball=13726 base_poses=76786 invalid=0 station_ok=yes
[INFO] [1787245244.514869701] [a3_receive_input_gateway]: gateway calibrated=yes frame_age=1.5ms frames=77105 ball=13726 base_poses=77086 invalid=0 station_ok=yes
[INFO] [1787245245.514617130] [a3_receive_input_gateway]: gateway calibrated=yes frame_age=1.5ms frames=77405 ball=13726 base_poses=77386 invalid=0 station_ok=yes
[INFO] [1787245246.514534389] [a3_receive_input_gateway]: gateway calibrated=yes frame_age=1.4ms frames=77705 ball=13726 base_poses=77686 invalid=0 station_ok=yes
[INFO] [1787245247.514546566] [a3_receive_input_gateway]: gateway calibrated=yes frame_age=1.3ms frames=78005 ball=13726 base_poses=77986 invalid=0 station_ok=yes
[INFO] [1787245248.514519990] [a3_receive_input_gateway]: gateway calibrated=yes frame_age=1.6ms frames=78305 ball=13726 base_poses=78286 invalid=0 station_ok=yes
[INFO] [1787245249.514740893] [a3_receive_input_gateway]: gateway calibrated=yes frame_age=1.8ms frames=78605 ball=13726 base_poses=78586 invalid=0 station_ok=yes
[INFO] [1787245250.514553889] [a3_receive_input_gateway]: gateway calibrated=yes frame_age=1.9ms frames=78905 ball=13726 base_poses=78886 invalid=0 station_ok=yes
[INFO] [1787245251.515078391] [a3_receive_input_gateway]: gateway calibrated=yes frame_age=0.3ms frames=79206 ball=13726 base_poses=79187 invalid=0 station_ok=yes
[INFO] [1787245252.514733934] [a3_receive_input_gateway]: gateway calibrated=yes frame_age=0.2ms frames=79506 ball=13726 base_poses=79487 invalid=0 station_ok=yes
[INFO] [1787245253.514583539] [a3_receive_input_gateway]: gateway calibrated=yes frame_age=0.1ms frames=79806 ball=13726 base_poses=79787 invalid=0 station_ok=yes
[INFO] [1787245254.514496206] [a3_receive_input_gateway]: gateway calibrated=yes frame_age=2.0ms frames=80105 ball=13726 base_poses=80086 invalid=0 station_ok=yes
[INFO] [1787245255.514472011] [a3_receive_input_gateway]: gateway calibrated=yes frame_age=2.2ms frames=80405 ball=13726 base_poses=80386 invalid=0 station_ok=yes
[INFO] [1787245256.514557110] [a3_receive_input_gateway]: gateway calibrated=yes frame_age=2.1ms frames=80705 ball=13726 base_poses=80686 invalid=0 station_ok=yes
[INFO] [1787245257.514522562] [a3_receive_input_gateway]: gateway calibrated=yes frame_age=2.2ms frames=81005 ball=13726 base_poses=80986 invalid=0 station_ok=yes
[INFO] [1787245258.514483105] [a3_receive_input_gateway]: gateway calibrated=yes frame_age=0.4ms frames=81306 ball=13726 base_poses=81287 invalid=0 station_ok=yes
[INFO] [1787245259.514500024] [a3_receive_input_gateway]: gateway calibrated=yes frame_age=2.4ms frames=81605 ball=13726 base_poses=81586 invalid=0 station_ok=yes
[INFO] [1787245260.514569956] [a3_receive_input_gateway]: gateway calibrated=yes frame_age=2.3ms frames=81905 ball=13726 base_poses=81886 invalid=0 station_ok=yes
[INFO] [1787245261.514576212] [a3_receive_input_gateway]: gateway calibrated=yes frame_age=2.6ms frames=82205 ball=13726 base_poses=82186 invalid=0 station_ok=yes
[INFO] [1787245262.514504301] [a3_receive_input_gateway]: gateway calibrated=yes frame_age=2.7ms frames=82505 ball=13726 base_poses=82486 invalid=0 station_ok=yes
[INFO] [1787245263.515015951] [a3_receive_input_gateway]: gateway calibrated=yes frame_age=2.9ms frames=82805 ball=13726 base_poses=82786 invalid=0 station_ok=yes
[INFO] [1787245264.514674373] [a3_receive_input_gateway]: gateway calibrated=yes frame_age=2.9ms frames=83105 ball=13726 base_poses=83086 invalid=0 station_ok=yes
[INFO] [1787245265.514508206] [a3_receive_input_gateway]: gateway calibrated=yes frame_age=2.9ms frames=83405 ball=13726 base_poses=83386 invalid=0 station_ok=yes
[INFO] [1787245266.514577925] [a3_receive_input_gateway]: gateway calibrated=yes frame_age=2.7ms frames=83705 ball=13726 base_poses=83686 invalid=0 station_ok=yes
[INFO] [1787245267.514547148] [a3_receive_input_gateway]: gateway calibrated=yes frame_age=3.2ms frames=84005 ball=13726 base_poses=83986 invalid=0 station_ok=yes
[INFO] [1787245268.514550390] [a3_receive_input_gateway]: gateway calibrated=yes frame_age=3.1ms frames=84305 ball=13726 base_poses=84286 invalid=0 station_ok=yes
[INFO] [1787245269.515025050] [a3_receive_input_gateway]: gateway calibrated=yes frame_age=3.7ms frames=84605 ball=13726 base_poses=84586 invalid=0 station_ok=yes
[INFO] [1787245270.514508663] [a3_receive_input_gateway]: gateway calibrated=yes frame_age=3.3ms frames=84905 ball=13726 base_poses=84886 invalid=0 station_ok=yes
[INFO] [1787245271.515010734] [a3_receive_input_gateway]: gateway calibrated=yes frame_age=3.6ms frames=85205 ball=13726 base_poses=85186 invalid=0 station_ok=yes
[INFO] [1787245272.514511608] [a3_receive_input_gateway]: gateway calibrated=yes frame_age=3.4ms frames=85505 ball=13726 base_poses=85486 invalid=0 station_ok=yes
[INFO] [1787245273.514511322] [a3_receive_input_gateway]: gateway calibrated=yes frame_age=1.4ms frames=85805 ball=13726 base_poses=85786 invalid=0 station_ok=yes
[INFO] [1787245274.514505851] [a3_receive_input_gateway]: gateway calibrated=yes frame_age=1.3ms frames=86105 ball=13726 base_poses=86086 invalid=0 station_ok=yes
[INFO] [1787245275.514657622] [a3_receive_input_gateway]: gateway calibrated=yes frame_age=3.6ms frames=86405 ball=13726 base_poses=86386 invalid=0 station_ok=yes
[INFO] [1787245276.514545085] [a3_receive_input_gateway]: gateway calibrated=yes frame_age=3.8ms frames=86705 ball=13726 base_poses=86686 invalid=0 station_ok=yes
[INFO] [1787245277.514509409] [a3_receive_input_gateway]: gateway calibrated=yes frame_age=3.9ms frames=87005 ball=13726 base_poses=86986 invalid=0 station_ok=yes
[INFO] [1787245278.514754952] [a3_receive_input_gateway]: gateway calibrated=yes frame_age=0.2ms frames=87306 ball=13726 base_poses=87287 invalid=0 station_ok=yes
[INFO] [1787245279.514571884] [a3_receive_input_gateway]: gateway calibrated=yes frame_age=0.2ms frames=87606 ball=13726 base_poses=87587 invalid=0 station_ok=yes
[INFO] [1787245280.515064763] [a3_receive_input_gateway]: gateway calibrated=yes frame_age=0.4ms frames=87906 ball=13726 base_poses=87887 invalid=0 station_ok=yes
[INFO] [1787245281.514680606] [a3_receive_input_gateway]: gateway calibrated=yes frame_age=0.1ms frames=88206 ball=13726 base_poses=88187 invalid=0 station_ok=yes
[INFO] [1787245282.514509411] [a3_receive_input_gateway]: gateway calibrated=yes frame_age=0.2ms frames=88506 ball=13726 base_poses=88487 invalid=0 station_ok=yes
[INFO] [1787245283.514423831] [a3_receive_input_gateway]: gateway calibrated=yes frame_age=0.1ms frames=88806 ball=13726 base_poses=88787 invalid=0 station_ok=yes
[INFO] [1787245284.514455870] [a3_receive_input_gateway]: gateway calibrated=yes frame_age=0.2ms frames=89106 ball=13726 base_poses=89087 invalid=0 station_ok=yes
[INFO] [1787245285.514482199] [a3_receive_input_gateway]: gateway calibrated=yes frame_age=0.5ms frames=89406 ball=13726 base_poses=89387 invalid=0 station_ok=yes
[INFO] [1787245286.514532526] [a3_receive_input_gateway]: gateway calibrated=yes frame_age=0.2ms frames=89706 ball=13726 base_poses=89687 invalid=0 station_ok=yes
[INFO] [1787245287.514465983] [a3_receive_input_gateway]: gateway calibrated=yes frame_age=0.5ms frames=90006 ball=13726 base_poses=89987 invalid=0 station_ok=yes
[INFO] [1787245288.514468155] [a3_receive_input_gateway]: gateway calibrated=yes frame_age=0.5ms frames=90306 ball=13726 base_poses=90287 invalid=0 station_ok=yes
[INFO] [1787245289.514502429] [a3_receive_input_gateway]: gateway calibrated=yes frame_age=0.8ms frames=90606 ball=13726 base_poses=90587 invalid=0 station_ok=yes
[INFO] [1787245290.514499585] [a3_receive_input_gateway]: gateway calibrated=yes frame_age=0.8ms frames=90906 ball=13726 base_poses=90887 invalid=0 station_ok=yes
[INFO] [1787245291.514482664] [a3_receive_input_gateway]: gateway calibrated=yes frame_age=0.9ms frames=91206 ball=13726 base_poses=91187 invalid=0 station_ok=yes
[INFO] [1787245292.514479023] [a3_receive_input_gateway]: gateway calibrated=yes frame_age=0.9ms frames=91506 ball=13726 base_poses=91487 invalid=0 station_ok=yes
[INFO] [1787245293.514661020] [a3_receive_input_gateway]: gateway calibrated=yes frame_age=1.1ms frames=91806 ball=13726 base_poses=91787 invalid=0 station_ok=yes
[INFO] [1787245294.514532880] [a3_receive_input_gateway]: gateway calibrated=yes frame_age=1.1ms frames=92106 ball=13726 base_poses=92087 invalid=0 station_ok=yes
[INFO] [1787245295.514508317] [a3_receive_input_gateway]: gateway calibrated=yes frame_age=1.2ms frames=92406 ball=13726 base_poses=92387 invalid=0 station_ok=yes
[INFO] [1787245296.514622297] [a3_receive_input_gateway]: gateway calibrated=yes frame_age=1.3ms frames=92706 ball=13726 base_poses=92687 invalid=0 station_ok=yes
[INFO] [1787245297.514511792] [a3_receive_input_gateway]: gateway calibrated=yes frame_age=5.1ms frames=93005 ball=13726 base_poses=92986 invalid=0 station_ok=yes
[INFO] [1787245298.514741045] [a3_receive_input_gateway]: gateway calibrated=yes frame_age=3.1ms frames=93305 ball=13726 base_poses=93286 invalid=0 station_ok=yes
[INFO] [1787245299.514527158] [a3_receive_input_gateway]: gateway calibrated=yes frame_age=1.5ms frames=93606 ball=13726 base_poses=93587 invalid=0 station_ok=yes
[INFO] [1787245300.514519267] [a3_receive_input_gateway]: gateway calibrated=yes frame_age=1.6ms frames=93906 ball=13726 base_poses=93887 invalid=0 station_ok=yes
[INFO] [1787245301.514513356] [a3_receive_input_gateway]: gateway calibrated=yes frame_age=1.3ms frames=94206 ball=13726 base_poses=94187 invalid=0 station_ok=yes
[INFO] [1787245302.514459792] [a3_receive_input_gateway]: gateway calibrated=yes frame_age=1.6ms frames=94506 ball=13726 base_poses=94487 invalid=0 station_ok=yes
[INFO] [1787245302.636779562] [a3_receive_input_gateway]: ball tracking: visible
[INFO] [1787245303.514626750] [a3_receive_input_gateway]: gateway calibrated=yes frame_age=3.9ms frames=94805 ball=13989 base_poses=94786 invalid=0 station_ok=yes
[INFO] [1787245303.714708346] [a3_receive_input_gateway]: ball tracking: lost
[INFO] [1787245303.800831466] [a3_receive_input_gateway]: ball tracking: visible
[INFO] [1787245303.837332304] [a3_receive_input_gateway]: ball tracking: lost
[INFO] [1787245304.004706736] [a3_receive_input_gateway]: ball tracking: visible
[INFO] [1787245304.057157778] [a3_receive_input_gateway]: ball tracking: lost
[INFO] [1787245304.380630225] [a3_receive_input_gateway]: ball tracking: visible
[INFO] [1787245304.440811904] [a3_receive_input_gateway]: ball tracking: lost
[INFO] [1787245304.514531583] [a3_receive_input_gateway]: gateway calibrated=yes frame_age=1.9ms frames=95106 ball=14094 base_poses=95087 invalid=0 station_ok=yes
[INFO] [1787245304.624720818] [a3_receive_input_gateway]: ball tracking: visible
[INFO] [1787245305.514538539] [a3_receive_input_gateway]: gateway calibrated=yes frame_age=2.0ms frames=95406 ball=14362 base_poses=95387 invalid=0 station_ok=yes
[INFO] [1787245306.202451858] [a3_receive_input_gateway]: ball tracking: lost
[INFO] [1787245306.266385987] [a3_receive_input_gateway]: ball tracking: visible
[INFO] [1787245306.514611052] [a3_receive_input_gateway]: gateway calibrated=yes frame_age=1.6ms frames=95706 ball=14643 base_poses=95687 invalid=0 station_ok=yes
[INFO] [1787245307.514510249] [a3_receive_input_gateway]: gateway calibrated=yes frame_age=1.9ms frames=96006 ball=14943 base_poses=95987 invalid=0 station_ok=yes
[INFO] [1787245308.514502785] [a3_receive_input_gateway]: gateway calibrated=yes frame_age=2.0ms frames=96306 ball=15243 base_poses=96287 invalid=0 station_ok=yes
[INFO] [1787245309.414162129] [a3_receive_input_gateway]: ball tracking: lost
[INFO] [1787245309.484198831] [a3_receive_input_gateway]: ball tracking: visible
[INFO] [1787245309.514509864] [a3_receive_input_gateway]: gateway calibrated=yes frame_age=0.2ms frames=96606 ball=15522 base_poses=96587 invalid=0 station_ok=yes
[INFO] [1787245310.514563508] [a3_receive_input_gateway]: gateway calibrated=yes frame_age=0.2ms frames=96906 ball=15822 base_poses=96887 invalid=0 station_ok=yes
[INFO] [1787245311.514552594] [a3_receive_input_gateway]: gateway calibrated=yes frame_age=0.3ms frames=97206 ball=16122 base_poses=97187 invalid=0 station_ok=yes
[INFO] [1787245312.514517771] [a3_receive_input_gateway]: gateway calibrated=yes frame_age=0.2ms frames=97506 ball=16422 base_poses=97487 invalid=0 station_ok=yes
[INFO] [1787245313.515355481] [a3_receive_input_gateway]: gateway calibrated=yes frame_age=1.0ms frames=97806 ball=16722 base_poses=97787 invalid=0 station_ok=yes
[INFO] [1787245314.514470876] [a3_receive_input_gateway]: gateway calibrated=yes frame_age=0.5ms frames=98106 ball=17022 base_poses=98087 invalid=0 station_ok=yes
[INFO] [1787245314.839884853] [a3_receive_input_gateway]: ball tracking: lost
[INFO] [1787245315.514469022] [a3_receive_input_gateway]: gateway calibrated=yes frame_age=0.5ms frames=98406 ball=17119 base_poses=98387 invalid=0 station_ok=yes
[INFO] [1787245316.514528036] [a3_receive_input_gateway]: gateway calibrated=yes frame_age=0.7ms frames=98706 ball=17119 base_poses=98687 invalid=0 station_ok=yes
[INFO] [1787245316.687772279] [a3_receive_input_gateway]: ball tracking: visible
[INFO] [1787245317.143711598] [a3_receive_input_gateway]: ball tracking: lost
[INFO] [1787245317.455605624] [a3_receive_input_gateway]: ball tracking: visible
[INFO] [1787245317.515160630] [a3_receive_input_gateway]: gateway calibrated=yes frame_age=0.8ms frames=99006 ball=17274 base_poses=98987 invalid=0 station_ok=yes
[INFO] [1787245318.514470010] [a3_receive_input_gateway]: gateway calibrated=yes frame_age=0.7ms frames=99306 ball=17574 base_poses=99287 invalid=0 station_ok=yes
[INFO] [1787245319.213762818] [a3_receive_input_gateway]: ball tracking: lost
[INFO] [1787245319.514911970] [a3_receive_input_gateway]: gateway calibrated=yes frame_age=1.0ms frames=99606 ball=17783 base_poses=99587 invalid=0 station_ok=yes
[INFO] [1787245320.143690006] [a3_receive_input_gateway]: ball tracking: visible
[INFO] [1787245320.514497068] [a3_receive_input_gateway]: gateway calibrated=yes frame_age=0.8ms frames=99906 ball=17895 base_poses=99887 invalid=0 station_ok=yes
[INFO] [1787245321.514513988] [a3_receive_input_gateway]: gateway calibrated=yes frame_age=1.2ms frames=100206 ball=18195 base_poses=100187 invalid=0 station_ok=yes
[INFO] [1787245322.514673204] [a3_receive_input_gateway]: gateway calibrated=yes frame_age=1.4ms frames=100506 ball=18495 base_poses=100487 invalid=0 station_ok=yes
[INFO] [1787245323.514495946] [a3_receive_input_gateway]: gateway calibrated=yes frame_age=1.2ms frames=100806 ball=18795 base_poses=100787 invalid=0 station_ok=yes
[INFO] [1787245324.514522139] [a3_receive_input_gateway]: gateway calibrated=yes frame_age=3.1ms frames=101105 ball=19094 base_poses=101086 invalid=0 station_ok=yes
[INFO] [1787245325.514554532] [a3_receive_input_gateway]: gateway calibrated=yes frame_age=1.5ms frames=101406 ball=19395 base_poses=101387 invalid=0 station_ok=yes
[INFO] [1787245326.514512874] [a3_receive_input_gateway]: gateway calibrated=yes frame_age=1.4ms frames=101706 ball=19695 base_poses=101687 invalid=0 station_ok=yes
[INFO] [1787245327.452955159] [a3_receive_input_gateway]: ball tracking: lost
[INFO] [1787245327.514648849] [a3_receive_input_gateway]: gateway calibrated=yes frame_age=1.7ms frames=102006 ball=19976 base_poses=101987 invalid=0 station_ok=yes
[INFO] [1787245327.527630811] [a3_receive_input_gateway]: ball tracking: visible
[INFO] [1787245328.514552709] [a3_receive_input_gateway]: gateway calibrated=yes frame_age=1.5ms frames=102306 ball=20273 base_poses=102287 invalid=0 station_ok=yes
[INFO] [1787245329.514516433] [a3_receive_input_gateway]: gateway calibrated=yes frame_age=1.6ms frames=102606 ball=20573 base_poses=102587 invalid=0 station_ok=yes
[INFO] [1787245330.514566010] [a3_receive_input_gateway]: gateway calibrated=yes frame_age=1.6ms frames=102906 ball=20873 base_poses=102887 invalid=0 station_ok=yes
[INFO] [1787245331.514560201] [a3_receive_input_gateway]: gateway calibrated=yes frame_age=1.9ms frames=103206 ball=21173 base_poses=103187 invalid=0 station_ok=yes
[INFO] [1787245332.514516565] [a3_receive_input_gateway]: gateway calibrated=yes frame_age=1.8ms frames=103506 ball=21473 base_poses=103487 invalid=0 station_ok=yes
[INFO] [1787245333.514543807] [a3_receive_input_gateway]: gateway calibrated=yes frame_age=2.1ms frames=103806 ball=21773 base_poses=103787 invalid=0 station_ok=yes
[INFO] [1787245333.992446391] [a3_receive_input_gateway]: ball tracking: lost
[INFO] [1787245333.996894573] [a3_receive_input_gateway]: ball tracking: visible
[INFO] [1787245334.486341048] [a3_receive_input_gateway]: ball tracking: lost
[INFO] [1787245334.490335771] [a3_receive_input_gateway]: ball tracking: visible
[INFO] [1787245334.514493952] [a3_receive_input_gateway]: gateway calibrated=yes frame_age=6.0ms frames=104105 ball=22070 base_poses=104086 invalid=0 station_ok=yes
[INFO] [1787245334.928566393] [a3_receive_input_gateway]: ball tracking: lost
[INFO] [1787245335.010379055] [a3_receive_input_gateway]: ball tracking: visible
[INFO] [1787245335.092377559] [a3_receive_input_gateway]: ball tracking: lost
[INFO] [1787245335.392462028] [a3_receive_input_gateway]: ball tracking: visible
[INFO] [1787245335.514658180] [a3_receive_input_gateway]: gateway calibrated=yes frame_age=0.3ms frames=104406 ball=22257 base_poses=104387 invalid=0 station_ok=yes
[INFO] [1787245335.733425116] [a3_receive_input_gateway]: ball tracking: lost
[INFO] [1787245335.930394672] [a3_receive_input_gateway]: ball tracking: visible
[INFO] [1787245335.992271972] [a3_receive_input_gateway]: ball tracking: lost
[INFO] [1787245336.514563438] [a3_receive_input_gateway]: gateway calibrated=yes frame_age=2.2ms frames=104706 ball=22341 base_poses=104687 invalid=0 station_ok=yes
[INFO] [1787245337.514990960] [a3_receive_input_gateway]: gateway calibrated=yes frame_age=2.7ms frames=105006 ball=22341 base_poses=104987 invalid=0 station_ok=yes
[INFO] [1787245338.514567980] [a3_receive_input_gateway]: gateway calibrated=yes frame_age=0.2ms frames=105306 ball=22341 base_poses=105287 invalid=0 station_ok=yes
[INFO] [1787245339.514511305] [a3_receive_input_gateway]: gateway calibrated=yes frame_age=2.2ms frames=105606 ball=22341 base_poses=105587 invalid=0 station_ok=yes
[INFO] [1787245340.514490097] [a3_receive_input_gateway]: gateway calibrated=yes frame_age=2.3ms frames=105906 ball=22341 base_poses=105887 invalid=0 station_ok=yes
[INFO] [1787245341.514476476] [a3_receive_input_gateway]: gateway calibrated=yes frame_age=2.4ms frames=106206 ball=22341 base_poses=106187 invalid=0 station_ok=yes
[INFO] [1787245342.514510737] [a3_receive_input_gateway]: gateway calibrated=yes frame_age=2.6ms frames=106506 ball=22341 base_poses=106487 invalid=0 station_ok=yes
[INFO] [1787245343.514530353] [a3_receive_input_gateway]: gateway calibrated=yes frame_age=2.8ms frames=106806 ball=22341 base_poses=106787 invalid=0 station_ok=yes
[INFO] [1787245344.514716615] [a3_receive_input_gateway]: gateway calibrated=yes frame_age=2.2ms frames=107106 ball=22341 base_poses=107087 invalid=0 station_ok=yes
[INFO] [1787245345.514513062] [a3_receive_input_gateway]: gateway calibrated=yes frame_age=2.6ms frames=107406 ball=22341 base_poses=107387 invalid=0 station_ok=yes
[INFO] [1787245346.514523446] [a3_receive_input_gateway]: gateway calibrated=yes frame_age=2.9ms frames=107706 ball=22341 base_poses=107687 invalid=0 station_ok=yes
[INFO] [1787245347.514511054] [a3_receive_input_gateway]: gateway calibrated=yes frame_age=2.9ms frames=108006 ball=22341 base_poses=107987 invalid=0 station_ok=yes
[INFO] [1787245348.514550162] [a3_receive_input_gateway]: gateway calibrated=yes frame_age=3.0ms frames=108306 ball=22341 base_poses=108287 invalid=0 station_ok=yes
[INFO] [1787245349.514515904] [a3_receive_input_gateway]: gateway calibrated=yes frame_age=3.0ms frames=108606 ball=22341 base_poses=108587 invalid=0 station_ok=yes
[INFO] [1787245350.514651144] [a3_receive_input_gateway]: gateway calibrated=yes frame_age=3.1ms frames=108906 ball=22341 base_poses=108887 invalid=0 station_ok=yes
[INFO] [1787245351.514707771] [a3_receive_input_gateway]: gateway calibrated=yes frame_age=3.4ms frames=109206 ball=22341 base_poses=109187 invalid=0 station_ok=yes
[INFO] [1787245352.514510685] [a3_receive_input_gateway]: gateway calibrated=yes frame_age=3.4ms frames=109506 ball=22341 base_poses=109487 invalid=0 station_ok=yes
[INFO] [1787245353.514578214] [a3_receive_input_gateway]: gateway calibrated=yes frame_age=3.4ms frames=109806 ball=22341 base_poses=109787 invalid=0 station_ok=yes
[INFO] [1787245354.514611967] [a3_receive_input_gateway]: gateway calibrated=yes frame_age=1.3ms frames=110105 ball=22341 base_poses=110086 invalid=0 station_ok=yes
[INFO] [1787245355.514503905] [a3_receive_input_gateway]: gateway calibrated=yes frame_age=3.4ms frames=110405 ball=22341 base_poses=110386 invalid=0 station_ok=yes
[INFO] [1787245356.514520673] [a3_receive_input_gateway]: gateway calibrated=yes frame_age=1.6ms frames=110705 ball=22341 base_poses=110686 invalid=0 station_ok=yes
[INFO] [1787245357.514517646] [a3_receive_input_gateway]: gateway calibrated=yes frame_age=1.6ms frames=111005 ball=22341 base_poses=110986 invalid=0 station_ok=yes
[INFO] [1787245358.514712135] [a3_receive_input_gateway]: gateway calibrated=yes frame_age=4.0ms frames=111305 ball=22341 base_poses=111286 invalid=0 station_ok=yes
[INFO] [1787245359.514566341] [a3_receive_input_gateway]: gateway calibrated=yes frame_age=3.5ms frames=111605 ball=22341 base_poses=111586 invalid=0 station_ok=yes
[INFO] [1787245360.514721562] [a3_receive_input_gateway]: gateway calibrated=yes frame_age=0.1ms frames=111906 ball=22341 base_poses=111887 invalid=0 station_ok=yes
[INFO] [1787245361.514516224] [a3_receive_input_gateway]: gateway calibrated=yes frame_age=3.8ms frames=112205 ball=22341 base_poses=112186 invalid=0 station_ok=yes
[INFO] [1787245362.514622499] [a3_receive_input_gateway]: gateway calibrated=yes frame_age=0.1ms frames=112506 ball=22341 base_poses=112487 invalid=0 station_ok=yes
[INFO] [1787245363.514554106] [a3_receive_input_gateway]: gateway calibrated=yes frame_age=0.1ms frames=112806 ball=22341 base_poses=112787 invalid=0 station_ok=yes
[INFO] [1787245363.754405185] [a3_receive_input_gateway]: ball tracking: visible
[INFO] [1787245364.514537946] [a3_receive_input_gateway]: gateway calibrated=yes frame_age=0.2ms frames=113106 ball=22570 base_poses=113087 invalid=0 station_ok=yes
[INFO] [1787245365.514527978] [a3_receive_input_gateway]: gateway calibrated=yes frame_age=0.3ms frames=113406 ball=22870 base_poses=113387 invalid=0 station_ok=yes
[INFO] [1787245366.514511819] [a3_receive_input_gateway]: gateway calibrated=yes frame_age=2.2ms frames=113705 ball=23169 base_poses=113686 invalid=0 station_ok=yes
[INFO] [1787245367.176129226] [a3_receive_input_gateway]: ball tracking: lost
[INFO] [1787245367.226337357] [a3_receive_input_gateway]: ball tracking: visible
[INFO] [1787245367.498017714] [a3_receive_input_gateway]: ball tracking: lost
[INFO] [1787245367.514397599] [a3_receive_input_gateway]: gateway calibrated=yes frame_age=0.2ms frames=114006 ball=23449 base_poses=113987 invalid=0 station_ok=yes
[INFO] [1787245367.672160990] [a3_receive_input_gateway]: ball tracking: visible
[INFO] [1787245368.514919721] [a3_receive_input_gateway]: gateway calibrated=yes frame_age=0.5ms frames=114306 ball=23703 base_poses=114287 invalid=0 station_ok=yes
[INFO] [1787245368.522059700] [a3_receive_input_gateway]: ball tracking: lost
[INFO] [1787245368.708321674] [a3_receive_input_gateway]: ball tracking: visible
[INFO] [1787245369.512172830] [a3_receive_input_gateway]: ball tracking: lost
[INFO] [1787245369.514390029] [a3_receive_input_gateway]: gateway calibrated=yes frame_age=0.2ms frames=114606 ball=23945 base_poses=114587 invalid=0 station_ok=yes
[INFO] [1787245369.948079825] [a3_receive_input_gateway]: ball tracking: visible
[INFO] [1787245370.326047640] [a3_receive_input_gateway]: ball tracking: lost
[INFO] [1787245370.514478632] [a3_receive_input_gateway]: gateway calibrated=yes frame_age=0.5ms frames=114906 ball=24058 base_poses=114887 invalid=0 station_ok=yes
[INFO] [1787245370.565838749] [a3_receive_input_gateway]: ball tracking: visible
[INFO] [1787245370.762093252] [a3_receive_input_gateway]: ball tracking: lost
[INFO] [1787245371.514612324] [a3_receive_input_gateway]: gateway calibrated=yes frame_age=0.3ms frames=115206 ball=24117 base_poses=115187 invalid=0 station_ok=yes
[INFO] [1787245372.514654105] [a3_receive_input_gateway]: gateway calibrated=yes frame_age=0.6ms frames=115506 ball=24117 base_poses=115487 invalid=0 station_ok=yes
[INFO] [1787245373.514753464] [a3_receive_input_gateway]: gateway calibrated=yes frame_age=0.6ms frames=115806 ball=24117 base_poses=115787 invalid=0 station_ok=yes
[INFO] [1787245374.514683971] [a3_receive_input_gateway]: gateway calibrated=yes frame_age=0.7ms frames=116106 ball=24117 base_poses=116087 invalid=0 station_ok=yes
[INFO] [1787245375.514478990] [a3_receive_input_gateway]: gateway calibrated=yes frame_age=0.8ms frames=116406 ball=24117 base_poses=116387 invalid=0 station_ok=yes
[INFO] [1787245376.514480752] [a3_receive_input_gateway]: gateway calibrated=yes frame_age=1.0ms frames=116706 ball=24117 base_poses=116687 invalid=0 station_ok=yes
[INFO] [1787245377.514463925] [a3_receive_input_gateway]: gateway calibrated=yes frame_age=0.4ms frames=117006 ball=24117 base_poses=116987 invalid=0 station_ok=yes
[INFO] [1787245378.514931122] [a3_receive_input_gateway]: gateway calibrated=yes frame_age=3.3ms frames=117305 ball=24117 base_poses=117286 invalid=0 station_ok=yes
[INFO] [1787245379.514522939] [a3_receive_input_gateway]: gateway calibrated=yes frame_age=3.2ms frames=117605 ball=24117 base_poses=117586 invalid=0 station_ok=yes
[INFO] [1787245380.514521240] [a3_receive_input_gateway]: gateway calibrated=yes frame_age=3.1ms frames=117905 ball=24117 base_poses=117886 invalid=0 station_ok=yes
[INFO] [1787245381.514748553] [a3_receive_input_gateway]: gateway calibrated=yes frame_age=3.5ms frames=118205 ball=24117 base_poses=118186 invalid=0 station_ok=yes
[INFO] [1787245382.514514823] [a3_receive_input_gateway]: gateway calibrated=yes frame_age=3.3ms frames=118505 ball=24117 base_poses=118486 invalid=0 station_ok=yes
[INFO] [1787245383.514519849] [a3_receive_input_gateway]: gateway calibrated=yes frame_age=3.3ms frames=118805 ball=24117 base_poses=118786 invalid=0 station_ok=yes
[INFO] [1787245384.514503153] [a3_receive_input_gateway]: gateway calibrated=yes frame_age=3.5ms frames=119105 ball=24117 base_poses=119086 invalid=0 station_ok=yes
[INFO] [1787245385.514796234] [a3_receive_input_gateway]: gateway calibrated=yes frame_age=3.4ms frames=119405 ball=24117 base_poses=119386 invalid=0 station_ok=yes
[INFO] [1787245386.514516915] [a3_receive_input_gateway]: gateway calibrated=yes frame_age=3.6ms frames=119705 ball=24117 base_poses=119686 invalid=0 station_ok=yes
[INFO] [1787245387.514516775] [a3_receive_input_gateway]: gateway calibrated=yes frame_age=3.7ms frames=120005 ball=24117 base_poses=119986 invalid=0 station_ok=yes
[INFO] [1787245388.514477708] [a3_receive_input_gateway]: gateway calibrated=yes frame_age=3.7ms frames=120305 ball=24117 base_poses=120286 invalid=0 station_ok=yes
[INFO] [1787245389.514676712] [a3_receive_input_gateway]: gateway calibrated=yes frame_age=0.2ms frames=120606 ball=24117 base_poses=120587 invalid=0 station_ok=yes
[INFO] [1787245390.514747282] [a3_receive_input_gateway]: gateway calibrated=yes frame_age=0.2ms frames=120906 ball=24117 base_poses=120887 invalid=0 station_ok=yes
[INFO] [1787245391.514751176] [a3_receive_input_gateway]: gateway calibrated=yes frame_age=0.2ms frames=121206 ball=24117 base_poses=121187 invalid=0 station_ok=yes
[INFO] [1787245392.514507132] [a3_receive_input_gateway]: gateway calibrated=yes frame_age=0.2ms frames=121506 ball=24117 base_poses=121487 invalid=0 station_ok=yes
[INFO] [1787245393.514714056] [a3_receive_input_gateway]: gateway calibrated=yes frame_age=0.3ms frames=121806 ball=24117 base_poses=121787 invalid=0 station_ok=yes
[INFO] [1787245394.514429813] [a3_receive_input_gateway]: gateway calibrated=yes frame_age=0.2ms frames=122106 ball=24117 base_poses=122087 invalid=0 station_ok=yes
[INFO] [1787245395.514523100] [a3_receive_input_gateway]: gateway calibrated=yes frame_age=0.2ms frames=122406 ball=24117 base_poses=122387 invalid=0 station_ok=yes
[INFO] [1787245396.514468495] [a3_receive_input_gateway]: gateway calibrated=yes frame_age=0.3ms frames=122706 ball=24117 base_poses=122687 invalid=0 station_ok=yes
[INFO] [1787245397.514472577] [a3_receive_input_gateway]: gateway calibrated=yes frame_age=0.5ms frames=123006 ball=24117 base_poses=122987 invalid=0 station_ok=yes
[INFO] [1787245398.514489538] [a3_receive_input_gateway]: gateway calibrated=yes frame_age=0.5ms frames=123306 ball=24117 base_poses=123287 invalid=0 station_ok=yes
[INFO] [1787245399.514473676] [a3_receive_input_gateway]: gateway calibrated=yes frame_age=0.4ms frames=123606 ball=24117 base_poses=123587 invalid=0 station_ok=yes
[INFO] [1787245400.514485268] [a3_receive_input_gateway]: gateway calibrated=yes frame_age=0.7ms frames=123906 ball=24117 base_poses=123887 invalid=0 station_ok=yes
[INFO] [1787245400.687919933] [a3_receive_input_gateway]: ball tracking: visible
[INFO] [1787245401.007740210] [a3_receive_input_gateway]: ball tracking: lost
[INFO] [1787245401.514481214] [a3_receive_input_gateway]: gateway calibrated=yes frame_age=0.7ms frames=124206 ball=24213 base_poses=124187 invalid=0 station_ok=yes
[INFO] [1787245401.847732903] [a3_receive_input_gateway]: ball tracking: visible
[INFO] [1787245402.514511251] [a3_receive_input_gateway]: gateway calibrated=yes frame_age=0.8ms frames=124506 ball=24414 base_poses=124487 invalid=0 station_ok=yes
[INFO] [1787245402.621196407] [a3_receive_input_gateway]: ball tracking: lost
[INFO] [1787245402.659589436] [a3_receive_input_gateway]: ball tracking: visible
[INFO] [1787245402.763869323] [a3_receive_input_gateway]: ball tracking: lost
[INFO] [1787245402.767644644] [a3_receive_input_gateway]: ball tracking: visible
[INFO] [1787245402.969647989] [a3_receive_input_gateway]: ball tracking: lost
[INFO] [1787245403.514453015] [a3_receive_input_gateway]: gateway calibrated=yes frame_age=0.2ms frames=124806 ball=24537 base_poses=124787 invalid=0 station_ok=yes
[INFO] [1787245404.514488377] [a3_receive_input_gateway]: gateway calibrated=yes frame_age=0.9ms frames=125106 ball=24537 base_poses=125087 invalid=0 station_ok=yes
[INFO] [1787245405.514530215] [a3_receive_input_gateway]: gateway calibrated=yes frame_age=0.9ms frames=125406 ball=24537 base_poses=125387 invalid=0 station_ok=yes
[INFO] [1787245406.514484403] [a3_receive_input_gateway]: gateway calibrated=yes frame_age=1.0ms frames=125706 ball=24537 base_poses=125687 invalid=0 station_ok=yes
[INFO] [1787245407.013321299] [a3_receive_input_gateway]: ball tracking: visible
[INFO] [1787245407.173339159] [a3_receive_input_gateway]: ball tracking: lost
[INFO] [1787245407.231378246] [a3_receive_input_gateway]: ball tracking: visible
[INFO] [1787245407.357401346] [a3_receive_input_gateway]: ball tracking: lost
[INFO] [1787245407.383454017] [a3_receive_input_gateway]: ball tracking: visible
[INFO] [1787245407.423547025] [a3_receive_input_gateway]: ball tracking: lost
[INFO] [1787245407.497342622] [a3_receive_input_gateway]: ball tracking: visible
[INFO] [1787245407.514452350] [a3_receive_input_gateway]: gateway calibrated=yes frame_age=1.0ms frames=126006 ball=24641 base_poses=125987 invalid=0 station_ok=yes
[INFO] [1787245407.637327625] [a3_receive_input_gateway]: ball tracking: lost
[INFO] [1787245407.697516843] [a3_receive_input_gateway]: ball tracking: visible
[INFO] [1787245408.309458126] [a3_receive_input_gateway]: ball tracking: lost
[INFO] [1787245408.514516979] [a3_receive_input_gateway]: gateway calibrated=yes frame_age=1.3ms frames=126306 ball=24861 base_poses=126287 invalid=0 station_ok=yes
[INFO] [1787245409.515238747] [a3_receive_input_gateway]: gateway calibrated=yes frame_age=1.5ms frames=126606 ball=24861 base_poses=126587 invalid=0 station_ok=yes
[INFO] [1787245409.639715265] [a3_receive_input_gateway]: ball tracking: visible
[INFO] [1787245409.649385570] [a3_receive_input_gateway]: ball tracking: lost
[INFO] [1787245410.411274873] [a3_receive_input_gateway]: ball tracking: visible
[INFO] [1787245410.514499628] [a3_receive_input_gateway]: gateway calibrated=yes frame_age=1.4ms frames=126906 ball=24896 base_poses=126887 invalid=0 station_ok=yes
[INFO] [1787245411.107229378] [a3_receive_input_gateway]: ball tracking: lost
[INFO] [1787245411.487212236] [a3_receive_input_gateway]: ball tracking: visible
[INFO] [1787245411.514600997] [a3_receive_input_gateway]: gateway calibrated=yes frame_age=1.3ms frames=127206 ball=25082 base_poses=127187 invalid=0 station_ok=yes
[INFO] [1787245411.593219800] [a3_receive_input_gateway]: ball tracking: lost
[INFO] [1787245412.514525205] [a3_receive_input_gateway]: gateway calibrated=yes frame_age=1.4ms frames=127506 ball=25105 base_poses=127487 invalid=0 station_ok=yes
[INFO] [1787245412.830980583] [a3_receive_input_gateway]: ball tracking: visible
[INFO] [1787245412.987242501] [a3_receive_input_gateway]: ball tracking: lost
[INFO] [1787245413.514511916] [a3_receive_input_gateway]: gateway calibrated=yes frame_age=1.4ms frames=127806 ball=25152 base_poses=127787 invalid=0 station_ok=yes
[INFO] [1787245414.387041869] [a3_receive_input_gateway]: ball tracking: visible
[INFO] [1787245414.514657256] [a3_receive_input_gateway]: gateway calibrated=yes frame_age=1.3ms frames=128106 ball=25191 base_poses=128087 invalid=0 station_ok=yes
[INFO] [1787245415.022930779] [a3_receive_input_gateway]: ball tracking: lost
[INFO] [1787245415.514511638] [a3_receive_input_gateway]: gateway calibrated=yes frame_age=1.4ms frames=128406 ball=25343 base_poses=128387 invalid=0 station_ok=yes
[INFO] [1787245415.730817083] [a3_receive_input_gateway]: ball tracking: visible
[INFO] [1787245415.756933898] [a3_receive_input_gateway]: ball tracking: lost
[INFO] [1787245415.890759490] [a3_receive_input_gateway]: ball tracking: visible
[INFO] [1787245416.232803842] [a3_receive_input_gateway]: ball tracking: lost
[INFO] [1787245416.290706781] [a3_receive_input_gateway]: ball tracking: visible
[INFO] [1787245416.477221601] [a3_receive_input_gateway]: ball tracking: lost
[INFO] [1787245416.514676055] [a3_receive_input_gateway]: gateway calibrated=yes frame_age=1.3ms frames=128706 ball=25510 base_poses=128687 invalid=0 station_ok=yes
[INFO] [1787245416.818674198] [a3_receive_input_gateway]: ball tracking: visible
[INFO] [1787245416.879083539] [a3_receive_input_gateway]: ball tracking: lost
[INFO] [1787245417.010806840] [a3_receive_input_gateway]: ball tracking: visible
[INFO] [1787245417.112664948] [a3_receive_input_gateway]: ball tracking: lost
[INFO] [1787245417.222703240] [a3_receive_input_gateway]: ball tracking: visible
[INFO] [1787245417.514513252] [a3_receive_input_gateway]: gateway calibrated=yes frame_age=1.9ms frames=129006 ball=25647 base_poses=128987 invalid=0 station_ok=yes
[INFO] [1787245417.620821162] [a3_receive_input_gateway]: ball tracking: lost
[INFO] [1787245417.760762186] [a3_receive_input_gateway]: ball tracking: visible
[INFO] [1787245417.892731483] [a3_receive_input_gateway]: ball tracking: lost
[INFO] [1787245418.514531314] [a3_receive_input_gateway]: gateway calibrated=yes frame_age=1.9ms frames=129306 ball=25718 base_poses=129287 invalid=0 station_ok=yes
[INFO] [1787245419.514488282] [a3_receive_input_gateway]: gateway calibrated=yes frame_age=2.0ms frames=129606 ball=25718 base_poses=129587 invalid=0 station_ok=yes
[INFO] [1787245420.514877906] [a3_receive_input_gateway]: gateway calibrated=yes frame_age=0.3ms frames=129906 ball=25718 base_poses=129887 invalid=0 station_ok=yes
[INFO] [1787245421.514549462] [a3_receive_input_gateway]: gateway calibrated=yes frame_age=2.2ms frames=130206 ball=25718 base_poses=130187 invalid=0 station_ok=yes
[INFO] [1787245422.514514221] [a3_receive_input_gateway]: gateway calibrated=yes frame_age=2.3ms frames=130506 ball=25718 base_poses=130487 invalid=0 station_ok=yes
[INFO] [1787245422.622247301] [a3_receive_input_gateway]: ball tracking: visible
[INFO] [1787245422.790352535] [a3_receive_input_gateway]: ball tracking: lost
[INFO] [1787245423.514500099] [a3_receive_input_gateway]: gateway calibrated=yes frame_age=1.9ms frames=130806 ball=25768 base_poses=130787 invalid=0 station_ok=yes
[INFO] [1787245424.514542949] [a3_receive_input_gateway]: gateway calibrated=yes frame_age=2.4ms frames=131106 ball=25768 base_poses=131087 invalid=0 station_ok=yes
[INFO] [1787245425.514881367] [a3_receive_input_gateway]: gateway calibrated=yes frame_age=2.4ms frames=131406 ball=25768 base_poses=131387 invalid=0 station_ok=yes
[INFO] [1787245426.514488371] [a3_receive_input_gateway]: gateway calibrated=yes frame_age=0.2ms frames=131706 ball=25768 base_poses=131687 invalid=0 station_ok=yes
[INFO] [1787245427.514508857] [a3_receive_input_gateway]: gateway calibrated=yes frame_age=2.6ms frames=132006 ball=25768 base_poses=131987 invalid=0 station_ok=yes
[INFO] [1787245428.514741029] [a3_receive_input_gateway]: gateway calibrated=yes frame_age=2.6ms frames=132306 ball=25768 base_poses=132287 invalid=0 station_ok=yes
[INFO] [1787245429.514510725] [a3_receive_input_gateway]: gateway calibrated=yes frame_age=2.4ms frames=132606 ball=25768 base_poses=132587 invalid=0 station_ok=yes
[INFO] [1787245430.514463024] [a3_receive_input_gateway]: gateway calibrated=yes frame_age=0.6ms frames=132906 ball=25768 base_poses=132887 invalid=0 station_ok=yes
[INFO] [1787245431.514475680] [a3_receive_input_gateway]: gateway calibrated=yes frame_age=0.8ms frames=133206 ball=25768 base_poses=133187 invalid=0 station_ok=yes
[INFO] [1787245432.514462005] [a3_receive_input_gateway]: gateway calibrated=yes frame_age=0.9ms frames=133506 ball=25768 base_poses=133487 invalid=0 station_ok=yes
[INFO] [1787245433.514487784] [a3_receive_input_gateway]: gateway calibrated=yes frame_age=0.9ms frames=133806 ball=25768 base_poses=133787 invalid=0 station_ok=yes
[INFO] [1787245434.514482375] [a3_receive_input_gateway]: gateway calibrated=yes frame_age=1.0ms frames=134106 ball=25768 base_poses=134087 invalid=0 station_ok=yes
[INFO] [1787245435.514525695] [a3_receive_input_gateway]: gateway calibrated=yes frame_age=1.1ms frames=134406 ball=25768 base_poses=134387 invalid=0 station_ok=yes
[INFO] [1787245436.514470905] [a3_receive_input_gateway]: gateway calibrated=yes frame_age=1.1ms frames=134706 ball=25768 base_poses=134687 invalid=0 station_ok=yes
[INFO] [1787245437.514507311] [a3_receive_input_gateway]: gateway calibrated=yes frame_age=1.2ms frames=135006 ball=25768 base_poses=134987 invalid=0 station_ok=yes
[INFO] [1787245438.514519650] [a3_receive_input_gateway]: gateway calibrated=yes frame_age=1.2ms frames=135306 ball=25768 base_poses=135287 invalid=0 station_ok=yes
[INFO] [1787245439.514510481] [a3_receive_input_gateway]: gateway calibrated=yes frame_age=1.4ms frames=135606 ball=25768 base_poses=135587 invalid=0 station_ok=yes
[INFO] [1787245440.514488593] [a3_receive_input_gateway]: gateway calibrated=yes frame_age=1.4ms frames=135906 ball=25768 base_poses=135887 invalid=0 station_ok=yes
[INFO] [1787245441.514516501] [a3_receive_input_gateway]: gateway calibrated=yes frame_age=1.3ms frames=136206 ball=25768 base_poses=136187 invalid=0 station_ok=yes
[INFO] [1787245442.514556372] [a3_receive_input_gateway]: gateway calibrated=yes frame_age=1.5ms frames=136506 ball=25768 base_poses=136487 invalid=0 station_ok=yes
[INFO] [1787245443.514543709] [a3_receive_input_gateway]: gateway calibrated=yes frame_age=1.6ms frames=136806 ball=25768 base_poses=136787 invalid=0 station_ok=yes
[INFO] [1787245444.514530407] [a3_receive_input_gateway]: gateway calibrated=yes frame_age=1.7ms frames=137106 ball=25768 base_poses=137087 invalid=0 station_ok=yes
[INFO] [1787245445.514532470] [a3_receive_input_gateway]: gateway calibrated=yes frame_age=1.8ms frames=137406 ball=25768 base_poses=137387 invalid=0 station_ok=yes
[INFO] [1787245446.514537476] [a3_receive_input_gateway]: gateway calibrated=yes frame_age=1.9ms frames=137706 ball=25768 base_poses=137687 invalid=0 station_ok=yes
[INFO] [1787245447.514541407] [a3_receive_input_gateway]: gateway calibrated=yes frame_age=2.0ms frames=138006 ball=25768 base_poses=137987 invalid=0 station_ok=yes
[INFO] [1787245448.514560644] [a3_receive_input_gateway]: gateway calibrated=yes frame_age=2.0ms frames=138306 ball=25768 base_poses=138287 invalid=0 station_ok=yes
[INFO] [1787245449.514622384] [a3_receive_input_gateway]: gateway calibrated=yes frame_age=2.1ms frames=138606 ball=25768 base_poses=138587 invalid=0 station_ok=yes
[INFO] [1787245450.514527911] [a3_receive_input_gateway]: gateway calibrated=yes frame_age=2.1ms frames=138906 ball=25768 base_poses=138887 invalid=0 station_ok=yes
[INFO] [1787245451.514512767] [a3_receive_input_gateway]: gateway calibrated=yes frame_age=2.0ms frames=139206 ball=25768 base_poses=139187 invalid=0 station_ok=yes
[INFO] [1787245452.514510662] [a3_receive_input_gateway]: gateway calibrated=yes frame_age=2.2ms frames=139506 ball=25768 base_poses=139487 invalid=0 station_ok=yes
[INFO] [1787245453.514601368] [a3_receive_input_gateway]: gateway calibrated=yes frame_age=2.2ms frames=139806 ball=25768 base_poses=139787 invalid=0 station_ok=yes
[INFO] [1787245454.514579500] [a3_receive_input_gateway]: gateway calibrated=yes frame_age=2.4ms frames=140106 ball=25768 base_poses=140087 invalid=0 station_ok=yes
[INFO] [1787245455.514660217] [a3_receive_input_gateway]: gateway calibrated=yes frame_age=0.2ms frames=140407 ball=25768 base_poses=140388 invalid=0 station_ok=yes
[INFO] [1787245456.514538192] [a3_receive_input_gateway]: gateway calibrated=yes frame_age=2.0ms frames=140706 ball=25768 base_poses=140687 invalid=0 station_ok=yes
[INFO] [1787245457.514522553] [a3_receive_input_gateway]: gateway calibrated=yes frame_age=2.4ms frames=141006 ball=25768 base_poses=140987 invalid=0 station_ok=yes
[INFO] [1787245458.514522508] [a3_receive_input_gateway]: gateway calibrated=yes frame_age=2.4ms frames=141306 ball=25768 base_poses=141287 invalid=0 station_ok=yes
[INFO] [1787245459.514519356] [a3_receive_input_gateway]: gateway calibrated=yes frame_age=2.6ms frames=141606 ball=25768 base_poses=141587 invalid=0 station_ok=yes
[INFO] [1787245460.514533907] [a3_receive_input_gateway]: gateway calibrated=yes frame_age=2.8ms frames=141906 ball=25768 base_poses=141887 invalid=0 station_ok=yes
[INFO] [1787245461.514503190] [a3_receive_input_gateway]: gateway calibrated=yes frame_age=2.7ms frames=142206 ball=25768 base_poses=142187 invalid=0 station_ok=yes
[INFO] [1787245462.514490587] [a3_receive_input_gateway]: gateway calibrated=yes frame_age=2.9ms frames=142506 ball=25768 base_poses=142487 invalid=0 station_ok=yes
[INFO] [1787245463.514497841] [a3_receive_input_gateway]: gateway calibrated=yes frame_age=2.9ms frames=142806 ball=25768 base_poses=142787 invalid=0 station_ok=yes
[INFO] [1787245464.514522511] [a3_receive_input_gateway]: gateway calibrated=yes frame_age=3.1ms frames=143106 ball=25768 base_poses=143087 invalid=0 station_ok=yes
[INFO] [1787245465.514523813] [a3_receive_input_gateway]: gateway calibrated=yes frame_age=3.1ms frames=143406 ball=25768 base_poses=143387 invalid=0 station_ok=yes
[INFO] [1787245466.514494353] [a3_receive_input_gateway]: gateway calibrated=yes frame_age=3.1ms frames=143706 ball=25768 base_poses=143687 invalid=0 station_ok=yes
[INFO] [1787245467.514999862] [a3_receive_input_gateway]: gateway calibrated=yes frame_age=3.4ms frames=144006 ball=25768 base_poses=143987 invalid=0 station_ok=yes
[INFO] [1787245468.514542275] [a3_receive_input_gateway]: gateway calibrated=yes frame_age=3.2ms frames=144306 ball=25768 base_poses=144287 invalid=0 station_ok=yes
[INFO] [1787245469.514531955] [a3_receive_input_gateway]: gateway calibrated=yes frame_age=3.2ms frames=144606 ball=25768 base_poses=144587 invalid=0 station_ok=yes
[INFO] [1787245470.514570414] [a3_receive_input_gateway]: gateway calibrated=yes frame_age=3.5ms frames=144906 ball=25768 base_poses=144887 invalid=0 station_ok=yes
[INFO] [1787245471.514561426] [a3_receive_input_gateway]: gateway calibrated=yes frame_age=3.6ms frames=145206 ball=25768 base_poses=145187 invalid=0 station_ok=yes
[INFO] [1787245472.514606326] [a3_receive_input_gateway]: gateway calibrated=yes frame_age=3.5ms frames=145506 ball=25768 base_poses=145487 invalid=0 station_ok=yes
[INFO] [1787245473.514584659] [a3_receive_input_gateway]: gateway calibrated=yes frame_age=3.7ms frames=145806 ball=25768 base_poses=145787 invalid=0 station_ok=yes
[INFO] [1787245474.514530830] [a3_receive_input_gateway]: gateway calibrated=yes frame_age=3.2ms frames=146106 ball=25768 base_poses=146087 invalid=0 station_ok=yes
[INFO] [1787245475.514532871] [a3_receive_input_gateway]: gateway calibrated=yes frame_age=3.5ms frames=146406 ball=25768 base_poses=146387 invalid=0 station_ok=yes
[INFO] [1787245476.514491608] [a3_receive_input_gateway]: gateway calibrated=yes frame_age=3.8ms frames=146706 ball=25768 base_poses=146687 invalid=0 station_ok=yes
[INFO] [1787245477.514794192] [a3_receive_input_gateway]: gateway calibrated=yes frame_age=0.2ms frames=147007 ball=25768 base_poses=146988 invalid=0 station_ok=yes
[INFO] [1787245478.514521673] [a3_receive_input_gateway]: gateway calibrated=yes frame_age=1.7ms frames=147306 ball=25768 base_poses=147287 invalid=0 station_ok=yes
[INFO] [1787245479.514562179] [a3_receive_input_gateway]: gateway calibrated=yes frame_age=0.2ms frames=147607 ball=25768 base_poses=147588 invalid=0 station_ok=yes
[INFO] [1787245480.514569276] [a3_receive_input_gateway]: gateway calibrated=yes frame_age=0.2ms frames=147907 ball=25768 base_poses=147888 invalid=0 station_ok=yes
[INFO] [1787245481.514716404] [a3_receive_input_gateway]: gateway calibrated=yes frame_age=0.1ms frames=148207 ball=25768 base_poses=148188 invalid=0 station_ok=yes
[INFO] [1787245482.514508993] [a3_receive_input_gateway]: gateway calibrated=yes frame_age=0.2ms frames=148507 ball=25768 base_poses=148488 invalid=0 station_ok=yes
[INFO] [1787245483.514525727] [a3_receive_input_gateway]: gateway calibrated=yes frame_age=0.2ms frames=148807 ball=25768 base_poses=148788 invalid=0 station_ok=yes
[INFO] [1787245484.514486233] [a3_receive_input_gateway]: gateway calibrated=yes frame_age=0.4ms frames=149107 ball=25768 base_poses=149088 invalid=0 station_ok=yes
[INFO] [1787245485.514526725] [a3_receive_input_gateway]: gateway calibrated=yes frame_age=1.6ms frames=149406 ball=25768 base_poses=149387 invalid=0 station_ok=yes
[INFO] [1787245486.514484736] [a3_receive_input_gateway]: gateway calibrated=yes frame_age=0.3ms frames=149707 ball=25768 base_poses=149688 invalid=0 station_ok=yes
[INFO] [1787245487.514481483] [a3_receive_input_gateway]: gateway calibrated=yes frame_age=0.4ms frames=150007 ball=25768 base_poses=149988 invalid=0 station_ok=yes
[INFO] [1787245488.514489451] [a3_receive_input_gateway]: gateway calibrated=yes frame_age=0.6ms frames=150307 ball=25768 base_poses=150288 invalid=0 station_ok=yes
[INFO] [1787245489.514501058] [a3_receive_input_gateway]: gateway calibrated=yes frame_age=0.7ms frames=150607 ball=25768 base_poses=150588 invalid=0 station_ok=yes
[INFO] [1787245490.514609189] [a3_receive_input_gateway]: gateway calibrated=yes frame_age=0.8ms frames=150907 ball=25768 base_poses=150888 invalid=0 station_ok=yes
[INFO] [1787245491.514506428] [a3_receive_input_gateway]: gateway calibrated=yes frame_age=0.9ms frames=151207 ball=25768 base_poses=151188 invalid=0 station_ok=yes
[INFO] [1787245492.514482871] [a3_receive_input_gateway]: gateway calibrated=yes frame_age=0.8ms frames=151507 ball=25768 base_poses=151488 invalid=0 station_ok=yes
[INFO] [1787245493.514595357] [a3_receive_input_gateway]: gateway calibrated=yes frame_age=1.1ms frames=151807 ball=25768 base_poses=151788 invalid=0 station_ok=yes
[INFO] [1787245494.514566046] [a3_receive_input_gateway]: gateway calibrated=yes frame_age=1.0ms frames=152107 ball=25768 base_poses=152088 invalid=0 station_ok=yes
[INFO] [1787245495.514811561] [a3_receive_input_gateway]: gateway calibrated=yes frame_age=0.7ms frames=152407 ball=25768 base_poses=152388 invalid=0 station_ok=yes
[INFO] [1787245496.514558402] [a3_receive_input_gateway]: gateway calibrated=yes frame_age=1.0ms frames=152707 ball=25768 base_poses=152688 invalid=0 station_ok=yes
[INFO] [1787245497.514618106] [a3_receive_input_gateway]: gateway calibrated=yes frame_age=1.2ms frames=153007 ball=25768 base_poses=152988 invalid=0 station_ok=yes
[INFO] [1787245498.514469911] [a3_receive_input_gateway]: gateway calibrated=yes frame_age=1.1ms frames=153307 ball=25768 base_poses=153288 invalid=0 station_ok=yes
[INFO] [1787245499.514515539] [a3_receive_input_gateway]: gateway calibrated=yes frame_age=1.2ms frames=153607 ball=25768 base_poses=153588 invalid=0 station_ok=yes
[INFO] [1787245500.514536483] [a3_receive_input_gateway]: gateway calibrated=yes frame_age=3.3ms frames=153906 ball=25768 base_poses=153887 invalid=0 station_ok=yes
[INFO] [1787245501.514515292] [a3_receive_input_gateway]: gateway calibrated=yes frame_age=3.4ms frames=154206 ball=25768 base_poses=154187 invalid=0 station_ok=yes
[INFO] [1787245502.514641898] [a3_receive_input_gateway]: gateway calibrated=yes frame_age=3.6ms frames=154506 ball=25768 base_poses=154487 invalid=0 station_ok=yes
[INFO] [1787245503.514494879] [a3_receive_input_gateway]: gateway calibrated=yes frame_age=3.6ms frames=154806 ball=25768 base_poses=154787 invalid=0 station_ok=yes
[INFO] [1787245504.514531189] [a3_receive_input_gateway]: gateway calibrated=yes frame_age=3.4ms frames=155106 ball=25768 base_poses=155087 invalid=0 station_ok=yes
[INFO] [1787245505.514510684] [a3_receive_input_gateway]: gateway calibrated=yes frame_age=3.7ms frames=155406 ball=25768 base_poses=155387 invalid=0 station_ok=yes
[INFO] [1787245506.514524791] [a3_receive_input_gateway]: gateway calibrated=yes frame_age=3.7ms frames=155706 ball=25768 base_poses=155687 invalid=0 station_ok=yes
[INFO] [1787245507.514751821] [a3_receive_input_gateway]: gateway calibrated=yes frame_age=0.1ms frames=156007 ball=25768 base_poses=155988 invalid=0 station_ok=yes
[INFO] [1787245508.515453157] [a3_receive_input_gateway]: gateway calibrated=yes frame_age=0.4ms frames=156307 ball=25768 base_poses=156288 invalid=0 station_ok=yes
[INFO] [1787245509.514684481] [a3_receive_input_gateway]: gateway calibrated=yes frame_age=0.2ms frames=156607 ball=25768 base_poses=156588 invalid=0 station_ok=yes
[INFO] [1787245510.514557202] [a3_receive_input_gateway]: gateway calibrated=yes frame_age=0.2ms frames=156907 ball=25768 base_poses=156888 invalid=0 station_ok=yes
[INFO] [1787245511.514596215] [a3_receive_input_gateway]: gateway calibrated=yes frame_age=0.2ms frames=157207 ball=25768 base_poses=157188 invalid=0 station_ok=yes
[INFO] [1787245512.514498507] [a3_receive_input_gateway]: gateway calibrated=yes frame_age=0.2ms frames=157507 ball=25768 base_poses=157488 invalid=0 station_ok=yes
[INFO] [1787245513.514532971] [a3_receive_input_gateway]: gateway calibrated=yes frame_age=0.2ms frames=157807 ball=25768 base_poses=157788 invalid=0 station_ok=yes
[INFO] [1787245514.514603169] [a3_receive_input_gateway]: gateway calibrated=yes frame_age=0.2ms frames=158107 ball=25768 base_poses=158088 invalid=0 station_ok=yes
[INFO] [1787245515.514476596] [a3_receive_input_gateway]: gateway calibrated=yes frame_age=0.3ms frames=158407 ball=25768 base_poses=158388 invalid=0 station_ok=yes
[INFO] [1787245516.514679880] [a3_receive_input_gateway]: gateway calibrated=yes frame_age=0.2ms frames=158707 ball=25768 base_poses=158688 invalid=0 station_ok=yes
[INFO] [1787245517.514466798] [a3_receive_input_gateway]: gateway calibrated=yes frame_age=0.4ms frames=159007 ball=25768 base_poses=158988 invalid=0 station_ok=yes
[INFO] [1787245518.514466309] [a3_receive_input_gateway]: gateway calibrated=yes frame_age=0.5ms frames=159307 ball=25768 base_poses=159288 invalid=0 station_ok=yes
[INFO] [1787245519.514472006] [a3_receive_input_gateway]: gateway calibrated=yes frame_age=0.5ms frames=159607 ball=25768 base_poses=159588 invalid=0 station_ok=yes
[INFO] [1787245520.514465980] [a3_receive_input_gateway]: gateway calibrated=yes frame_age=0.6ms frames=159907 ball=25768 base_poses=159888 invalid=0 station_ok=yes
[INFO] [1787245521.514468060] [a3_receive_input_gateway]: gateway calibrated=yes frame_age=0.7ms frames=160207 ball=25768 base_poses=160188 invalid=0 station_ok=yes
[INFO] [1787245522.514474621] [a3_receive_input_gateway]: gateway calibrated=yes frame_age=0.9ms frames=160507 ball=25768 base_poses=160488 invalid=0 station_ok=yes
[INFO] [1787245523.514499022] [a3_receive_input_gateway]: gateway calibrated=yes frame_age=0.8ms frames=160807 ball=25768 base_poses=160788 invalid=0 station_ok=yes
[INFO] [1787245524.514490154] [a3_receive_input_gateway]: gateway calibrated=yes frame_age=1.0ms frames=161107 ball=25768 base_poses=161088 invalid=0 station_ok=yes
[INFO] [1787245525.514541557] [a3_receive_input_gateway]: gateway calibrated=yes frame_age=4.9ms frames=161406 ball=25768 base_poses=161387 invalid=0 station_ok=yes
[INFO] [1787245526.514515288] [a3_receive_input_gateway]: gateway calibrated=yes frame_age=1.2ms frames=161707 ball=25768 base_poses=161688 invalid=0 station_ok=yes
[INFO] [1787245527.514452785] [a3_receive_input_gateway]: gateway calibrated=yes frame_age=1.0ms frames=162007 ball=25768 base_poses=161988 invalid=0 station_ok=yes
[INFO] [1787245528.514623631] [a3_receive_input_gateway]: gateway calibrated=yes frame_age=1.1ms frames=162307 ball=25768 base_poses=162288 invalid=0 station_ok=yes
[INFO] [1787245529.514597627] [a3_receive_input_gateway]: gateway calibrated=yes frame_age=1.3ms frames=162607 ball=25768 base_poses=162588 invalid=0 station_ok=yes
[INFO] [1787245530.514493348] [a3_receive_input_gateway]: gateway calibrated=yes frame_age=1.4ms frames=162907 ball=25768 base_poses=162888 invalid=0 station_ok=yes
[INFO] [1787245531.514548911] [a3_receive_input_gateway]: gateway calibrated=yes frame_age=1.4ms frames=163207 ball=25768 base_poses=163188 invalid=0 station_ok=yes
[INFO] [1787245532.514754020] [a3_receive_input_gateway]: gateway calibrated=yes frame_age=1.3ms frames=163507 ball=25768 base_poses=163488 invalid=0 station_ok=yes
[INFO] [1787245533.514829965] [a3_receive_input_gateway]: gateway calibrated=yes frame_age=1.7ms frames=163807 ball=25768 base_poses=163788 invalid=0 station_ok=yes
[INFO] [1787245534.514706878] [a3_receive_input_gateway]: gateway calibrated=yes frame_age=1.6ms frames=164107 ball=25768 base_poses=164088 invalid=0 station_ok=yes
[INFO] [1787245535.514519746] [a3_receive_input_gateway]: gateway calibrated=yes frame_age=1.8ms frames=164407 ball=25768 base_poses=164388 invalid=0 station_ok=yes
[INFO] [1787245536.514489688] [a3_receive_input_gateway]: gateway calibrated=yes frame_age=1.7ms frames=164707 ball=25768 base_poses=164688 invalid=0 station_ok=yes
[INFO] [1787245537.514509140] [a3_receive_input_gateway]: gateway calibrated=yes frame_age=1.4ms frames=165007 ball=25768 base_poses=164988 invalid=0 station_ok=yes
[INFO] [1787245538.514504627] [a3_receive_input_gateway]: gateway calibrated=yes frame_age=1.9ms frames=165307 ball=25768 base_poses=165288 invalid=0 station_ok=yes
[INFO] [1787245539.514507212] [a3_receive_input_gateway]: gateway calibrated=yes frame_age=1.8ms frames=165607 ball=25768 base_poses=165588 invalid=0 station_ok=yes
[INFO] [1787245540.514490888] [a3_receive_input_gateway]: gateway calibrated=yes frame_age=1.9ms frames=165907 ball=25768 base_poses=165888 invalid=0 station_ok=yes
[INFO] [1787245541.514538651] [a3_receive_input_gateway]: gateway calibrated=yes frame_age=2.1ms frames=166207 ball=25768 base_poses=166188 invalid=0 station_ok=yes
[INFO] [1787245542.514508924] [a3_receive_input_gateway]: gateway calibrated=yes frame_age=2.2ms frames=166507 ball=25768 base_poses=166488 invalid=0 station_ok=yes
[INFO] [1787245543.514515077] [a3_receive_input_gateway]: gateway calibrated=yes frame_age=1.9ms frames=166807 ball=25768 base_poses=166788 invalid=0 station_ok=yes
[INFO] [1787245544.514520889] [a3_receive_input_gateway]: gateway calibrated=yes frame_age=2.3ms frames=167107 ball=25768 base_poses=167088 invalid=0 station_ok=yes
[INFO] [1787245545.514511488] [a3_receive_input_gateway]: gateway calibrated=yes frame_age=2.2ms frames=167407 ball=25768 base_poses=167388 invalid=0 station_ok=yes
[INFO] [1787245546.514472098] [a3_receive_input_gateway]: gateway calibrated=yes frame_age=2.3ms frames=167707 ball=25768 base_poses=167688 invalid=0 station_ok=yes
[INFO] [1787245547.514603869] [a3_receive_input_gateway]: gateway calibrated=yes frame_age=2.5ms frames=168007 ball=25768 base_poses=167988 invalid=0 station_ok=yes
[INFO] [1787245548.514578285] [a3_receive_input_gateway]: gateway calibrated=yes frame_age=2.4ms frames=168307 ball=25768 base_poses=168288 invalid=0 station_ok=yes
[INFO] [1787245549.514686901] [a3_receive_input_gateway]: gateway calibrated=yes frame_age=0.3ms frames=168607 ball=25768 base_poses=168588 invalid=0 station_ok=yes
[INFO] [1787245550.514508947] [a3_receive_input_gateway]: gateway calibrated=yes frame_age=2.4ms frames=168907 ball=25768 base_poses=168888 invalid=0 station_ok=yes
[INFO] [1787245551.514569387] [a3_receive_input_gateway]: gateway calibrated=yes frame_age=2.6ms frames=169207 ball=25768 base_poses=169188 invalid=0 station_ok=yes
[INFO] [1787245552.514464166] [a3_receive_input_gateway]: gateway calibrated=yes frame_age=0.6ms frames=169507 ball=25768 base_poses=169488 invalid=0 station_ok=yes
[INFO] [1787245553.514467054] [a3_receive_input_gateway]: gateway calibrated=yes frame_age=0.6ms frames=169807 ball=25768 base_poses=169788 invalid=0 station_ok=yes
[INFO] [1787245554.514490939] [a3_receive_input_gateway]: gateway calibrated=yes frame_age=1.0ms frames=170107 ball=25768 base_poses=170088 invalid=0 station_ok=yes
[INFO] [1787245555.514475440] [a3_receive_input_gateway]: gateway calibrated=yes frame_age=0.8ms frames=170407 ball=25768 base_poses=170388 invalid=0 station_ok=yes
[INFO] [1787245556.514468763] [a3_receive_input_gateway]: gateway calibrated=yes frame_age=1.0ms frames=170707 ball=25768 base_poses=170688 invalid=0 station_ok=yes
[INFO] [1787245557.514509038] [a3_receive_input_gateway]: gateway calibrated=yes frame_age=1.2ms frames=171007 ball=25768 base_poses=170988 invalid=0 station_ok=yes
[INFO] [1787245558.514515905] [a3_receive_input_gateway]: gateway calibrated=yes frame_age=1.3ms frames=171307 ball=25768 base_poses=171288 invalid=0 station_ok=yes
[INFO] [1787245559.514594941] [a3_receive_input_gateway]: gateway calibrated=yes frame_age=1.0ms frames=171607 ball=25768 base_poses=171588 invalid=0 station_ok=yes
[INFO] [1787245560.514508791] [a3_receive_input_gateway]: gateway calibrated=yes frame_age=1.1ms frames=171907 ball=25768 base_poses=171888 invalid=0 station_ok=yes
[INFO] [1787245561.514565363] [a3_receive_input_gateway]: gateway calibrated=yes frame_age=1.2ms frames=172207 ball=25768 base_poses=172188 invalid=0 station_ok=yes
[INFO] [1787245562.514492465] [a3_receive_input_gateway]: gateway calibrated=yes frame_age=1.5ms frames=172507 ball=25768 base_poses=172488 invalid=0 station_ok=yes
[INFO] [1787245563.514509863] [a3_receive_input_gateway]: gateway calibrated=yes frame_age=1.3ms frames=172807 ball=25768 base_poses=172788 invalid=0 station_ok=yes
[INFO] [1787245564.514587541] [a3_receive_input_gateway]: gateway calibrated=yes frame_age=1.5ms frames=173107 ball=25768 base_poses=173088 invalid=0 station_ok=yes
[INFO] [1787245565.514510316] [a3_receive_input_gateway]: gateway calibrated=yes frame_age=1.5ms frames=173407 ball=25768 base_poses=173388 invalid=0 station_ok=yes
[INFO] [1787245566.514573052] [a3_receive_input_gateway]: gateway calibrated=yes frame_age=1.6ms frames=173707 ball=25768 base_poses=173688 invalid=0 station_ok=yes
[INFO] [1787245567.516217799] [a3_receive_input_gateway]: gateway calibrated=yes frame_age=3.3ms frames=174007 ball=25768 base_poses=173988 invalid=0 station_ok=yes
[INFO] [1787245568.514505533] [a3_receive_input_gateway]: gateway calibrated=yes frame_age=1.8ms frames=174307 ball=25768 base_poses=174288 invalid=0 station_ok=yes
[INFO] [1787245569.514522555] [a3_receive_input_gateway]: gateway calibrated=yes frame_age=1.9ms frames=174607 ball=25768 base_poses=174588 invalid=0 station_ok=yes
[INFO] [1787245570.514577266] [a3_receive_input_gateway]: gateway calibrated=yes frame_age=2.1ms frames=174907 ball=25768 base_poses=174888 invalid=0 station_ok=yes
[INFO] [1787245571.514489379] [a3_receive_input_gateway]: gateway calibrated=yes frame_age=2.1ms frames=175207 ball=25768 base_poses=175188 invalid=0 station_ok=yes
[INFO] [1787245572.514508034] [a3_receive_input_gateway]: gateway calibrated=yes frame_age=2.0ms frames=175507 ball=25768 base_poses=175488 invalid=0 station_ok=yes
[INFO] [1787245573.514569660] [a3_receive_input_gateway]: gateway calibrated=yes frame_age=2.0ms frames=175807 ball=25768 base_poses=175788 invalid=0 station_ok=yes
[INFO] [1787245574.514561030] [a3_receive_input_gateway]: gateway calibrated=yes frame_age=2.2ms frames=176107 ball=25768 base_poses=176088 invalid=0 station_ok=yes
[INFO] [1787245575.514579983] [a3_receive_input_gateway]: gateway calibrated=yes frame_age=2.1ms frames=176407 ball=25768 base_poses=176388 invalid=0 station_ok=yes
[INFO] [1787245576.514519414] [a3_receive_input_gateway]: gateway calibrated=yes frame_age=2.3ms frames=176707 ball=25768 base_poses=176688 invalid=0 station_ok=yes
[INFO] [1787245577.514524429] [a3_receive_input_gateway]: gateway calibrated=yes frame_age=2.4ms frames=177007 ball=25768 base_poses=176988 invalid=0 station_ok=yes
[INFO] [1787245578.514509847] [a3_receive_input_gateway]: gateway calibrated=yes frame_age=2.4ms frames=177307 ball=25768 base_poses=177288 invalid=0 station_ok=yes
[INFO] [1787245579.514626384] [a3_receive_input_gateway]: gateway calibrated=yes frame_age=2.6ms frames=177607 ball=25768 base_poses=177588 invalid=0 station_ok=yes
[INFO] [1787245580.514507466] [a3_receive_input_gateway]: gateway calibrated=yes frame_age=2.7ms frames=177907 ball=25768 base_poses=177888 invalid=0 station_ok=yes
[INFO] [1787245581.514664086] [a3_receive_input_gateway]: gateway calibrated=yes frame_age=2.7ms frames=178207 ball=25768 base_poses=178188 invalid=0 station_ok=yes
[INFO] [1787245582.514513441] [a3_receive_input_gateway]: gateway calibrated=yes frame_age=2.8ms frames=178507 ball=25768 base_poses=178488 invalid=0 station_ok=yes
[INFO] [1787245583.514497477] [a3_receive_input_gateway]: gateway calibrated=yes frame_age=3.0ms frames=178807 ball=25768 base_poses=178788 invalid=0 station_ok=yes
[INFO] [1787245584.514522094] [a3_receive_input_gateway]: gateway calibrated=yes frame_age=3.0ms frames=179107 ball=25768 base_poses=179088 invalid=0 station_ok=yes
[INFO] [1787245585.514527733] [a3_receive_input_gateway]: gateway calibrated=yes frame_age=3.0ms frames=179407 ball=25768 base_poses=179388 invalid=0 station_ok=yes
[INFO] [1787245586.514487568] [a3_receive_input_gateway]: gateway calibrated=yes frame_age=3.0ms frames=179707 ball=25768 base_poses=179688 invalid=0 station_ok=yes
[INFO] [1787245587.514517100] [a3_receive_input_gateway]: gateway calibrated=yes frame_age=2.8ms frames=180007 ball=25768 base_poses=179988 invalid=0 station_ok=yes
[INFO] [1787245588.514565941] [a3_receive_input_gateway]: gateway calibrated=yes frame_age=3.2ms frames=180307 ball=25768 base_poses=180288 invalid=0 station_ok=yes
[INFO] [1787245589.514551148] [a3_receive_input_gateway]: gateway calibrated=yes frame_age=3.2ms frames=180607 ball=25768 base_poses=180588 invalid=0 station_ok=yes
[INFO] [1787245590.514540663] [a3_receive_input_gateway]: gateway calibrated=yes frame_age=3.4ms frames=180907 ball=25768 base_poses=180888 invalid=0 station_ok=yes
[INFO] [1787245591.514518288] [a3_receive_input_gateway]: gateway calibrated=yes frame_age=3.2ms frames=181207 ball=25768 base_poses=181188 invalid=0 station_ok=yes
[INFO] [1787245592.514509067] [a3_receive_input_gateway]: gateway calibrated=yes frame_age=3.3ms frames=181507 ball=25768 base_poses=181488 invalid=0 station_ok=yes
[INFO] [1787245593.514529850] [a3_receive_input_gateway]: gateway calibrated=yes frame_age=3.3ms frames=181807 ball=25768 base_poses=181788 invalid=0 station_ok=yes
[INFO] [1787245594.514591230] [a3_receive_input_gateway]: gateway calibrated=yes frame_age=3.5ms frames=182107 ball=25768 base_poses=182088 invalid=0 station_ok=yes
[INFO] [1787245595.514572963] [a3_receive_input_gateway]: gateway calibrated=yes frame_age=3.6ms frames=182407 ball=25768 base_poses=182388 invalid=0 station_ok=yes
[INFO] [1787245596.514712154] [a3_receive_input_gateway]: gateway calibrated=yes frame_age=3.4ms frames=182707 ball=25768 base_poses=182688 invalid=0 station_ok=yes
[INFO] [1787245597.514552880] [a3_receive_input_gateway]: gateway calibrated=yes frame_age=3.7ms frames=183007 ball=25768 base_poses=182988 invalid=0 station_ok=yes
[INFO] [1787245598.514518021] [a3_receive_input_gateway]: gateway calibrated=yes frame_age=3.8ms frames=183307 ball=25768 base_poses=183288 invalid=0 station_ok=yes
[INFO] [1787245599.514728451] [a3_receive_input_gateway]: gateway calibrated=yes frame_age=0.2ms frames=183608 ball=25768 base_poses=183589 invalid=0 station_ok=yes
[INFO] [1787245600.514646277] [a3_receive_input_gateway]: gateway calibrated=yes frame_age=4.0ms frames=183907 ball=25768 base_poses=183888 invalid=0 station_ok=yes
[INFO] [1787245601.516086050] [a3_receive_input_gateway]: gateway calibrated=yes frame_age=5.6ms frames=184207 ball=25768 base_poses=184188 invalid=0 station_ok=yes
[INFO] [1787245602.514576509] [a3_receive_input_gateway]: gateway calibrated=yes frame_age=0.2ms frames=184508 ball=25768 base_poses=184489 invalid=0 station_ok=yes
[INFO] [1787245603.514540992] [a3_receive_input_gateway]: gateway calibrated=yes frame_age=0.2ms frames=184808 ball=25768 base_poses=184789 invalid=0 station_ok=yes
[INFO] [1787245604.514488391] [a3_receive_input_gateway]: gateway calibrated=yes frame_age=0.2ms frames=185108 ball=25768 base_poses=185089 invalid=0 station_ok=yes
[INFO] [1787245605.514624998] [a3_receive_input_gateway]: gateway calibrated=yes frame_age=0.2ms frames=185408 ball=25768 base_poses=185389 invalid=0 station_ok=yes
[INFO] [1787245606.514477177] [a3_receive_input_gateway]: gateway calibrated=yes frame_age=0.4ms frames=185708 ball=25768 base_poses=185689 invalid=0 station_ok=yes
[INFO] [1787245607.514551709] [a3_receive_input_gateway]: gateway calibrated=yes frame_age=2.4ms frames=186007 ball=25768 base_poses=185988 invalid=0 station_ok=yes
[INFO] [1787245607.588237755] [a3_receive_input_gateway]: ball tracking: visible
[INFO] [1787245608.514477981] [a3_receive_input_gateway]: gateway calibrated=yes frame_age=0.5ms frames=186308 ball=26047 base_poses=186289 invalid=0 station_ok=yes
[INFO] [1787245609.514959939] [a3_receive_input_gateway]: gateway calibrated=yes frame_age=0.8ms frames=186608 ball=26347 base_poses=186589 invalid=0 station_ok=yes
[INFO] [1787245609.952002011] [a3_receive_input_gateway]: ball tracking: lost
[INFO] [1787245610.514485899] [a3_receive_input_gateway]: gateway calibrated=yes frame_age=0.7ms frames=186908 ball=26477 base_poses=186889 invalid=0 station_ok=yes
[INFO] [1787245611.514717390] [a3_receive_input_gateway]: gateway calibrated=yes frame_age=0.5ms frames=187208 ball=26477 base_poses=187189 invalid=0 station_ok=yes
[INFO] [1787245612.514481135] [a3_receive_input_gateway]: gateway calibrated=yes frame_age=0.8ms frames=187508 ball=26477 base_poses=187489 invalid=0 station_ok=yes
[INFO] [1787245613.514485050] [a3_receive_input_gateway]: gateway calibrated=yes frame_age=0.7ms frames=187808 ball=26477 base_poses=187789 invalid=0 station_ok=yes
[INFO] [1787245614.514554948] [a3_receive_input_gateway]: gateway calibrated=yes frame_age=1.0ms frames=188108 ball=26477 base_poses=188089 invalid=0 station_ok=yes
[INFO] [1787245615.514479006] [a3_receive_input_gateway]: gateway calibrated=yes frame_age=0.9ms frames=188408 ball=26477 base_poses=188389 invalid=0 station_ok=yes
[INFO] [1787245616.514489184] [a3_receive_input_gateway]: gateway calibrated=yes frame_age=1.1ms frames=188708 ball=26477 base_poses=188689 invalid=0 station_ok=yes
[INFO] [1787245617.514539334] [a3_receive_input_gateway]: gateway calibrated=yes frame_age=1.1ms frames=189008 ball=26477 base_poses=188989 invalid=0 station_ok=yes
[INFO] [1787245618.514738085] [a3_receive_input_gateway]: gateway calibrated=yes frame_age=1.2ms frames=189308 ball=26477 base_poses=189289 invalid=0 station_ok=yes
[INFO] [1787245619.514565889] [a3_receive_input_gateway]: gateway calibrated=yes frame_age=1.2ms frames=189608 ball=26477 base_poses=189589 invalid=0 station_ok=yes
[INFO] [1787245620.514526445] [a3_receive_input_gateway]: gateway calibrated=yes frame_age=1.1ms frames=189908 ball=26477 base_poses=189889 invalid=0 station_ok=yes
[INFO] [1787245621.514509307] [a3_receive_input_gateway]: gateway calibrated=yes frame_age=3.0ms frames=190207 ball=26477 base_poses=190188 invalid=0 station_ok=yes
[INFO] [1787245622.514537553] [a3_receive_input_gateway]: gateway calibrated=yes frame_age=3.4ms frames=190507 ball=26477 base_poses=190488 invalid=0 station_ok=yes
[INFO] [1787245623.514513866] [a3_receive_input_gateway]: gateway calibrated=yes frame_age=3.4ms frames=190807 ball=26477 base_poses=190788 invalid=0 station_ok=yes
[INFO] [1787245624.514515094] [a3_receive_input_gateway]: gateway calibrated=yes frame_age=1.3ms frames=191108 ball=26477 base_poses=191089 invalid=0 station_ok=yes
[INFO] [1787245625.514522922] [a3_receive_input_gateway]: gateway calibrated=yes frame_age=3.4ms frames=191407 ball=26477 base_poses=191388 invalid=0 station_ok=yes
[INFO] [1787245626.514555910] [a3_receive_input_gateway]: gateway calibrated=yes frame_age=3.6ms frames=191707 ball=26477 base_poses=191688 invalid=0 station_ok=yes
[INFO] [1787245627.514554295] [a3_receive_input_gateway]: gateway calibrated=yes frame_age=3.7ms frames=192007 ball=26477 base_poses=191988 invalid=0 station_ok=yes
[INFO] [1787245628.514513415] [a3_receive_input_gateway]: gateway calibrated=yes frame_age=3.6ms frames=192307 ball=26477 base_poses=192288 invalid=0 station_ok=yes
[INFO] [1787245629.514790884] [a3_receive_input_gateway]: gateway calibrated=yes frame_age=0.2ms frames=192608 ball=26477 base_poses=192589 invalid=0 station_ok=yes
[INFO] [1787245629.640677584] [a3_receive_input_gateway]: ball tracking: visible
[INFO] [1787245629.918614382] [a3_receive_input_gateway]: ball tracking: lost
[INFO] [1787245630.400512370] [a3_receive_input_gateway]: ball tracking: visible
[INFO] [1787245630.514843533] [a3_receive_input_gateway]: gateway calibrated=yes frame_age=0.2ms frames=192908 ball=26595 base_poses=192889 invalid=0 station_ok=yes
[INFO] [1787245630.586740327] [a3_receive_input_gateway]: ball tracking: lost
[INFO] [1787245630.620581799] [a3_receive_input_gateway]: ball tracking: visible
[INFO] [1787245630.656581985] [a3_receive_input_gateway]: ball tracking: lost
[INFO] [1787245630.878583297] [a3_receive_input_gateway]: ball tracking: visible
[INFO] [1787245631.224715592] [a3_receive_input_gateway]: ball tracking: lost
[INFO] [1787245631.515097632] [a3_receive_input_gateway]: gateway calibrated=yes frame_age=0.2ms frames=193208 ball=26731 base_poses=193189 invalid=0 station_ok=yes
[INFO] [1787245632.514582771] [a3_receive_input_gateway]: gateway calibrated=yes frame_age=0.2ms frames=193508 ball=26731 base_poses=193489 invalid=0 station_ok=yes
[INFO] [1787245633.514615377] [a3_receive_input_gateway]: gateway calibrated=yes frame_age=0.2ms frames=193808 ball=26731 base_poses=193789 invalid=0 station_ok=yes
[INFO] [1787245634.514649272] [a3_receive_input_gateway]: gateway calibrated=yes frame_age=0.2ms frames=194108 ball=26731 base_poses=194089 invalid=0 station_ok=yes
[INFO] [1787245635.514606005] [a3_receive_input_gateway]: gateway calibrated=yes frame_age=0.2ms frames=194408 ball=26731 base_poses=194389 invalid=0 station_ok=yes
[INFO] [1787245636.514484601] [a3_receive_input_gateway]: gateway calibrated=yes frame_age=0.2ms frames=194708 ball=26731 base_poses=194689 invalid=0 station_ok=yes
[INFO] [1787245637.514476941] [a3_receive_input_gateway]: gateway calibrated=yes frame_age=0.2ms frames=195008 ball=26731 base_poses=194989 invalid=0 station_ok=yes
[INFO] [1787245638.514475366] [a3_receive_input_gateway]: gateway calibrated=yes frame_age=0.5ms frames=195308 ball=26731 base_poses=195289 invalid=0 station_ok=yes
[INFO] [1787245639.514518003] [a3_receive_input_gateway]: gateway calibrated=yes frame_age=0.5ms frames=195608 ball=26731 base_poses=195589 invalid=0 station_ok=yes
[INFO] [1787245640.404394799] [a3_receive_input_gateway]: ball tracking: visible
[INFO] [1787245640.514486546] [a3_receive_input_gateway]: gateway calibrated=yes frame_age=0.4ms frames=195908 ball=26765 base_poses=195889 invalid=0 station_ok=yes
[INFO] [1787245641.514874773] [a3_receive_input_gateway]: gateway calibrated=yes frame_age=1.0ms frames=196208 ball=27065 base_poses=196189 invalid=0 station_ok=yes
[INFO] [1787245642.514482421] [a3_receive_input_gateway]: gateway calibrated=yes frame_age=0.7ms frames=196508 ball=27365 base_poses=196489 invalid=0 station_ok=yes
[INFO] [1787245643.514474109] [a3_receive_input_gateway]: gateway calibrated=yes frame_age=0.6ms frames=196808 ball=27665 base_poses=196789 invalid=0 station_ok=yes
[INFO] [1787245644.514517178] [a3_receive_input_gateway]: gateway calibrated=yes frame_age=0.8ms frames=197108 ball=27965 base_poses=197089 invalid=0 station_ok=yes
[INFO] [1787245645.514435140] [a3_receive_input_gateway]: gateway calibrated=yes frame_age=0.8ms frames=197408 ball=28265 base_poses=197389 invalid=0 station_ok=yes
[INFO] [1787245645.743552479] [a3_receive_input_gateway]: ball tracking: lost
[INFO] [1787245646.030013580] [a3_receive_input_gateway]: ball tracking: visible
[INFO] [1787245646.514466989] [a3_receive_input_gateway]: gateway calibrated=yes frame_age=0.8ms frames=197708 ball=28479 base_poses=197689 invalid=0 station_ok=yes
[INFO] [1787245647.383529021] [a3_receive_input_gateway]: ball tracking: lost
[INFO] [1787245647.393441576] [a3_receive_input_gateway]: ball tracking: visible
[INFO] [1787245647.514555480] [a3_receive_input_gateway]: gateway calibrated=yes frame_age=3.1ms frames=198007 ball=28776 base_poses=197988 invalid=0 station_ok=yes
[INFO] [1787245648.514510301] [a3_receive_input_gateway]: gateway calibrated=yes frame_age=2.9ms frames=198307 ball=29076 base_poses=198288 invalid=0 station_ok=yes
[INFO] [1787245649.514676011] [a3_receive_input_gateway]: gateway calibrated=yes frame_age=1.2ms frames=198608 ball=29377 base_poses=198589 invalid=0 station_ok=yes
[INFO] [1787245650.514499887] [a3_receive_input_gateway]: gateway calibrated=yes frame_age=1.2ms frames=198908 ball=29677 base_poses=198889 invalid=0 station_ok=yes
[INFO] [1787245651.337551896] [a3_receive_input_gateway]: ball tracking: lost
[INFO] [1787245651.377465251] [a3_receive_input_gateway]: ball tracking: visible
[INFO] [1787245651.427545821] [a3_receive_input_gateway]: ball tracking: lost
[INFO] [1787245651.467414113] [a3_receive_input_gateway]: ball tracking: visible
[INFO] [1787245651.489214922] [a3_receive_input_gateway]: ball tracking: lost
[INFO] [1787245651.507540126] [a3_receive_input_gateway]: ball tracking: visible
[INFO] [1787245651.514528624] [a3_receive_input_gateway]: gateway calibrated=yes frame_age=1.1ms frames=199208 ball=29948 base_poses=199189 invalid=0 station_ok=yes
[INFO] [1787245652.514469933] [a3_receive_input_gateway]: gateway calibrated=yes frame_age=1.1ms frames=199508 ball=30248 base_poses=199489 invalid=0 station_ok=yes
[INFO] [1787245653.514532112] [a3_receive_input_gateway]: gateway calibrated=yes frame_age=1.5ms frames=199808 ball=30548 base_poses=199789 invalid=0 station_ok=yes
[INFO] [1787245654.514593133] [a3_receive_input_gateway]: gateway calibrated=yes frame_age=1.4ms frames=200108 ball=30848 base_poses=200089 invalid=0 station_ok=yes
[INFO] [1787245655.514505353] [a3_receive_input_gateway]: gateway calibrated=yes frame_age=1.5ms frames=200408 ball=31148 base_poses=200389 invalid=0 station_ok=yes
[INFO] [1787245656.514562908] [a3_receive_input_gateway]: gateway calibrated=yes frame_age=1.7ms frames=200708 ball=31448 base_poses=200689 invalid=0 station_ok=yes
[INFO] [1787245657.514673618] [a3_receive_input_gateway]: gateway calibrated=yes frame_age=0.7ms frames=201008 ball=31748 base_poses=200989 invalid=0 station_ok=yes
[INFO] [1787245658.514509300] [a3_receive_input_gateway]: gateway calibrated=yes frame_age=1.6ms frames=201308 ball=32048 base_poses=201289 invalid=0 station_ok=yes
[INFO] [1787245659.514490433] [a3_receive_input_gateway]: gateway calibrated=yes frame_age=1.6ms frames=201608 ball=32348 base_poses=201589 invalid=0 station_ok=yes
[INFO] [1787245660.514467771] [a3_receive_input_gateway]: gateway calibrated=yes frame_age=1.8ms frames=201908 ball=32648 base_poses=201889 invalid=0 station_ok=yes
[INFO] [1787245661.514757475] [a3_receive_input_gateway]: gateway calibrated=yes frame_age=0.2ms frames=202208 ball=32948 base_poses=202189 invalid=0 station_ok=yes
[INFO] [1787245662.514632593] [a3_receive_input_gateway]: gateway calibrated=yes frame_age=0.2ms frames=202508 ball=33248 base_poses=202489 invalid=0 station_ok=yes
[INFO] [1787245663.514652862] [a3_receive_input_gateway]: gateway calibrated=yes frame_age=0.2ms frames=202808 ball=33548 base_poses=202789 invalid=0 station_ok=yes
[INFO] [1787245664.216340535] [a3_receive_input_gateway]: ball tracking: lost
[INFO] [1787245664.406468549] [a3_receive_input_gateway]: ball tracking: visible
[INFO] [1787245664.514675980] [a3_receive_input_gateway]: gateway calibrated=yes frame_age=0.2ms frames=203108 ball=33791 base_poses=203089 invalid=0 station_ok=yes
[INFO] [1787245665.128331060] [a3_receive_input_gateway]: ball tracking: lost
[INFO] [1787245665.336948331] [a3_receive_input_gateway]: ball tracking: visible
[INFO] [1787245665.430318340] [a3_receive_input_gateway]: ball tracking: lost
[INFO] [1787245665.480242776] [a3_receive_input_gateway]: ball tracking: visible
[INFO] [1787245665.514460028] [a3_receive_input_gateway]: gateway calibrated=yes frame_age=0.2ms frames=203408 ball=34013 base_poses=203389 invalid=0 station_ok=yes
[INFO] [1787245666.326358671] [a3_receive_input_gateway]: ball tracking: lost
[INFO] [1787245666.334359126] [a3_receive_input_gateway]: ball tracking: visible
[INFO] [1787245666.514516419] [a3_receive_input_gateway]: gateway calibrated=yes frame_age=2.3ms frames=203708 ball=34311 base_poses=203689 invalid=0 station_ok=yes
[INFO] [1787245666.592294920] [a3_receive_input_gateway]: ball tracking: lost
[INFO] [1787245666.696348150] [a3_receive_input_gateway]: ball tracking: visible
[INFO] [1787245666.868520632] [a3_receive_input_gateway]: ball tracking: lost
[INFO] [1787245666.966134621] [a3_receive_input_gateway]: ball tracking: visible
[INFO] [1787245667.142148394] [a3_receive_input_gateway]: ball tracking: lost
[INFO] [1787245667.180925622] [a3_receive_input_gateway]: ball tracking: visible
[INFO] [1787245667.192213134] [a3_receive_input_gateway]: ball tracking: lost
[INFO] [1787245667.515201093] [a3_receive_input_gateway]: gateway calibrated=yes frame_age=0.4ms frames=204008 ball=34442 base_poses=203989 invalid=0 station_ok=yes
[INFO] [1787245668.206046957] [a3_receive_input_gateway]: ball tracking: visible
[INFO] [1787245668.216165560] [a3_receive_input_gateway]: ball tracking: lost
[INFO] [1787245668.470191210] [a3_receive_input_gateway]: ball tracking: visible
[INFO] [1787245668.486918989] [a3_receive_input_gateway]: ball tracking: lost
[INFO] [1787245668.514457407] [a3_receive_input_gateway]: gateway calibrated=yes frame_age=2.2ms frames=204308 ball=34450 base_poses=204289 invalid=0 station_ok=yes
[INFO] [1787245668.824216488] [a3_receive_input_gateway]: ball tracking: visible
[INFO] [1787245668.840092533] [a3_receive_input_gateway]: ball tracking: lost
[INFO] [1787245669.184037749] [a3_receive_input_gateway]: ball tracking: visible
[INFO] [1787245669.194194681] [a3_receive_input_gateway]: ball tracking: lost
[INFO] [1787245669.514512197] [a3_receive_input_gateway]: gateway calibrated=yes frame_age=2.2ms frames=204608 ball=34458 base_poses=204589 invalid=0 station_ok=yes
[INFO] [1787245669.635999602] [a3_receive_input_gateway]: ball tracking: visible
[INFO] [1787245670.454131859] [a3_receive_input_gateway]: ball tracking: lost
[INFO] [1787245670.514523433] [a3_receive_input_gateway]: gateway calibrated=yes frame_age=0.4ms frames=204908 ball=34703 base_poses=204889 invalid=0 station_ok=yes
[INFO] [1787245670.915902084] [a3_receive_input_gateway]: ball tracking: visible
[INFO] [1787245671.180265731] [a3_receive_input_gateway]: ball tracking: lost
[INFO] [1787245671.320321869] [a3_receive_input_gateway]: ball tracking: visible
[INFO] [1787245671.381884293] [a3_receive_input_gateway]: ball tracking: lost
[INFO] [1787245671.514462965] [a3_receive_input_gateway]: gateway calibrated=yes frame_age=0.5ms frames=205208 ball=34800 base_poses=205189 invalid=0 station_ok=yes
[INFO] [1787245672.514648748] [a3_receive_input_gateway]: gateway calibrated=yes frame_age=2.6ms frames=205508 ball=34800 base_poses=205489 invalid=0 station_ok=yes
[INFO] [1787245673.355921011] [a3_receive_input_gateway]: ball tracking: visible
[INFO] [1787245673.514492699] [a3_receive_input_gateway]: gateway calibrated=yes frame_age=0.7ms frames=205808 ball=34848 base_poses=205789 invalid=0 station_ok=yes
[INFO] [1787245674.514483054] [a3_receive_input_gateway]: gateway calibrated=yes frame_age=0.7ms frames=206108 ball=35148 base_poses=206089 invalid=0 station_ok=yes
[INFO] [1787245675.514481502] [a3_receive_input_gateway]: gateway calibrated=yes frame_age=0.9ms frames=206408 ball=35448 base_poses=206389 invalid=0 station_ok=yes
[INFO] [1787245676.514873413] [a3_receive_input_gateway]: gateway calibrated=yes frame_age=0.7ms frames=206708 ball=35748 base_poses=206689 invalid=0 station_ok=yes
[INFO] [1787245677.514480477] [a3_receive_input_gateway]: gateway calibrated=yes frame_age=0.9ms frames=207008 ball=36048 base_poses=206989 invalid=0 station_ok=yes
[INFO] [1787245678.514526621] [a3_receive_input_gateway]: gateway calibrated=yes frame_age=1.1ms frames=207308 ball=36348 base_poses=207289 invalid=0 station_ok=yes
[INFO] [1787245679.285342173] [a3_receive_input_gateway]: ball tracking: lost
[INFO] [1787245679.514521267] [a3_receive_input_gateway]: gateway calibrated=yes frame_age=1.2ms frames=207608 ball=36579 base_poses=207589 invalid=0 station_ok=yes
[INFO] [1787245680.349355977] [a3_receive_input_gateway]: ball tracking: visible
[INFO] [1787245680.469233693] [a3_receive_input_gateway]: ball tracking: lost
[INFO] [1787245680.514477143] [a3_receive_input_gateway]: gateway calibrated=yes frame_age=1.3ms frames=207908 ball=36615 base_poses=207889 invalid=0 station_ok=yes
[INFO] [1787245681.514715076] [a3_receive_input_gateway]: gateway calibrated=yes frame_age=1.0ms frames=208208 ball=36615 base_poses=208189 invalid=0 station_ok=yes
[INFO] [1787245682.514608962] [a3_receive_input_gateway]: gateway calibrated=yes frame_age=1.2ms frames=208508 ball=36615 base_poses=208489 invalid=0 station_ok=yes
[INFO] [1787245683.514514828] [a3_receive_input_gateway]: gateway calibrated=yes frame_age=1.4ms frames=208808 ball=36615 base_poses=208789 invalid=0 station_ok=yes
[INFO] [1787245684.514523153] [a3_receive_input_gateway]: gateway calibrated=yes frame_age=1.3ms frames=209108 ball=36615 base_poses=209089 invalid=0 station_ok=yes
[INFO] [1787245685.514484187] [a3_receive_input_gateway]: gateway calibrated=yes frame_age=1.6ms frames=209408 ball=36615 base_poses=209389 invalid=0 station_ok=yes
[INFO] [1787245686.514480191] [a3_receive_input_gateway]: gateway calibrated=yes frame_age=1.2ms frames=209708 ball=36615 base_poses=209689 invalid=0 station_ok=yes
[INFO] [1787245687.514599864] [a3_receive_input_gateway]: gateway calibrated=yes frame_age=1.5ms frames=210008 ball=36615 base_poses=209989 invalid=0 station_ok=yes
[INFO] [1787245688.514515093] [a3_receive_input_gateway]: gateway calibrated=yes frame_age=1.5ms frames=210308 ball=36615 base_poses=210289 invalid=0 station_ok=yes
[INFO] [1787245689.514499356] [a3_receive_input_gateway]: gateway calibrated=yes frame_age=1.5ms frames=210608 ball=36615 base_poses=210589 invalid=0 station_ok=yes
[INFO] [1787245690.514535983] [a3_receive_input_gateway]: gateway calibrated=yes frame_age=1.8ms frames=210908 ball=36615 base_poses=210889 invalid=0 station_ok=yes
[INFO] [1787245691.514543992] [a3_receive_input_gateway]: gateway calibrated=yes frame_age=2.0ms frames=211208 ball=36615 base_poses=211189 invalid=0 station_ok=yes
[INFO] [1787245692.514521871] [a3_receive_input_gateway]: gateway calibrated=yes frame_age=2.0ms frames=211508 ball=36615 base_poses=211489 invalid=0 station_ok=yes
[INFO] [1787245693.514511057] [a3_receive_input_gateway]: gateway calibrated=yes frame_age=1.9ms frames=211808 ball=36615 base_poses=211789 invalid=0 station_ok=yes
[INFO] [1787245694.514528908] [a3_receive_input_gateway]: gateway calibrated=yes frame_age=2.1ms frames=212108 ball=36615 base_poses=212089 invalid=0 station_ok=yes
[INFO] [1787245695.514482497] [a3_receive_input_gateway]: gateway calibrated=yes frame_age=2.1ms frames=212408 ball=36615 base_poses=212389 invalid=0 station_ok=yes
[INFO] [1787245696.514481372] [a3_receive_input_gateway]: gateway calibrated=yes frame_age=2.0ms frames=212708 ball=36615 base_poses=212689 invalid=0 station_ok=yes
[INFO] [1787245697.514572605] [a3_receive_input_gateway]: gateway calibrated=yes frame_age=2.2ms frames=213008 ball=36615 base_poses=212989 invalid=0 station_ok=yes
[INFO] [1787245698.514631280] [a3_receive_input_gateway]: gateway calibrated=yes frame_age=2.1ms frames=213308 ball=36615 base_poses=213289 invalid=0 station_ok=yes
[INFO] [1787245699.514532097] [a3_receive_input_gateway]: gateway calibrated=yes frame_age=2.4ms frames=213608 ball=36615 base_poses=213589 invalid=0 station_ok=yes
[INFO] [1787245700.514542714] [a3_receive_input_gateway]: gateway calibrated=yes frame_age=2.4ms frames=213908 ball=36615 base_poses=213889 invalid=0 station_ok=yes
[INFO] [1787245701.514513021] [a3_receive_input_gateway]: gateway calibrated=yes frame_age=2.2ms frames=214208 ball=36615 base_poses=214189 invalid=0 station_ok=yes
[INFO] [1787245702.514509928] [a3_receive_input_gateway]: gateway calibrated=yes frame_age=2.5ms frames=214508 ball=36615 base_poses=214489 invalid=0 station_ok=yes
[INFO] [1787245703.514510592] [a3_receive_input_gateway]: gateway calibrated=yes frame_age=2.5ms frames=214808 ball=36615 base_poses=214789 invalid=0 station_ok=yes
[INFO] [1787245704.514500369] [a3_receive_input_gateway]: gateway calibrated=yes frame_age=2.7ms frames=215108 ball=36615 base_poses=215089 invalid=0 station_ok=yes
[INFO] [1787245705.514557291] [a3_receive_input_gateway]: gateway calibrated=yes frame_age=2.7ms frames=215408 ball=36615 base_poses=215389 invalid=0 station_ok=yes
[INFO] [1787245706.514513792] [a3_receive_input_gateway]: gateway calibrated=yes frame_age=2.9ms frames=215708 ball=36615 base_poses=215689 invalid=0 station_ok=yes
[INFO] [1787245707.514607875] [a3_receive_input_gateway]: gateway calibrated=yes frame_age=3.1ms frames=216008 ball=36615 base_poses=215989 invalid=0 station_ok=yes
[INFO] [1787245708.514525330] [a3_receive_input_gateway]: gateway calibrated=yes frame_age=3.1ms frames=216308 ball=36615 base_poses=216289 invalid=0 station_ok=yes
[INFO] [1787245709.514529157] [a3_receive_input_gateway]: gateway calibrated=yes frame_age=3.1ms frames=216608 ball=36615 base_poses=216589 invalid=0 station_ok=yes
[INFO] [1787245710.514539570] [a3_receive_input_gateway]: gateway calibrated=yes frame_age=3.0ms frames=216908 ball=36615 base_poses=216889 invalid=0 station_ok=yes
[INFO] [1787245711.514526437] [a3_receive_input_gateway]: gateway calibrated=yes frame_age=3.0ms frames=217208 ball=36615 base_poses=217189 invalid=0 station_ok=yes
[INFO] [1787245712.514525211] [a3_receive_input_gateway]: gateway calibrated=yes frame_age=3.0ms frames=217508 ball=36615 base_poses=217489 invalid=0 station_ok=yes
[INFO] [1787245713.514508394] [a3_receive_input_gateway]: gateway calibrated=yes frame_age=2.8ms frames=217808 ball=36615 base_poses=217789 invalid=0 station_ok=yes
[INFO] [1787245714.514524819] [a3_receive_input_gateway]: gateway calibrated=yes frame_age=3.5ms frames=218108 ball=36615 base_poses=218089 invalid=0 station_ok=yes
[INFO] [1787245715.514489453] [a3_receive_input_gateway]: gateway calibrated=yes frame_age=3.3ms frames=218408 ball=36615 base_poses=218389 invalid=0 station_ok=yes
[INFO] [1787245716.514657112] [a3_receive_input_gateway]: gateway calibrated=yes frame_age=3.6ms frames=218708 ball=36615 base_poses=218689 invalid=0 station_ok=yes
[INFO] [1787245717.514573728] [a3_receive_input_gateway]: gateway calibrated=yes frame_age=3.5ms frames=219008 ball=36615 base_poses=218989 invalid=0 station_ok=yes
[INFO] [1787245718.514810553] [a3_receive_input_gateway]: gateway calibrated=yes frame_age=3.5ms frames=219308 ball=36615 base_poses=219289 invalid=0 station_ok=yes
[INFO] [1787245719.514508593] [a3_receive_input_gateway]: gateway calibrated=yes frame_age=3.6ms frames=219608 ball=36615 base_poses=219589 invalid=0 station_ok=yes
[INFO] [1787245720.514711361] [a3_receive_input_gateway]: gateway calibrated=yes frame_age=3.8ms frames=219908 ball=36615 base_poses=219889 invalid=0 station_ok=yes
[INFO] [1787245721.514487504] [a3_receive_input_gateway]: gateway calibrated=yes frame_age=1.7ms frames=220208 ball=36615 base_poses=220189 invalid=0 station_ok=yes
[INFO] [1787245722.514608136] [a3_receive_input_gateway]: gateway calibrated=yes frame_age=3.9ms frames=220508 ball=36615 base_poses=220489 invalid=0 station_ok=yes
[INFO] [1787245723.514762176] [a3_receive_input_gateway]: gateway calibrated=yes frame_age=0.2ms frames=220809 ball=36615 base_poses=220790 invalid=0 station_ok=yes
[INFO] [1787245724.515210135] [a3_receive_input_gateway]: gateway calibrated=yes frame_age=0.4ms frames=221109 ball=36615 base_poses=221090 invalid=0 station_ok=yes
[INFO] [1787245725.514592475] [a3_receive_input_gateway]: gateway calibrated=yes frame_age=0.2ms frames=221409 ball=36615 base_poses=221390 invalid=0 station_ok=yes
[INFO] [1787245726.514501428] [a3_receive_input_gateway]: gateway calibrated=yes frame_age=0.2ms frames=221709 ball=36615 base_poses=221690 invalid=0 station_ok=yes
[INFO] [1787245727.514574699] [a3_receive_input_gateway]: gateway calibrated=yes frame_age=0.2ms frames=222009 ball=36615 base_poses=221990 invalid=0 station_ok=yes
[INFO] [1787245728.514543857] [a3_receive_input_gateway]: gateway calibrated=yes frame_age=0.2ms frames=222309 ball=36615 base_poses=222290 invalid=0 station_ok=yes
[INFO] [1787245729.514509513] [a3_receive_input_gateway]: gateway calibrated=yes frame_age=0.2ms frames=222609 ball=36615 base_poses=222590 invalid=0 station_ok=yes
[INFO] [1787245730.514508957] [a3_receive_input_gateway]: gateway calibrated=yes frame_age=2.4ms frames=222908 ball=36615 base_poses=222889 invalid=0 station_ok=yes
[INFO] [1787245731.515101090] [a3_receive_input_gateway]: gateway calibrated=yes frame_age=0.3ms frames=223209 ball=36615 base_poses=223190 invalid=0 station_ok=yes
[INFO] [1787245732.514475870] [a3_receive_input_gateway]: gateway calibrated=yes frame_age=0.6ms frames=223509 ball=36615 base_poses=223490 invalid=0 station_ok=yes
[INFO] [1787245733.514485684] [a3_receive_input_gateway]: gateway calibrated=yes frame_age=0.5ms frames=223809 ball=36615 base_poses=223790 invalid=0 station_ok=yes
[INFO] [1787245734.514471073] [a3_receive_input_gateway]: gateway calibrated=yes frame_age=0.5ms frames=224109 ball=36615 base_poses=224090 invalid=0 station_ok=yes
[INFO] [1787245735.514599258] [a3_receive_input_gateway]: gateway calibrated=yes frame_age=0.9ms frames=224409 ball=36615 base_poses=224390 invalid=0 station_ok=yes
[INFO] [1787245736.514489333] [a3_receive_input_gateway]: gateway calibrated=yes frame_age=0.9ms frames=224709 ball=36615 base_poses=224690 invalid=0 station_ok=yes
[INFO] [1787245737.514467784] [a3_receive_input_gateway]: gateway calibrated=yes frame_age=0.7ms frames=225009 ball=36615 base_poses=224990 invalid=0 station_ok=yes
[INFO] [1787245738.514465506] [a3_receive_input_gateway]: gateway calibrated=yes frame_age=0.8ms frames=225309 ball=36615 base_poses=225290 invalid=0 station_ok=yes
[INFO] [1787245739.514481665] [a3_receive_input_gateway]: gateway calibrated=yes frame_age=0.9ms frames=225609 ball=36615 base_poses=225590 invalid=0 station_ok=yes
[INFO] [1787245740.514488308] [a3_receive_input_gateway]: gateway calibrated=yes frame_age=1.1ms frames=225909 ball=36615 base_poses=225890 invalid=0 station_ok=yes
[INFO] [1787245741.514541651] [a3_receive_input_gateway]: gateway calibrated=yes frame_age=3.1ms frames=226208 ball=36615 base_poses=226189 invalid=0 station_ok=yes
[INFO] [1787245742.514515361] [a3_receive_input_gateway]: gateway calibrated=yes frame_age=3.0ms frames=226508 ball=36615 base_poses=226489 invalid=0 station_ok=yes
[INFO] [1787245743.514511522] [a3_receive_input_gateway]: gateway calibrated=yes frame_age=3.1ms frames=226808 ball=36615 base_poses=226789 invalid=0 station_ok=yes
[INFO] [1787245744.514521510] [a3_receive_input_gateway]: gateway calibrated=yes frame_age=3.1ms frames=227108 ball=36615 base_poses=227089 invalid=0 station_ok=yes
[INFO] [1787245745.514522041] [a3_receive_input_gateway]: gateway calibrated=yes frame_age=3.2ms frames=227408 ball=36615 base_poses=227389 invalid=0 station_ok=yes
[INFO] [1787245746.514506104] [a3_receive_input_gateway]: gateway calibrated=yes frame_age=3.5ms frames=227708 ball=36615 base_poses=227689 invalid=0 station_ok=yes
[INFO] [1787245747.514655751] [a3_receive_input_gateway]: gateway calibrated=yes frame_age=3.4ms frames=228008 ball=36615 base_poses=227989 invalid=0 station_ok=yes
[INFO] [1787245748.514504969] [a3_receive_input_gateway]: gateway calibrated=yes frame_age=3.3ms frames=228308 ball=36615 base_poses=228289 invalid=0 station_ok=yes
[INFO] [1787245749.514572065] [a3_receive_input_gateway]: gateway calibrated=yes frame_age=3.7ms frames=228608 ball=36615 base_poses=228589 invalid=0 station_ok=yes
[INFO] [1787245750.514887710] [a3_receive_input_gateway]: gateway calibrated=yes frame_age=3.8ms frames=228908 ball=36615 base_poses=228889 invalid=0 station_ok=yes
[INFO] [1787245751.514564351] [a3_receive_input_gateway]: gateway calibrated=yes frame_age=3.8ms frames=229208 ball=36615 base_poses=229189 invalid=0 station_ok=yes
[INFO] [1787245752.514489592] [a3_receive_input_gateway]: gateway calibrated=yes frame_age=3.8ms frames=229508 ball=36615 base_poses=229489 invalid=0 station_ok=yes
[INFO] [1787245753.515530021] [a3_receive_input_gateway]: gateway calibrated=yes frame_age=0.4ms frames=229809 ball=36615 base_poses=229790 invalid=0 station_ok=yes
[INFO] [1787245754.514683118] [a3_receive_input_gateway]: gateway calibrated=yes frame_age=0.1ms frames=230109 ball=36615 base_poses=230090 invalid=0 station_ok=yes
[INFO] [1787245755.514618053] [a3_receive_input_gateway]: gateway calibrated=yes frame_age=0.2ms frames=230409 ball=36615 base_poses=230390 invalid=0 station_ok=yes
[INFO] [1787245756.514597135] [a3_receive_input_gateway]: gateway calibrated=yes frame_age=0.2ms frames=230709 ball=36615 base_poses=230690 invalid=0 station_ok=yes
[INFO] [1787245757.514522679] [a3_receive_input_gateway]: gateway calibrated=yes frame_age=0.2ms frames=231009 ball=36615 base_poses=230990 invalid=0 station_ok=yes
[INFO] [1787245758.514466752] [a3_receive_input_gateway]: gateway calibrated=yes frame_age=0.2ms frames=231309 ball=36615 base_poses=231290 invalid=0 station_ok=yes
[INFO] [1787245759.514548208] [a3_receive_input_gateway]: gateway calibrated=yes frame_age=0.2ms frames=231609 ball=36615 base_poses=231590 invalid=0 station_ok=yes
[INFO] [1787245760.515139355] [a3_receive_input_gateway]: gateway calibrated=yes frame_age=0.4ms frames=231909 ball=36615 base_poses=231890 invalid=0 station_ok=yes
[INFO] [1787245761.514705483] [a3_receive_input_gateway]: gateway calibrated=yes frame_age=0.5ms frames=232209 ball=36615 base_poses=232190 invalid=0 station_ok=yes
[INFO] [1787245762.514589845] [a3_receive_input_gateway]: gateway calibrated=yes frame_age=0.4ms frames=232509 ball=36615 base_poses=232490 invalid=0 station_ok=yes
[INFO] [1787245763.514493763] [a3_receive_input_gateway]: gateway calibrated=yes frame_age=0.3ms frames=232809 ball=36615 base_poses=232790 invalid=0 station_ok=yes
[INFO] [1787245764.514484204] [a3_receive_input_gateway]: gateway calibrated=yes frame_age=0.6ms frames=233109 ball=36615 base_poses=233090 invalid=0 station_ok=yes
[INFO] [1787245765.514504532] [a3_receive_input_gateway]: gateway calibrated=yes frame_age=0.4ms frames=233409 ball=36615 base_poses=233390 invalid=0 station_ok=yes
[INFO] [1787245766.514472379] [a3_receive_input_gateway]: gateway calibrated=yes frame_age=0.5ms frames=233709 ball=36615 base_poses=233690 invalid=0 station_ok=yes
[INFO] [1787245767.514487643] [a3_receive_input_gateway]: gateway calibrated=yes frame_age=0.7ms frames=234009 ball=36615 base_poses=233990 invalid=0 station_ok=yes
[INFO] [1787245768.514475871] [a3_receive_input_gateway]: gateway calibrated=yes frame_age=0.8ms frames=234309 ball=36615 base_poses=234290 invalid=0 station_ok=yes
[INFO] [1787245769.514484886] [a3_receive_input_gateway]: gateway calibrated=yes frame_age=0.8ms frames=234609 ball=36615 base_poses=234590 invalid=0 station_ok=yes
[INFO] [1787245770.514559169] [a3_receive_input_gateway]: gateway calibrated=yes frame_age=5.1ms frames=234908 ball=36615 base_poses=234889 invalid=0 station_ok=yes
[INFO] [1787245771.514475653] [a3_receive_input_gateway]: gateway calibrated=yes frame_age=0.8ms frames=235209 ball=36615 base_poses=235190 invalid=0 station_ok=yes
[INFO] [1787245772.514678575] [a3_receive_input_gateway]: gateway calibrated=yes frame_age=0.9ms frames=235509 ball=36615 base_poses=235490 invalid=0 station_ok=yes
[INFO] [1787245773.514467363] [a3_receive_input_gateway]: gateway calibrated=yes frame_age=0.9ms frames=235809 ball=36615 base_poses=235790 invalid=0 station_ok=yes
[INFO] [1787245774.514519170] [a3_receive_input_gateway]: gateway calibrated=yes frame_age=1.3ms frames=236109 ball=36615 base_poses=236090 invalid=0 station_ok=yes
[INFO] [1787245775.514474145] [a3_receive_input_gateway]: gateway calibrated=yes frame_age=1.2ms frames=236409 ball=36615 base_poses=236390 invalid=0 station_ok=yes
[INFO] [1787245776.514483580] [a3_receive_input_gateway]: gateway calibrated=yes frame_age=1.4ms frames=236709 ball=36615 base_poses=236690 invalid=0 station_ok=yes
[INFO] [1787245777.514587150] [a3_receive_input_gateway]: gateway calibrated=yes frame_age=1.4ms frames=237009 ball=36615 base_poses=236990 invalid=0 station_ok=yes
[INFO] [1787245778.514519881] [a3_receive_input_gateway]: gateway calibrated=yes frame_age=1.4ms frames=237309 ball=36615 base_poses=237290 invalid=0 station_ok=yes
[INFO] [1787245779.514514103] [a3_receive_input_gateway]: gateway calibrated=yes frame_age=3.4ms frames=237608 ball=36615 base_poses=237589 invalid=0 station_ok=yes
[INFO] [1787245780.514506269] [a3_receive_input_gateway]: gateway calibrated=yes frame_age=1.7ms frames=237909 ball=36615 base_poses=237890 invalid=0 station_ok=yes
[INFO] [1787245781.514514221] [a3_receive_input_gateway]: gateway calibrated=yes frame_age=1.7ms frames=238209 ball=36615 base_poses=238190 invalid=0 station_ok=yes
[INFO] [1787245782.514506802] [a3_receive_input_gateway]: gateway calibrated=yes frame_age=1.5ms frames=238509 ball=36615 base_poses=238490 invalid=0 station_ok=yes
[INFO] [1787245783.514491982] [a3_receive_input_gateway]: gateway calibrated=yes frame_age=1.8ms frames=238809 ball=36615 base_poses=238790 invalid=0 station_ok=yes
[INFO] [1787245784.514523026] [a3_receive_input_gateway]: gateway calibrated=yes frame_age=1.7ms frames=239109 ball=36615 base_poses=239090 invalid=0 station_ok=yes
[INFO] [1787245785.514511545] [a3_receive_input_gateway]: gateway calibrated=yes frame_age=2.0ms frames=239409 ball=36615 base_poses=239390 invalid=0 station_ok=yes
[INFO] [1787245786.514473496] [a3_receive_input_gateway]: gateway calibrated=yes frame_age=2.0ms frames=239709 ball=36615 base_poses=239690 invalid=0 station_ok=yes
[INFO] [1787245787.514512046] [a3_receive_input_gateway]: gateway calibrated=yes frame_age=1.9ms frames=240009 ball=36615 base_poses=239990 invalid=0 station_ok=yes
[INFO] [1787245788.514511528] [a3_receive_input_gateway]: gateway calibrated=yes frame_age=2.1ms frames=240309 ball=36615 base_poses=240290 invalid=0 station_ok=yes
[INFO] [1787245789.514467790] [a3_receive_input_gateway]: gateway calibrated=yes frame_age=0.3ms frames=240609 ball=36615 base_poses=240590 invalid=0 station_ok=yes
[INFO] [1787245790.514507582] [a3_receive_input_gateway]: gateway calibrated=yes frame_age=2.2ms frames=240909 ball=36615 base_poses=240890 invalid=0 station_ok=yes
[INFO] [1787245791.514962285] [a3_receive_input_gateway]: gateway calibrated=yes frame_age=2.8ms frames=241209 ball=36615 base_poses=241190 invalid=0 station_ok=yes
[INFO] [1787245792.514627308] [a3_receive_input_gateway]: gateway calibrated=yes frame_age=2.5ms frames=241509 ball=36615 base_poses=241490 invalid=0 station_ok=yes
[INFO] [1787245793.514489474] [a3_receive_input_gateway]: gateway calibrated=yes frame_age=0.4ms frames=241809 ball=36615 base_poses=241790 invalid=0 station_ok=yes
[INFO] [1787245794.514648050] [a3_receive_input_gateway]: gateway calibrated=yes frame_age=2.3ms frames=242109 ball=36615 base_poses=242090 invalid=0 station_ok=yes
[INFO] [1787245795.514502420] [a3_receive_input_gateway]: gateway calibrated=yes frame_age=0.6ms frames=242409 ball=36615 base_poses=242390 invalid=0 station_ok=yes
[INFO] [1787245796.514463709] [a3_receive_input_gateway]: gateway calibrated=yes frame_age=0.2ms frames=242709 ball=36615 base_poses=242690 invalid=0 station_ok=yes
[INFO] [1787245797.514487968] [a3_receive_input_gateway]: gateway calibrated=yes frame_age=0.8ms frames=243009 ball=36615 base_poses=242990 invalid=0 station_ok=yes
[INFO] [1787245798.514485513] [a3_receive_input_gateway]: gateway calibrated=yes frame_age=0.6ms frames=243309 ball=36615 base_poses=243290 invalid=0 station_ok=yes
[INFO] [1787245799.514484962] [a3_receive_input_gateway]: gateway calibrated=yes frame_age=0.8ms frames=243609 ball=36615 base_poses=243590 invalid=0 station_ok=yes
[INFO] [1787245800.514488383] [a3_receive_input_gateway]: gateway calibrated=yes frame_age=1.0ms frames=243909 ball=36615 base_poses=243890 invalid=0 station_ok=yes
[INFO] [1787245801.514478737] [a3_receive_input_gateway]: gateway calibrated=yes frame_age=1.0ms frames=244209 ball=36615 base_poses=244190 invalid=0 station_ok=yes
[INFO] [1787245802.514513748] [a3_receive_input_gateway]: gateway calibrated=yes frame_age=1.1ms frames=244509 ball=36615 base_poses=244490 invalid=0 station_ok=yes
[INFO] [1787245803.514538715] [a3_receive_input_gateway]: gateway calibrated=yes frame_age=1.1ms frames=244809 ball=36615 base_poses=244790 invalid=0 station_ok=yes
[INFO] [1787245804.514477402] [a3_receive_input_gateway]: gateway calibrated=yes frame_age=1.2ms frames=245109 ball=36615 base_poses=245090 invalid=0 station_ok=yes
[INFO] [1787245805.514519048] [a3_receive_input_gateway]: gateway calibrated=yes frame_age=1.2ms frames=245409 ball=36615 base_poses=245390 invalid=0 station_ok=yes
[INFO] [1787245806.514501044] [a3_receive_input_gateway]: gateway calibrated=yes frame_age=1.3ms frames=245709 ball=36615 base_poses=245690 invalid=0 station_ok=yes
[INFO] [1787245807.514541319] [a3_receive_input_gateway]: gateway calibrated=yes frame_age=1.4ms frames=246009 ball=36615 base_poses=245990 invalid=0 station_ok=yes
[INFO] [1787245808.514593577] [a3_receive_input_gateway]: gateway calibrated=yes frame_age=1.4ms frames=246309 ball=36615 base_poses=246290 invalid=0 station_ok=yes
[INFO] [1787245809.514836182] [a3_receive_input_gateway]: gateway calibrated=yes frame_age=1.5ms frames=246609 ball=36615 base_poses=246590 invalid=0 station_ok=yes
[INFO] [1787245810.514507299] [a3_receive_input_gateway]: gateway calibrated=yes frame_age=1.3ms frames=246909 ball=36615 base_poses=246890 invalid=0 station_ok=yes
[INFO] [1787245811.514644993] [a3_receive_input_gateway]: gateway calibrated=yes frame_age=1.3ms frames=247209 ball=36615 base_poses=247190 invalid=0 station_ok=yes
[INFO] [1787245812.514538323] [a3_receive_input_gateway]: gateway calibrated=yes frame_age=1.7ms frames=247509 ball=36615 base_poses=247490 invalid=0 station_ok=yes
[INFO] [1787245813.514934269] [a3_receive_input_gateway]: gateway calibrated=yes frame_age=2.2ms frames=247809 ball=36615 base_poses=247790 invalid=0 station_ok=yes
[INFO] [1787245814.514489064] [a3_receive_input_gateway]: gateway calibrated=yes frame_age=1.9ms frames=248109 ball=36615 base_poses=248090 invalid=0 station_ok=yes
[INFO] [1787245815.514508548] [a3_receive_input_gateway]: gateway calibrated=yes frame_age=1.8ms frames=248409 ball=36615 base_poses=248390 invalid=0 station_ok=yes
[INFO] [1787245816.514510761] [a3_receive_input_gateway]: gateway calibrated=yes frame_age=1.8ms frames=248709 ball=36615 base_poses=248690 invalid=0 station_ok=yes
[INFO] [1787245817.514543797] [a3_receive_input_gateway]: gateway calibrated=yes frame_age=1.8ms frames=249009 ball=36615 base_poses=248990 invalid=0 station_ok=yes
[INFO] [1787245818.514539570] [a3_receive_input_gateway]: gateway calibrated=yes frame_age=2.1ms frames=249309 ball=36615 base_poses=249290 invalid=0 station_ok=yes
[INFO] [1787245819.514672540] [a3_receive_input_gateway]: gateway calibrated=yes frame_age=1.9ms frames=249609 ball=36615 base_poses=249590 invalid=0 station_ok=yes
[INFO] [1787245820.514556247] [a3_receive_input_gateway]: gateway calibrated=yes frame_age=2.1ms frames=249909 ball=36615 base_poses=249890 invalid=0 station_ok=yes
[INFO] [1787245821.514525566] [a3_receive_input_gateway]: gateway calibrated=yes frame_age=2.1ms frames=250209 ball=36615 base_poses=250190 invalid=0 station_ok=yes
[INFO] [1787245822.514503474] [a3_receive_input_gateway]: gateway calibrated=yes frame_age=2.2ms frames=250509 ball=36615 base_poses=250490 invalid=0 station_ok=yes
[INFO] [1787245823.514553470] [a3_receive_input_gateway]: gateway calibrated=yes frame_age=2.2ms frames=250809 ball=36615 base_poses=250790 invalid=0 station_ok=yes
[INFO] [1787245824.514509217] [a3_receive_input_gateway]: gateway calibrated=yes frame_age=2.5ms frames=251109 ball=36615 base_poses=251090 invalid=0 station_ok=yes
[INFO] [1787245825.514543292] [a3_receive_input_gateway]: gateway calibrated=yes frame_age=2.6ms frames=251409 ball=36615 base_poses=251390 invalid=0 station_ok=yes
[INFO] [1787245826.514480545] [a3_receive_input_gateway]: gateway calibrated=yes frame_age=0.6ms frames=251709 ball=36615 base_poses=251690 invalid=0 station_ok=yes
[INFO] [1787245827.514522837] [a3_receive_input_gateway]: gateway calibrated=yes frame_age=2.7ms frames=252009 ball=36615 base_poses=251990 invalid=0 station_ok=yes
[INFO] [1787245828.514506569] [a3_receive_input_gateway]: gateway calibrated=yes frame_age=2.6ms frames=252309 ball=36615 base_poses=252290 invalid=0 station_ok=yes
[INFO] [1787245829.514467836] [a3_receive_input_gateway]: gateway calibrated=yes frame_age=0.7ms frames=252609 ball=36615 base_poses=252590 invalid=0 station_ok=yes
[INFO] [1787245830.514484459] [a3_receive_input_gateway]: gateway calibrated=yes frame_age=2.9ms frames=252909 ball=36615 base_poses=252890 invalid=0 station_ok=yes
[INFO] [1787245831.514548156] [a3_receive_input_gateway]: gateway calibrated=yes frame_age=3.0ms frames=253209 ball=36615 base_poses=253190 invalid=0 station_ok=yes
[INFO] [1787245832.514518015] [a3_receive_input_gateway]: gateway calibrated=yes frame_age=2.9ms frames=253509 ball=36615 base_poses=253490 invalid=0 station_ok=yes
[INFO] [1787245833.514926469] [a3_receive_input_gateway]: gateway calibrated=yes frame_age=3.4ms frames=253809 ball=36615 base_poses=253790 invalid=0 station_ok=yes
[INFO] [1787245834.514489336] [a3_receive_input_gateway]: gateway calibrated=yes frame_age=3.0ms frames=254109 ball=36615 base_poses=254090 invalid=0 station_ok=yes
[INFO] [1787245835.514535710] [a3_receive_input_gateway]: gateway calibrated=yes frame_age=3.2ms frames=254409 ball=36615 base_poses=254390 invalid=0 station_ok=yes
[INFO] [1787245836.514557088] [a3_receive_input_gateway]: gateway calibrated=yes frame_age=3.3ms frames=254709 ball=36615 base_poses=254690 invalid=0 station_ok=yes
[INFO] [1787245837.514663972] [a3_receive_input_gateway]: gateway calibrated=yes frame_age=3.1ms frames=255009 ball=36615 base_poses=254990 invalid=0 station_ok=yes
[INFO] [1787245838.514566054] [a3_receive_input_gateway]: gateway calibrated=yes frame_age=3.2ms frames=255309 ball=36615 base_poses=255290 invalid=0 station_ok=yes
[INFO] [1787245839.514570609] [a3_receive_input_gateway]: gateway calibrated=yes frame_age=3.3ms frames=255609 ball=36615 base_poses=255590 invalid=0 station_ok=yes
[INFO] [1787245840.514548306] [a3_receive_input_gateway]: gateway calibrated=yes frame_age=3.6ms frames=255909 ball=36615 base_poses=255890 invalid=0 station_ok=yes
[INFO] [1787245841.514598894] [a3_receive_input_gateway]: gateway calibrated=yes frame_age=3.6ms frames=256209 ball=36615 base_poses=256190 invalid=0 station_ok=yes
[INFO] [1787245842.514731948] [a3_receive_input_gateway]: gateway calibrated=yes frame_age=3.3ms frames=256509 ball=36615 base_poses=256490 invalid=0 station_ok=yes
[INFO] [1787245843.514510345] [a3_receive_input_gateway]: gateway calibrated=yes frame_age=3.4ms frames=256809 ball=36615 base_poses=256790 invalid=0 station_ok=yes
[INFO] [1787245844.514520199] [a3_receive_input_gateway]: gateway calibrated=yes frame_age=3.8ms frames=257109 ball=36615 base_poses=257090 invalid=0 station_ok=yes
[INFO] [1787245845.514576686] [a3_receive_input_gateway]: gateway calibrated=yes frame_age=1.7ms frames=257409 ball=36615 base_poses=257390 invalid=0 station_ok=yes
[INFO] [1787245846.514746118] [a3_receive_input_gateway]: gateway calibrated=yes frame_age=0.2ms frames=257710 ball=36615 base_poses=257691 invalid=0 station_ok=yes
[INFO] [1787245847.514802070] [a3_receive_input_gateway]: gateway calibrated=yes frame_age=0.2ms frames=258010 ball=36615 base_poses=257991 invalid=0 station_ok=yes
[INFO] [1787245848.515318275] [a3_receive_input_gateway]: gateway calibrated=yes frame_age=2.4ms frames=258309 ball=36615 base_poses=258290 invalid=0 station_ok=yes
[INFO] [1787245849.514514413] [a3_receive_input_gateway]: gateway calibrated=yes frame_age=0.1ms frames=258610 ball=36615 base_poses=258591 invalid=0 station_ok=yes
[INFO] [1787245850.514440593] [a3_receive_input_gateway]: gateway calibrated=yes frame_age=0.2ms frames=258910 ball=36615 base_poses=258891 invalid=0 station_ok=yes
[INFO] [1787245851.514509647] [a3_receive_input_gateway]: gateway calibrated=yes frame_age=0.2ms frames=259210 ball=36615 base_poses=259191 invalid=0 station_ok=yes
[INFO] [1787245852.514505257] [a3_receive_input_gateway]: gateway calibrated=yes frame_age=0.2ms frames=259510 ball=36615 base_poses=259491 invalid=0 station_ok=yes
[INFO] [1787245853.514908798] [a3_receive_input_gateway]: gateway calibrated=yes frame_age=0.3ms frames=259810 ball=36615 base_poses=259791 invalid=0 station_ok=yes
[INFO] [1787245854.514505996] [a3_receive_input_gateway]: gateway calibrated=yes frame_age=2.4ms frames=260109 ball=36615 base_poses=260090 invalid=0 station_ok=yes
[INFO] [1787245855.514467306] [a3_receive_input_gateway]: gateway calibrated=yes frame_age=0.3ms frames=260410 ball=36615 base_poses=260391 invalid=0 station_ok=yes
[INFO] [1787245856.514443316] [a3_receive_input_gateway]: gateway calibrated=yes frame_age=0.2ms frames=260710 ball=36615 base_poses=260691 invalid=0 station_ok=yes
[INFO] [1787245857.514465392] [a3_receive_input_gateway]: gateway calibrated=yes frame_age=0.5ms frames=261010 ball=36615 base_poses=260991 invalid=0 station_ok=yes
[INFO] [1787245858.514470555] [a3_receive_input_gateway]: gateway calibrated=yes frame_age=0.5ms frames=261310 ball=36615 base_poses=261291 invalid=0 station_ok=yes
[INFO] [1787245859.514480681] [a3_receive_input_gateway]: gateway calibrated=yes frame_age=0.7ms frames=261610 ball=36615 base_poses=261591 invalid=0 station_ok=yes
[INFO] [1787245860.514478138] [a3_receive_input_gateway]: gateway calibrated=yes frame_age=0.6ms frames=261910 ball=36615 base_poses=261891 invalid=0 station_ok=yes
[INFO] [1787245861.514517242] [a3_receive_input_gateway]: gateway calibrated=yes frame_age=2.7ms frames=262209 ball=36615 base_poses=262190 invalid=0 station_ok=yes
[INFO] [1787245862.514515944] [a3_receive_input_gateway]: gateway calibrated=yes frame_age=3.0ms frames=262509 ball=36615 base_poses=262490 invalid=0 station_ok=yes
[INFO] [1787245863.514571484] [a3_receive_input_gateway]: gateway calibrated=yes frame_age=3.0ms frames=262809 ball=36615 base_poses=262790 invalid=0 station_ok=yes
[INFO] [1787245864.514618487] [a3_receive_input_gateway]: gateway calibrated=yes frame_age=2.8ms frames=263109 ball=36615 base_poses=263090 invalid=0 station_ok=yes
[INFO] [1787245865.514506106] [a3_receive_input_gateway]: gateway calibrated=yes frame_age=3.1ms frames=263409 ball=36615 base_poses=263390 invalid=0 station_ok=yes
[INFO] [1787245866.514502339] [a3_receive_input_gateway]: gateway calibrated=yes frame_age=3.1ms frames=263709 ball=36615 base_poses=263690 invalid=0 station_ok=yes
[INFO] [1787245867.514502024] [a3_receive_input_gateway]: gateway calibrated=yes frame_age=2.8ms frames=264009 ball=36615 base_poses=263990 invalid=0 station_ok=yes
[INFO] [1787245868.514558569] [a3_receive_input_gateway]: gateway calibrated=yes frame_age=3.3ms frames=264309 ball=36615 base_poses=264290 invalid=0 station_ok=yes
[INFO] [1787245869.514628797] [a3_receive_input_gateway]: gateway calibrated=yes frame_age=2.7ms frames=264609 ball=36615 base_poses=264590 invalid=0 station_ok=yes
[INFO] [1787245870.514506989] [a3_receive_input_gateway]: gateway calibrated=yes frame_age=3.3ms frames=264909 ball=36615 base_poses=264890 invalid=0 station_ok=yes
[INFO] [1787245871.514949383] [a3_receive_input_gateway]: gateway calibrated=yes frame_age=4.0ms frames=265209 ball=36615 base_poses=265190 invalid=0 station_ok=yes
[INFO] [1787245872.514568376] [a3_receive_input_gateway]: gateway calibrated=yes frame_age=3.3ms frames=265509 ball=36615 base_poses=265490 invalid=0 station_ok=yes
[INFO] [1787245873.514550127] [a3_receive_input_gateway]: gateway calibrated=yes frame_age=3.6ms frames=265809 ball=36615 base_poses=265790 invalid=0 station_ok=yes
[INFO] [1787245874.514741906] [a3_receive_input_gateway]: gateway calibrated=yes frame_age=3.1ms frames=266109 ball=36615 base_poses=266090 invalid=0 station_ok=yes
[INFO] [1787245875.514525473] [a3_receive_input_gateway]: gateway calibrated=yes frame_age=3.7ms frames=266409 ball=36615 base_poses=266390 invalid=0 station_ok=yes
[INFO] [1787245876.514450538] [a3_receive_input_gateway]: gateway calibrated=yes frame_age=3.8ms frames=266709 ball=36615 base_poses=266690 invalid=0 station_ok=yes
[INFO] [1787245877.514812125] [a3_receive_input_gateway]: gateway calibrated=yes frame_age=4.2ms frames=267009 ball=36615 base_poses=266990 invalid=0 station_ok=yes
[INFO] [1787245878.514546542] [a3_receive_input_gateway]: gateway calibrated=yes frame_age=3.7ms frames=267309 ball=36615 base_poses=267290 invalid=0 station_ok=yes
[INFO] [1787245879.515340102] [a3_receive_input_gateway]: gateway calibrated=yes frame_age=4.3ms frames=267609 ball=36615 base_poses=267590 invalid=0 station_ok=yes
[INFO] [1787245880.514559877] [a3_receive_input_gateway]: gateway calibrated=yes frame_age=0.2ms frames=267910 ball=36615 base_poses=267891 invalid=0 station_ok=yes
[INFO] [1787245881.514474389] [a3_receive_input_gateway]: gateway calibrated=yes frame_age=0.2ms frames=268210 ball=36615 base_poses=268191 invalid=0 station_ok=yes
[INFO] [1787245882.514765051] [a3_receive_input_gateway]: gateway calibrated=yes frame_age=0.2ms frames=268510 ball=36615 base_poses=268491 invalid=0 station_ok=yes
[INFO] [1787245883.514592763] [a3_receive_input_gateway]: gateway calibrated=yes frame_age=0.2ms frames=268810 ball=36615 base_poses=268791 invalid=0 station_ok=yes
[INFO] [1787245884.514500798] [a3_receive_input_gateway]: gateway calibrated=yes frame_age=0.2ms frames=269110 ball=36615 base_poses=269091 invalid=0 station_ok=yes
[INFO] [1787245885.514469946] [a3_receive_input_gateway]: gateway calibrated=yes frame_age=0.4ms frames=269410 ball=36615 base_poses=269391 invalid=0 station_ok=yes
[INFO] [1787245886.515462370] [a3_receive_input_gateway]: gateway calibrated=yes frame_age=0.4ms frames=269710 ball=36615 base_poses=269691 invalid=0 station_ok=yes
[INFO] [1787245887.514451683] [a3_receive_input_gateway]: gateway calibrated=yes frame_age=0.3ms frames=270010 ball=36615 base_poses=269991 invalid=0 station_ok=yes
[INFO] [1787245888.514476553] [a3_receive_input_gateway]: gateway calibrated=yes frame_age=0.4ms frames=270310 ball=36615 base_poses=270291 invalid=0 station_ok=yes
[INFO] [1787245889.514467547] [a3_receive_input_gateway]: gateway calibrated=yes frame_age=0.5ms frames=270610 ball=36615 base_poses=270591 invalid=0 station_ok=yes
[INFO] [1787245890.514622275] [a3_receive_input_gateway]: gateway calibrated=yes frame_age=3.1ms frames=270909 ball=36615 base_poses=270890 invalid=0 station_ok=yes
[INFO] [1787245891.514462186] [a3_receive_input_gateway]: gateway calibrated=yes frame_age=0.8ms frames=271210 ball=36615 base_poses=271191 invalid=0 station_ok=yes
[INFO] [1787245892.514525516] [a3_receive_input_gateway]: gateway calibrated=yes frame_age=0.7ms frames=271510 ball=36615 base_poses=271491 invalid=0 station_ok=yes
[INFO] [1787245893.514481905] [a3_receive_input_gateway]: gateway calibrated=yes frame_age=0.9ms frames=271810 ball=36615 base_poses=271791 invalid=0 station_ok=yes
[INFO] [1787245894.514505306] [a3_receive_input_gateway]: gateway calibrated=yes frame_age=5.0ms frames=272109 ball=36615 base_poses=272090 invalid=0 station_ok=yes
[INFO] [1787245895.514484187] [a3_receive_input_gateway]: gateway calibrated=yes frame_age=0.9ms frames=272410 ball=36615 base_poses=272391 invalid=0 station_ok=yes
[INFO] [1787245896.514484040] [a3_receive_input_gateway]: gateway calibrated=yes frame_age=0.9ms frames=272710 ball=36615 base_poses=272691 invalid=0 station_ok=yes
[INFO] [1787245897.514485132] [a3_receive_input_gateway]: gateway calibrated=yes frame_age=0.8ms frames=273010 ball=36615 base_poses=272991 invalid=0 station_ok=yes
[INFO] [1787245898.514483736] [a3_receive_input_gateway]: gateway calibrated=yes frame_age=1.0ms frames=273310 ball=36615 base_poses=273291 invalid=0 station_ok=yes
[INFO] [1787245899.514522823] [a3_receive_input_gateway]: gateway calibrated=yes frame_age=1.4ms frames=273610 ball=36615 base_poses=273591 invalid=0 station_ok=yes
[INFO] [1787245900.514582510] [a3_receive_input_gateway]: gateway calibrated=yes frame_age=0.8ms frames=273910 ball=36615 base_poses=273891 invalid=0 station_ok=yes
[INFO] [1787245901.514760290] [a3_receive_input_gateway]: gateway calibrated=yes frame_age=1.2ms frames=274210 ball=36615 base_poses=274191 invalid=0 station_ok=yes
[INFO] [1787245902.514512773] [a3_receive_input_gateway]: gateway calibrated=yes frame_age=1.5ms frames=274510 ball=36615 base_poses=274491 invalid=0 station_ok=yes
[INFO] [1787245903.514601869] [a3_receive_input_gateway]: gateway calibrated=yes frame_age=1.3ms frames=274810 ball=36615 base_poses=274791 invalid=0 station_ok=yes
[INFO] [1787245904.514522053] [a3_receive_input_gateway]: gateway calibrated=yes frame_age=1.7ms frames=275110 ball=36615 base_poses=275091 invalid=0 station_ok=yes
[INFO] [1787245905.514517764] [a3_receive_input_gateway]: gateway calibrated=yes frame_age=1.7ms frames=275410 ball=36615 base_poses=275391 invalid=0 station_ok=yes
[INFO] [1787245906.514662148] [a3_receive_input_gateway]: gateway calibrated=yes frame_age=1.7ms frames=275710 ball=36615 base_poses=275691 invalid=0 station_ok=yes
[INFO] [1787245907.514509282] [a3_receive_input_gateway]: gateway calibrated=yes frame_age=1.6ms frames=276010 ball=36615 base_poses=275991 invalid=0 station_ok=yes
[INFO] [1787245908.514810905] [a3_receive_input_gateway]: gateway calibrated=yes frame_age=0.2ms frames=276310 ball=36615 base_poses=276291 invalid=0 station_ok=yes
[INFO] [1787245909.514599620] [a3_receive_input_gateway]: gateway calibrated=yes frame_age=1.6ms frames=276610 ball=36615 base_poses=276591 invalid=0 station_ok=yes
[INFO] [1787245910.514510583] [a3_receive_input_gateway]: gateway calibrated=yes frame_age=1.9ms frames=276910 ball=36615 base_poses=276891 invalid=0 station_ok=yes
[INFO] [1787245911.514516774] [a3_receive_input_gateway]: gateway calibrated=yes frame_age=2.1ms frames=277210 ball=36615 base_poses=277191 invalid=0 station_ok=yes
[INFO] [1787245912.514472524] [a3_receive_input_gateway]: gateway calibrated=yes frame_age=0.2ms frames=277510 ball=36615 base_poses=277491 invalid=0 station_ok=yes
[INFO] [1787245913.514470459] [a3_receive_input_gateway]: gateway calibrated=yes frame_age=0.1ms frames=277810 ball=36615 base_poses=277791 invalid=0 station_ok=yes
[INFO] [1787245914.514551790] [a3_receive_input_gateway]: gateway calibrated=yes frame_age=0.2ms frames=278110 ball=36615 base_poses=278091 invalid=0 station_ok=yes
[INFO] [1787245915.514482565] [a3_receive_input_gateway]: gateway calibrated=yes frame_age=0.3ms frames=278410 ball=36615 base_poses=278391 invalid=0 station_ok=yes
[INFO] [1787245916.514852426] [a3_receive_input_gateway]: gateway calibrated=yes frame_age=0.5ms frames=278710 ball=36615 base_poses=278691 invalid=0 station_ok=yes
[INFO] [1787245917.514482095] [a3_receive_input_gateway]: gateway calibrated=yes frame_age=0.5ms frames=279010 ball=36615 base_poses=278991 invalid=0 station_ok=yes
[INFO] [1787245918.515256643] [a3_receive_input_gateway]: gateway calibrated=yes frame_age=1.0ms frames=279310 ball=36615 base_poses=279291 invalid=0 station_ok=yes
[INFO] [1787245919.514489947] [a3_receive_input_gateway]: gateway calibrated=yes frame_age=0.4ms frames=279610 ball=36615 base_poses=279591 invalid=0 station_ok=yes
[INFO] [1787245920.514816706] [a3_receive_input_gateway]: gateway calibrated=yes frame_age=0.2ms frames=279910 ball=36615 base_poses=279891 invalid=0 station_ok=yes
[INFO] [1787245921.514494290] [a3_receive_input_gateway]: gateway calibrated=yes frame_age=0.7ms frames=280210 ball=36615 base_poses=280191 invalid=0 station_ok=yes
[INFO] [1787245922.514488753] [a3_receive_input_gateway]: gateway calibrated=yes frame_age=0.8ms frames=280510 ball=36615 base_poses=280491 invalid=0 station_ok=yes
[INFO] [1787245923.514522568] [a3_receive_input_gateway]: gateway calibrated=yes frame_age=0.9ms frames=280810 ball=36615 base_poses=280791 invalid=0 station_ok=yes
[INFO] [1787245924.514488478] [a3_receive_input_gateway]: gateway calibrated=yes frame_age=0.9ms frames=281110 ball=36615 base_poses=281091 invalid=0 station_ok=yes
[INFO] [1787245925.514568702] [a3_receive_input_gateway]: gateway calibrated=yes frame_age=0.5ms frames=281410 ball=36615 base_poses=281391 invalid=0 station_ok=yes
[INFO] [1787245926.514495457] [a3_receive_input_gateway]: gateway calibrated=yes frame_age=0.9ms frames=281710 ball=36615 base_poses=281691 invalid=0 station_ok=yes
[INFO] [1787245927.515353232] [a3_receive_input_gateway]: gateway calibrated=yes frame_age=1.6ms frames=282010 ball=36615 base_poses=281991 invalid=0 station_ok=yes
[INFO] [1787245928.515046280] [a3_receive_input_gateway]: gateway calibrated=yes frame_age=0.8ms frames=282310 ball=36615 base_poses=282291 invalid=0 station_ok=yes
[INFO] [1787245929.514527328] [a3_receive_input_gateway]: gateway calibrated=yes frame_age=1.1ms frames=282610 ball=36615 base_poses=282591 invalid=0 station_ok=yes
[INFO] [1787245930.514511605] [a3_receive_input_gateway]: gateway calibrated=yes frame_age=1.3ms frames=282910 ball=36615 base_poses=282891 invalid=0 station_ok=yes
[INFO] [1787245931.514488266] [a3_receive_input_gateway]: gateway calibrated=yes frame_age=1.3ms frames=283210 ball=36615 base_poses=283191 invalid=0 station_ok=yes
[INFO] [1787245932.514514099] [a3_receive_input_gateway]: gateway calibrated=yes frame_age=1.4ms frames=283510 ball=36615 base_poses=283491 invalid=0 station_ok=yes
[INFO] [1787245933.514636812] [a3_receive_input_gateway]: gateway calibrated=yes frame_age=5.4ms frames=283809 ball=36615 base_poses=283790 invalid=0 station_ok=yes
[INFO] [1787245934.514589686] [a3_receive_input_gateway]: gateway calibrated=yes frame_age=1.4ms frames=284110 ball=36615 base_poses=284091 invalid=0 station_ok=yes
[INFO] [1787245935.514486833] [a3_receive_input_gateway]: gateway calibrated=yes frame_age=1.3ms frames=284410 ball=36615 base_poses=284391 invalid=0 station_ok=yes
[INFO] [1787245936.514513327] [a3_receive_input_gateway]: gateway calibrated=yes frame_age=1.7ms frames=284710 ball=36615 base_poses=284691 invalid=0 station_ok=yes
[INFO] [1787245937.514510473] [a3_receive_input_gateway]: gateway calibrated=yes frame_age=1.6ms frames=285010 ball=36615 base_poses=284991 invalid=0 station_ok=yes
[INFO] [1787245938.514499190] [a3_receive_input_gateway]: gateway calibrated=yes frame_age=1.6ms frames=285310 ball=36615 base_poses=285291 invalid=0 station_ok=yes
[INFO] [1787245939.514522444] [a3_receive_input_gateway]: gateway calibrated=yes frame_age=1.7ms frames=285610 ball=36615 base_poses=285591 invalid=0 station_ok=yes
[INFO] [1787245940.514513651] [a3_receive_input_gateway]: gateway calibrated=yes frame_age=2.0ms frames=285910 ball=36615 base_poses=285891 invalid=0 station_ok=yes
[INFO] [1787245941.514508480] [a3_receive_input_gateway]: gateway calibrated=yes frame_age=1.8ms frames=286210 ball=36615 base_poses=286191 invalid=0 station_ok=yes
[INFO] [1787245942.514532621] [a3_receive_input_gateway]: gateway calibrated=yes frame_age=2.1ms frames=286510 ball=36615 base_poses=286491 invalid=0 station_ok=yes
[INFO] [1787245943.514659560] [a3_receive_input_gateway]: gateway calibrated=yes frame_age=1.9ms frames=286810 ball=36615 base_poses=286791 invalid=0 station_ok=yes
[INFO] [1787245944.514525397] [a3_receive_input_gateway]: gateway calibrated=yes frame_age=2.1ms frames=287110 ball=36615 base_poses=287091 invalid=0 station_ok=yes
[INFO] [1787245945.514511419] [a3_receive_input_gateway]: gateway calibrated=yes frame_age=2.0ms frames=287410 ball=36615 base_poses=287391 invalid=0 station_ok=yes
[INFO] [1787245946.514692802] [a3_receive_input_gateway]: gateway calibrated=yes frame_age=2.1ms frames=287710 ball=36615 base_poses=287691 invalid=0 station_ok=yes
[INFO] [1787245947.514470755] [a3_receive_input_gateway]: gateway calibrated=yes frame_age=2.2ms frames=288010 ball=36615 base_poses=287991 invalid=0 station_ok=yes
[INFO] [1787245948.514483086] [a3_receive_input_gateway]: gateway calibrated=yes frame_age=2.4ms frames=288310 ball=36615 base_poses=288291 invalid=0 station_ok=yes
[INFO] [1787245949.514439734] [a3_receive_input_gateway]: gateway calibrated=yes frame_age=2.5ms frames=288610 ball=36615 base_poses=288591 invalid=0 station_ok=yes
[INFO] [1787245950.514908099] [a3_receive_input_gateway]: gateway calibrated=yes frame_age=2.2ms frames=288910 ball=36615 base_poses=288891 invalid=0 station_ok=yes
[INFO] [1787245951.514513230] [a3_receive_input_gateway]: gateway calibrated=yes frame_age=2.4ms frames=289210 ball=36615 base_poses=289191 invalid=0 station_ok=yes
[INFO] [1787245952.514545979] [a3_receive_input_gateway]: gateway calibrated=yes frame_age=2.7ms frames=289510 ball=36615 base_poses=289491 invalid=0 station_ok=yes
[INFO] [1787245953.514466052] [a3_receive_input_gateway]: gateway calibrated=yes frame_age=0.6ms frames=289810 ball=36615 base_poses=289791 invalid=0 station_ok=yes
[INFO] [1787245954.514511615] [a3_receive_input_gateway]: gateway calibrated=yes frame_age=2.7ms frames=290110 ball=36615 base_poses=290091 invalid=0 station_ok=yes
[INFO] [1787245955.514514119] [a3_receive_input_gateway]: gateway calibrated=yes frame_age=2.9ms frames=290410 ball=36615 base_poses=290391 invalid=0 station_ok=yes
[INFO] [1787245956.514719725] [a3_receive_input_gateway]: gateway calibrated=yes frame_age=2.3ms frames=290710 ball=36615 base_poses=290691 invalid=0 station_ok=yes
[INFO] [1787245957.514505622] [a3_receive_input_gateway]: gateway calibrated=yes frame_age=3.0ms frames=291010 ball=36615 base_poses=290991 invalid=0 station_ok=yes
[INFO] [1787245958.514513412] [a3_receive_input_gateway]: gateway calibrated=yes frame_age=3.1ms frames=291310 ball=36615 base_poses=291291 invalid=0 station_ok=yes
[INFO] [1787245959.514549799] [a3_receive_input_gateway]: gateway calibrated=yes frame_age=3.2ms frames=291610 ball=36615 base_poses=291591 invalid=0 station_ok=yes
[INFO] [1787245960.514528233] [a3_receive_input_gateway]: gateway calibrated=yes frame_age=3.2ms frames=291910 ball=36615 base_poses=291891 invalid=0 station_ok=yes
[INFO] [1787245961.514483458] [a3_receive_input_gateway]: gateway calibrated=yes frame_age=3.3ms frames=292210 ball=36615 base_poses=292191 invalid=0 station_ok=yes
[INFO] [1787245962.514511974] [a3_receive_input_gateway]: gateway calibrated=yes frame_age=1.3ms frames=292510 ball=36615 base_poses=292491 invalid=0 station_ok=yes
[INFO] [1787245963.514687262] [a3_receive_input_gateway]: gateway calibrated=yes frame_age=3.4ms frames=292810 ball=36615 base_poses=292791 invalid=0 station_ok=yes
[INFO] [1787245964.514519299] [a3_receive_input_gateway]: gateway calibrated=yes frame_age=1.4ms frames=293110 ball=36615 base_poses=293091 invalid=0 station_ok=yes
[INFO] [1787245965.514486689] [a3_receive_input_gateway]: gateway calibrated=yes frame_age=1.5ms frames=293410 ball=36615 base_poses=293391 invalid=0 station_ok=yes
[INFO] [1787245966.514706005] [a3_receive_input_gateway]: gateway calibrated=yes frame_age=1.3ms frames=293710 ball=36615 base_poses=293691 invalid=0 station_ok=yes
[INFO] [1787245967.514590469] [a3_receive_input_gateway]: gateway calibrated=yes frame_age=1.7ms frames=294010 ball=36615 base_poses=293991 invalid=0 station_ok=yes
[INFO] [1787245968.514609084] [a3_receive_input_gateway]: gateway calibrated=yes frame_age=1.8ms frames=294310 ball=36615 base_poses=294291 invalid=0 station_ok=yes
[INFO] [1787245969.514521502] [a3_receive_input_gateway]: gateway calibrated=yes frame_age=1.6ms frames=294610 ball=36615 base_poses=294591 invalid=0 station_ok=yes
[INFO] [1787245970.514733189] [a3_receive_input_gateway]: gateway calibrated=yes frame_age=0.1ms frames=294911 ball=36615 base_poses=294892 invalid=0 station_ok=yes
[INFO] [1787245971.514712576] [a3_receive_input_gateway]: gateway calibrated=yes frame_age=0.2ms frames=295211 ball=36615 base_poses=295192 invalid=0 station_ok=yes
[INFO] [1787245972.514685257] [a3_receive_input_gateway]: gateway calibrated=yes frame_age=0.2ms frames=295511 ball=36615 base_poses=295492 invalid=0 station_ok=yes
[INFO] [1787245973.514619741] [a3_receive_input_gateway]: gateway calibrated=yes frame_age=0.1ms frames=295811 ball=36615 base_poses=295792 invalid=0 station_ok=yes
[INFO] [1787245974.514536412] [a3_receive_input_gateway]: gateway calibrated=yes frame_age=0.2ms frames=296111 ball=36615 base_poses=296092 invalid=0 station_ok=yes
[INFO] [1787245975.514510549] [a3_receive_input_gateway]: gateway calibrated=yes frame_age=0.2ms frames=296411 ball=36615 base_poses=296392 invalid=0 station_ok=yes
[INFO] [1787245976.514512940] [a3_receive_input_gateway]: gateway calibrated=yes frame_age=0.1ms frames=296711 ball=36615 base_poses=296692 invalid=0 station_ok=yes
[INFO] [1787245977.514602762] [a3_receive_input_gateway]: gateway calibrated=yes frame_age=2.2ms frames=297010 ball=36615 base_poses=296991 invalid=0 station_ok=yes
[INFO] [1787245978.514682371] [a3_receive_input_gateway]: gateway calibrated=yes frame_age=2.4ms frames=297310 ball=36615 base_poses=297291 invalid=0 station_ok=yes
[INFO] [1787245979.514495369] [a3_receive_input_gateway]: gateway calibrated=yes frame_age=2.2ms frames=297610 ball=36615 base_poses=297591 invalid=0 station_ok=yes
[INFO] [1787245980.514421621] [a3_receive_input_gateway]: gateway calibrated=yes frame_age=0.2ms frames=297911 ball=36615 base_poses=297892 invalid=0 station_ok=yes
[INFO] [1787245981.514467175] [a3_receive_input_gateway]: gateway calibrated=yes frame_age=0.4ms frames=298211 ball=36615 base_poses=298192 invalid=0 station_ok=yes
[INFO] [1787245982.514501698] [a3_receive_input_gateway]: gateway calibrated=yes frame_age=0.6ms frames=298511 ball=36615 base_poses=298492 invalid=0 station_ok=yes
[INFO] [1787245983.514499113] [a3_receive_input_gateway]: gateway calibrated=yes frame_age=2.7ms frames=298810 ball=36615 base_poses=298791 invalid=0 station_ok=yes
[INFO] [1787245984.514886538] [a3_receive_input_gateway]: gateway calibrated=yes frame_age=2.7ms frames=299110 ball=36615 base_poses=299091 invalid=0 station_ok=yes
[INFO] [1787245985.514713764] [a3_receive_input_gateway]: gateway calibrated=yes frame_age=3.0ms frames=299410 ball=36615 base_poses=299391 invalid=0 station_ok=yes
[INFO] [1787245986.514459689] [a3_receive_input_gateway]: gateway calibrated=yes frame_age=2.8ms frames=299710 ball=36615 base_poses=299691 invalid=0 station_ok=yes
[INFO] [1787245987.514526708] [a3_receive_input_gateway]: gateway calibrated=yes frame_age=3.1ms frames=300010 ball=36615 base_poses=299991 invalid=0 station_ok=yes
[INFO] [1787245988.514576035] [a3_receive_input_gateway]: gateway calibrated=yes frame_age=3.1ms frames=300310 ball=36615 base_poses=300291 invalid=0 station_ok=yes
[INFO] [1787245989.514518466] [a3_receive_input_gateway]: gateway calibrated=yes frame_age=2.9ms frames=300610 ball=36615 base_poses=300591 invalid=0 station_ok=yes
[INFO] [1787245990.514536115] [a3_receive_input_gateway]: gateway calibrated=yes frame_age=3.0ms frames=300910 ball=36615 base_poses=300891 invalid=0 station_ok=yes
[INFO] [1787245991.514523951] [a3_receive_input_gateway]: gateway calibrated=yes frame_age=3.2ms frames=301210 ball=36615 base_poses=301191 invalid=0 station_ok=yes
[INFO] [1787245992.514512084] [a3_receive_input_gateway]: gateway calibrated=yes frame_age=3.0ms frames=301510 ball=36615 base_poses=301491 invalid=0 station_ok=yes
[INFO] [1787245993.514502321] [a3_receive_input_gateway]: gateway calibrated=yes frame_age=3.3ms frames=301810 ball=36615 base_poses=301791 invalid=0 station_ok=yes
[INFO] [1787245994.514576003] [a3_receive_input_gateway]: gateway calibrated=yes frame_age=3.2ms frames=302110 ball=36615 base_poses=302091 invalid=0 station_ok=yes
[INFO] [1787245995.514579976] [a3_receive_input_gateway]: gateway calibrated=yes frame_age=3.5ms frames=302410 ball=36615 base_poses=302391 invalid=0 station_ok=yes
[INFO] [1787245996.514538380] [a3_receive_input_gateway]: gateway calibrated=yes frame_age=3.3ms frames=302710 ball=36615 base_poses=302691 invalid=0 station_ok=yes
[INFO] [1787245997.514692165] [a3_receive_input_gateway]: gateway calibrated=yes frame_age=3.5ms frames=303010 ball=36615 base_poses=302991 invalid=0 station_ok=yes
[INFO] [1787245998.514513602] [a3_receive_input_gateway]: gateway calibrated=yes frame_age=3.3ms frames=303310 ball=36615 base_poses=303291 invalid=0 station_ok=yes
[INFO] [1787245999.514556933] [a3_receive_input_gateway]: gateway calibrated=yes frame_age=3.8ms frames=303610 ball=36615 base_poses=303591 invalid=0 station_ok=yes
[INFO] [1787246000.514559748] [a3_receive_input_gateway]: gateway calibrated=yes frame_age=3.9ms frames=303910 ball=36615 base_poses=303891 invalid=0 station_ok=yes
[INFO] [1787246001.514823375] [a3_receive_input_gateway]: gateway calibrated=yes frame_age=0.2ms frames=304211 ball=36615 base_poses=304192 invalid=0 station_ok=yes
[INFO] [1787246002.514485655] [a3_receive_input_gateway]: gateway calibrated=yes frame_age=3.8ms frames=304510 ball=36615 base_poses=304491 invalid=0 station_ok=yes
[INFO] [1787246003.515519360] [a3_receive_input_gateway]: gateway calibrated=yes frame_age=4.5ms frames=304810 ball=36615 base_poses=304791 invalid=0 station_ok=yes
[INFO] [1787246004.514653202] [a3_receive_input_gateway]: gateway calibrated=yes frame_age=0.2ms frames=305111 ball=36615 base_poses=305092 invalid=0 station_ok=yes
[INFO] [1787246005.514644781] [a3_receive_input_gateway]: gateway calibrated=yes frame_age=0.2ms frames=305411 ball=36615 base_poses=305392 invalid=0 station_ok=yes
[INFO] [1787246006.514476884] [a3_receive_input_gateway]: gateway calibrated=yes frame_age=0.2ms frames=305711 ball=36615 base_poses=305692 invalid=0 station_ok=yes
[INFO] [1787246007.514659831] [a3_receive_input_gateway]: gateway calibrated=yes frame_age=0.4ms frames=306011 ball=36615 base_poses=305992 invalid=0 station_ok=yes
[INFO] [1787246008.514862752] [a3_receive_input_gateway]: gateway calibrated=yes frame_age=0.2ms frames=306311 ball=36615 base_poses=306292 invalid=0 station_ok=yes
[INFO] [1787246009.514621712] [a3_receive_input_gateway]: gateway calibrated=yes frame_age=0.2ms frames=306611 ball=36615 base_poses=306592 invalid=0 station_ok=yes
[INFO] [1787246010.514496947] [a3_receive_input_gateway]: gateway calibrated=yes frame_age=0.3ms frames=306911 ball=36615 base_poses=306892 invalid=0 station_ok=yes
[INFO] [1787246011.514469298] [a3_receive_input_gateway]: gateway calibrated=yes frame_age=0.4ms frames=307211 ball=36615 base_poses=307192 invalid=0 station_ok=yes
[INFO] [1787246012.514529689] [a3_receive_input_gateway]: gateway calibrated=yes frame_age=0.3ms frames=307511 ball=36615 base_poses=307492 invalid=0 station_ok=yes
[INFO] [1787246013.514465356] [a3_receive_input_gateway]: gateway calibrated=yes frame_age=0.4ms frames=307811 ball=36615 base_poses=307792 invalid=0 station_ok=yes
[INFO] [1787246014.514473594] [a3_receive_input_gateway]: gateway calibrated=yes frame_age=0.2ms frames=308111 ball=36615 base_poses=308092 invalid=0 station_ok=yes
[INFO] [1787246015.514776756] [a3_receive_input_gateway]: gateway calibrated=yes frame_age=0.4ms frames=308411 ball=36615 base_poses=308392 invalid=0 station_ok=yes
[INFO] [1787246016.514474798] [a3_receive_input_gateway]: gateway calibrated=yes frame_age=0.8ms frames=308711 ball=36615 base_poses=308692 invalid=0 station_ok=yes
[INFO] [1787246017.514755394] [a3_receive_input_gateway]: gateway calibrated=yes frame_age=2.6ms frames=309010 ball=36615 base_poses=308991 invalid=0 station_ok=yes
[INFO] [1787246018.514474620] [a3_receive_input_gateway]: gateway calibrated=yes frame_age=0.9ms frames=309311 ball=36615 base_poses=309292 invalid=0 station_ok=yes
[INFO] [1787246019.514481493] [a3_receive_input_gateway]: gateway calibrated=yes frame_age=1.1ms frames=309611 ball=36615 base_poses=309592 invalid=0 station_ok=yes
[INFO] [1787246020.514518131] [a3_receive_input_gateway]: gateway calibrated=yes frame_age=1.2ms frames=309911 ball=36615 base_poses=309892 invalid=0 station_ok=yes
[INFO] [1787246021.514471140] [a3_receive_input_gateway]: gateway calibrated=yes frame_age=1.1ms frames=310211 ball=36615 base_poses=310192 invalid=0 station_ok=yes
[INFO] [1787246022.514518447] [a3_receive_input_gateway]: gateway calibrated=yes frame_age=1.2ms frames=310511 ball=36615 base_poses=310492 invalid=0 station_ok=yes
[INFO] [1787246023.514714165] [a3_receive_input_gateway]: gateway calibrated=yes frame_age=1.0ms frames=310811 ball=36615 base_poses=310792 invalid=0 station_ok=yes
[INFO] [1787246024.514478017] [a3_receive_input_gateway]: gateway calibrated=yes frame_age=1.1ms frames=311111 ball=36615 base_poses=311092 invalid=0 station_ok=yes
[INFO] [1787246025.514528197] [a3_receive_input_gateway]: gateway calibrated=yes frame_age=1.4ms frames=311411 ball=36615 base_poses=311392 invalid=0 station_ok=yes
[INFO] [1787246026.514509022] [a3_receive_input_gateway]: gateway calibrated=yes frame_age=1.3ms frames=311711 ball=36615 base_poses=311692 invalid=0 station_ok=yes
[INFO] [1787246027.514535128] [a3_receive_input_gateway]: gateway calibrated=yes frame_age=1.5ms frames=312011 ball=36615 base_poses=311992 invalid=0 station_ok=yes
[INFO] [1787246028.514560916] [a3_receive_input_gateway]: gateway calibrated=yes frame_age=1.7ms frames=312311 ball=36615 base_poses=312292 invalid=0 station_ok=yes
[INFO] [1787246029.514480369] [a3_receive_input_gateway]: gateway calibrated=yes frame_age=1.5ms frames=312611 ball=36615 base_poses=312592 invalid=0 station_ok=yes
[INFO] [1787246030.514501497] [a3_receive_input_gateway]: gateway calibrated=yes frame_age=1.7ms frames=312911 ball=36615 base_poses=312892 invalid=0 station_ok=yes
[INFO] [1787246031.514540864] [a3_receive_input_gateway]: gateway calibrated=yes frame_age=1.7ms frames=313211 ball=36615 base_poses=313192 invalid=0 station_ok=yes
[INFO] [1787246032.514518906] [a3_receive_input_gateway]: gateway calibrated=yes frame_age=1.9ms frames=313511 ball=36615 base_poses=313492 invalid=0 station_ok=yes
[INFO] [1787246033.514506839] [a3_receive_input_gateway]: gateway calibrated=yes frame_age=1.8ms frames=313811 ball=36615 base_poses=313792 invalid=0 station_ok=yes
[INFO] [1787246034.514948931] [a3_receive_input_gateway]: gateway calibrated=yes frame_age=0.2ms frames=314111 ball=36615 base_poses=314092 invalid=0 station_ok=yes
[INFO] [1787246035.514543541] [a3_receive_input_gateway]: gateway calibrated=yes frame_age=0.1ms frames=314411 ball=36615 base_poses=314392 invalid=0 station_ok=yes
[INFO] [1787246036.514574104] [a3_receive_input_gateway]: gateway calibrated=yes frame_age=0.2ms frames=314711 ball=36615 base_poses=314692 invalid=0 station_ok=yes
[INFO] [1787246037.514637728] [a3_receive_input_gateway]: gateway calibrated=yes frame_age=0.2ms frames=315011 ball=36615 base_poses=314992 invalid=0 station_ok=yes
[INFO] [1787246038.514625325] [a3_receive_input_gateway]: gateway calibrated=yes frame_age=0.2ms frames=315311 ball=36615 base_poses=315292 invalid=0 station_ok=yes
[INFO] [1787246039.514460237] [a3_receive_input_gateway]: gateway calibrated=yes frame_age=0.2ms frames=315611 ball=36615 base_poses=315592 invalid=0 station_ok=yes
[INFO] [1787246040.514627733] [a3_receive_input_gateway]: gateway calibrated=yes frame_age=0.2ms frames=315911 ball=36615 base_poses=315892 invalid=0 station_ok=yes
[INFO] [1787246041.514478946] [a3_receive_input_gateway]: gateway calibrated=yes frame_age=0.2ms frames=316211 ball=36615 base_poses=316192 invalid=0 station_ok=yes
[INFO] [1787246042.514499012] [a3_receive_input_gateway]: gateway calibrated=yes frame_age=0.5ms frames=316511 ball=36615 base_poses=316492 invalid=0 station_ok=yes
[INFO] [1787246043.514615081] [a3_receive_input_gateway]: gateway calibrated=yes frame_age=0.5ms frames=316811 ball=36615 base_poses=316792 invalid=0 station_ok=yes
[INFO] [1787246044.514467488] [a3_receive_input_gateway]: gateway calibrated=yes frame_age=0.4ms frames=317111 ball=36615 base_poses=317092 invalid=0 station_ok=yes
[INFO] [1787246045.514485397] [a3_receive_input_gateway]: gateway calibrated=yes frame_age=0.7ms frames=317411 ball=36615 base_poses=317392 invalid=0 station_ok=yes
[INFO] [1787246046.514439793] [a3_receive_input_gateway]: gateway calibrated=yes frame_age=0.7ms frames=317711 ball=36615 base_poses=317692 invalid=0 station_ok=yes
[INFO] [1787246047.514513772] [a3_receive_input_gateway]: gateway calibrated=yes frame_age=0.9ms frames=318011 ball=36615 base_poses=317992 invalid=0 station_ok=yes
[INFO] [1787246048.514483727] [a3_receive_input_gateway]: gateway calibrated=yes frame_age=0.8ms frames=318311 ball=36615 base_poses=318292 invalid=0 station_ok=yes
[INFO] [1787246049.514647696] [a3_receive_input_gateway]: gateway calibrated=yes frame_age=0.8ms frames=318611 ball=36615 base_poses=318592 invalid=0 station_ok=yes
[INFO] [1787246050.514492267] [a3_receive_input_gateway]: gateway calibrated=yes frame_age=0.9ms frames=318911 ball=36615 base_poses=318892 invalid=0 station_ok=yes
[INFO] [1787246051.514515251] [a3_receive_input_gateway]: gateway calibrated=yes frame_age=1.1ms frames=319211 ball=36615 base_poses=319192 invalid=0 station_ok=yes
[INFO] [1787246052.514596428] [a3_receive_input_gateway]: gateway calibrated=yes frame_age=1.0ms frames=319511 ball=36615 base_poses=319492 invalid=0 station_ok=yes
[INFO] [1787246053.514593415] [a3_receive_input_gateway]: gateway calibrated=yes frame_age=1.0ms frames=319811 ball=36615 base_poses=319792 invalid=0 station_ok=yes
[INFO] [1787246054.514727866] [a3_receive_input_gateway]: gateway calibrated=yes frame_age=0.8ms frames=320111 ball=36615 base_poses=320092 invalid=0 station_ok=yes
[INFO] [1787246055.514484691] [a3_receive_input_gateway]: gateway calibrated=yes frame_age=1.1ms frames=320411 ball=36615 base_poses=320392 invalid=0 station_ok=yes
[INFO] [1787246056.514644055] [a3_receive_input_gateway]: gateway calibrated=yes frame_age=1.2ms frames=320711 ball=36615 base_poses=320692 invalid=0 station_ok=yes
[INFO] [1787246057.514510015] [a3_receive_input_gateway]: gateway calibrated=yes frame_age=1.3ms frames=321011 ball=36615 base_poses=320992 invalid=0 station_ok=yes
[INFO] [1787246058.514834685] [a3_receive_input_gateway]: gateway calibrated=yes frame_age=0.9ms frames=321311 ball=36615 base_poses=321292 invalid=0 station_ok=yes
[INFO] [1787246059.514485493] [a3_receive_input_gateway]: gateway calibrated=yes frame_age=1.6ms frames=321611 ball=36615 base_poses=321592 invalid=0 station_ok=yes
[INFO] [1787246060.514558102] [a3_receive_input_gateway]: gateway calibrated=yes frame_age=1.4ms frames=321911 ball=36615 base_poses=321892 invalid=0 station_ok=yes
[INFO] [1787246061.514505776] [a3_receive_input_gateway]: gateway calibrated=yes frame_age=1.4ms frames=322211 ball=36615 base_poses=322192 invalid=0 station_ok=yes
[INFO] [1787246062.514551504] [a3_receive_input_gateway]: gateway calibrated=yes frame_age=1.8ms frames=322511 ball=36615 base_poses=322492 invalid=0 station_ok=yes
[INFO] [1787246063.514555013] [a3_receive_input_gateway]: gateway calibrated=yes frame_age=1.8ms frames=322811 ball=36615 base_poses=322792 invalid=0 station_ok=yes
[INFO] [1787246064.514505341] [a3_receive_input_gateway]: gateway calibrated=yes frame_age=1.9ms frames=323111 ball=36615 base_poses=323092 invalid=0 station_ok=yes
[INFO] [1787246065.514500833] [a3_receive_input_gateway]: gateway calibrated=yes frame_age=2.0ms frames=323411 ball=36615 base_poses=323392 invalid=0 station_ok=yes
[INFO] [1787246066.514516735] [a3_receive_input_gateway]: gateway calibrated=yes frame_age=2.1ms frames=323711 ball=36615 base_poses=323692 invalid=0 station_ok=yes
[INFO] [1787246067.514479375] [a3_receive_input_gateway]: gateway calibrated=yes frame_age=2.1ms frames=324011 ball=36615 base_poses=323992 invalid=0 station_ok=yes
[INFO] [1787246068.514501988] [a3_receive_input_gateway]: gateway calibrated=yes frame_age=2.8ms frames=324311 ball=36615 base_poses=324292 invalid=0 station_ok=yes
[INFO] [1787246069.514855685] [a3_receive_input_gateway]: gateway calibrated=yes frame_age=2.4ms frames=324611 ball=36615 base_poses=324592 invalid=0 station_ok=yes
[INFO] [1787246070.514506092] [a3_receive_input_gateway]: gateway calibrated=yes frame_age=2.1ms frames=324911 ball=36615 base_poses=324892 invalid=0 station_ok=yes
[INFO] [1787246071.514505532] [a3_receive_input_gateway]: gateway calibrated=yes frame_age=2.2ms frames=325211 ball=36615 base_poses=325192 invalid=0 station_ok=yes
[INFO] [1787246072.514669025] [a3_receive_input_gateway]: gateway calibrated=yes frame_age=2.4ms frames=325511 ball=36615 base_poses=325492 invalid=0 station_ok=yes
[INFO] [1787246073.514523078] [a3_receive_input_gateway]: gateway calibrated=yes frame_age=0.2ms frames=325811 ball=36615 base_poses=325792 invalid=0 station_ok=yes
[INFO] [1787246074.514513739] [a3_receive_input_gateway]: gateway calibrated=yes frame_age=2.7ms frames=326111 ball=36615 base_poses=326092 invalid=0 station_ok=yes
[INFO] [1787246075.515005378] [a3_receive_input_gateway]: gateway calibrated=yes frame_age=3.2ms frames=326411 ball=36615 base_poses=326392 invalid=0 station_ok=yes
[INFO] [1787246076.514504227] [a3_receive_input_gateway]: gateway calibrated=yes frame_age=1.6ms frames=326711 ball=36615 base_poses=326692 invalid=0 station_ok=yes
[INFO] [1787246077.514504916] [a3_receive_input_gateway]: gateway calibrated=yes frame_age=0.2ms frames=327012 ball=36615 base_poses=326993 invalid=0 station_ok=yes
[INFO] [1787246078.514459845] [a3_receive_input_gateway]: gateway calibrated=yes frame_age=0.5ms frames=327312 ball=36615 base_poses=327293 invalid=0 station_ok=yes
[INFO] [1787246079.514520879] [a3_receive_input_gateway]: gateway calibrated=yes frame_age=1.3ms frames=327612 ball=36615 base_poses=327593 invalid=0 station_ok=yes
[INFO] [1787246080.514515578] [a3_receive_input_gateway]: gateway calibrated=yes frame_age=1.5ms frames=327912 ball=36615 base_poses=327893 invalid=0 station_ok=yes
[INFO] [1787246081.514732348] [a3_receive_input_gateway]: gateway calibrated=yes frame_age=2.0ms frames=328212 ball=36615 base_poses=328193 invalid=0 station_ok=yes
[INFO] [1787246082.514500136] [a3_receive_input_gateway]: gateway calibrated=yes frame_age=2.3ms frames=328512 ball=36615 base_poses=328493 invalid=0 station_ok=yes
[INFO] [1787246083.514461327] [a3_receive_input_gateway]: gateway calibrated=yes frame_age=3.0ms frames=328812 ball=36615 base_poses=328793 invalid=0 station_ok=yes
[INFO] [1787246084.514515269] [a3_receive_input_gateway]: gateway calibrated=yes frame_age=3.4ms frames=329112 ball=36615 base_poses=329093 invalid=0 station_ok=yes
[INFO] [1787246085.514586419] [a3_receive_input_gateway]: gateway calibrated=yes frame_age=0.1ms frames=329413 ball=36615 base_poses=329394 invalid=0 station_ok=yes
[INFO] [1787246086.514555920] [a3_receive_input_gateway]: gateway calibrated=yes frame_age=0.2ms frames=329713 ball=36615 base_poses=329694 invalid=0 station_ok=yes
[INFO] [1787246087.514481106] [a3_receive_input_gateway]: gateway calibrated=yes frame_age=0.9ms frames=330013 ball=36615 base_poses=329994 invalid=0 station_ok=yes
[INFO] [1787246088.514523666] [a3_receive_input_gateway]: gateway calibrated=yes frame_age=1.3ms frames=330313 ball=36615 base_poses=330294 invalid=0 station_ok=yes
[INFO] [1787246089.514706755] [a3_receive_input_gateway]: gateway calibrated=yes frame_age=1.9ms frames=330613 ball=36615 base_poses=330594 invalid=0 station_ok=yes
[INFO] [1787246090.514706039] [a3_receive_input_gateway]: gateway calibrated=yes frame_age=2.0ms frames=330913 ball=36615 base_poses=330894 invalid=0 station_ok=yes
[INFO] [1787246091.514632832] [a3_receive_input_gateway]: gateway calibrated=yes frame_age=2.8ms frames=331213 ball=36615 base_poses=331194 invalid=0 station_ok=yes
[INFO] [1787246092.514533116] [a3_receive_input_gateway]: gateway calibrated=yes frame_age=3.2ms frames=331513 ball=36615 base_poses=331494 invalid=0 station_ok=yes
[INFO] [1787246093.514637950] [a3_receive_input_gateway]: gateway calibrated=yes frame_age=3.8ms frames=331813 ball=36615 base_poses=331794 invalid=0 station_ok=yes
[INFO] [1787246094.514587532] [a3_receive_input_gateway]: gateway calibrated=yes frame_age=0.2ms frames=332114 ball=36615 base_poses=332095 invalid=0 station_ok=yes
[INFO] [1787246095.514486007] [a3_receive_input_gateway]: gateway calibrated=yes frame_age=0.5ms frames=332414 ball=36615 base_poses=332395 invalid=0 station_ok=yes
[INFO] [1787246096.514469796] [a3_receive_input_gateway]: gateway calibrated=yes frame_age=1.0ms frames=332714 ball=36615 base_poses=332695 invalid=0 station_ok=yes
[INFO] [1787246097.514718050] [a3_receive_input_gateway]: gateway calibrated=yes frame_age=1.1ms frames=333014 ball=36615 base_poses=332995 invalid=0 station_ok=yes
[INFO] [1787246098.514461821] [a3_receive_input_gateway]: gateway calibrated=yes frame_age=1.7ms frames=333314 ball=36615 base_poses=333295 invalid=0 station_ok=yes
[INFO] [1787246099.514431633] [a3_receive_input_gateway]: gateway calibrated=yes frame_age=0.3ms frames=333615 ball=36615 base_poses=333596 invalid=0 station_ok=yes
[INFO] [1787246100.514461282] [a3_receive_input_gateway]: gateway calibrated=yes frame_age=0.7ms frames=333915 ball=36615 base_poses=333896 invalid=0 station_ok=yes
[INFO] [1787246101.514471669] [a3_receive_input_gateway]: gateway calibrated=yes frame_age=1.1ms frames=334215 ball=36615 base_poses=334196 invalid=0 station_ok=yes
[INFO] [1787246102.514523738] [a3_receive_input_gateway]: gateway calibrated=yes frame_age=3.6ms frames=334514 ball=36615 base_poses=334495 invalid=0 station_ok=yes
[INFO] [1787246103.514599329] [a3_receive_input_gateway]: gateway calibrated=yes frame_age=0.2ms frames=334815 ball=36615 base_poses=334796 invalid=0 station_ok=yes
[INFO] [1787246104.514483757] [a3_receive_input_gateway]: gateway calibrated=yes frame_age=0.6ms frames=335115 ball=36615 base_poses=335096 invalid=0 station_ok=yes
[INFO] [1787246105.514452506] [a3_receive_input_gateway]: gateway calibrated=yes frame_age=1.0ms frames=335415 ball=36615 base_poses=335396 invalid=0 station_ok=yes
[INFO] [1787246106.514526826] [a3_receive_input_gateway]: gateway calibrated=yes frame_age=1.3ms frames=335715 ball=36615 base_poses=335696 invalid=0 station_ok=yes
[INFO] [1787246107.514658185] [a3_receive_input_gateway]: gateway calibrated=yes frame_age=0.2ms frames=336016 ball=36615 base_poses=335997 invalid=0 station_ok=yes
[INFO] [1787246108.514906231] [a3_receive_input_gateway]: gateway calibrated=yes frame_age=0.3ms frames=336316 ball=36615 base_poses=336297 invalid=0 station_ok=yes
[INFO] [1787246109.514757961] [a3_receive_input_gateway]: gateway calibrated=yes frame_age=0.5ms frames=336616 ball=36615 base_poses=336597 invalid=0 station_ok=yes
[INFO] [1787246110.514554163] [a3_receive_input_gateway]: gateway calibrated=yes frame_age=1.2ms frames=336916 ball=36615 base_poses=336897 invalid=0 station_ok=yes
[INFO] [1787246111.514940299] [a3_receive_input_gateway]: gateway calibrated=yes frame_age=1.8ms frames=337216 ball=36615 base_poses=337197 invalid=0 station_ok=yes
[INFO] [1787246112.514508886] [a3_receive_input_gateway]: gateway calibrated=yes frame_age=2.2ms frames=337516 ball=36615 base_poses=337497 invalid=0 station_ok=yes
[INFO] [1787246113.514662986] [a3_receive_input_gateway]: gateway calibrated=yes frame_age=0.6ms frames=337816 ball=36615 base_poses=337797 invalid=0 station_ok=yes
[INFO] [1787246114.514504066] [a3_receive_input_gateway]: gateway calibrated=yes frame_age=2.9ms frames=338116 ball=36615 base_poses=338097 invalid=0 station_ok=yes
[INFO] [1787246115.514542443] [a3_receive_input_gateway]: gateway calibrated=yes frame_age=3.2ms frames=338416 ball=36615 base_poses=338397 invalid=0 station_ok=yes
[INFO] [1787246116.514516551] [a3_receive_input_gateway]: gateway calibrated=yes frame_age=3.9ms frames=338716 ball=36615 base_poses=338697 invalid=0 station_ok=yes
[INFO] [1787246117.514561536] [a3_receive_input_gateway]: gateway calibrated=yes frame_age=0.3ms frames=339017 ball=36615 base_poses=338998 invalid=0 station_ok=yes
[INFO] [1787246118.514550397] [a3_receive_input_gateway]: gateway calibrated=yes frame_age=0.6ms frames=339317 ball=36615 base_poses=339298 invalid=0 station_ok=yes
[INFO] [1787246119.514504870] [a3_receive_input_gateway]: gateway calibrated=yes frame_age=1.2ms frames=339617 ball=36615 base_poses=339598 invalid=0 station_ok=yes
[INFO] [1787246120.514516020] [a3_receive_input_gateway]: gateway calibrated=yes frame_age=1.3ms frames=339917 ball=36615 base_poses=339898 invalid=0 station_ok=yes
[INFO] [1787246121.514546207] [a3_receive_input_gateway]: gateway calibrated=yes frame_age=2.1ms frames=340217 ball=36615 base_poses=340198 invalid=0 station_ok=yes
[INFO] [1787246122.514500378] [a3_receive_input_gateway]: gateway calibrated=yes frame_age=0.3ms frames=340517 ball=36615 base_poses=340498 invalid=0 station_ok=yes
[INFO] [1787246123.514555837] [a3_receive_input_gateway]: gateway calibrated=yes frame_age=2.8ms frames=340817 ball=36615 base_poses=340798 invalid=0 station_ok=yes
[INFO] [1787246124.514533303] [a3_receive_input_gateway]: gateway calibrated=yes frame_age=3.3ms frames=341117 ball=36615 base_poses=341098 invalid=0 station_ok=yes
[INFO] [1787246125.514451400] [a3_receive_input_gateway]: gateway calibrated=yes frame_age=3.5ms frames=341417 ball=36615 base_poses=341398 invalid=0 station_ok=yes
[INFO] [1787246126.514799044] [a3_receive_input_gateway]: gateway calibrated=yes frame_age=0.2ms frames=341718 ball=36615 base_poses=341699 invalid=0 station_ok=yes
[INFO] [1787246127.514479568] [a3_receive_input_gateway]: gateway calibrated=yes frame_age=0.3ms frames=342018 ball=36615 base_poses=341999 invalid=0 station_ok=yes
[INFO] [1787246128.514670278] [a3_receive_input_gateway]: gateway calibrated=yes frame_age=0.9ms frames=342318 ball=36615 base_poses=342299 invalid=0 station_ok=yes
[INFO] [1787246129.514509496] [a3_receive_input_gateway]: gateway calibrated=yes frame_age=1.2ms frames=342618 ball=36615 base_poses=342599 invalid=0 station_ok=yes
[INFO] [1787246130.514487385] [a3_receive_input_gateway]: gateway calibrated=yes frame_age=1.6ms frames=342918 ball=36615 base_poses=342899 invalid=0 station_ok=yes
[INFO] [1787246131.514526942] [a3_receive_input_gateway]: gateway calibrated=yes frame_age=2.0ms frames=343218 ball=36615 base_poses=343199 invalid=0 station_ok=yes
[INFO] [1787246132.514520306] [a3_receive_input_gateway]: gateway calibrated=yes frame_age=2.5ms frames=343518 ball=36615 base_poses=343499 invalid=0 station_ok=yes
[INFO] [1787246133.514551838] [a3_receive_input_gateway]: gateway calibrated=yes frame_age=2.9ms frames=343818 ball=36615 base_poses=343799 invalid=0 station_ok=yes
[INFO] [1787246134.514552727] [a3_receive_input_gateway]: gateway calibrated=yes frame_age=2.5ms frames=344118 ball=36615 base_poses=344099 invalid=0 station_ok=yes
[INFO] [1787246135.514550435] [a3_receive_input_gateway]: gateway calibrated=yes frame_age=3.6ms frames=344418 ball=36615 base_poses=344399 invalid=0 station_ok=yes
[INFO] [1787246136.514568153] [a3_receive_input_gateway]: gateway calibrated=yes frame_age=0.2ms frames=344719 ball=36615 base_poses=344700 invalid=0 station_ok=yes
[INFO] [1787246137.514490169] [a3_receive_input_gateway]: gateway calibrated=yes frame_age=0.3ms frames=345019 ball=36615 base_poses=345000 invalid=0 station_ok=yes
[INFO] [1787246138.514577628] [a3_receive_input_gateway]: gateway calibrated=yes frame_age=0.4ms frames=345319 ball=36615 base_poses=345300 invalid=0 station_ok=yes
[INFO] [1787246139.514480347] [a3_receive_input_gateway]: gateway calibrated=yes frame_age=1.1ms frames=345619 ball=36615 base_poses=345600 invalid=0 station_ok=yes
[INFO] [1787246140.514506304] [a3_receive_input_gateway]: gateway calibrated=yes frame_age=1.6ms frames=345919 ball=36615 base_poses=345900 invalid=0 station_ok=yes
[INFO] [1787246141.514559999] [a3_receive_input_gateway]: gateway calibrated=yes frame_age=2.1ms frames=346219 ball=36615 base_poses=346200 invalid=0 station_ok=yes
[INFO] [1787246142.514512815] [a3_receive_input_gateway]: gateway calibrated=yes frame_age=2.2ms frames=346519 ball=36615 base_poses=346500 invalid=0 station_ok=yes
[INFO] [1787246143.514525239] [a3_receive_input_gateway]: gateway calibrated=yes frame_age=2.9ms frames=346819 ball=36615 base_poses=346800 invalid=0 station_ok=yes
[INFO] [1787246144.514542626] [a3_receive_input_gateway]: gateway calibrated=yes frame_age=3.4ms frames=347119 ball=36615 base_poses=347100 invalid=0 station_ok=yes
[INFO] [1787246145.514620996] [a3_receive_input_gateway]: gateway calibrated=yes frame_age=3.6ms frames=347419 ball=36615 base_poses=347400 invalid=0 station_ok=yes
[INFO] [1787246146.514528920] [a3_receive_input_gateway]: gateway calibrated=yes frame_age=0.2ms frames=347720 ball=36615 base_poses=347701 invalid=0 station_ok=yes
[INFO] [1787246147.514464686] [a3_receive_input_gateway]: gateway calibrated=yes frame_age=0.5ms frames=348020 ball=36615 base_poses=348001 invalid=0 station_ok=yes
[INFO] [1787246148.514460915] [a3_receive_input_gateway]: gateway calibrated=yes frame_age=0.7ms frames=348320 ball=36615 base_poses=348301 invalid=0 station_ok=yes
[INFO] [1787246149.514463326] [a3_receive_input_gateway]: gateway calibrated=yes frame_age=0.9ms frames=348620 ball=36615 base_poses=348601 invalid=0 station_ok=yes
[INFO] [1787246150.514500785] [a3_receive_input_gateway]: gateway calibrated=yes frame_age=1.5ms frames=348920 ball=36615 base_poses=348901 invalid=0 station_ok=yes
[INFO] [1787246151.514525880] [a3_receive_input_gateway]: gateway calibrated=yes frame_age=0.1ms frames=349221 ball=36615 base_poses=349202 invalid=0 station_ok=yes
[INFO] [1787246152.514483249] [a3_receive_input_gateway]: gateway calibrated=yes frame_age=0.5ms frames=349521 ball=36615 base_poses=349502 invalid=0 station_ok=yes
[INFO] [1787246153.514606341] [a3_receive_input_gateway]: gateway calibrated=yes frame_age=0.8ms frames=349821 ball=36615 base_poses=349802 invalid=0 station_ok=yes
[INFO] [1787246154.514502309] [a3_receive_input_gateway]: gateway calibrated=yes frame_age=3.1ms frames=350120 ball=36615 base_poses=350101 invalid=0 station_ok=yes
[INFO] [1787246155.514509236] [a3_receive_input_gateway]: gateway calibrated=yes frame_age=3.4ms frames=350420 ball=36615 base_poses=350401 invalid=0 station_ok=yes
[INFO] [1787246156.514685651] [a3_receive_input_gateway]: gateway calibrated=yes frame_age=0.2ms frames=350721 ball=36615 base_poses=350702 invalid=0 station_ok=yes
[INFO] [1787246157.514465723] [a3_receive_input_gateway]: gateway calibrated=yes frame_age=0.1ms frames=351021 ball=36615 base_poses=351002 invalid=0 station_ok=yes
[INFO] [1787246158.514473248] [a3_receive_input_gateway]: gateway calibrated=yes frame_age=0.6ms frames=351321 ball=36615 base_poses=351302 invalid=0 station_ok=yes
[INFO] [1787246159.514621242] [a3_receive_input_gateway]: gateway calibrated=yes frame_age=0.8ms frames=351621 ball=36615 base_poses=351602 invalid=0 station_ok=yes
[INFO] [1787246160.514555325] [a3_receive_input_gateway]: gateway calibrated=yes frame_age=1.3ms frames=351921 ball=36615 base_poses=351902 invalid=0 station_ok=yes
[INFO] [1787246161.514471440] [a3_receive_input_gateway]: gateway calibrated=yes frame_age=1.8ms frames=352221 ball=36615 base_poses=352202 invalid=0 station_ok=yes
[INFO] [1787246162.514425533] [a3_receive_input_gateway]: gateway calibrated=yes frame_age=0.2ms frames=352522 ball=36615 base_poses=352503 invalid=0 station_ok=yes
[INFO] [1787246163.514593197] [a3_receive_input_gateway]: gateway calibrated=yes frame_age=2.5ms frames=352821 ball=36615 base_poses=352802 invalid=0 station_ok=yes
[INFO] [1787246164.514499936] [a3_receive_input_gateway]: gateway calibrated=yes frame_age=1.0ms frames=353122 ball=36615 base_poses=353103 invalid=0 station_ok=yes
[INFO] [1787246165.514703520] [a3_receive_input_gateway]: gateway calibrated=yes frame_age=1.2ms frames=353422 ball=36615 base_poses=353403 invalid=0 station_ok=yes
[INFO] [1787246166.514512984] [a3_receive_input_gateway]: gateway calibrated=yes frame_age=1.7ms frames=353722 ball=36615 base_poses=353703 invalid=0 station_ok=yes
[INFO] [1787246167.514512402] [a3_receive_input_gateway]: gateway calibrated=yes frame_age=2.0ms frames=354022 ball=36615 base_poses=354003 invalid=0 station_ok=yes
[INFO] [1787246168.514534170] [a3_receive_input_gateway]: gateway calibrated=yes frame_age=2.5ms frames=354322 ball=36615 base_poses=354303 invalid=0 station_ok=yes
[INFO] [1787246169.514532796] [a3_receive_input_gateway]: gateway calibrated=yes frame_age=2.7ms frames=354622 ball=36615 base_poses=354603 invalid=0 station_ok=yes
[INFO] [1787246170.514512728] [a3_receive_input_gateway]: gateway calibrated=yes frame_age=3.0ms frames=354922 ball=36615 base_poses=354903 invalid=0 station_ok=yes
[INFO] [1787246171.514529318] [a3_receive_input_gateway]: gateway calibrated=yes frame_age=1.5ms frames=355222 ball=36615 base_poses=355203 invalid=0 station_ok=yes
[INFO] [1787246172.514723732] [a3_receive_input_gateway]: gateway calibrated=yes frame_age=0.2ms frames=355523 ball=36615 base_poses=355504 invalid=0 station_ok=yes
[INFO] [1787246173.515101692] [a3_receive_input_gateway]: gateway calibrated=yes frame_age=0.4ms frames=355823 ball=36615 base_poses=355804 invalid=0 station_ok=yes
[INFO] [1787246174.514449510] [a3_receive_input_gateway]: gateway calibrated=yes frame_age=0.2ms frames=356123 ball=36615 base_poses=356104 invalid=0 station_ok=yes
[INFO] [1787246175.514483828] [a3_receive_input_gateway]: gateway calibrated=yes frame_age=1.1ms frames=356423 ball=36615 base_poses=356404 invalid=0 station_ok=yes
[INFO] [1787246176.514734440] [a3_receive_input_gateway]: gateway calibrated=yes frame_age=1.3ms frames=356723 ball=36615 base_poses=356704 invalid=0 station_ok=yes
[INFO] [1787246177.514505512] [a3_receive_input_gateway]: gateway calibrated=yes frame_age=1.6ms frames=357023 ball=36615 base_poses=357004 invalid=0 station_ok=yes
[INFO] [1787246178.514682046] [a3_receive_input_gateway]: gateway calibrated=yes frame_age=1.9ms frames=357323 ball=36615 base_poses=357304 invalid=0 station_ok=yes
[INFO] [1787246179.514508828] [a3_receive_input_gateway]: gateway calibrated=yes frame_age=2.5ms frames=357623 ball=36615 base_poses=357604 invalid=0 station_ok=yes
[INFO] [1787246180.514508910] [a3_receive_input_gateway]: gateway calibrated=yes frame_age=2.7ms frames=357923 ball=36615 base_poses=357904 invalid=0 station_ok=yes
[INFO] [1787246181.514479953] [a3_receive_input_gateway]: gateway calibrated=yes frame_age=3.0ms frames=358223 ball=36615 base_poses=358204 invalid=0 station_ok=yes
[INFO] [1787246182.514510212] [a3_receive_input_gateway]: gateway calibrated=yes frame_age=3.4ms frames=358523 ball=36615 base_poses=358504 invalid=0 station_ok=yes
[INFO] [1787246183.514523840] [a3_receive_input_gateway]: gateway calibrated=yes frame_age=3.9ms frames=358823 ball=36615 base_poses=358804 invalid=0 station_ok=yes
[INFO] [1787246184.514509829] [a3_receive_input_gateway]: gateway calibrated=yes frame_age=0.2ms frames=359124 ball=36615 base_poses=359105 invalid=0 station_ok=yes
[INFO] [1787246185.515053936] [a3_receive_input_gateway]: gateway calibrated=yes frame_age=0.4ms frames=359424 ball=36615 base_poses=359405 invalid=0 station_ok=yes
[INFO] [1787246186.514479682] [a3_receive_input_gateway]: gateway calibrated=yes frame_age=1.0ms frames=359724 ball=36615 base_poses=359705 invalid=0 station_ok=yes
[INFO] [1787246187.514510072] [a3_receive_input_gateway]: gateway calibrated=yes frame_age=1.3ms frames=360024 ball=36615 base_poses=360005 invalid=0 station_ok=yes
[INFO] [1787246188.514487000] [a3_receive_input_gateway]: gateway calibrated=yes frame_age=1.6ms frames=360324 ball=36615 base_poses=360305 invalid=0 station_ok=yes
[INFO] [1787246189.514499623] [a3_receive_input_gateway]: gateway calibrated=yes frame_age=2.0ms frames=360624 ball=36615 base_poses=360605 invalid=0 station_ok=yes
[INFO] [1787246190.514494868] [a3_receive_input_gateway]: gateway calibrated=yes frame_age=2.2ms frames=360924 ball=36615 base_poses=360905 invalid=0 station_ok=yes
[INFO] [1787246191.514494846] [a3_receive_input_gateway]: gateway calibrated=yes frame_age=0.7ms frames=361224 ball=36615 base_poses=361205 invalid=0 station_ok=yes
[INFO] [1787246192.514549462] [a3_receive_input_gateway]: gateway calibrated=yes frame_age=3.0ms frames=361524 ball=36615 base_poses=361505 invalid=0 station_ok=yes
[INFO] [1787246193.514564404] [a3_receive_input_gateway]: gateway calibrated=yes frame_age=3.4ms frames=361824 ball=36615 base_poses=361805 invalid=0 station_ok=yes
[INFO] [1787246194.514549384] [a3_receive_input_gateway]: gateway calibrated=yes frame_age=3.6ms frames=362124 ball=36615 base_poses=362105 invalid=0 station_ok=yes
[INFO] [1787246195.514532708] [a3_receive_input_gateway]: gateway calibrated=yes frame_age=0.1ms frames=362425 ball=36615 base_poses=362406 invalid=0 station_ok=yes
[INFO] [1787246196.514479694] [a3_receive_input_gateway]: gateway calibrated=yes frame_age=0.3ms frames=362725 ball=36615 base_poses=362706 invalid=0 station_ok=yes
[INFO] [1787246197.514675902] [a3_receive_input_gateway]: gateway calibrated=yes frame_age=0.9ms frames=363025 ball=36615 base_poses=363006 invalid=0 station_ok=yes
[INFO] [1787246198.514463105] [a3_receive_input_gateway]: gateway calibrated=yes frame_age=0.9ms frames=363325 ball=36615 base_poses=363306 invalid=0 station_ok=yes
[INFO] [1787246199.514798697] [a3_receive_input_gateway]: gateway calibrated=yes frame_age=1.3ms frames=363625 ball=36615 base_poses=363606 invalid=0 station_ok=yes
[INFO] [1787246200.514510507] [a3_receive_input_gateway]: gateway calibrated=yes frame_age=1.8ms frames=363925 ball=36615 base_poses=363906 invalid=0 station_ok=yes
[INFO] [1787246201.514515703] [a3_receive_input_gateway]: gateway calibrated=yes frame_age=2.1ms frames=364225 ball=36615 base_poses=364206 invalid=0 station_ok=yes
[INFO] [1787246202.514504203] [a3_receive_input_gateway]: gateway calibrated=yes frame_age=2.2ms frames=364525 ball=36615 base_poses=364506 invalid=0 station_ok=yes
[INFO] [1787246203.514933431] [a3_receive_input_gateway]: gateway calibrated=yes frame_age=3.0ms frames=364825 ball=36615 base_poses=364806 invalid=0 station_ok=yes
[INFO] [1787246204.514486196] [a3_receive_input_gateway]: gateway calibrated=yes frame_age=3.1ms frames=365125 ball=36615 base_poses=365106 invalid=0 station_ok=yes
[INFO] [1787246205.514645461] [a3_receive_input_gateway]: gateway calibrated=yes frame_age=3.3ms frames=365425 ball=36615 base_poses=365406 invalid=0 station_ok=yes
[INFO] [1787246206.514578495] [a3_receive_input_gateway]: gateway calibrated=yes frame_age=3.8ms frames=365725 ball=36615 base_poses=365706 invalid=0 station_ok=yes
[INFO] [1787246207.514636118] [a3_receive_input_gateway]: gateway calibrated=yes frame_age=0.2ms frames=366026 ball=36615 base_poses=366007 invalid=0 station_ok=yes
[INFO] [1787246208.514515115] [a3_receive_input_gateway]: gateway calibrated=yes frame_age=0.1ms frames=366326 ball=36615 base_poses=366307 invalid=0 station_ok=yes
[INFO] [1787246209.514484927] [a3_receive_input_gateway]: gateway calibrated=yes frame_age=0.7ms frames=366626 ball=36615 base_poses=366607 invalid=0 station_ok=yes
[INFO] [1787246210.514553061] [a3_receive_input_gateway]: gateway calibrated=yes frame_age=0.9ms frames=366926 ball=36615 base_poses=366907 invalid=0 station_ok=yes
[INFO] [1787246211.514708531] [a3_receive_input_gateway]: gateway calibrated=yes frame_age=0.9ms frames=367226 ball=36615 base_poses=367207 invalid=0 station_ok=yes
[INFO] [1787246212.514496308] [a3_receive_input_gateway]: gateway calibrated=yes frame_age=1.7ms frames=367526 ball=36615 base_poses=367507 invalid=0 station_ok=yes
[INFO] [1787246213.514894995] [a3_receive_input_gateway]: gateway calibrated=yes frame_age=2.2ms frames=367826 ball=36615 base_poses=367807 invalid=0 station_ok=yes
[INFO] [1787246214.514487332] [a3_receive_input_gateway]: gateway calibrated=yes frame_age=2.3ms frames=368126 ball=36615 base_poses=368107 invalid=0 station_ok=yes
[INFO] [1787246215.514611705] [a3_receive_input_gateway]: gateway calibrated=yes frame_age=2.5ms frames=368426 ball=36615 base_poses=368407 invalid=0 station_ok=yes
[INFO] [1787246216.514507336] [a3_receive_input_gateway]: gateway calibrated=yes frame_age=3.0ms frames=368726 ball=36615 base_poses=368707 invalid=0 station_ok=yes
[INFO] [1787246217.514507900] [a3_receive_input_gateway]: gateway calibrated=yes frame_age=2.8ms frames=369026 ball=36615 base_poses=369007 invalid=0 station_ok=yes
[INFO] [1787246218.514513309] [a3_receive_input_gateway]: gateway calibrated=yes frame_age=3.5ms frames=369326 ball=36615 base_poses=369307 invalid=0 station_ok=yes
[INFO] [1787246219.514674145] [a3_receive_input_gateway]: gateway calibrated=yes frame_age=0.2ms frames=369627 ball=36615 base_poses=369608 invalid=0 station_ok=yes
[INFO] [1787246220.514479363] [a3_receive_input_gateway]: gateway calibrated=yes frame_age=0.4ms frames=369927 ball=36615 base_poses=369908 invalid=0 station_ok=yes
[INFO] [1787246221.514477773] [a3_receive_input_gateway]: gateway calibrated=yes frame_age=0.6ms frames=370227 ball=36615 base_poses=370208 invalid=0 station_ok=yes
[INFO] [1787246222.514472296] [a3_receive_input_gateway]: gateway calibrated=yes frame_age=0.8ms frames=370527 ball=36615 base_poses=370508 invalid=0 station_ok=yes
[INFO] [1787246223.514527799] [a3_receive_input_gateway]: gateway calibrated=yes frame_age=1.2ms frames=370827 ball=36615 base_poses=370808 invalid=0 station_ok=yes
[INFO] [1787246224.514510237] [a3_receive_input_gateway]: gateway calibrated=yes frame_age=1.4ms frames=371127 ball=36615 base_poses=371108 invalid=0 station_ok=yes
[INFO] [1787246225.514501524] [a3_receive_input_gateway]: gateway calibrated=yes frame_age=1.9ms frames=371427 ball=36615 base_poses=371408 invalid=0 station_ok=yes
[INFO] [1787246226.514496672] [a3_receive_input_gateway]: gateway calibrated=yes frame_age=2.1ms frames=371727 ball=36615 base_poses=371708 invalid=0 station_ok=yes
[INFO] [1787246227.514504668] [a3_receive_input_gateway]: gateway calibrated=yes frame_age=2.6ms frames=372027 ball=36615 base_poses=372008 invalid=0 station_ok=yes
[INFO] [1787246228.514517641] [a3_receive_input_gateway]: gateway calibrated=yes frame_age=2.6ms frames=372327 ball=36615 base_poses=372308 invalid=0 station_ok=yes
[INFO] [1787246229.514546605] [a3_receive_input_gateway]: gateway calibrated=yes frame_age=3.2ms frames=372627 ball=36615 base_poses=372608 invalid=0 station_ok=yes
[INFO] [1787246230.514504789] [a3_receive_input_gateway]: gateway calibrated=yes frame_age=3.3ms frames=372927 ball=36615 base_poses=372908 invalid=0 station_ok=yes
[INFO] [1787246231.514730339] [a3_receive_input_gateway]: gateway calibrated=yes frame_age=0.2ms frames=373228 ball=36615 base_poses=373209 invalid=0 station_ok=yes
[INFO] [1787246232.514584488] [a3_receive_input_gateway]: gateway calibrated=yes frame_age=0.2ms frames=373528 ball=36615 base_poses=373509 invalid=0 station_ok=yes
[INFO] [1787246233.514479463] [a3_receive_input_gateway]: gateway calibrated=yes frame_age=0.5ms frames=373828 ball=36615 base_poses=373809 invalid=0 station_ok=yes
[INFO] [1787246234.514546434] [a3_receive_input_gateway]: gateway calibrated=yes frame_age=0.7ms frames=374128 ball=36615 base_poses=374109 invalid=0 station_ok=yes
[INFO] [1787246235.514517164] [a3_receive_input_gateway]: gateway calibrated=yes frame_age=1.1ms frames=374428 ball=36615 base_poses=374409 invalid=0 station_ok=yes
[INFO] [1787246236.514504748] [a3_receive_input_gateway]: gateway calibrated=yes frame_age=1.1ms frames=374728 ball=36615 base_poses=374709 invalid=0 station_ok=yes
[INFO] [1787246237.514501889] [a3_receive_input_gateway]: gateway calibrated=yes frame_age=1.7ms frames=375028 ball=36615 base_poses=375009 invalid=0 station_ok=yes
[INFO] [1787246238.515123606] [a3_receive_input_gateway]: gateway calibrated=yes frame_age=0.3ms frames=375329 ball=36615 base_poses=375310 invalid=0 station_ok=yes
[INFO] [1787246239.514497138] [a3_receive_input_gateway]: gateway calibrated=yes frame_age=2.3ms frames=375628 ball=36615 base_poses=375609 invalid=0 station_ok=yes
[INFO] [1787246240.514437240] [a3_receive_input_gateway]: gateway calibrated=yes frame_age=0.3ms frames=375929 ball=36615 base_poses=375910 invalid=0 station_ok=yes
[INFO] [1787246241.514509707] [a3_receive_input_gateway]: gateway calibrated=yes frame_age=2.8ms frames=376228 ball=36615 base_poses=376209 invalid=0 station_ok=yes
[INFO] [1787246242.514509130] [a3_receive_input_gateway]: gateway calibrated=yes frame_age=3.1ms frames=376528 ball=36615 base_poses=376509 invalid=0 station_ok=yes
[INFO] [1787246243.514484765] [a3_receive_input_gateway]: gateway calibrated=yes frame_age=3.4ms frames=376828 ball=36615 base_poses=376809 invalid=0 station_ok=yes
[INFO] [1787246244.514523311] [a3_receive_input_gateway]: gateway calibrated=yes frame_age=3.8ms frames=377128 ball=36615 base_poses=377109 invalid=0 station_ok=yes
[INFO] [1787246245.514539310] [a3_receive_input_gateway]: gateway calibrated=yes frame_age=0.2ms frames=377429 ball=36615 base_poses=377410 invalid=0 station_ok=yes
[INFO] [1787246246.514494001] [a3_receive_input_gateway]: gateway calibrated=yes frame_age=0.3ms frames=377729 ball=36615 base_poses=377710 invalid=0 station_ok=yes
[INFO] [1787246247.514462106] [a3_receive_input_gateway]: gateway calibrated=yes frame_age=0.6ms frames=378029 ball=36615 base_poses=378010 invalid=0 station_ok=yes
[INFO] [1787246248.514488242] [a3_receive_input_gateway]: gateway calibrated=yes frame_age=1.0ms frames=378329 ball=36615 base_poses=378310 invalid=0 station_ok=yes
[INFO] [1787246249.514823684] [a3_receive_input_gateway]: gateway calibrated=yes frame_age=1.3ms frames=378629 ball=36615 base_poses=378610 invalid=0 station_ok=yes
[INFO] [1787246250.514649399] [a3_receive_input_gateway]: gateway calibrated=yes frame_age=1.6ms frames=378929 ball=36615 base_poses=378910 invalid=0 station_ok=yes
[INFO] [1787246251.514704936] [a3_receive_input_gateway]: gateway calibrated=yes frame_age=0.1ms frames=379230 ball=36615 base_poses=379211 invalid=0 station_ok=yes
[INFO] [1787246252.514431293] [a3_receive_input_gateway]: gateway calibrated=yes frame_age=0.2ms frames=379530 ball=36615 base_poses=379511 invalid=0 station_ok=yes
[INFO] [1787246253.514467606] [a3_receive_input_gateway]: gateway calibrated=yes frame_age=0.5ms frames=379830 ball=36615 base_poses=379811 invalid=0 station_ok=yes
[INFO] [1787246254.514658997] [a3_receive_input_gateway]: gateway calibrated=yes frame_age=2.7ms frames=380129 ball=36615 base_poses=380110 invalid=0 station_ok=yes
[INFO] [1787246255.514507871] [a3_receive_input_gateway]: gateway calibrated=yes frame_age=3.1ms frames=380429 ball=36615 base_poses=380410 invalid=0 station_ok=yes
[INFO] [1787246256.514527445] [a3_receive_input_gateway]: gateway calibrated=yes frame_age=3.4ms frames=380729 ball=36615 base_poses=380710 invalid=0 station_ok=yes
[INFO] [1787246257.514672124] [a3_receive_input_gateway]: gateway calibrated=yes frame_age=3.6ms frames=381029 ball=36615 base_poses=381010 invalid=0 station_ok=yes
[INFO] [1787246258.514486665] [a3_receive_input_gateway]: gateway calibrated=yes frame_age=3.8ms frames=381329 ball=36615 base_poses=381310 invalid=0 station_ok=yes
[INFO] [1787246259.514527226] [a3_receive_input_gateway]: gateway calibrated=yes frame_age=2.0ms frames=381630 ball=36615 base_poses=381611 invalid=0 station_ok=yes
[INFO] [1787246260.514753621] [a3_receive_input_gateway]: gateway calibrated=yes frame_age=0.6ms frames=381930 ball=36615 base_poses=381911 invalid=0 station_ok=yes
[INFO] [1787246261.514872438] [a3_receive_input_gateway]: gateway calibrated=yes frame_age=1.1ms frames=382230 ball=36615 base_poses=382211 invalid=0 station_ok=yes
[INFO] [1787246262.514491140] [a3_receive_input_gateway]: gateway calibrated=yes frame_age=1.1ms frames=382530 ball=36615 base_poses=382511 invalid=0 station_ok=yes
[INFO] [1787246263.514516254] [a3_receive_input_gateway]: gateway calibrated=yes frame_age=1.2ms frames=382830 ball=36615 base_poses=382811 invalid=0 station_ok=yes
[INFO] [1787246264.515057237] [a3_receive_input_gateway]: gateway calibrated=yes frame_age=0.6ms frames=383130 ball=36615 base_poses=383111 invalid=0 station_ok=yes
[INFO] [1787246265.514605113] [a3_receive_input_gateway]: gateway calibrated=yes frame_age=0.2ms frames=383431 ball=36615 base_poses=383412 invalid=0 station_ok=yes
[INFO] [1787246266.514565349] [a3_receive_input_gateway]: gateway calibrated=yes frame_age=0.2ms frames=383731 ball=36615 base_poses=383712 invalid=0 station_ok=yes
[INFO] [1787246267.514462005] [a3_receive_input_gateway]: gateway calibrated=yes frame_age=0.2ms frames=384031 ball=36615 base_poses=384012 invalid=0 station_ok=yes
[INFO] [1787246268.514467128] [a3_receive_input_gateway]: gateway calibrated=yes frame_age=0.7ms frames=384331 ball=36615 base_poses=384312 invalid=0 station_ok=yes
[INFO] [1787246269.514473409] [a3_receive_input_gateway]: gateway calibrated=yes frame_age=1.0ms frames=384631 ball=36615 base_poses=384612 invalid=0 station_ok=yes
[INFO] [1787246270.514512136] [a3_receive_input_gateway]: gateway calibrated=yes frame_age=1.2ms frames=384931 ball=36615 base_poses=384912 invalid=0 station_ok=yes
[INFO] [1787246271.514584943] [a3_receive_input_gateway]: gateway calibrated=yes frame_age=1.6ms frames=385231 ball=36615 base_poses=385212 invalid=0 station_ok=yes
[INFO] [1787246272.514755655] [a3_receive_input_gateway]: gateway calibrated=yes frame_age=0.2ms frames=385531 ball=36615 base_poses=385512 invalid=0 station_ok=yes
[INFO] [1787246273.514486462] [a3_receive_input_gateway]: gateway calibrated=yes frame_age=2.1ms frames=385831 ball=36615 base_poses=385812 invalid=0 station_ok=yes
[INFO] [1787246274.514476526] [a3_receive_input_gateway]: gateway calibrated=yes frame_age=0.2ms frames=386131 ball=36615 base_poses=386112 invalid=0 station_ok=yes
[INFO] [1787246275.514488643] [a3_receive_input_gateway]: gateway calibrated=yes frame_age=0.7ms frames=386431 ball=36615 base_poses=386412 invalid=0 station_ok=yes
[INFO] [1787246276.514482074] [a3_receive_input_gateway]: gateway calibrated=yes frame_age=1.0ms frames=386731 ball=36615 base_poses=386712 invalid=0 station_ok=yes
[INFO] [1787246277.514512148] [a3_receive_input_gateway]: gateway calibrated=yes frame_age=1.2ms frames=387031 ball=36615 base_poses=387012 invalid=0 station_ok=yes
[INFO] [1787246278.514604873] [a3_receive_input_gateway]: gateway calibrated=yes frame_age=1.6ms frames=387331 ball=36615 base_poses=387312 invalid=0 station_ok=yes
[INFO] [1787246279.514574880] [a3_receive_input_gateway]: gateway calibrated=yes frame_age=1.8ms frames=387631 ball=36615 base_poses=387612 invalid=0 station_ok=yes
[INFO] [1787246280.514869450] [a3_receive_input_gateway]: gateway calibrated=yes frame_age=0.2ms frames=387932 ball=36615 base_poses=387913 invalid=0 station_ok=yes
[INFO] [1787246281.514499759] [a3_receive_input_gateway]: gateway calibrated=yes frame_age=0.2ms frames=388232 ball=36615 base_poses=388213 invalid=0 station_ok=yes
[INFO] [1787246282.514465906] [a3_receive_input_gateway]: gateway calibrated=yes frame_age=0.6ms frames=388532 ball=36615 base_poses=388513 invalid=0 station_ok=yes
[INFO] [1787246283.514460073] [a3_receive_input_gateway]: gateway calibrated=yes frame_age=0.9ms frames=388832 ball=36615 base_poses=388813 invalid=0 station_ok=yes
[INFO] [1787246284.514520576] [a3_receive_input_gateway]: gateway calibrated=yes frame_age=1.4ms frames=389132 ball=36615 base_poses=389113 invalid=0 station_ok=yes
[INFO] [1787246285.514525747] [a3_receive_input_gateway]: gateway calibrated=yes frame_age=0.9ms frames=389432 ball=36615 base_poses=389413 invalid=0 station_ok=yes
[INFO] [1787246286.514519127] [a3_receive_input_gateway]: gateway calibrated=yes frame_age=1.0ms frames=389732 ball=36615 base_poses=389713 invalid=0 station_ok=yes
[INFO] [1787246287.514845621] [a3_receive_input_gateway]: gateway calibrated=yes frame_age=2.2ms frames=390032 ball=36615 base_poses=390013 invalid=0 station_ok=yes
[INFO] [1787246288.514506976] [a3_receive_input_gateway]: gateway calibrated=yes frame_age=2.2ms frames=390332 ball=36615 base_poses=390313 invalid=0 station_ok=yes
[INFO] [1787246289.514627058] [a3_receive_input_gateway]: gateway calibrated=yes frame_age=2.7ms frames=390632 ball=36615 base_poses=390613 invalid=0 station_ok=yes
[INFO] [1787246290.514470879] [a3_receive_input_gateway]: gateway calibrated=yes frame_age=0.9ms frames=390932 ball=36615 base_poses=390913 invalid=0 station_ok=yes
[INFO] [1787246291.514477097] [a3_receive_input_gateway]: gateway calibrated=yes frame_age=1.1ms frames=391232 ball=36615 base_poses=391213 invalid=0 station_ok=yes
[INFO] [1787246292.514891945] [a3_receive_input_gateway]: gateway calibrated=yes frame_age=1.2ms frames=391532 ball=36615 base_poses=391513 invalid=0 station_ok=yes
[INFO] [1787246293.514558989] [a3_receive_input_gateway]: gateway calibrated=yes frame_age=1.7ms frames=391832 ball=36615 base_poses=391813 invalid=0 station_ok=yes
[INFO] [1787246294.514643798] [a3_receive_input_gateway]: gateway calibrated=yes frame_age=0.2ms frames=392133 ball=36615 base_poses=392114 invalid=0 station_ok=yes
[INFO] [1787246295.514797109] [a3_receive_input_gateway]: gateway calibrated=yes frame_age=1.8ms frames=392432 ball=36615 base_poses=392413 invalid=0 station_ok=yes
[INFO] [1787246296.514530245] [a3_receive_input_gateway]: gateway calibrated=yes frame_age=0.5ms frames=392733 ball=36615 base_poses=392714 invalid=0 station_ok=yes
[INFO] [1787246297.514476815] [a3_receive_input_gateway]: gateway calibrated=yes frame_age=0.8ms frames=393033 ball=36615 base_poses=393014 invalid=0 station_ok=yes
[INFO] [1787246298.514468978] [a3_receive_input_gateway]: gateway calibrated=yes frame_age=0.9ms frames=393333 ball=36615 base_poses=393314 invalid=0 station_ok=yes
[INFO] [1787246299.514747341] [a3_receive_input_gateway]: gateway calibrated=yes frame_age=1.2ms frames=393633 ball=36615 base_poses=393614 invalid=0 station_ok=yes
[INFO] [1787246300.514486303] [a3_receive_input_gateway]: gateway calibrated=yes frame_age=1.7ms frames=393933 ball=36615 base_poses=393914 invalid=0 station_ok=yes
[INFO] [1787246301.514509999] [a3_receive_input_gateway]: gateway calibrated=yes frame_age=1.8ms frames=394233 ball=36615 base_poses=394214 invalid=0 station_ok=yes
[INFO] [1787246302.514506568] [a3_receive_input_gateway]: gateway calibrated=yes frame_age=2.1ms frames=394533 ball=36615 base_poses=394514 invalid=0 station_ok=yes
[INFO] [1787246303.514479130] [a3_receive_input_gateway]: gateway calibrated=yes frame_age=2.0ms frames=394833 ball=36615 base_poses=394814 invalid=0 station_ok=yes
[INFO] [1787246304.514745261] [a3_receive_input_gateway]: gateway calibrated=yes frame_age=2.1ms frames=395133 ball=36615 base_poses=395114 invalid=0 station_ok=yes
[INFO] [1787246305.514586807] [a3_receive_input_gateway]: gateway calibrated=yes frame_age=3.1ms frames=395433 ball=36615 base_poses=395414 invalid=0 station_ok=yes
[INFO] [1787246306.514524843] [a3_receive_input_gateway]: gateway calibrated=yes frame_age=1.2ms frames=395733 ball=36615 base_poses=395714 invalid=0 station_ok=yes
[INFO] [1787246307.514503679] [a3_receive_input_gateway]: gateway calibrated=yes frame_age=3.3ms frames=396033 ball=36615 base_poses=396014 invalid=0 station_ok=yes
[INFO] [1787246308.514558885] [a3_receive_input_gateway]: gateway calibrated=yes frame_age=1.6ms frames=396333 ball=36615 base_poses=396314 invalid=0 station_ok=yes
[INFO] [1787246309.514604589] [a3_receive_input_gateway]: gateway calibrated=yes frame_age=0.2ms frames=396634 ball=36615 base_poses=396615 invalid=0 station_ok=yes
[INFO] [1787246310.514473928] [a3_receive_input_gateway]: gateway calibrated=yes frame_age=0.2ms frames=396934 ball=36615 base_poses=396915 invalid=0 station_ok=yes
[INFO] [1787246311.514461253] [a3_receive_input_gateway]: gateway calibrated=yes frame_age=0.4ms frames=397234 ball=36615 base_poses=397215 invalid=0 station_ok=yes
[INFO] [1787246312.514529642] [a3_receive_input_gateway]: gateway calibrated=yes frame_age=0.6ms frames=397534 ball=36615 base_poses=397515 invalid=0 station_ok=yes
[INFO] [1787246313.516227588] [a3_receive_input_gateway]: gateway calibrated=yes frame_age=2.4ms frames=397834 ball=36615 base_poses=397815 invalid=0 station_ok=yes
[INFO] [1787246314.514503770] [a3_receive_input_gateway]: gateway calibrated=yes frame_age=1.2ms frames=398134 ball=36615 base_poses=398115 invalid=0 station_ok=yes
[INFO] [1787246315.514512479] [a3_receive_input_gateway]: gateway calibrated=yes frame_age=1.2ms frames=398434 ball=36615 base_poses=398415 invalid=0 station_ok=yes
[INFO] [1787246316.514563202] [a3_receive_input_gateway]: gateway calibrated=yes frame_age=1.8ms frames=398734 ball=36615 base_poses=398715 invalid=0 station_ok=yes
[INFO] [1787246317.514475101] [a3_receive_input_gateway]: gateway calibrated=yes frame_age=1.9ms frames=399034 ball=36615 base_poses=399015 invalid=0 station_ok=yes
[INFO] [1787246318.514466816] [a3_receive_input_gateway]: gateway calibrated=yes frame_age=0.2ms frames=399334 ball=36615 base_poses=399315 invalid=0 station_ok=yes
[INFO] [1787246319.514468530] [a3_receive_input_gateway]: gateway calibrated=yes frame_age=0.4ms frames=399634 ball=36615 base_poses=399615 invalid=0 station_ok=yes
[INFO] [1787246320.514468119] [a3_receive_input_gateway]: gateway calibrated=yes frame_age=0.8ms frames=399934 ball=36615 base_poses=399915 invalid=0 station_ok=yes
[INFO] [1787246321.514501032] [a3_receive_input_gateway]: gateway calibrated=yes frame_age=3.1ms frames=400234 ball=36615 base_poses=400215 invalid=0 station_ok=yes
[INFO] [1787246322.514978228] [a3_receive_input_gateway]: gateway calibrated=yes frame_age=3.4ms frames=400534 ball=36615 base_poses=400515 invalid=0 station_ok=yes
[INFO] [1787246323.514516271] [a3_receive_input_gateway]: gateway calibrated=yes frame_age=3.4ms frames=400834 ball=36615 base_poses=400815 invalid=0 station_ok=yes
[INFO] [1787246324.514559783] [a3_receive_input_gateway]: gateway calibrated=yes frame_age=3.7ms frames=401134 ball=36615 base_poses=401115 invalid=0 station_ok=yes
[INFO] [1787246325.514532287] [a3_receive_input_gateway]: gateway calibrated=yes frame_age=0.1ms frames=401435 ball=36615 base_poses=401416 invalid=0 station_ok=yes
[INFO] [1787246326.514488619] [a3_receive_input_gateway]: gateway calibrated=yes frame_age=0.2ms frames=401735 ball=36615 base_poses=401716 invalid=0 station_ok=yes
[INFO] [1787246327.514474784] [a3_receive_input_gateway]: gateway calibrated=yes frame_age=0.4ms frames=402035 ball=36615 base_poses=402016 invalid=0 station_ok=yes
[INFO] [1787246328.514701972] [a3_receive_input_gateway]: gateway calibrated=yes frame_age=0.6ms frames=402335 ball=36615 base_poses=402316 invalid=0 station_ok=yes
[INFO] [1787246329.514464305] [a3_receive_input_gateway]: gateway calibrated=yes frame_age=0.9ms frames=402635 ball=36615 base_poses=402616 invalid=0 station_ok=yes
[INFO] [1787246330.514479265] [a3_receive_input_gateway]: gateway calibrated=yes frame_age=1.2ms frames=402935 ball=36615 base_poses=402916 invalid=0 station_ok=yes
[INFO] [1787246331.514507376] [a3_receive_input_gateway]: gateway calibrated=yes frame_age=1.5ms frames=403235 ball=36615 base_poses=403216 invalid=0 station_ok=yes
[INFO] [1787246332.514538436] [a3_receive_input_gateway]: gateway calibrated=yes frame_age=1.9ms frames=403535 ball=36615 base_poses=403516 invalid=0 station_ok=yes
[INFO] [1787246333.514505927] [a3_receive_input_gateway]: gateway calibrated=yes frame_age=1.9ms frames=403835 ball=36615 base_poses=403816 invalid=0 station_ok=yes
[INFO] [1787246334.514531429] [a3_receive_input_gateway]: gateway calibrated=yes frame_age=2.4ms frames=404135 ball=36615 base_poses=404116 invalid=0 station_ok=yes
[INFO] [1787246335.514974917] [a3_receive_input_gateway]: gateway calibrated=yes frame_age=2.7ms frames=404435 ball=36615 base_poses=404416 invalid=0 station_ok=yes
[INFO] [1787246336.514563920] [a3_receive_input_gateway]: gateway calibrated=yes frame_age=2.8ms frames=404735 ball=36615 base_poses=404716 invalid=0 station_ok=yes
[INFO] [1787246337.514505505] [a3_receive_input_gateway]: gateway calibrated=yes frame_age=2.8ms frames=405035 ball=36615 base_poses=405016 invalid=0 station_ok=yes
[INFO] [1787246338.514525800] [a3_receive_input_gateway]: gateway calibrated=yes frame_age=3.2ms frames=405335 ball=36615 base_poses=405316 invalid=0 station_ok=yes
[INFO] [1787246339.514517876] [a3_receive_input_gateway]: gateway calibrated=yes frame_age=1.3ms frames=405635 ball=36615 base_poses=405616 invalid=0 station_ok=yes
[INFO] [1787246340.514572912] [a3_receive_input_gateway]: gateway calibrated=yes frame_age=3.5ms frames=405935 ball=36615 base_poses=405916 invalid=0 station_ok=yes
[INFO] [1787246341.515098018] [a3_receive_input_gateway]: gateway calibrated=yes frame_age=0.5ms frames=406236 ball=36615 base_poses=406217 invalid=0 station_ok=yes
[INFO] [1787246342.514480436] [a3_receive_input_gateway]: gateway calibrated=yes frame_age=0.3ms frames=406536 ball=36615 base_poses=406517 invalid=0 station_ok=yes
[INFO] [1787246343.514473236] [a3_receive_input_gateway]: gateway calibrated=yes frame_age=0.3ms frames=406836 ball=36615 base_poses=406817 invalid=0 station_ok=yes
[INFO] [1787246344.514571066] [a3_receive_input_gateway]: gateway calibrated=yes frame_age=0.6ms frames=407136 ball=36615 base_poses=407117 invalid=0 station_ok=yes
[INFO] [1787246345.514476709] [a3_receive_input_gateway]: gateway calibrated=yes frame_age=1.0ms frames=407436 ball=36615 base_poses=407417 invalid=0 station_ok=yes
[INFO] [1787246346.514556909] [a3_receive_input_gateway]: gateway calibrated=yes frame_age=1.1ms frames=407736 ball=36615 base_poses=407717 invalid=0 station_ok=yes
[INFO] [1787246347.514500970] [a3_receive_input_gateway]: gateway calibrated=yes frame_age=3.1ms frames=408035 ball=36615 base_poses=408016 invalid=0 station_ok=yes
[INFO] [1787246348.514500370] [a3_receive_input_gateway]: gateway calibrated=yes frame_age=3.6ms frames=408335 ball=36615 base_poses=408316 invalid=0 station_ok=yes
[INFO] [1787246349.514497658] [a3_receive_input_gateway]: gateway calibrated=yes frame_age=2.0ms frames=408636 ball=36615 base_poses=408617 invalid=0 station_ok=yes
[INFO] [1787246350.514520497] [a3_receive_input_gateway]: gateway calibrated=yes frame_age=2.0ms frames=408936 ball=36615 base_poses=408917 invalid=0 station_ok=yes
[INFO] [1787246351.514534449] [a3_receive_input_gateway]: gateway calibrated=yes frame_age=2.2ms frames=409236 ball=36615 base_poses=409217 invalid=0 station_ok=yes
[INFO] [1787246352.514533425] [a3_receive_input_gateway]: gateway calibrated=yes frame_age=2.7ms frames=409536 ball=36615 base_poses=409517 invalid=0 station_ok=yes
[INFO] [1787246353.514568032] [a3_receive_input_gateway]: gateway calibrated=yes frame_age=2.8ms frames=409836 ball=36615 base_poses=409817 invalid=0 station_ok=yes
[INFO] [1787246354.514664506] [a3_receive_input_gateway]: gateway calibrated=yes frame_age=3.1ms frames=410136 ball=36615 base_poses=410117 invalid=0 station_ok=yes
[INFO] [1787246355.514525781] [a3_receive_input_gateway]: gateway calibrated=yes frame_age=3.2ms frames=410436 ball=36615 base_poses=410417 invalid=0 station_ok=yes
[INFO] [1787246356.514519159] [a3_receive_input_gateway]: gateway calibrated=yes frame_age=3.6ms frames=410736 ball=36615 base_poses=410717 invalid=0 station_ok=yes
[INFO] [1787246357.514550758] [a3_receive_input_gateway]: gateway calibrated=yes frame_age=3.8ms frames=411036 ball=36615 base_poses=411017 invalid=0 station_ok=yes
[INFO] [1787246358.514561058] [a3_receive_input_gateway]: gateway calibrated=yes frame_age=3.9ms frames=411336 ball=36615 base_poses=411317 invalid=0 station_ok=yes
[INFO] [1787246359.514486897] [a3_receive_input_gateway]: gateway calibrated=yes frame_age=0.2ms frames=411637 ball=36615 base_poses=411618 invalid=0 station_ok=yes
[INFO] [1787246360.515031550] [a3_receive_input_gateway]: gateway calibrated=yes frame_age=0.4ms frames=411937 ball=36615 base_poses=411918 invalid=0 station_ok=yes
[INFO] [1787246361.514494859] [a3_receive_input_gateway]: gateway calibrated=yes frame_age=0.5ms frames=412237 ball=36615 base_poses=412218 invalid=0 station_ok=yes
[INFO] [1787246362.514466727] [a3_receive_input_gateway]: gateway calibrated=yes frame_age=0.8ms frames=412537 ball=36615 base_poses=412518 invalid=0 station_ok=yes
[INFO] [1787246363.514667706] [a3_receive_input_gateway]: gateway calibrated=yes frame_age=0.9ms frames=412837 ball=36615 base_poses=412818 invalid=0 station_ok=yes
[INFO] [1787246364.514480087] [a3_receive_input_gateway]: gateway calibrated=yes frame_age=1.5ms frames=413137 ball=36615 base_poses=413118 invalid=0 station_ok=yes
[INFO] [1787246365.514479940] [a3_receive_input_gateway]: gateway calibrated=yes frame_age=1.5ms frames=413437 ball=36615 base_poses=413418 invalid=0 station_ok=yes
[INFO] [1787246366.514490319] [a3_receive_input_gateway]: gateway calibrated=yes frame_age=1.9ms frames=413737 ball=36615 base_poses=413718 invalid=0 station_ok=yes
[INFO] [1787246367.514517595] [a3_receive_input_gateway]: gateway calibrated=yes frame_age=2.0ms frames=414037 ball=36615 base_poses=414018 invalid=0 station_ok=yes
[INFO] [1787246368.514998671] [a3_receive_input_gateway]: gateway calibrated=yes frame_age=2.3ms frames=414337 ball=36615 base_poses=414318 invalid=0 station_ok=yes
[INFO] [1787246369.514492927] [a3_receive_input_gateway]: gateway calibrated=yes frame_age=2.6ms frames=414637 ball=36615 base_poses=414618 invalid=0 station_ok=yes
[INFO] [1787246370.514490473] [a3_receive_input_gateway]: gateway calibrated=yes frame_age=2.9ms frames=414937 ball=36615 base_poses=414918 invalid=0 station_ok=yes
[INFO] [1787246371.514632475] [a3_receive_input_gateway]: gateway calibrated=yes frame_age=1.1ms frames=415237 ball=36615 base_poses=415218 invalid=0 station_ok=yes
[INFO] [1787246372.514423979] [a3_receive_input_gateway]: gateway calibrated=yes frame_age=1.0ms frames=415537 ball=36615 base_poses=415518 invalid=0 station_ok=yes
[INFO] [1787246373.514578184] [a3_receive_input_gateway]: gateway calibrated=yes frame_age=3.3ms frames=415837 ball=36615 base_poses=415818 invalid=0 station_ok=yes
[INFO] [1787246374.514721675] [a3_receive_input_gateway]: gateway calibrated=yes frame_age=3.6ms frames=416137 ball=36615 base_poses=416118 invalid=0 station_ok=yes
[INFO] [1787246375.515641501] [a3_receive_input_gateway]: gateway calibrated=yes frame_age=0.4ms frames=416438 ball=36615 base_poses=416419 invalid=0 station_ok=yes
[INFO] [1787246376.514586524] [a3_receive_input_gateway]: gateway calibrated=yes frame_age=0.2ms frames=416738 ball=36615 base_poses=416719 invalid=0 station_ok=yes
[INFO] [1787246377.514476239] [a3_receive_input_gateway]: gateway calibrated=yes frame_age=0.4ms frames=417038 ball=36615 base_poses=417019 invalid=0 station_ok=yes
[INFO] [1787246378.514463739] [a3_receive_input_gateway]: gateway calibrated=yes frame_age=0.5ms frames=417338 ball=36615 base_poses=417319 invalid=0 station_ok=yes
[INFO] [1787246379.514454144] [a3_receive_input_gateway]: gateway calibrated=yes frame_age=0.5ms frames=417638 ball=36615 base_poses=417619 invalid=0 station_ok=yes
[INFO] [1787246380.514487233] [a3_receive_input_gateway]: gateway calibrated=yes frame_age=1.1ms frames=417938 ball=36615 base_poses=417919 invalid=0 station_ok=yes
[INFO] [1787246381.514506174] [a3_receive_input_gateway]: gateway calibrated=yes frame_age=1.2ms frames=418238 ball=36615 base_poses=418219 invalid=0 station_ok=yes
[INFO] [1787246382.514574814] [a3_receive_input_gateway]: gateway calibrated=yes frame_age=1.6ms frames=418538 ball=36615 base_poses=418519 invalid=0 station_ok=yes
[INFO] [1787246383.514474023] [a3_receive_input_gateway]: gateway calibrated=yes frame_age=1.6ms frames=418838 ball=36615 base_poses=418819 invalid=0 station_ok=yes
[INFO] [1787246384.514536684] [a3_receive_input_gateway]: gateway calibrated=yes frame_age=2.0ms frames=419138 ball=36615 base_poses=419119 invalid=0 station_ok=yes
[INFO] [1787246385.514521103] [a3_receive_input_gateway]: gateway calibrated=yes frame_age=2.2ms frames=419438 ball=36615 base_poses=419419 invalid=0 station_ok=yes
[INFO] [1787246386.514525995] [a3_receive_input_gateway]: gateway calibrated=yes frame_age=2.4ms frames=419738 ball=36615 base_poses=419719 invalid=0 station_ok=yes
[INFO] [1787246387.514507267] [a3_receive_input_gateway]: gateway calibrated=yes frame_age=2.2ms frames=420038 ball=36615 base_poses=420019 invalid=0 station_ok=yes
[INFO] [1787246388.514529274] [a3_receive_input_gateway]: gateway calibrated=yes frame_age=2.9ms frames=420338 ball=36615 base_poses=420319 invalid=0 station_ok=yes
[INFO] [1787246389.514515622] [a3_receive_input_gateway]: gateway calibrated=yes frame_age=2.9ms frames=420638 ball=36615 base_poses=420619 invalid=0 station_ok=yes
[INFO] [1787246390.514494098] [a3_receive_input_gateway]: gateway calibrated=yes frame_age=3.1ms frames=420938 ball=36615 base_poses=420919 invalid=0 station_ok=yes
[INFO] [1787246391.514635370] [a3_receive_input_gateway]: gateway calibrated=yes frame_age=3.4ms frames=421238 ball=36615 base_poses=421219 invalid=0 station_ok=yes
[INFO] [1787246392.514509987] [a3_receive_input_gateway]: gateway calibrated=yes frame_age=1.4ms frames=421538 ball=36615 base_poses=421519 invalid=0 station_ok=yes
[INFO] [1787246393.514756884] [a3_receive_input_gateway]: gateway calibrated=yes frame_age=0.2ms frames=421839 ball=36615 base_poses=421820 invalid=0 station_ok=yes
[INFO] [1787246394.514523470] [a3_receive_input_gateway]: gateway calibrated=yes frame_age=0.1ms frames=422139 ball=36615 base_poses=422120 invalid=0 station_ok=yes
[INFO] [1787246395.514468216] [a3_receive_input_gateway]: gateway calibrated=yes frame_age=0.3ms frames=422439 ball=36615 base_poses=422420 invalid=0 station_ok=yes
[INFO] [1787246396.514665249] [a3_receive_input_gateway]: gateway calibrated=yes frame_age=0.4ms frames=422739 ball=36615 base_poses=422720 invalid=0 station_ok=yes
[INFO] [1787246397.514534313] [a3_receive_input_gateway]: gateway calibrated=yes frame_age=2.7ms frames=423038 ball=36615 base_poses=423019 invalid=0 station_ok=yes
[INFO] [1787246398.514483670] [a3_receive_input_gateway]: gateway calibrated=yes frame_age=1.0ms frames=423339 ball=36615 base_poses=423320 invalid=0 station_ok=yes
[INFO] [1787246399.514481962] [a3_receive_input_gateway]: gateway calibrated=yes frame_age=1.2ms frames=423639 ball=36615 base_poses=423620 invalid=0 station_ok=yes
[INFO] [1787246400.514530930] [a3_receive_input_gateway]: gateway calibrated=yes frame_age=1.4ms frames=423939 ball=36615 base_poses=423920 invalid=0 station_ok=yes
[INFO] [1787246401.514729403] [a3_receive_input_gateway]: gateway calibrated=yes frame_age=1.3ms frames=424239 ball=36615 base_poses=424220 invalid=0 station_ok=yes
[INFO] [1787246402.514527304] [a3_receive_input_gateway]: gateway calibrated=yes frame_age=1.7ms frames=424539 ball=36615 base_poses=424520 invalid=0 station_ok=yes
[INFO] [1787246403.514507917] [a3_receive_input_gateway]: gateway calibrated=yes frame_age=2.1ms frames=424839 ball=36615 base_poses=424820 invalid=0 station_ok=yes
[INFO] [1787246404.514566590] [a3_receive_input_gateway]: gateway calibrated=yes frame_age=2.4ms frames=425139 ball=36615 base_poses=425120 invalid=0 station_ok=yes
[INFO] [1787246405.514540567] [a3_receive_input_gateway]: gateway calibrated=yes frame_age=2.5ms frames=425439 ball=36615 base_poses=425420 invalid=0 station_ok=yes
[INFO] [1787246406.514530948] [a3_receive_input_gateway]: gateway calibrated=yes frame_age=2.8ms frames=425739 ball=36615 base_poses=425720 invalid=0 station_ok=yes
[INFO] [1787246407.514511906] [a3_receive_input_gateway]: gateway calibrated=yes frame_age=2.7ms frames=426039 ball=36615 base_poses=426020 invalid=0 station_ok=yes
[INFO] [1787246408.514543349] [a3_receive_input_gateway]: gateway calibrated=yes frame_age=3.1ms frames=426339 ball=36615 base_poses=426320 invalid=0 station_ok=yes
[INFO] [1787246409.514660475] [a3_receive_input_gateway]: gateway calibrated=yes frame_age=1.2ms frames=426639 ball=36615 base_poses=426620 invalid=0 station_ok=yes
[INFO] [1787246410.514508443] [a3_receive_input_gateway]: gateway calibrated=yes frame_age=1.4ms frames=426939 ball=36615 base_poses=426920 invalid=0 station_ok=yes
[INFO] [1787246411.514535367] [a3_receive_input_gateway]: gateway calibrated=yes frame_age=3.8ms frames=427239 ball=36615 base_poses=427220 invalid=0 station_ok=yes
[INFO] [1787246412.514690333] [a3_receive_input_gateway]: gateway calibrated=yes frame_age=0.2ms frames=427540 ball=36615 base_poses=427521 invalid=0 station_ok=yes
[INFO] [1787246413.514483830] [a3_receive_input_gateway]: gateway calibrated=yes frame_age=0.3ms frames=427840 ball=36615 base_poses=427821 invalid=0 station_ok=yes
[INFO] [1787246414.514471401] [a3_receive_input_gateway]: gateway calibrated=yes frame_age=0.1ms frames=428140 ball=36615 base_poses=428121 invalid=0 station_ok=yes
[INFO] [1787246415.514488954] [a3_receive_input_gateway]: gateway calibrated=yes frame_age=0.5ms frames=428440 ball=36615 base_poses=428421 invalid=0 station_ok=yes
[INFO] [1787246416.514496841] [a3_receive_input_gateway]: gateway calibrated=yes frame_age=0.8ms frames=428740 ball=36615 base_poses=428721 invalid=0 station_ok=yes
[INFO] [1787246417.514481175] [a3_receive_input_gateway]: gateway calibrated=yes frame_age=1.1ms frames=429040 ball=36615 base_poses=429021 invalid=0 station_ok=yes
[INFO] [1787246418.514713587] [a3_receive_input_gateway]: gateway calibrated=yes frame_age=1.3ms frames=429340 ball=36615 base_poses=429321 invalid=0 station_ok=yes
[INFO] [1787246419.514510249] [a3_receive_input_gateway]: gateway calibrated=yes frame_age=1.3ms frames=429640 ball=36615 base_poses=429621 invalid=0 station_ok=yes
[INFO] [1787246420.514509568] [a3_receive_input_gateway]: gateway calibrated=yes frame_age=1.5ms frames=429940 ball=36615 base_poses=429921 invalid=0 station_ok=yes
[INFO] [1787246421.514529332] [a3_receive_input_gateway]: gateway calibrated=yes frame_age=1.9ms frames=430240 ball=36615 base_poses=430221 invalid=0 station_ok=yes
[INFO] [1787246422.514543000] [a3_receive_input_gateway]: gateway calibrated=yes frame_age=2.1ms frames=430540 ball=36615 base_poses=430521 invalid=0 station_ok=yes
[INFO] [1787246423.515159429] [a3_receive_input_gateway]: gateway calibrated=yes frame_age=0.4ms frames=430840 ball=36615 base_poses=430821 invalid=0 station_ok=yes
[INFO] [1787246424.514518243] [a3_receive_input_gateway]: gateway calibrated=yes frame_age=2.5ms frames=431140 ball=36615 base_poses=431121 invalid=0 station_ok=yes
[INFO] [1787246425.514502263] [a3_receive_input_gateway]: gateway calibrated=yes frame_age=2.5ms frames=431440 ball=36615 base_poses=431421 invalid=0 station_ok=yes
[INFO] [1787246426.514532333] [a3_receive_input_gateway]: gateway calibrated=yes frame_age=2.8ms frames=431740 ball=36615 base_poses=431721 invalid=0 station_ok=yes
[INFO] [1787246427.514753213] [a3_receive_input_gateway]: gateway calibrated=yes frame_age=3.0ms frames=432040 ball=36615 base_poses=432021 invalid=0 station_ok=yes
[INFO] [1787246428.514546162] [a3_receive_input_gateway]: gateway calibrated=yes frame_age=3.3ms frames=432340 ball=36615 base_poses=432321 invalid=0 station_ok=yes
[INFO] [1787246429.514554994] [a3_receive_input_gateway]: gateway calibrated=yes frame_age=1.5ms frames=432640 ball=36615 base_poses=432621 invalid=0 station_ok=yes
[INFO] [1787246430.514508913] [a3_receive_input_gateway]: gateway calibrated=yes frame_age=1.5ms frames=432940 ball=36615 base_poses=432921 invalid=0 station_ok=yes
[INFO] [1787246431.514719690] [a3_receive_input_gateway]: gateway calibrated=yes frame_age=0.2ms frames=433241 ball=36615 base_poses=433222 invalid=0 station_ok=yes
[INFO] [1787246432.514565420] [a3_receive_input_gateway]: gateway calibrated=yes frame_age=0.2ms frames=433541 ball=36615 base_poses=433522 invalid=0 station_ok=yes
[INFO] [1787246433.514533281] [a3_receive_input_gateway]: gateway calibrated=yes frame_age=0.2ms frames=433841 ball=36615 base_poses=433822 invalid=0 station_ok=yes
[INFO] [1787246434.514481391] [a3_receive_input_gateway]: gateway calibrated=yes frame_age=0.5ms frames=434141 ball=36615 base_poses=434122 invalid=0 station_ok=yes
[INFO] [1787246435.514490944] [a3_receive_input_gateway]: gateway calibrated=yes frame_age=0.7ms frames=434441 ball=36615 base_poses=434422 invalid=0 station_ok=yes
[INFO] [1787246436.514491078] [a3_receive_input_gateway]: gateway calibrated=yes frame_age=0.9ms frames=434741 ball=36615 base_poses=434722 invalid=0 station_ok=yes
[INFO] [1787246437.514479535] [a3_receive_input_gateway]: gateway calibrated=yes frame_age=1.1ms frames=435041 ball=36615 base_poses=435022 invalid=0 station_ok=yes
[INFO] [1787246438.514544198] [a3_receive_input_gateway]: gateway calibrated=yes frame_age=1.4ms frames=435341 ball=36615 base_poses=435322 invalid=0 station_ok=yes
[INFO] [1787246439.514691518] [a3_receive_input_gateway]: gateway calibrated=yes frame_age=1.3ms frames=435641 ball=36615 base_poses=435622 invalid=0 station_ok=yes
[INFO] [1787246440.514483650] [a3_receive_input_gateway]: gateway calibrated=yes frame_age=1.8ms frames=435941 ball=36615 base_poses=435922 invalid=0 station_ok=yes
[INFO] [1787246441.514549170] [a3_receive_input_gateway]: gateway calibrated=yes frame_age=2.0ms frames=436241 ball=36615 base_poses=436222 invalid=0 station_ok=yes
[INFO] [1787246442.514510765] [a3_receive_input_gateway]: gateway calibrated=yes frame_age=1.9ms frames=436541 ball=36615 base_poses=436522 invalid=0 station_ok=yes
[INFO] [1787246443.514611335] [a3_receive_input_gateway]: gateway calibrated=yes frame_age=0.4ms frames=436841 ball=36615 base_poses=436822 invalid=0 station_ok=yes
[INFO] [1787246444.514503203] [a3_receive_input_gateway]: gateway calibrated=yes frame_age=2.5ms frames=437141 ball=36615 base_poses=437122 invalid=0 station_ok=yes
[INFO] [1787246445.514951540] [a3_receive_input_gateway]: gateway calibrated=yes frame_age=3.1ms frames=437441 ball=36615 base_poses=437422 invalid=0 station_ok=yes
[INFO] [1787246446.514824951] [a3_receive_input_gateway]: gateway calibrated=yes frame_age=0.5ms frames=437741 ball=36615 base_poses=437722 invalid=0 station_ok=yes
[INFO] [1787246447.514498043] [a3_receive_input_gateway]: gateway calibrated=yes frame_age=0.9ms frames=438041 ball=36615 base_poses=438022 invalid=0 station_ok=yes
[INFO] [1787246448.514791750] [a3_receive_input_gateway]: gateway calibrated=yes frame_age=0.9ms frames=438341 ball=36615 base_poses=438322 invalid=0 station_ok=yes
[INFO] [1787246449.514538597] [a3_receive_input_gateway]: gateway calibrated=yes frame_age=1.3ms frames=438641 ball=36615 base_poses=438622 invalid=0 station_ok=yes
[INFO] [1787246450.514512074] [a3_receive_input_gateway]: gateway calibrated=yes frame_age=1.5ms frames=438941 ball=36615 base_poses=438922 invalid=0 station_ok=yes
[INFO] [1787246451.514768071] [a3_receive_input_gateway]: gateway calibrated=yes frame_age=0.2ms frames=439242 ball=36615 base_poses=439223 invalid=0 station_ok=yes
[INFO] [1787246452.514511264] [a3_receive_input_gateway]: gateway calibrated=yes frame_age=1.9ms frames=439541 ball=36615 base_poses=439522 invalid=0 station_ok=yes
[INFO] [1787246453.514511947] [a3_receive_input_gateway]: gateway calibrated=yes frame_age=2.2ms frames=439841 ball=36615 base_poses=439822 invalid=0 station_ok=yes
[INFO] [1787246454.514477615] [a3_receive_input_gateway]: gateway calibrated=yes frame_age=0.5ms frames=440142 ball=36615 base_poses=440123 invalid=0 station_ok=yes
[INFO] [1787246455.514493725] [a3_receive_input_gateway]: gateway calibrated=yes frame_age=0.7ms frames=440442 ball=36615 base_poses=440423 invalid=0 station_ok=yes
[INFO] [1787246456.514468244] [a3_receive_input_gateway]: gateway calibrated=yes frame_age=0.7ms frames=440742 ball=36615 base_poses=440723 invalid=0 station_ok=yes
[INFO] [1787246457.514545917] [a3_receive_input_gateway]: gateway calibrated=yes frame_age=1.0ms frames=441042 ball=36615 base_poses=441023 invalid=0 station_ok=yes
[INFO] [1787246458.514504945] [a3_receive_input_gateway]: gateway calibrated=yes frame_age=1.2ms frames=441342 ball=36615 base_poses=441323 invalid=0 station_ok=yes
[INFO] [1787246459.514491802] [a3_receive_input_gateway]: gateway calibrated=yes frame_age=1.2ms frames=441642 ball=36615 base_poses=441623 invalid=0 station_ok=yes
[INFO] [1787246460.514526046] [a3_receive_input_gateway]: gateway calibrated=yes frame_age=1.7ms frames=441942 ball=36615 base_poses=441923 invalid=0 station_ok=yes
[INFO] [1787246461.514519121] [a3_receive_input_gateway]: gateway calibrated=yes frame_age=1.9ms frames=442242 ball=36615 base_poses=442223 invalid=0 station_ok=yes
[INFO] [1787246462.514563919] [a3_receive_input_gateway]: gateway calibrated=yes frame_age=1.9ms frames=442542 ball=36615 base_poses=442523 invalid=0 station_ok=yes
[INFO] [1787246463.514509544] [a3_receive_input_gateway]: gateway calibrated=yes frame_age=0.2ms frames=442842 ball=36615 base_poses=442823 invalid=0 station_ok=yes
[INFO] [1787246464.514504459] [a3_receive_input_gateway]: gateway calibrated=yes frame_age=0.2ms frames=443142 ball=36615 base_poses=443123 invalid=0 station_ok=yes
[INFO] [1787246465.514801962] [a3_receive_input_gateway]: gateway calibrated=yes frame_age=0.7ms frames=443442 ball=36615 base_poses=443423 invalid=0 station_ok=yes
[INFO] [1787246466.514464805] [a3_receive_input_gateway]: gateway calibrated=yes frame_age=0.6ms frames=443742 ball=36615 base_poses=443723 invalid=0 station_ok=yes
[INFO] [1787246467.514474610] [a3_receive_input_gateway]: gateway calibrated=yes frame_age=0.8ms frames=444042 ball=36615 base_poses=444023 invalid=0 station_ok=yes
[INFO] [1787246468.514555552] [a3_receive_input_gateway]: gateway calibrated=yes frame_age=1.1ms frames=444342 ball=36615 base_poses=444323 invalid=0 station_ok=yes
[INFO] [1787246469.514536753] [a3_receive_input_gateway]: gateway calibrated=yes frame_age=0.9ms frames=444642 ball=36615 base_poses=444623 invalid=0 station_ok=yes
[INFO] [1787246470.514552440] [a3_receive_input_gateway]: gateway calibrated=yes frame_age=1.4ms frames=444942 ball=36615 base_poses=444923 invalid=0 station_ok=yes
[INFO] [1787246471.514542565] [a3_receive_input_gateway]: gateway calibrated=yes frame_age=1.8ms frames=445242 ball=36615 base_poses=445223 invalid=0 station_ok=yes
[INFO] [1787246472.515115424] [a3_receive_input_gateway]: gateway calibrated=yes frame_age=0.3ms frames=445543 ball=36615 base_poses=445524 invalid=0 station_ok=yes
[INFO] [1787246473.514593794] [a3_receive_input_gateway]: gateway calibrated=yes frame_age=0.2ms frames=445843 ball=36615 base_poses=445824 invalid=0 station_ok=yes
[INFO] [1787246474.514548639] [a3_receive_input_gateway]: gateway calibrated=yes frame_age=1.4ms frames=446142 ball=36615 base_poses=446123 invalid=0 station_ok=yes
[INFO] [1787246475.514478296] [a3_receive_input_gateway]: gateway calibrated=yes frame_age=0.3ms frames=446443 ball=36615 base_poses=446424 invalid=0 station_ok=yes
[INFO] [1787246476.514488322] [a3_receive_input_gateway]: gateway calibrated=yes frame_age=2.6ms frames=446742 ball=36615 base_poses=446723 invalid=0 station_ok=yes
[INFO] [1787246477.514498042] [a3_receive_input_gateway]: gateway calibrated=yes frame_age=2.8ms frames=447042 ball=36615 base_poses=447023 invalid=0 station_ok=yes
[INFO] [1787246478.514499553] [a3_receive_input_gateway]: gateway calibrated=yes frame_age=1.0ms frames=447343 ball=36615 base_poses=447324 invalid=0 station_ok=yes
[INFO] [1787246479.514839958] [a3_receive_input_gateway]: gateway calibrated=yes frame_age=3.6ms frames=447642 ball=36615 base_poses=447623 invalid=0 station_ok=yes
[INFO] [1787246480.514655963] [a3_receive_input_gateway]: gateway calibrated=yes frame_age=1.3ms frames=447943 ball=36615 base_poses=447924 invalid=0 station_ok=yes
[INFO] [1787246481.514517695] [a3_receive_input_gateway]: gateway calibrated=yes frame_age=1.6ms frames=448243 ball=36615 base_poses=448224 invalid=0 station_ok=yes
[INFO] [1787246482.514513516] [a3_receive_input_gateway]: gateway calibrated=yes frame_age=3.6ms frames=448542 ball=36615 base_poses=448523 invalid=0 station_ok=yes
[INFO] [1787246483.514536131] [a3_receive_input_gateway]: gateway calibrated=yes frame_age=3.9ms frames=448842 ball=36615 base_poses=448823 invalid=0 station_ok=yes
[INFO] [1787246484.514559182] [a3_receive_input_gateway]: gateway calibrated=yes frame_age=0.1ms frames=449143 ball=36615 base_poses=449124 invalid=0 station_ok=yes
[INFO] [1787246485.514480492] [a3_receive_input_gateway]: gateway calibrated=yes frame_age=0.4ms frames=449443 ball=36615 base_poses=449424 invalid=0 station_ok=yes
[INFO] [1787246486.514542484] [a3_receive_input_gateway]: gateway calibrated=yes frame_age=0.5ms frames=449743 ball=36615 base_poses=449724 invalid=0 station_ok=yes
[INFO] [1787246487.514465180] [a3_receive_input_gateway]: gateway calibrated=yes frame_age=0.5ms frames=450043 ball=36615 base_poses=450024 invalid=0 station_ok=yes
[INFO] [1787246488.514496593] [a3_receive_input_gateway]: gateway calibrated=yes frame_age=0.9ms frames=450343 ball=36615 base_poses=450324 invalid=0 station_ok=yes
[INFO] [1787246489.514480983] [a3_receive_input_gateway]: gateway calibrated=yes frame_age=1.0ms frames=450643 ball=36615 base_poses=450624 invalid=0 station_ok=yes
[INFO] [1787246490.514526422] [a3_receive_input_gateway]: gateway calibrated=yes frame_age=1.3ms frames=450943 ball=36615 base_poses=450924 invalid=0 station_ok=yes
[INFO] [1787246491.514537124] [a3_receive_input_gateway]: gateway calibrated=yes frame_age=1.5ms frames=451243 ball=36615 base_poses=451224 invalid=0 station_ok=yes
[INFO] [1787246492.514508795] [a3_receive_input_gateway]: gateway calibrated=yes frame_age=1.5ms frames=451543 ball=36615 base_poses=451524 invalid=0 station_ok=yes
[INFO] [1787246493.514897486] [a3_receive_input_gateway]: gateway calibrated=yes frame_age=2.1ms frames=451843 ball=36615 base_poses=451824 invalid=0 station_ok=yes
[INFO] [1787246494.514635291] [a3_receive_input_gateway]: gateway calibrated=yes frame_age=0.2ms frames=452144 ball=36615 base_poses=452125 invalid=0 station_ok=yes
[INFO] [1787246495.514552062] [a3_receive_input_gateway]: gateway calibrated=yes frame_age=0.2ms frames=452444 ball=36615 base_poses=452425 invalid=0 station_ok=yes
[INFO] [1787246496.514676914] [a3_receive_input_gateway]: gateway calibrated=yes frame_age=0.3ms frames=452744 ball=36615 base_poses=452725 invalid=0 station_ok=yes
[INFO] [1787246497.514526359] [a3_receive_input_gateway]: gateway calibrated=yes frame_age=2.6ms frames=453043 ball=36615 base_poses=453024 invalid=0 station_ok=yes
[INFO] [1787246498.514511489] [a3_receive_input_gateway]: gateway calibrated=yes frame_age=2.8ms frames=453343 ball=36615 base_poses=453324 invalid=0 station_ok=yes
[INFO] [1787246499.514525428] [a3_receive_input_gateway]: gateway calibrated=yes frame_age=2.8ms frames=453643 ball=36615 base_poses=453624 invalid=0 station_ok=yes
[INFO] [1787246500.514557709] [a3_receive_input_gateway]: gateway calibrated=yes frame_age=3.0ms frames=453943 ball=36615 base_poses=453924 invalid=0 station_ok=yes
[INFO] [1787246501.514566626] [a3_receive_input_gateway]: gateway calibrated=yes frame_age=3.0ms frames=454243 ball=36615 base_poses=454224 invalid=0 station_ok=yes
[INFO] [1787246502.514548936] [a3_receive_input_gateway]: gateway calibrated=yes frame_age=3.5ms frames=454543 ball=36615 base_poses=454524 invalid=0 station_ok=yes
[INFO] [1787246503.514562788] [a3_receive_input_gateway]: gateway calibrated=yes frame_age=3.4ms frames=454843 ball=36615 base_poses=454824 invalid=0 station_ok=yes
[INFO] [1787246504.514587101] [a3_receive_input_gateway]: gateway calibrated=yes frame_age=3.8ms frames=455143 ball=36615 base_poses=455124 invalid=0 station_ok=yes
[INFO] [1787246505.514768570] [a3_receive_input_gateway]: gateway calibrated=yes frame_age=0.2ms frames=455444 ball=36615 base_poses=455425 invalid=0 station_ok=yes
[INFO] [1787246506.515438795] [a3_receive_input_gateway]: gateway calibrated=yes frame_age=0.5ms frames=455744 ball=36615 base_poses=455725 invalid=0 station_ok=yes
[INFO] [1787246507.514744911] [a3_receive_input_gateway]: gateway calibrated=yes frame_age=0.2ms frames=456044 ball=36615 base_poses=456025 invalid=0 station_ok=yes
[INFO] [1787246508.514475038] [a3_receive_input_gateway]: gateway calibrated=yes frame_age=0.5ms frames=456344 ball=36615 base_poses=456325 invalid=0 station_ok=yes
[INFO] [1787246509.219876072] [a3_receive_input_gateway]: ball tracking: visible
[INFO] [1787246509.514463255] [a3_receive_input_gateway]: gateway calibrated=yes frame_age=0.5ms frames=456644 ball=36704 base_poses=456625 invalid=0 station_ok=yes
[INFO] [1787246510.514474310] [a3_receive_input_gateway]: gateway calibrated=yes frame_age=0.9ms frames=456944 ball=37004 base_poses=456925 invalid=0 station_ok=yes
[INFO] [1787246511.514477182] [a3_receive_input_gateway]: gateway calibrated=yes frame_age=1.0ms frames=457244 ball=37304 base_poses=457225 invalid=0 station_ok=yes
[INFO] [1787246512.515484045] [a3_receive_input_gateway]: gateway calibrated=yes frame_age=1.8ms frames=457544 ball=37604 base_poses=457525 invalid=0 station_ok=yes
[INFO] [1787246513.514657351] [a3_receive_input_gateway]: gateway calibrated=yes frame_age=1.4ms frames=457844 ball=37904 base_poses=457825 invalid=0 station_ok=yes
[INFO] [1787246513.872742442] [a3_receive_input_gateway]: ball tracking: lost
[INFO] [1787246514.514652803] [a3_receive_input_gateway]: gateway calibrated=yes frame_age=1.3ms frames=458144 ball=38011 base_poses=458125 invalid=0 station_ok=yes
[INFO] [1787246515.514507838] [a3_receive_input_gateway]: gateway calibrated=yes frame_age=1.5ms frames=458444 ball=38011 base_poses=458425 invalid=0 station_ok=yes
[INFO] [1787246516.514504732] [a3_receive_input_gateway]: gateway calibrated=yes frame_age=1.8ms frames=458744 ball=38011 base_poses=458725 invalid=0 station_ok=yes
[INFO] [1787246517.514581017] [a3_receive_input_gateway]: gateway calibrated=yes frame_age=2.0ms frames=459044 ball=38011 base_poses=459025 invalid=0 station_ok=yes
[INFO] [1787246518.514441723] [a3_receive_input_gateway]: gateway calibrated=yes frame_age=2.1ms frames=459344 ball=38011 base_poses=459325 invalid=0 station_ok=yes
[INFO] [1787246519.514629917] [a3_receive_input_gateway]: gateway calibrated=yes frame_age=2.3ms frames=459644 ball=38011 base_poses=459625 invalid=0 station_ok=yes
[INFO] [1787246520.514498983] [a3_receive_input_gateway]: gateway calibrated=yes frame_age=2.4ms frames=459944 ball=38011 base_poses=459925 invalid=0 station_ok=yes
[INFO] [1787246521.514426059] [a3_receive_input_gateway]: gateway calibrated=yes frame_age=2.7ms frames=460244 ball=38011 base_poses=460225 invalid=0 station_ok=yes
[INFO] [1787246522.514500829] [a3_receive_input_gateway]: gateway calibrated=yes frame_age=2.9ms frames=460544 ball=38011 base_poses=460525 invalid=0 station_ok=yes
[INFO] [1787246523.514761006] [a3_receive_input_gateway]: gateway calibrated=yes frame_age=2.9ms frames=460844 ball=38011 base_poses=460825 invalid=0 station_ok=yes
[INFO] [1787246524.514635082] [a3_receive_input_gateway]: gateway calibrated=yes frame_age=2.9ms frames=461144 ball=38011 base_poses=461125 invalid=0 station_ok=yes
[INFO] [1787246525.514501273] [a3_receive_input_gateway]: gateway calibrated=yes frame_age=3.4ms frames=461444 ball=38011 base_poses=461425 invalid=0 station_ok=yes
[INFO] [1787246526.514507187] [a3_receive_input_gateway]: gateway calibrated=yes frame_age=3.3ms frames=461744 ball=38011 base_poses=461725 invalid=0 station_ok=yes
[INFO] [1787246527.514491044] [a3_receive_input_gateway]: gateway calibrated=yes frame_age=3.9ms frames=462044 ball=38011 base_poses=462025 invalid=0 station_ok=yes
[INFO] [1787246528.514765050] [a3_receive_input_gateway]: gateway calibrated=yes frame_age=0.4ms frames=462345 ball=38011 base_poses=462326 invalid=0 station_ok=yes
[INFO] [1787246529.514534731] [a3_receive_input_gateway]: gateway calibrated=yes frame_age=0.2ms frames=462645 ball=38011 base_poses=462626 invalid=0 station_ok=yes
[INFO] [1787246530.515606809] [a3_receive_input_gateway]: gateway calibrated=yes frame_age=0.5ms frames=462945 ball=38011 base_poses=462926 invalid=0 station_ok=yes
[INFO] [1787246531.514476548] [a3_receive_input_gateway]: gateway calibrated=yes frame_age=0.6ms frames=463245 ball=38011 base_poses=463226 invalid=0 station_ok=yes
[INFO] [1787246532.514467193] [a3_receive_input_gateway]: gateway calibrated=yes frame_age=0.6ms frames=463545 ball=38011 base_poses=463526 invalid=0 station_ok=yes
[INFO] [1787246533.514477044] [a3_receive_input_gateway]: gateway calibrated=yes frame_age=0.8ms frames=463845 ball=38011 base_poses=463826 invalid=0 station_ok=yes
[INFO] [1787246534.514471906] [a3_receive_input_gateway]: gateway calibrated=yes frame_age=0.9ms frames=464145 ball=38011 base_poses=464126 invalid=0 station_ok=yes
[INFO] [1787246535.514520507] [a3_receive_input_gateway]: gateway calibrated=yes frame_age=1.1ms frames=464445 ball=38011 base_poses=464426 invalid=0 station_ok=yes
[INFO] [1787246536.514519946] [a3_receive_input_gateway]: gateway calibrated=yes frame_age=1.5ms frames=464745 ball=38011 base_poses=464726 invalid=0 station_ok=yes
[INFO] [1787246537.514517663] [a3_receive_input_gateway]: gateway calibrated=yes frame_age=1.4ms frames=465045 ball=38011 base_poses=465026 invalid=0 station_ok=yes
[INFO] [1787246538.514522527] [a3_receive_input_gateway]: gateway calibrated=yes frame_age=1.7ms frames=465345 ball=38011 base_poses=465326 invalid=0 station_ok=yes
[INFO] [1787246539.514578736] [a3_receive_input_gateway]: gateway calibrated=yes frame_age=2.0ms frames=465645 ball=38011 base_poses=465626 invalid=0 station_ok=yes
[INFO] [1787246540.514516905] [a3_receive_input_gateway]: gateway calibrated=yes frame_age=2.1ms frames=465945 ball=38011 base_poses=465926 invalid=0 station_ok=yes
[INFO] [1787246541.514634074] [a3_receive_input_gateway]: gateway calibrated=yes frame_age=2.3ms frames=466245 ball=38011 base_poses=466226 invalid=0 station_ok=yes
[INFO] [1787246542.514531542] [a3_receive_input_gateway]: gateway calibrated=yes frame_age=2.3ms frames=466545 ball=38011 base_poses=466526 invalid=0 station_ok=yes
[INFO] [1787246543.514524105] [a3_receive_input_gateway]: gateway calibrated=yes frame_age=2.5ms frames=466845 ball=38011 base_poses=466826 invalid=0 station_ok=yes
[INFO] [1787246544.514569590] [a3_receive_input_gateway]: gateway calibrated=yes frame_age=2.7ms frames=467145 ball=38011 base_poses=467126 invalid=0 station_ok=yes
[INFO] [1787246545.514506988] [a3_receive_input_gateway]: gateway calibrated=yes frame_age=3.0ms frames=467445 ball=38011 base_poses=467426 invalid=0 station_ok=yes
[INFO] [1787246546.514538960] [a3_receive_input_gateway]: gateway calibrated=yes frame_age=3.1ms frames=467745 ball=38011 base_poses=467726 invalid=0 station_ok=yes
[INFO] [1787246547.514606053] [a3_receive_input_gateway]: gateway calibrated=yes frame_age=3.1ms frames=468045 ball=38011 base_poses=468026 invalid=0 station_ok=yes
[INFO] [1787246548.514505110] [a3_receive_input_gateway]: gateway calibrated=yes frame_age=3.5ms frames=468345 ball=38011 base_poses=468326 invalid=0 station_ok=yes
[INFO] [1787246549.514527886] [a3_receive_input_gateway]: gateway calibrated=yes frame_age=3.5ms frames=468645 ball=38011 base_poses=468626 invalid=0 station_ok=yes
[INFO] [1787246550.514511219] [a3_receive_input_gateway]: gateway calibrated=yes frame_age=3.8ms frames=468945 ball=38011 base_poses=468926 invalid=0 station_ok=yes
[INFO] [1787246551.515282000] [a3_receive_input_gateway]: gateway calibrated=yes frame_age=0.2ms frames=469246 ball=38011 base_poses=469227 invalid=0 station_ok=yes
[INFO] [1787246552.514565371] [a3_receive_input_gateway]: gateway calibrated=yes frame_age=0.2ms frames=469546 ball=38011 base_poses=469527 invalid=0 station_ok=yes
[INFO] [1787246553.514507399] [a3_receive_input_gateway]: gateway calibrated=yes frame_age=0.2ms frames=469846 ball=38011 base_poses=469827 invalid=0 station_ok=yes
[INFO] [1787246554.514421391] [a3_receive_input_gateway]: gateway calibrated=yes frame_age=0.2ms frames=470146 ball=38011 base_poses=470127 invalid=0 station_ok=yes
[INFO] [1787246555.514481874] [a3_receive_input_gateway]: gateway calibrated=yes frame_age=0.6ms frames=470446 ball=38011 base_poses=470427 invalid=0 station_ok=yes
[INFO] [1787246556.514466363] [a3_receive_input_gateway]: gateway calibrated=yes frame_age=0.7ms frames=470746 ball=38011 base_poses=470727 invalid=0 station_ok=yes
[INFO] [1787246557.514467604] [a3_receive_input_gateway]: gateway calibrated=yes frame_age=0.8ms frames=471046 ball=38011 base_poses=471027 invalid=0 station_ok=yes
[INFO] [1787246558.514468992] [a3_receive_input_gateway]: gateway calibrated=yes frame_age=0.9ms frames=471346 ball=38011 base_poses=471327 invalid=0 station_ok=yes
[INFO] [1787246559.514709684] [a3_receive_input_gateway]: gateway calibrated=yes frame_age=1.0ms frames=471646 ball=38011 base_poses=471627 invalid=0 station_ok=yes
[INFO] [1787246560.514552179] [a3_receive_input_gateway]: gateway calibrated=yes frame_age=1.4ms frames=471946 ball=38011 base_poses=471927 invalid=0 station_ok=yes
[INFO] [1787246561.514509582] [a3_receive_input_gateway]: gateway calibrated=yes frame_age=1.7ms frames=472246 ball=38011 base_poses=472227 invalid=0 station_ok=yes
[INFO] [1787246562.514506450] [a3_receive_input_gateway]: gateway calibrated=yes frame_age=1.7ms frames=472546 ball=38011 base_poses=472527 invalid=0 station_ok=yes
[INFO] [1787246563.514535340] [a3_receive_input_gateway]: gateway calibrated=yes frame_age=2.0ms frames=472846 ball=38011 base_poses=472827 invalid=0 station_ok=yes
[INFO] [1787246564.514497435] [a3_receive_input_gateway]: gateway calibrated=yes frame_age=2.2ms frames=473146 ball=38011 base_poses=473127 invalid=0 station_ok=yes
[INFO] [1787246565.514576480] [a3_receive_input_gateway]: gateway calibrated=yes frame_age=2.4ms frames=473446 ball=38011 base_poses=473427 invalid=0 station_ok=yes
[INFO] [1787246566.514526637] [a3_receive_input_gateway]: gateway calibrated=yes frame_age=2.5ms frames=473746 ball=38011 base_poses=473727 invalid=0 station_ok=yes
[INFO] [1787246567.514510589] [a3_receive_input_gateway]: gateway calibrated=yes frame_age=2.5ms frames=474046 ball=38011 base_poses=474027 invalid=0 station_ok=yes
[INFO] [1787246568.514508411] [a3_receive_input_gateway]: gateway calibrated=yes frame_age=0.8ms frames=474346 ball=38011 base_poses=474327 invalid=0 station_ok=yes
[INFO] [1787246569.514468864] [a3_receive_input_gateway]: gateway calibrated=yes frame_age=1.0ms frames=474646 ball=38011 base_poses=474627 invalid=0 station_ok=yes
[INFO] [1787246570.514495566] [a3_receive_input_gateway]: gateway calibrated=yes frame_age=3.2ms frames=474946 ball=38011 base_poses=474927 invalid=0 station_ok=yes
[INFO] [1787246571.514527499] [a3_receive_input_gateway]: gateway calibrated=yes frame_age=3.1ms frames=475246 ball=38011 base_poses=475227 invalid=0 station_ok=yes
[INFO] [1787246572.514497602] [a3_receive_input_gateway]: gateway calibrated=yes frame_age=3.5ms frames=475546 ball=38011 base_poses=475527 invalid=0 station_ok=yes
[INFO] [1787246573.514565619] [a3_receive_input_gateway]: gateway calibrated=yes frame_age=3.7ms frames=475846 ball=38011 base_poses=475827 invalid=0 station_ok=yes
[INFO] [1787246574.514548219] [a3_receive_input_gateway]: gateway calibrated=yes frame_age=3.9ms frames=476146 ball=38011 base_poses=476127 invalid=0 station_ok=yes
[INFO] [1787246575.514721485] [a3_receive_input_gateway]: gateway calibrated=yes frame_age=0.2ms frames=476447 ball=38011 base_poses=476428 invalid=0 station_ok=yes
[INFO] [1787246576.514727567] [a3_receive_input_gateway]: gateway calibrated=yes frame_age=0.3ms frames=476747 ball=38011 base_poses=476728 invalid=0 station_ok=yes
[INFO] [1787246577.514440715] [a3_receive_input_gateway]: gateway calibrated=yes frame_age=0.2ms frames=477047 ball=38011 base_poses=477028 invalid=0 station_ok=yes
[INFO] [1787246578.514467004] [a3_receive_input_gateway]: gateway calibrated=yes frame_age=0.4ms frames=477347 ball=38011 base_poses=477328 invalid=0 station_ok=yes
[INFO] [1787246579.514488317] [a3_receive_input_gateway]: gateway calibrated=yes frame_age=0.5ms frames=477647 ball=38011 base_poses=477628 invalid=0 station_ok=yes
[INFO] [1787246580.514497676] [a3_receive_input_gateway]: gateway calibrated=yes frame_age=0.6ms frames=477947 ball=38011 base_poses=477928 invalid=0 station_ok=yes
[INFO] [1787246581.514467482] [a3_receive_input_gateway]: gateway calibrated=yes frame_age=0.8ms frames=478247 ball=38011 base_poses=478228 invalid=0 station_ok=yes
[INFO] [1787246582.514671385] [a3_receive_input_gateway]: gateway calibrated=yes frame_age=0.8ms frames=478547 ball=38011 base_poses=478528 invalid=0 station_ok=yes
[INFO] [1787246583.514506085] [a3_receive_input_gateway]: gateway calibrated=yes frame_age=1.2ms frames=478847 ball=38011 base_poses=478828 invalid=0 station_ok=yes
[INFO] [1787246584.514626917] [a3_receive_input_gateway]: gateway calibrated=yes frame_age=1.4ms frames=479147 ball=38011 base_poses=479128 invalid=0 station_ok=yes
[INFO] [1787246585.514505892] [a3_receive_input_gateway]: gateway calibrated=yes frame_age=1.5ms frames=479447 ball=38011 base_poses=479428 invalid=0 station_ok=yes
[INFO] [1787246586.514510509] [a3_receive_input_gateway]: gateway calibrated=yes frame_age=1.2ms frames=479747 ball=38011 base_poses=479728 invalid=0 station_ok=yes
[INFO] [1787246587.514530352] [a3_receive_input_gateway]: gateway calibrated=yes frame_age=1.9ms frames=480047 ball=38011 base_poses=480028 invalid=0 station_ok=yes
[INFO] [1787246588.514499719] [a3_receive_input_gateway]: gateway calibrated=yes frame_age=2.1ms frames=480347 ball=38011 base_poses=480328 invalid=0 station_ok=yes
[INFO] [1787246589.514460805] [a3_receive_input_gateway]: gateway calibrated=yes frame_age=0.2ms frames=480647 ball=38011 base_poses=480628 invalid=0 station_ok=yes
[INFO] [1787246590.514518346] [a3_receive_input_gateway]: gateway calibrated=yes frame_age=2.5ms frames=480947 ball=38011 base_poses=480928 invalid=0 station_ok=yes
[INFO] [1787246591.514505292] [a3_receive_input_gateway]: gateway calibrated=yes frame_age=2.2ms frames=481247 ball=38011 base_poses=481228 invalid=0 station_ok=yes
[INFO] [1787246592.514473854] [a3_receive_input_gateway]: gateway calibrated=yes frame_age=0.5ms frames=481547 ball=38011 base_poses=481528 invalid=0 station_ok=yes
[INFO] [1787246593.514464181] [a3_receive_input_gateway]: gateway calibrated=yes frame_age=0.7ms frames=481847 ball=38011 base_poses=481828 invalid=0 station_ok=yes
[INFO] [1787246594.514579314] [a3_receive_input_gateway]: gateway calibrated=yes frame_age=2.9ms frames=482147 ball=38011 base_poses=482128 invalid=0 station_ok=yes
[INFO] [1787246595.514564274] [a3_receive_input_gateway]: gateway calibrated=yes frame_age=3.0ms frames=482447 ball=38011 base_poses=482428 invalid=0 station_ok=yes
[INFO] [1787246596.514688084] [a3_receive_input_gateway]: gateway calibrated=yes frame_age=3.1ms frames=482747 ball=38011 base_poses=482728 invalid=0 station_ok=yes
[INFO] [1787246597.514508696] [a3_receive_input_gateway]: gateway calibrated=yes frame_age=1.4ms frames=483047 ball=38011 base_poses=483028 invalid=0 station_ok=yes
[INFO] [1787246598.514654032] [a3_receive_input_gateway]: gateway calibrated=yes frame_age=1.4ms frames=483347 ball=38011 base_poses=483328 invalid=0 station_ok=yes
[INFO] [1787246599.514470439] [a3_receive_input_gateway]: gateway calibrated=yes frame_age=3.8ms frames=483647 ball=38011 base_poses=483628 invalid=0 station_ok=yes
[INFO] [1787246600.514621324] [a3_receive_input_gateway]: gateway calibrated=yes frame_age=0.1ms frames=483948 ball=38011 base_poses=483929 invalid=0 station_ok=yes
[INFO] [1787246601.514541977] [a3_receive_input_gateway]: gateway calibrated=yes frame_age=0.2ms frames=484248 ball=38011 base_poses=484229 invalid=0 station_ok=yes
[INFO] [1787246602.514648367] [a3_receive_input_gateway]: gateway calibrated=yes frame_age=0.2ms frames=484548 ball=38011 base_poses=484529 invalid=0 station_ok=yes
[INFO] [1787246603.514467032] [a3_receive_input_gateway]: gateway calibrated=yes frame_age=0.3ms frames=484848 ball=38011 base_poses=484829 invalid=0 station_ok=yes
[INFO] [1787246604.514516378] [a3_receive_input_gateway]: gateway calibrated=yes frame_age=0.2ms frames=485148 ball=38011 base_poses=485129 invalid=0 station_ok=yes
[INFO] [1787246605.514562394] [a3_receive_input_gateway]: gateway calibrated=yes frame_age=2.6ms frames=485447 ball=38011 base_poses=485428 invalid=0 station_ok=yes
[INFO] [1787246606.514464824] [a3_receive_input_gateway]: gateway calibrated=yes frame_age=0.8ms frames=485748 ball=38011 base_poses=485729 invalid=0 station_ok=yes
[INFO] [1787246607.514467695] [a3_receive_input_gateway]: gateway calibrated=yes frame_age=1.0ms frames=486048 ball=38011 base_poses=486029 invalid=0 station_ok=yes
[INFO] [1787246608.514677893] [a3_receive_input_gateway]: gateway calibrated=yes frame_age=0.9ms frames=486348 ball=38011 base_poses=486329 invalid=0 station_ok=yes
[INFO] [1787246609.514566656] [a3_receive_input_gateway]: gateway calibrated=yes frame_age=1.4ms frames=486648 ball=38011 base_poses=486629 invalid=0 station_ok=yes
[INFO] [1787246610.514523461] [a3_receive_input_gateway]: gateway calibrated=yes frame_age=1.6ms frames=486948 ball=38011 base_poses=486929 invalid=0 station_ok=yes
[INFO] [1787246611.514571209] [a3_receive_input_gateway]: gateway calibrated=yes frame_age=1.6ms frames=487248 ball=38011 base_poses=487229 invalid=0 station_ok=yes
[INFO] [1787246612.514538474] [a3_receive_input_gateway]: gateway calibrated=yes frame_age=1.9ms frames=487548 ball=38011 base_poses=487529 invalid=0 station_ok=yes
[INFO] [1787246613.514504606] [a3_receive_input_gateway]: gateway calibrated=yes frame_age=2.1ms frames=487848 ball=38011 base_poses=487829 invalid=0 station_ok=yes
[INFO] [1787246614.514628170] [a3_receive_input_gateway]: gateway calibrated=yes frame_age=0.2ms frames=488148 ball=38011 base_poses=488129 invalid=0 station_ok=yes
[INFO] [1787246615.515043449] [a3_receive_input_gateway]: gateway calibrated=yes frame_age=0.4ms frames=488448 ball=38011 base_poses=488429 invalid=0 station_ok=yes
[INFO] [1787246616.514419535] [a3_receive_input_gateway]: gateway calibrated=yes frame_age=0.2ms frames=488748 ball=38011 base_poses=488729 invalid=0 station_ok=yes
[INFO] [1787246617.514518444] [a3_receive_input_gateway]: gateway calibrated=yes frame_age=2.7ms frames=489048 ball=38011 base_poses=489029 invalid=0 station_ok=yes
[INFO] [1787246618.514464369] [a3_receive_input_gateway]: gateway calibrated=yes frame_age=0.6ms frames=489348 ball=38011 base_poses=489329 invalid=0 station_ok=yes
[INFO] [1787246619.514476398] [a3_receive_input_gateway]: gateway calibrated=yes frame_age=0.7ms frames=489648 ball=38011 base_poses=489629 invalid=0 station_ok=yes
[INFO] [1787246620.514502402] [a3_receive_input_gateway]: gateway calibrated=yes frame_age=1.0ms frames=489948 ball=38011 base_poses=489929 invalid=0 station_ok=yes
[INFO] [1787246621.514522297] [a3_receive_input_gateway]: gateway calibrated=yes frame_age=1.3ms frames=490248 ball=38011 base_poses=490229 invalid=0 station_ok=yes
[INFO] [1787246622.514480282] [a3_receive_input_gateway]: gateway calibrated=yes frame_age=1.0ms frames=490548 ball=38011 base_poses=490529 invalid=0 station_ok=yes
[INFO] [1787246623.514512056] [a3_receive_input_gateway]: gateway calibrated=yes frame_age=1.5ms frames=490848 ball=38011 base_poses=490829 invalid=0 station_ok=yes
[INFO] [1787246624.514513151] [a3_receive_input_gateway]: gateway calibrated=yes frame_age=1.5ms frames=491148 ball=38011 base_poses=491129 invalid=0 station_ok=yes
[INFO] [1787246625.514653684] [a3_receive_input_gateway]: gateway calibrated=yes frame_age=0.1ms frames=491449 ball=38011 base_poses=491430 invalid=0 station_ok=yes
[INFO] [1787246626.514813116] [a3_receive_input_gateway]: gateway calibrated=yes frame_age=0.2ms frames=491749 ball=38011 base_poses=491730 invalid=0 station_ok=yes
[INFO] [1787246627.514438052] [a3_receive_input_gateway]: gateway calibrated=yes frame_age=0.2ms frames=492049 ball=38011 base_poses=492030 invalid=0 station_ok=yes
[INFO] [1787246628.514472711] [a3_receive_input_gateway]: gateway calibrated=yes frame_age=0.4ms frames=492349 ball=38011 base_poses=492330 invalid=0 station_ok=yes
[INFO] [1787246629.514456338] [a3_receive_input_gateway]: gateway calibrated=yes frame_age=0.2ms frames=492649 ball=38011 base_poses=492630 invalid=0 station_ok=yes
[INFO] [1787246630.514475278] [a3_receive_input_gateway]: gateway calibrated=yes frame_age=0.7ms frames=492949 ball=38011 base_poses=492930 invalid=0 station_ok=yes
[INFO] [1787246631.515013498] [a3_receive_input_gateway]: gateway calibrated=yes frame_age=377.0ms frames=493136 ball=38011 base_poses=493117 invalid=0 station_ok=yes
[INFO] [1787246632.514624924] [a3_receive_input_gateway]: gateway calibrated=yes frame_age=1376.8ms frames=493136 ball=38011 base_poses=493117 invalid=0 station_ok=yes
[INFO] [1787246633.514804367] [a3_receive_input_gateway]: gateway calibrated=yes frame_age=2376.9ms frames=493136 ball=38011 base_poses=493117 invalid=0 station_ok=yes
[INFO] [1787246634.514644052] [a3_receive_input_gateway]: gateway calibrated=yes frame_age=3376.8ms frames=493136 ball=38011 base_poses=493117 invalid=0 station_ok=yes
[INFO] [1787246635.515039461] [a3_receive_input_gateway]: gateway calibrated=yes frame_age=4377.0ms frames=493136 ball=38011 base_poses=493117 invalid=0 station_ok=yes
[INFO] [1787246636.514637066] [a3_receive_input_gateway]: gateway calibrated=yes frame_age=5376.8ms frames=493136 ball=38011 base_poses=493117 invalid=0 station_ok=yes
[INFO] [1787246637.514943308] [a3_receive_input_gateway]: gateway calibrated=yes frame_age=6376.9ms frames=493136 ball=38011 base_poses=493117 invalid=0 station_ok=yes
[INFO] [1787246638.514730535] [a3_receive_input_gateway]: gateway calibrated=yes frame_age=7376.8ms frames=493136 ball=38011 base_poses=493117 invalid=0 station_ok=yes
[INFO] [1787246639.514625575] [a3_receive_input_gateway]: gateway calibrated=yes frame_age=8376.8ms frames=493136 ball=38011 base_poses=493117 invalid=0 station_ok=yes
[INFO] [1787246640.514644073] [a3_receive_input_gateway]: gateway calibrated=yes frame_age=9376.8ms frames=493136 ball=38011 base_poses=493117 invalid=0 station_ok=yes
[INFO] [1787246641.514748412] [a3_receive_input_gateway]: gateway calibrated=yes frame_age=10376.9ms frames=493136 ball=38011 base_poses=493117 invalid=0 station_ok=yes
[INFO] [1787246642.514737130] [a3_receive_input_gateway]: gateway calibrated=yes frame_age=11376.9ms frames=493136 ball=38011 base_poses=493117 invalid=0 station_ok=yes
[INFO] [1787246643.514685547] [a3_receive_input_gateway]: gateway calibrated=yes frame_age=12376.9ms frames=493136 ball=38011 base_poses=493117 invalid=0 station_ok=yes
[INFO] [1787246644.514823177] [a3_receive_input_gateway]: gateway calibrated=yes frame_age=13377.0ms frames=493136 ball=38011 base_poses=493117 invalid=0 station_ok=yes
[INFO] [1787246645.514633956] [a3_receive_input_gateway]: gateway calibrated=yes frame_age=14376.8ms frames=493136 ball=38011 base_poses=493117 invalid=0 station_ok=yes
[INFO] [1787246646.514880554] [a3_receive_input_gateway]: gateway calibrated=yes frame_age=15376.9ms frames=493136 ball=38011 base_poses=493117 invalid=0 station_ok=yes
[INFO] [1787246647.514639027] [a3_receive_input_gateway]: gateway calibrated=yes frame_age=16376.8ms frames=493136 ball=38011 base_poses=493117 invalid=0 station_ok=yes
[INFO] [1787246648.514690186] [a3_receive_input_gateway]: gateway calibrated=yes frame_age=17376.9ms frames=493136 ball=38011 base_poses=493117 invalid=0 station_ok=yes
[INFO] [1787246649.514828126] [a3_receive_input_gateway]: gateway calibrated=yes frame_age=18376.9ms frames=493136 ball=38011 base_poses=493117 invalid=0 station_ok=yes
[INFO] [1787246650.514620426] [a3_receive_input_gateway]: gateway calibrated=yes frame_age=19376.8ms frames=493136 ball=38011 base_poses=493117 invalid=0 station_ok=yes
[INFO] [1787246651.514647357] [a3_receive_input_gateway]: gateway calibrated=yes frame_age=20376.8ms frames=493136 ball=38011 base_poses=493117 invalid=0 station_ok=yes
[INFO] [1787246652.514633804] [a3_receive_input_gateway]: gateway calibrated=yes frame_age=0.1ms frames=493250 ball=38011 base_poses=493117 invalid=0 station_ok=yes
[INFO] [1787246653.514797775] [a3_receive_input_gateway]: gateway calibrated=yes frame_age=0.1ms frames=493550 ball=38011 base_poses=493117 invalid=0 station_ok=yes
[INFO] [1787246654.514457030] [a3_receive_input_gateway]: gateway calibrated=yes frame_age=0.2ms frames=493861 ball=38011 base_poses=493117 invalid=0 station_ok=yes
[INFO] [1787246655.514550853] [a3_receive_input_gateway]: gateway calibrated=yes frame_age=2.4ms frames=494176 ball=38011 base_poses=493420 invalid=0 station_ok=yes
[INFO] [1787246656.514507830] [a3_receive_input_gateway]: gateway calibrated=yes frame_age=2.4ms frames=494476 ball=38011 base_poses=493720 invalid=0 station_ok=yes
[INFO] [1787246657.514824865] [a3_receive_input_gateway]: gateway calibrated=yes frame_age=3.0ms frames=494776 ball=38011 base_poses=494020 invalid=0 station_ok=yes
[INFO] [1787246658.514516430] [a3_receive_input_gateway]: gateway calibrated=yes frame_age=2.7ms frames=495076 ball=38011 base_poses=494320 invalid=0 station_ok=yes
[INFO] [1787246659.514521716] [a3_receive_input_gateway]: gateway calibrated=yes frame_age=3.0ms frames=495376 ball=38011 base_poses=494620 invalid=0 station_ok=yes
[INFO] [1787246660.514515024] [a3_receive_input_gateway]: gateway calibrated=yes frame_age=3.2ms frames=495676 ball=38011 base_poses=494920 invalid=0 station_ok=yes
[INFO] [1787246661.514554354] [a3_receive_input_gateway]: gateway calibrated=yes frame_age=3.3ms frames=495976 ball=38011 base_poses=495220 invalid=0 station_ok=yes
[INFO] [1787246662.514520405] [a3_receive_input_gateway]: gateway calibrated=yes frame_age=3.2ms frames=496276 ball=38011 base_poses=495520 invalid=0 station_ok=yes
[INFO] [1787246663.514518041] [a3_receive_input_gateway]: gateway calibrated=yes frame_age=3.7ms frames=496576 ball=38011 base_poses=495820 invalid=0 station_ok=yes
[INFO] [1787246664.514541219] [a3_receive_input_gateway]: gateway calibrated=yes frame_age=3.7ms frames=496876 ball=38011 base_poses=496120 invalid=0 station_ok=yes
[INFO] [1787246665.514693696] [a3_receive_input_gateway]: gateway calibrated=yes frame_age=0.2ms frames=497177 ball=38011 base_poses=496421 invalid=0 station_ok=yes
[INFO] [1787246666.514749462] [a3_receive_input_gateway]: gateway calibrated=yes frame_age=0.2ms frames=497477 ball=38011 base_poses=496721 invalid=0 station_ok=yes
[INFO] [1787246667.514417011] [a3_receive_input_gateway]: gateway calibrated=yes frame_age=0.1ms frames=497777 ball=38011 base_poses=497021 invalid=0 station_ok=yes
[INFO] [1787246668.514675477] [a3_receive_input_gateway]: gateway calibrated=yes frame_age=0.2ms frames=498077 ball=38011 base_poses=497321 invalid=0 station_ok=yes
[INFO] [1787246669.514678426] [a3_receive_input_gateway]: gateway calibrated=yes frame_age=0.7ms frames=498377 ball=38011 base_poses=497621 invalid=0 station_ok=yes
[INFO] [1787246670.514493578] [a3_receive_input_gateway]: gateway calibrated=yes frame_age=0.7ms frames=498677 ball=38011 base_poses=497921 invalid=0 station_ok=yes
[INFO] [1787246671.514476738] [a3_receive_input_gateway]: gateway calibrated=yes frame_age=0.7ms frames=498977 ball=38011 base_poses=498221 invalid=0 station_ok=yes
[INFO] [1787246672.514471718] [a3_receive_input_gateway]: gateway calibrated=yes frame_age=0.8ms frames=499277 ball=38011 base_poses=498521 invalid=0 station_ok=yes
[INFO] [1787246673.514491915] [a3_receive_input_gateway]: gateway calibrated=yes frame_age=1.0ms frames=499577 ball=38011 base_poses=498821 invalid=0 station_ok=yes
[INFO] [1787246674.516028085] [a3_receive_input_gateway]: gateway calibrated=yes frame_age=6.8ms frames=499876 ball=38011 base_poses=499120 invalid=0 station_ok=yes
[INFO] [1787246675.514526796] [a3_receive_input_gateway]: gateway calibrated=yes frame_age=1.4ms frames=500177 ball=38011 base_poses=499421 invalid=0 station_ok=yes
[INFO] [1787246676.514529075] [a3_receive_input_gateway]: gateway calibrated=yes frame_age=1.5ms frames=500477 ball=38011 base_poses=499721 invalid=0 station_ok=yes
[INFO] [1787246677.514598513] [a3_receive_input_gateway]: gateway calibrated=yes frame_age=1.8ms frames=500777 ball=38011 base_poses=500021 invalid=0 station_ok=yes
[INFO] [1787246678.514524197] [a3_receive_input_gateway]: gateway calibrated=yes frame_age=1.8ms frames=501077 ball=38011 base_poses=500321 invalid=0 station_ok=yes
[INFO] [1787246679.514490268] [a3_receive_input_gateway]: gateway calibrated=yes frame_age=1.9ms frames=501377 ball=38011 base_poses=500621 invalid=0 station_ok=yes
[INFO] [1787246680.514484300] [a3_receive_input_gateway]: gateway calibrated=yes frame_age=1.8ms frames=501677 ball=38011 base_poses=500921 invalid=0 station_ok=yes
[INFO] [1787246681.514531358] [a3_receive_input_gateway]: gateway calibrated=yes frame_age=2.2ms frames=501977 ball=38011 base_poses=501221 invalid=0 station_ok=yes
[INFO] [1787246682.514680520] [a3_receive_input_gateway]: gateway calibrated=yes frame_age=2.2ms frames=502277 ball=38011 base_poses=501521 invalid=0 station_ok=yes
[INFO] [1787246683.514482947] [a3_receive_input_gateway]: gateway calibrated=yes frame_age=2.2ms frames=502577 ball=38011 base_poses=501821 invalid=0 station_ok=yes
[INFO] [1787246684.514513593] [a3_receive_input_gateway]: gateway calibrated=yes frame_age=2.2ms frames=502877 ball=38011 base_poses=502121 invalid=0 station_ok=yes
[INFO] [1787246685.514536300] [a3_receive_input_gateway]: gateway calibrated=yes frame_age=2.9ms frames=503177 ball=38011 base_poses=502421 invalid=0 station_ok=yes
[INFO] [1787246686.514540794] [a3_receive_input_gateway]: gateway calibrated=yes frame_age=3.0ms frames=503477 ball=38011 base_poses=502721 invalid=0 station_ok=yes
[INFO] [1787246687.514536931] [a3_receive_input_gateway]: gateway calibrated=yes frame_age=3.1ms frames=503777 ball=38011 base_poses=503021 invalid=0 station_ok=yes
[INFO] [1787246688.514572016] [a3_receive_input_gateway]: gateway calibrated=yes frame_age=5.1ms frames=504076 ball=38011 base_poses=503320 invalid=0 station_ok=yes
[INFO] [1787246689.514541804] [a3_receive_input_gateway]: gateway calibrated=yes frame_age=3.4ms frames=504377 ball=38011 base_poses=503621 invalid=0 station_ok=yes
[INFO] [1787246690.514596512] [a3_receive_input_gateway]: gateway calibrated=yes frame_age=3.6ms frames=504677 ball=38011 base_poses=503921 invalid=0 station_ok=yes
[INFO] [1787246691.514589371] [a3_receive_input_gateway]: gateway calibrated=yes frame_age=3.4ms frames=504977 ball=38011 base_poses=504221 invalid=0 station_ok=yes
[INFO] [1787246692.514519336] [a3_receive_input_gateway]: gateway calibrated=yes frame_age=3.9ms frames=505277 ball=38011 base_poses=504521 invalid=0 station_ok=yes
[INFO] [1787246693.514813808] [a3_receive_input_gateway]: gateway calibrated=yes frame_age=0.2ms frames=505578 ball=38011 base_poses=504822 invalid=0 station_ok=yes
[INFO] [1787246694.514563939] [a3_receive_input_gateway]: gateway calibrated=yes frame_age=0.2ms frames=505878 ball=38011 base_poses=505122 invalid=0 station_ok=yes
[INFO] [1787246695.514546297] [a3_receive_input_gateway]: gateway calibrated=yes frame_age=0.2ms frames=506178 ball=38011 base_poses=505422 invalid=0 station_ok=yes
[INFO] [1787246696.514563517] [a3_receive_input_gateway]: gateway calibrated=yes frame_age=0.4ms frames=506478 ball=38011 base_poses=505722 invalid=0 station_ok=yes
[INFO] [1787246697.514494464] [a3_receive_input_gateway]: gateway calibrated=yes frame_age=0.5ms frames=506778 ball=38011 base_poses=506022 invalid=0 station_ok=yes
[INFO] [1787246698.514481865] [a3_receive_input_gateway]: gateway calibrated=yes frame_age=0.7ms frames=507078 ball=38011 base_poses=506322 invalid=0 station_ok=yes
[INFO] [1787246699.514519395] [a3_receive_input_gateway]: gateway calibrated=yes frame_age=0.8ms frames=507378 ball=38011 base_poses=506622 invalid=0 station_ok=yes
[INFO] [1787246700.514477726] [a3_receive_input_gateway]: gateway calibrated=yes frame_age=0.9ms frames=507678 ball=38011 base_poses=506922 invalid=0 station_ok=yes
[INFO] [1787246701.514487763] [a3_receive_input_gateway]: gateway calibrated=yes frame_age=0.9ms frames=507978 ball=38011 base_poses=507222 invalid=0 station_ok=yes
[INFO] [1787246702.514549079] [a3_receive_input_gateway]: gateway calibrated=yes frame_age=1.3ms frames=508278 ball=38011 base_poses=507522 invalid=0 station_ok=yes
[INFO] [1787246703.514484314] [a3_receive_input_gateway]: gateway calibrated=yes frame_age=1.4ms frames=508578 ball=38011 base_poses=507822 invalid=0 station_ok=yes
[INFO] [1787246704.514691397] [a3_receive_input_gateway]: gateway calibrated=yes frame_age=1.6ms frames=508878 ball=38011 base_poses=508122 invalid=0 station_ok=yes
[INFO] [1787246705.514597124] [a3_receive_input_gateway]: gateway calibrated=yes frame_age=1.7ms frames=509178 ball=38011 base_poses=508422 invalid=0 station_ok=yes
[INFO] [1787246706.514528114] [a3_receive_input_gateway]: gateway calibrated=yes frame_age=1.9ms frames=509478 ball=38011 base_poses=508722 invalid=0 station_ok=yes
[INFO] [1787246707.514526092] [a3_receive_input_gateway]: gateway calibrated=yes frame_age=2.0ms frames=509778 ball=38011 base_poses=509022 invalid=0 station_ok=yes
[INFO] [1787246708.514519865] [a3_receive_input_gateway]: gateway calibrated=yes frame_age=2.1ms frames=510078 ball=38011 base_poses=509322 invalid=0 station_ok=yes
[INFO] [1787246709.514790407] [a3_receive_input_gateway]: gateway calibrated=yes frame_age=2.6ms frames=510378 ball=38011 base_poses=509622 invalid=0 station_ok=yes
[INFO] [1787246710.515492184] [a3_receive_input_gateway]: gateway calibrated=yes frame_age=2.5ms frames=510678 ball=38011 base_poses=509922 invalid=0 station_ok=yes
[INFO] [1787246711.514573948] [a3_receive_input_gateway]: gateway calibrated=yes frame_age=2.6ms frames=510978 ball=38011 base_poses=510222 invalid=0 station_ok=yes
[INFO] [1787246712.514489894] [a3_receive_input_gateway]: gateway calibrated=yes frame_age=0.7ms frames=511278 ball=38011 base_poses=510522 invalid=0 station_ok=yes
[INFO] [1787246713.514565171] [a3_receive_input_gateway]: gateway calibrated=yes frame_age=2.8ms frames=511578 ball=38011 base_poses=510822 invalid=0 station_ok=yes
[INFO] [1787246714.515454302] [a3_receive_input_gateway]: gateway calibrated=yes frame_age=3.8ms frames=511878 ball=38011 base_poses=511122 invalid=0 station_ok=yes
[INFO] [1787246715.514517577] [a3_receive_input_gateway]: gateway calibrated=yes frame_age=3.0ms frames=512178 ball=38011 base_poses=511422 invalid=0 station_ok=yes
[INFO] [1787246716.514486630] [a3_receive_input_gateway]: gateway calibrated=yes frame_age=3.3ms frames=512478 ball=38011 base_poses=511722 invalid=0 station_ok=yes
[INFO] [1787246717.514457809] [a3_receive_input_gateway]: gateway calibrated=yes frame_age=1.3ms frames=512778 ball=38011 base_poses=512022 invalid=0 station_ok=yes
[INFO] [1787246718.514575056] [a3_receive_input_gateway]: gateway calibrated=yes frame_age=1.5ms frames=513078 ball=38011 base_poses=512322 invalid=0 station_ok=yes
[INFO] [1787246719.514520786] [a3_receive_input_gateway]: gateway calibrated=yes frame_age=3.6ms frames=513378 ball=38011 base_poses=512622 invalid=0 station_ok=yes
[INFO] [1787246720.514505412] [a3_receive_input_gateway]: gateway calibrated=yes frame_age=3.7ms frames=513678 ball=38011 base_poses=512922 invalid=0 station_ok=yes
[INFO] [1787246721.514592083] [a3_receive_input_gateway]: gateway calibrated=yes frame_age=1.9ms frames=513978 ball=38011 base_poses=513222 invalid=0 station_ok=yes
[INFO] [1787246722.514524886] [a3_receive_input_gateway]: gateway calibrated=yes frame_age=2.0ms frames=514278 ball=38011 base_poses=513522 invalid=0 station_ok=yes
[INFO] [1787246723.514529465] [a3_receive_input_gateway]: gateway calibrated=yes frame_age=2.0ms frames=514578 ball=38011 base_poses=513822 invalid=0 station_ok=yes
[INFO] [1787246724.516937939] [a3_receive_input_gateway]: gateway calibrated=yes frame_age=2.8ms frames=514879 ball=38011 base_poses=514123 invalid=0 station_ok=yes
[INFO] [1787246725.515479344] [a3_receive_input_gateway]: gateway calibrated=yes frame_age=1.1ms frames=515179 ball=38011 base_poses=514423 invalid=0 station_ok=yes
[INFO] [1787246726.514548138] [a3_receive_input_gateway]: gateway calibrated=yes frame_age=0.7ms frames=515479 ball=38011 base_poses=514723 invalid=0 station_ok=yes
[INFO] [1787246727.514592764] [a3_receive_input_gateway]: gateway calibrated=yes frame_age=0.8ms frames=515779 ball=38011 base_poses=515023 invalid=0 station_ok=yes
[INFO] [1787246728.514478019] [a3_receive_input_gateway]: gateway calibrated=yes frame_age=0.8ms frames=516079 ball=38011 base_poses=515323 invalid=0 station_ok=yes
[INFO] [1787246729.514478018] [a3_receive_input_gateway]: gateway calibrated=yes frame_age=1.0ms frames=516379 ball=38011 base_poses=515623 invalid=0 station_ok=yes
[INFO] [1787246730.514518672] [a3_receive_input_gateway]: gateway calibrated=yes frame_age=0.8ms frames=516679 ball=38011 base_poses=515923 invalid=0 station_ok=yes
[INFO] [1787246731.514508000] [a3_receive_input_gateway]: gateway calibrated=yes frame_age=1.2ms frames=516979 ball=38011 base_poses=516223 invalid=0 station_ok=yes
[INFO] [1787246732.514521781] [a3_receive_input_gateway]: gateway calibrated=yes frame_age=4.6ms frames=517278 ball=38011 base_poses=516522 invalid=0 station_ok=yes
[INFO] [1787246733.514512552] [a3_receive_input_gateway]: gateway calibrated=yes frame_age=1.4ms frames=517579 ball=38011 base_poses=516627 invalid=0 station_ok=yes
[INFO] [1787246734.514564140] [a3_receive_input_gateway]: gateway calibrated=yes frame_age=1.5ms frames=517879 ball=38011 base_poses=516627 invalid=0 station_ok=yes
[INFO] [1787246735.514500347] [a3_receive_input_gateway]: gateway calibrated=yes frame_age=1.6ms frames=518179 ball=38011 base_poses=516627 invalid=0 station_ok=yes
[INFO] [1787246736.514507907] [a3_receive_input_gateway]: gateway calibrated=yes frame_age=2.0ms frames=518479 ball=38011 base_poses=516627 invalid=0 station_ok=yes
[INFO] [1787246737.514474883] [a3_receive_input_gateway]: gateway calibrated=yes frame_age=0.1ms frames=518779 ball=38011 base_poses=516627 invalid=0 station_ok=yes
[INFO] [1787246738.514455985] [a3_receive_input_gateway]: gateway calibrated=yes frame_age=0.1ms frames=519079 ball=38011 base_poses=516627 invalid=0 station_ok=yes
[INFO] [1787246739.514483351] [a3_receive_input_gateway]: gateway calibrated=yes frame_age=0.5ms frames=519379 ball=38011 base_poses=516627 invalid=0 station_ok=yes
[INFO] [1787246740.514841947] [a3_receive_input_gateway]: gateway calibrated=yes frame_age=0.4ms frames=519679 ball=38011 base_poses=516632 invalid=0 station_ok=no
[INFO] [1787246741.514465187] [a3_receive_input_gateway]: gateway calibrated=yes frame_age=0.6ms frames=519979 ball=38011 base_poses=516932 invalid=0 station_ok=no
[INFO] [1787246742.514474579] [a3_receive_input_gateway]: gateway calibrated=yes frame_age=0.8ms frames=520279 ball=38011 base_poses=517232 invalid=0 station_ok=no
[INFO] [1787246743.514863632] [a3_receive_input_gateway]: gateway calibrated=yes frame_age=1.1ms frames=520579 ball=38011 base_poses=517532 invalid=0 station_ok=no
[INFO] [1787246744.514504865] [a3_receive_input_gateway]: gateway calibrated=yes frame_age=1.1ms frames=520879 ball=38011 base_poses=517832 invalid=0 station_ok=no
[INFO] [1787246745.514582281] [a3_receive_input_gateway]: gateway calibrated=yes frame_age=1.4ms frames=521179 ball=38011 base_poses=518132 invalid=0 station_ok=no
[INFO] [1787246746.514515408] [a3_receive_input_gateway]: gateway calibrated=yes frame_age=1.5ms frames=521479 ball=38011 base_poses=518432 invalid=0 station_ok=no
[INFO] [1787246747.514841903] [a3_receive_input_gateway]: gateway calibrated=yes frame_age=1.8ms frames=521779 ball=38011 base_poses=518732 invalid=0 station_ok=no
[INFO] [1787246748.515031057] [a3_receive_input_gateway]: gateway calibrated=yes frame_age=1.9ms frames=522079 ball=38011 base_poses=519032 invalid=0 station_ok=no
[INFO] [1787246749.514716604] [a3_receive_input_gateway]: gateway calibrated=yes frame_age=0.2ms frames=522380 ball=38011 base_poses=519333 invalid=0 station_ok=no
[INFO] [1787246750.514461949] [a3_receive_input_gateway]: gateway calibrated=yes frame_age=1.9ms frames=522679 ball=38011 base_poses=519632 invalid=0 station_ok=no
[INFO] [1787246751.514503360] [a3_receive_input_gateway]: gateway calibrated=yes frame_age=0.2ms frames=522980 ball=38011 base_poses=519933 invalid=0 station_ok=no
[INFO] [1787246752.514726338] [a3_receive_input_gateway]: gateway calibrated=yes frame_age=0.2ms frames=523280 ball=38011 base_poses=520233 invalid=0 station_ok=no
[INFO] [1787246753.514534490] [a3_receive_input_gateway]: gateway calibrated=yes frame_age=2.1ms frames=523579 ball=38011 base_poses=520532 invalid=0 station_ok=no
[INFO] [1787246754.514557835] [a3_receive_input_gateway]: gateway calibrated=yes frame_age=2.6ms frames=523879 ball=38011 base_poses=520832 invalid=0 station_ok=no
[INFO] [1787246755.514643181] [a3_receive_input_gateway]: gateway calibrated=yes frame_age=2.7ms frames=524179 ball=38011 base_poses=521132 invalid=0 station_ok=no
[INFO] [1787246756.514493146] [a3_receive_input_gateway]: gateway calibrated=yes frame_age=2.7ms frames=524479 ball=38011 base_poses=521432 invalid=0 station_ok=no
[INFO] [1787246757.514604143] [a3_receive_input_gateway]: gateway calibrated=yes frame_age=2.9ms frames=524779 ball=38011 base_poses=521732 invalid=0 station_ok=no
[INFO] [1787246758.514508029] [a3_receive_input_gateway]: gateway calibrated=yes frame_age=2.7ms frames=525079 ball=38011 base_poses=522032 invalid=0 station_ok=no
[INFO] [1787246759.514505421] [a3_receive_input_gateway]: gateway calibrated=yes frame_age=3.2ms frames=525379 ball=38011 base_poses=522332 invalid=0 station_ok=no
[INFO] [1787246760.514550488] [a3_receive_input_gateway]: gateway calibrated=yes frame_age=3.2ms frames=525679 ball=38011 base_poses=522632 invalid=0 station_ok=no
[INFO] [1787246760.649391520] [a3_receive_input_gateway]: ball tracking: visible
[INFO] [1787246760.885002498] [a3_receive_input_gateway]: ball tracking: lost
[INFO] [1787246761.207183413] [a3_receive_input_gateway]: ball tracking: visible
[INFO] [1787246761.395088528] [a3_receive_input_gateway]: ball tracking: lost
[INFO] [1787246761.457139915] [a3_receive_input_gateway]: ball tracking: visible
[INFO] [1787246761.514530354] [a3_receive_input_gateway]: gateway calibrated=yes frame_age=3.5ms frames=525979 ball=38155 base_poses=522932 invalid=0 station_ok=no
[INFO] [1787246761.886888980] [a3_receive_input_gateway]: ball tracking: lost
[INFO] [1787246762.030991282] [a3_receive_input_gateway]: ball tracking: visible
[INFO] [1787246762.107036435] [a3_receive_input_gateway]: ball tracking: lost
[INFO] [1787246762.144922006] [a3_receive_input_gateway]: ball tracking: visible
[INFO] [1787246762.146895081] [a3_receive_input_gateway]: ball tracking: lost
[INFO] [1787246762.514550875] [a3_receive_input_gateway]: gateway calibrated=yes frame_age=3.7ms frames=526279 ball=38291 base_poses=523232 invalid=0 station_ok=no
[INFO] [1787246763.514511647] [a3_receive_input_gateway]: gateway calibrated=yes frame_age=3.5ms frames=526579 ball=38291 base_poses=523532 invalid=0 station_ok=no
[INFO] [1787246764.514748594] [a3_receive_input_gateway]: gateway calibrated=yes frame_age=0.2ms frames=526880 ball=38291 base_poses=523833 invalid=0 station_ok=no
[INFO] [1787246765.514587360] [a3_receive_input_gateway]: gateway calibrated=yes frame_age=0.2ms frames=527180 ball=38291 base_poses=524133 invalid=0 station_ok=no
[INFO] [1787246766.514542591] [a3_receive_input_gateway]: gateway calibrated=yes frame_age=0.1ms frames=527480 ball=38291 base_poses=524433 invalid=0 station_ok=no
[INFO] [1787246767.514524492] [a3_receive_input_gateway]: gateway calibrated=yes frame_age=0.2ms frames=527780 ball=38291 base_poses=524733 invalid=0 station_ok=no
[INFO] [1787246768.514496671] [a3_receive_input_gateway]: gateway calibrated=yes frame_age=0.4ms frames=528080 ball=38291 base_poses=525033 invalid=0 station_ok=no
[INFO] [1787246769.514466723] [a3_receive_input_gateway]: gateway calibrated=yes frame_age=0.5ms frames=528380 ball=38291 base_poses=525333 invalid=0 station_ok=no
[INFO] [1787246770.514543044] [a3_receive_input_gateway]: gateway calibrated=yes frame_age=0.7ms frames=528680 ball=38291 base_poses=525633 invalid=0 station_ok=no
[INFO] [1787246771.514477046] [a3_receive_input_gateway]: gateway calibrated=yes frame_age=0.7ms frames=528980 ball=38291 base_poses=525933 invalid=0 station_ok=no
[INFO] [1787246772.514444250] [a3_receive_input_gateway]: gateway calibrated=yes frame_age=0.8ms frames=529280 ball=38291 base_poses=526233 invalid=0 station_ok=no
[INFO] [1787246773.514518494] [a3_receive_input_gateway]: gateway calibrated=yes frame_age=1.2ms frames=529580 ball=38291 base_poses=526533 invalid=0 station_ok=no
[INFO] [1787246774.514495860] [a3_receive_input_gateway]: gateway calibrated=yes frame_age=1.1ms frames=529880 ball=38291 base_poses=526833 invalid=0 station_ok=no
[INFO] [1787246775.514558017] [a3_receive_input_gateway]: gateway calibrated=yes frame_age=1.3ms frames=530180 ball=38291 base_poses=527133 invalid=0 station_ok=no
[INFO] [1787246776.514510636] [a3_receive_input_gateway]: gateway calibrated=yes frame_age=1.5ms frames=530480 ball=38291 base_poses=527433 invalid=0 station_ok=no
[INFO] [1787246777.514481615] [a3_receive_input_gateway]: gateway calibrated=yes frame_age=1.6ms frames=530780 ball=38291 base_poses=527733 invalid=0 station_ok=no
[INFO] [1787246778.514529031] [a3_receive_input_gateway]: gateway calibrated=yes frame_age=1.9ms frames=531080 ball=38291 base_poses=528033 invalid=0 station_ok=no
[INFO] [1787246779.514533450] [a3_receive_input_gateway]: gateway calibrated=yes frame_age=1.6ms frames=531380 ball=38291 base_poses=528333 invalid=0 station_ok=no
[INFO] [1787246780.514540688] [a3_receive_input_gateway]: gateway calibrated=yes frame_age=1.8ms frames=531680 ball=38291 base_poses=528633 invalid=0 station_ok=no
[INFO] [1787246781.514504305] [a3_receive_input_gateway]: gateway calibrated=yes frame_age=2.0ms frames=531980 ball=38291 base_poses=528933 invalid=0 station_ok=no
[INFO] [1787246782.514550061] [a3_receive_input_gateway]: gateway calibrated=yes frame_age=2.3ms frames=532280 ball=38291 base_poses=529233 invalid=0 station_ok=no
[INFO] [1787246783.514505193] [a3_receive_input_gateway]: gateway calibrated=yes frame_age=2.1ms frames=532580 ball=38291 base_poses=529533 invalid=0 station_ok=no
[INFO] [1787246784.514491672] [a3_receive_input_gateway]: gateway calibrated=yes frame_age=2.6ms frames=532880 ball=38291 base_poses=529833 invalid=0 station_ok=no
[INFO] [1787246785.514503676] [a3_receive_input_gateway]: gateway calibrated=yes frame_age=2.6ms frames=533180 ball=38291 base_poses=530133 invalid=0 station_ok=no
[INFO] [1787246786.514483824] [a3_receive_input_gateway]: gateway calibrated=yes frame_age=0.7ms frames=533480 ball=38291 base_poses=530433 invalid=0 station_ok=no
[INFO] [1787246787.514475543] [a3_receive_input_gateway]: gateway calibrated=yes frame_age=1.0ms frames=533780 ball=38291 base_poses=530733 invalid=0 station_ok=no
[INFO] [1787246788.514581787] [a3_receive_input_gateway]: gateway calibrated=yes frame_age=3.1ms frames=534080 ball=38291 base_poses=531033 invalid=0 station_ok=no
[INFO] [1787246789.514580079] [a3_receive_input_gateway]: gateway calibrated=yes frame_age=3.4ms frames=534380 ball=38291 base_poses=531333 invalid=0 station_ok=no
[INFO] [1787246790.514453732] [a3_receive_input_gateway]: gateway calibrated=yes frame_age=3.3ms frames=534680 ball=38291 base_poses=531633 invalid=0 station_ok=no
[INFO] [1787246791.514509721] [a3_receive_input_gateway]: gateway calibrated=yes frame_age=3.6ms frames=534980 ball=38291 base_poses=531933 invalid=0 station_ok=no
[INFO] [1787246792.514541716] [a3_receive_input_gateway]: gateway calibrated=yes frame_age=3.7ms frames=535280 ball=38291 base_poses=532233 invalid=0 station_ok=no
[INFO] [1787246793.514488229] [a3_receive_input_gateway]: gateway calibrated=yes frame_age=3.8ms frames=535580 ball=38291 base_poses=532533 invalid=0 station_ok=no
[INFO] [1787246794.514780233] [a3_receive_input_gateway]: gateway calibrated=yes frame_age=0.2ms frames=535881 ball=38291 base_poses=532834 invalid=0 station_ok=no
[INFO] [1787246795.514565801] [a3_receive_input_gateway]: gateway calibrated=yes frame_age=0.2ms frames=536181 ball=38291 base_poses=533134 invalid=0 station_ok=no
[INFO] [1787246796.514646094] [a3_receive_input_gateway]: gateway calibrated=yes frame_age=0.2ms frames=536481 ball=38291 base_poses=533434 invalid=0 station_ok=no
[INFO] [1787246797.514445279] [a3_receive_input_gateway]: gateway calibrated=yes frame_age=0.3ms frames=536781 ball=38291 base_poses=533734 invalid=0 station_ok=no
[INFO] [1787246798.515363316] [a3_receive_input_gateway]: gateway calibrated=yes frame_age=0.5ms frames=537081 ball=38291 base_poses=534034 invalid=0 station_ok=no
[INFO] [1787246799.514473626] [a3_receive_input_gateway]: gateway calibrated=yes frame_age=0.3ms frames=537381 ball=38291 base_poses=534334 invalid=0 station_ok=no
[INFO] [1787246800.514485149] [a3_receive_input_gateway]: gateway calibrated=yes frame_age=0.7ms frames=537681 ball=38291 base_poses=534634 invalid=0 station_ok=no
[INFO] [1787246801.514680729] [a3_receive_input_gateway]: gateway calibrated=yes frame_age=556.8ms frames=537814 ball=38291 base_poses=534767 invalid=0 station_ok=no
