[WARN] [1786989720.843240834] [a3_receive_input_gateway]: receive gateway started: mocap=/ppmocap/frame planner_input=/a3_mocap/ball_poses base_pose=/a3_mocap/pelvis_pose; inference=off joint_commands=off
[INFO] [1786989720.843928246] [a3_receive_input_gateway]: ball tracking: visible
[WARN] [1786989720.890769636] [a3_receive_input_gateway]: PPMocap calibrated: origin=near-left tabletop, +X=robot-to-opponent, +Y=robot-left, +Z=up
[INFO] [1786989721.835772929] [a3_receive_input_gateway]: gateway calibrated=yes frame_age=3.7ms frames=360 ball=341 base_poses=341 invalid=0 station_ok=yes
[INFO] [1786989722.835816912] [a3_receive_input_gateway]: gateway calibrated=yes frame_age=3.5ms frames=720 ball=701 base_poses=701 invalid=0 station_ok=yes
[INFO] [1786989723.835802548] [a3_receive_input_gateway]: gateway calibrated=yes frame_age=3.5ms frames=1080 ball=1061 base_poses=1061 invalid=0 station_ok=yes
[INFO] [1786989724.835891326] [a3_receive_input_gateway]: gateway calibrated=yes frame_age=3.6ms frames=1440 ball=1421 base_poses=1421 invalid=0 station_ok=yes
[INFO] [1786989725.835832998] [a3_receive_input_gateway]: gateway calibrated=yes frame_age=3.7ms frames=1800 ball=1781 base_poses=1781 invalid=0 station_ok=yes
[INFO] [1786989726.836010031] [a3_receive_input_gateway]: gateway calibrated=yes frame_age=3.3ms frames=2160 ball=2141 base_poses=2141 invalid=0 station_ok=yes
[INFO] [1786989727.835819327] [a3_receive_input_gateway]: gateway calibrated=yes frame_age=3.7ms frames=2520 ball=2501 base_poses=2501 invalid=0 station_ok=yes
[INFO] [1786989728.835794407] [a3_receive_input_gateway]: gateway calibrated=yes frame_age=3.6ms frames=2880 ball=2861 base_poses=2861 invalid=0 station_ok=yes
[INFO] [1786989729.835844311] [a3_receive_input_gateway]: gateway calibrated=yes frame_age=3.8ms frames=3240 ball=3221 base_poses=3221 invalid=0 station_ok=yes
[INFO] [1786989730.835810530] [a3_receive_input_gateway]: gateway calibrated=yes frame_age=3.5ms frames=3600 ball=3581 base_poses=3581 invalid=0 station_ok=yes
[INFO] [1786989731.835836657] [a3_receive_input_gateway]: gateway calibrated=yes frame_age=3.8ms frames=3960 ball=3941 base_poses=3941 invalid=0 station_ok=yes
[INFO] [1786989732.835955087] [a3_receive_input_gateway]: gateway calibrated=yes frame_age=3.7ms frames=4320 ball=4301 base_poses=4301 invalid=0 station_ok=yes
[INFO] [1786989733.835776148] [a3_receive_input_gateway]: gateway calibrated=yes frame_age=1.5ms frames=4680 ball=4661 base_poses=4661 invalid=0 station_ok=yes
[INFO] [1786989734.835788253] [a3_receive_input_gateway]: gateway calibrated=yes frame_age=3.7ms frames=5040 ball=5021 base_poses=5021 invalid=0 station_ok=yes
[INFO] [1786989735.835737805] [a3_receive_input_gateway]: gateway calibrated=yes frame_age=1.7ms frames=5400 ball=5381 base_poses=5381 invalid=0 station_ok=yes
[INFO] [1786989736.835734631] [a3_receive_input_gateway]: gateway calibrated=yes frame_age=1.7ms frames=5760 ball=5741 base_poses=5741 invalid=0 station_ok=yes
[INFO] [1786989737.836120306] [a3_receive_input_gateway]: gateway calibrated=yes frame_age=0.2ms frames=6121 ball=6102 base_poses=6102 invalid=0 station_ok=yes
[INFO] [1786989738.835848453] [a3_receive_input_gateway]: gateway calibrated=yes frame_age=1.9ms frames=6480 ball=6461 base_poses=6461 invalid=0 station_ok=yes
[INFO] [1786989739.836161578] [a3_receive_input_gateway]: gateway calibrated=yes frame_age=2.1ms frames=6840 ball=6821 base_poses=6821 invalid=0 station_ok=yes
[INFO] [1786989740.835833290] [a3_receive_input_gateway]: gateway calibrated=yes frame_age=1.2ms frames=7200 ball=7181 base_poses=7181 invalid=0 station_ok=yes
[INFO] [1786989741.835777415] [a3_receive_input_gateway]: gateway calibrated=yes frame_age=1.7ms frames=7560 ball=7541 base_poses=7541 invalid=0 station_ok=yes
[INFO] [1786989742.835965389] [a3_receive_input_gateway]: gateway calibrated=yes frame_age=0.2ms frames=7921 ball=7902 base_poses=7902 invalid=0 station_ok=yes
[INFO] [1786989743.835950966] [a3_receive_input_gateway]: gateway calibrated=yes frame_age=0.2ms frames=8281 ball=8262 base_poses=8262 invalid=0 station_ok=yes
[INFO] [1786989744.836124385] [a3_receive_input_gateway]: gateway calibrated=yes frame_age=0.2ms frames=8641 ball=8622 base_poses=8622 invalid=0 station_ok=yes
[INFO] [1786989745.835931921] [a3_receive_input_gateway]: gateway calibrated=yes frame_age=0.2ms frames=9001 ball=8982 base_poses=8982 invalid=0 station_ok=yes
[INFO] [1786989746.835837290] [a3_receive_input_gateway]: gateway calibrated=yes frame_age=2.0ms frames=9360 ball=9341 base_poses=9341 invalid=0 station_ok=yes
[INFO] [1786989747.835821137] [a3_receive_input_gateway]: gateway calibrated=yes frame_age=1.9ms frames=9720 ball=9701 base_poses=9701 invalid=0 station_ok=yes
[INFO] [1786989748.836042093] [a3_receive_input_gateway]: gateway calibrated=yes frame_age=0.2ms frames=10081 ball=10062 base_poses=10062 invalid=0 station_ok=yes
[INFO] [1786989749.836009971] [a3_receive_input_gateway]: gateway calibrated=yes frame_age=0.2ms frames=10441 ball=10422 base_poses=10422 invalid=0 station_ok=yes
[INFO] [1786989750.836041660] [a3_receive_input_gateway]: gateway calibrated=yes frame_age=1.1ms frames=10800 ball=10781 base_poses=10781 invalid=0 station_ok=yes
[INFO] [1786989751.835968948] [a3_receive_input_gateway]: gateway calibrated=yes frame_age=0.2ms frames=11161 ball=11142 base_poses=11142 invalid=0 station_ok=yes
[INFO] [1786989752.836461955] [a3_receive_input_gateway]: gateway calibrated=yes frame_age=2.0ms frames=11520 ball=11501 base_poses=11501 invalid=0 station_ok=yes
[INFO] [1786989753.835920232] [a3_receive_input_gateway]: gateway calibrated=yes frame_age=0.2ms frames=11881 ball=11862 base_poses=11862 invalid=0 station_ok=yes
[INFO] [1786989754.835954197] [a3_receive_input_gateway]: gateway calibrated=yes frame_age=0.2ms frames=12241 ball=12222 base_poses=12222 invalid=0 station_ok=yes
[INFO] [1786989755.835947256] [a3_receive_input_gateway]: gateway calibrated=yes frame_age=2.1ms frames=12600 ball=12581 base_poses=12581 invalid=0 station_ok=yes
[INFO] [1786989756.835880195] [a3_receive_input_gateway]: gateway calibrated=yes frame_age=2.2ms frames=12960 ball=12941 base_poses=12941 invalid=0 station_ok=yes
[INFO] [1786989757.835904751] [a3_receive_input_gateway]: gateway calibrated=yes frame_age=0.2ms frames=13321 ball=13302 base_poses=13302 invalid=0 station_ok=yes
[INFO] [1786989758.835810545] [a3_receive_input_gateway]: gateway calibrated=yes frame_age=0.2ms frames=13681 ball=13662 base_poses=13662 invalid=0 station_ok=yes
[INFO] [1786989759.835786111] [a3_receive_input_gateway]: gateway calibrated=yes frame_age=0.2ms frames=14041 ball=14022 base_poses=14022 invalid=0 station_ok=yes
[INFO] [1786989760.836799217] [a3_receive_input_gateway]: gateway calibrated=yes frame_age=0.5ms frames=14401 ball=14382 base_poses=14382 invalid=0 station_ok=yes
[INFO] [1786989761.835789128] [a3_receive_input_gateway]: gateway calibrated=yes frame_age=0.2ms frames=14761 ball=14742 base_poses=14742 invalid=0 station_ok=yes
[INFO] [1786989762.835735383] [a3_receive_input_gateway]: gateway calibrated=yes frame_age=0.2ms frames=15121 ball=15102 base_poses=15102 invalid=0 station_ok=yes
[INFO] [1786989763.835836565] [a3_receive_input_gateway]: gateway calibrated=yes frame_age=0.2ms frames=15481 ball=15462 base_poses=15462 invalid=0 station_ok=yes
[INFO] [1786989764.835850248] [a3_receive_input_gateway]: gateway calibrated=yes frame_age=0.2ms frames=15841 ball=15822 base_poses=15822 invalid=0 station_ok=yes
[INFO] [1786989765.835885318] [a3_receive_input_gateway]: gateway calibrated=yes frame_age=0.2ms frames=16201 ball=16182 base_poses=16182 invalid=0 station_ok=yes
[INFO] [1786989766.835788188] [a3_receive_input_gateway]: gateway calibrated=yes frame_age=2.1ms frames=16560 ball=16541 base_poses=16541 invalid=0 station_ok=yes
[INFO] [1786989767.835797182] [a3_receive_input_gateway]: gateway calibrated=yes frame_age=2.1ms frames=16920 ball=16901 base_poses=16901 invalid=0 station_ok=yes
[INFO] [1786989768.835832958] [a3_receive_input_gateway]: gateway calibrated=yes frame_age=0.2ms frames=17281 ball=17262 base_poses=17262 invalid=0 station_ok=yes
[INFO] [1786989769.836106999] [a3_receive_input_gateway]: gateway calibrated=yes frame_age=2.4ms frames=17640 ball=17621 base_poses=17621 invalid=0 station_ok=yes
[INFO] [1786989770.835791985] [a3_receive_input_gateway]: gateway calibrated=yes frame_age=2.3ms frames=18000 ball=17981 base_poses=17981 invalid=0 station_ok=yes
[INFO] [1786989771.835807952] [a3_receive_input_gateway]: gateway calibrated=yes frame_age=2.4ms frames=18360 ball=18341 base_poses=18341 invalid=0 station_ok=yes
[INFO] [1786989772.835852796] [a3_receive_input_gateway]: gateway calibrated=yes frame_age=2.1ms frames=18720 ball=18701 base_poses=18701 invalid=0 station_ok=yes
[INFO] [1786989773.835788603] [a3_receive_input_gateway]: gateway calibrated=yes frame_age=2.3ms frames=19080 ball=19061 base_poses=19061 invalid=0 station_ok=yes
[INFO] [1786989774.835772663] [a3_receive_input_gateway]: gateway calibrated=yes frame_age=2.4ms frames=19440 ball=19421 base_poses=19421 invalid=0 station_ok=yes
[INFO] [1786989775.835845068] [a3_receive_input_gateway]: gateway calibrated=yes frame_age=2.4ms frames=19800 ball=19781 base_poses=19781 invalid=0 station_ok=yes
[INFO] [1786989776.835834985] [a3_receive_input_gateway]: gateway calibrated=yes frame_age=2.4ms frames=20160 ball=20141 base_poses=20141 invalid=0 station_ok=yes
[INFO] [1786989777.835768479] [a3_receive_input_gateway]: gateway calibrated=yes frame_age=2.3ms frames=20520 ball=20501 base_poses=20501 invalid=0 station_ok=yes
[INFO] [1786989778.835795813] [a3_receive_input_gateway]: gateway calibrated=yes frame_age=2.2ms frames=20880 ball=20861 base_poses=20861 invalid=0 station_ok=yes
[INFO] [1786989779.835869107] [a3_receive_input_gateway]: gateway calibrated=yes frame_age=2.5ms frames=21240 ball=21221 base_poses=21221 invalid=0 station_ok=yes
[INFO] [1786989780.835746548] [a3_receive_input_gateway]: gateway calibrated=yes frame_age=2.4ms frames=21600 ball=21581 base_poses=21581 invalid=0 station_ok=yes
[INFO] [1786989781.835800068] [a3_receive_input_gateway]: gateway calibrated=yes frame_age=2.2ms frames=21960 ball=21941 base_poses=21941 invalid=0 station_ok=yes
[INFO] [1786989782.836026563] [a3_receive_input_gateway]: gateway calibrated=yes frame_age=2.2ms frames=22320 ball=22301 base_poses=22301 invalid=0 station_ok=yes
[INFO] [1786989783.835807130] [a3_receive_input_gateway]: gateway calibrated=yes frame_age=2.1ms frames=22680 ball=22661 base_poses=22661 invalid=0 station_ok=yes
[INFO] [1786989784.835800228] [a3_receive_input_gateway]: gateway calibrated=yes frame_age=2.3ms frames=23040 ball=23021 base_poses=23021 invalid=0 station_ok=yes
[INFO] [1786989785.835835412] [a3_receive_input_gateway]: gateway calibrated=yes frame_age=2.3ms frames=23400 ball=23381 base_poses=23381 invalid=0 station_ok=yes
[INFO] [1786989786.835809513] [a3_receive_input_gateway]: gateway calibrated=yes frame_age=2.6ms frames=23760 ball=23741 base_poses=23741 invalid=0 station_ok=yes
[INFO] [1786989787.836476546] [a3_receive_input_gateway]: gateway calibrated=yes frame_age=0.5ms frames=24120 ball=24101 base_poses=24101 invalid=0 station_ok=yes
[INFO] [1786989788.836295416] [a3_receive_input_gateway]: gateway calibrated=yes frame_age=0.5ms frames=24480 ball=24461 base_poses=24461 invalid=0 station_ok=yes
[INFO] [1786989789.835753233] [a3_receive_input_gateway]: gateway calibrated=yes frame_age=0.4ms frames=24840 ball=24821 base_poses=24821 invalid=0 station_ok=yes
[INFO] [1786989790.835817761] [a3_receive_input_gateway]: gateway calibrated=yes frame_age=2.2ms frames=25200 ball=25181 base_poses=25181 invalid=0 station_ok=yes
[INFO] [1786989791.835751012] [a3_receive_input_gateway]: gateway calibrated=yes frame_age=0.3ms frames=25560 ball=25541 base_poses=25541 invalid=0 station_ok=yes
[INFO] [1786989792.835903230] [a3_receive_input_gateway]: gateway calibrated=yes frame_age=0.5ms frames=25920 ball=25901 base_poses=25901 invalid=0 station_ok=yes
[INFO] [1786989793.835790264] [a3_receive_input_gateway]: gateway calibrated=yes frame_age=2.2ms frames=26280 ball=26261 base_poses=26261 invalid=0 station_ok=yes
[INFO] [1786989794.835756314] [a3_receive_input_gateway]: gateway calibrated=yes frame_age=0.4ms frames=26640 ball=26621 base_poses=26621 invalid=0 station_ok=yes
[INFO] [1786989795.835748191] [a3_receive_input_gateway]: gateway calibrated=yes frame_age=0.4ms frames=27000 ball=26981 base_poses=26981 invalid=0 station_ok=yes
[INFO] [1786989796.835879137] [a3_receive_input_gateway]: gateway calibrated=yes frame_age=0.5ms frames=27360 ball=27341 base_poses=27341 invalid=0 station_ok=yes
[INFO] [1786989797.835780770] [a3_receive_input_gateway]: gateway calibrated=yes frame_age=0.5ms frames=27720 ball=27701 base_poses=27701 invalid=0 station_ok=yes
[INFO] [1786989798.835747834] [a3_receive_input_gateway]: gateway calibrated=yes frame_age=0.5ms frames=28080 ball=28061 base_poses=28061 invalid=0 station_ok=yes
[INFO] [1786989799.835755340] [a3_receive_input_gateway]: gateway calibrated=yes frame_age=0.4ms frames=28440 ball=28421 base_poses=28421 invalid=0 station_ok=yes
[INFO] [1786989800.835804617] [a3_receive_input_gateway]: gateway calibrated=yes frame_age=0.5ms frames=28800 ball=28781 base_poses=28781 invalid=0 station_ok=yes
[INFO] [1786989801.835756603] [a3_receive_input_gateway]: gateway calibrated=yes frame_age=0.5ms frames=29160 ball=29141 base_poses=29141 invalid=0 station_ok=yes
[INFO] [1786989802.485187876] [a3_receive_input_gateway]: ball tracking: lost
[INFO] [1786989802.505149659] [a3_receive_input_gateway]: ball tracking: visible
[INFO] [1786989802.835713705] [a3_receive_input_gateway]: gateway calibrated=yes frame_age=0.3ms frames=29520 ball=29494 base_poses=29501 invalid=0 station_ok=yes
[INFO] [1786989803.835778797] [a3_receive_input_gateway]: gateway calibrated=yes frame_age=0.7ms frames=29880 ball=29854 base_poses=29861 invalid=0 station_ok=yes
[INFO] [1786989804.835790584] [a3_receive_input_gateway]: gateway calibrated=yes frame_age=0.7ms frames=30240 ball=30214 base_poses=30221 invalid=0 station_ok=yes
[INFO] [1786989805.835759727] [a3_receive_input_gateway]: gateway calibrated=yes frame_age=0.7ms frames=30600 ball=30574 base_poses=30581 invalid=0 station_ok=yes
[INFO] [1786989806.135521183] [a3_receive_input_gateway]: ball tracking: lost
[INFO] [1786989806.455168323] [a3_receive_input_gateway]: ball tracking: visible
[INFO] [1786989806.469307199] [a3_receive_input_gateway]: ball tracking: lost
[INFO] [1786989806.835744669] [a3_receive_input_gateway]: gateway calibrated=yes frame_age=0.7ms frames=30960 ball=30686 base_poses=30941 invalid=0 station_ok=yes
[INFO] [1786989807.835761238] [a3_receive_input_gateway]: gateway calibrated=yes frame_age=0.8ms frames=31320 ball=30686 base_poses=31301 invalid=0 station_ok=yes
[INFO] [1786989808.158930103] [a3_receive_input_gateway]: ball tracking: visible
[INFO] [1786989808.835788892] [a3_receive_input_gateway]: gateway calibrated=yes frame_age=0.5ms frames=31680 ball=30930 base_poses=31661 invalid=0 station_ok=yes
[INFO] [1786989809.835812423] [a3_receive_input_gateway]: gateway calibrated=yes frame_age=0.7ms frames=32040 ball=31290 base_poses=32021 invalid=0 station_ok=yes
[INFO] [1786989809.885086043] [a3_receive_input_gateway]: ball tracking: lost
[INFO] [1786989810.835759502] [a3_receive_input_gateway]: gateway calibrated=yes frame_age=0.7ms frames=32400 ball=31307 base_poses=32381 invalid=0 station_ok=yes
[INFO] [1786989811.835760949] [a3_receive_input_gateway]: gateway calibrated=yes frame_age=0.9ms frames=32760 ball=31307 base_poses=32741 invalid=0 station_ok=yes
[INFO] [1786989812.835742734] [a3_receive_input_gateway]: gateway calibrated=yes frame_age=0.7ms frames=33120 ball=31307 base_poses=33101 invalid=0 station_ok=yes
[INFO] [1786989813.835742077] [a3_receive_input_gateway]: gateway calibrated=yes frame_age=0.6ms frames=33480 ball=31307 base_poses=33461 invalid=0 station_ok=yes
[INFO] [1786989814.835765830] [a3_receive_input_gateway]: gateway calibrated=yes frame_age=0.8ms frames=33840 ball=31307 base_poses=33821 invalid=0 station_ok=yes
[INFO] [1786989815.835743005] [a3_receive_input_gateway]: gateway calibrated=yes frame_age=0.8ms frames=34200 ball=31307 base_poses=34181 invalid=0 station_ok=yes
[INFO] [1786989816.618933240] [a3_receive_input_gateway]: ball tracking: visible
[INFO] [1786989816.835787507] [a3_receive_input_gateway]: gateway calibrated=yes frame_age=0.7ms frames=34560 ball=31386 base_poses=34541 invalid=0 station_ok=yes
[INFO] [1786989817.732946140] [a3_receive_input_gateway]: ball tracking: lost
[INFO] [1786989817.749947440] [a3_receive_input_gateway]: ball tracking: visible
[INFO] [1786989817.835756478] [a3_receive_input_gateway]: gateway calibrated=yes frame_age=0.8ms frames=34920 ball=31740 base_poses=34901 invalid=0 station_ok=yes
[INFO] [1786989818.835784391] [a3_receive_input_gateway]: gateway calibrated=yes frame_age=0.9ms frames=35280 ball=32100 base_poses=35261 invalid=0 station_ok=yes
[INFO] [1786989818.847061982] [a3_receive_input_gateway]: ball tracking: lost
[INFO] [1786989818.848796005] [a3_receive_input_gateway]: ball tracking: visible
[INFO] [1786989819.589199806] [a3_receive_input_gateway]: ball tracking: lost
[INFO] [1786989819.835778954] [a3_receive_input_gateway]: gateway calibrated=yes frame_age=0.9ms frames=35640 ball=32369 base_poses=35621 invalid=0 station_ok=yes
[INFO] [1786989820.835752136] [a3_receive_input_gateway]: gateway calibrated=yes frame_age=0.5ms frames=36000 ball=32369 base_poses=35981 invalid=0 station_ok=yes
[INFO] [1786989821.835755501] [a3_receive_input_gateway]: gateway calibrated=yes frame_age=1.0ms frames=36360 ball=32369 base_poses=36341 invalid=0 station_ok=yes
[INFO] [1786989822.835771502] [a3_receive_input_gateway]: gateway calibrated=yes frame_age=1.0ms frames=36720 ball=32369 base_poses=36701 invalid=0 station_ok=yes
[INFO] [1786989823.835990224] [a3_receive_input_gateway]: gateway calibrated=yes frame_age=0.7ms frames=37080 ball=32369 base_poses=37061 invalid=0 station_ok=yes
[INFO] [1786989824.835761151] [a3_receive_input_gateway]: gateway calibrated=yes frame_age=1.0ms frames=37440 ball=32369 base_poses=37421 invalid=0 station_ok=yes
[INFO] [1786989825.710723916] [a3_receive_input_gateway]: ball tracking: visible
[INFO] [1786989825.835742725] [a3_receive_input_gateway]: gateway calibrated=yes frame_age=0.7ms frames=37800 ball=32415 base_poses=37781 invalid=0 station_ok=yes
[INFO] [1786989826.062722041] [a3_receive_input_gateway]: ball tracking: lost
[INFO] [1786989826.066723582] [a3_receive_input_gateway]: ball tracking: visible
[INFO] [1786989826.835754542] [a3_receive_input_gateway]: gateway calibrated=yes frame_age=0.8ms frames=38159 ball=32773 base_poses=38140 invalid=0 station_ok=yes
[INFO] [1786989827.104702585] [a3_receive_input_gateway]: ball tracking: lost
[INFO] [1786989827.166978538] [a3_receive_input_gateway]: ball tracking: visible
[INFO] [1786989827.246710849] [a3_receive_input_gateway]: ball tracking: lost
[INFO] [1786989827.444826501] [a3_receive_input_gateway]: ball tracking: visible
[INFO] [1786989827.835703745] [a3_receive_input_gateway]: gateway calibrated=yes frame_age=1.0ms frames=38519 ball=33040 base_poses=38500 invalid=0 station_ok=yes
[INFO] [1786989828.076877529] [a3_receive_input_gateway]: ball tracking: lost
[INFO] [1786989828.396990690] [a3_receive_input_gateway]: ball tracking: visible
[INFO] [1786989828.561066163] [a3_receive_input_gateway]: ball tracking: lost
[INFO] [1786989828.580731852] [a3_receive_input_gateway]: ball tracking: visible
[INFO] [1786989828.835861379] [a3_receive_input_gateway]: gateway calibrated=yes frame_age=1.0ms frames=38879 ball=33278 base_poses=38860 invalid=0 station_ok=yes
[INFO] [1786989828.852858832] [a3_receive_input_gateway]: ball tracking: lost
[INFO] [1786989829.836087106] [a3_receive_input_gateway]: gateway calibrated=yes frame_age=0.9ms frames=39239 ball=33283 base_poses=39220 invalid=0 station_ok=yes
[INFO] [1786989830.835816397] [a3_receive_input_gateway]: gateway calibrated=yes frame_age=0.2ms frames=39599 ball=33283 base_poses=39580 invalid=0 station_ok=yes
[INFO] [1786989831.835760569] [a3_receive_input_gateway]: gateway calibrated=yes frame_age=1.0ms frames=39959 ball=33283 base_poses=39940 invalid=0 station_ok=yes
[INFO] [1786989832.835824814] [a3_receive_input_gateway]: gateway calibrated=yes frame_age=1.1ms frames=40319 ball=33283 base_poses=40300 invalid=0 station_ok=yes
[INFO] [1786989833.835756982] [a3_receive_input_gateway]: gateway calibrated=yes frame_age=0.9ms frames=40679 ball=33283 base_poses=40660 invalid=0 station_ok=yes
[INFO] [1786989834.835804137] [a3_receive_input_gateway]: gateway calibrated=yes frame_age=0.8ms frames=41039 ball=33283 base_poses=41020 invalid=0 station_ok=yes
[INFO] [1786989835.835763408] [a3_receive_input_gateway]: gateway calibrated=yes frame_age=0.9ms frames=41399 ball=33283 base_poses=41380 invalid=0 station_ok=yes
[INFO] [1786989836.034797935] [a3_receive_input_gateway]: ball tracking: visible
[INFO] [1786989836.288791304] [a3_receive_input_gateway]: ball tracking: lost
[INFO] [1786989836.302831659] [a3_receive_input_gateway]: ball tracking: visible
[INFO] [1786989836.304632044] [a3_receive_input_gateway]: ball tracking: lost
[INFO] [1786989836.312759107] [a3_receive_input_gateway]: ball tracking: visible
[INFO] [1786989836.836126445] [a3_receive_input_gateway]: gateway calibrated=yes frame_age=1.3ms frames=41759 ball=33564 base_poses=41740 invalid=0 station_ok=yes
[INFO] [1786989837.112562652] [a3_receive_input_gateway]: ball tracking: lost
[INFO] [1786989837.118626738] [a3_receive_input_gateway]: ball tracking: visible
[INFO] [1786989837.362795767] [a3_receive_input_gateway]: ball tracking: lost
[INFO] [1786989837.388675379] [a3_receive_input_gateway]: ball tracking: visible
[INFO] [1786989837.835793234] [a3_receive_input_gateway]: gateway calibrated=yes frame_age=1.1ms frames=42119 ball=33913 base_poses=42100 invalid=0 station_ok=yes
[INFO] [1786989838.260626515] [a3_receive_input_gateway]: ball tracking: lost
[INFO] [1786989838.580605088] [a3_receive_input_gateway]: ball tracking: visible
[INFO] [1786989838.588756072] [a3_receive_input_gateway]: ball tracking: lost
[INFO] [1786989838.836032105] [a3_receive_input_gateway]: gateway calibrated=yes frame_age=3.0ms frames=42478 ball=34068 base_poses=42459 invalid=0 station_ok=yes
[INFO] [1786989839.835843907] [a3_receive_input_gateway]: gateway calibrated=yes frame_age=2.9ms frames=42838 ball=34068 base_poses=42819 invalid=0 station_ok=yes
[INFO] [1786989840.835810453] [a3_receive_input_gateway]: gateway calibrated=yes frame_age=3.2ms frames=43198 ball=34068 base_poses=43179 invalid=0 station_ok=yes
[INFO] [1786989841.040577982] [a3_receive_input_gateway]: ball tracking: visible
[INFO] [1786989841.088615781] [a3_receive_input_gateway]: ball tracking: lost
[INFO] [1786989841.094611530] [a3_receive_input_gateway]: ball tracking: visible
[INFO] [1786989841.188704698] [a3_receive_input_gateway]: ball tracking: lost
[INFO] [1786989841.197050879] [a3_receive_input_gateway]: ball tracking: visible
[INFO] [1786989841.835799536] [a3_receive_input_gateway]: gateway calibrated=yes frame_age=3.1ms frames=43557 ball=34348 base_poses=43538 invalid=0 station_ok=yes
[INFO] [1786989842.502540233] [a3_receive_input_gateway]: ball tracking: lost
[INFO] [1786989842.630689456] [a3_receive_input_gateway]: ball tracking: visible
[INFO] [1786989842.822612428] [a3_receive_input_gateway]: ball tracking: lost
[INFO] [1786989842.835800165] [a3_receive_input_gateway]: gateway calibrated=yes frame_age=3.2ms frames=43917 ball=34657 base_poses=43898 invalid=0 station_ok=yes
[INFO] [1786989842.902754414] [a3_receive_input_gateway]: ball tracking: visible
[INFO] [1786989842.910577641] [a3_receive_input_gateway]: ball tracking: lost
[INFO] [1786989843.835782480] [a3_receive_input_gateway]: gateway calibrated=yes frame_age=3.2ms frames=44277 ball=34660 base_poses=44258 invalid=0 station_ok=yes
[INFO] [1786989844.835833687] [a3_receive_input_gateway]: gateway calibrated=yes frame_age=3.0ms frames=44637 ball=34660 base_poses=44618 invalid=0 station_ok=yes
[INFO] [1786989845.835850470] [a3_receive_input_gateway]: gateway calibrated=yes frame_age=3.2ms frames=44997 ball=34660 base_poses=44978 invalid=0 station_ok=yes
[INFO] [1786989846.835871153] [a3_receive_input_gateway]: gateway calibrated=yes frame_age=3.0ms frames=45357 ball=34660 base_poses=45338 invalid=0 station_ok=yes
[INFO] [1786989847.835770223] [a3_receive_input_gateway]: gateway calibrated=yes frame_age=3.2ms frames=45717 ball=34660 base_poses=45698 invalid=0 station_ok=yes
[INFO] [1786989848.835844980] [a3_receive_input_gateway]: gateway calibrated=yes frame_age=3.3ms frames=46077 ball=34660 base_poses=46058 invalid=0 station_ok=yes
[INFO] [1786989849.835816414] [a3_receive_input_gateway]: gateway calibrated=yes frame_age=3.3ms frames=46437 ball=34660 base_poses=46418 invalid=0 station_ok=yes
[INFO] [1786989850.835832238] [a3_receive_input_gateway]: gateway calibrated=yes frame_age=3.3ms frames=46797 ball=34660 base_poses=46778 invalid=0 station_ok=yes
[INFO] [1786989851.835829387] [a3_receive_input_gateway]: gateway calibrated=yes frame_age=3.3ms frames=47157 ball=34660 base_poses=47138 invalid=0 station_ok=yes
[INFO] [1786989852.836075930] [a3_receive_input_gateway]: gateway calibrated=yes frame_age=3.6ms frames=47517 ball=34660 base_poses=47498 invalid=0 station_ok=yes
[INFO] [1786989853.835846026] [a3_receive_input_gateway]: gateway calibrated=yes frame_age=3.4ms frames=47877 ball=34660 base_poses=47858 invalid=0 station_ok=yes
[INFO] [1786989854.835783527] [a3_receive_input_gateway]: gateway calibrated=yes frame_age=3.4ms frames=48237 ball=34660 base_poses=48218 invalid=0 station_ok=yes
[INFO] [1786989855.835800803] [a3_receive_input_gateway]: gateway calibrated=yes frame_age=2.6ms frames=48597 ball=34660 base_poses=48578 invalid=0 station_ok=yes
[INFO] [1786989856.835814679] [a3_receive_input_gateway]: gateway calibrated=yes frame_age=3.4ms frames=48957 ball=34660 base_poses=48938 invalid=0 station_ok=yes
[INFO] [1786989857.835781339] [a3_receive_input_gateway]: gateway calibrated=yes frame_age=3.4ms frames=49317 ball=34660 base_poses=49298 invalid=0 station_ok=yes
[INFO] [1786989858.835804312] [a3_receive_input_gateway]: gateway calibrated=yes frame_age=1.4ms frames=49677 ball=34660 base_poses=49658 invalid=0 station_ok=yes
[INFO] [1786989859.835778285] [a3_receive_input_gateway]: gateway calibrated=yes frame_age=1.2ms frames=50037 ball=34660 base_poses=50018 invalid=0 station_ok=yes
[INFO] [1786989860.835973639] [a3_receive_input_gateway]: gateway calibrated=yes frame_age=3.5ms frames=50397 ball=34660 base_poses=50378 invalid=0 station_ok=yes
[INFO] [1786989861.835784696] [a3_receive_input_gateway]: gateway calibrated=yes frame_age=3.3ms frames=50757 ball=34660 base_poses=50738 invalid=0 station_ok=yes
[INFO] [1786989862.835769162] [a3_receive_input_gateway]: gateway calibrated=yes frame_age=1.1ms frames=51117 ball=34660 base_poses=51098 invalid=0 station_ok=yes
[INFO] [1786989863.835836118] [a3_receive_input_gateway]: gateway calibrated=yes frame_age=1.4ms frames=51477 ball=34660 base_poses=51458 invalid=0 station_ok=yes
[INFO] [1786989864.835791850] [a3_receive_input_gateway]: gateway calibrated=yes frame_age=1.3ms frames=51837 ball=34660 base_poses=51818 invalid=0 station_ok=yes
[INFO] [1786989865.835792699] [a3_receive_input_gateway]: gateway calibrated=yes frame_age=1.3ms frames=52197 ball=34660 base_poses=52178 invalid=0 station_ok=yes
[INFO] [1786989866.835852928] [a3_receive_input_gateway]: gateway calibrated=yes frame_age=1.5ms frames=52557 ball=34660 base_poses=52538 invalid=0 station_ok=yes
[INFO] [1786989867.835828626] [a3_receive_input_gateway]: gateway calibrated=yes frame_age=1.3ms frames=52917 ball=34660 base_poses=52898 invalid=0 station_ok=yes
[INFO] [1786989868.835771527] [a3_receive_input_gateway]: gateway calibrated=yes frame_age=1.1ms frames=53277 ball=34660 base_poses=53258 invalid=0 station_ok=yes
[INFO] [1786989869.835792793] [a3_receive_input_gateway]: gateway calibrated=yes frame_age=1.3ms frames=53637 ball=34660 base_poses=53618 invalid=0 station_ok=yes
[INFO] [1786989870.835745156] [a3_receive_input_gateway]: gateway calibrated=yes frame_age=1.0ms frames=53997 ball=34660 base_poses=53978 invalid=0 station_ok=yes
[INFO] [1786989871.835771784] [a3_receive_input_gateway]: gateway calibrated=yes frame_age=1.3ms frames=54357 ball=34660 base_poses=54338 invalid=0 station_ok=yes
[INFO] [1786989872.835789135] [a3_receive_input_gateway]: gateway calibrated=yes frame_age=1.6ms frames=54717 ball=34660 base_poses=54698 invalid=0 station_ok=yes
[INFO] [1786989873.835799216] [a3_receive_input_gateway]: gateway calibrated=yes frame_age=1.6ms frames=55077 ball=34660 base_poses=55058 invalid=0 station_ok=yes
[INFO] [1786989874.835768291] [a3_receive_input_gateway]: gateway calibrated=yes frame_age=1.4ms frames=55437 ball=34660 base_poses=55418 invalid=0 station_ok=yes
[INFO] [1786989875.835797788] [a3_receive_input_gateway]: gateway calibrated=yes frame_age=1.3ms frames=55797 ball=34660 base_poses=55778 invalid=0 station_ok=no
[INFO] [1786989876.835785298] [a3_receive_input_gateway]: gateway calibrated=yes frame_age=1.3ms frames=56157 ball=34660 base_poses=56138 invalid=0 station_ok=no
[INFO] [1786989877.835790665] [a3_receive_input_gateway]: gateway calibrated=yes frame_age=1.5ms frames=56517 ball=34660 base_poses=56498 invalid=0 station_ok=no
[INFO] [1786989878.835844921] [a3_receive_input_gateway]: gateway calibrated=yes frame_age=1.7ms frames=56877 ball=34660 base_poses=56858 invalid=0 station_ok=no
[INFO] [1786989879.835813669] [a3_receive_input_gateway]: gateway calibrated=yes frame_age=1.7ms frames=57237 ball=34660 base_poses=57218 invalid=0 station_ok=no
[INFO] [1786989880.835762896] [a3_receive_input_gateway]: gateway calibrated=yes frame_age=1.6ms frames=57597 ball=34660 base_poses=57578 invalid=0 station_ok=no
[INFO] [1786989881.835782888] [a3_receive_input_gateway]: gateway calibrated=yes frame_age=1.4ms frames=57957 ball=34660 base_poses=57938 invalid=0 station_ok=no
[INFO] [1786989882.835994218] [a3_receive_input_gateway]: gateway calibrated=yes frame_age=1.4ms frames=58317 ball=34660 base_poses=58298 invalid=0 station_ok=no
[INFO] [1786989883.835774518] [a3_receive_input_gateway]: gateway calibrated=yes frame_age=1.6ms frames=58677 ball=34660 base_poses=58658 invalid=0 station_ok=no
[INFO] [1786989884.835758655] [a3_receive_input_gateway]: gateway calibrated=yes frame_age=1.6ms frames=59037 ball=34660 base_poses=59018 invalid=0 station_ok=no
[INFO] [1786989885.835778841] [a3_receive_input_gateway]: gateway calibrated=yes frame_age=1.6ms frames=59397 ball=34660 base_poses=59378 invalid=0 station_ok=no
[INFO] [1786989886.835815014] [a3_receive_input_gateway]: gateway calibrated=yes frame_age=1.7ms frames=59757 ball=34660 base_poses=59738 invalid=0 station_ok=no
[INFO] [1786989887.835827960] [a3_receive_input_gateway]: gateway calibrated=yes frame_age=1.7ms frames=60117 ball=34660 base_poses=60098 invalid=0 station_ok=no
[INFO] [1786989888.835779491] [a3_receive_input_gateway]: gateway calibrated=yes frame_age=1.6ms frames=60477 ball=34660 base_poses=60458 invalid=0 station_ok=no
[INFO] [1786989889.835782623] [a3_receive_input_gateway]: gateway calibrated=yes frame_age=1.7ms frames=60837 ball=34660 base_poses=60818 invalid=0 station_ok=no
[INFO] [1786989890.835966125] [a3_receive_input_gateway]: gateway calibrated=yes frame_age=1.6ms frames=61197 ball=34660 base_poses=61178 invalid=0 station_ok=no
[INFO] [1786989891.835751474] [a3_receive_input_gateway]: gateway calibrated=yes frame_age=1.8ms frames=61557 ball=34660 base_poses=61538 invalid=0 station_ok=no
[INFO] [1786989892.835760502] [a3_receive_input_gateway]: gateway calibrated=yes frame_age=1.8ms frames=61917 ball=34660 base_poses=61898 invalid=0 station_ok=no
[INFO] [1786989893.835795690] [a3_receive_input_gateway]: gateway calibrated=yes frame_age=1.7ms frames=62277 ball=34660 base_poses=62258 invalid=0 station_ok=no
[INFO] [1786989894.835792380] [a3_receive_input_gateway]: gateway calibrated=yes frame_age=1.8ms frames=62637 ball=34660 base_poses=62618 invalid=0 station_ok=no
[INFO] [1786989895.835763893] [a3_receive_input_gateway]: gateway calibrated=yes frame_age=1.5ms frames=62997 ball=34660 base_poses=62978 invalid=0 station_ok=no
[INFO] [1786989896.835759348] [a3_receive_input_gateway]: gateway calibrated=yes frame_age=1.8ms frames=63357 ball=34660 base_poses=63338 invalid=0 station_ok=no
[INFO] [1786989897.835795782] [a3_receive_input_gateway]: gateway calibrated=yes frame_age=1.8ms frames=63717 ball=34660 base_poses=63698 invalid=0 station_ok=no
[INFO] [1786989898.835791123] [a3_receive_input_gateway]: gateway calibrated=yes frame_age=1.9ms frames=64077 ball=34660 base_poses=64058 invalid=0 station_ok=no
[INFO] [1786989899.835924092] [a3_receive_input_gateway]: gateway calibrated=yes frame_age=1.6ms frames=64437 ball=34660 base_poses=64418 invalid=0 station_ok=no
[INFO] [1786989900.835781103] [a3_receive_input_gateway]: gateway calibrated=yes frame_age=1.6ms frames=64797 ball=34660 base_poses=64778 invalid=0 station_ok=no
[INFO] [1786989901.835978195] [a3_receive_input_gateway]: gateway calibrated=yes frame_age=1.3ms frames=65157 ball=34660 base_poses=65138 invalid=0 station_ok=no
[INFO] [1786989902.835780635] [a3_receive_input_gateway]: gateway calibrated=yes frame_age=1.5ms frames=65517 ball=34660 base_poses=65498 invalid=0 station_ok=no
[INFO] [1786989903.835832014] [a3_receive_input_gateway]: gateway calibrated=yes frame_age=2.0ms frames=65877 ball=34660 base_poses=65858 invalid=0 station_ok=no
[INFO] [1786989904.835857098] [a3_receive_input_gateway]: gateway calibrated=yes frame_age=1.6ms frames=66237 ball=34660 base_poses=66218 invalid=0 station_ok=no
[INFO] [1786989905.835785960] [a3_receive_input_gateway]: gateway calibrated=yes frame_age=1.8ms frames=66597 ball=34660 base_poses=66578 invalid=0 station_ok=no
[INFO] [1786989906.835794651] [a3_receive_input_gateway]: gateway calibrated=yes frame_age=1.8ms frames=66957 ball=34660 base_poses=66938 invalid=0 station_ok=no
[INFO] [1786989907.835821423] [a3_receive_input_gateway]: gateway calibrated=yes frame_age=1.9ms frames=67317 ball=34660 base_poses=67298 invalid=0 station_ok=no
[INFO] [1786989908.835799349] [a3_receive_input_gateway]: gateway calibrated=yes frame_age=1.9ms frames=67677 ball=34660 base_poses=67658 invalid=0 station_ok=no
[INFO] [1786989909.835817645] [a3_receive_input_gateway]: gateway calibrated=yes frame_age=1.7ms frames=68037 ball=34660 base_poses=68018 invalid=0 station_ok=no
[INFO] [1786989910.835779946] [a3_receive_input_gateway]: gateway calibrated=yes frame_age=1.9ms frames=68397 ball=34660 base_poses=68378 invalid=0 station_ok=no
[INFO] [1786989911.835795381] [a3_receive_input_gateway]: gateway calibrated=yes frame_age=2.0ms frames=68757 ball=34660 base_poses=68738 invalid=0 station_ok=no
[INFO] [1786989912.835732156] [a3_receive_input_gateway]: gateway calibrated=yes frame_age=3.8ms frames=69116 ball=34660 base_poses=69097 invalid=0 station_ok=no
[INFO] [1786989913.836022585] [a3_receive_input_gateway]: gateway calibrated=yes frame_age=0.2ms frames=69477 ball=34660 base_poses=69458 invalid=0 station_ok=no
[INFO] [1786989914.836039235] [a3_receive_input_gateway]: gateway calibrated=yes frame_age=0.2ms frames=69837 ball=34660 base_poses=69818 invalid=0 station_ok=no
[INFO] [1786989915.836343222] [a3_receive_input_gateway]: gateway calibrated=yes frame_age=0.2ms frames=70197 ball=34660 base_poses=70178 invalid=0 station_ok=no
[INFO] [1786989916.835934886] [a3_receive_input_gateway]: gateway calibrated=yes frame_age=0.2ms frames=70557 ball=34660 base_poses=70538 invalid=0 station_ok=no
[INFO] [1786989917.835922149] [a3_receive_input_gateway]: gateway calibrated=yes frame_age=0.2ms frames=70917 ball=34660 base_poses=70898 invalid=0 station_ok=no
[INFO] [1786989918.835941459] [a3_receive_input_gateway]: gateway calibrated=yes frame_age=0.2ms frames=71277 ball=34660 base_poses=71258 invalid=0 station_ok=no
[INFO] [1786989919.835976277] [a3_receive_input_gateway]: gateway calibrated=yes frame_age=0.2ms frames=71637 ball=34660 base_poses=71618 invalid=0 station_ok=no
[INFO] [1786989920.836020151] [a3_receive_input_gateway]: gateway calibrated=yes frame_age=0.2ms frames=71997 ball=34660 base_poses=71978 invalid=0 station_ok=no
[INFO] [1786989921.836152425] [a3_receive_input_gateway]: gateway calibrated=yes frame_age=0.2ms frames=72357 ball=34660 base_poses=72338 invalid=0 station_ok=no
[INFO] [1786989922.835899846] [a3_receive_input_gateway]: gateway calibrated=yes frame_age=0.2ms frames=72717 ball=34660 base_poses=72698 invalid=0 station_ok=no
[INFO] [1786989923.835828070] [a3_receive_input_gateway]: gateway calibrated=yes frame_age=0.2ms frames=73077 ball=34660 base_poses=73058 invalid=0 station_ok=no
[INFO] [1786989924.835940759] [a3_receive_input_gateway]: gateway calibrated=yes frame_age=0.2ms frames=73437 ball=34660 base_poses=73418 invalid=0 station_ok=no
[INFO] [1786989925.835859719] [a3_receive_input_gateway]: gateway calibrated=yes frame_age=0.2ms frames=73797 ball=34660 base_poses=73778 invalid=0 station_ok=no
[INFO] [1786989926.836135625] [a3_receive_input_gateway]: gateway calibrated=yes frame_age=0.2ms frames=74157 ball=34660 base_poses=74138 invalid=0 station_ok=no
[INFO] [1786989927.836059658] [a3_receive_input_gateway]: gateway calibrated=yes frame_age=0.3ms frames=74517 ball=34660 base_poses=74498 invalid=0 station_ok=no
[INFO] [1786989928.835807543] [a3_receive_input_gateway]: gateway calibrated=yes frame_age=0.2ms frames=74877 ball=34660 base_poses=74858 invalid=0 station_ok=no
[INFO] [1786989929.835837358] [a3_receive_input_gateway]: gateway calibrated=yes frame_age=0.2ms frames=75237 ball=34660 base_poses=75218 invalid=0 station_ok=no
[INFO] [1786989930.835758915] [a3_receive_input_gateway]: gateway calibrated=yes frame_age=0.2ms frames=75597 ball=34660 base_poses=75578 invalid=0 station_ok=no
[INFO] [1786989931.835934850] [a3_receive_input_gateway]: gateway calibrated=yes frame_age=0.2ms frames=75957 ball=34660 base_poses=75938 invalid=0 station_ok=no
[INFO] [1786989932.159712796] [a3_receive_input_gateway]: ball tracking: visible
[INFO] [1786989932.787956959] [a3_receive_input_gateway]: ball tracking: lost
[INFO] [1786989932.835727027] [a3_receive_input_gateway]: gateway calibrated=yes frame_age=0.1ms frames=76317 ball=34886 base_poses=76298 invalid=0 station_ok=no
[INFO] [1786989933.573558751] [a3_receive_input_gateway]: ball tracking: visible
[INFO] [1786989933.835955413] [a3_receive_input_gateway]: gateway calibrated=yes frame_age=0.2ms frames=76677 ball=34981 base_poses=76658 invalid=0 station_ok=no
[INFO] [1786989934.427710155] [a3_receive_input_gateway]: ball tracking: lost
[INFO] [1786989934.574063418] [a3_receive_input_gateway]: ball tracking: visible
[INFO] [1786989934.835790458] [a3_receive_input_gateway]: gateway calibrated=yes frame_age=2.0ms frames=77036 ball=35287 base_poses=77017 invalid=0 station_ok=no
[INFO] [1786989935.049697343] [a3_receive_input_gateway]: ball tracking: lost
[INFO] [1786989935.119559547] [a3_receive_input_gateway]: ball tracking: visible
[INFO] [1786989935.291665362] [a3_receive_input_gateway]: ball tracking: lost
[INFO] [1786989935.588199244] [a3_receive_input_gateway]: ball tracking: visible
[INFO] [1786989935.835763505] [a3_receive_input_gateway]: gateway calibrated=yes frame_age=0.2ms frames=77397 ball=35516 base_poses=77378 invalid=0 station_ok=no
[INFO] [1786989935.879799271] [a3_receive_input_gateway]: ball tracking: lost
[INFO] [1786989936.835769850] [a3_receive_input_gateway]: gateway calibrated=yes frame_age=0.2ms frames=77757 ball=35531 base_poses=77738 invalid=0 station_ok=no
[INFO] [1786989937.835748238] [a3_receive_input_gateway]: gateway calibrated=yes frame_age=0.3ms frames=78117 ball=35531 base_poses=78098 invalid=0 station_ok=no
[INFO] [1786989938.835743901] [a3_receive_input_gateway]: gateway calibrated=yes frame_age=0.3ms frames=78477 ball=35531 base_poses=78458 invalid=0 station_ok=no
[INFO] [1786989939.835717609] [a3_receive_input_gateway]: gateway calibrated=yes frame_age=0.2ms frames=78837 ball=35531 base_poses=78818 invalid=0 station_ok=no
[INFO] [1786989940.835836062] [a3_receive_input_gateway]: gateway calibrated=yes frame_age=0.2ms frames=79197 ball=35531 base_poses=79178 invalid=0 station_ok=no
[INFO] [1786989941.835854514] [a3_receive_input_gateway]: gateway calibrated=yes frame_age=0.2ms frames=79557 ball=35531 base_poses=79538 invalid=0 station_ok=no
[INFO] [1786989942.835700499] [a3_receive_input_gateway]: gateway calibrated=yes frame_age=0.2ms frames=79917 ball=35531 base_poses=79898 invalid=0 station_ok=no
[INFO] [1786989943.835752014] [a3_receive_input_gateway]: gateway calibrated=yes frame_age=0.3ms frames=80277 ball=35531 base_poses=80258 invalid=0 station_ok=no
[INFO] [1786989944.835916572] [a3_receive_input_gateway]: gateway calibrated=yes frame_age=0.4ms frames=80637 ball=35531 base_poses=80618 invalid=0 station_ok=no
[INFO] [1786989945.835998133] [a3_receive_input_gateway]: gateway calibrated=yes frame_age=0.2ms frames=80997 ball=35531 base_poses=80978 invalid=0 station_ok=no
[INFO] [1786989946.835737263] [a3_receive_input_gateway]: gateway calibrated=yes frame_age=0.3ms frames=81357 ball=35531 base_poses=81338 invalid=0 station_ok=no
[INFO] [1786989947.835800968] [a3_receive_input_gateway]: gateway calibrated=yes frame_age=0.2ms frames=81717 ball=35531 base_poses=81698 invalid=0 station_ok=no
[INFO] [1786989948.835838564] [a3_receive_input_gateway]: gateway calibrated=yes frame_age=0.2ms frames=82077 ball=35531 base_poses=82058 invalid=0 station_ok=no
[INFO] [1786989949.835797645] [a3_receive_input_gateway]: gateway calibrated=yes frame_age=0.1ms frames=82437 ball=35531 base_poses=82418 invalid=0 station_ok=no
[INFO] [1786989950.835820857] [a3_receive_input_gateway]: gateway calibrated=yes frame_age=0.2ms frames=82797 ball=35531 base_poses=82778 invalid=0 station_ok=no
[INFO] [1786989951.835808713] [a3_receive_input_gateway]: gateway calibrated=yes frame_age=0.4ms frames=83157 ball=35531 base_poses=83138 invalid=0 station_ok=no
[INFO] [1786989952.835749693] [a3_receive_input_gateway]: gateway calibrated=yes frame_age=0.3ms frames=83517 ball=35531 base_poses=83498 invalid=0 station_ok=no
[INFO] [1786989953.836295397] [a3_receive_input_gateway]: gateway calibrated=yes frame_age=0.4ms frames=83877 ball=35531 base_poses=83858 invalid=0 station_ok=no
[INFO] [1786989954.835854361] [a3_receive_input_gateway]: gateway calibrated=yes frame_age=0.4ms frames=84237 ball=35531 base_poses=84218 invalid=0 station_ok=no
[INFO] [1786989955.835876849] [a3_receive_input_gateway]: gateway calibrated=yes frame_age=0.2ms frames=84597 ball=35531 base_poses=84578 invalid=0 station_ok=no
[INFO] [1786989956.835837914] [a3_receive_input_gateway]: gateway calibrated=yes frame_age=0.2ms frames=84957 ball=35531 base_poses=84938 invalid=0 station_ok=no
[INFO] [1786989957.835751865] [a3_receive_input_gateway]: gateway calibrated=yes frame_age=0.3ms frames=85317 ball=35531 base_poses=85298 invalid=0 station_ok=no
[INFO] [1786989958.836493270] [a3_receive_input_gateway]: gateway calibrated=yes frame_age=0.5ms frames=85677 ball=35531 base_poses=85658 invalid=0 station_ok=no
[INFO] [1786989959.835763480] [a3_receive_input_gateway]: gateway calibrated=yes frame_age=0.4ms frames=86037 ball=35531 base_poses=86018 invalid=0 station_ok=no
[INFO] [1786989960.835728183] [a3_receive_input_gateway]: gateway calibrated=yes frame_age=0.3ms frames=86397 ball=35531 base_poses=86378 invalid=0 station_ok=no
[INFO] [1786989961.835749927] [a3_receive_input_gateway]: gateway calibrated=yes frame_age=0.5ms frames=86757 ball=35531 base_poses=86738 invalid=0 station_ok=no
[INFO] [1786989962.835759623] [a3_receive_input_gateway]: gateway calibrated=yes frame_age=0.4ms frames=87117 ball=35531 base_poses=87098 invalid=0 station_ok=no
[INFO] [1786989963.835861571] [a3_receive_input_gateway]: gateway calibrated=yes frame_age=0.4ms frames=87477 ball=35531 base_poses=87458 invalid=0 station_ok=no
[INFO] [1786989964.835853431] [a3_receive_input_gateway]: gateway calibrated=yes frame_age=2.4ms frames=87836 ball=35531 base_poses=87817 invalid=0 station_ok=no
[INFO] [1786989965.063359692] [a3_receive_input_gateway]: ball tracking: visible
[INFO] [1786989965.835798614] [a3_receive_input_gateway]: gateway calibrated=yes frame_age=2.3ms frames=88196 ball=35809 base_poses=88177 invalid=0 station_ok=no
[INFO] [1786989966.309473139] [a3_receive_input_gateway]: ball tracking: lost
[INFO] [1786989966.835839954] [a3_receive_input_gateway]: gateway calibrated=yes frame_age=2.3ms frames=88556 ball=35979 base_poses=88537 invalid=0 station_ok=no
[INFO] [1786989967.835810231] [a3_receive_input_gateway]: gateway calibrated=yes frame_age=2.5ms frames=88916 ball=35979 base_poses=88897 invalid=0 station_ok=no
[INFO] [1786989968.835799472] [a3_receive_input_gateway]: gateway calibrated=yes frame_age=2.5ms frames=89276 ball=35979 base_poses=89257 invalid=0 station_ok=no
[INFO] [1786989969.835779079] [a3_receive_input_gateway]: gateway calibrated=yes frame_age=2.5ms frames=89636 ball=35979 base_poses=89617 invalid=0 station_ok=no
[INFO] [1786989970.835872682] [a3_receive_input_gateway]: gateway calibrated=yes frame_age=2.4ms frames=89996 ball=35979 base_poses=89977 invalid=0 station_ok=no
[INFO] [1786989971.835758120] [a3_receive_input_gateway]: gateway calibrated=yes frame_age=2.5ms frames=90356 ball=35979 base_poses=90337 invalid=0 station_ok=no
[INFO] [1786989972.835786275] [a3_receive_input_gateway]: gateway calibrated=yes frame_age=2.6ms frames=90716 ball=35979 base_poses=90697 invalid=0 station_ok=no
[INFO] [1786989973.835763756] [a3_receive_input_gateway]: gateway calibrated=yes frame_age=2.5ms frames=91076 ball=35979 base_poses=91057 invalid=0 station_ok=no
[INFO] [1786989974.835804937] [a3_receive_input_gateway]: gateway calibrated=yes frame_age=2.6ms frames=91436 ball=35979 base_poses=91417 invalid=0 station_ok=no
[INFO] [1786989975.835782019] [a3_receive_input_gateway]: gateway calibrated=yes frame_age=2.3ms frames=91796 ball=35979 base_poses=91777 invalid=0 station_ok=no
[INFO] [1786989976.835794772] [a3_receive_input_gateway]: gateway calibrated=yes frame_age=2.4ms frames=92156 ball=35979 base_poses=92137 invalid=0 station_ok=no
[INFO] [1786989977.835792130] [a3_receive_input_gateway]: gateway calibrated=yes frame_age=2.6ms frames=92516 ball=35979 base_poses=92497 invalid=0 station_ok=no
[INFO] [1786989978.835913312] [a3_receive_input_gateway]: gateway calibrated=yes frame_age=2.7ms frames=92876 ball=35979 base_poses=92857 invalid=0 station_ok=no
[INFO] [1786989979.835786832] [a3_receive_input_gateway]: gateway calibrated=yes frame_age=2.4ms frames=93236 ball=35979 base_poses=93217 invalid=0 station_ok=no
[INFO] [1786989980.835789491] [a3_receive_input_gateway]: gateway calibrated=yes frame_age=2.5ms frames=93596 ball=35979 base_poses=93577 invalid=0 station_ok=no
[INFO] [1786989981.835771362] [a3_receive_input_gateway]: gateway calibrated=yes frame_age=2.7ms frames=93956 ball=35979 base_poses=93937 invalid=0 station_ok=no
[INFO] [1786989982.835809194] [a3_receive_input_gateway]: gateway calibrated=yes frame_age=2.6ms frames=94316 ball=35979 base_poses=94297 invalid=0 station_ok=no
[INFO] [1786989983.836089775] [a3_receive_input_gateway]: gateway calibrated=yes frame_age=2.6ms frames=94676 ball=35979 base_poses=94657 invalid=0 station_ok=no
[INFO] [1786989984.835808873] [a3_receive_input_gateway]: gateway calibrated=yes frame_age=2.5ms frames=95036 ball=35979 base_poses=95017 invalid=0 station_ok=no
[INFO] [1786989985.835744219] [a3_receive_input_gateway]: gateway calibrated=yes frame_age=0.4ms frames=95396 ball=35979 base_poses=95377 invalid=0 station_ok=no
[INFO] [1786989986.835753539] [a3_receive_input_gateway]: gateway calibrated=yes frame_age=0.6ms frames=95756 ball=35979 base_poses=95737 invalid=0 station_ok=no
[INFO] [1786989987.835754455] [a3_receive_input_gateway]: gateway calibrated=yes frame_age=0.6ms frames=96116 ball=35979 base_poses=96097 invalid=0 station_ok=no
[INFO] [1786989988.836370787] [a3_receive_input_gateway]: gateway calibrated=yes frame_age=1.2ms frames=96476 ball=35979 base_poses=96457 invalid=0 station_ok=no
[INFO] [1786989989.835747966] [a3_receive_input_gateway]: gateway calibrated=yes frame_age=0.6ms frames=96836 ball=35979 base_poses=96817 invalid=0 station_ok=no
[INFO] [1786989990.835742626] [a3_receive_input_gateway]: gateway calibrated=yes frame_age=0.7ms frames=97196 ball=35979 base_poses=97177 invalid=0 station_ok=no
[INFO] [1786989991.835753663] [a3_receive_input_gateway]: gateway calibrated=yes frame_age=0.5ms frames=97556 ball=35979 base_poses=97537 invalid=0 station_ok=no
[INFO] [1786989992.835751731] [a3_receive_input_gateway]: gateway calibrated=yes frame_age=0.7ms frames=97916 ball=35979 base_poses=97897 invalid=0 station_ok=no
[INFO] [1786989993.835738291] [a3_receive_input_gateway]: gateway calibrated=yes frame_age=0.6ms frames=98276 ball=35979 base_poses=98257 invalid=0 station_ok=no
[INFO] [1786989994.835748638] [a3_receive_input_gateway]: gateway calibrated=yes frame_age=0.5ms frames=98636 ball=35979 base_poses=98617 invalid=0 station_ok=no
[INFO] [1786989995.835757150] [a3_receive_input_gateway]: gateway calibrated=yes frame_age=0.7ms frames=98996 ball=35979 base_poses=98977 invalid=0 station_ok=no
[INFO] [1786989996.835804191] [a3_receive_input_gateway]: gateway calibrated=yes frame_age=0.4ms frames=99356 ball=35979 base_poses=99337 invalid=0 station_ok=no
[INFO] [1786989997.835803785] [a3_receive_input_gateway]: gateway calibrated=yes frame_age=0.5ms frames=99716 ball=35979 base_poses=99697 invalid=0 station_ok=no
[INFO] [1786989998.835755711] [a3_receive_input_gateway]: gateway calibrated=yes frame_age=0.8ms frames=100076 ball=35979 base_poses=100057 invalid=0 station_ok=no
[INFO] [1786989999.835777803] [a3_receive_input_gateway]: gateway calibrated=yes frame_age=0.4ms frames=100436 ball=35979 base_poses=100417 invalid=0 station_ok=no
[INFO] [1786990000.835757052] [a3_receive_input_gateway]: gateway calibrated=yes frame_age=0.4ms frames=100796 ball=35979 base_poses=100777 invalid=0 station_ok=no
[INFO] [1786990001.835749053] [a3_receive_input_gateway]: gateway calibrated=yes frame_age=0.8ms frames=101156 ball=35979 base_poses=101137 invalid=0 station_ok=no
[INFO] [1786990002.835763783] [a3_receive_input_gateway]: gateway calibrated=yes frame_age=0.7ms frames=101516 ball=35979 base_poses=101497 invalid=0 station_ok=no
[INFO] [1786990003.835739168] [a3_receive_input_gateway]: gateway calibrated=yes frame_age=0.6ms frames=101876 ball=35979 base_poses=101857 invalid=0 station_ok=no
[INFO] [1786990004.835742379] [a3_receive_input_gateway]: gateway calibrated=yes frame_age=0.8ms frames=102236 ball=35979 base_poses=102217 invalid=0 station_ok=no
[INFO] [1786990005.835754463] [a3_receive_input_gateway]: gateway calibrated=yes frame_age=0.8ms frames=102596 ball=35979 base_poses=102577 invalid=0 station_ok=no
[INFO] [1786990006.835739323] [a3_receive_input_gateway]: gateway calibrated=yes frame_age=0.6ms frames=102956 ball=35979 base_poses=102937 invalid=0 station_ok=no
[INFO] [1786990007.835747730] [a3_receive_input_gateway]: gateway calibrated=yes frame_age=0.8ms frames=103316 ball=35979 base_poses=103297 invalid=0 station_ok=no
[INFO] [1786990008.835780987] [a3_receive_input_gateway]: gateway calibrated=yes frame_age=0.8ms frames=103676 ball=35979 base_poses=103657 invalid=0 station_ok=no
[INFO] [1786990009.836191553] [a3_receive_input_gateway]: gateway calibrated=yes frame_age=0.4ms frames=104036 ball=35979 base_poses=104017 invalid=0 station_ok=no
[INFO] [1786990010.835746505] [a3_receive_input_gateway]: gateway calibrated=yes frame_age=0.7ms frames=104396 ball=35979 base_poses=104377 invalid=0 station_ok=no
[INFO] [1786990011.836045397] [a3_receive_input_gateway]: gateway calibrated=yes frame_age=0.7ms frames=104756 ball=35979 base_poses=104737 invalid=0 station_ok=no
[INFO] [1786990012.835747057] [a3_receive_input_gateway]: gateway calibrated=yes frame_age=0.9ms frames=105116 ball=35979 base_poses=105097 invalid=0 station_ok=no
[INFO] [1786990013.835758898] [a3_receive_input_gateway]: gateway calibrated=yes frame_age=0.9ms frames=105476 ball=35979 base_poses=105457 invalid=0 station_ok=no
[INFO] [1786990014.835751556] [a3_receive_input_gateway]: gateway calibrated=yes frame_age=0.9ms frames=105836 ball=35979 base_poses=105817 invalid=0 station_ok=no
[INFO] [1786990015.835778462] [a3_receive_input_gateway]: gateway calibrated=yes frame_age=0.8ms frames=106196 ball=35979 base_poses=106177 invalid=0 station_ok=no
[INFO] [1786990016.835756566] [a3_receive_input_gateway]: gateway calibrated=yes frame_age=0.7ms frames=106556 ball=35979 base_poses=106537 invalid=0 station_ok=no
[INFO] [1786990017.835771605] [a3_receive_input_gateway]: gateway calibrated=yes frame_age=0.9ms frames=106916 ball=35979 base_poses=106897 invalid=0 station_ok=no
[INFO] [1786990018.835748820] [a3_receive_input_gateway]: gateway calibrated=yes frame_age=0.9ms frames=107276 ball=35979 base_poses=107257 invalid=0 station_ok=no
[INFO] [1786990019.835937155] [a3_receive_input_gateway]: gateway calibrated=yes frame_age=0.6ms frames=107636 ball=35979 base_poses=107617 invalid=0 station_ok=no
[INFO] [1786990020.835804070] [a3_receive_input_gateway]: gateway calibrated=yes frame_age=0.9ms frames=107996 ball=35979 base_poses=107977 invalid=0 station_ok=no
[INFO] [1786990021.835750952] [a3_receive_input_gateway]: gateway calibrated=yes frame_age=0.9ms frames=108356 ball=35979 base_poses=108337 invalid=0 station_ok=no
[INFO] [1786990022.835769433] [a3_receive_input_gateway]: gateway calibrated=yes frame_age=1.0ms frames=108716 ball=35979 base_poses=108697 invalid=0 station_ok=no
[INFO] [1786990023.835738020] [a3_receive_input_gateway]: gateway calibrated=yes frame_age=0.7ms frames=109076 ball=35979 base_poses=109057 invalid=0 station_ok=no
[INFO] [1786990024.835747316] [a3_receive_input_gateway]: gateway calibrated=yes frame_age=0.8ms frames=109436 ball=35979 base_poses=109417 invalid=0 station_ok=no
[INFO] [1786990025.835741386] [a3_receive_input_gateway]: gateway calibrated=yes frame_age=0.8ms frames=109796 ball=35979 base_poses=109777 invalid=0 station_ok=no
[INFO] [1786990026.835749968] [a3_receive_input_gateway]: gateway calibrated=yes frame_age=1.0ms frames=110156 ball=35979 base_poses=110137 invalid=0 station_ok=no
[INFO] [1786990027.835762676] [a3_receive_input_gateway]: gateway calibrated=yes frame_age=0.8ms frames=110516 ball=35979 base_poses=110497 invalid=0 station_ok=no
[INFO] [1786990028.835938015] [a3_receive_input_gateway]: gateway calibrated=yes frame_age=0.6ms frames=110876 ball=35979 base_poses=110857 invalid=0 station_ok=no
[INFO] [1786990029.835832239] [a3_receive_input_gateway]: gateway calibrated=yes frame_age=1.0ms frames=111236 ball=35979 base_poses=111217 invalid=0 station_ok=no
[INFO] [1786990030.835738478] [a3_receive_input_gateway]: gateway calibrated=yes frame_age=0.8ms frames=111596 ball=35979 base_poses=111577 invalid=0 station_ok=no
[INFO] [1786990031.835747151] [a3_receive_input_gateway]: gateway calibrated=yes frame_age=1.0ms frames=111956 ball=35979 base_poses=111937 invalid=0 station_ok=no
[INFO] [1786990032.835754668] [a3_receive_input_gateway]: gateway calibrated=yes frame_age=0.9ms frames=112316 ball=35979 base_poses=112297 invalid=0 station_ok=no
[INFO] [1786990033.835876917] [a3_receive_input_gateway]: gateway calibrated=yes frame_age=1.0ms frames=112676 ball=35979 base_poses=112657 invalid=0 station_ok=no
[INFO] [1786990034.835769390] [a3_receive_input_gateway]: gateway calibrated=yes frame_age=0.8ms frames=113036 ball=35979 base_poses=113017 invalid=0 station_ok=no
[INFO] [1786990035.835774425] [a3_receive_input_gateway]: gateway calibrated=yes frame_age=1.1ms frames=113396 ball=35979 base_poses=113377 invalid=0 station_ok=no
[INFO] [1786990036.835752254] [a3_receive_input_gateway]: gateway calibrated=yes frame_age=0.8ms frames=113756 ball=35979 base_poses=113737 invalid=0 station_ok=no
[INFO] [1786990037.835804001] [a3_receive_input_gateway]: gateway calibrated=yes frame_age=3.1ms frames=114115 ball=35979 base_poses=114096 invalid=0 station_ok=no
[INFO] [1786990038.835808861] [a3_receive_input_gateway]: gateway calibrated=yes frame_age=3.1ms frames=114475 ball=35979 base_poses=114456 invalid=0 station_ok=no
[INFO] [1786990039.836007080] [a3_receive_input_gateway]: gateway calibrated=yes frame_age=2.6ms frames=114835 ball=35979 base_poses=114816 invalid=0 station_ok=no
[INFO] [1786990040.835710028] [a3_receive_input_gateway]: gateway calibrated=yes frame_age=3.0ms frames=115195 ball=35979 base_poses=115176 invalid=0 station_ok=no
[INFO] [1786990041.835775764] [a3_receive_input_gateway]: gateway calibrated=yes frame_age=3.0ms frames=115555 ball=35979 base_poses=115536 invalid=0 station_ok=no
[INFO] [1786990042.835799482] [a3_receive_input_gateway]: gateway calibrated=yes frame_age=3.1ms frames=115915 ball=35979 base_poses=115896 invalid=0 station_ok=no
[INFO] [1786990043.835785973] [a3_receive_input_gateway]: gateway calibrated=yes frame_age=3.0ms frames=116275 ball=35979 base_poses=116256 invalid=0 station_ok=no
[INFO] [1786990044.835783205] [a3_receive_input_gateway]: gateway calibrated=yes frame_age=3.1ms frames=116635 ball=35979 base_poses=116616 invalid=0 station_ok=no
[INFO] [1786990045.835796427] [a3_receive_input_gateway]: gateway calibrated=yes frame_age=3.2ms frames=116995 ball=35979 base_poses=116976 invalid=0 station_ok=no
[INFO] [1786990046.835778799] [a3_receive_input_gateway]: gateway calibrated=yes frame_age=3.1ms frames=117355 ball=35979 base_poses=117336 invalid=0 station_ok=no
[INFO] [1786990047.835785829] [a3_receive_input_gateway]: gateway calibrated=yes frame_age=3.0ms frames=117715 ball=35979 base_poses=117696 invalid=0 station_ok=no
[INFO] [1786990048.835804354] [a3_receive_input_gateway]: gateway calibrated=yes frame_age=3.1ms frames=118075 ball=35979 base_poses=118056 invalid=0 station_ok=no
[INFO] [1786990049.835809081] [a3_receive_input_gateway]: gateway calibrated=yes frame_age=3.2ms frames=118435 ball=35979 base_poses=118416 invalid=0 station_ok=no
[INFO] [1786990050.835792190] [a3_receive_input_gateway]: gateway calibrated=yes frame_age=3.2ms frames=118795 ball=35979 base_poses=118776 invalid=0 station_ok=no
[INFO] [1786990051.835813016] [a3_receive_input_gateway]: gateway calibrated=yes frame_age=3.3ms frames=119155 ball=35979 base_poses=119136 invalid=0 station_ok=no
[INFO] [1786990052.835798192] [a3_receive_input_gateway]: gateway calibrated=yes frame_age=3.3ms frames=119515 ball=35979 base_poses=119496 invalid=0 station_ok=no
[INFO] [1786990053.835801611] [a3_receive_input_gateway]: gateway calibrated=yes frame_age=3.1ms frames=119875 ball=35979 base_poses=119856 invalid=0 station_ok=no
[INFO] [1786990054.836057942] [a3_receive_input_gateway]: gateway calibrated=yes frame_age=2.9ms frames=120235 ball=35979 base_poses=120216 invalid=0 station_ok=no
[INFO] [1786990055.835838072] [a3_receive_input_gateway]: gateway calibrated=yes frame_age=3.4ms frames=120595 ball=35979 base_poses=120576 invalid=0 station_ok=no
[INFO] [1786990056.835809240] [a3_receive_input_gateway]: gateway calibrated=yes frame_age=3.1ms frames=120955 ball=35979 base_poses=120936 invalid=0 station_ok=no
[INFO] [1786990057.835783103] [a3_receive_input_gateway]: gateway calibrated=yes frame_age=1.3ms frames=121315 ball=35979 base_poses=121296 invalid=0 station_ok=no
[INFO] [1786990058.835758446] [a3_receive_input_gateway]: gateway calibrated=yes frame_age=1.2ms frames=121675 ball=35979 base_poses=121656 invalid=0 station_ok=no
[INFO] [1786990059.835790596] [a3_receive_input_gateway]: gateway calibrated=yes frame_age=1.3ms frames=122035 ball=35979 base_poses=122016 invalid=0 station_ok=no
[INFO] [1786990060.835706767] [a3_receive_input_gateway]: gateway calibrated=yes frame_age=1.0ms frames=122395 ball=35979 base_poses=122376 invalid=0 station_ok=no
[INFO] [1786990061.835717956] [a3_receive_input_gateway]: gateway calibrated=yes frame_age=1.1ms frames=122755 ball=35979 base_poses=122736 invalid=0 station_ok=no
[INFO] [1786990062.835769797] [a3_receive_input_gateway]: gateway calibrated=yes frame_age=1.2ms frames=123115 ball=35979 base_poses=123096 invalid=0 station_ok=no
[INFO] [1786990063.835749376] [a3_receive_input_gateway]: gateway calibrated=yes frame_age=1.1ms frames=123475 ball=35979 base_poses=123456 invalid=0 station_ok=no
[INFO] [1786990064.835769760] [a3_receive_input_gateway]: gateway calibrated=yes frame_age=0.7ms frames=123835 ball=35979 base_poses=123816 invalid=0 station_ok=no
[INFO] [1786990064.972451259] [a3_receive_input_gateway]: ball tracking: visible
[INFO] [1786990065.835738771] [a3_receive_input_gateway]: gateway calibrated=yes frame_age=1.1ms frames=124195 ball=36290 base_poses=124176 invalid=0 station_ok=no
[INFO] [1786990066.835758707] [a3_receive_input_gateway]: gateway calibrated=yes frame_age=1.1ms frames=124555 ball=36650 base_poses=124536 invalid=0 station_ok=no
[INFO] [1786990067.835795020] [a3_receive_input_gateway]: gateway calibrated=yes frame_age=1.1ms frames=124915 ball=37010 base_poses=124896 invalid=0 station_ok=no
[INFO] [1786990068.835788234] [a3_receive_input_gateway]: gateway calibrated=yes frame_age=1.2ms frames=125275 ball=37370 base_poses=125256 invalid=0 station_ok=no
[INFO] [1786990069.835823858] [a3_receive_input_gateway]: gateway calibrated=yes frame_age=1.0ms frames=125635 ball=37730 base_poses=125616 invalid=0 station_ok=no
[INFO] [1786990070.835803063] [a3_receive_input_gateway]: gateway calibrated=yes frame_age=1.2ms frames=125995 ball=38090 base_poses=125976 invalid=0 station_ok=no
[INFO] [1786990071.835798190] [a3_receive_input_gateway]: gateway calibrated=yes frame_age=1.4ms frames=126355 ball=38450 base_poses=126336 invalid=0 station_ok=no
[INFO] [1786990072.835794474] [a3_receive_input_gateway]: gateway calibrated=yes frame_age=1.3ms frames=126715 ball=38810 base_poses=126696 invalid=0 station_ok=no
[INFO] [1786990073.835758641] [a3_receive_input_gateway]: gateway calibrated=yes frame_age=1.2ms frames=127075 ball=39170 base_poses=127056 invalid=0 station_ok=no
[INFO] [1786990074.835982972] [a3_receive_input_gateway]: gateway calibrated=yes frame_age=0.9ms frames=127435 ball=39530 base_poses=127416 invalid=0 station_ok=no
[INFO] [1786990075.835800102] [a3_receive_input_gateway]: gateway calibrated=yes frame_age=1.3ms frames=127795 ball=39890 base_poses=127776 invalid=0 station_ok=no
[INFO] [1786990075.907498043] [a3_receive_input_gateway]: ball tracking: lost
[INFO] [1786990076.732503230] [a3_receive_input_gateway]: ball tracking: visible
[INFO] [1786990076.835891579] [a3_receive_input_gateway]: gateway calibrated=yes frame_age=1.1ms frames=128155 ball=39953 base_poses=128136 invalid=0 station_ok=no
[INFO] [1786990077.835770918] [a3_receive_input_gateway]: gateway calibrated=yes frame_age=1.2ms frames=128515 ball=40313 base_poses=128496 invalid=0 station_ok=no
[INFO] [1786990078.515438949] [a3_receive_input_gateway]: ball tracking: lost
[INFO] [1786990078.835798221] [a3_receive_input_gateway]: gateway calibrated=yes frame_age=1.3ms frames=128875 ball=40557 base_poses=128856 invalid=0 station_ok=no
[INFO] [1786990079.835786139] [a3_receive_input_gateway]: gateway calibrated=yes frame_age=1.4ms frames=129235 ball=40557 base_poses=129216 invalid=0 station_ok=no
[INFO] [1786990080.835717701] [a3_receive_input_gateway]: gateway calibrated=yes frame_age=1.1ms frames=129595 ball=40557 base_poses=129576 invalid=0 station_ok=no
[INFO] [1786990081.835920941] [a3_receive_input_gateway]: gateway calibrated=yes frame_age=1.1ms frames=129955 ball=40557 base_poses=129936 invalid=0 station_ok=no
[INFO] [1786990082.835959285] [a3_receive_input_gateway]: gateway calibrated=yes frame_age=0.9ms frames=130315 ball=40557 base_poses=130296 invalid=0 station_ok=no
[INFO] [1786990083.835765857] [a3_receive_input_gateway]: gateway calibrated=yes frame_age=1.4ms frames=130675 ball=40557 base_poses=130656 invalid=0 station_ok=no
[INFO] [1786990084.835782551] [a3_receive_input_gateway]: gateway calibrated=yes frame_age=1.4ms frames=131035 ball=40557 base_poses=131016 invalid=0 station_ok=no
[INFO] [1786990085.835794182] [a3_receive_input_gateway]: gateway calibrated=yes frame_age=1.4ms frames=131395 ball=40557 base_poses=131376 invalid=0 station_ok=no
[INFO] [1786990086.835751567] [a3_receive_input_gateway]: gateway calibrated=yes frame_age=1.5ms frames=131755 ball=40557 base_poses=131736 invalid=0 station_ok=no
[INFO] [1786990087.835827043] [a3_receive_input_gateway]: gateway calibrated=yes frame_age=1.5ms frames=132115 ball=40557 base_poses=132096 invalid=0 station_ok=no
[INFO] [1786990088.835783532] [a3_receive_input_gateway]: gateway calibrated=yes frame_age=1.3ms frames=132475 ball=40557 base_poses=132456 invalid=0 station_ok=no
[INFO] [1786990089.835796993] [a3_receive_input_gateway]: gateway calibrated=yes frame_age=1.4ms frames=132835 ball=40557 base_poses=132816 invalid=0 station_ok=no
[INFO] [1786990090.835798738] [a3_receive_input_gateway]: gateway calibrated=yes frame_age=1.3ms frames=133195 ball=40557 base_poses=133176 invalid=0 station_ok=no
[INFO] [1786990091.835787802] [a3_receive_input_gateway]: gateway calibrated=yes frame_age=1.5ms frames=133555 ball=40557 base_poses=133536 invalid=0 station_ok=no
[INFO] [1786990092.835788617] [a3_receive_input_gateway]: gateway calibrated=yes frame_age=1.4ms frames=133915 ball=40557 base_poses=133896 invalid=0 station_ok=no
[INFO] [1786990093.835774076] [a3_receive_input_gateway]: gateway calibrated=yes frame_age=1.5ms frames=134275 ball=40557 base_poses=134256 invalid=0 station_ok=no
[INFO] [1786990094.835799872] [a3_receive_input_gateway]: gateway calibrated=yes frame_age=1.2ms frames=134635 ball=40557 base_poses=134616 invalid=0 station_ok=no
[INFO] [1786990095.835837002] [a3_receive_input_gateway]: gateway calibrated=yes frame_age=1.4ms frames=134995 ball=40557 base_poses=134976 invalid=0 station_ok=no
[INFO] [1786990096.835759638] [a3_receive_input_gateway]: gateway calibrated=yes frame_age=1.4ms frames=135355 ball=40557 base_poses=135336 invalid=0 station_ok=no
[INFO] [1786990097.835762872] [a3_receive_input_gateway]: gateway calibrated=yes frame_age=1.4ms frames=135715 ball=40557 base_poses=135696 invalid=0 station_ok=no
[INFO] [1786990098.835787410] [a3_receive_input_gateway]: gateway calibrated=yes frame_age=1.2ms frames=136075 ball=40557 base_poses=136056 invalid=0 station_ok=no
[INFO] [1786990099.835777357] [a3_receive_input_gateway]: gateway calibrated=yes frame_age=1.6ms frames=136435 ball=40557 base_poses=136416 invalid=0 station_ok=no
[INFO] [1786990100.835773296] [a3_receive_input_gateway]: gateway calibrated=yes frame_age=1.5ms frames=136795 ball=40557 base_poses=136776 invalid=0 station_ok=no
[INFO] [1786990101.835783613] [a3_receive_input_gateway]: gateway calibrated=yes frame_age=1.5ms frames=137155 ball=40557 base_poses=137136 invalid=0 station_ok=no
[INFO] [1786990102.835811962] [a3_receive_input_gateway]: gateway calibrated=yes frame_age=1.5ms frames=137515 ball=40557 base_poses=137496 invalid=0 station_ok=no
[INFO] [1786990103.835766980] [a3_receive_input_gateway]: gateway calibrated=yes frame_age=1.6ms frames=137875 ball=40557 base_poses=137856 invalid=0 station_ok=no
[INFO] [1786990104.835988502] [a3_receive_input_gateway]: gateway calibrated=yes frame_age=1.3ms frames=138235 ball=40557 base_poses=138216 invalid=0 station_ok=no
[INFO] [1786990105.835776949] [a3_receive_input_gateway]: gateway calibrated=yes frame_age=1.4ms frames=138595 ball=40557 base_poses=138576 invalid=0 station_ok=no
[INFO] [1786990106.835786257] [a3_receive_input_gateway]: gateway calibrated=yes frame_age=1.4ms frames=138955 ball=40557 base_poses=138936 invalid=0 station_ok=no
[INFO] [1786990107.835787175] [a3_receive_input_gateway]: gateway calibrated=yes frame_age=1.5ms frames=139315 ball=40557 base_poses=139296 invalid=0 station_ok=no
[INFO] [1786990108.835864434] [a3_receive_input_gateway]: gateway calibrated=yes frame_age=1.2ms frames=139675 ball=40557 base_poses=139656 invalid=0 station_ok=no
[INFO] [1786990109.835830311] [a3_receive_input_gateway]: gateway calibrated=yes frame_age=3.5ms frames=140034 ball=40557 base_poses=140015 invalid=0 station_ok=no
[INFO] [1786990110.835817682] [a3_receive_input_gateway]: gateway calibrated=yes frame_age=3.7ms frames=140394 ball=40557 base_poses=140375 invalid=0 station_ok=no
[INFO] [1786990111.835948358] [a3_receive_input_gateway]: gateway calibrated=yes frame_age=3.4ms frames=140754 ball=40557 base_poses=140735 invalid=0 station_ok=no
[INFO] [1786990112.835769147] [a3_receive_input_gateway]: gateway calibrated=yes frame_age=3.5ms frames=141114 ball=40557 base_poses=141095 invalid=0 station_ok=no
[INFO] [1786990113.835790908] [a3_receive_input_gateway]: gateway calibrated=yes frame_age=3.6ms frames=141474 ball=40557 base_poses=141455 invalid=0 station_ok=no
[INFO] [1786990114.835752283] [a3_receive_input_gateway]: gateway calibrated=yes frame_age=1.1ms frames=141835 ball=40557 base_poses=141816 invalid=0 station_ok=no
[INFO] [1786990115.835806097] [a3_receive_input_gateway]: gateway calibrated=yes frame_age=3.4ms frames=142193 ball=40557 base_poses=142174 invalid=0 station_ok=no
[INFO] [1786990116.835795384] [a3_receive_input_gateway]: gateway calibrated=yes frame_age=3.6ms frames=142553 ball=40557 base_poses=142534 invalid=0 station_ok=no
[INFO] [1786990117.835846584] [a3_receive_input_gateway]: gateway calibrated=yes frame_age=3.2ms frames=142913 ball=40557 base_poses=142894 invalid=0 station_ok=no
[INFO] [1786990118.835832196] [a3_receive_input_gateway]: gateway calibrated=yes frame_age=3.4ms frames=143273 ball=40557 base_poses=143254 invalid=0 station_ok=no
[INFO] [1786990119.835777468] [a3_receive_input_gateway]: gateway calibrated=yes frame_age=3.5ms frames=143633 ball=40557 base_poses=143614 invalid=0 station_ok=no
[INFO] [1786990120.835798960] [a3_receive_input_gateway]: gateway calibrated=yes frame_age=3.5ms frames=143993 ball=40557 base_poses=143974 invalid=0 station_ok=no
[INFO] [1786990121.835883806] [a3_receive_input_gateway]: gateway calibrated=yes frame_age=3.6ms frames=144353 ball=40557 base_poses=144334 invalid=0 station_ok=no
[INFO] [1786990122.835766065] [a3_receive_input_gateway]: gateway calibrated=yes frame_age=1.4ms frames=144713 ball=40557 base_poses=144694 invalid=0 station_ok=no
[INFO] [1786990123.835819044] [a3_receive_input_gateway]: gateway calibrated=yes frame_age=3.7ms frames=145073 ball=40557 base_poses=145054 invalid=0 station_ok=no
[INFO] [1786990124.835861001] [a3_receive_input_gateway]: gateway calibrated=yes frame_age=3.3ms frames=145433 ball=40557 base_poses=145414 invalid=0 station_ok=no
[INFO] [1786990125.835807215] [a3_receive_input_gateway]: gateway calibrated=yes frame_age=3.7ms frames=145793 ball=40557 base_poses=145774 invalid=0 station_ok=no
[INFO] [1786990126.835825094] [a3_receive_input_gateway]: gateway calibrated=yes frame_age=3.7ms frames=146153 ball=40557 base_poses=146134 invalid=0 station_ok=no
[INFO] [1786990127.835862184] [a3_receive_input_gateway]: gateway calibrated=yes frame_age=3.7ms frames=146513 ball=40557 base_poses=146494 invalid=0 station_ok=no
[INFO] [1786990128.835863841] [a3_receive_input_gateway]: gateway calibrated=yes frame_age=3.8ms frames=146873 ball=40557 base_poses=146854 invalid=0 station_ok=no
[INFO] [1786990129.835747883] [a3_receive_input_gateway]: gateway calibrated=yes frame_age=1.6ms frames=147233 ball=40557 base_poses=147214 invalid=0 station_ok=no
[INFO] [1786990130.835841698] [a3_receive_input_gateway]: gateway calibrated=yes frame_age=1.7ms frames=147593 ball=40557 base_poses=147574 invalid=0 station_ok=no
[INFO] [1786990131.835783904] [a3_receive_input_gateway]: gateway calibrated=yes frame_age=1.6ms frames=147953 ball=40557 base_poses=147934 invalid=0 station_ok=no
[INFO] [1786990132.835847021] [a3_receive_input_gateway]: gateway calibrated=yes frame_age=1.8ms frames=148313 ball=40557 base_poses=148294 invalid=0 station_ok=no
[INFO] [1786990133.835871080] [a3_receive_input_gateway]: gateway calibrated=yes frame_age=1.9ms frames=148673 ball=40557 base_poses=148654 invalid=0 station_ok=no
[INFO] [1786990134.835761740] [a3_receive_input_gateway]: gateway calibrated=yes frame_age=1.4ms frames=149033 ball=40557 base_poses=149014 invalid=0 station_ok=no
[INFO] [1786990135.835802853] [a3_receive_input_gateway]: gateway calibrated=yes frame_age=1.8ms frames=149393 ball=40557 base_poses=149374 invalid=0 station_ok=no
[INFO] [1786990136.835903418] [a3_receive_input_gateway]: gateway calibrated=yes frame_age=1.8ms frames=149753 ball=40557 base_poses=149734 invalid=0 station_ok=no
[INFO] [1786990137.835810654] [a3_receive_input_gateway]: gateway calibrated=yes frame_age=1.7ms frames=150113 ball=40557 base_poses=150094 invalid=0 station_ok=no
[INFO] [1786990138.835716599] [a3_receive_input_gateway]: gateway calibrated=yes frame_age=1.7ms frames=150473 ball=40557 base_poses=150454 invalid=0 station_ok=no
[INFO] [1786990139.835798415] [a3_receive_input_gateway]: gateway calibrated=yes frame_age=1.8ms frames=150833 ball=40557 base_poses=150814 invalid=0 station_ok=no
[INFO] [1786990140.835818889] [a3_receive_input_gateway]: gateway calibrated=yes frame_age=1.6ms frames=151193 ball=40557 base_poses=151174 invalid=0 station_ok=no
[INFO] [1786990141.835763380] [a3_receive_input_gateway]: gateway calibrated=yes frame_age=1.7ms frames=151553 ball=40557 base_poses=151534 invalid=0 station_ok=no
[INFO] [1786990142.835745686] [a3_receive_input_gateway]: gateway calibrated=yes frame_age=1.6ms frames=151913 ball=40557 base_poses=151894 invalid=0 station_ok=no
[INFO] [1786990143.835932832] [a3_receive_input_gateway]: gateway calibrated=yes frame_age=1.6ms frames=152273 ball=40557 base_poses=152254 invalid=0 station_ok=no
[INFO] [1786990144.835774088] [a3_receive_input_gateway]: gateway calibrated=yes frame_age=1.2ms frames=152633 ball=40557 base_poses=152614 invalid=0 station_ok=no
[INFO] [1786990145.835786726] [a3_receive_input_gateway]: gateway calibrated=yes frame_age=1.7ms frames=152993 ball=40557 base_poses=152974 invalid=0 station_ok=no
[INFO] [1786990146.835786598] [a3_receive_input_gateway]: gateway calibrated=yes frame_age=1.5ms frames=153353 ball=40557 base_poses=153334 invalid=0 station_ok=no
[INFO] [1786990147.835760374] [a3_receive_input_gateway]: gateway calibrated=yes frame_age=1.8ms frames=153713 ball=40557 base_poses=153694 invalid=0 station_ok=no
[INFO] [1786990148.835752195] [a3_receive_input_gateway]: gateway calibrated=yes frame_age=1.8ms frames=154073 ball=40557 base_poses=154054 invalid=0 station_ok=no
[INFO] [1786990149.835728905] [a3_receive_input_gateway]: gateway calibrated=yes frame_age=1.4ms frames=154433 ball=40557 base_poses=154414 invalid=0 station_ok=no
[INFO] [1786990150.835768806] [a3_receive_input_gateway]: gateway calibrated=yes frame_age=1.8ms frames=154793 ball=40557 base_poses=154774 invalid=0 station_ok=no
[INFO] [1786990151.835731394] [a3_receive_input_gateway]: gateway calibrated=yes frame_age=1.8ms frames=155153 ball=40557 base_poses=155134 invalid=0 station_ok=no
[INFO] [1786990152.835736287] [a3_receive_input_gateway]: gateway calibrated=yes frame_age=1.8ms frames=155513 ball=40557 base_poses=155494 invalid=0 station_ok=no
[INFO] [1786990153.836079948] [a3_receive_input_gateway]: gateway calibrated=yes frame_age=0.2ms frames=155874 ball=40557 base_poses=155855 invalid=0 station_ok=no
[INFO] [1786990154.835720877] [a3_receive_input_gateway]: gateway calibrated=yes frame_age=1.8ms frames=156233 ball=40557 base_poses=156214 invalid=0 station_ok=no
[INFO] [1786990155.835764638] [a3_receive_input_gateway]: gateway calibrated=yes frame_age=1.8ms frames=156593 ball=40557 base_poses=156574 invalid=0 station_ok=no
[INFO] [1786990156.836044710] [a3_receive_input_gateway]: gateway calibrated=yes frame_age=0.2ms frames=156954 ball=40557 base_poses=156935 invalid=0 station_ok=no
[INFO] [1786990157.835963170] [a3_receive_input_gateway]: gateway calibrated=yes frame_age=0.2ms frames=157314 ball=40557 base_poses=157295 invalid=0 station_ok=no
[INFO] [1786990158.835944061] [a3_receive_input_gateway]: gateway calibrated=yes frame_age=0.1ms frames=157674 ball=40557 base_poses=157655 invalid=0 station_ok=no
[INFO] [1786990159.836253407] [a3_receive_input_gateway]: gateway calibrated=yes frame_age=0.3ms frames=158034 ball=40557 base_poses=158015 invalid=0 station_ok=no
[INFO] [1786990160.835779843] [a3_receive_input_gateway]: gateway calibrated=yes frame_age=1.8ms frames=158393 ball=40557 base_poses=158374 invalid=0 station_ok=no
[INFO] [1786990161.835791463] [a3_receive_input_gateway]: gateway calibrated=yes frame_age=1.9ms frames=158753 ball=40557 base_poses=158734 invalid=0 station_ok=no
[INFO] [1786990162.835755300] [a3_receive_input_gateway]: gateway calibrated=yes frame_age=1.7ms frames=159113 ball=40557 base_poses=159094 invalid=0 station_ok=no
[INFO] [1786990163.835782290] [a3_receive_input_gateway]: gateway calibrated=yes frame_age=1.9ms frames=159473 ball=40557 base_poses=159454 invalid=0 station_ok=no
[INFO] [1786990164.835786124] [a3_receive_input_gateway]: gateway calibrated=yes frame_age=2.0ms frames=159833 ball=40557 base_poses=159814 invalid=0 station_ok=no
[INFO] [1786990165.190052828] [a3_receive_input_gateway]: ball tracking: visible
[INFO] [1786990165.835777029] [a3_receive_input_gateway]: gateway calibrated=yes frame_age=1.9ms frames=160193 ball=40790 base_poses=160174 invalid=0 station_ok=no
[INFO] [1786990166.836028594] [a3_receive_input_gateway]: gateway calibrated=yes frame_age=2.0ms frames=160553 ball=41150 base_poses=160534 invalid=0 station_ok=no
[INFO] [1786990167.835802616] [a3_receive_input_gateway]: gateway calibrated=yes frame_age=1.9ms frames=160913 ball=41510 base_poses=160894 invalid=0 station_ok=no
[INFO] [1786990168.835799503] [a3_receive_input_gateway]: gateway calibrated=yes frame_age=2.0ms frames=161273 ball=41870 base_poses=161254 invalid=0 station_ok=no
[INFO] [1786990169.462022322] [a3_receive_input_gateway]: ball tracking: lost
[INFO] [1786990169.835785364] [a3_receive_input_gateway]: gateway calibrated=yes frame_age=1.7ms frames=161633 ball=42095 base_poses=161614 invalid=0 station_ok=no
[INFO] [1786990170.835784492] [a3_receive_input_gateway]: gateway calibrated=yes frame_age=1.8ms frames=161993 ball=42095 base_poses=161974 invalid=0 station_ok=no
[INFO] [1786990171.835779154] [a3_receive_input_gateway]: gateway calibrated=yes frame_age=2.0ms frames=162353 ball=42095 base_poses=162334 invalid=0 station_ok=no
[INFO] [1786990172.835854798] [a3_receive_input_gateway]: gateway calibrated=yes frame_age=2.0ms frames=162713 ball=42095 base_poses=162694 invalid=0 station_ok=no
[INFO] [1786990173.835793347] [a3_receive_input_gateway]: gateway calibrated=yes frame_age=2.0ms frames=163073 ball=42095 base_poses=163054 invalid=0 station_ok=no
[INFO] [1786990174.835911349] [a3_receive_input_gateway]: gateway calibrated=yes frame_age=1.9ms frames=163433 ball=42095 base_poses=163414 invalid=0 station_ok=no
[INFO] [1786990175.835942257] [a3_receive_input_gateway]: gateway calibrated=yes frame_age=0.9ms frames=163793 ball=42095 base_poses=163774 invalid=0 station_ok=no
[INFO] [1786990176.835781149] [a3_receive_input_gateway]: gateway calibrated=yes frame_age=2.0ms frames=164153 ball=42095 base_poses=164134 invalid=0 station_ok=no
[INFO] [1786990177.835925944] [a3_receive_input_gateway]: gateway calibrated=yes frame_age=1.8ms frames=164513 ball=42095 base_poses=164494 invalid=0 station_ok=no
[INFO] [1786990178.835954460] [a3_receive_input_gateway]: gateway calibrated=yes frame_age=0.2ms frames=164873 ball=42095 base_poses=164854 invalid=0 station_ok=no
[INFO] [1786990179.835750772] [a3_receive_input_gateway]: gateway calibrated=yes frame_age=2.0ms frames=165233 ball=42095 base_poses=165214 invalid=0 station_ok=no
[INFO] [1786990180.836456687] [a3_receive_input_gateway]: gateway calibrated=yes frame_age=0.3ms frames=165593 ball=42095 base_poses=165574 invalid=0 station_ok=no
[INFO] [1786990181.835945071] [a3_receive_input_gateway]: gateway calibrated=yes frame_age=0.2ms frames=165953 ball=42095 base_poses=165934 invalid=0 station_ok=no
[INFO] [1786990182.835753126] [a3_receive_input_gateway]: gateway calibrated=yes frame_age=1.9ms frames=166313 ball=42095 base_poses=166294 invalid=0 station_ok=no
[INFO] [1786990183.835976764] [a3_receive_input_gateway]: gateway calibrated=yes frame_age=0.2ms frames=166673 ball=42095 base_poses=166654 invalid=0 station_ok=no
[INFO] [1786990184.836067380] [a3_receive_input_gateway]: gateway calibrated=yes frame_age=0.4ms frames=167033 ball=42095 base_poses=167014 invalid=0 station_ok=no
[INFO] [1786990185.835981161] [a3_receive_input_gateway]: gateway calibrated=yes frame_age=0.2ms frames=167393 ball=42095 base_poses=167374 invalid=0 station_ok=no
[INFO] [1786990186.835911230] [a3_receive_input_gateway]: gateway calibrated=yes frame_age=0.2ms frames=167753 ball=42095 base_poses=167734 invalid=0 station_ok=no
[INFO] [1786990187.835909795] [a3_receive_input_gateway]: gateway calibrated=yes frame_age=0.2ms frames=168113 ball=42095 base_poses=168094 invalid=0 station_ok=no
[INFO] [1786990188.835898545] [a3_receive_input_gateway]: gateway calibrated=yes frame_age=0.2ms frames=168473 ball=42095 base_poses=168454 invalid=0 station_ok=no
[INFO] [1786990189.835982435] [a3_receive_input_gateway]: gateway calibrated=yes frame_age=0.2ms frames=168833 ball=42095 base_poses=168814 invalid=0 station_ok=no
[INFO] [1786990190.836359603] [a3_receive_input_gateway]: gateway calibrated=yes frame_age=0.2ms frames=169193 ball=42095 base_poses=169174 invalid=0 station_ok=no
[INFO] [1786990191.835883767] [a3_receive_input_gateway]: gateway calibrated=yes frame_age=0.2ms frames=169553 ball=42095 base_poses=169534 invalid=0 station_ok=no
[INFO] [1786990192.835917143] [a3_receive_input_gateway]: gateway calibrated=yes frame_age=0.2ms frames=169913 ball=42095 base_poses=169894 invalid=0 station_ok=no
[INFO] [1786990193.835919388] [a3_receive_input_gateway]: gateway calibrated=yes frame_age=0.2ms frames=170273 ball=42095 base_poses=170254 invalid=0 station_ok=no
[INFO] [1786990194.835854668] [a3_receive_input_gateway]: gateway calibrated=yes frame_age=0.2ms frames=170633 ball=42095 base_poses=170614 invalid=0 station_ok=no
[INFO] [1786990195.835844734] [a3_receive_input_gateway]: gateway calibrated=yes frame_age=0.2ms frames=170993 ball=42095 base_poses=170974 invalid=0 station_ok=no
[INFO] [1786990196.835858980] [a3_receive_input_gateway]: gateway calibrated=yes frame_age=0.1ms frames=171353 ball=42095 base_poses=171334 invalid=0 station_ok=no
[INFO] [1786990197.836072838] [a3_receive_input_gateway]: gateway calibrated=yes frame_age=0.4ms frames=171713 ball=42095 base_poses=171694 invalid=0 station_ok=no
[INFO] [1786990198.836361719] [a3_receive_input_gateway]: gateway calibrated=yes frame_age=0.4ms frames=172073 ball=42095 base_poses=172054 invalid=0 station_ok=no
[INFO] [1786990199.835944345] [a3_receive_input_gateway]: gateway calibrated=yes frame_age=0.2ms frames=172433 ball=42095 base_poses=172414 invalid=0 station_ok=no
[INFO] [1786990200.835824085] [a3_receive_input_gateway]: gateway calibrated=yes frame_age=0.2ms frames=172793 ball=42095 base_poses=172774 invalid=0 station_ok=no
[INFO] [1786990201.835751931] [a3_receive_input_gateway]: gateway calibrated=yes frame_age=0.1ms frames=173153 ball=42095 base_poses=173134 invalid=0 station_ok=no
[INFO] [1786990202.835817148] [a3_receive_input_gateway]: gateway calibrated=yes frame_age=0.1ms frames=173513 ball=42095 base_poses=173494 invalid=0 station_ok=no
[INFO] [1786990203.836480226] [a3_receive_input_gateway]: gateway calibrated=yes frame_age=0.4ms frames=173873 ball=42095 base_poses=173854 invalid=0 station_ok=no
[INFO] [1786990204.835992636] [a3_receive_input_gateway]: gateway calibrated=yes frame_age=0.3ms frames=174233 ball=42095 base_poses=174214 invalid=0 station_ok=no
[INFO] [1786990205.835708290] [a3_receive_input_gateway]: gateway calibrated=yes frame_age=0.2ms frames=174593 ball=42095 base_poses=174574 invalid=0 station_ok=no
[INFO] [1786990206.835877877] [a3_receive_input_gateway]: gateway calibrated=yes frame_age=0.1ms frames=174953 ball=42095 base_poses=174934 invalid=0 station_ok=no
[INFO] [1786990207.835813684] [a3_receive_input_gateway]: gateway calibrated=yes frame_age=0.2ms frames=175313 ball=42095 base_poses=175294 invalid=0 station_ok=no
[INFO] [1786990208.835720760] [a3_receive_input_gateway]: gateway calibrated=yes frame_age=0.2ms frames=175673 ball=42095 base_poses=175654 invalid=0 station_ok=no
[INFO] [1786990209.835781827] [a3_receive_input_gateway]: gateway calibrated=yes frame_age=0.2ms frames=176033 ball=42095 base_poses=176014 invalid=0 station_ok=no
[INFO] [1786990210.835740992] [a3_receive_input_gateway]: gateway calibrated=yes frame_age=0.2ms frames=176393 ball=42095 base_poses=176374 invalid=0 station_ok=no
[INFO] [1786990211.835908090] [a3_receive_input_gateway]: gateway calibrated=yes frame_age=0.2ms frames=176753 ball=42095 base_poses=176734 invalid=0 station_ok=no
[INFO] [1786990212.837958444] [a3_receive_input_gateway]: gateway calibrated=yes frame_age=5.4ms frames=177112 ball=42095 base_poses=177093 invalid=0 station_ok=no
[INFO] [1786990213.835809474] [a3_receive_input_gateway]: gateway calibrated=yes frame_age=0.2ms frames=177473 ball=42095 base_poses=177454 invalid=0 station_ok=no
[INFO] [1786990214.835777008] [a3_receive_input_gateway]: gateway calibrated=yes frame_age=0.2ms frames=177833 ball=42095 base_poses=177814 invalid=0 station_ok=no
[INFO] [1786990215.835915841] [a3_receive_input_gateway]: gateway calibrated=yes frame_age=0.3ms frames=178193 ball=42095 base_poses=178174 invalid=0 station_ok=no
[INFO] [1786990216.835804693] [a3_receive_input_gateway]: gateway calibrated=yes frame_age=0.2ms frames=178553 ball=42095 base_poses=178534 invalid=0 station_ok=no
[INFO] [1786990217.835714016] [a3_receive_input_gateway]: gateway calibrated=yes frame_age=0.1ms frames=178913 ball=42095 base_poses=178894 invalid=0 station_ok=no
[INFO] [1786990218.835691629] [a3_receive_input_gateway]: gateway calibrated=yes frame_age=0.2ms frames=179273 ball=42095 base_poses=179254 invalid=0 station_ok=no
[INFO] [1786990219.836897800] [a3_receive_input_gateway]: gateway calibrated=yes frame_age=0.7ms frames=179633 ball=42095 base_poses=179614 invalid=0 station_ok=no
[INFO] [1786990220.835736696] [a3_receive_input_gateway]: gateway calibrated=yes frame_age=0.1ms frames=179993 ball=42095 base_poses=179974 invalid=0 station_ok=no
[INFO] [1786990221.835811237] [a3_receive_input_gateway]: gateway calibrated=yes frame_age=0.2ms frames=180353 ball=42095 base_poses=180334 invalid=0 station_ok=no
[INFO] [1786990222.835740992] [a3_receive_input_gateway]: gateway calibrated=yes frame_age=0.3ms frames=180713 ball=42095 base_poses=180694 invalid=0 station_ok=no
[INFO] [1786990223.835753167] [a3_receive_input_gateway]: gateway calibrated=yes frame_age=0.1ms frames=181073 ball=42095 base_poses=181054 invalid=0 station_ok=no
[INFO] [1786990224.835832226] [a3_receive_input_gateway]: gateway calibrated=yes frame_age=0.2ms frames=181433 ball=42095 base_poses=181414 invalid=0 station_ok=no
[INFO] [1786990225.835790354] [a3_receive_input_gateway]: gateway calibrated=yes frame_age=0.3ms frames=181793 ball=42095 base_poses=181774 invalid=0 station_ok=no
[INFO] [1786990226.835731692] [a3_receive_input_gateway]: gateway calibrated=yes frame_age=0.2ms frames=182153 ball=42095 base_poses=182134 invalid=0 station_ok=no
[INFO] [1786990227.835845303] [a3_receive_input_gateway]: gateway calibrated=yes frame_age=0.2ms frames=182513 ball=42095 base_poses=182494 invalid=0 station_ok=no
[INFO] [1786990228.835772469] [a3_receive_input_gateway]: gateway calibrated=yes frame_age=0.3ms frames=182873 ball=42095 base_poses=182854 invalid=0 station_ok=no
[INFO] [1786990229.835846509] [a3_receive_input_gateway]: gateway calibrated=yes frame_age=0.2ms frames=183233 ball=42095 base_poses=183214 invalid=0 station_ok=no
[INFO] [1786990230.835742453] [a3_receive_input_gateway]: gateway calibrated=yes frame_age=0.3ms frames=183593 ball=42095 base_poses=183574 invalid=0 station_ok=no
[INFO] [1786990231.835829110] [a3_receive_input_gateway]: gateway calibrated=yes frame_age=0.2ms frames=183953 ball=42095 base_poses=183934 invalid=0 station_ok=no
[INFO] [1786990232.835807937] [a3_receive_input_gateway]: gateway calibrated=yes frame_age=1.9ms frames=184312 ball=42095 base_poses=184293 invalid=0 station_ok=no
[INFO] [1786990233.835716689] [a3_receive_input_gateway]: gateway calibrated=yes frame_age=0.1ms frames=184673 ball=42095 base_poses=184654 invalid=0 station_ok=no
[INFO] [1786990234.835790312] [a3_receive_input_gateway]: gateway calibrated=yes frame_age=2.2ms frames=185032 ball=42095 base_poses=185013 invalid=0 station_ok=no
[INFO] [1786990235.835789051] [a3_receive_input_gateway]: gateway calibrated=yes frame_age=2.2ms frames=185392 ball=42095 base_poses=185373 invalid=0 station_ok=no
[INFO] [1786990236.835746083] [a3_receive_input_gateway]: gateway calibrated=yes frame_age=2.1ms frames=185752 ball=42095 base_poses=185733 invalid=0 station_ok=no
[INFO] [1786990237.835791104] [a3_receive_input_gateway]: gateway calibrated=yes frame_age=2.2ms frames=186112 ball=42095 base_poses=186093 invalid=0 station_ok=no
[INFO] [1786990238.835807591] [a3_receive_input_gateway]: gateway calibrated=yes frame_age=2.3ms frames=186472 ball=42095 base_poses=186453 invalid=0 station_ok=no
[INFO] [1786990239.835800772] [a3_receive_input_gateway]: gateway calibrated=yes frame_age=2.3ms frames=186832 ball=42095 base_poses=186813 invalid=0 station_ok=no
[INFO] [1786990240.835809465] [a3_receive_input_gateway]: gateway calibrated=yes frame_age=2.2ms frames=187192 ball=42095 base_poses=187173 invalid=0 station_ok=no
[INFO] [1786990241.835800047] [a3_receive_input_gateway]: gateway calibrated=yes frame_age=2.3ms frames=187552 ball=42095 base_poses=187533 invalid=0 station_ok=no
[INFO] [1786990242.835974799] [a3_receive_input_gateway]: gateway calibrated=yes frame_age=1.8ms frames=187912 ball=42095 base_poses=187893 invalid=0 station_ok=no
[INFO] [1786990243.835793640] [a3_receive_input_gateway]: gateway calibrated=yes frame_age=2.2ms frames=188272 ball=42095 base_poses=188253 invalid=0 station_ok=no
[INFO] [1786990244.835767931] [a3_receive_input_gateway]: gateway calibrated=yes frame_age=2.0ms frames=188632 ball=42095 base_poses=188613 invalid=0 station_ok=no
[INFO] [1786990245.835790084] [a3_receive_input_gateway]: gateway calibrated=yes frame_age=2.4ms frames=188992 ball=42095 base_poses=188973 invalid=0 station_ok=no
[INFO] [1786990246.835816404] [a3_receive_input_gateway]: gateway calibrated=yes frame_age=2.4ms frames=189352 ball=42095 base_poses=189333 invalid=0 station_ok=no
[INFO] [1786990247.835797354] [a3_receive_input_gateway]: gateway calibrated=yes frame_age=2.2ms frames=189712 ball=42095 base_poses=189693 invalid=0 station_ok=no
[INFO] [1786990248.836021621] [a3_receive_input_gateway]: gateway calibrated=yes frame_age=2.0ms frames=190072 ball=42095 base_poses=190053 invalid=0 station_ok=no
[INFO] [1786990249.835787877] [a3_receive_input_gateway]: gateway calibrated=yes frame_age=2.2ms frames=190432 ball=42095 base_poses=190413 invalid=0 station_ok=no
[INFO] [1786990250.835768493] [a3_receive_input_gateway]: gateway calibrated=yes frame_age=2.2ms frames=190792 ball=42095 base_poses=190773 invalid=0 station_ok=no
[INFO] [1786990251.835755359] [a3_receive_input_gateway]: gateway calibrated=yes frame_age=0.3ms frames=191152 ball=42095 base_poses=191133 invalid=0 station_ok=no
[INFO] [1786990252.835752703] [a3_receive_input_gateway]: gateway calibrated=yes frame_age=0.4ms frames=191512 ball=42095 base_poses=191493 invalid=0 station_ok=no
[INFO] [1786990253.836080812] [a3_receive_input_gateway]: gateway calibrated=yes frame_age=0.3ms frames=191872 ball=42095 base_poses=191853 invalid=0 station_ok=no
[INFO] [1786990254.835790834] [a3_receive_input_gateway]: gateway calibrated=yes frame_age=0.2ms frames=192232 ball=42095 base_poses=192213 invalid=0 station_ok=no
[INFO] [1786990255.835804219] [a3_receive_input_gateway]: gateway calibrated=yes frame_age=0.2ms frames=192592 ball=42095 base_poses=192573 invalid=0 station_ok=no
[INFO] [1786990256.836329782] [a3_receive_input_gateway]: gateway calibrated=yes frame_age=0.4ms frames=192952 ball=42095 base_poses=192933 invalid=0 station_ok=no
[INFO] [1786990257.835752753] [a3_receive_input_gateway]: gateway calibrated=yes frame_age=0.4ms frames=193312 ball=42095 base_poses=193293 invalid=0 station_ok=no
[INFO] [1786990258.835857337] [a3_receive_input_gateway]: gateway calibrated=yes frame_age=0.4ms frames=193672 ball=42095 base_poses=193653 invalid=0 station_ok=no
[INFO] [1786990259.835817428] [a3_receive_input_gateway]: gateway calibrated=yes frame_age=0.4ms frames=194032 ball=42095 base_poses=194013 invalid=0 station_ok=no
[INFO] [1786990260.835749080] [a3_receive_input_gateway]: gateway calibrated=yes frame_age=0.4ms frames=194392 ball=42095 base_poses=194373 invalid=0 station_ok=no
[INFO] [1786990261.835750552] [a3_receive_input_gateway]: gateway calibrated=yes frame_age=0.4ms frames=194752 ball=42095 base_poses=194733 invalid=0 station_ok=no
[INFO] [1786990262.835747834] [a3_receive_input_gateway]: gateway calibrated=yes frame_age=0.4ms frames=195112 ball=42095 base_poses=195093 invalid=0 station_ok=no
[INFO] [1786990263.836107191] [a3_receive_input_gateway]: gateway calibrated=yes frame_age=920.5ms frames=195141 ball=42095 base_poses=195122 invalid=0 station_ok=no
[INFO] [1786990264.835932498] [a3_receive_input_gateway]: gateway calibrated=yes frame_age=1920.5ms frames=195141 ball=42095 base_poses=195122 invalid=0 station_ok=no
[INFO] [1786990265.835975660] [a3_receive_input_gateway]: gateway calibrated=yes frame_age=2920.5ms frames=195141 ball=42095 base_poses=195122 invalid=0 station_ok=no
[INFO] [1786990266.836288801] [a3_receive_input_gateway]: gateway calibrated=yes frame_age=3920.6ms frames=195141 ball=42095 base_poses=195122 invalid=0 station_ok=no
[INFO] [1786990267.835935778] [a3_receive_input_gateway]: gateway calibrated=yes frame_age=4920.5ms frames=195141 ball=42095 base_poses=195122 invalid=0 station_ok=no
[INFO] [1786990268.836144597] [a3_receive_input_gateway]: gateway calibrated=yes frame_age=5920.5ms frames=195141 ball=42095 base_poses=195122 invalid=0 station_ok=no
[INFO] [1786990269.836351336] [a3_receive_input_gateway]: gateway calibrated=yes frame_age=6920.6ms frames=195141 ball=42095 base_poses=195122 invalid=0 station_ok=no
[INFO] [1786990270.835936048] [a3_receive_input_gateway]: gateway calibrated=yes frame_age=7920.5ms frames=195141 ball=42095 base_poses=195122 invalid=0 station_ok=no
[INFO] [1786990271.835929712] [a3_receive_input_gateway]: gateway calibrated=yes frame_age=8920.5ms frames=195141 ball=42095 base_poses=195122 invalid=0 station_ok=no
[INFO] [1786990272.836020308] [a3_receive_input_gateway]: gateway calibrated=yes frame_age=9920.5ms frames=195141 ball=42095 base_poses=195122 invalid=0 station_ok=no
[INFO] [1786990273.836065169] [a3_receive_input_gateway]: gateway calibrated=yes frame_age=10920.5ms frames=195141 ball=42095 base_poses=195122 invalid=0 station_ok=no
[INFO] [1786990274.835916903] [a3_receive_input_gateway]: gateway calibrated=yes frame_age=11920.5ms frames=195141 ball=42095 base_poses=195122 invalid=0 station_ok=no
[INFO] [1786990275.835935754] [a3_receive_input_gateway]: gateway calibrated=yes frame_age=12920.5ms frames=195141 ball=42095 base_poses=195122 invalid=0 station_ok=no
[INFO] [1786990276.836039002] [a3_receive_input_gateway]: gateway calibrated=yes frame_age=13920.5ms frames=195141 ball=42095 base_poses=195122 invalid=0 station_ok=no
[INFO] [1786990277.836066469] [a3_receive_input_gateway]: gateway calibrated=yes frame_age=14920.5ms frames=195141 ball=42095 base_poses=195122 invalid=0 station_ok=no
[INFO] [1786990278.835930568] [a3_receive_input_gateway]: gateway calibrated=yes frame_age=15920.5ms frames=195141 ball=42095 base_poses=195122 invalid=0 station_ok=no
[INFO] [1786990279.836209166] [a3_receive_input_gateway]: gateway calibrated=yes frame_age=16920.6ms frames=195141 ball=42095 base_poses=195122 invalid=0 station_ok=no
[INFO] [1786990280.836145202] [a3_receive_input_gateway]: gateway calibrated=yes frame_age=17920.5ms frames=195141 ball=42095 base_poses=195122 invalid=0 station_ok=no
[INFO] [1786990281.836176801] [a3_receive_input_gateway]: gateway calibrated=yes frame_age=18920.5ms frames=195141 ball=42095 base_poses=195122 invalid=0 station_ok=no
[INFO] [1786990282.835938960] [a3_receive_input_gateway]: gateway calibrated=yes frame_age=19920.5ms frames=195141 ball=42095 base_poses=195122 invalid=0 station_ok=no
[INFO] [1786990283.836315015] [a3_receive_input_gateway]: gateway calibrated=yes frame_age=20920.8ms frames=195141 ball=42095 base_poses=195122 invalid=0 station_ok=no
[INFO] [1786990284.836123404] [a3_receive_input_gateway]: gateway calibrated=yes frame_age=21920.5ms frames=195141 ball=42095 base_poses=195122 invalid=0 station_ok=no
[INFO] [1786990285.835957289] [a3_receive_input_gateway]: gateway calibrated=yes frame_age=22920.5ms frames=195141 ball=42095 base_poses=195122 invalid=0 station_ok=no
[INFO] [1786990286.836089699] [a3_receive_input_gateway]: gateway calibrated=yes frame_age=23920.6ms frames=195141 ball=42095 base_poses=195122 invalid=0 station_ok=no
[INFO] [1786990287.836143398] [a3_receive_input_gateway]: gateway calibrated=yes frame_age=24920.5ms frames=195141 ball=42095 base_poses=195122 invalid=0 station_ok=no
[INFO] [1786990288.836154944] [a3_receive_input_gateway]: gateway calibrated=yes frame_age=25920.5ms frames=195141 ball=42095 base_poses=195122 invalid=0 station_ok=no
[INFO] [1786990289.836090025] [a3_receive_input_gateway]: gateway calibrated=yes frame_age=26920.5ms frames=195141 ball=42095 base_poses=195122 invalid=0 station_ok=no
[INFO] [1786990290.835952085] [a3_receive_input_gateway]: gateway calibrated=yes frame_age=27920.5ms frames=195141 ball=42095 base_poses=195122 invalid=0 station_ok=no
[INFO] [1786990291.835965346] [a3_receive_input_gateway]: gateway calibrated=yes frame_age=28920.5ms frames=195141 ball=42095 base_poses=195122 invalid=0 station_ok=no
[INFO] [1786990292.835984649] [a3_receive_input_gateway]: gateway calibrated=yes frame_age=29920.5ms frames=195141 ball=42095 base_poses=195122 invalid=0 station_ok=no
[INFO] [1786990293.836074362] [a3_receive_input_gateway]: gateway calibrated=yes frame_age=30920.5ms frames=195141 ball=42095 base_poses=195122 invalid=0 station_ok=no
[INFO] [1786990294.836144476] [a3_receive_input_gateway]: gateway calibrated=yes frame_age=31920.5ms frames=195141 ball=42095 base_poses=195122 invalid=0 station_ok=no
[INFO] [1786990295.835904183] [a3_receive_input_gateway]: gateway calibrated=yes frame_age=32920.5ms frames=195141 ball=42095 base_poses=195122 invalid=0 station_ok=no
[INFO] [1786990296.835903903] [a3_receive_input_gateway]: gateway calibrated=yes frame_age=33920.5ms frames=195141 ball=42095 base_poses=195122 invalid=0 station_ok=no
[INFO] [1786990297.836144676] [a3_receive_input_gateway]: gateway calibrated=yes frame_age=34920.5ms frames=195141 ball=42095 base_poses=195122 invalid=0 station_ok=no
[INFO] [1786990298.835941337] [a3_receive_input_gateway]: gateway calibrated=yes frame_age=35920.5ms frames=195141 ball=42095 base_poses=195122 invalid=0 station_ok=no
[INFO] [1786990299.835905731] [a3_receive_input_gateway]: gateway calibrated=yes frame_age=36920.5ms frames=195141 ball=42095 base_poses=195122 invalid=0 station_ok=no
[INFO] [1786990300.835910705] [a3_receive_input_gateway]: gateway calibrated=yes frame_age=37920.5ms frames=195141 ball=42095 base_poses=195122 invalid=0 station_ok=no
[INFO] [1786990301.835908471] [a3_receive_input_gateway]: gateway calibrated=yes frame_age=38920.5ms frames=195141 ball=42095 base_poses=195122 invalid=0 station_ok=no
[INFO] [1786990302.835955826] [a3_receive_input_gateway]: gateway calibrated=yes frame_age=39920.5ms frames=195141 ball=42095 base_poses=195122 invalid=0 station_ok=no
[INFO] [1786990303.835923223] [a3_receive_input_gateway]: gateway calibrated=yes frame_age=40920.5ms frames=195141 ball=42095 base_poses=195122 invalid=0 station_ok=no
[INFO] [1786990304.835910902] [a3_receive_input_gateway]: gateway calibrated=yes frame_age=41920.5ms frames=195141 ball=42095 base_poses=195122 invalid=0 station_ok=no
[INFO] [1786990305.836039566] [a3_receive_input_gateway]: gateway calibrated=yes frame_age=42920.6ms frames=195141 ball=42095 base_poses=195122 invalid=0 station_ok=no
[INFO] [1786990306.836228627] [a3_receive_input_gateway]: gateway calibrated=yes frame_age=43920.6ms frames=195141 ball=42095 base_poses=195122 invalid=0 station_ok=no
[INFO] [1786990307.836040919] [a3_receive_input_gateway]: gateway calibrated=yes frame_age=44920.5ms frames=195141 ball=42095 base_poses=195122 invalid=0 station_ok=no
[INFO] [1786990308.835949138] [a3_receive_input_gateway]: gateway calibrated=yes frame_age=45920.5ms frames=195141 ball=42095 base_poses=195122 invalid=0 station_ok=no
[INFO] [1786990309.836537852] [a3_receive_input_gateway]: gateway calibrated=yes frame_age=46921.1ms frames=195141 ball=42095 base_poses=195122 invalid=0 station_ok=no
[INFO] [1786990310.835921455] [a3_receive_input_gateway]: gateway calibrated=yes frame_age=47920.5ms frames=195141 ball=42095 base_poses=195122 invalid=0 station_ok=no
[INFO] [1786990311.836066250] [a3_receive_input_gateway]: gateway calibrated=yes frame_age=48920.5ms frames=195141 ball=42095 base_poses=195122 invalid=0 station_ok=no
[INFO] [1786990312.835928110] [a3_receive_input_gateway]: gateway calibrated=yes frame_age=49920.5ms frames=195141 ball=42095 base_poses=195122 invalid=0 station_ok=no
[INFO] [1786990313.836014326] [a3_receive_input_gateway]: gateway calibrated=yes frame_age=50920.5ms frames=195141 ball=42095 base_poses=195122 invalid=0 station_ok=no
[INFO] [1786990314.835940613] [a3_receive_input_gateway]: gateway calibrated=yes frame_age=51920.5ms frames=195141 ball=42095 base_poses=195122 invalid=0 station_ok=no
[INFO] [1786990315.836238006] [a3_receive_input_gateway]: gateway calibrated=yes frame_age=52920.6ms frames=195141 ball=42095 base_poses=195122 invalid=0 station_ok=no
[INFO] [1786990316.836024130] [a3_receive_input_gateway]: gateway calibrated=yes frame_age=53920.5ms frames=195141 ball=42095 base_poses=195122 invalid=0 station_ok=no
[INFO] [1786990317.835920305] [a3_receive_input_gateway]: gateway calibrated=yes frame_age=54920.5ms frames=195141 ball=42095 base_poses=195122 invalid=0 station_ok=no
[INFO] [1786990318.836050757] [a3_receive_input_gateway]: gateway calibrated=yes frame_age=55920.5ms frames=195141 ball=42095 base_poses=195122 invalid=0 station_ok=no
[INFO] [1786990319.835943564] [a3_receive_input_gateway]: gateway calibrated=yes frame_age=56920.5ms frames=195141 ball=42095 base_poses=195122 invalid=0 station_ok=no
[INFO] [1786990320.835949077] [a3_receive_input_gateway]: gateway calibrated=yes frame_age=57920.5ms frames=195141 ball=42095 base_poses=195122 invalid=0 station_ok=no
[INFO] [1786990321.836126571] [a3_receive_input_gateway]: gateway calibrated=yes frame_age=58920.5ms frames=195141 ball=42095 base_poses=195122 invalid=0 station_ok=no
[INFO] [1786990322.835910254] [a3_receive_input_gateway]: gateway calibrated=yes frame_age=59920.5ms frames=195141 ball=42095 base_poses=195122 invalid=0 station_ok=no
[INFO] [1786990323.835927624] [a3_receive_input_gateway]: gateway calibrated=yes frame_age=60920.5ms frames=195141 ball=42095 base_poses=195122 invalid=0 station_ok=no
[INFO] [1786990324.836178356] [a3_receive_input_gateway]: gateway calibrated=yes frame_age=61920.6ms frames=195141 ball=42095 base_poses=195122 invalid=0 station_ok=no
[INFO] [1786990325.835988066] [a3_receive_input_gateway]: gateway calibrated=yes frame_age=62920.5ms frames=195141 ball=42095 base_poses=195122 invalid=0 station_ok=no
[INFO] [1786990326.835916990] [a3_receive_input_gateway]: gateway calibrated=yes frame_age=63920.5ms frames=195141 ball=42095 base_poses=195122 invalid=0 station_ok=no
[INFO] [1786990327.835940614] [a3_receive_input_gateway]: gateway calibrated=yes frame_age=64920.5ms frames=195141 ball=42095 base_poses=195122 invalid=0 station_ok=no
[INFO] [1786990328.836182239] [a3_receive_input_gateway]: gateway calibrated=yes frame_age=65920.5ms frames=195141 ball=42095 base_poses=195122 invalid=0 station_ok=no
[INFO] [1786990329.836124878] [a3_receive_input_gateway]: gateway calibrated=yes frame_age=66920.6ms frames=195141 ball=42095 base_poses=195122 invalid=0 station_ok=no
[INFO] [1786990330.836259075] [a3_receive_input_gateway]: gateway calibrated=yes frame_age=67920.6ms frames=195141 ball=42095 base_poses=195122 invalid=0 station_ok=no
[INFO] [1786990331.835972001] [a3_receive_input_gateway]: gateway calibrated=yes frame_age=68920.5ms frames=195141 ball=42095 base_poses=195122 invalid=0 station_ok=no
[INFO] [1786990332.835932088] [a3_receive_input_gateway]: gateway calibrated=yes frame_age=69920.5ms frames=195141 ball=42095 base_poses=195122 invalid=0 station_ok=no
[INFO] [1786990333.836025323] [a3_receive_input_gateway]: gateway calibrated=yes frame_age=70920.5ms frames=195141 ball=42095 base_poses=195122 invalid=0 station_ok=no
[INFO] [1786990334.835951911] [a3_receive_input_gateway]: gateway calibrated=yes frame_age=71920.5ms frames=195141 ball=42095 base_poses=195122 invalid=0 station_ok=no
[INFO] [1786990335.836104878] [a3_receive_input_gateway]: gateway calibrated=yes frame_age=72920.5ms frames=195141 ball=42095 base_poses=195122 invalid=0 station_ok=no
[INFO] [1786990336.835931956] [a3_receive_input_gateway]: gateway calibrated=yes frame_age=73920.5ms frames=195141 ball=42095 base_poses=195122 invalid=0 station_ok=no
[INFO] [1786990337.836216134] [a3_receive_input_gateway]: gateway calibrated=yes frame_age=74920.5ms frames=195141 ball=42095 base_poses=195122 invalid=0 station_ok=no
[INFO] [1786990338.835958881] [a3_receive_input_gateway]: gateway calibrated=yes frame_age=75920.5ms frames=195141 ball=42095 base_poses=195122 invalid=0 station_ok=no
[INFO] [1786990339.836131287] [a3_receive_input_gateway]: gateway calibrated=yes frame_age=76920.5ms frames=195141 ball=42095 base_poses=195122 invalid=0 station_ok=no
[INFO] [1786990340.836054962] [a3_receive_input_gateway]: gateway calibrated=yes frame_age=77920.6ms frames=195141 ball=42095 base_poses=195122 invalid=0 station_ok=no
[INFO] [1786990341.836262047] [a3_receive_input_gateway]: gateway calibrated=yes frame_age=78920.6ms frames=195141 ball=42095 base_poses=195122 invalid=0 station_ok=no
[INFO] [1786990342.835943776] [a3_receive_input_gateway]: gateway calibrated=yes frame_age=79920.5ms frames=195141 ball=42095 base_poses=195122 invalid=0 station_ok=no
[INFO] [1786990343.836073980] [a3_receive_input_gateway]: gateway calibrated=yes frame_age=80920.5ms frames=195141 ball=42095 base_poses=195122 invalid=0 station_ok=no
[INFO] [1786990344.835926235] [a3_receive_input_gateway]: gateway calibrated=yes frame_age=81920.5ms frames=195141 ball=42095 base_poses=195122 invalid=0 station_ok=no
[INFO] [1786990345.835921704] [a3_receive_input_gateway]: gateway calibrated=yes frame_age=82920.5ms frames=195141 ball=42095 base_poses=195122 invalid=0 station_ok=no
[INFO] [1786990346.835904251] [a3_receive_input_gateway]: gateway calibrated=yes frame_age=83920.5ms frames=195141 ball=42095 base_poses=195122 invalid=0 station_ok=no
[INFO] [1786990347.835967586] [a3_receive_input_gateway]: gateway calibrated=yes frame_age=84920.5ms frames=195141 ball=42095 base_poses=195122 invalid=0 station_ok=no
[INFO] [1786990348.836106594] [a3_receive_input_gateway]: gateway calibrated=yes frame_age=85920.5ms frames=195141 ball=42095 base_poses=195122 invalid=0 station_ok=no
[INFO] [1786990349.836265867] [a3_receive_input_gateway]: gateway calibrated=yes frame_age=86920.6ms frames=195141 ball=42095 base_poses=195122 invalid=0 station_ok=no
[INFO] [1786990350.835897147] [a3_receive_input_gateway]: gateway calibrated=yes frame_age=87920.5ms frames=195141 ball=42095 base_poses=195122 invalid=0 station_ok=no
[INFO] [1786990351.836141353] [a3_receive_input_gateway]: gateway calibrated=yes frame_age=88920.5ms frames=195141 ball=42095 base_poses=195122 invalid=0 station_ok=no
[INFO] [1786990352.836012697] [a3_receive_input_gateway]: gateway calibrated=yes frame_age=89920.5ms frames=195141 ball=42095 base_poses=195122 invalid=0 station_ok=no
[INFO] [1786990353.836092715] [a3_receive_input_gateway]: gateway calibrated=yes frame_age=90920.5ms frames=195141 ball=42095 base_poses=195122 invalid=0 station_ok=no
[INFO] [1786990354.836142711] [a3_receive_input_gateway]: gateway calibrated=yes frame_age=91920.5ms frames=195141 ball=42095 base_poses=195122 invalid=0 station_ok=no
[INFO] [1786990355.836746606] [a3_receive_input_gateway]: gateway calibrated=yes frame_age=92920.9ms frames=195141 ball=42095 base_poses=195122 invalid=0 station_ok=no
[INFO] [1786990356.835985583] [a3_receive_input_gateway]: gateway calibrated=yes frame_age=93920.5ms frames=195141 ball=42095 base_poses=195122 invalid=0 station_ok=no
[INFO] [1786990357.836232647] [a3_receive_input_gateway]: gateway calibrated=yes frame_age=94920.6ms frames=195141 ball=42095 base_poses=195122 invalid=0 station_ok=no
[INFO] [1786990358.836234218] [a3_receive_input_gateway]: gateway calibrated=yes frame_age=95920.6ms frames=195141 ball=42095 base_poses=195122 invalid=0 station_ok=no
[INFO] [1786990359.836273033] [a3_receive_input_gateway]: gateway calibrated=yes frame_age=96920.6ms frames=195141 ball=42095 base_poses=195122 invalid=0 station_ok=no
[INFO] [1786990360.836226091] [a3_receive_input_gateway]: gateway calibrated=yes frame_age=97920.5ms frames=195141 ball=42095 base_poses=195122 invalid=0 station_ok=no
[INFO] [1786990361.835960592] [a3_receive_input_gateway]: gateway calibrated=yes frame_age=98920.5ms frames=195141 ball=42095 base_poses=195122 invalid=0 station_ok=no
[INFO] [1786990362.835961857] [a3_receive_input_gateway]: gateway calibrated=yes frame_age=99920.5ms frames=195141 ball=42095 base_poses=195122 invalid=0 station_ok=no
[INFO] [1786990363.835944886] [a3_receive_input_gateway]: gateway calibrated=yes frame_age=100920.5ms frames=195141 ball=42095 base_poses=195122 invalid=0 station_ok=no
[INFO] [1786990364.835899026] [a3_receive_input_gateway]: gateway calibrated=yes frame_age=101920.5ms frames=195141 ball=42095 base_poses=195122 invalid=0 station_ok=no
[INFO] [1786990365.836036433] [a3_receive_input_gateway]: gateway calibrated=yes frame_age=102920.6ms frames=195141 ball=42095 base_poses=195122 invalid=0 station_ok=no
[INFO] [1786990366.835969956] [a3_receive_input_gateway]: gateway calibrated=yes frame_age=103920.5ms frames=195141 ball=42095 base_poses=195122 invalid=0 station_ok=no
[INFO] [1786990367.835925709] [a3_receive_input_gateway]: gateway calibrated=yes frame_age=104920.5ms frames=195141 ball=42095 base_poses=195122 invalid=0 station_ok=no
[INFO] [1786990368.835943549] [a3_receive_input_gateway]: gateway calibrated=yes frame_age=105920.5ms frames=195141 ball=42095 base_poses=195122 invalid=0 station_ok=no
[INFO] [1786990369.835962587] [a3_receive_input_gateway]: gateway calibrated=yes frame_age=106920.5ms frames=195141 ball=42095 base_poses=195122 invalid=0 station_ok=no
[INFO] [1786990370.835908953] [a3_receive_input_gateway]: gateway calibrated=yes frame_age=107920.5ms frames=195141 ball=42095 base_poses=195122 invalid=0 station_ok=no
[INFO] [1786990371.835924574] [a3_receive_input_gateway]: gateway calibrated=yes frame_age=108920.5ms frames=195141 ball=42095 base_poses=195122 invalid=0 station_ok=no
[INFO] [1786990372.835933713] [a3_receive_input_gateway]: gateway calibrated=yes frame_age=109920.5ms frames=195141 ball=42095 base_poses=195122 invalid=0 station_ok=no
[INFO] [1786990373.835935435] [a3_receive_input_gateway]: gateway calibrated=yes frame_age=110920.5ms frames=195141 ball=42095 base_poses=195122 invalid=0 station_ok=no
[INFO] [1786990374.835907650] [a3_receive_input_gateway]: gateway calibrated=yes frame_age=111920.5ms frames=195141 ball=42095 base_poses=195122 invalid=0 station_ok=no
[INFO] [1786990375.835911196] [a3_receive_input_gateway]: gateway calibrated=yes frame_age=112920.5ms frames=195141 ball=42095 base_poses=195122 invalid=0 station_ok=no
[INFO] [1786990376.835954442] [a3_receive_input_gateway]: gateway calibrated=yes frame_age=113920.5ms frames=195141 ball=42095 base_poses=195122 invalid=0 station_ok=no
[INFO] [1786990377.835896845] [a3_receive_input_gateway]: gateway calibrated=yes frame_age=114920.5ms frames=195141 ball=42095 base_poses=195122 invalid=0 station_ok=no
[INFO] [1786990378.836182203] [a3_receive_input_gateway]: gateway calibrated=yes frame_age=115920.5ms frames=195141 ball=42095 base_poses=195122 invalid=0 station_ok=no
[INFO] [1786990379.836243194] [a3_receive_input_gateway]: gateway calibrated=yes frame_age=116920.6ms frames=195141 ball=42095 base_poses=195122 invalid=0 station_ok=no
[INFO] [1786990380.835930761] [a3_receive_input_gateway]: gateway calibrated=yes frame_age=117920.5ms frames=195141 ball=42095 base_poses=195122 invalid=0 station_ok=no
[INFO] [1786990381.835919178] [a3_receive_input_gateway]: gateway calibrated=yes frame_age=118920.5ms frames=195141 ball=42095 base_poses=195122 invalid=0 station_ok=no
[INFO] [1786990382.835950825] [a3_receive_input_gateway]: gateway calibrated=yes frame_age=119920.5ms frames=195141 ball=42095 base_poses=195122 invalid=0 station_ok=no
[INFO] [1786990383.835980009] [a3_receive_input_gateway]: gateway calibrated=yes frame_age=120920.5ms frames=195141 ball=42095 base_poses=195122 invalid=0 station_ok=no
[INFO] [1786990384.835926511] [a3_receive_input_gateway]: gateway calibrated=yes frame_age=121920.5ms frames=195141 ball=42095 base_poses=195122 invalid=0 station_ok=no
[INFO] [1786990385.836164873] [a3_receive_input_gateway]: gateway calibrated=yes frame_age=122920.5ms frames=195141 ball=42095 base_poses=195122 invalid=0 station_ok=no
[INFO] [1786990386.835916235] [a3_receive_input_gateway]: gateway calibrated=yes frame_age=123920.5ms frames=195141 ball=42095 base_poses=195122 invalid=0 station_ok=no
[INFO] [1786990387.835918232] [a3_receive_input_gateway]: gateway calibrated=yes frame_age=124920.5ms frames=195141 ball=42095 base_poses=195122 invalid=0 station_ok=no
[INFO] [1786990388.836917119] [a3_receive_input_gateway]: gateway calibrated=yes frame_age=125921.2ms frames=195141 ball=42095 base_poses=195122 invalid=0 station_ok=no
[INFO] [1786990389.835937798] [a3_receive_input_gateway]: gateway calibrated=yes frame_age=126920.5ms frames=195141 ball=42095 base_poses=195122 invalid=0 station_ok=no
[INFO] [1786990390.836203083] [a3_receive_input_gateway]: gateway calibrated=yes frame_age=127920.5ms frames=195141 ball=42095 base_poses=195122 invalid=0 station_ok=no
[INFO] [1786990391.836327656] [a3_receive_input_gateway]: gateway calibrated=yes frame_age=128920.5ms frames=195141 ball=42095 base_poses=195122 invalid=0 station_ok=no
[INFO] [1786990392.835997357] [a3_receive_input_gateway]: gateway calibrated=yes frame_age=129920.5ms frames=195141 ball=42095 base_poses=195122 invalid=0 station_ok=no
[INFO] [1786990393.835918456] [a3_receive_input_gateway]: gateway calibrated=yes frame_age=130920.5ms frames=195141 ball=42095 base_poses=195122 invalid=0 station_ok=no
[INFO] [1786990394.836174122] [a3_receive_input_gateway]: gateway calibrated=yes frame_age=131920.6ms frames=195141 ball=42095 base_poses=195122 invalid=0 station_ok=no
[INFO] [1786990395.836050091] [a3_receive_input_gateway]: gateway calibrated=yes frame_age=132920.5ms frames=195141 ball=42095 base_poses=195122 invalid=0 station_ok=no
[INFO] [1786990396.835982046] [a3_receive_input_gateway]: gateway calibrated=yes frame_age=133920.5ms frames=195141 ball=42095 base_poses=195122 invalid=0 station_ok=no
[INFO] [1786990397.835929077] [a3_receive_input_gateway]: gateway calibrated=yes frame_age=134920.5ms frames=195141 ball=42095 base_poses=195122 invalid=0 station_ok=no
[INFO] [1786990398.836159031] [a3_receive_input_gateway]: gateway calibrated=yes frame_age=135920.7ms frames=195141 ball=42095 base_poses=195122 invalid=0 station_ok=no
[INFO] [1786990399.835922938] [a3_receive_input_gateway]: gateway calibrated=yes frame_age=136920.5ms frames=195141 ball=42095 base_poses=195122 invalid=0 station_ok=no
[INFO] [1786990400.835964710] [a3_receive_input_gateway]: gateway calibrated=yes frame_age=137920.5ms frames=195141 ball=42095 base_poses=195122 invalid=0 station_ok=no
[INFO] [1786990401.835939885] [a3_receive_input_gateway]: gateway calibrated=yes frame_age=138920.5ms frames=195141 ball=42095 base_poses=195122 invalid=0 station_ok=no
[INFO] [1786990402.835919324] [a3_receive_input_gateway]: gateway calibrated=yes frame_age=139920.5ms frames=195141 ball=42095 base_poses=195122 invalid=0 station_ok=no
[INFO] [1786990403.835881644] [a3_receive_input_gateway]: gateway calibrated=yes frame_age=140920.5ms frames=195141 ball=42095 base_poses=195122 invalid=0 station_ok=no
[INFO] [1786990404.835960710] [a3_receive_input_gateway]: gateway calibrated=yes frame_age=141920.5ms frames=195141 ball=42095 base_poses=195122 invalid=0 station_ok=no
[INFO] [1786990405.836357623] [a3_receive_input_gateway]: gateway calibrated=yes frame_age=142920.7ms frames=195141 ball=42095 base_poses=195122 invalid=0 station_ok=no
[INFO] [1786990406.836367700] [a3_receive_input_gateway]: gateway calibrated=yes frame_age=143920.6ms frames=195141 ball=42095 base_poses=195122 invalid=0 station_ok=no
[INFO] [1786990407.836053074] [a3_receive_input_gateway]: gateway calibrated=yes frame_age=144920.6ms frames=195141 ball=42095 base_poses=195122 invalid=0 station_ok=no
[INFO] [1786990408.836149302] [a3_receive_input_gateway]: gateway calibrated=yes frame_age=145920.6ms frames=195141 ball=42095 base_poses=195122 invalid=0 station_ok=no
[INFO] [1786990409.836001930] [a3_receive_input_gateway]: gateway calibrated=yes frame_age=146920.6ms frames=195141 ball=42095 base_poses=195122 invalid=0 station_ok=no
[INFO] [1786990410.836330218] [a3_receive_input_gateway]: gateway calibrated=yes frame_age=147920.6ms frames=195141 ball=42095 base_poses=195122 invalid=0 station_ok=no
[INFO] [1786990411.836175332] [a3_receive_input_gateway]: gateway calibrated=yes frame_age=148920.5ms frames=195141 ball=42095 base_poses=195122 invalid=0 station_ok=no
[INFO] [1786990412.836379903] [a3_receive_input_gateway]: gateway calibrated=yes frame_age=149920.6ms frames=195141 ball=42095 base_poses=195122 invalid=0 station_ok=no
[INFO] [1786990413.836127397] [a3_receive_input_gateway]: gateway calibrated=yes frame_age=150920.5ms frames=195141 ball=42095 base_poses=195122 invalid=0 station_ok=no
[INFO] [1786990414.836146596] [a3_receive_input_gateway]: gateway calibrated=yes frame_age=151920.5ms frames=195141 ball=42095 base_poses=195122 invalid=0 station_ok=no
[INFO] [1786990415.836135613] [a3_receive_input_gateway]: gateway calibrated=yes frame_age=152920.5ms frames=195141 ball=42095 base_poses=195122 invalid=0 station_ok=no
[INFO] [1786990416.836110175] [a3_receive_input_gateway]: gateway calibrated=yes frame_age=153920.5ms frames=195141 ball=42095 base_poses=195122 invalid=0 station_ok=no
[INFO] [1786990417.836156297] [a3_receive_input_gateway]: gateway calibrated=yes frame_age=154920.5ms frames=195141 ball=42095 base_poses=195122 invalid=0 station_ok=no
[INFO] [1786990418.836133208] [a3_receive_input_gateway]: gateway calibrated=yes frame_age=155920.5ms frames=195141 ball=42095 base_poses=195122 invalid=0 station_ok=no
[INFO] [1786990419.836129431] [a3_receive_input_gateway]: gateway calibrated=yes frame_age=156920.5ms frames=195141 ball=42095 base_poses=195122 invalid=0 station_ok=no
[INFO] [1786990420.836179986] [a3_receive_input_gateway]: gateway calibrated=yes frame_age=157920.5ms frames=195141 ball=42095 base_poses=195122 invalid=0 station_ok=no
[INFO] [1786990421.836186207] [a3_receive_input_gateway]: gateway calibrated=yes frame_age=158920.6ms frames=195141 ball=42095 base_poses=195122 invalid=0 station_ok=no
[INFO] [1786990422.835908189] [a3_receive_input_gateway]: gateway calibrated=yes frame_age=159920.5ms frames=195141 ball=42095 base_poses=195122 invalid=0 station_ok=no
[INFO] [1786990423.836181514] [a3_receive_input_gateway]: gateway calibrated=yes frame_age=160920.6ms frames=195141 ball=42095 base_poses=195122 invalid=0 station_ok=no
[INFO] [1786990424.836137496] [a3_receive_input_gateway]: gateway calibrated=yes frame_age=161920.5ms frames=195141 ball=42095 base_poses=195122 invalid=0 station_ok=no
[INFO] [1786990425.836235893] [a3_receive_input_gateway]: gateway calibrated=yes frame_age=162920.6ms frames=195141 ball=42095 base_poses=195122 invalid=0 station_ok=no
[INFO] [1786990426.836151321] [a3_receive_input_gateway]: gateway calibrated=yes frame_age=163920.5ms frames=195141 ball=42095 base_poses=195122 invalid=0 station_ok=no
[INFO] [1786990427.836166644] [a3_receive_input_gateway]: gateway calibrated=yes frame_age=164920.6ms frames=195141 ball=42095 base_poses=195122 invalid=0 station_ok=no
[INFO] [1786990428.836138935] [a3_receive_input_gateway]: gateway calibrated=yes frame_age=165920.5ms frames=195141 ball=42095 base_poses=195122 invalid=0 station_ok=no
[INFO] [1786990429.836150662] [a3_receive_input_gateway]: gateway calibrated=yes frame_age=166920.5ms frames=195141 ball=42095 base_poses=195122 invalid=0 station_ok=no
[INFO] [1786990430.836214852] [a3_receive_input_gateway]: gateway calibrated=yes frame_age=167920.5ms frames=195141 ball=42095 base_poses=195122 invalid=0 station_ok=no
[INFO] [1786990431.836025602] [a3_receive_input_gateway]: gateway calibrated=yes frame_age=168920.5ms frames=195141 ball=42095 base_poses=195122 invalid=0 station_ok=no
[INFO] [1786990432.836234603] [a3_receive_input_gateway]: gateway calibrated=yes frame_age=169920.5ms frames=195141 ball=42095 base_poses=195122 invalid=0 station_ok=no
[INFO] [1786990433.836167904] [a3_receive_input_gateway]: gateway calibrated=yes frame_age=170920.5ms frames=195141 ball=42095 base_poses=195122 invalid=0 station_ok=no
[INFO] [1786990434.836163283] [a3_receive_input_gateway]: gateway calibrated=yes frame_age=171920.5ms frames=195141 ball=42095 base_poses=195122 invalid=0 station_ok=no
[INFO] [1786990435.836199681] [a3_receive_input_gateway]: gateway calibrated=yes frame_age=172920.6ms frames=195141 ball=42095 base_poses=195122 invalid=0 station_ok=no
[INFO] [1786990436.836182082] [a3_receive_input_gateway]: gateway calibrated=yes frame_age=173920.5ms frames=195141 ball=42095 base_poses=195122 invalid=0 station_ok=no
[INFO] [1786990437.836168521] [a3_receive_input_gateway]: gateway calibrated=yes frame_age=174920.6ms frames=195141 ball=42095 base_poses=195122 invalid=0 station_ok=no
[INFO] [1786990438.836271136] [a3_receive_input_gateway]: gateway calibrated=yes frame_age=175920.6ms frames=195141 ball=42095 base_poses=195122 invalid=0 station_ok=no
[INFO] [1786990439.836091476] [a3_receive_input_gateway]: gateway calibrated=yes frame_age=176920.5ms frames=195141 ball=42095 base_poses=195122 invalid=0 station_ok=no
[INFO] [1786990440.835937567] [a3_receive_input_gateway]: gateway calibrated=yes frame_age=177920.5ms frames=195141 ball=42095 base_poses=195122 invalid=0 station_ok=no
[INFO] [1786990441.836222771] [a3_receive_input_gateway]: gateway calibrated=yes frame_age=178920.6ms frames=195141 ball=42095 base_poses=195122 invalid=0 station_ok=no
[INFO] [1786990442.835911073] [a3_receive_input_gateway]: gateway calibrated=yes frame_age=179920.5ms frames=195141 ball=42095 base_poses=195122 invalid=0 station_ok=no
[INFO] [1786990443.836197920] [a3_receive_input_gateway]: gateway calibrated=yes frame_age=180920.6ms frames=195141 ball=42095 base_poses=195122 invalid=0 station_ok=no
[INFO] [1786990444.835953234] [a3_receive_input_gateway]: gateway calibrated=yes frame_age=181920.5ms frames=195141 ball=42095 base_poses=195122 invalid=0 station_ok=no
[INFO] [1786990445.836149235] [a3_receive_input_gateway]: gateway calibrated=yes frame_age=182920.5ms frames=195141 ball=42095 base_poses=195122 invalid=0 station_ok=no
[INFO] [1786990446.836016370] [a3_receive_input_gateway]: gateway calibrated=yes frame_age=183920.5ms frames=195141 ball=42095 base_poses=195122 invalid=0 station_ok=no
[INFO] [1786990447.835920226] [a3_receive_input_gateway]: gateway calibrated=yes frame_age=184920.5ms frames=195141 ball=42095 base_poses=195122 invalid=0 station_ok=no
[INFO] [1786990448.836146749] [a3_receive_input_gateway]: gateway calibrated=yes frame_age=185920.5ms frames=195141 ball=42095 base_poses=195122 invalid=0 station_ok=no
[INFO] [1786990449.835903464] [a3_receive_input_gateway]: gateway calibrated=yes frame_age=186920.5ms frames=195141 ball=42095 base_poses=195122 invalid=0 station_ok=no
[INFO] [1786990450.836136920] [a3_receive_input_gateway]: gateway calibrated=yes frame_age=187920.5ms frames=195141 ball=42095 base_poses=195122 invalid=0 station_ok=no
[INFO] [1786990451.836129002] [a3_receive_input_gateway]: gateway calibrated=yes frame_age=188920.5ms frames=195141 ball=42095 base_poses=195122 invalid=0 station_ok=no
[INFO] [1786990452.835952437] [a3_receive_input_gateway]: gateway calibrated=yes frame_age=189920.5ms frames=195141 ball=42095 base_poses=195122 invalid=0 station_ok=no
[INFO] [1786990453.835957449] [a3_receive_input_gateway]: gateway calibrated=yes frame_age=190920.5ms frames=195141 ball=42095 base_poses=195122 invalid=0 station_ok=no
[INFO] [1786990454.836201800] [a3_receive_input_gateway]: gateway calibrated=yes frame_age=191920.5ms frames=195141 ball=42095 base_poses=195122 invalid=0 station_ok=no
[INFO] [1786990455.835932948] [a3_receive_input_gateway]: gateway calibrated=yes frame_age=192920.5ms frames=195141 ball=42095 base_poses=195122 invalid=0 station_ok=no
[INFO] [1786990456.836090569] [a3_receive_input_gateway]: gateway calibrated=yes frame_age=193920.6ms frames=195141 ball=42095 base_poses=195122 invalid=0 station_ok=no
[INFO] [1786990457.836015205] [a3_receive_input_gateway]: gateway calibrated=yes frame_age=194920.5ms frames=195141 ball=42095 base_poses=195122 invalid=0 station_ok=no
[INFO] [1786990458.836275723] [a3_receive_input_gateway]: gateway calibrated=yes frame_age=195920.6ms frames=195141 ball=42095 base_poses=195122 invalid=0 station_ok=no
[INFO] [1786990459.836272677] [a3_receive_input_gateway]: gateway calibrated=yes frame_age=196920.5ms frames=195141 ball=42095 base_poses=195122 invalid=0 station_ok=no
[INFO] [1786990460.836233629] [a3_receive_input_gateway]: gateway calibrated=yes frame_age=197920.6ms frames=195141 ball=42095 base_poses=195122 invalid=0 station_ok=no
[INFO] [1786990461.836166952] [a3_receive_input_gateway]: gateway calibrated=yes frame_age=198920.5ms frames=195141 ball=42095 base_poses=195122 invalid=0 station_ok=no
[INFO] [1786990462.835912693] [a3_receive_input_gateway]: gateway calibrated=yes frame_age=199920.5ms frames=195141 ball=42095 base_poses=195122 invalid=0 station_ok=no
[INFO] [1786990463.836327500] [a3_receive_input_gateway]: gateway calibrated=yes frame_age=200920.5ms frames=195141 ball=42095 base_poses=195122 invalid=0 station_ok=no
[INFO] [1786990464.836110670] [a3_receive_input_gateway]: gateway calibrated=yes frame_age=201920.5ms frames=195141 ball=42095 base_poses=195122 invalid=0 station_ok=no
[INFO] [1786990465.836082375] [a3_receive_input_gateway]: gateway calibrated=yes frame_age=202920.5ms frames=195141 ball=42095 base_poses=195122 invalid=0 station_ok=no
[INFO] [1786990466.836191586] [a3_receive_input_gateway]: gateway calibrated=yes frame_age=203920.6ms frames=195141 ball=42095 base_poses=195122 invalid=0 station_ok=no
[INFO] [1786990467.836155282] [a3_receive_input_gateway]: gateway calibrated=yes frame_age=204920.5ms frames=195141 ball=42095 base_poses=195122 invalid=0 station_ok=no
[INFO] [1786990468.836141507] [a3_receive_input_gateway]: gateway calibrated=yes frame_age=205920.5ms frames=195141 ball=42095 base_poses=195122 invalid=0 station_ok=no
[INFO] [1786990469.836178702] [a3_receive_input_gateway]: gateway calibrated=yes frame_age=206920.5ms frames=195141 ball=42095 base_poses=195122 invalid=0 station_ok=no
[INFO] [1786990470.835908355] [a3_receive_input_gateway]: gateway calibrated=yes frame_age=207920.5ms frames=195141 ball=42095 base_poses=195122 invalid=0 station_ok=no
[INFO] [1786990471.836274150] [a3_receive_input_gateway]: gateway calibrated=yes frame_age=208920.6ms frames=195141 ball=42095 base_poses=195122 invalid=0 station_ok=no
[INFO] [1786990472.836160579] [a3_receive_input_gateway]: gateway calibrated=yes frame_age=209920.5ms frames=195141 ball=42095 base_poses=195122 invalid=0 station_ok=no
[INFO] [1786990473.836170680] [a3_receive_input_gateway]: gateway calibrated=yes frame_age=210920.6ms frames=195141 ball=42095 base_poses=195122 invalid=0 station_ok=no
[INFO] [1786990474.835963858] [a3_receive_input_gateway]: gateway calibrated=yes frame_age=211920.5ms frames=195141 ball=42095 base_poses=195122 invalid=0 station_ok=no
[INFO] [1786990475.836170176] [a3_receive_input_gateway]: gateway calibrated=yes frame_age=212920.5ms frames=195141 ball=42095 base_poses=195122 invalid=0 station_ok=no
[INFO] [1786990476.836065333] [a3_receive_input_gateway]: gateway calibrated=yes frame_age=213920.5ms frames=195141 ball=42095 base_poses=195122 invalid=0 station_ok=no
[INFO] [1786990477.836131432] [a3_receive_input_gateway]: gateway calibrated=yes frame_age=214920.5ms frames=195141 ball=42095 base_poses=195122 invalid=0 station_ok=no
[INFO] [1786990478.836274148] [a3_receive_input_gateway]: gateway calibrated=yes frame_age=215920.6ms frames=195141 ball=42095 base_poses=195122 invalid=0 station_ok=no
[INFO] [1786990479.836156459] [a3_receive_input_gateway]: gateway calibrated=yes frame_age=216920.5ms frames=195141 ball=42095 base_poses=195122 invalid=0 station_ok=no
[INFO] [1786990480.835975968] [a3_receive_input_gateway]: gateway calibrated=yes frame_age=217920.5ms frames=195141 ball=42095 base_poses=195122 invalid=0 station_ok=no
[INFO] [1786990481.836240606] [a3_receive_input_gateway]: gateway calibrated=yes frame_age=218920.6ms frames=195141 ball=42095 base_poses=195122 invalid=0 station_ok=no
[INFO] [1786990482.836185244] [a3_receive_input_gateway]: gateway calibrated=yes frame_age=219920.6ms frames=195141 ball=42095 base_poses=195122 invalid=0 station_ok=no
[INFO] [1786990483.836181518] [a3_receive_input_gateway]: gateway calibrated=yes frame_age=220920.6ms frames=195141 ball=42095 base_poses=195122 invalid=0 station_ok=no
[INFO] [1786990484.836197315] [a3_receive_input_gateway]: gateway calibrated=yes frame_age=221920.6ms frames=195141 ball=42095 base_poses=195122 invalid=0 station_ok=no
[INFO] [1786990485.836144927] [a3_receive_input_gateway]: gateway calibrated=yes frame_age=222920.5ms frames=195141 ball=42095 base_poses=195122 invalid=0 station_ok=no
[INFO] [1786990486.835912694] [a3_receive_input_gateway]: gateway calibrated=yes frame_age=223920.5ms frames=195141 ball=42095 base_poses=195122 invalid=0 station_ok=no
[INFO] [1786990487.836256993] [a3_receive_input_gateway]: gateway calibrated=yes frame_age=224920.6ms frames=195141 ball=42095 base_poses=195122 invalid=0 station_ok=no
[INFO] [1786990488.836326319] [a3_receive_input_gateway]: gateway calibrated=yes frame_age=225920.6ms frames=195141 ball=42095 base_poses=195122 invalid=0 station_ok=no
[INFO] [1786990489.836165082] [a3_receive_input_gateway]: gateway calibrated=yes frame_age=226920.6ms frames=195141 ball=42095 base_poses=195122 invalid=0 station_ok=no
[INFO] [1786990490.835936610] [a3_receive_input_gateway]: gateway calibrated=yes frame_age=227920.5ms frames=195141 ball=42095 base_poses=195122 invalid=0 station_ok=no
[INFO] [1786990491.836145591] [a3_receive_input_gateway]: gateway calibrated=yes frame_age=228920.5ms frames=195141 ball=42095 base_poses=195122 invalid=0 station_ok=no
[INFO] [1786990492.836040524] [a3_receive_input_gateway]: gateway calibrated=yes frame_age=229920.5ms frames=195141 ball=42095 base_poses=195122 invalid=0 station_ok=no
[INFO] [1786990493.836256898] [a3_receive_input_gateway]: gateway calibrated=yes frame_age=230920.6ms frames=195141 ball=42095 base_poses=195122 invalid=0 station_ok=no
[INFO] [1786990494.836115181] [a3_receive_input_gateway]: gateway calibrated=yes frame_age=231920.5ms frames=195141 ball=42095 base_poses=195122 invalid=0 station_ok=no
[INFO] [1786990495.835940905] [a3_receive_input_gateway]: gateway calibrated=yes frame_age=232920.5ms frames=195141 ball=42095 base_poses=195122 invalid=0 station_ok=no
[INFO] [1786990496.835990631] [a3_receive_input_gateway]: gateway calibrated=yes frame_age=233920.5ms frames=195141 ball=42095 base_poses=195122 invalid=0 station_ok=no
[INFO] [1786990497.835932224] [a3_receive_input_gateway]: gateway calibrated=yes frame_age=234920.5ms frames=195141 ball=42095 base_poses=195122 invalid=0 station_ok=no
[INFO] [1786990498.836490063] [a3_receive_input_gateway]: gateway calibrated=yes frame_age=235920.8ms frames=195141 ball=42095 base_poses=195122 invalid=0 station_ok=no
[INFO] [1786990499.836203291] [a3_receive_input_gateway]: gateway calibrated=yes frame_age=236920.6ms frames=195141 ball=42095 base_poses=195122 invalid=0 station_ok=no
[INFO] [1786990500.836187107] [a3_receive_input_gateway]: gateway calibrated=yes frame_age=237920.6ms frames=195141 ball=42095 base_poses=195122 invalid=0 station_ok=no
[INFO] [1786990501.836177122] [a3_receive_input_gateway]: gateway calibrated=yes frame_age=238920.5ms frames=195141 ball=42095 base_poses=195122 invalid=0 station_ok=no
[INFO] [1786990502.836173238] [a3_receive_input_gateway]: gateway calibrated=yes frame_age=239920.5ms frames=195141 ball=42095 base_poses=195122 invalid=0 station_ok=no
[INFO] [1786990503.836165810] [a3_receive_input_gateway]: gateway calibrated=yes frame_age=240920.5ms frames=195141 ball=42095 base_poses=195122 invalid=0 station_ok=no
[INFO] [1786990504.836170966] [a3_receive_input_gateway]: gateway calibrated=yes frame_age=241920.5ms frames=195141 ball=42095 base_poses=195122 invalid=0 station_ok=no
[INFO] [1786990505.836172136] [a3_receive_input_gateway]: gateway calibrated=yes frame_age=242920.5ms frames=195141 ball=42095 base_poses=195122 invalid=0 station_ok=no
[INFO] [1786990506.836188994] [a3_receive_input_gateway]: gateway calibrated=yes frame_age=243920.5ms frames=195141 ball=42095 base_poses=195122 invalid=0 station_ok=no
[INFO] [1786990507.836308759] [a3_receive_input_gateway]: gateway calibrated=yes frame_age=244920.7ms frames=195141 ball=42095 base_poses=195122 invalid=0 station_ok=no
[INFO] [1786990508.836342856] [a3_receive_input_gateway]: gateway calibrated=yes frame_age=245920.6ms frames=195141 ball=42095 base_poses=195122 invalid=0 station_ok=no
[INFO] [1786990509.836068790] [a3_receive_input_gateway]: gateway calibrated=yes frame_age=246920.5ms frames=195141 ball=42095 base_poses=195122 invalid=0 station_ok=no
[INFO] [1786990510.836305699] [a3_receive_input_gateway]: gateway calibrated=yes frame_age=247920.7ms frames=195141 ball=42095 base_poses=195122 invalid=0 station_ok=no
[INFO] [1786990511.836113100] [a3_receive_input_gateway]: gateway calibrated=yes frame_age=248920.5ms frames=195141 ball=42095 base_poses=195122 invalid=0 station_ok=no
[INFO] [1786990512.836159231] [a3_receive_input_gateway]: gateway calibrated=yes frame_age=249920.5ms frames=195141 ball=42095 base_poses=195122 invalid=0 station_ok=no
[INFO] [1786990513.836091901] [a3_receive_input_gateway]: gateway calibrated=yes frame_age=250920.5ms frames=195141 ball=42095 base_poses=195122 invalid=0 station_ok=no
[INFO] [1786990514.836246555] [a3_receive_input_gateway]: gateway calibrated=yes frame_age=251920.6ms frames=195141 ball=42095 base_poses=195122 invalid=0 station_ok=no
[INFO] [1786990515.836301723] [a3_receive_input_gateway]: gateway calibrated=yes frame_age=252920.7ms frames=195141 ball=42095 base_poses=195122 invalid=0 station_ok=no
[INFO] [1786990516.836172328] [a3_receive_input_gateway]: gateway calibrated=yes frame_age=253920.6ms frames=195141 ball=42095 base_poses=195122 invalid=0 station_ok=no
[INFO] [1786990517.836474012] [a3_receive_input_gateway]: gateway calibrated=yes frame_age=254920.9ms frames=195141 ball=42095 base_poses=195122 invalid=0 station_ok=no
[INFO] [1786990518.836056256] [a3_receive_input_gateway]: gateway calibrated=yes frame_age=255920.5ms frames=195141 ball=42095 base_poses=195122 invalid=0 station_ok=no
[INFO] [1786990519.836217282] [a3_receive_input_gateway]: gateway calibrated=yes frame_age=256920.6ms frames=195141 ball=42095 base_poses=195122 invalid=0 station_ok=no
[INFO] [1786990520.835923951] [a3_receive_input_gateway]: gateway calibrated=yes frame_age=257920.5ms frames=195141 ball=42095 base_poses=195122 invalid=0 station_ok=no
[INFO] [1786990521.835974701] [a3_receive_input_gateway]: gateway calibrated=yes frame_age=258920.5ms frames=195141 ball=42095 base_poses=195122 invalid=0 station_ok=no
[INFO] [1786990522.836229654] [a3_receive_input_gateway]: gateway calibrated=yes frame_age=259920.6ms frames=195141 ball=42095 base_poses=195122 invalid=0 station_ok=no
[INFO] [1786990523.836043898] [a3_receive_input_gateway]: gateway calibrated=yes frame_age=260920.5ms frames=195141 ball=42095 base_poses=195122 invalid=0 station_ok=no
[INFO] [1786990524.835995369] [a3_receive_input_gateway]: gateway calibrated=yes frame_age=261920.6ms frames=195141 ball=42095 base_poses=195122 invalid=0 station_ok=no
[INFO] [1786990525.836117646] [a3_receive_input_gateway]: gateway calibrated=yes frame_age=262920.5ms frames=195141 ball=42095 base_poses=195122 invalid=0 station_ok=no
[INFO] [1786990526.836086499] [a3_receive_input_gateway]: gateway calibrated=yes frame_age=263920.5ms frames=195141 ball=42095 base_poses=195122 invalid=0 station_ok=no
[INFO] [1786990527.836176949] [a3_receive_input_gateway]: gateway calibrated=yes frame_age=264920.6ms frames=195141 ball=42095 base_poses=195122 invalid=0 station_ok=no
[INFO] [1786990528.836125439] [a3_receive_input_gateway]: gateway calibrated=yes frame_age=265920.5ms frames=195141 ball=42095 base_poses=195122 invalid=0 station_ok=no
[INFO] [1786990529.836172874] [a3_receive_input_gateway]: gateway calibrated=yes frame_age=266920.5ms frames=195141 ball=42095 base_poses=195122 invalid=0 station_ok=no
[INFO] [1786990530.836157015] [a3_receive_input_gateway]: gateway calibrated=yes frame_age=267920.5ms frames=195141 ball=42095 base_poses=195122 invalid=0 station_ok=no
[INFO] [1786990531.836147914] [a3_receive_input_gateway]: gateway calibrated=yes frame_age=268920.5ms frames=195141 ball=42095 base_poses=195122 invalid=0 station_ok=no
[INFO] [1786990532.835914086] [a3_receive_input_gateway]: gateway calibrated=yes frame_age=269920.5ms frames=195141 ball=42095 base_poses=195122 invalid=0 station_ok=no
[INFO] [1786990533.836110072] [a3_receive_input_gateway]: gateway calibrated=yes frame_age=270920.5ms frames=195141 ball=42095 base_poses=195122 invalid=0 station_ok=no
[INFO] [1786990534.836186825] [a3_receive_input_gateway]: gateway calibrated=yes frame_age=271920.6ms frames=195141 ball=42095 base_poses=195122 invalid=0 station_ok=no
[INFO] [1786990535.835938881] [a3_receive_input_gateway]: gateway calibrated=yes frame_age=272920.5ms frames=195141 ball=42095 base_poses=195122 invalid=0 station_ok=no
[INFO] [1786990536.836158291] [a3_receive_input_gateway]: gateway calibrated=yes frame_age=273920.5ms frames=195141 ball=42095 base_poses=195122 invalid=0 station_ok=no
[INFO] [1786990537.836151563] [a3_receive_input_gateway]: gateway calibrated=yes frame_age=274920.5ms frames=195141 ball=42095 base_poses=195122 invalid=0 station_ok=no
[INFO] [1786990538.836170139] [a3_receive_input_gateway]: gateway calibrated=yes frame_age=275920.5ms frames=195141 ball=42095 base_poses=195122 invalid=0 station_ok=no
[INFO] [1786990539.836146948] [a3_receive_input_gateway]: gateway calibrated=yes frame_age=276920.5ms frames=195141 ball=42095 base_poses=195122 invalid=0 station_ok=no
[INFO] [1786990540.835923558] [a3_receive_input_gateway]: gateway calibrated=yes frame_age=277920.5ms frames=195141 ball=42095 base_poses=195122 invalid=0 station_ok=no
[INFO] [1786990541.836097972] [a3_receive_input_gateway]: gateway calibrated=yes frame_age=278920.5ms frames=195141 ball=42095 base_poses=195122 invalid=0 station_ok=no
[INFO] [1786990542.836147819] [a3_receive_input_gateway]: gateway calibrated=yes frame_age=279920.5ms frames=195141 ball=42095 base_poses=195122 invalid=0 station_ok=no
[INFO] [1786990543.835908349] [a3_receive_input_gateway]: gateway calibrated=yes frame_age=280920.5ms frames=195141 ball=42095 base_poses=195122 invalid=0 station_ok=no
[INFO] [1786990544.836037009] [a3_receive_input_gateway]: gateway calibrated=yes frame_age=281920.5ms frames=195141 ball=42095 base_poses=195122 invalid=0 station_ok=no
[INFO] [1786990545.835930531] [a3_receive_input_gateway]: gateway calibrated=yes frame_age=282920.5ms frames=195141 ball=42095 base_poses=195122 invalid=0 station_ok=no
[INFO] [1786990546.836022467] [a3_receive_input_gateway]: gateway calibrated=yes frame_age=283920.5ms frames=195141 ball=42095 base_poses=195122 invalid=0 station_ok=no
[INFO] [1786990547.836184480] [a3_receive_input_gateway]: gateway calibrated=yes frame_age=284920.6ms frames=195141 ball=42095 base_poses=195122 invalid=0 station_ok=no
[INFO] [1786990548.836125186] [a3_receive_input_gateway]: gateway calibrated=yes frame_age=285920.5ms frames=195141 ball=42095 base_poses=195122 invalid=0 station_ok=no
[INFO] [1786990549.836173270] [a3_receive_input_gateway]: gateway calibrated=yes frame_age=286920.5ms frames=195141 ball=42095 base_poses=195122 invalid=0 station_ok=no
[INFO] [1786990550.835904853] [a3_receive_input_gateway]: gateway calibrated=yes frame_age=287920.5ms frames=195141 ball=42095 base_poses=195122 invalid=0 station_ok=no
[INFO] [1786990551.836144570] [a3_receive_input_gateway]: gateway calibrated=yes frame_age=288920.5ms frames=195141 ball=42095 base_poses=195122 invalid=0 station_ok=no
[INFO] [1786990552.836025999] [a3_receive_input_gateway]: gateway calibrated=yes frame_age=289920.5ms frames=195141 ball=42095 base_poses=195122 invalid=0 station_ok=no
[INFO] [1786990553.836057458] [a3_receive_input_gateway]: gateway calibrated=yes frame_age=290920.5ms frames=195141 ball=42095 base_poses=195122 invalid=0 station_ok=no
[INFO] [1786990554.835978222] [a3_receive_input_gateway]: gateway calibrated=yes frame_age=291920.5ms frames=195141 ball=42095 base_poses=195122 invalid=0 station_ok=no
[INFO] [1786990555.836511004] [a3_receive_input_gateway]: gateway calibrated=yes frame_age=292920.9ms frames=195141 ball=42095 base_poses=195122 invalid=0 station_ok=no
[INFO] [1786990556.836213331] [a3_receive_input_gateway]: gateway calibrated=yes frame_age=293920.5ms frames=195141 ball=42095 base_poses=195122 invalid=0 station_ok=no
[INFO] [1786990557.836174916] [a3_receive_input_gateway]: gateway calibrated=yes frame_age=294920.5ms frames=195141 ball=42095 base_poses=195122 invalid=0 station_ok=no
[INFO] [1786990558.836302339] [a3_receive_input_gateway]: gateway calibrated=yes frame_age=295920.7ms frames=195141 ball=42095 base_poses=195122 invalid=0 station_ok=no
[INFO] [1786990559.836134976] [a3_receive_input_gateway]: gateway calibrated=yes frame_age=296920.5ms frames=195141 ball=42095 base_poses=195122 invalid=0 station_ok=no
[INFO] [1786990560.836135211] [a3_receive_input_gateway]: gateway calibrated=yes frame_age=297920.5ms frames=195141 ball=42095 base_poses=195122 invalid=0 station_ok=no
[INFO] [1786990561.836222335] [a3_receive_input_gateway]: gateway calibrated=yes frame_age=298920.6ms frames=195141 ball=42095 base_poses=195122 invalid=0 station_ok=no
[INFO] [1786990562.836202449] [a3_receive_input_gateway]: gateway calibrated=yes frame_age=299920.5ms frames=195141 ball=42095 base_poses=195122 invalid=0 station_ok=no
[INFO] [1786990563.836178201] [a3_receive_input_gateway]: gateway calibrated=yes frame_age=300920.6ms frames=195141 ball=42095 base_poses=195122 invalid=0 station_ok=no
[INFO] [1786990564.836202542] [a3_receive_input_gateway]: gateway calibrated=yes frame_age=301920.6ms frames=195141 ball=42095 base_poses=195122 invalid=0 station_ok=no
[INFO] [1786990565.835955283] [a3_receive_input_gateway]: gateway calibrated=yes frame_age=302920.5ms frames=195141 ball=42095 base_poses=195122 invalid=0 station_ok=no
[INFO] [1786990566.836082825] [a3_receive_input_gateway]: gateway calibrated=yes frame_age=303920.5ms frames=195141 ball=42095 base_poses=195122 invalid=0 station_ok=no
[INFO] [1786990567.836185871] [a3_receive_input_gateway]: gateway calibrated=yes frame_age=304920.5ms frames=195141 ball=42095 base_poses=195122 invalid=0 station_ok=no
[INFO] [1786990568.836295568] [a3_receive_input_gateway]: gateway calibrated=yes frame_age=305920.6ms frames=195141 ball=42095 base_poses=195122 invalid=0 station_ok=no
[INFO] [1786990569.836203657] [a3_receive_input_gateway]: gateway calibrated=yes frame_age=306920.5ms frames=195141 ball=42095 base_poses=195122 invalid=0 station_ok=no
[INFO] [1786990570.835937240] [a3_receive_input_gateway]: gateway calibrated=yes frame_age=307920.5ms frames=195141 ball=42095 base_poses=195122 invalid=0 station_ok=no
[INFO] [1786990571.836215308] [a3_receive_input_gateway]: gateway calibrated=yes frame_age=308920.6ms frames=195141 ball=42095 base_poses=195122 invalid=0 station_ok=no
[INFO] [1786990572.836175405] [a3_receive_input_gateway]: gateway calibrated=yes frame_age=309920.5ms frames=195141 ball=42095 base_poses=195122 invalid=0 station_ok=no
[INFO] [1786990573.836170739] [a3_receive_input_gateway]: gateway calibrated=yes frame_age=310920.6ms frames=195141 ball=42095 base_poses=195122 invalid=0 station_ok=no
[INFO] [1786990574.836169219] [a3_receive_input_gateway]: gateway calibrated=yes frame_age=311920.5ms frames=195141 ball=42095 base_poses=195122 invalid=0 station_ok=no
[INFO] [1786990575.836252809] [a3_receive_input_gateway]: gateway calibrated=yes frame_age=312920.6ms frames=195141 ball=42095 base_poses=195122 invalid=0 station_ok=no
[INFO] [1786990576.836179533] [a3_receive_input_gateway]: gateway calibrated=yes frame_age=313920.5ms frames=195141 ball=42095 base_poses=195122 invalid=0 station_ok=no
[INFO] [1786990577.836239018] [a3_receive_input_gateway]: gateway calibrated=yes frame_age=314920.6ms frames=195141 ball=42095 base_poses=195122 invalid=0 station_ok=no
[INFO] [1786990578.836167516] [a3_receive_input_gateway]: gateway calibrated=yes frame_age=315920.5ms frames=195141 ball=42095 base_poses=195122 invalid=0 station_ok=no
[INFO] [1786990579.836212545] [a3_receive_input_gateway]: gateway calibrated=yes frame_age=316920.6ms frames=195141 ball=42095 base_poses=195122 invalid=0 station_ok=no
[INFO] [1786990580.836158000] [a3_receive_input_gateway]: gateway calibrated=yes frame_age=317920.5ms frames=195141 ball=42095 base_poses=195122 invalid=0 station_ok=no
[INFO] [1786990581.836208437] [a3_receive_input_gateway]: gateway calibrated=yes frame_age=318920.6ms frames=195141 ball=42095 base_poses=195122 invalid=0 station_ok=no
[INFO] [1786990582.836161490] [a3_receive_input_gateway]: gateway calibrated=yes frame_age=319920.5ms frames=195141 ball=42095 base_poses=195122 invalid=0 station_ok=no
[INFO] [1786990583.835888953] [a3_receive_input_gateway]: gateway calibrated=yes frame_age=320920.5ms frames=195141 ball=42095 base_poses=195122 invalid=0 station_ok=no
[INFO] [1786990584.836124200] [a3_receive_input_gateway]: gateway calibrated=yes frame_age=321920.5ms frames=195141 ball=42095 base_poses=195122 invalid=0 station_ok=no
[INFO] [1786990585.836167598] [a3_receive_input_gateway]: gateway calibrated=yes frame_age=322920.5ms frames=195141 ball=42095 base_poses=195122 invalid=0 station_ok=no
[INFO] [1786990586.836213700] [a3_receive_input_gateway]: gateway calibrated=yes frame_age=323920.6ms frames=195141 ball=42095 base_poses=195122 invalid=0 station_ok=no
[INFO] [1786990587.836369916] [a3_receive_input_gateway]: gateway calibrated=yes frame_age=324920.7ms frames=195141 ball=42095 base_poses=195122 invalid=0 station_ok=no
[INFO] [1786990588.835990062] [a3_receive_input_gateway]: gateway calibrated=yes frame_age=325920.5ms frames=195141 ball=42095 base_poses=195122 invalid=0 station_ok=no
[INFO] [1786990589.836069827] [a3_receive_input_gateway]: gateway calibrated=yes frame_age=326920.5ms frames=195141 ball=42095 base_poses=195122 invalid=0 station_ok=no
[INFO] [1786990590.836095202] [a3_receive_input_gateway]: gateway calibrated=yes frame_age=327920.5ms frames=195141 ball=42095 base_poses=195122 invalid=0 station_ok=no
[INFO] [1786990591.836143013] [a3_receive_input_gateway]: gateway calibrated=yes frame_age=328920.5ms frames=195141 ball=42095 base_poses=195122 invalid=0 station_ok=no
[INFO] [1786990592.836149091] [a3_receive_input_gateway]: gateway calibrated=yes frame_age=329920.5ms frames=195141 ball=42095 base_poses=195122 invalid=0 station_ok=no
[INFO] [1786990593.835968118] [a3_receive_input_gateway]: gateway calibrated=yes frame_age=330920.5ms frames=195141 ball=42095 base_poses=195122 invalid=0 station_ok=no
[INFO] [1786990594.836056740] [a3_receive_input_gateway]: gateway calibrated=yes frame_age=331920.5ms frames=195141 ball=42095 base_poses=195122 invalid=0 station_ok=no
[INFO] [1786990595.836039328] [a3_receive_input_gateway]: gateway calibrated=yes frame_age=332920.5ms frames=195141 ball=42095 base_poses=195122 invalid=0 station_ok=no
[INFO] [1786990596.836145989] [a3_receive_input_gateway]: gateway calibrated=yes frame_age=333920.5ms frames=195141 ball=42095 base_poses=195122 invalid=0 station_ok=no
[INFO] [1786990597.836173588] [a3_receive_input_gateway]: gateway calibrated=yes frame_age=334920.5ms frames=195141 ball=42095 base_poses=195122 invalid=0 station_ok=no
[INFO] [1786990598.836263540] [a3_receive_input_gateway]: gateway calibrated=yes frame_age=335920.6ms frames=195141 ball=42095 base_poses=195122 invalid=0 station_ok=no
[INFO] [1786990599.836161312] [a3_receive_input_gateway]: gateway calibrated=yes frame_age=336920.5ms frames=195141 ball=42095 base_poses=195122 invalid=0 station_ok=no
[INFO] [1786990600.835907864] [a3_receive_input_gateway]: gateway calibrated=yes frame_age=337920.5ms frames=195141 ball=42095 base_poses=195122 invalid=0 station_ok=no
[INFO] [1786990601.835912069] [a3_receive_input_gateway]: gateway calibrated=yes frame_age=338920.5ms frames=195141 ball=42095 base_poses=195122 invalid=0 station_ok=no
[INFO] [1786990602.836180969] [a3_receive_input_gateway]: gateway calibrated=yes frame_age=339920.6ms frames=195141 ball=42095 base_poses=195122 invalid=0 station_ok=no
[INFO] [1786990603.835930674] [a3_receive_input_gateway]: gateway calibrated=yes frame_age=340920.5ms frames=195141 ball=42095 base_poses=195122 invalid=0 station_ok=no
[INFO] [1786990604.836215911] [a3_receive_input_gateway]: gateway calibrated=yes frame_age=341920.5ms frames=195141 ball=42095 base_poses=195122 invalid=0 station_ok=no
[INFO] [1786990605.836141543] [a3_receive_input_gateway]: gateway calibrated=yes frame_age=342920.5ms frames=195141 ball=42095 base_poses=195122 invalid=0 station_ok=no
[INFO] [1786990606.836285350] [a3_receive_input_gateway]: gateway calibrated=yes frame_age=343920.7ms frames=195141 ball=42095 base_poses=195122 invalid=0 station_ok=no
[INFO] [1786990607.836205320] [a3_receive_input_gateway]: gateway calibrated=yes frame_age=344920.6ms frames=195141 ball=42095 base_poses=195122 invalid=0 station_ok=no
[INFO] [1786990608.836172446] [a3_receive_input_gateway]: gateway calibrated=yes frame_age=345920.5ms frames=195141 ball=42095 base_poses=195122 invalid=0 station_ok=no
[INFO] [1786990609.835932922] [a3_receive_input_gateway]: gateway calibrated=yes frame_age=346920.5ms frames=195141 ball=42095 base_poses=195122 invalid=0 station_ok=no
[INFO] [1786990610.836115555] [a3_receive_input_gateway]: gateway calibrated=yes frame_age=347920.5ms frames=195141 ball=42095 base_poses=195122 invalid=0 station_ok=no
[INFO] [1786990611.835997057] [a3_receive_input_gateway]: gateway calibrated=yes frame_age=348920.5ms frames=195141 ball=42095 base_poses=195122 invalid=0 station_ok=no
[INFO] [1786990612.835970691] [a3_receive_input_gateway]: gateway calibrated=yes frame_age=349920.5ms frames=195141 ball=42095 base_poses=195122 invalid=0 station_ok=no
[INFO] [1786990613.836163024] [a3_receive_input_gateway]: gateway calibrated=yes frame_age=350920.6ms frames=195141 ball=42095 base_poses=195122 invalid=0 station_ok=no
[INFO] [1786990614.836168919] [a3_receive_input_gateway]: gateway calibrated=yes frame_age=351920.5ms frames=195141 ball=42095 base_poses=195122 invalid=0 station_ok=no
[INFO] [1786990615.835933420] [a3_receive_input_gateway]: gateway calibrated=yes frame_age=352920.5ms frames=195141 ball=42095 base_poses=195122 invalid=0 station_ok=no
[INFO] [1786990616.836377647] [a3_receive_input_gateway]: gateway calibrated=yes frame_age=353920.7ms frames=195141 ball=42095 base_poses=195122 invalid=0 station_ok=no
[INFO] [1786990617.836216221] [a3_receive_input_gateway]: gateway calibrated=yes frame_age=354920.6ms frames=195141 ball=42095 base_poses=195122 invalid=0 station_ok=no
[INFO] [1786990618.836401971] [a3_receive_input_gateway]: gateway calibrated=yes frame_age=355920.7ms frames=195141 ball=42095 base_poses=195122 invalid=0 station_ok=no
[INFO] [1786990619.836450970] [a3_receive_input_gateway]: gateway calibrated=yes frame_age=356920.6ms frames=195141 ball=42095 base_poses=195122 invalid=0 station_ok=no
[INFO] [1786992981.364389311] [a3_receive_input_gateway]: gateway calibrated=yes frame_age=359652.1ms frames=195141 ball=42095 base_poses=195122 invalid=0 station_ok=no
[INFO] [1786992981.836942250] [a3_receive_input_gateway]: gateway calibrated=yes frame_age=360124.9ms frames=195141 ball=42095 base_poses=195122 invalid=0 station_ok=no
[INFO] [1786992982.836589441] [a3_receive_input_gateway]: gateway calibrated=yes frame_age=361124.3ms frames=195141 ball=42095 base_poses=195122 invalid=0 station_ok=no
[INFO] [1786992983.835949973] [a3_receive_input_gateway]: gateway calibrated=yes frame_age=362123.9ms frames=195141 ball=42095 base_poses=195122 invalid=0 station_ok=no
[INFO] [1786992984.836955593] [a3_receive_input_gateway]: gateway calibrated=yes frame_age=363124.6ms frames=195141 ball=42095 base_poses=195122 invalid=0 station_ok=no
[INFO] [1786992985.836193425] [a3_receive_input_gateway]: gateway calibrated=yes frame_age=364124.0ms frames=195141 ball=42095 base_poses=195122 invalid=0 station_ok=no
[INFO] [1786992986.836479356] [a3_receive_input_gateway]: gateway calibrated=yes frame_age=365124.2ms frames=195141 ball=42095 base_poses=195122 invalid=0 station_ok=no
[INFO] [1786992987.836389760] [a3_receive_input_gateway]: gateway calibrated=yes frame_age=366124.1ms frames=195141 ball=42095 base_poses=195122 invalid=0 station_ok=no
[INFO] [1786992988.836280302] [a3_receive_input_gateway]: gateway calibrated=yes frame_age=367124.0ms frames=195141 ball=42095 base_poses=195122 invalid=0 station_ok=no
[INFO] [1786992989.836207781] [a3_receive_input_gateway]: gateway calibrated=yes frame_age=368124.0ms frames=195141 ball=42095 base_poses=195122 invalid=0 station_ok=no
[INFO] [1786992990.836194634] [a3_receive_input_gateway]: gateway calibrated=yes frame_age=369124.0ms frames=195141 ball=42095 base_poses=195122 invalid=0 station_ok=no
[INFO] [1786992991.836475124] [a3_receive_input_gateway]: gateway calibrated=yes frame_age=370124.2ms frames=195141 ball=42095 base_poses=195122 invalid=0 station_ok=no
[INFO] [1786992992.836163585] [a3_receive_input_gateway]: gateway calibrated=yes frame_age=371124.0ms frames=195141 ball=42095 base_poses=195122 invalid=0 station_ok=no
[INFO] [1786992993.836215777] [a3_receive_input_gateway]: gateway calibrated=yes frame_age=372124.0ms frames=195141 ball=42095 base_poses=195122 invalid=0 station_ok=no
[INFO] [1786992994.836148592] [a3_receive_input_gateway]: gateway calibrated=yes frame_age=373124.0ms frames=195141 ball=42095 base_poses=195122 invalid=0 station_ok=no
[INFO] [1786992995.836134539] [a3_receive_input_gateway]: gateway calibrated=yes frame_age=374124.1ms frames=195141 ball=42095 base_poses=195122 invalid=0 station_ok=no
[INFO] [1786992996.836171357] [a3_receive_input_gateway]: gateway calibrated=yes frame_age=375124.0ms frames=195141 ball=42095 base_poses=195122 invalid=0 station_ok=no
[INFO] [1786992997.836065729] [a3_receive_input_gateway]: gateway calibrated=yes frame_age=376124.1ms frames=195141 ball=42095 base_poses=195122 invalid=0 station_ok=no
[INFO] [1786992998.836147430] [a3_receive_input_gateway]: gateway calibrated=yes frame_age=377124.0ms frames=195141 ball=42095 base_poses=195122 invalid=0 station_ok=no
[INFO] [1786992999.836017663] [a3_receive_input_gateway]: gateway calibrated=yes frame_age=378124.0ms frames=195141 ball=42095 base_poses=195122 invalid=0 station_ok=no
[INFO] [1786993000.836341841] [a3_receive_input_gateway]: gateway calibrated=yes frame_age=379124.1ms frames=195141 ball=42095 base_poses=195122 invalid=0 station_ok=no
[INFO] [1786993001.836042048] [a3_receive_input_gateway]: gateway calibrated=yes frame_age=380124.0ms frames=195141 ball=42095 base_poses=195122 invalid=0 station_ok=no
[INFO] [1786993002.836142948] [a3_receive_input_gateway]: gateway calibrated=yes frame_age=381124.0ms frames=195141 ball=42095 base_poses=195122 invalid=0 station_ok=no
[INFO] [1786993003.836031461] [a3_receive_input_gateway]: gateway calibrated=yes frame_age=382124.0ms frames=195141 ball=42095 base_poses=195122 invalid=0 station_ok=no
[INFO] [1786993004.835921463] [a3_receive_input_gateway]: gateway calibrated=yes frame_age=383123.9ms frames=195141 ball=42095 base_poses=195122 invalid=0 station_ok=no
[INFO] [1786993005.836036833] [a3_receive_input_gateway]: gateway calibrated=yes frame_age=384124.0ms frames=195141 ball=42095 base_poses=195122 invalid=0 station_ok=no
[INFO] [1786993006.835959991] [a3_receive_input_gateway]: gateway calibrated=yes frame_age=385124.0ms frames=195141 ball=42095 base_poses=195122 invalid=0 station_ok=no
[INFO] [1786993007.836082776] [a3_receive_input_gateway]: gateway calibrated=yes frame_age=386124.0ms frames=195141 ball=42095 base_poses=195122 invalid=0 station_ok=no
[INFO] [1786993008.836278059] [a3_receive_input_gateway]: gateway calibrated=yes frame_age=387124.1ms frames=195141 ball=42095 base_poses=195122 invalid=0 station_ok=no
[INFO] [1786993009.836939472] [a3_receive_input_gateway]: gateway calibrated=yes frame_age=388124.9ms frames=195141 ball=42095 base_poses=195122 invalid=0 station_ok=no
[INFO] [1786996115.357710512] [a3_receive_input_gateway]: gateway calibrated=yes frame_age=390455.1ms frames=195141 ball=42095 base_poses=195122 invalid=0 station_ok=no
[INFO] [1786996115.837150982] [a3_receive_input_gateway]: gateway calibrated=yes frame_age=390934.6ms frames=195141 ball=42095 base_poses=195122 invalid=0 station_ok=no
[INFO] [1786996116.836080263] [a3_receive_input_gateway]: gateway calibrated=yes frame_age=391933.5ms frames=195141 ball=42095 base_poses=195122 invalid=0 station_ok=no
[INFO] [1786996117.836190538] [a3_receive_input_gateway]: gateway calibrated=yes frame_age=392933.6ms frames=195141 ball=42095 base_poses=195122 invalid=0 station_ok=no
[INFO] [1786996118.835930395] [a3_receive_input_gateway]: gateway calibrated=yes frame_age=393933.5ms frames=195141 ball=42095 base_poses=195122 invalid=0 station_ok=no
[INFO] [1786996119.836165840] [a3_receive_input_gateway]: gateway calibrated=yes frame_age=394933.5ms frames=195141 ball=42095 base_poses=195122 invalid=0 station_ok=no
[INFO] [1786996120.836209258] [a3_receive_input_gateway]: gateway calibrated=yes frame_age=395933.5ms frames=195141 ball=42095 base_poses=195122 invalid=0 station_ok=no
[INFO] [1786996121.836224061] [a3_receive_input_gateway]: gateway calibrated=yes frame_age=396933.6ms frames=195141 ball=42095 base_poses=195122 invalid=0 station_ok=no
[INFO] [1786996122.836174590] [a3_receive_input_gateway]: gateway calibrated=yes frame_age=397933.5ms frames=195141 ball=42095 base_poses=195122 invalid=0 station_ok=no
[INFO] [1786996123.836199103] [a3_receive_input_gateway]: gateway calibrated=yes frame_age=398933.5ms frames=195141 ball=42095 base_poses=195122 invalid=0 station_ok=no
[INFO] [1786996124.836163176] [a3_receive_input_gateway]: gateway calibrated=yes frame_age=399933.5ms frames=195141 ball=42095 base_poses=195122 invalid=0 station_ok=no
[INFO] [1786996125.836181023] [a3_receive_input_gateway]: gateway calibrated=yes frame_age=400933.5ms frames=195141 ball=42095 base_poses=195122 invalid=0 station_ok=no
[INFO] [1786996126.836182222] [a3_receive_input_gateway]: gateway calibrated=yes frame_age=401933.5ms frames=195141 ball=42095 base_poses=195122 invalid=0 station_ok=no
[INFO] [1786996127.836154112] [a3_receive_input_gateway]: gateway calibrated=yes frame_age=402933.5ms frames=195141 ball=42095 base_poses=195122 invalid=0 station_ok=no
[INFO] [1786996128.836186026] [a3_receive_input_gateway]: gateway calibrated=yes frame_age=403933.5ms frames=195141 ball=42095 base_poses=195122 invalid=0 station_ok=no
[INFO] [1786996129.836178276] [a3_receive_input_gateway]: gateway calibrated=yes frame_age=404933.5ms frames=195141 ball=42095 base_poses=195122 invalid=0 station_ok=no
[INFO] [1786996130.836229891] [a3_receive_input_gateway]: gateway calibrated=yes frame_age=405933.6ms frames=195141 ball=42095 base_poses=195122 invalid=0 station_ok=no
[INFO] [1786996131.836159742] [a3_receive_input_gateway]: gateway calibrated=yes frame_age=406933.5ms frames=195141 ball=42095 base_poses=195122 invalid=0 station_ok=no
[INFO] [1786996132.836161826] [a3_receive_input_gateway]: gateway calibrated=yes frame_age=407933.5ms frames=195141 ball=42095 base_poses=195122 invalid=0 station_ok=no
[INFO] [1786996133.836156082] [a3_receive_input_gateway]: gateway calibrated=yes frame_age=408933.5ms frames=195141 ball=42095 base_poses=195122 invalid=0 station_ok=no
[INFO] [1786996134.836119912] [a3_receive_input_gateway]: gateway calibrated=yes frame_age=409933.5ms frames=195141 ball=42095 base_poses=195122 invalid=0 station_ok=no
[INFO] [1786996135.836239005] [a3_receive_input_gateway]: gateway calibrated=yes frame_age=410933.5ms frames=195141 ball=42095 base_poses=195122 invalid=0 station_ok=no
[INFO] [1786996136.836147890] [a3_receive_input_gateway]: gateway calibrated=yes frame_age=411933.5ms frames=195141 ball=42095 base_poses=195122 invalid=0 station_ok=no
[INFO] [1786996137.836170156] [a3_receive_input_gateway]: gateway calibrated=yes frame_age=412933.5ms frames=195141 ball=42095 base_poses=195122 invalid=0 station_ok=no
[INFO] [1786996138.836171100] [a3_receive_input_gateway]: gateway calibrated=yes frame_age=413933.5ms frames=195141 ball=42095 base_poses=195122 invalid=0 station_ok=no
[INFO] [1786996139.836353406] [a3_receive_input_gateway]: gateway calibrated=yes frame_age=414933.5ms frames=195141 ball=42095 base_poses=195122 invalid=0 station_ok=no
[INFO] [1786996140.836094330] [a3_receive_input_gateway]: gateway calibrated=yes frame_age=415933.5ms frames=195141 ball=42095 base_poses=195122 invalid=0 station_ok=no
[INFO] [1786996141.836047854] [a3_receive_input_gateway]: gateway calibrated=yes frame_age=416933.5ms frames=195141 ball=42095 base_poses=195122 invalid=0 station_ok=no
[INFO] [1786996142.836157179] [a3_receive_input_gateway]: gateway calibrated=yes frame_age=417933.5ms frames=195141 ball=42095 base_poses=195122 invalid=0 station_ok=no
[INFO] [1786996143.837845340] [a3_receive_input_gateway]: gateway calibrated=yes frame_age=418935.0ms frames=195141 ball=42095 base_poses=195122 invalid=0 station_ok=no
[INFO] [1787003315.366684773] [a3_receive_input_gateway]: gateway calibrated=yes frame_age=420913.6ms frames=195141 ball=42095 base_poses=195122 invalid=0 station_ok=no
[INFO] [1787003315.836581359] [a3_receive_input_gateway]: gateway calibrated=yes frame_age=421383.3ms frames=195141 ball=42095 base_poses=195122 invalid=0 station_ok=no
[INFO] [1787003316.836497820] [a3_receive_input_gateway]: gateway calibrated=yes frame_age=422383.3ms frames=195141 ball=42095 base_poses=195122 invalid=0 station_ok=no
[INFO] [1787003317.835927062] [a3_receive_input_gateway]: gateway calibrated=yes frame_age=423383.2ms frames=195141 ball=42095 base_poses=195122 invalid=0 station_ok=no
[INFO] [1787003318.835930880] [a3_receive_input_gateway]: gateway calibrated=yes frame_age=424383.2ms frames=195141 ball=42095 base_poses=195122 invalid=0 station_ok=no
[INFO] [1787003319.836140499] [a3_receive_input_gateway]: gateway calibrated=yes frame_age=425383.2ms frames=195141 ball=42095 base_poses=195122 invalid=0 station_ok=no
[INFO] [1787003320.838367024] [a3_receive_input_gateway]: gateway calibrated=yes frame_age=426385.3ms frames=195141 ball=42095 base_poses=195122 invalid=0 station_ok=no
[INFO] [1787003321.836113840] [a3_receive_input_gateway]: gateway calibrated=yes frame_age=427383.2ms frames=195141 ball=42095 base_poses=195122 invalid=0 station_ok=no
[INFO] [1787003322.837206936] [a3_receive_input_gateway]: gateway calibrated=yes frame_age=428384.0ms frames=195141 ball=42095 base_poses=195122 invalid=0 station_ok=no
[INFO] [1787003323.836444029] [a3_receive_input_gateway]: gateway calibrated=yes frame_age=429383.3ms frames=195141 ball=42095 base_poses=195122 invalid=0 station_ok=no
[INFO] [1787003324.836475501] [a3_receive_input_gateway]: gateway calibrated=yes frame_age=430383.3ms frames=195141 ball=42095 base_poses=195122 invalid=0 station_ok=no
[INFO] [1787003325.836126292] [a3_receive_input_gateway]: gateway calibrated=yes frame_age=431383.2ms frames=195141 ball=42095 base_poses=195122 invalid=0 station_ok=no
[INFO] [1787003326.836145414] [a3_receive_input_gateway]: gateway calibrated=yes frame_age=432383.2ms frames=195141 ball=42095 base_poses=195122 invalid=0 station_ok=no
[INFO] [1787003327.836167299] [a3_receive_input_gateway]: gateway calibrated=yes frame_age=433383.2ms frames=195141 ball=42095 base_poses=195122 invalid=0 station_ok=no
[INFO] [1787003328.835940485] [a3_receive_input_gateway]: gateway calibrated=yes frame_age=434383.2ms frames=195141 ball=42095 base_poses=195122 invalid=0 station_ok=no
[INFO] [1787003329.836186403] [a3_receive_input_gateway]: gateway calibrated=yes frame_age=435383.2ms frames=195141 ball=42095 base_poses=195122 invalid=0 station_ok=no
[INFO] [1787003330.836847415] [a3_receive_input_gateway]: gateway calibrated=yes frame_age=436383.9ms frames=195141 ball=42095 base_poses=195122 invalid=0 station_ok=no
[INFO] [1787003331.836263786] [a3_receive_input_gateway]: gateway calibrated=yes frame_age=437383.3ms frames=195141 ball=42095 base_poses=195122 invalid=0 station_ok=no
[INFO] [1787003332.836173168] [a3_receive_input_gateway]: gateway calibrated=yes frame_age=438383.2ms frames=195141 ball=42095 base_poses=195122 invalid=0 station_ok=no
[INFO] [1787003333.836000579] [a3_receive_input_gateway]: gateway calibrated=yes frame_age=439383.2ms frames=195141 ball=42095 base_poses=195122 invalid=0 station_ok=no
[INFO] [1787003334.836162171] [a3_receive_input_gateway]: gateway calibrated=yes frame_age=440383.2ms frames=195141 ball=42095 base_poses=195122 invalid=0 station_ok=no
[INFO] [1787003335.835953031] [a3_receive_input_gateway]: gateway calibrated=yes frame_age=441383.2ms frames=195141 ball=42095 base_poses=195122 invalid=0 station_ok=no
[INFO] [1787003336.836528094] [a3_receive_input_gateway]: gateway calibrated=yes frame_age=442383.8ms frames=195141 ball=42095 base_poses=195122 invalid=0 station_ok=no
[INFO] [1787003337.837065741] [a3_receive_input_gateway]: gateway calibrated=yes frame_age=443384.2ms frames=195141 ball=42095 base_poses=195122 invalid=0 station_ok=no
[INFO] [1787003338.836623407] [a3_receive_input_gateway]: gateway calibrated=yes frame_age=444383.8ms frames=195141 ball=42095 base_poses=195122 invalid=0 station_ok=no
[INFO] [1787003339.836144261] [a3_receive_input_gateway]: gateway calibrated=yes frame_age=445383.2ms frames=195141 ball=42095 base_poses=195122 invalid=0 station_ok=no
[INFO] [1787003340.836149895] [a3_receive_input_gateway]: gateway calibrated=yes frame_age=446383.2ms frames=195141 ball=42095 base_poses=195122 invalid=0 station_ok=no
[INFO] [1787003341.836304688] [a3_receive_input_gateway]: gateway calibrated=yes frame_age=447383.3ms frames=195141 ball=42095 base_poses=195122 invalid=0 station_ok=no
[INFO] [1787003342.836252549] [a3_receive_input_gateway]: gateway calibrated=yes frame_age=448383.3ms frames=195141 ball=42095 base_poses=195122 invalid=0 station_ok=no
[INFO] [1787003343.836110723] [a3_receive_input_gateway]: gateway calibrated=yes frame_age=449383.2ms frames=195141 ball=42095 base_poses=195122 invalid=0 station_ok=no
[INFO] [1787010517.846530173] [a3_receive_input_gateway]: gateway calibrated=yes frame_age=453860.6ms frames=195141 ball=42095 base_poses=195122 invalid=0 station_ok=no
[INFO] [1787010518.836370324] [a3_receive_input_gateway]: gateway calibrated=yes frame_age=454851.5ms frames=195141 ball=42095 base_poses=195122 invalid=0 station_ok=no
[INFO] [1787010519.836168939] [a3_receive_input_gateway]: gateway calibrated=yes frame_age=455851.3ms frames=195141 ball=42095 base_poses=195122 invalid=0 station_ok=no
[INFO] [1787010520.836236957] [a3_receive_input_gateway]: gateway calibrated=yes frame_age=456851.4ms frames=195141 ball=42095 base_poses=195122 invalid=0 station_ok=no
[INFO] [1787010521.835898797] [a3_receive_input_gateway]: gateway calibrated=yes frame_age=457851.3ms frames=195141 ball=42095 base_poses=195122 invalid=0 station_ok=no
[INFO] [1787010522.836267312] [a3_receive_input_gateway]: gateway calibrated=yes frame_age=458851.4ms frames=195141 ball=42095 base_poses=195122 invalid=0 station_ok=no
[INFO] [1787010523.836194420] [a3_receive_input_gateway]: gateway calibrated=yes frame_age=459851.3ms frames=195141 ball=42095 base_poses=195122 invalid=0 station_ok=no
[INFO] [1787010524.836183905] [a3_receive_input_gateway]: gateway calibrated=yes frame_age=460851.3ms frames=195141 ball=42095 base_poses=195122 invalid=0 station_ok=no
[INFO] [1787010525.836184253] [a3_receive_input_gateway]: gateway calibrated=yes frame_age=461851.3ms frames=195141 ball=42095 base_poses=195122 invalid=0 station_ok=no
[INFO] [1787010526.835934142] [a3_receive_input_gateway]: gateway calibrated=yes frame_age=462851.3ms frames=195141 ball=42095 base_poses=195122 invalid=0 station_ok=no
[INFO] [1787010527.835984744] [a3_receive_input_gateway]: gateway calibrated=yes frame_age=463851.3ms frames=195141 ball=42095 base_poses=195122 invalid=0 station_ok=no
[INFO] [1787010528.836186126] [a3_receive_input_gateway]: gateway calibrated=yes frame_age=464851.4ms frames=195141 ball=42095 base_poses=195122 invalid=0 station_ok=no
[INFO] [1787010529.836216996] [a3_receive_input_gateway]: gateway calibrated=yes frame_age=465851.4ms frames=195141 ball=42095 base_poses=195122 invalid=0 station_ok=no
[INFO] [1787010530.836149868] [a3_receive_input_gateway]: gateway calibrated=yes frame_age=466851.3ms frames=195141 ball=42095 base_poses=195122 invalid=0 station_ok=no
[INFO] [1787010531.836162920] [a3_receive_input_gateway]: gateway calibrated=yes frame_age=467851.3ms frames=195141 ball=42095 base_poses=195122 invalid=0 station_ok=no
[INFO] [1787010532.836287601] [a3_receive_input_gateway]: gateway calibrated=yes frame_age=468851.3ms frames=195141 ball=42095 base_poses=195122 invalid=0 station_ok=no
[INFO] [1787010533.836166796] [a3_receive_input_gateway]: gateway calibrated=yes frame_age=469851.3ms frames=195141 ball=42095 base_poses=195122 invalid=0 station_ok=no
[INFO] [1787010534.836219378] [a3_receive_input_gateway]: gateway calibrated=yes frame_age=470851.4ms frames=195141 ball=42095 base_poses=195122 invalid=0 station_ok=no
[INFO] [1787010535.836156334] [a3_receive_input_gateway]: gateway calibrated=yes frame_age=471851.3ms frames=195141 ball=42095 base_poses=195122 invalid=0 station_ok=no
[INFO] [1787010536.836168019] [a3_receive_input_gateway]: gateway calibrated=yes frame_age=472851.3ms frames=195141 ball=42095 base_poses=195122 invalid=0 station_ok=no
[INFO] [1787010537.836016245] [a3_receive_input_gateway]: gateway calibrated=yes frame_age=473851.3ms frames=195141 ball=42095 base_poses=195122 invalid=0 station_ok=no
[INFO] [1787010538.836225525] [a3_receive_input_gateway]: gateway calibrated=yes frame_age=474851.3ms frames=195141 ball=42095 base_poses=195122 invalid=0 station_ok=no
[INFO] [1787010539.836184752] [a3_receive_input_gateway]: gateway calibrated=yes frame_age=475851.4ms frames=195141 ball=42095 base_poses=195122 invalid=0 station_ok=no
[INFO] [1787010540.836186240] [a3_receive_input_gateway]: gateway calibrated=yes frame_age=476851.4ms frames=195141 ball=42095 base_poses=195122 invalid=0 station_ok=no
[INFO] [1787010541.836130877] [a3_receive_input_gateway]: gateway calibrated=yes frame_age=477851.3ms frames=195141 ball=42095 base_poses=195122 invalid=0 station_ok=no
[INFO] [1787010542.836160338] [a3_receive_input_gateway]: gateway calibrated=yes frame_age=478851.3ms frames=195141 ball=42095 base_poses=195122 invalid=0 station_ok=no
[INFO] [1787010543.836273727] [a3_receive_input_gateway]: gateway calibrated=yes frame_age=479851.4ms frames=195141 ball=42095 base_poses=195122 invalid=0 station_ok=no
[INFO] [1787015894.353224556] [a3_receive_input_gateway]: gateway calibrated=yes frame_age=481874.5ms frames=195141 ball=42095 base_poses=195122 invalid=0 station_ok=no
[INFO] [1787015894.836120622] [a3_receive_input_gateway]: gateway calibrated=yes frame_age=482359.4ms frames=195141 ball=42095 base_poses=195122 invalid=0 station_ok=no
[INFO] [1787015895.836331574] [a3_receive_input_gateway]: gateway calibrated=yes frame_age=483359.5ms frames=195141 ball=42095 base_poses=195122 invalid=0 station_ok=no
[INFO] [1787015896.835922016] [a3_receive_input_gateway]: gateway calibrated=yes frame_age=484359.4ms frames=195141 ball=42095 base_poses=195122 invalid=0 station_ok=no
[INFO] [1787015897.835989608] [a3_receive_input_gateway]: gateway calibrated=yes frame_age=485359.4ms frames=195141 ball=42095 base_poses=195122 invalid=0 station_ok=no
[INFO] [1787015898.836177749] [a3_receive_input_gateway]: gateway calibrated=yes frame_age=486359.4ms frames=195141 ball=42095 base_poses=195122 invalid=0 station_ok=no
[INFO] [1787015899.836076169] [a3_receive_input_gateway]: gateway calibrated=yes frame_age=487359.4ms frames=195141 ball=42095 base_poses=195122 invalid=0 station_ok=no
[INFO] [1787015900.835950778] [a3_receive_input_gateway]: gateway calibrated=yes frame_age=488359.4ms frames=195141 ball=42095 base_poses=195122 invalid=0 station_ok=no
[INFO] [1787015901.835971429] [a3_receive_input_gateway]: gateway calibrated=yes frame_age=489359.4ms frames=195141 ball=42095 base_poses=195122 invalid=0 station_ok=no
[INFO] [1787015902.836121967] [a3_receive_input_gateway]: gateway calibrated=yes frame_age=490359.4ms frames=195141 ball=42095 base_poses=195122 invalid=0 station_ok=no
[INFO] [1787015903.836201749] [a3_receive_input_gateway]: gateway calibrated=yes frame_age=491359.4ms frames=195141 ball=42095 base_poses=195122 invalid=0 station_ok=no
[INFO] [1787015904.836183831] [a3_receive_input_gateway]: gateway calibrated=yes frame_age=492359.4ms frames=195141 ball=42095 base_poses=195122 invalid=0 station_ok=no
[INFO] [1787015905.836191923] [a3_receive_input_gateway]: gateway calibrated=yes frame_age=493359.4ms frames=195141 ball=42095 base_poses=195122 invalid=0 station_ok=no
[INFO] [1787015906.836270205] [a3_receive_input_gateway]: gateway calibrated=yes frame_age=494359.4ms frames=195141 ball=42095 base_poses=195122 invalid=0 station_ok=no
[INFO] [1787015907.836155883] [a3_receive_input_gateway]: gateway calibrated=yes frame_age=495359.4ms frames=195141 ball=42095 base_poses=195122 invalid=0 station_ok=no
[INFO] [1787015908.836418906] [a3_receive_input_gateway]: gateway calibrated=yes frame_age=496359.4ms frames=195141 ball=42095 base_poses=195122 invalid=0 station_ok=no
[INFO] [1787015909.836163513] [a3_receive_input_gateway]: gateway calibrated=yes frame_age=497359.4ms frames=195141 ball=42095 base_poses=195122 invalid=0 station_ok=no
[INFO] [1787015910.835924584] [a3_receive_input_gateway]: gateway calibrated=yes frame_age=498359.4ms frames=195141 ball=42095 base_poses=195122 invalid=0 station_ok=no
[INFO] [1787015911.836496640] [a3_receive_input_gateway]: gateway calibrated=yes frame_age=499360.0ms frames=195141 ball=42095 base_poses=195122 invalid=0 station_ok=no
[INFO] [1787015912.836394708] [a3_receive_input_gateway]: gateway calibrated=yes frame_age=500359.9ms frames=195141 ball=42095 base_poses=195122 invalid=0 station_ok=no
[INFO] [1787015913.838556839] [a3_receive_input_gateway]: gateway calibrated=yes frame_age=501362.0ms frames=195141 ball=42095 base_poses=195122 invalid=0 station_ok=no
[INFO] [1787015914.835923210] [a3_receive_input_gateway]: gateway calibrated=yes frame_age=502359.4ms frames=195141 ball=42095 base_poses=195122 invalid=0 station_ok=no
[INFO] [1787015915.835904556] [a3_receive_input_gateway]: gateway calibrated=yes frame_age=503359.4ms frames=195141 ball=42095 base_poses=195122 invalid=0 station_ok=no
[INFO] [1787015916.835922047] [a3_receive_input_gateway]: gateway calibrated=yes frame_age=504359.4ms frames=195141 ball=42095 base_poses=195122 invalid=0 station_ok=no
[INFO] [1787015917.836525481] [a3_receive_input_gateway]: gateway calibrated=yes frame_age=505359.8ms frames=195141 ball=42095 base_poses=195122 invalid=0 station_ok=no
[INFO] [1787015918.836166669] [a3_receive_input_gateway]: gateway calibrated=yes frame_age=506359.4ms frames=195141 ball=42095 base_poses=195122 invalid=0 station_ok=no
[INFO] [1787015919.836375997] [a3_receive_input_gateway]: gateway calibrated=yes frame_age=507359.6ms frames=195141 ball=42095 base_poses=195122 invalid=0 station_ok=no
[INFO] [1787015920.836167885] [a3_receive_input_gateway]: gateway calibrated=yes frame_age=508359.4ms frames=195141 ball=42095 base_poses=195122 invalid=0 station_ok=no
[INFO] [1787015921.836156081] [a3_receive_input_gateway]: gateway calibrated=yes frame_age=509359.4ms frames=195141 ball=42095 base_poses=195122 invalid=0 station_ok=no
[INFO] [1787015922.837136840] [a3_receive_input_gateway]: gateway calibrated=yes frame_age=510359.8ms frames=195141 ball=42095 base_poses=195122 invalid=0 station_ok=no
[INFO] [1787021316.825834674] [a3_receive_input_gateway]: gateway calibrated=yes frame_age=515039.1ms frames=195141 ball=42095 base_poses=195122 invalid=0 station_ok=no
[INFO] [1787021316.836358681] [a3_receive_input_gateway]: gateway calibrated=yes frame_age=515052.3ms frames=195141 ball=42095 base_poses=195122 invalid=0 station_ok=no
[INFO] [1787021317.835929708] [a3_receive_input_gateway]: gateway calibrated=yes frame_age=516051.9ms frames=195141 ball=42095 base_poses=195122 invalid=0 station_ok=no
[INFO] [1787021318.837328757] [a3_receive_input_gateway]: gateway calibrated=yes frame_age=517053.2ms frames=195141 ball=42095 base_poses=195122 invalid=0 station_ok=no
[INFO] [1787021319.836016949] [a3_receive_input_gateway]: gateway calibrated=yes frame_age=518052.0ms frames=195141 ball=42095 base_poses=195122 invalid=0 station_ok=no
[INFO] [1787021320.836348980] [a3_receive_input_gateway]: gateway calibrated=yes frame_age=519052.2ms frames=195141 ball=42095 base_poses=195122 invalid=0 station_ok=no
[INFO] [1787021321.835932954] [a3_receive_input_gateway]: gateway calibrated=yes frame_age=520052.0ms frames=195141 ball=42095 base_poses=195122 invalid=0 station_ok=no
[INFO] [1787021322.836099928] [a3_receive_input_gateway]: gateway calibrated=yes frame_age=521052.1ms frames=195141 ball=42095 base_poses=195122 invalid=0 station_ok=no
[INFO] [1787021323.836266098] [a3_receive_input_gateway]: gateway calibrated=yes frame_age=522052.0ms frames=195141 ball=42095 base_poses=195122 invalid=0 station_ok=no
[INFO] [1787021324.836281393] [a3_receive_input_gateway]: gateway calibrated=yes frame_age=523052.1ms frames=195141 ball=42095 base_poses=195122 invalid=0 station_ok=no
[INFO] [1787021325.836076983] [a3_receive_input_gateway]: gateway calibrated=yes frame_age=524052.1ms frames=195141 ball=42095 base_poses=195122 invalid=0 station_ok=no
[INFO] [1787021326.836168083] [a3_receive_input_gateway]: gateway calibrated=yes frame_age=525052.0ms frames=195141 ball=42095 base_poses=195122 invalid=0 station_ok=no
[INFO] [1787021327.836222338] [a3_receive_input_gateway]: gateway calibrated=yes frame_age=526052.1ms frames=195141 ball=42095 base_poses=195122 invalid=0 station_ok=no
[INFO] [1787021328.836218086] [a3_receive_input_gateway]: gateway calibrated=yes frame_age=527052.1ms frames=195141 ball=42095 base_poses=195122 invalid=0 station_ok=no
[INFO] [1787021329.836266548] [a3_receive_input_gateway]: gateway calibrated=yes frame_age=528052.1ms frames=195141 ball=42095 base_poses=195122 invalid=0 station_ok=no
[INFO] [1787021330.836179864] [a3_receive_input_gateway]: gateway calibrated=yes frame_age=529052.0ms frames=195141 ball=42095 base_poses=195122 invalid=0 station_ok=no
[INFO] [1787021331.836181320] [a3_receive_input_gateway]: gateway calibrated=yes frame_age=530052.0ms frames=195141 ball=42095 base_poses=195122 invalid=0 station_ok=no
[INFO] [1787021332.836141108] [a3_receive_input_gateway]: gateway calibrated=yes frame_age=531052.0ms frames=195141 ball=42095 base_poses=195122 invalid=0 station_ok=no
[INFO] [1787021333.835936475] [a3_receive_input_gateway]: gateway calibrated=yes frame_age=532052.0ms frames=195141 ball=42095 base_poses=195122 invalid=0 station_ok=no
[INFO] [1787021334.836318509] [a3_receive_input_gateway]: gateway calibrated=yes frame_age=533052.2ms frames=195141 ball=42095 base_poses=195122 invalid=0 station_ok=no
[INFO] [1787021335.836182774] [a3_receive_input_gateway]: gateway calibrated=yes frame_age=534052.0ms frames=195141 ball=42095 base_poses=195122 invalid=0 station_ok=no
[INFO] [1787021336.836234223] [a3_receive_input_gateway]: gateway calibrated=yes frame_age=535052.1ms frames=195141 ball=42095 base_poses=195122 invalid=0 station_ok=no
[INFO] [1787021337.836239603] [a3_receive_input_gateway]: gateway calibrated=yes frame_age=536052.1ms frames=195141 ball=42095 base_poses=195122 invalid=0 station_ok=no
[INFO] [1787021338.836271428] [a3_receive_input_gateway]: gateway calibrated=yes frame_age=537052.1ms frames=195141 ball=42095 base_poses=195122 invalid=0 station_ok=no
[INFO] [1787021339.836208906] [a3_receive_input_gateway]: gateway calibrated=yes frame_age=538052.1ms frames=195141 ball=42095 base_poses=195122 invalid=0 station_ok=no
[INFO] [1787021340.836245868] [a3_receive_input_gateway]: gateway calibrated=yes frame_age=539052.1ms frames=195141 ball=42095 base_poses=195122 invalid=0 station_ok=no
[INFO] [1787021341.836217656] [a3_receive_input_gateway]: gateway calibrated=yes frame_age=540052.1ms frames=195141 ball=42095 base_poses=195122 invalid=0 station_ok=no
[INFO] [1787021342.835933070] [a3_receive_input_gateway]: gateway calibrated=yes frame_age=541052.0ms frames=195141 ball=42095 base_poses=195122 invalid=0 station_ok=no
[INFO] [1787028515.830144372] [a3_receive_input_gateway]: gateway calibrated=yes frame_age=545444.1ms frames=195141 ball=42095 base_poses=195122 invalid=0 station_ok=no
[INFO] [1787028515.840334162] [a3_receive_input_gateway]: gateway calibrated=yes frame_age=545454.4ms frames=195141 ball=42095 base_poses=195122 invalid=0 station_ok=no
[INFO] [1787028516.836416806] [a3_receive_input_gateway]: gateway calibrated=yes frame_age=546450.4ms frames=195141 ball=42095 base_poses=195122 invalid=0 station_ok=no
[INFO] [1787028517.836114298] [a3_receive_input_gateway]: gateway calibrated=yes frame_age=547450.2ms frames=195141 ball=42095 base_poses=195122 invalid=0 station_ok=no
[INFO] [1787028518.836126168] [a3_receive_input_gateway]: gateway calibrated=yes frame_age=548450.2ms frames=195141 ball=42095 base_poses=195122 invalid=0 station_ok=no
[INFO] [1787028519.836143590] [a3_receive_input_gateway]: gateway calibrated=yes frame_age=549450.2ms frames=195141 ball=42095 base_poses=195122 invalid=0 station_ok=no
[INFO] [1787028520.836163841] [a3_receive_input_gateway]: gateway calibrated=yes frame_age=550450.2ms frames=195141 ball=42095 base_poses=195122 invalid=0 station_ok=no
[INFO] [1787028521.836892462] [a3_receive_input_gateway]: gateway calibrated=yes frame_age=551451.1ms frames=195141 ball=42095 base_poses=195122 invalid=0 station_ok=no
[INFO] [1787028522.836067683] [a3_receive_input_gateway]: gateway calibrated=yes frame_age=552450.2ms frames=195141 ball=42095 base_poses=195122 invalid=0 station_ok=no
[INFO] [1787028523.836219230] [a3_receive_input_gateway]: gateway calibrated=yes frame_age=553450.2ms frames=195141 ball=42095 base_poses=195122 invalid=0 station_ok=no
[INFO] [1787028524.836167881] [a3_receive_input_gateway]: gateway calibrated=yes frame_age=554450.2ms frames=195141 ball=42095 base_poses=195122 invalid=0 station_ok=no
[INFO] [1787028525.836289987] [a3_receive_input_gateway]: gateway calibrated=yes frame_age=555450.3ms frames=195141 ball=42095 base_poses=195122 invalid=0 station_ok=no
[INFO] [1787028526.836153957] [a3_receive_input_gateway]: gateway calibrated=yes frame_age=556450.2ms frames=195141 ball=42095 base_poses=195122 invalid=0 station_ok=no
[INFO] [1787028527.836314494] [a3_receive_input_gateway]: gateway calibrated=yes frame_age=557450.3ms frames=195141 ball=42095 base_poses=195122 invalid=0 station_ok=no
[INFO] [1787028528.836120356] [a3_receive_input_gateway]: gateway calibrated=yes frame_age=558450.2ms frames=195141 ball=42095 base_poses=195122 invalid=0 station_ok=no
[INFO] [1787028529.836174500] [a3_receive_input_gateway]: gateway calibrated=yes frame_age=559450.2ms frames=195141 ball=42095 base_poses=195122 invalid=0 station_ok=no
[INFO] [1787028530.836091779] [a3_receive_input_gateway]: gateway calibrated=yes frame_age=560450.2ms frames=195141 ball=42095 base_poses=195122 invalid=0 station_ok=no
[INFO] [1787028531.836076532] [a3_receive_input_gateway]: gateway calibrated=yes frame_age=561450.2ms frames=195141 ball=42095 base_poses=195122 invalid=0 station_ok=no
[INFO] [1787028532.836283983] [a3_receive_input_gateway]: gateway calibrated=yes frame_age=562450.3ms frames=195141 ball=42095 base_poses=195122 invalid=0 station_ok=no
[INFO] [1787028533.835928166] [a3_receive_input_gateway]: gateway calibrated=yes frame_age=563450.2ms frames=195141 ball=42095 base_poses=195122 invalid=0 station_ok=no
[INFO] [1787028534.836191452] [a3_receive_input_gateway]: gateway calibrated=yes frame_age=564450.2ms frames=195141 ball=42095 base_poses=195122 invalid=0 station_ok=no
[INFO] [1787028535.835940750] [a3_receive_input_gateway]: gateway calibrated=yes frame_age=565450.2ms frames=195141 ball=42095 base_poses=195122 invalid=0 station_ok=no
[INFO] [1787028536.835905375] [a3_receive_input_gateway]: gateway calibrated=yes frame_age=566450.1ms frames=195141 ball=42095 base_poses=195122 invalid=0 station_ok=no
[INFO] [1787028537.836189794] [a3_receive_input_gateway]: gateway calibrated=yes frame_age=567450.2ms frames=195141 ball=42095 base_poses=195122 invalid=0 station_ok=no
[INFO] [1787028538.836780526] [a3_receive_input_gateway]: gateway calibrated=yes frame_age=568451.0ms frames=195141 ball=42095 base_poses=195122 invalid=0 station_ok=no
[INFO] [1787028539.836115175] [a3_receive_input_gateway]: gateway calibrated=yes frame_age=569450.2ms frames=195141 ball=42095 base_poses=195122 invalid=0 station_ok=no
[INFO] [1787028540.836160435] [a3_receive_input_gateway]: gateway calibrated=yes frame_age=570450.2ms frames=195141 ball=42095 base_poses=195122 invalid=0 station_ok=no
[INFO] [1787028541.839474961] [a3_receive_input_gateway]: gateway calibrated=yes frame_age=571453.7ms frames=195141 ball=42095 base_poses=195122 invalid=0 station_ok=no
[INFO] [1787029257.360661832] [a3_receive_input_gateway]: gateway calibrated=yes frame_age=573675.9ms frames=195141 ball=42095 base_poses=195122 invalid=0 station_ok=no
[INFO] [1787029257.836176787] [a3_receive_input_gateway]: gateway calibrated=yes frame_age=574151.4ms frames=195141 ball=42095 base_poses=195122 invalid=0 station_ok=no
[INFO] [1787029258.840130304] [a3_receive_input_gateway]: gateway calibrated=yes frame_age=575155.5ms frames=195141 ball=42095 base_poses=195122 invalid=0 station_ok=no
[INFO] [1787029259.836220474] [a3_receive_input_gateway]: gateway calibrated=yes frame_age=576151.4ms frames=195141 ball=42095 base_poses=195122 invalid=0 station_ok=no
[INFO] [1787029260.836180943] [a3_receive_input_gateway]: gateway calibrated=yes frame_age=577151.4ms frames=195141 ball=42095 base_poses=195122 invalid=0 station_ok=no
[INFO] [1787029261.836042530] [a3_receive_input_gateway]: gateway calibrated=yes frame_age=578151.4ms frames=195141 ball=42095 base_poses=195122 invalid=0 station_ok=no
[INFO] [1787029262.835914567] [a3_receive_input_gateway]: gateway calibrated=yes frame_age=579151.3ms frames=195141 ball=42095 base_poses=195122 invalid=0 station_ok=no
[INFO] [1787029263.836277675] [a3_receive_input_gateway]: gateway calibrated=yes frame_age=580151.7ms frames=195141 ball=42095 base_poses=195122 invalid=0 station_ok=no
[INFO] [1787029264.835923819] [a3_receive_input_gateway]: gateway calibrated=yes frame_age=581151.3ms frames=195141 ball=42095 base_poses=195122 invalid=0 station_ok=no
[INFO] [1787029265.836038075] [a3_receive_input_gateway]: gateway calibrated=yes frame_age=582151.4ms frames=195141 ball=42095 base_poses=195122 invalid=0 station_ok=no
[INFO] [1787029266.835914128] [a3_receive_input_gateway]: gateway calibrated=yes frame_age=583151.3ms frames=195141 ball=42095 base_poses=195122 invalid=0 station_ok=no
[INFO] [1787029267.835905044] [a3_receive_input_gateway]: gateway calibrated=yes frame_age=584151.3ms frames=195141 ball=42095 base_poses=195122 invalid=0 station_ok=no
[INFO] [1787029268.836099863] [a3_receive_input_gateway]: gateway calibrated=yes frame_age=585151.5ms frames=195141 ball=42095 base_poses=195122 invalid=0 station_ok=no
[INFO] [1787029269.838549389] [a3_receive_input_gateway]: gateway calibrated=yes frame_age=586153.9ms frames=195141 ball=42095 base_poses=195122 invalid=0 station_ok=no
[INFO] [1787029270.835887402] [a3_receive_input_gateway]: gateway calibrated=yes frame_age=587151.3ms frames=195141 ball=42095 base_poses=195122 invalid=0 station_ok=no
[INFO] [1787029271.835901904] [a3_receive_input_gateway]: gateway calibrated=yes frame_age=588151.3ms frames=195141 ball=42095 base_poses=195122 invalid=0 station_ok=no
[INFO] [1787029272.836078384] [a3_receive_input_gateway]: gateway calibrated=yes frame_age=589151.3ms frames=195141 ball=42095 base_poses=195122 invalid=0 station_ok=no
[INFO] [1787029273.835900814] [a3_receive_input_gateway]: gateway calibrated=yes frame_age=590151.3ms frames=195141 ball=42095 base_poses=195122 invalid=0 station_ok=no
[INFO] [1787029274.835930908] [a3_receive_input_gateway]: gateway calibrated=yes frame_age=591151.3ms frames=195141 ball=42095 base_poses=195122 invalid=0 station_ok=no
[INFO] [1787029275.835901886] [a3_receive_input_gateway]: gateway calibrated=yes frame_age=592151.3ms frames=195141 ball=42095 base_poses=195122 invalid=0 station_ok=no
[INFO] [1787029276.835906697] [a3_receive_input_gateway]: gateway calibrated=yes frame_age=593151.3ms frames=195141 ball=42095 base_poses=195122 invalid=0 station_ok=no
[INFO] [1787029277.835912618] [a3_receive_input_gateway]: gateway calibrated=yes frame_age=594151.3ms frames=195141 ball=42095 base_poses=195122 invalid=0 station_ok=no
[INFO] [1787029278.835889307] [a3_receive_input_gateway]: gateway calibrated=yes frame_age=595151.3ms frames=195141 ball=42095 base_poses=195122 invalid=0 station_ok=no
[INFO] [1787029279.835901823] [a3_receive_input_gateway]: gateway calibrated=yes frame_age=596151.3ms frames=195141 ball=42095 base_poses=195122 invalid=0 station_ok=no
[INFO] [1787029280.835899587] [a3_receive_input_gateway]: gateway calibrated=yes frame_age=597151.3ms frames=195141 ball=42095 base_poses=195122 invalid=0 station_ok=no
[INFO] [1787029281.835905905] [a3_receive_input_gateway]: gateway calibrated=yes frame_age=598151.3ms frames=195141 ball=42095 base_poses=195122 invalid=0 station_ok=no
[INFO] [1787029282.835909391] [a3_receive_input_gateway]: gateway calibrated=yes frame_age=599151.3ms frames=195141 ball=42095 base_poses=195122 invalid=0 station_ok=no
[INFO] [1787029283.835915465] [a3_receive_input_gateway]: gateway calibrated=yes frame_age=600151.3ms frames=195141 ball=42095 base_poses=195122 invalid=0 station_ok=no
[INFO] [1787029284.835914290] [a3_receive_input_gateway]: gateway calibrated=yes frame_age=601151.3ms frames=195141 ball=42095 base_poses=195122 invalid=0 station_ok=no
[INFO] [1787029285.835904116] [a3_receive_input_gateway]: gateway calibrated=yes frame_age=602151.3ms frames=195141 ball=42095 base_poses=195122 invalid=0 station_ok=no
[INFO] [1787029286.835909479] [a3_receive_input_gateway]: gateway calibrated=yes frame_age=603151.3ms frames=195141 ball=42095 base_poses=195122 invalid=0 station_ok=no
[INFO] [1787029287.835896482] [a3_receive_input_gateway]: gateway calibrated=yes frame_age=604151.3ms frames=195141 ball=42095 base_poses=195122 invalid=0 station_ok=no
[INFO] [1787029288.835904208] [a3_receive_input_gateway]: gateway calibrated=yes frame_age=605151.3ms frames=195141 ball=42095 base_poses=195122 invalid=0 station_ok=no
[INFO] [1787029289.835904745] [a3_receive_input_gateway]: gateway calibrated=yes frame_age=606151.3ms frames=195141 ball=42095 base_poses=195122 invalid=0 station_ok=no
[INFO] [1787029290.835902071] [a3_receive_input_gateway]: gateway calibrated=yes frame_age=607151.3ms frames=195141 ball=42095 base_poses=195122 invalid=0 station_ok=no
[INFO] [1787029291.836034420] [a3_receive_input_gateway]: gateway calibrated=yes frame_age=608151.4ms frames=195141 ball=42095 base_poses=195122 invalid=0 station_ok=no
[INFO] [1787029292.835909551] [a3_receive_input_gateway]: gateway calibrated=yes frame_age=609151.3ms frames=195141 ball=42095 base_poses=195122 invalid=0 station_ok=no
[INFO] [1787029293.835917905] [a3_receive_input_gateway]: gateway calibrated=yes frame_age=610151.3ms frames=195141 ball=42095 base_poses=195122 invalid=0 station_ok=no
[INFO] [1787029294.835964394] [a3_receive_input_gateway]: gateway calibrated=yes frame_age=611151.3ms frames=195141 ball=42095 base_poses=195122 invalid=0 station_ok=no
[INFO] [1787029295.836142113] [a3_receive_input_gateway]: gateway calibrated=yes frame_age=612151.3ms frames=195141 ball=42095 base_poses=195122 invalid=0 station_ok=no
[INFO] [1787029296.835930343] [a3_receive_input_gateway]: gateway calibrated=yes frame_age=613151.3ms frames=195141 ball=42095 base_poses=195122 invalid=0 station_ok=no
[INFO] [1787029297.835928674] [a3_receive_input_gateway]: gateway calibrated=yes frame_age=614151.3ms frames=195141 ball=42095 base_poses=195122 invalid=0 station_ok=no
[INFO] [1787029298.835903381] [a3_receive_input_gateway]: gateway calibrated=yes frame_age=615151.3ms frames=195141 ball=42095 base_poses=195122 invalid=0 station_ok=no
[INFO] [1787029299.835901148] [a3_receive_input_gateway]: gateway calibrated=yes frame_age=616151.3ms frames=195141 ball=42095 base_poses=195122 invalid=0 station_ok=no
[INFO] [1787029300.835915983] [a3_receive_input_gateway]: gateway calibrated=yes frame_age=617151.3ms frames=195141 ball=42095 base_poses=195122 invalid=0 station_ok=no
[INFO] [1787029301.836289487] [a3_receive_input_gateway]: gateway calibrated=yes frame_age=618151.4ms frames=195141 ball=42095 base_poses=195122 invalid=0 station_ok=no
[INFO] [1787029302.836289044] [a3_receive_input_gateway]: gateway calibrated=yes frame_age=619151.5ms frames=195141 ball=42095 base_poses=195122 invalid=0 station_ok=no
[INFO] [1787029303.836584085] [a3_receive_input_gateway]: gateway calibrated=yes frame_age=620151.8ms frames=195141 ball=42095 base_poses=195122 invalid=0 station_ok=no
[INFO] [1787029304.836132248] [a3_receive_input_gateway]: gateway calibrated=yes frame_age=621151.3ms frames=195141 ball=42095 base_poses=195122 invalid=0 station_ok=no
[INFO] [1787029305.836119482] [a3_receive_input_gateway]: gateway calibrated=yes frame_age=622151.3ms frames=195141 ball=42095 base_poses=195122 invalid=0 station_ok=no
[INFO] [1787029306.836027708] [a3_receive_input_gateway]: gateway calibrated=yes frame_age=623151.3ms frames=195141 ball=42095 base_poses=195122 invalid=0 station_ok=no
[INFO] [1787029307.836133568] [a3_receive_input_gateway]: gateway calibrated=yes frame_age=624151.3ms frames=195141 ball=42095 base_poses=195122 invalid=0 station_ok=no
[INFO] [1787029308.835924534] [a3_receive_input_gateway]: gateway calibrated=yes frame_age=625151.3ms frames=195141 ball=42095 base_poses=195122 invalid=0 station_ok=no
