[WARN] [1786982480.945522075] [a3_receive_input_gateway]: receive gateway started: mocap=/ppmocap/frame planner_input=/a3_mocap/ball_poses base_pose=/a3_mocap/pelvis_pose; inference=off joint_commands=off
[INFO] [1786982480.946533258] [a3_receive_input_gateway]: ball tracking: lost
[WARN] [1786982480.965282482] [a3_receive_input_gateway]: PPMocap calibrated: origin=near-left tabletop, +X=robot-to-opponent, +Y=robot-left, +Z=up
[INFO] [1786982481.930890357] [a3_receive_input_gateway]: gateway calibrated=yes frame_age=0.8ms frames=385 ball=0 base_poses=366 invalid=0 station_ok=no
[INFO] [1786982482.930992008] [a3_receive_input_gateway]: gateway calibrated=yes frame_age=0.1ms frames=1098 ball=0 base_poses=1079 invalid=0 station_ok=no
[INFO] [1786982483.930949103] [a3_receive_input_gateway]: gateway calibrated=yes frame_age=0.4ms frames=1818 ball=0 base_poses=1799 invalid=0 station_ok=no
[INFO] [1786982484.930854697] [a3_receive_input_gateway]: gateway calibrated=yes frame_age=1.0ms frames=2538 ball=0 base_poses=2519 invalid=0 station_ok=no
[INFO] [1786982485.930852694] [a3_receive_input_gateway]: gateway calibrated=yes frame_age=0.9ms frames=3258 ball=0 base_poses=3239 invalid=0 station_ok=no
[INFO] [1786982486.931739000] [a3_receive_input_gateway]: gateway calibrated=yes frame_age=0.4ms frames=3979 ball=0 base_poses=3960 invalid=0 station_ok=no
[INFO] [1786982487.930807743] [a3_receive_input_gateway]: gateway calibrated=yes frame_age=0.2ms frames=4699 ball=0 base_poses=4680 invalid=0 station_ok=no
[INFO] [1786982488.930829886] [a3_receive_input_gateway]: gateway calibrated=yes frame_age=0.3ms frames=5420 ball=0 base_poses=5401 invalid=0 station_ok=no
[INFO] [1786982489.930834779] [a3_receive_input_gateway]: gateway calibrated=yes frame_age=0.6ms frames=6140 ball=0 base_poses=6121 invalid=0 station_ok=no
[INFO] [1786982490.930868299] [a3_receive_input_gateway]: gateway calibrated=yes frame_age=1.1ms frames=6860 ball=0 base_poses=6841 invalid=0 station_ok=no
[INFO] [1786982491.930907018] [a3_receive_input_gateway]: gateway calibrated=yes frame_age=1.6ms frames=7580 ball=0 base_poses=7561 invalid=0 station_ok=no
[INFO] [1786982492.930954429] [a3_receive_input_gateway]: gateway calibrated=yes frame_age=1.6ms frames=8300 ball=0 base_poses=8281 invalid=0 station_ok=no
[INFO] [1786982493.930879203] [a3_receive_input_gateway]: gateway calibrated=yes frame_age=0.2ms frames=9021 ball=0 base_poses=9002 invalid=0 station_ok=no
[INFO] [1786982494.930832164] [a3_receive_input_gateway]: gateway calibrated=yes frame_age=0.5ms frames=9741 ball=0 base_poses=9722 invalid=0 station_ok=no
[INFO] [1786982495.930843601] [a3_receive_input_gateway]: gateway calibrated=yes frame_age=1.1ms frames=10461 ball=0 base_poses=10442 invalid=0 station_ok=no
[INFO] [1786982496.930830047] [a3_receive_input_gateway]: gateway calibrated=yes frame_age=0.1ms frames=11182 ball=0 base_poses=11163 invalid=0 station_ok=no
[INFO] [1786982497.930848007] [a3_receive_input_gateway]: gateway calibrated=yes frame_age=0.5ms frames=11902 ball=0 base_poses=11883 invalid=0 station_ok=no
[INFO] [1786982498.930833112] [a3_receive_input_gateway]: gateway calibrated=yes frame_age=0.7ms frames=12622 ball=0 base_poses=12603 invalid=0 station_ok=no
[INFO] [1786982499.931070261] [a3_receive_input_gateway]: gateway calibrated=yes frame_age=0.3ms frames=13342 ball=0 base_poses=13323 invalid=0 station_ok=no
[INFO] [1786982500.931073134] [a3_receive_input_gateway]: gateway calibrated=yes frame_age=1.2ms frames=14062 ball=0 base_poses=14043 invalid=0 station_ok=no
[INFO] [1786982501.930994247] [a3_receive_input_gateway]: gateway calibrated=yes frame_age=0.1ms frames=14783 ball=0 base_poses=14764 invalid=0 station_ok=no
[INFO] [1786982502.930837505] [a3_receive_input_gateway]: gateway calibrated=yes frame_age=0.2ms frames=15503 ball=0 base_poses=15484 invalid=0 station_ok=no
[INFO] [1786982503.930933289] [a3_receive_input_gateway]: gateway calibrated=yes frame_age=0.1ms frames=16224 ball=0 base_poses=16205 invalid=0 station_ok=no
[INFO] [1786982504.930835891] [a3_receive_input_gateway]: gateway calibrated=yes frame_age=0.1ms frames=16944 ball=0 base_poses=16925 invalid=0 station_ok=no
[INFO] [1786982505.930832486] [a3_receive_input_gateway]: gateway calibrated=yes frame_age=0.6ms frames=17664 ball=0 base_poses=17645 invalid=0 station_ok=no
[INFO] [1786982506.930832846] [a3_receive_input_gateway]: gateway calibrated=yes frame_age=0.8ms frames=18384 ball=0 base_poses=18365 invalid=0 station_ok=no
[INFO] [1786982507.930831907] [a3_receive_input_gateway]: gateway calibrated=yes frame_age=1.0ms frames=19104 ball=0 base_poses=19085 invalid=0 station_ok=no
[INFO] [1786982508.930930636] [a3_receive_input_gateway]: gateway calibrated=yes frame_age=1.3ms frames=19824 ball=0 base_poses=19805 invalid=0 station_ok=no
[INFO] [1786982509.930877466] [a3_receive_input_gateway]: gateway calibrated=yes frame_age=1.7ms frames=20544 ball=0 base_poses=20525 invalid=0 station_ok=no
[INFO] [1786982510.930903854] [a3_receive_input_gateway]: gateway calibrated=yes frame_age=2.2ms frames=21264 ball=0 base_poses=21245 invalid=0 station_ok=no
[INFO] [1786982511.930873232] [a3_receive_input_gateway]: gateway calibrated=yes frame_age=2.5ms frames=21984 ball=0 base_poses=21965 invalid=0 station_ok=no
[INFO] [1786982512.930905441] [a3_receive_input_gateway]: gateway calibrated=yes frame_age=2.8ms frames=22704 ball=0 base_poses=22685 invalid=0 station_ok=no
[INFO] [1786982513.930875832] [a3_receive_input_gateway]: gateway calibrated=yes frame_age=1.6ms frames=23424 ball=0 base_poses=23405 invalid=0 station_ok=no
[INFO] [1786982514.931030437] [a3_receive_input_gateway]: gateway calibrated=yes frame_age=0.1ms frames=24145 ball=0 base_poses=24126 invalid=0 station_ok=no
[INFO] [1786982515.930972451] [a3_receive_input_gateway]: gateway calibrated=yes frame_age=0.2ms frames=24865 ball=0 base_poses=24846 invalid=0 station_ok=no
[INFO] [1786982516.930841108] [a3_receive_input_gateway]: gateway calibrated=yes frame_age=0.2ms frames=25585 ball=0 base_poses=25566 invalid=0 station_ok=no
[INFO] [1786982517.931058018] [a3_receive_input_gateway]: gateway calibrated=yes frame_age=0.2ms frames=26306 ball=0 base_poses=26287 invalid=0 station_ok=no
[INFO] [1786982518.930830024] [a3_receive_input_gateway]: gateway calibrated=yes frame_age=0.3ms frames=27026 ball=0 base_poses=27007 invalid=0 station_ok=no
[INFO] [1786982519.930892820] [a3_receive_input_gateway]: gateway calibrated=yes frame_age=0.4ms frames=27746 ball=0 base_poses=27727 invalid=0 station_ok=no
[INFO] [1786982520.931172696] [a3_receive_input_gateway]: gateway calibrated=yes frame_age=1.2ms frames=28466 ball=0 base_poses=28447 invalid=0 station_ok=no
[INFO] [1786982521.930913653] [a3_receive_input_gateway]: gateway calibrated=yes frame_age=0.8ms frames=29186 ball=0 base_poses=29167 invalid=0 station_ok=no
[INFO] [1786982522.930934037] [a3_receive_input_gateway]: gateway calibrated=yes frame_age=1.2ms frames=29906 ball=0 base_poses=29887 invalid=0 station_ok=no
[INFO] [1786982523.931076830] [a3_receive_input_gateway]: gateway calibrated=yes frame_age=0.1ms frames=30627 ball=0 base_poses=30608 invalid=0 station_ok=no
[INFO] [1786982524.930821013] [a3_receive_input_gateway]: gateway calibrated=yes frame_age=0.2ms frames=31347 ball=0 base_poses=31328 invalid=0 station_ok=no
[INFO] [1786982525.931086479] [a3_receive_input_gateway]: gateway calibrated=yes frame_age=0.1ms frames=32068 ball=0 base_poses=32049 invalid=0 station_ok=no
[INFO] [1786982526.931017323] [a3_receive_input_gateway]: gateway calibrated=yes frame_age=1.3ms frames=32786 ball=0 base_poses=32767 invalid=0 station_ok=no
[INFO] [1786982527.930800139] [a3_receive_input_gateway]: gateway calibrated=yes frame_age=0.1ms frames=33507 ball=0 base_poses=33488 invalid=0 station_ok=no
[INFO] [1786982528.930947235] [a3_receive_input_gateway]: gateway calibrated=yes frame_age=0.3ms frames=34227 ball=0 base_poses=34208 invalid=0 station_ok=no
[INFO] [1786982529.930848113] [a3_receive_input_gateway]: gateway calibrated=yes frame_age=0.5ms frames=34947 ball=0 base_poses=34928 invalid=0 station_ok=no
[INFO] [1786982530.930844952] [a3_receive_input_gateway]: gateway calibrated=yes frame_age=0.8ms frames=35667 ball=0 base_poses=35648 invalid=0 station_ok=no
[INFO] [1786982531.930970318] [a3_receive_input_gateway]: gateway calibrated=yes frame_age=1.0ms frames=36387 ball=0 base_poses=36368 invalid=0 station_ok=no
[INFO] [1786982532.930818637] [a3_receive_input_gateway]: gateway calibrated=yes frame_age=0.9ms frames=37107 ball=0 base_poses=37088 invalid=0 station_ok=no
[INFO] [1786982533.930998019] [a3_receive_input_gateway]: gateway calibrated=yes frame_age=1.1ms frames=37827 ball=0 base_poses=37808 invalid=0 station_ok=no
[INFO] [1786982534.930805841] [a3_receive_input_gateway]: gateway calibrated=yes frame_age=0.1ms frames=38548 ball=0 base_poses=38529 invalid=0 station_ok=no
[INFO] [1786982535.930909052] [a3_receive_input_gateway]: gateway calibrated=yes frame_age=0.2ms frames=39268 ball=0 base_poses=39249 invalid=0 station_ok=no
[INFO] [1786982536.930789108] [a3_receive_input_gateway]: gateway calibrated=yes frame_age=0.2ms frames=39988 ball=0 base_poses=39969 invalid=0 station_ok=no
[INFO] [1786982537.930844913] [a3_receive_input_gateway]: gateway calibrated=yes frame_age=0.5ms frames=40708 ball=0 base_poses=40689 invalid=0 station_ok=no
[INFO] [1786982538.930833287] [a3_receive_input_gateway]: gateway calibrated=yes frame_age=0.6ms frames=41428 ball=0 base_poses=41409 invalid=0 station_ok=no
[INFO] [1786982539.930881053] [a3_receive_input_gateway]: gateway calibrated=yes frame_age=0.9ms frames=42148 ball=0 base_poses=42129 invalid=0 station_ok=no
[INFO] [1786982540.930834930] [a3_receive_input_gateway]: gateway calibrated=yes frame_age=0.5ms frames=42868 ball=0 base_poses=42849 invalid=0 station_ok=no
[INFO] [1786982541.930910040] [a3_receive_input_gateway]: gateway calibrated=yes frame_age=0.6ms frames=43588 ball=0 base_poses=43569 invalid=0 station_ok=no
[INFO] [1786982542.930897904] [a3_receive_input_gateway]: gateway calibrated=yes frame_age=0.6ms frames=44308 ball=0 base_poses=44289 invalid=0 station_ok=no
[INFO] [1786982543.930901513] [a3_receive_input_gateway]: gateway calibrated=yes frame_age=0.5ms frames=45028 ball=0 base_poses=45009 invalid=0 station_ok=no
[INFO] [1786982544.930834834] [a3_receive_input_gateway]: gateway calibrated=yes frame_age=0.9ms frames=45748 ball=0 base_poses=45729 invalid=0 station_ok=no
[INFO] [1786982545.930858833] [a3_receive_input_gateway]: gateway calibrated=yes frame_age=1.8ms frames=46468 ball=0 base_poses=46449 invalid=0 station_ok=no
[INFO] [1786982546.930969488] [a3_receive_input_gateway]: gateway calibrated=yes frame_age=1.2ms frames=47188 ball=0 base_poses=47169 invalid=0 station_ok=no
[INFO] [1786982547.930896465] [a3_receive_input_gateway]: gateway calibrated=yes frame_age=1.3ms frames=47908 ball=0 base_poses=47889 invalid=0 station_ok=no
[INFO] [1786982548.930882697] [a3_receive_input_gateway]: gateway calibrated=yes frame_age=0.1ms frames=48629 ball=0 base_poses=48610 invalid=0 station_ok=no
[INFO] [1786982549.930857199] [a3_receive_input_gateway]: gateway calibrated=yes frame_age=0.3ms frames=49349 ball=0 base_poses=49330 invalid=0 station_ok=no
[INFO] [1786982550.930900172] [a3_receive_input_gateway]: gateway calibrated=yes frame_age=0.2ms frames=50069 ball=0 base_poses=50050 invalid=0 station_ok=no
[INFO] [1786982551.931357939] [a3_receive_input_gateway]: gateway calibrated=yes frame_age=0.4ms frames=50789 ball=0 base_poses=50770 invalid=0 station_ok=no
[INFO] [1786982552.930791007] [a3_receive_input_gateway]: gateway calibrated=yes frame_age=0.4ms frames=51509 ball=0 base_poses=51490 invalid=0 station_ok=no
[INFO] [1786982553.930976652] [a3_receive_input_gateway]: gateway calibrated=yes frame_age=0.1ms frames=52230 ball=0 base_poses=52211 invalid=0 station_ok=no
[INFO] [1786982554.931299646] [a3_receive_input_gateway]: gateway calibrated=yes frame_age=0.2ms frames=52949 ball=0 base_poses=52930 invalid=0 station_ok=no
[INFO] [1786982555.930893995] [a3_receive_input_gateway]: gateway calibrated=yes frame_age=0.2ms frames=53669 ball=0 base_poses=53650 invalid=0 station_ok=no
[INFO] [1786982556.930831056] [a3_receive_input_gateway]: gateway calibrated=yes frame_age=0.3ms frames=54390 ball=0 base_poses=54371 invalid=0 station_ok=no
[INFO] [1786982557.930902403] [a3_receive_input_gateway]: gateway calibrated=yes frame_age=0.4ms frames=55109 ball=0 base_poses=55090 invalid=0 station_ok=no
[INFO] [1786982558.930842850] [a3_receive_input_gateway]: gateway calibrated=yes frame_age=0.4ms frames=55829 ball=0 base_poses=55810 invalid=0 station_ok=no
[INFO] [1786982559.930837786] [a3_receive_input_gateway]: gateway calibrated=yes frame_age=0.4ms frames=56549 ball=0 base_poses=56530 invalid=0 station_ok=no
[INFO] [1786982560.930833716] [a3_receive_input_gateway]: gateway calibrated=yes frame_age=0.4ms frames=57269 ball=0 base_poses=57250 invalid=0 station_ok=no
[INFO] [1786982561.930844389] [a3_receive_input_gateway]: gateway calibrated=yes frame_age=0.6ms frames=57989 ball=0 base_poses=57970 invalid=0 station_ok=no
[INFO] [1786982562.931104049] [a3_receive_input_gateway]: gateway calibrated=yes frame_age=0.4ms frames=58709 ball=0 base_poses=58690 invalid=0 station_ok=no
[INFO] [1786982563.930837155] [a3_receive_input_gateway]: gateway calibrated=yes frame_age=0.6ms frames=59429 ball=0 base_poses=59410 invalid=0 station_ok=no
[INFO] [1786982564.930826334] [a3_receive_input_gateway]: gateway calibrated=yes frame_age=0.8ms frames=60149 ball=0 base_poses=60130 invalid=0 station_ok=no
[INFO] [1786982565.930856614] [a3_receive_input_gateway]: gateway calibrated=yes frame_age=0.9ms frames=60869 ball=0 base_poses=60850 invalid=0 station_ok=no
[INFO] [1786982566.930953886] [a3_receive_input_gateway]: gateway calibrated=yes frame_age=1.0ms frames=61589 ball=0 base_poses=61570 invalid=0 station_ok=no
[INFO] [1786982567.930887075] [a3_receive_input_gateway]: gateway calibrated=yes frame_age=0.9ms frames=62309 ball=0 base_poses=62290 invalid=0 station_ok=no
[INFO] [1786982568.930830907] [a3_receive_input_gateway]: gateway calibrated=yes frame_age=0.9ms frames=63029 ball=0 base_poses=63010 invalid=0 station_ok=no
[INFO] [1786982569.931083860] [a3_receive_input_gateway]: gateway calibrated=yes frame_age=0.1ms frames=63750 ball=0 base_poses=63731 invalid=0 station_ok=no
[INFO] [1786982570.931102641] [a3_receive_input_gateway]: gateway calibrated=yes frame_age=0.1ms frames=64470 ball=0 base_poses=64451 invalid=0 station_ok=no
[INFO] [1786982571.930940177] [a3_receive_input_gateway]: gateway calibrated=yes frame_age=1.3ms frames=65189 ball=0 base_poses=65170 invalid=0 station_ok=no
[INFO] [1786982572.931087468] [a3_receive_input_gateway]: gateway calibrated=yes frame_age=0.2ms frames=65910 ball=0 base_poses=65891 invalid=0 station_ok=no
[INFO] [1786982573.930940725] [a3_receive_input_gateway]: gateway calibrated=yes frame_age=0.1ms frames=66629 ball=0 base_poses=66610 invalid=0 station_ok=no
[INFO] [1786982574.931061997] [a3_receive_input_gateway]: gateway calibrated=yes frame_age=0.2ms frames=67349 ball=0 base_poses=67330 invalid=0 station_ok=no
[INFO] [1786982575.930818846] [a3_receive_input_gateway]: gateway calibrated=yes frame_age=0.1ms frames=68069 ball=0 base_poses=68050 invalid=0 station_ok=no
[INFO] [1786982576.931084439] [a3_receive_input_gateway]: gateway calibrated=yes frame_age=0.2ms frames=68789 ball=0 base_poses=68770 invalid=0 station_ok=no
[INFO] [1786982577.930818637] [a3_receive_input_gateway]: gateway calibrated=yes frame_age=0.2ms frames=69509 ball=0 base_poses=69490 invalid=0 station_ok=no
[INFO] [1786982578.932097807] [a3_receive_input_gateway]: gateway calibrated=yes frame_age=0.5ms frames=70229 ball=0 base_poses=70210 invalid=0 station_ok=no
[INFO] [1786982579.930858880] [a3_receive_input_gateway]: gateway calibrated=yes frame_age=0.3ms frames=70949 ball=0 base_poses=70930 invalid=0 station_ok=no
[INFO] [1786982580.930937470] [a3_receive_input_gateway]: gateway calibrated=yes frame_age=0.2ms frames=71669 ball=0 base_poses=71650 invalid=0 station_ok=no
[INFO] [1786982581.930892670] [a3_receive_input_gateway]: gateway calibrated=yes frame_age=0.2ms frames=72389 ball=0 base_poses=72370 invalid=0 station_ok=no
[INFO] [1786982582.930843665] [a3_receive_input_gateway]: gateway calibrated=yes frame_age=0.4ms frames=73109 ball=0 base_poses=73090 invalid=0 station_ok=no
[INFO] [1786982583.930914259] [a3_receive_input_gateway]: gateway calibrated=yes frame_age=0.2ms frames=73829 ball=0 base_poses=73810 invalid=0 station_ok=no
[INFO] [1786982584.931326070] [a3_receive_input_gateway]: gateway calibrated=yes frame_age=0.4ms frames=74549 ball=0 base_poses=74530 invalid=0 station_ok=no
[INFO] [1786982585.931045600] [a3_receive_input_gateway]: gateway calibrated=yes frame_age=0.1ms frames=75270 ball=0 base_poses=75251 invalid=0 station_ok=no
[INFO] [1786982586.931024759] [a3_receive_input_gateway]: gateway calibrated=yes frame_age=0.1ms frames=75990 ball=0 base_poses=75971 invalid=0 station_ok=no
[INFO] [1786982587.931084552] [a3_receive_input_gateway]: gateway calibrated=yes frame_age=0.1ms frames=76710 ball=0 base_poses=76691 invalid=0 station_ok=no
[INFO] [1786982588.931018970] [a3_receive_input_gateway]: gateway calibrated=yes frame_age=0.1ms frames=77430 ball=0 base_poses=77411 invalid=0 station_ok=no
[INFO] [1786982589.931157041] [a3_receive_input_gateway]: gateway calibrated=yes frame_age=0.2ms frames=78150 ball=0 base_poses=78131 invalid=0 station_ok=no
[INFO] [1786982590.930944386] [a3_receive_input_gateway]: gateway calibrated=yes frame_age=0.1ms frames=78870 ball=0 base_poses=78851 invalid=0 station_ok=no
[INFO] [1786982591.930967928] [a3_receive_input_gateway]: gateway calibrated=yes frame_age=0.1ms frames=79590 ball=0 base_poses=79571 invalid=0 station_ok=no
[INFO] [1786982592.931119414] [a3_receive_input_gateway]: gateway calibrated=yes frame_age=0.3ms frames=80309 ball=0 base_poses=80290 invalid=0 station_ok=no
[INFO] [1786982593.930968387] [a3_receive_input_gateway]: gateway calibrated=yes frame_age=0.1ms frames=81030 ball=0 base_poses=81011 invalid=0 station_ok=no
[INFO] [1786982594.931014506] [a3_receive_input_gateway]: gateway calibrated=yes frame_age=0.1ms frames=81750 ball=0 base_poses=81731 invalid=0 station_ok=no
[INFO] [1786982595.931007669] [a3_receive_input_gateway]: gateway calibrated=yes frame_age=0.1ms frames=82470 ball=0 base_poses=82451 invalid=0 station_ok=no
[INFO] [1786982596.930955230] [a3_receive_input_gateway]: gateway calibrated=yes frame_age=0.2ms frames=83190 ball=0 base_poses=83171 invalid=0 station_ok=no
[INFO] [1786982597.930879089] [a3_receive_input_gateway]: gateway calibrated=yes frame_age=0.1ms frames=83910 ball=0 base_poses=83891 invalid=0 station_ok=no
[INFO] [1786982598.930929246] [a3_receive_input_gateway]: gateway calibrated=yes frame_age=0.1ms frames=84630 ball=0 base_poses=84611 invalid=0 station_ok=no
[INFO] [1786982599.930896440] [a3_receive_input_gateway]: gateway calibrated=yes frame_age=0.1ms frames=85350 ball=0 base_poses=85331 invalid=0 station_ok=no
[INFO] [1786982600.930890587] [a3_receive_input_gateway]: gateway calibrated=yes frame_age=0.1ms frames=86070 ball=0 base_poses=86051 invalid=0 station_ok=no
[INFO] [1786982601.930868192] [a3_receive_input_gateway]: gateway calibrated=yes frame_age=0.1ms frames=86790 ball=0 base_poses=86771 invalid=0 station_ok=no
[INFO] [1786982602.930895569] [a3_receive_input_gateway]: gateway calibrated=yes frame_age=0.1ms frames=87510 ball=0 base_poses=87491 invalid=0 station_ok=no
[INFO] [1786982603.930921662] [a3_receive_input_gateway]: gateway calibrated=yes frame_age=0.1ms frames=88230 ball=0 base_poses=88211 invalid=0 station_ok=no
[INFO] [1786982604.931908090] [a3_receive_input_gateway]: gateway calibrated=yes frame_age=0.5ms frames=88949 ball=0 base_poses=88930 invalid=0 station_ok=no
[INFO] [1786982605.930965530] [a3_receive_input_gateway]: gateway calibrated=yes frame_age=0.1ms frames=89670 ball=0 base_poses=89651 invalid=0 station_ok=no
[INFO] [1786982606.930991350] [a3_receive_input_gateway]: gateway calibrated=yes frame_age=0.1ms frames=90390 ball=0 base_poses=90371 invalid=0 station_ok=no
[INFO] [1786982607.931086128] [a3_receive_input_gateway]: gateway calibrated=yes frame_age=0.2ms frames=91109 ball=0 base_poses=91090 invalid=0 station_ok=no
[INFO] [1786982608.930933538] [a3_receive_input_gateway]: gateway calibrated=yes frame_age=0.1ms frames=91830 ball=0 base_poses=91811 invalid=0 station_ok=no
[INFO] [1786982609.931031776] [a3_receive_input_gateway]: gateway calibrated=yes frame_age=0.1ms frames=92549 ball=0 base_poses=92530 invalid=0 station_ok=no
[INFO] [1786982610.931204017] [a3_receive_input_gateway]: gateway calibrated=yes frame_age=0.2ms frames=93269 ball=0 base_poses=93250 invalid=0 station_ok=no
[INFO] [1786982611.931357561] [a3_receive_input_gateway]: gateway calibrated=yes frame_age=0.2ms frames=93989 ball=0 base_poses=93970 invalid=0 station_ok=no
[INFO] [1786982612.931104773] [a3_receive_input_gateway]: gateway calibrated=yes frame_age=0.2ms frames=94709 ball=0 base_poses=94690 invalid=0 station_ok=no
[INFO] [1786982613.931113683] [a3_receive_input_gateway]: gateway calibrated=yes frame_age=0.2ms frames=95429 ball=0 base_poses=95410 invalid=0 station_ok=no
[INFO] [1786982614.930799166] [a3_receive_input_gateway]: gateway calibrated=yes frame_age=1.5ms frames=96148 ball=0 base_poses=96129 invalid=0 station_ok=no
[INFO] [1786982615.930880833] [a3_receive_input_gateway]: gateway calibrated=yes frame_age=2.0ms frames=96868 ball=0 base_poses=96849 invalid=0 station_ok=no
[INFO] [1786982616.930890923] [a3_receive_input_gateway]: gateway calibrated=yes frame_age=1.8ms frames=97588 ball=0 base_poses=97569 invalid=0 station_ok=no
[INFO] [1786982617.930883028] [a3_receive_input_gateway]: gateway calibrated=yes frame_age=1.9ms frames=98308 ball=0 base_poses=98289 invalid=0 station_ok=no
[INFO] [1786982618.930901179] [a3_receive_input_gateway]: gateway calibrated=yes frame_age=1.3ms frames=99028 ball=0 base_poses=99009 invalid=0 station_ok=no
[INFO] [1786982619.930886433] [a3_receive_input_gateway]: gateway calibrated=yes frame_age=1.8ms frames=99748 ball=0 base_poses=99729 invalid=0 station_ok=no
[INFO] [1786982620.930927796] [a3_receive_input_gateway]: gateway calibrated=yes frame_age=1.8ms frames=100468 ball=0 base_poses=100449 invalid=0 station_ok=no
[INFO] [1786982621.930945245] [a3_receive_input_gateway]: gateway calibrated=yes frame_age=1.7ms frames=101188 ball=0 base_poses=101169 invalid=0 station_ok=no
[INFO] [1786982622.930850603] [a3_receive_input_gateway]: gateway calibrated=yes frame_age=1.7ms frames=101908 ball=0 base_poses=101889 invalid=0 station_ok=no
[INFO] [1786982623.930879946] [a3_receive_input_gateway]: gateway calibrated=yes frame_age=1.6ms frames=102628 ball=0 base_poses=102609 invalid=0 station_ok=no
[INFO] [1786982624.930887252] [a3_receive_input_gateway]: gateway calibrated=yes frame_age=1.5ms frames=103348 ball=0 base_poses=103329 invalid=0 station_ok=no
[INFO] [1786982625.930879585] [a3_receive_input_gateway]: gateway calibrated=yes frame_age=1.6ms frames=104068 ball=0 base_poses=104049 invalid=0 station_ok=no
[INFO] [1786982626.930878696] [a3_receive_input_gateway]: gateway calibrated=yes frame_age=1.6ms frames=104788 ball=0 base_poses=104769 invalid=0 station_ok=no
[INFO] [1786982627.931024551] [a3_receive_input_gateway]: gateway calibrated=yes frame_age=1.2ms frames=105508 ball=0 base_poses=105489 invalid=0 station_ok=no
[INFO] [1786982628.930883908] [a3_receive_input_gateway]: gateway calibrated=yes frame_age=1.5ms frames=106228 ball=0 base_poses=106209 invalid=0 station_ok=no
[INFO] [1786982629.930950253] [a3_receive_input_gateway]: gateway calibrated=yes frame_age=1.4ms frames=106948 ball=0 base_poses=106929 invalid=0 station_ok=no
[INFO] [1786982630.930942499] [a3_receive_input_gateway]: gateway calibrated=yes frame_age=0.2ms frames=107668 ball=0 base_poses=107649 invalid=0 station_ok=no
[INFO] [1786982631.930885089] [a3_receive_input_gateway]: gateway calibrated=yes frame_age=1.2ms frames=108387 ball=0 base_poses=108368 invalid=0 station_ok=no
[INFO] [1786982632.930941521] [a3_receive_input_gateway]: gateway calibrated=yes frame_age=0.1ms frames=109108 ball=0 base_poses=109089 invalid=0 station_ok=no
[INFO] [1786982633.931021671] [a3_receive_input_gateway]: gateway calibrated=yes frame_age=0.2ms frames=109828 ball=0 base_poses=109809 invalid=0 station_ok=no
[INFO] [1786982634.930916489] [a3_receive_input_gateway]: gateway calibrated=yes frame_age=1.1ms frames=110547 ball=0 base_poses=110528 invalid=0 station_ok=no
[INFO] [1786982635.930801459] [a3_receive_input_gateway]: gateway calibrated=yes frame_age=1.3ms frames=111267 ball=0 base_poses=111248 invalid=0 station_ok=no
[INFO] [1786982636.930812581] [a3_receive_input_gateway]: gateway calibrated=yes frame_age=1.2ms frames=111987 ball=0 base_poses=111968 invalid=0 station_ok=no
[INFO] [1786982637.930808333] [a3_receive_input_gateway]: gateway calibrated=yes frame_age=1.1ms frames=112707 ball=0 base_poses=112688 invalid=0 station_ok=no
[INFO] [1786982638.930860067] [a3_receive_input_gateway]: gateway calibrated=yes frame_age=1.0ms frames=113427 ball=0 base_poses=113408 invalid=0 station_ok=no
[INFO] [1786982639.931052903] [a3_receive_input_gateway]: gateway calibrated=yes frame_age=1.1ms frames=114147 ball=0 base_poses=114128 invalid=0 station_ok=no
[INFO] [1786982640.930845740] [a3_receive_input_gateway]: gateway calibrated=yes frame_age=1.1ms frames=114867 ball=0 base_poses=114848 invalid=0 station_ok=no
[INFO] [1786982641.930873620] [a3_receive_input_gateway]: gateway calibrated=yes frame_age=0.6ms frames=115587 ball=0 base_poses=115568 invalid=0 station_ok=no
[INFO] [1786982642.930868662] [a3_receive_input_gateway]: gateway calibrated=yes frame_age=0.9ms frames=116307 ball=0 base_poses=116288 invalid=0 station_ok=no
[INFO] [1786982643.930841081] [a3_receive_input_gateway]: gateway calibrated=yes frame_age=0.8ms frames=117027 ball=0 base_poses=117008 invalid=0 station_ok=no
[INFO] [1786982644.930872637] [a3_receive_input_gateway]: gateway calibrated=yes frame_age=2.9ms frames=117746 ball=0 base_poses=117727 invalid=0 station_ok=no
[INFO] [1786982645.930949803] [a3_receive_input_gateway]: gateway calibrated=yes frame_age=2.7ms frames=118466 ball=0 base_poses=118447 invalid=0 station_ok=no
[INFO] [1786982646.930904560] [a3_receive_input_gateway]: gateway calibrated=yes frame_age=0.6ms frames=119187 ball=0 base_poses=119168 invalid=0 station_ok=no
[INFO] [1786982647.930911483] [a3_receive_input_gateway]: gateway calibrated=yes frame_age=2.8ms frames=119906 ball=0 base_poses=119887 invalid=0 station_ok=no
[INFO] [1786982648.930827664] [a3_receive_input_gateway]: gateway calibrated=yes frame_age=1.3ms frames=120626 ball=0 base_poses=120607 invalid=0 station_ok=no
[INFO] [1786982649.930830432] [a3_receive_input_gateway]: gateway calibrated=yes frame_age=1.1ms frames=121346 ball=0 base_poses=121327 invalid=0 station_ok=no
[INFO] [1786982650.930940776] [a3_receive_input_gateway]: gateway calibrated=yes frame_age=1.3ms frames=122066 ball=0 base_poses=122047 invalid=0 station_ok=no
[INFO] [1786982651.931063674] [a3_receive_input_gateway]: gateway calibrated=yes frame_age=0.7ms frames=122786 ball=0 base_poses=122767 invalid=0 station_ok=no
[INFO] [1786982652.930867592] [a3_receive_input_gateway]: gateway calibrated=yes frame_age=1.1ms frames=123506 ball=0 base_poses=123487 invalid=0 station_ok=no
[INFO] [1786982653.930976476] [a3_receive_input_gateway]: gateway calibrated=yes frame_age=1.0ms frames=124226 ball=0 base_poses=124207 invalid=0 station_ok=no
[INFO] [1786982654.930886808] [a3_receive_input_gateway]: gateway calibrated=yes frame_age=1.1ms frames=124946 ball=0 base_poses=124927 invalid=0 station_ok=no
[INFO] [1786982655.930850152] [a3_receive_input_gateway]: gateway calibrated=yes frame_age=1.0ms frames=125666 ball=0 base_poses=125647 invalid=0 station_ok=no
[INFO] [1786982656.930809821] [a3_receive_input_gateway]: gateway calibrated=yes frame_age=0.9ms frames=126386 ball=0 base_poses=126367 invalid=0 station_ok=no
[INFO] [1786982657.930834882] [a3_receive_input_gateway]: gateway calibrated=yes frame_age=0.7ms frames=127106 ball=0 base_poses=127087 invalid=0 station_ok=no
[INFO] [1786982658.930888616] [a3_receive_input_gateway]: gateway calibrated=yes frame_age=0.7ms frames=127826 ball=0 base_poses=127807 invalid=0 station_ok=no
[INFO] [1786982659.931031698] [a3_receive_input_gateway]: gateway calibrated=yes frame_age=0.7ms frames=128546 ball=0 base_poses=128527 invalid=0 station_ok=no
[INFO] [1786982660.930892246] [a3_receive_input_gateway]: gateway calibrated=yes frame_age=0.5ms frames=129266 ball=0 base_poses=129247 invalid=0 station_ok=no
[INFO] [1786982661.930839440] [a3_receive_input_gateway]: gateway calibrated=yes frame_age=0.5ms frames=129986 ball=0 base_poses=129967 invalid=0 station_ok=no
[INFO] [1786982662.931371103] [a3_receive_input_gateway]: gateway calibrated=yes frame_age=0.4ms frames=130706 ball=0 base_poses=130687 invalid=0 station_ok=no
[INFO] [1786982663.930909995] [a3_receive_input_gateway]: gateway calibrated=yes frame_age=0.4ms frames=131426 ball=0 base_poses=131407 invalid=0 station_ok=no
[INFO] [1786982664.931231449] [a3_receive_input_gateway]: gateway calibrated=yes frame_age=0.2ms frames=132146 ball=0 base_poses=132127 invalid=0 station_ok=no
[INFO] [1786982665.931390803] [a3_receive_input_gateway]: gateway calibrated=yes frame_age=0.4ms frames=132865 ball=0 base_poses=132846 invalid=0 station_ok=no
[INFO] [1786982666.930910365] [a3_receive_input_gateway]: gateway calibrated=yes frame_age=0.3ms frames=133585 ball=0 base_poses=133566 invalid=0 station_ok=no
[INFO] [1786982667.931008344] [a3_receive_input_gateway]: gateway calibrated=yes frame_age=0.1ms frames=134305 ball=0 base_poses=134286 invalid=0 station_ok=no
[INFO] [1786982668.930849880] [a3_receive_input_gateway]: gateway calibrated=yes frame_age=0.2ms frames=135025 ball=0 base_poses=135006 invalid=0 station_ok=no
[INFO] [1786982669.930975859] [a3_receive_input_gateway]: gateway calibrated=yes frame_age=0.2ms frames=135745 ball=0 base_poses=135726 invalid=0 station_ok=no
[INFO] [1786982670.930952955] [a3_receive_input_gateway]: gateway calibrated=yes frame_age=0.1ms frames=136465 ball=0 base_poses=136446 invalid=0 station_ok=no
[INFO] [1786982671.931023238] [a3_receive_input_gateway]: gateway calibrated=yes frame_age=0.2ms frames=137185 ball=0 base_poses=137166 invalid=0 station_ok=no
[INFO] [1786982672.931050220] [a3_receive_input_gateway]: gateway calibrated=yes frame_age=0.2ms frames=137905 ball=0 base_poses=137886 invalid=0 station_ok=no
[INFO] [1786982673.930887869] [a3_receive_input_gateway]: gateway calibrated=yes frame_age=1.8ms frames=138624 ball=0 base_poses=138605 invalid=0 station_ok=no
[INFO] [1786982674.930835300] [a3_receive_input_gateway]: gateway calibrated=yes frame_age=1.8ms frames=139344 ball=0 base_poses=139325 invalid=0 station_ok=no
[INFO] [1786982675.930881292] [a3_receive_input_gateway]: gateway calibrated=yes frame_age=1.6ms frames=140064 ball=0 base_poses=140045 invalid=0 station_ok=no
[INFO] [1786982676.930925189] [a3_receive_input_gateway]: gateway calibrated=yes frame_age=1.9ms frames=140784 ball=0 base_poses=140765 invalid=0 station_ok=no
[INFO] [1786982677.930917988] [a3_receive_input_gateway]: gateway calibrated=yes frame_age=1.7ms frames=141504 ball=0 base_poses=141485 invalid=0 station_ok=no
[INFO] [1786982678.930874723] [a3_receive_input_gateway]: gateway calibrated=yes frame_age=1.4ms frames=142224 ball=0 base_poses=142205 invalid=0 station_ok=no
[INFO] [1786982679.930872785] [a3_receive_input_gateway]: gateway calibrated=yes frame_age=1.3ms frames=142944 ball=0 base_poses=142925 invalid=0 station_ok=no
[INFO] [1786982680.930910860] [a3_receive_input_gateway]: gateway calibrated=yes frame_age=1.0ms frames=143664 ball=0 base_poses=143645 invalid=0 station_ok=no
[INFO] [1786982681.930876230] [a3_receive_input_gateway]: gateway calibrated=yes frame_age=1.3ms frames=144384 ball=0 base_poses=144365 invalid=0 station_ok=no
[INFO] [1786982682.930835575] [a3_receive_input_gateway]: gateway calibrated=yes frame_age=1.0ms frames=145104 ball=0 base_poses=145085 invalid=0 station_ok=no
[INFO] [1786982683.930835076] [a3_receive_input_gateway]: gateway calibrated=yes frame_age=0.5ms frames=145824 ball=0 base_poses=145805 invalid=0 station_ok=no
[INFO] [1786982684.930826913] [a3_receive_input_gateway]: gateway calibrated=yes frame_age=0.5ms frames=146544 ball=0 base_poses=146525 invalid=0 station_ok=no
[INFO] [1786982685.930839943] [a3_receive_input_gateway]: gateway calibrated=yes frame_age=0.5ms frames=147264 ball=0 base_poses=147245 invalid=0 station_ok=no
[INFO] [1786982686.930834253] [a3_receive_input_gateway]: gateway calibrated=yes frame_age=0.3ms frames=147984 ball=0 base_poses=147965 invalid=0 station_ok=no
[INFO] [1786982687.930800106] [a3_receive_input_gateway]: gateway calibrated=yes frame_age=0.9ms frames=148704 ball=0 base_poses=148685 invalid=0 station_ok=no
[INFO] [1786982688.930817984] [a3_receive_input_gateway]: gateway calibrated=yes frame_age=0.3ms frames=149424 ball=0 base_poses=149405 invalid=0 station_ok=no
[INFO] [1786982689.931104545] [a3_receive_input_gateway]: gateway calibrated=yes frame_age=0.2ms frames=150144 ball=0 base_poses=150125 invalid=0 station_ok=no
[INFO] [1786982690.931229366] [a3_receive_input_gateway]: gateway calibrated=yes frame_age=0.4ms frames=150863 ball=0 base_poses=150844 invalid=0 station_ok=no
[INFO] [1786982691.930849521] [a3_receive_input_gateway]: gateway calibrated=yes frame_age=0.1ms frames=151584 ball=0 base_poses=151565 invalid=0 station_ok=no
[INFO] [1786982692.930928174] [a3_receive_input_gateway]: gateway calibrated=yes frame_age=0.1ms frames=152304 ball=0 base_poses=152285 invalid=0 station_ok=no
[INFO] [1786982693.930952950] [a3_receive_input_gateway]: gateway calibrated=yes frame_age=0.1ms frames=153024 ball=0 base_poses=153005 invalid=0 station_ok=no
[INFO] [1786982694.931034770] [a3_receive_input_gateway]: gateway calibrated=yes frame_age=0.1ms frames=153744 ball=0 base_poses=153725 invalid=0 station_ok=no
[INFO] [1786982695.931063934] [a3_receive_input_gateway]: gateway calibrated=yes frame_age=0.3ms frames=154463 ball=0 base_poses=154444 invalid=0 station_ok=no
[INFO] [1786982696.931051197] [a3_receive_input_gateway]: gateway calibrated=yes frame_age=0.2ms frames=155183 ball=0 base_poses=155164 invalid=0 station_ok=no
[INFO] [1786982697.930829073] [a3_receive_input_gateway]: gateway calibrated=yes frame_age=0.3ms frames=155903 ball=0 base_poses=155884 invalid=0 station_ok=no
[INFO] [1786982698.931184418] [a3_receive_input_gateway]: gateway calibrated=yes frame_age=0.3ms frames=156623 ball=0 base_poses=156604 invalid=0 station_ok=no
[INFO] [1786982699.930928126] [a3_receive_input_gateway]: gateway calibrated=yes frame_age=0.2ms frames=157343 ball=0 base_poses=157324 invalid=0 station_ok=no
[INFO] [1786982700.930975728] [a3_receive_input_gateway]: gateway calibrated=yes frame_age=0.2ms frames=158063 ball=0 base_poses=158044 invalid=0 station_ok=no
[INFO] [1786982701.931119872] [a3_receive_input_gateway]: gateway calibrated=yes frame_age=0.2ms frames=158783 ball=0 base_poses=158764 invalid=0 station_ok=no
[INFO] [1786982702.931096167] [a3_receive_input_gateway]: gateway calibrated=yes frame_age=0.2ms frames=159503 ball=0 base_poses=159484 invalid=0 station_ok=no
[INFO] [1786982703.931056013] [a3_receive_input_gateway]: gateway calibrated=yes frame_age=0.1ms frames=160223 ball=0 base_poses=160204 invalid=0 station_ok=no
[INFO] [1786982704.930876931] [a3_receive_input_gateway]: gateway calibrated=yes frame_age=1.2ms frames=160942 ball=0 base_poses=160923 invalid=0 station_ok=no
[INFO] [1786982705.931027132] [a3_receive_input_gateway]: gateway calibrated=yes frame_age=1.7ms frames=161662 ball=0 base_poses=161643 invalid=0 station_ok=no
[INFO] [1786982706.931019291] [a3_receive_input_gateway]: gateway calibrated=yes frame_age=0.3ms frames=162382 ball=0 base_poses=162363 invalid=0 station_ok=no
[INFO] [1786982707.930840202] [a3_receive_input_gateway]: gateway calibrated=yes frame_age=1.0ms frames=163102 ball=0 base_poses=163083 invalid=0 station_ok=no
[INFO] [1786982708.930845894] [a3_receive_input_gateway]: gateway calibrated=yes frame_age=0.5ms frames=163822 ball=0 base_poses=163803 invalid=0 station_ok=no
[INFO] [1786982709.930834293] [a3_receive_input_gateway]: gateway calibrated=yes frame_age=0.8ms frames=164542 ball=0 base_poses=164523 invalid=0 station_ok=no
[INFO] [1786982710.930825584] [a3_receive_input_gateway]: gateway calibrated=yes frame_age=0.7ms frames=165262 ball=0 base_poses=165243 invalid=0 station_ok=no
[INFO] [1786982711.930867393] [a3_receive_input_gateway]: gateway calibrated=yes frame_age=0.5ms frames=165982 ball=0 base_poses=165963 invalid=0 station_ok=no
[INFO] [1786982712.930903575] [a3_receive_input_gateway]: gateway calibrated=yes frame_age=0.3ms frames=166702 ball=0 base_poses=166683 invalid=0 station_ok=no
[INFO] [1786982713.930835963] [a3_receive_input_gateway]: gateway calibrated=yes frame_age=0.3ms frames=167422 ball=0 base_poses=167403 invalid=0 station_ok=no
[INFO] [1786982714.930865959] [a3_receive_input_gateway]: gateway calibrated=yes frame_age=0.2ms frames=168142 ball=0 base_poses=168123 invalid=0 station_ok=no
[INFO] [1786982715.930844859] [a3_receive_input_gateway]: gateway calibrated=yes frame_age=0.2ms frames=168862 ball=0 base_poses=168843 invalid=0 station_ok=no
[INFO] [1786982716.930859539] [a3_receive_input_gateway]: gateway calibrated=yes frame_age=0.1ms frames=169582 ball=0 base_poses=169563 invalid=0 station_ok=no
[INFO] [1786982717.930828564] [a3_receive_input_gateway]: gateway calibrated=yes frame_age=0.2ms frames=170302 ball=0 base_poses=170283 invalid=0 station_ok=no
[INFO] [1786982718.930872781] [a3_receive_input_gateway]: gateway calibrated=yes frame_age=0.1ms frames=171022 ball=0 base_poses=171003 invalid=0 station_ok=no
[INFO] [1786982719.931015898] [a3_receive_input_gateway]: gateway calibrated=yes frame_age=0.1ms frames=171742 ball=0 base_poses=171723 invalid=0 station_ok=no
[INFO] [1786982720.930974458] [a3_receive_input_gateway]: gateway calibrated=yes frame_age=0.1ms frames=172462 ball=0 base_poses=172443 invalid=0 station_ok=no
[INFO] [1786982721.930775313] [a3_receive_input_gateway]: gateway calibrated=yes frame_age=0.2ms frames=173181 ball=0 base_poses=173162 invalid=0 station_ok=no
[INFO] [1786982722.930809932] [a3_receive_input_gateway]: gateway calibrated=yes frame_age=0.2ms frames=173901 ball=0 base_poses=173882 invalid=0 station_ok=no
[INFO] [1786982723.930798221] [a3_receive_input_gateway]: gateway calibrated=yes frame_age=0.2ms frames=174621 ball=0 base_poses=174602 invalid=0 station_ok=no
[INFO] [1786982724.930959398] [a3_receive_input_gateway]: gateway calibrated=yes frame_age=0.2ms frames=175341 ball=0 base_poses=175322 invalid=0 station_ok=no
[INFO] [1786982725.930852442] [a3_receive_input_gateway]: gateway calibrated=yes frame_age=0.1ms frames=176061 ball=0 base_poses=176042 invalid=0 station_ok=no
[INFO] [1786982726.931619606] [a3_receive_input_gateway]: gateway calibrated=yes frame_age=0.3ms frames=176781 ball=0 base_poses=176762 invalid=0 station_ok=no
[INFO] [1786982727.930992616] [a3_receive_input_gateway]: gateway calibrated=yes frame_age=0.2ms frames=177501 ball=0 base_poses=177482 invalid=0 station_ok=no
[INFO] [1786982728.931058090] [a3_receive_input_gateway]: gateway calibrated=yes frame_age=0.1ms frames=178221 ball=0 base_poses=178202 invalid=0 station_ok=no
[INFO] [1786982729.930779835] [a3_receive_input_gateway]: gateway calibrated=yes frame_age=1.0ms frames=178940 ball=0 base_poses=178921 invalid=0 station_ok=no
[INFO] [1786982730.930810408] [a3_receive_input_gateway]: gateway calibrated=yes frame_age=1.2ms frames=179660 ball=0 base_poses=179641 invalid=0 station_ok=no
[INFO] [1786982731.930850205] [a3_receive_input_gateway]: gateway calibrated=yes frame_age=0.8ms frames=180382 ball=0 base_poses=180363 invalid=0 station_ok=no
[INFO] [1786982732.930855286] [a3_receive_input_gateway]: gateway calibrated=yes frame_age=0.4ms frames=181103 ball=0 base_poses=181084 invalid=0 station_ok=no
[INFO] [1786982733.930839092] [a3_receive_input_gateway]: gateway calibrated=yes frame_age=0.8ms frames=181824 ball=0 base_poses=181805 invalid=0 station_ok=no
[INFO] [1786982734.930819180] [a3_receive_input_gateway]: gateway calibrated=yes frame_age=0.5ms frames=182545 ball=0 base_poses=182526 invalid=0 station_ok=no
[INFO] [1786982735.930882635] [a3_receive_input_gateway]: gateway calibrated=yes frame_age=1.5ms frames=183266 ball=0 base_poses=183247 invalid=0 station_ok=no
[INFO] [1786982736.930900655] [a3_receive_input_gateway]: gateway calibrated=yes frame_age=1.2ms frames=183987 ball=0 base_poses=183968 invalid=0 station_ok=no
[INFO] [1786982737.930860454] [a3_receive_input_gateway]: gateway calibrated=yes frame_age=1.4ms frames=184708 ball=0 base_poses=184689 invalid=0 station_ok=no
[INFO] [1786982738.930845185] [a3_receive_input_gateway]: gateway calibrated=yes frame_age=0.2ms frames=185430 ball=0 base_poses=185411 invalid=0 station_ok=no
[INFO] [1786982739.930977712] [a3_receive_input_gateway]: gateway calibrated=yes frame_age=0.2ms frames=186151 ball=0 base_poses=186132 invalid=0 station_ok=no
[INFO] [1786982740.930925957] [a3_receive_input_gateway]: gateway calibrated=yes frame_age=1.1ms frames=186872 ball=0 base_poses=186853 invalid=0 station_ok=no
[INFO] [1786982741.930973008] [a3_receive_input_gateway]: gateway calibrated=yes frame_age=1.6ms frames=187592 ball=0 base_poses=187573 invalid=0 station_ok=no
[INFO] [1786982742.930819431] [a3_receive_input_gateway]: gateway calibrated=yes frame_age=0.4ms frames=188314 ball=0 base_poses=188295 invalid=0 station_ok=no
[INFO] [1786982743.930881037] [a3_receive_input_gateway]: gateway calibrated=yes frame_age=0.4ms frames=189035 ball=0 base_poses=189016 invalid=0 station_ok=no
[INFO] [1786982744.930828513] [a3_receive_input_gateway]: gateway calibrated=yes frame_age=1.3ms frames=189756 ball=0 base_poses=189737 invalid=0 station_ok=no
[INFO] [1786982745.930841341] [a3_receive_input_gateway]: gateway calibrated=yes frame_age=0.4ms frames=190477 ball=0 base_poses=190458 invalid=0 station_ok=no
[INFO] [1786982746.930845913] [a3_receive_input_gateway]: gateway calibrated=yes frame_age=0.7ms frames=191198 ball=0 base_poses=191179 invalid=0 station_ok=no
[INFO] [1786982747.930864527] [a3_receive_input_gateway]: gateway calibrated=yes frame_age=0.1ms frames=191919 ball=0 base_poses=191900 invalid=0 station_ok=no
[INFO] [1786982748.930834818] [a3_receive_input_gateway]: gateway calibrated=yes frame_age=0.8ms frames=192640 ball=0 base_poses=192621 invalid=0 station_ok=yes
[INFO] [1786982749.930832126] [a3_receive_input_gateway]: gateway calibrated=yes frame_age=0.1ms frames=193361 ball=0 base_poses=193342 invalid=0 station_ok=yes
[INFO] [1786982750.931007007] [a3_receive_input_gateway]: gateway calibrated=yes frame_age=0.2ms frames=194082 ball=0 base_poses=194063 invalid=0 station_ok=yes
[INFO] [1786982751.930845111] [a3_receive_input_gateway]: gateway calibrated=yes frame_age=1.4ms frames=194802 ball=0 base_poses=194783 invalid=0 station_ok=yes
[INFO] [1786982752.930919504] [a3_receive_input_gateway]: gateway calibrated=yes frame_age=0.1ms frames=195524 ball=0 base_poses=195505 invalid=0 station_ok=yes
[INFO] [1786982753.930874670] [a3_receive_input_gateway]: gateway calibrated=yes frame_age=1.0ms frames=196244 ball=0 base_poses=196225 invalid=0 station_ok=yes
[INFO] [1786982754.930836934] [a3_receive_input_gateway]: gateway calibrated=yes frame_age=0.5ms frames=196966 ball=0 base_poses=196947 invalid=0 station_ok=yes
[INFO] [1786982755.931211369] [a3_receive_input_gateway]: gateway calibrated=yes frame_age=1.6ms frames=197686 ball=0 base_poses=197667 invalid=0 station_ok=yes
[INFO] [1786982756.931136215] [a3_receive_input_gateway]: gateway calibrated=yes frame_age=2.6ms frames=198406 ball=0 base_poses=198387 invalid=0 station_ok=yes
[INFO] [1786982757.930833231] [a3_receive_input_gateway]: gateway calibrated=yes frame_age=0.1ms frames=199128 ball=0 base_poses=199109 invalid=0 station_ok=yes
[INFO] [1786982758.930978523] [a3_receive_input_gateway]: gateway calibrated=yes frame_age=0.1ms frames=199849 ball=0 base_poses=199830 invalid=0 station_ok=no
[INFO] [1786982759.930836822] [a3_receive_input_gateway]: gateway calibrated=yes frame_age=0.5ms frames=200570 ball=0 base_poses=200551 invalid=0 station_ok=no
[INFO] [1786982760.930880894] [a3_receive_input_gateway]: gateway calibrated=yes frame_age=1.6ms frames=201290 ball=0 base_poses=201271 invalid=0 station_ok=no
[INFO] [1786982761.930794959] [a3_receive_input_gateway]: gateway calibrated=yes frame_age=0.5ms frames=202011 ball=0 base_poses=201992 invalid=0 station_ok=no
[INFO] [1786982762.930841158] [a3_receive_input_gateway]: gateway calibrated=yes frame_age=0.3ms frames=202732 ball=0 base_poses=202713 invalid=0 station_ok=no
[INFO] [1786982763.930962753] [a3_receive_input_gateway]: gateway calibrated=yes frame_age=1.6ms frames=203452 ball=0 base_poses=203433 invalid=0 station_ok=no
[INFO] [1786982764.930996965] [a3_receive_input_gateway]: gateway calibrated=yes frame_age=0.1ms frames=204174 ball=0 base_poses=204155 invalid=0 station_ok=no
[INFO] [1786982765.930864370] [a3_receive_input_gateway]: gateway calibrated=yes frame_age=1.1ms frames=204894 ball=0 base_poses=204875 invalid=0 station_ok=no
[INFO] [1786982766.930977870] [a3_receive_input_gateway]: gateway calibrated=yes frame_age=0.2ms frames=205615 ball=0 base_poses=205596 invalid=0 station_ok=no
[INFO] [1786982767.930835091] [a3_receive_input_gateway]: gateway calibrated=yes frame_age=1.1ms frames=206335 ball=0 base_poses=206316 invalid=0 station_ok=no
[INFO] [1786982768.930839197] [a3_receive_input_gateway]: gateway calibrated=yes frame_age=0.5ms frames=207056 ball=0 base_poses=207037 invalid=0 station_ok=no
[INFO] [1786982769.930848003] [a3_receive_input_gateway]: gateway calibrated=yes frame_age=1.8ms frames=207776 ball=0 base_poses=207757 invalid=0 station_ok=no
[INFO] [1786982770.930830225] [a3_receive_input_gateway]: gateway calibrated=yes frame_age=0.1ms frames=208498 ball=0 base_poses=208479 invalid=0 station_ok=no
[INFO] [1786982771.930849458] [a3_receive_input_gateway]: gateway calibrated=yes frame_age=1.1ms frames=209218 ball=0 base_poses=209199 invalid=0 station_ok=no
[INFO] [1786982772.930871566] [a3_receive_input_gateway]: gateway calibrated=yes frame_age=0.1ms frames=209939 ball=0 base_poses=209920 invalid=0 station_ok=no
[INFO] [1786982773.930785935] [a3_receive_input_gateway]: gateway calibrated=yes frame_age=0.9ms frames=210659 ball=0 base_poses=210640 invalid=0 station_ok=no
[INFO] [1786982774.930930958] [a3_receive_input_gateway]: gateway calibrated=yes frame_age=0.5ms frames=211380 ball=0 base_poses=211361 invalid=0 station_ok=no
[INFO] [1786982775.930919091] [a3_receive_input_gateway]: gateway calibrated=yes frame_age=1.4ms frames=212100 ball=0 base_poses=212081 invalid=0 station_ok=no
[INFO] [1786982776.930840991] [a3_receive_input_gateway]: gateway calibrated=yes frame_age=0.4ms frames=212821 ball=0 base_poses=212802 invalid=0 station_ok=no
[INFO] [1786982777.930834143] [a3_receive_input_gateway]: gateway calibrated=yes frame_age=0.6ms frames=213542 ball=0 base_poses=213523 invalid=0 station_ok=yes
[INFO] [1786982778.930818646] [a3_receive_input_gateway]: gateway calibrated=yes frame_age=0.1ms frames=214263 ball=0 base_poses=214244 invalid=0 station_ok=yes
[INFO] [1786982779.930883525] [a3_receive_input_gateway]: gateway calibrated=yes frame_age=0.5ms frames=214984 ball=0 base_poses=214965 invalid=0 station_ok=yes
[INFO] [1786982780.931045178] [a3_receive_input_gateway]: gateway calibrated=yes frame_age=0.1ms frames=215704 ball=0 base_poses=215685 invalid=0 station_ok=yes
[INFO] [1786982781.930866042] [a3_receive_input_gateway]: gateway calibrated=yes frame_age=2.2ms frames=216424 ball=0 base_poses=216405 invalid=0 station_ok=yes
[INFO] [1786982782.930863319] [a3_receive_input_gateway]: gateway calibrated=yes frame_age=1.5ms frames=217144 ball=0 base_poses=217125 invalid=0 station_ok=yes
[INFO] [1786982783.930819368] [a3_receive_input_gateway]: gateway calibrated=yes frame_age=0.2ms frames=217865 ball=0 base_poses=217846 invalid=0 station_ok=yes
[INFO] [1786982784.930833682] [a3_receive_input_gateway]: gateway calibrated=yes frame_age=0.6ms frames=218586 ball=0 base_poses=218567 invalid=0 station_ok=yes
[INFO] [1786982785.930971979] [a3_receive_input_gateway]: gateway calibrated=yes frame_age=0.2ms frames=219307 ball=0 base_poses=219288 invalid=0 station_ok=yes
[INFO] [1786982786.930823495] [a3_receive_input_gateway]: gateway calibrated=yes frame_age=0.3ms frames=220028 ball=0 base_poses=220009 invalid=0 station_ok=yes
[INFO] [1786982787.930841269] [a3_receive_input_gateway]: gateway calibrated=yes frame_age=1.0ms frames=220748 ball=0 base_poses=220729 invalid=0 station_ok=yes
[INFO] [1786982788.931139202] [a3_receive_input_gateway]: gateway calibrated=yes frame_age=1.5ms frames=221468 ball=0 base_poses=221449 invalid=0 station_ok=yes
[INFO] [1786982789.930837308] [a3_receive_input_gateway]: gateway calibrated=yes frame_age=0.5ms frames=222189 ball=0 base_poses=222170 invalid=0 station_ok=yes
[INFO] [1786982790.931173448] [a3_receive_input_gateway]: gateway calibrated=yes frame_age=0.2ms frames=222909 ball=0 base_poses=222890 invalid=0 station_ok=yes
[INFO] [1786982791.931230552] [a3_receive_input_gateway]: gateway calibrated=yes frame_age=0.2ms frames=223630 ball=0 base_poses=223611 invalid=0 station_ok=yes
[INFO] [1786982792.930842010] [a3_receive_input_gateway]: gateway calibrated=yes frame_age=0.7ms frames=224350 ball=0 base_poses=224331 invalid=0 station_ok=yes
[INFO] [1786982793.930918098] [a3_receive_input_gateway]: gateway calibrated=yes frame_age=0.1ms frames=225071 ball=0 base_poses=225052 invalid=0 station_ok=yes
[INFO] [1786982794.931304777] [a3_receive_input_gateway]: gateway calibrated=yes frame_age=0.4ms frames=225791 ball=0 base_poses=225772 invalid=0 station_ok=yes
[INFO] [1786982795.930966533] [a3_receive_input_gateway]: gateway calibrated=yes frame_age=0.5ms frames=226512 ball=0 base_poses=226493 invalid=0 station_ok=yes
[INFO] [1786982796.930877055] [a3_receive_input_gateway]: gateway calibrated=yes frame_age=1.7ms frames=227232 ball=0 base_poses=227213 invalid=0 station_ok=yes
[INFO] [1786982797.930789445] [a3_receive_input_gateway]: gateway calibrated=yes frame_age=0.2ms frames=227953 ball=0 base_poses=227934 invalid=0 station_ok=yes
[INFO] [1786982798.930841186] [a3_receive_input_gateway]: gateway calibrated=yes frame_age=0.9ms frames=228673 ball=0 base_poses=228654 invalid=0 station_ok=yes
[INFO] [1786982799.930870748] [a3_receive_input_gateway]: gateway calibrated=yes frame_age=0.2ms frames=229394 ball=0 base_poses=229375 invalid=0 station_ok=yes
[INFO] [1786982800.930829217] [a3_receive_input_gateway]: gateway calibrated=yes frame_age=0.9ms frames=230114 ball=0 base_poses=230095 invalid=0 station_ok=yes
[INFO] [1786982801.930848916] [a3_receive_input_gateway]: gateway calibrated=yes frame_age=0.9ms frames=230834 ball=0 base_poses=230815 invalid=0 station_ok=yes
[INFO] [1786982802.931404036] [a3_receive_input_gateway]: gateway calibrated=yes frame_age=0.3ms frames=231555 ball=0 base_poses=231536 invalid=0 station_ok=yes
[INFO] [1786982803.930786416] [a3_receive_input_gateway]: gateway calibrated=yes frame_age=0.1ms frames=232276 ball=0 base_poses=232257 invalid=0 station_ok=yes
[INFO] [1786982804.930837464] [a3_receive_input_gateway]: gateway calibrated=yes frame_age=0.6ms frames=232996 ball=0 base_poses=232977 invalid=0 station_ok=yes
[INFO] [1786982805.930842223] [a3_receive_input_gateway]: gateway calibrated=yes frame_age=1.4ms frames=233716 ball=0 base_poses=233697 invalid=0 station_ok=yes
[INFO] [1786982806.930950089] [a3_receive_input_gateway]: gateway calibrated=yes frame_age=0.2ms frames=234437 ball=0 base_poses=234418 invalid=0 station_ok=yes
[INFO] [1786982807.930849050] [a3_receive_input_gateway]: gateway calibrated=yes frame_age=0.7ms frames=235157 ball=0 base_poses=235138 invalid=0 station_ok=yes
[INFO] [1786982808.931634788] [a3_receive_input_gateway]: gateway calibrated=yes frame_age=0.4ms frames=235878 ball=0 base_poses=235859 invalid=0 station_ok=yes
[INFO] [1786982809.930839183] [a3_receive_input_gateway]: gateway calibrated=yes frame_age=0.3ms frames=236598 ball=0 base_poses=236579 invalid=0 station_ok=yes
[INFO] [1786982810.930962640] [a3_receive_input_gateway]: gateway calibrated=yes frame_age=0.7ms frames=237318 ball=0 base_poses=237299 invalid=0 station_ok=yes
[INFO] [1786982811.930896102] [a3_receive_input_gateway]: gateway calibrated=yes frame_age=1.6ms frames=238038 ball=0 base_poses=238019 invalid=0 station_ok=yes
[INFO] [1786982812.930964983] [a3_receive_input_gateway]: gateway calibrated=yes frame_age=0.2ms frames=238759 ball=0 base_poses=238740 invalid=0 station_ok=yes
[INFO] [1786982813.930787684] [a3_receive_input_gateway]: gateway calibrated=yes frame_age=0.1ms frames=239480 ball=0 base_poses=239461 invalid=0 station_ok=yes
[INFO] [1786982814.931034250] [a3_receive_input_gateway]: gateway calibrated=yes frame_age=0.3ms frames=240200 ball=0 base_poses=240181 invalid=0 station_ok=yes
[INFO] [1786982815.930864258] [a3_receive_input_gateway]: gateway calibrated=yes frame_age=0.3ms frames=240920 ball=0 base_poses=240901 invalid=0 station_ok=yes
[INFO] [1786982816.930872444] [a3_receive_input_gateway]: gateway calibrated=yes frame_age=1.8ms frames=241640 ball=0 base_poses=241621 invalid=0 station_ok=yes
[INFO] [1786982817.931202059] [a3_receive_input_gateway]: gateway calibrated=yes frame_age=0.2ms frames=242361 ball=0 base_poses=242342 invalid=0 station_ok=yes
[INFO] [1786982818.930831817] [a3_receive_input_gateway]: gateway calibrated=yes frame_age=0.7ms frames=243081 ball=0 base_poses=243062 invalid=0 station_ok=yes
[INFO] [1786982819.931080241] [a3_receive_input_gateway]: gateway calibrated=yes frame_age=1.1ms frames=243801 ball=0 base_poses=243782 invalid=0 station_ok=yes
[INFO] [1786982820.930844767] [a3_receive_input_gateway]: gateway calibrated=yes frame_age=0.3ms frames=244522 ball=0 base_poses=244503 invalid=0 station_ok=yes
[INFO] [1786982821.930834553] [a3_receive_input_gateway]: gateway calibrated=yes frame_age=1.0ms frames=245242 ball=0 base_poses=245223 invalid=0 station_ok=yes
[INFO] [1786982822.930860679] [a3_receive_input_gateway]: gateway calibrated=yes frame_age=1.5ms frames=245962 ball=0 base_poses=245943 invalid=0 station_ok=yes
[INFO] [1786982823.930966596] [a3_receive_input_gateway]: gateway calibrated=yes frame_age=0.1ms frames=246683 ball=0 base_poses=246664 invalid=0 station_ok=yes
[INFO] [1786982824.930783969] [a3_receive_input_gateway]: gateway calibrated=yes frame_age=0.2ms frames=247403 ball=0 base_poses=247384 invalid=0 station_ok=yes
[INFO] [1786982825.930947503] [a3_receive_input_gateway]: gateway calibrated=yes frame_age=0.2ms frames=248124 ball=0 base_poses=248105 invalid=0 station_ok=yes
[INFO] [1786982826.930826808] [a3_receive_input_gateway]: gateway calibrated=yes frame_age=0.7ms frames=248844 ball=0 base_poses=248825 invalid=0 station_ok=yes
[INFO] [1786982827.930847501] [a3_receive_input_gateway]: gateway calibrated=yes frame_age=1.3ms frames=249564 ball=0 base_poses=249545 invalid=0 station_ok=yes
[INFO] [1786982828.930919446] [a3_receive_input_gateway]: gateway calibrated=yes frame_age=1.7ms frames=250284 ball=0 base_poses=250265 invalid=0 station_ok=yes
[INFO] [1786982829.930849644] [a3_receive_input_gateway]: gateway calibrated=yes frame_age=0.2ms frames=251005 ball=0 base_poses=250986 invalid=0 station_ok=yes
[INFO] [1786982830.930847775] [a3_receive_input_gateway]: gateway calibrated=yes frame_age=0.4ms frames=251725 ball=0 base_poses=251706 invalid=0 station_ok=yes
[INFO] [1786982831.930826785] [a3_receive_input_gateway]: gateway calibrated=yes frame_age=0.9ms frames=252445 ball=0 base_poses=252426 invalid=0 station_ok=yes
[INFO] [1786982832.930865403] [a3_receive_input_gateway]: gateway calibrated=yes frame_age=0.1ms frames=253166 ball=0 base_poses=253147 invalid=0 station_ok=yes
[INFO] [1786982833.930834479] [a3_receive_input_gateway]: gateway calibrated=yes frame_age=0.4ms frames=253886 ball=0 base_poses=253867 invalid=0 station_ok=yes
[INFO] [1786982834.930884996] [a3_receive_input_gateway]: gateway calibrated=yes frame_age=0.8ms frames=254606 ball=0 base_poses=254587 invalid=0 station_ok=yes
[INFO] [1786982835.930883109] [a3_receive_input_gateway]: gateway calibrated=yes frame_age=1.4ms frames=255326 ball=0 base_poses=255307 invalid=0 station_ok=yes
[INFO] [1786982836.930858553] [a3_receive_input_gateway]: gateway calibrated=yes frame_age=1.3ms frames=256046 ball=0 base_poses=256027 invalid=0 station_ok=yes
[INFO] [1786982837.930810708] [a3_receive_input_gateway]: gateway calibrated=yes frame_age=0.1ms frames=256767 ball=0 base_poses=256748 invalid=0 station_ok=yes
[INFO] [1786982838.930915989] [a3_receive_input_gateway]: gateway calibrated=yes frame_age=0.1ms frames=257488 ball=0 base_poses=257469 invalid=0 station_ok=yes
[INFO] [1786982839.930827651] [a3_receive_input_gateway]: gateway calibrated=yes frame_age=0.5ms frames=258208 ball=0 base_poses=258189 invalid=0 station_ok=yes
[INFO] [1786982840.930853760] [a3_receive_input_gateway]: gateway calibrated=yes frame_age=0.7ms frames=258928 ball=0 base_poses=258909 invalid=0 station_ok=yes
[INFO] [1786982841.930791097] [a3_receive_input_gateway]: gateway calibrated=yes frame_age=1.0ms frames=259648 ball=0 base_poses=259629 invalid=0 station_ok=yes
[INFO] [1786982842.930888804] [a3_receive_input_gateway]: gateway calibrated=yes frame_age=1.7ms frames=260368 ball=0 base_poses=260349 invalid=0 station_ok=yes
[INFO] [1786982843.930953530] [a3_receive_input_gateway]: gateway calibrated=yes frame_age=0.1ms frames=261089 ball=0 base_poses=261070 invalid=0 station_ok=yes
[INFO] [1786982844.931510288] [a3_receive_input_gateway]: gateway calibrated=yes frame_age=0.4ms frames=261809 ball=0 base_poses=261790 invalid=0 station_ok=yes
[INFO] [1786982845.930837544] [a3_receive_input_gateway]: gateway calibrated=yes frame_age=0.7ms frames=262529 ball=0 base_poses=262510 invalid=0 station_ok=yes
[INFO] [1786982846.930892858] [a3_receive_input_gateway]: gateway calibrated=yes frame_age=1.2ms frames=263249 ball=0 base_poses=263230 invalid=0 station_ok=yes
[INFO] [1786982847.930847988] [a3_receive_input_gateway]: gateway calibrated=yes frame_age=0.2ms frames=263969 ball=0 base_poses=263950 invalid=0 station_ok=yes
[INFO] [1786982848.931028433] [a3_receive_input_gateway]: gateway calibrated=yes frame_age=0.1ms frames=264690 ball=0 base_poses=264671 invalid=0 station_ok=yes
[INFO] [1786982849.930870970] [a3_receive_input_gateway]: gateway calibrated=yes frame_age=0.2ms frames=265410 ball=0 base_poses=265391 invalid=0 station_ok=yes
[INFO] [1786982850.930845718] [a3_receive_input_gateway]: gateway calibrated=yes frame_age=0.7ms frames=266130 ball=0 base_poses=266111 invalid=0 station_ok=yes
[INFO] [1786982851.930844017] [a3_receive_input_gateway]: gateway calibrated=yes frame_age=1.0ms frames=266850 ball=0 base_poses=266831 invalid=0 station_ok=yes
[INFO] [1786982852.931027604] [a3_receive_input_gateway]: gateway calibrated=yes frame_age=0.2ms frames=267571 ball=0 base_poses=267552 invalid=0 station_ok=yes
[INFO] [1786982853.930845217] [a3_receive_input_gateway]: gateway calibrated=yes frame_age=0.2ms frames=268291 ball=0 base_poses=268272 invalid=0 station_ok=yes
[INFO] [1786982854.930878207] [a3_receive_input_gateway]: gateway calibrated=yes frame_age=0.1ms frames=269012 ball=0 base_poses=268993 invalid=0 station_ok=yes
[INFO] [1786982855.930831831] [a3_receive_input_gateway]: gateway calibrated=yes frame_age=0.4ms frames=269732 ball=0 base_poses=269713 invalid=0 station_ok=yes
[INFO] [1786982856.930838056] [a3_receive_input_gateway]: gateway calibrated=yes frame_age=0.7ms frames=270452 ball=0 base_poses=270433 invalid=0 station_ok=yes
[INFO] [1786982857.930832238] [a3_receive_input_gateway]: gateway calibrated=yes frame_age=0.9ms frames=271172 ball=0 base_poses=271153 invalid=0 station_ok=yes
[INFO] [1786982858.930839395] [a3_receive_input_gateway]: gateway calibrated=yes frame_age=1.2ms frames=271892 ball=0 base_poses=271873 invalid=0 station_ok=yes
[INFO] [1786982859.930859016] [a3_receive_input_gateway]: gateway calibrated=yes frame_age=1.4ms frames=272612 ball=0 base_poses=272593 invalid=0 station_ok=yes
[INFO] [1786982860.930901814] [a3_receive_input_gateway]: gateway calibrated=yes frame_age=1.9ms frames=273332 ball=0 base_poses=273313 invalid=0 station_ok=yes
[INFO] [1786982861.930884572] [a3_receive_input_gateway]: gateway calibrated=yes frame_age=2.4ms frames=274052 ball=0 base_poses=274033 invalid=0 station_ok=yes
[INFO] [1786982862.930879793] [a3_receive_input_gateway]: gateway calibrated=yes frame_age=2.7ms frames=274772 ball=0 base_poses=274753 invalid=0 station_ok=yes
[INFO] [1786982863.930894972] [a3_receive_input_gateway]: gateway calibrated=yes frame_age=1.6ms frames=275492 ball=0 base_poses=275473 invalid=0 station_ok=yes
[INFO] [1786982864.931175432] [a3_receive_input_gateway]: gateway calibrated=yes frame_age=0.2ms frames=276213 ball=0 base_poses=276194 invalid=0 station_ok=yes
[INFO] [1786982865.930840500] [a3_receive_input_gateway]: gateway calibrated=yes frame_age=0.3ms frames=276934 ball=0 base_poses=276915 invalid=0 station_ok=yes
[INFO] [1786982866.930920497] [a3_receive_input_gateway]: gateway calibrated=yes frame_age=0.4ms frames=277654 ball=0 base_poses=277635 invalid=0 station_ok=yes
[INFO] [1786982867.930851077] [a3_receive_input_gateway]: gateway calibrated=yes frame_age=0.2ms frames=278374 ball=0 base_poses=278355 invalid=0 station_ok=yes
[INFO] [1786982868.931223655] [a3_receive_input_gateway]: gateway calibrated=yes frame_age=0.2ms frames=279094 ball=0 base_poses=279075 invalid=0 station_ok=yes
[INFO] [1786982869.930953782] [a3_receive_input_gateway]: gateway calibrated=yes frame_age=0.6ms frames=279814 ball=0 base_poses=279795 invalid=0 station_ok=yes
[INFO] [1786982870.930933918] [a3_receive_input_gateway]: gateway calibrated=yes frame_age=0.7ms frames=280534 ball=0 base_poses=280515 invalid=0 station_ok=yes
[INFO] [1786982871.930924599] [a3_receive_input_gateway]: gateway calibrated=yes frame_age=0.2ms frames=281255 ball=0 base_poses=281236 invalid=0 station_ok=yes
[INFO] [1786982872.930816411] [a3_receive_input_gateway]: gateway calibrated=yes frame_age=0.2ms frames=281975 ball=0 base_poses=281956 invalid=0 station_ok=yes
[INFO] [1786982873.930801076] [a3_receive_input_gateway]: gateway calibrated=yes frame_age=0.4ms frames=282695 ball=0 base_poses=282676 invalid=0 station_ok=yes
[INFO] [1786982874.930857955] [a3_receive_input_gateway]: gateway calibrated=yes frame_age=0.2ms frames=283415 ball=0 base_poses=283396 invalid=0 station_ok=yes
[INFO] [1786982875.930837489] [a3_receive_input_gateway]: gateway calibrated=yes frame_age=0.4ms frames=284135 ball=0 base_poses=284116 invalid=0 station_ok=yes
[INFO] [1786982876.930840998] [a3_receive_input_gateway]: gateway calibrated=yes frame_age=0.7ms frames=284855 ball=0 base_poses=284836 invalid=0 station_ok=yes
[INFO] [1786982877.930985467] [a3_receive_input_gateway]: gateway calibrated=yes frame_age=1.0ms frames=285575 ball=0 base_poses=285556 invalid=0 station_ok=yes
[INFO] [1786982878.931015654] [a3_receive_input_gateway]: gateway calibrated=yes frame_age=0.1ms frames=286296 ball=0 base_poses=286277 invalid=0 station_ok=yes
[INFO] [1786982879.930863940] [a3_receive_input_gateway]: gateway calibrated=yes frame_age=0.3ms frames=287016 ball=0 base_poses=286997 invalid=0 station_ok=yes
[INFO] [1786982880.930841182] [a3_receive_input_gateway]: gateway calibrated=yes frame_age=0.5ms frames=287736 ball=0 base_poses=287717 invalid=0 station_ok=yes
[INFO] [1786982881.930829442] [a3_receive_input_gateway]: gateway calibrated=yes frame_age=0.6ms frames=288456 ball=0 base_poses=288437 invalid=0 station_ok=yes
[INFO] [1786982882.930847205] [a3_receive_input_gateway]: gateway calibrated=yes frame_age=1.0ms frames=289176 ball=0 base_poses=289157 invalid=0 station_ok=yes
[INFO] [1786982883.930843773] [a3_receive_input_gateway]: gateway calibrated=yes frame_age=0.9ms frames=289896 ball=0 base_poses=289877 invalid=0 station_ok=yes
[INFO] [1786982884.930963202] [a3_receive_input_gateway]: gateway calibrated=yes frame_age=1.4ms frames=290616 ball=0 base_poses=290597 invalid=0 station_ok=yes
[INFO] [1786982885.930883082] [a3_receive_input_gateway]: gateway calibrated=yes frame_age=1.7ms frames=291336 ball=0 base_poses=291317 invalid=0 station_ok=yes
[INFO] [1786982886.930970943] [a3_receive_input_gateway]: gateway calibrated=yes frame_age=0.2ms frames=292057 ball=0 base_poses=292038 invalid=0 station_ok=yes
[INFO] [1786982887.930844471] [a3_receive_input_gateway]: gateway calibrated=yes frame_age=0.3ms frames=292777 ball=0 base_poses=292758 invalid=0 station_ok=yes
[INFO] [1786982888.931014357] [a3_receive_input_gateway]: gateway calibrated=yes frame_age=0.1ms frames=293498 ball=0 base_poses=293479 invalid=0 station_ok=yes
[INFO] [1786982889.930805486] [a3_receive_input_gateway]: gateway calibrated=yes frame_age=0.1ms frames=294218 ball=0 base_poses=294199 invalid=0 station_ok=yes
[INFO] [1786982890.930850781] [a3_receive_input_gateway]: gateway calibrated=yes frame_age=0.4ms frames=294938 ball=0 base_poses=294919 invalid=0 station_ok=yes
[INFO] [1786982891.930991985] [a3_receive_input_gateway]: gateway calibrated=yes frame_age=1.1ms frames=295657 ball=0 base_poses=295638 invalid=0 station_ok=yes
[INFO] [1786982892.930854735] [a3_receive_input_gateway]: gateway calibrated=yes frame_age=0.9ms frames=296378 ball=0 base_poses=296359 invalid=0 station_ok=yes
[INFO] [1786982893.931524277] [a3_receive_input_gateway]: gateway calibrated=yes frame_age=0.3ms frames=297098 ball=0 base_poses=297079 invalid=0 station_ok=yes
[INFO] [1786982894.930855718] [a3_receive_input_gateway]: gateway calibrated=yes frame_age=1.4ms frames=297818 ball=0 base_poses=297799 invalid=0 station_ok=yes
[INFO] [1786982895.930851545] [a3_receive_input_gateway]: gateway calibrated=yes frame_age=1.5ms frames=298538 ball=0 base_poses=298519 invalid=0 station_ok=yes
[INFO] [1786982896.931640018] [a3_receive_input_gateway]: gateway calibrated=yes frame_age=2.2ms frames=299258 ball=0 base_poses=299239 invalid=0 station_ok=yes
[INFO] [1786982897.930964135] [a3_receive_input_gateway]: gateway calibrated=yes frame_age=0.1ms frames=299979 ball=0 base_poses=299960 invalid=0 station_ok=yes
[INFO] [1786982898.930908031] [a3_receive_input_gateway]: gateway calibrated=yes frame_age=1.6ms frames=300698 ball=0 base_poses=300679 invalid=0 station_ok=yes
[INFO] [1786982899.930844673] [a3_receive_input_gateway]: gateway calibrated=yes frame_age=0.5ms frames=301419 ball=0 base_poses=301400 invalid=0 station_ok=yes
[INFO] [1786982900.930846129] [a3_receive_input_gateway]: gateway calibrated=yes frame_age=0.7ms frames=302139 ball=0 base_poses=302120 invalid=0 station_ok=yes
[INFO] [1786982901.930922982] [a3_receive_input_gateway]: gateway calibrated=yes frame_age=3.0ms frames=302858 ball=0 base_poses=302839 invalid=0 station_ok=yes
[INFO] [1786982902.931154002] [a3_receive_input_gateway]: gateway calibrated=yes frame_age=2.1ms frames=303578 ball=0 base_poses=303559 invalid=0 station_ok=yes
[INFO] [1786982903.930923308] [a3_receive_input_gateway]: gateway calibrated=yes frame_age=0.1ms frames=304300 ball=0 base_poses=304281 invalid=0 station_ok=yes
[INFO] [1786982904.930907169] [a3_receive_input_gateway]: gateway calibrated=yes frame_age=0.3ms frames=305019 ball=0 base_poses=305000 invalid=0 station_ok=yes
[INFO] [1786982905.930838706] [a3_receive_input_gateway]: gateway calibrated=yes frame_age=0.3ms frames=305740 ball=0 base_poses=305721 invalid=0 station_ok=yes
[INFO] [1786982906.930928307] [a3_receive_input_gateway]: gateway calibrated=yes frame_age=0.1ms frames=306460 ball=0 base_poses=306441 invalid=0 station_ok=yes
[INFO] [1786982907.930827300] [a3_receive_input_gateway]: gateway calibrated=yes frame_age=0.3ms frames=307180 ball=0 base_poses=307161 invalid=0 station_ok=yes
[INFO] [1786982908.930833055] [a3_receive_input_gateway]: gateway calibrated=yes frame_age=0.5ms frames=307900 ball=0 base_poses=307881 invalid=0 station_ok=yes
[INFO] [1786982909.930859823] [a3_receive_input_gateway]: gateway calibrated=yes frame_age=0.7ms frames=308620 ball=0 base_poses=308601 invalid=0 station_ok=yes
[INFO] [1786982910.930824949] [a3_receive_input_gateway]: gateway calibrated=yes frame_age=0.9ms frames=309340 ball=0 base_poses=309321 invalid=0 station_ok=yes
[INFO] [1786982911.930859178] [a3_receive_input_gateway]: gateway calibrated=yes frame_age=0.7ms frames=310060 ball=0 base_poses=310041 invalid=0 station_ok=yes
[INFO] [1786982912.931041827] [a3_receive_input_gateway]: gateway calibrated=yes frame_age=0.1ms frames=310781 ball=0 base_poses=310762 invalid=0 station_ok=yes
[INFO] [1786982913.930902154] [a3_receive_input_gateway]: gateway calibrated=yes frame_age=0.1ms frames=311501 ball=0 base_poses=311482 invalid=0 station_ok=yes
[INFO] [1786982914.931174088] [a3_receive_input_gateway]: gateway calibrated=yes frame_age=0.2ms frames=312221 ball=0 base_poses=312202 invalid=0 station_ok=yes
[INFO] [1786982915.930954954] [a3_receive_input_gateway]: gateway calibrated=yes frame_age=0.2ms frames=312941 ball=0 base_poses=312922 invalid=0 station_ok=yes
[INFO] [1786982916.930992334] [a3_receive_input_gateway]: gateway calibrated=yes frame_age=0.2ms frames=313661 ball=0 base_poses=313642 invalid=0 station_ok=yes
[INFO] [1786982917.930838751] [a3_receive_input_gateway]: gateway calibrated=yes frame_age=0.3ms frames=314381 ball=0 base_poses=314362 invalid=0 station_ok=yes
[INFO] [1786982918.930897435] [a3_receive_input_gateway]: gateway calibrated=yes frame_age=2.0ms frames=315100 ball=0 base_poses=315081 invalid=0 station_ok=yes
[INFO] [1786982919.930847222] [a3_receive_input_gateway]: gateway calibrated=yes frame_age=0.7ms frames=315821 ball=0 base_poses=315802 invalid=0 station_ok=yes
[INFO] [1786982920.930842508] [a3_receive_input_gateway]: gateway calibrated=yes frame_age=0.7ms frames=316541 ball=0 base_poses=316522 invalid=0 station_ok=yes
[INFO] [1786982921.930893998] [a3_receive_input_gateway]: gateway calibrated=yes frame_age=1.0ms frames=317261 ball=0 base_poses=317242 invalid=0 station_ok=yes
[INFO] [1786982922.931915849] [a3_receive_input_gateway]: gateway calibrated=yes frame_age=2.1ms frames=317981 ball=0 base_poses=317962 invalid=0 station_ok=yes
[INFO] [1786982923.931075772] [a3_receive_input_gateway]: gateway calibrated=yes frame_age=0.3ms frames=318701 ball=0 base_poses=318682 invalid=0 station_ok=yes
[INFO] [1786982924.931171053] [a3_receive_input_gateway]: gateway calibrated=yes frame_age=0.2ms frames=319422 ball=0 base_poses=319403 invalid=0 station_ok=yes
[INFO] [1786982925.930845135] [a3_receive_input_gateway]: gateway calibrated=yes frame_age=0.4ms frames=320142 ball=0 base_poses=320123 invalid=0 station_ok=yes
[INFO] [1786982926.931153623] [a3_receive_input_gateway]: gateway calibrated=yes frame_age=0.8ms frames=320862 ball=0 base_poses=320843 invalid=0 station_ok=yes
[INFO] [1786982927.930844505] [a3_receive_input_gateway]: gateway calibrated=yes frame_age=0.8ms frames=321582 ball=0 base_poses=321563 invalid=0 station_ok=yes
[INFO] [1786982928.930843099] [a3_receive_input_gateway]: gateway calibrated=yes frame_age=1.0ms frames=322302 ball=0 base_poses=322283 invalid=0 station_ok=yes
[INFO] [1786982929.930879882] [a3_receive_input_gateway]: gateway calibrated=yes frame_age=1.2ms frames=323022 ball=0 base_poses=323003 invalid=0 station_ok=yes
[INFO] [1786982930.931007964] [a3_receive_input_gateway]: gateway calibrated=yes frame_age=1.3ms frames=323742 ball=0 base_poses=323723 invalid=0 station_ok=yes
[INFO] [1786982931.930889639] [a3_receive_input_gateway]: gateway calibrated=yes frame_age=1.4ms frames=324462 ball=0 base_poses=324443 invalid=0 station_ok=yes
[INFO] [1786982932.930893624] [a3_receive_input_gateway]: gateway calibrated=yes frame_age=1.6ms frames=325182 ball=0 base_poses=325163 invalid=0 station_ok=yes
[INFO] [1786982933.930888777] [a3_receive_input_gateway]: gateway calibrated=yes frame_age=1.9ms frames=325902 ball=0 base_poses=325883 invalid=0 station_ok=yes
[INFO] [1786982934.931068312] [a3_receive_input_gateway]: gateway calibrated=yes frame_age=0.2ms frames=326623 ball=0 base_poses=326604 invalid=0 station_ok=yes
[INFO] [1786982935.930844261] [a3_receive_input_gateway]: gateway calibrated=yes frame_age=0.3ms frames=327343 ball=0 base_poses=327324 invalid=0 station_ok=yes
[INFO] [1786982936.930839278] [a3_receive_input_gateway]: gateway calibrated=yes frame_age=0.4ms frames=328063 ball=0 base_poses=328044 invalid=0 station_ok=yes
[INFO] [1786982937.930954125] [a3_receive_input_gateway]: gateway calibrated=yes frame_age=0.1ms frames=328784 ball=0 base_poses=328765 invalid=0 station_ok=yes
[INFO] [1786982938.930789465] [a3_receive_input_gateway]: gateway calibrated=yes frame_age=0.1ms frames=329504 ball=0 base_poses=329485 invalid=0 station_ok=yes
[INFO] [1786982939.930918207] [a3_receive_input_gateway]: gateway calibrated=yes frame_age=0.1ms frames=330224 ball=0 base_poses=330205 invalid=0 station_ok=yes
[INFO] [1786982940.930845153] [a3_receive_input_gateway]: gateway calibrated=yes frame_age=0.5ms frames=330944 ball=0 base_poses=330925 invalid=0 station_ok=yes
[INFO] [1786982941.930895438] [a3_receive_input_gateway]: gateway calibrated=yes frame_age=0.6ms frames=331664 ball=0 base_poses=331645 invalid=0 station_ok=yes
[INFO] [1786982942.930848797] [a3_receive_input_gateway]: gateway calibrated=yes frame_age=0.3ms frames=332384 ball=0 base_poses=332365 invalid=0 station_ok=yes
[INFO] [1786982943.930845968] [a3_receive_input_gateway]: gateway calibrated=yes frame_age=1.0ms frames=333104 ball=0 base_poses=333085 invalid=0 station_ok=yes
[INFO] [1786982944.930848988] [a3_receive_input_gateway]: gateway calibrated=yes frame_age=1.0ms frames=333824 ball=0 base_poses=333805 invalid=0 station_ok=yes
[INFO] [1786982945.930885413] [a3_receive_input_gateway]: gateway calibrated=yes frame_age=0.3ms frames=334544 ball=0 base_poses=334525 invalid=0 station_ok=yes
[INFO] [1786982946.930825474] [a3_receive_input_gateway]: gateway calibrated=yes frame_age=1.5ms frames=335264 ball=0 base_poses=335245 invalid=0 station_ok=yes
[INFO] [1786982947.930909617] [a3_receive_input_gateway]: gateway calibrated=yes frame_age=0.2ms frames=335984 ball=0 base_poses=335965 invalid=0 station_ok=yes
[INFO] [1786982948.930844980] [a3_receive_input_gateway]: gateway calibrated=yes frame_age=0.5ms frames=336704 ball=0 base_poses=336685 invalid=0 station_ok=yes
[INFO] [1786982949.930838940] [a3_receive_input_gateway]: gateway calibrated=yes frame_age=0.4ms frames=337424 ball=0 base_poses=337405 invalid=0 station_ok=yes
[INFO] [1786982950.930831062] [a3_receive_input_gateway]: gateway calibrated=yes frame_age=0.6ms frames=338144 ball=0 base_poses=338125 invalid=0 station_ok=yes
[INFO] [1786982951.931402660] [a3_receive_input_gateway]: gateway calibrated=yes frame_age=0.3ms frames=338865 ball=0 base_poses=338846 invalid=0 station_ok=yes
[INFO] [1786982952.930860659] [a3_receive_input_gateway]: gateway calibrated=yes frame_age=1.0ms frames=339584 ball=0 base_poses=339565 invalid=0 station_ok=yes
[INFO] [1786982953.930869332] [a3_receive_input_gateway]: gateway calibrated=yes frame_age=1.2ms frames=340304 ball=0 base_poses=340285 invalid=0 station_ok=yes
[INFO] [1786982954.930884981] [a3_receive_input_gateway]: gateway calibrated=yes frame_age=1.3ms frames=341024 ball=0 base_poses=341005 invalid=0 station_ok=yes
[INFO] [1786982955.930904080] [a3_receive_input_gateway]: gateway calibrated=yes frame_age=1.6ms frames=341744 ball=0 base_poses=341725 invalid=0 station_ok=yes
[INFO] [1786982956.930952220] [a3_receive_input_gateway]: gateway calibrated=yes frame_age=1.7ms frames=342464 ball=0 base_poses=342445 invalid=0 station_ok=yes
[INFO] [1786982957.931228103] [a3_receive_input_gateway]: gateway calibrated=yes frame_age=0.1ms frames=343185 ball=0 base_poses=343166 invalid=0 station_ok=yes
[INFO] [1786982958.931972575] [a3_receive_input_gateway]: gateway calibrated=yes frame_age=0.9ms frames=343905 ball=0 base_poses=343886 invalid=0 station_ok=yes
[INFO] [1786982959.930926442] [a3_receive_input_gateway]: gateway calibrated=yes frame_age=0.2ms frames=344625 ball=0 base_poses=344606 invalid=0 station_ok=yes
[INFO] [1786982960.931037600] [a3_receive_input_gateway]: gateway calibrated=yes frame_age=0.2ms frames=345345 ball=0 base_poses=345326 invalid=0 station_ok=yes
[INFO] [1786982961.931080459] [a3_receive_input_gateway]: gateway calibrated=yes frame_age=0.1ms frames=346066 ball=0 base_poses=346047 invalid=0 station_ok=yes
[INFO] [1786982962.930928601] [a3_receive_input_gateway]: gateway calibrated=yes frame_age=0.1ms frames=346786 ball=0 base_poses=346767 invalid=0 station_ok=yes
[INFO] [1786982963.930842405] [a3_receive_input_gateway]: gateway calibrated=yes frame_age=0.1ms frames=347506 ball=0 base_poses=347487 invalid=0 station_ok=yes
[INFO] [1786982964.930844702] [a3_receive_input_gateway]: gateway calibrated=yes frame_age=0.3ms frames=348226 ball=0 base_poses=348207 invalid=0 station_ok=yes
[INFO] [1786982965.930929806] [a3_receive_input_gateway]: gateway calibrated=yes frame_age=1.0ms frames=348945 ball=0 base_poses=348926 invalid=0 station_ok=yes
[INFO] [1786982966.931718117] [a3_receive_input_gateway]: gateway calibrated=yes frame_age=0.7ms frames=349666 ball=0 base_poses=349647 invalid=0 station_ok=yes
[INFO] [1786982967.930869629] [a3_receive_input_gateway]: gateway calibrated=yes frame_age=0.8ms frames=350386 ball=0 base_poses=350367 invalid=0 station_ok=yes
[INFO] [1786982968.930871374] [a3_receive_input_gateway]: gateway calibrated=yes frame_age=1.0ms frames=351106 ball=0 base_poses=351087 invalid=0 station_ok=yes
[INFO] [1786982969.930828727] [a3_receive_input_gateway]: gateway calibrated=yes frame_age=0.9ms frames=351826 ball=0 base_poses=351807 invalid=0 station_ok=yes
[INFO] [1786982970.931121263] [a3_receive_input_gateway]: gateway calibrated=yes frame_age=0.4ms frames=352546 ball=0 base_poses=352527 invalid=0 station_ok=yes
[INFO] [1786982971.931055980] [a3_receive_input_gateway]: gateway calibrated=yes frame_age=1.6ms frames=353266 ball=0 base_poses=353247 invalid=0 station_ok=yes
[INFO] [1786982972.930820914] [a3_receive_input_gateway]: gateway calibrated=yes frame_age=1.6ms frames=353986 ball=0 base_poses=353967 invalid=0 station_ok=yes
[INFO] [1786982973.930854000] [a3_receive_input_gateway]: gateway calibrated=yes frame_age=1.7ms frames=354706 ball=0 base_poses=354687 invalid=0 station_ok=yes
[INFO] [1786982974.930841756] [a3_receive_input_gateway]: gateway calibrated=yes frame_age=0.5ms frames=355426 ball=0 base_poses=355407 invalid=0 station_ok=yes
[INFO] [1786982975.931060675] [a3_receive_input_gateway]: gateway calibrated=yes frame_age=0.1ms frames=356147 ball=0 base_poses=356128 invalid=0 station_ok=yes
[INFO] [1786982976.931301521] [a3_receive_input_gateway]: gateway calibrated=yes frame_age=0.1ms frames=356867 ball=0 base_poses=356848 invalid=0 station_ok=yes
[INFO] [1786982977.930834830] [a3_receive_input_gateway]: gateway calibrated=yes frame_age=0.2ms frames=357587 ball=0 base_poses=357568 invalid=0 station_ok=yes
[INFO] [1786982978.930883214] [a3_receive_input_gateway]: gateway calibrated=yes frame_age=2.4ms frames=358306 ball=0 base_poses=358287 invalid=0 station_ok=yes
[INFO] [1786982979.931763620] [a3_receive_input_gateway]: gateway calibrated=yes frame_age=2.5ms frames=359026 ball=0 base_poses=359007 invalid=0 station_ok=yes
[INFO] [1786982980.930862005] [a3_receive_input_gateway]: gateway calibrated=yes frame_age=2.7ms frames=359746 ball=0 base_poses=359727 invalid=0 station_ok=yes
[INFO] [1786982981.931093928] [a3_receive_input_gateway]: gateway calibrated=yes frame_age=1.2ms frames=360466 ball=0 base_poses=360447 invalid=0 station_ok=yes
[INFO] [1786982982.931479054] [a3_receive_input_gateway]: gateway calibrated=yes frame_age=0.2ms frames=361185 ball=0 base_poses=361166 invalid=0 station_ok=yes
[INFO] [1786982983.930975642] [a3_receive_input_gateway]: gateway calibrated=yes frame_age=1.1ms frames=361906 ball=0 base_poses=361887 invalid=0 station_ok=yes
[INFO] [1786982984.931835560] [a3_receive_input_gateway]: gateway calibrated=yes frame_age=2.3ms frames=362626 ball=0 base_poses=362607 invalid=0 station_ok=yes
[INFO] [1786982985.931026061] [a3_receive_input_gateway]: gateway calibrated=yes frame_age=0.2ms frames=363347 ball=0 base_poses=363328 invalid=0 station_ok=yes
[INFO] [1786982986.931137263] [a3_receive_input_gateway]: gateway calibrated=yes frame_age=0.2ms frames=364067 ball=0 base_poses=364048 invalid=0 station_ok=yes
[INFO] [1786982987.930905861] [a3_receive_input_gateway]: gateway calibrated=yes frame_age=0.5ms frames=364786 ball=0 base_poses=364767 invalid=0 station_ok=yes
[INFO] [1786982988.930864564] [a3_receive_input_gateway]: gateway calibrated=yes frame_age=1.7ms frames=365504 ball=0 base_poses=365485 invalid=0 station_ok=yes
[INFO] [1786982989.930955862] [a3_receive_input_gateway]: gateway calibrated=yes frame_age=0.1ms frames=366224 ball=0 base_poses=366205 invalid=0 station_ok=yes
[INFO] [1786982990.930827104] [a3_receive_input_gateway]: gateway calibrated=yes frame_age=0.3ms frames=366942 ball=0 base_poses=366923 invalid=0 station_ok=yes
[INFO] [1786982991.930904076] [a3_receive_input_gateway]: gateway calibrated=yes frame_age=1.3ms frames=367660 ball=0 base_poses=367641 invalid=0 station_ok=yes
[INFO] [1786982992.930829809] [a3_receive_input_gateway]: gateway calibrated=yes frame_age=0.5ms frames=368379 ball=0 base_poses=368360 invalid=0 station_ok=yes
[INFO] [1786982993.930843119] [a3_receive_input_gateway]: gateway calibrated=yes frame_age=1.1ms frames=369098 ball=0 base_poses=369079 invalid=0 station_ok=yes
[INFO] [1786982994.930865468] [a3_receive_input_gateway]: gateway calibrated=yes frame_age=0.1ms frames=369817 ball=0 base_poses=369798 invalid=0 station_ok=yes
[INFO] [1786982995.930860751] [a3_receive_input_gateway]: gateway calibrated=yes frame_age=0.4ms frames=370535 ball=0 base_poses=370516 invalid=0 station_ok=yes
[INFO] [1786982996.930916336] [a3_receive_input_gateway]: gateway calibrated=yes frame_age=2.2ms frames=371254 ball=0 base_poses=371235 invalid=0 station_ok=yes
[INFO] [1786982997.931030510] [a3_receive_input_gateway]: gateway calibrated=yes frame_age=0.6ms frames=371974 ball=0 base_poses=371955 invalid=0 station_ok=yes
[INFO] [1786982998.931142508] [a3_receive_input_gateway]: gateway calibrated=yes frame_age=0.3ms frames=372692 ball=0 base_poses=372673 invalid=0 station_ok=yes
[INFO] [1786982999.931144120] [a3_receive_input_gateway]: gateway calibrated=yes frame_age=0.2ms frames=373411 ball=0 base_poses=373392 invalid=0 station_ok=yes
[INFO] [1786983000.930822779] [a3_receive_input_gateway]: gateway calibrated=yes frame_age=0.2ms frames=374130 ball=0 base_poses=374111 invalid=0 station_ok=yes
[INFO] [1786983001.931340559] [a3_receive_input_gateway]: gateway calibrated=yes frame_age=0.6ms frames=374849 ball=0 base_poses=374830 invalid=0 station_ok=yes
[INFO] [1786983002.930836223] [a3_receive_input_gateway]: gateway calibrated=yes frame_age=0.8ms frames=375568 ball=0 base_poses=375549 invalid=0 station_ok=yes
[INFO] [1786983003.930918777] [a3_receive_input_gateway]: gateway calibrated=yes frame_age=1.4ms frames=376286 ball=0 base_poses=376267 invalid=0 station_ok=yes
[INFO] [1786983004.930866050] [a3_receive_input_gateway]: gateway calibrated=yes frame_age=0.4ms frames=377005 ball=0 base_poses=376986 invalid=0 station_ok=yes
[INFO] [1786983005.930960630] [a3_receive_input_gateway]: gateway calibrated=yes frame_age=1.1ms frames=377724 ball=0 base_poses=377705 invalid=0 station_ok=yes
[INFO] [1786983006.931080831] [a3_receive_input_gateway]: gateway calibrated=yes frame_age=0.9ms frames=378443 ball=0 base_poses=378424 invalid=0 station_ok=yes
[INFO] [1786983007.930855295] [a3_receive_input_gateway]: gateway calibrated=yes frame_age=1.5ms frames=379162 ball=0 base_poses=379143 invalid=0 station_ok=yes
[INFO] [1786983008.930842441] [a3_receive_input_gateway]: gateway calibrated=yes frame_age=0.3ms frames=379882 ball=0 base_poses=379863 invalid=0 station_ok=yes
[INFO] [1786983009.931048537] [a3_receive_input_gateway]: gateway calibrated=yes frame_age=1.1ms frames=380600 ball=0 base_poses=380581 invalid=0 station_ok=yes
[INFO] [1786983010.931001134] [a3_receive_input_gateway]: gateway calibrated=yes frame_age=0.2ms frames=381319 ball=0 base_poses=381300 invalid=0 station_ok=yes
[INFO] [1786983011.930840925] [a3_receive_input_gateway]: gateway calibrated=yes frame_age=0.9ms frames=382038 ball=0 base_poses=382019 invalid=0 station_ok=yes
[INFO] [1786983012.930928699] [a3_receive_input_gateway]: gateway calibrated=yes frame_age=0.6ms frames=382757 ball=0 base_poses=382738 invalid=0 station_ok=yes
[INFO] [1786983013.931305924] [a3_receive_input_gateway]: gateway calibrated=yes frame_age=0.7ms frames=383476 ball=0 base_poses=383457 invalid=0 station_ok=yes
[INFO] [1786983014.930919712] [a3_receive_input_gateway]: gateway calibrated=yes frame_age=0.2ms frames=384196 ball=0 base_poses=384177 invalid=0 station_ok=yes
[INFO] [1786983015.930831783] [a3_receive_input_gateway]: gateway calibrated=yes frame_age=1.2ms frames=384914 ball=0 base_poses=384895 invalid=0 station_ok=yes
[INFO] [1786983016.930954462] [a3_receive_input_gateway]: gateway calibrated=yes frame_age=0.1ms frames=385634 ball=0 base_poses=385615 invalid=0 station_ok=yes
[INFO] [1786983017.930840189] [a3_receive_input_gateway]: gateway calibrated=yes frame_age=1.4ms frames=386352 ball=0 base_poses=386333 invalid=0 station_ok=yes
[INFO] [1786983018.930796347] [a3_receive_input_gateway]: gateway calibrated=yes frame_age=0.2ms frames=387072 ball=0 base_poses=387053 invalid=0 station_ok=yes
[INFO] [1786983019.930837386] [a3_receive_input_gateway]: gateway calibrated=yes frame_age=0.4ms frames=387791 ball=0 base_poses=387772 invalid=0 station_ok=yes
[INFO] [1786983020.930846679] [a3_receive_input_gateway]: gateway calibrated=yes frame_age=1.1ms frames=388510 ball=0 base_poses=388491 invalid=0 station_ok=yes
[INFO] [1786983021.930837945] [a3_receive_input_gateway]: gateway calibrated=yes frame_age=0.1ms frames=389230 ball=0 base_poses=389211 invalid=0 station_ok=yes
[INFO] [1786983022.930869850] [a3_receive_input_gateway]: gateway calibrated=yes frame_age=1.4ms frames=389948 ball=0 base_poses=389929 invalid=0 station_ok=yes
[INFO] [1786983023.931050433] [a3_receive_input_gateway]: gateway calibrated=yes frame_age=0.1ms frames=390668 ball=0 base_poses=390649 invalid=0 station_ok=yes
[INFO] [1786983024.930870258] [a3_receive_input_gateway]: gateway calibrated=yes frame_age=1.2ms frames=391386 ball=0 base_poses=391367 invalid=0 station_ok=yes
[INFO] [1786983025.931238149] [a3_receive_input_gateway]: gateway calibrated=yes frame_age=0.2ms frames=392106 ball=0 base_poses=392087 invalid=0 station_ok=yes
[INFO] [1786983026.930845450] [a3_receive_input_gateway]: gateway calibrated=yes frame_age=0.5ms frames=392826 ball=0 base_poses=392807 invalid=0 station_ok=yes
[INFO] [1786983027.930877434] [a3_receive_input_gateway]: gateway calibrated=yes frame_age=1.7ms frames=393544 ball=0 base_poses=393525 invalid=0 station_ok=yes
[INFO] [1786983028.930841027] [a3_receive_input_gateway]: gateway calibrated=yes frame_age=0.5ms frames=394264 ball=0 base_poses=394245 invalid=0 station_ok=yes
[INFO] [1786983029.930913770] [a3_receive_input_gateway]: gateway calibrated=yes frame_age=0.2ms frames=394983 ball=0 base_poses=394964 invalid=0 station_ok=yes
[INFO] [1786983030.930849462] [a3_receive_input_gateway]: gateway calibrated=yes frame_age=0.6ms frames=395702 ball=0 base_poses=395683 invalid=0 station_ok=yes
[INFO] [1786983031.930840149] [a3_receive_input_gateway]: gateway calibrated=yes frame_age=0.2ms frames=396421 ball=0 base_poses=396402 invalid=0 station_ok=yes
[INFO] [1786983032.930967183] [a3_receive_input_gateway]: gateway calibrated=yes frame_age=1.2ms frames=397140 ball=0 base_poses=397121 invalid=0 station_ok=yes
[INFO] [1786983033.930834163] [a3_receive_input_gateway]: gateway calibrated=yes frame_age=0.3ms frames=397860 ball=0 base_poses=397841 invalid=0 station_ok=yes
[INFO] [1786983034.930826007] [a3_receive_input_gateway]: gateway calibrated=yes frame_age=0.5ms frames=398579 ball=0 base_poses=398560 invalid=0 station_ok=yes
[INFO] [1786983035.930871499] [a3_receive_input_gateway]: gateway calibrated=yes frame_age=1.8ms frames=399298 ball=0 base_poses=399279 invalid=0 station_ok=yes
[INFO] [1786983036.930842521] [a3_receive_input_gateway]: gateway calibrated=yes frame_age=0.5ms frames=400018 ball=0 base_poses=399999 invalid=0 station_ok=yes
[INFO] [1786983037.931067622] [a3_receive_input_gateway]: gateway calibrated=yes frame_age=0.1ms frames=400738 ball=0 base_poses=400719 invalid=0 station_ok=yes
[INFO] [1786983038.930875042] [a3_receive_input_gateway]: gateway calibrated=yes frame_age=1.0ms frames=401456 ball=0 base_poses=401437 invalid=0 station_ok=yes
[INFO] [1786983039.931425942] [a3_receive_input_gateway]: gateway calibrated=yes frame_age=0.4ms frames=402175 ball=0 base_poses=402156 invalid=0 station_ok=yes
[INFO] [1786983040.930824265] [a3_receive_input_gateway]: gateway calibrated=yes frame_age=1.7ms frames=402894 ball=0 base_poses=402875 invalid=0 station_ok=yes
[INFO] [1786983041.930831349] [a3_receive_input_gateway]: gateway calibrated=yes frame_age=1.0ms frames=403614 ball=0 base_poses=403595 invalid=0 station_ok=yes
[INFO] [1786983042.930826457] [a3_receive_input_gateway]: gateway calibrated=yes frame_age=0.1ms frames=404334 ball=0 base_poses=404315 invalid=0 station_ok=yes
[INFO] [1786983043.930837309] [a3_receive_input_gateway]: gateway calibrated=yes frame_age=0.6ms frames=405053 ball=0 base_poses=405034 invalid=0 station_ok=yes
[INFO] [1786983044.930874867] [a3_receive_input_gateway]: gateway calibrated=yes frame_age=0.2ms frames=405773 ball=0 base_poses=405754 invalid=0 station_ok=yes
[INFO] [1786983045.931043812] [a3_receive_input_gateway]: gateway calibrated=yes frame_age=0.6ms frames=406492 ball=0 base_poses=406473 invalid=0 station_ok=yes
[INFO] [1786983046.930837788] [a3_receive_input_gateway]: gateway calibrated=yes frame_age=0.2ms frames=407212 ball=0 base_poses=407193 invalid=0 station_ok=yes
[INFO] [1786983047.931054437] [a3_receive_input_gateway]: gateway calibrated=yes frame_age=0.2ms frames=407931 ball=0 base_poses=407912 invalid=0 station_ok=yes
[INFO] [1786983048.930824651] [a3_receive_input_gateway]: gateway calibrated=yes frame_age=0.7ms frames=408650 ball=0 base_poses=408631 invalid=0 station_ok=yes
[INFO] [1786983049.930995222] [a3_receive_input_gateway]: gateway calibrated=yes frame_age=0.1ms frames=409370 ball=0 base_poses=409351 invalid=0 station_ok=yes
[INFO] [1786983050.930873748] [a3_receive_input_gateway]: gateway calibrated=yes frame_age=1.7ms frames=410088 ball=0 base_poses=410069 invalid=0 station_ok=yes
[INFO] [1786983051.930886846] [a3_receive_input_gateway]: gateway calibrated=yes frame_age=1.0ms frames=410808 ball=0 base_poses=410789 invalid=0 station_ok=yes
[INFO] [1786983052.931585038] [a3_receive_input_gateway]: gateway calibrated=yes frame_age=0.4ms frames=411528 ball=0 base_poses=411509 invalid=0 station_ok=yes
[INFO] [1786983053.931177165] [a3_receive_input_gateway]: gateway calibrated=yes frame_age=0.4ms frames=412247 ball=0 base_poses=412228 invalid=0 station_ok=yes
[INFO] [1786983054.930902174] [a3_receive_input_gateway]: gateway calibrated=yes frame_age=0.2ms frames=412967 ball=0 base_poses=412948 invalid=0 station_ok=yes
[INFO] [1786983055.931041983] [a3_receive_input_gateway]: gateway calibrated=yes frame_age=1.6ms frames=413686 ball=0 base_poses=413667 invalid=0 station_ok=yes
[INFO] [1786983056.930824598] [a3_receive_input_gateway]: gateway calibrated=yes frame_age=0.7ms frames=414406 ball=0 base_poses=414387 invalid=0 station_ok=yes
[INFO] [1786983057.930843523] [a3_receive_input_gateway]: gateway calibrated=yes frame_age=0.1ms frames=415126 ball=0 base_poses=415107 invalid=0 station_ok=yes
[INFO] [1786983058.930904880] [a3_receive_input_gateway]: gateway calibrated=yes frame_age=0.1ms frames=415845 ball=0 base_poses=415826 invalid=0 station_ok=yes
[INFO] [1786983059.930841001] [a3_receive_input_gateway]: gateway calibrated=yes frame_age=0.5ms frames=416564 ball=0 base_poses=416545 invalid=0 station_ok=yes
[INFO] [1786983060.930789286] [a3_receive_input_gateway]: gateway calibrated=yes frame_age=0.6ms frames=417283 ball=0 base_poses=417264 invalid=0 station_ok=yes
[INFO] [1786983061.930909226] [a3_receive_input_gateway]: gateway calibrated=yes frame_age=0.1ms frames=418003 ball=0 base_poses=417984 invalid=0 station_ok=yes
[INFO] [1786983062.930892689] [a3_receive_input_gateway]: gateway calibrated=yes frame_age=1.3ms frames=418722 ball=0 base_poses=418703 invalid=0 station_ok=yes
[INFO] [1786983063.930862359] [a3_receive_input_gateway]: gateway calibrated=yes frame_age=0.7ms frames=419442 ball=0 base_poses=419423 invalid=0 station_ok=yes
[INFO] [1786983064.931896746] [a3_receive_input_gateway]: gateway calibrated=yes frame_age=0.5ms frames=420162 ball=0 base_poses=420143 invalid=0 station_ok=yes
[INFO] [1786983065.930828714] [a3_receive_input_gateway]: gateway calibrated=yes frame_age=0.8ms frames=420881 ball=0 base_poses=420862 invalid=0 station_ok=yes
[INFO] [1786983066.931397271] [a3_receive_input_gateway]: gateway calibrated=yes frame_age=0.2ms frames=421601 ball=0 base_poses=421582 invalid=0 station_ok=yes
[INFO] [1786983067.930856845] [a3_receive_input_gateway]: gateway calibrated=yes frame_age=1.7ms frames=422320 ball=0 base_poses=422301 invalid=0 station_ok=yes
[INFO] [1786983068.930890146] [a3_receive_input_gateway]: gateway calibrated=yes frame_age=0.8ms frames=423040 ball=0 base_poses=423021 invalid=0 station_ok=yes
[INFO] [1786983069.930820837] [a3_receive_input_gateway]: gateway calibrated=yes frame_age=0.4ms frames=423760 ball=0 base_poses=423741 invalid=0 station_ok=yes
[INFO] [1786983070.930910058] [a3_receive_input_gateway]: gateway calibrated=yes frame_age=0.5ms frames=424479 ball=0 base_poses=424460 invalid=0 station_ok=yes
[INFO] [1786983071.930821421] [a3_receive_input_gateway]: gateway calibrated=yes frame_age=1.3ms frames=425198 ball=0 base_poses=425179 invalid=0 station_ok=yes
[INFO] [1786983072.930893869] [a3_receive_input_gateway]: gateway calibrated=yes frame_age=0.1ms frames=425918 ball=0 base_poses=425899 invalid=0 station_ok=yes
[INFO] [1786983073.930855521] [a3_receive_input_gateway]: gateway calibrated=yes frame_age=0.1ms frames=426638 ball=0 base_poses=426619 invalid=0 station_ok=yes
[INFO] [1786983074.930926895] [a3_receive_input_gateway]: gateway calibrated=yes frame_age=0.2ms frames=427357 ball=0 base_poses=427338 invalid=0 station_ok=yes
[INFO] [1786983075.930995916] [a3_receive_input_gateway]: gateway calibrated=yes frame_age=1.5ms frames=428076 ball=0 base_poses=428057 invalid=0 station_ok=yes
[INFO] [1786983076.930859223] [a3_receive_input_gateway]: gateway calibrated=yes frame_age=1.0ms frames=428796 ball=0 base_poses=428777 invalid=0 station_ok=yes
[INFO] [1786983077.930846091] [a3_receive_input_gateway]: gateway calibrated=yes frame_age=0.6ms frames=429516 ball=0 base_poses=429497 invalid=0 station_ok=yes
[INFO] [1786983078.931702936] [a3_receive_input_gateway]: gateway calibrated=yes frame_age=0.3ms frames=430236 ball=0 base_poses=430217 invalid=0 station_ok=yes
[INFO] [1786983079.930882999] [a3_receive_input_gateway]: gateway calibrated=yes frame_age=0.9ms frames=430955 ball=0 base_poses=430936 invalid=0 station_ok=yes
[INFO] [1786983080.930860083] [a3_receive_input_gateway]: gateway calibrated=yes frame_age=2.4ms frames=431674 ball=0 base_poses=431655 invalid=0 station_ok=yes
[INFO] [1786983081.930846783] [a3_receive_input_gateway]: gateway calibrated=yes frame_age=0.5ms frames=432394 ball=0 base_poses=432375 invalid=0 station_ok=yes
[INFO] [1786983082.930844249] [a3_receive_input_gateway]: gateway calibrated=yes frame_age=1.0ms frames=433114 ball=0 base_poses=433095 invalid=0 station_ok=yes
[INFO] [1786983083.930977096] [a3_receive_input_gateway]: gateway calibrated=yes frame_age=1.0ms frames=433834 ball=0 base_poses=433815 invalid=0 station_ok=yes
[INFO] [1786983084.930833936] [a3_receive_input_gateway]: gateway calibrated=yes frame_age=0.4ms frames=434553 ball=0 base_poses=434534 invalid=0 station_ok=yes
[INFO] [1786983085.931116596] [a3_receive_input_gateway]: gateway calibrated=yes frame_age=0.1ms frames=435273 ball=0 base_poses=435254 invalid=0 station_ok=yes
[INFO] [1786983086.931015891] [a3_receive_input_gateway]: gateway calibrated=yes frame_age=1.1ms frames=435992 ball=0 base_poses=435973 invalid=0 station_ok=yes
[INFO] [1786983087.930836144] [a3_receive_input_gateway]: gateway calibrated=yes frame_age=0.9ms frames=436712 ball=0 base_poses=436693 invalid=0 station_ok=yes
[INFO] [1786983088.930905673] [a3_receive_input_gateway]: gateway calibrated=yes frame_age=0.5ms frames=437432 ball=0 base_poses=437413 invalid=0 station_ok=yes
[INFO] [1786983089.931012911] [a3_receive_input_gateway]: gateway calibrated=yes frame_age=0.1ms frames=438152 ball=0 base_poses=438133 invalid=0 station_ok=yes
[INFO] [1786983090.931019678] [a3_receive_input_gateway]: gateway calibrated=yes frame_age=0.2ms frames=438871 ball=0 base_poses=438852 invalid=0 station_ok=yes
[INFO] [1786983091.930891114] [a3_receive_input_gateway]: gateway calibrated=yes frame_age=1.1ms frames=439590 ball=0 base_poses=439571 invalid=0 station_ok=yes
[INFO] [1786983092.930848086] [a3_receive_input_gateway]: gateway calibrated=yes frame_age=0.5ms frames=440310 ball=0 base_poses=440291 invalid=0 station_ok=yes
[INFO] [1786983093.930875121] [a3_receive_input_gateway]: gateway calibrated=yes frame_age=0.1ms frames=441030 ball=0 base_poses=441011 invalid=0 station_ok=yes
[INFO] [1786983094.931063442] [a3_receive_input_gateway]: gateway calibrated=yes frame_age=0.3ms frames=441749 ball=0 base_poses=441730 invalid=0 station_ok=yes
[INFO] [1786983095.931120685] [a3_receive_input_gateway]: gateway calibrated=yes frame_age=0.2ms frames=442469 ball=0 base_poses=442450 invalid=0 station_ok=yes
[INFO] [1786983096.931062405] [a3_receive_input_gateway]: gateway calibrated=yes frame_age=1.0ms frames=443188 ball=0 base_poses=443169 invalid=0 station_ok=yes
[INFO] [1786983097.930844172] [a3_receive_input_gateway]: gateway calibrated=yes frame_age=1.1ms frames=443908 ball=0 base_poses=443889 invalid=0 station_ok=yes
[INFO] [1786983098.930847644] [a3_receive_input_gateway]: gateway calibrated=yes frame_age=0.5ms frames=444628 ball=0 base_poses=444609 invalid=0 station_ok=yes
[INFO] [1786983099.930781852] [a3_receive_input_gateway]: gateway calibrated=yes frame_age=0.1ms frames=445348 ball=0 base_poses=445329 invalid=0 station_ok=yes
[INFO] [1786983100.930974456] [a3_receive_input_gateway]: gateway calibrated=yes frame_age=0.1ms frames=446068 ball=0 base_poses=446049 invalid=0 station_ok=yes
[INFO] [1786983101.930826731] [a3_receive_input_gateway]: gateway calibrated=yes frame_age=0.6ms frames=446787 ball=0 base_poses=446768 invalid=0 station_ok=yes
[INFO] [1786983102.930873167] [a3_receive_input_gateway]: gateway calibrated=yes frame_age=0.3ms frames=447507 ball=0 base_poses=447488 invalid=0 station_ok=yes
[INFO] [1786983103.931017849] [a3_receive_input_gateway]: gateway calibrated=yes frame_age=0.1ms frames=448227 ball=0 base_poses=448208 invalid=0 station_ok=yes
[INFO] [1786983104.930886953] [a3_receive_input_gateway]: gateway calibrated=yes frame_age=1.7ms frames=448946 ball=0 base_poses=448927 invalid=0 station_ok=yes
[INFO] [1786983105.930949247] [a3_receive_input_gateway]: gateway calibrated=yes frame_age=1.1ms frames=449666 ball=0 base_poses=449647 invalid=0 station_ok=yes
[INFO] [1786983106.931168337] [a3_receive_input_gateway]: gateway calibrated=yes frame_age=0.3ms frames=450386 ball=0 base_poses=450367 invalid=0 station_ok=yes
[INFO] [1786983107.930833637] [a3_receive_input_gateway]: gateway calibrated=yes frame_age=0.5ms frames=451106 ball=0 base_poses=451087 invalid=0 station_ok=yes
[INFO] [1786983108.931571062] [a3_receive_input_gateway]: gateway calibrated=yes frame_age=0.3ms frames=451826 ball=0 base_poses=451807 invalid=0 station_ok=yes
[INFO] [1786983109.930827513] [a3_receive_input_gateway]: gateway calibrated=yes frame_age=0.3ms frames=452545 ball=0 base_poses=452526 invalid=0 station_ok=yes
[INFO] [1786983110.930865517] [a3_receive_input_gateway]: gateway calibrated=yes frame_age=0.1ms frames=453265 ball=0 base_poses=453246 invalid=0 station_ok=yes
[INFO] [1786983111.930825671] [a3_receive_input_gateway]: gateway calibrated=yes frame_age=1.1ms frames=453984 ball=0 base_poses=453965 invalid=0 station_ok=yes
[INFO] [1786983112.931019763] [a3_receive_input_gateway]: gateway calibrated=yes frame_age=0.9ms frames=454704 ball=0 base_poses=454685 invalid=0 station_ok=yes
[INFO] [1786983113.930825745] [a3_receive_input_gateway]: gateway calibrated=yes frame_age=0.3ms frames=455424 ball=0 base_poses=455405 invalid=0 station_ok=yes
[INFO] [1786983114.930951754] [a3_receive_input_gateway]: gateway calibrated=yes frame_age=0.1ms frames=456144 ball=0 base_poses=456125 invalid=0 station_ok=yes
[INFO] [1786983115.930836572] [a3_receive_input_gateway]: gateway calibrated=yes frame_age=0.3ms frames=456863 ball=0 base_poses=456844 invalid=0 station_ok=yes
[INFO] [1786983116.931966889] [a3_receive_input_gateway]: gateway calibrated=yes frame_age=0.4ms frames=457583 ball=0 base_poses=457564 invalid=0 station_ok=yes
[INFO] [1786983117.930907290] [a3_receive_input_gateway]: gateway calibrated=yes frame_age=1.7ms frames=458302 ball=0 base_poses=458283 invalid=0 station_ok=yes
[INFO] [1786983118.930858957] [a3_receive_input_gateway]: gateway calibrated=yes frame_age=0.7ms frames=459022 ball=0 base_poses=459003 invalid=0 station_ok=yes
[INFO] [1786983119.930893276] [a3_receive_input_gateway]: gateway calibrated=yes frame_age=0.2ms frames=459742 ball=0 base_poses=459723 invalid=0 station_ok=yes
[INFO] [1786983120.931361264] [a3_receive_input_gateway]: gateway calibrated=yes frame_age=0.3ms frames=460462 ball=0 base_poses=460443 invalid=0 station_ok=yes
[INFO] [1786983121.930973635] [a3_receive_input_gateway]: gateway calibrated=yes frame_age=0.2ms frames=461181 ball=0 base_poses=461162 invalid=0 station_ok=yes
[INFO] [1786983122.931169352] [a3_receive_input_gateway]: gateway calibrated=yes frame_age=0.2ms frames=461901 ball=0 base_poses=461882 invalid=0 station_ok=yes
[INFO] [1786983123.930913100] [a3_receive_input_gateway]: gateway calibrated=yes frame_age=2.9ms frames=462620 ball=0 base_poses=462601 invalid=0 station_ok=yes
[INFO] [1786983124.930855474] [a3_receive_input_gateway]: gateway calibrated=yes frame_age=1.2ms frames=463340 ball=0 base_poses=463321 invalid=0 station_ok=yes
[INFO] [1786983125.930850251] [a3_receive_input_gateway]: gateway calibrated=yes frame_age=1.1ms frames=464060 ball=0 base_poses=464041 invalid=0 station_ok=yes
[INFO] [1786983126.930854096] [a3_receive_input_gateway]: gateway calibrated=yes frame_age=0.8ms frames=464780 ball=0 base_poses=464761 invalid=0 station_ok=yes
[INFO] [1786983127.930891418] [a3_receive_input_gateway]: gateway calibrated=yes frame_age=0.3ms frames=465500 ball=0 base_poses=465481 invalid=0 station_ok=yes
[INFO] [1786983128.931063563] [a3_receive_input_gateway]: gateway calibrated=yes frame_age=0.2ms frames=466220 ball=0 base_poses=466201 invalid=0 station_ok=yes
[INFO] [1786983129.931964530] [a3_receive_input_gateway]: gateway calibrated=yes frame_age=0.5ms frames=466940 ball=0 base_poses=466921 invalid=0 station_ok=yes
[INFO] [1786983130.930830749] [a3_receive_input_gateway]: gateway calibrated=yes frame_age=0.7ms frames=467659 ball=0 base_poses=467640 invalid=0 station_ok=yes
[INFO] [1786983131.930832969] [a3_receive_input_gateway]: gateway calibrated=yes frame_age=0.5ms frames=468379 ball=0 base_poses=468360 invalid=0 station_ok=yes
[INFO] [1786983132.930837666] [a3_receive_input_gateway]: gateway calibrated=yes frame_age=0.3ms frames=469099 ball=0 base_poses=469080 invalid=0 station_ok=yes
[INFO] [1786983133.931075218] [a3_receive_input_gateway]: gateway calibrated=yes frame_age=0.2ms frames=469819 ball=0 base_poses=469800 invalid=0 station_ok=yes
[INFO] [1786983134.930972292] [a3_receive_input_gateway]: gateway calibrated=yes frame_age=1.8ms frames=470538 ball=0 base_poses=470519 invalid=0 station_ok=yes
[INFO] [1786983135.930864582] [a3_receive_input_gateway]: gateway calibrated=yes frame_age=1.5ms frames=471258 ball=0 base_poses=471239 invalid=0 station_ok=yes
[INFO] [1786983136.931018137] [a3_receive_input_gateway]: gateway calibrated=yes frame_age=1.4ms frames=471978 ball=0 base_poses=471959 invalid=0 station_ok=yes
[INFO] [1786983137.930865811] [a3_receive_input_gateway]: gateway calibrated=yes frame_age=0.9ms frames=472697 ball=0 base_poses=472678 invalid=0 station_ok=yes
[INFO] [1786983138.930846179] [a3_receive_input_gateway]: gateway calibrated=yes frame_age=0.6ms frames=473418 ball=0 base_poses=473399 invalid=0 station_ok=yes
[INFO] [1786983139.930830419] [a3_receive_input_gateway]: gateway calibrated=yes frame_age=0.4ms frames=474138 ball=0 base_poses=474119 invalid=0 station_ok=yes
[INFO] [1786983140.930850568] [a3_receive_input_gateway]: gateway calibrated=yes frame_age=0.1ms frames=474858 ball=0 base_poses=474839 invalid=0 station_ok=yes
[INFO] [1786983141.930843355] [a3_receive_input_gateway]: gateway calibrated=yes frame_age=0.5ms frames=475577 ball=0 base_poses=475558 invalid=0 station_ok=yes
[INFO] [1786983142.930853854] [a3_receive_input_gateway]: gateway calibrated=yes frame_age=1.4ms frames=476296 ball=0 base_poses=476277 invalid=0 station_ok=yes
[INFO] [1786983143.930972040] [a3_receive_input_gateway]: gateway calibrated=yes frame_age=1.0ms frames=477016 ball=0 base_poses=476997 invalid=0 station_ok=yes
[INFO] [1786983144.930980821] [a3_receive_input_gateway]: gateway calibrated=yes frame_age=1.2ms frames=477736 ball=0 base_poses=477717 invalid=0 station_ok=yes
[INFO] [1786983145.930868369] [a3_receive_input_gateway]: gateway calibrated=yes frame_age=0.8ms frames=478456 ball=0 base_poses=478437 invalid=0 station_ok=yes
[INFO] [1786983146.930795612] [a3_receive_input_gateway]: gateway calibrated=yes frame_age=0.5ms frames=479176 ball=0 base_poses=479157 invalid=0 station_ok=yes
[INFO] [1786983147.930826057] [a3_receive_input_gateway]: gateway calibrated=yes frame_age=0.4ms frames=479896 ball=0 base_poses=479877 invalid=0 station_ok=yes
[INFO] [1786983148.930908028] [a3_receive_input_gateway]: gateway calibrated=yes frame_age=0.1ms frames=480616 ball=0 base_poses=480597 invalid=0 station_ok=yes
[INFO] [1786983149.930819023] [a3_receive_input_gateway]: gateway calibrated=yes frame_age=0.5ms frames=481335 ball=0 base_poses=481316 invalid=0 station_ok=yes
[INFO] [1786983150.930967285] [a3_receive_input_gateway]: gateway calibrated=yes frame_age=0.2ms frames=482055 ball=0 base_poses=482036 invalid=0 station_ok=yes
[INFO] [1786983151.931133290] [a3_receive_input_gateway]: gateway calibrated=yes frame_age=0.2ms frames=482775 ball=0 base_poses=482756 invalid=0 station_ok=yes
[INFO] [1786983152.930849667] [a3_receive_input_gateway]: gateway calibrated=yes frame_age=1.0ms frames=483494 ball=0 base_poses=483475 invalid=0 station_ok=yes
[INFO] [1786983153.930837929] [a3_receive_input_gateway]: gateway calibrated=yes frame_age=0.9ms frames=484214 ball=0 base_poses=484195 invalid=0 station_ok=yes
[INFO] [1786983154.930835105] [a3_receive_input_gateway]: gateway calibrated=yes frame_age=0.6ms frames=484934 ball=0 base_poses=484915 invalid=0 station_ok=yes
[INFO] [1786983155.930836592] [a3_receive_input_gateway]: gateway calibrated=yes frame_age=0.4ms frames=485654 ball=0 base_poses=485635 invalid=0 station_ok=yes
[INFO] [1786983156.930881501] [a3_receive_input_gateway]: gateway calibrated=yes frame_age=0.2ms frames=486374 ball=0 base_poses=486355 invalid=0 station_ok=yes
[INFO] [1786983157.931025791] [a3_receive_input_gateway]: gateway calibrated=yes frame_age=0.1ms frames=487094 ball=0 base_poses=487075 invalid=0 station_ok=yes
[INFO] [1786983158.930839132] [a3_receive_input_gateway]: gateway calibrated=yes frame_age=0.3ms frames=487813 ball=0 base_poses=487794 invalid=0 station_ok=yes
[INFO] [1786983159.931266879] [a3_receive_input_gateway]: gateway calibrated=yes frame_age=0.3ms frames=488533 ball=0 base_poses=488514 invalid=0 station_ok=yes
[INFO] [1786983160.931151384] [a3_receive_input_gateway]: gateway calibrated=yes frame_age=0.2ms frames=489253 ball=0 base_poses=489234 invalid=0 station_ok=yes
[INFO] [1786983161.930887738] [a3_receive_input_gateway]: gateway calibrated=yes frame_age=1.5ms frames=489972 ball=0 base_poses=489953 invalid=0 station_ok=yes
[INFO] [1786983162.930978658] [a3_receive_input_gateway]: gateway calibrated=yes frame_age=1.2ms frames=490692 ball=0 base_poses=490673 invalid=0 station_ok=yes
[INFO] [1786983163.930828790] [a3_receive_input_gateway]: gateway calibrated=yes frame_age=1.2ms frames=491412 ball=0 base_poses=491393 invalid=0 station_ok=yes
[INFO] [1786983164.931084894] [a3_receive_input_gateway]: gateway calibrated=yes frame_age=0.8ms frames=492132 ball=0 base_poses=492113 invalid=0 station_ok=yes
[INFO] [1786983165.930841929] [a3_receive_input_gateway]: gateway calibrated=yes frame_age=0.8ms frames=492852 ball=0 base_poses=492833 invalid=0 station_ok=yes
[INFO] [1786983166.930883435] [a3_receive_input_gateway]: gateway calibrated=yes frame_age=0.5ms frames=493572 ball=0 base_poses=493553 invalid=0 station_ok=yes
[INFO] [1786983167.931025782] [a3_receive_input_gateway]: gateway calibrated=yes frame_age=0.2ms frames=494291 ball=0 base_poses=494272 invalid=0 station_ok=yes
[INFO] [1786983168.931188284] [a3_receive_input_gateway]: gateway calibrated=yes frame_age=0.2ms frames=495011 ball=0 base_poses=494992 invalid=0 station_ok=yes
[INFO] [1786983169.930878200] [a3_receive_input_gateway]: gateway calibrated=yes frame_age=1.9ms frames=495730 ball=0 base_poses=495711 invalid=0 station_ok=yes
[INFO] [1786983170.930875111] [a3_receive_input_gateway]: gateway calibrated=yes frame_age=1.5ms frames=496450 ball=0 base_poses=496431 invalid=0 station_ok=yes
[INFO] [1786983171.930892949] [a3_receive_input_gateway]: gateway calibrated=yes frame_age=1.4ms frames=497170 ball=0 base_poses=497151 invalid=0 station_ok=yes
[INFO] [1786983172.930888883] [a3_receive_input_gateway]: gateway calibrated=yes frame_age=1.4ms frames=497890 ball=0 base_poses=497871 invalid=0 station_ok=yes
[INFO] [1786983173.930851241] [a3_receive_input_gateway]: gateway calibrated=yes frame_age=2.3ms frames=498610 ball=0 base_poses=498591 invalid=0 station_ok=yes
[INFO] [1786983174.930838374] [a3_receive_input_gateway]: gateway calibrated=yes frame_age=0.7ms frames=499330 ball=0 base_poses=499311 invalid=0 station_ok=yes
[INFO] [1786983175.931147951] [a3_receive_input_gateway]: gateway calibrated=yes frame_age=0.4ms frames=500050 ball=0 base_poses=500031 invalid=0 station_ok=yes
[INFO] [1786983176.930853083] [a3_receive_input_gateway]: gateway calibrated=yes frame_age=1.5ms frames=500770 ball=0 base_poses=500751 invalid=0 station_ok=yes
[INFO] [1786983177.931546184] [a3_receive_input_gateway]: gateway calibrated=yes frame_age=0.5ms frames=501490 ball=0 base_poses=501471 invalid=0 station_ok=yes
[INFO] [1786983178.931137879] [a3_receive_input_gateway]: gateway calibrated=yes frame_age=0.2ms frames=502210 ball=0 base_poses=502191 invalid=0 station_ok=yes
[INFO] [1786983179.930911315] [a3_receive_input_gateway]: gateway calibrated=yes frame_age=1.3ms frames=502929 ball=0 base_poses=502910 invalid=0 station_ok=yes
[INFO] [1786983180.930837822] [a3_receive_input_gateway]: gateway calibrated=yes frame_age=1.1ms frames=503649 ball=0 base_poses=503630 invalid=0 station_ok=yes
[INFO] [1786983181.930838246] [a3_receive_input_gateway]: gateway calibrated=yes frame_age=0.8ms frames=504369 ball=0 base_poses=504350 invalid=0 station_ok=yes
[INFO] [1786983182.931145225] [a3_receive_input_gateway]: gateway calibrated=yes frame_age=0.4ms frames=505089 ball=0 base_poses=505070 invalid=0 station_ok=yes
[INFO] [1786983183.930838682] [a3_receive_input_gateway]: gateway calibrated=yes frame_age=0.5ms frames=505809 ball=0 base_poses=505790 invalid=0 station_ok=yes
[INFO] [1786983184.930807365] [a3_receive_input_gateway]: gateway calibrated=yes frame_age=0.2ms frames=506529 ball=0 base_poses=506510 invalid=0 station_ok=yes
[INFO] [1786983185.930823697] [a3_receive_input_gateway]: gateway calibrated=yes frame_age=0.2ms frames=507249 ball=0 base_poses=507230 invalid=0 station_ok=yes
[INFO] [1786983186.930852624] [a3_receive_input_gateway]: gateway calibrated=yes frame_age=1.9ms frames=507968 ball=0 base_poses=507949 invalid=0 station_ok=yes
[INFO] [1786983187.930852162] [a3_receive_input_gateway]: gateway calibrated=yes frame_age=1.8ms frames=508688 ball=0 base_poses=508669 invalid=0 station_ok=yes
[INFO] [1786983188.930847262] [a3_receive_input_gateway]: gateway calibrated=yes frame_age=1.6ms frames=509408 ball=0 base_poses=509389 invalid=0 station_ok=yes
[INFO] [1786983189.930907494] [a3_receive_input_gateway]: gateway calibrated=yes frame_age=1.5ms frames=510128 ball=0 base_poses=510109 invalid=0 station_ok=yes
[INFO] [1786983190.931059004] [a3_receive_input_gateway]: gateway calibrated=yes frame_age=0.1ms frames=510848 ball=0 base_poses=510829 invalid=0 station_ok=yes
[INFO] [1786983191.930841851] [a3_receive_input_gateway]: gateway calibrated=yes frame_age=1.1ms frames=511567 ball=0 base_poses=511548 invalid=0 station_ok=yes
[INFO] [1786983192.930833650] [a3_receive_input_gateway]: gateway calibrated=yes frame_age=0.9ms frames=512287 ball=0 base_poses=512268 invalid=0 station_ok=yes
[INFO] [1786983193.931033664] [a3_receive_input_gateway]: gateway calibrated=yes frame_age=0.4ms frames=513007 ball=0 base_poses=512988 invalid=0 station_ok=yes
[INFO] [1786983194.930877730] [a3_receive_input_gateway]: gateway calibrated=yes frame_age=0.4ms frames=513727 ball=0 base_poses=513708 invalid=0 station_ok=yes
[INFO] [1786983195.931448196] [a3_receive_input_gateway]: gateway calibrated=yes frame_age=0.5ms frames=514447 ball=0 base_poses=514428 invalid=0 station_ok=yes
[INFO] [1786983196.931060530] [a3_receive_input_gateway]: gateway calibrated=yes frame_age=0.2ms frames=515167 ball=0 base_poses=515148 invalid=0 station_ok=yes
[INFO] [1786983197.931002135] [a3_receive_input_gateway]: gateway calibrated=yes frame_age=0.1ms frames=515887 ball=0 base_poses=515868 invalid=0 station_ok=yes
[INFO] [1786983198.930982339] [a3_receive_input_gateway]: gateway calibrated=yes frame_age=1.9ms frames=516606 ball=0 base_poses=516587 invalid=0 station_ok=yes
[INFO] [1786983199.930844444] [a3_receive_input_gateway]: gateway calibrated=yes frame_age=1.6ms frames=517326 ball=0 base_poses=517307 invalid=0 station_ok=yes
[INFO] [1786983200.930852205] [a3_receive_input_gateway]: gateway calibrated=yes frame_age=1.4ms frames=518046 ball=0 base_poses=518027 invalid=0 station_ok=yes
[INFO] [1786983201.930829897] [a3_receive_input_gateway]: gateway calibrated=yes frame_age=1.1ms frames=518766 ball=0 base_poses=518747 invalid=0 station_ok=yes
[INFO] [1786983202.930847342] [a3_receive_input_gateway]: gateway calibrated=yes frame_age=1.1ms frames=519486 ball=0 base_poses=519467 invalid=0 station_ok=yes
[INFO] [1786983203.930839781] [a3_receive_input_gateway]: gateway calibrated=yes frame_age=1.0ms frames=520206 ball=0 base_poses=520187 invalid=0 station_ok=yes
[INFO] [1786983204.931030206] [a3_receive_input_gateway]: gateway calibrated=yes frame_age=0.3ms frames=520926 ball=0 base_poses=520907 invalid=0 station_ok=yes
[INFO] [1786983205.930851744] [a3_receive_input_gateway]: gateway calibrated=yes frame_age=0.7ms frames=521646 ball=0 base_poses=521627 invalid=0 station_ok=yes
[INFO] [1786983206.930832170] [a3_receive_input_gateway]: gateway calibrated=yes frame_age=0.5ms frames=522366 ball=0 base_poses=522347 invalid=0 station_ok=yes
[INFO] [1786983207.930804775] [a3_receive_input_gateway]: gateway calibrated=yes frame_age=0.2ms frames=523086 ball=0 base_poses=523067 invalid=0 station_ok=yes
[INFO] [1786983208.930855281] [a3_receive_input_gateway]: gateway calibrated=yes frame_age=0.2ms frames=523806 ball=0 base_poses=523787 invalid=0 station_ok=yes
[INFO] [1786983209.931050345] [a3_receive_input_gateway]: gateway calibrated=yes frame_age=0.2ms frames=524526 ball=0 base_poses=524507 invalid=0 station_ok=yes
[INFO] [1786983210.930936100] [a3_receive_input_gateway]: gateway calibrated=yes frame_age=0.2ms frames=525245 ball=0 base_poses=525226 invalid=0 station_ok=yes
[INFO] [1786983211.930881063] [a3_receive_input_gateway]: gateway calibrated=yes frame_age=1.0ms frames=525964 ball=0 base_poses=525945 invalid=0 station_ok=yes
[INFO] [1786983212.930875867] [a3_receive_input_gateway]: gateway calibrated=yes frame_age=1.3ms frames=526684 ball=0 base_poses=526665 invalid=0 station_ok=yes
[INFO] [1786983213.930854365] [a3_receive_input_gateway]: gateway calibrated=yes frame_age=1.3ms frames=527404 ball=0 base_poses=527385 invalid=0 station_ok=yes
[INFO] [1786983214.931094172] [a3_receive_input_gateway]: gateway calibrated=yes frame_age=0.3ms frames=528124 ball=0 base_poses=528105 invalid=0 station_ok=yes
[INFO] [1786983215.930849176] [a3_receive_input_gateway]: gateway calibrated=yes frame_age=1.0ms frames=528844 ball=0 base_poses=528825 invalid=0 station_ok=yes
[INFO] [1786983216.930869023] [a3_receive_input_gateway]: gateway calibrated=yes frame_age=0.8ms frames=529564 ball=0 base_poses=529545 invalid=0 station_ok=yes
[INFO] [1786983217.930849956] [a3_receive_input_gateway]: gateway calibrated=yes frame_age=0.7ms frames=530284 ball=0 base_poses=530265 invalid=0 station_ok=yes
[INFO] [1786983218.930844019] [a3_receive_input_gateway]: gateway calibrated=yes frame_age=0.6ms frames=531004 ball=0 base_poses=530985 invalid=0 station_ok=yes
[INFO] [1786983219.931634942] [a3_receive_input_gateway]: gateway calibrated=yes frame_age=0.3ms frames=531724 ball=0 base_poses=531705 invalid=0 station_ok=yes
[INFO] [1786983220.930859195] [a3_receive_input_gateway]: gateway calibrated=yes frame_age=0.2ms frames=532444 ball=0 base_poses=532425 invalid=0 station_ok=yes
[INFO] [1786983221.930839410] [a3_receive_input_gateway]: gateway calibrated=yes frame_age=0.1ms frames=533164 ball=0 base_poses=533145 invalid=0 station_ok=yes
[INFO] [1786983222.931023978] [a3_receive_input_gateway]: gateway calibrated=yes frame_age=0.1ms frames=533884 ball=0 base_poses=533865 invalid=0 station_ok=yes
[INFO] [1786983223.930831742] [a3_receive_input_gateway]: gateway calibrated=yes frame_age=0.4ms frames=534603 ball=0 base_poses=534584 invalid=0 station_ok=yes
[INFO] [1786983224.930840670] [a3_receive_input_gateway]: gateway calibrated=yes frame_age=0.2ms frames=535323 ball=0 base_poses=535304 invalid=0 station_ok=yes
[INFO] [1786983225.930889254] [a3_receive_input_gateway]: gateway calibrated=yes frame_age=0.2ms frames=536043 ball=0 base_poses=536024 invalid=0 station_ok=yes
[INFO] [1786983226.930996981] [a3_receive_input_gateway]: gateway calibrated=yes frame_age=0.1ms frames=536763 ball=0 base_poses=536744 invalid=0 station_ok=yes
[INFO] [1786983227.930818198] [a3_receive_input_gateway]: gateway calibrated=yes frame_age=1.2ms frames=537482 ball=0 base_poses=537463 invalid=0 station_ok=yes
[INFO] [1786983228.930825949] [a3_receive_input_gateway]: gateway calibrated=yes frame_age=1.0ms frames=538202 ball=0 base_poses=538183 invalid=0 station_ok=yes
[INFO] [1786983229.930878257] [a3_receive_input_gateway]: gateway calibrated=yes frame_age=0.8ms frames=538922 ball=0 base_poses=538903 invalid=0 station_ok=yes
[INFO] [1786983230.931706485] [a3_receive_input_gateway]: gateway calibrated=yes frame_age=0.5ms frames=539642 ball=0 base_poses=539623 invalid=0 station_ok=yes
[INFO] [1786983231.930823247] [a3_receive_input_gateway]: gateway calibrated=yes frame_age=0.5ms frames=540362 ball=0 base_poses=540343 invalid=0 station_ok=yes
[INFO] [1786983232.930881810] [a3_receive_input_gateway]: gateway calibrated=yes frame_age=0.9ms frames=540839 ball=0 base_poses=540820 invalid=0 station_ok=yes
