[WARN] [1787241239.485740486] [a3_receive_input_gateway]: receive gateway started: mocap=/ppmocap/frame planner_input=/a3_mocap/ball_poses base_pose=/a3_mocap/pelvis_pose; inference=off joint_commands=off
[INFO] [1787241239.486526920] [a3_receive_input_gateway]: ball tracking: lost
[WARN] [1787241239.546592081] [a3_receive_input_gateway]: PPMocap calibrated: origin=near-left tabletop, +X=robot-to-opponent, +Y=robot-left, +Z=up
[INFO] [1787241240.478331077] [a3_receive_input_gateway]: gateway calibrated=yes frame_age=0.2ms frames=301 ball=0 base_poses=282 invalid=0 station_ok=yes
[INFO] [1787241241.478135179] [a3_receive_input_gateway]: gateway calibrated=yes frame_age=0.3ms frames=601 ball=0 base_poses=582 invalid=0 station_ok=yes
[INFO] [1787241242.478301066] [a3_receive_input_gateway]: gateway calibrated=yes frame_age=1.1ms frames=901 ball=0 base_poses=882 invalid=0 station_ok=yes
[INFO] [1787241243.478114227] [a3_receive_input_gateway]: gateway calibrated=yes frame_age=1.3ms frames=1201 ball=0 base_poses=1182 invalid=0 station_ok=yes
[INFO] [1787241244.478170492] [a3_receive_input_gateway]: gateway calibrated=yes frame_age=3.8ms frames=1500 ball=0 base_poses=1481 invalid=0 station_ok=yes
[INFO] [1787241245.478072017] [a3_receive_input_gateway]: gateway calibrated=yes frame_age=2.0ms frames=1801 ball=0 base_poses=1782 invalid=0 station_ok=yes
[INFO] [1787241246.478558625] [a3_receive_input_gateway]: gateway calibrated=yes frame_age=3.0ms frames=2101 ball=0 base_poses=2082 invalid=0 station_ok=yes
[INFO] [1787241247.478165350] [a3_receive_input_gateway]: gateway calibrated=yes frame_age=3.1ms frames=2401 ball=0 base_poses=2382 invalid=0 station_ok=yes
[INFO] [1787241248.478102435] [a3_receive_input_gateway]: gateway calibrated=yes frame_age=3.4ms frames=2701 ball=0 base_poses=2682 invalid=0 station_ok=yes
[INFO] [1787241249.478159383] [a3_receive_input_gateway]: gateway calibrated=yes frame_age=3.8ms frames=3001 ball=0 base_poses=2982 invalid=0 station_ok=yes
[INFO] [1787241250.478257109] [a3_receive_input_gateway]: gateway calibrated=yes frame_age=0.1ms frames=3302 ball=0 base_poses=3283 invalid=0 station_ok=yes
[INFO] [1787241251.478191571] [a3_receive_input_gateway]: gateway calibrated=yes frame_age=2.8ms frames=3601 ball=0 base_poses=3582 invalid=0 station_ok=yes
[INFO] [1787241252.478031841] [a3_receive_input_gateway]: gateway calibrated=yes frame_age=1.0ms frames=3902 ball=0 base_poses=3883 invalid=0 station_ok=yes
[INFO] [1787241253.478210589] [a3_receive_input_gateway]: gateway calibrated=yes frame_age=1.7ms frames=4202 ball=0 base_poses=4183 invalid=0 station_ok=yes
[INFO] [1787241254.478134669] [a3_receive_input_gateway]: gateway calibrated=yes frame_age=1.7ms frames=4502 ball=0 base_poses=4483 invalid=0 station_ok=yes
[INFO] [1787241255.478122446] [a3_receive_input_gateway]: gateway calibrated=yes frame_age=2.7ms frames=4802 ball=0 base_poses=4783 invalid=0 station_ok=yes
[INFO] [1787241256.478168071] [a3_receive_input_gateway]: gateway calibrated=yes frame_age=3.0ms frames=5102 ball=0 base_poses=5083 invalid=0 station_ok=yes
[INFO] [1787241257.478177629] [a3_receive_input_gateway]: gateway calibrated=yes frame_age=3.4ms frames=5402 ball=0 base_poses=5383 invalid=0 station_ok=yes
[INFO] [1787241258.478201672] [a3_receive_input_gateway]: gateway calibrated=yes frame_age=0.2ms frames=5703 ball=0 base_poses=5684 invalid=0 station_ok=yes
[INFO] [1787241259.478072938] [a3_receive_input_gateway]: gateway calibrated=yes frame_age=0.2ms frames=6003 ball=0 base_poses=5984 invalid=0 station_ok=yes
[INFO] [1787241260.478076742] [a3_receive_input_gateway]: gateway calibrated=yes frame_age=0.7ms frames=6303 ball=0 base_poses=6284 invalid=0 station_ok=yes
[INFO] [1787241261.478052650] [a3_receive_input_gateway]: gateway calibrated=yes frame_age=1.4ms frames=6603 ball=0 base_poses=6584 invalid=0 station_ok=yes
[INFO] [1787241262.478246598] [a3_receive_input_gateway]: gateway calibrated=yes frame_age=1.6ms frames=6903 ball=0 base_poses=6884 invalid=0 station_ok=yes
[INFO] [1787241263.478067510] [a3_receive_input_gateway]: gateway calibrated=yes frame_age=2.3ms frames=7203 ball=0 base_poses=7184 invalid=0 station_ok=yes
[INFO] [1787241264.478056975] [a3_receive_input_gateway]: gateway calibrated=yes frame_age=2.5ms frames=7503 ball=0 base_poses=7484 invalid=0 station_ok=yes
[INFO] [1787241265.478106683] [a3_receive_input_gateway]: gateway calibrated=yes frame_age=3.2ms frames=7803 ball=0 base_poses=7784 invalid=0 station_ok=yes
[INFO] [1787241266.478324716] [a3_receive_input_gateway]: gateway calibrated=yes frame_age=3.8ms frames=8103 ball=0 base_poses=8084 invalid=0 station_ok=yes
[INFO] [1787241267.478241467] [a3_receive_input_gateway]: gateway calibrated=yes frame_age=0.2ms frames=8404 ball=0 base_poses=8385 invalid=0 station_ok=yes
[INFO] [1787241268.478053090] [a3_receive_input_gateway]: gateway calibrated=yes frame_age=0.3ms frames=8704 ball=0 base_poses=8685 invalid=0 station_ok=yes
[INFO] [1787241269.478158063] [a3_receive_input_gateway]: gateway calibrated=yes frame_age=1.0ms frames=9004 ball=0 base_poses=8985 invalid=0 station_ok=yes
[INFO] [1787241270.478190551] [a3_receive_input_gateway]: gateway calibrated=yes frame_age=1.3ms frames=9304 ball=0 base_poses=9285 invalid=0 station_ok=yes
[INFO] [1787241271.478250495] [a3_receive_input_gateway]: gateway calibrated=yes frame_age=0.1ms frames=9605 ball=0 base_poses=9586 invalid=0 station_ok=yes
[INFO] [1787241272.478307288] [a3_receive_input_gateway]: gateway calibrated=yes frame_age=2.2ms frames=9904 ball=0 base_poses=9885 invalid=0 station_ok=yes
[INFO] [1787241273.478212618] [a3_receive_input_gateway]: gateway calibrated=yes frame_age=2.9ms frames=10204 ball=0 base_poses=10185 invalid=0 station_ok=yes
[INFO] [1787241274.478254449] [a3_receive_input_gateway]: gateway calibrated=yes frame_age=3.3ms frames=10504 ball=0 base_poses=10485 invalid=0 station_ok=yes
[INFO] [1787241275.478064067] [a3_receive_input_gateway]: gateway calibrated=yes frame_age=1.6ms frames=10805 ball=0 base_poses=10786 invalid=0 station_ok=yes
[INFO] [1787241276.478082848] [a3_receive_input_gateway]: gateway calibrated=yes frame_age=0.1ms frames=11105 ball=0 base_poses=11086 invalid=0 station_ok=yes
[INFO] [1787241277.478132929] [a3_receive_input_gateway]: gateway calibrated=yes frame_age=0.6ms frames=11405 ball=0 base_poses=11386 invalid=0 station_ok=yes
[INFO] [1787241278.478066984] [a3_receive_input_gateway]: gateway calibrated=yes frame_age=1.1ms frames=11705 ball=0 base_poses=11686 invalid=0 station_ok=yes
[INFO] [1787241279.478067869] [a3_receive_input_gateway]: gateway calibrated=yes frame_age=1.4ms frames=12005 ball=0 base_poses=11986 invalid=0 station_ok=yes
[INFO] [1787241280.478543096] [a3_receive_input_gateway]: gateway calibrated=yes frame_age=0.3ms frames=12306 ball=0 base_poses=12287 invalid=0 station_ok=yes
[INFO] [1787241281.478120517] [a3_receive_input_gateway]: gateway calibrated=yes frame_age=0.4ms frames=12606 ball=0 base_poses=12587 invalid=0 station_ok=yes
[INFO] [1787241282.478146502] [a3_receive_input_gateway]: gateway calibrated=yes frame_age=0.7ms frames=12906 ball=0 base_poses=12887 invalid=0 station_ok=yes
[INFO] [1787241283.478102200] [a3_receive_input_gateway]: gateway calibrated=yes frame_age=1.3ms frames=13206 ball=0 base_poses=13187 invalid=0 station_ok=yes
[INFO] [1787241284.478094765] [a3_receive_input_gateway]: gateway calibrated=yes frame_age=1.8ms frames=13506 ball=0 base_poses=13487 invalid=0 station_ok=yes
[INFO] [1787241285.478148906] [a3_receive_input_gateway]: gateway calibrated=yes frame_age=2.4ms frames=13806 ball=0 base_poses=13787 invalid=0 station_ok=yes
[INFO] [1787241286.478329709] [a3_receive_input_gateway]: gateway calibrated=yes frame_age=2.1ms frames=14106 ball=0 base_poses=14087 invalid=0 station_ok=yes
[INFO] [1787241287.478056427] [a3_receive_input_gateway]: gateway calibrated=yes frame_age=1.3ms frames=14406 ball=0 base_poses=14387 invalid=0 station_ok=yes
[INFO] [1787241288.478880010] [a3_receive_input_gateway]: gateway calibrated=yes frame_age=0.5ms frames=14705 ball=0 base_poses=14686 invalid=0 station_ok=yes
[INFO] [1787241289.478069974] [a3_receive_input_gateway]: gateway calibrated=yes frame_age=0.5ms frames=15004 ball=0 base_poses=14985 invalid=0 station_ok=yes
[INFO] [1787241290.478125808] [a3_receive_input_gateway]: gateway calibrated=yes frame_age=4.0ms frames=15302 ball=0 base_poses=15283 invalid=0 station_ok=yes
[INFO] [1787241291.478101623] [a3_receive_input_gateway]: gateway calibrated=yes frame_age=0.9ms frames=15602 ball=0 base_poses=15583 invalid=0 station_ok=yes
[INFO] [1787241292.478222349] [a3_receive_input_gateway]: gateway calibrated=yes frame_age=2.3ms frames=15901 ball=0 base_poses=15882 invalid=0 station_ok=yes
[INFO] [1787241293.478051926] [a3_receive_input_gateway]: gateway calibrated=yes frame_age=1.3ms frames=16200 ball=0 base_poses=16181 invalid=0 station_ok=yes
[INFO] [1787241294.478117471] [a3_receive_input_gateway]: gateway calibrated=yes frame_age=2.7ms frames=16499 ball=0 base_poses=16480 invalid=0 station_ok=yes
[INFO] [1787241295.478168042] [a3_receive_input_gateway]: gateway calibrated=yes frame_age=0.2ms frames=16799 ball=0 base_poses=16780 invalid=0 station_ok=yes
[INFO] [1787241296.478065914] [a3_receive_input_gateway]: gateway calibrated=yes frame_age=1.3ms frames=17098 ball=0 base_poses=17079 invalid=0 station_ok=yes
[INFO] [1787241297.478096507] [a3_receive_input_gateway]: gateway calibrated=yes frame_age=1.2ms frames=17397 ball=0 base_poses=17378 invalid=0 station_ok=yes
[INFO] [1787241298.478078990] [a3_receive_input_gateway]: gateway calibrated=yes frame_age=2.7ms frames=17696 ball=0 base_poses=17677 invalid=0 station_ok=yes
[INFO] [1787241299.478042943] [a3_receive_input_gateway]: gateway calibrated=yes frame_age=0.4ms frames=17996 ball=0 base_poses=17977 invalid=0 station_ok=yes
[INFO] [1787241300.478305244] [a3_receive_input_gateway]: gateway calibrated=yes frame_age=0.7ms frames=18295 ball=0 base_poses=18276 invalid=0 station_ok=yes
[INFO] [1787241301.478067363] [a3_receive_input_gateway]: gateway calibrated=yes frame_age=0.2ms frames=18595 ball=0 base_poses=18576 invalid=0 station_ok=yes
[INFO] [1787241302.478499672] [a3_receive_input_gateway]: gateway calibrated=yes frame_age=0.3ms frames=18894 ball=0 base_poses=18875 invalid=0 station_ok=yes
[INFO] [1787241303.478101106] [a3_receive_input_gateway]: gateway calibrated=yes frame_age=2.3ms frames=19193 ball=0 base_poses=19174 invalid=0 station_ok=yes
[INFO] [1787241304.478256704] [a3_receive_input_gateway]: gateway calibrated=yes frame_age=0.2ms frames=19493 ball=0 base_poses=19474 invalid=0 station_ok=yes
[INFO] [1787241305.478092801] [a3_receive_input_gateway]: gateway calibrated=yes frame_age=0.3ms frames=19792 ball=0 base_poses=19773 invalid=0 station_ok=yes
[INFO] [1787241306.478067295] [a3_receive_input_gateway]: gateway calibrated=yes frame_age=0.3ms frames=20092 ball=0 base_poses=20073 invalid=0 station_ok=yes
[INFO] [1787241307.478072660] [a3_receive_input_gateway]: gateway calibrated=yes frame_age=0.6ms frames=20391 ball=0 base_poses=20372 invalid=0 station_ok=yes
[INFO] [1787241308.478328107] [a3_receive_input_gateway]: gateway calibrated=yes frame_age=3.0ms frames=20690 ball=0 base_poses=20671 invalid=0 station_ok=yes
[INFO] [1787241309.478075917] [a3_receive_input_gateway]: gateway calibrated=yes frame_age=1.2ms frames=20990 ball=0 base_poses=20971 invalid=0 station_ok=yes
[INFO] [1787241310.478080390] [a3_receive_input_gateway]: gateway calibrated=yes frame_age=1.8ms frames=21289 ball=0 base_poses=21270 invalid=0 station_ok=yes
[INFO] [1787241311.478284818] [a3_receive_input_gateway]: gateway calibrated=yes frame_age=0.4ms frames=21589 ball=0 base_poses=21570 invalid=0 station_ok=yes
[INFO] [1787241312.478309085] [a3_receive_input_gateway]: gateway calibrated=yes frame_age=3.2ms frames=21888 ball=0 base_poses=21869 invalid=0 station_ok=yes
[INFO] [1787241313.478070878] [a3_receive_input_gateway]: gateway calibrated=yes frame_age=1.6ms frames=22188 ball=0 base_poses=22169 invalid=0 station_ok=yes
[INFO] [1787241314.478422589] [a3_receive_input_gateway]: gateway calibrated=yes frame_age=0.3ms frames=22488 ball=0 base_poses=22469 invalid=0 station_ok=yes
[INFO] [1787241315.478242628] [a3_receive_input_gateway]: gateway calibrated=yes frame_age=2.6ms frames=22787 ball=0 base_poses=22768 invalid=0 station_ok=yes
[INFO] [1787241316.478360928] [a3_receive_input_gateway]: gateway calibrated=yes frame_age=1.1ms frames=23087 ball=0 base_poses=23068 invalid=0 station_ok=yes
[INFO] [1787241317.478061373] [a3_receive_input_gateway]: gateway calibrated=yes frame_age=0.1ms frames=23387 ball=0 base_poses=23368 invalid=0 station_ok=yes
[INFO] [1787241318.478465157] [a3_receive_input_gateway]: gateway calibrated=yes frame_age=0.6ms frames=23686 ball=0 base_poses=23667 invalid=0 station_ok=yes
[INFO] [1787241319.478291585] [a3_receive_input_gateway]: gateway calibrated=yes frame_age=3.9ms frames=23985 ball=0 base_poses=23966 invalid=0 station_ok=yes
[INFO] [1787241320.478118099] [a3_receive_input_gateway]: gateway calibrated=yes frame_age=2.5ms frames=24285 ball=0 base_poses=24266 invalid=0 station_ok=yes
[INFO] [1787241321.478077433] [a3_receive_input_gateway]: gateway calibrated=yes frame_age=1.5ms frames=24585 ball=0 base_poses=24566 invalid=0 station_ok=yes
[INFO] [1787241322.478040364] [a3_receive_input_gateway]: gateway calibrated=yes frame_age=0.3ms frames=24885 ball=0 base_poses=24866 invalid=0 station_ok=yes
[INFO] [1787241323.478076242] [a3_receive_input_gateway]: gateway calibrated=yes frame_age=1.4ms frames=25184 ball=0 base_poses=25165 invalid=0 station_ok=yes
[INFO] [1787241324.478184133] [a3_receive_input_gateway]: gateway calibrated=yes frame_age=4.3ms frames=25483 ball=0 base_poses=25464 invalid=0 station_ok=yes
[INFO] [1787241325.478161951] [a3_receive_input_gateway]: gateway calibrated=yes frame_age=3.1ms frames=25783 ball=0 base_poses=25764 invalid=0 station_ok=yes
[INFO] [1787241326.478075488] [a3_receive_input_gateway]: gateway calibrated=yes frame_age=2.4ms frames=26083 ball=0 base_poses=26064 invalid=0 station_ok=yes
[INFO] [1787241327.478459916] [a3_receive_input_gateway]: gateway calibrated=yes frame_age=1.4ms frames=26383 ball=0 base_poses=26364 invalid=0 station_ok=yes
[INFO] [1787241328.478089562] [a3_receive_input_gateway]: gateway calibrated=yes frame_age=0.6ms frames=26683 ball=0 base_poses=26664 invalid=0 station_ok=yes
[INFO] [1787241329.478369843] [a3_receive_input_gateway]: gateway calibrated=yes frame_age=0.1ms frames=26983 ball=0 base_poses=26964 invalid=0 station_ok=yes
[INFO] [1787241330.478152473] [a3_receive_input_gateway]: gateway calibrated=yes frame_age=3.1ms frames=27282 ball=0 base_poses=27263 invalid=0 station_ok=yes
[INFO] [1787241331.478028044] [a3_receive_input_gateway]: gateway calibrated=yes frame_age=2.2ms frames=27582 ball=0 base_poses=27563 invalid=0 station_ok=yes
[INFO] [1787241332.478221379] [a3_receive_input_gateway]: gateway calibrated=yes frame_age=3.2ms frames=27881 ball=0 base_poses=27862 invalid=0 station_ok=yes
[INFO] [1787241333.478028229] [a3_receive_input_gateway]: gateway calibrated=yes frame_age=0.6ms frames=28182 ball=0 base_poses=28163 invalid=0 station_ok=yes
[INFO] [1787241334.478393684] [a3_receive_input_gateway]: gateway calibrated=yes frame_age=0.2ms frames=28482 ball=0 base_poses=28463 invalid=0 station_ok=yes
[INFO] [1787241335.478189851] [a3_receive_input_gateway]: gateway calibrated=yes frame_age=1.2ms frames=28781 ball=0 base_poses=28762 invalid=0 station_ok=yes
[INFO] [1787241336.478081813] [a3_receive_input_gateway]: gateway calibrated=yes frame_age=0.6ms frames=29081 ball=0 base_poses=29062 invalid=0 station_ok=yes
[INFO] [1787241337.478433548] [a3_receive_input_gateway]: gateway calibrated=yes frame_age=0.2ms frames=29381 ball=0 base_poses=29362 invalid=0 station_ok=yes
[INFO] [1787241338.478130217] [a3_receive_input_gateway]: gateway calibrated=yes frame_age=1.3ms frames=29680 ball=0 base_poses=29661 invalid=0 station_ok=yes
[INFO] [1787241339.478162446] [a3_receive_input_gateway]: gateway calibrated=yes frame_age=2.6ms frames=29980 ball=0 base_poses=29961 invalid=0 station_ok=yes
[INFO] [1787241340.478113942] [a3_receive_input_gateway]: gateway calibrated=yes frame_age=2.2ms frames=30280 ball=0 base_poses=30261 invalid=0 station_ok=yes
[INFO] [1787241341.478153582] [a3_receive_input_gateway]: gateway calibrated=yes frame_age=3.6ms frames=30579 ball=0 base_poses=30560 invalid=0 station_ok=yes
[INFO] [1787241342.478177331] [a3_receive_input_gateway]: gateway calibrated=yes frame_age=3.2ms frames=30879 ball=0 base_poses=30860 invalid=0 station_ok=yes
[INFO] [1787241343.478117113] [a3_receive_input_gateway]: gateway calibrated=yes frame_age=2.6ms frames=31179 ball=0 base_poses=31160 invalid=0 station_ok=yes
[INFO] [1787241343.885943872] [a3_receive_input_gateway]: ball tracking: visible
[INFO] [1787241344.478154384] [a3_receive_input_gateway]: gateway calibrated=yes frame_age=2.0ms frames=31479 ball=178 base_poses=31460 invalid=0 station_ok=yes
[INFO] [1787241344.626192589] [a3_receive_input_gateway]: ball tracking: lost
[INFO] [1787241344.672174521] [a3_receive_input_gateway]: ball tracking: visible
[INFO] [1787241345.478213836] [a3_receive_input_gateway]: gateway calibrated=yes frame_age=1.6ms frames=31779 ball=464 base_poses=31760 invalid=0 station_ok=yes
[INFO] [1787241345.500978692] [a3_receive_input_gateway]: ball tracking: lost
[INFO] [1787241346.478134850] [a3_receive_input_gateway]: gateway calibrated=yes frame_age=1.2ms frames=32079 ball=470 base_poses=32060 invalid=0 station_ok=yes
[INFO] [1787241347.478038672] [a3_receive_input_gateway]: gateway calibrated=yes frame_age=0.7ms frames=32379 ball=470 base_poses=32360 invalid=0 station_ok=yes
[INFO] [1787241348.207859548] [a3_receive_input_gateway]: ball tracking: visible
[INFO] [1787241348.478118776] [a3_receive_input_gateway]: gateway calibrated=yes frame_age=0.2ms frames=32679 ball=552 base_poses=32660 invalid=0 station_ok=yes
[INFO] [1787241349.478178432] [a3_receive_input_gateway]: gateway calibrated=yes frame_age=3.7ms frames=32978 ball=851 base_poses=32959 invalid=0 station_ok=yes
[INFO] [1787241350.478261873] [a3_receive_input_gateway]: gateway calibrated=yes frame_age=3.5ms frames=33278 ball=1151 base_poses=33259 invalid=0 station_ok=yes
[INFO] [1787241351.478132392] [a3_receive_input_gateway]: gateway calibrated=yes frame_age=2.7ms frames=33578 ball=1451 base_poses=33559 invalid=0 station_ok=yes
[INFO] [1787241352.478183031] [a3_receive_input_gateway]: gateway calibrated=yes frame_age=2.5ms frames=33878 ball=1751 base_poses=33859 invalid=0 station_ok=yes
[INFO] [1787241353.478313979] [a3_receive_input_gateway]: gateway calibrated=yes frame_age=2.4ms frames=34178 ball=2051 base_poses=34159 invalid=0 station_ok=yes
[INFO] [1787241354.478192583] [a3_receive_input_gateway]: gateway calibrated=yes frame_age=2.0ms frames=34478 ball=2351 base_poses=34459 invalid=0 station_ok=yes
[INFO] [1787241355.478463018] [a3_receive_input_gateway]: gateway calibrated=yes frame_age=1.4ms frames=34778 ball=2651 base_poses=34759 invalid=0 station_ok=yes
[INFO] [1787241356.478132477] [a3_receive_input_gateway]: gateway calibrated=yes frame_age=1.2ms frames=35078 ball=2951 base_poses=35059 invalid=0 station_ok=yes
[INFO] [1787241357.478043814] [a3_receive_input_gateway]: gateway calibrated=yes frame_age=0.8ms frames=35378 ball=3251 base_poses=35359 invalid=0 station_ok=yes
[INFO] [1787241358.478247282] [a3_receive_input_gateway]: gateway calibrated=yes frame_age=0.5ms frames=35678 ball=3551 base_poses=35659 invalid=0 station_ok=yes
[INFO] [1787241359.478050827] [a3_receive_input_gateway]: gateway calibrated=yes frame_age=0.2ms frames=35978 ball=3851 base_poses=35959 invalid=0 station_ok=yes
[INFO] [1787241360.478250231] [a3_receive_input_gateway]: gateway calibrated=yes frame_age=2.0ms frames=36277 ball=4150 base_poses=36258 invalid=0 station_ok=yes
[INFO] [1787241361.478173952] [a3_receive_input_gateway]: gateway calibrated=yes frame_age=1.5ms frames=36577 ball=4450 base_poses=36558 invalid=0 station_ok=yes
[INFO] [1787241362.478134187] [a3_receive_input_gateway]: gateway calibrated=yes frame_age=1.5ms frames=36877 ball=4750 base_poses=36858 invalid=0 station_ok=yes
[INFO] [1787241363.478147823] [a3_receive_input_gateway]: gateway calibrated=yes frame_age=1.3ms frames=37177 ball=5050 base_poses=37158 invalid=0 station_ok=yes
[INFO] [1787241364.478202135] [a3_receive_input_gateway]: gateway calibrated=yes frame_age=0.5ms frames=37477 ball=5350 base_poses=37458 invalid=0 station_ok=yes
[INFO] [1787241365.478369965] [a3_receive_input_gateway]: gateway calibrated=yes frame_age=0.5ms frames=37777 ball=5650 base_poses=37758 invalid=0 station_ok=yes
[INFO] [1787241366.478764894] [a3_receive_input_gateway]: gateway calibrated=yes frame_age=1.0ms frames=38077 ball=5950 base_poses=38058 invalid=0 station_ok=yes
[INFO] [1787241367.478101410] [a3_receive_input_gateway]: gateway calibrated=yes frame_age=0.2ms frames=38377 ball=6250 base_poses=38358 invalid=0 station_ok=yes
[INFO] [1787241368.478123005] [a3_receive_input_gateway]: gateway calibrated=yes frame_age=4.1ms frames=38676 ball=6549 base_poses=38657 invalid=0 station_ok=yes
[INFO] [1787241369.348591600] [a3_receive_input_gateway]: ball tracking: lost
[INFO] [1787241369.478261349] [a3_receive_input_gateway]: gateway calibrated=yes frame_age=3.9ms frames=38976 ball=6810 base_poses=38957 invalid=0 station_ok=yes
[INFO] [1787241370.478575079] [a3_receive_input_gateway]: gateway calibrated=yes frame_age=3.7ms frames=39276 ball=6810 base_poses=39257 invalid=0 station_ok=yes
[INFO] [1787241370.682646360] [a3_receive_input_gateway]: ball tracking: visible
[INFO] [1787241371.478280686] [a3_receive_input_gateway]: gateway calibrated=yes frame_age=3.6ms frames=39576 ball=7049 base_poses=39557 invalid=0 station_ok=yes
[INFO] [1787241372.478098360] [a3_receive_input_gateway]: gateway calibrated=yes frame_age=3.3ms frames=39876 ball=7349 base_poses=39857 invalid=0 station_ok=yes
[INFO] [1787241373.478278449] [a3_receive_input_gateway]: gateway calibrated=yes frame_age=3.1ms frames=40176 ball=7649 base_poses=40157 invalid=0 station_ok=yes
[INFO] [1787241374.478081279] [a3_receive_input_gateway]: gateway calibrated=yes frame_age=3.0ms frames=40476 ball=7949 base_poses=40457 invalid=0 station_ok=yes
[INFO] [1787241375.478172986] [a3_receive_input_gateway]: gateway calibrated=yes frame_age=2.6ms frames=40776 ball=8249 base_poses=40757 invalid=0 station_ok=yes
[INFO] [1787241376.478288480] [a3_receive_input_gateway]: gateway calibrated=yes frame_age=2.7ms frames=41076 ball=8549 base_poses=41057 invalid=0 station_ok=yes
[INFO] [1787241377.478181026] [a3_receive_input_gateway]: gateway calibrated=yes frame_age=2.4ms frames=41376 ball=8849 base_poses=41357 invalid=0 station_ok=yes
[INFO] [1787241378.478116522] [a3_receive_input_gateway]: gateway calibrated=yes frame_age=2.4ms frames=41676 ball=9149 base_poses=41657 invalid=0 station_ok=yes
[INFO] [1787241379.478156447] [a3_receive_input_gateway]: gateway calibrated=yes frame_age=2.1ms frames=41976 ball=9449 base_poses=41957 invalid=0 station_ok=yes
[INFO] [1787241380.478067686] [a3_receive_input_gateway]: gateway calibrated=yes frame_age=1.8ms frames=42276 ball=9749 base_poses=42257 invalid=0 station_ok=yes
[INFO] [1787241380.544110802] [a3_receive_input_gateway]: ball tracking: lost
[INFO] [1787241381.478099864] [a3_receive_input_gateway]: gateway calibrated=yes frame_age=1.7ms frames=42576 ball=9768 base_poses=42557 invalid=0 station_ok=yes
[INFO] [1787241382.478051171] [a3_receive_input_gateway]: gateway calibrated=yes frame_age=1.7ms frames=42876 ball=9768 base_poses=42857 invalid=0 station_ok=yes
[INFO] [1787241382.654363084] [a3_receive_input_gateway]: ball tracking: visible
[INFO] [1787241383.478079348] [a3_receive_input_gateway]: gateway calibrated=yes frame_age=1.6ms frames=43176 ball=10016 base_poses=43157 invalid=0 station_ok=yes
[INFO] [1787241384.478284403] [a3_receive_input_gateway]: gateway calibrated=yes frame_age=1.5ms frames=43476 ball=10316 base_poses=43457 invalid=0 station_ok=no
[INFO] [1787241385.478067117] [a3_receive_input_gateway]: gateway calibrated=yes frame_age=1.3ms frames=43776 ball=10616 base_poses=43757 invalid=0 station_ok=no
[INFO] [1787241386.478204113] [a3_receive_input_gateway]: gateway calibrated=yes frame_age=1.3ms frames=44076 ball=10916 base_poses=44057 invalid=0 station_ok=no
[INFO] [1787241387.478284795] [a3_receive_input_gateway]: gateway calibrated=yes frame_age=1.2ms frames=44376 ball=11216 base_poses=44357 invalid=0 station_ok=no
[INFO] [1787241388.478459985] [a3_receive_input_gateway]: gateway calibrated=yes frame_age=3.9ms frames=44675 ball=11515 base_poses=44656 invalid=0 station_ok=no
[INFO] [1787241389.478316281] [a3_receive_input_gateway]: gateway calibrated=yes frame_age=1.2ms frames=44976 ball=11816 base_poses=44957 invalid=0 station_ok=yes
[INFO] [1787241390.478267750] [a3_receive_input_gateway]: gateway calibrated=yes frame_age=2.9ms frames=45275 ball=12115 base_poses=45256 invalid=0 station_ok=yes
[INFO] [1787241391.478051607] [a3_receive_input_gateway]: gateway calibrated=yes frame_age=0.7ms frames=45576 ball=12416 base_poses=45557 invalid=0 station_ok=yes
[INFO] [1787241392.478272356] [a3_receive_input_gateway]: gateway calibrated=yes frame_age=2.8ms frames=45875 ball=12715 base_poses=45856 invalid=0 station_ok=yes
[INFO] [1787241393.478271848] [a3_receive_input_gateway]: gateway calibrated=yes frame_age=2.8ms frames=46175 ball=13015 base_poses=46156 invalid=0 station_ok=yes
[INFO] [1787241394.478143820] [a3_receive_input_gateway]: gateway calibrated=yes frame_age=2.4ms frames=46475 ball=13315 base_poses=46456 invalid=0 station_ok=yes
[INFO] [1787241395.478097357] [a3_receive_input_gateway]: gateway calibrated=yes frame_age=2.6ms frames=46775 ball=13615 base_poses=46756 invalid=0 station_ok=yes
[INFO] [1787241396.478080926] [a3_receive_input_gateway]: gateway calibrated=yes frame_age=2.4ms frames=47075 ball=13915 base_poses=47056 invalid=0 station_ok=yes
[INFO] [1787241397.478301347] [a3_receive_input_gateway]: gateway calibrated=yes frame_age=2.4ms frames=47375 ball=14215 base_poses=47356 invalid=0 station_ok=no
[INFO] [1787241398.478092022] [a3_receive_input_gateway]: gateway calibrated=yes frame_age=2.5ms frames=47675 ball=14515 base_poses=47656 invalid=0 station_ok=no
[INFO] [1787241399.478059885] [a3_receive_input_gateway]: gateway calibrated=yes frame_age=2.4ms frames=47975 ball=14815 base_poses=47956 invalid=0 station_ok=no
[INFO] [1787241400.478087286] [a3_receive_input_gateway]: gateway calibrated=yes frame_age=2.0ms frames=48275 ball=15115 base_poses=48256 invalid=0 station_ok=no
[INFO] [1787241401.478191738] [a3_receive_input_gateway]: gateway calibrated=yes frame_age=2.3ms frames=48575 ball=15415 base_poses=48556 invalid=0 station_ok=no
[INFO] [1787241402.478091907] [a3_receive_input_gateway]: gateway calibrated=yes frame_age=2.4ms frames=48875 ball=15715 base_poses=48856 invalid=0 station_ok=no
[INFO] [1787241403.478281393] [a3_receive_input_gateway]: gateway calibrated=yes frame_age=2.2ms frames=49175 ball=16015 base_poses=49156 invalid=0 station_ok=no
[INFO] [1787241404.478094121] [a3_receive_input_gateway]: gateway calibrated=yes frame_age=2.2ms frames=49475 ball=16315 base_poses=49456 invalid=0 station_ok=no
[INFO] [1787241405.478086369] [a3_receive_input_gateway]: gateway calibrated=yes frame_age=2.2ms frames=49775 ball=16615 base_poses=49756 invalid=0 station_ok=no
[INFO] [1787241406.478079731] [a3_receive_input_gateway]: gateway calibrated=yes frame_age=2.2ms frames=50075 ball=16915 base_poses=50056 invalid=0 station_ok=no
[INFO] [1787241407.478081539] [a3_receive_input_gateway]: gateway calibrated=yes frame_age=2.2ms frames=50375 ball=17215 base_poses=50356 invalid=0 station_ok=no
[INFO] [1787241408.478097420] [a3_receive_input_gateway]: gateway calibrated=yes frame_age=2.1ms frames=50675 ball=17515 base_poses=50656 invalid=0 station_ok=no
[INFO] [1787241409.478173976] [a3_receive_input_gateway]: gateway calibrated=yes frame_age=2.3ms frames=50975 ball=17815 base_poses=50956 invalid=0 station_ok=no
[INFO] [1787241410.478345869] [a3_receive_input_gateway]: gateway calibrated=yes frame_age=2.3ms frames=51275 ball=18115 base_poses=51256 invalid=0 station_ok=no
[INFO] [1787241411.478092216] [a3_receive_input_gateway]: gateway calibrated=yes frame_age=2.1ms frames=51575 ball=18415 base_poses=51556 invalid=0 station_ok=no
[INFO] [1787241412.478109948] [a3_receive_input_gateway]: gateway calibrated=yes frame_age=2.1ms frames=51875 ball=18715 base_poses=51856 invalid=0 station_ok=no
[INFO] [1787241413.478090835] [a3_receive_input_gateway]: gateway calibrated=yes frame_age=2.0ms frames=52175 ball=19015 base_poses=52156 invalid=0 station_ok=no
[INFO] [1787241414.478086326] [a3_receive_input_gateway]: gateway calibrated=yes frame_age=2.0ms frames=52475 ball=19315 base_poses=52456 invalid=0 station_ok=no
[INFO] [1787241415.478220942] [a3_receive_input_gateway]: gateway calibrated=yes frame_age=1.9ms frames=52775 ball=19615 base_poses=52756 invalid=0 station_ok=no
[INFO] [1787241416.936425981] [a3_receive_input_gateway]: gateway calibrated=yes frame_age=0.2ms frames=53073 ball=19913 base_poses=53054 invalid=0 station_ok=no
[INFO] [1787241417.478220358] [a3_receive_input_gateway]: gateway calibrated=yes frame_age=2.1ms frames=53235 ball=20075 base_poses=53216 invalid=0 station_ok=no
[INFO] [1787241418.478449395] [a3_receive_input_gateway]: gateway calibrated=yes frame_age=2.4ms frames=53535 ball=20375 base_poses=53516 invalid=0 station_ok=no
[INFO] [1787241419.478168053] [a3_receive_input_gateway]: gateway calibrated=yes frame_age=2.0ms frames=53835 ball=20675 base_poses=53816 invalid=0 station_ok=no
[INFO] [1787241420.478119426] [a3_receive_input_gateway]: gateway calibrated=yes frame_age=2.4ms frames=54135 ball=20975 base_poses=54116 invalid=0 station_ok=no
[INFO] [1787241421.478237034] [a3_receive_input_gateway]: gateway calibrated=yes frame_age=2.4ms frames=54435 ball=21275 base_poses=54416 invalid=0 station_ok=no
[INFO] [1787241422.478110117] [a3_receive_input_gateway]: gateway calibrated=yes frame_age=2.5ms frames=54735 ball=21575 base_poses=54716 invalid=0 station_ok=no
[INFO] [1787241423.478106590] [a3_receive_input_gateway]: gateway calibrated=yes frame_age=2.4ms frames=55035 ball=21875 base_poses=55016 invalid=0 station_ok=no
[INFO] [1787241424.478233473] [a3_receive_input_gateway]: gateway calibrated=yes frame_age=2.1ms frames=55335 ball=22175 base_poses=55316 invalid=0 station_ok=no
[INFO] [1787241425.478502630] [a3_receive_input_gateway]: gateway calibrated=yes frame_age=2.6ms frames=55635 ball=22475 base_poses=55616 invalid=0 station_ok=no
[INFO] [1787241426.478049575] [a3_receive_input_gateway]: gateway calibrated=yes frame_age=0.6ms frames=55935 ball=22775 base_poses=55916 invalid=0 station_ok=no
[INFO] [1787241427.478120038] [a3_receive_input_gateway]: gateway calibrated=yes frame_age=2.8ms frames=56235 ball=23075 base_poses=56216 invalid=0 station_ok=no
[INFO] [1787241428.478130588] [a3_receive_input_gateway]: gateway calibrated=yes frame_age=2.8ms frames=56535 ball=23375 base_poses=56516 invalid=0 station_ok=no
[INFO] [1787241429.478217697] [a3_receive_input_gateway]: gateway calibrated=yes frame_age=2.7ms frames=56835 ball=23675 base_poses=56816 invalid=0 station_ok=no
[INFO] [1787241430.478181860] [a3_receive_input_gateway]: gateway calibrated=yes frame_age=3.0ms frames=57135 ball=23975 base_poses=57116 invalid=0 station_ok=no
[INFO] [1787241431.478212311] [a3_receive_input_gateway]: gateway calibrated=yes frame_age=2.8ms frames=57435 ball=24275 base_poses=57416 invalid=0 station_ok=no
[INFO] [1787241432.478220145] [a3_receive_input_gateway]: gateway calibrated=yes frame_age=2.9ms frames=57735 ball=24575 base_poses=57716 invalid=0 station_ok=no
[INFO] [1787241433.478105446] [a3_receive_input_gateway]: gateway calibrated=yes frame_age=3.0ms frames=58035 ball=24875 base_poses=58016 invalid=0 station_ok=no
[INFO] [1787241434.478130168] [a3_receive_input_gateway]: gateway calibrated=yes frame_age=2.9ms frames=58335 ball=25175 base_poses=58316 invalid=0 station_ok=no
[INFO] [1787241435.478029490] [a3_receive_input_gateway]: gateway calibrated=yes frame_age=0.7ms frames=58635 ball=25475 base_poses=58616 invalid=0 station_ok=no
[INFO] [1787241436.478226313] [a3_receive_input_gateway]: gateway calibrated=yes frame_age=2.9ms frames=58935 ball=25775 base_poses=58916 invalid=0 station_ok=no
[INFO] [1787241437.478061138] [a3_receive_input_gateway]: gateway calibrated=yes frame_age=1.1ms frames=59235 ball=26075 base_poses=59216 invalid=0 station_ok=no
[INFO] [1787241438.478086363] [a3_receive_input_gateway]: gateway calibrated=yes frame_age=1.1ms frames=59535 ball=26375 base_poses=59516 invalid=0 station_ok=no
[INFO] [1787241439.478066534] [a3_receive_input_gateway]: gateway calibrated=yes frame_age=1.2ms frames=59835 ball=26675 base_poses=59816 invalid=0 station_ok=no
[INFO] [1787241440.478031796] [a3_receive_input_gateway]: gateway calibrated=yes frame_age=0.7ms frames=60135 ball=26975 base_poses=60116 invalid=0 station_ok=no
[INFO] [1787241441.478284694] [a3_receive_input_gateway]: gateway calibrated=yes frame_age=0.5ms frames=60435 ball=27275 base_poses=60416 invalid=0 station_ok=no
[INFO] [1787241442.478075729] [a3_receive_input_gateway]: gateway calibrated=yes frame_age=1.1ms frames=60735 ball=27575 base_poses=60716 invalid=0 station_ok=no
[INFO] [1787241443.478095739] [a3_receive_input_gateway]: gateway calibrated=yes frame_age=1.3ms frames=61035 ball=27875 base_poses=61016 invalid=0 station_ok=no
[INFO] [1787241444.478100807] [a3_receive_input_gateway]: gateway calibrated=yes frame_age=1.5ms frames=61335 ball=28175 base_poses=61316 invalid=0 station_ok=no
[INFO] [1787241445.478331009] [a3_receive_input_gateway]: gateway calibrated=yes frame_age=1.6ms frames=61635 ball=28475 base_poses=61616 invalid=0 station_ok=no
[INFO] [1787241446.478119924] [a3_receive_input_gateway]: gateway calibrated=yes frame_age=1.6ms frames=61935 ball=28775 base_poses=61916 invalid=0 station_ok=no
[INFO] [1787241447.478096112] [a3_receive_input_gateway]: gateway calibrated=yes frame_age=1.6ms frames=62235 ball=29075 base_poses=62216 invalid=0 station_ok=no
[INFO] [1787241448.478414916] [a3_receive_input_gateway]: gateway calibrated=yes frame_age=1.6ms frames=62535 ball=29375 base_poses=62516 invalid=0 station_ok=no
[INFO] [1787241449.478089414] [a3_receive_input_gateway]: gateway calibrated=yes frame_age=1.7ms frames=62835 ball=29675 base_poses=62816 invalid=0 station_ok=no
[INFO] [1787241450.478082169] [a3_receive_input_gateway]: gateway calibrated=yes frame_age=1.7ms frames=63135 ball=29975 base_poses=63116 invalid=0 station_ok=no
[INFO] [1787241451.478069000] [a3_receive_input_gateway]: gateway calibrated=yes frame_age=1.5ms frames=63435 ball=30275 base_poses=63416 invalid=0 station_ok=no
[INFO] [1787241452.478364001] [a3_receive_input_gateway]: gateway calibrated=yes frame_age=0.2ms frames=63736 ball=30576 base_poses=63717 invalid=0 station_ok=no
[INFO] [1787241453.478324505] [a3_receive_input_gateway]: gateway calibrated=yes frame_age=0.2ms frames=64036 ball=30876 base_poses=64017 invalid=0 station_ok=no
[INFO] [1787241454.478181382] [a3_receive_input_gateway]: gateway calibrated=yes frame_age=2.0ms frames=64335 ball=31175 base_poses=64316 invalid=0 station_ok=no
[INFO] [1787241455.479136772] [a3_receive_input_gateway]: gateway calibrated=yes frame_age=0.5ms frames=64636 ball=31476 base_poses=64617 invalid=0 station_ok=no
[INFO] [1787241456.478371586] [a3_receive_input_gateway]: gateway calibrated=yes frame_age=1.3ms frames=64935 ball=31775 base_poses=64916 invalid=0 station_ok=no
[INFO] [1787241457.478089316] [a3_receive_input_gateway]: gateway calibrated=yes frame_age=2.1ms frames=65235 ball=32075 base_poses=65216 invalid=0 station_ok=no
[INFO] [1787241458.478254083] [a3_receive_input_gateway]: gateway calibrated=yes frame_age=2.3ms frames=65535 ball=32375 base_poses=65516 invalid=0 station_ok=no
[INFO] [1787241459.478045478] [a3_receive_input_gateway]: gateway calibrated=yes frame_age=2.1ms frames=65835 ball=32675 base_poses=65816 invalid=0 station_ok=no
[INFO] [1787241460.478067520] [a3_receive_input_gateway]: gateway calibrated=yes frame_age=2.2ms frames=66135 ball=32975 base_poses=66116 invalid=0 station_ok=no
[INFO] [1787241461.478302958] [a3_receive_input_gateway]: gateway calibrated=yes frame_age=2.3ms frames=66435 ball=33275 base_poses=66416 invalid=0 station_ok=no
[INFO] [1787241462.478120997] [a3_receive_input_gateway]: gateway calibrated=yes frame_age=2.2ms frames=66735 ball=33575 base_poses=66716 invalid=0 station_ok=no
[INFO] [1787241463.478074517] [a3_receive_input_gateway]: gateway calibrated=yes frame_age=2.4ms frames=67035 ball=33875 base_poses=67016 invalid=0 station_ok=no
[INFO] [1787241464.478272053] [a3_receive_input_gateway]: gateway calibrated=yes frame_age=2.5ms frames=67335 ball=34175 base_poses=67316 invalid=0 station_ok=no
[INFO] [1787241465.478122870] [a3_receive_input_gateway]: gateway calibrated=yes frame_age=2.4ms frames=67635 ball=34475 base_poses=67616 invalid=0 station_ok=no
[INFO] [1787241466.478195210] [a3_receive_input_gateway]: gateway calibrated=yes frame_age=2.5ms frames=67935 ball=34775 base_poses=67916 invalid=0 station_ok=no
[INFO] [1787241467.478164346] [a3_receive_input_gateway]: gateway calibrated=yes frame_age=2.5ms frames=68235 ball=35075 base_poses=68216 invalid=0 station_ok=no
[INFO] [1787241468.478140791] [a3_receive_input_gateway]: gateway calibrated=yes frame_age=2.6ms frames=68535 ball=35375 base_poses=68516 invalid=0 station_ok=no
[INFO] [1787241469.478115276] [a3_receive_input_gateway]: gateway calibrated=yes frame_age=2.6ms frames=68835 ball=35675 base_poses=68816 invalid=0 station_ok=no
[INFO] [1787241470.478300462] [a3_receive_input_gateway]: gateway calibrated=yes frame_age=0.9ms frames=69135 ball=35975 base_poses=69116 invalid=0 station_ok=no
[INFO] [1787241471.478063983] [a3_receive_input_gateway]: gateway calibrated=yes frame_age=2.8ms frames=69435 ball=36275 base_poses=69416 invalid=0 station_ok=no
[INFO] [1787241472.478142993] [a3_receive_input_gateway]: gateway calibrated=yes frame_age=2.8ms frames=69735 ball=36575 base_poses=69716 invalid=0 station_ok=no
[INFO] [1787241473.478123188] [a3_receive_input_gateway]: gateway calibrated=yes frame_age=2.7ms frames=70035 ball=36875 base_poses=70016 invalid=0 station_ok=no
[INFO] [1787241474.478252282] [a3_receive_input_gateway]: gateway calibrated=yes frame_age=2.9ms frames=70335 ball=37175 base_poses=70316 invalid=0 station_ok=no
[INFO] [1787241475.478278039] [a3_receive_input_gateway]: gateway calibrated=yes frame_age=2.9ms frames=70635 ball=37475 base_poses=70616 invalid=0 station_ok=no
[INFO] [1787241476.478125931] [a3_receive_input_gateway]: gateway calibrated=yes frame_age=3.0ms frames=70935 ball=37775 base_poses=70916 invalid=0 station_ok=no
[INFO] [1787241477.478138963] [a3_receive_input_gateway]: gateway calibrated=yes frame_age=3.1ms frames=71235 ball=38075 base_poses=71216 invalid=0 station_ok=no
[INFO] [1787241478.478433925] [a3_receive_input_gateway]: gateway calibrated=yes frame_age=3.2ms frames=71535 ball=38375 base_poses=71516 invalid=0 station_ok=no
[INFO] [1787241479.478070566] [a3_receive_input_gateway]: gateway calibrated=yes frame_age=3.1ms frames=71835 ball=38675 base_poses=71816 invalid=0 station_ok=no
[INFO] [1787241480.478082926] [a3_receive_input_gateway]: gateway calibrated=yes frame_age=3.1ms frames=72135 ball=38975 base_poses=72116 invalid=0 station_ok=no
[INFO] [1787241481.478343800] [a3_receive_input_gateway]: gateway calibrated=yes frame_age=3.3ms frames=72435 ball=39275 base_poses=72416 invalid=0 station_ok=no
[INFO] [1787241482.478389381] [a3_receive_input_gateway]: gateway calibrated=yes frame_age=3.5ms frames=72735 ball=39575 base_poses=72716 invalid=0 station_ok=no
[INFO] [1787241483.478130098] [a3_receive_input_gateway]: gateway calibrated=yes frame_age=3.7ms frames=73243 ball=40083 base_poses=73224 invalid=0 station_ok=no
[INFO] [1787241484.478084239] [a3_receive_input_gateway]: gateway calibrated=yes frame_age=3.5ms frames=73543 ball=40383 base_poses=73524 invalid=0 station_ok=no
[INFO] [1787241485.478153214] [a3_receive_input_gateway]: gateway calibrated=yes frame_age=3.8ms frames=73843 ball=40683 base_poses=73824 invalid=0 station_ok=no
[INFO] [1787241486.478116030] [a3_receive_input_gateway]: gateway calibrated=yes frame_age=3.8ms frames=74143 ball=40983 base_poses=74124 invalid=0 station_ok=no
[INFO] [1787241487.478346729] [a3_receive_input_gateway]: gateway calibrated=yes frame_age=0.2ms frames=74444 ball=41284 base_poses=74425 invalid=0 station_ok=no
[INFO] [1787241488.478054517] [a3_receive_input_gateway]: gateway calibrated=yes frame_age=3.8ms frames=74743 ball=41583 base_poses=74724 invalid=0 station_ok=no
[INFO] [1787241489.478606001] [a3_receive_input_gateway]: gateway calibrated=yes frame_age=0.3ms frames=75044 ball=41884 base_poses=75025 invalid=0 station_ok=no
[INFO] [1787241490.478354851] [a3_receive_input_gateway]: gateway calibrated=yes frame_age=0.2ms frames=75344 ball=42184 base_poses=75325 invalid=0 station_ok=no
[INFO] [1787241491.478298989] [a3_receive_input_gateway]: gateway calibrated=yes frame_age=0.2ms frames=75644 ball=42484 base_poses=75625 invalid=0 station_ok=no
[INFO] [1787241492.478849971] [a3_receive_input_gateway]: gateway calibrated=yes frame_age=0.4ms frames=75944 ball=42784 base_poses=75925 invalid=0 station_ok=no
[INFO] [1787241493.478166603] [a3_receive_input_gateway]: gateway calibrated=yes frame_age=0.2ms frames=76244 ball=43084 base_poses=76225 invalid=0 station_ok=no
[INFO] [1787241494.478284279] [a3_receive_input_gateway]: gateway calibrated=yes frame_age=0.2ms frames=76544 ball=43384 base_poses=76525 invalid=0 station_ok=no
[INFO] [1787241495.478100061] [a3_receive_input_gateway]: gateway calibrated=yes frame_age=0.2ms frames=76844 ball=43684 base_poses=76825 invalid=0 station_ok=no
[INFO] [1787241496.478107993] [a3_receive_input_gateway]: gateway calibrated=yes frame_age=0.2ms frames=77144 ball=43984 base_poses=77125 invalid=0 station_ok=no
[INFO] [1787241497.478216441] [a3_receive_input_gateway]: gateway calibrated=yes frame_age=0.3ms frames=77444 ball=44284 base_poses=77425 invalid=0 station_ok=no
[INFO] [1787241498.478086581] [a3_receive_input_gateway]: gateway calibrated=yes frame_age=0.2ms frames=77744 ball=44584 base_poses=77725 invalid=0 station_ok=no
[INFO] [1787241499.478041722] [a3_receive_input_gateway]: gateway calibrated=yes frame_age=0.4ms frames=78044 ball=44884 base_poses=78025 invalid=0 station_ok=no
[INFO] [1787241500.478065469] [a3_receive_input_gateway]: gateway calibrated=yes frame_age=0.3ms frames=78344 ball=45184 base_poses=78325 invalid=0 station_ok=no
[INFO] [1787241501.478036404] [a3_receive_input_gateway]: gateway calibrated=yes frame_age=0.5ms frames=78644 ball=45484 base_poses=78625 invalid=0 station_ok=no
[INFO] [1787241502.478055783] [a3_receive_input_gateway]: gateway calibrated=yes frame_age=0.5ms frames=78944 ball=45784 base_poses=78925 invalid=0 station_ok=no
[INFO] [1787241503.478165565] [a3_receive_input_gateway]: gateway calibrated=yes frame_age=0.6ms frames=79244 ball=46084 base_poses=79225 invalid=0 station_ok=no
[INFO] [1787241504.478078155] [a3_receive_input_gateway]: gateway calibrated=yes frame_age=0.5ms frames=79544 ball=46384 base_poses=79525 invalid=0 station_ok=no
[INFO] [1787241505.478468186] [a3_receive_input_gateway]: gateway calibrated=yes frame_age=0.9ms frames=79844 ball=46684 base_poses=79825 invalid=0 station_ok=no
[INFO] [1787241506.478066979] [a3_receive_input_gateway]: gateway calibrated=yes frame_age=0.8ms frames=80144 ball=46984 base_poses=80125 invalid=0 station_ok=no
[INFO] [1787241507.478049155] [a3_receive_input_gateway]: gateway calibrated=yes frame_age=0.6ms frames=80444 ball=47284 base_poses=80425 invalid=0 station_ok=no
[INFO] [1787241508.478042804] [a3_receive_input_gateway]: gateway calibrated=yes frame_age=0.6ms frames=80744 ball=47584 base_poses=80725 invalid=0 station_ok=no
[INFO] [1787241509.478053927] [a3_receive_input_gateway]: gateway calibrated=yes frame_age=0.8ms frames=81044 ball=47884 base_poses=81025 invalid=0 station_ok=no
[INFO] [1787241510.478034330] [a3_receive_input_gateway]: gateway calibrated=yes frame_age=0.8ms frames=81344 ball=48184 base_poses=81325 invalid=0 station_ok=no
[INFO] [1787241511.478051638] [a3_receive_input_gateway]: gateway calibrated=yes frame_age=1.0ms frames=81644 ball=48484 base_poses=81625 invalid=0 station_ok=no
[INFO] [1787241512.478041546] [a3_receive_input_gateway]: gateway calibrated=yes frame_age=0.9ms frames=81944 ball=48784 base_poses=81925 invalid=0 station_ok=no
[INFO] [1787241513.478069952] [a3_receive_input_gateway]: gateway calibrated=yes frame_age=1.0ms frames=82244 ball=49084 base_poses=82225 invalid=0 station_ok=no
[INFO] [1787241514.478059534] [a3_receive_input_gateway]: gateway calibrated=yes frame_age=1.1ms frames=82544 ball=49384 base_poses=82525 invalid=0 station_ok=no
[INFO] [1787241515.478085664] [a3_receive_input_gateway]: gateway calibrated=yes frame_age=1.0ms frames=82844 ball=49684 base_poses=82825 invalid=0 station_ok=no
[INFO] [1787241516.478297420] [a3_receive_input_gateway]: gateway calibrated=yes frame_age=2.3ms frames=83142 ball=49982 base_poses=83123 invalid=0 station_ok=no
[INFO] [1787241517.478036166] [a3_receive_input_gateway]: gateway calibrated=yes frame_age=0.5ms frames=83440 ball=50280 base_poses=83421 invalid=0 station_ok=no
[INFO] [1787241518.478063780] [a3_receive_input_gateway]: gateway calibrated=yes frame_age=1.2ms frames=83738 ball=50578 base_poses=83719 invalid=0 station_ok=no
[INFO] [1787241519.478143451] [a3_receive_input_gateway]: gateway calibrated=yes frame_age=1.0ms frames=84036 ball=50876 base_poses=84017 invalid=0 station_ok=no
[INFO] [1787241520.478116604] [a3_receive_input_gateway]: gateway calibrated=yes frame_age=1.3ms frames=84334 ball=51174 base_poses=84315 invalid=0 station_ok=no
[INFO] [1787241521.478129710] [a3_receive_input_gateway]: gateway calibrated=yes frame_age=0.5ms frames=84633 ball=51473 base_poses=84614 invalid=0 station_ok=no
[INFO] [1787241522.478156119] [a3_receive_input_gateway]: gateway calibrated=yes frame_age=0.2ms frames=84932 ball=51772 base_poses=84913 invalid=0 station_ok=no
[INFO] [1787241523.478240325] [a3_receive_input_gateway]: gateway calibrated=yes frame_age=2.5ms frames=85230 ball=52070 base_poses=85211 invalid=0 station_ok=no
[INFO] [1787241524.478043133] [a3_receive_input_gateway]: gateway calibrated=yes frame_age=0.9ms frames=85529 ball=52369 base_poses=85510 invalid=0 station_ok=no
[INFO] [1787241525.478031604] [a3_receive_input_gateway]: gateway calibrated=yes frame_age=0.2ms frames=85829 ball=52669 base_poses=85810 invalid=0 station_ok=no
[INFO] [1787241526.478055972] [a3_receive_input_gateway]: gateway calibrated=yes frame_age=3.8ms frames=86127 ball=52967 base_poses=86108 invalid=0 station_ok=no
[INFO] [1787241527.478292949] [a3_receive_input_gateway]: gateway calibrated=yes frame_age=1.5ms frames=86427 ball=53267 base_poses=86408 invalid=0 station_ok=no
[INFO] [1787241528.478128788] [a3_receive_input_gateway]: gateway calibrated=yes frame_age=1.8ms frames=86726 ball=53566 base_poses=86707 invalid=0 station_ok=no
[INFO] [1787241529.478254557] [a3_receive_input_gateway]: gateway calibrated=yes frame_age=0.2ms frames=87026 ball=53866 base_poses=87007 invalid=0 station_ok=no
[INFO] [1787241530.478130553] [a3_receive_input_gateway]: gateway calibrated=yes frame_age=2.7ms frames=87325 ball=54165 base_poses=87306 invalid=0 station_ok=no
[INFO] [1787241531.478076805] [a3_receive_input_gateway]: gateway calibrated=yes frame_age=1.4ms frames=87625 ball=54465 base_poses=87606 invalid=0 station_ok=no
[INFO] [1787241532.478063455] [a3_receive_input_gateway]: gateway calibrated=yes frame_age=0.3ms frames=87925 ball=54765 base_poses=87906 invalid=0 station_ok=no
[INFO] [1787241533.478092186] [a3_receive_input_gateway]: gateway calibrated=yes frame_age=3.4ms frames=88224 ball=55064 base_poses=88205 invalid=0 station_ok=no
[INFO] [1787241534.478055397] [a3_receive_input_gateway]: gateway calibrated=yes frame_age=1.9ms frames=88524 ball=55364 base_poses=88505 invalid=0 station_ok=no
[INFO] [1787241535.478270681] [a3_receive_input_gateway]: gateway calibrated=yes frame_age=1.6ms frames=88824 ball=55664 base_poses=88805 invalid=0 station_ok=no
[INFO] [1787241536.478376023] [a3_receive_input_gateway]: gateway calibrated=yes frame_age=1.3ms frames=89124 ball=55964 base_poses=89105 invalid=0 station_ok=no
[INFO] [1787241537.478397418] [a3_receive_input_gateway]: gateway calibrated=yes frame_age=0.6ms frames=89424 ball=56264 base_poses=89405 invalid=0 station_ok=no
[INFO] [1787241538.478171362] [a3_receive_input_gateway]: gateway calibrated=yes frame_age=0.2ms frames=89724 ball=56564 base_poses=89705 invalid=0 station_ok=no
[INFO] [1787241539.478380278] [a3_receive_input_gateway]: gateway calibrated=yes frame_age=0.2ms frames=90024 ball=56864 base_poses=90005 invalid=0 station_ok=no
[INFO] [1787241540.478056015] [a3_receive_input_gateway]: gateway calibrated=yes frame_age=1.3ms frames=90323 ball=57163 base_poses=90304 invalid=0 station_ok=no
[INFO] [1787241541.478073830] [a3_receive_input_gateway]: gateway calibrated=yes frame_age=1.2ms frames=90623 ball=57463 base_poses=90604 invalid=0 station_ok=no
[INFO] [1787241542.478062444] [a3_receive_input_gateway]: gateway calibrated=yes frame_age=0.8ms frames=90923 ball=57763 base_poses=90904 invalid=0 station_ok=no
[INFO] [1787241543.478070396] [a3_receive_input_gateway]: gateway calibrated=yes frame_age=0.8ms frames=91223 ball=58063 base_poses=91204 invalid=0 station_ok=no
[INFO] [1787241544.478047359] [a3_receive_input_gateway]: gateway calibrated=yes frame_age=0.5ms frames=91523 ball=58363 base_poses=91504 invalid=0 station_ok=no
[INFO] [1787241545.478038392] [a3_receive_input_gateway]: gateway calibrated=yes frame_age=0.3ms frames=91823 ball=58663 base_poses=91804 invalid=0 station_ok=no
[INFO] [1787241546.478221431] [a3_receive_input_gateway]: gateway calibrated=yes frame_age=0.3ms frames=92123 ball=58963 base_poses=92104 invalid=0 station_ok=no
[INFO] [1787241547.478301975] [a3_receive_input_gateway]: gateway calibrated=yes frame_age=0.2ms frames=92423 ball=59263 base_poses=92404 invalid=0 station_ok=no
[INFO] [1787241548.478219338] [a3_receive_input_gateway]: gateway calibrated=yes frame_age=0.2ms frames=92723 ball=59563 base_poses=92704 invalid=0 station_ok=no
[INFO] [1787241549.479600573] [a3_receive_input_gateway]: gateway calibrated=yes frame_age=0.6ms frames=93023 ball=59863 base_poses=93004 invalid=0 station_ok=no
[INFO] [1787241550.478156375] [a3_receive_input_gateway]: gateway calibrated=yes frame_age=3.4ms frames=93317 ball=60157 base_poses=93298 invalid=0 station_ok=no
[INFO] [1787241551.478066794] [a3_receive_input_gateway]: gateway calibrated=yes frame_age=1.3ms frames=93608 ball=60448 base_poses=93589 invalid=0 station_ok=no
[INFO] [1787241552.478107680] [a3_receive_input_gateway]: gateway calibrated=yes frame_age=2.0ms frames=93899 ball=60739 base_poses=93880 invalid=0 station_ok=no
[INFO] [1787241553.478095306] [a3_receive_input_gateway]: gateway calibrated=yes frame_age=2.2ms frames=94192 ball=61032 base_poses=94173 invalid=0 station_ok=no
[INFO] [1787241554.478313742] [a3_receive_input_gateway]: gateway calibrated=yes frame_age=0.2ms frames=94486 ball=61326 base_poses=94467 invalid=0 station_ok=no
[INFO] [1787241555.478289422] [a3_receive_input_gateway]: gateway calibrated=yes frame_age=3.0ms frames=94779 ball=61619 base_poses=94760 invalid=0 station_ok=no
[INFO] [1787241556.478225796] [a3_receive_input_gateway]: gateway calibrated=yes frame_age=2.1ms frames=95074 ball=61914 base_poses=95055 invalid=0 station_ok=no
[INFO] [1787241557.478382272] [a3_receive_input_gateway]: gateway calibrated=yes frame_age=1.1ms frames=95370 ball=62210 base_poses=95351 invalid=0 station_ok=no
[INFO] [1787241558.478143885] [a3_receive_input_gateway]: gateway calibrated=yes frame_age=1.6ms frames=95666 ball=62506 base_poses=95647 invalid=0 station_ok=no
[INFO] [1787241559.478027280] [a3_receive_input_gateway]: gateway calibrated=yes frame_age=0.2ms frames=95963 ball=62803 base_poses=95944 invalid=0 station_ok=no
[INFO] [1787241560.478344732] [a3_receive_input_gateway]: gateway calibrated=yes frame_age=0.2ms frames=96260 ball=63100 base_poses=96241 invalid=0 station_ok=no
[INFO] [1787241561.478148045] [a3_receive_input_gateway]: gateway calibrated=yes frame_age=1.1ms frames=96557 ball=63397 base_poses=96538 invalid=0 station_ok=no
[INFO] [1787241562.478117444] [a3_receive_input_gateway]: gateway calibrated=yes frame_age=2.9ms frames=96854 ball=63694 base_poses=96835 invalid=0 station_ok=no
[INFO] [1787241563.478088288] [a3_receive_input_gateway]: gateway calibrated=yes frame_age=2.0ms frames=97152 ball=63992 base_poses=97133 invalid=0 station_ok=no
[INFO] [1787241564.478081530] [a3_receive_input_gateway]: gateway calibrated=yes frame_age=1.7ms frames=97450 ball=64290 base_poses=97431 invalid=0 station_ok=no
[INFO] [1787241565.477984194] [a3_receive_input_gateway]: gateway calibrated=yes frame_age=0.2ms frames=97749 ball=64589 base_poses=97730 invalid=0 station_ok=no
[INFO] [1787241566.478333429] [a3_receive_input_gateway]: gateway calibrated=yes frame_age=1.5ms frames=98047 ball=64887 base_poses=98028 invalid=0 station_ok=no
[INFO] [1787241567.478086023] [a3_receive_input_gateway]: gateway calibrated=yes frame_age=1.0ms frames=98346 ball=65186 base_poses=98327 invalid=0 station_ok=no
[INFO] [1787241568.478048029] [a3_receive_input_gateway]: gateway calibrated=yes frame_age=0.9ms frames=98645 ball=65485 base_poses=98626 invalid=0 station_ok=no
[INFO] [1787241569.478187311] [a3_receive_input_gateway]: gateway calibrated=yes frame_age=3.6ms frames=98943 ball=65783 base_poses=98924 invalid=0 station_ok=no
[INFO] [1787241570.478050945] [a3_receive_input_gateway]: gateway calibrated=yes frame_age=0.6ms frames=99243 ball=66083 base_poses=99224 invalid=0 station_ok=no
[INFO] [1787241571.478076828] [a3_receive_input_gateway]: gateway calibrated=yes frame_age=1.9ms frames=99542 ball=66382 base_poses=99523 invalid=0 station_ok=no
[INFO] [1787241572.478101041] [a3_receive_input_gateway]: gateway calibrated=yes frame_age=1.3ms frames=99841 ball=66681 base_poses=99822 invalid=0 station_ok=no
[INFO] [1787241573.478126159] [a3_receive_input_gateway]: gateway calibrated=yes frame_age=3.1ms frames=100140 ball=66980 base_poses=100121 invalid=0 station_ok=no
[INFO] [1787241574.478112188] [a3_receive_input_gateway]: gateway calibrated=yes frame_age=0.9ms frames=100440 ball=67280 base_poses=100421 invalid=0 station_ok=no
[INFO] [1787241575.478151936] [a3_receive_input_gateway]: gateway calibrated=yes frame_age=3.4ms frames=100739 ball=67579 base_poses=100720 invalid=0 station_ok=no
[INFO] [1787241576.478093636] [a3_receive_input_gateway]: gateway calibrated=yes frame_age=1.5ms frames=101039 ball=67879 base_poses=101020 invalid=0 station_ok=no
[INFO] [1787241577.478702023] [a3_receive_input_gateway]: gateway calibrated=yes frame_age=0.2ms frames=101339 ball=68179 base_poses=101320 invalid=0 station_ok=no
[INFO] [1787241578.478011047] [a3_receive_input_gateway]: gateway calibrated=yes frame_age=0.8ms frames=101638 ball=68478 base_poses=101619 invalid=0 station_ok=no
[INFO] [1787241579.478068905] [a3_receive_input_gateway]: gateway calibrated=yes frame_age=3.5ms frames=101937 ball=68777 base_poses=101918 invalid=0 station_ok=no
[INFO] [1787241580.478122688] [a3_receive_input_gateway]: gateway calibrated=yes frame_age=2.4ms frames=102237 ball=69077 base_poses=102218 invalid=0 station_ok=no
[INFO] [1787241581.478168235] [a3_receive_input_gateway]: gateway calibrated=yes frame_age=1.4ms frames=102537 ball=69377 base_poses=102518 invalid=0 station_ok=no
[INFO] [1787241582.478152903] [a3_receive_input_gateway]: gateway calibrated=yes frame_age=0.3ms frames=102837 ball=69677 base_poses=102818 invalid=0 station_ok=no
[INFO] [1787241583.478311775] [a3_receive_input_gateway]: gateway calibrated=yes frame_age=0.2ms frames=103144 ball=69984 base_poses=103125 invalid=0 station_ok=no
[INFO] [1787241584.478010327] [a3_receive_input_gateway]: gateway calibrated=yes frame_age=1.3ms frames=103458 ball=70298 base_poses=103439 invalid=0 station_ok=no
[INFO] [1787241585.478102905] [a3_receive_input_gateway]: gateway calibrated=yes frame_age=2.6ms frames=103770 ball=70610 base_poses=103751 invalid=0 station_ok=no
[INFO] [1787241586.478025550] [a3_receive_input_gateway]: gateway calibrated=yes frame_age=0.3ms frames=104081 ball=70921 base_poses=104062 invalid=0 station_ok=no
[INFO] [1787241587.478043051] [a3_receive_input_gateway]: gateway calibrated=yes frame_age=1.9ms frames=104390 ball=71230 base_poses=104371 invalid=0 station_ok=no
[INFO] [1787241588.478072704] [a3_receive_input_gateway]: gateway calibrated=yes frame_age=3.2ms frames=104698 ball=71538 base_poses=104679 invalid=0 station_ok=no
[INFO] [1787241589.478049279] [a3_receive_input_gateway]: gateway calibrated=yes frame_age=1.2ms frames=105006 ball=71846 base_poses=104987 invalid=0 station_ok=no
[INFO] [1787241590.478078950] [a3_receive_input_gateway]: gateway calibrated=yes frame_age=2.3ms frames=105312 ball=72152 base_poses=105293 invalid=0 station_ok=no
[INFO] [1787241591.478038721] [a3_receive_input_gateway]: gateway calibrated=yes frame_age=0.7ms frames=105618 ball=72458 base_poses=105599 invalid=0 station_ok=no
[INFO] [1787241592.478073291] [a3_receive_input_gateway]: gateway calibrated=yes frame_age=2.8ms frames=105922 ball=72762 base_poses=105903 invalid=0 station_ok=no
[INFO] [1787241593.478056116] [a3_receive_input_gateway]: gateway calibrated=yes frame_age=1.0ms frames=106227 ball=73067 base_poses=106208 invalid=0 station_ok=no
[INFO] [1787241594.478456928] [a3_receive_input_gateway]: gateway calibrated=yes frame_age=1.2ms frames=106530 ball=73370 base_poses=106511 invalid=0 station_ok=no
[INFO] [1787241595.477990239] [a3_receive_input_gateway]: gateway calibrated=yes frame_age=0.2ms frames=106834 ball=73674 base_poses=106815 invalid=0 station_ok=no
[INFO] [1787241596.478290526] [a3_receive_input_gateway]: gateway calibrated=yes frame_age=0.2ms frames=107137 ball=73977 base_poses=107118 invalid=0 station_ok=no
[INFO] [1787241597.478205023] [a3_receive_input_gateway]: gateway calibrated=yes frame_age=0.3ms frames=107439 ball=74279 base_poses=107420 invalid=0 station_ok=no
[INFO] [1787241598.478214273] [a3_receive_input_gateway]: gateway calibrated=yes frame_age=1.5ms frames=107741 ball=74581 base_poses=107722 invalid=0 station_ok=no
[INFO] [1787241599.478069138] [a3_receive_input_gateway]: gateway calibrated=yes frame_age=2.2ms frames=108043 ball=74883 base_poses=108024 invalid=0 station_ok=no
[INFO] [1787241600.478150842] [a3_receive_input_gateway]: gateway calibrated=yes frame_age=0.2ms frames=108345 ball=75185 base_poses=108326 invalid=0 station_ok=no
[INFO] [1787241601.478077201] [a3_receive_input_gateway]: gateway calibrated=yes frame_age=3.1ms frames=108646 ball=75486 base_poses=108627 invalid=0 station_ok=no
[INFO] [1787241602.478115420] [a3_receive_input_gateway]: gateway calibrated=yes frame_age=3.4ms frames=108947 ball=75787 base_poses=108928 invalid=0 station_ok=no
[INFO] [1787241603.478173222] [a3_receive_input_gateway]: gateway calibrated=yes frame_age=2.0ms frames=109249 ball=76089 base_poses=109230 invalid=0 station_ok=no
[INFO] [1787241604.478391462] [a3_receive_input_gateway]: gateway calibrated=yes frame_age=1.0ms frames=109550 ball=76390 base_poses=109531 invalid=0 station_ok=no
[INFO] [1787241605.478525789] [a3_receive_input_gateway]: gateway calibrated=yes frame_age=0.5ms frames=109851 ball=76691 base_poses=109832 invalid=0 station_ok=no
[INFO] [1787241606.478050590] [a3_receive_input_gateway]: gateway calibrated=yes frame_age=1.5ms frames=110152 ball=76992 base_poses=110133 invalid=0 station_ok=no
[INFO] [1787241607.478118551] [a3_receive_input_gateway]: gateway calibrated=yes frame_age=0.2ms frames=110453 ball=77293 base_poses=110434 invalid=0 station_ok=no
[INFO] [1787241608.478080132] [a3_receive_input_gateway]: gateway calibrated=yes frame_age=2.2ms frames=110753 ball=77593 base_poses=110734 invalid=0 station_ok=no
[INFO] [1787241609.478064706] [a3_receive_input_gateway]: gateway calibrated=yes frame_age=0.5ms frames=111054 ball=77894 base_poses=111035 invalid=0 station_ok=no
[INFO] [1787241610.478048768] [a3_receive_input_gateway]: gateway calibrated=yes frame_age=0.4ms frames=111355 ball=78195 base_poses=111336 invalid=0 station_ok=no
[INFO] [1787241611.478352066] [a3_receive_input_gateway]: gateway calibrated=yes frame_age=0.2ms frames=111655 ball=78495 base_poses=111636 invalid=0 station_ok=no
[INFO] [1787241612.478065461] [a3_receive_input_gateway]: gateway calibrated=yes frame_age=3.0ms frames=111955 ball=78795 base_poses=111936 invalid=0 station_ok=no
[INFO] [1787241613.478048634] [a3_receive_input_gateway]: gateway calibrated=yes frame_age=1.0ms frames=112256 ball=79096 base_poses=112237 invalid=0 station_ok=no
[INFO] [1787241614.478401361] [a3_receive_input_gateway]: gateway calibrated=yes frame_age=2.4ms frames=112556 ball=79396 base_poses=112537 invalid=0 station_ok=no
[INFO] [1787241615.478147609] [a3_receive_input_gateway]: gateway calibrated=yes frame_age=3.8ms frames=112856 ball=79696 base_poses=112837 invalid=0 station_ok=no
[INFO] [1787241616.478029947] [a3_receive_input_gateway]: gateway calibrated=yes frame_age=0.6ms frames=113157 ball=79997 base_poses=113138 invalid=0 station_ok=no
[INFO] [1787241617.478200008] [a3_receive_input_gateway]: gateway calibrated=yes frame_age=1.7ms frames=113280 ball=80120 base_poses=113261 invalid=0 station_ok=no
[INFO] [1787241618.478104561] [a3_receive_input_gateway]: gateway calibrated=yes frame_age=1.9ms frames=113580 ball=80420 base_poses=113561 invalid=0 station_ok=no
[INFO] [1787241619.478113339] [a3_receive_input_gateway]: gateway calibrated=yes frame_age=2.5ms frames=113880 ball=80720 base_poses=113861 invalid=0 station_ok=no
[INFO] [1787241620.478133689] [a3_receive_input_gateway]: gateway calibrated=yes frame_age=3.1ms frames=114180 ball=81020 base_poses=114161 invalid=0 station_ok=no
[INFO] [1787241621.478070700] [a3_receive_input_gateway]: gateway calibrated=yes frame_age=0.5ms frames=114481 ball=81321 base_poses=114462 invalid=0 station_ok=no
[INFO] [1787241622.478542196] [a3_receive_input_gateway]: gateway calibrated=yes frame_age=0.3ms frames=114781 ball=81621 base_poses=114762 invalid=0 station_ok=no
[INFO] [1787241623.478383884] [a3_receive_input_gateway]: gateway calibrated=yes frame_age=0.3ms frames=115081 ball=81921 base_poses=115062 invalid=0 station_ok=no
[INFO] [1787241624.478054233] [a3_receive_input_gateway]: gateway calibrated=yes frame_age=1.0ms frames=115381 ball=82221 base_poses=115362 invalid=0 station_ok=no
[INFO] [1787241625.478606255] [a3_receive_input_gateway]: gateway calibrated=yes frame_age=1.7ms frames=115681 ball=82521 base_poses=115662 invalid=0 station_ok=no
[INFO] [1787241626.478148779] [a3_receive_input_gateway]: gateway calibrated=yes frame_age=0.2ms frames=115982 ball=82822 base_poses=115963 invalid=0 station_ok=no
[INFO] [1787241627.478037191] [a3_receive_input_gateway]: gateway calibrated=yes frame_age=0.2ms frames=116282 ball=83122 base_poses=116263 invalid=0 station_ok=no
[INFO] [1787241628.478031390] [a3_receive_input_gateway]: gateway calibrated=yes frame_age=0.8ms frames=116582 ball=83422 base_poses=116563 invalid=0 station_ok=no
[INFO] [1787241629.478041197] [a3_receive_input_gateway]: gateway calibrated=yes frame_age=0.9ms frames=116882 ball=83722 base_poses=116863 invalid=0 station_ok=no
[INFO] [1787241630.478950127] [a3_receive_input_gateway]: gateway calibrated=yes frame_age=0.4ms frames=117182 ball=84022 base_poses=117163 invalid=0 station_ok=no
[INFO] [1787241631.478475428] [a3_receive_input_gateway]: gateway calibrated=yes frame_age=2.0ms frames=117482 ball=84322 base_poses=117463 invalid=0 station_ok=no
[INFO] [1787241632.478073143] [a3_receive_input_gateway]: gateway calibrated=yes frame_age=1.1ms frames=117782 ball=84622 base_poses=117763 invalid=0 station_ok=no
[INFO] [1787241633.478065838] [a3_receive_input_gateway]: gateway calibrated=yes frame_age=1.5ms frames=118082 ball=84922 base_poses=118063 invalid=0 station_ok=no
[INFO] [1787241634.478304803] [a3_receive_input_gateway]: gateway calibrated=yes frame_age=0.2ms frames=118383 ball=85223 base_poses=118364 invalid=0 station_ok=no
[INFO] [1787241635.478605134] [a3_receive_input_gateway]: gateway calibrated=yes frame_age=1.0ms frames=118683 ball=85523 base_poses=118664 invalid=0 station_ok=no
[INFO] [1787241636.478050238] [a3_receive_input_gateway]: gateway calibrated=yes frame_age=1.0ms frames=118983 ball=85823 base_poses=118964 invalid=0 station_ok=no
[INFO] [1787241637.478187788] [a3_receive_input_gateway]: gateway calibrated=yes frame_age=1.2ms frames=119283 ball=86123 base_poses=119264 invalid=0 station_ok=no
[INFO] [1787241638.478184982] [a3_receive_input_gateway]: gateway calibrated=yes frame_age=2.1ms frames=119583 ball=86423 base_poses=119564 invalid=0 station_ok=no
[INFO] [1787241639.478553787] [a3_receive_input_gateway]: gateway calibrated=yes frame_age=2.8ms frames=119883 ball=86723 base_poses=119864 invalid=0 station_ok=no
[INFO] [1787241640.478437260] [a3_receive_input_gateway]: gateway calibrated=yes frame_age=3.2ms frames=120183 ball=87023 base_poses=120164 invalid=0 station_ok=no
[INFO] [1787241641.478067570] [a3_receive_input_gateway]: gateway calibrated=yes frame_age=3.4ms frames=120483 ball=87323 base_poses=120464 invalid=0 station_ok=no
[INFO] [1787241642.478144420] [a3_receive_input_gateway]: gateway calibrated=yes frame_age=0.2ms frames=120784 ball=87624 base_poses=120765 invalid=0 station_ok=no
[INFO] [1787241643.478293506] [a3_receive_input_gateway]: gateway calibrated=yes frame_age=0.5ms frames=121084 ball=87924 base_poses=121065 invalid=0 station_ok=no
[INFO] [1787241644.478181608] [a3_receive_input_gateway]: gateway calibrated=yes frame_age=1.0ms frames=121384 ball=88224 base_poses=121365 invalid=0 station_ok=no
[INFO] [1787241645.478047177] [a3_receive_input_gateway]: gateway calibrated=yes frame_age=1.3ms frames=121684 ball=88524 base_poses=121665 invalid=0 station_ok=no
[INFO] [1787241646.478092380] [a3_receive_input_gateway]: gateway calibrated=yes frame_age=2.1ms frames=121984 ball=88824 base_poses=121965 invalid=0 station_ok=no
[INFO] [1787241647.478467130] [a3_receive_input_gateway]: gateway calibrated=yes frame_age=2.8ms frames=122284 ball=89124 base_poses=122265 invalid=0 station_ok=no
[INFO] [1787241648.478240308] [a3_receive_input_gateway]: gateway calibrated=yes frame_age=3.1ms frames=122584 ball=89424 base_poses=122565 invalid=0 station_ok=no
[INFO] [1787241649.478096064] [a3_receive_input_gateway]: gateway calibrated=yes frame_age=3.4ms frames=122884 ball=89724 base_poses=122865 invalid=0 station_ok=no
[INFO] [1787241650.478293612] [a3_receive_input_gateway]: gateway calibrated=yes frame_age=0.2ms frames=123185 ball=90025 base_poses=123166 invalid=0 station_ok=no
[INFO] [1787241651.478047908] [a3_receive_input_gateway]: gateway calibrated=yes frame_age=0.5ms frames=123485 ball=90325 base_poses=123466 invalid=0 station_ok=no
[INFO] [1787241652.478060587] [a3_receive_input_gateway]: gateway calibrated=yes frame_age=1.0ms frames=123785 ball=90625 base_poses=123766 invalid=0 station_ok=no
[INFO] [1787241653.478049412] [a3_receive_input_gateway]: gateway calibrated=yes frame_age=1.3ms frames=124085 ball=90925 base_poses=124066 invalid=0 station_ok=no
[INFO] [1787241654.478226859] [a3_receive_input_gateway]: gateway calibrated=yes frame_age=2.2ms frames=124385 ball=91225 base_poses=124366 invalid=0 station_ok=no
[INFO] [1787241655.478459013] [a3_receive_input_gateway]: gateway calibrated=yes frame_age=2.2ms frames=124685 ball=91525 base_poses=124666 invalid=0 station_ok=no
[INFO] [1787241656.478101958] [a3_receive_input_gateway]: gateway calibrated=yes frame_age=2.8ms frames=124985 ball=91825 base_poses=124966 invalid=0 station_ok=no
[INFO] [1787241657.478185985] [a3_receive_input_gateway]: gateway calibrated=yes frame_age=3.6ms frames=125285 ball=92125 base_poses=125266 invalid=0 station_ok=no
[INFO] [1787241658.478296795] [a3_receive_input_gateway]: gateway calibrated=yes frame_age=0.2ms frames=125586 ball=92426 base_poses=125567 invalid=0 station_ok=no
[INFO] [1787241659.478267036] [a3_receive_input_gateway]: gateway calibrated=yes frame_age=0.3ms frames=125886 ball=92726 base_poses=125867 invalid=0 station_ok=no
[INFO] [1787241660.478047668] [a3_receive_input_gateway]: gateway calibrated=yes frame_age=1.0ms frames=126186 ball=93026 base_poses=126167 invalid=0 station_ok=no
[INFO] [1787241661.478117517] [a3_receive_input_gateway]: gateway calibrated=yes frame_age=1.5ms frames=126486 ball=93326 base_poses=126467 invalid=0 station_ok=no
[INFO] [1787241662.478278639] [a3_receive_input_gateway]: gateway calibrated=yes frame_age=0.2ms frames=126787 ball=93627 base_poses=126768 invalid=0 station_ok=no
[INFO] [1787241663.478086419] [a3_receive_input_gateway]: gateway calibrated=yes frame_age=0.5ms frames=127087 ball=93927 base_poses=127068 invalid=0 station_ok=no
[INFO] [1787241664.478099032] [a3_receive_input_gateway]: gateway calibrated=yes frame_age=0.4ms frames=127387 ball=94227 base_poses=127368 invalid=0 station_ok=no
[INFO] [1787241665.478093596] [a3_receive_input_gateway]: gateway calibrated=yes frame_age=3.5ms frames=127686 ball=94526 base_poses=127667 invalid=0 station_ok=no
[INFO] [1787241666.478381822] [a3_receive_input_gateway]: gateway calibrated=yes frame_age=0.2ms frames=127987 ball=94827 base_poses=127968 invalid=0 station_ok=no
[INFO] [1787241667.478128559] [a3_receive_input_gateway]: gateway calibrated=yes frame_age=0.2ms frames=128287 ball=95127 base_poses=128268 invalid=0 station_ok=no
[INFO] [1787241668.478054449] [a3_receive_input_gateway]: gateway calibrated=yes frame_age=1.0ms frames=128587 ball=95427 base_poses=128568 invalid=0 station_ok=no
[INFO] [1787241669.478240717] [a3_receive_input_gateway]: gateway calibrated=yes frame_age=1.1ms frames=128887 ball=95727 base_poses=128868 invalid=0 station_ok=no
[INFO] [1787241670.478527828] [a3_receive_input_gateway]: gateway calibrated=yes frame_age=0.5ms frames=129188 ball=96028 base_poses=129169 invalid=0 station_ok=no
[INFO] [1787241671.478033896] [a3_receive_input_gateway]: gateway calibrated=yes frame_age=0.3ms frames=129488 ball=96328 base_poses=129469 invalid=0 station_ok=no
[INFO] [1787241672.478072468] [a3_receive_input_gateway]: gateway calibrated=yes frame_age=1.1ms frames=129788 ball=96628 base_poses=129769 invalid=0 station_ok=no
[INFO] [1787241673.478975139] [a3_receive_input_gateway]: gateway calibrated=yes frame_age=2.2ms frames=130088 ball=96928 base_poses=130069 invalid=0 station_ok=no
[INFO] [1787241674.478129760] [a3_receive_input_gateway]: gateway calibrated=yes frame_age=2.1ms frames=130388 ball=97228 base_poses=130369 invalid=0 station_ok=no
[INFO] [1787241675.478113660] [a3_receive_input_gateway]: gateway calibrated=yes frame_age=2.5ms frames=130688 ball=97528 base_poses=130669 invalid=0 station_ok=no
[INFO] [1787241676.478075783] [a3_receive_input_gateway]: gateway calibrated=yes frame_age=2.9ms frames=130988 ball=97828 base_poses=130969 invalid=0 station_ok=no
[INFO] [1787241677.478396183] [a3_receive_input_gateway]: gateway calibrated=yes frame_age=3.8ms frames=131288 ball=98128 base_poses=131269 invalid=0 station_ok=no
[INFO] [1787241678.478168024] [a3_receive_input_gateway]: gateway calibrated=yes frame_age=0.2ms frames=131589 ball=98429 base_poses=131570 invalid=0 station_ok=no
[INFO] [1787241679.478081521] [a3_receive_input_gateway]: gateway calibrated=yes frame_age=0.6ms frames=131889 ball=98729 base_poses=131870 invalid=0 station_ok=no
[INFO] [1787241680.478167585] [a3_receive_input_gateway]: gateway calibrated=yes frame_age=1.0ms frames=132189 ball=99029 base_poses=132170 invalid=0 station_ok=no
[INFO] [1787241681.478271749] [a3_receive_input_gateway]: gateway calibrated=yes frame_age=1.6ms frames=132489 ball=99329 base_poses=132470 invalid=0 station_ok=no
[INFO] [1787241682.478217439] [a3_receive_input_gateway]: gateway calibrated=yes frame_age=2.1ms frames=132789 ball=99629 base_poses=132770 invalid=0 station_ok=no
[INFO] [1787241683.478076829] [a3_receive_input_gateway]: gateway calibrated=yes frame_age=2.4ms frames=133089 ball=99929 base_poses=133070 invalid=0 station_ok=no
[INFO] [1787241684.478132252] [a3_receive_input_gateway]: gateway calibrated=yes frame_age=3.0ms frames=133389 ball=100229 base_poses=133370 invalid=0 station_ok=no
[INFO] [1787241685.478104335] [a3_receive_input_gateway]: gateway calibrated=yes frame_age=3.6ms frames=133689 ball=100529 base_poses=133670 invalid=0 station_ok=no
[INFO] [1787241686.478236720] [a3_receive_input_gateway]: gateway calibrated=yes frame_age=0.2ms frames=133990 ball=100830 base_poses=133971 invalid=0 station_ok=no
[INFO] [1787241687.478159144] [a3_receive_input_gateway]: gateway calibrated=yes frame_age=0.2ms frames=134290 ball=101130 base_poses=134271 invalid=0 station_ok=no
[INFO] [1787241688.767902394] [a3_receive_input_gateway]: gateway calibrated=yes frame_age=3.9ms frames=134511 ball=101351 base_poses=134492 invalid=0 station_ok=no
[INFO] [1787241689.478019120] [a3_receive_input_gateway]: gateway calibrated=yes frame_age=0.4ms frames=134725 ball=101565 base_poses=134706 invalid=0 station_ok=no
[INFO] [1787241690.478048291] [a3_receive_input_gateway]: gateway calibrated=yes frame_age=0.8ms frames=135025 ball=101865 base_poses=135006 invalid=0 station_ok=no
[INFO] [1787241691.478105495] [a3_receive_input_gateway]: gateway calibrated=yes frame_age=1.3ms frames=135325 ball=102165 base_poses=135306 invalid=0 station_ok=no
[INFO] [1787241692.478141209] [a3_receive_input_gateway]: gateway calibrated=yes frame_age=1.7ms frames=135625 ball=102465 base_poses=135606 invalid=0 station_ok=no
[INFO] [1787241693.478082557] [a3_receive_input_gateway]: gateway calibrated=yes frame_age=2.1ms frames=135925 ball=102765 base_poses=135906 invalid=0 station_ok=no
[INFO] [1787241694.478114305] [a3_receive_input_gateway]: gateway calibrated=yes frame_age=2.8ms frames=136225 ball=103065 base_poses=136206 invalid=0 station_ok=no
[INFO] [1787241695.478065079] [a3_receive_input_gateway]: gateway calibrated=yes frame_age=3.4ms frames=136525 ball=103365 base_poses=136506 invalid=0 station_ok=no
[INFO] [1787241696.478137422] [a3_receive_input_gateway]: gateway calibrated=yes frame_age=3.9ms frames=136825 ball=103665 base_poses=136806 invalid=0 station_ok=no
[INFO] [1787241697.478054144] [a3_receive_input_gateway]: gateway calibrated=yes frame_age=0.4ms frames=137126 ball=103966 base_poses=137107 invalid=0 station_ok=no
[INFO] [1787241698.478051111] [a3_receive_input_gateway]: gateway calibrated=yes frame_age=0.6ms frames=137426 ball=104266 base_poses=137407 invalid=0 station_ok=no
[INFO] [1787241699.478109904] [a3_receive_input_gateway]: gateway calibrated=yes frame_age=1.4ms frames=137726 ball=104566 base_poses=137707 invalid=0 station_ok=no
[INFO] [1787241700.478390107] [a3_receive_input_gateway]: gateway calibrated=yes frame_age=0.2ms frames=138027 ball=104867 base_poses=138008 invalid=0 station_ok=no
[INFO] [1787241701.478120896] [a3_receive_input_gateway]: gateway calibrated=yes frame_age=2.4ms frames=138326 ball=105166 base_poses=138307 invalid=0 station_ok=no
[INFO] [1787241702.478134856] [a3_receive_input_gateway]: gateway calibrated=yes frame_age=3.0ms frames=138626 ball=105466 base_poses=138607 invalid=0 station_ok=no
[INFO] [1787241703.478156940] [a3_receive_input_gateway]: gateway calibrated=yes frame_age=3.4ms frames=138926 ball=105766 base_poses=138907 invalid=0 station_ok=no
[INFO] [1787241704.478141386] [a3_receive_input_gateway]: gateway calibrated=yes frame_age=1.7ms frames=139227 ball=106067 base_poses=139208 invalid=0 station_ok=no
[INFO] [1787241705.478052084] [a3_receive_input_gateway]: gateway calibrated=yes frame_age=0.4ms frames=139527 ball=106367 base_poses=139508 invalid=0 station_ok=no
[INFO] [1787241706.478190686] [a3_receive_input_gateway]: gateway calibrated=yes frame_age=0.9ms frames=139827 ball=106667 base_poses=139808 invalid=0 station_ok=no
[INFO] [1787241707.478077954] [a3_receive_input_gateway]: gateway calibrated=yes frame_age=1.2ms frames=140127 ball=106967 base_poses=140108 invalid=0 station_ok=no
[INFO] [1787241708.478098316] [a3_receive_input_gateway]: gateway calibrated=yes frame_age=1.5ms frames=140427 ball=107267 base_poses=140408 invalid=0 station_ok=no
[INFO] [1787241709.478046360] [a3_receive_input_gateway]: gateway calibrated=yes frame_age=0.4ms frames=140728 ball=107568 base_poses=140709 invalid=0 station_ok=no
[INFO] [1787241710.478063365] [a3_receive_input_gateway]: gateway calibrated=yes frame_age=2.9ms frames=141027 ball=107867 base_poses=141008 invalid=0 station_ok=no
[INFO] [1787241711.478078886] [a3_receive_input_gateway]: gateway calibrated=yes frame_age=1.3ms frames=141328 ball=108168 base_poses=141309 invalid=0 station_ok=no
[INFO] [1787241712.479241162] [a3_receive_input_gateway]: gateway calibrated=yes frame_age=5.1ms frames=141627 ball=108467 base_poses=141608 invalid=0 station_ok=no
[INFO] [1787241713.478084346] [a3_receive_input_gateway]: gateway calibrated=yes frame_age=2.5ms frames=141928 ball=108768 base_poses=141909 invalid=0 station_ok=no
[INFO] [1787241714.478101418] [a3_receive_input_gateway]: gateway calibrated=yes frame_age=2.8ms frames=142228 ball=109068 base_poses=142209 invalid=0 station_ok=no
[INFO] [1787241715.478073335] [a3_receive_input_gateway]: gateway calibrated=yes frame_age=3.2ms frames=142528 ball=109368 base_poses=142509 invalid=0 station_ok=no
[INFO] [1787241716.478157232] [a3_receive_input_gateway]: gateway calibrated=yes frame_age=3.8ms frames=142828 ball=109668 base_poses=142809 invalid=0 station_ok=no
[INFO] [1787241717.478044089] [a3_receive_input_gateway]: gateway calibrated=yes frame_age=0.4ms frames=143129 ball=109969 base_poses=143110 invalid=0 station_ok=no
[INFO] [1787241718.478060334] [a3_receive_input_gateway]: gateway calibrated=yes frame_age=0.8ms frames=143429 ball=110269 base_poses=143410 invalid=0 station_ok=no
[INFO] [1787241719.478043667] [a3_receive_input_gateway]: gateway calibrated=yes frame_age=1.3ms frames=143729 ball=110569 base_poses=143710 invalid=0 station_ok=no
[INFO] [1787241720.478111748] [a3_receive_input_gateway]: gateway calibrated=yes frame_age=2.0ms frames=144029 ball=110869 base_poses=144010 invalid=0 station_ok=no
[INFO] [1787241721.478154901] [a3_receive_input_gateway]: gateway calibrated=yes frame_age=2.5ms frames=144329 ball=111169 base_poses=144310 invalid=0 station_ok=no
[INFO] [1787241722.478160606] [a3_receive_input_gateway]: gateway calibrated=yes frame_age=1.5ms frames=144924 ball=111764 base_poses=144905 invalid=0 station_ok=no
[INFO] [1787241723.478086989] [a3_receive_input_gateway]: gateway calibrated=yes frame_age=2.1ms frames=145224 ball=112064 base_poses=145205 invalid=0 station_ok=no
[INFO] [1787241724.478073102] [a3_receive_input_gateway]: gateway calibrated=yes frame_age=2.4ms frames=145524 ball=112364 base_poses=145505 invalid=0 station_ok=no
[INFO] [1787241725.478081878] [a3_receive_input_gateway]: gateway calibrated=yes frame_age=3.1ms frames=145824 ball=112664 base_poses=145805 invalid=0 station_ok=no
[INFO] [1787241726.478117256] [a3_receive_input_gateway]: gateway calibrated=yes frame_age=3.5ms frames=146124 ball=112964 base_poses=146105 invalid=0 station_ok=no
[INFO] [1787241727.478463442] [a3_receive_input_gateway]: gateway calibrated=yes frame_age=0.5ms frames=146425 ball=113265 base_poses=146406 invalid=0 station_ok=no
[INFO] [1787241728.478142007] [a3_receive_input_gateway]: gateway calibrated=yes frame_age=0.6ms frames=146725 ball=113565 base_poses=146706 invalid=0 station_ok=no
[INFO] [1787241729.478047770] [a3_receive_input_gateway]: gateway calibrated=yes frame_age=1.0ms frames=147025 ball=113865 base_poses=147006 invalid=0 station_ok=no
[INFO] [1787241730.478256245] [a3_receive_input_gateway]: gateway calibrated=yes frame_age=1.4ms frames=147325 ball=114165 base_poses=147306 invalid=0 station_ok=no
[INFO] [1787241731.478227417] [a3_receive_input_gateway]: gateway calibrated=yes frame_age=0.2ms frames=147626 ball=114466 base_poses=147607 invalid=0 station_ok=no
[INFO] [1787241732.478042740] [a3_receive_input_gateway]: gateway calibrated=yes frame_age=0.6ms frames=147926 ball=114766 base_poses=147907 invalid=0 station_ok=no
[INFO] [1787241733.478127097] [a3_receive_input_gateway]: gateway calibrated=yes frame_age=3.0ms frames=148225 ball=115065 base_poses=148206 invalid=0 station_ok=no
[INFO] [1787241734.478095169] [a3_receive_input_gateway]: gateway calibrated=yes frame_age=1.4ms frames=148526 ball=115366 base_poses=148507 invalid=0 station_ok=no
[INFO] [1787241735.478157893] [a3_receive_input_gateway]: gateway calibrated=yes frame_age=4.0ms frames=148825 ball=115665 base_poses=148806 invalid=0 station_ok=no
[INFO] [1787241736.478048525] [a3_receive_input_gateway]: gateway calibrated=yes frame_age=0.5ms frames=149126 ball=115966 base_poses=149107 invalid=0 station_ok=no
[INFO] [1787241737.478066416] [a3_receive_input_gateway]: gateway calibrated=yes frame_age=1.0ms frames=149426 ball=116266 base_poses=149407 invalid=0 station_ok=no
[INFO] [1787241738.478230241] [a3_receive_input_gateway]: gateway calibrated=yes frame_age=1.6ms frames=149726 ball=116566 base_poses=149707 invalid=0 station_ok=no
[INFO] [1787241739.478221251] [a3_receive_input_gateway]: gateway calibrated=yes frame_age=0.2ms frames=150027 ball=116867 base_poses=150008 invalid=0 station_ok=no
[INFO] [1787241740.478003720] [a3_receive_input_gateway]: gateway calibrated=yes frame_age=0.2ms frames=150327 ball=117167 base_poses=150308 invalid=0 station_ok=no
[INFO] [1787241741.478175505] [a3_receive_input_gateway]: gateway calibrated=yes frame_age=0.9ms frames=150627 ball=117467 base_poses=150608 invalid=0 station_ok=no
[INFO] [1787241742.478097110] [a3_receive_input_gateway]: gateway calibrated=yes frame_age=1.5ms frames=150927 ball=117767 base_poses=150908 invalid=0 station_ok=no
[INFO] [1787241743.478076546] [a3_receive_input_gateway]: gateway calibrated=yes frame_age=1.8ms frames=151227 ball=118067 base_poses=151208 invalid=0 station_ok=no
[INFO] [1787241744.478118159] [a3_receive_input_gateway]: gateway calibrated=yes frame_age=2.5ms frames=151527 ball=118367 base_poses=151508 invalid=0 station_ok=no
[INFO] [1787241745.478146279] [a3_receive_input_gateway]: gateway calibrated=yes frame_age=3.0ms frames=151827 ball=118667 base_poses=151808 invalid=0 station_ok=no
[INFO] [1787241746.478061943] [a3_receive_input_gateway]: gateway calibrated=yes frame_age=3.6ms frames=152127 ball=118967 base_poses=152108 invalid=0 station_ok=no
[INFO] [1787241747.478310372] [a3_receive_input_gateway]: gateway calibrated=yes frame_age=0.2ms frames=152428 ball=119268 base_poses=152409 invalid=0 station_ok=no
[INFO] [1787241748.478063740] [a3_receive_input_gateway]: gateway calibrated=yes frame_age=0.5ms frames=152728 ball=119568 base_poses=152709 invalid=0 station_ok=no
[INFO] [1787241749.478230944] [a3_receive_input_gateway]: gateway calibrated=yes frame_age=1.0ms frames=153028 ball=119868 base_poses=153009 invalid=0 station_ok=no
[INFO] [1787241750.478227272] [a3_receive_input_gateway]: gateway calibrated=yes frame_age=1.5ms frames=153328 ball=120168 base_poses=153309 invalid=0 station_ok=no
[INFO] [1787241751.478132361] [a3_receive_input_gateway]: gateway calibrated=yes frame_age=2.0ms frames=153628 ball=120468 base_poses=153609 invalid=0 station_ok=no
[INFO] [1787241752.478109692] [a3_receive_input_gateway]: gateway calibrated=yes frame_age=2.5ms frames=153928 ball=120768 base_poses=153909 invalid=0 station_ok=no
[INFO] [1787241753.478091309] [a3_receive_input_gateway]: gateway calibrated=yes frame_age=2.9ms frames=154228 ball=121068 base_poses=154209 invalid=0 station_ok=no
[INFO] [1787241754.478179579] [a3_receive_input_gateway]: gateway calibrated=yes frame_age=1.6ms frames=154528 ball=121368 base_poses=154509 invalid=0 station_ok=no
[INFO] [1787241755.478070631] [a3_receive_input_gateway]: gateway calibrated=yes frame_age=3.1ms frames=154621 ball=121461 base_poses=154602 invalid=0 station_ok=no
[INFO] [1787241756.478129822] [a3_receive_input_gateway]: gateway calibrated=yes frame_age=2.9ms frames=154921 ball=121761 base_poses=154902 invalid=0 station_ok=no
[INFO] [1787241757.478109898] [a3_receive_input_gateway]: gateway calibrated=yes frame_age=0.2ms frames=155222 ball=122062 base_poses=155203 invalid=0 station_ok=no
[INFO] [1787241758.480755593] [a3_receive_input_gateway]: gateway calibrated=yes frame_age=3.4ms frames=155522 ball=122362 base_poses=155503 invalid=0 station_ok=no
[INFO] [1787241759.478845312] [a3_receive_input_gateway]: gateway calibrated=yes frame_age=0.2ms frames=155822 ball=122662 base_poses=155803 invalid=0 station_ok=no
[INFO] [1787241760.478066246] [a3_receive_input_gateway]: gateway calibrated=yes frame_age=1.7ms frames=156122 ball=122962 base_poses=156103 invalid=0 station_ok=no
[INFO] [1787241761.478084146] [a3_receive_input_gateway]: gateway calibrated=yes frame_age=2.2ms frames=156422 ball=123262 base_poses=156403 invalid=0 station_ok=no
[INFO] [1787241762.478346407] [a3_receive_input_gateway]: gateway calibrated=yes frame_age=2.4ms frames=156722 ball=123562 base_poses=156703 invalid=0 station_ok=no
[INFO] [1787241763.478088750] [a3_receive_input_gateway]: gateway calibrated=yes frame_age=3.2ms frames=157022 ball=123862 base_poses=157003 invalid=0 station_ok=no
[INFO] [1787241764.478312301] [a3_receive_input_gateway]: gateway calibrated=yes frame_age=3.7ms frames=157322 ball=124162 base_poses=157303 invalid=0 station_ok=no
[INFO] [1787241765.478212911] [a3_receive_input_gateway]: gateway calibrated=yes frame_age=0.3ms frames=157623 ball=124463 base_poses=157604 invalid=0 station_ok=no
[INFO] [1787241766.478060492] [a3_receive_input_gateway]: gateway calibrated=yes frame_age=0.7ms frames=157923 ball=124763 base_poses=157904 invalid=0 station_ok=no
[INFO] [1787241767.478249261] [a3_receive_input_gateway]: gateway calibrated=yes frame_age=0.8ms frames=158223 ball=125063 base_poses=158204 invalid=0 station_ok=no
[INFO] [1787241768.478142372] [a3_receive_input_gateway]: gateway calibrated=yes frame_age=1.7ms frames=158523 ball=125363 base_poses=158504 invalid=0 station_ok=no
[INFO] [1787241769.478073966] [a3_receive_input_gateway]: gateway calibrated=yes frame_age=0.2ms frames=158824 ball=125664 base_poses=158805 invalid=0 station_ok=no
[INFO] [1787241770.478065995] [a3_receive_input_gateway]: gateway calibrated=yes frame_age=2.7ms frames=159123 ball=125963 base_poses=159104 invalid=0 station_ok=no
[INFO] [1787241771.009096385] [a3_receive_input_gateway]: ball tracking: lost
[INFO] [1787241771.235115326] [a3_receive_input_gateway]: ball tracking: visible
[INFO] [1787241771.478105367] [a3_receive_input_gateway]: gateway calibrated=yes frame_age=3.1ms frames=159423 ball=126195 base_poses=159404 invalid=0 station_ok=no
[INFO] [1787241772.318908359] [a3_receive_input_gateway]: ball tracking: lost
[INFO] [1787241772.354362560] [a3_receive_input_gateway]: ball tracking: visible
[INFO] [1787241772.478064216] [a3_receive_input_gateway]: gateway calibrated=yes frame_age=3.4ms frames=159723 ball=126484 base_poses=159704 invalid=0 station_ok=no
[INFO] [1787241772.708413109] [a3_receive_input_gateway]: ball tracking: lost
[INFO] [1787241773.478048347] [a3_receive_input_gateway]: gateway calibrated=yes frame_age=0.1ms frames=160024 ball=126553 base_poses=160005 invalid=0 station_ok=no
[INFO] [1787241774.478049622] [a3_receive_input_gateway]: gateway calibrated=yes frame_age=0.6ms frames=160324 ball=126553 base_poses=160305 invalid=0 station_ok=no
[INFO] [1787241775.478263760] [a3_receive_input_gateway]: gateway calibrated=yes frame_age=5.2ms frames=160623 ball=126553 base_poses=160604 invalid=0 station_ok=no
[INFO] [1787241776.478178576] [a3_receive_input_gateway]: gateway calibrated=yes frame_age=1.4ms frames=160924 ball=126553 base_poses=160905 invalid=0 station_ok=no
[INFO] [1787241777.478107103] [a3_receive_input_gateway]: gateway calibrated=yes frame_age=0.1ms frames=161225 ball=126553 base_poses=161206 invalid=0 station_ok=no
[INFO] [1787241778.478052226] [a3_receive_input_gateway]: gateway calibrated=yes frame_age=0.7ms frames=161525 ball=126553 base_poses=161506 invalid=0 station_ok=no
[INFO] [1787241779.478072891] [a3_receive_input_gateway]: gateway calibrated=yes frame_age=1.2ms frames=161825 ball=126553 base_poses=161806 invalid=0 station_ok=no
[INFO] [1787241780.478209951] [a3_receive_input_gateway]: gateway calibrated=yes frame_age=5.2ms frames=162124 ball=126553 base_poses=162105 invalid=0 station_ok=no
[INFO] [1787241781.478308843] [a3_receive_input_gateway]: gateway calibrated=yes frame_age=1.8ms frames=162425 ball=126553 base_poses=162406 invalid=0 station_ok=no
[INFO] [1787241782.478087964] [a3_receive_input_gateway]: gateway calibrated=yes frame_age=2.3ms frames=162725 ball=126553 base_poses=162706 invalid=0 station_ok=no
[INFO] [1787241783.478102560] [a3_receive_input_gateway]: gateway calibrated=yes frame_age=3.0ms frames=163025 ball=126553 base_poses=163006 invalid=0 station_ok=no
[INFO] [1787241784.478220445] [a3_receive_input_gateway]: gateway calibrated=yes frame_age=3.9ms frames=163325 ball=126553 base_poses=163306 invalid=0 station_ok=no
[INFO] [1787241785.478093022] [a3_receive_input_gateway]: gateway calibrated=yes frame_age=0.1ms frames=163626 ball=126553 base_poses=163607 invalid=0 station_ok=no
[INFO] [1787241786.478078732] [a3_receive_input_gateway]: gateway calibrated=yes frame_age=0.7ms frames=163926 ball=126553 base_poses=163907 invalid=0 station_ok=no
[INFO] [1787241787.478079931] [a3_receive_input_gateway]: gateway calibrated=yes frame_age=1.3ms frames=164226 ball=126553 base_poses=164207 invalid=0 station_ok=no
[INFO] [1787241788.478124057] [a3_receive_input_gateway]: gateway calibrated=yes frame_age=1.7ms frames=164526 ball=126553 base_poses=164507 invalid=0 station_ok=no
[INFO] [1787241789.478067487] [a3_receive_input_gateway]: gateway calibrated=yes frame_age=2.2ms frames=164826 ball=126553 base_poses=164807 invalid=0 station_ok=no
[INFO] [1787241790.478074431] [a3_receive_input_gateway]: gateway calibrated=yes frame_age=1.0ms frames=165124 ball=126553 base_poses=165105 invalid=0 station_ok=no
[INFO] [1787241791.478242739] [a3_receive_input_gateway]: gateway calibrated=yes frame_age=0.4ms frames=165420 ball=126553 base_poses=165401 invalid=0 station_ok=no
[INFO] [1787241792.478089906] [a3_receive_input_gateway]: gateway calibrated=yes frame_age=3.0ms frames=165715 ball=126553 base_poses=165696 invalid=0 station_ok=no
[INFO] [1787241793.478084669] [a3_receive_input_gateway]: gateway calibrated=yes frame_age=1.5ms frames=166012 ball=126553 base_poses=165993 invalid=0 station_ok=no
[INFO] [1787241794.478072954] [a3_receive_input_gateway]: gateway calibrated=yes frame_age=1.9ms frames=166309 ball=126553 base_poses=166290 invalid=0 station_ok=no
[INFO] [1787241795.478115735] [a3_receive_input_gateway]: gateway calibrated=yes frame_age=3.0ms frames=166606 ball=126553 base_poses=166587 invalid=0 station_ok=no
[INFO] [1787241796.478079346] [a3_receive_input_gateway]: gateway calibrated=yes frame_age=1.9ms frames=166904 ball=126553 base_poses=166885 invalid=0 station_ok=no
[INFO] [1787241797.478081280] [a3_receive_input_gateway]: gateway calibrated=yes frame_age=3.7ms frames=167202 ball=126553 base_poses=167183 invalid=0 station_ok=no
[INFO] [1787241798.478320463] [a3_receive_input_gateway]: gateway calibrated=yes frame_age=0.2ms frames=167501 ball=126553 base_poses=167482 invalid=0 station_ok=no
[INFO] [1787241799.478097267] [a3_receive_input_gateway]: gateway calibrated=yes frame_age=3.0ms frames=167799 ball=126553 base_poses=167780 invalid=0 station_ok=no
[INFO] [1787241800.478071951] [a3_receive_input_gateway]: gateway calibrated=yes frame_age=0.9ms frames=168098 ball=126553 base_poses=168079 invalid=0 station_ok=no
[INFO] [1787241801.478094008] [a3_receive_input_gateway]: gateway calibrated=yes frame_age=1.3ms frames=168397 ball=126553 base_poses=168378 invalid=0 station_ok=no
[INFO] [1787241802.478108448] [a3_receive_input_gateway]: gateway calibrated=yes frame_age=2.2ms frames=168696 ball=126553 base_poses=168677 invalid=0 station_ok=no
[INFO] [1787241803.478120308] [a3_receive_input_gateway]: gateway calibrated=yes frame_age=1.7ms frames=168995 ball=126553 base_poses=168976 invalid=0 station_ok=no
[INFO] [1787241804.478055926] [a3_receive_input_gateway]: gateway calibrated=yes frame_age=3.3ms frames=169294 ball=126553 base_poses=169275 invalid=0 station_ok=no
[INFO] [1787241805.478162832] [a3_receive_input_gateway]: gateway calibrated=yes frame_age=1.5ms frames=169594 ball=126553 base_poses=169575 invalid=0 station_ok=no
[INFO] [1787241806.478287394] [a3_receive_input_gateway]: gateway calibrated=yes frame_age=0.2ms frames=169894 ball=126553 base_poses=169875 invalid=0 station_ok=no
[INFO] [1787241807.478029830] [a3_receive_input_gateway]: gateway calibrated=yes frame_age=0.6ms frames=170193 ball=126553 base_poses=170174 invalid=0 station_ok=no
[INFO] [1787241808.478089949] [a3_receive_input_gateway]: gateway calibrated=yes frame_age=3.5ms frames=170492 ball=126553 base_poses=170473 invalid=0 station_ok=no
[INFO] [1787241809.478080617] [a3_receive_input_gateway]: gateway calibrated=yes frame_age=2.7ms frames=170792 ball=126553 base_poses=170773 invalid=0 station_ok=no
[INFO] [1787241810.478083400] [a3_receive_input_gateway]: gateway calibrated=yes frame_age=1.9ms frames=171092 ball=126553 base_poses=171073 invalid=0 station_ok=no
[INFO] [1787241811.478034700] [a3_receive_input_gateway]: gateway calibrated=yes frame_age=1.1ms frames=171392 ball=126553 base_poses=171373 invalid=0 station_ok=no
[INFO] [1787241812.478050868] [a3_receive_input_gateway]: gateway calibrated=yes frame_age=0.9ms frames=171692 ball=126553 base_poses=171673 invalid=0 station_ok=no
[INFO] [1787241813.478061115] [a3_receive_input_gateway]: gateway calibrated=yes frame_age=0.5ms frames=171992 ball=126553 base_poses=171973 invalid=0 station_ok=no
[INFO] [1787241814.478079383] [a3_receive_input_gateway]: gateway calibrated=yes frame_age=0.2ms frames=172292 ball=126553 base_poses=172273 invalid=0 station_ok=no
[INFO] [1787241815.478146918] [a3_receive_input_gateway]: gateway calibrated=yes frame_age=0.2ms frames=172592 ball=126553 base_poses=172573 invalid=0 station_ok=no
[INFO] [1787241816.478203580] [a3_receive_input_gateway]: gateway calibrated=yes frame_age=0.2ms frames=172892 ball=126553 base_poses=172873 invalid=0 station_ok=no
[INFO] [1787241817.478013436] [a3_receive_input_gateway]: gateway calibrated=yes frame_age=0.2ms frames=173192 ball=126553 base_poses=173173 invalid=0 station_ok=no
[INFO] [1787241818.478014133] [a3_receive_input_gateway]: gateway calibrated=yes frame_age=0.2ms frames=173492 ball=126553 base_poses=173473 invalid=0 station_ok=no
[INFO] [1787241819.478107203] [a3_receive_input_gateway]: gateway calibrated=yes frame_age=0.2ms frames=173792 ball=126553 base_poses=173773 invalid=0 station_ok=no
[INFO] [1787241820.478041141] [a3_receive_input_gateway]: gateway calibrated=yes frame_age=0.3ms frames=174092 ball=126553 base_poses=174073 invalid=0 station_ok=no
[INFO] [1787241821.478029601] [a3_receive_input_gateway]: gateway calibrated=yes frame_age=0.5ms frames=174392 ball=126553 base_poses=174373 invalid=0 station_ok=no
[INFO] [1787241822.478037348] [a3_receive_input_gateway]: gateway calibrated=yes frame_age=1.0ms frames=174692 ball=126553 base_poses=174673 invalid=0 station_ok=no
[INFO] [1787241823.478277060] [a3_receive_input_gateway]: gateway calibrated=yes frame_age=0.2ms frames=175182 ball=126553 base_poses=175163 invalid=0 station_ok=no
[INFO] [1787241824.478041875] [a3_receive_input_gateway]: gateway calibrated=yes frame_age=0.3ms frames=175482 ball=126553 base_poses=175463 invalid=0 station_ok=no
[INFO] [1787241825.478094110] [a3_receive_input_gateway]: gateway calibrated=yes frame_age=0.9ms frames=175782 ball=126553 base_poses=175763 invalid=0 station_ok=no
[INFO] [1787241826.478270101] [a3_receive_input_gateway]: gateway calibrated=yes frame_age=1.1ms frames=176082 ball=126553 base_poses=176063 invalid=0 station_ok=no
[INFO] [1787241827.478194508] [a3_receive_input_gateway]: gateway calibrated=yes frame_age=2.0ms frames=176382 ball=126553 base_poses=176363 invalid=0 station_ok=no
[INFO] [1787241828.478064509] [a3_receive_input_gateway]: gateway calibrated=yes frame_age=2.4ms frames=176682 ball=126553 base_poses=176663 invalid=0 station_ok=no
[INFO] [1787241829.478094148] [a3_receive_input_gateway]: gateway calibrated=yes frame_age=2.9ms frames=176982 ball=126553 base_poses=176963 invalid=0 station_ok=no
[INFO] [1787241830.478052206] [a3_receive_input_gateway]: gateway calibrated=yes frame_age=3.3ms frames=177282 ball=126553 base_poses=177263 invalid=0 station_ok=no
[INFO] [1787241831.478498491] [a3_receive_input_gateway]: gateway calibrated=yes frame_age=0.3ms frames=177583 ball=126553 base_poses=177564 invalid=0 station_ok=no
[INFO] [1787241832.478199825] [a3_receive_input_gateway]: gateway calibrated=yes frame_age=0.3ms frames=177883 ball=126553 base_poses=177864 invalid=0 station_ok=no
[INFO] [1787241833.478047595] [a3_receive_input_gateway]: gateway calibrated=yes frame_age=0.8ms frames=178183 ball=126553 base_poses=178164 invalid=0 station_ok=no
[INFO] [1787241834.478111249] [a3_receive_input_gateway]: gateway calibrated=yes frame_age=1.4ms frames=178483 ball=126553 base_poses=178464 invalid=0 station_ok=no
[INFO] [1787241835.479619165] [a3_receive_input_gateway]: gateway calibrated=yes frame_age=0.5ms frames=178784 ball=126553 base_poses=178765 invalid=0 station_ok=no
[INFO] [1787241836.478477924] [a3_receive_input_gateway]: gateway calibrated=yes frame_age=0.3ms frames=179084 ball=126553 base_poses=179065 invalid=0 station_ok=no
[INFO] [1787241837.478025201] [a3_receive_input_gateway]: gateway calibrated=yes frame_age=0.8ms frames=179384 ball=126553 base_poses=179365 invalid=0 station_ok=no
[INFO] [1787241838.478179299] [a3_receive_input_gateway]: gateway calibrated=yes frame_age=3.4ms frames=179683 ball=126553 base_poses=179664 invalid=0 station_ok=no
[INFO] [1787241839.478379758] [a3_receive_input_gateway]: gateway calibrated=yes frame_age=0.2ms frames=179984 ball=126553 base_poses=179965 invalid=0 station_ok=no
[INFO] [1787241840.478056413] [a3_receive_input_gateway]: gateway calibrated=yes frame_age=0.2ms frames=180284 ball=126553 base_poses=180265 invalid=0 station_ok=no
[INFO] [1787241841.478038430] [a3_receive_input_gateway]: gateway calibrated=yes frame_age=0.8ms frames=180584 ball=126553 base_poses=180565 invalid=0 station_ok=no
[INFO] [1787241842.478085776] [a3_receive_input_gateway]: gateway calibrated=yes frame_age=1.4ms frames=180884 ball=126553 base_poses=180865 invalid=0 station_ok=no
[INFO] [1787241843.479058201] [a3_receive_input_gateway]: gateway calibrated=yes frame_age=0.4ms frames=181185 ball=126553 base_poses=181166 invalid=0 station_ok=no
[INFO] [1787241844.478031770] [a3_receive_input_gateway]: gateway calibrated=yes frame_age=0.3ms frames=181485 ball=126553 base_poses=181466 invalid=0 station_ok=no
[INFO] [1787241845.478077067] [a3_receive_input_gateway]: gateway calibrated=yes frame_age=2.8ms frames=181784 ball=126553 base_poses=181765 invalid=0 station_ok=no
[INFO] [1787241846.478077974] [a3_receive_input_gateway]: gateway calibrated=yes frame_age=1.5ms frames=182085 ball=126553 base_poses=182066 invalid=0 station_ok=no
[INFO] [1787241847.478029597] [a3_receive_input_gateway]: gateway calibrated=yes frame_age=3.7ms frames=182384 ball=126553 base_poses=182365 invalid=0 station_ok=no
[INFO] [1787241848.478051326] [a3_receive_input_gateway]: gateway calibrated=yes frame_age=2.4ms frames=182685 ball=126553 base_poses=182666 invalid=0 station_ok=no
[INFO] [1787241849.478066037] [a3_receive_input_gateway]: gateway calibrated=yes frame_age=2.8ms frames=182985 ball=126553 base_poses=182966 invalid=0 station_ok=no
[INFO] [1787241850.478094534] [a3_receive_input_gateway]: gateway calibrated=yes frame_age=3.4ms frames=183285 ball=126553 base_poses=183266 invalid=0 station_ok=no
[INFO] [1787241851.478283406] [a3_receive_input_gateway]: gateway calibrated=yes frame_age=0.2ms frames=183586 ball=126553 base_poses=183567 invalid=0 station_ok=no
[INFO] [1787241852.478054311] [a3_receive_input_gateway]: gateway calibrated=yes frame_age=0.3ms frames=183886 ball=126553 base_poses=183867 invalid=0 station_ok=no
[INFO] [1787241853.478034276] [a3_receive_input_gateway]: gateway calibrated=yes frame_age=0.9ms frames=184186 ball=126553 base_poses=184167 invalid=0 station_ok=no
[INFO] [1787241854.478024616] [a3_receive_input_gateway]: gateway calibrated=yes frame_age=1.2ms frames=184486 ball=126553 base_poses=184467 invalid=0 station_ok=no
[INFO] [1787241855.478217227] [a3_receive_input_gateway]: gateway calibrated=yes frame_age=2.0ms frames=184786 ball=126553 base_poses=184767 invalid=0 station_ok=no
[INFO] [1787241856.478091239] [a3_receive_input_gateway]: gateway calibrated=yes frame_age=2.8ms frames=185086 ball=126553 base_poses=185067 invalid=0 station_ok=no
[INFO] [1787241857.478306233] [a3_receive_input_gateway]: gateway calibrated=yes frame_age=0.2ms frames=185387 ball=126553 base_poses=185368 invalid=0 station_ok=no
[INFO] [1787241858.478083834] [a3_receive_input_gateway]: gateway calibrated=yes frame_age=1.2ms frames=185687 ball=126553 base_poses=185668 invalid=0 station_ok=no
[INFO] [1787241859.478137264] [a3_receive_input_gateway]: gateway calibrated=yes frame_age=1.9ms frames=185987 ball=126553 base_poses=185968 invalid=0 station_ok=no
[INFO] [1787241860.478058378] [a3_receive_input_gateway]: gateway calibrated=yes frame_age=3.3ms frames=186287 ball=126553 base_poses=186268 invalid=0 station_ok=no
[INFO] [1787241861.478037452] [a3_receive_input_gateway]: gateway calibrated=yes frame_age=0.1ms frames=186588 ball=126553 base_poses=186569 invalid=0 station_ok=no
[INFO] [1787241862.478048414] [a3_receive_input_gateway]: gateway calibrated=yes frame_age=1.3ms frames=186888 ball=126553 base_poses=186869 invalid=0 station_ok=no
[INFO] [1787241863.478055950] [a3_receive_input_gateway]: gateway calibrated=yes frame_age=0.3ms frames=187189 ball=126553 base_poses=187170 invalid=0 station_ok=no
[INFO] [1787241864.478028363] [a3_receive_input_gateway]: gateway calibrated=yes frame_age=1.2ms frames=187489 ball=126553 base_poses=187470 invalid=0 station_ok=no
[INFO] [1787241865.478080746] [a3_receive_input_gateway]: gateway calibrated=yes frame_age=2.2ms frames=187789 ball=126553 base_poses=187770 invalid=0 station_ok=no
[INFO] [1787241866.478238217] [a3_receive_input_gateway]: gateway calibrated=yes frame_age=2.9ms frames=188089 ball=126553 base_poses=188070 invalid=0 station_ok=no
[INFO] [1787241867.478074332] [a3_receive_input_gateway]: gateway calibrated=yes frame_age=3.7ms frames=188389 ball=126553 base_poses=188370 invalid=0 station_ok=no
[INFO] [1787241868.478027353] [a3_receive_input_gateway]: gateway calibrated=yes frame_age=0.6ms frames=188690 ball=126553 base_poses=188671 invalid=0 station_ok=no
[INFO] [1787241869.478090892] [a3_receive_input_gateway]: gateway calibrated=yes frame_age=1.6ms frames=188990 ball=126553 base_poses=188971 invalid=0 station_ok=no
[INFO] [1787241870.478068474] [a3_receive_input_gateway]: gateway calibrated=yes frame_age=2.3ms frames=189290 ball=126553 base_poses=189271 invalid=0 station_ok=no
[INFO] [1787241871.478117610] [a3_receive_input_gateway]: gateway calibrated=yes frame_age=3.1ms frames=189590 ball=126553 base_poses=189571 invalid=0 station_ok=no
[INFO] [1787241872.478356807] [a3_receive_input_gateway]: gateway calibrated=yes frame_age=0.2ms frames=189891 ball=126553 base_poses=189872 invalid=0 station_ok=no
[INFO] [1787241873.478030592] [a3_receive_input_gateway]: gateway calibrated=yes frame_age=0.7ms frames=190191 ball=126553 base_poses=190172 invalid=0 station_ok=no
[INFO] [1787241874.478146761] [a3_receive_input_gateway]: gateway calibrated=yes frame_age=1.4ms frames=190491 ball=126553 base_poses=190472 invalid=0 station_ok=no
[INFO] [1787241875.478227575] [a3_receive_input_gateway]: gateway calibrated=yes frame_age=1.9ms frames=190791 ball=126553 base_poses=190772 invalid=0 station_ok=no
[INFO] [1787241876.478208259] [a3_receive_input_gateway]: gateway calibrated=yes frame_age=2.8ms frames=191091 ball=126553 base_poses=191072 invalid=0 station_ok=no
[INFO] [1787241877.478073857] [a3_receive_input_gateway]: gateway calibrated=yes frame_age=3.3ms frames=191391 ball=126553 base_poses=191372 invalid=0 station_ok=no
[INFO] [1787241878.478596759] [a3_receive_input_gateway]: gateway calibrated=yes frame_age=0.3ms frames=191692 ball=126553 base_poses=191673 invalid=0 station_ok=no
[INFO] [1787241879.478034894] [a3_receive_input_gateway]: gateway calibrated=yes frame_age=0.8ms frames=191992 ball=126553 base_poses=191973 invalid=0 station_ok=no
[INFO] [1787241880.478135315] [a3_receive_input_gateway]: gateway calibrated=yes frame_age=1.5ms frames=192292 ball=126553 base_poses=192273 invalid=0 station_ok=no
[INFO] [1787241881.478038067] [a3_receive_input_gateway]: gateway calibrated=yes frame_age=2.0ms frames=192592 ball=126553 base_poses=192573 invalid=0 station_ok=no
[INFO] [1787241882.478035124] [a3_receive_input_gateway]: gateway calibrated=yes frame_age=0.7ms frames=192893 ball=126553 base_poses=192874 invalid=0 station_ok=no
[INFO] [1787241883.478040846] [a3_receive_input_gateway]: gateway calibrated=yes frame_age=1.4ms frames=193193 ball=126553 base_poses=193174 invalid=0 station_ok=no
[INFO] [1787241884.478072025] [a3_receive_input_gateway]: gateway calibrated=yes frame_age=1.9ms frames=193493 ball=126553 base_poses=193474 invalid=0 station_ok=no
[INFO] [1787241885.478091711] [a3_receive_input_gateway]: gateway calibrated=yes frame_age=2.3ms frames=193793 ball=126553 base_poses=193774 invalid=0 station_ok=no
[INFO] [1787241886.478021783] [a3_receive_input_gateway]: gateway calibrated=yes frame_age=3.1ms frames=194093 ball=126553 base_poses=194074 invalid=0 station_ok=no
[INFO] [1787241887.478185022] [a3_receive_input_gateway]: gateway calibrated=yes frame_age=3.7ms frames=194393 ball=126553 base_poses=194374 invalid=0 station_ok=no
[INFO] [1787241888.478077107] [a3_receive_input_gateway]: gateway calibrated=yes frame_age=4.3ms frames=194693 ball=126553 base_poses=194674 invalid=0 station_ok=no
[INFO] [1787241889.478393401] [a3_receive_input_gateway]: gateway calibrated=yes frame_age=2.8ms frames=194993 ball=126553 base_poses=194974 invalid=0 station_ok=no
[INFO] [1787241890.478172237] [a3_receive_input_gateway]: gateway calibrated=yes frame_age=3.6ms frames=195293 ball=126553 base_poses=195274 invalid=0 station_ok=no
[INFO] [1787241891.478233547] [a3_receive_input_gateway]: gateway calibrated=yes frame_age=0.2ms frames=195594 ball=126553 base_poses=195575 invalid=0 station_ok=no
[INFO] [1787241892.478024040] [a3_receive_input_gateway]: gateway calibrated=yes frame_age=0.5ms frames=195894 ball=126553 base_poses=195875 invalid=0 station_ok=no
[INFO] [1787241893.478239933] [a3_receive_input_gateway]: gateway calibrated=yes frame_age=0.9ms frames=196194 ball=126553 base_poses=196175 invalid=0 station_ok=no
[INFO] [1787241894.478105921] [a3_receive_input_gateway]: gateway calibrated=yes frame_age=2.0ms frames=196494 ball=126553 base_poses=196475 invalid=0 station_ok=no
[INFO] [1787241895.478104483] [a3_receive_input_gateway]: gateway calibrated=yes frame_age=0.2ms frames=196795 ball=126553 base_poses=196776 invalid=0 station_ok=no
[INFO] [1787241896.478067167] [a3_receive_input_gateway]: gateway calibrated=yes frame_age=1.0ms frames=197095 ball=126553 base_poses=197076 invalid=0 station_ok=no
[INFO] [1787241897.478165026] [a3_receive_input_gateway]: gateway calibrated=yes frame_age=1.5ms frames=197395 ball=126553 base_poses=197376 invalid=0 station_ok=no
[INFO] [1787241898.478321604] [a3_receive_input_gateway]: gateway calibrated=yes frame_age=2.1ms frames=197695 ball=126553 base_poses=197676 invalid=0 station_ok=no
[INFO] [1787241899.478113412] [a3_receive_input_gateway]: gateway calibrated=yes frame_age=2.6ms frames=197995 ball=126553 base_poses=197976 invalid=0 station_ok=no
[INFO] [1787241900.478275789] [a3_receive_input_gateway]: gateway calibrated=yes frame_age=3.2ms frames=198295 ball=126553 base_poses=198276 invalid=0 station_ok=no
[INFO] [1787241901.478080390] [a3_receive_input_gateway]: gateway calibrated=yes frame_age=3.7ms frames=198595 ball=126553 base_poses=198576 invalid=0 station_ok=no
[INFO] [1787241902.478205115] [a3_receive_input_gateway]: gateway calibrated=yes frame_age=0.2ms frames=198896 ball=126553 base_poses=198877 invalid=0 station_ok=no
[INFO] [1787241903.478040017] [a3_receive_input_gateway]: gateway calibrated=yes frame_age=0.6ms frames=199196 ball=126553 base_poses=199177 invalid=0 station_ok=no
[INFO] [1787241904.478264372] [a3_receive_input_gateway]: gateway calibrated=yes frame_age=0.9ms frames=199496 ball=126553 base_poses=199477 invalid=0 station_ok=no
[INFO] [1787241905.478311549] [a3_receive_input_gateway]: gateway calibrated=yes frame_age=0.2ms frames=199797 ball=126553 base_poses=199778 invalid=0 station_ok=no
[INFO] [1787241906.478030287] [a3_receive_input_gateway]: gateway calibrated=yes frame_age=0.3ms frames=200097 ball=126553 base_poses=200078 invalid=0 station_ok=no
[INFO] [1787241907.478279922] [a3_receive_input_gateway]: gateway calibrated=yes frame_age=0.8ms frames=200397 ball=126553 base_poses=200378 invalid=0 station_ok=no
[INFO] [1787241908.478032751] [a3_receive_input_gateway]: gateway calibrated=yes frame_age=1.2ms frames=200697 ball=126553 base_poses=200678 invalid=0 station_ok=no
[INFO] [1787241909.478216210] [a3_receive_input_gateway]: gateway calibrated=yes frame_age=0.1ms frames=200997 ball=126553 base_poses=200978 invalid=0 station_ok=no
[INFO] [1787241910.478158428] [a3_receive_input_gateway]: gateway calibrated=yes frame_age=0.4ms frames=201297 ball=126553 base_poses=201278 invalid=0 station_ok=no
[INFO] [1787241911.478038341] [a3_receive_input_gateway]: gateway calibrated=yes frame_age=0.9ms frames=201597 ball=126553 base_poses=201578 invalid=0 station_ok=no
[INFO] [1787241912.478044630] [a3_receive_input_gateway]: gateway calibrated=yes frame_age=1.4ms frames=201897 ball=126553 base_poses=201878 invalid=0 station_ok=no
[INFO] [1787241913.478117912] [a3_receive_input_gateway]: gateway calibrated=yes frame_age=0.2ms frames=202198 ball=126553 base_poses=202179 invalid=0 station_ok=no
[INFO] [1787241914.478079863] [a3_receive_input_gateway]: gateway calibrated=yes frame_age=0.4ms frames=202498 ball=126553 base_poses=202479 invalid=0 station_ok=no
[INFO] [1787241915.478478482] [a3_receive_input_gateway]: gateway calibrated=yes frame_age=3.4ms frames=202797 ball=126553 base_poses=202778 invalid=0 station_ok=no
[INFO] [1787241916.478050374] [a3_receive_input_gateway]: gateway calibrated=yes frame_age=1.6ms frames=203098 ball=126553 base_poses=203079 invalid=0 station_ok=no
[INFO] [1787241917.478138445] [a3_receive_input_gateway]: gateway calibrated=yes frame_age=0.2ms frames=203398 ball=126553 base_poses=203379 invalid=0 station_ok=no
[INFO] [1787241918.478263069] [a3_receive_input_gateway]: gateway calibrated=yes frame_age=2.6ms frames=203698 ball=126553 base_poses=203679 invalid=0 station_ok=no
[INFO] [1787241919.478071628] [a3_receive_input_gateway]: gateway calibrated=yes frame_age=1.1ms frames=203998 ball=126553 base_poses=203979 invalid=0 station_ok=no
[INFO] [1787241920.478066889] [a3_receive_input_gateway]: gateway calibrated=yes frame_age=3.2ms frames=204298 ball=126553 base_poses=204279 invalid=0 station_ok=no
[INFO] [1787241921.478286578] [a3_receive_input_gateway]: gateway calibrated=yes frame_age=0.2ms frames=204598 ball=126553 base_poses=204579 invalid=0 station_ok=no
[INFO] [1787241922.478297647] [a3_receive_input_gateway]: gateway calibrated=yes frame_age=2.9ms frames=204895 ball=126553 base_poses=204876 invalid=0 station_ok=no
[INFO] [1787241923.478142116] [a3_receive_input_gateway]: gateway calibrated=yes frame_age=2.7ms frames=205193 ball=126553 base_poses=205174 invalid=0 station_ok=no
[INFO] [1787241924.478159603] [a3_receive_input_gateway]: gateway calibrated=yes frame_age=2.6ms frames=205491 ball=126553 base_poses=205472 invalid=0 station_ok=no
[INFO] [1787241925.478151685] [a3_receive_input_gateway]: gateway calibrated=yes frame_age=0.9ms frames=205790 ball=126553 base_poses=205771 invalid=0 station_ok=no
[INFO] [1787241926.478090344] [a3_receive_input_gateway]: gateway calibrated=yes frame_age=1.7ms frames=206088 ball=126553 base_poses=206069 invalid=0 station_ok=no
[INFO] [1787241927.478032971] [a3_receive_input_gateway]: gateway calibrated=yes frame_age=0.5ms frames=206387 ball=126553 base_poses=206368 invalid=0 station_ok=no
[INFO] [1787241928.478203596] [a3_receive_input_gateway]: gateway calibrated=yes frame_age=1.8ms frames=206685 ball=126553 base_poses=206666 invalid=0 station_ok=no
[INFO] [1787241929.478366995] [a3_receive_input_gateway]: gateway calibrated=yes frame_age=1.2ms frames=206984 ball=126553 base_poses=206965 invalid=0 station_ok=no
[INFO] [1787241930.478102004] [a3_receive_input_gateway]: gateway calibrated=yes frame_age=3.1ms frames=207282 ball=126553 base_poses=207263 invalid=0 station_ok=no
[INFO] [1787241931.478426276] [a3_receive_input_gateway]: gateway calibrated=yes frame_age=2.8ms frames=207581 ball=126553 base_poses=207562 invalid=0 station_ok=no
[INFO] [1787241932.478010672] [a3_receive_input_gateway]: gateway calibrated=yes frame_age=1.1ms frames=207880 ball=126553 base_poses=207861 invalid=0 station_ok=no
[INFO] [1787241933.478078923] [a3_receive_input_gateway]: gateway calibrated=yes frame_age=1.7ms frames=208179 ball=126553 base_poses=208160 invalid=0 station_ok=no
[INFO] [1787241934.478030081] [a3_receive_input_gateway]: gateway calibrated=yes frame_age=0.5ms frames=208478 ball=126553 base_poses=208459 invalid=0 station_ok=no
[INFO] [1787241935.478097209] [a3_receive_input_gateway]: gateway calibrated=yes frame_age=1.3ms frames=208777 ball=126553 base_poses=208758 invalid=0 station_ok=no
[INFO] [1787241936.478210257] [a3_receive_input_gateway]: gateway calibrated=yes frame_age=2.4ms frames=209076 ball=126553 base_poses=209057 invalid=0 station_ok=no
[INFO] [1787241937.478094977] [a3_receive_input_gateway]: gateway calibrated=yes frame_age=3.5ms frames=209375 ball=126553 base_poses=209356 invalid=0 station_ok=no
[INFO] [1787241938.478030004] [a3_receive_input_gateway]: gateway calibrated=yes frame_age=0.8ms frames=209675 ball=126553 base_poses=209656 invalid=0 station_ok=no
[INFO] [1787241939.478064760] [a3_receive_input_gateway]: gateway calibrated=yes frame_age=0.3ms frames=209974 ball=126553 base_poses=209955 invalid=0 station_ok=no
[INFO] [1787241940.478071753] [a3_receive_input_gateway]: gateway calibrated=yes frame_age=2.1ms frames=210273 ball=126553 base_poses=210254 invalid=0 station_ok=no
[INFO] [1787241941.478133211] [a3_receive_input_gateway]: gateway calibrated=yes frame_age=1.8ms frames=210572 ball=126553 base_poses=210553 invalid=0 station_ok=no
[INFO] [1787241942.478073662] [a3_receive_input_gateway]: gateway calibrated=yes frame_age=3.6ms frames=210871 ball=126553 base_poses=210852 invalid=0 station_ok=no
[INFO] [1787241943.478071586] [a3_receive_input_gateway]: gateway calibrated=yes frame_age=1.4ms frames=211171 ball=126553 base_poses=211152 invalid=0 station_ok=no
[INFO] [1787241944.478061911] [a3_receive_input_gateway]: gateway calibrated=yes frame_age=3.7ms frames=211470 ball=126553 base_poses=211451 invalid=0 station_ok=no
[INFO] [1787241945.478039784] [a3_receive_input_gateway]: gateway calibrated=yes frame_age=1.9ms frames=211770 ball=126553 base_poses=211751 invalid=0 station_ok=no
[INFO] [1787241946.478014660] [a3_receive_input_gateway]: gateway calibrated=yes frame_age=0.2ms frames=212070 ball=126553 base_poses=212051 invalid=0 station_ok=no
[INFO] [1787241946.692234471] [a3_receive_input_gateway]: ball tracking: visible
[INFO] [1787241946.790418317] [a3_receive_input_gateway]: ball tracking: lost
[INFO] [1787241947.478044410] [a3_receive_input_gateway]: gateway calibrated=yes frame_age=0.5ms frames=212369 ball=126582 base_poses=212350 invalid=0 station_ok=no
[INFO] [1787241948.478120400] [a3_receive_input_gateway]: gateway calibrated=yes frame_age=3.0ms frames=212668 ball=126582 base_poses=212649 invalid=0 station_ok=no
[INFO] [1787241949.478068024] [a3_receive_input_gateway]: gateway calibrated=yes frame_age=1.4ms frames=212968 ball=126582 base_poses=212949 invalid=0 station_ok=no
[INFO] [1787241950.478251812] [a3_receive_input_gateway]: gateway calibrated=yes frame_age=0.2ms frames=213268 ball=126582 base_poses=213249 invalid=0 station_ok=no
[INFO] [1787241951.478068946] [a3_receive_input_gateway]: gateway calibrated=yes frame_age=2.7ms frames=213567 ball=126582 base_poses=213548 invalid=0 station_ok=no
[INFO] [1787241952.478069376] [a3_receive_input_gateway]: gateway calibrated=yes frame_age=1.5ms frames=213867 ball=126582 base_poses=213848 invalid=0 station_ok=no
[INFO] [1787241953.478800046] [a3_receive_input_gateway]: gateway calibrated=yes frame_age=0.5ms frames=214167 ball=126582 base_poses=214148 invalid=0 station_ok=no
[INFO] [1787241954.478033384] [a3_receive_input_gateway]: gateway calibrated=yes frame_age=0.9ms frames=214466 ball=126582 base_poses=214447 invalid=0 station_ok=no
[INFO] [1787241955.478195145] [a3_receive_input_gateway]: gateway calibrated=yes frame_age=0.2ms frames=214766 ball=126582 base_poses=214747 invalid=0 station_ok=no
[INFO] [1787241956.478206607] [a3_receive_input_gateway]: gateway calibrated=yes frame_age=1.1ms frames=215065 ball=126582 base_poses=215046 invalid=0 station_ok=no
[INFO] [1787241957.478081286] [a3_receive_input_gateway]: gateway calibrated=yes frame_age=1.8ms frames=215365 ball=126582 base_poses=215346 invalid=0 station_ok=no
[INFO] [1787241958.478042129] [a3_receive_input_gateway]: gateway calibrated=yes frame_age=0.8ms frames=215665 ball=126582 base_poses=215646 invalid=0 station_ok=no
[INFO] [1787241959.478754327] [a3_receive_input_gateway]: gateway calibrated=yes frame_age=0.3ms frames=215965 ball=126582 base_poses=215946 invalid=0 station_ok=no
[INFO] [1787241960.478039150] [a3_receive_input_gateway]: gateway calibrated=yes frame_age=1.0ms frames=216264 ball=126582 base_poses=216245 invalid=0 station_ok=no
[INFO] [1787241961.478070611] [a3_receive_input_gateway]: gateway calibrated=yes frame_age=0.2ms frames=216564 ball=126582 base_poses=216545 invalid=0 station_ok=no
[INFO] [1787241962.478046362] [a3_receive_input_gateway]: gateway calibrated=yes frame_age=3.2ms frames=216863 ball=126582 base_poses=216844 invalid=0 station_ok=no
[INFO] [1787241963.478256129] [a3_receive_input_gateway]: gateway calibrated=yes frame_age=2.4ms frames=217163 ball=126582 base_poses=217144 invalid=0 station_ok=no
[INFO] [1787241964.478067597] [a3_receive_input_gateway]: gateway calibrated=yes frame_age=1.8ms frames=217463 ball=126582 base_poses=217444 invalid=0 station_ok=no
[INFO] [1787241965.478039618] [a3_receive_input_gateway]: gateway calibrated=yes frame_age=1.1ms frames=217763 ball=126582 base_poses=217744 invalid=0 station_ok=no
[INFO] [1787241966.478066911] [a3_receive_input_gateway]: gateway calibrated=yes frame_age=0.2ms frames=218063 ball=126582 base_poses=218044 invalid=0 station_ok=no
[INFO] [1787241967.478165176] [a3_receive_input_gateway]: gateway calibrated=yes frame_age=0.8ms frames=218362 ball=126582 base_poses=218343 invalid=0 station_ok=no
[INFO] [1787241968.478044363] [a3_receive_input_gateway]: gateway calibrated=yes frame_age=0.9ms frames=218662 ball=126582 base_poses=218643 invalid=0 station_ok=no
[INFO] [1787241969.478044403] [a3_receive_input_gateway]: gateway calibrated=yes frame_age=0.2ms frames=218962 ball=126582 base_poses=218943 invalid=0 station_ok=no
[INFO] [1787241970.478216346] [a3_receive_input_gateway]: gateway calibrated=yes frame_age=3.6ms frames=219261 ball=126582 base_poses=219242 invalid=0 station_ok=no
[INFO] [1787241971.478079348] [a3_receive_input_gateway]: gateway calibrated=yes frame_age=2.8ms frames=219561 ball=126582 base_poses=219542 invalid=0 station_ok=no
[INFO] [1787241972.478081446] [a3_receive_input_gateway]: gateway calibrated=yes frame_age=2.3ms frames=219861 ball=126582 base_poses=219842 invalid=0 station_ok=no
[INFO] [1787241973.478109263] [a3_receive_input_gateway]: gateway calibrated=yes frame_age=1.4ms frames=220161 ball=126582 base_poses=220142 invalid=0 station_ok=no
[INFO] [1787241974.478134107] [a3_receive_input_gateway]: gateway calibrated=yes frame_age=1.1ms frames=220461 ball=126582 base_poses=220442 invalid=0 station_ok=no
[INFO] [1787241975.478029388] [a3_receive_input_gateway]: gateway calibrated=yes frame_age=0.6ms frames=220761 ball=126582 base_poses=220742 invalid=0 station_ok=no
[INFO] [1787241976.477998703] [a3_receive_input_gateway]: gateway calibrated=yes frame_age=0.1ms frames=221061 ball=126582 base_poses=221042 invalid=0 station_ok=no
[INFO] [1787241977.478193050] [a3_receive_input_gateway]: gateway calibrated=yes frame_age=3.6ms frames=221360 ball=126582 base_poses=221341 invalid=0 station_ok=no
[INFO] [1787241978.478445512] [a3_receive_input_gateway]: gateway calibrated=yes frame_age=1.3ms frames=221660 ball=126582 base_poses=221641 invalid=0 station_ok=no
[INFO] [1787241979.478027648] [a3_receive_input_gateway]: gateway calibrated=yes frame_age=0.4ms frames=221960 ball=126582 base_poses=221941 invalid=0 station_ok=no
[INFO] [1787241980.478093104] [a3_receive_input_gateway]: gateway calibrated=yes frame_age=2.1ms frames=222260 ball=126582 base_poses=222241 invalid=0 station_ok=no
[INFO] [1787241981.478464148] [a3_receive_input_gateway]: gateway calibrated=yes frame_age=3.9ms frames=222559 ball=126582 base_poses=222540 invalid=0 station_ok=no
[INFO] [1787241982.478058356] [a3_receive_input_gateway]: gateway calibrated=yes frame_age=3.1ms frames=222859 ball=126582 base_poses=222840 invalid=0 station_ok=no
[INFO] [1787241983.478112288] [a3_receive_input_gateway]: gateway calibrated=yes frame_age=2.8ms frames=223159 ball=126582 base_poses=223140 invalid=0 station_ok=no
[INFO] [1787241984.478093039] [a3_receive_input_gateway]: gateway calibrated=yes frame_age=2.3ms frames=223459 ball=126582 base_poses=223440 invalid=0 station_ok=no
[INFO] [1787241985.478206729] [a3_receive_input_gateway]: gateway calibrated=yes frame_age=2.1ms frames=223759 ball=126582 base_poses=223740 invalid=0 station_ok=no
[INFO] [1787241986.478007954] [a3_receive_input_gateway]: gateway calibrated=yes frame_age=3.6ms frames=224059 ball=126582 base_poses=224040 invalid=0 station_ok=no
[INFO] [1787241987.478046276] [a3_receive_input_gateway]: gateway calibrated=yes frame_age=2.0ms frames=224361 ball=126582 base_poses=224342 invalid=0 station_ok=no
[INFO] [1787241988.478077455] [a3_receive_input_gateway]: gateway calibrated=yes frame_age=1.5ms frames=224662 ball=126582 base_poses=224643 invalid=0 station_ok=no
[INFO] [1787241989.478055661] [a3_receive_input_gateway]: gateway calibrated=yes frame_age=1.2ms frames=224963 ball=126582 base_poses=224944 invalid=0 station_ok=no
[INFO] [1787241990.478254316] [a3_receive_input_gateway]: gateway calibrated=yes frame_age=2.6ms frames=225264 ball=126582 base_poses=225245 invalid=0 station_ok=no
[INFO] [1787241991.478068165] [a3_receive_input_gateway]: gateway calibrated=yes frame_age=1.7ms frames=225565 ball=126582 base_poses=225546 invalid=0 station_ok=no
[INFO] [1787241992.478104303] [a3_receive_input_gateway]: gateway calibrated=yes frame_age=2.6ms frames=225866 ball=126582 base_poses=225847 invalid=0 station_ok=no
[INFO] [1787241993.478215778] [a3_receive_input_gateway]: gateway calibrated=yes frame_age=1.2ms frames=226167 ball=126582 base_poses=226148 invalid=0 station_ok=no
[INFO] [1787241994.478247397] [a3_receive_input_gateway]: gateway calibrated=yes frame_age=0.2ms frames=226468 ball=126582 base_poses=226449 invalid=0 station_ok=no
[INFO] [1787241995.478067876] [a3_receive_input_gateway]: gateway calibrated=yes frame_age=2.4ms frames=226768 ball=126582 base_poses=226749 invalid=0 station_ok=no
[INFO] [1787241996.478032262] [a3_receive_input_gateway]: gateway calibrated=yes frame_age=0.6ms frames=227069 ball=126582 base_poses=227050 invalid=0 station_ok=no
[INFO] [1787241997.478152131] [a3_receive_input_gateway]: gateway calibrated=yes frame_age=0.8ms frames=227370 ball=126582 base_poses=227351 invalid=0 station_ok=no
[INFO] [1787241998.478061261] [a3_receive_input_gateway]: gateway calibrated=yes frame_age=3.0ms frames=227670 ball=126582 base_poses=227651 invalid=0 station_ok=no
[INFO] [1787241999.478041932] [a3_receive_input_gateway]: gateway calibrated=yes frame_age=0.8ms frames=227971 ball=126582 base_poses=227952 invalid=0 station_ok=no
[INFO] [1787242000.478104891] [a3_receive_input_gateway]: gateway calibrated=yes frame_age=2.6ms frames=228271 ball=126582 base_poses=228252 invalid=0 station_ok=no
[INFO] [1787242001.478045068] [a3_receive_input_gateway]: gateway calibrated=yes frame_age=0.3ms frames=228572 ball=126582 base_poses=228553 invalid=0 station_ok=no
[INFO] [1787242002.478062100] [a3_receive_input_gateway]: gateway calibrated=yes frame_age=1.9ms frames=228872 ball=126582 base_poses=228853 invalid=0 station_ok=no
[INFO] [1787242003.478087937] [a3_receive_input_gateway]: gateway calibrated=yes frame_age=3.4ms frames=229172 ball=126582 base_poses=229153 invalid=0 station_ok=no
[INFO] [1787242004.478023465] [a3_receive_input_gateway]: gateway calibrated=yes frame_age=0.7ms frames=229473 ball=126582 base_poses=229454 invalid=0 station_ok=no
[INFO] [1787242005.478032847] [a3_receive_input_gateway]: gateway calibrated=yes frame_age=0.2ms frames=229774 ball=126582 base_poses=229755 invalid=0 station_ok=no
[INFO] [1787242006.478015236] [a3_receive_input_gateway]: gateway calibrated=yes frame_age=1.2ms frames=230074 ball=126582 base_poses=230055 invalid=0 station_ok=no
[INFO] [1787242007.478053213] [a3_receive_input_gateway]: gateway calibrated=yes frame_age=2.7ms frames=230374 ball=126582 base_poses=230355 invalid=0 station_ok=no
[INFO] [1787242008.478276545] [a3_receive_input_gateway]: gateway calibrated=yes frame_age=0.2ms frames=230675 ball=126582 base_poses=230656 invalid=0 station_ok=no
[INFO] [1787242009.478046403] [a3_receive_input_gateway]: gateway calibrated=yes frame_age=1.0ms frames=230975 ball=126582 base_poses=230956 invalid=0 station_ok=no
[INFO] [1787242010.478065343] [a3_receive_input_gateway]: gateway calibrated=yes frame_age=1.9ms frames=231275 ball=126582 base_poses=231256 invalid=0 station_ok=no
[INFO] [1787242011.478066807] [a3_receive_input_gateway]: gateway calibrated=yes frame_age=3.0ms frames=231575 ball=126582 base_poses=231556 invalid=0 station_ok=no
[INFO] [1787242012.478814878] [a3_receive_input_gateway]: gateway calibrated=yes frame_age=0.3ms frames=231876 ball=126582 base_poses=231857 invalid=0 station_ok=no
[INFO] [1787242013.478039130] [a3_receive_input_gateway]: gateway calibrated=yes frame_age=0.7ms frames=232176 ball=126582 base_poses=232157 invalid=0 station_ok=no
[INFO] [1787242014.478182439] [a3_receive_input_gateway]: gateway calibrated=yes frame_age=1.6ms frames=232476 ball=126582 base_poses=232457 invalid=0 station_ok=no
[INFO] [1787242015.478391038] [a3_receive_input_gateway]: gateway calibrated=yes frame_age=2.1ms frames=232776 ball=126582 base_poses=232757 invalid=0 station_ok=no
[INFO] [1787242016.478108092] [a3_receive_input_gateway]: gateway calibrated=yes frame_age=3.2ms frames=233076 ball=126582 base_poses=233057 invalid=0 station_ok=no
[INFO] [1787242017.478143912] [a3_receive_input_gateway]: gateway calibrated=yes frame_age=3.8ms frames=233376 ball=126582 base_poses=233357 invalid=0 station_ok=no
[INFO] [1787242018.478075397] [a3_receive_input_gateway]: gateway calibrated=yes frame_age=2.3ms frames=233677 ball=126582 base_poses=233658 invalid=0 station_ok=no
[INFO] [1787242019.478047689] [a3_receive_input_gateway]: gateway calibrated=yes frame_age=3.2ms frames=233977 ball=126582 base_poses=233958 invalid=0 station_ok=no
[INFO] [1787242020.478118728] [a3_receive_input_gateway]: gateway calibrated=yes frame_age=3.9ms frames=234277 ball=126582 base_poses=234258 invalid=0 station_ok=no
[INFO] [1787242021.478028742] [a3_receive_input_gateway]: gateway calibrated=yes frame_age=0.4ms frames=234578 ball=126582 base_poses=234559 invalid=0 station_ok=no
[INFO] [1787242022.478038329] [a3_receive_input_gateway]: gateway calibrated=yes frame_age=0.8ms frames=234878 ball=126582 base_poses=234859 invalid=0 station_ok=no
[INFO] [1787242023.478092108] [a3_receive_input_gateway]: gateway calibrated=yes frame_age=1.5ms frames=235178 ball=126582 base_poses=235159 invalid=0 station_ok=no
[INFO] [1787242024.478098196] [a3_receive_input_gateway]: gateway calibrated=yes frame_age=2.0ms frames=235478 ball=126582 base_poses=235459 invalid=0 station_ok=no
[INFO] [1787242025.478091909] [a3_receive_input_gateway]: gateway calibrated=yes frame_age=2.3ms frames=235778 ball=126582 base_poses=235759 invalid=0 station_ok=no
[INFO] [1787242026.478099291] [a3_receive_input_gateway]: gateway calibrated=yes frame_age=2.9ms frames=236078 ball=126582 base_poses=236059 invalid=0 station_ok=no
[INFO] [1787242027.478070094] [a3_receive_input_gateway]: gateway calibrated=yes frame_age=3.2ms frames=236378 ball=126582 base_poses=236359 invalid=0 station_ok=no
[INFO] [1787242028.478066685] [a3_receive_input_gateway]: gateway calibrated=yes frame_age=3.7ms frames=236678 ball=126582 base_poses=236659 invalid=0 station_ok=no
[INFO] [1787242029.478669650] [a3_receive_input_gateway]: gateway calibrated=yes frame_age=0.4ms frames=236979 ball=126582 base_poses=236960 invalid=0 station_ok=no
[INFO] [1787242030.478033779] [a3_receive_input_gateway]: gateway calibrated=yes frame_age=0.5ms frames=237279 ball=126582 base_poses=237260 invalid=0 station_ok=no
[INFO] [1787242031.478047461] [a3_receive_input_gateway]: gateway calibrated=yes frame_age=1.0ms frames=237579 ball=126582 base_poses=237560 invalid=0 station_ok=no
[INFO] [1787242032.478095920] [a3_receive_input_gateway]: gateway calibrated=yes frame_age=1.4ms frames=237879 ball=126582 base_poses=237860 invalid=0 station_ok=no
[INFO] [1787242033.478109864] [a3_receive_input_gateway]: gateway calibrated=yes frame_age=1.6ms frames=238179 ball=126582 base_poses=238160 invalid=0 station_ok=no
[INFO] [1787242034.478038717] [a3_receive_input_gateway]: gateway calibrated=yes frame_age=2.1ms frames=238479 ball=126582 base_poses=238460 invalid=0 station_ok=no
[INFO] [1787242035.478063985] [a3_receive_input_gateway]: gateway calibrated=yes frame_age=2.0ms frames=238779 ball=126582 base_poses=238760 invalid=0 station_ok=no
[INFO] [1787242036.478073931] [a3_receive_input_gateway]: gateway calibrated=yes frame_age=2.7ms frames=239079 ball=126582 base_poses=239060 invalid=0 station_ok=no
[INFO] [1787242037.478196153] [a3_receive_input_gateway]: gateway calibrated=yes frame_age=2.9ms frames=239379 ball=126582 base_poses=239360 invalid=0 station_ok=no
[INFO] [1787242038.478412195] [a3_receive_input_gateway]: gateway calibrated=yes frame_age=3.6ms frames=239679 ball=126582 base_poses=239660 invalid=0 station_ok=no
[INFO] [1787242039.478236787] [a3_receive_input_gateway]: gateway calibrated=yes frame_age=3.4ms frames=239979 ball=126582 base_poses=239960 invalid=0 station_ok=no
[INFO] [1787242040.478021513] [a3_receive_input_gateway]: gateway calibrated=yes frame_age=3.7ms frames=240279 ball=126582 base_poses=240260 invalid=0 station_ok=no
[INFO] [1787242041.478136982] [a3_receive_input_gateway]: gateway calibrated=yes frame_age=0.1ms frames=240580 ball=126582 base_poses=240561 invalid=0 station_ok=no
[INFO] [1787242042.478036606] [a3_receive_input_gateway]: gateway calibrated=yes frame_age=0.3ms frames=240880 ball=126582 base_poses=240861 invalid=0 station_ok=no
[INFO] [1787242043.478029882] [a3_receive_input_gateway]: gateway calibrated=yes frame_age=0.6ms frames=241180 ball=126582 base_poses=241161 invalid=0 station_ok=no
[INFO] [1787242044.478060390] [a3_receive_input_gateway]: gateway calibrated=yes frame_age=0.9ms frames=241480 ball=126582 base_poses=241461 invalid=0 station_ok=no
[INFO] [1787242045.478080568] [a3_receive_input_gateway]: gateway calibrated=yes frame_age=1.2ms frames=241780 ball=126582 base_poses=241761 invalid=0 station_ok=no
[INFO] [1787242046.478065410] [a3_receive_input_gateway]: gateway calibrated=yes frame_age=1.2ms frames=242080 ball=126582 base_poses=242061 invalid=0 station_ok=no
[INFO] [1787242047.478067913] [a3_receive_input_gateway]: gateway calibrated=yes frame_age=1.4ms frames=242380 ball=126582 base_poses=242361 invalid=0 station_ok=no
[INFO] [1787242048.478063465] [a3_receive_input_gateway]: gateway calibrated=yes frame_age=1.7ms frames=242680 ball=126582 base_poses=242661 invalid=0 station_ok=no
[INFO] [1787242049.478060286] [a3_receive_input_gateway]: gateway calibrated=yes frame_age=2.1ms frames=242980 ball=126582 base_poses=242961 invalid=0 station_ok=no
[INFO] [1787242050.478063101] [a3_receive_input_gateway]: gateway calibrated=yes frame_age=2.2ms frames=243280 ball=126582 base_poses=243261 invalid=0 station_ok=no
[INFO] [1787242051.478077263] [a3_receive_input_gateway]: gateway calibrated=yes frame_age=2.6ms frames=243580 ball=126582 base_poses=243561 invalid=0 station_ok=no
[INFO] [1787242052.478077145] [a3_receive_input_gateway]: gateway calibrated=yes frame_age=2.8ms frames=243880 ball=126582 base_poses=243861 invalid=0 station_ok=no
[INFO] [1787242053.478446681] [a3_receive_input_gateway]: gateway calibrated=yes frame_age=3.2ms frames=244180 ball=126582 base_poses=244161 invalid=0 station_ok=no
[INFO] [1787242054.478234833] [a3_receive_input_gateway]: gateway calibrated=yes frame_age=3.3ms frames=244480 ball=126582 base_poses=244461 invalid=0 station_ok=no
[INFO] [1787242055.478316325] [a3_receive_input_gateway]: gateway calibrated=yes frame_age=0.2ms frames=244781 ball=126582 base_poses=244762 invalid=0 station_ok=no
[INFO] [1787242056.478043596] [a3_receive_input_gateway]: gateway calibrated=yes frame_age=0.2ms frames=245081 ball=126582 base_poses=245062 invalid=0 station_ok=no
[INFO] [1787242057.478047244] [a3_receive_input_gateway]: gateway calibrated=yes frame_age=0.6ms frames=245381 ball=126582 base_poses=245362 invalid=0 station_ok=no
[INFO] [1787242058.478156016] [a3_receive_input_gateway]: gateway calibrated=yes frame_age=1.0ms frames=245681 ball=126582 base_poses=245662 invalid=0 station_ok=no
[INFO] [1787242059.478075052] [a3_receive_input_gateway]: gateway calibrated=yes frame_age=1.0ms frames=245981 ball=126582 base_poses=245962 invalid=0 station_ok=no
[INFO] [1787242060.478146154] [a3_receive_input_gateway]: gateway calibrated=yes frame_age=1.4ms frames=246281 ball=126582 base_poses=246262 invalid=0 station_ok=no
[INFO] [1787242061.478066995] [a3_receive_input_gateway]: gateway calibrated=yes frame_age=1.8ms frames=246581 ball=126582 base_poses=246562 invalid=0 station_ok=no
[INFO] [1787242062.478701014] [a3_receive_input_gateway]: gateway calibrated=yes frame_age=0.4ms frames=246882 ball=126582 base_poses=246863 invalid=0 station_ok=no
[INFO] [1787242063.478641618] [a3_receive_input_gateway]: gateway calibrated=yes frame_age=0.4ms frames=247182 ball=126582 base_poses=247163 invalid=0 station_ok=no
[INFO] [1787242064.478156778] [a3_receive_input_gateway]: gateway calibrated=yes frame_age=2.8ms frames=247481 ball=126582 base_poses=247462 invalid=0 station_ok=no
[INFO] [1787242065.478220382] [a3_receive_input_gateway]: gateway calibrated=yes frame_age=3.1ms frames=247781 ball=126582 base_poses=247762 invalid=0 station_ok=no
[INFO] [1787242066.478228366] [a3_receive_input_gateway]: gateway calibrated=yes frame_age=3.1ms frames=248081 ball=126582 base_poses=248062 invalid=0 station_ok=no
[INFO] [1787242067.478148228] [a3_receive_input_gateway]: gateway calibrated=yes frame_age=3.6ms frames=248381 ball=126582 base_poses=248362 invalid=0 station_ok=no
[INFO] [1787242068.478364400] [a3_receive_input_gateway]: gateway calibrated=yes frame_age=0.1ms frames=248682 ball=126582 base_poses=248663 invalid=0 station_ok=no
[INFO] [1787242069.478116415] [a3_receive_input_gateway]: gateway calibrated=yes frame_age=0.2ms frames=248982 ball=126582 base_poses=248963 invalid=0 station_ok=no
[INFO] [1787242070.478594500] [a3_receive_input_gateway]: gateway calibrated=yes frame_age=0.3ms frames=249282 ball=126582 base_poses=249263 invalid=0 station_ok=no
[INFO] [1787242071.478543121] [a3_receive_input_gateway]: gateway calibrated=yes frame_age=0.9ms frames=249582 ball=126582 base_poses=249563 invalid=0 station_ok=no
[INFO] [1787242072.478044151] [a3_receive_input_gateway]: gateway calibrated=yes frame_age=0.9ms frames=249882 ball=126582 base_poses=249863 invalid=0 station_ok=no
[INFO] [1787242073.478222978] [a3_receive_input_gateway]: gateway calibrated=yes frame_age=1.4ms frames=250182 ball=126582 base_poses=250163 invalid=0 station_ok=no
[INFO] [1787242074.478037843] [a3_receive_input_gateway]: gateway calibrated=yes frame_age=1.2ms frames=250482 ball=126582 base_poses=250463 invalid=0 station_ok=no
[INFO] [1787242075.478070094] [a3_receive_input_gateway]: gateway calibrated=yes frame_age=1.6ms frames=250782 ball=126582 base_poses=250763 invalid=0 station_ok=no
[INFO] [1787242076.478190487] [a3_receive_input_gateway]: gateway calibrated=yes frame_age=0.2ms frames=251083 ball=126582 base_poses=251064 invalid=0 station_ok=no
[INFO] [1787242077.478151195] [a3_receive_input_gateway]: gateway calibrated=yes frame_age=0.2ms frames=251383 ball=126582 base_poses=251364 invalid=0 station_ok=no
[INFO] [1787242078.478040727] [a3_receive_input_gateway]: gateway calibrated=yes frame_age=0.4ms frames=251683 ball=126582 base_poses=251664 invalid=0 station_ok=no
[INFO] [1787242079.478096803] [a3_receive_input_gateway]: gateway calibrated=yes frame_age=2.5ms frames=251982 ball=126582 base_poses=251963 invalid=0 station_ok=no
[INFO] [1787242080.478085144] [a3_receive_input_gateway]: gateway calibrated=yes frame_age=3.1ms frames=252282 ball=126582 base_poses=252263 invalid=0 station_ok=no
[INFO] [1787242081.478076473] [a3_receive_input_gateway]: gateway calibrated=yes frame_age=3.3ms frames=252582 ball=126582 base_poses=252563 invalid=0 station_ok=no
[INFO] [1787242082.478079715] [a3_receive_input_gateway]: gateway calibrated=yes frame_age=3.5ms frames=252882 ball=126582 base_poses=252863 invalid=0 station_ok=no
[INFO] [1787242083.478277699] [a3_receive_input_gateway]: gateway calibrated=yes frame_age=3.7ms frames=253182 ball=126582 base_poses=253163 invalid=0 station_ok=no
[INFO] [1787242084.478274859] [a3_receive_input_gateway]: gateway calibrated=yes frame_age=0.2ms frames=253483 ball=126582 base_poses=253464 invalid=0 station_ok=no
[INFO] [1787242085.478167410] [a3_receive_input_gateway]: gateway calibrated=yes frame_age=0.2ms frames=253783 ball=126582 base_poses=253764 invalid=0 station_ok=no
[INFO] [1787242086.478077394] [a3_receive_input_gateway]: gateway calibrated=yes frame_age=0.2ms frames=254083 ball=126582 base_poses=254064 invalid=0 station_ok=no
[INFO] [1787242087.478044644] [a3_receive_input_gateway]: gateway calibrated=yes frame_age=4.6ms frames=254382 ball=126582 base_poses=254363 invalid=0 station_ok=no
[INFO] [1787242088.478055335] [a3_receive_input_gateway]: gateway calibrated=yes frame_age=0.9ms frames=254683 ball=126582 base_poses=254664 invalid=0 station_ok=no
[INFO] [1787242089.478089310] [a3_receive_input_gateway]: gateway calibrated=yes frame_age=1.1ms frames=254983 ball=126582 base_poses=254964 invalid=0 station_ok=no
[INFO] [1787242090.478021337] [a3_receive_input_gateway]: gateway calibrated=yes frame_age=1.3ms frames=255283 ball=126582 base_poses=255264 invalid=0 station_ok=no
[INFO] [1787242091.478098529] [a3_receive_input_gateway]: gateway calibrated=yes frame_age=1.5ms frames=255583 ball=126582 base_poses=255564 invalid=0 station_ok=no
[INFO] [1787242092.478182895] [a3_receive_input_gateway]: gateway calibrated=yes frame_age=1.6ms frames=255883 ball=126582 base_poses=255864 invalid=0 station_ok=no
[INFO] [1787242093.478095474] [a3_receive_input_gateway]: gateway calibrated=yes frame_age=0.1ms frames=256184 ball=126582 base_poses=256165 invalid=0 station_ok=no
[INFO] [1787242094.478038587] [a3_receive_input_gateway]: gateway calibrated=yes frame_age=0.3ms frames=256484 ball=126582 base_poses=256465 invalid=0 station_ok=no
[INFO] [1787242095.478090116] [a3_receive_input_gateway]: gateway calibrated=yes frame_age=2.4ms frames=256783 ball=126582 base_poses=256764 invalid=0 station_ok=no
[INFO] [1787242096.478026333] [a3_receive_input_gateway]: gateway calibrated=yes frame_age=0.4ms frames=257084 ball=126582 base_poses=257065 invalid=0 station_ok=no
[INFO] [1787242097.478086374] [a3_receive_input_gateway]: gateway calibrated=yes frame_age=2.9ms frames=257383 ball=126582 base_poses=257364 invalid=0 station_ok=no
[INFO] [1787242098.477993871] [a3_receive_input_gateway]: gateway calibrated=yes frame_age=3.1ms frames=257683 ball=126582 base_poses=257664 invalid=0 station_ok=no
[INFO] [1787242099.478147019] [a3_receive_input_gateway]: gateway calibrated=yes frame_age=3.1ms frames=257983 ball=126582 base_poses=257964 invalid=0 station_ok=no
[INFO] [1787242100.478077777] [a3_receive_input_gateway]: gateway calibrated=yes frame_age=3.5ms frames=258283 ball=126582 base_poses=258264 invalid=0 station_ok=no
[INFO] [1787242101.478044166] [a3_receive_input_gateway]: gateway calibrated=yes frame_age=3.5ms frames=258583 ball=126582 base_poses=258564 invalid=0 station_ok=no
[INFO] [1787242102.478214846] [a3_receive_input_gateway]: gateway calibrated=yes frame_age=0.1ms frames=258884 ball=126582 base_poses=258865 invalid=0 station_ok=no
[INFO] [1787242103.478033006] [a3_receive_input_gateway]: gateway calibrated=yes frame_age=0.2ms frames=259184 ball=126582 base_poses=259165 invalid=0 station_ok=no
[INFO] [1787242104.477984336] [a3_receive_input_gateway]: gateway calibrated=yes frame_age=0.2ms frames=259484 ball=126582 base_poses=259465 invalid=0 station_ok=no
[INFO] [1787242105.478026535] [a3_receive_input_gateway]: gateway calibrated=yes frame_age=0.4ms frames=259784 ball=126582 base_poses=259765 invalid=0 station_ok=no
[INFO] [1787242106.478032219] [a3_receive_input_gateway]: gateway calibrated=yes frame_age=0.7ms frames=260084 ball=126582 base_poses=260065 invalid=0 station_ok=no
[INFO] [1787242107.478176429] [a3_receive_input_gateway]: gateway calibrated=yes frame_age=1.0ms frames=260384 ball=126582 base_poses=260365 invalid=0 station_ok=no
[INFO] [1787242108.478011481] [a3_receive_input_gateway]: gateway calibrated=yes frame_age=1.0ms frames=260684 ball=126582 base_poses=260665 invalid=0 station_ok=no
[INFO] [1787242109.478236407] [a3_receive_input_gateway]: gateway calibrated=yes frame_age=1.3ms frames=260984 ball=126582 base_poses=260965 invalid=0 station_ok=no
[INFO] [1787242110.478143727] [a3_receive_input_gateway]: gateway calibrated=yes frame_age=1.7ms frames=261284 ball=126582 base_poses=261265 invalid=0 station_ok=no
[INFO] [1787242111.478103677] [a3_receive_input_gateway]: gateway calibrated=yes frame_age=1.8ms frames=261584 ball=126582 base_poses=261565 invalid=0 station_ok=no
[INFO] [1787242112.478071723] [a3_receive_input_gateway]: gateway calibrated=yes frame_age=1.9ms frames=261884 ball=126582 base_poses=261865 invalid=0 station_ok=no
[INFO] [1787242113.478285157] [a3_receive_input_gateway]: gateway calibrated=yes frame_age=2.0ms frames=262184 ball=126582 base_poses=262165 invalid=0 station_ok=no
[INFO] [1787242114.478185055] [a3_receive_input_gateway]: gateway calibrated=yes frame_age=2.4ms frames=262484 ball=126582 base_poses=262465 invalid=0 station_ok=no
[INFO] [1787242115.478092610] [a3_receive_input_gateway]: gateway calibrated=yes frame_age=2.6ms frames=262784 ball=126582 base_poses=262765 invalid=0 station_ok=no
[INFO] [1787242116.478322718] [a3_receive_input_gateway]: gateway calibrated=yes frame_age=2.9ms frames=263084 ball=126582 base_poses=263065 invalid=0 station_ok=no
[INFO] [1787242117.478068502] [a3_receive_input_gateway]: gateway calibrated=yes frame_age=2.9ms frames=263384 ball=126582 base_poses=263365 invalid=0 station_ok=no
[INFO] [1787242118.478084763] [a3_receive_input_gateway]: gateway calibrated=yes frame_age=3.2ms frames=263684 ball=126582 base_poses=263665 invalid=0 station_ok=no
[INFO] [1787242119.478078339] [a3_receive_input_gateway]: gateway calibrated=yes frame_age=3.2ms frames=263984 ball=126582 base_poses=263965 invalid=0 station_ok=no
[INFO] [1787242120.478267977] [a3_receive_input_gateway]: gateway calibrated=yes frame_age=3.5ms frames=264284 ball=126582 base_poses=264265 invalid=0 station_ok=no
[INFO] [1787242121.478176639] [a3_receive_input_gateway]: gateway calibrated=yes frame_age=3.8ms frames=264584 ball=126582 base_poses=264565 invalid=0 station_ok=no
[INFO] [1787242122.478261839] [a3_receive_input_gateway]: gateway calibrated=yes frame_age=0.2ms frames=264885 ball=126582 base_poses=264866 invalid=0 station_ok=no
[INFO] [1787242123.478333870] [a3_receive_input_gateway]: gateway calibrated=yes frame_age=70.2ms frames=265164 ball=126582 base_poses=265145 invalid=0 station_ok=no
