[WARN] [1787108852.701882452] [a3_receive_input_gateway]: receive gateway started: mocap=/ppmocap/frame planner_input=/a3_mocap/ball_poses base_pose=/a3_mocap/pelvis_pose; inference=off joint_commands=off
[INFO] [1787108852.702745707] [a3_receive_input_gateway]: ball tracking: lost
[WARN] [1787108852.757293750] [a3_receive_input_gateway]: PPMocap calibrated: origin=near-left tabletop, +X=robot-to-opponent, +Y=robot-left, +Z=up
[INFO] [1787108853.694925834] [a3_receive_input_gateway]: gateway calibrated=yes frame_age=0.5ms frames=302 ball=0 base_poses=283 invalid=0 station_ok=no
[INFO] [1787108854.694557124] [a3_receive_input_gateway]: gateway calibrated=yes frame_age=0.2ms frames=602 ball=0 base_poses=583 invalid=0 station_ok=no
[INFO] [1787108855.694781293] [a3_receive_input_gateway]: gateway calibrated=yes frame_age=2.5ms frames=901 ball=0 base_poses=882 invalid=0 station_ok=no
[INFO] [1787108856.694939320] [a3_receive_input_gateway]: gateway calibrated=yes frame_age=0.2ms frames=1202 ball=0 base_poses=1183 invalid=0 station_ok=no
[INFO] [1787108857.694480238] [a3_receive_input_gateway]: gateway calibrated=yes frame_age=0.3ms frames=1502 ball=0 base_poses=1483 invalid=0 station_ok=no
[INFO] [1787108858.694382860] [a3_receive_input_gateway]: gateway calibrated=yes frame_age=0.2ms frames=1802 ball=0 base_poses=1783 invalid=0 station_ok=no
[INFO] [1787108859.694446049] [a3_receive_input_gateway]: gateway calibrated=yes frame_age=2.3ms frames=2101 ball=0 base_poses=2082 invalid=0 station_ok=no
[INFO] [1787108860.694370766] [a3_receive_input_gateway]: gateway calibrated=yes frame_age=2.3ms frames=2401 ball=0 base_poses=2382 invalid=0 station_ok=no
[INFO] [1787108861.694392998] [a3_receive_input_gateway]: gateway calibrated=yes frame_age=0.3ms frames=2702 ball=0 base_poses=2683 invalid=0 station_ok=no
[INFO] [1787108862.694506110] [a3_receive_input_gateway]: gateway calibrated=yes frame_age=2.4ms frames=3001 ball=0 base_poses=2982 invalid=0 station_ok=no
[INFO] [1787108863.694566110] [a3_receive_input_gateway]: gateway calibrated=yes frame_age=2.5ms frames=3301 ball=0 base_poses=3282 invalid=0 station_ok=no
[INFO] [1787108864.694516296] [a3_receive_input_gateway]: gateway calibrated=yes frame_age=2.6ms frames=3601 ball=0 base_poses=3582 invalid=0 station_ok=no
[INFO] [1787108865.694456006] [a3_receive_input_gateway]: gateway calibrated=yes frame_age=0.5ms frames=3902 ball=0 base_poses=3883 invalid=0 station_ok=no
[INFO] [1787108866.694516018] [a3_receive_input_gateway]: gateway calibrated=yes frame_age=2.5ms frames=4201 ball=0 base_poses=4182 invalid=0 station_ok=no
[INFO] [1787108867.694463555] [a3_receive_input_gateway]: gateway calibrated=yes frame_age=2.5ms frames=4501 ball=0 base_poses=4482 invalid=0 station_ok=no
[INFO] [1787108868.694527926] [a3_receive_input_gateway]: gateway calibrated=yes frame_age=2.6ms frames=4801 ball=0 base_poses=4782 invalid=0 station_ok=no
[INFO] [1787108869.694503787] [a3_receive_input_gateway]: gateway calibrated=yes frame_age=2.7ms frames=5101 ball=0 base_poses=5082 invalid=0 station_ok=no
[INFO] [1787108870.694414558] [a3_receive_input_gateway]: gateway calibrated=yes frame_age=2.6ms frames=5401 ball=0 base_poses=5382 invalid=0 station_ok=no
[INFO] [1787108871.694394180] [a3_receive_input_gateway]: gateway calibrated=yes frame_age=2.8ms frames=5701 ball=0 base_poses=5682 invalid=0 station_ok=no
[INFO] [1787108872.694513694] [a3_receive_input_gateway]: gateway calibrated=yes frame_age=2.6ms frames=6001 ball=0 base_poses=5982 invalid=0 station_ok=no
[INFO] [1787108873.694415480] [a3_receive_input_gateway]: gateway calibrated=yes frame_age=2.9ms frames=6301 ball=0 base_poses=6282 invalid=0 station_ok=no
[INFO] [1787108874.694498187] [a3_receive_input_gateway]: gateway calibrated=yes frame_age=2.9ms frames=6601 ball=0 base_poses=6582 invalid=0 station_ok=no
[INFO] [1787108875.694518254] [a3_receive_input_gateway]: gateway calibrated=yes frame_age=3.0ms frames=6901 ball=0 base_poses=6882 invalid=0 station_ok=no
[INFO] [1787108876.694499451] [a3_receive_input_gateway]: gateway calibrated=yes frame_age=3.0ms frames=7201 ball=0 base_poses=7182 invalid=0 station_ok=no
[INFO] [1787108877.694402227] [a3_receive_input_gateway]: gateway calibrated=yes frame_age=3.0ms frames=7501 ball=0 base_poses=7482 invalid=0 station_ok=no
[INFO] [1787108878.694432854] [a3_receive_input_gateway]: gateway calibrated=yes frame_age=3.2ms frames=7801 ball=0 base_poses=7782 invalid=0 station_ok=no
[INFO] [1787108879.694417172] [a3_receive_input_gateway]: gateway calibrated=yes frame_age=3.2ms frames=8101 ball=0 base_poses=8082 invalid=0 station_ok=no
[INFO] [1787108880.694465896] [a3_receive_input_gateway]: gateway calibrated=yes frame_age=3.2ms frames=8401 ball=0 base_poses=8382 invalid=0 station_ok=no
[INFO] [1787108881.694434021] [a3_receive_input_gateway]: gateway calibrated=yes frame_age=3.1ms frames=8701 ball=0 base_poses=8682 invalid=0 station_ok=no
[INFO] [1787108882.694460828] [a3_receive_input_gateway]: gateway calibrated=yes frame_age=3.3ms frames=9001 ball=0 base_poses=8982 invalid=0 station_ok=no
[INFO] [1787108883.694425992] [a3_receive_input_gateway]: gateway calibrated=yes frame_age=3.3ms frames=9301 ball=0 base_poses=9282 invalid=0 station_ok=no
[INFO] [1787108884.694433796] [a3_receive_input_gateway]: gateway calibrated=yes frame_age=3.3ms frames=9601 ball=0 base_poses=9582 invalid=0 station_ok=no
[INFO] [1787108885.694447656] [a3_receive_input_gateway]: gateway calibrated=yes frame_age=3.4ms frames=9901 ball=0 base_poses=9882 invalid=0 station_ok=no
[INFO] [1787108886.694528741] [a3_receive_input_gateway]: gateway calibrated=yes frame_age=3.3ms frames=10201 ball=0 base_poses=10182 invalid=0 station_ok=no
[INFO] [1787108887.694438613] [a3_receive_input_gateway]: gateway calibrated=yes frame_age=3.3ms frames=10501 ball=0 base_poses=10482 invalid=0 station_ok=no
[INFO] [1787108888.694476841] [a3_receive_input_gateway]: gateway calibrated=yes frame_age=3.3ms frames=10801 ball=0 base_poses=10782 invalid=0 station_ok=no
[INFO] [1787108889.694408710] [a3_receive_input_gateway]: gateway calibrated=yes frame_age=3.4ms frames=11101 ball=0 base_poses=11082 invalid=0 station_ok=no
[INFO] [1787108890.694470069] [a3_receive_input_gateway]: gateway calibrated=yes frame_age=3.4ms frames=11401 ball=0 base_poses=11382 invalid=0 station_ok=no
[INFO] [1787108891.694400981] [a3_receive_input_gateway]: gateway calibrated=yes frame_age=3.6ms frames=11701 ball=0 base_poses=11682 invalid=0 station_ok=no
[INFO] [1787108892.694661426] [a3_receive_input_gateway]: gateway calibrated=yes frame_age=4.0ms frames=12001 ball=0 base_poses=11982 invalid=0 station_ok=no
[INFO] [1787108893.694435967] [a3_receive_input_gateway]: gateway calibrated=yes frame_age=3.9ms frames=12301 ball=0 base_poses=12282 invalid=0 station_ok=no
[INFO] [1787108894.694396113] [a3_receive_input_gateway]: gateway calibrated=yes frame_age=3.5ms frames=12601 ball=0 base_poses=12582 invalid=0 station_ok=no
[INFO] [1787108895.694536301] [a3_receive_input_gateway]: gateway calibrated=yes frame_age=3.6ms frames=12901 ball=0 base_poses=12882 invalid=0 station_ok=no
[INFO] [1787108896.694559245] [a3_receive_input_gateway]: gateway calibrated=yes frame_age=3.8ms frames=13201 ball=0 base_poses=13182 invalid=0 station_ok=no
[INFO] [1787108897.694410593] [a3_receive_input_gateway]: gateway calibrated=yes frame_age=3.8ms frames=13501 ball=0 base_poses=13482 invalid=0 station_ok=no
[INFO] [1787108898.694579123] [a3_receive_input_gateway]: gateway calibrated=yes frame_age=0.2ms frames=13802 ball=0 base_poses=13783 invalid=0 station_ok=no
[INFO] [1787108899.694760962] [a3_receive_input_gateway]: gateway calibrated=yes frame_age=0.2ms frames=14102 ball=0 base_poses=14083 invalid=0 station_ok=no
[INFO] [1787108900.695003101] [a3_receive_input_gateway]: gateway calibrated=yes frame_age=0.2ms frames=14402 ball=0 base_poses=14383 invalid=0 station_ok=no
[INFO] [1787108901.694441674] [a3_receive_input_gateway]: gateway calibrated=yes frame_age=0.1ms frames=14702 ball=0 base_poses=14683 invalid=0 station_ok=no
[INFO] [1787108902.694598414] [a3_receive_input_gateway]: gateway calibrated=yes frame_age=0.2ms frames=15002 ball=0 base_poses=14983 invalid=0 station_ok=no
[INFO] [1787108903.694588895] [a3_receive_input_gateway]: gateway calibrated=yes frame_age=0.2ms frames=15302 ball=0 base_poses=15283 invalid=0 station_ok=no
[INFO] [1787108904.694426057] [a3_receive_input_gateway]: gateway calibrated=yes frame_age=0.2ms frames=15602 ball=0 base_poses=15583 invalid=0 station_ok=no
[INFO] [1787108905.694415864] [a3_receive_input_gateway]: gateway calibrated=yes frame_age=0.3ms frames=15902 ball=0 base_poses=15883 invalid=0 station_ok=no
[INFO] [1787108906.694410375] [a3_receive_input_gateway]: gateway calibrated=yes frame_age=0.4ms frames=16202 ball=0 base_poses=16183 invalid=0 station_ok=no
[INFO] [1787108907.694392043] [a3_receive_input_gateway]: gateway calibrated=yes frame_age=0.3ms frames=16502 ball=0 base_poses=16483 invalid=0 station_ok=no
[INFO] [1787108908.694443656] [a3_receive_input_gateway]: gateway calibrated=yes frame_age=0.2ms frames=16802 ball=0 base_poses=16783 invalid=0 station_ok=no
[INFO] [1787108909.694395853] [a3_receive_input_gateway]: gateway calibrated=yes frame_age=0.4ms frames=17102 ball=0 base_poses=17083 invalid=0 station_ok=no
[INFO] [1787108910.694386970] [a3_receive_input_gateway]: gateway calibrated=yes frame_age=0.3ms frames=17402 ball=0 base_poses=17383 invalid=0 station_ok=no
[INFO] [1787108911.694416965] [a3_receive_input_gateway]: gateway calibrated=yes frame_age=0.5ms frames=17702 ball=0 base_poses=17683 invalid=0 station_ok=no
[INFO] [1787108912.694423002] [a3_receive_input_gateway]: gateway calibrated=yes frame_age=0.6ms frames=18002 ball=0 base_poses=17983 invalid=0 station_ok=no
[INFO] [1787108913.694418002] [a3_receive_input_gateway]: gateway calibrated=yes frame_age=0.6ms frames=18302 ball=0 base_poses=18214 invalid=0 station_ok=no
[INFO] [1787108914.694386160] [a3_receive_input_gateway]: gateway calibrated=yes frame_age=0.5ms frames=18602 ball=0 base_poses=18353 invalid=0 station_ok=no
[INFO] [1787108915.694459854] [a3_receive_input_gateway]: gateway calibrated=yes frame_age=0.7ms frames=18902 ball=0 base_poses=18653 invalid=0 station_ok=no
[INFO] [1787108916.694398786] [a3_receive_input_gateway]: gateway calibrated=yes frame_age=0.1ms frames=19202 ball=0 base_poses=18914 invalid=0 station_ok=no
[INFO] [1787108917.694395278] [a3_receive_input_gateway]: gateway calibrated=yes frame_age=0.9ms frames=19502 ball=0 base_poses=19003 invalid=0 station_ok=no
[INFO] [1787108918.694522033] [a3_receive_input_gateway]: gateway calibrated=yes frame_age=0.8ms frames=19802 ball=0 base_poses=19303 invalid=0 station_ok=no
[INFO] [1787108919.694570244] [a3_receive_input_gateway]: gateway calibrated=yes frame_age=2.8ms frames=20101 ball=0 base_poses=19602 invalid=0 station_ok=no
[INFO] [1787108920.694824681] [a3_receive_input_gateway]: gateway calibrated=yes frame_age=1.1ms frames=20402 ball=0 base_poses=19903 invalid=0 station_ok=no
[INFO] [1787108921.694394596] [a3_receive_input_gateway]: gateway calibrated=yes frame_age=0.9ms frames=20702 ball=0 base_poses=20203 invalid=0 station_ok=no
[INFO] [1787108922.694451691] [a3_receive_input_gateway]: gateway calibrated=yes frame_age=0.8ms frames=21002 ball=0 base_poses=20503 invalid=0 station_ok=no
[INFO] [1787108923.694388022] [a3_receive_input_gateway]: gateway calibrated=yes frame_age=0.7ms frames=21302 ball=0 base_poses=20803 invalid=0 station_ok=no
[INFO] [1787108924.694399826] [a3_receive_input_gateway]: gateway calibrated=yes frame_age=0.7ms frames=21602 ball=0 base_poses=21103 invalid=0 station_ok=no
[INFO] [1787108925.694409052] [a3_receive_input_gateway]: gateway calibrated=yes frame_age=0.9ms frames=21902 ball=0 base_poses=21403 invalid=0 station_ok=no
[INFO] [1787108926.694482430] [a3_receive_input_gateway]: gateway calibrated=yes frame_age=3.3ms frames=22201 ball=0 base_poses=21702 invalid=0 station_ok=no
[INFO] [1787108927.694457043] [a3_receive_input_gateway]: gateway calibrated=yes frame_age=3.3ms frames=22501 ball=0 base_poses=22002 invalid=0 station_ok=no
[INFO] [1787108928.694467303] [a3_receive_input_gateway]: gateway calibrated=yes frame_age=0.7ms frames=22802 ball=0 base_poses=22303 invalid=0 station_ok=no
[INFO] [1787108929.694409726] [a3_receive_input_gateway]: gateway calibrated=yes frame_age=1.3ms frames=23102 ball=0 base_poses=22603 invalid=0 station_ok=no
[INFO] [1787108930.694492065] [a3_receive_input_gateway]: gateway calibrated=yes frame_age=1.3ms frames=23402 ball=0 base_poses=22903 invalid=0 station_ok=no
[INFO] [1787108931.694631839] [a3_receive_input_gateway]: gateway calibrated=yes frame_age=1.5ms frames=23702 ball=0 base_poses=23203 invalid=0 station_ok=no
[INFO] [1787108932.694434100] [a3_receive_input_gateway]: gateway calibrated=yes frame_age=1.4ms frames=24002 ball=0 base_poses=23503 invalid=0 station_ok=no
[INFO] [1787108933.694424933] [a3_receive_input_gateway]: gateway calibrated=yes frame_age=1.4ms frames=24302 ball=0 base_poses=23803 invalid=0 station_ok=no
[INFO] [1787108934.694444223] [a3_receive_input_gateway]: gateway calibrated=yes frame_age=1.6ms frames=24602 ball=0 base_poses=24103 invalid=0 station_ok=no
[INFO] [1787108935.694736556] [a3_receive_input_gateway]: gateway calibrated=yes frame_age=3.4ms frames=24901 ball=0 base_poses=24402 invalid=0 station_ok=no
[INFO] [1787108936.694434623] [a3_receive_input_gateway]: gateway calibrated=yes frame_age=1.2ms frames=25202 ball=0 base_poses=24447 invalid=0 station_ok=no
[INFO] [1787108937.694612220] [a3_receive_input_gateway]: gateway calibrated=yes frame_age=3.8ms frames=25501 ball=0 base_poses=24447 invalid=0 station_ok=no
[INFO] [1787108938.694431742] [a3_receive_input_gateway]: gateway calibrated=yes frame_age=3.7ms frames=25801 ball=0 base_poses=24447 invalid=0 station_ok=no
[INFO] [1787108939.694595542] [a3_receive_input_gateway]: gateway calibrated=yes frame_age=3.7ms frames=26101 ball=0 base_poses=24447 invalid=0 station_ok=no
[INFO] [1787108940.694498050] [a3_receive_input_gateway]: gateway calibrated=yes frame_age=3.8ms frames=26401 ball=0 base_poses=24520 invalid=0 station_ok=no
[INFO] [1787108941.694575425] [a3_receive_input_gateway]: gateway calibrated=yes frame_age=3.9ms frames=26701 ball=0 base_poses=24820 invalid=0 station_ok=no
[INFO] [1787108942.694487801] [a3_receive_input_gateway]: gateway calibrated=yes frame_age=3.6ms frames=27001 ball=0 base_poses=25120 invalid=0 station_ok=no
[INFO] [1787108943.694465097] [a3_receive_input_gateway]: gateway calibrated=yes frame_age=3.8ms frames=27301 ball=0 base_poses=25420 invalid=0 station_ok=no
[INFO] [1787108944.694586947] [a3_receive_input_gateway]: gateway calibrated=yes frame_age=1.5ms frames=27602 ball=0 base_poses=25721 invalid=0 station_ok=no
[INFO] [1787108945.694461439] [a3_receive_input_gateway]: gateway calibrated=yes frame_age=3.8ms frames=27901 ball=0 base_poses=26020 invalid=0 station_ok=no
[INFO] [1787108946.694531153] [a3_receive_input_gateway]: gateway calibrated=yes frame_age=3.9ms frames=28201 ball=0 base_poses=26320 invalid=0 station_ok=no
[INFO] [1787108947.694599940] [a3_receive_input_gateway]: gateway calibrated=yes frame_age=3.7ms frames=28501 ball=0 base_poses=26620 invalid=0 station_ok=no
[INFO] [1787108948.694642945] [a3_receive_input_gateway]: gateway calibrated=yes frame_age=3.7ms frames=28801 ball=0 base_poses=26920 invalid=0 station_ok=no
[INFO] [1787108949.695217786] [a3_receive_input_gateway]: gateway calibrated=yes frame_age=0.4ms frames=29102 ball=0 base_poses=27221 invalid=0 station_ok=no
[INFO] [1787108950.694555145] [a3_receive_input_gateway]: gateway calibrated=yes frame_age=0.1ms frames=29402 ball=0 base_poses=27304 invalid=0 station_ok=no
[INFO] [1787108951.694399039] [a3_receive_input_gateway]: gateway calibrated=yes frame_age=0.2ms frames=29702 ball=0 base_poses=27304 invalid=0 station_ok=no
[INFO] [1787108952.694381618] [a3_receive_input_gateway]: gateway calibrated=yes frame_age=0.2ms frames=30002 ball=0 base_poses=27304 invalid=0 station_ok=no
[INFO] [1787108953.694482662] [a3_receive_input_gateway]: gateway calibrated=yes frame_age=0.2ms frames=30302 ball=0 base_poses=27304 invalid=0 station_ok=no
[INFO] [1787108954.694457711] [a3_receive_input_gateway]: gateway calibrated=yes frame_age=0.4ms frames=30602 ball=0 base_poses=27304 invalid=0 station_ok=no
[INFO] [1787108955.694406122] [a3_receive_input_gateway]: gateway calibrated=yes frame_age=0.4ms frames=30902 ball=0 base_poses=27304 invalid=0 station_ok=no
[INFO] [1787108956.694406096] [a3_receive_input_gateway]: gateway calibrated=yes frame_age=0.3ms frames=31202 ball=0 base_poses=27472 invalid=0 station_ok=no
[INFO] [1787108957.694391871] [a3_receive_input_gateway]: gateway calibrated=yes frame_age=0.5ms frames=31502 ball=0 base_poses=27772 invalid=0 station_ok=no
[INFO] [1787108958.694386736] [a3_receive_input_gateway]: gateway calibrated=yes frame_age=0.4ms frames=31802 ball=0 base_poses=28072 invalid=0 station_ok=no
[INFO] [1787108959.694397819] [a3_receive_input_gateway]: gateway calibrated=yes frame_age=0.3ms frames=32102 ball=0 base_poses=28372 invalid=0 station_ok=no
[INFO] [1787108960.694412581] [a3_receive_input_gateway]: gateway calibrated=yes frame_age=0.6ms frames=32402 ball=0 base_poses=28672 invalid=0 station_ok=no
[INFO] [1787108961.694382235] [a3_receive_input_gateway]: gateway calibrated=yes frame_age=0.5ms frames=32702 ball=0 base_poses=28972 invalid=0 station_ok=no
[INFO] [1787108962.694668568] [a3_receive_input_gateway]: gateway calibrated=yes frame_age=0.7ms frames=33002 ball=0 base_poses=29272 invalid=0 station_ok=no
[INFO] [1787108963.694384221] [a3_receive_input_gateway]: gateway calibrated=yes frame_age=0.4ms frames=33302 ball=0 base_poses=29572 invalid=0 station_ok=no
[INFO] [1787108964.694444559] [a3_receive_input_gateway]: gateway calibrated=yes frame_age=0.5ms frames=33602 ball=0 base_poses=29872 invalid=0 station_ok=no
[INFO] [1787108965.694392410] [a3_receive_input_gateway]: gateway calibrated=yes frame_age=0.8ms frames=33902 ball=0 base_poses=29973 invalid=0 station_ok=no
[INFO] [1787108966.694453806] [a3_receive_input_gateway]: gateway calibrated=yes frame_age=0.7ms frames=34202 ball=0 base_poses=30273 invalid=0 station_ok=no
[INFO] [1787108967.694405577] [a3_receive_input_gateway]: gateway calibrated=yes frame_age=0.8ms frames=34502 ball=0 base_poses=30573 invalid=0 station_ok=no
[INFO] [1787108968.694494504] [a3_receive_input_gateway]: gateway calibrated=yes frame_age=1.0ms frames=34802 ball=0 base_poses=30873 invalid=0 station_ok=no
[INFO] [1787108969.694389588] [a3_receive_input_gateway]: gateway calibrated=yes frame_age=1.0ms frames=35102 ball=0 base_poses=30998 invalid=0 station_ok=no
[INFO] [1787108970.694420612] [a3_receive_input_gateway]: gateway calibrated=yes frame_age=1.0ms frames=35402 ball=0 base_poses=31298 invalid=0 station_ok=no
[INFO] [1787108971.694400301] [a3_receive_input_gateway]: gateway calibrated=yes frame_age=0.8ms frames=35702 ball=0 base_poses=31484 invalid=0 station_ok=no
[INFO] [1787108972.694661228] [a3_receive_input_gateway]: gateway calibrated=yes frame_age=1.3ms frames=36002 ball=0 base_poses=31738 invalid=0 station_ok=no
[INFO] [1787108973.694463722] [a3_receive_input_gateway]: gateway calibrated=yes frame_age=1.0ms frames=36302 ball=0 base_poses=32038 invalid=0 station_ok=no
[INFO] [1787108974.694474864] [a3_receive_input_gateway]: gateway calibrated=yes frame_age=1.2ms frames=36602 ball=0 base_poses=32338 invalid=0 station_ok=no
[INFO] [1787108975.694550211] [a3_receive_input_gateway]: gateway calibrated=yes frame_age=1.2ms frames=36902 ball=0 base_poses=32638 invalid=0 station_ok=no
[INFO] [1787108976.694398606] [a3_receive_input_gateway]: gateway calibrated=yes frame_age=1.2ms frames=37202 ball=0 base_poses=32938 invalid=0 station_ok=no
[INFO] [1787108977.694441397] [a3_receive_input_gateway]: gateway calibrated=yes frame_age=1.3ms frames=37502 ball=0 base_poses=33238 invalid=0 station_ok=no
[INFO] [1787108978.694514890] [a3_receive_input_gateway]: gateway calibrated=yes frame_age=1.5ms frames=37802 ball=0 base_poses=33538 invalid=0 station_ok=no
[INFO] [1787108979.694640154] [a3_receive_input_gateway]: gateway calibrated=yes frame_age=3.3ms frames=38101 ball=0 base_poses=33837 invalid=0 station_ok=no
[INFO] [1787108980.694436262] [a3_receive_input_gateway]: gateway calibrated=yes frame_age=1.4ms frames=38402 ball=0 base_poses=34138 invalid=0 station_ok=no
[INFO] [1787108981.694419118] [a3_receive_input_gateway]: gateway calibrated=yes frame_age=1.5ms frames=38702 ball=0 base_poses=34438 invalid=0 station_ok=no
[INFO] [1787108982.694446423] [a3_receive_input_gateway]: gateway calibrated=yes frame_age=1.6ms frames=39002 ball=0 base_poses=34738 invalid=0 station_ok=no
[INFO] [1787108983.694410178] [a3_receive_input_gateway]: gateway calibrated=yes frame_age=0.7ms frames=39302 ball=0 base_poses=35036 invalid=0 station_ok=no
[INFO] [1787108984.694634572] [a3_receive_input_gateway]: gateway calibrated=yes frame_age=1.5ms frames=39602 ball=0 base_poses=35036 invalid=0 station_ok=no
[INFO] [1787108985.694436506] [a3_receive_input_gateway]: gateway calibrated=yes frame_age=1.8ms frames=39902 ball=0 base_poses=35036 invalid=0 station_ok=no
[INFO] [1787108986.694555609] [a3_receive_input_gateway]: gateway calibrated=yes frame_age=1.6ms frames=40202 ball=0 base_poses=35036 invalid=0 station_ok=no
[INFO] [1787108987.694469622] [a3_receive_input_gateway]: gateway calibrated=yes frame_age=1.6ms frames=40502 ball=0 base_poses=35036 invalid=0 station_ok=no
[INFO] [1787108988.694886955] [a3_receive_input_gateway]: gateway calibrated=yes frame_age=2.2ms frames=40802 ball=0 base_poses=35036 invalid=0 station_ok=no
[INFO] [1787108989.694465938] [a3_receive_input_gateway]: gateway calibrated=yes frame_age=1.9ms frames=41102 ball=0 base_poses=35036 invalid=0 station_ok=no
[INFO] [1787108990.694466672] [a3_receive_input_gateway]: gateway calibrated=yes frame_age=1.8ms frames=41402 ball=0 base_poses=35036 invalid=0 station_ok=no
[INFO] [1787108991.694419191] [a3_receive_input_gateway]: gateway calibrated=yes frame_age=2.0ms frames=41702 ball=0 base_poses=35109 invalid=0 station_ok=no
[INFO] [1787108992.694464230] [a3_receive_input_gateway]: gateway calibrated=yes frame_age=1.9ms frames=42002 ball=0 base_poses=35409 invalid=0 station_ok=no
[INFO] [1787108993.694452375] [a3_receive_input_gateway]: gateway calibrated=yes frame_age=1.9ms frames=42302 ball=0 base_poses=35462 invalid=0 station_ok=no
[INFO] [1787108994.694433985] [a3_receive_input_gateway]: gateway calibrated=yes frame_age=1.2ms frames=42602 ball=0 base_poses=35751 invalid=0 station_ok=no
[INFO] [1787108995.694535797] [a3_receive_input_gateway]: gateway calibrated=yes frame_age=2.0ms frames=42902 ball=0 base_poses=36051 invalid=0 station_ok=no
[INFO] [1787108996.694511528] [a3_receive_input_gateway]: gateway calibrated=yes frame_age=2.0ms frames=43202 ball=0 base_poses=36351 invalid=0 station_ok=no
[INFO] [1787108997.694418715] [a3_receive_input_gateway]: gateway calibrated=yes frame_age=2.2ms frames=43502 ball=0 base_poses=36651 invalid=0 station_ok=no
[INFO] [1787108998.694545247] [a3_receive_input_gateway]: gateway calibrated=yes frame_age=2.2ms frames=43802 ball=0 base_poses=36951 invalid=0 station_ok=no
[INFO] [1787108999.694413933] [a3_receive_input_gateway]: gateway calibrated=yes frame_age=2.4ms frames=44102 ball=0 base_poses=37251 invalid=0 station_ok=no
[INFO] [1787109000.694413671] [a3_receive_input_gateway]: gateway calibrated=yes frame_age=0.3ms frames=44402 ball=0 base_poses=37551 invalid=0 station_ok=no
[INFO] [1787109001.694430052] [a3_receive_input_gateway]: gateway calibrated=yes frame_age=2.4ms frames=44702 ball=0 base_poses=37851 invalid=0 station_ok=no
[INFO] [1787109002.694398058] [a3_receive_input_gateway]: gateway calibrated=yes frame_age=2.4ms frames=45002 ball=0 base_poses=38151 invalid=0 station_ok=no
[INFO] [1787109003.694560916] [a3_receive_input_gateway]: gateway calibrated=yes frame_age=2.5ms frames=45302 ball=0 base_poses=38451 invalid=0 station_ok=no
[INFO] [1787109004.694563965] [a3_receive_input_gateway]: gateway calibrated=yes frame_age=2.5ms frames=45602 ball=0 base_poses=38751 invalid=0 station_ok=no
[INFO] [1787109005.694408772] [a3_receive_input_gateway]: gateway calibrated=yes frame_age=2.5ms frames=45902 ball=0 base_poses=39051 invalid=0 station_ok=no
[INFO] [1787109006.694437501] [a3_receive_input_gateway]: gateway calibrated=yes frame_age=0.5ms frames=46202 ball=0 base_poses=39351 invalid=0 station_ok=no
[INFO] [1787109007.694417703] [a3_receive_input_gateway]: gateway calibrated=yes frame_age=0.6ms frames=46502 ball=0 base_poses=39651 invalid=0 station_ok=no
[INFO] [1787109008.694563024] [a3_receive_input_gateway]: gateway calibrated=yes frame_age=0.9ms frames=46802 ball=0 base_poses=39951 invalid=0 station_ok=no
[INFO] [1787109009.694393432] [a3_receive_input_gateway]: gateway calibrated=yes frame_age=0.6ms frames=47102 ball=0 base_poses=40251 invalid=0 station_ok=no
[INFO] [1787109010.694397894] [a3_receive_input_gateway]: gateway calibrated=yes frame_age=0.6ms frames=47402 ball=0 base_poses=40551 invalid=0 station_ok=no
[INFO] [1787109011.694486496] [a3_receive_input_gateway]: gateway calibrated=yes frame_age=2.9ms frames=47702 ball=0 base_poses=40851 invalid=0 station_ok=no
[INFO] [1787109012.694518012] [a3_receive_input_gateway]: gateway calibrated=yes frame_age=2.7ms frames=48002 ball=0 base_poses=41151 invalid=0 station_ok=no
[INFO] [1787109013.694522549] [a3_receive_input_gateway]: gateway calibrated=yes frame_age=2.8ms frames=48302 ball=0 base_poses=41451 invalid=0 station_ok=no
[INFO] [1787109014.694493764] [a3_receive_input_gateway]: gateway calibrated=yes frame_age=3.0ms frames=48602 ball=0 base_poses=41751 invalid=0 station_ok=no
[INFO] [1787109015.694420519] [a3_receive_input_gateway]: gateway calibrated=yes frame_age=0.9ms frames=48902 ball=0 base_poses=42051 invalid=0 station_ok=no
[INFO] [1787109016.694455926] [a3_receive_input_gateway]: gateway calibrated=yes frame_age=0.7ms frames=49202 ball=0 base_poses=42351 invalid=0 station_ok=no
[INFO] [1787109017.694490772] [a3_receive_input_gateway]: gateway calibrated=yes frame_age=3.1ms frames=49502 ball=0 base_poses=42651 invalid=0 station_ok=no
[INFO] [1787109018.694490674] [a3_receive_input_gateway]: gateway calibrated=yes frame_age=1.1ms frames=49802 ball=0 base_poses=42951 invalid=0 station_ok=no
[INFO] [1787109019.694514780] [a3_receive_input_gateway]: gateway calibrated=yes frame_age=2.9ms frames=50102 ball=0 base_poses=43251 invalid=0 station_ok=no
[INFO] [1787109020.694406397] [a3_receive_input_gateway]: gateway calibrated=yes frame_age=1.2ms frames=50402 ball=0 base_poses=43551 invalid=0 station_ok=no
[INFO] [1787109021.694466271] [a3_receive_input_gateway]: gateway calibrated=yes frame_age=1.0ms frames=50702 ball=0 base_poses=43851 invalid=0 station_ok=no
[INFO] [1787109022.694420439] [a3_receive_input_gateway]: gateway calibrated=yes frame_age=3.3ms frames=51002 ball=0 base_poses=44151 invalid=0 station_ok=no
[INFO] [1787109023.694649666] [a3_receive_input_gateway]: gateway calibrated=yes frame_age=1.2ms frames=51302 ball=0 base_poses=44451 invalid=0 station_ok=no
[INFO] [1787109024.694423313] [a3_receive_input_gateway]: gateway calibrated=yes frame_age=1.1ms frames=51602 ball=0 base_poses=44751 invalid=0 station_ok=no
[INFO] [1787109025.694441708] [a3_receive_input_gateway]: gateway calibrated=yes frame_age=1.3ms frames=51902 ball=0 base_poses=45051 invalid=0 station_ok=no
[INFO] [1787109026.694673939] [a3_receive_input_gateway]: gateway calibrated=yes frame_age=1.5ms frames=52202 ball=0 base_poses=45351 invalid=0 station_ok=no
[INFO] [1787109027.694387150] [a3_receive_input_gateway]: gateway calibrated=yes frame_age=1.5ms frames=52502 ball=0 base_poses=45651 invalid=0 station_ok=no
[INFO] [1787109028.694587056] [a3_receive_input_gateway]: gateway calibrated=yes frame_age=1.6ms frames=52802 ball=0 base_poses=45951 invalid=0 station_ok=no
[INFO] [1787109029.694525342] [a3_receive_input_gateway]: gateway calibrated=yes frame_age=1.6ms frames=53102 ball=0 base_poses=46251 invalid=0 station_ok=no
[INFO] [1787109030.694809936] [a3_receive_input_gateway]: gateway calibrated=yes frame_age=1.8ms frames=53402 ball=0 base_poses=46551 invalid=0 station_ok=no
[INFO] [1787109031.694542629] [a3_receive_input_gateway]: gateway calibrated=yes frame_age=1.4ms frames=53702 ball=0 base_poses=46851 invalid=0 station_ok=no
[INFO] [1787109032.694448539] [a3_receive_input_gateway]: gateway calibrated=yes frame_age=1.7ms frames=54002 ball=0 base_poses=47151 invalid=0 station_ok=no
[INFO] [1787109033.694751554] [a3_receive_input_gateway]: gateway calibrated=yes frame_age=1.8ms frames=54302 ball=0 base_poses=47451 invalid=0 station_ok=no
[INFO] [1787109034.694426508] [a3_receive_input_gateway]: gateway calibrated=yes frame_age=1.7ms frames=54602 ball=0 base_poses=47751 invalid=0 station_ok=no
[INFO] [1787109035.694430721] [a3_receive_input_gateway]: gateway calibrated=yes frame_age=1.8ms frames=54902 ball=0 base_poses=48051 invalid=0 station_ok=no
[INFO] [1787109036.694802871] [a3_receive_input_gateway]: gateway calibrated=yes frame_age=2.0ms frames=55202 ball=0 base_poses=48351 invalid=0 station_ok=no
[INFO] [1787109037.694804293] [a3_receive_input_gateway]: gateway calibrated=yes frame_age=0.2ms frames=55503 ball=0 base_poses=48652 invalid=0 station_ok=no
[INFO] [1787109038.694420110] [a3_receive_input_gateway]: gateway calibrated=yes frame_age=1.8ms frames=55802 ball=0 base_poses=48951 invalid=0 station_ok=no
[INFO] [1787109039.694605463] [a3_receive_input_gateway]: gateway calibrated=yes frame_age=0.2ms frames=56103 ball=0 base_poses=49252 invalid=0 station_ok=no
[INFO] [1787109040.694790792] [a3_receive_input_gateway]: gateway calibrated=yes frame_age=0.2ms frames=56403 ball=0 base_poses=49552 invalid=0 station_ok=no
[INFO] [1787109041.694483788] [a3_receive_input_gateway]: gateway calibrated=yes frame_age=0.2ms frames=56703 ball=0 base_poses=49852 invalid=0 station_ok=no
[INFO] [1787109042.694455091] [a3_receive_input_gateway]: gateway calibrated=yes frame_age=0.2ms frames=57003 ball=0 base_poses=50152 invalid=0 station_ok=no
[INFO] [1787109043.694517997] [a3_receive_input_gateway]: gateway calibrated=yes frame_age=0.2ms frames=57303 ball=0 base_poses=50452 invalid=0 station_ok=no
[INFO] [1787109044.694615029] [a3_receive_input_gateway]: gateway calibrated=yes frame_age=0.2ms frames=57603 ball=0 base_poses=50752 invalid=0 station_ok=no
[INFO] [1787109045.694555807] [a3_receive_input_gateway]: gateway calibrated=yes frame_age=2.1ms frames=57902 ball=0 base_poses=51051 invalid=0 station_ok=no
[INFO] [1787109046.694596121] [a3_receive_input_gateway]: gateway calibrated=yes frame_age=2.4ms frames=58202 ball=0 base_poses=51351 invalid=0 station_ok=no
[INFO] [1787109047.694433730] [a3_receive_input_gateway]: gateway calibrated=yes frame_age=2.4ms frames=58502 ball=0 base_poses=51651 invalid=0 station_ok=no
[INFO] [1787109048.694540022] [a3_receive_input_gateway]: gateway calibrated=yes frame_age=2.4ms frames=58802 ball=0 base_poses=51951 invalid=0 station_ok=no
[INFO] [1787109049.694546717] [a3_receive_input_gateway]: gateway calibrated=yes frame_age=2.4ms frames=59102 ball=0 base_poses=52251 invalid=0 station_ok=no
[INFO] [1787109050.694425581] [a3_receive_input_gateway]: gateway calibrated=yes frame_age=2.5ms frames=59402 ball=0 base_poses=52551 invalid=0 station_ok=no
[INFO] [1787109051.694552724] [a3_receive_input_gateway]: gateway calibrated=yes frame_age=2.5ms frames=59702 ball=0 base_poses=52851 invalid=0 station_ok=no
[INFO] [1787109052.694538027] [a3_receive_input_gateway]: gateway calibrated=yes frame_age=2.6ms frames=60002 ball=0 base_poses=53151 invalid=0 station_ok=no
[INFO] [1787109053.694488018] [a3_receive_input_gateway]: gateway calibrated=yes frame_age=2.3ms frames=60302 ball=0 base_poses=53451 invalid=0 station_ok=no
[INFO] [1787109054.694429734] [a3_receive_input_gateway]: gateway calibrated=yes frame_age=2.7ms frames=60602 ball=0 base_poses=53751 invalid=0 station_ok=no
[INFO] [1787109055.694475646] [a3_receive_input_gateway]: gateway calibrated=yes frame_age=2.7ms frames=60902 ball=0 base_poses=54051 invalid=0 station_ok=no
[INFO] [1787109056.694512486] [a3_receive_input_gateway]: gateway calibrated=yes frame_age=2.7ms frames=61202 ball=0 base_poses=54351 invalid=0 station_ok=no
[INFO] [1787109057.694500505] [a3_receive_input_gateway]: gateway calibrated=yes frame_age=2.7ms frames=61502 ball=0 base_poses=54651 invalid=0 station_ok=no
[INFO] [1787109058.694595605] [a3_receive_input_gateway]: gateway calibrated=yes frame_age=2.8ms frames=61802 ball=0 base_poses=54951 invalid=0 station_ok=no
[INFO] [1787109059.694464918] [a3_receive_input_gateway]: gateway calibrated=yes frame_age=2.9ms frames=62102 ball=0 base_poses=55251 invalid=0 station_ok=no
[INFO] [1787109060.694442144] [a3_receive_input_gateway]: gateway calibrated=yes frame_age=2.6ms frames=62402 ball=0 base_poses=55551 invalid=0 station_ok=no
[INFO] [1787109061.694557210] [a3_receive_input_gateway]: gateway calibrated=yes frame_age=2.8ms frames=62702 ball=0 base_poses=55851 invalid=0 station_ok=no
[INFO] [1787109062.694371926] [a3_receive_input_gateway]: gateway calibrated=yes frame_age=0.7ms frames=63002 ball=0 base_poses=56151 invalid=0 station_ok=no
[INFO] [1787109063.694435483] [a3_receive_input_gateway]: gateway calibrated=yes frame_age=3.1ms frames=63302 ball=0 base_poses=56451 invalid=0 station_ok=no
[INFO] [1787109064.694471499] [a3_receive_input_gateway]: gateway calibrated=yes frame_age=2.9ms frames=63602 ball=0 base_poses=56751 invalid=0 station_ok=no
[INFO] [1787109065.694491236] [a3_receive_input_gateway]: gateway calibrated=yes frame_age=3.1ms frames=63902 ball=0 base_poses=57051 invalid=0 station_ok=no
[INFO] [1787109066.694507790] [a3_receive_input_gateway]: gateway calibrated=yes frame_age=3.1ms frames=64202 ball=0 base_poses=57351 invalid=0 station_ok=no
[INFO] [1787109067.694389207] [a3_receive_input_gateway]: gateway calibrated=yes frame_age=3.3ms frames=64502 ball=0 base_poses=57651 invalid=0 station_ok=no
[INFO] [1787109068.694566582] [a3_receive_input_gateway]: gateway calibrated=yes frame_age=3.1ms frames=64802 ball=0 base_poses=57951 invalid=0 station_ok=no
[INFO] [1787109069.694614039] [a3_receive_input_gateway]: gateway calibrated=yes frame_age=3.5ms frames=65102 ball=0 base_poses=58251 invalid=0 station_ok=no
[INFO] [1787109070.694526536] [a3_receive_input_gateway]: gateway calibrated=yes frame_age=3.5ms frames=65402 ball=0 base_poses=58551 invalid=0 station_ok=no
[INFO] [1787109071.694625360] [a3_receive_input_gateway]: gateway calibrated=yes frame_age=3.1ms frames=65702 ball=0 base_poses=58851 invalid=0 station_ok=no
[INFO] [1787109072.694445532] [a3_receive_input_gateway]: gateway calibrated=yes frame_age=3.4ms frames=66002 ball=0 base_poses=59151 invalid=0 station_ok=no
[INFO] [1787109073.694440712] [a3_receive_input_gateway]: gateway calibrated=yes frame_age=3.4ms frames=66302 ball=0 base_poses=59451 invalid=0 station_ok=no
[INFO] [1787109074.694404117] [a3_receive_input_gateway]: gateway calibrated=yes frame_age=3.5ms frames=66602 ball=0 base_poses=59751 invalid=0 station_ok=no
[INFO] [1787109075.694455170] [a3_receive_input_gateway]: gateway calibrated=yes frame_age=3.5ms frames=66902 ball=0 base_poses=60051 invalid=0 station_ok=no
[INFO] [1787109076.694497496] [a3_receive_input_gateway]: gateway calibrated=yes frame_age=3.8ms frames=67202 ball=0 base_poses=60351 invalid=0 station_ok=no
[INFO] [1787109077.694420410] [a3_receive_input_gateway]: gateway calibrated=yes frame_age=3.5ms frames=67502 ball=0 base_poses=60651 invalid=0 station_ok=no
[INFO] [1787109078.694475618] [a3_receive_input_gateway]: gateway calibrated=yes frame_age=3.5ms frames=67802 ball=0 base_poses=60951 invalid=0 station_ok=no
[INFO] [1787109079.694522416] [a3_receive_input_gateway]: gateway calibrated=yes frame_age=3.7ms frames=68102 ball=0 base_poses=61251 invalid=0 station_ok=no
[INFO] [1787109080.694785681] [a3_receive_input_gateway]: gateway calibrated=yes frame_age=1.9ms frames=68402 ball=0 base_poses=61551 invalid=0 station_ok=no
[INFO] [1787109081.694494298] [a3_receive_input_gateway]: gateway calibrated=yes frame_age=3.8ms frames=68702 ball=0 base_poses=61851 invalid=0 station_ok=no
[INFO] [1787109082.694398391] [a3_receive_input_gateway]: gateway calibrated=yes frame_age=3.9ms frames=69002 ball=0 base_poses=62151 invalid=0 station_ok=no
[INFO] [1787109083.694643426] [a3_receive_input_gateway]: gateway calibrated=yes frame_age=3.9ms frames=69302 ball=0 base_poses=62451 invalid=0 station_ok=no
[INFO] [1787109084.694570591] [a3_receive_input_gateway]: gateway calibrated=yes frame_age=3.8ms frames=69602 ball=0 base_poses=62751 invalid=0 station_ok=no
[INFO] [1787109085.694550669] [a3_receive_input_gateway]: gateway calibrated=yes frame_age=4.1ms frames=69902 ball=0 base_poses=63051 invalid=0 station_ok=no
[INFO] [1787109086.694679393] [a3_receive_input_gateway]: gateway calibrated=yes frame_age=0.2ms frames=70203 ball=0 base_poses=63352 invalid=0 station_ok=no
[INFO] [1787109087.694410329] [a3_receive_input_gateway]: gateway calibrated=yes frame_age=1.9ms frames=70502 ball=0 base_poses=63651 invalid=0 station_ok=no
[INFO] [1787109088.694496452] [a3_receive_input_gateway]: gateway calibrated=yes frame_age=2.1ms frames=70802 ball=0 base_poses=63951 invalid=0 station_ok=no
[INFO] [1787109089.694600712] [a3_receive_input_gateway]: gateway calibrated=yes frame_age=0.2ms frames=71103 ball=0 base_poses=64252 invalid=0 station_ok=no
[INFO] [1787109090.694590812] [a3_receive_input_gateway]: gateway calibrated=yes frame_age=0.2ms frames=71403 ball=0 base_poses=64552 invalid=0 station_ok=no
[INFO] [1787109091.694506130] [a3_receive_input_gateway]: gateway calibrated=yes frame_age=0.2ms frames=71702 ball=0 base_poses=64851 invalid=0 station_ok=no
[INFO] [1787109092.694391052] [a3_receive_input_gateway]: gateway calibrated=yes frame_age=0.2ms frames=72003 ball=0 base_poses=65151 invalid=0 station_ok=no
[INFO] [1787109093.694374758] [a3_receive_input_gateway]: gateway calibrated=yes frame_age=0.4ms frames=72303 ball=0 base_poses=65451 invalid=0 station_ok=no
[INFO] [1787109094.694382208] [a3_receive_input_gateway]: gateway calibrated=yes frame_age=0.4ms frames=72603 ball=0 base_poses=65751 invalid=0 station_ok=no
[INFO] [1787109095.694496995] [a3_receive_input_gateway]: gateway calibrated=yes frame_age=0.4ms frames=72903 ball=0 base_poses=66051 invalid=0 station_ok=no
[INFO] [1787109096.694403206] [a3_receive_input_gateway]: gateway calibrated=yes frame_age=0.4ms frames=73203 ball=0 base_poses=66351 invalid=0 station_ok=no
[INFO] [1787109097.694329140] [a3_receive_input_gateway]: gateway calibrated=yes frame_age=0.2ms frames=73503 ball=0 base_poses=66651 invalid=0 station_ok=no
[INFO] [1787109098.694388730] [a3_receive_input_gateway]: gateway calibrated=yes frame_age=0.2ms frames=73803 ball=0 base_poses=66951 invalid=0 station_ok=no
[INFO] [1787109099.694475479] [a3_receive_input_gateway]: gateway calibrated=yes frame_age=4.6ms frames=74102 ball=0 base_poses=67250 invalid=0 station_ok=no
[INFO] [1787109100.694369652] [a3_receive_input_gateway]: gateway calibrated=yes frame_age=0.6ms frames=74403 ball=0 base_poses=67551 invalid=0 station_ok=no
[INFO] [1787109101.694386832] [a3_receive_input_gateway]: gateway calibrated=yes frame_age=0.5ms frames=74703 ball=0 base_poses=67851 invalid=0 station_ok=no
[INFO] [1787109102.694370223] [a3_receive_input_gateway]: gateway calibrated=yes frame_age=0.4ms frames=75003 ball=0 base_poses=68151 invalid=0 station_ok=no
[INFO] [1787109103.694384431] [a3_receive_input_gateway]: gateway calibrated=yes frame_age=0.6ms frames=75302 ball=0 base_poses=68450 invalid=0 station_ok=no
[INFO] [1787109104.694430511] [a3_receive_input_gateway]: gateway calibrated=yes frame_age=0.4ms frames=75603 ball=0 base_poses=68751 invalid=0 station_ok=no
[INFO] [1787109105.694381459] [a3_receive_input_gateway]: gateway calibrated=yes frame_age=0.7ms frames=75903 ball=0 base_poses=69051 invalid=0 station_ok=no
[INFO] [1787109106.694552057] [a3_receive_input_gateway]: gateway calibrated=yes frame_age=1.1ms frames=76203 ball=0 base_poses=69351 invalid=0 station_ok=no
[INFO] [1787109107.694384088] [a3_receive_input_gateway]: gateway calibrated=yes frame_age=1.0ms frames=76503 ball=0 base_poses=69651 invalid=0 station_ok=no
[INFO] [1787109108.694385564] [a3_receive_input_gateway]: gateway calibrated=yes frame_age=0.9ms frames=76803 ball=0 base_poses=69951 invalid=0 station_ok=no
[INFO] [1787109109.694453636] [a3_receive_input_gateway]: gateway calibrated=yes frame_age=0.9ms frames=77102 ball=0 base_poses=70250 invalid=0 station_ok=no
[INFO] [1787109110.694671103] [a3_receive_input_gateway]: gateway calibrated=yes frame_age=5.1ms frames=77402 ball=0 base_poses=70550 invalid=0 station_ok=no
[INFO] [1787109111.694525296] [a3_receive_input_gateway]: gateway calibrated=yes frame_age=0.9ms frames=77703 ball=0 base_poses=70851 invalid=0 station_ok=no
[INFO] [1787109112.694570216] [a3_receive_input_gateway]: gateway calibrated=yes frame_age=1.1ms frames=78003 ball=0 base_poses=71151 invalid=0 station_ok=no
[INFO] [1787109113.694429667] [a3_receive_input_gateway]: gateway calibrated=yes frame_age=0.9ms frames=78303 ball=0 base_poses=71451 invalid=0 station_ok=no
[INFO] [1787109114.694913794] [a3_receive_input_gateway]: gateway calibrated=yes frame_age=1.2ms frames=78602 ball=0 base_poses=71750 invalid=0 station_ok=no
[INFO] [1787109115.694411639] [a3_receive_input_gateway]: gateway calibrated=yes frame_age=7.1ms frames=78901 ball=0 base_poses=72049 invalid=0 station_ok=no
[INFO] [1787109116.695013184] [a3_receive_input_gateway]: gateway calibrated=yes frame_age=3.7ms frames=79202 ball=0 base_poses=72350 invalid=0 station_ok=no
[INFO] [1787109117.694421297] [a3_receive_input_gateway]: gateway calibrated=yes frame_age=1.4ms frames=79503 ball=0 base_poses=72651 invalid=0 station_ok=no
[INFO] [1787109118.694540001] [a3_receive_input_gateway]: gateway calibrated=yes frame_age=3.4ms frames=79802 ball=0 base_poses=72950 invalid=0 station_ok=no
[INFO] [1787109119.694480584] [a3_receive_input_gateway]: gateway calibrated=yes frame_age=1.5ms frames=80102 ball=0 base_poses=73250 invalid=0 station_ok=no
[INFO] [1787109120.694431505] [a3_receive_input_gateway]: gateway calibrated=yes frame_age=1.2ms frames=80402 ball=0 base_poses=73550 invalid=0 station_ok=no
[INFO] [1787109121.694524214] [a3_receive_input_gateway]: gateway calibrated=yes frame_age=3.5ms frames=80702 ball=0 base_poses=73850 invalid=0 station_ok=no
[INFO] [1787109122.694716677] [a3_receive_input_gateway]: gateway calibrated=yes frame_age=3.7ms frames=81002 ball=0 base_poses=74150 invalid=0 station_ok=no
[INFO] [1787109123.694486770] [a3_receive_input_gateway]: gateway calibrated=yes frame_age=1.8ms frames=81303 ball=0 base_poses=74451 invalid=0 station_ok=no
[INFO] [1787109124.694427504] [a3_receive_input_gateway]: gateway calibrated=yes frame_age=3.5ms frames=81602 ball=0 base_poses=74750 invalid=0 station_ok=no
[INFO] [1787109125.694585768] [a3_receive_input_gateway]: gateway calibrated=yes frame_age=3.4ms frames=81902 ball=0 base_poses=75050 invalid=0 station_ok=no
[INFO] [1787109126.694509029] [a3_receive_input_gateway]: gateway calibrated=yes frame_age=3.9ms frames=82202 ball=0 base_poses=75350 invalid=0 station_ok=no
[INFO] [1787109127.694434289] [a3_receive_input_gateway]: gateway calibrated=yes frame_age=3.5ms frames=82502 ball=0 base_poses=75650 invalid=0 station_ok=no
[INFO] [1787109128.694520087] [a3_receive_input_gateway]: gateway calibrated=yes frame_age=3.8ms frames=82802 ball=0 base_poses=75950 invalid=0 station_ok=no
[INFO] [1787109129.694493308] [a3_receive_input_gateway]: gateway calibrated=yes frame_age=3.6ms frames=83102 ball=0 base_poses=76250 invalid=0 station_ok=no
[INFO] [1787109130.694426424] [a3_receive_input_gateway]: gateway calibrated=yes frame_age=1.6ms frames=83403 ball=0 base_poses=76551 invalid=0 station_ok=no
[INFO] [1787109131.694437136] [a3_receive_input_gateway]: gateway calibrated=yes frame_age=1.9ms frames=83703 ball=0 base_poses=76851 invalid=0 station_ok=no
[INFO] [1787109132.695330618] [a3_receive_input_gateway]: gateway calibrated=yes frame_age=0.4ms frames=84003 ball=0 base_poses=77151 invalid=0 station_ok=no
[INFO] [1787109133.694659853] [a3_receive_input_gateway]: gateway calibrated=yes frame_age=0.2ms frames=84303 ball=0 base_poses=77451 invalid=0 station_ok=no
[INFO] [1787109134.694613096] [a3_receive_input_gateway]: gateway calibrated=yes frame_age=0.2ms frames=84603 ball=0 base_poses=77751 invalid=0 station_ok=no
[INFO] [1787109135.694403804] [a3_receive_input_gateway]: gateway calibrated=yes frame_age=0.2ms frames=84903 ball=0 base_poses=78051 invalid=0 station_ok=no
[INFO] [1787109136.694669385] [a3_receive_input_gateway]: gateway calibrated=yes frame_age=0.2ms frames=85203 ball=0 base_poses=78351 invalid=0 station_ok=no
[INFO] [1787109137.694488310] [a3_receive_input_gateway]: gateway calibrated=yes frame_age=0.2ms frames=85503 ball=0 base_poses=78651 invalid=0 station_ok=no
[INFO] [1787109138.694444391] [a3_receive_input_gateway]: gateway calibrated=yes frame_age=4.2ms frames=85802 ball=0 base_poses=78950 invalid=0 station_ok=no
[INFO] [1787109139.694393180] [a3_receive_input_gateway]: gateway calibrated=yes frame_age=0.2ms frames=86103 ball=0 base_poses=79251 invalid=0 station_ok=no
[INFO] [1787109140.694722179] [a3_receive_input_gateway]: gateway calibrated=yes frame_age=0.4ms frames=86403 ball=0 base_poses=79551 invalid=0 station_ok=no
[INFO] [1787109141.694388063] [a3_receive_input_gateway]: gateway calibrated=yes frame_age=0.4ms frames=86703 ball=0 base_poses=79851 invalid=0 station_ok=no
[INFO] [1787109142.694386837] [a3_receive_input_gateway]: gateway calibrated=yes frame_age=0.5ms frames=87003 ball=0 base_poses=80151 invalid=0 station_ok=no
[INFO] [1787109143.694468392] [a3_receive_input_gateway]: gateway calibrated=yes frame_age=0.4ms frames=87303 ball=0 base_poses=80451 invalid=0 station_ok=no
[INFO] [1787109144.694399433] [a3_receive_input_gateway]: gateway calibrated=yes frame_age=0.4ms frames=87603 ball=0 base_poses=80751 invalid=0 station_ok=no
[INFO] [1787109145.694378543] [a3_receive_input_gateway]: gateway calibrated=yes frame_age=0.5ms frames=87903 ball=0 base_poses=81051 invalid=0 station_ok=no
[INFO] [1787109146.694694361] [a3_receive_input_gateway]: gateway calibrated=yes frame_age=0.4ms frames=88203 ball=0 base_poses=81351 invalid=0 station_ok=no
[INFO] [1787109147.694384368] [a3_receive_input_gateway]: gateway calibrated=yes frame_age=0.7ms frames=88503 ball=0 base_poses=81651 invalid=0 station_ok=no
[INFO] [1787109148.694395531] [a3_receive_input_gateway]: gateway calibrated=yes frame_age=0.5ms frames=88803 ball=0 base_poses=81951 invalid=0 station_ok=no
[INFO] [1787109149.694400984] [a3_receive_input_gateway]: gateway calibrated=yes frame_age=0.6ms frames=89103 ball=0 base_poses=82251 invalid=0 station_ok=no
[INFO] [1787109150.694399191] [a3_receive_input_gateway]: gateway calibrated=yes frame_age=0.8ms frames=89403 ball=0 base_poses=82551 invalid=0 station_ok=no
[INFO] [1787109151.694406752] [a3_receive_input_gateway]: gateway calibrated=yes frame_age=0.8ms frames=89703 ball=0 base_poses=82851 invalid=0 station_ok=no
[INFO] [1787109152.694450635] [a3_receive_input_gateway]: gateway calibrated=yes frame_age=0.8ms frames=90003 ball=0 base_poses=83151 invalid=0 station_ok=no
[INFO] [1787109153.694379509] [a3_receive_input_gateway]: gateway calibrated=yes frame_age=0.7ms frames=90303 ball=0 base_poses=83451 invalid=0 station_ok=no
[INFO] [1787109154.694589985] [a3_receive_input_gateway]: gateway calibrated=yes frame_age=0.8ms frames=90603 ball=0 base_poses=83751 invalid=0 station_ok=no
[INFO] [1787109155.694529189] [a3_receive_input_gateway]: gateway calibrated=yes frame_age=0.9ms frames=90903 ball=0 base_poses=84051 invalid=0 station_ok=no
[INFO] [1787109156.694397578] [a3_receive_input_gateway]: gateway calibrated=yes frame_age=0.7ms frames=91203 ball=0 base_poses=84351 invalid=0 station_ok=no
[INFO] [1787109157.694521252] [a3_receive_input_gateway]: gateway calibrated=yes frame_age=3.1ms frames=91502 ball=0 base_poses=84650 invalid=0 station_ok=no
[INFO] [1787109158.694845990] [a3_receive_input_gateway]: gateway calibrated=yes frame_age=1.2ms frames=91803 ball=0 base_poses=84951 invalid=0 station_ok=no
[INFO] [1787109159.694473135] [a3_receive_input_gateway]: gateway calibrated=yes frame_age=1.2ms frames=92103 ball=0 base_poses=85251 invalid=0 station_ok=no
[INFO] [1787109160.694500897] [a3_receive_input_gateway]: gateway calibrated=yes frame_age=1.3ms frames=92403 ball=0 base_poses=85551 invalid=0 station_ok=no
[INFO] [1787109161.694431906] [a3_receive_input_gateway]: gateway calibrated=yes frame_age=1.1ms frames=92703 ball=0 base_poses=85851 invalid=0 station_ok=no
[INFO] [1787109162.694450266] [a3_receive_input_gateway]: gateway calibrated=yes frame_age=1.1ms frames=93003 ball=0 base_poses=86151 invalid=0 station_ok=no
[INFO] [1787109163.694402753] [a3_receive_input_gateway]: gateway calibrated=yes frame_age=1.3ms frames=93303 ball=0 base_poses=86451 invalid=0 station_ok=no
[INFO] [1787109164.694395764] [a3_receive_input_gateway]: gateway calibrated=yes frame_age=1.4ms frames=93603 ball=0 base_poses=86751 invalid=0 station_ok=no
[INFO] [1787109165.694516537] [a3_receive_input_gateway]: gateway calibrated=yes frame_age=1.4ms frames=93903 ball=0 base_poses=87051 invalid=0 station_ok=no
[INFO] [1787109166.694467173] [a3_receive_input_gateway]: gateway calibrated=yes frame_age=1.5ms frames=94203 ball=0 base_poses=87351 invalid=0 station_ok=no
[INFO] [1787109167.694555921] [a3_receive_input_gateway]: gateway calibrated=yes frame_age=1.1ms frames=94503 ball=0 base_poses=87651 invalid=0 station_ok=no
[INFO] [1787109168.694461265] [a3_receive_input_gateway]: gateway calibrated=yes frame_age=1.5ms frames=94803 ball=0 base_poses=87951 invalid=0 station_ok=no
[INFO] [1787109169.694436874] [a3_receive_input_gateway]: gateway calibrated=yes frame_age=5.5ms frames=95102 ball=0 base_poses=88250 invalid=0 station_ok=no
[INFO] [1787109170.694585842] [a3_receive_input_gateway]: gateway calibrated=yes frame_age=1.8ms frames=95403 ball=0 base_poses=88551 invalid=0 station_ok=no
[INFO] [1787109171.694412616] [a3_receive_input_gateway]: gateway calibrated=yes frame_age=1.7ms frames=95703 ball=0 base_poses=88851 invalid=0 station_ok=no
[INFO] [1787109172.694644984] [a3_receive_input_gateway]: gateway calibrated=yes frame_age=1.1ms frames=96003 ball=0 base_poses=89151 invalid=0 station_ok=no
[INFO] [1787109173.694670249] [a3_receive_input_gateway]: gateway calibrated=yes frame_age=1.4ms frames=96303 ball=0 base_poses=89451 invalid=0 station_ok=no
[INFO] [1787109174.694504197] [a3_receive_input_gateway]: gateway calibrated=yes frame_age=1.7ms frames=96603 ball=0 base_poses=89751 invalid=0 station_ok=no
[INFO] [1787109175.694444456] [a3_receive_input_gateway]: gateway calibrated=yes frame_age=1.9ms frames=96903 ball=0 base_poses=90051 invalid=0 station_ok=no
[INFO] [1787109176.694418563] [a3_receive_input_gateway]: gateway calibrated=yes frame_age=1.8ms frames=97203 ball=0 base_poses=90351 invalid=0 station_ok=no
[INFO] [1787109177.694447110] [a3_receive_input_gateway]: gateway calibrated=yes frame_age=2.0ms frames=97503 ball=0 base_poses=90651 invalid=0 station_ok=no
[INFO] [1787109178.694405842] [a3_receive_input_gateway]: gateway calibrated=yes frame_age=2.0ms frames=97803 ball=0 base_poses=90951 invalid=0 station_ok=no
[INFO] [1787109179.694644592] [a3_receive_input_gateway]: gateway calibrated=yes frame_age=1.8ms frames=98103 ball=0 base_poses=91251 invalid=0 station_ok=no
[INFO] [1787109180.694433315] [a3_receive_input_gateway]: gateway calibrated=yes frame_age=2.2ms frames=98403 ball=0 base_poses=91551 invalid=0 station_ok=no
[INFO] [1787109181.694543704] [a3_receive_input_gateway]: gateway calibrated=yes frame_age=2.1ms frames=98703 ball=0 base_poses=91851 invalid=0 station_ok=no
[INFO] [1787109182.694488322] [a3_receive_input_gateway]: gateway calibrated=yes frame_age=2.2ms frames=99003 ball=0 base_poses=92151 invalid=0 station_ok=no
[INFO] [1787109183.694642426] [a3_receive_input_gateway]: gateway calibrated=yes frame_age=0.2ms frames=99303 ball=0 base_poses=92451 invalid=0 station_ok=no
[INFO] [1787109184.694527494] [a3_receive_input_gateway]: gateway calibrated=yes frame_age=2.2ms frames=99603 ball=0 base_poses=92751 invalid=0 station_ok=no
[INFO] [1787109185.694405625] [a3_receive_input_gateway]: gateway calibrated=yes frame_age=2.3ms frames=99903 ball=0 base_poses=93051 invalid=0 station_ok=no
[INFO] [1787109186.695019831] [a3_receive_input_gateway]: gateway calibrated=yes frame_age=2.9ms frames=100203 ball=0 base_poses=93351 invalid=0 station_ok=no
[INFO] [1787109187.694467980] [a3_receive_input_gateway]: gateway calibrated=yes frame_age=0.2ms frames=100503 ball=0 base_poses=93651 invalid=0 station_ok=no
[INFO] [1787109188.694388780] [a3_receive_input_gateway]: gateway calibrated=yes frame_age=2.0ms frames=100803 ball=0 base_poses=93951 invalid=0 station_ok=no
[INFO] [1787109189.694520941] [a3_receive_input_gateway]: gateway calibrated=yes frame_age=2.5ms frames=101103 ball=0 base_poses=94251 invalid=0 station_ok=no
[INFO] [1787109190.694418322] [a3_receive_input_gateway]: gateway calibrated=yes frame_age=2.3ms frames=101403 ball=0 base_poses=94551 invalid=0 station_ok=no
[INFO] [1787109191.694436365] [a3_receive_input_gateway]: gateway calibrated=yes frame_age=2.6ms frames=101703 ball=0 base_poses=94851 invalid=0 station_ok=no
[INFO] [1787109192.694923702] [a3_receive_input_gateway]: gateway calibrated=yes frame_age=1.0ms frames=102003 ball=0 base_poses=95151 invalid=0 station_ok=no
[INFO] [1787109193.694437588] [a3_receive_input_gateway]: gateway calibrated=yes frame_age=2.6ms frames=102303 ball=0 base_poses=95451 invalid=0 station_ok=no
[INFO] [1787109194.694514944] [a3_receive_input_gateway]: gateway calibrated=yes frame_age=2.6ms frames=102603 ball=0 base_poses=95751 invalid=0 station_ok=no
[INFO] [1787109195.694409780] [a3_receive_input_gateway]: gateway calibrated=yes frame_age=0.7ms frames=102903 ball=0 base_poses=96051 invalid=0 station_ok=no
[INFO] [1787109196.694446421] [a3_receive_input_gateway]: gateway calibrated=yes frame_age=2.4ms frames=103203 ball=0 base_poses=96351 invalid=0 station_ok=no
[INFO] [1787109197.694390404] [a3_receive_input_gateway]: gateway calibrated=yes frame_age=0.7ms frames=103503 ball=0 base_poses=96651 invalid=0 station_ok=no
[INFO] [1787109198.694385009] [a3_receive_input_gateway]: gateway calibrated=yes frame_age=0.4ms frames=103803 ball=0 base_poses=96951 invalid=0 station_ok=no
[INFO] [1787109199.694456245] [a3_receive_input_gateway]: gateway calibrated=yes frame_age=1.0ms frames=104103 ball=0 base_poses=97251 invalid=0 station_ok=no
[INFO] [1787109200.694539658] [a3_receive_input_gateway]: gateway calibrated=yes frame_age=1.5ms frames=104403 ball=0 base_poses=97551 invalid=0 station_ok=no
[INFO] [1787109201.694500830] [a3_receive_input_gateway]: gateway calibrated=yes frame_age=1.0ms frames=104703 ball=0 base_poses=97851 invalid=0 station_ok=no
[INFO] [1787109202.694536176] [a3_receive_input_gateway]: gateway calibrated=yes frame_age=0.9ms frames=105003 ball=0 base_poses=98151 invalid=0 station_ok=no
[INFO] [1787109203.694386556] [a3_receive_input_gateway]: gateway calibrated=yes frame_age=1.0ms frames=105303 ball=0 base_poses=98451 invalid=0 station_ok=no
[INFO] [1787109204.694403412] [a3_receive_input_gateway]: gateway calibrated=yes frame_age=3.1ms frames=105603 ball=0 base_poses=98751 invalid=0 station_ok=no
[INFO] [1787109205.694391436] [a3_receive_input_gateway]: gateway calibrated=yes frame_age=0.9ms frames=105903 ball=0 base_poses=99051 invalid=0 station_ok=no
[INFO] [1787109206.694392058] [a3_receive_input_gateway]: gateway calibrated=yes frame_age=0.7ms frames=106203 ball=0 base_poses=99351 invalid=0 station_ok=no
[INFO] [1787109207.694509331] [a3_receive_input_gateway]: gateway calibrated=yes frame_age=1.2ms frames=106503 ball=0 base_poses=99651 invalid=0 station_ok=no
[INFO] [1787109208.695278051] [a3_receive_input_gateway]: gateway calibrated=yes frame_age=1.1ms frames=106803 ball=0 base_poses=99951 invalid=0 station_ok=no
[INFO] [1787109209.694435826] [a3_receive_input_gateway]: gateway calibrated=yes frame_age=1.4ms frames=107103 ball=0 base_poses=100251 invalid=0 station_ok=no
[INFO] [1787109210.694636093] [a3_receive_input_gateway]: gateway calibrated=yes frame_age=1.1ms frames=107403 ball=0 base_poses=100551 invalid=0 station_ok=no
[INFO] [1787109211.694392195] [a3_receive_input_gateway]: gateway calibrated=yes frame_age=1.4ms frames=107703 ball=0 base_poses=100851 invalid=0 station_ok=no
[INFO] [1787109212.694417337] [a3_receive_input_gateway]: gateway calibrated=yes frame_age=1.4ms frames=108003 ball=0 base_poses=101151 invalid=0 station_ok=no
[INFO] [1787109213.694408846] [a3_receive_input_gateway]: gateway calibrated=yes frame_age=1.5ms frames=108303 ball=0 base_poses=101451 invalid=0 station_ok=no
[INFO] [1787109214.694416923] [a3_receive_input_gateway]: gateway calibrated=yes frame_age=1.6ms frames=108603 ball=0 base_poses=101751 invalid=0 station_ok=no
[INFO] [1787109215.694520788] [a3_receive_input_gateway]: gateway calibrated=yes frame_age=1.7ms frames=108903 ball=0 base_poses=102051 invalid=0 station_ok=no
[INFO] [1787109216.694602238] [a3_receive_input_gateway]: gateway calibrated=yes frame_age=1.7ms frames=109203 ball=0 base_poses=102351 invalid=0 station_ok=no
[INFO] [1787109217.694485271] [a3_receive_input_gateway]: gateway calibrated=yes frame_age=1.7ms frames=109503 ball=0 base_poses=102651 invalid=0 station_ok=no
[INFO] [1787109218.694673564] [a3_receive_input_gateway]: gateway calibrated=yes frame_age=1.4ms frames=109803 ball=0 base_poses=102951 invalid=0 station_ok=no
[INFO] [1787109219.694580299] [a3_receive_input_gateway]: gateway calibrated=yes frame_age=1.5ms frames=110103 ball=0 base_poses=103251 invalid=0 station_ok=no
[INFO] [1787109220.694438334] [a3_receive_input_gateway]: gateway calibrated=yes frame_age=1.7ms frames=110403 ball=0 base_poses=103551 invalid=0 station_ok=no
[INFO] [1787109221.694512251] [a3_receive_input_gateway]: gateway calibrated=yes frame_age=2.0ms frames=110703 ball=0 base_poses=103851 invalid=0 station_ok=no
[INFO] [1787109222.694482453] [a3_receive_input_gateway]: gateway calibrated=yes frame_age=1.9ms frames=111003 ball=0 base_poses=104151 invalid=0 station_ok=no
[INFO] [1787109223.694433294] [a3_receive_input_gateway]: gateway calibrated=yes frame_age=1.8ms frames=111303 ball=0 base_poses=104451 invalid=0 station_ok=no
[INFO] [1787109224.694625058] [a3_receive_input_gateway]: gateway calibrated=yes frame_age=1.7ms frames=111603 ball=0 base_poses=104751 invalid=0 station_ok=no
[INFO] [1787109225.694559865] [a3_receive_input_gateway]: gateway calibrated=yes frame_age=1.7ms frames=111903 ball=0 base_poses=105051 invalid=0 station_ok=no
[INFO] [1787109226.696080488] [a3_receive_input_gateway]: gateway calibrated=yes frame_age=0.6ms frames=112204 ball=0 base_poses=105352 invalid=0 station_ok=no
[INFO] [1787109227.694447731] [a3_receive_input_gateway]: gateway calibrated=yes frame_age=2.1ms frames=112503 ball=0 base_poses=105651 invalid=0 station_ok=no
[INFO] [1787109228.694523452] [a3_receive_input_gateway]: gateway calibrated=yes frame_age=0.2ms frames=112804 ball=0 base_poses=105952 invalid=0 station_ok=no
[INFO] [1787109229.694454490] [a3_receive_input_gateway]: gateway calibrated=yes frame_age=0.2ms frames=113104 ball=0 base_poses=106252 invalid=0 station_ok=no
[INFO] [1787109230.694589813] [a3_receive_input_gateway]: gateway calibrated=yes frame_age=2.1ms frames=113403 ball=0 base_poses=106551 invalid=0 station_ok=no
[INFO] [1787109231.694461126] [a3_receive_input_gateway]: gateway calibrated=yes frame_age=2.2ms frames=113703 ball=0 base_poses=106851 invalid=0 station_ok=no
[INFO] [1787109232.694526408] [a3_receive_input_gateway]: gateway calibrated=yes frame_age=2.3ms frames=114003 ball=0 base_poses=107151 invalid=0 station_ok=no
[INFO] [1787109233.694395433] [a3_receive_input_gateway]: gateway calibrated=yes frame_age=2.3ms frames=114303 ball=0 base_poses=107451 invalid=0 station_ok=no
[INFO] [1787109234.694453151] [a3_receive_input_gateway]: gateway calibrated=yes frame_age=2.3ms frames=114603 ball=0 base_poses=107751 invalid=0 station_ok=no
[INFO] [1787109235.694431046] [a3_receive_input_gateway]: gateway calibrated=yes frame_age=2.5ms frames=114903 ball=0 base_poses=108051 invalid=0 station_ok=no
[INFO] [1787109236.694383893] [a3_receive_input_gateway]: gateway calibrated=yes frame_age=0.4ms frames=115203 ball=0 base_poses=108351 invalid=0 station_ok=no
[INFO] [1787109237.694420818] [a3_receive_input_gateway]: gateway calibrated=yes frame_age=2.5ms frames=115503 ball=0 base_poses=108651 invalid=0 station_ok=no
[INFO] [1787109238.694387408] [a3_receive_input_gateway]: gateway calibrated=yes frame_age=0.4ms frames=115803 ball=0 base_poses=108951 invalid=0 station_ok=no
[INFO] [1787109239.694417476] [a3_receive_input_gateway]: gateway calibrated=yes frame_age=0.6ms frames=116103 ball=0 base_poses=109251 invalid=0 station_ok=no
[INFO] [1787109240.694406640] [a3_receive_input_gateway]: gateway calibrated=yes frame_age=0.4ms frames=116403 ball=0 base_poses=109551 invalid=0 station_ok=no
[INFO] [1787109241.694519649] [a3_receive_input_gateway]: gateway calibrated=yes frame_age=2.6ms frames=116703 ball=0 base_poses=109851 invalid=0 station_ok=no
[INFO] [1787109242.694419481] [a3_receive_input_gateway]: gateway calibrated=yes frame_age=2.7ms frames=117003 ball=0 base_poses=110151 invalid=0 station_ok=no
[INFO] [1787109243.694427768] [a3_receive_input_gateway]: gateway calibrated=yes frame_age=2.7ms frames=117303 ball=0 base_poses=110451 invalid=0 station_ok=no
[INFO] [1787109244.694533876] [a3_receive_input_gateway]: gateway calibrated=yes frame_age=0.4ms frames=117603 ball=0 base_poses=110751 invalid=0 station_ok=no
[INFO] [1787109245.694438440] [a3_receive_input_gateway]: gateway calibrated=yes frame_age=0.8ms frames=117903 ball=0 base_poses=111051 invalid=0 station_ok=no
[INFO] [1787109246.694426857] [a3_receive_input_gateway]: gateway calibrated=yes frame_age=2.8ms frames=118203 ball=0 base_poses=111351 invalid=0 station_ok=no
[INFO] [1787109247.694394982] [a3_receive_input_gateway]: gateway calibrated=yes frame_age=2.9ms frames=118503 ball=0 base_poses=111651 invalid=0 station_ok=no
[INFO] [1787109248.694459095] [a3_receive_input_gateway]: gateway calibrated=yes frame_age=3.0ms frames=118803 ball=0 base_poses=111951 invalid=0 station_ok=no
[INFO] [1787109249.694509174] [a3_receive_input_gateway]: gateway calibrated=yes frame_age=3.0ms frames=119103 ball=0 base_poses=112251 invalid=0 station_ok=no
[INFO] [1787109250.694493279] [a3_receive_input_gateway]: gateway calibrated=yes frame_age=3.1ms frames=119403 ball=0 base_poses=112551 invalid=0 station_ok=no
[INFO] [1787109251.694450221] [a3_receive_input_gateway]: gateway calibrated=yes frame_age=2.9ms frames=119703 ball=0 base_poses=112851 invalid=0 station_ok=no
[INFO] [1787109252.694432300] [a3_receive_input_gateway]: gateway calibrated=yes frame_age=3.0ms frames=120003 ball=0 base_poses=113151 invalid=0 station_ok=no
[INFO] [1787109253.694516514] [a3_receive_input_gateway]: gateway calibrated=yes frame_age=3.1ms frames=120303 ball=0 base_poses=113451 invalid=0 station_ok=no
[INFO] [1787109254.694422492] [a3_receive_input_gateway]: gateway calibrated=yes frame_age=3.3ms frames=120603 ball=0 base_poses=113751 invalid=0 station_ok=no
[INFO] [1787109255.694395923] [a3_receive_input_gateway]: gateway calibrated=yes frame_age=3.2ms frames=120903 ball=0 base_poses=114051 invalid=0 station_ok=no
[INFO] [1787109256.694545208] [a3_receive_input_gateway]: gateway calibrated=yes frame_age=3.3ms frames=121203 ball=0 base_poses=114351 invalid=0 station_ok=no
[INFO] [1787109257.694482520] [a3_receive_input_gateway]: gateway calibrated=yes frame_age=3.3ms frames=121503 ball=0 base_poses=114651 invalid=0 station_ok=no
[INFO] [1787109258.694468195] [a3_receive_input_gateway]: gateway calibrated=yes frame_age=3.5ms frames=121803 ball=0 base_poses=114951 invalid=0 station_ok=no
[INFO] [1787109259.694453308] [a3_receive_input_gateway]: gateway calibrated=yes frame_age=3.5ms frames=122103 ball=0 base_poses=115251 invalid=0 station_ok=no
[INFO] [1787109260.694591117] [a3_receive_input_gateway]: gateway calibrated=yes frame_age=3.5ms frames=122403 ball=0 base_poses=115551 invalid=0 station_ok=no
[INFO] [1787109261.694423055] [a3_receive_input_gateway]: gateway calibrated=yes frame_age=3.5ms frames=122703 ball=0 base_poses=115851 invalid=0 station_ok=no
[INFO] [1787109262.694496889] [a3_receive_input_gateway]: gateway calibrated=yes frame_age=3.5ms frames=123003 ball=0 base_poses=116151 invalid=0 station_ok=no
[INFO] [1787109263.694443149] [a3_receive_input_gateway]: gateway calibrated=yes frame_age=1.7ms frames=123303 ball=0 base_poses=116451 invalid=0 station_ok=no
[INFO] [1787109264.694435390] [a3_receive_input_gateway]: gateway calibrated=yes frame_age=3.6ms frames=123603 ball=0 base_poses=116751 invalid=0 station_ok=no
[INFO] [1787109265.694390926] [a3_receive_input_gateway]: gateway calibrated=yes frame_age=3.6ms frames=123903 ball=0 base_poses=117051 invalid=0 station_ok=no
[INFO] [1787109266.694435377] [a3_receive_input_gateway]: gateway calibrated=yes frame_age=3.6ms frames=124203 ball=0 base_poses=117351 invalid=0 station_ok=no
[INFO] [1787109267.694409090] [a3_receive_input_gateway]: gateway calibrated=yes frame_age=3.8ms frames=124503 ball=0 base_poses=117651 invalid=0 station_ok=no
[INFO] [1787109268.694606409] [a3_receive_input_gateway]: gateway calibrated=yes frame_age=3.7ms frames=124803 ball=0 base_poses=117951 invalid=0 station_ok=no
[INFO] [1787109269.694524920] [a3_receive_input_gateway]: gateway calibrated=yes frame_age=0.1ms frames=125104 ball=0 base_poses=118252 invalid=0 station_ok=no
[INFO] [1787109270.694415059] [a3_receive_input_gateway]: gateway calibrated=yes frame_age=3.7ms frames=125403 ball=0 base_poses=118551 invalid=0 station_ok=no
[INFO] [1787109271.694377861] [a3_receive_input_gateway]: gateway calibrated=yes frame_age=3.8ms frames=125703 ball=0 base_poses=118851 invalid=0 station_ok=no
[INFO] [1787109272.694404471] [a3_receive_input_gateway]: gateway calibrated=yes frame_age=3.9ms frames=126003 ball=0 base_poses=119151 invalid=0 station_ok=no
[INFO] [1787109273.694467667] [a3_receive_input_gateway]: gateway calibrated=yes frame_age=4.1ms frames=126303 ball=0 base_poses=119451 invalid=0 station_ok=no
[INFO] [1787109274.694798117] [a3_receive_input_gateway]: gateway calibrated=yes frame_age=0.5ms frames=126604 ball=0 base_poses=119752 invalid=0 station_ok=no
[INFO] [1787109275.694545787] [a3_receive_input_gateway]: gateway calibrated=yes frame_age=0.4ms frames=126904 ball=0 base_poses=120052 invalid=0 station_ok=no
[INFO] [1787109276.694334254] [a3_receive_input_gateway]: gateway calibrated=yes frame_age=0.2ms frames=127204 ball=0 base_poses=120352 invalid=0 station_ok=no
[INFO] [1787109277.694442179] [a3_receive_input_gateway]: gateway calibrated=yes frame_age=0.2ms frames=127504 ball=0 base_poses=120652 invalid=0 station_ok=no
[INFO] [1787109278.694468014] [a3_receive_input_gateway]: gateway calibrated=yes frame_age=0.2ms frames=127804 ball=0 base_poses=120952 invalid=0 station_ok=no
[INFO] [1787109279.694398231] [a3_receive_input_gateway]: gateway calibrated=yes frame_age=0.2ms frames=128104 ball=0 base_poses=121252 invalid=0 station_ok=no
[INFO] [1787109280.694595372] [a3_receive_input_gateway]: gateway calibrated=yes frame_age=0.2ms frames=128404 ball=0 base_poses=121552 invalid=0 station_ok=no
[INFO] [1787109281.694405529] [a3_receive_input_gateway]: gateway calibrated=yes frame_age=2.3ms frames=128703 ball=0 base_poses=121851 invalid=0 station_ok=no
[INFO] [1787109282.694527936] [a3_receive_input_gateway]: gateway calibrated=yes frame_age=2.4ms frames=129003 ball=0 base_poses=122151 invalid=0 station_ok=no
[INFO] [1787109283.694447472] [a3_receive_input_gateway]: gateway calibrated=yes frame_age=0.5ms frames=129304 ball=0 base_poses=122452 invalid=0 station_ok=no
[INFO] [1787109284.694447083] [a3_receive_input_gateway]: gateway calibrated=yes frame_age=0.5ms frames=129604 ball=0 base_poses=122752 invalid=0 station_ok=no
[INFO] [1787109285.694455321] [a3_receive_input_gateway]: gateway calibrated=yes frame_age=0.5ms frames=129904 ball=0 base_poses=123052 invalid=0 station_ok=no
[INFO] [1787109286.694385280] [a3_receive_input_gateway]: gateway calibrated=yes frame_age=0.4ms frames=130204 ball=0 base_poses=123352 invalid=0 station_ok=no
[INFO] [1787109287.694387076] [a3_receive_input_gateway]: gateway calibrated=yes frame_age=0.5ms frames=130504 ball=0 base_poses=123652 invalid=0 station_ok=no
[INFO] [1787109288.694830624] [a3_receive_input_gateway]: gateway calibrated=yes frame_age=1.1ms frames=130804 ball=0 base_poses=123952 invalid=0 station_ok=no
[INFO] [1787109289.694404843] [a3_receive_input_gateway]: gateway calibrated=yes frame_age=0.8ms frames=131104 ball=0 base_poses=124252 invalid=0 station_ok=no
[INFO] [1787109290.694457920] [a3_receive_input_gateway]: gateway calibrated=yes frame_age=0.8ms frames=131404 ball=0 base_poses=124552 invalid=0 station_ok=no
[INFO] [1787109291.694485304] [a3_receive_input_gateway]: gateway calibrated=yes frame_age=0.7ms frames=131704 ball=0 base_poses=124852 invalid=0 station_ok=no
[INFO] [1787109292.694458851] [a3_receive_input_gateway]: gateway calibrated=yes frame_age=2.8ms frames=132003 ball=0 base_poses=125151 invalid=0 station_ok=no
[INFO] [1787109293.694488040] [a3_receive_input_gateway]: gateway calibrated=yes frame_age=2.4ms frames=132303 ball=0 base_poses=125451 invalid=0 station_ok=no
[INFO] [1787109294.694494834] [a3_receive_input_gateway]: gateway calibrated=yes frame_age=3.1ms frames=132603 ball=0 base_poses=125751 invalid=0 station_ok=no
[INFO] [1787109295.694517163] [a3_receive_input_gateway]: gateway calibrated=yes frame_age=3.0ms frames=132903 ball=0 base_poses=126051 invalid=0 station_ok=no
[INFO] [1787109296.694492524] [a3_receive_input_gateway]: gateway calibrated=yes frame_age=3.0ms frames=133203 ball=0 base_poses=126351 invalid=0 station_ok=no
[INFO] [1787109297.694436575] [a3_receive_input_gateway]: gateway calibrated=yes frame_age=1.1ms frames=133504 ball=0 base_poses=126652 invalid=0 station_ok=no
[INFO] [1787109298.694499422] [a3_receive_input_gateway]: gateway calibrated=yes frame_age=3.1ms frames=133803 ball=0 base_poses=126951 invalid=0 station_ok=no
[INFO] [1787109299.694415312] [a3_receive_input_gateway]: gateway calibrated=yes frame_age=3.0ms frames=134103 ball=0 base_poses=127251 invalid=0 station_ok=no
[INFO] [1787109300.694442443] [a3_receive_input_gateway]: gateway calibrated=yes frame_age=2.2ms frames=134403 ball=0 base_poses=127551 invalid=0 station_ok=no
[INFO] [1787109301.694512788] [a3_receive_input_gateway]: gateway calibrated=yes frame_age=3.3ms frames=134703 ball=0 base_poses=127851 invalid=0 station_ok=no
[INFO] [1787109302.694425923] [a3_receive_input_gateway]: gateway calibrated=yes frame_age=3.4ms frames=135003 ball=0 base_poses=128151 invalid=0 station_ok=no
[INFO] [1787109303.694493958] [a3_receive_input_gateway]: gateway calibrated=yes frame_age=3.1ms frames=135303 ball=0 base_poses=128451 invalid=0 station_ok=no
[INFO] [1787109304.694770716] [a3_receive_input_gateway]: gateway calibrated=yes frame_age=3.8ms frames=135603 ball=0 base_poses=128751 invalid=0 station_ok=no
[INFO] [1787109305.694441504] [a3_receive_input_gateway]: gateway calibrated=yes frame_age=1.2ms frames=135904 ball=0 base_poses=129052 invalid=0 station_ok=no
[INFO] [1787109306.694929238] [a3_receive_input_gateway]: gateway calibrated=yes frame_age=3.6ms frames=136203 ball=0 base_poses=129351 invalid=0 station_ok=no
[INFO] [1787109307.694477879] [a3_receive_input_gateway]: gateway calibrated=yes frame_age=3.6ms frames=136503 ball=0 base_poses=129651 invalid=0 station_ok=no
[INFO] [1787109308.694653368] [a3_receive_input_gateway]: gateway calibrated=yes frame_age=3.6ms frames=136803 ball=0 base_poses=129951 invalid=0 station_ok=no
[INFO] [1787109309.694497936] [a3_receive_input_gateway]: gateway calibrated=yes frame_age=1.4ms frames=137104 ball=0 base_poses=130252 invalid=0 station_ok=no
[INFO] [1787109310.694506152] [a3_receive_input_gateway]: gateway calibrated=yes frame_age=3.7ms frames=137403 ball=0 base_poses=130551 invalid=0 station_ok=no
[INFO] [1787109311.694476143] [a3_receive_input_gateway]: gateway calibrated=yes frame_age=1.5ms frames=137703 ball=0 base_poses=130851 invalid=0 station_ok=no
[INFO] [1787109312.694377857] [a3_receive_input_gateway]: gateway calibrated=yes frame_age=1.0ms frames=138004 ball=0 base_poses=131152 invalid=0 station_ok=no
[INFO] [1787109313.694501477] [a3_receive_input_gateway]: gateway calibrated=yes frame_age=3.6ms frames=138303 ball=0 base_poses=131451 invalid=0 station_ok=no
[INFO] [1787109314.694406895] [a3_receive_input_gateway]: gateway calibrated=yes frame_age=3.7ms frames=138603 ball=0 base_poses=131751 invalid=0 station_ok=no
[INFO] [1787109315.694541839] [a3_receive_input_gateway]: gateway calibrated=yes frame_age=3.9ms frames=138903 ball=0 base_poses=132051 invalid=0 station_ok=no
[INFO] [1787109316.694531643] [a3_receive_input_gateway]: gateway calibrated=yes frame_age=3.8ms frames=139203 ball=0 base_poses=132351 invalid=0 station_ok=no
[INFO] [1787109317.694646955] [a3_receive_input_gateway]: gateway calibrated=yes frame_age=3.6ms frames=139503 ball=0 base_poses=132651 invalid=0 station_ok=no
[INFO] [1787109318.694449425] [a3_receive_input_gateway]: gateway calibrated=yes frame_age=3.3ms frames=139803 ball=0 base_poses=132951 invalid=0 station_ok=no
[INFO] [1787109319.694778862] [a3_receive_input_gateway]: gateway calibrated=yes frame_age=0.2ms frames=140104 ball=0 base_poses=133252 invalid=0 station_ok=no
[INFO] [1787109320.694696533] [a3_receive_input_gateway]: gateway calibrated=yes frame_age=4.0ms frames=140403 ball=0 base_poses=133551 invalid=0 station_ok=no
[INFO] [1787109321.694578918] [a3_receive_input_gateway]: gateway calibrated=yes frame_age=0.2ms frames=140704 ball=0 base_poses=133852 invalid=0 station_ok=no
[INFO] [1787109322.694674733] [a3_receive_input_gateway]: gateway calibrated=yes frame_age=0.3ms frames=141004 ball=0 base_poses=134152 invalid=0 station_ok=no
[INFO] [1787109323.694612208] [a3_receive_input_gateway]: gateway calibrated=yes frame_age=0.2ms frames=141304 ball=0 base_poses=134452 invalid=0 station_ok=no
[INFO] [1787109324.695331528] [a3_receive_input_gateway]: gateway calibrated=yes frame_age=0.4ms frames=141604 ball=0 base_poses=134752 invalid=0 station_ok=no
[INFO] [1787109325.695251754] [a3_receive_input_gateway]: gateway calibrated=yes frame_age=0.4ms frames=141904 ball=0 base_poses=135052 invalid=0 station_ok=no
[INFO] [1787109326.695076136] [a3_receive_input_gateway]: gateway calibrated=yes frame_age=1.0ms frames=142204 ball=0 base_poses=135352 invalid=0 station_ok=no
[INFO] [1787109327.694371714] [a3_receive_input_gateway]: gateway calibrated=yes frame_age=0.3ms frames=142504 ball=0 base_poses=135652 invalid=0 station_ok=no
[INFO] [1787109328.694377654] [a3_receive_input_gateway]: gateway calibrated=yes frame_age=0.3ms frames=142804 ball=0 base_poses=135952 invalid=0 station_ok=no
[INFO] [1787109329.694378709] [a3_receive_input_gateway]: gateway calibrated=yes frame_age=0.5ms frames=143104 ball=0 base_poses=136252 invalid=0 station_ok=no
[INFO] [1787109330.694390734] [a3_receive_input_gateway]: gateway calibrated=yes frame_age=0.4ms frames=143404 ball=0 base_poses=136552 invalid=0 station_ok=no
[INFO] [1787109331.694380961] [a3_receive_input_gateway]: gateway calibrated=yes frame_age=0.5ms frames=143704 ball=0 base_poses=136852 invalid=0 station_ok=no
[INFO] [1787109332.694758597] [a3_receive_input_gateway]: gateway calibrated=yes frame_age=1.0ms frames=144004 ball=0 base_poses=137152 invalid=0 station_ok=no
[INFO] [1787109333.694395441] [a3_receive_input_gateway]: gateway calibrated=yes frame_age=0.7ms frames=144304 ball=0 base_poses=137452 invalid=0 station_ok=no
[INFO] [1787109334.694799344] [a3_receive_input_gateway]: gateway calibrated=yes frame_age=1.0ms frames=144604 ball=0 base_poses=137752 invalid=0 station_ok=no
[INFO] [1787109335.694379215] [a3_receive_input_gateway]: gateway calibrated=yes frame_age=0.5ms frames=144904 ball=0 base_poses=138052 invalid=0 station_ok=no
[INFO] [1787109336.694418919] [a3_receive_input_gateway]: gateway calibrated=yes frame_age=0.8ms frames=145204 ball=0 base_poses=138352 invalid=0 station_ok=no
[INFO] [1787109337.694616901] [a3_receive_input_gateway]: gateway calibrated=yes frame_age=1.1ms frames=145504 ball=0 base_poses=138652 invalid=0 station_ok=no
[INFO] [1787109338.694412280] [a3_receive_input_gateway]: gateway calibrated=yes frame_age=0.9ms frames=145804 ball=0 base_poses=138952 invalid=0 station_ok=no
[INFO] [1787109339.694411834] [a3_receive_input_gateway]: gateway calibrated=yes frame_age=0.8ms frames=146104 ball=0 base_poses=139252 invalid=0 station_ok=no
[INFO] [1787109340.694476150] [a3_receive_input_gateway]: gateway calibrated=yes frame_age=0.9ms frames=146404 ball=0 base_poses=139552 invalid=0 station_ok=no
[INFO] [1787109341.694464175] [a3_receive_input_gateway]: gateway calibrated=yes frame_age=0.8ms frames=146704 ball=0 base_poses=139852 invalid=0 station_ok=no
[INFO] [1787109342.694417131] [a3_receive_input_gateway]: gateway calibrated=yes frame_age=1.1ms frames=147004 ball=0 base_poses=140152 invalid=0 station_ok=no
[INFO] [1787109343.694505417] [a3_receive_input_gateway]: gateway calibrated=yes frame_age=1.0ms frames=147304 ball=0 base_poses=140452 invalid=0 station_ok=no
[INFO] [1787109344.694465864] [a3_receive_input_gateway]: gateway calibrated=yes frame_age=0.9ms frames=147604 ball=0 base_poses=140752 invalid=0 station_ok=no
[INFO] [1787109345.694585630] [a3_receive_input_gateway]: gateway calibrated=yes frame_age=1.2ms frames=147904 ball=0 base_poses=141052 invalid=0 station_ok=no
[INFO] [1787109346.694429768] [a3_receive_input_gateway]: gateway calibrated=yes frame_age=0.9ms frames=148204 ball=0 base_poses=141352 invalid=0 station_ok=no
[INFO] [1787109347.694483568] [a3_receive_input_gateway]: gateway calibrated=yes frame_age=1.0ms frames=148504 ball=0 base_poses=141652 invalid=0 station_ok=no
[INFO] [1787109348.694513803] [a3_receive_input_gateway]: gateway calibrated=yes frame_age=5.1ms frames=148803 ball=0 base_poses=141951 invalid=0 station_ok=no
[INFO] [1787109349.694460438] [a3_receive_input_gateway]: gateway calibrated=yes frame_age=1.4ms frames=149104 ball=0 base_poses=142252 invalid=0 station_ok=no
[INFO] [1787109350.694468436] [a3_receive_input_gateway]: gateway calibrated=yes frame_age=3.4ms frames=149403 ball=0 base_poses=142551 invalid=0 station_ok=no
[INFO] [1787109351.694386222] [a3_receive_input_gateway]: gateway calibrated=yes frame_age=1.4ms frames=149704 ball=0 base_poses=142852 invalid=0 station_ok=no
[INFO] [1787109352.694561687] [a3_receive_input_gateway]: gateway calibrated=yes frame_age=1.5ms frames=150004 ball=0 base_poses=143152 invalid=0 station_ok=no
[INFO] [1787109353.694501407] [a3_receive_input_gateway]: gateway calibrated=yes frame_age=1.5ms frames=150304 ball=0 base_poses=143452 invalid=0 station_ok=no
[INFO] [1787109354.694443429] [a3_receive_input_gateway]: gateway calibrated=yes frame_age=1.6ms frames=150604 ball=0 base_poses=143752 invalid=0 station_ok=no
[INFO] [1787109355.694556695] [a3_receive_input_gateway]: gateway calibrated=yes frame_age=1.5ms frames=150904 ball=0 base_poses=144052 invalid=0 station_ok=no
[INFO] [1787109356.694708323] [a3_receive_input_gateway]: gateway calibrated=yes frame_age=1.3ms frames=151204 ball=0 base_poses=144352 invalid=0 station_ok=no
[INFO] [1787109357.694489265] [a3_receive_input_gateway]: gateway calibrated=yes frame_age=1.6ms frames=151504 ball=0 base_poses=144652 invalid=0 station_ok=no
[INFO] [1787109358.694410191] [a3_receive_input_gateway]: gateway calibrated=yes frame_age=1.6ms frames=151804 ball=0 base_poses=144952 invalid=0 station_ok=no
[INFO] [1787109359.694428701] [a3_receive_input_gateway]: gateway calibrated=yes frame_age=1.7ms frames=152104 ball=0 base_poses=145252 invalid=0 station_ok=no
[INFO] [1787109360.694523908] [a3_receive_input_gateway]: gateway calibrated=yes frame_age=3.6ms frames=152403 ball=0 base_poses=145551 invalid=0 station_ok=no
[INFO] [1787109361.694535596] [a3_receive_input_gateway]: gateway calibrated=yes frame_age=1.8ms frames=152704 ball=0 base_poses=145852 invalid=0 station_ok=no
[INFO] [1787109362.694529455] [a3_receive_input_gateway]: gateway calibrated=yes frame_age=1.6ms frames=153004 ball=0 base_poses=146152 invalid=0 station_ok=no
[INFO] [1787109363.694433656] [a3_receive_input_gateway]: gateway calibrated=yes frame_age=1.7ms frames=153304 ball=0 base_poses=146452 invalid=0 station_ok=no
[INFO] [1787109364.694577932] [a3_receive_input_gateway]: gateway calibrated=yes frame_age=1.8ms frames=153604 ball=0 base_poses=146752 invalid=0 station_ok=no
[INFO] [1787109365.694520533] [a3_receive_input_gateway]: gateway calibrated=yes frame_age=2.0ms frames=153904 ball=0 base_poses=147052 invalid=0 station_ok=no
[INFO] [1787109366.694653975] [a3_receive_input_gateway]: gateway calibrated=yes frame_age=2.1ms frames=154204 ball=0 base_poses=147352 invalid=0 station_ok=no
[INFO] [1787109367.694487249] [a3_receive_input_gateway]: gateway calibrated=yes frame_age=0.2ms frames=154504 ball=0 base_poses=147652 invalid=0 station_ok=no
[INFO] [1787109368.694532821] [a3_receive_input_gateway]: gateway calibrated=yes frame_age=0.2ms frames=154803 ball=0 base_poses=147951 invalid=0 station_ok=no
[INFO] [1787109369.695255529] [a3_receive_input_gateway]: gateway calibrated=yes frame_age=0.4ms frames=155104 ball=0 base_poses=148252 invalid=0 station_ok=no
[INFO] [1787109370.694872798] [a3_receive_input_gateway]: gateway calibrated=yes frame_age=0.3ms frames=155404 ball=0 base_poses=148552 invalid=0 station_ok=no
[INFO] [1787109371.694377344] [a3_receive_input_gateway]: gateway calibrated=yes frame_age=0.2ms frames=155704 ball=0 base_poses=148852 invalid=0 station_ok=no
[INFO] [1787109372.694514709] [a3_receive_input_gateway]: gateway calibrated=yes frame_age=2.2ms frames=156004 ball=0 base_poses=149152 invalid=0 station_ok=no
[INFO] [1787109373.694662559] [a3_receive_input_gateway]: gateway calibrated=yes frame_age=2.4ms frames=156304 ball=0 base_poses=149452 invalid=0 station_ok=no
[INFO] [1787109374.694419966] [a3_receive_input_gateway]: gateway calibrated=yes frame_age=0.4ms frames=156604 ball=0 base_poses=149752 invalid=0 station_ok=no
[INFO] [1787109375.694385601] [a3_receive_input_gateway]: gateway calibrated=yes frame_age=0.4ms frames=156904 ball=0 base_poses=150052 invalid=0 station_ok=no
[INFO] [1787109376.694494239] [a3_receive_input_gateway]: gateway calibrated=yes frame_age=0.6ms frames=157204 ball=0 base_poses=150352 invalid=0 station_ok=no
[INFO] [1787109377.694401119] [a3_receive_input_gateway]: gateway calibrated=yes frame_age=0.4ms frames=157504 ball=0 base_poses=150652 invalid=0 station_ok=no
[INFO] [1787109378.695010881] [a3_receive_input_gateway]: gateway calibrated=yes frame_age=1.0ms frames=157804 ball=0 base_poses=150952 invalid=0 station_ok=no
[INFO] [1787109379.694379150] [a3_receive_input_gateway]: gateway calibrated=yes frame_age=0.5ms frames=158104 ball=0 base_poses=151252 invalid=0 station_ok=no
[INFO] [1787109380.694475917] [a3_receive_input_gateway]: gateway calibrated=yes frame_age=2.3ms frames=158404 ball=0 base_poses=151552 invalid=0 station_ok=no
[INFO] [1787109381.694401625] [a3_receive_input_gateway]: gateway calibrated=yes frame_age=0.5ms frames=158704 ball=0 base_poses=151852 invalid=0 station_ok=no
[INFO] [1787109382.694433381] [a3_receive_input_gateway]: gateway calibrated=yes frame_age=0.3ms frames=159004 ball=0 base_poses=152152 invalid=0 station_ok=no
[INFO] [1787109383.694641734] [a3_receive_input_gateway]: gateway calibrated=yes frame_age=0.5ms frames=159304 ball=0 base_poses=152452 invalid=0 station_ok=no
[INFO] [1787109384.694386137] [a3_receive_input_gateway]: gateway calibrated=yes frame_age=0.7ms frames=159604 ball=0 base_poses=152752 invalid=0 station_ok=no
[INFO] [1787109385.694397230] [a3_receive_input_gateway]: gateway calibrated=yes frame_age=0.7ms frames=159904 ball=0 base_poses=153052 invalid=0 station_ok=no
[INFO] [1787109386.694443782] [a3_receive_input_gateway]: gateway calibrated=yes frame_age=0.7ms frames=160204 ball=0 base_poses=153352 invalid=0 station_ok=no
[INFO] [1787109387.694384873] [a3_receive_input_gateway]: gateway calibrated=yes frame_age=0.8ms frames=160504 ball=0 base_poses=153652 invalid=0 station_ok=no
[INFO] [1787109388.694393219] [a3_receive_input_gateway]: gateway calibrated=yes frame_age=0.8ms frames=160804 ball=0 base_poses=153952 invalid=0 station_ok=no
[INFO] [1787109389.694463030] [a3_receive_input_gateway]: gateway calibrated=yes frame_age=1.1ms frames=161104 ball=0 base_poses=154252 invalid=0 station_ok=no
[INFO] [1787109390.694439882] [a3_receive_input_gateway]: gateway calibrated=yes frame_age=1.1ms frames=161404 ball=0 base_poses=154552 invalid=0 station_ok=no
[INFO] [1787109391.694402125] [a3_receive_input_gateway]: gateway calibrated=yes frame_age=1.2ms frames=161704 ball=0 base_poses=154852 invalid=0 station_ok=no
[INFO] [1787109392.694400792] [a3_receive_input_gateway]: gateway calibrated=yes frame_age=1.2ms frames=162004 ball=0 base_poses=155152 invalid=0 station_ok=no
[INFO] [1787109393.694414452] [a3_receive_input_gateway]: gateway calibrated=yes frame_age=1.0ms frames=162304 ball=0 base_poses=155452 invalid=0 station_ok=no
[INFO] [1787109394.694418115] [a3_receive_input_gateway]: gateway calibrated=yes frame_age=1.3ms frames=162604 ball=0 base_poses=155752 invalid=0 station_ok=no
[INFO] [1787109395.694397896] [a3_receive_input_gateway]: gateway calibrated=yes frame_age=1.3ms frames=162904 ball=0 base_poses=156052 invalid=0 station_ok=no
[INFO] [1787109396.694409813] [a3_receive_input_gateway]: gateway calibrated=yes frame_age=1.2ms frames=163204 ball=0 base_poses=156352 invalid=0 station_ok=no
[INFO] [1787109397.694410751] [a3_receive_input_gateway]: gateway calibrated=yes frame_age=1.3ms frames=163504 ball=0 base_poses=156652 invalid=0 station_ok=no
[INFO] [1787109398.694684299] [a3_receive_input_gateway]: gateway calibrated=yes frame_age=1.4ms frames=163804 ball=0 base_poses=156952 invalid=0 station_ok=no
[INFO] [1787109399.694540947] [a3_receive_input_gateway]: gateway calibrated=yes frame_age=1.5ms frames=164104 ball=0 base_poses=157252 invalid=0 station_ok=no
[INFO] [1787109400.694435076] [a3_receive_input_gateway]: gateway calibrated=yes frame_age=1.5ms frames=164404 ball=0 base_poses=157552 invalid=0 station_ok=no
[INFO] [1787109401.694469756] [a3_receive_input_gateway]: gateway calibrated=yes frame_age=1.5ms frames=164704 ball=0 base_poses=157852 invalid=0 station_ok=no
[INFO] [1787109402.694523478] [a3_receive_input_gateway]: gateway calibrated=yes frame_age=1.6ms frames=165004 ball=0 base_poses=158152 invalid=0 station_ok=no
[INFO] [1787109403.694564195] [a3_receive_input_gateway]: gateway calibrated=yes frame_age=1.6ms frames=165304 ball=0 base_poses=158452 invalid=0 station_ok=no
[INFO] [1787109404.694480161] [a3_receive_input_gateway]: gateway calibrated=yes frame_age=1.6ms frames=165604 ball=0 base_poses=158752 invalid=0 station_ok=no
[INFO] [1787109405.694517354] [a3_receive_input_gateway]: gateway calibrated=yes frame_age=1.8ms frames=165904 ball=0 base_poses=159052 invalid=0 station_ok=no
[INFO] [1787109406.694528716] [a3_receive_input_gateway]: gateway calibrated=yes frame_age=1.6ms frames=166204 ball=0 base_poses=159352 invalid=0 station_ok=no
[INFO] [1787109407.694438490] [a3_receive_input_gateway]: gateway calibrated=yes frame_age=1.9ms frames=166504 ball=0 base_poses=159652 invalid=0 station_ok=no
[INFO] [1787109408.694424471] [a3_receive_input_gateway]: gateway calibrated=yes frame_age=1.8ms frames=166804 ball=0 base_poses=159952 invalid=0 station_ok=no
[INFO] [1787109409.694441641] [a3_receive_input_gateway]: gateway calibrated=yes frame_age=2.0ms frames=167104 ball=0 base_poses=160252 invalid=0 station_ok=no
[INFO] [1787109410.694547146] [a3_receive_input_gateway]: gateway calibrated=yes frame_age=1.8ms frames=167404 ball=0 base_poses=160552 invalid=0 station_ok=no
[INFO] [1787109411.694450197] [a3_receive_input_gateway]: gateway calibrated=yes frame_age=2.1ms frames=167704 ball=0 base_poses=160852 invalid=0 station_ok=no
[INFO] [1787109412.694695282] [a3_receive_input_gateway]: gateway calibrated=yes frame_age=2.0ms frames=168004 ball=0 base_poses=161152 invalid=0 station_ok=no
[INFO] [1787109413.694837940] [a3_receive_input_gateway]: gateway calibrated=yes frame_age=0.3ms frames=168304 ball=0 base_poses=161452 invalid=0 station_ok=no
[INFO] [1787109414.695411313] [a3_receive_input_gateway]: gateway calibrated=yes frame_age=0.4ms frames=168604 ball=0 base_poses=161752 invalid=0 station_ok=no
[INFO] [1787109415.694541120] [a3_receive_input_gateway]: gateway calibrated=yes frame_age=2.2ms frames=168904 ball=0 base_poses=162052 invalid=0 station_ok=no
[INFO] [1787109416.694464750] [a3_receive_input_gateway]: gateway calibrated=yes frame_age=2.0ms frames=169204 ball=0 base_poses=162352 invalid=0 station_ok=no
[INFO] [1787109417.694512173] [a3_receive_input_gateway]: gateway calibrated=yes frame_age=2.1ms frames=169504 ball=0 base_poses=162652 invalid=0 station_ok=no
[INFO] [1787109418.694563124] [a3_receive_input_gateway]: gateway calibrated=yes frame_age=2.4ms frames=169804 ball=0 base_poses=162952 invalid=0 station_ok=no
[INFO] [1787109419.694576922] [a3_receive_input_gateway]: gateway calibrated=yes frame_age=2.2ms frames=170104 ball=0 base_poses=163252 invalid=0 station_ok=no
[INFO] [1787109420.694541051] [a3_receive_input_gateway]: gateway calibrated=yes frame_age=2.4ms frames=170404 ball=0 base_poses=163552 invalid=0 station_ok=no
[INFO] [1787109421.694480956] [a3_receive_input_gateway]: gateway calibrated=yes frame_age=2.5ms frames=170704 ball=0 base_poses=163852 invalid=0 station_ok=no
[INFO] [1787109422.694489759] [a3_receive_input_gateway]: gateway calibrated=yes frame_age=2.3ms frames=171004 ball=0 base_poses=164152 invalid=0 station_ok=no
[INFO] [1787109423.694589497] [a3_receive_input_gateway]: gateway calibrated=yes frame_age=2.2ms frames=171304 ball=0 base_poses=164452 invalid=0 station_ok=no
[INFO] [1787109424.694428122] [a3_receive_input_gateway]: gateway calibrated=yes frame_age=2.6ms frames=171604 ball=0 base_poses=164752 invalid=0 station_ok=no
[INFO] [1787109425.694597883] [a3_receive_input_gateway]: gateway calibrated=yes frame_age=2.5ms frames=171904 ball=0 base_poses=165052 invalid=0 station_ok=no
[INFO] [1787109426.694503179] [a3_receive_input_gateway]: gateway calibrated=yes frame_age=2.7ms frames=172204 ball=0 base_poses=165352 invalid=0 station_ok=no
[INFO] [1787109427.694490452] [a3_receive_input_gateway]: gateway calibrated=yes frame_age=2.8ms frames=172504 ball=0 base_poses=165652 invalid=0 station_ok=no
[INFO] [1787109428.694452445] [a3_receive_input_gateway]: gateway calibrated=yes frame_age=2.8ms frames=172804 ball=0 base_poses=165952 invalid=0 station_ok=no
[INFO] [1787109429.694526816] [a3_receive_input_gateway]: gateway calibrated=yes frame_age=2.6ms frames=173104 ball=0 base_poses=166252 invalid=0 station_ok=no
[INFO] [1787109430.694481322] [a3_receive_input_gateway]: gateway calibrated=yes frame_age=2.8ms frames=173404 ball=0 base_poses=166552 invalid=0 station_ok=no
[INFO] [1787109431.694455026] [a3_receive_input_gateway]: gateway calibrated=yes frame_age=2.8ms frames=173704 ball=0 base_poses=166852 invalid=0 station_ok=no
[INFO] [1787109432.694617458] [a3_receive_input_gateway]: gateway calibrated=yes frame_age=2.8ms frames=174004 ball=0 base_poses=167152 invalid=0 station_ok=no
[INFO] [1787109433.694543339] [a3_receive_input_gateway]: gateway calibrated=yes frame_age=2.9ms frames=174304 ball=0 base_poses=167452 invalid=0 station_ok=no
[INFO] [1787109434.694599596] [a3_receive_input_gateway]: gateway calibrated=yes frame_age=1.0ms frames=174604 ball=0 base_poses=167752 invalid=0 station_ok=no
[INFO] [1787109435.694501165] [a3_receive_input_gateway]: gateway calibrated=yes frame_age=3.0ms frames=174904 ball=0 base_poses=168052 invalid=0 station_ok=no
[INFO] [1787109436.694803605] [a3_receive_input_gateway]: gateway calibrated=yes frame_age=3.6ms frames=175204 ball=0 base_poses=168352 invalid=0 station_ok=no
[INFO] [1787109437.694393048] [a3_receive_input_gateway]: gateway calibrated=yes frame_age=1.1ms frames=175504 ball=0 base_poses=168652 invalid=0 station_ok=no
[INFO] [1787109438.694425264] [a3_receive_input_gateway]: gateway calibrated=yes frame_age=3.2ms frames=175804 ball=0 base_poses=168952 invalid=0 station_ok=no
[INFO] [1787109439.694482527] [a3_receive_input_gateway]: gateway calibrated=yes frame_age=2.7ms frames=176104 ball=0 base_poses=169252 invalid=0 station_ok=no
[INFO] [1787109440.694542915] [a3_receive_input_gateway]: gateway calibrated=yes frame_age=3.2ms frames=176404 ball=0 base_poses=169552 invalid=0 station_ok=no
[INFO] [1787109441.694522304] [a3_receive_input_gateway]: gateway calibrated=yes frame_age=3.0ms frames=176704 ball=0 base_poses=169852 invalid=0 station_ok=no
[INFO] [1787109442.694478987] [a3_receive_input_gateway]: gateway calibrated=yes frame_age=3.1ms frames=177004 ball=0 base_poses=170152 invalid=0 station_ok=no
[INFO] [1787109443.694567732] [a3_receive_input_gateway]: gateway calibrated=yes frame_age=3.4ms frames=177304 ball=0 base_poses=170452 invalid=0 station_ok=no
[INFO] [1787109444.694420976] [a3_receive_input_gateway]: gateway calibrated=yes frame_age=3.4ms frames=177604 ball=0 base_poses=170752 invalid=0 station_ok=no
[INFO] [1787109445.694458001] [a3_receive_input_gateway]: gateway calibrated=yes frame_age=3.4ms frames=177904 ball=0 base_poses=171052 invalid=0 station_ok=no
[INFO] [1787109446.694702347] [a3_receive_input_gateway]: gateway calibrated=yes frame_age=3.9ms frames=178204 ball=0 base_poses=171352 invalid=0 station_ok=no
[INFO] [1787109447.694536510] [a3_receive_input_gateway]: gateway calibrated=yes frame_age=3.6ms frames=178504 ball=0 base_poses=171652 invalid=0 station_ok=no
[INFO] [1787109448.694613462] [a3_receive_input_gateway]: gateway calibrated=yes frame_age=3.6ms frames=178804 ball=0 base_poses=171952 invalid=0 station_ok=no
[INFO] [1787109449.694399940] [a3_receive_input_gateway]: gateway calibrated=yes frame_age=1.6ms frames=179104 ball=0 base_poses=172252 invalid=0 station_ok=no
[INFO] [1787109450.694550592] [a3_receive_input_gateway]: gateway calibrated=yes frame_age=1.7ms frames=179404 ball=0 base_poses=172552 invalid=0 station_ok=no
[INFO] [1787109451.694433370] [a3_receive_input_gateway]: gateway calibrated=yes frame_age=1.8ms frames=179704 ball=0 base_poses=172852 invalid=0 station_ok=no
[INFO] [1787109452.694424151] [a3_receive_input_gateway]: gateway calibrated=yes frame_age=3.4ms frames=180004 ball=0 base_poses=173152 invalid=0 station_ok=no
[INFO] [1787109453.694423302] [a3_receive_input_gateway]: gateway calibrated=yes frame_age=3.3ms frames=180304 ball=0 base_poses=173452 invalid=0 station_ok=no
[INFO] [1787109454.694708302] [a3_receive_input_gateway]: gateway calibrated=yes frame_age=2.0ms frames=180604 ball=0 base_poses=173752 invalid=0 station_ok=no
[INFO] [1787109455.694484537] [a3_receive_input_gateway]: gateway calibrated=yes frame_age=1.7ms frames=180904 ball=0 base_poses=174052 invalid=0 station_ok=no
[INFO] [1787109456.694546818] [a3_receive_input_gateway]: gateway calibrated=yes frame_age=3.5ms frames=181204 ball=0 base_poses=174352 invalid=0 station_ok=no
[INFO] [1787109457.694533394] [a3_receive_input_gateway]: gateway calibrated=yes frame_age=3.7ms frames=181504 ball=0 base_poses=174652 invalid=0 station_ok=no
[INFO] [1787109458.694399083] [a3_receive_input_gateway]: gateway calibrated=yes frame_age=1.9ms frames=181804 ball=0 base_poses=174952 invalid=0 station_ok=no
[INFO] [1787109459.694620487] [a3_receive_input_gateway]: gateway calibrated=yes frame_age=0.2ms frames=182105 ball=0 base_poses=175253 invalid=0 station_ok=no
[INFO] [1787109460.694707268] [a3_receive_input_gateway]: gateway calibrated=yes frame_age=0.2ms frames=182405 ball=0 base_poses=175553 invalid=0 station_ok=no
[INFO] [1787109461.694757523] [a3_receive_input_gateway]: gateway calibrated=yes frame_age=0.4ms frames=182705 ball=0 base_poses=175853 invalid=0 station_ok=no
[INFO] [1787109462.694557752] [a3_receive_input_gateway]: gateway calibrated=yes frame_age=0.2ms frames=183005 ball=0 base_poses=176153 invalid=0 station_ok=no
[INFO] [1787109463.694338195] [a3_receive_input_gateway]: gateway calibrated=yes frame_age=0.2ms frames=183305 ball=0 base_poses=176453 invalid=0 station_ok=no
[INFO] [1787109464.694331049] [a3_receive_input_gateway]: gateway calibrated=yes frame_age=0.2ms frames=183605 ball=0 base_poses=176753 invalid=0 station_ok=no
[INFO] [1787109465.694393163] [a3_receive_input_gateway]: gateway calibrated=yes frame_age=0.2ms frames=183905 ball=0 base_poses=177053 invalid=0 station_ok=no
[INFO] [1787109466.694472300] [a3_receive_input_gateway]: gateway calibrated=yes frame_age=2.2ms frames=184204 ball=0 base_poses=177352 invalid=0 station_ok=no
[INFO] [1787109467.694511124] [a3_receive_input_gateway]: gateway calibrated=yes frame_age=0.4ms frames=184505 ball=0 base_poses=177653 invalid=0 station_ok=no
[INFO] [1787109468.695369646] [a3_receive_input_gateway]: gateway calibrated=yes frame_age=0.5ms frames=184805 ball=0 base_poses=177953 invalid=0 station_ok=no
[INFO] [1787109469.694516481] [a3_receive_input_gateway]: gateway calibrated=yes frame_age=2.3ms frames=185104 ball=0 base_poses=178252 invalid=0 station_ok=no
[INFO] [1787109470.694423281] [a3_receive_input_gateway]: gateway calibrated=yes frame_age=2.4ms frames=185404 ball=0 base_poses=178552 invalid=0 station_ok=no
[INFO] [1787109471.694458434] [a3_receive_input_gateway]: gateway calibrated=yes frame_age=0.5ms frames=185705 ball=0 base_poses=178853 invalid=0 station_ok=no
[INFO] [1787109472.694561999] [a3_receive_input_gateway]: gateway calibrated=yes frame_age=2.6ms frames=186004 ball=0 base_poses=179152 invalid=0 station_ok=no
[INFO] [1787109473.694441373] [a3_receive_input_gateway]: gateway calibrated=yes frame_age=0.6ms frames=186305 ball=0 base_poses=179453 invalid=0 station_ok=no
[INFO] [1787109474.694383080] [a3_receive_input_gateway]: gateway calibrated=yes frame_age=0.4ms frames=186605 ball=0 base_poses=179753 invalid=0 station_ok=no
[INFO] [1787109475.694413700] [a3_receive_input_gateway]: gateway calibrated=yes frame_age=0.7ms frames=186905 ball=0 base_poses=180053 invalid=0 station_ok=no
[INFO] [1787109476.694452999] [a3_receive_input_gateway]: gateway calibrated=yes frame_age=0.6ms frames=187205 ball=0 base_poses=180353 invalid=0 station_ok=no
[INFO] [1787109477.694508859] [a3_receive_input_gateway]: gateway calibrated=yes frame_age=2.7ms frames=187504 ball=0 base_poses=180652 invalid=0 station_ok=no
[INFO] [1787109478.694483164] [a3_receive_input_gateway]: gateway calibrated=yes frame_age=2.8ms frames=187804 ball=0 base_poses=180952 invalid=0 station_ok=no
[INFO] [1787109479.694588475] [a3_receive_input_gateway]: gateway calibrated=yes frame_age=0.7ms frames=188105 ball=0 base_poses=181253 invalid=0 station_ok=no
[INFO] [1787109480.694547076] [a3_receive_input_gateway]: gateway calibrated=yes frame_age=2.8ms frames=188404 ball=0 base_poses=181552 invalid=0 station_ok=no
[INFO] [1787109481.694443072] [a3_receive_input_gateway]: gateway calibrated=yes frame_age=2.8ms frames=188704 ball=0 base_poses=181852 invalid=0 station_ok=no
[INFO] [1787109482.694468580] [a3_receive_input_gateway]: gateway calibrated=yes frame_age=2.8ms frames=189004 ball=0 base_poses=182152 invalid=0 station_ok=no
[INFO] [1787109483.694388901] [a3_receive_input_gateway]: gateway calibrated=yes frame_age=3.1ms frames=189304 ball=0 base_poses=182452 invalid=0 station_ok=no
[INFO] [1787109484.694424071] [a3_receive_input_gateway]: gateway calibrated=yes frame_age=1.1ms frames=189605 ball=0 base_poses=182753 invalid=0 station_ok=no
[INFO] [1787109485.694648671] [a3_receive_input_gateway]: gateway calibrated=yes frame_age=2.9ms frames=189904 ball=0 base_poses=183052 invalid=0 station_ok=no
[INFO] [1787109486.694430640] [a3_receive_input_gateway]: gateway calibrated=yes frame_age=3.1ms frames=190204 ball=0 base_poses=183352 invalid=0 station_ok=no
[INFO] [1787109487.694421371] [a3_receive_input_gateway]: gateway calibrated=yes frame_age=3.3ms frames=190504 ball=0 base_poses=183652 invalid=0 station_ok=no
[INFO] [1787109488.694414154] [a3_receive_input_gateway]: gateway calibrated=yes frame_age=3.1ms frames=190804 ball=0 base_poses=183952 invalid=0 station_ok=no
[INFO] [1787109489.694395352] [a3_receive_input_gateway]: gateway calibrated=yes frame_age=3.2ms frames=191104 ball=0 base_poses=184252 invalid=0 station_ok=no
[INFO] [1787109490.694587690] [a3_receive_input_gateway]: gateway calibrated=yes frame_age=3.6ms frames=191404 ball=0 base_poses=184552 invalid=0 station_ok=no
[INFO] [1787109491.694587268] [a3_receive_input_gateway]: gateway calibrated=yes frame_age=3.1ms frames=191704 ball=0 base_poses=184852 invalid=0 station_ok=no
[INFO] [1787109492.694507032] [a3_receive_input_gateway]: gateway calibrated=yes frame_age=3.5ms frames=192004 ball=0 base_poses=185152 invalid=0 station_ok=no
[INFO] [1787109493.694555704] [a3_receive_input_gateway]: gateway calibrated=yes frame_age=3.5ms frames=192304 ball=0 base_poses=185452 invalid=0 station_ok=no
[INFO] [1787109494.694487063] [a3_receive_input_gateway]: gateway calibrated=yes frame_age=3.6ms frames=192604 ball=0 base_poses=185752 invalid=0 station_ok=no
[INFO] [1787109495.694759857] [a3_receive_input_gateway]: gateway calibrated=yes frame_age=3.5ms frames=192904 ball=0 base_poses=186052 invalid=0 station_ok=no
[INFO] [1787109496.694801061] [a3_receive_input_gateway]: gateway calibrated=yes frame_age=3.2ms frames=193204 ball=0 base_poses=186352 invalid=0 station_ok=no
[INFO] [1787109497.694713439] [a3_receive_input_gateway]: gateway calibrated=yes frame_age=3.3ms frames=193504 ball=0 base_poses=186652 invalid=0 station_ok=no
[INFO] [1787109498.694487155] [a3_receive_input_gateway]: gateway calibrated=yes frame_age=3.8ms frames=193804 ball=0 base_poses=186952 invalid=0 station_ok=no
[INFO] [1787109499.694536321] [a3_receive_input_gateway]: gateway calibrated=yes frame_age=3.6ms frames=194104 ball=0 base_poses=187252 invalid=0 station_ok=no
[INFO] [1787109500.694931825] [a3_receive_input_gateway]: gateway calibrated=yes frame_age=3.8ms frames=194404 ball=0 base_poses=187552 invalid=0 station_ok=no
[INFO] [1787109501.694780645] [a3_receive_input_gateway]: gateway calibrated=yes frame_age=3.6ms frames=194704 ball=0 base_poses=187852 invalid=0 station_ok=no
[INFO] [1787109502.694429095] [a3_receive_input_gateway]: gateway calibrated=yes frame_age=1.8ms frames=195004 ball=0 base_poses=188152 invalid=0 station_ok=no
[INFO] [1787109503.695275189] [a3_receive_input_gateway]: gateway calibrated=yes frame_age=0.4ms frames=195305 ball=0 base_poses=188453 invalid=0 station_ok=no
[INFO] [1787109504.694793156] [a3_receive_input_gateway]: gateway calibrated=yes frame_age=3.9ms frames=195604 ball=0 base_poses=188752 invalid=0 station_ok=no
[INFO] [1787109505.694697454] [a3_receive_input_gateway]: gateway calibrated=yes frame_age=0.2ms frames=195904 ball=0 base_poses=189052 invalid=0 station_ok=no
[INFO] [1787109506.694732389] [a3_receive_input_gateway]: gateway calibrated=yes frame_age=0.2ms frames=196205 ball=0 base_poses=189353 invalid=0 station_ok=no
[INFO] [1787109507.694494535] [a3_receive_input_gateway]: gateway calibrated=yes frame_age=0.2ms frames=196505 ball=0 base_poses=189653 invalid=0 station_ok=no
[INFO] [1787109508.694522029] [a3_receive_input_gateway]: gateway calibrated=yes frame_age=0.1ms frames=196805 ball=0 base_poses=189953 invalid=0 station_ok=no
[INFO] [1787109509.694455645] [a3_receive_input_gateway]: gateway calibrated=yes frame_age=0.2ms frames=197105 ball=0 base_poses=190253 invalid=0 station_ok=no
[INFO] [1787109510.694429473] [a3_receive_input_gateway]: gateway calibrated=yes frame_age=0.2ms frames=197405 ball=0 base_poses=190553 invalid=0 station_ok=no
[INFO] [1787109511.694443228] [a3_receive_input_gateway]: gateway calibrated=yes frame_age=4.3ms frames=197704 ball=0 base_poses=190852 invalid=0 station_ok=no
[INFO] [1787109512.694379210] [a3_receive_input_gateway]: gateway calibrated=yes frame_age=0.4ms frames=198005 ball=0 base_poses=191153 invalid=0 station_ok=no
[INFO] [1787109513.694372209] [a3_receive_input_gateway]: gateway calibrated=yes frame_age=0.4ms frames=198305 ball=0 base_poses=191453 invalid=0 station_ok=no
[INFO] [1787109514.694401730] [a3_receive_input_gateway]: gateway calibrated=yes frame_age=0.3ms frames=198605 ball=0 base_poses=191561 invalid=0 station_ok=no
[INFO] [1787109515.694490329] [a3_receive_input_gateway]: gateway calibrated=yes frame_age=0.2ms frames=198905 ball=0 base_poses=191859 invalid=0 station_ok=no
[INFO] [1787109516.694448244] [a3_receive_input_gateway]: gateway calibrated=yes frame_age=0.4ms frames=199205 ball=0 base_poses=192159 invalid=0 station_ok=no
[INFO] [1787109517.694373695] [a3_receive_input_gateway]: gateway calibrated=yes frame_age=0.4ms frames=199505 ball=0 base_poses=192459 invalid=0 station_ok=no
[INFO] [1787109518.694378583] [a3_receive_input_gateway]: gateway calibrated=yes frame_age=0.5ms frames=199805 ball=0 base_poses=192759 invalid=0 station_ok=no
[INFO] [1787109519.694426588] [a3_receive_input_gateway]: gateway calibrated=yes frame_age=2.7ms frames=200104 ball=0 base_poses=193058 invalid=0 station_ok=no
[INFO] [1787109520.694396255] [a3_receive_input_gateway]: gateway calibrated=yes frame_age=0.6ms frames=200405 ball=0 base_poses=193359 invalid=0 station_ok=no
[INFO] [1787109521.694391169] [a3_receive_input_gateway]: gateway calibrated=yes frame_age=0.5ms frames=200705 ball=0 base_poses=193659 invalid=0 station_ok=no
[INFO] [1787109522.694378939] [a3_receive_input_gateway]: gateway calibrated=yes frame_age=0.7ms frames=201005 ball=0 base_poses=193959 invalid=0 station_ok=no
[INFO] [1787109523.694394154] [a3_receive_input_gateway]: gateway calibrated=yes frame_age=0.7ms frames=201305 ball=0 base_poses=194259 invalid=0 station_ok=no
[INFO] [1787109524.694487475] [a3_receive_input_gateway]: gateway calibrated=yes frame_age=3.0ms frames=201604 ball=0 base_poses=194558 invalid=0 station_ok=no
[INFO] [1787109525.694468092] [a3_receive_input_gateway]: gateway calibrated=yes frame_age=3.0ms frames=201904 ball=0 base_poses=194858 invalid=0 station_ok=no
[INFO] [1787109526.694495241] [a3_receive_input_gateway]: gateway calibrated=yes frame_age=0.5ms frames=202205 ball=0 base_poses=195005 invalid=0 station_ok=no
[INFO] [1787109527.694383037] [a3_receive_input_gateway]: gateway calibrated=yes frame_age=0.8ms frames=202505 ball=0 base_poses=195193 invalid=0 station_ok=yes
[INFO] [1787109528.694451587] [a3_receive_input_gateway]: gateway calibrated=yes frame_age=0.6ms frames=202805 ball=0 base_poses=195493 invalid=0 station_ok=yes
[INFO] [1787109529.694428674] [a3_receive_input_gateway]: gateway calibrated=yes frame_age=0.7ms frames=203105 ball=0 base_poses=195793 invalid=0 station_ok=yes
[INFO] [1787109530.694579546] [a3_receive_input_gateway]: gateway calibrated=yes frame_age=2.9ms frames=203404 ball=0 base_poses=195927 invalid=0 station_ok=yes
[INFO] [1787109531.694430756] [a3_receive_input_gateway]: gateway calibrated=yes frame_age=3.2ms frames=203704 ball=0 base_poses=195927 invalid=0 station_ok=yes
[INFO] [1787109532.694460269] [a3_receive_input_gateway]: gateway calibrated=yes frame_age=0.5ms frames=204005 ball=0 base_poses=195927 invalid=0 station_ok=yes
[INFO] [1787109533.694478619] [a3_receive_input_gateway]: gateway calibrated=yes frame_age=3.3ms frames=204304 ball=0 base_poses=195927 invalid=0 station_ok=yes
[INFO] [1787109534.694443512] [a3_receive_input_gateway]: gateway calibrated=yes frame_age=3.4ms frames=204604 ball=0 base_poses=195927 invalid=0 station_ok=yes
[INFO] [1787109535.694421513] [a3_receive_input_gateway]: gateway calibrated=yes frame_age=3.3ms frames=204904 ball=0 base_poses=195927 invalid=0 station_ok=yes
[INFO] [1787109536.694505817] [a3_receive_input_gateway]: gateway calibrated=yes frame_age=3.2ms frames=205204 ball=0 base_poses=195927 invalid=0 station_ok=yes
[INFO] [1787109537.694390577] [a3_receive_input_gateway]: gateway calibrated=yes frame_age=1.3ms frames=205505 ball=0 base_poses=195927 invalid=0 station_ok=yes
[INFO] [1787109538.694632499] [a3_receive_input_gateway]: gateway calibrated=yes frame_age=1.5ms frames=205805 ball=0 base_poses=195927 invalid=0 station_ok=yes
[INFO] [1787109539.694468883] [a3_receive_input_gateway]: gateway calibrated=yes frame_age=3.4ms frames=206104 ball=0 base_poses=195927 invalid=0 station_ok=yes
[INFO] [1787109540.694425680] [a3_receive_input_gateway]: gateway calibrated=yes frame_age=1.6ms frames=206405 ball=0 base_poses=195927 invalid=0 station_ok=yes
[INFO] [1787109541.694425757] [a3_receive_input_gateway]: gateway calibrated=yes frame_age=3.6ms frames=206704 ball=0 base_poses=195927 invalid=0 station_ok=yes
[INFO] [1787109542.694524682] [a3_receive_input_gateway]: gateway calibrated=yes frame_age=3.6ms frames=207004 ball=0 base_poses=195927 invalid=0 station_ok=yes
[INFO] [1787109543.694453402] [a3_receive_input_gateway]: gateway calibrated=yes frame_age=3.6ms frames=207304 ball=0 base_poses=195927 invalid=0 station_ok=yes
[INFO] [1787109544.694450629] [a3_receive_input_gateway]: gateway calibrated=yes frame_age=3.7ms frames=207604 ball=0 base_poses=195927 invalid=0 station_ok=yes
[INFO] [1787109545.694484379] [a3_receive_input_gateway]: gateway calibrated=yes frame_age=3.7ms frames=207904 ball=0 base_poses=195927 invalid=0 station_ok=yes
[INFO] [1787109546.694467585] [a3_receive_input_gateway]: gateway calibrated=yes frame_age=1.4ms frames=208205 ball=0 base_poses=195927 invalid=0 station_ok=yes
[INFO] [1787109547.694520599] [a3_receive_input_gateway]: gateway calibrated=yes frame_age=3.7ms frames=208504 ball=0 base_poses=195927 invalid=0 station_ok=yes
[INFO] [1787109548.694575237] [a3_receive_input_gateway]: gateway calibrated=yes frame_age=1.8ms frames=208805 ball=0 base_poses=195927 invalid=0 station_ok=yes
[INFO] [1787109549.694474045] [a3_receive_input_gateway]: gateway calibrated=yes frame_age=1.9ms frames=209105 ball=0 base_poses=195927 invalid=0 station_ok=yes
[INFO] [1787109550.694820032] [a3_receive_input_gateway]: gateway calibrated=yes frame_age=1.3ms frames=209405 ball=0 base_poses=195927 invalid=0 station_ok=yes
[INFO] [1787109551.694484700] [a3_receive_input_gateway]: gateway calibrated=yes frame_age=2.1ms frames=209705 ball=0 base_poses=195927 invalid=0 station_ok=yes
[INFO] [1787109552.694641411] [a3_receive_input_gateway]: gateway calibrated=yes frame_age=0.2ms frames=210005 ball=0 base_poses=195930 invalid=0 station_ok=no
[INFO] [1787109553.694424919] [a3_receive_input_gateway]: gateway calibrated=yes frame_age=2.0ms frames=210305 ball=0 base_poses=196230 invalid=0 station_ok=no
[INFO] [1787109554.694420538] [a3_receive_input_gateway]: gateway calibrated=yes frame_age=2.2ms frames=210605 ball=0 base_poses=196530 invalid=0 station_ok=no
[INFO] [1787109555.694628004] [a3_receive_input_gateway]: gateway calibrated=yes frame_age=0.2ms frames=210905 ball=0 base_poses=196830 invalid=0 station_ok=no
[INFO] [1787109556.694587554] [a3_receive_input_gateway]: gateway calibrated=yes frame_age=0.2ms frames=211205 ball=0 base_poses=197130 invalid=0 station_ok=no
[INFO] [1787109557.694331943] [a3_receive_input_gateway]: gateway calibrated=yes frame_age=0.2ms frames=211505 ball=0 base_poses=197430 invalid=0 station_ok=no
[INFO] [1787109558.694846675] [a3_receive_input_gateway]: gateway calibrated=yes frame_age=0.8ms frames=211805 ball=0 base_poses=197730 invalid=0 station_ok=no
[INFO] [1787109559.694443973] [a3_receive_input_gateway]: gateway calibrated=yes frame_age=0.2ms frames=212105 ball=0 base_poses=198030 invalid=0 station_ok=no
[INFO] [1787109560.694447880] [a3_receive_input_gateway]: gateway calibrated=yes frame_age=0.2ms frames=212405 ball=0 base_poses=198330 invalid=0 station_ok=no
[INFO] [1787109561.694411828] [a3_receive_input_gateway]: gateway calibrated=yes frame_age=1.8ms frames=212705 ball=0 base_poses=198630 invalid=0 station_ok=no
[INFO] [1787109562.694383125] [a3_receive_input_gateway]: gateway calibrated=yes frame_age=0.5ms frames=213005 ball=0 base_poses=198930 invalid=0 station_ok=no
[INFO] [1787109563.694390816] [a3_receive_input_gateway]: gateway calibrated=yes frame_age=0.5ms frames=213305 ball=0 base_poses=199230 invalid=0 station_ok=no
[INFO] [1787109564.694387110] [a3_receive_input_gateway]: gateway calibrated=yes frame_age=0.6ms frames=213605 ball=0 base_poses=199530 invalid=0 station_ok=no
[INFO] [1787109565.694483644] [a3_receive_input_gateway]: gateway calibrated=yes frame_age=0.6ms frames=213905 ball=0 base_poses=199830 invalid=0 station_ok=yes
[INFO] [1787109566.694387423] [a3_receive_input_gateway]: gateway calibrated=yes frame_age=0.5ms frames=214205 ball=0 base_poses=200130 invalid=0 station_ok=yes
[INFO] [1787109567.694372867] [a3_receive_input_gateway]: gateway calibrated=yes frame_age=0.4ms frames=214505 ball=0 base_poses=200430 invalid=0 station_ok=yes
[INFO] [1787109568.694508180] [a3_receive_input_gateway]: gateway calibrated=yes frame_age=4.7ms frames=214804 ball=0 base_poses=200729 invalid=0 station_ok=yes
[INFO] [1787109569.694616597] [a3_receive_input_gateway]: gateway calibrated=yes frame_age=4.8ms frames=215104 ball=0 base_poses=201029 invalid=0 station_ok=yes
[INFO] [1787109570.694416186] [a3_receive_input_gateway]: gateway calibrated=yes frame_age=0.8ms frames=215405 ball=0 base_poses=201330 invalid=0 station_ok=yes
[INFO] [1787109571.694394248] [a3_receive_input_gateway]: gateway calibrated=yes frame_age=0.7ms frames=215705 ball=0 base_poses=201630 invalid=0 station_ok=yes
[INFO] [1787109572.694508395] [a3_receive_input_gateway]: gateway calibrated=yes frame_age=0.8ms frames=216005 ball=0 base_poses=201930 invalid=0 station_ok=yes
[INFO] [1787109573.694497906] [a3_receive_input_gateway]: gateway calibrated=yes frame_age=1.0ms frames=216305 ball=0 base_poses=202230 invalid=0 station_ok=yes
[INFO] [1787109574.694376479] [a3_receive_input_gateway]: gateway calibrated=yes frame_age=0.7ms frames=216605 ball=0 base_poses=202530 invalid=0 station_ok=yes
[INFO] [1787109575.694442762] [a3_receive_input_gateway]: gateway calibrated=yes frame_age=1.0ms frames=216905 ball=0 base_poses=202830 invalid=0 station_ok=yes
[INFO] [1787109576.694840606] [a3_receive_input_gateway]: gateway calibrated=yes frame_age=1.1ms frames=217205 ball=0 base_poses=203130 invalid=0 station_ok=yes
[INFO] [1787109577.694407129] [a3_receive_input_gateway]: gateway calibrated=yes frame_age=1.1ms frames=217505 ball=0 base_poses=203430 invalid=0 station_ok=yes
[INFO] [1787109578.694603741] [a3_receive_input_gateway]: gateway calibrated=yes frame_age=1.3ms frames=217805 ball=0 base_poses=203730 invalid=0 station_ok=yes
[INFO] [1787109579.334110654] [a3_receive_input_gateway]: ball tracking: visible
[INFO] [1787109579.694432087] [a3_receive_input_gateway]: gateway calibrated=yes frame_age=1.3ms frames=218105 ball=109 base_poses=204030 invalid=0 station_ok=yes
[INFO] [1787109580.694407386] [a3_receive_input_gateway]: gateway calibrated=yes frame_age=1.3ms frames=218405 ball=409 base_poses=204330 invalid=0 station_ok=yes
[INFO] [1787109581.694484548] [a3_receive_input_gateway]: gateway calibrated=yes frame_age=1.3ms frames=218705 ball=709 base_poses=204630 invalid=0 station_ok=yes
[INFO] [1787109582.694427498] [a3_receive_input_gateway]: gateway calibrated=yes frame_age=1.4ms frames=219005 ball=1009 base_poses=204930 invalid=0 station_ok=yes
[INFO] [1787109583.694445632] [a3_receive_input_gateway]: gateway calibrated=yes frame_age=3.3ms frames=219304 ball=1308 base_poses=205229 invalid=0 station_ok=yes
[INFO] [1787109584.694397653] [a3_receive_input_gateway]: gateway calibrated=yes frame_age=3.4ms frames=219604 ball=1608 base_poses=205529 invalid=0 station_ok=yes
[INFO] [1787109585.694459906] [a3_receive_input_gateway]: gateway calibrated=yes frame_age=1.5ms frames=219905 ball=1909 base_poses=205830 invalid=0 station_ok=yes
[INFO] [1787109586.694570037] [a3_receive_input_gateway]: gateway calibrated=yes frame_age=1.5ms frames=220205 ball=2209 base_poses=206130 invalid=0 station_ok=yes
[INFO] [1787109587.496841164] [a3_receive_input_gateway]: ball tracking: lost
[INFO] [1787109587.506896547] [a3_receive_input_gateway]: ball tracking: visible
[INFO] [1787109587.694416622] [a3_receive_input_gateway]: gateway calibrated=yes frame_age=1.6ms frames=220505 ball=2506 base_poses=206430 invalid=0 station_ok=yes
[INFO] [1787109588.696114777] [a3_receive_input_gateway]: gateway calibrated=yes frame_age=3.1ms frames=220805 ball=2806 base_poses=206730 invalid=0 station_ok=yes
[INFO] [1787109589.694422319] [a3_receive_input_gateway]: gateway calibrated=yes frame_age=3.7ms frames=221104 ball=3105 base_poses=207029 invalid=0 station_ok=yes
[INFO] [1787109590.694428667] [a3_receive_input_gateway]: gateway calibrated=yes frame_age=1.6ms frames=221405 ball=3406 base_poses=207330 invalid=0 station_ok=yes
[INFO] [1787109591.694541369] [a3_receive_input_gateway]: gateway calibrated=yes frame_age=1.6ms frames=221705 ball=3706 base_poses=207630 invalid=0 station_ok=yes
[INFO] [1787109592.694452039] [a3_receive_input_gateway]: gateway calibrated=yes frame_age=1.7ms frames=222005 ball=4006 base_poses=207930 invalid=0 station_ok=yes
[INFO] [1787109593.694423652] [a3_receive_input_gateway]: gateway calibrated=yes frame_age=1.6ms frames=222305 ball=4306 base_poses=208230 invalid=0 station_ok=yes
[INFO] [1787109594.694461738] [a3_receive_input_gateway]: gateway calibrated=yes frame_age=3.7ms frames=222604 ball=4605 base_poses=208529 invalid=0 station_ok=yes
[INFO] [1787109595.694529561] [a3_receive_input_gateway]: gateway calibrated=yes frame_age=3.9ms frames=222904 ball=4905 base_poses=208829 invalid=0 station_ok=yes
[INFO] [1787109596.694528078] [a3_receive_input_gateway]: gateway calibrated=yes frame_age=2.0ms frames=223205 ball=5206 base_poses=209130 invalid=0 station_ok=yes
[INFO] [1787109597.694511466] [a3_receive_input_gateway]: gateway calibrated=yes frame_age=1.9ms frames=223505 ball=5506 base_poses=209430 invalid=0 station_ok=yes
[INFO] [1787109597.938546364] [a3_receive_input_gateway]: ball tracking: lost
[INFO] [1787109598.694449612] [a3_receive_input_gateway]: gateway calibrated=yes frame_age=2.1ms frames=223805 ball=5579 base_poses=209730 invalid=0 station_ok=yes
[INFO] [1787109599.694494408] [a3_receive_input_gateway]: gateway calibrated=yes frame_age=2.2ms frames=224105 ball=5579 base_poses=210030 invalid=0 station_ok=yes
[INFO] [1787109600.694484483] [a3_receive_input_gateway]: gateway calibrated=yes frame_age=2.0ms frames=224405 ball=5579 base_poses=210330 invalid=0 station_ok=yes
[INFO] [1787109601.694558318] [a3_receive_input_gateway]: gateway calibrated=yes frame_age=2.1ms frames=224705 ball=5579 base_poses=210630 invalid=0 station_ok=yes
[INFO] [1787109602.694433014] [a3_receive_input_gateway]: gateway calibrated=yes frame_age=2.2ms frames=225005 ball=5579 base_poses=210930 invalid=0 station_ok=yes
[INFO] [1787109603.694573681] [a3_receive_input_gateway]: gateway calibrated=yes frame_age=0.2ms frames=225305 ball=5579 base_poses=211230 invalid=0 station_ok=yes
[INFO] [1787109604.694431697] [a3_receive_input_gateway]: gateway calibrated=yes frame_age=1.6ms frames=225605 ball=5579 base_poses=211530 invalid=0 station_ok=yes
[INFO] [1787109605.694449612] [a3_receive_input_gateway]: gateway calibrated=yes frame_age=2.3ms frames=225905 ball=5579 base_poses=211830 invalid=0 station_ok=yes
[INFO] [1787109606.694707038] [a3_receive_input_gateway]: gateway calibrated=yes frame_age=2.2ms frames=226205 ball=5579 base_poses=212130 invalid=0 station_ok=yes
[INFO] [1787109607.694592750] [a3_receive_input_gateway]: gateway calibrated=yes frame_age=2.4ms frames=226505 ball=5579 base_poses=212430 invalid=0 station_ok=yes
[INFO] [1787109608.694526714] [a3_receive_input_gateway]: gateway calibrated=yes frame_age=2.6ms frames=226805 ball=5579 base_poses=212730 invalid=0 station_ok=yes
[INFO] [1787109609.694578156] [a3_receive_input_gateway]: gateway calibrated=yes frame_age=2.5ms frames=227105 ball=5579 base_poses=213030 invalid=0 station_ok=yes
[INFO] [1787109610.694567764] [a3_receive_input_gateway]: gateway calibrated=yes frame_age=2.5ms frames=227405 ball=5579 base_poses=213330 invalid=0 station_ok=yes
[INFO] [1787109611.694497012] [a3_receive_input_gateway]: gateway calibrated=yes frame_age=2.7ms frames=227705 ball=5579 base_poses=213630 invalid=0 station_ok=yes
[INFO] [1787109612.694768807] [a3_receive_input_gateway]: gateway calibrated=yes frame_age=2.8ms frames=228005 ball=5579 base_poses=213930 invalid=0 station_ok=yes
[INFO] [1787109613.694406751] [a3_receive_input_gateway]: gateway calibrated=yes frame_age=0.6ms frames=228305 ball=5579 base_poses=214230 invalid=0 station_ok=yes
[INFO] [1787109614.694679013] [a3_receive_input_gateway]: gateway calibrated=yes frame_age=0.7ms frames=228605 ball=5579 base_poses=214530 invalid=0 station_ok=yes
[INFO] [1787109615.694397732] [a3_receive_input_gateway]: gateway calibrated=yes frame_age=0.7ms frames=228905 ball=5579 base_poses=214830 invalid=0 station_ok=yes
[INFO] [1787109616.694432147] [a3_receive_input_gateway]: gateway calibrated=yes frame_age=0.6ms frames=229205 ball=5579 base_poses=215130 invalid=0 station_ok=yes
[INFO] [1787109617.694400466] [a3_receive_input_gateway]: gateway calibrated=yes frame_age=0.7ms frames=229505 ball=5579 base_poses=215430 invalid=0 station_ok=yes
[INFO] [1787109618.694424194] [a3_receive_input_gateway]: gateway calibrated=yes frame_age=2.7ms frames=229805 ball=5579 base_poses=215730 invalid=0 station_ok=yes
[INFO] [1787109619.694431084] [a3_receive_input_gateway]: gateway calibrated=yes frame_age=0.8ms frames=230105 ball=5579 base_poses=216030 invalid=0 station_ok=yes
[INFO] [1787109620.694467456] [a3_receive_input_gateway]: gateway calibrated=yes frame_age=1.1ms frames=230405 ball=5579 base_poses=216330 invalid=0 station_ok=yes
[INFO] [1787109621.694401472] [a3_receive_input_gateway]: gateway calibrated=yes frame_age=3.1ms frames=230705 ball=5579 base_poses=216630 invalid=0 station_ok=yes
[INFO] [1787109622.694389670] [a3_receive_input_gateway]: gateway calibrated=yes frame_age=3.1ms frames=231005 ball=5579 base_poses=216930 invalid=0 station_ok=yes
[INFO] [1787109623.694419653] [a3_receive_input_gateway]: gateway calibrated=yes frame_age=2.9ms frames=231305 ball=5579 base_poses=217230 invalid=0 station_ok=yes
[INFO] [1787109624.694546364] [a3_receive_input_gateway]: gateway calibrated=yes frame_age=3.0ms frames=231605 ball=5579 base_poses=217530 invalid=0 station_ok=yes
[INFO] [1787109625.694469486] [a3_receive_input_gateway]: gateway calibrated=yes frame_age=2.4ms frames=231905 ball=5579 base_poses=217830 invalid=0 station_ok=yes
[INFO] [1787109626.694455470] [a3_receive_input_gateway]: gateway calibrated=yes frame_age=3.3ms frames=232205 ball=5579 base_poses=218130 invalid=0 station_ok=yes
[INFO] [1787109627.694570372] [a3_receive_input_gateway]: gateway calibrated=yes frame_age=3.2ms frames=232505 ball=5579 base_poses=218430 invalid=0 station_ok=yes
[INFO] [1787109628.694427260] [a3_receive_input_gateway]: gateway calibrated=yes frame_age=3.4ms frames=232805 ball=5579 base_poses=218730 invalid=0 station_ok=yes
[INFO] [1787109629.694425956] [a3_receive_input_gateway]: gateway calibrated=yes frame_age=3.4ms frames=233105 ball=5579 base_poses=219030 invalid=0 station_ok=yes
[INFO] [1787109630.694410032] [a3_receive_input_gateway]: gateway calibrated=yes frame_age=1.3ms frames=233405 ball=5579 base_poses=219330 invalid=0 station_ok=yes
[INFO] [1787109631.694488234] [a3_receive_input_gateway]: gateway calibrated=yes frame_age=3.2ms frames=233705 ball=5579 base_poses=219630 invalid=0 station_ok=yes
[INFO] [1787109632.694557917] [a3_receive_input_gateway]: gateway calibrated=yes frame_age=1.5ms frames=234005 ball=5579 base_poses=219930 invalid=0 station_ok=yes
[INFO] [1787109633.694409636] [a3_receive_input_gateway]: gateway calibrated=yes frame_age=1.4ms frames=234305 ball=5579 base_poses=220230 invalid=0 station_ok=yes
[INFO] [1787109634.694396817] [a3_receive_input_gateway]: gateway calibrated=yes frame_age=1.6ms frames=234605 ball=5579 base_poses=220530 invalid=0 station_ok=yes
[INFO] [1787109635.694443904] [a3_receive_input_gateway]: gateway calibrated=yes frame_age=1.7ms frames=234905 ball=5579 base_poses=220830 invalid=0 station_ok=yes
[INFO] [1787109636.694596552] [a3_receive_input_gateway]: gateway calibrated=yes frame_age=1.2ms frames=235205 ball=5579 base_poses=221130 invalid=0 station_ok=yes
[INFO] [1787109637.694399731] [a3_receive_input_gateway]: gateway calibrated=yes frame_age=1.8ms frames=235505 ball=5579 base_poses=221430 invalid=0 station_ok=yes
[INFO] [1787109638.694630343] [a3_receive_input_gateway]: gateway calibrated=yes frame_age=1.2ms frames=235805 ball=5579 base_poses=221730 invalid=0 station_ok=yes
[INFO] [1787109639.694565592] [a3_receive_input_gateway]: gateway calibrated=yes frame_age=1.8ms frames=236105 ball=5579 base_poses=222030 invalid=0 station_ok=yes
[INFO] [1787109640.694600087] [a3_receive_input_gateway]: gateway calibrated=yes frame_age=1.7ms frames=236405 ball=5579 base_poses=222330 invalid=0 station_ok=yes
[INFO] [1787109641.694552743] [a3_receive_input_gateway]: gateway calibrated=yes frame_age=2.0ms frames=236705 ball=5579 base_poses=222630 invalid=0 station_ok=yes
[INFO] [1787109642.694367324] [a3_receive_input_gateway]: gateway calibrated=yes frame_age=3.7ms frames=237005 ball=5579 base_poses=222930 invalid=0 station_ok=yes
[INFO] [1787109643.694716076] [a3_receive_input_gateway]: gateway calibrated=yes frame_age=0.2ms frames=237306 ball=5579 base_poses=223231 invalid=0 station_ok=yes
[INFO] [1787109644.694463178] [a3_receive_input_gateway]: gateway calibrated=yes frame_age=2.0ms frames=237605 ball=5579 base_poses=223530 invalid=0 station_ok=yes
[INFO] [1787109645.694488995] [a3_receive_input_gateway]: gateway calibrated=yes frame_age=2.0ms frames=237905 ball=5579 base_poses=223830 invalid=0 station_ok=yes
[INFO] [1787109646.694406047] [a3_receive_input_gateway]: gateway calibrated=yes frame_age=2.0ms frames=238205 ball=5579 base_poses=224130 invalid=0 station_ok=yes
[INFO] [1787109647.694399123] [a3_receive_input_gateway]: gateway calibrated=yes frame_age=0.1ms frames=238506 ball=5579 base_poses=224431 invalid=0 station_ok=yes
[INFO] [1787109648.694571166] [a3_receive_input_gateway]: gateway calibrated=yes frame_age=0.2ms frames=238806 ball=5579 base_poses=224731 invalid=0 station_ok=yes
[INFO] [1787109649.694715529] [a3_receive_input_gateway]: gateway calibrated=yes frame_age=2.0ms frames=239105 ball=5579 base_poses=225030 invalid=0 station_ok=yes
[INFO] [1787109650.316063103] [a3_receive_input_gateway]: ball tracking: visible
[INFO] [1787109650.694472813] [a3_receive_input_gateway]: gateway calibrated=yes frame_age=2.3ms frames=239405 ball=5693 base_poses=225330 invalid=0 station_ok=yes
[INFO] [1787109651.694428158] [a3_receive_input_gateway]: gateway calibrated=yes frame_age=2.2ms frames=239705 ball=5993 base_poses=225630 invalid=0 station_ok=yes
[INFO] [1787109652.694472414] [a3_receive_input_gateway]: gateway calibrated=yes frame_age=2.4ms frames=240005 ball=6293 base_poses=225930 invalid=0 station_ok=yes
[INFO] [1787109653.694478646] [a3_receive_input_gateway]: gateway calibrated=yes frame_age=2.5ms frames=240305 ball=6593 base_poses=226230 invalid=0 station_ok=yes
[INFO] [1787109654.694431562] [a3_receive_input_gateway]: gateway calibrated=yes frame_age=2.4ms frames=240605 ball=6893 base_poses=226530 invalid=0 station_ok=yes
[INFO] [1787109655.694456445] [a3_receive_input_gateway]: gateway calibrated=yes frame_age=2.6ms frames=240905 ball=7193 base_poses=226830 invalid=0 station_ok=yes
[INFO] [1787109656.694433719] [a3_receive_input_gateway]: gateway calibrated=yes frame_age=2.4ms frames=241205 ball=7493 base_poses=227130 invalid=0 station_ok=yes
[INFO] [1787109657.694428151] [a3_receive_input_gateway]: gateway calibrated=yes frame_age=2.4ms frames=241505 ball=7793 base_poses=227430 invalid=0 station_ok=yes
[INFO] [1787109658.694412203] [a3_receive_input_gateway]: gateway calibrated=yes frame_age=2.4ms frames=241805 ball=8093 base_poses=227730 invalid=0 station_ok=yes
[INFO] [1787109659.694434457] [a3_receive_input_gateway]: gateway calibrated=yes frame_age=2.7ms frames=242105 ball=8393 base_poses=228030 invalid=0 station_ok=yes
[INFO] [1787109660.694788844] [a3_receive_input_gateway]: gateway calibrated=yes frame_age=2.6ms frames=242405 ball=8693 base_poses=228330 invalid=0 station_ok=yes
[INFO] [1787109661.694479358] [a3_receive_input_gateway]: gateway calibrated=yes frame_age=2.6ms frames=242705 ball=8993 base_poses=228630 invalid=0 station_ok=yes
[INFO] [1787109662.694494325] [a3_receive_input_gateway]: gateway calibrated=yes frame_age=2.9ms frames=243005 ball=9293 base_poses=228930 invalid=0 station_ok=yes
[INFO] [1787109663.694603676] [a3_receive_input_gateway]: gateway calibrated=yes frame_age=2.4ms frames=243305 ball=9593 base_poses=229230 invalid=0 station_ok=yes
[INFO] [1787109664.694406416] [a3_receive_input_gateway]: gateway calibrated=yes frame_age=2.8ms frames=243605 ball=9893 base_poses=229530 invalid=0 station_ok=yes
[INFO] [1787109665.694428264] [a3_receive_input_gateway]: gateway calibrated=yes frame_age=2.8ms frames=243905 ball=10193 base_poses=229830 invalid=0 station_ok=yes
[INFO] [1787109666.694493673] [a3_receive_input_gateway]: gateway calibrated=yes frame_age=3.1ms frames=244205 ball=10493 base_poses=230130 invalid=0 station_ok=yes
[INFO] [1787109667.529760400] [a3_receive_input_gateway]: ball tracking: lost
[INFO] [1787109667.694521818] [a3_receive_input_gateway]: gateway calibrated=yes frame_age=3.0ms frames=244505 ball=10743 base_poses=230430 invalid=0 station_ok=yes
[INFO] [1787109668.052328359] [a3_receive_input_gateway]: ball tracking: visible
[INFO] [1787109668.547696575] [a3_receive_input_gateway]: ball tracking: lost
[INFO] [1787109668.553301884] [a3_receive_input_gateway]: ball tracking: visible
[INFO] [1787109668.694574625] [a3_receive_input_gateway]: gateway calibrated=yes frame_age=2.8ms frames=244805 ball=10935 base_poses=230730 invalid=0 station_ok=yes
[INFO] [1787109669.531651577] [a3_receive_input_gateway]: ball tracking: lost
[INFO] [1787109669.535518278] [a3_receive_input_gateway]: ball tracking: visible
[INFO] [1787109669.655554149] [a3_receive_input_gateway]: ball tracking: lost
[INFO] [1787109669.694443718] [a3_receive_input_gateway]: gateway calibrated=yes frame_age=3.0ms frames=245105 ball=11222 base_poses=231030 invalid=0 station_ok=yes
[INFO] [1787109669.700038582] [a3_receive_input_gateway]: ball tracking: visible
[INFO] [1787109669.751686061] [a3_receive_input_gateway]: ball tracking: lost
[INFO] [1787109669.759606298] [a3_receive_input_gateway]: ball tracking: visible
[INFO] [1787109669.761541745] [a3_receive_input_gateway]: ball tracking: lost
[INFO] [1787109669.773586444] [a3_receive_input_gateway]: ball tracking: visible
[INFO] [1787109669.851528165] [a3_receive_input_gateway]: ball tracking: lost
[INFO] [1787109669.859649954] [a3_receive_input_gateway]: ball tracking: visible
[INFO] [1787109669.931379103] [a3_receive_input_gateway]: ball tracking: lost
[INFO] [1787109669.949429532] [a3_receive_input_gateway]: ball tracking: visible
[INFO] [1787109670.291980531] [a3_receive_input_gateway]: ball tracking: lost
[INFO] [1787109670.451947137] [a3_receive_input_gateway]: ball tracking: visible
[INFO] [1787109670.455525045] [a3_receive_input_gateway]: ball tracking: lost
[INFO] [1787109670.694533187] [a3_receive_input_gateway]: gateway calibrated=yes frame_age=3.1ms frames=245405 ball=11389 base_poses=231330 invalid=0 station_ok=yes
[INFO] [1787109671.694488866] [a3_receive_input_gateway]: gateway calibrated=yes frame_age=3.1ms frames=245705 ball=11389 base_poses=231630 invalid=0 station_ok=yes
[INFO] [1787109672.589659059] [a3_receive_input_gateway]: ball tracking: visible
[INFO] [1787109672.595082727] [a3_receive_input_gateway]: ball tracking: lost
[INFO] [1787109672.605390346] [a3_receive_input_gateway]: ball tracking: visible
[INFO] [1787109672.694561137] [a3_receive_input_gateway]: gateway calibrated=yes frame_age=3.2ms frames=246005 ball=11418 base_poses=231930 invalid=0 station_ok=yes
[INFO] [1787109673.694397281] [a3_receive_input_gateway]: gateway calibrated=yes frame_age=3.3ms frames=246305 ball=11718 base_poses=232230 invalid=0 station_ok=yes
[INFO] [1787109674.694664482] [a3_receive_input_gateway]: gateway calibrated=yes frame_age=3.3ms frames=246605 ball=12018 base_poses=232530 invalid=0 station_ok=yes
[INFO] [1787109675.694635756] [a3_receive_input_gateway]: gateway calibrated=yes frame_age=1.4ms frames=246905 ball=12318 base_poses=232830 invalid=0 station_ok=yes
[INFO] [1787109676.694558830] [a3_receive_input_gateway]: gateway calibrated=yes frame_age=1.4ms frames=247205 ball=12618 base_poses=233130 invalid=0 station_ok=yes
[INFO] [1787109677.035094451] [a3_receive_input_gateway]: ball tracking: lost
[INFO] [1787109677.045035638] [a3_receive_input_gateway]: ball tracking: visible
[INFO] [1787109677.228967054] [a3_receive_input_gateway]: ball tracking: lost
[INFO] [1787109677.694482191] [a3_receive_input_gateway]: gateway calibrated=yes frame_age=3.5ms frames=247505 ball=12775 base_poses=233430 invalid=0 station_ok=yes
[INFO] [1787109678.499086194] [a3_receive_input_gateway]: ball tracking: visible
[INFO] [1787109678.694516118] [a3_receive_input_gateway]: gateway calibrated=yes frame_age=3.4ms frames=247805 ball=12834 base_poses=233730 invalid=0 station_ok=yes
[INFO] [1787109678.784959908] [a3_receive_input_gateway]: ball tracking: lost
[INFO] [1787109678.790885538] [a3_receive_input_gateway]: ball tracking: visible
[INFO] [1787109679.694513400] [a3_receive_input_gateway]: gateway calibrated=yes frame_age=3.5ms frames=248105 ball=13132 base_poses=234030 invalid=0 station_ok=yes
[INFO] [1787109680.031075068] [a3_receive_input_gateway]: ball tracking: lost
[INFO] [1787109680.069266360] [a3_receive_input_gateway]: ball tracking: visible
[INFO] [1787109680.084943746] [a3_receive_input_gateway]: ball tracking: lost
[INFO] [1787109680.122916730] [a3_receive_input_gateway]: ball tracking: visible
[INFO] [1787109680.162929076] [a3_receive_input_gateway]: ball tracking: lost
[INFO] [1787109680.184901259] [a3_receive_input_gateway]: ball tracking: visible
[INFO] [1787109680.694557495] [a3_receive_input_gateway]: gateway calibrated=yes frame_age=3.4ms frames=248405 ball=13403 base_poses=234330 invalid=0 station_ok=yes
[INFO] [1787109680.795162673] [a3_receive_input_gateway]: ball tracking: lost
[INFO] [1787109681.694542518] [a3_receive_input_gateway]: gateway calibrated=yes frame_age=1.5ms frames=248705 ball=13433 base_poses=234630 invalid=0 station_ok=yes
[INFO] [1787109682.694441698] [a3_receive_input_gateway]: gateway calibrated=yes frame_age=3.7ms frames=249005 ball=13433 base_poses=234930 invalid=0 station_ok=yes
[INFO] [1787109683.694460011] [a3_receive_input_gateway]: gateway calibrated=yes frame_age=3.6ms frames=249305 ball=13433 base_poses=235230 invalid=0 station_ok=yes
[INFO] [1787109684.204799555] [a3_receive_input_gateway]: ball tracking: visible
[INFO] [1787109684.210688766] [a3_receive_input_gateway]: ball tracking: lost
[INFO] [1787109684.232931210] [a3_receive_input_gateway]: ball tracking: visible
[INFO] [1787109684.245222738] [a3_receive_input_gateway]: ball tracking: lost
[INFO] [1787109684.254960862] [a3_receive_input_gateway]: ball tracking: visible
[INFO] [1787109684.694526448] [a3_receive_input_gateway]: gateway calibrated=yes frame_age=3.5ms frames=249605 ball=13571 base_poses=235530 invalid=0 station_ok=yes
[INFO] [1787109685.598674424] [a3_receive_input_gateway]: ball tracking: lost
[INFO] [1787109685.694434990] [a3_receive_input_gateway]: gateway calibrated=yes frame_age=3.8ms frames=249905 ball=13842 base_poses=235830 invalid=0 station_ok=yes
[INFO] [1787109685.928644057] [a3_receive_input_gateway]: ball tracking: visible
[INFO] [1787109686.178655108] [a3_receive_input_gateway]: ball tracking: lost
[INFO] [1787109686.190584429] [a3_receive_input_gateway]: ball tracking: visible
[INFO] [1787109686.694387118] [a3_receive_input_gateway]: gateway calibrated=yes frame_age=1.6ms frames=250205 ball=14068 base_poses=236130 invalid=0 station_ok=no
[INFO] [1787109687.294879474] [a3_receive_input_gateway]: ball tracking: lost
[INFO] [1787109687.304834202] [a3_receive_input_gateway]: ball tracking: visible
[INFO] [1787109687.316563282] [a3_receive_input_gateway]: ball tracking: lost
[INFO] [1787109687.358695959] [a3_receive_input_gateway]: ball tracking: visible
[INFO] [1787109687.370473094] [a3_receive_input_gateway]: ball tracking: lost
[INFO] [1787109687.396573328] [a3_receive_input_gateway]: ball tracking: visible
[INFO] [1787109687.694403381] [a3_receive_input_gateway]: gateway calibrated=yes frame_age=1.7ms frames=250505 ball=14346 base_poses=236430 invalid=0 station_ok=yes
[INFO] [1787109687.940924695] [a3_receive_input_gateway]: ball tracking: lost
[INFO] [1787109688.011345853] [a3_receive_input_gateway]: ball tracking: visible
[INFO] [1787109688.120599200] [a3_receive_input_gateway]: ball tracking: lost
[INFO] [1787109688.694626511] [a3_receive_input_gateway]: gateway calibrated=yes frame_age=1.6ms frames=250805 ball=14454 base_poses=236730 invalid=0 station_ok=yes
[INFO] [1787109689.694515444] [a3_receive_input_gateway]: gateway calibrated=yes frame_age=1.7ms frames=251105 ball=14454 base_poses=237030 invalid=0 station_ok=yes
[INFO] [1787109690.694524951] [a3_receive_input_gateway]: gateway calibrated=yes frame_age=3.8ms frames=251405 ball=14454 base_poses=237330 invalid=0 station_ok=yes
[INFO] [1787109691.098888938] [a3_receive_input_gateway]: ball tracking: visible
[INFO] [1787109691.694754594] [a3_receive_input_gateway]: gateway calibrated=yes frame_age=0.2ms frames=251706 ball=14634 base_poses=237631 invalid=0 station_ok=yes
[INFO] [1787109692.694594913] [a3_receive_input_gateway]: gateway calibrated=yes frame_age=0.2ms frames=252006 ball=14934 base_poses=237931 invalid=0 station_ok=yes
[INFO] [1787109692.928359891] [a3_receive_input_gateway]: ball tracking: lost
[INFO] [1787109692.932296922] [a3_receive_input_gateway]: ball tracking: visible
[INFO] [1787109692.978541259] [a3_receive_input_gateway]: ball tracking: lost
[INFO] [1787109693.490215784] [a3_receive_input_gateway]: ball tracking: visible
[INFO] [1787109693.694444265] [a3_receive_input_gateway]: gateway calibrated=yes frame_age=0.2ms frames=252306 ball=15080 base_poses=238231 invalid=0 station_ok=yes
[INFO] [1787109694.062270219] [a3_receive_input_gateway]: ball tracking: lost
[INFO] [1787109694.068300874] [a3_receive_input_gateway]: ball tracking: visible
[INFO] [1787109694.694532374] [a3_receive_input_gateway]: gateway calibrated=yes frame_age=2.2ms frames=252605 ball=15377 base_poses=238530 invalid=0 station_ok=yes
[INFO] [1787109695.694541624] [a3_receive_input_gateway]: gateway calibrated=yes frame_age=0.2ms frames=252906 ball=15678 base_poses=238831 invalid=0 station_ok=yes
[INFO] [1787109695.890184336] [a3_receive_input_gateway]: ball tracking: lost
[INFO] [1787109696.138378290] [a3_receive_input_gateway]: ball tracking: visible
[INFO] [1787109696.694497964] [a3_receive_input_gateway]: gateway calibrated=yes frame_age=0.2ms frames=253206 ball=15904 base_poses=239131 invalid=0 station_ok=yes
[INFO] [1787109697.694384128] [a3_receive_input_gateway]: gateway calibrated=yes frame_age=0.3ms frames=253506 ball=16204 base_poses=239431 invalid=0 station_ok=yes
[INFO] [1787109698.548332518] [a3_receive_input_gateway]: ball tracking: lost
[INFO] [1787109698.554075506] [a3_receive_input_gateway]: ball tracking: visible
[INFO] [1787109698.694393579] [a3_receive_input_gateway]: gateway calibrated=yes frame_age=0.3ms frames=253806 ball=16502 base_poses=239731 invalid=0 station_ok=yes
[INFO] [1787109699.694390300] [a3_receive_input_gateway]: gateway calibrated=yes frame_age=0.4ms frames=254106 ball=16802 base_poses=240031 invalid=0 station_ok=yes
[INFO] [1787109700.575667043] [a3_receive_input_gateway]: ball tracking: lost
[INFO] [1787109700.694624972] [a3_receive_input_gateway]: gateway calibrated=yes frame_age=0.6ms frames=254406 ball=17065 base_poses=240331 invalid=0 station_ok=yes
[INFO] [1787109701.694404902] [a3_receive_input_gateway]: gateway calibrated=yes frame_age=0.5ms frames=254706 ball=17065 base_poses=240631 invalid=0 station_ok=yes
[INFO] [1787109702.152046858] [a3_receive_input_gateway]: ball tracking: visible
[INFO] [1787109702.582115968] [a3_receive_input_gateway]: ball tracking: lost
[INFO] [1787109702.584072848] [a3_receive_input_gateway]: ball tracking: visible
[INFO] [1787109702.694405780] [a3_receive_input_gateway]: gateway calibrated=yes frame_age=0.4ms frames=255006 ball=17228 base_poses=240931 invalid=0 station_ok=yes
[INFO] [1787109703.694449123] [a3_receive_input_gateway]: gateway calibrated=yes frame_age=2.6ms frames=255305 ball=17527 base_poses=241230 invalid=0 station_ok=no
[INFO] [1787109704.471939084] [a3_receive_input_gateway]: ball tracking: lost
[INFO] [1787109704.475839907] [a3_receive_input_gateway]: ball tracking: visible
[INFO] [1787109704.602378998] [a3_receive_input_gateway]: ball tracking: lost
[INFO] [1787109704.673771742] [a3_receive_input_gateway]: ball tracking: visible
[INFO] [1787109704.695176958] [a3_receive_input_gateway]: gateway calibrated=yes frame_age=1.4ms frames=255606 ball=17805 base_poses=241531 invalid=0 station_ok=no
[INFO] [1787109704.875937035] [a3_receive_input_gateway]: ball tracking: lost
[INFO] [1787109704.942001237] [a3_receive_input_gateway]: ball tracking: visible
[INFO] [1787109705.694713490] [a3_receive_input_gateway]: gateway calibrated=yes frame_age=0.4ms frames=255906 ball=18085 base_poses=241831 invalid=0 station_ok=no
[INFO] [1787109706.210029441] [a3_receive_input_gateway]: ball tracking: lost
[INFO] [1787109706.694480929] [a3_receive_input_gateway]: gateway calibrated=yes frame_age=2.5ms frames=256205 ball=18239 base_poses=242130 invalid=0 station_ok=yes
[INFO] [1787109707.694381751] [a3_receive_input_gateway]: gateway calibrated=yes frame_age=0.8ms frames=256506 ball=18239 base_poses=242431 invalid=0 station_ok=no
[INFO] [1787109708.694377841] [a3_receive_input_gateway]: gateway calibrated=yes frame_age=0.5ms frames=256806 ball=18239 base_poses=242731 invalid=0 station_ok=no
[INFO] [1787109709.694427802] [a3_receive_input_gateway]: gateway calibrated=yes frame_age=2.7ms frames=257105 ball=18239 base_poses=243030 invalid=0 station_ok=no
[INFO] [1787109710.694642834] [a3_receive_input_gateway]: gateway calibrated=yes frame_age=0.9ms frames=257406 ball=18239 base_poses=243331 invalid=0 station_ok=no
[INFO] [1787109711.694463074] [a3_receive_input_gateway]: gateway calibrated=yes frame_age=0.8ms frames=257706 ball=18239 base_poses=243631 invalid=0 station_ok=no
[INFO] [1787109712.694416947] [a3_receive_input_gateway]: gateway calibrated=yes frame_age=0.8ms frames=258006 ball=18239 base_poses=243931 invalid=0 station_ok=no
[INFO] [1787109713.694579832] [a3_receive_input_gateway]: gateway calibrated=yes frame_age=0.9ms frames=258306 ball=18239 base_poses=244231 invalid=0 station_ok=no
[INFO] [1787109714.694443596] [a3_receive_input_gateway]: gateway calibrated=yes frame_age=0.6ms frames=258606 ball=18239 base_poses=244531 invalid=0 station_ok=no
[INFO] [1787109715.694493271] [a3_receive_input_gateway]: gateway calibrated=yes frame_age=1.2ms frames=258906 ball=18239 base_poses=244831 invalid=0 station_ok=no
[INFO] [1787109716.694485838] [a3_receive_input_gateway]: gateway calibrated=yes frame_age=0.9ms frames=259206 ball=18239 base_poses=245131 invalid=0 station_ok=no
[INFO] [1787109717.694470221] [a3_receive_input_gateway]: gateway calibrated=yes frame_age=1.0ms frames=259506 ball=18239 base_poses=245431 invalid=0 station_ok=no
[INFO] [1787109718.694771256] [a3_receive_input_gateway]: gateway calibrated=yes frame_age=1.2ms frames=259806 ball=18239 base_poses=245731 invalid=0 station_ok=no
[INFO] [1787109719.694548446] [a3_receive_input_gateway]: gateway calibrated=yes frame_age=1.3ms frames=260106 ball=18239 base_poses=246031 invalid=0 station_ok=no
[INFO] [1787109720.694414433] [a3_receive_input_gateway]: gateway calibrated=yes frame_age=1.2ms frames=260406 ball=18239 base_poses=246331 invalid=0 station_ok=no
[INFO] [1787109721.694609991] [a3_receive_input_gateway]: gateway calibrated=yes frame_age=0.9ms frames=260706 ball=18239 base_poses=246631 invalid=0 station_ok=no
[INFO] [1787109722.694810564] [a3_receive_input_gateway]: gateway calibrated=yes frame_age=3.7ms frames=261005 ball=18239 base_poses=246930 invalid=0 station_ok=no
[INFO] [1787109723.694534009] [a3_receive_input_gateway]: gateway calibrated=yes frame_age=3.5ms frames=261305 ball=18239 base_poses=247230 invalid=0 station_ok=no
[INFO] [1787109724.694531469] [a3_receive_input_gateway]: gateway calibrated=yes frame_age=3.4ms frames=261605 ball=18239 base_poses=247530 invalid=0 station_ok=no
[INFO] [1787109725.694478362] [a3_receive_input_gateway]: gateway calibrated=yes frame_age=3.5ms frames=261905 ball=18239 base_poses=247830 invalid=0 station_ok=no
[INFO] [1787109726.694422616] [a3_receive_input_gateway]: gateway calibrated=yes frame_age=3.4ms frames=262205 ball=18239 base_poses=248130 invalid=0 station_ok=no
[INFO] [1787109727.694440061] [a3_receive_input_gateway]: gateway calibrated=yes frame_age=1.6ms frames=262506 ball=18239 base_poses=248431 invalid=0 station_ok=no
[INFO] [1787109728.694501694] [a3_receive_input_gateway]: gateway calibrated=yes frame_age=1.7ms frames=262806 ball=18239 base_poses=248731 invalid=0 station_ok=no
[INFO] [1787109729.694446238] [a3_receive_input_gateway]: gateway calibrated=yes frame_age=1.6ms frames=263106 ball=18239 base_poses=249031 invalid=0 station_ok=no
[INFO] [1787109730.694715233] [a3_receive_input_gateway]: gateway calibrated=yes frame_age=3.8ms frames=263405 ball=18239 base_poses=249330 invalid=0 station_ok=no
[INFO] [1787109731.694474451] [a3_receive_input_gateway]: gateway calibrated=yes frame_age=3.3ms frames=263705 ball=18239 base_poses=249630 invalid=0 station_ok=no
[INFO] [1787109732.694417130] [a3_receive_input_gateway]: gateway calibrated=yes frame_age=1.5ms frames=264006 ball=18239 base_poses=249931 invalid=0 station_ok=no
[INFO] [1787109733.694459065] [a3_receive_input_gateway]: gateway calibrated=yes frame_age=3.5ms frames=264305 ball=18239 base_poses=250230 invalid=0 station_ok=no
[INFO] [1787109734.694476268] [a3_receive_input_gateway]: gateway calibrated=yes frame_age=1.7ms frames=264606 ball=18239 base_poses=250531 invalid=0 station_ok=no
[INFO] [1787109735.694607102] [a3_receive_input_gateway]: gateway calibrated=yes frame_age=2.1ms frames=264906 ball=18239 base_poses=250831 invalid=0 station_ok=no
[INFO] [1787109736.694420636] [a3_receive_input_gateway]: gateway calibrated=yes frame_age=3.9ms frames=265205 ball=18239 base_poses=251130 invalid=0 station_ok=no
[INFO] [1787109737.694414194] [a3_receive_input_gateway]: gateway calibrated=yes frame_age=1.9ms frames=265506 ball=18239 base_poses=251431 invalid=0 station_ok=no
[INFO] [1787109738.694584882] [a3_receive_input_gateway]: gateway calibrated=yes frame_age=0.2ms frames=265806 ball=18239 base_poses=251731 invalid=0 station_ok=no
[INFO] [1787109739.694456036] [a3_receive_input_gateway]: gateway calibrated=yes frame_age=1.9ms frames=266106 ball=18239 base_poses=252031 invalid=0 station_ok=no
[INFO] [1787109740.694752899] [a3_receive_input_gateway]: gateway calibrated=yes frame_age=4.5ms frames=266405 ball=18239 base_poses=252330 invalid=0 station_ok=no
[INFO] [1787109741.694478478] [a3_receive_input_gateway]: gateway calibrated=yes frame_age=0.1ms frames=266706 ball=18239 base_poses=252631 invalid=0 station_ok=no
[INFO] [1787109742.694474099] [a3_receive_input_gateway]: gateway calibrated=yes frame_age=2.1ms frames=267006 ball=18239 base_poses=252931 invalid=0 station_ok=no
[INFO] [1787109743.694362432] [a3_receive_input_gateway]: gateway calibrated=yes frame_age=0.2ms frames=267306 ball=18239 base_poses=253231 invalid=0 station_ok=no
[INFO] [1787109744.694390372] [a3_receive_input_gateway]: gateway calibrated=yes frame_age=0.3ms frames=267606 ball=18239 base_poses=253531 invalid=0 station_ok=no
[INFO] [1787109745.694410906] [a3_receive_input_gateway]: gateway calibrated=yes frame_age=0.3ms frames=267906 ball=18239 base_poses=253831 invalid=0 station_ok=no
[INFO] [1787109746.694400852] [a3_receive_input_gateway]: gateway calibrated=yes frame_age=0.3ms frames=268206 ball=18239 base_poses=254131 invalid=0 station_ok=no
[INFO] [1787109747.694498320] [a3_receive_input_gateway]: gateway calibrated=yes frame_age=0.4ms frames=268506 ball=18239 base_poses=254431 invalid=0 station_ok=no
[INFO] [1787109748.694387561] [a3_receive_input_gateway]: gateway calibrated=yes frame_age=0.5ms frames=268806 ball=18239 base_poses=254731 invalid=0 station_ok=no
[INFO] [1787109749.694409896] [a3_receive_input_gateway]: gateway calibrated=yes frame_age=0.5ms frames=269106 ball=18239 base_poses=255031 invalid=0 station_ok=no
[INFO] [1787109750.694994853] [a3_receive_input_gateway]: gateway calibrated=yes frame_age=0.9ms frames=269406 ball=18239 base_poses=255331 invalid=0 station_ok=no
[INFO] [1787109751.694380931] [a3_receive_input_gateway]: gateway calibrated=yes frame_age=0.5ms frames=269706 ball=18239 base_poses=255631 invalid=0 station_ok=no
[INFO] [1787109752.694696802] [a3_receive_input_gateway]: gateway calibrated=yes frame_age=0.7ms frames=270006 ball=18239 base_poses=255931 invalid=0 station_ok=no
[INFO] [1787109753.694424790] [a3_receive_input_gateway]: gateway calibrated=yes frame_age=0.6ms frames=270306 ball=18239 base_poses=256231 invalid=0 station_ok=no
[INFO] [1787109754.694382510] [a3_receive_input_gateway]: gateway calibrated=yes frame_age=0.5ms frames=270606 ball=18239 base_poses=256531 invalid=0 station_ok=no
[INFO] [1787109755.694446419] [a3_receive_input_gateway]: gateway calibrated=yes frame_age=0.7ms frames=270906 ball=18239 base_poses=256831 invalid=0 station_ok=no
[INFO] [1787109756.694430619] [a3_receive_input_gateway]: gateway calibrated=yes frame_age=0.9ms frames=271206 ball=18239 base_poses=257131 invalid=0 station_ok=no
[INFO] [1787109757.694381459] [a3_receive_input_gateway]: gateway calibrated=yes frame_age=0.8ms frames=271506 ball=18239 base_poses=257431 invalid=0 station_ok=no
[INFO] [1787109758.694393109] [a3_receive_input_gateway]: gateway calibrated=yes frame_age=0.6ms frames=271806 ball=18239 base_poses=257731 invalid=0 station_ok=no
[INFO] [1787109759.694712923] [a3_receive_input_gateway]: gateway calibrated=yes frame_age=0.8ms frames=272106 ball=18239 base_poses=258031 invalid=0 station_ok=no
[INFO] [1787109760.694447198] [a3_receive_input_gateway]: gateway calibrated=yes frame_age=0.7ms frames=272406 ball=18239 base_poses=258331 invalid=0 station_ok=no
[INFO] [1787109761.694521544] [a3_receive_input_gateway]: gateway calibrated=yes frame_age=1.1ms frames=272706 ball=18239 base_poses=258631 invalid=0 station_ok=no
[INFO] [1787109762.694506349] [a3_receive_input_gateway]: gateway calibrated=yes frame_age=0.9ms frames=273006 ball=18239 base_poses=258931 invalid=0 station_ok=no
[INFO] [1787109763.694394488] [a3_receive_input_gateway]: gateway calibrated=yes frame_age=0.7ms frames=273306 ball=18239 base_poses=259231 invalid=0 station_ok=no
[INFO] [1787109764.694454210] [a3_receive_input_gateway]: gateway calibrated=yes frame_age=1.1ms frames=273606 ball=18239 base_poses=259531 invalid=0 station_ok=no
[INFO] [1787109765.694529306] [a3_receive_input_gateway]: gateway calibrated=yes frame_age=1.0ms frames=273906 ball=18239 base_poses=259831 invalid=0 station_ok=no
[INFO] [1787109766.694624048] [a3_receive_input_gateway]: gateway calibrated=yes frame_age=5.0ms frames=274205 ball=18239 base_poses=260130 invalid=0 station_ok=no
[INFO] [1787109767.227700232] [a3_receive_input_gateway]: ball tracking: visible
[INFO] [1787109767.437651507] [a3_receive_input_gateway]: ball tracking: lost
[INFO] [1787109767.694484646] [a3_receive_input_gateway]: gateway calibrated=yes frame_age=3.1ms frames=274505 ball=18302 base_poses=260430 invalid=0 station_ok=no
[INFO] [1787109768.694458685] [a3_receive_input_gateway]: gateway calibrated=yes frame_age=5.3ms frames=274805 ball=18302 base_poses=260730 invalid=0 station_ok=no
[INFO] [1787109769.694398941] [a3_receive_input_gateway]: gateway calibrated=yes frame_age=1.4ms frames=275106 ball=18302 base_poses=261031 invalid=0 station_ok=no
[INFO] [1787109770.694428215] [a3_receive_input_gateway]: gateway calibrated=yes frame_age=0.8ms frames=275406 ball=18302 base_poses=261331 invalid=0 station_ok=no
[INFO] [1787109771.694432982] [a3_receive_input_gateway]: gateway calibrated=yes frame_age=1.6ms frames=275706 ball=18302 base_poses=261631 invalid=0 station_ok=no
[INFO] [1787109772.695156028] [a3_receive_input_gateway]: gateway calibrated=yes frame_age=2.2ms frames=276006 ball=18302 base_poses=261931 invalid=0 station_ok=no
[INFO] [1787109773.432991642] [a3_receive_input_gateway]: ball tracking: visible
[INFO] [1787109773.694471642] [a3_receive_input_gateway]: gateway calibrated=yes frame_age=1.3ms frames=276306 ball=18381 base_poses=262231 invalid=0 station_ok=no
[INFO] [1787109773.958913567] [a3_receive_input_gateway]: ball tracking: lost
[INFO] [1787109774.694441811] [a3_receive_input_gateway]: gateway calibrated=yes frame_age=3.3ms frames=276605 ball=18460 base_poses=262530 invalid=0 station_ok=no
[INFO] [1787109775.694516055] [a3_receive_input_gateway]: gateway calibrated=yes frame_age=1.5ms frames=276906 ball=18460 base_poses=262831 invalid=0 station_ok=no
[INFO] [1787109776.694510714] [a3_receive_input_gateway]: gateway calibrated=yes frame_age=1.7ms frames=277206 ball=18460 base_poses=263131 invalid=0 station_ok=no
[INFO] [1787109777.694423424] [a3_receive_input_gateway]: gateway calibrated=yes frame_age=1.6ms frames=277506 ball=18460 base_poses=263431 invalid=0 station_ok=no
[INFO] [1787109778.694685450] [a3_receive_input_gateway]: gateway calibrated=yes frame_age=1.9ms frames=277806 ball=18460 base_poses=263731 invalid=0 station_ok=no
[INFO] [1787109779.694394089] [a3_receive_input_gateway]: gateway calibrated=yes frame_age=1.7ms frames=278106 ball=18460 base_poses=264031 invalid=0 station_ok=no
[INFO] [1787109780.694549185] [a3_receive_input_gateway]: gateway calibrated=yes frame_age=1.7ms frames=278406 ball=18460 base_poses=264331 invalid=0 station_ok=no
[INFO] [1787109781.694419535] [a3_receive_input_gateway]: gateway calibrated=yes frame_age=2.0ms frames=278706 ball=18460 base_poses=264631 invalid=0 station_ok=no
[INFO] [1787109782.694587582] [a3_receive_input_gateway]: gateway calibrated=yes frame_age=0.2ms frames=279006 ball=18460 base_poses=264931 invalid=0 station_ok=no
[INFO] [1787109783.694397804] [a3_receive_input_gateway]: gateway calibrated=yes frame_age=2.0ms frames=279306 ball=18460 base_poses=265231 invalid=0 station_ok=no
[INFO] [1787109784.694572751] [a3_receive_input_gateway]: gateway calibrated=yes frame_age=0.2ms frames=279606 ball=18460 base_poses=265531 invalid=0 station_ok=no
[INFO] [1787109785.694440751] [a3_receive_input_gateway]: gateway calibrated=yes frame_age=2.0ms frames=279906 ball=18460 base_poses=265831 invalid=0 station_ok=no
[INFO] [1787109786.694618258] [a3_receive_input_gateway]: gateway calibrated=yes frame_age=0.2ms frames=280206 ball=18460 base_poses=266131 invalid=0 station_ok=no
[INFO] [1787109787.694393376] [a3_receive_input_gateway]: gateway calibrated=yes frame_age=0.1ms frames=280506 ball=18460 base_poses=266431 invalid=0 station_ok=no
[INFO] [1787109788.694448091] [a3_receive_input_gateway]: gateway calibrated=yes frame_age=2.2ms frames=280806 ball=18460 base_poses=266731 invalid=0 station_ok=no
[INFO] [1787109789.694451126] [a3_receive_input_gateway]: gateway calibrated=yes frame_age=2.2ms frames=281106 ball=18460 base_poses=267031 invalid=0 station_ok=no
[INFO] [1787109790.694469264] [a3_receive_input_gateway]: gateway calibrated=yes frame_age=2.4ms frames=281406 ball=18460 base_poses=267331 invalid=0 station_ok=no
[INFO] [1787109791.694539532] [a3_receive_input_gateway]: gateway calibrated=yes frame_age=2.4ms frames=281706 ball=18460 base_poses=267631 invalid=0 station_ok=no
[INFO] [1787109792.694425753] [a3_receive_input_gateway]: gateway calibrated=yes frame_age=2.3ms frames=282006 ball=18460 base_poses=267931 invalid=0 station_ok=no
[INFO] [1787109793.694606597] [a3_receive_input_gateway]: gateway calibrated=yes frame_age=2.1ms frames=282306 ball=18460 base_poses=268231 invalid=0 station_ok=no
[INFO] [1787109794.694422510] [a3_receive_input_gateway]: gateway calibrated=yes frame_age=2.4ms frames=282606 ball=18460 base_poses=268531 invalid=0 station_ok=no
[INFO] [1787109795.694564256] [a3_receive_input_gateway]: gateway calibrated=yes frame_age=2.7ms frames=282906 ball=18460 base_poses=268831 invalid=0 station_ok=no
[INFO] [1787109796.694602923] [a3_receive_input_gateway]: gateway calibrated=yes frame_age=2.3ms frames=283206 ball=18460 base_poses=269131 invalid=0 station_ok=no
[INFO] [1787109797.694501749] [a3_receive_input_gateway]: gateway calibrated=yes frame_age=2.6ms frames=283506 ball=18460 base_poses=269431 invalid=0 station_ok=no
[INFO] [1787109798.694483094] [a3_receive_input_gateway]: gateway calibrated=yes frame_age=2.8ms frames=283806 ball=18460 base_poses=269731 invalid=0 station_ok=no
[INFO] [1787109799.694393586] [a3_receive_input_gateway]: gateway calibrated=yes frame_age=0.5ms frames=284106 ball=18460 base_poses=270031 invalid=0 station_ok=no
[INFO] [1787109800.694620879] [a3_receive_input_gateway]: gateway calibrated=yes frame_age=0.8ms frames=284406 ball=18460 base_poses=270331 invalid=0 station_ok=no
[INFO] [1787109801.694437707] [a3_receive_input_gateway]: gateway calibrated=yes frame_age=0.7ms frames=284706 ball=18460 base_poses=270631 invalid=0 station_ok=no
[INFO] [1787109802.694596829] [a3_receive_input_gateway]: gateway calibrated=yes frame_age=2.9ms frames=285006 ball=18460 base_poses=270931 invalid=0 station_ok=no
[INFO] [1787109803.694445374] [a3_receive_input_gateway]: gateway calibrated=yes frame_age=2.4ms frames=285306 ball=18460 base_poses=271231 invalid=0 station_ok=no
[INFO] [1787109804.694574088] [a3_receive_input_gateway]: gateway calibrated=yes frame_age=2.6ms frames=285606 ball=18460 base_poses=271531 invalid=0 station_ok=no
[INFO] [1787109805.694652790] [a3_receive_input_gateway]: gateway calibrated=yes frame_age=0.2ms frames=285906 ball=18460 base_poses=271831 invalid=0 station_ok=no
[INFO] [1787109806.694418988] [a3_receive_input_gateway]: gateway calibrated=yes frame_age=1.0ms frames=286206 ball=18460 base_poses=272131 invalid=0 station_ok=no
[INFO] [1787109807.694404337] [a3_receive_input_gateway]: gateway calibrated=yes frame_age=0.5ms frames=286506 ball=18460 base_poses=272431 invalid=0 station_ok=no
[INFO] [1787109808.033465221] [a3_receive_input_gateway]: ball tracking: visible
[INFO] [1787109808.559570937] [a3_receive_input_gateway]: ball tracking: lost
[INFO] [1787109808.694400607] [a3_receive_input_gateway]: gateway calibrated=yes frame_age=0.8ms frames=286806 ball=18618 base_poses=272731 invalid=0 station_ok=no
[INFO] [1787109808.723395436] [a3_receive_input_gateway]: ball tracking: visible
[INFO] [1787109809.694537123] [a3_receive_input_gateway]: gateway calibrated=yes frame_age=1.2ms frames=287106 ball=18910 base_poses=273031 invalid=0 station_ok=no
[INFO] [1787109810.303537381] [a3_receive_input_gateway]: ball tracking: lost
[INFO] [1787109810.373271488] [a3_receive_input_gateway]: ball tracking: visible
[INFO] [1787109810.694484904] [a3_receive_input_gateway]: gateway calibrated=yes frame_age=1.0ms frames=287406 ball=19189 base_poses=273331 invalid=0 station_ok=no
[INFO] [1787109811.694487308] [a3_receive_input_gateway]: gateway calibrated=yes frame_age=1.0ms frames=287706 ball=19489 base_poses=273631 invalid=0 station_ok=no
[INFO] [1787109812.694550345] [a3_receive_input_gateway]: gateway calibrated=yes frame_age=1.3ms frames=288006 ball=19789 base_poses=273931 invalid=0 station_ok=no
[INFO] [1787109813.694531178] [a3_receive_input_gateway]: gateway calibrated=yes frame_age=1.4ms frames=288306 ball=20089 base_poses=274231 invalid=0 station_ok=no
[INFO] [1787109814.637146135] [a3_receive_input_gateway]: ball tracking: lost
[INFO] [1787109814.694619405] [a3_receive_input_gateway]: gateway calibrated=yes frame_age=0.7ms frames=288606 ball=20371 base_poses=274531 invalid=0 station_ok=no
[INFO] [1787109815.649415654] [a3_receive_input_gateway]: ball tracking: visible
[INFO] [1787109815.694411100] [a3_receive_input_gateway]: gateway calibrated=yes frame_age=3.4ms frames=288906 ball=20385 base_poses=274831 invalid=0 station_ok=no
[INFO] [1787109816.694430002] [a3_receive_input_gateway]: gateway calibrated=yes frame_age=1.5ms frames=289206 ball=20685 base_poses=275131 invalid=0 station_ok=no
[INFO] [1787109817.694444086] [a3_receive_input_gateway]: gateway calibrated=yes frame_age=1.4ms frames=289506 ball=20985 base_poses=275431 invalid=0 station_ok=no
[INFO] [1787109818.167289170] [a3_receive_input_gateway]: ball tracking: lost
[INFO] [1787109818.175042797] [a3_receive_input_gateway]: ball tracking: visible
[INFO] [1787109818.694428298] [a3_receive_input_gateway]: gateway calibrated=yes frame_age=1.5ms frames=289806 ball=21283 base_poses=275731 invalid=0 station_ok=no
[INFO] [1787109819.694670783] [a3_receive_input_gateway]: gateway calibrated=yes frame_age=5.5ms frames=290105 ball=21582 base_poses=276030 invalid=0 station_ok=no
[INFO] [1787109820.694945399] [a3_receive_input_gateway]: gateway calibrated=yes frame_age=2.0ms frames=290406 ball=21883 base_poses=276331 invalid=0 station_ok=no
[INFO] [1787109821.694570375] [a3_receive_input_gateway]: gateway calibrated=yes frame_age=1.6ms frames=290706 ball=22183 base_poses=276631 invalid=0 station_ok=no
[INFO] [1787109822.694484314] [a3_receive_input_gateway]: gateway calibrated=yes frame_age=1.6ms frames=291006 ball=22483 base_poses=276931 invalid=0 station_ok=no
[INFO] [1787109823.694410641] [a3_receive_input_gateway]: gateway calibrated=yes frame_age=1.5ms frames=291306 ball=22783 base_poses=277231 invalid=0 station_ok=no
[INFO] [1787109824.694422769] [a3_receive_input_gateway]: gateway calibrated=yes frame_age=1.6ms frames=291606 ball=23083 base_poses=277531 invalid=0 station_ok=no
[INFO] [1787109825.694441921] [a3_receive_input_gateway]: gateway calibrated=yes frame_age=1.7ms frames=291906 ball=23383 base_poses=277831 invalid=0 station_ok=no
[INFO] [1787109826.694456876] [a3_receive_input_gateway]: gateway calibrated=yes frame_age=1.9ms frames=292206 ball=23683 base_poses=278131 invalid=0 station_ok=no
[INFO] [1787109827.694415503] [a3_receive_input_gateway]: gateway calibrated=yes frame_age=1.7ms frames=292506 ball=23983 base_poses=278431 invalid=0 station_ok=no
[INFO] [1787109828.694417244] [a3_receive_input_gateway]: gateway calibrated=yes frame_age=1.9ms frames=292806 ball=24283 base_poses=278731 invalid=0 station_ok=no
[INFO] [1787109829.694471482] [a3_receive_input_gateway]: gateway calibrated=yes frame_age=2.0ms frames=293106 ball=24583 base_poses=279031 invalid=0 station_ok=no
[INFO] [1787109830.694564083] [a3_receive_input_gateway]: gateway calibrated=yes frame_age=1.8ms frames=293406 ball=24883 base_poses=279331 invalid=0 station_ok=no
[INFO] [1787109831.694440435] [a3_receive_input_gateway]: gateway calibrated=yes frame_age=1.8ms frames=293706 ball=25183 base_poses=279631 invalid=0 station_ok=no
[INFO] [1787109832.694475717] [a3_receive_input_gateway]: gateway calibrated=yes frame_age=2.0ms frames=294006 ball=25483 base_poses=279931 invalid=0 station_ok=no
[INFO] [1787109833.694422582] [a3_receive_input_gateway]: gateway calibrated=yes frame_age=1.9ms frames=294306 ball=25783 base_poses=280231 invalid=0 station_ok=no
[INFO] [1787109834.694403945] [a3_receive_input_gateway]: gateway calibrated=yes frame_age=2.2ms frames=294606 ball=26083 base_poses=280531 invalid=0 station_ok=no
[INFO] [1787109835.694444025] [a3_receive_input_gateway]: gateway calibrated=yes frame_age=2.2ms frames=294906 ball=26383 base_poses=280831 invalid=0 station_ok=no
[INFO] [1787109836.694457398] [a3_receive_input_gateway]: gateway calibrated=yes frame_age=2.3ms frames=295206 ball=26683 base_poses=281131 invalid=0 station_ok=no
[INFO] [1787109837.694563551] [a3_receive_input_gateway]: gateway calibrated=yes frame_age=0.3ms frames=295506 ball=26983 base_poses=281431 invalid=0 station_ok=no
[INFO] [1787109838.694510748] [a3_receive_input_gateway]: gateway calibrated=yes frame_age=2.3ms frames=295806 ball=27283 base_poses=281731 invalid=0 station_ok=no
[INFO] [1787109839.694509364] [a3_receive_input_gateway]: gateway calibrated=yes frame_age=2.3ms frames=296106 ball=27583 base_poses=282031 invalid=0 station_ok=no
[INFO] [1787109840.694427037] [a3_receive_input_gateway]: gateway calibrated=yes frame_age=2.4ms frames=296406 ball=27883 base_poses=282331 invalid=0 station_ok=no
[INFO] [1787109841.694484901] [a3_receive_input_gateway]: gateway calibrated=yes frame_age=2.6ms frames=296706 ball=28183 base_poses=282631 invalid=0 station_ok=no
[INFO] [1787109842.671836095] [a3_receive_input_gateway]: ball tracking: lost
[INFO] [1787109842.694415201] [a3_receive_input_gateway]: gateway calibrated=yes frame_age=2.6ms frames=297006 ball=28476 base_poses=282931 invalid=0 station_ok=no
[INFO] [1787109843.694422760] [a3_receive_input_gateway]: gateway calibrated=yes frame_age=2.6ms frames=297306 ball=28476 base_poses=283231 invalid=0 station_ok=no
[INFO] [1787109844.694423105] [a3_receive_input_gateway]: gateway calibrated=yes frame_age=2.6ms frames=297606 ball=28476 base_poses=283531 invalid=0 station_ok=no
[INFO] [1787109845.694394713] [a3_receive_input_gateway]: gateway calibrated=yes frame_age=2.6ms frames=297906 ball=28476 base_poses=283831 invalid=0 station_ok=no
[INFO] [1787109846.694426209] [a3_receive_input_gateway]: gateway calibrated=yes frame_age=2.7ms frames=298206 ball=28476 base_poses=284131 invalid=0 station_ok=no
[INFO] [1787109847.694397147] [a3_receive_input_gateway]: gateway calibrated=yes frame_age=2.6ms frames=298506 ball=28476 base_poses=284431 invalid=0 station_ok=no
[INFO] [1787109848.694408981] [a3_receive_input_gateway]: gateway calibrated=yes frame_age=0.7ms frames=298806 ball=28476 base_poses=284731 invalid=0 station_ok=no
[INFO] [1787109849.661795929] [a3_receive_input_gateway]: ball tracking: visible
[INFO] [1787109849.694388157] [a3_receive_input_gateway]: gateway calibrated=yes frame_age=0.7ms frames=299106 ball=28486 base_poses=285031 invalid=0 station_ok=no
[INFO] [1787109850.387724597] [a3_receive_input_gateway]: ball tracking: lost
[INFO] [1787109850.694394626] [a3_receive_input_gateway]: gateway calibrated=yes frame_age=0.8ms frames=299406 ball=28693 base_poses=285331 invalid=0 station_ok=no
[INFO] [1787109851.694396081] [a3_receive_input_gateway]: gateway calibrated=yes frame_age=0.8ms frames=299706 ball=28693 base_poses=285631 invalid=0 station_ok=no
[INFO] [1787109852.694568803] [a3_receive_input_gateway]: gateway calibrated=yes frame_age=3.0ms frames=300006 ball=28693 base_poses=285931 invalid=0 station_ok=no
[INFO] [1787109853.694465922] [a3_receive_input_gateway]: gateway calibrated=yes frame_age=0.7ms frames=300306 ball=28693 base_poses=286231 invalid=0 station_ok=no
[INFO] [1787109854.694616832] [a3_receive_input_gateway]: gateway calibrated=yes frame_age=0.8ms frames=300606 ball=28693 base_poses=286531 invalid=0 station_ok=no
[INFO] [1787109855.694401910] [a3_receive_input_gateway]: gateway calibrated=yes frame_age=2.9ms frames=300906 ball=28693 base_poses=286831 invalid=0 station_ok=no
[INFO] [1787109856.694385949] [a3_receive_input_gateway]: gateway calibrated=yes frame_age=3.1ms frames=301206 ball=28693 base_poses=287131 invalid=0 station_ok=no
[INFO] [1787109857.694567827] [a3_receive_input_gateway]: gateway calibrated=yes frame_age=3.3ms frames=301506 ball=28693 base_poses=287431 invalid=0 station_ok=no
[INFO] [1787109858.694849454] [a3_receive_input_gateway]: gateway calibrated=yes frame_age=3.3ms frames=301806 ball=28693 base_poses=287731 invalid=0 station_ok=no
[INFO] [1787109859.694446866] [a3_receive_input_gateway]: gateway calibrated=yes frame_age=3.3ms frames=302106 ball=28693 base_poses=288031 invalid=0 station_ok=no
[INFO] [1787109860.694787176] [a3_receive_input_gateway]: gateway calibrated=yes frame_age=3.0ms frames=302406 ball=28693 base_poses=288331 invalid=0 station_ok=no
[INFO] [1787109861.694461860] [a3_receive_input_gateway]: gateway calibrated=yes frame_age=3.4ms frames=302706 ball=28693 base_poses=288631 invalid=0 station_ok=no
[INFO] [1787109862.694480078] [a3_receive_input_gateway]: gateway calibrated=yes frame_age=3.2ms frames=303006 ball=28693 base_poses=288931 invalid=0 station_ok=no
[INFO] [1787109863.694429954] [a3_receive_input_gateway]: gateway calibrated=yes frame_age=3.5ms frames=303306 ball=28693 base_poses=289231 invalid=0 station_ok=no
[INFO] [1787109864.694601669] [a3_receive_input_gateway]: gateway calibrated=yes frame_age=3.7ms frames=303606 ball=28693 base_poses=289531 invalid=0 station_ok=no
[INFO] [1787109865.694466783] [a3_receive_input_gateway]: gateway calibrated=yes frame_age=3.5ms frames=303906 ball=28693 base_poses=289831 invalid=0 station_ok=no
[INFO] [1787109866.694437287] [a3_receive_input_gateway]: gateway calibrated=yes frame_age=3.6ms frames=304206 ball=28693 base_poses=290131 invalid=0 station_ok=no
[INFO] [1787109867.694421975] [a3_receive_input_gateway]: gateway calibrated=yes frame_age=3.4ms frames=304506 ball=28693 base_poses=290431 invalid=0 station_ok=no
[INFO] [1787109868.694427833] [a3_receive_input_gateway]: gateway calibrated=yes frame_age=3.6ms frames=304806 ball=28693 base_poses=290731 invalid=0 station_ok=no
[INFO] [1787109869.694544696] [a3_receive_input_gateway]: gateway calibrated=yes frame_age=3.4ms frames=305106 ball=28693 base_poses=291031 invalid=0 station_ok=no
[INFO] [1787109870.694459363] [a3_receive_input_gateway]: gateway calibrated=yes frame_age=3.8ms frames=305406 ball=28693 base_poses=291331 invalid=0 station_ok=no
[INFO] [1787109871.694502790] [a3_receive_input_gateway]: gateway calibrated=yes frame_age=3.9ms frames=305706 ball=28693 base_poses=291631 invalid=0 station_ok=no
[INFO] [1787109872.694412080] [a3_receive_input_gateway]: gateway calibrated=yes frame_age=3.9ms frames=306006 ball=28693 base_poses=291931 invalid=0 station_ok=no
[INFO] [1787109873.694581409] [a3_receive_input_gateway]: gateway calibrated=yes frame_age=1.7ms frames=306306 ball=28693 base_poses=292231 invalid=0 station_ok=no
[INFO] [1787109874.694446365] [a3_receive_input_gateway]: gateway calibrated=yes frame_age=3.7ms frames=306606 ball=28693 base_poses=292531 invalid=0 station_ok=no
[INFO] [1787109875.694509686] [a3_receive_input_gateway]: gateway calibrated=yes frame_age=3.8ms frames=306906 ball=28693 base_poses=292831 invalid=0 station_ok=no
[INFO] [1787109876.694478848] [a3_receive_input_gateway]: gateway calibrated=yes frame_age=3.7ms frames=307206 ball=28693 base_poses=293131 invalid=0 station_ok=no
[INFO] [1787109877.694503077] [a3_receive_input_gateway]: gateway calibrated=yes frame_age=1.8ms frames=307506 ball=28693 base_poses=293431 invalid=0 station_ok=no
[INFO] [1787109878.694498192] [a3_receive_input_gateway]: gateway calibrated=yes frame_age=2.0ms frames=307806 ball=28693 base_poses=293731 invalid=0 station_ok=no
[INFO] [1787109879.694582584] [a3_receive_input_gateway]: gateway calibrated=yes frame_age=0.2ms frames=308107 ball=28693 base_poses=294032 invalid=0 station_ok=no
[INFO] [1787109880.694484204] [a3_receive_input_gateway]: gateway calibrated=yes frame_age=1.7ms frames=308406 ball=28693 base_poses=294331 invalid=0 station_ok=no
[INFO] [1787109881.694838232] [a3_receive_input_gateway]: gateway calibrated=yes frame_age=0.4ms frames=308707 ball=28693 base_poses=294632 invalid=0 station_ok=no
[INFO] [1787109882.694359563] [a3_receive_input_gateway]: gateway calibrated=yes frame_age=0.2ms frames=309007 ball=28693 base_poses=294932 invalid=0 station_ok=no
[INFO] [1787109883.694389844] [a3_receive_input_gateway]: gateway calibrated=yes frame_age=0.3ms frames=309307 ball=28693 base_poses=295232 invalid=0 station_ok=no
[INFO] [1787109884.408126542] [a3_receive_input_gateway]: ball tracking: visible
[INFO] [1787109884.694488450] [a3_receive_input_gateway]: gateway calibrated=yes frame_age=0.2ms frames=309607 ball=28780 base_poses=295532 invalid=0 station_ok=no
[INFO] [1787109885.694466312] [a3_receive_input_gateway]: gateway calibrated=yes frame_age=0.3ms frames=309907 ball=29080 base_poses=295832 invalid=0 station_ok=no
[INFO] [1787109886.694435531] [a3_receive_input_gateway]: gateway calibrated=yes frame_age=0.3ms frames=310207 ball=29380 base_poses=296132 invalid=0 station_ok=no
[INFO] [1787109887.394134607] [a3_receive_input_gateway]: ball tracking: lost
[INFO] [1787109887.694467069] [a3_receive_input_gateway]: gateway calibrated=yes frame_age=0.5ms frames=310507 ball=29589 base_poses=296432 invalid=0 station_ok=no
[INFO] [1787109888.694327789] [a3_receive_input_gateway]: gateway calibrated=yes frame_age=0.2ms frames=310807 ball=29589 base_poses=296732 invalid=0 station_ok=no
[INFO] [1787109889.694578565] [a3_receive_input_gateway]: gateway calibrated=yes frame_age=2.5ms frames=311106 ball=29589 base_poses=297031 invalid=0 station_ok=no
[INFO] [1787109890.694910167] [a3_receive_input_gateway]: gateway calibrated=yes frame_age=0.4ms frames=311407 ball=29589 base_poses=297332 invalid=0 station_ok=no
[INFO] [1787109891.694390221] [a3_receive_input_gateway]: gateway calibrated=yes frame_age=0.6ms frames=311707 ball=29589 base_poses=297632 invalid=0 station_ok=no
[INFO] [1787109892.694403682] [a3_receive_input_gateway]: gateway calibrated=yes frame_age=0.7ms frames=312007 ball=29589 base_poses=297932 invalid=0 station_ok=no
[INFO] [1787109893.694375623] [a3_receive_input_gateway]: gateway calibrated=yes frame_age=0.6ms frames=312307 ball=29589 base_poses=298232 invalid=0 station_ok=no
[INFO] [1787109894.694507037] [a3_receive_input_gateway]: gateway calibrated=yes frame_age=0.7ms frames=312607 ball=29589 base_poses=298532 invalid=0 station_ok=no
[INFO] [1787109895.694399114] [a3_receive_input_gateway]: gateway calibrated=yes frame_age=0.6ms frames=312907 ball=29589 base_poses=298832 invalid=0 station_ok=no
[INFO] [1787109896.694436312] [a3_receive_input_gateway]: gateway calibrated=yes frame_age=2.8ms frames=313206 ball=29589 base_poses=299131 invalid=0 station_ok=no
[INFO] [1787109897.551626043] [a3_receive_input_gateway]: ball tracking: visible
[INFO] [1787109897.694433130] [a3_receive_input_gateway]: gateway calibrated=yes frame_age=2.8ms frames=313506 ball=29632 base_poses=299431 invalid=0 station_ok=no
[INFO] [1787109898.694535398] [a3_receive_input_gateway]: gateway calibrated=yes frame_age=2.9ms frames=313806 ball=29932 base_poses=299731 invalid=0 station_ok=no
[INFO] [1787109899.126015302] [a3_receive_input_gateway]: ball tracking: lost
[INFO] [1787109899.694450423] [a3_receive_input_gateway]: gateway calibrated=yes frame_age=2.7ms frames=314106 ball=30061 base_poses=300031 invalid=0 station_ok=no
[INFO] [1787109900.694431654] [a3_receive_input_gateway]: gateway calibrated=yes frame_age=3.1ms frames=314406 ball=30061 base_poses=300331 invalid=0 station_ok=no
[INFO] [1787109901.694435706] [a3_receive_input_gateway]: gateway calibrated=yes frame_age=3.0ms frames=314706 ball=30061 base_poses=300631 invalid=0 station_ok=no
[INFO] [1787109902.694417979] [a3_receive_input_gateway]: gateway calibrated=yes frame_age=3.0ms frames=315006 ball=30061 base_poses=300931 invalid=0 station_ok=no
[INFO] [1787109903.694410541] [a3_receive_input_gateway]: gateway calibrated=yes frame_age=3.2ms frames=315306 ball=30061 base_poses=301231 invalid=0 station_ok=no
[INFO] [1787109904.694469019] [a3_receive_input_gateway]: gateway calibrated=yes frame_age=1.1ms frames=315607 ball=30061 base_poses=301532 invalid=0 station_ok=no
[INFO] [1787109905.694529697] [a3_receive_input_gateway]: gateway calibrated=yes frame_age=1.3ms frames=315907 ball=30061 base_poses=301832 invalid=0 station_ok=no
[INFO] [1787109906.694536801] [a3_receive_input_gateway]: gateway calibrated=yes frame_age=1.2ms frames=316207 ball=30061 base_poses=302132 invalid=0 station_ok=no
[INFO] [1787109907.694519724] [a3_receive_input_gateway]: gateway calibrated=yes frame_age=1.4ms frames=316507 ball=30061 base_poses=302432 invalid=0 station_ok=no
[INFO] [1787109908.694542138] [a3_receive_input_gateway]: gateway calibrated=yes frame_age=1.4ms frames=316807 ball=30061 base_poses=302732 invalid=0 station_ok=no
[INFO] [1787109909.694547027] [a3_receive_input_gateway]: gateway calibrated=yes frame_age=1.4ms frames=317107 ball=30061 base_poses=303032 invalid=0 station_ok=no
[INFO] [1787109910.694703692] [a3_receive_input_gateway]: gateway calibrated=yes frame_age=1.2ms frames=317407 ball=30061 base_poses=303332 invalid=0 station_ok=no
[INFO] [1787109911.694444220] [a3_receive_input_gateway]: gateway calibrated=yes frame_age=1.1ms frames=317707 ball=30061 base_poses=303632 invalid=0 station_ok=no
[INFO] [1787109912.694427740] [a3_receive_input_gateway]: gateway calibrated=yes frame_age=3.4ms frames=318006 ball=30061 base_poses=303931 invalid=0 station_ok=no
[INFO] [1787109913.694414271] [a3_receive_input_gateway]: gateway calibrated=yes frame_age=1.7ms frames=318307 ball=30061 base_poses=304232 invalid=0 station_ok=no
[INFO] [1787109914.694554349] [a3_receive_input_gateway]: gateway calibrated=yes frame_age=1.6ms frames=318607 ball=30061 base_poses=304532 invalid=0 station_ok=no
[INFO] [1787109915.694446434] [a3_receive_input_gateway]: gateway calibrated=yes frame_age=1.7ms frames=318895 ball=30061 base_poses=304820 invalid=0 station_ok=no
[INFO] [1787109916.694428358] [a3_receive_input_gateway]: gateway calibrated=yes frame_age=3.7ms frames=319185 ball=30061 base_poses=305110 invalid=0 station_ok=no
[INFO] [1787109917.694467404] [a3_receive_input_gateway]: gateway calibrated=yes frame_age=3.7ms frames=319485 ball=30061 base_poses=305410 invalid=0 station_ok=no
[INFO] [1787109918.694470586] [a3_receive_input_gateway]: gateway calibrated=yes frame_age=3.5ms frames=319785 ball=30061 base_poses=305710 invalid=0 station_ok=no
[INFO] [1787109919.694543992] [a3_receive_input_gateway]: gateway calibrated=yes frame_age=3.8ms frames=320085 ball=30061 base_poses=306010 invalid=0 station_ok=no
[INFO] [1787109920.694588730] [a3_receive_input_gateway]: gateway calibrated=yes frame_age=1.6ms frames=320386 ball=30061 base_poses=306311 invalid=0 station_ok=no
[INFO] [1787109921.694790550] [a3_receive_input_gateway]: gateway calibrated=yes frame_age=3.6ms frames=320685 ball=30061 base_poses=306610 invalid=0 station_ok=no
[INFO] [1787109921.866845702] [a3_receive_input_gateway]: ball tracking: visible
[INFO] [1787109922.370711743] [a3_receive_input_gateway]: ball tracking: lost
[INFO] [1787109922.694525390] [a3_receive_input_gateway]: gateway calibrated=yes frame_age=1.3ms frames=320986 ball=30212 base_poses=306911 invalid=0 station_ok=no
[INFO] [1787109923.230594845] [a3_receive_input_gateway]: ball tracking: visible
[INFO] [1787109923.694731526] [a3_receive_input_gateway]: gateway calibrated=yes frame_age=0.2ms frames=321286 ball=30352 base_poses=307211 invalid=0 station_ok=no
[INFO] [1787109924.694727293] [a3_receive_input_gateway]: gateway calibrated=yes frame_age=0.2ms frames=321586 ball=30652 base_poses=307511 invalid=0 station_ok=no
[INFO] [1787109925.220373834] [a3_receive_input_gateway]: ball tracking: lost
[INFO] [1787109925.694747160] [a3_receive_input_gateway]: gateway calibrated=yes frame_age=0.2ms frames=321886 ball=30809 base_poses=307811 invalid=0 station_ok=no
[INFO] [1787109926.172869878] [a3_receive_input_gateway]: ball tracking: visible
[INFO] [1787109926.276236061] [a3_receive_input_gateway]: ball tracking: lost
[INFO] [1787109926.694523194] [a3_receive_input_gateway]: gateway calibrated=yes frame_age=0.2ms frames=322186 ball=30841 base_poses=308111 invalid=0 station_ok=no
[INFO] [1787109927.174226552] [a3_receive_input_gateway]: ball tracking: visible
[INFO] [1787109927.370222336] [a3_receive_input_gateway]: ball tracking: lost
[INFO] [1787109927.694754537] [a3_receive_input_gateway]: gateway calibrated=yes frame_age=2.4ms frames=322485 ball=30900 base_poses=308410 invalid=0 station_ok=no
[INFO] [1787109928.558773998] [a3_receive_input_gateway]: ball tracking: visible
[INFO] [1787109928.654515563] [a3_receive_input_gateway]: ball tracking: lost
[INFO] [1787109928.695528193] [a3_receive_input_gateway]: gateway calibrated=yes frame_age=0.2ms frames=322786 ball=30929 base_poses=308711 invalid=0 station_ok=no
[INFO] [1787109929.694564311] [a3_receive_input_gateway]: gateway calibrated=yes frame_age=0.3ms frames=323086 ball=30929 base_poses=309011 invalid=0 station_ok=no
[INFO] [1787109930.694652367] [a3_receive_input_gateway]: gateway calibrated=yes frame_age=0.2ms frames=323386 ball=30929 base_poses=309311 invalid=0 station_ok=no
[INFO] [1787109931.694884661] [a3_receive_input_gateway]: gateway calibrated=yes frame_age=0.3ms frames=323686 ball=30929 base_poses=309611 invalid=0 station_ok=no
[INFO] [1787109932.694760411] [a3_receive_input_gateway]: gateway calibrated=yes frame_age=4.7ms frames=323985 ball=30929 base_poses=309910 invalid=0 station_ok=no
[INFO] [1787109933.694413305] [a3_receive_input_gateway]: gateway calibrated=yes frame_age=4.5ms frames=324285 ball=30929 base_poses=310210 invalid=0 station_ok=no
[INFO] [1787109934.694651153] [a3_receive_input_gateway]: gateway calibrated=yes frame_age=4.7ms frames=324585 ball=30929 base_poses=310510 invalid=0 station_ok=no
[INFO] [1787109935.694378196] [a3_receive_input_gateway]: gateway calibrated=yes frame_age=0.4ms frames=324886 ball=30929 base_poses=310811 invalid=0 station_ok=no
[INFO] [1787109936.694588833] [a3_receive_input_gateway]: gateway calibrated=yes frame_age=0.6ms frames=325186 ball=30929 base_poses=311111 invalid=0 station_ok=no
[INFO] [1787109937.694384971] [a3_receive_input_gateway]: gateway calibrated=yes frame_age=0.6ms frames=325486 ball=30929 base_poses=311411 invalid=0 station_ok=no
[INFO] [1787109938.694428232] [a3_receive_input_gateway]: gateway calibrated=yes frame_age=0.7ms frames=325786 ball=30929 base_poses=311711 invalid=0 station_ok=no
[INFO] [1787109939.694503558] [a3_receive_input_gateway]: gateway calibrated=yes frame_age=4.7ms frames=326085 ball=30929 base_poses=312010 invalid=0 station_ok=no
[INFO] [1787109940.694911393] [a3_receive_input_gateway]: gateway calibrated=yes frame_age=1.2ms frames=326386 ball=30929 base_poses=312311 invalid=0 station_ok=no
[INFO] [1787109941.694405950] [a3_receive_input_gateway]: gateway calibrated=yes frame_age=0.8ms frames=326686 ball=30929 base_poses=312611 invalid=0 station_ok=no
[INFO] [1787109942.694385691] [a3_receive_input_gateway]: gateway calibrated=yes frame_age=0.7ms frames=326966 ball=30929 base_poses=312891 invalid=0 station_ok=no
[INFO] [1787109943.694393496] [a3_receive_input_gateway]: gateway calibrated=yes frame_age=0.9ms frames=327268 ball=30929 base_poses=313193 invalid=0 station_ok=no
[INFO] [1787109944.694409545] [a3_receive_input_gateway]: gateway calibrated=yes frame_age=0.9ms frames=327561 ball=30929 base_poses=313486 invalid=0 station_ok=no
[INFO] [1787109945.694411960] [a3_receive_input_gateway]: gateway calibrated=yes frame_age=0.9ms frames=327849 ball=30929 base_poses=313774 invalid=0 station_ok=no
[INFO] [1787109946.694382973] [a3_receive_input_gateway]: gateway calibrated=yes frame_age=1.0ms frames=328149 ball=30929 base_poses=314074 invalid=0 station_ok=no
[INFO] [1787109947.694677192] [a3_receive_input_gateway]: gateway calibrated=yes frame_age=0.5ms frames=328437 ball=30929 base_poses=314362 invalid=0 station_ok=no
[INFO] [1787109948.694450790] [a3_receive_input_gateway]: gateway calibrated=yes frame_age=0.9ms frames=328737 ball=30929 base_poses=314662 invalid=0 station_ok=no
[INFO] [1787109949.694547352] [a3_receive_input_gateway]: gateway calibrated=yes frame_age=1.3ms frames=329037 ball=30929 base_poses=314962 invalid=0 station_ok=no
[INFO] [1787109950.694895998] [a3_receive_input_gateway]: gateway calibrated=yes frame_age=1.5ms frames=329337 ball=30929 base_poses=315262 invalid=0 station_ok=no
[INFO] [1787109951.694516410] [a3_receive_input_gateway]: gateway calibrated=yes frame_age=1.2ms frames=329637 ball=30929 base_poses=315562 invalid=0 station_ok=no
[INFO] [1787109952.694386071] [a3_receive_input_gateway]: gateway calibrated=yes frame_age=1.1ms frames=329937 ball=30929 base_poses=315862 invalid=0 station_ok=no
[INFO] [1787109953.694448965] [a3_receive_input_gateway]: gateway calibrated=yes frame_age=3.3ms frames=330236 ball=30929 base_poses=316161 invalid=0 station_ok=no
[INFO] [1787109954.694394741] [a3_receive_input_gateway]: gateway calibrated=yes frame_age=1.3ms frames=330536 ball=30929 base_poses=316461 invalid=0 station_ok=no
[INFO] [1787109955.694643335] [a3_receive_input_gateway]: gateway calibrated=yes frame_age=5.1ms frames=330836 ball=30929 base_poses=316761 invalid=0 station_ok=no
[INFO] [1787109956.694592763] [a3_receive_input_gateway]: gateway calibrated=yes frame_age=1.4ms frames=331137 ball=30929 base_poses=317062 invalid=0 station_ok=no
[INFO] [1787109957.694433505] [a3_receive_input_gateway]: gateway calibrated=yes frame_age=1.5ms frames=331437 ball=30929 base_poses=317362 invalid=0 station_ok=no
[INFO] [1787109958.694446717] [a3_receive_input_gateway]: gateway calibrated=yes frame_age=1.5ms frames=331737 ball=30929 base_poses=317662 invalid=0 station_ok=no
[INFO] [1787109959.694403671] [a3_receive_input_gateway]: gateway calibrated=yes frame_age=1.6ms frames=332037 ball=30929 base_poses=317962 invalid=0 station_ok=no
[INFO] [1787109960.694502988] [a3_receive_input_gateway]: gateway calibrated=yes frame_age=5.6ms frames=332336 ball=30929 base_poses=318261 invalid=0 station_ok=no
[INFO] [1787109961.694449869] [a3_receive_input_gateway]: gateway calibrated=yes frame_age=2.8ms frames=332636 ball=30929 base_poses=318561 invalid=0 station_ok=no
[INFO] [1787109962.694450439] [a3_receive_input_gateway]: gateway calibrated=yes frame_age=1.7ms frames=332928 ball=30929 base_poses=318853 invalid=0 station_ok=no
[INFO] [1787109963.694428045] [a3_receive_input_gateway]: gateway calibrated=yes frame_age=1.7ms frames=333230 ball=30929 base_poses=319155 invalid=0 station_ok=no
[INFO] [1787109964.694403182] [a3_receive_input_gateway]: gateway calibrated=yes frame_age=1.8ms frames=333530 ball=30929 base_poses=319455 invalid=0 station_ok=no
[INFO] [1787109965.694401601] [a3_receive_input_gateway]: gateway calibrated=yes frame_age=1.6ms frames=333830 ball=30929 base_poses=319755 invalid=0 station_ok=no
[INFO] [1787109966.694578089] [a3_receive_input_gateway]: gateway calibrated=yes frame_age=1.5ms frames=334130 ball=30929 base_poses=320055 invalid=0 station_ok=no
[INFO] [1787109967.694435515] [a3_receive_input_gateway]: gateway calibrated=yes frame_age=1.7ms frames=334430 ball=30929 base_poses=320355 invalid=0 station_ok=no
[INFO] [1787109968.694465485] [a3_receive_input_gateway]: gateway calibrated=yes frame_age=1.8ms frames=334730 ball=30929 base_poses=320655 invalid=0 station_ok=no
[INFO] [1787109969.694579111] [a3_receive_input_gateway]: gateway calibrated=yes frame_age=2.1ms frames=335030 ball=30929 base_poses=320955 invalid=0 station_ok=no
[INFO] [1787109970.694432656] [a3_receive_input_gateway]: gateway calibrated=yes frame_age=1.9ms frames=335330 ball=30929 base_poses=321255 invalid=0 station_ok=no
[INFO] [1787109971.694462771] [a3_receive_input_gateway]: gateway calibrated=yes frame_age=2.1ms frames=335630 ball=30929 base_poses=321555 invalid=0 station_ok=no
[INFO] [1787109972.694494212] [a3_receive_input_gateway]: gateway calibrated=yes frame_age=2.2ms frames=335930 ball=30929 base_poses=321855 invalid=0 station_ok=no
[INFO] [1787109973.695482505] [a3_receive_input_gateway]: gateway calibrated=yes frame_age=2.2ms frames=336230 ball=30929 base_poses=322155 invalid=0 station_ok=no
[INFO] [1787109974.694444867] [a3_receive_input_gateway]: gateway calibrated=yes frame_age=2.0ms frames=336530 ball=30929 base_poses=322455 invalid=0 station_ok=no
[INFO] [1787109975.694416603] [a3_receive_input_gateway]: gateway calibrated=yes frame_age=2.2ms frames=336830 ball=30929 base_poses=322755 invalid=0 station_ok=no
[INFO] [1787109976.694371909] [a3_receive_input_gateway]: gateway calibrated=yes frame_age=0.2ms frames=337130 ball=30929 base_poses=323055 invalid=0 station_ok=no
[INFO] [1787109977.694440087] [a3_receive_input_gateway]: gateway calibrated=yes frame_age=0.2ms frames=337430 ball=30929 base_poses=323355 invalid=0 station_ok=no
[INFO] [1787109978.694413650] [a3_receive_input_gateway]: gateway calibrated=yes frame_age=4.4ms frames=337729 ball=30929 base_poses=323654 invalid=0 station_ok=no
[INFO] [1787109979.694421046] [a3_receive_input_gateway]: gateway calibrated=yes frame_age=2.1ms frames=338030 ball=30929 base_poses=323955 invalid=0 station_ok=no
[INFO] [1787109980.694476967] [a3_receive_input_gateway]: gateway calibrated=yes frame_age=2.5ms frames=338330 ball=30929 base_poses=324255 invalid=0 station_ok=no
[INFO] [1787109981.694392851] [a3_receive_input_gateway]: gateway calibrated=yes frame_age=0.5ms frames=338630 ball=30929 base_poses=324555 invalid=0 station_ok=no
[INFO] [1787109982.694428555] [a3_receive_input_gateway]: gateway calibrated=yes frame_age=2.6ms frames=338930 ball=30929 base_poses=324855 invalid=0 station_ok=no
[INFO] [1787109983.694388723] [a3_receive_input_gateway]: gateway calibrated=yes frame_age=0.5ms frames=339230 ball=30929 base_poses=325155 invalid=0 station_ok=no
[INFO] [1787109984.694636517] [a3_receive_input_gateway]: gateway calibrated=yes frame_age=0.8ms frames=339530 ball=30929 base_poses=325455 invalid=0 station_ok=no
[INFO] [1787109985.694577354] [a3_receive_input_gateway]: gateway calibrated=yes frame_age=0.8ms frames=339830 ball=30929 base_poses=325755 invalid=0 station_ok=no
[INFO] [1787109986.694380121] [a3_receive_input_gateway]: gateway calibrated=yes frame_age=0.4ms frames=340130 ball=30929 base_poses=326055 invalid=0 station_ok=no
[INFO] [1787109987.694413915] [a3_receive_input_gateway]: gateway calibrated=yes frame_age=0.4ms frames=340430 ball=30929 base_poses=326355 invalid=0 station_ok=no
[INFO] [1787109988.694428382] [a3_receive_input_gateway]: gateway calibrated=yes frame_age=0.6ms frames=340730 ball=30929 base_poses=326655 invalid=0 station_ok=no
[INFO] [1787109989.694424923] [a3_receive_input_gateway]: gateway calibrated=yes frame_age=0.8ms frames=341030 ball=30929 base_poses=326955 invalid=0 station_ok=no
[INFO] [1787109990.694425932] [a3_receive_input_gateway]: gateway calibrated=yes frame_age=0.9ms frames=341330 ball=30929 base_poses=327255 invalid=0 station_ok=no
[INFO] [1787109991.694576986] [a3_receive_input_gateway]: gateway calibrated=yes frame_age=0.8ms frames=341630 ball=30929 base_poses=327555 invalid=0 station_ok=no
[INFO] [1787109992.694721273] [a3_receive_input_gateway]: gateway calibrated=yes frame_age=1.1ms frames=341930 ball=30929 base_poses=327855 invalid=0 station_ok=no
[INFO] [1787109993.694387112] [a3_receive_input_gateway]: gateway calibrated=yes frame_age=0.7ms frames=342230 ball=30929 base_poses=328155 invalid=0 station_ok=no
[INFO] [1787109994.694701173] [a3_receive_input_gateway]: gateway calibrated=yes frame_age=1.1ms frames=342530 ball=30929 base_poses=328455 invalid=0 station_ok=no
[INFO] [1787109995.694424184] [a3_receive_input_gateway]: gateway calibrated=yes frame_age=1.0ms frames=342830 ball=30929 base_poses=328755 invalid=0 station_ok=no
[INFO] [1787109996.694457341] [a3_receive_input_gateway]: gateway calibrated=yes frame_age=4.6ms frames=343129 ball=30929 base_poses=329054 invalid=0 station_ok=no
[INFO] [1787109997.694455917] [a3_receive_input_gateway]: gateway calibrated=yes frame_age=1.1ms frames=343430 ball=30929 base_poses=329355 invalid=0 station_ok=no
[INFO] [1787109998.694566809] [a3_receive_input_gateway]: gateway calibrated=yes frame_age=1.1ms frames=343730 ball=30929 base_poses=329655 invalid=0 station_ok=no
[INFO] [1787109999.694584961] [a3_receive_input_gateway]: gateway calibrated=yes frame_age=1.2ms frames=344030 ball=30929 base_poses=329955 invalid=0 station_ok=no
[INFO] [1787110000.694807472] [a3_receive_input_gateway]: gateway calibrated=yes frame_age=5.7ms frames=344329 ball=30929 base_poses=330254 invalid=0 station_ok=no
[INFO] [1787110001.694416508] [a3_receive_input_gateway]: gateway calibrated=yes frame_age=5.3ms frames=344629 ball=30929 base_poses=330554 invalid=0 station_ok=no
[INFO] [1787110002.694664313] [a3_receive_input_gateway]: gateway calibrated=yes frame_age=1.1ms frames=344930 ball=30929 base_poses=330855 invalid=0 station_ok=no
[INFO] [1787110003.694395668] [a3_receive_input_gateway]: gateway calibrated=yes frame_age=1.4ms frames=345230 ball=30929 base_poses=331155 invalid=0 station_ok=no
[INFO] [1787110004.694563922] [a3_receive_input_gateway]: gateway calibrated=yes frame_age=1.6ms frames=345530 ball=30929 base_poses=331455 invalid=0 station_ok=no
[INFO] [1787110005.694404430] [a3_receive_input_gateway]: gateway calibrated=yes frame_age=1.5ms frames=345830 ball=30929 base_poses=331755 invalid=0 station_ok=no
[INFO] [1787110006.694567697] [a3_receive_input_gateway]: gateway calibrated=yes frame_age=5.4ms frames=346129 ball=30929 base_poses=332054 invalid=0 station_ok=no
[INFO] [1787110007.694498636] [a3_receive_input_gateway]: gateway calibrated=yes frame_age=5.6ms frames=346429 ball=30929 base_poses=332354 invalid=0 station_ok=no
[INFO] [1787110008.694484170] [a3_receive_input_gateway]: gateway calibrated=yes frame_age=5.7ms frames=346729 ball=30929 base_poses=332654 invalid=0 station_ok=no
[INFO] [1787110009.694439776] [a3_receive_input_gateway]: gateway calibrated=yes frame_age=1.7ms frames=347030 ball=30929 base_poses=332955 invalid=0 station_ok=no
[INFO] [1787110010.694493163] [a3_receive_input_gateway]: gateway calibrated=yes frame_age=1.6ms frames=347330 ball=30929 base_poses=333255 invalid=0 station_ok=no
[INFO] [1787110011.694462202] [a3_receive_input_gateway]: gateway calibrated=yes frame_age=1.5ms frames=347630 ball=30929 base_poses=333555 invalid=0 station_ok=no
[INFO] [1787110012.694427751] [a3_receive_input_gateway]: gateway calibrated=yes frame_age=5.8ms frames=347929 ball=30929 base_poses=333854 invalid=0 station_ok=no
[INFO] [1787110013.694544634] [a3_receive_input_gateway]: gateway calibrated=yes frame_age=6.1ms frames=348229 ball=30929 base_poses=334154 invalid=0 station_ok=no
[INFO] [1787110014.694847394] [a3_receive_input_gateway]: gateway calibrated=yes frame_age=6.2ms frames=348529 ball=30929 base_poses=334454 invalid=0 station_ok=no
[INFO] [1787110015.694423904] [a3_receive_input_gateway]: gateway calibrated=yes frame_age=1.8ms frames=348830 ball=30929 base_poses=334755 invalid=0 station_ok=no
[INFO] [1787110016.694431121] [a3_receive_input_gateway]: gateway calibrated=yes frame_age=2.1ms frames=349130 ball=30929 base_poses=335055 invalid=0 station_ok=no
[INFO] [1787110017.694430251] [a3_receive_input_gateway]: gateway calibrated=yes frame_age=1.9ms frames=349430 ball=30929 base_poses=335355 invalid=0 station_ok=no
[INFO] [1787110018.694425317] [a3_receive_input_gateway]: gateway calibrated=yes frame_age=6.0ms frames=349729 ball=30929 base_poses=335654 invalid=0 station_ok=no
[INFO] [1787110019.694415011] [a3_receive_input_gateway]: gateway calibrated=yes frame_age=2.1ms frames=350030 ball=30929 base_poses=335955 invalid=0 station_ok=no
[INFO] [1787110020.694423296] [a3_receive_input_gateway]: gateway calibrated=yes frame_age=2.2ms frames=350330 ball=30929 base_poses=336255 invalid=0 station_ok=no
[INFO] [1787110021.694386426] [a3_receive_input_gateway]: gateway calibrated=yes frame_age=2.2ms frames=350630 ball=30929 base_poses=336555 invalid=0 station_ok=no
[INFO] [1787110022.694414052] [a3_receive_input_gateway]: gateway calibrated=yes frame_age=2.1ms frames=350930 ball=30929 base_poses=336855 invalid=0 station_ok=no
[INFO] [1787110023.694402051] [a3_receive_input_gateway]: gateway calibrated=yes frame_age=2.3ms frames=351230 ball=30929 base_poses=337155 invalid=0 station_ok=no
[INFO] [1787110024.694436620] [a3_receive_input_gateway]: gateway calibrated=yes frame_age=2.3ms frames=351530 ball=30929 base_poses=337455 invalid=0 station_ok=no
[INFO] [1787110025.694502203] [a3_receive_input_gateway]: gateway calibrated=yes frame_age=2.4ms frames=351830 ball=30929 base_poses=337755 invalid=0 station_ok=no
[INFO] [1787110026.695425149] [a3_receive_input_gateway]: gateway calibrated=yes frame_age=0.5ms frames=352130 ball=30929 base_poses=338055 invalid=0 station_ok=no
[INFO] [1787110027.694445660] [a3_receive_input_gateway]: gateway calibrated=yes frame_age=2.5ms frames=352430 ball=30929 base_poses=338355 invalid=0 station_ok=no
[INFO] [1787110028.694481707] [a3_receive_input_gateway]: gateway calibrated=yes frame_age=2.6ms frames=352730 ball=30929 base_poses=338655 invalid=0 station_ok=no
[INFO] [1787110029.694406259] [a3_receive_input_gateway]: gateway calibrated=yes frame_age=2.6ms frames=353030 ball=30929 base_poses=338955 invalid=0 station_ok=no
[INFO] [1787110030.694422508] [a3_receive_input_gateway]: gateway calibrated=yes frame_age=2.6ms frames=353330 ball=30929 base_poses=339255 invalid=0 station_ok=no
[INFO] [1787110031.694392170] [a3_receive_input_gateway]: gateway calibrated=yes frame_age=0.6ms frames=353630 ball=30929 base_poses=339555 invalid=0 station_ok=no
[INFO] [1787110032.694398181] [a3_receive_input_gateway]: gateway calibrated=yes frame_age=2.7ms frames=353930 ball=30929 base_poses=339855 invalid=0 station_ok=no
[INFO] [1787110033.694543420] [a3_receive_input_gateway]: gateway calibrated=yes frame_age=2.7ms frames=354230 ball=30929 base_poses=340155 invalid=0 station_ok=no
[INFO] [1787110034.694454659] [a3_receive_input_gateway]: gateway calibrated=yes frame_age=2.8ms frames=354530 ball=30929 base_poses=340455 invalid=0 station_ok=no
[INFO] [1787110035.694446503] [a3_receive_input_gateway]: gateway calibrated=yes frame_age=2.6ms frames=354830 ball=30929 base_poses=340755 invalid=0 station_ok=no
[INFO] [1787110036.694485030] [a3_receive_input_gateway]: gateway calibrated=yes frame_age=2.9ms frames=355130 ball=30929 base_poses=341055 invalid=0 station_ok=no
[INFO] [1787110037.694501936] [a3_receive_input_gateway]: gateway calibrated=yes frame_age=2.8ms frames=355430 ball=30929 base_poses=341355 invalid=0 station_ok=no
[INFO] [1787110038.694626357] [a3_receive_input_gateway]: gateway calibrated=yes frame_age=0.6ms frames=355730 ball=30929 base_poses=341655 invalid=0 station_ok=no
[INFO] [1787110039.694405667] [a3_receive_input_gateway]: gateway calibrated=yes frame_age=0.8ms frames=356030 ball=30929 base_poses=341955 invalid=0 station_ok=no
[INFO] [1787110040.694421020] [a3_receive_input_gateway]: gateway calibrated=yes frame_age=2.9ms frames=356330 ball=30929 base_poses=342255 invalid=0 station_ok=no
[INFO] [1787110041.694428990] [a3_receive_input_gateway]: gateway calibrated=yes frame_age=3.1ms frames=356630 ball=30929 base_poses=342555 invalid=0 station_ok=no
[INFO] [1787110042.694390493] [a3_receive_input_gateway]: gateway calibrated=yes frame_age=1.1ms frames=356930 ball=30929 base_poses=342855 invalid=0 station_ok=no
[INFO] [1787110043.694431849] [a3_receive_input_gateway]: gateway calibrated=yes frame_age=1.2ms frames=357230 ball=30929 base_poses=343155 invalid=0 station_ok=no
[INFO] [1787110044.694762765] [a3_receive_input_gateway]: gateway calibrated=yes frame_age=1.5ms frames=357530 ball=30929 base_poses=343455 invalid=0 station_ok=no
[INFO] [1787110045.694503162] [a3_receive_input_gateway]: gateway calibrated=yes frame_age=1.4ms frames=357830 ball=30929 base_poses=343755 invalid=0 station_ok=no
[INFO] [1787110046.694422499] [a3_receive_input_gateway]: gateway calibrated=yes frame_age=3.3ms frames=358130 ball=30929 base_poses=344055 invalid=0 station_ok=no
[INFO] [1787110047.694427408] [a3_receive_input_gateway]: gateway calibrated=yes frame_age=1.3ms frames=358430 ball=30929 base_poses=344355 invalid=0 station_ok=no
[INFO] [1787110048.694463107] [a3_receive_input_gateway]: gateway calibrated=yes frame_age=1.4ms frames=358730 ball=30929 base_poses=344655 invalid=0 station_ok=no
[INFO] [1787110049.694447763] [a3_receive_input_gateway]: gateway calibrated=yes frame_age=3.5ms frames=359030 ball=30929 base_poses=344955 invalid=0 station_ok=no
[INFO] [1787110050.694445186] [a3_receive_input_gateway]: gateway calibrated=yes frame_age=5.1ms frames=359329 ball=30929 base_poses=345254 invalid=0 station_ok=no
[INFO] [1787110051.694766344] [a3_receive_input_gateway]: gateway calibrated=yes frame_age=3.1ms frames=359630 ball=30929 base_poses=345555 invalid=0 station_ok=no
[INFO] [1787110052.694427103] [a3_receive_input_gateway]: gateway calibrated=yes frame_age=3.6ms frames=359930 ball=30929 base_poses=345855 invalid=0 station_ok=no
[INFO] [1787110053.694443447] [a3_receive_input_gateway]: gateway calibrated=yes frame_age=3.4ms frames=360230 ball=30929 base_poses=346155 invalid=0 station_ok=no
[INFO] [1787110054.694443825] [a3_receive_input_gateway]: gateway calibrated=yes frame_age=3.6ms frames=360530 ball=30929 base_poses=346455 invalid=0 station_ok=no
[INFO] [1787110055.694421934] [a3_receive_input_gateway]: gateway calibrated=yes frame_age=3.8ms frames=360830 ball=30929 base_poses=346755 invalid=0 station_ok=no
[INFO] [1787110056.694489946] [a3_receive_input_gateway]: gateway calibrated=yes frame_age=3.7ms frames=361130 ball=30929 base_poses=347055 invalid=0 station_ok=no
[INFO] [1787110057.694603018] [a3_receive_input_gateway]: gateway calibrated=yes frame_age=1.8ms frames=361430 ball=30929 base_poses=347355 invalid=0 station_ok=no
[INFO] [1787110058.694458184] [a3_receive_input_gateway]: gateway calibrated=yes frame_age=3.7ms frames=361730 ball=30929 base_poses=347655 invalid=0 station_ok=no
[INFO] [1787110059.694397022] [a3_receive_input_gateway]: gateway calibrated=yes frame_age=3.7ms frames=362030 ball=30929 base_poses=347955 invalid=0 station_ok=no
[INFO] [1787110060.694425184] [a3_receive_input_gateway]: gateway calibrated=yes frame_age=1.5ms frames=362330 ball=30929 base_poses=348255 invalid=0 station_ok=no
[INFO] [1787110061.694512536] [a3_receive_input_gateway]: gateway calibrated=yes frame_age=3.9ms frames=362630 ball=30929 base_poses=348555 invalid=0 station_ok=no
[INFO] [1787110062.694703229] [a3_receive_input_gateway]: gateway calibrated=yes frame_age=0.2ms frames=362931 ball=30929 base_poses=348856 invalid=0 station_ok=no
[INFO] [1787110063.694732140] [a3_receive_input_gateway]: gateway calibrated=yes frame_age=0.2ms frames=363231 ball=30929 base_poses=349156 invalid=0 station_ok=no
[INFO] [1787110064.694463625] [a3_receive_input_gateway]: gateway calibrated=yes frame_age=0.2ms frames=363531 ball=30929 base_poses=349456 invalid=0 station_ok=no
[INFO] [1787110065.695149545] [a3_receive_input_gateway]: gateway calibrated=yes frame_age=0.4ms frames=363831 ball=30929 base_poses=349756 invalid=0 station_ok=no
[INFO] [1787110066.694394123] [a3_receive_input_gateway]: gateway calibrated=yes frame_age=0.2ms frames=364131 ball=30929 base_poses=350056 invalid=0 station_ok=no
[INFO] [1787110067.694359961] [a3_receive_input_gateway]: gateway calibrated=yes frame_age=0.2ms frames=364431 ball=30929 base_poses=350356 invalid=0 station_ok=no
[INFO] [1787110068.694422401] [a3_receive_input_gateway]: gateway calibrated=yes frame_age=0.3ms frames=364731 ball=30929 base_poses=350656 invalid=0 station_ok=no
[INFO] [1787110069.694391664] [a3_receive_input_gateway]: gateway calibrated=yes frame_age=0.3ms frames=365031 ball=30929 base_poses=350956 invalid=0 station_ok=no
[INFO] [1787110070.694384673] [a3_receive_input_gateway]: gateway calibrated=yes frame_age=0.3ms frames=365331 ball=30929 base_poses=351256 invalid=0 station_ok=no
[INFO] [1787110071.694748443] [a3_receive_input_gateway]: gateway calibrated=yes frame_age=0.3ms frames=365631 ball=30929 base_poses=351556 invalid=0 station_ok=no
[INFO] [1787110072.694375436] [a3_receive_input_gateway]: gateway calibrated=yes frame_age=0.3ms frames=365931 ball=30929 base_poses=351856 invalid=0 station_ok=no
[INFO] [1787110073.694383058] [a3_receive_input_gateway]: gateway calibrated=yes frame_age=0.3ms frames=366231 ball=30929 base_poses=352156 invalid=0 station_ok=no
[INFO] [1787110074.694394171] [a3_receive_input_gateway]: gateway calibrated=yes frame_age=0.5ms frames=366531 ball=30929 base_poses=352456 invalid=0 station_ok=no
[INFO] [1787110075.694392287] [a3_receive_input_gateway]: gateway calibrated=yes frame_age=0.5ms frames=366831 ball=30929 base_poses=352756 invalid=0 station_ok=no
[INFO] [1787110076.694385681] [a3_receive_input_gateway]: gateway calibrated=yes frame_age=0.5ms frames=367131 ball=30929 base_poses=353056 invalid=0 station_ok=no
[INFO] [1787110077.694378110] [a3_receive_input_gateway]: gateway calibrated=yes frame_age=0.6ms frames=367431 ball=30929 base_poses=353356 invalid=0 station_ok=no
[INFO] [1787110078.694394815] [a3_receive_input_gateway]: gateway calibrated=yes frame_age=0.7ms frames=367731 ball=30929 base_poses=353656 invalid=0 station_ok=no
[INFO] [1787110079.694467449] [a3_receive_input_gateway]: gateway calibrated=yes frame_age=2.7ms frames=368030 ball=30929 base_poses=353955 invalid=0 station_ok=no
[INFO] [1787110080.694391998] [a3_receive_input_gateway]: gateway calibrated=yes frame_age=0.8ms frames=368331 ball=30929 base_poses=354256 invalid=0 station_ok=no
[INFO] [1787110081.694388027] [a3_receive_input_gateway]: gateway calibrated=yes frame_age=0.6ms frames=368631 ball=30929 base_poses=354556 invalid=0 station_ok=no
[INFO] [1787110082.694525096] [a3_receive_input_gateway]: gateway calibrated=yes frame_age=0.2ms frames=368931 ball=30929 base_poses=354856 invalid=0 station_ok=no
[INFO] [1787110083.694383503] [a3_receive_input_gateway]: gateway calibrated=yes frame_age=0.6ms frames=369231 ball=30929 base_poses=355156 invalid=0 station_ok=no
[INFO] [1787110084.694394863] [a3_receive_input_gateway]: gateway calibrated=yes frame_age=0.9ms frames=369531 ball=30929 base_poses=355456 invalid=0 station_ok=no
[INFO] [1787110085.694383989] [a3_receive_input_gateway]: gateway calibrated=yes frame_age=0.7ms frames=369831 ball=30929 base_poses=355756 invalid=0 station_ok=no
[INFO] [1787110086.694495506] [a3_receive_input_gateway]: gateway calibrated=yes frame_age=0.7ms frames=370131 ball=30929 base_poses=356056 invalid=0 station_ok=no
[INFO] [1787110087.694406880] [a3_receive_input_gateway]: gateway calibrated=yes frame_age=3.0ms frames=370430 ball=30929 base_poses=356355 invalid=0 station_ok=no
[INFO] [1787110088.694427680] [a3_receive_input_gateway]: gateway calibrated=yes frame_age=3.1ms frames=370730 ball=30929 base_poses=356655 invalid=0 station_ok=no
[INFO] [1787110089.694472075] [a3_receive_input_gateway]: gateway calibrated=yes frame_age=3.1ms frames=371030 ball=30929 base_poses=356955 invalid=0 station_ok=no
[INFO] [1787110090.694512872] [a3_receive_input_gateway]: gateway calibrated=yes frame_age=3.2ms frames=371330 ball=30929 base_poses=357255 invalid=0 station_ok=no
[INFO] [1787110091.694420679] [a3_receive_input_gateway]: gateway calibrated=yes frame_age=3.1ms frames=371630 ball=30929 base_poses=357555 invalid=0 station_ok=no
[INFO] [1787110092.694509659] [a3_receive_input_gateway]: gateway calibrated=yes frame_age=1.1ms frames=371931 ball=30929 base_poses=357856 invalid=0 station_ok=no
[INFO] [1787110093.694469042] [a3_receive_input_gateway]: gateway calibrated=yes frame_age=3.4ms frames=372230 ball=30929 base_poses=358155 invalid=0 station_ok=no
[INFO] [1787110094.694407992] [a3_receive_input_gateway]: gateway calibrated=yes frame_age=3.4ms frames=372530 ball=30929 base_poses=358455 invalid=0 station_ok=no
[INFO] [1787110095.694535264] [a3_receive_input_gateway]: gateway calibrated=yes frame_age=3.3ms frames=372830 ball=30929 base_poses=358755 invalid=0 station_ok=no
[INFO] [1787110096.694430064] [a3_receive_input_gateway]: gateway calibrated=yes frame_age=3.3ms frames=373130 ball=30929 base_poses=359055 invalid=0 station_ok=no
[INFO] [1787110097.694460198] [a3_receive_input_gateway]: gateway calibrated=yes frame_age=3.4ms frames=373430 ball=30929 base_poses=359355 invalid=0 station_ok=no
[INFO] [1787110098.694649973] [a3_receive_input_gateway]: gateway calibrated=yes frame_age=3.3ms frames=373730 ball=30929 base_poses=359655 invalid=0 station_ok=no
[INFO] [1787110099.694555711] [a3_receive_input_gateway]: gateway calibrated=yes frame_age=3.4ms frames=374030 ball=30929 base_poses=359955 invalid=0 station_ok=no
[INFO] [1787110100.694571987] [a3_receive_input_gateway]: gateway calibrated=yes frame_age=3.6ms frames=374330 ball=30929 base_poses=360255 invalid=0 station_ok=no
[INFO] [1787110101.694449005] [a3_receive_input_gateway]: gateway calibrated=yes frame_age=3.7ms frames=374630 ball=30929 base_poses=360555 invalid=0 station_ok=no
[INFO] [1787110102.694446747] [a3_receive_input_gateway]: gateway calibrated=yes frame_age=3.6ms frames=374930 ball=30929 base_poses=360855 invalid=0 station_ok=no
[INFO] [1787110103.694498097] [a3_receive_input_gateway]: gateway calibrated=yes frame_age=3.5ms frames=375230 ball=30929 base_poses=361155 invalid=0 station_ok=no
[INFO] [1787110104.694456841] [a3_receive_input_gateway]: gateway calibrated=yes frame_age=3.7ms frames=375530 ball=30929 base_poses=361455 invalid=0 station_ok=no
[INFO] [1787110105.694415742] [a3_receive_input_gateway]: gateway calibrated=yes frame_age=3.8ms frames=375830 ball=30929 base_poses=361755 invalid=0 station_ok=no
[INFO] [1787110106.694484412] [a3_receive_input_gateway]: gateway calibrated=yes frame_age=3.9ms frames=376130 ball=30929 base_poses=362055 invalid=0 station_ok=no
[INFO] [1787110107.694430854] [a3_receive_input_gateway]: gateway calibrated=yes frame_age=3.7ms frames=376430 ball=30929 base_poses=362355 invalid=0 station_ok=no
[INFO] [1787110108.694369389] [a3_receive_input_gateway]: gateway calibrated=yes frame_age=3.5ms frames=376730 ball=30929 base_poses=362655 invalid=0 station_ok=no
[INFO] [1787110109.694566717] [a3_receive_input_gateway]: gateway calibrated=yes frame_age=0.2ms frames=377031 ball=30929 base_poses=362956 invalid=0 station_ok=no
[INFO] [1787110110.694742147] [a3_receive_input_gateway]: gateway calibrated=yes frame_age=0.2ms frames=377331 ball=30929 base_poses=363256 invalid=0 station_ok=no
[INFO] [1787110111.694483340] [a3_receive_input_gateway]: gateway calibrated=yes frame_age=0.1ms frames=377631 ball=30929 base_poses=363556 invalid=0 station_ok=no
[INFO] [1787110112.694673011] [a3_receive_input_gateway]: gateway calibrated=yes frame_age=0.2ms frames=377931 ball=30929 base_poses=363856 invalid=0 station_ok=no
[INFO] [1787110113.695334629] [a3_receive_input_gateway]: gateway calibrated=yes frame_age=0.5ms frames=378231 ball=30929 base_poses=364156 invalid=0 station_ok=no
[INFO] [1787110114.694790288] [a3_receive_input_gateway]: gateway calibrated=yes frame_age=0.2ms frames=378531 ball=30929 base_poses=364456 invalid=0 station_ok=no
[INFO] [1787110115.694430803] [a3_receive_input_gateway]: gateway calibrated=yes frame_age=0.2ms frames=378831 ball=30929 base_poses=364756 invalid=0 station_ok=no
[INFO] [1787110116.694333779] [a3_receive_input_gateway]: gateway calibrated=yes frame_age=0.2ms frames=379131 ball=30929 base_poses=365056 invalid=0 station_ok=no
[INFO] [1787110117.694383865] [a3_receive_input_gateway]: gateway calibrated=yes frame_age=0.3ms frames=379431 ball=30929 base_poses=365356 invalid=0 station_ok=no
[INFO] [1787110118.694368142] [a3_receive_input_gateway]: gateway calibrated=yes frame_age=0.2ms frames=379731 ball=30929 base_poses=365656 invalid=0 station_ok=no
[INFO] [1787110119.694616831] [a3_receive_input_gateway]: gateway calibrated=yes frame_age=0.2ms frames=380031 ball=30929 base_poses=365956 invalid=0 station_ok=no
[INFO] [1787110120.694379478] [a3_receive_input_gateway]: gateway calibrated=yes frame_age=0.4ms frames=380331 ball=30929 base_poses=366256 invalid=0 station_ok=no
[INFO] [1787110121.694374761] [a3_receive_input_gateway]: gateway calibrated=yes frame_age=0.5ms frames=380631 ball=30929 base_poses=366556 invalid=0 station_ok=no
[INFO] [1787110122.694381063] [a3_receive_input_gateway]: gateway calibrated=yes frame_age=0.3ms frames=380931 ball=30929 base_poses=366856 invalid=0 station_ok=no
[INFO] [1787110123.694379209] [a3_receive_input_gateway]: gateway calibrated=yes frame_age=0.3ms frames=381231 ball=30929 base_poses=367156 invalid=0 station_ok=no
[INFO] [1787110124.694378589] [a3_receive_input_gateway]: gateway calibrated=yes frame_age=0.3ms frames=381531 ball=30929 base_poses=367456 invalid=0 station_ok=no
[INFO] [1787110125.694404446] [a3_receive_input_gateway]: gateway calibrated=yes frame_age=0.7ms frames=381831 ball=30929 base_poses=367756 invalid=0 station_ok=no
[INFO] [1787110126.694393884] [a3_receive_input_gateway]: gateway calibrated=yes frame_age=0.6ms frames=382131 ball=30929 base_poses=368056 invalid=0 station_ok=no
[INFO] [1787110127.694420769] [a3_receive_input_gateway]: gateway calibrated=yes frame_age=0.8ms frames=382431 ball=30929 base_poses=368356 invalid=0 station_ok=no
[INFO] [1787110128.694386748] [a3_receive_input_gateway]: gateway calibrated=yes frame_age=0.5ms frames=382731 ball=30929 base_poses=368656 invalid=0 station_ok=no
[INFO] [1787110129.694393565] [a3_receive_input_gateway]: gateway calibrated=yes frame_age=0.7ms frames=383031 ball=30929 base_poses=368956 invalid=0 station_ok=no
[INFO] [1787110130.694428460] [a3_receive_input_gateway]: gateway calibrated=yes frame_age=4.8ms frames=383330 ball=30929 base_poses=369255 invalid=0 station_ok=no
[INFO] [1787110131.694567823] [a3_receive_input_gateway]: gateway calibrated=yes frame_age=4.8ms frames=383630 ball=30929 base_poses=369555 invalid=0 station_ok=no
[INFO] [1787110132.694577876] [a3_receive_input_gateway]: gateway calibrated=yes frame_age=0.4ms frames=383931 ball=30929 base_poses=369856 invalid=0 station_ok=no
[INFO] [1787110133.694389430] [a3_receive_input_gateway]: gateway calibrated=yes frame_age=1.0ms frames=384231 ball=30929 base_poses=370156 invalid=0 station_ok=no
[INFO] [1787110134.694385100] [a3_receive_input_gateway]: gateway calibrated=yes frame_age=0.3ms frames=384531 ball=30929 base_poses=370456 invalid=0 station_ok=no
[INFO] [1787110135.694428360] [a3_receive_input_gateway]: gateway calibrated=yes frame_age=1.1ms frames=384831 ball=30929 base_poses=370756 invalid=0 station_ok=no
[INFO] [1787110136.694414781] [a3_receive_input_gateway]: gateway calibrated=yes frame_age=1.2ms frames=385131 ball=30929 base_poses=371056 invalid=0 station_ok=no
[INFO] [1787110137.694375249] [a3_receive_input_gateway]: gateway calibrated=yes frame_age=0.7ms frames=385431 ball=30929 base_poses=371356 invalid=0 station_ok=no
[INFO] [1787110138.694487856] [a3_receive_input_gateway]: gateway calibrated=yes frame_age=3.1ms frames=385730 ball=30929 base_poses=371655 invalid=0 station_ok=no
[INFO] [1787110139.694581907] [a3_receive_input_gateway]: gateway calibrated=yes frame_age=1.1ms frames=386031 ball=30929 base_poses=371956 invalid=0 station_ok=no
[INFO] [1787110140.694393053] [a3_receive_input_gateway]: gateway calibrated=yes frame_age=1.1ms frames=386331 ball=30929 base_poses=372256 invalid=0 station_ok=no
[INFO] [1787110141.694511045] [a3_receive_input_gateway]: gateway calibrated=yes frame_age=3.3ms frames=386630 ball=30929 base_poses=372555 invalid=0 station_ok=no
[INFO] [1787110142.694511925] [a3_receive_input_gateway]: gateway calibrated=yes frame_age=1.5ms frames=386931 ball=30929 base_poses=372856 invalid=0 station_ok=no
[INFO] [1787110143.694613223] [a3_receive_input_gateway]: gateway calibrated=yes frame_age=1.2ms frames=387231 ball=30929 base_poses=373156 invalid=0 station_ok=no
[INFO] [1787110144.694652809] [a3_receive_input_gateway]: gateway calibrated=yes frame_age=1.2ms frames=387531 ball=30929 base_poses=373456 invalid=0 station_ok=no
[INFO] [1787110145.694489846] [a3_receive_input_gateway]: gateway calibrated=yes frame_age=1.5ms frames=387831 ball=30929 base_poses=373756 invalid=0 station_ok=no
[INFO] [1787110146.694433590] [a3_receive_input_gateway]: gateway calibrated=yes frame_age=1.7ms frames=388131 ball=30929 base_poses=374056 invalid=0 station_ok=no
[INFO] [1787110147.694576882] [a3_receive_input_gateway]: gateway calibrated=yes frame_age=1.3ms frames=388431 ball=30929 base_poses=374356 invalid=0 station_ok=no
[INFO] [1787110148.694412774] [a3_receive_input_gateway]: gateway calibrated=yes frame_age=1.7ms frames=388731 ball=30929 base_poses=374656 invalid=0 station_ok=no
[INFO] [1787110149.694482987] [a3_receive_input_gateway]: gateway calibrated=yes frame_age=1.4ms frames=389031 ball=30929 base_poses=374956 invalid=0 station_ok=no
[INFO] [1787110150.694394374] [a3_receive_input_gateway]: gateway calibrated=yes frame_age=1.8ms frames=389331 ball=30929 base_poses=375256 invalid=0 station_ok=no
[INFO] [1787110151.694458532] [a3_receive_input_gateway]: gateway calibrated=yes frame_age=1.7ms frames=389631 ball=30929 base_poses=375556 invalid=0 station_ok=no
[INFO] [1787110152.694394241] [a3_receive_input_gateway]: gateway calibrated=yes frame_age=1.8ms frames=389931 ball=30929 base_poses=375856 invalid=0 station_ok=no
[INFO] [1787110153.694405788] [a3_receive_input_gateway]: gateway calibrated=yes frame_age=1.9ms frames=390231 ball=30929 base_poses=376156 invalid=0 station_ok=no
[INFO] [1787110154.694430229] [a3_receive_input_gateway]: gateway calibrated=yes frame_age=1.9ms frames=390531 ball=30929 base_poses=376456 invalid=0 station_ok=no
[INFO] [1787110155.694503042] [a3_receive_input_gateway]: gateway calibrated=yes frame_age=1.8ms frames=390831 ball=30929 base_poses=376756 invalid=0 station_ok=no
[INFO] [1787110156.694831845] [a3_receive_input_gateway]: gateway calibrated=yes frame_age=2.1ms frames=391131 ball=30929 base_poses=377056 invalid=0 station_ok=no
[INFO] [1787110157.694442211] [a3_receive_input_gateway]: gateway calibrated=yes frame_age=2.1ms frames=391431 ball=30929 base_poses=377356 invalid=0 station_ok=no
[INFO] [1787110158.694631755] [a3_receive_input_gateway]: gateway calibrated=yes frame_age=0.2ms frames=391731 ball=30929 base_poses=377656 invalid=0 station_ok=no
[INFO] [1787110159.694537531] [a3_receive_input_gateway]: gateway calibrated=yes frame_age=2.1ms frames=392031 ball=30929 base_poses=377956 invalid=0 station_ok=no
[INFO] [1787110160.694407401] [a3_receive_input_gateway]: gateway calibrated=yes frame_age=2.2ms frames=392331 ball=30929 base_poses=378256 invalid=0 station_ok=no
[INFO] [1787110161.694616728] [a3_receive_input_gateway]: gateway calibrated=yes frame_age=2.3ms frames=392631 ball=30929 base_poses=378556 invalid=0 station_ok=no
[INFO] [1787110162.695292698] [a3_receive_input_gateway]: gateway calibrated=yes frame_age=0.4ms frames=392931 ball=30929 base_poses=378856 invalid=0 station_ok=no
[INFO] [1787110163.694451759] [a3_receive_input_gateway]: gateway calibrated=yes frame_age=2.3ms frames=393231 ball=30929 base_poses=379156 invalid=0 station_ok=no
[INFO] [1787110164.694405531] [a3_receive_input_gateway]: gateway calibrated=yes frame_age=0.3ms frames=393531 ball=30929 base_poses=379456 invalid=0 station_ok=no
[INFO] [1787110165.694523208] [a3_receive_input_gateway]: gateway calibrated=yes frame_age=2.4ms frames=393831 ball=30929 base_poses=379756 invalid=0 station_ok=no
[INFO] [1787110166.694400984] [a3_receive_input_gateway]: gateway calibrated=yes frame_age=0.4ms frames=394131 ball=30929 base_poses=380056 invalid=0 station_ok=no
[INFO] [1787110167.694527654] [a3_receive_input_gateway]: gateway calibrated=yes frame_age=4.5ms frames=394430 ball=30929 base_poses=380355 invalid=0 station_ok=no
[INFO] [1787110168.694819216] [a3_receive_input_gateway]: gateway calibrated=yes frame_age=0.9ms frames=394731 ball=30929 base_poses=380656 invalid=0 station_ok=no
[INFO] [1787110169.694400350] [a3_receive_input_gateway]: gateway calibrated=yes frame_age=0.5ms frames=395031 ball=30929 base_poses=380956 invalid=0 station_ok=no
[INFO] [1787110170.694632757] [a3_receive_input_gateway]: gateway calibrated=yes frame_age=4.3ms frames=395330 ball=30929 base_poses=381255 invalid=0 station_ok=no
[INFO] [1787110171.694440666] [a3_receive_input_gateway]: gateway calibrated=yes frame_age=4.7ms frames=395630 ball=30929 base_poses=381555 invalid=0 station_ok=no
[INFO] [1787110172.694376508] [a3_receive_input_gateway]: gateway calibrated=yes frame_age=0.4ms frames=395931 ball=30929 base_poses=381856 invalid=0 station_ok=no
[INFO] [1787110173.694786606] [a3_receive_input_gateway]: gateway calibrated=yes frame_age=0.4ms frames=396231 ball=30929 base_poses=382156 invalid=0 station_ok=no
[INFO] [1787110174.694664819] [a3_receive_input_gateway]: gateway calibrated=yes frame_age=0.6ms frames=396531 ball=30929 base_poses=382456 invalid=0 station_ok=no
[INFO] [1787110175.694400763] [a3_receive_input_gateway]: gateway calibrated=yes frame_age=0.6ms frames=396831 ball=30929 base_poses=382756 invalid=0 station_ok=no
[INFO] [1787110176.694583060] [a3_receive_input_gateway]: gateway calibrated=yes frame_age=0.5ms frames=397131 ball=30929 base_poses=383056 invalid=0 station_ok=no
[INFO] [1787110177.694394448] [a3_receive_input_gateway]: gateway calibrated=yes frame_age=0.7ms frames=397431 ball=30929 base_poses=383356 invalid=0 station_ok=no
[INFO] [1787110178.694410702] [a3_receive_input_gateway]: gateway calibrated=yes frame_age=0.9ms frames=397731 ball=30929 base_poses=383656 invalid=0 station_ok=no
[INFO] [1787110179.694411415] [a3_receive_input_gateway]: gateway calibrated=yes frame_age=1.0ms frames=398031 ball=30929 base_poses=383956 invalid=0 station_ok=no
[INFO] [1787110180.694777659] [a3_receive_input_gateway]: gateway calibrated=yes frame_age=1.2ms frames=398331 ball=30929 base_poses=384256 invalid=0 station_ok=no
[INFO] [1787110181.694421735] [a3_receive_input_gateway]: gateway calibrated=yes frame_age=0.8ms frames=398631 ball=30929 base_poses=384556 invalid=0 station_ok=no
[INFO] [1787110182.694935489] [a3_receive_input_gateway]: gateway calibrated=yes frame_age=1.4ms frames=398931 ball=30929 base_poses=384856 invalid=0 station_ok=no
[INFO] [1787110183.694395389] [a3_receive_input_gateway]: gateway calibrated=yes frame_age=1.1ms frames=399231 ball=30929 base_poses=385156 invalid=0 station_ok=no
[INFO] [1787110184.694378590] [a3_receive_input_gateway]: gateway calibrated=yes frame_age=0.8ms frames=399531 ball=30929 base_poses=385456 invalid=0 station_ok=no
[INFO] [1787110185.694457110] [a3_receive_input_gateway]: gateway calibrated=yes frame_age=1.3ms frames=399831 ball=30929 base_poses=385756 invalid=0 station_ok=no
[INFO] [1787110186.694420435] [a3_receive_input_gateway]: gateway calibrated=yes frame_age=1.0ms frames=400131 ball=30929 base_poses=386056 invalid=0 station_ok=no
[INFO] [1787110187.694560716] [a3_receive_input_gateway]: gateway calibrated=yes frame_age=1.4ms frames=400431 ball=30929 base_poses=386356 invalid=0 station_ok=no
[INFO] [1787110188.694482489] [a3_receive_input_gateway]: gateway calibrated=yes frame_age=5.5ms frames=400730 ball=30929 base_poses=386655 invalid=0 station_ok=no
[INFO] [1787110189.694394658] [a3_receive_input_gateway]: gateway calibrated=yes frame_age=1.4ms frames=401031 ball=30929 base_poses=386956 invalid=0 station_ok=no
[INFO] [1787110190.694424651] [a3_receive_input_gateway]: gateway calibrated=yes frame_age=1.5ms frames=401331 ball=30929 base_poses=387256 invalid=0 station_ok=no
[INFO] [1787110191.694538734] [a3_receive_input_gateway]: gateway calibrated=yes frame_age=1.6ms frames=401631 ball=30929 base_poses=387556 invalid=0 station_ok=no
[INFO] [1787110192.694599220] [a3_receive_input_gateway]: gateway calibrated=yes frame_age=1.4ms frames=401931 ball=30929 base_poses=387856 invalid=0 station_ok=no
[INFO] [1787110193.694459597] [a3_receive_input_gateway]: gateway calibrated=yes frame_age=1.7ms frames=402231 ball=30929 base_poses=388156 invalid=0 station_ok=no
[INFO] [1787110194.694381850] [a3_receive_input_gateway]: gateway calibrated=yes frame_age=1.5ms frames=402531 ball=30929 base_poses=388456 invalid=0 station_ok=no
[INFO] [1787110195.694418229] [a3_receive_input_gateway]: gateway calibrated=yes frame_age=1.7ms frames=402831 ball=30929 base_poses=388756 invalid=0 station_ok=no
[INFO] [1787110196.694558080] [a3_receive_input_gateway]: gateway calibrated=yes frame_age=1.7ms frames=403131 ball=30929 base_poses=389056 invalid=0 station_ok=no
[INFO] [1787110197.694461167] [a3_receive_input_gateway]: gateway calibrated=yes frame_age=1.8ms frames=403431 ball=30929 base_poses=389356 invalid=0 station_ok=no
[INFO] [1787110198.694423479] [a3_receive_input_gateway]: gateway calibrated=yes frame_age=1.3ms frames=403731 ball=30929 base_poses=389656 invalid=0 station_ok=no
[INFO] [1787110199.694442394] [a3_receive_input_gateway]: gateway calibrated=yes frame_age=1.7ms frames=404031 ball=30929 base_poses=389956 invalid=0 station_ok=no
[INFO] [1787110200.694413479] [a3_receive_input_gateway]: gateway calibrated=yes frame_age=1.9ms frames=404331 ball=30929 base_poses=390256 invalid=0 station_ok=no
[INFO] [1787110201.694457597] [a3_receive_input_gateway]: gateway calibrated=yes frame_age=1.7ms frames=404631 ball=30929 base_poses=390556 invalid=0 station_ok=no
[INFO] [1787110202.694588107] [a3_receive_input_gateway]: gateway calibrated=yes frame_age=1.9ms frames=404931 ball=30929 base_poses=390856 invalid=0 station_ok=no
[INFO] [1787110203.694475530] [a3_receive_input_gateway]: gateway calibrated=yes frame_age=2.0ms frames=405231 ball=30929 base_poses=391156 invalid=0 station_ok=no
[INFO] [1787110204.694431980] [a3_receive_input_gateway]: gateway calibrated=yes frame_age=1.8ms frames=405531 ball=30929 base_poses=391456 invalid=0 station_ok=no
[INFO] [1787110205.694609812] [a3_receive_input_gateway]: gateway calibrated=yes frame_age=2.1ms frames=405831 ball=30929 base_poses=391756 invalid=0 station_ok=no
[INFO] [1787110206.694542333] [a3_receive_input_gateway]: gateway calibrated=yes frame_age=2.1ms frames=406131 ball=30929 base_poses=392056 invalid=0 station_ok=no
[INFO] [1787110207.694395986] [a3_receive_input_gateway]: gateway calibrated=yes frame_age=0.2ms frames=406431 ball=30929 base_poses=392356 invalid=0 station_ok=no
[INFO] [1787110208.694462934] [a3_receive_input_gateway]: gateway calibrated=yes frame_age=2.2ms frames=406731 ball=30929 base_poses=392656 invalid=0 station_ok=no
[INFO] [1787110209.694728259] [a3_receive_input_gateway]: gateway calibrated=yes frame_age=0.4ms frames=407031 ball=30929 base_poses=392956 invalid=0 station_ok=no
[INFO] [1787110210.694456353] [a3_receive_input_gateway]: gateway calibrated=yes frame_age=2.4ms frames=407331 ball=30929 base_poses=393256 invalid=0 station_ok=no
[INFO] [1787110211.694401746] [a3_receive_input_gateway]: gateway calibrated=yes frame_age=0.3ms frames=407631 ball=30929 base_poses=393556 invalid=0 station_ok=no
[INFO] [1787110212.694389798] [a3_receive_input_gateway]: gateway calibrated=yes frame_age=0.3ms frames=407931 ball=30929 base_poses=393856 invalid=0 station_ok=no
[INFO] [1787110213.694566000] [a3_receive_input_gateway]: gateway calibrated=yes frame_age=2.5ms frames=408231 ball=30929 base_poses=394156 invalid=0 station_ok=no
[INFO] [1787110214.694424201] [a3_receive_input_gateway]: gateway calibrated=yes frame_age=2.4ms frames=408531 ball=30929 base_poses=394456 invalid=0 station_ok=no
[INFO] [1787110215.695902722] [a3_receive_input_gateway]: gateway calibrated=yes frame_age=3.8ms frames=408831 ball=30929 base_poses=394756 invalid=0 station_ok=no
[INFO] [1787110216.694493037] [a3_receive_input_gateway]: gateway calibrated=yes frame_age=2.5ms frames=409131 ball=30929 base_poses=395056 invalid=0 station_ok=no
[INFO] [1787110217.694542475] [a3_receive_input_gateway]: gateway calibrated=yes frame_age=2.6ms frames=409431 ball=30929 base_poses=395356 invalid=0 station_ok=no
[INFO] [1787110218.694469096] [a3_receive_input_gateway]: gateway calibrated=yes frame_age=2.8ms frames=409731 ball=30929 base_poses=395656 invalid=0 station_ok=no
[INFO] [1787110219.694556308] [a3_receive_input_gateway]: gateway calibrated=yes frame_age=2.9ms frames=410031 ball=30929 base_poses=395956 invalid=0 station_ok=no
[INFO] [1787110220.694428857] [a3_receive_input_gateway]: gateway calibrated=yes frame_age=2.8ms frames=410331 ball=30929 base_poses=396256 invalid=0 station_ok=no
[INFO] [1787110221.694548348] [a3_receive_input_gateway]: gateway calibrated=yes frame_age=2.8ms frames=410631 ball=30929 base_poses=396556 invalid=0 station_ok=no
[INFO] [1787110222.694677699] [a3_receive_input_gateway]: gateway calibrated=yes frame_age=3.1ms frames=410931 ball=30929 base_poses=396856 invalid=0 station_ok=no
[INFO] [1787110223.694422167] [a3_receive_input_gateway]: gateway calibrated=yes frame_age=2.7ms frames=411231 ball=30929 base_poses=397156 invalid=0 station_ok=no
[INFO] [1787110224.694551557] [a3_receive_input_gateway]: gateway calibrated=yes frame_age=2.9ms frames=411531 ball=30929 base_poses=397456 invalid=0 station_ok=no
[INFO] [1787110225.694461911] [a3_receive_input_gateway]: gateway calibrated=yes frame_age=3.0ms frames=411831 ball=30929 base_poses=397756 invalid=0 station_ok=no
[INFO] [1787110226.694485015] [a3_receive_input_gateway]: gateway calibrated=yes frame_age=3.1ms frames=412131 ball=30929 base_poses=398056 invalid=0 station_ok=no
[INFO] [1787110227.694546801] [a3_receive_input_gateway]: gateway calibrated=yes frame_age=3.1ms frames=412431 ball=30929 base_poses=398356 invalid=0 station_ok=no
[INFO] [1787110228.694526344] [a3_receive_input_gateway]: gateway calibrated=yes frame_age=2.5ms frames=412731 ball=30929 base_poses=398656 invalid=0 station_ok=no
[INFO] [1787110229.694585093] [a3_receive_input_gateway]: gateway calibrated=yes frame_age=3.2ms frames=413031 ball=30929 base_poses=398956 invalid=0 station_ok=no
[INFO] [1787110230.694429993] [a3_receive_input_gateway]: gateway calibrated=yes frame_age=3.1ms frames=413331 ball=30929 base_poses=399256 invalid=0 station_ok=no
[INFO] [1787110231.694472661] [a3_receive_input_gateway]: gateway calibrated=yes frame_age=3.2ms frames=413631 ball=30929 base_poses=399556 invalid=0 station_ok=no
[INFO] [1787110232.694544033] [a3_receive_input_gateway]: gateway calibrated=yes frame_age=3.1ms frames=413931 ball=30929 base_poses=399856 invalid=0 station_ok=no
[INFO] [1787110233.694549975] [a3_receive_input_gateway]: gateway calibrated=yes frame_age=3.3ms frames=414231 ball=30929 base_poses=400156 invalid=0 station_ok=no
[INFO] [1787110234.694453861] [a3_receive_input_gateway]: gateway calibrated=yes frame_age=3.4ms frames=414531 ball=30929 base_poses=400456 invalid=0 station_ok=no
[INFO] [1787110235.694438604] [a3_receive_input_gateway]: gateway calibrated=yes frame_age=3.5ms frames=414831 ball=30929 base_poses=400756 invalid=0 station_ok=no
[INFO] [1787110236.694485468] [a3_receive_input_gateway]: gateway calibrated=yes frame_age=3.1ms frames=415131 ball=30929 base_poses=401056 invalid=0 station_ok=no
[INFO] [1787110237.694427645] [a3_receive_input_gateway]: gateway calibrated=yes frame_age=1.4ms frames=415431 ball=30929 base_poses=401356 invalid=0 station_ok=no
[INFO] [1787110238.694414912] [a3_receive_input_gateway]: gateway calibrated=yes frame_age=3.5ms frames=415731 ball=30929 base_poses=401656 invalid=0 station_ok=no
[INFO] [1787110239.694608789] [a3_receive_input_gateway]: gateway calibrated=yes frame_age=1.4ms frames=416031 ball=30929 base_poses=401956 invalid=0 station_ok=no
[INFO] [1787110240.694887000] [a3_receive_input_gateway]: gateway calibrated=yes frame_age=3.9ms frames=416331 ball=30929 base_poses=402256 invalid=0 station_ok=no
[INFO] [1787110241.694509336] [a3_receive_input_gateway]: gateway calibrated=yes frame_age=1.7ms frames=416631 ball=30929 base_poses=402556 invalid=0 station_ok=no
[INFO] [1787110242.694601719] [a3_receive_input_gateway]: gateway calibrated=yes frame_age=3.5ms frames=416931 ball=30929 base_poses=402856 invalid=0 station_ok=no
[INFO] [1787110243.694463074] [a3_receive_input_gateway]: gateway calibrated=yes frame_age=1.6ms frames=417231 ball=30929 base_poses=403156 invalid=0 station_ok=no
[INFO] [1787110244.694516414] [a3_receive_input_gateway]: gateway calibrated=yes frame_age=1.7ms frames=417531 ball=30929 base_poses=403456 invalid=0 station_ok=no
[INFO] [1787110245.694512807] [a3_receive_input_gateway]: gateway calibrated=yes frame_age=1.8ms frames=417831 ball=30929 base_poses=403756 invalid=0 station_ok=no
[INFO] [1787110246.694431784] [a3_receive_input_gateway]: gateway calibrated=yes frame_age=1.7ms frames=418131 ball=30929 base_poses=404056 invalid=0 station_ok=no
[INFO] [1787110247.694386209] [a3_receive_input_gateway]: gateway calibrated=yes frame_age=1.8ms frames=418431 ball=30929 base_poses=404356 invalid=0 station_ok=no
[INFO] [1787110248.694717270] [a3_receive_input_gateway]: gateway calibrated=yes frame_age=3.6ms frames=418731 ball=30929 base_poses=404656 invalid=0 station_ok=no
[INFO] [1787110249.694569993] [a3_receive_input_gateway]: gateway calibrated=yes frame_age=1.9ms frames=419031 ball=30929 base_poses=404956 invalid=0 station_ok=no
[INFO] [1787110250.694434802] [a3_receive_input_gateway]: gateway calibrated=yes frame_age=2.0ms frames=419331 ball=30929 base_poses=405256 invalid=0 station_ok=no
[INFO] [1787110251.694425467] [a3_receive_input_gateway]: gateway calibrated=yes frame_age=0.2ms frames=419632 ball=30929 base_poses=405557 invalid=0 station_ok=no
[INFO] [1787110252.694700469] [a3_receive_input_gateway]: gateway calibrated=yes frame_age=0.2ms frames=419932 ball=30929 base_poses=405857 invalid=0 station_ok=no
[INFO] [1787110253.694484587] [a3_receive_input_gateway]: gateway calibrated=yes frame_age=0.2ms frames=420232 ball=30929 base_poses=406157 invalid=0 station_ok=no
[INFO] [1787110254.694591786] [a3_receive_input_gateway]: gateway calibrated=yes frame_age=2.2ms frames=420531 ball=30929 base_poses=406456 invalid=0 station_ok=no
[INFO] [1787110255.694692209] [a3_receive_input_gateway]: gateway calibrated=yes frame_age=0.2ms frames=420832 ball=30929 base_poses=406757 invalid=0 station_ok=no
[INFO] [1787110256.694452835] [a3_receive_input_gateway]: gateway calibrated=yes frame_age=0.2ms frames=421132 ball=30929 base_poses=407057 invalid=0 station_ok=no
[INFO] [1787110257.694383229] [a3_receive_input_gateway]: gateway calibrated=yes frame_age=2.4ms frames=421431 ball=30929 base_poses=407356 invalid=0 station_ok=no
[INFO] [1787110258.694588337] [a3_receive_input_gateway]: gateway calibrated=yes frame_age=2.3ms frames=421731 ball=30929 base_poses=407656 invalid=0 station_ok=no
[INFO] [1787110259.694409116] [a3_receive_input_gateway]: gateway calibrated=yes frame_age=0.3ms frames=422032 ball=30929 base_poses=407957 invalid=0 station_ok=no
[INFO] [1787110260.694412211] [a3_receive_input_gateway]: gateway calibrated=yes frame_age=2.5ms frames=422331 ball=30929 base_poses=408256 invalid=0 station_ok=no
[INFO] [1787110261.694393164] [a3_receive_input_gateway]: gateway calibrated=yes frame_age=0.5ms frames=422632 ball=30929 base_poses=408557 invalid=0 station_ok=no
[INFO] [1787110262.694383225] [a3_receive_input_gateway]: gateway calibrated=yes frame_age=0.6ms frames=422932 ball=30929 base_poses=408857 invalid=0 station_ok=no
[INFO] [1787110263.694374276] [a3_receive_input_gateway]: gateway calibrated=yes frame_age=0.4ms frames=423232 ball=30929 base_poses=409157 invalid=0 station_ok=no
[INFO] [1787110264.694590817] [a3_receive_input_gateway]: gateway calibrated=yes frame_age=2.9ms frames=423531 ball=30929 base_poses=409456 invalid=0 station_ok=no
[INFO] [1787110265.694380411] [a3_receive_input_gateway]: gateway calibrated=yes frame_age=0.5ms frames=423832 ball=30929 base_poses=409757 invalid=0 station_ok=no
[INFO] [1787110266.694582883] [a3_receive_input_gateway]: gateway calibrated=yes frame_age=0.8ms frames=424132 ball=30929 base_poses=410057 invalid=0 station_ok=no
[INFO] [1787110267.694365535] [a3_receive_input_gateway]: gateway calibrated=yes frame_age=0.3ms frames=424432 ball=30929 base_poses=410357 invalid=0 station_ok=no
[INFO] [1787110268.694434187] [a3_receive_input_gateway]: gateway calibrated=yes frame_age=0.4ms frames=424732 ball=30929 base_poses=410657 invalid=0 station_ok=no
[INFO] [1787110269.694384974] [a3_receive_input_gateway]: gateway calibrated=yes frame_age=0.7ms frames=425032 ball=30929 base_poses=410957 invalid=0 station_ok=no
[INFO] [1787110270.694384462] [a3_receive_input_gateway]: gateway calibrated=yes frame_age=0.7ms frames=425332 ball=30929 base_poses=411257 invalid=0 station_ok=no
[INFO] [1787110271.694387222] [a3_receive_input_gateway]: gateway calibrated=yes frame_age=1.0ms frames=425632 ball=30929 base_poses=411557 invalid=0 station_ok=no
[INFO] [1787110272.694656210] [a3_receive_input_gateway]: gateway calibrated=yes frame_age=0.2ms frames=425932 ball=30929 base_poses=411857 invalid=0 station_ok=no
[INFO] [1787110273.694555919] [a3_receive_input_gateway]: gateway calibrated=yes frame_age=2.9ms frames=426231 ball=30929 base_poses=412156 invalid=0 station_ok=no
[INFO] [1787110274.694414840] [a3_receive_input_gateway]: gateway calibrated=yes frame_age=0.9ms frames=426532 ball=30929 base_poses=412457 invalid=0 station_ok=no
[INFO] [1787110275.694453902] [a3_receive_input_gateway]: gateway calibrated=yes frame_age=1.0ms frames=426832 ball=30929 base_poses=412757 invalid=0 station_ok=no
[INFO] [1787110276.694439687] [a3_receive_input_gateway]: gateway calibrated=yes frame_age=3.0ms frames=427131 ball=30929 base_poses=413056 invalid=0 station_ok=no
[INFO] [1787110277.694474096] [a3_receive_input_gateway]: gateway calibrated=yes frame_age=3.3ms frames=427431 ball=30929 base_poses=413356 invalid=0 station_ok=no
[INFO] [1787110278.694557828] [a3_receive_input_gateway]: gateway calibrated=yes frame_age=3.4ms frames=427731 ball=30929 base_poses=413656 invalid=0 station_ok=no
[INFO] [1787110279.694439136] [a3_receive_input_gateway]: gateway calibrated=yes frame_age=3.3ms frames=428031 ball=30929 base_poses=413956 invalid=0 station_ok=no
[INFO] [1787110280.694420873] [a3_receive_input_gateway]: gateway calibrated=yes frame_age=3.2ms frames=428331 ball=30929 base_poses=414256 invalid=0 station_ok=no
[INFO] [1787110281.694410541] [a3_receive_input_gateway]: gateway calibrated=yes frame_age=3.3ms frames=428631 ball=30929 base_poses=414556 invalid=0 station_ok=no
[INFO] [1787110282.694428518] [a3_receive_input_gateway]: gateway calibrated=yes frame_age=3.2ms frames=428931 ball=30929 base_poses=414856 invalid=0 station_ok=no
[INFO] [1787110283.694681890] [a3_receive_input_gateway]: gateway calibrated=yes frame_age=3.1ms frames=429231 ball=30929 base_poses=415156 invalid=0 station_ok=no
[INFO] [1787110284.694514652] [a3_receive_input_gateway]: gateway calibrated=yes frame_age=3.3ms frames=429531 ball=30929 base_poses=415456 invalid=0 station_ok=no
[INFO] [1787110285.694601464] [a3_receive_input_gateway]: gateway calibrated=yes frame_age=3.4ms frames=429831 ball=30929 base_poses=415756 invalid=0 station_ok=no
[INFO] [1787110286.694497123] [a3_receive_input_gateway]: gateway calibrated=yes frame_age=3.6ms frames=430131 ball=30929 base_poses=416056 invalid=0 station_ok=no
[INFO] [1787110287.694488173] [a3_receive_input_gateway]: gateway calibrated=yes frame_age=3.6ms frames=430431 ball=30929 base_poses=416356 invalid=0 station_ok=no
[INFO] [1787110288.694524642] [a3_receive_input_gateway]: gateway calibrated=yes frame_age=3.6ms frames=430731 ball=30929 base_poses=416656 invalid=0 station_ok=no
[INFO] [1787110289.694495610] [a3_receive_input_gateway]: gateway calibrated=yes frame_age=3.7ms frames=431031 ball=30929 base_poses=416956 invalid=0 station_ok=no
[INFO] [1787110290.694403967] [a3_receive_input_gateway]: gateway calibrated=yes frame_age=3.2ms frames=431331 ball=30929 base_poses=417256 invalid=0 station_ok=no
[INFO] [1787110291.694534272] [a3_receive_input_gateway]: gateway calibrated=yes frame_age=1.6ms frames=431631 ball=30929 base_poses=417556 invalid=0 station_ok=no
[INFO] [1787110292.694526491] [a3_receive_input_gateway]: gateway calibrated=yes frame_age=3.6ms frames=431931 ball=30929 base_poses=417856 invalid=0 station_ok=no
[INFO] [1787110293.694530680] [a3_receive_input_gateway]: gateway calibrated=yes frame_age=3.8ms frames=432231 ball=30929 base_poses=418156 invalid=0 station_ok=no
[INFO] [1787110294.694357233] [a3_receive_input_gateway]: gateway calibrated=yes frame_age=3.9ms frames=432531 ball=30929 base_poses=418456 invalid=0 station_ok=no
[INFO] [1787110295.694443798] [a3_receive_input_gateway]: gateway calibrated=yes frame_age=3.9ms frames=432831 ball=30929 base_poses=418756 invalid=0 station_ok=no
[INFO] [1787110296.694729380] [a3_receive_input_gateway]: gateway calibrated=yes frame_age=0.2ms frames=433132 ball=30929 base_poses=419057 invalid=0 station_ok=no
[INFO] [1787110297.694428842] [a3_receive_input_gateway]: gateway calibrated=yes frame_age=3.7ms frames=433431 ball=30929 base_poses=419356 invalid=0 station_ok=no
[INFO] [1787110298.694584159] [a3_receive_input_gateway]: gateway calibrated=yes frame_age=0.3ms frames=433732 ball=30929 base_poses=419657 invalid=0 station_ok=no
[INFO] [1787110299.694704963] [a3_receive_input_gateway]: gateway calibrated=yes frame_age=0.2ms frames=434032 ball=30929 base_poses=419957 invalid=0 station_ok=no
[INFO] [1787110300.694616745] [a3_receive_input_gateway]: gateway calibrated=yes frame_age=0.2ms frames=434332 ball=30929 base_poses=420257 invalid=0 station_ok=no
[INFO] [1787110301.694575169] [a3_receive_input_gateway]: gateway calibrated=yes frame_age=0.2ms frames=434632 ball=30929 base_poses=420557 invalid=0 station_ok=no
[INFO] [1787110302.694379237] [a3_receive_input_gateway]: gateway calibrated=yes frame_age=0.3ms frames=434932 ball=30929 base_poses=420857 invalid=0 station_ok=no
[INFO] [1787110303.694408465] [a3_receive_input_gateway]: gateway calibrated=yes frame_age=0.2ms frames=435232 ball=30929 base_poses=421157 invalid=0 station_ok=no
[INFO] [1787110304.694407541] [a3_receive_input_gateway]: gateway calibrated=yes frame_age=0.2ms frames=435532 ball=30929 base_poses=421457 invalid=0 station_ok=no
[INFO] [1787110305.694563907] [a3_receive_input_gateway]: gateway calibrated=yes frame_age=4.3ms frames=435831 ball=30929 base_poses=421756 invalid=0 station_ok=no
[INFO] [1787110306.694375861] [a3_receive_input_gateway]: gateway calibrated=yes frame_age=0.3ms frames=436132 ball=30929 base_poses=422057 invalid=0 station_ok=no
[INFO] [1787110307.694382136] [a3_receive_input_gateway]: gateway calibrated=yes frame_age=0.4ms frames=436432 ball=30929 base_poses=422357 invalid=0 station_ok=no
[INFO] [1787110308.694375176] [a3_receive_input_gateway]: gateway calibrated=yes frame_age=0.4ms frames=436732 ball=30929 base_poses=422657 invalid=0 station_ok=no
[INFO] [1787110309.694520060] [a3_receive_input_gateway]: gateway calibrated=yes frame_age=4.6ms frames=437031 ball=30929 base_poses=422956 invalid=0 station_ok=no
[INFO] [1787110310.694431462] [a3_receive_input_gateway]: gateway calibrated=yes frame_age=0.7ms frames=437332 ball=30929 base_poses=423257 invalid=0 station_ok=no
[INFO] [1787110311.694386091] [a3_receive_input_gateway]: gateway calibrated=yes frame_age=0.6ms frames=437632 ball=30929 base_poses=423557 invalid=0 station_ok=no
[INFO] [1787110312.694387136] [a3_receive_input_gateway]: gateway calibrated=yes frame_age=0.6ms frames=437932 ball=30929 base_poses=423857 invalid=0 station_ok=no
[INFO] [1787110313.694443616] [a3_receive_input_gateway]: gateway calibrated=yes frame_age=0.5ms frames=438232 ball=30929 base_poses=424157 invalid=0 station_ok=no
[INFO] [1787110314.694585020] [a3_receive_input_gateway]: gateway calibrated=yes frame_age=4.7ms frames=438531 ball=30929 base_poses=424456 invalid=0 station_ok=no
[INFO] [1787110315.694502207] [a3_receive_input_gateway]: gateway calibrated=yes frame_age=2.9ms frames=438831 ball=30929 base_poses=424756 invalid=0 station_ok=no
[INFO] [1787110316.694494763] [a3_receive_input_gateway]: gateway calibrated=yes frame_age=4.6ms frames=439131 ball=30929 base_poses=425056 invalid=0 station_ok=no
[INFO] [1787110317.694444866] [a3_receive_input_gateway]: gateway calibrated=yes frame_age=0.9ms frames=439432 ball=30929 base_poses=425357 invalid=0 station_ok=no
[INFO] [1787110318.694374352] [a3_receive_input_gateway]: gateway calibrated=yes frame_age=0.7ms frames=439732 ball=30929 base_poses=425657 invalid=0 station_ok=no
[INFO] [1787110319.694375131] [a3_receive_input_gateway]: gateway calibrated=yes frame_age=0.4ms frames=440032 ball=30929 base_poses=425957 invalid=0 station_ok=no
[INFO] [1787110320.694532377] [a3_receive_input_gateway]: gateway calibrated=yes frame_age=3.0ms frames=440331 ball=30929 base_poses=426256 invalid=0 station_ok=no
[INFO] [1787110321.694545725] [a3_receive_input_gateway]: gateway calibrated=yes frame_age=2.9ms frames=440631 ball=30929 base_poses=426556 invalid=0 station_ok=no
[INFO] [1787110322.694488457] [a3_receive_input_gateway]: gateway calibrated=yes frame_age=3.1ms frames=440931 ball=30929 base_poses=426856 invalid=0 station_ok=no
[INFO] [1787110323.694582577] [a3_receive_input_gateway]: gateway calibrated=yes frame_age=1.1ms frames=441232 ball=30929 base_poses=427157 invalid=0 station_ok=no
[INFO] [1787110324.694384917] [a3_receive_input_gateway]: gateway calibrated=yes frame_age=0.7ms frames=441532 ball=30929 base_poses=427457 invalid=0 station_ok=no
[INFO] [1787110325.694550997] [a3_receive_input_gateway]: gateway calibrated=yes frame_age=3.3ms frames=441831 ball=30929 base_poses=427756 invalid=0 station_ok=no
[INFO] [1787110326.694520743] [a3_receive_input_gateway]: gateway calibrated=yes frame_age=0.7ms frames=442132 ball=30929 base_poses=428057 invalid=0 station_ok=no
[INFO] [1787110327.694459907] [a3_receive_input_gateway]: gateway calibrated=yes frame_age=1.3ms frames=442432 ball=30929 base_poses=428357 invalid=0 station_ok=no
[INFO] [1787110328.694484098] [a3_receive_input_gateway]: gateway calibrated=yes frame_age=1.5ms frames=442732 ball=30929 base_poses=428657 invalid=0 station_ok=no
[INFO] [1787110329.694445495] [a3_receive_input_gateway]: gateway calibrated=yes frame_age=1.2ms frames=443032 ball=30929 base_poses=428957 invalid=0 station_ok=no
[INFO] [1787110330.694438153] [a3_receive_input_gateway]: gateway calibrated=yes frame_age=1.2ms frames=443332 ball=30929 base_poses=429257 invalid=0 station_ok=no
[INFO] [1787110331.694478655] [a3_receive_input_gateway]: gateway calibrated=yes frame_age=3.5ms frames=443631 ball=30929 base_poses=429556 invalid=0 station_ok=no
[INFO] [1787110332.694483189] [a3_receive_input_gateway]: gateway calibrated=yes frame_age=3.4ms frames=443931 ball=30929 base_poses=429856 invalid=0 station_ok=no
[INFO] [1787110333.694548504] [a3_receive_input_gateway]: gateway calibrated=yes frame_age=1.5ms frames=444232 ball=30929 base_poses=430157 invalid=0 station_ok=no
[INFO] [1787110334.694603807] [a3_receive_input_gateway]: gateway calibrated=yes frame_age=1.4ms frames=444532 ball=30929 base_poses=430457 invalid=0 station_ok=no
[INFO] [1787110335.694548119] [a3_receive_input_gateway]: gateway calibrated=yes frame_age=3.6ms frames=444831 ball=30929 base_poses=430756 invalid=0 station_ok=no
[INFO] [1787110336.694471673] [a3_receive_input_gateway]: gateway calibrated=yes frame_age=3.3ms frames=445131 ball=30929 base_poses=431056 invalid=0 station_ok=no
[INFO] [1787110337.694609035] [a3_receive_input_gateway]: gateway calibrated=yes frame_age=3.5ms frames=445431 ball=30929 base_poses=431356 invalid=0 station_ok=no
[INFO] [1787110338.694585186] [a3_receive_input_gateway]: gateway calibrated=yes frame_age=1.5ms frames=445732 ball=30929 base_poses=431657 invalid=0 station_ok=no
[INFO] [1787110339.694483251] [a3_receive_input_gateway]: gateway calibrated=yes frame_age=3.5ms frames=446031 ball=30929 base_poses=431956 invalid=0 station_ok=no
[INFO] [1787110340.694598759] [a3_receive_input_gateway]: gateway calibrated=yes frame_age=3.7ms frames=446331 ball=30929 base_poses=432256 invalid=0 station_ok=no
[INFO] [1787110341.694495202] [a3_receive_input_gateway]: gateway calibrated=yes frame_age=2.0ms frames=446632 ball=30929 base_poses=432557 invalid=0 station_ok=no
[INFO] [1787110342.694413747] [a3_receive_input_gateway]: gateway calibrated=yes frame_age=3.5ms frames=446931 ball=30929 base_poses=432856 invalid=0 station_ok=no
[INFO] [1787110343.694616579] [a3_receive_input_gateway]: gateway calibrated=yes frame_age=3.7ms frames=447231 ball=30929 base_poses=433156 invalid=0 station_ok=no
[INFO] [1787110344.694412563] [a3_receive_input_gateway]: gateway calibrated=yes frame_age=1.6ms frames=447532 ball=30929 base_poses=433457 invalid=0 station_ok=no
[INFO] [1787110345.694380218] [a3_receive_input_gateway]: gateway calibrated=yes frame_age=0.2ms frames=447832 ball=30929 base_poses=433757 invalid=0 station_ok=no
[INFO] [1787110346.694386855] [a3_receive_input_gateway]: gateway calibrated=yes frame_age=1.9ms frames=448132 ball=30929 base_poses=434057 invalid=0 station_ok=no
[INFO] [1787110347.694427182] [a3_receive_input_gateway]: gateway calibrated=yes frame_age=0.3ms frames=448432 ball=30929 base_poses=434357 invalid=0 station_ok=no
[INFO] [1787110348.694445030] [a3_receive_input_gateway]: gateway calibrated=yes frame_age=0.2ms frames=448732 ball=30929 base_poses=434657 invalid=0 station_ok=no
[INFO] [1787110349.694379332] [a3_receive_input_gateway]: gateway calibrated=yes frame_age=0.3ms frames=449032 ball=30929 base_poses=434957 invalid=0 station_ok=no
[INFO] [1787110350.694961869] [a3_receive_input_gateway]: gateway calibrated=yes frame_age=0.4ms frames=449332 ball=30929 base_poses=435257 invalid=0 station_ok=no
[INFO] [1787110351.694417211] [a3_receive_input_gateway]: gateway calibrated=yes frame_age=0.4ms frames=449632 ball=30929 base_poses=435557 invalid=0 station_ok=no
[INFO] [1787110352.694433112] [a3_receive_input_gateway]: gateway calibrated=yes frame_age=0.4ms frames=449932 ball=30929 base_poses=435857 invalid=0 station_ok=no
[INFO] [1787110353.694381472] [a3_receive_input_gateway]: gateway calibrated=yes frame_age=0.4ms frames=450232 ball=30929 base_poses=436157 invalid=0 station_ok=no
[INFO] [1787110354.694387803] [a3_receive_input_gateway]: gateway calibrated=yes frame_age=0.5ms frames=450532 ball=30929 base_poses=436457 invalid=0 station_ok=no
[INFO] [1787110355.694665099] [a3_receive_input_gateway]: gateway calibrated=yes frame_age=0.5ms frames=450832 ball=30929 base_poses=436757 invalid=0 station_ok=no
[INFO] [1787110356.694409779] [a3_receive_input_gateway]: gateway calibrated=yes frame_age=0.2ms frames=451132 ball=30929 base_poses=437057 invalid=0 station_ok=no
[INFO] [1787110357.694368515] [a3_receive_input_gateway]: gateway calibrated=yes frame_age=0.5ms frames=451432 ball=30929 base_poses=437357 invalid=0 station_ok=no
[INFO] [1787110358.694385099] [a3_receive_input_gateway]: gateway calibrated=yes frame_age=0.7ms frames=451732 ball=30929 base_poses=437657 invalid=0 station_ok=no
[INFO] [1787110359.694495349] [a3_receive_input_gateway]: gateway calibrated=yes frame_age=4.6ms frames=452031 ball=30929 base_poses=437956 invalid=0 station_ok=no
[INFO] [1787110360.694375581] [a3_receive_input_gateway]: gateway calibrated=yes frame_age=0.6ms frames=452332 ball=30929 base_poses=438257 invalid=0 station_ok=no
[INFO] [1787110361.694395257] [a3_receive_input_gateway]: gateway calibrated=yes frame_age=0.8ms frames=452632 ball=30929 base_poses=438557 invalid=0 station_ok=no
[INFO] [1787110362.694407760] [a3_receive_input_gateway]: gateway calibrated=yes frame_age=4.7ms frames=452931 ball=30929 base_poses=438856 invalid=0 station_ok=no
[INFO] [1787110363.694686797] [a3_receive_input_gateway]: gateway calibrated=yes frame_age=0.7ms frames=453232 ball=30929 base_poses=439157 invalid=0 station_ok=no
[INFO] [1787110364.694644671] [a3_receive_input_gateway]: gateway calibrated=yes frame_age=0.5ms frames=453532 ball=30929 base_poses=439457 invalid=0 station_ok=no
[INFO] [1787110365.694474591] [a3_receive_input_gateway]: gateway calibrated=yes frame_age=0.8ms frames=453832 ball=30929 base_poses=439757 invalid=0 station_ok=no
[INFO] [1787110366.694698582] [a3_receive_input_gateway]: gateway calibrated=yes frame_age=0.7ms frames=454132 ball=30929 base_poses=440057 invalid=0 station_ok=no
[INFO] [1787110367.694423350] [a3_receive_input_gateway]: gateway calibrated=yes frame_age=0.9ms frames=454432 ball=30929 base_poses=440357 invalid=0 station_ok=no
[INFO] [1787110368.694478325] [a3_receive_input_gateway]: gateway calibrated=yes frame_age=1.2ms frames=454732 ball=30929 base_poses=440657 invalid=0 station_ok=no
[INFO] [1787110369.694399024] [a3_receive_input_gateway]: gateway calibrated=yes frame_age=0.9ms frames=455032 ball=30929 base_poses=440957 invalid=0 station_ok=no
[INFO] [1787110370.694522442] [a3_receive_input_gateway]: gateway calibrated=yes frame_age=1.2ms frames=455332 ball=30929 base_poses=441257 invalid=0 station_ok=no
[INFO] [1787110371.694582506] [a3_receive_input_gateway]: gateway calibrated=yes frame_age=0.8ms frames=455632 ball=30929 base_poses=441557 invalid=0 station_ok=no
[INFO] [1787110372.694425246] [a3_receive_input_gateway]: gateway calibrated=yes frame_age=1.4ms frames=455932 ball=30929 base_poses=441857 invalid=0 station_ok=no
[INFO] [1787110373.694443605] [a3_receive_input_gateway]: gateway calibrated=yes frame_age=1.4ms frames=456232 ball=30929 base_poses=442157 invalid=0 station_ok=no
[INFO] [1787110374.694422553] [a3_receive_input_gateway]: gateway calibrated=yes frame_age=1.4ms frames=456532 ball=30929 base_poses=442457 invalid=0 station_ok=no
[INFO] [1787110375.694530997] [a3_receive_input_gateway]: gateway calibrated=yes frame_age=1.4ms frames=456832 ball=30929 base_poses=442757 invalid=0 station_ok=no
[INFO] [1787110376.694443658] [a3_receive_input_gateway]: gateway calibrated=yes frame_age=1.5ms frames=457132 ball=30929 base_poses=443057 invalid=0 station_ok=no
[INFO] [1787110377.694443435] [a3_receive_input_gateway]: gateway calibrated=yes frame_age=5.6ms frames=457431 ball=30929 base_poses=443356 invalid=0 station_ok=no
[INFO] [1787110378.694433224] [a3_receive_input_gateway]: gateway calibrated=yes frame_age=1.5ms frames=457732 ball=30929 base_poses=443657 invalid=0 station_ok=no
[INFO] [1787110379.694438012] [a3_receive_input_gateway]: gateway calibrated=yes frame_age=1.7ms frames=458032 ball=30929 base_poses=443957 invalid=0 station_ok=no
[INFO] [1787110380.694438928] [a3_receive_input_gateway]: gateway calibrated=yes frame_age=1.6ms frames=458332 ball=30929 base_poses=444257 invalid=0 station_ok=no
[INFO] [1787110381.694440523] [a3_receive_input_gateway]: gateway calibrated=yes frame_age=3.7ms frames=458631 ball=30929 base_poses=444556 invalid=0 station_ok=no
[INFO] [1787110382.694621885] [a3_receive_input_gateway]: gateway calibrated=yes frame_age=1.5ms frames=458932 ball=30929 base_poses=444857 invalid=0 station_ok=no
[INFO] [1787110383.694563903] [a3_receive_input_gateway]: gateway calibrated=yes frame_age=1.8ms frames=459232 ball=30929 base_poses=445157 invalid=0 station_ok=no
[INFO] [1787110384.694780281] [a3_receive_input_gateway]: gateway calibrated=yes frame_age=1.6ms frames=459532 ball=30929 base_poses=445457 invalid=0 station_ok=no
[INFO] [1787110385.694613551] [a3_receive_input_gateway]: gateway calibrated=yes frame_age=1.8ms frames=459832 ball=30929 base_poses=445757 invalid=0 station_ok=no
[INFO] [1787110386.694619160] [a3_receive_input_gateway]: gateway calibrated=yes frame_age=5.7ms frames=460131 ball=30929 base_poses=446056 invalid=0 station_ok=no
[INFO] [1787110387.694534342] [a3_receive_input_gateway]: gateway calibrated=yes frame_age=2.0ms frames=460432 ball=30929 base_poses=446357 invalid=0 station_ok=no
[INFO] [1787110388.694517501] [a3_receive_input_gateway]: gateway calibrated=yes frame_age=5.9ms frames=460731 ball=30929 base_poses=446656 invalid=0 station_ok=no
[INFO] [1787110389.694536561] [a3_receive_input_gateway]: gateway calibrated=yes frame_age=5.8ms frames=461031 ball=30929 base_poses=446956 invalid=0 station_ok=no
[INFO] [1787110390.694439797] [a3_receive_input_gateway]: gateway calibrated=yes frame_age=1.9ms frames=461332 ball=30929 base_poses=447257 invalid=0 station_ok=no
[INFO] [1787110391.694616472] [a3_receive_input_gateway]: gateway calibrated=yes frame_age=0.2ms frames=461632 ball=30929 base_poses=447557 invalid=0 station_ok=no
[INFO] [1787110392.694412492] [a3_receive_input_gateway]: gateway calibrated=yes frame_age=2.0ms frames=461932 ball=30929 base_poses=447857 invalid=0 station_ok=no
[INFO] [1787110393.694448437] [a3_receive_input_gateway]: gateway calibrated=yes frame_age=2.2ms frames=462232 ball=30929 base_poses=448157 invalid=0 station_ok=no
[INFO] [1787110394.694725184] [a3_receive_input_gateway]: gateway calibrated=yes frame_age=2.1ms frames=462532 ball=30929 base_poses=448457 invalid=0 station_ok=no
[INFO] [1787110395.694420297] [a3_receive_input_gateway]: gateway calibrated=yes frame_age=2.3ms frames=462832 ball=30929 base_poses=448757 invalid=0 station_ok=no
[INFO] [1787110396.694691168] [a3_receive_input_gateway]: gateway calibrated=yes frame_age=2.5ms frames=463132 ball=30929 base_poses=449057 invalid=0 station_ok=no
[INFO] [1787110397.694373560] [a3_receive_input_gateway]: gateway calibrated=yes frame_age=2.4ms frames=463432 ball=30929 base_poses=449357 invalid=0 station_ok=no
[INFO] [1787110398.694869317] [a3_receive_input_gateway]: gateway calibrated=yes frame_age=292.7ms frames=463645 ball=30929 base_poses=449570 invalid=0 station_ok=no
