[WARN] [1787237776.881490857] [a3_receive_input_gateway]: receive gateway started: mocap=/ppmocap/frame planner_input=/a3_mocap/ball_poses base_pose=/a3_mocap/pelvis_pose; inference=off joint_commands=off
[INFO] [1787237776.882200414] [a3_receive_input_gateway]: ball tracking: lost
[WARN] [1787237776.946049005] [a3_receive_input_gateway]: PPMocap calibrated: origin=near-left tabletop, +X=robot-to-opponent, +Y=robot-left, +Z=up
[INFO] [1787237777.874206341] [a3_receive_input_gateway]: gateway calibrated=yes frame_age=1.5ms frames=300 ball=0 base_poses=281 invalid=0 station_ok=no
[INFO] [1787237778.874203331] [a3_receive_input_gateway]: gateway calibrated=yes frame_age=1.9ms frames=600 ball=0 base_poses=581 invalid=0 station_ok=no
[INFO] [1787237779.874535369] [a3_receive_input_gateway]: gateway calibrated=yes frame_age=0.7ms frames=900 ball=0 base_poses=881 invalid=0 station_ok=no
[INFO] [1787237780.874353625] [a3_receive_input_gateway]: gateway calibrated=yes frame_age=1.9ms frames=1200 ball=0 base_poses=1181 invalid=0 station_ok=no
[INFO] [1787237781.874339833] [a3_receive_input_gateway]: gateway calibrated=yes frame_age=1.5ms frames=1500 ball=0 base_poses=1481 invalid=0 station_ok=no
[INFO] [1787237782.874472262] [a3_receive_input_gateway]: gateway calibrated=yes frame_age=0.2ms frames=1801 ball=0 base_poses=1782 invalid=0 station_ok=no
[INFO] [1787237783.874161727] [a3_receive_input_gateway]: gateway calibrated=yes frame_age=0.4ms frames=2101 ball=0 base_poses=2082 invalid=0 station_ok=no
[INFO] [1787237784.874286358] [a3_receive_input_gateway]: gateway calibrated=yes frame_age=0.7ms frames=2401 ball=0 base_poses=2382 invalid=0 station_ok=no
[INFO] [1787237785.874214149] [a3_receive_input_gateway]: gateway calibrated=yes frame_age=1.5ms frames=2701 ball=0 base_poses=2682 invalid=0 station_ok=no
[INFO] [1787237786.874206267] [a3_receive_input_gateway]: gateway calibrated=yes frame_age=1.8ms frames=3001 ball=0 base_poses=2982 invalid=0 station_ok=no
[INFO] [1787237787.874151826] [a3_receive_input_gateway]: gateway calibrated=yes frame_age=0.4ms frames=3302 ball=0 base_poses=3283 invalid=0 station_ok=no
[INFO] [1787237788.874167310] [a3_receive_input_gateway]: gateway calibrated=yes frame_age=0.9ms frames=3602 ball=0 base_poses=3583 invalid=0 station_ok=no
[INFO] [1787237789.874190748] [a3_receive_input_gateway]: gateway calibrated=yes frame_age=1.6ms frames=3902 ball=0 base_poses=3883 invalid=0 station_ok=no
[INFO] [1787237790.540308699] [a3_receive_input_gateway]: ball tracking: visible
[INFO] [1787237790.874468575] [a3_receive_input_gateway]: gateway calibrated=yes frame_age=0.2ms frames=4202 ball=101 base_poses=4183 invalid=0 station_ok=no
[INFO] [1787237791.010201847] [a3_receive_input_gateway]: ball tracking: lost
[INFO] [1787237791.874215051] [a3_receive_input_gateway]: gateway calibrated=yes frame_age=2.6ms frames=4502 ball=141 base_poses=4483 invalid=0 station_ok=no
[INFO] [1787237792.874210641] [a3_receive_input_gateway]: gateway calibrated=yes frame_age=2.8ms frames=4802 ball=141 base_poses=4783 invalid=0 station_ok=no
[INFO] [1787237793.874181321] [a3_receive_input_gateway]: gateway calibrated=yes frame_age=3.1ms frames=5102 ball=141 base_poses=5083 invalid=0 station_ok=no
[INFO] [1787237794.874463202] [a3_receive_input_gateway]: gateway calibrated=yes frame_age=0.2ms frames=5403 ball=141 base_poses=5384 invalid=0 station_ok=no
[INFO] [1787237795.874154232] [a3_receive_input_gateway]: gateway calibrated=yes frame_age=0.6ms frames=5703 ball=141 base_poses=5684 invalid=0 station_ok=no
[INFO] [1787237796.874158073] [a3_receive_input_gateway]: gateway calibrated=yes frame_age=0.6ms frames=6003 ball=141 base_poses=5984 invalid=0 station_ok=no
[INFO] [1787237797.874261839] [a3_receive_input_gateway]: gateway calibrated=yes frame_age=1.3ms frames=6303 ball=141 base_poses=6284 invalid=0 station_ok=no
[INFO] [1787237798.874466607] [a3_receive_input_gateway]: gateway calibrated=yes frame_age=1.7ms frames=6603 ball=141 base_poses=6584 invalid=0 station_ok=no
[INFO] [1787237799.575738426] [a3_receive_input_gateway]: ball tracking: visible
[INFO] [1787237799.874195694] [a3_receive_input_gateway]: gateway calibrated=yes frame_age=2.4ms frames=6903 ball=231 base_poses=6884 invalid=0 station_ok=no
[INFO] [1787237800.051927407] [a3_receive_input_gateway]: ball tracking: lost
[INFO] [1787237800.874204183] [a3_receive_input_gateway]: gateway calibrated=yes frame_age=2.9ms frames=7203 ball=284 base_poses=7184 invalid=0 station_ok=no
[INFO] [1787237801.874179833] [a3_receive_input_gateway]: gateway calibrated=yes frame_age=1.5ms frames=7503 ball=284 base_poses=7484 invalid=0 station_ok=no
[INFO] [1787237802.874475475] [a3_receive_input_gateway]: gateway calibrated=yes frame_age=0.2ms frames=7804 ball=284 base_poses=7785 invalid=0 station_ok=no
[INFO] [1787237803.874149226] [a3_receive_input_gateway]: gateway calibrated=yes frame_age=0.3ms frames=8104 ball=284 base_poses=8085 invalid=0 station_ok=no
[INFO] [1787237804.874179446] [a3_receive_input_gateway]: gateway calibrated=yes frame_age=1.0ms frames=8404 ball=284 base_poses=8385 invalid=0 station_ok=no
[INFO] [1787237805.874210118] [a3_receive_input_gateway]: gateway calibrated=yes frame_age=1.4ms frames=8704 ball=284 base_poses=8685 invalid=0 station_ok=no
[INFO] [1787237806.874199227] [a3_receive_input_gateway]: gateway calibrated=yes frame_age=1.8ms frames=9004 ball=284 base_poses=8985 invalid=0 station_ok=no
[INFO] [1787237807.874224618] [a3_receive_input_gateway]: gateway calibrated=yes frame_age=2.4ms frames=9304 ball=284 base_poses=9285 invalid=0 station_ok=no
[INFO] [1787237808.874259818] [a3_receive_input_gateway]: gateway calibrated=yes frame_age=3.1ms frames=9604 ball=284 base_poses=9585 invalid=0 station_ok=no
[INFO] [1787237809.874209363] [a3_receive_input_gateway]: gateway calibrated=yes frame_age=3.1ms frames=9904 ball=284 base_poses=9885 invalid=0 station_ok=no
[INFO] [1787237810.874342051] [a3_receive_input_gateway]: gateway calibrated=yes frame_age=0.1ms frames=10205 ball=284 base_poses=10186 invalid=0 station_ok=no
[INFO] [1787237811.874145352] [a3_receive_input_gateway]: gateway calibrated=yes frame_age=0.3ms frames=10505 ball=284 base_poses=10486 invalid=0 station_ok=no
[INFO] [1787237812.874186799] [a3_receive_input_gateway]: gateway calibrated=yes frame_age=1.0ms frames=10805 ball=284 base_poses=10786 invalid=0 station_ok=no
[INFO] [1787237813.772638556] [a3_receive_input_gateway]: ball tracking: visible
[INFO] [1787237813.874215570] [a3_receive_input_gateway]: gateway calibrated=yes frame_age=1.5ms frames=11105 ball=315 base_poses=11086 invalid=0 station_ok=no
[INFO] [1787237814.282559912] [a3_receive_input_gateway]: ball tracking: lost
[INFO] [1787237814.874205142] [a3_receive_input_gateway]: gateway calibrated=yes frame_age=1.9ms frames=11405 ball=437 base_poses=11386 invalid=0 station_ok=no
[INFO] [1787237815.874207365] [a3_receive_input_gateway]: gateway calibrated=yes frame_age=2.5ms frames=11705 ball=437 base_poses=11686 invalid=0 station_ok=no
[INFO] [1787237816.874165001] [a3_receive_input_gateway]: gateway calibrated=yes frame_age=2.9ms frames=12005 ball=437 base_poses=11986 invalid=0 station_ok=no
[INFO] [1787237817.874227575] [a3_receive_input_gateway]: gateway calibrated=yes frame_age=3.4ms frames=12305 ball=437 base_poses=12286 invalid=0 station_ok=no
[INFO] [1787237818.874505264] [a3_receive_input_gateway]: gateway calibrated=yes frame_age=0.2ms frames=12606 ball=437 base_poses=12587 invalid=0 station_ok=no
[INFO] [1787237819.874146144] [a3_receive_input_gateway]: gateway calibrated=yes frame_age=0.3ms frames=12906 ball=437 base_poses=12887 invalid=0 station_ok=no
[INFO] [1787237820.874196786] [a3_receive_input_gateway]: gateway calibrated=yes frame_age=0.9ms frames=13206 ball=437 base_poses=13187 invalid=0 station_ok=no
[INFO] [1787237821.874184721] [a3_receive_input_gateway]: gateway calibrated=yes frame_age=1.5ms frames=13506 ball=437 base_poses=13487 invalid=0 station_ok=no
[INFO] [1787237822.874240952] [a3_receive_input_gateway]: gateway calibrated=yes frame_age=0.2ms frames=13807 ball=437 base_poses=13788 invalid=0 station_ok=no
[INFO] [1787237823.874197895] [a3_receive_input_gateway]: gateway calibrated=yes frame_age=2.4ms frames=14106 ball=437 base_poses=14087 invalid=0 station_ok=no
[INFO] [1787237824.874231678] [a3_receive_input_gateway]: gateway calibrated=yes frame_age=3.0ms frames=14406 ball=437 base_poses=14387 invalid=0 station_ok=no
[INFO] [1787237825.874441685] [a3_receive_input_gateway]: gateway calibrated=yes frame_age=3.2ms frames=14706 ball=437 base_poses=14687 invalid=0 station_ok=no
[INFO] [1787237826.874206848] [a3_receive_input_gateway]: gateway calibrated=yes frame_age=3.9ms frames=15006 ball=437 base_poses=14987 invalid=0 station_ok=no
[INFO] [1787237827.874161615] [a3_receive_input_gateway]: gateway calibrated=yes frame_age=0.3ms frames=15307 ball=437 base_poses=15288 invalid=0 station_ok=no
[INFO] [1787237828.874154400] [a3_receive_input_gateway]: gateway calibrated=yes frame_age=0.9ms frames=15607 ball=437 base_poses=15588 invalid=0 station_ok=no
[INFO] [1787237829.874270912] [a3_receive_input_gateway]: gateway calibrated=yes frame_age=1.4ms frames=15907 ball=437 base_poses=15888 invalid=0 station_ok=no
[INFO] [1787237830.874211423] [a3_receive_input_gateway]: gateway calibrated=yes frame_age=1.9ms frames=16207 ball=437 base_poses=16188 invalid=0 station_ok=no
[INFO] [1787237831.874142879] [a3_receive_input_gateway]: gateway calibrated=yes frame_age=0.4ms frames=16508 ball=437 base_poses=16489 invalid=0 station_ok=no
[INFO] [1787237832.874208754] [a3_receive_input_gateway]: gateway calibrated=yes frame_age=2.8ms frames=16807 ball=437 base_poses=16788 invalid=0 station_ok=no
[INFO] [1787237833.874205396] [a3_receive_input_gateway]: gateway calibrated=yes frame_age=1.3ms frames=17108 ball=437 base_poses=17089 invalid=0 station_ok=no
[INFO] [1787237834.874202881] [a3_receive_input_gateway]: gateway calibrated=yes frame_age=1.9ms frames=17408 ball=437 base_poses=17389 invalid=0 station_ok=no
[INFO] [1787237837.157629582] [a3_receive_input_gateway]: gateway calibrated=yes frame_age=3.5ms frames=17549 ball=437 base_poses=17530 invalid=0 station_ok=no
[INFO] [1787237837.874259424] [a3_receive_input_gateway]: gateway calibrated=yes frame_age=0.9ms frames=17765 ball=437 base_poses=17746 invalid=0 station_ok=no
[INFO] [1787237838.874150608] [a3_receive_input_gateway]: gateway calibrated=yes frame_age=1.3ms frames=18065 ball=437 base_poses=18046 invalid=0 station_ok=no
[INFO] [1787237839.874216268] [a3_receive_input_gateway]: gateway calibrated=yes frame_age=2.0ms frames=18365 ball=437 base_poses=18346 invalid=0 station_ok=no
[INFO] [1787237840.874204917] [a3_receive_input_gateway]: gateway calibrated=yes frame_age=2.6ms frames=18665 ball=437 base_poses=18646 invalid=0 station_ok=no
[INFO] [1787237841.251445794] [a3_receive_input_gateway]: ball tracking: visible
[INFO] [1787237841.487436105] [a3_receive_input_gateway]: ball tracking: lost
[INFO] [1787237841.874185922] [a3_receive_input_gateway]: gateway calibrated=yes frame_age=2.9ms frames=18965 ball=507 base_poses=18946 invalid=0 station_ok=no
[INFO] [1787237842.874215579] [a3_receive_input_gateway]: gateway calibrated=yes frame_age=3.2ms frames=19265 ball=507 base_poses=19246 invalid=0 station_ok=no
[INFO] [1787237843.874602808] [a3_receive_input_gateway]: gateway calibrated=yes frame_age=0.2ms frames=19566 ball=507 base_poses=19547 invalid=0 station_ok=no
[INFO] [1787237844.874439672] [a3_receive_input_gateway]: gateway calibrated=yes frame_age=0.3ms frames=19866 ball=507 base_poses=19847 invalid=0 station_ok=no
[INFO] [1787237845.874164292] [a3_receive_input_gateway]: gateway calibrated=yes frame_age=1.0ms frames=20166 ball=507 base_poses=20147 invalid=0 station_ok=no
[INFO] [1787237846.874209221] [a3_receive_input_gateway]: gateway calibrated=yes frame_age=1.6ms frames=20466 ball=507 base_poses=20447 invalid=0 station_ok=no
[INFO] [1787237847.874198563] [a3_receive_input_gateway]: gateway calibrated=yes frame_age=2.0ms frames=20766 ball=507 base_poses=20747 invalid=0 station_ok=no
[INFO] [1787237848.874382483] [a3_receive_input_gateway]: gateway calibrated=yes frame_age=2.4ms frames=21066 ball=507 base_poses=21047 invalid=0 station_ok=no
[INFO] [1787237849.874662025] [a3_receive_input_gateway]: gateway calibrated=yes frame_age=3.4ms frames=21366 ball=507 base_poses=21347 invalid=0 station_ok=no
[INFO] [1787237850.874223256] [a3_receive_input_gateway]: gateway calibrated=yes frame_age=3.4ms frames=21666 ball=507 base_poses=21647 invalid=0 station_ok=no
[INFO] [1787237851.874320041] [a3_receive_input_gateway]: gateway calibrated=yes frame_age=0.1ms frames=21967 ball=507 base_poses=21948 invalid=0 station_ok=no
[INFO] [1787237852.874215509] [a3_receive_input_gateway]: gateway calibrated=yes frame_age=0.4ms frames=22267 ball=507 base_poses=22248 invalid=0 station_ok=no
[INFO] [1787237853.874346426] [a3_receive_input_gateway]: gateway calibrated=yes frame_age=1.0ms frames=22567 ball=507 base_poses=22548 invalid=0 station_ok=no
[INFO] [1787237854.874155616] [a3_receive_input_gateway]: gateway calibrated=yes frame_age=1.4ms frames=22867 ball=507 base_poses=22848 invalid=0 station_ok=no
[INFO] [1787237855.874314963] [a3_receive_input_gateway]: gateway calibrated=yes frame_age=1.8ms frames=23167 ball=507 base_poses=23148 invalid=0 station_ok=no
[INFO] [1787237856.874512873] [a3_receive_input_gateway]: gateway calibrated=yes frame_age=2.5ms frames=23467 ball=507 base_poses=23448 invalid=0 station_ok=no
[INFO] [1787237857.874335246] [a3_receive_input_gateway]: gateway calibrated=yes frame_age=3.0ms frames=23767 ball=507 base_poses=23748 invalid=0 station_ok=no
[INFO] [1787237858.874192319] [a3_receive_input_gateway]: gateway calibrated=yes frame_age=3.4ms frames=24067 ball=507 base_poses=24048 invalid=0 station_ok=no
[INFO] [1787237859.874297047] [a3_receive_input_gateway]: gateway calibrated=yes frame_age=0.2ms frames=24368 ball=507 base_poses=24349 invalid=0 station_ok=no
[INFO] [1787237860.874206681] [a3_receive_input_gateway]: gateway calibrated=yes frame_age=0.3ms frames=24668 ball=507 base_poses=24649 invalid=0 station_ok=no
[INFO] [1787237861.874154097] [a3_receive_input_gateway]: gateway calibrated=yes frame_age=1.0ms frames=24968 ball=507 base_poses=24949 invalid=0 station_ok=no
[INFO] [1787237862.874185955] [a3_receive_input_gateway]: gateway calibrated=yes frame_age=1.4ms frames=25268 ball=507 base_poses=25249 invalid=0 station_ok=no
[INFO] [1787237863.874189779] [a3_receive_input_gateway]: gateway calibrated=yes frame_age=1.9ms frames=25568 ball=507 base_poses=25549 invalid=0 station_ok=no
[INFO] [1787237864.874197123] [a3_receive_input_gateway]: gateway calibrated=yes frame_age=2.4ms frames=25868 ball=507 base_poses=25849 invalid=0 station_ok=no
[INFO] [1787237865.874218808] [a3_receive_input_gateway]: gateway calibrated=yes frame_age=3.0ms frames=26168 ball=507 base_poses=26149 invalid=0 station_ok=no
[INFO] [1787237866.874250755] [a3_receive_input_gateway]: gateway calibrated=yes frame_age=3.6ms frames=26468 ball=507 base_poses=26449 invalid=0 station_ok=no
[INFO] [1787237867.874284386] [a3_receive_input_gateway]: gateway calibrated=yes frame_age=0.2ms frames=26769 ball=507 base_poses=26750 invalid=0 station_ok=no
[INFO] [1787237868.874160997] [a3_receive_input_gateway]: gateway calibrated=yes frame_age=0.5ms frames=27069 ball=507 base_poses=27050 invalid=0 station_ok=no
[INFO] [1787237869.874166896] [a3_receive_input_gateway]: gateway calibrated=yes frame_age=0.9ms frames=27369 ball=507 base_poses=27350 invalid=0 station_ok=no
[INFO] [1787237870.874206641] [a3_receive_input_gateway]: gateway calibrated=yes frame_age=1.6ms frames=27669 ball=507 base_poses=27650 invalid=0 station_ok=no
[INFO] [1787237871.874283027] [a3_receive_input_gateway]: gateway calibrated=yes frame_age=2.3ms frames=28132 ball=507 base_poses=28113 invalid=0 station_ok=no
[INFO] [1787237872.874195374] [a3_receive_input_gateway]: gateway calibrated=yes frame_age=2.7ms frames=28432 ball=507 base_poses=28413 invalid=0 station_ok=no
[INFO] [1787237873.874234379] [a3_receive_input_gateway]: gateway calibrated=yes frame_age=3.4ms frames=28732 ball=507 base_poses=28713 invalid=0 station_ok=no
[INFO] [1787237874.874477926] [a3_receive_input_gateway]: gateway calibrated=yes frame_age=0.2ms frames=29033 ball=507 base_poses=29014 invalid=0 station_ok=no
[INFO] [1787237875.874148365] [a3_receive_input_gateway]: gateway calibrated=yes frame_age=0.2ms frames=29333 ball=507 base_poses=29314 invalid=0 station_ok=no
[INFO] [1787237876.874156061] [a3_receive_input_gateway]: gateway calibrated=yes frame_age=0.7ms frames=29633 ball=507 base_poses=29614 invalid=0 station_ok=no
[INFO] [1787237877.874193473] [a3_receive_input_gateway]: gateway calibrated=yes frame_age=1.2ms frames=29933 ball=507 base_poses=29914 invalid=0 station_ok=no
[INFO] [1787237878.874193554] [a3_receive_input_gateway]: gateway calibrated=yes frame_age=1.8ms frames=30233 ball=507 base_poses=30214 invalid=0 station_ok=no
[INFO] [1787237879.874208267] [a3_receive_input_gateway]: gateway calibrated=yes frame_age=2.4ms frames=30533 ball=507 base_poses=30514 invalid=0 station_ok=no
[INFO] [1787237880.874234687] [a3_receive_input_gateway]: gateway calibrated=yes frame_age=2.8ms frames=30833 ball=507 base_poses=30814 invalid=0 station_ok=no
[INFO] [1787237881.874213443] [a3_receive_input_gateway]: gateway calibrated=yes frame_age=3.2ms frames=31133 ball=507 base_poses=31114 invalid=0 station_ok=no
[INFO] [1787237882.874180709] [a3_receive_input_gateway]: gateway calibrated=yes frame_age=3.8ms frames=31433 ball=507 base_poses=31414 invalid=0 station_ok=no
[INFO] [1787237883.874847668] [a3_receive_input_gateway]: gateway calibrated=yes frame_age=0.4ms frames=31734 ball=507 base_poses=31715 invalid=0 station_ok=no
[INFO] [1787237884.874706904] [a3_receive_input_gateway]: gateway calibrated=yes frame_age=1.1ms frames=32034 ball=507 base_poses=32015 invalid=0 station_ok=no
[INFO] [1787237885.874322240] [a3_receive_input_gateway]: gateway calibrated=yes frame_age=1.4ms frames=32334 ball=507 base_poses=32315 invalid=0 station_ok=no
[INFO] [1787237886.874204492] [a3_receive_input_gateway]: gateway calibrated=yes frame_age=1.8ms frames=32634 ball=507 base_poses=32615 invalid=0 station_ok=no
[INFO] [1787237887.874214923] [a3_receive_input_gateway]: gateway calibrated=yes frame_age=2.1ms frames=32934 ball=507 base_poses=32915 invalid=0 station_ok=no
[INFO] [1787237888.874237101] [a3_receive_input_gateway]: gateway calibrated=yes frame_age=2.8ms frames=33234 ball=507 base_poses=33215 invalid=0 station_ok=no
[INFO] [1787237889.874197847] [a3_receive_input_gateway]: gateway calibrated=yes frame_age=3.4ms frames=33534 ball=507 base_poses=33515 invalid=0 station_ok=no
[INFO] [1787237890.874149589] [a3_receive_input_gateway]: gateway calibrated=yes frame_age=3.5ms frames=33834 ball=507 base_poses=33815 invalid=0 station_ok=no
[INFO] [1787237891.874126043] [a3_receive_input_gateway]: gateway calibrated=yes frame_age=0.2ms frames=34135 ball=507 base_poses=34116 invalid=0 station_ok=no
[INFO] [1787237892.874148259] [a3_receive_input_gateway]: gateway calibrated=yes frame_age=0.6ms frames=34435 ball=507 base_poses=34416 invalid=0 station_ok=no
[INFO] [1787237893.874257856] [a3_receive_input_gateway]: gateway calibrated=yes frame_age=1.2ms frames=34735 ball=507 base_poses=34716 invalid=0 station_ok=no
[INFO] [1787237894.874217077] [a3_receive_input_gateway]: gateway calibrated=yes frame_age=1.8ms frames=35035 ball=507 base_poses=35016 invalid=0 station_ok=no
[INFO] [1787237895.874110411] [a3_receive_input_gateway]: gateway calibrated=yes frame_age=0.2ms frames=35336 ball=507 base_poses=35317 invalid=0 station_ok=no
[INFO] [1787237896.874364726] [a3_receive_input_gateway]: gateway calibrated=yes frame_age=2.8ms frames=35635 ball=507 base_poses=35616 invalid=0 station_ok=no
[INFO] [1787237897.874194174] [a3_receive_input_gateway]: gateway calibrated=yes frame_age=1.0ms frames=35936 ball=507 base_poses=35917 invalid=0 station_ok=no
[INFO] [1787237898.874420114] [a3_receive_input_gateway]: gateway calibrated=yes frame_age=3.7ms frames=36235 ball=507 base_poses=36216 invalid=0 station_ok=no
[INFO] [1787237899.874254813] [a3_receive_input_gateway]: gateway calibrated=yes frame_age=0.2ms frames=36536 ball=507 base_poses=36517 invalid=0 station_ok=no
[INFO] [1787237900.874153284] [a3_receive_input_gateway]: gateway calibrated=yes frame_age=0.7ms frames=36836 ball=507 base_poses=36817 invalid=0 station_ok=no
[INFO] [1787237901.874225600] [a3_receive_input_gateway]: gateway calibrated=yes frame_age=1.2ms frames=37136 ball=507 base_poses=37117 invalid=0 station_ok=no
[INFO] [1787237902.874135734] [a3_receive_input_gateway]: gateway calibrated=yes frame_age=1.8ms frames=37436 ball=507 base_poses=37417 invalid=0 station_ok=no
[INFO] [1787237903.874150491] [a3_receive_input_gateway]: gateway calibrated=yes frame_age=0.3ms frames=37737 ball=507 base_poses=37718 invalid=0 station_ok=no
[INFO] [1787237905.433233635] [a3_receive_input_gateway]: gateway calibrated=yes frame_age=1.8ms frames=38035 ball=507 base_poses=38016 invalid=0 station_ok=no
[INFO] [1787237905.874311303] [a3_receive_input_gateway]: gateway calibrated=yes frame_age=1.0ms frames=38168 ball=507 base_poses=38149 invalid=0 station_ok=no
[INFO] [1787237906.874192176] [a3_receive_input_gateway]: gateway calibrated=yes frame_age=1.5ms frames=38468 ball=507 base_poses=38449 invalid=0 station_ok=no
[INFO] [1787237907.874191670] [a3_receive_input_gateway]: gateway calibrated=yes frame_age=1.9ms frames=38768 ball=507 base_poses=38749 invalid=0 station_ok=no
[INFO] [1787237908.874152071] [a3_receive_input_gateway]: gateway calibrated=yes frame_age=0.5ms frames=39069 ball=507 base_poses=39050 invalid=0 station_ok=no
[INFO] [1787237909.874189325] [a3_receive_input_gateway]: gateway calibrated=yes frame_age=1.1ms frames=39369 ball=507 base_poses=39350 invalid=0 station_ok=no
[INFO] [1787237910.874210460] [a3_receive_input_gateway]: gateway calibrated=yes frame_age=1.4ms frames=39669 ball=507 base_poses=39650 invalid=0 station_ok=no
[INFO] [1787237911.874351653] [a3_receive_input_gateway]: gateway calibrated=yes frame_age=1.7ms frames=39969 ball=507 base_poses=39950 invalid=0 station_ok=no
[INFO] [1787237912.874195382] [a3_receive_input_gateway]: gateway calibrated=yes frame_age=2.2ms frames=40269 ball=507 base_poses=40250 invalid=0 station_ok=no
[INFO] [1787237913.874160772] [a3_receive_input_gateway]: gateway calibrated=yes frame_age=1.0ms frames=40569 ball=507 base_poses=40550 invalid=0 station_ok=no
[INFO] [1787237914.874268856] [a3_receive_input_gateway]: gateway calibrated=yes frame_age=3.3ms frames=40869 ball=507 base_poses=40850 invalid=0 station_ok=no
[INFO] [1787237915.874596541] [a3_receive_input_gateway]: gateway calibrated=yes frame_age=1.5ms frames=41169 ball=507 base_poses=41150 invalid=0 station_ok=no
[INFO] [1787237916.874631609] [a3_receive_input_gateway]: gateway calibrated=yes frame_age=0.8ms frames=41470 ball=507 base_poses=41451 invalid=0 station_ok=no
[INFO] [1787237917.874853964] [a3_receive_input_gateway]: gateway calibrated=yes frame_age=0.6ms frames=41770 ball=507 base_poses=41751 invalid=0 station_ok=no
[INFO] [1787237918.874205000] [a3_receive_input_gateway]: gateway calibrated=yes frame_age=1.6ms frames=42070 ball=507 base_poses=42051 invalid=0 station_ok=no
[INFO] [1787237919.874884915] [a3_receive_input_gateway]: gateway calibrated=yes frame_age=2.3ms frames=42370 ball=507 base_poses=42351 invalid=0 station_ok=no
[INFO] [1787237920.874515211] [a3_receive_input_gateway]: gateway calibrated=yes frame_age=0.3ms frames=42669 ball=507 base_poses=42650 invalid=0 station_ok=no
[INFO] [1787237921.874170070] [a3_receive_input_gateway]: gateway calibrated=yes frame_age=3.0ms frames=42970 ball=507 base_poses=42951 invalid=0 station_ok=no
[INFO] [1787237922.874210669] [a3_receive_input_gateway]: gateway calibrated=yes frame_age=3.6ms frames=43270 ball=507 base_poses=43251 invalid=0 station_ok=no
[INFO] [1787237923.874303896] [a3_receive_input_gateway]: gateway calibrated=yes frame_age=0.2ms frames=43571 ball=507 base_poses=43552 invalid=0 station_ok=no
[INFO] [1787237924.874149894] [a3_receive_input_gateway]: gateway calibrated=yes frame_age=0.4ms frames=43871 ball=507 base_poses=43852 invalid=0 station_ok=no
[INFO] [1787237925.874272618] [a3_receive_input_gateway]: gateway calibrated=yes frame_age=1.0ms frames=44171 ball=507 base_poses=44152 invalid=0 station_ok=no
[INFO] [1787237926.874196961] [a3_receive_input_gateway]: gateway calibrated=yes frame_age=1.2ms frames=44471 ball=507 base_poses=44452 invalid=0 station_ok=no
[INFO] [1787237927.874311092] [a3_receive_input_gateway]: gateway calibrated=yes frame_age=2.0ms frames=44771 ball=507 base_poses=44752 invalid=0 station_ok=no
[INFO] [1787237928.874821905] [a3_receive_input_gateway]: gateway calibrated=yes frame_age=2.9ms frames=45071 ball=507 base_poses=45052 invalid=0 station_ok=no
[INFO] [1787237929.874215268] [a3_receive_input_gateway]: gateway calibrated=yes frame_age=2.8ms frames=45371 ball=507 base_poses=45352 invalid=0 station_ok=no
[INFO] [1787237930.874178087] [a3_receive_input_gateway]: gateway calibrated=yes frame_age=3.5ms frames=45671 ball=507 base_poses=45652 invalid=0 station_ok=no
[INFO] [1787237931.874333850] [a3_receive_input_gateway]: gateway calibrated=yes frame_age=0.2ms frames=45972 ball=507 base_poses=45953 invalid=0 station_ok=no
[INFO] [1787237932.874180422] [a3_receive_input_gateway]: gateway calibrated=yes frame_age=0.3ms frames=46272 ball=507 base_poses=46253 invalid=0 station_ok=no
[INFO] [1787237933.874148143] [a3_receive_input_gateway]: gateway calibrated=yes frame_age=0.9ms frames=46572 ball=507 base_poses=46553 invalid=0 station_ok=no
[INFO] [1787237934.874245062] [a3_receive_input_gateway]: gateway calibrated=yes frame_age=1.6ms frames=46872 ball=507 base_poses=46853 invalid=0 station_ok=no
[INFO] [1787237935.874189351] [a3_receive_input_gateway]: gateway calibrated=yes frame_age=2.1ms frames=47172 ball=507 base_poses=47153 invalid=0 station_ok=no
[INFO] [1787237936.874585175] [a3_receive_input_gateway]: gateway calibrated=yes frame_age=2.1ms frames=47472 ball=507 base_poses=47453 invalid=0 station_ok=no
[INFO] [1787237937.874303389] [a3_receive_input_gateway]: gateway calibrated=yes frame_age=3.0ms frames=47772 ball=507 base_poses=47753 invalid=0 station_ok=no
[INFO] [1787237938.874209766] [a3_receive_input_gateway]: gateway calibrated=yes frame_age=3.5ms frames=48072 ball=507 base_poses=48053 invalid=0 station_ok=no
[INFO] [1787237939.874256912] [a3_receive_input_gateway]: gateway calibrated=yes frame_age=0.2ms frames=48373 ball=507 base_poses=48354 invalid=0 station_ok=no
[INFO] [1787237940.874193264] [a3_receive_input_gateway]: gateway calibrated=yes frame_age=0.5ms frames=48673 ball=507 base_poses=48654 invalid=0 station_ok=no
[INFO] [1787237941.874156944] [a3_receive_input_gateway]: gateway calibrated=yes frame_age=0.8ms frames=48973 ball=507 base_poses=48954 invalid=0 station_ok=no
[INFO] [1787237942.874278117] [a3_receive_input_gateway]: gateway calibrated=yes frame_age=1.5ms frames=49273 ball=507 base_poses=49254 invalid=0 station_ok=no
[INFO] [1787237943.874422515] [a3_receive_input_gateway]: gateway calibrated=yes frame_age=0.2ms frames=49574 ball=507 base_poses=49555 invalid=0 station_ok=no
[INFO] [1787237944.874423747] [a3_receive_input_gateway]: gateway calibrated=yes frame_age=0.3ms frames=49874 ball=507 base_poses=49855 invalid=0 station_ok=no
[INFO] [1787237945.874275998] [a3_receive_input_gateway]: gateway calibrated=yes frame_age=2.9ms frames=50173 ball=507 base_poses=50154 invalid=0 station_ok=no
[INFO] [1787237946.874162633] [a3_receive_input_gateway]: gateway calibrated=yes frame_age=1.1ms frames=50474 ball=507 base_poses=50455 invalid=0 station_ok=no
[INFO] [1787237947.874512575] [a3_receive_input_gateway]: gateway calibrated=yes frame_age=0.2ms frames=50774 ball=507 base_poses=50755 invalid=0 station_ok=no
[INFO] [1787237948.874157424] [a3_receive_input_gateway]: gateway calibrated=yes frame_age=0.6ms frames=51074 ball=507 base_poses=51055 invalid=0 station_ok=no
[INFO] [1787237949.874210479] [a3_receive_input_gateway]: gateway calibrated=yes frame_age=3.0ms frames=51374 ball=507 base_poses=51355 invalid=0 station_ok=no
[INFO] [1787237950.874196678] [a3_receive_input_gateway]: gateway calibrated=yes frame_age=1.6ms frames=51674 ball=507 base_poses=51655 invalid=0 station_ok=no
[INFO] [1787237951.874330718] [a3_receive_input_gateway]: gateway calibrated=yes frame_age=0.2ms frames=51975 ball=507 base_poses=51956 invalid=0 station_ok=no
[INFO] [1787237952.874329500] [a3_receive_input_gateway]: gateway calibrated=yes frame_age=0.3ms frames=52275 ball=507 base_poses=52256 invalid=0 station_ok=no
[INFO] [1787237953.874160408] [a3_receive_input_gateway]: gateway calibrated=yes frame_age=0.8ms frames=52575 ball=507 base_poses=52556 invalid=0 station_ok=no
[INFO] [1787237954.874179349] [a3_receive_input_gateway]: gateway calibrated=yes frame_age=1.5ms frames=52875 ball=507 base_poses=52856 invalid=0 station_ok=no
[INFO] [1787237955.874250819] [a3_receive_input_gateway]: gateway calibrated=yes frame_age=0.2ms frames=53175 ball=507 base_poses=53156 invalid=0 station_ok=no
[INFO] [1787237956.874161732] [a3_receive_input_gateway]: gateway calibrated=yes frame_age=1.1ms frames=53855 ball=507 base_poses=53836 invalid=0 station_ok=no
[INFO] [1787237957.874197951] [a3_receive_input_gateway]: gateway calibrated=yes frame_age=1.5ms frames=54155 ball=507 base_poses=54136 invalid=0 station_ok=no
[INFO] [1787237958.874285783] [a3_receive_input_gateway]: gateway calibrated=yes frame_age=0.2ms frames=54456 ball=507 base_poses=54437 invalid=0 station_ok=no
[INFO] [1787237959.874222020] [a3_receive_input_gateway]: gateway calibrated=yes frame_age=2.6ms frames=54755 ball=507 base_poses=54736 invalid=0 station_ok=no
[INFO] [1787237960.874164841] [a3_receive_input_gateway]: gateway calibrated=yes frame_age=1.0ms frames=55056 ball=507 base_poses=55037 invalid=0 station_ok=no
[INFO] [1787237961.874195170] [a3_receive_input_gateway]: gateway calibrated=yes frame_age=3.4ms frames=55355 ball=507 base_poses=55336 invalid=0 station_ok=no
[INFO] [1787237962.874241736] [a3_receive_input_gateway]: gateway calibrated=yes frame_age=1.9ms frames=55656 ball=507 base_poses=55637 invalid=0 station_ok=no
[INFO] [1787237963.874144347] [a3_receive_input_gateway]: gateway calibrated=yes frame_age=0.4ms frames=55956 ball=507 base_poses=55937 invalid=0 station_ok=no
[INFO] [1787237964.874196013] [a3_receive_input_gateway]: gateway calibrated=yes frame_age=1.0ms frames=56256 ball=507 base_poses=56237 invalid=0 station_ok=no
[INFO] [1787237965.874158645] [a3_receive_input_gateway]: gateway calibrated=yes frame_age=1.4ms frames=56556 ball=507 base_poses=56537 invalid=0 station_ok=no
[INFO] [1787237966.874188538] [a3_receive_input_gateway]: gateway calibrated=yes frame_age=0.1ms frames=56857 ball=507 base_poses=56838 invalid=0 station_ok=no
[INFO] [1787237967.874657076] [a3_receive_input_gateway]: gateway calibrated=yes frame_age=0.4ms frames=57157 ball=507 base_poses=57138 invalid=0 station_ok=no
[INFO] [1787237968.874147670] [a3_receive_input_gateway]: gateway calibrated=yes frame_age=1.0ms frames=57457 ball=507 base_poses=57438 invalid=0 station_ok=no
[INFO] [1787237969.874118379] [a3_receive_input_gateway]: gateway calibrated=yes frame_age=1.5ms frames=57757 ball=507 base_poses=57738 invalid=0 station_ok=no
[INFO] [1787237970.874200418] [a3_receive_input_gateway]: gateway calibrated=yes frame_age=1.9ms frames=58057 ball=507 base_poses=58038 invalid=0 station_ok=no
[INFO] [1787237971.874241507] [a3_receive_input_gateway]: gateway calibrated=yes frame_age=2.6ms frames=58357 ball=507 base_poses=58338 invalid=0 station_ok=no
[INFO] [1787237972.874190017] [a3_receive_input_gateway]: gateway calibrated=yes frame_age=3.0ms frames=58657 ball=507 base_poses=58638 invalid=0 station_ok=no
[INFO] [1787237973.874191121] [a3_receive_input_gateway]: gateway calibrated=yes frame_age=3.5ms frames=58957 ball=507 base_poses=58938 invalid=0 station_ok=no
[INFO] [1787237974.874325562] [a3_receive_input_gateway]: gateway calibrated=yes frame_age=0.2ms frames=59258 ball=507 base_poses=59239 invalid=0 station_ok=no
[INFO] [1787237975.874171587] [a3_receive_input_gateway]: gateway calibrated=yes frame_age=0.6ms frames=59558 ball=507 base_poses=59539 invalid=0 station_ok=no
[INFO] [1787237976.874181587] [a3_receive_input_gateway]: gateway calibrated=yes frame_age=1.0ms frames=59858 ball=507 base_poses=59839 invalid=0 station_ok=no
[INFO] [1787237977.874189986] [a3_receive_input_gateway]: gateway calibrated=yes frame_age=1.6ms frames=60158 ball=507 base_poses=60139 invalid=0 station_ok=no
[INFO] [1787237978.874234737] [a3_receive_input_gateway]: gateway calibrated=yes frame_age=0.2ms frames=60458 ball=507 base_poses=60439 invalid=0 station_ok=no
[INFO] [1787237979.874197395] [a3_receive_input_gateway]: gateway calibrated=yes frame_age=2.6ms frames=60758 ball=507 base_poses=60739 invalid=0 station_ok=no
[INFO] [1787237980.874196331] [a3_receive_input_gateway]: gateway calibrated=yes frame_age=2.8ms frames=61058 ball=507 base_poses=61039 invalid=0 station_ok=no
[INFO] [1787237981.874184659] [a3_receive_input_gateway]: gateway calibrated=yes frame_age=3.5ms frames=61358 ball=507 base_poses=61339 invalid=0 station_ok=no
[INFO] [1787237982.874262609] [a3_receive_input_gateway]: gateway calibrated=yes frame_age=0.2ms frames=61659 ball=507 base_poses=61640 invalid=0 station_ok=no
[INFO] [1787237983.874253379] [a3_receive_input_gateway]: gateway calibrated=yes frame_age=4.5ms frames=61958 ball=507 base_poses=61939 invalid=0 station_ok=no
[INFO] [1787237984.874143146] [a3_receive_input_gateway]: gateway calibrated=yes frame_age=0.9ms frames=62259 ball=507 base_poses=62240 invalid=0 station_ok=no
[INFO] [1787237985.874214295] [a3_receive_input_gateway]: gateway calibrated=yes frame_age=1.7ms frames=62559 ball=507 base_poses=62540 invalid=0 station_ok=no
[INFO] [1787237986.874212387] [a3_receive_input_gateway]: gateway calibrated=yes frame_age=1.9ms frames=62859 ball=507 base_poses=62840 invalid=0 station_ok=no
[INFO] [1787237987.874189120] [a3_receive_input_gateway]: gateway calibrated=yes frame_age=2.3ms frames=63159 ball=507 base_poses=63140 invalid=0 station_ok=no
[INFO] [1787237988.994424003] [a3_receive_input_gateway]: gateway calibrated=yes frame_age=3.8ms frames=63171 ball=507 base_poses=63152 invalid=0 station_ok=no
[INFO] [1787237989.874657261] [a3_receive_input_gateway]: gateway calibrated=yes frame_age=0.3ms frames=63436 ball=507 base_poses=63417 invalid=0 station_ok=no
[INFO] [1787237990.874500762] [a3_receive_input_gateway]: gateway calibrated=yes frame_age=0.8ms frames=63736 ball=507 base_poses=63717 invalid=0 station_ok=no
[INFO] [1787237991.874205490] [a3_receive_input_gateway]: gateway calibrated=yes frame_age=1.2ms frames=64036 ball=507 base_poses=64017 invalid=0 station_ok=no
[INFO] [1787237992.874511632] [a3_receive_input_gateway]: gateway calibrated=yes frame_age=1.7ms frames=64336 ball=507 base_poses=64317 invalid=0 station_ok=no
[INFO] [1787237993.874197171] [a3_receive_input_gateway]: gateway calibrated=yes frame_age=0.2ms frames=64637 ball=507 base_poses=64618 invalid=0 station_ok=no
[INFO] [1787237994.874167449] [a3_receive_input_gateway]: gateway calibrated=yes frame_age=0.7ms frames=64937 ball=507 base_poses=64918 invalid=0 station_ok=no
[INFO] [1787237995.874185414] [a3_receive_input_gateway]: gateway calibrated=yes frame_age=1.2ms frames=65237 ball=507 base_poses=65218 invalid=0 station_ok=no
[INFO] [1787237996.874226053] [a3_receive_input_gateway]: gateway calibrated=yes frame_age=1.4ms frames=65537 ball=507 base_poses=65518 invalid=0 station_ok=no
[INFO] [1787237997.874463803] [a3_receive_input_gateway]: gateway calibrated=yes frame_age=0.2ms frames=65837 ball=507 base_poses=65818 invalid=0 station_ok=no
[INFO] [1787237998.874143168] [a3_receive_input_gateway]: gateway calibrated=yes frame_age=0.3ms frames=66137 ball=507 base_poses=66118 invalid=0 station_ok=no
[INFO] [1787237999.874224618] [a3_receive_input_gateway]: gateway calibrated=yes frame_age=1.1ms frames=66437 ball=507 base_poses=66418 invalid=0 station_ok=no
[INFO] [1787238000.874192812] [a3_receive_input_gateway]: gateway calibrated=yes frame_age=1.6ms frames=66737 ball=507 base_poses=66718 invalid=0 station_ok=no
[INFO] [1787238001.874251225] [a3_receive_input_gateway]: gateway calibrated=yes frame_age=0.2ms frames=67038 ball=507 base_poses=67019 invalid=0 station_ok=no
[INFO] [1787238002.874632393] [a3_receive_input_gateway]: gateway calibrated=yes frame_age=0.4ms frames=67338 ball=507 base_poses=67319 invalid=0 station_ok=no
[INFO] [1787238003.874190942] [a3_receive_input_gateway]: gateway calibrated=yes frame_age=1.2ms frames=67638 ball=507 base_poses=67619 invalid=0 station_ok=no
[INFO] [1787238004.874193362] [a3_receive_input_gateway]: gateway calibrated=yes frame_age=1.6ms frames=67938 ball=507 base_poses=67919 invalid=0 station_ok=no
[INFO] [1787238005.874241282] [a3_receive_input_gateway]: gateway calibrated=yes frame_age=2.2ms frames=68238 ball=507 base_poses=68219 invalid=0 station_ok=no
[INFO] [1787238006.874228302] [a3_receive_input_gateway]: gateway calibrated=yes frame_age=2.8ms frames=68538 ball=507 base_poses=68519 invalid=0 station_ok=no
[INFO] [1787238007.874202488] [a3_receive_input_gateway]: gateway calibrated=yes frame_age=3.0ms frames=68838 ball=507 base_poses=68819 invalid=0 station_ok=no
[INFO] [1787238008.874223292] [a3_receive_input_gateway]: gateway calibrated=yes frame_age=3.8ms frames=69138 ball=507 base_poses=69119 invalid=0 station_ok=no
[INFO] [1787238009.874189120] [a3_receive_input_gateway]: gateway calibrated=yes frame_age=0.2ms frames=69439 ball=507 base_poses=69420 invalid=0 station_ok=no
[INFO] [1787238010.874184157] [a3_receive_input_gateway]: gateway calibrated=yes frame_age=0.7ms frames=69739 ball=507 base_poses=69720 invalid=0 station_ok=no
[INFO] [1787238011.874297965] [a3_receive_input_gateway]: gateway calibrated=yes frame_age=1.1ms frames=70039 ball=507 base_poses=70020 invalid=0 station_ok=no
[INFO] [1787238012.874222713] [a3_receive_input_gateway]: gateway calibrated=yes frame_age=1.6ms frames=70339 ball=507 base_poses=70320 invalid=0 station_ok=no
[INFO] [1787238013.874203135] [a3_receive_input_gateway]: gateway calibrated=yes frame_age=2.2ms frames=70639 ball=507 base_poses=70620 invalid=0 station_ok=no
[INFO] [1787238014.874210774] [a3_receive_input_gateway]: gateway calibrated=yes frame_age=2.7ms frames=70939 ball=507 base_poses=70920 invalid=0 station_ok=no
[INFO] [1787238015.874191748] [a3_receive_input_gateway]: gateway calibrated=yes frame_age=3.2ms frames=71239 ball=507 base_poses=71220 invalid=0 station_ok=no
[INFO] [1787238016.874200985] [a3_receive_input_gateway]: gateway calibrated=yes frame_age=3.5ms frames=71539 ball=507 base_poses=71520 invalid=0 station_ok=no
[INFO] [1787238017.874139592] [a3_receive_input_gateway]: gateway calibrated=yes frame_age=0.2ms frames=71840 ball=507 base_poses=71821 invalid=0 station_ok=no
[INFO] [1787238018.874171666] [a3_receive_input_gateway]: gateway calibrated=yes frame_age=0.5ms frames=72140 ball=507 base_poses=71977 invalid=0 station_ok=no
[INFO] [1787238019.874253577] [a3_receive_input_gateway]: gateway calibrated=yes frame_age=1.3ms frames=72440 ball=507 base_poses=71977 invalid=0 station_ok=no
[INFO] [1787238020.874218169] [a3_receive_input_gateway]: gateway calibrated=yes frame_age=1.7ms frames=72740 ball=507 base_poses=71977 invalid=0 station_ok=no
[INFO] [1787238021.874210040] [a3_receive_input_gateway]: gateway calibrated=yes frame_age=2.1ms frames=73040 ball=507 base_poses=71977 invalid=0 station_ok=no
[INFO] [1787238022.874195574] [a3_receive_input_gateway]: gateway calibrated=yes frame_age=2.6ms frames=73340 ball=507 base_poses=71977 invalid=0 station_ok=no
[INFO] [1787238023.874163901] [a3_receive_input_gateway]: gateway calibrated=yes frame_age=3.0ms frames=73640 ball=507 base_poses=71977 invalid=0 station_ok=no
[INFO] [1787238024.874248235] [a3_receive_input_gateway]: gateway calibrated=yes frame_age=3.7ms frames=73940 ball=507 base_poses=71977 invalid=0 station_ok=no
[INFO] [1787238025.874283769] [a3_receive_input_gateway]: gateway calibrated=yes frame_age=0.2ms frames=74241 ball=507 base_poses=71977 invalid=0 station_ok=no
[INFO] [1787238026.874135330] [a3_receive_input_gateway]: gateway calibrated=yes frame_age=2.2ms frames=74552 ball=507 base_poses=71977 invalid=0 station_ok=no
[INFO] [1787238027.874209358] [a3_receive_input_gateway]: gateway calibrated=yes frame_age=1.0ms frames=74864 ball=507 base_poses=71977 invalid=0 station_ok=no
[INFO] [1787238028.874155831] [a3_receive_input_gateway]: gateway calibrated=yes frame_age=0.8ms frames=75174 ball=507 base_poses=71977 invalid=0 station_ok=no
[INFO] [1787238029.874171344] [a3_receive_input_gateway]: gateway calibrated=yes frame_age=0.1ms frames=75483 ball=507 base_poses=71977 invalid=0 station_ok=no
[INFO] [1787238030.874161079] [a3_receive_input_gateway]: gateway calibrated=yes frame_age=0.1ms frames=75791 ball=507 base_poses=71977 invalid=0 station_ok=no
[INFO] [1787238031.874297503] [a3_receive_input_gateway]: gateway calibrated=yes frame_age=2.9ms frames=76097 ball=507 base_poses=71977 invalid=0 station_ok=no
[INFO] [1787238032.874171106] [a3_receive_input_gateway]: gateway calibrated=yes frame_age=2.5ms frames=76403 ball=507 base_poses=71977 invalid=0 station_ok=no
[INFO] [1787238033.874184377] [a3_receive_input_gateway]: gateway calibrated=yes frame_age=3.8ms frames=76708 ball=507 base_poses=71977 invalid=0 station_ok=no
[INFO] [1787238034.874143468] [a3_receive_input_gateway]: gateway calibrated=yes frame_age=0.8ms frames=77013 ball=507 base_poses=71977 invalid=0 station_ok=no
[INFO] [1787238035.874266623] [a3_receive_input_gateway]: gateway calibrated=yes frame_age=0.2ms frames=77317 ball=507 base_poses=71977 invalid=0 station_ok=no
[INFO] [1787238036.874242273] [a3_receive_input_gateway]: gateway calibrated=yes frame_age=0.1ms frames=77621 ball=507 base_poses=71977 invalid=0 station_ok=no
[INFO] [1787238037.874202382] [a3_receive_input_gateway]: gateway calibrated=yes frame_age=0.3ms frames=77924 ball=507 base_poses=71977 invalid=0 station_ok=no
[INFO] [1787238038.874207590] [a3_receive_input_gateway]: gateway calibrated=yes frame_age=1.0ms frames=78226 ball=507 base_poses=71977 invalid=0 station_ok=no
[INFO] [1787238039.874204644] [a3_receive_input_gateway]: gateway calibrated=yes frame_age=2.0ms frames=78528 ball=507 base_poses=71977 invalid=0 station_ok=no
[INFO] [1787238040.874177689] [a3_receive_input_gateway]: gateway calibrated=yes frame_age=0.3ms frames=78831 ball=507 base_poses=71977 invalid=0 station_ok=no
[INFO] [1787238041.874639614] [a3_receive_input_gateway]: gateway calibrated=yes frame_age=0.8ms frames=79133 ball=507 base_poses=71977 invalid=0 station_ok=no
[INFO] [1787238042.874503422] [a3_receive_input_gateway]: gateway calibrated=yes frame_age=1.7ms frames=79434 ball=507 base_poses=71977 invalid=0 station_ok=no
[INFO] [1787238043.874195174] [a3_receive_input_gateway]: gateway calibrated=yes frame_age=2.9ms frames=79735 ball=507 base_poses=71977 invalid=0 station_ok=no
[INFO] [1787238044.874167773] [a3_receive_input_gateway]: gateway calibrated=yes frame_age=1.2ms frames=80037 ball=507 base_poses=71977 invalid=0 station_ok=no
[INFO] [1787238045.874194312] [a3_receive_input_gateway]: gateway calibrated=yes frame_age=2.3ms frames=80338 ball=507 base_poses=71977 invalid=0 station_ok=no
[INFO] [1787238046.874185441] [a3_receive_input_gateway]: gateway calibrated=yes frame_age=1.0ms frames=80639 ball=507 base_poses=71977 invalid=0 station_ok=no
[INFO] [1787238047.874235062] [a3_receive_input_gateway]: gateway calibrated=yes frame_age=5.7ms frames=80939 ball=507 base_poses=71977 invalid=0 station_ok=no
[INFO] [1787238048.874258686] [a3_receive_input_gateway]: gateway calibrated=yes frame_age=0.3ms frames=81241 ball=507 base_poses=71977 invalid=0 station_ok=no
[INFO] [1787238049.874155462] [a3_receive_input_gateway]: gateway calibrated=yes frame_age=0.6ms frames=81542 ball=507 base_poses=71977 invalid=0 station_ok=no
[INFO] [1787238050.874231070] [a3_receive_input_gateway]: gateway calibrated=yes frame_age=3.0ms frames=81842 ball=507 base_poses=71977 invalid=0 station_ok=no
[INFO] [1787238051.874402231] [a3_receive_input_gateway]: gateway calibrated=yes frame_age=1.1ms frames=82143 ball=507 base_poses=71977 invalid=0 station_ok=no
[INFO] [1787238052.874163103] [a3_receive_input_gateway]: gateway calibrated=yes frame_age=2.7ms frames=82443 ball=507 base_poses=71977 invalid=0 station_ok=no
[INFO] [1787238053.874228181] [a3_receive_input_gateway]: gateway calibrated=yes frame_age=0.4ms frames=82744 ball=507 base_poses=71977 invalid=0 station_ok=no
[INFO] [1787238054.874127176] [a3_receive_input_gateway]: gateway calibrated=yes frame_age=1.9ms frames=83044 ball=507 base_poses=71977 invalid=0 station_ok=no
[INFO] [1787238055.874175540] [a3_receive_input_gateway]: gateway calibrated=yes frame_age=3.1ms frames=83344 ball=507 base_poses=71977 invalid=0 station_ok=no
[INFO] [1787238056.874459406] [a3_receive_input_gateway]: gateway calibrated=yes frame_age=0.9ms frames=83645 ball=507 base_poses=71977 invalid=0 station_ok=no
[INFO] [1787238057.874153240] [a3_receive_input_gateway]: gateway calibrated=yes frame_age=1.7ms frames=83945 ball=507 base_poses=71977 invalid=0 station_ok=no
[INFO] [1787238058.874212037] [a3_receive_input_gateway]: gateway calibrated=yes frame_age=0.8ms frames=84246 ball=507 base_poses=71977 invalid=0 station_ok=no
[INFO] [1787238059.874223959] [a3_receive_input_gateway]: gateway calibrated=yes frame_age=1.9ms frames=84546 ball=507 base_poses=71977 invalid=0 station_ok=no
[INFO] [1787238060.874163205] [a3_receive_input_gateway]: gateway calibrated=yes frame_age=0.8ms frames=84846 ball=507 base_poses=71977 invalid=0 station_ok=no
[INFO] [1787238061.874228714] [a3_receive_input_gateway]: gateway calibrated=yes frame_age=3.6ms frames=85146 ball=507 base_poses=71977 invalid=0 station_ok=no
[INFO] [1787238062.874166012] [a3_receive_input_gateway]: gateway calibrated=yes frame_age=0.1ms frames=85447 ball=507 base_poses=71977 invalid=0 station_ok=no
[INFO] [1787238063.874226342] [a3_receive_input_gateway]: gateway calibrated=yes frame_age=1.4ms frames=85747 ball=507 base_poses=71977 invalid=0 station_ok=no
[INFO] [1787238064.874219934] [a3_receive_input_gateway]: gateway calibrated=yes frame_age=2.3ms frames=86047 ball=507 base_poses=71977 invalid=0 station_ok=no
[INFO] [1787238065.874444746] [a3_receive_input_gateway]: gateway calibrated=yes frame_age=2.9ms frames=86347 ball=507 base_poses=71977 invalid=0 station_ok=no
[INFO] [1787238066.874310713] [a3_receive_input_gateway]: gateway calibrated=yes frame_age=3.5ms frames=86647 ball=507 base_poses=71977 invalid=0 station_ok=no
[INFO] [1787238067.874180289] [a3_receive_input_gateway]: gateway calibrated=yes frame_age=0.1ms frames=86948 ball=507 base_poses=71977 invalid=0 station_ok=no
[INFO] [1787238068.874199004] [a3_receive_input_gateway]: gateway calibrated=yes frame_age=0.9ms frames=87248 ball=507 base_poses=71977 invalid=0 station_ok=no
[INFO] [1787238069.874326108] [a3_receive_input_gateway]: gateway calibrated=yes frame_age=1.3ms frames=87548 ball=507 base_poses=71977 invalid=0 station_ok=no
[INFO] [1787238070.874199378] [a3_receive_input_gateway]: gateway calibrated=yes frame_age=2.2ms frames=87848 ball=507 base_poses=71977 invalid=0 station_ok=no
[INFO] [1787238071.874198764] [a3_receive_input_gateway]: gateway calibrated=yes frame_age=2.7ms frames=88148 ball=507 base_poses=71977 invalid=0 station_ok=no
[INFO] [1787238072.874206859] [a3_receive_input_gateway]: gateway calibrated=yes frame_age=3.4ms frames=88448 ball=507 base_poses=71977 invalid=0 station_ok=no
[INFO] [1787238073.874162379] [a3_receive_input_gateway]: gateway calibrated=yes frame_age=3.6ms frames=88748 ball=507 base_poses=71977 invalid=0 station_ok=no
[INFO] [1787238074.874348067] [a3_receive_input_gateway]: gateway calibrated=yes frame_age=0.1ms frames=89049 ball=507 base_poses=71977 invalid=0 station_ok=no
[INFO] [1787238075.874314490] [a3_receive_input_gateway]: gateway calibrated=yes frame_age=1.0ms frames=89349 ball=507 base_poses=71977 invalid=0 station_ok=no
[INFO] [1787238076.874181674] [a3_receive_input_gateway]: gateway calibrated=yes frame_age=1.6ms frames=89649 ball=507 base_poses=71977 invalid=0 station_ok=no
[INFO] [1787238077.874209539] [a3_receive_input_gateway]: gateway calibrated=yes frame_age=1.4ms frames=89962 ball=507 base_poses=71977 invalid=0 station_ok=no
[INFO] [1787238078.874586418] [a3_receive_input_gateway]: gateway calibrated=yes frame_age=0.1ms frames=90275 ball=507 base_poses=71977 invalid=0 station_ok=no
[INFO] [1787238079.874551227] [a3_receive_input_gateway]: gateway calibrated=yes frame_age=0.9ms frames=90586 ball=507 base_poses=71977 invalid=0 station_ok=no
[INFO] [1787238080.874164778] [a3_receive_input_gateway]: gateway calibrated=yes frame_age=3.0ms frames=90895 ball=507 base_poses=71977 invalid=0 station_ok=no
[INFO] [1787238081.874163484] [a3_receive_input_gateway]: gateway calibrated=yes frame_age=1.6ms frames=91204 ball=507 base_poses=71977 invalid=0 station_ok=no
[INFO] [1787238082.874233116] [a3_receive_input_gateway]: gateway calibrated=yes frame_age=2.4ms frames=91511 ball=507 base_poses=71977 invalid=0 station_ok=no
[INFO] [1787238083.874195533] [a3_receive_input_gateway]: gateway calibrated=yes frame_age=0.1ms frames=91818 ball=507 base_poses=71977 invalid=0 station_ok=no
[INFO] [1787238084.874394700] [a3_receive_input_gateway]: gateway calibrated=yes frame_age=2.8ms frames=92123 ball=507 base_poses=71977 invalid=0 station_ok=no
[INFO] [1787238085.874373611] [a3_receive_input_gateway]: gateway calibrated=yes frame_age=3.4ms frames=92428 ball=507 base_poses=71977 invalid=0 station_ok=no
[INFO] [1787238086.874186665] [a3_receive_input_gateway]: gateway calibrated=yes frame_age=0.1ms frames=92733 ball=507 base_poses=71977 invalid=0 station_ok=no
[INFO] [1787238087.874180928] [a3_receive_input_gateway]: gateway calibrated=yes frame_age=2.8ms frames=93036 ball=507 base_poses=71977 invalid=0 station_ok=no
[INFO] [1787238088.874158168] [a3_receive_input_gateway]: gateway calibrated=yes frame_age=0.1ms frames=93340 ball=507 base_poses=71977 invalid=0 station_ok=no
[INFO] [1787238089.874207388] [a3_receive_input_gateway]: gateway calibrated=yes frame_age=3.8ms frames=93642 ball=507 base_poses=71977 invalid=0 station_ok=no
[INFO] [1787238090.874168368] [a3_receive_input_gateway]: gateway calibrated=yes frame_age=2.4ms frames=93945 ball=507 base_poses=71977 invalid=0 station_ok=no
[INFO] [1787238091.874134574] [a3_receive_input_gateway]: gateway calibrated=yes frame_age=0.4ms frames=94248 ball=507 base_poses=71977 invalid=0 station_ok=no
[INFO] [1787238092.874202044] [a3_receive_input_gateway]: gateway calibrated=yes frame_age=0.9ms frames=94550 ball=507 base_poses=71977 invalid=0 station_ok=no
[INFO] [1787238093.874250190] [a3_receive_input_gateway]: gateway calibrated=yes frame_age=3.0ms frames=94851 ball=507 base_poses=71977 invalid=0 station_ok=no
[INFO] [1787238094.874267426] [a3_receive_input_gateway]: gateway calibrated=yes frame_age=2.5ms frames=95153 ball=507 base_poses=71977 invalid=0 station_ok=no
[INFO] [1787238095.874200721] [a3_receive_input_gateway]: gateway calibrated=yes frame_age=3.0ms frames=95454 ball=507 base_poses=71977 invalid=0 station_ok=no
[INFO] [1787238096.874153037] [a3_receive_input_gateway]: gateway calibrated=yes frame_age=1.1ms frames=95756 ball=507 base_poses=71977 invalid=0 station_ok=no
[INFO] [1787238097.874343678] [a3_receive_input_gateway]: gateway calibrated=yes frame_age=1.0ms frames=96057 ball=507 base_poses=71977 invalid=0 station_ok=no
[INFO] [1787238098.874202447] [a3_receive_input_gateway]: gateway calibrated=yes frame_age=0.2ms frames=96358 ball=507 base_poses=71977 invalid=0 station_ok=no
[INFO] [1787238099.874161051] [a3_receive_input_gateway]: gateway calibrated=yes frame_age=1.3ms frames=96659 ball=507 base_poses=71977 invalid=0 station_ok=no
[INFO] [1787238100.874423592] [a3_receive_input_gateway]: gateway calibrated=yes frame_age=3.7ms frames=96959 ball=507 base_poses=71977 invalid=0 station_ok=no
[INFO] [1787238101.874213189] [a3_receive_input_gateway]: gateway calibrated=yes frame_age=2.3ms frames=97260 ball=507 base_poses=71977 invalid=0 station_ok=no
[INFO] [1787238102.874149764] [a3_receive_input_gateway]: gateway calibrated=yes frame_age=0.1ms frames=97561 ball=507 base_poses=71977 invalid=0 station_ok=no
[INFO] [1787238103.874578210] [a3_receive_input_gateway]: gateway calibrated=yes frame_age=2.2ms frames=97861 ball=507 base_poses=71977 invalid=0 station_ok=no
[INFO] [1787238104.874332497] [a3_receive_input_gateway]: gateway calibrated=yes frame_age=4.2ms frames=98161 ball=507 base_poses=71977 invalid=0 station_ok=no
[INFO] [1787238105.874184065] [a3_receive_input_gateway]: gateway calibrated=yes frame_age=1.6ms frames=98462 ball=507 base_poses=71977 invalid=0 station_ok=no
[INFO] [1787238106.874160562] [a3_receive_input_gateway]: gateway calibrated=yes frame_age=1.0ms frames=98763 ball=507 base_poses=71977 invalid=0 station_ok=no
[INFO] [1787238107.874225867] [a3_receive_input_gateway]: gateway calibrated=yes frame_age=2.3ms frames=99063 ball=507 base_poses=71977 invalid=0 station_ok=no
[INFO] [1787238108.874339533] [a3_receive_input_gateway]: gateway calibrated=yes frame_age=3.6ms frames=99363 ball=507 base_poses=71977 invalid=0 station_ok=no
[INFO] [1787238109.874231777] [a3_receive_input_gateway]: gateway calibrated=yes frame_age=0.5ms frames=99664 ball=507 base_poses=71977 invalid=0 station_ok=no
[INFO] [1787238110.874301143] [a3_receive_input_gateway]: gateway calibrated=yes frame_age=1.9ms frames=99964 ball=507 base_poses=71977 invalid=0 station_ok=no
[INFO] [1787238111.874424575] [a3_receive_input_gateway]: gateway calibrated=yes frame_age=3.1ms frames=100264 ball=507 base_poses=71977 invalid=0 station_ok=no
[INFO] [1787238112.874362943] [a3_receive_input_gateway]: gateway calibrated=yes frame_age=3.8ms frames=100564 ball=507 base_poses=71977 invalid=0 station_ok=no
[INFO] [1787238113.874147998] [a3_receive_input_gateway]: gateway calibrated=yes frame_age=0.4ms frames=100865 ball=507 base_poses=71977 invalid=0 station_ok=no
[INFO] [1787238114.874558906] [a3_receive_input_gateway]: gateway calibrated=yes frame_age=1.2ms frames=101165 ball=507 base_poses=71977 invalid=0 station_ok=no
[INFO] [1787238115.874258178] [a3_receive_input_gateway]: gateway calibrated=yes frame_age=0.1ms frames=101466 ball=507 base_poses=71977 invalid=0 station_ok=no
[INFO] [1787238116.874268521] [a3_receive_input_gateway]: gateway calibrated=yes frame_age=1.1ms frames=101766 ball=507 base_poses=71977 invalid=0 station_ok=no
[INFO] [1787238117.874352619] [a3_receive_input_gateway]: gateway calibrated=yes frame_age=3.9ms frames=102065 ball=507 base_poses=71977 invalid=0 station_ok=no
[INFO] [1787238118.874395177] [a3_receive_input_gateway]: gateway calibrated=yes frame_age=2.4ms frames=102366 ball=507 base_poses=71977 invalid=0 station_ok=no
[INFO] [1787238119.874297344] [a3_receive_input_gateway]: gateway calibrated=yes frame_age=1.0ms frames=102666 ball=507 base_poses=71977 invalid=0 station_ok=no
[INFO] [1787238120.874362299] [a3_receive_input_gateway]: gateway calibrated=yes frame_age=1.8ms frames=102966 ball=507 base_poses=71977 invalid=0 station_ok=no
[INFO] [1787238121.874156045] [a3_receive_input_gateway]: gateway calibrated=yes frame_age=0.2ms frames=103267 ball=507 base_poses=71977 invalid=0 station_ok=no
[INFO] [1787238122.874571856] [a3_receive_input_gateway]: gateway calibrated=yes frame_age=2.8ms frames=103566 ball=507 base_poses=71977 invalid=0 station_ok=no
[INFO] [1787238123.874373420] [a3_receive_input_gateway]: gateway calibrated=yes frame_age=1.5ms frames=103867 ball=507 base_poses=71977 invalid=0 station_ok=no
[INFO] [1787238124.874411112] [a3_receive_input_gateway]: gateway calibrated=yes frame_age=2.3ms frames=104167 ball=507 base_poses=71977 invalid=0 station_ok=no
[INFO] [1787238125.874317783] [a3_receive_input_gateway]: gateway calibrated=yes frame_age=2.5ms frames=104467 ball=507 base_poses=71977 invalid=0 station_ok=no
[INFO] [1787238126.874400594] [a3_receive_input_gateway]: gateway calibrated=yes frame_age=1.2ms frames=104767 ball=507 base_poses=71977 invalid=0 station_ok=no
[INFO] [1787238127.874366085] [a3_receive_input_gateway]: gateway calibrated=yes frame_age=0.1ms frames=105068 ball=507 base_poses=71977 invalid=0 station_ok=no
[INFO] [1787238128.874171643] [a3_receive_input_gateway]: gateway calibrated=yes frame_age=0.3ms frames=105368 ball=507 base_poses=71977 invalid=0 station_ok=no
[INFO] [1787238129.874251387] [a3_receive_input_gateway]: gateway calibrated=yes frame_age=1.0ms frames=105668 ball=507 base_poses=71977 invalid=0 station_ok=no
[INFO] [1787238130.874340389] [a3_receive_input_gateway]: gateway calibrated=yes frame_age=1.4ms frames=105968 ball=507 base_poses=71977 invalid=0 station_ok=no
[INFO] [1787238131.874308558] [a3_receive_input_gateway]: gateway calibrated=yes frame_age=2.0ms frames=106268 ball=507 base_poses=71977 invalid=0 station_ok=no
[INFO] [1787238132.874437246] [a3_receive_input_gateway]: gateway calibrated=yes frame_age=2.5ms frames=106568 ball=507 base_poses=71977 invalid=0 station_ok=no
[INFO] [1787238133.874269638] [a3_receive_input_gateway]: gateway calibrated=yes frame_age=3.0ms frames=106868 ball=507 base_poses=71977 invalid=0 station_ok=no
[INFO] [1787238134.874234227] [a3_receive_input_gateway]: gateway calibrated=yes frame_age=3.7ms frames=107168 ball=507 base_poses=71977 invalid=0 station_ok=no
[INFO] [1787238135.874438210] [a3_receive_input_gateway]: gateway calibrated=yes frame_age=0.1ms frames=107469 ball=507 base_poses=71977 invalid=0 station_ok=no
[INFO] [1787238136.874146150] [a3_receive_input_gateway]: gateway calibrated=yes frame_age=0.5ms frames=107769 ball=507 base_poses=71977 invalid=0 station_ok=no
[INFO] [1787238137.874160811] [a3_receive_input_gateway]: gateway calibrated=yes frame_age=1.2ms frames=108069 ball=507 base_poses=71977 invalid=0 station_ok=no
[INFO] [1787238138.874272692] [a3_receive_input_gateway]: gateway calibrated=yes frame_age=1.8ms frames=108369 ball=507 base_poses=71977 invalid=0 station_ok=no
[INFO] [1787238139.874261580] [a3_receive_input_gateway]: gateway calibrated=yes frame_age=2.2ms frames=108669 ball=507 base_poses=71977 invalid=0 station_ok=no
[INFO] [1787238140.874270262] [a3_receive_input_gateway]: gateway calibrated=yes frame_age=2.5ms frames=108969 ball=507 base_poses=71977 invalid=0 station_ok=no
[INFO] [1787238141.874197252] [a3_receive_input_gateway]: gateway calibrated=yes frame_age=3.0ms frames=109269 ball=507 base_poses=71977 invalid=0 station_ok=no
[INFO] [1787238142.874423100] [a3_receive_input_gateway]: gateway calibrated=yes frame_age=3.8ms frames=109569 ball=507 base_poses=71977 invalid=0 station_ok=no
[INFO] [1787238143.874205665] [a3_receive_input_gateway]: gateway calibrated=yes frame_age=0.1ms frames=109870 ball=507 base_poses=71977 invalid=0 station_ok=no
[INFO] [1787238144.874342086] [a3_receive_input_gateway]: gateway calibrated=yes frame_age=0.5ms frames=110170 ball=507 base_poses=71977 invalid=0 station_ok=no
[INFO] [1787238145.874205884] [a3_receive_input_gateway]: gateway calibrated=yes frame_age=1.3ms frames=110470 ball=507 base_poses=71977 invalid=0 station_ok=no
[INFO] [1787238146.874286477] [a3_receive_input_gateway]: gateway calibrated=yes frame_age=1.7ms frames=110770 ball=507 base_poses=71977 invalid=0 station_ok=no
[INFO] [1787238147.874409685] [a3_receive_input_gateway]: gateway calibrated=yes frame_age=0.2ms frames=111071 ball=507 base_poses=71977 invalid=0 station_ok=no
[INFO] [1787238148.874690601] [a3_receive_input_gateway]: gateway calibrated=yes frame_age=0.9ms frames=111371 ball=507 base_poses=71977 invalid=0 station_ok=no
[INFO] [1787238149.874323810] [a3_receive_input_gateway]: gateway calibrated=yes frame_age=1.2ms frames=111671 ball=507 base_poses=71977 invalid=0 station_ok=no
[INFO] [1787238150.874306935] [a3_receive_input_gateway]: gateway calibrated=yes frame_age=1.7ms frames=111971 ball=507 base_poses=71977 invalid=0 station_ok=no
[INFO] [1787238151.874205870] [a3_receive_input_gateway]: gateway calibrated=yes frame_age=2.4ms frames=112271 ball=507 base_poses=71977 invalid=0 station_ok=no
[INFO] [1787238152.874244019] [a3_receive_input_gateway]: gateway calibrated=yes frame_age=2.7ms frames=112571 ball=507 base_poses=71977 invalid=0 station_ok=no
[INFO] [1787238154.640121949] [a3_receive_input_gateway]: gateway calibrated=yes frame_age=3.8ms frames=112842 ball=507 base_poses=71977 invalid=0 station_ok=no
[INFO] [1787238154.874865264] [a3_receive_input_gateway]: gateway calibrated=yes frame_age=1.4ms frames=112913 ball=507 base_poses=71977 invalid=0 station_ok=no
[INFO] [1787238155.874215023] [a3_receive_input_gateway]: gateway calibrated=yes frame_age=2.6ms frames=113213 ball=507 base_poses=71977 invalid=0 station_ok=no
[INFO] [1787238156.874246836] [a3_receive_input_gateway]: gateway calibrated=yes frame_age=2.8ms frames=113513 ball=507 base_poses=71977 invalid=0 station_ok=no
[INFO] [1787238157.874208135] [a3_receive_input_gateway]: gateway calibrated=yes frame_age=1.7ms frames=113813 ball=507 base_poses=71977 invalid=0 station_ok=no
[INFO] [1787238158.874156089] [a3_receive_input_gateway]: gateway calibrated=yes frame_age=1.8ms frames=114113 ball=507 base_poses=71977 invalid=0 station_ok=no
[INFO] [1787238159.874217637] [a3_receive_input_gateway]: gateway calibrated=yes frame_age=0.4ms frames=114414 ball=507 base_poses=71977 invalid=0 station_ok=no
[INFO] [1787238160.874336543] [a3_receive_input_gateway]: gateway calibrated=yes frame_age=0.7ms frames=114714 ball=507 base_poses=71977 invalid=0 station_ok=no
[INFO] [1787238161.874200338] [a3_receive_input_gateway]: gateway calibrated=yes frame_age=1.5ms frames=115014 ball=507 base_poses=71977 invalid=0 station_ok=no
[INFO] [1787238162.874190238] [a3_receive_input_gateway]: gateway calibrated=yes frame_age=2.1ms frames=115314 ball=507 base_poses=71977 invalid=0 station_ok=no
[INFO] [1787238163.874183783] [a3_receive_input_gateway]: gateway calibrated=yes frame_age=2.6ms frames=115614 ball=507 base_poses=71977 invalid=0 station_ok=no
[INFO] [1787238164.874400182] [a3_receive_input_gateway]: gateway calibrated=yes frame_age=3.0ms frames=115914 ball=507 base_poses=71977 invalid=0 station_ok=no
[INFO] [1787238165.874221846] [a3_receive_input_gateway]: gateway calibrated=yes frame_age=3.7ms frames=116214 ball=507 base_poses=71977 invalid=0 station_ok=no
[INFO] [1787238166.874824741] [a3_receive_input_gateway]: gateway calibrated=yes frame_age=0.2ms frames=116515 ball=507 base_poses=71977 invalid=0 station_ok=no
[INFO] [1787238167.874176075] [a3_receive_input_gateway]: gateway calibrated=yes frame_age=0.6ms frames=116815 ball=507 base_poses=71977 invalid=0 station_ok=no
[INFO] [1787238168.874174586] [a3_receive_input_gateway]: gateway calibrated=yes frame_age=0.9ms frames=117115 ball=507 base_poses=71977 invalid=0 station_ok=no
[INFO] [1787238169.874215082] [a3_receive_input_gateway]: gateway calibrated=yes frame_age=1.7ms frames=117415 ball=507 base_poses=71977 invalid=0 station_ok=no
[INFO] [1787238170.874188272] [a3_receive_input_gateway]: gateway calibrated=yes frame_age=2.0ms frames=117715 ball=507 base_poses=71977 invalid=0 station_ok=no
[INFO] [1787238171.874196189] [a3_receive_input_gateway]: gateway calibrated=yes frame_age=2.6ms frames=118015 ball=507 base_poses=71977 invalid=0 station_ok=no
[INFO] [1787238172.874419463] [a3_receive_input_gateway]: gateway calibrated=yes frame_age=2.7ms frames=118315 ball=507 base_poses=71977 invalid=0 station_ok=no
[INFO] [1787238173.874173695] [a3_receive_input_gateway]: gateway calibrated=yes frame_age=3.6ms frames=118615 ball=507 base_poses=71977 invalid=0 station_ok=no
[INFO] [1787238174.874170391] [a3_receive_input_gateway]: gateway calibrated=yes frame_age=3.9ms frames=118915 ball=507 base_poses=71977 invalid=0 station_ok=no
[INFO] [1787238175.874186185] [a3_receive_input_gateway]: gateway calibrated=yes frame_age=0.6ms frames=119216 ball=507 base_poses=71977 invalid=0 station_ok=no
[INFO] [1787238176.874173148] [a3_receive_input_gateway]: gateway calibrated=yes frame_age=0.7ms frames=119516 ball=507 base_poses=71977 invalid=0 station_ok=no
[INFO] [1787238177.874295056] [a3_receive_input_gateway]: gateway calibrated=yes frame_age=1.7ms frames=119816 ball=507 base_poses=71977 invalid=0 station_ok=no
[INFO] [1787238178.874194276] [a3_receive_input_gateway]: gateway calibrated=yes frame_age=2.1ms frames=120116 ball=507 base_poses=71977 invalid=0 station_ok=no
[INFO] [1787238179.874252767] [a3_receive_input_gateway]: gateway calibrated=yes frame_age=2.6ms frames=120416 ball=507 base_poses=71977 invalid=0 station_ok=no
[INFO] [1787238180.874277140] [a3_receive_input_gateway]: gateway calibrated=yes frame_age=2.8ms frames=120716 ball=507 base_poses=71977 invalid=0 station_ok=no
[INFO] [1787238181.874196728] [a3_receive_input_gateway]: gateway calibrated=yes frame_age=3.4ms frames=121016 ball=507 base_poses=71977 invalid=0 station_ok=no
[INFO] [1787238182.874234333] [a3_receive_input_gateway]: gateway calibrated=yes frame_age=0.1ms frames=121317 ball=507 base_poses=71977 invalid=0 station_ok=no
[INFO] [1787238183.874159554] [a3_receive_input_gateway]: gateway calibrated=yes frame_age=0.4ms frames=121617 ball=507 base_poses=71977 invalid=0 station_ok=no
[INFO] [1787238184.874190961] [a3_receive_input_gateway]: gateway calibrated=yes frame_age=0.9ms frames=121917 ball=507 base_poses=71977 invalid=0 station_ok=no
[INFO] [1787238185.874272105] [a3_receive_input_gateway]: gateway calibrated=yes frame_age=1.1ms frames=122217 ball=507 base_poses=71977 invalid=0 station_ok=no
[INFO] [1787238186.874166997] [a3_receive_input_gateway]: gateway calibrated=yes frame_age=0.2ms frames=122518 ball=507 base_poses=71977 invalid=0 station_ok=no
[INFO] [1787238187.874196004] [a3_receive_input_gateway]: gateway calibrated=yes frame_age=2.5ms frames=122817 ball=507 base_poses=71977 invalid=0 station_ok=no
[INFO] [1787238188.874148653] [a3_receive_input_gateway]: gateway calibrated=yes frame_age=0.9ms frames=123118 ball=507 base_poses=71977 invalid=0 station_ok=no
[INFO] [1787238189.874260526] [a3_receive_input_gateway]: gateway calibrated=yes frame_age=1.6ms frames=123418 ball=507 base_poses=71977 invalid=0 station_ok=no
[INFO] [1787238190.874218780] [a3_receive_input_gateway]: gateway calibrated=yes frame_age=1.9ms frames=123718 ball=507 base_poses=71977 invalid=0 station_ok=no
[INFO] [1787238191.874396761] [a3_receive_input_gateway]: gateway calibrated=yes frame_age=0.2ms frames=124018 ball=507 base_poses=71977 invalid=0 station_ok=no
[INFO] [1787238192.874194984] [a3_receive_input_gateway]: gateway calibrated=yes frame_age=3.0ms frames=124318 ball=507 base_poses=71977 invalid=0 station_ok=no
[INFO] [1787238193.874207488] [a3_receive_input_gateway]: gateway calibrated=yes frame_age=1.5ms frames=124618 ball=507 base_poses=71977 invalid=0 station_ok=no
[INFO] [1787238194.874251431] [a3_receive_input_gateway]: gateway calibrated=yes frame_age=1.8ms frames=124918 ball=507 base_poses=71977 invalid=0 station_ok=no
[INFO] [1787238195.874157936] [a3_receive_input_gateway]: gateway calibrated=yes frame_age=0.4ms frames=125219 ball=507 base_poses=71977 invalid=0 station_ok=no
[INFO] [1787238196.874200928] [a3_receive_input_gateway]: gateway calibrated=yes frame_age=1.0ms frames=125519 ball=507 base_poses=71977 invalid=0 station_ok=no
[INFO] [1787238197.874213941] [a3_receive_input_gateway]: gateway calibrated=yes frame_age=1.6ms frames=125819 ball=507 base_poses=71977 invalid=0 station_ok=no
[INFO] [1787238198.874246073] [a3_receive_input_gateway]: gateway calibrated=yes frame_age=2.0ms frames=126119 ball=507 base_poses=71977 invalid=0 station_ok=no
[INFO] [1787238199.874186208] [a3_receive_input_gateway]: gateway calibrated=yes frame_age=2.7ms frames=126419 ball=507 base_poses=71977 invalid=0 station_ok=no
[INFO] [1787238200.874192632] [a3_receive_input_gateway]: gateway calibrated=yes frame_age=2.9ms frames=126719 ball=507 base_poses=71977 invalid=0 station_ok=no
[INFO] [1787238201.874234499] [a3_receive_input_gateway]: gateway calibrated=yes frame_age=3.7ms frames=127019 ball=507 base_poses=71977 invalid=0 station_ok=no
[INFO] [1787238202.874126101] [a3_receive_input_gateway]: gateway calibrated=yes frame_age=0.1ms frames=127320 ball=507 base_poses=71977 invalid=0 station_ok=no
[INFO] [1787238203.874155223] [a3_receive_input_gateway]: gateway calibrated=yes frame_age=0.4ms frames=127620 ball=507 base_poses=71977 invalid=0 station_ok=no
[INFO] [1787238204.874453765] [a3_receive_input_gateway]: gateway calibrated=yes frame_age=1.5ms frames=127920 ball=507 base_poses=71977 invalid=0 station_ok=no
[INFO] [1787238205.874167151] [a3_receive_input_gateway]: gateway calibrated=yes frame_age=1.5ms frames=128220 ball=507 base_poses=71977 invalid=0 station_ok=no
[INFO] [1787238206.874250483] [a3_receive_input_gateway]: gateway calibrated=yes frame_age=2.2ms frames=128520 ball=507 base_poses=71977 invalid=0 station_ok=no
[INFO] [1787238207.874263772] [a3_receive_input_gateway]: gateway calibrated=yes frame_age=2.5ms frames=128820 ball=507 base_poses=71977 invalid=0 station_ok=no
[INFO] [1787238208.874239665] [a3_receive_input_gateway]: gateway calibrated=yes frame_age=3.0ms frames=129120 ball=507 base_poses=71977 invalid=0 station_ok=no
[INFO] [1787238209.874189325] [a3_receive_input_gateway]: gateway calibrated=yes frame_age=3.1ms frames=129420 ball=507 base_poses=71977 invalid=0 station_ok=no
[INFO] [1787238210.874301070] [a3_receive_input_gateway]: gateway calibrated=yes frame_age=0.1ms frames=129721 ball=507 base_poses=71977 invalid=0 station_ok=no
[INFO] [1787238211.874604802] [a3_receive_input_gateway]: gateway calibrated=yes frame_age=0.3ms frames=130021 ball=507 base_poses=71977 invalid=0 station_ok=no
[INFO] [1787238212.874286626] [a3_receive_input_gateway]: gateway calibrated=yes frame_age=0.9ms frames=130321 ball=507 base_poses=71977 invalid=0 station_ok=no
[INFO] [1787238213.874261232] [a3_receive_input_gateway]: gateway calibrated=yes frame_age=1.7ms frames=130621 ball=507 base_poses=71977 invalid=0 station_ok=no
[INFO] [1787238214.874193071] [a3_receive_input_gateway]: gateway calibrated=yes frame_age=2.0ms frames=130921 ball=507 base_poses=71977 invalid=0 station_ok=no
[INFO] [1787238215.874196726] [a3_receive_input_gateway]: gateway calibrated=yes frame_age=2.5ms frames=131221 ball=507 base_poses=71977 invalid=0 station_ok=no
[INFO] [1787238216.874184144] [a3_receive_input_gateway]: gateway calibrated=yes frame_age=3.0ms frames=131521 ball=507 base_poses=71977 invalid=0 station_ok=no
[INFO] [1787238217.874208445] [a3_receive_input_gateway]: gateway calibrated=yes frame_age=3.5ms frames=131821 ball=507 base_poses=71977 invalid=0 station_ok=no
[INFO] [1787238218.874488879] [a3_receive_input_gateway]: gateway calibrated=yes frame_age=3.9ms frames=132121 ball=507 base_poses=71977 invalid=0 station_ok=no
[INFO] [1787238219.874162204] [a3_receive_input_gateway]: gateway calibrated=yes frame_age=0.6ms frames=132422 ball=507 base_poses=71977 invalid=0 station_ok=no
[INFO] [1787238220.874178812] [a3_receive_input_gateway]: gateway calibrated=yes frame_age=0.9ms frames=132722 ball=507 base_poses=71977 invalid=0 station_ok=no
[INFO] [1787238221.874200724] [a3_receive_input_gateway]: gateway calibrated=yes frame_age=1.5ms frames=133022 ball=507 base_poses=71977 invalid=0 station_ok=no
[INFO] [1787238222.874156033] [a3_receive_input_gateway]: gateway calibrated=yes frame_age=0.2ms frames=133323 ball=507 base_poses=71977 invalid=0 station_ok=no
[INFO] [1787238223.874225146] [a3_receive_input_gateway]: gateway calibrated=yes frame_age=0.6ms frames=133623 ball=507 base_poses=71977 invalid=0 station_ok=no
[INFO] [1787238224.874187658] [a3_receive_input_gateway]: gateway calibrated=yes frame_age=0.9ms frames=133923 ball=507 base_poses=71977 invalid=0 station_ok=no
[INFO] [1787238225.874202676] [a3_receive_input_gateway]: gateway calibrated=yes frame_age=3.6ms frames=134222 ball=507 base_poses=71977 invalid=0 station_ok=no
[INFO] [1787238226.874178746] [a3_receive_input_gateway]: gateway calibrated=yes frame_age=1.0ms frames=134531 ball=507 base_poses=71977 invalid=0 station_ok=no
[INFO] [1787238227.874227104] [a3_receive_input_gateway]: gateway calibrated=yes frame_age=3.3ms frames=134839 ball=507 base_poses=71977 invalid=0 station_ok=no
[INFO] [1787238228.874246611] [a3_receive_input_gateway]: gateway calibrated=yes frame_age=0.1ms frames=135147 ball=507 base_poses=71977 invalid=0 station_ok=no
[INFO] [1787238229.874184629] [a3_receive_input_gateway]: gateway calibrated=yes frame_age=1.5ms frames=135453 ball=507 base_poses=71977 invalid=0 station_ok=no
[INFO] [1787238230.874163560] [a3_receive_input_gateway]: gateway calibrated=yes frame_age=0.4ms frames=135759 ball=507 base_poses=71977 invalid=0 station_ok=no
[INFO] [1787238231.874151757] [a3_receive_input_gateway]: gateway calibrated=yes frame_age=0.7ms frames=136064 ball=507 base_poses=71977 invalid=0 station_ok=no
[INFO] [1787238232.874204060] [a3_receive_input_gateway]: gateway calibrated=yes frame_age=1.3ms frames=136368 ball=507 base_poses=71977 invalid=0 station_ok=no
[INFO] [1787238233.874245125] [a3_receive_input_gateway]: gateway calibrated=yes frame_age=1.8ms frames=136672 ball=507 base_poses=71977 invalid=0 station_ok=no
[INFO] [1787238234.874187912] [a3_receive_input_gateway]: gateway calibrated=yes frame_age=3.1ms frames=136975 ball=507 base_poses=71977 invalid=0 station_ok=no
[INFO] [1787238235.874155743] [a3_receive_input_gateway]: gateway calibrated=yes frame_age=2.8ms frames=137278 ball=507 base_poses=71977 invalid=0 station_ok=no
[INFO] [1787238236.874337395] [a3_receive_input_gateway]: gateway calibrated=yes frame_age=1.2ms frames=137581 ball=507 base_poses=71977 invalid=0 station_ok=no
[INFO] [1787238237.874387402] [a3_receive_input_gateway]: gateway calibrated=yes frame_age=1.0ms frames=137883 ball=507 base_poses=71977 invalid=0 station_ok=no
[INFO] [1787238238.874190433] [a3_receive_input_gateway]: gateway calibrated=yes frame_age=2.0ms frames=138185 ball=507 base_poses=71977 invalid=0 station_ok=no
[INFO] [1787238239.874169828] [a3_receive_input_gateway]: gateway calibrated=yes frame_age=2.0ms frames=138487 ball=507 base_poses=71977 invalid=0 station_ok=no
[INFO] [1787238240.874207950] [a3_receive_input_gateway]: gateway calibrated=yes frame_age=3.2ms frames=138788 ball=507 base_poses=71977 invalid=0 station_ok=no
[INFO] [1787238241.874190037] [a3_receive_input_gateway]: gateway calibrated=yes frame_age=1.8ms frames=139090 ball=507 base_poses=71977 invalid=0 station_ok=no
[INFO] [1787238242.874206870] [a3_receive_input_gateway]: gateway calibrated=yes frame_age=1.8ms frames=139391 ball=507 base_poses=71977 invalid=0 station_ok=no
[INFO] [1787238243.874239687] [a3_receive_input_gateway]: gateway calibrated=yes frame_age=1.6ms frames=139692 ball=507 base_poses=71977 invalid=0 station_ok=no
[INFO] [1787238244.874215586] [a3_receive_input_gateway]: gateway calibrated=yes frame_age=2.9ms frames=139993 ball=507 base_poses=71977 invalid=0 station_ok=no
[INFO] [1787238245.874237329] [a3_receive_input_gateway]: gateway calibrated=yes frame_age=2.0ms frames=140294 ball=507 base_poses=71977 invalid=0 station_ok=no
[INFO] [1787238246.874202193] [a3_receive_input_gateway]: gateway calibrated=yes frame_age=1.6ms frames=140595 ball=507 base_poses=71977 invalid=0 station_ok=no
[INFO] [1787238247.874258111] [a3_receive_input_gateway]: gateway calibrated=yes frame_age=2.8ms frames=140895 ball=507 base_poses=71977 invalid=0 station_ok=no
[INFO] [1787238248.874230595] [a3_receive_input_gateway]: gateway calibrated=yes frame_age=1.0ms frames=141196 ball=507 base_poses=71977 invalid=0 station_ok=no
[INFO] [1787238249.874186315] [a3_receive_input_gateway]: gateway calibrated=yes frame_age=1.1ms frames=141497 ball=507 base_poses=71977 invalid=0 station_ok=no
[INFO] [1787238250.874187140] [a3_receive_input_gateway]: gateway calibrated=yes frame_age=2.9ms frames=141797 ball=507 base_poses=71977 invalid=0 station_ok=no
[INFO] [1787238251.874146732] [a3_receive_input_gateway]: gateway calibrated=yes frame_age=0.3ms frames=142098 ball=507 base_poses=71977 invalid=0 station_ok=no
[INFO] [1787238252.874189187] [a3_receive_input_gateway]: gateway calibrated=yes frame_age=1.9ms frames=142398 ball=507 base_poses=71977 invalid=0 station_ok=no
[INFO] [1787238253.874180156] [a3_receive_input_gateway]: gateway calibrated=yes frame_age=3.3ms frames=142698 ball=507 base_poses=71977 invalid=0 station_ok=no
[INFO] [1787238254.874160704] [a3_receive_input_gateway]: gateway calibrated=yes frame_age=0.4ms frames=142999 ball=507 base_poses=71977 invalid=0 station_ok=no
[INFO] [1787238255.874214483] [a3_receive_input_gateway]: gateway calibrated=yes frame_age=1.6ms frames=143299 ball=507 base_poses=71977 invalid=0 station_ok=no
[INFO] [1787238256.874373306] [a3_receive_input_gateway]: gateway calibrated=yes frame_age=0.5ms frames=143600 ball=507 base_poses=71977 invalid=0 station_ok=no
[INFO] [1787238257.874201849] [a3_receive_input_gateway]: gateway calibrated=yes frame_age=1.6ms frames=143900 ball=507 base_poses=71977 invalid=0 station_ok=no
[INFO] [1787238258.874194751] [a3_receive_input_gateway]: gateway calibrated=yes frame_age=2.4ms frames=144200 ball=507 base_poses=71977 invalid=0 station_ok=no
[INFO] [1787238259.874353301] [a3_receive_input_gateway]: gateway calibrated=yes frame_age=0.7ms frames=144500 ball=507 base_poses=71977 invalid=0 station_ok=no
[INFO] [1787238260.875214016] [a3_receive_input_gateway]: gateway calibrated=yes frame_age=5.2ms frames=144800 ball=507 base_poses=71977 invalid=0 station_ok=no
[INFO] [1787238261.874215159] [a3_receive_input_gateway]: gateway calibrated=yes frame_age=2.9ms frames=145100 ball=507 base_poses=71977 invalid=0 station_ok=no
[INFO] [1787238262.874165819] [a3_receive_input_gateway]: gateway calibrated=yes frame_age=1.1ms frames=145403 ball=507 base_poses=71977 invalid=0 station_ok=no
[INFO] [1787238263.874184870] [a3_receive_input_gateway]: gateway calibrated=yes frame_age=3.2ms frames=145705 ball=507 base_poses=71977 invalid=0 station_ok=no
[INFO] [1787238264.874159792] [a3_receive_input_gateway]: gateway calibrated=yes frame_age=0.7ms frames=146008 ball=507 base_poses=71977 invalid=0 station_ok=no
[INFO] [1787238265.874196652] [a3_receive_input_gateway]: gateway calibrated=yes frame_age=2.8ms frames=146309 ball=507 base_poses=71977 invalid=0 station_ok=no
[INFO] [1787238266.874447333] [a3_receive_input_gateway]: gateway calibrated=yes frame_age=2.3ms frames=146611 ball=507 base_poses=71977 invalid=0 station_ok=no
[INFO] [1787238267.874286099] [a3_receive_input_gateway]: gateway calibrated=yes frame_age=1.6ms frames=146913 ball=507 base_poses=71977 invalid=0 station_ok=no
[INFO] [1787238268.874265494] [a3_receive_input_gateway]: gateway calibrated=yes frame_age=1.7ms frames=147214 ball=507 base_poses=71977 invalid=0 station_ok=no
[INFO] [1787238269.874383874] [a3_receive_input_gateway]: gateway calibrated=yes frame_age=0.1ms frames=147516 ball=507 base_poses=71977 invalid=0 station_ok=no
[INFO] [1787238270.874326524] [a3_receive_input_gateway]: gateway calibrated=yes frame_age=1.3ms frames=147816 ball=507 base_poses=71977 invalid=0 station_ok=no
[INFO] [1787238271.874401789] [a3_receive_input_gateway]: gateway calibrated=yes frame_age=2.4ms frames=148117 ball=507 base_poses=71977 invalid=0 station_ok=no
[INFO] [1787238272.874281725] [a3_receive_input_gateway]: gateway calibrated=yes frame_age=1.3ms frames=148418 ball=507 base_poses=71977 invalid=0 station_ok=no
[INFO] [1787238273.874201401] [a3_receive_input_gateway]: gateway calibrated=yes frame_age=1.8ms frames=148719 ball=507 base_poses=71977 invalid=0 station_ok=no
[INFO] [1787238274.874188314] [a3_receive_input_gateway]: gateway calibrated=yes frame_age=0.1ms frames=149020 ball=507 base_poses=71977 invalid=0 station_ok=no
[INFO] [1787238275.874474616] [a3_receive_input_gateway]: gateway calibrated=yes frame_age=2.0ms frames=149320 ball=507 base_poses=71977 invalid=0 station_ok=no
[INFO] [1787238276.874141828] [a3_receive_input_gateway]: gateway calibrated=yes frame_age=0.1ms frames=149621 ball=507 base_poses=71977 invalid=0 station_ok=no
[INFO] [1787238277.874261728] [a3_receive_input_gateway]: gateway calibrated=yes frame_age=1.8ms frames=149921 ball=507 base_poses=71977 invalid=0 station_ok=no
[INFO] [1787238278.874451788] [a3_receive_input_gateway]: gateway calibrated=yes frame_age=3.1ms frames=150221 ball=507 base_poses=71977 invalid=0 station_ok=no
[INFO] [1787238279.874146753] [a3_receive_input_gateway]: gateway calibrated=yes frame_age=0.6ms frames=150522 ball=507 base_poses=71977 invalid=0 station_ok=no
[INFO] [1787238280.874335011] [a3_receive_input_gateway]: gateway calibrated=yes frame_age=0.1ms frames=150823 ball=507 base_poses=71977 invalid=0 station_ok=no
[INFO] [1787238281.874208666] [a3_receive_input_gateway]: gateway calibrated=yes frame_age=1.1ms frames=151123 ball=507 base_poses=71977 invalid=0 station_ok=no
[INFO] [1787238282.874196974] [a3_receive_input_gateway]: gateway calibrated=yes frame_age=2.2ms frames=151423 ball=507 base_poses=71977 invalid=0 station_ok=no
[INFO] [1787238283.874197875] [a3_receive_input_gateway]: gateway calibrated=yes frame_age=3.1ms frames=151723 ball=507 base_poses=71977 invalid=0 station_ok=no
[INFO] [1787238284.874154783] [a3_receive_input_gateway]: gateway calibrated=yes frame_age=0.3ms frames=152024 ball=507 base_poses=71977 invalid=0 station_ok=no
[INFO] [1787238285.874199371] [a3_receive_input_gateway]: gateway calibrated=yes frame_age=1.2ms frames=152324 ball=507 base_poses=71977 invalid=0 station_ok=no
[INFO] [1787238286.874210427] [a3_receive_input_gateway]: gateway calibrated=yes frame_age=1.9ms frames=152624 ball=507 base_poses=71977 invalid=0 station_ok=no
[INFO] [1787238287.874205050] [a3_receive_input_gateway]: gateway calibrated=yes frame_age=2.9ms frames=152924 ball=507 base_poses=71977 invalid=0 station_ok=no
[INFO] [1787238288.874200668] [a3_receive_input_gateway]: gateway calibrated=yes frame_age=3.6ms frames=153224 ball=507 base_poses=71977 invalid=0 station_ok=no
[INFO] [1787238289.874153819] [a3_receive_input_gateway]: gateway calibrated=yes frame_age=0.2ms frames=153525 ball=507 base_poses=71977 invalid=0 station_ok=no
[INFO] [1787238290.874161431] [a3_receive_input_gateway]: gateway calibrated=yes frame_age=0.9ms frames=153825 ball=507 base_poses=71977 invalid=0 station_ok=no
[INFO] [1787238291.874232214] [a3_receive_input_gateway]: gateway calibrated=yes frame_age=1.9ms frames=154125 ball=507 base_poses=71977 invalid=0 station_ok=no
[INFO] [1787238292.874250290] [a3_receive_input_gateway]: gateway calibrated=yes frame_age=2.4ms frames=154425 ball=507 base_poses=71977 invalid=0 station_ok=no
[INFO] [1787238293.874148782] [a3_receive_input_gateway]: gateway calibrated=yes frame_age=0.8ms frames=154726 ball=507 base_poses=71977 invalid=0 station_ok=no
[INFO] [1787238294.874239241] [a3_receive_input_gateway]: gateway calibrated=yes frame_age=3.6ms frames=155025 ball=507 base_poses=71977 invalid=0 station_ok=no
[INFO] [1787238295.874203994] [a3_receive_input_gateway]: gateway calibrated=yes frame_age=2.1ms frames=155326 ball=507 base_poses=71977 invalid=0 station_ok=no
[INFO] [1787238296.874128349] [a3_receive_input_gateway]: gateway calibrated=yes frame_age=0.9ms frames=155626 ball=507 base_poses=71977 invalid=0 station_ok=no
[INFO] [1787238297.874276318] [a3_receive_input_gateway]: gateway calibrated=yes frame_age=0.6ms frames=155926 ball=507 base_poses=71977 invalid=0 station_ok=no
[INFO] [1787238298.874229528] [a3_receive_input_gateway]: gateway calibrated=yes frame_age=0.1ms frames=156227 ball=507 base_poses=71977 invalid=0 station_ok=no
[INFO] [1787238299.874148851] [a3_receive_input_gateway]: gateway calibrated=yes frame_age=0.7ms frames=156527 ball=507 base_poses=71977 invalid=0 station_ok=no
[INFO] [1787238300.874200005] [a3_receive_input_gateway]: gateway calibrated=yes frame_age=1.1ms frames=156827 ball=507 base_poses=71977 invalid=0 station_ok=no
[INFO] [1787238301.874265548] [a3_receive_input_gateway]: gateway calibrated=yes frame_age=1.7ms frames=157127 ball=507 base_poses=71977 invalid=0 station_ok=no
[INFO] [1787238302.874273153] [a3_receive_input_gateway]: gateway calibrated=yes frame_age=2.1ms frames=157427 ball=507 base_poses=71977 invalid=0 station_ok=no
[INFO] [1787238303.874202930] [a3_receive_input_gateway]: gateway calibrated=yes frame_age=2.8ms frames=157727 ball=507 base_poses=71977 invalid=0 station_ok=no
[INFO] [1787238304.874208306] [a3_receive_input_gateway]: gateway calibrated=yes frame_age=1.1ms frames=158027 ball=507 base_poses=71977 invalid=0 station_ok=no
[INFO] [1787238305.874364035] [a3_receive_input_gateway]: gateway calibrated=yes frame_age=0.1ms frames=158328 ball=507 base_poses=71977 invalid=0 station_ok=no
[INFO] [1787238306.874169348] [a3_receive_input_gateway]: gateway calibrated=yes frame_age=0.3ms frames=158628 ball=507 base_poses=71977 invalid=0 station_ok=no
[INFO] [1787238307.874173019] [a3_receive_input_gateway]: gateway calibrated=yes frame_age=1.0ms frames=158928 ball=507 base_poses=71977 invalid=0 station_ok=no
[INFO] [1787238308.874253497] [a3_receive_input_gateway]: gateway calibrated=yes frame_age=1.1ms frames=159228 ball=507 base_poses=71977 invalid=0 station_ok=no
[INFO] [1787238309.874193344] [a3_receive_input_gateway]: gateway calibrated=yes frame_age=1.9ms frames=159528 ball=507 base_poses=71977 invalid=0 station_ok=no
[INFO] [1787238310.874424168] [a3_receive_input_gateway]: gateway calibrated=yes frame_age=2.2ms frames=159828 ball=507 base_poses=71977 invalid=0 station_ok=no
[INFO] [1787238311.874191521] [a3_receive_input_gateway]: gateway calibrated=yes frame_age=2.7ms frames=160128 ball=507 base_poses=71977 invalid=0 station_ok=no
[INFO] [1787238312.874234018] [a3_receive_input_gateway]: gateway calibrated=yes frame_age=3.5ms frames=160428 ball=507 base_poses=71977 invalid=0 station_ok=no
[INFO] [1787238313.874384940] [a3_receive_input_gateway]: gateway calibrated=yes frame_age=0.1ms frames=160729 ball=507 base_poses=71977 invalid=0 station_ok=no
[INFO] [1787238314.874213174] [a3_receive_input_gateway]: gateway calibrated=yes frame_age=0.4ms frames=161029 ball=507 base_poses=71977 invalid=0 station_ok=no
[INFO] [1787238315.874159039] [a3_receive_input_gateway]: gateway calibrated=yes frame_age=1.1ms frames=161329 ball=507 base_poses=71977 invalid=0 station_ok=no
[INFO] [1787238316.874191362] [a3_receive_input_gateway]: gateway calibrated=yes frame_age=1.5ms frames=161629 ball=507 base_poses=71977 invalid=0 station_ok=no
[INFO] [1787238317.874259281] [a3_receive_input_gateway]: gateway calibrated=yes frame_age=2.0ms frames=161929 ball=507 base_poses=71977 invalid=0 station_ok=no
[INFO] [1787238318.874392184] [a3_receive_input_gateway]: gateway calibrated=yes frame_age=2.4ms frames=162229 ball=507 base_poses=71977 invalid=0 station_ok=no
[INFO] [1787238319.874201962] [a3_receive_input_gateway]: gateway calibrated=yes frame_age=3.0ms frames=162529 ball=507 base_poses=71977 invalid=0 station_ok=no
[INFO] [1787238320.874225015] [a3_receive_input_gateway]: gateway calibrated=yes frame_age=3.5ms frames=162829 ball=507 base_poses=71977 invalid=0 station_ok=no
[INFO] [1787238321.874333621] [a3_receive_input_gateway]: gateway calibrated=yes frame_age=0.1ms frames=163130 ball=507 base_poses=71977 invalid=0 station_ok=no
[INFO] [1787238322.874219184] [a3_receive_input_gateway]: gateway calibrated=yes frame_age=0.5ms frames=163430 ball=507 base_poses=71977 invalid=0 station_ok=no
[INFO] [1787238323.874216951] [a3_receive_input_gateway]: gateway calibrated=yes frame_age=0.9ms frames=163730 ball=507 base_poses=71977 invalid=0 station_ok=no
[INFO] [1787238324.874196086] [a3_receive_input_gateway]: gateway calibrated=yes frame_age=1.7ms frames=164030 ball=507 base_poses=71977 invalid=0 station_ok=no
[INFO] [1787238325.874362731] [a3_receive_input_gateway]: gateway calibrated=yes frame_age=0.1ms frames=164331 ball=507 base_poses=71977 invalid=0 station_ok=no
[INFO] [1787238326.874180400] [a3_receive_input_gateway]: gateway calibrated=yes frame_age=0.5ms frames=164631 ball=507 base_poses=71977 invalid=0 station_ok=no
[INFO] [1787238327.874203187] [a3_receive_input_gateway]: gateway calibrated=yes frame_age=1.0ms frames=164931 ball=507 base_poses=71977 invalid=0 station_ok=no
[INFO] [1787238328.874193851] [a3_receive_input_gateway]: gateway calibrated=yes frame_age=3.6ms frames=165230 ball=507 base_poses=71977 invalid=0 station_ok=no
[INFO] [1787238329.874322782] [a3_receive_input_gateway]: gateway calibrated=yes frame_age=1.8ms frames=165531 ball=507 base_poses=71977 invalid=0 station_ok=no
[INFO] [1787238330.874153097] [a3_receive_input_gateway]: gateway calibrated=yes frame_age=0.4ms frames=165831 ball=507 base_poses=71977 invalid=0 station_ok=no
[INFO] [1787238331.874208861] [a3_receive_input_gateway]: gateway calibrated=yes frame_age=1.0ms frames=166131 ball=507 base_poses=71977 invalid=0 station_ok=no
[INFO] [1787238332.874388992] [a3_receive_input_gateway]: gateway calibrated=yes frame_age=1.5ms frames=166431 ball=507 base_poses=71977 invalid=0 station_ok=no
[INFO] [1787238333.874201546] [a3_receive_input_gateway]: gateway calibrated=yes frame_age=1.8ms frames=166731 ball=507 base_poses=71977 invalid=0 station_ok=no
[INFO] [1787238334.874223159] [a3_receive_input_gateway]: gateway calibrated=yes frame_age=0.5ms frames=166843 ball=507 base_poses=71977 invalid=0 station_ok=no
[INFO] [1787238335.874189119] [a3_receive_input_gateway]: gateway calibrated=yes frame_age=1.0ms frames=167143 ball=507 base_poses=71977 invalid=0 station_ok=no
[INFO] [1787238336.874560190] [a3_receive_input_gateway]: gateway calibrated=yes frame_age=1.5ms frames=167443 ball=507 base_poses=71977 invalid=0 station_ok=no
[INFO] [1787238337.874351578] [a3_receive_input_gateway]: gateway calibrated=yes frame_age=2.2ms frames=167743 ball=507 base_poses=71977 invalid=0 station_ok=no
[INFO] [1787238338.874324932] [a3_receive_input_gateway]: gateway calibrated=yes frame_age=2.6ms frames=168043 ball=507 base_poses=71977 invalid=0 station_ok=no
[INFO] [1787238339.874363439] [a3_receive_input_gateway]: gateway calibrated=yes frame_age=3.1ms frames=168343 ball=507 base_poses=71977 invalid=0 station_ok=no
[INFO] [1787238340.874199976] [a3_receive_input_gateway]: gateway calibrated=yes frame_age=3.5ms frames=168643 ball=507 base_poses=71977 invalid=0 station_ok=no
[INFO] [1787238341.874163511] [a3_receive_input_gateway]: gateway calibrated=yes frame_age=0.1ms frames=168944 ball=507 base_poses=71977 invalid=0 station_ok=no
[INFO] [1787238342.874157159] [a3_receive_input_gateway]: gateway calibrated=yes frame_age=0.4ms frames=169244 ball=507 base_poses=71977 invalid=0 station_ok=no
[INFO] [1787238343.874277361] [a3_receive_input_gateway]: gateway calibrated=yes frame_age=1.1ms frames=169544 ball=507 base_poses=71977 invalid=0 station_ok=no
[INFO] [1787238344.874381054] [a3_receive_input_gateway]: gateway calibrated=yes frame_age=1.5ms frames=169844 ball=507 base_poses=71977 invalid=0 station_ok=no
[INFO] [1787238345.874186187] [a3_receive_input_gateway]: gateway calibrated=yes frame_age=2.1ms frames=170144 ball=507 base_poses=71977 invalid=0 station_ok=no
[INFO] [1787238346.874209043] [a3_receive_input_gateway]: gateway calibrated=yes frame_age=2.7ms frames=170444 ball=507 base_poses=71977 invalid=0 station_ok=no
[INFO] [1787238347.874364981] [a3_receive_input_gateway]: gateway calibrated=yes frame_age=3.1ms frames=170744 ball=507 base_poses=71977 invalid=0 station_ok=no
[INFO] [1787238348.874228882] [a3_receive_input_gateway]: gateway calibrated=yes frame_age=3.7ms frames=171044 ball=507 base_poses=71977 invalid=0 station_ok=no
[INFO] [1787238349.874150873] [a3_receive_input_gateway]: gateway calibrated=yes frame_age=0.1ms frames=171345 ball=507 base_poses=71977 invalid=0 station_ok=no
[INFO] [1787238350.874161654] [a3_receive_input_gateway]: gateway calibrated=yes frame_age=0.5ms frames=171645 ball=507 base_poses=71977 invalid=0 station_ok=no
[INFO] [1787238351.874209139] [a3_receive_input_gateway]: gateway calibrated=yes frame_age=1.1ms frames=171945 ball=507 base_poses=71977 invalid=0 station_ok=no
[INFO] [1787238352.874191121] [a3_receive_input_gateway]: gateway calibrated=yes frame_age=1.6ms frames=172245 ball=507 base_poses=71977 invalid=0 station_ok=no
[INFO] [1787238353.874134249] [a3_receive_input_gateway]: gateway calibrated=yes frame_age=0.1ms frames=172546 ball=507 base_poses=71977 invalid=0 station_ok=no
[INFO] [1787238354.874231398] [a3_receive_input_gateway]: gateway calibrated=yes frame_age=2.6ms frames=172845 ball=507 base_poses=71977 invalid=0 station_ok=no
[INFO] [1787238355.874389761] [a3_receive_input_gateway]: gateway calibrated=yes frame_age=3.1ms frames=173145 ball=507 base_poses=71977 invalid=0 station_ok=no
[INFO] [1787238356.874242585] [a3_receive_input_gateway]: gateway calibrated=yes frame_age=3.7ms frames=173445 ball=507 base_poses=71977 invalid=0 station_ok=no
[INFO] [1787238357.874400982] [a3_receive_input_gateway]: gateway calibrated=yes frame_age=0.1ms frames=173746 ball=507 base_poses=71977 invalid=0 station_ok=no
[INFO] [1787238358.874163706] [a3_receive_input_gateway]: gateway calibrated=yes frame_age=0.6ms frames=174046 ball=507 base_poses=71977 invalid=0 station_ok=no
[INFO] [1787238359.874345957] [a3_receive_input_gateway]: gateway calibrated=yes frame_age=1.1ms frames=174346 ball=507 base_poses=71977 invalid=0 station_ok=no
[INFO] [1787238360.874327643] [a3_receive_input_gateway]: gateway calibrated=yes frame_age=1.7ms frames=174646 ball=507 base_poses=71977 invalid=0 station_ok=no
[INFO] [1787238361.874165809] [a3_receive_input_gateway]: gateway calibrated=yes frame_age=0.2ms frames=174947 ball=507 base_poses=71977 invalid=0 station_ok=no
[INFO] [1787238362.874358010] [a3_receive_input_gateway]: gateway calibrated=yes frame_age=2.6ms frames=175246 ball=507 base_poses=71977 invalid=0 station_ok=no
[INFO] [1787238363.874210449] [a3_receive_input_gateway]: gateway calibrated=yes frame_age=1.2ms frames=175547 ball=507 base_poses=71977 invalid=0 station_ok=no
[INFO] [1787238364.874205389] [a3_receive_input_gateway]: gateway calibrated=yes frame_age=3.7ms frames=175846 ball=507 base_poses=71977 invalid=0 station_ok=no
[INFO] [1787238365.874228041] [a3_receive_input_gateway]: gateway calibrated=yes frame_age=2.1ms frames=176147 ball=507 base_poses=71977 invalid=0 station_ok=no
[INFO] [1787238366.874412729] [a3_receive_input_gateway]: gateway calibrated=yes frame_age=4.4ms frames=176446 ball=507 base_poses=71977 invalid=0 station_ok=no
[INFO] [1787238367.874186793] [a3_receive_input_gateway]: gateway calibrated=yes frame_age=3.2ms frames=176747 ball=507 base_poses=71977 invalid=0 station_ok=no
[INFO] [1787238368.874188957] [a3_receive_input_gateway]: gateway calibrated=yes frame_age=1.5ms frames=177047 ball=507 base_poses=71977 invalid=0 station_ok=no
[INFO] [1787238369.874177148] [a3_receive_input_gateway]: gateway calibrated=yes frame_age=2.8ms frames=177580 ball=507 base_poses=71977 invalid=0 station_ok=no
[INFO] [1787238370.874194880] [a3_receive_input_gateway]: gateway calibrated=yes frame_age=3.3ms frames=177880 ball=507 base_poses=71977 invalid=0 station_ok=no
[INFO] [1787238371.874309705] [a3_receive_input_gateway]: gateway calibrated=yes frame_age=4.0ms frames=178180 ball=507 base_poses=71977 invalid=0 station_ok=no
[INFO] [1787238372.874143370] [a3_receive_input_gateway]: gateway calibrated=yes frame_age=0.2ms frames=178481 ball=507 base_poses=71977 invalid=0 station_ok=no
[INFO] [1787238373.874400374] [a3_receive_input_gateway]: gateway calibrated=yes frame_age=0.2ms frames=178781 ball=507 base_poses=71977 invalid=0 station_ok=no
[INFO] [1787238374.874309471] [a3_receive_input_gateway]: gateway calibrated=yes frame_age=0.7ms frames=179081 ball=507 base_poses=71977 invalid=0 station_ok=no
[INFO] [1787238375.874428490] [a3_receive_input_gateway]: gateway calibrated=yes frame_age=5.7ms frames=179380 ball=507 base_poses=71977 invalid=0 station_ok=no
[INFO] [1787238376.874147871] [a3_receive_input_gateway]: gateway calibrated=yes frame_age=0.4ms frames=179682 ball=507 base_poses=71977 invalid=0 station_ok=no
[INFO] [1787238377.874382741] [a3_receive_input_gateway]: gateway calibrated=yes frame_age=0.5ms frames=179982 ball=507 base_poses=71977 invalid=0 station_ok=no
[INFO] [1787238378.874183976] [a3_receive_input_gateway]: gateway calibrated=yes frame_age=3.4ms frames=180281 ball=507 base_poses=71977 invalid=0 station_ok=no
[INFO] [1787238379.874197534] [a3_receive_input_gateway]: gateway calibrated=yes frame_age=1.8ms frames=180582 ball=507 base_poses=71977 invalid=0 station_ok=no
[INFO] [1787238380.874330329] [a3_receive_input_gateway]: gateway calibrated=yes frame_age=0.2ms frames=180882 ball=507 base_poses=71977 invalid=0 station_ok=no
[INFO] [1787238381.874455684] [a3_receive_input_gateway]: gateway calibrated=yes frame_age=2.8ms frames=181182 ball=507 base_poses=71977 invalid=0 station_ok=no
[INFO] [1787238382.874218047] [a3_receive_input_gateway]: gateway calibrated=yes frame_age=3.1ms frames=181482 ball=507 base_poses=71977 invalid=0 station_ok=no
[INFO] [1787238383.874335498] [a3_receive_input_gateway]: gateway calibrated=yes frame_age=1.4ms frames=181782 ball=507 base_poses=71977 invalid=0 station_ok=no
[INFO] [1787238384.874227153] [a3_receive_input_gateway]: gateway calibrated=yes frame_age=3.7ms frames=182082 ball=507 base_poses=71977 invalid=0 station_ok=no
[INFO] [1787238385.874293299] [a3_receive_input_gateway]: gateway calibrated=yes frame_age=2.5ms frames=182382 ball=507 base_poses=71977 invalid=0 station_ok=no
[INFO] [1787238386.874489748] [a3_receive_input_gateway]: gateway calibrated=yes frame_age=3.4ms frames=182682 ball=507 base_poses=71977 invalid=0 station_ok=no
[INFO] [1787238387.874186188] [a3_receive_input_gateway]: gateway calibrated=yes frame_age=1.7ms frames=182983 ball=507 base_poses=71977 invalid=0 station_ok=no
[INFO] [1787238388.874137821] [a3_receive_input_gateway]: gateway calibrated=yes frame_age=0.4ms frames=183283 ball=507 base_poses=71977 invalid=0 station_ok=no
[INFO] [1787238389.874231503] [a3_receive_input_gateway]: gateway calibrated=yes frame_age=2.7ms frames=183583 ball=507 base_poses=71977 invalid=0 station_ok=no
[INFO] [1787238390.874245325] [a3_receive_input_gateway]: gateway calibrated=yes frame_age=3.4ms frames=183883 ball=507 base_poses=71977 invalid=0 station_ok=no
[INFO] [1787238391.874347538] [a3_receive_input_gateway]: gateway calibrated=yes frame_age=3.5ms frames=184183 ball=507 base_poses=71977 invalid=0 station_ok=no
[INFO] [1787238392.874142419] [a3_receive_input_gateway]: gateway calibrated=yes frame_age=0.3ms frames=184484 ball=507 base_poses=71977 invalid=0 station_ok=no
[INFO] [1787238393.874134611] [a3_receive_input_gateway]: gateway calibrated=yes frame_age=0.6ms frames=184784 ball=507 base_poses=71977 invalid=0 station_ok=no
[INFO] [1787238394.874214838] [a3_receive_input_gateway]: gateway calibrated=yes frame_age=1.2ms frames=185084 ball=507 base_poses=71977 invalid=0 station_ok=no
[INFO] [1787238395.874222668] [a3_receive_input_gateway]: gateway calibrated=yes frame_age=1.8ms frames=185384 ball=507 base_poses=71977 invalid=0 station_ok=no
[INFO] [1787238396.874303052] [a3_receive_input_gateway]: gateway calibrated=yes frame_age=2.4ms frames=185684 ball=507 base_poses=71977 invalid=0 station_ok=no
[INFO] [1787238397.874337094] [a3_receive_input_gateway]: gateway calibrated=yes frame_age=3.0ms frames=185984 ball=507 base_poses=71977 invalid=0 station_ok=no
[INFO] [1787238398.874171304] [a3_receive_input_gateway]: gateway calibrated=yes frame_age=3.2ms frames=186284 ball=507 base_poses=71977 invalid=0 station_ok=no
[INFO] [1787238399.874421351] [a3_receive_input_gateway]: gateway calibrated=yes frame_age=1.8ms frames=186584 ball=507 base_poses=71977 invalid=0 station_ok=no
[INFO] [1787238400.874409314] [a3_receive_input_gateway]: gateway calibrated=yes frame_age=0.3ms frames=186885 ball=507 base_poses=71977 invalid=0 station_ok=no
[INFO] [1787238401.874326485] [a3_receive_input_gateway]: gateway calibrated=yes frame_age=4.7ms frames=187184 ball=507 base_poses=71977 invalid=0 station_ok=no
[INFO] [1787238402.874182215] [a3_receive_input_gateway]: gateway calibrated=yes frame_age=1.3ms frames=187485 ball=507 base_poses=71977 invalid=0 station_ok=no
[INFO] [1787238403.874266906] [a3_receive_input_gateway]: gateway calibrated=yes frame_age=4.1ms frames=187776 ball=507 base_poses=71977 invalid=0 station_ok=no
[INFO] [1787238404.874475902] [a3_receive_input_gateway]: gateway calibrated=yes frame_age=3.1ms frames=188068 ball=507 base_poses=71977 invalid=0 station_ok=no
[INFO] [1787238405.874260199] [a3_receive_input_gateway]: gateway calibrated=yes frame_age=1.0ms frames=188361 ball=507 base_poses=71977 invalid=0 station_ok=no
[INFO] [1787238406.874361480] [a3_receive_input_gateway]: gateway calibrated=yes frame_age=3.3ms frames=188654 ball=507 base_poses=71977 invalid=0 station_ok=no
[INFO] [1787238407.874162156] [a3_receive_input_gateway]: gateway calibrated=yes frame_age=0.5ms frames=188949 ball=507 base_poses=71977 invalid=0 station_ok=no
[INFO] [1787238408.874451564] [a3_receive_input_gateway]: gateway calibrated=yes frame_age=0.1ms frames=189244 ball=507 base_poses=71977 invalid=0 station_ok=no
[INFO] [1787238409.874270500] [a3_receive_input_gateway]: gateway calibrated=yes frame_age=3.5ms frames=189539 ball=507 base_poses=71977 invalid=0 station_ok=no
[INFO] [1787238410.874143179] [a3_receive_input_gateway]: gateway calibrated=yes frame_age=1.0ms frames=189836 ball=507 base_poses=71977 invalid=0 station_ok=no
[INFO] [1787238411.874335131] [a3_receive_input_gateway]: gateway calibrated=yes frame_age=0.1ms frames=190132 ball=507 base_poses=71977 invalid=0 station_ok=no
[INFO] [1787238412.874138459] [a3_receive_input_gateway]: gateway calibrated=yes frame_age=0.3ms frames=190430 ball=507 base_poses=71977 invalid=0 station_ok=no
[INFO] [1787238413.874352174] [a3_receive_input_gateway]: gateway calibrated=yes frame_age=4.3ms frames=190726 ball=507 base_poses=71977 invalid=0 station_ok=no
[INFO] [1787238414.874488896] [a3_receive_input_gateway]: gateway calibrated=yes frame_age=5.0ms frames=191024 ball=507 base_poses=71977 invalid=0 station_ok=no
[INFO] [1787238415.874148596] [a3_receive_input_gateway]: gateway calibrated=yes frame_age=0.8ms frames=191323 ball=507 base_poses=71977 invalid=0 station_ok=no
[INFO] [1787238416.874338983] [a3_receive_input_gateway]: gateway calibrated=yes frame_age=3.3ms frames=191621 ball=507 base_poses=71977 invalid=0 station_ok=no
[INFO] [1787238417.874148759] [a3_receive_input_gateway]: gateway calibrated=yes frame_age=0.6ms frames=191920 ball=507 base_poses=71977 invalid=0 station_ok=no
[INFO] [1787238418.874220201] [a3_receive_input_gateway]: gateway calibrated=yes frame_age=0.4ms frames=192219 ball=507 base_poses=71977 invalid=0 station_ok=no
[INFO] [1787238419.874293935] [a3_receive_input_gateway]: gateway calibrated=yes frame_age=1.3ms frames=192435 ball=507 base_poses=71977 invalid=0 station_ok=no
[INFO] [1787238420.874401080] [a3_receive_input_gateway]: gateway calibrated=yes frame_age=24.2ms frames=192532 ball=507 base_poses=71977 invalid=0 station_ok=no
[INFO] [1787238421.874304566] [a3_receive_input_gateway]: gateway calibrated=yes frame_age=11.8ms frames=192633 ball=507 base_poses=71977 invalid=0 station_ok=no
[INFO] [1787238422.874427519] [a3_receive_input_gateway]: gateway calibrated=yes frame_age=69.7ms frames=192728 ball=507 base_poses=71977 invalid=0 station_ok=no
[INFO] [1787238423.874489140] [a3_receive_input_gateway]: gateway calibrated=yes frame_age=13.6ms frames=192852 ball=507 base_poses=71977 invalid=0 station_ok=no
[INFO] [1787238424.874518547] [a3_receive_input_gateway]: gateway calibrated=yes frame_age=82.4ms frames=192943 ball=507 base_poses=71977 invalid=0 station_ok=no
[INFO] [1787238425.874560519] [a3_receive_input_gateway]: gateway calibrated=yes frame_age=14.7ms frames=193046 ball=507 base_poses=71977 invalid=0 station_ok=no
[INFO] [1787238426.874548092] [a3_receive_input_gateway]: gateway calibrated=yes frame_age=80.0ms frames=193138 ball=507 base_poses=71977 invalid=0 station_ok=no
[INFO] [1787238427.874538625] [a3_receive_input_gateway]: gateway calibrated=yes frame_age=2.7ms frames=193356 ball=507 base_poses=71977 invalid=0 station_ok=no
[INFO] [1787238428.874162033] [a3_receive_input_gateway]: gateway calibrated=yes frame_age=0.2ms frames=193656 ball=507 base_poses=71977 invalid=0 station_ok=no
[INFO] [1787238429.874345190] [a3_receive_input_gateway]: gateway calibrated=yes frame_age=1.6ms frames=193955 ball=507 base_poses=71977 invalid=0 station_ok=no
[INFO] [1787238430.874230013] [a3_receive_input_gateway]: gateway calibrated=yes frame_age=3.4ms frames=194254 ball=507 base_poses=71977 invalid=0 station_ok=no
[INFO] [1787238431.874216888] [a3_receive_input_gateway]: gateway calibrated=yes frame_age=1.1ms frames=194555 ball=507 base_poses=71977 invalid=0 station_ok=no
[INFO] [1787238432.874167765] [a3_receive_input_gateway]: gateway calibrated=yes frame_age=0.5ms frames=194855 ball=507 base_poses=71977 invalid=0 station_ok=no
[INFO] [1787238433.874154606] [a3_receive_input_gateway]: gateway calibrated=yes frame_age=0.7ms frames=195155 ball=507 base_poses=71977 invalid=0 station_ok=no
[INFO] [1787238434.874148793] [a3_receive_input_gateway]: gateway calibrated=yes frame_age=0.6ms frames=195455 ball=507 base_poses=71977 invalid=0 station_ok=no
[INFO] [1787238435.874189705] [a3_receive_input_gateway]: gateway calibrated=yes frame_age=0.4ms frames=195755 ball=507 base_poses=71977 invalid=0 station_ok=no
[INFO] [1787238436.983597679] [a3_receive_input_gateway]: gateway calibrated=yes frame_age=3.7ms frames=195951 ball=507 base_poses=71977 invalid=0 station_ok=no
[INFO] [1787238437.874170268] [a3_receive_input_gateway]: gateway calibrated=yes frame_age=0.2ms frames=196219 ball=507 base_poses=71977 invalid=0 station_ok=no
[INFO] [1787238438.874236201] [a3_receive_input_gateway]: gateway calibrated=yes frame_age=1.2ms frames=196519 ball=507 base_poses=71977 invalid=0 station_ok=no
[INFO] [1787238439.874343401] [a3_receive_input_gateway]: gateway calibrated=yes frame_age=1.8ms frames=196819 ball=507 base_poses=71977 invalid=0 station_ok=no
[INFO] [1787238440.874147044] [a3_receive_input_gateway]: gateway calibrated=yes frame_age=2.3ms frames=197119 ball=507 base_poses=71977 invalid=0 station_ok=no
[INFO] [1787238441.874342777] [a3_receive_input_gateway]: gateway calibrated=yes frame_age=2.9ms frames=197419 ball=507 base_poses=71977 invalid=0 station_ok=no
[INFO] [1787238442.874764151] [a3_receive_input_gateway]: gateway calibrated=yes frame_age=1.2ms frames=197720 ball=507 base_poses=71977 invalid=0 station_ok=no
[INFO] [1787238443.874568700] [a3_receive_input_gateway]: gateway calibrated=yes frame_age=0.1ms frames=198020 ball=507 base_poses=71977 invalid=0 station_ok=no
[INFO] [1787238444.874172352] [a3_receive_input_gateway]: gateway calibrated=yes frame_age=0.1ms frames=198320 ball=507 base_poses=71977 invalid=0 station_ok=no
[INFO] [1787238445.874170102] [a3_receive_input_gateway]: gateway calibrated=yes frame_age=0.4ms frames=198620 ball=507 base_poses=71977 invalid=0 station_ok=no
[INFO] [1787238446.874195269] [a3_receive_input_gateway]: gateway calibrated=yes frame_age=1.2ms frames=198920 ball=507 base_poses=71977 invalid=0 station_ok=no
[INFO] [1787238447.874235309] [a3_receive_input_gateway]: gateway calibrated=yes frame_age=1.7ms frames=199220 ball=507 base_poses=71977 invalid=0 station_ok=no
[INFO] [1787238448.874181492] [a3_receive_input_gateway]: gateway calibrated=yes frame_age=0.1ms frames=199521 ball=507 base_poses=71977 invalid=0 station_ok=no
[INFO] [1787238449.874288903] [a3_receive_input_gateway]: gateway calibrated=yes frame_age=2.9ms frames=199820 ball=507 base_poses=71977 invalid=0 station_ok=no
[INFO] [1787238450.874171180] [a3_receive_input_gateway]: gateway calibrated=yes frame_age=1.4ms frames=200121 ball=507 base_poses=71977 invalid=0 station_ok=no
[INFO] [1787238451.874320249] [a3_receive_input_gateway]: gateway calibrated=yes frame_age=3.7ms frames=200420 ball=507 base_poses=71977 invalid=0 station_ok=no
[INFO] [1787238452.874210580] [a3_receive_input_gateway]: gateway calibrated=yes frame_age=0.3ms frames=200721 ball=507 base_poses=71977 invalid=0 station_ok=no
[INFO] [1787238453.874294330] [a3_receive_input_gateway]: gateway calibrated=yes frame_age=0.8ms frames=201021 ball=507 base_poses=71977 invalid=0 station_ok=no
[INFO] [1787238454.874835457] [a3_receive_input_gateway]: gateway calibrated=yes frame_age=2.0ms frames=201321 ball=507 base_poses=71977 invalid=0 station_ok=no
[INFO] [1787238455.874740946] [a3_receive_input_gateway]: gateway calibrated=yes frame_age=0.2ms frames=201622 ball=507 base_poses=71977 invalid=0 station_ok=no
[INFO] [1787238456.874763114] [a3_receive_input_gateway]: gateway calibrated=yes frame_age=0.8ms frames=201922 ball=507 base_poses=71977 invalid=0 station_ok=no
[INFO] [1787238457.874724032] [a3_receive_input_gateway]: gateway calibrated=yes frame_age=0.4ms frames=202222 ball=507 base_poses=71977 invalid=0 station_ok=no
[INFO] [1787238458.874191431] [a3_receive_input_gateway]: gateway calibrated=yes frame_age=1.3ms frames=202522 ball=507 base_poses=71977 invalid=0 station_ok=no
[INFO] [1787238459.874330293] [a3_receive_input_gateway]: gateway calibrated=yes frame_age=1.8ms frames=202822 ball=507 base_poses=71977 invalid=0 station_ok=no
[INFO] [1787238460.874194493] [a3_receive_input_gateway]: gateway calibrated=yes frame_age=2.2ms frames=203122 ball=507 base_poses=71977 invalid=0 station_ok=no
[INFO] [1787238461.874286502] [a3_receive_input_gateway]: gateway calibrated=yes frame_age=2.8ms frames=203422 ball=507 base_poses=71977 invalid=0 station_ok=no
[INFO] [1787238462.874218517] [a3_receive_input_gateway]: gateway calibrated=yes frame_age=3.1ms frames=203722 ball=507 base_poses=71977 invalid=0 station_ok=no
[INFO] [1787238463.874202541] [a3_receive_input_gateway]: gateway calibrated=yes frame_age=4.0ms frames=204022 ball=507 base_poses=71977 invalid=0 station_ok=no
[INFO] [1787238464.874176109] [a3_receive_input_gateway]: gateway calibrated=yes frame_age=0.3ms frames=204323 ball=507 base_poses=71977 invalid=0 station_ok=no
[INFO] [1787238465.874275019] [a3_receive_input_gateway]: gateway calibrated=yes frame_age=1.0ms frames=204623 ball=507 base_poses=71977 invalid=0 station_ok=no
[INFO] [1787238466.874470210] [a3_receive_input_gateway]: gateway calibrated=yes frame_age=1.3ms frames=204923 ball=507 base_poses=71977 invalid=0 station_ok=no
[INFO] [1787238467.874281659] [a3_receive_input_gateway]: gateway calibrated=yes frame_age=1.9ms frames=205223 ball=507 base_poses=71977 invalid=0 station_ok=no
[INFO] [1787238468.874367369] [a3_receive_input_gateway]: gateway calibrated=yes frame_age=2.1ms frames=205523 ball=507 base_poses=71977 invalid=0 station_ok=no
[INFO] [1787238469.874316029] [a3_receive_input_gateway]: gateway calibrated=yes frame_age=2.7ms frames=205823 ball=507 base_poses=71977 invalid=0 station_ok=no
[INFO] [1787238470.874211356] [a3_receive_input_gateway]: gateway calibrated=yes frame_age=3.2ms frames=206123 ball=507 base_poses=71977 invalid=0 station_ok=no
[INFO] [1787238471.874113746] [a3_receive_input_gateway]: gateway calibrated=yes frame_age=0.1ms frames=206567 ball=507 base_poses=71977 invalid=0 station_ok=no
[INFO] [1787238472.874239095] [a3_receive_input_gateway]: gateway calibrated=yes frame_age=0.5ms frames=206867 ball=507 base_poses=71977 invalid=0 station_ok=no
[INFO] [1787238473.874223596] [a3_receive_input_gateway]: gateway calibrated=yes frame_age=1.1ms frames=207167 ball=507 base_poses=71977 invalid=0 station_ok=no
[INFO] [1787238474.874212736] [a3_receive_input_gateway]: gateway calibrated=yes frame_age=1.4ms frames=207467 ball=507 base_poses=71977 invalid=0 station_ok=no
[INFO] [1787238475.874201556] [a3_receive_input_gateway]: gateway calibrated=yes frame_age=2.1ms frames=207767 ball=507 base_poses=71977 invalid=0 station_ok=no
[INFO] [1787238476.874337409] [a3_receive_input_gateway]: gateway calibrated=yes frame_age=2.5ms frames=208067 ball=507 base_poses=71977 invalid=0 station_ok=no
[INFO] [1787238477.874264222] [a3_receive_input_gateway]: gateway calibrated=yes frame_age=3.2ms frames=208367 ball=507 base_poses=71977 invalid=0 station_ok=no
[INFO] [1787238478.874352268] [a3_receive_input_gateway]: gateway calibrated=yes frame_age=3.6ms frames=208667 ball=507 base_poses=71977 invalid=0 station_ok=no
[INFO] [1787238479.874135652] [a3_receive_input_gateway]: gateway calibrated=yes frame_age=0.1ms frames=208968 ball=507 base_poses=71977 invalid=0 station_ok=no
[INFO] [1787238480.874418176] [a3_receive_input_gateway]: gateway calibrated=yes frame_age=0.2ms frames=209268 ball=507 base_poses=71977 invalid=0 station_ok=no
[INFO] [1787238481.874310698] [a3_receive_input_gateway]: gateway calibrated=yes frame_age=1.0ms frames=209568 ball=507 base_poses=71977 invalid=0 station_ok=no
[INFO] [1787238482.874239115] [a3_receive_input_gateway]: gateway calibrated=yes frame_age=1.5ms frames=209868 ball=507 base_poses=71977 invalid=0 station_ok=no
[INFO] [1787238483.874376647] [a3_receive_input_gateway]: gateway calibrated=yes frame_age=2.1ms frames=210168 ball=507 base_poses=71977 invalid=0 station_ok=no
[INFO] [1787238484.874170770] [a3_receive_input_gateway]: gateway calibrated=yes frame_age=2.3ms frames=210468 ball=507 base_poses=71977 invalid=0 station_ok=no
[INFO] [1787238485.874203671] [a3_receive_input_gateway]: gateway calibrated=yes frame_age=2.9ms frames=210768 ball=507 base_poses=71977 invalid=0 station_ok=no
[INFO] [1787238486.874201883] [a3_receive_input_gateway]: gateway calibrated=yes frame_age=3.4ms frames=211068 ball=507 base_poses=71977 invalid=0 station_ok=no
[INFO] [1787238487.874290586] [a3_receive_input_gateway]: gateway calibrated=yes frame_age=0.1ms frames=211369 ball=507 base_poses=71977 invalid=0 station_ok=no
[INFO] [1787238488.874169790] [a3_receive_input_gateway]: gateway calibrated=yes frame_age=0.3ms frames=211669 ball=507 base_poses=71977 invalid=0 station_ok=no
[INFO] [1787238489.874211706] [a3_receive_input_gateway]: gateway calibrated=yes frame_age=1.1ms frames=211969 ball=507 base_poses=71977 invalid=0 station_ok=no
[INFO] [1787238490.874339993] [a3_receive_input_gateway]: gateway calibrated=yes frame_age=1.5ms frames=212269 ball=507 base_poses=71977 invalid=0 station_ok=no
[INFO] [1787238491.874201502] [a3_receive_input_gateway]: gateway calibrated=yes frame_age=2.1ms frames=212569 ball=507 base_poses=71977 invalid=0 station_ok=no
[INFO] [1787238492.874341986] [a3_receive_input_gateway]: gateway calibrated=yes frame_age=2.7ms frames=212869 ball=507 base_poses=71977 invalid=0 station_ok=no
[INFO] [1787238493.874216477] [a3_receive_input_gateway]: gateway calibrated=yes frame_age=2.9ms frames=213169 ball=507 base_poses=71977 invalid=0 station_ok=no
[INFO] [1787238494.874219733] [a3_receive_input_gateway]: gateway calibrated=yes frame_age=3.3ms frames=213469 ball=507 base_poses=71977 invalid=0 station_ok=no
[INFO] [1787238495.874131774] [a3_receive_input_gateway]: gateway calibrated=yes frame_age=0.1ms frames=213770 ball=507 base_poses=71977 invalid=0 station_ok=no
[INFO] [1787238496.874207140] [a3_receive_input_gateway]: gateway calibrated=yes frame_age=0.5ms frames=214070 ball=507 base_poses=71977 invalid=0 station_ok=no
[INFO] [1787238497.874805472] [a3_receive_input_gateway]: gateway calibrated=yes frame_age=1.2ms frames=214367 ball=507 base_poses=71977 invalid=0 station_ok=no
[INFO] [1787238498.874206673] [a3_receive_input_gateway]: gateway calibrated=yes frame_age=1.3ms frames=214667 ball=507 base_poses=71977 invalid=0 station_ok=no
[INFO] [1787238499.874309998] [a3_receive_input_gateway]: gateway calibrated=yes frame_age=0.1ms frames=214968 ball=507 base_poses=71977 invalid=0 station_ok=no
[INFO] [1787238500.874172115] [a3_receive_input_gateway]: gateway calibrated=yes frame_age=0.6ms frames=215268 ball=507 base_poses=71977 invalid=0 station_ok=no
[INFO] [1787238501.874199468] [a3_receive_input_gateway]: gateway calibrated=yes frame_age=1.1ms frames=215568 ball=507 base_poses=71977 invalid=0 station_ok=no
[INFO] [1787238502.874551717] [a3_receive_input_gateway]: gateway calibrated=yes frame_age=1.3ms frames=215868 ball=507 base_poses=71977 invalid=0 station_ok=no
[INFO] [1787238503.874250728] [a3_receive_input_gateway]: gateway calibrated=yes frame_age=2.1ms frames=216168 ball=507 base_poses=71977 invalid=0 station_ok=no
[INFO] [1787238504.874299653] [a3_receive_input_gateway]: gateway calibrated=yes frame_age=2.4ms frames=216468 ball=507 base_poses=71977 invalid=0 station_ok=no
[INFO] [1787238505.874193354] [a3_receive_input_gateway]: gateway calibrated=yes frame_age=2.9ms frames=216768 ball=507 base_poses=71977 invalid=0 station_ok=no
[INFO] [1787238506.874199898] [a3_receive_input_gateway]: gateway calibrated=yes frame_age=1.6ms frames=217068 ball=507 base_poses=71977 invalid=0 station_ok=no
[INFO] [1787238507.874416101] [a3_receive_input_gateway]: gateway calibrated=yes frame_age=0.1ms frames=217369 ball=507 base_poses=71977 invalid=0 station_ok=no
[INFO] [1787238508.874168577] [a3_receive_input_gateway]: gateway calibrated=yes frame_age=0.5ms frames=217669 ball=507 base_poses=71977 invalid=0 station_ok=no
[INFO] [1787238509.874318796] [a3_receive_input_gateway]: gateway calibrated=yes frame_age=1.2ms frames=217969 ball=507 base_poses=71977 invalid=0 station_ok=no
[INFO] [1787238510.874331745] [a3_receive_input_gateway]: gateway calibrated=yes frame_age=3.4ms frames=218268 ball=507 base_poses=71977 invalid=0 station_ok=no
[INFO] [1787238511.874204117] [a3_receive_input_gateway]: gateway calibrated=yes frame_age=1.8ms frames=218569 ball=507 base_poses=71977 invalid=0 station_ok=no
[INFO] [1787238512.874173554] [a3_receive_input_gateway]: gateway calibrated=yes frame_age=2.6ms frames=218869 ball=507 base_poses=71977 invalid=0 station_ok=no
[INFO] [1787238513.874167055] [a3_receive_input_gateway]: gateway calibrated=yes frame_age=2.8ms frames=219169 ball=507 base_poses=71977 invalid=0 station_ok=no
[INFO] [1787238514.874223124] [a3_receive_input_gateway]: gateway calibrated=yes frame_age=2.9ms frames=219469 ball=507 base_poses=71977 invalid=0 station_ok=no
[INFO] [1787238515.874248610] [a3_receive_input_gateway]: gateway calibrated=yes frame_age=0.1ms frames=219770 ball=507 base_poses=71977 invalid=0 station_ok=no
[INFO] [1787238516.874141886] [a3_receive_input_gateway]: gateway calibrated=yes frame_age=0.4ms frames=220070 ball=507 base_poses=71977 invalid=0 station_ok=no
[INFO] [1787238517.874174940] [a3_receive_input_gateway]: gateway calibrated=yes frame_age=0.9ms frames=220370 ball=507 base_poses=71977 invalid=0 station_ok=no
[INFO] [1787238518.874195097] [a3_receive_input_gateway]: gateway calibrated=yes frame_age=1.5ms frames=220670 ball=507 base_poses=71977 invalid=0 station_ok=no
[INFO] [1787238519.874165209] [a3_receive_input_gateway]: gateway calibrated=yes frame_age=3.4ms frames=220982 ball=507 base_poses=71977 invalid=0 station_ok=no
[INFO] [1787238520.874161076] [a3_receive_input_gateway]: gateway calibrated=yes frame_age=2.3ms frames=221295 ball=507 base_poses=71977 invalid=0 station_ok=no
[INFO] [1787238521.874220634] [a3_receive_input_gateway]: gateway calibrated=yes frame_age=3.7ms frames=221606 ball=507 base_poses=71977 invalid=0 station_ok=no
[INFO] [1787238522.874267956] [a3_receive_input_gateway]: gateway calibrated=yes frame_age=2.1ms frames=221916 ball=507 base_poses=71977 invalid=0 station_ok=no
[INFO] [1787238523.874147217] [a3_receive_input_gateway]: gateway calibrated=yes frame_age=0.4ms frames=222225 ball=507 base_poses=71977 invalid=0 station_ok=no
[INFO] [1787238524.874260921] [a3_receive_input_gateway]: gateway calibrated=yes frame_age=3.2ms frames=222532 ball=507 base_poses=71977 invalid=0 station_ok=no
[INFO] [1787238525.874125220] [a3_receive_input_gateway]: gateway calibrated=yes frame_age=1.1ms frames=222839 ball=507 base_poses=71977 invalid=0 station_ok=no
[INFO] [1787238526.874107401] [a3_receive_input_gateway]: gateway calibrated=yes frame_age=0.5ms frames=223145 ball=507 base_poses=71977 invalid=0 station_ok=no
[INFO] [1787238527.874310204] [a3_receive_input_gateway]: gateway calibrated=yes frame_age=2.6ms frames=223449 ball=507 base_poses=71977 invalid=0 station_ok=no
[INFO] [1787238528.874311381] [a3_receive_input_gateway]: gateway calibrated=yes frame_age=1.8ms frames=223754 ball=507 base_poses=71977 invalid=0 station_ok=no
[INFO] [1787238529.874163512] [a3_receive_input_gateway]: gateway calibrated=yes frame_age=0.5ms frames=224058 ball=507 base_poses=71977 invalid=0 station_ok=no
[INFO] [1787238530.874318932] [a3_receive_input_gateway]: gateway calibrated=yes frame_age=1.8ms frames=224361 ball=507 base_poses=71977 invalid=0 station_ok=no
[INFO] [1787238531.874423435] [a3_receive_input_gateway]: gateway calibrated=yes frame_age=1.8ms frames=224664 ball=507 base_poses=71977 invalid=0 station_ok=no
[INFO] [1787238532.874228654] [a3_receive_input_gateway]: gateway calibrated=yes frame_age=0.5ms frames=224967 ball=507 base_poses=71977 invalid=0 station_ok=no
[INFO] [1787238533.874325574] [a3_receive_input_gateway]: gateway calibrated=yes frame_age=2.1ms frames=225269 ball=507 base_poses=71977 invalid=0 station_ok=no
[INFO] [1787238534.874168186] [a3_receive_input_gateway]: gateway calibrated=yes frame_age=0.9ms frames=225571 ball=507 base_poses=71977 invalid=0 station_ok=no
[INFO] [1787238535.874199528] [a3_receive_input_gateway]: gateway calibrated=yes frame_age=1.1ms frames=225873 ball=507 base_poses=71977 invalid=0 station_ok=no
[INFO] [1787238536.874175986] [a3_receive_input_gateway]: gateway calibrated=yes frame_age=0.3ms frames=226175 ball=507 base_poses=71977 invalid=0 station_ok=no
[INFO] [1787238537.874310219] [a3_receive_input_gateway]: gateway calibrated=yes frame_age=1.1ms frames=226476 ball=507 base_poses=71977 invalid=0 station_ok=no
[INFO] [1787238538.874308611] [a3_receive_input_gateway]: gateway calibrated=yes frame_age=1.1ms frames=226777 ball=507 base_poses=71977 invalid=0 station_ok=no
[INFO] [1787238539.874265735] [a3_receive_input_gateway]: gateway calibrated=yes frame_age=2.7ms frames=227078 ball=507 base_poses=71977 invalid=0 station_ok=no
[INFO] [1787238540.874216851] [a3_receive_input_gateway]: gateway calibrated=yes frame_age=2.3ms frames=227379 ball=507 base_poses=72201 invalid=0 station_ok=no
[INFO] [1787238541.874157522] [a3_receive_input_gateway]: gateway calibrated=yes frame_age=1.2ms frames=227680 ball=507 base_poses=72502 invalid=0 station_ok=no
[INFO] [1787238542.874396831] [a3_receive_input_gateway]: gateway calibrated=yes frame_age=0.1ms frames=227981 ball=507 base_poses=72803 invalid=0 station_ok=no
[INFO] [1787238543.874409194] [a3_receive_input_gateway]: gateway calibrated=yes frame_age=0.6ms frames=228282 ball=507 base_poses=73104 invalid=0 station_ok=no
[INFO] [1787238544.874159680] [a3_receive_input_gateway]: gateway calibrated=yes frame_age=2.3ms frames=228582 ball=507 base_poses=73404 invalid=0 station_ok=no
[INFO] [1787238545.874158413] [a3_receive_input_gateway]: gateway calibrated=yes frame_age=0.3ms frames=228883 ball=507 base_poses=73705 invalid=0 station_ok=no
[INFO] [1787238546.874314116] [a3_receive_input_gateway]: gateway calibrated=yes frame_age=2.1ms frames=229183 ball=507 base_poses=74005 invalid=0 station_ok=no
[INFO] [1787238547.874197209] [a3_receive_input_gateway]: gateway calibrated=yes frame_age=3.5ms frames=229483 ball=507 base_poses=74305 invalid=0 station_ok=no
[INFO] [1787238548.874193585] [a3_receive_input_gateway]: gateway calibrated=yes frame_age=1.3ms frames=229784 ball=507 base_poses=74606 invalid=0 station_ok=no
[INFO] [1787238549.874288546] [a3_receive_input_gateway]: gateway calibrated=yes frame_age=0.5ms frames=230085 ball=507 base_poses=74907 invalid=0 station_ok=no
[INFO] [1787238550.874200356] [a3_receive_input_gateway]: gateway calibrated=yes frame_age=1.7ms frames=230385 ball=507 base_poses=75207 invalid=0 station_ok=no
[INFO] [1787238551.874477607] [a3_receive_input_gateway]: gateway calibrated=yes frame_age=2.6ms frames=230685 ball=507 base_poses=75507 invalid=0 station_ok=no
[INFO] [1787238552.874428917] [a3_receive_input_gateway]: gateway calibrated=yes frame_age=0.1ms frames=230986 ball=507 base_poses=75808 invalid=0 station_ok=no
[INFO] [1787238553.874311890] [a3_receive_input_gateway]: gateway calibrated=yes frame_age=1.0ms frames=231286 ball=507 base_poses=76108 invalid=0 station_ok=no
[INFO] [1787238554.874184615] [a3_receive_input_gateway]: gateway calibrated=yes frame_age=2.0ms frames=231586 ball=507 base_poses=76408 invalid=0 station_ok=no
[INFO] [1787238555.874202463] [a3_receive_input_gateway]: gateway calibrated=yes frame_age=2.9ms frames=231886 ball=507 base_poses=76708 invalid=0 station_ok=no
[INFO] [1787238556.874190285] [a3_receive_input_gateway]: gateway calibrated=yes frame_age=3.7ms frames=232186 ball=507 base_poses=77008 invalid=0 station_ok=no
[INFO] [1787238557.874262305] [a3_receive_input_gateway]: gateway calibrated=yes frame_age=0.3ms frames=232487 ball=507 base_poses=77309 invalid=0 station_ok=no
[INFO] [1787238558.874192027] [a3_receive_input_gateway]: gateway calibrated=yes frame_age=1.1ms frames=232787 ball=507 base_poses=77413 invalid=0 station_ok=no
[INFO] [1787238559.874195486] [a3_receive_input_gateway]: gateway calibrated=yes frame_age=1.7ms frames=233087 ball=507 base_poses=77713 invalid=0 station_ok=no
[INFO] [1787238560.874222565] [a3_receive_input_gateway]: gateway calibrated=yes frame_age=2.7ms frames=233387 ball=507 base_poses=77931 invalid=0 station_ok=no
[INFO] [1787238561.874278259] [a3_receive_input_gateway]: gateway calibrated=yes frame_age=3.2ms frames=233687 ball=507 base_poses=78231 invalid=0 station_ok=no
[INFO] [1787238562.874195357] [a3_receive_input_gateway]: gateway calibrated=yes frame_age=3.9ms frames=233987 ball=507 base_poses=78531 invalid=0 station_ok=no
[INFO] [1787238563.874147612] [a3_receive_input_gateway]: gateway calibrated=yes frame_age=0.5ms frames=234288 ball=507 base_poses=78832 invalid=0 station_ok=no
[INFO] [1787238564.874208861] [a3_receive_input_gateway]: gateway calibrated=yes frame_age=1.2ms frames=234588 ball=507 base_poses=79132 invalid=0 station_ok=no
[INFO] [1787238565.874360075] [a3_receive_input_gateway]: gateway calibrated=yes frame_age=2.0ms frames=234888 ball=507 base_poses=79432 invalid=0 station_ok=no
[INFO] [1787238566.874240086] [a3_receive_input_gateway]: gateway calibrated=yes frame_age=0.3ms frames=235189 ball=507 base_poses=79733 invalid=0 station_ok=no
[INFO] [1787238567.874157688] [a3_receive_input_gateway]: gateway calibrated=yes frame_age=0.9ms frames=235489 ball=507 base_poses=80033 invalid=0 station_ok=no
[INFO] [1787238568.874224907] [a3_receive_input_gateway]: gateway calibrated=yes frame_age=1.6ms frames=235789 ball=507 base_poses=80333 invalid=0 station_ok=no
[INFO] [1787238569.874994276] [a3_receive_input_gateway]: gateway calibrated=yes frame_age=0.4ms frames=236089 ball=507 base_poses=80633 invalid=0 station_ok=no
[INFO] [1787238570.874159266] [a3_receive_input_gateway]: gateway calibrated=yes frame_age=0.6ms frames=236389 ball=507 base_poses=80933 invalid=0 station_ok=no
[INFO] [1787238571.874293743] [a3_receive_input_gateway]: gateway calibrated=yes frame_age=1.0ms frames=236689 ball=507 base_poses=81233 invalid=0 station_ok=no
[INFO] [1787238572.874200313] [a3_receive_input_gateway]: gateway calibrated=yes frame_age=1.6ms frames=236989 ball=507 base_poses=81533 invalid=0 station_ok=no
[INFO] [1787238573.874202656] [a3_receive_input_gateway]: gateway calibrated=yes frame_age=0.2ms frames=237290 ball=507 base_poses=81834 invalid=0 station_ok=no
[INFO] [1787238574.874162936] [a3_receive_input_gateway]: gateway calibrated=yes frame_age=0.7ms frames=237590 ball=507 base_poses=82134 invalid=0 station_ok=no
[INFO] [1787238575.874189598] [a3_receive_input_gateway]: gateway calibrated=yes frame_age=1.3ms frames=237890 ball=507 base_poses=82434 invalid=0 station_ok=no
[INFO] [1787238576.874439758] [a3_receive_input_gateway]: gateway calibrated=yes frame_age=507.8ms frames=238038 ball=507 base_poses=82582 invalid=0 station_ok=no
[INFO] [1787238577.874149143] [a3_receive_input_gateway]: gateway calibrated=yes frame_age=2.2ms frames=238095 ball=507 base_poses=82639 invalid=0 station_ok=no
[INFO] [1787238578.874191467] [a3_receive_input_gateway]: gateway calibrated=yes frame_age=2.8ms frames=238395 ball=507 base_poses=82939 invalid=0 station_ok=no
[INFO] [1787238579.874239929] [a3_receive_input_gateway]: gateway calibrated=yes frame_age=3.3ms frames=238695 ball=507 base_poses=83239 invalid=0 station_ok=no
[INFO] [1787238580.874287305] [a3_receive_input_gateway]: gateway calibrated=yes frame_age=3.4ms frames=238995 ball=507 base_poses=83539 invalid=0 station_ok=yes
[INFO] [1787238581.874160586] [a3_receive_input_gateway]: gateway calibrated=yes frame_age=0.3ms frames=239296 ball=507 base_poses=83840 invalid=0 station_ok=yes
[INFO] [1787238582.874186504] [a3_receive_input_gateway]: gateway calibrated=yes frame_age=0.8ms frames=239596 ball=507 base_poses=84140 invalid=0 station_ok=yes
[INFO] [1787238583.874196625] [a3_receive_input_gateway]: gateway calibrated=yes frame_age=1.3ms frames=239896 ball=507 base_poses=84440 invalid=0 station_ok=yes
[INFO] [1787238584.662465742] [a3_receive_input_gateway]: ball tracking: visible
[INFO] [1787238584.676712285] [a3_receive_input_gateway]: ball tracking: lost
[INFO] [1787238584.706845956] [a3_receive_input_gateway]: ball tracking: visible
[INFO] [1787238584.712801987] [a3_receive_input_gateway]: ball tracking: lost
[INFO] [1787238584.748672554] [a3_receive_input_gateway]: ball tracking: visible
[INFO] [1787238584.770379963] [a3_receive_input_gateway]: ball tracking: lost
[INFO] [1787238584.783099805] [a3_receive_input_gateway]: ball tracking: visible
[INFO] [1787238584.874193936] [a3_receive_input_gateway]: gateway calibrated=yes frame_age=1.7ms frames=240196 ball=547 base_poses=84740 invalid=0 station_ok=yes
[INFO] [1787238585.422280052] [a3_receive_input_gateway]: ball tracking: lost
[INFO] [1787238585.874448978] [a3_receive_input_gateway]: gateway calibrated=yes frame_age=2.0ms frames=240496 ball=711 base_poses=85040 invalid=0 station_ok=yes
[INFO] [1787238586.874234300] [a3_receive_input_gateway]: gateway calibrated=yes frame_age=2.9ms frames=240796 ball=711 base_poses=85340 invalid=0 station_ok=yes
[INFO] [1787238587.874177278] [a3_receive_input_gateway]: gateway calibrated=yes frame_age=2.7ms frames=240884 ball=711 base_poses=85428 invalid=0 station_ok=yes
[INFO] [1787238588.075522216] [a3_receive_input_gateway]: ball tracking: visible
[INFO] [1787238588.874647241] [a3_receive_input_gateway]: gateway calibrated=yes frame_age=0.9ms frames=241185 ball=952 base_poses=85729 invalid=0 station_ok=yes
[INFO] [1787238589.874174353] [a3_receive_input_gateway]: gateway calibrated=yes frame_age=1.7ms frames=241485 ball=1252 base_poses=86029 invalid=0 station_ok=yes
[INFO] [1787238590.874290749] [a3_receive_input_gateway]: gateway calibrated=yes frame_age=0.2ms frames=241785 ball=1552 base_poses=86329 invalid=0 station_ok=yes
[INFO] [1787238591.874660861] [a3_receive_input_gateway]: gateway calibrated=yes frame_age=1.1ms frames=242085 ball=1852 base_poses=86629 invalid=0 station_ok=yes
[INFO] [1787238592.874252294] [a3_receive_input_gateway]: gateway calibrated=yes frame_age=0.2ms frames=242385 ball=2152 base_poses=86929 invalid=0 station_ok=yes
[INFO] [1787238593.593276010] [a3_receive_input_gateway]: ball tracking: lost
[INFO] [1787238593.622606617] [a3_receive_input_gateway]: ball tracking: visible
[INFO] [1787238593.654817372] [a3_receive_input_gateway]: ball tracking: lost
[INFO] [1787238593.862471824] [a3_receive_input_gateway]: ball tracking: visible
[INFO] [1787238593.874151628] [a3_receive_input_gateway]: gateway calibrated=yes frame_age=1.7ms frames=242685 ball=2381 base_poses=87229 invalid=0 station_ok=yes
[INFO] [1787238594.418361754] [a3_receive_input_gateway]: ball tracking: lost
[INFO] [1787238594.874325389] [a3_receive_input_gateway]: gateway calibrated=yes frame_age=0.2ms frames=242986 ball=2544 base_poses=87530 invalid=0 station_ok=yes
[INFO] [1787238595.874159878] [a3_receive_input_gateway]: gateway calibrated=yes frame_age=0.7ms frames=243286 ball=2544 base_poses=87830 invalid=0 station_ok=yes
[INFO] [1787238595.891419252] [a3_receive_input_gateway]: ball tracking: visible
[INFO] [1787238596.874582551] [a3_receive_input_gateway]: gateway calibrated=yes frame_age=1.2ms frames=243586 ball=2840 base_poses=88130 invalid=0 station_ok=yes
[INFO] [1787238597.874274491] [a3_receive_input_gateway]: gateway calibrated=yes frame_age=1.8ms frames=243886 ball=3140 base_poses=88430 invalid=0 station_ok=yes
[INFO] [1787238598.874187642] [a3_receive_input_gateway]: gateway calibrated=yes frame_age=2.2ms frames=244186 ball=3440 base_poses=88730 invalid=0 station_ok=yes
[INFO] [1787238599.874195721] [a3_receive_input_gateway]: gateway calibrated=yes frame_age=2.6ms frames=244486 ball=3740 base_poses=89030 invalid=0 station_ok=yes
[INFO] [1787238600.874190382] [a3_receive_input_gateway]: gateway calibrated=yes frame_age=3.1ms frames=244786 ball=4040 base_poses=89330 invalid=0 station_ok=yes
[INFO] [1787238601.874346194] [a3_receive_input_gateway]: gateway calibrated=yes frame_age=3.3ms frames=245086 ball=4340 base_poses=89630 invalid=0 station_ok=yes
[INFO] [1787238602.874442972] [a3_receive_input_gateway]: gateway calibrated=yes frame_age=0.2ms frames=245387 ball=4641 base_poses=89931 invalid=0 station_ok=yes
[INFO] [1787238603.874174530] [a3_receive_input_gateway]: gateway calibrated=yes frame_age=0.5ms frames=245687 ball=4941 base_poses=90231 invalid=0 station_ok=yes
[INFO] [1787238604.874205952] [a3_receive_input_gateway]: gateway calibrated=yes frame_age=1.0ms frames=245987 ball=5241 base_poses=90531 invalid=0 station_ok=yes
[INFO] [1787238605.874214154] [a3_receive_input_gateway]: gateway calibrated=yes frame_age=1.8ms frames=246287 ball=5541 base_poses=90831 invalid=0 station_ok=yes
[INFO] [1787238606.874464744] [a3_receive_input_gateway]: gateway calibrated=yes frame_age=997.9ms frames=246288 ball=5542 base_poses=90832 invalid=0 station_ok=yes
[INFO] [1787238607.874413706] [a3_receive_input_gateway]: gateway calibrated=yes frame_age=1997.9ms frames=246288 ball=5542 base_poses=90832 invalid=0 station_ok=yes
[INFO] [1787238608.874718726] [a3_receive_input_gateway]: gateway calibrated=yes frame_age=2998.0ms frames=246288 ball=5542 base_poses=90832 invalid=0 station_ok=yes
[INFO] [1787238609.874526895] [a3_receive_input_gateway]: gateway calibrated=yes frame_age=3997.9ms frames=246288 ball=5542 base_poses=90832 invalid=0 station_ok=yes
[INFO] [1787238610.874573000] [a3_receive_input_gateway]: gateway calibrated=yes frame_age=4997.9ms frames=246288 ball=5542 base_poses=90832 invalid=0 station_ok=yes
[INFO] [1787238611.874561143] [a3_receive_input_gateway]: gateway calibrated=yes frame_age=5997.9ms frames=246288 ball=5542 base_poses=90832 invalid=0 station_ok=yes
[INFO] [1787238612.874356284] [a3_receive_input_gateway]: gateway calibrated=yes frame_age=6997.8ms frames=246288 ball=5542 base_poses=90832 invalid=0 station_ok=yes
[INFO] [1787238613.874709297] [a3_receive_input_gateway]: gateway calibrated=yes frame_age=7998.0ms frames=246288 ball=5542 base_poses=90832 invalid=0 station_ok=yes
[INFO] [1787238614.874524317] [a3_receive_input_gateway]: gateway calibrated=yes frame_age=8997.9ms frames=246288 ball=5542 base_poses=90832 invalid=0 station_ok=yes
[INFO] [1787238615.874450370] [a3_receive_input_gateway]: gateway calibrated=yes frame_age=9997.9ms frames=246288 ball=5542 base_poses=90832 invalid=0 station_ok=yes
[INFO] [1787238616.874325847] [a3_receive_input_gateway]: gateway calibrated=yes frame_age=10997.8ms frames=246288 ball=5542 base_poses=90832 invalid=0 station_ok=yes
[INFO] [1787238617.874318574] [a3_receive_input_gateway]: gateway calibrated=yes frame_age=11997.8ms frames=246288 ball=5542 base_poses=90832 invalid=0 station_ok=yes
[INFO] [1787238618.874471117] [a3_receive_input_gateway]: gateway calibrated=yes frame_age=12997.9ms frames=246288 ball=5542 base_poses=90832 invalid=0 station_ok=yes
[INFO] [1787238619.874360933] [a3_receive_input_gateway]: gateway calibrated=yes frame_age=13997.8ms frames=246288 ball=5542 base_poses=90832 invalid=0 station_ok=yes
[INFO] [1787238620.874529563] [a3_receive_input_gateway]: gateway calibrated=yes frame_age=14997.9ms frames=246288 ball=5542 base_poses=90832 invalid=0 station_ok=yes
[INFO] [1787238621.874442788] [a3_receive_input_gateway]: gateway calibrated=yes frame_age=15997.9ms frames=246288 ball=5542 base_poses=90832 invalid=0 station_ok=yes
[INFO] [1787238622.874347589] [a3_receive_input_gateway]: gateway calibrated=yes frame_age=16997.9ms frames=246288 ball=5542 base_poses=90832 invalid=0 station_ok=yes
[INFO] [1787238623.874421407] [a3_receive_input_gateway]: gateway calibrated=yes frame_age=17997.9ms frames=246288 ball=5542 base_poses=90832 invalid=0 station_ok=yes
[INFO] [1787238624.874290631] [a3_receive_input_gateway]: gateway calibrated=yes frame_age=18997.8ms frames=246288 ball=5542 base_poses=90832 invalid=0 station_ok=yes
[INFO] [1787238625.874328915] [a3_receive_input_gateway]: gateway calibrated=yes frame_age=19997.8ms frames=246288 ball=5542 base_poses=90832 invalid=0 station_ok=yes
[INFO] [1787238626.874338710] [a3_receive_input_gateway]: gateway calibrated=yes frame_age=20997.8ms frames=246288 ball=5542 base_poses=90832 invalid=0 station_ok=yes
[INFO] [1787238627.876961310] [a3_receive_input_gateway]: gateway calibrated=yes frame_age=22000.5ms frames=246288 ball=5542 base_poses=90832 invalid=0 station_ok=yes
[INFO] [1787238628.874513693] [a3_receive_input_gateway]: gateway calibrated=yes frame_age=22997.9ms frames=246288 ball=5542 base_poses=90832 invalid=0 station_ok=yes
[INFO] [1787238629.874459976] [a3_receive_input_gateway]: gateway calibrated=yes frame_age=23997.8ms frames=246288 ball=5542 base_poses=90832 invalid=0 station_ok=yes
[INFO] [1787238630.874321986] [a3_receive_input_gateway]: gateway calibrated=yes frame_age=24997.8ms frames=246288 ball=5542 base_poses=90832 invalid=0 station_ok=yes
[INFO] [1787238631.874472058] [a3_receive_input_gateway]: gateway calibrated=yes frame_age=25997.9ms frames=246288 ball=5542 base_poses=90832 invalid=0 station_ok=yes
[INFO] [1787238632.874365535] [a3_receive_input_gateway]: gateway calibrated=yes frame_age=26997.8ms frames=246288 ball=5542 base_poses=90832 invalid=0 station_ok=yes
[INFO] [1787238633.874393852] [a3_receive_input_gateway]: gateway calibrated=yes frame_age=27997.8ms frames=246288 ball=5542 base_poses=90832 invalid=0 station_ok=yes
[INFO] [1787238634.874526114] [a3_receive_input_gateway]: gateway calibrated=yes frame_age=28997.9ms frames=246288 ball=5542 base_poses=90832 invalid=0 station_ok=yes
[INFO] [1787238635.874772313] [a3_receive_input_gateway]: gateway calibrated=yes frame_age=29998.0ms frames=246288 ball=5542 base_poses=90832 invalid=0 station_ok=yes
[INFO] [1787238636.874771478] [a3_receive_input_gateway]: gateway calibrated=yes frame_age=30998.0ms frames=246288 ball=5542 base_poses=90832 invalid=0 station_ok=yes
[INFO] [1787238637.874368744] [a3_receive_input_gateway]: gateway calibrated=yes frame_age=31997.8ms frames=246288 ball=5542 base_poses=90832 invalid=0 station_ok=yes
[INFO] [1787238638.874564779] [a3_receive_input_gateway]: gateway calibrated=yes frame_age=32997.9ms frames=246288 ball=5542 base_poses=90832 invalid=0 station_ok=yes
[INFO] [1787238639.874326415] [a3_receive_input_gateway]: gateway calibrated=yes frame_age=33997.8ms frames=246288 ball=5542 base_poses=90832 invalid=0 station_ok=yes
[INFO] [1787238640.874479244] [a3_receive_input_gateway]: gateway calibrated=yes frame_age=34997.9ms frames=246288 ball=5542 base_poses=90832 invalid=0 station_ok=yes
[INFO] [1787238641.875364370] [a3_receive_input_gateway]: gateway calibrated=yes frame_age=35998.6ms frames=246288 ball=5542 base_poses=90832 invalid=0 station_ok=yes
[INFO] [1787238642.874790301] [a3_receive_input_gateway]: gateway calibrated=yes frame_age=36998.0ms frames=246288 ball=5542 base_poses=90832 invalid=0 station_ok=yes
[INFO] [1787238643.874795831] [a3_receive_input_gateway]: gateway calibrated=yes frame_age=37998.0ms frames=246288 ball=5542 base_poses=90832 invalid=0 station_ok=yes
[INFO] [1787238644.875064687] [a3_receive_input_gateway]: gateway calibrated=yes frame_age=38998.0ms frames=246288 ball=5542 base_poses=90832 invalid=0 station_ok=yes
[INFO] [1787238645.874770606] [a3_receive_input_gateway]: gateway calibrated=yes frame_age=39998.0ms frames=246288 ball=5542 base_poses=90832 invalid=0 station_ok=yes
[INFO] [1787238646.874771010] [a3_receive_input_gateway]: gateway calibrated=yes frame_age=40998.0ms frames=246288 ball=5542 base_poses=90832 invalid=0 station_ok=yes
[INFO] [1787238647.874611208] [a3_receive_input_gateway]: gateway calibrated=yes frame_age=41997.9ms frames=246288 ball=5542 base_poses=90832 invalid=0 station_ok=yes
[INFO] [1787238648.874583973] [a3_receive_input_gateway]: gateway calibrated=yes frame_age=42997.9ms frames=246288 ball=5542 base_poses=90832 invalid=0 station_ok=yes
[INFO] [1787238649.874781791] [a3_receive_input_gateway]: gateway calibrated=yes frame_age=43998.0ms frames=246288 ball=5542 base_poses=90832 invalid=0 station_ok=yes
[INFO] [1787238650.874994949] [a3_receive_input_gateway]: gateway calibrated=yes frame_age=44998.0ms frames=246288 ball=5542 base_poses=90832 invalid=0 station_ok=yes
[INFO] [1787238651.874773709] [a3_receive_input_gateway]: gateway calibrated=yes frame_age=45998.0ms frames=246288 ball=5542 base_poses=90832 invalid=0 station_ok=yes
[INFO] [1787238652.874771786] [a3_receive_input_gateway]: gateway calibrated=yes frame_age=46998.0ms frames=246288 ball=5542 base_poses=90832 invalid=0 station_ok=yes
[INFO] [1787238653.874546740] [a3_receive_input_gateway]: gateway calibrated=yes frame_age=47997.9ms frames=246288 ball=5542 base_poses=90832 invalid=0 station_ok=yes
[INFO] [1787238654.875786691] [a3_receive_input_gateway]: gateway calibrated=yes frame_age=48999.1ms frames=246288 ball=5542 base_poses=90832 invalid=0 station_ok=yes
[INFO] [1787238655.874843208] [a3_receive_input_gateway]: gateway calibrated=yes frame_age=49998.0ms frames=246288 ball=5542 base_poses=90832 invalid=0 station_ok=yes
[INFO] [1787238656.874805049] [a3_receive_input_gateway]: gateway calibrated=yes frame_age=50998.0ms frames=246288 ball=5542 base_poses=90832 invalid=0 station_ok=yes
[INFO] [1787238657.874309313] [a3_receive_input_gateway]: gateway calibrated=yes frame_age=51997.8ms frames=246288 ball=5542 base_poses=90832 invalid=0 station_ok=yes
[INFO] [1787238658.874565894] [a3_receive_input_gateway]: gateway calibrated=yes frame_age=52997.9ms frames=246288 ball=5542 base_poses=90832 invalid=0 station_ok=yes
[INFO] [1787238659.874805328] [a3_receive_input_gateway]: gateway calibrated=yes frame_age=53998.0ms frames=246288 ball=5542 base_poses=90832 invalid=0 station_ok=yes
[INFO] [1787238660.874741055] [a3_receive_input_gateway]: gateway calibrated=yes frame_age=54998.0ms frames=246288 ball=5542 base_poses=90832 invalid=0 station_ok=yes
[INFO] [1787238661.874826231] [a3_receive_input_gateway]: gateway calibrated=yes frame_age=55998.0ms frames=246288 ball=5542 base_poses=90832 invalid=0 station_ok=yes
[INFO] [1787238662.874902367] [a3_receive_input_gateway]: gateway calibrated=yes frame_age=56998.0ms frames=246288 ball=5542 base_poses=90832 invalid=0 station_ok=yes
[INFO] [1787238663.874328036] [a3_receive_input_gateway]: gateway calibrated=yes frame_age=57997.8ms frames=246288 ball=5542 base_poses=90832 invalid=0 station_ok=yes
[INFO] [1787238664.874361221] [a3_receive_input_gateway]: gateway calibrated=yes frame_age=58997.9ms frames=246288 ball=5542 base_poses=90832 invalid=0 station_ok=yes
[INFO] [1787238665.874438945] [a3_receive_input_gateway]: gateway calibrated=yes frame_age=59997.9ms frames=246288 ball=5542 base_poses=90832 invalid=0 station_ok=yes
[INFO] [1787238666.874422929] [a3_receive_input_gateway]: gateway calibrated=yes frame_age=60997.9ms frames=246288 ball=5542 base_poses=90832 invalid=0 station_ok=yes
[INFO] [1787238667.874532462] [a3_receive_input_gateway]: gateway calibrated=yes frame_age=61997.9ms frames=246288 ball=5542 base_poses=90832 invalid=0 station_ok=yes
[INFO] [1787238668.874683359] [a3_receive_input_gateway]: gateway calibrated=yes frame_age=62998.0ms frames=246288 ball=5542 base_poses=90832 invalid=0 station_ok=yes
[INFO] [1787238669.874760486] [a3_receive_input_gateway]: gateway calibrated=yes frame_age=63998.0ms frames=246288 ball=5542 base_poses=90832 invalid=0 station_ok=yes
[INFO] [1787238670.874499713] [a3_receive_input_gateway]: gateway calibrated=yes frame_age=64997.9ms frames=246288 ball=5542 base_poses=90832 invalid=0 station_ok=yes
[INFO] [1787238671.874760129] [a3_receive_input_gateway]: gateway calibrated=yes frame_age=65998.1ms frames=246288 ball=5542 base_poses=90832 invalid=0 station_ok=yes
[INFO] [1787238672.874630871] [a3_receive_input_gateway]: gateway calibrated=yes frame_age=66997.9ms frames=246288 ball=5542 base_poses=90832 invalid=0 station_ok=yes
[INFO] [1787238673.874581588] [a3_receive_input_gateway]: gateway calibrated=yes frame_age=67997.9ms frames=246288 ball=5542 base_poses=90832 invalid=0 station_ok=yes
[INFO] [1787238674.874582024] [a3_receive_input_gateway]: gateway calibrated=yes frame_age=68997.9ms frames=246288 ball=5542 base_poses=90832 invalid=0 station_ok=yes
[INFO] [1787238675.874573667] [a3_receive_input_gateway]: gateway calibrated=yes frame_age=69997.9ms frames=246288 ball=5542 base_poses=90832 invalid=0 station_ok=yes
[INFO] [1787238676.874585397] [a3_receive_input_gateway]: gateway calibrated=yes frame_age=70997.9ms frames=246288 ball=5542 base_poses=90832 invalid=0 station_ok=yes
[INFO] [1787238677.874555593] [a3_receive_input_gateway]: gateway calibrated=yes frame_age=71997.9ms frames=246288 ball=5542 base_poses=90832 invalid=0 station_ok=yes
[INFO] [1787238678.874588653] [a3_receive_input_gateway]: gateway calibrated=yes frame_age=72997.9ms frames=246288 ball=5542 base_poses=90832 invalid=0 station_ok=yes
[INFO] [1787238679.874792403] [a3_receive_input_gateway]: gateway calibrated=yes frame_age=73998.0ms frames=246288 ball=5542 base_poses=90832 invalid=0 station_ok=yes
[INFO] [1787238680.874301440] [a3_receive_input_gateway]: gateway calibrated=yes frame_age=74997.8ms frames=246288 ball=5542 base_poses=90832 invalid=0 station_ok=yes
[INFO] [1787238681.874431545] [a3_receive_input_gateway]: gateway calibrated=yes frame_age=75997.8ms frames=246288 ball=5542 base_poses=90832 invalid=0 station_ok=yes
[INFO] [1787238682.874522992] [a3_receive_input_gateway]: gateway calibrated=yes frame_age=76997.9ms frames=246288 ball=5542 base_poses=90832 invalid=0 station_ok=yes
[INFO] [1787238683.874506284] [a3_receive_input_gateway]: gateway calibrated=yes frame_age=77997.9ms frames=246288 ball=5542 base_poses=90832 invalid=0 station_ok=yes
[INFO] [1787238684.874585058] [a3_receive_input_gateway]: gateway calibrated=yes frame_age=78997.9ms frames=246288 ball=5542 base_poses=90832 invalid=0 station_ok=yes
[INFO] [1787238685.874321460] [a3_receive_input_gateway]: gateway calibrated=yes frame_age=79997.8ms frames=246288 ball=5542 base_poses=90832 invalid=0 station_ok=yes
[INFO] [1787238686.874522942] [a3_receive_input_gateway]: gateway calibrated=yes frame_age=80997.9ms frames=246288 ball=5542 base_poses=90832 invalid=0 station_ok=yes
[INFO] [1787238687.874325049] [a3_receive_input_gateway]: gateway calibrated=yes frame_age=81997.8ms frames=246288 ball=5542 base_poses=90832 invalid=0 station_ok=yes
[INFO] [1787238688.874365297] [a3_receive_input_gateway]: gateway calibrated=yes frame_age=82997.8ms frames=246288 ball=5542 base_poses=90832 invalid=0 station_ok=yes
[INFO] [1787238689.874809400] [a3_receive_input_gateway]: gateway calibrated=yes frame_age=83998.0ms frames=246288 ball=5542 base_poses=90832 invalid=0 station_ok=yes
[INFO] [1787238690.874795901] [a3_receive_input_gateway]: gateway calibrated=yes frame_age=84998.0ms frames=246288 ball=5542 base_poses=90832 invalid=0 station_ok=yes
[INFO] [1787238691.874919589] [a3_receive_input_gateway]: gateway calibrated=yes frame_age=85998.2ms frames=246288 ball=5542 base_poses=90832 invalid=0 station_ok=yes
[INFO] [1787238692.874454124] [a3_receive_input_gateway]: gateway calibrated=yes frame_age=86997.9ms frames=246288 ball=5542 base_poses=90832 invalid=0 station_ok=yes
[INFO] [1787238693.874555015] [a3_receive_input_gateway]: gateway calibrated=yes frame_age=87997.9ms frames=246288 ball=5542 base_poses=90832 invalid=0 station_ok=yes
[INFO] [1787238694.874541383] [a3_receive_input_gateway]: gateway calibrated=yes frame_age=88997.9ms frames=246288 ball=5542 base_poses=90832 invalid=0 station_ok=yes
[INFO] [1787238695.875627659] [a3_receive_input_gateway]: gateway calibrated=yes frame_age=89997.8ms frames=246288 ball=5542 base_poses=90832 invalid=0 station_ok=yes
[INFO] [1787238696.874359521] [a3_receive_input_gateway]: gateway calibrated=yes frame_age=90997.9ms frames=246288 ball=5542 base_poses=90832 invalid=0 station_ok=yes
[INFO] [1787238697.874301734] [a3_receive_input_gateway]: gateway calibrated=yes frame_age=91997.8ms frames=246288 ball=5542 base_poses=90832 invalid=0 station_ok=yes
[INFO] [1787238698.874441863] [a3_receive_input_gateway]: gateway calibrated=yes frame_age=92997.9ms frames=246288 ball=5542 base_poses=90832 invalid=0 station_ok=yes
[INFO] [1787238699.874380452] [a3_receive_input_gateway]: gateway calibrated=yes frame_age=93997.9ms frames=246288 ball=5542 base_poses=90832 invalid=0 station_ok=yes
[INFO] [1787238700.874807194] [a3_receive_input_gateway]: gateway calibrated=yes frame_age=94998.2ms frames=246288 ball=5542 base_poses=90832 invalid=0 station_ok=yes
[INFO] [1787238701.874361806] [a3_receive_input_gateway]: gateway calibrated=yes frame_age=95997.8ms frames=246288 ball=5542 base_poses=90832 invalid=0 station_ok=yes
[INFO] [1787238702.874610545] [a3_receive_input_gateway]: gateway calibrated=yes frame_age=96997.9ms frames=246288 ball=5542 base_poses=90832 invalid=0 station_ok=yes
[INFO] [1787238703.874321209] [a3_receive_input_gateway]: gateway calibrated=yes frame_age=97997.8ms frames=246288 ball=5542 base_poses=90832 invalid=0 station_ok=yes
[INFO] [1787238704.874523787] [a3_receive_input_gateway]: gateway calibrated=yes frame_age=98997.9ms frames=246288 ball=5542 base_poses=90832 invalid=0 station_ok=yes
[INFO] [1787238705.874297726] [a3_receive_input_gateway]: gateway calibrated=yes frame_age=99997.8ms frames=246288 ball=5542 base_poses=90832 invalid=0 station_ok=yes
[INFO] [1787238706.874325550] [a3_receive_input_gateway]: gateway calibrated=yes frame_age=100997.8ms frames=246288 ball=5542 base_poses=90832 invalid=0 station_ok=yes
[INFO] [1787238707.874453341] [a3_receive_input_gateway]: gateway calibrated=yes frame_age=101997.8ms frames=246288 ball=5542 base_poses=90832 invalid=0 station_ok=yes
[INFO] [1787238708.874473801] [a3_receive_input_gateway]: gateway calibrated=yes frame_age=102997.9ms frames=246288 ball=5542 base_poses=90832 invalid=0 station_ok=yes
[INFO] [1787238709.874503914] [a3_receive_input_gateway]: gateway calibrated=yes frame_age=103997.9ms frames=246288 ball=5542 base_poses=90832 invalid=0 station_ok=yes
[INFO] [1787238710.874426388] [a3_receive_input_gateway]: gateway calibrated=yes frame_age=104997.8ms frames=246288 ball=5542 base_poses=90832 invalid=0 station_ok=yes
[INFO] [1787238711.874351906] [a3_receive_input_gateway]: gateway calibrated=yes frame_age=105997.9ms frames=246288 ball=5542 base_poses=90832 invalid=0 station_ok=yes
[INFO] [1787238712.874435696] [a3_receive_input_gateway]: gateway calibrated=yes frame_age=106997.9ms frames=246288 ball=5542 base_poses=90832 invalid=0 station_ok=yes
[INFO] [1787238713.874368458] [a3_receive_input_gateway]: gateway calibrated=yes frame_age=107997.9ms frames=246288 ball=5542 base_poses=90832 invalid=0 station_ok=yes
[INFO] [1787238714.874294261] [a3_receive_input_gateway]: gateway calibrated=yes frame_age=108997.8ms frames=246288 ball=5542 base_poses=90832 invalid=0 station_ok=yes
[INFO] [1787238715.874455294] [a3_receive_input_gateway]: gateway calibrated=yes frame_age=109997.9ms frames=246288 ball=5542 base_poses=90832 invalid=0 station_ok=yes
[INFO] [1787238716.874510062] [a3_receive_input_gateway]: gateway calibrated=yes frame_age=110997.9ms frames=246288 ball=5542 base_poses=90832 invalid=0 station_ok=yes
[INFO] [1787238717.874594094] [a3_receive_input_gateway]: gateway calibrated=yes frame_age=111997.9ms frames=246288 ball=5542 base_poses=90832 invalid=0 station_ok=yes
[INFO] [1787238718.874325830] [a3_receive_input_gateway]: gateway calibrated=yes frame_age=112997.8ms frames=246288 ball=5542 base_poses=90832 invalid=0 station_ok=yes
[INFO] [1787238719.874282868] [a3_receive_input_gateway]: gateway calibrated=yes frame_age=113997.8ms frames=246288 ball=5542 base_poses=90832 invalid=0 station_ok=yes
[INFO] [1787238720.874301208] [a3_receive_input_gateway]: gateway calibrated=yes frame_age=114997.8ms frames=246288 ball=5542 base_poses=90832 invalid=0 station_ok=yes
[INFO] [1787238721.874491550] [a3_receive_input_gateway]: gateway calibrated=yes frame_age=115997.9ms frames=246288 ball=5542 base_poses=90832 invalid=0 station_ok=yes
[INFO] [1787238722.874402649] [a3_receive_input_gateway]: gateway calibrated=yes frame_age=116997.8ms frames=246288 ball=5542 base_poses=90832 invalid=0 station_ok=yes
[INFO] [1787238723.874429464] [a3_receive_input_gateway]: gateway calibrated=yes frame_age=117997.8ms frames=246288 ball=5542 base_poses=90832 invalid=0 station_ok=yes
[INFO] [1787238724.874708711] [a3_receive_input_gateway]: gateway calibrated=yes frame_age=118998.2ms frames=246288 ball=5542 base_poses=90832 invalid=0 station_ok=yes
[INFO] [1787238725.874479473] [a3_receive_input_gateway]: gateway calibrated=yes frame_age=120405.5ms frames=246288 ball=5542 base_poses=90832 invalid=0 station_ok=yes
[INFO] [1787238726.874375267] [a3_receive_input_gateway]: gateway calibrated=yes frame_age=121405.5ms frames=246288 ball=5542 base_poses=90832 invalid=0 station_ok=yes
[INFO] [1787238727.874782961] [a3_receive_input_gateway]: gateway calibrated=yes frame_age=122405.7ms frames=246288 ball=5542 base_poses=90832 invalid=0 station_ok=yes
[INFO] [1787238728.874388114] [a3_receive_input_gateway]: gateway calibrated=yes frame_age=123405.6ms frames=246288 ball=5542 base_poses=90832 invalid=0 station_ok=yes
[INFO] [1787238729.874905041] [a3_receive_input_gateway]: gateway calibrated=yes frame_age=124405.5ms frames=246288 ball=5542 base_poses=90832 invalid=0 station_ok=yes
[INFO] [1787238730.874359122] [a3_receive_input_gateway]: gateway calibrated=yes frame_age=125405.5ms frames=246288 ball=5542 base_poses=90832 invalid=0 station_ok=yes
[INFO] [1787238731.874699893] [a3_receive_input_gateway]: gateway calibrated=yes frame_age=126405.6ms frames=246288 ball=5542 base_poses=90832 invalid=0 station_ok=yes
[INFO] [1787238732.874774378] [a3_receive_input_gateway]: gateway calibrated=yes frame_age=127405.7ms frames=246288 ball=5542 base_poses=90832 invalid=0 station_ok=yes
[INFO] [1787238733.874321473] [a3_receive_input_gateway]: gateway calibrated=yes frame_age=128405.5ms frames=246288 ball=5542 base_poses=90832 invalid=0 station_ok=yes
[INFO] [1787238734.874630818] [a3_receive_input_gateway]: gateway calibrated=yes frame_age=129405.6ms frames=246288 ball=5542 base_poses=90832 invalid=0 station_ok=yes
[INFO] [1787238735.874348274] [a3_receive_input_gateway]: gateway calibrated=yes frame_age=130405.5ms frames=246288 ball=5542 base_poses=90832 invalid=0 station_ok=yes
[INFO] [1787238736.874522659] [a3_receive_input_gateway]: gateway calibrated=yes frame_age=131405.5ms frames=246288 ball=5542 base_poses=90832 invalid=0 station_ok=yes
[INFO] [1787238737.874538880] [a3_receive_input_gateway]: gateway calibrated=yes frame_age=132405.6ms frames=246288 ball=5542 base_poses=90832 invalid=0 station_ok=yes
[INFO] [1787238738.874369003] [a3_receive_input_gateway]: gateway calibrated=yes frame_age=133405.5ms frames=246288 ball=5542 base_poses=90832 invalid=0 station_ok=yes
[INFO] [1787238739.874523573] [a3_receive_input_gateway]: gateway calibrated=yes frame_age=134405.5ms frames=246288 ball=5542 base_poses=90832 invalid=0 station_ok=yes
[INFO] [1787238740.874561739] [a3_receive_input_gateway]: gateway calibrated=yes frame_age=135405.6ms frames=246288 ball=5542 base_poses=90832 invalid=0 station_ok=yes
[INFO] [1787238741.874538021] [a3_receive_input_gateway]: gateway calibrated=yes frame_age=136405.5ms frames=246288 ball=5542 base_poses=90832 invalid=0 station_ok=yes
[INFO] [1787238742.874512798] [a3_receive_input_gateway]: gateway calibrated=yes frame_age=137405.6ms frames=246288 ball=5542 base_poses=90832 invalid=0 station_ok=yes
[INFO] [1787238743.874371828] [a3_receive_input_gateway]: gateway calibrated=yes frame_age=138405.5ms frames=246288 ball=5542 base_poses=90832 invalid=0 station_ok=yes
[INFO] [1787238744.874559253] [a3_receive_input_gateway]: gateway calibrated=yes frame_age=139405.6ms frames=246288 ball=5542 base_poses=90832 invalid=0 station_ok=yes
[INFO] [1787238745.874475248] [a3_receive_input_gateway]: gateway calibrated=yes frame_age=140405.6ms frames=246288 ball=5542 base_poses=90832 invalid=0 station_ok=yes
[INFO] [1787238746.874310922] [a3_receive_input_gateway]: gateway calibrated=yes frame_age=141405.5ms frames=246288 ball=5542 base_poses=90832 invalid=0 station_ok=yes
[INFO] [1787238747.874405121] [a3_receive_input_gateway]: gateway calibrated=yes frame_age=142405.5ms frames=246288 ball=5542 base_poses=90832 invalid=0 station_ok=yes
[INFO] [1787238748.874803312] [a3_receive_input_gateway]: gateway calibrated=yes frame_age=143405.7ms frames=246288 ball=5542 base_poses=90832 invalid=0 station_ok=yes
[INFO] [1787238749.874566242] [a3_receive_input_gateway]: gateway calibrated=yes frame_age=144405.5ms frames=246288 ball=5542 base_poses=90832 invalid=0 station_ok=yes
[INFO] [1787238750.874557690] [a3_receive_input_gateway]: gateway calibrated=yes frame_age=145405.5ms frames=246288 ball=5542 base_poses=90832 invalid=0 station_ok=yes
[INFO] [1787238751.874539070] [a3_receive_input_gateway]: gateway calibrated=yes frame_age=146405.6ms frames=246288 ball=5542 base_poses=90832 invalid=0 station_ok=yes
[INFO] [1787238752.874646016] [a3_receive_input_gateway]: gateway calibrated=yes frame_age=147405.6ms frames=246288 ball=5542 base_poses=90832 invalid=0 station_ok=yes
[INFO] [1787238753.874562859] [a3_receive_input_gateway]: gateway calibrated=yes frame_age=148405.6ms frames=246288 ball=5542 base_poses=90832 invalid=0 station_ok=yes
[INFO] [1787238754.874606937] [a3_receive_input_gateway]: gateway calibrated=yes frame_age=149405.6ms frames=246288 ball=5542 base_poses=90832 invalid=0 station_ok=yes
[INFO] [1787238755.874522726] [a3_receive_input_gateway]: gateway calibrated=yes frame_age=150405.6ms frames=246288 ball=5542 base_poses=90832 invalid=0 station_ok=yes
[INFO] [1787238756.874685936] [a3_receive_input_gateway]: gateway calibrated=yes frame_age=151405.7ms frames=246288 ball=5542 base_poses=90832 invalid=0 station_ok=yes
[INFO] [1787238757.874294879] [a3_receive_input_gateway]: gateway calibrated=yes frame_age=152405.5ms frames=246288 ball=5542 base_poses=90832 invalid=0 station_ok=yes
[INFO] [1787238758.874539128] [a3_receive_input_gateway]: gateway calibrated=yes frame_age=153405.6ms frames=246288 ball=5542 base_poses=90832 invalid=0 station_ok=yes
[INFO] [1787238759.874525459] [a3_receive_input_gateway]: gateway calibrated=yes frame_age=154405.5ms frames=246288 ball=5542 base_poses=90832 invalid=0 station_ok=yes
[INFO] [1787238760.874588240] [a3_receive_input_gateway]: gateway calibrated=yes frame_age=155405.6ms frames=246288 ball=5542 base_poses=90832 invalid=0 station_ok=yes
[INFO] [1787238761.874595366] [a3_receive_input_gateway]: gateway calibrated=yes frame_age=156405.6ms frames=246288 ball=5542 base_poses=90832 invalid=0 station_ok=yes
[INFO] [1787238762.874523951] [a3_receive_input_gateway]: gateway calibrated=yes frame_age=157405.5ms frames=246288 ball=5542 base_poses=90832 invalid=0 station_ok=yes
[INFO] [1787238763.874553966] [a3_receive_input_gateway]: gateway calibrated=yes frame_age=158405.5ms frames=246288 ball=5542 base_poses=90832 invalid=0 station_ok=yes
[INFO] [1787238764.874646492] [a3_receive_input_gateway]: gateway calibrated=yes frame_age=159405.6ms frames=246288 ball=5542 base_poses=90832 invalid=0 station_ok=yes
[INFO] [1787238765.874915188] [a3_receive_input_gateway]: gateway calibrated=yes frame_age=160405.9ms frames=246288 ball=5542 base_poses=90832 invalid=0 station_ok=yes
[INFO] [1787238766.874909364] [a3_receive_input_gateway]: gateway calibrated=yes frame_age=161405.8ms frames=246288 ball=5542 base_poses=90832 invalid=0 station_ok=yes
[INFO] [1787238767.874900806] [a3_receive_input_gateway]: gateway calibrated=yes frame_age=162405.8ms frames=246288 ball=5542 base_poses=90832 invalid=0 station_ok=yes
[INFO] [1787238768.874761862] [a3_receive_input_gateway]: gateway calibrated=yes frame_age=163405.7ms frames=246288 ball=5542 base_poses=90832 invalid=0 station_ok=yes
[INFO] [1787238769.874728171] [a3_receive_input_gateway]: gateway calibrated=yes frame_age=164405.7ms frames=246288 ball=5542 base_poses=90832 invalid=0 station_ok=yes
[INFO] [1787238770.874529775] [a3_receive_input_gateway]: gateway calibrated=yes frame_age=165405.6ms frames=246288 ball=5542 base_poses=90832 invalid=0 station_ok=yes
[INFO] [1787238771.874798991] [a3_receive_input_gateway]: gateway calibrated=yes frame_age=166405.7ms frames=246288 ball=5542 base_poses=90832 invalid=0 station_ok=yes
[INFO] [1787238772.874587432] [a3_receive_input_gateway]: gateway calibrated=yes frame_age=167405.6ms frames=246288 ball=5542 base_poses=90832 invalid=0 station_ok=yes
[INFO] [1787238773.874705602] [a3_receive_input_gateway]: gateway calibrated=yes frame_age=168405.6ms frames=246288 ball=5542 base_poses=90832 invalid=0 station_ok=yes
[INFO] [1787238774.874747617] [a3_receive_input_gateway]: gateway calibrated=yes frame_age=169405.7ms frames=246288 ball=5542 base_poses=90832 invalid=0 station_ok=yes
[INFO] [1787238775.874725128] [a3_receive_input_gateway]: gateway calibrated=yes frame_age=170405.7ms frames=246288 ball=5542 base_poses=90832 invalid=0 station_ok=yes
[INFO] [1787238776.874896157] [a3_receive_input_gateway]: gateway calibrated=yes frame_age=171405.7ms frames=246288 ball=5542 base_poses=90832 invalid=0 station_ok=yes
[INFO] [1787238777.874452901] [a3_receive_input_gateway]: gateway calibrated=yes frame_age=172405.6ms frames=246288 ball=5542 base_poses=90832 invalid=0 station_ok=yes
[INFO] [1787238778.874753697] [a3_receive_input_gateway]: gateway calibrated=yes frame_age=173405.6ms frames=246288 ball=5542 base_poses=90832 invalid=0 station_ok=yes
[INFO] [1787238779.874600370] [a3_receive_input_gateway]: gateway calibrated=yes frame_age=174405.7ms frames=246288 ball=5542 base_poses=90832 invalid=0 station_ok=yes
[INFO] [1787238780.874743187] [a3_receive_input_gateway]: gateway calibrated=yes frame_age=175405.7ms frames=246288 ball=5542 base_poses=90832 invalid=0 station_ok=yes
[INFO] [1787238781.874604102] [a3_receive_input_gateway]: gateway calibrated=yes frame_age=176405.6ms frames=246288 ball=5542 base_poses=90832 invalid=0 station_ok=yes
[INFO] [1787238782.874614677] [a3_receive_input_gateway]: gateway calibrated=yes frame_age=177405.6ms frames=246288 ball=5542 base_poses=90832 invalid=0 station_ok=yes
[INFO] [1787238783.874715691] [a3_receive_input_gateway]: gateway calibrated=yes frame_age=178405.7ms frames=246288 ball=5542 base_poses=90832 invalid=0 station_ok=yes
[INFO] [1787238784.874725868] [a3_receive_input_gateway]: gateway calibrated=yes frame_age=179405.6ms frames=246288 ball=5542 base_poses=90832 invalid=0 station_ok=yes
[INFO] [1787238785.874502892] [a3_receive_input_gateway]: gateway calibrated=yes frame_age=180405.5ms frames=246288 ball=5542 base_poses=90832 invalid=0 station_ok=yes
[INFO] [1787238786.874792739] [a3_receive_input_gateway]: gateway calibrated=yes frame_age=181405.7ms frames=246288 ball=5542 base_poses=90832 invalid=0 station_ok=yes
[INFO] [1787238787.874734635] [a3_receive_input_gateway]: gateway calibrated=yes frame_age=182405.6ms frames=246288 ball=5542 base_poses=90832 invalid=0 station_ok=yes
[INFO] [1787238788.874588758] [a3_receive_input_gateway]: gateway calibrated=yes frame_age=183405.6ms frames=246288 ball=5542 base_poses=90832 invalid=0 station_ok=yes
[INFO] [1787238789.874731956] [a3_receive_input_gateway]: gateway calibrated=yes frame_age=184405.6ms frames=246288 ball=5542 base_poses=90832 invalid=0 station_ok=yes
[INFO] [1787238790.874611298] [a3_receive_input_gateway]: gateway calibrated=yes frame_age=185405.6ms frames=246288 ball=5542 base_poses=90832 invalid=0 station_ok=yes
[INFO] [1787238791.874641238] [a3_receive_input_gateway]: gateway calibrated=yes frame_age=186405.6ms frames=246288 ball=5542 base_poses=90832 invalid=0 station_ok=yes
[INFO] [1787238792.874676939] [a3_receive_input_gateway]: gateway calibrated=yes frame_age=187405.6ms frames=246288 ball=5542 base_poses=90832 invalid=0 station_ok=yes
[INFO] [1787238793.874655421] [a3_receive_input_gateway]: gateway calibrated=yes frame_age=188405.6ms frames=246288 ball=5542 base_poses=90832 invalid=0 station_ok=yes
[INFO] [1787238794.874853254] [a3_receive_input_gateway]: gateway calibrated=yes frame_age=189405.8ms frames=246288 ball=5542 base_poses=90832 invalid=0 station_ok=yes
[INFO] [1787238795.874691316] [a3_receive_input_gateway]: gateway calibrated=yes frame_age=190405.6ms frames=246288 ball=5542 base_poses=90832 invalid=0 station_ok=yes
[INFO] [1787238796.874661903] [a3_receive_input_gateway]: gateway calibrated=yes frame_age=191405.6ms frames=246288 ball=5542 base_poses=90832 invalid=0 station_ok=yes
[INFO] [1787238797.874568151] [a3_receive_input_gateway]: gateway calibrated=yes frame_age=192405.6ms frames=246288 ball=5542 base_poses=90832 invalid=0 station_ok=yes
[INFO] [1787238798.874811055] [a3_receive_input_gateway]: gateway calibrated=yes frame_age=193405.7ms frames=246288 ball=5542 base_poses=90832 invalid=0 station_ok=yes
[INFO] [1787238799.874625235] [a3_receive_input_gateway]: gateway calibrated=yes frame_age=194405.6ms frames=246288 ball=5542 base_poses=90832 invalid=0 station_ok=yes
[INFO] [1787238800.874561151] [a3_receive_input_gateway]: gateway calibrated=yes frame_age=195405.5ms frames=246288 ball=5542 base_poses=90832 invalid=0 station_ok=yes
[INFO] [1787238801.874501469] [a3_receive_input_gateway]: gateway calibrated=yes frame_age=196405.5ms frames=246288 ball=5542 base_poses=90832 invalid=0 station_ok=yes
[INFO] [1787238802.874608302] [a3_receive_input_gateway]: gateway calibrated=yes frame_age=197405.6ms frames=246288 ball=5542 base_poses=90832 invalid=0 station_ok=yes
[INFO] [1787238803.874357833] [a3_receive_input_gateway]: gateway calibrated=yes frame_age=198405.5ms frames=246288 ball=5542 base_poses=90832 invalid=0 station_ok=yes
[INFO] [1787238804.874352344] [a3_receive_input_gateway]: gateway calibrated=yes frame_age=199405.5ms frames=246288 ball=5542 base_poses=90832 invalid=0 station_ok=yes
[INFO] [1787238805.874400037] [a3_receive_input_gateway]: gateway calibrated=yes frame_age=200405.6ms frames=246288 ball=5542 base_poses=90832 invalid=0 station_ok=yes
[INFO] [1787238806.874311321] [a3_receive_input_gateway]: gateway calibrated=yes frame_age=201405.5ms frames=246288 ball=5542 base_poses=90832 invalid=0 station_ok=yes
[INFO] [1787238807.874488933] [a3_receive_input_gateway]: gateway calibrated=yes frame_age=202405.6ms frames=246288 ball=5542 base_poses=90832 invalid=0 station_ok=yes
[INFO] [1787238808.874423243] [a3_receive_input_gateway]: gateway calibrated=yes frame_age=203405.5ms frames=246288 ball=5542 base_poses=90832 invalid=0 station_ok=yes
[INFO] [1787238809.874374358] [a3_receive_input_gateway]: gateway calibrated=yes frame_age=204405.5ms frames=246288 ball=5542 base_poses=90832 invalid=0 station_ok=yes
[INFO] [1787238810.874318439] [a3_receive_input_gateway]: gateway calibrated=yes frame_age=205405.5ms frames=246288 ball=5542 base_poses=90832 invalid=0 station_ok=yes
[INFO] [1787238811.874751135] [a3_receive_input_gateway]: gateway calibrated=yes frame_age=206405.8ms frames=246288 ball=5542 base_poses=90832 invalid=0 station_ok=yes
[INFO] [1787238812.874302105] [a3_receive_input_gateway]: gateway calibrated=yes frame_age=207405.5ms frames=246288 ball=5542 base_poses=90832 invalid=0 station_ok=yes
[INFO] [1787238813.874515801] [a3_receive_input_gateway]: gateway calibrated=yes frame_age=208405.5ms frames=246288 ball=5542 base_poses=90832 invalid=0 station_ok=yes
[INFO] [1787238814.874301001] [a3_receive_input_gateway]: gateway calibrated=yes frame_age=209405.5ms frames=246288 ball=5542 base_poses=90832 invalid=0 station_ok=yes
[INFO] [1787238815.874310834] [a3_receive_input_gateway]: gateway calibrated=yes frame_age=210405.5ms frames=246288 ball=5542 base_poses=90832 invalid=0 station_ok=yes
[INFO] [1787238816.874342541] [a3_receive_input_gateway]: gateway calibrated=yes frame_age=211405.5ms frames=246288 ball=5542 base_poses=90832 invalid=0 station_ok=yes
[INFO] [1787238817.874350003] [a3_receive_input_gateway]: gateway calibrated=yes frame_age=212405.5ms frames=246288 ball=5542 base_poses=90832 invalid=0 station_ok=yes
[INFO] [1787238818.874411891] [a3_receive_input_gateway]: gateway calibrated=yes frame_age=213405.5ms frames=246288 ball=5542 base_poses=90832 invalid=0 station_ok=yes
[INFO] [1787238819.874328046] [a3_receive_input_gateway]: gateway calibrated=yes frame_age=214405.5ms frames=246288 ball=5542 base_poses=90832 invalid=0 station_ok=yes
[INFO] [1787238820.874399935] [a3_receive_input_gateway]: gateway calibrated=yes frame_age=215405.5ms frames=246288 ball=5542 base_poses=90832 invalid=0 station_ok=yes
[INFO] [1787238821.874314299] [a3_receive_input_gateway]: gateway calibrated=yes frame_age=216405.5ms frames=246288 ball=5542 base_poses=90832 invalid=0 station_ok=yes
[INFO] [1787238822.874352942] [a3_receive_input_gateway]: gateway calibrated=yes frame_age=217405.5ms frames=246288 ball=5542 base_poses=90832 invalid=0 station_ok=yes
[INFO] [1787238823.874312321] [a3_receive_input_gateway]: gateway calibrated=yes frame_age=218405.5ms frames=246288 ball=5542 base_poses=90832 invalid=0 station_ok=yes
[INFO] [1787238824.874513987] [a3_receive_input_gateway]: gateway calibrated=yes frame_age=219405.5ms frames=246288 ball=5542 base_poses=90832 invalid=0 station_ok=yes
[INFO] [1787238825.874330305] [a3_receive_input_gateway]: gateway calibrated=yes frame_age=220405.5ms frames=246288 ball=5542 base_poses=90832 invalid=0 station_ok=yes
[INFO] [1787238826.874292096] [a3_receive_input_gateway]: gateway calibrated=yes frame_age=221405.5ms frames=246288 ball=5542 base_poses=90832 invalid=0 station_ok=yes
[INFO] [1787238827.874291111] [a3_receive_input_gateway]: gateway calibrated=yes frame_age=222405.5ms frames=246288 ball=5542 base_poses=90832 invalid=0 station_ok=yes
[INFO] [1787238828.874337656] [a3_receive_input_gateway]: gateway calibrated=yes frame_age=223405.5ms frames=246288 ball=5542 base_poses=90832 invalid=0 station_ok=yes
[INFO] [1787238829.874304706] [a3_receive_input_gateway]: gateway calibrated=yes frame_age=224405.5ms frames=246288 ball=5542 base_poses=90832 invalid=0 station_ok=yes
[INFO] [1787238830.874413177] [a3_receive_input_gateway]: gateway calibrated=yes frame_age=225405.6ms frames=246288 ball=5542 base_poses=90832 invalid=0 station_ok=yes
[INFO] [1787238832.365429899] [a3_receive_input_gateway]: gateway calibrated=yes frame_age=226405.5ms frames=246288 ball=5542 base_poses=90832 invalid=0 station_ok=yes
[INFO] [1787238832.874606801] [a3_receive_input_gateway]: gateway calibrated=yes frame_age=226914.6ms frames=246288 ball=5542 base_poses=90832 invalid=0 station_ok=yes
[INFO] [1787238833.874677183] [a3_receive_input_gateway]: gateway calibrated=yes frame_age=227914.6ms frames=246288 ball=5542 base_poses=90832 invalid=0 station_ok=yes
[INFO] [1787238834.874586763] [a3_receive_input_gateway]: gateway calibrated=yes frame_age=228914.5ms frames=246288 ball=5542 base_poses=90832 invalid=0 station_ok=yes
[INFO] [1787238835.874668406] [a3_receive_input_gateway]: gateway calibrated=yes frame_age=229914.6ms frames=246288 ball=5542 base_poses=90832 invalid=0 station_ok=yes
[INFO] [1787238836.874542448] [a3_receive_input_gateway]: gateway calibrated=yes frame_age=230914.5ms frames=246288 ball=5542 base_poses=90832 invalid=0 station_ok=yes
[INFO] [1787238837.874579106] [a3_receive_input_gateway]: gateway calibrated=yes frame_age=231914.6ms frames=246288 ball=5542 base_poses=90832 invalid=0 station_ok=yes
[INFO] [1787238838.874388731] [a3_receive_input_gateway]: gateway calibrated=yes frame_age=232914.4ms frames=246288 ball=5542 base_poses=90832 invalid=0 station_ok=yes
[INFO] [1787238839.874296873] [a3_receive_input_gateway]: gateway calibrated=yes frame_age=233914.4ms frames=246288 ball=5542 base_poses=90832 invalid=0 station_ok=yes
[INFO] [1787238840.874318081] [a3_receive_input_gateway]: gateway calibrated=yes frame_age=234914.4ms frames=246288 ball=5542 base_poses=90832 invalid=0 station_ok=yes
[INFO] [1787238841.874392280] [a3_receive_input_gateway]: gateway calibrated=yes frame_age=235914.5ms frames=246288 ball=5542 base_poses=90832 invalid=0 station_ok=yes
[INFO] [1787238842.874345160] [a3_receive_input_gateway]: gateway calibrated=yes frame_age=236914.5ms frames=246288 ball=5542 base_poses=90832 invalid=0 station_ok=yes
[INFO] [1787238843.874671145] [a3_receive_input_gateway]: gateway calibrated=yes frame_age=237914.6ms frames=246288 ball=5542 base_poses=90832 invalid=0 station_ok=yes
[INFO] [1787238844.874669949] [a3_receive_input_gateway]: gateway calibrated=yes frame_age=238914.6ms frames=246288 ball=5542 base_poses=90832 invalid=0 station_ok=yes
[INFO] [1787238845.874362289] [a3_receive_input_gateway]: gateway calibrated=yes frame_age=239914.5ms frames=246288 ball=5542 base_poses=90832 invalid=0 station_ok=yes
[INFO] [1787238846.874599479] [a3_receive_input_gateway]: gateway calibrated=yes frame_age=240914.6ms frames=246288 ball=5542 base_poses=90832 invalid=0 station_ok=yes
[INFO] [1787238847.874615286] [a3_receive_input_gateway]: gateway calibrated=yes frame_age=241914.5ms frames=246288 ball=5542 base_poses=90832 invalid=0 station_ok=yes
[INFO] [1787238848.874661755] [a3_receive_input_gateway]: gateway calibrated=yes frame_age=242914.6ms frames=246288 ball=5542 base_poses=90832 invalid=0 station_ok=yes
[INFO] [1787238849.874558662] [a3_receive_input_gateway]: gateway calibrated=yes frame_age=243914.5ms frames=246288 ball=5542 base_poses=90832 invalid=0 station_ok=yes
[INFO] [1787238850.874553095] [a3_receive_input_gateway]: gateway calibrated=yes frame_age=244914.5ms frames=246288 ball=5542 base_poses=90832 invalid=0 station_ok=yes
[INFO] [1787238851.874562028] [a3_receive_input_gateway]: gateway calibrated=yes frame_age=245914.5ms frames=246288 ball=5542 base_poses=90832 invalid=0 station_ok=yes
[INFO] [1787238852.874547469] [a3_receive_input_gateway]: gateway calibrated=yes frame_age=246914.5ms frames=246288 ball=5542 base_poses=90832 invalid=0 station_ok=yes
[INFO] [1787238853.874589566] [a3_receive_input_gateway]: gateway calibrated=yes frame_age=247914.5ms frames=246288 ball=5542 base_poses=90832 invalid=0 station_ok=yes
[INFO] [1787238854.874477261] [a3_receive_input_gateway]: gateway calibrated=yes frame_age=248914.5ms frames=246288 ball=5542 base_poses=90832 invalid=0 station_ok=yes
[INFO] [1787238855.874674136] [a3_receive_input_gateway]: gateway calibrated=yes frame_age=249914.6ms frames=246288 ball=5542 base_poses=90832 invalid=0 station_ok=yes
[INFO] [1787238856.874645409] [a3_receive_input_gateway]: gateway calibrated=yes frame_age=250914.6ms frames=246288 ball=5542 base_poses=90832 invalid=0 station_ok=yes
[INFO] [1787238857.874566226] [a3_receive_input_gateway]: gateway calibrated=yes frame_age=251914.5ms frames=246288 ball=5542 base_poses=90832 invalid=0 station_ok=yes
[INFO] [1787238858.874342420] [a3_receive_input_gateway]: gateway calibrated=yes frame_age=252914.5ms frames=246288 ball=5542 base_poses=90832 invalid=0 station_ok=yes
[INFO] [1787238859.874648235] [a3_receive_input_gateway]: gateway calibrated=yes frame_age=253914.6ms frames=246288 ball=5542 base_poses=90832 invalid=0 station_ok=yes
[INFO] [1787238860.874645385] [a3_receive_input_gateway]: gateway calibrated=yes frame_age=254914.6ms frames=246288 ball=5542 base_poses=90832 invalid=0 station_ok=yes
[INFO] [1787238861.874675510] [a3_receive_input_gateway]: gateway calibrated=yes frame_age=255914.6ms frames=246288 ball=5542 base_poses=90832 invalid=0 station_ok=yes
[INFO] [1787238862.874552295] [a3_receive_input_gateway]: gateway calibrated=yes frame_age=256914.7ms frames=246288 ball=5542 base_poses=90832 invalid=0 station_ok=yes
[INFO] [1787238863.874315919] [a3_receive_input_gateway]: gateway calibrated=yes frame_age=257914.4ms frames=246288 ball=5542 base_poses=90832 invalid=0 station_ok=yes
[INFO] [1787238864.874357173] [a3_receive_input_gateway]: gateway calibrated=yes frame_age=259864.4ms frames=246288 ball=5542 base_poses=90832 invalid=0 station_ok=yes
[INFO] [1787238865.874628532] [a3_receive_input_gateway]: gateway calibrated=yes frame_age=260864.5ms frames=246288 ball=5542 base_poses=90832 invalid=0 station_ok=yes
[INFO] [1787238866.874429956] [a3_receive_input_gateway]: gateway calibrated=yes frame_age=261864.5ms frames=246288 ball=5542 base_poses=90832 invalid=0 station_ok=yes
[INFO] [1787238867.874572179] [a3_receive_input_gateway]: gateway calibrated=yes frame_age=262864.5ms frames=246288 ball=5542 base_poses=90832 invalid=0 station_ok=yes
[INFO] [1787238868.874847288] [a3_receive_input_gateway]: gateway calibrated=yes frame_age=263864.6ms frames=246288 ball=5542 base_poses=90832 invalid=0 station_ok=yes
[INFO] [1787238869.874316204] [a3_receive_input_gateway]: gateway calibrated=yes frame_age=264864.4ms frames=246288 ball=5542 base_poses=90832 invalid=0 station_ok=yes
[INFO] [1787238870.874412408] [a3_receive_input_gateway]: gateway calibrated=yes frame_age=265864.4ms frames=246288 ball=5542 base_poses=90832 invalid=0 station_ok=yes
[INFO] [1787238871.874356306] [a3_receive_input_gateway]: gateway calibrated=yes frame_age=266864.4ms frames=246288 ball=5542 base_poses=90832 invalid=0 station_ok=yes
[INFO] [1787238872.874742497] [a3_receive_input_gateway]: gateway calibrated=yes frame_age=267864.5ms frames=246288 ball=5542 base_poses=90832 invalid=0 station_ok=yes
[INFO] [1787238873.874525697] [a3_receive_input_gateway]: gateway calibrated=yes frame_age=268864.4ms frames=246288 ball=5542 base_poses=90832 invalid=0 station_ok=yes
[INFO] [1787238874.874535951] [a3_receive_input_gateway]: gateway calibrated=yes frame_age=269864.4ms frames=246288 ball=5542 base_poses=90832 invalid=0 station_ok=yes
[INFO] [1787238875.874664354] [a3_receive_input_gateway]: gateway calibrated=yes frame_age=270864.6ms frames=246288 ball=5542 base_poses=90832 invalid=0 station_ok=yes
[INFO] [1787238876.874747012] [a3_receive_input_gateway]: gateway calibrated=yes frame_age=271864.6ms frames=246288 ball=5542 base_poses=90832 invalid=0 station_ok=yes
[INFO] [1787238877.874394213] [a3_receive_input_gateway]: gateway calibrated=yes frame_age=272864.4ms frames=246288 ball=5542 base_poses=90832 invalid=0 station_ok=yes
[INFO] [1787238878.874581190] [a3_receive_input_gateway]: gateway calibrated=yes frame_age=273864.4ms frames=246288 ball=5542 base_poses=90832 invalid=0 station_ok=yes
[INFO] [1787238879.874636671] [a3_receive_input_gateway]: gateway calibrated=yes frame_age=274864.5ms frames=246288 ball=5542 base_poses=90832 invalid=0 station_ok=yes
[INFO] [1787238880.874558419] [a3_receive_input_gateway]: gateway calibrated=yes frame_age=275864.5ms frames=246288 ball=5542 base_poses=90832 invalid=0 station_ok=yes
[INFO] [1787238881.874960023] [a3_receive_input_gateway]: gateway calibrated=yes frame_age=276864.9ms frames=246288 ball=5542 base_poses=90832 invalid=0 station_ok=yes
[INFO] [1787238882.874329875] [a3_receive_input_gateway]: gateway calibrated=yes frame_age=277864.4ms frames=246288 ball=5542 base_poses=90832 invalid=0 station_ok=yes
[INFO] [1787238883.875527922] [a3_receive_input_gateway]: gateway calibrated=yes frame_age=278865.4ms frames=246288 ball=5542 base_poses=90832 invalid=0 station_ok=yes
[INFO] [1787238884.874745946] [a3_receive_input_gateway]: gateway calibrated=yes frame_age=279864.5ms frames=246288 ball=5542 base_poses=90832 invalid=0 station_ok=yes
[INFO] [1787238885.874637337] [a3_receive_input_gateway]: gateway calibrated=yes frame_age=280864.5ms frames=246288 ball=5542 base_poses=90832 invalid=0 station_ok=yes
[INFO] [1787238886.874710913] [a3_receive_input_gateway]: gateway calibrated=yes frame_age=281864.6ms frames=246288 ball=5542 base_poses=90832 invalid=0 station_ok=yes
[INFO] [1787238887.874588949] [a3_receive_input_gateway]: gateway calibrated=yes frame_age=282864.5ms frames=246288 ball=5542 base_poses=90832 invalid=0 station_ok=yes
[INFO] [1787238888.874657481] [a3_receive_input_gateway]: gateway calibrated=yes frame_age=283864.5ms frames=246288 ball=5542 base_poses=90832 invalid=0 station_ok=yes
[INFO] [1787238889.874305740] [a3_receive_input_gateway]: gateway calibrated=yes frame_age=284864.4ms frames=246288 ball=5542 base_poses=90832 invalid=0 station_ok=yes
[INFO] [1787238890.874756312] [a3_receive_input_gateway]: gateway calibrated=yes frame_age=285864.5ms frames=246288 ball=5542 base_poses=90832 invalid=0 station_ok=yes
[INFO] [1787238891.874679078] [a3_receive_input_gateway]: gateway calibrated=yes frame_age=286864.6ms frames=246288 ball=5542 base_poses=90832 invalid=0 station_ok=yes
[INFO] [1787238892.874603478] [a3_receive_input_gateway]: gateway calibrated=yes frame_age=287864.5ms frames=246288 ball=5542 base_poses=90832 invalid=0 station_ok=yes
[INFO] [1787238893.874673834] [a3_receive_input_gateway]: gateway calibrated=yes frame_age=288864.6ms frames=246288 ball=5542 base_poses=90832 invalid=0 station_ok=yes
[INFO] [1787238894.874620578] [a3_receive_input_gateway]: gateway calibrated=yes frame_age=289864.5ms frames=246288 ball=5542 base_poses=90832 invalid=0 station_ok=yes
[INFO] [1787238895.874522127] [a3_receive_input_gateway]: gateway calibrated=yes frame_age=290864.5ms frames=246288 ball=5542 base_poses=90832 invalid=0 station_ok=yes
[INFO] [1787238896.874436800] [a3_receive_input_gateway]: gateway calibrated=yes frame_age=291864.4ms frames=246288 ball=5542 base_poses=90832 invalid=0 station_ok=yes
[INFO] [1787238897.874378483] [a3_receive_input_gateway]: gateway calibrated=yes frame_age=292864.4ms frames=246288 ball=5542 base_poses=90832 invalid=0 station_ok=yes
[INFO] [1787238898.874468021] [a3_receive_input_gateway]: gateway calibrated=yes frame_age=293864.5ms frames=246288 ball=5542 base_poses=90832 invalid=0 station_ok=yes
[INFO] [1787238899.874910837] [a3_receive_input_gateway]: gateway calibrated=yes frame_age=294864.7ms frames=246288 ball=5542 base_poses=90832 invalid=0 station_ok=yes
[INFO] [1787238900.874671576] [a3_receive_input_gateway]: gateway calibrated=yes frame_age=295864.6ms frames=246288 ball=5542 base_poses=90832 invalid=0 station_ok=yes
[INFO] [1787238901.874559044] [a3_receive_input_gateway]: gateway calibrated=yes frame_age=296864.5ms frames=246288 ball=5542 base_poses=90832 invalid=0 station_ok=yes
[INFO] [1787238902.874354105] [a3_receive_input_gateway]: gateway calibrated=yes frame_age=297864.4ms frames=246288 ball=5542 base_poses=90832 invalid=0 station_ok=yes
[INFO] [1787238903.875502321] [a3_receive_input_gateway]: gateway calibrated=yes frame_age=298865.6ms frames=246288 ball=5542 base_poses=90832 invalid=0 station_ok=yes
[INFO] [1787238904.874582604] [a3_receive_input_gateway]: gateway calibrated=yes frame_age=299864.5ms frames=246288 ball=5542 base_poses=90832 invalid=0 station_ok=yes
[INFO] [1787238905.874665798] [a3_receive_input_gateway]: gateway calibrated=yes frame_age=300864.6ms frames=246288 ball=5542 base_poses=90832 invalid=0 station_ok=yes
[INFO] [1787238906.874399874] [a3_receive_input_gateway]: gateway calibrated=yes frame_age=301864.4ms frames=246288 ball=5542 base_poses=90832 invalid=0 station_ok=yes
[INFO] [1787238907.874699490] [a3_receive_input_gateway]: gateway calibrated=yes frame_age=302864.6ms frames=246288 ball=5542 base_poses=90832 invalid=0 station_ok=yes
[INFO] [1787238908.874928982] [a3_receive_input_gateway]: gateway calibrated=yes frame_age=303864.6ms frames=246288 ball=5542 base_poses=90832 invalid=0 station_ok=yes
[INFO] [1787238909.874707472] [a3_receive_input_gateway]: gateway calibrated=yes frame_age=304864.4ms frames=246288 ball=5542 base_poses=90832 invalid=0 station_ok=yes
[INFO] [1787238910.874659587] [a3_receive_input_gateway]: gateway calibrated=yes frame_age=305864.6ms frames=246288 ball=5542 base_poses=90832 invalid=0 station_ok=yes
[INFO] [1787238911.874541706] [a3_receive_input_gateway]: gateway calibrated=yes frame_age=306864.4ms frames=246288 ball=5542 base_poses=90832 invalid=0 station_ok=yes
[INFO] [1787238912.874585515] [a3_receive_input_gateway]: gateway calibrated=yes frame_age=307864.5ms frames=246288 ball=5542 base_poses=90832 invalid=0 station_ok=yes
[INFO] [1787238913.874633245] [a3_receive_input_gateway]: gateway calibrated=yes frame_age=308864.5ms frames=246288 ball=5542 base_poses=90832 invalid=0 station_ok=yes
[INFO] [1787238914.874822521] [a3_receive_input_gateway]: gateway calibrated=yes frame_age=309864.6ms frames=246288 ball=5542 base_poses=90832 invalid=0 station_ok=yes
[INFO] [1787238915.874664168] [a3_receive_input_gateway]: gateway calibrated=yes frame_age=310864.5ms frames=246288 ball=5542 base_poses=90832 invalid=0 station_ok=yes
[INFO] [1787238916.874789426] [a3_receive_input_gateway]: gateway calibrated=yes frame_age=311864.6ms frames=246288 ball=5542 base_poses=90832 invalid=0 station_ok=yes
[INFO] [1787238917.874626532] [a3_receive_input_gateway]: gateway calibrated=yes frame_age=312864.6ms frames=246288 ball=5542 base_poses=90832 invalid=0 station_ok=yes
[INFO] [1787238918.874324742] [a3_receive_input_gateway]: gateway calibrated=yes frame_age=313864.4ms frames=246288 ball=5542 base_poses=90832 invalid=0 station_ok=yes
[INFO] [1787238919.874490854] [a3_receive_input_gateway]: gateway calibrated=yes frame_age=314864.6ms frames=246288 ball=5542 base_poses=90832 invalid=0 station_ok=yes
[INFO] [1787238920.874330362] [a3_receive_input_gateway]: gateway calibrated=yes frame_age=315864.4ms frames=246288 ball=5542 base_poses=90832 invalid=0 station_ok=yes
[INFO] [1787238921.874296182] [a3_receive_input_gateway]: gateway calibrated=yes frame_age=316864.4ms frames=246288 ball=5542 base_poses=90832 invalid=0 station_ok=yes
[INFO] [1787238922.874410249] [a3_receive_input_gateway]: gateway calibrated=yes frame_age=317864.5ms frames=246288 ball=5542 base_poses=90832 invalid=0 station_ok=yes
[INFO] [1787238923.874502714] [a3_receive_input_gateway]: gateway calibrated=yes frame_age=318864.5ms frames=246288 ball=5542 base_poses=90832 invalid=0 station_ok=yes
[INFO] [1787238924.874360553] [a3_receive_input_gateway]: gateway calibrated=yes frame_age=319864.4ms frames=246288 ball=5542 base_poses=90832 invalid=0 station_ok=yes
[INFO] [1787238925.874321204] [a3_receive_input_gateway]: gateway calibrated=yes frame_age=320864.4ms frames=246288 ball=5542 base_poses=90832 invalid=0 station_ok=yes
[INFO] [1787238926.874331082] [a3_receive_input_gateway]: gateway calibrated=yes frame_age=321864.4ms frames=246288 ball=5542 base_poses=90832 invalid=0 station_ok=yes
[INFO] [1787238927.874321885] [a3_receive_input_gateway]: gateway calibrated=yes frame_age=322864.4ms frames=246288 ball=5542 base_poses=90832 invalid=0 station_ok=yes
[INFO] [1787238928.874305049] [a3_receive_input_gateway]: gateway calibrated=yes frame_age=323864.4ms frames=246288 ball=5542 base_poses=90832 invalid=0 station_ok=yes
[INFO] [1787238929.874358374] [a3_receive_input_gateway]: gateway calibrated=yes frame_age=324864.4ms frames=246288 ball=5542 base_poses=90832 invalid=0 station_ok=yes
[INFO] [1787238930.874530168] [a3_receive_input_gateway]: gateway calibrated=yes frame_age=325864.4ms frames=246288 ball=5542 base_poses=90832 invalid=0 station_ok=yes
[INFO] [1787238931.874630628] [a3_receive_input_gateway]: gateway calibrated=yes frame_age=326864.6ms frames=246288 ball=5542 base_poses=90832 invalid=0 station_ok=yes
[INFO] [1787238932.874541333] [a3_receive_input_gateway]: gateway calibrated=yes frame_age=327864.4ms frames=246288 ball=5542 base_poses=90832 invalid=0 station_ok=yes
[INFO] [1787238934.441250337] [a3_receive_input_gateway]: gateway calibrated=yes frame_age=328864.5ms frames=246288 ball=5542 base_poses=90832 invalid=0 station_ok=yes
[INFO] [1787238934.874579076] [a3_receive_input_gateway]: gateway calibrated=yes frame_age=329297.9ms frames=246288 ball=5542 base_poses=90832 invalid=0 station_ok=yes
[INFO] [1787238935.874531077] [a3_receive_input_gateway]: gateway calibrated=yes frame_age=330297.7ms frames=246288 ball=5542 base_poses=90832 invalid=0 station_ok=yes
[INFO] [1787238936.874314520] [a3_receive_input_gateway]: gateway calibrated=yes frame_age=331297.6ms frames=246288 ball=5542 base_poses=90832 invalid=0 station_ok=yes
[INFO] [1787238937.874276999] [a3_receive_input_gateway]: gateway calibrated=yes frame_age=332297.6ms frames=246288 ball=5542 base_poses=90832 invalid=0 station_ok=yes
[INFO] [1787238938.874322951] [a3_receive_input_gateway]: gateway calibrated=yes frame_age=333297.7ms frames=246288 ball=5542 base_poses=90832 invalid=0 station_ok=yes
[INFO] [1787238939.874333467] [a3_receive_input_gateway]: gateway calibrated=yes frame_age=334297.7ms frames=246288 ball=5542 base_poses=90832 invalid=0 station_ok=yes
[INFO] [1787238940.874413605] [a3_receive_input_gateway]: gateway calibrated=yes frame_age=335297.7ms frames=246288 ball=5542 base_poses=90832 invalid=0 station_ok=yes
[INFO] [1787238941.874440232] [a3_receive_input_gateway]: gateway calibrated=yes frame_age=336297.8ms frames=246288 ball=5542 base_poses=90832 invalid=0 station_ok=yes
[INFO] [1787238942.874853093] [a3_receive_input_gateway]: gateway calibrated=yes frame_age=337297.7ms frames=246288 ball=5542 base_poses=90832 invalid=0 station_ok=yes
[INFO] [1787238943.874356912] [a3_receive_input_gateway]: gateway calibrated=yes frame_age=338297.7ms frames=246288 ball=5542 base_poses=90832 invalid=0 station_ok=yes
[INFO] [1787238944.874417085] [a3_receive_input_gateway]: gateway calibrated=yes frame_age=339297.7ms frames=246288 ball=5542 base_poses=90832 invalid=0 station_ok=yes
[INFO] [1787238945.874387610] [a3_receive_input_gateway]: gateway calibrated=yes frame_age=340297.7ms frames=246288 ball=5542 base_poses=90832 invalid=0 station_ok=yes
[INFO] [1787238946.874326434] [a3_receive_input_gateway]: gateway calibrated=yes frame_age=341297.7ms frames=246288 ball=5542 base_poses=90832 invalid=0 station_ok=yes
[INFO] [1787238947.874351151] [a3_receive_input_gateway]: gateway calibrated=yes frame_age=342297.7ms frames=246288 ball=5542 base_poses=90832 invalid=0 station_ok=yes
[INFO] [1787238948.874381526] [a3_receive_input_gateway]: gateway calibrated=yes frame_age=343297.7ms frames=246288 ball=5542 base_poses=90832 invalid=0 station_ok=yes
[INFO] [1787238949.874354101] [a3_receive_input_gateway]: gateway calibrated=yes frame_age=344297.7ms frames=246288 ball=5542 base_poses=90832 invalid=0 station_ok=yes
[INFO] [1787238950.874351944] [a3_receive_input_gateway]: gateway calibrated=yes frame_age=345297.7ms frames=246288 ball=5542 base_poses=90832 invalid=0 station_ok=yes
[INFO] [1787238951.874303425] [a3_receive_input_gateway]: gateway calibrated=yes frame_age=346297.6ms frames=246288 ball=5542 base_poses=90832 invalid=0 station_ok=yes
[INFO] [1787238952.874351435] [a3_receive_input_gateway]: gateway calibrated=yes frame_age=347297.7ms frames=246288 ball=5542 base_poses=90832 invalid=0 station_ok=yes
[INFO] [1787238953.874295422] [a3_receive_input_gateway]: gateway calibrated=yes frame_age=348297.6ms frames=246288 ball=5542 base_poses=90832 invalid=0 station_ok=yes
[INFO] [1787238954.874287113] [a3_receive_input_gateway]: gateway calibrated=yes frame_age=349297.6ms frames=246288 ball=5542 base_poses=90832 invalid=0 station_ok=yes
[INFO] [1787238955.874525709] [a3_receive_input_gateway]: gateway calibrated=yes frame_age=350297.7ms frames=246288 ball=5542 base_poses=90832 invalid=0 station_ok=yes
[INFO] [1787238956.874557388] [a3_receive_input_gateway]: gateway calibrated=yes frame_age=351297.7ms frames=246288 ball=5542 base_poses=90832 invalid=0 station_ok=yes
[INFO] [1787238957.874536317] [a3_receive_input_gateway]: gateway calibrated=yes frame_age=352297.7ms frames=246288 ball=5542 base_poses=90832 invalid=0 station_ok=yes
[INFO] [1787238958.874323193] [a3_receive_input_gateway]: gateway calibrated=yes frame_age=353297.6ms frames=246288 ball=5542 base_poses=90832 invalid=0 station_ok=yes
[INFO] [1787238959.874412364] [a3_receive_input_gateway]: gateway calibrated=yes frame_age=354297.7ms frames=246288 ball=5542 base_poses=90832 invalid=0 station_ok=yes
[INFO] [1787238960.874295110] [a3_receive_input_gateway]: gateway calibrated=yes frame_age=355297.6ms frames=246288 ball=5542 base_poses=90832 invalid=0 station_ok=yes
[INFO] [1787238961.874465688] [a3_receive_input_gateway]: gateway calibrated=yes frame_age=356297.7ms frames=246288 ball=5542 base_poses=90832 invalid=0 station_ok=yes
[INFO] [1787238962.874700947] [a3_receive_input_gateway]: gateway calibrated=yes frame_age=357297.7ms frames=246288 ball=5542 base_poses=90832 invalid=0 station_ok=yes
[INFO] [1787238963.874334203] [a3_receive_input_gateway]: gateway calibrated=yes frame_age=358297.6ms frames=246288 ball=5542 base_poses=90832 invalid=0 station_ok=yes
[INFO] [1787238964.874422764] [a3_receive_input_gateway]: gateway calibrated=yes frame_age=359297.7ms frames=246288 ball=5542 base_poses=90832 invalid=0 station_ok=yes
[INFO] [1787238965.874347004] [a3_receive_input_gateway]: gateway calibrated=yes frame_age=360297.6ms frames=246288 ball=5542 base_poses=90832 invalid=0 station_ok=yes
[INFO] [1787238966.874299850] [a3_receive_input_gateway]: gateway calibrated=yes frame_age=361297.6ms frames=246288 ball=5542 base_poses=90832 invalid=0 station_ok=yes
[INFO] [1787238967.874305177] [a3_receive_input_gateway]: gateway calibrated=yes frame_age=362297.7ms frames=246288 ball=5542 base_poses=90832 invalid=0 station_ok=yes
[INFO] [1787238968.874295857] [a3_receive_input_gateway]: gateway calibrated=yes frame_age=363297.6ms frames=246288 ball=5542 base_poses=90832 invalid=0 station_ok=yes
[INFO] [1787238969.874347416] [a3_receive_input_gateway]: gateway calibrated=yes frame_age=364297.7ms frames=246288 ball=5542 base_poses=90832 invalid=0 station_ok=yes
[INFO] [1787238970.874540239] [a3_receive_input_gateway]: gateway calibrated=yes frame_age=365297.7ms frames=246288 ball=5542 base_poses=90832 invalid=0 station_ok=yes
[INFO] [1787238971.874542338] [a3_receive_input_gateway]: gateway calibrated=yes frame_age=366297.7ms frames=246288 ball=5542 base_poses=90832 invalid=0 station_ok=yes
[INFO] [1787238972.874361664] [a3_receive_input_gateway]: gateway calibrated=yes frame_age=367297.7ms frames=246288 ball=5542 base_poses=90832 invalid=0 station_ok=yes
[INFO] [1787238973.874520319] [a3_receive_input_gateway]: gateway calibrated=yes frame_age=368297.7ms frames=246288 ball=5542 base_poses=90832 invalid=0 station_ok=yes
[INFO] [1787238974.874310670] [a3_receive_input_gateway]: gateway calibrated=yes frame_age=369297.6ms frames=246288 ball=5542 base_poses=90832 invalid=0 station_ok=yes
[INFO] [1787238975.874755158] [a3_receive_input_gateway]: gateway calibrated=yes frame_age=370297.8ms frames=246288 ball=5542 base_poses=90832 invalid=0 station_ok=yes
[INFO] [1787238976.874361752] [a3_receive_input_gateway]: gateway calibrated=yes frame_age=371297.7ms frames=246288 ball=5542 base_poses=90832 invalid=0 station_ok=yes
[INFO] [1787238977.874363277] [a3_receive_input_gateway]: gateway calibrated=yes frame_age=372297.6ms frames=246288 ball=5542 base_poses=90832 invalid=0 station_ok=yes
[INFO] [1787238978.874294275] [a3_receive_input_gateway]: gateway calibrated=yes frame_age=373297.6ms frames=246288 ball=5542 base_poses=90832 invalid=0 station_ok=yes
[INFO] [1787238979.874402703] [a3_receive_input_gateway]: gateway calibrated=yes frame_age=374297.7ms frames=246288 ball=5542 base_poses=90832 invalid=0 station_ok=yes
[INFO] [1787238980.874293425] [a3_receive_input_gateway]: gateway calibrated=yes frame_age=375297.6ms frames=246288 ball=5542 base_poses=90832 invalid=0 station_ok=yes
[INFO] [1787238981.874525937] [a3_receive_input_gateway]: gateway calibrated=yes frame_age=376297.7ms frames=246288 ball=5542 base_poses=90832 invalid=0 station_ok=yes
[INFO] [1787238982.874348594] [a3_receive_input_gateway]: gateway calibrated=yes frame_age=377297.7ms frames=246288 ball=5542 base_poses=90832 invalid=0 station_ok=yes
[INFO] [1787238983.874303186] [a3_receive_input_gateway]: gateway calibrated=yes frame_age=378297.6ms frames=246288 ball=5542 base_poses=90832 invalid=0 station_ok=yes
[INFO] [1787238984.874404482] [a3_receive_input_gateway]: gateway calibrated=yes frame_age=379708.7ms frames=246288 ball=5542 base_poses=90832 invalid=0 station_ok=yes
[INFO] [1787238985.874494611] [a3_receive_input_gateway]: gateway calibrated=yes frame_age=380708.7ms frames=246288 ball=5542 base_poses=90832 invalid=0 station_ok=yes
[INFO] [1787238986.874440701] [a3_receive_input_gateway]: gateway calibrated=yes frame_age=381708.7ms frames=246288 ball=5542 base_poses=90832 invalid=0 station_ok=yes
[INFO] [1787238987.874388006] [a3_receive_input_gateway]: gateway calibrated=yes frame_age=382708.7ms frames=246288 ball=5542 base_poses=90832 invalid=0 station_ok=yes
[INFO] [1787238988.874326650] [a3_receive_input_gateway]: gateway calibrated=yes frame_age=383708.7ms frames=246288 ball=5542 base_poses=90832 invalid=0 station_ok=yes
[INFO] [1787238989.874295096] [a3_receive_input_gateway]: gateway calibrated=yes frame_age=384708.7ms frames=246288 ball=5542 base_poses=90832 invalid=0 station_ok=yes
[INFO] [1787238990.874299562] [a3_receive_input_gateway]: gateway calibrated=yes frame_age=385708.7ms frames=246288 ball=5542 base_poses=90832 invalid=0 station_ok=yes
[INFO] [1787238991.874313004] [a3_receive_input_gateway]: gateway calibrated=yes frame_age=386708.7ms frames=246288 ball=5542 base_poses=90832 invalid=0 station_ok=yes
[INFO] [1787238992.874335851] [a3_receive_input_gateway]: gateway calibrated=yes frame_age=387708.7ms frames=246288 ball=5542 base_poses=90832 invalid=0 station_ok=yes
[INFO] [1787238993.874301068] [a3_receive_input_gateway]: gateway calibrated=yes frame_age=388708.7ms frames=246288 ball=5542 base_poses=90832 invalid=0 station_ok=yes
[INFO] [1787238994.874308274] [a3_receive_input_gateway]: gateway calibrated=yes frame_age=389708.7ms frames=246288 ball=5542 base_poses=90832 invalid=0 station_ok=yes
[INFO] [1787238995.874342836] [a3_receive_input_gateway]: gateway calibrated=yes frame_age=390708.7ms frames=246288 ball=5542 base_poses=90832 invalid=0 station_ok=yes
[INFO] [1787238996.874568130] [a3_receive_input_gateway]: gateway calibrated=yes frame_age=391708.8ms frames=246288 ball=5542 base_poses=90832 invalid=0 station_ok=yes
[INFO] [1787238997.875432846] [a3_receive_input_gateway]: gateway calibrated=yes frame_age=392709.6ms frames=246288 ball=5542 base_poses=90832 invalid=0 station_ok=yes
[INFO] [1787238998.874678805] [a3_receive_input_gateway]: gateway calibrated=yes frame_age=393708.9ms frames=246288 ball=5542 base_poses=90832 invalid=0 station_ok=yes
[INFO] [1787238999.874672938] [a3_receive_input_gateway]: gateway calibrated=yes frame_age=394709.0ms frames=246288 ball=5542 base_poses=90832 invalid=0 station_ok=yes
[INFO] [1787239000.874331069] [a3_receive_input_gateway]: gateway calibrated=yes frame_age=395708.7ms frames=246288 ball=5542 base_poses=90832 invalid=0 station_ok=yes
[INFO] [1787239001.874304090] [a3_receive_input_gateway]: gateway calibrated=yes frame_age=396708.7ms frames=246288 ball=5542 base_poses=90832 invalid=0 station_ok=yes
[INFO] [1787239002.874291334] [a3_receive_input_gateway]: gateway calibrated=yes frame_age=397708.7ms frames=246288 ball=5542 base_poses=90832 invalid=0 station_ok=yes
[INFO] [1787239003.874367693] [a3_receive_input_gateway]: gateway calibrated=yes frame_age=398708.7ms frames=246288 ball=5542 base_poses=90832 invalid=0 station_ok=yes
[INFO] [1787239004.874309074] [a3_receive_input_gateway]: gateway calibrated=yes frame_age=399708.7ms frames=246288 ball=5542 base_poses=90832 invalid=0 station_ok=yes
[INFO] [1787239005.874305779] [a3_receive_input_gateway]: gateway calibrated=yes frame_age=400708.7ms frames=246288 ball=5542 base_poses=90832 invalid=0 station_ok=yes
[INFO] [1787239006.874949174] [a3_receive_input_gateway]: gateway calibrated=yes frame_age=401708.8ms frames=246288 ball=5542 base_poses=90832 invalid=0 station_ok=yes
[INFO] [1787239007.874311976] [a3_receive_input_gateway]: gateway calibrated=yes frame_age=402708.7ms frames=246288 ball=5542 base_poses=90832 invalid=0 station_ok=yes
[INFO] [1787239008.874309080] [a3_receive_input_gateway]: gateway calibrated=yes frame_age=403708.7ms frames=246288 ball=5542 base_poses=90832 invalid=0 station_ok=yes
[INFO] [1787239009.874313612] [a3_receive_input_gateway]: gateway calibrated=yes frame_age=404708.7ms frames=246288 ball=5542 base_poses=90832 invalid=0 station_ok=yes
[INFO] [1787239010.874336380] [a3_receive_input_gateway]: gateway calibrated=yes frame_age=405708.7ms frames=246288 ball=5542 base_poses=90832 invalid=0 station_ok=yes
[INFO] [1787239011.874298454] [a3_receive_input_gateway]: gateway calibrated=yes frame_age=406708.7ms frames=246288 ball=5542 base_poses=90832 invalid=0 station_ok=yes
[INFO] [1787239012.874290278] [a3_receive_input_gateway]: gateway calibrated=yes frame_age=407708.7ms frames=246288 ball=5542 base_poses=90832 invalid=0 station_ok=yes
[INFO] [1787239013.874359279] [a3_receive_input_gateway]: gateway calibrated=yes frame_age=408708.7ms frames=246288 ball=5542 base_poses=90832 invalid=0 station_ok=yes
[INFO] [1787239014.874532307] [a3_receive_input_gateway]: gateway calibrated=yes frame_age=409708.8ms frames=246288 ball=5542 base_poses=90832 invalid=0 station_ok=yes
[INFO] [1787239015.874317854] [a3_receive_input_gateway]: gateway calibrated=yes frame_age=410708.7ms frames=246288 ball=5542 base_poses=90832 invalid=0 station_ok=yes
[INFO] [1787239016.874311540] [a3_receive_input_gateway]: gateway calibrated=yes frame_age=411708.7ms frames=246288 ball=5542 base_poses=90832 invalid=0 station_ok=yes
[INFO] [1787239017.874445773] [a3_receive_input_gateway]: gateway calibrated=yes frame_age=412708.7ms frames=246288 ball=5542 base_poses=90832 invalid=0 station_ok=yes
[INFO] [1787239018.874365107] [a3_receive_input_gateway]: gateway calibrated=yes frame_age=413708.7ms frames=246288 ball=5542 base_poses=90832 invalid=0 station_ok=yes
[INFO] [1787239019.874365131] [a3_receive_input_gateway]: gateway calibrated=yes frame_age=414708.7ms frames=246288 ball=5542 base_poses=90832 invalid=0 station_ok=yes
[INFO] [1787239020.874313020] [a3_receive_input_gateway]: gateway calibrated=yes frame_age=415708.7ms frames=246288 ball=5542 base_poses=90832 invalid=0 station_ok=yes
[INFO] [1787239021.874299533] [a3_receive_input_gateway]: gateway calibrated=yes frame_age=416708.7ms frames=246288 ball=5542 base_poses=90832 invalid=0 station_ok=yes
[INFO] [1787239022.874355176] [a3_receive_input_gateway]: gateway calibrated=yes frame_age=417708.7ms frames=246288 ball=5542 base_poses=90832 invalid=0 station_ok=yes
[INFO] [1787239023.874354112] [a3_receive_input_gateway]: gateway calibrated=yes frame_age=418708.7ms frames=246288 ball=5542 base_poses=90832 invalid=0 station_ok=yes
[INFO] [1787239024.874368147] [a3_receive_input_gateway]: gateway calibrated=yes frame_age=419708.7ms frames=246288 ball=5542 base_poses=90832 invalid=0 station_ok=yes
[INFO] [1787239025.874334111] [a3_receive_input_gateway]: gateway calibrated=yes frame_age=420708.7ms frames=246288 ball=5542 base_poses=90832 invalid=0 station_ok=yes
[INFO] [1787239026.874320898] [a3_receive_input_gateway]: gateway calibrated=yes frame_age=421708.7ms frames=246288 ball=5542 base_poses=90832 invalid=0 station_ok=yes
[INFO] [1787239027.874307979] [a3_receive_input_gateway]: gateway calibrated=yes frame_age=422708.7ms frames=246288 ball=5542 base_poses=90832 invalid=0 station_ok=yes
[INFO] [1787239028.874330161] [a3_receive_input_gateway]: gateway calibrated=yes frame_age=423708.7ms frames=246288 ball=5542 base_poses=90832 invalid=0 station_ok=yes
[INFO] [1787239029.874309970] [a3_receive_input_gateway]: gateway calibrated=yes frame_age=424708.7ms frames=246288 ball=5542 base_poses=90832 invalid=0 station_ok=yes
[INFO] [1787239030.874480476] [a3_receive_input_gateway]: gateway calibrated=yes frame_age=425708.9ms frames=246288 ball=5542 base_poses=90832 invalid=0 station_ok=yes
[INFO] [1787239031.874354100] [a3_receive_input_gateway]: gateway calibrated=yes frame_age=426708.7ms frames=246288 ball=5542 base_poses=90832 invalid=0 station_ok=yes
[INFO] [1787239032.874501439] [a3_receive_input_gateway]: gateway calibrated=yes frame_age=427708.8ms frames=246288 ball=5542 base_poses=90832 invalid=0 station_ok=yes
[INFO] [1787239033.874347397] [a3_receive_input_gateway]: gateway calibrated=yes frame_age=428708.7ms frames=246288 ball=5542 base_poses=90832 invalid=0 station_ok=yes
[INFO] [1787239034.874311229] [a3_receive_input_gateway]: gateway calibrated=yes frame_age=429708.7ms frames=246288 ball=5542 base_poses=90832 invalid=0 station_ok=yes
[INFO] [1787239035.874452493] [a3_receive_input_gateway]: gateway calibrated=yes frame_age=430708.8ms frames=246288 ball=5542 base_poses=90832 invalid=0 station_ok=yes
[INFO] [1787239036.874356896] [a3_receive_input_gateway]: gateway calibrated=yes frame_age=431708.7ms frames=246288 ball=5542 base_poses=90832 invalid=0 station_ok=yes
[INFO] [1787239037.874289508] [a3_receive_input_gateway]: gateway calibrated=yes frame_age=432708.7ms frames=246288 ball=5542 base_poses=90832 invalid=0 station_ok=yes
[INFO] [1787239038.874308399] [a3_receive_input_gateway]: gateway calibrated=yes frame_age=433708.7ms frames=246288 ball=5542 base_poses=90832 invalid=0 station_ok=yes
[INFO] [1787239039.874422014] [a3_receive_input_gateway]: gateway calibrated=yes frame_age=434708.7ms frames=246288 ball=5542 base_poses=90832 invalid=0 station_ok=yes
[INFO] [1787239040.874549094] [a3_receive_input_gateway]: gateway calibrated=yes frame_age=435708.8ms frames=246288 ball=5542 base_poses=90832 invalid=0 station_ok=yes
[INFO] [1787239041.874319211] [a3_receive_input_gateway]: gateway calibrated=yes frame_age=436708.7ms frames=246288 ball=5542 base_poses=90832 invalid=0 station_ok=yes
[INFO] [1787239042.874545571] [a3_receive_input_gateway]: gateway calibrated=yes frame_age=437708.8ms frames=246288 ball=5542 base_poses=90832 invalid=0 station_ok=yes
[INFO] [1787239043.874428408] [a3_receive_input_gateway]: gateway calibrated=yes frame_age=438708.7ms frames=246288 ball=5542 base_poses=90832 invalid=0 station_ok=yes
[INFO] [1787239044.874400893] [a3_receive_input_gateway]: gateway calibrated=yes frame_age=439708.7ms frames=246288 ball=5542 base_poses=90832 invalid=0 station_ok=yes
[INFO] [1787239045.874518884] [a3_receive_input_gateway]: gateway calibrated=yes frame_age=440708.8ms frames=246288 ball=5542 base_poses=90832 invalid=0 station_ok=yes
[INFO] [1787239046.874390297] [a3_receive_input_gateway]: gateway calibrated=yes frame_age=441708.7ms frames=246288 ball=5542 base_poses=90832 invalid=0 station_ok=yes
[INFO] [1787239047.874329797] [a3_receive_input_gateway]: gateway calibrated=yes frame_age=442708.7ms frames=246288 ball=5542 base_poses=90832 invalid=0 station_ok=yes
[INFO] [1787239048.874400288] [a3_receive_input_gateway]: gateway calibrated=yes frame_age=443708.8ms frames=246288 ball=5542 base_poses=90832 invalid=0 station_ok=yes
[INFO] [1787239049.874423418] [a3_receive_input_gateway]: gateway calibrated=yes frame_age=444708.7ms frames=246288 ball=5542 base_poses=90832 invalid=0 station_ok=yes
[INFO] [1787239050.874493103] [a3_receive_input_gateway]: gateway calibrated=yes frame_age=445708.8ms frames=246288 ball=5542 base_poses=90832 invalid=0 station_ok=yes
[INFO] [1787239051.874358942] [a3_receive_input_gateway]: gateway calibrated=yes frame_age=446708.7ms frames=246288 ball=5542 base_poses=90832 invalid=0 station_ok=yes
[INFO] [1787239052.874547392] [a3_receive_input_gateway]: gateway calibrated=yes frame_age=447708.8ms frames=246288 ball=5542 base_poses=90832 invalid=0 station_ok=yes
[INFO] [1787239053.874302234] [a3_receive_input_gateway]: gateway calibrated=yes frame_age=448708.7ms frames=246288 ball=5542 base_poses=90832 invalid=0 station_ok=yes
[INFO] [1787239054.874429278] [a3_receive_input_gateway]: gateway calibrated=yes frame_age=449708.8ms frames=246288 ball=5542 base_poses=90832 invalid=0 station_ok=yes
[INFO] [1787239055.874315374] [a3_receive_input_gateway]: gateway calibrated=yes frame_age=450708.7ms frames=246288 ball=5542 base_poses=90832 invalid=0 station_ok=yes
[INFO] [1787239056.874290902] [a3_receive_input_gateway]: gateway calibrated=yes frame_age=451708.7ms frames=246288 ball=5542 base_poses=90832 invalid=0 station_ok=yes
[INFO] [1787239057.874422632] [a3_receive_input_gateway]: gateway calibrated=yes frame_age=452708.8ms frames=246288 ball=5542 base_poses=90832 invalid=0 station_ok=yes
[INFO] [1787239058.874300971] [a3_receive_input_gateway]: gateway calibrated=yes frame_age=453708.7ms frames=246288 ball=5542 base_poses=90832 invalid=0 station_ok=yes
[INFO] [1787239059.874317029] [a3_receive_input_gateway]: gateway calibrated=yes frame_age=454708.7ms frames=246288 ball=5542 base_poses=90832 invalid=0 station_ok=yes
[INFO] [1787239060.874290461] [a3_receive_input_gateway]: gateway calibrated=yes frame_age=455708.7ms frames=246288 ball=5542 base_poses=90832 invalid=0 station_ok=yes
[INFO] [1787239061.874310768] [a3_receive_input_gateway]: gateway calibrated=yes frame_age=456708.7ms frames=246288 ball=5542 base_poses=90832 invalid=0 station_ok=yes
[INFO] [1787239062.874305074] [a3_receive_input_gateway]: gateway calibrated=yes frame_age=457708.7ms frames=246288 ball=5542 base_poses=90832 invalid=0 station_ok=yes
[INFO] [1787239063.874342806] [a3_receive_input_gateway]: gateway calibrated=yes frame_age=458708.7ms frames=246288 ball=5542 base_poses=90832 invalid=0 station_ok=yes
[INFO] [1787239064.874328285] [a3_receive_input_gateway]: gateway calibrated=yes frame_age=459708.7ms frames=246288 ball=5542 base_poses=90832 invalid=0 station_ok=yes
[INFO] [1787239065.874304983] [a3_receive_input_gateway]: gateway calibrated=yes frame_age=460708.7ms frames=246288 ball=5542 base_poses=90832 invalid=0 station_ok=yes
[INFO] [1787239066.874313387] [a3_receive_input_gateway]: gateway calibrated=yes frame_age=461708.7ms frames=246288 ball=5542 base_poses=90832 invalid=0 station_ok=yes
[INFO] [1787239067.874467407] [a3_receive_input_gateway]: gateway calibrated=yes frame_age=462708.8ms frames=246288 ball=5542 base_poses=90832 invalid=0 station_ok=yes
[INFO] [1787239068.874358353] [a3_receive_input_gateway]: gateway calibrated=yes frame_age=463708.7ms frames=246288 ball=5542 base_poses=90832 invalid=0 station_ok=yes
[INFO] [1787239069.874371454] [a3_receive_input_gateway]: gateway calibrated=yes frame_age=464708.7ms frames=246288 ball=5542 base_poses=90832 invalid=0 station_ok=yes
[INFO] [1787239070.874657223] [a3_receive_input_gateway]: gateway calibrated=yes frame_age=465708.9ms frames=246288 ball=5542 base_poses=90832 invalid=0 station_ok=yes
[INFO] [1787239071.874309681] [a3_receive_input_gateway]: gateway calibrated=yes frame_age=466708.7ms frames=246288 ball=5542 base_poses=90832 invalid=0 station_ok=yes
[INFO] [1787239072.874574293] [a3_receive_input_gateway]: gateway calibrated=yes frame_age=467708.8ms frames=246288 ball=5542 base_poses=90832 invalid=0 station_ok=yes
[INFO] [1787239073.874313368] [a3_receive_input_gateway]: gateway calibrated=yes frame_age=468708.7ms frames=246288 ball=5542 base_poses=90832 invalid=0 station_ok=yes
[INFO] [1787239074.874383246] [a3_receive_input_gateway]: gateway calibrated=yes frame_age=469708.8ms frames=246288 ball=5542 base_poses=90832 invalid=0 station_ok=yes
[INFO] [1787239075.874330432] [a3_receive_input_gateway]: gateway calibrated=yes frame_age=470708.7ms frames=246288 ball=5542 base_poses=90832 invalid=0 station_ok=yes
[INFO] [1787239076.874483721] [a3_receive_input_gateway]: gateway calibrated=yes frame_age=471708.8ms frames=246288 ball=5542 base_poses=90832 invalid=0 station_ok=yes
[INFO] [1787239077.874364675] [a3_receive_input_gateway]: gateway calibrated=yes frame_age=472708.7ms frames=246288 ball=5542 base_poses=90832 invalid=0 station_ok=yes
[INFO] [1787239078.874297756] [a3_receive_input_gateway]: gateway calibrated=yes frame_age=473708.7ms frames=246288 ball=5542 base_poses=90832 invalid=0 station_ok=yes
[INFO] [1787239079.874420052] [a3_receive_input_gateway]: gateway calibrated=yes frame_age=474708.7ms frames=246288 ball=5542 base_poses=90832 invalid=0 station_ok=yes
[INFO] [1787239080.874509294] [a3_receive_input_gateway]: gateway calibrated=yes frame_age=475708.7ms frames=246288 ball=5542 base_poses=90832 invalid=0 station_ok=yes
[INFO] [1787239081.874304268] [a3_receive_input_gateway]: gateway calibrated=yes frame_age=476708.7ms frames=246288 ball=5542 base_poses=90832 invalid=0 station_ok=yes
[INFO] [1787239082.874289095] [a3_receive_input_gateway]: gateway calibrated=yes frame_age=477708.7ms frames=246288 ball=5542 base_poses=90832 invalid=0 station_ok=yes
[INFO] [1787239083.874326004] [a3_receive_input_gateway]: gateway calibrated=yes frame_age=478708.7ms frames=246288 ball=5542 base_poses=90832 invalid=0 station_ok=yes
[INFO] [1787239084.874341882] [a3_receive_input_gateway]: gateway calibrated=yes frame_age=479708.7ms frames=246288 ball=5542 base_poses=90832 invalid=0 station_ok=yes
[INFO] [1787239085.874373106] [a3_receive_input_gateway]: gateway calibrated=yes frame_age=480708.7ms frames=246288 ball=5542 base_poses=90832 invalid=0 station_ok=yes
[INFO] [1787239086.874293323] [a3_receive_input_gateway]: gateway calibrated=yes frame_age=481708.7ms frames=246288 ball=5542 base_poses=90832 invalid=0 station_ok=yes
[INFO] [1787239087.874387872] [a3_receive_input_gateway]: gateway calibrated=yes frame_age=482708.7ms frames=246288 ball=5542 base_poses=90832 invalid=0 station_ok=yes
[INFO] [1787239088.874345885] [a3_receive_input_gateway]: gateway calibrated=yes frame_age=483708.7ms frames=246288 ball=5542 base_poses=90832 invalid=0 station_ok=yes
[INFO] [1787239089.874337460] [a3_receive_input_gateway]: gateway calibrated=yes frame_age=484708.7ms frames=246288 ball=5542 base_poses=90832 invalid=0 station_ok=yes
[INFO] [1787239090.874319764] [a3_receive_input_gateway]: gateway calibrated=yes frame_age=485708.7ms frames=246288 ball=5542 base_poses=90832 invalid=0 station_ok=yes
[INFO] [1787239091.874896617] [a3_receive_input_gateway]: gateway calibrated=yes frame_age=486709.3ms frames=246288 ball=5542 base_poses=90832 invalid=0 station_ok=yes
[INFO] [1787239092.874319301] [a3_receive_input_gateway]: gateway calibrated=yes frame_age=487708.7ms frames=246288 ball=5542 base_poses=90832 invalid=0 station_ok=yes
[INFO] [1787239093.874334425] [a3_receive_input_gateway]: gateway calibrated=yes frame_age=488708.7ms frames=246288 ball=5542 base_poses=90832 invalid=0 station_ok=yes
[INFO] [1787239094.874545947] [a3_receive_input_gateway]: gateway calibrated=yes frame_age=489708.8ms frames=246288 ball=5542 base_poses=90832 invalid=0 station_ok=yes
[INFO] [1787239095.874344829] [a3_receive_input_gateway]: gateway calibrated=yes frame_age=490708.7ms frames=246288 ball=5542 base_poses=90832 invalid=0 station_ok=yes
[INFO] [1787239096.874430082] [a3_receive_input_gateway]: gateway calibrated=yes frame_age=491708.7ms frames=246288 ball=5542 base_poses=90832 invalid=0 station_ok=yes
[INFO] [1787239097.874316813] [a3_receive_input_gateway]: gateway calibrated=yes frame_age=492708.7ms frames=246288 ball=5542 base_poses=90832 invalid=0 station_ok=yes
[INFO] [1787239098.874530234] [a3_receive_input_gateway]: gateway calibrated=yes frame_age=493708.8ms frames=246288 ball=5542 base_poses=90832 invalid=0 station_ok=yes
[INFO] [1787239099.874569826] [a3_receive_input_gateway]: gateway calibrated=yes frame_age=494708.8ms frames=246288 ball=5542 base_poses=90832 invalid=0 station_ok=yes
[INFO] [1787239100.874528303] [a3_receive_input_gateway]: gateway calibrated=yes frame_age=496612.5ms frames=246288 ball=5542 base_poses=90832 invalid=0 station_ok=yes
[INFO] [1787239101.874511553] [a3_receive_input_gateway]: gateway calibrated=yes frame_age=497612.3ms frames=246288 ball=5542 base_poses=90832 invalid=0 station_ok=yes
[INFO] [1787239102.874405084] [a3_receive_input_gateway]: gateway calibrated=yes frame_age=498612.3ms frames=246288 ball=5542 base_poses=90832 invalid=0 station_ok=yes
[INFO] [1787239103.874648496] [a3_receive_input_gateway]: gateway calibrated=yes frame_age=499612.4ms frames=246288 ball=5542 base_poses=90832 invalid=0 station_ok=yes
[INFO] [1787239104.874902194] [a3_receive_input_gateway]: gateway calibrated=yes frame_age=500612.6ms frames=246288 ball=5542 base_poses=90832 invalid=0 station_ok=yes
[INFO] [1787239105.874722529] [a3_receive_input_gateway]: gateway calibrated=yes frame_age=501612.6ms frames=246288 ball=5542 base_poses=90832 invalid=0 station_ok=yes
[INFO] [1787239106.874592437] [a3_receive_input_gateway]: gateway calibrated=yes frame_age=502612.4ms frames=246288 ball=5542 base_poses=90832 invalid=0 station_ok=yes
[INFO] [1787239107.874704069] [a3_receive_input_gateway]: gateway calibrated=yes frame_age=503612.4ms frames=246288 ball=5542 base_poses=90832 invalid=0 station_ok=yes
[INFO] [1787239108.874693843] [a3_receive_input_gateway]: gateway calibrated=yes frame_age=504612.4ms frames=246288 ball=5542 base_poses=90832 invalid=0 station_ok=yes
[INFO] [1787239109.874561737] [a3_receive_input_gateway]: gateway calibrated=yes frame_age=505612.4ms frames=246288 ball=5542 base_poses=90832 invalid=0 station_ok=yes
[INFO] [1787239110.874319331] [a3_receive_input_gateway]: gateway calibrated=yes frame_age=506612.2ms frames=246288 ball=5542 base_poses=90832 invalid=0 station_ok=yes
[INFO] [1787239111.874325661] [a3_receive_input_gateway]: gateway calibrated=yes frame_age=507612.2ms frames=246288 ball=5542 base_poses=90832 invalid=0 station_ok=yes
[INFO] [1787239112.874564139] [a3_receive_input_gateway]: gateway calibrated=yes frame_age=508612.3ms frames=246288 ball=5542 base_poses=90832 invalid=0 station_ok=yes
[INFO] [1787239113.874502412] [a3_receive_input_gateway]: gateway calibrated=yes frame_age=509612.4ms frames=246288 ball=5542 base_poses=90832 invalid=0 station_ok=yes
[INFO] [1787239114.874423335] [a3_receive_input_gateway]: gateway calibrated=yes frame_age=510612.3ms frames=246288 ball=5542 base_poses=90832 invalid=0 station_ok=yes
[INFO] [1787239115.874786719] [a3_receive_input_gateway]: gateway calibrated=yes frame_age=511612.4ms frames=246288 ball=5542 base_poses=90832 invalid=0 station_ok=yes
[INFO] [1787239116.874326653] [a3_receive_input_gateway]: gateway calibrated=yes frame_age=512612.2ms frames=246288 ball=5542 base_poses=90832 invalid=0 station_ok=yes
[INFO] [1787239117.874514757] [a3_receive_input_gateway]: gateway calibrated=yes frame_age=513612.3ms frames=246288 ball=5542 base_poses=90832 invalid=0 station_ok=yes
[INFO] [1787239118.874803520] [a3_receive_input_gateway]: gateway calibrated=yes frame_age=514612.6ms frames=246288 ball=5542 base_poses=90832 invalid=0 station_ok=yes
[INFO] [1787239119.874608252] [a3_receive_input_gateway]: gateway calibrated=yes frame_age=515612.4ms frames=246288 ball=5542 base_poses=90832 invalid=0 station_ok=yes
[INFO] [1787239120.874405140] [a3_receive_input_gateway]: gateway calibrated=yes frame_age=516612.3ms frames=246288 ball=5542 base_poses=90832 invalid=0 station_ok=yes
[INFO] [1787239121.874622424] [a3_receive_input_gateway]: gateway calibrated=yes frame_age=517612.4ms frames=246288 ball=5542 base_poses=90832 invalid=0 station_ok=yes
[INFO] [1787239122.874631968] [a3_receive_input_gateway]: gateway calibrated=yes frame_age=518612.4ms frames=246288 ball=5542 base_poses=90832 invalid=0 station_ok=yes
[INFO] [1787239123.874563005] [a3_receive_input_gateway]: gateway calibrated=yes frame_age=519612.4ms frames=246288 ball=5542 base_poses=90832 invalid=0 station_ok=yes
[INFO] [1787239124.874363393] [a3_receive_input_gateway]: gateway calibrated=yes frame_age=520612.3ms frames=246288 ball=5542 base_poses=90832 invalid=0 station_ok=yes
[INFO] [1787239125.874351914] [a3_receive_input_gateway]: gateway calibrated=yes frame_age=521612.2ms frames=246288 ball=5542 base_poses=90832 invalid=0 station_ok=yes
[INFO] [1787239126.874684097] [a3_receive_input_gateway]: gateway calibrated=yes frame_age=522612.4ms frames=246288 ball=5542 base_poses=90832 invalid=0 station_ok=yes
[INFO] [1787239127.874636929] [a3_receive_input_gateway]: gateway calibrated=yes frame_age=523612.4ms frames=246288 ball=5542 base_poses=90832 invalid=0 station_ok=yes
[INFO] [1787239128.874622259] [a3_receive_input_gateway]: gateway calibrated=yes frame_age=524612.4ms frames=246288 ball=5542 base_poses=90832 invalid=0 station_ok=yes
[INFO] [1787239129.875547910] [a3_receive_input_gateway]: gateway calibrated=yes frame_age=525613.5ms frames=246288 ball=5542 base_poses=90832 invalid=0 station_ok=yes
[INFO] [1787239130.874347903] [a3_receive_input_gateway]: gateway calibrated=yes frame_age=526612.3ms frames=246288 ball=5542 base_poses=90832 invalid=0 station_ok=yes
[INFO] [1787239131.874627500] [a3_receive_input_gateway]: gateway calibrated=yes frame_age=527612.4ms frames=246288 ball=5542 base_poses=90832 invalid=0 station_ok=yes
[INFO] [1787239132.874648618] [a3_receive_input_gateway]: gateway calibrated=yes frame_age=528612.4ms frames=246288 ball=5542 base_poses=90832 invalid=0 station_ok=yes
[INFO] [1787239133.874508114] [a3_receive_input_gateway]: gateway calibrated=yes frame_age=529612.3ms frames=246288 ball=5542 base_poses=90832 invalid=0 station_ok=yes
[INFO] [1787239134.874882550] [a3_receive_input_gateway]: gateway calibrated=yes frame_age=530612.5ms frames=246288 ball=5542 base_poses=90832 invalid=0 station_ok=yes
[INFO] [1787239135.874967780] [a3_receive_input_gateway]: gateway calibrated=yes frame_age=531612.3ms frames=246288 ball=5542 base_poses=90832 invalid=0 station_ok=yes
[INFO] [1787239136.874697716] [a3_receive_input_gateway]: gateway calibrated=yes frame_age=532612.4ms frames=246288 ball=5542 base_poses=90832 invalid=0 station_ok=yes
[INFO] [1787239137.874763415] [a3_receive_input_gateway]: gateway calibrated=yes frame_age=533612.5ms frames=246288 ball=5542 base_poses=90832 invalid=0 station_ok=yes
[INFO] [1787239138.874385349] [a3_receive_input_gateway]: gateway calibrated=yes frame_age=534612.3ms frames=246288 ball=5542 base_poses=90832 invalid=0 station_ok=yes
[INFO] [1787239139.874350709] [a3_receive_input_gateway]: gateway calibrated=yes frame_age=535612.3ms frames=246288 ball=5542 base_poses=90832 invalid=0 station_ok=yes
[INFO] [1787239140.875054466] [a3_receive_input_gateway]: gateway calibrated=yes frame_age=536612.8ms frames=246288 ball=5542 base_poses=90832 invalid=0 station_ok=yes
[INFO] [1787239141.874561866] [a3_receive_input_gateway]: gateway calibrated=yes frame_age=537612.4ms frames=246288 ball=5542 base_poses=90832 invalid=0 station_ok=yes
[INFO] [1787239142.874306515] [a3_receive_input_gateway]: gateway calibrated=yes frame_age=538612.2ms frames=246288 ball=5542 base_poses=90832 invalid=0 station_ok=yes
[INFO] [1787239143.874350323] [a3_receive_input_gateway]: gateway calibrated=yes frame_age=539612.3ms frames=246288 ball=5542 base_poses=90832 invalid=0 station_ok=yes
[INFO] [1787239144.874366510] [a3_receive_input_gateway]: gateway calibrated=yes frame_age=540612.3ms frames=246288 ball=5542 base_poses=90832 invalid=0 station_ok=yes
[INFO] [1787239145.874748013] [a3_receive_input_gateway]: gateway calibrated=yes frame_age=541612.5ms frames=246288 ball=5542 base_poses=90832 invalid=0 station_ok=yes
[INFO] [1787239146.874320247] [a3_receive_input_gateway]: gateway calibrated=yes frame_age=542612.2ms frames=246288 ball=5542 base_poses=90832 invalid=0 station_ok=yes
[INFO] [1787239147.874322958] [a3_receive_input_gateway]: gateway calibrated=yes frame_age=543612.2ms frames=246288 ball=5542 base_poses=90832 invalid=0 station_ok=yes
[INFO] [1787239148.874331816] [a3_receive_input_gateway]: gateway calibrated=yes frame_age=544612.2ms frames=246288 ball=5542 base_poses=90832 invalid=0 station_ok=yes
[INFO] [1787239149.874357664] [a3_receive_input_gateway]: gateway calibrated=yes frame_age=545612.3ms frames=246288 ball=5542 base_poses=90832 invalid=0 station_ok=yes
[INFO] [1787239150.874313159] [a3_receive_input_gateway]: gateway calibrated=yes frame_age=546612.2ms frames=246288 ball=5542 base_poses=90832 invalid=0 station_ok=yes
[INFO] [1787239151.874674320] [a3_receive_input_gateway]: gateway calibrated=yes frame_age=547612.5ms frames=246288 ball=5542 base_poses=90832 invalid=0 station_ok=yes
[INFO] [1787239152.874540061] [a3_receive_input_gateway]: gateway calibrated=yes frame_age=548612.3ms frames=246288 ball=5542 base_poses=90832 invalid=0 station_ok=yes
[INFO] [1787239153.874391077] [a3_receive_input_gateway]: gateway calibrated=yes frame_age=549612.3ms frames=246288 ball=5542 base_poses=90832 invalid=0 station_ok=yes
[INFO] [1787239154.874342085] [a3_receive_input_gateway]: gateway calibrated=yes frame_age=550612.3ms frames=246288 ball=5542 base_poses=90832 invalid=0 station_ok=yes
[INFO] [1787239155.874791982] [a3_receive_input_gateway]: gateway calibrated=yes frame_age=551612.3ms frames=246288 ball=5542 base_poses=90832 invalid=0 station_ok=yes
[INFO] [1787239156.874326114] [a3_receive_input_gateway]: gateway calibrated=yes frame_age=552612.2ms frames=246288 ball=5542 base_poses=90832 invalid=0 station_ok=yes
[INFO] [1787239157.874490576] [a3_receive_input_gateway]: gateway calibrated=yes frame_age=553612.3ms frames=246288 ball=5542 base_poses=90832 invalid=0 station_ok=yes
[INFO] [1787239158.874320002] [a3_receive_input_gateway]: gateway calibrated=yes frame_age=554612.2ms frames=246288 ball=5542 base_poses=90832 invalid=0 station_ok=yes
[INFO] [1787239159.874647393] [a3_receive_input_gateway]: gateway calibrated=yes frame_age=555612.4ms frames=246288 ball=5542 base_poses=90832 invalid=0 station_ok=yes
[INFO] [1787239160.874490821] [a3_receive_input_gateway]: gateway calibrated=yes frame_age=556612.3ms frames=246288 ball=5542 base_poses=90832 invalid=0 station_ok=yes
[INFO] [1787239161.874318273] [a3_receive_input_gateway]: gateway calibrated=yes frame_age=557612.2ms frames=246288 ball=5542 base_poses=90832 invalid=0 station_ok=yes
[INFO] [1787239162.874524165] [a3_receive_input_gateway]: gateway calibrated=yes frame_age=558612.3ms frames=246288 ball=5542 base_poses=90832 invalid=0 station_ok=yes
[INFO] [1787239163.874342548] [a3_receive_input_gateway]: gateway calibrated=yes frame_age=559612.2ms frames=246288 ball=5542 base_poses=90832 invalid=0 station_ok=yes
[INFO] [1787239164.874718202] [a3_receive_input_gateway]: gateway calibrated=yes frame_age=560612.4ms frames=246288 ball=5542 base_poses=90832 invalid=0 station_ok=yes
[INFO] [1787239166.294142416] [a3_receive_input_gateway]: gateway calibrated=yes frame_age=561612.2ms frames=246288 ball=5542 base_poses=90832 invalid=0 station_ok=yes
[INFO] [1787239166.874325431] [a3_receive_input_gateway]: gateway calibrated=yes frame_age=562192.4ms frames=246288 ball=5542 base_poses=90832 invalid=0 station_ok=yes
[INFO] [1787239167.874447649] [a3_receive_input_gateway]: gateway calibrated=yes frame_age=563192.5ms frames=246288 ball=5542 base_poses=90832 invalid=0 station_ok=yes
[INFO] [1787239168.874348109] [a3_receive_input_gateway]: gateway calibrated=yes frame_age=564192.5ms frames=246288 ball=5542 base_poses=90832 invalid=0 station_ok=yes
[INFO] [1787239169.874429704] [a3_receive_input_gateway]: gateway calibrated=yes frame_age=565192.5ms frames=246288 ball=5542 base_poses=90832 invalid=0 station_ok=yes
[INFO] [1787239170.874406728] [a3_receive_input_gateway]: gateway calibrated=yes frame_age=566192.4ms frames=246288 ball=5542 base_poses=90832 invalid=0 station_ok=yes
[INFO] [1787239171.874328771] [a3_receive_input_gateway]: gateway calibrated=yes frame_age=567192.4ms frames=246288 ball=5542 base_poses=90832 invalid=0 station_ok=yes
[INFO] [1787239172.874354206] [a3_receive_input_gateway]: gateway calibrated=yes frame_age=568192.5ms frames=246288 ball=5542 base_poses=90832 invalid=0 station_ok=yes
[INFO] [1787239173.874308692] [a3_receive_input_gateway]: gateway calibrated=yes frame_age=569192.4ms frames=246288 ball=5542 base_poses=90832 invalid=0 station_ok=yes
[INFO] [1787239174.874725262] [a3_receive_input_gateway]: gateway calibrated=yes frame_age=570192.6ms frames=246288 ball=5542 base_poses=90832 invalid=0 station_ok=yes
[INFO] [1787239175.874736289] [a3_receive_input_gateway]: gateway calibrated=yes frame_age=571192.6ms frames=246288 ball=5542 base_poses=90832 invalid=0 station_ok=yes
[INFO] [1787239176.874573810] [a3_receive_input_gateway]: gateway calibrated=yes frame_age=572192.5ms frames=246288 ball=5542 base_poses=90832 invalid=0 station_ok=yes
[INFO] [1787239177.874553987] [a3_receive_input_gateway]: gateway calibrated=yes frame_age=573192.5ms frames=246288 ball=5542 base_poses=90832 invalid=0 station_ok=yes
[INFO] [1787239178.874367085] [a3_receive_input_gateway]: gateway calibrated=yes frame_age=574192.5ms frames=246288 ball=5542 base_poses=90832 invalid=0 station_ok=yes
[INFO] [1787239179.874597401] [a3_receive_input_gateway]: gateway calibrated=yes frame_age=575192.5ms frames=246288 ball=5542 base_poses=90832 invalid=0 station_ok=yes
[INFO] [1787239180.874418113] [a3_receive_input_gateway]: gateway calibrated=yes frame_age=576192.5ms frames=246288 ball=5542 base_poses=90832 invalid=0 station_ok=yes
[INFO] [1787239181.874308826] [a3_receive_input_gateway]: gateway calibrated=yes frame_age=577192.4ms frames=246288 ball=5542 base_poses=90832 invalid=0 station_ok=yes
[INFO] [1787239182.874610684] [a3_receive_input_gateway]: gateway calibrated=yes frame_age=578192.6ms frames=246288 ball=5542 base_poses=90832 invalid=0 station_ok=yes
[INFO] [1787239183.874777412] [a3_receive_input_gateway]: gateway calibrated=yes frame_age=579192.7ms frames=246288 ball=5542 base_poses=90832 invalid=0 station_ok=yes
[INFO] [1787239184.874659296] [a3_receive_input_gateway]: gateway calibrated=yes frame_age=580192.6ms frames=246288 ball=5542 base_poses=90832 invalid=0 station_ok=yes
[INFO] [1787239185.874690855] [a3_receive_input_gateway]: gateway calibrated=yes frame_age=581192.6ms frames=246288 ball=5542 base_poses=90832 invalid=0 station_ok=yes
[INFO] [1787239186.874319727] [a3_receive_input_gateway]: gateway calibrated=yes frame_age=582192.4ms frames=246288 ball=5542 base_poses=90832 invalid=0 station_ok=yes
[INFO] [1787239187.874561953] [a3_receive_input_gateway]: gateway calibrated=yes frame_age=583192.5ms frames=246288 ball=5542 base_poses=90832 invalid=0 station_ok=yes
[INFO] [1787239188.874427132] [a3_receive_input_gateway]: gateway calibrated=yes frame_age=584192.5ms frames=246288 ball=5542 base_poses=90832 invalid=0 station_ok=yes
[INFO] [1787239189.874530968] [a3_receive_input_gateway]: gateway calibrated=yes frame_age=585192.5ms frames=246288 ball=5542 base_poses=90832 invalid=0 station_ok=yes
[INFO] [1787239190.874832915] [a3_receive_input_gateway]: gateway calibrated=yes frame_age=586192.7ms frames=246288 ball=5542 base_poses=90832 invalid=0 station_ok=yes
[INFO] [1787239191.874565529] [a3_receive_input_gateway]: gateway calibrated=yes frame_age=587192.5ms frames=246288 ball=5542 base_poses=90832 invalid=0 station_ok=yes
[INFO] [1787239192.874573371] [a3_receive_input_gateway]: gateway calibrated=yes frame_age=588192.5ms frames=246288 ball=5542 base_poses=90832 invalid=0 station_ok=yes
[INFO] [1787239193.874610805] [a3_receive_input_gateway]: gateway calibrated=yes frame_age=589192.6ms frames=246288 ball=5542 base_poses=90832 invalid=0 station_ok=yes
[INFO] [1787239194.874293513] [a3_receive_input_gateway]: gateway calibrated=yes frame_age=590192.4ms frames=246288 ball=5542 base_poses=90832 invalid=0 station_ok=yes
[INFO] [1787239195.874333727] [a3_receive_input_gateway]: gateway calibrated=yes frame_age=591192.4ms frames=246288 ball=5542 base_poses=90832 invalid=0 station_ok=yes
[INFO] [1787239196.876149559] [a3_receive_input_gateway]: gateway calibrated=yes frame_age=592194.2ms frames=246288 ball=5542 base_poses=90832 invalid=0 station_ok=yes
[INFO] [1787239197.874401946] [a3_receive_input_gateway]: gateway calibrated=yes frame_age=593192.5ms frames=246288 ball=5542 base_poses=90832 invalid=0 station_ok=yes
[INFO] [1787239198.874491402] [a3_receive_input_gateway]: gateway calibrated=yes frame_age=594192.6ms frames=246288 ball=5542 base_poses=90832 invalid=0 station_ok=yes
[INFO] [1787239199.874316512] [a3_receive_input_gateway]: gateway calibrated=yes frame_age=595727.9ms frames=246288 ball=5542 base_poses=90832 invalid=0 station_ok=yes
[INFO] [1787239200.874312385] [a3_receive_input_gateway]: gateway calibrated=yes frame_age=596727.9ms frames=246288 ball=5542 base_poses=90832 invalid=0 station_ok=yes
[INFO] [1787239201.874294696] [a3_receive_input_gateway]: gateway calibrated=yes frame_age=597727.9ms frames=246288 ball=5542 base_poses=90832 invalid=0 station_ok=yes
[INFO] [1787239202.874554518] [a3_receive_input_gateway]: gateway calibrated=yes frame_age=598728.0ms frames=246288 ball=5542 base_poses=90832 invalid=0 station_ok=yes
[INFO] [1787239203.874557662] [a3_receive_input_gateway]: gateway calibrated=yes frame_age=599728.0ms frames=246288 ball=5542 base_poses=90832 invalid=0 station_ok=yes
[INFO] [1787239204.874533467] [a3_receive_input_gateway]: gateway calibrated=yes frame_age=600728.0ms frames=246288 ball=5542 base_poses=90832 invalid=0 station_ok=yes
[INFO] [1787239205.874570075] [a3_receive_input_gateway]: gateway calibrated=yes frame_age=601728.0ms frames=246288 ball=5542 base_poses=90832 invalid=0 station_ok=yes
[INFO] [1787239206.874568712] [a3_receive_input_gateway]: gateway calibrated=yes frame_age=602728.0ms frames=246288 ball=5542 base_poses=90832 invalid=0 station_ok=yes
[INFO] [1787239207.874477158] [a3_receive_input_gateway]: gateway calibrated=yes frame_age=603728.1ms frames=246288 ball=5542 base_poses=90832 invalid=0 station_ok=yes
[INFO] [1787239208.874321681] [a3_receive_input_gateway]: gateway calibrated=yes frame_age=604727.9ms frames=246288 ball=5542 base_poses=90832 invalid=0 station_ok=yes
[INFO] [1787239209.874653449] [a3_receive_input_gateway]: gateway calibrated=yes frame_age=605728.1ms frames=246288 ball=5542 base_poses=90832 invalid=0 station_ok=yes
[INFO] [1787239210.874530538] [a3_receive_input_gateway]: gateway calibrated=yes frame_age=606728.0ms frames=246288 ball=5542 base_poses=90832 invalid=0 station_ok=yes
[INFO] [1787239211.874616687] [a3_receive_input_gateway]: gateway calibrated=yes frame_age=607728.1ms frames=246288 ball=5542 base_poses=90832 invalid=0 station_ok=yes
[INFO] [1787239212.874554913] [a3_receive_input_gateway]: gateway calibrated=yes frame_age=608728.0ms frames=246288 ball=5542 base_poses=90832 invalid=0 station_ok=yes
[INFO] [1787239213.874472576] [a3_receive_input_gateway]: gateway calibrated=yes frame_age=609728.0ms frames=246288 ball=5542 base_poses=90832 invalid=0 station_ok=yes
[INFO] [1787239214.874284399] [a3_receive_input_gateway]: gateway calibrated=yes frame_age=610727.9ms frames=246288 ball=5542 base_poses=90832 invalid=0 station_ok=yes
[INFO] [1787239215.874340616] [a3_receive_input_gateway]: gateway calibrated=yes frame_age=611728.0ms frames=246288 ball=5542 base_poses=90832 invalid=0 station_ok=yes
[INFO] [1787239216.874528067] [a3_receive_input_gateway]: gateway calibrated=yes frame_age=612728.0ms frames=246288 ball=5542 base_poses=90832 invalid=0 station_ok=yes
[INFO] [1787239217.874613920] [a3_receive_input_gateway]: gateway calibrated=yes frame_age=613728.1ms frames=246288 ball=5542 base_poses=90832 invalid=0 station_ok=yes
[INFO] [1787239218.874515690] [a3_receive_input_gateway]: gateway calibrated=yes frame_age=614728.0ms frames=246288 ball=5542 base_poses=90832 invalid=0 station_ok=yes
[INFO] [1787239219.874610926] [a3_receive_input_gateway]: gateway calibrated=yes frame_age=615728.0ms frames=246288 ball=5542 base_poses=90832 invalid=0 station_ok=yes
[INFO] [1787239220.874580361] [a3_receive_input_gateway]: gateway calibrated=yes frame_age=616728.1ms frames=246288 ball=5542 base_poses=90832 invalid=0 station_ok=yes
[INFO] [1787239221.874298577] [a3_receive_input_gateway]: gateway calibrated=yes frame_age=617727.9ms frames=246288 ball=5542 base_poses=90832 invalid=0 station_ok=yes
[INFO] [1787239222.874351327] [a3_receive_input_gateway]: gateway calibrated=yes frame_age=618728.0ms frames=246288 ball=5542 base_poses=90832 invalid=0 station_ok=yes
[INFO] [1787239223.874335186] [a3_receive_input_gateway]: gateway calibrated=yes frame_age=619728.0ms frames=246288 ball=5542 base_poses=90832 invalid=0 station_ok=yes
[INFO] [1787239224.874305248] [a3_receive_input_gateway]: gateway calibrated=yes frame_age=620727.9ms frames=246288 ball=5542 base_poses=90832 invalid=0 station_ok=yes
[INFO] [1787239225.874316246] [a3_receive_input_gateway]: gateway calibrated=yes frame_age=621728.0ms frames=246288 ball=5542 base_poses=90832 invalid=0 station_ok=yes
[INFO] [1787239226.874330147] [a3_receive_input_gateway]: gateway calibrated=yes frame_age=622728.0ms frames=246288 ball=5542 base_poses=90832 invalid=0 station_ok=yes
[INFO] [1787239227.874289250] [a3_receive_input_gateway]: gateway calibrated=yes frame_age=623727.9ms frames=246288 ball=5542 base_poses=90832 invalid=0 station_ok=yes
[INFO] [1787239228.874314566] [a3_receive_input_gateway]: gateway calibrated=yes frame_age=624727.9ms frames=246288 ball=5542 base_poses=90832 invalid=0 station_ok=yes
[INFO] [1787239229.874313299] [a3_receive_input_gateway]: gateway calibrated=yes frame_age=625727.9ms frames=246288 ball=5542 base_poses=90832 invalid=0 station_ok=yes
[INFO] [1787239230.874535116] [a3_receive_input_gateway]: gateway calibrated=yes frame_age=626728.0ms frames=246288 ball=5542 base_poses=90832 invalid=0 station_ok=yes
[INFO] [1787239231.874418250] [a3_receive_input_gateway]: gateway calibrated=yes frame_age=627728.0ms frames=246288 ball=5542 base_poses=90832 invalid=0 station_ok=yes
[INFO] [1787239232.874313348] [a3_receive_input_gateway]: gateway calibrated=yes frame_age=628727.9ms frames=246288 ball=5542 base_poses=90832 invalid=0 station_ok=yes
[INFO] [1787239233.874301952] [a3_receive_input_gateway]: gateway calibrated=yes frame_age=629727.9ms frames=246288 ball=5542 base_poses=90832 invalid=0 station_ok=yes
[INFO] [1787239234.874623166] [a3_receive_input_gateway]: gateway calibrated=yes frame_age=630728.0ms frames=246288 ball=5542 base_poses=90832 invalid=0 station_ok=yes
[INFO] [1787239235.874459328] [a3_receive_input_gateway]: gateway calibrated=yes frame_age=631728.0ms frames=246288 ball=5542 base_poses=90832 invalid=0 station_ok=yes
[INFO] [1787239236.874280875] [a3_receive_input_gateway]: gateway calibrated=yes frame_age=632727.9ms frames=246288 ball=5542 base_poses=90832 invalid=0 station_ok=yes
[INFO] [1787239237.874533298] [a3_receive_input_gateway]: gateway calibrated=yes frame_age=633728.1ms frames=246288 ball=5542 base_poses=90832 invalid=0 station_ok=yes
[INFO] [1787239238.874503647] [a3_receive_input_gateway]: gateway calibrated=yes frame_age=634728.0ms frames=246288 ball=5542 base_poses=90832 invalid=0 station_ok=yes
[INFO] [1787239239.874375178] [a3_receive_input_gateway]: gateway calibrated=yes frame_age=635728.0ms frames=246288 ball=5542 base_poses=90832 invalid=0 station_ok=yes
[INFO] [1787239240.874591959] [a3_receive_input_gateway]: gateway calibrated=yes frame_age=636728.0ms frames=246288 ball=5542 base_poses=90832 invalid=0 station_ok=yes
[INFO] [1787239241.874447851] [a3_receive_input_gateway]: gateway calibrated=yes frame_age=637728.0ms frames=246288 ball=5542 base_poses=90832 invalid=0 station_ok=yes
[INFO] [1787239242.874501306] [a3_receive_input_gateway]: gateway calibrated=yes frame_age=638728.0ms frames=246288 ball=5542 base_poses=90832 invalid=0 station_ok=yes
[INFO] [1787239243.874320081] [a3_receive_input_gateway]: gateway calibrated=yes frame_age=639727.9ms frames=246288 ball=5542 base_poses=90832 invalid=0 station_ok=yes
[INFO] [1787239244.874309849] [a3_receive_input_gateway]: gateway calibrated=yes frame_age=640727.9ms frames=246288 ball=5542 base_poses=90832 invalid=0 station_ok=yes
[INFO] [1787239245.874339855] [a3_receive_input_gateway]: gateway calibrated=yes frame_age=641728.0ms frames=246288 ball=5542 base_poses=90832 invalid=0 station_ok=yes
[INFO] [1787239246.874530615] [a3_receive_input_gateway]: gateway calibrated=yes frame_age=642728.1ms frames=246288 ball=5542 base_poses=90832 invalid=0 station_ok=yes
[INFO] [1787239247.874556377] [a3_receive_input_gateway]: gateway calibrated=yes frame_age=643728.0ms frames=246288 ball=5542 base_poses=90832 invalid=0 station_ok=yes
[INFO] [1787239248.874702313] [a3_receive_input_gateway]: gateway calibrated=yes frame_age=644728.1ms frames=246288 ball=5542 base_poses=90832 invalid=0 station_ok=yes
[INFO] [1787239249.874582662] [a3_receive_input_gateway]: gateway calibrated=yes frame_age=645728.0ms frames=246288 ball=5542 base_poses=90832 invalid=0 station_ok=yes
[INFO] [1787239250.874387511] [a3_receive_input_gateway]: gateway calibrated=yes frame_age=646728.0ms frames=246288 ball=5542 base_poses=90832 invalid=0 station_ok=yes
[INFO] [1787239251.874553287] [a3_receive_input_gateway]: gateway calibrated=yes frame_age=647728.0ms frames=246288 ball=5542 base_poses=90832 invalid=0 station_ok=yes
[INFO] [1787239252.874733664] [a3_receive_input_gateway]: gateway calibrated=yes frame_age=648728.2ms frames=246288 ball=5542 base_poses=90832 invalid=0 station_ok=yes
[INFO] [1787239253.874310235] [a3_receive_input_gateway]: gateway calibrated=yes frame_age=649727.9ms frames=246288 ball=5542 base_poses=90832 invalid=0 station_ok=yes
[INFO] [1787239254.874319406] [a3_receive_input_gateway]: gateway calibrated=yes frame_age=650728.0ms frames=246288 ball=5542 base_poses=90832 invalid=0 station_ok=yes
[INFO] [1787239255.874334299] [a3_receive_input_gateway]: gateway calibrated=yes frame_age=651728.0ms frames=246288 ball=5542 base_poses=90832 invalid=0 station_ok=yes
[INFO] [1787239256.874368798] [a3_receive_input_gateway]: gateway calibrated=yes frame_age=652728.0ms frames=246288 ball=5542 base_poses=90832 invalid=0 station_ok=yes
[INFO] [1787239257.874539202] [a3_receive_input_gateway]: gateway calibrated=yes frame_age=653728.0ms frames=246288 ball=5542 base_poses=90832 invalid=0 station_ok=yes
[INFO] [1787239258.874334988] [a3_receive_input_gateway]: gateway calibrated=yes frame_age=654728.0ms frames=246288 ball=5542 base_poses=90832 invalid=0 station_ok=yes
[INFO] [1787239259.874473839] [a3_receive_input_gateway]: gateway calibrated=yes frame_age=655728.0ms frames=246288 ball=5542 base_poses=90832 invalid=0 station_ok=yes
[INFO] [1787239260.874327103] [a3_receive_input_gateway]: gateway calibrated=yes frame_age=656727.9ms frames=246288 ball=5542 base_poses=90832 invalid=0 station_ok=yes
[INFO] [1787239261.874486494] [a3_receive_input_gateway]: gateway calibrated=yes frame_age=657728.0ms frames=246288 ball=5542 base_poses=90832 invalid=0 station_ok=yes
[INFO] [1787239262.874319876] [a3_receive_input_gateway]: gateway calibrated=yes frame_age=658728.0ms frames=246288 ball=5542 base_poses=90832 invalid=0 station_ok=yes
[INFO] [1787239263.874329400] [a3_receive_input_gateway]: gateway calibrated=yes frame_age=659728.0ms frames=246288 ball=5542 base_poses=90832 invalid=0 station_ok=yes
[INFO] [1787239264.874342380] [a3_receive_input_gateway]: gateway calibrated=yes frame_age=660728.0ms frames=246288 ball=5542 base_poses=90832 invalid=0 station_ok=yes
[INFO] [1787239265.874616035] [a3_receive_input_gateway]: gateway calibrated=yes frame_age=661728.1ms frames=246288 ball=5542 base_poses=90832 invalid=0 station_ok=yes
[INFO] [1787239266.874352903] [a3_receive_input_gateway]: gateway calibrated=yes frame_age=662728.0ms frames=246288 ball=5542 base_poses=90832 invalid=0 station_ok=yes
[INFO] [1787239267.874281606] [a3_receive_input_gateway]: gateway calibrated=yes frame_age=663727.9ms frames=246288 ball=5542 base_poses=90832 invalid=0 station_ok=yes
[INFO] [1787239268.874507563] [a3_receive_input_gateway]: gateway calibrated=yes frame_age=664728.0ms frames=246288 ball=5542 base_poses=90832 invalid=0 station_ok=yes
[INFO] [1787239269.874463666] [a3_receive_input_gateway]: gateway calibrated=yes frame_age=665728.0ms frames=246288 ball=5542 base_poses=90832 invalid=0 station_ok=yes
[INFO] [1787239270.874510275] [a3_receive_input_gateway]: gateway calibrated=yes frame_age=666728.0ms frames=246288 ball=5542 base_poses=90832 invalid=0 station_ok=yes
[INFO] [1787239271.874353121] [a3_receive_input_gateway]: gateway calibrated=yes frame_age=667727.9ms frames=246288 ball=5542 base_poses=90832 invalid=0 station_ok=yes
[INFO] [1787239272.874297462] [a3_receive_input_gateway]: gateway calibrated=yes frame_age=668727.9ms frames=246288 ball=5542 base_poses=90832 invalid=0 station_ok=yes
[INFO] [1787239273.874300336] [a3_receive_input_gateway]: gateway calibrated=yes frame_age=669727.9ms frames=246288 ball=5542 base_poses=90832 invalid=0 station_ok=yes
[INFO] [1787239274.874363192] [a3_receive_input_gateway]: gateway calibrated=yes frame_age=670728.0ms frames=246288 ball=5542 base_poses=90832 invalid=0 station_ok=yes
[INFO] [1787239275.874575580] [a3_receive_input_gateway]: gateway calibrated=yes frame_age=671728.0ms frames=246288 ball=5542 base_poses=90832 invalid=0 station_ok=yes
[INFO] [1787239276.874325130] [a3_receive_input_gateway]: gateway calibrated=yes frame_age=672728.0ms frames=246288 ball=5542 base_poses=90832 invalid=0 station_ok=yes
[INFO] [1787239277.874529140] [a3_receive_input_gateway]: gateway calibrated=yes frame_age=673728.0ms frames=246288 ball=5542 base_poses=90832 invalid=0 station_ok=yes
[INFO] [1787239278.874306820] [a3_receive_input_gateway]: gateway calibrated=yes frame_age=674727.9ms frames=246288 ball=5542 base_poses=90832 invalid=0 station_ok=yes
[INFO] [1787239279.874737789] [a3_receive_input_gateway]: gateway calibrated=yes frame_age=675728.1ms frames=246288 ball=5542 base_poses=90832 invalid=0 station_ok=yes
[INFO] [1787239280.874475088] [a3_receive_input_gateway]: gateway calibrated=yes frame_age=676728.0ms frames=246288 ball=5542 base_poses=90832 invalid=0 station_ok=yes
[INFO] [1787239281.874510571] [a3_receive_input_gateway]: gateway calibrated=yes frame_age=677728.0ms frames=246288 ball=5542 base_poses=90832 invalid=0 station_ok=yes
[INFO] [1787239282.874425104] [a3_receive_input_gateway]: gateway calibrated=yes frame_age=678728.0ms frames=246288 ball=5542 base_poses=90832 invalid=0 station_ok=yes
[INFO] [1787239283.874297191] [a3_receive_input_gateway]: gateway calibrated=yes frame_age=679727.9ms frames=246288 ball=5542 base_poses=90832 invalid=0 station_ok=yes
[INFO] [1787239284.874495070] [a3_receive_input_gateway]: gateway calibrated=yes frame_age=680728.0ms frames=246288 ball=5542 base_poses=90832 invalid=0 station_ok=yes
[INFO] [1787239285.874433773] [a3_receive_input_gateway]: gateway calibrated=yes frame_age=681728.0ms frames=246288 ball=5542 base_poses=90832 invalid=0 station_ok=yes
[INFO] [1787239286.874517528] [a3_receive_input_gateway]: gateway calibrated=yes frame_age=682728.0ms frames=246288 ball=5542 base_poses=90832 invalid=0 station_ok=yes
[INFO] [1787239287.874471337] [a3_receive_input_gateway]: gateway calibrated=yes frame_age=683728.0ms frames=246288 ball=5542 base_poses=90832 invalid=0 station_ok=yes
[INFO] [1787239288.874565671] [a3_receive_input_gateway]: gateway calibrated=yes frame_age=684728.0ms frames=246288 ball=5542 base_poses=90832 invalid=0 station_ok=yes
[INFO] [1787239289.874558816] [a3_receive_input_gateway]: gateway calibrated=yes frame_age=685728.0ms frames=246288 ball=5542 base_poses=90832 invalid=0 station_ok=yes
[INFO] [1787239290.874304668] [a3_receive_input_gateway]: gateway calibrated=yes frame_age=686727.9ms frames=246288 ball=5542 base_poses=90832 invalid=0 station_ok=yes
[INFO] [1787239291.874561400] [a3_receive_input_gateway]: gateway calibrated=yes frame_age=687728.2ms frames=246288 ball=5542 base_poses=90832 invalid=0 station_ok=yes
[INFO] [1787239292.874490487] [a3_receive_input_gateway]: gateway calibrated=yes frame_age=688728.1ms frames=246288 ball=5542 base_poses=90832 invalid=0 station_ok=yes
[INFO] [1787239293.874539140] [a3_receive_input_gateway]: gateway calibrated=yes frame_age=689728.0ms frames=246288 ball=5542 base_poses=90832 invalid=0 station_ok=yes
[INFO] [1787239294.874646595] [a3_receive_input_gateway]: gateway calibrated=yes frame_age=690728.0ms frames=246288 ball=5542 base_poses=90832 invalid=0 station_ok=yes
[INFO] [1787239295.874303940] [a3_receive_input_gateway]: gateway calibrated=yes frame_age=691727.9ms frames=246288 ball=5542 base_poses=90832 invalid=0 station_ok=yes
[INFO] [1787239296.874543601] [a3_receive_input_gateway]: gateway calibrated=yes frame_age=692728.0ms frames=246288 ball=5542 base_poses=90832 invalid=0 station_ok=yes
[INFO] [1787239297.874644347] [a3_receive_input_gateway]: gateway calibrated=yes frame_age=693728.1ms frames=246288 ball=5542 base_poses=90832 invalid=0 station_ok=yes
[INFO] [1787239298.874515335] [a3_receive_input_gateway]: gateway calibrated=yes frame_age=694728.0ms frames=246288 ball=5542 base_poses=90832 invalid=0 station_ok=yes
[INFO] [1787239299.874543776] [a3_receive_input_gateway]: gateway calibrated=yes frame_age=695728.0ms frames=246288 ball=5542 base_poses=90832 invalid=0 station_ok=yes
[INFO] [1787239300.874293376] [a3_receive_input_gateway]: gateway calibrated=yes frame_age=696727.9ms frames=246288 ball=5542 base_poses=90832 invalid=0 station_ok=yes
[INFO] [1787239301.874559500] [a3_receive_input_gateway]: gateway calibrated=yes frame_age=697728.1ms frames=246288 ball=5542 base_poses=90832 invalid=0 station_ok=yes
[INFO] [1787239302.874402402] [a3_receive_input_gateway]: gateway calibrated=yes frame_age=698728.0ms frames=246288 ball=5542 base_poses=90832 invalid=0 station_ok=yes
[INFO] [1787239303.874630021] [a3_receive_input_gateway]: gateway calibrated=yes frame_age=699728.0ms frames=246288 ball=5542 base_poses=90832 invalid=0 station_ok=yes
[INFO] [1787239304.874539673] [a3_receive_input_gateway]: gateway calibrated=yes frame_age=700728.0ms frames=246288 ball=5542 base_poses=90832 invalid=0 station_ok=yes
[INFO] [1787239305.874359310] [a3_receive_input_gateway]: gateway calibrated=yes frame_age=701728.0ms frames=246288 ball=5542 base_poses=90832 invalid=0 station_ok=yes
[INFO] [1787239306.874473012] [a3_receive_input_gateway]: gateway calibrated=yes frame_age=702728.0ms frames=246288 ball=5542 base_poses=90832 invalid=0 station_ok=yes
[INFO] [1787239307.874311865] [a3_receive_input_gateway]: gateway calibrated=yes frame_age=703727.9ms frames=246288 ball=5542 base_poses=90832 invalid=0 station_ok=yes
[INFO] [1787239308.874356500] [a3_receive_input_gateway]: gateway calibrated=yes frame_age=704728.0ms frames=246288 ball=5542 base_poses=90832 invalid=0 station_ok=yes
[INFO] [1787239309.874325564] [a3_receive_input_gateway]: gateway calibrated=yes frame_age=705727.9ms frames=246288 ball=5542 base_poses=90832 invalid=0 station_ok=yes
[INFO] [1787239310.874497413] [a3_receive_input_gateway]: gateway calibrated=yes frame_age=706728.0ms frames=246288 ball=5542 base_poses=90832 invalid=0 station_ok=yes
[INFO] [1787239311.874344443] [a3_receive_input_gateway]: gateway calibrated=yes frame_age=707728.0ms frames=246288 ball=5542 base_poses=90832 invalid=0 station_ok=yes
[INFO] [1787239312.874295457] [a3_receive_input_gateway]: gateway calibrated=yes frame_age=708727.9ms frames=246288 ball=5542 base_poses=90832 invalid=0 station_ok=yes
[INFO] [1787239313.874339646] [a3_receive_input_gateway]: gateway calibrated=yes frame_age=709728.0ms frames=246288 ball=5542 base_poses=90832 invalid=0 station_ok=yes
[INFO] [1787239314.874393034] [a3_receive_input_gateway]: gateway calibrated=yes frame_age=710728.0ms frames=246288 ball=5542 base_poses=90832 invalid=0 station_ok=yes
[INFO] [1787239315.874294589] [a3_receive_input_gateway]: gateway calibrated=yes frame_age=711727.9ms frames=246288 ball=5542 base_poses=90832 invalid=0 station_ok=yes
[INFO] [1787239316.874357182] [a3_receive_input_gateway]: gateway calibrated=yes frame_age=712728.0ms frames=246288 ball=5542 base_poses=90832 invalid=0 station_ok=yes
[INFO] [1787239317.874292842] [a3_receive_input_gateway]: gateway calibrated=yes frame_age=713727.9ms frames=246288 ball=5542 base_poses=90832 invalid=0 station_ok=yes
[INFO] [1787239318.874301864] [a3_receive_input_gateway]: gateway calibrated=yes frame_age=714727.9ms frames=246288 ball=5542 base_poses=90832 invalid=0 station_ok=yes
[INFO] [1787239319.874592690] [a3_receive_input_gateway]: gateway calibrated=yes frame_age=715728.1ms frames=246288 ball=5542 base_poses=90832 invalid=0 station_ok=yes
[INFO] [1787239320.874541229] [a3_receive_input_gateway]: gateway calibrated=yes frame_age=716728.0ms frames=246288 ball=5542 base_poses=90832 invalid=0 station_ok=yes
[INFO] [1787239321.874548025] [a3_receive_input_gateway]: gateway calibrated=yes frame_age=717728.0ms frames=246288 ball=5542 base_poses=90832 invalid=0 station_ok=yes
[INFO] [1787239322.874344979] [a3_receive_input_gateway]: gateway calibrated=yes frame_age=718728.0ms frames=246288 ball=5542 base_poses=90832 invalid=0 station_ok=yes
[INFO] [1787239323.874288888] [a3_receive_input_gateway]: gateway calibrated=yes frame_age=719727.9ms frames=246288 ball=5542 base_poses=90832 invalid=0 station_ok=yes
[INFO] [1787239324.874342178] [a3_receive_input_gateway]: gateway calibrated=yes frame_age=720728.0ms frames=246288 ball=5542 base_poses=90832 invalid=0 station_ok=yes
[INFO] [1787239325.874325560] [a3_receive_input_gateway]: gateway calibrated=yes frame_age=721728.0ms frames=246288 ball=5542 base_poses=90832 invalid=0 station_ok=yes
[INFO] [1787239326.874356786] [a3_receive_input_gateway]: gateway calibrated=yes frame_age=722728.0ms frames=246288 ball=5542 base_poses=90832 invalid=0 station_ok=yes
[INFO] [1787239327.874335921] [a3_receive_input_gateway]: gateway calibrated=yes frame_age=723728.0ms frames=246288 ball=5542 base_poses=90832 invalid=0 station_ok=yes
[INFO] [1787239328.874470389] [a3_receive_input_gateway]: gateway calibrated=yes frame_age=724728.0ms frames=246288 ball=5542 base_poses=90832 invalid=0 station_ok=yes
[INFO] [1787239329.874347607] [a3_receive_input_gateway]: gateway calibrated=yes frame_age=725728.0ms frames=246288 ball=5542 base_poses=90832 invalid=0 station_ok=yes
[INFO] [1787239330.874668232] [a3_receive_input_gateway]: gateway calibrated=yes frame_age=726728.1ms frames=246288 ball=5542 base_poses=90832 invalid=0 station_ok=yes
[INFO] [1787239331.874506445] [a3_receive_input_gateway]: gateway calibrated=yes frame_age=727728.0ms frames=246288 ball=5542 base_poses=90832 invalid=0 station_ok=yes
[INFO] [1787239332.874804523] [a3_receive_input_gateway]: gateway calibrated=yes frame_age=728728.2ms frames=246288 ball=5542 base_poses=90832 invalid=0 station_ok=yes
[INFO] [1787239333.874335799] [a3_receive_input_gateway]: gateway calibrated=yes frame_age=729728.0ms frames=246288 ball=5542 base_poses=90832 invalid=0 station_ok=yes
[INFO] [1787239334.874310920] [a3_receive_input_gateway]: gateway calibrated=yes frame_age=730727.9ms frames=246288 ball=5542 base_poses=90832 invalid=0 station_ok=yes
[INFO] [1787239335.874349910] [a3_receive_input_gateway]: gateway calibrated=yes frame_age=731728.0ms frames=246288 ball=5542 base_poses=90832 invalid=0 station_ok=yes
[INFO] [1787239336.874339610] [a3_receive_input_gateway]: gateway calibrated=yes frame_age=732728.0ms frames=246288 ball=5542 base_poses=90832 invalid=0 station_ok=yes
[INFO] [1787239337.874521944] [a3_receive_input_gateway]: gateway calibrated=yes frame_age=733728.0ms frames=246288 ball=5542 base_poses=90832 invalid=0 station_ok=yes
[INFO] [1787239338.874675743] [a3_receive_input_gateway]: gateway calibrated=yes frame_age=734728.1ms frames=246288 ball=5542 base_poses=90832 invalid=0 station_ok=yes
[INFO] [1787239339.874697167] [a3_receive_input_gateway]: gateway calibrated=yes frame_age=735728.1ms frames=246288 ball=5542 base_poses=90832 invalid=0 station_ok=yes
[INFO] [1787239340.874381359] [a3_receive_input_gateway]: gateway calibrated=yes frame_age=736728.0ms frames=246288 ball=5542 base_poses=90832 invalid=0 station_ok=yes
[INFO] [1787239341.874589610] [a3_receive_input_gateway]: gateway calibrated=yes frame_age=737728.2ms frames=246288 ball=5542 base_poses=90832 invalid=0 station_ok=yes
[INFO] [1787239342.875073932] [a3_receive_input_gateway]: gateway calibrated=yes frame_age=738728.6ms frames=246288 ball=5542 base_poses=90832 invalid=0 station_ok=yes
[INFO] [1787239343.874653896] [a3_receive_input_gateway]: gateway calibrated=yes frame_age=739728.2ms frames=246288 ball=5542 base_poses=90832 invalid=0 station_ok=yes
[INFO] [1787239344.874572485] [a3_receive_input_gateway]: gateway calibrated=yes frame_age=740728.0ms frames=246288 ball=5542 base_poses=90832 invalid=0 station_ok=yes
[INFO] [1787239345.874385795] [a3_receive_input_gateway]: gateway calibrated=yes frame_age=741728.0ms frames=246288 ball=5542 base_poses=90832 invalid=0 station_ok=yes
[INFO] [1787239346.874572544] [a3_receive_input_gateway]: gateway calibrated=yes frame_age=742728.0ms frames=246288 ball=5542 base_poses=90832 invalid=0 station_ok=yes
[INFO] [1787239347.874452429] [a3_receive_input_gateway]: gateway calibrated=yes frame_age=743728.0ms frames=246288 ball=5542 base_poses=90832 invalid=0 station_ok=yes
[INFO] [1787239348.874544460] [a3_receive_input_gateway]: gateway calibrated=yes frame_age=744728.0ms frames=246288 ball=5542 base_poses=90832 invalid=0 station_ok=yes
[INFO] [1787239349.874529299] [a3_receive_input_gateway]: gateway calibrated=yes frame_age=745728.0ms frames=246288 ball=5542 base_poses=90832 invalid=0 station_ok=yes
[INFO] [1787239350.874590652] [a3_receive_input_gateway]: gateway calibrated=yes frame_age=746728.0ms frames=246288 ball=5542 base_poses=90832 invalid=0 station_ok=yes
[INFO] [1787239351.874376013] [a3_receive_input_gateway]: gateway calibrated=yes frame_age=747728.0ms frames=246288 ball=5542 base_poses=90832 invalid=0 station_ok=yes
[INFO] [1787239352.874325135] [a3_receive_input_gateway]: gateway calibrated=yes frame_age=748727.9ms frames=246288 ball=5542 base_poses=90832 invalid=0 station_ok=yes
[INFO] [1787239353.874304990] [a3_receive_input_gateway]: gateway calibrated=yes frame_age=749727.9ms frames=246288 ball=5542 base_poses=90832 invalid=0 station_ok=yes
[INFO] [1787239354.874553723] [a3_receive_input_gateway]: gateway calibrated=yes frame_age=750728.0ms frames=246288 ball=5542 base_poses=90832 invalid=0 station_ok=yes
[INFO] [1787239355.874351777] [a3_receive_input_gateway]: gateway calibrated=yes frame_age=751728.0ms frames=246288 ball=5542 base_poses=90832 invalid=0 station_ok=yes
[INFO] [1787239356.874440179] [a3_receive_input_gateway]: gateway calibrated=yes frame_age=752728.0ms frames=246288 ball=5542 base_poses=90832 invalid=0 station_ok=yes
[INFO] [1787239357.874301336] [a3_receive_input_gateway]: gateway calibrated=yes frame_age=753727.9ms frames=246288 ball=5542 base_poses=90832 invalid=0 station_ok=yes
[INFO] [1787239358.874304855] [a3_receive_input_gateway]: gateway calibrated=yes frame_age=754727.9ms frames=246288 ball=5542 base_poses=90832 invalid=0 station_ok=yes
[INFO] [1787239359.874431268] [a3_receive_input_gateway]: gateway calibrated=yes frame_age=755728.0ms frames=246288 ball=5542 base_poses=90832 invalid=0 station_ok=yes
[INFO] [1787239360.875067287] [a3_receive_input_gateway]: gateway calibrated=yes frame_age=756728.5ms frames=246288 ball=5542 base_poses=90832 invalid=0 station_ok=yes
[INFO] [1787239361.874690307] [a3_receive_input_gateway]: gateway calibrated=yes frame_age=757728.1ms frames=246288 ball=5542 base_poses=90832 invalid=0 station_ok=yes
[INFO] [1787239362.874376025] [a3_receive_input_gateway]: gateway calibrated=yes frame_age=758728.0ms frames=246288 ball=5542 base_poses=90832 invalid=0 station_ok=yes
[INFO] [1787239363.874356361] [a3_receive_input_gateway]: gateway calibrated=yes frame_age=759728.0ms frames=246288 ball=5542 base_poses=90832 invalid=0 station_ok=yes
[INFO] [1787239364.874639320] [a3_receive_input_gateway]: gateway calibrated=yes frame_age=760728.1ms frames=246288 ball=5542 base_poses=90832 invalid=0 station_ok=yes
[INFO] [1787239365.874640666] [a3_receive_input_gateway]: gateway calibrated=yes frame_age=761728.1ms frames=246288 ball=5542 base_poses=90832 invalid=0 station_ok=yes
[INFO] [1787239366.874624333] [a3_receive_input_gateway]: gateway calibrated=yes frame_age=762728.1ms frames=246288 ball=5542 base_poses=90832 invalid=0 station_ok=yes
[INFO] [1787239368.425049818] [a3_receive_input_gateway]: gateway calibrated=yes frame_age=763728.1ms frames=246288 ball=5542 base_poses=90832 invalid=0 station_ok=yes
[INFO] [1787239368.874618280] [a3_receive_input_gateway]: gateway calibrated=yes frame_age=764177.7ms frames=246288 ball=5542 base_poses=90832 invalid=0 station_ok=yes
[INFO] [1787239369.874607502] [a3_receive_input_gateway]: gateway calibrated=yes frame_age=765177.7ms frames=246288 ball=5542 base_poses=90832 invalid=0 station_ok=yes
[INFO] [1787239370.874606299] [a3_receive_input_gateway]: gateway calibrated=yes frame_age=766177.7ms frames=246288 ball=5542 base_poses=90832 invalid=0 station_ok=yes
[INFO] [1787239371.874605452] [a3_receive_input_gateway]: gateway calibrated=yes frame_age=767177.6ms frames=246288 ball=5542 base_poses=90832 invalid=0 station_ok=yes
[INFO] [1787239372.874598808] [a3_receive_input_gateway]: gateway calibrated=yes frame_age=768177.6ms frames=246288 ball=5542 base_poses=90832 invalid=0 station_ok=yes
[INFO] [1787239373.874652591] [a3_receive_input_gateway]: gateway calibrated=yes frame_age=769177.7ms frames=246288 ball=5542 base_poses=90832 invalid=0 station_ok=yes
[INFO] [1787239374.874648796] [a3_receive_input_gateway]: gateway calibrated=yes frame_age=770177.7ms frames=246288 ball=5542 base_poses=90832 invalid=0 station_ok=yes
[INFO] [1787239375.874543380] [a3_receive_input_gateway]: gateway calibrated=yes frame_age=771177.6ms frames=246288 ball=5542 base_poses=90832 invalid=0 station_ok=yes
[INFO] [1787239376.874645998] [a3_receive_input_gateway]: gateway calibrated=yes frame_age=772177.7ms frames=246288 ball=5542 base_poses=90832 invalid=0 station_ok=yes
[INFO] [1787239377.874516686] [a3_receive_input_gateway]: gateway calibrated=yes frame_age=773177.6ms frames=246288 ball=5542 base_poses=90832 invalid=0 station_ok=yes
[INFO] [1787239378.874693324] [a3_receive_input_gateway]: gateway calibrated=yes frame_age=774177.7ms frames=246288 ball=5542 base_poses=90832 invalid=0 station_ok=yes
[INFO] [1787239379.874768907] [a3_receive_input_gateway]: gateway calibrated=yes frame_age=775177.7ms frames=246288 ball=5542 base_poses=90832 invalid=0 station_ok=yes
[INFO] [1787239380.874596909] [a3_receive_input_gateway]: gateway calibrated=yes frame_age=776177.7ms frames=246288 ball=5542 base_poses=90832 invalid=0 station_ok=yes
[INFO] [1787239381.874435216] [a3_receive_input_gateway]: gateway calibrated=yes frame_age=777177.7ms frames=246288 ball=5542 base_poses=90832 invalid=0 station_ok=yes
[INFO] [1787239382.874357145] [a3_receive_input_gateway]: gateway calibrated=yes frame_age=778177.6ms frames=246288 ball=5542 base_poses=90832 invalid=0 station_ok=yes
[INFO] [1787239383.874426881] [a3_receive_input_gateway]: gateway calibrated=yes frame_age=779177.6ms frames=246288 ball=5542 base_poses=90832 invalid=0 station_ok=yes
[INFO] [1787239384.874335085] [a3_receive_input_gateway]: gateway calibrated=yes frame_age=780177.6ms frames=246288 ball=5542 base_poses=90832 invalid=0 station_ok=yes
[INFO] [1787239385.874738329] [a3_receive_input_gateway]: gateway calibrated=yes frame_age=781178.0ms frames=246288 ball=5542 base_poses=90832 invalid=0 station_ok=yes
[INFO] [1787239386.874326152] [a3_receive_input_gateway]: gateway calibrated=yes frame_age=782177.6ms frames=246288 ball=5542 base_poses=90832 invalid=0 station_ok=yes
[INFO] [1787239387.874354805] [a3_receive_input_gateway]: gateway calibrated=yes frame_age=783177.6ms frames=246288 ball=5542 base_poses=90832 invalid=0 station_ok=yes
[INFO] [1787239388.874519265] [a3_receive_input_gateway]: gateway calibrated=yes frame_age=784177.6ms frames=246288 ball=5542 base_poses=90832 invalid=0 station_ok=yes
[INFO] [1787239389.874321889] [a3_receive_input_gateway]: gateway calibrated=yes frame_age=785177.6ms frames=246288 ball=5542 base_poses=90832 invalid=0 station_ok=yes
[INFO] [1787239390.874590016] [a3_receive_input_gateway]: gateway calibrated=yes frame_age=786177.7ms frames=246288 ball=5542 base_poses=90832 invalid=0 station_ok=yes
[INFO] [1787239391.874516650] [a3_receive_input_gateway]: gateway calibrated=yes frame_age=787177.6ms frames=246288 ball=5542 base_poses=90832 invalid=0 station_ok=yes
[INFO] [1787239392.874590776] [a3_receive_input_gateway]: gateway calibrated=yes frame_age=788177.6ms frames=246288 ball=5542 base_poses=90832 invalid=0 station_ok=yes
[INFO] [1787239393.874533019] [a3_receive_input_gateway]: gateway calibrated=yes frame_age=789177.6ms frames=246288 ball=5542 base_poses=90832 invalid=0 station_ok=yes
[INFO] [1787239394.874713044] [a3_receive_input_gateway]: gateway calibrated=yes frame_age=790177.7ms frames=246288 ball=5542 base_poses=90832 invalid=0 station_ok=yes
[INFO] [1787239395.874648962] [a3_receive_input_gateway]: gateway calibrated=yes frame_age=791177.7ms frames=246288 ball=5542 base_poses=90832 invalid=0 station_ok=yes
[INFO] [1787239396.874596309] [a3_receive_input_gateway]: gateway calibrated=yes frame_age=792177.7ms frames=246288 ball=5542 base_poses=90832 invalid=0 station_ok=yes
[INFO] [1787239397.874641540] [a3_receive_input_gateway]: gateway calibrated=yes frame_age=793177.7ms frames=246288 ball=5542 base_poses=90832 invalid=0 station_ok=yes
[INFO] [1787239398.874574077] [a3_receive_input_gateway]: gateway calibrated=yes frame_age=794177.6ms frames=246288 ball=5542 base_poses=90832 invalid=0 station_ok=yes
[INFO] [1787239399.874511058] [a3_receive_input_gateway]: gateway calibrated=yes frame_age=795177.7ms frames=246288 ball=5542 base_poses=90832 invalid=0 station_ok=yes
[INFO] [1787239400.874672702] [a3_receive_input_gateway]: gateway calibrated=yes frame_age=796177.7ms frames=246288 ball=5542 base_poses=90832 invalid=0 station_ok=yes
[INFO] [1787239401.874535158] [a3_receive_input_gateway]: gateway calibrated=yes frame_age=797177.6ms frames=246288 ball=5542 base_poses=90832 invalid=0 station_ok=yes
[INFO] [1787239402.874345590] [a3_receive_input_gateway]: gateway calibrated=yes frame_age=798177.6ms frames=246288 ball=5542 base_poses=90832 invalid=0 station_ok=yes
[INFO] [1787239403.875214949] [a3_receive_input_gateway]: gateway calibrated=yes frame_age=799178.5ms frames=246288 ball=5542 base_poses=90832 invalid=0 station_ok=yes
[INFO] [1787239404.874299497] [a3_receive_input_gateway]: gateway calibrated=yes frame_age=800177.6ms frames=246288 ball=5542 base_poses=90832 invalid=0 station_ok=yes
[INFO] [1787239405.874313602] [a3_receive_input_gateway]: gateway calibrated=yes frame_age=801177.6ms frames=246288 ball=5542 base_poses=90832 invalid=0 station_ok=yes
[INFO] [1787239406.875126385] [a3_receive_input_gateway]: gateway calibrated=yes frame_age=802178.4ms frames=246288 ball=5542 base_poses=90832 invalid=0 station_ok=yes
[INFO] [1787239407.874407082] [a3_receive_input_gateway]: gateway calibrated=yes frame_age=803177.6ms frames=246288 ball=5542 base_poses=90832 invalid=0 station_ok=yes
[INFO] [1787239408.874511491] [a3_receive_input_gateway]: gateway calibrated=yes frame_age=804177.6ms frames=246288 ball=5542 base_poses=90832 invalid=0 station_ok=yes
[INFO] [1787239409.874376908] [a3_receive_input_gateway]: gateway calibrated=yes frame_age=805177.6ms frames=246288 ball=5542 base_poses=90832 invalid=0 station_ok=yes
[INFO] [1787239410.874667741] [a3_receive_input_gateway]: gateway calibrated=yes frame_age=806177.7ms frames=246288 ball=5542 base_poses=90832 invalid=0 station_ok=yes
[INFO] [1787239411.874305235] [a3_receive_input_gateway]: gateway calibrated=yes frame_age=807177.5ms frames=246288 ball=5542 base_poses=90832 invalid=0 station_ok=yes
[INFO] [1787239412.874439149] [a3_receive_input_gateway]: gateway calibrated=yes frame_age=808177.6ms frames=246288 ball=5542 base_poses=90832 invalid=0 station_ok=yes
[INFO] [1787239413.874390160] [a3_receive_input_gateway]: gateway calibrated=yes frame_age=809177.6ms frames=246288 ball=5542 base_poses=90832 invalid=0 station_ok=yes
[INFO] [1787239414.874434424] [a3_receive_input_gateway]: gateway calibrated=yes frame_age=810177.6ms frames=246288 ball=5542 base_poses=90832 invalid=0 station_ok=yes
[INFO] [1787239415.874596597] [a3_receive_input_gateway]: gateway calibrated=yes frame_age=811177.7ms frames=246288 ball=5542 base_poses=90832 invalid=0 station_ok=yes
[INFO] [1787239416.874344416] [a3_receive_input_gateway]: gateway calibrated=yes frame_age=812177.6ms frames=246288 ball=5542 base_poses=90832 invalid=0 station_ok=yes
[INFO] [1787239417.874543801] [a3_receive_input_gateway]: gateway calibrated=yes frame_age=813177.6ms frames=246288 ball=5542 base_poses=90832 invalid=0 station_ok=yes
[INFO] [1787239418.874337757] [a3_receive_input_gateway]: gateway calibrated=yes frame_age=814177.6ms frames=246288 ball=5542 base_poses=90832 invalid=0 station_ok=yes
[INFO] [1787239419.874373806] [a3_receive_input_gateway]: gateway calibrated=yes frame_age=815177.6ms frames=246288 ball=5542 base_poses=90832 invalid=0 station_ok=yes
[INFO] [1787239420.874452211] [a3_receive_input_gateway]: gateway calibrated=yes frame_age=816177.6ms frames=246288 ball=5542 base_poses=90832 invalid=0 station_ok=yes
[INFO] [1787239421.874360788] [a3_receive_input_gateway]: gateway calibrated=yes frame_age=817177.6ms frames=246288 ball=5542 base_poses=90832 invalid=0 station_ok=yes
[INFO] [1787239422.874516086] [a3_receive_input_gateway]: gateway calibrated=yes frame_age=818177.6ms frames=246288 ball=5542 base_poses=90832 invalid=0 station_ok=yes
[INFO] [1787239423.874566308] [a3_receive_input_gateway]: gateway calibrated=yes frame_age=819177.6ms frames=246288 ball=5542 base_poses=90832 invalid=0 station_ok=yes
[INFO] [1787239424.874498037] [a3_receive_input_gateway]: gateway calibrated=yes frame_age=820177.6ms frames=246288 ball=5542 base_poses=90832 invalid=0 station_ok=yes
[INFO] [1787239425.874384029] [a3_receive_input_gateway]: gateway calibrated=yes frame_age=821177.6ms frames=246288 ball=5542 base_poses=90832 invalid=0 station_ok=yes
[INFO] [1787239426.874441629] [a3_receive_input_gateway]: gateway calibrated=yes frame_age=822177.6ms frames=246288 ball=5542 base_poses=90832 invalid=0 station_ok=yes
[INFO] [1787239427.874456613] [a3_receive_input_gateway]: gateway calibrated=yes frame_age=823177.7ms frames=246288 ball=5542 base_poses=90832 invalid=0 station_ok=yes
[INFO] [1787239428.874576602] [a3_receive_input_gateway]: gateway calibrated=yes frame_age=824177.6ms frames=246288 ball=5542 base_poses=90832 invalid=0 station_ok=yes
[INFO] [1787239429.874510595] [a3_receive_input_gateway]: gateway calibrated=yes frame_age=825177.6ms frames=246288 ball=5542 base_poses=90832 invalid=0 station_ok=yes
[INFO] [1787239430.874392370] [a3_receive_input_gateway]: gateway calibrated=yes frame_age=826177.6ms frames=246288 ball=5542 base_poses=90832 invalid=0 station_ok=yes
[INFO] [1787239431.874428090] [a3_receive_input_gateway]: gateway calibrated=yes frame_age=827177.6ms frames=246288 ball=5542 base_poses=90832 invalid=0 station_ok=yes
[INFO] [1787239432.874706732] [a3_receive_input_gateway]: gateway calibrated=yes frame_age=828177.7ms frames=246288 ball=5542 base_poses=90832 invalid=0 station_ok=yes
[INFO] [1787239433.874541191] [a3_receive_input_gateway]: gateway calibrated=yes frame_age=829177.6ms frames=246288 ball=5542 base_poses=90832 invalid=0 station_ok=yes
[INFO] [1787239434.874337242] [a3_receive_input_gateway]: gateway calibrated=yes frame_age=830177.6ms frames=246288 ball=5542 base_poses=90832 invalid=0 station_ok=yes
[INFO] [1787239435.874298553] [a3_receive_input_gateway]: gateway calibrated=yes frame_age=831177.6ms frames=246288 ball=5542 base_poses=90832 invalid=0 station_ok=yes
[INFO] [1787239436.874342912] [a3_receive_input_gateway]: gateway calibrated=yes frame_age=832177.6ms frames=246288 ball=5542 base_poses=90832 invalid=0 station_ok=yes
[INFO] [1787239437.874316454] [a3_receive_input_gateway]: gateway calibrated=yes frame_age=833177.6ms frames=246288 ball=5542 base_poses=90832 invalid=0 station_ok=yes
[INFO] [1787239438.874497507] [a3_receive_input_gateway]: gateway calibrated=yes frame_age=834614.4ms frames=246288 ball=5542 base_poses=90832 invalid=0 station_ok=yes
[INFO] [1787239439.874727478] [a3_receive_input_gateway]: gateway calibrated=yes frame_age=835614.7ms frames=246288 ball=5542 base_poses=90832 invalid=0 station_ok=yes
[INFO] [1787239440.874581233] [a3_receive_input_gateway]: gateway calibrated=yes frame_age=836614.4ms frames=246288 ball=5542 base_poses=90832 invalid=0 station_ok=yes
[INFO] [1787239441.874419407] [a3_receive_input_gateway]: gateway calibrated=yes frame_age=837614.4ms frames=246288 ball=5542 base_poses=90832 invalid=0 station_ok=yes
[INFO] [1787239442.874701239] [a3_receive_input_gateway]: gateway calibrated=yes frame_age=838614.5ms frames=246288 ball=5542 base_poses=90832 invalid=0 station_ok=yes
[INFO] [1787239443.874619919] [a3_receive_input_gateway]: gateway calibrated=yes frame_age=839614.4ms frames=246288 ball=5542 base_poses=90832 invalid=0 station_ok=yes
[INFO] [1787239444.874664586] [a3_receive_input_gateway]: gateway calibrated=yes frame_age=840614.5ms frames=246288 ball=5542 base_poses=90832 invalid=0 station_ok=yes
[INFO] [1787239445.874430610] [a3_receive_input_gateway]: gateway calibrated=yes frame_age=841614.4ms frames=246288 ball=5542 base_poses=90832 invalid=0 station_ok=yes
[INFO] [1787239446.874523131] [a3_receive_input_gateway]: gateway calibrated=yes frame_age=842614.4ms frames=246288 ball=5542 base_poses=90832 invalid=0 station_ok=yes
[INFO] [1787239447.874495737] [a3_receive_input_gateway]: gateway calibrated=yes frame_age=843614.3ms frames=246288 ball=5542 base_poses=90832 invalid=0 station_ok=yes
[INFO] [1787239448.874684091] [a3_receive_input_gateway]: gateway calibrated=yes frame_age=844614.5ms frames=246288 ball=5542 base_poses=90832 invalid=0 station_ok=yes
[INFO] [1787239449.874389543] [a3_receive_input_gateway]: gateway calibrated=yes frame_age=845614.4ms frames=246288 ball=5542 base_poses=90832 invalid=0 station_ok=yes
[INFO] [1787239450.874424721] [a3_receive_input_gateway]: gateway calibrated=yes frame_age=846614.4ms frames=246288 ball=5542 base_poses=90832 invalid=0 station_ok=yes
[INFO] [1787239451.874341682] [a3_receive_input_gateway]: gateway calibrated=yes frame_age=847614.3ms frames=246288 ball=5542 base_poses=90832 invalid=0 station_ok=yes
[INFO] [1787239452.874302994] [a3_receive_input_gateway]: gateway calibrated=yes frame_age=848614.3ms frames=246288 ball=5542 base_poses=90832 invalid=0 station_ok=yes
[INFO] [1787239453.874354532] [a3_receive_input_gateway]: gateway calibrated=yes frame_age=849614.4ms frames=246288 ball=5542 base_poses=90832 invalid=0 station_ok=yes
[INFO] [1787239454.874302686] [a3_receive_input_gateway]: gateway calibrated=yes frame_age=850614.3ms frames=246288 ball=5542 base_poses=90832 invalid=0 station_ok=yes
[INFO] [1787239455.874372335] [a3_receive_input_gateway]: gateway calibrated=yes frame_age=851614.4ms frames=246288 ball=5542 base_poses=90832 invalid=0 station_ok=yes
[INFO] [1787239456.874580193] [a3_receive_input_gateway]: gateway calibrated=yes frame_age=852614.4ms frames=246288 ball=5542 base_poses=90832 invalid=0 station_ok=yes
[INFO] [1787239457.874350720] [a3_receive_input_gateway]: gateway calibrated=yes frame_age=853614.3ms frames=246288 ball=5542 base_poses=90832 invalid=0 station_ok=yes
[INFO] [1787239458.874352659] [a3_receive_input_gateway]: gateway calibrated=yes frame_age=854614.3ms frames=246288 ball=5542 base_poses=90832 invalid=0 station_ok=yes
[INFO] [1787239459.874529191] [a3_receive_input_gateway]: gateway calibrated=yes frame_age=855614.4ms frames=246288 ball=5542 base_poses=90832 invalid=0 station_ok=yes
[INFO] [1787239460.874538619] [a3_receive_input_gateway]: gateway calibrated=yes frame_age=856614.4ms frames=246288 ball=5542 base_poses=90832 invalid=0 station_ok=yes
[INFO] [1787239461.874551144] [a3_receive_input_gateway]: gateway calibrated=yes frame_age=857614.4ms frames=246288 ball=5542 base_poses=90832 invalid=0 station_ok=yes
[INFO] [1787239462.874406631] [a3_receive_input_gateway]: gateway calibrated=yes frame_age=858614.3ms frames=246288 ball=5542 base_poses=90832 invalid=0 station_ok=yes
[INFO] [1787239463.874520422] [a3_receive_input_gateway]: gateway calibrated=yes frame_age=859614.4ms frames=246288 ball=5542 base_poses=90832 invalid=0 station_ok=yes
[INFO] [1787239464.874306619] [a3_receive_input_gateway]: gateway calibrated=yes frame_age=860614.3ms frames=246288 ball=5542 base_poses=90832 invalid=0 station_ok=yes
[INFO] [1787239465.874302721] [a3_receive_input_gateway]: gateway calibrated=yes frame_age=861614.3ms frames=246288 ball=5542 base_poses=90832 invalid=0 station_ok=yes
[INFO] [1787239466.874352401] [a3_receive_input_gateway]: gateway calibrated=yes frame_age=862614.3ms frames=246288 ball=5542 base_poses=90832 invalid=0 station_ok=yes
[INFO] [1787239467.874525480] [a3_receive_input_gateway]: gateway calibrated=yes frame_age=863614.4ms frames=246288 ball=5542 base_poses=90832 invalid=0 station_ok=yes
[INFO] [1787239468.874316647] [a3_receive_input_gateway]: gateway calibrated=yes frame_age=864614.3ms frames=246288 ball=5542 base_poses=90832 invalid=0 station_ok=yes
[INFO] [1787239469.874631994] [a3_receive_input_gateway]: gateway calibrated=yes frame_age=865614.5ms frames=246288 ball=5542 base_poses=90832 invalid=0 station_ok=yes
[INFO] [1787239470.874307079] [a3_receive_input_gateway]: gateway calibrated=yes frame_age=866614.3ms frames=246288 ball=5542 base_poses=90832 invalid=0 station_ok=yes
[INFO] [1787239471.874545134] [a3_receive_input_gateway]: gateway calibrated=yes frame_age=867614.4ms frames=246288 ball=5542 base_poses=90832 invalid=0 station_ok=yes
[INFO] [1787239472.874290344] [a3_receive_input_gateway]: gateway calibrated=yes frame_age=868614.3ms frames=246288 ball=5542 base_poses=90832 invalid=0 station_ok=yes
[INFO] [1787239473.874298583] [a3_receive_input_gateway]: gateway calibrated=yes frame_age=869614.3ms frames=246288 ball=5542 base_poses=90832 invalid=0 station_ok=yes
[INFO] [1787239474.874597829] [a3_receive_input_gateway]: gateway calibrated=yes frame_age=870614.4ms frames=246288 ball=5542 base_poses=90832 invalid=0 station_ok=yes
[INFO] [1787239475.874379575] [a3_receive_input_gateway]: gateway calibrated=yes frame_age=871614.4ms frames=246288 ball=5542 base_poses=90832 invalid=0 station_ok=yes
[INFO] [1787239476.874522874] [a3_receive_input_gateway]: gateway calibrated=yes frame_age=872614.4ms frames=246288 ball=5542 base_poses=90832 invalid=0 station_ok=yes
[INFO] [1787239477.874570604] [a3_receive_input_gateway]: gateway calibrated=yes frame_age=873614.4ms frames=246288 ball=5542 base_poses=90832 invalid=0 station_ok=yes
[INFO] [1787239478.874543260] [a3_receive_input_gateway]: gateway calibrated=yes frame_age=874614.4ms frames=246288 ball=5542 base_poses=90832 invalid=0 station_ok=yes
[INFO] [1787239479.874553412] [a3_receive_input_gateway]: gateway calibrated=yes frame_age=875614.4ms frames=246288 ball=5542 base_poses=90832 invalid=0 station_ok=yes
[INFO] [1787239480.874302958] [a3_receive_input_gateway]: gateway calibrated=yes frame_age=876614.3ms frames=246288 ball=5542 base_poses=90832 invalid=0 station_ok=yes
[INFO] [1787239481.874292132] [a3_receive_input_gateway]: gateway calibrated=yes frame_age=877614.3ms frames=246288 ball=5542 base_poses=90832 invalid=0 station_ok=yes
[INFO] [1787239482.874643705] [a3_receive_input_gateway]: gateway calibrated=yes frame_age=878614.5ms frames=246288 ball=5542 base_poses=90832 invalid=0 station_ok=yes
[INFO] [1787239483.874564971] [a3_receive_input_gateway]: gateway calibrated=yes frame_age=879614.4ms frames=246288 ball=5542 base_poses=90832 invalid=0 station_ok=yes
[INFO] [1787239484.874620130] [a3_receive_input_gateway]: gateway calibrated=yes frame_age=880614.4ms frames=246288 ball=5542 base_poses=90832 invalid=0 station_ok=yes
[INFO] [1787239485.874631991] [a3_receive_input_gateway]: gateway calibrated=yes frame_age=881614.5ms frames=246288 ball=5542 base_poses=90832 invalid=0 station_ok=yes
[INFO] [1787239486.874716681] [a3_receive_input_gateway]: gateway calibrated=yes frame_age=882614.5ms frames=246288 ball=5542 base_poses=90832 invalid=0 station_ok=yes
[INFO] [1787239487.874480296] [a3_receive_input_gateway]: gateway calibrated=yes frame_age=883614.4ms frames=246288 ball=5542 base_poses=90832 invalid=0 station_ok=yes
[INFO] [1787239488.874548243] [a3_receive_input_gateway]: gateway calibrated=yes frame_age=884614.4ms frames=246288 ball=5542 base_poses=90832 invalid=0 station_ok=yes
[INFO] [1787239489.874473361] [a3_receive_input_gateway]: gateway calibrated=yes frame_age=885614.4ms frames=246288 ball=5542 base_poses=90832 invalid=0 station_ok=yes
[INFO] [1787239490.874412984] [a3_receive_input_gateway]: gateway calibrated=yes frame_age=886614.4ms frames=246288 ball=5542 base_poses=90832 invalid=0 station_ok=yes
[INFO] [1787239491.874312510] [a3_receive_input_gateway]: gateway calibrated=yes frame_age=887614.3ms frames=246288 ball=5542 base_poses=90832 invalid=0 station_ok=yes
[INFO] [1787239492.874400821] [a3_receive_input_gateway]: gateway calibrated=yes frame_age=888614.4ms frames=246288 ball=5542 base_poses=90832 invalid=0 station_ok=yes
[INFO] [1787239493.874346013] [a3_receive_input_gateway]: gateway calibrated=yes frame_age=889614.3ms frames=246288 ball=5542 base_poses=90832 invalid=0 station_ok=yes
[INFO] [1787239494.874288279] [a3_receive_input_gateway]: gateway calibrated=yes frame_age=890614.3ms frames=246288 ball=5542 base_poses=90832 invalid=0 station_ok=yes
[INFO] [1787239495.874329257] [a3_receive_input_gateway]: gateway calibrated=yes frame_age=891614.3ms frames=246288 ball=5542 base_poses=90832 invalid=0 station_ok=yes
[INFO] [1787239496.874645511] [a3_receive_input_gateway]: gateway calibrated=yes frame_age=892614.5ms frames=246288 ball=5542 base_poses=90832 invalid=0 station_ok=yes
[INFO] [1787239497.874637780] [a3_receive_input_gateway]: gateway calibrated=yes frame_age=893614.5ms frames=246288 ball=5542 base_poses=90832 invalid=0 station_ok=yes
[INFO] [1787239498.875000833] [a3_receive_input_gateway]: gateway calibrated=yes frame_age=894614.7ms frames=246288 ball=5542 base_poses=90832 invalid=0 station_ok=yes
[INFO] [1787239499.874356178] [a3_receive_input_gateway]: gateway calibrated=yes frame_age=895614.3ms frames=246288 ball=5542 base_poses=90832 invalid=0 station_ok=yes
[INFO] [1787239500.874556807] [a3_receive_input_gateway]: gateway calibrated=yes frame_age=896614.4ms frames=246288 ball=5542 base_poses=90832 invalid=0 station_ok=yes
[INFO] [1787239501.874441032] [a3_receive_input_gateway]: gateway calibrated=yes frame_age=897614.3ms frames=246288 ball=5542 base_poses=90832 invalid=0 station_ok=yes
[INFO] [1787239502.874590614] [a3_receive_input_gateway]: gateway calibrated=yes frame_age=898614.5ms frames=246288 ball=5542 base_poses=90832 invalid=0 station_ok=yes
[INFO] [1787239503.874461562] [a3_receive_input_gateway]: gateway calibrated=yes frame_age=899614.3ms frames=246288 ball=5542 base_poses=90832 invalid=0 station_ok=yes
[INFO] [1787239504.874593540] [a3_receive_input_gateway]: gateway calibrated=yes frame_age=900614.5ms frames=246288 ball=5542 base_poses=90832 invalid=0 station_ok=yes
[INFO] [1787239505.874456408] [a3_receive_input_gateway]: gateway calibrated=yes frame_age=901614.4ms frames=246288 ball=5542 base_poses=90832 invalid=0 station_ok=yes
[INFO] [1787239506.874428243] [a3_receive_input_gateway]: gateway calibrated=yes frame_age=902614.4ms frames=246288 ball=5542 base_poses=90832 invalid=0 station_ok=yes
[INFO] [1787239507.874527080] [a3_receive_input_gateway]: gateway calibrated=yes frame_age=903614.4ms frames=246288 ball=5542 base_poses=90832 invalid=0 station_ok=yes
[INFO] [1787239508.874629439] [a3_receive_input_gateway]: gateway calibrated=yes frame_age=904614.5ms frames=246288 ball=5542 base_poses=90832 invalid=0 station_ok=yes
[INFO] [1787239509.874655614] [a3_receive_input_gateway]: gateway calibrated=yes frame_age=905614.5ms frames=246288 ball=5542 base_poses=90832 invalid=0 station_ok=yes
[INFO] [1787239510.874476267] [a3_receive_input_gateway]: gateway calibrated=yes frame_age=906614.5ms frames=246288 ball=5542 base_poses=90832 invalid=0 station_ok=yes
[INFO] [1787239511.874325298] [a3_receive_input_gateway]: gateway calibrated=yes frame_age=907614.3ms frames=246288 ball=5542 base_poses=90832 invalid=0 station_ok=yes
[INFO] [1787239512.874507608] [a3_receive_input_gateway]: gateway calibrated=yes frame_age=908614.4ms frames=246288 ball=5542 base_poses=90832 invalid=0 station_ok=yes
[INFO] [1787239513.874340255] [a3_receive_input_gateway]: gateway calibrated=yes frame_age=909614.3ms frames=246288 ball=5542 base_poses=90832 invalid=0 station_ok=yes
[INFO] [1787239514.874323184] [a3_receive_input_gateway]: gateway calibrated=yes frame_age=910614.3ms frames=246288 ball=5542 base_poses=90832 invalid=0 station_ok=yes
[INFO] [1787239515.874493195] [a3_receive_input_gateway]: gateway calibrated=yes frame_age=911614.4ms frames=246288 ball=5542 base_poses=90832 invalid=0 station_ok=yes
[INFO] [1787239516.874365754] [a3_receive_input_gateway]: gateway calibrated=yes frame_age=912614.4ms frames=246288 ball=5542 base_poses=90832 invalid=0 station_ok=yes
[INFO] [1787239517.874484471] [a3_receive_input_gateway]: gateway calibrated=yes frame_age=913614.5ms frames=246288 ball=5542 base_poses=90832 invalid=0 station_ok=yes
[INFO] [1787239518.874292840] [a3_receive_input_gateway]: gateway calibrated=yes frame_age=914614.3ms frames=246288 ball=5542 base_poses=90832 invalid=0 station_ok=yes
[INFO] [1787239519.874372736] [a3_receive_input_gateway]: gateway calibrated=yes frame_age=915614.4ms frames=246288 ball=5542 base_poses=90832 invalid=0 station_ok=yes
[INFO] [1787239520.874450576] [a3_receive_input_gateway]: gateway calibrated=yes frame_age=916614.3ms frames=246288 ball=5542 base_poses=90832 invalid=0 station_ok=yes
[INFO] [1787239521.874517467] [a3_receive_input_gateway]: gateway calibrated=yes frame_age=917614.4ms frames=246288 ball=5542 base_poses=90832 invalid=0 station_ok=yes
[INFO] [1787239522.874698573] [a3_receive_input_gateway]: gateway calibrated=yes frame_age=918614.5ms frames=246288 ball=5542 base_poses=90832 invalid=0 station_ok=yes
[INFO] [1787239523.874440033] [a3_receive_input_gateway]: gateway calibrated=yes frame_age=919614.3ms frames=246288 ball=5542 base_poses=90832 invalid=0 station_ok=yes
[INFO] [1787239524.874336490] [a3_receive_input_gateway]: gateway calibrated=yes frame_age=920614.3ms frames=246288 ball=5542 base_poses=90832 invalid=0 station_ok=yes
[INFO] [1787239525.874365895] [a3_receive_input_gateway]: gateway calibrated=yes frame_age=921614.3ms frames=246288 ball=5542 base_poses=90832 invalid=0 station_ok=yes
[INFO] [1787239526.874550242] [a3_receive_input_gateway]: gateway calibrated=yes frame_age=922614.5ms frames=246288 ball=5542 base_poses=90832 invalid=0 station_ok=yes
[INFO] [1787239527.875128648] [a3_receive_input_gateway]: gateway calibrated=yes frame_age=923614.8ms frames=246288 ball=5542 base_poses=90832 invalid=0 station_ok=yes
[INFO] [1787239528.874540723] [a3_receive_input_gateway]: gateway calibrated=yes frame_age=924614.5ms frames=246288 ball=5542 base_poses=90832 invalid=0 station_ok=yes
[INFO] [1787239529.874492060] [a3_receive_input_gateway]: gateway calibrated=yes frame_age=925614.4ms frames=246288 ball=5542 base_poses=90832 invalid=0 station_ok=yes
[INFO] [1787239530.874354409] [a3_receive_input_gateway]: gateway calibrated=yes frame_age=926614.3ms frames=246288 ball=5542 base_poses=90832 invalid=0 station_ok=yes
[INFO] [1787239531.874814491] [a3_receive_input_gateway]: gateway calibrated=yes frame_age=927614.5ms frames=246288 ball=5542 base_poses=90832 invalid=0 station_ok=yes
[INFO] [1787239532.875105929] [a3_receive_input_gateway]: gateway calibrated=yes frame_age=928615.1ms frames=246288 ball=5542 base_poses=90832 invalid=0 station_ok=yes
[INFO] [1787239533.874333262] [a3_receive_input_gateway]: gateway calibrated=yes frame_age=929614.3ms frames=246288 ball=5542 base_poses=90832 invalid=0 station_ok=yes
[INFO] [1787239534.874436265] [a3_receive_input_gateway]: gateway calibrated=yes frame_age=930614.4ms frames=246288 ball=5542 base_poses=90832 invalid=0 station_ok=yes
[INFO] [1787239535.874343904] [a3_receive_input_gateway]: gateway calibrated=yes frame_age=931614.3ms frames=246288 ball=5542 base_poses=90832 invalid=0 station_ok=yes
[INFO] [1787239536.874403680] [a3_receive_input_gateway]: gateway calibrated=yes frame_age=932614.3ms frames=246288 ball=5542 base_poses=90832 invalid=0 station_ok=yes
[INFO] [1787239537.874539859] [a3_receive_input_gateway]: gateway calibrated=yes frame_age=933614.4ms frames=246288 ball=5542 base_poses=90832 invalid=0 station_ok=yes
[INFO] [1787239538.874365623] [a3_receive_input_gateway]: gateway calibrated=yes frame_age=934614.4ms frames=246288 ball=5542 base_poses=90832 invalid=0 station_ok=yes
[INFO] [1787239539.874559006] [a3_receive_input_gateway]: gateway calibrated=yes frame_age=935614.5ms frames=246288 ball=5542 base_poses=90832 invalid=0 station_ok=yes
[INFO] [1787239540.874316752] [a3_receive_input_gateway]: gateway calibrated=yes frame_age=936614.3ms frames=246288 ball=5542 base_poses=90832 invalid=0 station_ok=yes
[INFO] [1787239541.874415708] [a3_receive_input_gateway]: gateway calibrated=yes frame_age=937614.4ms frames=246288 ball=5542 base_poses=90832 invalid=0 station_ok=yes
[INFO] [1787239542.874333116] [a3_receive_input_gateway]: gateway calibrated=yes frame_age=938614.3ms frames=246288 ball=5542 base_poses=90832 invalid=0 station_ok=yes
[INFO] [1787239543.874361454] [a3_receive_input_gateway]: gateway calibrated=yes frame_age=939614.4ms frames=246288 ball=5542 base_poses=90832 invalid=0 station_ok=yes
[INFO] [1787239544.874491382] [a3_receive_input_gateway]: gateway calibrated=yes frame_age=940614.4ms frames=246288 ball=5542 base_poses=90832 invalid=0 station_ok=yes
[INFO] [1787239545.874569618] [a3_receive_input_gateway]: gateway calibrated=yes frame_age=941614.5ms frames=246288 ball=5542 base_poses=90832 invalid=0 station_ok=yes
[INFO] [1787239546.874603282] [a3_receive_input_gateway]: gateway calibrated=yes frame_age=942614.5ms frames=246288 ball=5542 base_poses=90832 invalid=0 station_ok=yes
[INFO] [1787239547.874336906] [a3_receive_input_gateway]: gateway calibrated=yes frame_age=943614.3ms frames=246288 ball=5542 base_poses=90832 invalid=0 station_ok=yes
[INFO] [1787239548.874314048] [a3_receive_input_gateway]: gateway calibrated=yes frame_age=944614.3ms frames=246288 ball=5542 base_poses=90832 invalid=0 station_ok=yes
[INFO] [1787239549.874470570] [a3_receive_input_gateway]: gateway calibrated=yes frame_age=945614.5ms frames=246288 ball=5542 base_poses=90832 invalid=0 station_ok=yes
[INFO] [1787239550.874493979] [a3_receive_input_gateway]: gateway calibrated=yes frame_age=946614.4ms frames=246288 ball=5542 base_poses=90832 invalid=0 station_ok=yes
[INFO] [1787239551.874707459] [a3_receive_input_gateway]: gateway calibrated=yes frame_age=947614.5ms frames=246288 ball=5542 base_poses=90832 invalid=0 station_ok=yes
[INFO] [1787239552.874509707] [a3_receive_input_gateway]: gateway calibrated=yes frame_age=948614.4ms frames=246288 ball=5542 base_poses=90832 invalid=0 station_ok=yes
[INFO] [1787239553.874508213] [a3_receive_input_gateway]: gateway calibrated=yes frame_age=949614.4ms frames=246288 ball=5542 base_poses=90832 invalid=0 station_ok=yes
[INFO] [1787239554.874742184] [a3_receive_input_gateway]: gateway calibrated=yes frame_age=950614.4ms frames=246288 ball=5542 base_poses=90832 invalid=0 station_ok=yes
[INFO] [1787239555.874411136] [a3_receive_input_gateway]: gateway calibrated=yes frame_age=951614.3ms frames=246288 ball=5542 base_poses=90832 invalid=0 station_ok=yes
[INFO] [1787239556.874852034] [a3_receive_input_gateway]: gateway calibrated=yes frame_age=952614.6ms frames=246288 ball=5542 base_poses=90832 invalid=0 station_ok=yes
[INFO] [1787239557.875008477] [a3_receive_input_gateway]: gateway calibrated=yes frame_age=953614.6ms frames=246288 ball=5542 base_poses=90832 invalid=0 station_ok=yes
[INFO] [1787239558.874765278] [a3_receive_input_gateway]: gateway calibrated=yes frame_age=954614.5ms frames=246288 ball=5542 base_poses=90832 invalid=0 station_ok=yes
[INFO] [1787239559.874322019] [a3_receive_input_gateway]: gateway calibrated=yes frame_age=955614.3ms frames=246288 ball=5542 base_poses=90832 invalid=0 station_ok=yes
[INFO] [1787239560.874302970] [a3_receive_input_gateway]: gateway calibrated=yes frame_age=956614.3ms frames=246288 ball=5542 base_poses=90832 invalid=0 station_ok=yes
[INFO] [1787239561.874425186] [a3_receive_input_gateway]: gateway calibrated=yes frame_age=957614.4ms frames=246288 ball=5542 base_poses=90832 invalid=0 station_ok=yes
[INFO] [1787239562.874853701] [a3_receive_input_gateway]: gateway calibrated=yes frame_age=958614.6ms frames=246288 ball=5542 base_poses=90832 invalid=0 station_ok=yes
[INFO] [1787239563.874316705] [a3_receive_input_gateway]: gateway calibrated=yes frame_age=959614.3ms frames=246288 ball=5542 base_poses=90832 invalid=0 station_ok=yes
[INFO] [1787239564.874595993] [a3_receive_input_gateway]: gateway calibrated=yes frame_age=960614.5ms frames=246288 ball=5542 base_poses=90832 invalid=0 station_ok=yes
[INFO] [1787239565.874532885] [a3_receive_input_gateway]: gateway calibrated=yes frame_age=961614.4ms frames=246288 ball=5542 base_poses=90832 invalid=0 station_ok=yes
[INFO] [1787239566.874471755] [a3_receive_input_gateway]: gateway calibrated=yes frame_age=962614.4ms frames=246288 ball=5542 base_poses=90832 invalid=0 station_ok=yes
[INFO] [1787239567.874439339] [a3_receive_input_gateway]: gateway calibrated=yes frame_age=963614.3ms frames=246288 ball=5542 base_poses=90832 invalid=0 station_ok=yes
[INFO] [1787239568.874675841] [a3_receive_input_gateway]: gateway calibrated=yes frame_age=964614.5ms frames=246288 ball=5542 base_poses=90832 invalid=0 station_ok=yes
[INFO] [1787239569.874546230] [a3_receive_input_gateway]: gateway calibrated=yes frame_age=965614.4ms frames=246288 ball=5542 base_poses=90832 invalid=0 station_ok=yes
[INFO] [1787239570.874547552] [a3_receive_input_gateway]: gateway calibrated=yes frame_age=966614.4ms frames=246288 ball=5542 base_poses=90832 invalid=0 station_ok=yes
[INFO] [1787239571.874595341] [a3_receive_input_gateway]: gateway calibrated=yes frame_age=967614.5ms frames=246288 ball=5542 base_poses=90832 invalid=0 station_ok=yes
[INFO] [1787239572.874445590] [a3_receive_input_gateway]: gateway calibrated=yes frame_age=968614.4ms frames=246288 ball=5542 base_poses=90832 invalid=0 station_ok=yes
[INFO] [1787239573.874314002] [a3_receive_input_gateway]: gateway calibrated=yes frame_age=969614.3ms frames=246288 ball=5542 base_poses=90832 invalid=0 station_ok=yes
[INFO] [1787239574.874571783] [a3_receive_input_gateway]: gateway calibrated=yes frame_age=970614.5ms frames=246288 ball=5542 base_poses=90832 invalid=0 station_ok=yes
[INFO] [1787239575.874608354] [a3_receive_input_gateway]: gateway calibrated=yes frame_age=971614.4ms frames=246288 ball=5542 base_poses=90832 invalid=0 station_ok=yes
[INFO] [1787239576.874509386] [a3_receive_input_gateway]: gateway calibrated=yes frame_age=972614.4ms frames=246288 ball=5542 base_poses=90832 invalid=0 station_ok=yes
[INFO] [1787239577.874645736] [a3_receive_input_gateway]: gateway calibrated=yes frame_age=973614.5ms frames=246288 ball=5542 base_poses=90832 invalid=0 station_ok=yes
[INFO] [1787239578.874582231] [a3_receive_input_gateway]: gateway calibrated=yes frame_age=974614.5ms frames=246288 ball=5542 base_poses=90832 invalid=0 station_ok=yes
[INFO] [1787239579.874677821] [a3_receive_input_gateway]: gateway calibrated=yes frame_age=975614.5ms frames=246288 ball=5542 base_poses=90832 invalid=0 station_ok=yes
[INFO] [1787239580.874548115] [a3_receive_input_gateway]: gateway calibrated=yes frame_age=976614.4ms frames=246288 ball=5542 base_poses=90832 invalid=0 station_ok=yes
[INFO] [1787239581.874615005] [a3_receive_input_gateway]: gateway calibrated=yes frame_age=977614.4ms frames=246288 ball=5542 base_poses=90832 invalid=0 station_ok=yes
[INFO] [1787239582.874707821] [a3_receive_input_gateway]: gateway calibrated=yes frame_age=978614.5ms frames=246288 ball=5542 base_poses=90832 invalid=0 station_ok=yes
[INFO] [1787239583.874469656] [a3_receive_input_gateway]: gateway calibrated=yes frame_age=979614.3ms frames=246288 ball=5542 base_poses=90832 invalid=0 station_ok=yes
[INFO] [1787239584.874807048] [a3_receive_input_gateway]: gateway calibrated=yes frame_age=980614.5ms frames=246288 ball=5542 base_poses=90832 invalid=0 station_ok=yes
[INFO] [1787239585.874745922] [a3_receive_input_gateway]: gateway calibrated=yes frame_age=981614.5ms frames=246288 ball=5542 base_poses=90832 invalid=0 station_ok=yes
[INFO] [1787239586.874524477] [a3_receive_input_gateway]: gateway calibrated=yes frame_age=982614.4ms frames=246288 ball=5542 base_poses=90832 invalid=0 station_ok=yes
[INFO] [1787239587.874621723] [a3_receive_input_gateway]: gateway calibrated=yes frame_age=983614.4ms frames=246288 ball=5542 base_poses=90832 invalid=0 station_ok=yes
[INFO] [1787239588.874340965] [a3_receive_input_gateway]: gateway calibrated=yes frame_age=984614.4ms frames=246288 ball=5542 base_poses=90832 invalid=0 station_ok=yes
[INFO] [1787239589.874340622] [a3_receive_input_gateway]: gateway calibrated=yes frame_age=985614.3ms frames=246288 ball=5542 base_poses=90832 invalid=0 station_ok=yes
[INFO] [1787239590.874315875] [a3_receive_input_gateway]: gateway calibrated=yes frame_age=986614.3ms frames=246288 ball=5542 base_poses=90832 invalid=0 station_ok=yes
[INFO] [1787239591.874435158] [a3_receive_input_gateway]: gateway calibrated=yes frame_age=987614.4ms frames=246288 ball=5542 base_poses=90832 invalid=0 station_ok=yes
[INFO] [1787239592.874488756] [a3_receive_input_gateway]: gateway calibrated=yes frame_age=988614.4ms frames=246288 ball=5542 base_poses=90832 invalid=0 station_ok=yes
[INFO] [1787239593.874359615] [a3_receive_input_gateway]: gateway calibrated=yes frame_age=989614.3ms frames=246288 ball=5542 base_poses=90832 invalid=0 station_ok=yes
[INFO] [1787239594.874352577] [a3_receive_input_gateway]: gateway calibrated=yes frame_age=990614.3ms frames=246288 ball=5542 base_poses=90832 invalid=0 station_ok=yes
[INFO] [1787239595.874668439] [a3_receive_input_gateway]: gateway calibrated=yes frame_age=991614.5ms frames=246288 ball=5542 base_poses=90832 invalid=0 station_ok=yes
[INFO] [1787239596.874651623] [a3_receive_input_gateway]: gateway calibrated=yes frame_age=992614.4ms frames=246288 ball=5542 base_poses=90832 invalid=0 station_ok=yes
[INFO] [1787239597.874597133] [a3_receive_input_gateway]: gateway calibrated=yes frame_age=993614.4ms frames=246288 ball=5542 base_poses=90832 invalid=0 station_ok=yes
[INFO] [1787239598.874570418] [a3_receive_input_gateway]: gateway calibrated=yes frame_age=994614.4ms frames=246288 ball=5542 base_poses=90832 invalid=0 station_ok=yes
[INFO] [1787239599.874539605] [a3_receive_input_gateway]: gateway calibrated=yes frame_age=995614.4ms frames=246288 ball=5542 base_poses=90832 invalid=0 station_ok=yes
[INFO] [1787239600.874567910] [a3_receive_input_gateway]: gateway calibrated=yes frame_age=996614.4ms frames=246288 ball=5542 base_poses=90832 invalid=0 station_ok=yes
[INFO] [1787239601.874559699] [a3_receive_input_gateway]: gateway calibrated=yes frame_age=997614.4ms frames=246288 ball=5542 base_poses=90832 invalid=0 station_ok=yes
[INFO] [1787239602.874518672] [a3_receive_input_gateway]: gateway calibrated=yes frame_age=998614.4ms frames=246288 ball=5542 base_poses=90832 invalid=0 station_ok=yes
[INFO] [1787239603.874599748] [a3_receive_input_gateway]: gateway calibrated=yes frame_age=999614.4ms frames=246288 ball=5542 base_poses=90832 invalid=0 station_ok=yes
[INFO] [1787239604.874384191] [a3_receive_input_gateway]: gateway calibrated=yes frame_age=1000614.4ms frames=246288 ball=5542 base_poses=90832 invalid=0 station_ok=yes
[INFO] [1787239605.874545061] [a3_receive_input_gateway]: gateway calibrated=yes frame_age=1001614.4ms frames=246288 ball=5542 base_poses=90832 invalid=0 station_ok=yes
[INFO] [1787239606.874688230] [a3_receive_input_gateway]: gateway calibrated=yes frame_age=1002614.5ms frames=246288 ball=5542 base_poses=90832 invalid=0 station_ok=yes
[INFO] [1787239607.874562884] [a3_receive_input_gateway]: gateway calibrated=yes frame_age=1003614.4ms frames=246288 ball=5542 base_poses=90832 invalid=0 station_ok=yes
[INFO] [1787239608.874560628] [a3_receive_input_gateway]: gateway calibrated=yes frame_age=1004614.4ms frames=246288 ball=5542 base_poses=90832 invalid=0 station_ok=yes
[INFO] [1787239609.874696964] [a3_receive_input_gateway]: gateway calibrated=yes frame_age=1005614.5ms frames=246288 ball=5542 base_poses=90832 invalid=0 station_ok=yes
[INFO] [1787239610.874513245] [a3_receive_input_gateway]: gateway calibrated=yes frame_age=1006614.5ms frames=246288 ball=5542 base_poses=90832 invalid=0 station_ok=yes
[INFO] [1787239611.874643718] [a3_receive_input_gateway]: gateway calibrated=yes frame_age=1007614.5ms frames=246288 ball=5542 base_poses=90832 invalid=0 station_ok=yes
[INFO] [1787239612.874608222] [a3_receive_input_gateway]: gateway calibrated=yes frame_age=1008614.4ms frames=246288 ball=5542 base_poses=90832 invalid=0 station_ok=yes
[INFO] [1787239613.874458460] [a3_receive_input_gateway]: gateway calibrated=yes frame_age=1009614.4ms frames=246288 ball=5542 base_poses=90832 invalid=0 station_ok=yes
[INFO] [1787239614.874449105] [a3_receive_input_gateway]: gateway calibrated=yes frame_age=1010614.4ms frames=246288 ball=5542 base_poses=90832 invalid=0 station_ok=yes
[INFO] [1787239615.874483391] [a3_receive_input_gateway]: gateway calibrated=yes frame_age=1011614.4ms frames=246288 ball=5542 base_poses=90832 invalid=0 station_ok=yes
[INFO] [1787239616.874395253] [a3_receive_input_gateway]: gateway calibrated=yes frame_age=1012614.3ms frames=246288 ball=5542 base_poses=90832 invalid=0 station_ok=yes
[INFO] [1787239617.874391734] [a3_receive_input_gateway]: gateway calibrated=yes frame_age=1013614.4ms frames=246288 ball=5542 base_poses=90832 invalid=0 station_ok=yes
[INFO] [1787239618.874381066] [a3_receive_input_gateway]: gateway calibrated=yes frame_age=1014614.4ms frames=246288 ball=5542 base_poses=90832 invalid=0 station_ok=yes
[INFO] [1787239619.874330329] [a3_receive_input_gateway]: gateway calibrated=yes frame_age=1015614.3ms frames=246288 ball=5542 base_poses=90832 invalid=0 station_ok=yes
[INFO] [1787239620.874420521] [a3_receive_input_gateway]: gateway calibrated=yes frame_age=1016614.4ms frames=246288 ball=5542 base_poses=90832 invalid=0 station_ok=yes
[INFO] [1787239621.874782335] [a3_receive_input_gateway]: gateway calibrated=yes frame_age=1017614.5ms frames=246288 ball=5542 base_poses=90832 invalid=0 station_ok=yes
[INFO] [1787239622.874660121] [a3_receive_input_gateway]: gateway calibrated=yes frame_age=1018614.4ms frames=246288 ball=5542 base_poses=90832 invalid=0 station_ok=yes
[INFO] [1787239623.874723264] [a3_receive_input_gateway]: gateway calibrated=yes frame_age=1019614.5ms frames=246288 ball=5542 base_poses=90832 invalid=0 station_ok=yes
[INFO] [1787239624.874837299] [a3_receive_input_gateway]: gateway calibrated=yes frame_age=1020614.6ms frames=246288 ball=5542 base_poses=90832 invalid=0 station_ok=yes
[INFO] [1787239625.874817530] [a3_receive_input_gateway]: gateway calibrated=yes frame_age=1021614.6ms frames=246288 ball=5542 base_poses=90832 invalid=0 station_ok=yes
[INFO] [1787239626.874859159] [a3_receive_input_gateway]: gateway calibrated=yes frame_age=1022614.6ms frames=246288 ball=5542 base_poses=90832 invalid=0 station_ok=yes
[INFO] [1787239627.874659581] [a3_receive_input_gateway]: gateway calibrated=yes frame_age=1023614.5ms frames=246288 ball=5542 base_poses=90832 invalid=0 station_ok=yes
[INFO] [1787239628.874690372] [a3_receive_input_gateway]: gateway calibrated=yes frame_age=1024614.5ms frames=246288 ball=5542 base_poses=90832 invalid=0 station_ok=yes
[INFO] [1787239629.874636464] [a3_receive_input_gateway]: gateway calibrated=yes frame_age=1025614.5ms frames=246288 ball=5542 base_poses=90832 invalid=0 station_ok=yes
[INFO] [1787239630.874340600] [a3_receive_input_gateway]: gateway calibrated=yes frame_age=1026614.3ms frames=246288 ball=5542 base_poses=90832 invalid=0 station_ok=yes
[INFO] [1787239631.874560600] [a3_receive_input_gateway]: gateway calibrated=yes frame_age=1027614.4ms frames=246288 ball=5542 base_poses=90832 invalid=0 station_ok=yes
[INFO] [1787239632.874459573] [a3_receive_input_gateway]: gateway calibrated=yes frame_age=1028614.4ms frames=246288 ball=5542 base_poses=90832 invalid=0 station_ok=yes
[INFO] [1787239633.874606327] [a3_receive_input_gateway]: gateway calibrated=yes frame_age=1029614.4ms frames=246288 ball=5542 base_poses=90832 invalid=0 station_ok=yes
[INFO] [1787239634.874551501] [a3_receive_input_gateway]: gateway calibrated=yes frame_age=1030614.4ms frames=246288 ball=5542 base_poses=90832 invalid=0 station_ok=yes
[INFO] [1787239635.874341404] [a3_receive_input_gateway]: gateway calibrated=yes frame_age=1031614.3ms frames=246288 ball=5542 base_poses=90832 invalid=0 station_ok=yes
[INFO] [1787239636.874532975] [a3_receive_input_gateway]: gateway calibrated=yes frame_age=1032614.4ms frames=246288 ball=5542 base_poses=90832 invalid=0 station_ok=yes
[INFO] [1787239637.874318953] [a3_receive_input_gateway]: gateway calibrated=yes frame_age=1033614.3ms frames=246288 ball=5542 base_poses=90832 invalid=0 station_ok=yes
[INFO] [1787239638.874411950] [a3_receive_input_gateway]: gateway calibrated=yes frame_age=1034614.4ms frames=246288 ball=5542 base_poses=90832 invalid=0 station_ok=yes
[INFO] [1787239639.874368664] [a3_receive_input_gateway]: gateway calibrated=yes frame_age=1035614.3ms frames=246288 ball=5542 base_poses=90832 invalid=0 station_ok=yes
[INFO] [1787239640.874479914] [a3_receive_input_gateway]: gateway calibrated=yes frame_age=1036614.4ms frames=246288 ball=5542 base_poses=90832 invalid=0 station_ok=yes
[INFO] [1787239641.874391355] [a3_receive_input_gateway]: gateway calibrated=yes frame_age=1037614.3ms frames=246288 ball=5542 base_poses=90832 invalid=0 station_ok=yes
[INFO] [1787239642.874547919] [a3_receive_input_gateway]: gateway calibrated=yes frame_age=1038614.4ms frames=246288 ball=5542 base_poses=90832 invalid=0 station_ok=yes
[INFO] [1787239643.874491371] [a3_receive_input_gateway]: gateway calibrated=yes frame_age=1039614.4ms frames=246288 ball=5542 base_poses=90832 invalid=0 station_ok=yes
[INFO] [1787239644.874334974] [a3_receive_input_gateway]: gateway calibrated=yes frame_age=1040614.3ms frames=246288 ball=5542 base_poses=90832 invalid=0 station_ok=yes
[INFO] [1787239645.874476882] [a3_receive_input_gateway]: gateway calibrated=yes frame_age=1041614.4ms frames=246288 ball=5542 base_poses=90832 invalid=0 station_ok=yes
[INFO] [1787239646.874618345] [a3_receive_input_gateway]: gateway calibrated=yes frame_age=1042614.4ms frames=246288 ball=5542 base_poses=90832 invalid=0 station_ok=yes
[INFO] [1787239647.874691743] [a3_receive_input_gateway]: gateway calibrated=yes frame_age=1043614.5ms frames=246288 ball=5542 base_poses=90832 invalid=0 station_ok=yes
[INFO] [1787239648.874649591] [a3_receive_input_gateway]: gateway calibrated=yes frame_age=1044614.5ms frames=246288 ball=5542 base_poses=90832 invalid=0 station_ok=yes
[INFO] [1787239649.874691757] [a3_receive_input_gateway]: gateway calibrated=yes frame_age=1045614.5ms frames=246288 ball=5542 base_poses=90832 invalid=0 station_ok=yes
[INFO] [1787239650.874642547] [a3_receive_input_gateway]: gateway calibrated=yes frame_age=1046614.5ms frames=246288 ball=5542 base_poses=90832 invalid=0 station_ok=yes
[INFO] [1787239651.874864647] [a3_receive_input_gateway]: gateway calibrated=yes frame_age=1047614.6ms frames=246288 ball=5542 base_poses=90832 invalid=0 station_ok=yes
[INFO] [1787239652.874633532] [a3_receive_input_gateway]: gateway calibrated=yes frame_age=1048614.5ms frames=246288 ball=5542 base_poses=90832 invalid=0 station_ok=yes
[INFO] [1787239653.874800942] [a3_receive_input_gateway]: gateway calibrated=yes frame_age=1049614.5ms frames=246288 ball=5542 base_poses=90832 invalid=0 station_ok=yes
[INFO] [1787239654.874680918] [a3_receive_input_gateway]: gateway calibrated=yes frame_age=1050614.5ms frames=246288 ball=5542 base_poses=90832 invalid=0 station_ok=yes
[INFO] [1787239655.874674356] [a3_receive_input_gateway]: gateway calibrated=yes frame_age=1051614.5ms frames=246288 ball=5542 base_poses=90832 invalid=0 station_ok=yes
[INFO] [1787239656.874670646] [a3_receive_input_gateway]: gateway calibrated=yes frame_age=1052614.5ms frames=246288 ball=5542 base_poses=90832 invalid=0 station_ok=yes
[INFO] [1787239657.874695771] [a3_receive_input_gateway]: gateway calibrated=yes frame_age=1053614.5ms frames=246288 ball=5542 base_poses=90832 invalid=0 station_ok=yes
[INFO] [1787239658.874565761] [a3_receive_input_gateway]: gateway calibrated=yes frame_age=1054614.4ms frames=246288 ball=5542 base_poses=90832 invalid=0 station_ok=yes
[INFO] [1787239659.874616446] [a3_receive_input_gateway]: gateway calibrated=yes frame_age=1055614.5ms frames=246288 ball=5542 base_poses=90832 invalid=0 station_ok=yes
[INFO] [1787239660.874392850] [a3_receive_input_gateway]: gateway calibrated=yes frame_age=1056614.4ms frames=246288 ball=5542 base_poses=90832 invalid=0 station_ok=yes
[INFO] [1787239661.874436877] [a3_receive_input_gateway]: gateway calibrated=yes frame_age=1057614.4ms frames=246288 ball=5542 base_poses=90832 invalid=0 station_ok=yes
[INFO] [1787239662.874525197] [a3_receive_input_gateway]: gateway calibrated=yes frame_age=1058614.4ms frames=246288 ball=5542 base_poses=90832 invalid=0 station_ok=yes
[INFO] [1787239663.874702550] [a3_receive_input_gateway]: gateway calibrated=yes frame_age=1059614.4ms frames=246288 ball=5542 base_poses=90832 invalid=0 station_ok=yes
[INFO] [1787239664.874659027] [a3_receive_input_gateway]: gateway calibrated=yes frame_age=1060614.4ms frames=246288 ball=5542 base_poses=90832 invalid=0 station_ok=yes
[INFO] [1787239665.874504965] [a3_receive_input_gateway]: gateway calibrated=yes frame_age=1061614.4ms frames=246288 ball=5542 base_poses=90832 invalid=0 station_ok=yes
[INFO] [1787239666.874301960] [a3_receive_input_gateway]: gateway calibrated=yes frame_age=1062614.3ms frames=246288 ball=5542 base_poses=90832 invalid=0 station_ok=yes
[INFO] [1787239667.874435448] [a3_receive_input_gateway]: gateway calibrated=yes frame_age=1063614.4ms frames=246288 ball=5542 base_poses=90832 invalid=0 station_ok=yes
[INFO] [1787239668.874590092] [a3_receive_input_gateway]: gateway calibrated=yes frame_age=1064614.5ms frames=246288 ball=5542 base_poses=90832 invalid=0 station_ok=yes
[INFO] [1787239669.874339562] [a3_receive_input_gateway]: gateway calibrated=yes frame_age=1065614.3ms frames=246288 ball=5542 base_poses=90832 invalid=0 station_ok=yes
[INFO] [1787239670.874773485] [a3_receive_input_gateway]: gateway calibrated=yes frame_age=1066614.6ms frames=246288 ball=5542 base_poses=90832 invalid=0 station_ok=yes
[INFO] [1787239671.874422081] [a3_receive_input_gateway]: gateway calibrated=yes frame_age=1067614.4ms frames=246288 ball=5542 base_poses=90832 invalid=0 station_ok=yes
[INFO] [1787239672.874361072] [a3_receive_input_gateway]: gateway calibrated=yes frame_age=1068614.4ms frames=246288 ball=5542 base_poses=90832 invalid=0 station_ok=yes
[INFO] [1787239673.874597804] [a3_receive_input_gateway]: gateway calibrated=yes frame_age=1069614.5ms frames=246288 ball=5542 base_poses=90832 invalid=0 station_ok=yes
[INFO] [1787239674.874868484] [a3_receive_input_gateway]: gateway calibrated=yes frame_age=1070614.6ms frames=246288 ball=5542 base_poses=90832 invalid=0 station_ok=yes
[INFO] [1787239675.874322137] [a3_receive_input_gateway]: gateway calibrated=yes frame_age=1071614.3ms frames=246288 ball=5542 base_poses=90832 invalid=0 station_ok=yes
[INFO] [1787239676.874474544] [a3_receive_input_gateway]: gateway calibrated=yes frame_age=1072614.4ms frames=246288 ball=5542 base_poses=90832 invalid=0 station_ok=yes
[INFO] [1787239677.874336268] [a3_receive_input_gateway]: gateway calibrated=yes frame_age=1073614.3ms frames=246288 ball=5542 base_poses=90832 invalid=0 station_ok=yes
[INFO] [1787239678.874335131] [a3_receive_input_gateway]: gateway calibrated=yes frame_age=1074614.3ms frames=246288 ball=5542 base_poses=90832 invalid=0 station_ok=yes
[INFO] [1787239679.874292944] [a3_receive_input_gateway]: gateway calibrated=yes frame_age=1075614.3ms frames=246288 ball=5542 base_poses=90832 invalid=0 station_ok=yes
[INFO] [1787239680.874371243] [a3_receive_input_gateway]: gateway calibrated=yes frame_age=1076614.3ms frames=246288 ball=5542 base_poses=90832 invalid=0 station_ok=yes
[INFO] [1787239681.874366897] [a3_receive_input_gateway]: gateway calibrated=yes frame_age=1077614.3ms frames=246288 ball=5542 base_poses=90832 invalid=0 station_ok=yes
[INFO] [1787239682.874608112] [a3_receive_input_gateway]: gateway calibrated=yes frame_age=1078614.4ms frames=246288 ball=5542 base_poses=90832 invalid=0 station_ok=yes
[INFO] [1787239683.874486762] [a3_receive_input_gateway]: gateway calibrated=yes frame_age=1079614.4ms frames=246288 ball=5542 base_poses=90832 invalid=0 station_ok=yes
[INFO] [1787239684.874364695] [a3_receive_input_gateway]: gateway calibrated=yes frame_age=1080614.4ms frames=246288 ball=5542 base_poses=90832 invalid=0 station_ok=yes
[INFO] [1787239685.874523478] [a3_receive_input_gateway]: gateway calibrated=yes frame_age=1081614.4ms frames=246288 ball=5542 base_poses=90832 invalid=0 station_ok=yes
[INFO] [1787239686.874528075] [a3_receive_input_gateway]: gateway calibrated=yes frame_age=1082614.4ms frames=246288 ball=5542 base_poses=90832 invalid=0 station_ok=yes
[INFO] [1787239687.874554642] [a3_receive_input_gateway]: gateway calibrated=yes frame_age=1083614.4ms frames=246288 ball=5542 base_poses=90832 invalid=0 station_ok=yes
[INFO] [1787239688.874317335] [a3_receive_input_gateway]: gateway calibrated=yes frame_age=1084614.3ms frames=246288 ball=5542 base_poses=90832 invalid=0 station_ok=yes
[INFO] [1787239689.874597791] [a3_receive_input_gateway]: gateway calibrated=yes frame_age=1085614.5ms frames=246288 ball=5542 base_poses=90832 invalid=0 station_ok=yes
[INFO] [1787239690.874551180] [a3_receive_input_gateway]: gateway calibrated=yes frame_age=1086614.4ms frames=246288 ball=5542 base_poses=90832 invalid=0 station_ok=yes
[INFO] [1787239691.874476411] [a3_receive_input_gateway]: gateway calibrated=yes frame_age=1087614.3ms frames=246288 ball=5542 base_poses=90832 invalid=0 station_ok=yes
[INFO] [1787239692.874417525] [a3_receive_input_gateway]: gateway calibrated=yes frame_age=1088614.4ms frames=246288 ball=5542 base_poses=90832 invalid=0 station_ok=yes
[INFO] [1787239693.874305046] [a3_receive_input_gateway]: gateway calibrated=yes frame_age=1089614.3ms frames=246288 ball=5542 base_poses=90832 invalid=0 station_ok=yes
[INFO] [1787239694.874458101] [a3_receive_input_gateway]: gateway calibrated=yes frame_age=1090614.5ms frames=246288 ball=5542 base_poses=90832 invalid=0 station_ok=yes
[INFO] [1787239695.874331088] [a3_receive_input_gateway]: gateway calibrated=yes frame_age=1091614.3ms frames=246288 ball=5542 base_poses=90832 invalid=0 station_ok=yes
[INFO] [1787239696.874337805] [a3_receive_input_gateway]: gateway calibrated=yes frame_age=1092614.3ms frames=246288 ball=5542 base_poses=90832 invalid=0 station_ok=yes
[INFO] [1787239697.874455933] [a3_receive_input_gateway]: gateway calibrated=yes frame_age=1093614.4ms frames=246288 ball=5542 base_poses=90832 invalid=0 station_ok=yes
[INFO] [1787239698.874711620] [a3_receive_input_gateway]: gateway calibrated=yes frame_age=1094614.5ms frames=246288 ball=5542 base_poses=90832 invalid=0 station_ok=yes
[INFO] [1787239699.874552203] [a3_receive_input_gateway]: gateway calibrated=yes frame_age=1095614.4ms frames=246288 ball=5542 base_poses=90832 invalid=0 station_ok=yes
[INFO] [1787239700.874384442] [a3_receive_input_gateway]: gateway calibrated=yes frame_age=1096614.4ms frames=246288 ball=5542 base_poses=90832 invalid=0 station_ok=yes
[INFO] [1787239701.874623900] [a3_receive_input_gateway]: gateway calibrated=yes frame_age=1097614.5ms frames=246288 ball=5542 base_poses=90832 invalid=0 station_ok=yes
[INFO] [1787239702.874584264] [a3_receive_input_gateway]: gateway calibrated=yes frame_age=1098614.4ms frames=246288 ball=5542 base_poses=90832 invalid=0 station_ok=yes
[INFO] [1787239703.874516082] [a3_receive_input_gateway]: gateway calibrated=yes frame_age=1099614.4ms frames=246288 ball=5542 base_poses=90832 invalid=0 station_ok=yes
[INFO] [1787239704.874670714] [a3_receive_input_gateway]: gateway calibrated=yes frame_age=1100614.5ms frames=246288 ball=5542 base_poses=90832 invalid=0 station_ok=yes
[INFO] [1787239705.874689218] [a3_receive_input_gateway]: gateway calibrated=yes frame_age=1101614.5ms frames=246288 ball=5542 base_poses=90832 invalid=0 station_ok=yes
[INFO] [1787239706.874567073] [a3_receive_input_gateway]: gateway calibrated=yes frame_age=1102614.4ms frames=246288 ball=5542 base_poses=90832 invalid=0 station_ok=yes
[INFO] [1787239707.874592577] [a3_receive_input_gateway]: gateway calibrated=yes frame_age=1103614.4ms frames=246288 ball=5542 base_poses=90832 invalid=0 station_ok=yes
[INFO] [1787239708.874323400] [a3_receive_input_gateway]: gateway calibrated=yes frame_age=1104614.3ms frames=246288 ball=5542 base_poses=90832 invalid=0 station_ok=yes
[INFO] [1787239709.874509331] [a3_receive_input_gateway]: gateway calibrated=yes frame_age=1105614.4ms frames=246288 ball=5542 base_poses=90832 invalid=0 station_ok=yes
[INFO] [1787239710.874438535] [a3_receive_input_gateway]: gateway calibrated=yes frame_age=1106614.4ms frames=246288 ball=5542 base_poses=90832 invalid=0 station_ok=yes
[INFO] [1787239711.874318414] [a3_receive_input_gateway]: gateway calibrated=yes frame_age=1107614.3ms frames=246288 ball=5542 base_poses=90832 invalid=0 station_ok=yes
[INFO] [1787239712.874340721] [a3_receive_input_gateway]: gateway calibrated=yes frame_age=1108614.3ms frames=246288 ball=5542 base_poses=90832 invalid=0 station_ok=yes
[INFO] [1787239713.874354054] [a3_receive_input_gateway]: gateway calibrated=yes frame_age=1109614.3ms frames=246288 ball=5542 base_poses=90832 invalid=0 station_ok=yes
[INFO] [1787239714.874313426] [a3_receive_input_gateway]: gateway calibrated=yes frame_age=1110614.3ms frames=246288 ball=5542 base_poses=90832 invalid=0 station_ok=yes
[INFO] [1787239715.874629387] [a3_receive_input_gateway]: gateway calibrated=yes frame_age=1111614.5ms frames=246288 ball=5542 base_poses=90832 invalid=0 station_ok=yes
[INFO] [1787239716.874571091] [a3_receive_input_gateway]: gateway calibrated=yes frame_age=1112614.4ms frames=246288 ball=5542 base_poses=90832 invalid=0 station_ok=yes
[INFO] [1787239717.874635028] [a3_receive_input_gateway]: gateway calibrated=yes frame_age=1113614.5ms frames=246288 ball=5542 base_poses=90832 invalid=0 station_ok=yes
[INFO] [1787239718.874805042] [a3_receive_input_gateway]: gateway calibrated=yes frame_age=1114614.5ms frames=246288 ball=5542 base_poses=90832 invalid=0 station_ok=yes
[INFO] [1787239719.874470847] [a3_receive_input_gateway]: gateway calibrated=yes frame_age=1115614.4ms frames=246288 ball=5542 base_poses=90832 invalid=0 station_ok=yes
[INFO] [1787239720.874549350] [a3_receive_input_gateway]: gateway calibrated=yes frame_age=1116614.4ms frames=246288 ball=5542 base_poses=90832 invalid=0 station_ok=yes
[INFO] [1787239721.874539666] [a3_receive_input_gateway]: gateway calibrated=yes frame_age=1117614.4ms frames=246288 ball=5542 base_poses=90832 invalid=0 station_ok=yes
[INFO] [1787239722.874449093] [a3_receive_input_gateway]: gateway calibrated=yes frame_age=1118614.3ms frames=246288 ball=5542 base_poses=90832 invalid=0 station_ok=yes
[INFO] [1787239723.874482567] [a3_receive_input_gateway]: gateway calibrated=yes frame_age=1119614.5ms frames=246288 ball=5542 base_poses=90832 invalid=0 station_ok=yes
[INFO] [1787239724.874661478] [a3_receive_input_gateway]: gateway calibrated=yes frame_age=1120614.5ms frames=246288 ball=5542 base_poses=90832 invalid=0 station_ok=yes
[INFO] [1787239725.874792291] [a3_receive_input_gateway]: gateway calibrated=yes frame_age=1121614.6ms frames=246288 ball=5542 base_poses=90832 invalid=0 station_ok=yes
[INFO] [1787239726.874752829] [a3_receive_input_gateway]: gateway calibrated=yes frame_age=1122614.5ms frames=246288 ball=5542 base_poses=90832 invalid=0 station_ok=yes
[INFO] [1787239727.874759340] [a3_receive_input_gateway]: gateway calibrated=yes frame_age=1123614.5ms frames=246288 ball=5542 base_poses=90832 invalid=0 station_ok=yes
[INFO] [1787239728.874610590] [a3_receive_input_gateway]: gateway calibrated=yes frame_age=1124614.4ms frames=246288 ball=5542 base_poses=90832 invalid=0 station_ok=yes
[INFO] [1787239729.874668076] [a3_receive_input_gateway]: gateway calibrated=yes frame_age=1125614.5ms frames=246288 ball=5542 base_poses=90832 invalid=0 station_ok=yes
[INFO] [1787239730.874346306] [a3_receive_input_gateway]: gateway calibrated=yes frame_age=1126614.3ms frames=246288 ball=5542 base_poses=90832 invalid=0 station_ok=yes
[INFO] [1787239731.874300315] [a3_receive_input_gateway]: gateway calibrated=yes frame_age=1127614.3ms frames=246288 ball=5542 base_poses=90832 invalid=0 station_ok=yes
[INFO] [1787239732.874334994] [a3_receive_input_gateway]: gateway calibrated=yes frame_age=1128614.3ms frames=246288 ball=5542 base_poses=90832 invalid=0 station_ok=yes
[INFO] [1787239733.874374477] [a3_receive_input_gateway]: gateway calibrated=yes frame_age=1129614.3ms frames=246288 ball=5542 base_poses=90832 invalid=0 station_ok=yes
[INFO] [1787239734.874545583] [a3_receive_input_gateway]: gateway calibrated=yes frame_age=1130614.3ms frames=246288 ball=5542 base_poses=90832 invalid=0 station_ok=yes
[INFO] [1787239735.875260809] [a3_receive_input_gateway]: gateway calibrated=yes frame_age=1131615.3ms frames=246288 ball=5542 base_poses=90832 invalid=0 station_ok=yes
[INFO] [1787239736.874581708] [a3_receive_input_gateway]: gateway calibrated=yes frame_age=1132614.4ms frames=246288 ball=5542 base_poses=90832 invalid=0 station_ok=yes
[INFO] [1787239737.874358684] [a3_receive_input_gateway]: gateway calibrated=yes frame_age=1133614.4ms frames=246288 ball=5542 base_poses=90832 invalid=0 station_ok=yes
[INFO] [1787239738.874449421] [a3_receive_input_gateway]: gateway calibrated=yes frame_age=1134614.4ms frames=246288 ball=5542 base_poses=90832 invalid=0 station_ok=yes
[INFO] [1787239739.874379842] [a3_receive_input_gateway]: gateway calibrated=yes frame_age=1135614.4ms frames=246288 ball=5542 base_poses=90832 invalid=0 station_ok=yes
[INFO] [1787239740.874392754] [a3_receive_input_gateway]: gateway calibrated=yes frame_age=1136614.4ms frames=246288 ball=5542 base_poses=90832 invalid=0 station_ok=yes
[INFO] [1787239741.874325016] [a3_receive_input_gateway]: gateway calibrated=yes frame_age=1137614.3ms frames=246288 ball=5542 base_poses=90832 invalid=0 station_ok=yes
[INFO] [1787239742.874581205] [a3_receive_input_gateway]: gateway calibrated=yes frame_age=1138614.4ms frames=246288 ball=5542 base_poses=90832 invalid=0 station_ok=yes
[INFO] [1787239743.874533142] [a3_receive_input_gateway]: gateway calibrated=yes frame_age=1139614.4ms frames=246288 ball=5542 base_poses=90832 invalid=0 station_ok=yes
[INFO] [1787239744.874743249] [a3_receive_input_gateway]: gateway calibrated=yes frame_age=1140614.5ms frames=246288 ball=5542 base_poses=90832 invalid=0 station_ok=yes
[INFO] [1787239745.874657659] [a3_receive_input_gateway]: gateway calibrated=yes frame_age=1141614.5ms frames=246288 ball=5542 base_poses=90832 invalid=0 station_ok=yes
[INFO] [1787239746.874671759] [a3_receive_input_gateway]: gateway calibrated=yes frame_age=1142614.6ms frames=246288 ball=5542 base_poses=90832 invalid=0 station_ok=yes
[INFO] [1787239747.874808957] [a3_receive_input_gateway]: gateway calibrated=yes frame_age=1143614.6ms frames=246288 ball=5542 base_poses=90832 invalid=0 station_ok=yes
[INFO] [1787239748.874637482] [a3_receive_input_gateway]: gateway calibrated=yes frame_age=1144614.5ms frames=246288 ball=5542 base_poses=90832 invalid=0 station_ok=yes
[INFO] [1787239749.874683457] [a3_receive_input_gateway]: gateway calibrated=yes frame_age=1145614.5ms frames=246288 ball=5542 base_poses=90832 invalid=0 station_ok=yes
[INFO] [1787239750.874642268] [a3_receive_input_gateway]: gateway calibrated=yes frame_age=1146614.4ms frames=246288 ball=5542 base_poses=90832 invalid=0 station_ok=yes
[INFO] [1787239751.874591527] [a3_receive_input_gateway]: gateway calibrated=yes frame_age=1147614.4ms frames=246288 ball=5542 base_poses=90832 invalid=0 station_ok=yes
[INFO] [1787239752.874320933] [a3_receive_input_gateway]: gateway calibrated=yes frame_age=1148614.3ms frames=246288 ball=5542 base_poses=90832 invalid=0 station_ok=yes
[INFO] [1787239753.874498999] [a3_receive_input_gateway]: gateway calibrated=yes frame_age=1149614.4ms frames=246288 ball=5542 base_poses=90832 invalid=0 station_ok=yes
[INFO] [1787239754.874349253] [a3_receive_input_gateway]: gateway calibrated=yes frame_age=1150614.3ms frames=246288 ball=5542 base_poses=90832 invalid=0 station_ok=yes
[INFO] [1787239755.874657360] [a3_receive_input_gateway]: gateway calibrated=yes frame_age=1151614.4ms frames=246288 ball=5542 base_poses=90832 invalid=0 station_ok=yes
[INFO] [1787239756.874620092] [a3_receive_input_gateway]: gateway calibrated=yes frame_age=1152614.5ms frames=246288 ball=5542 base_poses=90832 invalid=0 station_ok=yes
[INFO] [1787239757.874344420] [a3_receive_input_gateway]: gateway calibrated=yes frame_age=1153614.3ms frames=246288 ball=5542 base_poses=90832 invalid=0 station_ok=yes
[INFO] [1787239758.874351356] [a3_receive_input_gateway]: gateway calibrated=yes frame_age=1154614.3ms frames=246288 ball=5542 base_poses=90832 invalid=0 station_ok=yes
[INFO] [1787239759.875056339] [a3_receive_input_gateway]: gateway calibrated=yes frame_age=1155614.8ms frames=246288 ball=5542 base_poses=90832 invalid=0 station_ok=yes
[INFO] [1787239760.874697011] [a3_receive_input_gateway]: gateway calibrated=yes frame_age=1156614.5ms frames=246288 ball=5542 base_poses=90832 invalid=0 station_ok=yes
[INFO] [1787239761.874565050] [a3_receive_input_gateway]: gateway calibrated=yes frame_age=1157614.4ms frames=246288 ball=5542 base_poses=90832 invalid=0 station_ok=yes
[INFO] [1787239762.874667142] [a3_receive_input_gateway]: gateway calibrated=yes frame_age=1158614.5ms frames=246288 ball=5542 base_poses=90832 invalid=0 station_ok=yes
[INFO] [1787239763.874516734] [a3_receive_input_gateway]: gateway calibrated=yes frame_age=1159614.4ms frames=246288 ball=5542 base_poses=90832 invalid=0 station_ok=yes
[INFO] [1787239764.874686510] [a3_receive_input_gateway]: gateway calibrated=yes frame_age=1160614.5ms frames=246288 ball=5542 base_poses=90832 invalid=0 station_ok=yes
[INFO] [1787239765.874348460] [a3_receive_input_gateway]: gateway calibrated=yes frame_age=1161614.3ms frames=246288 ball=5542 base_poses=90832 invalid=0 station_ok=yes
[INFO] [1787239766.874291299] [a3_receive_input_gateway]: gateway calibrated=yes frame_age=1162614.3ms frames=246288 ball=5542 base_poses=90832 invalid=0 station_ok=yes
[INFO] [1787239767.874472726] [a3_receive_input_gateway]: gateway calibrated=yes frame_age=1163614.5ms frames=246288 ball=5542 base_poses=90832 invalid=0 station_ok=yes
[INFO] [1787239768.874507409] [a3_receive_input_gateway]: gateway calibrated=yes frame_age=1164614.4ms frames=246288 ball=5542 base_poses=90832 invalid=0 station_ok=yes
[INFO] [1787239769.874426168] [a3_receive_input_gateway]: gateway calibrated=yes frame_age=1165614.4ms frames=246288 ball=5542 base_poses=90832 invalid=0 station_ok=yes
[INFO] [1787239770.874554497] [a3_receive_input_gateway]: gateway calibrated=yes frame_age=1166614.4ms frames=246288 ball=5542 base_poses=90832 invalid=0 station_ok=yes
[INFO] [1787239771.874572274] [a3_receive_input_gateway]: gateway calibrated=yes frame_age=1167614.4ms frames=246288 ball=5542 base_poses=90832 invalid=0 station_ok=yes
[INFO] [1787239772.874458157] [a3_receive_input_gateway]: gateway calibrated=yes frame_age=1168614.4ms frames=246288 ball=5542 base_poses=90832 invalid=0 station_ok=yes
[INFO] [1787239773.874511632] [a3_receive_input_gateway]: gateway calibrated=yes frame_age=1169614.4ms frames=246288 ball=5542 base_poses=90832 invalid=0 station_ok=yes
[INFO] [1787239774.874775973] [a3_receive_input_gateway]: gateway calibrated=yes frame_age=1170614.6ms frames=246288 ball=5542 base_poses=90832 invalid=0 station_ok=yes
[INFO] [1787239775.874676985] [a3_receive_input_gateway]: gateway calibrated=yes frame_age=1171614.5ms frames=246288 ball=5542 base_poses=90832 invalid=0 station_ok=yes
[INFO] [1787239776.874315180] [a3_receive_input_gateway]: gateway calibrated=yes frame_age=1172614.3ms frames=246288 ball=5542 base_poses=90832 invalid=0 station_ok=yes
[INFO] [1787239777.874518710] [a3_receive_input_gateway]: gateway calibrated=yes frame_age=1173614.5ms frames=246288 ball=5542 base_poses=90832 invalid=0 station_ok=yes
[INFO] [1787239778.874762023] [a3_receive_input_gateway]: gateway calibrated=yes frame_age=1174614.5ms frames=246288 ball=5542 base_poses=90832 invalid=0 station_ok=yes
[INFO] [1787239779.874468904] [a3_receive_input_gateway]: gateway calibrated=yes frame_age=1175614.4ms frames=246288 ball=5542 base_poses=90832 invalid=0 station_ok=yes
[INFO] [1787239780.874529907] [a3_receive_input_gateway]: gateway calibrated=yes frame_age=1176614.4ms frames=246288 ball=5542 base_poses=90832 invalid=0 station_ok=yes
[INFO] [1787239781.874394558] [a3_receive_input_gateway]: gateway calibrated=yes frame_age=1177614.4ms frames=246288 ball=5542 base_poses=90832 invalid=0 station_ok=yes
[INFO] [1787239782.874361338] [a3_receive_input_gateway]: gateway calibrated=yes frame_age=1178614.4ms frames=246288 ball=5542 base_poses=90832 invalid=0 station_ok=yes
[INFO] [1787239783.874476399] [a3_receive_input_gateway]: gateway calibrated=yes frame_age=1179614.5ms frames=246288 ball=5542 base_poses=90832 invalid=0 station_ok=yes
[INFO] [1787239784.874304294] [a3_receive_input_gateway]: gateway calibrated=yes frame_age=1180614.3ms frames=246288 ball=5542 base_poses=90832 invalid=0 station_ok=yes
[INFO] [1787239785.874329562] [a3_receive_input_gateway]: gateway calibrated=yes frame_age=1181614.3ms frames=246288 ball=5542 base_poses=90832 invalid=0 station_ok=yes
[INFO] [1787239786.875549230] [a3_receive_input_gateway]: gateway calibrated=yes frame_age=1182615.4ms frames=246288 ball=5542 base_poses=90832 invalid=0 station_ok=yes
[INFO] [1787239787.874607754] [a3_receive_input_gateway]: gateway calibrated=yes frame_age=1183614.4ms frames=246288 ball=5542 base_poses=90832 invalid=0 station_ok=yes
[INFO] [1787239788.874628463] [a3_receive_input_gateway]: gateway calibrated=yes frame_age=1184614.5ms frames=246288 ball=5542 base_poses=90832 invalid=0 station_ok=yes
[INFO] [1787239789.874666024] [a3_receive_input_gateway]: gateway calibrated=yes frame_age=1185614.5ms frames=246288 ball=5542 base_poses=90832 invalid=0 station_ok=yes
[INFO] [1787239790.874802841] [a3_receive_input_gateway]: gateway calibrated=yes frame_age=1186614.5ms frames=246288 ball=5542 base_poses=90832 invalid=0 station_ok=yes
[INFO] [1787239791.874562642] [a3_receive_input_gateway]: gateway calibrated=yes frame_age=1187614.4ms frames=246288 ball=5542 base_poses=90832 invalid=0 station_ok=yes
[INFO] [1787239792.874569458] [a3_receive_input_gateway]: gateway calibrated=yes frame_age=1188614.4ms frames=246288 ball=5542 base_poses=90832 invalid=0 station_ok=yes
[INFO] [1787239793.874664744] [a3_receive_input_gateway]: gateway calibrated=yes frame_age=1189614.6ms frames=246288 ball=5542 base_poses=90832 invalid=0 station_ok=yes
[INFO] [1787239794.874477611] [a3_receive_input_gateway]: gateway calibrated=yes frame_age=1190614.5ms frames=246288 ball=5542 base_poses=90832 invalid=0 station_ok=yes
[INFO] [1787239795.874525209] [a3_receive_input_gateway]: gateway calibrated=yes frame_age=1191614.5ms frames=246288 ball=5542 base_poses=90832 invalid=0 station_ok=yes
[INFO] [1787239796.874512094] [a3_receive_input_gateway]: gateway calibrated=yes frame_age=1192614.4ms frames=246288 ball=5542 base_poses=90832 invalid=0 station_ok=yes
[INFO] [1787239797.874561213] [a3_receive_input_gateway]: gateway calibrated=yes frame_age=1193614.4ms frames=246288 ball=5542 base_poses=90832 invalid=0 station_ok=yes
[INFO] [1787239798.874394511] [a3_receive_input_gateway]: gateway calibrated=yes frame_age=1194614.3ms frames=246288 ball=5542 base_poses=90832 invalid=0 station_ok=yes
[INFO] [1787239799.874554256] [a3_receive_input_gateway]: gateway calibrated=yes frame_age=1195614.4ms frames=246288 ball=5542 base_poses=90832 invalid=0 station_ok=yes
[INFO] [1787239800.874401196] [a3_receive_input_gateway]: gateway calibrated=yes frame_age=1196614.4ms frames=246288 ball=5542 base_poses=90832 invalid=0 station_ok=yes
[INFO] [1787239801.874554903] [a3_receive_input_gateway]: gateway calibrated=yes frame_age=1197614.4ms frames=246288 ball=5542 base_poses=90832 invalid=0 station_ok=yes
[INFO] [1787239802.874452750] [a3_receive_input_gateway]: gateway calibrated=yes frame_age=1198614.3ms frames=246288 ball=5542 base_poses=90832 invalid=0 station_ok=yes
[INFO] [1787239803.874625098] [a3_receive_input_gateway]: gateway calibrated=yes frame_age=1199614.4ms frames=246288 ball=5542 base_poses=90832 invalid=0 station_ok=yes
[INFO] [1787239804.874720574] [a3_receive_input_gateway]: gateway calibrated=yes frame_age=1200614.5ms frames=246288 ball=5542 base_poses=90832 invalid=0 station_ok=yes
[INFO] [1787239805.874584078] [a3_receive_input_gateway]: gateway calibrated=yes frame_age=1201614.5ms frames=246288 ball=5542 base_poses=90832 invalid=0 station_ok=yes
[INFO] [1787239806.874496573] [a3_receive_input_gateway]: gateway calibrated=yes frame_age=1202614.4ms frames=246288 ball=5542 base_poses=90832 invalid=0 station_ok=yes
[INFO] [1787239807.874804408] [a3_receive_input_gateway]: gateway calibrated=yes frame_age=1203614.6ms frames=246288 ball=5542 base_poses=90832 invalid=0 station_ok=yes
[INFO] [1787239808.874454562] [a3_receive_input_gateway]: gateway calibrated=yes frame_age=1204614.5ms frames=246288 ball=5542 base_poses=90832 invalid=0 station_ok=yes
[INFO] [1787239809.874520657] [a3_receive_input_gateway]: gateway calibrated=yes frame_age=1205614.4ms frames=246288 ball=5542 base_poses=90832 invalid=0 station_ok=yes
[INFO] [1787239810.874436939] [a3_receive_input_gateway]: gateway calibrated=yes frame_age=1206614.3ms frames=246288 ball=5542 base_poses=90832 invalid=0 station_ok=yes
[INFO] [1787239811.874522562] [a3_receive_input_gateway]: gateway calibrated=yes frame_age=1207614.4ms frames=246288 ball=5542 base_poses=90832 invalid=0 station_ok=yes
[INFO] [1787239812.874573730] [a3_receive_input_gateway]: gateway calibrated=yes frame_age=1208614.4ms frames=246288 ball=5542 base_poses=90832 invalid=0 station_ok=yes
[INFO] [1787239813.874466832] [a3_receive_input_gateway]: gateway calibrated=yes frame_age=1209614.4ms frames=246288 ball=5542 base_poses=90832 invalid=0 station_ok=yes
[INFO] [1787239814.874530269] [a3_receive_input_gateway]: gateway calibrated=yes frame_age=1210614.4ms frames=246288 ball=5542 base_poses=90832 invalid=0 station_ok=yes
[INFO] [1787239815.874581103] [a3_receive_input_gateway]: gateway calibrated=yes frame_age=1211614.4ms frames=246288 ball=5542 base_poses=90832 invalid=0 station_ok=yes
[INFO] [1787239816.874693135] [a3_receive_input_gateway]: gateway calibrated=yes frame_age=1212614.5ms frames=246288 ball=5542 base_poses=90832 invalid=0 station_ok=yes
[INFO] [1787239817.874517318] [a3_receive_input_gateway]: gateway calibrated=yes frame_age=1213614.4ms frames=246288 ball=5542 base_poses=90832 invalid=0 station_ok=yes
[INFO] [1787239818.874526281] [a3_receive_input_gateway]: gateway calibrated=yes frame_age=1214614.4ms frames=246288 ball=5542 base_poses=90832 invalid=0 station_ok=yes
[INFO] [1787239819.874691666] [a3_receive_input_gateway]: gateway calibrated=yes frame_age=1215614.4ms frames=246288 ball=5542 base_poses=90832 invalid=0 station_ok=yes
[INFO] [1787239820.874577354] [a3_receive_input_gateway]: gateway calibrated=yes frame_age=1216614.4ms frames=246288 ball=5542 base_poses=90832 invalid=0 station_ok=yes
[INFO] [1787239821.874566826] [a3_receive_input_gateway]: gateway calibrated=yes frame_age=1217614.4ms frames=246288 ball=5542 base_poses=90832 invalid=0 station_ok=yes
[INFO] [1787239822.874597297] [a3_receive_input_gateway]: gateway calibrated=yes frame_age=1218614.4ms frames=246288 ball=5542 base_poses=90832 invalid=0 station_ok=yes
[INFO] [1787239823.874617110] [a3_receive_input_gateway]: gateway calibrated=yes frame_age=1219614.4ms frames=246288 ball=5542 base_poses=90832 invalid=0 station_ok=yes
[INFO] [1787239824.874573598] [a3_receive_input_gateway]: gateway calibrated=yes frame_age=1220614.4ms frames=246288 ball=5542 base_poses=90832 invalid=0 station_ok=yes
[INFO] [1787239825.874549711] [a3_receive_input_gateway]: gateway calibrated=yes frame_age=1221614.4ms frames=246288 ball=5542 base_poses=90832 invalid=0 station_ok=yes
[INFO] [1787239826.874585444] [a3_receive_input_gateway]: gateway calibrated=yes frame_age=1222614.4ms frames=246288 ball=5542 base_poses=90832 invalid=0 station_ok=yes
[INFO] [1787239827.874547526] [a3_receive_input_gateway]: gateway calibrated=yes frame_age=1223614.4ms frames=246288 ball=5542 base_poses=90832 invalid=0 station_ok=yes
[INFO] [1787239828.874562576] [a3_receive_input_gateway]: gateway calibrated=yes frame_age=1224614.4ms frames=246288 ball=5542 base_poses=90832 invalid=0 station_ok=yes
[INFO] [1787239829.874535998] [a3_receive_input_gateway]: gateway calibrated=yes frame_age=1225614.4ms frames=246288 ball=5542 base_poses=90832 invalid=0 station_ok=yes
[INFO] [1787239830.874671601] [a3_receive_input_gateway]: gateway calibrated=yes frame_age=1226614.5ms frames=246288 ball=5542 base_poses=90832 invalid=0 station_ok=yes
[INFO] [1787239831.874415997] [a3_receive_input_gateway]: gateway calibrated=yes frame_age=1227614.4ms frames=246288 ball=5542 base_poses=90832 invalid=0 station_ok=yes
[INFO] [1787239832.874488554] [a3_receive_input_gateway]: gateway calibrated=yes frame_age=1228614.4ms frames=246288 ball=5542 base_poses=90832 invalid=0 station_ok=yes
[INFO] [1787239833.874384549] [a3_receive_input_gateway]: gateway calibrated=yes frame_age=1229614.3ms frames=246288 ball=5542 base_poses=90832 invalid=0 station_ok=yes
[INFO] [1787239834.874330812] [a3_receive_input_gateway]: gateway calibrated=yes frame_age=1230614.3ms frames=246288 ball=5542 base_poses=90832 invalid=0 station_ok=yes
[INFO] [1787239835.874545204] [a3_receive_input_gateway]: gateway calibrated=yes frame_age=1231614.4ms frames=246288 ball=5542 base_poses=90832 invalid=0 station_ok=yes
[INFO] [1787239836.874914418] [a3_receive_input_gateway]: gateway calibrated=yes frame_age=1232614.7ms frames=246288 ball=5542 base_poses=90832 invalid=0 station_ok=yes
[INFO] [1787239837.874511479] [a3_receive_input_gateway]: gateway calibrated=yes frame_age=1233614.4ms frames=246288 ball=5542 base_poses=90832 invalid=0 station_ok=yes
[INFO] [1787239838.874401935] [a3_receive_input_gateway]: gateway calibrated=yes frame_age=1234614.3ms frames=246288 ball=5542 base_poses=90832 invalid=0 station_ok=yes
[INFO] [1787239839.874532385] [a3_receive_input_gateway]: gateway calibrated=yes frame_age=1235614.4ms frames=246288 ball=5542 base_poses=90832 invalid=0 station_ok=yes
[INFO] [1787239840.874593819] [a3_receive_input_gateway]: gateway calibrated=yes frame_age=1236614.4ms frames=246288 ball=5542 base_poses=90832 invalid=0 station_ok=yes
[INFO] [1787239841.874428570] [a3_receive_input_gateway]: gateway calibrated=yes frame_age=1237614.3ms frames=246288 ball=5542 base_poses=90832 invalid=0 station_ok=yes
[INFO] [1787239842.874318750] [a3_receive_input_gateway]: gateway calibrated=yes frame_age=1238614.3ms frames=246288 ball=5542 base_poses=90832 invalid=0 station_ok=yes
[INFO] [1787239843.874398750] [a3_receive_input_gateway]: gateway calibrated=yes frame_age=1239614.4ms frames=246288 ball=5542 base_poses=90832 invalid=0 station_ok=yes
[INFO] [1787239844.874371044] [a3_receive_input_gateway]: gateway calibrated=yes frame_age=1240614.4ms frames=246288 ball=5542 base_poses=90832 invalid=0 station_ok=yes
[INFO] [1787239845.874700690] [a3_receive_input_gateway]: gateway calibrated=yes frame_age=1241614.5ms frames=246288 ball=5542 base_poses=90832 invalid=0 station_ok=yes
[INFO] [1787239846.874297560] [a3_receive_input_gateway]: gateway calibrated=yes frame_age=1242614.3ms frames=246288 ball=5542 base_poses=90832 invalid=0 station_ok=yes
[INFO] [1787239847.874467007] [a3_receive_input_gateway]: gateway calibrated=yes frame_age=1243614.4ms frames=246288 ball=5542 base_poses=90832 invalid=0 station_ok=yes
[INFO] [1787239848.874408796] [a3_receive_input_gateway]: gateway calibrated=yes frame_age=1244614.4ms frames=246288 ball=5542 base_poses=90832 invalid=0 station_ok=yes
[INFO] [1787239849.874597215] [a3_receive_input_gateway]: gateway calibrated=yes frame_age=1245614.4ms frames=246288 ball=5542 base_poses=90832 invalid=0 station_ok=yes
[INFO] [1787239850.874423197] [a3_receive_input_gateway]: gateway calibrated=yes frame_age=1246614.3ms frames=246288 ball=5542 base_poses=90832 invalid=0 station_ok=yes
[INFO] [1787239851.874374025] [a3_receive_input_gateway]: gateway calibrated=yes frame_age=1247614.4ms frames=246288 ball=5542 base_poses=90832 invalid=0 station_ok=yes
[INFO] [1787239852.874441906] [a3_receive_input_gateway]: gateway calibrated=yes frame_age=1248614.4ms frames=246288 ball=5542 base_poses=90832 invalid=0 station_ok=yes
[INFO] [1787239853.874746152] [a3_receive_input_gateway]: gateway calibrated=yes frame_age=1249614.5ms frames=246288 ball=5542 base_poses=90832 invalid=0 station_ok=yes
[INFO] [1787239854.874560738] [a3_receive_input_gateway]: gateway calibrated=yes frame_age=1250614.4ms frames=246288 ball=5542 base_poses=90832 invalid=0 station_ok=yes
[INFO] [1787239855.874497901] [a3_receive_input_gateway]: gateway calibrated=yes frame_age=1251614.4ms frames=246288 ball=5542 base_poses=90832 invalid=0 station_ok=yes
[INFO] [1787239856.874563667] [a3_receive_input_gateway]: gateway calibrated=yes frame_age=1252614.4ms frames=246288 ball=5542 base_poses=90832 invalid=0 station_ok=yes
[INFO] [1787239857.874434794] [a3_receive_input_gateway]: gateway calibrated=yes frame_age=1253614.4ms frames=246288 ball=5542 base_poses=90832 invalid=0 station_ok=yes
[INFO] [1787239858.874681423] [a3_receive_input_gateway]: gateway calibrated=yes frame_age=1254614.5ms frames=246288 ball=5542 base_poses=90832 invalid=0 station_ok=yes
[INFO] [1787239859.874560545] [a3_receive_input_gateway]: gateway calibrated=yes frame_age=1255614.5ms frames=246288 ball=5542 base_poses=90832 invalid=0 station_ok=yes
[INFO] [1787239860.874557555] [a3_receive_input_gateway]: gateway calibrated=yes frame_age=1256614.5ms frames=246288 ball=5542 base_poses=90832 invalid=0 station_ok=yes
[INFO] [1787239861.874524211] [a3_receive_input_gateway]: gateway calibrated=yes frame_age=1257614.4ms frames=246288 ball=5542 base_poses=90832 invalid=0 station_ok=yes
[INFO] [1787239862.874399177] [a3_receive_input_gateway]: gateway calibrated=yes frame_age=1258614.3ms frames=246288 ball=5542 base_poses=90832 invalid=0 station_ok=yes
[INFO] [1787239863.874427476] [a3_receive_input_gateway]: gateway calibrated=yes frame_age=1259614.4ms frames=246288 ball=5542 base_poses=90832 invalid=0 station_ok=yes
[INFO] [1787239864.874282314] [a3_receive_input_gateway]: gateway calibrated=yes frame_age=1260614.3ms frames=246288 ball=5542 base_poses=90832 invalid=0 station_ok=yes
[INFO] [1787239865.874344107] [a3_receive_input_gateway]: gateway calibrated=yes frame_age=1261614.3ms frames=246288 ball=5542 base_poses=90832 invalid=0 station_ok=yes
[INFO] [1787239866.874318384] [a3_receive_input_gateway]: gateway calibrated=yes frame_age=1262614.3ms frames=246288 ball=5542 base_poses=90832 invalid=0 station_ok=yes
[INFO] [1787239867.874561227] [a3_receive_input_gateway]: gateway calibrated=yes frame_age=1263614.4ms frames=246288 ball=5542 base_poses=90832 invalid=0 station_ok=yes
[INFO] [1787239868.874501277] [a3_receive_input_gateway]: gateway calibrated=yes frame_age=1264614.4ms frames=246288 ball=5542 base_poses=90832 invalid=0 station_ok=yes
[INFO] [1787239869.874519034] [a3_receive_input_gateway]: gateway calibrated=yes frame_age=1265614.4ms frames=246288 ball=5542 base_poses=90832 invalid=0 station_ok=yes
[INFO] [1787239870.874498283] [a3_receive_input_gateway]: gateway calibrated=yes frame_age=1266614.4ms frames=246288 ball=5542 base_poses=90832 invalid=0 station_ok=yes
[INFO] [1787239871.874303109] [a3_receive_input_gateway]: gateway calibrated=yes frame_age=1267614.3ms frames=246288 ball=5542 base_poses=90832 invalid=0 station_ok=yes
[INFO] [1787239872.874544440] [a3_receive_input_gateway]: gateway calibrated=yes frame_age=1268614.4ms frames=246288 ball=5542 base_poses=90832 invalid=0 station_ok=yes
[INFO] [1787239873.874614932] [a3_receive_input_gateway]: gateway calibrated=yes frame_age=1269614.4ms frames=246288 ball=5542 base_poses=90832 invalid=0 station_ok=yes
[INFO] [1787239874.874580581] [a3_receive_input_gateway]: gateway calibrated=yes frame_age=1270614.4ms frames=246288 ball=5542 base_poses=90832 invalid=0 station_ok=yes
[INFO] [1787239875.874632326] [a3_receive_input_gateway]: gateway calibrated=yes frame_age=1271614.4ms frames=246288 ball=5542 base_poses=90832 invalid=0 station_ok=yes
[INFO] [1787239876.874575576] [a3_receive_input_gateway]: gateway calibrated=yes frame_age=1272614.4ms frames=246288 ball=5542 base_poses=90832 invalid=0 station_ok=yes
[INFO] [1787239877.874616879] [a3_receive_input_gateway]: gateway calibrated=yes frame_age=1273614.4ms frames=246288 ball=5542 base_poses=90832 invalid=0 station_ok=yes
[INFO] [1787239878.874646587] [a3_receive_input_gateway]: gateway calibrated=yes frame_age=1274614.5ms frames=246288 ball=5542 base_poses=90832 invalid=0 station_ok=yes
[INFO] [1787239879.874640806] [a3_receive_input_gateway]: gateway calibrated=yes frame_age=1275614.5ms frames=246288 ball=5542 base_poses=90832 invalid=0 station_ok=yes
[INFO] [1787239880.874633511] [a3_receive_input_gateway]: gateway calibrated=yes frame_age=1276614.5ms frames=246288 ball=5542 base_poses=90832 invalid=0 station_ok=yes
[INFO] [1787239881.874649321] [a3_receive_input_gateway]: gateway calibrated=yes frame_age=1277614.5ms frames=246288 ball=5542 base_poses=90832 invalid=0 station_ok=yes
[INFO] [1787239882.874637813] [a3_receive_input_gateway]: gateway calibrated=yes frame_age=1278614.4ms frames=246288 ball=5542 base_poses=90832 invalid=0 station_ok=yes
[INFO] [1787239883.874554825] [a3_receive_input_gateway]: gateway calibrated=yes frame_age=1279614.4ms frames=246288 ball=5542 base_poses=90832 invalid=0 station_ok=yes
[INFO] [1787239885.431643952] [a3_receive_input_gateway]: gateway calibrated=yes frame_age=1280614.5ms frames=246288 ball=5542 base_poses=90832 invalid=0 station_ok=yes
[INFO] [1787239885.874730258] [a3_receive_input_gateway]: gateway calibrated=yes frame_age=1281057.5ms frames=246288 ball=5542 base_poses=90832 invalid=0 station_ok=yes
[INFO] [1787239886.874556687] [a3_receive_input_gateway]: gateway calibrated=yes frame_age=1282057.5ms frames=246288 ball=5542 base_poses=90832 invalid=0 station_ok=yes
[INFO] [1787239887.874380076] [a3_receive_input_gateway]: gateway calibrated=yes frame_age=1283057.4ms frames=246288 ball=5542 base_poses=90832 invalid=0 station_ok=yes
[INFO] [1787239888.874369069] [a3_receive_input_gateway]: gateway calibrated=yes frame_age=1284057.4ms frames=246288 ball=5542 base_poses=90832 invalid=0 station_ok=yes
[INFO] [1787239889.874678140] [a3_receive_input_gateway]: gateway calibrated=yes frame_age=1285057.5ms frames=246288 ball=5542 base_poses=90832 invalid=0 station_ok=yes
[INFO] [1787239890.874724819] [a3_receive_input_gateway]: gateway calibrated=yes frame_age=1286057.5ms frames=246288 ball=5542 base_poses=90832 invalid=0 station_ok=yes
[INFO] [1787239891.874550467] [a3_receive_input_gateway]: gateway calibrated=yes frame_age=1287057.4ms frames=246288 ball=5542 base_poses=90832 invalid=0 station_ok=yes
[INFO] [1787239892.874609062] [a3_receive_input_gateway]: gateway calibrated=yes frame_age=1288057.5ms frames=246288 ball=5542 base_poses=90832 invalid=0 station_ok=yes
[INFO] [1787239893.874597216] [a3_receive_input_gateway]: gateway calibrated=yes frame_age=1289057.4ms frames=246288 ball=5542 base_poses=90832 invalid=0 station_ok=yes
[INFO] [1787239894.874456304] [a3_receive_input_gateway]: gateway calibrated=yes frame_age=1290057.4ms frames=246288 ball=5542 base_poses=90832 invalid=0 station_ok=yes
[INFO] [1787239895.874332881] [a3_receive_input_gateway]: gateway calibrated=yes frame_age=1291057.3ms frames=246288 ball=5542 base_poses=90832 invalid=0 station_ok=yes
[INFO] [1787239896.874509297] [a3_receive_input_gateway]: gateway calibrated=yes frame_age=1292057.5ms frames=246288 ball=5542 base_poses=90832 invalid=0 station_ok=yes
[INFO] [1787239897.874475427] [a3_receive_input_gateway]: gateway calibrated=yes frame_age=1293057.5ms frames=246288 ball=5542 base_poses=90832 invalid=0 station_ok=yes
[INFO] [1787239898.874720316] [a3_receive_input_gateway]: gateway calibrated=yes frame_age=1294057.6ms frames=246288 ball=5542 base_poses=90832 invalid=0 station_ok=yes
[INFO] [1787239899.874374559] [a3_receive_input_gateway]: gateway calibrated=yes frame_age=1295057.3ms frames=246288 ball=5542 base_poses=90832 invalid=0 station_ok=yes
[INFO] [1787239900.874685316] [a3_receive_input_gateway]: gateway calibrated=yes frame_age=1296057.4ms frames=246288 ball=5542 base_poses=90832 invalid=0 station_ok=yes
[INFO] [1787239901.875058921] [a3_receive_input_gateway]: gateway calibrated=yes frame_age=1297057.8ms frames=246288 ball=5542 base_poses=90832 invalid=0 station_ok=yes
[INFO] [1787239902.874451752] [a3_receive_input_gateway]: gateway calibrated=yes frame_age=1298057.5ms frames=246288 ball=5542 base_poses=90832 invalid=0 station_ok=yes
[INFO] [1787239903.874458779] [a3_receive_input_gateway]: gateway calibrated=yes frame_age=1299057.4ms frames=246288 ball=5542 base_poses=90832 invalid=0 station_ok=yes
[INFO] [1787239904.874637419] [a3_receive_input_gateway]: gateway calibrated=yes frame_age=1300057.5ms frames=246288 ball=5542 base_poses=90832 invalid=0 station_ok=yes
[INFO] [1787239905.874564429] [a3_receive_input_gateway]: gateway calibrated=yes frame_age=1301057.4ms frames=246288 ball=5542 base_poses=90832 invalid=0 station_ok=yes
[INFO] [1787239906.874351947] [a3_receive_input_gateway]: gateway calibrated=yes frame_age=1302057.4ms frames=246288 ball=5542 base_poses=90832 invalid=0 station_ok=yes
[INFO] [1787239907.874602896] [a3_receive_input_gateway]: gateway calibrated=yes frame_age=1303057.4ms frames=246288 ball=5542 base_poses=90832 invalid=0 station_ok=yes
[INFO] [1787239908.874368348] [a3_receive_input_gateway]: gateway calibrated=yes frame_age=1304057.4ms frames=246288 ball=5542 base_poses=90832 invalid=0 station_ok=yes
[INFO] [1787239909.874637777] [a3_receive_input_gateway]: gateway calibrated=yes frame_age=1305057.4ms frames=246288 ball=5542 base_poses=90832 invalid=0 station_ok=yes
[INFO] [1787239910.874517729] [a3_receive_input_gateway]: gateway calibrated=yes frame_age=1306057.4ms frames=246288 ball=5542 base_poses=90832 invalid=0 station_ok=yes
[INFO] [1787239911.874575109] [a3_receive_input_gateway]: gateway calibrated=yes frame_age=1307057.4ms frames=246288 ball=5542 base_poses=90832 invalid=0 station_ok=yes
[INFO] [1787239912.874377272] [a3_receive_input_gateway]: gateway calibrated=yes frame_age=1308057.4ms frames=246288 ball=5542 base_poses=90832 invalid=0 station_ok=yes
[INFO] [1787239913.874342320] [a3_receive_input_gateway]: gateway calibrated=yes frame_age=1309057.3ms frames=246288 ball=5542 base_poses=90832 invalid=0 station_ok=yes
[INFO] [1787239914.874374473] [a3_receive_input_gateway]: gateway calibrated=yes frame_age=1310057.4ms frames=246288 ball=5542 base_poses=90832 invalid=0 station_ok=yes
[INFO] [1787239915.874668539] [a3_receive_input_gateway]: gateway calibrated=yes frame_age=1311057.5ms frames=246288 ball=5542 base_poses=90832 invalid=0 station_ok=yes
[INFO] [1787239916.874716723] [a3_receive_input_gateway]: gateway calibrated=yes frame_age=1312057.4ms frames=246288 ball=5542 base_poses=90832 invalid=0 station_ok=yes
[INFO] [1787239917.874550282] [a3_receive_input_gateway]: gateway calibrated=yes frame_age=1313057.4ms frames=246288 ball=5542 base_poses=90832 invalid=0 station_ok=yes
[INFO] [1787239918.874319401] [a3_receive_input_gateway]: gateway calibrated=yes frame_age=1314057.3ms frames=246288 ball=5542 base_poses=90832 invalid=0 station_ok=yes
[INFO] [1787239919.874593657] [a3_receive_input_gateway]: gateway calibrated=yes frame_age=1315057.3ms frames=246288 ball=5542 base_poses=90832 invalid=0 station_ok=yes
[INFO] [1787239920.874705193] [a3_receive_input_gateway]: gateway calibrated=yes frame_age=1316057.6ms frames=246288 ball=5542 base_poses=90832 invalid=0 station_ok=yes
[INFO] [1787239921.874365404] [a3_receive_input_gateway]: gateway calibrated=yes frame_age=1317057.3ms frames=246288 ball=5542 base_poses=90832 invalid=0 station_ok=yes
[INFO] [1787239922.874579344] [a3_receive_input_gateway]: gateway calibrated=yes frame_age=1318057.4ms frames=246288 ball=5542 base_poses=90832 invalid=0 station_ok=yes
[INFO] [1787239923.874401155] [a3_receive_input_gateway]: gateway calibrated=yes frame_age=1319057.3ms frames=246288 ball=5542 base_poses=90832 invalid=0 station_ok=yes
[INFO] [1787239924.874432171] [a3_receive_input_gateway]: gateway calibrated=yes frame_age=1320057.4ms frames=246288 ball=5542 base_poses=90832 invalid=0 station_ok=yes
[INFO] [1787239925.874554625] [a3_receive_input_gateway]: gateway calibrated=yes frame_age=1321057.5ms frames=246288 ball=5542 base_poses=90832 invalid=0 station_ok=yes
[INFO] [1787239926.874812392] [a3_receive_input_gateway]: gateway calibrated=yes frame_age=1322057.5ms frames=246288 ball=5542 base_poses=90832 invalid=0 station_ok=yes
[INFO] [1787239927.874633878] [a3_receive_input_gateway]: gateway calibrated=yes frame_age=1323057.4ms frames=246288 ball=5542 base_poses=90832 invalid=0 station_ok=yes
[INFO] [1787239928.874578302] [a3_receive_input_gateway]: gateway calibrated=yes frame_age=1324057.4ms frames=246288 ball=5542 base_poses=90832 invalid=0 station_ok=yes
[INFO] [1787239929.874545160] [a3_receive_input_gateway]: gateway calibrated=yes frame_age=1325057.4ms frames=246288 ball=5542 base_poses=90832 invalid=0 station_ok=yes
[INFO] [1787239930.874619318] [a3_receive_input_gateway]: gateway calibrated=yes frame_age=1326057.4ms frames=246288 ball=5542 base_poses=90832 invalid=0 station_ok=yes
[INFO] [1787239931.874558284] [a3_receive_input_gateway]: gateway calibrated=yes frame_age=1327057.4ms frames=246288 ball=5542 base_poses=90832 invalid=0 station_ok=yes
[INFO] [1787239932.874310246] [a3_receive_input_gateway]: gateway calibrated=yes frame_age=1328057.3ms frames=246288 ball=5542 base_poses=90832 invalid=0 station_ok=yes
[INFO] [1787239933.874397074] [a3_receive_input_gateway]: gateway calibrated=yes frame_age=1329057.3ms frames=246288 ball=5542 base_poses=90832 invalid=0 station_ok=yes
[INFO] [1787239934.874565735] [a3_receive_input_gateway]: gateway calibrated=yes frame_age=1330057.4ms frames=246288 ball=5542 base_poses=90832 invalid=0 station_ok=yes
[INFO] [1787239935.874596213] [a3_receive_input_gateway]: gateway calibrated=yes frame_age=1331057.4ms frames=246288 ball=5542 base_poses=90832 invalid=0 station_ok=yes
[INFO] [1787239936.874845723] [a3_receive_input_gateway]: gateway calibrated=yes frame_age=1332057.6ms frames=246288 ball=5542 base_poses=90832 invalid=0 station_ok=yes
[INFO] [1787239937.874703021] [a3_receive_input_gateway]: gateway calibrated=yes frame_age=1333057.5ms frames=246288 ball=5542 base_poses=90832 invalid=0 station_ok=yes
[INFO] [1787239938.874517053] [a3_receive_input_gateway]: gateway calibrated=yes frame_age=1334057.4ms frames=246288 ball=5542 base_poses=90832 invalid=0 station_ok=yes
[INFO] [1787239939.874642077] [a3_receive_input_gateway]: gateway calibrated=yes frame_age=1335057.5ms frames=246288 ball=5542 base_poses=90832 invalid=0 station_ok=yes
[INFO] [1787239940.874365989] [a3_receive_input_gateway]: gateway calibrated=yes frame_age=1336057.3ms frames=246288 ball=5542 base_poses=90832 invalid=0 station_ok=yes
[INFO] [1787239941.874483567] [a3_receive_input_gateway]: gateway calibrated=yes frame_age=1337057.4ms frames=246288 ball=5542 base_poses=90832 invalid=0 station_ok=yes
[INFO] [1787239942.874438318] [a3_receive_input_gateway]: gateway calibrated=yes frame_age=1338057.4ms frames=246288 ball=5542 base_poses=90832 invalid=0 station_ok=yes
[INFO] [1787239943.874342145] [a3_receive_input_gateway]: gateway calibrated=yes frame_age=1339057.3ms frames=246288 ball=5542 base_poses=90832 invalid=0 station_ok=yes
[INFO] [1787239944.874636880] [a3_receive_input_gateway]: gateway calibrated=yes frame_age=1340057.5ms frames=246288 ball=5542 base_poses=90832 invalid=0 station_ok=yes
[INFO] [1787239945.874693906] [a3_receive_input_gateway]: gateway calibrated=yes frame_age=1341057.5ms frames=246288 ball=5542 base_poses=90832 invalid=0 station_ok=yes
[INFO] [1787239946.874599113] [a3_receive_input_gateway]: gateway calibrated=yes frame_age=1342057.5ms frames=246288 ball=5542 base_poses=90832 invalid=0 station_ok=yes
[INFO] [1787239947.874471095] [a3_receive_input_gateway]: gateway calibrated=yes frame_age=1343057.4ms frames=246288 ball=5542 base_poses=90832 invalid=0 station_ok=yes
[INFO] [1787239948.874625086] [a3_receive_input_gateway]: gateway calibrated=yes frame_age=1344057.5ms frames=246288 ball=5542 base_poses=90832 invalid=0 station_ok=yes
[INFO] [1787239949.874430060] [a3_receive_input_gateway]: gateway calibrated=yes frame_age=1345057.3ms frames=246288 ball=5542 base_poses=90832 invalid=0 station_ok=yes
[INFO] [1787239950.874401169] [a3_receive_input_gateway]: gateway calibrated=yes frame_age=1346057.3ms frames=246288 ball=5542 base_poses=90832 invalid=0 station_ok=yes
[INFO] [1787239951.874534811] [a3_receive_input_gateway]: gateway calibrated=yes frame_age=1347057.4ms frames=246288 ball=5542 base_poses=90832 invalid=0 station_ok=yes
[INFO] [1787239952.874653855] [a3_receive_input_gateway]: gateway calibrated=yes frame_age=1348057.5ms frames=246288 ball=5542 base_poses=90832 invalid=0 station_ok=yes
[INFO] [1787239953.874628707] [a3_receive_input_gateway]: gateway calibrated=yes frame_age=1349057.5ms frames=246288 ball=5542 base_poses=90832 invalid=0 station_ok=yes
[INFO] [1787239954.874581044] [a3_receive_input_gateway]: gateway calibrated=yes frame_age=1350057.4ms frames=246288 ball=5542 base_poses=90832 invalid=0 station_ok=yes
[INFO] [1787239955.874535600] [a3_receive_input_gateway]: gateway calibrated=yes frame_age=1351057.4ms frames=246288 ball=5542 base_poses=90832 invalid=0 station_ok=yes
[INFO] [1787239956.874675862] [a3_receive_input_gateway]: gateway calibrated=yes frame_age=1352057.5ms frames=246288 ball=5542 base_poses=90832 invalid=0 station_ok=yes
[INFO] [1787239957.874445588] [a3_receive_input_gateway]: gateway calibrated=yes frame_age=1353057.5ms frames=246288 ball=5542 base_poses=90832 invalid=0 station_ok=yes
[INFO] [1787239958.874487827] [a3_receive_input_gateway]: gateway calibrated=yes frame_age=1354057.4ms frames=246288 ball=5542 base_poses=90832 invalid=0 station_ok=yes
[INFO] [1787239959.874441529] [a3_receive_input_gateway]: gateway calibrated=yes frame_age=1355057.4ms frames=246288 ball=5542 base_poses=90832 invalid=0 station_ok=yes
[INFO] [1787239960.874393392] [a3_receive_input_gateway]: gateway calibrated=yes frame_age=1356057.3ms frames=246288 ball=5542 base_poses=90832 invalid=0 station_ok=yes
[INFO] [1787239961.874505366] [a3_receive_input_gateway]: gateway calibrated=yes frame_age=1357057.4ms frames=246288 ball=5542 base_poses=90832 invalid=0 station_ok=yes
[INFO] [1787239962.874336981] [a3_receive_input_gateway]: gateway calibrated=yes frame_age=1358057.3ms frames=246288 ball=5542 base_poses=90832 invalid=0 station_ok=yes
[INFO] [1787239963.874998098] [a3_receive_input_gateway]: gateway calibrated=yes frame_age=1359057.8ms frames=246288 ball=5542 base_poses=90832 invalid=0 station_ok=yes
[INFO] [1787239964.874455625] [a3_receive_input_gateway]: gateway calibrated=yes frame_age=1360057.4ms frames=246288 ball=5542 base_poses=90832 invalid=0 station_ok=yes
[INFO] [1787239965.874615934] [a3_receive_input_gateway]: gateway calibrated=yes frame_age=1361057.5ms frames=246288 ball=5542 base_poses=90832 invalid=0 station_ok=yes
[INFO] [1787239966.874610549] [a3_receive_input_gateway]: gateway calibrated=yes frame_age=1362057.5ms frames=246288 ball=5542 base_poses=90832 invalid=0 station_ok=yes
[INFO] [1787239967.874563349] [a3_receive_input_gateway]: gateway calibrated=yes frame_age=1363057.4ms frames=246288 ball=5542 base_poses=90832 invalid=0 station_ok=yes
[INFO] [1787239968.874511698] [a3_receive_input_gateway]: gateway calibrated=yes frame_age=1364057.4ms frames=246288 ball=5542 base_poses=90832 invalid=0 station_ok=yes
[INFO] [1787239969.874450720] [a3_receive_input_gateway]: gateway calibrated=yes frame_age=1365057.4ms frames=246288 ball=5542 base_poses=90832 invalid=0 station_ok=yes
[INFO] [1787239970.874584013] [a3_receive_input_gateway]: gateway calibrated=yes frame_age=1366057.4ms frames=246288 ball=5542 base_poses=90832 invalid=0 station_ok=yes
[INFO] [1787239971.874648548] [a3_receive_input_gateway]: gateway calibrated=yes frame_age=1367057.5ms frames=246288 ball=5542 base_poses=90832 invalid=0 station_ok=yes
[INFO] [1787239972.874349244] [a3_receive_input_gateway]: gateway calibrated=yes frame_age=1368057.3ms frames=246288 ball=5542 base_poses=90832 invalid=0 station_ok=yes
[INFO] [1787239973.874497419] [a3_receive_input_gateway]: gateway calibrated=yes frame_age=1369057.4ms frames=246288 ball=5542 base_poses=90832 invalid=0 station_ok=yes
[INFO] [1787239974.874747331] [a3_receive_input_gateway]: gateway calibrated=yes frame_age=1370057.5ms frames=246288 ball=5542 base_poses=90832 invalid=0 station_ok=yes
[INFO] [1787239975.874607209] [a3_receive_input_gateway]: gateway calibrated=yes frame_age=1371057.5ms frames=246288 ball=5542 base_poses=90832 invalid=0 station_ok=yes
[INFO] [1787239976.874422176] [a3_receive_input_gateway]: gateway calibrated=yes frame_age=1372057.4ms frames=246288 ball=5542 base_poses=90832 invalid=0 station_ok=yes
[INFO] [1787239977.874535724] [a3_receive_input_gateway]: gateway calibrated=yes frame_age=1373057.4ms frames=246288 ball=5542 base_poses=90832 invalid=0 station_ok=yes
[INFO] [1787239978.874700718] [a3_receive_input_gateway]: gateway calibrated=yes frame_age=1374057.6ms frames=246288 ball=5542 base_poses=90832 invalid=0 station_ok=yes
[INFO] [1787239979.874381590] [a3_receive_input_gateway]: gateway calibrated=yes frame_age=1375057.3ms frames=246288 ball=5542 base_poses=90832 invalid=0 station_ok=yes
[INFO] [1787239980.874366885] [a3_receive_input_gateway]: gateway calibrated=yes frame_age=1376057.4ms frames=246288 ball=5542 base_poses=90832 invalid=0 station_ok=yes
[INFO] [1787239981.874310356] [a3_receive_input_gateway]: gateway calibrated=yes frame_age=1377057.3ms frames=246288 ball=5542 base_poses=90832 invalid=0 station_ok=yes
[INFO] [1787239982.874585280] [a3_receive_input_gateway]: gateway calibrated=yes frame_age=1378057.4ms frames=246288 ball=5542 base_poses=90832 invalid=0 station_ok=yes
[INFO] [1787239983.874496774] [a3_receive_input_gateway]: gateway calibrated=yes frame_age=1379057.3ms frames=246288 ball=5542 base_poses=90832 invalid=0 station_ok=yes
[INFO] [1787239984.874532266] [a3_receive_input_gateway]: gateway calibrated=yes frame_age=1380057.4ms frames=246288 ball=5542 base_poses=90832 invalid=0 station_ok=yes
[INFO] [1787239985.874850276] [a3_receive_input_gateway]: gateway calibrated=yes frame_age=1381057.5ms frames=246288 ball=5542 base_poses=90832 invalid=0 station_ok=yes
[INFO] [1787239986.874435902] [a3_receive_input_gateway]: gateway calibrated=yes frame_age=1382057.3ms frames=246288 ball=5542 base_poses=90832 invalid=0 station_ok=yes
[INFO] [1787239987.874308721] [a3_receive_input_gateway]: gateway calibrated=yes frame_age=1383688.3ms frames=246288 ball=5542 base_poses=90832 invalid=0 station_ok=yes
[INFO] [1787239988.874323458] [a3_receive_input_gateway]: gateway calibrated=yes frame_age=1384688.3ms frames=246288 ball=5542 base_poses=90832 invalid=0 station_ok=yes
[INFO] [1787239989.874329842] [a3_receive_input_gateway]: gateway calibrated=yes frame_age=1385688.3ms frames=246288 ball=5542 base_poses=90832 invalid=0 station_ok=yes
[INFO] [1787239990.874660180] [a3_receive_input_gateway]: gateway calibrated=yes frame_age=1386688.5ms frames=246288 ball=5542 base_poses=90832 invalid=0 station_ok=yes
[INFO] [1787239991.874384672] [a3_receive_input_gateway]: gateway calibrated=yes frame_age=1387688.4ms frames=246288 ball=5542 base_poses=90832 invalid=0 station_ok=yes
[INFO] [1787239992.874449556] [a3_receive_input_gateway]: gateway calibrated=yes frame_age=1388688.4ms frames=246288 ball=5542 base_poses=90832 invalid=0 station_ok=yes
[INFO] [1787239993.874353481] [a3_receive_input_gateway]: gateway calibrated=yes frame_age=1389688.3ms frames=246288 ball=5542 base_poses=90832 invalid=0 station_ok=yes
[INFO] [1787239994.874382600] [a3_receive_input_gateway]: gateway calibrated=yes frame_age=1390688.3ms frames=246288 ball=5542 base_poses=90832 invalid=0 station_ok=yes
[INFO] [1787239995.874460860] [a3_receive_input_gateway]: gateway calibrated=yes frame_age=1391688.4ms frames=246288 ball=5542 base_poses=90832 invalid=0 station_ok=yes
[INFO] [1787239996.874351461] [a3_receive_input_gateway]: gateway calibrated=yes frame_age=1392688.3ms frames=246288 ball=5542 base_poses=90832 invalid=0 station_ok=yes
[INFO] [1787239997.875467721] [a3_receive_input_gateway]: gateway calibrated=yes frame_age=1393689.4ms frames=246288 ball=5542 base_poses=90832 invalid=0 station_ok=yes
[INFO] [1787239998.874516553] [a3_receive_input_gateway]: gateway calibrated=yes frame_age=1394688.5ms frames=246288 ball=5542 base_poses=90832 invalid=0 station_ok=yes
[INFO] [1787239999.876434034] [a3_receive_input_gateway]: gateway calibrated=yes frame_age=1395690.4ms frames=246288 ball=5542 base_poses=90832 invalid=0 station_ok=yes
[INFO] [1787240000.874312735] [a3_receive_input_gateway]: gateway calibrated=yes frame_age=1396688.3ms frames=246288 ball=5542 base_poses=90832 invalid=0 station_ok=yes
[INFO] [1787240001.874963168] [a3_receive_input_gateway]: gateway calibrated=yes frame_age=1397688.8ms frames=246288 ball=5542 base_poses=90832 invalid=0 station_ok=yes
[INFO] [1787240002.874689386] [a3_receive_input_gateway]: gateway calibrated=yes frame_age=1398688.5ms frames=246288 ball=5542 base_poses=90832 invalid=0 station_ok=yes
[INFO] [1787240003.874683240] [a3_receive_input_gateway]: gateway calibrated=yes frame_age=1399688.5ms frames=246288 ball=5542 base_poses=90832 invalid=0 station_ok=yes
[INFO] [1787240004.874671401] [a3_receive_input_gateway]: gateway calibrated=yes frame_age=1400688.5ms frames=246288 ball=5542 base_poses=90832 invalid=0 station_ok=yes
[INFO] [1787240005.874635873] [a3_receive_input_gateway]: gateway calibrated=yes frame_age=1401688.4ms frames=246288 ball=5542 base_poses=90832 invalid=0 station_ok=yes
[INFO] [1787240006.874496299] [a3_receive_input_gateway]: gateway calibrated=yes frame_age=1402688.5ms frames=246288 ball=5542 base_poses=90832 invalid=0 station_ok=yes
[INFO] [1787240007.874364205] [a3_receive_input_gateway]: gateway calibrated=yes frame_age=1403688.3ms frames=246288 ball=5542 base_poses=90832 invalid=0 station_ok=yes
[INFO] [1787240008.875133700] [a3_receive_input_gateway]: gateway calibrated=yes frame_age=1404688.8ms frames=246288 ball=5542 base_poses=90832 invalid=0 station_ok=yes
[INFO] [1787240009.874666634] [a3_receive_input_gateway]: gateway calibrated=yes frame_age=1405688.5ms frames=246288 ball=5542 base_poses=90832 invalid=0 station_ok=yes
[INFO] [1787240010.874649724] [a3_receive_input_gateway]: gateway calibrated=yes frame_age=1406688.5ms frames=246288 ball=5542 base_poses=90832 invalid=0 station_ok=yes
[INFO] [1787240011.874564726] [a3_receive_input_gateway]: gateway calibrated=yes frame_age=1407688.4ms frames=246288 ball=5542 base_poses=90832 invalid=0 station_ok=yes
[INFO] [1787240012.874599066] [a3_receive_input_gateway]: gateway calibrated=yes frame_age=1408688.4ms frames=246288 ball=5542 base_poses=90832 invalid=0 station_ok=yes
[INFO] [1787240013.874641516] [a3_receive_input_gateway]: gateway calibrated=yes frame_age=1409688.4ms frames=246288 ball=5542 base_poses=90832 invalid=0 station_ok=yes
[INFO] [1787240014.874440548] [a3_receive_input_gateway]: gateway calibrated=yes frame_age=1410688.4ms frames=246288 ball=5542 base_poses=90832 invalid=0 station_ok=yes
[INFO] [1787240015.874324842] [a3_receive_input_gateway]: gateway calibrated=yes frame_age=1411688.3ms frames=246288 ball=5542 base_poses=90832 invalid=0 station_ok=yes
[INFO] [1787240016.874334211] [a3_receive_input_gateway]: gateway calibrated=yes frame_age=1412688.3ms frames=246288 ball=5542 base_poses=90832 invalid=0 station_ok=yes
[INFO] [1787240017.874370142] [a3_receive_input_gateway]: gateway calibrated=yes frame_age=1413688.3ms frames=246288 ball=5542 base_poses=90832 invalid=0 station_ok=yes
[INFO] [1787240018.874453791] [a3_receive_input_gateway]: gateway calibrated=yes frame_age=1414688.3ms frames=246288 ball=5542 base_poses=90832 invalid=0 station_ok=yes
[INFO] [1787240019.874404391] [a3_receive_input_gateway]: gateway calibrated=yes frame_age=1415688.3ms frames=246288 ball=5542 base_poses=90832 invalid=0 station_ok=yes
[INFO] [1787240020.874449402] [a3_receive_input_gateway]: gateway calibrated=yes frame_age=1416688.4ms frames=246288 ball=5542 base_poses=90832 invalid=0 station_ok=yes
[INFO] [1787240021.874388427] [a3_receive_input_gateway]: gateway calibrated=yes frame_age=1417688.4ms frames=246288 ball=5542 base_poses=90832 invalid=0 station_ok=yes
[INFO] [1787240022.874303236] [a3_receive_input_gateway]: gateway calibrated=yes frame_age=1418688.3ms frames=246288 ball=5542 base_poses=90832 invalid=0 station_ok=yes
[INFO] [1787240023.874931169] [a3_receive_input_gateway]: gateway calibrated=yes frame_age=1419688.7ms frames=246288 ball=5542 base_poses=90832 invalid=0 station_ok=yes
[INFO] [1787240024.874569010] [a3_receive_input_gateway]: gateway calibrated=yes frame_age=1420688.4ms frames=246288 ball=5542 base_poses=90832 invalid=0 station_ok=yes
[INFO] [1787240025.874360641] [a3_receive_input_gateway]: gateway calibrated=yes frame_age=1421688.3ms frames=246288 ball=5542 base_poses=90832 invalid=0 station_ok=yes
[INFO] [1787240026.874306617] [a3_receive_input_gateway]: gateway calibrated=yes frame_age=1422688.3ms frames=246288 ball=5542 base_poses=90832 invalid=0 station_ok=yes
[INFO] [1787240027.874419121] [a3_receive_input_gateway]: gateway calibrated=yes frame_age=1423688.4ms frames=246288 ball=5542 base_poses=90832 invalid=0 station_ok=yes
[INFO] [1787240028.874320702] [a3_receive_input_gateway]: gateway calibrated=yes frame_age=1424688.3ms frames=246288 ball=5542 base_poses=90832 invalid=0 station_ok=yes
[INFO] [1787240029.874567077] [a3_receive_input_gateway]: gateway calibrated=yes frame_age=1425688.5ms frames=246288 ball=5542 base_poses=90832 invalid=0 station_ok=yes
[INFO] [1787240030.874610204] [a3_receive_input_gateway]: gateway calibrated=yes frame_age=1426688.4ms frames=246288 ball=5542 base_poses=90832 invalid=0 station_ok=yes
[INFO] [1787240031.874329257] [a3_receive_input_gateway]: gateway calibrated=yes frame_age=1427688.3ms frames=246288 ball=5542 base_poses=90832 invalid=0 station_ok=yes
[INFO] [1787240032.874322752] [a3_receive_input_gateway]: gateway calibrated=yes frame_age=1428688.3ms frames=246288 ball=5542 base_poses=90832 invalid=0 station_ok=yes
[INFO] [1787240033.875497854] [a3_receive_input_gateway]: gateway calibrated=yes frame_age=1429689.3ms frames=246288 ball=5542 base_poses=90832 invalid=0 station_ok=yes
[INFO] [1787240034.874659379] [a3_receive_input_gateway]: gateway calibrated=yes frame_age=1430688.4ms frames=246288 ball=5542 base_poses=90832 invalid=0 station_ok=yes
[INFO] [1787240035.874584319] [a3_receive_input_gateway]: gateway calibrated=yes frame_age=1431688.3ms frames=246288 ball=5542 base_poses=90832 invalid=0 station_ok=yes
[INFO] [1787240036.874536366] [a3_receive_input_gateway]: gateway calibrated=yes frame_age=1432688.3ms frames=246288 ball=5542 base_poses=90832 invalid=0 station_ok=yes
[INFO] [1787240037.874506109] [a3_receive_input_gateway]: gateway calibrated=yes frame_age=1433688.3ms frames=246288 ball=5542 base_poses=90832 invalid=0 station_ok=yes
[INFO] [1787240038.874558901] [a3_receive_input_gateway]: gateway calibrated=yes frame_age=1434688.4ms frames=246288 ball=5542 base_poses=90832 invalid=0 station_ok=yes
[INFO] [1787240039.874617926] [a3_receive_input_gateway]: gateway calibrated=yes frame_age=1435688.4ms frames=246288 ball=5542 base_poses=90832 invalid=0 station_ok=yes
[INFO] [1787240040.874551634] [a3_receive_input_gateway]: gateway calibrated=yes frame_age=1436688.4ms frames=246288 ball=5542 base_poses=90832 invalid=0 station_ok=yes
[INFO] [1787240041.874599100] [a3_receive_input_gateway]: gateway calibrated=yes frame_age=1437688.4ms frames=246288 ball=5542 base_poses=90832 invalid=0 station_ok=yes
[INFO] [1787240042.874536820] [a3_receive_input_gateway]: gateway calibrated=yes frame_age=1438688.3ms frames=246288 ball=5542 base_poses=90832 invalid=0 station_ok=yes
[INFO] [1787240043.874360242] [a3_receive_input_gateway]: gateway calibrated=yes frame_age=1439688.3ms frames=246288 ball=5542 base_poses=90832 invalid=0 station_ok=yes
[INFO] [1787240044.874577345] [a3_receive_input_gateway]: gateway calibrated=yes frame_age=1440688.5ms frames=246288 ball=5542 base_poses=90832 invalid=0 station_ok=yes
[INFO] [1787240045.874789884] [a3_receive_input_gateway]: gateway calibrated=yes frame_age=1441688.5ms frames=246288 ball=5542 base_poses=90832 invalid=0 station_ok=yes
[INFO] [1787240046.874300775] [a3_receive_input_gateway]: gateway calibrated=yes frame_age=1442688.3ms frames=246288 ball=5542 base_poses=90832 invalid=0 station_ok=yes
[INFO] [1787240047.874850859] [a3_receive_input_gateway]: gateway calibrated=yes frame_age=1443688.7ms frames=246288 ball=5542 base_poses=90832 invalid=0 station_ok=yes
[INFO] [1787240048.874659763] [a3_receive_input_gateway]: gateway calibrated=yes frame_age=1444688.5ms frames=246288 ball=5542 base_poses=90832 invalid=0 station_ok=yes
[INFO] [1787240049.874683883] [a3_receive_input_gateway]: gateway calibrated=yes frame_age=1445688.5ms frames=246288 ball=5542 base_poses=90832 invalid=0 station_ok=yes
[INFO] [1787240050.874521392] [a3_receive_input_gateway]: gateway calibrated=yes frame_age=1446688.5ms frames=246288 ball=5542 base_poses=90832 invalid=0 station_ok=yes
[INFO] [1787240051.874423398] [a3_receive_input_gateway]: gateway calibrated=yes frame_age=1447688.3ms frames=246288 ball=5542 base_poses=90832 invalid=0 station_ok=yes
[INFO] [1787240052.874534513] [a3_receive_input_gateway]: gateway calibrated=yes frame_age=1448688.4ms frames=246288 ball=5542 base_poses=90832 invalid=0 station_ok=yes
[INFO] [1787240053.874454793] [a3_receive_input_gateway]: gateway calibrated=yes frame_age=1449688.4ms frames=246288 ball=5542 base_poses=90832 invalid=0 station_ok=yes
[INFO] [1787240054.874414870] [a3_receive_input_gateway]: gateway calibrated=yes frame_age=1450688.3ms frames=246288 ball=5542 base_poses=90832 invalid=0 station_ok=yes
[INFO] [1787240055.874459622] [a3_receive_input_gateway]: gateway calibrated=yes frame_age=1451688.3ms frames=246288 ball=5542 base_poses=90832 invalid=0 station_ok=yes
[INFO] [1787240056.874452634] [a3_receive_input_gateway]: gateway calibrated=yes frame_age=1452688.4ms frames=246288 ball=5542 base_poses=90832 invalid=0 station_ok=yes
[INFO] [1787240057.874381792] [a3_receive_input_gateway]: gateway calibrated=yes frame_age=1453688.3ms frames=246288 ball=5542 base_poses=90832 invalid=0 station_ok=yes
[INFO] [1787240058.874343203] [a3_receive_input_gateway]: gateway calibrated=yes frame_age=1454688.3ms frames=246288 ball=5542 base_poses=90832 invalid=0 station_ok=yes
[INFO] [1787240059.874491438] [a3_receive_input_gateway]: gateway calibrated=yes frame_age=1455688.5ms frames=246288 ball=5542 base_poses=90832 invalid=0 station_ok=yes
[INFO] [1787240060.874398246] [a3_receive_input_gateway]: gateway calibrated=yes frame_age=1456688.3ms frames=246288 ball=5542 base_poses=90832 invalid=0 station_ok=yes
[INFO] [1787240061.874355245] [a3_receive_input_gateway]: gateway calibrated=yes frame_age=1457688.3ms frames=246288 ball=5542 base_poses=90832 invalid=0 station_ok=yes
[INFO] [1787240062.874310624] [a3_receive_input_gateway]: gateway calibrated=yes frame_age=1458688.3ms frames=246288 ball=5542 base_poses=90832 invalid=0 station_ok=yes
[INFO] [1787240063.874666617] [a3_receive_input_gateway]: gateway calibrated=yes frame_age=1459688.5ms frames=246288 ball=5542 base_poses=90832 invalid=0 station_ok=yes
[INFO] [1787240064.874302927] [a3_receive_input_gateway]: gateway calibrated=yes frame_age=1460688.3ms frames=246288 ball=5542 base_poses=90832 invalid=0 station_ok=yes
[INFO] [1787240065.874465963] [a3_receive_input_gateway]: gateway calibrated=yes frame_age=1461688.3ms frames=246288 ball=5542 base_poses=90832 invalid=0 station_ok=yes
[INFO] [1787240066.874383220] [a3_receive_input_gateway]: gateway calibrated=yes frame_age=1462688.3ms frames=246288 ball=5542 base_poses=90832 invalid=0 station_ok=yes
[INFO] [1787240067.874349410] [a3_receive_input_gateway]: gateway calibrated=yes frame_age=1463688.3ms frames=246288 ball=5542 base_poses=90832 invalid=0 station_ok=yes
[INFO] [1787240068.874598574] [a3_receive_input_gateway]: gateway calibrated=yes frame_age=1464688.4ms frames=246288 ball=5542 base_poses=90832 invalid=0 station_ok=yes
[INFO] [1787240069.874729401] [a3_receive_input_gateway]: gateway calibrated=yes frame_age=1465688.5ms frames=246288 ball=5542 base_poses=90832 invalid=0 station_ok=yes
[INFO] [1787240070.874676331] [a3_receive_input_gateway]: gateway calibrated=yes frame_age=1466688.5ms frames=246288 ball=5542 base_poses=90832 invalid=0 station_ok=yes
[INFO] [1787240071.874536831] [a3_receive_input_gateway]: gateway calibrated=yes frame_age=1467688.4ms frames=246288 ball=5542 base_poses=90832 invalid=0 station_ok=yes
[INFO] [1787240072.874637521] [a3_receive_input_gateway]: gateway calibrated=yes frame_age=1468688.5ms frames=246288 ball=5542 base_poses=90832 invalid=0 station_ok=yes
[INFO] [1787240073.874626853] [a3_receive_input_gateway]: gateway calibrated=yes frame_age=1469688.4ms frames=246288 ball=5542 base_poses=90832 invalid=0 station_ok=yes
[INFO] [1787240074.874680440] [a3_receive_input_gateway]: gateway calibrated=yes frame_age=1470688.5ms frames=246288 ball=5542 base_poses=90832 invalid=0 station_ok=yes
[INFO] [1787240075.874680362] [a3_receive_input_gateway]: gateway calibrated=yes frame_age=1471688.5ms frames=246288 ball=5542 base_poses=90832 invalid=0 station_ok=yes
[INFO] [1787240076.874638685] [a3_receive_input_gateway]: gateway calibrated=yes frame_age=1472688.4ms frames=246288 ball=5542 base_poses=90832 invalid=0 station_ok=yes
[INFO] [1787240077.874620705] [a3_receive_input_gateway]: gateway calibrated=yes frame_age=1473688.4ms frames=246288 ball=5542 base_poses=90832 invalid=0 station_ok=yes
[INFO] [1787240078.874580722] [a3_receive_input_gateway]: gateway calibrated=yes frame_age=1474688.4ms frames=246288 ball=5542 base_poses=90832 invalid=0 station_ok=yes
[INFO] [1787240079.874648151] [a3_receive_input_gateway]: gateway calibrated=yes frame_age=1475688.5ms frames=246288 ball=5542 base_poses=90832 invalid=0 station_ok=yes
[INFO] [1787240080.874627449] [a3_receive_input_gateway]: gateway calibrated=yes frame_age=1476688.4ms frames=246288 ball=5542 base_poses=90832 invalid=0 station_ok=yes
[INFO] [1787240081.874559605] [a3_receive_input_gateway]: gateway calibrated=yes frame_age=1477688.4ms frames=246288 ball=5542 base_poses=90832 invalid=0 station_ok=yes
[INFO] [1787240082.874685984] [a3_receive_input_gateway]: gateway calibrated=yes frame_age=1478688.5ms frames=246288 ball=5542 base_poses=90832 invalid=0 station_ok=yes
[INFO] [1787240083.874917106] [a3_receive_input_gateway]: gateway calibrated=yes frame_age=1479688.3ms frames=246288 ball=5542 base_poses=90832 invalid=0 station_ok=yes
[INFO] [1787240084.874375005] [a3_receive_input_gateway]: gateway calibrated=yes frame_age=1480688.4ms frames=246288 ball=5542 base_poses=90832 invalid=0 station_ok=yes
[INFO] [1787240085.874368839] [a3_receive_input_gateway]: gateway calibrated=yes frame_age=1481688.3ms frames=246288 ball=5542 base_poses=90832 invalid=0 station_ok=yes
[INFO] [1787240086.874371799] [a3_receive_input_gateway]: gateway calibrated=yes frame_age=1482688.3ms frames=246288 ball=5542 base_poses=90832 invalid=0 station_ok=yes
[INFO] [1787240087.874441899] [a3_receive_input_gateway]: gateway calibrated=yes frame_age=1483688.3ms frames=246288 ball=5542 base_poses=90832 invalid=0 station_ok=yes
[INFO] [1787240088.874448672] [a3_receive_input_gateway]: gateway calibrated=yes frame_age=1484688.3ms frames=246288 ball=5542 base_poses=90832 invalid=0 station_ok=yes
[INFO] [1787240089.874590899] [a3_receive_input_gateway]: gateway calibrated=yes frame_age=1485688.4ms frames=246288 ball=5542 base_poses=90832 invalid=0 station_ok=yes
[INFO] [1787240090.874535221] [a3_receive_input_gateway]: gateway calibrated=yes frame_age=1486688.3ms frames=246288 ball=5542 base_poses=90832 invalid=0 station_ok=yes
[INFO] [1787240091.874508581] [a3_receive_input_gateway]: gateway calibrated=yes frame_age=1487688.3ms frames=246288 ball=5542 base_poses=90832 invalid=0 station_ok=yes
[INFO] [1787240092.874547892] [a3_receive_input_gateway]: gateway calibrated=yes frame_age=1488688.4ms frames=246288 ball=5542 base_poses=90832 invalid=0 station_ok=yes
[INFO] [1787240093.874561095] [a3_receive_input_gateway]: gateway calibrated=yes frame_age=1489688.4ms frames=246288 ball=5542 base_poses=90832 invalid=0 station_ok=yes
[INFO] [1787240094.874547300] [a3_receive_input_gateway]: gateway calibrated=yes frame_age=1490688.4ms frames=246288 ball=5542 base_poses=90832 invalid=0 station_ok=yes
[INFO] [1787240095.874522887] [a3_receive_input_gateway]: gateway calibrated=yes frame_age=1491688.3ms frames=246288 ball=5542 base_poses=90832 invalid=0 station_ok=yes
[INFO] [1787240096.874677757] [a3_receive_input_gateway]: gateway calibrated=yes frame_age=1492688.4ms frames=246288 ball=5542 base_poses=90832 invalid=0 station_ok=yes
[INFO] [1787240097.874544027] [a3_receive_input_gateway]: gateway calibrated=yes frame_age=1493688.4ms frames=246288 ball=5542 base_poses=90832 invalid=0 station_ok=yes
[INFO] [1787240098.874564406] [a3_receive_input_gateway]: gateway calibrated=yes frame_age=1494688.4ms frames=246288 ball=5542 base_poses=90832 invalid=0 station_ok=yes
[INFO] [1787240099.874547748] [a3_receive_input_gateway]: gateway calibrated=yes frame_age=1495688.3ms frames=246288 ball=5542 base_poses=90832 invalid=0 station_ok=yes
[INFO] [1787240100.874571887] [a3_receive_input_gateway]: gateway calibrated=yes frame_age=1496688.4ms frames=246288 ball=5542 base_poses=90832 invalid=0 station_ok=yes
[INFO] [1787240101.874504417] [a3_receive_input_gateway]: gateway calibrated=yes frame_age=1497688.3ms frames=246288 ball=5542 base_poses=90832 invalid=0 station_ok=yes
[INFO] [1787240102.874465829] [a3_receive_input_gateway]: gateway calibrated=yes frame_age=1498688.4ms frames=246288 ball=5542 base_poses=90832 invalid=0 station_ok=yes
[INFO] [1787240103.874807081] [a3_receive_input_gateway]: gateway calibrated=yes frame_age=1499688.8ms frames=246288 ball=5542 base_poses=90832 invalid=0 station_ok=yes
[INFO] [1787240104.874316353] [a3_receive_input_gateway]: gateway calibrated=yes frame_age=1500688.3ms frames=246288 ball=5542 base_poses=90832 invalid=0 station_ok=yes
[INFO] [1787240105.874629129] [a3_receive_input_gateway]: gateway calibrated=yes frame_age=1501688.5ms frames=246288 ball=5542 base_poses=90832 invalid=0 station_ok=yes
[INFO] [1787240106.874338538] [a3_receive_input_gateway]: gateway calibrated=yes frame_age=1502688.3ms frames=246288 ball=5542 base_poses=90832 invalid=0 station_ok=yes
[INFO] [1787240107.874527948] [a3_receive_input_gateway]: gateway calibrated=yes frame_age=1503688.5ms frames=246288 ball=5542 base_poses=90832 invalid=0 station_ok=yes
[INFO] [1787240108.874353266] [a3_receive_input_gateway]: gateway calibrated=yes frame_age=1504688.3ms frames=246288 ball=5542 base_poses=90832 invalid=0 station_ok=yes
[INFO] [1787240109.874349669] [a3_receive_input_gateway]: gateway calibrated=yes frame_age=1505688.3ms frames=246288 ball=5542 base_poses=90832 invalid=0 station_ok=yes
[INFO] [1787240110.874295736] [a3_receive_input_gateway]: gateway calibrated=yes frame_age=1506688.3ms frames=246288 ball=5542 base_poses=90832 invalid=0 station_ok=yes
[INFO] [1787240111.874378355] [a3_receive_input_gateway]: gateway calibrated=yes frame_age=1507688.4ms frames=246288 ball=5542 base_poses=90832 invalid=0 station_ok=yes
[INFO] [1787240112.874290072] [a3_receive_input_gateway]: gateway calibrated=yes frame_age=1508688.3ms frames=246288 ball=5542 base_poses=90832 invalid=0 station_ok=yes
[INFO] [1787240113.874350120] [a3_receive_input_gateway]: gateway calibrated=yes frame_age=1509688.3ms frames=246288 ball=5542 base_poses=90832 invalid=0 station_ok=yes
[INFO] [1787240114.874512362] [a3_receive_input_gateway]: gateway calibrated=yes frame_age=1510688.5ms frames=246288 ball=5542 base_poses=90832 invalid=0 station_ok=yes
[INFO] [1787240115.874409924] [a3_receive_input_gateway]: gateway calibrated=yes frame_age=1511688.3ms frames=246288 ball=5542 base_poses=90832 invalid=0 station_ok=yes
[INFO] [1787240116.874316489] [a3_receive_input_gateway]: gateway calibrated=yes frame_age=1512688.3ms frames=246288 ball=5542 base_poses=90832 invalid=0 station_ok=yes
[INFO] [1787240117.874440745] [a3_receive_input_gateway]: gateway calibrated=yes frame_age=1513688.4ms frames=246288 ball=5542 base_poses=90832 invalid=0 station_ok=yes
[INFO] [1787240118.874493339] [a3_receive_input_gateway]: gateway calibrated=yes frame_age=1514688.4ms frames=246288 ball=5542 base_poses=90832 invalid=0 station_ok=yes
[INFO] [1787240119.874554089] [a3_receive_input_gateway]: gateway calibrated=yes frame_age=1515688.4ms frames=246288 ball=5542 base_poses=90832 invalid=0 station_ok=yes
[INFO] [1787240120.874480399] [a3_receive_input_gateway]: gateway calibrated=yes frame_age=1516688.4ms frames=246288 ball=5542 base_poses=90832 invalid=0 station_ok=yes
[INFO] [1787240121.874983807] [a3_receive_input_gateway]: gateway calibrated=yes frame_age=1517688.7ms frames=246288 ball=5542 base_poses=90832 invalid=0 station_ok=yes
[INFO] [1787240122.874882360] [a3_receive_input_gateway]: gateway calibrated=yes frame_age=1518688.5ms frames=246288 ball=5542 base_poses=90832 invalid=0 station_ok=yes
[INFO] [1787240123.874978425] [a3_receive_input_gateway]: gateway calibrated=yes frame_age=1519688.5ms frames=246288 ball=5542 base_poses=90832 invalid=0 station_ok=yes
[INFO] [1787240124.874816722] [a3_receive_input_gateway]: gateway calibrated=yes frame_age=1520688.5ms frames=246288 ball=5542 base_poses=90832 invalid=0 station_ok=yes
[INFO] [1787240125.875045460] [a3_receive_input_gateway]: gateway calibrated=yes frame_age=1521688.6ms frames=246288 ball=5542 base_poses=90832 invalid=0 station_ok=yes
[INFO] [1787240126.874926751] [a3_receive_input_gateway]: gateway calibrated=yes frame_age=1522688.6ms frames=246288 ball=5542 base_poses=90832 invalid=0 station_ok=yes
[INFO] [1787240127.874864348] [a3_receive_input_gateway]: gateway calibrated=yes frame_age=1523688.6ms frames=246288 ball=5542 base_poses=90832 invalid=0 station_ok=yes
[INFO] [1787240128.874736269] [a3_receive_input_gateway]: gateway calibrated=yes frame_age=1524688.5ms frames=246288 ball=5542 base_poses=90832 invalid=0 station_ok=yes
[INFO] [1787240129.874654708] [a3_receive_input_gateway]: gateway calibrated=yes frame_age=1525688.5ms frames=246288 ball=5542 base_poses=90832 invalid=0 station_ok=yes
[INFO] [1787240130.874873121] [a3_receive_input_gateway]: gateway calibrated=yes frame_age=1526688.6ms frames=246288 ball=5542 base_poses=90832 invalid=0 station_ok=yes
[INFO] [1787240131.874823225] [a3_receive_input_gateway]: gateway calibrated=yes frame_age=1527688.5ms frames=246288 ball=5542 base_poses=90832 invalid=0 station_ok=yes
[INFO] [1787240132.874757895] [a3_receive_input_gateway]: gateway calibrated=yes frame_age=1528688.5ms frames=246288 ball=5542 base_poses=90832 invalid=0 station_ok=yes
[INFO] [1787240133.874823910] [a3_receive_input_gateway]: gateway calibrated=yes frame_age=1529688.5ms frames=246288 ball=5542 base_poses=90832 invalid=0 station_ok=yes
[INFO] [1787240134.874503059] [a3_receive_input_gateway]: gateway calibrated=yes frame_age=1530688.4ms frames=246288 ball=5542 base_poses=90832 invalid=0 station_ok=yes
[INFO] [1787240135.874650383] [a3_receive_input_gateway]: gateway calibrated=yes frame_age=1531688.5ms frames=246288 ball=5542 base_poses=90832 invalid=0 station_ok=yes
[INFO] [1787240136.874469180] [a3_receive_input_gateway]: gateway calibrated=yes frame_age=1532688.4ms frames=246288 ball=5542 base_poses=90832 invalid=0 station_ok=yes
[INFO] [1787240137.874895167] [a3_receive_input_gateway]: gateway calibrated=yes frame_age=1533688.6ms frames=246288 ball=5542 base_poses=90832 invalid=0 station_ok=yes
[INFO] [1787240138.874564575] [a3_receive_input_gateway]: gateway calibrated=yes frame_age=1534688.5ms frames=246288 ball=5542 base_poses=90832 invalid=0 station_ok=yes
[INFO] [1787240139.874680076] [a3_receive_input_gateway]: gateway calibrated=yes frame_age=1535688.5ms frames=246288 ball=5542 base_poses=90832 invalid=0 station_ok=yes
[INFO] [1787240140.874550867] [a3_receive_input_gateway]: gateway calibrated=yes frame_age=1536688.5ms frames=246288 ball=5542 base_poses=90832 invalid=0 station_ok=yes
[INFO] [1787240141.875591551] [a3_receive_input_gateway]: gateway calibrated=yes frame_age=1537689.5ms frames=246288 ball=5542 base_poses=90832 invalid=0 station_ok=yes
[INFO] [1787240142.874635688] [a3_receive_input_gateway]: gateway calibrated=yes frame_age=1538688.5ms frames=246288 ball=5542 base_poses=90832 invalid=0 station_ok=yes
[INFO] [1787240143.875597282] [a3_receive_input_gateway]: gateway calibrated=yes frame_age=1539689.5ms frames=246288 ball=5542 base_poses=90832 invalid=0 station_ok=yes
[INFO] [1787240144.875176000] [a3_receive_input_gateway]: gateway calibrated=yes frame_age=1540688.4ms frames=246288 ball=5542 base_poses=90832 invalid=0 station_ok=yes
