Frame,root_translateX,root_translateY,root_translateZ,root_rotateX,root_rotateY,root_rotateZ,waist_yaw_joint,waist_roll_joint,waist_pitch_joint,head_yaw_joint,head_pitch_joint,left_shoulder_pitch_joint,left_shoulder_roll_joint,left_shoulder_yaw_joint,left_elbow_joint,left_wrist_roll_joint,left_wrist_pitch_joint,left_wrist_yaw_joint,right_shoulder_pitch_joint,right_shoulder_roll_joint,right_shoulder_yaw_joint,right_elbow_joint,right_wrist_roll_joint,right_wrist_pitch_joint,right_wrist_yaw_joint,left_hip_pitch_joint,left_hip_roll_joint,left_hip_yaw_joint,left_knee_joint,left_ankle_pitch_joint,left_ankle_roll_joint,right_hip_pitch_joint,right_hip_roll_joint,right_hip_yaw_joint,right_knee_joint,right_ankle_pitch_joint,right_ankle_roll_joint
0,0,0,108.24827,-0.472561583,-1.7340759,0.0684023182,-0.126440515,1.86967549,1.52340859,-2.47573373e-15,0,-4.5396609,7.61307826,-49.4238875,76.221619,-4.14505782,-0.000572957781,0.000572957781,-8.00110216,-12.1712263,56.8404176,76.6117457,-1.40246377,-0.000572957833,0.000572957781,-1.41687248,-1.46181832,4.2155458,10.0649343,-7.22437049,2.20979757,-2.25419764,0.587972939,3.22807013,10.6037995,-6.42880542,-0.00201923137
1,0.00404623,0.003967003,108.251238,-0.474939781,-1.73317358,0.0864948243,-0.122356889,1.88630337,1.52155302,-2.15858436e-16,0,-4.53371351,7.61286567,-49.4280436,76.2013948,-3.15763146,-0.000572957781,0.000572957781,-7.98690817,-12.1771148,56.8070863,76.6223462,-2.4231191,-0.000572957833,0.000572957781,-1.41369505,-1.46472959,4.19768016,10.0565306,-7.21593691,2.22232819,-2.25497159,0.586384227,3.21203456,10.6135846,-6.4260059,0.0108364436
2,0.0067411,0.006541528,108.251536,-0.478124452,-1.73250648,0.0941198291,-0.116071381,1.89704513,1.52443323,1.91368518e-15,0,-4.53610237,7.60946338,-49.374232,76.2046733,-2.40259716,-0.000572957833,0.000572957781,-7.98204337,-12.1884896,56.8164095,76.6214856,-3.19212882,-0.000572957833,0.000572957781,-1.41278066,-1.46293538,4.18806069,10.0563949,-7.2186835,2.23884935,-2.25444886,0.586535505,3.21303646,10.6144247,-6.42823211,0.0113187482
3,0.01135543,0.006060709,108.254838,-0.477905028,-1.73113675,0.101970376,-0.109045918,1.87840554,1.51784092,-4.0878631e-15,0,-4.52601333,7.63246831,-49.3592875,76.2048304,-1.83932982,-0.000572957781,0.000572957781,-7.96659007,-12.1704016,56.8194558,76.6190131,-3.76791185,-0.000572957781,0.000572957781,-1.41670642,-1.46247669,4.1790918,10.0638611,-7.20645319,2.23295789,-2.24902569,0.585562256,3.20507907,10.6072872,-6.41725258,0.00925517813
4,0.01787488,0.013229402,108.254385,-0.476965745,-1.72920067,0.102901605,-0.0889046637,1.90098487,1.51587468,-3.17014886e-15,0,-4.51117773,7.6181548,-49.3120978,76.1913681,-1.41811141,-0.000572957781,0.000572957781,-7.9513707,-12.1907547,56.7873607,76.6192521,-4.21377934,-0.000572957781,0.000572957781,-1.41624165,-1.46904338,4.18658793,10.066933,-7.20762457,2.21514241,-2.24292292,0.57972031,3.20332244,10.6005449,-6.4178165,0.00751399683
5,0.02301243,0.015272025,108.256376,-0.474612588,-1.72779398,0.111565371,-0.0970053281,1.9031669,1.51629164,6.13253627e-15,0,-4.51045373,7.6190726,-49.2798456,76.197727,-1.10506879,-0.000572957781,0.000572957781,-7.95002003,-12.1937079,56.8186874,76.6211099,-4.54416882,-0.000572957781,0.000572957781,-1.41645498,-1.47458405,4.18193017,10.0682487,-7.2056293,2.2250735,-2.23997569,0.573873615,3.19874023,10.6000831,-6.41972298,0.00676627954
6,0.02605003,0.018485484,108.265316,-0.476508578,-1.72813208,0.118631499,-0.0780738113,1.91394408,1.5267016,-3.23721131e-15,0,-4.51308549,7.60027678,-49.1871975,76.2268441,-0.83815834,-0.000572957781,0.000572957781,-7.94493239,-12.2064846,56.8202891,76.6097581,-4.79733021,-0.000572957781,0.000572957781,-1.41969975,-1.47513911,4.17453179,10.0740535,-7.19041847,2.23055878,-2.23972084,0.573451637,3.19747131,10.6024557,-6.40373478,-0.000967025908
7,0.03146101,0.021055981,108.271909,-0.470876453,-1.72700685,0.123424761,-0.079929435,1.91458078,1.53331856,1.83923249e-15,0,-4.51066504,7.59731504,-49.1186873,76.2418432,-0.620909499,-0.000572957781,0.000572957781,-7.95342488,-12.2188601,56.8675301,76.6148398,-4.98576531,-0.000572957781,0.000572957781,-1.42489272,-1.48451771,4.1731538,10.0828414,-7.17350948,2.22874473,-2.23335831,0.562763938,3.19997884,10.5921711,-6.39022382,-0.00433925703
8,0.03695451,0.026988273,108.272493,-0.476566992,-1.72499948,0.131431993,-0.061270252,1.93363296,1.54033103,1.60329419e-15,0,-4.51127976,7.58734467,-49.1059114,76.2502785,-0.46069135,-0.000572957781,0.000572957833,-7.96225802,-12.2446884,56.9233839,76.6048882,-5.12096805,-0.000572957833,0.000572957781,-1.4237366,-1.48053368,4.16748816,10.0816845,-7.17482002,2.20838628,-2.23181874,0.566078715,3.19294588,10.5928542,-6.38785929,-0.0175403293
9,0.04110076,0.029567407,108.270609,-0.471686513,-1.72358198,0.139244055,-0.0491655559,1.93646877,1.54280046,3.19200241e-15,0,-4.51002727,7.57940457,-49.0957071,76.2695328,-0.337801786,-0.000572957781,0.000572957781,-7.96483215,-12.2519105,56.9412449,76.6144163,-5.22489322,-0.000572957781,0.000572957781,-1.42433414,-1.49074524,4.16298237,10.0830599,-7.1739654,2.23604556,-2.22827878,0.55691164,3.18754641,10.5905268,-6.39316378,0.00720822747
10,0.04479792,0.031402392,108.282518,-0.478094723,-1.72362719,0.153756182,-0.0652350167,1.94203964,1.55850776,-4.58599104e-15,0,-4.51284558,7.56589958,-48.9975675,76.3056713,-0.224430384,-0.000572957781,0.000572957781,-7.98443308,-12.2453416,56.9763282,76.6320587,-5.3080226,-0.000572957781,0.000572957781,-1.42920663,-1.48510041,4.15006819,10.0898739,-7.15405027,2.23655014,-2.22857739,0.562073022,3.17722364,10.5941886,-6.36534144,-0.0139761754
11,0.04869383,0.03817213,108.284509,-0.479876599,-1.72202244,0.156738426,-0.0624772278,1.94615291,1.57060072,4.49492791e-15,0,-4.52396897,7.5699311,-48.9746488,76.3258682,-0.137922343,-0.000572957833,0.000572957781,-7.99181652,-12.2549406,57.0171078,76.6171552,-5.3605109,-0.000572957833,0.000572957781,-1.42844453,-1.48712844,4.14465825,10.0881467,-7.15452583,2.25680485,-2.22766449,0.560843428,3.17543435,10.5937259,-6.36320658,-0.0189587192
12,0.05236473,0.044711527,108.28321,-0.47998281,-1.72049988,0.159030371,-0.0480826341,1.98209998,1.58038646,2.56527817e-15,0,-4.53222325,7.54285282,-48.9945588,76.3459762,-0.0765361183,-0.000572957833,0.000572957781,-7.99677523,-12.2880362,57.0306247,76.6182344,-5.39090396,-0.000572957781,0.000572957781,-1.424016,-1.49296089,4.14937535,10.0800939,-7.1529805,2.25612973,-2.22698851,0.554926296,3.17675065,10.5942262,-6.37038596,0.00215098473
13,0.05569682,0.042760244,108.280623,-0.474004107,-1.71778349,0.170014946,-0.050604408,1.95311949,1.58272164,-5.33851268e-15,0,-4.52486842,7.56796059,-48.9908944,76.3503476,-0.038281396,-0.000572957781,0.000572957781,-7.99849217,-12.2690048,57.049698,76.6110081,-5.41669945,-0.000572957781,0.000572957781,-1.42848657,-1.500236,4.13815549,10.0856563,-7.15469871,2.25157357,-2.21839422,0.546666463,3.16533356,10.5805453,-6.37364865,0.000885886458
14,0.0601912,0.049902696,108.284211,-0.481060158,-1.71628019,0.176257391,-0.0373332204,1.98034547,1.59506507,1.55465756e-15,0,-4.53125678,7.5550319,-48.9921649,76.3591517,0.00119857501,-0.000572957781,0.000572957781,-8.01446457,-12.2816825,57.0393298,76.6277011,-5.44238053,-0.000572957833,0.000572957781,-1.42611671,-1.49670384,4.13462812,10.0802724,-7.14703951,2.24737492,-2.22017561,0.551051925,3.16027346,10.58464,-6.36334062,-0.00719802804
15,0.06558337,0.051376398,108.291078,-0.484762944,-1.71488393,0.188271717,-0.0575330579,1.9719977,1.60011727,4.05765836e-16,0,-4.53349452,7.57273916,-48.9859801,76.376473,0.0412188409,-0.000572957781,0.000572957781,-8.02141343,-12.265909,57.0444422,76.6373043,-5.46579015,-0.000572957781,0.000572957833,-1.42865007,-1.49483973,4.13014965,10.0817161,-7.1338359,2.27119201,-2.21755517,0.553453537,3.14910738,10.5819105,-6.34701262,-0.0122915132
16,0.07055663,0.059490546,108.285415,-0.48704741,-1.71122967,0.19220582,-0.0507221921,1.99495546,1.60836483,1.38370679e-15,0,-4.53832389,7.56568443,-49.0021574,76.3831666,0.0763558653,-0.000572957781,0.000572957781,-8.03300683,-12.2811881,57.0681327,76.6421537,-5.47234884,-0.000572957781,0.000572957781,-1.42042129,-1.49939642,4.12547994,10.0673428,-7.14436976,2.2659413,-2.21551679,0.548401918,3.14220057,10.5813171,-6.36305588,0.0099372624
17,0.07339884,0.061543926,108.279943,-0.480110006,-1.70867362,0.196981517,-0.0434957986,1.99718018,1.61686447,-2.92704175e-15,0,-4.52762354,7.56524559,-49.0122012,76.3690418,0.0910725751,-0.000572957781,0.000572957833,-8.04284145,-12.2777995,57.060739,76.6558278,-5.47955427,-0.000572957781,0.000572957781,-1.42294932,-1.50933382,4.12514099,10.0707024,-7.14738913,2.24002799,-2.2072482,0.537160227,3.13208079,10.5675116,-6.36871939,0.0328191924
18,0.07837266,0.069929414,108.276212,-0.489113492,-1.70379375,0.202955948,-0.0362497549,2.01817917,1.62261709,-4.99213678e-15,0,-4.52666305,7.58089441,-49.1178096,76.3338936,0.074961126,-0.000572957781,0.000572957781,-8.04835426,-12.2711486,57.0120637,76.6765506,-5.48620303,-0.000572957781,0.000572957781,-1.41527229,-1.50548223,4.1210083,10.0512278,-7.15733517,2.26320944,-2.20535581,0.54164446,3.11848743,10.5601623,-6.37202307,0.0274224274
19,0.08442235,0.073224224,108.280623,-0.493171102,-1.70037305,0.212670369,-0.0598234125,2.01903999,1.6280996,5.30039088e-15,0,-4.53080172,7.57696961,-49.0767738,76.3724501,0.0785380107,-0.000572957781,0.000572957833,-8.04997046,-12.2654044,56.9927923,76.6671454,-5.49681629,-0.000572957833,0.000572957781,-1.41576599,-1.50384544,4.11972721,10.0482157,-7.14862027,2.25450671,-2.20134521,0.543593358,3.10637665,10.5529693,-6.35998102,0.0226592343
20,0.08824282,0.078795931,108.278155,-0.488909208,-1.69631001,0.212213291,-0.0566020645,2.02514383,1.63764287,1.08416722e-15,0,-4.52808373,7.58356928,-49.1193327,76.3512082,0.0647386407,-0.000572957781,0.000572957781,-8.06159373,-12.2578391,56.9549428,76.6814888,-5.51043441,-0.000572957833,0.000572957833,-1.41410316,-1.51316619,4.11808882,10.0426542,-7.15232992,2.26598676,-2.19692224,0.533860926,3.10032382,10.541609,-6.36781823,0.0336008421
21,0.0925377,0.087639584,108.271003,-0.489423094,-1.69246594,0.214479338,-0.0702575536,2.03795257,1.64420881,-1.34367625e-15,0,-4.53222581,7.57626269,-49.1211427,76.3716099,0.0607025325,-0.000572957833,0.000572957781,-8.07314016,-12.2682236,56.9464153,76.6762978,-5.52006583,-0.000572957781,0.000572957781,-1.41294736,-1.51900302,4.11512964,10.0395482,-7.16567526,2.26944775,-2.18891555,0.528033013,3.09283879,10.5266064,-6.3775901,0.0443438226
22,0.09762198,0.090258044,108.266544,-0.492097725,-1.68744693,0.222235034,-0.0592273584,2.0338933,1.64504338,1.68592404e-15,0,-4.52690808,7.59681643,-49.2086545,76.3481687,0.0273365865,-0.000572957781,0.000572957781,-8.06882434,-12.2566225,56.9202557,76.6696384,-5.52242224,-0.000572957781,0.000572957781,-1.40988658,-1.51939159,4.11254185,10.028812,-7.17865518,2.26657586,-2.1843073,0.528371161,3.0751597,10.5167974,-6.38417013,0.0526444734
23,0.10103751,0.094330462,108.270347,-0.487203515,-1.68473855,0.223788343,-0.0437828166,2.04078411,1.65885114,3.18850625e-15,0,-4.53202304,7.59323741,-49.2114652,76.350812,0.0162990708,-0.000572957781,0.000572957781,-8.07131907,-12.2570426,56.8790731,76.6682724,-5.51985708,-0.000572957781,0.000572957781,-1.41227683,-1.5294786,4.10904266,10.0301729,-7.16290988,2.26619764,-2.17834946,0.518263068,3.07481862,10.5037765,-6.37688787,0.0556091224
24,0.10490381,0.102213618,108.269954,-0.490385591,-1.68315605,0.220335861,-0.027906954,2.05849693,1.67235314,-2.30412514e-15,0,-4.53312057,7.57566334,-49.1822285,76.3558868,0.0220620079,-0.000572957781,0.000572957781,-8.07573991,-12.2719947,56.8792848,76.6507666,-5.50845066,-0.000572957833,0.000572957781,-1.41289549,-1.53036781,4.11577936,10.0329571,-7.16627119,2.2832554,-2.17657937,0.518023585,3.07531594,10.4998603,-6.3761596,0.0534332436
25,0.10924135,0.105106236,108.270717,-0.488751456,-1.68095354,0.226783376,-0.0413661336,2.04500346,1.6804499,6.05261602e-16,0,-4.52883761,7.59190297,-49.1784344,76.358735,0.0288018372,-0.000572957781,0.000572957781,-8.0843135,-12.2509184,56.8756921,76.6555136,-5.50804512,-0.000572957781,0.000572957781,-1.40989512,-1.53474223,4.10609714,10.0260091,-7.16133126,2.27180053,-2.17399777,0.511718786,3.06649795,10.4966381,-6.37232146,0.0638246093
26,0.11390634,0.112189573,108.266854,-0.492055986,-1.67573068,0.22949417,-0.0455333294,2.08396115,1.6901476,-4.5428796e-15,0,-4.54159598,7.56237008,-49.1960494,76.3680924,0.0229343879,-0.000572957781,0.000572957781,-8.0979457,-12.2866565,56.9342952,76.6371677,-5.49553862,-0.000572957781,0.000572957781,-1.4063669,-1.53623345,4.10574624,10.0150663,-7.1677892,2.28642567,-2.16816095,0.511274237,3.05270374,10.482731,-6.37530839,0.0595977628
27,0.11439268,0.11672856,108.271348,-0.495747215,-1.67585355,0.220690864,-0.01153074,2.0875756,1.70457541,-1.90951754e-15,0,-4.53927457,7.54036065,-49.118117,76.402216,0.0399576338,-0.000572957833,0.000572957781,-8.10292833,-12.2729407,56.9154575,76.6443599,-5.48498768,-0.000572957833,0.000572957833,-1.41015136,-1.53345185,4.11353778,10.023779,-7.16542339,2.26724095,-2.16827279,0.513856636,3.06124447,10.4785851,-6.35991912,0.0585534242
28,0.11805371,0.117306492,108.27328,-0.488443678,-1.67467938,0.224632847,-0.00101318888,2.08696089,1.72264297,6.70593226e-16,0,-4.54151231,7.53846186,-49.0856804,76.3939037,0.0605185776,-0.000572957781,0.000572957781,-8.12230814,-12.2754619,56.9302312,76.6449814,-5.46968336,-0.000572957781,0.000572957781,-1.41050311,-1.54305232,4.10938588,10.0245688,-7.15885403,2.27602159,-2.16496165,0.503184252,3.06027778,10.4751538,-6.36204715,0.0623821521
29,0.12168084,0.125984649,108.273005,-0.505340048,-1.67286954,0.225198446,-0.00407875602,2.10258366,1.73696118,7.8113258e-15,0,-4.5573528,7.55565515,-49.1539891,76.3894367,0.0577264043,-0.000572957781,0.000572957781,-8.1368701,-12.2641451,56.9645324,76.6485878,-5.45007432,-0.000572957781,0.000572957781,-1.40499083,-1.52832814,4.10997028,10.0160396,-7.16571709,2.28730335,-2.16885016,0.519997616,3.05588939,10.4817748,-6.35104841,0.0725200138
30,0.12107566,0.130158581,108.275771,-0.505760028,-1.67327761,0.218168571,0.0048598897,2.10305836,1.76494052,3.37438611e-15,0,-4.57022472,7.53901681,-49.0813125,76.4153778,0.062842903,-0.000572957781,0.000572957781,-8.16584803,-12.2625955,57.0276331,76.6391143,-5.41924327,-0.000572957781,0.000572957781,-1.40818224,-1.52997678,4.11606623,10.0215968,-7.15875115,2.27615883,-2.16974598,0.517940609,3.06573084,10.4799341,-6.3407169,0.0645525781
31,0.12439322,0.130656349,108.283782,-0.498247223,-1.672692,0.218858434,-0.0260076061,2.08982338,1.78495745,5.94874667e-15,0,-4.57078821,7.53289098,-48.9845765,76.4375144,0.0812943723,-0.000572957781,0.000572957781,-8.19200168,-12.2408063,57.0534444,76.6514496,-5.40496092,-0.000572957781,0.000572957781,-1.41486355,-1.53869392,4.11716375,10.0338211,-7.140001,2.26305618,-2.1664534,0.507178845,3.06286771,10.4738014,-6.32086282,0.0721765566
32,0.12480971,0.134789047,108.285451,-0.494557427,-1.67238177,0.216765589,0.00788904608,2.09779741,1.81273455,-1.50692966e-15,0,-4.58230348,7.5137323,-48.9569245,76.4431903,0.101154615,-0.000572957781,0.000572957781,-8.20752499,-12.2483964,57.0327831,76.6453025,-5.39468319,-0.000572957781,0.000572957781,-1.41567303,-1.54742909,4.11844868,10.0349208,-7.14412729,2.29476875,-2.16542439,0.499990498,3.06422329,10.4697101,-6.32150272,0.0714316525
33,0.12634602,0.139231269,108.285701,-0.506079613,-1.67170782,0.220029172,0.0067560105,2.10770865,1.83057629,6.18187186e-15,0,-4.59062179,7.51941844,-48.9553092,76.4414076,0.111626936,-0.000572957781,0.000572957781,-8.2142476,-12.2343928,57.0060668,76.6421606,-5.3990003,-0.000572957781,0.000572957781,-1.41362739,-1.53487509,4.11568672,10.0316832,-7.14410082,2.28518898,-2.16746982,0.511781112,3.06309588,10.473576,-6.31147472,0.064652563
34,0.12592301,0.147218641,108.288288,-0.517299367,-1.67191745,0.220273084,0.00789246785,2.12378756,1.85592824,-7.13019681e-16,0,-4.61094417,7.50747244,-48.921691,76.4600472,0.126408312,-0.000572957781,0.000572957781,-8.23081252,-12.2349255,57.0078256,76.6254403,-5.40911367,-0.000572957781,0.000572957781,-1.41458116,-1.52608187,4.11619771,10.033098,-7.14696523,2.29346717,-2.16995515,0.520685277,3.06240944,10.4770637,-6.29487651,0.0649405782
35,0.12739581,0.146398122,108.29339,-0.509116138,-1.6722062,0.223194799,0.024890455,2.11371623,1.87601583,2.7226917e-15,0,-4.61314221,7.50162494,-48.8895344,76.4564614,0.144602949,-0.000572957781,0.000572957781,-8.22904777,-12.2159632,56.9402852,76.6216973,-5.43446178,-0.000572957781,0.000572957781,-1.41696725,-1.53706609,4.11072032,10.0363534,-7.13423291,2.32296334,-2.16777761,0.509199034,3.0598748,10.4740857,-6.28574625,0.0793475082
36,0.12766961,0.153966585,108.296371,-0.520673006,-1.67257686,0.225056035,0.0633965419,2.16117324,1.90121795,-8.27605807e-16,0,-4.62755604,7.46832435,-48.8944624,76.4427122,0.157010041,-0.000572957833,0.000572957781,-8.24643743,-12.2350015,56.9191048,76.6322636,-5.46187304,-0.000572957781,0.000572957781,-1.41747321,-1.52901991,4.11801369,10.0371491,-7.13556138,2.33011775,-2.17096389,0.519594475,3.05763962,10.4785876,-6.27244916,0.0815731227
37,0.12465008,0.157431431,108.296716,-0.520116331,-1.67378816,0.22458267,0.0625864374,2.15404871,1.93815689,-4.06241861e-15,0,-4.66228713,7.45869976,-48.8638632,76.469951,0.168323129,-0.000572957781,0.000572957833,-8.27153411,-12.2145707,56.9185208,76.6364369,-5.48719127,-0.000572957833,0.000572957833,-1.42134711,-1.53198646,4.11808241,10.0426064,-7.12899458,2.30870276,-2.17112931,0.515172674,3.05689278,10.4759025,-6.26525611,0.0713922321
38,0.12218301,0.166499789,108.297825,-0.52986573,-1.67480171,0.232048832,0.126332259,2.20513319,1.97010553,2.09256799e-15,0,-4.69362532,7.41917346,-48.9331247,76.4439007,0.163332221,-0.000572957781,0.000572957781,-8.30164585,-12.2467973,56.9026236,76.6584779,-5.51276521,-0.000572957781,0.000572957781,-1.42354515,-1.52605102,4.11010433,10.0452386,-7.13380645,2.32652294,-2.17325051,0.521117554,3.05055053,10.4797326,-6.24586649,0.0941176856
39,0.12412556,0.170412973,108.30282,-0.53182772,-1.67447637,0.234403896,0.114994746,2.19229436,1.98817565,-1.32074508e-16,0,-4.69868691,7.43435099,-48.8773494,76.4439485,0.169536207,-0.000572957781,0.000572957781,-8.32117507,-12.2133046,56.9346913,76.67597,-5.54360437,-0.000572957781,0.000572957781,-1.4214073,-1.52744214,4.10265302,10.0395106,-7.12011149,2.3346959,-2.17418133,0.521219313,3.03984954,10.4812745,-6.23553198,0.0838356962
40,0.12286697,0.172848661,108.304918,-0.537805806,-1.6750324,0.236532238,0.112892088,2.16770205,2.01014068,3.85757055e-15,0,-4.7128809,7.45105166,-48.8422183,76.4494741,0.174183151,-0.000572957781,0.000572957781,-8.33881062,-12.1702112,56.9576715,76.68293,-5.56486931,-0.000572957833,0.000572957781,-1.42426328,-1.52266997,4.10664697,10.0437693,-7.11954373,2.33733086,-2.17489231,0.525747301,3.03742525,10.480635,-6.22182977,0.0892183388
41,0.12124982,0.180937873,108.304131,-0.542045289,-1.67530023,0.242644398,0.133670911,2.19936787,2.04345792,-5.75318744e-15,0,-4.74599494,7.41851861,-48.8590206,76.4465781,0.173516047,-0.000572957781,0.000572957781,-8.3785461,-12.1886724,56.9852859,76.6953541,-5.58159388,-0.000572957781,0.000572957781,-1.42684679,-1.52309931,4.10176381,10.046842,-7.12435389,2.34998955,-2.17280676,0.525844045,3.02325154,10.4772626,-6.21499275,0.10131271
42,0.12161117,0.183629326,108.300316,-0.545042064,-1.67389642,0.249078016,0.115594175,2.16875752,2.05832617,-1.33977707e-16,0,-4.75446437,7.45748057,-48.8527163,76.4321118,0.163642781,-0.000572957781,0.000572957781,-8.3981735,-12.1407569,57.0145635,76.7146494,-5.5907156,-0.000572957781,0.000572957781,-1.42772607,-1.52292525,4.09646572,10.0465842,-7.13131129,2.34594821,-2.16971311,0.525899273,3.01055806,10.4703086,-6.21077511,0.112486385
43,0.11947658,0.188707991,108.296752,-0.545249369,-1.67407289,0.258295826,0.124962006,2.16861409,2.08502858,2.48367753e-15,0,-4.77589708,7.45987455,-48.8790296,76.4167916,0.145872083,-0.000572957781,0.000572957781,-8.41534716,-12.13793,57.0374379,76.7046978,-5.59351853,-0.000572957781,0.000572957781,-1.42806022,-1.52733158,4.08974994,10.0433202,-7.13212537,2.34692087,-2.16936264,0.521307198,3.00455283,10.46974,-6.21557332,0.110123727
44,0.1165621,0.193884538,108.297133,-0.554214256,-1.67420421,0.265901711,0.124645696,2.16718338,2.11160335,3.08249222e-15,0,-4.79743053,7.45198739,-48.8405552,76.4282527,0.135520785,-0.000572957781,0.000572957781,-8.44612314,-12.1291302,57.0771076,76.7017745,-5.59246156,-0.000572957781,0.000572957781,-1.42938933,-1.52072924,4.08235924,10.0419823,-7.1354013,2.35239271,-2.17081811,0.52820078,2.99770663,10.4714663,-6.2073011,0.116284704
45,0.1140697,0.1983686,108.297873,-0.549017933,-1.67425634,0.276560758,0.125729629,2.16449954,2.13535448,-1.58444504e-15,0,-4.81333932,7.45972002,-48.8749759,76.4076324,0.116698518,-0.000572957781,0.000572957781,-8.46779703,-12.1077858,57.0895385,76.7232144,-5.58882193,-0.000572957781,0.000572957833,-1.43410238,-1.53155808,4.07414509,10.045248,-7.12775276,2.35944872,-2.16657037,0.516784119,2.98764875,10.4624624,-6.20434363,0.129828876
46,0.11205338,0.204098911,108.292747,-0.552999117,-1.67388811,0.287364194,0.105082841,2.15162933,2.15874596,2.1718905e-15,0,-4.83144573,7.47545336,-48.8791969,76.3992585,0.0909580427,-0.000572957781,0.000572957833,-8.49615171,-12.0791025,57.1232011,76.72818,-5.59064004,-0.000572957781,0.000572957781,-1.43283388,-1.53292241,4.07113511,10.0400562,-7.13998435,2.36873885,-2.16492835,0.515514717,2.97850975,10.4618853,-6.21487493,0.141822875
47,0.10702555,0.210160145,108.288944,-0.554099059,-1.67344076,0.301228442,0.10998653,2.15196657,2.18818386,-8.89221269e-16,0,-4.85035468,7.47848853,-48.9149325,76.3703737,0.0581859346,-0.000572957781,0.000572957781,-8.52840045,-12.063154,57.1083216,76.7361371,-5.60351537,-0.000572957781,0.000572957833,-1.43684566,-1.53782702,4.05764975,10.0391136,-7.14051625,2.37540276,-2.16211815,0.510247521,2.96930948,10.4530171,-6.21890346,0.154054957
48,0.10346007,0.216398516,108.286476,-0.553916474,-1.67322244,0.314238303,0.120736333,2.15504827,2.20560405,1.31152854e-15,0,-4.86715908,7.4603928,-48.9022352,76.392565,0.039899087,-0.000572957781,0.000572957833,-8.52869671,-12.0542696,57.103397,76.7155646,-5.60988324,-0.000572957781,0.000572957781,-1.44505715,-1.54301903,4.05489633,10.0478264,-7.14498875,2.3714483,-2.15462736,0.504888597,2.9615109,10.4386148,-6.22304298,0.150154358
49,0.10153447,0.223226181,108.288443,-0.551313454,-1.67316214,0.330894108,0.119735804,2.15846614,2.2307575,5.71021591e-15,0,-4.89054735,7.45274213,-48.9442033,76.3861787,0.0160398388,-0.000572957781,0.000572957781,-8.54721677,-12.0377388,57.0563506,76.7225587,-5.62551882,-0.000572957781,0.000572957781,-1.44818793,-1.55279687,4.03588023,10.0471195,-7.13668025,2.36476368,-2.15080992,0.494134411,2.95238171,10.4320963,-6.21921338,0.1607711
50,0.09886884,0.227207259,108.284414,-0.554331319,-1.67073835,0.350014671,0.109170602,2.15235354,2.25134134,2.98472455e-15,0,-4.9251905,7.46587914,-49.0647288,76.3836721,-0.0367071842,-0.000572957781,0.000572957781,-8.58047723,-12.0114178,57.0335515,76.7304339,-5.64003255,-0.000572957781,0.000572957833,-1.44889891,-1.55403442,4.03530564,10.0372396,-7.14077537,2.37576711,-2.14733143,0.493019063,2.93867352,10.4241929,-6.22561241,0.153393042
51,0.09235666,0.236305349,108.28433,-0.549856865,-1.67047628,0.365582117,0.100831782,2.15640641,2.28007851,-4.15857526e-15,0,-4.95127158,7.4526892,-49.1088006,76.3836994,-0.0855740194,-0.000572957781,0.000572957781,-8.61953481,-11.9966578,57.0372534,76.7440806,-5.65205454,-0.000572957781,0.000572957781,-1.45547799,-1.56759768,4.01465755,10.0377502,-7.13343591,2.37529711,-2.14393512,0.478207104,2.92979855,10.41269,-6.22401287,0.180311565
52,0.08785297,0.242647982,108.284605,-0.562502888,-1.6691546,0.393814839,0.0636072906,2.15004601,2.30099767,3.90769629e-15,0,-4.9661759,7.44658215,-49.063192,76.4172288,-0.10933528,-0.000572957781,0.000572957781,-8.65194918,-11.9693038,57.0880222,76.7397503,-5.64840252,-0.000572957833,0.000572957781,-1.45700165,-1.55857969,3.99093161,10.0275074,-7.13006692,2.40610169,-2.14529177,0.488118989,2.90039394,10.4148406,-6.21702601,0.185658095
53,0.08110684,0.251812243,108.286679,-0.563269685,-1.67060789,0.408232989,0.0626281589,2.17104692,2.33150322,-6.39327763e-16,0,-4.99958108,7.41696218,-49.0844851,76.4558398,-0.121068491,-0.000572957781,0.000572957781,-8.69245903,-11.980215,57.1015119,76.7368065,-5.6534496,-0.000572957781,0.000572957781,-1.46511197,-1.56370009,3.98231618,10.0339312,-7.1250621,2.38265344,-2.14207261,0.48127706,2.89699784,10.4057309,-6.20811475,0.160352725
54,0.07499382,0.258672551,108.284807,-0.564071226,-1.67135595,0.430359967,0.0289349058,2.15876517,2.36110269,3.82269656e-15,0,-5.02480411,7.40828272,-49.0775798,76.4874431,-0.132160505,-0.000572957781,0.000572957833,-8.71578498,-11.9651459,57.1391394,76.6942544,-5.64700148,-0.000572957781,0.000572957781,-1.46853923,-1.57055387,3.96069607,10.0294207,-7.12122951,2.40171799,-2.14210719,0.474798999,2.88485313,10.4056412,-6.21380088,0.172714927
55,0.06824118,0.268898846,108.289409,-0.564572029,-1.67367212,0.448119265,0.0205098224,2.16859381,2.39461075,2.87636073e-15,0,-5.06224892,7.39323155,-49.1375932,76.5053519,-0.147303595,-0.000572957781,0.000572957781,-8.7513327,-11.9709797,57.1390267,76.6699731,-5.63711008,-0.000572957781,0.000572957781,-1.47422301,-1.57872139,3.94204923,10.0327658,-7.10717469,2.4081087,-2.14323887,0.466724435,2.87510559,10.408165,-6.19969483,0.183344315
56,0.06306377,0.275856151,108.289003,-0.567730576,-1.67449419,0.468110672,0.0148940913,2.16329593,2.42580337,4.2119347e-16,0,-5.09605409,7.37719682,-49.1229903,76.5380002,-0.152062783,-0.000572957781,0.000572957781,-8.77602639,-11.9711095,57.1494734,76.6255632,-5.62735572,-0.000572957781,0.000572957781,-1.47629331,-1.58179284,3.92110744,10.0282613,-7.10741972,2.42618821,-2.14374196,0.461887434,2.86352074,10.4095028,-6.20402091,0.199748896
57,0.0573095,0.283535977,108.292711,-0.562516785,-1.67621129,0.480705356,-0.00653236557,2.15084343,2.45631126,4.75274763e-15,0,-5.12730434,7.37527156,-49.1581146,76.5342504,-0.172199714,-0.000572957833,0.000572957833,-8.81011075,-11.9673264,57.1615219,76.6003393,-5.61882993,-0.000572957781,0.000572957781,-1.4846874,-1.59499645,3.91835957,10.0369673,-7.09328507,2.42141241,-2.14121094,0.44839066,2.85077326,10.4042393,-6.19717706,0.205474649
58,0.05149488,0.294703745,108.297563,-0.56193822,-1.67847902,0.493182408,-0.00158704129,2.1523179,2.48584521,3.25493196e-16,0,-5.16424926,7.34911535,-49.1722667,76.5638388,-0.177297704,-0.000572957781,0.000572957781,-8.84142375,-11.9724704,57.132637,76.5819866,-5.61886579,-0.000572957833,0.000572957781,-1.48930941,-1.60375584,3.904385,10.0386509,-7.0788977,2.43100605,-2.14306022,0.439118225,2.85408953,10.4076963,-6.18924891,0.205674698
59,0.0472026,0.305024662,108.296955,-0.55956459,-1.6813536,0.51054441,-0.0442174241,2.14837517,2.51422188,2.6114814e-15,0,-5.19112093,7.33661611,-49.160611,76.5696513,-0.18179553,-0.000572957781,0.000572957833,-8.87990503,-11.9695146,57.1449758,76.5644877,-5.62604475,-0.000572957781,0.000572957833,-1.4946964,-1.61640621,3.88969327,10.0458798,-7.08070813,2.45329317,-2.14097957,0.425463076,2.8416065,10.4084143,-6.19188964,0.223485684
60,0.04379284,0.317474908,108.298266,-0.565304793,-1.68258011,0.519809413,-0.0441865748,2.14979265,2.53357351,1.21352116e-15,0,-5.22075541,7.32670977,-49.1731068,76.5814334,-0.181211002,-0.000572957781,0.000572957781,-8.89223182,-11.9554564,57.0846481,76.5571247,-5.64128802,-0.000572957781,0.000572957781,-1.49536,-1.61887842,3.88457319,10.0436028,-7.07759143,2.46180466,-2.1440015,0.422129863,2.8374514,10.4135753,-6.18542059,0.243447926
61,0.03887918,0.326743896,108.294928,-0.557429216,-1.68575654,0.536812072,-0.0602492054,2.12359098,2.56118113,5.36255431e-15,0,-5.25411704,7.31604614,-49.1394306,76.61109,-0.173142587,-0.000572957781,0.000572957781,-8.92914984,-11.939992,57.0905255,76.5414153,-5.65631401,-0.000572957781,0.000572957781,-1.50143395,-1.63704768,3.86771457,10.0538617,-7.08370445,2.47601572,-2.14169973,0.403394041,2.82782724,10.416748,-6.20743045,0.250360024
62,0.03290512,0.332376023,108.297408,-0.551131969,-1.68943873,0.551215432,-0.0555953386,2.07859476,2.5873557,2.52376144e-15,0,-5.28830598,7.337078,-49.1709826,76.6276874,-0.176367677,-0.000572957781,0.000572957781,-8.96000864,-11.9009925,57.087609,76.5235133,-5.66830185,-0.000572957781,0.000572957781,-1.50980905,-1.6508071,3.85696684,10.0667785,-7.07637523,2.47511328,-2.14529348,0.388985837,2.81989931,10.4279503,-6.20450926,0.270218665
63,0.02965331,0.343951897,108.297884,-0.550200144,-1.69283668,0.557559024,-0.0535628871,2.0749088,2.60731629,3.6701665e-15,0,-5.31269744,7.34432227,-49.1960392,76.6247914,-0.17964282,-0.000572957781,0.000572957781,-8.98020295,-11.8952508,57.1326507,76.5092178,-5.66904292,-0.000572957781,0.000572957781,-1.51240206,-1.66067331,3.85060708,10.0731587,-7.07247562,2.48570584,-2.14699483,0.379176031,2.81988607,10.4355301,-6.20585054,0.266403498
64,0.02284237,0.358405697,108.289957,-0.552636776,-1.69821846,0.562199518,-0.0717043865,2.05747581,2.64789038,2.5812924e-15,0,-5.34674593,7.3543413,-49.1718876,76.6135626,-0.187949744,-0.000572957781,0.000572957781,-9.0215495,-11.8585206,57.1663133,76.5099076,-5.64667192,-0.000572957781,0.000572957781,-1.51218019,-1.66880358,3.83492497,10.0787441,-7.09637786,2.51641458,-2.15587878,0.370750939,2.80304454,10.4591566,-6.22740406,0.29736808
65,0.01398977,0.367488746,108.287895,-0.557045909,-1.70655097,0.563309564,-0.068993435,2.02751391,2.68805083,2.53891386e-15,0,-5.39496451,7.38110625,-49.2106626,76.6086858,-0.214263288,-0.000572957833,0.000572957833,-9.05184822,-11.8167429,57.1619761,76.493563,-5.61547119,-0.000572957781,0.000572957781,-1.51868466,-1.67103065,3.83786665,10.1004479,-7.10615912,2.53266659,-2.1670408,0.36991264,2.79281248,10.4908111,-6.23684808,0.311947413
66,0.00474658,0.375709997,108.283579,-0.542524851,-1.71861204,0.569120872,-0.0491168141,1.97911049,2.73379261,-2.14913874e-15,0,-5.45079362,7.41389031,-49.3069068,76.5978053,-0.256526431,-0.000572957781,0.000572957781,-9.08782709,-11.7791069,57.1629631,76.4710985,-5.58490054,-0.000572957781,0.000572957781,-1.53188102,-1.69549948,3.82224131,10.1429667,-7.12060967,2.52547184,-2.17148768,0.344782426,2.77431142,10.5210108,-6.26325871,0.310990999
67,-0.00455826,0.389895203,108.278,-0.539369316,-1.73063201,0.574259999,-0.0278287353,1.95970336,2.77339255,2.86204126e-16,0,-5.50207383,7.4250645,-49.3358258,76.6102636,-0.279746139,-0.000572957781,0.000572957781,-9.10320782,-11.7467873,57.115763,76.4642068,-5.56678475,-0.000572957781,0.000572957781,-1.54160518,-1.70945302,3.79659907,10.1795235,-7.14265282,2.56039182,-2.18409322,0.329986929,2.75957678,10.5652354,-6.29112759,0.348037652
68,-0.01285951,0.408438814,108.268833,-0.551550355,-1.74129377,0.579266594,-0.0355322049,1.96052619,2.82203054,3.36356209e-15,0,-5.55509274,7.42418084,-49.3209189,76.6062816,-0.293499765,-0.000572957781,0.000572957833,-9.14268376,-11.7442499,57.0985236,76.4361142,-5.57093793,-0.000572957781,0.000572957781,-1.54536616,-1.70842092,3.77230964,10.2043778,-7.17529728,2.61088719,-2.19973478,0.332499398,2.74344494,10.6148926,-6.32251871,0.376661614
69,-0.02252999,0.422922184,108.264506,-0.547482257,-1.75814425,0.586807768,-0.0111755644,1.94712408,2.86803869,7.73149912e-16,0,-5.60657017,7.43901003,-49.3999613,76.5813855,-0.320758223,-0.000572957781,0.000572957781,-9.15680688,-11.7428915,57.0898493,76.3941974,-5.56939687,-0.000572957781,0.000572957781,-1.56864387,-1.72411712,3.75275523,10.2793681,-7.20623036,2.62909264,-2.20416245,0.315928506,2.70996122,10.6569393,-6.34651359,0.406713726
70,-0.03118291,0.438460463,108.255303,-0.538744245,-1.77667475,0.599512068,0.000930879141,1.92118046,2.91897953,2.74999043e-15,0,-5.65257576,7.44307058,-49.3589665,76.58338,-0.321198717,-0.000572957781,0.000572957781,-9.19170232,-11.7171468,57.0772783,76.3893889,-5.56561038,-0.000572957781,0.000572957781,-1.59597071,-1.74514866,3.70762646,10.3653508,-7.24561835,2.63732131,-2.20756666,0.292579344,2.66748043,10.7039156,-6.38652143,0.438462873
71,-0.03952607,0.461343664,108.245528,-0.537092397,-1.79055126,0.616418621,0.00945375804,1.92995703,2.95507409,-5.2679882e-16,0,-5.68372442,7.44129729,-49.3919632,76.5430955,-0.327364564,-0.000572957781,0.000572957781,-9.19890304,-11.7255147,57.111641,76.3747723,-5.56200746,-0.000572957833,0.000572957833,-1.61653716,-1.76415889,3.65066952,10.4271375,-7.28651069,2.70533014,-2.22019888,0.272438343,2.63290132,10.7588542,-6.42827651,0.47377255
72,-0.05435571,0.485402939,108.240211,-0.543668164,-1.81127145,0.633582521,0.0371252031,1.93068018,3.02681455,-9.35280708e-16,0,-5.75327666,7.43908004,-49.4367794,76.5258561,-0.340548883,-0.000572957781,0.000572957781,-9.22453333,-11.7255813,57.0800753,76.3491318,-5.57484352,-0.000572957781,0.000572957781,-1.64842389,-1.7740886,3.6073277,10.5187876,-7.32731254,2.75372972,-2.23720093,0.261648752,2.59630794,10.8294937,-6.45658337,0.520431813
73,-0.06933137,0.50789545,108.232725,-0.543870012,-1.83530046,0.643494308,0.0748323129,1.91711073,3.09955244,-9.052573e-16,0,-5.83153526,7.45134279,-49.5383887,76.5116083,-0.366562939,-0.000572957781,0.000572957781,-9.23377628,-11.7287453,57.0052779,76.3129933,-5.61250817,-0.000572957781,0.000572957781,-1.68672738,-1.78737321,3.56302581,10.6328219,-7.37918185,2.77986607,-2.24630706,0.244900115,2.56434671,10.8910559,-6.49201882,0.557743216
74,-0.08246861,0.527434318,108.224678,-0.529992728,-1.8606115,0.655243544,0.13255711,1.86785141,3.16698882,4.79944887e-15,0,-5.89812363,7.49754902,-49.7091093,76.4509426,-0.419319134,-0.000572957781,0.000572957781,-9.246699,-11.7222054,56.9363784,76.2887393,-5.66311176,-0.000572957781,0.000572957781,-1.7178866,-1.81826274,3.52660895,10.7359842,-7.41195309,2.80870569,-2.26072773,0.212204506,2.52556917,10.9696552,-6.54147793,0.605254652
75,-0.09518247,0.546844431,108.216727,-0.525215924,-1.88473829,0.678431772,0.178377087,1.81184663,3.23964602,1.1249973e-15,0,-5.97123354,7.52309991,-49.7890464,76.4391878,-0.484820701,-0.000572957833,0.000572957781,-9.2788376,-11.7101374,56.9430685,76.25118,-5.69911027,-0.000572957781,0.000572957781,-1.75130148,-1.8403537,3.48683441,10.8392643,-7.45841887,2.88439102,-2.2845907,0.188449028,2.48629835,11.0676069,-6.5957758,0.653499266
76,-0.1096446,0.570006703,108.212698,-0.512547869,-1.9127457,0.690849671,0.234318924,1.75919409,3.29711673,-2.11972131e-16,0,-6.02084975,7.53471977,-49.7971607,76.4495629,-0.516905888,-0.000572957781,0.000572957781,-9.30031598,-11.7174124,57.028019,76.2083206,-5.71580069,-0.000572957781,0.000572957781,-1.79229905,-1.87305409,3.46929448,10.9648553,-7.49388719,2.9480582,-2.30015649,0.15507571,2.45377235,11.1516806,-6.63653154,0.695287484
77,-0.12672469,0.610584241,108.208597,-0.516609498,-1.94430512,0.723560231,0.20574316,1.80793635,3.38515424,5.87074948e-15,0,-6.09311315,7.43799661,-49.7207616,76.4924087,-0.519837427,-0.000572957833,0.000572957781,-9.34782593,-11.7897953,57.1113166,76.1773115,-5.71660708,-0.000572957781,0.000572957781,-1.83034001,-1.89601099,3.42121977,11.0873607,-7.5291839,2.97519326,-2.32170574,0.130353347,2.40395253,11.2576484,-6.67726508,0.733215311
78,-0.13889037,0.64539829,108.201003,-0.509461364,-1.96852103,0.769578265,0.145725034,1.84535682,3.46518591,-3.48928423e-15,0,-6.17419688,7.3512976,-49.7127464,76.5157064,-0.539036662,-0.000572957781,0.000572957781,-9.36880229,-11.8782351,57.1573282,76.1096517,-5.71205391,-0.000572957781,0.000572957781,-1.86557247,-1.93416059,3.37568418,11.1907006,-7.55894133,3.03113209,-2.33297043,0.0906981487,2.36052362,11.3374558,-6.72855297,0.781358113
79,-0.14745853,0.668832135,108.195567,-0.502834497,-1.97902304,0.807736139,0.150826132,1.77633146,3.51299489,3.87715841e-17,0,-6.23309745,7.36005988,-49.6676672,76.5422349,-0.533589052,-0.000572957781,0.000572957781,-9.37433645,-11.8440782,57.1286653,76.0909165,-5.70712763,-0.000572957781,0.000572957781,-1.91184657,-1.96255881,3.32949673,11.2882221,-7.58553211,3.06534749,-2.39603762,0.0631638352,2.34137412,11.4860081,-6.78998241,0.813924829
80,-0.15839189,0.697738805,108.194017,-0.475200014,-1.99003101,0.848622963,0.147835936,1.75079754,3.56452845,-7.37026474e-16,0,-6.28920276,7.32082983,-49.6250638,76.5545292,-0.509368881,-0.000572957781,0.000572957781,-9.39069732,-11.8600617,57.1358575,76.0972208,-5.69874827,-0.000572957781,0.000572957781,-1.95980838,-2.02303971,3.28675213,11.3810332,-7.58649858,3.15151161,-2.45966403,0.00578035107,2.30356924,11.6341216,-6.85238899,0.839809218
81,-0.16823113,0.733095442,108.191371,-0.476117417,-2.00980357,0.89921601,0.117512151,1.73065681,3.63838841,3.70725322e-15,0,-6.3571213,7.31839402,-49.6352408,76.5371601,-0.48907751,-0.000572957781,0.000572957781,-9.42679828,-11.8595973,57.1553781,76.1201155,-5.70312471,-0.000572957781,0.000572957781,-1.98487709,-2.05193952,3.22607742,11.4544731,-7.59711525,3.22073045,-2.49982875,-0.023181642,2.26799569,11.7599832,-6.89425165,0.887495944
82,-0.17914027,0.769041327,108.184206,-0.449161205,-2.00152949,0.947803864,0.120927739,1.73880234,3.67436942,1.88762609e-15,0,-6.41540245,7.27437601,-49.7202801,76.4968824,-0.500319574,-0.000572957781,0.000572957781,-9.46007752,-11.893539,57.134891,76.1875227,-5.73265845,-0.000572957781,0.000572957781,-2.02430777,-2.11960642,3.1739078,11.4875902,-7.58761019,3.28379295,-2.60008931,-0.0859878261,2.24250756,11.9385986,-6.98036924,0.928572755
83,-0.19156336,0.79925399,108.179414,-0.42498204,-2.00567067,0.997418405,0.163924407,1.72306175,3.70250297,2.12753113e-16,0,-6.46234208,7.20371087,-49.7160181,76.5239915,-0.50171987,-0.000572957781,0.000572957833,-9.46208987,-11.9120121,57.0981958,76.237506,-5.77662694,-0.000572957781,0.000572957781,-2.04808238,-2.17835671,3.12005368,11.5156554,-7.57109906,3.32830487,-2.67111281,-0.143017411,2.23273569,12.0851233,-7.04646327,0.957166809
84,-0.20374357,0.82027636,108.173692,-0.386172513,-2.02488115,1.06048196,0.205526502,1.58160063,3.75399448,-1.93257793e-15,0,-6.51854215,7.23762532,-49.7436462,76.5571725,-0.496437199,-0.000572957833,0.000572957833,-9.47842341,-11.8771568,57.1548522,76.2201915,-5.80415773,-0.000572957781,0.000572957781,-2.05442144,-2.25148904,3.06835171,11.544419,-7.55713133,3.36251878,-2.73762626,-0.214820669,2.20074501,12.2648691,-7.14172562,1.00893388
85,-0.21773912,0.85744368,108.165646,-0.378042794,-2.04458352,1.14422048,0.215676283,1.50776266,3.82762435,-1.51497744e-15,0,-6.57580134,7.2307422,-49.7054313,76.5771303,-0.478609498,-0.000572957781,0.000572957781,-9.49859979,-11.8706297,57.1249189,76.2140853,-5.83800046,-0.000572957781,0.000572957781,-2.05192522,-2.29956824,2.98386696,11.5547497,-7.55656784,3.43452967,-2.79119586,-0.259987389,2.16015255,12.4248577,-7.22197224,1.03765515
86,-0.22935532,0.89953927,108.159518,-0.353486013,-2.06871915,1.2054865,0.197322658,1.50190855,3.88844121,-5.00089718e-16,0,-6.61112152,7.1977558,-49.7619579,76.5087601,-0.476875804,-0.000572957781,0.000572957781,-9.54168036,-11.9125338,57.1671466,76.2848597,-5.86695107,-0.000572957781,0.000572957781,-2.04208334,-2.36754933,2.92137031,11.5674897,-7.54383209,3.46572528,-2.84897564,-0.328378206,2.13448897,12.6010502,-7.30767318,1.10016749
87,-0.24200528,0.93866758,108.149695,-0.314516531,-2.08597651,1.24801462,0.184433784,1.43962875,3.95714992,2.978795e-15,0,-6.67359897,7.19400517,-49.8100834,76.4821224,-0.486940568,-0.000572957781,0.000572957781,-9.60232817,-11.8959791,57.1860115,76.3601216,-5.90021708,-0.000572957781,0.000572957781,-2.03139559,-2.45073292,2.88410565,11.564528,-7.53083168,3.49305351,-2.92520844,-0.409179718,2.15578038,12.7908543,-7.40889573,1.15944062
88,-0.26097297,0.97562451,108.13719,-0.276384809,-2.10304645,1.33505567,0.148653011,1.34529647,4.05243832,1.74798055e-15,0,-6.79298001,7.20356402,-49.9102072,76.5032755,-0.511641307,-0.000572957781,0.000572957781,-9.65402501,-11.8833492,57.1615902,76.3612759,-5.93276378,-0.000572957781,0.000572957781,-2.0375688,-2.53779328,2.80041854,11.5776155,-7.51668892,3.55868288,-3.00559145,-0.493343336,2.11156088,12.9940763,-7.53144981,1.20332928
89,-0.27429871,1.00233121,108.124506,-0.235376021,-2.13108851,1.42623081,0.120072831,1.21677429,4.11538193,-8.31243862e-16,0,-6.85637868,7.2192043,-49.8987768,76.5487236,-0.517052471,-0.000572957781,0.000572957781,-9.69379294,-11.832262,57.1827843,76.4307594,-5.95178501,-0.000572957781,0.000572957781,-2.02532355,-2.62167697,2.71825265,11.5888358,-7.50568378,3.61090031,-3.07914639,-0.575220869,2.07694804,13.219114,-7.66452154,1.26559104
90,-0.28509162,1.04119027,108.109498,-0.193393005,-2.16170439,1.53152559,0.0372660891,1.17860261,4.16709542,3.93820473e-15,0,-6.88466719,7.1757088,-49.9128265,76.5406844,-0.523194571,-0.000572957781,0.000572957781,-9.73265842,-11.8713998,57.3689582,76.4812481,-5.92500597,-0.000572957781,0.000572957781,-2.02425271,-2.71545056,2.62360437,11.6281947,-7.50838768,3.6608704,-3.16039085,-0.668001305,2.01728954,13.4764046,-7.82125559,1.32130106
91,-0.29277466,1.08742429,108.088791,-0.134681495,-2.16030847,1.64908714,-0.0342084255,1.14473565,4.19092297,7.62669212e-16,0,-6.92399968,7.13739785,-50.007534,76.4877027,-0.550678346,-0.000572957781,0.000572957781,-9.75689279,-11.9556357,57.4397394,76.4906806,-5.88771356,-0.000572957781,0.000572957781,-2.05769694,-2.83751052,2.48828722,11.663307,-7.51279913,3.71438536,-3.29649796,-0.787209024,1.96370094,13.7718872,-8.0074457,1.37694821
92,-0.31537301,1.17337195,108.063495,-0.102215722,-2.21570968,1.74352346,-0.360889987,1.44936785,4.32912501,1.09846787e-15,0,-6.97778828,6.74579194,-49.6886461,76.5016158,-0.562831066,-0.000572957781,0.000572957781,-9.87640914,-12.3279954,57.7355276,76.4946558,-5.86094008,-0.000572957781,0.000572957781,-2.04350039,-2.95266922,2.41321106,11.7286967,-7.54649758,3.79140556,-3.39384693,-0.898124839,1.95111248,14.1026263,-8.19259932,1.45879511
93,-0.33291131,1.2115843,108.043158,-0.0403151454,-2.24299671,1.86130316,-0.315973569,1.29299227,4.36048796,2.45433175e-15,0,-6.99427934,6.81101768,-49.8876436,76.430411,-0.598227561,-0.000572957781,0.000572957781,-9.83764355,-12.2818165,57.559056,76.5241007,-5.85447914,-0.000572957833,0.000572957781,-2.06754629,-3.07370295,2.30482044,11.7993251,-7.54872678,3.85125937,-3.53986912,-1.01737717,1.92346259,14.4711337,-8.38753292,1.53435557
94,-0.3516253,1.2442523,108.022225,0.0292466106,-2.26651916,1.9887212,-0.330801296,1.11647105,4.43989105,-2.02941592e-15,0,-7.07487429,6.89815638,-50.0528249,76.3564469,-0.643657284,-0.000572957781,0.000572957781,-9.8799745,-12.2221258,57.4760828,76.5642759,-5.84045421,-0.000572957781,0.000572957781,-2.09412661,-3.20170261,2.15453472,11.8618828,-7.54852187,3.92675814,-3.69299961,-1.14204936,1.88300333,14.8442567,-8.58567671,1.58024238
95,-0.36558844,1.27738485,107.997215,0.0932319835,-2.30098319,2.1107596,-0.406099409,0.941402732,4.50222463,1.47410148e-15,0,-7.13150595,6.95982915,-50.1099048,76.3466729,-0.682169679,-0.000572957781,0.000572957781,-9.88639061,-12.1805897,57.5108007,76.5291414,-5.79961053,-0.000572957781,0.000572957833,-2.11061084,-3.32307636,2.02802062,11.9400927,-7.56531133,3.96343327,-3.84267425,-1.26143477,1.86259323,15.2429656,-8.79472148,1.6569167
96,-0.38954168,1.30939599,107.965255,0.178998064,-2.35859505,2.23218942,-0.368421818,0.773236431,4.61074054,1.34525771e-16,0,-7.2214446,7.01152941,-50.3032641,76.3212441,-0.722354083,-0.000572957781,0.000572957781,-9.90124371,-12.17907,57.4647584,76.4898883,-5.7336198,-0.000572957781,0.000572957781,-2.10743011,-3.47198344,1.92306986,12.021722,-7.58303226,4.01277242,-3.98852739,-1.40863708,1.83255726,15.6791108,-9.04437599,1.72077097
97,-0.41645504,1.34900178,107.938731,0.260581816,-2.3930088,2.35986413,-0.435334246,0.674607432,4.69433864,3.08566468e-16,0,-7.28581658,6.99554506,-50.3671946,76.2966896,-0.753697875,-0.000572957781,0.000572957781,-9.948086,-12.2324718,57.574219,76.4730178,-5.63822212,-0.000572957781,0.000572957781,-2.14166515,-3.6224348,1.79782425,12.1134669,-7.58607938,4.1111724,-4.18971103,-1.55462192,1.82111882,16.1611138,-9.28309025,1.81203446
98,-0.44275112,1.38561608,107.907462,0.345533637,-2.43815826,2.48421897,-0.47414821,0.508989806,4.77990085,3.15121649e-15,0,-7.35152641,7.03182575,-50.4485559,76.2936092,-0.771074623,-0.000572957781,0.000572957833,-9.94233328,-12.2703392,57.620275,76.3576081,-5.54681455,-0.000572957781,0.000572957781,-2.1673155,-3.77225457,1.6649616,12.2172439,-7.60567092,4.16695711,-4.36444264,-1.70301034,1.82563337,16.6179988,-9.52614509,1.87866445
99,-0.47048591,1.41041683,107.872105,0.437455284,-2.4810327,2.61726235,-0.494657881,0.292416647,4.88462942,1.00475523e-16,0,-7.45655167,7.13343804,-50.6530551,76.2400059,-0.811136777,-0.000572957833,0.000572957833,-9.96995798,-12.2638668,57.6022091,76.266186,-5.45760118,-0.000572957781,0.000572957781,-2.19776897,-3.92646871,1.52252408,12.3236215,-7.63089566,4.20410865,-4.55909279,-1.85489966,1.84305825,17.1094309,-9.79055708,1.96998536
100,-0.50355494,1.44213581,107.833886,0.530444669,-2.53551119,2.75200021,-0.540221539,0.103431275,5.0002769,1.81862939e-15,0,-7.54396358,7.14524872,-50.6228725,76.3065182,-0.841646485,-0.000572957781,0.000572957781,-10.0334173,-12.2212267,57.5689734,76.2962525,-5.40199192,-0.000572957781,0.000572957781,-2.22207697,-4.08618586,1.37166612,12.4386675,-7.66317343,4.26157017,-4.7596455,-2.0121415,1.86027779,17.6328249,-10.072468,2.05550936
101,-0.54248795,1.48599291,107.795036,0.637250026,-2.60265934,2.85942771,-0.568183533,-0.0154896701,5.14339541,-4.54643869e-15,0,-7.64359811,7.12190228,-50.6566239,76.2904331,-0.858313588,-0.000572957781,0.000572957781,-10.1251049,-12.2819591,57.6231232,76.2850988,-5.35001674,-0.000572957781,0.000572957781,-2.23231926,-4.27006053,1.25456851,12.5519573,-7.69005278,4.33709969,-4.96008508,-2.19112703,1.89246015,18.1740303,-10.3686071,2.13596344
102,-0.58045387,1.51150463,107.750964,0.758977723,-2.66840142,3.00682857,-0.573303667,-0.250228569,5.26250451,-1.53743583e-16,0,-7.73253229,7.1577501,-50.7009655,76.3273162,-0.862742752,-0.000572957781,0.000572957781,-10.1849732,-12.2649126,57.6431698,76.2640413,-5.29563606,-0.000572957781,0.000572957781,-2.25748851,-4.46240164,1.07625308,12.6859246,-7.71829988,4.37622728,-5.17098724,-2.3812223,1.91463564,18.7454935,-10.6968796,2.19336648
103,-0.61812587,1.53702901,107.703304,0.879429667,-2.73670264,3.13943883,-0.627725494,-0.451158968,5.37936991,5.16262384e-16,0,-7.77887171,7.18625632,-50.6601244,76.3086219,-0.865910999,-0.000572957781,0.000572957781,-10.1990733,-12.2397886,57.5312844,76.2612341,-5.30715901,-0.000572957833,0.000572957781,-2.27993145,-4.65230011,0.92992001,12.8233224,-7.75705779,4.42515192,-5.40082481,-2.56858869,1.96052341,19.3549666,-11.0341868,2.29147041
104,-0.66243372,1.56250087,107.65239,1.01446089,-2.80841439,3.26527268,-0.640153717,-0.627344284,5.53462779,2.2261162e-15,0,-7.85762891,7.19299943,-50.6170532,76.2867039,-0.831754397,-0.000572957781,0.000572957781,-10.272374,-12.2992907,57.5401227,76.1755494,-5.30948469,-0.000572957781,0.000572957781,-2.30365163,-4.86035151,0.801795266,12.9655184,-7.7896728,4.47534698,-5.66076303,-2.77135331,1.99539174,20.0208025,-11.3858716,2.38276784
105,-0.70843733,1.56284155,107.594562,1.18132534,-2.88564804,3.40951416,-0.622890521,-0.999844712,5.70431445,-1.40170294e-15,0,-8.01748351,7.33299952,-50.8162523,76.3221389,-0.824265095,-0.000572957781,0.000572957781,-10.3720444,-12.1913319,57.5328349,76.1363099,-5.26749525,-0.000572957781,0.000572957781,-2.34113613,-5.09596102,0.682225601,13.1397788,-7.83156406,4.52719708,-5.96839347,-3.00229289,2.00205416,20.7939116,-11.7721862,2.47779776
106,-0.75206421,1.56227549,107.534349,1.34035522,-2.96590424,3.5465466,-0.667530449,-1.33306382,5.87112047,1.27675958e-15,0,-8.13868437,7.47834168,-50.8851006,76.2945654,-0.83422954,-0.000572957781,0.000572957781,-10.4921874,-12.1272835,57.5665282,76.0707538,-5.22730642,-0.000572957781,0.000572957781,-2.40793197,-5.31983072,0.58077947,13.3848758,-7.89827452,4.57008555,-6.2892019,-3.22037294,2.03601984,21.5973706,-12.1464328,2.5742317
107,-0.80302059,1.56872732,107.468796,1.49638201,-3.06790892,3.6820274,-0.686490094,-1.61474124,6.05401117,1.5366216e-15,0,-8.23701262,7.56565882,-50.854211,76.2753453,-0.80800076,-0.000572957781,0.000572957781,-10.5769953,-12.0894972,57.4732073,76.0096987,-5.21146934,-0.000572957781,0.000572957781,-2.46151928,-5.54634199,0.52542719,13.648744,-7.99035998,4.64899857,-6.61298232,-3.44352141,2.0508373,22.4472733,-12.5121774,2.73399986
108,-0.85573233,1.57041898,107.400417,1.67591702,-3.13248785,3.80482599,-0.691551211,-1.92677886,6.20105362,-2.91277531e-16,0,-8.36708077,7.67454057,-50.9871777,76.2932608,-0.79177079,-0.000572957781,0.000572957781,-10.6758469,-12.0340719,57.4066608,75.9673857,-5.19233627,-0.000572957781,0.000572957781,-2.54053176,-5.80076995,0.460055556,13.8726555,-8.05675454,4.7379366,-7.01618589,-3.6887649,2.1082747,23.3361131,-12.8664013,2.88019109
109,-0.90606697,1.58307397,107.337594,1.84956798,-3.23307782,3.92619022,-0.756942962,-2.14901358,6.39476333,1.7195146e-15,0,-8.48371223,7.76273112,-51.0884968,76.203519,-0.791429067,-0.000572957781,0.000572957781,-10.8096785,-12.0474018,57.3621621,75.9363493,-5.19202934,-0.000572957781,0.000572957781,-2.54814358,-6.05397702,0.355265113,14.0430346,-8.10197722,4.8126896,-7.4568522,-3.93272773,2.18427315,24.381576,-13.1766319,3.07223937
110,-0.95224268,1.59872802,107.270753,2.01089958,-3.27149611,4.07218176,-0.845887072,-2.33050537,6.4914532,-2.34229016e-15,0,-8.57172263,7.76657993,-51.1193658,76.1735208,-0.796397923,-0.000572957781,0.000572957833,-10.8744278,-12.0667168,57.2090532,75.9247038,-5.2182577,-0.000572957781,0.000572957781,-2.65844281,-6.29982541,0.22802189,14.2694366,-8.15955657,4.9121077,-8.00319647,-4.16680471,2.29781651,25.4717613,-13.4610418,3.21475468
111,-1.00549869,1.60197796,107.202268,2.17267905,-3.37611296,4.16555489,-0.832050123,-2.57960087,6.67115035,-4.42222899e-15,0,-8.67299043,7.88563184,-51.2586026,76.1011618,-0.813293196,-0.000572957833,0.000572957781,-10.9644233,-12.006495,57.0032903,75.9185498,-5.24363313,-0.000572957781,0.000572957781,-2.69261254,-6.52751446,0.197784896,14.5000391,-8.23874152,5.0012882,-8.5102458,-4.38457121,2.46209515,26.6228155,-13.7199632,3.45295219
112,-1.05574242,1.6034189,107.128167,2.32826779,-3.45832804,4.29926802,-0.810746336,-2.84738655,6.85610504,3.08825931e-15,0,-8.84013882,7.99517441,-51.3988708,76.1107992,-0.810380547,-0.000572957781,0.000572957781,-11.0795393,-11.9525348,56.8362341,75.8752601,-5.26374633,-0.000572957833,0.000572957833,-2.78045667,-6.75423405,0.101151586,14.7798224,-8.34016556,5.07458979,-9.06443028,-4.60245851,2.62008148,27.8191983,-13.9609733,3.80006667
113,-1.10256485,1.60115299,107.077014,2.4592741,-3.54021266,4.42943393,-0.850137104,-3.13471404,7.00716876,4.44866752e-16,0,-8.96216698,8.17065734,-51.6745885,76.0588214,-0.853884157,-0.000572957781,0.000572957781,-11.1720696,-11.8419831,56.8160475,75.8503094,-5.23395219,-0.000572957781,0.000572957781,-2.82451182,-6.94599119,0.00800722703,14.9754578,-8.38062931,5.1380828,-9.60169552,-4.78447238,2.7839898,28.9682666,-14.083582,4.08968676
114,-1.15002207,1.61929367,107.032216,2.57144978,-3.62372055,4.55659019,-0.887915521,-3.2923134,7.14315441,7.92723711e-16,0,-9.06329647,8.20822679,-51.7009428,76.09914,-0.878089333,-0.000572957781,0.000572957781,-11.2666139,-11.8269139,56.7748137,75.8289104,-5.16866839,-0.000572957781,0.000572957781,-2.82909658,-7.12662834,-0.106299868,15.0948922,-8.39701237,5.2074169,-10.18773,-4.94969423,2.97066101,30.1961126,-14.144316,4.26950472
115,-1.19251422,1.63393909,106.998372,2.66798975,-3.70716052,4.67665283,-0.916933579,-3.41528071,7.27143561,-2.19607677e-15,0,-9.16821842,8.26388771,-51.8349716,76.1164955,-0.906636642,-0.000572957781,0.000572957781,-11.3501002,-11.7930456,56.6876878,75.8563268,-5.09234871,-0.000572957781,0.000572957781,-2.83417056,-7.28380252,-0.202213633,15.2243533,-8.39497356,5.27073105,-10.7712886,-5.08494308,3.23225597,31.425895,-14.14424,4.63871316
116,-1.23418308,1.65317779,106.973207,2.7548168,-3.8061171,4.79623933,-0.91718587,-3.57758905,7.41384676,-5.28211994e-15,0,-9.24485399,8.36639604,-51.9745294,76.1103757,-0.987144296,-0.000572957781,0.000572957781,-11.4401536,-11.6846582,56.6024607,75.9562525,-4.97589227,-0.000572957781,0.000572957781,-2.79021381,-7.43170002,-0.300622852,15.2972434,-8.36795589,5.33159657,-11.3504869,-5.20543957,3.51357439,32.6816219,-14.0937094,5.20391302
117,-1.27383917,1.68953383,106.955171,2.80447905,-3.87271533,4.87507949,-0.902421562,-3.61073127,7.5212771,3.62740767e-15,0,-9.3320277,8.37398609,-52.0257695,76.1314605,-1.02224133,-0.000572957781,0.000572957781,-11.5217309,-11.686901,56.5475084,75.999713,-4.83967056,-0.000572957781,0.000572957781,-2.77124702,-7.53651013,-0.371511625,15.3554264,-8.35482058,5.3834693,-11.9871143,-5.24738333,3.92529307,33.9650793,-13.9747036,5.78543532
118,-1.30807049,1.71742918,106.943214,2.84582275,-3.99407631,4.98419905,-0.896326152,-3.64300178,7.67394207,-1.562044e-15,0,-9.40892197,8.36439053,-52.0563277,76.2025696,-1.10084336,-0.000572957781,0.000572957781,-11.5943725,-11.6958264,56.5178107,76.0294994,-4.70081964,-0.000572957781,0.000572957781,-2.66977943,-7.62941863,-0.459004454,15.3807186,-8.33500791,5.45323114,-12.4876989,-5.24053222,4.34788925,35.1630125,-13.889877,6.35133571
119,-1.34165734,1.754431,106.952083,2.82748977,-4.0549037,5.08557577,-0.865939387,-3.64575904,7.77242487,-1.16136079e-15,0,-9.49040698,8.38458398,-52.1552255,76.2535023,-1.1720944,-0.000572957781,0.000572957781,-11.660878,-11.6852925,56.5095086,76.0381191,-4.53710769,-0.000572957781,0.000572957781,-2.62446924,-7.64941401,-0.566572409,15.3766324,-8.2883304,5.46250697,-13.1379517,-5.09748928,4.96055466,36.4900978,-13.7786823,6.95381901
120,-1.35720521,1.76144814,106.94195,2.87949056,-4.14551235,5.17948958,-0.830946407,-3.71245455,7.87279706,-6.73634515e-15,0,-9.55158498,8.41028257,-52.2867032,76.3120439,-1.30137312,-0.000572957781,0.000572957781,-11.6997341,-11.6628135,56.4151291,76.0779938,-4.38859504,-0.000572957781,0.000572957833,-2.52611452,-7.73626243,-0.63878341,15.3598899,-8.25746136,5.46526722,-13.5774103,-4.97346756,5.59330381,37.5808483,-14.1240987,7.12063571
121,-1.36639587,1.76876573,106.952417,2.88600277,-4.20900782,5.26075746,-0.773417591,-3.7426457,7.93256975,-1.44030655e-15,0,-9.58919457,8.42048175,-52.3390361,76.3966221,-1.40430856,-0.000572957781,0.000572957781,-11.7245081,-11.634201,56.3151863,76.1174859,-4.26886994,-0.000572957781,0.000572957781,-2.44800063,-7.7617083,-0.705869848,15.3257936,-8.20693503,5.45880714,-14.0561741,-4.75723999,6.22546428,38.6879571,-14.5094204,6.86000081
122,-1.37623325,1.77899761,106.973219,2.87137241,-4.29826991,5.37361431,-0.758990471,-3.73500016,8.02643192,2.20429318e-15,0,-9.63338077,8.40629289,-52.3071459,76.5068955,-1.46291745,-0.000572957781,0.000572957781,-11.7335401,-11.6398948,56.298787,76.1011003,-4.17369339,-0.000572957781,0.000572957833,-2.35918832,-7.7665287,-0.799677321,15.3259678,-8.14925494,5.44920133,-14.4727269,-4.54601895,6.82395577,39.7580052,-14.8595461,6.90120393
123,-1.38421841,1.7891859,107.007563,2.80584081,-4.38325542,5.51122696,-0.780889338,-3.66294806,8.10195929,-8.97083264e-16,0,-9.65841,8.4050515,-52.296163,76.5538804,-1.46834222,-0.000572957833,0.000572957781,-11.7395908,-11.6667306,56.2936029,76.0875082,-4.11069172,-0.000572957833,0.000572957781,-2.28513263,-7.70719741,-0.88690017,15.3467964,-8.09767677,5.36752721,-14.8537336,-4.32491378,7.1908095,40.7669505,-15.11819,6.84331167
124,-1.38581693,1.78734449,107.046652,2.78827535,-4.43935109,5.61758283,-0.768514583,-3.62318099,8.13538453,-2.1723123e-15,0,-9.66236638,8.36639092,-52.1970262,76.6499197,-1.45520755,-0.000572957833,0.000572957833,-11.7264939,-11.6997853,56.2269608,76.0560006,-4.06784893,-0.000572957781,0.000572957781,-2.22300139,-7.69354557,-0.958606485,15.3245847,-8.0002629,5.26962968,-15.1887817,-4.19420957,7.4560838,41.6239753,-15.3401114,6.72016635
125,-1.38620771,1.79521734,107.084477,2.70930109,-4.49287288,5.7380511,-0.791812998,-3.5034862,8.16225535,2.39179751e-15,0,-9.66151261,8.32568726,-52.0686357,76.7209878,-1.42486668,-0.000572957781,0.000572957781,-11.7111627,-11.7636177,56.2516007,76.0021787,-4.0375579,-0.000572957833,0.000572957781,-2.12905876,-7.61633199,-1.04209754,15.2454023,-7.92812415,5.30435351,-15.5087607,-4.02251313,7.68563365,42.4611994,-15.4779446,6.6681139
126,-1.38431228,1.79555392,107.115352,2.64180307,-4.52879926,5.85979394,-0.801258403,-3.39618734,8.18379264,6.15754625e-15,0,-9.66153225,8.29968132,-51.9422772,76.7490257,-1.39030806,-0.000572957781,0.000572957781,-11.7024397,-11.8113548,56.2482402,76.0067481,-3.9859127,-0.000572957781,0.000572957781,-2.04361672,-7.54693898,-1.14607928,15.1467573,-7.85955247,5.30325086,-15.7888856,-3.89634032,7.84532518,43.1879179,-15.6935976,6.57708541
127,-1.38052292,1.7953561,107.166803,2.53031938,-4.55718695,5.99278327,-0.77892267,-3.25321654,8.20098423,3.15620822e-15,0,-9.68343069,8.30013979,-51.9485542,76.7551797,-1.39786385,-0.000572957833,0.000572957833,-11.7001149,-11.8650964,56.2356966,75.9695304,-3.90269581,-0.000572957781,0.000572957833,-1.96834099,-7.42244939,-1.24566087,15.0489797,-7.76511998,5.30347583,-16.1020634,-3.72602016,7.95577617,43.9372204,-15.7209218,6.2572204
128,-1.37493535,1.78833523,107.209754,2.46115755,-4.57826009,6.12089995,-0.776015091,-3.14894538,8.21910814,1.2674987e-15,0,-9.69664539,8.30505668,-51.9436569,76.7288015,-1.44282335,-0.000572957781,0.000572957781,-11.6841681,-11.9121496,56.1843404,75.9260289,-3.80800847,-0.000572957781,0.000572957781,-1.89819559,-7.34646012,-1.3548216,14.9443788,-7.65933572,5.30485169,-16.3448391,-3.62255987,8.05458339,44.5485736,-15.8380834,6.01105568
129,-1.36251375,1.7612304,107.252347,2.39092596,-4.58653598,6.27129976,-0.719643138,-3.1342133,8.20960649,-2.49051192e-15,0,-9.66917011,8.37580292,-51.8400088,76.6950877,-1.45117187,-0.000572957833,0.000572957781,-11.6455904,-11.864649,56.023165,75.9259947,-3.75688067,-0.000572957833,0.000572957781,-1.83928713,-7.25845484,-1.46330421,14.8341463,-7.55576017,5.30462544,-16.5857808,-3.52302225,8.14037484,45.1096497,-15.8712115,5.79599992
130,-1.34766697,1.73433194,107.292974,2.31559166,-4.59010533,6.41817698,-0.655143474,-3.11901485,8.19752303,4.58172065e-15,0,-9.6206049,8.46448781,-51.6762038,76.6389982,-1.42212628,-0.000572957781,0.000572957781,-11.6068359,-11.8363038,55.9038587,75.8654519,-3.72867711,-0.000572957781,0.000572957781,-1.78744012,-7.16289537,-1.59290758,14.7326958,-7.46815531,5.28645884,-16.7892077,-3.43301081,8.18419477,45.5855909,-15.8782757,5.4672834
131,-1.33552253,1.7065165,107.326019,2.25364063,-4.59191844,6.5659484,-0.635887197,-3.08928752,8.20628787,4.48646335e-15,0,-9.61924313,8.54500122,-51.6370532,76.5894315,-1.42020006,-0.000572957781,0.000572957781,-11.6050139,-11.856539,55.9118671,75.7868296,-3.69534621,-0.000572957781,0.000572957781,-1.74588344,-7.08438192,-1.73516442,14.6433826,-7.39577921,5.2604657,-16.97218,-3.3569573,8.25569148,45.999999,-15.8234292,5.22528895
132,-1.32372714,1.68473175,107.357574,2.192555,-4.58681153,6.71735507,-0.662511541,-3.00190763,8.19165675,1.76595006e-15,0,-9.60139755,8.56074908,-51.547103,76.5355072,-1.43888276,-0.000572957833,0.000572957781,-11.6068581,-11.9168249,55.9747253,75.7225917,-3.69944091,-0.000572957833,0.000572957781,-1.71265499,-7.01036273,-1.85164678,14.5521688,-7.31710226,5.25199371,-17.1260078,-3.29233752,8.31508339,46.3193479,-15.7286911,5.03858146
133,-1.30391381,1.65762281,107.387364,2.13635046,-4.57456467,6.88208362,-0.734936839,-2.91271133,8.12454075,7.01931817e-16,0,-9.51814608,8.58874944,-51.368473,76.4351512,-1.44517091,-0.000572957781,0.000572957781,-11.572743,-11.9644757,55.9271667,75.6875119,-3.74729791,-0.000572957781,0.000572957781,-1.68818808,-6.93955587,-1.99633367,14.469013,-7.24781084,5.22465374,-17.2586518,-3.22881356,8.39097448,46.5769997,-15.6373049,4.75380355
134,-1.28173977,1.62172293,107.406354,2.10662055,-4.56328331,7.07104473,-0.770891275,-2.90515586,8.10454367,-1.4888446e-15,0,-9.49836927,8.66615597,-51.3862418,76.3409151,-1.48003711,-0.000572957781,0.000572957781,-11.5717108,-11.998794,55.9487057,75.6192441,-3.79342858,-0.000572957781,0.000572957781,-1.67358364,-6.9018814,-2.16332731,14.4073671,-7.1903015,5.22240618,-17.3327559,-3.20145907,8.45946932,46.7177392,-15.5747625,4.65975227
135,-1.26029998,1.58635558,107.418895,2.09151319,-4.55464778,7.22733419,-0.772250696,-2.87091271,8.08804449,-2.51161039e-15,0,-9.50081021,8.68923774,-51.4911979,76.2652229,-1.58034601,-0.000572957781,0.000572957781,-11.5430991,-12.0387548,55.8289622,75.562615,-3.87333368,-0.000572957781,0.000572957781,-1.65841145,-6.87767307,-2.29269878,14.3542795,-7.14706769,5.19588584,-17.36892,-3.16212978,8.61080668,46.7683645,-15.5140456,4.59426912
136,-1.23238936,1.53090128,107.41514,2.11063876,-4.54013769,7.39023547,-0.697432484,-2.92097138,8.042447,-1.0531891e-15,0,-9.44897164,8.77153469,-51.4651988,76.1695251,-1.66049284,-0.000572957781,0.000572957781,-11.491094,-12.01979,55.6925258,75.5237444,-3.94717102,-0.000572957781,0.000572957781,-1.65201967,-6.88295195,-2.39788817,14.3070914,-7.12677562,5.17538118,-17.3542283,-3.1471612,8.7773617,46.6986591,-15.4898479,4.68654753
137,-1.20005719,1.47830354,107.419991,2.1097396,-4.52812709,7.57762551,-0.714534264,-2.94037595,8.00041231,-1.78465513e-15,0,-9.41320791,8.85121141,-51.4952721,76.0724818,-1.74386554,-0.000572957833,0.000572957833,-11.4479793,-12.0471474,55.8060504,75.4281627,-3.96926711,-0.000572957833,0.000572957781,-1.64846253,-6.86834389,-2.55385789,14.274029,-7.09802565,5.14720452,-17.3374038,-3.08459859,9.00866605,46.6124996,-15.4305089,4.61261586
138,-1.16987452,1.41380647,107.417142,2.15444097,-4.5063796,7.74934746,-0.717001189,-2.99539739,7.98439722,2.04653727e-15,0,-9.41562751,8.92570231,-51.5382272,76.0065022,-1.83023457,-0.000572957833,0.000572957781,-11.4354092,-12.0352928,55.7186,75.3994896,-4.01115111,-0.000572957781,0.000572957833,-1.65363714,-6.90323164,-2.69129368,14.2321582,-7.0647225,5.1342929,-17.2535394,-3.05766502,9.27440225,46.3575901,-15.4836478,4.57765681
139,-1.13811865,1.35506283,107.414472,2.18303581,-4.48884332,7.93181611,-0.729769801,-3.001596,7.92486359,4.70514779e-15,0,-9.34232677,8.94647633,-51.4427718,75.9329206,-1.87982942,-0.000572957833,0.000572957781,-11.3623057,-12.0806811,55.7512142,75.2995503,-4.02896253,-0.000572957781,0.000572957781,-1.65608096,-6.92228787,-2.84839934,14.197857,-7.03911783,5.11100452,-17.1514263,-2.99597689,9.58302434,46.0547259,-15.4531681,4.50619938
140,-1.10194571,1.29819758,107.402766,2.23446462,-4.47863368,8.09673084,-0.722869549,-2.966844,7.87465401,1.10743594e-15,0,-9.29147601,8.91787491,-51.3819456,75.8648031,-1.90450647,-0.000572957781,0.000572957781,-11.3132624,-12.1434386,55.7497047,75.2966065,-4.05024967,-0.000572957781,0.000572957781,-1.66570705,-6.96950326,-2.983153,14.2051986,-7.0297451,5.08398557,-16.9866309,-2.95112346,9.94608134,45.6332144,-15.4829733,4.47242494
141,-1.06519498,1.2265676,107.388306,2.29571562,-4.46108609,8.27796868,-0.66528225,-3.04858578,7.84808458,1.7274273e-15,0,-9.28529725,8.98740453,-51.4755977,75.8114798,-1.92208994,-0.000572957781,0.000572957781,-11.2724896,-12.1092236,55.6450867,75.3045978,-4.06108961,-0.000572957781,0.000572957833,-1.68685299,-7.02159711,-3.14653304,14.2118931,-7.01935766,5.04735697,-16.7992037,-2.92142388,10.3183121,45.1336032,-15.4792304,4.40448078
142,-1.02674178,1.15051683,107.373977,2.3605763,-4.44106554,8.46094263,-0.655246888,-3.13488607,7.81047926,-2.33390276e-15,0,-9.27812982,9.04311923,-51.5764318,75.8014462,-1.94354121,-0.000572957781,0.000572957781,-11.244432,-12.0556066,55.5969714,75.3539049,-4.09021908,-0.000572957781,0.000572957781,-1.70857406,-7.07443503,-3.28845583,14.2152774,-7.00889595,4.99380317,-16.5864228,-2.87490133,10.7418001,44.5499328,-15.4583847,4.4891572
143,-0.98336227,1.06409,107.354605,2.45909789,-4.41892181,8.63148761,-0.652849438,-3.23829215,7.73543512,-1.5730903e-15,0,-9.25066136,9.08822154,-51.5669344,75.8196828,-1.94786387,-0.000572957781,0.000572957781,-11.1891903,-11.9786466,55.5734483,75.4223639,-4.10311747,-0.000572957781,0.000572957781,-1.73630442,-7.16074301,-3.42758145,14.2287056,-6.99364968,4.95186623,-16.3048073,-2.87032766,11.1751679,43.8181497,-15.4779856,4.54126002
144,-0.94596818,0.99014904,107.342088,2.51654727,-4.39718666,8.81053305,-0.677318484,-3.20477428,7.70166837,3.25858182e-15,0,-9.26550166,9.0360978,-51.5480934,75.8467919,-1.9331621,-0.000572957781,0.000572957781,-11.1784473,-12.0401072,55.6862318,75.44058,-4.09287731,-0.000572957781,0.000572957781,-1.76048083,-7.20463209,-3.5578513,14.2320814,-6.97277705,4.89804605,-16.0315127,-2.8176272,11.6438666,43.0714734,-15.4119223,4.58647075
145,-0.90734847,0.90075008,107.332134,2.58878414,-4.37562232,8.97205945,-0.544160744,-3.28872136,7.68800031,3.36046783e-15,0,-9.30666379,9.08979333,-51.7680084,75.8652334,-1.94593242,-0.000572957781,0.000572957781,-11.1510949,-12.048545,55.6869899,75.3802695,-4.04941169,-0.000572957781,0.000572957781,-1.78380507,-7.25445832,-3.68094817,14.2322231,-6.94036781,4.83595493,-15.7501516,-2.76411801,12.1458846,42.2808483,-15.3841542,4.59938279
146,-0.86089782,0.81390369,107.31082,2.70588279,-4.35654718,9.14594505,-0.55671666,-3.37214828,7.62777427,-5.22501098e-15,0,-9.28069029,9.07704308,-51.7630223,75.9154694,-1.96868698,-0.000572957781,0.000572957833,-11.1183168,-11.9868736,55.7219707,75.4995041,-4.01617898,-0.000572957781,0.000572957781,-1.80734063,-7.36501518,-3.84845856,14.2442921,-6.91946444,4.81470323,-15.4103496,-2.79239734,12.6469337,41.3702441,-15.5264099,4.72103358
147,-0.80882869,0.72592016,107.300282,2.81294707,-4.32900036,9.30958952,-0.51037452,-3.45114454,7.54311749,-1.00673999e-15,0,-9.2704433,9.07878307,-51.8545298,75.9759781,-2.01080428,-0.000572957781,0.000572957781,-11.0530006,-11.9385491,55.701767,75.5965952,-4.00930013,-0.000572957781,0.000572957781,-1.82480115,-7.45697599,-3.99717483,14.2288917,-6.86737443,4.75694971,-15.0692398,-2.8192942,13.1619316,40.4064088,-15.6613113,4.84648836
148,-0.75929127,0.633789261,107.279348,2.92100858,-4.30594682,9.48217948,-0.4772314,-3.50909037,7.48314159,-3.80693636e-15,0,-9.2378189,9.01850067,-51.7851078,76.0538764,-2.04359708,-0.000572957781,0.000572957781,-11.0164761,-11.9021852,55.6418868,75.7024222,-3.9981571,-0.000572957781,0.000572957833,-1.84487187,-7.54938589,-4.14487682,14.2289036,-6.84737094,4.68898676,-14.6619829,-2.85938314,13.6558474,39.3225704,-15.8812519,4.7898153
149,-0.70860125,0.531160866,107.26105,3.02195833,-4.28470453,9.65848828,-0.413300483,-3.59354139,7.45583621,-1.6914015e-16,0,-9.2596405,8.99138653,-51.7942978,76.1689309,-2.06764703,-0.000572957781,0.000572957781,-11.0032085,-11.8582995,55.6596487,75.7514493,-3.99073268,-0.000572957781,0.000572957781,-1.86866655,-7.62541785,-4.2832001,14.2391472,-6.82718303,4.60212084,-14.2478378,-2.88871581,14.1779248,38.2054281,-16.0638126,4.61733594
150,-0.65292269,0.428707606,107.238448,3.16013394,-4.24938838,9.84695093,-0.500362156,-3.6168588,7.36694898,6.82463592e-15,0,-9.21021384,8.89435003,-51.6849089,76.2299518,-2.09886804,-0.000572957781,0.000572957781,-10.9422926,-11.8587776,55.6677903,75.8394699,-4.00869693,-0.000572957833,0.000572957781,-1.89693286,-7.74809659,-4.44866229,14.2239236,-6.78450844,4.54035246,-13.8107919,-3.01705421,14.60276,36.9892719,-16.2702141,4.48304461
151,-0.60350932,0.315360759,107.230413,3.25530709,-4.21756847,10.0216889,-0.397593636,-3.74546571,7.31942794,2.6463662e-15,0,-9.21685363,8.9289697,-51.7866241,76.3142295,-2.14935018,-0.000572957781,0.000572957833,-10.9268521,-11.7419643,55.6160926,75.9590597,-4.03046005,-0.000572957781,0.000572957781,-1.92302375,-7.80709832,-4.62088892,14.2043158,-6.74425216,4.47260979,-13.403524,-3.06022848,15.057053,35.7940981,-16.2662714,4.34016644
152,-0.54857023,0.217387673,107.216084,3.3376715,-4.17278519,10.2134708,-0.407740309,-3.71756354,7.22909185,-1.31626967e-16,0,-9.2047753,8.85563737,-51.8258054,76.4027624,-2.21059137,-0.000572957781,0.000572957781,-10.9003826,-11.7609138,55.7750413,76.054696,-4.0286778,-0.000572957781,0.000572957781,-1.96355858,-7.86225381,-4.75265138,14.1928889,-6.71483453,4.40614223,-12.975406,-3.09569744,15.5468254,34.5178943,-16.268872,4.29186847
153,-0.49955062,0.103249389,107.188654,3.44826915,-4.11379774,10.4284286,-0.426542646,-3.78937102,7.15349404,-4.56260193e-15,0,-9.18194624,8.81542719,-51.6954854,76.4990066,-2.21669862,-0.000572957781,0.000572957781,-10.8971032,-11.7103209,55.8500607,76.1425595,-4.02021391,-0.000572957781,0.000572957781,-2.05791935,-7.94868387,-4.95435498,14.2388663,-6.71114153,4.33180757,-12.5226746,-3.17765992,16.0273975,33.1480931,-16.1970235,4.39934192
154,-0.44495202,-0.022857707,107.166493,3.5650488,-4.09544528,10.643269,-0.374515227,-3.93627132,7.13642625,4.5159058e-16,0,-9.18946714,8.82284393,-51.661215,76.6018624,-2.21385876,-0.000572957781,0.000572957781,-10.9097357,-11.5992108,55.7779851,76.2495203,-4.06344389,-0.000572957781,0.000572957781,-2.09705591,-8.03464778,-5.12808042,14.2734715,-6.7031865,4.26540404,-12.0120394,-3.24945673,16.5012026,31.7666019,-16.075622,4.44234778
155,-0.38796849,-0.1422625156,107.139254,3.68972929,-4.0628478,10.8496514,-0.411902615,-3.93934277,7.06102096,1.46183393e-15,0,-9.1414492,8.76082069,-51.7077661,76.6149354,-2.23746304,-0.000572957781,0.000572957781,-10.8782536,-11.6043693,55.8072047,76.3639533,-4.09798416,-0.000572957781,0.000572957781,-2.16151475,-8.13513523,-5.30330508,14.3319106,-6.7118523,4.18722314,-11.4962466,-3.31266053,17.0672665,30.3396457,-15.8838081,4.4036253
156,-0.3270965,-0.2856347424,107.096672,3.89049428,-4.01174641,11.0685465,-0.416301898,-4.1236217,6.96425853,-7.40622045e-15,0,-9.09019461,8.73654278,-51.6193049,76.7116577,-2.22987512,-0.000572957781,0.000572957781,-10.8549114,-11.5244296,55.8695131,76.4627383,-4.13967776,-0.000572957781,0.000572957781,-2.20648407,-8.31413571,-5.43747262,14.3006872,-6.67626702,4.14471204,-10.9638086,-3.47553792,17.6139599,28.8055544,-15.6570424,4.38996279
157,-0.27269795,-0.42722713,107.090461,3.99226087,-3.95063579,11.3029977,-0.246498085,-4.30925258,6.90668515,-1.51523498e-15,0,-9.11092167,8.84135459,-51.8268573,76.7738125,-2.24396346,-0.000572957781,0.000572957781,-10.8144357,-11.365679,55.6684255,76.5420505,-4.19763491,-0.000572957781,0.000572957781,-2.28927109,-8.37151527,-5.65956006,14.3074355,-6.6251772,4.05760365,-10.5104966,-3.4932057,18.1166004,27.3885429,-15.1519226,4.44157597
158,-0.24846978,-0.504743692,107.215548,3.70433311,-3.90965258,11.5178175,-0.255266608,-3.98771673,6.86140442,-4.48584267e-15,0,-9.12861613,8.86303788,-51.9626858,76.7759776,-2.28273225,-0.000572957781,0.000572957781,-10.8191144,-11.3538209,55.8339927,76.5258766,-4.20603817,-0.000572957781,0.000572957781,-2.32640555,-7.96988137,-5.86283588,14.2499022,-6.49381644,3.90002137,-10.2310642,-2.99900949,18.3382946,26.5199631,-13.9917578,3.12407751
159,-0.21215714,-0.613507361,107.332337,3.42659831,-3.82295586,11.7330178,-0.0940076021,-3.83031971,6.75099483,-7.03370546e-15,0,-9.11531177,8.98152203,-51.9670572,76.8538008,-2.25898326,-0.000572957781,0.000572957781,-10.6910074,-11.1540754,55.5737693,76.5359443,-4.25272721,-0.000572957781,0.000572957781,-2.41655828,-7.55898401,-6.08417286,14.198575,-6.39401969,3.73169819,-10.1021998,-2.55904371,18.2119361,26.0309216,-13.3360007,1.75638923
160,-0.17871596,-0.721033442,107.395852,3.25148605,-3.77986256,11.951833,-0.219123981,-3.50798196,6.68721709,1.68986835e-15,0,-9.08549458,8.89364823,-51.8168818,76.8853221,-2.24466291,-0.000572957833,0.000572957781,-10.7351287,-11.2019354,55.7693723,76.5993421,-4.29214039,-0.000572957781,0.000572957781,-2.46785642,-7.28309645,-6.2539022,14.1749434,-6.34803886,3.61372759,-9.84945039,-2.41217543,17.889109,25.4532498,-12.6744832,1.71796717
161,-0.10321736,-0.914445764,107.339978,3.43227459,-3.6854848,12.1639284,-0.0276715526,-3.78332161,6.58157583,3.6305215e-16,0,-9.07572058,9.10848415,-52.1665124,76.7634852,-2.25730474,-0.000572957781,0.000572957781,-10.6411812,-11.0221461,55.5687354,76.6321885,-4.3203781,-0.000572957781,0.000572957781,-2.60905628,-7.40319594,-6.43526294,14.2410597,-6.4140441,3.5010538,-9.49174228,-2.6777699,17.7006845,24.7353064,-13.5046577,1.34929779
162,-0.0650648,-1.041171386,107.369578,3.32544998,-3.65816598,12.3810839,-0.0844836304,-3.59480241,6.57098861,-6.35528559e-15,0,-9.08058709,9.07029656,-51.9280602,76.8082844,-2.21470079,-0.000572957781,0.000572957781,-10.6243857,-11.0503966,55.6217241,76.5320921,-4.33356933,-0.000572957781,0.000572957781,-2.64082562,-7.20245497,-6.59528445,14.2213221,-6.41716507,3.4126195,-9.28533823,-2.54309949,17.3740342,24.4179997,-13.6503926,0.759918469
163,-0.01427177,-1.2008133,107.399046,3.20150708,-3.5464786,12.5639027,0.0952943524,-3.54852404,6.44663862,1.66314517e-15,0,-9.04483873,9.21989307,-52.0739462,76.7377081,-2.2150487,-0.000572957781,0.000572957833,-10.5452076,-10.8816064,55.5197869,76.5333078,-4.34348634,-0.000572957833,0.000572957781,-2.82635533,-6.95927548,-6.79920487,14.3192782,-6.47665516,3.26694992,-9.1553068,-2.35852046,17.1538562,23.988374,-13.5433738,0.430498819
164,0.00449606,-1.28259963,107.467484,2.96433587,-3.53044273,12.7105968,0.0419418271,-3.11395496,6.45717376,-1.77606204e-15,0,-9.0626254,9.11888482,-52.0169756,76.6788182,-2.2286077,-0.000572957781,0.000572957781,-10.5790845,-10.9320328,55.6093443,76.6075657,-4.35395702,-0.000572957781,0.000572957781,-2.87608999,-6.6155889,-7.00074027,14.3543956,-6.49039793,3.12710649,-8.97812828,-2.08308774,16.8589832,23.6111375,-13.0392247,0.291301085
165,0.01806673,-1.38322102,107.540727,2.643837,-3.53669535,12.8879213,0.140006392,-2.63293398,6.51006119,5.2625159e-15,0,-9.08427198,8.99326056,-51.8113391,76.753117,-2.20127243,-0.000572957781,0.000572957833,-10.5864491,-11.0037822,55.753977,76.5783256,-4.29746879,-0.000572957781,0.000572957781,-2.92891532,-6.16085155,-7.19853359,14.4370733,-6.56053287,2.94475602,-8.71175346,-1.73193224,16.4736581,23.0836761,-12.3408054,0.263135252
166,0.03869757,-1.45921564,107.601535,2.36702467,-3.52687234,13.0218834,0.181433943,-2.14224849,6.46886149,6.66110705e-16,0,-9.06414683,8.84721233,-51.9225107,76.7670369,-2.22930267,-0.000572957781,0.000572957781,-10.552451,-11.0727714,55.87412,76.6681494,-4.22772872,-0.000572957781,0.000572957781,-2.9827022,-5.77141593,-7.38990695,14.5044173,-6.62905248,2.78411893,-8.43022075,-1.45359595,16.1167807,22.4953885,-11.7422316,0.358011889
167,0.06483701,-1.55524431,107.665753,2.09240197,-3.49158822,13.2025617,0.253447376,-1.72538604,6.47900219,2.77132056e-15,0,-9.09285155,8.63697996,-51.6142062,76.9213377,-2.2076245,-0.000572957781,0.000572957781,-10.5796966,-11.1190067,55.7613331,76.7355839,-4.26548515,-0.000572957781,0.000572957781,-3.07344468,-5.38144714,-7.63670474,14.571891,-6.67924711,2.6718334,-8.14141132,-1.16301484,15.7768405,21.8650236,-11.2584399,0.251108943
168,0.07399246,-1.62952055,107.710612,1.85201372,-3.50679538,13.3190748,0.288204741,-1.20195364,6.54851729,-2.28906997e-15,0,-9.08589244,8.388128,-51.4148159,76.9588901,-2.18276816,-0.000572957781,0.000572957781,-10.6701847,-11.3236502,56.0983142,76.7773232,-4.27551998,-0.000572957781,0.000572957781,-3.14046463,-5.04705303,-7.75474663,14.7155469,-6.77148241,2.58717192,-7.80377287,-0.91507342,15.5118616,21.2472005,-10.899049,0.175999261
169,0.0870863,-1.69831706,107.747424,1.63826458,-3.5083377,13.4026521,0.319049048,-0.752459476,6.56682348,-1.7887439e-15,0,-9.11373998,8.09866287,-51.1651281,77.1848601,-2.19021798,-0.000572957781,0.000572957781,-10.694408,-11.4921997,56.2361884,76.7935312,-4.32488304,-0.000572957833,0.000572957781,-3.18330294,-4.74050731,-7.85144418,14.7921834,-6.85137941,2.49799719,-7.50223112,-0.69751626,15.255038,20.6715692,-10.5814469,0.108124609
170,0.10311138,-1.80314916,107.781041,1.44626013,-3.47549622,13.5270415,0.520719322,-0.515041567,6.58623915,2.25433191e-15,0,-9.2076269,8.02076884,-51.2523598,77.3651156,-2.1945385,-0.000572957781,0.000572957781,-10.7835556,-11.4892704,56.359907,76.8911688,-4.37814827,-0.000572957781,0.000572957781,-3.30008295,-4.44684503,-7.95659323,14.9130811,-6.92754242,2.39950244,-7.24783475,-0.49288518,15.0195689,20.1009513,-10.2717388,0.13995906
171,0.12543258,-1.9045862,107.818937,1.28177253,-3.41047877,13.6700025,0.599180746,-0.234137364,6.52328572,-6.50535837e-15,0,-9.23036119,7.88159519,-51.3317881,77.4929562,-2.24967947,-0.000572957781,0.000572957781,-10.7871978,-11.6105131,56.5140746,76.8363292,-4.43916875,-0.000572957781,0.000572957833,-3.43834476,-4.19000473,-8.10922064,15.0010608,-6.97033355,2.2945489,-7.05796531,-0.313115802,14.7344341,19.5924386,-9.99465423,0.117251149
172,0.14912449,-1.99985175,107.836509,1.14760203,-3.31856056,13.7932222,0.623364578,0.0341885986,6.46675608,-6.21747193e-15,0,-9.21098992,7.67148748,-50.9787254,77.6109819,-2.28441141,-0.000572957781,0.000572957781,-10.8778293,-11.7127064,56.6229342,76.8627279,-4.5611269,-0.000572957781,0.000572957781,-3.60854902,-3.97517735,-8.24409382,15.097947,-7.0443489,2.18041025,-6.90889429,-0.174319234,14.4813551,19.1015222,-9.77545297,0.116342721
173,0.17160736,-2.13726355,107.858443,1.03698433,-3.27561136,13.9781389,0.688504466,0.210245389,6.42745902,2.83332266e-15,0,-9.13203037,7.58955594,-50.6841871,77.6302499,-2.25382241,-0.000572957781,0.000572957781,-10.9069814,-11.7992799,56.7554091,76.7928823,-4.68512557,-0.000572957781,0.000572957781,-3.7121092,-3.76568478,-8.41244006,15.1485844,-7.07132388,2.06441678,-6.71851387,-0.0437504966,14.1551846,18.6477586,-9.56229899,0.142344317
174,0.19136127,-2.25632048,107.882607,0.944209922,-3.25426422,14.1414421,0.657917438,0.366469744,6.47371263,8.76100442e-16,0,-9.16091865,7.52604457,-50.6555721,77.6258786,-2.29653115,-0.000572957781,0.000572957833,-11.0211335,-11.8970771,56.9339434,76.7074572,-4.83620893,-0.000572957781,0.000572957781,-3.75817669,-3.58330336,-8.59693713,15.141358,-7.07273858,1.95701291,-6.52843995,0.0610019936,13.836826,18.2407869,-9.35306554,0.151650223
175,0.2204137,-2.41038582,107.909966,0.84689699,-3.24693719,14.341674,0.861535783,0.355445953,6.48167279,-2.41488501e-15,0,-9.13626167,7.57557625,-50.6225242,77.6423461,-2.30724964,-0.000572957833,0.000572957781,-11.0220095,-11.8632036,56.7573557,76.5848826,-5.01493705,-0.000572957781,0.000572957781,-3.7827991,-3.37503553,-8.76992789,15.1173328,-7.06571971,1.78830766,-6.30871575,0.189507841,13.4884198,17.8186829,-9.11603833,0.11868629
176,0.24685748,-2.5519502,107.932293,0.767612813,-3.21237033,14.5564138,0.785762945,0.483658395,6.48804109,7.09996799e-17,0,-9.10905532,7.56933858,-50.5190776,77.5178728,-2.34542933,-0.000572957781,0.000572957781,-11.09948,-11.9459419,56.8958822,76.486965,-5.19684889,-0.000572957781,0.000572957781,-3.85724475,-3.20210175,-8.97107781,15.1218203,-7.05888183,1.62786748,-6.14630154,0.293972916,13.1593046,17.4446822,-8.90401987,0.100532354
177,0.26999135,-2.69019796,107.955408,0.67607571,-3.21629282,14.7472641,0.789640838,0.571639876,6.50569201,1.08289971e-15,0,-9.06460274,7.50845086,-50.3431285,77.4975325,-2.41526972,-0.000572957781,0.000572957781,-11.1166503,-12.009957,56.9445951,76.311074,-5.34771241,-0.000572957781,0.000572957781,-3.88606217,-3.01162933,-9.1353063,15.1278086,-7.05995503,1.51569582,-5.96001709,0.427685849,12.8668205,17.1076038,-8.6821591,0.0526843407
178,0.30354783,-2.85664691,107.978714,0.596438222,-3.22055407,14.9729157,0.884707947,0.539749349,6.55219364,-5.03573884e-15,0,-9.04171392,7.69864943,-50.4924637,77.3046138,-2.44953529,-0.000572957781,0.000572957833,-11.1372407,-11.9136983,56.743627,76.2367137,-5.49965167,-0.000572957833,0.000572957781,-3.91273619,-2.82082501,-9.30900569,15.1255034,-7.04911722,1.36844644,-5.77235679,0.566053635,12.5049289,16.7822153,-8.47760689,-0.0544148164
179,0.32100343,-2.98075831,108.001161,0.527650458,-3.22560891,15.1392195,0.765464796,0.733841661,6.612993,7.63556711e-16,0,-9.01967717,7.62699648,-50.4715838,77.127425,-2.56457083,-0.000572957781,0.000572957781,-11.2298666,-12.0411736,56.9169294,76.1397114,-5.61033574,-0.000572957781,0.000572957781,-3.93703758,-2.66534707,-9.44561972,15.1244362,-7.02513088,1.21126564,-5.61112633,0.674548842,12.2188712,16.4852029,-8.271126,-0.120226884
180,0.35111346,-3.15195607,108.021355,0.466714742,-3.24242384,15.3569505,0.806331793,0.695812288,6.65117077,-1.56369379e-15,0,-8.9673639,7.68690663,-50.2757282,77.0932741,-2.56120056,-0.000572957833,0.000572957833,-11.264482,-11.9744332,56.9715948,76.0859783,-5.66024479,-0.000572957781,0.000572957833,-3.96666865,-2.49703563,-9.60169979,15.1502902,-7.00592055,1.05542527,-5.46506445,0.811302409,11.905024,16.2647517,-8.09761103,-0.278272285
181,0.3703028,-3.30851084,108.035505,0.411101441,-3.25471082,15.5026083,0.91721191,0.68334746,6.71715381,-6.4825524e-15,0,-8.97355376,7.88589309,-50.668768,76.8371625,-2.63435466,-0.000572957781,0.000572957781,-11.2900081,-11.8607439,56.8005123,76.0866203,-5.69435176,-0.000572957781,0.000572957781,-3.99541094,-2.33630164,-9.70513874,15.1698519,-7.00326403,0.90983744,-5.35850154,0.94835309,11.7167088,16.079312,-7.9203864,-0.398340661
182,0.39989427,-3.46339835,108.055663,0.37210894,-3.27031418,15.6807031,0.909796352,0.695034767,6.74615565,-2.10060619e-15,0,-8.91123084,7.98257954,-50.7150015,76.6828343,-2.65571714,-0.000572957781,0.000572957833,-11.3446215,-11.7942349,56.7586944,76.1434816,-5.70265386,-0.000572957781,0.000572957781,-4.00532624,-2.20047735,-9.8472468,15.162424,-6.96791695,0.779705367,-5.24336291,1.06352406,11.4779015,15.9091105,-7.77045777,-0.567106658
183,0.429306,-3.60920361,108.066607,0.311599316,-3.26746271,15.8222613,0.982164554,0.753237531,6.75175469,-4.62236571e-15,0,-8.86522269,8.00340308,-50.7580829,76.6121282,-2.6309925,-0.000572957781,0.000572957781,-11.3558204,-11.7315637,56.6879541,76.1896742,-5.67757767,-0.000572957781,0.000572957833,-4.03368817,-2.03742195,-9.9501436,15.1629482,-6.97220972,0.652884549,-5.14823289,1.20668877,11.3250009,15.7255578,-7.62629638,-0.703528428
184,0.45277495,-3.77745522,108.079636,0.29042267,-3.27824445,15.9797485,0.979928628,0.710304242,6.8383457,2.45295449e-15,0,-8.88185505,8.19604857,-50.9098019,76.4317976,-2.62286052,-0.000572957833,0.000572957781,-11.4961415,-11.6049593,56.7496478,76.2781866,-5.58936706,-0.000572957781,0.000572957781,-4.04925844,-1.91267772,-10.0938098,15.1464721,-6.93459459,0.495007608,-5.0992536,1.32256443,11.186378,15.6533951,-7.50913046,-0.860377692
185,0.4663758,-3.91290343,108.089805,0.254396647,-3.28612453,16.0769366,1.04117611,0.836951104,6.90765077,-4.52254617e-16,0,-8.88519075,8.19108814,-50.9713932,76.3031783,-2.58019787,-0.000572957781,0.000572957781,-11.5797362,-11.5609199,56.6193961,76.4434021,-5.5163549,-0.000572957781,0.000572957781,-4.06782247,-1.78521252,-10.1485811,15.1457037,-6.92205564,0.368088286,-5.05749681,1.4449278,11.1305796,15.5779591,-7.39168109,-1.03458732
186,0.49929247,-4.05694327,108.092725,0.21636763,-3.28207318,16.1910841,1.07833938,0.878516967,6.8994729,-1.22271454e-15,0,-8.81845468,8.21806141,-50.9275912,76.2971131,-2.53090952,-0.000572957781,0.000572957833,-11.6251783,-11.4890714,56.6591751,76.5563666,-5.42141698,-0.000572957781,0.000572957781,-4.0905179,-1.64692979,-10.2119661,15.1432346,-6.93623213,0.228394029,-5.00783664,1.57396875,11.0550531,15.4800193,-7.29329136,-1.18224097
187,0.51732771,-4.20136383,108.09381,0.209079825,-3.28046526,16.3037088,1.20847892,0.884558856,6.96289932,3.93131517e-15,0,-8.87904272,8.30103199,-51.1002959,76.2411192,-2.44946528,-0.000572957781,0.000572957781,-11.7182166,-11.4044864,56.545111,76.6549808,-5.31380521,-0.000572957833,0.000572957833,-4.10009596,-1.54828446,-10.3063542,15.0984012,-6.92318604,0.137283067,-5.00329585,1.6653792,10.9567282,15.4583283,-7.2507205,-1.29216859
188,0.5477639,-4.33384372,108.094954,0.191149728,-3.27789831,16.4186233,1.09972566,1.0756787,6.90895064,4.67454722e-15,0,-8.74726703,8.13954583,-50.7759849,76.3068802,-2.33038029,-0.000572957781,0.000572957781,-11.7339576,-11.5012864,56.7039948,76.7286649,-5.24669305,-0.000572957781,0.000572957833,-4.12870848,-1.44679596,-10.370914,15.1104002,-6.93476022,0.00403920062,-4.95454068,1.75532372,10.8949739,15.3681852,-7.19731952,-1.36807846
189,0.56843348,-4.47927757,108.090031,0.180573096,-3.27843701,16.5521582,1.19610604,1.11340568,7.00991236,1.17695966e-15,0,-8.80163875,8.1535332,-50.9254943,76.2550459,-2.28045844,-0.000572957781,0.000572957781,-11.8827354,-11.4785393,56.6027373,76.8039473,-5.18807936,-0.000572957781,0.000572957833,-4.16557955,-1.35102134,-10.4864483,15.1236046,-6.9489572,-0.133230777,-4.94095927,1.84864769,10.7750512,15.3470936,-7.16813839,-1.49951179
190,0.59176442,-4.58467869,108.088017,0.174912376,-3.27244906,16.6482692,1.06535711,1.30810321,6.96854575,9.16205873e-16,0,-8.67908381,8.005161,-50.6772682,76.2627026,-2.24088197,-0.000572957781,0.000572957781,-11.8993737,-11.5667512,56.7450101,76.8857798,-5.14726215,-0.000572957781,0.000572957781,-4.17693303,-1.27745177,-10.5740028,15.096692,-6.94774356,-0.248036852,-4.93273658,1.91372061,10.6831672,15.3258141,-7.14693108,-1.55250563
191,0.61090682,-4.73086318,108.078969,0.13962618,-3.27290027,16.7852458,1.09313112,1.41641517,7.02786594,1.7286931e-15,0,-8.77915121,7.88990327,-50.6605649,76.483263,-2.19639119,-0.000572957781,0.000572957781,-11.9810756,-11.6083556,56.8695484,76.8747148,-5.07489629,-0.000572957781,0.000572957781,-4.22333221,-1.15316538,-10.6850429,15.1256195,-6.98484173,-0.378073489,-4.93175047,2.03495583,10.5684721,15.3237172,-7.11953904,-1.63618569
192,0.64326451,-4.87577549,108.083999,0.148766625,-3.2801514,16.91363,1.18923551,1.41535159,7.01041524,2.83774357e-15,0,-8.65107491,7.91119809,-50.6156735,76.4586334,-2.18320743,-0.000572957833,0.000572957781,-11.9884496,-11.5738785,56.8558812,76.8951986,-5.00220387,-0.000572957781,0.000572957781,-4.23785448,-1.07853372,-10.7982448,15.1197951,-6.96611975,-0.499237896,-4.90403356,2.1023651,10.4161333,15.2977454,-7.0857646,-1.7265063
193,0.66086166,-4.99933852,108.084285,0.135472168,-3.2876606,17.0387176,1.17802055,1.52538967,7.06955016,-2.27539492e-15,0,-8.71204374,7.76816966,-50.458265,76.6503705,-2.16628051,-0.000572957781,0.000572957781,-12.056556,-11.6479775,56.9242821,76.8672221,-4.95762408,-0.000572957781,0.000572957781,-4.24526609,-0.988530611,-10.9067543,15.0943885,-6.95609944,-0.645274865,-4.89804562,2.1860887,10.2525895,15.3031464,-7.04516297,-1.82179202
194,0.69025923,-5.16076429,108.076823,0.110913219,-3.30486612,17.1824069,1.35133425,1.50875634,7.09008726,-5.1277491e-15,0,-8.66215775,7.81060135,-50.5391447,76.6817142,-2.19831325,-0.000572957781,0.000572957781,-12.0260319,-11.6196484,56.8018578,76.7726923,-4.93550238,-0.000572957781,0.000572957781,-4.25977213,-0.862508498,-11.0122081,15.1015209,-6.98793324,-0.802499149,-4.86833643,2.30455342,10.1032892,15.2908128,-7.01011855,-1.94044436
195,0.70637875,-5.29158121,108.074725,0.0767999397,-3.3281524,17.3413684,1.32323795,1.64652596,7.16412224,-1.83284568e-15,0,-8.66708146,7.67372778,-50.2167256,76.8484254,-2.22249596,-0.000572957781,0.000572957781,-12.1022705,-11.6986353,56.9579071,76.7171424,-4.89117701,-0.000572957781,0.000572957781,-4.28844825,-0.753805023,-11.1564634,15.142111,-7.02084237,-0.930071875,-4.81984038,2.4093106,9.93544247,15.2473899,-6.95558931,-2.04028487
196,0.73390566,-5.43649501,108.076119,0.071400987,-3.35356651,17.4881994,1.46004344,1.6136832,7.21388273,5.39034878e-15,0,-8.61700081,7.6766178,-50.01628,76.890957,-2.21025733,-0.000572957781,0.000572957781,-12.1122946,-11.6688386,56.8642174,76.6678694,-4.90184449,-0.000572957833,0.000572957781,-4.29750124,-0.666667071,-11.2897324,15.1565296,-7.02317403,-1.050553,-4.78395628,2.49451678,9.7557769,15.2439679,-6.92277324,-2.17200336
197,0.75842366,-5.57989298,108.071995,0.0365454486,-3.36718061,17.6346277,1.46844083,1.73026813,7.20967448,1.82448312e-15,0,-8.54524967,7.61129473,-49.9616146,76.9538972,-2.25707977,-0.000572957781,0.000572957781,-12.103534,-11.7195912,57.0025902,76.6124356,-4.89802897,-0.000572957781,0.000572957781,-4.33757695,-0.545326145,-11.4056876,15.2016054,-7.0562552,-1.18673416,-4.76185336,2.61736968,9.58995784,15.2341495,-6.88767033,-2.30607485
198,0.77373889,-5.72877383,108.060849,0.0193614076,-3.39391648,17.7963891,1.54612836,1.73722222,7.32052504,-2.09336402e-15,0,-8.61478612,7.62484753,-49.9899018,77.0641706,-2.31789791,-0.000572957781,0.000572957781,-12.1633366,-11.7471536,57.0292894,76.4574449,-4.89889854,-0.000572957781,0.000572957781,-4.39604849,-0.453812069,-11.5650044,15.2980716,-7.10535487,-1.3338939,-4.71650901,2.71276864,9.4357612,15.2014876,-6.87375254,-2.43036316
199,0.80354698,-5.86709349,108.059335,-0.00948462408,-3.40729208,17.9449044,1.62677348,1.81492107,7.32002387,-1.61068677e-14,0,-8.5222806,7.57823832,-49.8428205,77.0792312,-2.39312326,-0.000572957781,0.000572957781,-12.1413323,-11.7320392,57.0283366,76.4576293,-4.91270321,-0.000572957781,0.000572957781,-4.42635276,-0.343102814,-11.7103115,15.3298507,-7.13696327,-1.45917493,-4.68349273,2.82585139,9.2754319,15.1773634,-6.83495536,-2.57554118
200,0.82233102,-5.99966092,108.056355,-0.0548502417,-3.43683006,18.1242182,1.55229464,1.97272,7.41008248,-2.76067379e-15,0,-8.53236623,7.45353102,-49.7224965,77.1923528,-2.48033389,-0.000572957781,0.000572957781,-12.2339983,-11.8762407,57.3406402,76.352581,-4.92331988,-0.000572957781,0.000572957781,-4.47710448,-0.228961201,-11.8425628,15.4214589,-7.19415971,-1.54186078,-4.63793281,2.95029744,9.074819,15.1609009,-6.80890758,-2.72417869
201,0.85073188,-6.15842795,108.0446,-0.0908384165,-3.43207939,18.3221374,1.78444124,1.92141268,7.3960379,-7.13465942e-16,0,-8.50598206,7.57131934,-49.8207214,77.2259846,-2.49813699,-0.000572957781,0.000572957833,-12.1703154,-11.763552,57.2082062,76.3247344,-4.93261534,-0.000572957781,0.000572957781,-4.60232191,-0.119512436,-12.0413588,15.5731131,-7.26397022,-1.67943071,-4.61587983,3.07173991,8.89117143,15.1132228,-6.78976896,-2.85189021
202,0.86653531,-6.30104063,108.033991,-0.132444372,-3.47467791,18.5044634,1.75548113,1.99478684,7.50992191,-6.78925804e-15,0,-8.49721893,7.54885826,-49.6884787,77.2525063,-2.56547007,-0.000572957833,0.000572957781,-12.2533184,-11.7399861,57.2188921,76.3441048,-5.00439252,-0.000572957781,0.000572957833,-4.64903058,-0.00888068416,-12.1965194,15.682046,-7.33653756,-1.79490883,-4.5554651,3.19446304,8.71003396,15.092056,-6.76209218,-2.99152787
203,0.89561213,-6.44782117,108.022547,-0.184119819,-3.48115767,18.7144181,1.9156512,2.05149193,7.52300941,-2.27986948e-15,0,-8.48921821,7.61409937,-49.9058222,77.1977213,-2.64210095,-0.000572957781,0.000572957781,-12.2229505,-11.7398973,57.197961,76.3078638,-5.10390453,-0.000572957781,0.000572957781,-4.76020472,0.109576138,-12.3930538,15.8324997,-7.42184492,-1.88753302,-4.52536147,3.33025232,8.51243744,15.0618256,-6.74001573,-3.13874044
204,0.91660004,-6.59295475,108.003688,-0.219452542,-3.50086497,18.9241971,1.96179361,2.0499276,7.56223945,2.47763726e-15,0,-8.48032616,7.69483989,-49.8873124,77.2535103,-2.63648589,-0.000572957781,0.000572957781,-12.2055771,-11.6847973,57.2322519,76.2355731,-5.15350366,-0.000572957781,0.000572957781,-4.890021,0.196254107,-12.6131285,16.0432486,-7.50889312,-2.02367705,-4.48895229,3.43810976,8.32446893,15.0423493,-6.75522059,-3.21309473
205,0.93525034,-6.75678632,107.989824,-0.264781198,-3.5293368,19.1736197,2.03551441,2.10626791,7.65056661,3.04038819e-15,0,-8.50128716,7.7210533,-49.9230616,77.2619866,-2.6455186,-0.000572957781,0.000572957781,-12.2872123,-11.6271617,57.3211127,76.3084307,-5.20985357,-0.000572957781,0.000572957781,-5.00833695,0.302063195,-12.8251043,16.2265641,-7.58176099,-2.11488526,-4.44551357,3.56687548,8.08459098,15.0227245,-6.748889,-3.34812159
206,0.95303525,-6.87412327,107.973289,-0.304581339,-3.51906227,19.3618869,1.97685418,2.37694852,7.63638884,-2.84394933e-15,0,-8.45458745,7.59306068,-49.8271452,77.2120715,-2.638939,-0.000572957781,0.000572957781,-12.3209262,-11.7368161,57.5276986,76.4175498,-5.25758934,-0.000572957781,0.000572957781,-5.16682723,0.375627,-13.022162,16.4325967,-7.66754731,-2.1932254,-4.46572282,3.67019745,7.94280564,15.0424108,-6.75355402,-3.41922706
207,0.97726491,-7.0555695,107.948649,-0.36361748,-3.55252662,19.6146366,2.23688909,2.2331946,7.71356144,-5.33786699e-15,0,-8.52861304,7.79233999,-50.064566,77.330309,-2.60428091,-0.000572957781,0.000572957781,-12.2863825,-11.5524898,57.3550997,76.3428685,-5.30057129,-0.000572957781,0.000572957781,-5.31730825,0.499799253,-13.2307944,16.6953507,-7.79505243,-2.33213138,-4.41584323,3.82484745,7.73448999,15.0201017,-6.74819488,-3.52899994
208,0.98668021,-7.15574255,107.923198,-0.421975763,-3.52477008,19.8425009,1.99969668,2.61370102,7.69037636,-1.32327252e-14,0,-8.45833978,7.55531876,-49.8415433,77.306055,-2.56989624,-0.000572957781,0.000572957781,-12.336312,-11.7915028,57.8218953,76.3595,-5.32836718,-0.000572957781,0.000572957781,-5.51871259,0.569660242,-13.4845462,16.9324829,-7.9166759,-2.41504134,-4.44866058,3.93080716,7.54162167,15.0239932,-6.76018101,-3.58751972
209,0.99299569,-7.29431143,107.89901,-0.467900987,-3.52946216,20.089134,2.03144063,2.77611865,7.74671262,2.64191609e-15,0,-8.45806231,7.49539239,-49.7793134,77.2793557,-2.51786386,-0.000572957781,0.000572957781,-12.3941142,-11.817589,57.8465318,76.4470904,-5.39528382,-0.000572957781,0.000572957781,-5.70601474,0.640945325,-13.7228011,17.192626,-8.03107901,-2.47649383,-4.45830054,4.04106349,7.32692236,15.0437631,-6.78018877,-3.65214228
210,0.99513866,-7.40414566,107.868695,-0.555912291,-3.55438836,20.3298045,1.88165287,3.15164779,7.79034557,2.32641148e-15,0,-8.44153496,7.22396153,-49.5611367,77.3307734,-2.48122246,-0.000572957781,0.000572957833,-12.4461671,-12.0405162,58.1620046,76.4832016,-5.44607396,-0.000572957833,0.000572957833,-5.8851262,0.744168053,-13.9441889,17.4992537,-8.21026304,-2.58182431,-4.43035012,4.18393355,7.12061991,15.041224,-6.78696816,-3.69682025
211,1.00281947,-7.55387327,107.838976,-0.587329313,-3.54692636,20.5811867,2.09589776,3.15696637,7.85010034,-1.17418152e-14,0,-8.51660642,7.3351664,-49.7950775,77.323991,-2.45339968,-0.000572957781,0.000572957781,-12.4627935,-11.9747944,58.0660063,76.4649035,-5.48481394,-0.000572957833,0.000572957833,-6.07818961,0.801281775,-14.2138269,17.7374702,-8.32459273,-2.69984251,-4.46259459,4.28223107,6.87978702,15.0749856,-6.82200233,-3.77341058
212,1.01938397,-7.69455811,107.80201,-0.670895812,-3.55787569,20.8760536,2.02434534,3.3242488,7.86421663,-2.64018564e-15,0,-8.47709634,7.26753984,-49.6396292,77.3251931,-2.43852694,-0.000572957833,0.000572957781,-12.4719092,-12.0205532,58.229603,76.4585856,-5.54322956,-0.000572957781,0.000572957833,-6.30266975,0.898535504,-14.4475354,18.0895392,-8.51028935,-2.77044895,-4.44477548,4.43280814,6.5932021,15.075322,-6.85264384,-3.86533767
213,1.02270339,-7.83058187,107.772589,-0.727172725,-3.57147062,21.1270349,2.19115841,3.44786242,7.92055118,1.35885469e-14,0,-8.51167075,7.28748143,-49.8172654,77.2676283,-2.71435111,-0.000572957833,0.000572957781,-12.5138278,-12.0041685,58.2174726,76.5385329,-5.583374,-0.000572957833,0.000572957781,-6.5359459,0.955518492,-14.6707102,18.4609905,-8.65830894,-2.83991027,-4.44313795,4.54904729,6.37783599,15.0828574,-6.85803073,-3.89153016
214,1.03265774,-7.97420001,107.738817,-0.795366544,-3.59484066,21.4289994,2.2000955,3.49319993,7.97951279,3.56457958e-15,0,-8.51658337,7.30355799,-49.575224,77.3408616,-2.81985406,-0.000572957781,0.000572957781,-12.5544657,-11.9874524,58.3442136,76.4891643,-5.6298338,-0.000572957833,0.000572957833,-6.75844529,1.02211102,-14.8714067,18.8254084,-8.8231769,-2.89559018,-4.42147899,4.67810243,6.06851379,15.0901384,-6.87595314,-3.98142442
215,1.03823021,-8.10669815,107.703733,-0.847003796,-3.58745634,21.7273511,2.2546971,3.59154783,7.9772426,-1.04811131e-14,0,-8.51962707,7.31870223,-49.713385,77.2995048,-2.94356458,-0.000572957781,0.000572957781,-12.5517823,-11.9896278,58.413055,76.4766514,-5.65482076,-0.000572957781,0.000572957781,-7.005588,1.05897932,-15.0281954,19.1642199,-8.97994596,-2.93033898,-4.45479495,4.77829448,5.80164635,15.1282304,-6.91229317,-4.01770254
216,1.04046092,-8.24545851,107.666194,-0.913985428,-3.62594838,22.0608298,2.22739384,3.69899994,8.08541316,-2.74939535e-15,0,-8.56086604,7.30516309,-49.6875669,77.2887746,-3.10796531,-0.000572957781,0.000572957781,-12.5907127,-11.990485,58.3650729,76.4609693,-5.71830993,-0.000572957833,0.000572957781,-7.23579995,1.10821772,-15.1559166,19.5626761,-9.16582102,-3.01897136,-4.43427748,4.89612975,5.48582481,15.1671966,-6.95560468,-4.07965022
217,1.05058421,-8.36957103,107.629097,-0.972716312,-3.6509389,22.3794192,2.2555212,3.78767714,8.11569993,-9.98533064e-15,0,-8.56181459,7.30612444,-49.6084289,77.3306914,-3.13686619,-0.000572957781,0.000572957833,-12.61382,-11.9775854,58.4438524,76.4582099,-5.74948889,-0.000572957781,0.000572957833,-7.50309343,1.13962539,-15.107108,20.030737,-9.36783753,-3.06514814,-4.43228264,4.99999985,5.16577153,15.2242424,-7.00801443,-4.14525504
218,1.05364472,-8.50036299,107.593107,-0.956425552,-3.70977051,22.7317082,2.28464748,3.80763281,8.23787579,-4.76191892e-15,0,-8.62649136,7.32193803,-49.7844805,77.3283145,-3.31718233,-0.000572957781,0.000572957781,-12.6686707,-11.971743,58.3861031,76.4730178,-5.79765154,-0.000572957833,0.000572957781,-7.71834599,1.08360962,-15.0448509,20.4565156,-9.48705506,-3.14826108,-4.39974319,4.99999985,4.84459683,15.2988707,-7.11830149,-4.17682759
219,1.0558039,-8.61893153,107.567537,-0.946608661,-3.7747281,23.0837087,2.23576638,3.88784613,8.31636406,4.61746025e-15,0,-8.63840662,7.27690318,-49.7670054,77.3213477,-3.52602561,-0.000572957781,0.000572957781,-12.673206,-12.0586153,58.5934676,76.4057404,-5.78355489,-0.000572957781,0.000572957781,-7.96406717,1.02922605,-14.9550731,20.9531694,-9.62496768,-3.18382822,-4.35900154,4.99999985,4.51461588,15.3729168,-7.19193989,-4.22961812
220,1.06109716,-8.74277955,107.541978,-0.9319308,-3.81204731,23.4356299,2.21299645,3.89129495,8.37013216,4.62859972e-15,0,-8.63363146,7.24504632,-49.5668911,77.3565096,-3.7179964,-0.000572957781,0.000572957833,-12.6834325,-12.04026,58.5540779,76.4032815,-5.81836153,-0.000572957781,0.000572957781,-8.30173635,0.978103153,-14.6336752,21.5391074,-9.78471129,-3.22367384,-4.35490087,4.99999985,4.18348959,15.4536326,-7.27699624,-4.27479001
221,1.05751474,-8.86189645,107.519424,-0.92878637,-3.87199064,23.8225061,2.1452685,3.96591434,8.52046206,9.63132886e-15,0,-8.71725859,7.22805281,-49.5897347,77.3546517,-3.9474502,-0.000572957781,0.000572957781,-12.732358,-12.0604074,58.4395493,76.4020589,-5.88925335,-0.000572957781,0.000572957781,-8.62730586,0.942930774,-14.3492268,22.1425068,-9.98101008,-3.41051366,-4.3220357,4.99999985,3.80992178,15.5257354,-7.35562538,-4.31068777
222,1.06594097,-8.98556268,107.503188,-0.915312996,-3.91867664,24.1824165,2.1801966,4.02533101,8.55329734,6.95423451e-15,0,-8.73757414,7.20186416,-49.6886324,77.3618986,-4.18939215,-0.000572957781,0.000572957781,-12.7147702,-12.1104223,58.4753873,76.3777366,-5.93025369,-0.000572957781,0.000572957781,-8.99929674,0.927893045,-13.8437433,22.8042975,-10.2147374,-3.67566929,-4.2984263,4.99999985,3.44126872,15.5942508,-7.42411681,-4.37590242
223,1.07192621,-9.10119346,107.475924,-0.912840734,-3.97934965,24.570539,2.17883589,4.04249613,8.66478993,-8.91232309e-15,0,-8.79148909,7.17967117,-49.6269114,77.3674652,-4.43749963,-0.000572957781,0.000572957781,-12.7545356,-12.1227653,58.5100642,76.3472262,-5.95257475,-0.000572957781,0.000572957781,-9.35413787,0.936722879,-13.2669757,23.4907947,-10.5264579,-4.03568941,-4.25470754,4.99999985,3.05844665,15.6601911,-7.52351997,-4.41734801
224,1.08144079,-9.22027907,107.458496,-0.905622707,-4.02728427,24.9371161,2.23830251,4.0126943,8.75238455,-6.07633879e-15,0,-8.91676415,7.24770241,-49.7317685,77.4378025,-4.94215669,-0.000572957781,0.000572957781,-12.7627685,-12.0364821,58.2186474,76.4130487,-6.01602849,-0.000572957781,0.000572957781,-9.73140252,0.952597305,-12.6559785,24.199169,-10.8571159,-4.47379312,-4.21268224,4.99999985,2.72641579,15.6926499,-7.58537416,-4.4107748
225,1.09240376,-9.33092019,107.445693,-0.906015996,-4.05253352,25.3280046,2.19093814,4.10554944,8.75906191,4.71279262e-15,0,-8.89885625,7.23133472,-49.7267312,77.4109735,-5.26601779,-0.000572957833,0.000572957781,-12.7414071,-12.1232033,58.3414473,76.3619725,-6.04603906,-0.000572957833,0.000572957781,-10.1904988,0.973070904,-11.9761715,25.0480471,-11.1589001,-4.99127856,-4.18397666,4.99999985,2.35372502,15.7109821,-7.63519441,-4.44652871
226,1.09488611,-9.43996614,107.430005,-0.908576198,-4.11219453,25.7184716,2.13011061,4.21088505,8.85361905,2.38124174e-15,0,-8.94431884,7.15769631,-49.8219475,77.3609697,-5.79133148,-0.000572957781,0.000572957781,-12.7640646,-12.1910049,58.3282924,76.3593634,-6.06020658,-0.000572957781,0.000572957781,-10.5841807,1.01504957,-11.2473835,25.8830582,-11.4222645,-5.39798174,-4.11379946,4.99999985,1.97837454,15.7173342,-7.69336201,-4.478421
227,1.10498779,-9.56915623,107.432353,-0.898995959,-4.14962166,26.1067116,2.22159693,4.13571284,8.94257373,3.39919514e-15,0,-9.07024277,7.18714339,-49.8206224,77.492806,-6.35133144,-0.000572957781,0.000572957781,-12.7844339,-12.1379036,58.1042963,76.3339619,-6.09114861,-0.000572957781,0.000572957781,-11.1066287,1.03767318,-10.5122869,26.9461874,-11.6144814,-5.94533859,-4.0611848,4.99999985,1.62944899,15.6995467,-7.69947674,-4.5013969
228,1.1115823,-9.67774621,107.442451,-0.903991485,-4.21215451,26.5134734,2.06682677,4.27744908,8.96285597,-3.64651426e-15,0,-9.05872536,7.12881401,-49.7920995,77.4604309,-6.65227213,-0.000572957781,0.000572957781,-12.7189845,-12.2334869,58.1479822,76.3123102,-6.12597191,-0.000572957833,0.000572957781,-11.5435149,1.06675709,-9.82873784,27.9544224,-11.8199736,-6.13668805,-3.97319959,4.99999985,1.23333089,15.6781511,-7.68374254,-4.5387051
229,1.1137357,-9.78697172,107.448924,-0.904081414,-4.27255186,26.8609684,2.17679474,4.30633822,9.05677705,-1.20191047e-14,0,-9.11531177,7.11955398,-49.8387907,77.4480956,-7.09944078,-0.000572957781,0.000572957781,-12.7192551,-12.2821785,57.9799732,76.2558177,-6.16071452,-0.000572957781,0.000572957781,-12.0179868,1.09396568,-9.14000205,29.0887955,-12.1443359,-6.10145622,-3.90966602,4.99999985,0.927113976,15.6971134,-7.69291122,-4.61833785
230,1.12733469,-9.90613034,107.46038,-0.893181834,-4.3402807,27.1910593,2.31348646,4.19922293,9.13928147,-1.06399489e-14,0,-9.18685715,7.22520633,-49.9674476,77.4976622,-7.44281957,-0.000572957781,0.000572957781,-12.7025288,-12.2056915,57.8427684,76.2230943,-6.17424982,-0.000572957781,0.000572957781,-12.5053182,1.12744748,-8.42093937,30.2971926,-12.4597327,-5.92411207,-3.80392786,4.99999985,0.620230375,15.6603977,-7.68501381,-4.75547396
231,1.13122445,-10.00033474,107.472301,-0.842307409,-4.36934573,27.5219374,2.20602197,4.2518871,9.14952248,-5.56304061e-15,0,-9.08717908,7.21316727,-49.8734573,77.3323648,-7.74776788,-0.000572957781,0.000572957781,-12.688754,-12.2596389,57.88168,76.2480586,-6.1912587,-0.000572957781,0.000572957781,-12.9590067,1.10210566,-7.76880145,31.4067432,-12.8246372,-5.73269175,-3.77078864,4.93428874,0.32550822,15.6634594,-7.69538204,-4.76985364
232,1.15139895,-10.10057783,107.49743,-0.70557425,-4.44750312,27.8537652,2.16392794,4.16044325,9.20572555,-1.71387607e-16,0,-9.02306921,7.17221943,-49.6769391,77.3522817,-8.34469397,-0.000572957781,0.000572957781,-12.62158,-12.3218423,57.9119445,76.1526751,-6.1938896,-0.000572957781,0.000572957781,-13.3253302,0.997416153,-7.02324191,32.5027631,-13.1093545,-5.21449085,-3.65257599,4.76161515,0.0272299815,15.634875,-7.74023589,-4.76572351
233,1.15725007,-10.20702504,107.512486,-0.625030016,-4.49147796,28.1403131,2.31029783,4.03046475,9.32503273,-1.82496573e-16,0,-9.16323238,7.28498927,-49.955826,77.3394887,-9.02675581,-0.000572957781,0.000572957781,-12.6955151,-12.2650287,57.8141772,76.1733842,-6.18939662,-0.000572957781,0.000572957781,-13.7564364,1.01239486,-6.26764028,33.6535339,-13.3443873,-5.13946506,-3.62201815,4.67099861,-0.222363492,15.661453,-7.75281454,-4.760568
234,1.17409919,-10.29967594,107.541633,-0.493256021,-4.54288593,28.4489034,2.28657935,3.99240394,9.34205442,-1.11292032e-14,0,-9.0897976,7.2280161,-49.7290637,77.3093744,-9.53775983,-0.000572957781,0.000572957781,-12.6837492,-12.3282831,57.9181805,76.2192011,-6.17341952,-0.000572957781,0.000572957781,-14.1414695,0.967461078,-5.4777575,34.7518386,-13.4583857,-4.81875011,-3.53150086,4.5024385,-0.461116103,15.6139747,-7.74885388,-4.71917321
235,1.19321812,-10.39116094,107.570112,-0.381138916,-4.60803179,28.7580506,2.23418903,3.9367887,9.3973559,-2.76693586e-15,0,-9.08566534,7.18435497,-49.6918802,77.2750664,-10.1317788,-0.000572957781,0.000572957781,-12.6870713,-12.3675968,57.9993436,76.2219195,-6.16567494,-0.000572957781,0.000572957781,-14.4880812,0.955455953,-4.72968658,35.8348265,-13.549252,-4.64538753,-3.43763165,4.36123117,-0.750976951,15.5933765,-7.74579737,-4.69202577
236,1.21562723,-10.48482814,107.582903,-0.268627534,-4.6742949,29.0366722,2.29350047,3.85005128,9.44622675,-6.18242466e-15,0,-9.05241768,7.20772788,-49.8964682,77.2311892,-10.937041,-0.000572957781,0.000572957781,-12.6691258,-12.3672801,58.0015771,76.2456817,-6.13647716,-0.000572957833,0.000572957781,-14.7631739,0.956861585,-4.07517559,36.8120285,-13.684751,-4.28928794,-3.32951573,4.22573345,-0.968346014,15.5519907,-7.78281614,-4.68055191
237,1.23155341,-10.56108104,107.596076,-0.183234612,-4.74294926,29.2821309,2.40682996,3.83061811,9.4960453,-3.98639832e-15,0,-9.09344748,7.19931223,-49.9480396,77.2783176,-11.4178087,-0.000572957781,0.000572957781,-12.6545408,-12.349502,57.8202971,76.3659477,-6.17164367,-0.000572957781,0.000572957781,-15.0090624,1.01304192,-3.35513492,37.7712774,-13.8299916,-3.80707786,-3.22952624,4.12033552,-1.19326585,15.5291864,-7.80763364,-4.66023764
238,1.25545599,-10.63091164,107.625961,-0.0846219596,-4.76390179,29.55624,2.34330706,3.79429388,9.51138847,1.26732384e-14,0,-9.03034166,7.15580563,-49.608347,77.2765417,-11.6215788,-0.000572957833,0.000572957781,-12.6933858,-12.4191827,58.0137758,76.3344332,-6.18925105,-0.000572957781,0.000572957781,-15.2846742,1.04672574,-2.6976163,38.6648164,-13.8370839,-3.32199121,-3.19364769,3.99406197,-1.44202059,15.530146,-7.80711625,-4.64494101
239,1.28656626,-10.70837984,107.632065,0.0250517015,-4.7939155,29.8468039,2.38666873,3.71360245,9.50660221,1.40654822e-15,0,-8.99995671,7.18458463,-49.7137026,77.2420492,-12.0124466,-0.000572957781,0.000572957833,-12.6821766,-12.3990132,57.9616205,76.4429649,-6.2242468,-0.000572957781,0.000572957833,-15.5438679,1.06663148,-2.10627965,39.5490049,-13.831215,-3.04158975,-3.11612418,3.85624967,-1.71912244,15.4904831,-7.91248216,-4.67822922
240,1.31439642,-10.78220984,107.631624,0.139106827,-4.82002108,30.0830607,2.4726764,3.6483417,9.50319907,6.42198794e-17,0,-8.94162262,7.20236191,-49.8541074,77.1587414,-12.4202738,-0.000572957781,0.000572957781,-12.6691232,-12.4061106,57.9294845,76.5052426,-6.24366119,-0.000572957781,0.000572957781,-15.7691292,1.11001129,-1.47311204,40.3590653,-13.9076781,-2.62858934,-3.05351995,3.70967467,-1.94453437,15.4690432,-8.01652985,-4.61507985
241,1.35818944,-10.84645244,107.655549,0.205928321,-4.84540858,30.3499309,2.54560446,3.56265933,9.44272116,-1.15392269e-15,0,-8.8334384,7.28549897,-49.8092433,77.1297336,-12.5155942,-0.000572957781,0.000572957781,-12.6373791,-12.3289542,57.9328176,76.6124424,-6.27068099,-0.000572957781,0.000572957781,-15.9514646,1.21381757,-0.905883827,41.0912308,-13.8839723,-2.42244206,-2.99120088,3.62314514,-2.20438742,15.4544727,-8.02389877,-4.60424247
242,1.39186141,-10.88830614,107.68671,0.21756514,-4.87053409,30.5895815,2.5219671,3.59208485,9.41909468,-1.06301023e-14,0,-8.73144831,7.28885259,-49.6605125,77.0945991,-12.4214367,-0.000572957833,0.000572957781,-12.6091584,-12.3245376,57.9604799,76.6597551,-6.29007403,-0.000572957781,0.000572957781,-16.0606929,1.4039393,-0.281319003,41.6877283,-13.8695691,-2.22610934,-2.94935082,3.58971349,-2.43544973,15.4662052,-7.99172004,-4.45079928
243,1.43946,-10.95199514,107.706666,0.290073796,-4.87913512,30.8697134,2.54619869,3.52176421,9.39468615,6.13345874e-16,0,-8.7086628,7.35052066,-49.7816767,77.0853784,-12.4502438,-0.000572957781,0.000572957781,-12.6135793,-12.3124431,57.978655,76.7131809,-6.30225909,-0.000572957781,0.000572957781,-16.2371526,1.50752712,0.277685556,42.3304013,-13.8296338,-1.99839873,-2.89443183,3.50082733,-2.70684644,15.4344892,-8.01217134,-4.46534631
244,1.48438681,-11.00664224,107.717669,0.329200474,-4.87882426,31.1739354,2.53570154,3.4788988,9.36123273,9.0170281e-15,0,-8.63313713,7.40699182,-49.7127908,77.0149728,-12.4883443,-0.000572957781,0.000572957833,-12.6021746,-12.2619569,57.8871714,76.7479192,-6.31955697,-0.000572957781,0.000572957781,-16.3897646,1.63090595,0.762185985,42.905131,-13.902097,-1.63981551,-2.83897688,3.44692433,-3.00153282,15.3853409,-8.03686076,-4.48043804
245,1.52950203,-11.04490834,107.728446,0.369039857,-4.88031796,31.3993044,2.58399823,3.47825484,9.32056493,9.84440072e-15,0,-8.57771356,7.3771123,-49.6805694,77.0602843,-12.7166588,-0.000572957781,0.000572957781,-12.5855704,-12.2780497,57.9016241,76.7771524,-6.33505125,-0.000572957781,0.000572957781,-16.5014604,1.77546755,1.30231345,43.4168317,-13.9755258,-1.56105361,-2.79538789,3.39498715,-3.20862458,15.3666979,-8.07278329,-4.51739576
246,1.5892813,-11.08706074,107.741702,0.413093801,-4.87331141,31.6544314,2.62921579,3.40921208,9.23159574,1.44903176e-16,0,-8.49774485,7.45119168,-49.7072686,77.0717795,-12.9127527,-0.000572957781,0.000572957781,-12.5511206,-12.1915445,57.8136035,76.8767571,-6.3468423,-0.000572957781,0.000572957781,-16.5804994,1.89104139,1.76287439,43.8322985,-14.1159093,-1.3444014,-2.74285349,3.34081308,-3.44606864,15.3249911,-8.1017006,-4.53030781
247,1.63686751,-11.12320204,107.749796,0.44826757,-4.86740474,31.9152177,2.63628184,3.3897644,9.17196905,-8.07418824e-16,0,-8.43537498,7.4969881,-49.65595,77.0637745,-13.0449621,-0.000572957781,0.000572957781,-12.5302074,-12.1495439,57.7835506,76.9630497,-6.37884515,-0.000572957781,0.000572957781,-16.6736136,2.00584342,2.21979334,44.2346547,-14.2639861,-1.24700951,-2.6973734,3.28957065,-3.68729897,15.2921122,-8.13337646,-4.53367125
248,1.69712138,-11.15974564,107.760882,0.486099121,-4.84725202,32.1685012,2.63692473,3.35929301,9.09226671,-1.43168777e-15,0,-8.3644298,7.5508356,-49.6487065,77.0832678,-13.1421941,-0.000572957781,0.000572957781,-12.4830142,-12.1326221,57.7923069,76.9531391,-6.3730587,-0.000572957781,0.000572957781,-16.7635621,2.11544192,2.63120231,44.6088944,-14.3647092,-1.19241464,-2.66696006,3.24317936,-3.91684412,15.2652184,-8.15985369,-4.55107927
249,1.74654387,-11.18000674,107.764626,0.487140803,-4.82850353,32.4253296,2.62312668,3.3981809,9.01558333,8.77348609e-15,0,-8.28834747,7.51602298,-49.5292773,77.145163,-13.1520953,-0.000572957781,0.000572957781,-12.4666406,-12.1623616,57.897847,76.9632682,-6.35449979,-0.000572957781,0.000572957781,-16.8041112,2.24786947,3.04747011,44.8496961,-14.5105081,-1.07983797,-2.63657532,3.22963339,-4.14562601,15.2406041,-8.18978699,-4.58262962
250,1.79871517,-11.20423384,107.764733,0.487119157,-4.81096763,32.678722,2.68407246,3.38689145,8.93464815,-2.37634481e-15,0,-8.20904812,7.54552257,-49.5812482,77.1924484,-13.3022169,-0.000572957781,0.000572957781,-12.4268795,-12.1331813,57.8310546,76.9682406,-6.31537433,-0.000572957781,0.000572957781,-16.8318896,2.38244618,3.41964648,45.0662473,-14.6217326,-1.11045632,-2.60734126,3.22079598,-4.36506547,15.2209502,-8.22418724,-4.60337418
251,1.85449822,-11.23182404,107.767868,0.503350894,-4.78075178,32.9722878,2.65620016,3.36512321,8.85012541,-5.78477874e-15,0,-8.15858583,7.5547954,-49.6029238,77.2743287,-13.1694892,-0.000572957781,0.000572957833,-12.3952745,-12.1220729,57.8434104,76.9391577,-6.27870561,-0.000572957781,0.000572957781,-16.8807391,2.48339211,3.75044108,45.2286931,-14.6344624,-1.14776238,-2.58900967,3.18633746,-4.63069921,15.2013339,-8.25775164,-4.60225233
252,1.90479411,-11.25079324,107.772851,0.519659439,-4.75992827,33.225754,2.67092691,3.35508988,8.7921354,-1.13354495e-14,0,-8.11043556,7.58984708,-49.5671712,77.2935284,-13.1197509,-0.000572957781,0.000572957781,-12.3973987,-12.1170066,57.8220866,76.9452844,-6.26333854,-0.000572957781,0.000572957781,-16.8951269,2.59563944,4.11084924,45.356141,-14.6373003,-0.99622706,-2.57850292,3.15024397,-4.8434707,15.2127711,-8.29316788,-4.59963892
253,1.95144201,-11.25657344,107.761908,0.490405621,-4.7433128,33.455702,2.68513135,3.38410025,8.7380181,9.6011865e-16,0,-8.04929171,7.60307886,-49.5898064,77.3396663,-12.9347809,-0.000572957781,0.000572957781,-12.3906675,-12.0884538,57.8274346,76.9495601,-6.25242304,-0.000572957781,0.000572957781,-16.8401097,2.75239612,4.46604299,45.3771575,-14.7413343,-0.979057458,-2.56873127,3.16794462,-5.04263774,15.2404367,-8.34410743,-4.61389481
254,1.99990254,-11.26188124,107.75671,0.4877324,-4.7209473,33.6918867,2.71456755,3.3913283,8.66920992,-4.62772388e-15,0,-7.99293838,7.60196213,-49.5603102,77.4213622,-12.8568194,-0.000572957781,0.000572957833,-12.3586126,-12.0816459,57.7675612,76.9239947,-6.25598925,-0.000572957781,0.000572957781,-16.7906489,2.86799814,4.80008833,45.3653549,-14.7940975,-0.869923468,-2.56025863,3.15072592,-5.24270764,15.258132,-8.39533812,-4.59091677
255,2.044704281,-11.26878044,107.766378,0.511026777,-4.6976987,33.9144162,2.73566194,3.3727028,8.6158004,7.72684247e-15,0,-7.9690071,7.61099761,-49.6125407,77.4731487,-12.77602,-0.000572957781,0.000572957781,-12.3886441,-12.0620782,57.7409098,76.9558848,-6.26739311,-0.000572957781,0.000572957781,-16.7828608,2.96010516,5.13291747,45.3867573,-14.7152362,-0.752630497,-2.55837008,3.10304138,-5.43495441,15.2773898,-8.42669125,-4.57599879
256,2.093997602,-11.26779394,107.758415,0.488451767,-4.67396586,34.1786084,2.70703534,3.38391968,8.54409451,7.85438502e-16,0,-7.89606751,7.6025222,-49.6164476,77.5707726,-12.4525567,-0.000572957781,0.000572957781,-12.3786942,-12.0557748,57.7830725,76.9391645,-6.26482795,-0.000572957781,0.000572957781,-16.7169119,3.07102466,5.38305351,45.3018137,-14.7548017,-0.668017847,-2.54975145,3.10693651,-5.66036773,15.3023404,-8.48460015,-4.59344608
257,2.132716034,-11.26094694,107.754767,0.465453909,-4.64882167,34.4164514,2.71436157,3.41250808,8.48470004,-6.23795673e-15,0,-7.87045345,7.6011297,-49.5640327,77.6456861,-12.0702625,-0.000572957781,0.000572957781,-12.3728424,-12.0578196,57.7965553,76.9096376,-6.24573415,-0.000572957781,0.000572957781,-16.6318743,3.18077064,5.67927967,45.1517612,-14.7759856,-0.511997277,-2.54708917,3.10869998,-5.86346469,15.3207649,-8.51422354,-4.61332833
258,2.181873009,-11.26053414,107.759607,0.45757027,-4.62485879,34.6971808,2.67546258,3.40382883,8.43023868,-2.02715693e-15,0,-7.84072761,7.6554869,-49.751255,77.6659649,-11.6500633,-0.000572957781,0.000572957833,-12.3822015,-12.0441097,57.7928875,76.8912781,-6.2388442,-0.000572957781,0.000572957833,-16.584244,3.2642505,5.90429769,45.0161683,-14.7172494,-0.438280326,-2.54022355,3.09104245,-6.10028442,15.3443973,-8.52730164,-4.61286943
259,2.217133254,-11.24053384,107.749176,0.407680516,-4.60089299,34.9190381,2.68518514,3.46611183,8.37979602,-1.66030544e-14,0,-7.81743837,7.62776402,-49.7137231,77.7568611,-10.9510472,-0.000572957781,0.000572957833,-12.4227677,-12.015714,57.7982287,76.9529752,-6.21163187,-0.000572957781,0.000572957833,-16.4490592,3.41058986,6.24156774,44.7648481,-14.8721495,-0.390803547,-2.54048225,3.12084961,-6.29283556,15.3725565,-8.55525931,-4.63166611
260,2.25839266,-11.23471044,107.753217,0.40528144,-4.57568453,35.1586328,2.69942331,3.46344934,8.34257234,-1.37082388e-15,0,-7.79726541,7.59688217,-49.5389317,77.8755493,-10.1099145,-0.000572957781,0.000572957781,-12.4027766,-12.0109944,57.7129538,76.9040232,-6.21842321,-0.000572957781,0.000572957781,-16.3701876,3.50886881,6.56396931,44.56221,-14.8811654,-0.389970078,-2.53432035,3.09751341,-6.48911727,15.3859932,-8.57364874,-4.62920809
261,2.298689498,-11.21702644,107.748199,0.386484293,-4.55335426,35.349968,2.71951559,3.48211304,8.29558918,-8.26149106e-16,0,-7.77189553,7.60264429,-49.6510391,77.9189005,-9.25057086,-0.000572957781,0.000572957781,-12.4372417,-12.0088173,57.7638797,76.8893793,-6.19289367,-0.000572957781,0.000572957781,-16.2493803,3.63834956,6.93599691,44.3131472,-14.9712487,-0.341334675,-2.52992619,3.09750466,-6.64859536,15.4098732,-8.60479355,-4.64079423
262,2.337549351,-11.19105004,107.747984,0.364788153,-4.52396965,35.5566323,2.7634288,3.50168495,8.22891373,2.99527938e-15,0,-7.71098304,7.61483276,-49.5612084,77.9306074,-8.24199269,-0.000572957781,0.000572957781,-12.4267753,-12.0021177,57.7959543,76.8441293,-6.14221751,-0.000572957781,0.000572957781,-16.0871394,3.76010067,7.31943733,43.956987,-15.0624488,-0.262124998,-2.517485,3.09437131,-6.80464682,15.4061269,-8.62646745,-4.64534911
263,2.373214908,-11.16643704,107.749295,0.361828699,-4.49194365,35.7762422,2.76151314,3.51535792,8.1815199,1.93826065e-15,0,-7.67144137,7.59199603,-49.4353417,77.9651204,-7.38108149,-0.000572957781,0.000572957781,-12.4478883,-12.0259107,57.8797129,76.8224912,-6.11083663,-0.000572957833,0.000572957781,-15.9677938,3.87028614,7.757477,43.6413229,-15.1368313,-0.146858792,-2.50730332,3.06387772,-6.97371663,15.3998124,-8.65792645,-4.64062091
264,2.393773714,-11.13457094,107.734728,0.311688474,-4.45468204,36.0202898,2.75653287,3.56911556,8.16003212,-5.60572095e-15,0,-7.70610031,7.56828844,-49.4717773,78.0376024,-6.69243237,-0.000572957781,0.000572957781,-12.4813963,-12.0253847,57.7616599,76.8117337,-6.1086164,-0.000572957833,0.000572957781,-15.7882282,4.01981264,8.22218343,43.1935767,-15.2943952,0.125989136,-2.5117581,3.07999974,-7.17435728,15.4041444,-8.70161063,-4.62361545
265,2.428902829,-11.10407944,107.733202,0.296440933,-4.41848384,36.2413434,2.77657158,3.58407773,8.06626643,-3.87512944e-15,0,-7.63549238,7.5646488,-49.3514601,78.0318445,-6.0080901,-0.000572957781,0.000572957781,-12.4487156,-12.0290602,57.7641324,76.7777398,-6.09096676,-0.000572957781,0.000572957781,-15.6248569,4.18241725,8.78372231,42.7682677,-15.2724874,0.183840918,-2.50239668,3.06382137,-7.36106904,15.3930966,-8.72932071,-4.62791932
266,2.449394627,-11.05671234,107.71755,0.226890194,-4.38329708,36.4469647,2.79818293,3.66250111,7.99992481,5.51301164e-16,0,-7.58542965,7.5501355,-49.2655978,78.0200829,-5.34891879,-0.000572957781,0.000572957781,-12.4845032,-12.0374929,57.833855,76.8009625,-6.05850757,-0.000572957781,0.000572957781,-15.374609,4.3921207,9.38968816,42.2061465,-15.3706082,0.314284698,-2.50384298,3.10284715,-7.52850003,15.401286,-8.76153017,-4.63124989
267,2.484121923,-11.01136514,107.719851,0.187496877,-4.34478321,36.6561989,2.76907929,3.75672998,7.91798217,3.28304089e-15,0,-7.54033162,7.50334273,-49.2979354,78.009421,-4.79050643,-0.000572957833,0.000572957781,-12.5018681,-12.1033334,57.9366698,76.7850071,-6.03432016,-0.000572957833,0.000572957781,-15.1875472,4.59051465,10.0072653,41.7204791,-15.3251789,0.36936313,-2.46417025,3.1149987,-7.70916365,15.3308872,-8.75605492,-4.63567927
268,2.503387308,-10.95137454,107.706141,0.0951013214,-4.30140801,36.8802565,2.76432227,3.85577071,7.82222804,-5.19291285e-16,0,-7.50947197,7.48433432,-49.30899,78.0271522,-4.27261075,-0.000572957781,0.000572957781,-12.4833045,-12.1320509,58.015135,76.7324693,-5.98676924,-0.000572957781,0.000572957781,-14.9370329,4.8198946,10.6719896,41.1120766,-15.4540799,0.534558245,-2.45773728,3.17465357,-7.8930904,15.313781,-8.76660159,-4.63701756
269,2.527880672,-10.88674374,107.693768,0.0316065405,-4.25343146,37.0983625,2.74764466,3.91013517,7.72639195,-8.85922745e-15,0,-7.47091385,7.47028632,-49.2605845,78.0600873,-3.79206254,-0.000572957781,0.000572957833,-12.4853049,-12.1181148,57.9883402,76.7743452,-5.96644345,-0.000572957833,0.000572957781,-14.6522806,5.0000942,11.3557624,40.4254411,-15.5677343,0.685240436,-2.45160932,3.19677655,-8.075319,15.3006346,-8.79494773,-4.61021163
270,2.544147711,-10.83181654,107.686138,-0.0338383128,-4.21033687,37.3234352,2.75986002,3.96340125,7.64800614,3.65049118e-15,0,-7.44633797,7.46393937,-49.2191525,78.0661867,-3.33559076,-0.000572957781,0.000572957833,-12.4878978,-12.112053,57.9447226,76.7735666,-5.97284035,-0.000572957781,0.000572957833,-14.3816207,5.18727297,12.0683125,39.7264122,-15.6306472,0.787376417,-2.45312861,3.22106919,-8.24117904,15.2993557,-8.81446755,-4.58299888
271,2.556939148,-10.75519854,107.667458,-0.139203256,-4.16976794,37.5351421,2.7246679,4.10467988,7.5518994,-7.21361207e-16,0,-7.40022822,7.40673995,-49.2105738,78.0710156,-2.97196728,-0.000572957833,0.000572957781,-12.4906837,-12.1729476,58.0362472,76.7332206,-5.94267951,-0.000572957781,0.000572957781,-14.0611807,5.39822848,12.8190578,38.9539485,-15.7479796,0.975192318,-2.42706589,3.2865579,-8.41297708,15.2624385,-8.83432974,-4.54579569
272,2.579221785,-10.68394194,107.655036,-0.238650538,-4.09628694,37.7885897,2.64877255,4.24135409,7.41485763,1.20811172e-14,0,-7.34163971,7.34550731,-49.1659863,78.0694242,-2.68699151,-0.000572957781,0.000572957781,-12.50682,-12.2228668,58.1773384,76.7655001,-5.93541945,-0.000572957781,0.000572957781,-13.7739413,5.58186025,13.5458907,38.13283,-15.8315794,1.13084923,-2.42185723,3.35034119,-8.60776127,15.1986872,-8.84350183,-4.53703256
273,2.584856426,-10.60635304,107.632589,-0.347962459,-4.03810876,38.0025114,2.66846291,4.31720591,7.3262402,5.09807849e-16,0,-7.332769,7.37000719,-49.1224849,78.0372335,-2.448178,-0.000572957781,0.000572957781,-12.5328268,-12.216525,58.1666081,76.7687854,-5.91601915,-0.000572957781,0.000572957781,-13.4531308,5.77848091,14.3763307,37.2949571,-15.9531465,1.34240292,-2.43536243,3.41766829,-8.78441131,15.1932521,-8.86724613,-4.50665486
274,2.590756681,-10.50922874,107.591331,-0.502060974,-3.97718395,38.2530942,2.64360956,4.47610428,7.18372318,1.0640336e-15,0,-7.30693979,7.31804397,-49.1726697,78.070879,-2.27063961,-0.000572957781,0.000572957781,-12.4957568,-12.2432251,58.1151768,76.7843105,-5.91797045,-0.000572957781,0.000572957781,-13.0813798,5.97075074,15.1441703,36.3213682,-16.1323041,1.42844474,-2.43157125,3.52928681,-8.99302065,15.1711189,-8.92850183,-4.47823402
275,2.596435979,-10.42407754,107.567358,-0.610608855,-3.91961028,38.4475873,2.6655191,4.5627717,7.08502182,-2.02299953e-15,0,-7.30769623,7.31871077,-49.1954347,78.0796558,-2.12926494,-0.000572957781,0.000572957781,-12.4887285,-12.2838613,58.1186056,76.7208512,-5.91430776,-0.000572957781,0.000572957781,-12.6914716,6.11368013,16.0182348,35.3187955,-16.1857657,1.58274095,-2.45849201,3.5915299,-9.15407907,15.1981203,-8.96779249,-4.42427937
276,2.608196721,-10.32971294,107.529497,-0.760903712,-3.87259061,38.6687001,2.68000188,4.64420164,6.93427741,1.49402391e-15,0,-7.24557395,7.3653029,-49.2400905,78.0704283,-2.00574631,-0.000572957781,0.000572957781,-12.4534967,-12.2336935,58.0876033,76.7430425,-5.91234365,-0.000572957781,0.000572957781,-12.2793021,6.27660618,16.8102874,34.2866207,-16.2007152,1.54288477,-2.46120616,3.7032957,-9.35785179,15.2246061,-9.0378856,-4.42374491
277,2.618450116,-10.22942144,107.500756,-0.889959789,-3.80220782,38.890563,2.62327204,4.76832155,6.75971485,-6.77309404e-15,0,-7.15898338,7.34844173,-49.2303438,78.0163127,-1.91065641,-0.000572957781,0.000572957833,-12.4108832,-12.2503626,58.1214128,76.7606029,-5.90631516,-0.000572957781,0.000572957781,-11.8917162,6.37053537,17.5950181,33.1991043,-16.1152661,1.59751327,-2.49051642,3.7836072,-9.55863374,15.2500161,-9.09472388,-4.38329482
278,2.612099381,-10.11439493,107.458329,-1.0439573,-3.73758576,39.0729467,2.51260269,5.00971793,6.62628625,1.89435963e-15,0,-7.11362964,7.24148609,-49.0648995,77.9775855,-1.85578929,-0.000572957781,0.000572957781,-12.4253008,-12.3774878,58.2806108,76.7523998,-5.89693944,-0.000572957781,0.000572957781,-11.4630134,6.44431507,18.3333598,32.0244894,-16.054498,1.68533456,-2.52201491,3.88629994,-9.70890815,15.285294,-9.16697703,-4.34503551
279,2.59380611,-9.99174869,107.393968,-1.2624217,-3.68809514,39.246111,2.40265351,5.32626518,6.53947796,-5.38424937e-16,0,-7.09577467,7.10121705,-48.8921162,77.9667528,-1.80639699,-0.000572957781,0.000572957781,-12.4435332,-12.4910346,58.3476013,76.7470928,-5.88475439,-0.000572957781,0.000572957781,-11.0059568,6.54565843,19.0021634,30.8120898,-15.9553578,1.61045274,-2.55584398,4.06078566,-9.8338989,15.3562563,-9.26567156,-4.28436294
280,2.607222511,-9.88696298,107.357764,-1.41051505,-3.6309418,39.4341723,2.43412937,5.43255019,6.38284721,7.90634424e-15,0,-7.02933273,7.10940858,-48.9038847,77.9088874,-1.76755584,-0.000572957833,0.000572957781,-12.4061994,-12.4692975,58.2781656,76.7890506,-5.89627435,-0.000572957781,0.000572957781,-10.5756361,6.55453725,19.5978037,29.5945301,-15.6136622,1.53807322,-2.57951101,4.16694132,-9.98569046,15.4065111,-9.3380118,-4.24460612
281,2.609260338,-9.77776354,107.293713,-1.62253732,-3.5819099,39.6035113,2.4214329,5.62726564,6.25867779,-1.50813546e-15,0,-6.94121389,7.11191996,-48.7667584,77.8256274,-1.70638349,-0.000572957781,0.000572957781,-12.4123474,-12.468244,58.3339751,76.8281534,-5.86472016,-0.000572957833,0.000572957781,-10.1263804,6.59081921,20.0618212,28.3230562,-15.3020314,1.2732241,-2.60308221,4.35068707,-10.1097916,15.4697262,-9.44202875,-4.19869145
282,2.630352838,-9.67957234,107.255626,-1.77280586,-3.54496028,39.7592915,2.40562165,5.73510707,6.16343421,1.51447946e-14,0,-6.86448355,7.09644873,-48.6077208,77.7673523,-1.62687027,-0.000572957833,0.000572957833,-12.4127342,-12.4685616,58.3010946,76.8038516,-5.8669246,-0.000572957833,0.000572957833,-9.6996336,6.56438211,20.4717179,27.1110733,-14.671651,0.885122454,-2.58930529,4.47431904,-10.2249426,15.493584,-9.51612435,-4.16095466
283,2.656875089,-9.57400134,107.211912,-1.92089142,-3.51521353,39.9242739,2.41424498,5.84518496,6.04906526,7.57634808e-15,0,-6.79522927,7.07229675,-48.5528676,77.7321973,-1.53704592,-0.000572957781,0.000572957781,-12.4043339,-12.4818779,58.2897565,76.838631,-5.86985603,-0.000572957781,0.000572957781,-9.19804585,6.47539926,20.8198629,25.7546899,-13.9071292,0.50279381,-2.57992211,4.58831703,-10.3502936,15.5602928,-9.62152954,-4.10869517
284,2.720621209,-9.51802662,107.253754,-1.81402004,-3.5090811,40.0536299,2.40384901,5.66362915,5.99132327,2.45542409e-16,0,-6.78041118,7.08372963,-48.5227362,77.7532206,-1.49437431,-0.000572957781,0.000572957781,-12.4046318,-12.4316077,58.260011,76.8698722,-5.87229783,-0.000572957781,0.000572957781,-8.76345543,6.16276998,21.2139802,24.6523401,-12.5562996,0.65212309,-2.54456286,4.42161175,-10.4366469,15.6147055,-9.66124538,-4.0454489
285,2.785837584,-9.47269356,107.355905,-1.54715786,-3.48471094,40.2133788,2.37028759,5.37506518,5.90395405,-1.58361527e-15,0,-6.72860718,7.06422261,-48.602465,77.6918923,-1.51369809,-0.000572957833,0.000572957781,-12.4030378,-12.4427153,58.2928642,76.8789701,-5.87846549,-0.000572957833,0.000572957781,-8.49062865,5.66095299,21.4598397,23.945506,-11.6299484,1.5618728,-2.5126488,4.05396188,-10.5591053,15.6252359,-9.63140599,-3.95292289
286,2.808614195,-9.37096259,107.366371,-1.5203475,-3.44630094,40.3790132,2.37880185,5.30350998,5.76010984,-8.9089276e-16,0,-6.65374703,7.05996698,-48.6800662,77.6501872,-1.55825654,-0.000572957781,0.000572957781,-12.3754072,-12.4317007,58.2440215,76.9257159,-5.8730325,-0.000572957781,0.000572957781,-8.12723014,5.40007947,21.6010777,23.1472345,-11.6544807,2.02183909,-2.52757916,3.94186311,-10.6561043,15.7112161,-9.70506787,-3.87593769
287,2.80205205,-9.22985008,107.325375,-1.64588376,-3.39077085,40.5371734,2.16846959,5.47885631,5.62100834,2.22294876e-15,0,-6.55328861,6.95557479,-48.5202842,77.6162343,-1.59123301,-0.000572957781,0.000572957781,-12.3741513,-12.5152519,58.378023,76.9288987,-5.87145216,-0.000572957833,0.000572957781,-7.73913452,5.28544968,21.6235644,22.3500421,-11.9310248,1.8250052,-2.57165096,3.99178496,-10.7550421,15.820161,-9.82331723,-3.78797638
288,2.801742758,-9.11564982,107.309866,-1.67916368,-3.3498384,40.7168877,2.08218381,5.48156149,5.51941952,-3.0809087e-15,0,-6.51170727,6.91677164,-48.4169229,77.5996233,-1.58629767,-0.000572957781,0.000572957781,-12.3981526,-12.5426281,58.4470216,76.9249441,-5.85470241,-0.000572957781,0.000572957781,-7.43231389,5.09993833,21.5861333,21.7490555,-12.1682441,2.12698302,-2.59975633,3.93833489,-10.8513435,15.9179591,-9.92483177,-3.70848963
289,2.80405472,-9.0016537,107.279038,-1.77935862,-3.30279536,40.9649908,1.98621474,5.52234754,5.38707351,-6.18419113e-15,0,-6.46437961,6.90374134,-48.3576779,77.5988378,-1.54159664,-0.000572957781,0.000572957781,-12.3921505,-12.4829707,58.3099328,77.0412349,-5.87814532,-0.000572957781,0.000572957781,-7.15795117,5.00369328,21.4221882,21.1879008,-12.4798109,1.921729,-2.62176939,3.965239,-11.0408147,16.0087681,-10.0253312,-3.66301082
290,2.818437972,-8.90654927,107.288969,-1.72994804,-3.28662041,41.1664822,1.81208867,5.46254197,5.33630556,1.74275622e-14,0,-6.48387937,6.83217889,-48.3362447,77.6231192,-1.552302,-0.000572957781,0.000572957781,-12.4227959,-12.5214648,58.4215928,77.0260445,-5.85371715,-0.000572957781,0.000572957781,-6.89405912,4.77150697,21.3896458,20.6937622,-12.4511138,1.89649508,-2.62004584,3.81925993,-11.1533207,16.1125068,-10.1163776,-3.59230726
291,2.865540147,-8.84868061,107.347441,-1.54604621,-3.26707607,41.3694391,1.80973226,5.13584378,5.2594702,1.27604128e-15,0,-6.50068292,6.88821163,-48.562143,77.6168149,-1.56797782,-0.000572957781,0.000572957781,-12.4175853,-12.428809,58.3013814,77.0730226,-5.83694946,-0.000572957781,0.000572957781,-6.70605859,4.41371691,21.3310974,20.2773119,-12.0034334,2.08425506,-2.58716723,3.54033336,-11.2348723,16.1423735,-10.1494571,-3.51435751
292,2.918215566,-8.77492657,107.402897,-1.36994212,-3.24066406,41.5836898,1.67156532,4.91127143,5.13905482,9.73569263e-15,0,-6.44633852,6.83698137,-48.6369779,77.701721,-1.5805491,-0.000572957781,0.000572957833,-12.394822,-12.3486815,58.2209013,77.2161082,-5.83299265,-0.000572957781,0.000572957781,-6.52841562,4.04656009,21.1954704,19.8448927,-11.4974854,2.14628022,-2.54350396,3.26525368,-11.3571062,16.1572138,-10.1832042,-3.42000549
293,2.96938461,-8.73109481,107.447708,-1.19543555,-3.21653746,41.8695356,1.61829967,4.53742999,5.08992698,-1.38667072e-15,0,-6.51600474,6.88256007,-48.7266481,77.8734524,-1.56344855,-0.000572957781,0.000572957781,-12.4194995,-12.1730526,58.1125472,77.3136296,-5.80685394,-0.000572957781,0.000572957781,-6.40277471,3.68876618,20.9748962,19.487602,-11.1451398,2.37878541,-2.4993485,3.00013413,-11.5402663,16.167751,-10.2397419,-3.35806656
294,3.00924031,-8.66391963,107.481635,-1.07559674,-3.17369407,42.1663251,1.4514756,4.31800888,5.02882112,7.56057613e-15,0,-6.63618917,6.85098838,-48.8991957,78.0464748,-1.56151422,-0.000572957781,0.000572957781,-12.479752,-12.0316839,57.9692635,77.5545782,-5.79792091,-0.000572957781,0.000572957833,-6.27667662,3.3845741,20.7148829,19.1022837,-10.877317,2.37282842,-2.47323284,2.79024348,-11.7302412,16.1784215,-10.2905636,-3.32270731
295,3.053734848,-8.59696945,107.5284,-0.940418997,-3.11912595,42.471008,1.27164387,4.11784336,4.87496727,2.60895729e-16,0,-6.67281393,6.80323554,-49.1609798,78.2031115,-1.59066312,-0.000572957781,0.000572957781,-12.4429432,-11.9166754,58.0123073,77.7310157,-5.74035821,-0.000572957781,0.000572957781,-6.15968487,3.06181308,20.4363512,18.7066877,-10.5603493,2.41575296,-2.42995954,2.56577529,-11.9307482,16.13088,-10.3017498,-3.25035896
296,3.103242143,-8.54326418,107.576001,-0.79886608,-3.09504904,42.772403,1.2755454,3.77907537,4.79582885,-9.13671338e-15,0,-6.76818727,6.87704043,-49.4250588,78.3818985,-1.58255302,-0.000572957781,0.000572957781,-12.3962879,-11.6508385,57.6549655,77.9844088,-5.70239559,-0.000572957781,0.000572957833,-6.01360718,2.75351328,20.1493961,18.3278001,-10.2234681,2.32533705,-2.36041797,2.3403688,-12.1877554,16.1036326,-10.3225656,-3.19315549
297,3.137656049,-8.48573452,107.612634,-0.687766631,-3.06590449,43.0803286,1.2240461,3.49255085,4.7464436,-4.25768437e-15,0,-6.91531083,6.95990855,-49.7328169,78.5661019,-1.54179386,-0.000572957781,0.000572957833,-12.4192348,-11.4662228,57.5782966,78.1650605,-5.61497429,-0.000572957781,0.000572957833,-5.91802509,2.4915115,19.8368279,18.0270515,-9.91060619,2.23824125,-2.29603789,2.14657158,-12.4641228,16.0630067,-10.3530829,-3.15954498
298,3.165522664,-8.41496369,107.648349,-0.581363979,-3.03353934,43.3467432,1.18519022,3.23798778,4.72031257,-6.36668678e-16,0,-7.11649064,7.00500872,-49.9779934,78.7895447,-1.48618673,-0.000572957833,0.000572957781,-12.4613856,-11.2854234,57.4103286,78.3695086,-5.53238108,-0.000572957781,0.000572957833,-5.82220181,2.23719324,19.5675784,17.741483,-9.63961246,2.18567804,-2.25060539,1.95107897,-12.6972901,16.0475721,-10.3732252,-3.08239842
299,3.191793132,-8.33350128,107.677031,-0.516265483,-2.99559638,43.6045673,1.09609126,3.08913234,4.59614955,-5.02170189e-15,0,-7.17717388,7.07677479,-50.2468569,78.7845518,-1.45915231,-0.000572957781,0.000572957781,-12.4192911,-11.1878712,57.3930619,78.5193493,-5.45381982,-0.000572957833,0.000572957781,-5.70310678,2.02127154,19.3632311,17.4162789,-9.43424319,2.1700241,-2.19294365,1.80808213,-12.9237467,16.0020336,-10.3814308,-3.00436521
300,3.212023705,-8.24524021,107.701933,-0.452980217,-2.97497965,43.8228577,1.05576571,2.98505542,4.49928722,-3.37936267e-16,0,-7.20793961,7.09398559,-50.4011885,78.7890529,-1.44753053,-0.000572957781,0.000572957781,-12.3771036,-11.0764939,57.2671918,78.6786839,-5.40094989,-0.000572957781,0.000572957781,-5.55502956,1.8096646,19.2025526,17.0959942,-9.26285667,2.20073583,-2.13588638,1.66027214,-13.1176831,15.9952256,-10.4084126,-2.91501268
301,3.219797897,-8.15487361,107.724977,-0.405960553,-2.96466377,43.9933529,1.14360781,2.84217255,4.4860119,-2.30612838e-15,0,-7.38069473,7.17469623,-50.5942677,78.7955758,-1.38962205,-0.000572957781,-0.000572957833,-12.3585844,-11.0009972,57.0726953,78.7121314,-5.33809593,-0.000572957781,0.000572957781,-5.39033834,1.61937158,19.0765339,16.7694378,-9.10907069,2.25079919,-2.07880308,1.53394768,-13.2593233,15.9886532,-10.4210467,-2.83921914
302,3.221481006,-8.06599042,107.742131,-0.344236173,-2.96122244,44.1290009,1.19318079,2.72821426,4.4621613,-1.67274738e-15,0,-7.47054758,7.23012236,-50.5733195,78.7155464,-1.32955886,-0.000572957781,-0.000572957781,-12.3191819,-10.9613659,57.0326875,78.6504752,-5.26577618,-0.000572957781,0.000572957833,-5.2127833,1.41910253,18.9485277,16.4469265,-8.95594724,2.26283932,-2.03753614,1.38856903,-13.3675963,16.0164965,-10.4673913,-2.77203398
303,3.230967633,-7.97181955,107.762814,-0.296088382,-2.94511035,44.2582094,1.26502969,2.63152547,4.37056847,-2.14847902e-15,0,-7.49190558,7.31022511,-50.6448999,78.5332009,-1.30646524,-0.000572957781,-0.000572957781,-12.2226585,-10.9141454,56.9308732,78.6329558,-5.22463923,-0.000572957781,0.000572957781,-5.04370538,1.23311798,18.904058,16.1190893,-8.81653283,2.36280576,-1.99830823,1.26376738,-13.4679984,16.0282786,-10.4885888,-2.71128927
304,3.233010093,-7.8694061,107.781434,-0.253119366,-2.92174715,44.3788592,1.29039904,2.59207664,4.28544211,2.95119593e-16,0,-7.49617957,7.347938,-50.624382,78.3094644,-1.317334,-0.000572957781,0.000572957781,-12.12989,-10.9701769,57.0137029,78.4656571,-5.1380145,-0.000572957781,0.000572957781,-4.86593733,1.04018744,18.8500261,15.7529127,-8.68826188,2.50580089,-1.96081903,1.14151714,-13.5591942,16.0248242,-10.5046517,-2.62647924
305,3.22525774,-7.77980617,107.796776,-0.21541269,-2.89514196,44.5113848,1.33370222,2.51603678,4.2945459,2.08093362e-16,0,-7.61169258,7.44084821,-50.4681073,78.1062936,-1.25367162,-0.000572957781,0.000572957781,-12.1572706,-10.9675293,56.9231927,78.3735179,-5.09202385,-0.000572957781,0.000572957781,-4.73894405,0.865702145,18.817277,15.4574865,-8.56484207,2.65026665,-1.95540248,1.02222393,-13.6540707,16.055794,-10.522335,-2.55860871
306,3.217259787,-7.68504372,107.806563,-0.1852856,-2.88399879,44.6203341,1.36691178,2.47392547,4.26781894,-9.77524175e-16,0,-7.61812748,7.46524223,-50.2253179,77.9052948,-1.21309773,-0.000572957781,0.000572957781,-12.1014739,-11.0170823,56.966298,78.2133295,-5.06747444,-0.000572957781,0.000572957781,-4.60637605,0.712706067,18.8090262,15.2109713,-8.46683825,2.76650025,-1.93628713,0.91221061,-13.7454364,16.1004446,-10.5563084,-2.50461671
307,3.205559686,-7.59159183,107.815909,-0.158602431,-2.8637707,44.7421063,1.41295152,2.44371426,4.20636688,3.86331801e-16,0,-7.61308424,7.52684797,-50.1328269,77.6150459,-1.21901236,-0.000572957781,0.000572957781,-12.0307618,-11.0464658,57.0417989,78.0389957,-5.03707028,-0.000572957781,0.000572957781,-4.49101032,0.565084922,18.7309537,14.967277,-8.36087981,2.81778729,-1.92492724,0.806628372,-13.8359654,16.1370015,-10.5896585,-2.48309115
308,3.192998636,-7.48745432,107.826865,-0.143136374,-2.84630439,44.8632731,1.43110456,2.48132064,4.15399555,4.77104966e-15,0,-7.64623797,7.48968406,-49.994099,77.4426041,-1.20520748,-0.000572957781,0.000572957833,-12.0073138,-11.1861654,57.2763749,77.8653382,-5.01348179,-0.000572957781,0.000572957781,-4.3763784,0.42330036,18.681288,14.7375965,-8.29310128,2.98156455,-1.89551858,0.711574284,-13.9275548,16.1507797,-10.6089367,-2.41557495
309,3.177247503,-7.40753791,107.833695,-0.119815422,-2.83801294,45.0179969,1.47064464,2.37754147,4.19089351,-3.12917015e-15,0,-7.76330059,7.58969255,-49.8513173,77.2505938,-1.17070339,-0.000572957781,0.000572957781,-12.020128,-11.1505869,57.1862199,77.7337272,-5.03821562,-0.000572957781,0.000572957781,-4.28928196,0.286423182,18.6124106,14.5548411,-8.21312318,3.09765621,-1.87910414,0.607712186,-14.0347051,16.2005342,-10.6443333,-2.37040072
310,3.177247503,-7.40753791,107.833695,-0.119815422,-2.83801294,45.0179969,1.47064464,2.37754147,4.19089351,-3.12917015e-15,0,-7.76330059,7.58969255,-49.8513173,77.2505938,-1.17070339,-0.000572957781,0.000572957781,-12.020128,-11.1505869,57.1862199,77.7337272,-5.03821562,-0.000572957781,0.000572957781,-4.28928196,0.286423182,18.6124106,14.5548411,-8.21312318,3.09765621,-1.87910414,0.607712186,-14.0347051,16.2005342,-10.6443333,-2.37040072
311,3.177247503,-7.40753791,107.833695,-0.119815422,-2.83801294,45.0179969,1.47064464,2.37754147,4.19089351,-3.12917015e-15,0,-7.76330059,7.58969255,-49.8513173,77.2505938,-1.17070339,-0.000572957781,0.000572957781,-12.020128,-11.1505869,57.1862199,77.7337272,-5.03821562,-0.000572957781,0.000572957781,-4.28928196,0.286423182,18.6124106,14.5548411,-8.21312318,3.09765621,-1.87910414,0.607712186,-14.0347051,16.2005342,-10.6443333,-2.37040072
312,3.177247503,-7.40753791,107.833695,-0.119815422,-2.83801294,45.0179969,1.47064464,2.37754147,4.19089351,-3.12917015e-15,0,-7.76330059,7.58969255,-49.8513173,77.2505938,-1.17070339,-0.000572957781,0.000572957781,-12.020128,-11.1505869,57.1862199,77.7337272,-5.03821562,-0.000572957781,0.000572957781,-4.28928196,0.286423182,18.6124106,14.5548411,-8.21312318,3.09765621,-1.87910414,0.607712186,-14.0347051,16.2005342,-10.6443333,-2.37040072
313,3.177247503,-7.40753791,107.833695,-0.119815422,-2.83801294,45.0179969,1.47064464,2.37754147,4.19089351,-3.12917015e-15,0,-7.76330059,7.58969255,-49.8513173,77.2505938,-1.17070339,-0.000572957781,0.000572957781,-12.020128,-11.1505869,57.1862199,77.7337272,-5.03821562,-0.000572957781,0.000572957781,-4.28928196,0.286423182,18.6124106,14.5548411,-8.21312318,3.09765621,-1.87910414,0.607712186,-14.0347051,16.2005342,-10.6443333,-2.37040072
314,3.177247503,-7.40753791,107.833695,-0.119815422,-2.83801294,45.0179969,1.47064464,2.37754147,4.19089351,-3.12917015e-15,0,-7.76330059,7.58969255,-49.8513173,77.2505938,-1.17070339,-0.000572957781,0.000572957781,-12.020128,-11.1505869,57.1862199,77.7337272,-5.03821562,-0.000572957781,0.000572957781,-4.28928196,0.286423182,18.6124106,14.5548411,-8.21312318,3.09765621,-1.87910414,0.607712186,-14.0347051,16.2005342,-10.6443333,-2.37040072
315,3.177247503,-7.40753791,107.833695,-0.119815422,-2.83801294,45.0179969,1.47064464,2.37754147,4.19089351,-3.12917015e-15,0,-7.76330059,7.58969255,-49.8513173,77.2505938,-1.17070339,-0.000572957781,0.000572957781,-12.020128,-11.1505869,57.1862199,77.7337272,-5.03821562,-0.000572957781,0.000572957781,-4.28928196,0.286423182,18.6124106,14.5548411,-8.21312318,3.09765621,-1.87910414,0.607712186,-14.0347051,16.2005342,-10.6443333,-2.37040072
316,3.177247503,-7.40753791,107.833695,-0.119815422,-2.83801294,45.0179969,1.47064464,2.37754147,4.19089351,-3.12917015e-15,0,-7.76330059,7.58969255,-49.8513173,77.2505938,-1.17070339,-0.000572957781,0.000572957781,-12.020128,-11.1505869,57.1862199,77.7337272,-5.03821562,-0.000572957781,0.000572957781,-4.28928196,0.286423182,18.6124106,14.5548411,-8.21312318,3.09765621,-1.87910414,0.607712186,-14.0347051,16.2005342,-10.6443333,-2.37040072
317,3.177247503,-7.40753791,107.833695,-0.119815422,-2.83801294,45.0179969,1.47064464,2.37754147,4.19089351,-3.12917015e-15,0,-7.76330059,7.58969255,-49.8513173,77.2505938,-1.17070339,-0.000572957781,0.000572957781,-12.020128,-11.1505869,57.1862199,77.7337272,-5.03821562,-0.000572957781,0.000572957781,-4.28928196,0.286423182,18.6124106,14.5548411,-8.21312318,3.09765621,-1.87910414,0.607712186,-14.0347051,16.2005342,-10.6443333,-2.37040072
318,3.177247503,-7.40753791,107.833695,-0.119815422,-2.83801294,45.0179969,1.47064464,2.37754147,4.19089351,-3.12917015e-15,0,-7.76330059,7.58969255,-49.8513173,77.2505938,-1.17070339,-0.000572957781,0.000572957781,-12.020128,-11.1505869,57.1862199,77.7337272,-5.03821562,-0.000572957781,0.000572957781,-4.28928196,0.286423182,18.6124106,14.5548411,-8.21312318,3.09765621,-1.87910414,0.607712186,-14.0347051,16.2005342,-10.6443333,-2.37040072
319,3.177247503,-7.40753791,107.833695,-0.119815422,-2.83801294,45.0179969,1.47064464,2.37754147,4.19089351,-3.12917015e-15,0,-7.76330059,7.58969255,-49.8513173,77.2505938,-1.17070339,-0.000572957781,0.000572957781,-12.020128,-11.1505869,57.1862199,77.7337272,-5.03821562,-0.000572957781,0.000572957781,-4.28928196,0.286423182,18.6124106,14.5548411,-8.21312318,3.09765621,-1.87910414,0.607712186,-14.0347051,16.2005342,-10.6443333,-2.37040072
320,3.177247503,-7.40753791,107.833695,-0.119815422,-2.83801294,45.0179969,1.47064464,2.37754147,4.19089351,-3.12917015e-15,0,-7.76330059,7.58969255,-49.8513173,77.2505938,-1.17070339,-0.000572957781,0.000572957781,-12.020128,-11.1505869,57.1862199,77.7337272,-5.03821562,-0.000572957781,0.000572957781,-4.28928196,0.286423182,18.6124106,14.5548411,-8.21312318,3.09765621,-1.87910414,0.607712186,-14.0347051,16.2005342,-10.6443333,-2.37040072
321,3.177247503,-7.40753791,107.833695,-0.119815422,-2.83801294,45.0179969,1.47064464,2.37754147,4.19089351,-3.12917015e-15,0,-7.76330059,7.58969255,-49.8513173,77.2505938,-1.17070339,-0.000572957781,0.000572957781,-12.020128,-11.1505869,57.1862199,77.7337272,-5.03821562,-0.000572957781,0.000572957781,-4.28928196,0.286423182,18.6124106,14.5548411,-8.21312318,3.09765621,-1.87910414,0.607712186,-14.0347051,16.2005342,-10.6443333,-2.37040072
322,3.177247503,-7.40753791,107.833695,-0.119815422,-2.83801294,45.0179969,1.47064464,2.37754147,4.19089351,-3.12917015e-15,0,-7.76330059,7.58969255,-49.8513173,77.2505938,-1.17070339,-0.000572957781,0.000572957781,-12.020128,-11.1505869,57.1862199,77.7337272,-5.03821562,-0.000572957781,0.000572957781,-4.28928196,0.286423182,18.6124106,14.5548411,-8.21312318,3.09765621,-1.87910414,0.607712186,-14.0347051,16.2005342,-10.6443333,-2.37040072
323,3.177247503,-7.40753791,107.833695,-0.119815422,-2.83801294,45.0179969,1.47064464,2.37754147,4.19089351,-3.12917015e-15,0,-7.76330059,7.58969255,-49.8513173,77.2505938,-1.17070339,-0.000572957781,0.000572957781,-12.020128,-11.1505869,57.1862199,77.7337272,-5.03821562,-0.000572957781,0.000572957781,-4.28928196,0.286423182,18.6124106,14.5548411,-8.21312318,3.09765621,-1.87910414,0.607712186,-14.0347051,16.2005342,-10.6443333,-2.37040072
324,3.177247503,-7.40753791,107.833695,-0.119815422,-2.83801294,45.0179969,1.47064464,2.37754147,4.19089351,-3.12917015e-15,0,-7.76330059,7.58969255,-49.8513173,77.2505938,-1.17070339,-0.000572957781,0.000572957781,-12.020128,-11.1505869,57.1862199,77.7337272,-5.03821562,-0.000572957781,0.000572957781,-4.28928196,0.286423182,18.6124106,14.5548411,-8.21312318,3.09765621,-1.87910414,0.607712186,-14.0347051,16.2005342,-10.6443333,-2.37040072
325,3.177247503,-7.40753791,107.833695,-0.119815422,-2.83801294,45.0179969,1.47064464,2.37754147,4.19089351,-3.12917015e-15,0,-7.76330059,7.58969255,-49.8513173,77.2505938,-1.17070339,-0.000572957781,0.000572957781,-12.020128,-11.1505869,57.1862199,77.7337272,-5.03821562,-0.000572957781,0.000572957781,-4.28928196,0.286423182,18.6124106,14.5548411,-8.21312318,3.09765621,-1.87910414,0.607712186,-14.0347051,16.2005342,-10.6443333,-2.37040072
326,3.177247503,-7.40753791,107.833695,-0.119815422,-2.83801294,45.0179969,1.47064464,2.37754147,4.19089351,-3.12917015e-15,0,-7.76330059,7.58969255,-49.8513173,77.2505938,-1.17070339,-0.000572957781,0.000572957781,-12.020128,-11.1505869,57.1862199,77.7337272,-5.03821562,-0.000572957781,0.000572957781,-4.28928196,0.286423182,18.6124106,14.5548411,-8.21312318,3.09765621,-1.87910414,0.607712186,-14.0347051,16.2005342,-10.6443333,-2.37040072
327,3.177247503,-7.40753791,107.833695,-0.119815422,-2.83801294,45.0179969,1.47064464,2.37754147,4.19089351,-3.12917015e-15,0,-7.76330059,7.58969255,-49.8513173,77.2505938,-1.17070339,-0.000572957781,0.000572957781,-12.020128,-11.1505869,57.1862199,77.7337272,-5.03821562,-0.000572957781,0.000572957781,-4.28928196,0.286423182,18.6124106,14.5548411,-8.21312318,3.09765621,-1.87910414,0.607712186,-14.0347051,16.2005342,-10.6443333,-2.37040072
328,3.177247503,-7.40753791,107.833695,-0.119815422,-2.83801294,45.0179969,1.47064464,2.37754147,4.19089351,-3.12917015e-15,0,-7.76330059,7.58969255,-49.8513173,77.2505938,-1.17070339,-0.000572957781,0.000572957781,-12.020128,-11.1505869,57.1862199,77.7337272,-5.03821562,-0.000572957781,0.000572957781,-4.28928196,0.286423182,18.6124106,14.5548411,-8.21312318,3.09765621,-1.87910414,0.607712186,-14.0347051,16.2005342,-10.6443333,-2.37040072
329,3.177247503,-7.40753791,107.833695,-0.119815422,-2.83801294,45.0179969,1.47064464,2.37754147,4.19089351,-3.12917015e-15,0,-7.76330059,7.58969255,-49.8513173,77.2505938,-1.17070339,-0.000572957781,0.000572957781,-12.020128,-11.1505869,57.1862199,77.7337272,-5.03821562,-0.000572957781,0.000572957781,-4.28928196,0.286423182,18.6124106,14.5548411,-8.21312318,3.09765621,-1.87910414,0.607712186,-14.0347051,16.2005342,-10.6443333,-2.37040072
330,3.177247503,-7.40753791,107.833695,-0.119815422,-2.83801294,45.0179969,1.47064464,2.37754147,4.19089351,-3.12917015e-15,0,-7.76330059,7.58969255,-49.8513173,77.2505938,-1.17070339,-0.000572957781,0.000572957781,-12.020128,-11.1505869,57.1862199,77.7337272,-5.03821562,-0.000572957781,0.000572957781,-4.28928196,0.286423182,18.6124106,14.5548411,-8.21312318,3.09765621,-1.87910414,0.607712186,-14.0347051,16.2005342,-10.6443333,-2.37040072
331,3.177247503,-7.40753791,107.833695,-0.119815422,-2.83801294,45.0179969,1.47064464,2.37754147,4.19089351,-3.12917015e-15,0,-7.76330059,7.58969255,-49.8513173,77.2505938,-1.17070339,-0.000572957781,0.000572957781,-12.020128,-11.1505869,57.1862199,77.7337272,-5.03821562,-0.000572957781,0.000572957781,-4.28928196,0.286423182,18.6124106,14.5548411,-8.21312318,3.09765621,-1.87910414,0.607712186,-14.0347051,16.2005342,-10.6443333,-2.37040072
332,3.177247503,-7.40753791,107.833695,-0.119815422,-2.83801294,45.0179969,1.47064464,2.37754147,4.19089351,-3.12917015e-15,0,-7.76330059,7.58969255,-49.8513173,77.2505938,-1.17070339,-0.000572957781,0.000572957781,-12.020128,-11.1505869,57.1862199,77.7337272,-5.03821562,-0.000572957781,0.000572957781,-4.28928196,0.286423182,18.6124106,14.5548411,-8.21312318,3.09765621,-1.87910414,0.607712186,-14.0347051,16.2005342,-10.6443333,-2.37040072
333,3.177247503,-7.40753791,107.833695,-0.119815422,-2.83801294,45.0179969,1.47064464,2.37754147,4.19089351,-3.12917015e-15,0,-7.76330059,7.58969255,-49.8513173,77.2505938,-1.17070339,-0.000572957781,0.000572957781,-12.020128,-11.1505869,57.1862199,77.7337272,-5.03821562,-0.000572957781,0.000572957781,-4.28928196,0.286423182,18.6124106,14.5548411,-8.21312318,3.09765621,-1.87910414,0.607712186,-14.0347051,16.2005342,-10.6443333,-2.37040072
334,3.177247503,-7.40753791,107.833695,-0.119815422,-2.83801294,45.0179969,1.47064464,2.37754147,4.19089351,-3.12917015e-15,0,-7.76330059,7.58969255,-49.8513173,77.2505938,-1.17070339,-0.000572957781,0.000572957781,-12.020128,-11.1505869,57.1862199,77.7337272,-5.03821562,-0.000572957781,0.000572957781,-4.28928196,0.286423182,18.6124106,14.5548411,-8.21312318,3.09765621,-1.87910414,0.607712186,-14.0347051,16.2005342,-10.6443333,-2.37040072
335,3.177247503,-7.40753791,107.833695,-0.119815422,-2.83801294,45.0179969,1.47064464,2.37754147,4.19089351,-3.12917015e-15,0,-7.76330059,7.58969255,-49.8513173,77.2505938,-1.17070339,-0.000572957781,0.000572957781,-12.020128,-11.1505869,57.1862199,77.7337272,-5.03821562,-0.000572957781,0.000572957781,-4.28928196,0.286423182,18.6124106,14.5548411,-8.21312318,3.09765621,-1.87910414,0.607712186,-14.0347051,16.2005342,-10.6443333,-2.37040072
336,3.177247503,-7.40753791,107.833695,-0.119815422,-2.83801294,45.0179969,1.47064464,2.37754147,4.19089351,-3.12917015e-15,0,-7.76330059,7.58969255,-49.8513173,77.2505938,-1.17070339,-0.000572957781,0.000572957781,-12.020128,-11.1505869,57.1862199,77.7337272,-5.03821562,-0.000572957781,0.000572957781,-4.28928196,0.286423182,18.6124106,14.5548411,-8.21312318,3.09765621,-1.87910414,0.607712186,-14.0347051,16.2005342,-10.6443333,-2.37040072
337,3.177247503,-7.40753791,107.833695,-0.119815422,-2.83801294,45.0179969,1.47064464,2.37754147,4.19089351,-3.12917015e-15,0,-7.76330059,7.58969255,-49.8513173,77.2505938,-1.17070339,-0.000572957781,0.000572957781,-12.020128,-11.1505869,57.1862199,77.7337272,-5.03821562,-0.000572957781,0.000572957781,-4.28928196,0.286423182,18.6124106,14.5548411,-8.21312318,3.09765621,-1.87910414,0.607712186,-14.0347051,16.2005342,-10.6443333,-2.37040072
338,3.177247503,-7.40753791,107.833695,-0.119815422,-2.83801294,45.0179969,1.47064464,2.37754147,4.19089351,-3.12917015e-15,0,-7.76330059,7.58969255,-49.8513173,77.2505938,-1.17070339,-0.000572957781,0.000572957781,-12.020128,-11.1505869,57.1862199,77.7337272,-5.03821562,-0.000572957781,0.000572957781,-4.28928196,0.286423182,18.6124106,14.5548411,-8.21312318,3.09765621,-1.87910414,0.607712186,-14.0347051,16.2005342,-10.6443333,-2.37040072
339,3.177247503,-7.40753791,107.833695,-0.119815422,-2.83801294,45.0179969,1.47064464,2.37754147,4.19089351,-3.12917015e-15,0,-7.76330059,7.58969255,-49.8513173,77.2505938,-1.17070339,-0.000572957781,0.000572957781,-12.020128,-11.1505869,57.1862199,77.7337272,-5.03821562,-0.000572957781,0.000572957781,-4.28928196,0.286423182,18.6124106,14.5548411,-8.21312318,3.09765621,-1.87910414,0.607712186,-14.0347051,16.2005342,-10.6443333,-2.37040072
340,3.177247503,-7.40753791,107.833695,-0.119815422,-2.83801294,45.0179969,1.47064464,2.37754147,4.19089351,-3.12917015e-15,0,-7.76330059,7.58969255,-49.8513173,77.2505938,-1.17070339,-0.000572957781,0.000572957781,-12.020128,-11.1505869,57.1862199,77.7337272,-5.03821562,-0.000572957781,0.000572957781,-4.28928196,0.286423182,18.6124106,14.5548411,-8.21312318,3.09765621,-1.87910414,0.607712186,-14.0347051,16.2005342,-10.6443333,-2.37040072
341,3.177247503,-7.40753791,107.833695,-0.119815422,-2.83801294,45.0179969,1.47064464,2.37754147,4.19089351,-3.12917015e-15,0,-7.76330059,7.58969255,-49.8513173,77.2505938,-1.17070339,-0.000572957781,0.000572957781,-12.020128,-11.1505869,57.1862199,77.7337272,-5.03821562,-0.000572957781,0.000572957781,-4.28928196,0.286423182,18.6124106,14.5548411,-8.21312318,3.09765621,-1.87910414,0.607712186,-14.0347051,16.2005342,-10.6443333,-2.37040072
342,3.177247503,-7.40753791,107.833695,-0.119815422,-2.83801294,45.0179969,1.47064464,2.37754147,4.19089351,-3.12917015e-15,0,-7.76330059,7.58969255,-49.8513173,77.2505938,-1.17070339,-0.000572957781,0.000572957781,-12.020128,-11.1505869,57.1862199,77.7337272,-5.03821562,-0.000572957781,0.000572957781,-4.28928196,0.286423182,18.6124106,14.5548411,-8.21312318,3.09765621,-1.87910414,0.607712186,-14.0347051,16.2005342,-10.6443333,-2.37040072
343,3.177247503,-7.40753791,107.833695,-0.119815422,-2.83801294,45.0179969,1.47064464,2.37754147,4.19089351,-3.12917015e-15,0,-7.76330059,7.58969255,-49.8513173,77.2505938,-1.17070339,-0.000572957781,0.000572957781,-12.020128,-11.1505869,57.1862199,77.7337272,-5.03821562,-0.000572957781,0.000572957781,-4.28928196,0.286423182,18.6124106,14.5548411,-8.21312318,3.09765621,-1.87910414,0.607712186,-14.0347051,16.2005342,-10.6443333,-2.37040072
344,3.177247503,-7.40753791,107.833695,-0.119815422,-2.83801294,45.0179969,1.47064464,2.37754147,4.19089351,-3.12917015e-15,0,-7.76330059,7.58969255,-49.8513173,77.2505938,-1.17070339,-0.000572957781,0.000572957781,-12.020128,-11.1505869,57.1862199,77.7337272,-5.03821562,-0.000572957781,0.000572957781,-4.28928196,0.286423182,18.6124106,14.5548411,-8.21312318,3.09765621,-1.87910414,0.607712186,-14.0347051,16.2005342,-10.6443333,-2.37040072
345,3.177247503,-7.40753791,107.833695,-0.119815422,-2.83801294,45.0179969,1.47064464,2.37754147,4.19089351,-3.12917015e-15,0,-7.76330059,7.58969255,-49.8513173,77.2505938,-1.17070339,-0.000572957781,0.000572957781,-12.020128,-11.1505869,57.1862199,77.7337272,-5.03821562,-0.000572957781,0.000572957781,-4.28928196,0.286423182,18.6124106,14.5548411,-8.21312318,3.09765621,-1.87910414,0.607712186,-14.0347051,16.2005342,-10.6443333,-2.37040072
346,3.177247503,-7.40753791,107.833695,-0.119815422,-2.83801294,45.0179969,1.47064464,2.37754147,4.19089351,-3.12917015e-15,0,-7.76330059,7.58969255,-49.8513173,77.2505938,-1.17070339,-0.000572957781,0.000572957781,-12.020128,-11.1505869,57.1862199,77.7337272,-5.03821562,-0.000572957781,0.000572957781,-4.28928196,0.286423182,18.6124106,14.5548411,-8.21312318,3.09765621,-1.87910414,0.607712186,-14.0347051,16.2005342,-10.6443333,-2.37040072
347,3.177247503,-7.40753791,107.833695,-0.119815422,-2.83801294,45.0179969,1.47064464,2.37754147,4.19089351,-3.12917015e-15,0,-7.76330059,7.58969255,-49.8513173,77.2505938,-1.17070339,-0.000572957781,0.000572957781,-12.020128,-11.1505869,57.1862199,77.7337272,-5.03821562,-0.000572957781,0.000572957781,-4.28928196,0.286423182,18.6124106,14.5548411,-8.21312318,3.09765621,-1.87910414,0.607712186,-14.0347051,16.2005342,-10.6443333,-2.37040072
348,3.177247503,-7.40753791,107.833695,-0.119815422,-2.83801294,45.0179969,1.47064464,2.37754147,4.19089351,-3.12917015e-15,0,-7.76330059,7.58969255,-49.8513173,77.2505938,-1.17070339,-0.000572957781,0.000572957781,-12.020128,-11.1505869,57.1862199,77.7337272,-5.03821562,-0.000572957781,0.000572957781,-4.28928196,0.286423182,18.6124106,14.5548411,-8.21312318,3.09765621,-1.87910414,0.607712186,-14.0347051,16.2005342,-10.6443333,-2.37040072
349,3.177247503,-7.40753791,107.833695,-0.119815422,-2.83801294,45.0179969,1.47064464,2.37754147,4.19089351,-3.12917015e-15,0,-7.76330059,7.58969255,-49.8513173,77.2505938,-1.17070339,-0.000572957781,0.000572957781,-12.020128,-11.1505869,57.1862199,77.7337272,-5.03821562,-0.000572957781,0.000572957781,-4.28928196,0.286423182,18.6124106,14.5548411,-8.21312318,3.09765621,-1.87910414,0.607712186,-14.0347051,16.2005342,-10.6443333,-2.37040072
350,3.177247503,-7.40753791,107.833695,-0.119815422,-2.83801294,45.0179969,1.47064464,2.37754147,4.19089351,-3.12917015e-15,0,-7.76330059,7.58969255,-49.8513173,77.2505938,-1.17070339,-0.000572957781,0.000572957781,-12.020128,-11.1505869,57.1862199,77.7337272,-5.03821562,-0.000572957781,0.000572957781,-4.28928196,0.286423182,18.6124106,14.5548411,-8.21312318,3.09765621,-1.87910414,0.607712186,-14.0347051,16.2005342,-10.6443333,-2.37040072
351,3.177247503,-7.40753791,107.833695,-0.119815422,-2.83801294,45.0179969,1.47064464,2.37754147,4.19089351,-3.12917015e-15,0,-7.76330059,7.58969255,-49.8513173,77.2505938,-1.17070339,-0.000572957781,0.000572957781,-12.020128,-11.1505869,57.1862199,77.7337272,-5.03821562,-0.000572957781,0.000572957781,-4.28928196,0.286423182,18.6124106,14.5548411,-8.21312318,3.09765621,-1.87910414,0.607712186,-14.0347051,16.2005342,-10.6443333,-2.37040072
352,3.177247503,-7.40753791,107.833695,-0.119815422,-2.83801294,45.0179969,1.47064464,2.37754147,4.19089351,-3.12917015e-15,0,-7.76330059,7.58969255,-49.8513173,77.2505938,-1.17070339,-0.000572957781,0.000572957781,-12.020128,-11.1505869,57.1862199,77.7337272,-5.03821562,-0.000572957781,0.000572957781,-4.28928196,0.286423182,18.6124106,14.5548411,-8.21312318,3.09765621,-1.87910414,0.607712186,-14.0347051,16.2005342,-10.6443333,-2.37040072
353,3.177247503,-7.40753791,107.833695,-0.119815422,-2.83801294,45.0179969,1.47064464,2.37754147,4.19089351,-3.12917015e-15,0,-7.76330059,7.58969255,-49.8513173,77.2505938,-1.17070339,-0.000572957781,0.000572957781,-12.020128,-11.1505869,57.1862199,77.7337272,-5.03821562,-0.000572957781,0.000572957781,-4.28928196,0.286423182,18.6124106,14.5548411,-8.21312318,3.09765621,-1.87910414,0.607712186,-14.0347051,16.2005342,-10.6443333,-2.37040072
354,3.177247503,-7.40753791,107.833695,-0.119815422,-2.83801294,45.0179969,1.47064464,2.37754147,4.19089351,-3.12917015e-15,0,-7.76330059,7.58969255,-49.8513173,77.2505938,-1.17070339,-0.000572957781,0.000572957781,-12.020128,-11.1505869,57.1862199,77.7337272,-5.03821562,-0.000572957781,0.000572957781,-4.28928196,0.286423182,18.6124106,14.5548411,-8.21312318,3.09765621,-1.87910414,0.607712186,-14.0347051,16.2005342,-10.6443333,-2.37040072
355,3.177247503,-7.40753791,107.833695,-0.119815422,-2.83801294,45.0179969,1.47064464,2.37754147,4.19089351,-3.12917015e-15,0,-7.76330059,7.58969255,-49.8513173,77.2505938,-1.17070339,-0.000572957781,0.000572957781,-12.020128,-11.1505869,57.1862199,77.7337272,-5.03821562,-0.000572957781,0.000572957781,-4.28928196,0.286423182,18.6124106,14.5548411,-8.21312318,3.09765621,-1.87910414,0.607712186,-14.0347051,16.2005342,-10.6443333,-2.37040072
356,3.177247503,-7.40753791,107.833695,-0.119815422,-2.83801294,45.0179969,1.47064464,2.37754147,4.19089351,-3.12917015e-15,0,-7.76330059,7.58969255,-49.8513173,77.2505938,-1.17070339,-0.000572957781,0.000572957781,-12.020128,-11.1505869,57.1862199,77.7337272,-5.03821562,-0.000572957781,0.000572957781,-4.28928196,0.286423182,18.6124106,14.5548411,-8.21312318,3.09765621,-1.87910414,0.607712186,-14.0347051,16.2005342,-10.6443333,-2.37040072
357,3.177247503,-7.40753791,107.833695,-0.119815422,-2.83801294,45.0179969,1.47064464,2.37754147,4.19089351,-3.12917015e-15,0,-7.76330059,7.58969255,-49.8513173,77.2505938,-1.17070339,-0.000572957781,0.000572957781,-12.020128,-11.1505869,57.1862199,77.7337272,-5.03821562,-0.000572957781,0.000572957781,-4.28928196,0.286423182,18.6124106,14.5548411,-8.21312318,3.09765621,-1.87910414,0.607712186,-14.0347051,16.2005342,-10.6443333,-2.37040072
358,3.177247503,-7.40753791,107.833695,-0.119815422,-2.83801294,45.0179969,1.47064464,2.37754147,4.19089351,-3.12917015e-15,0,-7.76330059,7.58969255,-49.8513173,77.2505938,-1.17070339,-0.000572957781,0.000572957781,-12.020128,-11.1505869,57.1862199,77.7337272,-5.03821562,-0.000572957781,0.000572957781,-4.28928196,0.286423182,18.6124106,14.5548411,-8.21312318,3.09765621,-1.87910414,0.607712186,-14.0347051,16.2005342,-10.6443333,-2.37040072
359,3.177247503,-7.40753791,107.833695,-0.119815422,-2.83801294,45.0179969,1.47064464,2.37754147,4.19089351,-3.12917015e-15,0,-7.76330059,7.58969255,-49.8513173,77.2505938,-1.17070339,-0.000572957781,0.000572957781,-12.020128,-11.1505869,57.1862199,77.7337272,-5.03821562,-0.000572957781,0.000572957781,-4.28928196,0.286423182,18.6124106,14.5548411,-8.21312318,3.09765621,-1.87910414,0.607712186,-14.0347051,16.2005342,-10.6443333,-2.37040072
360,3.177247503,-7.40753791,107.833695,-0.119815422,-2.83801294,45.0179969,1.47064464,2.37754147,4.19089351,-3.12917015e-15,0,-7.76330059,7.58969255,-49.8513173,77.2505938,-1.17070339,-0.000572957781,0.000572957781,-12.020128,-11.1505869,57.1862199,77.7337272,-5.03821562,-0.000572957781,0.000572957781,-4.28928196,0.286423182,18.6124106,14.5548411,-8.21312318,3.09765621,-1.87910414,0.607712186,-14.0347051,16.2005342,-10.6443333,-2.37040072
361,3.177247503,-7.40753791,107.833695,-0.119815422,-2.83801294,45.0179969,1.47064464,2.37754147,4.19089351,-3.12917015e-15,0,-7.76330059,7.58969255,-49.8513173,77.2505938,-1.17070339,-0.000572957781,0.000572957781,-12.020128,-11.1505869,57.1862199,77.7337272,-5.03821562,-0.000572957781,0.000572957781,-4.28928196,0.286423182,18.6124106,14.5548411,-8.21312318,3.09765621,-1.87910414,0.607712186,-14.0347051,16.2005342,-10.6443333,-2.37040072
362,3.177247503,-7.40753791,107.833695,-0.119815422,-2.83801294,45.0179969,1.47064464,2.37754147,4.19089351,-3.12917015e-15,0,-7.76330059,7.58969255,-49.8513173,77.2505938,-1.17070339,-0.000572957781,0.000572957781,-12.020128,-11.1505869,57.1862199,77.7337272,-5.03821562,-0.000572957781,0.000572957781,-4.28928196,0.286423182,18.6124106,14.5548411,-8.21312318,3.09765621,-1.87910414,0.607712186,-14.0347051,16.2005342,-10.6443333,-2.37040072
363,3.177247503,-7.40753791,107.833695,-0.119815422,-2.83801294,45.0179969,1.47064464,2.37754147,4.19089351,-3.12917015e-15,0,-7.76330059,7.58969255,-49.8513173,77.2505938,-1.17070339,-0.000572957781,0.000572957781,-12.020128,-11.1505869,57.1862199,77.7337272,-5.03821562,-0.000572957781,0.000572957781,-4.28928196,0.286423182,18.6124106,14.5548411,-8.21312318,3.09765621,-1.87910414,0.607712186,-14.0347051,16.2005342,-10.6443333,-2.37040072
364,3.177247503,-7.40753791,107.833695,-0.119815422,-2.83801294,45.0179969,1.47064464,2.37754147,4.19089351,-3.12917015e-15,0,-7.76330059,7.58969255,-49.8513173,77.2505938,-1.17070339,-0.000572957781,0.000572957781,-12.020128,-11.1505869,57.1862199,77.7337272,-5.03821562,-0.000572957781,0.000572957781,-4.28928196,0.286423182,18.6124106,14.5548411,-8.21312318,3.09765621,-1.87910414,0.607712186,-14.0347051,16.2005342,-10.6443333,-2.37040072
365,3.177247503,-7.40753791,107.833695,-0.119815422,-2.83801294,45.0179969,1.47064464,2.37754147,4.19089351,-3.12917015e-15,0,-7.76330059,7.58969255,-49.8513173,77.2505938,-1.17070339,-0.000572957781,0.000572957781,-12.020128,-11.1505869,57.1862199,77.7337272,-5.03821562,-0.000572957781,0.000572957781,-4.28928196,0.286423182,18.6124106,14.5548411,-8.21312318,3.09765621,-1.87910414,0.607712186,-14.0347051,16.2005342,-10.6443333,-2.37040072
366,3.177247503,-7.40753791,107.833695,-0.119815422,-2.83801294,45.0179969,1.47064464,2.37754147,4.19089351,-3.12917015e-15,0,-7.76330059,7.58969255,-49.8513173,77.2505938,-1.17070339,-0.000572957781,0.000572957781,-12.020128,-11.1505869,57.1862199,77.7337272,-5.03821562,-0.000572957781,0.000572957781,-4.28928196,0.286423182,18.6124106,14.5548411,-8.21312318,3.09765621,-1.87910414,0.607712186,-14.0347051,16.2005342,-10.6443333,-2.37040072
367,3.177247503,-7.40753791,107.833695,-0.119815422,-2.83801294,45.0179969,1.47064464,2.37754147,4.19089351,-3.12917015e-15,0,-7.76330059,7.58969255,-49.8513173,77.2505938,-1.17070339,-0.000572957781,0.000572957781,-12.020128,-11.1505869,57.1862199,77.7337272,-5.03821562,-0.000572957781,0.000572957781,-4.28928196,0.286423182,18.6124106,14.5548411,-8.21312318,3.09765621,-1.87910414,0.607712186,-14.0347051,16.2005342,-10.6443333,-2.37040072
368,3.177247503,-7.40753791,107.833695,-0.119815422,-2.83801294,45.0179969,1.47064464,2.37754147,4.19089351,-3.12917015e-15,0,-7.76330059,7.58969255,-49.8513173,77.2505938,-1.17070339,-0.000572957781,0.000572957781,-12.020128,-11.1505869,57.1862199,77.7337272,-5.03821562,-0.000572957781,0.000572957781,-4.28928196,0.286423182,18.6124106,14.5548411,-8.21312318,3.09765621,-1.87910414,0.607712186,-14.0347051,16.2005342,-10.6443333,-2.37040072
369,3.177247503,-7.40753791,107.833695,-0.119815422,-2.83801294,45.0179969,1.47064464,2.37754147,4.19089351,-3.12917015e-15,0,-7.76330059,7.58969255,-49.8513173,77.2505938,-1.17070339,-0.000572957781,0.000572957781,-12.020128,-11.1505869,57.1862199,77.7337272,-5.03821562,-0.000572957781,0.000572957781,-4.28928196,0.286423182,18.6124106,14.5548411,-8.21312318,3.09765621,-1.87910414,0.607712186,-14.0347051,16.2005342,-10.6443333,-2.37040072
370,3.177247503,-7.40753791,107.833695,-0.119815422,-2.83801294,45.0179969,1.47064464,2.37754147,4.19089351,-3.12917015e-15,0,-7.76330059,7.58969255,-49.8513173,77.2505938,-1.17070339,-0.000572957781,0.000572957781,-12.020128,-11.1505869,57.1862199,77.7337272,-5.03821562,-0.000572957781,0.000572957781,-4.28928196,0.286423182,18.6124106,14.5548411,-8.21312318,3.09765621,-1.87910414,0.607712186,-14.0347051,16.2005342,-10.6443333,-2.37040072
371,3.177247503,-7.40753791,107.833695,-0.119815422,-2.83801294,45.0179969,1.47064464,2.37754147,4.19089351,-3.12917015e-15,0,-7.76330059,7.58969255,-49.8513173,77.2505938,-1.17070339,-0.000572957781,0.000572957781,-12.020128,-11.1505869,57.1862199,77.7337272,-5.03821562,-0.000572957781,0.000572957781,-4.28928196,0.286423182,18.6124106,14.5548411,-8.21312318,3.09765621,-1.87910414,0.607712186,-14.0347051,16.2005342,-10.6443333,-2.37040072
372,3.177247503,-7.40753791,107.833695,-0.119815422,-2.83801294,45.0179969,1.47064464,2.37754147,4.19089351,-3.12917015e-15,0,-7.76330059,7.58969255,-49.8513173,77.2505938,-1.17070339,-0.000572957781,0.000572957781,-12.020128,-11.1505869,57.1862199,77.7337272,-5.03821562,-0.000572957781,0.000572957781,-4.28928196,0.286423182,18.6124106,14.5548411,-8.21312318,3.09765621,-1.87910414,0.607712186,-14.0347051,16.2005342,-10.6443333,-2.37040072
373,3.177247503,-7.40753791,107.833695,-0.119815422,-2.83801294,45.0179969,1.47064464,2.37754147,4.19089351,-3.12917015e-15,0,-7.76330059,7.58969255,-49.8513173,77.2505938,-1.17070339,-0.000572957781,0.000572957781,-12.020128,-11.1505869,57.1862199,77.7337272,-5.03821562,-0.000572957781,0.000572957781,-4.28928196,0.286423182,18.6124106,14.5548411,-8.21312318,3.09765621,-1.87910414,0.607712186,-14.0347051,16.2005342,-10.6443333,-2.37040072
374,3.177247503,-7.40753791,107.833695,-0.119815422,-2.83801294,45.0179969,1.47064464,2.37754147,4.19089351,-3.12917015e-15,0,-7.76330059,7.58969255,-49.8513173,77.2505938,-1.17070339,-0.000572957781,0.000572957781,-12.020128,-11.1505869,57.1862199,77.7337272,-5.03821562,-0.000572957781,0.000572957781,-4.28928196,0.286423182,18.6124106,14.5548411,-8.21312318,3.09765621,-1.87910414,0.607712186,-14.0347051,16.2005342,-10.6443333,-2.37040072
375,3.177247503,-7.40753791,107.833695,-0.119815422,-2.83801294,45.0179969,1.47064464,2.37754147,4.19089351,-3.12917015e-15,0,-7.76330059,7.58969255,-49.8513173,77.2505938,-1.17070339,-0.000572957781,0.000572957781,-12.020128,-11.1505869,57.1862199,77.7337272,-5.03821562,-0.000572957781,0.000572957781,-4.28928196,0.286423182,18.6124106,14.5548411,-8.21312318,3.09765621,-1.87910414,0.607712186,-14.0347051,16.2005342,-10.6443333,-2.37040072
376,3.177247503,-7.40753791,107.833695,-0.119815422,-2.83801294,45.0179969,1.47064464,2.37754147,4.19089351,-3.12917015e-15,0,-7.76330059,7.58969255,-49.8513173,77.2505938,-1.17070339,-0.000572957781,0.000572957781,-12.020128,-11.1505869,57.1862199,77.7337272,-5.03821562,-0.000572957781,0.000572957781,-4.28928196,0.286423182,18.6124106,14.5548411,-8.21312318,3.09765621,-1.87910414,0.607712186,-14.0347051,16.2005342,-10.6443333,-2.37040072
377,3.177247503,-7.40753791,107.833695,-0.119815422,-2.83801294,45.0179969,1.47064464,2.37754147,4.19089351,-3.12917015e-15,0,-7.76330059,7.58969255,-49.8513173,77.2505938,-1.17070339,-0.000572957781,0.000572957781,-12.020128,-11.1505869,57.1862199,77.7337272,-5.03821562,-0.000572957781,0.000572957781,-4.28928196,0.286423182,18.6124106,14.5548411,-8.21312318,3.09765621,-1.87910414,0.607712186,-14.0347051,16.2005342,-10.6443333,-2.37040072
378,3.177247503,-7.40753791,107.833695,-0.119815422,-2.83801294,45.0179969,1.47064464,2.37754147,4.19089351,-3.12917015e-15,0,-7.76330059,7.58969255,-49.8513173,77.2505938,-1.17070339,-0.000572957781,0.000572957781,-12.020128,-11.1505869,57.1862199,77.7337272,-5.03821562,-0.000572957781,0.000572957781,-4.28928196,0.286423182,18.6124106,14.5548411,-8.21312318,3.09765621,-1.87910414,0.607712186,-14.0347051,16.2005342,-10.6443333,-2.37040072
379,3.177247503,-7.40753791,107.833695,-0.119815422,-2.83801294,45.0179969,1.47064464,2.37754147,4.19089351,-3.12917015e-15,0,-7.76330059,7.58969255,-49.8513173,77.2505938,-1.17070339,-0.000572957781,0.000572957781,-12.020128,-11.1505869,57.1862199,77.7337272,-5.03821562,-0.000572957781,0.000572957781,-4.28928196,0.286423182,18.6124106,14.5548411,-8.21312318,3.09765621,-1.87910414,0.607712186,-14.0347051,16.2005342,-10.6443333,-2.37040072
380,3.177247503,-7.40753791,107.833695,-0.119815422,-2.83801294,45.0179969,1.47064464,2.37754147,4.19089351,-3.12917015e-15,0,-7.76330059,7.58969255,-49.8513173,77.2505938,-1.17070339,-0.000572957781,0.000572957781,-12.020128,-11.1505869,57.1862199,77.7337272,-5.03821562,-0.000572957781,0.000572957781,-4.28928196,0.286423182,18.6124106,14.5548411,-8.21312318,3.09765621,-1.87910414,0.607712186,-14.0347051,16.2005342,-10.6443333,-2.37040072
381,3.177247503,-7.40753791,107.833695,-0.119815422,-2.83801294,45.0179969,1.47064464,2.37754147,4.19089351,-3.12917015e-15,0,-7.76330059,7.58969255,-49.8513173,77.2505938,-1.17070339,-0.000572957781,0.000572957781,-12.020128,-11.1505869,57.1862199,77.7337272,-5.03821562,-0.000572957781,0.000572957781,-4.28928196,0.286423182,18.6124106,14.5548411,-8.21312318,3.09765621,-1.87910414,0.607712186,-14.0347051,16.2005342,-10.6443333,-2.37040072
382,3.177247503,-7.40753791,107.833695,-0.119815422,-2.83801294,45.0179969,1.47064464,2.37754147,4.19089351,-3.12917015e-15,0,-7.76330059,7.58969255,-49.8513173,77.2505938,-1.17070339,-0.000572957781,0.000572957781,-12.020128,-11.1505869,57.1862199,77.7337272,-5.03821562,-0.000572957781,0.000572957781,-4.28928196,0.286423182,18.6124106,14.5548411,-8.21312318,3.09765621,-1.87910414,0.607712186,-14.0347051,16.2005342,-10.6443333,-2.37040072
383,3.177247503,-7.40753791,107.833695,-0.119815422,-2.83801294,45.0179969,1.47064464,2.37754147,4.19089351,-3.12917015e-15,0,-7.76330059,7.58969255,-49.8513173,77.2505938,-1.17070339,-0.000572957781,0.000572957781,-12.020128,-11.1505869,57.1862199,77.7337272,-5.03821562,-0.000572957781,0.000572957781,-4.28928196,0.286423182,18.6124106,14.5548411,-8.21312318,3.09765621,-1.87910414,0.607712186,-14.0347051,16.2005342,-10.6443333,-2.37040072
384,3.177247503,-7.40753791,107.833695,-0.119815422,-2.83801294,45.0179969,1.47064464,2.37754147,4.19089351,-3.12917015e-15,0,-7.76330059,7.58969255,-49.8513173,77.2505938,-1.17070339,-0.000572957781,0.000572957781,-12.020128,-11.1505869,57.1862199,77.7337272,-5.03821562,-0.000572957781,0.000572957781,-4.28928196,0.286423182,18.6124106,14.5548411,-8.21312318,3.09765621,-1.87910414,0.607712186,-14.0347051,16.2005342,-10.6443333,-2.37040072
385,3.177247503,-7.40753791,107.833695,-0.119815422,-2.83801294,45.0179969,1.47064464,2.37754147,4.19089351,-3.12917015e-15,0,-7.76330059,7.58969255,-49.8513173,77.2505938,-1.17070339,-0.000572957781,0.000572957781,-12.020128,-11.1505869,57.1862199,77.7337272,-5.03821562,-0.000572957781,0.000572957781,-4.28928196,0.286423182,18.6124106,14.5548411,-8.21312318,3.09765621,-1.87910414,0.607712186,-14.0347051,16.2005342,-10.6443333,-2.37040072
386,3.177247503,-7.40753791,107.833695,-0.119815422,-2.83801294,45.0179969,1.47064464,2.37754147,4.19089351,-3.12917015e-15,0,-7.76330059,7.58969255,-49.8513173,77.2505938,-1.17070339,-0.000572957781,0.000572957781,-12.020128,-11.1505869,57.1862199,77.7337272,-5.03821562,-0.000572957781,0.000572957781,-4.28928196,0.286423182,18.6124106,14.5548411,-8.21312318,3.09765621,-1.87910414,0.607712186,-14.0347051,16.2005342,-10.6443333,-2.37040072
387,3.177247503,-7.40753791,107.833695,-0.119815422,-2.83801294,45.0179969,1.47064464,2.37754147,4.19089351,-3.12917015e-15,0,-7.76330059,7.58969255,-49.8513173,77.2505938,-1.17070339,-0.000572957781,0.000572957781,-12.020128,-11.1505869,57.1862199,77.7337272,-5.03821562,-0.000572957781,0.000572957781,-4.28928196,0.286423182,18.6124106,14.5548411,-8.21312318,3.09765621,-1.87910414,0.607712186,-14.0347051,16.2005342,-10.6443333,-2.37040072
388,3.177247503,-7.40753791,107.833695,-0.119815422,-2.83801294,45.0179969,1.47064464,2.37754147,4.19089351,-3.12917015e-15,0,-7.76330059,7.58969255,-49.8513173,77.2505938,-1.17070339,-0.000572957781,0.000572957781,-12.020128,-11.1505869,57.1862199,77.7337272,-5.03821562,-0.000572957781,0.000572957781,-4.28928196,0.286423182,18.6124106,14.5548411,-8.21312318,3.09765621,-1.87910414,0.607712186,-14.0347051,16.2005342,-10.6443333,-2.37040072
389,3.177247503,-7.40753791,107.833695,-0.119815422,-2.83801294,45.0179969,1.47064464,2.37754147,4.19089351,-3.12917015e-15,0,-7.76330059,7.58969255,-49.8513173,77.2505938,-1.17070339,-0.000572957781,0.000572957781,-12.020128,-11.1505869,57.1862199,77.7337272,-5.03821562,-0.000572957781,0.000572957781,-4.28928196,0.286423182,18.6124106,14.5548411,-8.21312318,3.09765621,-1.87910414,0.607712186,-14.0347051,16.2005342,-10.6443333,-2.37040072
390,3.177247503,-7.40753791,107.833695,-0.119815422,-2.83801294,45.0179969,1.47064464,2.37754147,4.19089351,-3.12917015e-15,0,-7.76330059,7.58969255,-49.8513173,77.2505938,-1.17070339,-0.000572957781,0.000572957781,-12.020128,-11.1505869,57.1862199,77.7337272,-5.03821562,-0.000572957781,0.000572957781,-4.28928196,0.286423182,18.6124106,14.5548411,-8.21312318,3.09765621,-1.87910414,0.607712186,-14.0347051,16.2005342,-10.6443333,-2.37040072
391,3.177247503,-7.40753791,107.833695,-0.119815422,-2.83801294,45.0179969,1.47064464,2.37754147,4.19089351,-3.12917015e-15,0,-7.76330059,7.58969255,-49.8513173,77.2505938,-1.17070339,-0.000572957781,0.000572957781,-12.020128,-11.1505869,57.1862199,77.7337272,-5.03821562,-0.000572957781,0.000572957781,-4.28928196,0.286423182,18.6124106,14.5548411,-8.21312318,3.09765621,-1.87910414,0.607712186,-14.0347051,16.2005342,-10.6443333,-2.37040072
392,3.177247503,-7.40753791,107.833695,-0.119815422,-2.83801294,45.0179969,1.47064464,2.37754147,4.19089351,-3.12917015e-15,0,-7.76330059,7.58969255,-49.8513173,77.2505938,-1.17070339,-0.000572957781,0.000572957781,-12.020128,-11.1505869,57.1862199,77.7337272,-5.03821562,-0.000572957781,0.000572957781,-4.28928196,0.286423182,18.6124106,14.5548411,-8.21312318,3.09765621,-1.87910414,0.607712186,-14.0347051,16.2005342,-10.6443333,-2.37040072
393,3.177247503,-7.40753791,107.833695,-0.119815422,-2.83801294,45.0179969,1.47064464,2.37754147,4.19089351,-3.12917015e-15,0,-7.76330059,7.58969255,-49.8513173,77.2505938,-1.17070339,-0.000572957781,0.000572957781,-12.020128,-11.1505869,57.1862199,77.7337272,-5.03821562,-0.000572957781,0.000572957781,-4.28928196,0.286423182,18.6124106,14.5548411,-8.21312318,3.09765621,-1.87910414,0.607712186,-14.0347051,16.2005342,-10.6443333,-2.37040072
394,3.177247503,-7.40753791,107.833695,-0.119815422,-2.83801294,45.0179969,1.47064464,2.37754147,4.19089351,-3.12917015e-15,0,-7.76330059,7.58969255,-49.8513173,77.2505938,-1.17070339,-0.000572957781,0.000572957781,-12.020128,-11.1505869,57.1862199,77.7337272,-5.03821562,-0.000572957781,0.000572957781,-4.28928196,0.286423182,18.6124106,14.5548411,-8.21312318,3.09765621,-1.87910414,0.607712186,-14.0347051,16.2005342,-10.6443333,-2.37040072
395,3.177247503,-7.40753791,107.833695,-0.119815422,-2.83801294,45.0179969,1.47064464,2.37754147,4.19089351,-3.12917015e-15,0,-7.76330059,7.58969255,-49.8513173,77.2505938,-1.17070339,-0.000572957781,0.000572957781,-12.020128,-11.1505869,57.1862199,77.7337272,-5.03821562,-0.000572957781,0.000572957781,-4.28928196,0.286423182,18.6124106,14.5548411,-8.21312318,3.09765621,-1.87910414,0.607712186,-14.0347051,16.2005342,-10.6443333,-2.37040072
396,3.177247503,-7.40753791,107.833695,-0.119815422,-2.83801294,45.0179969,1.47064464,2.37754147,4.19089351,-3.12917015e-15,0,-7.76330059,7.58969255,-49.8513173,77.2505938,-1.17070339,-0.000572957781,0.000572957781,-12.020128,-11.1505869,57.1862199,77.7337272,-5.03821562,-0.000572957781,0.000572957781,-4.28928196,0.286423182,18.6124106,14.5548411,-8.21312318,3.09765621,-1.87910414,0.607712186,-14.0347051,16.2005342,-10.6443333,-2.37040072
397,3.177247503,-7.40753791,107.833695,-0.119815422,-2.83801294,45.0179969,1.47064464,2.37754147,4.19089351,-3.12917015e-15,0,-7.76330059,7.58969255,-49.8513173,77.2505938,-1.17070339,-0.000572957781,0.000572957781,-12.020128,-11.1505869,57.1862199,77.7337272,-5.03821562,-0.000572957781,0.000572957781,-4.28928196,0.286423182,18.6124106,14.5548411,-8.21312318,3.09765621,-1.87910414,0.607712186,-14.0347051,16.2005342,-10.6443333,-2.37040072
398,3.177247503,-7.40753791,107.833695,-0.119815422,-2.83801294,45.0179969,1.47064464,2.37754147,4.19089351,-3.12917015e-15,0,-7.76330059,7.58969255,-49.8513173,77.2505938,-1.17070339,-0.000572957781,0.000572957781,-12.020128,-11.1505869,57.1862199,77.7337272,-5.03821562,-0.000572957781,0.000572957781,-4.28928196,0.286423182,18.6124106,14.5548411,-8.21312318,3.09765621,-1.87910414,0.607712186,-14.0347051,16.2005342,-10.6443333,-2.37040072
399,3.177247503,-7.40753791,107.833695,-0.119815422,-2.83801294,45.0179969,1.47064464,2.37754147,4.19089351,-3.12917015e-15,0,-7.76330059,7.58969255,-49.8513173,77.2505938,-1.17070339,-0.000572957781,0.000572957781,-12.020128,-11.1505869,57.1862199,77.7337272,-5.03821562,-0.000572957781,0.000572957781,-4.28928196,0.286423182,18.6124106,14.5548411,-8.21312318,3.09765621,-1.87910414,0.607712186,-14.0347051,16.2005342,-10.6443333,-2.37040072
400,3.177247503,-7.40753791,107.833695,-0.119815422,-2.83801294,45.0179969,1.47064464,2.37754147,4.19089351,-3.12917015e-15,0,-7.76330059,7.58969255,-49.8513173,77.2505938,-1.17070339,-0.000572957781,0.000572957781,-12.020128,-11.1505869,57.1862199,77.7337272,-5.03821562,-0.000572957781,0.000572957781,-4.28928196,0.286423182,18.6124106,14.5548411,-8.21312318,3.09765621,-1.87910414,0.607712186,-14.0347051,16.2005342,-10.6443333,-2.37040072
401,3.177247503,-7.40753791,107.833695,-0.119815422,-2.83801294,45.0179969,1.47064464,2.37754147,4.19089351,-3.12917015e-15,0,-7.76330059,7.58969255,-49.8513173,77.2505938,-1.17070339,-0.000572957781,0.000572957781,-12.020128,-11.1505869,57.1862199,77.7337272,-5.03821562,-0.000572957781,0.000572957781,-4.28928196,0.286423182,18.6124106,14.5548411,-8.21312318,3.09765621,-1.87910414,0.607712186,-14.0347051,16.2005342,-10.6443333,-2.37040072
402,3.177247503,-7.40753791,107.833695,-0.119815422,-2.83801294,45.0179969,1.47064464,2.37754147,4.19089351,-3.12917015e-15,0,-7.76330059,7.58969255,-49.8513173,77.2505938,-1.17070339,-0.000572957781,0.000572957781,-12.020128,-11.1505869,57.1862199,77.7337272,-5.03821562,-0.000572957781,0.000572957781,-4.28928196,0.286423182,18.6124106,14.5548411,-8.21312318,3.09765621,-1.87910414,0.607712186,-14.0347051,16.2005342,-10.6443333,-2.37040072
403,3.177247503,-7.40753791,107.833695,-0.119815422,-2.83801294,45.0179969,1.47064464,2.37754147,4.19089351,-3.12917015e-15,0,-7.76330059,7.58969255,-49.8513173,77.2505938,-1.17070339,-0.000572957781,0.000572957781,-12.020128,-11.1505869,57.1862199,77.7337272,-5.03821562,-0.000572957781,0.000572957781,-4.28928196,0.286423182,18.6124106,14.5548411,-8.21312318,3.09765621,-1.87910414,0.607712186,-14.0347051,16.2005342,-10.6443333,-2.37040072
404,3.177247503,-7.40753791,107.833695,-0.119815422,-2.83801294,45.0179969,1.47064464,2.37754147,4.19089351,-3.12917015e-15,0,-7.76330059,7.58969255,-49.8513173,77.2505938,-1.17070339,-0.000572957781,0.000572957781,-12.020128,-11.1505869,57.1862199,77.7337272,-5.03821562,-0.000572957781,0.000572957781,-4.28928196,0.286423182,18.6124106,14.5548411,-8.21312318,3.09765621,-1.87910414,0.607712186,-14.0347051,16.2005342,-10.6443333,-2.37040072
405,3.177247503,-7.40753791,107.833695,-0.119815422,-2.83801294,45.0179969,1.47064464,2.37754147,4.19089351,-3.12917015e-15,0,-7.76330059,7.58969255,-49.8513173,77.2505938,-1.17070339,-0.000572957781,0.000572957781,-12.020128,-11.1505869,57.1862199,77.7337272,-5.03821562,-0.000572957781,0.000572957781,-4.28928196,0.286423182,18.6124106,14.5548411,-8.21312318,3.09765621,-1.87910414,0.607712186,-14.0347051,16.2005342,-10.6443333,-2.37040072
406,3.177247503,-7.40753791,107.833695,-0.119815422,-2.83801294,45.0179969,1.47064464,2.37754147,4.19089351,-3.12917015e-15,0,-7.76330059,7.58969255,-49.8513173,77.2505938,-1.17070339,-0.000572957781,0.000572957781,-12.020128,-11.1505869,57.1862199,77.7337272,-5.03821562,-0.000572957781,0.000572957781,-4.28928196,0.286423182,18.6124106,14.5548411,-8.21312318,3.09765621,-1.87910414,0.607712186,-14.0347051,16.2005342,-10.6443333,-2.37040072
407,3.177247503,-7.40753791,107.833695,-0.119815422,-2.83801294,45.0179969,1.47064464,2.37754147,4.19089351,-3.12917015e-15,0,-7.76330059,7.58969255,-49.8513173,77.2505938,-1.17070339,-0.000572957781,0.000572957781,-12.020128,-11.1505869,57.1862199,77.7337272,-5.03821562,-0.000572957781,0.000572957781,-4.28928196,0.286423182,18.6124106,14.5548411,-8.21312318,3.09765621,-1.87910414,0.607712186,-14.0347051,16.2005342,-10.6443333,-2.37040072
408,3.177247503,-7.40753791,107.833695,-0.119815422,-2.83801294,45.0179969,1.47064464,2.37754147,4.19089351,-3.12917015e-15,0,-7.76330059,7.58969255,-49.8513173,77.2505938,-1.17070339,-0.000572957781,0.000572957781,-12.020128,-11.1505869,57.1862199,77.7337272,-5.03821562,-0.000572957781,0.000572957781,-4.28928196,0.286423182,18.6124106,14.5548411,-8.21312318,3.09765621,-1.87910414,0.607712186,-14.0347051,16.2005342,-10.6443333,-2.37040072
409,3.177247503,-7.40753791,107.833695,-0.119815422,-2.83801294,45.0179969,1.47064464,2.37754147,4.19089351,-3.12917015e-15,0,-7.76330059,7.58969255,-49.8513173,77.2505938,-1.17070339,-0.000572957781,0.000572957781,-12.020128,-11.1505869,57.1862199,77.7337272,-5.03821562,-0.000572957781,0.000572957781,-4.28928196,0.286423182,18.6124106,14.5548411,-8.21312318,3.09765621,-1.87910414,0.607712186,-14.0347051,16.2005342,-10.6443333,-2.37040072
410,3.177247503,-7.40753791,107.833695,-0.119815422,-2.83801294,45.0179969,1.47064464,2.37754147,4.19089351,-3.12917015e-15,0,-7.76330059,7.58969255,-49.8513173,77.2505938,-1.17070339,-0.000572957781,0.000572957781,-12.020128,-11.1505869,57.1862199,77.7337272,-5.03821562,-0.000572957781,0.000572957781,-4.28928196,0.286423182,18.6124106,14.5548411,-8.21312318,3.09765621,-1.87910414,0.607712186,-14.0347051,16.2005342,-10.6443333,-2.37040072
411,3.177247503,-7.40753791,107.833695,-0.119815422,-2.83801294,45.0179969,1.47064464,2.37754147,4.19089351,-3.12917015e-15,0,-7.76330059,7.58969255,-49.8513173,77.2505938,-1.17070339,-0.000572957781,0.000572957781,-12.020128,-11.1505869,57.1862199,77.7337272,-5.03821562,-0.000572957781,0.000572957781,-4.28928196,0.286423182,18.6124106,14.5548411,-8.21312318,3.09765621,-1.87910414,0.607712186,-14.0347051,16.2005342,-10.6443333,-2.37040072
412,3.177247503,-7.40753791,107.833695,-0.119815422,-2.83801294,45.0179969,1.47064464,2.37754147,4.19089351,-3.12917015e-15,0,-7.76330059,7.58969255,-49.8513173,77.2505938,-1.17070339,-0.000572957781,0.000572957781,-12.020128,-11.1505869,57.1862199,77.7337272,-5.03821562,-0.000572957781,0.000572957781,-4.28928196,0.286423182,18.6124106,14.5548411,-8.21312318,3.09765621,-1.87910414,0.607712186,-14.0347051,16.2005342,-10.6443333,-2.37040072
413,3.177247503,-7.40753791,107.833695,-0.119815422,-2.83801294,45.0179969,1.47064464,2.37754147,4.19089351,-3.12917015e-15,0,-7.76330059,7.58969255,-49.8513173,77.2505938,-1.17070339,-0.000572957781,0.000572957781,-12.020128,-11.1505869,57.1862199,77.7337272,-5.03821562,-0.000572957781,0.000572957781,-4.28928196,0.286423182,18.6124106,14.5548411,-8.21312318,3.09765621,-1.87910414,0.607712186,-14.0347051,16.2005342,-10.6443333,-2.37040072
414,3.177247503,-7.40753791,107.833695,-0.119815422,-2.83801294,45.0179969,1.47064464,2.37754147,4.19089351,-3.12917015e-15,0,-7.76330059,7.58969255,-49.8513173,77.2505938,-1.17070339,-0.000572957781,0.000572957781,-12.020128,-11.1505869,57.1862199,77.7337272,-5.03821562,-0.000572957781,0.000572957781,-4.28928196,0.286423182,18.6124106,14.5548411,-8.21312318,3.09765621,-1.87910414,0.607712186,-14.0347051,16.2005342,-10.6443333,-2.37040072
415,3.177247503,-7.40753791,107.833695,-0.119815422,-2.83801294,45.0179969,1.47064464,2.37754147,4.19089351,-3.12917015e-15,0,-7.76330059,7.58969255,-49.8513173,77.2505938,-1.17070339,-0.000572957781,0.000572957781,-12.020128,-11.1505869,57.1862199,77.7337272,-5.03821562,-0.000572957781,0.000572957781,-4.28928196,0.286423182,18.6124106,14.5548411,-8.21312318,3.09765621,-1.87910414,0.607712186,-14.0347051,16.2005342,-10.6443333,-2.37040072
416,3.177247503,-7.40753791,107.833695,-0.119815422,-2.83801294,45.0179969,1.47064464,2.37754147,4.19089351,-3.12917015e-15,0,-7.76330059,7.58969255,-49.8513173,77.2505938,-1.17070339,-0.000572957781,0.000572957781,-12.020128,-11.1505869,57.1862199,77.7337272,-5.03821562,-0.000572957781,0.000572957781,-4.28928196,0.286423182,18.6124106,14.5548411,-8.21312318,3.09765621,-1.87910414,0.607712186,-14.0347051,16.2005342,-10.6443333,-2.37040072
417,3.177247503,-7.40753791,107.833695,-0.119815422,-2.83801294,45.0179969,1.47064464,2.37754147,4.19089351,-3.12917015e-15,0,-7.76330059,7.58969255,-49.8513173,77.2505938,-1.17070339,-0.000572957781,0.000572957781,-12.020128,-11.1505869,57.1862199,77.7337272,-5.03821562,-0.000572957781,0.000572957781,-4.28928196,0.286423182,18.6124106,14.5548411,-8.21312318,3.09765621,-1.87910414,0.607712186,-14.0347051,16.2005342,-10.6443333,-2.37040072
418,3.177247503,-7.40753791,107.833695,-0.119815422,-2.83801294,45.0179969,1.47064464,2.37754147,4.19089351,-3.12917015e-15,0,-7.76330059,7.58969255,-49.8513173,77.2505938,-1.17070339,-0.000572957781,0.000572957781,-12.020128,-11.1505869,57.1862199,77.7337272,-5.03821562,-0.000572957781,0.000572957781,-4.28928196,0.286423182,18.6124106,14.5548411,-8.21312318,3.09765621,-1.87910414,0.607712186,-14.0347051,16.2005342,-10.6443333,-2.37040072
419,3.177247503,-7.40753791,107.833695,-0.119815422,-2.83801294,45.0179969,1.47064464,2.37754147,4.19089351,-3.12917015e-15,0,-7.76330059,7.58969255,-49.8513173,77.2505938,-1.17070339,-0.000572957781,0.000572957781,-12.020128,-11.1505869,57.1862199,77.7337272,-5.03821562,-0.000572957781,0.000572957781,-4.28928196,0.286423182,18.6124106,14.5548411,-8.21312318,3.09765621,-1.87910414,0.607712186,-14.0347051,16.2005342,-10.6443333,-2.37040072
420,3.177247503,-7.40753791,107.833695,-0.119815422,-2.83801294,45.0179969,1.47064464,2.37754147,4.19089351,-3.12917015e-15,0,-7.76330059,7.58969255,-49.8513173,77.2505938,-1.17070339,-0.000572957781,0.000572957781,-12.020128,-11.1505869,57.1862199,77.7337272,-5.03821562,-0.000572957781,0.000572957781,-4.28928196,0.286423182,18.6124106,14.5548411,-8.21312318,3.09765621,-1.87910414,0.607712186,-14.0347051,16.2005342,-10.6443333,-2.37040072
421,3.177247503,-7.40753791,107.833695,-0.119815422,-2.83801294,45.0179969,1.47064464,2.37754147,4.19089351,-3.12917015e-15,0,-7.76330059,7.58969255,-49.8513173,77.2505938,-1.17070339,-0.000572957781,0.000572957781,-12.020128,-11.1505869,57.1862199,77.7337272,-5.03821562,-0.000572957781,0.000572957781,-4.28928196,0.286423182,18.6124106,14.5548411,-8.21312318,3.09765621,-1.87910414,0.607712186,-14.0347051,16.2005342,-10.6443333,-2.37040072
422,3.177247503,-7.40753791,107.833695,-0.119815422,-2.83801294,45.0179969,1.47064464,2.37754147,4.19089351,-3.12917015e-15,0,-7.76330059,7.58969255,-49.8513173,77.2505938,-1.17070339,-0.000572957781,0.000572957781,-12.020128,-11.1505869,57.1862199,77.7337272,-5.03821562,-0.000572957781,0.000572957781,-4.28928196,0.286423182,18.6124106,14.5548411,-8.21312318,3.09765621,-1.87910414,0.607712186,-14.0347051,16.2005342,-10.6443333,-2.37040072
423,3.177247503,-7.40753791,107.833695,-0.119815422,-2.83801294,45.0179969,1.47064464,2.37754147,4.19089351,-3.12917015e-15,0,-7.76330059,7.58969255,-49.8513173,77.2505938,-1.17070339,-0.000572957781,0.000572957781,-12.020128,-11.1505869,57.1862199,77.7337272,-5.03821562,-0.000572957781,0.000572957781,-4.28928196,0.286423182,18.6124106,14.5548411,-8.21312318,3.09765621,-1.87910414,0.607712186,-14.0347051,16.2005342,-10.6443333,-2.37040072
424,3.177247503,-7.40753791,107.833695,-0.119815422,-2.83801294,45.0179969,1.47064464,2.37754147,4.19089351,-3.12917015e-15,0,-7.76330059,7.58969255,-49.8513173,77.2505938,-1.17070339,-0.000572957781,0.000572957781,-12.020128,-11.1505869,57.1862199,77.7337272,-5.03821562,-0.000572957781,0.000572957781,-4.28928196,0.286423182,18.6124106,14.5548411,-8.21312318,3.09765621,-1.87910414,0.607712186,-14.0347051,16.2005342,-10.6443333,-2.37040072
425,3.177247503,-7.40753791,107.833695,-0.119815422,-2.83801294,45.0179969,1.47064464,2.37754147,4.19089351,-3.12917015e-15,0,-7.76330059,7.58969255,-49.8513173,77.2505938,-1.17070339,-0.000572957781,0.000572957781,-12.020128,-11.1505869,57.1862199,77.7337272,-5.03821562,-0.000572957781,0.000572957781,-4.28928196,0.286423182,18.6124106,14.5548411,-8.21312318,3.09765621,-1.87910414,0.607712186,-14.0347051,16.2005342,-10.6443333,-2.37040072
426,3.177247503,-7.40753791,107.833695,-0.119815422,-2.83801294,45.0179969,1.47064464,2.37754147,4.19089351,-3.12917015e-15,0,-7.76330059,7.58969255,-49.8513173,77.2505938,-1.17070339,-0.000572957781,0.000572957781,-12.020128,-11.1505869,57.1862199,77.7337272,-5.03821562,-0.000572957781,0.000572957781,-4.28928196,0.286423182,18.6124106,14.5548411,-8.21312318,3.09765621,-1.87910414,0.607712186,-14.0347051,16.2005342,-10.6443333,-2.37040072
427,3.177247503,-7.40753791,107.833695,-0.119815422,-2.83801294,45.0179969,1.47064464,2.37754147,4.19089351,-3.12917015e-15,0,-7.76330059,7.58969255,-49.8513173,77.2505938,-1.17070339,-0.000572957781,0.000572957781,-12.020128,-11.1505869,57.1862199,77.7337272,-5.03821562,-0.000572957781,0.000572957781,-4.28928196,0.286423182,18.6124106,14.5548411,-8.21312318,3.09765621,-1.87910414,0.607712186,-14.0347051,16.2005342,-10.6443333,-2.37040072
428,3.177247503,-7.40753791,107.833695,-0.119815422,-2.83801294,45.0179969,1.47064464,2.37754147,4.19089351,-3.12917015e-15,0,-7.76330059,7.58969255,-49.8513173,77.2505938,-1.17070339,-0.000572957781,0.000572957781,-12.020128,-11.1505869,57.1862199,77.7337272,-5.03821562,-0.000572957781,0.000572957781,-4.28928196,0.286423182,18.6124106,14.5548411,-8.21312318,3.09765621,-1.87910414,0.607712186,-14.0347051,16.2005342,-10.6443333,-2.37040072
429,3.177247503,-7.40753791,107.833695,-0.119815422,-2.83801294,45.0179969,1.47064464,2.37754147,4.19089351,-3.12917015e-15,0,-7.76330059,7.58969255,-49.8513173,77.2505938,-1.17070339,-0.000572957781,0.000572957781,-12.020128,-11.1505869,57.1862199,77.7337272,-5.03821562,-0.000572957781,0.000572957781,-4.28928196,0.286423182,18.6124106,14.5548411,-8.21312318,3.09765621,-1.87910414,0.607712186,-14.0347051,16.2005342,-10.6443333,-2.37040072
