Frame,root_translateX,root_translateY,root_translateZ,root_rotateX,root_rotateY,root_rotateZ,waist_yaw_joint,waist_roll_joint,waist_pitch_joint,head_yaw_joint,head_pitch_joint,left_shoulder_pitch_joint,left_shoulder_roll_joint,left_shoulder_yaw_joint,left_elbow_joint,left_wrist_roll_joint,left_wrist_pitch_joint,left_wrist_yaw_joint,right_shoulder_pitch_joint,right_shoulder_roll_joint,right_shoulder_yaw_joint,right_elbow_joint,right_wrist_roll_joint,right_wrist_pitch_joint,right_wrist_yaw_joint,left_hip_pitch_joint,left_hip_roll_joint,left_hip_yaw_joint,left_knee_joint,left_ankle_pitch_joint,left_ankle_roll_joint,right_hip_pitch_joint,right_hip_roll_joint,right_hip_yaw_joint,right_knee_joint,right_ankle_pitch_joint,right_ankle_roll_joint
0,0,0,105.39857482910156,0.9986678213041373,-2.991911823331009,-89.30497942738513,1.3246789,-0.776133,8.143969,-0.116578154,-19.348078,-0.61461496,9.997979,-22.299934,62.12668,7.9064574,7.788154,5.9551773,-4.3154545,-7.946782,20.392014,65.43762,-21.640461,7.9140434,-4.9526935,7.8694534,-3.0547493,3.8263075,5.5412,-10.998396,0.6416928,11.188215,0.6711684,-15.359527,5.059586,-13.16216,-0.6333147
1,-0.006380081177,0.01058959961,105.39630889892578,1.0095649005821947,-3.0029971320241096,-89.30438338206078,1.3242236,-0.7941554,8.139701,-0.101786725,-19.291014,-0.6278142,9.980356,-22.329922,62.14699,7.8955064,7.7812924,5.965358,-4.3219104,-7.9330106,20.413319,65.45491,-21.623297,7.9070244,-4.9481173,7.8759007,-3.064611,3.8283892,5.5414762,-10.992785,0.64026797,11.324857,0.6963588,-15.401545,4.818859,-13.04575,-0.632
2,-0.01634311676,0.01060676575,105.3908920288086,1.0270847047787452,-3.018708902854397,-89.304071609304,1.3210694,-0.8200069,8.138226,-0.087195076,-19.233978,-0.6426659,9.961142,-22.358875,62.17708,7.8849664,7.7727866,5.9749556,-4.3314157,-7.917722,20.439789,65.476944,-21.599743,7.8981776,-4.944533,7.894037,-3.0808632,3.8336117,5.5413027,-10.993422,0.6381674,11.459189,0.71173346,-15.4489,4.6088586,-12.95189,-0.6252586
3,-0.01043272018,0.01201629639,105.39849853515625,1.0413285000434567,-3.0359478238845043,-89.30410239285042,1.3169637,-0.8437267,8.143225,-0.0740477,-19.18364,-0.6446229,9.952624,-22.374413,62.18067,7.8857927,7.770496,5.9764633,-4.3333297,-7.91084,20.456625,65.47794,-21.587378,7.8918505,-4.933261,7.9124074,-3.1031947,3.8390715,5.541942,-10.99431,0.6454737,11.335033,0.65441155,-15.432287,4.8685822,-13.064815,-0.6118537
4,-0.006864547729,0.01620292664,105.4083480834961,1.0467582095058057,-3.050140477047397,-89.30500144097392,1.3138112,-0.857965,8.141012,-0.061685264,-19.130943,-0.64914495,9.9393835,-22.396004,62.19331,7.885756,7.765461,5.9824386,-4.340252,-7.900462,20.482386,65.48977,-21.57646,7.8871946,-4.927368,7.925979,-3.1127598,3.8443837,5.541449,-10.992423,0.64896727,11.037939,0.5631901,-15.366421,5.465064,-13.345652,-0.6038878
5,-0.007173061371,0.01892089844,105.4000473022461,1.0470237950312837,-3.0578938197822083,-89.30792397094532,1.3136183,-0.8659837,8.129498,-0.05099876,-19.076017,-0.6502557,9.924848,-22.411915,62.205605,7.8997912,7.755927,5.98859,-4.347753,-7.890644,20.503672,65.50584,-21.583437,7.8821993,-4.9192653,7.936189,-3.1137888,3.8497338,5.5400653,-10.99316,0.6490937,11.343954,0.64196736,-15.444505,4.901763,-13.08066,-0.601943
6,-0.005439281464,0.02743530273,105.39637756347656,1.0395746689558567,-3.0633517754536514,-89.31230632300831,1.3153253,-0.8645544,8.1159,-0.04284727,-19.023916,-0.6450827,9.911067,-22.42115,62.20768,7.9267106,7.747787,5.994073,-4.3521914,-7.8834705,20.51805,65.51522,-21.606543,7.8797746,-4.9078293,7.937616,-3.105963,3.8545907,5.5413265,-10.990566,0.6487392,11.381975,0.65941375,-15.450401,4.83741,-13.049041,-0.6036388
7,-0.002296447754,0.02960205078,105.40383911132812,1.0283574381409846,-3.0689386326950707,-89.3157524844946,1.317293,-0.8586678,8.103818,-0.03687185,-18.973562,-0.63946134,9.899699,-22.427114,62.206066,7.954511,7.740976,5.9940186,-4.354015,-7.878537,20.527206,65.51793,-21.633934,7.8784957,-4.896629,7.9428725,-3.0939875,3.859615,5.5421815,-10.991147,0.64772886,11.191757,0.6214485,-15.397556,5.1860065,-13.201908,-0.608209
8,-0.0009226799011,0.03153610229,105.40636444091797,1.0228026985870027,-3.075458863046952,-89.31619259912333,1.3169916,-0.8600359,8.093247,-0.03153049,-18.922235,-0.63832235,9.892013,-22.43187,62.208084,7.9728656,7.738018,5.9858575,-4.356961,-7.8754416,20.533123,65.51896,-21.656244,7.878742,-4.8905196,7.950652,-3.0880368,3.862075,5.540812,-10.990871,0.6468526,11.204979,0.6303223,-15.398544,5.1721983,-13.19548,-0.61123246
9,-0.001230716705,0.03901863098,105.40154266357422,1.0245229195228351,-3.083798287635388,-89.31165899256334,1.3131056,-0.86915654,8.083251,-0.024542665,-18.86708,-0.6482241,9.882012,-22.438793,62.224926,7.9731236,7.73988,5.966128,-4.362962,-7.8708663,20.538822,65.52267,-21.666588,7.882021,-4.8960724,7.955107,-3.0898001,3.8590984,5.541963,-10.9878235,0.6464996,11.373237,0.6723319,-15.442239,4.8741093,-13.058984,-0.6140899
10,-0.009868144989,0.04423332214,105.38846588134766,1.0311251325056878,-3.0928268713682865,-89.30400660214839,1.30677,-0.88408214,8.076164,-0.0181229,-18.81403,-0.65876,9.878369,-22.442282,62.235847,7.9633813,7.7473173,5.9329953,-4.3683805,-7.8686576,20.53944,65.5197,-21.67407,7.886903,-4.905678,7.9623847,-3.0921767,3.853833,5.541462,-10.984685,0.6416275,11.648986,0.74047524,-15.51436,4.3957825,-12.850488,-0.6196449
11,-0.01493358612,0.0476474762,105.38626861572266,1.0366299139503543,-3.10269317601655,-89.29576283441355,1.3004673,-0.89647114,8.07039,-0.014276533,-18.761078,-0.67132246,9.874645,-22.448036,62.2497,7.952662,7.7555203,5.9031467,-4.374356,-7.865379,20.53892,65.51706,-21.6815,7.892084,-4.9164915,7.9708467,-3.095074,3.848259,5.5416512,-10.98276,0.6386023,11.6259985,0.72966427,-15.512382,4.4619966,-12.885509,-0.62490356
12,-0.02409124374,0.05271148682,105.38961791992188,1.0387969380511282,-3.1110507223156363,-89.2903392721446,1.2961512,-0.90634227,8.063359,-0.016935159,-18.715927,-0.6821898,9.872296,-22.455873,62.26538,7.9519157,7.7595735,5.888415,-4.381961,-7.8626523,20.538923,65.51897,-21.693886,7.89454,-4.922173,7.976822,-3.0913594,3.8447568,5.5411177,-10.979344,0.6327064,11.527851,0.70584524,-15.490064,4.6508107,-12.970067,-0.6323285
13,-0.03074836731,0.06288719177,105.3871841430664,1.0345021725537955,-3.1188052763277145,-89.28798682803834,1.2954905,-0.9083945,8.055223,-0.029289948,-18.673058,-0.6957388,9.869294,-22.47838,62.290646,7.958244,7.75625,5.8988347,-4.3930755,-7.85904,20.544222,65.53125,-21.710505,7.891782,-4.920724,7.9800878,-3.0816655,3.8431573,5.5410266,-10.975045,0.6282861,11.053003,0.6048212,-15.370659,5.2990694,-13.142965,-0.65674484
14,-0.02099704742,0.06216049194,105.38619995117188,1.040766617731255,-3.1232660168287447,-89.28746714354793,1.2933813,-0.9179601,8.045927,-0.04645399,-18.639887,-0.7007302,9.868543,-22.493895,62.305447,7.9809375,7.752662,5.920718,-4.4045234,-7.858355,20.551414,65.53982,-21.733974,7.8889236,-4.910852,7.9847546,-3.0961068,3.8403215,5.5409265,-10.977295,0.63815045,11.913535,0.7338008,-15.597141,4.292168,-12.98067,-0.5673789
15,-0.01507759094,0.06424331665,105.38394165039062,1.0356215477142245,-3.1285962672126266,-89.28875154070155,1.2927766,-0.9176682,8.0379715,-0.067093134,-18.610674,-0.7061403,9.868596,-22.51043,62.322357,8.001671,7.7478356,5.947605,-4.4162493,-7.8587503,20.560698,65.549416,-21.751713,7.885225,-4.902944,7.990642,-3.0940406,3.8415718,5.540538,-10.978855,0.6424127,11.29956,0.57030517,-15.374792,5.275047,-13.626846,-0.24380268
16,-0.02162694931,0.07393074036,105.37786865234375,1.0401334457042029,-3.1288425638858928,-89.29290154682917,1.2958522,-0.92708606,8.023328,-0.08880769,-18.581125,-0.7125509,9.869874,-22.525963,62.341892,8.012694,7.744091,5.967293,-4.4245086,-7.8602786,20.569782,65.555885,-21.756563,7.882602,-4.9017215,7.9858336,-3.0958073,3.8434138,5.5398726,-10.974079,0.6404758,11.127826,0.52053756,-15.321742,5.502172,-13.714144,-0.20456712
17,-0.02324914932,0.0822353363,105.37261962890625,1.0538764596781702,-3.1266388963323024,-89.3030888584314,1.3042055,-0.9472553,8.003564,-0.110362306,-18.553553,-0.717926,9.872026,-22.52957,62.362507,8.01849,7.7429214,5.97492,-4.428034,-7.861899,20.571762,65.55797,-21.746893,7.8800025,-4.9071245,7.97931,-3.11292,3.8502755,5.5380564,-10.968827,0.6432257,11.232393,0.52950567,-15.342297,5.311402,-13.6315775,-0.19589806
18,-0.02664518356,0.08753204346,105.37017822265625,1.0731250095952627,-3.1243543483009266,-89.31745442058214,1.3169174,-0.9731307,7.9810014,-0.13983056,-18.51877,-0.7255532,9.875232,-22.525805,62.39092,8.02242,7.7399306,5.9758024,-4.4283404,-7.863903,20.569288,65.559395,-21.726177,7.876109,-4.9169283,7.9731374,-3.1358204,3.8612795,5.5388393,-10.966374,0.645509,11.285189,0.51952213,-15.346561,5.2030416,-13.580292,-0.18694413
19,-0.02341985703,0.09372520447,105.37081909179688,1.0917245795840955,-3.1141491411756914,-89.33047112099781,1.3288126,-1.0011564,7.953603,-0.16735412,-18.490652,-0.7303333,9.881357,-22.512835,62.41347,8.02798,7.7368546,5.971996,-4.4261103,-7.8671556,20.56134,65.55481,-21.711113,7.873345,-4.9286895,7.956772,-3.1619458,3.8692656,5.5384607,-10.960822,0.65140396,11.2274,0.478436,-15.323271,5.2818174,-13.612711,-0.17440452
20,-0.01593589783,0.09087753296,105.37249755859375,1.1098537461020281,-3.090048284547737,-89.33611585458122,1.3353394,-1.028741,7.915897,-0.19119368,-18.469252,-0.73281825,9.885885,-22.502838,62.432037,8.027568,7.733325,5.9721203,-4.4259205,-7.869238,20.555801,65.551575,-21.708792,7.874359,-4.945698,7.928325,-3.1891625,3.868055,5.537443,-10.957006,0.65918666,11.2870655,0.47185227,-15.33378,5.106643,-13.523301,-0.1619253
21,-0.02125549316,0.1011734009,105.37147521972656,1.126971608117826,-3.0492689705838116,-89.33073653359072,1.3351529,-1.0558721,7.8677764,-0.21508472,-18.448826,-0.7336192,9.894531,-22.488733,62.44544,8.024705,7.7249417,5.971404,-4.425189,-7.872591,20.54924,65.54204,-21.737679,7.8821087,-4.9686956,7.871345,-3.2047029,3.8519964,5.535401,-10.940474,0.6578026,11.16853,0.4317219,-15.304713,5.240674,-13.5839405,-0.15851316
22,-0.01992988586,0.09957313538,105.37639617919922,1.1438556268838678,-2.9949128663039377,-89.31831065516462,1.3290989,-1.0855199,7.8116474,-0.23397423,-18.437366,-0.72653717,9.910107,-22.472666,62.44282,8.013696,7.7172117,5.969614,-4.4255652,-7.8774147,20.544477,65.5279,-21.784575,7.894,-4.9968576,7.8029428,-3.2231574,3.8273706,5.5340204,-10.927387,0.65958315,11.098447,0.4046799,-15.291586,5.250245,-13.582279,-0.15274195
23,-0.01928377151,0.09926795959,105.37995910644531,1.159306815254917,-2.9324556557464807,-89.30363524335532,1.3202542,-1.1149652,7.7492547,-0.2535018,-18.428417,-0.7162305,9.92851,-22.460417,62.433807,7.997976,7.711465,5.96798,-4.4267807,-7.8821726,20.543425,65.51645,-21.819551,7.904043,-5.024923,7.722911,-3.238931,3.798435,5.53289,-10.911134,0.6604634,10.979134,0.36848602,-15.26741,5.341754,-13.6215725,-0.14737107
24,-0.01472568512,0.1036167145,105.38407897949219,1.1734165876223046,-2.866480966048473,-89.29167645086294,1.3109446,-1.1445345,7.6833334,-0.27744582,-18.420952,-0.70501035,9.9489565,-22.446812,62.42391,7.9896417,7.707731,5.962774,-4.428218,-7.88769,20.540636,65.51176,-21.820728,7.9044104,-5.0437913,7.638098,-3.2559197,3.7704084,5.528885,-10.890726,0.6640342,10.894099,0.34264392,-15.251356,5.340832,-13.6055355,-0.14028928
25,-0.01153945923,0.1078510284,105.38867950439453,1.185747030710423,-2.7939310672189506,-89.28151388030477,1.2998307,-1.173176,7.6124067,-0.30799326,-18.416876,-0.6898849,9.973263,-22.425686,62.40494,7.999348,7.7080693,5.9487023,-4.424673,-7.8954773,20.532227,65.50722,-21.766235,7.8880363,-5.0467215,7.543936,-3.2696111,3.741478,5.528519,-10.870913,0.66630185,10.821005,0.32457048,-15.239351,5.3075337,-13.575389,-0.13267723
26,-0.002140045166,0.1055278778,105.39336395263672,1.1948382723104383,-2.7140922349132692,-89.2712662421724,1.2868347,-1.2012734,7.5354714,-0.34305513,-18.414726,-0.6734156,9.998332,-22.398514,62.38289,8.022087,7.7099667,5.92886,-4.4177966,-7.9058204,20.519005,65.50363,-21.67569,7.8606577,-5.039491,7.444842,-3.2834384,3.711034,5.5270896,-10.852341,0.6716292,10.708441,0.29679173,-15.219065,5.3400755,-13.577342,-0.12017073
27,0.008740901947,0.09985923767,105.3977279663086,1.2037801921407552,-2.6342353365427775,-89.26448564134267,1.2770586,-1.2264153,7.454836,-0.38223138,-18.411005,-0.66853595,10.012458,-22.377438,62.3887,8.042205,7.705054,5.9145894,-4.4159245,-7.913361,20.505648,65.51589,-21.584917,7.833237,-5.0332856,7.348469,-3.2984426,3.6840954,5.5262175,-10.837155,0.67840016,10.568399,0.25979716,-15.189185,5.443345,-13.621738,-0.10566168
28,0.01959753036,0.09868431091,105.40194702148438,1.2115750755725947,-2.5612950041333082,-89.26445935083193,1.2693381,-1.2492284,7.3873086,-0.41899717,-18.414202,-0.64850545,10.029359,-22.347597,62.368736,8.058857,7.708505,5.901703,-4.414402,-7.9241376,20.486078,65.51389,-21.544226,7.824422,-5.0241804,7.258861,-3.3131201,3.664978,5.524408,-10.821148,0.6863408,10.451671,0.22886044,-15.157881,5.497022,-13.633262,-0.093333185
29,0.03434753418,0.096534729,105.39720153808594,1.2214796914539199,-2.497045910246244,-89.27271974591804,1.2677987,-1.273812,7.3238688,-0.4560513,-18.413067,-0.6337561,10.039216,-22.328066,62.370983,8.05695,7.707471,5.9007587,-4.4231887,-7.9311085,20.471258,65.52659,-21.565954,7.8381267,-5.022019,7.18211,-3.3346725,3.656137,5.524598,-10.81181,0.69946384,10.584984,0.25404584,-15.182365,5.097804,-13.432777,-0.07822936
30,0.04805755615,0.09223365784,105.40137481689453,1.2287372698757255,-2.439761321507029,-89.28645042399883,1.2680287,-1.296151,7.272725,-0.49355242,-18.416925,-0.604903,10.056483,-22.295324,62.349964,8.058004,7.7122545,5.8974037,-4.429896,-7.9438415,20.444048,65.52483,-21.639912,7.868014,-5.0126934,7.1150475,-3.3529577,3.6549842,5.52423,-10.804539,0.7123171,10.414417,0.20242229,-15.122359,5.289721,-13.512823,-0.066359095
31,0.06748104095,0.0883769989,105.40068054199219,1.2359790702047044,-2.3842798324634877,-89.30559826300735,1.2712923,-1.3140428,7.223898,-0.5301385,-18.422924,-0.5809524,10.068383,-22.27274,62.34198,8.042819,7.713198,5.9008126,-4.445435,-7.953714,20.42251,65.53665,-21.713108,7.8980007,-5.0088096,7.051267,-3.37569,3.6587622,5.523486,-10.798944,0.72958326,10.447983,0.19957328,-15.110516,5.0989156,-13.4111805,-0.05111502
32,0.09441900253,0.08647918701,105.39805603027344,1.2354950850360453,-2.3294562736420694,-89.32877751328405,1.2753841,-1.321685,7.185069,-0.56418425,-18.44563,-0.5520979,10.081614,-22.247784,62.318943,8.019721,7.7160506,5.903757,-4.463748,-7.967879,20.395885,65.5434,-21.759954,7.9173408,-5.0047297,6.988019,-3.3943896,3.6657965,5.5230756,-10.794005,0.7495677,10.4835615,0.20084655,-15.096305,4.9151793,-13.316072,-0.03304949
33,0.1212615967,0.08465957642,105.40442657470703,1.2235246577991041,-2.2749417176201883,-89.35699347485226,1.2808697,-1.3110279,7.1510334,-0.592263,-18.475536,-0.5255985,10.089933,-22.227556,62.30015,7.9765816,7.7127686,5.9108458,-4.4919934,-7.98271,20.37169,65.56661,-21.754293,7.9159727,-5.0070467,6.925142,-3.3988903,3.6772063,5.523354,-10.789929,0.76558805,10.213632,0.13745877,-14.998758,5.2821665,-13.4648075,-0.01910452
34,0.1473398209,0.08590126038,105.40595245361328,1.2068470735918098,-2.2202000026851554,-89.39124742458691,1.2898942,-1.2898095,7.1232786,-0.6176808,-18.515678,-0.4965787,10.095971,-22.205242,62.2737,7.9229,7.708512,5.9187994,-4.5217433,-8.004145,20.343363,65.58598,-21.72333,7.9063525,-5.0092325,6.8613973,-3.3978195,3.6933076,5.5228267,-10.784807,0.7799629,10.236025,0.15552963,-14.971457,5.1113143,-13.36757,-0.006865714
35,0.1793189049,0.08749008179,105.40413665771484,1.1880214729779028,-2.167469546916552,-89.42774293328597,1.3002064,-1.2633327,7.1059103,-0.64600176,-18.5704,-0.4722429,10.09941,-22.188822,62.25075,7.8646655,7.702562,5.9279604,-4.551299,-8.03489,20.317463,65.59369,-21.685335,7.895751,-5.0101576,6.801037,-3.3985007,3.711718,5.5225906,-10.781607,0.7979754,10.294815,0.18073757,-14.952292,4.87295,-13.236249,0.00852192
36,0.2111992836,0.09106636047,105.4224624633789,1.1669611200289274,-2.120994294966544,-89.46144107400391,1.304786,-1.2367887,7.101557,-0.67831093,-18.640831,-0.45913768,10.100587,-22.188961,62.245777,7.8025346,7.6949043,5.942312,-4.5925264,-8.061398,20.30638,65.607956,-21.6592,7.887994,-5.016193,6.744022,-3.3957024,3.72912,5.5226836,-10.775243,0.81549597,9.868244,0.08839468,-14.809354,5.510128,-13.491868,0.017800186
37,0.2434649467,0.09434318542,105.423583984375,1.154375276283731,-2.076297432160678,-89.49705098137669,1.3096524,-1.2204696,7.1107903,-0.72098017,-18.738836,-0.45503545,10.102312,-22.208687,62.24601,7.7376065,7.6875467,5.9678736,-4.640267,-8.091696,20.311342,65.61209,-21.648438,7.887718,-5.0240936,6.6911836,-3.4047344,3.7486906,5.5222254,-10.770624,0.83722144,9.885193,0.09168495,-14.781856,5.3696866,-13.410825,0.035822418
38,0.2734937668,0.09807395935,105.4276351928711,1.1420398122499036,-2.0363730910558937,-89.53348007001021,1.3110056,-1.2058266,7.1331463,-0.7674411,-18.856339,-0.45612252,10.105116,-22.242008,62.250595,7.6668706,7.6799846,6.0031023,-4.7014604,-8.118676,20.329102,65.62392,-21.645739,7.8878536,-5.0372734,6.6441417,-3.4127584,3.7705536,5.521818,-10.766617,0.8582901,9.738019,0.055656437,-14.711052,5.501717,-13.435551,0.049920104
39,0.3093495369,0.09721183777,105.42269897460938,1.1328243587220042,-1.99650171275594,-89.56755649860436,1.3070647,-1.196318,7.160111,-0.8116151,-18.9794,-0.4634986,10.109426,-22.282919,62.26965,7.593144,7.673182,6.028921,-4.7685895,-8.142334,20.353653,65.63684,-21.6496,7.8893366,-5.0512033,6.5996623,-3.4287808,3.790237,5.522038,-10.766096,0.8838939,9.922469,0.09217139,-14.72983,5.1088676,-13.264799,0.07259306
40,0.3417034149,0.09553337097,105.42344665527344,1.121798511416321,-1.9569559599773674,-89.59329274393835,1.2973243,-1.1847335,7.1894207,-0.85211915,-19.097908,-0.48326397,10.118844,-22.344313,62.314167,7.5040116,7.668009,6.028969,-4.827311,-8.175226,20.387823,65.63125,-21.644081,7.8952746,-5.0607963,6.5559454,-3.4394677,3.8027716,5.52121,-10.76477,0.9050888,9.887115,0.08031735,-14.698517,5.0746293,-13.233961,0.09083212
41,0.3758435249,0.09293746948,105.42500305175781,1.1125708346636627,-1.9175343210541993,-89.60739663501295,1.2709674,-1.1769786,7.2192492,-0.8763409,-19.21074,-0.5143708,10.129949,-22.399265,62.391342,7.416239,7.665958,5.9837656,-4.8905764,-8.199817,20.41431,65.62808,-21.661198,7.9003515,-5.0656533,6.510036,-3.4523854,3.803619,5.5219345,-10.762875,0.9259976,9.855682,0.06745924,-14.678994,5.043538,-13.209241,0.110583045
42,0.4111328125,0.09110641479,105.43004608154297,1.1025882861042642,-1.879490959080925,-89.61291872047516,1.2304372,-1.1717907,7.252869,-0.8887153,-19.324043,-0.5542232,10.140516,-22.447702,62.494514,7.3329844,7.6655397,5.9069247,-4.9612,-8.215245,20.437351,65.629585,-21.698242,7.9046226,-5.068077,6.4642615,-3.464467,3.7965012,5.5204763,-10.757466,0.9462197,9.705482,0.025807243,-14.636425,5.2242804,-13.276336,0.13017012
43,0.4438452721,0.09650421143,105.43394470214844,1.094225970429907,-1.8399747927833796,-89.6164256521453,1.1986421,-1.1676158,7.2882333,-0.9118561,-19.430372,-0.6005814,10.168785,-22.545574,62.602165,7.2161894,7.669334,5.829809,-5.0156436,-8.245296,20.475266,65.60568,-21.706247,7.9150934,-5.069278,6.4124365,-3.4765217,3.7866328,5.5195575,-10.748328,0.96468073,9.565445,-0.012763332,-14.598533,5.3741326,-13.324842,0.14979394
44,0.4790811539,0.09695243835,105.43486022949219,1.0858234320788112,-1.7962136700031588,-89.62421610072143,1.1679901,-1.1676304,7.3154507,-0.93669486,-19.515102,-0.6328725,10.185479,-22.597815,62.718494,7.158465,7.6663303,5.7716293,-5.0758233,-8.259098,20.497208,65.60529,-21.725494,7.924082,-5.072153,6.3600073,-3.4908082,3.7814133,5.5177994,-10.742685,0.98465616,9.562985,-0.019149229,-14.593188,5.2892585,-13.280236,0.17478207
45,0.5182967186,0.09391021729,105.44135284423828,1.0748277627547076,-1.747217974756164,-89.6360640969664,1.1491534,-1.1680404,7.335031,-0.9780046,-19.5759,-0.65868706,10.201263,-22.652039,62.842293,7.1354904,7.660376,5.746094,-5.1294284,-8.27019,20.523481,65.61018,-21.720268,7.9383664,-5.0791078,6.3027053,-3.5045168,3.7804463,5.516717,-10.739093,1.005621,9.3934555,-0.064254,-14.540883,5.4454722,-13.316452,0.20401323
46,0.5592212677,0.08726882935,105.4374008178711,1.0660980831562643,-1.6922802650754338,-89.6506337925869,1.1392156,-1.1720911,7.3474884,-1.0302515,-19.619053,-0.6822792,10.220938,-22.717875,62.97514,7.1284285,7.653482,5.7388105,-5.1776714,-8.282501,20.557201,65.61647,-21.693846,7.957094,-5.088481,6.2441764,-3.5226169,3.78242,5.513698,-10.739114,1.027669,9.451915,-0.060174525,-14.547236,5.256778,-13.240085,0.24319468
47,0.6060166359,0.07888793945,105.44107055664062,1.0561133099028637,-1.639008011222634,-89.66662420263499,1.1326221,-1.1752867,7.3610616,-1.0848511,-19.648386,-0.6976393,10.243014,-22.780205,63.10809,7.1199102,7.641793,5.739691,-5.218633,-8.2941675,20.588541,65.61799,-21.660292,7.975661,-5.097528,6.1850433,-3.5430605,3.7857504,5.514294,-10.740857,1.0537193,9.253674,-0.12003206,-14.48509,5.4874377,-13.325706,0.28291708
48,0.6601810455,0.06903648376,105.43892669677734,1.0517800927966787,-1.5887895801838574,-89.68679188600946,1.1251116,-1.1799115,7.3745813,-1.1298332,-19.664787,-0.7017009,10.258327,-22.809568,63.246277,7.108011,7.6174536,5.738733,-5.256751,-8.300788,20.6027,65.62225,-21.643372,7.98774,-5.1039295,6.132958,-3.5764008,3.792961,5.5127525,-10.744478,1.0882698,9.296634,-0.13357797,-14.483407,5.3122025,-13.240607,0.32733884
49,0.7104520798,0.05919265747,105.43658447265625,1.0510501761854043,-1.5443562570019387,-89.71309246408832,1.1210907,-1.1866395,7.3960752,-1.1660371,-19.675928,-0.6872077,10.28849,-22.849411,63.35132,7.043534,7.590785,5.7395935,-5.2860317,-8.31124,20.61699,65.61167,-21.609457,7.9927597,-5.1116586,6.0894814,-3.6130075,3.8067741,5.509423,-10.748349,1.1245284,9.301106,-0.16312885,-14.46609,5.228037,-13.201588,0.3684582
50,0.7633423805,0.04528999329,105.43724060058594,1.0531345969575945,-1.5039030596220635,-89.7437413062596,1.1171042,-1.1915205,7.4194794,-1.1940691,-19.674526,-0.66472846,10.31062,-22.860315,63.462486,6.98497,7.551682,5.743781,-5.3119264,-8.317181,20.615458,65.60292,-21.583107,7.991584,-5.119449,6.052635,-3.6555033,3.8253236,5.5088625,-10.757518,1.1652687,9.222659,-0.21906699,-14.423048,5.2847524,-13.216246,0.40894607
51,0.8145246506,0.02646255493,105.434814453125,1.0577665337324689,-1.464679267881481,-89.77431142254493,1.1144894,-1.2046976,7.450329,-1.2232382,-19.66687,-0.6074203,10.369506,-22.871468,63.519184,6.8876414,7.5214534,5.7380915,-5.3229995,-8.328063,20.607306,65.567116,-21.565014,7.9908676,-5.115254,6.0193605,-3.7003384,3.844084,5.5087805,-10.769311,1.2058281,9.236687,-0.25577125,-14.405252,5.192875,-13.173094,0.45023632
52,0.8653240204,0.005193710327,105.43359375,1.0596004086811563,-1.426475515329467,-89.79869897094625,1.1094853,-1.2195047,7.4758167,-1.2580551,-19.637615,-0.54182315,10.431803,-22.869467,63.60129,6.7675366,7.481069,5.726587,-5.327898,-8.333428,20.601677,65.534065,-21.567698,7.9941835,-5.1022425,5.9907594,-3.7411296,3.8581328,5.5061793,-10.781944,1.2435397,9.092205,-0.3287436,-14.352004,5.404327,-13.275064,0.4933777
53,0.9211525917,-0.01926231384,105.42886352539062,1.0608064181255694,-1.3872809589979194,-89.81439801687469,1.1044794,-1.2349243,7.490662,-1.304206,-19.57944,-0.4841577,10.482608,-22.860117,63.741516,6.6178937,7.416497,5.712358,-5.3268986,-8.333426,20.599716,65.50556,-21.606792,8.008862,-5.0750747,5.9602523,-3.7835736,3.8633986,5.5068727,-10.797216,1.2816392,9.058934,-0.37558642,-14.337555,5.4147196,-13.288148,0.54165834
54,0.9715228081,-0.04663658142,105.422119140625,1.0614751478842759,-1.3483046319019976,-89.82465298090872,1.0961163,-1.2570379,7.505082,-1.3537787,-19.505112,-0.4047904,10.555506,-22.843304,63.87029,6.4312305,7.3467245,5.689274,-5.32055,-8.327636,20.600279,65.47107,-21.672089,8.0292635,-5.03425,5.9334564,-3.821545,3.8643873,5.504368,-10.812342,1.314425,9.129218,-0.39198926,-14.356039,5.2108216,-13.191612,0.5871034
55,1.025028706,-0.07988548279,105.41350555419922,1.0619059552999017,-1.3104809950852807,-89.83447577167948,1.0926496,-1.277114,7.5105996,-1.4092941,-19.407888,-0.32871044,10.615247,-22.821676,64.04484,6.2321033,7.269639,5.6678214,-5.303177,-8.320918,20.600962,65.442696,-21.729597,8.045707,-4.997007,5.9119706,-3.8616858,3.865629,5.5026107,-10.832291,1.3491048,9.121865,-0.43212548,-14.355836,5.192856,-13.20116,0.6381558
56,1.087357044,-0.136762619,105.40914916992188,1.0661560351369752,-1.2741688942354057,-89.84885633016788,1.090341,-1.3020304,7.5136337,-1.4614526,-19.296743,-0.22192955,10.694778,-22.790846,64.19915,6.0236974,7.215145,5.6407857,-5.275009,-8.311651,20.605309,65.41859,-21.747639,8.045274,-4.9733663,5.9072714,-3.9131732,3.8732102,5.5028315,-10.869705,1.3912897,9.004386,-0.51441735,-14.324914,5.397273,-13.317937,0.70127827
57,1.154129028,-0.1955013275,105.39930725097656,1.074619234040249,-1.2400603365425515,-89.8719558533885,1.0978103,-1.3280642,7.5098805,-1.5153464,-19.168041,-0.10156106,10.773544,-22.754395,64.37277,5.804597,7.171861,5.6107903,-5.228072,-8.304618,20.613895,65.39809,-21.697102,8.019736,-4.9735384,5.9075394,-3.9743643,3.888614,5.504494,-10.911706,1.4400749,8.9602165,-0.58988607,-14.30946,5.5027227,-13.403158,0.77310723
58,1.225692272,-0.2517929077,105.38953399658203,1.0854773598430898,-1.208045434902056,-89.8994858191228,1.1127568,-1.3541136,7.5003176,-1.5731835,-19.02066,0.027630504,10.849346,-22.712645,64.57068,5.572325,7.1331687,5.5783415,-5.1635313,-8.301137,20.624979,65.37707,-21.601421,7.978012,-4.9880166,5.9101114,-4.042764,3.9075587,5.501187,-10.94923,1.4943384,8.95676,-0.66174215,-14.303833,5.508288,-13.424871,0.85045356
59,1.293951511,-0.3170719147,105.3785171508789,1.0977292454362333,-1.1759247280920997,-89.92685381982606,1.1274799,-1.3792838,7.485623,-1.6305069,-18.856907,0.17383169,10.931267,-22.663939,64.76815,5.342756,7.1113663,5.5466433,-5.088937,-8.299368,20.638065,65.355835,-21.501556,7.936122,-5.0027122,5.917889,-4.110785,3.9271853,5.5038795,-10.997727,1.5466008,8.959607,-0.73368007,-14.299913,5.5202727,-13.458676,0.92806
60,1.369654179,-0.3874893188,105.36795043945312,1.1056129800912557,-1.1419055747897084,-89.94853065316114,1.1375307,-1.4001539,7.462596,-1.6868328,-18.674416,0.32880256,11.0115185,-22.611555,64.973015,5.1351776,7.111136,5.524516,-5.0110593,-8.297975,20.647694,65.34162,-21.441216,7.910203,-5.0062566,5.9274864,-4.178216,3.942131,5.5016217,-11.044708,1.6015207,8.962575,-0.8042825,-14.298014,5.5343766,-13.49564,1.0060201
61,1.448112488,-0.462348938,105.35643005371094,1.108267629125458,-1.1061943698413446,-89.96005532806893,1.1377624,-1.4143887,7.4304924,-1.7407677,-18.466967,0.48946068,11.087692,-22.556988,65.191986,4.9564204,7.142445,5.517518,-4.932216,-8.295293,20.65552,65.33732,-21.439455,7.907057,-4.9940667,5.937981,-4.240022,3.9486876,5.4994817,-11.093458,1.6548153,8.967165,-0.8683127,-14.301836,5.5479317,-13.535596,1.0806346
62,1.525074959,-0.5468921661,105.34040069580078,1.1070865840407895,-1.0694646242738428,-89.96538388874882,1.1315949,-1.4244361,7.390594,-1.792681,-18.238304,0.66035235,11.163713,-22.497822,65.42035,4.7959447,7.199685,5.520339,-4.8498116,-8.290925,20.662756,65.34186,-21.47175,7.916661,-4.973494,5.9530144,-4.295799,3.9510436,5.499074,-11.148594,1.704887,8.976563,-0.92585206,-14.310054,5.564823,-13.584828,1.1522238
63,1.600962639,-0.6373844147,105.32486724853516,1.106134939049292,-1.03147129111364,-89.97162075985229,1.1284223,-1.4335036,7.343192,-1.8456988,-17.996141,0.84258866,11.240209,-22.432814,65.65185,4.6472583,7.263308,5.525253,-4.762144,-8.285953,20.662428,65.35329,-21.516027,7.9304056,-4.9500313,5.9705696,-4.351517,3.9544368,5.4994283,-11.208259,1.7542826,8.98623,-0.983964,-14.315217,5.5846453,-13.6376915,1.2220044
64,1.684903622,-0.7340316772,105.30598449707031,1.1128058987632328,-0.9901300458555271,-89.98567304646613,1.1378292,-1.4446698,7.2887316,-1.9036857,-17.750605,1.0396404,11.320767,-22.360367,65.87385,4.5032487,7.31489,5.522781,-4.6653323,-8.281024,20.64572,65.365074,-21.550722,7.939832,-4.9281225,5.989497,-4.4231777,3.963184,5.4968357,-11.271106,1.8123795,8.99553,-1.0576963,-14.312257,5.607841,-13.693433,1.2977258
65,1.771505117,-0.8344306946,105.28646850585938,1.1244717017232106,-0.9478327803332208,-90.0049640641083,1.165779,-1.4475367,7.221756,-1.9738072,-17.491096,1.2218789,11.376331,-22.30102,66.14861,4.3556733,7.335178,5.51671,-4.55375,-8.279758,20.60797,65.383865,-21.568954,7.945121,-4.912779,6.0085907,-4.5036197,3.9749858,5.4976487,-11.339498,1.8755882,9.001411,-1.1416135,-14.301624,5.6378717,-13.752521,1.3742979
66,1.852058172,-0.9372062683,105.26387786865234,1.138859231101518,-0.903932489575157,-90.0271258570039,1.1989806,-1.4574312,7.1583376,-2.0452046,-17.231308,1.4489958,11.468339,-22.222626,66.35429,4.214756,7.367346,5.4908137,-4.4276776,-8.279945,20.536194,65.385475,-21.604187,7.9475255,-4.887545,6.029808,-4.5844088,3.9888818,5.4958735,-11.409138,1.936923,9.006929,-1.2269421,-14.285914,5.670465,-13.815621,1.4464006
67,1.945086479,-1.046871185,105.23680114746094,1.1602425414279167,-0.8558524326449072,-90.06004811221982,1.251072,-1.4640704,7.078229,-2.1260622,-16.95984,1.6571935,11.533418,-22.153908,66.61129,4.080741,7.3785095,5.4782367,-4.2966638,-8.28151,20.468472,65.40126,-21.617462,7.950298,-4.870954,6.0488205,-4.6833506,4.0105553,5.4948034,-11.483372,2.0087235,9.007347,-1.3304918,-14.258733,5.7100744,-13.879533,1.5271927
68,2.028346777,-1.162061691,105.20574188232422,1.1916002051213752,-0.8002621150099835,-90.11136644052048,1.3189592,-1.4895567,6.998403,-2.2087495,-16.703463,1.9088081,11.6346,-22.04399,66.77989,3.9814003,7.405314,5.462886,-4.1593947,-8.283583,20.383646,65.3981,-21.636692,7.9506216,-4.8466344,6.066099,-4.790099,4.048327,5.4955044,-11.566789,2.0757859,8.874318,-1.4756362,-14.17683,5.999619,-14.0637245,1.6076678
69,2.107959986,-1.280208588,105.16971588134766,1.2302598027063611,-0.7294405853434999,-90.17506739104378,1.3957849,-1.5263585,6.8942,-2.2927494,-16.44114,2.1766486,11.734673,-21.91516,66.93478,3.9133828,7.4262586,5.469775,-4.023363,-8.283869,20.31677,65.405945,-21.625116,7.9500213,-4.830418,6.065701,-4.904873,4.0935698,5.495881,-11.649124,2.1420457,8.452883,-1.6985455,-14.000895,6.8197026,-14.50667,1.692809
70,2.193571091,-1.403694153,105.1280288696289,1.276714694925384,-0.646268668937962,-90.2496838841398,1.48048,-1.5726128,6.7715373,-2.3772585,-16.17709,2.4635403,11.835735,-21.76195,67.071945,3.8759649,7.442492,5.4892683,-3.8867924,-8.282246,20.257362,65.42049,-21.59449,7.9483685,-4.8185105,6.058076,-5.0347795,4.1460977,5.494074,-11.736331,2.2140925,7.961567,-1.9499965,-13.793011,7.7522573,-15.003476,1.7850444
71,2.280585051,-1.528270721,105.07672882080078,1.334913923098421,-0.5645275557044813,-90.35108122632892,1.5868483,-1.6323521,6.653915,-2.458075,-15.919929,2.7624834,11.940916,-21.57375,67.18284,3.8590412,7.45755,5.5055943,-3.7611659,-8.27953,20.20459,65.44333,-21.558777,7.9448357,-4.8069944,6.054694,-5.1838174,4.2227545,5.492282,-11.829165,2.2899904,7.3821354,-2.238807,-13.531596,8.853118,-15.571794,1.8799982
72,2.358417511,-1.64556694,105.01089477539062,1.4121893846368747,-0.49514517465468527,-90.49455095795224,1.7270555,-1.7110326,6.5630584,-2.5305703,-15.6835,3.0680485,12.053517,-21.338224,67.255936,3.853395,7.4754915,5.5022635,-3.658929,-8.275809,20.161446,65.47512,-21.529493,7.9390945,-4.791798,6.0656734,-5.356175,4.3393135,5.4906936,-11.927969,2.3646464,6.6926203,-2.5732682,-13.193921,10.177353,-16.228712,1.9707658
73,2.431736469,-1.756023407,104.93257904052734,1.5267467071002514,-0.43056692582334694,-90.6878189714955,1.9138198,-1.8254024,6.4895906,-2.5979195,-15.462172,3.3911245,12.178243,-21.040703,67.269615,3.875319,7.495233,5.465273,-3.5748734,-8.271126,20.132856,65.50576,-21.535765,7.9343324,-4.7652946,6.0811086,-5.578405,4.4982886,5.4896145,-12.032604,2.445446,5.8839135,-2.9766278,-12.766493,11.720454,-16.977432,2.0614882
74,2.493814707,-1.86047554,104.86538696289062,1.6717650773175972,-0.36584286287215606,-90.92235342254905,2.134805,-1.9719148,6.4271173,-2.6574097,-15.251486,3.7384624,12.316062,-20.684193,67.22287,3.9254496,7.518518,5.404486,-3.5084004,-8.264887,20.120592,65.53897,-21.56123,7.929648,-4.731213,6.094591,-5.8354583,4.691752,5.4918346,-12.143281,2.5251167,4.660839,-3.4863088,-12.160922,14.012236,-18.070293,2.1439393
75,2.564888,-1.974794388,104.7907485961914,1.822521269622479,-0.315010218440261,-91.18936368976357,2.3667326,-2.127406,6.398824,-2.6970901,-15.070373,4.094939,12.462625,-20.286083,67.14276,3.9688597,7.5517616,5.3409915,-3.4773338,-8.257012,20.120628,65.59743,-21.550533,7.91861,-4.702998,6.131348,-6.1105857,4.9183564,5.4915514,-12.26447,2.6119967,3.395547,-3.9911413,-11.5009985,16.372501,-19.143354,2.222721
76,2.631528139,-2.084413528,104.7225341796875,1.9503950842052835,-0.29411686000447773,-91.48219470432166,2.590496,-2.266061,6.4278,-2.708018,-14.937604,4.439126,12.610591,-19.869427,67.06676,3.9698265,7.5990553,5.2967353,-3.496831,-8.247701,20.12588,65.70248,-21.449135,7.895094,-4.6942234,6.2040653,-6.3581266,5.179081,5.490802,-12.391987,2.6900215,2.0587869,-4.459958,-10.790185,18.88604,-20.173723,2.2916842
77,2.701249361,-2.175701141,104.66081237792969,2.0543147041366683,-0.31311487511784364,-91.81241393410842,2.8303218,-2.383055,6.522488,-2.6994247,-14.85077,4.774012,12.757124,-19.394827,66.978806,3.930594,7.658243,5.268879,-3.5626714,-8.237816,20.126692,65.857025,-21.251698,7.854954,-4.7078424,6.3196363,-6.5826745,5.4852996,5.488272,-12.5227585,2.763525,0.63471335,-4.8923335,-10.018807,21.614902,-21.104492,2.3497868
78,2.770036459,-2.26871109,104.59840393066406,2.1480089202825416,-0.36238413956882287,-92.17975178790981,3.0863595,-2.4898899,6.669651,-2.6714408,-14.800217,5.106523,12.901913,-18.860928,66.873405,3.8710222,7.726454,5.248957,-3.6699553,-8.227712,20.129566,66.05173,-20.98558,7.8024874,-4.7364798,6.473941,-6.799399,5.833931,5.4877844,-12.666925,2.8330336,-0.86367095,-5.301835,-9.198378,24.515684,-21.824684,2.3977003
79,2.829518557,-2.367975235,104.53816986083984,2.228451023890363,-0.42581230656824975,-92.55665332439992,3.3076892,-2.5851424,6.8550673,-2.6088512,-14.796145,5.410341,13.040202,-18.366222,66.81755,3.771719,7.804283,5.253428,-3.8266492,-8.216903,20.14479,66.28657,-20.645071,7.7441106,-4.778817,6.6495094,-6.9962173,6.19778,5.488597,-12.819942,2.8929596,-2.4069917,-5.678239,-8.37887,27.478493,-22.195423,2.4255612
80,2.887012959,-2.469268799,104.48230743408203,2.2945209759363103,-0.4879972787049215,-92.9159248802139,3.4540312,-2.664717,7.063453,-2.5062504,-14.841656,5.6418147,13.165439,-18.035738,66.89832,3.5998044,7.8888307,5.3028803,-4.031781,-8.205151,20.170776,66.55623,-20.226196,7.6867647,-4.8346066,6.8240633,-7.1730394,6.548481,5.486806,-12.969467,2.9489787,-3.9660835,-6.013404,-7.6098285,30.400784,-22.136343,2.4166498
81,2.942261696,-2.559394836,104.4270248413086,2.344692642867501,-0.5547701774089204,-93.27688782951849,3.5519764,-2.7170808,7.301626,-2.3764057,-14.9440155,5.747708,13.246477,-17.948503,67.22538,3.279676,7.9318376,5.4599433,-4.2809954,-8.19966,20.175648,66.86777,-19.697918,7.627913,-4.9146905,6.9947596,-7.330097,6.90661,5.486825,-13.113017,3.0017555,-5.5649114,-6.324777,-6.899768,33.362255,-21.621363,2.4006848
82,3.02026844,-2.660478592,104.37853240966797,2.3811830797789604,-0.6312072570784596,-93.64404926894676,3.6045685,-2.7634685,7.5847754,-2.211901,-15.107691,5.815055,13.356767,-18.022041,67.623886,2.8291128,7.9767895,5.6771507,-4.5780067,-8.191799,20.179298,67.209785,-19.066116,7.5612974,-5.0112658,7.1838045,-7.4877243,7.276574,5.485262,-13.266621,3.0664918,-7.2107053,-6.618409,-6.2363834,36.39613,-20.72794,2.3769517
83,3.117355347,-2.776699066,104.34032440185547,2.3998510790544607,-0.7043784434300615,-93.97156418143126,3.6050048,-2.7891498,7.869363,-2.045897,-15.2981205,5.7704163,13.442312,-18.264809,68.170135,2.368485,8.054007,5.8849306,-4.8825483,-8.187929,20.163982,67.558365,-18.420334,7.500943,-5.1107664,7.373912,-7.6321535,7.6094246,5.4846334,-13.423502,3.1389794,-8.845376,-6.861143,-5.6144433,39.32373,-19.691046,2.2648513
84,3.189440727,-2.906677246,104.30399322509766,2.3952795983157245,-0.7605023407516304,-94.2128952241123,3.529978,-2.794969,8.123267,-1.8954254,-15.492468,5.6030893,13.5051365,-18.658442,68.82833,2.009338,8.224868,5.9934406,-5.1656513,-8.188948,20.138203,67.88243,-17.836142,7.45879,-5.195889,7.546731,-7.721618,7.858304,5.483624,-13.568571,3.1892323,-10.399246,-7.0062237,-5.020284,41.940777,-18.811579,1.9771794
85,3.262004614,-3.036422729,104.28250122070312,2.366639815961486,-0.7991108289646134,-94.35854976045935,3.3551807,-2.7835035,8.348492,-1.7461174,-15.700295,5.2967944,13.537906,-19.22307,69.6531,1.7453916,8.496948,5.9775786,-5.443395,-8.194751,20.120226,68.19394,-17.29625,7.446098,-5.2619724,7.691263,-7.768677,8.008543,5.484563,-13.694469,3.2326293,-11.903101,-7.032017,-4.4095507,44.319862,-18.237425,1.3735867
86,3.340015888,-3.183074951,104.26207733154297,2.31800136401826,-0.826681636913879,-94.43258687505889,3.098422,-2.754993,8.5590315,-1.5948912,-15.929064,4.8647256,13.539486,-19.9618,70.63767,1.5272323,8.842585,5.884725,-5.7237334,-8.205333,20.10499,68.50159,-16.768402,7.4544888,-5.318843,7.829577,-7.7865057,8.088114,5.4824944,-13.814529,3.274415,-13.362089,-6.9559608,-3.8049517,46.51059,-17.872238,0.55878633
87,3.418658495,-3.347864151,104.24967956542969,2.242583939679733,-0.8407574880805574,-94.43967047006308,2.7875602,-2.7032475,8.74169,-1.4631348,-16.15199,4.3484,13.505774,-20.783644,71.65699,1.4369304,9.267273,5.731957,-5.975159,-8.223886,20.070183,68.776596,-16.313019,7.46728,-5.368415,7.957245,-7.763046,8.107161,5.4835057,-13.931961,3.311269,-14.732165,-6.7975736,-3.270229,48.38921,-17.613123,-0.19469844
88,3.500503302,-3.519884109,104.24966430664062,2.136395207782859,-0.8377412785259036,-94.3839211681969,2.4419744,-2.6227846,8.883591,-1.3644911,-16.3442,3.7977045,13.43144,-21.57257,72.579254,1.572486,9.776033,5.5336957,-6.1713295,-8.254602,20.000397,68.991295,-15.990963,7.4686255,-5.4106593,8.066013,-7.69424,8.073787,5.4849787,-14.039402,3.3456874,-15.9647875,-6.5765557,-2.8516479,49.826653,-17.475708,-0.6196029
89,3.59251833,-3.712593079,104.26095581054688,1.9952727183150027,-0.811262513448968,-94.24488576693632,2.0333068,-2.5135498,8.975256,-1.2910026,-16.50129,3.213066,13.308496,-22.296852,73.39985,2.0189955,10.43198,5.2516565,-6.3134418,-8.298227,19.907862,69.14522,-15.809759,7.4532976,-5.445953,8.155637,-7.577286,7.970232,5.484864,-14.137864,3.3848917,-17.049725,-6.2880325,-2.5402882,50.786232,-17.554178,-0.575483
90,3.678508759,-3.909461975,104.28144073486328,1.8231321520882855,-0.7646314195637814,-94.02813082923043,1.5513645,-2.3783891,9.028507,-1.2281919,-16.637075,2.5854871,13.134739,-22.984806,74.16966,2.7282195,11.207937,4.884554,-6.420884,-8.353537,19.808197,69.25381,-15.737218,7.4315314,-5.4727397,8.222951,-7.405772,7.7994924,5.483681,-14.220742,3.4170668,-17.997477,-5.9338455,-2.319926,51.33189,-17.800905,-0.23145667
91,3.769312501,-4.124078751,104.30585479736328,1.6258598891175733,-0.7087611255161944,-93.77574191186376,1.0430433,-2.2140927,9.062855,-1.1815665,-16.758465,1.9492556,12.917857,-23.61246,74.84082,3.5961592,11.974074,4.502775,-6.4930024,-8.420376,19.692204,69.309395,-15.773553,7.4107823,-5.487914,8.291028,-7.2006345,7.601622,5.48176,-14.308109,3.4433594,-18.86112,-5.5413218,-2.1968358,51.54429,-18.06164,0.21014576
92,3.869187593,-4.349266052,104.33377075195312,1.4100557964970624,-0.6553014544032564,-93.5299382240377,0.5528839,-2.018091,9.097966,-1.1534822,-16.868088,1.3443714,12.672568,-24.146643,75.356,4.52058,12.606295,4.180503,-6.531232,-8.499332,19.550451,69.30546,-15.921534,7.397885,-5.4868975,8.367531,-6.9779367,7.415428,5.481272,-14.4053955,3.461483,-19.660135,-5.134621,-2.1860414,51.472675,-18.17931,0.55153847
93,3.967032671,-4.581033707,104.36996459960938,1.1575524709175316,-0.6021573099021093,-93.28810627179192,0.07218823,-1.7739273,9.130894,-1.1439273,-16.964865,0.7861812,12.404565,-24.571579,75.672005,5.604836,13.129137,3.9164276,-6.5343556,-8.589637,19.378988,69.2295,-16.242514,7.3957095,-5.4592395,8.450809,-6.7067184,7.2431283,5.4820313,-14.512316,3.4542875,-20.374128,-4.704895,-2.3541253,51.0715,-18.09776,0.7401506
94,4.064927578,-4.820102692,104.4016342163086,0.8723249249531437,-0.5442399634165112,-93.03226689360123,-0.41924754,-1.4898468,9.15567,-1.1485338,-17.046263,0.26062375,12.115474,-24.898773,75.814384,6.862932,13.592616,3.6758168,-6.504734,-8.690314,19.185036,69.08936,-16.71585,7.399607,-5.4094687,8.53499,-6.391315,7.0663176,5.4839296,-14.625201,3.4294884,-20.966173,-4.2445164,-2.6816576,50.28584,-17.891426,0.8835174
95,4.162191391,-5.074224472,104.43206787109375,0.5910713328653454,-0.489934693668545,-92.78156121487079,-0.89164585,-1.2006133,9.18753,-1.166954,-17.125883,-0.23932424,11.818118,-25.141735,75.8266,8.050249,13.917908,3.4907074,-6.444664,-8.800003,18.976248,68.902214,-17.21837,7.4065123,-5.3559127,8.636259,-6.0806046,6.8977733,5.4848266,-14.75088,3.4025702,-21.584238,-3.7748213,-3.0070837,49.325413,-17.623316,1.0154475
96,4.242007494,-5.323440552,104.45790100097656,0.3490403367618614,-0.44845697416953534,-92.5560472273486,-1.3147955,-0.9421784,9.241565,-1.1980532,-17.215782,-0.71707016,11.532646,-25.315172,75.7417,8.917796,14.031988,3.3967614,-6.3576365,-8.917603,18.760735,68.68566,-17.626806,7.413097,-5.316537,8.751794,-5.8105326,6.7494802,5.4848084,-14.8774605,3.379633,-22.121641,-3.3214304,-3.2419963,48.16345,-17.358688,1.1887883
97,4.326064944,-5.57416153,104.47042083740234,0.1533941044912541,-0.42181597620883204,-92.35872101502657,-1.6835551,-0.721963,9.321032,-1.2403036,-17.317358,-1.1582559,11.275271,-25.414158,75.52203,9.385327,13.892544,3.4301841,-6.2446322,-9.044282,18.536314,68.43567,-17.918995,7.4157076,-5.2951717,8.88852,-5.6062746,6.622004,5.482533,-15.009756,3.3807247,-22.429905,-2.8842175,-3.4079869,46.62736,-17.100708,1.4310123
98,4.38903892,-5.834815979,104.4673080444336,-0.012250626341782948,-0.40603528624604984,-92.17859312415727,-2.0149064,-0.5260886,9.419995,-1.2943431,-17.428993,-1.5558431,11.050613,-25.436316,75.13529,9.584294,13.558577,3.5631473,-6.1024294,-9.178444,18.301208,68.1393,-18.155312,7.4176292,-5.281209,9.043477,-5.4290705,6.5101204,5.4841404,-15.152605,3.3807838,-23.045435,-2.4447563,-3.417824,45.200245,-16.813068,1.6783879
99,4.45358777,-6.102563858,104.45527648925781,-0.15334732753353378,-0.4021219731224625,-92.01706506737611,-2.3097467,-0.3579343,9.53851,-1.3605381,-17.552479,-1.9255911,10.860058,-25.402021,74.628075,9.581574,13.107979,3.73601,-5.9335647,-9.315646,18.063866,67.81122,-18.338367,7.423526,-5.2729073,9.222418,-5.287311,6.415291,5.4811077,-15.3054495,3.388336,-23.419218,-2.009734,-3.4158037,43.432728,-16.491272,1.9520761
100,4.516214609,-6.37046051,104.43242645263672,-0.26788368197223494,-0.4109481774809514,-91.87473418087471,-2.5685878,-0.22094086,9.675966,-1.4403718,-17.687613,-2.286144,10.7022295,-25.336657,74.05324,9.43953,12.616453,3.889682,-5.7393966,-9.448922,17.832693,67.46687,-18.469416,7.437858,-5.2696905,9.418467,-5.1802483,6.3367944,5.4789667,-15.46797,3.397532,-23.79677,-1.5829614,-3.3309104,41.630997,-16.13374,2.2134826
101,4.561931252,-6.652746201,104.39529418945312,-0.362965966936341,-0.43332012031586387,-91.75584937554302,-2.7808688,-0.1122047,9.830971,-1.5413622,-17.834467,-2.637565,10.580518,-25.232977,73.41749,9.087339,12.041568,4.0237513,-5.5145845,-9.57474,17.604664,67.10746,-18.529686,7.46099,-5.279044,9.643014,-5.0908303,6.2844005,5.481211,-15.653642,3.3929136,-24.108473,-1.1549329,-3.161498,39.703953,-15.722875,2.4556384
102,4.588058233,-6.947629929,104.35112762451172,-0.4332163059313389,-0.4689492636046144,-91.65731790174334,-2.9514794,-0.033378977,10.003762,-1.6593362,-17.991995,-2.9692612,10.496543,-25.083712,72.6911,8.519533,11.364563,4.159141,-5.262449,-9.691869,17.376863,66.73052,-18.525715,7.4895077,-5.3002324,9.893559,-5.023471,6.253468,5.480707,-15.852036,3.377217,-24.38474,-0.72842824,-2.9071438,37.659748,-15.267311,2.6900961
103,4.610762239,-7.262714386,104.29383850097656,-0.47215364394841897,-0.5180283135414286,-91.56998827099405,-3.1021905,0.0064566047,10.19454,-1.7784187,-18.161001,-3.2892063,10.441901,-24.917366,71.884895,7.892095,10.695772,4.2746506,-5.0006094,-9.798745,17.158426,66.352936,-18.498978,7.521093,-5.321493,10.173896,-4.9965763,6.2306447,5.481559,-16.071085,3.3681314,-24.631083,-0.3270903,-2.6020324,35.558643,-14.783474,2.9298878
104,4.625079393,-7.583528519,104.22314453125,-0.47689622482585275,-0.5803681967990414,-91.48428961284857,-3.2513375,0.0010906027,10.401782,-1.8859887,-18.338356,-3.615437,10.401708,-24.770445,71.02563,7.3560877,10.141445,4.356111,-4.7434974,-9.89313,16.9563,65.99129,-18.489576,7.553882,-5.331989,10.474929,-5.009144,6.2020073,5.483287,-16.299921,3.3688362,-24.84037,0.023450406,-2.2838538,33.451416,-14.292445,3.1875746
105,4.635639548,-7.913368225,104.14076232910156,-0.4367502533612209,-0.6579464650804301,-91.40205864289669,-3.3921993,-0.056884512,10.627388,-1.9851421,-18.526203,-3.9601784,10.366634,-24.649157,70.11853,6.88808,9.716512,4.4012575,-4.4890304,-9.974454,16.761646,65.638596,-18.501402,7.590558,-5.3244123,10.799049,-5.0780797,6.163762,5.482409,-16.536533,3.388426,-25.03828,0.30771822,-1.9370866,31.358957,-13.80356,3.4638586
106,4.634555936,-8.256518364,104.03974914550781,-0.357298039655677,-0.7515986257733573,-91.32613728641664,-3.529214,-0.16936353,10.862577,-2.067627,-18.714687,-4.312133,10.345565,-24.54962,69.16958,6.404627,9.365553,4.428967,-4.2624664,-10.021913,16.609913,65.34533,-18.497225,7.6239505,-5.323463,11.1553335,-5.192054,6.123278,5.478863,-16.78871,3.416737,-25.19228,0.53712285,-1.5561385,29.216722,-13.296855,3.751541
107,4.635080576,-8.626958847,103.93231964111328,-0.25191550925939754,-0.8578500771560912,-91.24768090210398,-3.6402311,-0.29908186,11.116574,-2.1720307,-18.913345,-4.703666,10.309771,-24.463055,68.228455,6.0556417,9.07922,4.43587,-3.9808736,-10.089166,16.400951,64.99806,-18.545229,7.665071,-5.299733,11.540249,-5.3402777,6.076713,5.4810615,-17.06451,3.4538934,-25.331055,0.72118956,-1.1627072,27.100412,-12.786883,4.0474243
108,4.64094007,-9.009216309,103.80931854248047,-0.13039114867054255,-0.973453547390234,-91.15732750167801,-3.7800186,-0.45548326,11.360517,-2.248408,-19.09174,-5.107888,10.280875,-24.43076,67.32741,5.8623705,8.855617,4.4541593,-3.7428744,-10.123596,16.281858,64.76343,-18.574944,7.690784,-5.3134847,11.945766,-5.5111027,6.019342,5.4817667,-17.350801,3.496213,-25.455942,0.8677597,-0.78475356,25.040144,-12.269344,4.348732
109,4.635090113,-9.407652855,103.67231750488281,0.003997563124505702,-1.1030810159119993,-91.05540035120308,-3.901007,-0.6171293,11.612218,-2.3499,-19.269552,-5.579692,10.21982,-24.453844,66.50583,5.927759,8.694011,4.475425,-3.4613616,-10.166695,16.131977,64.522064,-18.66453,7.713746,-5.340294,12.379748,-5.689857,5.9547706,5.4828563,-17.651833,3.530451,-25.566248,0.97391236,-0.3833378,23.030045,-11.740728,4.6417246
110,4.62418592,-9.831068993,103.5177230834961,0.16106418157974206,-1.2483705242565186,-90.94370010504623,-4.0296717,-0.8038792,11.865347,-2.4437022,-19.437586,-6.086007,10.146582,-24.519903,65.72709,6.1678643,8.596856,4.5021605,-3.1911592,-10.192981,16.028055,64.34237,-18.761917,7.7291226,-5.3941917,12.850299,-5.8934693,5.880728,5.4844303,-17.975079,3.5656197,-25.639011,1.0278838,0.0344263,21.028597,-11.197597,4.930389
111,4.607339382,-10.26906681,103.35028076171875,0.3314308504931499,-1.400479431353251,-90.81537621579736,-4.1721554,-1.0046631,12.108099,-2.530249,-19.582972,-6.6260858,10.055788,-24.639856,65.02574,6.5061054,8.537908,4.535898,-2.9249861,-10.2089205,15.946962,64.22013,-18.857225,7.7376637,-5.4522796,13.338385,-6.106965,5.7904873,5.4864244,-18.30792,3.5994246,-25.689596,1.0335792,0.38114864,19.070902,-10.648743,5.240378
112,4.591289163,-10.72740173,103.17448425292969,0.509392406277141,-1.5508269471083482,-90.66324941917031,-4.360492,-1.2191812,12.331539,-2.5839353,-19.698465,-7.154651,9.975396,-24.796377,64.37002,6.861735,8.5055895,4.5716686,-2.68577,-10.214502,15.91237,64.175125,-18.920824,7.7378297,-5.495718,13.838329,-6.32503,5.678035,5.4865127,-18.649246,3.634773,-25.709627,0.9978173,0.56269866,17.169561,-10.102248,5.600005
113,4.57869339,-11.22046661,102.98775482177734,0.6980381381963578,-1.702720488088164,-90.4871294541433,-4.5555973,-1.4358963,12.526546,-2.644581,-19.767235,-7.7478676,9.853472,-25.078577,63.87211,7.2344728,8.481552,4.6435027,-2.434705,-10.219016,15.882874,64.19091,-18.941917,7.728078,-5.5165677,14.361085,-6.553598,5.544309,5.488953,-19.01114,3.6740248,-25.70872,0.9178532,0.58398783,15.340578,-9.556147,6.048332
114,4.562819719,-11.72323227,102.79481506347656,0.8985018460307477,-1.8603117708145587,-90.28872651691321,-4.7779403,-1.6652402,12.706629,-2.6903338,-19.804222,-8.3579855,9.71955,-25.423605,63.443268,7.674576,8.490984,4.731383,-2.1907501,-10.220928,15.884313,64.2679,-18.934195,7.709679,-5.521981,14.898479,-6.788822,5.388955,5.489082,-19.376904,3.7130873,-25.732664,0.7950216,0.49398556,13.646342,-9.036732,6.561083
115,4.554457545,-12.25169182,102.58657836914062,1.1051916852167727,-2.016861295286202,-90.06214771324154,-5.02772,-1.900979,12.870402,-2.7266424,-19.818981,-8.989478,9.574067,-25.819042,63.105488,8.09869,8.512207,4.8029423,-1.9462732,-10.218936,15.899012,64.387085,-18.921213,7.690557,-5.5263214,15.449066,-7.028823,5.204907,5.4904404,-19.754852,3.7580283,-25.716377,0.64176697,0.2365934,12.007113,-8.537356,7.075956
116,4.54311645,-12.78892803,102.37865447998047,1.3057216363143798,-2.1620280582718676,-89.80829946319662,-5.2998652,-2.1305885,13.015612,-2.75735,-19.82035,-9.64499,9.419225,-26.245623,62.876553,8.428045,8.523357,4.8247356,-1.695637,-10.21089,15.905875,64.530876,-18.931662,7.6780963,-5.5431943,15.992354,-7.2480974,4.994387,5.491091,-20.130955,3.7977326,-25.746035,0.48812062,-0.2050218,10.545033,-8.108051,7.527003
117,4.540012717,-13.36878967,102.1648178100586,1.4994404022731862,-2.2898105397963966,-89.530783691376,-5.592209,-2.3530078,13.136213,-2.781195,-19.80679,-10.322152,9.254627,-26.708199,62.75986,8.652327,8.519873,4.799749,-1.4385295,-10.19423,15.905324,64.70369,-18.978924,7.6704273,-5.577003,16.542732,-7.454352,4.761794,5.4917817,-20.527195,3.838316,-25.774824,0.34143576,-0.8753533,9.195909,-7.735294,7.893854
118,4.520677686,-13.96067905,101.95943450927734,1.682518349445493,-2.3999400320779247,-89.23872967097206,-5.8974915,-2.5637062,13.2316675,-2.796422,-19.775743,-11.020537,9.078777,-27.212276,62.74393,8.809512,8.5124855,4.7422585,-1.1808954,-10.168429,15.904188,64.91502,-19.049194,7.663454,-5.620863,17.077608,-7.627039,4.5181384,5.492779,-20.921175,3.8627412,-25.920946,0.20999084,-1.7126521,8.120561,-7.4626555,8.210255
119,4.501521349,-14.569314,101.75031280517578,1.8555988334242766,-2.500275950409549,-88.92314747163535,-6.221725,-2.7676947,13.312905,-2.8057747,-19.735966,-11.742032,8.893456,-27.736658,62.819603,8.896031,8.504563,4.6344485,-0.9228116,-10.133742,15.891601,65.15021,-19.129883,7.662896,-5.669753,17.613337,-7.7764072,4.254811,5.4927683,-21.320211,3.8833547,-26.05007,0.081138894,-2.698127,7.1675377,-7.2595453,8.508822
120,4.481564522,-15.20042467,101.53741455078125,2.0084554116406816,-2.5930103465071177,-88.58547455254629,-6.561416,-2.9578912,13.3895645,-2.8115876,-19.697748,-12.487715,8.70262,-28.257086,62.97445,8.910704,8.498803,4.457405,-0.66572124,-10.08927,15.856203,65.3928,-19.209139,7.673789,-5.718172,18.154451,-7.889361,3.9773247,5.4941354,-21.728624,3.8977387,-26.178219,-0.03656239,-3.7702901,6.336368,-7.1058297,8.811874
121,4.456414819,-15.85041428,101.32869720458984,2.1485475879196856,-2.6815435054379804,-88.2088025705163,-6.93489,-3.1457083,13.463274,-2.8062882,-19.655653,-13.254636,8.509055,-28.772625,63.21129,8.82433,8.495239,4.194066,-0.41194144,-10.033394,15.8024645,65.65164,-19.286272,7.700135,-5.774814,18.70136,-7.9663224,3.6684449,5.493279,-22.139202,3.905136,-26.36125,-0.16533959,-4.9832644,5.8020906,-7.1361084,9.157732
122,4.435312629,-16.5153656,101.1243667602539,2.263974352420548,-2.7538846654806703,-87.813964926926,-7.3250813,-3.316047,13.525766,-2.788859,-19.611473,-14.039628,8.313143,-29.289698,63.52613,8.648524,8.494248,3.858218,-0.16643453,-9.964797,15.737125,65.93458,-19.366795,7.7369757,-5.8400483,19.239506,-8.002993,3.3497777,5.49351,-22.55456,3.9075868,-26.77794,-0.29283348,-6.284386,5.7637973,-7.3803544,9.512694
123,4.414049268,-17.19243574,100.93089294433594,2.3373814881479587,-2.798256526838124,-87.44171782162559,-7.7035427,-3.4449842,13.577738,-2.7591503,-19.581238,-14.82131,8.130398,-29.77306,63.86397,8.453222,8.506663,3.471102,0.06035753,-9.890183,15.663706,66.22255,-19.448036,7.778142,-5.891434,19.753944,-7.986093,3.0662603,5.4947376,-22.972794,3.8963516,-27.255556,-0.36234182,-7.558457,5.741988,-7.5024533,9.797732
124,4.384048104,-17.88765812,100.73306274414062,2.417513362599629,-2.8370649997141437,-87.0669930086578,-8.072563,-3.5806394,13.6219225,-2.750002,-19.560135,-15.63071,7.937435,-30.25491,64.26061,8.281681,8.531386,3.064582,0.29332066,-9.80454,15.546345,66.49175,-19.53482,7.818482,-5.9112945,20.27357,-7.9647727,2.7812378,5.494958,-23.396278,3.87841,-27.554432,-0.475178,-8.738268,5.7266884,-7.6710825,10.014308
125,4.349031687,-18.58239698,100.54694366455078,2.4349154091677008,-2.849475038424776,-86.73913090866881,-8.463446,-3.6528451,13.677446,-2.6887212,-19.57702,-16.343063,7.8233333,-30.566635,64.51635,8.214082,8.607063,2.5812504,0.4800076,-9.746886,15.470489,66.730156,-19.605343,7.8647833,-5.868004,20.767363,-7.870902,2.5640957,5.4967656,-23.819435,3.8376384,-27.805918,-0.50228125,-9.7908325,5.6850567,-7.7568593,10.096754
126,4.327106953,-19.30420828,100.35853576660156,2.4611802036919035,-2.84482751267402,-86.40066527090698,-8.76695,-3.7280982,13.700482,-2.7274196,-19.577827,-17.232199,7.6103578,-31.066107,65.06541,8.056375,8.65654,2.0889065,0.7181715,-9.637415,15.2539835,66.976,-19.69911,7.8982067,-5.819176,21.256216,-7.7862215,2.331502,5.4966636,-24.249533,3.8056848,-28.046354,-0.5627807,-10.78035,5.7223334,-7.83944,10.100212
127,4.295944095,-20.04765439,100.20488739013672,2.464141582635577,-2.8224330617082107,-86.10004783523625,-9.038634,-3.772933,13.722454,-2.7644925,-19.602692,-18.113146,7.396313,-31.500803,65.62041,7.960106,8.710556,1.5956047,0.95511204,-9.52731,15.001953,67.18383,-19.816015,7.936903,-5.7456145,21.727066,-7.689022,2.144956,5.4983644,-24.676037,3.775328,-28.198957,-0.58614373,-11.627198,5.7414327,-7.854914,10.022916
128,4.258624673,-20.8009882,100.0620346069336,2.4506140915890637,-2.7871672454451715,-85.85670878197783,-9.265252,-3.7939322,13.747514,-2.7899454,-19.663094,-18.95936,7.204564,-31.895397,66.122856,7.9064274,8.767978,1.1643114,1.1864003,-9.42043,14.75317,67.34093,-19.935019,7.983817,-5.664073,22.190569,-7.5778074,2.033538,5.5063424,-25.088556,3.730773,-28.229574,-0.56238985,-12.248469,5.697638,-7.749905,9.870998
129,4.207799554,-21.56350076,99.93415069580078,2.4445190977038225,-2.74406560526182,-85.66550065029062,-9.436727,-3.8159056,13.772028,-2.814022,-19.751795,-19.807472,7.022998,-32.297092,66.62442,7.8742437,8.832741,0.7963526,1.420577,-9.3041,14.47454,67.446335,-20.082003,8.045827,-5.5677023,22.64832,-7.482242,1.9916972,5.523187,-25.456303,3.6801689,-28.292662,-0.5543521,-12.564446,5.8954325,-7.6839514,9.625517
130,4.137936473,-22.34032935,99.80320739746094,2.4353133293296425,-2.6914555046663344,-85.51753297096583,-9.581886,-3.8301744,13.798662,-2.8210776,-19.871138,-20.627201,6.8748126,-32.668484,67.08251,7.871674,8.915358,0.460669,1.6443454,-9.188488,14.196394,67.50766,-20.236954,8.121003,-5.449181,23.102604,-7.390619,2.0213323,5.5456486,-25.743137,3.6230605,-28.379295,-0.54855645,-12.633235,6.307665,-7.6504483,9.2916155
131,4.058606625,-23.14206554,99.7002182006836,2.403301012754491,-2.624177046790786,-85.40818270257384,-9.668083,-3.8203402,13.822093,-2.8520393,-20.01776,-21.43537,6.733068,-33.05352,67.519875,7.880477,8.984778,0.19385043,1.8797085,-9.057289,13.884146,67.53378,-20.394875,8.1849165,-5.3423357,23.550379,-7.2758713,2.1296592,5.5747404,-25.91114,3.547792,-28.475477,-0.5166621,-12.513168,6.9083366,-7.604924,8.923477
132,3.98825562,-23.97026813,99.59197998046875,2.3364182738747874,-2.538387437559356,-85.32853045928421,-9.71953,-3.7708704,13.84077,-2.8996413,-20.195879,-22.178383,6.614543,-33.40007,67.859436,7.922908,9.02535,0.018277708,2.120283,-8.927251,13.593142,67.52776,-20.505825,8.222568,-5.269807,23.991976,-7.1146436,2.3131654,5.608822,-25.922812,3.437843,-28.595642,-0.44628188,-12.257368,7.728197,-7.532945,8.57675
133,3.911931157,-24.82546997,99.50263214111328,2.244859989623307,-2.447934579059405,-85.27401648571026,-9.73931,-3.6955364,13.864785,-2.9634745,-20.405651,-22.85644,6.5222354,-33.706818,68.09449,8.019837,9.037082,-0.046998896,2.3689725,-8.800919,13.347448,67.489136,-20.535255,8.2248535,-5.2389884,24.449745,-6.9181404,2.5679379,5.6463866,-25.755894,3.285226,-28.732538,-0.36909327,-11.785813,8.881707,-7.4840093,8.322777
134,3.833794713,-25.68792677,99.41170501708984,2.1339931568990282,-2.3589282885456493,-85.23189392323206,-9.74632,-3.6026018,13.895989,-3.034697,-20.643692,-23.477985,6.4588504,-33.9766,68.24202,8.162579,9.030411,-0.021858336,2.6225052,-8.678221,13.139872,67.41714,-20.502659,8.204199,-5.234936,24.925667,-6.6948433,2.8783705,5.6934466,-25.398996,3.0879629,-28.921734,-0.2999207,-11.106585,10.408769,-7.4940352,8.122808
135,3.737859488,-26.5806241,99.33365631103516,1.988383791773678,-2.2542223979275953,-85.18078120256253,-9.76351,-3.469432,13.917528,-3.115687,-20.906477,-24.033178,6.4245863,-34.2096,68.30136,8.3078375,9.001307,0.064874396,2.879016,-8.560955,12.936344,67.31606,-20.46129,8.17444,-5.2507763,25.39422,-6.4162107,3.2126992,5.7463017,-24.839558,2.8352726,-29.203436,-0.19825621,-10.415949,12.154523,-7.494275,7.8603954
136,3.630724669,-27.48961878,99.28172302246094,1.7878536747712015,-2.1081316445561717,-85.10994954575808,-9.800872,-3.2651386,13.908038,-3.2122338,-21.194988,-24.515425,6.4177766,-34.40748,68.2748,8.412387,8.944346,0.18454005,3.1385107,-8.452398,12.696057,67.1871,-20.468182,8.149256,-5.27879,25.819857,-6.049587,3.5428736,5.8072224,-24.089895,2.5176454,-29.594221,-0.013793181,-9.912608,13.904442,-7.3846908,7.4087143
137,3.549068451,-28.44352102,99.24100494384766,1.5038238729864843,-1.877965725902732,-85.01688930940918,-9.855486,-2.9501576,13.838397,-3.3374243,-21.518347,-24.923538,6.4389215,-34.58616,68.15028,8.470817,8.843967,0.3489624,3.4144268,-8.353161,12.392471,67.005936,-20.55651,8.130067,-5.321638,26.160711,-5.5542493,3.8552587,5.878035,-23.209791,2.1118047,-30.128172,0.29638135,-9.661043,15.586421,-7.0713654,6.642616
138,3.489914179,-29.4345088,99.21124267578125,1.1506466891174774,-1.5828706835186337,-84.90758244473326,-9.917741,-2.542855,13.725369,-3.490246,-21.874691,-25.267115,6.4875684,-34.747757,67.934525,8.500546,8.707641,0.5671543,3.7100182,-8.261252,12.039433,66.7728,-20.697702,8.110286,-5.378882,26.446596,-4.954718,4.14589,5.953308,-22.264814,1.6240387,-30.738531,0.6963183,-9.580751,17.2329,-6.5971813,5.6481104
139,3.396550417,-30.41838074,99.21578216552734,0.760323319228408,-1.281103784614909,-84.7977285123373,-9.977531,-2.0864103,13.612227,-3.6525578,-22.249107,-25.555815,6.5587344,-34.86629,67.661476,8.497201,8.561021,0.8072952,4.0055866,-8.175664,11.662968,66.52788,-20.850386,8.091214,-5.4402056,26.732422,-4.3080177,4.4173255,6.03483,-21.288187,1.0978565,-31.34889,1.1310225,-9.627529,18.837343,-6.0143695,4.568064
140,3.304351807,-31.40355492,99.2158203125,0.37038029268196715,-1.034707352359479,-84.70325347465844,-10.025669,-1.6292372,13.54345,-3.8051374,-22.62532,-25.798092,6.644848,-34.909832,67.36769,8.4613285,8.428845,1.0366058,4.280071,-8.097185,11.292403,66.31171,-20.970697,8.074847,-5.496045,26.075901,-3.5924325,4.481869,8.124819,-21.315712,0.5824242,-31.819267,1.5468746,-9.756634,20.33632,-5.2473693,3.4751751
141,3.218407154,-32.41250038,99.22442626953125,-0.02443757785574917,-0.8556827897382766,-84.63409937958228,-10.053844,-1.1624165,13.536721,-3.9474127,-23.023268,-26.00126,6.740566,-34.856487,67.06008,8.408394,8.306569,1.2505549,4.5362825,-8.028628,10.91687,66.10816,-21.048094,8.062138,-5.5527782,25.628763,-2.8987737,4.5603228,10.075904,-21.371256,0.10899399,-32.17919,1.9390898,-9.970637,21.786604,-4.2651396,2.3487914
142,3.157477856,-33.43170643,99.23399353027344,-0.45037796511038736,-0.7006451270008848,-84.57805961531274,-10.072726,-0.65304214,13.555436,-4.0877795,-23.44301,-26.161705,6.844351,-34.718925,66.730736,8.3414545,8.180819,1.4646364,4.781731,-7.971024,10.530128,65.904434,-21.101921,8.05287,-5.6132593,25.10962,-2.1582658,4.6067405,12.077243,-21.387405,-0.35393238,-32.453316,2.3411543,-10.305802,23.152878,-3.109166,1.1078696
143,3.07560873,-34.47336197,99.25080871582031,-0.8833458825150633,-0.5721920907617394,-84.54150733270234,-10.077921,-0.13887922,13.581113,-4.219534,-23.839966,-26.268778,6.9548907,-34.51991,66.39286,8.240134,8.062042,1.6787337,5.000045,-7.923831,10.1708765,65.748924,-21.130552,8.046308,-5.66475,24.562223,-1.4092739,4.6316285,14.10406,-21.240753,-0.82431406,-32.630463,2.7388904,-10.698809,24.426449,-1.9726689,-0.19193898
144,2.987016201,-35.54199314,99.27471923828125,-1.294750099236111,-0.47788281770126306,-84.53348150322559,-10.064412,0.33648205,13.598448,-4.3321657,-24.164873,-26.309742,7.0721593,-34.279587,66.05896,8.083515,7.9608874,1.8937725,5.169895,-7.8860636,9.887764,65.695,-21.126446,8.0419,-5.696546,24.12981,-0.7079283,4.6679792,16.0436,-20.877876,-1.3149273,-32.67631,3.1208935,-11.083356,25.576994,-1.0325574,-1.4665263
145,2.910629272,-36.62314224,99.3013916015625,-1.6972146392320695,-0.41860581781206085,-84.56355437684218,-10.029091,0.7800629,13.603797,-4.419691,-24.419872,-26.272177,7.1977177,-33.979107,65.717804,7.870285,7.88778,2.1179109,5.2853055,-7.859043,9.701409,65.77347,-21.055645,8.030831,-5.71289,23.737106,-0.037439253,4.718522,17.978052,-20.323122,-1.8625468,-32.588165,3.515146,-11.439128,26.60907,-0.39894453,-2.6001992
146,2.842611074,-37.70764637,99.34923553466797,-2.096853718701954,-0.3928031394700613,-84.62925287388309,-9.974233,1.2052777,13.604801,-4.4841304,-24.625256,-26.162222,7.33336,-33.610012,65.36331,7.6117535,7.8351727,2.3488522,5.3517933,-7.845055,9.5959635,65.95688,-20.925127,8.016587,-5.71991,23.37587,0.6119649,4.7787604,19.918705,-19.597767,-2.450331,-32.38548,3.9275818,-11.770872,27.542633,-0.11532382,-3.561296
147,2.776364088,-38.79867649,99.41693878173828,-2.468242125966505,-0.3905767711503813,-84.70999514250336,-9.912307,1.5935273,13.593801,-4.530124,-24.762808,-25.99859,7.4792438,-33.215088,65.01716,7.3011746,7.785969,2.5703254,5.367345,-7.841425,9.561521,66.20881,-20.790155,8.016528,-5.7088246,22.960442,1.2218801,4.788665,21.939804,-18.654655,-3.0223632,-32.087242,4.3278522,-12.071552,28.366581,-0.1722487,-4.3624945
148,2.716813803,-39.9003067,99.51378631591797,-2.7856935179131437,-0.40217047508691395,-84.78444411399562,-9.852996,1.925106,13.564022,-4.5654197,-24.81564,-25.803211,7.6334157,-32.84763,64.706375,6.924705,7.722304,2.7673025,5.331581,-7.8424253,9.583406,66.49192,-20.707668,8.047563,-5.6709223,22.412142,1.7706608,4.6890926,24.099953,-17.437223,-3.527659,-31.693916,4.6878524,-12.341124,29.048151,-0.5083968,-4.9942756
149,2.639805794,-40.99404716,99.63121032714844,-3.0408914423338937,-0.42550463555770507,-84.84493135758947,-9.797614,2.1907997,13.508886,-4.5989146,-24.77834,-25.573713,7.794188,-32.53349,64.445984,6.406534,7.625252,2.9420376,5.241375,-7.8445954,9.666197,66.82811,-20.700846,8.120238,-5.604128,21.699036,2.2358127,4.449428,26.445585,-15.909298,-3.8925898,-31.204678,5.003371,-12.586225,29.574356,-1.0355566,-5.4487443
150,2.560877323,-42.09789085,99.77972412109375,-3.246700540112254,-0.46603972289982143,-84.90408812060689,-9.734648,2.4003747,13.4344015,-4.6298046,-24.660433,-25.307083,7.9600873,-32.254925,64.22612,5.7687516,7.507608,3.101818,5.1016417,-7.8473215,9.806226,67.22439,-20.740498,8.222621,-5.5131683,20.865168,2.6232727,4.107929,28.929562,-14.102039,-4.179307,-30.617172,5.29594,-12.805893,29.960821,-1.6784153,-5.737597
151,2.477542639,-43.20808411,99.95126342773438,-3.4081675811531413,-0.5254635213740461,-84.97176684096004,-9.652843,2.560751,13.352104,-4.652643,-24.465984,-25.027393,8.127755,-31.999212,64.040955,5.1475487,7.399251,3.239227,4.9256277,-7.8500376,9.970369,67.62079,-20.80956,8.338323,-5.3999653,19.942171,2.950994,3.7017002,31.478483,-12.063182,-4.5427866,-29.955278,5.5670505,-12.990117,30.246746,-2.3743105,-5.922662
152,2.395625591,-44.3096714,100.13127136230469,-3.529187872543029,-0.6060875644312319,-85.05787625831994,-9.536912,2.6785457,13.273923,-4.6657033,-24.199278,-24.762856,8.291435,-31.757765,63.88843,4.6779485,7.330191,3.347996,4.730294,-7.851658,10.117389,67.95376,-20.895529,8.450628,-5.265413,18.947083,3.2357326,3.2523177,34.059277,-9.865037,-5.1363797,-29.214165,5.7775702,-13.111193,30.555088,-3.190013,-6.021354
153,2.301882505,-45.38679886,100.31346130371094,-3.587950682997437,-0.7166089634363507,-85.15990745024159,-9.381536,2.7313814,13.195958,-4.6667895,-23.829401,-24.525312,8.445591,-31.542665,63.7996,4.375691,7.300098,3.4157727,4.522795,-7.8484597,10.22612,68.22153,-21.01966,8.563723,-5.087562,17.897228,3.4441311,2.7247941,36.645233,-7.4248643,-6.0637345,-28.433176,5.941569,-13.174543,30.816189,-4.0242376,-6.1052976
154,2.200438738,-46.44721985,100.51038360595703,-3.5857637145429964,-0.8540541461539531,-85.27655304879548,-9.18548,2.7204216,13.1142,-4.6649375,-23.36339,-24.310188,8.586458,-31.361376,63.77949,4.17562,7.29364,3.4507585,4.2991266,-7.8394637,10.305951,68.44825,-21.18922,8.682615,-4.8727274,16.76396,3.5496428,2.087708,39.29244,-4.762013,-7.252636,-27.59158,6.0601497,-13.189741,30.993752,-4.8546386,-6.1800694
155,2.088142157,-47.48899269,100.71118927001953,-3.5597472468667535,-1.0032967167384998,-85.41913525642624,-8.941891,2.6889443,13.039921,-4.6740303,-22.867949,-24.120043,8.711022,-31.195078,63.78649,4.092876,7.318313,3.4773781,4.0575314,-7.8306217,10.365979,68.610916,-21.367765,8.792079,-4.6643558,15.53004,3.5854452,1.3795185,42.01086,-2.0473752,-8.580067,-26.707258,6.1803627,-13.172044,31.082218,-5.6476393,-6.245242
156,1.992464781,-48.50741577,100.90341186523438,-3.553188862148008,-1.1489930473444827,-85.59641840841851,-8.649684,2.682716,12.984907,-4.704332,-22.407341,-23.949759,8.816695,-31.017437,63.77406,4.145901,7.382324,3.518918,3.7974348,-7.8327084,10.419045,68.68607,-21.516693,8.877951,-4.504777,14.18611,3.602895,0.6565928,44.79656,0.56544775,-9.899454,-25.804956,6.3357334,-13.132429,31.087393,-6.371182,-6.2836113
157,1.898522615,-49.51807785,101.09746551513672,-3.571941844706442,-1.2901961808038294,-85.8296127885806,-8.294127,2.7130077,12.952373,-4.750342,-21.987469,-23.802309,8.901894,-30.817688,63.73756,4.391671,7.5074472,3.572974,3.5135083,-7.8492537,10.465396,68.662415,-21.634455,8.949474,-4.397066,12.6753025,3.6261823,-0.047302853,47.762836,3.2687013,-11.287177,-24.856161,6.551889,-13.064325,30.96451,-7.007831,-6.2935667
158,1.818211317,-50.48669815,101.28763580322266,-3.5910082055968777,-1.4345165664429795,-86.10769190426991,-7.8835483,2.7553654,12.935572,-4.806372,-21.57548,-23.676176,8.965769,-30.60328,63.699707,4.808043,7.6820517,3.6282454,3.207796,-7.88044,10.505011,68.55243,-21.73444,9.010958,-4.3199368,11.017276,3.6104894,-0.78172284,50.882286,6.073037,-12.783482,-23.890667,6.7836633,-12.954704,30.75358,-7.571097,-6.2740107
159,1.743208408,-51.44750977,101.47300720214844,-3.615665819162017,-1.5789791275594782,-86.39028858531711,-7.4528074,2.809421,12.932422,-4.883061,-21.18896,-23.559849,9.007869,-30.37443,63.65196,5.294538,7.863211,3.6947308,2.8913078,-7.9309883,10.555628,68.364586,-21.795958,9.041713,-4.2778234,9.301221,3.5373604,-1.5746915,53.978355,8.532401,-14.154229,-22.904402,7.02079,-12.840887,30.486141,-8.102029,-6.2430453
160,1.681091309,-52.3820076,101.65117645263672,-3.6516572239373355,-1.7202880795485362,-86.63636267530394,-7.038115,2.8793406,12.9404335,-4.9909177,-20.842909,-23.443192,9.027988,-30.133581,63.587147,5.748602,8.008066,3.7843053,2.5742037,-8.007231,10.635868,68.10834,-21.796686,9.020784,-4.275783,7.6172624,3.4202578,-2.4101934,56.87908,10.197738,-15.132579,-21.917292,7.249319,-12.752328,30.180283,-8.600425,-6.2100563
161,1.635556221,-53.31040573,101.81774139404297,-3.7283977857779425,-1.8529387819303875,-86.84287471111789,-6.6496067,2.996035,12.959986,-5.135282,-20.54916,-23.316698,9.025996,-29.859741,63.484684,6.21305,8.121406,3.9029841,2.258642,-8.124719,10.776412,67.767845,-21.689926,8.930731,-4.3143563,5.96658,3.298927,-3.283497,59.595165,10.881328,-15.510541,-20.919155,7.5020566,-12.702198,29.828083,-9.074714,-6.180488
162,1.601596355,-54.23434448,101.98035430908203,-3.837226235854593,-1.9799791163520537,-87.02883989148471,-6.2685575,3.1552026,12.99077,-5.309672,-20.297386,-23.188635,9.00113,-29.56159,63.35695,6.716139,8.220066,4.0445104,1.9419055,-8.279905,10.965873,67.34016,-21.49294,8.787455,-4.3893285,4.3068976,3.1902373,-4.158307,62.21207,10.852117,-15.430881,-19.891811,7.7831144,-12.674968,29.39789,-9.508961,-6.148092
163,1.59262228,-55.14280701,102.13954162597656,-3.9430037295062457,-2.1103120721445174,-87.18522322785165,-5.90346,3.314738,13.034211,-5.4930334,-20.073263,-23.05185,8.960032,-29.243559,63.219013,7.1584697,8.280468,4.1969447,1.6207633,-8.463465,11.180692,66.85045,-21.27213,8.6223755,-4.493155,2.66266,3.096002,-4.968546,64.66115,10.349349,-15.141468,-18.8537,8.036448,-12.663285,28.933882,-9.918044,-6.0991654
164,1.567882538,-56.03117752,102.29983520507812,-4.009190015012182,-2.2524811720205298,-87.30350985363141,-5.561747,3.4301007,13.093054,-5.6648726,-19.864191,-22.897738,8.913807,-28.91529,63.080112,7.435954,8.280899,4.3487496,1.2904159,-8.66006,11.392585,66.32702,-21.098766,8.466332,-4.620707,1.0583389,3.0253074,-5.6519775,66.87156,9.606179,-14.889965,-17.801897,8.238537,-12.673715,28.44391,-10.308804,-6.049567
165,1.530812263,-56.91976166,102.46157836914062,-4.03521188344439,-2.4133600968542446,-87.36644477846646,-5.2519073,3.4910004,13.178008,-5.8242474,-19.67388,-22.724453,8.872433,-28.589579,62.928635,7.4645214,8.195118,4.502057,0.95526254,-8.859001,11.593469,65.75241,-21.006054,8.313043,-4.796305,-0.49023104,3.0227823,-6.1834536,68.82976,8.483296,-14.742524,-16.718752,8.381734,-12.723191,27.934385,-10.69937,-5.9971747
166,1.48772049,-57.79339218,102.62279510498047,-4.039673209006031,-2.5862206043267695,-87.38402530013734,-4.9680324,3.5181994,13.285308,-5.978611,-19.504284,-22.529617,8.8394165,-28.26445,62.74928,7.3118496,8.04622,4.6607823,0.61153954,-9.059551,11.791361,65.127655,-20.96163,8.149338,-5.0172195,-2.0037913,3.0944495,-6.6079354,70.57534,6.9220467,-14.553684,-15.610144,8.491862,-12.80886,27.384102,-11.068727,-5.9432883
167,1.446066856,-58.64915085,102.7889404296875,-4.018571112628704,-2.7590772163773414,-87.38837605404923,-4.696967,3.5145838,13.397579,-6.1211853,-19.352009,-22.302929,8.815069,-27.923288,62.54495,7.102861,7.88512,4.816046,0.24164562,-9.259883,11.98511,64.50818,-20.935892,7.99557,-5.2385755,-3.517598,3.1911495,-6.9629455,72.118774,5.276627,-14.250261,-14.485036,8.57286,-12.902372,26.775541,-11.397676,-5.879243
168,1.404939175,-59.49948502,102.95523071289062,-3.9754323088278753,-2.919540448167072,-87.41085760292381,-4.425624,3.4830792,13.496729,-6.244639,-19.206297,-22.035666,8.797393,-27.547321,62.32131,6.965338,7.7633157,4.959791,-0.17288023,-9.458213,12.1719265,63.95174,-20.900616,7.8719983,-5.415731,-5.0616736,3.251309,-7.293396,73.46383,3.8964148,-13.774168,-13.359156,8.635625,-12.980509,26.121319,-11.69065,-5.80156
169,1.380678654,-60.34935379,103.1314697265625,-3.8990075690089907,-3.0632590840051654,-87.44880897498003,-4.1601825,3.4142907,13.577675,-6.3482103,-19.074688,-21.72166,8.785068,-27.122152,62.071552,6.921529,7.6933837,5.0925,-0.6340389,-9.651703,12.34704,63.459167,-20.848946,7.7879844,-5.5443125,-6.66551,3.258131,-7.60127,74.62429,2.9035492,-13.041687,-12.228986,8.658112,-13.04329,25.411592,-11.942874,-5.6969657
170,1.334834099,-61.21813583,103.30270385742188,-3.7930828925612845,-3.196945465333519,-87.48946309589219,-3.9061356,3.3085465,13.650175,-6.4330635,-18.955889,-21.364944,8.778262,-26.654541,61.79521,6.911922,7.6486435,5.2170725,-1.1361042,-9.840034,12.514119,63.0094,-20.79737,7.731049,-5.6470394,-8.299949,3.238248,-7.865961,75.58253,2.1029966,-12.111279,-11.091717,8.659948,-13.107917,24.67867,-12.189429,-5.5895214
171,1.293121338,-62.06908035,103.47124481201172,-3.672527471437297,-3.3254978749937627,-87.54918105882054,-3.6484563,3.1860013,13.719336,-6.4979916,-18.838768,-20.97522,8.776046,-26.159883,61.509018,6.938361,7.6208,5.329201,-1.684214,-10.024596,12.684669,62.62447,-20.749645,7.688683,-5.7186923,-9.910355,3.2023032,-8.082628,76.31531,1.360708,-11.119621,-9.952642,8.650093,-13.158043,23.902464,-12.396268,-5.4735565
172,1.249547005,-62.92965698,103.63250732421875,-3.550383311685971,-3.4534485473464867,-87.6449387310405,-3.3720987,3.0658011,13.788824,-6.5418,-18.713505,-20.563272,8.776839,-25.654652,61.232136,7.0022893,7.6014485,5.425316,-2.2846675,-10.209375,12.871345,62.327324,-20.709251,7.648646,-5.7542324,-11.445387,3.167142,-8.2401085,76.79634,0.55621696,-10.19384,-8.797148,8.651487,-13.176899,23.090443,-12.582457,-5.3556967
173,1.223650932,-63.76596451,103.78739929199219,-3.4273194214430176,-3.5821866189529876,-87.78026174096182,-3.074601,2.9526997,13.859028,-6.5644493,-18.573866,-20.127413,8.777786,-25.135012,60.96255,7.1150146,7.595672,5.5042086,-2.948339,-10.397695,13.081477,62.134502,-20.670082,7.60665,-5.7408543,-12.903398,3.147626,-8.314428,77.02342,-0.37158716,-9.323723,-7.6432033,8.652103,-13.156644,22.244616,-12.727783,-5.2257557
174,1.203947067,-64.60830688,103.9373550415039,-3.2970521615342485,-3.708690238891611,-87.94654418609777,-2.7634377,2.8365633,13.92775,-6.5670395,-18.429035,-19.665098,8.777678,-24.594627,60.69417,7.271486,7.604757,5.5681577,-3.6694996,-10.589598,13.311257,62.029472,-20.628813,7.5699058,-5.684437,-14.306002,3.1257052,-8.317567,77.00783,-1.3494405,-8.465736,-6.4738245,8.647248,-13.110579,21.359373,-12.846362,-5.084006
175,1.177571774,-65.44356155,104.07782745361328,-3.1551671664189804,-3.8313115097376227,-88.14255548193884,-2.4373977,2.7156987,13.996637,-6.5500526,-18.28162,-19.184448,8.777451,-24.048822,60.438065,7.4471493,7.614634,5.619834,-4.4276147,-10.781095,13.55649,61.982647,-20.592844,7.543221,-5.606654,-15.63308,3.0741801,-8.288195,76.736496,-2.2884912,-7.6925683,-5.309791,8.635271,-13.037686,20.460688,-12.948457,-4.9451017
176,1.150938034,-66.27127838,104.20661926269531,-3.0018856101098788,-3.9484722638005714,-88.36623713126008,-2.094077,2.5884483,14.066729,-6.515356,-18.136276,-18.694843,8.779494,-23.51863,60.20597,7.613597,7.6119995,5.6629734,-5.2014427,-10.966652,13.80876,61.965107,-20.57208,7.5310507,-5.5301595,-16.867483,2.9696972,-8.267313,76.201195,-3.1011105,-7.0765414,-4.1631355,8.608583,-12.939509,19.57164,-13.046003,-4.8109374
177,1.130364895,-67.10902786,104.32710266113281,-2.8337487362393015,-4.069464454531219,-88.62826515335814,-1.7203822,2.4539952,14.147225,-6.460327,-17.988691,-18.192205,8.785274,-23.006973,59.99396,7.7610984,7.5895452,5.696195,-5.9915185,-11.140269,14.05917,61.979168,-20.584082,7.5420175,-5.4537935,-17.994797,2.8264472,-8.231549,75.38046,-3.7623322,-6.649843,-3.0104318,8.561675,-12.80668,18.686537,-13.14543,-4.6787653
178,1.105653286,-67.95870209,104.44060516357422,-2.6547090211366187,-4.191380772258859,-88.92548206258974,-1.3203523,2.3123543,14.234227,-6.3862944,-17.839342,-17.675058,8.794985,-22.508757,59.79849,7.90176,7.5566273,5.719293,-6.8086505,-11.301241,14.308581,62.04185,-20.624994,7.569579,-5.3687444,-19.028994,2.6574073,-8.167167,74.28518,-4.315858,-6.3678894,-1.8351157,8.505943,-12.646862,17.767113,-13.228188,-4.549864
179,1.066614151,-68.78338623,104.54255676269531,-2.4685135782009078,-4.29424305138313,-89.23559193407604,-0.91693234,2.1664934,14.311153,-6.3018374,-17.695555,-17.15763,8.809398,-22.034025,59.631832,8.039545,7.5236025,5.7369814,-7.643322,-11.451842,14.564078,62.139,-20.668293,7.596314,-5.2850246,-19.997595,2.442831,-8.125296,72.956154,-4.7750273,-6.1762047,-0.6993474,8.442303,-12.476972,16.853563,-13.296947,-4.430979
180,1.045901775,-69.60329437,104.63262939453125,-2.2818534422587144,-4.358389964051327,-89.53567532434563,-0.53193724,2.0193303,14.361187,-6.2175717,-17.567303,-16.655127,8.829494,-21.596537,59.50761,8.175759,7.5006795,5.75404,-8.483426,-11.595928,14.832365,62.25321,-20.685701,7.6053963,-5.2126193,-20.928255,2.161584,-8.160077,71.43593,-5.155545,-6.02141,0.3760778,8.354626,-12.317737,15.966453,-13.368838,-4.2985725
181,1.041829109,-70.44367599,104.71167755126953,-2.082535351489652,-4.37066844950903,-89.82844924336563,-0.16370489,1.8573191,14.371173,-6.133912,-17.451845,-16.169231,8.8574505,-21.204557,59.42924,8.304551,7.4893875,5.769388,-9.333144,-11.736288,15.118536,62.39281,-20.663845,7.5886555,-5.1510606,-21.835075,1.777826,-8.306911,69.71697,-5.4665275,-5.912469,1.3825933,8.227246,-12.168613,15.117441,-13.461358,-4.1454544
182,1.03789854,-71.29169846,104.7811279296875,-1.8756728483461276,-4.34397209208056,-90.12257029830975,0.19737309,1.6846936,14.353847,-6.047328,-17.345959,-15.692982,8.893964,-20.853006,59.388718,8.424045,7.4849496,5.7811775,-10.193943,-11.872672,15.41922,62.557537,-20.616385,7.557106,-5.0951204,-22.699842,1.3231819,-8.531068,67.77877,-5.695359,-5.862297,2.3448277,8.080104,-12.023499,14.272879,-13.553696,-3.9858396
183,1.022446156,-72.11862564,104.83865356445312,-1.6849820144061718,-4.298490795148093,-90.40430981790323,0.5422327,1.5297519,14.330191,-5.9632335,-17.261053,-15.230417,8.936856,-20.534977,59.386093,8.543043,7.486868,5.7933545,-11.050272,-12.004981,15.7259445,62.718597,-20.557821,7.522677,-5.047729,-23.499964,0.87549746,-8.781801,65.64205,-5.826236,-5.8240747,3.2875245,7.9543123,-11.893372,13.402197,-13.620233,-3.8387415
184,1.03555584,-72.94128036,104.87298583984375,-1.5419787541952275,-4.254565154028042,-90.65972163398351,0.862356,1.4204503,14.319121,-5.8868256,-17.205626,-14.787596,8.982217,-20.243702,59.42581,8.671743,7.494131,5.811038,-11.887436,-12.135632,16.028318,62.849915,-20.505112,7.496823,-5.011629,-24.217316,0.5093626,-9.010179,63.325516,-5.8399177,-5.7542977,4.2204638,7.862526,-11.785192,12.554987,-13.693664,-3.6921115
185,1.046884537,-73.77915955,104.89287567138672,-1.4426968671389395,-4.216370019230005,-90.87997839276882,1.152814,1.3572831,14.3293915,-5.8228555,-17.185843,-14.377694,9.026789,-19.98519,59.518448,8.834326,7.504763,5.8331637,-12.704541,-12.26467,16.32076,62.94159,-20.461252,7.4856153,-4.9981394,-24.854952,0.23934163,-9.206256,60.82794,-5.7313333,-5.600365,5.2210565,7.8325124,-11.713248,11.603614,-13.721294,-3.5634494
186,1.062797546,-74.61515045,104.887451171875,-1.3774016079947693,-4.174063842240896,-91.0737491026944,1.4214758,1.329228,14.347817,-5.770019,-17.194836,-13.999105,9.069588,-19.762949,59.667614,9.019615,7.5183578,5.8591976,-13.50595,-12.393036,16.60449,63.00761,-20.420471,7.48201,-5.0020895,-25.428205,0.030467225,-9.399441,58.14123,-5.5048814,-5.397431,6.2005405,7.834779,-11.659902,10.685558,-13.762328,-3.4462256
187,1.093883514,-75.46064758,104.85298919677734,-1.3578015112218502,-4.127260353279478,-91.25425201726023,1.6803185,1.3496346,14.362552,-5.7263227,-17.221245,-13.635874,9.109749,-19.565254,59.863613,9.185205,7.535503,5.8927875,-14.279996,-12.523284,16.881054,63.04905,-20.38149,7.478693,-5.0008297,-25.906187,-0.112136796,-9.592659,55.256096,-5.1714373,-5.2350006,7.1629734,7.87816,-11.613736,9.803116,-13.827713,-3.3317163
188,1.128298283,-76.30363846,104.80101013183594,-1.3940937120026513,-4.075569387383302,-91.43530486574896,1.9408997,1.4320173,14.361659,-5.6892467,-17.256052,-13.269588,9.146262,-19.377062,60.09375,9.290344,7.5567417,5.9365106,-15.014343,-12.658051,17.153378,63.06456,-20.341547,7.469083,-4.971405,-26.293858,-0.18595001,-9.798795,52.202305,-4.7495484,-5.1990604,8.184515,7.998926,-11.571027,8.785362,-13.831282,-3.2253382
189,1.17550087,-77.17024231,104.72100830078125,-1.4895075396061452,-4.017318714799663,-91.62124063511745,2.2073417,1.5783194,14.346748,-5.656322,-17.302092,-12.905631,9.179203,-19.207811,60.36232,9.325219,7.580854,5.993032,-15.717853,-12.801082,17.431364,63.05922,-20.302597,7.4538875,-4.9032884,-26.560276,-0.17580149,-10.031853,48.908173,-4.190768,-5.3440104,9.256444,8.1901,-11.526851,7.6724153,-13.807597,-3.1178524
190,1.238626957,-78.04314423,104.6186294555664,-1.635208370693752,-3.9531586166439974,-91.8061725851703,2.4751592,1.7801379,14.321061,-5.6302147,-17.363256,-12.551099,9.2090645,-19.060783,60.67413,9.31171,7.6073523,6.0598893,-16.392057,-12.9534445,17.713392,63.028683,-20.261597,7.43688,-4.8095565,-26.721918,-0.07689887,-10.285941,45.386036,-3.503108,-5.6043158,10.385122,8.442211,-11.48323,6.4340143,-13.729153,-3.0097876
191,1.299366474,-78.92937469,104.48983764648438,-1.8342982248710982,-3.885681503287419,-91.98895843710199,2.7410598,2.0385752,14.274167,-5.6134024,-17.427471,-12.186161,9.234506,-18.907057,61.013756,9.259047,7.638709,6.1323333,-17.015703,-13.112789,17.984634,62.961582,-20.211603,7.415605,-4.7026706,-26.809862,0.10976264,-10.534196,41.72999,-2.775338,-5.8864913,11.17921,8.68422,-11.389316,5.8778825,-14.001363,-2.9079585
192,1.373065948,-79.82271194,104.33065032958984,-2.085066322538852,-3.8175896557966107,-92.16834235992356,2.9993875,2.3513958,14.19527,-5.606315,-17.486385,-11.788831,9.253676,-18.710402,61.36569,9.181854,7.6771135,6.2048025,-17.572372,-13.275681,18.231363,62.853474,-20.148865,7.386837,-4.5954776,-26.850962,0.37730432,-10.744537,38.023754,-2.090789,-6.099463,11.727659,8.926596,-11.254124,5.829675,-14.531401,-2.8071065
193,1.458702087,-80.73111725,104.1429672241211,-2.4046570255007285,-3.743534350620405,-92.35251148255935,3.2509108,2.7344506,14.069608,-5.6060023,-17.536364,-11.346016,9.263389,-18.448511,61.73103,9.073975,7.722881,6.276982,-18.05788,-13.439535,18.45163,62.70442,-20.062492,7.344567,-4.4908495,-26.826942,0.73290175,-10.942904,34.183796,-1.4181792,-6.226328,12.278587,9.242378,-11.089369,5.780692,-15.067689,-2.7144926
194,1.558981419,-81.66176605,103.92676544189453,-2.7898032612353822,-3.665938054555884,-92.54263729550931,3.4977338,3.1843154,13.906263,-5.609452,-17.582527,-10.868021,9.263202,-18.133425,62.11541,8.938801,7.7739887,6.3507,-18.48701,-13.604262,18.654608,62.52475,-19.9602,7.2919216,-4.382775,-26.724644,1.1958916,-11.129178,30.186771,-0.7276784,-6.3031993,12.836975,9.624513,-10.898169,5.7332125,-15.616013,-2.625326
195,1.66950798,-82.61497498,103.68051147460938,-3.2074022445180077,-3.601001185978209,-92.72717099903514,3.7387416,3.6677196,13.733794,-5.618688,-17.622366,-10.36997,9.257135,-17.786081,62.50922,8.80195,7.8295455,6.4233193,-18.865774,-13.768195,18.84109,62.31705,-19.86341,7.2414722,-4.2710466,-26.580486,1.7486477,-11.225705,26.207975,-0.0993167,-6.334954,13.424185,10.037271,-10.705637,5.688858,-16.182255,-2.532792
196,1.76622963,-83.58490372,103.40137481689453,-3.6225596727631477,-3.5666708734968333,-92.89518500666813,3.974093,4.1520815,13.584172,-5.637072,-17.656776,-9.866631,9.251881,-17.43083,62.89968,8.686275,7.890071,6.491385,-19.197653,-13.927807,19.007984,62.08076,-19.794771,7.2051873,-4.1553025,-26.406801,2.3516402,-11.146599,22.39789,0.39205462,-6.3471446,14.059672,10.455034,-10.535131,5.650776,-16.772575,-2.4418192
197,1.859236717,-84.55688858,103.09249114990234,-4.055066582871195,-3.5805680384696363,-93.04852125263234,4.2078137,4.6547613,13.461483,-5.665352,-17.666283,-9.35016,9.25269,-17.071983,63.283207,8.606936,7.9666367,6.551605,-19.478975,-14.082173,19.147575,61.815266,-19.768974,7.18782,-4.027762,-26.186699,2.997321,-10.878136,18.709839,0.7209932,-6.438068,14.757473,10.89695,-10.383097,5.615463,-17.381828,-2.3523293
198,1.954818726,-85.5396347,102.7523193359375,-4.522784471094353,-3.648321622801248,-93.2103465299641,4.458303,5.1951804,13.362954,-5.701074,-17.652977,-8.813938,9.261285,-16.7076,63.663746,8.538389,8.05855,6.607848,-19.71055,-14.227738,19.256186,61.528282,-19.778454,7.1812563,-3.8906462,-25.895056,3.6949186,-10.43884,15.093235,0.9187765,-6.595438,15.526364,11.376941,-10.21956,5.5843005,-18.011786,-2.2652445
199,2.052577019,-86.54562378,102.39942932128906,-4.992707904870872,-3.7677924994854943,-93.39738975289205,4.735724,5.7430534,13.31467,-5.736721,-17.64848,-8.261082,9.27969,-16.325163,64.01901,8.462135,8.151421,6.658924,-19.899252,-14.373706,19.357422,61.208572,-19.794903,7.1848593,-3.7541854,-25.63288,4.3852844,-9.8260355,11.860951,0.92632794,-6.692201,16.364986,11.848268,-10.033053,5.563877,-18.66251,-2.172469
200,2.145097017,-87.55867004,102.04278564453125,-5.411730222189895,-3.9164883519619664,-93.60651048594829,5.039104,6.2449865,13.321955,-5.7725077,-17.68693,-7.716473,9.30916,-15.949483,64.3554,8.334488,8.22615,6.714766,-20.0581,-14.509428,19.454834,60.872097,-19.806982,7.1887174,-3.6376536,-25.515556,4.984101,-9.058279,9.321943,0.6854686,-6.5979557,17.242626,12.250576,-9.834152,5.5470753,-19.313389,-2.0686119
201,2.225354195,-88.57486725,101.70130920410156,-5.736176124441892,-4.062796099756611,-93.7898415061838,5.3213573,6.6508417,13.378062,-5.8026323,-17.779778,-7.193332,9.352437,-15.571459,64.674324,8.146941,8.272051,6.7723465,-20.197388,-14.633429,19.549583,60.5071,-19.820656,7.1914372,-3.545811,-25.650423,5.407386,-8.144471,7.587824,0.11179151,-6.171699,18.121523,12.543678,-9.676377,5.5381255,-19.968359,-1.9455752
202,2.295017958,-89.59325409,101.37303924560547,-5.97956541927624,-4.197161779631433,-93.93357778155615,5.588585,6.970489,13.446176,-5.846835,-17.897856,-6.7324095,9.392646,-15.267,65.05942,7.8679233,8.28588,6.8561563,-20.315195,-14.711523,19.597773,60.170036,-19.870731,7.1799593,-3.4886894,-25.997078,5.6571217,-7.1176677,6.509435,-0.7647613,-5.5416946,18.990583,12.747887,-9.573236,5.5344067,-20.626299,-1.8052994
203,2.357367277,-90.60546875,101.06283569335938,-6.162695646392798,-4.312440661489845,-94.06700359681969,5.805052,7.2240806,13.556215,-5.8647614,-18.078035,-6.184541,9.467703,-14.836852,65.28544,7.641037,8.312538,6.90726,-20.40741,-14.817945,19.70288,59.767097,-19.871527,7.180451,-3.4322941,-26.49253,5.7716784,-6.0553703,6.0305877,-1.8189232,-4.9479265,19.834688,12.879926,-9.497174,5.535998,-21.271408,-1.6537231
204,2.43277812,-91.63059235,100.77932739257812,-6.310460770702228,-4.408464256225206,-94.22690970277924,6.057643,7.4390736,13.646509,-5.9104404,-18.271442,-5.66115,9.540017,-14.49807,65.5461,7.347093,8.332893,6.994393,-20.46685,-14.892629,19.794973,59.43543,-19.849512,7.161444,-3.413891,-26.770317,5.8503456,-4.91704,5.558747,-2.648339,-4.605099,20.659271,12.964468,-9.413342,5.541197,-21.894884,-1.5018352
205,2.531282187,-92.66318512,100.52477264404297,-6.4572344294127655,-4.490407956020497,-94.43212741946795,6.3438416,7.6504903,13.730799,-5.972858,-18.4971,-5.1212015,9.618905,-14.192183,65.77772,7.0142407,8.361444,7.1117144,-20.50458,-14.95294,19.903118,59.147575,-19.7802,7.123489,-3.422096,-27.046204,5.927401,-3.659931,5.530339,-3.5177433,-4.5512614,21.466183,13.036532,-9.304733,5.5526114,-22.471088,-1.3635135
206,2.618499279,-93.71395111,100.28085327148438,-6.5860213838716035,-4.5520674897350055,-94.65719020263579,6.668641,7.8467445,13.792995,-6.071867,-18.740068,-4.6310415,9.678163,-13.9802,66.077805,6.61022,8.374522,7.275007,-20.505846,-14.986464,19.98176,58.912743,-19.69868,7.06503,-3.464409,-27.129742,6.003045,-2.2173617,5.5201583,-4.2358923,-4.651232,22.252586,13.081093,-9.210188,5.5663276,-22.968151,-1.2330611
207,2.689050674,-94.795578,100.06543731689453,-6.639103554558617,-4.58250544932373,-94.86795230583995,6.9372735,7.947693,13.87359,-6.1404157,-19.022137,-4.0481906,9.782849,-13.676806,66.22739,6.2527,8.405005,7.402364,-20.486483,-15.019095,20.117815,58.681812,-19.571453,7.012167,-3.5227878,-27.04597,6.007193,-0.86346966,5.5171113,-4.634935,-4.8348846,23.008875,13.031447,-9.193995,5.585619,-23.346813,-1.082511
208,2.71181345,-95.93141937,99.87030792236328,-6.566186903449948,-4.565688626183999,-95.03410014173245,7.1791363,7.9075727,13.924526,-6.2221904,-19.294388,-3.4964378,9.882722,-13.419069,66.42687,5.902099,8.412116,7.5183125,-20.404272,-15.017126,20.20928,58.51765,-19.47359,6.961591,-3.6157432,-26.84524,5.8793244,0.10701884,5.533558,-4.507012,-5.0278025,23.722492,12.8352995,-9.307644,5.607759,-23.56087,-0.88525885
209,2.693049908,-97.07447815,99.71266174316406,-6.329274353698824,-4.511188924152428,-95.15823782600131,7.3713164,7.679748,13.987979,-6.291078,-19.574594,-2.9365394,10.003631,-13.155369,66.609795,5.5859528,8.408666,7.599813,-20.289093,-14.971675,20.286097,58.432114,-19.387468,6.901441,-3.758727,-26.42649,5.6050677,0.53637797,5.55689,-3.5761456,-5.2971983,24.411272,12.458183,-9.572103,5.6372385,-23.59425,-0.6262046
210,2.677716494,-98.23512268,99.59820556640625,-5.954099064394851,-4.422206906773671,-95.24873556670107,7.5196066,7.2886815,14.059291,-6.348481,-19.861198,-2.3742764,10.146756,-12.8982,66.78453,5.2804737,8.397061,7.66263,-20.16202,-14.871722,20.352575,58.4428,-19.31496,6.8256617,-3.9482431,-25.819004,5.2027564,0.5667788,5.6101885,-1.8550566,-5.5898113,25.077806,11.938033,-9.9657955,5.677971,-23.430435,-0.31303293
211,2.710839748,-99.37155914,99.59141540527344,-5.454767749559495,-4.290568786903521,-95.27988097359734,7.6009398,6.745749,14.109509,-6.3975754,-20.141178,-1.79249,10.302968,-12.6192465,66.93838,5.006616,8.3799095,7.7069163,-19.999884,-14.718539,20.387506,58.53021,-19.298077,6.7604995,-4.1435127,-25.529993,4.6323447,0.27617806,6.340767,0.17025091,-5.634919,25.708372,11.294914,-10.485792,5.733089,-23.027828,0.063575126
212,2.739285469,-100.5327148,99.60775756835938,-4.856105225196791,-4.111207550511053,-95.24226812811919,7.609008,6.0690966,14.106262,-6.441644,-20.397804,-1.1724347,10.462094,-12.279169,67.05589,4.796929,8.360637,7.729315,-19.779331,-14.522371,20.371855,58.665134,-19.377422,6.7362323,-4.298925,-25.618105,3.8606007,-0.068025425,7.5504627,2.3629646,-5.203302,26.292124,10.549414,-11.102116,5.8035283,-22.343155,0.5082258
213,2.748395681,-101.7491684,99.65485382080078,-4.085696593547167,-3.8399468960936036,-95.14811062972002,7.561897,5.1792507,14.010552,-6.48397,-20.635983,-0.49447894,10.622696,-11.830755,67.11353,4.704559,8.335624,7.720981,-19.485199,-14.282402,20.313774,58.83752,-19.572744,6.774946,-4.392605,-26.004448,2.7918189,-0.28448194,8.923757,4.8781486,-4.1765394,26.79111,9.609494,-11.816839,5.8975577,-21.428698,1.0394634
214,2.732069731,-102.9705887,99.73329162597656,-3.149224867662536,-3.499945518923829,-95.04401608630725,7.4988413,4.08848,13.846053,-6.516411,-20.856472,0.23766813,10.78224,-11.291573,67.12259,4.7097163,8.30828,7.6807857,-19.139582,-13.995651,20.230288,59.06657,-19.855207,6.860669,-4.445629,-26.605246,1.49581,-0.37796536,10.517519,7.3891277,-2.8308153,27.240892,8.476975,-12.582461,6.016765,-20.352228,1.6554514
215,2.717051744,-104.2341614,99.80923461914062,-2.192791309705828,-3.1776864946476664,-94.95845419045058,7.435252,2.9618719,13.665656,-6.529944,-21.037096,1.0036427,10.934172,-10.729383,67.1174,4.7290206,8.291644,7.6174655,-18.765205,-13.6664095,20.107128,59.3585,-20.192972,6.96483,-4.478563,-27.18191,0.19284347,-0.34377077,12.173413,9.368617,-1.5304089,26.456062,7.012494,-13.128153,8.709784,-20.360561,2.3366082
216,2.704797506,-105.5053558,99.858642578125,-1.3627711672766434,-2.9529614325460583,-94.8895612332292,7.3653016,1.9670615,13.518815,-6.527269,-21.163742,1.7663013,11.073139,-10.225974,67.14372,4.673765,8.293771,7.5453806,-18.366314,-13.306034,19.912863,59.70056,-20.559155,7.0583286,-4.5138836,-27.69956,-0.935872,-0.31063864,13.932929,10.482014,-0.5375006,25.37314,5.583138,-13.438913,12.169634,-20.523392,3.0332596
217,2.70815134,-106.7738113,99.91539001464844,-0.704217371210669,-2.836820663393528,-94.81295705792307,7.274472,1.1509967,13.397169,-6.5196967,-21.2299,2.5260015,11.202401,-9.814034,67.21182,4.5059037,8.311555,7.4794774,-17.903225,-12.920774,19.602852,60.058514,-21.016584,7.1474624,-4.551954,-28.02841,-1.8478627,-0.35750115,15.725528,10.720578,0.11112103,24.57899,4.3970137,-13.602665,15.2278185,-20.318907,3.7426975
218,2.741963387,-108.0243759,99.99180603027344,-0.140719008745861,-2.782911614145646,-94.7120769308482,7.1613593,0.4325915,13.273441,-6.5218387,-21.248716,3.2758799,11.325897,-9.476622,67.31529,4.2650013,8.338154,7.414456,-17.360857,-12.513946,19.177898,60.420547,-21.56438,7.2438574,-4.580504,-28.333145,-2.6491802,-0.4592136,17.64369,10.335939,0.5748444,23.913412,3.3383815,-13.673272,18.115648,-19.884111,4.4607396
219,2.775650978,-109.2856522,100.08767700195312,0.3534607981654661,-2.7910594340681785,-94.59827477246644,7.0375266,-0.20285906,13.17456,-6.5378647,-21.235645,3.9735515,11.439697,-9.211861,67.46708,3.9830353,8.375948,7.3349338,-16.779284,-12.098099,18.683037,60.803947,-22.073708,7.327832,-4.6052494,-28.475527,-3.3441863,-0.51195854,19.453148,9.548765,0.9134462,23.256025,2.3466432,-13.66126,21.002748,-19.134302,5.1396675
220,2.800813198,-110.550148,100.1942367553711,0.8075732576847712,-2.858926994358479,-94.48765829035447,6.919192,-0.7723313,13.127172,-6.5718966,-21.205275,4.573963,11.535274,-9.018043,67.685585,3.6932402,8.426084,7.226526,-16.198818,-11.693492,18.171574,61.224255,-22.406622,7.382308,-4.6330934,-28.387306,-3.9547808,-0.44259506,20.978172,8.581159,1.1844066,22.496729,1.3682412,-13.564876,24.020168,-18.029715,5.746004
221,2.831264019,-111.7818222,100.32774353027344,1.228206951279064,-3.0119437486659595,-94.36391701830944,6.792864,-1.2691208,13.163653,-6.632297,-21.166721,5.056694,11.606823,-8.916102,68.013466,3.362463,8.466953,7.082391,-15.605571,-11.314062,17.630508,61.670227,-22.46494,7.398509,-4.6885333,-28.031866,-4.50549,-0.25811735,22.19735,7.525788,1.4209764,21.669,0.42236054,-13.421733,27.195892,-16.507622,6.3210707
222,2.888771534,-112.9643631,100.49046325683594,1.5990863176540262,-3.239456583966545,-94.22195564964905,6.657902,-1.6850495,13.261868,-6.7214117,-21.114965,5.4411235,11.655448,-8.905237,68.43453,2.98893,8.502705,6.9138474,-14.973781,-10.964364,17.041262,62.112946,-22.331348,7.392654,-4.7599173,-27.469172,-5.0037518,-0.02963513,23.206991,6.405892,1.6313189,20.78334,-0.4621083,-13.219331,30.490414,-14.598776,6.8929815
223,2.969572783,-114.1192703,100.68083190917969,1.9217703818420167,-3.4873467048511206,-94.09320102178295,6.542346,-2.0297124,13.371078,-6.828517,-21.039215,5.7472878,11.681382,-8.940143,68.87336,2.6578498,8.573659,6.7317185,-14.331502,-10.650862,16.459509,62.547207,-22.133507,7.3859024,-4.801573,-26.771696,-5.44483,0.21917775,24.005194,5.3067026,1.8190385,19.775846,-1.2964656,-12.896893,33.849148,-12.42754,7.4223857
224,3.058628559,-115.2673569,100.8803939819336,2.1946702951773465,-3.703046855346362,-94.01250059819182,6.468625,-2.3125665,13.443473,-6.9344034,-20.933115,6.0071373,11.682072,-8.956632,69.24412,2.4629338,8.720129,6.5428944,-13.710686,-10.377824,15.964468,62.975388,-21.984518,7.4000363,-4.769321,-25.94944,-5.819248,0.4847266,24.573057,4.246029,1.9823267,18.606636,-2.0945613,-12.39692,37.215015,-10.13298,7.864737
225,3.147053719,-116.4136276,101.10736846923828,2.3995319456417357,-3.8850493911733825,-93.99654987754884,6.438226,-2.5071487,13.476299,-7.0295277,-20.797615,6.2273674,11.647622,-8.923227,69.5382,2.4561284,8.982613,6.3368807,-13.1222725,-10.150339,15.598425,63.428932,-21.85249,7.4304104,-4.6603246,-25.05428,-6.0916033,0.7576627,24.923151,3.2559783,2.1076963,17.24785,-2.83926,-11.6735525,40.589058,-7.5787373,8.255804
226,3.256738186,-117.5333862,101.36036682128906,2.5390008279401797,-4.057376947185197,-94.02298919857594,6.425095,-2.6133854,13.493626,-7.1117153,-20.636267,6.4045124,11.574174,-8.849155,69.7864,2.5951834,9.3276825,6.1111975,-12.558953,-9.968491,15.343249,63.905773,-21.679201,7.4706163,-4.497738,-24.0596,-6.2855806,1.048209,25.032545,2.3523557,2.2137966,15.72088,-3.5013328,-10.76079,43.995037,-4.742327,8.633549
227,3.368855238,-118.6273346,101.62700653076172,2.6482000377571295,-4.206235670268278,-94.06721910614058,6.4084883,-2.6824596,13.486697,-7.1719747,-20.44722,6.555025,11.47275,-8.733659,69.9605,2.8282454,9.685751,5.8842263,-12.028636,-9.824936,15.184422,64.36612,-21.5446,7.5378246,-4.276746,-23.010685,-6.4472284,1.3422844,24.94847,1.544024,2.3043125,14.058825,-4.0901833,-9.734495,47.373203,-1.8874484,8.9250765
228,3.466672421,-119.7148285,101.89262390136719,2.766146651253203,-4.317790913987106,-94.1049660640034,6.3656683,-2.7720523,13.448275,-7.1983895,-20.22846,6.7040324,11.362259,-8.572502,70.019646,3.1000085,9.991106,5.67268,-11.5451765,-9.706765,15.108809,64.776306,-21.530718,7.646556,-3.9927628,-21.957565,-6.6263013,1.6244712,24.747187,0.8147735,2.3835764,12.293304,-4.639443,-8.683195,50.67673,0.71597236,9.0262375
229,3.567057133,-120.7870255,102.14667510986328,2.9048613939083845,-4.378251454262964,-94.1440125100388,6.3114395,-2.9019916,13.361523,-7.1908603,-19.965118,6.8581753,11.25305,-8.34015,69.9318,3.4518433,10.27059,5.455518,-11.122972,-9.605311,15.136966,65.16048,-21.66923,7.813941,-3.6122983,-20.92935,-6.84196,1.9065362,24.44289,0.1663828,2.4625158,10.34524,-5.160265,-7.5296607,53.99778,3.1866431,8.810173
230,3.644579649,-121.8174362,102.39183807373047,3.0438310717379236,-4.39945349957945,-94.1919979933512,6.24421,-3.0480509,13.23651,-7.1462097,-19.662586,7.0177717,11.143999,-8.037365,69.70546,3.8927636,10.548699,5.22677,-10.7624445,-9.517949,15.272934,65.543106,-21.916723,8.022188,-3.150223,-19.919678,-7.051158,2.1820679,24.025793,-0.39660075,2.5201685,8.219375,-5.642951,-6.283582,57.339222,5.6140285,8.331214
231,3.728453755,-122.8301849,102.61963653564453,3.1798775962854773,-4.4065624038872775,-94.22530352223883,6.1224723,-3.2044883,13.107034,-7.053963,-19.349216,7.1931,11.037401,-7.712129,69.365166,4.311273,10.758232,5.029279,-10.451111,-9.439895,15.468588,65.88335,-22.248255,8.233407,-2.6730418,-18.924164,-7.2743955,2.4348311,23.5659,-0.9180116,2.5786395,6.0827537,-6.1331573,-5.171619,60.52114,7.6708875,7.7183185
232,3.821830869,-123.8097153,102.83650207519531,3.3133550513222767,-4.424194234790339,-94.22072057884142,5.9138956,-3.366585,13.006268,-6.9128213,-19.05548,7.3863473,10.93963,-7.4302173,68.94508,4.5861726,10.83296,4.909108,-10.168397,-9.36697,15.656664,66.13405,-22.647963,8.409891,-2.2458081,-17.906244,-7.5215807,2.6468418,23.029642,-1.3706346,2.644192,4.09192,-6.700491,-4.4008327,63.39636,8.998056,7.0967793
233,3.897370338,-124.7760696,103.04183959960938,3.4660590758678915,-4.450876973344049,-94.17880956381438,5.6216226,-3.5582733,12.937381,-6.7254434,-18.780115,7.6114078,10.857906,-7.229405,68.430466,4.6339326,10.724131,4.9003363,-9.909537,-9.294005,15.815157,66.266174,-23.211023,8.552836,-1.8441817,-16.857468,-7.803079,2.8192966,22.420547,-1.765361,2.7060494,2.277079,-7.428153,-4.0191536,65.97361,9.289327,6.460338
234,3.965029597,-125.7322159,103.24514770507812,3.633571163893736,-4.47647853798419,-94.10974510535469,5.2718873,-3.7760277,12.88331,-6.5041094,-18.509398,7.851501,10.795433,-7.096315,67.82177,4.5195246,10.478917,4.97313,-9.674015,-9.221068,15.955106,66.30401,-23.927155,8.675285,-1.4456517,-15.763027,-8.114156,2.9627943,21.691133,-2.0826929,2.765891,0.54661685,-8.298464,-3.8970864,68.357216,8.771534,5.732046
235,4.032284856,-126.6704865,103.4437026977539,3.7740963162608665,-4.513570004602129,-94.00391458176304,4.868358,-3.972769,12.848464,-6.264081,-18.251102,8.061507,10.750843,-7.0196147,67.17719,4.3476677,10.174184,5.076717,-9.4431505,-9.153366,16.057583,66.27114,-24.618372,8.761764,-1.1174661,-14.653723,-8.407442,3.0545495,20.918537,-2.3576305,2.8200436,-1.1155765,-9.234975,-3.9752195,70.52334,7.895281,4.9395857
236,4.087057471,-127.5896835,103.64359283447266,3.8462042525710136,-4.574734020046158,-93.85229594337163,4.4182096,-4.102013,12.83873,-6.0243874,-18.01267,8.190065,10.720935,-6.9926634,66.56113,4.222473,9.886729,5.1625776,-9.194328,-9.100831,16.096819,66.18665,-25.10991,8.8008,-0.92618513,-13.544486,-8.624826,3.0744567,20.159695,-2.619455,2.8535955,-2.7233229,-10.163752,-4.21076,72.44491,7.114665,4.102764
237,4.150318027,-128.4943161,103.8386459350586,3.842997876934155,-4.669025282262029,-93.64081714617934,3.90486,-4.153168,12.8702965,-5.7839437,-17.80155,8.234235,10.712025,-7.0137377,65.96071,4.1451173,9.609235,5.208748,-8.914963,-9.087469,16.085585,66.01351,-25.349781,8.790282,-0.88584256,-12.444317,-8.769079,3.0132067,19.456348,-2.889778,2.876869,-4.25404,-11.122191,-4.690307,74.10529,6.48098,3.2297168
238,4.235609293,-129.4014893,104.0323257446289,3.782671673968591,-4.7883807140504935,-93.37639019381506,3.3355086,-4.148576,12.931843,-5.54097,-17.606182,8.205667,10.703077,-7.0930805,65.3746,4.0763817,9.307602,5.2599254,-8.619852,-9.075709,15.985379,65.77544,-25.478178,8.736413,-0.9689876,-11.327074,-8.866702,2.8887138,18.760935,-3.154742,2.9006891,-5.6906424,-12.136078,-5.4128766,75.52166,5.765508,2.3148122
239,4.317285895,-130.2686996,104.21794891357422,3.673356232719393,-4.9186584307357375,-93.0823820680543,2.7568476,-4.0883822,13.010382,-5.3208857,-17.4271,8.078559,10.707091,-7.2517624,64.84559,4.0352135,9.019893,5.319738,-8.287215,-9.0879545,15.803252,65.468704,-25.472916,8.652855,-1.1479238,-10.243436,-8.902476,2.7193778,18.101833,-3.408798,2.913714,-7.0548716,-13.111555,-6.2215657,76.702,5.0176096,1.3475959
240,4.386703849,-131.1156464,104.39466094970703,3.5231836638835086,-5.045068529543672,-92.7831904579368,2.1927757,-3.977782,13.087471,-5.1240296,-17.26216,7.8615227,10.722998,-7.4682574,64.38658,4.0595303,8.789374,5.397411,-7.9240437,-9.125286,15.572975,65.12505,-25.312475,8.552704,-1.4042279,-9.214957,-8.873619,2.5305178,17.515182,-3.6846917,2.9142473,-8.379173,-13.948203,-6.9576535,77.6544,4.2901907,0.31915915
241,4.470077634,-131.9560852,104.56216430664062,3.3182124567617994,-5.1676416786378345,-92.48489995825494,1.6467218,-3.7979798,13.162163,-4.954772,-17.11345,7.547216,10.745692,-7.7546506,64.00692,4.1630416,8.630759,5.511995,-7.5224385,-9.189872,15.275716,64.739456,-24.95119,8.418462,-1.7661953,-8.247467,-8.775453,2.3290732,17.028368,-4.006173,2.9145243,-9.667451,-14.63712,-7.6637955,78.37142,3.6372848,-0.8591224
242,4.552269101,-132.8033142,104.72080993652344,3.0577000712262286,-5.291461340649075,-92.17518773579674,1.1065581,-3.5506291,13.245405,-4.8110385,-16.981756,7.1355166,10.773181,-8.114259,63.69537,4.326662,8.520398,5.652741,-7.0783033,-9.281299,14.90623,64.29262,-24.410091,8.248403,-2.2306616,-7.3373814,-8.602042,2.1039534,16.659883,-4.3873873,2.9049776,-10.898234,-15.20798,-8.408919,78.84775,3.016631,-2.1401222
243,4.639925122,-133.6405563,104.87085723876953,2.775714798764908,-5.407654231686786,-91.85293997249379,0.5872042,-3.2719915,13.331913,-4.6957164,-16.86241,6.62659,10.808901,-8.533115,63.45671,4.5328174,8.441611,5.7903304,-6.599326,-9.39266,14.481621,63.80073,-23.794287,8.0764265,-2.733454,-6.465444,-8.399839,1.8671724,16.334,-4.7787504,2.8966153,-12.085211,-15.615034,-9.065892,79.097404,2.3502223,-3.330581
244,4.709988594,-134.4697647,105.00860595703125,2.5054524855496254,-5.507288657608766,-91.51770097269343,0.100405514,-2.9999967,13.414554,-4.606774,-16.74706,6.0269146,10.857857,-8.992181,63.289574,4.7642965,8.378485,5.894091,-6.100702,-9.51122,14.02671,63.288563,-23.205008,7.937791,-3.2137969,-5.632385,-8.197072,1.6238793,16.03379,-5.1693115,2.8833873,-13.250891,-15.812545,-9.500667,79.13359,1.5725479,-4.237503
245,4.77824074,-135.2868347,105.12824249267578,2.25341182219782,-5.5858988075282,-91.17401179477429,-0.35368145,-2.7427928,13.486162,-4.5323734,-16.632614,5.3377023,10.921241,-9.481628,63.19763,5.043885,8.330236,5.959514,-5.5851607,-9.626923,13.537133,62.76205,-22.6268,7.833556,-3.69266,-4.8587694,-8.0096445,1.3805072,15.783516,-5.5675883,2.876107,-14.411629,-15.779867,-9.679127,78.94998,0.6518689,-4.812113
246,4.826991439,-136.0928726,105.23884582519531,2.0050407664395475,-5.648414241537512,-90.82274946225584,-0.7834749,-2.4871335,13.549806,-4.4707947,-16.521032,4.563676,10.996994,-10.006593,63.173084,5.372826,8.305603,6.000288,-5.0562778,-9.737947,13.007941,62.22331,-22.021677,7.744681,-4.1944,-4.127324,-7.8096004,1.1334097,15.563393,-5.9669228,2.8610692,-15.561955,-15.541562,-9.671939,78.546646,-0.35769233,-5.1548195
247,4.879933596,-136.8757782,105.33399963378906,1.762811563222903,-5.699751591514226,-90.45844378044411,-1.1909341,-2.2384977,13.613167,-4.4355626,-16.417307,3.7155037,11.085619,-10.569687,63.198383,5.7013235,8.301157,6.0117216,-4.5313187,-9.842123,12.468119,61.692825,-21.45063,7.679464,-4.6657114,-3.4484062,-7.6140766,0.8739129,15.39263,-6.3716426,2.8520544,-16.675793,-15.12777,-9.509478,77.91932,-1.376187,-5.3034115
248,4.914424956,-137.6569061,105.41899108886719,1.5304186757074036,-5.745362024829107,-90.07524340227395,-1.5827408,-2.0049932,13.683322,-4.4353304,-16.325201,2.8094583,11.1890135,-11.168034,63.250343,5.9798717,8.314291,5.9890056,-4.033791,-9.93803,11.956004,61.19826,-20.970919,7.6476693,-5.054604,-2.7920876,-7.4157667,0.5936683,15.24972,-6.784374,2.8363948,-17.730082,-14.572987,-9.218714,77.07341,-2.3316767,-5.297063
249,4.946317732,-138.4319839,105.4886245727539,1.303721551329455,-5.783843317009309,-89.66044744904362,-1.9755367,-1.786888,13.756492,-4.4710937,-16.243185,1.8445219,11.309895,-11.79771,63.328426,6.2036495,8.355493,5.9118557,-3.5749722,-10.025971,11.484457,60.746147,-20.585163,7.67071,-5.3461275,-2.179814,-7.219959,0.27821502,15.167114,-7.2176175,2.8235083,-18.71431,-13.852909,-8.782933,75.9871,-3.2710874,-5.130371
250,4.971517086,-139.1919632,105.55088806152344,1.0863302015265799,-5.815217037616102,-89.22050488821262,-2.3659692,-1.5869802,13.831458,-4.533634,-16.171236,0.82042444,11.446682,-12.457698,63.435173,6.3955064,8.422876,5.787367,-3.1481876,-10.1056185,11.043382,60.329727,-20.260832,7.7385817,-5.570642,-1.5880358,-7.0278144,-0.061493196,15.0896015,-7.6394157,2.8116152,-19.64136,-12.985586,-8.198826,74.67443,-4.2148414,-4.8088474
251,4.991506338,-139.9644394,105.60665130615234,0.8935908399959147,-5.846788927342842,-88.77837741772468,-2.731874,-1.4160389,13.917304,-4.613594,-16.10685,-0.2460476,11.594108,-13.145933,63.554012,6.550203,8.495271,5.652529,-2.7525473,-10.176426,10.636948,59.961483,-20.00468,7.8134637,-5.743383,-0.96905243,-6.855024,-0.39693558,14.971103,-8.044496,2.80268,-20.494043,-12.059832,-7.5224915,73.15794,-5.0439944,-4.380933
252,5.014872015,-140.73983,105.65892791748047,0.7358131265264992,-5.8852866545579,-88.35722644521117,-3.0527008,-1.281613,14.022801,-4.700661,-16.050026,-1.336692,11.74513,-13.85605,63.667004,6.6635575,8.551123,5.5449653,-2.3881783,-10.235751,10.274117,59.65454,-19.820333,7.8574195,-5.880313,-0.2897275,-6.716079,-0.701347,14.753529,-8.401569,2.80163,-21.271294,-11.156474,-6.8021398,71.47204,-5.640201,-3.8887835
253,5.020308614,-141.4858398,105.70053100585938,0.6187740006173448,-5.937015112190825,-87.94946732509447,-3.3315234,-1.1862724,14.159994,-4.795346,-16.009436,-2.463268,11.895041,-14.579858,63.77604,6.7316604,8.589541,5.4671006,-2.0603786,-10.28269,9.952319,59.4107,-19.73018,7.855647,-5.9791536,0.40676877,-6.606637,-0.99301577,14.49828,-8.7198925,2.7972572,-21.978106,-10.283521,-6.026393,69.61553,-5.949073,-3.3211334
254,5.0133937,-142.2368698,105.73728942871094,0.5331731264518322,-5.997772726785741,-87.54712721908787,-3.5788949,-1.1257691,14.320293,-4.8997784,-15.980636,-3.6295927,12.0424,-15.317141,63.88908,6.7618375,8.619456,5.402588,-1.7705975,-10.317243,9.671207,59.227737,-19.725683,7.8303804,-6.0341463,1.1500249,-6.5194025,-1.2745019,14.172877,-9.001495,2.7916498,-22.607481,-9.411763,-5.171292,67.57348,-6.0486236,-2.6676347
255,5.012644947,-142.9873276,105.75740051269531,0.4805584396230373,-6.058399812932064,-87.17360015966523,-3.7870102,-1.0996902,14.479215,-5.0039787,-15.949063,-4.8020835,12.186843,-16.070034,63.996582,6.766975,8.635031,5.362426,-1.5188953,-10.341897,9.444918,59.1202,-19.766985,7.798392,-6.056635,1.8956542,-6.4665365,-1.5237315,13.843717,-9.285393,2.7974067,-23.15064,-8.556362,-4.264763,65.3462,-5.999322,-1.9695805
256,4.962279379,-143.7196426,105.75749969482422,0.4603138509768577,-6.1094622303119275,-86.85224582282551,-3.9489646,-1.1065567,14.61251,-5.0971026,-15.899565,-5.945922,12.329032,-16.839333,64.087715,6.759879,8.630721,5.357058,-1.3057686,-10.359588,9.2918005,59.102245,-19.80979,7.7769785,-6.0585485,2.5881085,-6.4180107,-1.7244834,13.584538,-9.608198,2.7843368,-23.595177,-7.734416,-3.335394,62.930157,-5.8641376,-1.266622
257,4.922362804,-144.4624252,105.74418640136719,0.46132026821999933,-6.150551311429039,-86.59130403954225,-4.061731,-1.1359198,14.721183,-5.1747866,-15.83152,-7.0644093,12.472174,-17.642538,64.16884,6.7222743,8.600547,5.3999314,-1.1457723,-10.374766,9.231226,59.19426,-19.84063,7.7658896,-6.0406837,3.2909343,-6.3927026,-1.849578,13.302307,-9.943095,2.7838736,-23.94474,-6.9263177,-2.3431847,60.31581,-5.6431823,-0.577352
258,4.907289267,-145.2255936,105.72049713134766,0.4891829946828274,-6.186544207025709,-86.37761746745046,-4.130926,-1.1916437,14.816247,-5.242056,-15.754218,-8.16956,12.617171,-18.474077,64.23828,6.6513667,8.549709,5.481608,-1.0355325,-10.388783,9.256294,59.38338,-19.87653,7.758165,-5.998053,4.0436797,-6.4059052,-1.9111656,12.937755,-10.260288,2.8041067,-24.203733,-6.1455474,-1.2787035,57.50959,-5.314001,0.11493055
259,4.899164855,-145.9971619,105.6838150024414,0.5632884828275341,-6.215500746732117,-86.20220031819488,-4.163298,-1.2941129,14.88683,-5.3002443,-15.659591,-9.24071,12.761495,-19.294151,64.27808,6.5903435,8.48894,5.578064,-0.95166737,-10.400239,9.342453,59.636913,-19.925034,7.760712,-5.933229,4.837342,-6.4742374,-1.9350026,12.487553,-10.545343,2.8379722,-24.374199,-5.452932,-0.21653575,54.53553,-4.901723,0.82445824
260,4.86284101,-146.7764587,105.62816619873047,0.7016464978342942,-6.235063083087311,-86.05603781737024,-4.1669235,-1.4636638,14.921195,-5.349392,-15.5422535,-10.256078,12.901394,-20.055185,64.27227,6.5889544,8.428202,5.6656775,-0.8717383,-10.406151,9.464117,59.92391,-19.996916,7.780584,-5.84913,5.6443205,-6.603378,-1.950699,11.994936,-10.812932,2.868854,-24.439995,-4.903549,0.7608958,51.391937,-4.4284334,1.5723435
261,4.812977016,-147.5583725,105.55311584472656,0.9135854710140455,-6.2401633643878185,-85.94751426487109,-4.1327405,-1.7063309,14.9140215,-5.3897853,-15.400365,-11.221003,13.035755,-20.752783,64.22726,6.6814575,8.365145,5.74394,-0.80117023,-10.405155,9.631745,60.260098,-20.09231,7.8216686,-5.7379203,6.4747005,-6.812898,-1.958558,11.422286,-11.040285,2.9058948,-24.404404,-4.4886823,1.7085899,48.032166,-3.8785505,2.3760839
262,4.758266747,-148.3661728,105.46080780029297,1.1868965579835744,-6.233035532286116,-85.87738516839367,-4.062708,-2.0101585,14.871558,-5.419556,-15.237606,-12.143041,13.166001,-21.400944,64.15182,6.84221,8.29527,5.823652,-0.74990165,-10.397517,9.8541765,60.65778,-20.208134,7.879508,-5.601628,7.3674216,-7.0912886,-1.9461639,10.7246,-11.220763,2.9516904,-24.278177,-4.1919518,2.6493547,44.464787,-3.2455626,3.2187006
263,4.700132966,-149.1744232,105.34822082519531,1.5107535424340293,-6.221114094648839,-85.82538849930536,-3.9803298,-2.3684874,14.799192,-5.4365263,-15.052969,-13.006774,13.293341,-21.979477,64.036575,7.032707,8.224304,5.89818,-0.70136434,-10.380884,10.099521,61.078224,-20.35283,7.9489174,-5.457146,8.27925,-7.4278865,-1.9313396,9.976581,-11.377539,3.0065837,-24.07718,-4.0376234,3.4523716,40.778698,-2.556698,4.0789776
264,4.655586004,-150.021225,105.21034240722656,1.8700474196789543,-6.21200936210568,-85.77102942180221,-3.9087949,-2.7712045,14.702956,-5.438625,-14.844647,-13.794782,13.418559,-22.463816,63.87012,7.2186294,8.158685,5.960095,-0.63762933,-10.350992,10.329498,61.481533,-20.541119,8.024245,-5.3201447,9.238711,-7.8125477,-1.9212025,9.182027,-11.53338,3.078572,-23.808983,-4.0309787,3.978506,37.0425,-1.825997,4.9468737
265,4.588973045,-150.8686218,105.05362701416016,2.2804763819926803,-6.214632705124867,-85.71036165229795,-3.846791,-3.2356942,14.585301,-5.4295044,-14.607962,-14.513921,13.543718,-22.844532,63.659946,7.4089246,8.098648,6.0071816,-0.5575082,-10.302495,10.541172,61.873955,-20.801102,8.110015,-5.1977425,10.25822,-8.243664,-1.9187592,8.291221,-11.643327,3.1529706,-23.448833,-4.1846867,4.2210107,33.176807,-0.9720424,5.8588424
266,4.501881003,-151.7322311,104.87618255615234,2.738802754922608,-6.223587041350333,-85.65153818283815,-3.7863438,-3.7584074,14.4437,-5.408644,-14.341764,-15.171492,13.6711445,-23.133263,63.41097,7.6194963,8.041872,6.0430923,-0.46863797,-10.234432,10.746177,62.273228,-21.12377,8.206521,-5.0805902,11.355368,-8.717405,-1.922921,7.2751994,-11.70153,3.2282417,-22.990896,-4.458222,4.2343464,29.147964,0.0052831024,6.8296914
267,4.413802624,-152.5783768,104.68273162841797,3.208407260906342,-6.226878780961554,-85.59228847452447,-3.7391672,-4.299599,14.276517,-5.371058,-14.061822,-15.752283,13.801191,-23.339603,63.108303,7.824782,7.990978,6.0700173,-0.36645263,-10.15232,10.924607,62.654285,-21.46964,8.302539,-4.958635,12.446304,-9.20063,-1.947178,6.240675,-11.741402,3.3035524,-22.469666,-4.7710714,3.9659786,25.097328,0.9710494,7.8212695
268,4.334148526,-153.4577866,104.47394561767578,3.6536829772347894,-6.214922659722514,-85.5278104057247,-3.7165532,-4.8202825,14.084721,-5.3147836,-13.779899,-16.24324,13.932106,-23.476353,62.73792,7.9986205,7.948302,6.08952,-0.23970398,-10.0651045,11.050354,62.982983,-21.801302,8.38764,-4.8194494,13.16613,-9.665918,-2.0285966,5.9490356,-12.168174,3.3731124,-21.91043,-5.0505304,3.354449,21.152338,1.7987195,8.791548
269,4.267556071,-154.374794,104.25177764892578,4.088038860850504,-6.190063902011723,-85.4393461298831,-3.728869,-5.336086,13.860431,-5.245787,-13.490745,-16.642101,14.0638895,-23.547573,62.29863,8.130437,7.918962,6.0927734,-0.06568504,-9.976658,11.106233,63.23806,-22.138159,8.469015,-4.646593,13.76299,-10.121982,-2.161936,5.915671,-12.740705,3.440368,-21.303932,-5.3183727,2.288058,17.268694,2.4832249,9.768509
270,4.192727447,-155.2784805,104.0140380859375,4.546405807116938,-6.178228630183553,-85.31250636241721,-3.7841675,-5.884036,13.619892,-5.1686683,-13.183713,-16.95918,14.197001,-23.554667,61.80165,8.232544,7.901888,6.079956,0.15967032,-9.887281,11.0992,63.425064,-22.493074,8.552038,-4.4460654,14.369744,-10.594743,-2.3503437,5.8790927,-13.303106,3.5048506,-20.609573,-5.6010394,0.80207753,13.392755,3.0895379,10.788914
271,4.124930739,-156.1976089,103.75531005859375,5.029875826192576,-6.208054076610248,-85.14386761602769,-3.8959184,-6.4604096,13.399839,-5.081305,-12.874316,-17.200386,14.32851,-23.505703,61.252865,8.313416,7.8904243,6.0664787,0.4177857,-9.802593,11.042445,63.549072,-22.81646,8.625042,-4.238804,15.033212,-11.093949,-2.5889647,5.8425384,-13.873016,3.5810645,-19.888636,-5.8628707,-0.923043,9.777832,3.5260885,11.806838
272,4.056126714,-157.1415329,103.4775161743164,5.508610931321377,-6.2838411324895045,-84.9522283490424,-4.05482,-7.0329328,13.222464,-4.9817405,-12.579071,-17.37466,14.452762,-23.408615,60.66192,8.381181,7.8743463,6.071123,0.6863112,-9.731478,10.950298,63.6172,-23.055687,8.674891,-4.0474453,15.76285,-11.58197,-2.847879,5.811775,-14.460389,3.66236,-19.290852,-6.064571,-2.6655707,6.7910733,3.6408868,12.751566
273,3.99765718,-158.0685349,103.19073486328125,5.948055063663444,-6.37249119449097,-84.77257819365222,-4.2289367,-7.5532975,13.072611,-4.8735733,-12.311324,-17.489845,14.560724,-23.257818,60.027843,8.434802,7.842986,6.1053042,0.9620529,-9.68201,10.812993,63.614418,-23.178751,8.6940775,-3.8714466,16.5007,-12.027198,-3.089456,5.786747,-15.044678,3.7484908,-19.508669,-6.188604,-4.2270045,5.628933,2.7361376,13.667568
274,3.972857356,-159.0093307,102.90353393554688,6.3283189714930845,-6.445607796135802,-84.62095009586636,-4.3858438,-7.995396,12.915973,-4.7687674,-12.056509,-17.588234,14.622118,-23.090975,59.42957,8.452673,7.7786674,6.1784205,1.2505784,-9.661733,10.660513,63.555275,-23.172436,8.689158,-3.7138882,17.23017,-12.418871,-3.2980464,5.7703357,-15.6425705,3.8439932,-20.189428,-6.2572246,-5.7845864,5.522805,1.2147437,14.541976
275,3.942380786,-159.9540634,102.63343048095703,6.619157880191577,-6.493166696821826,-84.51956841191785,-4.509514,-8.3344,12.760973,-4.657617,-11.832723,-17.632734,14.674109,-22.883734,58.81675,8.458078,7.698842,6.269048,1.5280075,-9.650665,10.479113,63.474392,-23.126617,8.657708,-3.5780091,17.934597,-12.702373,-3.4384975,5.7636414,-16.249228,3.9144423,-20.755974,-6.231588,-7.3567953,5.439705,-0.19942722,15.2005
276,3.912410378,-160.9127274,102.37535095214844,6.819928043997227,-6.511206947235263,-84.47638542002407,-4.584287,-8.573223,12.602918,-4.5438485,-11.643846,-17.63088,14.712456,-22.664139,58.219315,8.448054,7.6100855,6.3781295,1.7910309,-9.648351,10.311624,63.392765,-23.057991,8.61424,-3.4817321,18.617159,-12.884641,-3.5005453,5.7660675,-16.868969,3.9598732,-21.179468,-6.1264877,-8.752798,5.3935037,-1.3012675,15.491428
277,3.881913543,-161.8703232,102.12873077392578,6.947973244297362,-6.503122859814925,-84.49734430416933,-4.6095786,-8.729957,12.44296,-4.41762,-11.492106,-17.559973,14.745743,-22.39412,57.60054,8.45155,7.514904,6.4881124,2.03847,-9.654264,10.144534,63.309258,-22.98247,8.551839,-3.4175825,19.274868,-12.990263,-3.4825914,5.7750106,-17.49716,3.9838228,-21.417017,-5.923946,-10.001544,5.376826,-2.104402,15.358924
278,3.855717421,-162.8299942,101.89845275878906,7.009793148893678,-6.471387780780138,-84.57871447257133,-4.5869045,-8.811685,12.2736225,-4.2883024,-11.358352,-17.451782,14.7675085,-22.119642,57.017216,8.418448,7.392333,6.622188,2.2675886,-9.668865,10.008337,63.23894,-22.83368,8.466209,-3.399599,19.911104,-13.03207,-3.3877084,5.790482,-18.134317,3.9923682,-21.486874,-5.6045566,-11.156026,5.382187,-2.6515734,14.8453865
279,3.847735047,-163.8094711,101.7052993774414,6.983548670540353,-6.408311438978436,-84.71506019565405,-4.532513,-8.792541,12.107273,-4.132591,-11.269674,-17.26348,14.777108,-21.80201,56.391827,8.396325,7.291021,6.7710567,2.4718952,-9.691105,9.879778,63.15491,-22.693893,8.382866,-3.4057078,20.513443,-12.997231,-3.207279,5.814784,-18.759169,3.9945462,-21.429928,-5.160437,-12.040724,5.402296,-2.6493392,13.821906
280,3.868001103,-164.7954636,101.54576110839844,6.843935523926546,-6.301579583781715,-84.90272306521426,-4.4772425,-8.643895,11.938283,-3.944414,-11.218171,-16.983047,14.774052,-21.362062,55.75791,8.439181,7.18457,6.9084454,2.624108,-9.7326765,9.753972,63.08316,-22.62708,8.296017,-3.4165893,21.065565,-12.847523,-2.9160805,5.849577,-19.313387,3.9842212,-21.311726,-4.5906954,-12.486102,5.4379907,-1.8631564,12.224956
281,3.904326558,-165.7890244,101.42845916748047,6.561143383325115,-6.138379475278698,-85.16169895311793,-4.3744946,-8.3372555,11.752696,-3.7399752,-11.193396,-16.680347,14.751075,-20.95895,55.192066,8.445968,7.075989,7.09081,2.7158577,-9.779704,9.684524,63.056583,-22.583858,8.207078,-3.4713316,21.556684,-12.558632,-2.4681892,5.9005456,-19.749378,3.9653366,-21.08235,-3.8711221,-12.40944,5.4986086,-0.24326214,10.014883
282,3.935187578,-166.7743454,101.36907958984375,6.112527522010216,-5.935779243446081,-85.48636757965859,-4.2503815,-7.8441353,11.570435,-3.49977,-11.204956,-16.294268,14.697475,-20.461395,54.619167,8.5067005,6.9668045,7.282115,2.7582161,-9.847125,9.650351,63.03765,-22.574924,8.118731,-3.551239,22.009712,-12.107823,-1.8501651,5.972158,-20.021524,3.9313116,-20.701365,-2.9793465,-12.025454,5.5608854,1.9849391,7.294553
283,3.954173684,-167.7781906,101.33766174316406,5.571701938027353,-5.7158684615308095,-85.80547338385921,-4.1647873,-7.2451563,11.372541,-3.2354028,-11.236333,-15.857771,14.591291,-19.883404,54.121174,8.609762,6.8414493,7.462408,2.7644875,-9.946776,9.660059,63.04258,-22.551556,8.037363,-3.6389287,22.439478,-11.554391,-1.1584436,6.063002,-20.048954,3.876842,-20.301636,-2.038635,-11.617527,5.6677847,4.4536786,4.3674827
284,3.973608732,-168.7767563,101.323974609375,4.951804617348647,-5.5095358630638875,-86.06349952785054,-4.1152043,-6.574316,11.173365,-2.9953036,-11.271514,-15.44304,14.457507,-19.390656,53.767662,8.635134,6.705172,7.638971,2.783322,-10.045954,9.635651,63.06133,-22.512486,7.962595,-3.7192965,22.851559,-10.888149,-0.45650303,6.2230616,-19.789486,3.7717907,-20.496206,-1.1605325,-11.281825,6.8263483,6.344743,1.493191
285,3.969685435,-169.7945023,101.335205078125,4.267537373472501,-5.2930109406983155,-86.21628717450405,-4.1436253,-5.852382,10.946755,-2.7827358,-11.321441,-15.022495,14.302671,-18.946424,53.51446,8.6140995,6.563189,7.7940593,2.831128,-10.139693,9.529832,63.067204,-22.510187,7.9048653,-3.7635112,21.680552,-10.105338,0.066602215,9.525526,-20.786526,3.5923617,-20.799755,-0.27213395,-11.210944,8.130083,7.960217,-1.1959558
286,4.004866123,-170.8265305,101.33942413330078,3.4680993706683974,-5.050036606981235,-86.30527687665298,-4.221139,-5.019286,10.697758,-2.5878265,-11.393259,-14.589656,14.124442,-18.53023,53.344994,8.5626745,6.4163194,7.935054,2.8905141,-10.227356,9.359972,63.066875,-22.548485,7.8581586,-3.7875216,20.62485,-9.143769,0.55202633,12.573148,-21.410028,3.3187723,-21.668554,0.6800704,-11.2163515,9.952846,9.211655,-3.6796234
287,4.055177569,-171.8606033,101.33528900146484,2.695055361372262,-4.865826644786408,-86.34243142516834,-4.3434267,-4.21182,10.494431,-2.3981037,-11.45966,-14.164599,13.9212265,-18.15327,53.297676,8.463491,6.2759027,8.060414,2.9497137,-10.313695,9.166566,63.09131,-22.57408,7.8101435,-3.8215213,19.728636,-8.185482,0.9427371,15.417294,-21.694195,2.9794157,-22.18795,1.5598556,-11.415715,11.527097,9.826533,-5.6515946
288,4.106656909,-172.9050522,101.34501647949219,1.9914541487227644,-4.788138728415708,-86.38004883600736,-4.466684,-3.462456,10.385018,-2.2040246,-11.513021,-13.769981,13.6914425,-17.828634,53.41169,8.294257,6.1452637,8.175033,2.9855063,-10.4038725,8.99448,63.175934,-22.527493,7.7435994,-3.900057,18.970118,-7.302043,1.2585665,18.164423,-21.709227,2.5909975,-22.599228,2.318795,-11.643955,13.153284,9.7407055,-7.0938907
289,4.148587465,-173.9208603,101.38085174560547,1.340351031565918,-4.839053560960536,-86.42757494049755,-4.590453,-2.7507675,10.38836,-1.9949622,-11.545992,-13.390852,13.430258,-17.542028,53.69509,7.9984746,6.0024014,8.298165,2.9953473,-10.5083885,8.854939,63.338097,-22.368273,7.626576,-4.055843,18.352125,-6.4923406,1.528926,20.87923,-21.598587,2.1752038,-22.758642,2.970032,-11.881914,14.748756,9.074425,-8.032139
290,4.200876117,-174.9404831,101.42555236816406,0.7081115117909853,-4.976913430917899,-86.47692351070465,-4.7201858,-2.042609,10.46861,-1.7768312,-11.5707,-13.019333,13.136986,-17.283497,54.126507,7.609227,5.848519,8.422767,2.9842477,-10.629893,8.737545,63.557495,-22.125166,7.475818,-4.2634177,17.811039,-5.7078667,1.7655009,23.60643,-21.42744,1.729993,-22.764986,3.562544,-12.116404,16.324156,8.079985,-8.607478
291,4.239228606,-175.9438705,101.49951934814453,0.12851301304810742,-5.165005424559933,-86.54022356897315,-4.8319263,-1.3819689,10.593698,-1.5639087,-11.591686,-12.689189,12.822262,-17.07707,54.699986,7.234944,5.726061,8.515245,2.9443188,-10.7596,8.647099,63.813435,-21.849134,7.347152,-4.4706025,17.259016,-4.9743032,1.9501585,26.368113,-20.994183,1.2416127,-22.617453,4.0978885,-12.322911,17.763126,6.958165,-8.941932
292,4.271049619,-176.9361801,101.58592224121094,-0.3586092434867902,-5.368741496018093,-86.62895174549456,-4.903167,-0.8184381,10.733,-1.3686507,-11.612893,-12.430795,12.504606,-16.953747,55.404804,6.974982,5.6810546,8.544588,2.8642216,-10.880952,8.588663,64.09046,-21.592478,7.2964354,-4.627849,16.622423,-4.3280506,2.0483618,29.165241,-20.178862,0.68654245,-22.331064,4.5776463,-12.4832,18.960678,5.875255,-9.165311
293,4.297261357,-177.9225235,101.67090606689453,-0.7342798607380346,-5.594635899806338,-86.77690556653442,-4.904119,-0.37478995,10.889387,-1.1911191,-11.641931,-12.242729,12.196429,-16.915653,56.265213,6.829846,5.734781,8.521675,2.7240098,-10.98542,8.570705,64.43015,-21.348999,7.3420825,-4.724131,15.850085,-3.8091054,2.0821688,32.118496,-18.98422,0.0951857,-21.867865,4.9542685,-12.546197,20.002562,4.758541,-9.295705
294,4.298754811,-178.8833084,101.76954650878906,-1.022405837777377,-5.853061706342848,-86.97219829623968,-4.854934,-0.023982707,11.0717125,-1.0207988,-11.67521,-12.101119,11.901553,-16.952692,57.26388,6.743046,5.8642797,8.459936,2.5248752,-11.072629,8.591451,64.838264,-21.102217,7.4506755,-4.789122,15.011183,-3.398757,2.0650911,35.130554,-17.411625,-0.553297,-21.294033,5.2886915,-12.544369,20.85895,3.7021458,-9.407116
295,4.281340718,-179.8212357,101.89386749267578,-1.2531377541606563,-6.116420696678512,-87.15621030113181,-4.8066316,0.25386462,11.260763,-0.8564708,-11.703158,-12.005166,11.627997,-17.08204,58.328556,6.725423,6.050428,8.332551,2.2898648,-11.137751,8.633702,65.24384,-20.892982,7.6006403,-4.833833,14.065568,-3.0523868,1.905973,38.174213,-15.539436,-1.3613613,-20.605509,5.589151,-12.54628,21.469988,2.749324,-9.49736
296,4.246388793,-180.7292099,102.02810668945312,-1.4501123942880805,-6.358902797295197,-87.27137063608168,-4.805413,0.47409838,11.440653,-0.70037895,-11.71595,-11.957354,11.386417,-17.329826,59.38736,6.782971,6.275562,8.112674,2.0460591,-11.173509,8.67052,65.5719,-20.766665,7.770735,-4.868214,13.092242,-2.7400389,1.5292553,41.111008,-13.44563,-2.42682,-19.876873,5.8460317,-12.607589,21.917288,1.8818954,-9.569081
297,4.194953442,-181.6270523,102.17333984375,-1.5994911455054084,-6.5819581217137255,-87.29654470516061,-4.8674006,0.6108617,11.6103325,-0.54780084,-11.698926,-11.967535,11.186087,-17.719202,60.457565,6.9164796,6.566621,7.7831554,1.7889705,-11.167103,8.690378,65.828384,-20.758764,7.9849243,-4.8898034,11.8608885,-2.4759915,0.8070181,44.149963,-11.045999,-3.933729,-19.121248,6.028119,-12.744226,22.254889,1.0600163,-9.612935
298,4.125990629,-182.4866257,102.33419036865234,-1.692796522262539,-6.798297470938758,-87.26721367613754,-4.959696,0.6546269,11.779409,-0.4020832,-11.661374,-12.028754,11.029244,-18.245872,61.56017,7.1128764,6.923564,7.36142,1.5081909,-11.116105,8.696097,66.04672,-20.847816,8.243245,-4.895493,10.494785,-2.32949,-0.21284239,47.224728,-8.364163,-5.816423,-18.315737,6.1481705,-12.925176,22.43359,0.31744763,-9.632924
299,4.034382939,-183.3249741,102.49974822998047,-1.7607948863445702,-6.992637611982427,-87.20592172334686,-5.06121,0.6577679,11.943567,-0.2779819,-11.634692,-12.119824,10.913051,-18.889574,62.62523,7.361112,7.289484,6.8706346,1.2231354,-11.0344,8.685245,66.18773,-20.989962,8.490263,-4.8926196,9.048206,-2.302272,-1.45342,50.28385,-5.592803,-7.8043633,-17.495188,6.252541,-13.135073,22.501583,-0.36592594,-9.642511
300,3.964969277,-184.1513596,102.6574478149414,-1.8427076241495803,-7.147729092541002,-87.13452645953637,-5.1515613,0.67385375,12.098294,-0.19026254,-11.651956,-12.218624,10.831167,-19.625055,63.582977,7.6526,7.60736,6.332451,0.9597576,-10.944988,8.657065,66.2034,-21.137009,8.67167,-4.8853946,7.4630785,-2.3728912,-2.833999,53.35784,-2.8839705,-9.613227,-16.707483,6.364927,-13.349309,22.521147,-1.0074722,-9.6302
301,3.906491637,-184.9570999,102.7979507446289,-1.936758992433088,-7.253286731514878,-87.04150588036634,-5.251146,0.7103238,12.241514,-0.13818127,-11.715857,-12.3301735,10.779456,-20.474546,64.43069,8.002472,7.867813,5.715273,0.7265389,-10.86002,8.608377,66.059586,-21.300634,8.780802,-4.860145,5.6689343,-2.5815134,-4.4390407,56.534416,-0.002572771,-11.268232,-15.990954,6.4809227,-13.575556,22.533375,-1.622919,-9.600492
302,3.853338122,-185.7407913,102.93030548095703,-2.0205133721965183,-7.322178193528268,-86.92299986524948,-5.3583207,0.73750144,12.37866,-0.11815219,-11.813139,-12.46562,10.75539,-21.442776,65.20109,8.41051,8.09574,5.0178924,0.51902366,-10.77912,8.541213,65.77337,-21.491327,8.845677,-4.813707,3.717066,-2.9835577,-6.277599,59.78344,3.0517838,-12.935567,-15.322215,6.5765657,-13.816732,22.521978,-2.2100618,-9.550301
303,3.802353382,-186.4899063,103.05911254882812,-2.098982021814748,-7.371279460073513,-86.80707888802287,-5.4312515,0.7654816,12.517575,-0.13439758,-11.948116,-12.604577,10.752178,-22.4639,65.87093,8.851307,8.288459,4.3077044,0.34102693,-10.706419,8.472893,65.37635,-21.655666,8.8646755,-4.7668586,1.7656106,-3.4927568,-8.0958805,62.91836,5.78679,-14.459366,-14.668734,6.675736,-14.053989,22.446033,-2.7393017,-9.491543
304,3.757539511,-187.231575,103.18163299560547,-2.1926040136994964,-7.413745863455416,-86.71946876942809,-5.4384155,0.81610316,12.663953,-0.18473344,-12.128254,-12.720305,10.761769,-23.452528,66.41392,9.31084,8.443417,3.6501212,0.18860005,-10.649936,8.432671,64.90685,-21.735537,8.836646,-4.7406616,-0.06129839,-3.9195192,-9.596398,65.76106,7.732205,-15.574999,-14.008921,6.8100915,-14.265775,22.322172,-3.2292764,-9.430438
305,3.726459026,-187.9590073,103.29759979248047,-2.338875537954126,-7.434904262819422,-86.65560672219111,-5.3915596,0.9316737,12.810679,-0.26231027,-12.364706,-12.8091955,10.778046,-24.38976,66.81159,9.848207,8.555945,3.0198894,0.06238032,-10.617623,8.450791,64.34622,-21.675983,8.746378,-4.7390003,-1.813298,-4.127079,-10.734496,68.33569,8.715766,-15.97025,-13.327572,7.027756,-14.468749,22.079123,-3.6388497,-9.370671
306,3.706332684,-188.6624374,103.40872192382812,-2.5333658663353926,-7.429825270179931,-86.60229582569237,-5.3139563,1.1050049,12.954684,-0.3612677,-12.650784,-12.879892,10.799874,-25.29515,67.081375,10.464425,8.625419,2.39532,-0.04420424,-10.610964,8.525894,63.689598,-21.508085,8.600795,-4.751137,-3.5717976,-4.1318226,-11.617792,70.736824,9.029886,-15.750661,-12.630206,7.320769,-14.673107,21.705065,-3.9604547,-9.311883
307,3.690477848,-189.376503,103.51774597167969,-2.7334644308347404,-7.424313082624172,-86.57093021592966,-5.193038,1.2937064,13.105973,-0.4814478,-12.963298,-12.923243,10.828611,-26.139278,67.249016,11.058766,8.658778,1.8469025,-0.1448339,-10.623271,8.63829,62.99449,-21.304037,8.432207,-4.777092,-5.287564,-3.923915,-12.19647,72.90222,8.891908,-15.253495,-11.911067,7.636238,-14.853416,21.285393,-4.2587714,-9.250369
308,3.664948225,-190.0628433,103.62633514404297,-2.894715791220517,-7.44515046948631,-86.57304412184806,-5.018333,1.4509699,13.274245,-0.619599,-13.280643,-12.925977,10.868773,-26.883007,67.33867,11.537188,8.666198,1.4440341,-0.25743866,-10.644709,8.767801,62.323833,-21.141127,8.273019,-4.8192673,-6.9057884,-3.5005672,-12.424027,74.765755,8.514333,-14.830169,-11.174377,7.927525,-14.987401,20.846874,-4.5304527,-9.194267
309,3.63308692,-190.7264786,103.7319564819336,-3.0209467665201886,-7.50867259523981,-86.6207093736416,-4.7760615,1.5793363,13.475999,-0.77766573,-13.611445,-12.879526,10.925059,-27.515656,67.33381,11.887306,8.64836,1.2161071,-0.3842931,-10.668974,8.913967,61.680763,-21.031996,8.114206,-4.891888,-8.395389,-2.7095547,-12.145454,76.29922,7.7440066,-14.580267,-10.402589,8.19832,-15.066508,20.399595,-4.783599,-9.141277
310,3.612170935,-191.3823013,103.84037780761719,-3.132451630719463,-7.598900439219627,-86.7072249026478,-4.4759426,1.698207,13.701171,-0.9533286,-13.963115,-12.788234,11.000179,-28.05033,67.22428,12.159031,8.606133,1.1218699,-0.5217039,-10.696264,9.0850725,61.04314,-20.944376,7.944067,-4.9914193,-9.79165,-1.5685089,-11.454871,77.5457,6.5290093,-14.31561,-9.58306,8.465129,-15.101119,19.89967,-5.000781,-9.081049
311,3.581408262,-192.0526505,103.95198822021484,-3.209066514018335,-7.693564289661232,-86.8153229895,-4.144043,1.7872798,13.922072,-1.1367182,-14.31102,-12.654712,11.095561,-28.483627,67.037964,12.351719,8.551335,1.124529,-0.67919964,-10.723299,9.277205,60.434837,-20.88508,7.7899804,-5.0934362,-11.128446,-0.3492286,-10.663717,78.52985,5.2406726,-13.96363,-8.751452,8.704036,-15.10041,19.392603,-5.2181315,-9.020719
312,3.549423933,-192.7105179,104.0665054321289,-3.2329838108619247,-7.767487745237218,-86.9245898491234,-3.809315,1.8262941,14.10881,-1.3170278,-14.62859,-12.481968,11.212565,-28.809484,66.80548,12.467456,8.494359,1.1872784,-0.8675009,-10.74637,9.483585,59.882812,-20.864912,7.6795287,-5.174389,-12.451744,0.66534567,-10.075606,79.2756,4.249746,-13.440198,-7.9683414,8.876448,-15.073306,18.913183,-5.4357276,-8.956686
313,3.488186121,-193.3409348,104.18671417236328,-3.1835090055693933,-7.809869541595718,-87.03364731067225,-3.4681642,1.7929957,14.250298,-1.5039246,-14.917687,-12.267622,11.35545,-29.019289,66.520134,12.492589,8.437904,1.3234801,-1.0944477,-10.760332,9.709337,59.39806,-20.90172,7.6248317,-5.2312794,-13.806228,1.3934419,-9.73046,79.793625,3.7180953,-12.628684,-7.251153,8.97445,-15.016467,18.45202,-5.6424565,-8.906045
314,3.418556213,-193.9771042,104.31037902832031,-3.0768308515009264,-7.834412463720075,-87.15101272636308,-3.1125584,1.7018164,14.364865,-1.6953852,-15.189546,-12.005363,11.527046,-29.113348,66.1624,12.432413,8.3784685,1.5443059,-1.3579232,-10.763759,9.957739,58.97078,-20.987614,7.609043,-5.2769904,-15.152111,1.9733167,-9.464541,80.065,3.42253,-11.608786,-6.577264,9.00375,-14.927926,18.035803,-5.8683624,-8.853367
315,3.364238024,-194.6073685,104.43340301513672,-2.9505547194506514,-7.850795665992142,-87.26919886624988,-2.7645333,1.5902095,14.464004,-1.8659185,-15.433145,-11.695551,11.723916,-29.101566,65.748276,12.316168,8.315622,1.8104508,-1.6500151,-10.761074,10.215028,58.59322,-21.095058,7.615956,-5.311141,-16.432716,2.4503782,-9.27599,80.082016,3.1602027,-10.578993,-5.9244194,8.995384,-14.832115,17.633743,-6.0923843,-8.787378
316,3.316795826,-195.2274094,104.54866790771484,-2.8422788972299036,-7.868515301143123,-87.38120717036661,-2.441753,1.4968168,14.558653,-1.9951245,-15.638559,-11.3448515,11.937012,-28.999989,65.301765,12.171997,8.2469635,2.0831835,-1.9570487,-10.758675,10.463065,58.250847,-21.195702,7.6295247,-5.3314295,-17.590744,2.8632693,-9.169462,79.83528,2.734795,-9.746328,-5.2657804,9.000567,-14.756041,17.210964,-6.298966,-8.715499
317,3.283329725,-195.8373184,104.65814208984375,-2.758219945096283,-7.895548945156678,-87.47947919908907,-2.1421895,1.4273409,14.651187,-2.0865011,-15.794279,-10.958246,12.158998,-28.807762,64.83754,11.990554,8.155242,2.3781786,-2.2688072,-10.760186,10.694195,57.939568,-21.290842,7.653724,-5.3379498,-18.60583,3.1979492,-9.164899,79.31077,2.081658,-9.185953,-4.5803957,9.023535,-14.713152,16.746462,-6.4801483,-8.632551
318,3.262633324,-196.4337234,104.76081085205078,-2.677594409829402,-7.924257996890927,-87.56903040013165,-1.8539609,1.3643531,14.734973,-2.1544003,-15.909019,-10.539142,12.386552,-28.52378,64.35224,11.762309,8.043368,2.708709,-2.5869694,-10.765554,10.912265,57.658943,-21.392471,7.6948533,-5.3296847,-19.510386,3.4329581,-9.247924,78.513824,1.3202721,-8.787742,-3.9057913,9.036097,-14.686254,16.292805,-6.6577635,-8.53933
319,3.250437975,-197.0213547,104.85814666748047,-2.5973296542935778,-7.94166863481268,-87.66138061857313,-1.5778617,1.3102086,14.805624,-2.1963031,-16.002266,-10.096568,12.614914,-28.168444,63.85063,11.513798,7.9376526,3.0335941,-2.9142954,-10.776763,11.113196,57.398563,-21.488987,7.7401347,-5.3031187,-20.323261,3.5960064,-9.374419,77.46695,0.52709967,-8.483457,-3.2533624,9.041243,-14.657602,15.844228,-6.826754,-8.440824
320,3.24442935,-197.6085129,104.95045471191406,-2.5179764547049484,-7.93449390424248,-87.76785659179221,-1.3113333,1.2693691,14.859298,-2.2133446,-16.093729,-9.644191,12.837525,-27.76964,63.3416,11.267534,7.864019,3.3119473,-3.2493834,-10.795724,11.288936,57.1437,-21.568127,7.7766585,-5.253975,-21.065985,3.7128398,-9.505016,76.19555,-0.22477622,-8.208578,-2.6366656,9.042459,-14.610968,15.403758,-6.98801,-8.340148
321,3.247610569,-198.1912918,105.04106140136719,-2.4306728855502686,-7.893796382859692,-87.89565936855635,-1.0469384,1.242144,14.886048,-2.2140467,-16.178354,-9.187604,13.049034,-27.329899,62.829678,11.015525,7.8269525,3.5306642,-3.5883768,-10.825634,11.418069,56.884346,-21.638628,7.8051376,-5.16428,-21.742392,3.7708797,-9.63913,74.67847,-0.95155567,-7.9943714,-2.0707915,9.02762,-14.535008,14.974783,-7.136437,-8.235204
322,3.252761364,-198.7660751,105.1301498413086,-2.3398196807980516,-7.828193105435465,-88.03693895840973,-0.7815577,1.2290304,14.8902025,-2.2028427,-16.250425,-8.730234,13.245656,-26.847836,62.32466,10.747467,7.8099093,3.7134583,-3.9243968,-10.867103,11.50068,56.62168,-21.704903,7.8312607,-5.040301,-22.340567,3.764205,-9.792156,72.90949,-1.6769947,-7.85974,-1.5355469,9.006815,-14.4434395,14.534466,-7.263584,-8.129757
323,3.267128944,-199.3452072,105.21642303466797,-2.2581932098400257,-7.751716249703929,-88.18084904784932,-0.51956123,1.2336788,14.887582,-2.1736307,-16.32086,-8.285304,13.423464,-26.347006,61.850086,10.481286,7.806412,3.8761313,-4.2541995,-10.9181795,11.562939,56.362637,-21.748056,7.849506,-4.9166055,-22.858435,3.7297146,-9.944598,70.93758,-2.341064,-7.7141953,-1.0019094,8.991517,-14.3495655,14.073544,-7.3777857,-8.020781
324,3.304145575,-199.9133987,105.2956314086914,-2.1973400659195534,-7.678462345622372,-88.3168948428959,-0.26565087,1.2582314,14.892366,-2.119585,-16.403936,-7.8673153,13.579254,-25.85326,61.43267,10.232644,7.8099027,4.0360684,-4.576667,-10.977798,11.63312,56.118496,-21.748547,7.854688,-4.829113,-23.296646,3.70256,-10.07919,68.81277,-2.885555,-7.4679713,-0.4676429,8.985247,-14.262834,13.606185,-7.483353,-7.904796
325,3.341740847,-200.4679489,105.36715698242188,-2.1575977778448254,-7.613932018989092,-88.44621502269386,-0.017265996,1.2994319,14.910437,-2.0318768,-16.495369,-7.482256,13.711461,-25.371235,61.080242,9.9927845,7.8155093,4.201198,-4.8949356,-11.044635,11.718526,55.895164,-21.676939,7.8414416,-4.793645,-23.64733,3.6756806,-10.20943,66.525055,-3.314909,-7.0668144,0.08927549,9.00606,-14.186338,13.095316,-7.5633054,-7.7946405
326,3.400430679,-201.0169144,105.42706298828125,-2.131851437333894,-7.549773808685766,-88.57312917151273,0.22700709,1.3580701,14.93129,-1.9169241,-16.589798,-7.125739,13.819522,-24.891422,60.786564,9.756268,7.8258824,4.362734,-5.209737,-11.119378,11.806629,55.689693,-21.54944,7.813939,-4.790934,-23.913218,3.6358428,-10.339062,64.05113,-3.6508865,-6.5663834,0.61687577,9.022383,-14.107479,12.636853,-7.664487,-7.676495
327,3.448408365,-201.5729904,105.48661041259766,-2.128126257594735,-7.480139398339241,-88.69161416940311,0.46195188,1.4443632,14.945536,-1.7919946,-16.693861,-6.7979693,13.901774,-24.419638,60.55595,9.543502,7.846209,4.512846,-5.5140905,-11.203237,11.89601,55.495552,-21.413305,7.781817,-4.803291,-24.106974,3.6072648,-10.439037,61.425117,-3.8710074,-6.04788,1.199073,9.083387,-14.044037,12.059336,-7.7125688,-7.5686398
328,3.526057959,-202.1162338,105.52401733398438,-2.1535067813477107,-7.399034817256701,-88.79567044332249,0.6833628,1.5685668,14.943574,-1.6754351,-16.81449,-6.502414,13.955961,-23.964499,60.39538,9.373053,7.8809605,4.6437917,-5.8002462,-11.297655,11.985596,55.305668,-21.314077,7.7545276,-4.813462,-24.223276,3.615234,-10.471091,58.64323,-3.9340765,-5.5918775,1.695679,9.142102,-13.986167,11.615355,-7.8185043,-7.4511266
329,3.606619596,-202.6556625,105.55301666259766,-2.1986416339438892,-7.295412721834421,-88.88482134670862,0.8960723,1.7250242,14.91643,-1.5841215,-16.95717,-6.2497616,13.97991,-23.527727,60.31594,9.261004,7.9336896,4.745433,-6.060942,-11.4041395,12.072242,55.10937,-21.27,7.73423,-4.826706,-24.273104,3.6614687,-10.426714,55.686855,-3.8324223,-5.19507,2.1660748,9.220018,-13.94244,11.166192,-7.919714,-7.336971
330,3.694539785,-203.2142563,105.57494354248047,-2.263895945763328,-7.175536568920186,-88.96208452964949,1.102706,1.911222,14.869978,-1.5066677,-17.115898,-6.0410123,13.973122,-23.108341,60.3178,9.194058,8.000069,4.8252525,-6.299049,-11.523783,12.154188,54.91075,-21.255402,7.716285,-4.8483486,-24.250975,3.7288647,-10.321298,52.5545,-3.5831277,-4.825932,2.6357074,9.317331,-13.911049,10.700391,-8.022738,-7.2210736
331,3.773649454,-203.7660751,105.58502960205078,-2.3653423995664657,-7.059033344489363,-89.0272578996796,1.2961298,2.1435218,14.817465,-1.4196835,-17.28257,-5.862876,13.9363,-22.711178,60.389633,9.145597,8.073104,4.901737,-6.520765,-11.655683,12.234144,54.72241,-21.248241,7.7006445,-4.86158,-24.138107,3.8197472,-10.158692,49.289703,-3.196729,-4.520652,3.1309867,9.46904,-13.892748,10.180433,-8.099942,-7.118051
332,3.8782897,-204.3186722,105.57479858398438,-2.523715510263433,-6.965575951755095,-89.08014452240643,1.4680799,2.439564,14.7712,-1.2979152,-17.446342,-5.7005315,13.871385,-22.34116,60.518246,9.088457,8.146934,4.9943843,-6.734323,-11.799726,12.31465,54.5611,-21.228477,7.6866913,-4.849659,-23.915754,3.947535,-9.945991,45.932274,-2.6837592,-4.3089333,3.6435258,9.672786,-13.882307,9.680696,-8.1918545,-7.0102196
333,3.996174693,-204.869194,105.54593658447266,-2.748592504538774,-6.900210244983058,-89.11801344643574,1.6158925,2.8081303,14.737941,-1.1330177,-17.611952,-5.5599,13.779245,-21.998974,60.708904,9.011261,8.22324,5.102348,-6.9466605,-11.956161,12.39318,54.426334,-21.190428,7.674998,-4.8047895,-23.56928,4.1438413,-9.683,42.428707,-2.0152266,-4.1914196,4.2170234,9.95758,-13.886126,9.1188755,-8.257835,-6.904397
334,4.135640264,-205.4104691,105.50102996826172,-3.0256230621824565,-6.8517724726885945,-89.14273237125074,1.744784,3.2368314,14.708994,-0.93895096,-17.780424,-5.4464345,13.66064,-21.683043,60.965458,8.929113,8.304253,5.2174706,-7.151609,-12.124627,12.4693775,54.31108,-21.144772,7.665701,-4.7369623,-23.106567,4.397159,-9.365944,38.767933,-1.1942236,-4.148932,4.8149858,10.295718,-13.897988,8.534901,-8.310788,-6.7947288
335,4.256641626,-205.9479752,105.43524169921875,-3.3377442106703943,-6.815795188990401,-89.16069105726712,1.8590946,3.706542,14.674169,-0.7241734,-17.940687,-5.343334,13.518478,-21.394054,61.271152,8.854138,8.384795,5.3475027,-7.338826,-12.303118,12.55186,54.221012,-21.094488,7.6582065,-4.6562576,-22.551254,4.6635623,-9.000531,35.049088,-0.26893336,-4.171396,5.416233,10.686046,-13.906649,7.968205,-8.378235,-6.705075
336,4.39603579,-206.509697,105.35501098632812,-3.6668103815248823,-6.788308187724478,-89.17858154066244,1.9625736,4.1971693,14.624196,-0.49594107,-18.080536,-5.2310677,13.357708,-21.131744,61.60503,8.798046,8.460234,5.4995675,-7.4984264,-12.487499,12.6512,54.16264,-21.040714,7.6514344,-4.5735736,-21.927721,4.9079337,-8.593714,31.376596,0.7048962,-4.242222,6.00734,11.078721,-13.901628,7.472364,-8.4968815,-6.611677
337,4.561519384,-207.0849533,105.26203155517578,-4.0406985764539165,-6.772691089135188,-89.19474595656648,2.0511787,4.737631,14.556242,-0.26048005,-18.208426,-5.0995955,13.180487,-20.900066,61.96314,8.784514,8.535086,5.683507,-7.622115,-12.677487,12.760758,54.130314,-20.989433,7.647517,-4.4904485,-21.24718,5.167807,-8.159236,27.750853,1.7111535,-4.2997227,6.6520443,11.519899,-13.881916,6.9131823,-8.595761,-6.5202327
338,4.739187956,-207.6734848,105.14911651611328,-4.457695985775295,-6.768768037839529,-89.20689906772601,2.124929,5.3263793,14.475246,-0.011197266,-18.325438,-4.958711,12.9877615,-20.697952,62.351788,8.798472,8.611357,5.8924017,-7.7177343,-12.873345,12.877633,54.123867,-20.939068,7.6456885,-4.4015493,-20.482306,5.471891,-7.6865525,24.09612,2.7888336,-4.352626,7.3118997,12.005455,-13.8482685,6.3689613,-8.714755,-6.434694
339,4.906413615,-208.2687607,105.03014373779297,-4.861686242428764,-6.768764984128219,-89.22111988194229,2.1912475,5.898604,14.385426,0.26618356,-18.415293,-4.812712,12.784244,-20.513128,62.75944,8.794549,8.6818695,6.1078897,-7.8026037,-13.069304,13.023313,54.161156,-20.878744,7.640846,-4.308938,-19.621384,5.772438,-7.1562767,20.43635,3.9522097,-4.4915876,7.9687233,12.47677,-13.805811,5.8517632,-8.853911,-6.352744
340,5.04203999,-208.8749161,104.91654968261719,-5.1946873889243115,-6.766993449572413,-89.24471003146449,2.2524543,6.38894,14.293216,0.59201527,-18.460474,-4.657679,12.577855,-20.325756,63.165615,8.728385,8.740846,6.3107343,-7.9013057,-13.255539,13.227769,54.267258,-20.796143,7.6272197,-4.216747,-18.62375,6.018192,-6.5408998,16.747015,5.2405176,-4.8082004,8.425218,12.825005,-13.754745,5.7585964,-9.210933,-6.267563
341,5.171450019,-209.4866867,104.8084716796875,-5.451942823372581,-6.76808901401187,-89.29527071985709,2.3130023,6.790414,14.204811,0.9934307,-18.460756,-4.471782,12.376115,-20.11292,63.546513,8.571084,8.792248,6.501199,-8.033937,-13.425734,13.513799,54.459583,-20.670042,7.6005163,-4.1234045,-17.334713,6.213475,-5.7367496,12.740791,6.873655,-5.4324536,8.855699,13.075283,-13.690371,5.736523,-9.603826,-6.1694894
342,5.285802245,-210.0971603,104.70683288574219,-5.6711943187751945,-6.782274498866969,-89.37117676661816,2.36499,7.139718,14.123348,1.4664869,-18.42102,-4.241692,12.182485,-19.873243,63.894184,8.355084,8.84266,6.6845546,-8.199009,-13.578241,13.878335,54.736725,-20.511087,7.5646033,-4.030316,-15.532085,6.411434,-4.7104344,7.9923444,9.122031,-6.1350093,9.302345,13.286972,-13.609142,5.713997,-9.997416,-6.0734134
343,5.411790788,-210.7287521,104.60408782958984,-5.8548546063026,-6.811824781510828,-89.44954717724531,2.3943262,7.439582,14.049837,1.9810898,-18.336658,-3.980479,11.998142,-19.624945,64.21536,8.126136,8.890622,6.84934,-8.387178,-13.710743,14.305765,55.09398,-20.358786,7.525886,-3.9445095,-15.045069,6.479221,-4.249906,5.951395,10.275101,-6.4769735,9.779337,13.447774,-13.536324,5.6962066,-10.40581,-5.9572754
344,5.536263391,-211.3805313,104.5048599243164,-5.999160901582779,-6.8472420895566,-89.49779169474424,2.3813405,7.6790633,13.977267,2.5032992,-18.200949,-3.710655,11.822248,-19.394033,64.52603,7.9273767,8.93242,6.985968,-8.587599,-13.82086,14.773563,55.52603,-20.255533,7.4887323,-3.8739803,-15.42242,6.466447,-4.278804,5.7766447,10.740899,-6.198595,10.275581,13.559526,-13.505315,5.684184,-10.832035,-5.821983
345,5.64472457,-212.009285,104.41156768798828,-6.087813674340746,-6.86451995901217,-89.49903964311724,2.3114226,7.8388333,13.889522,3.0328884,-18.013802,-3.4440684,11.651677,-19.191217,64.83859,7.7703047,8.968255,7.105189,-8.811799,-13.90841,15.303454,56.055447,-20.217075,7.443987,-3.8236666,-15.722476,6.398528,-4.4466066,5.6494656,11.387113,-5.3774548,10.741656,13.611316,-13.53448,5.6744485,-11.250799,-5.6737237
346,5.762906279,-212.6535721,104.34149169921875,-6.113075371992209,-6.861539319171942,-89.45884420350562,2.1860056,7.9107375,13.787097,3.5817797,-17.781168,-3.175922,11.485375,-19.008224,65.15125,7.629145,8.997466,7.2099543,-9.06567,-13.97404,15.894608,56.679012,-20.220217,7.3918138,-3.7910335,-15.950641,6.249131,-4.652524,5.5609365,12.151711,-4.3849263,11.195775,13.579133,-13.621612,5.668901,-11.679654,-5.493751
347,5.888360932,-213.313652,104.2807846069336,-6.066414072901905,-6.85533781679666,-89.37088594771072,2.008386,7.893716,13.685434,4.1247373,-17.52016,-2.9131174,11.324878,-18.850132,65.46177,7.48873,9.014583,7.2786837,-9.318789,-14.012871,16.476435,57.343014,-20.253124,7.349469,-3.772575,-16.066242,6.012847,-4.8202677,5.5011935,12.90389,-3.4930072,11.6584,13.4582,-13.7743225,5.6685157,-12.123101,-5.286773
348,5.973646104,-213.9690628,104.22789764404297,-5.9457630511368,-6.867689555225298,-89.23444666237707,1.7951019,7.793996,13.600393,4.6296535,-17.243795,-2.6688697,11.173759,-18.733772,65.773834,7.3296924,9.014945,7.290395,-9.528562,-14.018201,16.956738,57.98934,-20.318047,7.332438,-3.7602422,-16.024357,5.698343,-4.913816,5.461585,13.4851,-2.830654,12.14253,13.276951,-13.991334,5.674006,-12.579065,-5.0865426
349,6.040961176,-214.6297531,104.1834716796875,-5.74626264971452,-6.9077700393166195,-89.0350165459279,1.5415804,7.605247,13.537289,5.0864444,-16.941187,-2.4596453,11.035422,-18.691517,66.10841,7.1094666,8.9898405,7.2305045,-9.682147,-13.983115,17.30872,58.616142,-20.465229,7.3456373,-3.7342598,-15.762595,5.297982,-4.943969,5.443928,13.731153,-2.3898306,12.666388,13.019706,-14.29131,5.6853447,-13.054586,-4.878388
350,6.108909398,-215.2804337,104.16735076904297,-5.46879765903295,-6.966440803276583,-88.77785565944161,1.2534546,7.325104,13.485721,5.5008154,-16.607195,-2.286582,10.910753,-18.72697,66.465614,6.841718,8.946267,7.114322,-9.788689,-13.907078,17.551386,59.244694,-20.695236,7.378862,-3.701959,-15.313379,4.8083467,-4.946702,5.446247,13.624675,-2.1108363,13.211276,12.676379,-14.673313,5.701671,-13.535069,-4.649975
351,6.151459873,-215.9108047,104.15736389160156,-5.125032435441617,-7.038920046656293,-88.4924630973375,0.96227545,6.9676523,13.438898,5.864433,-16.273983,-2.1369865,10.798342,-18.808367,66.81368,6.5952296,8.903054,6.9650545,-9.836152,-13.795024,17.663542,59.84958,-20.933937,7.4246516,-3.694566,-14.778605,4.247639,-4.9408493,5.4576783,13.326717,-1.9307926,13.763997,12.276508,-15.106545,5.722848,-14.011652,-4.421382
352,6.18136242,-216.5941696,104.16433715820312,-4.726114861549169,-7.1206087268244795,-88.20930122580621,0.7021743,6.548228,13.392309,6.167298,-15.972765,-1.9987444,10.694676,-18.90075,67.12182,6.443328,8.87777,6.8047214,-9.805716,-13.65439,17.618618,60.39675,-21.110039,7.475468,-3.7405891,-14.189683,3.665013,-4.919979,5.4760294,12.9614935,-1.7860278,14.354075,11.823612,-15.564621,5.754342,-14.516139,-4.1778536
353,6.168526143,-217.2574692,104.15992736816406,-4.260954278913497,-7.214267154737266,-87.91712692588544,0.4626937,6.053996,13.346551,6.4049525,-15.7004795,-1.8739902,10.598311,-19.009745,67.403656,6.4240594,8.866765,6.6250153,-9.680102,-13.486983,17.387144,60.865955,-21.225977,7.5422325,-3.835886,-13.605154,3.024121,-4.910238,5.4943275,12.63125,-1.6370809,14.948905,11.324719,-16.060373,5.7925997,-15.019063,-3.9428792
354,6.179860651,-217.9343796,104.15897369384766,-3.722182450437138,-7.324149308380458,-87.60952443301213,0.23914847,5.478325,13.303972,6.5788684,-15.442848,-1.7710161,10.508856,-19.150953,67.67246,6.495128,8.861874,6.418561,-9.462023,-13.291912,16.982576,61.26793,-21.315842,7.62454,-3.9648802,-12.990419,2.2742784,-4.8952174,5.518276,12.306795,-1.4436047,15.574987,10.733239,-16.611406,5.8413377,-15.5333605,-3.671346
355,6.224149168,-218.5896988,104.15985870361328,-3.124988335505244,-7.445364279257875,-87.32630501826932,0.070650816,4.8460135,13.262761,6.6942277,-15.21581,-1.6825203,10.423504,-19.294949,67.896164,6.612355,8.87254,6.208835,-9.170866,-13.075826,16.455341,61.6207,-21.350275,7.6973667,-4.139807,-12.369174,1.439558,-4.844254,5.5405574,11.986482,-1.2020829,16.206873,10.056673,-17.1746,5.899196,-16.02486,-3.3687472
356,6.273252487,-219.247139,104.15541076660156,-2.4869948302952,-7.569613625437843,-87.10618794470986,-0.01116847,4.1828885,13.222647,6.762935,-15.032489,-1.594485,10.337417,-19.397753,68.03661,6.739767,8.908273,6.0175614,-8.833491,-12.849263,15.871099,61.943523,-21.290895,7.737522,-4.3737984,-11.737495,0.5721979,-4.725903,5.558956,11.631632,-0.9353028,16.842524,9.326621,-17.705341,5.9691286,-16.496998,-3.0560343
357,6.289795578,-219.8815994,104.13240051269531,-1.7692067012079733,-7.682607041207504,-86.95910536066461,-0.006354025,3.4523447,13.177998,6.789548,-14.908415,-1.4979088,10.246456,-19.42686,68.07154,6.907896,8.990687,5.8479652,-8.446637,-12.617236,15.232492,62.222965,-21.0823,7.732182,-4.7055173,-11.128037,-0.35487115,-4.5345106,5.5703497,11.25336,-0.6467924,16.82789,8.297586,-18.130444,7.359601,-17.593664,-2.7412386
358,6.292818248,-220.519722,104.12409210205078,-0.9738400898043444,-7.787697363532504,-86.86864261470092,0.066235766,2.6522396,13.130555,6.7756653,-14.831094,-1.3949006,10.149651,-19.392954,68.022385,7.1342387,9.106451,5.6872425,-8.00562,-12.378864,14.531278,62.454426,-20.747913,7.695578,-5.114851,-10.514327,-1.3536795,-4.282593,5.5753946,10.841905,-0.3310835,16.219252,6.9690113,-18.445097,9.984256,-19.269903,-2.4153671
359,6.318459034,-221.1898117,104.12484741210938,-0.17771848165867676,-7.9011801354612885,-86.8315448580718,0.20516022,1.8632764,13.093299,6.7303843,-14.774807,-1.2878038,10.047424,-19.317102,67.91542,7.3593082,9.212205,5.5335317,-7.5393133,-12.137638,13.821,62.674618,-20.363577,7.646141,-5.5297184,-9.872304,-2.3484628,-3.9882007,5.5822005,10.387539,-0.0080381455,15.700982,5.6466675,-18.72234,12.429167,-20.730963,-2.0871959
360,6.35533154,-221.8334274,104.13236999511719,0.5383077284075122,-8.040392604523849,-86.84244054012811,0.40265846,1.1677133,13.080562,6.667857,-14.711086,-1.1751447,9.94137,-19.21616,67.77295,7.523306,9.265413,5.3859844,-7.0843563,-11.900727,13.169716,62.925034,-19.995108,7.605096,-5.8811283,-9.213908,-3.233688,-3.6831439,5.581581,9.934275,0.2735626,15.272876,4.421667,-18.967396,14.714547,-21.861784,-1.7614411
361,6.405450106,-222.455864,104.14849853515625,1.1584734308354658,-8.223421062202732,-86.91539328464127,0.67425656,0.5836256,13.113556,6.584882,-14.64672,-1.0530442,9.833446,-19.07773,67.589,7.6053896,9.248362,5.2379236,-6.642405,-11.6752615,12.584857,63.208336,-19.601774,7.5744905,-6.1773157,-8.518862,-3.9862735,-3.353616,5.582029,9.472033,0.5030373,14.934739,3.3137693,-19.179985,16.88982,-22.575964,-1.4327005
362,6.45445919,-223.0829239,104.17381286621094,1.7182995210439185,-8.434450775419204,-87.04458087517578,1.011465,0.07456105,13.182469,6.479769,-14.594027,-0.91999304,9.723379,-18.89406,67.34941,7.6384254,9.186594,5.0913553,-6.2012568,-11.462267,12.047441,63.50467,-19.15649,7.545583,-6.447589,-7.7848973,-4.6452026,-2.9944146,5.579787,8.985304,0.6923571,14.627295,2.261839,-19.359138,19.047384,-22.867361,-1.0821775
363,6.516103983,-223.6990585,104.21212768554688,2.2146692744317535,-8.641745717339353,-87.19445185027365,1.3690617,-0.36099556,13.251983,6.370136,-14.5338955,-0.77603114,9.609485,-18.688707,67.0652,7.642377,9.102268,4.9603686,-5.780873,-11.261629,11.586784,63.828465,-18.74525,7.5255446,-6.6569257,-7.063892,-5.2295184,-2.639847,5.5767274,8.498331,0.8597478,14.268335,1.2476685,-19.475527,21.25739,-22.783627,-0.6901785
364,6.584374547,-224.2940903,104.25715637207031,2.646010285778321,-8.814426345990197,-87.32918229480744,1.7000066,-0.7260446,13.284829,6.275616,-14.443869,-0.6214447,9.489818,-18.48611,66.749435,7.6342916,9.016591,4.8598666,-5.4055376,-11.072765,11.240715,64.19927,-18.447836,7.5223694,-6.7721806,-6.3992324,-5.7460804,-2.3238077,5.565544,8.036306,1.0113592,13.794042,0.26887172,-19.48174,23.546072,-22.4519,-0.24457313
365,6.662434161,-224.8954391,104.31452941894531,2.9954839262144044,-8.949026058397356,-87.45156741838204,2.006975,-1.0066204,13.272573,6.2030706,-14.320911,-0.44980577,9.361702,-18.294724,66.3926,7.602983,8.934702,4.804138,-5.078897,-10.894922,11.0243435,64.64372,-18.262136,7.5361958,-6.791359,-5.7808685,-6.174308,-2.0379775,5.550891,7.5812383,1.1442428,13.223354,-0.639997,-19.354595,25.904945,-22.079945,0.27215788
366,6.760618329,-225.4863815,104.37860107421875,3.2708094395477647,-9.060402159574263,-87.57487459980504,2.3071964,-1.2062695,13.230937,6.143204,-14.17378,-0.26472777,9.225377,-18.1011,65.99561,7.5429635,8.844367,4.7834787,-4.792466,-10.729351,10.9222555,65.14987,-18.148668,7.5643206,-6.733007,-5.195181,-6.525867,-1.7646924,5.5282264,7.138129,1.2638,12.484477,-1.488328,-19.082148,28.410717,-21.77775,0.82488346
367,6.864500999,-226.0533218,104.44634246826172,3.493733162025135,-9.150369264495893,-87.67562114087876,2.573049,-1.3529776,13.164126,6.090514,-14.005365,-0.07833623,9.084429,-17.896606,65.58164,7.482085,8.741414,4.775831,-4.5497255,-10.577299,10.925218,65.676476,-18.130697,7.611345,-6.594531,-4.6577115,-6.825754,-1.5274966,5.509331,6.715325,1.3720685,11.826272,-2.255771,-18.76511,30.805937,-21.37055,1.4238054
368,6.962690711,-226.6292801,104.51228332519531,3.6881447957340017,-9.214046355635013,-87.73631001659449,2.7826352,-1.4813125,13.070795,6.040081,-13.820771,0.09994683,8.944046,-17.672607,65.1707,7.446544,8.622781,4.7583184,-4.3547153,-10.440007,11.025338,66.18225,-18.231356,7.6815205,-6.372694,-4.157486,-7.1006227,-1.3413364,5.4976344,6.296613,1.4726766,10.81728,-3.0539105,-18.291824,33.467113,-20.770895,1.9889129
369,7.077166319,-227.1883011,104.57501220703125,3.84836070547821,-9.253840900169202,-87.74256433423172,2.926923,-1.5840518,12.946908,5.9829464,-13.603782,0.27070087,8.804786,-17.419916,64.758286,7.462073,8.489604,4.710431,-4.2104974,-10.318784,11.253099,66.683685,-18.457418,7.776719,-6.048651,-3.713505,-7.3600426,-1.2151271,5.4945545,5.903373,1.5793864,9.831105,-3.7959595,-17.773098,36.041466,-19.946255,2.5952132
370,7.19204402,-227.7267532,104.63849639892578,3.965151193682613,-9.269978233800918,-87.70849007875462,3.016466,-1.6502056,12.7922535,5.928949,-13.358567,0.4443698,8.665984,-17.138351,64.328575,7.51037,8.344019,4.647772,-4.115985,-10.213878,11.610176,67.19683,-18.792574,7.8920655,-5.6299596,-3.315967,-7.5775337,-1.1360716,5.4971833,5.5276628,1.6770251,8.7321005,-4.4858403,-17.164715,38.66731,-18.910616,3.2496061
371,7.315905452,-228.2494125,104.69744110107422,4.058638108016686,-9.266672552826831,-87.65276238733223,3.056488,-1.6979867,12.624267,5.896252,-13.116638,0.62189883,8.532317,-16.842152,63.887215,7.547362,8.184411,4.602123,-4.062957,-10.121572,12.0324545,67.67241,-19.230896,8.020489,-5.1506724,-2.9551754,-7.7790265,-1.0917767,5.4994226,5.1698985,1.7766963,7.5434732,-5.132929,-16.453764,41.30187,-17.728395,3.9210727
372,7.436460376,-228.7484512,104.75044250488281,4.147987715447323,-9.247462145245295,-87.59365965347594,3.0596917,-1.7455181,12.461755,5.8951707,-12.909613,0.7989236,8.411415,-16.55767,63.441715,7.5245476,8.010276,4.604609,-4.0369344,-10.035465,12.436705,68.05314,-19.777956,8.155034,-4.642553,-2.6308923,-7.976339,-1.0742146,5.5032234,4.8308043,1.8757558,6.2642593,-5.753097,-15.620715,43.92883,-16.465807,4.5715218
373,7.56341362,-229.2383652,104.80073547363281,4.226211065940013,-9.196839238498187,-87.52469106693304,3.027543,-1.7889531,12.289916,5.9241414,-12.733377,0.9751266,8.306159,-16.313839,62.984715,7.410857,7.826147,4.679589,-4.0375767,-9.952843,12.794446,68.32129,-20.554216,8.30826,-4.0487547,-2.3533173,-8.168063,-1.097997,5.5049663,4.5096993,1.9791508,4.829299,-6.344153,-14.610409,46.60738,-15.041708,5.2145348
374,7.688060522,-229.7032394,104.84478759765625,4.288183743545097,-9.11853667262292,-87.44041451741258,2.966687,-1.8197875,12.107091,5.9667635,-12.575514,1.1432879,8.216658,-16.11161,62.5204,7.22808,7.6315713,4.804878,-4.058228,-9.872414,13.123856,68.495605,-21.533667,8.471881,-3.3703485,-2.1293962,-8.342801,-1.1629052,5.5074162,4.2148314,2.0796885,3.2617393,-6.876253,-13.442298,49.31586,-13.449033,5.8904057
375,7.806107759,-230.1719894,104.88289642333984,4.353235942652112,-9.045192477197453,-87.36021925982584,2.8943274,-1.8559088,11.950491,6.013934,-12.461857,1.292755,8.148367,-15.929134,62.071125,7.0090547,7.419939,4.942331,-4.0844216,-9.792435,13.41375,68.5825,-22.503365,8.613656,-2.728153,-1.8973472,-8.5153265,-1.2294942,5.5120444,3.9143543,2.1773725,1.6742529,-7.3450375,-12.208335,51.955418,-11.879556,6.574444
376,7.910048008,-230.6086807,104.90884399414062,4.4445419140626266,-9.0096308879391,-87.30365121741058,2.8280826,-1.9155998,11.858969,6.0558267,-12.417153,1.414702,8.109043,-15.744034,61.65302,6.786587,7.186658,5.0519547,-4.101441,-9.708653,13.649495,68.585884,-23.250984,8.709168,-2.2435985,-1.6413065,-8.705656,-1.2639134,5.515177,3.627365,2.2724962,0.1858844,-7.7690086,-11.010905,54.426945,-10.52436,7.212021
377,7.986658096,-231.0088425,104.91996765136719,4.583829535060231,-9.028538021679138,-87.28041325645988,2.7778533,-2.022762,11.852724,6.0893226,-12.454915,1.5220274,8.106534,-15.536446,61.262627,6.510366,6.8811145,5.1259036,-4.11096,-9.617046,13.82991,68.49093,-23.807663,8.765763,-1.917301,-1.3411077,-8.931239,-1.2509273,5.516944,3.3493776,2.3629613,-1.2122047,-8.176312,-9.778303,56.79401,-9.369349,7.822117
378,8.044902086,-231.4051743,104.91934204101562,4.756683490738059,-9.081922293361297,-87.27883557778956,2.7288475,-2.1644838,11.909343,6.1234016,-12.559568,1.6233934,8.141516,-15.316719,60.87938,6.1823955,6.5259113,5.180898,-4.125141,-9.515381,13.965245,68.305176,-24.257298,8.796627,-1.6966856,-1.0056567,-9.182017,-1.210552,5.523657,3.0637305,2.4508016,-2.5744538,-8.561972,-8.493106,59.096092,-8.3381195,8.398622
379,8.095947981,-231.8006821,104.91548919677734,4.921672729338326,-9.148113497806511,-87.28555404680837,2.6625314,-2.308335,12.001226,6.1658735,-12.718287,1.6996903,8.21025,-15.110494,60.5022,5.9138794,6.226014,5.218288,-4.149454,-9.408924,14.054229,68.07543,-24.47056,8.790772,-1.6253593,-0.6556606,-9.416042,-1.1628873,5.5304074,2.7750669,2.5304565,-3.8561606,-8.9296055,-7.349869,61.206352,-7.524131,8.812916
380,8.157336473,-232.1782455,104.91069793701172,5.043135617829645,-9.204977299901763,-87.28750581397668,2.5639346,-2.419386,12.101224,6.2204313,-12.916264,1.7264993,8.305609,-14.949366,60.13641,5.8142896,6.0847754,5.2415843,-4.1821814,-9.306092,14.091347,67.83926,-24.317345,8.737143,-1.7447218,-0.32839915,-9.602557,-1.1275227,5.535482,2.5009928,2.6024914,-5.0118885,-9.302765,-6.5481677,62.993027,-7.0164037,8.923431
381,8.208241701,-232.5373154,104.91761016845703,5.1126641311890895,-9.250542848744606,-87.29262976431521,2.4398246,-2.4878109,12.216184,6.2826695,-13.175317,1.6807444,8.425603,-14.83362,59.773743,5.9589105,6.1725793,5.2297554,-4.2131424,-9.21591,14.06833,67.58051,-23.633368,8.61989,-2.1197596,-0.025713503,-9.715758,-1.0999699,5.539246,2.2398186,2.648861,-6.0390754,-9.7184,-6.152633,64.46522,-6.927876,8.604362
382,8.24406743,-232.8862991,104.93533325195312,5.151790834144887,-9.29520648046167,-87.30388400832446,2.2989075,-2.5289414,12.3561945,6.347111,-13.4919,1.5742326,8.56954,-14.757427,59.422737,6.2726774,6.417898,5.188911,-4.2339163,-9.140013,13.985275,67.27316,-22.530943,8.441765,-2.7051086,0.2703453,-9.778846,-1.0720975,5.543928,1.9819217,2.6735098,-6.9617577,-10.187823,-6.056559,65.69125,-7.1935487,7.934986
383,8.263391256,-233.2274246,104.96279907226562,5.160835083448758,-9.335936147440238,-87.29929259057086,2.1302373,-2.5443606,12.498132,6.4138184,-13.822689,1.430048,8.731349,-14.745158,59.12027,6.6391726,6.709582,5.1650734,-4.2467446,-9.073934,13.847181,66.94414,-21.296797,8.221831,-3.3787398,0.55546665,-9.79579,-1.061604,5.546212,1.7344761,2.6795747,-7.778272,-10.694339,-6.2012286,66.64122,-7.645033,7.086479
384,8.28014946,-233.5472183,104.9991226196289,5.135184610358431,-9.36980811368579,-87.25675321105666,1.9253416,-2.5339832,12.618234,6.4813147,-14.119718,1.2667469,8.9025545,-14.825861,58.910843,6.938825,6.935903,5.208406,-4.255846,-9.009483,13.655665,66.624695,-20.217493,7.9889507,-4.0226126,0.8170007,-9.775178,-1.0862426,5.548188,1.507797,2.6788507,-8.485394,-11.214982,-6.5348086,67.28483,-8.108883,6.2323422
385,8.306404591,-233.8724136,105.04734802246094,5.06872208463589,-9.401348206042616,-87.16518484252418,1.6645689,-2.4874434,12.72069,6.5543704,-14.3888035,1.0776802,9.078232,-15.0298815,58.81967,7.1416306,7.074142,5.3691044,-4.2645507,-8.942633,13.378616,66.32286,-19.276411,7.716733,-4.663041,1.0757862,-9.717245,-1.152325,5.5486674,1.288082,2.6786528,-9.058924,-11.780258,-7.1628914,67.60682,-8.552276,5.384156
386,8.317985296,-234.1906357,105.10576629638672,4.960253505135604,-9.430614619068058,-87.03799337751093,1.3660417,-2.4059553,12.814204,6.624683,-14.648122,0.8441662,9.258236,-15.348166,58.83409,7.306014,7.1796775,5.612945,-4.262934,-8.874363,13.010153,66.0211,-18.361992,7.3995867,-5.344012,1.3238512,-9.603117,-1.2506462,5.54943,1.0798396,2.6612325,-9.492243,-12.373991,-8.0825405,67.62228,-9.073837,4.481897
387,8.340980768,-234.5083237,105.16607666015625,4.832645818712839,-9.44738015423589,-86.89132943536526,1.0708557,-2.3085146,12.880797,6.6788554,-14.867292,0.57387525,9.442048,-15.737505,58.936028,7.451245,7.2587457,5.8631444,-4.25019,-8.803792,12.605752,65.723465,-17.608114,7.1108694,-5.979751,1.5557324,-9.474196,-1.3656588,5.5501184,0.8773954,2.6470246,-9.814542,-12.901631,-9.082869,67.33989,-9.678474,3.5895746
388,8.348117352,-234.8062973,105.22854614257812,4.703934928525774,-9.440360124980414,-86.74122564139302,0.8111604,-2.2160673,12.9008875,6.712683,-15.017068,0.2851459,9.628889,-16.138227,59.098064,7.603578,7.317653,6.0409803,-4.239155,-8.7279,12.240333,65.44503,-17.13675,6.9286346,-6.489451,1.74897,-9.333239,-1.4875324,5.5467367,0.69409615,2.6211467,-10.0704775,-13.274955,-9.943904,66.775314,-10.365484,2.766183
389,8.376344681,-235.1124039,105.29203796386719,4.577760478430458,-9.403260061429211,-86.58908986736944,0.5720852,-2.1311371,12.856309,6.744992,-15.078885,-0.006296388,9.821017,-16.529877,59.335556,7.8001413,7.3330035,6.122414,-4.251241,-8.642651,11.939118,65.20708,-17.005232,6.9010744,-6.872675,1.9088907,-9.207114,-1.6124083,5.546708,0.51125026,2.6073878,-10.270475,-13.475923,-10.649757,65.919716,-11.195574,1.9683338
390,8.384915829,-235.4143143,105.3511962890625,4.4418242798251395,-9.342132539342572,-86.42796394986104,0.33130845,-2.046549,12.760305,6.7856717,-15.073974,-0.2977367,10.019089,-16.920849,59.641193,8.027572,7.3102503,6.1477137,-4.294283,-8.546762,11.68729,65.01388,-17.126535,6.9840145,-7.171565,2.0380263,-9.056522,-1.7485423,5.5437846,0.3388049,2.5779667,-10.394992,-13.534839,-11.300078,64.75854,-12.133682,1.2006304
391,8.383005142,-235.7339401,105.41309356689453,4.304699466900547,-9.265626002043867,-86.26322211187393,0.108315445,-1.968889,12.638397,6.8199377,-15.023658,-0.5889866,10.21954,-17.290956,59.957767,8.238876,7.298773,6.1354027,-4.3630323,-8.445549,11.500935,64.85965,-17.406355,7.117281,-7.3695545,2.1577423,-8.89585,-1.8886454,5.541158,0.1602733,2.5406473,-10.446265,-13.450969,-11.849334,63.310154,-13.03986,0.579656
392,8.383648634,-236.0370255,105.4727554321289,4.169525399745591,-9.182699835035013,-86.09892970847235,-0.082755566,-1.9043626,12.5166445,6.8367558,-14.9522705,-0.87583286,10.415777,-17.608875,60.22547,8.393222,7.3471727,6.10249,-4.4540777,-8.347142,11.407759,64.73836,-17.743454,7.2396765,-7.4499497,2.2586074,-8.738268,-2.0294824,5.5404334,-0.008086251,2.5055149,-10.43125,-13.2328005,-12.257078,61.590942,-13.764965,0.20876795
393,8.387091637,-236.3304672,105.5291519165039,4.035805145438248,-9.092420459566574,-85.93077257337386,-0.24408683,-1.8505598,12.397902,6.8369446,-14.857097,-1.1669407,10.601437,-17.854494,60.44227,8.491176,7.489161,6.0353,-4.5816503,-8.256739,11.440588,64.66513,-18.159672,7.35639,-7.376282,2.3440144,-8.583304,-2.174178,5.537953,-0.16637668,2.4729264,-10.3488865,-12.878678,-12.517475,59.58025,-14.26379,0.117507145
394,8.383777618,-236.6066971,105.5868148803711,3.8990094490505047,-8.991626839119437,-85.75739867268493,-0.38934094,-1.8046119,12.269094,6.83205,-14.726886,-1.4568876,10.775629,-18.031897,60.636673,8.561384,7.6895385,5.929818,-4.746287,-8.1749735,11.594036,64.64054,-18.682116,7.492357,-7.1677556,2.4049652,-8.420141,-2.3256004,5.53485,-0.31002504,2.4353635,-10.20029,-12.400043,-12.653635,57.28211,-14.609803,0.23361655
395,8.363442421,-236.8931046,105.63816833496094,3.774468288109251,-8.88653002064605,-85.58931315654223,-0.5182579,-1.7723417,12.132969,6.8238645,-14.576502,-1.7217435,10.941579,-18.1517,60.79344,8.602071,7.8942065,5.8180037,-4.9211354,-8.102973,11.830336,64.63298,-19.22132,7.6163445,-6.890817,2.4660578,-8.258768,-2.4735122,5.5326724,-0.46018445,2.3893247,-9.962646,-11.826851,-12.681171,54.71111,-14.824704,0.50534225
396,8.347682476,-237.1770706,105.68399047851562,3.672996278199813,-8.783566253920796,-85.4365737498682,-0.6272425,-1.7596467,11.992882,6.8107996,-14.422782,-1.939856,11.105012,-18.230488,60.896767,8.607751,8.050393,5.7321196,-5.075886,-8.042555,12.103039,64.60651,-19.69169,7.698667,-6.6116924,2.5284333,-8.125815,-2.608955,5.5303907,-0.61117584,2.3509252,-9.629044,-11.189482,-12.608409,51.896744,-14.935884,0.87950087
397,8.321377993,-237.4647751,105.7215576171875,3.6063342695137024,-8.685793049644998,-85.30026498937173,-0.7073276,-1.7778835,11.845883,6.782773,-14.256861,-2.105816,11.271439,-18.273554,60.93804,8.555575,8.150672,5.677782,-5.1984115,-7.996879,12.410749,64.55071,-20.0884,7.7220073,-6.319627,2.6002188,-8.026194,-2.73162,5.527898,-0.76849467,2.3127575,-9.146909,-10.485407,-12.398061,48.712036,-14.899922,1.4794432
398,8.293850183,-237.756752,105.74813842773438,3.5651192622850085,-8.590540530042412,-85.1746726410277,-0.75911695,-1.8210585,11.693431,6.739386,-14.075019,-2.2329946,11.441922,-18.280945,60.92443,8.449248,8.223209,5.6386914,-5.300032,-7.9665613,12.765429,64.47778,-20.454357,7.7050414,-5.9868245,2.6764443,-7.955239,-2.8458433,5.528457,-0.93232363,2.2791643,-8.532663,-9.721883,-12.052163,45.177326,-14.717861,2.2664545
399,8.256232262,-238.0514908,105.76103973388672,3.5302840535105173,-8.49472403862567,-85.0600020157855,-0.7908478,-1.8685592,11.545034,6.690142,-13.90394,-2.3302402,11.614155,-18.264618,60.864037,8.321784,8.26803,5.6142387,-5.3852305,-7.9475665,13.134865,64.3827,-20.778776,7.6736326,-5.6543655,2.7527359,-7.8836403,-2.9511955,5.528319,-1.0976295,2.2411792,-7.8386106,-8.922982,-11.619927,41.492294,-14.592618,2.9380825
400,8.228904247,-238.3241043,105.77415466308594,3.4718160955374815,-8.394789606648853,-84.95532841849906,-0.8068129,-1.8933352,11.410294,6.640413,-13.767008,-2.4118736,11.782461,-18.244392,60.77187,8.203749,8.28478,5.6054125,-5.4547076,-7.9344254,13.47414,64.25877,-21.06018,7.653332,-5.3624506,2.8121805,-7.788032,-3.0481303,5.5301595,-1.2531507,2.2054794,-7.160215,-8.086556,-11.08999,37.902603,-14.867297,3.1031506
401,8.226138115,-238.6003342,105.79200744628906,3.3726252377358947,-8.292584684340824,-84.85879553444607,-0.8018653,-1.8788635,11.296888,6.5842485,-13.66759,-2.485104,11.942669,-18.229916,60.654945,8.086548,8.258513,5.62077,-5.499587,-7.924588,13.755733,64.0861,-21.319984,7.6512246,-5.1008058,2.874508,-7.655071,-3.1337428,5.5312777,-1.4131756,2.1780791,-6.4438386,-7.1815395,-10.511012,34.180424,-15.2814665,2.5918906
402,8.254557848,-238.8867416,105.79679870605469,3.2515934972997265,-8.188959536330186,-84.77088394853554,-0.76827973,-1.8415954,11.197422,6.513132,-13.594323,-2.5532334,12.094005,-18.220938,60.5189,7.9570136,8.192314,5.6593647,-5.517412,-7.918652,13.99021,63.87179,-21.56332,7.653335,-4.85475,2.5635307,-7.5351872,-3.257413,6.285247,-1.9565157,2.1684556,-5.6429114,-6.2716975,-9.9875555,30.244991,-15.1634445,1.6704139
403,8.237367153,-239.1914597,105.8238525390625,3.1338374703085408,-8.078264074859087,-84.69642237354964,-0.7060848,-1.8045801,11.09785,6.429446,-13.5460615,-2.6227915,12.236044,-18.220713,60.376835,7.8398743,8.112399,5.708988,-5.518381,-7.9162297,14.193314,63.650845,-21.761631,7.654328,-4.65931,2.4204195,-7.3772655,-3.3519964,6.712264,-2.3498514,2.1278267,-4.8972745,-5.5020623,-9.64602,26.700895,-14.284063,0.6882358
404,8.086941481,-239.488945,105.92266082763672,3.0458270676355594,-7.954489231645119,-84.64065258596568,-0.6153996,-1.7892709,10.983391,6.3362274,-13.523642,-2.6997607,12.368851,-18.231924,60.241802,7.759701,8.044839,5.757271,-5.513219,-7.91669,14.381424,63.46005,-21.885834,7.648857,-4.549563,2.9592323,-7.123002,-3.347491,5.739228,-2.0399473,2.0007896,-4.495626,-4.9763603,-9.451331,24.388716,-13.172112,-0.0774375
405,7.957912445,-239.786705,105.99935150146484,2.9973132504567253,-7.801867051407065,-84.5932243371556,-0.5019322,-1.8098613,10.833835,6.2293096,-13.53451,-2.783347,12.49626,-18.26418,60.109215,7.7401423,7.9927645,5.79977,-5.4902954,-7.9177504,14.555058,63.287266,-21.920965,7.6447544,-4.5578346,3.0749197,-6.953693,-3.397537,5.5376415,-2.1112764,1.8931255,-4.4691267,-4.6902676,-9.343299,23.548079,-12.5330925,-0.5728959
406,7.880501747,-240.0907059,106.03166961669922,2.969217897635768,-7.627294112999035,-84.55579531373054,-0.36395454,-1.8504264,10.661834,6.1094503,-13.578093,-2.8692482,12.619099,-18.314083,59.971703,7.7596817,7.944285,5.8437066,-5.450523,-7.918364,14.708877,63.12265,-21.883503,7.641553,-4.658681,3.0661945,-6.8485866,-3.4585874,5.5394216,-2.2843788,1.8213271,-4.6500034,-4.538507,-9.264671,23.63148,-12.513775,-0.85822344
407,7.87733984,-240.3649673,106.01766967773438,2.9483247880680516,-7.459141401194169,-84.55213027670752,-0.19237493,-1.8876221,10.502003,5.990326,-13.636815,-2.955759,12.730319,-18.359882,59.838486,7.779587,7.902806,5.8953037,-5.4260936,-7.9231105,14.852891,63.007732,-21.791885,7.6225643,-4.8005314,3.0024018,-6.8025293,-3.4927313,5.641395,-2.4954736,1.8005972,-4.7873526,-4.4301343,-9.21003,23.910055,-12.75474,-1.0333049
408,7.903541803,-240.6302567,106.0062026977539,2.914253863868448,-7.324771939081733,-84.60562288932822,0.020715542,-1.8942175,10.388907,5.886614,-13.695759,-3.0413947,12.818041,-18.37327,59.722404,7.76669,7.8693833,5.9602194,-5.4482665,-7.9388494,15.002722,62.981445,-21.659353,7.572247,-4.9319344,2.718847,-6.771351,-3.4978623,6.2601023,-2.9724023,1.7996224,-4.801342,-4.365039,-9.139766,23.965044,-12.878672,-1.0944049
409,7.924251318,-240.8704758,106.02128601074219,2.8745608785591643,-7.231417647221263,-84.73681009073931,0.29564023,-1.8639808,10.332465,5.800265,-13.751857,-3.140956,12.867225,-18.344,59.643345,7.7226434,7.8368554,6.0397716,-5.5212483,-7.970389,15.152067,63.05691,-21.448383,7.4599433,-5.0549717,2.7795498,-6.704356,-3.3742027,6.2778473,-3.151709,1.7969193,-4.6834965,-4.2629766,-9.051091,23.806301,-12.908393,-1.1173126
410,7.907595396,-241.1178207,106.04595184326172,2.8352195388715735,-7.164602540678638,-84.9282026055077,0.6164126,-1.8090423,10.313873,5.729516,-13.814028,-3.243382,12.8867035,-18.276882,59.584026,7.665812,7.8059316,6.1296754,-5.6319623,-8.0221815,15.315795,63.20863,-21.150566,7.304834,-5.1906495,2.9296997,-6.606265,-3.1780763,6.1994743,-3.3005195,1.7725792,-4.5103765,-4.1294675,-8.945265,23.603794,-12.92543,-1.1337082
411,7.878037453,-241.3343735,106.07392883300781,2.7766525651860983,-7.120741315857774,-85.14766554453355,0.9473521,-1.7206607,10.322196,5.6728525,-13.878787,-3.3324091,12.873532,-18.165031,59.542492,7.607999,7.780233,6.230783,-5.774918,-8.096075,15.512278,63.413303,-20.843708,7.1666574,-5.3155913,3.059556,-6.478567,-2.9547112,6.1805015,-3.4663677,1.7370825,-4.307452,-3.9604952,-8.836193,23.355583,-12.90521,-1.1496103
412,7.852576971,-241.546257,106.11305236816406,2.68179871874479,-7.0970818196544,-85.36346917080961,1.261891,-1.5954847,10.344542,5.620762,-13.94329,-3.404011,12.827618,-18.020317,59.528908,7.5533676,7.7643247,6.347367,-5.945622,-8.17337,15.726846,63.6622,-20.632212,7.100434,-5.41052,3.2405121,-6.308311,-2.7229197,6.107799,-3.6072226,1.6947165,-4.0100427,-3.7400854,-8.766614,22.970407,-12.819663,-1.171948
413,7.8332901,-241.7439041,106.16413116455078,2.5305051322778773,-7.102800164470916,-85.5885204824464,1.5687422,-1.4132258,10.39346,5.572427,-14.021502,-3.452734,12.746439,-17.822008,59.539288,7.505948,7.7640867,6.4869456,-6.1654983,-8.249049,15.969302,63.990166,-20.548313,7.129306,-5.4830112,3.4547582,-6.072463,-2.4710228,6.028168,-3.7430463,1.6418608,-3.5913644,-3.4382834,-8.737026,22.395687,-12.633713,-1.204989
414,7.85165,-241.9353714,106.21873474121094,2.3360314419130166,-7.137318581696894,-85.83262390192488,1.8754901,-1.1829801,10.468093,5.5344887,-14.108339,-3.4825215,12.62949,-17.568098,59.573772,7.4661384,7.7748485,6.6456017,-6.4345994,-8.322365,16.240072,64.40141,-20.541603,7.2190766,-5.5424137,3.6926289,-5.807931,-2.1900375,5.9721713,-3.8950996,1.6026433,-3.0720632,-3.0956674,-8.726024,21.682682,-12.377274,-1.2181346
415,7.875526428,-242.1371994,106.27496337890625,2.1366842608519194,-7.181894340673812,-86.05966031584988,2.1460657,-0.9495814,10.5374,5.516487,-14.172673,-3.4907491,12.487781,-17.293627,59.631878,7.42659,7.788641,6.809487,-6.720932,-8.391157,16.535044,64.84158,-20.5749,7.340642,-5.5724645,3.984839,-5.5419664,-1.9125035,5.8417826,-4.014076,1.5653857,-2.50387,-2.7504745,-8.740197,20.911356,-12.10271,-1.2282835
416,7.872860193,-242.3348312,106.32676696777344,1.9651537280557017,-7.217151391319408,-86.2326830330416,2.3472378,-0.75739825,10.573615,5.5246935,-14.18408,-3.4744318,12.3390665,-17.044655,59.705357,7.370072,7.8000917,6.96435,-6.9893255,-8.451143,16.844456,65.25091,-20.611813,7.4642572,-5.555947,4.2878566,-5.2985644,-1.6836545,5.652071,-4.0910673,1.5177997,-1.9634893,-2.4365034,-8.781945,20.182507,-11.858358,-1.2541822
417,7.854750395,-242.5342331,106.3676986694336,1.83781103959967,-7.238211239636483,-86.3384500483089,2.4692276,-0.6305303,10.568538,5.559169,-14.129433,-3.4252193,12.19742,-16.83348,59.784874,7.261813,7.8154335,7.1181407,-7.237308,-8.4986925,17.169748,65.63936,-20.647732,7.589613,-5.4743686,4.527675,-5.107666,-1.5300221,5.5354657,-4.189733,1.4716094,-1.5028236,-2.1890886,-8.844438,19.591074,-11.690974,-1.2868464
418,7.833898544,-242.7370071,106.40020751953125,1.7353396008525077,-7.254627151306526,-86.39753623265767,2.5314264,-0.54600877,10.540973,5.616155,-14.029503,-3.3420906,12.06523,-16.648624,59.859455,7.1054883,7.840732,7.27345,-7.480742,-8.531961,17.510914,66.02938,-20.702702,7.7279615,-5.3406563,4.699792,-4.951384,-1.4319046,5.5349503,-4.33986,1.4301615,-1.0917472,-1.9849051,-8.924381,19.094786,-11.576699,-1.3196511
419,7.79876399,-242.9336166,106.43630981445312,1.6362006015025379,-7.267327130834352,-86.42487044137388,2.5444353,-0.47892052,10.501213,5.6964855,-13.90239,-3.2340884,11.942175,-16.500658,59.923847,6.942857,7.8705497,7.4092994,-7.713194,-8.553633,17.851017,66.384674,-20.782408,7.8673,-5.1854024,4.859738,-4.7924266,-1.3651502,5.534367,-4.480289,1.3801324,-0.65595573,-1.7759696,-9.035688,18.549814,-11.44522,-1.3626591
420,7.776444435,-243.1279984,106.47515106201172,1.5228349249910282,-7.276898794677964,-86.43558478614321,2.525391,-0.4042222,10.4597845,5.794658,-13.765908,-3.1174622,11.825658,-16.409975,59.97868,6.8126283,7.898491,7.5049295,-7.9213576,-8.567819,18.165003,66.65857,-20.893084,7.9967494,-5.03761,5.0131383,-4.6251154,-1.3130614,5.5336666,-4.6165466,1.3343495,-0.18331122,-1.5524676,-9.16895,17.928558,-11.279056,-1.4009442
421,7.74510932,-243.3208237,106.51922607421875,1.3857838373536076,-7.284085488855568,-86.41822739212914,2.4710867,-0.31188276,10.416142,5.9069896,-13.612213,-3.0000427,11.714986,-16.390654,60.034096,6.706439,7.9263225,7.5537057,-8.096796,-8.576625,18.43924,66.83497,-21.06464,8.129787,-4.885237,5.1606855,-4.4235187,-1.2846938,5.5348353,-4.75061,1.2753016,0.35330966,-1.2843881,-9.34328,17.178648,-11.056007,-1.4492884
422,7.716059923,-243.5115891,106.55963134765625,1.2395439379713942,-7.286516220951093,-86.37054040633313,2.383251,-0.21909958,10.365358,6.0292525,-13.438137,-2.8778238,11.613448,-16.441456,60.089474,6.6046896,7.957146,7.56702,-8.239872,-8.581078,18.673662,66.92956,-21.29154,8.267117,-4.7164745,5.298792,-4.2135153,-1.284057,5.5335693,-4.8766336,1.2147317,0.8760059,-1.0070683,-9.535674,16.42399,-10.824565,-1.4996724
423,7.689954996,-243.7126236,106.60135650634766,1.0939272826628301,-7.284817767019279,-86.31951909179081,2.2796364,-0.12776063,10.311859,6.159662,-13.260351,-2.7574465,11.511215,-16.55352,60.151123,6.536105,7.9801397,7.5551972,-8.356773,-8.586462,18.880747,66.95252,-21.513168,8.380402,-4.565915,5.4381247,-4.006164,-1.2868601,5.532858,-5.0081325,1.1568336,1.436527,-0.7246971,-9.736969,15.60586,-10.572194,-1.5489464
424,7.664887905,-243.8991623,106.64179229736328,0.9629326015459092,-7.27833719012732,-86.29268419550749,2.1833897,-0.0451007,10.262349,6.291289,-13.101448,-2.6413395,11.4094515,-16.721445,60.20847,6.5269356,7.989535,7.523529,-8.444691,-8.599099,19.05275,66.898895,-21.682997,8.441464,-4.4623547,5.564212,-3.8174489,-1.2735401,5.5314507,-5.131152,1.1060213,1.9896921,-0.4573361,-9.91133,14.778726,-10.307046,-1.5988108
425,7.645737648,-244.0563278,106.67540740966797,0.8581246454337113,-7.254212738892452,-86.30247443405521,2.0972502,0.018547911,10.207495,6.4294877,-12.960002,-2.5236785,11.3118725,-16.958931,60.24855,6.606732,7.982976,7.47317,-8.504701,-8.623183,19.198433,66.75193,-21.795015,8.440111,-4.404819,5.6529765,-3.665072,-1.2406261,5.528513,-5.2336817,1.0709909,2.41679,-0.2370775,-10.016741,14.089199,-10.070209,-1.6524299
426,7.639910221,-244.2805862,106.70541381835938,0.7655313436297714,-7.220128997331219,-86.33156707376409,2.0172553,0.08069143,10.147019,6.5661244,-12.824172,-2.426841,11.202336,-17.28408,60.312473,6.747163,7.9568257,7.4087534,-8.528507,-8.665621,19.32228,66.51111,-21.859257,8.395761,-4.382832,5.7696705,-3.5345404,-1.1886747,5.5333447,-5.381209,1.0501223,2.8741472,-0.035891175,-10.109805,13.40253,-9.8719,-1.6982552
427,7.631749153,-244.4542465,106.73035430908203,0.6754040612040468,-7.192815928396937,-86.36648373749726,1.9409384,0.14459558,10.099245,6.6965356,-12.708354,-2.340938,11.088641,-17.640175,60.38236,6.9116273,7.922428,7.317089,-8.513746,-8.720861,19.398314,66.19865,-21.883629,8.319353,-4.400711,5.865914,-3.407528,-1.1356475,5.532847,-5.497519,1.0286136,3.2912815,0.1582737,-10.1859455,12.746036,-9.658557,-1.7450386
428,7.632846355,-244.5918655,106.75540161132812,0.5807965724592722,-7.187067841882192,-86.39358088324785,1.8655205,0.2164938,10.076022,6.815635,-12.62189,-2.2656987,10.967425,-17.979572,60.463448,7.0582676,7.885943,7.1927037,-8.461631,-8.782848,19.414473,65.84792,-21.863276,8.222809,-4.468966,5.965437,-3.2828436,-1.0855662,5.5308986,-5.5958467,1.0080748,3.7253902,0.3524471,-10.271728,12.058303,-9.410657,-1.7763789
429,7.636250973,-244.7471237,106.77714538574219,0.4720694146075187,-7.210538174923154,-86.40846106812157,1.7817612,0.3042359,10.08543,6.9294806,-12.5731,-2.1971273,10.836391,-18.28447,60.551823,7.192817,7.839882,7.0133758,-8.373206,-8.848534,19.361937,65.457,-21.787823,8.091016,-4.616807,6.111725,-3.1430688,-1.0315412,5.530921,-5.715466,0.97872883,4.256021,0.571698,-10.390966,11.281222,-9.142325,-1.788685
430,7.638791442,-244.8951797,106.79808044433594,0.3605101665548188,-7.2512653405171905,-86.41969713779571,1.691044,0.39772233,10.1158905,7.04247,-12.5537195,-2.1336029,10.694655,-18.571632,60.646183,7.338768,7.78349,6.7888727,-8.252404,-8.91717,19.252113,65.02025,-21.664883,7.922464,-4.8307076,6.272737,-3.0004256,-0.9748774,5.5328746,-5.836338,0.94416136,4.8272038,0.80001444,-10.521062,10.449254,-8.844535,-1.7904925
431,7.640646338,-245.0129013,106.81631469726562,0.2554173152000279,-7.3047166489779345,-86.42847625510913,1.6000972,0.48766834,10.15959,7.149087,-12.549658,-2.0741086,10.541968,-18.84081,60.75273,7.483658,7.7320232,6.559891,-8.10892,-8.985959,19.10443,64.56853,-21.517427,7.7485886,-5.057686,6.4321933,-2.8669314,-0.9199122,5.5301924,-5.9386563,0.9103391,5.397401,1.0202738,-10.650243,9.614804,-8.531985,-1.7893606
432,7.646675706,-245.1727524,106.82987976074219,0.16546220342333207,-7.363527004187648,-86.43563944020495,1.5118239,0.56206703,10.204712,7.247795,-12.54683,-2.013105,10.379061,-19.08545,60.875267,7.6178503,7.7017713,6.3670945,-7.957624,-9.052605,18.942795,64.13969,-21.368366,7.6009336,-5.2459617,6.6193886,-2.7551422,-0.86195594,5.535887,-6.0698476,0.8851407,5.993318,1.2214204,-10.783926,8.794622,-8.252259,-1.7858043
433,7.649870872,-245.3198929,106.83858489990234,0.10041192892253592,-7.429711972428499,-86.44564095313004,1.4237249,0.615678,10.250447,7.344451,-12.545278,-1.9400481,10.205359,-19.295895,61.01094,7.7543654,7.7000065,6.213946,-7.8015246,-9.115118,18.776428,63.737476,-21.205862,7.4832616,-5.3872266,6.807265,-2.673407,-0.8040978,5.540459,-6.191737,0.8684568,6.5405874,1.3851582,-10.901912,8.072461,-8.013694,-1.7878393
434,7.648953319,-245.4552536,106.84622192382812,0.051879752574416946,-7.506045485541354,-86.45634608275681,1.330161,0.65420747,10.301495,7.4430866,-12.5497055,-1.8554733,10.021107,-19.470434,61.156063,7.8962097,7.717284,6.081091,-7.639789,-9.173595,18.599865,63.352062,-21.02103,7.379799,-5.5091043,7.0011835,-2.610626,-0.74574614,5.5424037,-6.3060646,0.8553484,7.0781074,1.528947,-11.0160055,7.379775,-7.7843995,-1.7930759
435,7.643365979,-245.5920334,106.85173034667969,0.011426149064788322,-7.590764379840037,-86.4607338729458,1.233381,0.68341947,10.361479,7.5354195,-12.558558,-1.7713199,9.828794,-19.618156,61.310303,8.016769,7.7443423,5.97379,-7.4777412,-9.225428,18.413177,62.991695,-20.837196,7.2944307,-5.6126256,7.2036047,-2.5558786,-0.6916194,5.545641,-6.421255,0.8417249,7.629239,1.6672992,-11.137608,6.684662,-7.5581036,-1.7994798
436,7.649285078,-245.7156906,106.85546112060547,-0.026291432762097854,-7.6795808938176044,-86.45334006442113,1.136605,0.7048289,10.430787,7.6143165,-12.566022,-1.6986407,9.632717,-19.749414,61.47269,8.087315,7.7730556,5.897609,-7.3221364,-9.267474,18.21645,62.668163,-20.67895,7.229769,-5.69938,7.401196,-2.5129225,-0.64862144,5.5500216,-6.528699,0.8351141,8.179139,1.7953438,-11.267746,5.986821,-7.3228374,-1.7955403
437,7.640993118,-245.8367386,106.85858917236328,-0.0597358325322526,-7.782221684579425,-86.43379321746714,1.0347044,0.7141576,10.522806,7.682678,-12.578838,-1.6330447,9.4352455,-19.882107,61.634045,8.085477,7.8104625,5.892775,-7.1798406,-9.295747,18.001703,62.382053,-20.553013,7.1925664,-5.7666955,7.6117015,-2.4670737,-0.6130793,5.553078,-6.633905,0.81842905,8.528653,1.8841213,-11.3614,5.7159414,-7.3032923,-1.7921728
438,7.637592077,-245.9485397,106.85856628417969,-0.08412017914415829,-7.895323003357022,-86.40590191051703,0.9313779,0.70601207,10.630727,7.7412148,-12.594627,-1.5712796,9.237135,-20.012253,61.79607,8.026007,7.8594913,5.9436765,-7.0451846,-9.308805,17.766966,62.129356,-20.449448,7.17838,-5.8152795,7.82955,-2.4369426,-0.583727,5.5530157,-6.732826,0.80632794,8.778949,1.9364545,-11.4398,5.6570644,-7.3852587,-1.7798693
439,7.630375147,-246.047554,106.8548355102539,-0.09369136216524143,-7.994764184035985,-86.36990748831072,0.8346653,0.6801035,10.724939,7.7853975,-12.6072445,-1.5158607,9.047258,-20.108244,61.95915,7.937592,7.9084935,5.970618,-6.9136014,-9.310104,17.53242,61.921494,-20.36358,7.1736526,-5.8523455,8.019016,-2.4229865,-0.5695419,5.5547447,-6.8197107,0.79596686,9.004555,1.9713504,-11.521232,5.60146,-7.4590974,-1.7662994
440,7.624473572,-246.1375351,106.84928894042969,-0.08937675144347385,-8.060885495433116,-86.32643804339018,0.76084596,0.6439156,10.777491,7.803256,-12.602342,-1.4890362,8.853788,-20.14046,62.15816,7.859459,7.937594,5.898219,-6.7725024,-9.306887,17.304804,61.76498,-20.29725,7.1659846,-5.8844256,8.161352,-2.4265525,-0.5745055,5.5535145,-6.891023,0.7915075,9.181015,1.9847226,-11.600503,5.5548587,-7.5251675,-1.7504827
441,7.620049238,-246.2518539,106.84339904785156,-0.07266509514354437,-8.088750445601638,-86.27163729622917,0.7013585,0.5957326,10.784406,7.799343,-12.578982,-1.4734397,8.664518,-20.068975,62.368797,7.8010116,7.949856,5.688935,-6.6227326,-9.303606,17.104248,61.6582,-20.234526,7.1531305,-5.9109864,8.268073,-2.4451444,-0.5992518,5.5538564,-6.9672666,0.7930171,9.319648,1.9793454,-11.684152,5.5245824,-7.6067266,-1.7310034
442,7.632054329,-246.3560867,106.83737182617188,-0.049124907727615325,-8.091387418619933,-86.20590046953735,0.6467578,0.5392911,10.762902,7.781762,-12.544678,-1.4616344,8.47758,-19.906124,62.582493,7.7518845,7.9517193,5.387468,-6.472581,-9.300077,16.930067,61.59803,-20.175117,7.1426005,-5.9288845,8.3373165,-2.4823184,-0.6429943,5.5505595,-7.0281825,0.8081658,9.4166,1.9514381,-11.769947,5.5043273,-7.679347,-1.7007942
443,7.632880926,-246.4339523,106.8312759399414,-0.024487994653465326,-8.076528242684699,-86.13629413800533,0.5974204,0.48625416,10.723092,7.7569957,-12.505231,-1.4597559,8.29883,-19.695877,62.800827,7.7049336,7.9406753,5.0340633,-6.3313837,-9.295104,16.787565,61.59036,-20.12497,7.1360335,-5.9414406,8.368212,-2.5132685,-0.69909936,5.547003,-7.068906,0.81674856,9.741688,1.9844979,-11.910395,4.9549756,-7.4698763,-1.6834432
444,7.628020406,-246.508812,106.82575988769531,-0.004681401493253327,-8.049785409252896,-86.07126288278188,0.5568555,0.44521618,10.673139,7.730318,-12.469655,-1.4729441,8.139614,-19.488491,63.02191,7.646516,7.91633,4.669642,-6.208251,-9.288569,16.679327,61.640965,-20.091623,7.1345677,-5.9520807,8.381322,-2.5334637,-0.75512755,5.5448394,-7.1057143,0.8192173,9.981902,2.0132222,-12.025358,4.539766,-7.323117,-1.6726407
445,7.612074614,-246.602562,106.82305145263672,0.009256331056439839,-8.00557876144421,-86.00474284940414,0.52874774,0.40574342,10.615363,7.6947274,-12.446122,-1.4874313,8.051053,-19.334127,63.19548,7.5044737,7.891003,4.2609906,-6.0966096,-9.281536,16.614773,61.738262,-20.063707,7.1363764,-5.9635825,8.38449,-2.537502,-0.81590325,5.5421505,-7.1494794,0.8115951,10.070737,2.027024,-12.105478,4.3999777,-7.320164,-1.6699713
446,7.608016491,-246.691185,106.82382202148438,0.020789813089595287,-7.943350370799654,-85.93472111692928,0.510213,0.3767034,10.539096,7.6494794,-12.42056,-1.5283293,7.963849,-19.14421,63.39777,7.367693,7.844227,3.8036404,-5.9935446,-9.270326,16.560772,61.891003,-20.073458,7.1423225,-5.9704003,8.360824,-2.5447745,-0.8868713,5.541765,-7.187146,0.810205,9.998787,2.0055559,-12.151681,4.5302973,-7.4437017,-1.6610647
447,7.607468128,-246.7593918,106.82494354248047,0.028082342853950823,-7.878627308810343,-85.87565566475705,0.51215255,0.35830066,10.463813,7.592979,-12.402154,-1.5759655,7.910217,-18.999964,63.57608,7.2030993,7.8020377,3.3729668,-5.898427,-9.259569,16.534334,62.085125,-20.08425,7.154231,-5.971899,8.324326,-2.548913,-0.9494219,5.537677,-7.211577,0.8091349,9.942742,1.9929312,-12.189536,4.593901,-7.518442,-1.6548953
448,7.604686499,-246.8127518,106.82434844970703,0.026483995745939383,-7.822534139369646,-85.84066295871251,0.525487,0.36301643,10.399823,7.545891,-12.391974,-1.6218593,7.861323,-18.847507,63.73745,7.1052027,7.7617917,3.0315175,-5.825165,-9.244121,16.52021,62.327015,-20.114447,7.171067,-5.95651,8.2909355,-2.540965,-0.98552215,5.5343127,-7.23229,0.8031168,9.93798,2.0044935,-12.213438,4.5454383,-7.523757,-1.6571542
449,7.607561231,-246.871376,106.82430267333984,0.014887140632993616,-7.7724860986389706,-85.83921720631814,0.5747327,0.39759722,10.346719,7.4857254,-12.396938,-1.673386,7.841705,-18.77568,63.867893,6.9952965,7.7290773,2.7916024,-5.7608323,-9.233349,16.5175,62.608215,-20.143152,7.1944027,-5.9254127,8.27032,-2.5234373,-0.98298955,5.5355067,-7.265907,0.79547435,9.956293,2.0295188,-12.2074175,4.467796,-7.5156837,-1.6624304
450,7.616422415,-246.9237137,106.82350158691406,-0.005239178059654927,-7.724989795226171,-85.86286153531385,0.6490994,0.4572901,10.298231,7.4198422,-12.407222,-1.736501,7.8316526,-18.724516,63.993828,6.911458,7.6913605,2.6166298,-5.7090397,-9.21966,16.519346,62.93741,-20.193306,7.223868,-5.880051,8.254606,-2.498875,-0.95263565,5.532123,-7.298465,0.78761655,9.929145,2.0521069,-12.16458,4.469501,-7.5378757,-1.6697624
451,7.618418217,-246.9664688,106.8232192993164,-0.031783591295667706,-7.6875586872744,-85.89779398806587,0.74061406,0.53219557,10.262965,7.349741,-12.428754,-1.8040304,7.833638,-18.70458,64.09559,6.865411,7.6702285,2.527454,-5.656135,-9.208696,16.533274,63.279877,-20.250843,7.2629914,-5.8229537,8.243377,-2.462653,-0.90948534,5.532622,-7.329512,0.77367264,9.754797,2.0533395,-12.076656,4.770567,-7.7028513,-1.6831195
452,7.614405513,-247.0047989,106.82225036621094,-0.055183848293043,-7.6719412811680785,-85.93234622329867,0.8359196,0.60428864,10.24982,7.275832,-12.460435,-1.8780172,7.8445506,-18.70713,64.18321,6.8823605,7.673907,2.5440426,-5.604572,-9.194619,16.576796,63.630238,-20.302216,7.3086247,-5.7638693,8.258732,-2.427776,-0.8625406,5.5312133,-7.3622255,0.7585256,9.5633135,2.046317,-11.986756,5.156263,-7.9128175,-1.6978642
453,7.609679818,-247.0452805,106.8184585571289,-0.07584246072765552,-7.689101670366566,-85.97000602575437,0.9292871,0.67156005,10.2663145,7.2173595,-12.496391,-1.9386272,7.874191,-18.743374,64.22146,6.9605703,7.7350264,2.6926801,-5.571571,-9.17278,16.704918,64.012856,-20.299896,7.369044,-5.7189918,8.316419,-2.3975961,-0.80523384,5.5284076,-7.4014196,0.74609214,9.4283,2.0419037,-11.907169,5.5088544,-8.111147,-1.7116827
454,7.613120914,-247.0974197,106.81349182128906,-0.09787128765524088,-7.729331438140723,-86.01398844205177,1.025158,0.74235094,10.306448,7.1658087,-12.541737,-1.9903401,7.920509,-18.801584,64.218094,7.098998,7.8361926,2.9510503,-5.546508,-9.151929,16.89848,64.41301,-20.261797,7.444361,-5.6755815,8.409167,-2.3722086,-0.7350535,5.5283594,-7.4541173,0.73984927,9.495892,2.0721428,-11.866874,5.528995,-8.153431,-1.7219697
455,7.615145802,-247.1441879,106.80658721923828,-0.11623299846621755,-7.773659173480113,-86.05510141617658,1.0998566,0.8046519,10.354933,7.1296363,-12.599924,-2.015781,7.9938316,-18.879889,64.15888,7.2474365,7.9486656,3.2894979,-5.5412116,-9.12863,17.156519,64.82385,-20.206871,7.527137,-5.629828,8.502657,-2.351075,-0.668545,5.5293145,-7.504071,0.73430455,9.565077,2.0981116,-11.831885,5.5527687,-8.196521,-1.7313762
456,7.611840725,-247.1747208,106.80113983154297,-0.12639367946507496,-7.803085139476822,-86.08226237062362,1.161045,0.8616194,10.399421,7.0814443,-12.675618,-2.0396175,8.065849,-18.969505,64.083206,7.4026976,8.032166,3.676171,-5.5171256,-9.106759,17.37298,65.18114,-20.223825,7.614222,-5.5578256,8.5647955,-2.3363836,-0.6237889,5.531595,-7.539235,0.72745514,9.607551,2.115349,-11.809071,5.576512,-8.229358,-1.7405969
457,7.604007721,-247.1853256,106.79694366455078,-0.12789666624564805,-7.8114969668285585,-86.09704947903067,1.186664,0.8990398,10.435524,7.042559,-12.775293,-2.0271628,8.177606,-19.115648,63.931953,7.5066814,8.100249,4.153921,-5.516621,-9.069483,17.612513,65.53447,-20.296667,7.705515,-5.468493,8.587517,-2.328895,-0.60117894,5.5298185,-7.552582,0.71966195,9.615655,2.1226864,-11.797076,5.5953608,-8.245499,-1.7482185
458,7.60269022,-247.2195969,106.7943344116211,-0.12290298678937722,-7.809123703643403,-86.10382615032222,1.207518,0.9323826,10.471255,6.989607,-12.893202,-2.0166335,8.291576,-19.296865,63.758247,7.623592,8.155231,4.7211275,-5.5042973,-9.025665,17.811346,65.85481,-20.451998,7.8043017,-5.3538857,8.610243,-2.3328328,-0.58782876,5.5272136,-7.5755305,0.71739477,9.62558,2.11865,-11.798364,5.6150055,-8.273967,-1.7463397
459,7.599794745,-247.2643967,106.78776550292969,-0.11401199062437836,-7.806571740828398,-86.09536463648654,1.2234778,0.9646297,10.507571,6.921973,-13.018113,-2.0237012,8.387075,-19.468527,63.613483,7.762438,8.177053,5.2943673,-5.4647355,-8.98597,17.971994,66.12566,-20.638859,7.9015474,-5.2269626,8.636124,-2.3406396,-0.5891898,5.5273027,-7.6036906,0.715446,9.644793,2.11173,-11.818183,5.634432,-8.3121,-1.7427415
460,7.596482992,-247.2925186,106.78366088867188,-0.10126593401371874,-7.813371443263239,-86.06516454146545,1.2192224,0.9700882,10.549026,6.858868,-13.145346,-2.0098066,8.531324,-19.648674,63.441395,7.8375325,8.177659,5.7879057,-5.421664,-8.924738,18.15217,66.37999,-20.77017,7.9766293,-5.117974,8.6613865,-2.3536234,-0.61190104,5.525221,-7.618494,0.71514493,9.669483,2.1003604,-11.859087,5.6502366,-8.343332,-1.7397603
461,7.579690695,-247.3188705,106.7782974243164,-0.08495941549338089,-7.833855400946968,-86.00152559314174,1.1893778,0.95928323,10.600876,6.793632,-13.274907,-1.9939486,8.677724,-19.761053,63.28769,7.946266,8.121166,6.190997,-5.352226,-8.860909,18.31661,66.57894,-20.86697,8.032974,-5.01196,8.695479,-2.3632407,-0.66448313,5.527435,-7.6307125,0.7082501,9.714096,2.0944355,-11.934692,5.663959,-8.381224,-1.7452935
462,7.560208917,-247.3445969,106.77291107177734,-0.06520131001837379,-7.863250940310071,-85.91201864143446,1.1343517,0.9346873,10.659949,6.7294693,-13.409671,-1.9732032,8.8283,-19.832615,63.141235,8.073838,8.019362,6.5465846,-5.2684393,-8.792725,18.482525,66.73801,-20.939627,8.077168,-4.907312,8.738439,-2.376037,-0.7401738,5.5273843,-7.6389565,0.7013502,9.773819,2.0869484,-12.038405,5.67488,-8.423343,-1.7516185
463,7.547390699,-247.3673325,106.76760864257812,-0.043588420071396176,-7.896143593273592,-85.81646673458806,1.0700362,0.9038891,10.719342,6.6693068,-13.543937,-1.9445827,8.982035,-19.86533,62.999184,8.184181,7.908832,6.832217,-5.1712523,-8.7212305,18.633097,66.86329,-21.006462,8.111218,-4.806393,8.784024,-2.3955784,-0.821762,5.524534,-7.6431785,0.699612,9.8388405,2.0734653,-12.1489105,5.683073,-8.463847,-1.7530845
464,7.525303721,-247.3947372,106.7628402709961,-0.025175608569906034,-7.9238750048116655,-85.73368152596903,1.0128764,0.8776734,10.770205,6.6134744,-13.674734,-1.9085038,9.135522,-19.860157,62.8613,8.244499,7.825056,7.024156,-5.057511,-8.64799,18.745922,66.95532,-21.089178,8.137707,-4.710396,8.826138,-2.4047508,-0.89256126,5.526798,-7.6552143,0.69092274,9.898689,2.0699353,-12.244825,5.690195,-8.50485,-1.7604631
465,7.509353638,-247.430336,106.75837707519531,-0.010548262699431253,-7.944717583058231,-85.67263643083095,0.9766758,0.86068285,10.816338,6.556634,-13.807603,-1.8766407,9.28624,-19.816776,62.733406,8.236487,7.7736917,7.099103,-4.9264917,-8.572796,18.82587,67.00639,-21.265085,8.156342,-4.6307387,8.867225,-2.4126954,-0.9437941,5.52752,-7.672787,0.68493986,9.952885,2.0670476,-12.31733,5.696815,-8.545864,-1.7639204
466,7.498246312,-247.4678116,106.75506591796875,0.0022607376429551337,-7.961650478353425,-85.62157379878654,0.9509591,0.8473995,10.858437,6.498558,-13.941507,-1.8480566,9.433958,-19.736532,62.61906,8.181196,7.73579,7.075975,-4.7780437,-8.496084,18.877714,67.018074,-21.50094,8.166011,-4.5629745,8.906073,-2.4212208,-0.98685664,5.5284314,-7.6927724,0.6815722,10.003442,2.0633202,-12.37844,5.700172,-8.583467,-1.7643107
467,7.484400153,-247.4827805,106.75264739990234,0.014178657124943171,-7.9829251419105365,-85.57183548411365,0.92177856,0.83221054,10.893636,6.444634,-14.064402,-1.8059134,9.577943,-19.626183,62.516582,8.103288,7.709149,6.9943547,-4.605841,-8.420498,18.874392,66.99878,-21.653519,8.16845,-4.483127,8.940859,-2.4275365,-1.0298251,5.522113,-7.697655,0.6766759,10.04652,2.0613017,-12.436324,5.7016726,-8.60816,-1.7672966
468,7.477040291,-247.511528,106.74917602539062,0.01894123793966549,-8.007661052860499,-85.50976731570152,0.8744732,0.8133598,10.909845,6.396418,-14.163657,-1.7373686,9.717209,-19.497358,62.4277,8.026725,7.691688,6.8939323,-4.3992233,-8.350956,18.780764,66.95294,-21.583868,8.165842,-4.366048,8.983413,-2.429391,-1.0821497,5.525096,-7.715493,0.6741771,10.107136,2.066105,-12.509455,5.699156,-8.642643,-1.7666659
469,7.486915708,-247.6409683,106.74188232421875,0.017218254893027,-8.047297033112711,-85.4257615282644,0.8107093,0.789873,10.905403,6.3437123,-14.222167,-1.6434163,9.841797,-19.342913,62.371685,7.9424644,7.6818066,6.7571516,-4.125546,-8.294817,18.565414,66.85646,-21.223024,8.165959,-4.1842437,9.106258,-2.4331014,-1.1374441,5.530089,-7.7980094,0.68068224,10.253569,2.0775037,-12.623303,5.6963534,-8.744546,-1.7501533
470,7.484741926,-247.7334976,106.73499298095703,0.010379846288099393,-8.095305092498815,-85.32842988639806,0.73997605,0.76444757,10.883323,6.2851157,-14.250875,-1.5343329,9.954212,-19.165882,62.345615,7.8417764,7.680683,6.5719924,-3.79461,-8.250067,18.246775,66.708336,-20.658878,8.167065,-3.9558613,9.217584,-2.4242716,-1.2075078,5.532407,-7.858032,0.6791029,10.3910475,2.1015387,-12.74733,5.687856,-8.826303,-1.743723
471,7.47258544,-247.7561264,106.72862243652344,0.0007445265198388014,-8.140684130980874,-85.23687074339985,0.6693503,0.7399342,10.855262,6.229224,-14.280772,-1.4183165,10.064836,-18.997,62.328804,7.750702,7.6873794,6.3888326,-3.4501812,-8.212513,17.85586,66.5344,-19.990927,8.160394,-3.7221422,9.287578,-2.4070263,-1.2803538,5.5267606,-7.8728685,0.6709551,10.486345,2.1307411,-12.855489,5.670477,-8.862235,-1.7478422
472,7.463588238,-247.7723618,106.72384643554688,-0.010989066298621973,-8.168780201901775,-85.17070997770587,0.6104907,0.7199296,10.828781,6.181468,-14.342881,-1.3105054,10.184316,-18.882435,62.308685,7.6843243,7.6997614,6.2608247,-3.133441,-8.180204,17.42548,66.36018,-19.312403,8.135606,-3.525239,9.32824,-2.388348,-1.3345432,5.531344,-7.8877306,0.6630142,10.548475,2.1575174,-12.93058,5.6593976,-8.8884,-1.7518871
473,7.456927657,-247.810112,106.7206039428711,-0.01986123327986576,-8.178069829539103,-85.14097874942732,0.55587626,0.7128403,10.798562,6.1606984,-14.432237,-1.2216777,10.295875,-18.840866,62.31795,7.6434817,7.7068734,6.2212796,-2.860151,-8.164563,16.98667,66.2041,-18.482954,8.0849,-3.3769393,9.365079,-2.3721068,-1.3540688,5.5313993,-7.9149814,0.6548554,10.593526,2.1790981,-12.966001,5.652217,-8.91891,-1.753717
474,7.456937671,-247.8485336,106.71730041503906,-0.031018969326044334,-8.174632892900101,-85.13516642904115,0.48375803,0.7191106,10.754099,6.177747,-14.527437,-1.1433301,10.375595,-18.826637,62.383312,7.627736,7.701299,6.246478,-2.629833,-8.166859,16.58441,66.07872,-17.457823,8.01877,-3.2675664,9.389752,-2.3565817,-1.352502,5.5288477,-7.9415717,0.64910394,10.619126,2.1976388,-12.973002,5.6461067,-8.94272,-1.7525177
475,7.456653237,-247.8876419,106.71566772460938,-0.04245300059570752,-8.163077019521168,-85.14052407991251,0.4635462,0.7253649,10.726245,6.147421,-14.659039,-1.0866847,10.488127,-18.895817,62.41955,7.603858,7.715244,6.2791862,-2.3612595,-8.1811,16.056015,65.8734,-16.605865,7.9502287,-3.1618185,9.402637,-2.3398607,-1.3427266,5.5314026,-7.9702797,0.6426953,10.631872,2.215751,-12.966196,5.6426387,-8.964584,-1.7523327
476,7.447718143,-247.9263077,106.71289825439453,-0.05235401948934329,-8.148297623420763,-85.14506397221422,0.44186825,0.72583365,10.694688,6.112473,-14.8024435,-1.0446999,10.587621,-18.997253,62.487778,7.5545707,7.725148,6.3245444,-2.147322,-8.197488,15.657501,65.71135,-16.01429,7.8961644,-3.117214,9.41088,-2.3193703,-1.3353057,5.5347557,-7.997999,0.6319537,10.638881,2.2370613,-12.9595995,5.6403995,-8.986552,-1.7581635
477,7.448473334,-247.9471664,106.7122573852539,-0.060852622468398676,-8.129055025527903,-85.14813236297837,0.39491993,0.7209192,10.654658,6.093594,-14.957284,-1.0015484,10.654024,-19.074154,62.59585,7.5156326,7.725165,6.3884544,-2.0196145,-8.20859,15.430906,65.63076,-15.753533,7.852526,-3.1511643,9.404545,-2.3068693,-1.3335447,5.5329084,-8.009951,0.6291739,10.63156,2.2490692,-12.952216,5.6363025,-8.995735,-1.7598473
478,7.442112327,-247.9790726,106.71174621582031,-0.06918232455182013,-8.102993378757812,-85.15511661240161,0.35190007,0.71064675,10.615417,6.068233,-15.1347065,-0.96211064,10.720117,-19.17221,62.709103,7.4756064,7.729278,6.467434,-1.932438,-8.219528,15.257021,65.573135,-15.755598,7.8105187,-3.2352097,9.396433,-2.289354,-1.3287652,5.5322585,-8.028023,0.62237257,10.621002,2.2657082,-12.940501,5.633334,-9.010775,-1.7666383
479,7.437759042,-248.003746,106.71206665039062,-0.07483041266414335,-8.07801859826434,-85.16426206257074,0.33002973,0.68882686,10.589177,6.022289,-15.327185,-0.9310558,10.809252,-19.325665,62.801987,7.4039774,7.7445965,6.5389304,-1.8645527,-8.232757,15.121154,65.509125,-15.939248,7.779508,-3.3506002,9.383358,-2.276658,-1.3234228,5.533681,-8.041978,0.6177494,10.605447,2.2768633,-12.926742,5.6326613,-9.021498,-1.7719183
480,7.430643916,-248.0301132,106.71134185791016,-0.07572384784556735,-8.064415050393302,-85.17405676756492,0.30486408,0.65300137,10.578253,5.984059,-15.513017,-0.89883083,10.896486,-19.476795,62.88828,7.3324013,7.758893,6.5882754,-1.8440814,-8.245357,15.095274,65.47232,-16.182352,7.769945,-3.4968467,9.384675,-2.2688582,-1.3144182,5.5350127,-8.058269,0.61237276,10.605599,2.2846065,-12.917863,5.630652,-9.03473,-1.7761861
481,7.419874787,-248.0475693,106.71086120605469,-0.06906089937764802,-8.067621178725178,-85.18494351940343,0.27786797,0.6051156,10.586288,5.9531026,-15.691052,-0.8789577,10.9477215,-19.580318,63.003586,7.3110266,7.7581897,6.6113462,-1.876564,-8.254014,15.1789,65.46907,-16.530485,7.794093,-3.6941085,9.4012575,-2.269461,-1.3013444,5.536122,-8.072276,0.60626996,10.619503,2.2848537,-12.914232,5.6319046,-9.04756,-1.7787077
482,7.419186711,-248.0538864,106.70977783203125,-0.05824634223477092,-8.080480518437724,-85.19687514446423,0.2538112,0.5420532,10.609598,5.9229813,-15.870356,-0.86013675,11.007341,-19.711317,63.108757,7.2649984,7.7592993,6.6207905,-1.9559519,-8.26543,15.38576,65.490616,-16.98141,7.844565,-3.9427218,9.421511,-2.2828257,-1.2868377,5.536661,-8.079116,0.60768634,10.639414,2.2729602,-12.913427,5.632627,-9.054095,-1.7728161
483,7.411646008,-248.055397,106.70960235595703,-0.043678932153472634,-8.09868357841158,-85.21061757802198,0.22785112,0.47201806,10.642877,5.8970895,-16.043587,-0.84191996,11.059121,-19.82934,63.210506,7.236469,7.7617326,6.6105003,-2.0656445,-8.2771225,15.645705,65.52397,-17.497074,7.903524,-4.186631,9.446284,-2.2967312,-1.2697202,5.5349994,-8.08294,0.60585874,10.662372,2.2607408,-12.912067,5.633207,-9.058593,-1.7708212
484,7.406563759,-248.0593796,106.70890808105469,-0.029867169583301923,-8.115122659674308,-85.22572195937622,0.17637178,0.39617074,10.675088,5.8984933,-16.200754,-0.79752964,11.129116,-19.956232,63.27454,7.178192,7.7760224,6.5852785,-2.217238,-8.2948265,16.00561,65.58489,-17.939161,7.9516497,-4.3887954,9.470386,-2.3111005,-1.2512745,5.535246,-8.08994,0.6059505,10.682984,2.2478619,-12.907337,5.6357102,-9.063901,-1.7695259
485,7.405374646,-248.0614548,106.7069091796875,-0.016683324486950396,-8.12964953480475,-85.23943996081013,0.12202248,0.31915557,10.712246,5.8995233,-16.345678,-0.75394255,11.194881,-20.067461,63.324696,7.1425133,7.80078,6.5268545,-2.3812754,-8.313761,16.362947,65.638275,-18.397203,7.983439,-4.5179834,9.490925,-2.327058,-1.2346176,5.533607,-8.093649,0.60905665,10.699576,2.2331226,-12.901199,5.639321,-9.067461,-1.7691989
486,7.395562291,-248.0560074,106.70503234863281,-0.0031290658522393987,-8.145568605045934,-85.25313469193648,0.06757952,0.2384578,10.756307,5.8996863,-16.481386,-0.7148335,11.257865,-20.182194,63.368095,7.1110754,7.832577,6.443404,-2.564693,-8.333784,16.752657,65.691505,-18.881508,8.009625,-4.605584,9.507946,-2.3383572,-1.2183824,5.5312777,-8.092084,0.607336,10.713063,2.222858,-12.893296,5.6425414,-9.067144,-1.7765567
487,7.392102361,-248.0430679,106.70437622070312,0.009743399361890417,-8.160416019489782,-85.27174520938827,0.023554252,0.16216496,10.799479,5.894569,-16.603619,-0.68803596,11.305325,-20.297941,63.424614,7.1002216,7.863113,6.352512,-2.745742,-8.351061,17.111214,65.73588,-19.387526,8.028967,-4.657647,9.518229,-2.3529813,-1.1990222,5.5329924,-8.089212,0.6098194,10.717401,2.2081268,-12.877745,5.650078,-9.06219,-1.7810948
488,7.385887265,-248.0356522,106.70248413085938,0.020163667167800405,-8.174589745599143,-85.30054697003548,-0.015141041,0.093019366,10.836944,5.8966827,-16.708883,-0.6596245,11.341885,-20.417435,63.485615,7.1010466,7.8895273,6.2738233,-2.920493,-8.367479,17.437485,65.77575,-19.863667,8.04277,-4.68806,9.532554,-2.362712,-1.1689262,5.5330424,-8.089547,0.609875,10.723512,2.198467,-12.851618,5.6558895,-9.058375,-1.7867521
489,7.38567102,-248.0277328,106.70267486572266,0.02873690599566984,-8.19063396070113,-85.34173610027334,-0.051287696,0.030021148,10.870822,5.9138865,-16.796347,-0.62377656,11.373042,-20.544422,63.546185,7.0630336,7.911879,6.200533,-3.0970037,-8.38573,17.746258,65.816864,-20.327866,8.049539,-4.6947036,9.553313,-2.3740604,-1.1261456,5.529431,-8.090756,0.6136445,10.73092,2.187076,-12.812832,5.6614366,-9.052815,-1.787494
490,7.384424806,-248.0230942,106.70216369628906,0.035340199969761336,-8.205019295994184,-85.39137351470852,-0.0687695,-0.02538277,10.904821,5.923645,-16.87065,-0.5974354,11.387698,-20.658487,63.61381,7.0399046,7.932034,6.1179333,-3.2544932,-8.398321,17.96201,65.832565,-20.854263,8.046839,-4.660266,9.571459,-2.3822675,-1.0761377,5.531886,-8.0972805,0.6165626,10.735346,2.1784775,-12.763892,5.6690464,-9.048244,-1.7886826
491,7.380327344,-248.012413,106.70092010498047,0.04099159504186243,-8.21809039074897,-85.44918045227375,-0.093254596,-0.07670787,10.926844,5.947407,-16.926752,-0.5673813,11.401695,-20.818537,63.687466,7.028468,7.9494185,6.068882,-3.4247744,-8.418878,18.240345,65.868355,-21.23544,8.04184,-4.625878,9.587075,-2.3874018,-1.0183312,5.5295486,-8.098311,0.61701286,10.734494,2.1725023,-12.705368,5.674569,-9.03803,-1.7922527
492,7.377041101,-247.9983139,106.70085144042969,0.04169341203603701,-8.225224359255005,-85.51301907656371,-0.10428536,-0.1222502,10.946938,5.9540386,-16.984774,-0.5299939,11.402754,-20.94081,63.73682,7.217803,7.9728675,6.0466337,-3.5550468,-8.433252,18.409542,65.86131,-21.545254,8.035216,-4.5692163,9.592846,-2.3868222,-0.9551126,5.5299196,-8.099084,0.6153569,10.723365,2.1710072,-12.638147,5.680476,-9.0242605,-1.7973983
493,7.376192808,-247.9882736,106.69884490966797,0.0406083793857767,-8.226743444984084,-85.5867777161088,-0.11593515,-0.15864289,10.943664,5.962708,-17.019974,-0.50128937,11.391258,-21.13187,63.820343,7.5396543,7.986662,6.099312,-3.6820998,-8.46128,18.648802,65.87251,-21.562092,8.031151,-4.5204587,9.596426,-2.3848155,-0.8809172,5.531863,-8.106027,0.61277,10.707234,2.1703475,-12.559438,5.685632,-9.009995,-1.8030365
494,7.37717998,-247.9819565,106.69857025146484,0.03698226070731065,-8.224923231282887,-85.66999777546934,-0.1177814,-0.18871158,10.936258,5.9613543,-17.050531,-0.46355158,11.367285,-21.30279,63.889477,8.038827,8.004393,6.1835318,-3.779579,-8.490534,18.823112,65.85289,-21.468819,8.026185,-4.444969,9.601406,-2.3803017,-0.795696,5.530088,-8.114758,0.6091298,10.689202,2.1717763,-12.470172,5.690068,-8.996174,-1.8089584
495,7.382290959,-247.9739761,106.69813537597656,0.030562895714959536,-8.21768672776719,-85.75488829030034,-0.117282055,-0.21219495,10.922609,5.957167,-17.075733,-0.43029916,11.331449,-21.475967,63.955353,8.609596,8.023002,6.2903934,-3.8639457,-8.521467,18.963299,65.82084,-21.313168,8.019651,-4.3748274,9.598167,-2.3749034,-0.71039724,5.53008,-8.122774,0.60709834,10.664014,2.1734688,-12.378738,5.6930804,-8.978989,-1.8122649
496,7.386339545,-247.9913101,106.69731903076172,0.023930298985362603,-8.204814591101279,-85.83427562648292,-0.10958192,-0.22178374,10.900924,5.9444075,-17.093567,-0.4362492,11.265365,-21.683601,64.06181,9.153212,8.031803,6.413788,-3.9337964,-8.567257,19.08081,65.77507,-21.151777,8.013044,-4.3369017,9.601229,-2.3678727,-0.6300127,5.530957,-8.143062,0.6045732,10.646137,2.1771488,-12.297481,5.6978555,-8.976676,-1.8122734
497,7.385218263,-247.9937057,106.69945526123047,0.015426565614238528,-8.186870155250025,-85.91048646903116,-0.10440951,-0.22613482,10.883602,5.938053,-17.115702,-0.45186576,11.191173,-21.876219,64.14808,9.75362,8.047456,6.546648,-4.0011,-8.606795,19.120016,65.71982,-21.043705,7.99484,-4.329571,9.589232,-2.3553016,-0.5569224,5.5299926,-8.151643,0.59894705,10.611935,2.1844487,-12.21981,5.7018886,-8.963696,-1.8131255
498,7.393627167,-247.9858627,106.70195770263672,0.004448441646752204,-8.164093476973527,-85.98557239266103,-0.11129176,-0.23180938,10.86856,5.9469132,-17.141722,-0.45116338,11.125952,-22.047548,64.18557,10.420758,8.076654,6.691526,-4.077802,-8.633317,19.114058,65.67202,-20.936007,7.9652123,-4.3453403,9.562893,-2.3457472,-0.48854762,5.5305953,-8.152492,0.5990237,10.567206,2.1876414,-12.144057,5.7038083,-8.942082,-1.8065205
499,7.411211848,-247.9668961,106.70628356933594,-0.006604916677861487,-8.134454619932912,-86.05305963444353,-0.09346688,-0.22487581,10.838268,5.9235296,-17.154448,-0.50197333,11.022681,-22.263882,64.288376,11.009906,8.090265,6.8430653,-4.118956,-8.668423,19.060375,65.60298,-20.833614,7.9407244,-4.3793697,9.521623,-2.342126,-0.43180728,5.530094,-8.1439295,0.6056729,10.508561,2.1837041,-12.074056,5.7039304,-8.911008,-1.7935973
500,7.41046989,-247.9114609,106.71304321289062,-0.013721414477309153,-8.099666177877896,-86.10685838052602,-0.068031624,-0.2186589,10.797094,5.875487,-17.163872,-0.55382293,10.902973,-22.45227,64.39352,11.440531,8.092472,6.959589,-4.131393,-8.704805,18.983183,65.515976,-20.770742,7.929075,-4.417925,9.4528265,-2.3322928,-0.39542243,5.5231085,-8.106255,0.6030481,10.425795,2.184358,-12.011584,5.6979733,-8.858194,-1.7932514
501,7.420821786,-247.91082,106.7196273803711,-0.017136442617729345,-8.048600807227228,-86.14055099781547,-0.05372699,-0.22112978,10.735722,5.8136744,-17.16778,-0.5774374,10.786188,-22.579823,64.45946,11.679572,8.091468,7.011278,-4.127019,-8.736222,18.90961,65.42055,-20.747091,7.936527,-4.4709806,9.390782,-2.3327403,-0.37851918,5.525862,-8.099723,0.60859174,10.36142,2.1768494,-11.973153,5.690409,-8.836843,-1.7818173
502,7.428746343,-247.9044724,106.72539520263672,-0.016848599390233757,-7.986270820302757,-86.16046274517328,-0.04975484,-0.23079282,10.66065,5.745602,-17.168104,-0.57763106,10.671861,-22.65965,64.48854,11.785318,8.088638,7.019399,-4.1134763,-8.762117,18.836037,65.32231,-20.746222,7.956025,-4.5410185,9.31025,-2.3361473,-0.3802315,5.5258884,-8.082723,0.6143492,10.282375,2.1654005,-11.945722,5.6807384,-8.810788,-1.7707192
503,7.449649572,-247.8962479,106.73197174072266,-0.014856202672490769,-7.927377668945749,-86.1734812840327,-0.053349957,-0.24713811,10.587756,5.6800437,-17.1685,-0.5500444,10.566075,-22.70978,64.475075,11.785928,8.0812845,7.0220113,-4.1003375,-8.782624,18.769344,65.232544,-20.753077,7.9737844,-4.609746,9.236011,-2.3506844,-0.38872856,5.520861,-8.062742,0.6301488,10.209974,2.1437829,-11.926241,5.6681404,-8.783386,-1.7515824
504,7.46409142,-247.8781357,106.73929595947266,-0.012275804667357873,-7.8830725184712795,-86.18480150855343,-0.0631621,-0.2674937,10.530152,5.62506,-17.173689,-0.488517,10.477164,-22.749987,64.40828,11.707356,8.068014,7.0563784,-4.095499,-8.798004,18.717447,65.15861,-20.750961,7.9768,-4.658881,9.170662,-2.3629804,-0.3982537,5.5204716,-8.041227,0.643775,10.1508045,2.1261332,-11.909212,5.6537385,-8.753837,-1.7386467
505,7.486771703,-247.8531876,106.7442626953125,-0.009629369468538486,-7.860843920742345,-86.1981194366321,-0.059385363,-0.27629438,10.484288,5.564859,-17.171339,-0.4409596,10.345262,-22.826862,64.38095,11.5285635,8.03023,7.1932373,-4.0772314,-8.821339,18.656008,65.09005,-20.74207,7.9630356,-4.6828513,9.127499,-2.3826182,-0.4033036,5.520224,-8.019135,0.6656416,10.115272,2.1039865,-11.893214,5.6383634,-8.723753,-1.7233485
506,7.514286757,-247.8570023,106.74747467041016,-0.0031920818020160623,-7.853446268072334,-86.20989859059463,-0.055054232,-0.28588566,10.449852,5.5071054,-17.169666,-0.3723622,10.211522,-22.916607,64.32455,11.233523,7.9841857,7.386091,-4.055093,-8.8468685,18.60073,65.02698,-20.727116,7.9379935,-4.6909547,9.121919,-2.410604,-0.4038923,5.5188913,-8.017486,0.69347197,10.117337,2.077464,-11.886036,5.6217284,-8.713847,-1.7041419
507,7.543685198,-247.8736649,106.74979400634766,0.002390778111854588,-7.850792822120865,-86.21560614197338,-0.052235253,-0.30111745,10.424351,5.44856,-17.174107,-0.28323993,10.1053095,-22.969458,64.22212,10.894089,7.9265656,7.5321264,-4.034349,-8.86796,18.552105,64.96794,-20.710897,7.9087243,-4.687656,9.1279125,-2.4391325,-0.40802065,5.520787,-8.025252,0.72252107,10.13376,2.0518515,-11.886675,5.6061096,-8.714231,-1.683885
508,7.566407084,-247.831398,106.753662109375,0.009347408883980375,-7.843456987847484,-86.21252496642134,-0.029568415,-0.30763754,10.393251,5.3616047,-17.179768,-0.24509594,9.986223,-22.958893,64.18536,10.597179,7.8249035,7.547847,-3.9964285,-8.893847,18.483986,64.90039,-20.702353,7.8881655,-4.6788306,9.089687,-2.4655647,-0.42928034,5.5199656,-7.9916983,0.7468586,10.107688,2.0246067,-11.885691,5.59028,-8.678218,-1.6705614
509,7.598530412,-247.8067856,106.75856018066406,0.015254124492913449,-7.834395778417523,-86.19384564048482,0.0074138525,-0.31052724,10.360122,5.242711,-17.183561,-0.24622034,9.86827,-22.813082,64.185005,10.374574,7.6734567,7.3352566,-3.9384048,-8.92209,18.386288,64.81724,-20.704361,7.879385,-4.6607847,9.058944,-2.4965534,-0.4626841,5.521157,-7.9685407,0.77506363,10.0925455,1.9936869,-11.902196,5.575259,-8.654097,-1.6496406
510,7.62330544,-247.791008,106.76288604736328,0.02331877158590751,-7.825828362281515,-86.16360046475384,0.04603893,-0.3112125,10.3286295,5.1098166,-17.189497,-0.26051813,9.750187,-22.54076,64.19294,10.20053,7.4846115,6.9631486,-3.8717983,-8.951551,18.27456,64.72723,-20.716408,7.8767776,-4.6300783,9.029807,-2.5253243,-0.50649476,5.525673,-7.9492984,0.7981867,10.080696,1.9653187,-11.930186,5.563923,-8.637183,-1.6324137
511,7.650836229,-247.756752,106.76683044433594,0.03023259754049544,-7.81305046754787,-86.13318703997768,0.079587944,-0.30963004,10.300266,4.987239,-17.206818,-0.27234048,9.640486,-22.237608,64.20114,10.041276,7.283792,6.5830956,-3.8204157,-8.979388,18.19232,64.65215,-20.728807,7.874872,-4.59506,8.987672,-2.5544221,-0.5522703,5.5238476,-7.915482,0.82207537,10.053927,1.9353269,-11.953641,5.552219,-8.60908,-1.6149176
512,7.673388243,-247.7278976,106.76892852783203,0.031830507802972655,-7.786488682126265,-86.11230435707986,0.11119796,-0.30658635,10.272683,4.887862,-17.249166,-0.27222517,9.564156,-22.0425,64.195015,9.830135,7.101938,6.348531,-3.8003712,-9.000187,18.1699,64.60941,-20.7329,7.866425,-4.5654163,8.930329,-2.5728617,-0.59031636,5.526975,-7.8865457,0.8404998,10.008769,1.9141614,-11.960764,5.5443916,-8.581591,-1.6025939
513,7.700968623,-247.6809616,106.77439880371094,0.026283656497142066,-7.739575605346679,-86.10674458257446,0.14302152,-0.29801536,10.241725,4.818611,-17.318443,-0.25214761,9.50925,-21.970835,64.18643,9.552418,6.9163733,6.336158,-3.8106058,-9.017711,18.213772,64.59426,-20.745876,7.8502264,-4.5346785,8.838719,-2.584541,-0.61855805,5.5297465,-7.8458147,0.8583509,9.924834,1.896035,-11.94041,5.538444,-8.53815,-1.5912095
514,7.726788521,-247.6464157,106.7794189453125,0.015681854362380638,-7.679322564664925,-86.11082151235965,0.17246878,-0.2735013,10.201872,4.771645,-17.399555,-0.24693385,9.432154,-21.96423,64.24221,9.243063,6.701599,6.465199,-3.845238,-9.049462,18.344685,64.60479,-20.729744,7.835849,-4.5076666,8.74174,-2.5877392,-0.6367216,5.5296674,-7.8115296,0.87196696,9.827212,1.8848693,-11.904658,5.536252,-8.498897,-1.582631
515,7.76386261,-247.6352921,106.78529357910156,0.0035162695529157833,-7.616381708705112,-86.11558968393808,0.20738657,-0.24268378,10.169702,4.724924,-17.49741,-0.26394802,9.3704605,-22.009829,64.30996,8.948032,6.5178003,6.6187334,-3.8888726,-9.081852,18.484066,64.62408,-20.710463,7.821221,-4.4832234,8.652664,-2.595533,-0.65205777,5.5348077,-7.7927513,0.89269763,9.738456,1.8697826,-11.869538,5.5380507,-8.47336,-1.5662639
516,7.793132544,-247.5800095,106.7912368774414,-0.008916104367478916,-7.563367480165153,-86.11316629321266,0.23927909,-0.2090534,10.157362,4.6741037,-17.609243,-0.3168945,9.321769,-22.042288,64.38158,8.754627,6.409521,6.6861987,-3.9419448,-9.113221,18.592695,64.65154,-20.693226,7.808705,-4.4637995,8.548076,-2.5997012,-0.6778652,5.537167,-7.744674,0.9117543,9.635095,1.8573881,-11.838631,5.5396767,-8.424297,-1.5566454
517,7.817688465,-247.5187912,106.79772186279297,-0.022356707280804317,-7.524506638425536,-86.10608141596155,0.27214584,-0.16974406,10.171521,4.616355,-17.736593,-0.41277865,9.290235,-22.032541,64.44378,8.718873,6.4085083,6.6180487,-4.0072985,-9.137855,18.64409,64.69275,-20.694399,7.7930226,-4.449473,8.454956,-2.6009243,-0.70603627,5.5406103,-7.6929655,0.9321982,9.543669,1.8492124,-11.81559,5.5427837,-8.37443,-1.5501745
518,7.848255157,-247.4502792,106.8036880493164,-0.03790263450168066,-7.492465261376909,-86.097223224953,0.30328465,-0.12351912,10.202904,4.559865,-17.877777,-0.542505,9.2682085,-22.004738,64.511444,8.793456,6.481553,6.480919,-4.090194,-9.15747,18.673685,64.75411,-20.703363,7.774195,-4.4406323,8.365354,-2.6041868,-0.73504597,5.543024,-7.635715,0.9590048,9.453081,1.8390683,-11.794398,5.549166,-8.320734,-1.540827
519,7.874889851,-247.3676987,106.8109359741211,-0.05019292905320176,-7.4634650214138025,-86.07882919818557,0.32187414,-0.08191042,10.24569,4.509625,-18.03522,-0.6867363,9.25518,-21.97484,64.589294,8.913866,6.585142,6.3312044,-4.182432,-9.171672,18.691202,64.82109,-20.718586,7.7629833,-4.4327483,8.267966,-2.609426,-0.77528787,5.5471163,-7.5687704,0.9846196,9.358398,1.8266685,-11.782415,5.556389,-8.261209,-1.5331557
520,7.907898664,-247.2838669,106.81769561767578,-0.05721158541830669,-7.436183563055202,-86.043713757322,0.31490096,-0.05532032,10.296823,4.469896,-18.208618,-0.81669974,9.248975,-21.957012,64.663956,9.013161,6.6865473,6.227418,-4.275641,-9.181529,18.707022,64.87814,-20.7429,7.7693567,-4.420923,8.171333,-2.6257372,-0.8319841,5.5482736,-7.497354,1.013571,9.267803,1.8035344,-11.789339,5.563725,-8.203325,-1.518734
521,7.907898664,-247.2838669,106.81769561767578,-0.05721158541830669,-7.436183563055202,-86.043713757322,0.31490096,-0.05532032,10.296823,4.469896,-18.208618,-0.81669974,9.248975,-21.957012,64.663956,9.013161,6.6865473,6.227418,-4.275641,-9.181529,18.707022,64.87814,-20.7429,7.7693567,-4.420923,8.171333,-2.6257372,-0.8319841,5.5482736,-7.497354,1.013571,9.267803,1.8035344,-11.789339,5.563725,-8.203325,-1.518734
522,7.907898664,-247.2838669,106.81769561767578,-0.05721158541830669,-7.436183563055202,-86.043713757322,0.31490096,-0.05532032,10.296823,4.469896,-18.208618,-0.81669974,9.248975,-21.957012,64.663956,9.013161,6.6865473,6.227418,-4.275641,-9.181529,18.707022,64.87814,-20.7429,7.7693567,-4.420923,8.171333,-2.6257372,-0.8319841,5.5482736,-7.497354,1.013571,9.267803,1.8035344,-11.789339,5.563725,-8.203325,-1.518734
523,7.907898664,-247.2838669,106.81769561767578,-0.05721158541830669,-7.436183563055202,-86.043713757322,0.31490096,-0.05532032,10.296823,4.469896,-18.208618,-0.81669974,9.248975,-21.957012,64.663956,9.013161,6.6865473,6.227418,-4.275641,-9.181529,18.707022,64.87814,-20.7429,7.7693567,-4.420923,8.171333,-2.6257372,-0.8319841,5.5482736,-7.497354,1.013571,9.267803,1.8035344,-11.789339,5.563725,-8.203325,-1.518734
524,7.907898664,-247.2838669,106.81769561767578,-0.05721158541830669,-7.436183563055202,-86.043713757322,0.31490096,-0.05532032,10.296823,4.469896,-18.208618,-0.81669974,9.248975,-21.957012,64.663956,9.013161,6.6865473,6.227418,-4.275641,-9.181529,18.707022,64.87814,-20.7429,7.7693567,-4.420923,8.171333,-2.6257372,-0.8319841,5.5482736,-7.497354,1.013571,9.267803,1.8035344,-11.789339,5.563725,-8.203325,-1.518734
525,7.907898664,-247.2838669,106.81769561767578,-0.05721158541830669,-7.436183563055202,-86.043713757322,0.31490096,-0.05532032,10.296823,4.469896,-18.208618,-0.81669974,9.248975,-21.957012,64.663956,9.013161,6.6865473,6.227418,-4.275641,-9.181529,18.707022,64.87814,-20.7429,7.7693567,-4.420923,8.171333,-2.6257372,-0.8319841,5.5482736,-7.497354,1.013571,9.267803,1.8035344,-11.789339,5.563725,-8.203325,-1.518734
526,7.907898664,-247.2838669,106.81769561767578,-0.05721158541830669,-7.436183563055202,-86.043713757322,0.31490096,-0.05532032,10.296823,4.469896,-18.208618,-0.81669974,9.248975,-21.957012,64.663956,9.013161,6.6865473,6.227418,-4.275641,-9.181529,18.707022,64.87814,-20.7429,7.7693567,-4.420923,8.171333,-2.6257372,-0.8319841,5.5482736,-7.497354,1.013571,9.267803,1.8035344,-11.789339,5.563725,-8.203325,-1.518734
527,7.907898664,-247.2838669,106.81769561767578,-0.05721158541830669,-7.436183563055202,-86.043713757322,0.31490096,-0.05532032,10.296823,4.469896,-18.208618,-0.81669974,9.248975,-21.957012,64.663956,9.013161,6.6865473,6.227418,-4.275641,-9.181529,18.707022,64.87814,-20.7429,7.7693567,-4.420923,8.171333,-2.6257372,-0.8319841,5.5482736,-7.497354,1.013571,9.267803,1.8035344,-11.789339,5.563725,-8.203325,-1.518734
528,7.907898664,-247.2838669,106.81769561767578,-0.05721158541830669,-7.436183563055202,-86.043713757322,0.31490096,-0.05532032,10.296823,4.469896,-18.208618,-0.81669974,9.248975,-21.957012,64.663956,9.013161,6.6865473,6.227418,-4.275641,-9.181529,18.707022,64.87814,-20.7429,7.7693567,-4.420923,8.171333,-2.6257372,-0.8319841,5.5482736,-7.497354,1.013571,9.267803,1.8035344,-11.789339,5.563725,-8.203325,-1.518734
529,7.907898664,-247.2838669,106.81769561767578,-0.05721158541830669,-7.436183563055202,-86.043713757322,0.31490096,-0.05532032,10.296823,4.469896,-18.208618,-0.81669974,9.248975,-21.957012,64.663956,9.013161,6.6865473,6.227418,-4.275641,-9.181529,18.707022,64.87814,-20.7429,7.7693567,-4.420923,8.171333,-2.6257372,-0.8319841,5.5482736,-7.497354,1.013571,9.267803,1.8035344,-11.789339,5.563725,-8.203325,-1.518734
530,7.907898664,-247.2838669,106.81769561767578,-0.05721158541830669,-7.436183563055202,-86.043713757322,0.31490096,-0.05532032,10.296823,4.469896,-18.208618,-0.81669974,9.248975,-21.957012,64.663956,9.013161,6.6865473,6.227418,-4.275641,-9.181529,18.707022,64.87814,-20.7429,7.7693567,-4.420923,8.171333,-2.6257372,-0.8319841,5.5482736,-7.497354,1.013571,9.267803,1.8035344,-11.789339,5.563725,-8.203325,-1.518734
531,7.907898664,-247.2838669,106.81769561767578,-0.05721158541830669,-7.436183563055202,-86.043713757322,0.31490096,-0.05532032,10.296823,4.469896,-18.208618,-0.81669974,9.248975,-21.957012,64.663956,9.013161,6.6865473,6.227418,-4.275641,-9.181529,18.707022,64.87814,-20.7429,7.7693567,-4.420923,8.171333,-2.6257372,-0.8319841,5.5482736,-7.497354,1.013571,9.267803,1.8035344,-11.789339,5.563725,-8.203325,-1.518734
532,7.907898664,-247.2838669,106.81769561767578,-0.05721158541830669,-7.436183563055202,-86.043713757322,0.31490096,-0.05532032,10.296823,4.469896,-18.208618,-0.81669974,9.248975,-21.957012,64.663956,9.013161,6.6865473,6.227418,-4.275641,-9.181529,18.707022,64.87814,-20.7429,7.7693567,-4.420923,8.171333,-2.6257372,-0.8319841,5.5482736,-7.497354,1.013571,9.267803,1.8035344,-11.789339,5.563725,-8.203325,-1.518734
533,7.907898664,-247.2838669,106.81769561767578,-0.05721158541830669,-7.436183563055202,-86.043713757322,0.31490096,-0.05532032,10.296823,4.469896,-18.208618,-0.81669974,9.248975,-21.957012,64.663956,9.013161,6.6865473,6.227418,-4.275641,-9.181529,18.707022,64.87814,-20.7429,7.7693567,-4.420923,8.171333,-2.6257372,-0.8319841,5.5482736,-7.497354,1.013571,9.267803,1.8035344,-11.789339,5.563725,-8.203325,-1.518734
534,7.907898664,-247.2838669,106.81769561767578,-0.05721158541830669,-7.436183563055202,-86.043713757322,0.31490096,-0.05532032,10.296823,4.469896,-18.208618,-0.81669974,9.248975,-21.957012,64.663956,9.013161,6.6865473,6.227418,-4.275641,-9.181529,18.707022,64.87814,-20.7429,7.7693567,-4.420923,8.171333,-2.6257372,-0.8319841,5.5482736,-7.497354,1.013571,9.267803,1.8035344,-11.789339,5.563725,-8.203325,-1.518734
535,7.907898664,-247.2838669,106.81769561767578,-0.05721158541830669,-7.436183563055202,-86.043713757322,0.31490096,-0.05532032,10.296823,4.469896,-18.208618,-0.81669974,9.248975,-21.957012,64.663956,9.013161,6.6865473,6.227418,-4.275641,-9.181529,18.707022,64.87814,-20.7429,7.7693567,-4.420923,8.171333,-2.6257372,-0.8319841,5.5482736,-7.497354,1.013571,9.267803,1.8035344,-11.789339,5.563725,-8.203325,-1.518734
536,7.907898664,-247.2838669,106.81769561767578,-0.05721158541830669,-7.436183563055202,-86.043713757322,0.31490096,-0.05532032,10.296823,4.469896,-18.208618,-0.81669974,9.248975,-21.957012,64.663956,9.013161,6.6865473,6.227418,-4.275641,-9.181529,18.707022,64.87814,-20.7429,7.7693567,-4.420923,8.171333,-2.6257372,-0.8319841,5.5482736,-7.497354,1.013571,9.267803,1.8035344,-11.789339,5.563725,-8.203325,-1.518734
537,7.907898664,-247.2838669,106.81769561767578,-0.05721158541830669,-7.436183563055202,-86.043713757322,0.31490096,-0.05532032,10.296823,4.469896,-18.208618,-0.81669974,9.248975,-21.957012,64.663956,9.013161,6.6865473,6.227418,-4.275641,-9.181529,18.707022,64.87814,-20.7429,7.7693567,-4.420923,8.171333,-2.6257372,-0.8319841,5.5482736,-7.497354,1.013571,9.267803,1.8035344,-11.789339,5.563725,-8.203325,-1.518734
538,7.907898664,-247.2838669,106.81769561767578,-0.05721158541830669,-7.436183563055202,-86.043713757322,0.31490096,-0.05532032,10.296823,4.469896,-18.208618,-0.81669974,9.248975,-21.957012,64.663956,9.013161,6.6865473,6.227418,-4.275641,-9.181529,18.707022,64.87814,-20.7429,7.7693567,-4.420923,8.171333,-2.6257372,-0.8319841,5.5482736,-7.497354,1.013571,9.267803,1.8035344,-11.789339,5.563725,-8.203325,-1.518734
539,7.907898664,-247.2838669,106.81769561767578,-0.05721158541830669,-7.436183563055202,-86.043713757322,0.31490096,-0.05532032,10.296823,4.469896,-18.208618,-0.81669974,9.248975,-21.957012,64.663956,9.013161,6.6865473,6.227418,-4.275641,-9.181529,18.707022,64.87814,-20.7429,7.7693567,-4.420923,8.171333,-2.6257372,-0.8319841,5.5482736,-7.497354,1.013571,9.267803,1.8035344,-11.789339,5.563725,-8.203325,-1.518734
540,7.907898664,-247.2838669,106.81769561767578,-0.05721158541830669,-7.436183563055202,-86.043713757322,0.31490096,-0.05532032,10.296823,4.469896,-18.208618,-0.81669974,9.248975,-21.957012,64.663956,9.013161,6.6865473,6.227418,-4.275641,-9.181529,18.707022,64.87814,-20.7429,7.7693567,-4.420923,8.171333,-2.6257372,-0.8319841,5.5482736,-7.497354,1.013571,9.267803,1.8035344,-11.789339,5.563725,-8.203325,-1.518734
541,7.907898664,-247.2838669,106.81769561767578,-0.05721158541830669,-7.436183563055202,-86.043713757322,0.31490096,-0.05532032,10.296823,4.469896,-18.208618,-0.81669974,9.248975,-21.957012,64.663956,9.013161,6.6865473,6.227418,-4.275641,-9.181529,18.707022,64.87814,-20.7429,7.7693567,-4.420923,8.171333,-2.6257372,-0.8319841,5.5482736,-7.497354,1.013571,9.267803,1.8035344,-11.789339,5.563725,-8.203325,-1.518734
542,7.907898664,-247.2838669,106.81769561767578,-0.05721158541830669,-7.436183563055202,-86.043713757322,0.31490096,-0.05532032,10.296823,4.469896,-18.208618,-0.81669974,9.248975,-21.957012,64.663956,9.013161,6.6865473,6.227418,-4.275641,-9.181529,18.707022,64.87814,-20.7429,7.7693567,-4.420923,8.171333,-2.6257372,-0.8319841,5.5482736,-7.497354,1.013571,9.267803,1.8035344,-11.789339,5.563725,-8.203325,-1.518734
543,7.907898664,-247.2838669,106.81769561767578,-0.05721158541830669,-7.436183563055202,-86.043713757322,0.31490096,-0.05532032,10.296823,4.469896,-18.208618,-0.81669974,9.248975,-21.957012,64.663956,9.013161,6.6865473,6.227418,-4.275641,-9.181529,18.707022,64.87814,-20.7429,7.7693567,-4.420923,8.171333,-2.6257372,-0.8319841,5.5482736,-7.497354,1.013571,9.267803,1.8035344,-11.789339,5.563725,-8.203325,-1.518734
544,7.907898664,-247.2838669,106.81769561767578,-0.05721158541830669,-7.436183563055202,-86.043713757322,0.31490096,-0.05532032,10.296823,4.469896,-18.208618,-0.81669974,9.248975,-21.957012,64.663956,9.013161,6.6865473,6.227418,-4.275641,-9.181529,18.707022,64.87814,-20.7429,7.7693567,-4.420923,8.171333,-2.6257372,-0.8319841,5.5482736,-7.497354,1.013571,9.267803,1.8035344,-11.789339,5.563725,-8.203325,-1.518734
545,7.907898664,-247.2838669,106.81769561767578,-0.05721158541830669,-7.436183563055202,-86.043713757322,0.31490096,-0.05532032,10.296823,4.469896,-18.208618,-0.81669974,9.248975,-21.957012,64.663956,9.013161,6.6865473,6.227418,-4.275641,-9.181529,18.707022,64.87814,-20.7429,7.7693567,-4.420923,8.171333,-2.6257372,-0.8319841,5.5482736,-7.497354,1.013571,9.267803,1.8035344,-11.789339,5.563725,-8.203325,-1.518734
546,7.907898664,-247.2838669,106.81769561767578,-0.05721158541830669,-7.436183563055202,-86.043713757322,0.31490096,-0.05532032,10.296823,4.469896,-18.208618,-0.81669974,9.248975,-21.957012,64.663956,9.013161,6.6865473,6.227418,-4.275641,-9.181529,18.707022,64.87814,-20.7429,7.7693567,-4.420923,8.171333,-2.6257372,-0.8319841,5.5482736,-7.497354,1.013571,9.267803,1.8035344,-11.789339,5.563725,-8.203325,-1.518734
547,7.907898664,-247.2838669,106.81769561767578,-0.05721158541830669,-7.436183563055202,-86.043713757322,0.31490096,-0.05532032,10.296823,4.469896,-18.208618,-0.81669974,9.248975,-21.957012,64.663956,9.013161,6.6865473,6.227418,-4.275641,-9.181529,18.707022,64.87814,-20.7429,7.7693567,-4.420923,8.171333,-2.6257372,-0.8319841,5.5482736,-7.497354,1.013571,9.267803,1.8035344,-11.789339,5.563725,-8.203325,-1.518734
548,7.907898664,-247.2838669,106.81769561767578,-0.05721158541830669,-7.436183563055202,-86.043713757322,0.31490096,-0.05532032,10.296823,4.469896,-18.208618,-0.81669974,9.248975,-21.957012,64.663956,9.013161,6.6865473,6.227418,-4.275641,-9.181529,18.707022,64.87814,-20.7429,7.7693567,-4.420923,8.171333,-2.6257372,-0.8319841,5.5482736,-7.497354,1.013571,9.267803,1.8035344,-11.789339,5.563725,-8.203325,-1.518734
549,7.907898664,-247.2838669,106.81769561767578,-0.05721158541830669,-7.436183563055202,-86.043713757322,0.31490096,-0.05532032,10.296823,4.469896,-18.208618,-0.81669974,9.248975,-21.957012,64.663956,9.013161,6.6865473,6.227418,-4.275641,-9.181529,18.707022,64.87814,-20.7429,7.7693567,-4.420923,8.171333,-2.6257372,-0.8319841,5.5482736,-7.497354,1.013571,9.267803,1.8035344,-11.789339,5.563725,-8.203325,-1.518734
550,7.907898664,-247.2838669,106.81769561767578,-0.05721158541830669,-7.436183563055202,-86.043713757322,0.31490096,-0.05532032,10.296823,4.469896,-18.208618,-0.81669974,9.248975,-21.957012,64.663956,9.013161,6.6865473,6.227418,-4.275641,-9.181529,18.707022,64.87814,-20.7429,7.7693567,-4.420923,8.171333,-2.6257372,-0.8319841,5.5482736,-7.497354,1.013571,9.267803,1.8035344,-11.789339,5.563725,-8.203325,-1.518734
551,7.907898664,-247.2838669,106.81769561767578,-0.05721158541830669,-7.436183563055202,-86.043713757322,0.31490096,-0.05532032,10.296823,4.469896,-18.208618,-0.81669974,9.248975,-21.957012,64.663956,9.013161,6.6865473,6.227418,-4.275641,-9.181529,18.707022,64.87814,-20.7429,7.7693567,-4.420923,8.171333,-2.6257372,-0.8319841,5.5482736,-7.497354,1.013571,9.267803,1.8035344,-11.789339,5.563725,-8.203325,-1.518734
552,7.907898664,-247.2838669,106.81769561767578,-0.05721158541830669,-7.436183563055202,-86.043713757322,0.31490096,-0.05532032,10.296823,4.469896,-18.208618,-0.81669974,9.248975,-21.957012,64.663956,9.013161,6.6865473,6.227418,-4.275641,-9.181529,18.707022,64.87814,-20.7429,7.7693567,-4.420923,8.171333,-2.6257372,-0.8319841,5.5482736,-7.497354,1.013571,9.267803,1.8035344,-11.789339,5.563725,-8.203325,-1.518734
553,7.907898664,-247.2838669,106.81769561767578,-0.05721158541830669,-7.436183563055202,-86.043713757322,0.31490096,-0.05532032,10.296823,4.469896,-18.208618,-0.81669974,9.248975,-21.957012,64.663956,9.013161,6.6865473,6.227418,-4.275641,-9.181529,18.707022,64.87814,-20.7429,7.7693567,-4.420923,8.171333,-2.6257372,-0.8319841,5.5482736,-7.497354,1.013571,9.267803,1.8035344,-11.789339,5.563725,-8.203325,-1.518734
554,7.907898664,-247.2838669,106.81769561767578,-0.05721158541830669,-7.436183563055202,-86.043713757322,0.31490096,-0.05532032,10.296823,4.469896,-18.208618,-0.81669974,9.248975,-21.957012,64.663956,9.013161,6.6865473,6.227418,-4.275641,-9.181529,18.707022,64.87814,-20.7429,7.7693567,-4.420923,8.171333,-2.6257372,-0.8319841,5.5482736,-7.497354,1.013571,9.267803,1.8035344,-11.789339,5.563725,-8.203325,-1.518734
555,7.907898664,-247.2838669,106.81769561767578,-0.05721158541830669,-7.436183563055202,-86.043713757322,0.31490096,-0.05532032,10.296823,4.469896,-18.208618,-0.81669974,9.248975,-21.957012,64.663956,9.013161,6.6865473,6.227418,-4.275641,-9.181529,18.707022,64.87814,-20.7429,7.7693567,-4.420923,8.171333,-2.6257372,-0.8319841,5.5482736,-7.497354,1.013571,9.267803,1.8035344,-11.789339,5.563725,-8.203325,-1.518734
556,7.907898664,-247.2838669,106.81769561767578,-0.05721158541830669,-7.436183563055202,-86.043713757322,0.31490096,-0.05532032,10.296823,4.469896,-18.208618,-0.81669974,9.248975,-21.957012,64.663956,9.013161,6.6865473,6.227418,-4.275641,-9.181529,18.707022,64.87814,-20.7429,7.7693567,-4.420923,8.171333,-2.6257372,-0.8319841,5.5482736,-7.497354,1.013571,9.267803,1.8035344,-11.789339,5.563725,-8.203325,-1.518734
557,7.907898664,-247.2838669,106.81769561767578,-0.05721158541830669,-7.436183563055202,-86.043713757322,0.31490096,-0.05532032,10.296823,4.469896,-18.208618,-0.81669974,9.248975,-21.957012,64.663956,9.013161,6.6865473,6.227418,-4.275641,-9.181529,18.707022,64.87814,-20.7429,7.7693567,-4.420923,8.171333,-2.6257372,-0.8319841,5.5482736,-7.497354,1.013571,9.267803,1.8035344,-11.789339,5.563725,-8.203325,-1.518734
558,7.907898664,-247.2838669,106.81769561767578,-0.05721158541830669,-7.436183563055202,-86.043713757322,0.31490096,-0.05532032,10.296823,4.469896,-18.208618,-0.81669974,9.248975,-21.957012,64.663956,9.013161,6.6865473,6.227418,-4.275641,-9.181529,18.707022,64.87814,-20.7429,7.7693567,-4.420923,8.171333,-2.6257372,-0.8319841,5.5482736,-7.497354,1.013571,9.267803,1.8035344,-11.789339,5.563725,-8.203325,-1.518734
559,7.907898664,-247.2838669,106.81769561767578,-0.05721158541830669,-7.436183563055202,-86.043713757322,0.31490096,-0.05532032,10.296823,4.469896,-18.208618,-0.81669974,9.248975,-21.957012,64.663956,9.013161,6.6865473,6.227418,-4.275641,-9.181529,18.707022,64.87814,-20.7429,7.7693567,-4.420923,8.171333,-2.6257372,-0.8319841,5.5482736,-7.497354,1.013571,9.267803,1.8035344,-11.789339,5.563725,-8.203325,-1.518734
560,7.907898664,-247.2838669,106.81769561767578,-0.05721158541830669,-7.436183563055202,-86.043713757322,0.31490096,-0.05532032,10.296823,4.469896,-18.208618,-0.81669974,9.248975,-21.957012,64.663956,9.013161,6.6865473,6.227418,-4.275641,-9.181529,18.707022,64.87814,-20.7429,7.7693567,-4.420923,8.171333,-2.6257372,-0.8319841,5.5482736,-7.497354,1.013571,9.267803,1.8035344,-11.789339,5.563725,-8.203325,-1.518734
561,7.907898664,-247.2838669,106.81769561767578,-0.05721158541830669,-7.436183563055202,-86.043713757322,0.31490096,-0.05532032,10.296823,4.469896,-18.208618,-0.81669974,9.248975,-21.957012,64.663956,9.013161,6.6865473,6.227418,-4.275641,-9.181529,18.707022,64.87814,-20.7429,7.7693567,-4.420923,8.171333,-2.6257372,-0.8319841,5.5482736,-7.497354,1.013571,9.267803,1.8035344,-11.789339,5.563725,-8.203325,-1.518734
562,7.907898664,-247.2838669,106.81769561767578,-0.05721158541830669,-7.436183563055202,-86.043713757322,0.31490096,-0.05532032,10.296823,4.469896,-18.208618,-0.81669974,9.248975,-21.957012,64.663956,9.013161,6.6865473,6.227418,-4.275641,-9.181529,18.707022,64.87814,-20.7429,7.7693567,-4.420923,8.171333,-2.6257372,-0.8319841,5.5482736,-7.497354,1.013571,9.267803,1.8035344,-11.789339,5.563725,-8.203325,-1.518734
563,7.907898664,-247.2838669,106.81769561767578,-0.05721158541830669,-7.436183563055202,-86.043713757322,0.31490096,-0.05532032,10.296823,4.469896,-18.208618,-0.81669974,9.248975,-21.957012,64.663956,9.013161,6.6865473,6.227418,-4.275641,-9.181529,18.707022,64.87814,-20.7429,7.7693567,-4.420923,8.171333,-2.6257372,-0.8319841,5.5482736,-7.497354,1.013571,9.267803,1.8035344,-11.789339,5.563725,-8.203325,-1.518734
564,7.907898664,-247.2838669,106.81769561767578,-0.05721158541830669,-7.436183563055202,-86.043713757322,0.31490096,-0.05532032,10.296823,4.469896,-18.208618,-0.81669974,9.248975,-21.957012,64.663956,9.013161,6.6865473,6.227418,-4.275641,-9.181529,18.707022,64.87814,-20.7429,7.7693567,-4.420923,8.171333,-2.6257372,-0.8319841,5.5482736,-7.497354,1.013571,9.267803,1.8035344,-11.789339,5.563725,-8.203325,-1.518734
565,7.907898664,-247.2838669,106.81769561767578,-0.05721158541830669,-7.436183563055202,-86.043713757322,0.31490096,-0.05532032,10.296823,4.469896,-18.208618,-0.81669974,9.248975,-21.957012,64.663956,9.013161,6.6865473,6.227418,-4.275641,-9.181529,18.707022,64.87814,-20.7429,7.7693567,-4.420923,8.171333,-2.6257372,-0.8319841,5.5482736,-7.497354,1.013571,9.267803,1.8035344,-11.789339,5.563725,-8.203325,-1.518734
566,7.907898664,-247.2838669,106.81769561767578,-0.05721158541830669,-7.436183563055202,-86.043713757322,0.31490096,-0.05532032,10.296823,4.469896,-18.208618,-0.81669974,9.248975,-21.957012,64.663956,9.013161,6.6865473,6.227418,-4.275641,-9.181529,18.707022,64.87814,-20.7429,7.7693567,-4.420923,8.171333,-2.6257372,-0.8319841,5.5482736,-7.497354,1.013571,9.267803,1.8035344,-11.789339,5.563725,-8.203325,-1.518734
567,7.907898664,-247.2838669,106.81769561767578,-0.05721158541830669,-7.436183563055202,-86.043713757322,0.31490096,-0.05532032,10.296823,4.469896,-18.208618,-0.81669974,9.248975,-21.957012,64.663956,9.013161,6.6865473,6.227418,-4.275641,-9.181529,18.707022,64.87814,-20.7429,7.7693567,-4.420923,8.171333,-2.6257372,-0.8319841,5.5482736,-7.497354,1.013571,9.267803,1.8035344,-11.789339,5.563725,-8.203325,-1.518734
568,7.907898664,-247.2838669,106.81769561767578,-0.05721158541830669,-7.436183563055202,-86.043713757322,0.31490096,-0.05532032,10.296823,4.469896,-18.208618,-0.81669974,9.248975,-21.957012,64.663956,9.013161,6.6865473,6.227418,-4.275641,-9.181529,18.707022,64.87814,-20.7429,7.7693567,-4.420923,8.171333,-2.6257372,-0.8319841,5.5482736,-7.497354,1.013571,9.267803,1.8035344,-11.789339,5.563725,-8.203325,-1.518734
569,7.907898664,-247.2838669,106.81769561767578,-0.05721158541830669,-7.436183563055202,-86.043713757322,0.31490096,-0.05532032,10.296823,4.469896,-18.208618,-0.81669974,9.248975,-21.957012,64.663956,9.013161,6.6865473,6.227418,-4.275641,-9.181529,18.707022,64.87814,-20.7429,7.7693567,-4.420923,8.171333,-2.6257372,-0.8319841,5.5482736,-7.497354,1.013571,9.267803,1.8035344,-11.789339,5.563725,-8.203325,-1.518734
570,7.907898664,-247.2838669,106.81769561767578,-0.05721158541830669,-7.436183563055202,-86.043713757322,0.31490096,-0.05532032,10.296823,4.469896,-18.208618,-0.81669974,9.248975,-21.957012,64.663956,9.013161,6.6865473,6.227418,-4.275641,-9.181529,18.707022,64.87814,-20.7429,7.7693567,-4.420923,8.171333,-2.6257372,-0.8319841,5.5482736,-7.497354,1.013571,9.267803,1.8035344,-11.789339,5.563725,-8.203325,-1.518734
571,7.907898664,-247.2838669,106.81769561767578,-0.05721158541830669,-7.436183563055202,-86.043713757322,0.31490096,-0.05532032,10.296823,4.469896,-18.208618,-0.81669974,9.248975,-21.957012,64.663956,9.013161,6.6865473,6.227418,-4.275641,-9.181529,18.707022,64.87814,-20.7429,7.7693567,-4.420923,8.171333,-2.6257372,-0.8319841,5.5482736,-7.497354,1.013571,9.267803,1.8035344,-11.789339,5.563725,-8.203325,-1.518734
572,7.907898664,-247.2838669,106.81769561767578,-0.05721158541830669,-7.436183563055202,-86.043713757322,0.31490096,-0.05532032,10.296823,4.469896,-18.208618,-0.81669974,9.248975,-21.957012,64.663956,9.013161,6.6865473,6.227418,-4.275641,-9.181529,18.707022,64.87814,-20.7429,7.7693567,-4.420923,8.171333,-2.6257372,-0.8319841,5.5482736,-7.497354,1.013571,9.267803,1.8035344,-11.789339,5.563725,-8.203325,-1.518734
573,7.907898664,-247.2838669,106.81769561767578,-0.05721158541830669,-7.436183563055202,-86.043713757322,0.31490096,-0.05532032,10.296823,4.469896,-18.208618,-0.81669974,9.248975,-21.957012,64.663956,9.013161,6.6865473,6.227418,-4.275641,-9.181529,18.707022,64.87814,-20.7429,7.7693567,-4.420923,8.171333,-2.6257372,-0.8319841,5.5482736,-7.497354,1.013571,9.267803,1.8035344,-11.789339,5.563725,-8.203325,-1.518734
574,7.907898664,-247.2838669,106.81769561767578,-0.05721158541830669,-7.436183563055202,-86.043713757322,0.31490096,-0.05532032,10.296823,4.469896,-18.208618,-0.81669974,9.248975,-21.957012,64.663956,9.013161,6.6865473,6.227418,-4.275641,-9.181529,18.707022,64.87814,-20.7429,7.7693567,-4.420923,8.171333,-2.6257372,-0.8319841,5.5482736,-7.497354,1.013571,9.267803,1.8035344,-11.789339,5.563725,-8.203325,-1.518734
575,7.907898664,-247.2838669,106.81769561767578,-0.05721158541830669,-7.436183563055202,-86.043713757322,0.31490096,-0.05532032,10.296823,4.469896,-18.208618,-0.81669974,9.248975,-21.957012,64.663956,9.013161,6.6865473,6.227418,-4.275641,-9.181529,18.707022,64.87814,-20.7429,7.7693567,-4.420923,8.171333,-2.6257372,-0.8319841,5.5482736,-7.497354,1.013571,9.267803,1.8035344,-11.789339,5.563725,-8.203325,-1.518734
576,7.907898664,-247.2838669,106.81769561767578,-0.05721158541830669,-7.436183563055202,-86.043713757322,0.31490096,-0.05532032,10.296823,4.469896,-18.208618,-0.81669974,9.248975,-21.957012,64.663956,9.013161,6.6865473,6.227418,-4.275641,-9.181529,18.707022,64.87814,-20.7429,7.7693567,-4.420923,8.171333,-2.6257372,-0.8319841,5.5482736,-7.497354,1.013571,9.267803,1.8035344,-11.789339,5.563725,-8.203325,-1.518734
577,7.907898664,-247.2838669,106.81769561767578,-0.05721158541830669,-7.436183563055202,-86.043713757322,0.31490096,-0.05532032,10.296823,4.469896,-18.208618,-0.81669974,9.248975,-21.957012,64.663956,9.013161,6.6865473,6.227418,-4.275641,-9.181529,18.707022,64.87814,-20.7429,7.7693567,-4.420923,8.171333,-2.6257372,-0.8319841,5.5482736,-7.497354,1.013571,9.267803,1.8035344,-11.789339,5.563725,-8.203325,-1.518734
578,7.907898664,-247.2838669,106.81769561767578,-0.05721158541830669,-7.436183563055202,-86.043713757322,0.31490096,-0.05532032,10.296823,4.469896,-18.208618,-0.81669974,9.248975,-21.957012,64.663956,9.013161,6.6865473,6.227418,-4.275641,-9.181529,18.707022,64.87814,-20.7429,7.7693567,-4.420923,8.171333,-2.6257372,-0.8319841,5.5482736,-7.497354,1.013571,9.267803,1.8035344,-11.789339,5.563725,-8.203325,-1.518734
579,7.907898664,-247.2838669,106.81769561767578,-0.05721158541830669,-7.436183563055202,-86.043713757322,0.31490096,-0.05532032,10.296823,4.469896,-18.208618,-0.81669974,9.248975,-21.957012,64.663956,9.013161,6.6865473,6.227418,-4.275641,-9.181529,18.707022,64.87814,-20.7429,7.7693567,-4.420923,8.171333,-2.6257372,-0.8319841,5.5482736,-7.497354,1.013571,9.267803,1.8035344,-11.789339,5.563725,-8.203325,-1.518734
580,7.907898664,-247.2838669,106.81769561767578,-0.05721158541830669,-7.436183563055202,-86.043713757322,0.31490096,-0.05532032,10.296823,4.469896,-18.208618,-0.81669974,9.248975,-21.957012,64.663956,9.013161,6.6865473,6.227418,-4.275641,-9.181529,18.707022,64.87814,-20.7429,7.7693567,-4.420923,8.171333,-2.6257372,-0.8319841,5.5482736,-7.497354,1.013571,9.267803,1.8035344,-11.789339,5.563725,-8.203325,-1.518734
581,7.907898664,-247.2838669,106.81769561767578,-0.05721158541830669,-7.436183563055202,-86.043713757322,0.31490096,-0.05532032,10.296823,4.469896,-18.208618,-0.81669974,9.248975,-21.957012,64.663956,9.013161,6.6865473,6.227418,-4.275641,-9.181529,18.707022,64.87814,-20.7429,7.7693567,-4.420923,8.171333,-2.6257372,-0.8319841,5.5482736,-7.497354,1.013571,9.267803,1.8035344,-11.789339,5.563725,-8.203325,-1.518734
582,7.907898664,-247.2838669,106.81769561767578,-0.05721158541830669,-7.436183563055202,-86.043713757322,0.31490096,-0.05532032,10.296823,4.469896,-18.208618,-0.81669974,9.248975,-21.957012,64.663956,9.013161,6.6865473,6.227418,-4.275641,-9.181529,18.707022,64.87814,-20.7429,7.7693567,-4.420923,8.171333,-2.6257372,-0.8319841,5.5482736,-7.497354,1.013571,9.267803,1.8035344,-11.789339,5.563725,-8.203325,-1.518734
583,7.907898664,-247.2838669,106.81769561767578,-0.05721158541830669,-7.436183563055202,-86.043713757322,0.31490096,-0.05532032,10.296823,4.469896,-18.208618,-0.81669974,9.248975,-21.957012,64.663956,9.013161,6.6865473,6.227418,-4.275641,-9.181529,18.707022,64.87814,-20.7429,7.7693567,-4.420923,8.171333,-2.6257372,-0.8319841,5.5482736,-7.497354,1.013571,9.267803,1.8035344,-11.789339,5.563725,-8.203325,-1.518734
584,7.907898664,-247.2838669,106.81769561767578,-0.05721158541830669,-7.436183563055202,-86.043713757322,0.31490096,-0.05532032,10.296823,4.469896,-18.208618,-0.81669974,9.248975,-21.957012,64.663956,9.013161,6.6865473,6.227418,-4.275641,-9.181529,18.707022,64.87814,-20.7429,7.7693567,-4.420923,8.171333,-2.6257372,-0.8319841,5.5482736,-7.497354,1.013571,9.267803,1.8035344,-11.789339,5.563725,-8.203325,-1.518734
585,7.907898664,-247.2838669,106.81769561767578,-0.05721158541830669,-7.436183563055202,-86.043713757322,0.31490096,-0.05532032,10.296823,4.469896,-18.208618,-0.81669974,9.248975,-21.957012,64.663956,9.013161,6.6865473,6.227418,-4.275641,-9.181529,18.707022,64.87814,-20.7429,7.7693567,-4.420923,8.171333,-2.6257372,-0.8319841,5.5482736,-7.497354,1.013571,9.267803,1.8035344,-11.789339,5.563725,-8.203325,-1.518734
586,7.907898664,-247.2838669,106.81769561767578,-0.05721158541830669,-7.436183563055202,-86.043713757322,0.31490096,-0.05532032,10.296823,4.469896,-18.208618,-0.81669974,9.248975,-21.957012,64.663956,9.013161,6.6865473,6.227418,-4.275641,-9.181529,18.707022,64.87814,-20.7429,7.7693567,-4.420923,8.171333,-2.6257372,-0.8319841,5.5482736,-7.497354,1.013571,9.267803,1.8035344,-11.789339,5.563725,-8.203325,-1.518734
587,7.907898664,-247.2838669,106.81769561767578,-0.05721158541830669,-7.436183563055202,-86.043713757322,0.31490096,-0.05532032,10.296823,4.469896,-18.208618,-0.81669974,9.248975,-21.957012,64.663956,9.013161,6.6865473,6.227418,-4.275641,-9.181529,18.707022,64.87814,-20.7429,7.7693567,-4.420923,8.171333,-2.6257372,-0.8319841,5.5482736,-7.497354,1.013571,9.267803,1.8035344,-11.789339,5.563725,-8.203325,-1.518734
588,7.907898664,-247.2838669,106.81769561767578,-0.05721158541830669,-7.436183563055202,-86.043713757322,0.31490096,-0.05532032,10.296823,4.469896,-18.208618,-0.81669974,9.248975,-21.957012,64.663956,9.013161,6.6865473,6.227418,-4.275641,-9.181529,18.707022,64.87814,-20.7429,7.7693567,-4.420923,8.171333,-2.6257372,-0.8319841,5.5482736,-7.497354,1.013571,9.267803,1.8035344,-11.789339,5.563725,-8.203325,-1.518734
589,7.907898664,-247.2838669,106.81769561767578,-0.05721158541830669,-7.436183563055202,-86.043713757322,0.31490096,-0.05532032,10.296823,4.469896,-18.208618,-0.81669974,9.248975,-21.957012,64.663956,9.013161,6.6865473,6.227418,-4.275641,-9.181529,18.707022,64.87814,-20.7429,7.7693567,-4.420923,8.171333,-2.6257372,-0.8319841,5.5482736,-7.497354,1.013571,9.267803,1.8035344,-11.789339,5.563725,-8.203325,-1.518734
590,7.907898664,-247.2838669,106.81769561767578,-0.05721158541830669,-7.436183563055202,-86.043713757322,0.31490096,-0.05532032,10.296823,4.469896,-18.208618,-0.81669974,9.248975,-21.957012,64.663956,9.013161,6.6865473,6.227418,-4.275641,-9.181529,18.707022,64.87814,-20.7429,7.7693567,-4.420923,8.171333,-2.6257372,-0.8319841,5.5482736,-7.497354,1.013571,9.267803,1.8035344,-11.789339,5.563725,-8.203325,-1.518734
591,7.907898664,-247.2838669,106.81769561767578,-0.05721158541830669,-7.436183563055202,-86.043713757322,0.31490096,-0.05532032,10.296823,4.469896,-18.208618,-0.81669974,9.248975,-21.957012,64.663956,9.013161,6.6865473,6.227418,-4.275641,-9.181529,18.707022,64.87814,-20.7429,7.7693567,-4.420923,8.171333,-2.6257372,-0.8319841,5.5482736,-7.497354,1.013571,9.267803,1.8035344,-11.789339,5.563725,-8.203325,-1.518734
592,7.907898664,-247.2838669,106.81769561767578,-0.05721158541830669,-7.436183563055202,-86.043713757322,0.31490096,-0.05532032,10.296823,4.469896,-18.208618,-0.81669974,9.248975,-21.957012,64.663956,9.013161,6.6865473,6.227418,-4.275641,-9.181529,18.707022,64.87814,-20.7429,7.7693567,-4.420923,8.171333,-2.6257372,-0.8319841,5.5482736,-7.497354,1.013571,9.267803,1.8035344,-11.789339,5.563725,-8.203325,-1.518734
593,7.907898664,-247.2838669,106.81769561767578,-0.05721158541830669,-7.436183563055202,-86.043713757322,0.31490096,-0.05532032,10.296823,4.469896,-18.208618,-0.81669974,9.248975,-21.957012,64.663956,9.013161,6.6865473,6.227418,-4.275641,-9.181529,18.707022,64.87814,-20.7429,7.7693567,-4.420923,8.171333,-2.6257372,-0.8319841,5.5482736,-7.497354,1.013571,9.267803,1.8035344,-11.789339,5.563725,-8.203325,-1.518734
594,7.907898664,-247.2838669,106.81769561767578,-0.05721158541830669,-7.436183563055202,-86.043713757322,0.31490096,-0.05532032,10.296823,4.469896,-18.208618,-0.81669974,9.248975,-21.957012,64.663956,9.013161,6.6865473,6.227418,-4.275641,-9.181529,18.707022,64.87814,-20.7429,7.7693567,-4.420923,8.171333,-2.6257372,-0.8319841,5.5482736,-7.497354,1.013571,9.267803,1.8035344,-11.789339,5.563725,-8.203325,-1.518734
595,7.907898664,-247.2838669,106.81769561767578,-0.05721158541830669,-7.436183563055202,-86.043713757322,0.31490096,-0.05532032,10.296823,4.469896,-18.208618,-0.81669974,9.248975,-21.957012,64.663956,9.013161,6.6865473,6.227418,-4.275641,-9.181529,18.707022,64.87814,-20.7429,7.7693567,-4.420923,8.171333,-2.6257372,-0.8319841,5.5482736,-7.497354,1.013571,9.267803,1.8035344,-11.789339,5.563725,-8.203325,-1.518734
596,7.907898664,-247.2838669,106.81769561767578,-0.05721158541830669,-7.436183563055202,-86.043713757322,0.31490096,-0.05532032,10.296823,4.469896,-18.208618,-0.81669974,9.248975,-21.957012,64.663956,9.013161,6.6865473,6.227418,-4.275641,-9.181529,18.707022,64.87814,-20.7429,7.7693567,-4.420923,8.171333,-2.6257372,-0.8319841,5.5482736,-7.497354,1.013571,9.267803,1.8035344,-11.789339,5.563725,-8.203325,-1.518734
597,7.907898664,-247.2838669,106.81769561767578,-0.05721158541830669,-7.436183563055202,-86.043713757322,0.31490096,-0.05532032,10.296823,4.469896,-18.208618,-0.81669974,9.248975,-21.957012,64.663956,9.013161,6.6865473,6.227418,-4.275641,-9.181529,18.707022,64.87814,-20.7429,7.7693567,-4.420923,8.171333,-2.6257372,-0.8319841,5.5482736,-7.497354,1.013571,9.267803,1.8035344,-11.789339,5.563725,-8.203325,-1.518734
598,7.907898664,-247.2838669,106.81769561767578,-0.05721158541830669,-7.436183563055202,-86.043713757322,0.31490096,-0.05532032,10.296823,4.469896,-18.208618,-0.81669974,9.248975,-21.957012,64.663956,9.013161,6.6865473,6.227418,-4.275641,-9.181529,18.707022,64.87814,-20.7429,7.7693567,-4.420923,8.171333,-2.6257372,-0.8319841,5.5482736,-7.497354,1.013571,9.267803,1.8035344,-11.789339,5.563725,-8.203325,-1.518734
599,7.907898664,-247.2838669,106.81769561767578,-0.05721158541830669,-7.436183563055202,-86.043713757322,0.31490096,-0.05532032,10.296823,4.469896,-18.208618,-0.81669974,9.248975,-21.957012,64.663956,9.013161,6.6865473,6.227418,-4.275641,-9.181529,18.707022,64.87814,-20.7429,7.7693567,-4.420923,8.171333,-2.6257372,-0.8319841,5.5482736,-7.497354,1.013571,9.267803,1.8035344,-11.789339,5.563725,-8.203325,-1.518734
600,7.907898664,-247.2838669,106.81769561767578,-0.05721158541830669,-7.436183563055202,-86.043713757322,0.31490096,-0.05532032,10.296823,4.469896,-18.208618,-0.81669974,9.248975,-21.957012,64.663956,9.013161,6.6865473,6.227418,-4.275641,-9.181529,18.707022,64.87814,-20.7429,7.7693567,-4.420923,8.171333,-2.6257372,-0.8319841,5.5482736,-7.497354,1.013571,9.267803,1.8035344,-11.789339,5.563725,-8.203325,-1.518734
601,7.907898664,-247.2838669,106.81769561767578,-0.05721158541830669,-7.436183563055202,-86.043713757322,0.31490096,-0.05532032,10.296823,4.469896,-18.208618,-0.81669974,9.248975,-21.957012,64.663956,9.013161,6.6865473,6.227418,-4.275641,-9.181529,18.707022,64.87814,-20.7429,7.7693567,-4.420923,8.171333,-2.6257372,-0.8319841,5.5482736,-7.497354,1.013571,9.267803,1.8035344,-11.789339,5.563725,-8.203325,-1.518734
602,7.907898664,-247.2838669,106.81769561767578,-0.05721158541830669,-7.436183563055202,-86.043713757322,0.31490096,-0.05532032,10.296823,4.469896,-18.208618,-0.81669974,9.248975,-21.957012,64.663956,9.013161,6.6865473,6.227418,-4.275641,-9.181529,18.707022,64.87814,-20.7429,7.7693567,-4.420923,8.171333,-2.6257372,-0.8319841,5.5482736,-7.497354,1.013571,9.267803,1.8035344,-11.789339,5.563725,-8.203325,-1.518734
603,7.907898664,-247.2838669,106.81769561767578,-0.05721158541830669,-7.436183563055202,-86.043713757322,0.31490096,-0.05532032,10.296823,4.469896,-18.208618,-0.81669974,9.248975,-21.957012,64.663956,9.013161,6.6865473,6.227418,-4.275641,-9.181529,18.707022,64.87814,-20.7429,7.7693567,-4.420923,8.171333,-2.6257372,-0.8319841,5.5482736,-7.497354,1.013571,9.267803,1.8035344,-11.789339,5.563725,-8.203325,-1.518734
604,7.907898664,-247.2838669,106.81769561767578,-0.05721158541830669,-7.436183563055202,-86.043713757322,0.31490096,-0.05532032,10.296823,4.469896,-18.208618,-0.81669974,9.248975,-21.957012,64.663956,9.013161,6.6865473,6.227418,-4.275641,-9.181529,18.707022,64.87814,-20.7429,7.7693567,-4.420923,8.171333,-2.6257372,-0.8319841,5.5482736,-7.497354,1.013571,9.267803,1.8035344,-11.789339,5.563725,-8.203325,-1.518734
605,7.907898664,-247.2838669,106.81769561767578,-0.05721158541830669,-7.436183563055202,-86.043713757322,0.31490096,-0.05532032,10.296823,4.469896,-18.208618,-0.81669974,9.248975,-21.957012,64.663956,9.013161,6.6865473,6.227418,-4.275641,-9.181529,18.707022,64.87814,-20.7429,7.7693567,-4.420923,8.171333,-2.6257372,-0.8319841,5.5482736,-7.497354,1.013571,9.267803,1.8035344,-11.789339,5.563725,-8.203325,-1.518734
606,7.907898664,-247.2838669,106.81769561767578,-0.05721158541830669,-7.436183563055202,-86.043713757322,0.31490096,-0.05532032,10.296823,4.469896,-18.208618,-0.81669974,9.248975,-21.957012,64.663956,9.013161,6.6865473,6.227418,-4.275641,-9.181529,18.707022,64.87814,-20.7429,7.7693567,-4.420923,8.171333,-2.6257372,-0.8319841,5.5482736,-7.497354,1.013571,9.267803,1.8035344,-11.789339,5.563725,-8.203325,-1.518734
607,7.907898664,-247.2838669,106.81769561767578,-0.05721158541830669,-7.436183563055202,-86.043713757322,0.31490096,-0.05532032,10.296823,4.469896,-18.208618,-0.81669974,9.248975,-21.957012,64.663956,9.013161,6.6865473,6.227418,-4.275641,-9.181529,18.707022,64.87814,-20.7429,7.7693567,-4.420923,8.171333,-2.6257372,-0.8319841,5.5482736,-7.497354,1.013571,9.267803,1.8035344,-11.789339,5.563725,-8.203325,-1.518734
608,7.907898664,-247.2838669,106.81769561767578,-0.05721158541830669,-7.436183563055202,-86.043713757322,0.31490096,-0.05532032,10.296823,4.469896,-18.208618,-0.81669974,9.248975,-21.957012,64.663956,9.013161,6.6865473,6.227418,-4.275641,-9.181529,18.707022,64.87814,-20.7429,7.7693567,-4.420923,8.171333,-2.6257372,-0.8319841,5.5482736,-7.497354,1.013571,9.267803,1.8035344,-11.789339,5.563725,-8.203325,-1.518734
609,7.907898664,-247.2838669,106.81769561767578,-0.05721158541830669,-7.436183563055202,-86.043713757322,0.31490096,-0.05532032,10.296823,4.469896,-18.208618,-0.81669974,9.248975,-21.957012,64.663956,9.013161,6.6865473,6.227418,-4.275641,-9.181529,18.707022,64.87814,-20.7429,7.7693567,-4.420923,8.171333,-2.6257372,-0.8319841,5.5482736,-7.497354,1.013571,9.267803,1.8035344,-11.789339,5.563725,-8.203325,-1.518734
610,7.907898664,-247.2838669,106.81769561767578,-0.05721158541830669,-7.436183563055202,-86.043713757322,0.31490096,-0.05532032,10.296823,4.469896,-18.208618,-0.81669974,9.248975,-21.957012,64.663956,9.013161,6.6865473,6.227418,-4.275641,-9.181529,18.707022,64.87814,-20.7429,7.7693567,-4.420923,8.171333,-2.6257372,-0.8319841,5.5482736,-7.497354,1.013571,9.267803,1.8035344,-11.789339,5.563725,-8.203325,-1.518734
611,7.907898664,-247.2838669,106.81769561767578,-0.05721158541830669,-7.436183563055202,-86.043713757322,0.31490096,-0.05532032,10.296823,4.469896,-18.208618,-0.81669974,9.248975,-21.957012,64.663956,9.013161,6.6865473,6.227418,-4.275641,-9.181529,18.707022,64.87814,-20.7429,7.7693567,-4.420923,8.171333,-2.6257372,-0.8319841,5.5482736,-7.497354,1.013571,9.267803,1.8035344,-11.789339,5.563725,-8.203325,-1.518734
612,7.907898664,-247.2838669,106.81769561767578,-0.05721158541830669,-7.436183563055202,-86.043713757322,0.31490096,-0.05532032,10.296823,4.469896,-18.208618,-0.81669974,9.248975,-21.957012,64.663956,9.013161,6.6865473,6.227418,-4.275641,-9.181529,18.707022,64.87814,-20.7429,7.7693567,-4.420923,8.171333,-2.6257372,-0.8319841,5.5482736,-7.497354,1.013571,9.267803,1.8035344,-11.789339,5.563725,-8.203325,-1.518734
613,7.907898664,-247.2838669,106.81769561767578,-0.05721158541830669,-7.436183563055202,-86.043713757322,0.31490096,-0.05532032,10.296823,4.469896,-18.208618,-0.81669974,9.248975,-21.957012,64.663956,9.013161,6.6865473,6.227418,-4.275641,-9.181529,18.707022,64.87814,-20.7429,7.7693567,-4.420923,8.171333,-2.6257372,-0.8319841,5.5482736,-7.497354,1.013571,9.267803,1.8035344,-11.789339,5.563725,-8.203325,-1.518734
614,7.907898664,-247.2838669,106.81769561767578,-0.05721158541830669,-7.436183563055202,-86.043713757322,0.31490096,-0.05532032,10.296823,4.469896,-18.208618,-0.81669974,9.248975,-21.957012,64.663956,9.013161,6.6865473,6.227418,-4.275641,-9.181529,18.707022,64.87814,-20.7429,7.7693567,-4.420923,8.171333,-2.6257372,-0.8319841,5.5482736,-7.497354,1.013571,9.267803,1.8035344,-11.789339,5.563725,-8.203325,-1.518734
615,7.907898664,-247.2838669,106.81769561767578,-0.05721158541830669,-7.436183563055202,-86.043713757322,0.31490096,-0.05532032,10.296823,4.469896,-18.208618,-0.81669974,9.248975,-21.957012,64.663956,9.013161,6.6865473,6.227418,-4.275641,-9.181529,18.707022,64.87814,-20.7429,7.7693567,-4.420923,8.171333,-2.6257372,-0.8319841,5.5482736,-7.497354,1.013571,9.267803,1.8035344,-11.789339,5.563725,-8.203325,-1.518734
616,7.907898664,-247.2838669,106.81769561767578,-0.05721158541830669,-7.436183563055202,-86.043713757322,0.31490096,-0.05532032,10.296823,4.469896,-18.208618,-0.81669974,9.248975,-21.957012,64.663956,9.013161,6.6865473,6.227418,-4.275641,-9.181529,18.707022,64.87814,-20.7429,7.7693567,-4.420923,8.171333,-2.6257372,-0.8319841,5.5482736,-7.497354,1.013571,9.267803,1.8035344,-11.789339,5.563725,-8.203325,-1.518734
617,7.907898664,-247.2838669,106.81769561767578,-0.05721158541830669,-7.436183563055202,-86.043713757322,0.31490096,-0.05532032,10.296823,4.469896,-18.208618,-0.81669974,9.248975,-21.957012,64.663956,9.013161,6.6865473,6.227418,-4.275641,-9.181529,18.707022,64.87814,-20.7429,7.7693567,-4.420923,8.171333,-2.6257372,-0.8319841,5.5482736,-7.497354,1.013571,9.267803,1.8035344,-11.789339,5.563725,-8.203325,-1.518734
618,7.907898664,-247.2838669,106.81769561767578,-0.05721158541830669,-7.436183563055202,-86.043713757322,0.31490096,-0.05532032,10.296823,4.469896,-18.208618,-0.81669974,9.248975,-21.957012,64.663956,9.013161,6.6865473,6.227418,-4.275641,-9.181529,18.707022,64.87814,-20.7429,7.7693567,-4.420923,8.171333,-2.6257372,-0.8319841,5.5482736,-7.497354,1.013571,9.267803,1.8035344,-11.789339,5.563725,-8.203325,-1.518734
619,7.907898664,-247.2838669,106.81769561767578,-0.05721158541830669,-7.436183563055202,-86.043713757322,0.31490096,-0.05532032,10.296823,4.469896,-18.208618,-0.81669974,9.248975,-21.957012,64.663956,9.013161,6.6865473,6.227418,-4.275641,-9.181529,18.707022,64.87814,-20.7429,7.7693567,-4.420923,8.171333,-2.6257372,-0.8319841,5.5482736,-7.497354,1.013571,9.267803,1.8035344,-11.789339,5.563725,-8.203325,-1.518734
620,7.907898664,-247.2838669,106.81769561767578,-0.05721158541830669,-7.436183563055202,-86.043713757322,0.31490096,-0.05532032,10.296823,4.469896,-18.208618,-0.81669974,9.248975,-21.957012,64.663956,9.013161,6.6865473,6.227418,-4.275641,-9.181529,18.707022,64.87814,-20.7429,7.7693567,-4.420923,8.171333,-2.6257372,-0.8319841,5.5482736,-7.497354,1.013571,9.267803,1.8035344,-11.789339,5.563725,-8.203325,-1.518734
621,7.907898664,-247.2838669,106.81769561767578,-0.05721158541830669,-7.436183563055202,-86.043713757322,0.31490096,-0.05532032,10.296823,4.469896,-18.208618,-0.81669974,9.248975,-21.957012,64.663956,9.013161,6.6865473,6.227418,-4.275641,-9.181529,18.707022,64.87814,-20.7429,7.7693567,-4.420923,8.171333,-2.6257372,-0.8319841,5.5482736,-7.497354,1.013571,9.267803,1.8035344,-11.789339,5.563725,-8.203325,-1.518734
622,7.907898664,-247.2838669,106.81769561767578,-0.05721158541830669,-7.436183563055202,-86.043713757322,0.31490096,-0.05532032,10.296823,4.469896,-18.208618,-0.81669974,9.248975,-21.957012,64.663956,9.013161,6.6865473,6.227418,-4.275641,-9.181529,18.707022,64.87814,-20.7429,7.7693567,-4.420923,8.171333,-2.6257372,-0.8319841,5.5482736,-7.497354,1.013571,9.267803,1.8035344,-11.789339,5.563725,-8.203325,-1.518734
623,7.907898664,-247.2838669,106.81769561767578,-0.05721158541830669,-7.436183563055202,-86.043713757322,0.31490096,-0.05532032,10.296823,4.469896,-18.208618,-0.81669974,9.248975,-21.957012,64.663956,9.013161,6.6865473,6.227418,-4.275641,-9.181529,18.707022,64.87814,-20.7429,7.7693567,-4.420923,8.171333,-2.6257372,-0.8319841,5.5482736,-7.497354,1.013571,9.267803,1.8035344,-11.789339,5.563725,-8.203325,-1.518734
624,7.907898664,-247.2838669,106.81769561767578,-0.05721158541830669,-7.436183563055202,-86.043713757322,0.31490096,-0.05532032,10.296823,4.469896,-18.208618,-0.81669974,9.248975,-21.957012,64.663956,9.013161,6.6865473,6.227418,-4.275641,-9.181529,18.707022,64.87814,-20.7429,7.7693567,-4.420923,8.171333,-2.6257372,-0.8319841,5.5482736,-7.497354,1.013571,9.267803,1.8035344,-11.789339,5.563725,-8.203325,-1.518734
625,7.907898664,-247.2838669,106.81769561767578,-0.05721158541830669,-7.436183563055202,-86.043713757322,0.31490096,-0.05532032,10.296823,4.469896,-18.208618,-0.81669974,9.248975,-21.957012,64.663956,9.013161,6.6865473,6.227418,-4.275641,-9.181529,18.707022,64.87814,-20.7429,7.7693567,-4.420923,8.171333,-2.6257372,-0.8319841,5.5482736,-7.497354,1.013571,9.267803,1.8035344,-11.789339,5.563725,-8.203325,-1.518734
626,7.907898664,-247.2838669,106.81769561767578,-0.05721158541830669,-7.436183563055202,-86.043713757322,0.31490096,-0.05532032,10.296823,4.469896,-18.208618,-0.81669974,9.248975,-21.957012,64.663956,9.013161,6.6865473,6.227418,-4.275641,-9.181529,18.707022,64.87814,-20.7429,7.7693567,-4.420923,8.171333,-2.6257372,-0.8319841,5.5482736,-7.497354,1.013571,9.267803,1.8035344,-11.789339,5.563725,-8.203325,-1.518734
627,7.907898664,-247.2838669,106.81769561767578,-0.05721158541830669,-7.436183563055202,-86.043713757322,0.31490096,-0.05532032,10.296823,4.469896,-18.208618,-0.81669974,9.248975,-21.957012,64.663956,9.013161,6.6865473,6.227418,-4.275641,-9.181529,18.707022,64.87814,-20.7429,7.7693567,-4.420923,8.171333,-2.6257372,-0.8319841,5.5482736,-7.497354,1.013571,9.267803,1.8035344,-11.789339,5.563725,-8.203325,-1.518734
628,7.907898664,-247.2838669,106.81769561767578,-0.05721158541830669,-7.436183563055202,-86.043713757322,0.31490096,-0.05532032,10.296823,4.469896,-18.208618,-0.81669974,9.248975,-21.957012,64.663956,9.013161,6.6865473,6.227418,-4.275641,-9.181529,18.707022,64.87814,-20.7429,7.7693567,-4.420923,8.171333,-2.6257372,-0.8319841,5.5482736,-7.497354,1.013571,9.267803,1.8035344,-11.789339,5.563725,-8.203325,-1.518734
629,7.907898664,-247.2838669,106.81769561767578,-0.05721158541830669,-7.436183563055202,-86.043713757322,0.31490096,-0.05532032,10.296823,4.469896,-18.208618,-0.81669974,9.248975,-21.957012,64.663956,9.013161,6.6865473,6.227418,-4.275641,-9.181529,18.707022,64.87814,-20.7429,7.7693567,-4.420923,8.171333,-2.6257372,-0.8319841,5.5482736,-7.497354,1.013571,9.267803,1.8035344,-11.789339,5.563725,-8.203325,-1.518734
630,7.907898664,-247.2838669,106.81769561767578,-0.05721158541830669,-7.436183563055202,-86.043713757322,0.31490096,-0.05532032,10.296823,4.469896,-18.208618,-0.81669974,9.248975,-21.957012,64.663956,9.013161,6.6865473,6.227418,-4.275641,-9.181529,18.707022,64.87814,-20.7429,7.7693567,-4.420923,8.171333,-2.6257372,-0.8319841,5.5482736,-7.497354,1.013571,9.267803,1.8035344,-11.789339,5.563725,-8.203325,-1.518734
631,7.907898664,-247.2838669,106.81769561767578,-0.05721158541830669,-7.436183563055202,-86.043713757322,0.31490096,-0.05532032,10.296823,4.469896,-18.208618,-0.81669974,9.248975,-21.957012,64.663956,9.013161,6.6865473,6.227418,-4.275641,-9.181529,18.707022,64.87814,-20.7429,7.7693567,-4.420923,8.171333,-2.6257372,-0.8319841,5.5482736,-7.497354,1.013571,9.267803,1.8035344,-11.789339,5.563725,-8.203325,-1.518734
632,7.907898664,-247.2838669,106.81769561767578,-0.05721158541830669,-7.436183563055202,-86.043713757322,0.31490096,-0.05532032,10.296823,4.469896,-18.208618,-0.81669974,9.248975,-21.957012,64.663956,9.013161,6.6865473,6.227418,-4.275641,-9.181529,18.707022,64.87814,-20.7429,7.7693567,-4.420923,8.171333,-2.6257372,-0.8319841,5.5482736,-7.497354,1.013571,9.267803,1.8035344,-11.789339,5.563725,-8.203325,-1.518734
633,7.907898664,-247.2838669,106.81769561767578,-0.05721158541830669,-7.436183563055202,-86.043713757322,0.31490096,-0.05532032,10.296823,4.469896,-18.208618,-0.81669974,9.248975,-21.957012,64.663956,9.013161,6.6865473,6.227418,-4.275641,-9.181529,18.707022,64.87814,-20.7429,7.7693567,-4.420923,8.171333,-2.6257372,-0.8319841,5.5482736,-7.497354,1.013571,9.267803,1.8035344,-11.789339,5.563725,-8.203325,-1.518734
634,7.907898664,-247.2838669,106.81769561767578,-0.05721158541830669,-7.436183563055202,-86.043713757322,0.31490096,-0.05532032,10.296823,4.469896,-18.208618,-0.81669974,9.248975,-21.957012,64.663956,9.013161,6.6865473,6.227418,-4.275641,-9.181529,18.707022,64.87814,-20.7429,7.7693567,-4.420923,8.171333,-2.6257372,-0.8319841,5.5482736,-7.497354,1.013571,9.267803,1.8035344,-11.789339,5.563725,-8.203325,-1.518734
635,7.907898664,-247.2838669,106.81769561767578,-0.05721158541830669,-7.436183563055202,-86.043713757322,0.31490096,-0.05532032,10.296823,4.469896,-18.208618,-0.81669974,9.248975,-21.957012,64.663956,9.013161,6.6865473,6.227418,-4.275641,-9.181529,18.707022,64.87814,-20.7429,7.7693567,-4.420923,8.171333,-2.6257372,-0.8319841,5.5482736,-7.497354,1.013571,9.267803,1.8035344,-11.789339,5.563725,-8.203325,-1.518734
636,7.907898664,-247.2838669,106.81769561767578,-0.05721158541830669,-7.436183563055202,-86.043713757322,0.31490096,-0.05532032,10.296823,4.469896,-18.208618,-0.81669974,9.248975,-21.957012,64.663956,9.013161,6.6865473,6.227418,-4.275641,-9.181529,18.707022,64.87814,-20.7429,7.7693567,-4.420923,8.171333,-2.6257372,-0.8319841,5.5482736,-7.497354,1.013571,9.267803,1.8035344,-11.789339,5.563725,-8.203325,-1.518734
637,7.907898664,-247.2838669,106.81769561767578,-0.05721158541830669,-7.436183563055202,-86.043713757322,0.31490096,-0.05532032,10.296823,4.469896,-18.208618,-0.81669974,9.248975,-21.957012,64.663956,9.013161,6.6865473,6.227418,-4.275641,-9.181529,18.707022,64.87814,-20.7429,7.7693567,-4.420923,8.171333,-2.6257372,-0.8319841,5.5482736,-7.497354,1.013571,9.267803,1.8035344,-11.789339,5.563725,-8.203325,-1.518734
638,7.907898664,-247.2838669,106.81769561767578,-0.05721158541830669,-7.436183563055202,-86.043713757322,0.31490096,-0.05532032,10.296823,4.469896,-18.208618,-0.81669974,9.248975,-21.957012,64.663956,9.013161,6.6865473,6.227418,-4.275641,-9.181529,18.707022,64.87814,-20.7429,7.7693567,-4.420923,8.171333,-2.6257372,-0.8319841,5.5482736,-7.497354,1.013571,9.267803,1.8035344,-11.789339,5.563725,-8.203325,-1.518734
639,7.907898664,-247.2838669,106.81769561767578,-0.05721158541830669,-7.436183563055202,-86.043713757322,0.31490096,-0.05532032,10.296823,4.469896,-18.208618,-0.81669974,9.248975,-21.957012,64.663956,9.013161,6.6865473,6.227418,-4.275641,-9.181529,18.707022,64.87814,-20.7429,7.7693567,-4.420923,8.171333,-2.6257372,-0.8319841,5.5482736,-7.497354,1.013571,9.267803,1.8035344,-11.789339,5.563725,-8.203325,-1.518734
640,7.907898664,-247.2838669,106.81769561767578,-0.05721158541830669,-7.436183563055202,-86.043713757322,0.31490096,-0.05532032,10.296823,4.469896,-18.208618,-0.81669974,9.248975,-21.957012,64.663956,9.013161,6.6865473,6.227418,-4.275641,-9.181529,18.707022,64.87814,-20.7429,7.7693567,-4.420923,8.171333,-2.6257372,-0.8319841,5.5482736,-7.497354,1.013571,9.267803,1.8035344,-11.789339,5.563725,-8.203325,-1.518734
