Frame,root_translateX,root_translateY,root_translateZ,root_rotateX,root_rotateY,root_rotateZ,waist_yaw_joint,waist_roll_joint,waist_pitch_joint,head_yaw_joint,head_pitch_joint,left_shoulder_pitch_joint,left_shoulder_roll_joint,left_shoulder_yaw_joint,left_elbow_joint,left_wrist_roll_joint,left_wrist_pitch_joint,left_wrist_yaw_joint,right_shoulder_pitch_joint,right_shoulder_roll_joint,right_shoulder_yaw_joint,right_elbow_joint,right_wrist_roll_joint,right_wrist_pitch_joint,right_wrist_yaw_joint,left_hip_pitch_joint,left_hip_roll_joint,left_hip_yaw_joint,left_knee_joint,left_ankle_pitch_joint,left_ankle_roll_joint,right_hip_pitch_joint,right_hip_roll_joint,right_hip_yaw_joint,right_knee_joint,right_ankle_pitch_joint,right_ankle_roll_joint
0,-2.39287093,0.203713588,106.351995,0.268043509,-0.978790729,-0.0245923941,0.111257718,-0.804351038,0.158855953,14.0095735,0,13.4906353,16.0329487,-17.628317,59.3885563,3.67949377,-9.2299787,-10.9620634,-0.505763128,-15.3457787,33.2711116,73.6288997,6.66152917,-8.24204391,12.4759032,-2.22820237,-0.150999181,2.77190143,9.00603643,-5.54364236,0.0794164704,-1.91678566,2.59832925,-10.2526604,6.90685249,-4.6435596,-3.3597026
1,-2.39542667,0.211127731,106.345665,0.263474117,-0.977835641,-0.0352568784,0.107857712,-0.787190614,0.163146059,14.0400967,0,13.4440509,16.0377264,-17.7176456,59.422878,3.61298608,-9.25260284,-10.9949585,-0.507672006,-15.3534166,33.2947338,73.6251431,6.6409353,-8.25194769,12.5010442,-2.22431172,-0.149217609,2.78678634,9.0011315,-5.56988266,0.0832870399,-1.9164561,2.59950661,-10.2361859,6.89570264,-4.64228705,-3.3317825
2,-2.39908826,0.215460639,106.349158,0.268159043,-0.982176985,-0.0507818305,0.0936604431,-0.782844426,0.179412101,14.0885176,0,13.3969388,16.0428115,-17.7809734,59.4396803,3.56270522,-9.2544248,-11.0241908,-0.513542607,-15.357122,33.3179052,73.6251431,6.62186499,-8.24728523,12.5264619,-2.2206819,-0.158781674,2.78763221,9.00250181,-5.5505908,0.0929953734,-1.9246122,2.59047475,-10.2414247,6.91242123,-4.63559261,-3.34562217
3,-2.39962954,0.218184828,106.345606,0.270049494,-0.982315131,-0.0721935328,0.0930709524,-0.775171616,0.183048043,14.1390329,0,13.3703489,16.0573171,-17.8568192,59.4257877,3.53658081,-9.22430025,-11.0344933,-0.521313868,-15.3597994,33.3398916,73.6292343,6.62033246,-8.24843526,12.558265,-2.220477,-0.162882763,2.80648332,9.00719159,-5.56311352,0.102844039,-1.92386259,2.58785281,-10.2182328,6.9111077,-4.64982587,-3.32765963
4,-2.39987727,0.224345713,106.349754,0.268370961,-0.983694125,-0.0930992297,0.0966481306,-0.76284067,0.196926106,14.2056332,0,13.3409176,16.0748007,-17.957416,59.3907215,3.48349615,-9.1843223,-11.0110487,-0.528631882,-15.3614404,33.3540848,73.6337764,6.62835665,-8.25826988,12.5691404,-2.22023645,-0.163275859,2.82630176,9.0150002,-5.56499524,0.0990406845,-1.92462052,2.5864857,-10.1966554,6.9053268,-4.63718447,-3.34519635
5,-2.4041228,0.231848494,106.356502,0.264437951,-0.986738621,-0.0987297748,0.0918164388,-0.737688605,0.217256365,14.2667967,0,13.3066778,16.0545304,-17.9971301,59.3813573,3.49418305,-9.18022418,-10.991487,-0.536471766,-15.3774281,33.3525036,73.6336398,6.65137268,-8.26091743,12.5728765,-2.21947317,-0.162401728,2.82962464,9.01964644,-5.56104995,0.0961378007,-1.92849025,2.58635273,-10.1936766,6.91516483,-4.6322582,-3.34194881
6,-2.41054557,0.239611138,106.358671,0.264015673,-0.990484766,-0.102666549,0.0860307149,-0.708876199,0.243640265,14.3306316,0,13.257772,16.039907,-18.084046,59.3839049,3.4775127,-9.16278927,-10.9410393,-0.534748744,-15.3895432,33.3140428,73.6234082,6.67672891,-8.24903717,12.5840379,-2.21777672,-0.165680459,2.82603837,9.02090661,-5.55441271,0.0906184609,-1.93395526,2.58158824,-10.1914542,6.9300777,-4.62799616,-3.33187876
7,-2.41790339,0.244573364,106.359339,0.266669216,-0.993519243,-0.110508112,0.0764148157,-0.68751713,0.276850192,14.4150955,0,13.1709919,16.0426527,-18.2258902,59.4400764,3.45236543,-9.17542512,-10.9026092,-0.548395035,-15.3915359,33.3076429,73.6257305,6.70201683,-8.24178607,12.5653325,-2.22187953,-0.17151144,2.83243142,9.03002662,-5.55189451,0.0991140823,-1.93637506,2.57582442,-10.1841194,6.9342232,-4.63148511,-3.34396499
8,-2.41789948,0.252958341,106.357098,0.261926964,-0.993862543,-0.118023876,0.061380789,-0.661188245,0.299458705,14.4996822,0,13.0637195,16.0466159,-18.3836027,59.5402616,3.40217101,-9.19678142,-10.9287159,-0.554758957,-15.3911517,33.310573,73.6211406,6.76845877,-8.23791165,12.5634901,-2.2191005,-0.171599191,2.83908147,9.02696669,-5.5598457,0.104212932,-1.93715541,2.57815714,-10.1800426,6.93579585,-4.63790463,-3.35399363
9,-2.41880324,0.259834249,106.353176,0.260374931,-0.993802886,-0.130852639,0.0567053911,-0.643093206,0.313052809,14.5892619,0,12.9711644,16.0599211,-18.5070379,59.5845349,3.36593515,-9.16587993,-11.0163242,-0.557116493,-15.3829162,33.314456,73.6124731,6.85346176,-8.21880419,12.5967224,-2.21855643,-0.172525162,2.85555524,9.02932823,-5.57401151,0.100560068,-1.93506303,2.57532923,-10.1621604,6.9256782,-4.63366351,-3.3352326
10,-2.42180191,0.267870096,106.355286,0.25260374,-0.995048031,-0.137802147,0.0462400372,-0.617207803,0.327099414,14.6551322,0,12.8885943,16.0618865,-18.6067586,59.6399482,3.41066307,-9.17408043,-11.0113791,-0.553179849,-15.3780719,33.3185131,73.59912,6.85002404,-8.20205999,12.551212,-2.21542415,-0.167003701,2.86169985,9.02630758,-5.5743368,0.102448035,-1.93784398,2.5809509,-10.1607363,6.92966661,-4.62636802,-3.33322879
11,-2.42508464,0.273631071,106.358075,0.243354652,-0.998456927,-0.140882371,0.030617617,-0.590581805,0.339608878,14.7191004,0,12.7920444,16.0947039,-18.7946418,59.7007096,3.36601221,-9.19156742,-10.9404561,-0.557063932,-15.3785995,33.3563353,73.5845922,6.85456313,-8.15049035,12.5627388,-2.21260648,-0.158522034,2.8628898,9.02549991,-5.57345784,0.0878818429,-1.94352585,2.58906965,-10.1648071,6.94701401,-4.62444404,-3.35530354
12,-2.426604,0.281984033,106.356394,0.23296937,-0.999264924,-0.153655661,0.0260537132,-0.562606631,0.351035598,14.7820354,0,12.6853816,16.1142194,-18.9730344,59.7658013,3.37098885,-9.18975486,-10.8521879,-0.580368858,-15.3766205,33.4294969,73.5986419,6.87107767,-8.14144803,12.5513767,-2.20813698,-0.151719699,2.87251311,9.01825393,-5.58717457,0.115628179,-1.94782694,2.59697346,-10.1596264,6.9491621,-4.62171922,-3.34069056
13,-2.42661573,0.283376407,106.352246,0.238228616,-1.00069752,-0.167678034,0.0305155376,-0.554821549,0.35581529,14.8238208,0,12.587248,16.1476088,-19.153406,59.8043509,3.35397421,-9.16356791,-10.8082655,-0.602168901,-15.3637421,33.465591,73.6198223,6.87981818,-8.12421034,12.6123823,-2.20990045,-0.160836201,2.89507152,9.02805184,-5.60282296,0.121254894,-1.94434291,2.58737021,-10.1290425,6.94131293,-4.62932335,-3.33171526
14,-2.42443327,0.283124088,106.350851,0.249204061,-0.999894167,-0.172517262,0.016114594,-0.561012849,0.355588639,14.883725,0,12.5387947,16.1578507,-19.1846592,59.7883341,3.36267715,-9.11382877,-10.8262554,-0.604219078,-15.3427239,33.484538,73.6232511,6.85287906,-8.13308959,12.6618013,-2.21016256,-0.174620803,2.89971412,9.03232412,-5.60687326,0.127002045,-1.94184028,2.5740475,-10.1316969,6.93754224,-4.63350599,-3.30625424
15,-2.42355205,0.288077793,106.354249,0.240846595,-1.00176215,-0.182832365,0.0211344646,-0.54008643,0.356923274,14.9229473,0,12.4909817,16.1481398,-19.1723103,59.7845434,3.38973025,-9.10691406,-10.8700266,-0.595299438,-15.328734,33.4859586,73.6231555,6.82112807,-8.15457907,12.663648,-2.20171212,-0.167137864,2.90544358,9.02639893,-5.6035158,0.135975566,-1.94624063,2.58297072,-10.1294395,6.95431932,-4.63429488,-3.32024311
16,-2.42324732,0.292291236,106.350148,0.233988366,-1.00191221,-0.19621078,0.0284051126,-0.52439978,0.366840522,14.9538727,0,12.4286434,16.139918,-19.1595327,59.7872344,3.36806574,-9.14084302,-10.9229154,-0.597419625,-15.3138459,33.5029863,73.6235653,6.80154378,-8.18470874,12.6534667,-2.19880694,-0.161407362,2.91679237,9.02701706,-5.61561163,0.14252505,-1.94819428,2.58876912,-10.1113864,6.95189119,-4.62940275,-3.35372213
17,-2.42135227,0.295016589,106.34861,0.234051158,-1.00227171,-0.20315599,0.0252680114,-0.516994787,0.37908417,14.9922072,0,12.3701599,16.1318601,-19.1484951,59.7902261,3.34688511,-9.1834523,-10.9157385,-0.594412741,-15.2871313,33.5052198,73.6268848,6.77615426,-8.18701137,12.6201593,-2.19877002,-0.162735687,2.92416257,9.02701023,-5.61417644,0.136643764,-1.9484058,2.58769977,-10.1073327,6.9522455,-4.62110151,-3.34361537
18,-2.42123194,0.302869477,106.349921,0.224708797,-1.00455706,-0.209877751,0.021671178,-0.487214576,0.396509183,15.0287009,0,12.3036543,16.1325978,-19.166742,59.7777337,3.33144376,-9.21454161,-10.8943694,-0.607313901,-15.27566,33.5192558,73.6378199,6.75075364,-8.18167699,12.5862816,-2.19330544,-0.15637442,2.93281151,9.0217194,-5.61621781,0.14561287,-1.95362044,2.59361578,-10.1032542,6.96716648,-4.61567365,-3.32136582
19,-2.42130961,0.30435659,106.353056,0.225413975,-1.00466008,-0.211210618,0.0214658088,-0.483503542,0.405706326,15.0462818,0,12.2517304,16.1459866,-19.1804126,59.7415951,3.30374863,-9.2209304,-10.8684514,-0.608390616,-15.2515136,33.5044411,73.6458044,6.68918931,-8.19342236,12.5615998,-2.1936288,-0.157401843,2.93290351,9.02330315,-5.61188278,0.141053265,-1.95421018,2.59122116,-10.1002558,6.96659018,-4.61403867,-3.32844894
20,-2.42221616,0.30732241,106.351244,0.231943199,-1.00414553,-0.213686988,0.0161582132,-0.481662966,0.411483546,15.0624232,0,12.2084236,16.1430479,-19.1850315,59.7148686,3.27786392,-9.23963915,-10.8041443,-0.605110844,-15.2288032,33.5018593,73.6466923,6.67549307,-8.1679577,12.5615093,-2.19464757,-0.16701468,2.93714655,9.02503802,-5.61331883,0.14508385,-1.95263839,2.58328918,-10.0991058,6.96347391,-4.62376273,-3.34721083
21,-2.42164321,0.315229828,106.347919,0.22580777,-1.00349052,-0.217308465,0.0130437445,-0.465447136,0.418682699,15.0762851,0,12.1850404,16.1389772,-19.1800642,59.6268206,3.3073095,-9.19484506,-10.7267668,-0.608127333,-15.2117653,33.4927922,73.6440012,6.67090702,-8.16259771,12.5551223,-2.19354321,-0.163955863,2.94223098,9.02021334,-5.61849654,0.139882354,-1.95143969,2.58558092,-10.0941769,6.95660615,-4.6119401,-3.33883616
22,-2.4164062,0.317452056,106.339228,0.229478347,-1.00152336,-0.221839431,0.0169203696,-0.46575172,0.410794337,15.07663,0,12.1821504,16.1463657,-19.1696892,59.5358152,3.34834656,-9.13398551,-10.700889,-0.602279571,-15.1821991,33.5090617,73.6585632,6.67145045,-8.1759661,12.5161722,-2.19341109,-0.171622657,2.95143723,9.02293773,-5.62932751,0.157762282,-1.94465069,2.57957206,-10.080245,6.94202028,-4.61506149,-3.30305515
23,-2.41625737,0.317730266,106.345761,0.243007896,-1.00142242,-0.228926556,0.0194781054,-0.471410372,0.418417309,15.0800519,0,12.1632444,16.16228,-19.1592851,59.4570358,3.37470383,-9.13837903,-10.7642262,-0.614177334,-15.173605,33.5274691,73.6659466,6.70837104,-8.1903889,12.6040853,-2.19345698,-0.191282262,2.95006542,9.02094417,-5.59584165,0.16503051,-1.94483297,2.56199819,-10.0798207,6.94093983,-4.60655321,-3.28144998
24,-2.41383519,0.319572771,106.355476,0.253066882,-1.00004145,-0.242767388,0.0283810668,-0.472721928,0.416467796,15.0786381,0,12.1433114,16.1762153,-19.1565906,59.4141217,3.37481376,-9.20512961,-10.7801909,-0.612951848,-15.1754816,33.5385887,73.6447389,6.73514239,-8.19055282,12.6555209,-2.19319338,-0.203901451,2.96291237,9.02840871,-5.58646081,0.168882003,-1.94229791,2.54745886,-10.0660246,6.93565412,-4.6082313,-3.27167107
25,-2.4131557,0.320189353,106.362987,0.260809022,-0.998944026,-0.2594668,0.0334696745,-0.478396801,0.418004669,15.0697059,0,12.1222641,16.192297,-19.1645341,59.3723346,3.35784565,-9.23778902,-10.7630386,-0.622439461,-15.1638618,33.5740339,73.647471,6.76404476,-8.21257421,12.6725358,-2.19077763,-0.214656077,2.98535488,9.02777778,-5.57601447,0.172220832,-1.94132439,2.53551435,-10.0429659,6.92609783,-4.59189861,-3.26221489
26,-2.41133086,0.32534122,106.358445,0.250933542,-1.00025114,-0.265696522,0.0270938296,-0.458915181,0.431224954,15.0578453,0,12.0538017,16.1604803,-19.1347698,59.4041018,3.37236599,-9.42802515,-10.7330241,-0.635219065,-15.1652893,33.6066037,73.6348897,6.79840488,-8.22318576,12.6986365,-2.18730042,-0.206657539,2.9893324,9.0262333,-5.5870068,0.183107673,-1.94467481,2.54437609,-10.0379098,6.93627652,-4.5936719,-3.24599724
27,-2.41106711,0.333453552,106.354809,0.237958233,-1.0028325,-0.266811975,0.0114017652,-0.42870288,0.441992187,15.0551218,0,12.0275636,16.1416238,-19.1359361,59.3664197,3.3774325,-9.4271876,-10.7120247,-0.642298076,-15.167603,33.6287437,73.6125892,6.78715556,-8.23809948,12.631821,-2.18268705,-0.198089226,2.99342539,9.02374626,-5.59662883,0.191269483,-1.95180553,2.55302631,-10.0385647,6.95407215,-4.5843393,-3.24462096
28,-2.41247732,0.340061914,106.354022,0.232388564,-1.00436235,-0.266235854,-0.0036449202,-0.408618655,0.455743412,15.042783,0,11.9979624,16.1197348,-19.1362435,59.3538589,3.38447143,-9.44913044,-10.6919397,-0.656041858,-15.1640633,33.6285559,73.6059707,6.77550283,-8.22700042,12.6067371,-2.17781777,-0.195605732,2.98870722,9.01915466,-5.6019265,0.209389868,-1.95590172,2.55409118,-10.0361621,6.96687748,-4.59654954,-3.25202979
29,-2.41272803,0.344633707,106.36431,0.23072956,-1.00429933,-0.271046902,-0.0116070619,-0.40275934,0.46275903,15.0405871,0,11.986083,16.1131778,-19.1482612,59.3344475,3.39923062,-9.45327551,-10.6981774,-0.663728488,-15.1517279,33.5882066,73.5885742,6.71205294,-8.22316356,12.5433299,-2.17708395,-0.195089839,2.99021712,9.02292663,-5.58993482,0.200075838,-1.95597984,2.55413899,-10.0334258,6.97121166,-4.58343089,-3.25720302
30,-2.41416898,0.35173744,106.361234,0.224120158,-1.00743434,-0.26640678,-0.0314393708,-0.381144886,0.477522751,15.0356677,0,11.9644014,16.0963431,-19.1836347,59.3163817,3.41142635,-9.45041281,-10.7095283,-0.685018402,-15.1550525,33.6030793,73.5832467,6.71585223,-8.19259932,12.5091781,-2.17413587,-0.193530395,2.98440356,9.02160243,-5.60165372,0.2184626,-1.95961094,2.55513449,-10.0331927,6.98674778,-4.58701332,-3.23048674
31,-2.40972452,0.356765115,106.354988,0.224753404,-1.01116449,-0.266009195,-0.0488420958,-0.368909883,0.483592014,15.0279871,0,11.9325146,16.070858,-19.2198501,59.3432038,3.47273455,-9.47537971,-10.7216681,-0.709989893,-15.1508127,33.6256804,73.5922967,6.69453606,-8.17159478,12.4458785,-2.17537704,-0.196491002,2.98082411,9.0354293,-5.6180022,0.220451586,-1.96045212,2.54752502,-10.0207387,6.99799881,-4.59646289,-3.24361586
32,-2.40790248,0.367998006,106.353629,0.21866495,-1.01207914,-0.262963311,-0.0753076648,-0.347739792,0.496304757,15.01328,0,11.9003658,16.0569978,-19.2673131,59.3630729,3.50157631,-9.4861347,-10.7252924,-0.733576724,-15.1609009,33.642247,73.5748182,6.7007558,-8.13134533,12.4338599,-2.1719009,-0.194924221,2.97598621,9.02962278,-5.61559328,0.212379996,-1.96268816,2.54922702,-10.0179588,7.0106385,-4.59811835,-3.24908854
33,-2.40875315,0.374074513,106.35618,0.219820386,-1.01342123,-0.264124454,-0.0881653691,-0.3444847,0.495889076,14.9963377,0,11.8725294,16.0534905,-19.3203153,59.3965135,3.49097927,-9.51105549,-10.7384652,-0.745716265,-15.1605047,33.6346894,73.572373,6.67391487,-8.13587631,12.4109831,-2.17044437,-0.199157724,2.97481312,9.03496399,-5.61458113,0.198153193,-1.96357779,2.54376223,-10.0112166,7.01674213,-4.61118749,-3.28506657
34,-2.40650717,0.377888395,106.359863,0.227774853,-1.01332605,-0.259562527,-0.102821848,-0.349914433,0.496116874,14.9770612,0,11.8570633,16.053429,-19.3485018,59.4202552,3.49765514,-9.54014356,-10.7623453,-0.748910926,-15.1651544,33.6377528,73.549567,6.67776496,-8.13636296,12.3963844,-2.1716023,-0.210946604,2.96896264,9.04091821,-5.60737827,0.201665057,-1.96053771,2.53215005,-10.0132101,7.01651246,-4.60512741,-3.28184912
35,-2.40441691,0.381220737,106.355786,0.222024682,-1.01546225,-0.25944821,-0.121643148,-0.34149209,0.499162871,14.9679976,0,11.8469127,16.0511085,-19.3806703,59.4392022,3.48373735,-9.54983048,-10.7546946,-0.760739319,-15.1651493,33.6275894,73.542648,6.66494171,-8.14041411,12.398173,-2.17221189,-0.206594906,2.97454546,9.05065976,-5.62631924,0.214587268,-1.95889783,2.53335324,-10.002976,7.01944944,-4.60367386,-3.26761138
36,-2.40082704,0.383294187,106.356382,0.223139032,-1.0170931,-0.266674628,-0.130414285,-0.339393487,0.499904747,14.9434686,0,11.8493562,16.0530431,-19.4040893,59.4466197,3.47766061,-9.54930029,-10.7794652,-0.772566859,-15.1639762,33.6505594,73.5361662,6.66575322,-8.1389183,12.3757418,-2.17256792,-0.211240035,2.98615059,9.06067453,-5.62678326,0.213908185,-1.95554143,2.52982502,-9.99198021,7.02210126,-4.60409221,-3.27491904
37,-2.40029506,0.391133176,106.355572,0.227935043,-1.01857216,-0.280274769,-0.128804975,-0.331495147,0.508470551,14.9171468,0,11.8430178,16.042733,-19.429291,59.4615232,3.45505141,-9.54682263,-10.7951157,-0.759292066,-15.1851054,33.6305708,73.4801518,6.65611369,-8.1225156,12.3622539,-2.16486901,-0.220871602,2.99270267,9.05541272,-5.62289689,0.209687808,-1.96270075,2.52093254,-9.98968356,7.03854025,-4.62418492,-3.29664651
38,-2.39737481,0.400651619,106.360185,0.217957192,-1.01794189,-0.294175168,-0.137919529,-0.320890585,0.504588069,14.8992244,0,11.8477785,16.0340484,-19.4320743,59.4903603,3.44985278,-9.56007662,-10.7960557,-0.750893602,-15.1891284,33.6284739,73.4518543,6.66950598,-8.13368382,12.3433206,-2.15939675,-0.212795384,3.00473917,9.05407486,-5.63110208,0.212734299,-1.96397415,2.53020687,-9.97529577,7.04179953,-4.62447349,-3.33061475
39,-2.39521936,0.406434247,106.363773,0.219514709,-1.01817827,-0.305284702,-0.138116203,-0.314303107,0.504763519,14.8807965,0,11.8462494,16.0282991,-19.4666675,59.4999567,3.43134958,-9.54562394,-10.8024744,-0.746302541,-15.2021194,33.6451464,73.4219927,6.67209078,-8.12284943,12.3353191,-2.15988874,-0.217329749,3.0155505,9.06079406,-5.63280749,0.212309307,-1.96308601,2.5236597,-9.9659239,7.04059272,-4.61215354,-3.29810796
40,-2.39344295,0.406297017,106.355274,0.234307266,-1.01881346,-0.316135966,-0.13696617,-0.327773601,0.512886108,14.8577822,0,11.8394115,16.0339801,-19.5090266,59.5110557,3.42901985,-9.53946311,-10.7941885,-0.760185861,-15.2045168,33.6876063,73.4257698,6.6955623,-8.12358111,12.3409728,-2.1632398,-0.236804713,3.02668841,9.07304229,-5.64075783,0.218252452,-1.96078445,2.50362035,-9.94559469,7.03418301,-4.63129984,-3.27554101
41,-2.3902772,0.416722521,106.354928,0.21703291,-1.01839615,-0.32954141,-0.137528687,-0.300002105,0.515117232,14.8559107,0,11.8314407,16.0299298,-19.548862,59.5358152,3.42333115,-9.53758822,-10.7921779,-0.760648286,-15.2139236,33.6914141,73.4094389,6.69884207,-8.13975927,12.3222034,-2.15849666,-0.22265028,3.0339457,9.06695659,-5.65088913,0.225595919,-1.96217461,2.51955177,-9.93982403,7.03494245,-4.61569115,-3.26905276
42,-2.38391608,0.427100388,106.359029,0.207311293,-1.01692916,-0.337608576,-0.140252345,-0.275260279,0.513077567,14.8322766,0,11.8309378,16.0213186,-19.579031,59.5598643,3.42004882,-9.5353095,-10.7948117,-0.748985951,-15.2318068,33.6967314,73.3908198,6.71949998,-8.11891524,12.3465616,-2.15042914,-0.216845419,3.03577704,9.06099811,-5.65070045,0.231348939,-1.96353104,2.5268415,-9.93711672,7.04772258,-4.6277221,-3.28954055
43,-2.38135327,0.435378635,106.364691,0.200234393,-1.0156522,-0.352926334,-0.137356091,-0.262626803,0.505409079,14.806385,0,11.838848,16.0149375,-19.5789968,59.591208,3.4275283,-9.54741686,-10.8114988,-0.738211648,-15.2404811,33.6833101,73.3851166,6.70232034,-8.11323679,12.3766819,-2.14485741,-0.211678248,3.05051317,9.05926153,-5.65091816,0.241667781,-1.96348451,2.53362516,-9.92991343,7.04688759,-4.61647876,-3.32497686
44,-2.37534177,0.4393348,106.362033,0.205824948,-1.01496416,-0.363763156,-0.137938005,-0.266249071,0.50222525,14.7883482,0,11.8491744,16.0120244,-19.5844729,59.60396,3.42457297,-9.52545097,-10.8091748,-0.735516711,-15.2430254,33.6964992,73.3823572,6.69697231,-8.10572614,12.3632776,-2.14535943,-0.218926573,3.05761102,9.06416732,-5.65568905,0.221703111,-1.96202926,2.52436663,-9.91309921,7.04561078,-4.61890689,-3.30406388
45,-2.37052832,0.443976559,106.355393,0.204550177,-1.01438388,-0.374148009,-0.143156069,-0.256435424,0.507160596,14.7780927,0,11.8619042,16.00091,-19.5820892,59.6066374,3.43103411,-9.4951736,-10.7791023,-0.752916138,-15.245836,33.7337511,73.4157568,6.74150429,-8.10118321,12.4132848,-2.14379361,-0.221743666,3.06742152,9.06414256,-5.66705918,0.239561255,-1.96186362,2.52066637,-9.90027468,7.04168,-4.61506747,-3.26592517
46,-2.37113871,0.445125299,106.355453,0.203009949,-1.01515704,-0.381947846,-0.148274842,-0.25385033,0.514379465,14.7575287,0,11.8677875,15.9922271,-19.5739493,59.6233236,3.41311682,-9.48979055,-10.7684225,-0.752848423,-15.2437904,33.7170513,73.4087558,6.64870848,-8.0703876,12.357828,-2.14365658,-0.221804083,3.07489161,9.06550433,-5.67174981,0.252839196,-1.9633097,2.52041045,-9.8916029,7.04235021,-4.60661297,-3.24644377
47,-2.36987248,0.451346952,106.356919,0.198989254,-1.01415892,-0.403333808,-0.147246165,-0.247084334,0.522137119,14.7465031,0,11.8887673,15.9750441,-19.5363833,59.6245735,3.40924111,-9.48538679,-10.7513265,-0.749825264,-15.2498709,33.7137215,73.4035171,6.68295249,-8.0745617,12.3652268,-2.13548298,-0.219979889,3.09112078,9.06003164,-5.67850316,0.263262384,-1.96497584,2.52362363,-9.88571357,7.04129666,-4.60827228,-3.23975402
48,-2.36799438,0.455457345,106.358588,0.189552484,-1.01398535,-0.418886453,-0.149002631,-0.235145537,0.517695629,14.7382932,0,11.9150541,15.9643924,-19.5168933,59.6360072,3.41253177,-9.48283657,-10.7456352,-0.7336335,-15.2533099,33.6841707,73.3987974,6.67592294,-8.08830404,12.3584598,-2.13153214,-0.211213902,3.1048659,9.0638241,-5.69204572,0.277444205,-1.96506912,2.52851853,-9.86733951,7.04220721,-4.59587891,-3.19905677
49,-2.36816388,0.461308751,106.353796,0.187672895,-1.01427837,-0.436529483,-0.141991535,-0.229690777,0.52083917,14.7102792,0,11.9260576,15.9611139,-19.5281529,59.6470175,3.39877748,-9.4743714,-10.7452732,-0.732826951,-15.2600889,33.6573793,73.3954097,6.62528179,-8.08387978,12.3406799,-2.12838641,-0.212063126,3.11826822,9.062581,-5.69888146,0.281204198,-1.96614679,2.52822761,-9.85727608,7.03784272,-4.58593458,-3.20827261
50,-2.36874465,0.463298755,106.345952,0.186869416,-1.01622136,-0.453898457,-0.133167438,-0.230845213,0.534397736,14.6898296,0,11.9299175,15.9561296,-19.5318822,59.657413,3.41412982,-9.46132233,-10.7466367,-0.731086907,-15.2608966,33.6375615,73.3940573,6.60990148,-8.07241616,12.3522776,-2.13105061,-0.213000036,3.13615307,9.07516563,-5.71652085,0.29408975,-1.96734186,2.52759773,-9.83073652,7.03413563,-4.58962971,-3.20804167
51,-2.36803982,0.466232467,106.34712,0.184061687,-1.01784458,-0.462757786,-0.134247555,-0.221700803,0.543777186,14.6874697,0,11.9481344,15.9694382,-19.5502963,59.6474683,3.41719401,-9.45906666,-10.7763916,-0.7286941,-15.2658963,33.6124367,73.3907993,6.54865133,-8.06049236,12.3020911,-2.12701461,-0.212266418,3.14679408,9.07375349,-5.72291903,0.318022679,-1.97001994,2.52900539,-9.82924498,7.04500929,-4.59138165,-3.18849281
52,-2.36956384,0.470237341,106.356573,0.1873504,-1.01881935,-0.481527255,-0.130232978,-0.22337412,0.548110461,14.6708229,0,11.9638328,15.9699641,-19.5510408,59.6567847,3.43591215,-9.47842085,-10.796603,-0.723942742,-15.2744938,33.617269,73.3885453,6.54873543,-8.06168935,12.2977308,-2.12377859,-0.217646579,3.15666755,9.07459104,-5.7097897,0.308379466,-1.97266386,2.52374081,-9.82081653,7.04653968,-4.58131908,-3.20326224
53,-2.36850847,0.474642031,106.358612,0.194672309,-1.0177625,-0.495125295,-0.124062929,-0.226885891,0.546060444,14.6541521,0,11.9698177,15.9685691,-19.5807641,59.671613,3.45256095,-9.4625936,-10.8091773,-0.707608879,-15.281534,33.6153668,73.3802603,6.58913899,-8.06453669,12.2938837,-2.1272716,-0.228104706,3.17305296,9.08638763,-5.70938672,0.300922607,-1.96449474,2.51324174,-9.79807285,7.02648027,-4.57612002,-3.22040922
54,-2.36657597,0.479594572,106.351364,0.196861864,-1.01782385,-0.49263838,-0.1322152,-0.225527564,0.551698018,14.6366344,0,11.9815972,15.9650276,-19.5854616,59.6761141,3.43855458,-9.4551393,-10.8127854,-0.70393968,-15.2954983,33.6121191,73.3833612,6.58561376,-8.04892031,12.3280799,-2.12398371,-0.233693829,3.17146003,9.0807476,-5.71864973,0.298525584,-1.96540123,2.50929133,-9.80428149,7.03294462,-4.59261664,-3.23420001
55,-2.36664731,0.489239208,106.348324,0.179880921,-1.01809064,-0.503196184,-0.127352452,-0.205943317,0.556028198,14.6245603,0,11.9912184,15.9509233,-19.5724313,59.6978614,3.43877997,-9.47428688,-10.8132183,-0.694120322,-15.3050196,33.5913758,73.3899387,6.58045824,-8.03833267,12.3793243,-2.12114556,-0.215715143,3.17865948,9.07906481,-5.71707239,0.285754704,-1.96778625,2.52644834,-9.79278116,7.03847408,-4.57436594,-3.24106499
56,-2.36703325,0.496311067,106.353796,0.173917118,-1.01755741,-0.505541643,-0.138668008,-0.188962666,0.564562679,14.6194376,0,12.0239948,15.9359498,-19.5434132,59.6803147,3.42660473,-9.46767099,-10.7993991,-0.6809443,-15.3250423,33.580106,73.377535,6.51565981,-8.04587063,12.350798,-2.1118851,-0.211291342,3.16858772,9.062581,-5.70356014,0.277323263,-1.97241306,2.53293254,-9.80784002,7.05276711,-4.58033382,-3.25638319
57,-2.36636028,0.497357082,106.362891,0.184797044,-1.01540796,-0.516168493,-0.135694421,-0.204297281,0.567253134,14.6145524,0,12.0421409,15.9305454,-19.5270156,59.6813938,3.42111604,-9.45071504,-10.7804043,-0.679674579,-15.3262171,33.5753624,73.3859703,6.55610094,-8.05008913,12.3784329,-2.11514822,-0.225342135,3.18910796,9.06952987,-5.69716367,0.279943147,-1.9668264,2.5186186,-9.78278347,7.03190429,-4.57340673,-3.2792592
58,-2.36377474,0.500073191,106.36667,0.183670986,-1.01514963,-0.519950762,-0.145898817,-0.20771379,0.573323571,14.6110365,0,12.0624453,15.9242582,-19.5037059,59.6792218,3.41749967,-9.43798357,-10.7515826,-0.675338529,-15.3311246,33.5893233,73.3828216,6.57213737,-8.05833915,12.3844017,-2.11398175,-0.224537586,3.1897786,9.06881697,-5.69306854,0.272258037,-1.96637475,2.51847836,-9.78274591,7.03429401,-4.56577015,-3.24773382
59,-2.36536749,0.50085797,106.35947,0.185256008,-1.01487443,-0.528711774,-0.14628619,-0.215035059,0.579616043,14.6085572,0,12.0727658,15.92322,-19.4933957,59.683641,3.41326708,-9.42799613,-10.7460476,-0.658411026,-15.3308565,33.5704139,73.382965,6.55199727,-8.05743158,12.3803898,-2.10797674,-0.228163136,3.19435867,9.05698366,-5.7004571,0.274766904,-1.97073753,2.5174167,-9.78113227,7.03948666,-4.57698063,-3.24666169
60,-2.36534942,0.507964799,106.358647,0.171445198,-1.01447534,-0.5324996,-0.151633628,-0.198139732,0.589495911,14.5990085,0,12.0774829,15.9165777,-19.4891662,59.6921104,3.39699715,-9.4313267,-10.7360994,-0.653303592,-15.3389554,33.552191,73.3763739,6.54829147,-8.0489519,12.4035177,-2.10098433,-0.21462286,3.19839595,9.04481483,-5.70291511,0.282053009,-1.97512294,2.53172274,-9.78133718,7.04812087,-4.57316767,-3.28397779
61,-2.36500986,0.506926049,106.365776,0.18171524,-1.01404733,-0.533521861,-0.154537072,-0.216301806,0.594111252,14.5858229,0,12.0823878,15.926408,-19.4951972,59.6996236,3.40303866,-9.42169357,-10.7509841,-0.645562,-15.3387624,33.5415769,73.3834022,6.57864312,-8.0665644,12.4454072,-2.10228783,-0.225597226,3.19496356,9.04941155,-5.6953511,0.260405364,-1.9744205,2.51971826,-9.77808003,7.04479542,-4.58128407,-3.30385492
62,-2.36364007,0.5081899,106.368864,0.172596009,-1.01364677,-0.535697169,-0.158792147,-0.212785686,0.597946083,14.5823156,0,12.0914625,15.9419484,-19.5041943,59.6986606,3.41195697,-9.41892734,-10.751172,-0.640750932,-15.3410847,33.5496399,73.3914481,6.56978906,-8.12307824,12.4309588,-2.09899077,-0.216155357,3.19664806,9.0476135,-5.70729625,0.282600651,-1.97504333,2.5286355,-9.77254929,7.04803208,-4.57905615,-3.2687454
63,-2.36315168,0.50579696,106.361198,0.179587517,-1.01306601,-0.537934982,-0.160963786,-0.225267563,0.60381012,14.5757654,0,12.0934774,15.9599357,-19.5325413,59.700129,3.41794555,-9.40982611,-10.7511045,-0.63036707,-15.3367646,33.5600457,73.3987428,6.59449599,-8.11927041,12.4314019,-2.09892802,-0.22652157,3.20226354,9.04835543,-5.7163962,0.308515749,-1.97396586,2.51860344,-9.76538613,7.04342597,-4.59252315,-3.21760671
64,-2.36250013,0.510588242,106.358147,0.162522311,-1.01484593,-0.542457938,-0.163341186,-0.207852675,0.605903093,14.5677741,0,12.1028314,15.9737276,-19.5618616,59.6995348,3.40788233,-9.40410412,-10.7536197,-0.62285685,-15.3402343,33.5625387,73.4038859,6.54690921,-8.10862897,12.4229043,-2.09178129,-0.209142847,3.20133848,9.03817076,-5.72854284,0.312936856,-1.98095229,2.53589855,-9.7689882,7.05892239,-4.59066619,-3.24640471
65,-2.36063842,0.513612246,106.365108,0.169215987,-1.01576001,-0.547168818,-0.159810312,-0.218890554,0.616480388,14.5557683,0,12.0996152,15.985513,-19.5682153,59.7122321,3.43517513,-9.4008521,-10.7452732,-0.627418829,-15.3473087,33.565643,73.4143976,6.54700014,-8.11184855,12.5047231,-2.09411978,-0.215955,3.20629314,9.04567885,-5.71377298,0.281501604,-1.9791884,2.52653479,-9.76083124,7.05788975,-4.5890103,-3.26281232
66,-2.35657133,0.515234005,106.364655,0.163592786,-1.01529123,-0.546727144,-0.168380972,-0.224766985,0.613473184,14.5534648,0,12.1206855,16.0004455,-19.554234,59.7121638,3.43986064,-9.4103102,-10.7421109,-0.610956846,-15.3406271,33.567091,73.4140083,6.54876446,-8.13223582,12.5111461,-2.09019306,-0.209357731,3.2105603,9.04267698,-5.72040125,0.275037417,-1.97619678,2.53210075,-9.76323889,7.05649639,-4.57679792,-3.23906524
67,-2.35546082,0.51291571,106.357074,0.172292432,-1.01484065,-0.55380425,-0.161015253,-0.23845423,0.617071093,14.5459909,0,12.1289705,16.0077914,-19.5450286,59.7117882,3.43865831,-9.41174454,-10.7222564,-0.595189141,-15.3388051,33.5610497,73.4069049,6.52548077,-8.14407851,12.4852571,-2.09100756,-0.219871713,3.21923144,9.04524086,-5.73162026,0.28717501,-1.97488815,2.52426631,-9.75528684,7.05338054,-4.59837577,-3.22478374
68,-2.35350393,0.515375938,106.351852,0.164212842,-1.0151485,-0.55750909,-0.15931647,-0.229334087,0.618495507,14.539381,0,12.1429767,16.0094648,-19.5431161,59.7091517,3.43429339,-9.40988332,-10.6860043,-0.578383941,-15.3450496,33.5456579,73.3979778,6.51022426,-8.1233062,12.49255,-2.08780441,-0.212980093,3.22289541,9.04847496,-5.74832264,0.314739332,-1.9763925,2.52964892,-9.73962436,7.05892794,-4.6013311,-3.2100856
69,-2.35237982,0.515294634,106.358743,0.174090936,-1.01553311,-0.575160629,-0.144415145,-0.239892279,0.621520214,14.5286354,0,12.1508997,16.0104979,-19.5288017,59.7165147,3.42589952,-9.41295178,-10.6692447,-0.568636781,-15.3480737,33.5258708,73.398333,6.50657438,-8.11448415,12.51225,-2.08919116,-0.224241567,3.23745673,9.05834714,-5.73446717,0.307218787,-1.97499253,2.51628907,-9.72821709,7.05632008,-4.58102709,-3.20936395
70,-2.35017836,0.516398018,106.355691,0.173288884,-1.01506172,-0.582762609,-0.146792825,-0.243415482,0.619283274,14.5283844,0,12.174597,16.009014,-19.4953304,59.710429,3.45755061,-9.4187472,-10.6732694,-0.564891809,-15.3424798,33.5463614,73.4142337,6.52727071,-8.12891634,12.5114133,-2.08179982,-0.223407444,3.24208184,9.04841178,-5.73965,0.306056668,-1.97915681,2.51740816,-9.71901426,7.06424695,-4.59426143,-3.20545751
71,-2.34691687,0.518480688,106.34706,0.167001293,-1.01482606,-0.59773497,-0.139653676,-0.24501967,0.622876006,14.5380525,0,12.184453,16.0122362,-19.4860635,59.7084892,3.44343539,-9.41159343,-10.6556065,-0.561298169,-15.3408883,33.5610941,73.4073625,6.55317207,-8.13160146,12.5048085,-2.07863254,-0.216994083,3.26570554,9.04998955,-5.76021485,0.316124554,-1.97821424,2.52462105,-9.69852797,7.05702061,-4.59569406,-3.1937574
72,-2.34236829,0.516427029,106.343389,0.174458178,-1.01426376,-0.617338576,-0.128760045,-0.261935487,0.618957986,14.5406343,0,12.1962462,16.0262927,-19.4900592,59.7146159,3.45632844,-9.4206383,-10.6774529,-0.545532705,-15.3334485,33.5601379,73.4102243,6.57789564,-8.13465029,12.4935669,-2.07769766,-0.223901712,3.2802024,9.05418158,-5.76771312,0.317214582,-1.97879737,2.51710891,-9.68614483,7.05432183,-4.59857854,-3.19789158
73,-2.3429282,0.516958628,106.345725,0.174246796,-1.01473777,-0.639883417,-0.11586314,-0.267201723,0.625386048,14.5369682,0,12.1948537,16.0360103,-19.4945176,59.7201688,3.46886696,-9.41014116,-10.6926304,-0.548178283,-15.3343006,33.5581742,73.4171706,6.55048524,-8.12349915,12.5284931,-2.07736639,-0.22292262,3.29809835,9.06159404,-5.76399237,0.324547431,-1.98056383,2.51675161,-9.66109682,7.05229924,-4.58934156,-3.22488214
74,-2.33973246,0.5177991,106.346631,0.16588893,-1.01375118,-0.658419968,-0.102893838,-0.267708251,0.620498887,14.5341422,0,12.2055122,16.0455367,-19.490037,59.7211729,3.4812232,-9.41518013,-10.7149088,-0.544543235,-15.3291472,33.5636725,73.4290278,6.56027247,-8.12966681,12.5293297,-2.06856591,-0.211551436,3.3142573,9.05419439,-5.77377961,0.310097072,-1.98355887,2.52812793,-9.64477523,7.05790213,-4.5790156,-3.22076887
75,-2.33621206,0.518451026,106.34011,0.16322072,-1.01246265,-0.663271209,-0.108872482,-0.272687725,0.618461463,14.5416281,0,12.2180661,16.0501949,-19.4816973,59.7232492,3.49989523,-9.41361943,-10.7155098,-0.546550617,-15.3315976,33.5931004,73.4329484,6.56899676,-8.14142327,12.5203959,-2.06568869,-0.209549804,3.31889393,9.05192335,-5.7974778,0.327491056,-1.98286091,2.52935224,-9.63427552,7.05427274,-4.58248021,-3.19696054
76,-2.33436693,0.52024452,106.343865,0.163115582,-1.01476931,-0.682709914,-0.107359088,-0.283905057,0.624874691,14.5486666,0,12.2316214,16.0619736,-19.470419,59.7205991,3.51123227,-9.42676584,-10.7287203,-0.560911303,-15.323135,33.5990734,73.4514787,6.59421979,-8.15912286,12.486116,-2.06550449,-0.207488754,3.33877704,9.06146171,-5.7864987,0.31108206,-1.98420026,2.52832216,-9.61742118,7.05918193,-4.56678315,-3.19426881
77,-2.33334154,0.519581046,106.343794,0.1665495,-1.01389941,-0.702477466,-0.113429232,-0.29852481,0.627815514,14.55883,0,12.2464549,16.0626037,-19.4375846,59.7222452,3.5212163,-9.43693001,-10.7298695,-0.566754743,-15.313501,33.5907508,73.4608429,6.60461961,-8.14743555,12.5072708,-2.06349193,-0.208924908,3.35021889,9.06353296,-5.78949544,0.304201231,-1.98546129,2.52691173,-9.59613318,7.05670727,-4.57953725,-3.22563325
78,-2.33193897,0.521114469,106.350017,0.179336491,-1.01279447,-0.72044349,-0.108834169,-0.315338762,0.625369666,14.5625746,0,12.2666654,16.0565299,-19.4129873,59.7194448,3.52465487,-9.43583804,-10.7159649,-0.55509433,-15.3215896,33.5778042,73.441773,6.5829662,-8.13562615,12.5017802,-2.06390857,-0.221952146,3.36136874,9.06846607,-5.77698723,0.281828013,-1.98385,2.51600648,-9.58286127,7.05624196,-4.58505476,-3.25344983
79,-2.33013742,0.524842506,106.351566,0.175637678,-1.01199606,-0.734895039,-0.109111251,-0.313560511,0.623390032,14.5602438,0,12.2935986,16.039463,-19.3735515,59.7086736,3.53453026,-9.43509184,-10.7039463,-0.544836933,-15.3261334,33.5786648,73.4317804,6.57178476,-8.13731235,12.4832226,-2.05733088,-0.218012915,3.36831441,9.06282689,-5.78233911,0.277693614,-1.98668304,2.52035261,-9.57973646,7.06117421,-4.5834407,-3.24445554
80,-2.32790839,0.524590956,106.354225,0.17855288,-1.01169648,-0.757183226,-0.109112099,-0.328888176,0.62421355,14.5623475,0,12.3207776,16.0379996,-19.3408862,59.6955801,3.53733192,-9.43853425,-10.6947162,-0.545307309,-15.3200153,33.5727123,73.4215829,6.5845602,-8.13647992,12.4792986,-2.05555247,-0.220576183,3.39099042,9.0691064,-5.7798239,0.291570504,-1.98614367,2.51589933,-9.55087123,7.05540954,-4.57585279,-3.2283903
81,-2.32402273,0.52785892,106.355631,0.175635929,-1.01051219,-0.777862032,-0.112903534,-0.328045261,0.621451325,14.560949,0,12.3408157,16.0217335,-19.3121738,59.6947878,3.53739382,-9.44706687,-10.6909152,-0.53622828,-15.3206863,33.5450773,73.4058803,6.54321066,-8.13394592,12.475367,-2.04865121,-0.217856634,3.40944068,9.06393936,-5.78941818,0.302664412,-1.9889005,2.51990331,-9.53805182,7.05993112,-4.57812084,-3.22236714
82,-2.32170727,0.529878959,106.359446,0.188088925,-1.01013528,-0.803067076,-0.125022797,-0.338173071,0.621489478,14.5723042,0,12.3604029,16.0147019,-19.2977535,59.6993846,3.5351136,-9.45618261,-10.6954957,-0.528322923,-15.3280544,33.5351701,73.3934357,6.54838368,-8.13799366,12.4961239,-2.04321054,-0.232324376,3.42386732,9.06527295,-5.78301786,0.294795287,-1.99102938,2.50722541,-9.53012709,7.0662213,-4.58815183,-3.24509737
83,-2.32089981,0.537346257,106.35674,0.165345328,-1.00845492,-0.822603368,-0.121537333,-0.317929404,0.621507674,14.5625183,0,12.3668216,16.0139625,-19.3081354,59.6995826,3.55195493,-9.44673646,-10.7034938,-0.529311113,-15.3337405,33.5257821,73.3729656,6.54394235,-8.12389274,12.5004748,-2.03011066,-0.209133149,3.44248236,9.04568568,-5.80173557,0.32216004,-1.9989285,2.53261984,-9.52340704,7.07731438,-4.59515234,-3.2393361
84,-2.31743976,0.539770629,106.354272,0.163957367,-1.00757089,-0.84328076,-0.123219387,-0.316663365,0.6137235,14.5553858,0,12.379495,16.0100437,-19.3202863,59.7066177,3.57220537,-9.43218218,-10.7252762,-0.537475376,-15.3303852,33.5623031,73.391052,6.5758547,-8.12713793,12.5232731,-2.02920502,-0.208739652,3.46107798,9.04916993,-5.81173155,0.308862168,-1.99828966,2.53123993,-9.49402271,7.06750495,-4.57964098,-3.21185761
85,-2.31409837,0.540671125,106.349754,0.168133733,-1.00598733,-0.862025728,-0.123262516,-0.320752994,0.612589048,14.5407231,0,12.3764274,16.0194403,-19.3669758,59.7163917,3.58497761,-9.40824663,-10.7568649,-0.543412625,-15.3303306,33.576305,73.3976295,6.5503004,-8.11249486,12.5107294,-2.02453168,-0.214904072,3.47649991,9.0452844,-5.82135017,0.328899889,-1.99929562,2.526408,-9.48135612,7.06318272,-4.58276878,-3.20914624
86,-2.31045894,0.542887487,106.356168,0.16301,-1.00643509,-0.880609454,-0.128839713,-0.312686781,0.608414895,14.5277919,0,12.3895346,16.024971,-19.3879035,59.7120204,3.60087829,-9.38745383,-10.7863961,-0.534610699,-15.3304979,33.5880153,73.3943032,6.55039944,-8.1104902,12.4885228,-2.01397284,-0.209385706,3.4909385,9.03747664,-5.81259642,0.332959342,-2.00574076,2.53030356,-9.47987568,7.07884519,-4.57275103,-3.21743062
87,-2.308519,0.546485884,106.360102,0.161069402,-1.00662877,-0.89980287,-0.140795785,-0.308330481,0.613706424,14.5228998,0,12.4009495,16.0182314,-19.3890066,59.7098347,3.60856396,-9.37795474,-10.7772086,-0.552832043,-15.3376747,33.6284227,73.4030048,6.54290031,-8.11546087,12.4833011,-2.00654821,-0.207864321,3.50269091,9.03559834,-5.81276462,0.336887075,-2.00927709,2.53407169,-9.46859904,7.09083645,-4.58244862,-3.22035629
88,-2.30605267,0.551487459,106.35711,0.149323865,-1.00576168,-0.917739809,-0.135779345,-0.296996369,0.613295599,14.5008092,0,12.40706,16.0052438,-19.3833324,59.7215827,3.62318526,-9.37700876,-10.7583215,-0.557829554,-15.3390886,33.6512458,73.4144044,6.55438015,-8.13908479,12.4789716,-2.00247849,-0.195811185,3.5226293,9.03373541,-5.8297402,0.343354063,-2.01022286,2.54594255,-9.44336234,7.08718059,-4.5841869,-3.23297293
89,-2.30412763,0.551460823,106.354141,0.159517306,-1.00641727,-0.936117977,-0.126783372,-0.308086648,0.615764766,14.4731043,0,12.4015907,15.9974488,-19.3946568,59.7380776,3.61088708,-9.38334633,-10.731116,-0.56435089,-15.3392491,33.6543569,73.4300387,6.54010506,-8.14643578,12.4800183,-2.00693177,-0.206127865,3.53624997,9.05068367,-5.83442955,0.329818789,-2.00500374,2.53181815,-9.41802234,7.07387196,-4.56529033,-3.2199087
90,-2.30276212,0.552488444,106.354403,0.165040968,-1.00691052,-0.94014204,-0.131919234,-0.316975873,0.618273206,14.4516558,0,12.4188864,15.9935471,-19.3755955,59.7275386,3.60807219,-9.38754348,-10.723747,-0.550631548,-15.3457173,33.6544526,73.4186118,6.54384373,-8.12583422,12.5152749,-2.00208127,-0.211687039,3.53650611,9.04747946,-5.82541584,0.320115518,-2.00712963,2.52558368,-9.42305448,7.08697269,-4.55296952,-3.20079932
91,-2.30156705,0.550709059,106.354392,0.167696564,-1.00539086,-0.950058793,-0.128819395,-0.326874924,0.619924618,14.4307332,0,12.4319466,15.9844766,-19.3519579,59.7055932,3.60562655,-9.37090855,-10.7048675,-0.54522492,-15.3457275,33.6393169,73.4105863,6.5185413,-8.10990622,12.4997824,-2.00322213,-0.212790315,3.54818253,9.04915029,-5.82719723,0.324585637,-2.00435615,2.52641739,-9.41303801,7.0742822,-4.56709734,-3.24280072
92,-2.29706541,0.555059966,106.35432,0.170663773,-1.00407545,-0.95118814,-0.143622083,-0.325395495,0.622313103,14.4183415,0,12.446465,15.9670937,-19.3404917,59.685772,3.57277761,-9.38306373,-10.6791877,-0.535287155,-15.3578835,33.6136832,73.399255,6.52758916,-8.10299578,12.5347051,-1.99931995,-0.217827913,3.54185607,9.04166014,-5.82212966,0.305546565,-2.00483533,2.52168877,-9.41791391,7.07821853,-4.57865274,-3.24293092
93,-2.29381863,0.560131622,106.356931,0.156710658,-1.00399116,-0.950895476,-0.152642975,-0.309080681,0.630223636,14.4067865,0,12.4475767,15.9542205,-19.3394091,59.671654,3.58079519,-9.38310044,-10.6661301,-0.525026236,-15.3715149,33.6126245,73.3726788,6.53085229,-8.09208626,12.5078992,-1.99434032,-0.204402229,3.54655694,9.03495204,-5.82055231,0.310850073,-2.00671769,2.53511585,-9.41745544,7.08262955,-4.55879055,-3.23300025
94,-2.28863172,0.55799745,106.349063,0.170004362,-1.0012474,-0.964709787,-0.153488398,-0.329288142,0.622063854,14.4023947,0,12.4602876,15.9499295,-19.3410655,59.6579048,3.58036851,-9.38753408,-10.6447072,-0.512730722,-15.3704955,33.613591,73.3849731,6.5404487,-8.12234997,12.5031394,-1.99449144,-0.218920116,3.56066534,9.0401481,-5.82917244,0.30594349,-1.99924162,2.51902478,-9.39670191,7.06506358,-4.55448668,-3.21496962
95,-2.28784028,0.561591098,106.346846,0.156588903,-1.00096078,-0.967939571,-0.159119822,-0.317543552,0.626497981,14.3905187,0,12.4531168,15.9514253,-19.3604034,59.6508834,3.56915377,-9.41083869,-10.6552471,-0.502100066,-15.377452,33.6010063,73.3822889,6.57361482,-8.10340132,12.5385044,-1.99141636,-0.205402184,3.56073684,9.0369584,-5.82995194,0.315194927,-1.99996028,2.53259103,-9.40300361,7.06800099,-4.53776168,-3.19165327
96,-2.28444152,0.562053267,106.348419,0.156837228,-0.998984983,-0.97528997,-0.163712257,-0.319961439,0.618186708,14.3960495,0,12.464437,15.9502095,-19.3700169,59.6327697,3.55788865,-9.42696562,-10.6568778,-0.480813141,-15.3786302,33.6023792,73.3790855,6.5612176,-8.09786716,12.5170311,-1.99002151,-0.207196857,3.57693613,9.03619769,-5.83111819,0.336269503,-1.99732383,2.53187663,-9.38659152,7.05747311,-4.53990209,-3.20175427
97,-2.28247456,0.563009595,106.347835,0.156787172,-0.996485562,-0.981235883,-0.16405933,-0.322629562,0.618714394,14.3915125,0,12.4574881,15.9511828,-19.3813909,59.6172242,3.5689907,-9.4515415,-10.6609947,-0.493911203,-15.3866404,33.6426022,73.3982852,6.59897318,-8.09406616,12.5261571,-1.98634003,-0.209590264,3.58737543,9.0267319,-5.8464383,0.350448148,-1.99889349,2.53259252,-9.38480116,7.05581892,-4.55671972,-3.20207016
98,-2.27985866,0.564110465,106.351471,0.157749155,-0.9956901,-0.978305826,-0.175263588,-0.324378544,0.619573343,14.3885141,0,12.4020671,15.9306922,-19.3732305,59.6808611,3.55788865,-9.64852927,-10.6832167,-0.497960011,-15.3930573,33.6788193,73.4180995,6.60934183,-8.10575688,12.5181197,-1.9775801,-0.211790879,3.57636752,9.00801633,-5.82916988,0.334149236,-2.00419479,2.53103481,-9.40036716,7.06736322,-4.56039052,-3.21353784
99,-2.27687955,0.566094602,106.351256,0.159676445,-0.996777393,-0.989844375,-0.170257926,-0.322648611,0.62233989,14.3835571,0,12.4162807,15.9250949,-19.3586686,59.6478303,3.55756507,-9.64488964,-10.6737595,-0.496202464,-15.3996365,33.6903828,73.4279282,6.63309809,-8.09491054,12.5564371,-1.97177423,-0.216176795,3.5922667,9.00775081,-5.83148318,0.349401502,-2.00377793,2.52366056,-9.3840413,7.06909894,-4.55579807,-3.17669494
100,-2.27733571,0.569944875,106.352866,0.15825042,-0.996468117,-1.00152791,-0.166155024,-0.316022768,0.626923801,14.3816378,0,12.4083509,15.91013,-19.3527041,59.6462115,3.572571,-9.65177959,-10.658517,-0.495416566,-15.4164285,33.7193633,73.4333104,6.58742803,-8.1144372,12.527787,-1.97324998,-0.216133399,3.6048048,9.01404227,-5.83237366,0.347727012,-2.00058909,2.52382192,-9.37756372,7.05800287,-4.5423584,-3.19079139
101,-2.27581784,0.575757073,106.354332,0.153687076,-0.996230593,-0.998465678,-0.175546227,-0.307551252,0.628847459,14.3732896,0,12.4057264,15.8950813,-19.3431333,59.6379743,3.54117091,-9.65466876,-10.6500775,-0.491137506,-15.4342656,33.7627077,73.4314594,6.63679066,-8.09759139,12.5653957,-1.96582428,-0.213502015,3.59607325,9.00098807,-5.82915707,0.345121882,-2.00542315,2.5261318,-9.39096882,7.06857472,-4.53851087,-3.17805927
102,-2.27201954,0.577088678,106.355631,0.15252065,-0.994196145,-1.00004965,-0.17250778,-0.310246028,0.633575658,14.3585842,0,12.3964612,15.8927642,-19.3302396,59.6281935,3.5316682,-9.66801751,-10.6500826,-0.491362582,-15.4390177,33.7716654,73.4369509,6.63524917,-8.11088464,12.5855465,-1.96494724,-0.213197631,3.60383491,8.99875972,-5.83501951,0.344226353,-2.00366886,2.52810381,-9.38314142,7.06566037,-4.55090126,-3.18141076
103,-2.27199513,0.580528472,106.358576,0.143607896,-0.991606005,-0.995893307,-0.172247192,-0.301814453,0.635122269,14.3346888,0,12.3811394,15.8862653,-19.3417673,59.6210901,3.51486359,-9.67012633,-10.6315882,-0.492581397,-15.4500518,33.7831607,73.4371421,6.59267105,-8.12025822,12.5363913,-1.95583214,-0.205865157,3.60667499,8.97227566,-5.82749904,0.343623242,-2.00951679,2.53912645,-9.39184564,7.0735518,-4.55234157,-3.19379624
104,-2.27087736,0.583307678,106.353211,0.142339209,-0.989282006,-1.00167505,-0.166763938,-0.305301398,0.638638749,14.3266684,0,12.3675729,15.8845833,-19.3489851,59.6154688,3.50005232,-9.66740536,-10.6333896,-0.488523197,-15.4553691,33.7723143,73.4267056,6.62105134,-8.11043727,12.5637846,-1.95635337,-0.205848521,3.61379418,8.97148677,-5.83970929,0.348054727,-2.00461677,2.5380475,-9.38179587,7.05781291,-4.54826523,-3.16492098
105,-2.27222331,0.582943251,106.35376,0.152960282,-0.989161668,-1.00451518,-0.167062518,-0.317179871,0.645473741,14.3114755,0,12.3535856,15.8778471,-19.3471204,59.6181326,3.52451187,-9.65843817,-10.6358203,-0.490157587,-15.4584769,33.7708629,73.4452359,6.60274515,-8.13381957,12.5219736,-1.95839474,-0.219676199,3.6146407,8.97447583,-5.82765102,0.352308921,-2.00224114,2.52486331,-9.38707646,7.05282986,-4.54405015,-3.15709209
106,-2.27221344,0.587210711,106.354213,0.146157101,-0.989342402,-0.999691782,-0.176552786,-0.315221021,0.651562641,14.3085411,0,12.3399201,15.8772972,-19.3367471,59.6189044,3.54217965,-9.66096193,-10.6717223,-0.491793044,-15.4708634,33.786726,73.4368621,6.63704679,-8.1426971,12.5399268,-1.95657684,-0.213211452,3.61368319,8.971357,-5.82741281,0.345077379,-2.00373482,2.53155369,-9.39379822,7.05436238,-4.53858514,-3.18092219
107,-2.26773228,0.586479483,106.3537,0.136884942,-0.985806558,-0.988810134,-0.182623797,-0.320514498,0.644852994,14.2969161,0,12.3402641,15.8995005,-19.3570361,59.6048138,3.53938418,-9.65582648,-10.6757667,-0.494567648,-15.4619978,33.8018173,73.44471,6.66119748,-8.16561495,12.5177876,-1.95532244,-0.202329346,3.60826087,8.96384123,-5.82823115,0.358768573,-1.99631659,2.54607809,-9.39917273,7.04467888,-4.53550473,-3.23547704
108,-2.26878636,0.587027054,106.353128,0.136252301,-0.984239653,-0.977633241,-0.188299498,-0.324097545,0.652455581,14.2722984,0,12.3368268,15.9077377,-19.3705872,59.5759016,3.54171306,-9.64661084,-10.6790972,-0.508643654,-15.4682867,33.8034395,73.4500921,6.64377922,-8.14878622,12.5065733,-1.95270263,-0.204177033,3.60318135,8.94926219,-5.83061703,0.359844061,-1.99690441,2.54597607,-9.41238402,7.03913277,-4.53768996,-3.21974306
109,-2.26981249,0.584225496,106.352282,0.154834542,-0.983555618,-0.982105662,-0.188065884,-0.342344743,0.653568742,14.2659352,0,12.3327321,15.8965225,-19.3412823,59.5796104,3.57105619,-9.66006461,-10.681878,-0.514544937,-15.4836939,33.8171169,73.4556178,6.62483868,-8.15483435,12.4887866,-1.95564943,-0.225856907,3.60496104,8.9538461,-5.82462994,0.3669644,-1.99515397,2.52542851,-9.41198275,7.03279606,-4.55749025,-3.23730007
110,-2.26502717,0.58250553,106.361485,0.157539973,-0.983281159,-0.975315393,-0.193679539,-0.35314554,0.651184526,14.2571969,0,12.3491997,15.906387,-19.3208566,59.5615035,3.59153972,-9.66754879,-10.7026921,-0.509898968,-15.4910159,33.8242852,73.4490813,6.6025014,-8.15608598,12.4786865,-1.95514058,-0.227517016,3.60279373,8.95917194,-5.80713185,0.351686947,-1.99127186,2.52053105,-9.41481045,7.03328741,-4.53723789,-3.21176775
111,-2.26568785,0.583344512,106.362641,0.161013502,-0.982807643,-0.978633459,-0.194322284,-0.360688069,0.658282053,14.2626132,0,12.3561563,15.8950574,-19.2762555,59.5528087,3.62112041,-9.66168507,-10.7044466,-0.506496733,-15.5003493,33.8285575,73.4350111,6.63695117,-8.16524185,12.5042126,-1.95907157,-0.230977361,3.61048068,8.96584674,-5.80149694,0.336322517,-1.98738633,2.51776418,-9.40540357,7.02568626,-4.53145784,-3.24495457
112,-2.26515252,0.589978276,106.361651,0.149039669,-0.981549956,-0.971092253,-0.2072025,-0.348068548,0.661986257,14.2571328,0,12.361407,15.8895472,-19.2770222,59.5394762,3.60721628,-9.65626702,-10.6901826,-0.523074723,-15.5095291,33.8627358,73.4442523,6.70240743,-8.16766315,12.5026374,-1.94871252,-0.220166559,3.60537554,8.93989373,-5.78997655,0.317002553,-1.99391301,2.53140813,-9.42594365,7.03809885,-4.53222837,-3.27715977
113,-2.26789713,0.586291263,106.363189,0.159371946,-0.980361077,-0.9722998,-0.200361211,-0.364652034,0.665368001,14.2483321,0,12.3699712,15.8987696,-19.2797543,59.5226602,3.59975216,-9.6708768,-10.6777252,-0.521702549,-15.5177817,33.8621655,73.434895,6.7051664,-8.16063403,12.5010365,-1.95348768,-0.228875637,3.60969308,8.9429972,-5.77577872,0.303595132,-1.98916965,2.52184799,-9.417096,7.02066351,-4.53135069,-3.29229333
114,-2.26869509,0.584246404,106.363142,0.170313453,-0.9789376,-0.976586558,-0.191722383,-0.376463218,0.667959417,14.2480384,0,12.3855304,15.8985921,-19.2625729,59.5027639,3.60457727,-9.68150628,-10.6807723,-0.519016417,-15.5250336,33.853112,73.4242809,6.70900838,-8.15655641,12.4763411,-1.95431605,-0.242576223,3.62247663,8.94545094,-5.77663889,0.324801588,-1.98509993,2.50783864,-9.41151659,7.01035675,-4.5229423,-3.25920854
115,-2.26650741,0.582501525,106.359291,0.169795245,-0.978258302,-0.97235267,-0.194754146,-0.380274731,0.669495783,14.2502838,0,12.39728,15.9042338,-19.2595967,59.489445,3.60474802,-9.68651622,-10.6826464,-0.518356556,-15.528973,33.8733875,73.4204355,6.73425063,-8.16207777,12.4506024,-1.95322343,-0.242157047,3.62147259,8.94359228,-5.78550875,0.334898956,-1.98365107,2.50751548,-9.41062183,7.00898517,-4.52184734,-3.23006967
116,-2.26427745,0.586936763,106.360841,0.152753253,-0.978461461,-0.96720738,-0.207860812,-0.369177941,0.676449769,14.2574863,0,12.4097306,15.9058782,-19.2518393,59.4798828,3.61619926,-9.67789909,-10.6903227,-0.528780973,-15.5270281,33.8803303,73.4166447,6.7742448,-8.15828872,12.4422696,-1.94788543,-0.223701235,3.61349109,8.93074299,-5.78344774,0.334545174,-1.98706531,2.52489682,-9.42452297,7.01548196,-4.50792955,-3.23494066
117,-2.26406157,0.588851422,106.355226,0.149491771,-0.977671959,-0.968489365,-0.208924188,-0.36859983,0.682746456,14.2718049,0,12.4131568,15.9075311,-19.2689233,59.4723422,3.62347512,-9.65499319,-10.6920473,-0.535360046,-15.5307556,33.887,73.4062833,6.77535983,-8.15262649,12.4017188,-1.94633988,-0.22250167,3.61479011,8.92740558,-5.79992087,0.348840493,-1.9868491,2.53033771,-9.42480728,7.0138918,-4.52192546,-3.24425042
118,-2.26532426,0.587492017,106.352365,0.148219038,-0.978436993,-0.973202983,-0.208769228,-0.367359003,0.686577712,14.2786018,0,12.4346924,15.9169123,-19.2655833,59.456865,3.62867033,-9.65707555,-10.7076039,-0.535967559,-15.5344422,33.8791214,73.3946242,6.77943916,-8.13509852,12.3940638,-1.94062067,-0.221775362,3.61533055,8.91872527,-5.80385634,0.355747068,-1.99131967,2.53271888,-9.43098348,7.02249656,-4.52201212,-3.21535296
119,-2.26771254,0.583212636,106.349051,0.160831549,-0.978841633,-0.97923777,-0.205866424,-0.391910118,0.693698505,14.2742834,0,12.4347359,15.9302671,-19.266181,59.4640504,3.64278577,-9.65806336,-10.723479,-0.548767974,-15.5238145,33.8771338,73.3989067,6.77897769,-8.14850276,12.3751408,-1.94754883,-0.237468015,3.62267513,8.93299524,-5.81411828,0.3883077,-1.98434669,2.51573177,-9.40929592,7.0030476,-4.52100765,-3.17740571
120,-2.26528421,0.581849227,106.355011,0.158517948,-0.979008191,-0.973276198,-0.211289581,-0.392665388,0.696772677,14.2670861,0,12.4385779,15.9423616,-19.295433,59.4648427,3.63173239,-9.63988055,-10.7213975,-0.55508766,-15.5201381,33.887082,73.3994121,6.80327353,-8.13560908,12.3584529,-1.94506114,-0.235722555,3.62077762,8.92702053,-5.80689663,0.39116408,-1.98484166,2.51678021,-9.42225023,7.00611777,-4.50528584,-3.15992363
121,-2.26657204,0.584536372,106.353271,0.144698135,-0.97913781,-0.975064556,-0.211445274,-0.380699643,0.701801617,14.2731394,0,12.4352524,15.9473613,-19.3045086,59.4789402,3.63861423,-9.62476961,-10.7347146,-0.55625098,-15.5224962,33.8958212,73.3857723,6.79480281,-8.15434599,12.3153083,-1.94181126,-0.222278995,3.62202114,8.92118328,-5.82132882,0.405652272,-1.9870826,2.53203458,-9.42523502,7.00677347,-4.50350316,-3.16744388
122,-2.26854924,0.586249167,106.35277,0.140445406,-0.979897752,-0.974913248,-0.219637459,-0.377408159,0.709216374,14.2805672,0,12.4403742,15.9514509,-19.3109682,59.4844453,3.64477634,-9.61364237,-10.7394855,-0.559889443,-15.5248817,33.8997793,73.3732389,6.79432299,-8.14983551,12.3023233,-1.93645404,-0.219811429,3.627271,8.90968807,-5.82088571,0.418771731,-1.99144218,2.53709639,-9.4346197,7.01734831,-4.50973869,-3.16842956
123,-2.26780809,0.587559957,106.355405,0.13634642,-0.979764755,-0.977337025,-0.224199092,-0.374833978,0.709390651,14.2780366,0,12.4498827,15.9545023,-19.2985868,59.4883249,3.64763521,-9.60563569,-10.741164,-0.560784784,-15.526649,33.9113565,73.3736009,6.81273419,-8.15130912,12.3300112,-1.93509675,-0.21411872,3.6256151,8.90827764,-5.81919225,0.416328178,-1.99147057,2.54116612,-9.43239818,7.0186772,-4.50082444,-3.14465517
124,-2.26963963,0.586616341,106.357348,0.140703362,-0.979096245,-0.977414972,-0.220023365,-0.381230984,0.70947272,14.2819793,0,12.4574557,15.9556446,-19.3032467,59.4992532,3.62640228,-9.60859828,-10.7244087,-0.573996398,-15.5299087,33.947577,73.3798027,6.8279049,-8.14715039,12.3457471,-1.93319433,-0.219045874,3.62827631,8.89959305,-5.81181053,0.406658204,-1.9923681,2.53680035,-9.43178347,7.01572059,-4.50068741,-3.15369065
125,-2.27256995,0.58510364,106.356168,0.147559652,-0.97907707,-0.980771205,-0.215663236,-0.393181947,0.714624123,14.2785771,0,12.4665765,15.9614947,-19.3055553,59.5045876,3.61912557,-9.61427673,-10.6980894,-0.585800566,-15.5263775,33.9607046,73.3871998,6.83004403,-8.14147365,12.3612303,-1.935431,-0.22573439,3.6349524,8.90021289,-5.80994247,0.393252677,-1.98944115,2.53157205,-9.42485509,7.00611051,-4.50315525,-3.15299291
126,-2.27830689,0.585650094,106.353176,0.14924787,-0.980275238,-0.978481621,-0.226709186,-0.396832817,0.731531723,14.2943992,0,12.4689005,15.9564557,-19.2872658,59.5062268,3.60921155,-9.61144647,-10.6860854,-0.610788226,-15.5229556,33.9911228,73.3946037,6.8358642,-8.13849739,12.3412963,-1.93305623,-0.227662611,3.62786181,8.88748313,-5.80037039,0.392671284,-1.99551468,2.53167578,-9.43513026,7.01720146,-4.51328143,-3.17800591
127,-2.27991529,0.587372249,106.351697,0.145445254,-0.978062532,-0.990437175,-0.219243936,-0.397376777,0.734684336,14.3099993,0,12.4753004,15.9608441,-19.2853994,59.5172781,3.60130689,-9.63089885,-10.6594229,-0.628423401,-15.5166547,34.0242868,73.410682,6.87121854,-8.15486594,12.3539894,-1.93071881,-0.22223756,3.63820528,8.88004591,-5.80015609,0.395595485,-1.99402357,2.53947757,-9.42807211,7.00293405,-4.51268165,-3.22810556
128,-2.28266269,0.588621898,106.355178,0.149422602,-0.978139041,-1.0037229,-0.207698462,-0.401384604,0.740377885,14.3056024,0,12.4879192,15.9589965,-19.2661895,59.5227081,3.59833661,-9.64200388,-10.6592726,-0.621544707,-15.5218764,34.007447,73.3969055,6.86165158,-8.16675986,12.3504258,-1.93097815,-0.224959537,3.65275102,8.88411499,-5.79228899,0.380493697,-1.99251388,2.53462301,-9.41424952,6.99533333,-4.4974435,-3.22845198
129,-2.28706114,0.590071827,106.350327,0.159323914,-0.977287088,-1.01509311,-0.19805122,-0.402977159,0.754297064,14.313318,0,12.4821067,15.948239,-19.2692836,59.5328167,3.58799997,-9.64919522,-10.655522,-0.635062505,-15.5387811,34.0195194,73.3842764,6.90540876,-8.16016104,12.3933279,-1.93215294,-0.236603009,3.66226248,8.88108239,-5.79029372,0.36297757,-1.99181422,2.52306548,-9.39433866,6.98665002,-4.51178732,-3.21188152
130,-2.28794478,0.591026153,106.351161,0.15555229,-0.977216389,-1.01793258,-0.202262299,-0.399738022,0.759397241,14.3196325,0,12.4860614,15.953085,-19.280316,59.5428639,3.60056026,-9.646172,-10.6441275,-0.639289271,-15.5408609,34.0308404,73.3831221,6.87440141,-8.18662547,12.3750315,-1.93058925,-0.23246186,3.6635218,8.87742141,-5.7858985,0.357098191,-1.99241847,2.52796592,-9.40008797,6.98448442,-4.5032419,-3.22765221
131,-2.28912551,0.591410743,106.351554,0.150792037,-0.976571762,-1.02484617,-0.20280095,-0.397436008,0.759289825,14.3272029,0,12.4920916,15.9683539,-19.3096773,59.5431235,3.604935,-9.62757511,-10.6665058,-0.648952548,-15.5389758,34.0513344,73.3938865,6.90323036,-8.18016411,12.395061,-1.92573214,-0.227243649,3.67249112,8.86685425,-5.78746176,0.36252579,-1.99585769,2.53521489,-9.40012639,6.98624362,-4.51054722,-3.26196793
132,-2.29215585,0.591165619,106.357884,0.152887866,-0.976694601,-1.03577097,-0.197250514,-0.403199887,0.766742682,14.3293066,0,12.4936104,15.9770129,-19.311822,59.5567975,3.61309323,-9.64225916,-10.6873993,-0.650090362,-15.540878,34.0445998,73.3909837,6.88280169,-8.19740863,12.3987374,-1.92513492,-0.228205825,3.68273213,8.86931312,-5.77804207,0.359461677,-1.99552109,2.53326466,-9.39161939,6.98086442,-4.50372172,-3.26720242
133,-2.29430366,0.588562898,106.357896,0.164530376,-0.975790206,-1.04599396,-0.181843181,-0.419067964,0.774002159,14.3262586,0,12.4990199,15.9955825,-19.3278268,59.5512787,3.62357586,-9.6413072,-10.703639,-0.64474211,-15.5427375,34.0367246,73.3893376,6.87253762,-8.21450032,12.419788,-1.92657097,-0.239161955,3.69223933,8.87174125,-5.77594648,0.351845936,-1.99160035,2.52077501,-9.37461051,6.96831822,-4.50694557,-3.25133248
134,-2.29615401,0.58624018,106.352091,0.170327261,-0.974670529,-1.04593519,-0.181682645,-0.429132088,0.771447935,14.3247628,0,12.5115422,16.0060822,-19.3461232,59.5517773,3.61543769,-9.64407258,-10.6959294,-0.638664522,-15.5454388,34.0382819,73.3811619,6.86844079,-8.20066748,12.4273747,-1.92637588,-0.244419627,3.69071406,8.86895539,-5.78006936,0.341214213,-1.98971585,2.51546689,-9.37251791,6.96107054,-4.51260396,-3.27437262
135,-2.29723584,0.587979611,106.352639,0.158344958,-0.975668391,-1.04555413,-0.185201833,-0.421312828,0.779299131,14.321381,0,12.5190452,16.0073748,-19.3409186,59.5523921,3.62199937,-9.63761463,-10.6676669,-0.645387083,-15.5411648,34.0668628,73.3962771,6.88555426,-8.22162335,12.4008274,-1.92465425,-0.231080961,3.6937821,8.86546004,-5.78450001,0.338594462,-1.99240545,2.52786496,-9.36785289,6.96282888,-4.50047098,-3.26610788
136,-2.29854155,0.586737366,106.35767,0.160601825,-0.976432248,-1.0422044,-0.189805594,-0.423052125,0.789130922,14.3227189,0,12.5258498,16.0039358,-19.3309448,59.5546324,3.62989208,-9.64270227,-10.6506162,-0.641829034,-15.5459801,34.0600429,73.3917623,6.84507173,-8.22351959,12.395651,-1.92306153,-0.233112782,3.68832862,8.85806636,-5.76998373,0.339598793,-1.9938844,2.52581207,-9.37976474,6.96766764,-4.49409671,-3.24680363
137,-2.30197795,0.584805058,106.361032,0.167059458,-0.978745822,-1.03922476,-0.195428894,-0.432556707,0.804055792,14.3300272,0,12.5277665,16.0002355,-19.3014316,59.5556569,3.64678229,-9.63317586,-10.6290354,-0.633052988,-15.5496104,34.0480286,73.3784161,6.83832777,-8.20846158,12.4225765,-1.92467282,-0.239998066,3.68298784,8.86362528,-5.76487816,0.345034103,-1.99469997,2.51983672,-9.3772444,6.97353094,-4.50648326,-3.2405015
138,-2.30363514,0.583192986,106.360066,0.167569973,-0.979368712,-1.02662077,-0.205425943,-0.437272713,0.80939001,14.3252802,0,12.5403195,16.0063485,-19.294837,59.5428161,3.64258172,-9.61751851,-10.6171056,-0.623768467,-15.5497794,34.0452282,73.372187,6.81499072,-8.1947218,12.401338,-1.92249249,-0.238499213,3.67345588,8.8524417,-5.75766847,0.352122078,-1.99791165,2.5188314,-9.39394849,6.97980489,-4.50533834,-3.22952838
139,-2.30547134,0.582577847,106.356871,0.16427098,-0.980464902,-1.02392774,-0.20728026,-0.435829462,0.81487844,14.3184312,0,12.5346078,16.0055033,-19.306655,59.5594886,3.63174136,-9.6314999,-10.6102233,-0.623091051,-15.5509679,34.0684645,73.3756363,6.80369615,-8.19363409,12.3806775,-1.92624782,-0.234182934,3.6815488,8.85891501,-5.75796814,0.34809851,-1.99560006,2.52101663,-9.38402251,6.97169618,-4.49811499,-3.2411064
140,-2.30703317,0.583241507,106.353235,0.161708625,-0.98108527,-1.01937798,-0.210075168,-0.438055757,0.82413244,14.3074175,0,12.539336,16.0160184,-19.3207764,59.5447764,3.6420861,-9.62380143,-10.5864748,-0.614896905,-15.5546681,34.0569215,73.3615387,6.772746,-8.18683635,12.3616349,-1.92680533,-0.232868176,3.6750772,8.85640491,-5.76053331,0.351183861,-1.99391514,2.52267125,-9.38886,6.96762325,-4.48829532,-3.21756274
141,-2.30758432,0.579415867,106.3573,0.164348588,-0.981666204,-1.01482361,-0.216779906,-0.443349527,0.830855,14.308314,0,12.5533302,16.0268937,-19.3218197,59.526007,3.65929135,-9.6107865,-10.6076654,-0.607008677,-15.5472949,34.0588647,73.3738809,6.78402051,-8.18094531,12.3429749,-1.92760446,-0.23408443,3.67868268,8.85769667,-5.75683561,0.361993569,-1.99315059,2.52055069,-9.39380505,6.96734961,-4.49132749,-3.20314677
142,-2.30903439,0.578191411,106.359756,0.164795049,-0.981840292,-1.01409488,-0.214836623,-0.445064571,0.838945092,14.299468,0,12.5500747,16.0390122,-19.341576,59.5234594,3.64858033,-9.61633603,-10.6304859,-0.591250523,-15.5539851,34.0488209,73.3575021,6.7595727,-8.17048231,12.3167504,-1.9274971,-0.23621102,3.67227767,8.85990112,-5.75450567,0.378332823,-1.99301654,2.51944227,-9.3929675,6.96755452,-4.48474532,-3.17799844
143,-2.31071133,0.575322285,106.353283,0.168041658,-0.981921567,-1.00486747,-0.219810015,-0.448506133,0.840423668,14.3038761,0,12.5517823,16.0394596,-19.3601388,59.5209459,3.65483977,-9.61725896,-10.6212652,-0.582177417,-15.5553716,34.0450062,73.3730681,6.72342947,-8.17614369,12.3006567,-1.9297246,-0.2413819,3.67282324,8.85610097,-5.764196,0.398143146,-1.99163001,2.51502229,-9.39467419,6.961278,-4.50131238,-3.17046346
144,-2.30977852,0.575584266,106.35345,0.158189947,-0.981558454,-0.995248208,-0.224586518,-0.441014322,0.842656019,14.2920829,0,12.5510173,16.0501574,-19.3910146,59.5117114,3.63464974,-9.59540918,-10.623748,-0.586162192,-15.558645,34.0694344,73.3890986,6.72225468,-8.15434941,12.2946436,-1.92704268,-0.229568208,3.66831873,8.84528024,-5.7608889,0.379337661,-1.99274248,2.52650896,-9.40724089,6.96442117,-4.49064533,-3.18007653
145,-2.31165178,0.575898075,106.350517,0.156696407,-0.982345216,-0.99128787,-0.225768995,-0.441929354,0.852810216,14.296981,0,12.5457973,16.0529612,-19.3926744,59.5118685,3.64354435,-9.60018178,-10.6266781,-0.588467968,-15.5611602,34.0742975,73.401789,6.71311589,-8.16176699,12.2888601,-1.92683457,-0.227185672,3.66689805,8.84331827,-5.76510441,0.380036021,-1.99382699,2.52657491,-9.40861461,6.9615256,-4.47875397,-3.16093748
146,-2.31170114,0.572661124,106.35097,0.163607422,-0.982578865,-0.979357454,-0.230006594,-0.454377107,0.860699511,14.2959249,0,12.5504709,16.0517112,-19.3786981,59.5074767,3.66810528,-9.59654043,-10.6257501,-0.574047304,-15.5581515,34.0554564,73.4030253,6.69850056,-8.15474556,12.2889506,-1.92738035,-0.233590682,3.66536979,8.83901269,-5.75236952,0.373800325,-1.99289979,2.52002433,-9.42314755,6.96601431,-4.48766993,-3.1538565
147,-2.31256112,0.574885029,106.351519,0.15999731,-0.982718773,-0.983550823,-0.217263408,-0.451078659,0.869462697,14.2937315,0,12.5464368,16.0421968,-19.3713659,59.5131594,3.68004701,-9.60542993,-10.5981621,-0.559940936,-15.564881,34.0425576,73.3937499,6.69918828,-8.14027239,12.2803275,-1.92767703,-0.230058407,3.66531088,8.84021566,-5.75622773,0.366856424,-1.99292988,2.52419673,-9.41472507,6.96265685,-4.48541169,-3.19021466
148,-2.31612064,0.574983563,106.355822,0.164654486,-0.983524891,-0.979528147,-0.219116044,-0.45817053,0.87381689,14.2993306,0,12.5437952,16.0450586,-19.3767037,59.5101268,3.65971696,-9.6048929,-10.5935611,-0.569584896,-15.567374,34.0646225,73.4203672,6.70007705,-8.15448857,12.3074476,-1.92897455,-0.232601772,3.66805149,8.83779094,-5.7323353,0.343442029,-1.99456486,2.52135387,-9.42206838,6.96572659,-4.48660399,-3.22866756
149,-2.31661554,0.574550265,106.358373,0.171295053,-0.983574171,-0.977591381,-0.212105655,-0.467683383,0.881549464,14.2873206,0,12.5430046,16.0429857,-19.3781585,59.5027502,3.65313308,-9.59839483,-10.5703751,-0.563183675,-15.5744005,34.0718181,73.4198686,6.715477,-8.14698817,12.322042,-1.9306646,-0.238875488,3.6634377,8.83900842,-5.72448656,0.3200795,-1.99309637,2.5148827,-9.42475947,6.96493002,-4.4852832,-3.23127477
150,-2.31692549,0.574647449,106.353807,0.17894489,-0.983262296,-0.975495273,-0.211147414,-0.474109204,0.889934802,14.2949994,0,12.5493482,16.0372825,-19.3625515,59.4907769,3.65980916,-9.5959206,-10.5669379,-0.556589874,-15.5804487,34.070254,73.4190353,6.7146181,-8.14560676,12.3427358,-1.93507114,-0.248433137,3.66720284,8.84453063,-5.72740689,0.325118312,-1.98727107,2.50540837,-9.4141445,6.9544666,-4.48961824,-3.21760244
151,-2.31915396,0.574880419,106.356657,0.174182171,-0.984922765,-0.97207858,-0.211089798,-0.471766289,0.894257565,14.2948363,0,12.5517925,16.0405285,-19.3719225,59.492423,3.65890118,-9.58987161,-10.561151,-0.54623392,-15.5845844,34.0712683,73.4161324,6.68652639,-8.14167684,12.3477159,-1.93255187,-0.241688458,3.66215107,8.83847396,-5.71984843,0.315424432,-1.99036899,2.51249832,-9.42226474,6.95912308,-4.48252252,-3.24404488
152,-2.32172534,0.579544809,106.359684,0.169569539,-0.986115138,-0.964898935,-0.216670809,-0.464025283,0.906307086,14.2878695,0,12.5522049,16.0339203,-19.3822054,59.4898207,3.68500061,-9.58874036,-10.5558064,-0.543241657,-15.5932655,34.0884325,73.4131613,6.70439715,-8.14655531,12.3457385,-1.92670245,-0.238825035,3.65033014,8.82488018,-5.7029975,0.307653171,-1.99599194,2.51690059,-9.4417453,6.97622758,-4.48815103,-3.25198134
153,-2.32206844,0.579066249,106.3604,0.166500365,-0.986126806,-0.959050822,-0.222467172,-0.462833842,0.913243143,14.286255,0,12.5436433,16.0326823,-19.3940455,59.500264,3.70729477,-9.59429245,-10.571812,-0.539529236,-15.5979647,34.0896859,73.4065975,6.71434788,-8.14864449,12.3544726,-1.92920678,-0.235614446,3.64767149,8.82726391,-5.70002295,0.30961541,-1.99179373,2.51997183,-9.44401036,6.96358661,-4.47997486,-3.27943251
154,-2.32747123,0.576331839,106.353343,0.175991621,-0.986584819,-0.958579432,-0.226371866,-0.473634612,0.923047453,14.2921819,0,12.5460022,16.0379006,-19.404938,59.4938505,3.7026797,-9.59482862,-10.5764907,-0.541831863,-15.606511,34.0801339,73.3937909,6.69337493,-8.14711111,12.3609528,-1.93380179,-0.245778167,3.64600834,8.83318739,-5.71387885,0.313338663,-1.98775986,2.51061255,-9.43444041,6.95580275,-4.50528157,-3.26762376
155,-2.33024955,0.578167802,106.360316,0.163247757,-0.989360452,-0.948313679,-0.24164601,-0.456438544,0.931214545,14.3091106,0,12.5469303,16.032515,-19.4182671,59.4990961,3.7186346,-9.59736177,-10.583058,-0.533233616,-15.6157027,34.0729417,73.3829582,6.68368076,-8.15177528,12.3568649,-1.93052629,-0.232613725,3.63421815,8.8268541,-5.69850025,0.323891226,-1.99391471,2.52097693,-9.45247467,6.97174527,-4.46905851,-3.24821257
156,-2.33242586,0.575762615,106.358933,0.17336423,-0.989377414,-0.952021889,-0.23959818,-0.466118149,0.941238808,14.307006,0,12.5396382,16.0351412,-19.4330562,59.5027434,3.71459368,-9.58600231,-10.603861,-0.535024086,-15.6170756,34.0698169,73.380472,6.67696071,-8.15411206,12.363725,-1.93884674,-0.243655873,3.64041399,8.83960777,-5.70027823,0.325899915,-1.98681751,2.51006763,-9.43374629,6.95215031,-4.47732176,-3.26144222
157,-2.33300962,0.576151954,106.358445,0.168163044,-0.98827696,-0.940523653,-0.246058685,-0.462374298,0.955447415,14.3063674,0,12.5351346,16.0252938,-19.426716,59.5097239,3.75086925,-9.58650945,-10.6044467,-0.533252025,-15.6245922,34.0393406,73.3695915,6.6702859,-8.17688391,12.3740454,-1.93394992,-0.237726228,3.62418589,8.82280721,-5.70481817,0.312306718,-1.98947061,2.51736504,-9.45321489,6.95915638,-4.48715297,-3.24661089
158,-2.33654864,0.576546835,106.358922,0.163824863,-0.988952992,-0.937226404,-0.248471797,-0.453635125,0.966567604,14.3105125,0,12.5265157,16.0186719,-19.4380046,59.5086788,3.7389685,-9.56954411,-10.6119531,-0.534267002,-15.6334065,34.0379301,73.3580144,6.6924964,-8.20306402,12.3596004,-1.93050217,-0.233951775,3.62530518,8.81465709,-5.70744011,0.322049876,-1.99455782,2.52138674,-9.45591794,6.96425725,-4.48296777,-3.26170583
159,-2.34121569,0.575780077,106.361079,0.163294929,-0.988653893,-0.943865736,-0.242240636,-0.451835156,0.976789302,14.3079289,0,12.5346044,16.0130916,-19.4194436,59.49592,3.73357734,-9.56553991,-10.6191675,-0.52922264,-15.6369395,34.0259807,73.3490805,6.68506003,-8.19709956,12.3351893,-1.93155722,-0.233321263,3.63433042,8.81627926,-5.70584612,0.331492613,-1.99294461,2.52179058,-9.44747241,6.95291999,-4.47373976,-3.24894789
160,-2.34273672,0.574921584,106.364346,0.173537179,-0.988871928,-0.943560742,-0.245930326,-0.46339285,0.977872207,14.321153,0,12.5551231,16.0127177,-19.4070912,59.4806887,3.73856551,-9.56142216,-10.6206197,-0.514909285,-15.6365655,34.003465,73.3440603,6.67035634,-8.17442248,12.3548543,-1.92945736,-0.244822048,3.62970767,8.81042493,-5.68732947,0.335380698,-1.99411087,2.50819786,-9.45319611,6.95545313,-4.46376981,-3.19730909
161,-2.34565418,0.57383189,106.368899,0.180952691,-0.988542717,-0.949043593,-0.230959698,-0.470543791,0.988828578,14.3063836,0,12.5464283,16.0071511,-19.4161736,59.4837145,3.72983482,-9.55272904,-10.5965006,-0.516416623,-15.6448386,34.0184436,73.3401944,6.68561797,-8.17114313,12.3701215,-1.93255891,-0.251454081,3.63427066,8.81463831,-5.67570833,0.318249676,-1.99083024,2.50296572,-9.44844144,6.94453209,-4.45689779,-3.23086005
162,-2.3461936,0.57324064,106.363356,0.186133212,-0.986825477,-0.950348765,-0.220726261,-0.478147446,0.986910468,14.3014164,0,12.5494259,16.0099139,-19.4148332,59.4904764,3.73468853,-9.56443001,-10.5997962,-0.50991647,-15.6465939,34.0222309,73.3396958,6.67200114,-8.17837716,12.3758076,-1.93017432,-0.256970793,3.63861679,8.80704997,-5.68171677,0.319403578,-1.99002855,2.49833528,-9.44658363,6.93909099,-4.47608379,-3.24203275
163,-2.35043429,0.573321246,106.363392,0.185113663,-0.988130188,-0.963483169,-0.210553575,-0.47633894,1.00690446,14.2961759,0,12.5416181,16.0063178,-19.4033943,59.4908657,3.7364123,-9.56097564,-10.5996084,-0.530244981,-15.6473914,34.0450028,73.3472705,6.66534597,-8.16342161,12.3730994,-1.9320665,-0.255279174,3.6493752,8.81012099,-5.67871362,0.314343768,-1.99044818,2.50055296,-9.42604098,6.9349933,-4.47251075,-3.23988081
164,-2.35073753,0.575099792,106.363797,0.183134501,-0.988996468,-0.975572122,-0.199993408,-0.470392193,1.01314907,14.2974676,0,12.5501012,16.0023375,-19.3895274,59.4832227,3.74139705,-9.57499887,-10.6071899,-0.53003079,-15.6537144,34.0758069,73.34363,6.70187809,-8.15012579,12.354418,-1.93042191,-0.254564939,3.66548719,8.81018332,-5.67420014,0.336887021,-1.99249745,2.49959289,-9.42167308,6.93254895,-4.44942257,-3.19910842
165,-2.35219225,0.573166227,106.36822,0.181559212,-0.990269057,-0.979250696,-0.197678281,-0.473227842,1.02342413,14.2924509,0,12.5572695,16.008249,-19.3766798,59.4691047,3.75247349,-9.57678924,-10.6202116,-0.53092101,-15.654908,34.0867148,73.3289519,6.71277438,-8.15156781,12.3240143,-1.93089896,-0.250959613,3.66532155,8.81222213,-5.66272116,0.338104076,-1.99297578,2.50229295,-9.41543541,6.93188599,-4.43392018,-3.19398535
166,-2.35382747,0.573090045,106.370771,0.185831617,-0.990839057,-0.990623987,-0.184337854,-0.474830909,1.03545038,14.2930682,0,12.5553536,16.0037855,-19.3739972,59.4701839,3.75591846,-9.58631735,-10.6145494,-0.535568473,-15.6593254,34.0954335,73.3213089,6.69773217,-8.14931726,12.3154791,-1.93307608,-0.254620434,3.68144891,8.81485944,-5.66022173,0.33138373,-1.99321078,2.49934466,-9.40463517,6.92892468,-4.4395649,-3.22126598
167,-2.35482622,0.572945504,106.361926,0.190600991,-0.990329829,-0.992672102,-0.186410483,-0.481791672,1.04351908,14.3018603,0,12.5579576,16.0064237,-19.3817461,59.4616803,3.74693847,-9.57133533,-10.609665,-0.536295728,-15.6597796,34.0998321,73.3062689,6.74166181,-8.1624022,12.2937173,-1.93245027,-0.260230608,3.68169992,8.8122392,-5.66584298,0.332169869,-1.99268592,2.49474559,-9.4011919,6.92531876,-4.45132948,-3.20704788
168,-2.35913489,0.572973769,106.355655,0.18286728,-0.99035798,-0.999211697,-0.185290986,-0.475023222,1.05546358,14.3171847,0,12.5555064,16.0070777,-19.3807454,59.4643714,3.75602689,-9.57719051,-10.604147,-0.552477834,-15.6592947,34.152971,73.3085775,6.759606,-8.1706932,12.2251353,-1.92873123,-0.251486711,3.69042164,8.80072094,-5.66984462,0.324412108,-1.99583314,2.50373113,-9.40101773,6.92237922,-4.44378895,-3.19716545
169,-2.36002915,0.574933644,106.361687,0.177896133,-0.990329272,-1.00045693,-0.189010971,-0.470497314,1.06324669,14.3327729,0,12.5587192,16.0073492,-19.3706863,59.4640777,3.75854766,-9.57717856,-10.6176631,-0.543307398,-15.6614445,34.1353218,73.2909078,6.77796298,-8.16055976,12.2509671,-1.92442287,-0.24686246,3.69326044,8.78902339,-5.65410018,0.322511688,-1.99867365,2.50954512,-9.40876914,6.92501738,-4.42648765,-3.2088837
170,-2.36219782,0.571059668,106.36487,0.190590301,-0.990584845,-1.00065673,-0.19139995,-0.485734612,1.06858918,14.3484431,0,12.5631682,16.0040297,-19.3492771,59.4655052,3.78090714,-9.57857191,-10.6234158,-0.542499194,-15.6608212,34.1333615,73.2856553,6.77469858,-8.17930436,12.2578067,-1.92937604,-0.259256532,3.69449158,8.79633255,-5.64906804,0.316302645,-1.99494927,2.49611035,-9.40041241,6.91818335,-4.43046581,-3.21653693
171,-2.36421376,0.570785906,106.35978,0.190269499,-0.990579184,-0.999382667,-0.191049489,-0.486157497,1.07476591,14.3623237,0,12.5667498,16.0132385,-19.3619744,59.4549048,3.77942883,-9.5660351,-10.6320082,-0.546015621,-15.6601792,34.138211,73.2837156,6.75196515,-8.16546725,12.2738277,-1.92906164,-0.258618736,3.69521046,8.79347411,-5.65886253,0.307337782,-1.99504148,2.49616499,-9.39918383,6.91463806,-4.43688875,-3.20421719
172,-2.36936249,0.572776981,106.350279,0.177296086,-0.988079249,-1.00534003,-0.193192248,-0.47700499,1.082028,14.3847404,0,12.5518685,16.022046,-19.3924643,59.4656555,3.7569383,-9.55459283,-10.6275592,-0.575219535,-15.6462797,34.1708763,73.3025396,6.75354975,-8.142797,12.2772317,-1.92733574,-0.244278301,3.70513643,8.77830853,-5.6739692,0.298722726,-1.99784314,2.51196642,-9.38974963,6.90468391,-4.44009766,-3.22505866
173,-2.37047467,0.572340144,106.353164,0.176004961,-0.987987947,-0.996762293,-0.204774808,-0.477736514,1.08544448,14.4128535,0,12.5625979,16.0239977,-19.3852568,59.4602733,3.77376148,-9.54331704,-10.6229027,-0.579054847,-15.6466537,34.1913635,73.3067538,6.72422732,-8.13158182,12.2831484,-1.92438766,-0.242610267,3.69678055,8.76593138,-5.66027211,0.293085525,-2.00060616,2.51461952,-9.40521488,6.90946248,-4.43831114,-3.22375217
174,-2.37341002,0.569343148,106.358325,0.189324237,-0.988501689,-0.999871256,-0.200347484,-0.495970878,1.1025111,14.4357124,0,12.5705858,16.0302252,-19.3700016,59.4434983,3.7856998,-9.54004794,-10.6167752,-0.588238143,-15.6438243,34.1825935,73.3074778,6.72292105,-8.14229156,12.2945326,-1.92727789,-0.255881004,3.7024082,8.77069372,-5.64783177,0.294865563,-1.99819041,2.50133907,-9.4045515,6.90405254,-4.42989165,-3.21485585
175,-2.37653628,0.569730718,106.357324,0.191249709,-0.988491484,-1.0018452,-0.208268463,-0.500579815,1.10980884,14.4614571,0,12.5749315,16.0376103,-19.3610728,59.4451991,3.77588951,-9.5496879,-10.6201228,-0.597825381,-15.642991,34.2009599,73.3088165,6.72484247,-8.13766667,12.3197838,-1.92724246,-0.257687163,3.70477145,8.77008328,-5.65217534,0.296784739,-1.99815519,2.49895704,-9.39924274,6.90301777,-4.4362894,-3.19298132
176,-2.38025039,0.57581556,106.354928,0.168425674,-0.988213304,-1.00190431,-0.213364317,-0.471488118,1.12262611,14.4813654,0,12.5586953,16.0317995,-19.3754452,59.4565782,3.75654129,-9.53857262,-10.6165498,-0.608680419,-15.6474938,34.208637,73.3066787,6.72970983,-8.13102943,12.3048641,-1.91925029,-0.235342279,3.70304085,8.74686832,-5.65215016,0.307452134,-2.00697211,2.52435361,-9.41073282,6.91200544,-4.42633952,-3.20280505
177,-2.38441918,0.57434272,106.356275,0.168503506,-0.98953549,-1.0066927,-0.215955507,-0.472428497,1.13445024,14.5204101,0,12.5531125,16.0325389,-19.3710773,59.4575139,3.76982644,-9.53090915,-10.6197822,-0.614412495,-15.6476646,34.2328876,73.3003949,6.76806262,-8.13645943,12.2594545,-1.91884432,-0.234955839,3.71145479,8.74369399,-5.64266601,0.307736841,-2.01101302,2.52569638,-9.41159599,6.91522289,-4.42761293,-3.20796547
178,-2.38464829,0.573471328,106.357145,0.172852072,-0.989154018,-1.01188668,-0.218558756,-0.478572199,1.13997245,14.5446266,0,12.5632502,16.0432964,-19.3693066,59.4453971,3.77227036,-9.51966409,-10.6229463,-0.618032122,-15.6466827,34.229633,73.2992269,6.78501771,-8.1566674,12.2585204,-1.91840377,-0.239265022,3.71657871,8.74431639,-5.64820572,0.311278721,-2.01034516,2.52016094,-9.41014628,6.91144878,-4.41894414,-3.18209869
179,-2.38650851,0.572934654,106.359065,0.170198611,-0.988870704,-1.02006007,-0.207388062,-0.473857074,1.14942425,14.5454121,0,12.5669957,16.0465681,-19.3590374,59.441258,3.77099013,-9.52219468,-10.6286759,-0.614941088,-15.6549421,34.2089171,73.2862564,6.77794121,-8.18067039,12.2487405,-1.92110724,-0.236039545,3.72592924,8.75282766,-5.6519619,0.306379768,-2.00552369,2.52244222,-9.39557834,6.89895936,-4.41126103,-3.17518675
180,-2.39006411,0.575777842,106.363118,0.165336773,-0.988704645,-1.02113098,-0.215512652,-0.469999938,1.15417721,14.5744062,0,12.5662939,16.0523908,-19.354258,59.4481702,3.79139489,-9.53599849,-10.6256305,-0.60912262,-15.6580345,34.2175539,73.2745699,6.80761966,-8.17708625,12.250886,-1.914292,-0.231981425,3.71770654,8.73569754,-5.63775212,0.304962584,-2.01352077,2.53017336,-9.40627783,6.91452664,-4.42148838,-3.21566117
181,-2.39203237,0.575090107,106.366217,0.156849487,-0.988847469,-1.0315748,-0.207283742,-0.466323855,1.16258272,14.5804782,0,12.5712697,16.0596855,-19.3486862,59.4338746,3.80291657,-9.52101306,-10.62237,-0.622873018,-15.6551914,34.2262316,73.2843439,6.82368256,-8.18755864,12.2775912,-1.91412636,-0.220645126,3.73081325,8.73582476,-5.64278255,0.288844458,-2.01487784,2.54104403,-9.39017737,6.91009513,-4.41391584,-3.24642328
182,-2.39390284,0.572185917,106.363285,0.174835233,-0.988596457,-1.03387889,-0.209236242,-0.48332633,1.16875871,14.5952093,0,12.5763215,16.0583656,-19.333892,59.4327749,3.80899586,-9.5242463,-10.622288,-0.623308603,-15.6633091,34.2420947,73.2750276,6.83177591,-8.17213351,12.3191298,-1.91657328,-0.241490836,3.73368919,8.7369543,-5.64436716,0.299549685,-2.01231866,2.52097864,-9.38500606,6.90012945,-4.42742937,-3.22919967
183,-2.39655096,0.568573643,106.365299,0.188120436,-0.989234126,-1.03529228,-0.205937754,-0.504276548,1.17967911,14.6094263,0,12.5841454,16.072446,-19.3153976,59.4228712,3.81138728,-9.5264183,-10.6258346,-0.633318672,-15.6608366,34.2470466,73.2802049,6.77042373,-8.17382911,12.3433804,-1.92511422,-0.253400525,3.74100304,8.75136002,-5.63511737,0.296784153,-2.00593158,2.50710098,-9.3704219,6.88757685,-4.42089629,-3.21254084
184,-2.39835829,0.571268285,106.368625,0.189512389,-0.989540819,-1.03256625,-0.210030705,-0.495923334,1.19137666,14.6136969,0,12.5903413,16.0617892,-19.2870813,59.4207265,3.81715666,-9.52837002,-10.627309,-0.64217636,-15.6802087,34.2512199,73.2756423,6.73301564,-8.14330328,12.3969931,-1.9188345,-0.255318821,3.73221386,8.73933974,-5.61680692,0.28981101,-2.01101388,2.50407371,-9.38627989,6.89739012,-4.40318006,-3.20075919
185,-2.40225401,0.57101557,106.368351,0.192741155,-0.989494611,-1.03868211,-0.20490953,-0.497225979,1.19509282,14.6175986,0,12.5921427,16.0645605,-19.2867911,59.4239025,3.81141034,-9.5254467,-10.6330242,-0.648269316,-15.6819624,34.2569504,73.2858739,6.7214453,-8.12445879,12.4301136,-1.91808937,-0.25726305,3.73533057,8.73597758,-5.61459138,0.264836263,-2.0120875,2.50467498,-9.38328144,6.8974311,-4.41421722,-3.25604104
186,-2.40280144,0.570738176,106.368554,0.195848509,-0.989935662,-1.04156598,-0.20649184,-0.502641839,1.20107404,14.6186949,0,12.5879029,16.0750432,-19.2958769,59.4335126,3.81101077,-9.51962397,-10.6431243,-0.647318212,-15.6810676,34.253566,73.2853002,6.74695648,-8.12808989,12.4508329,-1.91898263,-0.259560635,3.74066238,8.73692442,-5.60407203,0.257414622,-2.0123114,2.50075274,-9.37817587,6.89580979,-4.40786173,-3.24298107
187,-2.40165628,0.571197271,106.367481,0.191767447,-0.990183623,-1.04231016,-0.211556385,-0.497475174,1.20553148,14.6241351,0,12.5892655,16.0812023,-19.3007178,59.4392295,3.8138961,-9.52291612,-10.6476843,-0.646405635,-15.6790954,34.2559907,73.2858534,6.74489035,-8.12294761,12.4158914,-1.9177771,-0.255863982,3.74040582,8.73431272,-5.60228423,0.27694312,-2.01226103,2.50526323,-9.38414033,6.89656281,-4.39154953,-3.20489936
188,-2.40363833,0.569174904,106.363308,0.197640654,-0.990130159,-1.04504677,-0.216564781,-0.501293943,1.21329816,14.6260783,0,12.5858564,16.0868082,-19.298983,59.4370575,3.81725612,-9.51129882,-10.6548543,-0.643863737,-15.6778813,34.2326452,73.2788456,6.71379933,-8.12830248,12.401408,-1.91841594,-0.262181881,3.74546742,8.73593745,-5.6082854,0.290275596,-2.01263093,2.49895939,-9.37779424,6.89295904,-4.40042749,-3.1938114
189,-2.4050273,0.5695628,106.370378,0.19399652,-0.991060003,-1.04781097,-0.216278073,-0.495740253,1.22022151,14.6224549,0,12.580563,16.0930578,-19.302217,59.4487439,3.82441544,-9.52786544,-10.656544,-0.640069033,-15.6752073,34.2156653,73.2807854,6.73103531,-8.1226394,12.3873549,-1.91883514,-0.256856681,3.74863364,8.7370226,-5.59616651,0.284180826,-2.01354425,2.50236104,-9.38083111,6.89362071,-4.37383501,-3.20916822
190,-2.40468942,0.566670718,106.370771,0.193346306,-0.990606903,-1.04976245,-0.213362717,-0.504468381,1.21921225,14.6173425,0,12.575343,16.1093649,-19.3227725,59.4553214,3.80414387,-9.51109648,-10.6601537,-0.630552232,-15.661424,34.2075647,73.279153,6.72940631,-8.12618598,12.4195217,-1.92010299,-0.254997936,3.75408755,8.73874978,-5.59927894,0.291704706,-2.0110905,2.50423358,-9.37155913,6.8848277,-4.37449326,-3.22363627
191,-2.40386687,0.566060795,106.364226,0.189374689,-0.989522937,-1.04221399,-0.23029781,-0.503400897,1.22715298,14.6229928,0,12.5764137,16.1142689,-19.3187922,59.4459231,3.81262611,-9.50122258,-10.6505667,-0.637148807,-15.651679,34.2271093,73.2827935,6.75940493,-8.13825492,12.3888541,-1.91558461,-0.252235097,3.74922189,8.72528919,-5.60462186,0.294994936,-2.01275728,2.50956283,-9.39175856,6.88991277,-4.38267327,-3.1884561
192,-2.40492858,0.566341495,106.363845,0.181252295,-0.990661843,-1.05275377,-0.231528312,-0.495762664,1.23267049,14.6351351,0,12.5891776,16.1141033,-19.2990325,59.4316821,3.81374327,-9.50140358,-10.6415047,-0.638775513,-15.6471933,34.2388367,73.2882576,6.77350415,-8.12409765,12.4124259,-1.91422946,-0.243189632,3.7584546,8.72544372,-5.61235534,0.309783016,-2.01430816,2.51729824,-9.38386371,6.88886946,-4.3678714,-3.15913816
193,-2.40819771,0.565205654,106.368184,0.191247926,-0.991420265,-1.05409148,-0.234458516,-0.500452496,1.24330392,14.6362467,0,12.5941961,16.1067301,-19.2680268,59.4190394,3.82477702,-9.49201463,-10.6529709,-0.650812227,-15.654061,34.2490376,73.3026693,6.76634696,-8.09511715,12.4666901,-1.91616304,-0.254798099,3.75820743,8.72913032,-5.60420991,0.319495892,-2.01479994,2.50465427,-9.38588545,6.88679906,-4.36870809,-3.14562633
194,-2.40973402,0.565018505,106.370926,0.188727619,-0.991427627,-1.0535161,-0.226051754,-0.49187586,1.2474522,14.6423017,0,12.5946289,16.1037675,-19.2750534,59.408398,3.80276972,-9.49587796,-10.6466769,-0.647681066,-15.6629335,34.253911,73.3047594,6.73851138,-8.07438838,12.4944352,-1.91647317,-0.252034461,3.75658825,8.72861976,-5.60580348,0.311632077,-2.01500079,2.50811206,-9.38385347,6.88843318,-4.37005834,-3.16398417
195,-2.41137277,0.56832782,106.36729,0.180302247,-0.9906763,-1.04997912,-0.228364173,-0.480435666,1.25187965,14.6538942,0,12.5919233,16.1016758,-19.2707948,59.3972853,3.78893176,-9.48286133,-10.6537043,-0.66518508,-15.6636131,34.2911047,73.3231804,6.76926132,-8.05929879,12.4867205,-1.90859839,-0.243886845,3.75242994,8.70629187,-5.60840322,0.313271429,-2.02201262,2.5181138,-9.39322363,6.89863279,-4.38101012,-3.15915416
196,-2.40963921,0.571456458,106.363261,0.163633784,-0.991032662,-1.05062641,-0.233811276,-0.46169939,1.26022956,14.6720233,0,12.5939544,16.095351,-19.272393,59.3838913,3.79496068,-9.46951599,-10.6378728,-0.672656079,-15.6683686,34.3168272,73.3269848,6.79630674,-8.0442459,12.4992428,-1.90541851,-0.226402201,3.7569686,8.69832275,-5.61586691,0.313874993,-2.0238557,2.53564263,-9.39215385,6.90172046,-4.36777236,-3.12942
197,-2.41208188,0.568597624,106.36555,0.173976366,-0.99137461,-1.05868949,-0.228534928,-0.467238834,1.26955789,14.6901318,0,12.5895456,16.0919854,-19.26649,59.3816578,3.80431718,-9.48054845,-10.6542909,-0.663094401,-15.6695622,34.2798076,73.3204142,6.75667243,-8.03823619,12.4550139,-1.9076347,-0.237015195,3.76248484,8.7028597,-5.60525323,0.316185705,-2.02284654,2.52539222,-9.37987574,6.89534747,-4.38036253,-3.14468974
198,-2.41569597,0.56785224,106.371558,0.1875156,-0.991671131,-1.05838276,-0.225836816,-0.477313896,1.27364266,14.7147444,0,12.5883195,16.0930424,-19.2752805,59.3781608,3.79816404,-9.48356996,-10.6618485,-0.662626747,-15.6762677,34.2814195,73.3245123,6.79106841,-8.02329174,12.4832849,-1.91082909,-0.250441612,3.75936856,8.70648141,-5.59129147,0.290673908,-2.02117272,2.51073336,-9.37485213,6.89332146,-4.38237103,-3.15093424
199,-2.41968762,0.571707916,106.368124,0.167854269,-0.992007742,-1.04512737,-0.226975644,-0.451117293,1.28157892,14.7202154,0,12.5674909,16.0931841,-19.3123121,59.3787823,3.79818837,-9.46126939,-10.6580346,-0.664628899,-15.6837058,34.2835096,73.3282962,6.82272377,-8.02193851,12.506423,-1.90353317,-0.230316113,3.74985283,8.68494838,-5.60172842,0.290958775,-2.02955763,2.53227599,-9.39985916,6.90821426,-4.38241458,-3.16724388
200,-2.41852514,0.569601497,106.356549,0.178073433,-0.990293849,-1.04506889,-0.218189646,-0.460035332,1.28239929,14.7286694,0,12.5547637,16.0965634,-19.3497381,59.3779695,3.7804017,-9.44728373,-10.6632273,-0.667198331,-15.6797733,34.3015413,73.3414375,6.83063271,-8.05019756,12.4861766,-1.90937127,-0.242667123,3.75776987,8.68843605,-5.61754629,0.288159998,-2.02198359,2.52053809,-9.38367844,6.88397776,-4.39407883,-3.1556396
201,-2.42044684,0.570670236,106.355262,0.170412351,-0.991108566,-1.03739435,-0.228557686,-0.449950931,1.29490878,14.753031,0,12.5510762,16.0926446,-19.3429694,59.3777919,3.79676726,-9.45414209,-10.6701181,-0.672177539,-15.6769934,34.310564,73.3431792,6.84149484,-8.04378828,12.4800337,-1.905712,-0.234815073,3.75529478,8.6772704,-5.61534227,0.296506489,-2.02649728,2.52859131,-9.40103395,6.88700951,-4.37991003,-3.14278988
202,-2.42263805,0.566934608,106.360507,0.181175146,-0.990769707,-1.03056574,-0.236240822,-0.46209949,1.29789048,14.7783027,0,12.5580422,16.0875646,-19.3322733,59.3719043,3.79046727,-9.44302937,-10.6551856,-0.660382336,-15.6784551,34.2999942,73.3321894,6.83798156,-8.03742767,12.5069062,-1.90761762,-0.245215744,3.74903235,8.67630905,-5.59466003,0.277161046,-2.0229507,2.51949862,-9.40748336,6.88555383,-4.39046054,-3.17650754
203,-2.42503528,0.567343691,106.366205,0.18372639,-0.990331447,-1.02756477,-0.237164579,-0.463514726,1.29744384,14.7971831,0,12.5641705,16.0773569,-19.3158774,59.3704563,3.80494215,-9.43595927,-10.6344534,-0.653799635,-15.6805673,34.3104649,73.3328724,6.82197715,-8.06780493,12.4921769,-1.90810043,-0.247478484,3.7483186,8.67752482,-5.58282715,0.266577934,-2.02254196,2.51788627,-9.41233109,6.88685199,-4.39960915,-3.20588973
204,-2.42756214,0.569574255,106.367433,0.179449597,-0.990163518,-1.02025433,-0.240795651,-0.453028892,1.30535865,14.8081421,0,12.5583674,16.0632099,-19.3129029,59.3718838,3.79072852,-9.43188677,-10.6309026,-0.665585019,-15.6858061,34.3480036,73.3380975,6.86610145,-8.0532054,12.5357305,-1.90451287,-0.2441858,3.74272083,8.66480018,-5.57295753,0.260918402,-2.02673505,2.52199591,-9.42734299,6.89084595,-4.38677096,-3.21628592
205,-2.43126452,0.564484904,106.361365,0.190774678,-0.991885603,-1.01976449,-0.236912982,-0.463660828,1.31061661,14.8249085,0,12.559567,16.0577047,-19.3178667,59.37047,3.80061821,-9.4274352,-10.6153596,-0.667536052,-15.6839551,34.3487481,73.3390811,6.80560518,-8.05626362,12.4832328,-1.91003914,-0.255268475,3.74541363,8.67285212,-5.57173877,0.26336273,-2.02489944,2.51145266,-9.42703819,6.8873062,-4.38376695,-3.18654258
206,-2.43287105,0.563731976,106.363726,0.186996348,-0.992458091,-1.02335905,-0.232377763,-0.46314627,1.32116701,14.8413898,0,12.5612754,16.0609747,-19.3094263,59.3638379,3.80601619,-9.43302485,-10.6179568,-0.673884713,-15.6719937,34.3599701,73.3484453,6.8279113,-8.02756317,12.5084379,-1.91282116,-0.249630154,3.75390655,8.67948252,-5.57338442,0.269759629,-2.02374962,2.51632344,-9.41244208,6.88228601,-4.37574447,-3.22199873
207,-2.43463852,0.561982766,106.372917,0.203427183,-0.991398755,-1.01690025,-0.24234541,-0.478709816,1.31913973,14.8541451,0,12.5675566,16.0580018,-19.2989966,59.3630319,3.81334669,-9.4362931,-10.6271443,-0.674523229,-15.6756052,34.3564697,73.3436505,6.85003727,-8.03481512,12.5429432,-1.91349628,-0.267762572,3.74778328,8.6770561,-5.55215363,0.257862613,-2.02136503,2.49940314,-9.42473983,6.88000174,-4.38682987,-3.24715838
208,-2.43550427,0.563079631,106.377518,0.201368921,-0.991056006,-1.01892199,-0.243261776,-0.477330492,1.32003715,14.8679575,0,12.5676206,16.0578004,-19.30046,59.3663855,3.81583075,-9.43752509,-10.6357623,-0.673746295,-15.6738549,34.3636823,73.3352835,6.86230771,-8.04656902,12.5223126,-1.91316992,-0.264213488,3.74692951,8.67637308,-5.54511426,0.248240531,-2.02104337,2.50313605,-9.42653447,6.88196286,-4.38938564,-3.25148359
209,-2.43524574,0.560938288,106.371701,0.20036725,-0.991095099,-1.02334538,-0.228994872,-0.47739762,1.31953353,14.880175,0,12.5733495,16.0632969,-19.3158467,59.3489139,3.82749244,-9.42393387,-10.6428503,-0.668173608,-15.6668472,34.3543489,73.3365607,6.89494747,-8.04128331,12.5381108,-1.913403,-0.262560716,3.7520927,8.67845458,-5.55975563,0.250233078,-2.02133899,2.50447712,-9.41572057,6.87646712,-4.38960719,-3.23953845
210,-2.43608877,0.560883759,106.369078,0.189968937,-0.992988307,-1.01858616,-0.23847264,-0.462411811,1.32493728,14.9047364,0,12.5763257,16.0627676,-19.3164717,59.3467624,3.83826792,-9.43105605,-10.6434129,-0.672852341,-15.6650354,34.3434479,73.3326607,6.8467353,-8.02169347,12.5034826,-1.91103656,-0.249872572,3.74541747,8.67361966,-5.56248301,0.262208187,-2.02644648,2.51353331,-9.42695794,6.88882079,-4.36958577,-3.19663355
211,-2.43449118,0.558325648,106.364834,0.202999873,-0.989966795,-1.02162342,-0.233165796,-0.476458362,1.31922628,14.9045229,0,12.589975,16.06802,-19.3105004,59.3336211,3.82726491,-9.42177297,-10.6525714,-0.670542776,-15.658166,34.3526038,73.3318343,6.85762946,-8.01557533,12.4852639,-1.91281966,-0.264758916,3.75333068,8.67418657,-5.57237526,0.272758455,-2.01839774,2.50013162,-9.41523733,6.87013425,-4.38601366,-3.18147522
212,-2.43464317,0.560297724,106.369865,0.197753303,-0.988939605,-1.01460368,-0.238886186,-0.469617874,1.31893717,14.9147733,0,12.5941482,16.0607544,-19.3016894,59.3343792,3.83010286,-9.4278433,-10.6636158,-0.668126543,-15.6573207,34.3217484,73.3255232,6.82335002,-8.03179276,12.4875111,-1.91018108,-0.26083065,3.74266533,8.66757153,-5.56552714,0.277993315,-2.0196022,2.50519599,-9.42113862,6.87103199,-4.39162338,-3.20022815
213,-2.43448522,0.55902875,106.366062,0.19218817,-0.988722169,-1.01667868,-0.246795599,-0.467381361,1.32022701,14.9372668,0,12.6128706,16.0621614,-19.2799711,59.3159036,3.81763477,-9.42891735,-10.6849635,-0.678958796,-15.6471147,34.3356342,73.3360416,6.82078528,-8.04893141,12.4679921,-1.90833458,-0.253818314,3.74746909,8.66576836,-5.58194264,0.29839533,-2.01992557,2.51039846,-9.41679291,6.86922327,-4.38996492,-3.17680615
214,-2.43189856,0.554022798,106.366742,0.202614886,-0.989421374,-1.01930601,-0.250936881,-0.477255733,1.32045827,14.946923,0,12.6272158,16.0608005,-19.2890484,59.3001873,3.77897419,-9.40920542,-10.6638574,-0.6874452,-15.6389766,34.3577913,73.3474617,6.85523163,-8.0156146,12.4974029,-1.91004276,-0.265477767,3.75165472,8.6718515,-5.57749662,0.30591294,-2.01976036,2.4973353,-9.41216631,6.86979701,-4.3826357,-3.12133797
215,-2.43108235,0.553500932,106.367552,0.196716376,-0.990426622,-1.03187334,-0.24790225,-0.471772532,1.32426642,14.9549417,0,12.6426955,16.0582597,-19.2669357,59.2905363,3.7779851,-9.40958023,-10.6688682,-0.696477965,-15.6325425,34.3643449,73.3497225,6.83317226,-8.00308291,12.4754882,-1.90870021,-0.257066336,3.76481564,8.6759812,-5.58734917,0.312181267,-2.02185147,2.50195443,-9.39661226,6.87163134,-4.36292506,-3.10274427
216,-2.43122801,0.55370233,106.371677,0.200904296,-0.990247271,-1.0331445,-0.242253416,-0.476096202,1.32308598,14.9483232,0,12.6468551,16.0534717,-19.2749458,59.2902494,3.74720272,-9.39843677,-10.6639035,-0.700697207,-15.6234891,34.3579142,73.3607669,6.78669837,-8.00026034,12.4364238,-1.90663215,-0.263031919,3.76603227,8.6718071,-5.57274665,0.312311414,-2.02310225,2.49723797,-9.40116458,6.8759762,-4.35741694,-3.08462036
217,-2.43093353,0.557022868,106.375027,0.186118816,-0.990371947,-1.02677341,-0.247154477,-0.463052408,1.32729636,14.9474626,0,12.6414883,16.0459346,-19.2682317,59.3078849,3.74843599,-9.41018214,-10.6669933,-0.704012891,-15.6170858,34.3541474,73.3567986,6.81349192,-8.01305072,12.4406474,-1.90095413,-0.245329509,3.7587611,8.65951703,-5.57136055,0.297215468,-2.02946222,2.51515932,-9.41665374,6.88871962,-4.35822162,-3.13713534
218,-2.42896546,0.555603206,106.369281,0.188470322,-0.989408378,-1.02180836,-0.252791331,-0.465339988,1.32424188,14.9470425,0,12.6415916,16.0472221,-19.2830328,59.3170579,3.71720495,-9.40826371,-10.6729586,-0.710688173,-15.6134163,34.3797845,73.3650153,6.83507147,-8.03720995,12.4373399,-1.89891361,-0.248217746,3.75132516,8.65354232,-5.57763877,0.295343783,-2.02985026,2.51477811,-9.4185107,6.89343032,-4.37352594,-3.15591238
219,-2.42690835,0.552636711,106.363666,0.201256362,-0.988914454,-1.02989879,-0.23655325,-0.476140491,1.31804402,14.9398179,0,12.6455497,16.0438275,-19.2948131,59.3214087,3.70890627,-9.4133983,-10.681253,-0.694708572,-15.6137612,34.3894082,73.3552208,6.86510083,-8.03279509,12.4420826,-1.90531819,-0.260992921,3.75664588,8.66887609,-5.58258425,0.28269486,-2.02302156,2.50138667,-9.40069159,6.87992277,-4.38637907,-3.15791171
220,-2.42748968,0.556193991,106.361008,0.190827325,-0.989168375,-1.03181547,-0.234613103,-0.466512966,1.31881914,14.9292772,0,12.6504162,16.0411774,-19.3015152,59.3196465,3.69028291,-9.40796574,-10.6712733,-0.696628709,-15.6099756,34.3961018,73.3507334,6.86040208,-8.02134172,12.4282088,-1.90368151,-0.250049757,3.75802771,8.66578202,-5.58165279,0.284436478,-2.02477372,2.51202554,-9.40005382,6.88147578,-4.37602664,-3.16654272
221,-2.4262961,0.558710657,106.365597,0.183497409,-0.989307077,-1.02067459,-0.239990142,-0.463974163,1.31528014,14.9332165,0,12.6537075,16.0427876,-19.2960084,59.327754,3.68271164,-9.40412632,-10.6900512,-0.687382501,-15.6018579,34.4034648,73.3521541,6.85607004,-8.05021549,12.434951,-1.90030206,-0.241463649,3.74083314,8.65689338,-5.56953304,0.284629697,-2.02800525,2.52247317,-9.42029338,6.8928489,-4.37460297,-3.18436738
222,-2.42326651,0.554322032,106.365323,0.21052869,-0.986665971,-1.01956132,-0.229785013,-0.490716061,1.31409019,14.9160659,0,12.6697627,16.0371117,-19.2739418,59.3150566,3.69485785,-9.40609598,-10.7033017,-0.683317738,-15.6022677,34.3985846,73.3516623,6.87207616,-8.05686895,12.4873907,-1.91128543,-0.270326961,3.74759545,8.67431549,-5.57014136,0.263313531,-2.01528488,2.49363547,-9.40229498,6.86578769,-4.40079632,-3.22679886
223,-2.41753627,0.557487039,106.366706,0.19319192,-0.98587941,-1.00624596,-0.237132482,-0.476484188,1.30229488,14.9041251,0,12.6859682,16.0349346,-19.2600167,59.3156099,3.70273989,-9.41491887,-10.7186338,-0.676680555,-15.5995817,34.3915837,73.3489575,6.83223567,-8.07264071,12.4575001,-1.90365974,-0.251066388,3.73185186,8.65828332,-5.56596769,0.253300207,-2.01987498,2.51414418,-9.43020825,6.8804346,-4.39348162,-3.2282522
224,-2.41699126,0.556903472,106.360209,0.19401379,-0.985524165,-1.00789638,-0.239082234,-0.477331132,1.29968916,14.9032525,0,12.7034654,16.0218565,-19.2425212,59.3011572,3.67677535,-9.41534405,-10.7147901,-0.674949315,-15.5961649,34.409711,73.3512798,6.83152234,-8.0817223,12.43745,-1.90364907,-0.253590703,3.72922267,8.65795633,-5.56968544,0.259147035,-2.01874949,2.51213269,-9.4317126,6.87919791,-4.39690568,-3.1979268
225,-2.41832659,0.556837069,106.356931,0.191312299,-0.985134663,-1.00990417,-0.24377927,-0.475437088,1.29684834,14.9006673,0,12.7236256,16.0106635,-19.2111023,59.2877495,3.68156374,-9.41540894,-10.7077695,-0.669251817,-15.5919695,34.3907538,73.3446409,6.86408441,-8.06270107,12.4669445,-1.90184248,-0.251449225,3.73058785,8.65670128,-5.57639397,0.28007831,-2.01920776,2.51422273,-9.43191153,6.87785194,-4.39308803,-3.19153822
226,-2.41582394,0.555912592,106.361127,0.195171543,-0.983834849,-1.01010615,-0.233556024,-0.48817395,1.28234731,14.8877531,0,12.7326269,16.0058243,-19.1966394,59.3032609,3.69672292,-9.42796966,-10.7112401,-0.651133673,-15.5798579,34.3670462,73.3489849,6.85168378,-8.09647038,12.4497922,-1.90340233,-0.255022268,3.73499759,8.66304567,-5.57604478,0.268429529,-2.01375705,2.51061319,-9.42905737,6.86814581,-4.39445364,-3.21016628
227,-2.4139272,0.562094338,106.358731,0.171779833,-0.983198377,-1.00594892,-0.229973803,-0.466119323,1.27345088,14.871306,0,12.7304677,16.0044378,-19.2140461,59.3156304,3.68912348,-9.42315864,-10.7104674,-0.636245088,-15.5746328,34.3632076,73.351232,6.87660287,-8.12980427,12.4434674,-1.89172868,-0.230355387,3.7306203,8.64511728,-5.60189875,0.265395591,-2.02160152,2.53691497,-9.44600819,6.88875847,-4.40023838,-3.19726107
228,-2.41030492,0.561760413,106.353831,0.175587539,-0.9820909,-1.01245709,-0.210814362,-0.467284297,1.27202177,14.8652988,0,12.7202079,16.0017279,-19.2402826,59.3211833,3.66692409,-9.42159709,-10.7078626,-0.649059483,-15.57236,34.3842822,73.3695779,6.87685174,-8.1075481,12.4292632,-1.89700308,-0.235267413,3.739637,8.65193808,-5.61071183,0.272071408,-2.01810063,2.53277907,-9.42574558,6.87862546,-4.40964739,-3.21092123
229,-2.40774397,0.563986972,106.355643,0.164489984,-0.981583763,-1.00654939,-0.211947173,-0.45598535,1.2702757,14.865847,0,12.7274138,16.0003875,-19.2308023,59.3145307,3.67394979,-9.41623539,-10.7156123,-0.639709541,-15.5742691,34.3955178,73.3713332,6.87387036,-8.0737822,12.4243865,-1.89360271,-0.223900778,3.72446075,8.64413971,-5.6145632,0.279379496,-2.02183375,2.54244144,-9.43498426,6.8877412,-4.39912592,-3.20872127
230,-2.40652617,0.564450119,106.362283,0.167282082,-0.981337938,-1.01162855,-0.207109518,-0.453218536,1.27032223,14.8697163,0,12.7328182,15.9937588,-19.2269552,59.3138272,3.67296112,-9.40998748,-10.7098766,-0.643632204,-15.5787019,34.393701,73.3771594,6.86964717,-8.05514432,12.44058,-1.89298586,-0.227686064,3.73336561,8.6491488,-5.60821326,0.277269902,-2.02080986,2.53676086,-9.4210336,6.88661336,-4.40111606,-3.18162762
231,-2.40417887,0.564888306,106.371403,0.173688695,-0.98039183,-0.998386227,-0.211887796,-0.461151641,1.26079977,14.8678431,0,12.7406524,15.985636,-19.2124667,59.3257595,3.68444309,-9.41225937,-10.722971,-0.62917152,-15.5752492,34.3951354,73.384939,6.85217811,-8.08593567,12.429095,-1.89397453,-0.235459246,3.72344049,8.65082049,-5.59355823,0.282467809,-2.01743874,2.52800477,-9.43135402,6.89055865,-4.39327799,-3.18223785
232,-2.39904691,0.567252561,106.369591,0.172031365,-0.978344531,-0.992933045,-0.208665734,-0.459521574,1.25450853,14.8645339,0,12.7459219,15.9808088,-19.2047776,59.3381017,3.69993994,-9.42662753,-10.7285538,-0.632303482,-15.5735553,34.414516,73.4062492,6.8542071,-8.10307005,12.4121211,-1.89211245,-0.234001107,3.71504063,8.65028005,-5.60117859,0.27099728,-2.0148676,2.52826837,-9.4321412,6.88673545,-4.40214657,-3.18521667
233,-2.39680596,0.564516569,106.363726,0.186526215,-0.977546344,-0.991880233,-0.199579848,-0.470381788,1.25250312,14.8628092,0,12.7415463,15.9740861,-19.2052147,59.3507444,3.69672762,-9.43230768,-10.7339659,-0.625795005,-15.5794054,34.4188225,73.4032712,6.8896131,-8.06462377,12.433871,-1.8945297,-0.250678962,3.71258561,8.65375918,-5.5965473,0.265546362,-2.01222987,2.51305882,-9.43300095,6.88411949,-4.4248467,-3.1822925
234,-2.39482857,0.565866241,106.370091,0.179672498,-0.976998102,-0.99056829,-0.202185926,-0.460229299,1.24991192,14.8682649,0,12.7467073,15.9628812,-19.1854772,59.3598763,3.70882346,-9.44238819,-10.7326801,-0.625214599,-15.58517,34.4184536,73.4033395,6.86428676,-8.03649364,12.4341152,-1.89277135,-0.243023253,3.71570444,8.65177672,-5.59082232,0.279616659,-2.01234299,2.5210749,-9.43698295,6.8894227,-4.41312353,-3.20169685
235,-2.39226948,0.564651238,106.377506,0.192288301,-0.975961735,-0.974434165,-0.210192081,-0.471211603,1.24330627,14.8699297,0,12.7549753,15.9579788,-19.1763691,59.3686531,3.71458002,-9.45166615,-10.7367893,-0.611664358,-15.5876818,34.3948963,73.3977183,6.84774361,-8.04336054,12.441526,-1.89433995,-0.258807447,3.70581262,8.65468979,-5.57746972,0.290734739,-2.00853367,2.50459857,-9.4546868,6.88775315,-4.41554569,-3.17966031
236,-2.38693263,0.562799582,106.379616,0.193899032,-0.972538499,-0.958782148,-0.217570473,-0.480862286,1.23207765,14.8736556,0,12.766514,15.9594303,-19.1602294,59.3722936,3.72287956,-9.46022608,-10.7447541,-0.595210912,-15.5753243,34.3943533,73.3957307,6.85771056,-8.08701569,12.4094335,-1.89321275,-0.261636479,3.69597758,8.64845981,-5.57626676,0.290872544,-2.00168277,2.50122488,-9.46332613,6.87453332,-4.40547714,-3.1569971
237,-2.38538571,0.563798985,106.372511,0.192676129,-0.972786322,-0.959306493,-0.211430734,-0.478226474,1.23723829,14.8676484,0,12.7598606,15.9503803,-19.1602925,59.3708661,3.72810977,-9.44714115,-10.7200494,-0.615697157,-15.5730806,34.4164114,73.4173072,6.87973195,-8.09043079,12.4139388,-1.89789805,-0.261698485,3.70113736,8.65672433,-5.58259792,0.292062971,-2.0011148,2.50116853,-9.45508039,6.87230241,-4.41326185,-3.14996948
238,-2.38247924,0.564110558,106.362391,0.184970908,-0.971598199,-0.948962099,-0.211685732,-0.469000596,1.22818028,14.8625582,0,12.7739299,15.9462702,-19.1633764,59.3601359,3.7197953,-9.44428186,-10.7053414,-0.604898255,-15.5806468,34.4101276,73.4090017,6.84497568,-8.07270303,12.4036491,-1.89493247,-0.254527053,3.68927673,8.65056692,-5.59304939,0.292846495,-2.00198778,2.50924459,-9.46336626,6.87579007,-4.41581762,-3.16397265
239,-2.37754229,0.565381534,106.36338,0.189566439,-0.97022988,-0.944417633,-0.208771215,-0.470342888,1.22712545,14.8414803,0,12.7775661,15.9423531,-19.1567835,59.3494876,3.70787577,-9.44575974,-10.7129758,-0.602092221,-15.589415,34.3932912,73.3977114,6.83449987,-8.08541572,12.40198,-1.89641184,-0.26042292,3.68582493,8.65442683,-5.58611461,0.286714479,-1.99832018,2.50190171,-9.46215646,6.87192675,-4.4212553,-3.17946501
240,-2.37227529,0.565989595,106.368279,0.193164643,-0.969519739,-0.927351357,-0.211293716,-0.472795406,1.21942985,14.8283048,0,12.7895745,15.9328677,-19.1441733,59.3403966,3.72712324,-9.44350322,-10.7107185,-0.590937775,-15.5968685,34.3939913,73.39431,6.83262029,-8.12636356,12.3884315,-1.89477003,-0.265257573,3.67944084,8.65267147,-5.58572572,0.276915052,-1.99589205,2.49466982,-9.477877,6.87577086,-4.41615486,-3.15499842
241,-2.36460883,0.565208308,106.366503,0.195715254,-0.966969854,-0.917597394,-0.210082225,-0.476294544,1.20507909,14.8047168,0,12.8034474,15.9365269,-19.1530321,59.3212516,3.69282929,-9.43649373,-10.7247007,-0.587694716,-15.5943447,34.3973381,73.4016046,6.83785093,-8.12863289,12.3792261,-1.89523662,-0.269954449,3.67080022,8.65407251,-5.59217341,0.282854222,-1.9898674,2.49140627,-9.47610798,6.87030372,-4.4327885,-3.15651899
242,-2.3645943,0.564750377,106.367362,0.202906729,-0.969328331,-0.910722422,-0.21230852,-0.479415567,1.21193126,14.7750276,0,12.8074303,15.9334311,-19.1483995,59.294689,3.70492512,-9.41397289,-10.7098305,-0.588874311,-15.6029695,34.4012108,73.3945559,6.83550818,-8.09863982,12.3756095,-1.89704641,-0.279644567,3.66722461,8.65942311,-5.58249888,0.279020405,-1.99360949,2.48008822,-9.48595882,6.88426164,-4.42962271,-3.15379417
243,-2.35766377,0.566902664,106.370449,0.19704782,-0.968359878,-0.906318679,-0.20232996,-0.473511669,1.20327507,14.7370057,0,12.8199586,15.9286466,-19.1321727,59.2895186,3.7067014,-9.42996407,-10.7246461,-0.579259326,-15.5997235,34.3718717,73.4053203,6.81553372,-8.09280684,12.3960813,-1.89608314,-0.272324685,3.66454377,8.66087282,-5.57753675,0.276031797,-1.99212776,2.48388815,-9.48566341,6.88606012,-4.42132403,-3.1604694
244,-2.35242471,0.571253197,106.370747,0.18988836,-0.965873068,-0.898257451,-0.197349565,-0.472384261,1.19558107,14.7066301,0,12.8239807,15.9228785,-19.1183193,59.2869846,3.71214762,-9.4281481,-10.7238324,-0.566370012,-15.5906137,34.3531673,73.4124578,6.7927815,-8.12862008,12.3892041,-1.89183263,-0.264750699,3.65911974,8.65348682,-5.57234324,0.269421347,-1.98986356,2.49075548,-9.49480904,6.88563408,-4.41020277,-3.14652835
245,-2.34841909,0.577084301,106.365442,0.178187951,-0.961446287,-0.886850047,-0.191487835,-0.462380595,1.18299004,14.6650889,0,12.8250479,15.9199432,-19.1307605,59.2855707,3.67876166,-9.43627517,-10.7250952,-0.570274478,-15.5850403,34.3974884,73.424677,6.83476155,-8.14348428,12.3837579,-1.88683314,-0.255018613,3.65640346,8.63640708,-5.58303163,0.264233232,-1.9881146,2.50239946,-9.50373951,6.87983227,-4.42485481,-3.14525814
246,-2.34497115,0.577841606,106.36797,0.174642864,-0.961085963,-0.884764389,-0.182519263,-0.460894602,1.17873473,14.6408008,0,12.8276664,15.9160654,-19.1311259,59.2773881,3.6794101,-9.41852778,-10.7002529,-0.568042447,-15.5791339,34.3957535,73.4325044,6.80791891,-8.1410664,12.4038592,-1.88634414,-0.252224745,3.65419987,8.63554733,-5.57770024,0.266637378,-1.98834704,2.5056026,-9.50639645,6.88231589,-4.41953367,-3.15749336
247,-2.34282743,0.583962072,106.367123,0.164268654,-0.960237079,-0.890856505,-0.175676427,-0.443906694,1.17780081,14.6180887,0,12.8221536,15.9019013,-19.1251461,59.2802158,3.66629699,-9.40427659,-10.6829196,-0.584238053,-15.5804726,34.4221009,73.4461853,6.81115173,-8.11930029,12.4052158,-1.88057562,-0.244721783,3.65997949,8.6241819,-5.58153454,0.283300852,-1.99413499,2.51594927,-9.51881886,6.89410224,-4.42156906,-3.16476922
248,-2.3374632,0.585033046,106.365252,0.172482215,-0.957228205,-0.898280481,-0.163309903,-0.448859488,1.16825359,14.5865657,0,12.8219547,15.8951035,-19.1262184,59.2865952,3.667888,-9.39608463,-10.6846066,-0.595190475,-15.5779949,34.4487558,73.4624343,6.81254124,-8.12163707,12.3997653,-1.88302809,-0.255685784,3.66929245,8.63103258,-5.59060845,0.287076399,-1.98785762,2.50486281,-9.50808863,6.87936696,-4.42417393,-3.15522147
249,-2.33284868,0.587035902,106.361258,0.175432906,-0.954065876,-0.896624588,-0.151865908,-0.456851557,1.16606814,14.5573598,0,12.8178173,15.895889,-19.119238,59.2867592,3.6683977,-9.38816758,-10.6813717,-0.597604467,-15.570965,34.4531851,73.4567174,6.80944887,-8.14170929,12.3698568,-1.88219011,-0.260629373,3.66889972,8.62655453,-5.59970455,0.295067534,-1.98391083,2.50242528,-9.50589273,6.87083861,-4.44692742,-3.1394512
250,-2.32649762,0.591638219,106.364036,0.162116937,-0.952816968,-0.890802046,-0.151284768,-0.447042391,1.15181503,14.5319873,0,12.8183962,15.8960427,-19.1327259,59.2976055,3.65778785,-9.38651383,-10.6606335,-0.590893699,-15.5683917,34.4519864,73.4486851,6.8074647,-8.14129692,12.3759715,-1.87681389,-0.248143841,3.66034192,8.61778884,-5.59845719,0.283084314,-1.98567174,2.51656676,-9.52208369,6.87914797,-4.43550436,-3.15933303
251,-2.32496429,0.597228203,106.366551,0.1524,-0.953455191,-0.88946731,-0.148790282,-0.436960552,1.14588184,14.5182433,0,12.8199645,15.889204,-19.1204213,59.2975099,3.6611577,-9.37590825,-10.6464378,-0.590385384,-15.566358,34.4396409,73.4494433,6.81943888,-8.12327888,12.3938333,-1.87073332,-0.239149122,3.64775559,8.6117723,-5.59795602,0.292350506,-1.99244942,2.52546437,-9.53880826,6.89957962,-4.44394092,-3.18016767
252,-2.3214303,0.597742014,106.368256,0.159452455,-0.952290824,-0.890464861,-0.140782965,-0.44029862,1.14128171,14.4992502,0,12.8210369,15.8856659,-19.1212802,59.3009113,3.65371792,-9.38898038,-10.6324949,-0.58776179,-15.5687469,34.421534,73.4344374,6.85141782,-8.10984902,12.4051629,-1.87182786,-0.250084602,3.64897776,8.6169436,-5.59631251,0.305454277,-1.98947722,2.51544469,-9.53219152,6.90059476,-4.45866467,-3.1678951
253,-2.31890026,0.599016249,106.37548,0.160144551,-0.952287734,-0.889128096,-0.137880268,-0.443603684,1.13737078,14.4882417,0,12.8269928,15.8744286,-19.0945537,59.3028716,3.66431709,-9.39443514,-10.6321166,-0.597579707,-15.5692762,34.4163158,73.4325249,6.85995172,-8.14157781,12.3977205,-1.87167887,-0.251287916,3.64839378,8.62216699,-5.58851414,0.299373941,-1.98894255,2.51087935,-9.53384527,6.90288714,-4.43954697,-3.1559634
254,-2.31596678,0.599988457,106.384301,0.172225254,-0.954074096,-0.891255324,-0.129011388,-0.459217684,1.14124596,14.4809846,0,12.8340723,15.8703475,-19.0751406,59.2942451,3.67498712,-9.40692841,-10.6394693,-0.621373525,-15.5706883,34.4248808,73.4443889,6.8988791,-8.17059757,12.4139542,-1.87492193,-0.265693638,3.64438318,8.63111027,-5.55431154,0.284344057,-1.98878802,2.49652229,-9.52997426,6.90932118,-4.42886371,-3.13814215
255,-2.31221002,0.603141496,106.384242,0.174316233,-0.953542415,-0.894533037,-0.120062733,-0.461081845,1.13183193,14.4656115,0,12.8353205,15.8626106,-19.0718074,59.3039576,3.67786989,-9.41278786,-10.6459478,-0.626050177,-15.5757461,34.4180336,73.4369782,6.93499757,-8.15763387,12.4417787,-1.87446708,-0.26784891,3.64873145,8.63306114,-5.5564067,0.25809636,-1.98914852,2.49328692,-9.52518374,6.91342869,-4.44460388,-3.18217147
256,-2.30964758,0.60693142,106.384385,0.169390674,-0.954843305,-0.897006268,-0.119516051,-0.456120353,1.13289829,14.4549496,0,12.8364484,15.857266,-19.062754,59.3126797,3.684359,-9.429585,-10.6418522,-0.641020831,-15.5742383,34.3945582,73.4292259,6.94394384,-8.12888049,12.43536,-1.87236082,-0.263689031,3.6471524,8.63630719,-5.56052744,0.2646753,-1.99257813,2.49887508,-9.53093988,6.92558087,-4.44266709,-3.20904315
257,-2.30384748,0.608216273,106.386399,0.173524586,-0.953939078,-0.891358146,-0.126324922,-0.460785746,1.11957441,14.4652342,0,12.8588864,15.8467475,-19.0368471,59.3088207,3.70560003,-9.43439687,-10.6386523,-0.636927733,-15.5741956,34.3974303,73.4221498,6.9798019,-8.11927895,12.4162645,-1.86903324,-0.269768753,3.6404857,8.6333463,-5.55343557,0.264231418,-1.99301718,2.49296441,-9.53937858,6.93748034,-4.45166971,-3.19943862
258,-2.30074245,0.606323406,106.382418,0.180816348,-0.95256786,-0.900049662,-0.121065957,-0.466756238,1.10930735,14.4616432,0,12.8801394,15.8430199,-19.016138,59.2988964,3.71684295,-9.43688476,-10.6511088,-0.642810714,-15.5745798,34.3974542,73.4159822,6.98723614,-8.10424741,12.3980194,-1.8690373,-0.278191577,3.65108573,8.64078523,-5.56462256,0.280509413,-1.98860211,2.48234709,-9.52575662,6.92471984,-4.44422693,-3.14203301
259,-2.29814779,0.606142078,106.382191,0.184000021,-0.952090868,-0.905062494,-0.119816713,-0.472718246,1.10540806,14.4572087,0,12.9010765,15.8437542,-18.9927565,59.290748,3.73570537,-9.43978589,-10.655674,-0.658801841,-15.569879,34.3787566,73.4200598,6.96132069,-8.10409714,12.3883017,-1.86954401,-0.281447496,3.65867407,8.64798425,-5.56608124,0.285490168,-1.98492021,2.47648166,-9.51307552,6.92073272,-4.43676666,-3.11266811
260,-2.29519047,0.610223878,106.377745,0.182486064,-0.950029052,-0.912994076,-0.118639759,-0.468711967,1.09586863,14.4664499,0,12.916435,15.8418605,-18.9891161,59.287531,3.75977368,-9.44380118,-10.6733274,-0.666590444,-15.5657143,34.371981,73.4150533,6.97709715,-8.07832086,12.3955007,-1.8689611,-0.282341557,3.66696976,8.64807134,-5.57094775,0.292376519,-1.98308822,2.47797556,-9.50390258,6.91337319,-4.44803348,-3.16526697
261,-2.28836592,0.612573093,106.382382,0.171158767,-0.950409607,-0.915472415,-0.128182574,-0.460915946,1.08704371,14.4724742,0,12.941623,15.8446848,-18.9758023,59.2737818,3.75457206,-9.43207033,-10.6864149,-0.664009327,-15.5589097,34.3458282,73.3998903,6.94003014,-8.05873188,12.3898257,-1.86508881,-0.268815115,3.66313376,8.64736954,-5.56095689,0.281196514,-1.98566619,2.49010789,-9.51246508,6.9259766,-4.43239918,-3.17331571
262,-2.28295475,0.609973259,106.382322,0.180045595,-0.949651679,-0.916342149,-0.134311935,-0.471899797,1.07910361,14.4971926,0,12.9445882,15.8500721,-18.9737823,59.285359,3.77547543,-9.44166931,-10.7057333,-0.674689875,-15.5493542,34.3400431,73.4043026,6.93048281,-8.0458843,12.370737,-1.86565593,-0.280062382,3.66551579,8.65093063,-5.56082327,0.298807463,-1.9833657,2.48009419,-9.51058336,6.924897,-4.43270099,-3.14336234
263,-2.28009038,0.607848307,106.385982,0.190801119,-0.949331266,-0.923415887,-0.135851075,-0.487540184,1.06690703,14.5108752,0,12.9579455,15.8553279,-18.9696722,59.292237,3.7943037,-9.45708846,-10.7141711,-0.678028343,-15.547032,34.3397733,73.3893786,6.92568973,-8.01913642,12.3861698,-1.86710115,-0.292410377,3.67620845,8.66227728,-5.56212144,0.312391668,-1.98041847,2.46537108,-9.50106122,6.92066356,-4.42499654,-3.1181583
264,-2.27841847,0.608588429,106.382275,0.189438884,-0.947287329,-0.935469422,-0.123298241,-0.488591766,1.05395443,14.4927445,0,12.9654681,15.86196,-18.9773152,59.2964307,3.79855037,-9.46326466,-10.714785,-0.679394008,-15.5380776,34.3203584,73.3955189,6.92224774,-8.02757512,12.4128776,-1.86790925,-0.292051018,3.68804858,8.66942422,-5.58428967,0.323417888,-1.97426084,2.46503854,-9.47649901,6.90392704,-4.42926583,-3.11345486
265,-2.27474011,0.609915564,106.382489,0.1838093,-0.947765181,-0.937870895,-0.129933357,-0.487298939,1.04752253,14.5102195,0,12.973094,15.8584698,-18.9528495,59.300884,3.80876492,-9.46643643,-10.7149481,-0.689978666,-15.5332811,34.333428,73.391093,6.91437211,-8.02374338,12.4082757,-1.86422073,-0.284977183,3.68457116,8.66919967,-5.58094074,0.308397075,-1.97574769,2.47185997,-9.47466681,6.91039352,-4.43164914,-3.13718187
266,-2.27089729,0.613988331,106.379867,0.170076702,-0.94825658,-0.931741839,-0.141190829,-0.473848696,1.04464456,14.5146164,0,12.9820851,15.8612753,-18.9372817,59.2957955,3.80266385,-9.4762147,-10.7145186,-0.690767233,-15.533626,34.3243473,73.3740175,6.93163413,-8.02608955,12.4338915,-1.85435815,-0.270954458,3.67879496,8.65320423,-5.58298553,0.318038207,-1.98287051,2.48779011,-9.49889178,6.93319013,-4.43023316,-3.15025955
267,-2.26995479,0.613195449,106.377208,0.17778938,-0.948094889,-0.931814433,-0.1387421,-0.484444507,1.04314053,14.5224968,0,12.9747981,15.862725,-18.9350705,59.3034726,3.81190894,-9.47662622,-10.702267,-0.693343869,-15.526538,34.3225236,73.374441,6.9081784,-8.00947426,12.3854356,-1.85528919,-0.279210529,3.67938107,8.65515083,-5.58749047,0.301269212,-1.98178067,2.48040902,-9.49960041,6.93103819,-4.43881188,-3.15656403
268,-2.26947218,0.616668025,106.377411,0.174875732,-0.948536826,-0.939875103,-0.130981044,-0.478312972,1.04092777,14.5157588,0,12.9660649,15.8549232,-18.9302842,59.3127002,3.79986091,-9.47643497,-10.6756676,-0.700614445,-15.5231417,34.3175444,73.378102,6.90068996,-8.01361251,12.3600896,-1.85714487,-0.276176298,3.68296607,8.66232082,-5.59480261,0.299538026,-1.98088698,2.47987157,-9.48227222,6.92842351,-4.43176099,-3.14275531
269,-2.26877425,0.618108688,106.377637,0.166254252,-0.948484471,-0.941427008,-0.127857686,-0.471117047,1.03956386,14.4966394,0,12.9607347,15.8498723,-18.917592,59.309934,3.79111614,-9.46650132,-10.6514811,-0.70616963,-15.5189872,34.3119197,73.3807999,6.90985948,-7.99653789,12.3742776,-1.85558716,-0.268594148,3.6852371,8.66009333,-5.60772917,0.310668486,-1.98196829,2.48845627,-9.47911838,6.92874026,-4.42884919,-3.13748368
270,-2.26624925,0.618222449,106.375206,0.169033232,-0.948516816,-0.939108788,-0.135797354,-0.476255324,1.03386364,14.496986,0,12.9656858,15.8467492,-18.9041878,59.3072975,3.79005404,-9.46575256,-10.6235319,-0.710017748,-15.5163525,34.3235516,73.3748576,6.9101344,-7.99585914,12.3622206,-1.85388986,-0.272683296,3.68066301,8.65740991,-5.60982817,0.31979514,-1.98297296,2.48625332,-9.4830355,6.93507484,-4.44671825,-3.14278882
271,-2.26284526,0.621694652,106.374705,0.159314948,-0.948311615,-0.935135626,-0.137758819,-0.468216298,1.03054342,14.4950787,0,12.9714727,15.8430046,-18.8797135,59.2986778,3.79923083,-9.46085787,-10.6247084,-0.713119721,-15.5128964,34.3319698,73.381961,6.93275684,-8.01692685,12.3358595,-1.85149972,-0.262983654,3.68173706,8.65324265,-5.60897013,0.326629865,-1.98368821,2.49668558,-9.48449118,6.94106747,-4.44097705,-3.13728945
272,-2.262122,0.625646254,106.37058,0.147582226,-0.948218868,-0.931688233,-0.143025642,-0.459839978,1.03019391,14.4921383,0,12.9685152,15.8361129,-18.8702793,59.2955564,3.79986262,-9.44989883,-10.5975678,-0.710110542,-15.5092422,34.318002,73.3699194,6.91269188,-8.02406782,12.3574122,-1.84925899,-0.250122541,3.6725496,8.64826258,-5.6184308,0.311553396,-1.98511252,2.5093131,-9.49128124,6.94316135,-4.44179411,-3.15060191
273,-2.26389188,0.629387191,106.370008,0.141711735,-0.946978958,-0.932277117,-0.135991134,-0.461555209,1.02193216,14.4717707,0,12.9623757,15.8365517,-18.8715839,59.2989579,3.79616023,-9.44981687,-10.5912593,-0.703277258,-15.5054242,34.3258124,73.3766198,6.94796212,-8.05126563,12.384312,-1.84173703,-0.245596287,3.66945766,8.62977326,-5.61875139,0.311250333,-1.98887553,2.51741328,-9.5076976,6.9499544,-4.45365644,-3.17661938
274,-2.2665577,0.626334082,106.375873,0.154865649,-0.948064319,-0.93551922,-0.126133544,-0.477066089,1.02137816,14.444858,0,12.9673728,15.8453968,-18.8794061,59.2753664,3.79116565,-9.43804504,-10.6040207,-0.69650123,-15.4964271,34.3235447,73.3729383,6.92426051,-8.02467229,12.3760535,-1.84800266,-0.2606683,3.67021709,8.64257901,-5.60723057,0.307679558,-1.98574751,2.50219434,-9.49956285,6.94401811,-4.44879633,-3.15001473
275,-2.26593688,0.622989517,106.378663,0.162103757,-0.948971697,-0.935494431,-0.119597359,-0.488437553,1.02632173,14.4325773,0,12.9584099,15.8463411,-18.8817813,59.270196,3.79647527,-9.43956732,-10.6025385,-0.689339137,-15.4927268,34.3038465,73.3694891,6.88546077,-8.03523518,12.367386,-1.8542017,-0.267862704,3.6742119,8.65641356,-5.60904014,0.314965396,-1.97992478,2.49443823,-9.49204452,6.93205333,-4.44970048,-3.18098985
276,-2.26461291,0.627102144,106.382048,0.151164439,-0.949642806,-0.927684807,-0.128506034,-0.477451674,1.02426499,14.4266351,0,12.9531379,15.8458835,-18.8882734,59.2691987,3.80715555,-9.43308206,-10.6121281,-0.6884407,-15.5025999,34.3286674,73.3644143,6.91655691,-8.02498733,12.409588,-1.84415172,-0.255829511,3.65661562,8.63683226,-5.60086227,0.294449135,-1.98642605,2.50634304,-9.51468403,6.95326192,-4.45057816,-3.16363968
277,-2.26659682,0.630201399,106.384361,0.150623115,-0.950393459,-0.920625262,-0.12970133,-0.474568,1.0194783,14.4108966,0,12.9435876,15.8382951,-18.8991471,59.284273,3.78843657,-9.44473094,-10.6092884,-0.682519673,-15.5112691,34.3366997,73.3673717,6.90611014,-8.04190229,12.4004774,-1.84237138,-0.257445091,3.64811631,8.63337106,-5.59773916,0.292472596,-1.98647002,2.50658145,-9.51585114,6.95870814,-4.46437002,-3.19404981
278,-2.26809811,0.631605322,106.383526,0.153852049,-0.94980875,-0.923558798,-0.119446775,-0.474781657,1.02250867,14.3870695,0,12.9401272,15.8315725,-18.9031854,59.2841364,3.79354512,-9.44720774,-10.6080795,-0.68045925,-15.5190914,34.3390834,73.3680069,6.94458587,-8.02283838,12.4180771,-1.84282623,-0.261336725,3.64768174,8.63508544,-5.59764568,0.291394306,-1.98352066,2.50226648,-9.50879299,6.9515834,-4.46736335,-3.19998973
279,-2.27103364,0.628628163,106.387806,0.158673101,-0.952553195,-0.919280689,-0.111574062,-0.478618569,1.02734764,14.3819708,0,12.9291724,15.8312003,-18.908542,59.2836446,3.79420808,-9.44179738,-10.6062618,-0.678617714,-15.5228907,34.3348214,73.3780883,6.93437517,-7.99896943,12.400532,-1.84758346,-0.266367292,3.6464856,8.64375807,-5.58617992,0.30454162,-1.98321543,2.49506106,-9.5059781,6.9500274,-4.44863753,-3.19513987
280,-2.27363575,0.624428457,106.383944,0.178977157,-0.952636146,-0.916492388,-0.101452408,-0.505846531,1.02970107,14.373877,0,12.9217736,15.8409692,-18.9228342,59.2823742,3.77660967,-9.44464642,-10.6043144,-0.681007266,-15.5180993,34.3407944,73.3960517,6.89454962,-8.01274592,12.3288799,-1.85452293,-0.288384968,3.64402887,8.65237521,-5.58408775,0.306041487,-1.9776864,2.47162006,-9.4944846,6.93786198,-4.4622215,-3.16919411
281,-2.27396339,0.62680142,106.383479,0.163061178,-0.953522317,-0.908856246,-0.0920531475,-0.487261106,1.0307716,14.3758458,0,12.9230534,15.8310671,-18.919583,59.2751205,3.78305566,-9.43997542,-10.596148,-0.675679879,-15.5276633,34.346781,73.3963249,6.93933175,-7.97204654,12.3526234,-1.85204058,-0.27124861,3.63838713,8.64657809,-5.5888723,0.312560609,-1.97995124,2.48853439,-9.50413737,6.94067602,-4.43994355,-3.17384163
282,-2.27419455,0.625602808,106.382,0.167451391,-0.952748493,-0.902237088,-0.0955084028,-0.49482442,1.02847025,14.3697225,0,12.9301987,15.8272029,-18.9106218,59.268386,3.78479522,-9.43905249,-10.5935782,-0.664681246,-15.5311637,34.3419111,73.3916667,6.9553844,-7.98910749,12.3522118,-1.85063698,-0.275977529,3.62848464,8.63859787,-5.58941957,0.298285967,-1.9778183,2.48526507,-9.51238909,6.93923271,-4.46252458,-3.17937323
283,-2.27676425,0.628169533,106.381345,0.165668904,-0.952554089,-0.900467366,-0.0971444532,-0.488813267,1.0304493,14.3727056,0,12.9376257,15.8072417,-18.8899349,59.2688299,3.78680031,-9.44178201,-10.5781505,-0.664735941,-15.5431063,34.3417574,73.4006757,6.93373484,-8.0158955,12.3578066,-1.84776745,-0.275618517,3.62824985,8.63074315,-5.5894486,0.301831769,-1.97889043,2.48586058,-9.52055629,6.93466289,-4.45045094,-3.17106281
284,-2.2806352,0.625098171,106.377459,0.167791433,-0.953790758,-0.889828149,-0.098217053,-0.489315019,1.03723114,14.3796297,0,12.9391923,15.801238,-18.8949414,59.2598755,3.7931225,-9.44044073,-10.5737621,-0.668170192,-15.5524142,34.3345448,73.3979232,6.95036976,-8.01718469,12.3799586,-1.85287472,-0.280845159,3.63170763,8.64054276,-5.59242997,0.323648541,-1.97357761,2.4795704,-9.51867969,6.92377045,-4.43305232,-3.11534853
285,-2.28409059,0.623046188,106.372702,0.169319143,-0.953694591,-0.885987302,-0.0961737326,-0.493882281,1.03082645,14.3839122,0,12.9508643,15.8031436,-18.9010852,59.25644,3.80791114,-9.44078309,-10.5823433,-0.664042037,-15.5496343,34.3254845,73.4085714,6.93117053,-7.99150318,12.4079325,-1.85541662,-0.282554254,3.62802659,8.64091415,-5.60284345,0.340364975,-1.97031769,2.4777858,-9.52151251,6.91348674,-4.44184021,-3.13000804
286,-2.28656046,0.62418431,106.377554,0.160695846,-0.956493327,-0.873926595,-0.101052655,-0.486190581,1.03823913,14.3923475,0,12.9457519,15.8104451,-18.9320618,59.2457917,3.82076086,-9.42624162,-10.5981458,-0.667841169,-15.5603594,34.3286844,73.4076357,6.94685008,-7.98591011,12.4275172,-1.85467875,-0.274289298,3.61427485,8.63758956,-5.59006972,0.346053775,-1.97465892,2.48609644,-9.53433278,6.92480138,-4.42731667,-3.13052436
287,-2.28911974,0.622522412,106.377137,0.166637269,-0.955374696,-0.861360363,-0.105443413,-0.489313151,1.0375671,14.3997002,0,12.9472887,15.8054249,-18.9418802,59.2525604,3.86206515,-9.43221462,-10.616251,-0.667194596,-15.5698773,34.3378779,73.408708,6.94403434,-8.00641775,12.4166163,-1.85392294,-0.28266914,3.60408122,8.62948212,-5.59021187,0.351157554,-1.97220197,2.47964596,-9.5507167,6.92078736,-4.43726655,-3.12688856
288,-2.29128785,0.621485338,106.379664,0.177708563,-0.956414661,-0.855441433,-0.0994562388,-0.504080661,1.0394851,14.4008084,0,12.9394416,15.810638,-18.9703364,59.2580041,3.87624249,-9.424155,-10.6259934,-0.671094047,-15.5715011,34.333609,73.4187621,6.95798713,-8.00690611,12.4223306,-1.85762021,-0.293886098,3.59825465,8.63200929,-5.57763877,0.325651493,-1.97030125,2.46732985,-9.55396274,6.91951438,-4.44141503,-3.12323185
289,-2.29170006,0.621076766,106.379819,0.184596734,-0.957967161,-0.848075624,-0.100974769,-0.505522898,1.04369463,14.4157136,0,12.9479742,15.8088809,-18.9686135,59.2505592,3.92209184,-9.41675534,-10.6488967,-0.673328053,-15.5815654,34.3410232,73.4169452,6.94718391,-7.99900785,12.3946009,-1.86180114,-0.30300963,3.59709607,8.63810951,-5.57105874,0.340600376,-1.96733034,2.45712875,-9.54689094,6.91371171,-4.43361709,-3.12712677
290,-2.29150057,0.624223286,106.383967,0.173033991,-0.959449638,-0.829831306,-0.105674286,-0.491416369,1.04840736,14.41612,0,12.9407778,15.8086965,-18.9858837,59.2588442,3.93332793,-9.42646189,-10.6579467,-0.674141752,-15.5838211,34.3394352,73.4136531,6.96586447,-7.96861693,12.3880413,-1.86070276,-0.291460687,3.58056339,8.63374672,-5.56057269,0.341451295,-1.96977277,2.46884829,-9.56499777,6.92337984,-4.41950421,-3.14559645
291,-2.29416471,0.623311289,106.382096,0.182031344,-0.959561378,-0.823772999,-0.104264925,-0.502706032,1.050653,14.4111254,0,12.94247,15.8047931,-18.9895668,59.256399,3.94409146,-9.42117704,-10.6370182,-0.672422519,-15.5888361,34.3660592,73.404043,6.98392392,-7.96499778,12.3790767,-1.86265875,-0.302433146,3.56864684,8.63083877,-5.55319865,0.327009367,-1.96751945,2.45988964,-9.57120641,6.9205419,-4.43098106,-3.13283104
292,-2.2962831,0.623325678,106.380916,0.178679888,-0.956972825,-0.813888682,-0.103801573,-0.50758999,1.04685648,14.4136628,0,12.938336,15.7994758,-18.9831209,59.2650323,3.9491475,-9.41889831,-10.6225066,-0.67049886,-15.57946,34.354926,73.3992824,6.98721479,-7.98806931,12.3940724,-1.86208822,-0.299521324,3.56508426,8.61980033,-5.554341,0.33201112,-1.9625428,2.46520438,-9.57743981,6.90287007,-4.43716495,-3.15969844
293,-2.2987172,0.62338016,106.378829,0.176358039,-0.956638343,-0.802427243,-0.107526588,-0.508532983,1.04541072,14.4109632,0,12.944963,15.7983642,-18.980814,59.2560575,3.95921349,-9.41841764,-10.6093132,-0.68984377,-15.5746396,34.3673536,73.4117543,7.00571223,-7.99003896,12.4042562,-1.86409224,-0.297709003,3.55860775,8.61676773,-5.55982735,0.326843602,-1.9596801,2.46849717,-9.58778499,6.89842831,-4.43734125,-3.15443514
294,-2.30198652,0.624600006,106.373215,0.174728567,-0.957467207,-0.800936689,-0.105341427,-0.507122176,1.04595244,14.4130157,0,12.9522926,15.7876527,-18.9605454,59.2515017,3.98237936,-9.41323353,-10.6005492,-0.691706491,-15.5720697,34.3844871,73.4137419,7.02749114,-8.00811164,12.4114458,-1.86428199,-0.296857017,3.55806795,8.61224956,-5.56310541,0.331942605,-1.96089523,2.46950676,-9.58742299,6.89563135,-4.44167074,-3.14124925
295,-2.30504815,0.629351381,106.373346,0.162762126,-0.958285468,-0.797452587,-0.109266071,-0.493650482,1.04963284,14.4117623,0,12.9551605,15.7767551,-18.9531978,59.2502723,3.99552065,-9.41027605,-10.5903091,-0.698321476,-15.5741786,34.4020885,73.4049104,7.04331455,-7.98577265,12.4235574,-1.86302182,-0.285606254,3.5569828,8.60172424,-5.55718022,0.334990523,-1.96254024,2.48324761,-9.6003346,6.89828018,-4.43403843,-3.14989157
296,-2.3114318,0.630664406,106.380188,0.150509174,-0.959980212,-0.791154549,-0.106177552,-0.487622519,1.05781381,14.3943317,0,12.9516036,15.7798219,-18.9518454,59.2508665,4.01966024,-9.41254795,-10.5923504,-0.698378145,-15.5669471,34.3982226,73.3979915,7.01417227,-8.00014423,12.3973824,-1.85846587,-0.272552082,3.54580882,8.58938208,-5.54897076,0.326554439,-1.96923745,2.49642688,-9.61903054,6.90772548,-4.42136586,-3.17284442
297,-2.31245533,0.628165901,106.378794,0.16255475,-0.958792566,-0.791524261,-0.10018262,-0.504867146,1.0534491,14.391796,0,12.9595565,15.7809882,-18.9553817,59.2518569,4.02171143,-9.43465385,-10.6045201,-0.702950636,-15.5591539,34.395371,73.3965161,7.01615046,-8.02079103,12.3987476,-1.86511314,-0.285897365,3.55024695,8.60083375,-5.56050225,0.331095955,-1.95993964,2.48113559,-9.60339453,6.88094644,-4.42109693,-3.16297907
298,-2.31598169,0.62775854,106.373441,0.1642392,-0.959631569,-0.785951459,-0.09240048,-0.503784775,1.06045485,14.3834649,0,12.9491832,15.7821783,-18.9733571,59.2583592,4.01326975,-9.44594586,-10.6281696,-0.709387663,-15.5543198,34.391488,73.4031961,6.98074063,-8.02439481,12.3704134,-1.86662667,-0.289859541,3.54923096,8.59976397,-5.57157911,0.343530314,-1.95897616,2.47815399,-9.60678572,6.88233169,-4.42156223,-3.11497415
299,-2.32033934,0.629066397,106.369364,0.163905095,-0.961469084,-0.781802016,-0.0847980659,-0.503937814,1.06552531,14.3614648,0,12.93579,15.7796785,-18.9823559,59.2775452,4.02146256,-9.46073322,-10.6493458,-0.707089624,-15.5578203,34.4016172,73.3831495,7.00150824,-8.00991481,12.3534942,-1.86511762,-0.289833901,3.53702456,8.59239164,-5.56434936,0.337235308,-1.9637876,2.48120111,-9.61785746,6.88986752,-4.43682728,-3.15882888
300,-2.32367348,0.632357551,106.372833,0.15078067,-0.962569404,-0.785590429,-0.0813093667,-0.491898111,1.06800904,14.3567212,0,12.9322298,15.78204,-18.9953332,59.2863152,4.00867217,-9.4506382,-10.6511447,-0.715392306,-15.550278,34.4230947,73.3932308,7.01138,-8.0229101,12.3534029,-1.86398723,-0.274904922,3.54012461,8.58976372,-5.56078613,0.324308267,-1.96629812,2.49583735,-9.61428868,6.89167197,-4.42784771,-3.19804185
301,-2.32665855,0.632596249,106.375778,0.160558504,-0.963328336,-0.783542148,-0.0762175673,-0.497495344,1.07505086,14.3548327,0,12.9280967,15.7746053,-18.9874068,59.3003444,4.01509554,-9.46335858,-10.6546571,-0.721270751,-15.5412571,34.4190718,73.3998356,6.98480288,-8.05383805,12.3188652,-1.86450504,-0.287784204,3.54221273,8.5893966,-5.55571643,0.327192021,-1.96529622,2.48296245,-9.61188702,6.88868248,-4.43028823,-3.18199496
302,-2.33047232,0.632183906,106.375527,0.162305565,-0.964232231,-0.782437416,-0.0752737606,-0.499976944,1.07792946,14.3589957,0,12.9336052,15.7805066,-18.9774245,59.3034453,4.00476744,-9.46303585,-10.6642441,-0.725720779,-15.5325178,34.4319125,73.4037835,7.00466849,-8.02351201,12.3498255,-1.86600576,-0.289589349,3.53802241,8.59028794,-5.5573514,0.339575154,-1.9631302,2.48078468,-9.6183313,6.88638626,-4.42549941,-3.15465819
303,-2.33359504,0.635995343,106.379676,0.154820977,-0.966723771,-0.779188175,-0.0713517046,-0.484659765,1.07920543,14.3501438,0,12.9320437,15.7649816,-18.9618124,59.312748,4.0214045,-9.46124549,-10.6406911,-0.737135039,-15.5315462,34.4519591,73.4208726,7.02404018,-8.02265055,12.3450282,-1.86400131,-0.28292874,3.53034826,8.58693175,-5.55093785,0.337548002,-1.96835743,2.48843727,-9.63173298,6.89959158,-4.41098782,-3.16289476
304,-2.33779829,0.635390775,106.37989,0.159977137,-0.96627159,-0.781302312,-0.065336429,-0.494434459,1.08046965,14.3429465,0,12.9325807,15.7619029,-18.9433555,59.3183215,4.02170204,-9.46781784,-10.6246265,-0.738761852,-15.5195251,34.4439917,73.4103883,7.01343119,-8.00622395,12.3419751,-1.86716262,-0.288296068,3.53233009,8.58671148,-5.54431385,0.333085754,-1.96525844,2.48305764,-9.62237563,6.88217673,-4.41083072,-3.21468211
305,-2.34034341,0.636214949,106.382322,0.159773462,-0.966914208,-0.779615966,-0.0740810455,-0.494702758,1.08140859,14.3588437,0,12.9412525,15.7573318,-18.9223339,59.3209443,4.01622594,-9.45625433,-10.615083,-0.740700505,-15.5064538,34.4414987,73.4133662,7.01790667,-8.03513785,12.331478,-1.86765482,-0.28922348,3.52861873,8.5859909,-5.53161013,0.333295089,-1.96476581,2.4832412,-9.63134623,6.88547955,-4.40768628,-3.19886638
306,-2.33991351,0.633546244,106.381285,0.169952674,-0.966740534,-0.772733781,-0.073122131,-0.49945881,1.08518931,14.3568988,0,12.9585986,15.7591674,-18.9115695,59.2993609,4.01025422,-9.4342688,-10.625377,-0.749742235,-15.5002964,34.4431789,73.4192265,7.0461192,-8.04780187,12.3181326,-1.87261013,-0.301333832,3.52220796,8.59170349,-5.52960717,0.34087257,-1.95762314,2.47096501,-9.62657107,6.86777143,-4.40190836,-3.1391035
307,-2.3437256,0.632758625,106.375957,0.173167334,-0.964257912,-0.775893958,-0.0642708661,-0.506610765,1.07513709,14.3457571,0,12.9653511,15.7656253,-18.9098022,59.2978514,4.01370517,-9.41959499,-10.6141285,-0.732625781,-15.4876384,34.4371274,73.4064609,7.07630052,-8.03196522,12.3206333,-1.87413539,-0.306878452,3.53186094,8.58893385,-5.5382495,0.374168435,-1.95293336,2.46746389,-9.62223646,6.84894572,-4.41304285,-3.15084268
308,-2.34892759,0.634983648,106.381619,0.168611245,-0.96440489,-0.771259411,-0.0617812622,-0.49328544,1.0733051,14.3368676,0,12.9657208,15.7668889,-18.9196906,59.2938421,4.02875592,-9.41344014,-10.6180627,-0.708121623,-15.4901365,34.3906923,73.3759026,7.0213636,-8.01257944,12.2967968,-1.8750135,-0.301689296,3.51318058,8.58397172,-5.52213751,0.358363697,-1.95323539,2.47149371,-9.62876185,6.8430803,-4.39970947,-3.15896505
309,-2.35088728,0.633056741,106.381893,0.179531541,-0.965066435,-0.764062549,-0.0522099627,-0.500180249,1.07410648,14.3210233,0,12.9530815,15.7729132,-18.9375891,59.3023935,4.04579383,-9.40662959,-10.6191137,-0.706024435,-15.4856457,34.3719127,73.3843721,7.00688787,-8.02457667,12.3095633,-1.8778698,-0.313432285,3.50409878,8.58426713,-5.5146593,0.355210471,-1.95193018,2.45779918,-9.63149905,6.8402193,-4.39710076,-3.13530015
310,-2.3522079,0.630340679,106.372511,0.184489529,-0.963790464,-0.749605715,-0.0559929904,-0.501269291,1.08310856,14.3211846,0,12.9372935,15.7895771,-18.9681474,59.296137,4.04616863,-9.36674384,-10.6249381,-0.726394193,-15.4802976,34.4067808,73.4009353,7.06739268,-8.02882931,12.3305841,-1.8815088,-0.321743478,3.50175859,8.58122257,-5.52648706,0.373677142,-1.94497064,2.45315059,-9.63450775,6.82192891,-4.40902371,-3.13034976
311,-2.35424396,0.630138209,106.370187,0.185342293,-0.96467797,-0.745444454,-0.0617140342,-0.501496981,1.08368624,14.3208909,0,12.9393119,15.7924697,-18.9569032,59.2974962,4.08361002,-9.36377698,-10.6197267,-0.729996638,-15.4690517,34.4025939,73.4128676,7.0673692,-8.03040879,12.3123918,-1.88195596,-0.322916003,3.49618408,8.58006229,-5.52712227,0.375821874,-1.94599966,2.45124924,-9.63595831,6.82145293,-4.4082169,-3.10797684
312,-2.36227605,0.632922398,106.376565,0.186615088,-0.965667726,-0.74006798,-0.0541307133,-0.495767627,1.08753879,14.2985127,0,12.923459,15.7936411,-18.95851,59.3130281,4.10084046,-9.35881485,-10.6198693,-0.725330178,-15.4674381,34.3782477,73.428782,7.0215732,-8.03582257,12.32711,-1.88399755,-0.32548274,3.4935186,8.57653962,-5.51139234,0.374493002,-1.9459655,2.44808707,-9.63981054,6.81597768,-4.39509824,-3.1389368
313,-2.36572232,0.632013986,106.378174,0.195423283,-0.965015621,-0.72592138,-0.048873552,-0.501472062,1.08854262,14.288591,0,12.9132094,15.7916228,-18.9689055,59.322201,4.07395213,-9.36273794,-10.6073162,-0.721281477,-15.4724736,34.3639931,73.430428,7.01821062,-8.01846877,12.3832721,-1.88519923,-0.336209152,3.47381586,8.5717158,-5.50169006,0.35319135,-1.94308679,2.43795193,-9.65349397,6.81236707,-4.39658082,-3.14626901
314,-2.36957036,0.632084906,106.370842,0.185985486,-0.964129726,-0.703057428,-0.0653426922,-0.489211659,1.0867927,14.2890716,0,12.9104791,15.7958489,-18.9782629,59.3222761,4.04424209,-9.36498934,-10.5911927,-0.731868697,-15.4611372,34.3924613,73.4576122,7.01859524,-8.03237077,12.3529435,-1.8834904,-0.327911939,3.46130658,8.5543637,-5.51287022,0.359537796,-1.94379244,2.44778783,-9.66498832,6.81252673,-4.40413244,-3.14102086
315,-2.37293579,0.63490821,106.369722,0.179841982,-0.963800198,-0.684642723,-0.0830113644,-0.480911005,1.09799218,14.2956645,0,12.9006965,15.7947783,-18.9708282,59.3231572,4.0157713,-9.36675409,-10.5782512,-0.759325257,-15.448597,34.4127743,73.4894818,7.02039841,-8.01256236,12.373978,-1.88615845,-0.324829309,3.45343201,8.54302815,-5.50255194,0.368616425,-1.94213377,2.45089791,-9.67606091,6.80081978,-4.38807253,-3.12789623
316,-2.37596482,0.638399925,106.375527,0.172545099,-0.963641278,-0.664465853,-0.0998665371,-0.471542173,1.10231036,14.2923484,0,12.9019533,15.7885014,-18.9481127,59.3203295,4.03553744,-9.35952348,-10.5662591,-0.74783229,-15.4473351,34.399674,73.4835054,6.99594975,-8.0090303,12.3410385,-1.88079376,-0.319814056,3.43359266,8.52336148,-5.48219328,0.370870627,-1.94567309,2.45863033,-9.70138042,6.808476,-4.39028552,-3.13798826
317,-2.38261502,0.63779531,106.380212,0.186532256,-0.963899667,-0.646465241,-0.106568453,-0.484639594,1.10115179,14.2923817,0,12.9017415,15.7943804,-18.9523338,59.3111361,4.01684535,-9.36279429,-10.5612543,-0.73263101,-15.4422808,34.3754166,73.4901717,6.98042815,-8.00674304,12.3656434,-1.88447374,-0.337135096,3.41999034,8.51864011,-5.45920927,0.379373893,-1.94304176,2.44345215,-9.720096,6.80642097,-4.39744953,-3.15361659
318,-2.38895267,0.640569394,106.379855,0.173055857,-0.965580537,-0.626842267,-0.119205117,-0.472010201,1.10564082,14.2958728,0,12.896852,15.7990421,-18.956285,59.30587,4.03588578,-9.36340132,-10.5603262,-0.732774444,-15.4327253,34.3792176,73.496674,6.98711789,-8.01848243,12.3571168,-1.88386286,-0.324020306,3.40483564,8.5069084,-5.44927561,0.355163567,-1.94449381,2.45770761,-9.74100662,6.80582375,-4.37664264,-3.16378076
319,-2.39335708,0.638749124,106.371045,0.173699221,-0.966605797,-0.609236197,-0.132694727,-0.471773812,1.11502465,14.3027952,0,12.8823643,15.8105185,-18.9704833,59.3024823,4.0408445,-9.35746845,-10.568665,-0.753353537,-15.4160546,34.390525,73.5302786,6.99310327,-8.03903618,12.3513376,-1.88792213,-0.327895264,3.39894183,8.50284188,-5.45726394,0.375242295,-1.94248147,2.45405517,-9.751771,6.7957838,-4.37597072,-3.14307632
320,-2.3970155,0.640536565,106.370854,0.168089478,-0.967845012,-0.599396101,-0.128522042,-0.466061,1.12131803,14.298785,0,12.8749612,15.818754,-18.9818026,59.290386,4.05417361,-9.35112662,-10.5725301,-0.744195801,-15.4106553,34.3870211,73.5292267,6.99795569,-8.05115293,12.3422261,-1.88809182,-0.323874897,3.39305677,8.49810514,-5.46050231,0.394989439,-1.94362894,2.45832211,-9.7581171,6.79447838,-4.37090528,-3.11991558
321,-2.40270421,0.641169678,106.37902,0.173598924,-0.968837149,-0.593846704,-0.123393157,-0.469724222,1.12454636,14.299947,0,12.8677246,15.8248209,-18.9952735,59.2818551,4.03880142,-9.35728745,-10.5898694,-0.73252813,-15.4115808,34.3718068,73.5135446,6.97915688,-8.04081715,12.3543275,-1.89128194,-0.331182453,3.38430793,8.49713526,-5.4437423,0.384460196,-1.94260569,2.45352753,-9.7679244,6.79490271,-4.37504608,-3.14327824
322,-2.4083415,0.643429207,106.380308,0.170634574,-0.96957429,-0.582114328,-0.120615084,-0.457640604,1.12608358,14.2925183,0,12.8599784,15.8196658,-19.0057049,59.2760084,4.02320554,-9.35908805,-10.5976472,-0.728861813,-15.4190855,34.3816389,73.5139612,6.93970314,-8.05437764,12.3392166,-1.89093488,-0.330550126,3.37620605,8.48869314,-5.44460248,0.378039285,-1.94218948,2.45634477,-9.784205,6.79382524,-4.3839121,-3.15221725
323,-2.41336338,0.650114706,106.37958,0.153154895,-0.972099185,-0.567117476,-0.121982923,-0.432751021,1.13874451,14.2880019,0,12.8437686,15.8184176,-19.0212675,59.2677166,4.00390556,-9.35309969,-10.5919995,-0.736168408,-15.4249799,34.3978708,73.5281134,6.96725015,-8.0865649,12.3581148,-1.8899539,-0.314737892,3.36248847,8.47913942,-5.44593736,0.385454495,-1.94573989,2.46999256,-9.79704491,6.79847105,-4.35961583,-3.12326493
324,-2.41829567,0.653357198,106.374478,0.153771198,-0.972466353,-0.560814213,-0.112633261,-0.428845433,1.13647966,14.2938946,0,12.8386058,15.82346,-19.0498808,59.2600053,3.95799089,-9.35796534,-10.591763,-0.733351595,-15.4303741,34.4111726,73.5332565,6.99465671,-8.0980695,12.3733376,-1.89453397,-0.318494656,3.36158304,8.48269538,-5.45091955,0.388254073,-1.9407831,2.46512882,-9.78996712,6.78019688,-4.35787968,-3.10142092
325,-2.42573898,0.653480645,106.383109,0.1621596,-0.974504644,-0.554387917,-0.0914679924,-0.433514028,1.14339715,14.272231,0,12.8260383,15.827302,-19.0643711,59.256802,3.93619362,-9.37284491,-10.5962838,-0.721980824,-15.4311493,34.3739003,73.5285983,6.90993547,-8.08010354,12.3711187,-1.89905641,-0.329055889,3.35317102,8.48563663,-5.42855154,0.381241789,-1.94067232,2.45477404,-9.79633457,6.78050296,-4.34642375,-3.11830045
326,-2.42959745,0.65703732,106.385338,0.162657475,-0.974549776,-0.553826736,-0.0764415095,-0.433498259,1.14212684,14.262445,0,12.8235581,15.828388,-19.0601295,59.2498693,3.91282626,-9.36288735,-10.596504,-0.72097812,-15.436972,34.3836197,73.5298824,6.93923869,-8.07252033,12.4030814,-1.90038061,-0.330718507,3.35072069,8.48489641,-5.43089002,0.384565263,-1.9408006,2.45464256,-9.79125974,6.77915015,-4.36903082,-3.15619392
327,-2.43598148,0.660434505,106.384909,0.155614303,-0.976602919,-0.54505925,-0.0646862537,-0.423055887,1.15435117,14.255736,0,12.8045898,15.8277152,-19.0751918,59.2502723,3.90383731,-9.36004087,-10.5735461,-0.734525907,-15.4479174,34.3934483,73.5323549,6.95100028,-8.06927855,12.4097861,-1.90167941,-0.325313879,3.34261582,8.47902757,-5.42677185,0.377545216,-1.94305115,2.46080083,-9.79908201,6.78132386,-4.36357862,-3.15092998
328,-2.44034305,0.662876153,106.381106,0.159130431,-0.977065434,-0.55090736,-0.0488831403,-0.421143488,1.15282857,14.2588463,0,12.8047904,15.8347742,-19.0864684,59.2464132,3.88664017,-9.35994354,-10.577949,-0.747162771,-15.4517389,34.4209603,73.5554068,6.97545235,-8.07188426,12.4064888,-1.90324352,-0.332028062,3.3469214,8.47763848,-5.42442183,0.382591899,-1.94075791,2.45383126,-9.78726749,6.76565626,-4.34651382,-3.12825012
329,-2.4446873,0.661402522,106.388021,0.185532428,-0.979395683,-0.552484354,-0.0422285984,-0.444130196,1.1564093,14.2563234,0,12.8000033,15.8340126,-19.0759858,59.2547256,3.90983251,-9.36654406,-10.5660738,-0.74381251,-15.4545751,34.3984275,73.5506394,6.98612666,-8.05066628,12.4187063,-1.91069078,-0.365303463,3.34028843,8.48605413,-5.37847344,0.388343132,-1.93862924,2.42166001,-9.78661265,6.76517687,-4.336187,-3.10625435
330,-2.44814586,0.661890954,106.392634,0.191712219,-0.979961274,-0.558247011,-0.0346561998,-0.452315831,1.15120971,14.2625492,0,12.8190484,15.8425845,-19.055316,59.2511602,3.92270741,-9.3793242,-10.5851079,-0.735757476,-15.4519745,34.3999609,73.5433037,6.96493301,-8.04210379,12.3844,-1.91251252,-0.37245291,3.34305935,8.48856337,-5.36622691,0.388243774,-1.93533047,2.41329089,-9.77620173,6.75265372,-4.331627,-3.11557286
331,-2.45486423,0.665807817,106.386995,0.192980651,-0.980120261,-0.55677569,-0.0307345406,-0.450683416,1.15807319,14.2558607,0,12.8107028,15.8356843,-19.0434622,59.2636253,3.92568836,-9.39564579,-10.6009112,-0.760748497,-15.4608077,34.4239895,73.5489113,7.00838667,-8.0452397,12.4069182,-1.90945708,-0.377439108,3.33718112,8.47587544,-5.37021532,0.401239756,-1.94021278,2.41262367,-9.78475398,6.75453714,-4.3529914,-3.1533628
332,-2.45918706,0.667981617,106.380904,0.191516476,-0.981444926,-0.565743418,-0.0187313302,-0.450203968,1.15757833,14.2525438,0,12.8203061,15.8382115,-19.0438925,59.2604561,3.93505341,-9.39441209,-10.6010564,-0.766462858,-15.4637378,34.4317657,73.5383109,7.00364609,-8.04906033,12.3947486,-1.90922634,-0.37896048,3.34815916,8.47596509,-5.37932209,0.414914409,-1.94021683,2.41201855,-9.77271833,6.74824696,-4.34715671,-3.12346002
333,-2.46387217,0.67427652,106.383634,0.174587627,-0.985054628,-0.57391314,-0.00531020111,-0.426592511,1.16786448,14.2460747,0,12.8274991,15.83474,-19.0408547,59.2556135,3.94109941,-9.40084527,-10.5975704,-0.773984764,-15.473044,34.4271485,73.527888,6.97609226,-8.06632449,12.3504292,-1.91001395,-0.36194309,3.3571383,8.4816256,-5.37751551,0.422996257,-1.9418262,2.42502259,-9.76205043,6.74862476,-4.30861353,-3.10923103
334,-2.47038696,0.675115734,106.385219,0.196498689,-0.987350957,-0.577578485,-0.0123869074,-0.441988878,1.17327784,14.2545126,0,12.8408957,15.8297847,-19.0293083,59.254589,3.95568485,-9.40464712,-10.6133012,-0.782376398,-15.4823723,34.4324726,73.5141662,6.98709441,-8.04816046,12.3764667,-1.91461536,-0.389612133,3.3593342,8.4907866,-5.36198195,0.420586374,-1.94045866,2.39705019,-9.76511548,6.74551446,-4.30751131,-3.09536639
335,-2.47745942,0.681384327,106.386626,0.191217562,-0.989156477,-0.585308604,-0.00996183257,-0.429512124,1.17698674,14.2605488,0,12.8543827,15.8202088,-19.0277869,59.2580997,3.96809872,-9.41256161,-10.6128709,-0.791083822,-15.4886902,34.4264381,73.5038321,6.95513937,-8.05894362,12.3556876,-1.9147588,-0.385745099,3.36245517,8.49055949,-5.36388715,0.417784529,-1.94196216,2.40083775,-9.75505205,6.74147355,-4.30023417,-3.10588915
336,-2.48212814,0.686636847,106.385934,0.192183916,-0.991498329,-0.577420064,-0.0150488327,-0.423718976,1.18467251,14.2554705,0,12.8493711,15.8182024,-19.0500413,59.265128,3.96092275,-9.40949229,-10.6131108,-0.798663998,-15.4936933,34.4176135,73.4959022,6.94752029,-8.05078837,12.382298,-1.91688,-0.39069888,3.35855044,8.48863509,-5.35790476,0.423857447,-1.94392178,2.3958722,-9.75690218,6.74524936,-4.30381575,-3.0829602
337,-2.48444974,0.691814441,106.385136,0.183174693,-0.993223124,-0.572323483,-0.0187190472,-0.41361774,1.1886098,14.2430251,0,12.8520306,15.8233029,-19.0766722,59.2653329,3.93482289,-9.40292762,-10.614645,-0.81925435,-15.4924639,34.4312568,73.5025821,6.9274596,-8.05567537,12.3584427,-1.91685673,-0.382788214,3.35424849,8.48449002,-5.37160697,0.413828889,-1.94495891,2.40333183,-9.76620148,6.74836009,-4.29411944,-3.10794375
338,-2.49072611,0.696335547,106.385839,0.186907075,-0.996185982,-0.571436622,-0.0268973567,-0.406124089,1.20044854,14.2418673,0,12.8567588,15.8106107,-19.0801317,59.2718967,3.93793062,-9.40392569,-10.6128401,-0.845088954,-15.5007113,34.4570749,73.5146784,6.90475563,-8.08360572,12.3323018,-1.91851818,-0.39142995,3.35340325,8.4856187,-5.36139925,0.418777441,-1.94773815,2.39378515,-9.76447259,6.74984779,-4.2935837,-3.07653961
339,-2.49686781,0.699416921,106.38752,0.194714099,-0.997497751,-0.576861653,-0.0332818943,-0.412173208,1.20061289,14.2528631,0,12.8684717,15.8039427,-19.0746078,59.2759743,3.92503096,-9.39127532,-10.5987623,-0.844958006,-15.4979741,34.4381997,73.4944884,6.87389299,-8.04800422,12.3295587,-1.92154843,-0.403123261,3.35655239,8.48969803,-5.35411656,0.426592965,-1.94580094,2.38236998,-9.75991771,6.74199051,-4.29140145,-3.0858577
340,-2.50120796,0.704619987,106.382084,0.190660899,-0.998102912,-0.582686265,-0.0330731,-0.405372955,1.19757485,14.2419305,0,12.8791422,15.796923,-19.0690805,59.2826337,3.93275889,-9.38833663,-10.6036117,-0.854048081,-15.4839057,34.446915,73.5181891,6.90613319,-8.07196537,12.3308556,-1.92425511,-0.401297813,3.36621263,8.49370821,-5.36810394,0.44147576,-1.94315211,2.38323293,-9.74180575,6.72845051,-4.28801709,-3.08313352
341,-2.50248406,0.714526,106.381547,0.167117851,-0.999929881,-0.578064725,-0.0368399293,-0.377781392,1.2017212,14.223337,0,12.8782064,15.7906768,-19.0770069,59.288132,3.91918602,-9.37823649,-10.6095813,-0.863635532,-15.4852273,34.4572184,73.5053484,6.9048299,-8.08066703,12.3102728,-1.91513446,-0.378947059,3.3583434,8.47531366,-5.37227035,0.442220918,-1.95086574,2.40800219,-9.7613085,6.74661626,-4.27830328,-3.09659326
342,-2.50860043,0.719951419,106.379855,0.15427523,-1.00191645,-0.572501304,-0.0460094216,-0.36456639,1.20435605,14.2188658,0,12.8868884,15.7868621,-19.0769215,59.2837402,3.92215886,-9.35543988,-10.6091834,-0.87534952,-15.4747515,34.4857412,73.5166592,6.95485848,-8.09640464,12.2908733,-1.91198297,-0.367838557,3.34565248,8.46306115,-5.37901303,0.43920016,-1.95798322,2.42260086,-9.78074551,6.76238417,-4.28800258,-3.10985194
343,-2.51120068,0.723711727,106.380212,0.159763213,-1.00284909,-0.581680009,-0.0467972479,-0.364403666,1.20104341,14.2189888,0,12.9082797,15.774035,-19.0702245,59.2719035,3.92026861,-9.34861652,-10.5915872,-0.863564562,-15.4728186,34.4674261,73.4951987,6.97402997,-8.0836228,12.2825618,-1.91221946,-0.378814724,3.35525636,8.46459197,-5.37584852,0.463206567,-1.95792068,2.41109733,-9.76476116,6.75625024,-4.28990393,-3.07922665
344,-2.51727682,0.724020973,106.384969,0.166772239,-1.00582713,-0.586836384,-0.048872975,-0.374344873,1.20530246,14.2102034,0,12.9185891,15.7763419,-19.0621513,59.2694651,3.92924988,-9.35534767,-10.5815493,-0.852774518,-15.4618749,34.4637924,73.4832527,6.97031989,-8.08473697,12.2318972,-1.91874293,-0.38795237,3.35911371,8.48081367,-5.3710486,0.465449377,-1.95498861,2.40048706,-9.75365271,6.74870331,-4.28317364,-3.07605339
345,-2.52261814,0.727031473,106.383836,0.173410003,-1.00840299,-0.586736019,-0.0516421098,-0.376340355,1.20803048,14.1868433,0,12.9239533,15.7749383,-19.0722292,59.2702711,3.91304312,-9.34716767,-10.5902408,-0.843163588,-15.4618288,34.4717257,73.4689503,6.99889057,-8.07356022,12.2062157,-1.9219211,-0.398091119,3.36060547,8.48546332,-5.36876091,0.460296267,-1.95607418,2.39027401,-9.75044765,6.75080402,-4.2916721,-3.06492381
346,-2.52312925,0.732237333,106.383264,0.163173458,-1.00883241,-0.588360402,-0.0492369794,-0.370421889,1.20774052,14.1671724,0,12.9310755,15.7813945,-19.0846362,59.2678327,3.89364923,-9.34185293,-10.5994077,-0.840193469,-15.458079,34.4974926,73.4697768,7.0481388,-8.09507617,12.2390911,-1.92060629,-0.387426339,3.36086544,8.48138484,-5.37095255,0.449506275,-1.95725794,2.40296023,-9.75413083,6.7530123,-4.28742244,-3.09958638
347,-2.52865255,0.739752781,106.385815,0.153275276,-1.01100167,-0.583589121,-0.0578719394,-0.352191928,1.209555,14.1600929,0,12.9320411,15.7715318,-19.0893696,59.2718215,3.89163731,-9.33857187,-10.60998,-0.841291636,-15.4550823,34.5042886,73.4800767,7.07387709,-8.07118844,12.2650569,-1.91873375,-0.380184978,3.35080842,8.47180635,-5.36620258,0.440735672,-1.96192296,2.41195089,-9.7639441,6.76316239,-4.28960597,-3.10703491
348,-2.53457148,0.740556046,106.382871,0.169484341,-1.01285941,-0.589611805,-0.0520965409,-0.363674516,1.20633232,14.1491646,0,12.9426049,15.7722899,-19.1056647,59.2670814,3.88368825,-9.33530875,-10.592686,-0.829632129,-15.4519865,34.5075534,73.4866063,7.09565258,-8.05108975,12.270673,-1.92267819,-0.400811162,3.36080077,8.48044227,-5.36592425,0.455917101,-1.96052512,2.38969878,-9.74950167,6.75415252,-4.30154642,-3.11442197
349,-2.54255012,0.743680121,106.385672,0.166448263,-1.01725801,-0.589502205,-0.0524744891,-0.352171624,1.22609099,14.1377847,0,12.9331818,15.7640066,-19.0964781,59.2683381,3.88169213,-9.3474477,-10.6036552,-0.842625444,-15.4531066,34.5103606,73.503914,7.07970238,-8.03878602,12.2839031,-1.92240626,-0.398859996,3.35581324,8.48118933,-5.35594919,0.455007939,-1.96534126,2.39049172,-9.75521341,6.76510046,-4.28603036,-3.10172252
350,-2.53914669,0.749965897,106.38659,0.155346599,-1.01799814,-0.58248353,-0.0578682308,-0.335993014,1.21332601,14.1305993,0,12.9406625,15.7584554,-19.1085931,59.2809057,3.86998646,-9.34698837,-10.59797,-0.83028025,-15.4521145,34.52523,73.5135378,7.10604514,-8.03601809,12.305466,-1.91586529,-0.387352328,3.34427193,8.47068193,-5.35344336,0.440865019,-1.96775082,2.40081896,-9.76723796,6.77947117,-4.28381183,-3.09266889
351,-2.54411101,0.753389578,106.384456,0.154580634,-1.01886549,-0.594169928,-0.045732342,-0.342818667,1.21090663,14.1088477,0,12.9384888,15.7637488,-19.1056784,59.2913217,3.86726634,-9.35378783,-10.6119522,-0.818232117,-15.4337721,34.5382483,73.5257706,7.10036712,-8.05096766,12.2854997,-1.91880056,-0.388548064,3.35889622,8.47403726,-5.35238425,0.436139942,-1.96555662,2.39956349,-9.749237,6.76573566,-4.27141248,-3.10343476
352,-2.54693683,0.756425783,106.384265,0.149371373,-1.02003126,-0.596336853,-0.0471999389,-0.336170705,1.20920495,14.108011,0,12.9463418,15.7575896,-19.0939851,59.28749,3.87644569,-9.35134347,-10.5993582,-0.808497176,-15.4247767,34.5219686,73.5356812,7.05934671,-8.07167082,12.2494926,-1.91794593,-0.3842352,3.36208207,8.47255511,-5.35234327,0.448504905,-1.96780439,2.4049444,-9.74730832,6.76619798,-4.26327004,-3.12433855
353,-2.55089123,0.754162716,106.383848,0.164337018,-1.0217561,-0.600164489,-0.0429457916,-0.350762657,1.21260745,14.1020124,0,12.9533223,15.7561143,-19.0799798,59.2840134,3.87655839,-9.36242972,-10.5925212,-0.783091487,-15.4121152,34.4627884,73.5268362,6.97788433,-8.08061751,12.2157848,-1.9235087,-0.401546341,3.36852764,8.48354489,-5.34957534,0.449930174,-1.96462686,2.38624419,-9.74168366,6.75796803,-4.27178088,-3.10531776
354,-2.55235676,0.754753919,106.384766,0.169605948,-1.02191695,-0.60276264,-0.0368690476,-0.355675538,1.20492456,14.0967651,0,12.958427,15.7516781,-19.0625184,59.2932069,3.91137656,-9.3692121,-10.5977804,-0.751515576,-15.4056829,34.4370727,73.5241519,6.94481212,-8.09182329,12.2056061,-1.92472724,-0.408344727,3.37058566,8.48590984,-5.34700121,0.454076259,-1.96177889,2.37760166,-9.73190369,6.74746747,-4.2562089,-3.08794026
355,-2.55635809,0.755920261,106.380248,0.173103769,-1.02297189,-0.604718055,-0.0393559669,-0.361225306,1.20563105,14.0916271,0,12.962596,15.7512102,-19.0584288,59.2891702,3.90324692,-9.37210554,-10.5865354,-0.747358072,-15.3997082,34.4294502,73.5230454,6.92648075,-8.09974546,12.2155833,-1.92647791,-0.414418686,3.37205522,8.48574677,-5.35062676,0.465974448,-1.9619776,2.37383844,-9.73030884,6.7459469,-4.2643364,-3.07999547
356,-2.55900733,0.75833872,106.380141,0.164599605,-1.02443109,-0.603986968,-0.0406740867,-0.353052692,1.20502872,14.0952812,0,12.9664542,15.7500269,-19.0519521,59.282702,3.91187644,-9.37324448,-10.5974346,-0.736773786,-15.3966158,34.41148,73.5263512,6.89143249,-8.11178964,12.2560761,-1.92563224,-0.406017687,3.37057968,8.48371137,-5.34611371,0.473018881,-1.96465696,2.38128569,-9.73587203,6.74612662,-4.25405056,-3.09101043
357,-2.56380048,0.760985957,106.37902,0.15927724,-1.02693053,-0.6071655,-0.0352782672,-0.34626367,1.21036245,14.0996124,0,12.9694296,15.7499757,-19.0373611,59.2792869,3.93471233,-9.39263453,-10.6033641,-0.715570371,-15.3956835,34.3861946,73.5178818,6.88633845,-8.1084548,12.2877758,-1.92460323,-0.401786572,3.377412,8.48526268,-5.35681747,0.484889163,-1.96609898,2.38563759,-9.72552429,6.75031779,-4.25123695,-3.07549331
358,-2.56846696,0.761347916,106.380546,0.170964405,-1.02918419,-0.613236349,-0.0349569148,-0.35566113,1.21111997,14.1023428,0,12.9787827,15.7482032,-19.024242,59.2713776,3.93377659,-9.39835054,-10.6053022,-0.687211372,-15.3918791,34.362347,73.5042009,6.86201529,-8.12082769,12.2882078,-1.92815835,-0.416327858,3.38233209,8.49748787,-5.35522732,0.494659002,-1.96181539,2.36825625,-9.7109905,6.74248442,-4.24368575,-3.04876998
359,-2.57759001,0.766764674,106.383324,0.160172267,-1.0329651,-0.605117461,-0.0397670255,-0.338100901,1.22298795,14.0954861,0,12.9595275,15.7377104,-19.0355665,59.2842252,3.9384843,-9.40281407,-10.6116312,-0.694782851,-15.3922718,34.3782341,73.5211398,6.92751083,-8.11459856,12.3497888,-1.92921318,-0.406539796,3.37011544,8.4929714,-5.34751604,0.481822728,-1.96663302,2.37998198,-9.72550636,6.7521231,-4.2333632,-3.07095849
360,-2.58038566,0.765820267,106.385922,0.168301357,-1.03435704,-0.604429492,-0.0392621618,-0.345422303,1.2262388,14.0916365,0,12.9528689,15.7413577,-19.0475312,59.2874422,3.93952846,-9.40176478,-10.6099202,-0.691271867,-15.3849277,34.3829981,73.5351553,6.9061191,-8.11177342,12.3495378,-1.93207845,-0.415271446,3.37015429,8.49555919,-5.34182734,0.47637736,-1.96681786,2.37068268,-9.72319519,6.75115705,-4.23622206,-3.08517638
361,-2.58693472,0.768231787,106.385922,0.168484196,-1.03622584,-0.607107435,-0.0426814352,-0.339565496,1.23053606,14.101063,0,12.9492925,15.7386324,-19.0552903,59.2847989,3.93431788,-9.39333975,-10.6064718,-0.693012338,-15.3841951,34.4019792,73.5429212,6.88546333,-8.11775411,12.2983968,-1.93298025,-0.418483796,3.3717835,8.49615683,-5.34161945,0.494930502,-1.96847034,2.36724474,-9.72052459,6.7532902,-4.23719622,-3.05588149
362,-2.59353817,0.770652713,106.384265,0.167072345,-1.03797162,-0.612703928,-0.0410685868,-0.333583558,1.23653766,14.1053617,0,12.9439828,15.736457,-19.0622281,59.2935552,3.91912626,-9.41689707,-10.6152401,-0.693304115,-15.3866113,34.4116781,73.544219,6.92146654,-8.09834954,12.3444374,-1.93434778,-0.418942619,3.38134555,8.49876426,-5.35195609,0.509135321,-1.96781998,2.36642192,-9.70629731,6.74191965,-4.23330301,-3.05476646
363,-2.59661693,0.774204778,106.383586,0.168104579,-1.03924445,-0.607555201,-0.0502394498,-0.332379283,1.23964913,14.1124728,0,12.9401409,15.7318364,-19.0688414,59.299033,3.90333657,-9.41593145,-10.597637,-0.700297535,-15.3862647,34.4186244,73.5556664,6.89909084,-8.12418729,12.3389212,-1.93171581,-0.421678377,3.37089792,8.4878018,-5.34508833,0.498556959,-1.97035141,2.36458097,-9.71567686,6.74765871,-4.24427229,-3.06180582
364,-2.60262117,0.778455054,106.384599,0.163357708,-1.04132606,-0.613673884,-0.0471637169,-0.323821083,1.24365611,14.103714,0,12.9331869,15.7247962,-19.0631502,59.3066897,3.91990746,-9.40860693,-10.5972093,-0.701790144,-15.3934979,34.4422363,73.5450181,6.9573293,-8.10936151,12.3883564,-1.93346989,-0.418178759,3.3794728,8.48906966,-5.34384993,0.495448049,-1.97201883,2.36823106,-9.70701448,6.74413306,-4.23819556,-3.07060994
365,-2.60675438,0.779719884,106.384802,0.16389544,-1.04305511,-0.607474809,-0.0552249509,-0.320973801,1.24933637,14.1006472,0,12.935872,15.7195916,-19.0555926,59.3011845,3.91784005,-9.41908871,-10.5934817,-0.704706582,-15.3958423,34.4571774,73.5418489,6.94461021,-8.10963045,12.3484108,-1.93138583,-0.420761691,3.37308273,8.48241791,-5.33801781,0.497943309,-1.97571247,2.36747377,-9.7223824,6.75244198,-4.24315812,-3.07334308
366,-2.61148419,0.783439167,106.382895,0.151607125,-1.0441819,-0.614268665,-0.0546018829,-0.302384587,1.25014553,14.0929778,0,12.9374506,15.7199894,-19.0670673,59.289662,3.91295262,-9.41151659,-10.5892418,-0.698295435,-15.3994606,34.4489914,73.531508,6.94044379,-8.07826195,12.3359184,-1.9297643,-0.409070381,3.37893812,8.47601546,-5.34244377,0.507674941,-1.97753421,2.37895724,-9.7226428,6.75148703,-4.22481863,-3.06050339
367,-2.61694659,0.784990005,106.378555,0.154751945,-1.04491969,-0.623585405,-0.0547422553,-0.307674462,1.25362541,14.0952053,0,12.9376137,15.7203839,-19.0609867,59.2814384,3.91782639,-9.40907565,-10.5862212,-0.703465355,-15.395354,34.466685,73.5300942,6.9488842,-8.10930687,12.2825226,-1.92945779,-0.414425677,3.38459758,8.47269684,-5.35123166,0.517258443,-1.97945136,2.37620189,-9.71252217,6.74792338,-4.2409716,-3.06818138
368,-2.61804648,0.788482372,106.37989,0.147992863,-1.04617865,-0.633663506,-0.0513235422,-0.29782613,1.25184518,14.0973918,0,12.9428439,15.714877,-19.0497203,59.2786791,3.92449436,-9.41866096,-10.5945574,-0.70163908,-15.3977821,34.4498418,73.5253813,6.96866528,-8.1316783,12.3064871,-1.93263916,-0.407163505,3.39668787,8.48163158,-5.3599679,0.507922322,-1.97467151,2.3809508,-9.68980752,6.73304979,-4.21606404,-3.06650393
369,-2.6229497,0.792816002,106.377149,0.142501317,-1.04798217,-0.642026294,-0.0506996671,-0.286574834,1.25219747,14.0920847,0,12.9455922,15.713231,-19.0540353,59.2687275,3.91543241,-9.40298227,-10.6009223,-0.697984982,-15.4038405,34.4620132,73.5126567,6.99936015,-8.12540563,12.3039301,-1.92568283,-0.402656914,3.39768763,8.46953873,-5.35800422,0.501173401,-1.9816859,2.38771759,-9.7014769,6.74304407,-4.2148726,-3.07251236
370,-2.62464527,0.796987861,106.379592,0.138847005,-1.05053165,-0.650755339,-0.0505053269,-0.280193249,1.25525035,14.0953854,0,12.9502367,15.7113663,-19.0437627,59.2626486,3.92830305,-9.40075306,-10.6045346,-0.696845514,-15.4075032,34.442332,73.5063183,6.99466354,-8.10995062,12.3300632,-1.9232182,-0.398731156,3.39387063,8.46581799,-5.34791774,0.489351731,-1.98567238,2.39132201,-9.70290526,6.75335637,-4.20549987,-3.07897479
371,-2.63212249,0.796645787,106.375062,0.152735511,-1.05169342,-0.663245972,-0.0353104905,-0.287605712,1.26204991,14.0761268,0,12.9423163,15.7077002,-19.0550445,59.2613509,3.92868853,-9.40039106,-10.5988075,-0.709749716,-15.4122638,34.4751374,73.5169597,6.99450175,-8.11372259,12.3051314,-1.92743349,-0.414965555,3.40406703,8.47224092,-5.35314411,0.492120839,-1.98548967,2.37569177,-9.68757661,6.7404772,-4.22010282,-3.10071933
372,-2.63502542,0.800928008,106.380689,0.141421397,-1.05260771,-0.671015709,-0.0382883796,-0.276044096,1.26627172,14.0884733,0,12.9390139,15.7006446,-19.0405337,59.2678191,3.93049767,-9.4078428,-10.5961591,-0.71246557,-15.4147346,34.4788906,73.5126772,6.98229791,-8.10892694,12.3158086,-1.92608667,-0.402310068,3.41136829,8.46957374,-5.35000351,0.487218898,-1.9871874,2.38808493,-9.68485137,6.74444255,-4.20384611,-3.08374119
373,-2.63708346,0.802597962,106.382799,0.142394644,-1.05331579,-0.67569866,-0.0316243428,-0.276209221,1.26562626,14.0851538,0,12.9333243,15.7039863,-19.053272,59.2864313,3.91674167,-9.42025069,-10.6083057,-0.716481401,-15.4144734,34.4837776,73.5194937,6.99125912,-8.11207054,12.3198615,-1.92735473,-0.404078394,3.41560002,8.46994769,-5.3440224,0.485822551,-1.98688346,2.38713255,-9.67708886,6.74394394,-4.20513317,-3.09237668
374,-2.63991207,0.804578047,106.376374,0.1443616,-1.05407288,-0.680669524,-0.0415424278,-0.279076994,1.26778247,14.0958311,0,12.9336684,15.7055982,-19.0608689,59.2933161,3.90003033,-9.42045304,-10.6042435,-0.727002827,-15.414388,34.4976394,73.5282568,7.00032534,-8.10631952,12.3446098,-1.9273336,-0.407519502,3.42118199,8.47019443,-5.35008077,0.48553563,-1.98810606,2.38467325,-9.6772468,6.74049811,-4.20949126,-3.10274939
375,-2.64597572,0.808217749,106.380546,0.135527805,-1.05663315,-0.686808381,-0.0456076344,-0.26747421,1.27319678,14.0919438,0,12.9264506,15.7052618,-19.0680491,59.3068194,3.89998466,-9.4267001,-10.5974603,-0.739252398,-15.4164866,34.5079428,73.5393491,7.03103302,-8.10641258,12.3710913,-1.92651334,-0.397669728,3.42061615,8.46889925,-5.33136051,0.483961164,-1.99227355,2.39436273,-9.6781629,6.74868324,-4.18857039,-3.11230056
376,-2.65007354,0.807193201,106.378305,0.146754609,-1.0567437,-0.697159001,-0.0369717106,-0.28205557,1.27488309,14.0969324,0,12.9228468,15.7089501,-19.0772665,59.3119899,3.89584001,-9.41938411,-10.5885955,-0.74735487,-15.4087838,34.5050809,73.5504276,7.00984833,-8.11885718,12.3472062,-1.92820787,-0.410565179,3.43405284,8.47231264,-5.33172165,0.494314771,-1.99017284,2.38306175,-9.66613494,6.7371812,-4.19733267,-3.12464399
377,-2.65370049,0.808591954,106.380296,0.14777039,-1.05789919,-0.709027529,-0.0339944485,-0.275078131,1.28386692,14.0990267,0,12.9146472,15.7012047,-19.0767508,59.3240452,3.90322088,-9.43338088,-10.5984643,-0.754402665,-15.4182283,34.5145988,73.5395266,7.00867098,-8.12381761,12.3187106,-1.93064752,-0.411794026,3.44587867,8.47835565,-5.33917083,0.494726076,-1.98941575,2.37996704,-9.64780613,6.72651672,-4.18344562,-3.11381217
378,-2.65701208,0.806279574,106.377184,0.154463062,-1.05905737,-0.715815745,-0.034260519,-0.28527507,1.27720834,14.1156873,0,12.9247525,15.7118325,-19.1002688,59.3153162,3.90419248,-9.42805247,-10.6032215,-0.768955717,-15.4105375,34.5383098,73.5595186,7.04472285,-8.12441098,12.3209868,-1.92552723,-0.420463617,3.45695874,8.46969241,-5.34566079,0.502607634,-1.99268741,2.37175331,-9.6399275,6.73333709,-4.19399741,-3.06780721
379,-2.66114753,0.81123393,106.380534,0.145365505,-1.06074349,-0.730137321,-0.0328704021,-0.269161533,1.28265403,14.112098,0,12.9269765,15.7020414,-19.1010287,59.3159036,3.90476835,-9.42903175,-10.602425,-0.772384578,-15.4148729,34.5397202,73.5534739,7.04829974,-8.1160901,12.30257,-1.92370912,-0.411425703,3.46880207,8.46923137,-5.34136076,0.50650399,-1.99583143,2.37966629,-9.62676146,6.73027247,-4.17387311,-3.07295269
380,-2.66483501,0.81450548,106.381035,0.142552768,-1.06374095,-0.730991713,-0.0485264263,-0.258946906,1.29182207,14.1302219,0,12.9270064,15.6940125,-19.0850597,59.3133013,3.907319,-9.43041572,-10.6209373,-0.776089423,-15.4196011,34.5416873,73.5529206,7.06016249,-8.15324804,12.275239,-1.92082806,-0.409332837,3.46084661,8.46522205,-5.33381596,0.501692229,-2.00214253,2.3813256,-9.63625115,6.74656119,-4.18019402,-3.08142789
381,-2.6697645,0.814441685,106.375158,0.147662789,-1.06428219,-0.734882724,-0.0447734975,-0.260342852,1.29665955,14.1329378,0,12.9259768,15.6899247,-19.0952794,59.3028716,3.89674245,-9.41884709,-10.6137836,-0.776923132,-15.4232228,34.5204044,73.5420811,7.07071385,-8.15610989,12.299032,-1.92136636,-0.415380169,3.46287581,8.46436145,-5.34466273,0.50957368,-2.00312031,2.37481174,-9.62380228,6.74044689,-4.19213959,-3.07990092
382,-2.67413594,0.813546777,106.375158,0.149780243,-1.06556192,-0.734176399,-0.0432953052,-0.261355374,1.30331493,14.1329275,0,12.9251853,15.6920318,-19.1024374,59.2941494,3.88952465,-9.41789001,-10.6291225,-0.788187609,-15.4204071,34.5209167,73.557251,7.06035075,-8.16772889,12.301747,-1.92573384,-0.417291875,3.46316332,8.46974193,-5.34891879,0.515575976,-2.00124543,2.37237379,-9.6147463,6.73657076,-4.19164867,-3.05060816
383,-2.67911032,0.81604654,106.37759,0.140138276,-1.06848998,-0.735189176,-0.0447017238,-0.246879776,1.31102376,14.1244444,0,12.9278627,15.6852426,-19.0993963,59.2926673,3.89646711,-9.42419086,-10.631005,-0.788774471,-15.427934,34.51437,73.5557005,7.04443598,-8.15476263,12.3087343,-1.91962296,-0.407491914,3.45652587,8.46054508,-5.34559974,0.532771297,-2.00809077,2.38118687,-9.62303218,6.74951994,-4.17979061,-3.03986363
384,-2.68112663,0.811390299,106.37989,0.160359381,-1.06920148,-0.744944447,-0.0389161701,-0.268299382,1.31269576,14.1201568,0,12.9340518,15.6886457,-19.091154,59.2888697,3.91666995,-9.43531723,-10.6415107,-0.78683902,-15.4249816,34.5144827,73.5595186,7.08190512,-8.14310435,12.3377566,-1.92607941,-0.429828153,3.46634384,8.4748381,-5.33555083,0.536838088,-2.00270794,2.35878406,-9.59540235,6.7345439,-4.18894819,-3.0509153
385,-2.68474706,0.814099982,106.385672,0.158936087,-1.07197498,-0.743492564,-0.0485246754,-0.263994602,1.31908167,14.1214887,0,12.9293551,15.6837024,-19.1040698,59.2935279,3.89238778,-9.41752459,-10.6478944,-0.785435256,-15.4258217,34.5272859,73.5658229,7.11634293,-8.13897124,12.3610954,-1.92262034,-0.428128157,3.45578117,8.46957288,-5.32534524,0.522667633,-2.00815736,2.36140578,-9.61169492,6.75306011,-4.18285438,-3.04756083
386,-2.68686675,0.814575609,106.387484,0.160853972,-1.07284545,-0.743723771,-0.0471614424,-0.26664082,1.31988763,14.1137057,0,12.924504,15.6828247,-19.1100309,59.3025232,3.90549619,-9.41239085,-10.6434872,-0.782531518,-15.424483,34.5173923,73.5694224,7.07796538,-8.1323562,12.3532731,-1.9236882,-0.428439784,3.45966627,8.47126079,-5.32035323,0.515054533,-2.00876845,2.35931596,-9.61219864,6.75304005,-4.17968517,-3.06165599
387,-2.69327834,0.813740864,106.381035,0.162482163,-1.07420907,-0.752404573,-0.0391886773,-0.270857528,1.33277417,14.1052294,0,12.9085367,15.6886252,-19.1310269,59.3075503,3.91106237,-9.40520635,-10.6341503,-0.796683297,-15.4145229,34.5232321,73.5845308,7.07531655,-8.1305573,12.3398244,-1.92544313,-0.429787466,3.46499595,8.47034213,-5.32799066,0.51646294,-2.01123159,2.35708078,-9.59583863,6.74487029,-4.18284669,-3.06454494
388,-2.69999728,0.81374133,106.378949,0.152630234,-1.07560255,-0.753226982,-0.0437157353,-0.258472181,1.33878324,14.1091064,0,12.8956832,15.6795189,-19.1544766,59.3215521,3.92062591,-9.41419402,-10.6209689,-0.805196007,-15.4091287,34.5419673,73.6023644,7.05107663,-8.10853335,12.3047984,-1.92105367,-0.4197842,3.4622421,8.45861811,-5.33061132,0.523285072,-2.0180415,2.36990659,-9.61033486,6.75724232,-4.18157969,-3.06891691
389,-2.70259026,0.811238308,106.375611,0.153818954,-1.07614277,-0.753253105,-0.0483935211,-0.2655279,1.34161404,14.101775,0,12.8922962,15.680762,-19.1539456,59.3324531,3.94106099,-9.42705014,-10.640166,-0.789907429,-15.3909844,34.5119965,73.6026103,7.0592592,-8.10274306,12.3034358,-1.91909319,-0.421418883,3.46468795,8.45239581,-5.33361959,0.546296192,-2.01910957,2.36955078,-9.61367909,6.75820453,-4.1869034,-3.05542216
390,-2.70231552,0.813314691,106.372964,0.145463593,-1.07614931,-0.757714453,-0.0446637709,-0.254707279,1.3421104,14.1033229,0,12.8837013,15.6760969,-19.1765484,59.3425208,3.95667181,-9.42254137,-10.6372128,-0.778677531,-15.386263,34.4996236,73.6110865,7.05909229,-8.13556895,12.280862,-1.92016788,-0.411220103,3.47049895,8.45714365,-5.34869126,0.537833054,-2.01496386,2.37957836,-9.596181,6.74578041,-4.1854951,-3.06448924
391,-2.7030617,0.813949294,106.372333,0.143556628,-1.07684269,-0.757366674,-0.045294146,-0.255561613,1.34463842,14.0972825,0,12.8783089,15.6767373,-19.1838294,59.3458198,3.96797364,-9.41722577,-10.6612004,-0.763655063,-15.37827,34.4878108,73.6166941,7.0840037,-8.16277018,12.2940417,-1.91998965,-0.408267274,3.47127929,8.4577891,-5.34103974,0.521013233,-2.01602553,2.38107545,-9.59888917,6.7456199,-4.17269234,-3.08617509
392,-2.70801783,0.814628415,106.370127,0.140143866,-1.07812673,-0.755346149,-0.0449045718,-0.253825864,1.34880665,14.1003672,0,12.8786564,15.6808986,-19.2020045,59.3301787,3.96765177,-9.40740652,-10.6691013,-0.76081872,-15.3715149,34.4879166,73.6244874,7.05444904,-8.17226158,12.2944916,-1.91957365,-0.404745884,3.4712524,8.45131493,-5.34031232,0.51976523,-2.01824086,2.38485425,-9.60118326,6.7443687,-4.16669202,-3.08160484
393,-2.70913504,0.808618777,106.369984,0.155532326,-1.07755972,-0.759615326,-0.0324812714,-0.280691453,1.34583542,14.0924091,0,12.8710364,15.6955715,-19.2287396,59.3333342,3.9578846,-9.41570008,-10.6745902,-0.750867241,-15.3528173,34.4700694,73.6346917,7.01142056,-8.16094054,12.2868341,-1.92587621,-0.418503326,3.47810521,8.46019332,-5.33948459,0.510608881,-2.01325397,2.37295201,-9.59792269,6.73814383,-4.17963053,-3.09453972
394,-2.70900726,0.80472352,106.371677,0.162088498,-1.07813413,-0.759213258,-0.0247914306,-0.289817253,1.34971144,14.0943865,0,12.8736797,15.6965619,-19.2252698,59.3206847,3.96944597,-9.41713612,-10.6876896,-0.738660253,-15.3505787,34.4617058,73.6290773,6.99506012,-8.11833211,12.3580448,-1.92646062,-0.425259077,3.4757441,8.45964947,-5.33735827,0.503522399,-2.01265312,2.36578137,-9.59569776,6.73290892,-4.1729775,-3.06913718
395,-2.71104872,0.81133144,106.373823,0.138079709,-1.07823954,-0.749706863,-0.0395530085,-0.25882703,1.35786754,14.1012423,0,12.8733809,15.6866513,-19.2224012,59.3014236,3.96471692,-9.39269515,-10.6776074,-0.742368192,-15.3553786,34.4658483,73.6267891,6.96210446,-8.09479357,12.3942551,-1.9182185,-0.399778576,3.46220411,8.43872433,-5.33572713,0.512103358,-2.02065832,2.39089192,-9.61741349,6.74904652,-4.15463844,-3.07516503
396,-2.71337535,0.809258968,106.372011,0.147680694,-1.07876703,-0.756427144,-0.0328490278,-0.271464241,1.35826967,14.1030813,0,12.8678314,15.6780862,-19.2106549,59.3095447,3.97038939,-9.40608829,-10.6732361,-0.738991997,-15.3434479,34.4851231,73.6470748,6.99441509,-8.1222996,12.4206025,-1.92009381,-0.41059949,3.47049766,8.44459403,-5.33285461,0.50789308,-2.0184876,2.38223829,-9.60759766,6.7450022,-4.16423059,-3.08304494
397,-2.71367189,0.81186071,106.379128,0.136648704,-1.07927506,-0.759150313,-0.0335981808,-0.261006661,1.36232648,14.1095384,0,12.8638921,15.6664834,-19.1936187,59.3155211,3.95853901,-9.4045737,-10.6568795,-0.739372994,-15.3409686,34.4789042,73.6554076,6.99010823,-8.11027163,12.4577767,-1.91876065,-0.395876937,3.46786591,8.44281305,-5.32401634,0.487224181,-2.02031211,2.39471277,-9.60366432,6.74943798,-4.15499873,-3.10010141
398,-2.71600913,0.810399931,106.380355,0.137059484,-1.08034349,-0.765999297,-0.0284912003,-0.264837837,1.36597583,14.1030369,0,12.8609175,15.661745,-19.1840548,59.314599,3.96952452,-9.39436684,-10.6485236,-0.73192067,-15.3349563,34.4660805,73.6554281,6.99838599,-8.08733757,12.4716872,-1.9198729,-0.396189525,3.47382802,8.44641256,-5.32442957,0.495220358,-2.02164059,2.39491448,-9.59847252,6.7488668,-4.15986695,-3.11487362
399,-2.71750819,0.806562323,106.376243,0.139538318,-1.08091797,-0.763112953,-0.035066438,-0.272331168,1.36817696,14.1143545,0,12.8626046,15.6671528,-19.179301,59.3100296,3.95581548,-9.38371686,-10.6535353,-0.736731204,-15.3261061,34.4882752,73.6651611,7.00169992,-8.08156264,12.4479352,-1.91995849,-0.397096473,3.46827444,8.444238,-5.33271246,0.493059403,-2.02237504,2.39371663,-9.60249294,6.74911739,-4.16408758,-3.09348318
400,-2.71558035,0.806205999,106.375885,0.138980652,-1.08098219,-0.762274263,-0.0345934074,-0.270812865,1.36796608,14.1158256,0,12.8632031,15.6605548,-19.1797996,59.3063618,3.95753241,-9.36470845,-10.6311783,-0.740965121,-15.3238333,34.497957,73.6791699,7.00560977,-8.06106439,12.4345011,-1.91643817,-0.397348069,3.46898371,8.43622107,-5.33047813,0.506974366,-2.02546955,2.39498406,-9.60702478,6.75634501,-4.17178905,-3.09543682
401,-2.71514449,0.803743303,106.376779,0.139429675,-1.0811797,-0.764425427,-0.032357701,-0.278265695,1.36809671,14.1114731,0,12.859928,15.6678051,-19.1833154,59.3067443,3.95029156,-9.35911964,-10.6236318,-0.736365843,-15.3141054,34.4829784,73.6833704,7.01836472,-8.08120491,12.4171003,-1.91662109,-0.395610587,3.46821169,8.43908804,-5.33341554,0.49902424,-2.02367982,2.39823075,-9.60511574,6.75408208,-4.17302488,-3.10211803
402,-2.71804389,0.802592468,106.376088,0.143794905,-1.0814563,-0.772873173,-0.0271229663,-0.282885571,1.36367534,14.1215416,0,12.8614699,15.6599692,-19.1729489,59.3157943,3.97447342,-9.36851969,-10.6090477,-0.722812453,-15.3152102,34.4704997,73.6717318,7.03735948,-8.0546073,12.4122441,-1.91662621,-0.399682553,3.47117321,8.44046432,-5.33110822,0.502957788,-2.02370544,2.39279306,-9.59667362,6.75055386,-4.17618171,-3.08783589
403,-2.71563176,0.802093837,106.376898,0.14197537,-1.08218583,-0.77570631,-0.0288255661,-0.281655604,1.36538096,14.1314804,0,12.8744703,15.6640536,-19.1683727,59.2973391,3.96494957,-9.37755774,-10.6069713,-0.71686656,-15.3137913,34.465599,73.6675107,7.04037031,-8.06705191,12.3917894,-1.91549667,-0.396524284,3.47376378,8.44588664,-5.33013662,0.505679352,-2.02324696,2.39425451,-9.59421134,6.75287783,-4.16053844,-3.0786591
404,-2.71601435,0.800254289,106.378424,0.14258156,-1.0830216,-0.775673953,-0.0238165411,-0.278567771,1.36457041,14.1259488,0,12.8788843,15.6532073,-19.1575793,59.2909734,3.98177617,-9.38631148,-10.6098946,-0.715227901,-15.3187431,34.4396921,73.6643279,6.9793716,-8.06177473,12.3711844,-1.91612206,-0.396999116,3.47432406,8.44787337,-5.32800091,0.508221036,-2.0238128,2.39257749,-9.59216655,6.75362232,-4.14801913,-3.05712992
405,-2.7148189,0.798364729,106.383061,0.145849514,-1.08252209,-0.778628743,-0.0200291879,-0.288116216,1.35760223,14.1363102,0,12.8886609,15.6632272,-19.1610917,59.2796284,3.98179282,-9.36833869,-10.6255597,-0.719524997,-15.3138032,34.4488582,73.674177,6.97934257,-8.07615996,12.3821844,-1.91863642,-0.398798951,3.48116535,8.45283806,-5.33311971,0.507780222,-2.01985534,2.39044177,-9.58443051,6.74479302,-4.150224,-3.06260645
406,-2.71709971,0.797259808,106.381416,0.145235041,-1.08372246,-0.773305839,-0.0253782499,-0.284951784,1.35804406,14.1342278,0,12.8975504,15.6545614,-19.1514645,59.2743419,3.9922302,-9.37602351,-10.6263315,-0.722987957,-15.323847,34.4505862,73.6694437,6.94349859,-8.07491345,12.382683,-1.91562708,-0.399254279,3.47423911,8.44888765,-5.3326655,0.514281815,-2.02394791,2.39005715,-9.59396289,6.75669079,-4.15757158,-3.05733952
407,-2.71749999,0.798061211,106.379139,0.140936435,-1.08336749,-0.779952198,-0.023806621,-0.279526079,1.35374627,14.1362803,0,12.9057244,15.6494199,-19.1477335,59.2736247,3.98661963,-9.37673812,-10.619836,-0.722454028,-15.3233006,34.4233953,73.6690065,6.88918834,-8.07772237,12.3537452,-1.91356522,-0.391968522,3.47805079,8.44870665,-5.33900349,0.51469915,-2.02380768,2.39645362,-9.588941,6.75685001,-4.1478582,-3.0598906
408,-2.71864273,0.795796886,106.374013,0.152707012,-1.08289549,-0.780386107,-0.0265242943,-0.291952594,1.35418436,14.1401317,0,12.9090661,15.6448232,-19.14118,59.2760631,4.00442422,-9.38178733,-10.616268,-0.723867397,-15.327035,34.4180472,73.665571,6.90768023,-8.08375855,12.3956621,-1.91556262,-0.404556507,3.47688731,8.45246667,-5.33680331,0.508867343,-2.02226555,2.38469652,-9.58628491,6.75425198,-4.16221013,-3.08736503
409,-2.71786358,0.792846363,106.373942,0.152571392,-1.08335206,-0.775287364,-0.0214450948,-0.291118724,1.35373069,14.1282924,0,12.9046094,15.6469986,-19.1557471,59.2795738,3.98917796,-9.36553148,-10.6121622,-0.730147542,-15.3334246,34.4222751,73.6669165,6.91083663,-8.08545329,12.4222375,-1.91906416,-0.401569073,3.47351234,8.46021382,-5.33628208,0.497540915,-2.01891555,2.38608112,-9.58506999,6.74925143,-4.15163828,-3.10625051
410,-2.71839034,0.792366825,106.371939,0.157904879,-1.08392735,-0.775913216,-0.021689259,-0.29725661,1.35270627,14.1360669,0,12.9007904,15.6471574,-19.1599493,59.2929132,4.00590936,-9.35985133,-10.6026751,-0.739096104,-15.3355266,34.4237299,73.6703999,6.91190897,-8.09943554,12.3961265,-1.92046243,-0.405870758,3.46955339,8.46105222,-5.33909996,0.485055382,-2.0185877,2.37954143,-9.58286981,6.74521777,-4.15276441,-3.0825252
411,-2.71917228,0.790486578,106.370509,0.156284647,-1.08488061,-0.775711089,-0.0230480848,-0.297574027,1.35649841,14.1335354,0,12.8976955,15.6503471,-19.1635283,59.2962736,4.01923122,-9.36237252,-10.6157225,-0.759505883,-15.3357179,34.4471165,73.6831519,6.9197385,-8.11095295,12.3490008,-1.91826439,-0.404063239,3.47033566,8.45794107,-5.3391196,0.497421973,-2.02146193,2.38295823,-9.58328987,6.75529188,-4.16278728,-3.07419024
412,-2.71707792,0.786513742,106.375515,0.155114027,-1.08694704,-0.771719277,-0.0324618047,-0.298837078,1.35103586,14.1492483,0,12.9020395,15.648935,-19.1593175,59.307762,4.00914687,-9.38129215,-10.6103736,-0.756813295,-15.3402463,34.4465735,73.6635356,6.91574882,-8.08257607,12.3364256,-1.92310742,-0.401276335,3.46635836,8.4701432,-5.33476792,0.49945118,-2.01747737,2.38345854,-9.58093004,6.7519707,-4.14134988,-3.05069823
413,-2.71305032,0.783260632,106.375158,0.16161789,-1.08537143,-0.764446963,-0.045361344,-0.309562609,1.34430172,14.1438943,0,12.9175295,15.6512692,-19.1511059,59.3013348,4.00964804,-9.37420668,-10.6119053,-0.764051161,-15.3440814,34.4522392,73.6583651,6.95551162,-8.0833863,12.3570903,-1.91950002,-0.40643761,3.45593912,8.46332838,-5.33534251,0.498630917,-2.01573076,2.38129337,-9.5946997,6.75439883,-4.17050497,-3.10000494
414,-2.71303412,0.782655459,106.374919,0.167418475,-1.08694488,-0.76603107,-0.0440235941,-0.316586285,1.34480726,14.1492893,0,12.914841,15.6500927,-19.1379715,59.3085201,4.0217601,-9.37868472,-10.618948,-0.769306298,-15.3498154,34.453472,73.6435982,6.98868115,-8.08563514,12.3740676,-1.92192431,-0.41250055,3.45802232,8.4722119,-5.3299061,0.481843112,-2.01498563,2.37473746,-9.58972647,6.75516168,-4.16973102,-3.11164081
415,-2.71339137,0.786167663,106.372893,0.142024104,-1.08634281,-0.763890506,-0.0476003787,-0.29105984,1.33680815,14.1480743,0,12.924037,15.6431976,-19.1281275,59.3078098,4.00100785,-9.38375614,-10.6181754,-0.76546517,-15.3516254,34.4452314,73.636447,6.95164914,-8.08309687,12.3716642,-1.91560425,-0.383598712,3.45340533,8.46179415,-5.34257226,0.503974419,-2.01739477,2.40340013,-9.59135718,6.76269708,-4.15898372,-3.10974009
416,-2.71727853,0.781980995,106.375062,0.14735063,-1.0876707,-0.767387989,-0.0468658533,-0.301344211,1.33945399,14.1436065,0,12.929274,15.6501542,-19.1325995,59.2936577,3.99857587,-9.38391152,-10.6141524,-0.777127398,-15.3488882,34.4755062,73.6272536,6.99543279,-8.07257241,12.384867,-1.91755064,-0.388670207,3.45683515,8.46546452,-5.32794968,0.496395364,-2.01820287,2.39918591,-9.58725906,6.76179678,-4.1599169,-3.116134
417,-2.71470901,0.77747074,106.374156,0.159231447,-1.08725663,-0.763778827,-0.0450993756,-0.311904084,1.33548981,14.1357091,0,12.930407,15.6499663,-19.141139,59.2896005,3.99627666,-9.38436488,-10.6148508,-0.785853712,-15.3518286,34.4884596,73.6352381,6.97315101,-8.08677237,12.3745893,-1.91879266,-0.402143476,3.45629258,8.46625853,-5.3357711,0.505771986,-2.0163045,2.38579724,-9.59224168,6.75820154,-4.17801391,-3.08872638
418,-2.7117148,0.777536212,106.381941,0.155821939,-1.08818486,-0.752348501,-0.0467424396,-0.306832001,1.33609439,14.1326501,0,12.9229834,15.6548568,-19.1637059,59.2896005,3.97905135,-9.38959253,-10.6231418,-0.787230261,-15.3583941,34.4967788,73.6324036,6.99539779,-8.09157399,12.4090322,-1.91901208,-0.397283236,3.45008009,8.46300053,-5.33049435,0.488621274,-2.01536321,2.38949707,-9.59901126,6.76321191,-4.16044367,-3.07913743
419,-2.7162455,0.777892815,106.37579,0.159439101,-1.08820254,-0.757450096,-0.0404150731,-0.311388805,1.34299374,14.1218746,0,12.913276,15.6540269,-19.1634361,59.2795465,3.9925239,-9.37821429,-10.6243055,-0.797241398,-15.3641759,34.508578,73.6166736,6.98090925,-8.09259852,12.3910124,-1.91970855,-0.399187738,3.44728463,8.46331899,-5.33327936,0.471425686,-2.0154964,2.38790692,-9.59242439,6.75979681,-4.16723502,-3.11632162
420,-2.71682795,0.779237365,106.377256,0.148528699,-1.08822236,-0.747450813,-0.0452725282,-0.29911909,1.33799009,14.107842,0,12.9141776,15.6570219,-19.1718509,59.2718967,3.98706829,-9.35537072,-10.6196413,-0.802471508,-15.3636687,34.513383,73.6194125,6.96143211,-8.09077059,12.3745303,-1.91306363,-0.38689892,3.43417643,8.44462476,-5.32830741,0.466365423,-2.02147602,2.40161746,-9.6119502,6.77079513,-4.17080934,-3.12839291
421,-2.71523148,0.77768676,106.381071,0.145560699,-1.08843995,-0.746857646,-0.0416874393,-0.296359747,1.3359691,14.1142649,0,12.9106174,15.6615452,-19.1833837,59.2716371,3.97788296,-9.36624439,-10.6137656,-0.805554912,-15.3664059,34.5295262,73.615492,6.97774559,-8.10871862,12.3747293,-1.91224635,-0.38326654,3.43649058,8.44344741,-5.32016625,0.461121652,-2.02164421,2.40499626,-9.61567009,6.77126043,-4.16302677,-3.11974483
422,-2.71604937,0.773844263,106.378686,0.147434555,-1.08824614,-0.751559283,-0.0448849683,-0.302240113,1.33726299,14.1201226,0,12.9260417,15.6607802,-19.1431641,59.2456004,3.99052607,-9.36695558,-10.6308846,-0.811734419,-15.3572483,34.5382893,73.6289065,6.99433484,-8.11198687,12.371858,-1.9115834,-0.384650668,3.44218461,8.44359767,-5.32901946,0.489293088,-2.02098147,2.4022548,-9.60991309,6.76591752,-4.15776624,-3.07749456
423,-2.71543115,0.773821864,106.376958,0.142510905,-1.08725388,-0.748501066,-0.0367473749,-0.297109307,1.33409219,14.1117514,0,12.9243358,15.6600579,-19.1385281,59.2394601,3.97174134,-9.36741918,-10.6178783,-0.812200793,-15.3606634,34.5360763,73.6206215,6.98304496,-8.11107845,12.3543215,-1.90989592,-0.379688215,3.4399934,8.44083571,-5.33445202,0.507641804,-2.01986943,2.40947111,-9.60969367,6.76832772,-4.16434499,-3.0548211
424,-2.71769762,0.775981881,106.378138,0.128843893,-1.08757479,-0.746586927,-0.0416470218,-0.287890019,1.32714268,14.1153458,0,12.9278252,15.655603,-19.1203786,59.2340916,3.95665559,-9.35885924,-10.6064368,-0.807842278,-15.357776,34.5310288,73.6193716,7.00198209,-8.10194478,12.3963938,-1.90450988,-0.364050577,3.43293376,8.42752709,-5.32962436,0.493789593,-2.02614595,2.42747164,-9.62454933,6.77830748,-4.17058394,-3.12285896
425,-2.71833409,0.773613853,106.376398,0.137200605,-1.08800763,-0.746701428,-0.0385283601,-0.298156994,1.33194836,14.1107789,0,12.9225292,15.6564311,-19.1153789,59.2286684,3.97314623,-9.34461915,-10.6016617,-0.814669959,-15.353473,34.5311313,73.6271033,6.98166569,-8.13054364,12.3558395,-1.90638989,-0.371989658,3.43003819,8.42842014,-5.33188643,0.483418485,-2.02556474,2.41951554,-9.62824703,6.77432548,-4.17432219,-3.12405745
426,-2.71517225,0.768584711,106.373656,0.137942036,-1.08870662,-0.736687698,-0.0426582199,-0.311176508,1.32980411,14.112145,0,12.9275247,15.6716898,-19.1156299,59.218949,3.96442621,-9.34582724,-10.6052398,-0.806209596,-15.3464157,34.544071,73.6188934,6.97599535,-8.14992259,12.3328995,-1.90839797,-0.370495207,3.42728967,8.43237482,-5.33458436,0.486415444,-2.02267152,2.42077208,-9.62929375,6.77242327,-4.17202853,-3.09775589
427,-2.7152691,0.763736479,106.368911,0.140351736,-1.08865906,-0.745433791,-0.0296783826,-0.31477247,1.326384,14.1057306,0,12.9290947,15.6746524,-19.1063887,59.2180133,3.97271977,-9.35879948,-10.6126737,-0.79756946,-15.3464259,34.5398671,73.6123296,6.97360351,-8.13233656,12.3267489,-1.91136227,-0.370574768,3.43316534,8.43891729,-5.33862655,0.487667769,-2.01834907,2.41983442,-9.61679963,6.76315257,-4.163945,-3.10380402
428,-2.71786395,0.765078515,106.373048,0.134315034,-1.08955966,-0.736695754,-0.0357749067,-0.30880718,1.32342172,14.1153979,0,12.917451,15.6777652,-19.1102495,59.2331012,3.98062955,-9.37659127,-10.6170817,-0.792892969,-15.3438338,34.5328934,73.6124184,6.99365267,-8.13545113,12.3531783,-1.90871835,-0.363374255,3.42436998,8.43403712,-5.32980152,0.495719228,-2.02154261,2.4257086,-9.6268716,6.77142735,-4.16174141,-3.10895441
429,-2.72164084,0.764425797,106.373131,0.129122097,-1.08937034,-0.727445698,-0.0341851268,-0.304350001,1.32802378,14.1071555,0,12.9036677,15.685958,-19.1142844,59.2424381,3.98492489,-9.37335888,-10.6276053,-0.78298818,-15.3476195,34.5017444,73.5911697,6.92726878,-8.12677679,12.3289021,-1.90795358,-0.354475079,3.41804864,8.43151592,-5.34188967,0.469748768,-2.02051595,2.4344871,-9.64035951,6.77068414,-4.16236125,-3.1617125
430,-2.72136964,0.759101426,106.375146,0.135120988,-1.09020278,-0.71668129,-0.0397227427,-0.31852259,1.33007241,14.1081698,0,12.906083,15.6982353,-19.1141341,59.2328417,3.9938242,-9.37072755,-10.6376764,-0.78137156,-15.3431457,34.5160331,73.588622,6.94972943,-8.13058632,12.3452493,-1.90830064,-0.359922821,3.40098512,8.42630449,-5.31971076,0.467652967,-2.02083654,2.43010874,-9.65140564,6.77584947,-4.15565742,-3.13018306
431,-2.71924268,0.75049866,106.368494,0.158548708,-1.08980767,-0.716838439,-0.0392276674,-0.347381767,1.33115979,14.1293255,0,12.9235444,15.7150854,-19.1050517,59.2127267,4.00233589,-9.36580811,-10.6392132,-0.787763176,-15.3376952,34.5453278,73.6021253,6.98418347,-8.1267341,12.3753013,-1.9182646,-0.383118731,3.41200755,8.44746271,-5.32411154,0.462899316,-2.00870143,2.40440012,-9.62512307,6.74792979,-4.16855196,-3.10839924
432,-2.72343978,0.747825718,106.374431,0.164322089,-1.09058767,-0.713344764,-0.0426297619,-0.355345181,1.3268191,14.1280448,0,12.9300689,15.7215604,-19.095375,59.2083486,4.02727249,-9.35516411,-10.6413092,-0.779302226,-15.326521,34.530981,73.6096249,6.94774569,-8.10903196,12.3730576,-1.91803216,-0.388310048,3.40541621,8.44368732,-5.30425703,0.470700406,-2.00880794,2.39823331,-9.63626055,6.74940511,-4.14652418,-3.09103477
433,-2.72850133,0.746001303,106.378174,0.164386938,-1.09037032,-0.709137657,-0.0421274229,-0.357443596,1.33011456,14.1243164,0,12.916803,15.7273404,-19.0881521,59.2263325,4.0310197,-9.36851628,-10.6531809,-0.769225082,-15.3272467,34.4997295,73.5991883,6.90761491,-8.08540206,12.375595,-1.91751798,-0.385768604,3.40388859,8.44097403,-5.31423125,0.455086753,-2.00927944,2.40084799,-9.64138063,6.74824269,-4.16731314,-3.15173466
434,-2.7270237,0.740947481,106.380236,0.182689791,-1.08985765,-0.701189248,-0.0375998812,-0.377231054,1.32916282,14.1263449,0,12.9224438,15.7306719,-19.0840574,59.2219338,4.03499786,-9.36698631,-10.6440729,-0.767941647,-15.3286452,34.5151896,73.6022756,6.94526334,-8.08340594,12.4140712,-1.92142037,-0.40555729,3.39395067,8.4446222,-5.30062892,0.461322502,-2.00575399,2.38194416,-9.64104168,6.74524979,-4.18193017,-3.14333502
435,-2.72412132,0.740902172,106.374168,0.159970987,-1.08967171,-0.688607989,-0.0446548797,-0.360767043,1.32047748,14.1402734,0,12.9361068,15.7474792,-19.0888249,59.2157115,4.04072924,-9.37336998,-10.6285795,-0.768123928,-15.3138852,34.5372887,73.6242415,6.96215867,-8.11874619,12.3862936,-1.91265531,-0.380495565,3.37958358,8.42573929,-5.31393755,0.463938198,-2.0108967,2.40679474,-9.66188315,6.75751553,-4.16312794,-3.09512605
436,-2.72494406,0.738772238,106.365168,0.163703135,-1.08995881,-0.696264789,-0.0468150871,-0.373573675,1.32199571,14.1535223,0,12.9471691,15.7574274,-19.0729754,59.2023722,4.03688939,-9.35572163,-10.6272826,-0.778912052,-15.3049103,34.5454303,73.6357845,7.00114454,-8.09840162,12.4300837,-1.91452358,-0.384015673,3.38748419,8.43088157,-5.32033359,0.469103475,-2.0088549,2.40197412,-9.64475218,6.74394821,-4.16403806,-3.09011098
437,-2.7276909,0.738610933,106.37306,0.164071832,-1.09173161,-0.690524161,-0.0536734341,-0.372049555,1.32531561,14.1458981,0,12.9521475,15.7614162,-19.0479206,59.2067162,4.06993001,-9.35892755,-10.6328125,-0.759462287,-15.3107177,34.508636,73.6114349,6.93847029,-8.09028565,12.3993248,-1.91311101,-0.38292407,3.37767539,8.42821609,-5.30459598,0.462546494,-2.01137438,2.40243964,-9.65977433,6.75541567,-4.15910538,-3.09573436
438,-2.72943974,0.736089423,106.37958,0.172627959,-1.0915097,-0.694302762,-0.0474964952,-0.382267759,1.32607717,14.1470882,0,12.9550879,15.7661,-19.0444611,59.2056302,4.05696716,-9.36118578,-10.6352252,-0.75140149,-15.3074511,34.4914923,73.6061688,6.9384101,-8.11367478,12.3863961,-1.91464396,-0.39170105,3.38347593,8.43186938,-5.29630541,0.455969022,-2.01064633,2.39526132,-9.65191278,6.75258584,-4.16811867,-3.12669604
439,-2.72783302,0.737141026,106.376624,0.161169729,-1.09061547,-0.691001694,-0.0494547351,-0.371248796,1.31683635,14.1485217,0,12.9587181,15.7652616,-19.0426272,59.2099332,4.06483084,-9.36001696,-10.6299873,-0.753674663,-15.3140047,34.5047018,73.6078354,6.95446788,-8.10523266,12.4131781,-1.91305018,-0.378971659,3.38196006,8.42733414,-5.30868897,0.457121403,-2.00972617,2.4076705,-9.64982957,6.74977052,-4.15600448,-3.12040757
440,-2.7244743,0.735327648,106.374741,0.159141522,-1.08977204,-0.689619716,-0.0515715835,-0.372364465,1.31197806,14.1456232,0,12.9740741,15.7762497,-19.0364476,59.1993601,4.08209799,-9.35754016,-10.636908,-0.735388219,-15.3188507,34.499931,73.5911697,6.95047094,-8.10870325,12.3955784,-1.90700525,-0.376203991,3.37453073,8.41378134,-5.3058331,0.470500036,-2.01335108,2.41205633,-9.66472024,6.75764616,-4.1572941,-3.10339826
441,-2.72648372,0.731363054,106.376553,0.168287271,-1.08937919,-0.696989768,-0.0530820524,-0.383029965,1.31910173,14.1451766,0,12.9704396,15.7756247,-19.0211753,59.2056302,4.08098638,-9.36657736,-10.6360662,-0.748991074,-15.3170424,34.5018434,73.6028357,6.95353513,-8.09243801,12.3965551,-1.90883019,-0.386513682,3.38316196,8.41658086,-5.3013367,0.470539576,-2.01139423,2.4024311,-9.65491294,6.74926808,-4.16540196,-3.09868799
442,-2.73056366,0.732917199,106.387234,0.165093383,-1.09188571,-0.696596273,-0.0544003523,-0.383286844,1.31051725,14.1389373,0,12.9824983,15.7783193,-19.0188888,59.212433,4.10062274,-9.37326667,-10.63351,-0.730385959,-15.321856,34.4736586,73.5835882,6.94910831,-8.0779674,12.4380537,-1.90802722,-0.381321057,3.38550023,8.41924719,-5.28561958,0.474032791,-2.01348299,2.40610147,-9.66020207,6.75827838,-4.15305127,-3.10434254
443,-2.73274519,0.736903539,106.385386,0.159739382,-1.09176422,-0.695024829,-0.0522744059,-0.378675159,1.31458324,14.1305891,0,12.9733945,15.7751449,-19.0086299,59.2266262,4.11447607,-9.3745405,-10.6485424,-0.730230412,-15.3270196,34.4765307,73.5833082,6.95126665,-8.10525828,12.4238921,-1.9074268,-0.37563255,3.38249388,8.41316406,-5.28706459,0.455301104,-2.0129099,2.41404925,-9.66338152,6.75892981,-4.15849664,-3.11975038
444,-2.73105912,0.734233065,106.375563,0.161468652,-1.09121796,-0.700590747,-0.0387222834,-0.386544444,1.31243472,14.1218942,0,12.9700409,15.7774604,-19.0119818,59.2317693,4.10927958,-9.3703425,-10.6499469,-0.736675442,-15.3255272,34.4934389,73.5998782,6.97211666,-8.0962484,12.4287877,-1.90886819,-0.376469302,3.3860554,8.4130044,-5.29727701,0.455426662,-2.01200105,2.41272292,-9.65650523,6.7482316,-4.15477718,-3.11973693
445,-2.73131225,0.731395604,106.368291,0.163075154,-1.09107328,-0.711603433,-0.0236625367,-0.391414529,1.31557266,14.1175016,0,12.9740596,15.7891997,-19.0232311,59.2160804,4.10437124,-9.35556965,-10.6474624,-0.743224847,-15.3280595,34.5102958,73.6059093,6.99417219,-8.07024246,12.4470909,-1.91401303,-0.376852512,3.39828165,8.42070971,-5.31804463,0.461352972,-2.00918125,2.41237991,-9.63676598,6.73515349,-4.15736454,-3.12496501
446,-2.73358282,0.732420618,106.376481,0.158174045,-1.09175158,-0.715472274,-0.0269883286,-0.389970024,1.31568653,14.1154704,0,12.9727192,15.7955433,-19.0160509,59.2248162,4.09549797,-9.36713572,-10.6632008,-0.742775282,-15.329528,34.5092951,73.6077739,6.97603761,-8.077672,12.4365083,-1.90679437,-0.369696795,3.3965376,8.40607432,-5.3005333,0.447780852,-2.01329175,2.42213257,-9.65422224,6.74703162,-4.15870454,-3.15399289
447,-2.73717418,0.741134631,106.372333,0.120202465,-1.09187321,-0.71379597,-0.0303334704,-0.35369641,1.31883258,14.1141181,0,12.9817521,15.7874478,-18.9821646,59.2157184,4.11225712,-9.36364464,-10.6677882,-0.737927341,-15.3367509,34.5050126,73.6009983,6.99347381,-8.0934301,12.4440275,-1.8941598,-0.324651778,3.39261323,8.38974932,-5.34194986,0.433689318,-2.0194466,2.46538432,-9.65869943,6.75878893,-4.16081848,-3.165188
448,-2.73854118,0.737637747,106.372964,0.137136209,-1.09383576,-0.7192024,-0.0253465168,-0.374361201,1.32089274,14.1078787,0,12.9811476,15.7867802,-18.9768712,59.2186212,4.10416761,-9.35955763,-10.6691679,-0.738257325,-15.3426522,34.5099611,73.6016336,6.98882629,-8.11834406,12.4305353,-1.89934754,-0.346420204,3.39274834,8.39517761,-5.3032483,0.4440481,-2.01871854,2.44593578,-9.65241736,6.75512496,-4.15140221,-3.15258715
449,-2.74134576,0.731843011,106.360626,0.15654886,-1.09458368,-0.726542738,-0.0180054192,-0.396542881,1.31812299,14.1094812,0,12.9897212,15.7855063,-18.9682618,59.2160257,4.09741725,-9.35752906,-10.6693787,-0.729835862,-15.3533329,34.5479506,73.586129,7.04117329,-8.06345496,12.4476552,-1.90373103,-0.367086836,3.39624177,8.4023143,-5.30888449,0.453927008,-2.01593631,2.42497158,-9.64283033,6.74392772,-4.15669817,-3.13673108
450,-2.7422877,0.730000809,106.36642,0.159534922,-1.09538598,-0.728703841,-0.0104082478,-0.402078269,1.3227878,14.1112442,0,12.9836773,15.7968,-18.9805408,59.2145641,4.08381066,-9.3534429,-10.6760954,-0.725864213,-15.3575779,34.5591692,73.5840322,7.03696504,-8.08876252,12.4152562,-1.90536003,-0.368763087,3.39809126,8.40422761,-5.29628108,0.44820251,-2.01593418,2.4226427,-9.64403672,6.74393968,-4.14298913,-3.134996
451,-2.74613816,0.729829539,106.372547,0.166361119,-1.09541106,-0.732214533,-0.00252196231,-0.411332535,1.3265745,14.1098116,0,12.9811843,15.7940936,-18.9725614,59.2144548,4.09330462,-9.35477223,-10.673628,-0.724255811,-15.3689946,34.562475,73.5740191,7.02243253,-8.07624278,12.4249004,-1.90679928,-0.375112015,3.39849787,8.405685,-5.29231957,0.438669727,-2.01585883,2.41661036,-9.63659181,6.74067228,-4.15942341,-3.17194284
452,-2.74759121,0.727232173,106.376636,0.170107358,-1.09598515,-0.73210614,0.000644933911,-0.41705546,1.32724972,14.1215937,0,12.9782542,15.7928163,-18.9669709,59.2190925,4.11409401,-9.35620401,-10.6874497,-0.723594296,-15.3754815,34.6020457,73.5816143,7.04556467,-8.07924721,12.3995912,-1.90775294,-0.377801962,3.39746971,8.40639961,-5.28796533,0.426676101,-2.01581358,2.41310968,-9.63303328,6.7416776,-4.1653072,-3.14183238
453,-2.74772402,0.725707738,106.37269,0.172401903,-1.09642088,-0.731308937,-0.00375699883,-0.419791804,1.3278447,14.1269358,0,12.9819929,15.7921145,-18.9677341,59.2145709,4.11057262,-9.34610643,-10.6761031,-0.721608899,-15.3819548,34.6198178,73.5773864,7.07414133,-8.06721071,12.4044133,-1.90809082,-0.38032505,3.40064297,8.4064884,-5.2912848,0.436398742,-2.01607569,2.409787,-9.63108839,6.74070174,-4.15797456,-3.13039288
454,-2.74921395,0.726492284,106.369281,0.168531889,-1.0969409,-0.731641726,-0.00275705376,-0.416877901,1.32790926,14.1203506,0,12.9821918,15.7870397,-18.963105,59.2155818,4.11324109,-9.33906962,-10.6932135,-0.72099717,-15.3865499,34.6112835,73.5837111,7.09315487,-8.06406455,12.4200365,-1.90706096,-0.376424665,3.40131511,8.40401929,-5.28831495,0.433777844,-2.01603898,2.41264992,-9.63291375,6.74019289,-4.1432952,-3.11518503
455,-2.75099277,0.725798961,106.3766,0.158939443,-1.09629958,-0.728372625,-0.00737903723,-0.417506626,1.32832697,14.132423,0,12.9881127,15.7881462,-18.9509609,59.214086,4.09868297,-9.3688834,-10.6854561,-0.709392945,-15.3930556,34.5922785,73.5661166,7.06951131,-8.08702167,12.4351611,-1.90746309,-0.364036196,3.39868249,8.40552534,-5.28551158,0.441446999,-2.01187875,2.42551437,-9.62661034,6.73164747,-4.13762871,-3.15423173
456,-2.7561171,0.72506126,106.379974,0.157136973,-1.09707444,-0.714816783,-0.018400538,-0.417373597,1.3319363,14.1376173,0,12.9835664,15.7888736,-18.9551546,59.2157252,4.08260812,-9.37972035,-10.6935439,-0.702297179,-15.4066784,34.595919,73.550776,7.06233108,-8.08777299,12.4137706,-1.89759005,-0.362748732,3.38106146,8.38413405,-5.27698281,0.459267576,-2.02043143,2.42956296,-9.65607066,6.75265542,-4.14921442,-3.13603867
457,-2.75710002,0.717985723,106.377316,0.162901634,-1.09711378,-0.713724954,-0.0186494597,-0.438507083,1.33080879,14.1339111,0,12.9998683,15.8000427,-18.9388817,59.19337,4.07465949,-9.37771142,-10.7075416,-0.686479528,-15.3980741,34.5777405,73.5321159,7.06175393,-8.05052797,12.400561,-1.90058253,-0.366046326,3.38327956,8.38487256,-5.28301557,0.451802393,-2.01859731,2.42483839,-9.64931475,6.74513709,-4.15702047,-3.14592473
458,-2.75768172,0.712932181,106.376874,0.177018737,-1.09856006,-0.713591003,-0.019610562,-0.454220707,1.34114062,14.1344344,0,12.9921818,15.7967522,-18.9391413,59.194094,4.06391218,-9.39813454,-10.723654,-0.695231562,-15.3970479,34.5695545,73.5346977,7.05141601,-8.04989362,12.3789264,-1.90617901,-0.38232803,3.39252721,8.39316441,-5.27393612,0.458169143,-2.01554827,2.40799109,-9.63736362,6.73425276,-4.15264488,-3.10290265
459,-2.76036169,0.711641833,106.380367,0.171649456,-1.09949538,-0.716785486,-0.0202954919,-0.460331752,1.3446539,14.1318859,0,12.9928136,15.7976658,-18.926292,59.1919288,4.07239229,-9.39989673,-10.7277436,-0.68053625,-15.3872926,34.5285255,73.5262829,7.01078151,-8.06143066,12.3648614,-1.90632607,-0.374281933,3.39637773,8.39434689,-5.27057993,0.459931012,-2.01392567,2.41389088,-9.6340894,6.72643475,-4.13116778,-3.10593888
460,-2.76660416,0.710927788,106.375706,0.189793459,-1.09939621,-0.717750941,-0.0268442459,-0.47716011,1.34994986,14.1270485,0,12.9947064,15.7897564,-18.9123362,59.1872023,4.05263383,-9.41008566,-10.7477543,-0.66715767,-15.3929378,34.5012902,73.5062226,6.9870069,-8.07521569,12.329913,-1.91011854,-0.395525876,3.39529557,8.39812654,-5.27304478,0.457226097,-2.00980365,2.39283597,-9.62773049,6.7138497,-4.14720421,-3.08254484
461,-2.76689678,0.713462941,106.377459,0.167654209,-1.10016191,-0.710206502,-0.0251934112,-0.457959275,1.3530276,14.112513,0,12.9932883,15.7920821,-18.91911,59.1784392,4.04713596,-9.41292275,-10.7480378,-0.65690689,-15.3931359,34.4790169,73.5061817,6.97032587,-8.07099719,12.3425685,-1.90716107,-0.370353054,3.39529131,8.39032647,-5.28200769,0.463894496,-2.01315685,2.41744151,-9.63252614,6.72033838,-4.13512886,-3.10083673
462,-2.76725776,0.710421382,106.375182,0.166675052,-1.10019662,-0.700818126,-0.0291695502,-0.457678863,1.35245237,14.1066168,0,12.9906569,15.7851665,-18.9193918,59.1719915,4.04630139,-9.39096199,-10.7478892,-0.646590263,-15.4010281,34.4807654,73.4953695,6.9323244,-8.06209575,12.3112119,-1.90512353,-0.368505835,3.38114065,8.38107241,-5.27634034,0.466188425,-2.01650492,2.42117677,-9.64831156,6.73051451,-4.13816701,-3.1082652
463,-2.7708644,0.709277065,106.367886,0.169561744,-1.10043068,-0.698897127,-0.0229202539,-0.463647702,1.35721227,14.084977,0,12.9821423,15.7912266,-18.9433931,59.1663566,4.03615088,-9.37713,-10.7365315,-0.648278601,-15.4044125,34.4965671,73.4940103,6.9723681,-8.04190571,12.3405408,-1.90565992,-0.371755564,3.37837741,8.37933498,-5.2874044,0.467366099,-2.01669083,2.41911128,-9.65437079,6.72693933,-4.14870002,-3.10540591
464,-2.78146211,0.706605101,106.368232,0.176860295,-1.10578754,-0.700698921,-0.0166172916,-0.481813337,1.38626864,14.0775962,0,12.9562874,15.7948688,-18.9372408,59.173378,4.03980162,-9.39227509,-10.7331394,-0.67568324,-15.3944609,34.513424,73.5155868,6.9679131,-8.06687603,12.3326647,-1.91660892,-0.378915897,3.38360848,8.40010815,-5.28265315,0.465707537,-2.01477496,2.40818191,-9.63084848,6.72217016,-4.14801785,-3.09145589
465,-2.77809724,0.706484541,106.376624,0.176782942,-1.10521772,-0.70950089,-0.0117899495,-0.491766256,1.37480545,14.0621864,0,12.9711457,15.7994553,-18.9286586,59.1798326,4.04261864,-9.39743444,-10.7416806,-0.637533913,-15.3899171,34.4676515,73.5008541,6.89974312,-8.07970739,12.3184724,-1.91162011,-0.375719902,3.39154751,8.39842366,-5.2682581,0.444713884,-2.01180703,2.41178889,-9.63790833,6.71929166,-4.13595446,-3.11936191
466,-2.77976356,0.705257151,106.380033,0.183793617,-1.10683239,-0.699862241,-0.0197656603,-0.507510269,1.37076966,14.0634227,0,12.9785206,15.7996943,-18.9203207,59.1849893,4.06062259,-9.38781156,-10.7299557,-0.622887692,-15.3880218,34.4734571,73.4968858,6.9143704,-8.07526265,12.3405425,-1.90901311,-0.382427681,3.38228598,8.39035464,-5.25588521,0.433695561,-2.01553354,2.40590916,-9.65486257,6.73444571,-4.14604051,-3.13782263
467,-2.77414694,0.703267846,106.379759,0.184264009,-1.10350856,-0.700650598,-0.0138229697,-0.51872528,1.34676848,14.0649518,0,13.0008894,15.806656,-18.9277314,59.176233,4.05920704,-9.36711353,-10.721108,-0.61362158,-15.3805973,34.511112,73.5192273,6.9196813,-8.10408861,12.3052048,-1.9089922,-0.381322444,3.38233188,8.38757731,-5.25848751,0.421304478,-2.00862417,2.40852769,-9.64782747,6.71864919,-4.14979285,-3.17262991
468,-2.78130602,0.70339106,106.378078,0.177190322,-1.10514057,-0.691241924,-0.0207609286,-0.518654683,1.36763535,14.0592033,0,12.9862105,15.8086316,-18.9273421,59.1687403,4.03964153,-9.36471357,-10.7203285,-0.6428097,-15.3731849,34.5480257,73.5430852,6.98913664,-8.09259767,12.3324641,-1.90833436,-0.374005844,3.3690192,8.37713652,-5.25424383,0.42622208,-2.01512245,2.4181002,-9.66337042,6.7291536,-4.14739417,-3.17265126
469,-2.78206635,0.7037987,106.371474,0.171381927,-1.1041013,-0.69643839,-0.0139752841,-0.514706674,1.36308399,14.0507954,0,12.9958043,15.8090432,-18.9211062,59.1676407,4.03799588,-9.37886231,-10.7289491,-0.628982943,-15.3691346,34.5314079,73.5437477,6.95038513,-8.08992023,12.3142035,-1.90494616,-0.366209584,3.37982242,8.37339443,-5.27741098,0.421259334,-2.01234256,2.42475216,-9.65145516,6.71949229,-4.15404592,-3.14594671
470,-2.78522633,0.702732755,106.377757,0.178080191,-1.10653007,-0.683757266,-0.0307692652,-0.529080167,1.37262032,14.0546587,0,12.996846,15.8131549,-18.908665,59.1680778,4.02256862,-9.39640138,-10.7339727,-0.630932855,-15.3573269,34.5172182,73.546391,6.96588454,-8.08773286,12.3280714,-1.90370264,-0.375640367,3.35851842,8.36630213,-5.24444891,0.431264414,-2.0171412,2.41584004,-9.66902411,6.73274798,-4.14907525,-3.14822223
471,-2.78565586,0.706023257,106.378555,0.166447662,-1.10720473,-0.683698236,-0.0337335873,-0.526551876,1.37753998,14.063736,0,13.0006171,15.8140463,-18.8996781,59.1630849,4.02793459,-9.39100724,-10.7456335,-0.631781399,-15.3536608,34.5285187,73.5381469,6.97518384,-8.09336094,12.325756,-1.90266168,-0.361353266,3.3595993,8.36057672,-5.23910002,0.40559675,-2.01886326,2.43243121,-9.67132161,6.73796411,-4.14371739,-3.19219093
472,-2.78795231,0.706592482,106.373084,0.168397195,-1.10786233,-0.682946833,-0.0331411651,-0.532736346,1.38680182,14.0619892,0,12.9941301,15.8102179,-18.900035,59.1579418,4.02495065,-9.38471492,-10.750372,-0.634352699,-15.3502781,34.5087248,73.5322388,6.98697147,-8.09410202,12.3552137,-1.90430007,-0.364389738,3.35741919,8.35979894,-5.2453172,0.400629575,-2.01986153,2.42979519,-9.67042771,6.73499127,-4.15416417,-3.18748088
473,-2.78781075,0.70329369,106.371081,0.167056039,-1.10523393,-0.685569687,-0.0327130876,-0.532490299,1.38155282,14.0652344,0,13.0043148,15.8088997,-18.8984504,59.1510365,4.021279,-9.37658615,-10.740458,-0.612273899,-15.3543523,34.5095547,73.4972751,6.98175235,-8.07600287,12.3283258,-1.90446165,-0.36275052,3.36501692,8.3543843,-5.25467541,0.414366633,-2.01610856,2.43247027,-9.66092351,6.71765369,-4.15343675,-3.19239541
474,-2.7970871,0.699300459,106.371939,0.173583317,-1.10835842,-0.684683354,-0.0350071508,-0.538308873,1.39918816,14.0566702,0,12.9911188,15.8079264,-18.9076541,59.1494792,4.00615653,-9.37457039,-10.7353293,-0.622716244,-15.3512309,34.4854714,73.4958408,6.93637385,-8.07849845,12.3107526,-1.90830662,-0.37067458,3.36994191,8.36063136,-5.25729393,0.42840614,-2.0194974,2.42312359,-9.65754939,6.71973903,-4.15306451,-3.15184351
475,-2.78930832,0.700942148,106.379485,0.166115864,-1.10581775,-0.679941596,-0.0415426246,-0.535819376,1.37858767,14.0607179,0,13.0158091,15.8140138,-18.9054189,59.1444522,3.99334182,-9.37419558,-10.73988,-0.58359847,-15.3573064,34.4575872,73.4675501,6.93706071,-8.08734525,12.328488,-1.90112681,-0.362677629,3.3667838,8.35100934,-5.25248249,0.43883181,-2.01561252,2.43018451,-9.67006486,6.72336843,-4.1391877,-3.12588901
476,-2.79229172,0.698648347,106.376767,0.183171407,-1.1068866,-0.67932822,-0.0413089608,-0.557503519,1.38753159,14.0476637,0,13.0094263,15.8116318,-18.8989473,59.1494587,3.99535629,-9.36289845,-10.7393412,-0.591377735,-15.3585136,34.4397775,73.4630422,6.92093378,-8.08880264,12.3452655,-1.905115,-0.38172692,3.36287267,8.35641202,-5.24680533,0.428915816,-2.015563,2.41128281,-9.66586344,6.72008951,-4.15701022,-3.12667512
477,-2.79680304,0.703628454,106.378889,0.170706838,-1.11127646,-0.681558332,-0.0435269213,-0.543075918,1.40249472,14.0448138,0,12.9910249,15.8146781,-18.9087811,59.1594786,3.98651632,-9.36530438,-10.7479754,-0.598892171,-15.3650126,34.4368576,73.4655352,6.91960574,-8.1107506,12.3111564,-1.90335921,-0.368170942,3.3564318,8.35811871,-5.2446901,0.421287802,-2.02319018,2.42290587,-9.67216941,6.73831203,-4.1395672,-3.13141506
478,-2.79646683,0.700802496,106.377792,0.175571131,-1.11170182,-0.675867274,-0.0459105372,-0.54836622,1.40037757,14.041555,0,12.9935837,15.8191621,-18.9151229,59.1624224,3.97870643,-9.35614424,-10.7369148,-0.600965667,-15.3694214,34.4514434,73.4737451,6.9273119,-8.0879907,12.3117054,-1.90417264,-0.374249357,3.35371445,8.35875904,-5.24383889,0.437788339,-2.02323394,2.41525329,-9.67396234,6.73806272,-4.13635488,-3.09765791
479,-2.79714204,0.696880883,106.377029,0.190573051,-1.11090779,-0.682885392,-0.0334164937,-0.567630715,1.40097692,14.0237572,0,12.990668,15.8276213,-18.9131985,59.1639387,3.97567297,-9.34650002,-10.7400234,-0.59660283,-15.3690782,34.4282584,73.4756849,6.89665588,-8.08226188,12.3194491,-1.91245446,-0.388672929,3.36498127,8.37533335,-5.2475131,0.430433345,-2.01232101,2.3998574,-9.65143979,6.71210758,-4.13936315,-3.11407043
480,-2.79317796,0.699998159,106.377518,0.189406819,-1.10975112,-0.678747277,-0.0372091464,-0.562928717,1.38564165,14.0277375,0,13.0048757,15.8209021,-18.9029532,59.1752563,3.99305196,-9.35597178,-10.7389263,-0.595772642,-15.3767349,34.4497291,73.4903151,6.9281836,-8.09296906,12.3117729,-1.90976806,-0.390794289,3.36487242,8.37044037,-5.24502905,0.450250552,-2.0114762,2.39795882,-9.64777368,6.71069373,-4.13546695,-3.09248341
481,-2.79607493,0.700766919,106.371713,0.186447893,-1.11066513,-0.682920525,-0.0393331418,-0.559006054,1.3948258,14.0234703,0,12.997295,15.8175006,-18.8922947,59.1810073,3.98021931,-9.36099538,-10.7404341,-0.606936319,-15.3797555,34.4399107,73.4965921,6.92998848,-8.07487589,12.30845,-1.90843169,-0.388156902,3.36503784,8.36801821,-5.24765995,0.456083267,-2.01378587,2.40364005,-9.65597759,6.71588638,-4.13981821,-3.10971533
482,-2.80079879,0.704073161,106.368864,0.180029193,-1.11660129,-0.692729371,-0.041022403,-0.546688608,1.41419921,14.0247237,0,12.9997368,15.8129739,-18.8750451,59.1674767,3.99162829,-9.36875875,-10.737503,-0.625955621,-15.3873695,34.447277,73.5034154,6.92821775,-8.07880239,12.2903713,-1.90674677,-0.381765873,3.3673093,8.37450604,-5.2479989,0.457734946,-2.02281154,2.4077341,-9.64620103,6.73837051,-4.14096227,-3.10153383
483,-2.80065965,0.704519497,106.369472,0.183835293,-1.11577359,-0.710382881,-0.0250790522,-0.549413053,1.40913697,14.0135162,0,13.0098293,15.8135374,-18.8684983,59.1638499,4.00197048,-9.37050557,-10.7519421,-0.613202964,-15.3894185,34.4335757,73.4956427,6.94121176,-8.06930331,12.2889327,-1.90612266,-0.385841202,3.38592797,8.37745839,-5.25217343,0.449265778,-2.01994777,2.40352351,-9.63147514,6.72896022,-4.13511733,-3.08596122
484,-2.79368013,0.704802573,106.377375,0.187789799,-1.11166473,-0.71381893,-0.0199058993,-0.556374883,1.38348331,14.0204505,0,13.0307467,15.8154021,-18.8667703,59.1664249,4.01883422,-9.36724501,-10.7552009,-0.585954245,-15.3995801,34.4298498,73.4826107,6.93856592,-8.09661723,12.2913873,-1.90168774,-0.389604396,3.39046236,8.37421661,-5.2442551,0.43173495,-2.01369921,2.39960767,-9.62471838,6.71590132,-4.12431624,-3.09454826
485,-2.79469024,0.704804203,106.379569,0.188610025,-1.11145453,-0.712534542,-0.0242790964,-0.555526232,1.38441883,14.0244855,0,13.0332568,15.8216414,-18.8764657,59.1574773,4.02154025,-9.34643086,-10.7651832,-0.584410195,-15.4133566,34.4373767,73.4658357,6.91534114,-8.08862847,12.2999361,-1.90108006,-0.39053717,3.39078658,8.36925533,-5.2440724,0.439347489,-2.01668464,2.39892017,-9.63126768,6.71932794,-4.12088279,-3.11399018
486,-2.79933121,0.700807199,106.376851,0.203328398,-1.11236018,-0.720581328,-0.0192916292,-0.568810737,1.40225833,14.0313012,0,13.0170146,15.8233985,-18.876213,59.15355,4.04309377,-9.33719474,-10.7747498,-0.597863907,-15.4220737,34.441806,73.4559934,6.93606692,-8.06178412,12.3215622,-1.9111134,-0.406628215,3.39962079,8.38296523,-5.24075719,0.437783723,-2.01414104,2.3827322,-9.61320354,6.70631857,-4.1347532,-3.12575475
487,-2.79586129,0.706713181,106.376088,0.191240376,-1.11066752,-0.717773432,-0.0256810377,-0.549886471,1.39066792,14.039967,0,13.0191721,15.8270885,-18.8923135,59.1578803,4.04828556,-9.34850297,-10.7918944,-0.582218825,-15.4392499,34.4433087,73.4451403,6.94540379,-8.05880104,12.3258012,-1.89962182,-0.395654529,3.39572524,8.36474997,-5.24354476,0.446715983,-2.0154678,2.39443082,-9.62266591,6.71396582,-4.13030162,-3.10138144
488,-2.79483292,0.710227992,106.377161,0.184360389,-1.10879266,-0.718467335,-0.0261946126,-0.542468618,1.38444989,14.0465325,0,13.0302575,15.8291973,-18.8815884,59.1483386,4.07219037,-9.35167132,-10.7918005,-0.578019593,-15.4522341,34.4445347,73.4359468,6.96059883,-8.10456074,12.3558378,-1.89827627,-0.387951143,3.39340126,8.36366995,-5.24937049,0.429822364,-2.01192571,2.40084863,-9.61576486,6.70397923,-4.12996438,-3.12432617
489,-2.79485155,0.71202144,106.37604,0.18564874,-1.10837219,-0.718813275,-0.0291789583,-0.547311489,1.38409376,14.0552025,0,13.029268,15.8370469,-18.8796811,59.1488508,4.0552276,-9.36157766,-10.8091005,-0.582622233,-15.4575804,34.4583488,73.434813,6.96411979,-8.09634061,12.3711323,-1.89839943,-0.388744085,3.39260982,8.36385095,-5.25107035,0.415711246,-2.01064355,2.40049602,-9.61130816,6.70421444,-4.1251666,-3.13137578
490,-2.79476028,0.714068254,106.377852,0.182068904,-1.10857941,-0.712830738,-0.0334640749,-0.542214834,1.38284554,14.0669351,0,13.0275178,15.8419049,-18.8919327,59.1387353,4.06325947,-9.33896802,-10.7854894,-0.581383194,-15.4645557,34.4667396,73.4364113,6.97020335,-8.07468123,12.4061584,-1.89844446,-0.385416396,3.38707437,8.35849266,-5.23997001,0.411128936,-2.01237671,2.40249428,-9.61373202,6.7052236,-4.11641542,-3.1348007
491,-2.80016642,0.711745489,106.374836,0.190925918,-1.10929454,-0.707291748,-0.0471021818,-0.550301084,1.39546144,14.0830279,0,13.0141998,15.8391831,-18.8806373,59.1345826,4.07850744,-9.32932124,-10.753145,-0.606537714,-15.4648563,34.4929539,73.4464995,6.97879274,-8.04655024,12.3911798,-1.89776379,-0.396597709,3.37741798,8.34830885,-5.23515644,0.426447236,-2.01956634,2.39498193,-9.6296216,6.71765199,-4.14604478,-3.14123196
492,-2.79858466,0.71494584,106.376672,0.184211521,-1.10827832,-0.711356527,-0.048435406,-0.541645954,1.39891762,14.0843171,0,13.014864,15.8422088,-18.8875699,59.1162435,4.0894938,-9.32586772,-10.7098374,-0.627078921,-15.4658501,34.5001051,73.4674067,6.99158697,-8.07842246,12.3604866,-1.89740051,-0.390528232,3.38049498,8.34630675,-5.24169848,0.430235563,-2.0148629,2.40171479,-9.628796,6.70444752,-4.13952921,-3.14305776
493,-2.79837232,0.716381287,106.382704,0.183680138,-1.10836902,-0.711760876,-0.0526995152,-0.542530464,1.39875412,14.0899605,0,13.011419,15.842173,-18.8828725,59.1198567,4.10405918,-9.33468293,-10.676594,-0.624853026,-15.4647811,34.4856251,73.4665734,7.00588469,-8.09262243,12.3470994,-1.89710937,-0.390395524,3.38098355,8.34547518,-5.23314495,0.419210571,-2.01386164,2.40211819,-9.63468704,6.70752495,-4.13456579,-3.1159133
494,-2.80118361,0.720853265,106.38063,0.175636784,-1.10875244,-0.714509606,-0.0611479822,-0.530060459,1.40537289,14.1031334,0,12.9966982,15.8402008,-18.8803094,59.1296716,4.11084199,-9.34840991,-10.6719896,-0.636463494,-15.4667995,34.4805366,73.4831708,7.03406946,-8.11890243,12.3601852,-1.8927959,-0.382891334,3.38265631,8.33894039,-5.23493061,0.407208194,-2.01762486,2.4102903,-9.63826862,6.71012512,-4.13384478,-3.15004312
495,-2.80211456,0.72224061,106.377435,0.166298464,-1.10907478,-0.714642899,-0.0604050724,-0.51855031,1.41069681,14.1012346,0,12.9890664,15.8421201,-18.8856387,59.1208265,4.13202198,-9.32109513,-10.6537905,-0.642329186,-15.4720467,34.4824286,73.4795576,7.02517186,-8.10759932,12.3548227,-1.89182323,-0.37359662,3.38543534,8.33621258,-5.23734551,0.415627496,-2.01942995,2.42091744,-9.63840864,6.71156159,-4.13380209,-3.16682681
496,-2.80169491,0.727589708,106.376541,0.150065104,-1.10992614,-0.708817112,-0.0734445306,-0.493877585,1.41848675,14.1146815,0,12.975377,15.8394238,-18.9003919,59.1197952,4.09261605,-9.32679919,-10.6428255,-0.641046177,-15.4783766,34.4843991,73.4713955,7.04341914,-8.11428864,12.3535096,-1.88748735,-0.35818798,3.37684851,8.32672545,-5.24489757,0.43487537,-2.02424203,2.43653915,-9.65073372,6.72382733,-4.1250714,-3.15289558
497,-2.80086044,0.72666714,106.376314,0.15185935,-1.10797435,-0.706080597,-0.0675045738,-0.49069413,1.41387093,14.104496,0,12.9623706,15.8479343,-18.9282813,59.1249793,4.08487275,-9.33416896,-10.6643107,-0.63747703,-15.4813478,34.497759,73.4763815,7.03440243,-8.12109919,12.3125916,-1.88989307,-0.361651099,3.37792427,8.32665288,-5.24913143,0.44524984,-2.01920626,2.43485252,-9.64808873,6.71023141,-4.13533633,-3.14533114
498,-2.80063711,0.723525928,106.379271,0.169337766,-1.10770991,-0.704024039,-0.0743846954,-0.50656829,1.41402343,14.1105202,0,12.9583826,15.8451253,-18.9143545,59.1246719,4.09175246,-9.34111185,-10.6729603,-0.634972378,-15.4841362,34.5011331,73.4704051,7.01243356,-8.11063022,12.3292001,-1.89237797,-0.380742172,3.3788107,8.33081332,-5.24355074,0.441460286,-2.01652029,2.41478884,-9.64661597,6.70706733,-4.14043165,-3.12299706
499,-2.80014742,0.726959342,106.379545,0.162247332,-1.1094734,-0.704759047,-0.0762612032,-0.499647708,1.41792785,14.1037268,0,12.9467192,15.8517762,-18.9209747,59.1261404,4.08983232,-9.32748648,-10.6791485,-0.642452449,-15.4823518,34.5185057,73.4809783,7.02016875,-8.10283014,12.3501081,-1.88901026,-0.373577063,3.379984,8.32919371,-5.24131769,0.431775478,-2.02091061,2.42115671,-9.65780809,6.71839733,-4.13162668,-3.13348055
500,-2.80042253,0.730809756,106.37188,0.151929617,-1.10821842,-0.711686877,-0.0721096488,-0.484267509,1.41787235,14.1032717,0,12.9354801,15.8466877,-18.9165999,59.1356207,4.08994844,-9.33240934,-10.6948323,-0.641302576,-15.4838698,34.5346386,73.4820643,6.98967878,-8.11491104,12.3437723,-1.88694157,-0.361173173,3.39420424,8.32840226,-5.27206294,0.422596744,-2.02010827,2.43064384,-9.63880138,6.70881927,-4.12347399,-3.13996987
501,-2.79880855,0.729434798,106.3779,0.164933079,-1.1090203,-0.711709916,-0.0697695353,-0.496184749,1.41808195,14.1051611,0,12.9253979,15.8528469,-18.9311073,59.1418294,4.05464234,-9.34644281,-10.6987639,-0.627559862,-15.4864277,34.5271732,73.4652757,6.96852056,-8.09563625,12.3290882,-1.89033959,-0.377701244,3.38686114,8.33170978,-5.23639911,0.426923215,-2.01798643,2.41660695,-9.64164017,6.70955352,-4.11807003,-3.13178282
502,-2.79650968,0.726356078,106.375551,0.177210343,-1.10690913,-0.707477232,-0.0691418315,-0.503544651,1.41156425,14.1018169,0,12.9351147,15.8509617,-18.9223817,59.1351904,4.05345815,-9.34520911,-10.7040795,-0.607213636,-15.4920063,34.5193867,73.459067,6.98095108,-8.10026712,12.344562,-1.89415788,-0.391659322,3.3861841,8.33872524,-5.24060479,0.443223675,-2.01071634,2.40120252,-9.63384181,6.69464236,-4.12194403,-3.11615812
503,-2.79611368,0.726075331,106.37536,0.177054978,-1.10651978,-0.713653691,-0.0695324663,-0.498711385,1.41388459,14.1106304,0,12.9344744,15.8359985,-18.8940603,59.1417064,4.05900469,-9.36744821,-10.6926851,-0.608002736,-15.49599,34.527279,73.4682058,6.98415231,-8.11198943,12.3548107,-1.89338991,-0.391123846,3.39133919,8.33950559,-5.25175807,0.442939875,-2.01095561,2.40003008,-9.62771427,6.69245414,-4.11752661,-3.10234172
504,-2.79519539,0.727128331,106.374979,0.174280645,-1.10644844,-0.712191472,-0.0732332683,-0.493855227,1.4145453,14.1151801,0,12.9344957,15.8397209,-18.8927728,59.1349172,4.05267823,-9.35979839,-10.7086131,-0.603595236,-15.4970794,34.5233892,73.4600711,6.98320078,-8.10895853,12.339325,-1.89244564,-0.388902727,3.39273745,8.33802002,-5.24615902,0.448819414,-2.01126126,2.40206739,-9.6276417,6.69233888,-4.11001468,-3.09601718
505,-2.79162154,0.728997122,106.371117,0.175436682,-1.10524491,-0.71353197,-0.0707445181,-0.491275337,1.41621689,14.1233721,0,12.929823,15.8326295,-18.8893697,59.1419045,4.072286,-9.36638782,-10.7059288,-0.590847649,-15.5004552,34.5187686,73.4542654,6.99863914,-8.09575492,12.3251686,-1.89181555,-0.391612658,3.39510177,8.33723455,-5.25301696,0.451573421,-2.0086327,2.39990286,-9.62061429,6.69072439,-4.11492388,-3.08405132
506,-2.79208925,0.732015492,106.371725,0.169248923,-1.10605969,-0.70876629,-0.0772428428,-0.483851455,1.42531374,14.1247108,0,12.9212187,15.8333552,-18.8863132,59.1482839,4.07475554,-9.3729115,-10.7085106,-0.58249881,-15.5012151,34.4947263,73.4532614,6.98878232,-8.10140776,12.2981688,-1.88937056,-0.385954913,3.38838876,8.33272065,-5.24768429,0.444244682,-2.01330327,2.40569871,-9.62809932,6.69955284,-4.11698361,-3.10772028
507,-2.78663859,0.730746938,106.374872,0.177762643,-1.10362781,-0.706669679,-0.0697237183,-0.490552671,1.41401073,14.1225269,0,12.9320573,15.8314137,-18.890693,59.1437692,4.08219489,-9.37933103,-10.7010768,-0.568431555,-15.5098621,34.5076559,73.4544498,7.03092117,-8.0981139,12.3259771,-1.88864143,-0.394866043,3.38493674,8.33344636,-5.24321948,0.444188253,-2.0088327,2.39715158,-9.63167237,6.69419968,-4.11790867,-3.10787374
508,-2.78516188,0.728927553,106.375885,0.189364726,-1.10201415,-0.711114617,-0.0641673461,-0.499938204,1.40802845,14.1330522,0,12.9412286,15.8360412,-18.8945128,59.136133,4.08428963,-9.38978292,-10.7077285,-0.546181093,-15.508257,34.485246,73.4473191,7.01459318,-8.09305102,12.2743426,-1.89261767,-0.407545488,3.38954989,8.34067184,-5.23819715,0.439452477,-2.00325222,2.38278812,-9.62061173,6.68227374,-4.12180572,-3.09048323
509,-2.78305113,0.727079157,106.380069,0.193279077,-1.10174678,-0.717761678,-0.0525476101,-0.503422881,1.40875149,14.128172,0,12.9497458,15.8390909,-18.899492,59.1175344,4.09365936,-9.38930396,-10.7055173,-0.544189026,-15.5063258,34.4924007,73.4616147,7.04324369,-8.08356133,12.3006499,-1.89443023,-0.411609798,3.39501895,8.34855388,-5.23664585,0.448541298,-2.00199824,2.37825031,-9.61249832,6.6792612,-4.11881196,-3.09804894
510,-2.78060436,0.72970395,106.381238,0.191086184,-1.10140928,-0.721696827,-0.0457269626,-0.494168028,1.40284615,14.1299803,0,12.9549325,15.8429721,-18.914445,59.1075145,4.07687972,-9.37562138,-10.7097964,-0.530437347,-15.517418,34.5010135,73.4655352,7.0587892,-8.09245765,12.3213787,-1.88755309,-0.410880888,3.39899135,8.34059757,-5.23775959,0.44313571,-2.00525048,2.38000994,-9.61862329,6.68716287,-4.12167979,-3.09379352
511,-2.78021656,0.731922826,106.381583,0.187028158,-1.10092282,-0.726442744,-0.0450780579,-0.491382218,1.40504782,14.1428569,0,12.9546764,15.8428492,-18.8998848,59.1117151,4.05598233,-9.39191821,-10.7191281,-0.525444158,-15.507784,34.5190487,73.4877675,7.06036014,-8.1092232,12.3219114,-1.88582889,-0.407024927,3.40372275,8.33998712,-5.23557564,0.450758761,-2.00508613,2.38360774,-9.60983625,6.68752786,-4.11450254,-3.09431496
512,-2.78067365,0.740642566,106.385493,0.171175874,-1.10077799,-0.731317744,-0.038768694,-0.461296729,1.40989917,14.1472428,0,12.944782,15.8275649,-18.8981755,59.1177939,4.03645098,-9.39082965,-10.7166676,-0.532492967,-15.5252573,34.525995,73.4878631,7.02078346,-8.11100246,12.2969701,-1.88192736,-0.391578827,3.39928889,8.33495668,-5.23713847,0.44126245,-2.01001838,2.39874493,-9.61243343,6.69598833,-4.10167118,-3.10315216
513,-2.77785864,0.741955917,106.387854,0.167721659,-1.09992545,-0.735505051,-0.0264381949,-0.454329189,1.40914465,14.1402375,0,12.9495699,15.8218344,-18.8877509,59.1127123,4.03173004,-9.39382725,-10.7148473,-0.516534497,-15.5281089,34.5294203,73.4852335,7.02578829,-8.10735344,12.3140524,-1.88053784,-0.387748585,3.40456094,8.33353857,-5.24097192,0.449565506,-2.01018977,2.40337345,-9.61286117,6.69780943,-4.10567751,-3.11013475
514,-2.77673174,0.739680137,106.384337,0.180531567,-1.09832343,-0.739342933,-0.0125797168,-0.464913581,1.40465455,14.1441154,0,12.9454428,15.8226352,-18.8945606,59.116865,4.03219748,-9.38516316,-10.7075535,-0.505927213,-15.5273764,34.5361617,73.4871118,7.03046995,-8.08614314,12.3260787,-1.88140762,-0.402364977,3.40413106,8.33442478,-5.24482414,0.447411728,-2.00806366,2.39002705,-9.6118042,6.69443361,-4.13363177,-3.10125316
515,-2.77189761,0.746363169,106.381118,0.172378633,-1.09494917,-0.751125773,0.00367514161,-0.443721559,1.40244488,14.1446755,0,12.9492139,15.8080016,-18.8929811,59.1109569,4.01204928,-9.36768299,-10.6969087,-0.490369003,-15.5360063,34.5474588,73.4749745,7.0407289,-8.06934002,12.3036116,-1.88021746,-0.397026837,3.41925716,8.33136571,-5.25335334,0.450854384,-2.00460097,2.39641584,-9.59736262,6.68099393,-4.11915988,-3.08552131
516,-2.76878607,0.751879718,106.377327,0.165223077,-1.09371991,-0.755545032,0.0134251003,-0.428705521,1.4015673,14.1565626,0,12.9567903,15.8080084,-18.8924245,59.0997486,4.00210922,-9.34499225,-10.6857157,-0.468590891,-15.5413134,34.5358441,73.4672906,7.02635263,-8.08221236,12.2677574,-1.87318963,-0.390501632,3.42189596,8.31821504,-5.26024628,0.44952874,-2.00999703,2.40296492,-9.60284897,6.68953039,-4.12425434,-3.09140082
517,-2.76490711,0.754223531,106.37641,0.167409262,-1.09105309,-0.767229947,0.034597903,-0.427892542,1.40424388,14.1541882,0,12.9488255,15.8039273,-18.8882154,59.1089215,4.00932232,-9.34529022,-10.6930368,-0.464013117,-15.542384,34.5285426,73.4645995,7.04514077,-8.08785154,12.2589951,-1.87246498,-0.394419786,3.43445155,8.32037338,-5.26601694,0.452027949,-2.00765833,2.39944268,-9.58876085,6.68103619,-4.1272528,-3.09533586
518,-2.76188049,0.755810644,106.378782,0.164494061,-1.09056388,-0.764588589,0.0375815151,-0.425557017,1.40583062,14.1590436,0,12.953184,15.8070556,-18.8822919,59.1069613,4.0124672,-9.35140409,-10.687384,-0.440170981,-15.5404272,34.5067509,73.4437947,7.05347659,-8.0677981,12.2382382,-1.86947358,-0.391621169,3.43005227,8.315617,-5.26822608,0.450437155,-2.01066468,2.40290068,-9.60030472,6.69280376,-4.13248814,-3.07777054
519,-2.75950972,0.754042808,106.37902,0.1690945,-1.08995035,-0.770816465,0.0498669076,-0.426244972,1.40765162,14.155112,0,12.9645511,15.8058091,-18.8718212,59.0969345,4.02203544,-9.35285465,-10.6868691,-0.43466921,-15.5314745,34.5117335,73.4559388,7.08352131,-8.05097791,12.2161033,-1.87123939,-0.397986025,3.43091138,8.32024958,-5.26910419,0.459397883,-2.01035925,2.39784698,-9.5984674,6.68808111,-4.13822464,-3.08597552
520,-2.75692306,0.756386947,106.381202,0.156302614,-1.08914765,-0.770965811,0.0474546869,-0.414610679,1.41026075,14.1614692,0,12.9722479,15.8077932,-18.8630598,59.0933282,4.00868498,-9.34682103,-10.6820786,-0.433711116,-15.528377,34.5322685,73.4600779,7.09748606,-8.04617202,12.2183717,-1.86789751,-0.384291949,3.43375359,8.31620355,-5.27000236,0.456809028,-2.01090801,2.41126937,-9.60464189,6.69317131,-4.12463598,-3.07221845
521,-2.75530647,0.755600445,106.380641,0.15920072,-1.08833465,-0.769983539,0.0600413248,-0.41892365,1.41310605,14.1519129,0,12.9758098,15.814369,-18.8630478,59.0937448,4.00821071,-9.34986901,-10.6845529,-0.424352556,-15.5227421,34.5465026,73.4676321,7.10640672,-8.05867468,12.2024839,-1.86734298,-0.387058549,3.43194808,8.31865217,-5.27250519,0.45621208,-2.01048134,2.4078611,-9.60052927,6.69145906,-4.1309983,-3.0925056
522,-2.75026262,0.758298393,106.382287,0.156551227,-1.08676073,-0.760274455,0.0540944279,-0.418547989,1.41573162,14.1428706,0,12.9894361,15.8192594,-18.843814,59.089756,3.99410594,-9.3644933,-10.7029047,-0.421338335,-15.5246665,34.5619388,73.4629602,7.1210515,-8.06695287,12.2356649,-1.86527216,-0.385487366,3.42432238,8.3122113,-5.26856759,0.439211926,-2.00723102,2.41118954,-9.61578364,6.6910484,-4.12577961,-3.09428743
523,-2.74769496,0.761375809,106.378615,0.146333601,-1.08554358,-0.7551556,0.0558419491,-0.407866214,1.4187463,14.1381603,0,12.9956865,15.8229221,-18.8464795,59.0898038,3.97511375,-9.37625403,-10.7046507,-0.420038305,-15.5183571,34.5553511,73.4770919,7.09827495,-8.06406114,12.2557824,-1.865384,-0.374297461,3.41878716,8.31134984,-5.27549169,0.442566456,-2.00693519,2.42143269,-9.61774476,6.69249981,-4.1321684,-3.10368449
524,-2.74355542,0.754882069,106.375086,0.160956596,-1.08489876,-0.742641145,0.0528080845,-0.422695195,1.4245018,14.1399498,0,13.0087578,15.8370316,-18.848047,59.0744632,3.96538799,-9.37277575,-10.716192,-0.420602302,-15.5148635,34.5823747,73.4745784,7.08931587,-8.05943027,12.2334818,-1.87047313,-0.390404141,3.40789685,8.32003784,-5.27368639,0.443856215,-2.00320334,2.40495998,-9.61627797,6.68892336,-4.139075,-3.09975948
525,-2.7359562,0.752427988,106.377435,0.165310892,-1.08231361,-0.736695161,0.0672683987,-0.43246426,1.42294558,14.1299146,0,13.0101973,15.8526522,-18.8765767,59.0756927,3.94078009,-9.36136422,-10.720256,-0.412507327,-15.5031173,34.5793182,73.4748243,7.09310663,-8.03023036,12.2473138,-1.8747452,-0.393245847,3.40770603,8.32774059,-5.27244116,0.433354719,-1.99493305,2.40013061,-9.60993444,6.675546,-4.13532693,-3.09379374
526,-2.73284614,0.753655098,106.379771,0.168498419,-1.08150757,-0.723121384,0.0701617509,-0.434036244,1.43194756,14.1148762,0,13.0116581,15.8608092,-18.8800567,59.0730152,3.92731651,-9.36496799,-10.7343851,-0.397646223,-15.5066673,34.542746,73.4619152,7.04680905,-8.05092497,12.2604303,-1.87171452,-0.397656495,3.39161261,8.31766179,-5.26342104,0.430363523,-1.99875497,2.39620688,-9.63313744,6.68970285,-4.14920759,-3.07139797
527,-2.7272651,0.752617139,106.381655,0.169073037,-1.07977162,-0.71870709,0.0768776011,-0.440677482,1.43062773,14.1140019,0,13.0221031,15.8790987,-18.8899468,59.0756448,3.91451759,-9.37661261,-10.7391295,-0.384817127,-15.5038293,34.542285,73.4444709,7.04474334,-8.05238151,12.2537154,-1.8739307,-0.397065443,3.39609471,8.32752032,-5.26253739,0.417768761,-1.99129896,2.39657272,-9.6283879,6.68103748,-4.14276458,-3.08632727
528,-2.72571575,0.753475679,106.374693,0.167950651,-1.07903139,-0.716763321,0.075769056,-0.438477361,1.43440664,14.1137595,0,13.028369,15.8838747,-18.8884374,59.0746613,3.90316197,-9.38078415,-10.7418692,-0.387981825,-15.4983566,34.5241747,73.451506,7.03225093,-8.06196085,12.241369,-1.87293926,-0.397938107,3.39225742,8.32779523,-5.27174021,0.429818869,-1.99118264,2.39518214,-9.62897103,6.67933462,-4.14587232,-3.08831187
529,-2.72094961,0.751044881,106.373751,0.168239787,-1.07762882,-0.704615785,0.0727488851,-0.436146078,1.43404048,14.1174068,0,13.0403534,15.889443,-18.8917534,59.0669295,3.89712537,-9.37505362,-10.735746,-0.379560816,-15.5000881,34.5067611,73.4389521,7.03039183,-8.05350679,12.2386574,-1.87117835,-0.398937502,3.38070223,8.32597157,-5.27056798,0.436999345,-1.99059716,2.39376423,-9.64482816,6.68326753,-4.14992348,-3.07272324
530,-2.71574855,0.752541935,106.377864,0.159115916,-1.07628892,-0.705123635,0.0783923823,-0.42971767,1.43468369,14.1263919,0,13.0507387,15.8914443,-18.8728406,59.0667315,3.9223706,-9.36882961,-10.741859,-0.367762891,-15.4960002,34.4887704,73.4307422,7.00651819,-8.07363706,12.2300052,-1.87236253,-0.390335626,3.38702357,8.33365383,-5.27841544,0.445467739,-1.98662647,2.4015579,-9.64230356,6.68258152,-4.12749996,-3.04824939
531,-2.71557122,0.750948582,106.377959,0.16852225,-1.07477588,-0.690581662,0.0675903781,-0.428422842,1.43678152,14.1243796,0,13.0616653,15.8841735,-18.8561715,59.0597851,3.93711783,-9.35543049,-10.7626714,-0.379350467,-15.5012543,34.4838288,73.4447578,6.99011421,-8.08078059,12.227975,-1.87148571,-0.402005645,3.38163456,8.32802233,-5.28123759,0.464707768,-1.98688303,2.38893017,-9.65933549,6.68305793,-4.14624414,-3.0412476
532,-2.71187499,0.753629068,106.378245,0.162458477,-1.07358291,-0.691091001,0.0725259968,-0.42448273,1.44120994,14.1283214,0,13.0634753,15.8856079,-18.8450639,59.0660689,3.95315213,-9.35392614,-10.770959,-0.389546899,-15.4961351,34.4546229,73.4538419,6.9756564,-8.06509932,12.2690389,-1.86945885,-0.395997479,3.38322471,8.32628576,-5.28790898,0.457571608,-1.98654003,2.39461971,-9.65583245,6.68399409,-4.14938346,-3.04941757
533,-2.70884894,0.752619561,106.380796,0.168726375,-1.07324204,-0.690728248,0.0745658488,-0.433605461,1.44491339,14.1406909,0,13.0755622,15.8901721,-18.8421765,59.0537951,3.96888077,-9.32716119,-10.7538016,-0.407813093,-15.496299,34.4708685,73.4673315,6.98381549,-8.07255362,12.2850523,-1.8711839,-0.403681576,3.38434422,8.32872755,-5.27940753,0.452144543,-1.98574751,2.38827127,-9.655549,6.68505875,-4.15677629,-3.06777947
534,-2.70195398,0.755085703,106.380284,0.167255383,-1.07146385,-0.682754656,0.0686311482,-0.433935498,1.44214642,14.1556089,0,13.0831565,15.8902114,-18.8294092,59.0609531,3.97486146,-9.32246031,-10.7432822,-0.418183908,-15.4995229,34.4823022,73.475357,6.98739494,-8.05858503,12.3171499,-1.87038284,-0.402575352,3.37952595,8.32850984,-5.29201691,0.44652279,-1.98244939,2.38806188,-9.66075702,6.68325899,-4.15332107,-3.04855547
535,-2.69724913,0.755956396,106.380701,0.172235643,-1.06894109,-0.675220635,0.0740409181,-0.435057677,1.43821949,14.1604831,0,13.0862395,15.8956568,-18.8390209,59.0618547,3.98381882,-9.30257336,-10.7406799,-0.415800119,-15.5043365,34.4607154,73.4683424,6.95021993,-8.05515542,12.2959046,-1.86796795,-0.408994396,3.37116089,8.32709001,-5.28777323,0.441715431,-1.98057813,2.38121739,-9.66750866,6.68749627,-4.16569566,-3.04451691
536,-2.69735884,0.761352852,106.379533,0.157889783,-1.06790775,-0.670646815,0.0796572813,-0.413829556,1.44532886,14.165201,0,13.0816957,15.8916731,-18.8316102,59.0704539,4.01657513,-9.29878005,-10.7365835,-0.425376871,-15.5101507,34.4566412,73.4614029,6.95888573,-8.03969871,12.3053132,-1.86600811,-0.395483748,3.36819488,8.32469603,-5.30141141,0.4567411,-1.98100886,2.39465664,-9.6702322,6.69039825,-4.17048149,-3.05197633
537,-2.69111712,0.76179821,106.379986,0.164610715,-1.06566487,-0.670499583,0.0871323697,-0.412090125,1.44442514,14.1679792,0,13.0873323,15.8855447,-18.8341237,59.0699348,4.03131126,-9.2880464,-10.7202952,-0.431952769,-15.521388,34.4717735,73.4487124,7.00425227,-8.03896787,12.2963178,-1.86620063,-0.405384854,3.36875303,8.32563518,-5.29878819,0.463122524,-1.97856045,2.38473301,-9.66453326,6.68671251,-4.18281724,-3.05200365
538,-2.68446617,0.764778024,106.380928,0.156778058,-1.06460375,-0.659405509,0.0863962434,-0.408045239,1.44675199,14.171653,0,13.0810989,15.8923868,-18.844579,59.0862316,4.03012708,-9.29198913,-10.7310331,-0.426731863,-15.5210773,34.4551898,73.4193221,6.99764193,-7.99762047,12.303604,-1.86336632,-0.39819584,3.35432703,8.32111104,-5.30207778,0.459506899,-1.97856963,2.39386711,-9.68694653,6.69779577,-4.18643681,-3.06576926
539,-2.67877504,0.767127192,106.383741,0.156254183,-1.06285364,-0.656312116,0.0917321553,-0.406749691,1.44708614,14.1696757,0,13.0842297,15.8876074,-18.8402196,59.0916548,4.0409747,-9.29390585,-10.7291881,-0.430746814,-15.5300914,34.4451084,73.4041455,7.01233879,-7.97239402,12.3383449,-1.86249824,-0.398171881,3.34819672,8.31934458,-5.29170101,0.442446848,-1.97702963,2.39506688,-9.69645415,6.70151822,-4.18695505,-3.06560576
540,-2.67735999,0.769321201,106.382906,0.158177489,-1.06209975,-0.655344181,0.0922689855,-0.413121911,1.4530935,14.1654683,0,13.0835637,15.8914699,-18.8395281,59.0955822,4.05639385,-9.29127623,-10.7129639,-0.438257167,-15.5259045,34.4385856,73.4006347,7.02327136,-7.99653362,12.3266806,-1.86264467,-0.400439504,3.34731392,8.32116397,-5.29574918,0.431023196,-1.97659549,2.39252263,-9.69632779,6.70046851,-4.19409602,-3.09377196
541,-2.67542992,0.772137428,106.38634,0.1604303,-1.06292621,-0.653514066,0.101427822,-0.407949377,1.45801636,14.1642593,0,13.0712907,15.8882512,-18.859462,59.1109501,4.06700754,-9.287605,-10.7167444,-0.45025274,-15.5351235,34.4476971,73.3978344,7.03334333,-7.97910554,12.3442794,-1.8643932,-0.405194623,3.35334092,8.32813162,-5.28589749,0.429028408,-1.97650221,2.38471914,-9.69380916,6.70092741,-4.17311496,-3.07355546
542,-2.66924128,0.774485059,106.376719,0.151357714,-1.06072308,-0.641319518,0.0957821373,-0.397868925,1.45922253,14.1516201,0,13.0731289,15.8875084,-18.884662,59.1010258,4.04623437,-9.27476083,-10.7117336,-0.465914524,-15.5310476,34.4478576,73.4143224,7.02057173,-7.98634895,12.3669079,-1.85945305,-0.396973636,3.33626097,8.31603364,-5.30711035,0.4317417,-1.97817241,2.39459004,-9.71185879,6.71053962,-4.19918621,-3.07775282
543,-2.66135987,0.775097637,106.376743,0.15571055,-1.05983064,-0.635844743,0.0889948636,-0.402721801,1.45780847,14.1571414,0,13.0742269,15.8874674,-18.8882359,59.1018386,4.05007678,-9.27305328,-10.711632,-0.477358399,-15.5286946,34.4761312,73.4154221,7.0248803,-7.98067563,12.3661138,-1.8589903,-0.404038293,3.33390135,8.31767545,-5.30562606,0.434134508,-1.97650093,2.38777224,-9.71478552,6.7145831,-4.19809851,-3.04286528
544,-2.65868586,0.778216543,106.377518,0.147241745,-1.05863212,-0.634147523,0.0868441611,-0.397350417,1.45768094,14.1590513,0,13.0794725,15.8892245,-18.8817865,59.0979386,4.04467325,-9.27711127,-10.7206777,-0.47735413,-15.5266182,34.4534754,73.4080728,7.02352749,-7.99562776,12.3885886,-1.85644606,-0.396317671,3.32883058,8.31707525,-5.3143512,0.443399392,-1.97728598,2.3957134,-9.71789667,6.71720034,-4.20074435,-3.06640681
545,-2.65468862,0.782645494,106.380904,0.138415986,-1.05733794,-0.621450156,0.0821313973,-0.382989651,1.45533658,14.1475493,0,13.0855906,15.8805143,-18.8697226,59.0911904,4.06419478,-9.28025999,-10.7220813,-0.477636303,-15.5238264,34.4437868,73.4151011,7.00347747,-8.00946317,12.3600546,-1.85316842,-0.387476552,3.31842969,8.31342366,-5.31270641,0.427368645,-1.97765993,2.40424153,-9.73246035,6.72851156,-4.20339703,-3.10138079
546,-2.64676791,0.784479268,106.381929,0.143333095,-1.05601244,-0.617374466,0.0850714068,-0.388656867,1.45078223,14.1427869,0,13.0953134,15.8821996,-18.8738703,59.0757951,4.0758727,-9.2615871,-10.7100457,-0.473699552,-15.5219686,34.4392072,73.4048012,6.99025252,-8.02397732,12.3464019,-1.85418142,-0.39536582,3.31810803,8.31945642,-5.31155253,0.41890548,-1.97421986,2.39553304,-9.72960447,6.72543499,-4.20032771,-3.09119613
547,-2.64073368,0.78552356,106.379199,0.14197443,-1.05610652,-0.612610581,0.0810537415,-0.384622893,1.46129016,14.1475646,0,13.0823036,15.8808899,-18.8976803,59.0732816,4.03742044,-9.27271007,-10.687133,-0.484193177,-15.5184237,34.4537179,73.404487,7.02337381,-8.0549804,12.3313115,-1.85808509,-0.396806697,3.32129047,8.32829042,-5.31738765,0.424125319,-1.97278638,2.39284429,-9.73267294,6.72751691,-4.19178015,-3.05607487
548,-2.63284035,0.787344947,106.378376,0.144500287,-1.05363283,-0.611699724,0.0829874788,-0.385879381,1.45722097,14.1495172,0,13.0866945,15.8801523,-18.8919993,59.0680155,4.03297057,-9.28234661,-10.6812599,-0.462537796,-15.5105041,34.4060705,73.3787781,7.00764517,-8.05916133,12.3131218,-1.85645566,-0.40230692,3.32505882,8.33095761,-5.32331753,0.442125002,-1.96972325,2.38673255,-9.73107211,6.72382562,-4.19016268,-3.02679043
549,-2.62785293,0.792319048,106.383634,0.136210665,-1.05174577,-0.608554321,0.089632279,-0.377056778,1.45377919,14.1351115,0,13.0872213,15.8675881,-18.8664954,59.071014,4.03046816,-9.29480231,-10.6798656,-0.443819983,-15.5155329,34.3818677,73.3520789,6.98657446,-8.07318029,12.3075783,-1.84887714,-0.395195973,3.31996435,8.32124252,-5.32216408,0.445143172,-1.97225213,2.39478577,-9.7404935,6.73653447,-4.19819029,-3.03130519
550,-2.62212902,0.79084998,106.380999,0.142974798,-1.04918849,-0.604387854,0.0959192747,-0.380757193,1.45290002,14.1388382,0,13.0866305,15.8657576,-18.8569143,59.0663285,4.04437699,-9.30079068,-10.6795839,-0.447314425,-15.5160041,34.3714858,73.3569079,6.95788724,-8.08807779,12.3054379,-1.84994713,-0.40263573,3.31585044,8.32590327,-5.3333101,0.446517187,-1.96855102,2.38743393,-9.74246743,6.73719188,-4.23025162,-3.05287258
551,-2.61229947,0.793030299,106.376004,0.136920069,-1.04593387,-0.594127218,0.0948724415,-0.381414972,1.44225559,14.136714,0,13.0910872,15.873276,-18.8788341,59.0565955,4.02155519,-9.30748171,-10.6639086,-0.453798142,-15.5023506,34.3915973,73.3767974,6.96086947,-8.09947652,12.3070225,-1.85047647,-0.398352027,3.31035406,8.32657092,-5.34459272,0.464746402,-1.96368045,2.39103536,-9.74395385,6.73157191,-4.22144665,-3.02521501
552,-2.60654185,0.797396805,106.370223,0.126819426,-1.04606436,-0.594743303,0.100491366,-0.369033493,1.44653514,14.1355589,0,13.082529,15.8797117,-18.9103981,59.0483378,3.98485915,-9.31068165,-10.6667158,-0.457597702,-15.491605,34.3900571,73.3915916,6.94290052,-8.08044591,12.2844598,-1.84879027,-0.390182107,3.312687,8.32841849,-5.35738908,0.482819349,-1.96434042,2.39649866,-9.74065743,6.73601324,-4.20020861,-2.9688128
553,-2.59915534,0.792642031,106.373656,0.132375239,-1.04442347,-0.594656017,0.0969156352,-0.384100864,1.43933761,14.1349066,0,13.0936801,15.8898477,-18.9082603,59.0386457,3.98792291,-9.31998864,-10.6632623,-0.460224176,-15.4860025,34.4108175,73.3983193,6.95874358,-8.03675319,12.3091996,-1.84926198,-0.395585587,3.31406179,8.33722601,-5.35776901,0.490364894,-1.96142884,2.39188614,-9.74086148,6.73533748,-4.22030644,-2.99738455
554,-2.59481352,0.794986542,106.382561,0.131626796,-1.04320358,-0.585977831,0.0951121384,-0.385932609,1.43242599,14.123571,0,13.0952562,15.8966898,-18.8979791,59.0366854,3.98158493,-9.32622631,-10.6934577,-0.454247974,-15.4864123,34.3865805,73.4051427,6.9266054,-8.07366865,12.3081119,-1.84170352,-0.395608799,3.30716223,8.32870535,-5.35596712,0.492089677,-1.96383605,2.39212968,-9.76560298,6.75363897,-4.23541183,-3.00543734
555,-2.59127133,0.794778392,106.383884,0.139751977,-1.04152826,-0.59139811,0.102935026,-0.39430482,1.42882285,14.1199399,0,13.0880085,15.8896462,-18.8907852,59.044185,3.98688473,-9.33724511,-10.6925186,-0.463800474,-15.4837844,34.3966653,73.4246292,6.95111852,-8.07531131,12.3414662,-1.84352996,-0.404600076,3.3143557,8.33819932,-5.36098176,0.472364731,-1.96080751,2.38273732,-9.75224143,6.74887107,-4.24731386,-3.01890306
556,-2.58209854,0.796229113,106.376219,0.129420617,-1.03949558,-0.585199338,0.103878506,-0.386854044,1.42287312,14.1179575,0,13.0902317,15.8934353,-18.9033596,59.0317062,3.96897938,-9.33032442,-10.7066861,-0.460572462,-15.4773026,34.4025564,73.429383,6.9455374,-8.06628607,12.3456873,-1.83952554,-0.394665112,3.31022856,8.33522648,-5.37822585,0.473253776,-1.95918918,2.39191069,-9.76007224,6.74917587,-4.23204028,-3.00785224
557,-2.57393979,0.79535339,106.371117,0.132564191,-1.03771037,-0.584464204,0.10916742,-0.394488941,1.41597249,14.1160254,0,13.092268,15.902866,-18.9191134,59.0211399,3.95418391,-9.31629265,-10.7200468,-0.461074268,-15.4623393,34.3941621,73.4490744,6.93360805,-8.06166203,12.3232903,-1.84113896,-0.3988811,3.31731552,8.34388459,-5.39212699,0.492590522,-1.95462939,2.38534304,-9.74456942,6.74567497,-4.23569016,-2.98449833
558,-2.57115196,0.797937158,106.381702,0.133178468,-1.03728891,-0.578639991,0.10410517,-0.390726708,1.4169348,14.1119802,0,13.0943828,15.8880923,-18.8882103,59.0246507,3.98111108,-9.32861773,-10.7320261,-0.45359297,-15.4679162,34.3728485,73.4392253,6.91713705,-8.04964773,12.3302161,-1.84023567,-0.400145165,3.31155255,8.34630504,-5.37761028,0.469317346,-1.95628485,2.38390934,-9.76613318,6.76045038,-4.23759066,-2.99560806
559,-2.56710146,0.798081979,106.38485,0.146494743,-1.03566335,-0.575886103,0.102117184,-0.410379643,1.41497219,14.1035321,0,13.0924336,15.8875476,-18.8761311,59.0257093,3.98544185,-9.31350764,-10.7404784,-0.458608676,-15.467602,34.3981953,73.4348608,6.9350616,-8.07402126,12.3174624,-1.84119318,-0.413756985,3.30649949,8.35177005,-5.37236213,0.449071704,-1.95376366,2.36963723,-9.77193201,6.75835009,-4.25768124,-3.023443
560,-2.55795922,0.799487252,106.380773,0.150349718,-1.03193004,-0.574769917,0.104181262,-0.415253277,1.40365809,14.1088562,0,13.0960587,15.8773177,-18.874637,59.0284346,3.98944562,-9.30319747,-10.7220113,-0.469867923,-15.4663743,34.4420792,73.4452017,6.98088321,-8.07380355,12.3679947,-1.84198356,-0.418219953,3.31043922,8.34993443,-5.37566154,0.436548686,-1.95047129,2.36730835,-9.76406192,6.75247272,-4.27647237,-3.06000458
561,-2.54878309,0.804301072,106.368458,0.135518519,-1.02896956,-0.566142615,0.096486147,-0.404936463,1.39661531,14.1104639,0,13.0993073,15.8735714,-18.8852955,59.022465,3.99558596,-9.28047855,-10.7094113,-0.481523854,-15.4629011,34.47135,73.4544225,6.94224184,-8.08085572,12.3591983,-1.83341701,-0.403230303,3.30079308,8.33458188,-5.39656192,0.445100243,-1.95220744,2.38251107,-9.78400608,6.76427699,-4.26880249,-3.03264775
562,-2.54294779,0.802552421,106.373286,0.143192956,-1.02826737,-0.565426331,0.100032829,-0.412768102,1.3912916,14.1075414,0,13.1068564,15.8730198,-18.8852306,59.0154367,3.99348653,-9.27716506,-10.717792,-0.469899833,-15.464233,34.4764966,73.4420257,6.93316409,-8.05783627,12.3666201,-1.83567588,-0.411689599,3.30437231,8.34700172,-5.38373312,0.44663282,-1.9486376,2.37293472,-9.77792891,6.76485371,-4.26718843,-3.03767861
563,-2.5332462,0.806168653,106.384635,0.129451124,-1.02639173,-0.558341254,0.0901104456,-0.404716456,1.38492021,14.1108259,0,13.1190987,15.8665909,-18.8526438,59.0143917,4.00077349,-9.29084678,-10.7333913,-0.463848178,-15.4648067,34.4968369,73.4284473,6.98303557,-8.08549256,12.36331,-1.82970437,-0.396281866,3.29609668,8.34690183,-5.38041706,0.433547592,-1.94808051,2.38891437,-9.79381337,6.77768337,-4.27019371,-3.06770455
564,-2.52923537,0.804490596,106.384778,0.135522004,-1.02454194,-0.559121648,0.0831511432,-0.415510183,1.37953503,14.1186166,0,13.1268065,15.868529,-18.8520068,59.0106146,4.00219075,-9.29750707,-10.7385959,-0.471681285,-15.4603586,34.5244343,73.433645,7.03163834,-8.09817452,12.3928463,-1.82939296,-0.403536434,3.2977927,8.3501974,-5.39020813,0.439578008,-1.94635461,2.38330166,-9.79640031,6.77927822,-4.29938039,-3.06874572
565,-2.51921322,0.802087318,106.381428,0.134278147,-1.02321043,-0.559768812,0.0823488561,-0.421939285,1.37151426,14.1221444,0,13.1288701,15.8713789,-18.8649005,59.0078142,4.01588912,-9.28028902,-10.747733,-0.47167296,-15.4453475,34.5577109,73.4421281,7.06451759,-8.09212297,12.3602749,-1.82699834,-0.401875257,3.30537037,8.3511485,-5.39770171,0.44574791,-1.94600222,2.3843168,-9.79540822,6.78315393,-4.29717467,-3.06016423
566,-2.50916854,0.799628254,106.382978,0.132582637,-1.02406228,-0.554054888,0.0753496264,-0.433149093,1.36612801,14.1220061,0,13.133156,15.8837774,-18.8807688,58.9991945,4.04570418,-9.24978539,-10.7313012,-0.480263898,-15.4294742,34.5772794,73.4490198,7.05767588,-8.06004669,12.3525534,-1.82396616,-0.398729715,3.29931178,8.35161978,-5.39359335,0.422217909,-1.95127491,2.38704162,-9.81261603,6.80687176,-4.30363304,-3.05035373
567,-2.50589978,0.797725283,106.38454,0.134141127,-1.02282851,-0.554309284,0.0801457532,-0.443968166,1.37452819,14.1119648,0,13.109737,15.897279,-18.9130687,59.0081148,4.03915574,-9.23398802,-10.7314242,-0.507495755,-15.4106263,34.5804077,73.4653849,7.06571416,-8.06009877,12.3267762,-1.8251973,-0.39964416,3.30345856,8.35579815,-5.39821568,0.430644148,-1.95012722,2.38476909,-9.81129866,6.80545919,-4.30579394,-3.04838813
568,-2.50028279,0.794675015,106.384575,0.143793766,-1.02089538,-0.544375354,0.0769424412,-0.459956892,1.37316343,14.1019057,0,13.1047074,15.9030009,-18.9095392,59.0148971,4.03287196,-9.24083101,-10.7514827,-0.515805001,-15.4040078,34.5915614,73.4744213,7.07474794,-8.0876381,12.3039574,-1.82305732,-0.409293296,3.29643072,8.35646836,-5.40298998,0.422882198,-1.94914304,2.37586807,-9.82470461,6.81458304,-4.33864459,-3.06294028
569,-2.49296129,0.794946961,106.380224,0.129790029,-1.01923592,-0.542806537,0.076085099,-0.447645742,1.36618319,14.104613,0,13.1084606,15.8952333,-18.909587,59.0217273,4.03975637,-9.23601488,-10.7225671,-0.515834883,-15.4020937,34.6195788,73.4768528,7.1154691,-8.09013453,12.2826447,-1.81744376,-0.393872197,3.29986204,8.35426051,-5.42339047,0.444726584,-1.94988411,2.38846443,-9.81597904,6.81762034,-4.33326197,-3.01727
570,-2.48448718,0.792748015,106.373715,0.116524084,-1.01815529,-0.540898199,0.0803666872,-0.439462082,1.36928239,14.0981431,0,13.0968476,15.894844,-18.9183433,59.0283663,4.04610289,-9.22697,-10.7003238,-0.523568898,-15.3959653,34.615368,73.4746398,7.09780708,-8.06795605,12.2560103,-1.81478382,-0.379204739,3.30642158,8.35297728,-5.43777912,0.467466044,-1.9494489,2.40224797,-9.81231806,6.822667,-4.32345681,-2.99004957
571,-2.47555934,0.7927984,106.374419,0.105468147,-1.01832409,-0.535138155,0.0724678469,-0.43913514,1.36097581,14.0926371,0,13.1049431,15.8999837,-18.9195284,59.036221,4.04129999,-9.22305118,-10.6840551,-0.540084562,-15.3859949,34.657138,73.4942903,7.12929895,-8.0496298,12.265319,-1.80213623,-0.365173343,3.29589647,8.33738311,-5.43122513,0.45821434,-1.95948181,2.41657834,-9.83501222,6.8527083,-4.3257556,-2.99777771
572,-2.46889051,0.78993449,106.377137,0.110273954,-1.0156386,-0.530204499,0.0701677006,-0.449583488,1.35143169,14.0885279,0,13.1145677,15.9001135,-18.9122064,59.0378398,4.03407621,-9.21721478,-10.6880883,-0.545408961,-15.3782478,34.6476475,73.5015371,7.1171267,-8.03900373,12.2924972,-1.80540939,-0.369043125,3.29336183,8.34682243,-5.4396237,0.455899599,-1.95239293,2.41154343,-9.82692613,6.8452873,-4.3289978,-3.01037023
573,-2.46002506,0.784287695,106.37958,0.122988169,-1.01321669,-0.528468423,0.0763805047,-0.472319374,1.34800411,14.0732249,0,13.1275305,15.9105176,-18.9111238,59.0238447,4.04272664,-9.20476164,-10.6821213,-0.544883304,-15.3739242,34.6434981,73.4950416,7.08988363,-8.03624861,12.2689561,-1.80732953,-0.380188606,3.29892182,8.35679194,-5.4437645,0.444462181,-1.94561716,2.39889178,-9.81632312,6.83956531,-4.34586623,-2.99817087
574,-2.45089028,0.777641311,106.379211,0.129871777,-1.01249553,-0.5299417,0.078971601,-0.488694005,1.34256909,14.0678367,0,13.1482499,15.9184235,-18.9012747,59.0059769,4.06078396,-9.20684655,-10.6932861,-0.55618081,-15.3589337,34.6560657,73.5143301,7.13073969,-8.02060833,12.2769406,-1.80874039,-0.384467293,3.30178708,8.3681514,-5.44716508,0.439741506,-1.94308957,2.39252327,-9.8027447,6.84200198,-4.35164756,-2.9925714
575,-2.44154371,0.776181044,106.378663,0.118810803,-1.01074786,-0.524250462,0.0775344598,-0.483130656,1.34060285,14.0632468,0,13.1572103,15.9298999,-18.9231757,58.9903768,4.06000105,-9.21505644,-10.6930906,-0.547182729,-15.354086,34.6220786,73.4941947,7.10256815,-8.00124303,12.2548688,-1.80189953,-0.372781239,3.30715775,8.36105911,-5.45272486,0.456886081,-1.94479776,2.40412328,-9.81244954,6.85459642,-4.33933487,-2.96396144
576,-2.43291147,0.774437701,106.373966,0.127790442,-1.00751092,-0.525299721,0.0693687419,-0.492148907,1.32603939,14.0605403,0,13.1683503,15.9205135,-18.9145304,58.996401,4.06960173,-9.23532759,-10.7204532,-0.537576922,-15.3601136,34.6181308,73.4883002,7.13454197,-8.02002008,12.2731524,-1.79891729,-0.381601308,3.29905928,8.36228427,-5.45731645,0.445551943,-1.94133229,2.3970455,-9.8189664,6.85446964,-4.36694633,-2.98428382
577,-2.42523812,0.772205275,106.374037,0.126664515,-1.00482708,-0.531733222,0.081407684,-0.495658877,1.31913066,14.0485055,0,13.1774737,15.918111,-18.9102752,58.9938465,4.06937207,-9.23890405,-10.7268249,-0.53234473,-15.3585614,34.610481,73.4778432,7.12809257,-8.02714994,12.2621746,-1.79664092,-0.377543482,3.30444296,8.36728141,-5.46994462,0.444450548,-1.93888559,2.40134382,-9.81036378,6.85514839,-4.37427171,-3.01748579
578,-2.4153566,0.773284025,106.376445,0.110554128,-1.00342255,-0.524910197,0.0796987494,-0.488315837,1.31041448,14.0501141,0,13.1877788,15.9195864,-18.9006702,58.9940787,4.11552323,-9.24052109,-10.7177945,-0.526277388,-15.3544736,34.6177688,73.4727342,7.13388115,-8.03730985,12.2503276,-1.78616437,-0.35710873,3.29385915,8.35558727,-5.46984302,0.437119887,-1.94298028,2.4203612,-9.82474132,6.8723071,-4.36143907,-3.01327242
579,-2.41093021,0.766763743,106.371212,0.124273297,-1.00148683,-0.528246206,0.0820987071,-0.508498993,1.31151713,14.0648989,0,13.1890492,15.922496,-18.9094658,58.987433,4.11325731,-9.23233084,-10.7210056,-0.552849599,-15.3454868,34.6438021,73.4859984,7.14103791,-8.02246443,12.2657263,-1.79306404,-0.369293201,3.29466853,8.36823507,-5.47689903,0.4331639,-1.93710184,2.40770913,-9.8125187,6.85932249,-4.37289201,-3.04257799
580,-2.40008924,0.767326308,106.372464,0.12552099,-0.998599932,-0.538106493,0.0851289232,-0.506923407,1.30222871,14.06136,0,13.2085383,15.9101487,-18.8939527,58.9792299,4.13476003,-9.23390008,-10.7115987,-0.53436684,-15.3526311,34.6358859,73.4646404,7.09878977,-8.01740924,12.2244173,-1.78543237,-0.371985469,3.29850603,8.3619052,-5.47117832,0.442437536,-1.93718209,2.4060415,-9.81609174,6.8665817,-4.37701531,-3.00674511
581,-2.39448603,0.762062613,106.378317,0.134308354,-0.996684873,-0.547634634,0.0920511665,-0.525471266,1.29806699,14.054826,0,13.2199208,15.9138046,-18.8925013,58.9734857,4.11371493,-9.2311441,-10.6986248,-0.540492933,-15.3456507,34.6533541,73.4678438,7.1297412,-8.03215391,12.2176349,-1.7854186,-0.377023481,3.30445534,8.37099191,-5.46624265,0.413984569,-1.93443252,2.40108854,-9.81044659,6.86619579,-4.38455072,-3.05055352
582,-2.38750987,0.761492457,106.379282,0.138302414,-0.993441106,-0.550062322,0.094181225,-0.529370397,1.28992445,14.0536666,0,13.2272231,15.9002945,-18.8717307,58.9848238,4.12656636,-9.24353321,-10.6926407,-0.536521978,-15.3489514,34.6495189,73.4699885,7.09802607,-8.0495854,12.1980442,-1.78266166,-0.380441457,3.31084626,8.37348066,-5.48025521,0.414139155,-1.93193416,2.39705147,-9.80371544,6.86483146,-4.39850693,-3.04799091
583,-2.3803927,0.761081045,106.383812,0.140531834,-0.991814295,-0.552552409,0.101090735,-0.534324418,1.28786781,14.0581284,0,13.2277738,15.8940192,-18.8611576,58.992057,4.11950352,-9.25808578,-10.6883684,-0.538433311,-15.3535208,34.6574146,73.4697836,7.12227623,-8.05406857,12.2450957,-1.78131568,-0.380734088,3.31152352,8.37710493,-5.47699551,0.407846123,-1.9301914,2.39463743,-9.80229561,6.86586624,-4.39197385,-3.04032936
584,-2.37334985,0.757247163,106.378198,0.141544838,-0.987350888,-0.549637212,0.103814573,-0.539396794,1.28059964,14.0610731,0,13.2184924,15.8880872,-18.8878602,59.0097608,4.11574905,-9.25113265,-10.6554255,-0.536201226,-15.3490777,34.6597096,73.4646678,7.09053933,-8.0638938,12.2305337,-1.78080811,-0.379545875,3.30838376,8.37116266,-5.4865804,0.403706548,-1.92677353,2.39643313,-9.79621845,6.85593813,-4.4000053,-3.05753888
585,-2.36606095,0.756333303,106.377041,0.135837171,-0.984156273,-0.548556932,0.110018993,-0.529884955,1.27635233,14.0547552,0,13.2091624,15.8802598,-18.9000043,59.0240086,4.1320604,-9.266247,-10.651937,-0.529508388,-15.3541799,34.6500961,73.4517724,7.0608438,-8.03751646,12.2219593,-1.7730027,-0.372696956,3.30474327,8.35741605,-5.48875923,0.408130323,-1.92895599,2.40308765,-9.8047357,6.86489165,-4.39633792,-3.03061982
586,-2.36059427,0.752043584,106.379616,0.141801759,-0.980101487,-0.554544866,0.124048442,-0.536070332,1.27626514,14.0480889,0,13.1903358,15.8791089,-18.9324596,59.043823,4.11578491,-9.27828009,-10.6466052,-0.523617937,-15.3559455,34.6403767,73.4407689,7.05894373,-8.05478745,12.2390518,-1.77697553,-0.376947308,3.31594094,8.36555081,-5.49211157,0.409682324,-1.92186625,2.39965805,-9.79000042,6.84562796,-4.40832575,-3.05907588
587,-2.35328376,0.752963638,106.379533,0.13116399,-0.977286026,-0.549450748,0.122320951,-0.529714948,1.26906612,14.0448531,0,13.1889442,15.8743773,-18.9342474,59.0580366,4.11945059,-9.30202097,-10.6573849,-0.510136957,-15.3585871,34.6254084,73.4277643,7.06786396,-8.08052531,12.262914,-1.7681205,-0.363987718,3.31185158,8.35198435,-5.50729593,0.404463979,-1.92327562,2.41357498,-9.80552288,6.85586172,-4.41410794,-3.052857
588,-2.34518573,0.753502408,106.379545,0.127146851,-0.975418817,-0.55170106,0.123958248,-0.526439872,1.26782356,14.0474622,0,13.1845609,15.8730437,-18.9414635,59.0662943,4.11483978,-9.32047016,-10.6785278,-0.507164704,-15.3551498,34.6056725,73.4203877,7.07261009,-8.10250742,12.2620465,-1.76506154,-0.358076109,3.3110168,8.35190068,-5.50787565,0.393234401,-1.92259409,2.41739284,-9.79892833,6.85720684,-4.41279526,-3.03899854
589,-2.34047193,0.747814076,106.375873,0.126294257,-0.972387639,-0.552533612,0.129294507,-0.527906602,1.26510407,14.0377301,0,13.1802246,15.880171,-18.9726365,59.0687942,4.08850385,-9.33332885,-10.6871236,-0.510876645,-15.3522042,34.6110035,73.4236525,7.06496582,-8.08816146,12.2740898,-1.76554798,-0.355608837,3.31162234,8.35280055,-5.51396391,0.408678126,-1.92003384,2.42143653,-9.80191995,6.85052947,-4.41369044,-3.04508766
590,-2.33418588,0.745018758,106.374121,0.123733191,-0.970241235,-0.549233867,0.12473062,-0.521482382,1.27059021,14.0343414,0,13.1897749,15.8751167,-18.9612677,59.053638,4.09984752,-9.33731853,-10.6972544,-0.502668679,-15.356369,34.6034834,73.4120958,7.03799682,-8.07971166,12.270066,-1.75815483,-0.352852562,3.3087082,8.34217534,-5.5184808,0.424486492,-1.92126327,2.42654444,-9.81385656,6.85841578,-4.42492994,-3.02482377
591,-2.32573748,0.741390977,106.381083,0.119576724,-0.967902556,-0.547783498,0.12237051,-0.52426483,1.26346056,14.0276342,0,13.2018421,15.8706429,-18.9478037,59.0536175,4.10744696,-9.34202539,-10.710067,-0.505370659,-15.3507392,34.5971553,73.4185572,6.99960604,-8.08551732,12.2763549,-1.75587077,-0.345903511,3.31010796,8.34331257,-5.5197367,0.430478862,-1.91874507,2.43256953,-9.8152337,6.86258433,-4.41941072,-3.02680815
592,-2.31969822,0.737983966,106.385159,0.131528059,-0.965944303,-0.544500648,0.112231974,-0.53671888,1.26874969,14.0341126,0,13.2077152,15.858463,-18.9218745,59.0535902,4.12715845,-9.34136969,-10.6987221,-0.509274753,-15.3593452,34.6167306,73.4125944,7.00259809,-8.07005121,12.3061175,-1.75558092,-0.358041478,3.30635413,8.34573984,-5.51573805,0.408985591,-1.91790559,2.42174816,-9.81826972,6.86572622,-4.43913332,-3.04016522
593,-2.31135637,0.736872107,106.387448,0.126378857,-0.964952478,-0.541486414,0.109570388,-0.536628486,1.26432789,14.0245871,0,13.2201163,15.8499748,-18.9101147,59.0478733,4.13591945,-9.33853431,-10.6926099,-0.509662099,-15.355913,34.6247424,73.4259338,7.00173321,-8.06451961,12.308053,-1.75215387,-0.348658239,3.30465939,8.3438069,-5.50914606,0.385934636,-1.91849491,2.43026796,-9.82847402,6.87351007,-4.4331505,-3.07291876
594,-2.30747405,0.733155804,106.378758,0.12685613,-0.963715571,-0.538884487,0.109971302,-0.538074939,1.26951894,14.0276453,0,13.2185582,15.8529869,-18.9269511,59.0437957,4.10536204,-9.33648269,-10.6763951,-0.521689102,-15.3521086,34.6420365,73.4453178,7.00307577,-8.05314222,12.2772403,-1.75388276,-0.347724744,3.30168911,8.34524551,-5.5174076,0.38367934,-1.91580125,2.43174649,-9.82404635,6.86909564,-4.44145729,-3.0522807
595,-2.30067205,0.731144287,106.373322,0.129481339,-0.960831037,-0.534096142,0.109905414,-0.542742573,1.26640202,14.0177108,0,13.2227126,15.8476969,-18.9126504,59.0449022,4.10410016,-9.34725219,-10.6928541,-0.512312639,-15.3546665,34.6376412,73.4378798,7.01430716,-8.03844793,12.2682167,-1.75115229,-0.349135205,3.29545763,8.34417659,-5.52816942,0.383610931,-1.91255948,2.43078471,-9.82791395,6.87021621,-4.45082917,-3.06696987
596,-2.29390077,0.730307167,106.373906,0.121017554,-0.958543874,-0.527922193,0.121565881,-0.535002848,1.26261244,13.9986059,0,13.2210734,15.8433051,-18.9298181,59.0497038,4.08758519,-9.35298357,-10.6793406,-0.505240032,-15.3543267,34.5944471,73.4428112,6.97304343,-8.05423164,12.2679931,-1.74799034,-0.337383677,3.293825,8.34246562,-5.53714941,0.370931859,-1.91119045,2.44135165,-9.83034379,6.87209878,-4.44932439,-3.07989067
597,-2.28566341,0.729815243,106.378007,0.116252373,-0.958133025,-0.516842064,0.111783436,-0.528881718,1.26527184,14.0032137,0,13.226278,15.8334935,-18.9097732,59.0452573,4.07794353,-9.35109673,-10.6958696,-0.515357783,-15.3581704,34.6156617,73.4630558,6.97655073,-8.07423043,12.2485765,-1.74359639,-0.33097616,3.27914351,8.33597011,-5.52669154,0.370730475,-1.91255691,2.44571721,-9.84667392,6.88633717,-4.44040843,-3.0336076
598,-2.27898303,0.723528396,106.372726,0.125199951,-0.957147714,-0.52600992,0.12174999,-0.538847177,1.26570086,13.9971613,0,13.2329349,15.8392292,-18.9196547,59.0306202,4.07226593,-9.3426606,-10.7265491,-0.513386313,-15.3480754,34.5922307,73.4747491,6.96303806,-8.04609176,12.2539954,-1.74711885,-0.338118056,3.29334732,8.35051756,-5.54109427,0.380692306,-1.90670963,2.43818842,-9.83106949,6.87789121,-4.44779784,-3.03125674
599,-2.27368958,0.721811643,106.375217,0.119785773,-0.956918978,-0.530631469,0.1293833,-0.532421143,1.26862877,14.0055872,0,13.2336802,15.8301672,-18.9189376,59.0264607,4.06726922,-9.34332569,-10.7364435,-0.512135268,-15.3452904,34.5963903,73.4829385,6.95963662,-8.04998155,12.2271075,-1.74531482,-0.329505081,3.29135397,8.35193056,-5.53758996,0.369132158,-1.90739969,2.44536012,-9.83314416,6.8816444,-4.43084916,-3.02513753
600,-2.26860866,0.717972778,106.374681,0.132130962,-0.954760998,-0.532116641,0.12876937,-0.544577759,1.27012469,14.0066169,0,13.2316038,15.8238613,-18.9168185,59.0287556,4.05492024,-9.33928819,-10.7510601,-0.510847404,-15.341807,34.5773716,73.4828156,6.92803803,-8.06548523,12.2261522,-1.74560351,-0.342561361,3.29416203,8.35601843,-5.53720234,0.36538209,-1.90496665,2.43509862,-9.83377596,6.8791151,-4.45726662,-3.06473811
601,-2.26108301,0.714950357,106.373143,0.13917936,-0.952361255,-0.539537381,0.137291725,-0.550587045,1.26556084,14.0313131,0,13.238773,15.8183544,-18.9154764,59.0248556,4.06674586,-9.32701946,-10.7450692,-0.510450506,-15.3496071,34.5920429,73.4873167,6.91923605,-8.08333251,12.2332513,-1.74429392,-0.348068575,3.30037217,8.36127511,-5.54855583,0.364841518,-1.90265271,2.42694871,-9.82119475,6.87529403,-4.46729846,-3.06388028
602,-2.25514267,0.712897722,106.373715,0.13431171,-0.951239038,-0.548229306,0.144733896,-0.544205781,1.26585966,14.056788,0,13.2454059,15.8197956,-18.9241592,59.0165979,4.06068321,-9.32875006,-10.7419247,-0.505348461,-15.3493031,34.5773682,73.4841816,6.93219207,-8.05174801,12.2676302,-1.74233217,-0.341572611,3.31046036,8.36702271,-5.55899833,0.386088849,-1.90226275,2.43255992,-9.80828996,6.87838683,-4.45625831,-3.04665647
603,-2.25063954,0.708838506,106.372297,0.12699412,-0.951421314,-0.544994899,0.135386235,-0.531871046,1.27053215,14.0788598,0,13.2534066,15.8124958,-18.9147285,58.9989282,4.05896627,-9.30430823,-10.7277145,-0.49720901,-15.3548253,34.5862133,73.4707535,6.90102079,-8.03294706,12.2497915,-1.73696054,-0.33164984,3.30625061,8.3649267,-5.56506567,0.407012947,-1.90669256,2.44265579,-9.81644691,6.8976343,-4.45964566,-3.02654796
604,-2.24408042,0.708505977,106.372917,0.124674435,-0.949666841,-0.548026331,0.138750024,-0.5258346,1.27208421,14.0939536,0,13.2517478,15.8040981,-18.9174742,58.9982861,4.06744168,-9.29275326,-10.7096265,-0.499847758,-15.3588722,34.5872071,73.4665119,6.91731293,-8.03246041,12.2397374,-1.73416774,-0.329327149,3.3096625,8.36359652,-5.56966239,0.417205323,-1.90539397,2.44629138,-9.82025816,6.89739439,-4.45652682,-3.02529398
605,-2.23573428,0.705490401,106.371093,0.12824862,-0.945546097,-0.555777404,0.153474978,-0.53239537,1.2693421,14.0994229,0,13.2473824,15.8048392,-18.9163455,59.0019334,4.07281619,-9.28615871,-10.7159973,-0.49808146,-15.3569085,34.5819376,73.4677072,6.93676573,-8.02708676,12.263655,-1.7326667,-0.329230379,3.31395229,8.36471496,-5.58319001,0.39595255,-1.90148432,2.44447262,-9.8060471,6.88741121,-4.47612691,-3.04581763
606,-2.23033838,0.702014286,106.377959,0.134112563,-0.944607972,-0.552408493,0.154557136,-0.535763133,1.27075904,14.100987,0,13.2441193,15.8003842,-18.9196855,59.0064072,4.06000873,-9.28308598,-10.7064513,-0.487728974,-15.3586554,34.5750221,73.4672701,6.94014412,-8.03489623,12.2381665,-1.7293991,-0.332818523,3.31034958,8.36132548,-5.56504518,0.374389989,-1.90342047,2.43990003,-9.81078639,6.89840227,-4.47009926,-3.04111419
607,-2.22572293,0.697758468,106.380415,0.140422509,-0.942733766,-0.562613267,0.165169796,-0.540039846,1.27984522,14.1059415,0,13.2429163,15.7973396,-18.8932629,59.0051846,4.08614103,-9.28190009,-10.7208177,-0.495524408,-15.3560753,34.5728091,73.4734104,6.92580968,-8.03131892,12.2134284,-1.73348024,-0.337826279,3.32089518,8.3759105,-5.56946218,0.379701955,-1.89880241,2.4354636,-9.79705515,6.89112726,-4.47152848,-3.05597028
608,-2.21871976,0.693360204,106.381822,0.145622534,-0.940016748,-0.56893583,0.178940057,-0.547226645,1.27510475,14.1144135,0,13.249323,15.7991547,-18.9034979,58.9954584,4.07550771,-9.26024583,-10.7055258,-0.480141274,-15.3537069,34.5668053,73.4614508,6.97528373,-7.99239452,12.2563587,-1.73185305,-0.340896849,3.32530748,8.37819947,-5.56678304,0.384058469,-1.89648911,2.43226409,-9.79060318,6.88868761,-4.48167601,-3.06752141
609,-2.21404321,0.692793448,106.381965,0.138736156,-0.93790425,-0.560909759,0.175316348,-0.537497361,1.28114648,14.1004893,0,13.24126,15.7942268,-18.9026339,59.0014212,4.07211396,-9.2586561,-10.6970291,-0.496042649,-15.3495473,34.5756914,73.4815793,6.95746804,-8.01718043,12.2400687,-1.7285592,-0.331727374,3.31644403,8.3724954,-5.57173023,0.380189887,-1.89632155,2.44098005,-9.80203351,6.8944207,-4.48193171,-3.04474593
610,-2.20725387,0.689765112,106.378794,0.138199377,-0.934211134,-0.553452392,0.174451569,-0.536419045,1.28034383,14.0881838,0,13.2377749,15.7943719,-18.8994374,59.0046519,4.08483604,-9.26578938,-10.7067288,-0.496088005,-15.3503942,34.593204,73.4857252,6.97173801,-8.04667489,12.2422834,-1.72202836,-0.329247535,3.30590675,8.35912019,-5.5781536,0.379634667,-1.89606564,2.44498852,-9.8149622,6.89650049,-4.4979643,-3.03749718
611,-2.2000147,0.684259087,106.378067,0.138701532,-0.932274129,-0.555232185,0.180829138,-0.543699867,1.28406009,14.0813349,0,13.2430709,15.8016734,-18.8933653,58.9969542,4.06188917,-9.25883454,-10.7049589,-0.494297909,-15.3383031,34.5949764,73.4808143,6.98879982,-8.03194217,12.2670488,-1.72343175,-0.325821955,3.30842112,8.3662287,-5.58084341,0.373631491,-1.89158653,2.44569886,-9.80146062,6.88989868,-4.49377526,-3.04243391
612,-2.19635889,0.683669792,106.377363,0.139350423,-0.93100812,-0.556634457,0.184084484,-0.542056619,1.29128013,14.0807756,0,13.2369416,15.7981507,-18.8908382,59.0023706,4.0708508,-9.25807468,-10.7010051,-0.497721434,-15.3372871,34.6060482,73.4904722,6.988358,-8.03866735,12.2822109,-1.72243305,-0.324801002,3.30818569,8.36598453,-5.58111918,0.370683064,-1.89057118,2.44721559,-9.80204034,6.89074136,-4.49812951,-3.06231916
613,-2.19276119,0.679326197,106.380606,0.143712441,-0.930318725,-0.554022744,0.181378795,-0.547168482,1.30047912,14.0752193,0,13.2369194,15.8007308,-18.8892621,59.0034361,4.09554066,-9.25439321,-10.7007233,-0.508276158,-15.329931,34.6013456,73.4986685,6.96985587,-8.04072238,12.2956417,-1.72279633,-0.327629607,3.30282506,8.3690214,-5.57225829,0.356200235,-1.89022326,2.44519556,-9.80688379,6.89066964,-4.49988529,-3.08434438
614,-2.18845345,0.675719697,106.379318,0.145660831,-0.928743408,-0.551626738,0.184270993,-0.553671142,1.30975366,14.0643823,0,13.2237372,15.8113398,-18.9113595,59.013012,4.07345054,-9.24450822,-10.70222,-0.520091638,-15.3209117,34.598576,73.5124996,6.96565872,-8.06452047,12.299645,-1.72172911,-0.327461654,3.29972095,8.36703211,-5.58130189,0.351796577,-1.8890617,2.44596246,-9.81259042,6.89215692,-4.50945652,-3.08843161
615,-2.18248516,0.671462016,106.378424,0.14519309,-0.926182978,-0.549534717,0.18876898,-0.553855291,1.3098893,14.0543061,0,13.2209231,15.8102897,-18.9307196,59.0190499,4.07904959,-9.2465641,-10.6799416,-0.521447804,-15.3173293,34.6167545,73.5198625,6.99732305,-8.07030308,12.2963067,-1.72403804,-0.323863638,3.30343593,8.37577048,-5.59531359,0.33331011,-1.88172096,2.44846978,-9.80356176,6.87771875,-4.50555563,-3.09238351
616,-2.17915531,0.670032576,106.37697,0.144164298,-0.924627316,-0.542255262,0.184776054,-0.547864948,1.31746057,14.0534677,0,13.2102006,15.814632,-18.9506928,59.0262011,4.0549783,-9.24995102,-10.7039497,-0.530193274,-15.3195406,34.6250668,73.5337073,7.02305962,-8.07334336,12.2925561,-1.72222409,-0.322023916,3.29750157,8.3696105,-5.58954678,0.337004308,-1.88127806,2.45045694,-9.8107659,6.87862674,-4.50059478,-3.10629234
617,-2.17055287,0.668738643,106.380403,0.137048045,-0.922897673,-0.53335238,0.181636021,-0.543720144,1.31672739,14.0499783,0,13.2144285,15.8162149,-18.9504743,59.026406,4.05915496,-9.24602196,-10.6958969,-0.530195089,-15.3063344,34.6174273,73.546794,7.04534098,-8.05373389,12.3124046,-1.71562079,-0.311699738,3.28324355,8.3603906,-5.57933308,0.324218381,-1.88176109,2.46078034,-9.8338989,6.89280237,-4.49416416,-3.09986898
618,-2.16398686,0.665370468,106.377661,0.139205618,-0.919093113,-0.523191208,0.183133086,-0.545271664,1.31408645,14.037123,0,13.2097933,15.8180197,-18.9635814,59.0334684,4.04810499,-9.24902639,-10.7131065,-0.545045307,-15.2983482,34.6505059,73.5835267,7.05586673,-8.07183048,12.2638241,-1.7123995,-0.312982026,3.27730448,8.34915238,-5.58175866,0.317750192,-1.88163409,2.46255512,-9.8479819,6.89610263,-4.51306329,-3.12352043
619,-2.16023233,0.662977388,106.377614,0.137123108,-0.916890267,-0.524396625,0.197346123,-0.543019249,1.32247905,14.0446712,0,13.2023937,15.824254,-18.9680535,59.029705,4.03813889,-9.24728554,-10.7202987,-0.55552159,-15.2949297,34.6587602,73.589148,7.0800409,-8.07449596,12.265243,-1.71382979,-0.308286805,3.28133365,8.35363469,-5.58407793,0.307678144,-1.87894854,2.46717447,-9.84221722,6.88932153,-4.50167907,-3.13521029
620,-2.15557236,0.65928176,106.379163,0.133428197,-0.913984475,-0.51671,0.198336621,-0.545774323,1.32273006,14.0505939,0,13.2136592,15.8301245,-18.9641551,59.0168574,4.0229985,-9.24181285,-10.7132866,-0.574311654,-15.2863305,34.7012405,73.6107245,7.11579993,-8.06801325,12.2783152,-1.71300408,-0.301794203,3.27950594,8.34835068,-5.58159857,0.316476548,-1.87591871,2.47258995,-9.84606432,6.88483367,-4.4876648,-3.12629711
621,-2.15131175,0.655740499,106.381238,0.141215524,-0.913241132,-0.517827903,0.205889036,-0.552904294,1.32786882,14.0512231,0,13.2162308,15.831202,-18.9546936,59.0210102,4.01930849,-9.26801602,-10.711317,-0.574977331,-15.2835369,34.7071213,73.6066264,7.11708401,-8.04966651,12.2688195,-1.71279288,-0.307269347,3.27457732,8.35086163,-5.5673397,0.312613116,-1.87528372,2.46571579,-9.84285584,6.88224887,-4.48505354,-3.13677996
622,-2.14671902,0.653267326,106.377518,0.14120595,-0.911130389,-0.516900422,0.207887039,-0.552270847,1.33787536,14.0564806,0,13.2247267,15.8306931,-18.9449674,59.0044538,4.01490728,-9.25861853,-10.7014755,-0.578242748,-15.2794252,34.7227215,73.5929387,7.14861857,-8.05987338,12.2530486,-1.70855069,-0.305636905,3.2776763,8.34321182,-5.56854822,0.318253465,-1.87560538,2.46980067,-9.85446716,6.88767204,-4.48687592,-3.12061077
623,-2.14458536,0.647973502,106.368876,0.147443088,-0.907666309,-0.523542928,0.225006975,-0.558946663,1.34357099,14.0624024,0,13.2216215,15.8264516,-18.9490894,59.003197,4.00003497,-9.24738885,-10.6820086,-0.580826747,-15.2790444,34.7110965,73.5754603,7.12666805,-8.06567818,12.247698,-1.71102685,-0.312273714,3.28728595,8.3453232,-5.58671012,0.330913621,-1.87045968,2.46497984,-9.83902923,6.8667866,-4.50141696,-3.12009658
624,-2.13984903,0.645861728,106.373227,0.141020089,-0.906684776,-0.52568938,0.234279037,-0.550798354,1.34957622,14.0634577,0,13.2223976,15.8249302,-18.9585219,58.9940446,3.98656541,-9.22364284,-10.6624777,-0.575661417,-15.2755029,34.6971288,73.5592864,7.14454991,-8.06303063,12.2529333,-1.70846979,-0.302923132,3.29174222,8.34480326,-5.58916215,0.327744413,-1.87037089,2.47258376,-9.83607858,6.86843567,-4.49148501,-3.09782504
625,-2.13862136,0.640104292,106.375718,0.152267789,-0.905767051,-0.527775574,0.235155089,-0.559423709,1.35739562,14.0565088,0,13.2169727,15.8306368,-18.9615238,58.9997956,3.99731016,-9.23008542,-10.6650493,-0.583247196,-15.2689886,34.6959984,73.5682817,7.10484474,-8.0944384,12.1861358,-1.70932698,-0.315041675,3.29485401,8.34861365,-5.59525084,0.347419306,-1.86833357,2.45971099,-9.83966529,6.86585215,-4.49755663,-3.06600725
626,-2.13608164,0.635291822,106.378937,0.161332207,-0.904522515,-0.528465035,0.244530537,-0.563291464,1.36563208,14.0461269,0,13.2094561,15.8375336,-18.9805442,59.0045631,3.99798677,-9.22956718,-10.6786567,-0.590308117,-15.2731841,34.7146823,73.5606524,7.10728866,-8.06071861,12.1676798,-1.71038726,-0.324520403,3.29411294,8.35189299,-5.59160693,0.347930023,-1.86630821,2.45258326,-9.84108426,6.86702267,-4.51505173,-3.06380728
627,-2.130243,0.63553676,106.379199,0.148535333,-0.90246666,-0.530687493,0.254498772,-0.55026752,1.36741102,14.0422875,0,13.2116178,15.8383208,-18.9839405,59.000021,3.9926033,-9.21965913,-10.6708933,-0.594238624,-15.2648581,34.6996867,73.5692106,7.0891622,-8.05978117,12.1570528,-1.70613643,-0.308472661,3.29665889,8.34589609,-5.60367844,0.361021468,-1.86692741,2.46948691,-9.83970798,6.86731765,-4.50864373,-3.0848575
628,-2.12531053,0.633377815,106.374931,0.149106785,-0.900108958,-0.526682565,0.25901406,-0.547789709,1.36491117,14.0398167,0,13.2111628,15.8384813,-18.9965814,59.0063048,3.98254542,-9.21881475,-10.6753765,-0.594835305,-15.2639462,34.6842129,73.5811635,7.0938635,-8.07224285,12.1835608,-1.70290981,-0.308127496,3.29298468,8.34079223,-5.60756183,0.345558213,-1.86586937,2.46957186,-9.84353117,6.86502442,-4.51490146,-3.07609906
629,-2.12141778,0.633862382,106.373084,0.145995682,-0.898254257,-0.518987184,0.257089841,-0.54290431,1.36917268,14.042775,0,13.2110535,15.8369769,-18.9949576,59.0038049,3.9575115,-9.22802868,-10.6684114,-0.604476971,-15.2594725,34.6731241,73.5910604,7.08297191,-8.07441058,12.1778499,-1.7004996,-0.303214509,3.28261111,8.33634833,-5.60720837,0.341577414,-1.86482008,2.47305889,-9.84766258,6.86639899,-4.51454032,-3.06465956
630,-2.11648848,0.628286181,106.375003,0.151161465,-0.896282288,-0.515858911,0.263817311,-0.552425433,1.37023157,14.0480095,0,13.2138368,15.8479786,-19.0019534,59.0055261,3.92662282,-9.24733677,-10.6665818,-0.615240335,-15.2444768,34.6468961,73.6162911,7.0594116,-8.05946613,12.1957758,-1.70348781,-0.305439656,3.28144891,8.34410316,-5.60485366,0.341669674,-1.86034183,2.46882396,-9.83802177,6.86301719,-4.51943073,-3.06772696
631,-2.10984088,0.62430026,106.379795,0.157395893,-0.894278643,-0.507730055,0.263178608,-0.556793606,1.37375147,14.0438704,0,13.2173842,15.8433478,-18.9893073,59.0075137,3.937149,-9.25527942,-10.6611065,-0.621711139,-15.2421101,34.6270305,73.6224178,7.05481872,-8.042774,12.2374519,-1.70088871,-0.310927073,3.27115667,8.33638675,-5.59314415,0.33866866,-1.86132089,2.46394677,-9.84713837,6.87033062,-4.52434847,-3.07782731
632,-2.10440382,0.62212944,106.378901,0.158679482,-0.891406049,-0.496934363,0.26514725,-0.555007085,1.37596071,14.0513631,0,13.2157586,15.8432539,-19.0050458,59.0041737,3.8979245,-9.24596646,-10.655475,-0.619511605,-15.2437169,34.6144425,73.6177323,7.00704838,-8.03472803,12.2212174,-1.69974209,-0.31021033,3.25756801,8.33164575,-5.5967855,0.324222677,-1.8590125,2.46619134,-9.85967603,6.86982134,-4.53967456,-3.10679308
633,-2.1022059,0.620668149,106.378591,0.158055035,-0.890066887,-0.487749796,0.26071299,-0.553383954,1.38321992,14.0516312,0,13.2078903,15.8386674,-19.0048255,59.0132716,3.87018966,-9.25719273,-10.6539169,-0.635231765,-15.23786,34.6215151,73.6267686,7.03995666,-8.04419553,12.2256954,-1.70138422,-0.30816186,3.25590166,8.33163892,-5.59225879,0.306780721,-1.85829128,2.46753988,-9.85944637,6.87086593,-4.54211934,-3.11152747
634,-2.09612865,0.61773248,106.381345,0.165086001,-0.887289849,-0.48515271,0.258913101,-0.560932807,1.37854647,14.0605472,0,13.228783,15.837105,-18.9810394,59.0023842,3.8678055,-9.26914727,-10.6568889,-0.632387632,-15.2302529,34.5788879,73.6353747,7.01719207,-8.05019158,12.2630352,-1.70337864,-0.313949165,3.25220226,8.33712442,-5.58479724,0.295944439,-1.85049739,2.46087959,-9.86079704,6.85792486,-4.53089947,-3.12188993
635,-2.09423937,0.612694537,106.378937,0.176553006,-0.885817106,-0.478520866,0.256454153,-0.568937469,1.38326571,14.0771437,0,13.2351145,15.8325339,-18.9711578,58.9974938,3.87803798,-9.2745047,-10.6464489,-0.627372565,-15.2341376,34.5720714,73.6173498,7.03022962,-8.05408821,12.262061,-1.70396913,-0.325910667,3.24952205,8.33886953,-5.58354945,0.302924893,-1.84768719,2.44884266,-9.86682895,6.85519108,-4.54206043,-3.09008729
636,-2.09143627,0.614315504,106.373,0.148269658,-0.883646453,-0.466805476,0.246041823,-0.539955055,1.38337371,14.086624,0,13.2409928,15.8241857,-18.9522484,58.9926922,3.90142198,-9.26908238,-10.6432311,-0.625865175,-15.2325906,34.5636634,73.6129239,7.02536738,-8.06653537,12.2575249,-1.69676018,-0.292457521,3.24514731,8.3285568,-5.62409516,0.307023993,-1.85019899,2.48185147,-9.88058154,6.86049002,-4.54770985,-3.11401131
637,-2.08741128,0.609381683,106.37778,0.157673748,-0.883294035,-0.448065297,0.239059716,-0.546703122,1.39407448,14.071601,0,13.2318634,15.8232141,-18.9681474,58.9924873,3.89178459,-9.27009325,-10.64893,-0.636221396,-15.233195,34.5549413,73.6131356,7.04322576,-8.07155556,12.2811395,-1.70103962,-0.304020605,3.22483604,8.33026007,-5.60154016,0.314414685,-1.84775251,2.47363604,-9.89871313,6.86864655,-4.56316614,-3.11750559
638,-2.0833116,0.608511083,106.379473,0.153924939,-0.882667448,-0.435689868,0.243501527,-0.534219191,1.39884163,14.0694717,0,13.2240377,15.8158494,-18.9818948,58.9977124,3.89707158,-9.26934535,-10.670843,-0.630090767,-15.2429502,34.5335287,73.6074324,7.00649385,-8.07366353,12.2918372,-1.70066844,-0.300208985,3.21504603,8.3279361,-5.5985289,0.304180687,-1.84698027,2.47777129,-9.91483323,6.87287188,-4.55840123,-3.12848277
639,-2.07994189,0.602237741,106.377602,0.168521046,-0.881933597,-0.422410992,0.237032164,-0.551388045,1.40208522,14.0823944,0,13.2252219,15.8190323,-18.9962997,58.987713,3.90909271,-9.24922019,-10.6540757,-0.629034329,-15.2343801,34.5323607,73.6104718,7.0050497,-8.05217319,12.2851454,-1.70363584,-0.315101146,3.19989197,8.33218875,-5.59490122,0.305288245,-1.84416388,2.4613671,-9.92305251,6.86910759,-4.56858291,-3.12400067
640,-2.07674485,0.600805972,106.377065,0.165913318,-0.882899359,-0.412020597,0.235960224,-0.545801911,1.41051005,14.0791193,0,13.2309678,15.8180556,-19.0005635,58.9748791,3.90237309,-9.24048097,-10.6689997,-0.634953275,-15.2318853,34.5302467,73.6246376,6.98817785,-8.05567623,12.2778934,-1.70680109,-0.311327653,3.19447798,8.34062147,-5.59713213,0.307490154,-1.84260169,2.4630469,-9.92253426,6.87319972,-4.56577442,-3.11149716
641,-2.0692002,0.598753011,106.378126,0.16509448,-0.881573623,-0.391782602,0.228610354,-0.543018502,1.40866163,14.0748223,0,13.2367435,15.8130217,-18.9999965,58.9688822,3.90689681,-9.23510134,-10.6770951,-0.634973926,-15.2293462,34.5391226,73.639466,7.02549245,-8.04291572,12.2931964,-1.70569482,-0.309306851,3.17593444,8.337629,-5.5964679,0.3068427,-1.84012916,2.46458134,-9.94329292,6.88035862,-4.56928684,-3.10302196
642,-2.06423271,0.600356655,106.375504,0.150001649,-0.879998261,-0.377497368,0.232203513,-0.526537202,1.404322,14.0747164,0,13.2319009,15.8071222,-19.0106226,58.9752547,3.88478706,-9.23310009,-10.6848081,-0.626870707,-15.2341564,34.5436783,73.6354088,7.05070353,-8.03400233,12.3081093,-1.69848086,-0.2930756,3.16223501,8.32381665,-5.60686985,0.30403696,-1.8418668,2.48133601,-9.96053658,6.88835079,-4.57692428,-3.11907013
643,-2.06062291,0.597320776,106.373906,0.158167003,-0.877930385,-0.365845773,0.230768667,-0.534388451,1.40250581,14.0679844,0,13.2288359,15.7923126,-18.9957704,58.9879999,3.87140544,-9.25144171,-10.6870305,-0.627656445,-15.2345303,34.5472607,73.6412555,7.04372265,-8.02134513,12.3110711,-1.70531702,-0.302165568,3.16138465,8.33277188,-5.61159207,0.30522005,-1.8330311,2.47254961,-9.95648201,6.87611792,-4.58961007,-3.10962974
644,-2.05296371,0.59292987,106.370866,0.15979163,-0.875641656,-0.354115513,0.234469989,-0.539335322,1.3975091,14.0624297,0,13.236198,15.7869099,-18.9776106,58.9897211,3.86159515,-9.26107228,-10.6878715,-0.610070095,-15.2292352,34.532873,73.6332368,7.01855085,-7.99977454,12.279093,-1.70536697,-0.303458235,3.1534501,8.33386215,-5.62396496,0.32741563,-1.82938271,2.47144333,-9.97056842,6.87432927,-4.60601021,-3.1000297
645,-2.04646327,0.595343299,106.374562,0.141889442,-0.87425136,-0.340243972,0.234035418,-0.517297504,1.3972089,14.0585715,0,13.2361783,15.7760841,-18.968535,58.9906705,3.8621723,-9.26361994,-10.7002068,-0.600841603,-15.2328484,34.5227267,73.634719,6.99437881,-8.01267848,12.2605481,-1.69886281,-0.283864956,3.1383763,8.32246256,-5.61909076,0.324558877,-1.83147446,2.49191789,-9.99616029,6.88966304,-4.59374319,-3.08835776
646,-2.04060338,0.594130438,106.374848,0.141712102,-0.872361932,-0.324900307,0.227927415,-0.514038063,1.3970168,14.0569938,0,13.2370757,15.7650192,-18.9581838,58.9877676,3.87736008,-9.25660363,-10.6851522,-0.597853021,-15.2329628,34.5355777,73.6378677,7.03573432,-7.99897797,12.2691294,-1.69616788,-0.284568599,3.12634812,8.31418693,-5.61847562,0.332052581,-1.83124757,2.49225812,-10.0218333,6.89540595,-4.60056356,-3.06883217
647,-2.03392655,0.592846423,106.374931,0.151491328,-0.868618537,-0.314153283,0.237948396,-0.521200797,1.39167228,14.0382184,0,13.2337417,15.7652668,-18.9708897,58.9873032,3.87293156,-9.25681622,-10.6932921,-0.589801456,-15.2333504,34.506365,73.6348214,7.04290175,-7.99065282,12.2793363,-1.70043643,-0.295903698,3.11689984,8.31982013,-5.61672837,0.319983664,-1.82537958,2.48211849,-10.0357412,6.88455321,-4.62063749,-3.0960985
648,-2.02970002,0.589468144,106.37567,0.15471191,-0.866582987,-0.295876516,0.237338562,-0.531079011,1.39116845,14.0363623,0,13.2336042,15.7692761,-18.9661393,58.9834988,3.88076194,-9.25521881,-10.688721,-0.568916285,-15.2286734,34.4852153,73.6181148,7.02676628,-7.99772805,12.259977,-1.70341492,-0.299424101,3.10641806,8.32150292,-5.61170989,0.320578531,-1.81960338,2.47918471,-10.0564307,6.87645986,-4.61435756,-3.09334636
649,-2.02054661,0.585274911,106.373668,0.164885899,-0.863566565,-0.278524575,0.235439049,-0.537678521,1.38582511,14.0301605,0,13.243578,15.7671092,-18.9551205,58.9757602,3.8990041,-9.25724396,-10.694717,-0.554777153,-15.23222,34.5505563,73.6095566,7.09533583,-7.98902212,12.2244472,-1.7046895,-0.310473319,3.09335148,8.32378164,-5.61280742,0.325212574,-1.81200266,2.46788182,-10.0663661,6.87103584,-4.62356294,-3.07351618
650,-2.01609377,0.582929049,106.372619,0.167585333,-0.862076225,-0.263797578,0.24133054,-0.540624467,1.38219209,14.0262921,0,13.2357489,15.7615016,-18.9538074,58.9879179,3.90293103,-9.2725931,-10.7124602,-0.550109039,-15.2298619,34.5586672,73.6127463,7.07763967,-7.99070234,12.2022226,-1.7087826,-0.313291919,3.07916795,8.33125899,-5.6131485,0.322746048,-1.80585975,2.46477365,-10.0776829,6.86379327,-4.6178512,-3.08109535
651,-2.00959053,0.583060225,106.37337,0.167649204,-0.859931853,-0.241468497,0.23349586,-0.539417445,1.38245878,14.014755,0,13.2374462,15.7510463,-18.9286364,58.9875217,3.92027715,-9.28533823,-10.716583,-0.541337422,-15.2280314,34.5570484,73.6089692,7.09406627,-7.99105154,12.1990269,-1.70555224,-0.314453558,3.05889659,8.32366297,-5.61207317,0.324974238,-1.80545058,2.4650253,-10.102549,6.8766844,-4.63691084,-3.09373867
652,-2.00185496,0.582195399,106.375694,0.168951037,-0.857633155,-0.226493809,0.240111512,-0.53454133,1.37166175,14.0076525,0,13.2414726,15.7474895,-18.9336771,58.9935596,3.88838785,-9.30110146,-10.7464173,-0.547666392,-15.2320868,34.5757221,73.6251772,7.11308024,-7.9968572,12.2003008,-1.70822668,-0.316404431,3.04851705,8.32982209,-5.61073104,0.311136114,-1.79774314,2.4616354,-10.0976176,6.86642546,-4.63484684,-3.08957609
653,-1.99847631,0.584434159,106.375825,0.159139236,-0.855839888,-0.212660136,0.245652583,-0.518404795,1.37675376,13.9995006,0,13.2392297,15.7334381,-18.9272311,58.9942017,3.85772798,-9.30811606,-10.769003,-0.556158612,-15.2350563,34.5800217,73.6364948,7.11253596,-8.00168443,12.2036134,-1.70822092,-0.305415084,3.03993791,8.32860205,-5.61204926,0.307990359,-1.79512312,2.47196584,-10.1094364,6.86579836,-4.62658274,-3.09388167
654,-1.99506152,0.580294942,106.371951,0.184438197,-0.853580589,-0.197021632,0.248746338,-0.536555115,1.37229856,13.9999608,0,13.238627,15.7237375,-18.9257046,59.0011275,3.85749234,-9.31823755,-10.766218,-0.556728719,-15.2419667,34.5848165,73.6392064,7.11867203,-7.99415073,12.2147116,-1.71525228,-0.33438421,3.03246525,8.336794,-5.60803781,0.303931519,-1.78796498,2.443707,-10.1147213,6.85654388,-4.65034155,-3.09849632
655,-1.98974237,0.586157851,106.372559,0.169152455,-0.851583163,-0.1721276,0.240341977,-0.512284465,1.36796235,13.9920113,0,13.235147,15.7097305,-18.9190725,59.0143985,3.86649795,-9.32288208,-10.7668225,-0.557701968,-15.244207,34.5771701,73.6420614,7.10428466,-7.96766753,12.24277,-1.71045215,-0.318807084,3.01206305,8.32376627,-5.60707304,0.304305818,-1.78968021,2.45944226,-10.1385988,6.86968943,-4.64788952,-3.12965415
656,-1.98427644,0.585141266,106.377351,0.175298036,-0.849771514,-0.160194363,0.24792997,-0.520035609,1.36444149,13.9872481,0,13.234598,15.7046437,-18.9076746,59.0204364,3.86543927,-9.33740647,-10.7622104,-0.566122951,-15.2505044,34.5855337,73.6344868,7.09261784,-7.9607605,12.2471217,-1.71567895,-0.326425679,3.0062719,8.33138876,-5.59773874,0.287510063,-1.78199283,2.4505468,-10.1380421,6.85740406,-4.63993448,-3.12909877
657,-1.97832249,0.58617359,106.379318,0.1743511,-0.847928745,-0.140485832,0.243627085,-0.514309509,1.35864736,13.9915358,0,13.2410636,15.697986,-18.9020568,59.0207848,3.87501946,-9.33650403,-10.753075,-0.575720914,-15.2517441,34.5828051,73.6518491,7.09184689,-7.97632394,12.2812573,-1.71405251,-0.32727948,2.98985939,8.32751007,-5.59915984,0.294873327,-1.77967132,2.45006356,-10.1557263,6.86468248,-4.64791342,-3.10530773
658,-1.97189022,0.584882777,106.379557,0.175656689,-0.846660813,-0.127648157,0.242838358,-0.514379892,1.35573279,13.9982328,0,13.2552892,15.6948714,-18.8764589,59.0062228,3.89271093,-9.33841222,-10.7601733,-0.578088855,-15.245223,34.57243,73.6465216,7.09359584,-7.96694097,12.2967533,-1.71866428,-0.33037513,2.98563363,8.34006652,-5.60483317,0.298912744,-1.77240869,2.44463868,-10.1568379,6.85389334,-4.64739475,-3.08956073
659,-1.96803845,0.585792819,106.376064,0.175178552,-0.845084399,-0.117331767,0.23904811,-0.509855052,1.3487471,14.012624,0,13.2610001,15.6881061,-18.8791107,59.0092281,3.90507742,-9.34288087,-10.7410078,-0.599609874,-15.2491521,34.5904207,73.6613294,7.11581573,-7.96906943,12.3224544,-1.71819726,-0.332054049,2.9720311,8.33717223,-5.609835,0.307816962,-1.77112579,2.44394328,-10.1701124,6.85735198,-4.65525075,-3.08642268
660,-1.96273308,0.587589387,106.377006,0.172909812,-0.843733161,-0.11103403,0.241699958,-0.508113407,1.34295297,14.0087146,0,13.2681377,15.6862756,-18.8694904,59.0070902,3.9166627,-9.33658856,-10.7448054,-0.611315591,-15.2428785,34.5832968,73.6744297,7.10756059,-7.98946608,12.3322549,-1.71777315,-0.331466279,2.96760065,8.33693317,-5.61563341,0.304929713,-1.77006199,2.4465887,-10.1786937,6.85780405,-4.66596348,-3.13328546
661,-1.95875559,0.589723652,106.379688,0.168214075,-0.843675612,-0.0942388497,0.233343648,-0.497859265,1.34819695,14.012268,0,13.2774498,15.6771539,-18.8446183,58.9907388,3.92699293,-9.3354778,-10.7524654,-0.637349124,-15.245503,34.5902807,73.6787327,7.10229409,-8.00783246,12.322048,-1.72042177,-0.32870851,2.95358169,8.34362676,-5.6202933,0.314632904,-1.76669983,2.44729968,-10.1920834,6.86205969,-4.66428581,-3.09732388
662,-1.95156131,0.587461144,106.379354,0.175063828,-0.840509354,-0.083090998,0.238254687,-0.505719106,1.33001894,14.0225508,0,13.2975425,15.6757093,-18.8228061,58.985623,3.94284495,-9.32774261,-10.7746191,-0.633034259,-15.2371292,34.5990746,73.6816287,7.0998429,-8.01671,12.2872328,-1.72014728,-0.337570654,2.94912563,8.34289422,-5.62438885,0.321619041,-1.76131518,2.44068742,-10.2008483,6.86000892,-4.68410489,-3.10087451
663,-1.94481015,0.589034986,106.377912,0.175833679,-0.838907696,-0.0764146408,0.242418328,-0.502333253,1.3250583,14.020226,0,13.3062288,15.6703152,-18.8156617,58.988034,3.94806876,-9.32893875,-10.7691174,-0.644602305,-15.2318802,34.6105254,73.6779336,7.10393547,-8.00301205,12.2638582,-1.71896,-0.340001774,2.94189673,8.34445235,-5.63013262,0.325756854,-1.75908811,2.43762365,-10.2052162,6.86125415,-4.69293547,-3.08439625
664,-1.93879325,0.594285643,106.375122,0.160163748,-0.83687392,-0.0669376079,0.245198589,-0.484454806,1.3148668,14.026333,0,13.3108665,15.6721474,-18.8263134,58.9916404,3.93255697,-9.330467,-10.7846937,-0.642752764,-15.2233049,34.6077933,73.6515349,7.05678625,-7.96474421,12.2207495,-1.71569827,-0.32548226,2.93878515,8.33665313,-5.6370866,0.323046523,-1.75883081,2.45191924,-10.2116997,6.86314697,-4.692439,-3.08211219
665,-1.93317998,0.59719882,106.374955,0.158080025,-0.836465615,-0.0541295172,0.244369281,-0.478957571,1.31363886,14.0193073,0,13.3125962,15.673691,-18.8183169,58.9925966,3.92738609,-9.32412773,-10.799569,-0.648149681,-15.2139766,34.5978929,73.6283942,7.04055473,-7.94065413,12.1710641,-1.71474685,-0.324425368,2.92672219,8.33581558,-5.64298106,0.316595543,-1.75964147,2.45352753,-10.2289664,6.87486245,-4.7015906,-3.10220618
666,-1.92409605,0.597760268,106.376112,0.158060636,-0.8350559,-0.0390242293,0.240822091,-0.480950065,1.30492749,14.0215989,0,13.3277276,15.6761447,-18.797519,58.9952808,3.91441983,-9.32716204,-10.8136716,-0.638312768,-15.2010983,34.5748411,73.603102,7.01621023,-7.90670809,12.1862476,-1.71389297,-0.324747774,2.91504149,8.338172,-5.64281329,0.313058546,-1.75687865,2.45227035,-10.2403199,6.87997314,-4.70056052,-3.09523533
667,-1.92024056,0.598465139,106.372941,0.160826262,-0.833657464,-0.039147312,0.25686746,-0.474754283,1.30093354,14.0142607,0,13.3361202,15.6679895,-18.7905966,58.9965581,3.88162255,-9.32434117,-10.8260266,-0.647705612,-15.2047251,34.5843418,73.5933554,7.02942237,-7.87990643,12.1865012,-1.71480992,-0.329441448,2.92181363,8.34156575,-5.64756539,0.321403703,-1.75506225,2.44822176,-10.2356472,6.87808758,-4.70513333,-3.08790974
668,-1.91740729,0.601797178,106.372023,0.156190851,-0.832107589,-0.0403110261,0.264180565,-0.468304023,1.29696509,14.0082237,0,13.3345544,15.6710358,-18.7924322,59.0061682,3.85798155,-9.3248782,-10.8541174,-0.657338793,-15.2004426,34.5948603,73.5904594,7.08906615,-7.90392052,12.1710599,-1.71408186,-0.325949167,2.92266249,8.34359175,-5.65399218,0.32722273,-1.75458083,2.45212521,-10.2304366,6.87834328,-4.71186619,-3.11314174
669,-1.90930944,0.60443785,106.374037,0.147806727,-0.830444636,-0.0339244004,0.262636755,-0.458850348,1.28158564,14.004432,0,13.3446546,15.671799,-18.7888805,59.0213995,3.84812218,-9.32492516,-10.8651234,-0.654186874,-15.1915667,34.60306,73.5907462,7.10241148,-7.92598203,12.1238163,-1.71105385,-0.31678332,2.91881432,8.34106202,-5.65541243,0.316300084,-1.75353368,2.45944995,-10.2376271,6.88272955,-4.71021499,-3.1058138
670,-1.90280732,0.602983357,106.375313,0.158105476,-0.828723949,-0.0317947475,0.265186123,-0.467934713,1.27941407,14.0065571,0,13.3514839,15.6722618,-18.784668,59.0264607,3.85730536,-9.32481246,-10.8548602,-0.66685997,-15.1826072,34.556864,73.5912995,7.08398833,-7.94629672,12.1056241,-1.71227176,-0.330105711,2.92294104,8.34619576,-5.64801491,0.309034017,-1.7498156,2.44567346,-10.2392185,6.87679326,-4.70864917,-3.10105572
671,-1.89894959,0.606165221,106.371737,0.146953228,-0.827939056,-0.0265402993,0.260059826,-0.456360317,1.27634432,14.010049,0,13.3589732,15.6820887,-18.7740317,59.0291996,3.87309036,-9.32703056,-10.8588414,-0.683227398,-15.170038,34.5592409,73.6095156,7.10053361,-7.95189321,12.0951218,-1.70653525,-0.318991099,2.91765767,8.33815833,-5.65762797,0.324478408,-1.75261928,2.45729139,-10.2444641,6.88724558,-4.70415235,-3.08361697
672,-1.89414732,0.603259029,106.368053,0.158915084,-0.825408859,-0.0251548545,0.266034694,-0.467995811,1.26536277,14.0048401,0,13.3586761,15.686875,-18.7738097,59.0399639,3.8715224,-9.33893644,-10.8789742,-0.684974325,-15.1631617,34.5421074,73.6078285,7.09085181,-7.95168489,12.1039396,-1.70961001,-0.332756971,2.91835478,8.34293264,-5.65874684,0.321812153,-1.74935669,2.44542053,-10.2452983,6.88421725,-4.72922682,-3.12150445
673,-1.88660212,0.606071576,106.368637,0.151344916,-0.823472404,-0.0174843457,0.261148788,-0.460422038,1.25849181,13.9988612,0,13.3666922,15.6905069,-18.7702802,59.033366,3.88024968,-9.33094084,-10.8710529,-0.696103638,-15.1551021,34.5511027,73.6144606,7.1192146,-7.97302667,12.0805923,-1.70620441,-0.325126236,2.9104849,8.33824371,-5.66757486,0.323588269,-1.74869225,2.45087059,-10.248984,6.8869997,-4.72395989,-3.1112549
674,-1.88281052,0.603001704,106.366658,0.172455502,-0.821782872,-0.0110536653,0.258556598,-0.478357635,1.252055,14.0033153,0,13.3734028,15.6906008,-18.7605626,59.0283048,3.89375936,-9.32628522,-10.8774664,-0.713847616,-15.1462553,34.5547944,73.6282918,7.11838559,-7.97105616,12.0763934,-1.71479743,-0.350416185,2.90974788,8.35362444,-5.66738319,0.329378669,-1.73778721,2.42507595,-10.2445358,6.86951014,-4.7281135,-3.08717101
675,-1.87526364,0.607721927,106.373179,0.15970305,-0.8221412,-0.00377383523,0.246733007,-0.46361227,1.24789808,14.00995,0,13.409041,15.6928531,-18.7179149,58.9952535,3.91585332,-9.31792677,-10.8770498,-0.706895017,-15.1423125,34.5364315,73.6180465,7.14654176,-8.0101385,12.0974484,-1.70316925,-0.337603764,2.89809708,8.33969854,-5.65299881,0.327476114,-1.74462711,2.43740167,-10.2682912,6.89595749,-4.71174623,-3.05185829
676,-1.87067427,0.609007059,106.37573,0.154309675,-0.821066865,0.00017404931,0.244332489,-0.459104185,1.24284747,14.0160792,0,13.4237242,15.6932373,-18.682029,58.9848033,3.92657629,-9.32591041,-10.8818079,-0.700722127,-15.1367323,34.4848567,73.6081905,7.08860852,-8.03313404,12.1087779,-1.70603302,-0.332225951,2.89891008,8.35037413,-5.65454371,0.334236534,-1.74075407,2.44140075,-10.2608079,6.89122246,-4.70739156,-3.09282769
677,-1.86732449,0.611006375,106.376874,0.157464611,-0.818962261,0.00261284103,0.249029631,-0.464998745,1.23457377,14.0015412,0,13.4260345,15.6912924,-18.6710666,58.988758,3.90886774,-9.3419938,-10.8755813,-0.698337591,-15.1287973,34.4617092,73.6102874,7.09562782,-8.0419262,12.1579348,-1.70584967,-0.335870604,2.89654193,8.35053208,-5.65740129,0.314700833,-1.73773086,2.43946823,-10.2598457,6.89215137,-4.72617971,-3.11539357
678,-1.85960401,0.614620373,106.37908,0.146314319,-0.815906139,0.012525951,0.247246498,-0.453815057,1.22188883,13.990968,0,13.4319563,15.6930187,-18.6725078,58.9804798,3.89699175,-9.3445961,-10.8727177,-0.699003267,-15.1271222,34.4505009,73.6133337,7.10345479,-8.05392343,12.174644,-1.70222465,-0.325682389,2.88679653,8.34376421,-5.65804034,0.312468908,-1.73602854,2.4509248,-10.2758728,6.89247452,-4.72272107,-3.13380157
679,-1.85609031,0.614629406,106.376231,0.155818192,-0.814264864,0.0177750026,0.248365689,-0.459028306,1.22031148,13.9929992,0,13.4345194,15.7053182,-18.6798195,58.9677415,3.88104924,-9.3552529,-10.8735732,-0.705836391,-15.1256452,34.4510575,73.6164892,7.10442127,-8.04998582,12.170014,-1.70530582,-0.338727837,2.88582216,8.34925995,-5.66194294,0.324538119,-1.73192968,2.43651332,-10.2775231,6.88620739,-4.72542241,-3.08601692
680,-1.85015816,0.615362823,106.376278,0.157501527,-0.813128106,0.0205072645,0.242961888,-0.460061212,1.21179786,13.9983054,0,13.440944,15.7098791,-18.6830963,58.9615465,3.87712657,-9.34826903,-10.862983,-0.705607793,-15.1223786,34.4356725,73.6248767,7.08218302,-8.05127246,12.1763789,-1.70427937,-0.342267636,2.88165425,8.35373458,-5.67197521,0.338831277,-1.73059235,2.43080947,-10.271276,6.88802977,-4.72818735,-3.05526912
681,-1.8478157,0.616199244,106.379926,0.158284817,-0.81159817,0.0174163979,0.242037332,-0.464449875,1.20342074,13.9960096,0,13.4386695,15.7215109,-18.6970828,58.9649685,3.87722134,-9.34525948,-10.8453825,-0.706841176,-15.1107553,34.431168,73.6436597,7.11063674,-8.05994082,12.1998559,-1.70326999,-0.343584048,2.88512825,8.35547969,-5.66953641,0.334089285,-1.72897904,2.43035441,-10.2684902,6.88868163,-4.73595285,-3.08211304
682,-1.8432321,0.621904153,106.380308,0.155009187,-0.809408897,0.0177855721,0.239477104,-0.460449039,1.19367737,13.989322,0,13.4364019,15.7241968,-18.7117148,58.9645245,3.87120821,-9.33959469,-10.8173241,-0.710857274,-15.1115203,34.4439439,73.658693,7.11401597,-8.08231994,12.2067382,-1.69960645,-0.342830727,2.8875248,8.3505833,-5.6725212,0.332479255,-1.72773221,2.43328328,-10.2750309,6.88822614,-4.74878123,-3.09640756
683,-1.83653478,0.623929594,106.37635,0.155756013,-0.807761113,0.022495626,0.233613761,-0.461656488,1.18550281,13.9861869,0,13.4332805,15.7300828,-18.7279621,58.9665462,3.86448987,-9.33554098,-10.7947605,-0.710820668,-15.1097445,34.453151,73.6558379,7.13938458,-8.07801948,12.1800544,-1.69781833,-0.345447116,2.8835174,8.34779232,-5.68284631,0.32936765,-1.72642316,2.43028205,-10.2814436,6.88849636,-4.75883356,-3.09116369
684,-1.8341206,0.62353746,106.372261,0.15497704,-0.807219071,0.0235006446,0.232306793,-0.46013421,1.18185143,13.9879175,0,13.4256273,15.7404049,-18.7475186,58.965228,3.84495596,-9.32755307,-10.7809926,-0.71632959,-15.1110064,34.4534891,73.6661925,7.11909849,-8.08436558,12.198349,-1.69618495,-0.34625089,2.88497052,8.34816371,-5.69111852,0.335570529,-1.72660832,2.42866522,-10.2782309,6.88715594,-4.75638323,-3.07336677
685,-1.83157809,0.624412298,106.372881,0.155251371,-0.806068223,0.0192891752,0.231936362,-0.460697914,1.17830133,13.9943353,0,13.4226681,15.7473358,-18.7508773,58.9652417,3.83198457,-9.33235982,-10.7670957,-0.710469767,-15.1052775,34.4320764,73.6709531,7.10876569,-8.06862285,12.1977309,-1.69570204,-0.347054398,2.88461834,8.35070966,-5.69493019,0.344906997,-1.72511593,2.42927908,-10.2780482,6.89035844,-4.76281897,-3.0726797
686,-1.82732251,0.630580354,106.381309,0.145615673,-0.805050006,0.0168495791,0.234901865,-0.450310423,1.16955239,13.9787078,0,13.4170187,15.7525438,-18.7624767,58.9626599,3.81923432,-9.32345496,-10.759533,-0.709032546,-15.1097172,34.4268411,73.6739379,7.09888967,-8.07905852,12.211866,-1.68851444,-0.339322144,2.89013158,8.34048658,-5.6839067,0.349012581,-1.72894884,2.43847614,-10.2908129,6.90080223,-4.75649721,-3.0940123
687,-1.82274822,0.636198279,106.38231,0.134676664,-0.803596255,0.0134129207,0.23827347,-0.441303191,1.15863402,13.9716873,0,13.4199804,15.7504828,-18.7590616,58.9498874,3.78481187,-9.30850453,-10.7443623,-0.697247588,-15.1075861,34.4340504,73.6742385,7.13790371,-8.10910965,12.1924597,-1.68515292,-0.327742892,2.8906955,8.3386245,-5.69403288,0.329022966,-1.72819656,2.45004264,-10.2757882,6.90274883,-4.76350498,-3.11576966
688,-1.82004645,0.641598878,106.383395,0.132296974,-0.804397534,0.014471584,0.24004377,-0.432783491,1.16248795,13.9666585,0,13.4130008,15.752064,-18.7592938,58.9342736,3.76690995,-9.29891494,-10.7495293,-0.691115519,-15.1153008,34.4143999,73.6643415,7.14270405,-8.10392297,12.2077824,-1.68362455,-0.32751296,2.88973138,8.33712442,-5.68280704,0.326034865,-1.73086727,2.44970604,-10.2847332,6.91140652,-4.74423574,-3.10212315
689,-1.81534495,0.64229113,106.37902,0.14132321,-0.803171067,0.0050257646,0.250855639,-0.447126301,1.15708111,13.9692088,0,13.4077382,15.7657415,-18.7556004,58.921911,3.74805137,-9.29811837,-10.7618988,-0.673974573,-15.1079089,34.3989022,73.6564595,7.12565376,-8.07188683,12.2185886,-1.68746675,-0.339292502,2.90227246,8.34776414,-5.68567358,0.333851269,-1.72739006,2.4370115,-10.2627093,6.90323463,-4.74592834,-3.09166699
690,-1.81091391,0.644187629,106.379914,0.146056953,-0.801761707,0.0024932691,0.263781399,-0.453155997,1.15275194,13.9566275,0,13.4001319,15.769411,-18.7610475,58.9120686,3.71565407,-9.28818557,-10.7560803,-0.657838891,-15.1039849,34.3750853,73.6557218,7.10762719,-8.07342533,12.195897,-1.6879581,-0.344780612,2.90452407,8.34780939,-5.68680056,0.334591891,-1.72502671,2.43285319,-10.2625428,6.90196507,-4.75120338,-3.10633802
691,-1.80628188,0.651958212,106.383944,0.132552051,-0.800201678,0.00221326864,0.266495679,-0.430387082,1.14139142,13.9677505,0,13.3915481,15.7689602,-18.7829109,58.9092819,3.6954858,-9.2786233,-10.7534404,-0.647103221,-15.1151198,34.3864678,73.6578392,7.09099354,-8.09461855,12.1602716,-1.68147998,-0.333378545,2.90355867,8.33727895,-5.6766509,0.329125952,-1.72692795,2.44447625,-10.2686481,6.9073114,-4.73824225,-3.10883253
692,-1.80209,0.657213386,106.37573,0.125259152,-0.798474165,-0.00572589552,0.271116542,-0.422907704,1.14390109,13.9572158,0,13.3893368,15.7768081,-18.7746669,58.8815855,3.67463281,-9.26178945,-10.7859667,-0.647566713,-15.1162673,34.3801294,73.6642937,7.11777044,-8.107718,12.1790922,-1.67553356,-0.328284478,2.9119201,8.32879585,-5.69648278,0.344346788,-1.72829623,2.45057775,-10.2625436,6.90503011,-4.74391386,-3.0954936
693,-1.79896243,0.660801074,106.368601,0.118688415,-0.797586832,-0.0123555392,0.275098409,-0.415530193,1.14182812,13.9598676,0,13.3896629,15.7889761,-18.7814817,58.8531241,3.67125016,-9.2314506,-10.7951464,-0.646181786,-15.1170289,34.3959789,73.6784868,7.10870209,-8.11149338,12.1698373,-1.67345163,-0.323230672,2.92159997,8.32980928,-5.70784096,0.353415492,-1.72797575,2.4561706,-10.257976,6.90246367,-4.73244811,-3.08867451
694,-1.79772675,0.661611138,106.369388,0.12583492,-0.797441135,-0.0305704661,0.284741569,-0.420969211,1.14185534,13.9713791,0,13.38672,15.8046599,-18.7796649,58.8322579,3.68233001,-9.21165671,-10.8287714,-0.636206028,-15.1115972,34.3718581,73.6919218,7.09562014,-8.10696326,12.1625486,-1.67448021,-0.332073392,2.93861397,8.33880635,-5.70052753,0.351736573,-1.72756775,2.44586897,-10.2395865,6.89881848,-4.71911174,-3.08301762
695,-1.79590788,0.661605271,106.371331,0.130795221,-0.796346706,-0.0369125526,0.281326687,-0.431844687,1.14133272,13.9739037,0,13.3802894,15.8190289,-18.7824738,58.823645,3.7159832,-9.20722904,-10.8345489,-0.637640741,-15.1097189,34.4002136,73.7102541,7.0929299,-8.10274306,12.1665084,-1.67405322,-0.338640672,2.94439146,8.34019629,-5.70722411,0.363338583,-1.72699636,2.43918008,-10.2341326,6.89439722,-4.72827316,-3.09440717
696,-1.79437455,0.662170816,106.372941,0.129294363,-0.795422327,-0.0411565768,0.281912216,-0.43346707,1.14108982,13.9732215,0,13.3716364,15.828195,-18.7950004,58.819424,3.73705903,-9.19937689,-10.8350296,-0.633104855,-15.1051375,34.399797,73.7179653,7.05457198,-8.08407274,12.1533517,-1.67274182,-0.337768969,2.95135078,8.33811906,-5.71667538,0.363435193,-1.72676883,2.44012329,-10.2309199,6.89229608,-4.73313497,-3.08150665
697,-1.79224014,0.662605558,106.370127,0.134832155,-0.793728632,-0.051899623,0.285185798,-0.435659961,1.14293355,13.9801251,0,13.3751676,15.8303209,-18.7893569,58.8063032,3.73092894,-9.21219288,-10.8292026,-0.642451702,-15.1137436,34.4207588,73.7307514,7.09748179,-8.08137652,12.1798375,-1.66939364,-0.346451501,2.95739998,8.3354015,-5.72014469,0.378843486,-1.7272415,2.43326578,-10.2246754,6.89261582,-4.74734134,-3.06686422
698,-1.79087035,0.663724961,106.372499,0.142742635,-0.793865779,-0.0614705191,0.291440303,-0.442386283,1.148393,13.9879491,0,13.3705265,15.8283965,-18.7731386,58.8070613,3.76134505,-9.20706683,-10.8381886,-0.638274294,-15.1121555,34.4075492,73.7333674,7.04504472,-8.08125528,12.1527609,-1.67036812,-0.356405648,2.9717517,8.34161185,-5.71294951,0.369157851,-1.7266826,2.42146727,-10.2127516,6.89175265,-4.73256551,-3.04231567
699,-1.78998504,0.66765747,106.371915,0.140472908,-0.792978718,-0.0702254959,0.285807772,-0.440928465,1.14933674,13.9943951,0,13.3655583,15.8239381,-18.7597139,58.8184472,3.78159314,-9.21181295,-10.8291326,-0.63575198,-15.1144676,34.4000155,73.7359151,7.0147221,-8.10545891,12.1533415,-1.6691866,-0.35450472,2.97212267,8.34090749,-5.71439623,0.364615348,-1.72629381,2.42399017,-10.2036657,6.89000114,-4.74139737,-3.05333148
700,-1.78962052,0.677161617,106.377673,0.119970665,-0.793096355,-0.0730382432,0.277967675,-0.412863271,1.15060332,14.0019493,0,13.3631294,15.8048511,-18.7339948,58.8412874,3.80394665,-9.23130461,-10.8240851,-0.639795612,-15.1255103,34.4116917,73.7405459,7.03832681,-8.11003599,12.1694454,-1.65865691,-0.334275835,2.97008001,8.32609281,-5.70622861,0.372224045,-1.73190802,2.44291897,-10.2100229,6.90253325,-4.71472206,-3.05401002
701,-1.78934764,0.681722164,106.376588,0.113436026,-0.791348157,-0.0694248002,0.275341547,-0.404482789,1.15106862,13.9932254,0,13.3399118,15.8055085,-18.760221,58.8715588,3.77722865,-9.25084834,-10.8383627,-0.634252594,-15.1367084,34.4230025,73.7251848,7.06265594,-8.10465978,12.1827292,-1.65357919,-0.33013111,2.97173505,8.31222838,-5.71216148,0.377989766,-1.73368472,2.44853552,-10.2145317,6.90409054,-4.71745158,-3.03380482
702,-1.78625006,0.681370078,106.379676,0.126678453,-0.790902975,-0.0755299215,0.279983755,-0.41605473,1.15164065,13.9869963,0,13.3292491,15.7989994,-18.7600281,58.8934564,3.80605931,-9.25838887,-10.8317759,-0.634647464,-15.1434293,34.4095334,73.7237437,7.00714187,-8.09943981,12.1631164,-1.65584703,-0.345607999,2.97497576,8.31722124,-5.70531934,0.373743176,-1.73217141,2.43290378,-10.2063824,6.90171448,-4.72244402,-3.03918467
703,-1.78882908,0.683030533,106.378734,0.130389159,-0.790613477,-0.0850198831,0.275479592,-0.417793867,1.16118274,13.999399,0,13.3174986,15.799305,-18.7701743,58.9005734,3.81401947,-9.25873038,-10.8376353,-0.638371945,-15.1520899,34.4144409,73.7112513,7.02111174,-8.07936503,12.1709156,-1.6572898,-0.35136262,2.98376771,8.31926689,-5.70835792,0.378514836,-1.73299145,2.42696237,-10.1926068,6.89704434,-4.72042399,-3.04443857
704,-1.78792216,0.690462859,106.381822,0.123758373,-0.790034637,-0.0980197446,0.275114817,-0.40879672,1.15834822,13.9990703,0,13.3118859,15.7880984,-18.7785977,58.9178948,3.82627539,-9.25914104,-10.8269913,-0.634306435,-15.1600317,34.4098612,73.7086011,7.00304546,-8.08942334,12.1785628,-1.65466445,-0.346348087,2.99363798,8.31893477,-5.70262184,0.370408763,-1.73115509,2.43061972,-10.176473,6.89062866,-4.70742913,-3.03926769
705,-1.79031603,0.695002731,106.381321,0.119825715,-0.789802753,-0.095924908,0.258951388,-0.402231815,1.16441364,14.0094744,0,13.3041165,15.7806347,-18.7739805,58.9273956,3.85137463,-9.27471814,-10.8314455,-0.643118179,-15.1703078,34.4174701,73.7115859,7.02110576,-8.10981487,12.1725668,-1.64723619,-0.345003367,2.991298,8.30417387,-5.70135057,0.375545972,-1.73702756,2.43322757,-10.1926708,6.90352534,-4.71826266,-3.03416725
706,-1.78913791,0.698477169,106.385565,0.116069992,-0.789696341,-0.104620106,0.254242266,-0.398331216,1.16520039,14.0147175,0,13.3051103,15.7732444,-18.7786933,58.9335769,3.86361304,-9.28318245,-10.8292555,-0.647826527,-15.17813,34.4198197,73.7157728,7.03326905,-8.10635281,12.2029739,-1.64592383,-0.341910705,3.0034886,8.30786986,-5.70331212,0.370893759,-1.73627859,2.43581344,-10.1826902,6.90346984,-4.70390689,-3.02585491
707,-1.79082993,0.694767199,106.383538,0.129683283,-0.787909605,-0.11747656,0.261252521,-0.420693789,1.16711999,14.0206887,0,13.3042232,15.7784866,-18.7775253,58.9392391,3.86902768,-9.30592015,-10.8532526,-0.658833484,-15.1709447,34.4381758,73.7244267,7.03836949,-8.09842296,12.1982918,-1.64978502,-0.356900329,3.01196529,8.31341597,-5.70657012,0.373427013,-1.73266158,2.42324952,-10.165111,6.88928226,-4.71559675,-3.04128025
708,-1.79157387,0.701255584,106.383157,0.115451394,-0.787874998,-0.11965875,0.254217987,-0.400918684,1.172142,14.0164942,0,13.2941376,15.7728841,-18.7928984,58.9468138,3.8802659,-9.31754428,-10.8593015,-0.65706105,-15.1758044,34.4408259,73.7229377,7.03305091,-8.08109563,12.1647547,-1.64313434,-0.344655134,3.01251555,8.29958655,-5.71149426,0.388858171,-1.73862743,2.43557524,-10.1761341,6.89596432,-4.70664793,-3.03043114
709,-1.79197285,0.704106037,106.385398,0.114122286,-0.787350513,-0.134394709,0.257660402,-0.40460189,1.17636679,14.0215169,0,13.2902401,15.7708009,-18.7845946,58.9590399,3.88263469,-9.33733476,-10.8705466,-0.678231061,-15.1773258,34.454739,73.739296,7.03036537,-8.10358659,12.1654207,-1.64456558,-0.344160132,3.03229727,8.30558943,-5.71258154,0.39599273,-1.73420776,2.43698951,-10.158274,6.88098016,-4.7005221,-3.0587459
710,-1.79165751,0.707210135,106.389356,0.116592833,-0.787699888,-0.132305171,0.250016433,-0.406613594,1.17219995,14.0389535,0,13.2951032,15.7579602,-18.7676284,58.9691964,3.89444623,-9.3305131,-10.880423,-0.665259731,-15.1828719,34.4567539,73.7315438,7.05923786,-8.10062912,12.1745356,-1.63950388,-0.347711003,3.02854515,8.29765104,-5.69813996,0.373045349,-1.73751678,2.43325703,-10.1691587,6.89220046,-4.69505838,-3.04948758
711,-1.7923601,0.709091499,106.387269,0.124489652,-0.787327364,-0.146847801,0.258977215,-0.426657398,1.17498197,14.0475433,0,13.2855922,15.7629547,-18.7845024,58.9821669,3.90157267,-9.32923757,-10.8627311,-0.668589502,-15.1735965,34.4597046,73.7380324,7.10712346,-8.10667298,12.2261931,-1.64304341,-0.356957372,3.04517133,8.30508485,-5.69413789,0.356220779,-1.73439847,2.42431353,-10.1493922,6.87747798,-4.69235832,-3.07826295
712,-1.7939372,0.715535088,106.380641,0.112301177,-0.786691877,-0.155304147,0.267708704,-0.409628509,1.18008775,14.0536828,0,13.2646491,15.7512751,-18.7963886,59.0062296,3.88227867,-9.34498713,-10.8684446,-0.673782367,-15.1714399,34.4635943,73.7538648,7.06978879,-8.08954884,12.1977591,-1.63831468,-0.346086059,3.05266276,8.29214164,-5.7012652,0.375914162,-1.74072867,2.4364019,-10.1472074,6.88511029,-4.69181873,-3.07352003
713,-1.79398302,0.714729447,106.378281,0.120525361,-0.786432478,-0.159279684,0.269462382,-0.419486206,1.18172497,14.0654478,0,13.2579641,15.7546356,-18.8072589,59.0125407,3.86611247,-9.3491877,-10.8769303,-0.669963757,-15.1668944,34.4560641,73.7562622,7.03412581,-8.08381404,12.177861,-1.63939257,-0.356638034,3.05760782,8.29336083,-5.70111621,0.376325174,-1.73957405,2.42784367,-10.1503586,6.88344245,-4.69971998,-3.05769384
714,-1.79189537,0.719746575,106.381142,0.111402455,-0.785142992,-0.160750067,0.266545945,-0.414314846,1.18099926,14.0884587,0,13.2570155,15.7492602,-18.8060858,59.0180322,3.85863597,-9.34808718,-10.8615615,-0.663657465,-15.1624496,34.453571,73.7551557,7.03393499,-8.08787118,12.1743076,-1.63459703,-0.348722832,3.06322992,8.28533109,-5.70853892,0.384961841,-1.74030275,2.43623093,-10.1497183,6.88609256,-4.69907154,-3.05774485
715,-1.79063473,0.719199982,106.382108,0.120756145,-0.784186675,-0.171983742,0.278862323,-0.422701758,1.17738502,14.1044678,0,13.2538515,15.7457171,-18.8163908,59.0273486,3.84522746,-9.35241325,-10.8534199,-0.661933323,-15.1681904,34.4692293,73.7552445,7.0360357,-8.07836953,12.213372,-1.63634631,-0.358900908,3.0755249,8.29006014,-5.70426194,0.372184612,-1.73675297,2.42499741,-10.1336119,6.87275192,-4.69735759,-3.06272897
716,-1.78769678,0.726677477,106.384265,0.107554782,-0.784562027,-0.183854842,0.282771139,-0.411616735,1.18478969,14.1243804,0,13.2560764,15.7388373,-18.8027936,59.0211194,3.85807333,-9.344223,-10.8444689,-0.646935828,-15.1643843,34.443739,73.7400268,7.06098767,-8.07665686,12.2493475,-1.63032709,-0.3470445,3.0819583,8.28374819,-5.70068676,0.369607016,-1.74227325,2.43749324,-10.1284747,6.8816999,-4.67757266,-3.04256006
717,-1.78681631,0.729141664,106.378865,0.0920649805,-0.784118202,-0.18727939,0.277307601,-0.401148056,1.18069766,14.1508602,0,13.2647055,15.7457837,-18.8015266,59.0111679,3.85740824,-9.33955286,-10.8511378,-0.652552912,-15.1559371,34.4778626,73.748667,7.07024556,-8.06991888,12.2369601,-1.62681019,-0.330354906,3.08869009,8.27715194,-5.71486752,0.382424159,-1.74344826,2.45306628,-10.1326377,6.87956333,-4.65956359,-3.02621072
718,-1.7867431,0.727147795,106.374574,0.0972507596,-0.782361981,-0.198899801,0.285781812,-0.413781184,1.18300541,14.172692,0,13.259699,15.7438849,-18.7920873,59.0109493,3.85914525,-9.33939235,-10.8452279,-0.656218962,-15.1370243,34.4628328,73.7688707,7.07929343,-8.07556744,12.2794533,-1.62763792,-0.337230772,3.10073171,8.27870325,-5.72754648,0.394888668,-1.74184797,2.4477763,-10.1176361,6.87030116,-4.67617931,-3.03678236
719,-1.78869888,0.724801328,106.376278,0.108709401,-0.781828413,-0.201683915,0.290734473,-0.43255476,1.18613065,14.1962852,0,13.2501119,15.743265,-18.7935865,59.0127456,3.84072465,-9.34771579,-10.8425411,-0.667541442,-15.124595,34.4648613,73.7836171,7.06869639,-8.0935445,12.2637609,-1.63112665,-0.350422935,3.10427509,8.28340156,-5.7275674,0.397952568,-1.73771763,2.43490481,-10.1085391,6.85959612,-4.69160614,-3.03618963
720,-1.78709533,0.725135067,106.377625,0.107460586,-0.779863849,-0.19974556,0.291745154,-0.428837909,1.18893156,14.2302586,0,13.2537063,15.7379921,-18.7863431,59.0026096,3.85985345,-9.3500722,-10.8486464,-0.657636707,-15.1336519,34.4542267,73.7664938,7.06648896,-8.07136773,12.2780249,-1.62725895,-0.351370171,3.10235644,8.2745761,-5.72561482,0.404530867,-1.73822583,2.43515689,-10.1200309,6.85793425,-4.68109192,-2.98888438
721,-1.78710278,0.727437483,106.378627,0.0998648209,-0.780099952,-0.212909266,0.294625092,-0.430765757,1.1938969,14.2693486,0,13.2485854,15.7405773,-18.7798869,59.0134833,3.83582912,-9.37277746,-10.8575624,-0.652716943,-15.1225408,34.447055,73.76898,7.0703288,-8.08670919,12.2945036,-1.62295038,-0.341878582,3.10708507,8.26961824,-5.72490235,0.406051091,-1.74165864,2.44374564,-10.1155725,6.86019889,-4.66949042,-3.00596198
722,-1.78654063,0.728150038,106.380546,0.0942727429,-0.780581995,-0.213679134,0.292274573,-0.42976935,1.19684668,14.3012704,0,13.2428438,15.7463488,-18.7868468,59.0052597,3.84017568,-9.34609703,-10.854225,-0.655404195,-15.1141944,34.4627269,73.7764318,7.07290891,-8.06016878,12.2900409,-1.62251837,-0.336182685,3.11525889,8.26881825,-5.7238966,0.402700403,-1.74246738,2.44847853,-10.1107632,6.86104028,-4.65716662,-2.98143328
723,-1.78391244,0.728417514,106.379867,0.102550008,-0.778590144,-0.221751565,0.308632583,-0.441579254,1.19191732,14.327611,0,13.2398692,15.7489546,-18.8035501,59.0074796,3.83771937,-9.34239593,-10.8410726,-0.645995236,-15.1095584,34.4502789,73.7747174,7.12054435,-8.04147455,12.3340222,-1.62596623,-0.345029701,3.12975852,8.27637671,-5.73044163,0.386418219,-1.73483817,2.43912715,-10.0913398,6.8377916,-4.66304912,-3.0085201
724,-1.7853912,0.72958041,106.380725,0.1053666,-0.776960684,-0.212908644,0.314249933,-0.448690388,1.186911,14.3573274,0,13.2255292,15.7535923,-18.8373885,59.0198968,3.80458612,-9.34728207,-10.8299915,-0.635926097,-15.1032558,34.4580243,73.779198,7.10347102,-8.04239065,12.2981056,-1.62401984,-0.348022071,3.11933971,8.26450072,-5.7222215,0.382946322,-1.73412356,2.4375831,-10.1106769,6.83492676,-4.65381599,-2.99605778
725,-1.78720187,0.733979838,106.384373,0.0896175711,-0.776295477,-0.20814532,0.315036286,-0.432078887,1.19284249,14.3856949,0,13.2182645,15.7541523,-18.8426,59.0177317,3.79314513,-9.3483399,-10.8229632,-0.62479657,-15.1058632,34.4293034,73.7575941,7.07127052,-8.02384071,12.2904541,-1.61916198,-0.332384246,3.11458867,8.24997974,-5.71369358,0.397883705,-1.7390604,2.45654797,-10.1291082,6.84397036,-4.64150542,-3.01757267
726,-1.78567916,0.73767337,106.388593,0.0843789071,-0.775158802,-0.207398707,0.316792205,-0.423761611,1.18613364,14.4162925,0,13.2239335,15.7462362,-18.8365706,59.0168779,3.77186098,-9.35802425,-10.8225893,-0.603253994,-15.1064216,34.4207042,73.7469048,7.05336987,-8.02507015,12.2744399,-1.62103291,-0.327717279,3.11604756,8.25411371,-5.70669605,0.396769664,-1.73381524,2.46001749,-10.125764,6.83416989,-4.61702517,-3.00489391
727,-1.7854074,0.737601705,106.386793,0.0899897427,-0.770771482,-0.20222856,0.322469826,-0.433202347,1.18156318,14.4337453,0,13.2118859,15.7493797,-18.8524901,59.0199583,3.77580114,-9.34709766,-10.810931,-0.604008516,-15.0983159,34.4125694,73.7554289,7.05047857,-8.02108644,12.288814,-1.62041745,-0.335284862,3.11612867,8.24393417,-5.69957899,0.394004532,-1.72625518,2.45506006,-10.1377672,6.80858614,-4.61194949,-3.01699445
728,-1.78541206,0.742950384,106.383824,0.0897951858,-0.770159429,-0.198280335,0.319017699,-0.433447433,1.18056853,14.4403262,0,13.2201752,15.7342287,-18.825183,59.0081762,3.7898406,-9.3550719,-10.7933586,-0.591829328,-15.106022,34.4127812,73.7402796,7.07627747,-8.05285109,12.2853417,-1.61827949,-0.338205381,3.10973476,8.23854344,-5.70648389,0.38477836,-1.72632071,2.45292199,-10.1452121,6.81039614,-4.61897178,-2.99792093
729,-1.78502444,0.742148329,106.386173,0.0949566435,-0.769808222,-0.193235368,0.321509597,-0.443026907,1.18305771,14.4384171,0,13.2153761,15.7330283,-18.8241824,58.9994882,3.79688935,-9.34498371,-10.7971118,-0.5876905,-15.1069765,34.408724,73.7262708,7.05421041,-8.03687442,12.2926517,-1.61978833,-0.344001891,3.10982227,8.23784932,-5.69873546,0.382838506,-1.72465211,2.44729968,-10.1486007,6.80847643,-4.6187451,-2.99287278
730,-1.78522114,0.743045332,106.39081,0.0909828382,-0.769817472,-0.194795572,0.321445804,-0.441368959,1.18670919,14.4444004,0,13.2138598,15.7310048,-18.8118812,58.9904656,3.81441605,-9.34371671,-10.8098544,-0.58734787,-15.1084655,34.3972049,73.7177536,7.06068671,-8.01194679,12.3438705,-1.61978,-0.340828227,3.11221006,8.23692639,-5.69850409,0.385320266,-1.7251425,2.45254719,-10.154835,6.80892124,-4.61827552,-3.01982193
731,-1.78412665,0.74097882,106.394958,0.098589874,-0.767876911,-0.189738187,0.326751181,-0.452858084,1.18281481,14.4306444,0,13.2094996,15.729019,-18.8256355,58.9816956,3.82889349,-9.32722864,-10.8183682,-0.586921837,-15.1028153,34.3962248,73.7250892,7.04805385,-8.02839218,12.3039318,-1.62470852,-0.349608435,3.10563152,8.24215661,-5.68707249,0.385874979,-1.71873077,2.44359772,-10.1576396,6.79571977,-4.6160651,-3.0215092
732,-1.78617314,0.743521703,106.391704,0.10128771,-0.767608878,-0.180725275,0.324076815,-0.453089617,1.18886625,14.4321675,0,13.2017115,15.7205837,-18.8315521,58.9791753,3.81404764,-9.3456471,-10.8300094,-0.590044514,-15.1093705,34.3960916,73.7222205,7.05693694,-8.04221478,12.2981449,-1.62402144,-0.356152183,3.09853389,8.23658232,-5.68674848,0.397843551,-1.71820313,2.43860229,-10.1670217,6.79368522,-4.62866339,-3.00847379
733,-1.78704113,0.749753136,106.389534,0.0909599321,-0.766733863,-0.179787965,0.325084054,-0.440465373,1.19282114,14.4399437,0,13.2044589,15.7087196,-18.818918,58.9667785,3.79608083,-9.3537588,-10.8367645,-0.594376242,-15.1152394,34.3913856,73.7186893,7.09978655,-8.0626729,12.3334579,-1.62315636,-0.346991726,3.09763678,8.23555438,-5.69482433,0.397250979,-1.71561866,2.44660941,-10.1630423,6.78739974,-4.61246004,-3.01159518
734,-1.78756807,0.752242142,106.388521,0.097964011,-0.766347981,-0.175904523,0.328719449,-0.440035924,1.191455,14.4455342,0,13.1989513,15.7048998,-18.8389492,58.9688617,3.8007467,-9.35563027,-10.8457231,-0.596903999,-15.1235141,34.3781418,73.720957,7.0614359,-8.05938843,12.3034981,-1.62747955,-0.358002925,3.10113747,8.23998973,-5.69034073,0.396067596,-1.71287271,2.43624844,-10.1612571,6.78257464,-4.62130642,-3.00798287
735,-1.78538151,0.75976043,106.393182,0.0774012345,-0.76744361,-0.169509524,0.323354122,-0.415050399,1.19620326,14.4460243,0,13.197499,15.6992291,-18.8387426,58.970214,3.79990958,-9.36631525,-10.8536052,-0.592929629,-15.130387,34.3663837,73.7157045,7.03126524,-8.06073313,12.2875752,-1.61893285,-0.33574774,3.09328745,8.22364851,-5.68249199,0.390461958,-1.72027866,2.45701989,-10.1757465,6.80082491,-4.60067669,-3.01126755
736,-1.78356767,0.761297951,106.391346,0.0796362954,-0.766477404,-0.16035122,0.322045047,-0.412585047,1.19584884,14.4478308,0,13.1943323,15.6916749,-18.8589514,58.9697974,3.79890597,-9.35477991,-10.8417206,-0.598387057,-15.141247,34.3925672,73.7191606,7.04482232,-8.03757708,12.305904,-1.61915696,-0.340858963,3.0863277,8.21874102,-5.6895924,0.394388116,-1.71940066,2.45339584,-10.1856263,6.80250172,-4.61669177,-3.01293262
737,-1.78271215,0.763611868,106.391585,0.0866868262,-0.765154795,-0.15725131,0.327717145,-0.409625654,1.1948432,14.4493267,0,13.1762836,15.682572,-18.8838663,58.99065,3.76543377,-9.35843492,-10.8583931,-0.611842103,-15.1493459,34.3814647,73.7306285,6.97941685,-8.0312361,12.279256,-1.62243769,-0.351934515,3.09556361,8.22171215,-5.6938681,0.388509911,-1.71538525,2.44215676,-10.1802219,6.78764435,-4.61856623,-3.01005754
738,-1.78329945,0.765995495,106.39149,0.0846294152,-0.764623658,-0.155513565,0.335511752,-0.408844398,1.19311825,14.4565718,0,13.178465,15.674666,-18.8854782,58.9992833,3.75624674,-9.35827953,-10.8361446,-0.617189394,-15.1560566,34.3915427,73.7319262,6.96912546,-8.0409085,12.2909399,-1.62191177,-0.350418987,3.09301894,8.21809642,-5.69033049,0.392074816,-1.71437097,2.44422482,-10.1811577,6.7880119,-4.61960954,-3.01648603
739,-1.78562347,0.764834369,106.388855,0.0949620112,-0.764513919,-0.149641934,0.334357637,-0.420733863,1.19767207,14.4547225,0,13.1754742,15.6632118,-18.8706669,59.0076981,3.76866146,-9.35929381,-10.823455,-0.626205297,-15.1581978,34.3858463,73.734672,6.96271063,-8.04479061,12.2897865,-1.62582867,-0.364857446,3.09287166,8.22205793,-5.6842068,0.391919003,-1.7112007,2.43002677,-10.1881569,6.77530604,-4.6195421,-3.01597312
740,-1.7818382,0.769846095,106.390297,0.0807099652,-0.763814191,-0.14347524,0.318254025,-0.413749488,1.19071787,14.4798627,0,13.2027061,15.6564567,-18.8463412,58.9961414,3.76634347,-9.36098258,-10.8038541,-0.625695327,-15.1531384,34.3777184,73.7268719,6.95948508,-8.0571413,12.2643713,-1.61913807,-0.351110063,3.08965229,8.21117317,-5.68064613,0.394619088,-1.71224508,2.44451446,-10.2049882,6.78375114,-4.60087647,-2.99433316
741,-1.78326666,0.77031143,106.386006,0.0847113725,-0.763507677,-0.135213409,0.313155822,-0.420530212,1.19408014,14.4821116,0,13.203326,15.6493892,-18.8379759,58.9945773,3.77262084,-9.35257547,-10.807247,-0.635688854,-15.1543849,34.3710419,73.7309973,6.99097225,-8.06567306,12.2774802,-1.62028384,-0.360226872,3.08847899,8.21106474,-5.68819221,0.413219881,-1.71102781,2.43789302,-10.2129992,6.78044789,-4.60988976,-2.97864891
742,-1.7817935,0.772163458,106.389618,0.0756829662,-0.762737173,-0.122611145,0.30572551,-0.415772344,1.18832581,14.4820655,0,13.207384,15.6485149,-18.8412544,59.0011685,3.76686299,-9.3623913,-10.8311868,-0.639005178,-15.1601769,34.367678,73.7196934,6.9570689,-8.07879129,12.2256937,-1.61789754,-0.351277163,3.07533899,8.20196778,-5.68784729,0.407960449,-1.71133911,2.44586193,-10.2302548,6.78207049,-4.606172,-2.99883618
743,-1.78116113,0.771019701,106.392777,0.0794034698,-0.762000752,-0.111581057,0.299777243,-0.42079875,1.19656056,14.4856274,0,13.2040158,15.6464198,-18.8500636,58.9942631,3.78114406,-9.34867885,-10.8263536,-0.652708672,-15.1555768,34.3496224,73.7221454,6.94913691,-8.0720405,12.2132354,-1.62434321,-0.356859268,3.07015189,8.20670537,-5.68332357,0.40908004,-1.70732734,2.43943685,-10.2248154,6.77407191,-4.60520041,-2.9823306
744,-1.78024787,0.770012755,106.390417,0.0833933913,-0.761599796,-0.103481475,0.299843544,-0.426075258,1.1937445,14.4886771,0,13.2157364,15.6485935,-18.8582308,58.9846804,3.78635336,-9.35056312,-10.8379179,-0.651854311,-15.156673,34.3448003,73.7198573,6.9510562,-8.07756869,12.192446,-1.62661361,-0.362685259,3.06615132,8.21014266,-5.68334705,0.416501814,-1.7036575,2.43363781,-10.2335042,6.7682385,-4.5983954,-2.96592747
745,-1.78166106,0.773162814,106.390369,0.0722999661,-0.762975493,-0.0954720328,0.287766755,-0.422851409,1.20172077,14.4977527,0,13.2285021,15.6517405,-18.8408873,58.9700979,3.78969802,-9.3587363,-10.8602236,-0.662372749,-15.1492298,34.3297636,73.7137648,6.95676111,-8.08157033,12.1763609,-1.62489037,-0.350714659,3.05587103,8.2058755,-5.67785942,0.417932418,-1.70641199,2.44555713,-10.2464594,6.77712415,-4.59500208,-2.98321703
746,-1.78167298,0.773392292,106.383646,0.0845793457,-0.761774459,-0.0923305668,0.294226674,-0.438595688,1.19898336,14.4834281,0,13.2310147,15.6494882,-18.8468108,58.9757192,3.78545434,-9.36529328,-10.8709923,-0.660091786,-15.1480653,34.3288415,73.7149122,6.94881376,-8.10461624,12.1681425,-1.62838828,-0.365086338,3.05884238,8.20948184,-5.68390157,0.413671261,-1.70239263,2.43148715,-10.2381394,6.76550557,-4.61396439,-2.99853373
747,-1.7809622,0.778423809,106.3923,0.0689716962,-0.763030917,-0.0831102391,0.296115728,-0.426291476,1.20013926,14.4775797,0,13.2354868,15.6472992,-18.8402111,58.9752137,3.80140923,-9.37208164,-10.8751629,-0.654253789,-15.1528344,34.3054891,73.6951047,6.92700155,-8.1027183,12.190607,-1.62383052,-0.347490036,3.04591945,8.2036591,-5.66387589,0.39286453,-1.70456453,2.44810351,-10.2542048,6.77602235,-4.58935565,-2.99930639
748,-1.7814029,0.776633667,106.388533,0.0769410192,-0.762201504,-0.0809247447,0.303849236,-0.435467568,1.19554052,14.4689293,0,13.2455929,15.6519556,-18.8422619,58.9697496,3.79409879,-9.35555343,-10.8768628,-0.651253575,-15.1489907,34.3065273,73.6921882,6.90478636,-8.09695447,12.1871902,-1.63175909,-0.356688754,3.04994691,8.21592442,-5.67197478,0.400826316,-1.69710436,2.4387549,-10.2402627,6.76206657,-4.59456239,-3.00634426
749,-1.7824417,0.775916921,106.387937,0.0838965248,-0.763189337,-0.0677489873,0.29361129,-0.449183175,1.20441453,14.4605879,0,13.2483591,15.6613762,-18.8348152,58.960884,3.79363434,-9.3440642,-10.8837647,-0.646384237,-15.1495201,34.2989765,73.6693959,6.83447469,-8.07388807,12.1571263,-1.63228138,-0.365609914,3.0338616,8.21285595,-5.66819385,0.405225812,-1.69751076,2.42974994,-10.261514,6.76568316,-4.59129884,-2.98329493
750,-1.7803276,0.776381744,106.389844,0.0860756648,-0.762656166,-0.0719209011,0.298344184,-0.455981028,1.20214435,14.4580181,0,13.2544448,15.6631435,-18.818725,58.9683904,3.79808762,-9.34892815,-10.8970025,-0.656954328,-15.1373538,34.3116636,73.6914027,6.8667627,-8.07552134,12.2002623,-1.63521324,-0.368388174,3.04322515,8.21976127,-5.67061856,0.408978227,-1.69246698,2.42837878,-10.2497729,6.75705663,-4.59921289,-2.99474447
751,-1.78006403,0.7803516,106.394482,0.0774095168,-0.762989347,-0.0536856112,0.290493121,-0.452099826,1.20037992,14.4428482,0,13.2443737,15.6677385,-18.8283197,58.9952262,3.80963022,-9.3430576,-10.8881992,-0.664085633,-15.1305544,34.3163764,73.7050016,6.88496729,-8.07790678,12.2207375,-1.63075964,-0.360422599,3.02623975,8.20762061,-5.65979698,0.39089869,-1.6947599,2.43615943,-10.2764627,6.76706755,-4.59402237,-3.00866055
752,-1.78115964,0.780001422,106.393397,0.0795755629,-0.762981069,-0.0446389632,0.286469233,-0.461491443,1.20251681,14.4373533,0,13.2500095,15.6724821,-18.8165547,58.9923985,3.81742944,-9.33692409,-10.8681509,-0.673549127,-15.11471,34.3196686,73.7186688,6.89238146,-8.09105319,12.2017795,-1.63514622,-0.362883575,3.02360479,8.21469327,-5.66266865,0.394672876,-1.68838541,2.43334625,-10.2765088,6.75648033,-4.59483047,-3.01362524
753,-1.7814599,0.777711999,106.390929,0.0861545189,-0.76286536,-0.0376439974,0.283398636,-0.473944372,1.20004972,14.4336787,0,13.2546421,15.6864652,-18.828178,58.9877267,3.79239167,-9.32506859,-10.8704937,-0.67424079,-15.1037783,34.3217416,73.7324522,6.90331147,-8.09189928,12.1999037,-1.63606018,-0.371847104,3.02018457,8.21425358,-5.6635348,0.404528226,-1.68732716,2.42587316,-10.2893291,6.75738277,-4.60336565,-2.996474
754,-1.7798841,0.774296466,106.388712,0.0938113273,-0.761864038,-0.0344738756,0.287908535,-0.492496927,1.19526208,14.4307451,0,13.2655388,15.7007812,-18.8337651,58.9763066,3.78287765,-9.31480111,-10.8585195,-0.667526821,-15.0958246,34.3257714,73.7229172,6.90594365,-8.08586737,12.1748737,-1.64074932,-0.380827042,3.02372432,8.22255653,-5.66818445,0.417141717,-1.67948589,2.41741867,-10.2833706,6.74016215,-4.60516156,-2.99094944
755,-1.78189352,0.778093794,106.392729,0.0872420018,-0.762548452,-0.025685257,0.285317466,-0.484500963,1.19697656,14.428539,0,13.265432,15.7033135,-18.8400352,58.969572,3.78543854,-9.30575367,-10.8609041,-0.679226028,-15.0913593,34.3531058,73.7427179,6.92776056,-8.09653698,12.1703854,-1.63829707,-0.375722009,3.0164316,8.21330333,-5.66253674,0.414933218,-1.68248797,2.42413808,-10.3033566,6.74685062,-4.59364842,-2.99862871
756,-1.78198535,0.775899971,106.395006,0.0982809106,-0.762113016,-0.0144874742,0.273446116,-0.502808911,1.19583059,14.4335387,0,13.274646,15.7099866,-18.8302117,58.9641625,3.79110973,-9.30509541,-10.8634765,-0.682755635,-15.0893564,34.3749282,73.7414065,6.9642137,-8.08988096,12.1931197,-1.63920698,-0.389009342,3.01295674,8.21090679,-5.65352175,0.406861642,-1.68102652,2.41142283,-10.3141696,6.74643483,-4.61864563,-2.99698754
757,-1.78079605,0.777746551,106.401396,0.0966330218,-0.763516727,-0.00646186499,0.26824426,-0.501881286,1.19846053,14.4425955,0,13.2881962,15.7142743,-18.8190085,58.9502767,3.7741064,-9.322287,-10.8836298,-0.681350163,-15.0833987,34.3692489,73.7377797,6.93594739,-8.10367111,12.1569384,-1.64037964,-0.388140254,3.01039072,8.21454386,-5.64462457,0.41173114,-1.68065214,2.41192378,-10.3184914,6.75108661,-4.61389481,-3.00350226
758,-1.78211108,0.779854506,106.402135,0.0852389938,-0.764495582,-0.00205409747,0.269503657,-0.490058816,1.20371561,14.4470778,0,13.2913116,15.7172454,-18.8260726,58.9392323,3.7593993,-9.3159315,-10.8994972,-0.683222649,-15.0805215,34.3601511,73.7342417,6.90913719,-8.08583663,12.1575788,-1.63832226,-0.37638163,3.00545997,8.21181606,-5.64101994,0.411882151,-1.6824758,2.42193791,-10.3256341,6.75310451,-4.5878227,-2.98326228
759,-1.78261604,0.779137434,106.401706,0.0873595302,-0.764390646,0.00859451325,0.261355001,-0.498163582,1.20238159,14.45796,0,13.2944177,15.7274343,-18.836586,58.9329485,3.7367743,-9.32316211,-10.9062395,-0.682688827,-15.0808203,34.3788795,73.7243106,6.92534352,-8.07174595,12.1792885,-1.63995691,-0.380016811,2.99712671,8.20875016,-5.63451888,0.412985254,-1.68102983,2.42005939,-10.3368467,6.75588909,-4.60258914,-2.98906452
760,-1.78482383,0.781043572,106.39894,0.081809888,-0.764706766,0.014135048,0.266984891,-0.493982012,1.20777413,14.4625158,0,13.2917257,15.7337267,-18.8535931,58.9212826,3.7044039,-9.30631545,-10.9279134,-0.686445804,-15.0867421,34.3906821,73.7163124,6.94031359,-8.06273437,12.2008864,-1.63988082,-0.374138233,2.99429986,8.20477157,-5.64312406,0.414746936,-1.68217858,2.42745201,-10.3384518,6.75560777,-4.61584483,-3.00892351
761,-1.78646054,0.782635249,106.39807,0.0783935846,-0.766992379,0.0321756097,0.253594252,-0.488635842,1.21241301,14.4560493,0,13.299501,15.732154,-18.8498963,58.9094663,3.70658102,-9.29456753,-10.9269213,-0.685997893,-15.0968952,34.394005,73.7095369,6.9337993,-8.06497126,12.2134736,-1.63620895,-0.371647695,2.9758765,8.1960332,-5.63680358,0.414260685,-1.68672813,2.42948185,-10.3604775,6.77400745,-4.61753231,-3.00244124
762,-1.78915896,0.782271847,106.395948,0.0830305381,-0.769139806,0.0344164634,0.253372351,-0.496460517,1.22548844,14.4647783,0,13.2858654,15.7359499,-18.8587568,58.9224847,3.70397829,-9.29055735,-10.9177867,-0.69688815,-15.0889773,34.3755088,73.7175692,6.90512787,-8.05989472,12.1861238,-1.64306198,-0.377092876,2.97633775,8.20865197,-5.6371707,0.412278036,-1.68313865,2.42155222,-10.3499658,6.76162346,-4.59722061,-2.98655208
763,-1.79226082,0.780141773,106.393695,0.0866953717,-0.772933426,0.0428336375,0.244293375,-0.505947864,1.23802782,14.4811383,0,13.2778212,15.7384019,-18.8499783,58.9299911,3.71562675,-9.2796632,-10.9275949,-0.694277577,-15.0860318,34.3703452,73.7093047,6.90824244,-8.05631997,12.1669643,-1.64962686,-0.380267981,2.96690056,8.22152176,-5.63768083,0.414171839,-1.68192512,2.41720822,-10.3483556,6.76722721,-4.60157955,-2.98815611
764,-1.7926624,0.781053398,106.398869,0.0805331893,-0.774072375,0.0448025376,0.248444102,-0.499829615,1.24344725,14.4834366,0,13.2696591,15.7437944,-18.868681,58.9372516,3.72181405,-9.26353712,-10.9133488,-0.694639737,-15.0920526,34.3782306,73.70897,6.95975444,-8.05609287,12.1707875,-1.64927425,-0.374107977,2.96570421,8.21951027,-5.63039601,0.401976163,-1.68347504,2.42288688,-10.3525177,6.76725239,-4.58888735,-2.99929828
765,-1.79415755,0.779614458,106.396139,0.0833120837,-0.773560414,0.0560508768,0.237443923,-0.504880273,1.24100524,14.4932806,0,13.2769921,15.7487309,-18.8796384,58.9277439,3.7043484,-9.25010983,-10.9093412,-0.70232354,-15.098,34.3971161,73.7236412,6.94129714,-8.0971406,12.1440738,-1.64761473,-0.37810153,2.95731823,8.2122899,-5.6309326,0.41130991,-1.68310386,2.42002012,-10.3682477,6.77106406,-4.60652376,-2.98294126
766,-1.79778151,0.776395854,106.389785,0.0928956097,-0.773754962,0.0558705981,0.239342875,-0.518542092,1.24806606,14.4988028,0,13.2777511,15.7533993,-18.865657,58.9240761,3.71555503,-9.24815468,-10.9027142,-0.702782016,-15.0928995,34.380751,73.7289824,6.9520231,-8.0988507,12.142677,-1.65240867,-0.389685157,2.9609171,8.21796493,-5.63960353,0.424193221,-1.67818965,2.4092186,-10.3574952,6.75507246,-4.6115845,-2.98195472
767,-1.79893561,0.779428147,106.390774,0.0787897481,-0.774673236,0.0560947948,0.238852329,-0.505139447,1.25255851,14.5102417,0,13.2796286,15.7550505,-18.8722498,58.9173962,3.68965069,-9.24673827,-10.8919353,-0.697551905,-15.0983586,34.3722371,73.7237915,6.97135381,-8.10202247,12.164508,-1.64993614,-0.373493527,2.95823198,8.21514236,-5.63693805,0.403712712,-1.68005162,2.42384054,-10.3667698,6.75889267,-4.58328959,-2.98680949
768,-1.80279091,0.780648226,106.387877,0.0834936973,-0.773249626,0.0472461385,0.247093753,-0.509641502,1.25238359,14.5207995,0,13.2807769,15.7489563,-18.8619038,58.922109,3.72324668,-9.26005117,-10.8766144,-0.695805191,-15.1060579,34.3682893,73.724413,6.95201242,-8.1054222,12.1570947,-1.65011607,-0.379496409,2.97088213,8.21137636,-5.6341287,0.405047533,-1.67674826,2.42004253,-10.3637227,6.74343296,-4.58918319,-3.00419083
769,-1.80465002,0.780230388,106.390274,0.0921561639,-0.773470193,0.0482952032,0.251271134,-0.520828284,1.25285093,14.5276331,0,13.2826151,15.7423293,-18.852222,58.92062,3.72816527,-9.26694283,-10.872068,-0.691343263,-15.1123075,34.3804197,73.7229036,6.95163676,-8.12097198,12.1548219,-1.65166311,-0.38930923,2.97283898,8.21213281,-5.62283499,0.393133869,-1.67656854,2.41149199,-10.3656223,6.74141251,-4.59728763,-3.01115634
770,-1.80693846,0.779977813,106.39199,0.0862533675,-0.773407393,0.0451446023,0.250938936,-0.516021165,1.26324861,14.5394971,0,13.2754801,15.7489716,-18.857751,58.9103884,3.71734198,-9.27112119,-10.9019228,-0.705673107,-15.1188542,34.4042468,73.7296996,6.97733706,-8.11568627,12.1832791,-1.65162096,-0.38280777,2.9844629,8.20599588,-5.62320552,0.399919849,-1.67783063,2.41931789,-10.3668816,6.74043622,-4.59273104,-3.02301248
771,-1.81015711,0.777464034,106.393909,0.0978213132,-0.773043539,0.0358201142,0.261648512,-0.527856869,1.26800146,14.5520066,0,13.2785972,15.752998,-18.849548,58.8958265,3.71896116,-9.27610467,-10.9263842,-0.686093729,-15.1258415,34.3909348,73.7106707,6.96632978,-8.09193428,12.1871817,-1.65437918,-0.394401376,2.99484564,8.20677025,-5.61079123,0.400894218,-1.6761948,2.4083533,-10.3588869,6.72982125,-4.58881009,-3.01970881
772,-1.81337036,0.778384646,106.39199,0.0981917111,-0.771802974,0.0278138553,0.275345603,-0.532539071,1.2709266,14.5557393,0,13.2754767,15.7559709,-18.8430951,58.8929168,3.74117294,-9.27103582,-10.9497973,-0.696879932,-15.1313706,34.4112068,73.7238734,6.9345963,-8.08082327,12.1882071,-1.6516867,-0.39433174,3.00791947,8.19692027,-5.60897867,0.405267433,-1.67743363,2.40829973,-10.3514368,6.72418335,-4.58550556,-3.02047486
773,-1.81777906,0.781838223,106.390965,0.0910898589,-0.772012369,0.0189103572,0.278071382,-0.527240551,1.27548255,14.5717954,0,13.2757439,15.7528375,-18.8313404,58.888204,3.73658817,-9.27421271,-10.9598914,-0.699219699,-15.140675,34.4157147,73.7209774,6.91043749,-8.092549,12.1951047,-1.64892773,-0.385487766,3.01263145,8.19097459,-5.61018932,0.389976187,-1.67873094,2.41784705,-10.3480235,6.72187987,-4.575148,-3.03808927
774,-1.81840658,0.783974025,106.386912,0.0810846591,-0.771350875,0.0182246084,0.273129607,-0.522212252,1.27209659,14.5808846,0,13.2858347,15.747259,-18.8116285,58.887077,3.74680699,-9.27225415,-10.9625672,-0.698520405,-15.1463645,34.413792,73.7147005,6.91674432,-8.09002269,12.2229309,-1.64549524,-0.371959296,3.02108488,8.1878088,-5.6323742,0.377216087,-1.68028982,2.43034609,-10.3472337,6.72208008,-4.58502659,-3.05060709
775,-1.82209089,0.776108401,106.391037,0.103566087,-0.772174447,0.00350862025,0.266967068,-0.549605953,1.27920553,14.6129404,0,13.2884481,15.7632143,-18.8272884,58.8893719,3.71459881,-9.28186252,-10.9439515,-0.720532557,-15.1399442,34.4139286,73.7304919,6.89609793,-8.11691655,12.1795131,-1.65065769,-0.398371557,3.03373887,8.19833582,-5.60909137,0.401813599,-1.67800246,2.40531899,-10.3241639,6.7122476,-4.58993664,-3.0220268
776,-1.82361975,0.776430545,106.401181,0.0938261447,-0.773762844,-0.00168251469,0.25147716,-0.541386514,1.28496007,14.6392776,0,13.2918008,15.7651285,-18.8150692,58.8910112,3.71006143,-9.27892895,-10.9338624,-0.720258122,-15.1375126,34.4042981,73.7250141,6.90060586,-8.09070827,12.1575088,-1.64914064,-0.387487651,3.03657468,8.19804213,-5.60659621,0.409741047,-1.68051639,2.41364777,-10.3215795,6.71523623,-4.55759954,-2.98363474
777,-1.82698593,0.773075968,106.398606,0.103329275,-0.772778225,-0.0149912661,0.24640457,-0.557917279,1.28715897,14.6542767,0,13.2852806,15.7677683,-18.8090791,58.9118433,3.71016858,-9.27551386,-10.9299394,-0.725041229,-15.1400125,34.4066852,73.7163397,6.90435051,-8.11624464,12.1285906,-1.64737685,-0.397285424,3.0510058,8.19165078,-5.61891574,0.414224906,-1.68140923,2.40465582,-10.3135302,6.70809612,-4.57054403,-2.97811445
778,-1.83063205,0.770099694,106.394291,0.107888282,-0.772128087,-0.033059255,0.245546848,-0.575204541,1.28882073,14.6629801,0,13.2774592,15.7754591,-18.8223536,58.9315962,3.72025335,-9.25948255,-10.9018869,-0.731506537,-15.1402549,34.4172344,73.701409,6.9051125,-8.12715842,12.1211483,-1.64768666,-0.399562651,3.06355905,8.19341211,-5.63240707,0.409243297,-1.68145928,2.40395829,-10.2936944,6.69968346,-4.58946493,-3.00979223
779,-1.83731336,0.770071102,106.396711,0.0938737836,-0.775829466,-0.0392390785,0.238735735,-0.565887523,1.30365878,14.6694995,0,13.2592328,15.778893,-18.8354385,58.9557204,3.72195108,-9.25717395,-10.8763172,-0.736279878,-15.1501331,34.4026861,73.6789308,6.88927116,-8.12201444,12.1211098,-1.6423637,-0.381332316,3.06325895,8.18216962,-5.62312143,0.391565407,-1.69361723,2.42203524,-10.3001601,6.71743513,-4.5782916,-3.01773979
780,-1.83843244,0.765181798,106.395519,0.10491368,-0.775759405,-0.0499577582,0.237779936,-0.588476719,1.30367372,14.6733039,0,13.2554753,15.7873949,-18.8272833,58.9711293,3.73341726,-9.26928387,-10.8893527,-0.731025435,-15.1540366,34.38642,73.6655095,6.91520752,-8.13821906,12.1383544,-1.64220543,-0.389869119,3.06766079,8.18415038,-5.61739944,0.388771753,-1.69281692,2.41393037,-10.2929201,6.71710899,-4.58737489,-3.01254671
781,-1.84115171,0.762262894,106.395137,0.105685396,-0.776716264,-0.0624659132,0.231109002,-0.597034733,1.31043764,14.6761487,0,13.2520107,15.7991872,-18.8316819,58.9691417,3.73160598,-9.27760134,-10.8912583,-0.733766315,-15.1589782,34.3878168,73.6647718,6.92650764,-8.16946035,12.1389861,-1.64266711,-0.387380209,3.07397359,8.18571534,-5.62020323,0.392128204,-1.69408221,2.41549661,-10.2861249,6.71527849,-4.58348083,-3.00536562
782,-1.84502918,0.76223379,106.395388,0.0995573637,-0.777196164,-0.0713671989,0.239047576,-0.595333909,1.31408347,14.6615492,0,13.2405881,15.8064187,-18.8425812,58.9751045,3.72047661,-9.27909288,-10.9022626,-0.724589209,-15.1661994,34.3744057,73.6557218,6.9242127,-8.19246015,12.148644,-1.64118123,-0.378727533,3.08072438,8.18190922,-5.62135497,0.39705253,-1.69589873,2.42474917,-10.2776307,6.71550346,-4.57506177,-3.01246838
783,-1.84704177,0.760211423,106.395006,0.0966137857,-0.777077231,-0.0849826858,0.242074737,-0.605633781,1.3117945,14.6552415,0,13.2418645,15.8166947,-18.8374671,58.9786357,3.73612884,-9.29613762,-10.9135887,-0.720682501,-15.1667731,34.3783399,73.6590345,6.94169286,-8.19354872,12.1781803,-1.63557834,-0.37214299,3.09134682,8.17016812,-5.61013126,0.386335136,-1.69978638,2.43335137,-10.2759837,6.71621978,-4.569283,-3.0358447
784,-1.84751246,0.755487848,106.397307,0.102712811,-0.778219801,-0.0989200316,0.244013337,-0.623700432,1.31463863,14.6592696,0,13.2469675,15.8296379,-18.8177859,58.9666077,3.74951388,-9.3019834,-10.9183545,-0.717787888,-15.1684944,34.3846988,73.671199,6.95932286,-8.17776842,12.2127582,-1.63590277,-0.374255226,3.1022764,8.17347394,-5.59878162,0.385125366,-1.70147173,2.43093071,-10.2651033,6.71449174,-4.56201397,-3.03573222
785,-1.84925683,0.752347335,106.39869,0.109884454,-0.778988198,-0.114287239,0.246568628,-0.63751593,1.31650754,14.6642454,0,13.2474533,15.8433905,-18.8228129,58.9585891,3.72580117,-9.32225114,-10.9136212,-0.713488871,-15.1702736,34.404322,73.6730295,6.9576913,-8.17875623,12.195757,-1.6364129,-0.380071346,3.11833119,8.17564764,-5.58114394,0.380705299,-1.70186148,2.42570647,-10.2576233,6.7105456,-4.54326041,-3.04310519
786,-1.85291599,0.750902295,106.396186,0.103340925,-0.779497578,-0.134457893,0.251691457,-0.637519078,1.31868178,14.6644486,0,13.2472014,15.845962,-18.8067005,58.9510759,3.73582746,-9.32539388,-10.9043415,-0.721420482,-15.1767145,34.4419563,73.6777082,6.96261843,-8.16066221,12.2024523,-1.63193048,-0.369798635,3.13097302,8.17026204,-5.59134781,0.373266743,-1.70607923,2.43511868,-10.2425756,6.70948393,-4.53590515,-3.04864832
787,-1.85535084,0.747110089,106.395459,0.0987944279,-0.778558572,-0.143100493,0.250039752,-0.641505507,1.31626721,14.6596026,0,13.2412899,15.8522663,-18.7954324,58.9578924,3.72095174,-9.33787946,-10.9119614,-0.717660036,-15.1651424,34.4389066,73.6928097,6.98650445,-8.15041693,12.2060116,-1.62825445,-0.361469886,3.14626047,8.16072283,-5.59702199,0.370467006,-1.70746192,2.44504913,-10.2418405,6.70623831,-4.53506717,-3.06575005
788,-1.85810421,0.738907652,106.388319,0.118197296,-0.778798485,-0.15634719,0.251882436,-0.665018434,1.31880131,14.6690641,0,13.2385629,15.85611,-18.7940271,58.9531659,3.72541783,-9.31448094,-10.8979237,-0.721803986,-15.163148,34.4651311,73.7011562,6.98226504,-8.14374981,12.2024045,-1.6304716,-0.381304995,3.16158763,8.16574814,-5.60259244,0.383484946,-1.70627442,2.42547787,-10.2285259,6.69795671,-4.55113946,-3.02786107
789,-1.85805503,0.735526765,106.389654,0.108222077,-0.779584161,-0.16413144,0.243797306,-0.667658409,1.31574566,14.6811211,0,13.2356234,15.8700231,-18.7883853,58.9657881,3.73484263,-9.32089961,-10.8937231,-0.716526171,-15.150992,34.4618356,73.702775,6.95682643,-8.10331765,12.2032821,-1.62017402,-0.367456173,3.16205678,8.14727162,-5.59122146,0.377917328,-1.71539571,2.44084643,-10.2456645,6.71108817,-4.52319673,-3.01326132
790,-1.86223127,0.733565027,106.383479,0.105737447,-0.779920848,-0.178793978,0.239270224,-0.669787933,1.32760233,14.693856,0,13.22048,15.8726015,-18.7756965,58.9716006,3.7345515,-9.3134197,-10.8948595,-0.724181105,-15.1443957,34.4703426,73.7115313,6.96620556,-8.10524376,12.2045269,-1.62042311,-0.361800617,3.17333214,8.14744665,-5.60785852,0.391328245,-1.71786056,2.4469983,-10.2259996,6.70821992,-4.5422679,-3.03415551
791,-1.86595675,0.729239359,106.385958,0.105820909,-0.779748799,-0.182362878,0.234735619,-0.679208579,1.3272351,14.6802895,0,13.1977269,15.8754241,-18.786268,58.9968723,3.72265502,-9.32198732,-10.8922862,-0.713745483,-15.1441891,34.4738601,73.7021671,6.95632313,-8.11314458,12.1904636,-1.61570515,-0.358752778,3.17690454,8.13478006,-5.60401952,0.380517843,-1.7209192,2.45175168,-10.2340455,6.70923805,-4.5426141,-3.06018237
792,-1.8695293,0.725652836,106.391168,0.101480469,-0.78128908,-0.182682811,0.225272152,-0.679403933,1.33455077,14.6904477,0,13.181501,15.8800157,-18.7916177,59.0052802,3.72002283,-9.32224943,-10.8865122,-0.720804858,-15.1398878,34.4895047,73.7253556,7.03713152,-8.10786741,12.2266055,-1.61634378,-0.351230499,3.178201,8.13635186,-5.59510527,0.372748262,-1.72154907,2.45860962,-10.2301976,6.7097755,-4.52729143,-3.04884383
793,-1.87151972,0.719488226,106.386721,0.105026264,-0.781941995,-0.167506092,0.208462483,-0.689174091,1.3357024,14.6880503,0,13.1717662,15.8955338,-18.8203916,59.0061135,3.70119584,-9.3275266,-10.883465,-0.719577718,-15.1393602,34.5182051,73.7396853,7.0771829,-8.11600046,12.2344286,-1.61520015,-0.353209172,3.1689589,8.12628074,-5.59349847,0.384347711,-1.72183744,2.45635758,-10.2496081,6.71118294,-4.5309221,-3.00010595
794,-1.87418647,0.712742889,106.386864,0.118172058,-0.784399878,-0.174006857,0.204559977,-0.709287611,1.34278851,14.6945168,0,13.1695661,15.9102017,-18.8340895,58.9958136,3.7278959,-9.33976289,-10.8705107,-0.710135462,-15.1343315,34.5070343,73.7349725,7.0727104,-8.09378014,12.2359808,-1.62178509,-0.364906698,3.17459423,8.14031934,-5.58615559,0.389670937,-1.71957099,2.44339772,-10.2382871,6.70447783,-4.53208366,-2.97966384
795,-1.87734645,0.711290166,106.395972,0.106422576,-0.786012884,-0.170877433,0.196110112,-0.707653382,1.34792289,14.6823847,0,13.1583466,15.9178464,-18.8400694,58.9947413,3.72931658,-9.35218956,-10.8706849,-0.708376261,-15.1343058,34.5073485,73.736844,7.1013686,-8.1042807,12.2875163,-1.62118627,-0.347788724,3.16769724,8.13970207,-5.57075053,0.376599289,-1.72192207,2.46239995,-10.2441995,6.71303136,-4.52034939,-3.0300352
796,-1.88518316,0.704433769,106.397212,0.11653495,-0.787675939,-0.159564219,0.187644827,-0.723595363,1.35825739,14.6700733,0,13.1472416,15.9269869,-18.854172,58.9805208,3.71838316,-9.36192344,-10.8710537,-0.713978137,-15.1343041,34.526859,73.7532296,7.09473691,-8.11717696,12.313413,-1.62553593,-0.353973753,3.15412629,8.1387928,-5.57057422,0.363556135,-1.72207788,2.45697315,-10.2528712,6.71298227,-4.5472979,-3.06157765
797,-1.88785344,0.700894464,106.398261,0.122275789,-0.788135737,-0.157320137,0.19284128,-0.728620035,1.36083654,14.6647218,0,13.1391717,15.9311755,-18.8753746,58.9677279,3.72832365,-9.37451489,-10.8722943,-0.704531291,-15.1461579,34.5299291,73.7440567,7.09131712,-8.11237875,12.3416694,-1.6271057,-0.359229024,3.15307081,8.13904893,-5.56623107,0.363245602,-1.72093361,2.45287034,-10.2549638,6.71361065,-4.54613293,-3.04711516
798,-1.88940149,0.698618032,106.394398,0.107902994,-0.790116771,-0.152492829,0.183422289,-0.720547658,1.36733525,14.6622322,0,13.1369758,15.9383933,-18.880429,58.9438359,3.71527628,-9.36915063,-10.8826292,-0.694912518,-15.1439501,34.5441667,73.7420759,7.10668547,-8.13638174,12.3226969,-1.62346692,-0.340249902,3.14533925,8.13032251,-5.57058233,0.365308079,-1.72436642,2.46979085,-10.2640113,6.71591498,-4.51892786,-3.03067318
799,-1.89640038,0.69454927,106.391406,0.106283688,-0.793094462,-0.163058799,0.182246256,-0.719203338,1.38620696,14.6738128,0,13.1253841,15.9356322,-18.8738686,58.9247933,3.70887297,-9.36069571,-10.8898675,-0.70922678,-15.1400637,34.5533567,73.7581064,7.06110506,-8.13252354,12.2810549,-1.62727613,-0.336146106,3.15396087,8.13779388,-5.57743856,0.381776118,-1.72555957,2.47263051,-10.245014,6.70910571,-4.51966467,-3.02832445
800,-1.89677756,0.692513445,106.40012,0.105320771,-0.793700788,-0.156136794,0.178039873,-0.722937317,1.37801222,14.6737803,0,13.1232915,15.9255713,-18.8702281,58.9290143,3.69471527,-9.36005623,-10.882759,-0.679488456,-15.1473447,34.5212036,73.7417002,7.03157474,-8.14688742,12.2902245,-1.62058692,-0.331747864,3.14243109,8.12733089,-5.55877592,0.358892317,-1.72540055,2.4792195,-10.2671002,6.71849295,-4.51710078,-3.06288051
801,-1.90450326,0.68893428,106.404459,0.108326682,-0.795052794,-0.151537489,0.178762793,-0.724592624,1.38360433,14.6811569,0,13.1147547,15.9155104,-18.8649825,58.9264872,3.69710925,-9.36525742,-10.881988,-0.675000648,-15.1499043,34.5057093,73.7548552,7.03198711,-8.16828385,12.3237411,-1.6229253,-0.333346982,3.13977692,8.12798146,-5.54898997,0.356692569,-1.72618378,2.4770761,-10.269297,6.71656556,-4.51349487,-3.08556869
802,-1.90997683,0.685913907,106.399703,0.10495511,-0.795615372,-0.150978255,0.185447333,-0.720198518,1.38930658,14.68574,0,13.1017372,15.9016452,-18.8676924,58.9309883,3.67876465,-9.36226751,-10.8777627,-0.676079391,-15.1543149,34.4941014,73.7655171,7.04501996,-8.17692574,12.3593562,-1.62201966,-0.328445068,3.14072631,8.12192906,-5.5531662,0.350250847,-1.72708163,2.48370182,-10.27687,6.71308045,-4.50495628,-3.07370167
803,-1.9116981,0.677649444,106.391358,0.121693038,-0.793426446,-0.156996632,0.19481954,-0.744312021,1.38650791,14.7008296,0,13.1024159,15.9006599,-18.8679826,58.9278669,3.66685109,-9.35533316,-10.8553998,-0.672720272,-15.1437281,34.4913556,73.7805367,7.00292722,-8.16265577,12.3570314,-1.62800632,-0.344263092,3.15375917,8.12534842,-5.55498858,0.349835192,-1.71894688,2.46933729,-10.2634563,6.6822827,-4.50722689,-3.08776737
804,-1.91593077,0.674952939,106.398499,0.12602267,-0.794105628,-0.156765902,0.193292019,-0.746011831,1.39320577,14.7144763,0,13.0995472,15.8871669,-18.8378461,58.933495,3.69768384,-9.34929954,-10.8546852,-0.670356813,-15.1455278,34.4800927,73.7903585,6.96632295,-8.16110703,12.3726794,-1.62900673,-0.34609585,3.148968,8.12188893,-5.53601218,0.340289283,-1.7193934,2.46742697,-10.2700398,6.68260073,-4.49585079,-3.08758253
805,-1.92094613,0.675549451,106.405663,0.120687097,-0.793247112,-0.145743514,0.188611512,-0.732342594,1.39531416,14.720936,0,13.1007408,15.8654895,-18.8238152,58.9335974,3.68922679,-9.34166339,-10.8378565,-0.66782276,-15.1627058,34.4809874,73.7827907,6.99498242,-8.15416072,12.4319688,-1.62264238,-0.339330655,3.14519859,8.10224702,-5.51668872,0.327688517,-1.72339803,2.47663598,-10.2926537,6.68883798,-4.49346065,-3.11368239
806,-1.92370415,0.670622615,106.401277,0.123616803,-0.790786386,-0.137160628,0.192349466,-0.737676759,1.38962472,14.7284867,0,13.0989991,15.8570782,-18.8318424,58.9462469,3.68540231,-9.35061691,-10.8403862,-0.663862317,-15.1698382,34.4844913,73.7801679,6.96968981,-8.14800331,12.4592264,-1.62421653,-0.339315474,3.14401569,8.09400895,-5.51812861,0.323542806,-1.71841893,2.47824044,-10.2940334,6.66898859,-4.50276849,-3.14169961
807,-1.92888472,0.66344873,106.394303,0.135871153,-0.789994949,-0.130421576,0.191045274,-0.750705665,1.40014182,14.7398402,0,13.0888298,15.8567179,-18.8402965,58.9547642,3.68179981,-9.35326873,-10.8413731,-0.671439078,-15.1715884,34.4587073,73.7902082,6.89538503,-8.17783587,12.460017,-1.6310163,-0.350122487,3.13828239,8.09292552,-5.50988756,0.322535113,-1.71613305,2.46852471,-10.2952295,6.65774397,-4.50588818,-3.12598314
808,-1.93201173,0.65811309,106.393993,0.142176035,-0.790219649,-0.11573778,0.17663124,-0.761221275,1.40884028,14.7581093,0,13.0890689,15.8563337,-18.8318117,58.9539923,3.68976723,-9.34916464,-10.8532082,-0.676656916,-15.1726915,34.4546639,73.7846553,6.90710606,-8.17166137,12.4477448,-1.6302255,-0.354476012,3.12673851,8.08295088,-5.49173505,0.312297273,-1.71783078,2.46422254,-10.3188005,6.65638988,-4.49140647,-3.13097344
809,-1.93701815,0.653464207,106.395292,0.143598016,-0.788937038,-0.111406744,0.186601862,-0.764329438,1.41432802,14.7497355,0,13.0911009,15.8560844,-18.8222443,58.9527424,3.71535568,-9.35318506,-10.8682346,-0.666632599,-15.1783076,34.4173096,73.7708105,6.88948119,-8.17149147,12.4388767,-1.63248885,-0.353778266,3.13050771,8.08011891,-5.48296851,0.307425614,-1.71219364,2.46630234,-10.3199206,6.64084096,-4.48707485,-3.13747728
810,-1.93907581,0.651299022,106.402826,0.137697566,-0.789137298,-0.091153232,0.179354671,-0.759645102,1.41575009,14.7367444,0,13.0916789,15.8558539,-18.8305976,58.9570318,3.72467462,-9.35265914,-10.8911208,-0.66254804,-15.1855749,34.3948348,73.758079,6.89769492,-8.18766365,12.4411879,-1.63086412,-0.346409932,3.11633677,8.067606,-5.46572698,0.306401833,-1.7138935,2.47518051,-10.3354431,6.64678621,-4.49352681,-3.15198801
811,-1.94082912,0.647166558,106.402481,0.12915319,-0.789556757,-0.0778779842,0.172653562,-0.746721317,1.42219928,14.741447,0,13.0909438,15.8497477,-18.8406209,58.9508778,3.72669849,-9.34162582,-10.9062608,-0.668859348,-15.1924956,34.3939128,73.743763,6.91090536,-8.18009068,12.3912173,-1.6338471,-0.335555268,3.1098148,8.06356851,-5.4738613,0.314987861,-1.71243387,2.48586827,-10.3432355,6.63969562,-4.4849656,-3.14918422
812,-1.94272399,0.641294289,106.40136,0.133383614,-0.791052147,-0.0740795084,0.173556494,-0.747324241,1.43048515,14.7385749,0,13.0984527,15.8556763,-18.8533421,58.9340345,3.73036374,-9.32770846,-10.9096759,-0.674292763,-15.1886878,34.3750068,73.7477518,6.90377763,-8.16728493,12.345012,-1.63557033,-0.339883287,3.11016762,8.06284024,-5.46408005,0.313269294,-1.71286918,2.48111424,-10.3494177,6.63948346,-4.46813046,-3.09989907
813,-1.94528103,0.634466438,106.398201,0.148239556,-0.791283111,-0.0709588037,0.174508585,-0.765805612,1.43298874,14.7265931,0,13.1062784,15.8609765,-18.8577971,58.9273205,3.73080855,-9.31108719,-10.9206298,-0.683888806,-15.1804147,34.3841934,73.7621976,6.93479053,-8.16697501,12.3167828,-1.64290745,-0.35440619,3.11029014,8.07163155,-5.47011793,0.30992485,-1.70648573,2.46486757,-10.3390597,6.62119947,-4.47114514,-3.08426071
814,-1.95147954,0.633331202,106.401527,0.137534569,-0.793273169,-0.0556250782,0.162713622,-0.753001836,1.44878301,14.7228467,0,13.1201334,15.8564959,-18.8501098,58.9017551,3.75628985,-9.2717325,-10.8987134,-0.689273983,-15.1876752,34.3899922,73.750156,6.94781186,-8.15935935,12.3510567,-1.63913302,-0.341538994,3.09797253,8.05696286,-5.46425294,0.315261602,-1.7121772,2.4793766,-10.366669,6.63470062,-4.47478264,-3.07803094
815,-1.9559646,0.628677988,106.399679,0.143835639,-0.79385439,-0.0412573701,0.157087788,-0.757155605,1.45699877,14.7125639,0,13.1182833,15.852852,-18.8544316,58.9064952,3.76501756,-9.27963844,-10.8856541,-0.707582945,-15.1958288,34.4054933,73.7416934,6.91178773,-8.16026691,12.3364324,-1.64060845,-0.347012296,3.08353671,8.05037344,-5.46578631,0.319225966,-1.71240068,2.47598925,-10.3829633,6.6332936,-4.49460556,-3.10256199
816,-1.96305756,0.625500083,106.396258,0.137535061,-0.795653998,-0.0296292153,0.157006959,-0.750709453,1.47065734,14.7097003,0,13.1065738,15.8711945,-18.903778,58.900389,3.7354168,-9.25842046,-10.8748197,-0.72373186,-15.191326,34.4137545,73.7540492,6.91547177,-8.14204311,12.370422,-1.64019608,-0.337643625,3.07724568,8.04002399,-5.46358315,0.322327379,-1.71590147,2.48629366,-10.3949545,6.63842393,-4.49278702,-3.11587318
817,-1.96592882,0.621370692,106.388593,0.135462411,-0.796642213,-0.0243079963,0.160321389,-0.748209017,1.47994372,14.6941975,0,13.1124102,15.8770787,-18.9098927,58.8986746,3.75479703,-9.26003836,-10.8652643,-0.732313726,-15.1879262,34.4119957,73.7521368,6.8553994,-8.16526576,12.3099791,-1.64033514,-0.333898947,3.07647643,8.03563389,-5.47504421,0.336961113,-1.7161973,2.4887886,-10.3931804,6.63326244,-4.49260559,-3.09167189
818,-1.97105501,0.621054647,106.391287,0.13220173,-0.798656782,-0.0199679426,0.166020341,-0.742865675,1.48886096,14.6777009,0,13.1147581,15.8847643,-18.9200065,58.9034899,3.75519404,-9.25869025,-10.8739361,-0.741216238,-15.1884641,34.4191742,73.7518636,6.86694968,-8.1704012,12.3253171,-1.64156414,-0.329409752,3.0718953,8.03318356,-5.46272681,0.32964486,-1.71747177,2.49431636,-10.3992857,6.63327268,-4.47559757,-3.08864655
819,-1.97572522,0.616053864,106.393921,0.141630087,-0.799643683,-0.00916155663,0.164643337,-0.755719077,1.49790573,14.6733927,0,13.124515,15.9056545,-18.951048,58.8902462,3.7468326,-9.23558287,-10.8554561,-0.740428845,-15.1932111,34.4324897,73.7233544,6.86217964,-8.17790417,12.3285845,-1.64609907,-0.337126265,3.06465871,8.03500466,-5.46159642,0.317601715,-1.71405636,2.4874708,-10.4041138,6.62828494,-4.48416006,-3.08273651
820,-1.97841674,0.610777549,106.400216,0.142520489,-0.801688547,0.000792146619,0.166226887,-0.764777775,1.50472547,14.6610045,0,13.1323134,15.9202694,-18.9520435,58.8929031,3.76283574,-9.24463116,-10.8454098,-0.741865692,-15.193556,34.4348563,73.6922224,6.87639796,-8.16341221,12.3406731,-1.64785272,-0.332836799,3.05250225,8.03603004,-5.44213166,0.298516006,-1.71480842,2.4909527,-10.4103686,6.63280396,-4.47720352,-3.13089831
821,-1.98216904,0.606482802,106.39652,0.150006067,-0.802138683,0.00311693973,0.179350762,-0.770937325,1.51143581,14.6482849,0,13.1357754,15.9368582,-18.9823969,58.8822139,3.74685224,-9.24713442,-10.8270989,-0.740721422,-15.19978,34.4376704,73.6620329,6.86832553,-8.14254769,12.324845,-1.65089909,-0.340275302,3.05366573,8.03649791,-5.44080575,0.302447873,-1.71386927,2.48601127,-10.4163134,6.63360267,-4.49382179,-3.12398403
822,-1.9881323,0.600972213,106.392467,0.142856998,-0.803190979,0.00797563944,0.180144518,-0.768915376,1.51846172,14.6552893,0,13.1456749,15.9407873,-18.9608715,58.8808,3.74964622,-9.26970991,-10.8134317,-0.74507919,-15.1945464,34.4490426,73.6588705,6.87590277,-8.16665912,12.2936746,-1.6510516,-0.329036493,3.05082267,8.03424651,-5.4494835,0.329864066,-1.71427161,2.49656413,-10.4198164,6.62850137,-4.48514062,-3.11343501
823,-1.99059565,0.598124787,106.395543,0.139825645,-0.804236657,0.0180725683,0.171743959,-0.766622247,1.52019307,14.6631013,0,13.1588282,15.9389551,-18.9396416,58.8812372,3.7492236,-9.2795949,-10.8004791,-0.751212966,-15.1983389,34.457495,73.6549978,6.85329143,-8.20085104,12.2758426,-1.64934373,-0.325153503,3.03925361,8.03140942,-5.43834944,0.323064826,-1.715324,2.49994144,-10.4305082,6.63201038,-4.47599884,-3.0996741
824,-1.99407842,0.592026347,106.395948,0.150076353,-0.805694195,0.019636949,0.172705148,-0.778054009,1.52647471,14.6652785,0,13.1734328,15.9439104,-18.9142965,58.8788466,3.74790793,-9.3083739,-10.8021738,-0.749832148,-15.2063609,34.423689,73.632062,6.86448526,-8.1817009,12.3395307,-1.65274036,-0.331655043,3.04735912,8.03699822,-5.43791701,0.302406892,-1.71172417,2.49191192,-10.4217596,6.62570056,-4.48522472,-3.11493381
825,-1.99557934,0.593346264,106.40074,0.135373782,-0.8081506,0.0195084788,0.16993532,-0.756252846,1.52916399,14.6799053,0,13.1849946,15.9385077,-18.8814228,58.8868857,3.77474161,-9.33028344,-10.8077498,-0.760497275,-15.2202313,34.446874,73.6344458,6.87808075,-8.20596771,12.3221923,-1.64255409,-0.312801426,3.04798494,8.01989628,-5.42610932,0.280443539,-1.72014558,2.5107197,-10.4412308,6.64479692,-4.46824572,-3.13728923
826,-1.99990124,0.58640996,106.399739,0.142871441,-0.806915918,0.020286948,0.175253663,-0.76555599,1.53516997,14.6942521,0,13.1796329,15.9478053,-18.8872233,58.8980053,3.75853998,-9.34456878,-10.7954435,-0.770479329,-15.2236515,34.4570818,73.630334,6.90340069,-8.17206521,12.3156857,-1.64776169,-0.317483361,3.04611304,8.01942585,-5.42277832,0.278962722,-1.71793334,2.50598296,-10.4266833,6.63157709,-4.47722358,-3.14509315
827,-2.00673509,0.572985318,106.395638,0.16503463,-0.807074191,0.0159931686,0.184544975,-0.794994212,1.54425807,14.7073883,0,13.175487,15.9561723,-18.8670333,58.9127517,3.75843069,-9.35505568,-10.802097,-0.799517505,-15.2172397,34.4807586,73.6579894,6.8876332,-8.18494097,12.2918782,-1.65711819,-0.338483258,3.04918833,8.03177483,-5.42841152,0.280894678,-1.71370972,2.48600081,-10.4040746,6.61457162,-4.49914678,-3.1379746
828,-2.00832263,0.571356574,106.398666,0.151904078,-0.805850958,0.0225796247,0.178569733,-0.780361279,1.54043498,14.7268953,0,13.1974247,15.9534453,-18.822456,58.9060444,3.79948611,-9.35025064,-10.8230588,-0.812102502,-15.219953,34.5108968,73.6806657,6.89274858,-8.19436407,12.2930189,-1.64682905,-0.321598657,3.04187405,8.00990371,-5.42212945,0.292842413,-1.71913503,2.50164365,-10.4160761,6.62426153,-4.48361536,-3.11019366
829,-2.00968906,0.568052754,106.39869,0.150589989,-0.80550498,0.0262687958,0.182025755,-0.78299309,1.54430108,14.7274895,0,13.2057259,15.9541095,-18.8033895,58.9059625,3.82963243,-9.33788373,-10.8160468,-0.816029754,-15.2206207,34.5118496,73.6838759,6.91501585,-8.18843973,12.303259,-1.64607506,-0.316145711,3.03763421,8.00665681,-5.42437274,0.288369546,-1.71965178,2.50649458,-10.4162477,6.62663288,-4.49106112,-3.12561516
830,-2.01172438,0.563809881,106.401026,0.161042444,-0.806891149,0.0229415814,0.185105877,-0.797351001,1.54940878,14.7354245,0,13.2070715,15.9575588,-18.8019569,58.912861,3.8245085,-9.32766235,-10.8212651,-0.823278026,-15.223211,34.5116994,73.6851463,6.91424148,-8.18650252,12.3121468,-1.64755091,-0.323648487,3.03522465,8.00801431,-5.40019814,0.262735713,-1.72066094,2.49906889,-10.4175684,6.62559512,-4.48417842,-3.13919955
831,-2.01488677,0.560338981,106.39863,0.162173829,-0.807211646,0.0222675606,0.187453368,-0.802229357,1.55583417,14.7452822,0,13.2104405,15.9647339,-18.7900826,58.9150944,3.8596605,-9.33049518,-10.8316102,-0.828762294,-15.2288408,34.523741,73.6748054,6.93330454,-8.17298814,12.330497,-1.64913946,-0.321888326,3.03538409,8.00425515,-5.39903445,0.253203197,-1.72102518,2.50201419,-10.4150276,6.62514988,-4.49401517,-3.15876378
832,-2.01858506,0.555304997,106.395948,0.1716105,-0.808300489,0.0216542129,0.191133653,-0.811903306,1.56242295,14.7496723,0,13.2099316,15.9739803,-18.7894167,58.9142543,3.88566901,-9.3305797,-10.8387,-0.837084239,-15.2346328,34.5394982,73.6786849,6.92090988,-8.16360431,12.3306122,-1.65141189,-0.330293754,3.0303003,8.00580987,-5.39867928,0.264350973,-1.72188439,2.49311958,-10.4204773,6.62181333,-4.49480235,-3.14203216
833,-2.02095639,0.549646793,106.39292,0.171797429,-0.808361477,0.0286058444,0.194375391,-0.812038629,1.56582268,14.747741,0,13.2109126,15.9848693,-18.7788743,58.9110919,3.91408942,-9.32861773,-10.8570168,-0.835932392,-15.2347848,34.5365544,73.6765744,6.92067338,-8.16015592,12.3223221,-1.65102598,-0.327583983,3.02943222,8.00354908,-5.40202692,0.272443066,-1.72232782,2.49525657,-10.4211978,6.6208157,-4.49794765,-3.14567692
834,-2.02232692,0.544760376,106.394875,0.169091938,-0.80847384,0.0357461351,0.191267108,-0.815780185,1.56820428,14.7399393,0,13.2115419,15.9976435,-18.7735006,58.9118911,3.9435523,-9.32943308,-10.8480761,-0.850484003,-15.2303434,34.5521682,73.6915188,6.91609929,-8.17476911,12.3143214,-1.65029078,-0.321233001,3.01636458,7.99679316,-5.39211973,0.265367497,-1.72413494,2.50158218,-10.4326743,6.62355204,-4.49078962,-3.14794988
835,-2.02396233,0.540119456,106.389356,0.167703519,-0.809935536,0.0274146695,0.195191185,-0.820748241,1.57511953,14.7354552,0,13.220159,16.0032767,-18.7532816,58.9003822,3.95905512,-9.32695116,-10.8367978,-0.866844334,-15.2246453,34.5642508,73.7098716,6.95374729,-8.17391448,12.335822,-1.65540061,-0.316930302,3.03040937,8.00757803,-5.4074962,0.256272113,-1.71948828,2.5050865,-10.4175044,6.60937726,-4.48656215,-3.16442067
836,-2.02743877,0.536667928,106.388307,0.161598489,-0.812540837,0.0255541672,0.190963618,-0.823285816,1.58212858,14.7320419,0,13.2340533,16.0078409,-18.7286929,58.8906423,3.96154899,-9.33318798,-10.8172609,-0.85990865,-15.2201118,34.5424899,73.6993736,6.93732496,-8.20315538,12.3258704,-1.65295829,-0.30657811,3.02829991,8.00554434,-5.4080853,0.25331328,-1.72429022,2.51770186,-10.4306909,6.62011646,-4.48069929,-3.15413461
837,-2.02870518,0.531572197,106.393504,0.165899727,-0.812912484,0.0281376562,0.186341381,-0.834161238,1.5827592,14.7296752,0,13.2467942,16.01337,-18.7033887,58.8798302,3.95824105,-9.32376829,-10.7995306,-0.851312217,-15.2188072,34.5274976,73.6911842,6.91789392,-8.20013643,12.3187183,-1.65442763,-0.307640792,3.0239066,8.00475887,-5.39096372,0.239729928,-1.72298822,2.51691169,-10.4398545,6.62054334,-4.47460207,-3.16740503
838,-2.03341208,0.521946,106.398225,0.18297322,-0.813475722,0.0333651608,0.196090862,-0.85928865,1.58976506,14.7078664,0,13.24067,16.0279149,-18.7002349,58.8773918,3.95876313,-9.31424616,-10.8031224,-0.849320203,-15.2104163,34.5083287,73.6961497,6.89038448,-8.17565277,12.3089742,-1.65780441,-0.322287572,3.02259905,8.00536078,-5.37516891,0.239370089,-1.72225728,2.50305324,-10.4408056,6.61524952,-4.48484137,-3.1779788
839,-2.03665253,0.514840148,106.402457,0.18382295,-0.813788276,0.036058283,0.202812729,-0.864067755,1.59440073,14.6991494,0,13.2293891,16.0370178,-18.7089349,58.8883679,3.9340609,-9.31665807,-10.7944327,-0.862242601,-15.1959381,34.5242703,73.7223093,6.8870125,-8.18461995,12.2701668,-1.66252205,-0.320438859,3.02279755,8.00779148,-5.36949559,0.242462271,-1.71929661,2.50501094,-10.4361466,6.6058452,-4.47295087,-3.18531678
840,-2.03674883,0.511390995,106.400657,0.179399094,-0.813902908,0.0363411282,0.200730629,-0.861441067,1.59443584,14.6974247,0,13.2348943,16.0423266,-18.6992633,58.8843312,3.92051492,-9.31373474,-10.8005226,-0.854741025,-15.1976507,34.5234746,73.7195021,6.86664189,-8.17956476,12.2560513,-1.66076242,-0.313272736,3.0202708,8.00538127,-5.37630528,0.266994896,-1.71974174,2.51149023,-10.4381504,6.60466913,-4.46792257,-3.16291226
841,-2.03668792,0.512911379,106.402171,0.165479994,-0.815151383,0.0449857277,0.183110141,-0.849554083,1.60488325,14.7063467,0,13.2371525,16.0410493,-18.6699857,58.8886548,3.93916561,-9.33042602,-10.8099193,-0.850147936,-15.2012024,34.5028577,73.7106434,6.85706298,-8.18739386,12.2794259,-1.65641073,-0.295075858,3.0060162,7.99511721,-5.367292,0.252977454,-1.72279772,2.52785536,-10.4572416,6.61451357,-4.4499993,-3.14265115
842,-2.03736313,0.509538315,106.4031,0.178783592,-0.813575184,0.0483073621,0.176363609,-0.86721754,1.60089912,14.7021342,0,13.2411576,16.0454889,-18.6616085,58.8923499,3.9409803,-9.33091011,-10.8046549,-0.842829175,-15.197316,34.4754174,73.7120572,6.82506098,-8.17715455,12.3094275,-1.66149474,-0.307110225,3.00823452,7.99647983,-5.35670563,0.235309488,-1.71680508,2.5178867,-10.44844,6.60296628,-4.46836525,-3.17411142
843,-2.04065964,0.50803842,106.402051,0.173751948,-0.811705635,0.0689938133,0.163438409,-0.858978304,1.59527937,14.7049619,0,13.2343453,16.040899,-18.6724565,58.9064133,3.96144526,-9.31476183,-10.807778,-0.827914177,-15.2065026,34.4892041,73.7013338,6.81609764,-8.16930581,12.3003699,-1.65918945,-0.299959257,2.98860199,7.9774236,-5.34703109,0.222579697,-1.71759984,2.52577791,-10.4712896,6.59900946,-4.46124179,-3.19349145
844,-2.04497203,0.499734376,106.39745,0.184473637,-0.810574424,0.0911583796,0.156173383,-0.865766231,1.60506084,14.7006759,0,13.212072,16.045979,-18.6897454,58.9147666,3.97469668,-9.30156335,-10.8388477,-0.82932349,-15.2106759,34.4892588,73.7028228,6.7974478,-8.16164149,12.2727528,-1.66283954,-0.310393224,2.96931759,7.96705452,-5.34527445,0.242705116,-1.71769066,2.51690806,-10.4848074,6.5921511,-4.48415195,-3.18508861
845,-2.0482773,0.492384424,106.390941,0.186932397,-0.808398718,0.103195163,0.150766047,-0.865145271,1.61781173,14.698871,0,13.1936365,16.0531968,-18.7195934,58.9102313,3.93446644,-9.29565523,-10.8841694,-0.839143114,-15.2164064,34.4843684,73.7185186,6.78088246,-8.16009445,12.2892742,-1.66304189,-0.313551547,2.96637997,7.95535526,-5.35442392,0.27033139,-1.71490618,2.51356746,-10.4931513,6.57570571,-4.47363261,-3.13247523
846,-2.04909183,0.490162754,106.39292,0.182369682,-0.807207418,0.108021883,0.140993847,-0.857339005,1.62147602,14.7065755,0,13.1945355,16.0416265,-18.7187703,58.9115769,3.93797801,-9.31111793,-10.8796529,-0.82941303,-15.2184162,34.4352047,73.7177058,6.75102472,-8.15437075,12.2989048,-1.66300699,-0.307649169,2.97002558,7.95147315,-5.3537187,0.266102863,-1.71100753,2.51798744,-10.4842695,6.56593171,-4.45950436,-3.10636961
847,-2.04924718,0.493055116,106.398928,0.171142483,-0.806401481,0.12214777,0.113444319,-0.84185027,1.62531534,14.7119082,0,13.1962363,16.0277048,-18.7179405,58.9114198,3.90068859,-9.3170269,-10.8794899,-0.824506126,-15.2343596,34.3956408,73.7152469,6.71379805,-8.17880917,12.3022524,-1.65559186,-0.2950674,2.95159581,7.92988634,-5.33001923,0.239170733,-1.71519273,2.53255816,-10.5141388,6.57551575,-4.44781193,-3.12224019
848,-2.0537572,0.487543037,106.397426,0.180856299,-0.804803869,0.134648666,0.101907196,-0.854021614,1.62744347,14.7204254,0,13.1928647,16.0187573,-18.7082348,58.9147188,3.90183649,-9.32746855,-10.8859828,-0.80931301,-15.2416798,34.3785141,73.7114015,6.71143907,-8.1836014,12.3090903,-1.65916106,-0.303973487,2.94186578,7.92584628,-5.3178521,0.224181189,-1.71213142,2.52424753,-10.5131629,6.56262633,-4.46515848,-3.16418545
849,-2.05412433,0.48524756,106.399095,0.170516642,-0.801576476,0.164808679,0.0777716688,-0.844170774,1.6202658,14.7193531,0,13.204003,16.0135237,-18.7023335,58.9009491,3.90377114,-9.31726424,-10.9018272,-0.806150312,-15.2368492,34.3813623,73.7326707,6.73196806,-8.17110301,12.3183102,-1.65159171,-0.291931143,2.91402743,7.89728499,-5.30901938,0.246751896,-1.7141571,2.53873009,-10.5567575,6.56867105,-4.45432708,-3.16020964
850,-2.0595368,0.472939806,106.39782,0.197104379,-0.799257014,0.18155434,0.0783987856,-0.873591867,1.62312157,14.7047023,0,13.1915405,16.0159108,-18.7160144,58.9003207,3.87951543,-9.3184655,-10.9330753,-0.82013982,-15.2281048,34.4063095,73.7702914,6.76359867,-8.13024567,12.3101191,-1.66139421,-0.319845006,2.9065283,7.90014257,-5.29032644,0.244884026,-1.7067789,2.51039654,-10.5610562,6.54299124,-4.44891885,-3.13422504
851,-2.0585116,0.467202114,106.402719,0.20843809,-0.796354322,0.194793752,0.077053872,-0.88647355,1.63022123,14.7039834,0,13.1849058,16.0092684,-18.7088871,58.8973837,3.89823655,-9.32784677,-10.9270246,-0.813769602,-15.2336339,34.3827659,73.7777432,6.73405682,-8.1186002,12.3281235,-1.67163192,-0.331943272,2.91416467,7.90634609,-5.27448125,0.245512297,-1.69424443,2.49913185,-10.5527464,6.50978841,-4.42359934,-3.12817413
852,-2.05694828,0.471155113,106.405437,0.203164407,-0.794172746,0.209716636,0.06400048,-0.875906341,1.62851411,14.6997436,0,13.1892353,15.9944725,-18.697578,58.8853558,3.87457806,-9.32585321,-10.9238801,-0.795470725,-15.2440311,34.342782,73.7685087,6.72933673,-8.13249707,12.3362019,-1.6682816,-0.325332769,2.90316444,7.89313053,-5.26556231,0.220230539,-1.69186571,2.50694772,-10.5723166,6.50995447,-4.42110504,-3.12801149
853,-2.0584343,0.473251659,106.405115,0.207417206,-0.791500239,0.216393228,0.0595038343,-0.872043282,1.63291531,14.7122121,0,13.1797968,15.9734151,-18.6778882,58.8940984,3.89740583,-9.33725194,-10.9171123,-0.784728331,-15.2552463,34.3109908,73.7638642,6.76525157,-8.13287444,12.3868546,-1.67320371,-0.329249082,2.90143832,7.89100122,-5.24435073,0.184686234,-1.687612,2.50583846,-10.580261,6.49591843,-4.42370136,-3.19679171
854,-2.06172019,0.47310954,106.406224,0.20715181,-0.789496209,0.229992655,0.0618951009,-0.874883787,1.64075807,14.7051531,0,13.1573161,15.9705327,-18.6804974,58.9046101,3.887444,-9.33312736,-10.9376558,-0.776219036,-15.2519456,34.2955478,73.7561598,6.75542976,-8.1384436,12.3742033,-1.67218612,-0.329156981,2.89122057,7.87343483,-5.22137269,0.177948599,-1.69109209,2.51049537,-10.6037509,6.49736387,-4.42894695,-3.21502917
855,-2.0649394,0.470026117,106.409526,0.207581688,-0.787760695,0.248744919,0.0692244808,-0.867979746,1.64236349,14.6884072,0,13.1341012,15.9622255,-18.6960941,58.9209342,3.88599814,-9.34448084,-10.9553195,-0.74982964,-15.2529889,34.2748591,73.7517953,6.6936951,-8.13038569,12.287512,-1.67502791,-0.33085511,2.88288923,7.86593015,-5.20636975,0.197002159,-1.68860312,2.50849668,-10.6238094,6.48877405,-4.40337344,-3.17780805
856,-2.06951965,0.466414029,106.410301,0.210196664,-0.786323192,0.251038129,0.0914722412,-0.867175545,1.65075139,14.6824291,0,13.1068376,15.9626917,-18.7268129,58.9347927,3.86060093,-9.35876618,-10.9609868,-0.738752353,-15.2525535,34.2602357,73.7487353,6.69924676,-8.1304574,12.2894859,-1.67819925,-0.334116366,2.89246494,7.86320149,-5.20806407,0.224192955,-1.68375966,2.50416015,-10.6172302,6.4653623,-4.38364913,-3.13449014
857,-2.0713713,0.465512648,106.408465,0.217385959,-0.785074571,0.243656544,0.100611174,-0.869339968,1.6596475,14.6813926,0,13.0929885,15.9581189,-18.7382722,58.9280718,3.85738605,-9.35514362,-10.9435963,-0.750482723,-15.25575,34.2653652,73.7536599,6.70820413,-8.15390544,12.2885383,-1.68262436,-0.343411053,2.9033147,7.86785115,-5.21516149,0.231235334,-1.67800939,2.49674918,-10.6108218,6.44690286,-4.38721022,-3.11716045
858,-2.07343325,0.467768824,106.406868,0.211061581,-0.785526943,0.246546921,0.0899749357,-0.858307931,1.66638494,14.7051087,0,13.0821951,15.9525625,-18.7581395,58.9205176,3.87939761,-9.34757321,-10.9070335,-0.740897246,-15.2628159,34.2658126,73.7417207,6.70682784,-8.15639334,12.3109848,-1.67941406,-0.337582553,2.89094309,7.85585819,-5.21470984,0.229293346,-1.68246257,2.50390829,-10.6224434,6.45370829,-4.40927942,-3.13917266
859,-2.07661018,0.472364249,106.410825,0.200778656,-0.786730607,0.245445149,0.0888883086,-0.838547234,1.6695835,14.7141638,0,13.0800829,15.9379254,-18.753355,58.9060239,3.90777833,-9.33316749,-10.8928574,-0.751426036,-15.2651757,34.3053354,73.7580176,6.6862647,-8.16661045,12.2822844,-1.67223671,-0.328139977,2.88272189,7.84019486,-5.20107038,0.235015203,-1.69153968,2.51446627,-10.642875,6.46951249,-4.39963306,-3.13959122
860,-2.08205767,0.465588132,106.404686,0.212669719,-0.785525193,0.246212152,0.0976623003,-0.848348502,1.66876196,14.7250819,0,13.0750286,15.9325432,-18.7643994,58.8975272,3.91505248,-9.33306503,-10.8756163,-0.779831672,-15.2536924,34.339541,73.7960139,6.6710718,-8.15029142,12.2904439,-1.6796735,-0.341463461,2.88929894,7.84617896,-5.2152268,0.24480796,-1.68479743,2.50144857,-10.6272092,6.44398167,-4.40335978,-3.1261334
861,-2.08860263,0.46585137,106.400728,0.207395661,-0.786770589,0.248602323,0.11672832,-0.833578324,1.68454674,14.7194128,0,13.0578464,15.928107,-18.7919439,58.8826442,3.88333863,-9.33028088,-10.8771685,-0.798278946,-15.2592471,34.3637472,73.8073589,6.66227665,-8.14104591,12.2988723,-1.67993465,-0.336711517,2.89189526,7.84071651,-5.23064168,0.267231471,-1.68677775,2.50221355,-10.6274644,6.44020799,-4.4029457,-3.06833143
862,-2.09159367,0.46638893,106.404889,0.208909167,-0.787644287,0.251424561,0.122128305,-0.828365663,1.69386589,14.735305,0,13.0425894,15.9170728,-18.8110291,58.8804107,3.8460172,-9.34038529,-10.8584384,-0.817292699,-15.2634459,34.3998823,73.811375,6.70322705,-8.1406933,12.3160733,-1.68030658,-0.339361364,2.8951554,7.83399475,-5.21719731,0.253483608,-1.68800708,2.49946376,-10.627163,6.43984044,-4.38802728,-3.04654035
863,-2.09473018,0.468336698,106.403255,0.209140614,-0.787375273,0.253649609,0.120823218,-0.822889292,1.70824034,14.7409689,0,13.0315143,15.9081219,-18.819934,58.8678363,3.82781986,-9.33284732,-10.8619243,-0.83903223,-15.2663846,34.4078361,73.8072154,6.72879202,-8.14507401,12.3279775,-1.67943125,-0.339606104,2.89385361,7.82702284,-5.21410366,0.241644676,-1.68916373,2.5019079,-10.6327886,6.43972262,-4.40787966,-3.10285996
864,-2.0974379,0.475276867,106.403983,0.195232686,-0.78797941,0.259118501,0.113047035,-0.797056289,1.71072621,14.7548017,0,13.0396729,15.8866358,-18.7976744,58.8535749,3.85680761,-9.32896692,-10.8662598,-0.841230804,-15.2780386,34.3984992,73.7807348,6.7367684,-8.15630711,12.3253564,-1.67542683,-0.324775175,2.88511459,7.81608685,-5.1997513,0.231839192,-1.69373057,2.51744615,-10.6468852,6.44843069,-4.40360396,-3.12479746
865,-2.09957659,0.476169633,106.407166,0.198324395,-0.787611991,0.258172098,0.120206594,-0.802793755,1.70878921,14.7650863,0,13.0539532,15.8790509,-18.7726503,58.8490397,3.87439663,-9.31995705,-10.8754592,-0.839419257,-15.275631,34.395955,73.758605,6.72997706,-8.1703329,12.2995793,-1.67639587,-0.327317339,2.8880663,7.81421282,-5.17488215,0.210349843,-1.69150713,2.51548439,-10.6459298,6.44621557,-4.38508646,-3.12252279
866,-2.1061657,0.47423495,106.403482,0.219264471,-0.78525459,0.255940134,0.13701769,-0.82026223,1.7119962,14.762957,0,13.0574442,15.8760968,-18.7704578,58.8456382,3.88186416,-9.32466219,-10.8972663,-0.844832982,-15.279239,34.3890189,73.7399176,6.71896424,-8.16039839,12.2798059,-1.68489412,-0.352366818,2.89001333,7.82080736,-5.17649792,0.220909609,-1.68542346,2.48963362,-10.6314097,6.41651108,-4.38781726,-3.10433122
867,-2.11219117,0.47173216,106.406307,0.229685392,-0.784850695,0.260973888,0.132870018,-0.831505949,1.71944175,14.7776726,0,13.0609046,15.8717767,-18.7397578,58.8515054,3.912965,-9.3374116,-10.9202849,-0.865330753,-15.2717497,34.4061422,73.7322746,6.76019809,-8.16117533,12.2781641,-1.69180947,-0.363655573,2.8899303,7.82276763,-5.17031233,0.211860942,-1.68245979,2.48074413,-10.6380256,6.40431236,-4.39021252,-3.11482538
868,-2.11302042,0.47403276,106.411326,0.224710012,-0.785595712,0.25899666,0.135554376,-0.824924955,1.72133168,14.7707946,0,13.0679815,15.8682489,-18.7357382,58.8491968,3.92844733,-9.34121686,-10.9117079,-0.870028483,-15.2732473,34.4023515,73.7179244,6.76344968,-8.16604184,12.2912746,-1.6926372,-0.358160392,2.89416438,7.82161247,-5.15702206,0.205314126,-1.6837745,2.488506,-10.6444289,6.40602119,-4.38458615,-3.16672543
869,-2.1111602,0.476397155,106.416249,0.216432383,-0.78579221,0.264791355,0.117678276,-0.818320109,1.72134459,14.7886505,0,13.0940788,15.8626858,-18.6747088,58.8427012,3.97385443,-9.34636683,-10.942956,-0.874011924,-15.2762235,34.4116712,73.6937523,6.7980749,-8.16691183,12.3142164,-1.68777069,-0.347519011,2.88618096,7.80999432,-5.13080694,0.18641786,-1.68611395,2.49914765,-10.6611518,6.41451496,-4.37044424,-3.17307259
870,-2.11495236,0.475413864,106.409585,0.229900985,-0.786849365,0.266658943,0.106831949,-0.830518026,1.72290668,14.7894479,0,13.1049414,15.8652624,-18.6575445,58.8417587,3.99794067,-9.34664857,-10.9670896,-0.902077064,-15.2718471,34.4314788,73.7108756,6.81405413,-8.17148294,12.3223204,-1.69601719,-0.364266288,2.88535707,7.82573705,-5.13345962,0.189091439,-1.68134541,2.48224336,-10.6537572,6.40253609,-4.37833952,-3.17842576
871,-2.12175064,0.475590443,106.407392,0.228086068,-0.789440634,0.264663014,0.110333689,-0.825779262,1.73069993,14.7842979,0,13.1081174,15.8666678,-18.6705748,58.8370185,3.97861209,-9.32760601,-10.96909,-0.924723944,-15.2634715,34.4292897,73.7307105,6.79313924,-8.19696723,12.2884947,-1.70080408,-0.362313895,2.89151534,7.83431406,-5.13778056,0.196276038,-1.68066409,2.48000049,-10.6389733,6.39406964,-4.35510961,-3.15419267
872,-2.12800801,0.474336231,106.406748,0.224227059,-0.790785452,0.268806643,0.10723373,-0.82238898,1.7398304,14.7714999,0,13.1007348,15.8780947,-18.6871329,58.8447776,3.98274691,-9.31178643,-10.9847166,-0.947911369,-15.2539469,34.4602407,73.735314,6.83780867,-8.17740983,12.2881669,-1.69820797,-0.356937388,2.88377758,7.82229122,-5.13537975,0.203808949,-1.68598524,2.4840049,-10.6499597,6.39888193,-4.35088344,-3.14328401
873,-2.13107727,0.472699571,106.406009,0.227584414,-0.791312175,0.271169068,0.104826969,-0.822128579,1.74117637,14.7659452,0,13.098305,15.8869176,-18.702996,58.8524343,3.95848394,-9.3039838,-10.9944368,-0.965066776,-15.2506513,34.4744543,73.7365366,6.85770886,-8.17019886,12.2836325,-1.70012907,-0.362720051,2.88710986,7.82147758,-5.14241698,0.218128348,-1.68611715,2.48196503,-10.6522358,6.39907702,-4.36742957,-3.15244478
874,-2.13315077,0.47353534,106.408489,0.228726459,-0.793224911,0.270436101,0.0982339551,-0.820316391,1.74907474,14.7583125,0,13.0993278,15.8923322,-18.7141565,58.8567851,3.93621881,-9.29219233,-10.9916271,-0.985745174,-15.2467137,34.4857686,73.7431756,6.86797933,-8.17294118,12.2762994,-1.69995159,-0.364326853,2.88188455,7.82247308,-5.13853189,0.219338425,-1.68828242,2.47958086,-10.6560445,6.40649973,-4.36318717,-3.12999182
875,-2.13557724,0.476447726,106.405532,0.223797645,-0.794044336,0.27113152,0.0947985434,-0.813887209,1.75365865,14.7542775,0,13.0998751,15.8934865,-18.7099918,58.8607671,3.93794898,-9.28425736,-11.0007377,-0.998971515,-15.2374912,34.4789315,73.7525329,6.87748353,-8.2035797,12.2903525,-1.69984295,-0.358958591,2.88243353,7.81883515,-5.14497105,0.203399765,-1.69009755,2.48353832,-10.6531955,6.40538726,-4.36974842,-3.15644514
876,-2.13829037,0.477425475,106.402767,0.221339116,-0.794294537,0.268253538,0.106811005,-0.80698034,1.75620236,14.7406154,0,13.1001432,15.892158,-18.7126078,58.8616687,3.93420561,-9.26207717,-10.999323,-1.01177268,-15.2329423,34.4956621,73.7505317,6.91747258,-8.20744474,12.3067049,-1.70221334,-0.357153527,2.88958623,7.82412854,-5.14851634,0.219056106,-1.68637211,2.48437352,-10.6336406,6.39363208,-4.34981963,-3.1349928
877,-2.14048885,0.47538192,106.402504,0.225640936,-0.79462625,0.279782309,0.100621173,-0.814876573,1.75396899,14.7480108,0,13.1004471,15.9061258,-18.7199895,58.8659649,3.93078539,-9.24690903,-10.9948654,-1.01726543,-15.2116236,34.5064094,73.7624913,6.91961598,-8.20581232,12.2933177,-1.70567059,-0.361602995,2.88070805,7.82497805,-5.14499751,0.21336289,-1.68551662,2.479148,-10.6383108,6.39227031,-4.35588015,-3.12832888
878,-2.14026812,0.474825175,106.40589,0.233804176,-0.793750925,0.286288661,0.108545633,-0.825108836,1.74285499,14.7453266,0,13.102363,15.9281019,-18.7501926,58.8701381,3.925165,-9.22770083,-10.9920318,-1.01159797,-15.1991397,34.5137621,73.7576146,6.91180225,-8.18660924,12.2791971,-1.70426443,-0.372033494,2.87645968,7.81514087,-5.13672487,0.228468627,-1.68593465,2.4707251,-10.653735,6.3936419,-4.35660116,-3.09527823
879,-2.14282051,0.47369916,106.404281,0.239267096,-0.793887615,0.287956545,0.106887798,-0.831325963,1.74273056,14.7385374,0,13.1012736,15.9425102,-18.7548167,58.8722623,3.91123099,-9.24241306,-10.9988423,-1.01518927,-15.1955709,34.5280611,73.7508732,6.90777414,-8.16512232,12.3093524,-1.70609502,-0.378709337,2.87496429,7.81645739,-5.13846615,0.23449803,-1.68644873,2.46545475,-10.6489496,6.39239155,-4.37842404,-3.11712886
880,-2.14404725,0.48009539,106.407642,0.226605762,-0.794321923,0.29244174,0.102202695,-0.817341524,1.74715161,14.7413975,0,13.1092777,15.9478821,-18.7359056,58.8659444,3.91414406,-9.25063575,-11.0221461,-1.01975205,-15.1946352,34.5221871,73.7440088,6.90936985,-8.18044329,12.3404614,-1.70346263,-0.366381459,2.86669635,7.80971428,-5.12480278,0.234650135,-1.68783088,2.4781747,-10.6561367,6.39542031,-4.36635168,-3.12972202
881,-2.14840826,0.484996289,106.4098,0.211679595,-0.796540449,0.3010397,0.0876104229,-0.800305858,1.74658332,14.7444386,0,13.1177924,15.9455137,-18.7166666,58.8670714,3.90054943,-9.2668361,-11.0318125,-1.01727183,-15.1879826,34.5244821,73.7492203,6.92474417,-8.21046368,12.3376798,-1.70022255,-0.351298507,2.85473007,7.80330244,-5.11275304,0.230342287,-1.69165067,2.49371338,-10.6802618,6.40495013,-4.34690442,-3.12823753
882,-2.15350594,0.48360494,106.410778,0.213466409,-0.799264353,0.304174312,0.0893967175,-0.806487446,1.75067577,14.7450482,0,13.1229816,15.9572514,-18.7205906,58.8553234,3.88349274,-9.27019314,-11.029153,-1.01420348,-15.1788387,34.5213094,73.7468844,6.88633887,-8.21118853,12.2941655,-1.70367863,-0.353541023,2.85556698,7.80888356,-5.10853583,0.223029996,-1.69092517,2.49010021,-10.6754798,6.40354183,-4.33600686,-3.1259159
883,-2.1555217,0.482093543,106.41048,0.217017054,-0.799978706,0.304739348,0.0929255841,-0.808059297,1.74806067,14.7522934,0,13.1300628,15.9600228,-18.7230426,58.8531309,3.87710992,-9.27865489,-11.0209986,-1.00686903,-15.1743461,34.5175563,73.7486261,6.88604304,-8.1926864,12.2889984,-1.70529258,-0.358505824,2.85650656,7.81066624,-5.11081925,0.239692682,-1.69155633,2.48618779,-10.6784817,6.40379028,-4.34200931,-3.10700844
884,-2.15982813,0.47999341,106.409395,0.218391432,-0.801042776,0.307711314,0.0977969831,-0.812091616,1.75007312,14.7450107,0,13.1311198,15.9822465,-18.7608153,58.8429198,3.83532027,-9.2817891,-11.0091499,-0.989997073,-15.1670395,34.5277776,73.7399722,6.92101831,-8.19745644,12.2569905,-1.70971492,-0.360243093,2.85560732,7.81783196,-5.12021545,0.252871159,-1.6890108,2.48454983,-10.6756147,6.39476162,-4.3505193,-3.11865989
885,-2.16352344,0.481148204,106.413293,0.224103057,-0.801802199,0.317000948,0.0929409587,-0.817840768,1.74759408,14.7359094,0,13.1306263,15.9780135,-18.7526515,58.854859,3.84447571,-9.29092362,-11.0271551,-0.980111015,-15.1698109,34.5260803,73.7386813,6.9127589,-8.21496307,12.2533338,-1.70830096,-0.367806941,2.84393026,7.80930959,-5.10284372,0.241933865,-1.69075122,2.4795783,-10.6980664,6.40358921,-4.3628337,-3.12805887
886,-2.16798391,0.485311216,106.416929,0.220924725,-0.804065039,0.31891431,0.101102081,-0.813472489,1.75124097,14.7285414,0,13.1160789,15.9829534,-18.7733862,58.874284,3.81017663,-9.30752183,-11.0344481,-0.984646367,-15.1705434,34.5209372,73.7568359,6.90923623,-8.21607041,12.2706261,-1.70888718,-0.364017947,2.84320562,7.80505951,-5.08634369,0.214340781,-1.69372011,2.48204336,-10.7038294,6.40693473,-4.33908215,-3.15549404
887,-2.17113532,0.485797739,106.412435,0.224308338,-0.803206782,0.322630679,0.104468657,-0.820652458,1.74877005,14.7352777,0,13.1157928,15.9912402,-18.7738883,58.8758823,3.83455187,-9.3184194,-11.0525669,-0.981444076,-15.1734787,34.5484458,73.7623342,6.91144537,-8.20354555,12.2713561,-1.71589176,-0.367312633,2.84381586,7.81011556,-5.08219179,0.205912127,-1.68676068,2.47825303,-10.6928737,6.38648301,-4.32744137,-3.17219577
888,-2.17362233,0.485877274,106.406605,0.228472406,-0.80464368,0.333914072,0.103512624,-0.822869922,1.74520789,14.7410218,0,13.1109391,15.9973959,-18.7940083,58.8817699,3.80728832,-9.32091925,-11.0679305,-0.970825586,-15.1680521,34.5295808,73.7753731,6.90066733,-8.19603917,12.2793952,-1.72064343,-0.374146557,2.83922533,7.81511184,-5.08712191,0.214610547,-1.68454418,2.47120065,-10.6926449,6.3810291,-4.32682153,-3.14365284
889,-2.17625014,0.490327366,106.40527,0.213950606,-0.805590416,0.345508179,0.0992080308,-0.799952449,1.745451,14.7404771,0,13.1103184,15.9922203,-18.8027629,58.8790037,3.79863233,-9.32052908,-11.0697525,-0.963992195,-15.1772541,34.5367218,73.7810626,6.90368841,-8.2016903,12.3029952,-1.71674926,-0.359878505,2.83090296,7.80195092,-5.0948746,0.229707133,-1.68803771,2.48471076,-10.7051501,6.3922844,-4.32728684,-3.11376478
890,-2.18039453,0.491631217,106.40465,0.214119881,-0.803559894,0.349163179,0.111017795,-0.803450627,1.73998685,14.730044,0,13.0956054,15.9966241,-18.831646,58.8912639,3.78489341,-9.31968811,-11.0573437,-0.950293504,-15.1785774,34.5048009,73.7708037,6.90073478,-8.21108608,12.317926,-1.71600285,-0.361116851,2.82730729,7.78924847,-5.09396063,0.227415391,-1.68677103,2.48635662,-10.714843,6.37944962,-4.3385669,-3.1396147
891,-2.18293872,0.492230291,106.402993,0.215652553,-0.803706949,0.352954554,0.111208426,-0.802082401,1.73322315,14.7363602,0,13.0967785,15.9871967,-18.8347913,58.9038178,3.79366678,-9.33874263,-11.03665,-0.940701357,-15.1797881,34.5103572,73.7819574,6.90030405,-8.2036463,12.2981731,-1.7181692,-0.36533724,2.826693,7.79245525,-5.09563061,0.226502653,-1.68483958,2.48223461,-10.7129135,6.37404352,-4.3405199,-3.14195404
892,-2.18994133,0.494716642,106.403375,0.206633412,-0.806726968,0.364506509,0.0953902085,-0.7985132,1.74201595,14.7516599,0,13.1067898,15.9843007,-18.8106364,58.8853558,3.79521169,-9.3380912,-11.0194729,-0.935352358,-15.1705349,34.5141104,73.7862604,6.89387513,-8.16819676,12.2698363,-1.71463116,-0.355962486,2.80626774,7.77950521,-5.0831002,0.238441317,-1.69244212,2.49144277,-10.7382142,6.39130939,-4.32692441,-3.1346007
893,-2.19246987,0.490437727,106.401348,0.225294589,-0.806770275,0.362326193,0.0928410138,-0.823635116,1.73300074,14.757153,0,13.1184976,15.9856001,-18.8046207,58.8779245,3.80931304,-9.33849077,-11.0000658,-0.932667347,-15.1609794,34.5172011,73.801198,6.90883837,-8.17842326,12.261536,-1.72418905,-0.376597528,2.80942329,7.79413035,-5.07834127,0.228085496,-1.68353448,2.46959128,-10.7211943,6.36798685,-4.32628664,-3.11888337
894,-2.19621416,0.49037775,106.400645,0.227174588,-0.807454597,0.361177999,0.0915572651,-0.829078244,1.73000986,14.7648797,0,13.1331048,15.9822704,-18.7933406,58.8582536,3.83825767,-9.31727876,-10.9808405,-0.932301719,-15.1527986,34.5300794,73.8155551,6.95019431,-8.20706737,12.2553231,-1.72730201,-0.380879923,2.81664536,7.79647652,-5.08831932,0.234022932,-1.68138436,2.46668077,-10.7188131,6.35881391,-4.33182892,-3.1103038
895,-2.19826568,0.487621734,106.404018,0.236191744,-0.808443384,0.365202675,0.0974279928,-0.838137742,1.7246344,14.7592994,0,13.1406505,15.976808,-18.7961359,58.8464715,3.85924727,-9.29391524,-10.9513836,-0.92570525,-15.1501263,34.5297037,73.8206641,6.96524805,-8.1951504,12.2632051,-1.72975459,-0.392624273,2.81652178,7.79955011,-5.080147,0.236261313,-1.68111222,2.45370021,-10.7214717,6.35779365,-4.32750541,-3.072875
896,-2.20303591,0.496359309,106.397355,0.201400172,-0.809886087,0.374451255,0.0892175051,-0.79978004,1.72415031,14.7609472,0,13.148541,15.9697012,-18.7792243,58.842954,3.86754424,-9.30794445,-10.9476406,-0.922385778,-15.1511662,34.53414,73.8274464,6.94220299,-8.19144587,12.24002,-1.71490277,-0.355625485,2.80444046,7.7730447,-5.1112615,0.264487416,-1.69254436,2.49204596,-10.7431832,6.38320836,-4.33210725,-3.09521847
897,-2.2052044,0.496696541,106.404364,0.203385687,-0.811763286,0.375734362,0.0941937982,-0.801951293,1.72252899,14.7582732,0,13.1490294,15.9617286,-18.7659908,58.8484728,3.87448927,-9.32380927,-10.9573993,-0.917469429,-15.1526244,34.5355811,73.8263673,6.95589752,-8.1797432,12.2642347,-1.71735107,-0.357756984,2.794818,7.77382164,-5.07861448,0.250117792,-1.69393963,2.48876896,-10.7422534,6.38400535,-4.32192813,-3.10894352
898,-2.20829789,0.500068394,106.407273,0.212921645,-0.810764874,0.37168986,0.107416217,-0.808811952,1.71799428,14.7484309,0,13.1408494,15.9505339,-18.7627448,58.8713471,3.873326,-9.35383564,-10.9616938,-0.904376704,-15.1590602,34.5097186,73.8150906,6.93888267,-8.18687135,12.302068,-1.72320113,-0.370895654,2.80291647,7.78046229,-5.07093991,0.244263973,-1.68738799,2.47566887,-10.7274567,6.36439844,-4.31560764,-3.11613166
899,-2.21392345,0.504484773,106.409287,0.209608068,-0.81227307,0.371780659,0.112027309,-0.806484298,1.71726409,14.7414043,0,13.1411388,15.9396739,-18.7536282,58.8800419,3.88590465,-9.36818416,-10.9568512,-0.90064059,-15.1569923,34.5154526,73.8164908,6.94557796,-8.20701187,12.3261828,-1.7246329,-0.368444496,2.80820432,7.78053059,-5.06949105,0.224987392,-1.6875072,2.47700695,-10.7269444,6.36037973,-4.30221151,-3.11263652
900,-2.21986007,0.509706233,106.413376,0.206499687,-0.815653409,0.376020454,0.110102823,-0.79674829,1.72040192,14.7412882,0,13.1361818,15.9274172,-18.7499314,58.8861412,3.87031474,-9.36482456,-10.9655366,-0.898913833,-15.1596083,34.5312849,73.8082673,6.97322571,-8.1883757,12.3432592,-1.72398692,-0.368714235,2.80636529,7.77787365,-5.0553278,0.230618989,-1.69327028,2.47620782,-10.7373673,6.37267364,-4.28063152,-3.07470314
901,-2.22318806,0.511942431,106.418014,0.206933504,-0.815346945,0.36693687,0.131614384,-0.792664904,1.71898252,14.7277149,0,13.1300679,15.9102785,-18.7432156,58.9034694,3.8879981,-9.38180185,-10.9638803,-0.892913405,-15.1633598,34.5234814,73.8051322,6.93118291,-8.1814072,12.3227003,-1.72423579,-0.370211007,2.81827394,7.77499814,-5.04493738,0.232457271,-1.69375415,2.47727824,-10.732908,6.36966409,-4.28372389,-3.12257957
902,-2.22757664,0.514426129,106.422973,0.211953126,-0.816234174,0.362755498,0.140964953,-0.794145348,1.72237905,14.7261269,0,13.1207328,15.9014249,-18.7440403,58.9151559,3.88013271,-9.37917906,-10.9694358,-0.896693488,-15.1655318,34.5230375,73.803329,6.9378829,-8.1583741,12.3914641,-1.72667278,-0.376922389,2.82124827,7.77337255,-5.03065545,0.23242947,-1.69535498,2.47203884,-10.7338993,6.36725005,-4.28356082,-3.13959421
903,-2.23050937,0.513293594,106.420112,0.226612028,-0.815029666,0.360038473,0.154421319,-0.813976749,1.71586881,14.7126646,0,13.1202017,15.9004789,-18.7490008,58.9191857,3.88162041,-9.37324533,-10.9619832,-0.887801382,-15.1576019,34.5007403,73.7905702,6.92347717,-8.14636662,12.4069387,-1.73590698,-0.393566306,2.82541853,7.78432476,-5.03172608,0.223704517,-1.68520702,2.45562952,-10.7190675,6.3368318,-4.28421695,-3.12850369
904,-2.23714225,0.517316675,106.410277,0.212958956,-0.816327312,0.354903183,0.156475725,-0.803895336,1.71060167,14.7177292,0,13.1265606,15.8946425,-18.739389,58.9237141,3.9042484,-9.38744615,-10.946792,-0.892158456,-15.1538675,34.5037183,73.7903244,6.882035,-8.18321037,12.3478072,-1.72963068,-0.380216114,2.83121458,7.77165562,-5.04643746,0.246673162,-1.69012177,2.46987111,-10.7183094,6.34283084,-4.28856479,-3.11618502
905,-2.24269796,0.523055578,106.409836,0.206544701,-0.817152327,0.35020563,0.156814273,-0.792386574,1.70989389,14.7146915,0,13.1233385,15.8788289,-18.7466034,58.9352981,3.91268454,-9.38987086,-10.9150077,-0.910575314,-15.1541134,34.5212616,73.8029602,6.90249185,-8.18047915,12.3564901,-1.72479075,-0.374647135,2.82849659,7.75839736,-5.04050544,0.236164943,-1.69549574,2.47673033,-10.7319458,6.34823693,-4.27856368,-3.13954405
906,-2.24716514,0.521192281,106.409729,0.218816097,-0.817802103,0.338367814,0.161334591,-0.803730718,1.71205746,14.7179204,0,13.1271711,15.8711808,-18.7271271,58.9361724,3.94177218,-9.37565724,-10.9138244,-0.93327438,-15.1509561,34.5478584,73.8198854,6.95404398,-8.19336772,12.3792867,-1.73204377,-0.388776182,2.84218216,7.76922236,-5.03346906,0.229384193,-1.69219505,2.46215876,-10.708152,6.33195462,-4.27530611,-3.1418597
907,-2.25173421,0.522583444,106.408584,0.213751662,-0.820378865,0.332713915,0.154334941,-0.798581342,1.71124797,14.7329486,0,13.1332363,15.8688534,-18.7157548,58.9311522,3.95289685,-9.36426705,-10.9255945,-0.950494461,-15.1447202,34.5718733,73.8225833,6.95229075,-8.18666474,12.3402266,-1.73155914,-0.385177793,2.84917457,7.76777009,-5.03917184,0.250764019,-1.69687523,2.46615292,-10.703061,6.3347853,-4.27479171,-3.13284769
908,-2.25505438,0.524461363,106.403697,0.208885065,-0.821192027,0.32647122,0.157753317,-0.794024165,1.70586194,14.730114,0,13.1408776,15.8641013,-18.7102838,58.9321289,3.95612668,-9.36982426,-10.9217013,-0.955677187,-15.1395497,34.565412,73.8266473,6.97310319,-8.18992018,12.327858,-1.72984882,-0.381236187,2.85281185,7.76699828,-5.04788546,0.266655574,-1.69814404,2.47086362,-10.6993897,6.33421456,-4.27262484,-3.10703491
909,-2.26314384,0.528041413,106.404841,0.208432362,-0.823086869,0.312992652,0.157792217,-0.794004902,1.70318184,14.740192,0,13.1585447,15.8541514,-18.6900631,58.9227374,3.95653393,-9.36817648,-10.9179558,-0.966587027,-15.1407177,34.5706644,73.8222009,6.94510369,-8.19074834,12.3151162,-1.7283481,-0.381396643,2.86103626,7.76590033,-5.05192722,0.258634158,-1.70202637,2.47139638,-10.696072,6.33600492,-4.27531764,-3.15147575
910,-2.26836037,0.532368058,106.411397,0.210293878,-0.824553453,0.299420028,0.164900737,-0.793270123,1.70151517,14.7459737,0,13.1634915,15.8386913,-18.6875205,58.9281264,3.95532669,-9.37179135,-10.9168672,-0.974777598,-15.1419693,34.5683182,73.8213676,6.95839822,-8.19159528,12.3183862,-1.72999866,-0.383527555,2.87341854,7.77032629,-5.03876118,0.230974613,-1.70212231,2.46679859,-10.6801909,6.33134758,-4.25528469,-3.13839274
911,-2.27137748,0.534987962,106.411994,0.208571332,-0.826004592,0.298534436,0.157141082,-0.790193443,1.69327422,14.7526468,0,13.1714572,15.832819,-18.6969137,58.9380985,3.9480393,-9.37254609,-10.9239425,-0.97670862,-15.1362781,34.571566,73.8100909,6.97239499,-8.19830594,12.3021406,-1.72979717,-0.383625445,2.87718645,7.76788108,-5.02968215,0.232520423,-1.70343957,2.46667181,-10.6808244,6.33356953,-4.24459289,-3.12313324
912,-2.27456652,0.535912719,106.413317,0.201054278,-0.828227008,0.297064541,0.147695597,-0.781347174,1.6860116,14.7605562,0,13.1765081,15.8303858,-18.704736,58.946766,3.92435989,-9.36920698,-10.947837,-0.983687366,-15.1328391,34.5804316,73.809244,6.9405757,-8.19247296,12.2442112,-1.72923709,-0.377845718,2.88503413,7.7669684,-5.02573643,0.256288708,-1.70616887,2.47216392,-10.6836649,6.33642626,-4.22193032,-3.0799419
913,-2.27846038,0.537193753,106.411028,0.202412013,-0.829010864,0.291233863,0.144383702,-0.784742258,1.67976176,14.7530583,0,13.1864631,15.8287773,-18.7165915,58.9443071,3.91577989,-9.36959545,-10.939073,-0.983629416,-15.1264289,34.5731711,73.8024343,6.92579773,-8.20995568,12.2506623,-1.73044369,-0.378934546,2.88680186,7.7694341,-5.03410982,0.266644689,-1.70802348,2.47249219,-10.675076,6.33715068,-4.24399951,-3.1062663
914,-2.28418168,0.543883024,106.411994,0.199335904,-0.830353481,0.285744121,0.138650706,-0.77542492,1.67522332,14.754047,0,13.1876353,15.8136245,-18.7289593,58.9578856,3.89854178,-9.38177794,-10.9349715,-0.989899743,-15.1301685,34.5952223,73.7993334,6.9938008,-8.19800883,12.3158368,-1.72958991,-0.377350956,2.88908187,7.76087245,-5.02683738,0.263250005,-1.71226781,2.47560313,-10.6711179,6.33915919,-4.25402324,-3.15592861
915,-2.28915028,0.548245339,106.408978,0.195854465,-0.832580552,0.281577635,0.134934896,-0.762267948,1.67236029,14.7406906,0,13.1844866,15.8124719,-18.7591521,58.9706512,3.88860556,-9.38742053,-10.955772,-0.996948392,-15.1387199,34.6117582,73.7977283,6.95163932,-8.2091907,12.2606429,-1.72738824,-0.374876613,2.88625097,7.75366831,-5.02487626,0.252239153,-1.7154415,2.47918791,-10.6785892,6.34424127,-4.23456745,-3.1520576
916,-2.29280721,0.545523502,106.397235,0.207705014,-0.836161327,0.270299521,0.126792243,-0.775007478,1.66463183,14.736589,0,13.1906193,15.8165427,-18.780003,58.9711156,3.85675938,-9.36948275,-10.9564542,-1.00900869,-15.1199437,34.6385394,73.8283139,6.96769966,-8.21309672,12.2888004,-1.73346242,-0.388382752,2.90223724,7.77500326,-5.04594654,0.261358976,-1.71342051,2.4619419,-10.6420947,6.33467389,-4.25442622,-3.120643
917,-2.2977002,0.552397687,106.390953,0.178779674,-0.842073763,0.259962638,0.11501513,-0.739599564,1.66637128,14.7399888,0,13.1833263,15.8065792,-18.786548,58.9929244,3.87011368,-9.37213884,-10.9505477,-1.00960537,-15.1205498,34.6318663,73.8237445,6.91869946,-8.19827094,12.236774,-1.72135879,-0.356766927,2.91982369,7.76783156,-5.09210282,0.283408481,-1.72609222,2.48992967,-10.6381682,6.36754716,-4.26662665,-3.10431265
918,-2.30183471,0.551101286,106.406844,0.189468106,-0.848282422,0.255932429,0.103558301,-0.752877665,1.67143491,14.7120499,0,13.1852943,15.8029797,-18.7750682,58.993949,3.87429546,-9.36729623,-10.9402128,-1.0192417,-15.1194536,34.6516875,73.8237923,6.95135459,-8.2187598,12.2409267,-1.72248983,-0.369635937,2.90767236,7.77374395,-5.03839918,0.28057582,-1.73399421,2.47770427,-10.6462773,6.39218835,-4.26267325,-3.12601899
919,-2.30872389,0.551733421,106.413043,0.194629445,-0.851400482,0.254174109,0.0958230717,-0.75551732,1.6732083,14.6896861,0,13.1852217,15.7875178,-18.7640835,58.9983408,3.88070388,-9.37316764,-10.9153151,-1.02132907,-15.1262787,34.6691625,73.8156029,7.01236013,-8.19432565,12.2841097,-1.72382193,-0.377169049,2.90632084,7.7723301,-5.03342424,0.278427459,-1.73743118,2.47154066,-10.6506615,6.39766573,-4.26641918,-3.13948172
920,-2.31186599,0.549981603,106.409085,0.203579115,-0.856000692,0.241247898,0.0993024061,-0.768404392,1.66684257,14.6703396,0,13.1989308,15.7978451,-18.7752492,58.9807599,3.87088165,-9.37478724,-10.901396,-1.01670781,-15.1204406,34.663391,73.8144622,7.00217461,-8.2027413,12.2676174,-1.72980901,-0.385866281,2.92571601,7.79373506,-5.04450153,0.272581324,-1.73214067,2.45816801,-10.6237258,6.38817903,-4.24981585,-3.10435278
921,-2.31573656,0.552587537,106.405067,0.203224393,-0.860880263,0.239749475,0.084751095,-0.766564243,1.66052411,14.6635231,0,13.2083223,15.7953555,-18.778234,58.9757738,3.8746327,-9.36365404,-10.8899512,-0.998775467,-15.1135677,34.6421116,73.8141617,7.02978267,-8.20818923,12.2547519,-1.72656339,-0.385644647,2.92351008,7.79601292,-5.04561698,0.266083599,-1.73912678,2.45425409,-10.6250175,6.40775307,-4.2493309,-3.07602052
922,-2.32299361,0.551091414,106.410086,0.216196447,-0.863021487,0.223052358,0.0886266871,-0.7795622,1.66256196,14.6496424,0,13.2065575,15.79617,-18.7626167,58.9725363,3.87628176,-9.35632866,-10.9002425,-0.978187463,-15.1016934,34.6041938,73.8000574,7.04535165,-8.21572805,12.2298046,-1.73103503,-0.399094463,2.9396718,7.80905346,-5.03646837,0.255463456,-1.73657101,2.44103853,-10.5989655,6.39825356,-4.25512546,-3.10807353
923,-2.32640803,0.557410996,106.420052,0.195416673,-0.864814277,0.216012851,0.0799731175,-0.756565754,1.65747293,14.6441305,0,13.2080465,15.7819973,-18.7320721,58.9788611,3.88953617,-9.37256658,-10.8953555,-0.975618031,-15.0951262,34.6061165,73.8116141,7.02203979,-8.27046177,12.2047131,-1.72286143,-0.375395628,2.94252938,7.79649957,-5.03045951,0.24829712,-1.74367825,2.46544942,-10.6092688,6.41641161,-4.25210951,-3.14200889
924,-2.33164094,0.562242651,106.415474,0.185496969,-0.867171188,0.210598784,0.0785252775,-0.746227035,1.65289489,14.6384239,0,13.2103654,15.7788059,-18.7268026,58.9636844,3.88167804,-9.38651212,-10.8830954,-0.959826207,-15.0909717,34.5715147,73.793555,7.00768231,-8.23253714,12.2238777,-1.717042,-0.366945376,2.94533104,7.78559945,-5.03554331,0.281827506,-1.75081505,2.47431607,-10.6042734,6.42510004,-4.24903464,-3.11476626
925,-2.33230609,0.562088052,106.411135,0.185315599,-0.868849975,0.207005794,0.072251035,-0.746430927,1.6449151,14.6360077,0,13.2188664,15.7844835,-18.7172387,58.9471212,3.89110242,-9.3996295,-10.898109,-0.951115688,-15.0838017,34.5536606,73.7945249,6.9445116,-8.20857257,12.2363121,-1.7172643,-0.366381619,2.95028399,7.78779023,-5.03445218,0.286303734,-1.75190404,2.4728083,-10.6025957,6.42537069,-4.22573815,-3.08182127
926,-2.33639628,0.557926949,106.410372,0.200259391,-0.870725285,0.197572092,0.0732354361,-0.767640158,1.63835662,14.6432323,0,13.2241897,15.7936274,-18.726608,58.9298066,3.86852608,-9.38686643,-10.8869766,-0.951662317,-15.0749054,34.560525,73.8112725,6.86828412,-8.22952759,12.2337986,-1.72188589,-0.38049319,2.95653084,7.79511561,-5.03258626,0.268754844,-1.75306207,2.45806171,-10.5871339,6.42285675,-4.23411409,-3.09283089
927,-2.34162211,0.559351081,106.415987,0.21112863,-0.871855185,0.183237773,0.0690866431,-0.776901788,1.63411892,14.6466235,0,13.2246071,15.7882708,-18.7038191,58.9369237,3.88582781,-9.39299141,-10.8868084,-0.942009445,-15.0719052,34.5398261,73.8094216,6.82048902,-8.24597725,12.2278409,-1.72204031,-0.392352213,2.96137793,7.79659264,-5.01308308,0.253083242,-1.75393111,2.44565937,-10.5829034,6.41933237,-4.22723951,-3.10990231
928,-2.34667752,0.562506355,106.410122,0.203584204,-0.87124474,0.16703692,0.0745602526,-0.766752447,1.62321516,14.6518042,0,13.2184771,15.7876288,-18.7199007,58.9474763,3.8727433,-9.39466139,-10.881387,-0.943401843,-15.062763,34.5440779,73.8138065,6.81161106,-8.23892935,12.2179218,-1.71931368,-0.385598676,2.98133638,7.79304691,-5.02444809,0.257685482,-1.75520078,2.45485921,-10.5648034,6.40862136,-4.23922222,-3.14368997
929,-2.35124845,0.564443553,106.404853,0.18199266,-0.876096338,0.159735214,0.0668246098,-0.743775637,1.62775073,14.6517581,0,13.2116016,15.7850487,-18.7221974,58.940612,3.87004964,-9.39005955,-10.8620814,-0.939349086,-15.0660825,34.5382859,73.8046951,6.81915372,-8.21783687,12.2365503,-1.71067008,-0.361549527,2.98077075,7.78581887,-5.04234873,0.2796443,-1.76624818,2.47987392,-10.5716515,6.43725692,-4.24723233,-3.12674918
930,-2.35130042,0.561854849,106.402409,0.190209607,-0.878068442,0.14727024,0.0676132766,-0.750533736,1.61669767,14.6557521,0,13.2197543,15.7779658,-18.7104495,58.9332559,3.87548135,-9.38985037,-10.840819,-0.925174203,-15.0650033,34.502342,73.8108764,6.76609766,-8.23210513,12.22707,-1.71130123,-0.369685856,2.99119362,7.79065464,-5.05171207,0.286848548,-1.76611403,2.4692613,-10.5628338,6.43817772,-4.24289473,-3.07472534
931,-2.35641915,0.563972117,106.400466,0.191226719,-0.879034312,0.13056732,0.0758534462,-0.75147849,1.60765631,14.6545482,0,13.2112874,15.7766202,-18.7159461,58.9437197,3.87458574,-9.38641564,-10.840241,-0.922616937,-15.0581031,34.4962802,73.8281636,6.76490025,-8.23280437,12.216274,-1.71299266,-0.369741805,3.00527299,7.79530344,-5.05891963,0.265067102,-1.76439869,2.46755461,-10.5451376,6.42639778,-4.22327117,-3.09664555
932,-2.36210451,0.562827243,106.400275,0.200261005,-0.880974748,0.126035168,0.0730966845,-0.76709369,1.59928794,14.6623227,0,13.2011446,15.7877552,-18.7357946,58.9511783,3.85800204,-9.38143473,-10.8398423,-0.914548563,-15.055774,34.5174504,73.8292359,6.81080808,-8.21461387,12.2240135,-1.71248136,-0.379113038,3.0060495,7.79565348,-5.04322855,0.257124739,-1.7669392,2.45832638,-10.5407799,6.42753244,-4.22771848,-3.11739183
933,-2.36380547,0.564488955,106.395745,0.185988117,-0.882277366,0.121441422,0.07352754,-0.757706555,1.58870168,14.6599475,0,13.1875585,15.7974165,-18.7675464,58.9636912,3.83761308,-9.38068341,-10.8270135,-0.896690179,-15.0623566,34.5082979,73.8086566,6.80439752,-8.17051049,12.2480933,-1.70620281,-0.361037129,3.00877282,7.78501034,-5.05656663,0.255257696,-1.77200347,2.47800821,-10.548107,6.43728126,-4.23554331,-3.14823781
934,-2.36495472,0.562998187,106.401789,0.201839952,-0.883545779,0.112121768,0.069877531,-0.777057762,1.58205153,14.6710261,0,13.1841878,15.7923946,-18.7452441,58.9729393,3.84346014,-9.38742651,-10.8406056,-0.88175389,-15.0562504,34.4767595,73.8081785,6.81499584,-8.16167478,12.2596483,-1.71021992,-0.377805484,3.02010688,7.79115324,-5.03791893,0.235277339,-1.77106805,2.46217925,-10.542041,6.43547339,-4.23502294,-3.18153819
935,-2.37013027,0.563039677,106.411052,0.209066441,-0.886822979,0.102354161,0.0681596517,-0.789911751,1.57278254,14.6862881,0,13.1839769,15.7943292,-18.7362266,58.9795441,3.84652178,-9.39114811,-10.8679076,-0.888013278,-15.0495773,34.4945897,73.8289491,6.8695618,-8.16985906,12.2643244,-1.71401922,-0.385144976,3.02749736,7.79948949,-5.02413347,0.230677126,-1.77200475,2.45346798,-10.5314627,6.43602322,-4.21984028,-3.1613061
936,-2.37377174,0.560860476,106.407225,0.222215272,-0.887656268,0.0904239118,0.0723435027,-0.806868069,1.56411545,14.6935879,0,13.1918709,15.7884706,-18.7058852,58.9774814,3.85176992,-9.4163848,-10.8725051,-0.877710578,-15.0467172,34.4813528,73.8292359,6.89869511,-8.16697501,12.2775809,-1.71642184,-0.399968861,3.04185975,7.8086556,-5.03240142,0.246121331,-1.76832168,2.44084601,-10.5158549,6.42552479,-4.2308864,-3.14966981
937,-2.37859208,0.565817207,106.407261,0.204799482,-0.890325332,0.0856480164,0.0717872559,-0.787806825,1.56107912,14.7028189,0,13.1852055,15.786997,-18.7047155,58.9861557,3.82917096,-9.42885331,-10.8835513,-0.861465613,-15.0628296,34.4838629,73.8098587,6.91022533,-8.15035716,12.2952779,-1.71243493,-0.3809911,3.04370945,7.80298996,-5.03404365,0.268693452,-1.77288723,2.45950736,-10.5244515,6.43489966,-4.21258406,-3.1440285
938,-2.38234103,0.566010084,106.406629,0.209075108,-0.892600578,0.0761480331,0.0687255102,-0.793515316,1.54685877,14.7109161,0,13.1889527,15.7782236,-18.7192297,58.9919682,3.82771528,-9.41413682,-10.8545819,-0.858371751,-15.0618529,34.4842215,73.8161835,6.91433625,-8.15681596,12.3093746,-1.71511792,-0.385141908,3.05865946,7.80967245,-5.01907871,0.256184174,-1.77141255,2.45467927,-10.5017283,6.42576428,-4.20170826,-3.15028644
939,-2.38658674,0.567576382,106.404865,0.203089214,-0.89366344,0.0750184361,0.0554157627,-0.787801116,1.53592065,14.7176284,0,13.1935785,15.7731471,-18.7311261,58.9972001,3.83714094,-9.41673997,-10.8359013,-0.860904737,-15.0628808,34.4972706,73.8248988,6.92858872,-8.16355736,12.3035348,-1.71439562,-0.379715376,3.05947524,7.80682597,-5.02407286,0.257096058,-1.77268521,2.46181277,-10.5052647,6.42794908,-4.20111062,-3.15988393
940,-2.39053704,0.56380434,106.406021,0.206547103,-0.896408306,0.0721100568,0.0462063498,-0.797075712,1.53744346,14.7311078,0,13.1921569,15.7798475,-18.7451229,58.9843116,3.82935879,-9.39864168,-10.8257627,-0.863951695,-15.0607959,34.5056683,73.8212173,6.9324149,-8.16689305,12.2787088,-1.71455656,-0.382431256,3.05414257,7.80783171,-5.03497896,0.280433373,-1.77583552,2.45904184,-10.5112035,6.43286938,-4.21878288,-3.14865936
941,-2.39792969,0.560461171,106.402493,0.211038236,-0.898192186,0.0642134253,0.0458980475,-0.803867588,1.52627023,14.7310446,0,13.2032158,15.7772759,-18.754359,58.973595,3.84854522,-9.38419498,-10.8164848,-0.863020709,-15.0582175,34.5285187,73.8342152,6.97907321,-8.17113887,12.2464404,-1.71391218,-0.387284426,3.06311317,7.80794185,-5.04873923,0.297960493,-1.77647287,2.45510701,-10.504819,6.42942782,-4.23337387,-3.12464442
942,-2.40404028,0.558542879,106.403542,0.214046745,-0.902349273,0.0617229292,0.0483151173,-0.806062,1.51957099,14.7240761,0,13.1983263,15.779243,-18.7926491,58.9780824,3.86647959,-9.37407007,-10.8156438,-0.864248755,-15.0594948,34.5422303,73.8530665,6.98298306,-8.19677513,12.2363744,-1.71673678,-0.390543867,3.06717051,7.81736239,-5.04989994,0.292770322,-1.77700743,2.44843307,-10.4959457,6.42759221,-4.20526892,-3.08132522
943,-2.40653623,0.558182131,106.397557,0.216451986,-0.904141999,0.0576816923,0.058530499,-0.811460464,1.51669516,14.7038844,0,13.1841929,15.7922785,-18.8470242,58.9771125,3.86181799,-9.34827501,-10.8102761,-0.868175207,-15.0582961,34.5397339,73.8680314,6.97730931,-8.20653034,12.2562929,-1.7192171,-0.392785183,3.07264128,7.81724969,-5.0589747,0.28348436,-1.77829802,2.44505639,-10.4893281,6.42406996,-4.21717608,-3.09734842
944,-2.41210442,0.562077062,106.394315,0.208711714,-0.911307106,0.0443023691,0.0615209413,-0.797982954,1.52043575,14.7028155,0,13.1788696,15.7855729,-18.8828434,58.9673932,3.84651196,-9.32401247,-10.7854749,-0.880820182,-15.0677474,34.560525,73.8713646,7.01940761,-8.19800627,12.271841,-1.7144223,-0.38363329,3.07637867,7.8211557,-5.07154993,0.28325096,-1.78771226,2.45231923,-10.4781044,6.44992607,-4.2295289,-3.09706155
945,-2.41982508,0.565893622,106.397986,0.189314343,-0.915778301,0.0361208776,0.0641291264,-0.773981242,1.51850953,14.7080935,0,13.1901395,15.7763778,-18.8742323,58.9456527,3.85095841,-9.3213376,-10.7913625,-0.89223823,-15.0733396,34.5812239,73.8768833,7.0021157,-8.20133684,12.2345413,-1.71036795,-0.363431084,3.08217729,7.82034291,-5.07672465,0.304824806,-1.79359338,2.47165699,-10.4688589,6.45923903,-4.21216187,-3.1039942
946,-2.43068803,0.566304242,106.401289,0.194641775,-0.925362387,0.0192389498,0.0682336765,-0.773959524,1.53016066,14.7009867,0,13.2080935,15.774257,-18.8408173,58.9187964,3.84541486,-9.33291306,-10.8098552,-0.920802241,-15.0715535,34.606376,73.9030703,7.02360262,-8.2073918,12.2502004,-1.71643006,-0.368216912,3.09443407,7.84961369,-5.08145925,0.290521349,-1.79395708,2.46242407,-10.4450924,6.47284178,-4.21383099,-3.0656303
947,-2.43859664,0.567722088,106.401634,0.206889084,-0.934583422,0.00122668479,0.0878534083,-0.776866196,1.54380301,14.6798575,0,13.1999485,15.7543726,-18.835138,58.9201624,3.84297862,-9.33940089,-10.791856,-0.93882647,-15.0813087,34.6105629,73.9083364,7.03773044,-8.20389133,12.266843,-1.7200427,-0.38127594,3.10602276,7.8671502,-5.08162915,0.280883499,-1.79831197,2.4469983,-10.4237779,6.48831131,-4.21554366,-3.07031219
948,-2.44673081,0.575323077,106.395471,0.201866886,-0.939291196,-0.0116233869,0.0978469955,-0.762837682,1.54268499,14.6725646,0,13.2041345,15.7458417,-18.8765597,58.9035309,3.80830431,-9.30133795,-10.7697236,-0.949913255,-15.0935979,34.6336695,73.9090945,7.0648019,-8.21201072,12.3013833,-1.72136018,-0.376294305,3.11251187,7.86879969,-5.07840786,0.260691699,-1.80263206,2.4515297,-10.4093355,6.49059003,-4.20365401,-3.09429746
949,-2.45648064,0.580032356,106.38746,0.19117086,-0.94772468,-0.0254525245,0.112396552,-0.746765606,1.55158643,14.6578643,0,13.2058796,15.744602,-18.9017357,58.8937706,3.78819495,-9.28263604,-10.7691669,-0.954178494,-15.1033275,34.640486,73.8977291,7.05173191,-8.21780784,12.2843556,-1.7165355,-0.363568755,3.11966094,7.87099047,-5.08590571,0.259812045,-1.81411212,2.46447846,-10.4095729,6.51784462,-4.22267566,-3.14870163
950,-2.46920679,0.579456706,106.394076,0.203797886,-0.958957165,-0.0412713466,0.115687236,-0.754481959,1.58009874,14.6544424,0,13.203653,15.7412177,-18.8646068,58.8946107,3.81361862,-9.32917268,-10.8070301,-0.964473404,-15.1154614,34.6415037,73.8637489,7.07454815,-8.19733947,12.2875812,-1.72469107,-0.376648968,3.1288405,7.90226676,-5.07414028,0.25424995,-1.81485383,2.45198434,-10.3928193,6.53508914,-4.23930248,-3.18107373
951,-2.47551054,0.577645563,106.398261,0.214144437,-0.968266844,-0.0570917238,0.123084264,-0.771126703,1.57380717,14.6398753,0,13.2326377,15.7421893,-18.8255433,58.8907516,3.84902632,-9.34417861,-10.8542694,-0.937042724,-15.1131032,34.620132,73.8368311,7.09860365,-8.20595063,12.3147559,-1.72280615,-0.384214202,3.13752061,7.92106856,-5.07539532,0.24842724,-1.81686511,2.44019949,-10.3772242,6.55271487,-4.24620822,-3.16075414
952,-2.48928107,0.57763122,106.394923,0.220869448,-0.979987759,-0.0801442971,0.129921337,-0.772864132,1.59480574,14.6476617,0,13.2255617,15.743376,-18.8441965,58.891298,3.87051965,-9.33419116,-10.8880063,-0.97378103,-15.1026547,34.6598188,73.8676353,7.11259316,-8.23996071,12.2498239,-1.73258207,-0.392504611,3.16422963,7.95507693,-5.08214483,0.252148279,-1.82281335,2.42600379,-10.3371865,6.56144599,-4.23018289,-3.13464019
953,-2.49665827,0.577483512,106.391978,0.219271149,-0.990393114,-0.101030258,0.134041035,-0.777699746,1.60074384,14.6325875,0,13.2313673,15.7509387,-18.8608519,58.8959153,3.85999859,-9.32114123,-10.9046267,-0.979839408,-15.0868121,34.6786326,73.8863022,7.11790577,-8.25599372,12.2414731,-1.73601456,-0.387987188,3.17973779,7.9784763,-5.09075172,0.249278639,-1.82874068,2.42724433,-10.3193187,6.58289022,-4.22528351,-3.15395916
954,-2.50364002,0.578672485,106.395841,0.219024467,-0.997995352,-0.115739574,0.141065084,-0.771466665,1.60129089,14.6253919,0,13.2437829,15.7474605,-18.8687186,58.9007783,3.86551141,-9.31778249,-10.9432787,-0.956759559,-15.092015,34.679804,73.8703264,7.12334132,-8.24511408,12.2446867,-1.73392879,-0.386588147,3.18948319,7.98750923,-5.08106267,0.25514273,-1.83591387,2.4275583,-10.312159,6.60378035,-4.21792228,-3.19295229
955,-2.51727477,0.580019085,106.403625,0.215673529,-1.00468343,-0.135659259,0.139917506,-0.75695865,1.6102013,14.6444618,0,13.2524709,15.7317971,-18.8778676,58.9038519,3.86437461,-9.31492832,-10.9341391,-0.959537418,-15.1028682,34.6967019,73.8591727,7.06826011,-8.24782396,12.2529905,-1.73203822,-0.380398128,3.19976946,7.99305449,-5.08169617,0.240259401,-1.84554209,2.432993,-10.2976372,6.61821041,-4.21905139,-3.21425373
956,-2.52520796,0.582927233,106.397331,0.216286332,-1.00581596,-0.158459382,0.143929348,-0.745728111,1.60579743,14.6518964,0,13.2639431,15.7178106,-18.9028713,58.9084077,3.81535306,-9.32128723,-10.9386871,-0.963382281,-15.1070534,34.7095495,73.8693087,7.04549466,-8.25247361,12.2734111,-1.72955181,-0.383024149,3.21942397,7.99356163,-5.09940515,0.25242018,-1.84726372,2.42925176,-10.276794,6.61264508,-4.21594366,-3.17420705
957,-2.52887011,0.58487826,106.391597,0.202432702,-1.00806409,-0.177677911,0.153147089,-0.723855604,1.60186121,14.6501496,0,13.2783035,15.7157001,-18.9294151,58.899788,3.78424667,-9.28896336,-10.9630982,-0.968824341,-15.1004691,34.7227556,73.8950243,7.01478784,-8.25997999,12.2676097,-1.72959376,-0.368215765,3.24060161,7.99448456,-5.13165559,0.278444081,-1.8502737,2.44210554,-10.248879,6.60894013,-4.2092616,-3.12382864
958,-2.53614038,0.58933422,106.384683,0.196394413,-1.00936781,-0.195014847,0.161539403,-0.697470157,1.5994905,14.6638885,0,13.2716364,15.69307,-18.9517839,58.9220544,3.76250703,-9.27442359,-10.9704424,-0.965589499,-15.1140458,34.7244598,73.8897924,6.95121671,-8.25503066,12.2605473,-1.72514218,-0.364279415,3.25418664,7.98168052,-5.14872808,0.280888701,-1.85847249,2.44589821,-10.2378201,6.61014097,-4.20778542,-3.12184276
959,-2.54487637,0.590869365,106.385517,0.196364726,-1.01095147,-0.203714568,0.164698499,-0.691661881,1.60621877,14.6737223,0,13.2663891,15.6819846,-18.9540601,58.9356533,3.75048035,-9.27262042,-11.000047,-0.96451812,-15.1153674,34.6903805,73.8813435,6.89418847,-8.21781467,12.2832551,-1.71926117,-0.364368181,3.25606259,7.96670191,-5.13641111,0.274222197,-1.86563031,2.4479652,-10.2374085,6.61821297,-4.20884154,-3.10079297
960,-2.54838727,0.59590973,106.392872,0.188516398,-1.01181903,-0.211224301,0.166691314,-0.679070694,1.60491975,14.6758567,0,13.2680975,15.673522,-18.950225,58.9418824,3.75242568,-9.27715311,-11.0210823,-0.945142367,-15.1178263,34.6576161,73.8536812,6.87991423,-8.18780623,12.2904464,-1.71866673,-0.355768119,3.26464217,7.96447612,-5.12260218,0.279758252,-1.86822707,2.45564105,-10.2234528,6.61887123,-4.20293513,-3.1213019
961,-2.55023446,0.596217765,106.397402,0.182432308,-1.01181705,-0.217232682,0.164474797,-0.67015559,1.59639856,14.6809247,0,13.2915652,15.6667857,-18.924914,58.9379414,3.7356994,-9.29232552,-11.0369718,-0.908366281,-15.1218356,34.6234788,73.8186765,6.86396488,-8.19574804,12.2626886,-1.71381517,-0.346549498,3.26191649,7.95587009,-5.11585566,0.267814652,-1.87026908,2.46550128,-10.2267202,6.6214223,-4.1984588,-3.14524491
962,-2.55669635,0.589697901,106.392884,0.20075011,-1.01271521,-0.23512815,0.177428438,-0.692148959,1.59602919,14.6880093,0,13.29535,15.6788956,-18.9425478,58.9358787,3.70583055,-9.30290548,-11.0454575,-0.895447832,-15.1063704,34.5925551,73.8125976,6.87357325,-8.18783612,12.2609545,-1.71767572,-0.366291493,3.28047881,7.96028666,-5.11298527,0.274650684,-1.86903858,2.44701836,-10.2080669,6.60683942,-4.20708191,-3.11424695
963,-2.55992617,0.58993455,106.397021,0.190540015,-1.01389465,-0.249446194,0.187922103,-0.687551655,1.59551629,14.6806327,0,13.2970609,15.6766212,-18.9273148,58.9487877,3.70703523,-9.31053651,-11.0465879,-0.87984784,-15.0871263,34.5413731,73.8197898,6.87274637,-8.17111069,12.2705271,-1.71673251,-0.352579808,3.29007694,7.95955924,-5.10894137,0.269341653,-1.87161825,2.46103028,-10.2029784,6.60596815,-4.18583832,-3.11987887
964,-2.5640849,0.588157913,106.394899,0.205794702,-1.01377522,-0.267612455,0.192967959,-0.702667183,1.5910741,14.6979438,0,13.3113941,15.668874,-18.8978203,58.9508368,3.71045459,-9.31561134,-11.0321079,-0.847668738,-15.0790035,34.5050775,73.8017513,6.846848,-8.16383825,12.2505624,-1.71980855,-0.36898819,3.30694814,7.96720649,-5.11545054,0.274325503,-1.86793742,2.44588669,-10.1793716,6.59289815,-4.20183675,-3.12300176
965,-2.56860442,0.591414049,106.394446,0.188674371,-1.01567631,-0.268019222,0.186681436,-0.689258028,1.59181102,14.6950547,0,13.3193487,15.6611286,-18.8510745,58.9653714,3.73548595,-9.34717023,-11.0151647,-0.824409169,-15.0769562,34.4944668,73.789696,6.86404727,-8.16961744,12.2289508,-1.71078373,-0.349537999,3.29613233,7.95293481,-5.11244056,0.281841326,-1.87571978,2.46736635,-10.2007356,6.60759672,-4.20504139,-3.14834155
966,-2.5714675,0.588042242,106.393933,0.193092819,-1.01692616,-0.283600745,0.199638639,-0.70472958,1.58539427,14.6927119,0,13.3279761,15.6703049,-18.8367499,58.9694832,3.72953344,-9.35674615,-11.0087094,-0.809622877,-15.0579956,34.4722209,73.8097904,6.8391777,-8.14726309,12.2352209,-1.71287633,-0.350637659,3.30798804,7.96037118,-5.11229756,0.271072919,-1.87548137,2.46622315,-10.1896741,6.60537947,-4.20385294,-3.1673506
967,-2.57584807,0.584442122,106.395483,0.203769225,-1.01950212,-0.290899734,0.206956026,-0.717642373,1.59066696,14.6849904,0,13.3271428,15.6709606,-18.8367243,58.9693739,3.73722125,-9.34565649,-10.9925688,-0.809446519,-15.0511158,34.4876673,73.8343722,6.84493726,-8.13000234,12.2448157,-1.71732535,-0.36035878,3.31393308,7.96510621,-5.10442277,0.254646795,-1.87783928,2.45497681,-10.1810663,6.60094967,-4.20052152,-3.19302358
968,-2.5812326,0.583084906,106.394887,0.205749734,-1.02254097,-0.298589605,0.208232631,-0.721284732,1.59761348,14.6892849,0,13.327772,15.6696185,-18.814463,58.9813951,3.75423994,-9.34565478,-10.9842803,-0.815365785,-15.0368288,34.4913591,73.8583326,6.88050675,-8.12704402,12.2522025,-1.72026244,-0.360542955,3.32499884,7.97314278,-5.10456877,0.250662366,-1.8771046,2.45353202,-10.1653646,6.59834566,-4.18756294,-3.18731418
969,-2.5881039,0.581695419,106.392419,0.210657777,-1.02486731,-0.303771688,0.216154463,-0.730114459,1.60148673,14.680281,0,13.3181551,15.6708172,-18.8268376,59.0002191,3.75898138,-9.34858322,-10.9541771,-0.809343052,-15.0296964,34.5080657,73.8836862,6.9144323,-8.1649584,12.255954,-1.72164075,-0.364008635,3.33582448,7.97708892,-5.10110501,0.241214534,-1.87748774,2.44797907,-10.159027,6.59515895,-4.17541203,-3.18218257
970,-2.59460341,0.582753168,106.394672,0.203998814,-1.02895882,-0.304983468,0.217384858,-0.725861332,1.61078368,14.6823642,0,13.3108255,15.6700659,-18.8140685,59.0072542,3.76226798,-9.35072022,-10.961552,-0.80581035,-15.0272221,34.4843103,73.8853938,6.88162604,-8.15226278,12.2596679,-1.71901102,-0.353272378,3.33111271,7.97267235,-5.09047339,0.232146684,-1.88511151,2.45722245,-10.1606637,6.61050894,-4.17008833,-3.1926334
971,-2.59937458,0.579721946,106.389117,0.211076909,-1.02963672,-0.303209025,0.227052403,-0.737815657,1.61513515,14.6697744,0,13.2977431,15.6783372,-18.8205316,59.017356,3.77805297,-9.37360818,-10.9730618,-0.805045903,-15.0238446,34.4759946,73.881883,6.89452272,-8.13733797,12.2848619,-1.72132635,-0.36040499,3.33315024,7.97205678,-5.09078758,0.233562081,-1.88430832,2.45172885,-10.1608396,6.60850642,-4.17780986,-3.21366441
972,-2.6045613,0.579357706,106.385326,0.200514164,-1.03233831,-0.292125101,0.211619431,-0.728852741,1.61882559,14.6732544,0,13.2919998,15.6746199,-18.81232,59.0217751,3.77999018,-9.37694132,-10.9723019,-0.802048197,-15.0241178,34.4794233,73.8765145,6.88233169,-8.13447099,12.289976,-1.7168975,-0.348304643,3.32363558,7.95935092,-5.0987503,0.229866788,-1.89000726,2.46392607,-10.1760777,6.6189327,-4.16983518,-3.19676375
973,-2.61157211,0.577815576,106.384897,0.192890406,-1.03490554,-0.29463486,0.20691942,-0.725452054,1.62944205,14.6814797,0,13.2827227,15.6808781,-18.8234396,59.0201837,3.78315256,-9.3836793,-10.9690012,-0.806840215,-15.0118764,34.4755643,73.8876614,6.9287266,-8.15851241,12.3135931,-1.71755907,-0.337863178,3.32616211,7.96087235,-5.10920007,0.239271879,-1.89270582,2.4730337,-10.1705316,6.62399686,-4.17501802,-3.18402416
974,-2.61501633,0.57151136,106.390476,0.202146186,-1.03754669,-0.286699619,0.197528417,-0.741354069,1.63014225,14.6816436,0,13.2762442,15.687891,-18.8272286,59.0262421,3.79958087,-9.37530463,-10.9676463,-0.808677963,-15.0023824,34.4829989,73.8990815,6.89700592,-8.20329198,12.2605635,-1.72682017,-0.347321229,3.32923228,7.97849509,-5.10380251,0.249141075,-1.88751296,2.46231756,-10.1611273,6.61289652,-4.16391811,-3.17645717
975,-2.62073539,0.569087081,106.393015,0.208744137,-1.04103753,-0.274256938,0.175321218,-0.749761765,1.63662453,14.6802844,0,13.2673974,15.6929743,-18.8282771,59.0251971,3.81323357,-9.37166329,-10.9830893,-0.819579318,-14.9985627,34.4880533,73.9014174,6.88571391,-8.18593989,12.2706859,-1.72948479,-0.354802928,3.31656484,7.97571435,-5.08467243,0.242213022,-1.89050864,2.45516251,-10.1804072,6.62007163,-4.16411789,-3.17771093
976,-2.6229335,0.566465314,106.381643,0.211795256,-1.04161855,-0.270508538,0.164965904,-0.756211171,1.63629134,14.6793521,0,13.269233,15.6981721,-18.8283061,59.0130393,3.82268826,-9.36504398,-10.9726639,-0.82794582,-14.9958255,34.4971716,73.9034938,6.90605336,-8.17915922,12.2883726,-1.73101113,-0.359219472,3.30822475,7.97449857,-5.10279634,0.257685001,-1.89100041,2.45502206,-10.1864152,6.61997089,-4.19296349,-3.19267823
977,-2.62688883,0.565367285,106.37666,0.208919044,-1.04328544,-0.265089216,0.159671867,-0.755647253,1.63706348,14.6732954,0,13.265298,15.6986656,-18.8255364,59.001107,3.82539686,-9.36524547,-10.9552572,-0.831846338,-14.9921696,34.4938521,73.9018682,6.94060814,-8.19199485,12.2852342,-1.73228912,-0.35654716,3.30944244,7.97342879,-5.10866475,0.281103506,-1.89281703,2.45744102,-10.1903101,6.62119008,-4.19698647,-3.17301539
978,-2.62773018,0.563138677,106.381774,0.198076217,-1.04436356,-0.250449192,0.144469867,-0.752199929,1.6283393,14.6689702,0,13.2670235,15.6988534,-18.8197632,59.0007518,3.82500455,-9.37529524,-10.9329634,-0.827187135,-14.9821463,34.4746866,73.9024146,6.95471675,-8.19464838,12.281656,-1.7290293,-0.34459577,3.29660532,7.9681576,-5.10625327,0.285496278,-1.89325117,2.46943675,-10.2009686,6.6279605,-4.18924573,-3.15306526
979,-2.63058264,0.561138988,106.390071,0.196537705,-1.04937409,-0.245170982,0.138711124,-0.747974923,1.63557834,14.6649113,0,13.2587035,15.6953068,-18.8127332,58.997446,3.82795476,-9.38164561,-10.9258071,-0.834121858,-14.9883037,34.4671187,73.9086301,6.93305395,-8.20942378,12.2231759,-1.72818556,-0.341610978,3.29120349,7.97146512,-5.09995156,0.2792049,-1.8977719,2.46960132,-10.2091384,6.64952213,-4.184471,-3.11442475
980,-2.6324084,0.555360317,106.392169,0.210930202,-1.05279923,-0.255968353,0.146664892,-0.770107351,1.63059924,14.6606186,0,13.2623619,15.7039129,-18.8057801,58.9938875,3.81644931,-9.38989904,-10.9242472,-0.822125805,-14.9730604,34.4448011,73.9116695,6.9361301,-8.21470437,12.1772975,-1.7353594,-0.354178952,3.29827637,7.99419342,-5.08920767,0.279208902,-1.89147511,2.45328015,-10.187041,6.64007512,-4.1831024,-3.10060621
981,-2.63304338,0.554729812,106.390953,0.20567608,-1.0547258,-0.247869713,0.138312505,-0.769107315,1.62351686,14.6554857,0,13.2621536,15.7025605,-18.7887081,58.9960185,3.82236724,-9.3907161,-10.9259821,-0.834901193,-14.9708167,34.4565695,73.9339496,6.96161567,-8.20288388,12.1908537,-1.7320268,-0.347165309,3.28744518,7.99133755,-5.09200976,0.290855442,-1.89429149,2.46116497,-10.1985431,6.65214193,-4.19321449,-3.11782191
982,-2.63602883,0.556176342,106.391668,0.199911534,-1.05571698,-0.24853721,0.150757723,-0.764265031,1.62385613,14.6428515,0,13.2434704,15.7008308,-18.7835086,59.0016602,3.80818563,-9.38621927,-10.9612003,-0.834820405,-14.9733695,34.4476219,73.9273175,6.98746495,-8.18534395,12.2027417,-1.73286221,-0.338482084,3.29218469,7.98949767,-5.10799198,0.26536731,-1.89674652,2.4716555,-10.1959382,6.65348876,-4.20916854,-3.16640676
983,-2.63824631,0.554135349,106.395853,0.213757383,-1.05725883,-0.250075792,0.161543485,-0.77920036,1.62425015,14.63478,0,13.2314075,15.7026561,-18.7876955,59.0005811,3.80688021,-9.37077365,-10.9719723,-0.839109604,-14.9828327,34.4764214,73.9162799,7.01706613,-8.16994102,12.2260659,-1.73698808,-0.353603536,3.29026327,7.9952965,-5.08529867,0.25893538,-1.89642337,2.45601308,-10.1935963,6.65256156,-4.20641341,-3.17659569
984,-2.64186319,0.548158027,106.39677,0.226313226,-1.05957382,-0.254902237,0.17077614,-0.794807236,1.61825879,14.6298264,0,13.2381676,15.7061976,-18.7797264,58.99274,3.82530209,-9.35891815,-10.9625578,-0.859090522,-14.9783453,34.5243625,73.9421868,7.00637646,-8.181204,12.1981288,-1.74481558,-0.363611871,3.29368264,8.01348785,-5.08219819,0.242153872,-1.88891571,2.44224684,-10.1754195,6.63656867,-4.19419505,-3.17561257
985,-2.6473105,0.54721646,106.389141,0.226528429,-1.0636164,-0.261931886,0.181173983,-0.796686338,1.63036978,14.634517,0,13.2299125,15.7133744,-18.7697133,58.985582,3.82853575,-9.37568029,-10.9735894,-0.861420737,-14.9712334,34.4957748,73.9380409,6.94736533,-8.20428833,12.1931897,-1.74805597,-0.362592331,3.3008522,8.02965662,-5.09869011,0.266487061,-1.88678426,2.43942469,-10.1572213,6.63842008,-4.18957358,-3.1190665
986,-2.64982507,0.552218128,106.386817,0.210591933,-1.0678844,-0.269786411,0.189314394,-0.766461844,1.63720264,14.6319386,0,13.2235937,15.6953837,-18.7654205,58.9794211,3.85895229,-9.37863179,-10.9578603,-0.873049561,-14.9963411,34.5295979,73.9212659,6.97372517,-8.19564985,12.2377695,-1.73767931,-0.344727571,3.29451421,8.01700113,-5.09071245,0.254587377,-1.89902546,2.45898635,-10.172427,6.66679226,-4.19652244,-3.16589428
987,-2.65381355,0.552346976,106.380773,0.211624482,-1.06967318,-0.283286605,0.201530121,-0.773826389,1.64129627,14.6262986,0,13.2209752,15.699545,-18.7559539,58.9643811,3.85800973,-9.36756944,-10.9756086,-0.891018241,-14.9921508,34.5521546,73.9164097,6.96989856,-8.19341723,12.2646283,-1.74014618,-0.342641349,3.30096212,8.02189155,-5.09665258,0.234537117,-1.8997454,2.46153977,-10.1601676,6.66183525,-4.19771858,-3.22081028
988,-2.66026482,0.55448208,106.378961,0.207815024,-1.07199158,-0.278415657,0.208936847,-0.767149132,1.65021522,14.6166629,0,13.217193,15.6877749,-18.7472915,58.9446487,3.88781753,-9.35257462,-10.9628122,-0.909173844,-15.0044298,34.5851717,73.9067244,6.97926274,-8.19652156,12.28412,-1.73810908,-0.338431418,3.29395158,8.01505197,-5.10171631,0.223615177,-1.9044339,2.46580053,-10.1651895,6.66793803,-4.19337287,-3.23588963
989,-2.66313776,0.549947005,106.378591,0.212257901,-1.0736303,-0.28481981,0.211807941,-0.771926476,1.64923775,14.6370664,0,13.2275954,15.6916646,-18.7445628,58.9176421,3.87745741,-9.34388747,-10.9650619,-0.914553152,-15.0028503,34.5885936,73.8926611,6.96608389,-8.18254443,12.2766102,-1.73919017,-0.342331216,3.29914444,8.0194156,-5.10434935,0.224845078,-1.90477648,2.46182344,-10.1549895,6.6672883,-4.18378414,-3.21459054
990,-2.66808774,0.546388188,106.37697,0.222141169,-1.07635571,-0.294474323,0.217635627,-0.783953051,1.64840362,14.6517905,0,13.2369809,15.6891699,-18.7410863,58.9054365,3.88184538,-9.35274879,-10.9545511,-0.91965637,-15.003436,34.5986306,73.8840687,6.93554569,-8.1804783,12.2486961,-1.74619432,-0.352557716,3.31580797,8.03672928,-5.10454615,0.225010123,-1.89826709,2.44943903,-10.1385962,6.65161729,-4.1680969,-3.20817593
991,-2.66934466,0.548228575,106.380486,0.218554257,-1.07782637,-0.290975818,0.215027575,-0.779233391,1.6378181,14.6618531,0,13.2619546,15.6884698,-18.7245538,58.8796321,3.88724635,-9.35505568,-10.9679852,-0.916634545,-15.0032892,34.5826889,73.874042,6.95673422,-8.17842668,12.2477065,-1.74001278,-0.34928064,3.30542971,8.03003399,-5.0839766,0.220608734,-1.9009806,2.45306607,-10.1533409,6.66176311,-4.16398555,-3.20545815
992,-2.67173108,0.546125462,106.381166,0.223685852,-1.07802383,-0.291456615,0.219600627,-0.790466384,1.63021418,14.6575023,0,13.2811919,15.680487,-18.6848192,58.8627888,3.89905276,-9.37536183,-10.978858,-0.904664532,-15.0113454,34.5669966,73.8395427,6.92955263,-8.18195959,12.2387419,-1.73962858,-0.352716545,3.30497209,8.02888737,-5.08247225,0.218384053,-1.899377,2.45289937,-10.1579794,6.66353341,-4.18295384,-3.23722963
993,-2.67541911,0.548573211,106.384051,0.207627279,-1.08109902,-0.280508847,0.219848368,-0.77335009,1.62645075,14.6549905,0,13.290457,15.6737969,-18.6787181,58.8511434,3.89420077,-9.38395933,-10.9838424,-0.899961947,-15.0282398,34.5725256,73.813103,6.93516192,-8.19499415,12.1965979,-1.73482856,-0.333609197,3.29399064,8.01788906,-5.07934702,0.21378224,-1.90551904,2.47133768,-10.1737256,6.67925181,-4.18001089,-3.25274675
994,-2.67972667,0.543540763,106.383765,0.222137733,-1.08265036,-0.281822845,0.232109785,-0.789367577,1.62514095,14.6592303,0,13.3054783,15.6731685,-18.686245,58.8296419,3.88934664,-9.37903221,-10.9599042,-0.899331221,-15.0344707,34.5613275,73.7967857,6.90938308,-8.19233294,12.1710274,-1.74052227,-0.348456801,3.2932073,8.02628165,-5.08095723,0.212693238,-1.90291119,2.45540818,-10.1618274,6.66936383,-4.18918767,-3.2472508
995,-2.68042926,0.538492622,106.389236,0.2298978,-1.08309651,-0.281845347,0.238919083,-0.803743738,1.61058838,14.6726704,0,13.3153898,15.6789537,-18.7022003,58.829198,3.8955604,-9.38070902,-10.9555141,-0.893020874,-15.0376826,34.5607982,73.7867112,6.88174173,-8.21171873,12.1613209,-1.74612356,-0.356498842,3.30209508,8.03295816,-5.06898092,0.209810605,-1.89508124,2.44637142,-10.1533033,6.64853389,-4.17285455,-3.20440011
996,-2.67979614,0.537382532,106.394494,0.224116866,-1.08418398,-0.273066621,0.236363552,-0.806225338,1.59957652,14.6704096,0,13.3357138,15.6838612,-18.6998849,58.8221014,3.89526243,-9.3877185,-10.9373023,-0.87489702,-15.0376979,34.5388835,73.7743349,6.88410412,-8.20366337,12.1734205,-1.74673913,-0.348761038,3.29383375,8.03566975,-5.06227282,0.221219929,-1.8916004,2.45394396,-10.1615149,6.65130694,-4.17043581,-3.19344897
997,-2.6837891,0.543248747,106.393731,0.200950935,-1.08853341,-0.265327174,0.226708012,-0.784882757,1.60673487,14.6725765,0,13.3461982,15.6720552,-18.6767664,58.8250179,3.90533013,-9.39497899,-10.9419784,-0.877282357,-15.0461896,34.5253495,73.7680238,6.89014414,-8.21472486,12.1850276,-1.73510871,-0.323721111,3.27822421,8.01789333,-5.06672227,0.231658272,-1.902724,2.48106771,-10.1939583,6.68655328,-4.17836268,-3.20115876
998,-2.68946104,0.54379506,106.390405,0.200917368,-1.08945304,-0.255105033,0.212535357,-0.790054651,1.60378914,14.671692,0,13.3551611,15.6702503,-18.6822135,58.8228391,3.89472456,-9.37566492,-10.9301519,-0.89845653,-15.0462596,34.5459494,73.7861101,6.88730791,-8.22045539,12.1896551,-1.7362359,-0.324414562,3.26632816,8.0108514,-5.06729259,0.227978534,-1.9036147,2.48206129,-10.2033037,6.68564615,-4.19760929,-3.2126926
999,-2.68837586,0.538616115,106.387424,0.216048637,-1.08717293,-0.246563197,0.210377217,-0.814277757,1.59491363,14.6639568,0,13.3611921,15.6811615,-18.7006259,58.8270396,3.88784015,-9.36735514,-10.9393676,-0.923873265,-15.0341292,34.5713064,73.8225424,6.92051159,-8.21912094,12.2416473,-1.74311081,-0.341555002,3.26476746,8.01304816,-5.06670519,0.22948942,-1.893982,2.46651941,-10.1964522,6.66030614,-4.21381477,-3.21908182
1000,-2.6893137,0.53646462,106.386447,0.212014613,-1.08861868,-0.23678926,0.203845595,-0.81100567,1.59408611,14.6619744,0,13.3668663,15.6882359,-18.7126078,58.831008,3.91329243,-9.34807437,-10.947977,-0.929257909,-15.0345287,34.5783347,73.8342835,6.87675441,-8.20393231,12.2330268,-1.74263782,-0.33861055,3.26002645,8.00997714,-5.06784754,0.253560794,-1.89442511,2.46772045,-10.2068597,6.66271805,-4.18673478,-3.14713132
1001,-2.69258022,0.53129592,106.388962,0.21957256,-1.09078901,-0.23503728,0.207386515,-0.828507336,1.5981933,14.6599373,0,13.3649564,15.7024085,-18.7356085,58.8404814,3.9098483,-9.33528314,-10.9502677,-0.948709967,-15.0244371,34.6081382,73.855259,6.88631454,-8.20404757,12.2400704,-1.75414882,-0.345917785,3.27186338,8.03076396,-5.06317996,0.262087725,-1.88571256,2.45726194,-10.1865945,6.64011995,-4.16034592,-3.12694406
1002,-2.69752871,0.531022856,106.387091,0.224215561,-1.09285937,-0.224071097,0.18889223,-0.834946977,1.60017085,14.6519186,0,13.3730579,15.7010664,-18.7397646,58.8460207,3.9080827,-9.31679211,-10.9406141,-0.956971721,-15.0267577,34.6037635,73.8584213,6.85984841,-8.22455094,12.2557329,-1.75085539,-0.351594953,3.25712704,8.01795651,-5.05109052,0.250994911,-1.8911765,2.45392667,-10.2030245,6.6532497,-4.18078099,-3.15076562
1003,-2.70070825,0.535823032,106.39112,0.210459444,-1.09526465,-0.211909605,0.179716751,-0.819652529,1.60274658,14.6295241,0,13.3743129,15.6968044,-18.7526566,58.8552688,3.91648895,-9.30247859,-10.9302732,-0.958828359,-15.0343238,34.6018749,73.8438594,6.89468409,-8.22076275,12.2880303,-1.74487694,-0.33565724,3.23931924,8.00138988,-5.03668608,0.219034735,-1.89880177,2.47001134,-10.2278975,6.67222098,-4.17414503,-3.18929067
1004,-2.70441081,0.536504528,106.388903,0.201953786,-1.09686359,-0.197012141,0.171742705,-0.809802436,1.60698258,14.6113217,0,13.3661722,15.705617,-18.7640511,58.8705001,3.9169342,-9.30128075,-10.9564712,-0.955865658,-15.0469836,34.5924459,73.8207187,6.9010511,-8.23413541,12.298308,-1.74322767,-0.326405989,3.22474084,7.99572082,-5.03690977,0.217784077,-1.90070184,2.47979473,-10.2408604,6.68027932,-4.17356148,-3.20852405
1005,-2.70924941,0.533233117,106.381941,0.200352988,-1.09775879,-0.188992421,0.179662323,-0.808980092,1.59951515,14.5957881,0,13.3731117,15.7116105,-18.7761781,58.8701449,3.92488624,-9.29377181,-10.9684044,-0.934786627,-15.0505387,34.5569118,73.8052278,6.86484768,-8.2301867,12.294396,-1.7503951,-0.324799587,3.22558159,8.00780599,-5.0522222,0.236033542,-1.89104481,2.4810993,-10.2308183,6.65839454,-4.16415332,-3.19002171
1006,-2.71467697,0.525374943,106.383717,0.217758227,-1.10078929,-0.179603185,0.177993142,-0.83228982,1.60574439,14.5802221,0,13.3798795,15.7274156,-18.7842309,58.8608217,3.9143225,-9.28702444,-10.9638162,-0.913345916,-15.0546795,34.5269068,73.7810148,6.8374471,-8.26449645,12.2670283,-1.75796561,-0.342304535,3.2155156,8.022175,-5.03945743,0.244337718,-1.88726835,2.46243666,-10.2311538,6.65473527,-4.17208915,-3.18585657
1007,-2.71667335,0.525210844,106.389129,0.226539472,-1.10180978,-0.176599213,0.173888772,-0.843392559,1.60930516,14.5671628,0,13.378896,15.7394674,-18.796573,58.8577003,3.90349324,-9.28697919,-10.9444108,-0.914549737,-15.0628108,34.5407755,73.7762542,6.83996061,-8.2604231,12.2524484,-1.76099555,-0.351003875,3.21198013,8.02449983,-5.02738806,0.219701332,-1.88566518,2.45473413,-10.2396036,6.65343668,-4.16978823,-3.2011039
1008,-2.71727275,0.524274493,106.389105,0.235815337,-1.10223521,-0.172746815,0.177565575,-0.85442641,1.60361337,14.5527528,0,13.388016,15.7495676,-18.8154858,58.8494358,3.89202279,-9.28463216,-10.9235352,-0.907185405,-15.0756653,34.5525883,73.7765342,6.8680122,-8.25590407,12.2826925,-1.76402421,-0.36055955,3.20695418,8.02551326,-5.01738012,0.20108956,-1.88463169,2.44657504,-10.2413829,6.65068369,-4.18692602,-3.23209205
1009,-2.72008069,0.524806371,106.382358,0.233878313,-1.10254535,-0.165267568,0.175436064,-0.849230503,1.59998238,14.5489911,0,13.3959655,15.7535547,-18.825837,58.8343752,3.89200059,-9.277072,-10.9172813,-0.904176494,-15.0949742,34.569493,73.7742256,6.87611323,-8.24390514,12.3023054,-1.76462217,-0.359031295,3.19939913,8.02237905,-5.02718443,0.221134098,-1.88373117,2.44995919,-10.2450917,6.6517381,-4.19751965,-3.2289572
1010,-2.72422694,0.521907676,106.38448,0.232966903,-1.1063253,-0.144803282,0.173252244,-0.847819162,1.60712622,14.5327113,0,13.396488,15.7659908,-18.8422841,58.8236518,3.90168665,-9.28099253,-10.9053626,-0.897711186,-15.1114384,34.5893723,73.7882753,6.9015305,-8.23742756,12.3010307,-1.76946093,-0.358503716,3.18202911,8.0287576,-5.01278554,0.226313729,-1.88328785,2.44764695,-10.2608429,6.65567869,-4.17514736,-3.18958564
1011,-2.72896029,0.520899473,106.383073,0.23303013,-1.10827509,-0.138308722,0.170863492,-0.844456468,1.61078422,14.5365909,0,13.400575,15.769411,-18.8502976,58.8085913,3.88834217,-9.27840901,-10.8924075,-0.899850636,-15.1311913,34.5880745,73.8058494,6.92875905,-8.24944869,12.3307078,-1.77282843,-0.359766047,3.17538227,8.03359849,-5.01831885,0.245638309,-1.88098308,2.44486194,-10.2624284,6.65141068,-4.16686533,-3.16583259
1012,-2.73248721,0.521103945,106.376851,0.232703648,-1.10827292,-0.137149788,0.176080569,-0.842563118,1.60566339,14.5429549,0,13.408446,15.77661,-18.8640809,58.7969185,3.87090897,-9.28135282,-10.8878842,-0.891846988,-15.1455893,34.6113791,73.8132875,6.96296122,-8.25850894,12.290064,-1.77299843,-0.360222576,3.16677239,8.03152895,-5.03817293,0.258316394,-1.88057861,2.44591742,-10.2558022,6.64851766,-4.19501937,-3.16671924
1013,-2.73440108,0.523883151,106.378233,0.217356754,-1.10934494,-0.134440494,0.176957475,-0.822678516,1.60772685,14.5584748,0,13.4088404,15.7806244,-18.8702093,58.7889477,3.87902963,-9.27430748,-10.8942294,-0.886741689,-15.165945,34.6259411,73.815801,6.97756288,-8.26737708,12.283209,-1.77072099,-0.34466554,3.16316861,8.02736424,-5.04488103,0.259402687,-1.883757,2.46237263,-10.2552823,6.65056331,-4.19628936,-3.16892923
1014,-2.73470543,0.521395635,106.375241,0.223132384,-1.11133023,-0.122183544,0.175849677,-0.822169187,1.60836665,14.555297,0,13.407611,15.7815585,-18.8752466,58.7950129,3.89521121,-9.29652096,-10.8937795,-0.879338991,-15.1872142,34.6351243,73.8248373,6.98829354,-8.239813,12.2802823,-1.77413587,-0.350678187,3.14862991,8.03214878,-5.04559051,0.259552071,-1.88167464,2.45395933,-10.2559278,6.6522653,-4.20579186,-3.16212892
1015,-2.73856167,0.521332538,106.380999,0.227187224,-1.1132544,-0.120911238,0.182372041,-0.819536042,1.61551498,14.5634386,0,13.4000619,15.785672,-18.8894926,58.7952041,3.8888967,-9.30221734,-10.8942909,-0.881322147,-15.2113213,34.6638692,73.8324188,6.98512134,-8.22621153,12.2982021,-1.77696186,-0.35540161,3.14549186,8.03480744,-5.02809498,0.248593006,-1.88213952,2.44734579,-10.2540247,6.65294107,-4.18291969,-3.17106986
1016,-2.74212137,0.524637243,106.385231,0.232616434,-1.11428091,-0.127788389,0.196293514,-0.813252108,1.6114857,14.575231,0,13.3949785,15.7824686,-18.9074868,58.8093221,3.86585676,-9.32583186,-10.8989405,-0.885922066,-15.2393132,34.69732,73.8539681,6.99450004,-8.24285073,12.3211627,-1.77498324,-0.363107691,3.14569528,8.03170311,-5.02165198,0.235454603,-1.88258263,2.43698567,-10.2481149,6.65169712,-4.16934341,-3.15442917
1017,-2.74528433,0.527148368,106.38926,0.236749823,-1.11590456,-0.135716254,0.210514915,-0.803546036,1.61373187,14.5879812,0,13.3937892,15.773895,-18.9127272,58.816125,3.88317257,-9.33131309,-10.8798092,-0.860734036,-15.2739064,34.6883656,73.8250354,6.96323571,-8.22654024,12.3333392,-1.77713892,-0.370058342,3.16009353,8.04088801,-5.02322762,0.244299431,-1.88090731,2.42998558,-10.2271496,6.64740947,-4.17658298,-3.1388478
1018,-2.74805166,0.531130796,106.391513,0.227140601,-1.11827204,-0.137005426,0.214315261,-0.785764652,1.61524209,14.6092948,0,13.4011991,15.7712449,-18.8960547,58.8199157,3.90028988,-9.34545158,-10.8961333,-0.835705448,-15.2994188,34.6749614,73.8005082,6.95553894,-8.20980371,12.3509534,-1.77417451,-0.361539949,3.16108262,8.03756598,-5.02806809,0.264150282,-1.88527564,2.43988957,-10.2307483,6.65605777,-4.18187638,-3.14765426
1019,-2.75188833,0.53716437,106.388497,0.216919592,-1.1198892,-0.137838691,0.210837281,-0.759750489,1.6095185,14.6239387,0,13.410016,15.7651233,-18.8976001,58.8199431,3.89201169,-9.3399806,-10.9015113,-0.833451059,-15.3237633,34.7132446,73.809483,6.95871497,-8.2114865,12.3074246,-1.76911046,-0.352867209,3.15989396,8.02738131,-5.02092755,0.267287367,-1.89144843,2.45130281,-10.2456987,6.67033457,-4.17640113,-3.16803106
1020,-2.75532305,0.541308802,106.385624,0.216074077,-1.12045671,-0.144963221,0.223527786,-0.750261596,1.61035893,14.6305145,0,13.4009097,15.7635882,-18.9052823,58.8384392,3.8968607,-9.33956311,-10.8916211,-0.825581507,-15.3449352,34.7183126,73.8022567,6.96388159,-8.18631042,12.3427213,-1.77002463,-0.352767371,3.16357308,8.02844768,-5.02749563,0.249457131,-1.89011121,2.44965823,-10.2390188,6.66362946,-4.16645766,-3.14269704
1021,-2.75684167,0.544722471,106.389463,0.209661745,-1.12118653,-0.148765209,0.2259215,-0.741309512,1.60822716,14.6460583,0,13.4034053,15.7707224,-18.8959984,58.8453514,3.92018281,-9.31891032,-10.9034109,-0.826665159,-15.3610835,34.720488,73.8003921,6.94802914,-8.16394155,12.3543241,-1.76991503,-0.347092658,3.16781612,8.02648912,-5.02474862,0.2573726,-1.89128813,2.45760366,-10.2492726,6.66510392,-4.15733765,-3.16603259
1022,-2.76006218,0.545005593,106.382871,0.219222008,-1.12059623,-0.162693388,0.237628444,-0.743994097,1.60666006,14.6554993,0,13.3990801,15.7695117,-18.9012559,58.8611359,3.907573,-9.32305112,-10.9062292,-0.833466053,-15.3696315,34.736679,73.8138407,6.94666908,-8.15439039,12.3279954,-1.77242107,-0.359945687,3.18055464,8.02994434,-5.03331368,0.271259709,-1.88888028,2.4478589,-10.2327597,6.65079511,-4.1800207,-3.14610893
1023,-2.76491623,0.542573957,106.379855,0.223898236,-1.12294993,-0.175053185,0.244279101,-0.752625962,1.61096906,14.659232,0,13.4012896,15.7800285,-18.889771,58.8558289,3.8934725,-9.30767807,-10.9163806,-0.833305223,-15.3681476,34.7184219,73.8125566,6.95306342,-8.15695085,12.303277,-1.77867219,-0.364233658,3.19225518,8.04674234,-5.04164266,0.275284905,-1.88796674,2.44560046,-10.2248512,6.64445071,-4.18934733,-3.19932208
1024,-2.76601482,0.548172137,106.382823,0.218494584,-1.12400801,-0.184444598,0.247273712,-0.741867774,1.60731736,14.6536091,0,13.4099085,15.7766664,-18.8724923,58.8579667,3.88722373,-9.29835316,-10.918334,-0.821124061,-15.3817141,34.7085625,73.7915401,6.97259819,-8.15693805,12.2807817,-1.77081491,-0.360590713,3.19455354,8.03601467,-5.03005653,0.274953641,-1.89216816,2.45121936,-10.23465,6.65602276,-4.18198737,-3.18064151
1025,-2.76854727,0.550143421,106.383407,0.214237273,-1.12510263,-0.19562637,0.262926505,-0.738163677,1.60597875,14.6458141,0,13.403862,15.7759509,-18.8659524,58.8792837,3.87593983,-9.30001631,-10.9122449,-0.81605366,-15.3873678,34.6717922,73.7882412,6.95802726,-8.16663265,12.2843053,-1.77042954,-0.354872724,3.20348636,8.03962955,-5.03640775,0.269431433,-1.89223369,2.452992,-10.2185248,6.64849931,-4.16203468,-3.20024778
1026,-2.76784785,0.547936885,106.3784,0.220880691,-1.12393515,-0.204264491,0.273437232,-0.747296867,1.58965076,14.635352,0,13.409748,15.7838927,-18.8745806,58.8969534,3.86062185,-9.30121672,-10.8980321,-0.810445114,-15.3905677,34.6576195,73.7872439,6.95584117,-8.17851376,12.2655521,-1.77294273,-0.362114031,3.21618816,8.04370205,-5.04307743,0.26521878,-1.88656057,2.44712444,-10.1993883,6.63337087,-4.16490208,-3.19440071
1027,-2.77303457,0.550901331,106.376994,0.215452923,-1.12692039,-0.198667518,0.269393066,-0.732331122,1.60035398,14.6312863,0,13.4077015,15.7789391,-18.8707933,58.9006349,3.86491761,-9.29940672,-10.8922743,-0.812865082,-15.4069021,34.6498878,73.7754209,6.96803007,-8.15105896,12.2730534,-1.77183805,-0.358528529,3.21403281,8.0373551,-5.045649,0.265126706,-1.89285694,2.45012076,-10.2060896,6.64247892,-4.16057516,-3.18465766
1028,-2.77372692,0.5535217,106.379902,0.218993242,-1.12875183,-0.199916607,0.267384831,-0.730147863,1.6066606,14.6132375,0,13.4123409,15.7793967,-18.8567214,58.8988932,3.83966,-9.3267232,-10.8948715,-0.811808057,-15.4174172,34.6352472,73.7694923,6.95856428,-8.16582669,12.289725,-1.7693414,-0.362443561,3.20333994,8.03415686,-5.03982754,0.250425257,-1.89574504,2.44574496,-10.2032072,6.65564027,-4.17565237,-3.19780343
1029,-2.78038494,0.558193726,106.386173,0.218400942,-1.13207527,-0.209578527,0.269507285,-0.714892795,1.61593119,14.6001099,0,13.406274,15.7681457,-18.8490613,58.9144182,3.80618097,-9.35327215,-10.9190947,-0.819037012,-15.4397451,34.653197,73.7617742,6.98202086,-8.17664314,12.3058255,-1.76591756,-0.36258262,3.20714094,8.03219147,-5.02099031,0.246830657,-1.90174323,2.4429576,-10.1904954,6.66616687,-4.16615883,-3.20226653
1030,-2.7818555,0.558934361,106.384051,0.216842419,-1.13260354,-0.211561816,0.265458504,-0.715045994,1.61326379,14.5955695,0,13.4181517,15.7786881,-18.8599828,58.911372,3.77057391,-9.35860823,-10.9262809,-0.830042688,-15.442303,34.6652625,73.7636593,6.9712949,-8.17351236,12.3640631,-1.76572716,-0.360606561,3.2088995,8.03117378,-5.02718998,0.240744985,-1.90157867,2.44467006,-10.1868412,6.66399786,-4.16421949,-3.192011
1031,-2.78364886,0.560994446,106.378818,0.214631858,-1.13452311,-0.213268962,0.259547322,-0.703782745,1.61740619,14.5888674,0,13.421262,15.7793882,-18.8712697,58.9150125,3.76069618,-9.36005026,-10.9514305,-0.839142421,-15.453916,34.6886969,73.7654215,6.94218762,-8.1927752,12.3442521,-1.76979817,-0.359967751,3.21584815,8.03862124,-5.035186,0.25273693,-1.90056417,2.44459151,-10.175924,6.66279831,-4.1593009,-3.18450228
1032,-2.7851142,0.560568552,106.378436,0.220358786,-1.13546343,-0.2140296,0.251513845,-0.70851564,1.61797705,14.5872521,0,13.4282236,15.7861996,-18.8785165,58.9182363,3.74067988,-9.35105917,-10.9687254,-0.841886716,-15.4572065,34.6972107,73.755989,6.97172478,-8.17121485,12.3940766,-1.77078044,-0.366984063,3.21572307,8.04061054,-5.02695733,0.247370402,-1.90085445,2.43701256,-10.1738502,6.65863787,-4.15492744,-3.18487324
1033,-2.78673619,0.566608645,106.386936,0.205244725,-1.13722199,-0.212149525,0.232737682,-0.685107407,1.61659009,14.5894668,0,13.4392885,15.7942831,-18.8851435,58.9107231,3.75461475,-9.33866237,-10.991347,-0.83473316,-15.4703853,34.7068515,73.7316735,6.97061743,-8.17953146,12.3842821,-1.76386957,-0.3510916,3.20463511,8.0273668,-5.01456096,0.255923079,-1.90701699,2.45671851,-10.1993584,6.67909813,-4.1538995,-3.21740415
1034,-2.78970394,0.56673889,106.387234,0.208820779,-1.13825671,-0.22251137,0.227706901,-0.687542477,1.62127144,14.5857324,0,13.4438784,15.8036917,-18.8939732,58.9024108,3.76559471,-9.31666404,-10.9995962,-0.832435175,-15.4681809,34.6913914,73.7013133,6.9603205,-8.14796489,12.3624059,-1.76549174,-0.357139172,3.21305951,8.03256372,-5.01893741,0.272803492,-1.90793373,2.45192671,-10.1910205,6.67826911,-4.17130922,-3.21655379
1035,-2.79122852,0.564364623,106.38777,0.211190394,-1.14065753,-0.226965514,0.222707336,-0.691004315,1.62471524,14.5799472,0,13.4529463,15.8123575,-18.8884356,58.8937364,3.79163181,-9.30577416,-11.0005669,-0.836774479,-15.466615,34.6933278,73.6931103,6.96872205,-8.154924,12.3496377,-1.77147797,-0.360331832,3.22793908,8.04885543,-5.02952932,0.282403723,-1.90159275,2.44679339,-10.176923,6.66299724,-4.16266903,-3.16110802
1036,-2.79737394,0.563266547,106.38355,0.217149284,-1.14198904,-0.230660836,0.211709317,-0.696563449,1.62330481,14.5884081,0,13.456212,15.8204035,-18.8872113,58.8936749,3.79730941,-9.30144638,-11.0030856,-0.835938848,-15.4578843,34.6824541,73.6904602,6.95494941,-8.1851971,12.2852051,-1.77218831,-0.368856469,3.2302607,8.05242506,-5.03104264,0.29983071,-1.90274108,2.43950302,-10.1749354,6.65992152,-4.1619873,-3.15774266
1037,-2.79943068,0.564191164,106.381559,0.213723617,-1.14374436,-0.229963846,0.205903016,-0.694079341,1.61506824,14.5910838,0,13.4673794,15.8217251,-18.8642807,58.8927392,3.81823711,-9.30482989,-11.0270271,-0.826704326,-15.4584803,34.6602492,73.6807818,6.97481245,-8.16873891,12.3059988,-1.76785455,-0.365866687,3.22940821,8.0450143,-5.03031949,0.309263629,-1.90725285,2.44400774,-10.1829429,6.67556521,-4.17266288,-3.16458694
1038,-2.80246921,0.566065544,106.382322,0.213715647,-1.14676474,-0.233261143,0.200516705,-0.694753075,1.6245098,14.5837994,0,13.4653645,15.8251897,-18.8516926,58.8861481,3.81857563,-9.298249,-11.0069071,-0.831663097,-15.4617571,34.6472411,73.6768544,6.94138721,-8.18774647,12.2744194,-1.76507179,-0.366121218,3.23439958,8.04069421,-5.02713961,0.305772521,-1.91139194,2.4430513,-10.1853266,6.68259945,-4.16391768,-3.16139831
1039,-2.80335899,0.56641628,106.381679,0.20731077,-1.14829049,-0.243735231,0.20271125,-0.688199082,1.6195053,14.5894224,0,13.4769681,15.8274112,-18.8391541,58.8752744,3.80891433,-9.31084387,-11.011216,-0.833007683,-15.4692139,34.6679536,73.6665955,6.94419442,-8.17849498,12.2693412,-1.76495674,-0.357596875,3.24918225,8.04627532,-5.03903353,0.300156265,-1.91211786,2.45079012,-10.1670456,6.68568457,-4.17237004,-3.15838363
1040,-2.80825756,0.566162495,106.383061,0.200931069,-1.15109763,-0.252182278,0.204341611,-0.682638347,1.62005769,14.5997684,0,13.4783077,15.8310329,-18.8317365,58.8697488,3.80594917,-9.31553621,-11.0050484,-0.835453958,-15.4604815,34.661219,73.6775989,6.92827538,-8.18145501,12.2515255,-1.76484842,-0.349713476,3.25637337,8.04830987,-5.04313165,0.30887855,-1.91449413,2.45507948,-10.1582151,6.6849691,-4.14477309,-3.12810967
1041,-2.81058904,0.565905124,106.38454,0.20994533,-1.15164071,-0.254088352,0.199458493,-0.690185973,1.61550025,14.6125272,0,13.481716,15.8328515,-18.8205214,58.8722896,3.7873527,-9.33539413,-11.0153014,-0.83919242,-15.4710598,34.6837348,73.6786576,6.95288797,-8.16490546,12.3066297,-1.76500508,-0.359294898,3.2563787,8.04726826,-5.0358639,0.303393454,-1.91458441,2.44602713,-10.1579726,6.68499344,-4.1503145,-3.14813451
1042,-2.81287897,0.567056099,106.38746,0.207876263,-1.15287472,-0.256960527,0.20055966,-0.686272488,1.61286924,14.6103535,0,13.4731227,15.8368711,-18.8229239,58.8895085,3.77458793,-9.36291296,-11.0347597,-0.842947583,-15.4690449,34.690541,73.6885545,6.96135612,-8.16218876,12.3193911,-1.76599962,-0.356619464,3.25808006,8.0469703,-5.03017307,0.291147672,-1.91540831,2.44927233,-10.1549468,6.68769392,-4.1440414,-3.17025173
1043,-2.81523485,0.568504538,106.382143,0.208535063,-1.15316919,-0.263458394,0.20305348,-0.688269892,1.61548723,14.6026371,0,13.4537165,15.8524012,-18.8486652,58.9005666,3.77156387,-9.36060265,-11.0492354,-0.846847621,-15.4648511,34.6906025,73.6933152,6.96204,-8.18701137,12.3068304,-1.76594829,-0.357116841,3.25851997,8.04657244,-5.03741691,0.282316264,-1.91549005,2.44765848,-10.1425219,6.6795041,-4.15170231,-3.17500319
1044,-2.81643867,0.569590181,106.37753,0.20558415,-1.15356301,-0.267435765,0.202616815,-0.68454984,1.61297308,14.6027788,0,13.4493801,15.8606077,-18.8652916,58.8984288,3.77033443,-9.34273573,-11.0489614,-0.846334556,-15.4710786,34.7165675,73.683268,6.96302397,-8.17484083,12.2964288,-1.76514478,-0.354310914,3.26531003,8.04368924,-5.03599367,0.290416655,-1.91593871,2.45267931,-10.142346,6.67982896,-4.15028334,-3.16687036
1045,-2.81937532,0.567158172,106.377828,0.211218657,-1.15597155,-0.272985103,0.204310862,-0.693765793,1.61624698,14.6046776,0,13.4415766,15.8713328,-18.8783594,58.8979643,3.76873873,-9.33982094,-11.0356314,-0.831293679,-15.4711195,34.6843461,73.6554554,6.95467961,-8.15672802,12.3183572,-1.76479004,-0.359890271,3.26137584,8.04714617,-5.03280269,0.292543085,-1.91736473,2.44713234,-10.1458149,6.68627239,-4.15364721,-3.14874624
1046,-2.8212931,0.566490553,106.379724,0.209216771,-1.15600367,-0.275424997,0.202674511,-0.693575134,1.6122352,14.5961177,0,13.433564,15.882565,-18.8894192,58.9003002,3.78551709,-9.3239049,-11.0224218,-0.818866524,-15.4653634,34.6928394,73.6489394,6.9787714,-8.15870024,12.318697,-1.76438332,-0.357155448,3.25786512,8.04686357,-5.02845101,0.291267547,-1.91804518,2.45179416,-10.1452078,6.68704932,-4.16030622,-3.1822545
1047,-2.82165799,0.565719092,106.383717,0.203736815,-1.15602324,-0.276588821,0.205346663,-0.69227441,1.6078959,14.5892004,0,13.4136523,15.8948474,-18.9092882,58.9153745,3.7921825,-9.32368889,-11.0287056,-0.814398886,-15.4629062,34.6909782,73.6508451,6.95563755,-8.16794917,12.3487028,-1.76568586,-0.349082351,3.26272566,8.04758928,-5.02076107,0.276170695,-1.91581342,2.46005463,-10.1446025,6.67802365,-4.15146838,-3.22647784
1048,-2.82356795,0.566054275,106.381965,0.20329951,-1.15881485,-0.274507183,0.199064383,-0.69743099,1.61216466,14.5883125,0,13.4122231,15.9091379,-18.9019304,58.9027045,3.80028865,-9.32533753,-11.0417376,-0.825391649,-15.4662599,34.7066944,73.648475,6.95732588,-8.17313584,12.362137,-1.76384534,-0.348162063,3.25777292,8.04512358,-5.02269145,0.281613956,-1.91922766,2.46065825,-10.1511655,6.68952655,-4.14871624,-3.20245351
1049,-2.82699205,0.561304716,106.379366,0.21049319,-1.15952856,-0.275702353,0.195722152,-0.713399011,1.6095345,14.5888213,0,13.4079926,15.9222348,-18.899019,58.8926914,3.80104211,-9.31938843,-11.0261887,-0.828092669,-15.4595595,34.7222878,73.6517945,6.96670928,-8.1621196,12.3728902,-1.76672757,-0.354144028,3.26308446,8.05215612,-5.02549823,0.272848395,-1.91447449,2.45432517,-10.1417227,6.67729923,-4.14888102,-3.20157647
1050,-2.83103567,0.559594762,106.382251,0.214738553,-1.16096559,-0.275895098,0.179780197,-0.718970311,1.60752045,14.5990478,0,13.4167463,15.9227504,-18.8725435,58.8735942,3.79706651,-9.31529971,-11.0169619,-0.829772308,-15.463941,34.7316315,73.649602,6.95421217,-8.16325768,12.4007497,-1.76754538,-0.358825616,3.26019699,8.05208952,-5.0135501,0.266016338,-1.91582452,2.4491306,-10.1406862,6.67562156,-4.14273854,-3.19775071
1051,-2.83517335,0.55486015,106.383479,0.231702176,-1.16311016,-0.28032812,0.174968169,-0.73999897,1.60635751,14.6036872,0,13.4182635,15.9289505,-18.8558334,58.861013,3.7859619,-9.32291537,-11.0155746,-0.836138845,-15.4662957,34.7557215,73.6579553,6.96776113,-8.16486448,12.4231468,-1.77350707,-0.37625399,3.26519797,8.06442228,-5.00999157,0.258561,-1.91335263,2.43184873,-10.1326386,6.67192173,-4.15894957,-3.20763997
1052,-2.83878408,0.55858572,106.388438,0.211584588,-1.16567274,-0.271940811,0.160079771,-0.717366551,1.60830454,14.5897007,0,13.4162623,15.9298965,-18.8468722,58.8399282,3.77495377,-9.32349082,-11.0119631,-0.847006209,-15.4794626,34.7460636,73.6632487,6.96408991,-8.17844802,12.4488343,-1.76464074,-0.354173323,3.25497617,8.04866674,-5.0097444,0.268936324,-1.92263635,2.45382721,-10.147449,6.69751915,-4.14867142,-3.20293247
1053,-2.84240749,0.559065631,106.387818,0.211540012,-1.16662229,-0.269384091,0.150523869,-0.715383288,1.60657863,14.5957745,0,13.4132151,15.9318465,-18.8417581,58.8340474,3.76323872,-9.34873861,-11.0206443,-0.866219158,-15.4941168,34.7725204,73.6809116,6.9811308,-8.20071956,12.4658141,-1.76351867,-0.354010199,3.25416145,8.04623946,-5.00791263,0.262364428,-1.92278555,2.45262979,-10.1512893,6.699222,-4.136468,-3.17397461
1054,-2.84541138,0.557707297,106.384075,0.209478955,-1.16728829,-0.268599972,0.141161267,-0.709922072,1.61121014,14.59141,0,13.4021494,15.939814,-18.8586799,58.8205919,3.72644534,-9.34869678,-11.039289,-0.865613032,-15.5067953,34.7552844,73.6704409,6.97150621,-8.20443262,12.4628447,-1.76114923,-0.350518398,3.24742945,8.04025024,-5.00904089,0.257196936,-1.925857,2.45641521,-10.153013,6.7031754,-4.15209633,-3.21208877
1055,-2.84854062,0.557404384,106.383801,0.214060727,-1.16882298,-0.273664274,0.131877906,-0.710597193,1.61184279,14.6023827,0,13.4066454,15.9415539,-18.8652608,58.8005043,3.73402472,-9.33906621,-11.024178,-0.866536122,-15.5190128,34.7528904,73.6629823,6.96636607,-8.20797322,12.4555347,-1.76639588,-0.355976226,3.25762201,8.05097962,-5.00956724,0.271951586,-1.92183679,2.45008256,-10.13684,6.68879444,-4.14598203,-3.20052505
1056,-2.85265967,0.558206066,106.381857,0.208340578,-1.16967379,-0.273161888,0.120411606,-0.705263082,1.61305803,14.6097012,0,13.3970566,15.9543281,-18.8856916,58.7957027,3.74356222,-9.31477208,-11.0324127,-0.870289417,-15.5280867,34.7532012,73.649841,6.98499669,-8.20466741,12.4315966,-1.76551308,-0.349828469,3.25940341,8.04915681,-5.01716497,0.283729153,-1.92357508,2.45653815,-10.1379644,6.6898147,-4.14726397,-3.18572915
1057,-2.8511269,0.554788718,106.379461,0.206259347,-1.1697154,-0.271039362,0.107913094,-0.707443247,1.60443588,14.6120474,0,13.3972129,15.9655484,-18.9108335,58.7897878,3.75279322,-9.29406038,-11.0271329,-0.869477639,-15.5265585,34.7498749,73.6625042,6.98376768,-8.2033065,12.3931571,-1.7659278,-0.344767966,3.26303131,8.04806483,-5.030083,0.281460596,-1.92202932,2.45952209,-10.1296546,6.68683844,-4.15635026,-3.17872266
1058,-2.85041854,0.552768726,106.38268,0.211608487,-1.17056275,-0.268993145,0.112461092,-0.714815208,1.60386449,14.6058439,0,13.3821045,15.9849461,-18.9479454,58.7915226,3.7479169,-9.30337676,-11.042985,-0.873526233,-15.539903,34.7625415,73.6533244,6.99607397,-8.19354189,12.3898035,-1.76865561,-0.350524428,3.25661285,8.04890922,-5.0158984,0.278099583,-1.9209271,2.45518364,-10.1329399,6.68645851,-4.14721317,-3.18183914
1059,-2.85408851,0.549226115,106.38057,0.222749033,-1.17157298,-0.270354048,0.103972201,-0.726970651,1.60182728,14.612826,0,13.384081,15.9910472,-18.9555986,58.7837909,3.77136835,-9.29437628,-11.0388544,-0.879803924,-15.5448805,34.7769634,73.657805,7.02806871,-8.19234063,12.3748437,-1.77171681,-0.363790443,3.25922604,8.05025989,-5.00183248,0.279983408,-1.92029637,2.44522501,-10.141966,6.68385194,-4.15007502,-3.18819229
1060,-2.85538174,0.548545364,106.376827,0.211903554,-1.17343513,-0.269156386,0.0875027808,-0.726392859,1.60175994,14.6259793,0,13.3801758,15.9996635,-18.9438336,58.7906211,3.79181666,-9.30274326,-11.0538808,-0.874429792,-15.5395512,34.7561757,73.6539938,7.03884889,-8.21311977,12.3544761,-1.77119526,-0.350922847,3.25504404,8.05597334,-5.01841063,0.298757303,-1.91789428,2.45755372,-10.1426354,6.68179648,-4.14358164,-3.16927693
1061,-2.85729636,0.547562772,106.377339,0.21359729,-1.17785528,-0.269143393,0.0738074177,-0.729862756,1.60238682,14.636607,0,13.3889774,15.9946672,-18.9122833,58.7956276,3.80587746,-9.32647646,-11.0626457,-0.874099115,-15.5503805,34.7637641,73.6409413,7.03928303,-8.20350884,12.3372196,-1.76671893,-0.350990828,3.24823221,8.05817778,-5.01438509,0.29928779,-1.92389674,2.45577829,-10.144617,6.70487526,-4.16060376,-3.17775426
1062,-2.86232214,0.548250834,106.38113,0.200969054,-1.18029575,-0.267936586,0.0581375097,-0.723395313,1.60581611,14.6377118,0,13.3944902,15.9988148,-18.8977811,58.7900678,3.81889025,-9.32656952,-11.0535922,-0.88094702,-15.5578425,34.7597787,73.6327246,7.01655558,-8.19054941,12.3567266,-1.76450648,-0.335495023,3.24994787,8.05263594,-5.01709881,0.295167452,-1.92767148,2.47147001,-10.1586624,6.71399058,-4.15352512,-3.18399279
1063,-2.86802817,0.542340335,106.377721,0.228293376,-1.1815029,-0.27047036,0.0502122391,-0.74832385,1.60524056,14.6365661,0,13.3894341,15.9975632,-18.9130687,58.7937766,3.78735782,-9.32420628,-11.0473486,-0.892659247,-15.5654206,34.7710519,73.6428401,6.98300185,-8.2029573,12.3336226,-1.77225533,-0.365177985,3.25003986,8.06373414,-5.01450035,0.285925939,-1.92443504,2.44269037,-10.1366795,6.70101023,-4.18207318,-3.19663227
1064,-2.8708525,0.542112626,106.381834,0.225478723,-1.18482956,-0.272787134,0.0487632384,-0.74547374,1.60929716,14.6371808,0,13.385622,16.0021514,-18.9378845,58.7900678,3.75375415,-9.31732059,-11.0253349,-0.897275228,-15.5798937,34.7969998,73.6342614,6.99543194,-8.17626236,12.3406219,-1.7769656,-0.361044173,3.25798401,8.07570575,-5.00706654,0.282390276,-1.92318533,2.44455053,-10.1256573,6.70072421,-4.1515815,-3.19772211
1065,-2.87266672,0.541534368,106.381416,0.230149253,-1.18518082,-0.273248106,0.0477451968,-0.749930011,1.61150672,14.623546,0,13.3773959,16.0075045,-18.94034,58.8014196,3.76473795,-9.31775687,-11.0356664,-0.89495846,-15.5875606,34.7670323,73.6257988,6.9912954,-8.19550471,12.3414133,-1.77768234,-0.365721705,3.2567565,8.07579113,-5.00317589,0.27252276,-1.92255396,2.43967506,-10.1247395,6.69999082,-4.15358318,-3.18872163
1066,-2.87485402,0.541218324,106.382966,0.230068702,-1.1865947,-0.267496308,0.0408374843,-0.752582099,1.61225111,14.6243571,0,13.3738032,16.0156171,-18.9557198,58.802772,3.76303424,-9.31082679,-11.0226062,-0.893056732,-15.595499,34.7677119,73.6156491,6.98630168,-8.20955014,12.3290806,-1.7776992,-0.364113516,3.24881299,8.07567587,-4.99908034,0.26345371,-1.92365704,2.44159092,-10.1317267,6.70283816,-4.15854659,-3.20837912
1067,-2.8776465,0.539760757,106.382275,0.227833131,-1.18751043,-0.267798191,0.0418358692,-0.750825246,1.61686394,14.609971,0,13.3705026,16.0182809,-18.9601595,58.802048,3.74631266,-9.30238297,-11.0216176,-0.897572981,-15.6059987,34.7754847,73.6134498,7.02482779,-8.20686161,12.3585955,-1.7787994,-0.360759813,3.24477016,8.07449169,-5.00408175,0.272203342,-1.92431722,2.44646725,-10.1275381,6.703855,-4.17062279,-3.24096105
1068,-2.87896506,0.539347995,106.378365,0.21860225,-1.18926024,-0.256867133,0.0339719635,-0.746574841,1.62099055,14.6011327,0,13.3613783,16.0311438,-18.988334,58.8114395,3.72758172,-9.31098218,-11.0175562,-0.902213028,-15.6166965,34.7959274,73.613682,7.0406734,-8.23566879,12.3586032,-1.77462018,-0.350424323,3.23245511,8.06657891,-5.00802319,0.278189576,-1.92663436,2.45579644,-10.136373,6.71334683,-4.16875345,-3.21605092
1069,-2.8837258,0.538310967,106.371856,0.217508246,-1.19076807,-0.262223408,0.0364193024,-0.743756374,1.62423531,14.5992749,0,13.3561856,16.0307221,-19.0156291,58.8156469,3.70117834,-9.31459108,-11.0020218,-0.914250489,-15.6345113,34.835423,73.6133746,7.07754789,-8.22548241,12.3976027,-1.77770145,-0.348737373,3.23419788,8.07290025,-5.02327372,0.286263607,-1.92560044,2.45606345,-10.1191455,6.70639797,-4.17040679,-3.19789649
1070,-2.88469102,0.538416533,106.368959,0.212763527,-1.1912898,-0.252285302,0.0183645928,-0.743097261,1.62839223,14.6058422,0,13.3552217,16.0357218,-19.0266701,58.8206944,3.69485358,-9.31807106,-11.0083807,-0.915460927,-15.6468279,34.8480623,73.6098844,7.04997569,-8.22915278,12.3773162,-1.77356256,-0.344067044,3.21923229,8.06295123,-5.0290606,0.300967457,-1.92878502,2.46063242,-10.1327333,6.71380061,-4.17536081,-3.1835866
1071,-2.88459957,0.537671521,106.374776,0.208795198,-1.19361461,-0.247342385,0.00520194903,-0.744770444,1.63665153,14.6167004,0,13.3654678,16.0384402,-19.0257566,58.8110365,3.6987088,-9.31067909,-11.005483,-0.925780809,-15.6562074,34.861972,73.6188251,7.04784297,-8.22311404,12.4109421,-1.77151906,-0.337883775,3.21003288,8.0582939,-5.0137042,0.291120058,-1.93208357,2.46724511,-10.1469521,6.72684755,-4.16792102,-3.19316957
1072,-2.88533531,0.537808565,106.375134,0.205610429,-1.19378419,-0.239388748,-0.0152143531,-0.743634872,1.62979306,14.6204997,0,13.3860113,16.0380731,-19.0158426,58.8027925,3.7149083,-9.31553023,-11.024558,-0.930271872,-15.6567436,34.8780707,73.6484477,7.04377217,-8.22621068,12.4111811,-1.76894301,-0.335493716,3.19830011,8.0489852,-5.00996425,0.29751026,-1.93373541,2.47036608,-10.1595239,6.7290362,-4.17519688,-3.21014302
1073,-2.88751237,0.535632763,106.374192,0.208978094,-1.1938554,-0.236160291,-0.022121487,-0.749327407,1.63197082,14.6212015,0,13.3945482,16.0380765,-19.0239449,58.794808,3.70047312,-9.3119606,-11.0299248,-0.93669876,-15.6690892,34.887674,73.6552096,7.03681605,-8.21461643,12.4216962,-1.76988483,-0.339232364,3.19690718,8.04841147,-5.00863321,0.296642426,-1.93267374,2.4663732,-10.1588511,6.72723474,-4.17007894,-3.19429783
1074,-2.88676433,0.530304248,106.37387,0.217213147,-1.19299524,-0.232229773,-0.0210567528,-0.764901146,1.6290586,14.6217019,0,13.405672,16.0409315,-19.0154652,58.7857033,3.6953381,-9.31245238,-11.0394051,-0.930971646,-15.6701239,34.8607562,73.6689519,7.03842926,-8.21982445,12.4490682,-1.77297474,-0.347677013,3.20160464,8.05391574,-5.01127009,0.301064493,-1.92800253,2.45658084,-10.1485008,6.71710685,-4.17212629,-3.16014198
1075,-2.88777743,0.528843282,106.37387,0.229579364,-1.19144676,-0.235523144,-0.0256966874,-0.782864383,1.63123263,14.6221731,0,13.4124416,16.034383,-18.9950532,58.7878275,3.69100435,-9.32256276,-11.0529195,-0.938870333,-15.6731941,34.8412048,73.6794499,7.01138939,-8.21422968,12.4369036,-1.77977601,-0.361108179,3.21217372,8.05950967,-5.01160307,0.290715796,-1.92036361,2.44462161,-10.1397864,6.69533733,-4.18053297,-3.16379656
1076,-2.8900953,0.529498793,106.376541,0.223234632,-1.19059082,-0.224555601,-0.0361893471,-0.781519957,1.62841571,14.6259895,0,13.4167617,16.0337803,-18.9934891,58.79183,3.66586711,-9.32933148,-11.0636249,-0.928089093,-15.6749956,34.8234873,73.6764173,6.99440997,-8.22470206,12.4220958,-1.7760876,-0.354943347,3.20040445,8.04592357,-5.00536198,0.29484027,-1.92254671,2.45392283,-10.1570044,6.69868071,-4.1883578,-3.18346281
1077,-2.89180353,0.535188243,106.382823,0.204383145,-1.19225,-0.212980073,-0.061054514,-0.756360581,1.63277273,14.6402766,0,13.4206344,16.0150997,-18.9688833,58.7987353,3.67144567,-9.32554073,-11.0641022,-0.917535276,-15.6953666,34.8059405,73.6558379,6.99771066,-8.22341628,12.4253965,-1.7671503,-0.335855876,3.184536,8.02737704,-4.99130502,0.286646204,-1.93226052,2.4735449,-10.1840844,6.72744178,-4.1699688,-3.18815835
1078,-2.89210416,0.530526321,106.381536,0.212033524,-1.19085923,-0.211491234,-0.0485511858,-0.775133836,1.63312374,14.619342,0,13.4198199,16.0217711,-18.9751415,58.8002858,3.64933165,-9.31204086,-11.0624834,-0.914360306,-15.6939067,34.7953435,73.6605849,6.9834155,-8.23474842,12.4118684,-1.77304102,-0.342679475,3.19069107,8.03546057,-4.99449643,0.291705613,-1.9260984,2.46751597,-10.1730349,6.71067452,-4.17831316,-3.20876097
1079,-2.89211385,0.528143952,106.380236,0.216085559,-1.19038896,-0.214511221,-0.0453857699,-0.785800617,1.63129271,14.6294166,0,13.4245182,16.024469,-18.973019,58.8046639,3.65776096,-9.31328737,-11.0552247,-0.905585434,-15.689537,34.7672338,73.6626408,6.96865119,-8.24269278,12.3925885,-1.7765194,-0.346836899,3.19237876,8.04171446,-5.0007008,0.305134112,-1.92157639,2.46251286,-10.1721393,6.70033063,-4.16998075,-3.16964064
1080,-2.89603081,0.527975522,106.375766,0.220346062,-1.19127983,-0.212211337,-0.040896448,-0.792231721,1.63839504,14.6166612,0,13.4106154,16.0208456,-18.9770232,58.8255097,3.64511529,-9.31402759,-11.0590555,-0.904220997,-15.6952505,34.7490177,73.6565893,6.94609407,-8.2301867,12.3915802,-1.77929235,-0.35305544,3.1891848,8.0433853,-5.00622813,0.30540764,-1.92109529,2.45805958,-10.1748671,6.69210195,-4.1778201,-3.17623326
1081,-2.89799608,0.53217453,106.374753,0.205000725,-1.19129958,-0.202337243,-0.0470148368,-0.779330454,1.6445293,14.617182,0,13.4001123,16.02298,-18.9960931,58.8284535,3.63576562,-9.30551034,-11.0387246,-0.901109632,-15.7034314,34.7642115,73.6533791,6.97158433,-8.21655621,12.3924186,-1.77457215,-0.336973066,3.17930087,8.03044294,-5.00254282,0.300239935,-1.92528326,2.47624154,-10.1958076,6.70327486,-4.17643571,-3.19902731
1082,-2.8976487,0.529280584,106.374121,0.213248409,-1.19166512,-0.202118852,-0.0416043431,-0.79295999,1.64658487,14.6120474,0,13.4044921,16.0246586,-18.9957465,58.8235152,3.64896496,-9.3036107,-11.030099,-0.905344136,-15.7038617,34.7719671,73.6666228,6.94958941,-8.21666549,12.3787685,-1.77695151,-0.3453262,3.1762544,8.0338384,-4.99335067,0.297155731,-1.92355288,2.46767691,-10.1911229,6.70193316,-4.18146572,-3.19909796
1083,-2.89904438,0.527979247,106.368792,0.215606119,-1.19196929,-0.199665784,-0.0369030619,-0.798116089,1.6495656,14.6082464,0,13.405106,16.0277868,-18.9998958,58.8135978,3.65799361,-9.28328832,-11.0279082,-0.906618073,-15.7065032,34.7872394,73.6737399,6.97981215,-8.19142282,12.3869997,-1.7774991,-0.347816738,3.17752759,8.03282327,-5.0050384,0.302735115,-1.9238327,2.46415467,-10.1902077,6.69868113,-4.18636595,-3.19935943
1084,-2.89976932,0.527613657,106.371117,0.222935805,-1.19335667,-0.205357628,-0.0303702194,-0.80750872,1.65704925,14.5991469,0,13.4005528,16.0261629,-18.996047,58.8115214,3.65182297,-9.29722276,-11.0339418,-0.914494135,-15.703877,34.7818538,73.6938138,6.98039229,-8.20818325,12.3727553,-1.7793376,-0.356334944,3.18509437,8.03923425,-5.00126899,0.294637179,-1.92443461,2.45298347,-10.1809903,6.69471621,-4.17810398,-3.17756195
1085,-2.89875362,0.525938673,106.371117,0.218449681,-1.19281524,-0.204601567,-0.0238719147,-0.811180853,1.65060539,14.5988839,0,13.4092613,16.0292946,-18.9890478,58.8094997,3.62609748,-9.30161116,-11.0375797,-0.911413826,-15.6949244,34.8011047,73.7058486,6.98796441,-8.20075798,12.3620063,-1.78000045,-0.350390092,3.18442885,8.04170593,-5.01071813,0.306120968,-1.92096104,2.45787111,-10.1670892,6.69019334,-4.1702864,-3.17904325
1086,-2.90117767,0.527155306,106.374311,0.214492822,-1.19401325,-0.192518343,-0.0295449738,-0.806489047,1.65798157,14.6015699,0,13.4141603,16.0155608,-18.9691617,58.8003609,3.61589318,-9.30220197,-11.029071,-0.909473412,-15.7013396,34.7750441,73.6977138,6.97847428,-8.19155942,12.3773008,-1.77319544,-0.345437484,3.16714292,8.02687161,-4.99587399,0.274685742,-1.92771545,2.46436277,-10.1959877,6.71210416,-4.1815178,-3.20682035
1087,-2.90301517,0.525827566,106.375039,0.223199613,-1.19452659,-0.193741507,-0.0182329815,-0.814466281,1.66298009,14.5912255,0,13.4139297,15.9927274,-18.9281327,58.8109204,3.611016,-9.33873324,-11.0310919,-0.907519658,-15.7045618,34.779255,73.6940665,6.97143876,-8.19291009,12.3718794,-1.77626796,-0.355206122,3.16685179,8.03416967,-4.98587972,0.279999976,-1.92615518,2.45378729,-10.1849245,6.70639541,-4.18281297,-3.22548981
1088,-2.90236901,0.527572725,106.377554,0.221803679,-1.19608728,-0.196264192,-0.00952716507,-0.816243518,1.67019566,14.597733,0,13.4183591,15.9797723,-18.9034621,58.8137686,3.60256065,-9.35574297,-11.020424,-0.90824163,-15.7032555,34.7745285,73.6900162,6.98324474,-8.18933534,12.3917689,-1.77842929,-0.353275206,3.17062717,8.04607383,-4.98918553,0.277237112,-1.92347711,2.45260674,-10.1732526,6.70729144,-4.16906081,-3.20119953
1089,-2.90252119,0.526564289,106.375384,0.229265764,-1.19510039,-0.197905693,-0.00826379685,-0.825715496,1.66882748,14.5989727,0,13.4265502,15.9627583,-18.8672365,58.8150526,3.62379443,-9.35501897,-11.0186934,-0.900613803,-15.7013908,34.7364023,73.6780907,6.92322574,-8.20789809,12.3734324,-1.77871178,-0.361943944,3.16772434,8.04653402,-4.99096693,0.285326083,-1.9216353,2.44358662,-10.1725047,6.70429811,-4.18257178,-3.18831907
1090,-2.90164184,0.526905991,106.382334,0.228017706,-1.19581557,-0.197429299,-0.00448022598,-0.827184307,1.67262293,14.6068462,0,13.4258168,15.9564625,-18.8618952,58.8137139,3.62263287,-9.34327617,-11.0311184,-0.903648862,-15.6970468,34.7455514,73.6800373,6.97322955,-8.18296192,12.4299044,-1.77907122,-0.360434525,3.16620142,8.04713849,-4.98463406,0.277945424,-1.9223053,2.44482417,-10.1729418,6.70535295,-4.17030519,-3.18603288
1091,-2.90053841,0.525040273,106.382132,0.240474493,-1.19574022,-0.197210012,-0.00209360389,-0.841607105,1.67177386,14.6173476,0,13.4313476,15.9476089,-18.8565216,58.8154215,3.65582503,-9.33689335,-11.0235693,-0.907006113,-15.6950746,34.7568997,73.6804744,6.9343043,-8.1924704,12.3959131,-1.78172005,-0.374220702,3.1707785,8.04990301,-4.98202194,0.272824569,-1.92095207,2.43172258,-10.1751369,6.70168642,-4.18243261,-3.20517619
1092,-2.89906822,0.525090285,106.379628,0.238026384,-1.19494263,-0.199885582,0.00482318411,-0.847310206,1.66796293,14.6267135,0,13.4380856,15.9440914,-18.8491279,58.8234333,3.68539292,-9.33753027,-11.0164522,-0.914172262,-15.6834104,34.7642012,73.6903577,6.93800968,-8.19433163,12.4130176,-1.78635668,-0.371059845,3.17488793,8.06028746,-4.98981476,0.26780302,-1.91550137,2.43622389,-10.1649863,6.68971737,-4.1802969,-3.21595188
1093,-2.90009677,0.526930392,106.375957,0.231254044,-1.19503041,-0.191765628,-0.00263133434,-0.839765035,1.67050568,14.6297683,0,13.4376937,15.9286346,-18.8490852,58.8281939,3.69050361,-9.32435398,-10.9975949,-0.919276014,-15.681585,34.7375054,73.6818951,6.90224681,-8.20795871,12.4221376,-1.78259592,-0.365104027,3.16490348,8.052548,-4.99204226,0.289080926,-1.91750261,2.44308567,-10.185243,6.69597681,-4.18687138,-3.2157124
1094,-2.89855674,0.528596342,106.373703,0.21811292,-1.19445367,-0.191922271,-0.00225544111,-0.830532327,1.6663525,14.6403653,0,13.4484538,15.9185021,-18.8369531,58.832456,3.73692243,-9.32963799,-10.9827777,-0.918391291,-15.6730524,34.7307674,73.6835344,6.91328184,-8.22848599,12.3932083,-1.77895671,-0.351404748,3.16277416,8.05099072,-5.00551182,0.297385129,-1.91804647,2.45737122,-10.1906602,6.69910973,-4.17741627,-3.20204092
1095,-2.89807245,0.525292382,106.37219,0.230146373,-1.19594289,-0.196590276,0.00600801682,-0.8467171,1.67205176,14.651572,0,13.4533194,15.9159783,-18.8422431,58.8279549,3.7267685,-9.33445156,-10.9758459,-0.927692835,-15.6646308,34.716407,73.6757548,6.94204035,-8.20683002,12.428978,-1.78548018,-0.365010699,3.17304762,8.06889008,-5.00957749,0.306164697,-1.91451462,2.44209999,-10.1749217,6.69474225,-4.18466481,-3.17078107
1096,-2.89562196,0.527832285,106.373715,0.226293789,-1.19624211,-0.18967598,-0.00989559258,-0.840249445,1.6735925,14.6590544,0,13.4615754,15.9034159,-18.8295936,58.8247925,3.73347916,-9.32235615,-10.9807158,-0.934463473,-15.6646376,34.7223561,73.6649494,6.94829467,-8.20560315,12.4113007,-1.77806249,-0.361936953,3.16315601,8.05688602,-5.00709173,0.305423461,-1.92049295,2.44661773,-10.1970387,6.71453913,-4.19233127,-3.17043038
1097,-2.89135147,0.530008739,106.374931,0.215895812,-1.19600483,-0.19152724,-0.00646126015,-0.833340762,1.66351242,14.6714683,0,13.4687497,15.8981771,-18.8440104,58.8380635,3.72206207,-9.32842819,-10.9763624,-0.933059976,-15.6511565,34.7250403,73.6675176,6.97796117,-8.19507782,12.4239988,-1.77637116,-0.350428325,3.16812498,8.05663928,-5.01307412,0.30316587,-1.92100223,2.45742245,-10.179877,6.71564519,-4.19104335,-3.20045802
1098,-2.89368015,0.532071292,106.375933,0.222046956,-1.19774483,-0.192307171,-0.0135020467,-0.839511091,1.67986133,14.6715195,0,13.4663472,15.890418,-18.8396049,58.8343274,3.71852403,-9.33504835,-10.9792567,-0.955065779,-15.644106,34.7276256,73.6652841,6.94323563,-8.21379254,12.3766135,-1.77944656,-0.357938145,3.17059537,8.0590418,-5.01127265,0.287409184,-1.92251362,2.44791995,-10.1764431,6.71599908,-4.19193426,-3.19966466
1099,-2.89159622,0.533113442,106.380069,0.221235371,-1.19798382,-0.196391537,-0.0122256893,-0.838694883,1.68123089,14.6807386,0,13.4683945,15.8905598,-18.8605087,58.8364243,3.70692082,-9.32343617,-10.9808866,-0.963868185,-15.634426,34.7425734,73.6691841,6.95413277,-8.21815789,12.3573328,-1.78246988,-0.356679362,3.17685012,8.06676845,-5.0040143,0.277971757,-1.91939692,2.44680919,-10.1591841,6.71230139,-4.17469956,-3.1910917
1100,-2.89169829,0.533720898,106.376696,0.221064123,-1.19907646,-0.187981453,-0.0212860411,-0.83284536,1.68598278,14.6835578,0,13.4660108,15.8780212,-18.8651874,58.8475029,3.70392322,-9.32275059,-10.9743168,-0.976199451,-15.6325169,34.7429491,73.6727222,6.97287054,-8.21802641,12.3779557,-1.77806846,-0.358874254,3.16734676,8.0594593,-5.00804752,0.292068414,-1.92560044,2.44525489,-10.1715519,6.73111045,-4.19372206,-3.17676517
1101,-2.88851559,0.540830754,106.376088,0.202056349,-1.19973672,-0.181326482,-0.0397701271,-0.808787139,1.68908913,14.6912998,0,13.4613125,15.8623784,-18.868833,58.8645715,3.6824427,-9.32920085,-10.9835837,-0.983239669,-15.6339495,34.7603046,73.6619646,7.02078645,-8.19855781,12.4239536,-1.77151564,-0.339732542,3.16405461,8.05202805,-5.01492553,0.292904151,-1.92999119,2.46363835,-10.1806966,6.74855176,-4.18861778,-3.17756302
1102,-2.88711581,0.543087907,106.37176,0.200813761,-1.19902172,-0.173311514,-0.044908337,-0.806928207,1.68880931,14.6846267,0,13.4641923,15.8580685,-18.8824626,58.8722008,3.67653117,-9.33853772,-10.9917825,-0.987255286,-15.62262,34.7546219,73.6555784,6.99191823,-8.18981431,12.3841507,-1.76967224,-0.340495976,3.15590363,8.04564097,-5.02120973,0.300393054,-1.92944989,2.46461058,-10.1858628,6.74910373,-4.1995495,-3.18560279
1103,-2.88392864,0.546627119,106.376183,0.190782271,-1.19910151,-0.17000921,-0.0565115444,-0.798727284,1.69058078,14.6802656,0,13.4671685,15.8528588,-18.8923442,58.8728292,3.66307613,-9.32320139,-10.9684505,-0.992214217,-15.6177944,34.7592698,73.6566029,6.97760429,-8.21235991,12.3849711,-1.76898442,-0.330237005,3.15201256,8.04602005,-5.02071027,0.293872784,-1.92953506,2.47434488,-10.1967237,6.7559369,-4.18678046,-3.19851356
1104,-2.88042892,0.542703224,106.372964,0.205446476,-1.19793057,-0.170481301,-0.0584303674,-0.824181905,1.68488526,14.6664567,0,13.4837949,15.8589377,-18.8794335,58.8699196,3.69076145,-9.30257678,-10.9753533,-0.991024483,-15.5914316,34.769539,73.667538,7.00872263,-8.20886285,12.3767519,-1.77350429,-0.346926225,3.15721652,8.05579063,-5.02684719,0.298929072,-1.92350251,2.45997651,-10.193849,6.74294844,-4.20541065,-3.20038738
1105,-2.87863296,0.540260458,106.379712,0.212871092,-1.19945957,-0.178689943,-0.0581521572,-0.840485673,1.68430192,14.6582246,0,13.499156,15.8650473,-18.8811239,58.8652955,3.69142824,-9.30086325,-10.9790237,-0.99385453,-15.5705722,34.7672816,73.6765266,7.0231497,-8.20774356,12.3679034,-1.77778949,-0.354193547,3.16633227,8.06975068,-5.0184388,0.302323916,-1.92100991,2.45113483,-10.1862205,6.73934936,-4.18331414,-3.18310081
1106,-2.87569351,0.537961209,106.378746,0.2222336,-1.19881269,-0.168906226,-0.0718194791,-0.853528827,1.68272414,14.6493778,0,13.506443,15.8644958,-18.8737678,58.8631577,3.69694448,-9.29529665,-10.9829604,-1.00423855,-15.5608068,34.7726058,73.6845657,7.01360707,-8.20062479,12.3571065,-1.77878126,-0.364841171,3.15834991,8.06946723,-5.01247306,0.295407763,-1.92009915,2.44285856,-10.2019693,6.74360841,-4.20173345,-3.19446304
1107,-2.87270658,0.535449898,106.378663,0.221028889,-1.19857429,-0.168992326,-0.0676653167,-0.86236469,1.68734178,14.6362894,0,13.5061031,15.8699206,-18.8860809,58.8562387,3.6944553,-9.28627738,-10.9596438,-1.00901072,-15.5408063,34.7665747,73.6956306,7.00717901,-8.21320344,12.3305508,-1.78195441,-0.362469495,3.16247513,8.07654672,-5.01475136,0.29637885,-1.9163895,2.4446231,-10.195087,6.73569436,-4.19118422,-3.19362527
1108,-2.87234448,0.538185798,106.369162,0.219908831,-1.19699796,-0.168145173,-0.06341872,-0.856381284,1.68482411,14.619646,0,13.5016089,15.866415,-18.9059568,58.8597426,3.66932874,-9.28324222,-10.9521008,-1.00541559,-15.5379325,34.7468901,73.7034512,6.99699263,-8.2076283,12.3160972,-1.77938071,-0.364504224,3.16189563,8.07349448,-5.03510276,0.317698192,-1.91537608,2.44314799,-10.1961977,6.72915018,-4.19852326,-3.18564697
1109,-2.86976099,0.541856373,106.364679,0.203773728,-1.19658896,-0.164687145,-0.0665665167,-0.835538268,1.68292201,14.6150202,0,13.5097377,15.8609492,-18.9079563,58.8539028,3.66387526,-9.29207024,-10.9434751,-1.00326354,-15.5389655,34.7714617,73.7114084,7.02311384,-8.23661989,12.3129801,-1.77483202,-0.346771265,3.15599435,8.07051566,-5.04209346,0.322351632,-1.91657243,2.4590269,-10.1978882,6.73685079,-4.19483624,-3.17120945
1110,-2.86692753,0.539836427,106.368291,0.206134018,-1.19568268,-0.170813336,-0.0583512132,-0.843068819,1.67975845,14.609942,0,13.5189183,15.8644906,-18.9065937,58.8447571,3.66481911,-9.29565267,-10.9351773,-0.987093709,-15.5240279,34.746371,73.7148986,7.00745008,-8.23684102,12.2910151,-1.77520213,-0.348381403,3.16013387,8.07356449,-5.04607332,0.318929307,-1.91473724,2.45723867,-10.1879418,6.7341772,-4.19870084,-3.18283614
1111,-2.86561325,0.539880246,106.376874,0.212163729,-1.19597651,-0.174085529,-0.0598970638,-0.851780298,1.68497811,14.6104081,0,13.5194288,15.8632373,-18.8999223,58.8430564,3.6668989,-9.31133564,-10.9240961,-0.996360675,-15.5222299,34.7508243,73.7197685,7.0260457,-8.21073774,12.3512377,-1.77688193,-0.353517785,3.16155924,8.07846344,-5.02992291,0.300351699,-1.91449221,2.44963326,-10.1800008,6.7351727,-4.19218399,-3.18912802
1112,-2.86585186,0.541867316,106.376171,0.215315005,-1.19470629,-0.177151112,-0.0522372334,-0.850983247,1.68809545,14.6024032,0,13.5130033,15.8594704,-18.9095102,58.8445044,3.65424683,-9.32177302,-10.9249158,-0.996558964,-15.5230665,34.7582111,73.7259635,7.01610094,-8.21476243,12.3415363,-1.77284241,-0.358681701,3.16128518,8.07035259,-5.02651934,0.286174921,-1.91739034,2.44505127,-10.1833809,6.73859548,-4.19000559,-3.185333
1113,-2.86412835,0.541028706,106.371474,0.229340022,-1.19278661,-0.188576525,-0.0464137668,-0.860569151,1.68927227,14.6214372,0,13.51826,15.8539226,-18.9034433,58.8363219,3.64537185,-9.3229111,-10.9287663,-0.997598754,-15.5231161,34.7711441,73.7311066,7.03190557,-8.20962784,12.3374689,-1.77462615,-0.374233082,3.17009527,8.07635292,-5.03211668,0.291511407,-1.91348625,2.42810344,-10.1578804,6.72576198,-4.20757454,-3.19033739
1114,-2.86274701,0.541263912,106.371713,0.228372487,-1.19233454,-0.193451033,-0.0425772949,-0.85709664,1.68885328,14.6271933,0,13.522242,15.8506732,-18.9020926,58.8340337,3.64083063,-9.33152568,-10.9316904,-0.993116122,-15.5243114,34.7738796,73.7279442,6.98373993,-8.23355057,12.3152204,-1.77414548,-0.372352752,3.17261945,8.080784,-5.03360567,0.29038093,-1.91366703,2.42904856,-10.1531326,6.72918391,-4.21252557,-3.17690113
1115,-2.85910498,0.546368165,106.380773,0.222614863,-1.19084013,-0.204878919,-0.0354612616,-0.845926719,1.68861262,14.6287728,0,13.5322901,15.8447309,-18.8932475,58.8213023,3.65364364,-9.32202233,-10.9307692,-0.986592438,-15.5238503,34.7683915,73.7331625,6.98821712,-8.22684333,12.3243891,-1.767833,-0.368213177,3.17750581,8.07304027,-5.01969044,0.292056968,-1.9150256,2.43497268,-10.1562872,6.7337819,-4.19021305,-3.17337675
1116,-2.85622422,0.546808355,106.376064,0.228781356,-1.18778714,-0.215850514,-0.0289124309,-0.849235359,1.68158265,14.6237287,0,13.5320681,15.8368386,-18.9021353,58.8274768,3.66621375,-9.29994801,-10.9031958,-0.986542919,-15.5181574,34.7964158,73.7444255,7.02217512,-8.23415334,12.3143453,-1.76778252,-0.375807067,3.18827083,8.07506628,-5.03364793,0.300967403,-1.91187176,2.42774101,-10.1448979,6.72079729,-4.21309419,-3.18469416
1117,-2.85523105,0.54929452,106.375456,0.219013135,-1.18758026,-0.220128946,-0.0282079609,-0.83927038,1.68308945,14.6317456,0,13.5285113,15.835575,-18.9028371,58.8337127,3.67421019,-9.29995313,-10.9079948,-0.991278054,-15.5175819,34.8107729,73.7502858,7.0295705,-8.22393111,12.32791,-1.76505023,-0.366248697,3.19574946,8.07284134,-5.04340827,0.301661815,-1.91294688,2.43787978,-10.1444326,6.72151403,-4.20608129,-3.16914033
1118,-2.85413135,0.552141992,106.376362,0.210671644,-1.1879369,-0.219601419,-0.0351084096,-0.827755108,1.68886769,14.6410193,0,13.5237925,15.8288814,-18.8973969,58.8383914,3.69494835,-9.29150675,-10.8918226,-0.993786868,-15.5187243,34.8102743,73.7470141,7.0527496,-8.22262739,12.3235968,-1.76415558,-0.357045498,3.19260971,8.07109196,-5.04331905,0.309162776,-1.91440235,2.44632446,-10.1473388,6.72509561,-4.19701123,-3.19273522
1119,-2.85000578,0.552896922,106.380379,0.215720166,-1.18675776,-0.221165093,-0.0315686408,-0.833902918,1.68507042,14.6350241,0,13.524426,15.8276042,-18.898184,58.8472502,3.71135148,-9.28838706,-10.8855679,-0.997105166,-15.5115918,34.8149154,73.7717121,7.05411265,-8.23830609,12.3093157,-1.76007209,-0.363367478,3.18976302,8.06409358,-5.02884887,0.289284338,-1.91593935,2.44209081,-10.1592737,6.7336914,-4.19480379,-3.19488523
1120,-2.84846742,0.551297329,106.377947,0.228091216,-1.18632005,-0.221859495,-0.0413799474,-0.847856301,1.68590029,14.640338,0,13.5298645,15.8235061,-18.8877014,58.8431042,3.68543347,-9.2816209,-10.8819214,-0.998370779,-15.5075023,34.8192696,73.7704827,7.09197666,-8.22584356,12.3371854,-1.76200524,-0.37931605,3.18574772,8.06718509,-5.02240031,0.302552834,-1.91463735,2.42744005,-10.1537968,6.72947376,-4.20958646,-3.19821303
1121,-2.8458925,0.55792518,106.369162,0.193177623,-1.18521552,-0.215387141,-0.0511523606,-0.816436951,1.67593814,14.6415794,0,13.5367067,15.8170174,-18.8848566,58.8515463,3.68495408,-9.28011228,-10.8598522,-0.990278392,-15.5020586,34.8150827,73.7649912,7.08489247,-8.2201745,12.2931034,-1.74932777,-0.337383331,3.1900486,8.05379707,-5.07941959,0.297531231,-1.92098366,2.46692089,-10.1627734,6.74974448,-4.22325537,-3.19781624
1122,-2.84345988,0.553510292,106.382191,0.222774737,-1.18545788,-0.211676121,-0.0588766842,-0.840846766,1.67878931,14.6319984,0,13.546362,15.8036251,-18.8722054,58.8446,3.68233043,-9.28866539,-10.8547441,-1.00179036,-15.5016198,34.8125829,73.7730167,7.06199597,-8.22741365,12.2824287,-1.75961564,-0.37456037,3.18497868,8.06623314,-5.02140524,0.298527265,-1.91296096,2.4303717,-10.1557852,6.73602477,-4.20752075,-3.19184985
1123,-2.8406851,0.552415987,106.388712,0.227153982,-1.18576341,-0.209658762,-0.0715649345,-0.849177836,1.68236567,14.6332363,0,13.5523999,15.8037549,-18.8669701,58.8414582,3.6755361,-9.28544325,-10.8565225,-1.01277842,-15.4900836,34.810667,73.7815681,7.07294391,-8.217877,12.2873771,-1.76161486,-0.378662539,3.18687918,8.0724469,-5.01295715,0.283822214,-1.91226492,2.42494661,-10.1572716,6.73979119,-4.19835293,-3.20775373
1124,-2.83603333,0.553819118,106.390905,0.2251105,-1.18581883,-0.2073221,-0.082856638,-0.847178512,1.68095523,14.6289179,0,13.5612125,15.7971842,-18.8620045,58.8418475,3.68652118,-9.29602919,-10.8440335,-1.01624037,-15.4880089,34.8121526,73.7796966,7.06374578,-8.21788468,12.2810848,-1.76064817,-0.375621744,3.18507516,8.07303174,-5.00980502,0.27931501,-1.9125535,2.42706525,-10.1571086,6.74781623,-4.19603707,-3.20224924
1125,-2.83337161,0.557029154,106.392574,0.220626671,-1.18517263,-0.198123823,-0.0974879904,-0.838820815,1.68253631,14.6223746,0,13.5625658,15.7928863,-18.8649535,58.8361784,3.70567815,-9.29625202,-10.8646718,-1.0189955,-15.4880277,34.8010125,73.7685087,7.02289869,-8.21020584,12.264531,-1.75920796,-0.371948303,3.17632099,8.06848795,-5.00530008,0.278441599,-1.91323054,2.43272448,-10.1748355,6.75589464,-4.2049923,-3.21566715
1126,-2.829713,0.560131203,106.389081,0.210038911,-1.18320127,-0.195311015,-0.102738145,-0.829812222,1.67417894,14.6146224,0,13.5628125,15.7929256,-18.8851264,58.8417245,3.71291431,-9.29132831,-10.8744577,-1.0213708,-15.4790682,34.8054214,73.7751613,7.03953319,-8.19777746,12.2967729,-1.75291394,-0.361853364,3.17602857,8.05707044,-5.02054848,0.282157596,-1.9148049,2.44227074,-10.1804601,6.75465624,-4.20239555,-3.2085883
1127,-2.82705314,0.555399945,106.385446,0.226635151,-1.18238599,-0.198405536,-0.102165923,-0.850319705,1.67424105,14.5960033,0,13.5599489,15.7945717,-18.8943523,58.8375376,3.74260813,-9.28197351,-10.8790801,-1.02766258,-15.459358,34.8040383,73.7871483,7.01772354,-8.21724862,12.2629472,-1.75883401,-0.38015643,3.18163296,8.06979849,-5.02208015,0.289682677,-1.91051511,2.42426124,-10.1661398,6.7486969,-4.22195038,-3.19138177
1128,-2.82368809,0.557669159,106.378353,0.212546385,-1.18100339,-0.198754605,-0.105640795,-0.840406806,1.67608467,14.5943469,0,13.5616778,15.7986937,-18.8987748,58.8319574,3.76703203,-9.28040342,-10.8944898,-1.02753067,-15.4466538,34.7868365,73.7789043,7.03203022,-8.21372509,12.2602083,-1.75185654,-0.367591203,3.18073137,8.0604454,-5.03545238,0.315844836,-1.9135283,2.43807252,-10.1754399,6.75434718,-4.21844052,-3.16622384
1129,-2.81771701,0.557929603,106.376565,0.199902085,-1.17998988,-0.203408432,-0.110861841,-0.828186424,1.6728701,14.5942547,0,13.5662139,15.8008179,-18.9026527,58.8245466,3.77381612,-9.26567497,-10.9115687,-1.02632429,-15.4420042,34.8072246,73.7761722,7.07218064,-8.21876321,12.2928601,-1.74840442,-0.352717212,3.18436503,8.06052993,-5.0434215,0.335208342,-1.91393234,2.45444086,-10.1717738,6.76043885,-4.21790734,-3.15921478
1130,-2.81522032,0.559456693,106.377017,0.200088005,-1.17983119,-0.210045322,-0.114458202,-0.82757256,1.67344352,14.5858826,0,13.5660978,15.7879857,-18.8835708,58.8315475,3.80850665,-9.27391133,-10.9096443,-1.0260275,-15.4264757,34.7922221,73.7807484,7.04975841,-8.21090167,12.2497249,-1.74878146,-0.353386037,3.1882211,8.06503273,-5.0482227,0.33254761,-1.91409947,2.45222489,-10.1643785,6.76008966,-4.2130865,-3.1648753
1131,-2.81170029,0.554877846,106.376314,0.217180396,-1.18003834,-0.21412109,-0.110803478,-0.849420681,1.67434414,14.5803365,0,13.5602076,15.7888002,-18.8921376,58.8372439,3.81870797,-9.26308633,-10.8878936,-1.03881745,-15.4092346,34.8105406,73.7996476,7.06257995,-8.21810068,12.2649698,-1.75283572,-0.371257654,3.19695563,8.07469062,-5.05188837,0.331729722,-1.91154775,2.43414474,-10.1526476,6.75445945,-4.22549269,-3.16415066
1132,-2.80628372,0.555048371,106.376445,0.219323381,-1.18042392,-0.21688803,-0.116196752,-0.844571034,1.67954747,14.5780928,0,13.5576882,15.7768234,-18.882116,58.8350514,3.81097021,-9.2665979,-10.8786856,-1.03841842,-15.4054148,34.8095947,73.7900921,7.07853143,-8.2131377,12.2604517,-1.75159785,-0.37541233,3.2001481,8.07940003,-5.05758219,0.339486735,-1.91292767,2.42928933,-10.1496013,6.76235643,-4.22392986,-3.13386923
1133,-2.80240867,0.555738527,106.381321,0.204246463,-1.18137891,-0.218337036,-0.120294999,-0.831764536,1.67673108,14.576778,0,13.5565484,15.7732086,-18.8799901,58.8407137,3.81517292,-9.28182752,-10.8556175,-1.03521816,-15.3863996,34.7905418,73.7905702,7.07451443,-8.20224525,12.2666782,-1.74599667,-0.356253943,3.20072632,8.07753625,-5.05311952,0.335143722,-1.91717647,2.44457187,-10.1517093,6.77831602,-4.20644201,-3.11376222
1134,-2.79935431,0.553054549,106.381297,0.211851992,-1.1810592,-0.22348075,-0.120031703,-0.836739581,1.67232817,14.578337,0,13.5596202,15.7652343,-18.8722925,58.8401877,3.80608065,-9.28773221,-10.8467562,-1.02531812,-15.3773223,34.7706831,73.7824901,7.08992462,-8.20271312,12.2952754,-1.74839182,-0.363640605,3.20248382,8.08826391,-5.05880309,0.331001052,-1.9131426,2.43595815,-10.135421,6.7749116,-4.22111795,-3.13165646
1135,-2.79616937,0.555748539,106.382608,0.204961471,-1.180331,-0.21888192,-0.126912305,-0.830860389,1.66685868,14.5741501,0,13.5579281,15.7491714,-18.8466673,58.8503169,3.81313154,-9.30823388,-10.8553101,-1.01791622,-15.3660029,34.7725136,73.7784125,7.08671912,-8.22581794,12.2965953,-1.74310675,-0.356064725,3.20054041,8.08076778,-5.06295072,0.317755715,-1.91545953,2.44306582,-10.1450012,6.78368199,-4.22471405,-3.14813814
1136,-2.79513393,0.556441257,106.377113,0.217063917,-1.1787684,-0.223069388,-0.124644709,-0.831900446,1.66626232,14.5742508,0,13.5454963,15.7340818,-18.852806,58.8554464,3.79211462,-9.32626643,-10.8715472,-1.01563312,-15.3685199,34.7700376,73.7728596,7.08038668,-8.23191987,12.3124798,-1.74427151,-0.370195853,3.20309426,8.08711815,-5.06890835,0.326102339,-1.91322542,2.42839713,-10.131953,6.77872498,-4.24451135,-3.1549758
1137,-2.79012863,0.558632333,106.377172,0.209960304,-1.17789616,-0.218158486,-0.123964852,-0.821433181,1.65657295,14.5745787,0,13.5501869,15.72753,-18.8666405,58.8476053,3.76415951,-9.3373672,-10.8911763,-0.999137788,-15.3592479,34.7439736,73.7620952,7.08837672,-8.22249079,12.3803855,-1.7410737,-0.363420732,3.19655244,8.08210735,-5.07142442,0.31688025,-1.91356522,2.43485273,-10.1359375,6.78529989,-4.23675994,-3.12246473
1138,-2.78667752,0.555068487,106.377828,0.219536397,-1.17738651,-0.219826225,-0.123784305,-0.825932034,1.66377731,14.5771075,0,13.5354158,15.718287,-18.8634952,58.8489509,3.785395,-9.33628718,-10.9228624,-1.008542,-15.3517671,34.7451757,73.7512557,7.05704963,-8.19347956,12.3882701,-1.74544428,-0.373115092,3.20396106,8.09085341,-5.06919351,0.313929315,-1.91149333,2.42487681,-10.1257879,6.77870619,-4.23934431,-3.15019936
1139,-2.78381519,0.553923286,106.381941,0.226171737,-1.17536991,-0.224344061,-0.116196926,-0.833399512,1.65841465,14.5710389,0,13.5313287,15.715041,-18.8777345,58.8496817,3.78545049,-9.33862737,-10.9518276,-0.99748755,-15.3397904,34.7242719,73.7459554,7.00558117,-8.2087254,12.347435,-1.74696026,-0.379769964,3.20760539,8.09249436,-5.06492038,0.306065686,-1.90723897,2.41837319,-10.125373,6.77078701,-4.24122091,-3.14323705
1140,-2.78221183,0.560114393,106.379199,0.216487247,-1.17416602,-0.216787014,-0.126347441,-0.813277401,1.66111695,14.5781013,0,13.520146,15.6979996,-18.8874094,58.8557469,3.77406628,-9.3342347,-10.9662205,-0.991343368,-15.3458812,34.7050006,73.7309359,6.98733987,-8.21289096,12.3758281,-1.74176953,-0.37106358,3.19753428,8.0811016,-5.07164555,0.306811831,-1.91087776,2.4312688,-10.1463715,6.7836901,-4.25763385,-3.17200986
1141,-2.77975947,0.561578432,106.377876,0.209405413,-1.17276552,-0.211227015,-0.130823082,-0.802678175,1.65696675,14.5821192,0,13.5168112,15.6865249,-18.8968522,58.8636494,3.77462208,-9.3484193,-10.953606,-0.9794106,-15.342408,34.6949021,73.72164,6.95337291,-8.22333688,12.3250268,-1.73870566,-0.362981706,3.18828193,8.07882544,-5.07412064,0.302407346,-1.91008759,2.43967207,-10.1556111,6.78436244,-4.25062522,-3.19772125
1142,-2.77715605,0.559051987,106.369781,0.221920727,-1.17145476,-0.212667166,-0.126189933,-0.815411729,1.65671809,14.5914766,0,13.5092741,15.6844264,-18.9262254,58.8633421,3.74340556,-9.34452438,-10.9507501,-0.976830283,-15.3263776,34.6893765,73.7335655,6.95563114,-8.21796152,12.3217671,-1.74209354,-0.376876391,3.18774896,8.08571284,-5.0822904,0.319074902,-1.90593996,2.42603752,-10.146865,6.77478566,-4.27192005,-3.21174256
1143,-2.77386028,0.562232919,106.373239,0.20837431,-1.17127325,-0.202244965,-0.133157579,-0.796500909,1.66092581,14.5909694,0,13.5068007,15.6727741,-18.9286757,58.8642642,3.74993436,-9.35181988,-10.930216,-0.979225758,-15.3268728,34.6905991,73.7352184,6.93559991,-8.20178251,12.3083825,-1.73841313,-0.363622329,3.17826375,8.08031442,-5.08051967,0.323934635,-1.90615959,2.44024623,-10.1651947,6.78610457,-4.25593441,-3.1912902
1144,-2.76962947,0.562070869,106.375825,0.206081557,-1.16962246,-0.204907812,-0.135295816,-0.794232913,1.65237206,14.5945587,0,13.5127959,15.6698524,-18.9366278,58.859968,3.72269045,-9.36052069,-10.9435075,-0.97814915,-15.3042939,34.6808661,73.7602852,6.890542,-8.20043525,12.2827591,-1.73607326,-0.361273331,3.18171663,8.08165826,-5.08607817,0.320974255,-1.90395066,2.44255249,-10.1601326,6.78250548,-4.25761208,-3.18179795
1145,-2.76939422,0.564406626,106.383359,0.201151092,-1.169114,-0.206643075,-0.136464498,-0.789792276,1.65308038,14.6021658,0,13.5136351,15.6626005,-18.9233943,58.8599065,3.73087344,-9.37048508,-10.9546587,-0.976835512,-15.2975388,34.6889155,73.7657903,6.89545077,-8.20080067,12.2639453,-1.7355388,-0.354802928,3.18722411,8.08151568,-5.08001296,0.299029657,-1.90368706,2.44873018,-10.1610189,6.7857225,-4.25736278,-3.22749063
1146,-2.76898984,0.561428163,106.389785,0.21931899,-1.17028806,-0.212421293,-0.124539055,-0.809877728,1.65703409,14.59865,0,13.5071448,15.6601809,-18.9155447,58.8622219,3.72668867,-9.38177794,-10.9710289,-0.982379918,-15.2829034,34.6911011,73.7909596,6.88521659,-8.18016155,12.3071189,-1.73848666,-0.3720717,3.1876749,8.09033687,-5.06154626,0.277527128,-1.90394853,2.42977,-10.1608259,6.78733955,-4.25733674,-3.23708684
1147,-2.76576281,0.564502738,106.384468,0.199096281,-1.16928222,-0.213713519,-0.116164389,-0.787339971,1.65679867,14.5908328,0,13.5076024,15.6512572,-18.9102649,58.8480015,3.73140876,-9.37941384,-10.9642465,-0.979087127,-15.2775247,34.6787419,73.7871005,6.85019864,-8.1748229,12.3014379,-1.73332293,-0.348057956,3.19733257,8.08651965,-5.10585028,0.273101806,-1.90550282,2.45206566,-10.1541605,6.79098815,-4.25091294,-3.24104386
1148,-2.76283231,0.560409669,106.385243,0.21561711,-1.16899336,-0.216001106,-0.113350418,-0.799939483,1.65308262,14.5954381,0,13.5122572,15.6452979,-18.9142999,58.8435414,3.71149278,-9.38851678,-10.9673918,-0.968318267,-15.2714526,34.6701802,73.7803455,6.86475121,-8.18579901,12.3067023,-1.73655457,-0.368017583,3.19109063,8.09152447,-5.08043131,0.280590121,-1.90305377,2.43242268,-10.1511894,6.78770539,-4.25599631,-3.21973602
1149,-2.76241247,0.56445268,106.380308,0.194563858,-1.16858591,-0.219937432,-0.104869104,-0.774706523,1.65720432,14.5962355,0,13.5115203,15.6353549,-18.9068106,58.8370117,3.71584318,-9.38555333,-10.9507603,-0.955217964,-15.2670454,34.6606248,73.7624025,6.84364422,-8.19510515,12.2780471,-1.72574633,-0.34406515,3.1983635,8.08136627,-5.11616686,0.307426868,-1.90847332,2.4550925,-10.1546634,6.80155189,-4.26621342,-3.18678142
1150,-2.75892466,0.559741911,106.389511,0.206372314,-1.16988675,-0.220780808,-0.0995471123,-0.783819703,1.66077661,14.58598,0,13.5103677,15.6275821,-18.8949038,58.8414923,3.72885341,-9.39143327,-10.9393642,-0.94486233,-15.2664188,34.6702929,73.7439679,6.88521019,-8.21487684,12.2930001,-1.7315744,-0.356600601,3.19482781,8.09351547,-5.08574391,0.311795814,-1.90596856,2.4432116,-10.14603,6.80453925,-4.26258915,-3.20969863
1151,-2.75597572,0.560127152,106.385398,0.198811882,-1.17080807,-0.215297656,-0.0994351079,-0.770832578,1.65902253,14.5908243,0,13.5181268,15.6249508,-18.8957627,58.8369502,3.72609316,-9.37614218,-10.9476586,-0.943952634,-15.2582926,34.6798313,73.7567881,6.91679725,-8.23240139,12.3094386,-1.72724908,-0.347951501,3.18520941,8.08757406,-5.09263003,0.304145122,-1.91140453,2.45121295,-10.152826,6.82044292,-4.26326321,-3.19373648
1152,-2.74988376,0.558072142,106.37356,0.207110292,-1.17045785,-0.212718953,-0.0968418705,-0.772873364,1.65860322,14.5866083,0,13.5088608,15.6242234,-18.9085506,58.8462734,3.7295629,-9.37211237,-10.9437952,-0.945776508,-15.2563118,34.6948748,73.7627645,6.93831533,-8.24544705,12.3042315,-1.73015042,-0.357512005,3.17820911,8.09485931,-5.11173705,0.316358808,-1.91010103,2.44101335,-10.1465559,6.82019148,-4.28868603,-3.17843109
1153,-2.74549909,0.557049736,106.371844,0.202796503,-1.17077488,-0.209921328,-0.0961879466,-0.771757215,1.65918432,14.5932063,0,13.5062269,15.6387085,-18.9326936,58.852605,3.72167446,-9.36375307,-10.9533865,-0.95785527,-15.2487047,34.7131148,73.7794507,6.95987611,-8.24446436,12.3122228,-1.72909483,-0.352060954,3.17275094,8.09854078,-5.11766993,0.320108208,-1.90910361,2.44496162,-10.1439169,6.8215127,-4.28203854,-3.16329881
1154,-2.74273548,0.552374683,106.373131,0.208602934,-1.17077767,-0.208154248,-0.0983961788,-0.777904225,1.65649174,14.5959111,0,13.5074291,15.6443963,-18.9441905,58.8616209,3.71382529,-9.35497799,-10.9414764,-0.965333154,-15.2426053,34.7288994,73.7935414,6.96092625,-8.25749551,12.3099962,-1.73024198,-0.356513116,3.17131446,8.10316226,-5.11890833,0.326475305,-1.90680483,2.43985627,-10.1478485,6.82019319,-4.28349807,-3.16127152
1155,-2.7390033,0.549716223,106.376696,0.209525137,-1.17305402,-0.201040276,-0.102708009,-0.77930372,1.65032493,14.599794,0,13.503862,15.6555995,-18.979815,58.883054,3.70145795,-9.35075779,-10.9398747,-0.952357075,-15.2402933,34.7284247,73.7815954,6.97056621,-8.23520945,12.3027442,-1.72625689,-0.356935067,3.16094068,8.10569455,-5.11168284,0.332791096,-1.91041159,2.43822428,-10.1571239,6.84002507,-4.28980276,-3.16002608
1156,-2.73492169,0.548750302,106.373048,0.206230885,-1.17382445,-0.195052169,-0.108356722,-0.770859259,1.65091777,14.6032672,0,13.5060989,15.6556678,-18.9916774,58.8857451,3.69602411,-9.3541208,-10.9323419,-0.965905075,-15.2368338,34.7309928,73.7971136,6.98147957,-8.23013292,12.3010324,-1.73116865,-0.353933092,3.16219723,8.11994574,-5.12214584,0.339448316,-1.90582043,2.4394059,-10.1477265,6.83779373,-4.27864992,-3.16336092
1157,-2.73070578,0.547102699,106.372666,0.213642701,-1.17371194,-0.189202808,-0.108260793,-0.776391498,1.64652446,14.5943726,0,13.5067717,15.6640263,-19.0132659,58.8895017,3.67676041,-9.34989462,-10.9304277,-0.971845419,-15.2320424,34.7340869,73.8120307,7.00737751,-8.21592015,12.3055471,-1.73234846,-0.360220948,3.15517067,8.12380565,-5.11205466,0.316528922,-1.90402238,2.43048119,-10.1491437,6.83796577,-4.27275333,-3.14201508
1158,-2.72923894,0.54659592,106.378233,0.210932684,-1.17366583,-0.185759948,-0.106374874,-0.774432034,1.64403219,14.594043,0,13.5062133,15.6688194,-19.0117325,58.8938047,3.68929851,-9.34570174,-10.9390841,-0.973208148,-15.2318905,34.7273762,73.8069012,7.01630158,-8.23575843,12.3028535,-1.73257545,-0.356537476,3.15257541,8.12601607,-5.11381215,0.303574775,-1.90375088,2.43447579,-10.1534356,6.84291381,-4.27301544,-3.17102076
1159,-2.72747297,0.544182723,106.381774,0.218096952,-1.17307392,-0.182101947,-0.109188705,-0.777185508,1.641446,14.60408,0,13.5094303,15.6738618,-19.0074568,58.8908541,3.68033858,-9.35646014,-10.9528931,-0.965476908,-15.228933,34.6994408,73.798664,7.00270609,-8.22129977,12.2926159,-1.73376935,-0.363520784,3.1499825,8.12960619,-5.10982844,0.300207091,-1.90278505,2.42762468,-10.1535816,6.84340174,-4.28655244,-3.19966658
1160,-2.7233962,0.543766003,106.383407,0.217000664,-1.17218484,-0.176220138,-0.109751488,-0.775092855,1.6352555,14.6030093,0,13.515691,15.6721832,-18.9955774,58.8919128,3.68534639,-9.35901207,-10.9384566,-0.954738997,-15.22484,34.6799372,73.7930223,7.0091683,-8.25296282,12.2900691,-1.7323682,-0.361922092,3.14606539,8.12972316,-5.10945492,0.295381322,-1.90135028,2.4299875,-10.160335,6.84710115,-4.28161763,-3.19725958
1161,-2.71647591,0.541143352,106.375468,0.222909473,-1.17000016,-0.16857679,-0.112092489,-0.779758141,1.61421126,14.5993705,0,13.5340011,15.6729175,-18.9910148,58.8847752,3.67485607,-9.35899243,-10.93268,-0.937229807,-15.2226065,34.6595661,73.7776475,7.02012649,-8.25705069,12.278842,-1.73359731,-0.36886618,3.1448844,8.13433183,-5.12053434,0.304400667,-1.89681312,2.42309029,-10.1610334,6.84453982,-4.3011238,-3.20260591
1162,-2.71439925,0.545106083,106.370497,0.203822713,-1.16953611,-0.15354968,-0.124022855,-0.754996251,1.61333422,14.5993449,0,13.5409286,15.6739967,-18.9835734,58.8734029,3.66775993,-9.35902914,-10.9326347,-0.929809873,-15.2250022,34.6411007,73.759206,6.9912049,-8.25837148,12.2629088,-1.72660064,-0.348333725,3.12867572,8.1195735,-5.13537079,0.31270599,-1.90276434,2.44498339,-10.1857049,6.86379882,-4.3030179,-3.20428229
1163,-2.71019507,0.540489564,106.37604,0.216011092,-1.16967146,-0.144829324,-0.123759866,-0.771369922,1.60972767,14.5994235,0,13.5394439,15.679051,-18.9738028,58.8741133,3.68186513,-9.35717133,-10.9363418,-0.925899697,-15.218073,34.6366133,73.7555109,6.99429044,-8.2647338,12.2716984,-1.73747836,-0.360037014,3.12137639,8.1432162,-5.13031602,0.306071689,-1.89249985,2.43109783,-10.1723783,6.84792034,-4.30087492,-3.22052512
1164,-2.70557124,0.539079402,106.375217,0.216438664,-1.16916466,-0.137009958,-0.127773603,-0.773589146,1.60345724,14.5970022,0,13.5470792,15.6898683,-18.9679681,58.8652887,3.68868635,-9.3470857,-10.9376541,-0.90828656,-15.2133414,34.6177176,73.7425745,6.95919266,-8.24980215,12.2701386,-1.73422249,-0.360017724,3.11422497,8.14021262,-5.13586,0.310906422,-1.89258011,2.4310513,-10.1866611,6.85698571,-4.31162692,-3.20325584
1165,-2.70121098,0.535190478,106.376815,0.219443707,-1.1688257,-0.129375576,-0.134770438,-0.782252761,1.59476721,14.6082839,0,13.5521045,15.6983412,-18.9629257,58.8661698,3.70584464,-9.34146787,-10.9321609,-0.914877479,-15.2024233,34.6313745,73.7518841,6.96027098,-8.23607262,12.2725087,-1.73646012,-0.362567225,3.1077555,8.14574251,-5.1331497,0.314954777,-1.8899127,2.42863619,-10.1905483,6.855971,-4.31083804,-3.19944011
1166,-2.69822963,0.534576084,106.377041,0.219313579,-1.1684459,-0.128238655,-0.131410292,-0.780860203,1.58966997,14.6063356,0,13.5475402,15.7033409,-18.9658336,58.8672831,3.70550996,-9.33162899,-10.9326748,-0.920524445,-15.1950911,34.6398235,73.7676686,6.9873911,-8.22550632,12.2677574,-1.7380871,-0.361958645,3.10621059,8.15022226,-5.14209383,0.316666887,-1.88868177,2.42844729,-10.1875576,6.85521883,-4.31445718,-3.21977956
1167,-2.69415118,0.534770405,106.380332,0.21548396,-1.16769766,-0.111288909,-0.1401397,-0.770432052,1.58086212,14.6018328,0,13.5458412,15.7004841,-18.9576255,58.8780816,3.70659383,-9.34710193,-10.9301716,-0.916754821,-15.2016122,34.6503454,73.7741983,6.9912271,-8.22700128,12.2742956,-1.73354459,-0.357877767,3.08871058,8.14146938,-5.13690289,0.305984524,-1.8897825,2.43240026,-10.215184,6.86923651,-4.32285149,-3.19433476
1168,-2.69327033,0.53571742,106.382263,0.200898541,-1.16767002,-0.096828676,-0.145140319,-0.751353892,1.57976118,14.5972259,0,13.5402968,15.6902252,-18.9370137,58.8925753,3.69939523,-9.36807829,-10.9280892,-0.907961486,-15.2042367,34.6364152,73.7691918,6.9948074,-8.22211086,12.2610433,-1.72922108,-0.340870569,3.07156702,8.13637064,-5.14138136,0.310860826,-1.89178546,2.44857159,-10.2257861,6.87982159,-4.32265384,-3.23232875
1169,-2.69204285,0.532233017,106.379008,0.214238507,-1.16623966,-0.0912755107,-0.142142933,-0.760593858,1.57186996,14.6060573,0,13.5433388,15.6860297,-18.9225029,58.8957103,3.69745076,-9.38142192,-10.9031206,-0.901703538,-15.2015695,34.6283351,73.7766093,6.97863992,-8.23204622,12.2268599,-1.73063781,-0.355782233,3.06782365,8.13928628,-5.1438795,0.318314403,-1.8885821,2.43366342,-10.22365,6.87921584,-4.3436746,-3.19809755
1170,-2.6883794,0.531817647,106.379199,0.209766519,-1.16600568,-0.0875187461,-0.130447075,-0.751576354,1.56894685,14.604903,0,13.5422058,15.6851008,-18.9202234,58.890936,3.67966751,-9.36888767,-10.8909893,-0.895650923,-15.2036579,34.6289361,73.7751887,7.0002549,-8.20714592,12.2397562,-1.72979941,-0.350397055,3.06473427,8.13772387,-5.14726001,0.322098141,-1.88810228,2.43739463,-10.2252354,6.88058017,-4.33774172,-3.19416422
1171,-2.68683843,0.530753937,106.384528,0.213248824,-1.16742294,-0.0793058006,-0.130970692,-0.749881987,1.57100274,14.606742,0,13.5462809,15.6835367,-18.9044405,58.8785256,3.67556641,-9.37186136,-10.8853988,-0.900615084,-15.1980349,34.6169355,73.7871415,6.96458595,-8.22544741,12.2275413,-1.7298485,-0.352667853,3.05390394,8.13759068,-5.13771397,0.301025913,-1.89177414,2.43457696,-10.2434951,6.89378421,-4.33730929,-3.2059448
1172,-2.68449914,0.531119062,106.388879,0.211573988,-1.1666554,-0.0783561055,-0.122543145,-0.744621727,1.56326616,14.6158569,0,13.5552421,15.6746626,-18.8811649,58.8746051,3.69662431,-9.37642051,-10.8709462,-0.893666433,-15.1999866,34.6151904,73.7866975,6.97481843,-8.21526445,12.2529675,-1.72898758,-0.350201968,3.05197612,8.13725686,-5.13528712,0.29182202,-1.89048729,2.43681427,-10.2423195,6.89670924,-4.33684142,-3.20424174
1173,-2.68297419,0.529455999,106.389546,0.217699929,-1.16528964,-0.0785285673,-0.115501194,-0.746892018,1.556122,14.6281205,0,13.5636569,15.6670094,-18.8569826,58.8656029,3.69248735,-9.36877839,-10.8825003,-0.884284421,-15.2021399,34.6090944,73.772279,6.96175996,-8.20002203,12.2747191,-1.72999257,-0.35596446,3.05277119,8.13895075,-5.13228354,0.296408065,-1.88844421,2.43341092,-10.2428812,6.8971754,-4.36038039,-3.23208948
1174,-2.67888922,0.528802723,106.385207,0.213817357,-1.16507612,-0.0798496016,-0.101374742,-0.741278883,1.54911092,14.6381472,0,13.5855075,15.6680254,-18.8534839,58.8381797,3.67550494,-9.36143849,-10.8631836,-0.864437066,-15.2022474,34.5939929,73.7544112,6.93270732,-8.20904727,12.2660593,-1.72996291,-0.351223935,3.05046408,8.14450198,-5.14446305,0.299163006,-1.88625514,2.43701235,-10.2397598,6.89203226,-4.35770807,-3.20501526
1175,-2.67552584,0.5284613,106.378734,0.210193261,-1.16390098,-0.0785451172,-0.0931415755,-0.731657921,1.53930874,14.6450457,0,13.6030082,15.6554578,-18.8351619,58.8212681,3.6829063,-9.36262182,-10.8567411,-0.859663457,-15.2037996,34.5846697,73.7526627,6.93669615,-8.2162591,12.271088,-1.7280179,-0.349016477,3.05087795,8.14177674,-5.1520881,0.306673146,-1.88473521,2.44190981,-10.2438084,6.89164508,-4.36101773,-3.18818353
1176,-2.67237667,0.528465305,106.371903,0.19877201,-1.1625392,-0.0805432837,-0.0838266315,-0.715506498,1.52642796,14.6538242,0,13.6168863,15.6454755,-18.8214691,58.8184882,3.69147392,-9.36117212,-10.8543889,-0.841439232,-15.2032122,34.5799022,73.7419666,6.95351165,-8.21396244,12.262493,-1.72399343,-0.336299225,3.05120046,8.1381482,-5.17042375,0.324375555,-1.88462699,2.4546003,-10.240839,6.88911919,-4.36066384,-3.18765206
1177,-2.67132856,0.530673843,106.376028,0.187964169,-1.16259653,-0.0812576882,-0.0780245059,-0.698770294,1.52412939,14.6571198,0,13.622785,15.6290643,-18.806429,58.8197586,3.69064106,-9.36221884,-10.8313823,-0.842980026,-15.2053074,34.5731506,73.7458052,6.95531055,-8.22426322,12.267976,-1.72167298,-0.324048827,3.05132191,8.13615464,-5.16795634,0.327073854,-1.88509102,2.46726262,-10.2490694,6.89303801,-4.33643759,-3.19231687
1178,-2.66881976,0.52866484,106.376541,0.193875619,-1.16234291,-0.0794880148,-0.0665200995,-0.698287752,1.52249047,14.6503699,0,13.6204917,15.6246793,-18.8168228,58.8241026,3.69284508,-9.35629195,-10.8343859,-0.8433043,-15.2073069,34.5779215,73.7518636,6.97315101,-8.20632544,12.2501944,-1.72250466,-0.329844669,3.04781482,8.1373226,-5.16514657,0.31790726,-1.88430042,2.46178758,-10.2523317,6.890831,-4.3436477,-3.21156946
1179,-2.66522095,0.526361074,106.373107,0.205702786,-1.16191605,-0.074575302,-0.0590811363,-0.703751743,1.51850655,14.6488365,0,13.6216315,15.6212522,-18.8332187,58.8265137,3.69310847,-9.34193233,-10.8368131,-0.847807049,-15.2087993,34.5555936,73.7617742,6.95304634,-8.20687271,12.2448011,-1.72418894,-0.342879232,3.04063245,8.1376513,-5.16211994,0.30865318,-1.88241999,2.44838888,-10.2552866,6.88818046,-4.34465601,-3.20762908
1180,-2.6638817,0.524801435,106.370509,0.211283492,-1.1618101,-0.0728061414,-0.0561980428,-0.70316552,1.51756355,14.6458636,0,13.6232511,15.6128989,-18.8367328,58.8327906,3.70330594,-9.32293842,-10.8368627,-0.852822969,-15.2139049,34.5617339,73.7655171,6.98164264,-8.18348955,12.2625938,-1.72494101,-0.348918319,3.04257457,8.138161,-5.16374809,0.313425562,-1.88183515,2.44246476,-10.2528132,6.88546888,-4.3490538,-3.2139611
1181,-2.66326107,0.523919938,106.372702,0.214809678,-1.16174201,-0.0684829608,-0.0483545777,-0.699036191,1.51582698,14.6468472,0,13.6227696,15.6044295,-18.8487215,58.8457475,3.70624549,-9.32881239,-10.8560606,-0.854632169,-15.2161964,34.5417898,73.7766435,6.94981524,-8.20786394,12.2341196,-1.72542499,-0.352977053,3.03523852,8.13936653,-5.15397409,0.305564601,-1.88061212,2.43648643,-10.2579128,6.88557261,-4.33750822,-3.19748113
1182,-2.66199801,0.525102485,106.371355,0.205528548,-1.16064918,-0.0646062391,-0.0398202763,-0.681462648,1.51119824,14.6483293,0,13.6242842,15.5928728,-18.8577681,58.8570515,3.73279913,-9.32874067,-10.8780564,-0.847233473,-15.2230795,34.5291881,73.7693967,6.95249395,-8.20318184,12.2388307,-1.72260007,-0.34178947,3.0331583,8.13661824,-5.16573397,0.295098376,-1.88031373,2.44691676,-10.2535526,6.88889166,-4.34118841,-3.1960739
1183,-2.66218241,0.528713502,106.375837,0.199815251,-1.16205057,-0.0603989997,-0.0394936212,-0.66452079,1.51240377,14.6524394,0,13.624577,15.5764598,-18.8642004,58.8687174,3.72541313,-9.34020258,-10.8966217,-0.855991056,-15.2307584,34.5186525,73.7798127,6.94066492,-8.21699163,12.2424866,-1.72259078,-0.336268596,3.02723226,8.13607267,-5.16129733,0.298408724,-1.88295423,2.45123899,-10.2638209,6.90000993,-4.33153735,-3.20641544
1184,-2.6584534,0.525519205,106.370652,0.214486521,-1.16051982,-0.0572015141,-0.0388484085,-0.675199204,1.50153374,14.6522191,0,13.6376091,15.5734204,-18.8783509,58.8722213,3.73717173,-9.33758235,-10.9336635,-0.855380608,-15.2316395,34.511976,73.7813495,6.96769368,-8.20297694,12.2669284,-1.72441573,-0.352778444,3.02163321,8.13971402,-5.16531903,0.290403929,-1.8794448,2.43628152,-10.2629244,6.89605781,-4.36612159,-3.20108982
1185,-2.65823994,0.529265916,106.368887,0.207005347,-1.15990815,-0.0620923183,-0.0282683821,-0.661797999,1.49678622,14.6587727,0,13.6318025,15.5746516,-18.9213691,58.8867082,3.71197303,-9.32909413,-10.9586859,-0.849812083,-15.2392824,34.5132566,73.7725454,6.96751354,-8.22413857,12.2372914,-1.72383804,-0.345973547,3.02972272,8.14115177,-5.17428494,0.300598333,-1.87868707,2.4442912,-10.2604801,6.89369371,-4.36270052,-3.19899914
1186,-2.6556924,0.529085472,106.373906,0.20431794,-1.15988424,-0.0606574021,-0.022463575,-0.657442206,1.48958688,14.6542733,0,13.6404453,15.5762925,-18.9435877,58.8894471,3.70828387,-9.30508004,-10.9845792,-0.843575587,-15.2410566,34.5015224,73.7643218,6.95241541,-8.23569867,12.2216408,-1.7242121,-0.34227508,3.02705147,8.14570409,-5.1720075,0.291465089,-1.87640109,2.44858333,-10.2682528,6.89432166,-4.35936952,-3.2246147
1187,-2.65411846,0.530259823,106.379461,0.205800531,-1.16023225,-0.0545540862,-0.0308525114,-0.660471876,1.48009516,14.6617165,0,13.6527627,15.5711272,-18.94445,58.8970354,3.68814805,-9.30939672,-10.9938247,-0.842899718,-15.2418899,34.5018366,73.7679555,6.93641782,-8.23576185,12.2287707,-1.72469,-0.344700571,3.02410275,8.14989783,-5.16467358,0.295329829,-1.87584593,2.44577377,-10.2770629,6.90012732,-4.36039191,-3.21175921
1188,-2.650523,0.527773937,106.373882,0.218836066,-1.15799206,-0.061079967,-0.0207728498,-0.67594711,1.46625891,14.678488,0,13.6651117,15.5647614,-18.9332092,58.905498,3.68588298,-9.29470925,-11.0158913,-0.853098311,-15.2419838,34.5156916,73.7894228,6.94219317,-8.24765064,12.2467127,-1.72705965,-0.359873649,3.03269214,8.15734359,-5.17363948,0.310322948,-1.86982875,2.43119153,-10.2639532,6.88370968,-4.37776108,-3.21736445
1189,-2.64527239,0.529972045,106.37188,0.207836176,-1.15700522,-0.0534901858,-0.027097108,-0.664959897,1.44993614,14.6775489,0,13.6792647,15.5577656,-18.9360813,58.9126219,3.66641054,-9.2851154,-11.0065271,-0.856068163,-15.2420265,34.5008599,73.7967994,6.92955732,-8.25383111,12.2479336,-1.72368724,-0.348456695,3.02278666,8.15343075,-5.1848982,0.314941036,-1.86970943,2.44342825,-10.2745562,6.89023635,-4.38017214,-3.20989137
1190,-2.6432056,0.530595705,106.375384,0.203486391,-1.15673894,-0.0505230188,-0.0339383162,-0.66035715,1.43842215,14.6758106,0,13.6854742,15.5500782,-18.9327636,58.9282289,3.6502469,-9.2815176,-11.0070821,-0.867167327,-15.2410771,34.4789145,73.8097767,6.90361285,-8.27411677,12.2530896,-1.72346654,-0.343982707,3.0230556,8.15252148,-5.18247049,0.31492268,-1.86944433,2.44833211,-10.2782292,6.89292275,-4.3842011,-3.2175431
1191,-2.64046341,0.529519701,106.376421,0.215263928,-1.15509533,-0.0421714155,-0.0450983851,-0.671673332,1.4256926,14.6734644,0,13.6938642,15.5369523,-18.9214374,58.9401476,3.64796049,-9.2704766,-10.9903695,-0.876868757,-15.242023,34.4665108,73.8245299,6.90599488,-8.26741636,12.2649468,-1.72436717,-0.358040597,3.01746723,8.1551844,-5.1859398,0.314971719,-1.86561772,2.43372831,-10.2819516,6.89138638,-4.39604208,-3.19533154
1192,-2.63657887,0.52880412,106.381893,0.219573995,-1.15465513,-0.0369386852,-0.0508172811,-0.676405533,1.41448735,14.670647,0,13.6998705,15.5235498,-18.9075431,58.9602556,3.65130771,-9.28186337,-10.9747121,-0.884564299,-15.2379745,34.4248774,73.8412366,6.86952423,-8.27906268,12.2526798,-1.72457933,-0.362820983,3.01499171,8.15672375,-5.17460937,0.307261396,-1.86408434,2.42752671,-10.2861556,6.89232425,-4.39142488,-3.17603775
1193,-2.63241511,0.529129244,106.383836,0.213724146,-1.15405453,-0.0294803491,-0.0598332776,-0.671101091,1.40231244,14.6431384,0,13.708643,15.5141275,-18.9034604,58.96531,3.64130447,-9.2820734,-10.9725486,-0.89570151,-15.2390861,34.4103701,73.8487225,6.88012212,-8.28170597,12.2246581,-1.7234738,-0.356797209,3.00848894,8.15569752,-5.17213514,0.30147153,-1.86361733,2.4313164,-10.2838786,6.89484118,-4.38826677,-3.17899842
1194,-2.62884498,0.528416643,106.381786,0.221841525,-1.15236578,-0.0169140842,-0.0770882697,-0.678440609,1.38734738,14.6175935,0,13.7195081,15.4978188,-18.8805246,58.9744624,3.65733621,-9.29856404,-10.9611029,-0.899505498,-15.2399262,34.3820282,73.8514409,6.90254179,-8.28326069,12.1992002,-1.72442949,-0.367211834,2.99595405,8.15540126,-5.17549345,0.304365262,-1.86135269,2.42218166,-10.2929943,6.89666399,-4.4081217,-3.1810923
1195,-2.62431782,0.529738702,106.384087,0.212726168,-1.15106021,0.000256130591,-0.0941336605,-0.672244454,1.36955399,14.6004583,0,13.7298747,15.4904268,-18.8811922,58.9805686,3.65482953,-9.30164531,-10.9756495,-0.895637903,-15.2435615,34.3385951,73.8357861,6.88290841,-8.25032552,12.2244736,-1.72110138,-0.357915173,2.98122219,8.14897063,-5.17966713,0.309074491,-1.86081033,2.42996274,-10.3100937,6.90274072,-4.40115235,-3.16045852
1196,-2.61923168,0.530676171,106.38144,0.209497426,-1.14905488,0.0134942148,-0.11168636,-0.670706434,1.35915194,14.5833725,0,13.7438415,15.4785047,-18.8700129,58.976211,3.66509957,-9.30808789,-10.9540815,-0.904507331,-15.2384782,34.2560283,73.8493167,6.83677689,-8.27149483,12.2557918,-1.71840398,-0.354937237,2.97069601,8.14329901,-5.1862907,0.314401238,-1.86030341,2.43383162,-10.3244363,6.90977752,-4.4169621,-3.18443269
1197,-2.61187498,0.527958013,106.38119,0.210454636,-1.14819822,0.0266968184,-0.1243042,-0.675202726,1.34501099,14.5470223,0,13.7556877,15.4734316,-18.8742818,58.9714571,3.67772859,-9.31521092,-10.9717768,-0.90357405,-15.2406775,34.2232536,73.8372956,6.78613658,-8.23055212,12.2668345,-1.72053757,-0.355171011,2.95692592,8.14758154,-5.18010255,0.301950123,-1.85667081,2.43261648,-10.3327716,6.90874403,-4.41294808,-3.17973801
1198,-2.60547511,0.524255214,106.375778,0.218523155,-1.14665632,0.0341337484,-0.127815905,-0.689922958,1.33107612,14.5127638,0,13.758885,15.4795668,-18.8961333,58.9681172,3.69543372,-9.30984837,-11.0005601,-0.914122743,-15.2336202,34.2293086,73.8456147,6.81217881,-8.20830107,12.2692609,-1.72359824,-0.363474413,2.94980097,8.15236353,-5.18907785,0.304876753,-1.8512216,2.42219575,-10.3292387,6.8989474,-4.41905128,-3.15765771
1199,-2.6015047,0.524033327,106.373405,0.216112849,-1.14586889,0.0347709625,-0.132940134,-0.687371028,1.31951848,14.5003977,0,13.7729125,15.4660447,-18.8942328,58.9529132,3.71536678,-9.30267411,-11.0011603,-0.919100457,-15.2399313,34.2438433,73.8435179,6.83320043,-8.20343456,12.2647299,-1.72278705,-0.361281415,2.95032561,8.15188285,-5.19239775,0.307076127,-1.85041415,2.42805456,-10.337925,6.90071557,-4.43091063,-3.19210983
1200,-2.59956326,0.526419748,106.367707,0.215918464,-1.14475566,0.02879643,-0.129402029,-0.68758874,1.31204316,14.4870037,0,13.7718248,15.457939,-18.8961008,58.9529883,3.73566226,-9.31576416,-11.0179113,-0.924041672,-15.2442155,34.2396256,73.8366604,6.85432492,-8.21553424,12.2748463,-1.72277648,-0.362690435,2.95626062,8.15511268,-5.20537126,0.325609872,-1.8494592,2.42735617,-10.3303444,6.89646719,-4.44288011,-3.19433135
1201,-2.59422567,0.527605414,106.363797,0.213901917,-1.14431469,0.0293056156,-0.127050937,-0.684585592,1.29848758,14.4640423,0,13.782853,15.4487456,-18.8954485,58.9439383,3.731962,-9.31462694,-11.0101002,-0.928226977,-15.2559003,34.2457045,73.8284983,6.89140474,-8.19407379,12.308339,-1.72246688,-0.360977952,2.95397123,8.16273176,-5.21258266,0.324596096,-1.84654548,2.42804388,-10.3272025,6.89350801,-4.43508259,-3.16934246
1202,-2.59068087,0.528431823,106.360841,0.208890184,-1.1439071,0.0304681879,-0.120985956,-0.674866286,1.2869562,14.4418049,0,13.7870314,15.4305619,-18.8729465,58.9389864,3.76146671,-9.31961468,-11.0154465,-0.936051279,-15.2611493,34.2463909,73.8380879,6.86464534,-8.19184715,12.29766,-1.72036521,-0.357006251,2.9526197,8.16263016,-5.21429533,0.338244495,-1.84666608,2.43175374,-10.3338952,6.89861614,-4.42856915,-3.17650007
1203,-2.58741938,0.528675597,106.363177,0.210912411,-1.1436219,0.0248743274,-0.114399946,-0.67404138,1.27147877,14.4411338,0,13.7960933,15.4150198,-18.8574829,58.9353801,3.76957841,-9.31969408,-10.982408,-0.932622631,-15.2670079,34.2673869,73.8352329,6.88982056,-8.19133573,12.2913967,-1.7190917,-0.360129595,2.96067185,8.16436332,-5.21108258,0.339433214,-1.84568061,2.42957555,-10.3300942,6.89969659,-4.42141111,-3.15452458
1204,-2.58491468,0.530062476,106.367147,0.210041013,-1.14352526,0.0128890404,-0.0991868665,-0.666935156,1.26309568,14.4308886,0,13.7947982,15.3928558,-18.8179805,58.9425245,3.79957575,-9.32590358,-10.9862312,-0.935339765,-15.2724737,34.2741693,73.8330609,6.88636363,-8.19148941,12.2845776,-1.71917537,-0.358341473,2.97036773,8.17226841,-5.21634396,0.327628246,-1.84610536,2.42860268,-10.3155724,6.90000438,-4.41582872,-3.1702355
1205,-2.58375965,0.531463744,106.369793,0.210190496,-1.14325463,0.00715723495,-0.089839199,-0.661880335,1.25354216,14.4325176,0,13.7966193,15.373651,-18.7936651,58.9365207,3.80426766,-9.32404406,-10.9480274,-0.938185073,-15.2812557,34.2933314,73.813226,6.91298985,-8.1776856,12.2850429,-1.71888231,-0.358398195,2.97718277,8.17397596,-5.22120791,0.316327938,-1.84611219,2.42787292,-10.3052537,6.90032326,-4.42249285,-3.17257911
1206,-2.58119851,0.533795031,106.371737,0.213101622,-1.14451354,-0.000412557072,-0.0783990657,-0.655005963,1.24233735,14.4404747,0,13.8008309,15.3545538,-18.7480053,58.9440681,3.81771417,-9.35554831,-10.9518096,-0.940380872,-15.2873772,34.3187602,73.8132806,6.95143997,-8.18583487,12.2923393,-1.7158416,-0.360431057,2.97061298,8.17460775,-5.21287081,0.296132403,-1.85061222,2.42566783,-10.3104062,6.91698038,-4.42949336,-3.19112265
1207,-2.57907901,0.534935622,106.367862,0.21089182,-1.14410793,-0.00292094806,-0.0677163831,-0.644412607,1.23217797,14.4509283,0,13.7968899,15.3466428,-18.7401488,58.9443071,3.80938433,-9.37287138,-10.9317801,-0.94172119,-15.2923103,34.3142113,73.8020518,6.91021892,-8.17541969,12.2684899,-1.71553861,-0.358651126,2.97562271,8.17597635,-5.22241685,0.298797377,-1.85057188,2.42604499,-10.3023679,6.91777226,-4.42902123,-3.20003626
1208,-2.57567335,0.537248468,106.367552,0.205658062,-1.14308448,-0.00593695192,-0.0611870291,-0.636464401,1.21503313,14.4674113,0,13.8006235,15.3327245,-18.7028304,58.9474559,3.80625397,-9.39111225,-10.915374,-0.929798347,-15.2861051,34.3050657,73.7901536,6.93789656,-8.19523407,12.2624128,-1.71195031,-0.352411641,2.97235447,8.17756095,-5.23036719,0.302299023,-1.85053453,2.43069848,-10.3000866,6.91921215,-4.42727014,-3.19112052
1209,-2.57536601,0.542993704,106.368256,0.196927626,-1.14317873,-0.0127528873,-0.0479430288,-0.614758967,1.20933867,14.4778666,0,13.7847168,15.3175496,-18.685924,58.9622637,3.81455478,-9.41070721,-10.9012474,-0.924925221,-15.287758,34.2867061,73.7782691,6.93310475,-8.22082081,12.2137648,-1.70626759,-0.345597834,2.9751017,8.17141976,-5.23682258,0.322459421,-1.85575535,2.43944326,-10.3001788,6.93556704,-4.43777966,-3.18704183
1210,-2.56940946,0.543465884,106.369817,0.196923976,-1.14230065,-0.014174734,-0.0392210039,-0.60886366,1.19267611,14.5000254,0,13.7894117,15.3153485,-18.6741299,58.9540402,3.82719874,-9.41080283,-10.8773939,-0.906866414,-15.2865337,34.2678548,73.7740753,6.94488854,-8.23938868,12.2394155,-1.70592576,-0.345303095,2.97353225,8.1761249,-5.24119091,0.324939126,-1.85351441,2.43795364,-10.2885701,6.93590726,-4.4493547,-3.1652595
1211,-2.56578568,0.542518543,106.371367,0.205241671,-1.14231426,-0.0195833136,-0.0214594839,-0.612201114,1.18329207,14.5075694,0,13.7837589,15.3121059,-18.6793021,58.9511237,3.83870719,-9.40042436,-10.8644481,-0.905483514,-15.2752861,34.2600137,73.7822921,6.95949831,-8.22503503,12.2321755,-1.70732104,-0.354734786,2.97775245,8.18104776,-5.2366817,0.319292561,-1.85262072,2.42989785,-10.2908334,6.93318885,-4.4532287,-3.18804223
1212,-2.56253704,0.541281188,106.366551,0.217994376,-1.13959432,-0.0290306204,0.0134111923,-0.621428326,1.16542856,14.5105986,0,13.7685327,15.3195867,-18.7133813,58.9640054,3.85438247,-9.3926516,-10.8455908,-0.899350752,-15.2592454,34.2487303,73.8014917,6.97050687,-8.21391122,12.2366621,-1.7109229,-0.370098469,2.99227642,8.18767305,-5.25029086,0.317794348,-1.84637025,2.41430197,-10.2703395,6.91314395,-4.46127765,-3.18670181
1213,-2.56068762,0.544661656,106.374419,0.210245347,-1.1405325,-0.0270033847,0.0143756322,-0.611343232,1.16104667,14.5281897,0,13.7629362,15.3209066,-18.6967652,58.9678986,3.86304614,-9.38217751,-10.8428399,-0.888889463,-15.2434215,34.228407,73.8122698,6.9089912,-8.23859637,12.1993078,-1.70566408,-0.362188497,2.98600054,8.18406927,-5.24147223,0.322387544,-1.84925408,2.4235795,-10.2927262,6.93212078,-4.45849691,-3.18042081
1214,-2.55848207,0.54636104,106.377387,0.203481881,-1.13974537,-0.0251920954,0.0288638158,-0.598429052,1.15571635,14.5355236,0,13.7555297,15.3193083,-18.6948698,58.9673727,3.86927399,-9.37629415,-10.8412203,-0.887337623,-15.2345303,34.2501373,73.8253564,6.93074834,-8.24368572,12.2232758,-1.70315537,-0.354598662,2.98265674,8.18421014,-5.24787809,0.322095206,-1.84974607,2.43033349,-10.2948931,6.93672731,-4.46025483,-3.18295972
1215,-2.55573224,0.547638535,106.378746,0.201435853,-1.13928275,-0.0323921753,0.0464855338,-0.586323182,1.14527406,14.5479819,0,13.7547348,15.3242705,-18.6976326,58.9572572,3.85249563,-9.37537037,-10.8519121,-0.891539843,-15.2284634,34.2606353,73.8410044,6.94486762,-8.20979859,12.2635253,-1.70372644,-0.353478111,2.98897594,8.1907065,-5.25458918,0.323933648,-1.84760566,2.43190123,-10.2870871,6.93480419,-4.46220058,-3.18390378
1216,-2.55274549,0.551390648,106.373501,0.201931691,-1.13820861,-0.042048226,0.0677293898,-0.568182306,1.13181379,14.5622126,0,13.7477834,15.3181301,-18.6936489,58.9681172,3.83819065,-9.40009395,-10.8695272,-0.898756952,-15.220846,34.2901383,73.8824841,6.93490622,-8.23385366,12.2555749,-1.70064667,-0.356251755,2.99933841,8.19008069,-5.26452668,0.339865918,-1.8470712,2.42843043,-10.2797847,6.9321306,-4.47136797,-3.17520404
1217,-2.54903696,0.554285105,106.375504,0.188445664,-1.13758507,-0.0369949555,0.0798994995,-0.548696897,1.12388298,14.5722991,0,13.7400201,15.3387676,-18.7118496,58.9708629,3.80161841,-9.42244233,-10.890203,-0.912127367,-15.2111369,34.3262017,73.9105493,6.95858008,-8.21982189,12.3025239,-1.69710767,-0.340677563,2.99105019,8.18560521,-5.26822309,0.328470281,-1.84884811,2.44372984,-10.2895067,6.94456069,-4.46322895,-3.18825056
1218,-2.54867114,0.552728958,106.373584,0.199226112,-1.13741685,-0.0375263278,0.0934209129,-0.551836169,1.1208382,14.5848513,0,13.7251738,15.3409242,-18.7005986,58.9850014,3.77912531,-9.43426453,-10.8908126,-0.915090282,-15.2024728,34.3322088,73.9283078,6.9203323,-8.21938476,12.290513,-1.69818204,-0.352541601,2.99276691,8.18962221,-5.27117331,0.329999683,-1.84829252,2.43168694,-10.2840639,6.94051039,-4.47423665,-3.18428713
1219,-2.54613329,0.549216103,106.374836,0.215110232,-1.13681485,-0.0340715465,0.111792561,-0.563825979,1.11631352,14.5871274,0,13.7063788,15.356147,-18.7054788,58.9960458,3.77092866,-9.43678231,-10.8977231,-0.910485454,-15.1910869,34.3533892,73.9345643,6.95213195,-8.20189691,12.2837785,-1.70019107,-0.369429217,2.98810808,8.19334296,-5.25966913,0.320365567,-1.84515853,2.41510644,-10.2892104,6.93868246,-4.47496022,-3.18192431
1220,-2.54284833,0.549397105,106.376946,0.210536068,-1.13743193,-0.038388695,0.135308689,-0.550315759,1.11486606,14.5851125,0,13.6860368,15.3620892,-18.7070685,59.0062228,3.76599555,-9.42990943,-10.8790237,-0.923723214,-15.1809885,34.3588295,73.9571176,6.9539125,-8.1926847,12.2864679,-1.70154996,-0.363181809,2.98814629,8.19880369,-5.25448758,0.303601322,-1.84380551,2.41865237,-10.2775923,6.9360238,-4.45827621,-3.18891244
1221,-2.54303794,0.548441475,106.370449,0.213316588,-1.13738735,-0.039997018,0.152321516,-0.548135914,1.11367985,14.5926514,0,13.6662173,15.3767417,-18.7019356,59.0108195,3.78126444,-9.40418182,-10.8837152,-0.931839293,-15.1707381,34.3838211,73.9636336,6.98686048,-8.21567511,12.2700865,-1.70538853,-0.366254167,2.99275155,8.20528042,-5.26478025,0.318960736,-1.84027067,2.41425181,-10.264801,6.9253828,-4.45952741,-3.19561862
1222,-2.54132375,0.551138027,106.366932,0.206457952,-1.13674693,-0.0314462979,0.1546179,-0.533886859,1.10143716,14.5962799,0,13.6585282,15.3818951,-18.702704,59.0158534,3.77796461,-9.37415118,-10.8579492,-0.928274148,-15.1583293,34.3841524,73.9677044,6.99747971,-8.2278559,12.2701693,-1.70059021,-0.360517341,2.98098783,8.19793284,-5.26998998,0.318882402,-1.84201835,2.42252104,-10.2786159,6.93137928,-4.46339714,-3.19691294
1223,-2.53966022,0.550536346,106.365883,0.207394638,-1.13707694,-0.0272466176,0.16758875,-0.528170845,1.09870978,14.5942138,0,13.6416875,15.3804915,-18.6736108,59.0272256,3.7901851,-9.34732476,-10.8554169,-0.92441936,-15.1492554,34.3612815,73.9568102,7.0054625,-8.23748903,12.3072291,-1.70096427,-0.361922253,2.97833793,8.19695015,-5.26717167,0.318292872,-1.84140769,2.42068307,-10.2819021,6.93071846,-4.45275613,-3.19408418
1224,-2.53576506,0.548308855,106.361985,0.210241564,-1.13562048,-0.0236564965,0.177222358,-0.530006511,1.09315662,14.602258,0,13.6313091,15.3973159,-18.6557209,59.0195827,3.78979535,-9.32118307,-10.8660088,-0.917752242,-15.1368842,34.3573678,73.9347965,6.96535648,-8.22860978,12.2806776,-1.70314075,-0.364976041,2.97841263,8.20050697,-5.27327999,0.335893816,-1.83558965,2.41654142,-10.2810868,6.91898078,-4.45110878,-3.18190168
1225,-2.53243186,0.547395507,106.359136,0.205651078,-1.13461002,-0.0173683952,0.186845134,-0.527353943,1.08071319,14.6046896,0,13.6334145,15.4184895,-18.650477,59.004044,3.75148311,-9.31599554,-10.8881762,-0.915915668,-15.1157533,34.3603834,73.939926,6.96175142,-8.23743183,12.2307395,-1.70245186,-0.360488953,2.97740881,8.19860562,-5.28163758,0.335141828,-1.83229942,2.42208241,-10.284209,6.91371342,-4.45155701,-3.17452721
1226,-2.5335826,0.546766445,106.362438,0.202200742,-1.13637409,-0.00328445829,0.187893408,-0.522608029,1.08106356,14.6124418,0,13.6318529,15.4362122,-18.6352491,58.9757533,3.7141224,-9.3180574,-10.9008188,-0.920302357,-15.1025164,34.3517193,73.9311424,6.95594747,-8.20338931,12.2249774,-1.70163053,-0.357780837,2.96662458,8.19487463,-5.27723894,0.341419706,-1.83477365,2.42649002,-10.3056285,6.92474204,-4.44596351,-3.15719497
1227,-2.52792463,0.546009047,106.368363,0.203816182,-1.13542304,0.00422996266,0.185863695,-0.531928142,1.06879376,14.6235306,0,13.6435385,15.4656042,-18.6135786,58.9480023,3.67502426,-9.33175364,-10.9184143,-0.911534422,-15.0919467,34.3215674,73.9149207,6.91803864,-8.19593074,12.2426616,-1.70337255,-0.358398195,2.95967806,8.20158016,-5.27051291,0.330982883,-1.8276122,2.42497692,-10.3118337,6.91767493,-4.4438342,-3.17306064
1228,-2.52710711,0.545897288,106.370294,0.204680576,-1.13552581,0.0158852635,0.195533148,-0.527531955,1.06288298,14.6160977,0,13.6339079,15.4870885,-18.6340675,58.9374155,3.63398251,-9.33371049,-10.9215673,-0.902480045,-15.0869163,34.2730184,73.9066766,6.87625922,-8.20521724,12.2183999,-1.70401384,-0.359180465,2.95068185,8.20146917,-5.26568866,0.321411067,-1.82582482,2.42345165,-10.321273,6.92001854,-4.44162378,-3.16603473
1229,-2.5293801,0.545766484,106.369591,0.203450393,-1.13652019,0.0282025507,0.192951323,-0.520423222,1.06551826,14.6309858,0,13.6164782,15.5085422,-18.650173,58.9240761,3.56420914,-9.34030503,-10.9265866,-0.917636449,-15.0797343,34.2670625,73.9117924,6.86034744,-8.20408172,12.2263178,-1.70984789,-0.359355809,2.94615514,8.21027329,-5.27271565,0.334811498,-1.82292327,2.42165019,-10.3157201,6.91605575,-4.44153114,-3.15770168
1230,-2.52660923,0.543680042,106.372511,0.208735889,-1.13709417,0.0377252225,0.197176822,-0.52758078,1.0578359,14.630395,0,13.6136624,15.5216595,-18.6354591,58.9217129,3.57040732,-9.33783507,-10.9150137,-0.913591696,-15.0708944,34.2454142,73.9123662,6.81195128,-8.2180247,12.1833943,-1.70930628,-0.365246447,2.93198997,8.20984811,-5.2655273,0.332795471,-1.82132309,2.41665711,-10.3366503,6.92263834,-4.44999759,-3.1553252
1231,-2.52718516,0.543527724,106.376016,0.20910087,-1.13732132,0.0461907672,0.207488114,-0.522936412,1.05509144,14.6272206,0,13.5829821,15.5390116,-18.6725983,58.9327505,3.55924957,-9.33097756,-10.896474,-0.928402214,-15.0758001,34.285405,73.9206512,6.85302207,-8.22321735,12.1798016,-1.71633839,-0.367055727,2.93308216,8.21712994,-5.26632942,0.34738809,-1.81631784,2.41362685,-10.3291585,6.91214248,-4.44666787,-3.15154469
1232,-2.53073871,0.546911126,106.375301,0.202436799,-1.14125783,0.0557457621,0.202131751,-0.509803025,1.06396685,14.626903,0,13.5652176,15.5372426,-18.6623,58.9358855,3.56782295,-9.32254996,-10.8814877,-0.940872966,-15.0769596,34.2885093,73.9245854,6.8500155,-8.23133418,12.1780753,-1.7101307,-0.361173733,2.91411366,8.20958088,-5.26742908,0.345875443,-1.82543935,2.42121882,-10.3544105,6.94064998,-4.46333311,-3.15497259
1233,-2.53299586,0.546690263,106.369793,0.20355485,-1.14127089,0.0605315989,0.210139988,-0.509842939,1.06250903,14.6230747,0,13.5540989,15.5436066,-18.6616665,58.9406325,3.58442266,-9.32066568,-10.8673236,-0.947267303,-15.0784007,34.3044134,73.9263271,6.89532954,-8.24557341,12.1994512,-1.71018652,-0.36346238,2.91560029,8.20824643,-5.27578368,0.344943843,-1.82488055,2.4198468,-10.3566116,6.93816165,-4.47067898,-3.1456052
1234,-2.5323756,0.550451409,106.370902,0.190572562,-1.14160209,0.0628276927,0.220607293,-0.494400095,1.05709664,14.6155171,0,13.545737,15.5498392,-18.6559565,58.9395123,3.5799079,-9.30741938,-10.8813989,-0.955841432,-15.0765498,34.2930514,73.9401036,6.86391579,-8.28241033,12.1727315,-1.7088207,-0.34842081,2.91341826,8.20368045,-5.27403814,0.333456025,-1.82556485,2.43387772,-10.3561855,6.94231057,-4.4634266,-3.1706577
1235,-2.53466927,0.551528018,106.365716,0.189492765,-1.14142544,0.0757708526,0.219319002,-0.49079669,1.05130026,14.6060863,0,13.536045,15.5457172,-18.6442274,58.953002,3.59837503,-9.31428201,-10.882619,-0.952479698,-15.0842098,34.30079,73.9253845,6.93139251,-8.26652416,12.2229343,-1.70739308,-0.350126836,2.9010887,8.1977877,-5.28427233,0.350338492,-1.82540391,2.4337155,-10.372298,6.93931766,-4.47081643,-3.16726821
1236,-2.53546499,0.547128217,106.365335,0.196281145,-1.14180432,0.0852680032,0.217193719,-0.501704022,1.04619203,14.6179623,0,13.5386814,15.5459733,-18.6241329,58.9522985,3.60502166,-9.30897581,-10.8812785,-0.961243258,-15.0779021,34.2948306,73.9221948,6.92241892,-8.25602446,12.2114912,-1.71154904,-0.356624534,2.89206111,8.20312379,-5.28240299,0.353432514,-1.82087934,2.4279568,-10.3787516,6.93510429,-4.47864938,-3.16498309
1237,-2.5366677,0.548731722,106.367707,0.190992218,-1.14323514,0.0931595326,0.211988861,-0.495348157,1.04682798,14.6312846,0,13.538468,15.5482956,-18.6048496,58.9456117,3.61598411,-9.31547303,-10.8821938,-0.964478633,-15.0805779,34.2952677,73.9135341,6.91698807,-8.24367633,12.1714389,-1.71099931,-0.351476225,2.88498205,8.20081177,-5.27851106,0.350579256,-1.82209661,2.43226238,-10.3871178,6.94026066,-4.46755075,-3.1619095
1238,-2.5366256,0.548626762,106.371176,0.190122058,-1.14384236,0.0965741891,0.218873505,-0.493240297,1.04199424,14.6379338,0,13.5370029,15.5487429,-18.5984617,58.9404891,3.64166434,-9.31855259,-10.8891179,-0.963525075,-15.0797719,34.2752758,73.9149753,6.92235361,-8.23877054,12.1820163,-1.71122236,-0.350375524,2.88326276,8.20120707,-5.27327017,0.347561593,-1.82266479,2.43260816,-10.3922558,6.94077591,-4.45365345,-3.1815542
1239,-2.5411522,0.54839612,106.373656,0.199450545,-1.14472319,0.100110744,0.221066543,-0.504051792,1.04247438,14.6385929,0,13.5315285,15.5512957,-18.5893297,58.9367393,3.65708733,-9.31762624,-10.8964475,-0.972914984,-15.0742241,34.240534,73.925364,6.88911535,-8.25447913,12.1814938,-1.71571567,-0.360259182,2.87642958,8.20519846,-5.26166056,0.316658055,-1.81933892,2.42256202,-10.3889132,6.934236,-4.45849264,-3.19603078
1240,-2.54457612,0.550199766,106.368852,0.197500538,-1.14478503,0.112419748,0.218597443,-0.498430653,1.04240661,14.6440536,0,13.5237114,15.554663,-18.6012091,58.9363158,3.65801496,-9.3204437,-10.9060764,-0.970218553,-15.0845513,34.2559395,73.9133292,6.91928728,-8.23850502,12.1894271,-1.71485698,-0.358351558,2.86506265,8.19823679,-5.26955284,0.311574794,-1.81991628,2.42511224,-10.4043076,6.93588037,-4.46853942,-3.2069403
1241,-2.54552849,0.547042349,106.370389,0.205369305,-1.1459121,0.114115816,0.231416948,-0.504201203,1.04220885,14.6574716,0,13.5262505,15.5588755,-18.6023276,58.9264462,3.66401998,-9.32098328,-10.9104221,-0.967001427,-15.0942348,34.2416166,73.9080222,6.91734836,-8.24207294,12.2089478,-1.72049402,-0.36664266,2.86578495,8.21006155,-5.25857331,0.314798483,-1.81446579,2.41601699,-10.3976849,6.926018,-4.46008749,-3.20864145
1242,-2.54650991,0.547265587,106.369293,0.203691817,-1.14539795,0.115702788,0.239033329,-0.500762469,1.03307529,14.6688489,0,13.5265416,15.5578766,-18.599242,58.9298886,3.6637092,-9.31945588,-10.928943,-0.954256294,-15.0914191,34.2244797,73.9129263,6.91303467,-8.24989351,12.2432387,-1.71982915,-0.364320796,2.8625786,8.2100846,-5.26772577,0.316738097,-1.81421649,2.41853135,-10.3945208,6.9269563,-4.46761991,-3.2063068
1243,-2.54865736,0.546268467,106.36704,0.208517127,-1.1456421,0.125242507,0.23884155,-0.503221124,1.03195183,14.6757457,0,13.5210408,15.5578151,-18.6044074,58.932006,3.6525824,-9.30861125,-10.9320337,-0.955111455,-15.0990638,34.2417635,73.9042861,6.90892631,-8.23503955,12.2402719,-1.72007525,-0.371060459,2.85566239,8.20606248,-5.26318753,0.319734976,-1.8141531,2.41212207,-10.4087234,6.92723805,-4.46876823,-3.20917548
1244,-2.54981406,0.548283942,106.371439,0.201754582,-1.14707418,0.125161354,0.243289577,-0.494625918,1.0269199,14.676842,0,13.5072523,15.5481163,-18.597444,58.9643742,3.64288652,-9.32316211,-10.9275232,-0.951670001,-15.0987428,34.2096172,73.9198111,6.85845463,-8.26379209,12.2456694,-1.72202729,-0.363252885,2.84903625,8.20914887,-5.25410167,0.307601545,-1.81289891,2.41927221,-10.4076365,6.92434802,-4.45328291,-3.21591688
1245,-2.54989397,0.547593134,106.364942,0.209618638,-1.14627718,0.119513652,0.259996033,-0.50083456,1.02194379,14.6790618,0,13.5086201,15.5589421,-18.6208749,58.9539923,3.62584007,-9.28842889,-10.9176305,-0.946690793,-15.1049787,34.2188004,73.9200023,6.85788986,-8.26860823,12.2449941,-1.72266122,-0.372108839,2.8556594,8.2107292,-5.25818314,0.313466036,-1.81099222,2.41218013,-10.3957981,6.9171823,-4.46891337,-3.22299615
1246,-2.55214535,0.542372232,106.371212,0.229140971,-1.1485775,0.114897352,0.269866244,-0.521176624,1.02042706,14.6684186,0,13.5066171,15.5628285,-18.6101601,58.9610001,3.61413355,-9.28542105,-10.9432796,-0.941730901,-15.1006125,34.2150369,73.9319483,6.8373122,-8.26239275,12.2414774,-1.72898032,-0.394750836,2.85607711,8.22062956,-5.22660205,0.311279388,-1.8084898,2.38944841,-10.3883054,6.91275506,-4.45893959,-3.20686111
1247,-2.55270917,0.541937537,106.377149,0.228822228,-1.14961684,0.123731132,0.268152907,-0.525429751,1.02037711,14.6618821,0,13.5036076,15.5650364,-18.599855,58.9605903,3.60924357,-9.28105997,-10.937421,-0.932068852,-15.1020195,34.2163039,73.9206375,6.85019266,-8.2469386,12.2315489,-1.7269001,-0.394042578,2.84906827,8.21339127,-5.21674993,0.323682771,-1.8105713,2.38991222,-10.4071234,6.91944736,-4.45328377,-3.20060423
1248,-2.5535278,0.544428127,106.378996,0.22184829,-1.15060055,0.118596601,0.279760573,-0.512598974,1.0154565,14.6577857,0,13.5029903,15.553005,-18.5956767,58.9688958,3.60616529,-9.29280107,-10.933865,-0.926711102,-15.1117543,34.2339087,73.923677,6.89573295,-8.24661587,12.2169698,-1.72471978,-0.388932422,2.85116941,8.21309757,-5.21795674,0.339064357,-1.81116041,2.3948545,-10.399156,6.91971929,-4.45051967,-3.17542965
1249,-2.55645476,0.544807501,106.372237,0.21991085,-1.15104841,0.120035075,0.28067315,-0.508368259,1.01084761,14.6492292,0,13.5067529,15.5465795,-18.5929668,58.964183,3.59206649,-9.2914282,-10.9302083,-0.918089909,-15.1081496,34.2263033,73.9282327,6.96841512,-8.24279609,12.2090536,-1.72402448,-0.387797197,2.85123301,8.20942464,-5.22528468,0.338415143,-1.81148378,2.39616035,-10.3976738,6.9187383,-4.45469975,-3.16220491
1250,-2.55835447,0.546668284,106.367803,0.210326067,-1.15183261,0.121203051,0.283242876,-0.494869724,1.01098368,14.6430599,0,13.5054782,15.5397407,-18.6004185,58.9572982,3.5652802,-9.27711127,-10.930724,-0.912699076,-15.109642,34.2214129,73.9329455,6.94648296,-8.2507174,12.1674962,-1.72243358,-0.37870328,2.85187697,8.20605479,-5.23275392,0.355936312,-1.81338705,2.40573947,-10.3962062,6.92032291,-4.45366241,-3.16416155
1251,-2.56293807,0.550583005,106.371295,0.204598709,-1.15508512,0.121315551,0.279642272,-0.484724331,1.0128955,14.6356508,0,13.4972196,15.5319424,-18.5956049,58.9639371,3.55574355,-9.29240748,-10.9531261,-0.908278022,-15.1063687,34.2062226,73.9495429,6.95756708,-8.26713888,12.1615633,-1.71986863,-0.373494941,2.84854448,8.20096545,-5.22518137,0.356771783,-1.81915557,2.41066874,-10.403488,6.9345805,-4.44370186,-3.16994949
1252,-2.56568082,0.552477781,106.372464,0.206011794,-1.15715476,0.123524373,0.279794564,-0.477433371,1.01367147,14.6211452,0,13.5030945,15.5286793,-18.6001214,58.9494161,3.55265737,-9.28197095,-10.975775,-0.908602776,-15.1138904,34.217769,73.9579509,6.96670587,-8.27234263,12.159866,-1.71781115,-0.375844446,2.84803371,8.1979576,-5.22379399,0.346170182,-1.82211283,2.40682505,-10.4045894,6.94238442,-4.44730735,-3.15253443
1253,-2.57309899,0.553657953,106.37188,0.21284363,-1.15908021,0.118052708,0.282669193,-0.475229408,1.01931438,14.6125579,0,13.4933401,15.5199264,-18.6057973,58.9475856,3.55425521,-9.28477047,-10.9825182,-0.913155204,-15.1207001,34.2356334,73.9662769,6.98340269,-8.27702473,12.1325803,-1.72151962,-0.386731661,2.86085782,8.20083226,-5.22381149,0.372610111,-1.82186609,2.39672256,-10.3999312,6.93567547,-4.4407017,-3.13800768
1254,-2.5746353,0.554473605,106.372166,0.211047023,-1.16093366,0.111501871,0.285476561,-0.473369142,1.01708966,14.6064688,0,13.4876582,15.5319014,-18.6368593,58.9469094,3.53531573,-9.27927729,-10.9763821,-0.913364806,-15.1186357,34.2410087,73.9743023,6.98500266,-8.26230396,12.1275319,-1.72368073,-0.384465719,2.86528058,8.205061,-5.2229368,0.361227067,-1.8226998,2.39864184,-10.3931283,6.9309763,-4.44430591,-3.14668331
1255,-2.57740691,0.554141449,106.371415,0.220002864,-1.16558957,0.106219169,0.292321531,-0.479272026,1.02051916,14.5947841,0,13.4864646,15.5311313,-18.6381365,58.9512808,3.53457252,-9.2824004,-10.9784286,-0.914037473,-15.1206847,34.2518551,73.9760372,6.96236528,-8.26934333,12.1040702,-1.72584857,-0.395154004,2.87708998,8.21665781,-5.22248302,0.370620819,-1.82376403,2.38844138,-10.3950655,6.94343499,-4.44807447,-3.13292154
1256,-2.58211996,0.558521738,106.37095,0.208698312,-1.16777528,0.110088056,0.28084129,-0.464353826,1.02050433,14.5926616,0,13.4884283,15.5249688,-18.6204481,58.9515335,3.54699344,-9.287751,-10.9663451,-0.906316584,-15.125722,34.2471217,73.9668028,6.99270456,-8.25664344,12.1290994,-1.72496502,-0.383257843,2.87149498,8.21369265,-5.22669725,0.363385327,-1.82730207,2.40012762,-10.4004716,6.94848463,-4.44805184,-3.15877423
1257,-2.58730687,0.556445308,106.368828,0.214777354,-1.16904442,0.104161262,0.290955947,-0.477845957,1.0222298,14.5816684,0,13.475322,15.531688,-18.6228369,58.965993,3.54773558,-9.29787846,-10.9403673,-0.892367097,-15.1226552,34.2304595,73.946442,6.99334318,-8.24120209,12.1401618,-1.73158155,-0.389888622,2.88109183,8.22804886,-5.23037787,0.379961903,-1.82214378,2.39470701,-10.3886452,6.93702187,-4.45247183,-3.16557689
1258,-2.58941781,0.559359603,106.369102,0.208298501,-1.17162186,0.107046041,0.282942721,-0.46371611,1.02252158,14.577654,0,13.4789216,15.5222811,-18.6073768,58.9598868,3.54600925,-9.29442836,-10.9190341,-0.878974963,-15.1325437,34.2240289,73.9286835,6.96475158,-8.24619752,12.1150241,-1.72790606,-0.382807904,2.87367659,8.22185814,-5.22853542,0.375077597,-1.82705042,2.4015912,-10.4006979,6.95070359,-4.45571617,-3.17083528
1259,-2.59266254,0.55936221,106.370461,0.205061425,-1.17362919,0.0995100397,0.282522424,-0.469021887,1.0185923,14.5787519,0,13.4784622,15.5299872,-18.5966209,58.9681172,3.55677832,-9.29212061,-10.9010553,-0.869953777,-15.1188628,34.220443,73.9252069,6.99177864,-8.22732571,12.1281483,-1.72972492,-0.378403419,2.87410027,8.2263174,-5.22424521,0.372365852,-1.82725041,2.40518239,-10.3933742,6.94508149,-4.43734893,-3.18403163
1260,-2.59387717,0.559592061,106.370986,0.204483894,-1.17417379,0.0988718295,0.282529067,-0.469210624,1.01324608,14.5745565,0,13.4755184,15.5348145,-18.5975362,58.9697564,3.56520976,-9.28988799,-10.8790459,-0.863520913,-15.123048,34.2312279,73.9246332,6.99338843,-8.24198842,12.1152794,-1.73068477,-0.377755431,2.88066409,8.22626276,-5.22221536,0.36847774,-1.82753664,2.40728929,-10.3904816,6.94669213,-4.44274735,-3.19843458
1261,-2.59496924,0.561787887,106.370139,0.204604492,-1.17368152,0.097362461,0.281884442,-0.472561152,1.00930015,14.5731358,0,13.4809774,15.5356239,-18.5646454,58.9666077,3.57174818,-9.29730216,-10.8734691,-0.844007863,-15.1218442,34.2066051,73.9082407,7.02599234,-8.22145516,12.173424,-1.73130792,-0.377873679,2.87913818,8.22507858,-5.2207648,0.361568523,-1.82473349,2.4062718,-10.3804805,6.93664407,-4.43788254,-3.19990414
1262,-2.59977132,0.560161937,106.373727,0.213401052,-1.17459714,0.0928886838,0.28947553,-0.477204507,1.00558538,14.5710201,0,13.4787653,15.5354172,-18.5657553,58.9628101,3.5685192,-9.29277289,-10.8643098,-0.837427883,-15.1248973,34.201619,73.9198043,6.98802075,-8.23146566,12.1670019,-1.7339114,-0.386986966,2.88714337,8.23021061,-5.21364433,0.349314791,-1.82368569,2.39420072,-10.366529,6.93135238,-4.43106089,-3.17309586
1263,-2.60418225,0.558778271,106.37188,0.218661085,-1.17540831,0.0992454398,0.283028872,-0.483161605,1.0020689,14.5610003,0,13.469641,15.5445526,-18.5698346,58.971423,3.55865321,-9.30682345,-10.8803769,-0.824244817,-15.126586,34.2020562,73.9224475,7.0060866,-8.23469975,12.1979887,-1.7314886,-0.392925468,2.87457689,8.2200396,-5.20478771,0.341805371,-1.82715564,2.38990667,-10.3803883,6.93929717,-4.44737907,-3.19796479
1264,-2.60536615,0.560617307,106.370962,0.207820007,-1.17594937,0.0962411048,0.289940196,-0.46877712,0.999365425,14.5493736,0,13.4651075,15.5478089,-18.5697202,58.9691827,3.576029,-9.31533301,-10.8811385,-0.826648137,-15.1292771,34.2379146,73.9429176,7.03269489,-8.21827656,12.2077098,-1.72885844,-0.381677694,2.87694697,8.2154463,-5.20924441,0.350726959,-1.82884697,2.40117221,-10.3791145,6.94041476,-4.44053394,-3.17697306
1265,-2.60620061,0.55792192,106.369281,0.218292009,-1.17581723,0.09676808,0.285612764,-0.479533761,0.994139156,14.5466193,0,13.4612365,15.555428,-18.5695717,58.9744966,3.57888956,-9.31887275,-10.8745995,-0.828272388,-15.1284643,34.239612,73.9562297,7.02714877,-8.18915007,12.2032386,-1.73091433,-0.392903564,2.87641272,8.2179786,-5.21523363,0.353826317,-1.82805211,2.38972631,-10.3712632,6.93806945,-4.4609434,-3.17434237
1266,-2.61056945,0.55977595,106.377995,0.215830195,-1.17747413,0.0928595331,0.282071151,-0.478607737,0.993084319,14.5448708,0,13.4510168,15.5624665,-18.5562665,58.9932318,3.60321336,-9.32882946,-10.888901,-0.830897528,-15.1236234,34.2211465,73.9799714,7.0158256,-8.1947662,12.2297192,-1.73132275,-0.388409326,2.87230201,8.22147309,-5.19485149,0.331866245,-1.82998228,2.39124389,-10.3623984,6.93982779,-4.43565291,-3.204176
1267,-2.61638016,0.560565339,106.378913,0.220225575,-1.17968106,0.0901048854,0.28332329,-0.479285687,0.990517769,14.5376478,0,13.4509502,15.5668344,-18.5585478,58.9955404,3.60282233,-9.33135578,-10.8732573,-0.824229289,-15.1304604,34.2312347,73.9793498,7.02160309,-8.18936181,12.2066025,-1.73102863,-0.393692451,2.8762584,8.22184448,-5.19200842,0.334913897,-1.83173678,2.38538039,-10.3614892,6.94268537,-4.43979756,-3.1937194
1268,-2.61861179,0.55895783,106.374168,0.227349853,-1.18049494,0.083384198,0.285949311,-0.487604003,0.99221443,14.5301841,0,13.4386926,15.57187,-18.5533858,59.0042762,3.61061174,-9.33389319,-10.8752586,-0.830487984,-15.1316796,34.2345303,73.9940143,7.02364873,-8.20259616,12.2090323,-1.73190289,-0.401049018,2.87813777,8.22142272,-5.19250532,0.338214879,-1.83077436,2.37921956,-10.3508358,6.93849335,-4.44897947,-3.18048869
1269,-2.62466948,0.55881259,106.370091,0.226664477,-1.18277795,0.0790681668,0.285676798,-0.488637976,0.993486873,14.5204477,0,13.4330637,15.5744603,-18.5430364,59.0056354,3.60344388,-9.33491345,-10.875729,-0.834137173,-15.1269395,34.2344142,74.0027774,6.9995198,-8.22318918,12.166207,-1.7331954,-0.401954552,2.88475622,8.22223124,-5.19729585,0.348807542,-1.83263666,2.37784093,-10.3527525,6.93530066,-4.43348475,-3.15904958
1270,-2.62777749,0.560293812,106.374645,0.216532057,-1.18387131,0.0756369556,0.279086545,-0.479695658,0.9905532,14.5247166,0,13.4383246,15.575128,-18.522609,59.0017422,3.60471942,-9.34091548,-10.8468347,-0.82894116,-15.1267346,34.2298755,73.9971015,7.05507784,-8.2160448,12.2081691,-1.73134164,-0.391329018,2.88803877,8.21943513,-5.19963092,0.363013162,-1.83532861,2.38934638,-10.3528951,6.93974925,-4.42968973,-3.16179873
1271,-2.63255835,0.56177387,106.37604,0.212148813,-1.18584071,0.0683150041,0.275433648,-0.477291538,0.987421772,14.5288728,0,13.4460547,15.5723839,-18.4873174,59.0006152,3.61796785,-9.34671602,-10.8255647,-0.822918213,-15.1173465,34.2001642,74.0029686,7.00541853,-8.25338971,12.1759733,-1.72755665,-0.387684792,2.89325319,8.21563413,-5.20108404,0.379538298,-1.83901691,2.39397917,-10.3547563,6.94497306,-4.42324758,-3.15887754
1272,-2.63648666,0.561772054,106.375742,0.212138731,-1.18736214,0.0679604299,0.271781231,-0.478721822,0.985117223,14.5330579,0,13.448663,15.5736526,-18.4814588,58.9900557,3.62164079,-9.33928051,-10.8048538,-0.816335779,-15.1178963,34.2066768,73.9892946,7.01548409,-8.24606946,12.1582515,-1.72886314,-0.388118243,2.90313946,8.21285339,-5.20049536,0.38116495,-1.8406617,2.39417959,-10.3541211,6.94284332,-4.42368984,-3.16853244
1273,-2.64103767,0.560710952,106.36909,0.217922273,-1.18930446,0.0518896789,0.280067771,-0.488414288,0.984331325,14.5415171,0,13.4541502,15.5779181,-18.4788138,58.9683562,3.59614881,-9.31314649,-10.8031275,-0.82600215,-15.1123041,34.193918,74.0051611,7.04217562,-8.24183218,12.1999046,-1.7328889,-0.393957974,2.91572003,8.22409418,-5.20771658,0.379434884,-1.83871147,2.389623,-10.338001,6.93031206,-4.41840583,-3.17149397
1274,-2.64535509,0.561738713,106.369972,0.215592208,-1.19188357,0.0501811989,0.27755797,-0.487855013,0.984757144,14.5447325,0,13.4508529,15.5783877,-18.4762815,58.9656447,3.60909501,-9.3157599,-10.8088597,-0.821752492,-15.1063857,34.1856739,74.0092797,7.02539598,-8.23444106,12.1758393,-1.732057,-0.39162341,2.9169341,8.22162165,-5.19766254,0.383727098,-1.84180384,2.39109427,-10.3428223,6.93612925,-4.40143196,-3.16034326
1275,-2.64778323,0.564933708,106.373668,0.20821254,-1.19256828,0.0504186241,0.27261873,-0.4815357,0.98439237,14.5427432,0,13.4484623,15.5856926,-18.4791314,58.9626735,3.59829605,-9.3182939,-10.8236761,-0.819248908,-15.1024652,34.1650639,74.0100515,7.01508239,-8.23527007,12.1718274,-1.73159127,-0.384091793,2.91891848,8.21848915,-5.20060891,0.386704927,-1.84303135,2.39845764,-10.3359511,6.936373,-4.4025218,-3.1590182
1276,-2.65253726,0.565932645,106.372786,0.204280063,-1.19350844,0.0518046448,0.270352681,-0.476617697,0.984515847,14.5503998,0,13.442497,15.5901219,-18.493246,58.9560687,3.59078455,-9.31327456,-10.8291036,-0.820896691,-15.1013963,34.1520831,74.0146619,6.99516471,-8.25264181,12.1335382,-1.73212477,-0.380303972,2.91847153,8.21580233,-5.19986357,0.388523545,-1.8441547,2.40256344,-10.3352194,6.93768098,-4.40472667,-3.17633529
1277,-2.65921392,0.570172817,106.368506,0.201164175,-1.19542973,0.0479522473,0.27537319,-0.465666343,0.994667856,14.530775,0,13.4138384,15.5812154,-18.5140132,58.9675571,3.58408969,-9.30533532,-10.8437868,-0.83475904,-15.1060801,34.1605935,74.0305558,7.0330428,-8.23678894,12.1537078,-1.73204281,-0.378542477,2.91353629,8.2118946,-5.20438302,0.390245259,-1.84730833,2.40598707,-10.3376194,6.93954007,-4.40839064,-3.17342712
1278,-2.66011804,0.5715915,106.366062,0.207206917,-1.19702448,0.0387708987,0.28789829,-0.474547296,0.994968277,14.5180742,0,13.4053655,15.593578,-18.5535925,58.9675639,3.56602362,-9.29669257,-10.8401505,-0.828626597,-15.1003478,34.1595007,74.0367644,7.07088248,-8.22135869,12.1631676,-1.73434671,-0.384662674,2.92096882,8.21669196,-5.20237494,0.36952444,-1.84441532,2.39817355,-10.3233093,6.93135964,-4.40204881,-3.16805433
1279,-2.66905967,0.574060436,106.367493,0.205197843,-1.19973793,0.036576443,0.290953279,-0.466065108,1.00787851,14.5109059,0,13.3781882,15.5928386,-18.5785517,58.9735745,3.5638909,-9.27512966,-10.8446209,-0.8424382,-15.097947,34.1629397,74.0557865,7.06933544,-8.22152346,12.1381776,-1.73561265,-0.383663012,2.92446523,8.21417333,-5.19387093,0.36412088,-1.84750705,2.3996367,-10.3277421,6.93251095,-4.38618057,-3.1869287
1280,-2.6777951,0.576348323,106.36847,0.21026373,-1.2014277,0.0275295357,0.29287515,-0.471085244,1.01714665,14.4966906,0,13.3599636,15.59547,-18.5843488,58.9856844,3.56030974,-9.28594185,-10.8359081,-0.852829533,-15.0994514,34.194502,74.0591265,7.09925679,-8.22106243,12.1441446,-1.73730963,-0.390261561,2.93343306,8.21309416,-5.18785225,0.357197122,-1.84865452,2.39413541,-10.3214882,6.925586,-4.38438893,-3.19669929
1281,-2.68386975,0.580227003,106.370258,0.210026526,-1.20294213,0.0246382503,0.286547273,-0.465687794,1.0251988,14.4855454,0,13.3488022,15.5868537,-18.575058,58.9856844,3.54980513,-9.27602527,-10.8352123,-0.863757302,-15.1022313,34.2289671,74.0589147,7.114334,-8.222402,12.143687,-1.73535993,-0.392919892,2.93916978,8.20576963,-5.18340922,0.362470855,-1.85193002,2.39248272,-10.3264136,6.92810335,-4.39339581,-3.18245621
1282,-2.68874336,0.581145007,106.372595,0.203074021,-1.20414354,0.0083205169,0.300392974,-0.458604247,1.02948058,14.4597,0,13.3383537,15.5795522,-18.5541355,58.9889561,3.53756287,-9.28309964,-10.8376823,-0.875159395,-15.094397,34.2618715,74.0759219,7.10742868,-8.22454753,12.1352688,-1.73485962,-0.385709427,2.95697011,8.20542898,-5.18012945,0.359760845,-1.85221518,2.40216067,-10.3158353,6.91911354,-4.37334366,-3.19677036
1283,-2.69669332,0.585348532,106.36934,0.205399141,-1.20492879,0.00433408687,0.303322831,-0.451979337,1.0370321,14.4378468,0,13.3272077,15.5606838,-18.5367116,58.9947413,3.53420497,-9.28863465,-10.8016155,-0.871862655,-15.1021988,34.2650954,74.060192,7.09900236,-8.23121294,12.1462441,-1.73317406,-0.391311516,2.95407773,8.19655058,-5.17783536,0.373153725,-1.8546606,2.39847258,-10.315843,6.91709009,-4.38199409,-3.19665681
1284,-2.70311199,0.58872886,106.371057,0.201034629,-1.20568347,-0.00866472488,0.313404804,-0.443254544,1.04611828,14.4317065,0,13.3172663,15.5513026,-18.505052,58.9980402,3.53276978,-9.30436714,-10.8060355,-0.877964522,-15.0980785,34.2893562,74.0703143,7.12301219,-8.27576797,12.1680819,-1.73265112,-0.388854115,2.97403149,8.19540994,-5.17399978,0.382472558,-1.85539378,2.40121405,-10.2979676,6.90967251,-4.37215094,-3.18821512
1285,-2.70801671,0.591780571,106.370342,0.20456879,-1.20615742,-0.018443574,0.328163029,-0.443229945,1.04528756,14.4038137,0,13.3105369,15.5493969,-18.4898036,58.9960458,3.52463417,-9.31488649,-10.8269956,-0.872047977,-15.0970523,34.3114143,74.0629718,7.13302012,-8.30051631,12.1732139,-1.73416763,-0.394034494,2.98042562,8.19678025,-5.17950704,0.380650658,-1.85256032,2.39452366,-10.2836634,6.89247409,-4.36960712,-3.17324933
1286,-2.71470845,0.596791878,106.373322,0.201393741,-1.20902765,-0.0230342948,0.332038948,-0.432294785,1.0461646,14.3924022,0,13.3080251,15.5457291,-18.4956725,58.9773174,3.53798954,-9.29808166,-10.8186406,-0.881115854,-15.0958587,34.3596081,74.0738592,7.15959084,-8.28854469,12.1895347,-1.73055628,-0.392968691,2.97859299,8.18606454,-5.16767289,0.38406698,-1.86018559,2.39681605,-10.2868216,6.90504335,-4.36420444,-3.17252597
1287,-2.72007585,0.59598526,106.371331,0.211907533,-1.21039386,-0.0299148327,0.339967623,-0.441951953,1.05063773,14.3743226,0,13.2987224,15.5494191,-18.5009283,58.9624823,3.54589868,-9.29669598,-10.8234379,-0.884492796,-15.0929712,34.3899956,74.0681765,7.17233725,-8.28448415,12.1882403,-1.73311675,-0.406942991,2.98858641,8.1853098,-5.16361704,0.399593387,-1.86078963,2.38352108,-10.2797446,6.89714253,-4.36276071,-3.15879729
1288,-2.72637568,0.598708307,106.371903,0.211561382,-1.21181336,-0.0394086841,0.348100111,-0.437873423,1.05896213,14.3589991,0,13.2839564,15.5560205,-18.5140252,58.9494639,3.53266477,-9.29575683,-10.8303219,-0.890872726,-15.0899164,34.4086865,74.0685999,7.19540365,-8.29262146,12.1984694,-1.73424608,-0.406394201,2.99527103,8.18473948,-5.16190607,0.387576443,-1.86043702,2.38260733,-10.2701695,6.89168051,-4.35289919,-3.15313677
1289,-2.7348537,0.602482306,106.372392,0.211691718,-1.21212446,-0.0415686311,0.354131755,-0.432813666,1.06006606,14.3359438,0,13.2761828,15.5554553,-18.5101866,58.9420327,3.53684185,-9.30136613,-10.8432549,-0.888548007,-15.0881782,34.4005688,74.0699113,7.17513336,-8.31907564,12.2002043,-1.73279658,-0.408247477,2.99394107,8.17833362,-5.16238888,0.382623969,-1.86050212,2.38183829,-10.2678797,6.88620142,-4.35838426,-3.15629125
1290,-2.74197012,0.605082326,106.375277,0.212769017,-1.21451188,-0.0392899104,0.35335933,-0.431122741,1.06613116,14.3147002,0,13.2646645,15.5475801,-18.5131424,58.9393757,3.51830856,-9.31304233,-10.8248048,-0.885252761,-15.0856151,34.3868879,74.0582932,7.15297537,-8.31976037,12.2094378,-1.73391534,-0.410370278,2.99065404,8.17793063,-5.14804677,0.374954467,-1.86191981,2.37732781,-10.2657496,6.8851675,-4.34335187,-3.1431743
1291,-2.74881069,0.60766777,106.377351,0.199828958,-1.21751888,-0.0329567576,0.34468008,-0.41866541,1.07622063,14.3095289,0,13.2531445,15.5488471,-18.5144111,58.9369579,3.50083075,-9.32154763,-10.8221427,-0.904207763,-15.0820446,34.4267284,74.0630538,7.17526569,-8.33388691,12.197409,-1.73356348,-0.398410217,2.99298228,8.16972843,-5.13716542,0.398300721,-1.8658873,2.38890455,-10.2734779,6.88693865,-4.31264718,-3.12588901
1292,-2.7551489,0.604997715,106.369972,0.211121341,-1.21841639,-0.0325532288,0.340515346,-0.427389749,1.0825122,14.3005327,0,13.2463178,15.5490742,-18.5294085,58.9327641,3.47551465,-9.32197025,-10.8099449,-0.91916449,-15.0786979,34.4370454,74.0682243,7.17984448,-8.32008736,12.2099902,-1.74219215,-0.4113161,2.98874116,8.1786239,-5.14675458,0.391718846,-1.86005069,2.37823622,-10.2688368,6.8734025,-4.33801024,-3.13883136
1293,-2.76079942,0.607409747,106.372964,0.200855999,-1.21973721,-0.0219985729,0.32961383,-0.422792205,1.08504385,14.2905179,0,13.2386449,15.559953,-18.537393,58.9405847,3.48629376,-9.31582734,-10.7949791,-0.914617825,-15.0747876,34.4427759,74.0486216,7.18140518,-8.31600632,12.1752118,-1.74148053,-0.401107475,2.97907025,8.17468459,-5.14595929,0.405703979,-1.8608272,2.389461,-10.2856203,6.87109475,-4.32160498,-3.15650981
1294,-2.76660416,0.608708756,106.376886,0.211054757,-1.22114873,-0.0188179978,0.324143676,-0.437477298,1.08482497,14.2735313,0,13.225974,15.5634876,-18.5408781,58.9648865,3.50160619,-9.31356655,-10.8002349,-0.912475173,-15.0697964,34.4383875,74.0469072,7.17484222,-8.33775023,12.156772,-1.74659452,-0.413765229,2.97717018,8.17846595,-5.1301585,0.386344741,-1.85589879,2.37764776,-10.2892548,6.8599974,-4.31977235,-3.16796041
1295,-2.77054477,0.612261938,106.375694,0.205164505,-1.22275571,-0.00864330426,0.315006697,-0.435614498,1.08658705,14.2731189,0,13.2180468,15.5690815,-18.540738,58.9774609,3.51012813,-9.29535897,-10.8148626,-0.912938879,-15.0730442,34.4320969,74.0351525,7.16641206,-8.33824542,12.1576744,-1.74825084,-0.408722389,2.96997329,8.17403316,-5.1298426,0.385692912,-1.85645225,2.38456866,-10.3035777,6.86074616,-4.31593122,-3.17465677
1296,-2.77689584,0.615198119,106.37219,0.201167903,-1.2261412,0.00259832934,0.301489593,-0.430982242,1.09881458,14.2767542,0,13.2031851,15.5721244,-18.5518047,58.9856025,3.51651115,-9.2855346,-10.8040248,-0.920986123,-15.0728136,34.4342484,74.0323999,7.18447364,-8.33151854,12.1527003,-1.75154214,-0.406560714,2.95954551,8.17665083,-5.12468795,0.395293463,-1.85771434,2.38468371,-10.3085603,6.86379114,-4.30314682,-3.16599225
1297,-2.78207306,0.614933344,106.367886,0.207443044,-1.22747726,0.00930075975,0.289844627,-0.43756393,1.09744203,14.2676573,0,13.2008637,15.579863,-18.5628935,58.99121,3.50753543,-9.30538142,-10.8104981,-0.919846122,-15.0738723,34.417716,74.0301938,7.17351973,-8.33021995,12.1418617,-1.75316453,-0.416265265,2.95696797,8.17403316,-5.12021161,0.398588416,-1.85758435,2.37777903,-10.3184923,6.86033976,-4.31029632,-3.1661995
1298,-2.78485809,0.618607504,106.3694,0.204854978,-1.22821424,0.0120059863,0.285656734,-0.436697243,1.09097843,14.2616937,0,13.2029486,15.5882658,-18.5714927,59.0022476,3.50145977,-9.32888325,-10.8156404,-0.912523945,-15.0764405,34.4077371,74.0278783,7.17913244,-8.35009238,12.1266107,-1.75152816,-0.415397351,2.95928895,8.17183298,-5.12174157,0.406220405,-1.85563903,2.37854059,-10.3145017,6.85735667,-4.31398163,-3.17082077
1299,-2.79062185,0.621831138,106.373441,0.205454899,-1.23078681,0.0173282963,0.273079581,-0.433705059,1.09261906,14.2636249,0,13.204091,15.5870022,-18.5712434,58.9994131,3.49482104,-9.33336385,-10.8156242,-0.902381114,-15.0845018,34.395091,74.0178516,7.17019769,-8.32941484,12.1390186,-1.74985359,-0.418537104,2.9520592,8.1647774,-5.11206874,0.402376236,-1.85950491,2.3758749,-10.3272853,6.86647071,-4.32006349,-3.18355416
1300,-2.79480405,0.624012155,106.373465,0.203703478,-1.23352209,0.0195628875,0.267624074,-0.431418894,1.09256859,14.2655322,0,13.2097891,15.5835325,-18.5702564,58.9962371,3.49027277,-9.33929844,-10.8067262,-0.920734366,-15.0836566,34.415725,74.0461696,7.17249008,-8.33847167,12.1342264,-1.75489769,-0.417380294,2.95569371,8.17223938,-5.11109971,0.392436203,-1.85874463,2.37526637,-10.3192735,6.8646923,-4.3078033,-3.18369034
1301,-2.79905908,0.625339895,106.371653,0.206758146,-1.23552433,0.022031291,0.260323802,-0.431579216,1.09389994,14.2699778,0,13.2184642,15.5856772,-18.572524,58.9865724,3.4695901,-9.34382002,-10.8245649,-0.92622936,-15.0909922,34.4303347,74.053635,7.17722596,-8.33078429,12.13323,-1.75732304,-0.423872575,2.95761022,8.17238964,-5.1054059,0.388086013,-1.85982081,2.36791197,-10.3132271,6.86138947,-4.3035101,-3.15314509
1302,-2.80228462,0.626074569,106.372464,0.207318635,-1.23638767,0.0262596713,0.24593246,-0.433853082,1.09054589,14.278122,0,13.2295795,15.5834984,-18.5489428,58.9845165,3.45572695,-9.35744454,-10.8308649,-0.930746677,-15.091904,34.4330771,74.069481,7.17099853,-8.31785304,12.1412247,-1.75758846,-0.425189121,2.94713228,8.16920848,-5.10660118,0.397078544,-1.86014546,2.36622683,-10.3190413,6.86475932,-4.31336691,-3.13954725
1303,-2.80871782,0.62797945,106.378043,0.208247266,-1.2395887,0.0317514567,0.234645146,-0.436241274,1.09494133,14.2967215,0,13.2290416,15.5886961,-18.5490692,58.989885,3.4519537,-9.36828832,-10.845584,-0.932740772,-15.0994463,34.4445825,74.0689688,7.15243792,-8.32355966,12.1061142,-1.75805281,-0.427859405,2.94032515,8.16878843,-5.09884422,0.386482599,-1.86283378,2.36237973,-10.3287521,6.87113445,-4.31192788,-3.13598168
1304,-2.81473529,0.628898246,106.37821,0.202252846,-1.24266946,0.0423748254,0.230955136,-0.427620455,1.10201282,14.2976077,0,13.2196032,15.5895875,-18.5654206,58.9970635,3.44939153,-9.37469333,-10.8506614,-0.935193877,-15.1060613,34.4446884,74.0730191,7.18666101,-8.30446501,12.1263383,-1.76214153,-0.422689619,2.92976247,8.17288142,-5.10214192,0.399929294,-1.86379107,2.36693653,-10.3282987,6.87105462,-4.31210845,-3.13573024
1305,-2.81826947,0.628166273,106.372273,0.206505478,-1.24633527,0.0562277661,0.215236243,-0.429489419,1.10941173,14.2904044,0,13.2172135,15.6002613,-18.5750529,59.0003147,3.46499616,-9.38131947,-10.8687503,-0.936548816,-15.1207274,34.4645813,74.0702597,7.21434035,-8.28649393,12.1343348,-1.76445344,-0.429595687,2.914424,8.17389912,-5.09541077,0.411665667,-1.86732292,2.3583894,-10.3336451,6.87981946,-4.3187777,-3.12977923
1306,-2.82284133,0.629472127,106.368613,0.204342194,-1.2477539,0.0574344361,0.212536717,-0.42842631,1.10741325,14.2834273,0,13.2220842,15.6143367,-18.5928114,58.994229,3.4607988,-9.37328631,-10.872617,-0.930827892,-15.1260106,34.469902,74.0743919,7.24028312,-8.28974169,12.1454996,-1.76495311,-0.429125151,2.90949474,8.17200374,-5.09498175,0.430781712,-1.868534,2.36080814,-10.3428274,6.88052211,-4.31826886,-3.10998854
1307,-2.82919798,0.630331086,106.366444,0.204088846,-1.24942467,0.0601925897,0.203680657,-0.43232899,1.10738647,14.2942737,0,13.2281093,15.6165377,-18.5770285,59.0000142,3.47899378,-9.39062987,-10.8824508,-0.92088954,-15.1309283,34.4638573,74.0619473,7.25116788,-8.29326265,12.1281731,-1.7662294,-0.430399568,2.90926657,8.17145647,-5.10110757,0.432880261,-1.86896024,2.36110248,-10.3444359,6.87664043,-4.32678695,-3.13889966
1308,-2.82865409,0.63211876,106.373668,0.19957365,-1.25066177,0.0589086904,0.202001231,-0.436087061,1.09706861,14.2951027,0,13.2441082,15.6286186,-18.5647666,58.9978695,3.48167207,-9.39934519,-10.8916425,-0.890450321,-15.1344885,34.4364648,74.0503428,7.22235302,-8.29838358,12.1533073,-1.76824846,-0.425340772,2.91403938,8.17947938,-5.09322041,0.429332298,-1.86399214,2.36305058,-10.3341949,6.87034471,-4.30620546,-3.11778051
1309,-2.83079501,0.631713774,106.371987,0.203032654,-1.2514327,0.059217292,0.204461099,-0.440541065,1.09325545,14.2889282,0,13.2523949,15.6311048,-18.5521018,58.9943519,3.49106464,-9.40780523,-10.9183033,-0.884088,-15.1448721,34.4626928,74.0579585,7.26277408,-8.28106991,12.1674279,-1.77010574,-0.429393876,2.91676676,8.18035962,-5.09298221,0.419775742,-1.8643234,2.3600724,-10.332863,6.8707908,-4.31841314,-3.12007822
1310,-2.8341718,0.632001227,106.367588,0.199579828,-1.25213514,0.0582383187,0.205220971,-0.44502343,1.08617062,14.3021779,0,13.2599209,15.6331265,-18.5255426,58.9997068,3.50592223,-9.40476836,-10.9188608,-0.863562375,-15.1434122,34.4496061,74.0603354,7.23779522,-8.23831719,12.2047882,-1.77023402,-0.425960585,2.91106803,8.17918141,-5.09651043,0.429245506,-1.86464975,2.36405547,-10.3323926,6.86738681,-4.31019472,-3.12849451
1311,-2.83792187,0.632040203,106.366169,0.208937539,-1.25271233,0.0564433956,0.205899121,-0.456252901,1.08348422,14.3196666,0,13.2679584,15.6252223,-18.4920849,59.0035932,3.51622493,-9.41440746,-10.9314821,-0.861301582,-15.1499248,34.4622249,74.0842752,7.22898599,-8.24796739,12.1774743,-1.77233025,-0.437246913,2.91416552,8.18152246,-5.09573734,0.431043313,-1.86427324,2.35431157,-10.3372412,6.86475761,-4.32029401,-3.13022063
1312,-2.83843372,0.635881629,106.371689,0.206808101,-1.25278106,0.0503284532,0.218544816,-0.45510655,1.07632394,14.3403476,0,13.2743514,15.6128135,-18.4454091,59.0209555,3.54385069,-9.42147415,-10.9252351,-0.838692162,-15.1574021,34.4482093,74.0995339,7.27539627,-8.24857272,12.2307216,-1.77165278,-0.434871581,2.91947407,8.18237282,-5.0901131,0.421514239,-1.86400003,2.35522468,-10.3323934,6.8663943,-4.3119505,-3.12627918
1313,-2.84408219,0.637084199,106.368697,0.214669366,-1.25330431,0.0442030832,0.23563571,-0.463180901,1.07725914,14.3516618,0,13.2686533,15.6090108,-18.4298875,59.0350599,3.53813511,-9.4223339,-10.922106,-0.826653847,-15.1596527,34.4364614,74.1207757,7.26078137,-8.26366658,12.2005355,-1.77335606,-0.443848184,2.92290198,8.18349041,-5.0915944,0.404967866,-1.86433663,2.34691084,-10.3260695,6.86152138,-4.32304401,-3.13332644
1314,-2.84557641,0.636832695,106.371045,0.220667099,-1.25444446,0.0330733979,0.255789811,-0.474408131,1.07305271,14.3806884,0,13.2701773,15.6090416,-18.4224904,59.038755,3.5165643,-9.40018103,-10.9106108,-0.820052522,-15.157356,34.4303723,74.1557805,7.27168491,-8.25934478,12.203388,-1.77539167,-0.449381731,2.92762889,8.18993555,-5.08080441,0.398814799,-1.86426598,2.34025247,-10.3110679,6.85758805,-4.31161796,-3.14747198
1315,-2.84948293,0.638800766,106.370163,0.220271882,-1.25576132,0.0257178647,0.267001433,-0.480338336,1.07523783,14.3871002,0,13.2690725,15.6119922,-18.4043187,59.045551,3.51954525,-9.38041959,-10.8972612,-0.818414504,-15.154612,34.4583488,74.1858128,7.26724529,-8.27253132,12.1426557,-1.77381059,-0.44965131,2.93404137,8.18495463,-5.08001381,0.398962448,-1.86757393,2.34080807,-10.3106222,6.86088831,-4.31564905,-3.15217158
1316,-2.85226759,0.638019526,106.371653,0.22996736,-1.25557346,0.0142737666,0.290458063,-0.491926392,1.07343883,14.4098738,0,13.2598023,15.6083944,-18.4047063,59.0603111,3.49527823,-9.37839615,-10.8718059,-0.807899161,-15.1571716,34.4432165,74.204507,7.28885345,-8.27762834,12.1685224,-1.77558366,-0.459603749,2.94548557,8.18820665,-5.07880444,0.396123758,-1.86586126,2.33114122,-10.2961798,6.85087781,-4.32352938,-3.1676855
1317,-2.8574381,0.640774053,106.373572,0.224902865,-1.25795267,0.0119586935,0.298509656,-0.490894927,1.07973466,14.4256122,0,13.2526092,15.6101583,-18.3894715,59.0693884,3.50558072,-9.37960594,-10.866054,-0.806999497,-15.1555324,34.4347231,74.2203326,7.27292032,-8.27848041,12.1637797,-1.77486062,-0.453735016,2.93795913,8.18722396,-5.07430292,0.393389815,-1.8688008,2.33602181,-10.3038057,6.8570792,-4.3133302,-3.16098017
1318,-2.86110435,0.642070267,106.368685,0.223549852,-1.25853816,0.00577861868,0.315537718,-0.489516136,1.08259779,14.4346178,0,13.239666,15.6124259,-18.3914813,59.0771202,3.49071652,-9.36977645,-10.8641459,-0.805576363,-15.1629568,34.4584478,74.225503,7.30079945,-8.27288563,12.1481753,-1.77498517,-0.45372952,2.94520831,8.18549848,-5.07717288,0.396958668,-1.86963857,2.33748027,-10.2938942,6.85251023,-4.31652331,-3.15246527
1319,-2.86453199,0.643193536,106.368697,0.214912613,-1.26048174,0.00999741545,0.31575535,-0.486842224,1.08012932,14.4324219,0,13.240641,15.6201389,-18.38551,59.0738417,3.46076422,-9.35583859,-10.8482674,-0.803783972,-15.1621406,34.4729107,74.2355093,7.3195099,-8.28162486,12.1430757,-1.7733551,-0.444129396,2.94027968,8.18004287,-5.07560535,0.406864364,-1.87372281,2.34731532,-10.3070423,6.86161914,-4.31437949,-3.1701021
1320,-2.8687695,0.643368531,106.370234,0.212234708,-1.26266217,0.00584845336,0.323591071,-0.488190973,1.08522432,14.4276972,0,13.2311462,15.621662,-18.3712247,59.0801801,3.47879015,-9.35444779,-10.8406833,-0.795465709,-15.17068,34.4909527,74.2175732,7.31545447,-8.29558747,12.1130895,-1.77491953,-0.44104842,2.9455654,8.18314805,-5.07522884,0.409658338,-1.87412899,2.35027706,-10.3016277,6.86129001,-4.31264718,-3.16005212
1321,-2.87064109,0.645047706,106.370997,0.208616277,-1.26326099,0.0110134015,0.322174901,-0.486649804,1.07953221,14.4345034,0,13.2356097,15.6309579,-18.3638447,59.0718473,3.46816622,-9.3408284,-10.8537588,-0.786471897,-15.1787294,34.4835248,74.2069249,7.30624311,-8.31827651,12.1148619,-1.77267667,-0.43852189,2.94417396,8.17585426,-5.08027806,0.425391252,-1.87492151,2.35254639,-10.3067119,6.86327333,-4.3039229,-3.12114971
1322,-2.87276115,0.643712701,106.377149,0.211199526,-1.26547721,0.0186388238,0.318021132,-0.493378395,1.08056122,14.4233002,0,13.2372106,15.645665,-18.3576548,59.062647,3.48080677,-9.33305393,-10.861056,-0.77192813,-15.1871578,34.4915093,74.1820084,7.31979421,-8.33396033,12.1088249,-1.77493234,-0.440739354,2.93812668,8.17828239,-5.06744456,0.419903702,-1.87562779,2.34937483,-10.3145829,6.86469016,-4.28917609,-3.12542455
1323,-2.87815053,0.641818251,106.370747,0.215911286,-1.2664964,0.0193336058,0.32567097,-0.498722271,1.0809976,14.4088715,0,13.2327479,15.6590864,-18.3499504,59.0491437,3.48702395,-9.33058397,-10.8843589,-0.768182678,-15.1961515,34.467508,74.1665107,7.29044659,-8.34508671,12.1302469,-1.77674735,-0.445748657,2.93741719,8.1789065,-5.07562798,0.421377342,-1.87579065,2.34411601,-10.3125526,6.86087209,-4.29807711,-3.13262656
1324,-2.87815128,0.643127272,106.372559,0.207326632,-1.26707829,0.0199640097,0.324474406,-0.491500359,1.07568414,14.4114857,0,13.2326164,15.6695451,-18.3388667,59.0475455,3.47867852,-9.33471965,-10.8954904,-0.762843551,-15.2000601,34.4506136,74.161388,7.27251734,-8.36689038,12.1251328,-1.77506531,-0.437025278,2.94012494,8.17671145,-5.07184405,0.435140226,-1.87661326,2.35249281,-10.313794,6.86363575,-4.27794726,-3.10093107
1325,-2.8795585,0.641262904,106.374872,0.210498819,-1.26681387,0.0198689943,0.325343948,-0.49565733,1.07116544,14.3965173,0,13.2381514,15.6815372,-18.3199573,59.0370953,3.49122366,-9.33701459,-10.9060866,-0.753044738,-15.2101483,34.4472702,74.1432266,7.29861208,-8.37926071,12.1498615,-1.77564417,-0.441077368,2.94008972,8.17575266,-5.06426767,0.436629741,-1.87442183,2.34920109,-10.3108271,6.85726319,-4.27405533,-3.09848138
1326,-2.87993196,0.640348066,106.375551,0.209257061,-1.26716515,0.0245868376,0.31637004,-0.499436719,1.06699412,14.3951206,0,13.2441142,15.6998028,-18.2989767,59.027171,3.49645409,-9.3353207,-10.9205359,-0.751042959,-15.2027016,34.4138979,74.1484107,7.26836544,-8.3856623,12.1537436,-1.77702739,-0.439108299,2.93724495,8.17854108,-5.065089,0.432732878,-1.86935704,2.34992317,-10.3128941,6.84572102,-4.26292767,-3.08777122
1327,-2.8863579,0.635459321,106.374156,0.225050156,-1.26737016,0.0302325473,0.309514745,-0.518226569,1.06820039,14.3864206,0,13.2383546,15.710323,-18.2834977,59.0309481,3.51641532,-9.34064654,-10.9183656,-0.766691136,-15.2045595,34.4347812,74.1598034,7.29313085,-8.37661486,12.1624145,-1.78103084,-0.456959826,2.93339571,8.1777411,-5.0587207,0.437073757,-1.86927443,2.3345053,-10.3192615,6.84201223,-4.27934574,-3.09619903
1328,-2.88812704,0.63784048,106.377053,0.209914629,-1.26724568,0.0368001245,0.301249629,-0.506597158,1.06541581,14.3723163,0,13.2352614,15.7206486,-18.2855775,59.0294864,3.51198509,-9.32956456,-10.9105058,-0.783574029,-15.2002718,34.4288833,74.1810248,7.26879404,-8.36815311,12.1669378,-1.77472039,-0.439789024,2.92173679,8.15714125,-5.04342321,0.431493039,-1.87510528,2.35139017,-10.334048,6.84735728,-4.25620762,-3.11816577
1329,-2.89044958,0.635262206,106.370997,0.223499463,-1.2659175,0.0373354364,0.295848283,-0.524744651,1.0638835,14.3624791,0,13.2287795,15.7328251,-18.2776682,59.0317336,3.50993027,-9.3203754,-10.9178875,-0.797333819,-15.1968021,34.441263,74.1869944,7.2853931,-8.34348588,12.1577768,-1.78098036,-0.455356386,2.92084993,8.15782768,-5.0456776,0.430780058,-1.86873271,2.33876093,-10.3284857,6.82708357,-4.26570287,-3.12541687
1330,-2.89438404,0.634857453,106.366456,0.215808137,-1.26531776,0.0468308991,0.283766852,-0.520318101,1.06787382,14.3612206,0,13.2209214,15.7479813,-18.2797429,59.0237013,3.49583297,-9.29883042,-10.9241089,-0.819984274,-15.1896031,34.4499101,74.2072596,7.26263833,-8.34474861,12.1360517,-1.78011752,-0.446242806,2.90952484,8.14647591,-5.0482799,0.42456093,-1.87032906,2.34752599,-10.3348574,6.82059873,-4.266283,-3.14431835
1331,-2.89635863,0.634638406,106.366718,0.20848346,-1.2654962,0.0464534296,0.279980873,-0.520813237,1.06457719,14.3605684,0,13.2228193,15.7607435,-18.2562504,59.0304768,3.50334959,-9.30055419,-10.9261076,-0.819145654,-15.1841201,34.4531715,74.2049647,7.29849341,-8.32917493,12.1632726,-1.77881199,-0.4371713,2.90995557,8.14486996,-5.04492115,0.427281587,-1.86748535,2.35639477,-10.3289331,6.81609465,-4.24831235,-3.11849149
1332,-2.90206131,0.633589877,106.365752,0.218376584,-1.26648507,0.0502811014,0.277081351,-0.528993082,1.07039117,14.354568,0,13.2130325,15.7630948,-18.2580433,59.035415,3.49327656,-9.3059304,-10.9279953,-0.826291686,-15.198151,34.4532227,74.189788,7.30261457,-8.32698415,12.1679794,-1.77961038,-0.448092373,2.89967336,8.14058999,-5.02981619,0.416516968,-1.86886676,2.34606774,-10.3379131,6.81756741,-4.2588953,-3.14063261
1333,-2.90466733,0.633307593,106.363666,0.217322943,-1.26633536,0.0538527034,0.275921927,-0.531272284,1.07060622,14.3591374,0,13.2053631,15.7742416,-18.2696837,59.0467053,3.48357385,-9.33189195,-10.9241474,-0.826414256,-15.2012724,34.4349998,74.1780605,7.2729596,-8.33089955,12.1593572,-1.78161333,-0.44567067,2.89846121,8.13751384,-5.03443383,0.405340751,-1.8663748,2.3496474,-10.3329228,6.8094207,-4.27067823,-3.16779734
1334,-2.90742684,0.632980233,106.36518,0.216791594,-1.26841839,0.0662093032,0.26095322,-0.53758626,1.07384544,14.3667463,0,13.2070698,15.7837236,-18.2571059,59.0418422,3.49365563,-9.32637059,-10.9347487,-0.828524945,-15.2038491,34.4553127,74.1686144,7.31999911,-8.32748531,12.2001906,-1.77884657,-0.444474293,2.88256693,8.12866704,-5.02452279,0.387296485,-1.86868448,2.35157138,-10.3581646,6.81989736,-4.262628,-3.13813212
1335,-2.91447006,0.628915522,106.366241,0.232140871,-1.27161522,0.0661121662,0.254312222,-0.555879161,1.0843572,14.3744558,0,13.19883,15.7924048,-18.2559106,59.046439,3.4899652,-9.32269851,-10.9519582,-0.845981788,-15.2068425,34.4757521,74.1704244,7.33790018,-8.3371432,12.2064232,-1.78573161,-0.459645264,2.8830523,8.14169307,-5.01425232,0.371753776,-1.86782366,2.33454735,-10.3459445,6.81532839,-4.26332212,-3.16521062
1336,-2.91783754,0.632725609,106.376243,0.219237067,-1.27527941,0.0708348032,0.246272156,-0.544180114,1.09222676,14.3845133,0,13.1917189,15.8032324,-18.2691834,59.0543415,3.47998096,-9.33827561,-10.9513059,-0.854520965,-15.210068,34.4858027,74.1626311,7.34476111,-8.3582186,12.1838263,-1.78204715,-0.445622486,2.88117699,8.13574909,-4.99647505,0.370116852,-1.87269123,2.34648438,-10.3601394,6.83030486,-4.23738789,-3.16491329
1337,-2.92229652,0.632456411,106.374574,0.225059747,-1.27527033,0.0706620842,0.236918425,-0.548904417,1.09515029,14.3897623,0,13.1913723,15.8025203,-18.2737613,59.0520739,3.46351892,-9.34376282,-10.9523227,-0.861190431,-15.2093013,34.4764385,74.1545169,7.36915427,-8.36169346,12.209986,-1.78367925,-0.45309634,2.88217847,8.1351839,-5.00135479,0.370157193,-1.87025819,2.34155491,-10.3561215,6.8252535,-4.26098619,-3.17797048
1338,-2.92889439,0.633625267,106.3748,0.217968508,-1.27754181,0.0722865306,0.226856596,-0.54216126,1.09845568,14.4057876,0,13.1819415,15.8045216,-18.2862093,59.0638559,3.46653231,-9.3463378,-10.9374406,-0.869970106,-15.2163586,34.4963246,74.1423865,7.39401104,-8.34150001,12.2281312,-1.78196327,-0.445263474,2.88012493,8.12965827,-4.9996592,0.377820212,-1.87424275,2.34933897,-10.3602264,6.82882655,-4.25116438,-3.16675189
1339,-2.93355696,0.630893558,106.366241,0.223719791,-1.27817666,0.0651036324,0.224656928,-0.549565292,1.10309007,14.4180068,0,13.1786229,15.8083721,-18.2860335,59.0629953,3.44543044,-9.35422923,-10.9471805,-0.879659423,-15.2161708,34.4807449,74.1359866,7.34703727,-8.3451422,12.222212,-1.78496567,-0.451611147,2.88851667,8.13548699,-5.01690671,0.396921929,-1.8728844,2.34345114,-10.3415578,6.81961433,-4.26664159,-3.17602025
1340,-2.93954778,0.629061414,106.367779,0.228606744,-1.27966412,0.0707594145,0.209448004,-0.556933945,1.1078363,14.4258769,0,13.1762998,15.8186635,-18.3008772,59.0594573,3.43290708,-9.35350864,-10.943972,-0.89413841,-15.2112291,34.4671939,74.1436022,7.32803483,-8.35882136,12.2161963,-1.78620311,-0.456932612,2.88580914,8.1319148,-5.00368986,0.392276387,-1.87397488,2.33747216,-10.3513745,6.81909737,-4.26061864,-3.18039562
1341,-2.94370688,0.629159063,106.373227,0.230227352,-1.28122686,0.0712071144,0.199936099,-0.559281076,1.1085063,14.4345905,0,13.1751036,15.8220991,-18.3049736,59.0588289,3.44607696,-9.34420849,-10.9405244,-0.901300984,-15.2132748,34.4727946,74.1402828,7.33198268,-8.36842376,12.1784826,-1.78678666,-0.459454819,2.88843279,8.13239718,-4.99433208,0.391115575,-1.87484146,2.33527071,-10.3548178,6.81877891,-4.24783509,-3.15526544
1342,-2.9470263,0.628386624,106.377304,0.225994989,-1.28297771,0.0703929287,0.191515463,-0.558510278,1.11169472,14.4405789,0,13.1734746,15.8309459,-18.3074102,59.056773,3.44260189,-9.34919965,-10.9500884,-0.906517434,-15.2070217,34.4566924,74.1379878,7.3352108,-8.37577475,12.1609495,-1.78822207,-0.455252759,2.89012774,8.13614183,-4.99808228,0.404865733,-1.87369036,2.33881237,-10.347279,6.81221083,-4.23303492,-3.13549695
1343,-2.94744037,0.626010168,106.379664,0.228288446,-1.28371726,0.0743321197,0.176839641,-0.56140916,1.10960788,14.4451244,0,13.1804457,15.8332374,-18.2951022,59.053515,3.45848358,-9.36984731,-10.9489811,-0.898524619,-15.2015473,34.4370864,74.1279679,7.36456695,-8.3519519,12.1762559,-1.78859016,-0.457358218,2.88872307,8.13391177,-4.98893922,0.41391456,-1.873872,2.33759084,-10.3536874,6.81400119,-4.23366629,-3.14941218
1344,-2.95193028,0.62566963,106.376994,0.224615087,-1.28493393,0.0773669304,0.171105924,-0.560064733,1.11205095,14.4446582,0,13.1795697,15.8382473,-18.3058632,59.0421496,3.43903973,-9.36316226,-10.9466059,-0.899743381,-15.1986872,34.4222205,74.1293408,7.36777202,-8.35575376,12.1689741,-1.78858397,-0.454091733,2.88637754,8.13120531,-4.99233254,0.431666275,-1.87515032,2.34090049,-10.3552472,6.81307101,-4.22367202,-3.1238662
1345,-2.95561943,0.624978309,106.378913,0.229596473,-1.2847173,0.0782588327,0.164555185,-0.564328265,1.11408411,14.4414122,0,13.1673787,15.8389782,-18.3095874,59.0444104,3.42168678,-9.36280453,-10.9498237,-0.895093089,-15.1999832,34.398226,74.1194507,7.35548621,-8.37220171,12.1450445,-1.79298826,-0.459157706,2.88479358,8.13319631,-4.97836566,0.413000755,-1.86875705,2.3360184,-10.3556468,6.7949232,-4.21267328,-3.13737717
1346,-2.95906775,0.628357194,106.382191,0.213637831,-1.28502572,0.0763767147,0.163990774,-0.553922098,1.11598621,14.42517,0,13.1696139,15.8433034,-18.3088634,59.0321775,3.40627147,-9.3506818,-10.9604216,-0.888356175,-15.1941656,34.366674,74.111514,7.30956856,-8.38334004,12.1330336,-1.7915917,-0.440846929,2.88776151,8.12837932,-4.9750718,0.416633562,-1.86534323,2.35448424,-10.3490574,6.78563158,-4.18710574,-3.12912652
1347,-2.96317935,0.628957571,106.37691,0.221362388,-1.28601496,0.0723743063,0.158531706,-0.556423495,1.12187394,14.4233258,0,13.1577874,15.8380851,-18.3216085,59.0362142,3.4131149,-9.35668383,-10.9562749,-0.890488741,-15.202799,34.3633135,74.1064255,7.30117255,-8.3665668,12.1443752,-1.78805324,-0.450704386,2.88915166,8.11945056,-4.97560242,0.421968233,-1.87181249,2.34566198,-10.3571315,6.79414925,-4.19933861,-3.09693434
1348,-2.96896342,0.626522722,106.372941,0.223210235,-1.28764321,0.0681980653,0.157486153,-0.565128304,1.12671825,14.4148581,0,13.1470563,15.8506732,-18.3453451,59.0345066,3.39218912,-9.3549703,-10.9608152,-0.889579899,-15.1961754,34.3672716,74.1138363,7.34321322,-8.35366457,12.1733181,-1.79159661,-0.451615043,2.89362928,8.12055961,-4.97539879,0.428569771,-1.87165603,2.34364708,-10.3490198,6.78455924,-4.18955906,-3.09426545
1349,-2.97521316,0.628693867,106.371891,0.221803471,-1.28877967,0.0560443396,0.161935167,-0.562667249,1.13552354,14.4060523,0,13.1312624,15.8481836,-18.3568284,59.0448748,3.39664582,-9.36217786,-10.9670042,-0.906182968,-15.1961242,34.3843505,74.1437457,7.33786262,-8.36425734,12.1586042,-1.79076269,-0.449850453,2.89941637,8.11567858,-4.9767802,0.417958645,-1.8743593,2.34745768,-10.3407024,6.78302757,-4.1810098,-3.12230657
1350,-2.9802097,0.630644104,106.378496,0.220605508,-1.29033093,0.0492326578,0.164235074,-0.565907746,1.14028685,14.385309,0,13.1166475,15.8558641,-18.3797812,59.0513294,3.40010616,-9.35560551,-10.9748111,-0.908669584,-15.1966552,34.3883393,74.1513613,7.34025916,-8.3686833,12.1634886,-1.7911979,-0.447507511,2.90165134,8.11591679,-4.96131921,0.40131118,-1.87668455,2.34880024,-10.338369,6.78030019,-4.16590953,-3.13806531
1351,-2.98373215,0.632215943,106.375694,0.220383675,-1.29154432,0.0451156996,0.153715168,-0.564888661,1.14066091,14.3872983,0,13.1170991,15.8518582,-18.3671573,59.0608643,3.42111433,-9.35868934,-10.9805656,-0.907728299,-15.200405,34.4004629,74.1668727,7.34048797,-8.38152747,12.1824543,-1.78681313,-0.447462101,2.89969683,8.10794254,-4.9654169,0.406152557,-1.88050262,2.34938209,-10.3399459,6.78955083,-4.17823205,-3.13206948
1352,-2.99122185,0.633923523,106.375182,0.211187415,-1.29530764,0.0357283574,0.149612759,-0.55803003,1.157273,14.3811392,0,13.108902,15.8561066,-18.365542,59.0575175,3.42706855,-9.36660639,-10.9965576,-0.919652635,-15.2031712,34.4162885,74.1673986,7.33441166,-8.36964209,12.1583924,-1.78313422,-0.438408579,2.91061681,8.10052239,-4.95775599,0.405882791,-1.88965614,2.35952855,-10.3480081,6.80163172,-4.16214012,-3.12465253
1353,-2.99606342,0.633176137,106.374741,0.213101439,-1.29670604,0.0200562691,0.150252209,-0.564960538,1.1610249,14.3805825,0,13.1049661,15.8623921,-18.3725924,59.053194,3.41222484,-9.36693167,-10.9874154,-0.925580812,-15.1973246,34.4169237,74.1808609,7.31536141,-8.36492755,12.1565978,-1.78782998,-0.439553569,2.92560588,8.11014015,-4.96513601,0.413289544,-1.88579325,2.35941244,-10.3236884,6.78808148,-4.15670884,-3.13001572
1354,-3.00361682,0.63101463,106.374431,0.228015739,-1.29936728,0.00717362534,0.151849659,-0.591913265,1.17226953,14.3608433,0,13.0962397,15.8577936,-18.3619339,59.0604613,3.40027478,-9.3807056,-10.9723096,-0.923030164,-15.2012656,34.4081127,74.1611831,7.32586966,-8.35143537,12.1833679,-1.78605904,-0.455157243,2.93489344,8.10507898,-4.94983254,0.403835628,-1.890543,2.34418474,-10.3248751,6.791281,-4.16861471,-3.12892951
1355,-3.00965924,0.635655457,106.376994,0.218935564,-1.30146104,-0.00697974667,0.15461091,-0.585477946,1.18132881,14.3488614,0,13.0916925,15.8515525,-18.3671641,59.0572785,3.40330525,-9.38878486,-10.9442981,-0.924648918,-15.2076638,34.4212711,74.154189,7.31921193,-8.34953402,12.1785287,-1.78569928,-0.445015746,2.9460894,8.1057492,-4.95256633,0.398686013,-1.89322748,2.35531816,-10.3078508,6.78916278,-4.15780082,-3.15172377
1356,-3.01652458,0.634993985,106.372035,0.220526665,-1.30239494,-0.0151988836,0.147702881,-0.594459591,1.19261079,14.3407659,0,13.0940208,15.8554014,-18.3672205,59.0441987,3.38092037,-9.39282151,-10.9452381,-0.927226461,-15.2050512,34.422702,74.1507398,7.30852781,-8.3616115,12.1463107,-1.78673587,-0.446128853,2.95599638,8.10264487,-4.95557887,0.397610765,-1.89319205,2.35534335,-10.2950545,6.78259727,-4.16389719,-3.14430384
1357,-3.02186087,0.635653222,106.369185,0.217612327,-1.30379227,-0.0184199609,0.134026401,-0.595493725,1.20008686,14.3392172,0,13.0964805,15.8583742,-18.3789616,59.0322117,3.37069153,-9.38931335,-10.9401915,-0.92179454,-15.2097043,34.4219439,74.1367311,7.30190765,-8.34892101,12.1506009,-1.78711793,-0.44386003,2.96201655,8.09954226,-4.95640361,0.412698893,-1.89502702,2.35791961,-10.2925854,6.78114372,-4.15539958,-3.14805489
1358,-3.02909091,0.638390053,106.367695,0.217443399,-1.30480747,-0.0263230777,0.123875379,-0.597220909,1.20524259,14.330507,0,13.093278,15.8538338,-18.3973365,59.0361459,3.37484791,-9.3935677,-10.9242669,-0.929123653,-15.2199547,34.4464335,74.1402623,7.31223831,-8.35017178,12.1456328,-1.78933795,-0.444271576,2.97063582,8.09859116,-4.95412446,0.409390947,-1.89449725,2.35743125,-10.2849928,6.77005747,-4.15781064,-3.17098789
1359,-3.03577166,0.643630233,106.368673,0.208018712,-1.30819439,-0.0257616529,0.110524987,-0.584573693,1.22028448,14.3138789,0,13.0849392,15.8482997,-18.41454,59.0262694,3.36763843,-9.38803354,-10.9278698,-0.932105137,-15.2333026,34.4602271,74.1329471,7.35540169,-8.34159477,12.1447209,-1.78554741,-0.435493182,2.96737718,8.09073815,-4.95370014,0.40351501,-1.90015585,2.36793459,-10.2950323,6.78236547,-4.16036,-3.16131229
1360,-3.04451436,0.64537907,106.371534,0.213783208,-1.31164986,-0.0258944215,0.0854259897,-0.593497388,1.22759598,14.3060242,0,13.0814822,15.8536358,-18.4399569,59.0252176,3.34844816,-9.38602376,-10.9363819,-0.933029134,-15.2465412,34.4456378,74.1280431,7.33840562,-8.32990832,12.1587706,-1.78334553,-0.444206209,2.96581776,8.08288428,-4.93968544,0.408010368,-1.90542236,2.35970827,-10.3040584,6.79600962,-4.16370722,-3.14464172
1361,-3.05116065,0.643872796,106.374145,0.218545054,-1.3147688,-0.0226223532,0.0633653992,-0.605473592,1.23873261,14.2924193,0,13.0746853,15.8574914,-18.4556168,59.0268841,3.36108081,-9.37615414,-10.9295731,-0.947464525,-15.2461707,34.4643218,74.1464368,7.41221179,-8.32553785,12.1994777,-1.78959366,-0.448989635,2.96827215,8.09194368,-4.93778067,0.410861305,-1.90394106,2.35245589,-10.2923762,6.78782023,-4.15605955,-3.1474199
1362,-3.061275,0.644034753,106.372893,0.220007759,-1.31868483,-0.0274141255,0.0481675813,-0.61040819,1.25678309,14.2762983,0,13.0590203,15.8632424,-18.4819984,59.0280248,3.34459252,-9.35912221,-10.928657,-0.968644301,-15.2463107,34.4711383,74.1709093,7.4509825,-8.32978879,12.209735,-1.7944051,-0.451320277,2.97399905,8.09915721,-4.93891918,0.417556278,-1.90530133,2.34842501,-10.2830163,6.78270185,-4.15012582,-3.12723029
1363,-3.06647364,0.646705134,106.377852,0.217234897,-1.32172332,-0.0237102189,0.0272862322,-0.615505752,1.26448157,14.2512614,0,13.0506106,15.8625423,-18.4936866,59.037587,3.34405059,-9.34250948,-10.9258438,-0.948226731,-15.2502039,34.4486294,74.1362666,7.44302277,-8.32305166,12.1936985,-1.79186512,-0.450829144,2.96837012,8.09286746,-4.92715205,0.418183348,-1.91056229,2.35141471,-10.3003983,6.79716008,-4.15528603,-3.13474862
1364,-3.07341218,0.651803147,106.38063,0.201843072,-1.32535984,-0.0262585681,0.00888766109,-0.602785112,1.27982025,14.2296644,0,13.0386091,15.8570167,-18.5046934,59.0435361,3.3323842,-9.34056458,-10.8973952,-0.96532643,-15.2531887,34.4521333,74.1486634,7.44278713,-8.34683865,12.2018094,-1.79035651,-0.435028168,2.97157454,8.0921981,-4.9353487,0.426668604,-1.91464375,2.36493464,-10.2896006,6.80679321,-4.14943597,-3.13726511
1365,-3.08366306,0.650718389,106.378376,0.213514928,-1.32774797,-0.0307522896,-0.00640865594,-0.61703278,1.29188023,14.216039,0,13.0287805,15.8558282,-18.4989424,59.048932,3.33557176,-9.34101537,-10.8887456,-0.958032962,-15.2469852,34.3922462,74.1344566,7.36613277,-8.35513733,12.159142,-1.79287471,-0.44987788,2.97157604,8.09436925,-4.93096671,0.440065246,-1.9175263,2.35028218,-10.2885931,6.80311345,-4.15754853,-3.11521662
1366,-3.08775809,0.651094038,106.375813,0.215999023,-1.32855827,-0.0296851896,-0.0202190308,-0.624496736,1.29772015,14.1934072,0,13.0195649,15.8617278,-18.4981996,59.0577566,3.33082947,-9.34019063,-10.8855833,-0.947181392,-15.2454125,34.4089904,74.122053,7.36124321,-8.37088263,12.0814717,-1.7946004,-0.453171899,2.97218563,8.0923108,-4.93015135,0.440726067,-1.91791755,2.34864848,-10.2905244,6.80294013,-4.17263642,-3.12823667
1367,-3.09474543,0.656250631,106.379533,0.213638775,-1.33113753,-0.0343803824,-0.0293101327,-0.620545898,1.31087274,14.1758314,0,13.0050977,15.8599417,-18.4933997,59.0677287,3.34048501,-9.34647611,-10.8838979,-0.94099751,-15.2556971,34.3761645,74.1007223,7.30124853,-8.35247783,12.071608,-1.79510157,-0.453008348,2.97175341,8.09098147,-4.91612855,0.437819982,-1.921675,2.34756355,-10.2932718,6.80411322,-4.14690837,-3.11293
1368,-3.10147312,0.655331695,106.376195,0.223916568,-1.33333064,-0.0350064802,-0.0333508766,-0.637675959,1.31944538,14.1565626,0,12.9997573,15.8672108,-18.4917092,59.0572375,3.3326446,-9.33518154,-10.8815654,-0.943333968,-15.2469613,34.3696246,74.1125249,7.26601756,-8.35472325,12.0659996,-1.80046561,-0.463931688,2.96970777,8.09740356,-4.91696268,0.430779898,-1.92173648,2.33626898,-10.2808289,6.799969,-4.16398214,-3.12649625
1369,-3.10732219,0.653278502,106.373441,0.23655924,-1.33547643,-0.0394039305,-0.0387649221,-0.65450768,1.32830061,14.1419596,0,12.9929963,15.8740922,-18.4925715,59.0572648,3.33647697,-9.35200515,-10.8751049,-0.943422974,-15.2491572,34.3785175,74.1207484,7.25996175,-8.36243624,12.0776826,-1.80553169,-0.477277077,2.97032206,8.10445231,-4.91740921,0.432830822,-1.92095122,2.32193433,-10.2697281,6.79596992,-4.17524555,-3.12075207
1370,-3.11084706,0.654702121,106.374133,0.234955005,-1.3367261,-0.0399392102,-0.0457743603,-0.656016778,1.33464821,14.1323828,0,12.9884337,15.8694237,-18.4788207,59.0556597,3.33477007,-9.36089635,-10.8738857,-0.945574804,-15.2518551,34.3756625,74.1268273,7.257508,-8.34310595,12.1201391,-1.80578569,-0.47615826,2.97105908,8.10398786,-4.9117171,0.425231196,-1.92196038,2.32242141,-10.2651237,6.79581539,-4.16888109,-3.13087825
1371,-3.11510377,0.655459892,106.373179,0.241757318,-1.33747941,-0.0435256943,-0.0515629056,-0.666044883,1.33718071,14.1229614,0,12.9881699,15.8730369,-18.4843138,59.0484607,3.35068505,-9.36428071,-10.873925,-0.950862437,-15.2560266,34.3857951,74.1297574,7.27159015,-8.32828359,12.149269,-1.80733337,-0.48393395,2.97315018,8.10526511,-4.90977861,0.421793103,-1.9222735,2.31468473,-10.263382,6.79305002,-4.17156365,-3.12830199
1372,-3.12088802,0.65971585,106.373918,0.235684083,-1.34098073,-0.0435490154,-0.0676217476,-0.661570362,1.34408571,14.1212769,0,12.9857298,15.883692,-18.4909904,59.0369313,3.33230266,-9.35652929,-10.8920907,-0.952988227,-15.2556493,34.3792142,74.1401462,7.24178747,-8.32302093,12.1566183,-1.80314732,-0.47821276,2.96395056,8.09945176,-4.89826248,0.407610909,-1.93001018,2.31789833,-10.2659878,6.81064843,-4.15940335,-3.11740356
1373,-3.12328506,0.65616942,106.366777,0.243333313,-1.34324768,-0.0467130254,-0.0638896162,-0.673781887,1.35433537,14.1122961,0,12.9785265,15.8967155,-18.4850105,59.0340285,3.34747443,-9.37775496,-10.9202319,-0.949277834,-15.2598669,34.3667867,74.1262399,7.20768177,-8.3025722,12.1524783,-1.81233307,-0.485428748,2.97372627,8.12025737,-4.91263149,0.418067555,-1.92398574,2.30786628,-10.2363157,6.79781322,-4.16540837,-3.1297581
1374,-3.12802941,0.65445886,106.364083,0.247786413,-1.34435577,-0.0476783828,-0.0697495183,-0.682444381,1.35556897,14.1180693,0,12.9715264,15.9041638,-18.5072035,59.0335709,3.35285534,-9.35652246,-10.9065605,-0.946300618,-15.2550841,34.3373212,74.1306863,7.20706193,-8.29565919,12.1949484,-1.81228782,-0.490801812,2.96924588,8.11798548,-4.91025458,0.414340273,-1.92569606,2.30446741,-10.2409287,6.79548284,-4.1733728,-3.14643571
1375,-3.12912241,0.660102209,106.369269,0.237077025,-1.34615093,-0.04802558,-0.0832627807,-0.669534736,1.35183371,14.1198511,0,12.9660247,15.9078657,-18.5324206,59.0397112,3.35995788,-9.35737197,-10.9061259,-0.944829246,-15.2582362,34.3289781,74.143814,7.21734222,-8.32066707,12.2095847,-1.80736859,-0.481504804,2.96854237,8.10910282,-4.90388031,0.408094198,-1.92884649,2.31375454,-10.252073,6.80763717,-4.15553448,-3.1163483
1376,-3.13562006,0.66047525,106.371927,0.238001291,-1.350044,-0.0575550947,-0.0846790378,-0.668839551,1.36673345,14.1260914,0,12.9441903,15.9084224,-18.5408388,59.0528935,3.3635638,-9.36479724,-10.8921915,-0.950875671,-15.258798,34.3076509,74.1368472,7.22101345,-8.3102647,12.2181566,-1.81243424,-0.483191114,2.98462277,8.12082001,-4.90848941,0.418667891,-1.93198005,2.31158724,-10.2402251,6.81032485,-4.16280777,-3.13545447
1377,-3.13511007,0.666026864,106.369948,0.235226935,-1.35069716,-0.0616216544,-0.0918985211,-0.663410991,1.36684476,14.1251761,0,12.9430778,15.9049578,-18.5329516,59.0530164,3.37886726,-9.36274989,-10.8933492,-0.930254049,-15.2581833,34.2644841,74.1328037,7.19287563,-8.3136132,12.1845973,-1.80601642,-0.48326139,2.9810446,8.11136703,-4.90725912,0.433324036,-1.93475033,2.3119185,-10.2499419,6.81769761,-4.15819142,-3.09265181
1378,-3.13942283,0.666364562,106.370533,0.236760383,-1.35364772,-0.0677541233,-0.0885302907,-0.66874633,1.37291103,14.1336635,0,12.9350233,15.9195505,-18.5447491,59.0546079,3.37031779,-9.36300175,-10.8942602,-0.946534872,-15.2452127,34.2670727,74.1596259,7.1925623,-8.30556382,12.2041487,-1.81203574,-0.485924791,2.99363456,8.12306287,-4.9044041,0.42909188,-1.93537828,2.3075681,-10.2333839,6.81292971,-4.14714401,-3.11058277
1379,-3.14048491,0.67011104,106.366384,0.230045143,-1.35430713,-0.0625039554,-0.0988138408,-0.660302828,1.37378989,14.126146,0,12.9308621,15.9161132,-18.5326767,59.0589587,3.34995379,-9.3652967,-10.8964612,-0.937386154,-15.250723,34.2591053,74.1510335,7.20323788,-8.29844505,12.2078216,-1.80507642,-0.480952413,2.98579564,8.10670201,-4.90823456,0.44339419,-1.94078843,2.31538674,-10.2485127,6.82412012,-4.16271258,-3.11061478
1380,-3.1446185,0.672287447,106.36425,0.229037707,-1.3563569,-0.073033612,-0.103299307,-0.658438987,1.38047056,14.1314275,0,12.9265044,15.9126776,-18.524542,59.0576336,3.34368453,-9.37415716,-10.8814203,-0.955072609,-15.2483905,34.2957356,74.1715377,7.24340708,-8.3051967,12.2145801,-1.80783453,-0.481173273,2.99805625,8.11460368,-4.91675735,0.453131985,-1.940464,2.31578097,-10.2373838,6.82209412,-4.15622262,-3.08392646
1381,-3.14482376,0.677923393,106.370127,0.221489266,-1.35603599,-0.0700539038,-0.106514719,-0.643160388,1.37882438,14.1240406,0,12.9300715,15.9044045,-18.5182309,59.0468761,3.3370157,-9.37623098,-10.8853399,-0.942490333,-15.2583506,34.2838989,74.1571465,7.25144706,-8.29297151,12.232447,-1.80553489,-0.476040706,2.99892347,8.10830283,-4.9130985,0.467845973,-1.94141895,2.3219036,-10.2428266,6.82379142,-4.15524505,-3.09202344
1382,-3.15057822,0.683589419,106.371355,0.220264609,-1.35658635,-0.0740229524,-0.108141358,-0.633388735,1.38284255,14.1206383,0,12.9305368,15.9008563,-18.5286264,59.0387345,3.33076181,-9.3795735,-10.8715899,-0.945675015,-15.2677029,34.2754226,74.158936,7.20040079,-8.32544479,12.1899846,-1.80356417,-0.477918742,3.00422157,8.10144276,-4.91130003,0.466846792,-1.9440268,2.32017535,-10.2458532,6.8239801,-4.15231404,-3.07901833
1383,-3.14959064,0.682722591,106.373489,0.228134707,-1.35744344,-0.0780299694,-0.10755743,-0.643912829,1.37816996,14.1217653,0,12.9344052,15.9006206,-18.5288194,59.0415349,3.35924925,-9.3873565,-10.8649706,-0.936080734,-15.2648615,34.2658433,74.1556165,7.21706048,-8.29942177,12.204649,-1.80689154,-0.486458612,3.00822128,8.11086245,-4.90902771,0.455864274,-1.94172951,2.31121435,-10.232869,6.82020002,-4.1566606,-3.07778676
1384,-3.14909965,0.688220607,106.37393,0.21854565,-1.35720327,-0.0796802239,-0.110133899,-0.627004856,1.3773132,14.1254425,0,12.9302755,15.9030009,-18.5582267,59.0389804,3.34623881,-9.3799799,-10.8619713,-0.935869959,-15.2718249,34.2722637,74.1494079,7.24904967,-8.26360597,12.2424985,-1.80608579,-0.477947983,3.01236209,8.10572444,-4.90884159,0.454694071,-1.94177838,2.3200968,-10.2274578,6.81909609,-4.15531804,-3.08290513
1385,-3.15588936,0.692570861,106.376898,0.205505536,-1.358851,-0.0772762123,-0.116685765,-0.611124933,1.38592212,14.1181496,0,12.9113593,15.9052242,-18.5731866,59.0503936,3.34149097,-9.37765678,-10.8875264,-0.957131911,-15.2690518,34.2942296,74.1643182,7.25442673,-8.28073096,12.2133908,-1.80465252,-0.465388866,3.00657884,8.10025943,-4.90944008,0.462199915,-1.94851573,2.3335828,-10.2397035,6.82775677,-4.13893754,-3.09637555
1386,-3.15809138,0.696181599,106.380427,0.206385396,-1.35723028,-0.0788426002,-0.122011164,-0.605367083,1.3862077,14.1174401,0,12.9122916,15.9001869,-18.5699815,59.0526681,3.36257022,-9.38428718,-10.8948766,-0.953552251,-15.2721442,34.292078,74.1622282,7.27738898,-8.28329399,12.2091458,-1.8032931,-0.468551831,3.0070038,8.09353084,-4.90475457,0.456859134,-1.947631,2.3313649,-10.2449243,6.8223558,-4.13912068,-3.0986039
1387,-3.15758362,0.69622132,106.381369,0.209451139,-1.35602543,-0.0798305792,-0.120500785,-0.605389228,1.38720598,14.1141684,0,12.9187299,15.9017561,-18.5624017,59.0480782,3.34105021,-9.37857629,-10.9118163,-0.947466126,-15.2779755,34.2592248,74.1429124,7.21943311,-8.28764311,12.1889345,-1.80501559,-0.471852466,3.00500256,8.09574553,-4.90105859,0.453356367,-1.94255254,2.32572744,-10.2346611,6.81032527,-4.13344351,-3.07356613
1388,-3.15946229,0.697812764,106.381524,0.204820655,-1.35624381,-0.074471028,-0.130879671,-0.60230401,1.38399056,14.1199374,0,12.9230987,15.9095323,-18.5791049,59.0560559,3.34167283,-9.37243851,-10.902885,-0.957669895,-15.2663863,34.2697741,74.1588062,7.26312839,-8.27739526,12.2173549,-1.80161714,-0.468779735,2.99866926,8.0845739,-4.88517071,0.449374901,-1.9457019,2.33107718,-10.2542526,6.81585901,-4.12350686,-3.06435028
1389,-3.15981433,0.700926874,106.368279,0.19763405,-1.35254681,-0.0818536579,-0.130105645,-0.594821698,1.38201909,14.1191878,0,12.923786,15.9107464,-18.5781999,59.0661099,3.34938795,-9.37731015,-10.907941,-0.962842162,-15.2651842,34.2670488,74.1459791,7.27329001,-8.28672274,12.208742,-1.80083764,-0.460226524,3.01352941,8.0815541,-4.92792001,0.44566432,-1.94134019,2.34059526,-10.2382623,6.79525233,-4.14796705,-3.08401226
1390,-3.16452235,0.701715611,106.37449,0.214593815,-1.35348229,-0.0891441883,-0.130579757,-0.602816168,1.3898292,14.1259428,0,12.9251392,15.902475,-18.5663974,59.0738212,3.37151584,-9.38439647,-10.8943763,-0.974934052,-15.2740993,34.2747396,74.1447429,7.29720762,-8.2755938,12.2445757,-1.8058271,-0.481601601,3.00939053,8.08372696,-4.89267581,0.447270269,-1.94061811,2.32134651,-10.2420616,6.78951625,-4.14211273,-3.10374788
1391,-3.16457152,0.701631,106.378567,0.220837195,-1.35292909,-0.0874384632,-0.128958841,-0.607654396,1.3907946,14.1267061,0,12.9299784,15.9033305,-18.5507648,59.0765191,3.36980723,-9.38192479,-10.9166137,-0.972570593,-15.2740583,34.2617281,74.1340741,7.28093811,-8.28981169,12.2195551,-1.80640126,-0.487689647,3.00811947,8.0859869,-4.88632886,0.431152757,-1.93967597,2.31502709,-10.2407203,6.7879039,-4.14468984,-3.11507554
1392,-3.16614248,0.698889466,106.374109,0.231785366,-1.35227163,-0.0890822664,-0.127249959,-0.615756014,1.39260257,14.1302825,0,12.9421378,15.9052344,-18.5453245,59.0723117,3.37702418,-9.38201017,-10.9127392,-0.973868649,-15.2731858,34.2489556,74.1281114,7.26609014,-8.30724746,12.2044868,-1.81153607,-0.49872814,3.00873141,8.09406872,-4.88824771,0.430575312,-1.93418578,2.30331887,-10.2319102,6.77497947,-4.146858,-3.10385951
1393,-3.16823311,0.695719756,106.36636,0.243251691,-1.35270485,-0.0972620411,-0.124191315,-0.627418562,1.40067917,14.1385761,0,12.9360837,15.9123037,-18.553893,59.0790326,3.37570616,-9.36918051,-10.9206896,-0.986973221,-15.2699517,34.2569367,74.1305497,7.25294971,-8.31858814,12.2006397,-1.81430763,-0.511567989,3.01367327,8.09877728,-4.88727996,0.439634651,-1.93320095,2.29096263,-10.2233665,6.7684148,-4.15218726,-3.0928262
1394,-3.16820703,0.696706586,106.371427,0.250726904,-1.35417266,-0.100752424,-0.133191303,-0.634906478,1.40599273,14.1432454,0,12.9418851,15.9130225,-18.5442573,59.0831581,3.39544456,-9.38535782,-10.9151998,-0.998414535,-15.2660892,34.2554102,74.1280294,7.26305241,-8.32826651,12.2203192,-1.81694878,-0.521686007,3.01267414,8.10242375,-4.85676438,0.437326074,-1.93379197,2.28073613,-10.2215932,6.76821331,-4.14045256,-3.0972893
1395,-3.17110345,0.695980852,106.376922,0.25321669,-1.35491113,-0.0957870896,-0.141873968,-0.637870726,1.41047195,14.1331632,0,12.9529441,15.9174895,-18.5291165,59.070973,3.41218428,-9.37020163,-10.9344823,-1.00189473,-15.265734,34.2513599,74.1212129,7.21651491,-8.35857719,12.1867172,-1.81643481,-0.52372135,3.00896535,8.10157083,-4.84548048,0.43124379,-1.93474308,2.27862859,-10.231281,6.77538544,-4.13700161,-3.11528535
1396,-3.17250527,0.695769861,106.376219,0.260599769,-1.3549754,-0.102587138,-0.136778113,-0.641871296,1.41607793,14.1300998,0,12.9579489,15.9268776,-18.5387334,59.0572102,3.40236055,-9.37012991,-10.9512376,-1.00644983,-15.2615659,34.2497889,74.1131328,7.2361833,-8.34111922,12.2128726,-1.81736073,-0.53238267,3.00957985,8.10589263,-4.85246777,0.43742858,-1.93330532,2.26904882,-10.2214131,6.76926474,-4.13752796,-3.10361363
1397,-3.17249857,0.694707502,106.373847,0.261067675,-1.35607356,-0.107225428,-0.14227124,-0.639439535,1.42635374,14.141893,0,12.9597845,15.931266,-18.5475768,59.0444855,3.39260768,-9.37065754,-10.94121,-1.03278693,-15.2569129,34.275269,74.1248124,7.21848969,-8.35526198,12.1914292,-1.81871908,-0.533888246,3.01851865,8.10752931,-4.85686385,0.448423957,-1.93567518,2.26636221,-10.2088003,6.76971041,-4.13549513,-3.08096301
1398,-3.172547,0.695225876,106.374466,0.257769965,-1.35678199,-0.107575155,-0.146930603,-0.633733072,1.43056722,14.1405791,0,12.9637861,15.9327037,-18.5576291,59.038072,3.38910785,-9.376044,-10.933538,-1.04814653,-15.2536463,34.2929421,74.1309254,7.18723816,-8.36018655,12.1768262,-1.81828323,-0.53243395,3.01938224,8.10697863,-4.85075083,0.464880231,-1.93643227,2.26810433,-10.209503,6.77103162,-4.12396278,-3.05703088
1399,-3.17103527,0.697531505,106.377053,0.24635445,-1.35671052,-0.106684671,-0.151576612,-0.621605378,1.42816886,14.1277007,0,12.9731674,15.9325893,-18.5616384,59.031877,3.38714737,-9.37438768,-10.9276734,-1.04895313,-15.250554,34.3008446,74.1268341,7.21916759,-8.35324708,12.2119479,-1.81524828,-0.52051639,3.01962471,8.10368989,-4.857803,0.469334688,-1.9375537,2.27878696,-10.2107819,6.77292017,-4.1112074,-3.04301085
1400,-3.17013524,0.699021434,106.379056,0.246358843,-1.35601014,-0.104519286,-0.154056344,-0.6198132,1.42982006,14.1258113,0,12.9731674,15.9298982,-18.5617562,59.0349984,3.39128156,-9.38388762,-10.9254024,-1.04948194,-15.2415808,34.2857055,74.1223603,7.20154314,-8.3774951,12.1858856,-1.81278002,-0.521489479,3.01716883,8.10073242,-4.85642842,0.476635573,-1.9376696,2.2791464,-10.2163127,6.77785413,-4.11605043,-3.03738619
1401,-3.16825546,0.701574562,106.380129,0.236597842,-1.35604365,-0.0966780274,-0.164745337,-0.608328931,1.4249559,14.1131798,0,12.9829064,15.9338205,-18.5730978,59.0268705,3.38310134,-9.38099332,-10.9189129,-1.04772573,-15.2354148,34.2953941,74.1172309,7.23442879,-8.367313,12.2209723,-1.81047397,-0.511979081,3.01477079,8.09512825,-4.85960959,0.478175781,-1.93972335,2.28930567,-10.2248777,6.78394367,-4.11353607,-3.05430115
1402,-3.16635743,0.704213418,106.379676,0.232496369,-1.35570107,-0.10182879,-0.164655197,-0.604150509,1.41930104,14.1055317,0,12.98198,15.9382857,-18.5882369,59.0313716,3.37465047,-9.38064925,-10.920757,-1.04980701,-15.2238633,34.312251,74.1213358,7.24515987,-8.3731622,12.2085166,-1.80931583,-0.509401591,3.01560173,8.09407384,-4.85905634,0.477479955,-1.93933851,2.29116839,-10.2187177,6.78020414,-4.10060823,-3.04744791
1403,-3.1648811,0.707245758,106.381309,0.233704468,-1.35544941,-0.0941058129,-0.169568784,-0.600727197,1.42224122,14.0946051,0,12.9804202,15.9379579,-18.6050631,59.0276696,3.36760599,-9.36390846,-10.9120229,-1.04508287,-15.216666,34.316957,74.1105441,7.26467543,-8.3657062,12.1717856,-1.80788149,-0.512862096,3.00843217,8.08806584,-4.85543719,0.47509195,-1.94150667,2.2892363,-10.2347012,6.7889519,-4.10266454,-3.01505937
1404,-3.16041559,0.70928135,106.382596,0.236065664,-1.35415665,-0.0915432095,-0.165854522,-0.600694113,1.4193148,14.0818983,0,12.9756297,15.9331733,-18.6173813,59.0373821,3.35825546,-9.37127738,-10.9037763,-1.0290062,-15.2096138,34.2941852,74.097676,7.26716077,-8.35240611,12.1984079,-1.8093741,-0.517429198,3.00633444,8.09237312,-4.85717206,0.47752766,-1.93816628,2.2863213,-10.2327119,6.78663348,-4.1217784,-3.04228237
1405,-3.15857083,0.717590516,106.386769,0.205942922,-1.3534781,-0.0865193997,-0.168825187,-0.56959973,1.41631656,14.0682653,0,12.9755955,15.9235752,-18.603154,59.0496628,3.36154057,-9.38356916,-10.9108251,-1.02711798,-15.2037193,34.3089247,74.0910098,7.28450518,-8.34667729,12.1978504,-1.80220774,-0.485627357,3.00352638,8.08008561,-4.86427717,0.47705579,-1.94041768,2.31774871,-10.2413146,6.79290231,-4.09081246,-3.05442602
1406,-3.1572476,0.718855811,106.382751,0.213228235,-1.35275076,-0.090994014,-0.161289968,-0.572991186,1.4183113,14.0622342,0,12.9790627,15.9207816,-18.6048155,59.0348071,3.3358804,-9.3823901,-10.8984121,-1.01950872,-15.1976934,34.2967806,74.0794053,7.25973294,-8.33770242,12.1836052,-1.8051556,-0.49409311,3.00636753,8.08730085,-4.87045422,0.467628261,-1.93806831,2.31000797,-10.2365275,6.78835213,-4.10737609,-3.07439963
1407,-3.15401033,0.722349808,106.380558,0.215315581,-1.3509939,-0.0934438489,-0.156881454,-0.569906342,1.41283498,14.0445918,0,12.9768455,15.9110247,-18.6044278,59.0435566,3.33504306,-9.38798573,-10.8985794,-1.01487742,-15.1925605,34.3148841,74.079255,7.27945682,-8.33224595,12.1701088,-1.80539103,-0.498453332,3.01136424,8.08758089,-4.87141002,0.468212349,-1.93617827,2.30557518,-10.2331918,6.78510565,-4.11493711,-3.08162831
1408,-3.15201655,0.722346688,106.377649,0.220278185,-1.35005677,-0.0943727759,-0.158442166,-0.57801319,1.40766303,14.0445756,0,12.9774661,15.9121568,-18.5988851,59.0512474,3.33837939,-9.39125995,-10.9031633,-1.00640938,-15.1836113,34.3205531,74.0805459,7.25571935,-8.33111726,12.1405716,-1.80551355,-0.503166056,3.01128356,8.09099257,-4.88246596,0.445399811,-1.93473304,2.30061155,-10.2382692,6.78522006,-4.12210625,-3.07821664
1409,-3.14981714,0.720377173,106.390119,0.24583137,-1.35127692,-0.0977383623,-0.150999394,-0.601344529,1.40697222,14.0308188,0,12.9741159,15.912319,-18.6168229,59.0577088,3.32132761,-9.38486007,-10.89213,-1.00354689,-15.1769126,34.3469006,74.0862218,7.32068469,-8.31815954,12.1571988,-1.81254075,-0.536293647,3.00290761,8.10183464,-4.82433251,0.461556703,-1.93190769,2.2704981,-10.2309848,6.78290676,-4.11249575,-3.08036067
1410,-3.14468071,0.719068153,106.391954,0.249150918,-1.3503093,-0.101461629,-0.147441186,-0.607306163,1.40567214,14.0276538,0,12.979861,15.9122815,-18.6088606,59.0540819,3.33359549,-9.37261524,-10.9033452,-1.00394272,-15.1601086,34.3381887,74.1009204,7.32255531,-8.31326059,12.144954,-1.81321288,-0.540080987,3.00793804,8.10738844,-4.82585394,0.465755936,-1.93228293,2.2652777,-10.2232444,6.78606444,-4.11440735,-3.09440803
1411,-3.14249136,0.72287349,106.390846,0.248597908,-1.35194419,-0.104985688,-0.146308468,-0.598907218,1.41421991,14.0217252,0,12.9769189,15.9097372,-18.6110361,59.0477572,3.36440455,-9.37017431,-10.9140745,-0.99976275,-15.1546017,34.3236438,74.1074432,7.3197259,-8.31593375,12.1397767,-1.81191429,-0.540974141,3.00415049,8.11102125,-4.82871152,0.467002338,-1.93658787,2.26296077,-10.2248,6.79915364,-4.11014573,-3.08777164
1412,-3.14212628,0.724998908,106.384265,0.242315555,-1.35128344,-0.109095847,-0.14423604,-0.592798948,1.41632158,14.0192945,0,12.9753838,15.9060489,-18.6103069,59.0446221,3.36519088,-9.35594531,-10.917371,-0.989697399,-15.1421657,34.3024702,74.0905795,7.35903706,-8.28419216,12.1338934,-1.8099568,-0.533920957,3.00618802,8.10991732,-4.84483247,0.459621945,-1.93723908,2.26921146,-10.2193333,6.79934916,-4.11814431,-3.09866814
1413,-3.14033478,0.728650484,106.383002,0.23032573,-1.3506364,-0.11122845,-0.146656888,-0.57984368,1.41349527,14.0185056,0,12.9835851,15.9025416,-18.6244027,59.0402098,3.35997474,-9.35576346,-10.8926038,-0.985860967,-15.1305834,34.3054857,74.1051688,7.32491514,-8.31184332,12.1077235,-1.8060303,-0.521828107,3.0074134,8.10813037,-4.85654795,0.46465222,-1.93864205,2.28143601,-10.2240624,6.80173844,-4.11162831,-3.09723743
1414,-3.13443542,0.727715995,106.382298,0.241027462,-1.34819438,-0.113489911,-0.140016557,-0.595309416,1.40499008,14.0083124,0,12.9943316,15.9089091,-18.6295646,59.0441987,3.36245602,-9.37522865,-10.8985162,-0.964236802,-15.1145205,34.2943388,74.10146,7.35050786,-8.29692534,12.1289483,-1.80632122,-0.534418974,3.00899758,8.11218153,-4.85523058,0.478283303,-1.93336445,2.26830177,-10.2153744,6.79422652,-4.12019465,-3.08536229
1415,-3.13348658,0.729935616,106.382704,0.239820558,-1.34905611,-0.111187244,-0.147373311,-0.590401925,1.41285334,14.0200424,0,12.9967819,15.9001391,-18.6234926,59.0394995,3.37627435,-9.36940847,-10.8915315,-0.973457344,-15.1100194,34.3230188,74.1160492,7.36528839,-8.30543831,12.1455465,-1.80648536,-0.533407305,3.00593402,8.11631891,-4.85501244,0.474323074,-1.93476378,2.26668814,-10.2173645,6.80012695,-4.11238177,-3.06426
1416,-3.13074701,0.730821863,106.382799,0.243433911,-1.34965293,-0.107484441,-0.149986579,-0.590335384,1.41582244,14.019899,0,13.0080432,15.8985203,-18.6246486,59.0218776,3.37181253,-9.36970302,-10.9049059,-0.970754083,-15.1002112,34.3308496,74.1205503,7.40382005,-8.28731185,12.1814511,-1.80631354,-0.539402344,3.00492508,8.11607132,-4.8523047,0.472995723,-1.93695029,2.26024791,-10.2198891,6.80915731,-4.12548591,-3.07674836
1417,-3.12948972,0.732655823,106.381309,0.24594598,-1.35022634,-0.104007254,-0.155669002,-0.590792207,1.41854267,14.0183921,0,13.0154599,15.8964252,-18.626445,59.0137428,3.37618577,-9.37014869,-10.91065,-0.982035314,-15.0989494,34.3663085,74.1323051,7.39545136,-8.27737904,12.2235012,-1.80760103,-0.543675481,3.00407088,8.12186161,-4.85614753,0.473325333,-1.93656503,2.25537628,-10.2245473,6.81447547,-4.12395638,-3.05608341
1418,-3.12494822,0.733294943,106.376672,0.253698382,-1.34929368,-0.109293116,-0.149755593,-0.596432769,1.4178509,14.0096785,0,13.0181638,15.8885431,-18.6320918,59.016229,3.37864123,-9.38336767,-10.9062027,-0.982106818,-15.0941699,34.3488711,74.1335755,7.35930087,-8.28471893,12.2286913,-1.80979757,-0.553435287,3.01255909,8.1320958,-4.8796818,0.49099738,-1.93070366,2.24343049,-10.2048584,6.80341867,-4.14265658,-3.02812808
1419,-3.1237131,0.735702273,106.383324,0.250010552,-1.35400168,-0.107409448,-0.153808163,-0.58922185,1.42674466,14.0156387,0,13.0265974,15.8790697,-18.623467,59.0132784,3.38310262,-9.39425072,-10.9016205,-0.982230188,-15.0879784,34.3627466,74.1457059,7.35131638,-8.29048788,12.2082946,-1.80518271,-0.550465596,3.01084344,8.13798342,-4.86821349,0.493970753,-1.94005974,2.24289154,-10.2039679,6.83519314,-4.13747972,-3.02603655
1420,-3.11696641,0.740687875,106.387877,0.235767421,-1.35299532,-0.0996889033,-0.15457113,-0.571824398,1.41769626,14.0089724,0,13.0290844,15.880586,-18.6505914,59.0193368,3.37463745,-9.39514462,-10.9037174,-0.979779217,-15.0833424,34.3689177,74.1552204,7.38104905,-8.28773105,12.2249765,-1.79942251,-0.536587345,3.00552827,8.13209067,-4.8759713,0.496677483,-1.94025845,2.25550797,-10.2103704,6.84528816,-4.13082114,-3.01021698
1421,-3.11344732,0.74268207,106.38926,0.242392152,-1.35263127,-0.100506623,-0.154274417,-0.574734859,1.40998989,14.0009982,0,13.0342498,15.8772921,-18.6658227,59.0244731,3.36087206,-9.39777851,-10.9037601,-0.97490481,-15.0727812,34.3523306,74.1698028,7.33559841,-8.3073704,12.180068,-1.80003574,-0.548848335,3.01062188,8.13782974,-4.87649552,0.51611428,-1.93950372,2.24418736,-10.205836,6.84677244,-4.1337799,-3.0029313
1422,-3.1133417,0.744628441,106.388414,0.239254767,-1.35412438,-0.103709585,-0.147373538,-0.567267861,1.42022119,13.9946939,0,13.026255,15.8690754,-18.672407,59.031515,3.36345494,-9.39544344,-10.8926474,-0.986485716,-15.0788908,34.3669198,74.1557258,7.3705297,-8.30339011,12.1699559,-1.8007051,-0.546765501,3.01619745,8.14321022,-4.88111486,0.496601337,-1.94021747,2.24451627,-10.1990195,6.84785972,-4.12106123,-2.9891324
1423,-3.10960989,0.746788923,106.384242,0.249014126,-1.35231795,-0.101251268,-0.145869669,-0.580184229,1.4140276,13.9849686,0,13.0231234,15.8741314,-18.7010955,59.0447246,3.34556902,-9.38927066,-10.8939058,-0.996105184,-15.0737289,34.3860171,74.1639903,7.36767725,-8.31184759,12.1385473,-1.80559274,-0.561436961,3.01960977,8.15484545,-4.8938267,0.527797479,-1.93421096,2.22955154,-10.1921176,6.8365818,-4.13905835,-2.99706972
1424,-3.10473889,0.757482462,106.389892,0.225118067,-1.35156107,-0.0969385543,-0.156981279,-0.54935601,1.41080834,13.9926747,0,13.0258879,15.8566086,-18.6942141,59.0593753,3.3635623,-9.38926127,-10.879664,-1.00041941,-15.0759709,34.3632452,74.1609919,7.35312894,-8.31634271,12.1797675,-1.79623474,-0.539338844,3.02051007,8.13962693,-4.90155548,0.524679337,-1.93978931,2.25401707,-10.2095004,6.85616267,-4.13064868,-2.98797276
1425,-3.09965946,0.764746638,106.392574,0.221841731,-1.34965733,-0.0952530369,-0.158558399,-0.539154803,1.40571376,13.9943959,0,13.0244929,15.8436825,-18.7160109,59.0648941,3.34846396,-9.37057473,-10.8641151,-0.998596495,-15.0859208,34.3886228,74.1473725,7.37423252,-8.3166014,12.1599275,-1.79252232,-0.539570537,3.01595114,8.13343878,-4.89615409,0.511685863,-1.94021747,2.25418547,-10.2172364,6.85947745,-4.12808395,-3.00587106
1426,-3.0974891,0.771502638,106.390512,0.214607735,-1.3489658,-0.093005673,-0.167033664,-0.522889347,1.40864765,14.0009401,0,13.0224976,15.8214263,-18.717073,59.0749413,3.34285979,-9.36026455,-10.8572115,-1.00506938,-15.0911834,34.3896951,74.1457811,7.38571663,-8.31063182,12.1505522,-1.78979985,-0.535623488,3.00844583,8.12706536,-4.89734382,0.52196279,-1.94298071,2.25857195,-10.2282313,6.86885444,-4.13211504,-2.99538309
1427,-3.09203211,0.771541242,106.384003,0.225132526,-1.344978,-0.094350853,-0.156076559,-0.541030863,1.39520018,13.9964919,0,13.0305709,15.8266514,-18.7249209,59.0755492,3.33523729,-9.37030237,-10.8631794,-0.995466668,-15.0781719,34.3880525,74.1451527,7.39428339,-8.3152661,12.1394805,-1.79809148,-0.548744868,3.01686916,8.14226509,-4.91269211,0.526233525,-1.93062319,2.24519332,-10.2079551,6.83936724,-4.1462134,-2.99882614
1428,-3.08602769,0.778660132,106.385589,0.223236795,-1.34300841,-0.0839693624,-0.164197041,-0.53467057,1.39497116,13.9955451,0,13.0394168,15.8144031,-18.7209167,59.0677355,3.34052386,-9.36540939,-10.8573447,-0.997899709,-15.0856185,34.4014704,74.1363691,7.4515366,-8.30175172,12.1669455,-1.79668959,-0.550360368,3.00654831,8.13653969,-4.90535094,0.513292611,-1.92773957,2.24499012,-10.2252397,6.83911025,-4.13702296,-2.9973282
1429,-3.08435913,0.785327703,106.385112,0.215504896,-1.34172225,-0.0873955165,-0.156671413,-0.526276534,1.3889084,13.9929804,0,13.0380798,15.8098081,-18.7352499,59.0726532,3.33349645,-9.35895999,-10.8611551,-1.00306621,-15.0827618,34.4085533,74.1347776,7.46354407,-8.2919504,12.1513249,-1.7970757,-0.543033069,3.00907079,8.13693925,-4.90664739,0.495171533,-1.92657929,2.25426445,-10.2266425,6.83716962,-4.14070272,-3.05148776
1430,-3.08177415,0.790500734,106.386113,0.210020986,-1.34137862,-0.0856939519,-0.152113315,-0.520035876,1.38829625,13.9892127,0,13.0398352,15.8062855,-18.7395648,59.0712462,3.35994166,-9.35915806,-10.8611619,-1.01350018,-15.0789403,34.4218687,74.1468193,7.50329834,-8.28430656,12.1760655,-1.79632652,-0.538211009,3.00743112,8.13698024,-4.90655646,0.476335152,-1.92686787,2.25849853,-10.2297861,6.84047202,-4.13934522,-3.06708919
1431,-3.08026932,0.792337302,106.383657,0.210056119,-1.34062023,-0.0882378179,-0.152883232,-0.521919087,1.38742177,13.9965901,0,13.0455478,15.8054761,-18.7348196,59.0629953,3.36897138,-9.3615085,-10.8639572,-1.01834684,-15.0707612,34.4230879,74.1452415,7.48305451,-8.30947581,12.1266995,-1.79514297,-0.539941715,3.01050833,8.13789121,-4.91539387,0.487756402,-1.92621345,2.25544244,-10.2244098,6.83947481,-4.13712583,-3.04301939
1432,-3.07530686,0.793754961,106.382763,0.211240968,-1.33921487,-0.0976802184,-0.138745341,-0.519045285,1.38054313,13.9914726,0,13.0546618,15.8012482,-18.7249056,59.0615337,3.38583149,-9.3711792,-10.8733453,-1.01604539,-15.068024,34.4132524,74.1387733,7.44759729,-8.33851436,12.0910681,-1.79413168,-0.543741755,3.016908,8.14336817,-4.91999529,0.504744096,-1.92436546,2.25244186,-10.2201546,6.8378202,-4.13691111,-3.04414018
1433,-3.07269562,0.799694192,106.384075,0.204972565,-1.33935805,-0.098669209,-0.137696587,-0.507419556,1.38195815,13.9957799,0,13.0552663,15.7945512,-18.7329105,59.0605911,3.37908775,-9.3730242,-10.8621642,-1.02469582,-15.0670643,34.41162,74.1344634,7.47221756,-8.34198922,12.094858,-1.79214538,-0.539696415,3.0189291,8.14401448,-4.92656806,0.500346842,-1.92626574,2.25550584,-10.221612,6.83937876,-4.13328727,-3.05169544
1434,-3.07251923,0.802870374,106.38026,0.211107173,-1.33887575,-0.108262244,-0.132882998,-0.50780322,1.38323967,13.9943592,0,13.0535954,15.7866453,-18.7286007,59.064095,3.37992402,-9.36634684,-10.8734008,-1.03136454,-15.0661747,34.4095334,74.1155643,7.45981735,-8.31334853,12.0867378,-1.79306937,-0.549823985,3.0245322,8.14883147,-4.93827373,0.508283415,-1.92532083,2.24506418,-10.2145974,6.83678414,-4.14508386,-3.02131305
1435,-3.07116099,0.804049894,106.379867,0.21525098,-1.33794444,-0.109721746,-0.133271011,-0.510132475,1.38349132,14.0042587,0,13.0567194,15.7830577,-18.7190914,59.0664651,3.39071764,-9.35464416,-10.8719587,-1.03765675,-15.0623805,34.4048103,74.1066304,7.42660129,-8.30734394,12.0641947,-1.79323159,-0.556024249,3.02659513,8.15139791,-4.94327812,0.510230072,-1.92448328,2.24049436,-10.2140997,6.83703558,-4.15701833,-3.04089328
1436,-3.06835528,0.807091128,106.382203,0.212659657,-1.33741268,-0.111533534,-0.130060062,-0.503954409,1.38021165,14.0113348,0,13.0585004,15.7813194,-18.729924,59.0736026,3.38213252,-9.35132384,-10.8638547,-1.0469981,-15.0614004,34.4102711,74.1121082,7.377984,-8.31917468,12.0370678,-1.79181539,-0.556133852,3.03298499,8.15248135,-4.94260535,0.5215311,-1.92317082,2.23995243,-10.2165944,6.83803706,-4.14523498,-3.03152141
1437,-3.06669176,0.809524488,106.379974,0.222530686,-1.3390735,-0.114135164,-0.121198679,-0.506605109,1.38453014,14.0120699,0,13.0540496,15.7777694,-18.7395051,59.0771407,3.37374654,-9.35101136,-10.8656024,-1.04193778,-15.0690144,34.4135598,74.0849104,7.32858637,-8.28884693,11.9811371,-1.79551543,-0.56932775,3.03436341,8.1688721,-4.95218383,0.529450651,-1.92314968,2.22457618,-10.2031287,6.84341284,-4.16821045,-3.01430143
1438,-3.06166857,0.81444066,106.382096,0.211393174,-1.33857126,-0.109866955,-0.121310069,-0.493936069,1.37984624,14.0177005,0,13.0571463,15.7744961,-18.7432241,59.0765942,3.37515804,-9.34787545,-10.8586808,-1.04172007,-15.0699552,34.425137,74.076318,7.33183412,-8.24904059,11.9977506,-1.79274387,-0.559743821,3.02671445,8.16501816,-4.9473344,0.530742037,-1.92400645,2.23395381,-10.2045297,6.84700808,-4.15992287,-3.01677417
1439,-3.05921659,0.821853243,106.378973,0.196458351,-1.33861637,-0.109022496,-0.117967719,-0.469354858,1.37756378,14.0242823,0,13.0579343,15.7686819,-18.7536709,59.0762459,3.37205436,-9.35267878,-10.8504829,-1.05270739,-15.0822564,34.4620678,74.0776089,7.35219321,-8.23621179,11.9994949,-1.78295482,-0.545162488,3.02764805,8.15307728,-4.97282637,0.534709844,-1.92942321,2.24775336,-10.216042,6.86405325,-4.16858014,-3.00606166
1440,-3.05351131,0.822412036,106.382465,0.209513306,-1.33773078,-0.105057385,-0.111945146,-0.48071421,1.37079207,14.0273943,0,13.0712856,15.7695083,-18.7507117,59.0586923,3.37427268,-9.34910232,-10.8488155,-1.04632095,-15.0806581,34.4598036,74.0714345,7.33941051,-8.21783089,11.9866524,-1.78705784,-0.561470044,3.02449656,8.16528112,-4.96004367,0.547558283,-1.92394433,2.2297605,-10.2034958,6.86087209,-4.17222404,-2.98729038
1441,-3.050768,0.824648235,106.385398,0.20679741,-1.33759834,-0.101963061,-0.107444852,-0.478192056,1.36898335,14.0260803,0,13.067897,15.7675737,-18.7523475,59.0635281,3.37386948,-9.35092683,-10.8525866,-1.05257943,-15.0750232,34.4482879,74.0838449,7.32521396,-8.21902874,11.9791537,-1.78663341,-0.559883946,3.02338644,8.16579168,-4.95439425,0.535610735,-1.9231785,2.22972891,-10.2013144,6.86396147,-4.16015211,-2.97223088
1442,-3.04729119,0.826665107,106.387997,0.207589568,-1.33776176,-0.0937310566,-0.105741113,-0.47775375,1.36490989,14.0244471,0,13.0705872,15.7682396,-18.767473,59.0575175,3.35997709,-9.35120345,-10.8512359,-1.05944259,-15.0717567,34.4675798,74.1014463,7.34642084,-8.22785846,11.9760844,-1.78766061,-0.562796702,3.01686446,8.16944498,-4.94582365,0.533109658,-1.92222206,2.22643143,-10.2104925,6.87261702,-4.15747553,-2.95982598
1443,-3.04248091,0.828181766,106.388199,0.209798898,-1.33704063,-0.088298351,-0.110320322,-0.482283819,1.35854117,14.0291223,0,13.0815881,15.771711,-18.7593451,59.0398615,3.33803298,-9.32832915,-10.8677838,-1.06168919,-15.0606047,34.4812914,74.1160083,7.39112785,-8.2268604,11.9810081,-1.78968085,-0.566894709,3.01187522,8.17611807,-4.95487536,0.533312963,-1.91942531,2.22038543,-10.205614,6.86399562,-4.16581604,-2.96864973
1444,-3.04100681,0.829742663,106.385565,0.210057283,-1.33592274,-0.0874332195,-0.106429935,-0.484837616,1.35748185,14.017622,0,13.0813994,15.7747095,-18.7562459,59.0360571,3.33450518,-9.33839856,-10.8510208,-1.06414102,-15.056206,34.4794028,74.1123746,7.39172037,-8.22139027,11.9652782,-1.79001745,-0.56953431,3.01548434,8.17578681,-4.96849475,0.540415346,-1.91747081,2.21926101,-10.2062347,6.86413308,-4.18346995,-2.96230448
1445,-3.03595886,0.832149945,106.389403,0.205258016,-1.33477149,-0.0863751838,-0.105181445,-0.482967212,1.34905713,14.0155815,0,13.0921151,15.7689841,-18.7303373,59.029746,3.33715103,-9.34255302,-10.8500919,-1.05940172,-15.0493298,34.479075,74.1213153,7.39944787,-8.25497858,11.9287452,-1.78861491,-0.564839836,3.01513386,8.17797503,-4.97139929,0.545472301,-1.91670135,2.22381376,-10.2092596,6.86760324,-4.17924206,-2.98204138
1446,-3.03400829,0.833354425,106.384897,0.207398309,-1.33455852,-0.0831168515,-0.109787327,-0.488688136,1.34428912,14.0142163,0,13.0955319,15.7675173,-18.7193048,59.0310574,3.33512673,-9.33067105,-10.8346608,-1.06105708,-15.038398,34.4723575,74.1305293,7.42967914,-8.25129626,11.9736375,-1.78869421,-0.569186344,3.01250467,8.17930863,-4.97512132,0.55472742,-1.91596753,2.21778548,-10.2142388,6.86669568,-4.17068042,-2.96620345
1447,-3.0316893,0.836772285,106.37902,0.195975271,-1.33521793,-0.0805555942,-0.105583952,-0.477445751,1.3416388,13.9993709,0,13.094206,15.7718152,-18.7316008,59.0312828,3.31610743,-9.32878848,-10.8151879,-1.06220135,-15.0292814,34.4759194,74.15214,7.41204445,-8.29187441,11.9418942,-1.78648624,-0.559546012,3.0192085,8.18209364,-4.99280382,0.570841598,-1.9178676,2.22613239,-10.2129829,6.87384091,-4.16571871,-2.93183287
1448,-3.0270189,0.840118527,106.379151,0.193033218,-1.33408846,-0.0788388303,-0.102613827,-0.477813621,1.33484617,13.9866471,0,13.0904819,15.7719706,-18.7244804,59.0439118,3.32665004,-9.32007145,-10.8014328,-1.05525516,-15.0201495,34.4839859,74.1587926,7.42118153,-8.29633623,11.9427753,-1.78564923,-0.556754332,3.01106115,8.18282617,-4.99176179,0.560340395,-1.91703112,2.23080019,-10.2165509,6.87699475,-4.185122,-2.96319838
1449,-3.02476119,0.844893605,106.38088,0.185705861,-1.33468016,-0.0671186742,-0.10926335,-0.471203065,1.33072789,13.9717137,0,13.0911675,15.7721089,-18.7288158,59.0505439,3.32298137,-9.3134086,-10.7882334,-1.06536693,-15.0203885,34.519759,74.1628087,7.42427902,-8.27420471,11.9514232,-1.78505692,-0.550982076,2.99998856,8.17916092,-4.99229156,0.556799689,-1.91847357,2.23914753,-10.2401415,6.89060604,-4.18999748,-2.99071956
1450,-3.02210767,0.850717071,106.384981,0.181671785,-1.3366981,-0.0558207547,-0.113745261,-0.465121102,1.3315759,13.9580465,0,13.0865187,15.7681525,-18.7365783,59.0555709,3.32178289,-9.29580721,-10.782222,-1.07047122,-15.0152266,34.5372409,74.183149,7.45666351,-8.27212577,11.9821607,-1.78463473,-0.548467766,2.98402214,8.18244027,-4.98785578,0.541642432,-1.9221687,2.23922992,-10.2578726,6.90689689,-4.19022202,-3.00895937
1451,-3.01976651,0.851558335,106.383514,0.184638346,-1.33635893,-0.0489112066,-0.104246876,-0.470639254,1.32812591,13.9426684,0,13.0779485,15.7754881,-18.7497077,59.067715,3.32485839,-9.2978759,-10.7885263,-1.06161022,-15.0094295,34.5392694,74.180738,7.4565585,-8.25317627,12.0149192,-1.78441862,-0.552614331,2.98102667,8.18471045,-4.98568122,0.539905056,-1.92092133,2.23536788,-10.2652142,6.91142274,-4.19013194,-3.01402716
1452,-3.01751569,0.851704367,106.377864,0.193499549,-1.33745497,-0.0513637126,-0.0958371056,-0.477674936,1.32721376,13.9354412,0,13.0674496,15.7786898,-18.7784577,59.0852344,3.31112288,-9.28877382,-10.7769901,-1.06976152,-14.9974698,34.5345429,74.2022531,7.42510889,-8.25367231,12.0409055,-1.78817533,-0.564695708,2.98446183,8.19944317,-4.99768058,0.538639924,-1.91716025,2.22064796,-10.2393364,6.90685036,-4.20621661,-3.00291914
1453,-3.01265586,0.860444456,106.375778,0.176478234,-1.33817224,-0.040335746,-0.0991412163,-0.448707677,1.32816369,13.9321242,0,13.0521287,15.7613155,-18.7863277,59.1046527,3.32792942,-9.28220062,-10.7722286,-1.06536362,-15.0047611,34.534297,74.2053335,7.4313551,-8.25672455,12.0927441,-1.78063885,-0.548537295,2.97629079,8.19084055,-5.00876683,0.539633343,-1.92063767,2.23640585,-10.2549835,6.92461654,-4.2143074,-3.014374
1454,-3.00840084,0.865996163,106.378067,0.166063535,-1.33800916,-0.028499602,-0.0991790225,-0.433329132,1.31960706,13.9173027,0,13.0565256,15.7471138,-18.7928642,59.1051991,3.31854751,-9.27572218,-10.753396,-1.05538002,-15.0053263,34.5466085,74.2038923,7.40044593,-8.22908534,12.1140517,-1.77144798,-0.540692716,2.95800274,8.17451981,-5.00361729,0.539064249,-1.92754171,2.24542939,-10.2782744,6.95104766,-4.22328696,-2.99936872
1455,-3.00426837,0.863386504,106.3797,0.173658926,-1.33759726,-0.0253204653,-0.0930298579,-0.440082615,1.31721564,13.9255084,0,13.0675324,15.7380058,-18.7750835,59.0892984,3.32439159,-9.26938718,-10.7371146,-1.06110991,-14.9978574,34.549723,74.2136185,7.33940453,-8.21340237,12.1514888,-1.77762973,-0.547723168,2.95185942,8.19005166,-5.01337678,0.537936254,-1.92253177,2.23451261,-10.2619895,6.94707462,-4.24054088,-3.00978796
1456,-3.00308056,0.8619776,106.38119,0.180839851,-1.33716021,-0.0225215229,-0.0800718151,-0.450243562,1.31752919,13.9285973,0,13.0695832,15.7350978,-18.7681492,59.0751872,3.318587,-9.26018179,-10.7339633,-1.05978773,-14.9844037,34.5617715,74.2197315,7.305981,-8.23725851,12.1172098,-1.77809023,-0.556595477,2.9490187,8.19219292,-5.00549047,0.544504228,-1.92091002,2.22459411,-10.2600301,6.94700931,-4.23530297,-2.9701005
1457,-2.99864858,0.861166697,106.376791,0.182313214,-1.33629162,-0.0255994157,-0.0702586275,-0.45630877,1.31292959,13.9320679,0,13.0729863,15.7377513,-18.7723942,59.0686644,3.32133444,-9.25412085,-10.7277751,-1.0634215,-14.9673777,34.5819615,74.2340476,7.31641155,-8.23130344,12.1170314,-1.77821478,-0.55846807,2.95934082,8.19845706,-5.03261102,0.534220685,-1.91853803,2.22018586,-10.2473866,6.93984743,-4.24601271,-2.96358023
1458,-2.99126729,0.866539869,106.381309,0.173257465,-1.33488446,-0.0268157658,-0.0711472324,-0.448312113,1.29824575,13.9517807,0,13.0924473,15.7373159,-18.7572089,59.057497,3.31651681,-9.27099654,-10.7342707,-1.04864108,-14.9589749,34.5952155,74.2211727,7.29467448,-8.21535495,12.1104812,-1.77357089,-0.55148276,2.95605827,8.19624749,-5.02831483,0.547420132,-1.91877004,2.22749096,-10.2477853,6.94413935,-4.24033768,-2.95826101
1459,-2.98385229,0.864953641,106.387055,0.180136919,-1.33314672,-0.0261630053,-0.0618436343,-0.458696615,1.28455432,13.9685736,0,13.1144396,15.7353881,-18.7457684,59.0402098,3.32685558,-9.26659534,-10.7247758,-1.02613934,-14.9479783,34.5950106,74.2084139,7.32205329,-8.1819613,12.1449387,-1.77287869,-0.559624613,2.95644311,8.20013643,-5.01485039,0.546125758,-1.91706377,2.21993165,-10.2450046,6.94734612,-4.24471924,-2.96484937
1460,-2.98147816,0.864596758,106.384504,0.177495503,-1.33268332,-0.0232939477,-0.057016158,-0.459476804,1.28231903,13.9846194,0,13.1265939,15.7308443,-18.7226943,59.0251971,3.33013728,-9.27959404,-10.721505,-1.0124605,-14.93712,34.5816678,74.1973285,7.31716714,-8.18332819,12.14381,-1.77321775,-0.556552575,2.94583049,8.20209158,-5.02600196,0.55773281,-1.91764092,2.22284835,-10.2499898,6.94896232,-4.2560104,-2.97253589
1461,-2.97531448,0.864120945,106.37989,0.177526265,-1.32894587,-0.0309602483,-0.0307504721,-0.460573103,1.27058242,13.9870817,0,13.1269935,15.7411118,-18.7319714,59.0225879,3.3373126,-9.280908,-10.7351074,-1.01146756,-14.9206404,34.603661,74.2097868,7.33849356,-8.21194242,12.0866515,-1.77856621,-0.556799956,2.96103983,8.21487427,-5.04494762,0.563689376,-1.9070409,2.22196406,-10.2247343,6.92466862,-4.2541718,-2.95088398
1462,-2.97170114,0.865309872,106.378913,0.182852879,-1.32750749,-0.0339388696,-0.0175667446,-0.465574775,1.26666648,14.0083133,0,13.1208779,15.7410981,-18.7425582,59.0376007,3.33812134,-9.28377156,-10.7362796,-0.995180653,-14.9194742,34.5924903,74.1977998,7.33140467,-8.21559315,12.1087737,-1.7768655,-0.564727564,2.96369507,8.21369692,-5.05050782,0.57718092,-1.9059914,2.21430037,-10.2286702,6.9262259,-4.26122738,-2.91669974
1463,-2.96597276,0.868604612,106.380737,0.1770617,-1.32699736,-0.0360771335,-0.00950107995,-0.460675182,1.25553348,14.0176135,0,13.1290571,15.7471958,-18.7380366,59.0457969,3.35157276,-9.26406646,-10.7641254,-0.981186343,-14.9096882,34.5932279,74.1963518,7.34483539,-8.23204537,12.0876317,-1.77487087,-0.557838999,2.96251152,8.21912692,-5.04781545,0.573124909,-1.90692649,2.22045138,-10.2281468,6.93112699,-4.26020243,-2.94976511
1464,-2.96006184,0.870537106,106.382978,0.176756454,-1.32554605,-0.030234076,-0.00680450884,-0.465683792,1.24624848,14.0384182,0,13.1391085,15.7618414,-18.733807,59.0474567,3.35929301,-9.25345662,-10.784347,-0.980478244,-14.8984816,34.6263817,74.2044251,7.36391979,-8.23598639,12.0768143,-1.7715403,-0.558011034,2.95630736,8.21476584,-5.03973832,0.564820679,-1.90628253,2.22324664,-10.2473268,6.93926985,-4.26195821,-2.97839534
1465,-2.95609944,0.871885475,106.377864,0.17929186,-1.32348063,-0.0397265796,0.00843527112,-0.468016675,1.23725579,14.0496342,0,13.1373429,15.758662,-18.7289883,59.0696616,3.35832611,-9.26077175,-10.7755054,-0.983921193,-14.8876506,34.6021174,74.2178327,7.30616029,-8.24050456,12.074831,-1.77346449,-0.561142782,2.96964181,8.22044259,-5.05418118,0.567105858,-1.90343584,2.21911139,-10.2302471,6.93170243,-4.26615878,-2.98362022
1466,-2.95447372,0.8729822,106.37846,0.181235043,-1.32221797,-0.0528209451,0.0331476384,-0.470312099,1.23752025,14.0576956,0,13.1287472,15.7612506,-18.734058,59.0843055,3.35631355,-9.26084774,-10.7855073,-1.00628003,-14.8835337,34.6428766,74.2407822,7.3460264,-8.24034063,12.0840091,-1.77416725,-0.563646313,2.98289857,8.22512383,-5.05667207,0.571978664,-1.90105936,2.21574602,-10.2197465,6.92238733,-4.25116395,-2.97328807
1467,-2.94650719,0.877262279,106.380117,0.171781885,-1.31995238,-0.0533517844,0.0343604372,-0.456112402,1.22729844,14.0657074,0,13.1416417,15.7577553,-18.724687,59.0895306,3.34591352,-9.26448823,-10.7937522,-1.00010778,-14.8769307,34.6043509,74.2390883,7.33733328,-8.22845269,12.0951748,-1.76806394,-0.555161564,2.98760777,8.21957174,-5.06252383,0.575792791,-1.90112318,2.22291345,-10.2226485,6.92644831,-4.23593434,-2.94530777
1468,-2.94349063,0.87544946,106.378114,0.185057567,-1.31898641,-0.0630361894,0.0526905272,-0.461877936,1.22443286,14.0738037,0,13.1441117,15.7586244,-18.7320072,59.0952065,3.34421131,-9.26709309,-10.8034784,-0.998996381,-14.8840836,34.6263919,74.2363425,7.33918938,-8.25131931,12.0602392,-1.7732487,-0.571546708,3.00097851,8.23568586,-5.06912222,0.590600374,-1.89665431,2.20561664,-10.198707,6.91599428,-4.24768397,-2.94236503
1469,-2.93944124,0.882335007,106.374967,0.177368822,-1.31622922,-0.0713910113,0.0555601204,-0.451203044,1.21854043,14.0807611,0,13.1459644,15.7527197,-18.7258703,59.1059709,3.3510923,-9.26289935,-10.8047616,-1.00347208,-14.8849442,34.6072605,74.2304481,7.34978642,-8.24522934,12.0533928,-1.76501672,-0.565990136,3.00613914,8.22198194,-5.07971627,0.5874309,-1.90077911,2.21435971,-10.2063167,6.9247779,-4.26037788,-2.96836094
1470,-2.93687545,0.887515023,106.375802,0.174635608,-1.31469813,-0.0693094164,0.0530984109,-0.448667603,1.21310542,14.0778455,0,13.1486896,15.7491253,-18.7280201,59.1135387,3.34114541,-9.26718786,-10.8104862,-1.00873997,-14.8878504,34.6128681,74.2123549,7.40847482,-8.22457229,12.0447287,-1.75921244,-0.565745316,2.9964962,8.20904215,-5.07178429,0.581801703,-1.9050738,2.21592745,-10.2246813,6.93394487,-4.26398208,-2.98608976
1471,-2.93210037,0.888205227,106.373203,0.181573995,-1.31042824,-0.0743868195,0.0662257076,-0.453418746,1.19988719,14.0803043,0,13.1661382,15.7530868,-18.7379905,59.1030612,3.33550965,-9.27089494,-10.8027083,-1.0123558,-14.888793,34.6017691,74.2192807,7.39895098,-8.24685151,12.0307942,-1.75765655,-0.574807109,3.00963705,8.20501575,-5.08083472,0.584672944,-1.89926088,2.20765396,-10.2238643,6.91497957,-4.26527769,-2.97768543
1472,-2.92768925,0.890890229,106.375039,0.178496847,-1.30901948,-0.0733401338,0.0691569193,-0.450506951,1.20154607,14.0806194,0,13.1688165,15.7472778,-18.7276837,59.1025695,3.35126497,-9.27054234,-10.8135546,-1.01820949,-14.8875379,34.5769004,74.2192124,7.42400923,-8.26025405,12.0379053,-1.75665465,-0.572625024,3.00980546,8.20555107,-5.08364107,0.587047609,-1.89736935,2.20839738,-10.2193649,6.91822262,-4.26251573,-2.94865648
1473,-2.92588882,0.893534254,106.376374,0.176372559,-1.31015269,-0.0672664795,0.0653500227,-0.445215662,1.20103701,14.0837058,0,13.1742294,15.7467655,-18.7366859,59.1061758,3.35263293,-9.26898761,-10.8169663,-1.02494502,-14.8881151,34.5755172,74.2232901,7.40144058,-8.2690445,12.0406007,-1.75526833,-0.572438208,3.00126516,8.20624262,-5.08221484,0.593226529,-1.90147557,2.20748555,-10.2203971,6.93163327,-4.27279047,-2.95675261
1474,-2.91803386,0.898231473,106.37821,0.171183862,-1.30812926,-0.0611865296,0.0600574398,-0.43704142,1.1944209,14.0868101,0,13.1796526,15.7473614,-18.7518438,59.1077945,3.33274748,-9.26349187,-10.8306754,-1.02489294,-14.8937995,34.5836452,74.2087008,7.43569056,-8.27571845,12.0346072,-1.7529069,-0.569051181,2.99627955,8.20255859,-5.07802537,0.58430849,-1.89906409,2.21137812,-10.2182789,6.93133403,-4.27340732,-2.97469445
1475,-2.91665159,0.903036818,106.375444,0.172208646,-1.30741416,-0.0577226756,0.0560139478,-0.431848609,1.19878955,14.0848968,0,13.1835987,15.7343875,-18.7448412,59.1076443,3.3441302,-9.26666791,-10.8339419,-1.02939296,-14.9058838,34.5960181,74.1932167,7.42736115,-8.27378209,12.0150814,-1.7480723,-0.573129764,2.99170653,8.1914971,-5.08387842,0.582379975,-1.90238121,2.20916706,-10.2317088,6.94387596,-4.28817974,-2.97188062
1476,-2.91014072,0.905881356,106.378996,0.16687811,-1.30320864,-0.0486728448,0.044414379,-0.43022924,1.18590461,14.092258,0,13.198398,15.7358338,-18.7466836,59.1062578,3.33880116,-9.27059954,-10.8497751,-1.02496487,-14.9039833,34.5887029,74.191878,7.45209668,-8.27591226,12.0350682,-1.7420978,-0.568823223,2.98365523,8.17906274,-5.08280864,0.578721235,-1.89867007,2.21463825,-10.2345587,6.94041476,-4.28636675,-2.95799976
1477,-2.9056685,0.902372878,106.383109,0.18110899,-1.29976593,-0.0374617113,0.039531374,-0.454971067,1.1804521,14.0890786,0,13.2029051,15.7364126,-18.7452595,59.1127055,3.35017449,-9.26611552,-10.8363214,-1.02912893,-14.894836,34.597309,74.1950199,7.45162625,-8.28533451,12.0034624,-1.7445222,-0.58478068,2.97123901,8.17825251,-5.06535922,0.575898979,-1.89236111,2.19523134,-10.2262984,6.92460117,-4.27782773,-2.94122374
1478,-2.90309004,0.90248147,106.384182,0.188360139,-1.29885725,-0.0366034022,0.0372493204,-0.45314095,1.17615345,14.0976675,0,13.2080798,15.7281823,-18.7605574,59.1128625,3.34296032,-9.245251,-10.8251421,-1.04127152,-14.9018967,34.6031112,74.2059414,7.43575716,-8.27342778,12.0158191,-1.74195949,-0.595979148,2.975967,8.1733527,-5.0581602,0.583800121,-1.89713093,2.18528722,-10.2263214,6.93224159,-4.28959401,-2.9473389
1479,-2.89641935,0.911375321,106.38622,0.162770438,-1.29339278,-0.034718637,0.0394696322,-0.430577633,1.16684358,14.0769208,0,13.2038963,15.7279517,-18.781369,59.1200547,3.34589324,-9.23916445,-10.8298873,-1.04791217,-14.892524,34.5833549,74.2251001,7.45029351,-8.26772286,12.0260123,-1.73122318,-0.569358113,2.97030477,8.14617282,-5.06217251,0.578364998,-1.89727928,2.21411062,-10.2392561,6.92897121,-4.27510633,-2.9777215
1480,-2.8955806,0.911341049,106.381738,0.160385245,-1.29277804,-0.0339235931,0.0342245538,-0.429164158,1.16645693,14.077504,0,13.2114505,15.7195079,-18.7698653,59.1096933,3.33430028,-9.22332097,-10.8227788,-1.05278433,-14.8933334,34.5896284,74.212232,7.46397694,-8.2474039,12.0279845,-1.72986184,-0.567883966,2.97366672,8.14535405,-5.07316484,0.580085885,-1.89782484,2.2146152,-10.2323516,6.92737636,-4.28421225,-2.9526118
1481,-2.891686,0.912893936,106.381655,0.164160762,-1.28798886,-0.0461206221,0.045777005,-0.43545164,1.16027945,14.0744526,0,13.2230225,15.7160621,-18.7726298,59.0940932,3.32637555,-9.21640711,-10.8041273,-1.04441074,-14.8902786,34.5555082,74.2116241,7.46716407,-8.25291416,12.0323251,-1.72288672,-0.574791421,2.98117288,8.13083904,-5.06954996,0.588201911,-1.89656701,2.20984346,-10.2336417,6.9194384,-4.27810265,-2.91629206
1482,-2.88890153,0.914183352,106.383669,0.156129272,-1.28703868,-0.0600466004,0.0553175053,-0.430484439,1.16181614,14.0756351,0,13.231562,15.710615,-18.7567001,59.0823316,3.33911471,-9.21539112,-10.7928438,-1.05062429,-14.8833971,34.5519497,74.220961,7.46079919,-8.25932258,12.036494,-1.72135463,-0.564837488,2.99878666,8.1338392,-5.0778781,0.596323486,-1.89831063,2.2186004,-10.2199344,6.92048555,-4.26365424,-2.93442088
1483,-2.88486667,0.914986245,106.383574,0.154896028,-1.28319395,-0.0739013627,0.0735818814,-0.426028674,1.15599127,14.0676796,0,13.2396267,15.7029959,-18.7587987,59.0771475,3.34216247,-9.21623209,-10.7754422,-1.05628043,-14.8703207,34.5499245,74.2496546,7.44292715,-8.28614815,12.0172466,-1.72167885,-0.563117027,3.01176103,8.13352843,-5.08142638,0.603272723,-1.89870294,2.21927702,-10.2018719,6.90884904,-4.25784132,-2.93431842
1484,-2.88487859,0.919114798,106.384563,0.155222238,-1.28123664,-0.089352113,0.089044736,-0.426944293,1.16437532,14.049472,0,13.2256453,15.6992188,-18.7775219,59.0796268,3.33660333,-9.21483702,-10.7567736,-1.06741919,-14.868118,34.5612592,74.2511094,7.47235587,-8.26254643,12.0455654,-1.71706057,-0.564618281,3.01899164,8.12034872,-5.07394946,0.584105345,-1.90349539,2.22318944,-10.2060785,6.91588755,-4.26674447,-2.98178717
1485,-2.88133174,0.920681842,106.38032,0.156478556,-1.28025098,-0.0999172882,0.0999857185,-0.431408595,1.16353361,14.045712,0,13.2350215,15.6994391,-18.7842377,59.0599013,3.3184425,-9.21349318,-10.7548534,-1.08763762,-14.8573417,34.5907315,74.2816813,7.47304487,-8.2729471,12.0529036,-1.71498003,-0.564894104,3.02682074,8.12079269,-5.08063365,0.57684464,-1.90469686,2.22198092,-10.1986814,6.91350424,-4.26080007,-2.96404405
1486,-2.88109668,0.91789579,106.379044,0.162108182,-1.27812784,-0.118582787,0.118572671,-0.439357601,1.16830183,14.0431763,0,13.2470272,15.6962648,-18.7566779,59.0403533,3.34275861,-9.22229303,-10.746244,-1.07779681,-14.849306,34.5733521,74.274011,7.48297682,-8.29119481,12.0745476,-1.7111246,-0.569845724,3.03817252,8.11730758,-5.07421498,0.595331668,-1.90510048,2.21688901,-10.1881398,6.90788983,-4.25357971,-2.95234329
1487,-2.87916027,0.92042163,106.379688,0.159162274,-1.27706625,-0.131374149,0.138177208,-0.438051701,1.171226,14.0286195,0,13.2404242,15.6866308,-18.7535975,59.0459472,3.34194838,-9.23227279,-10.741818,-1.07356839,-14.8426055,34.5511266,74.2817565,7.42762496,-8.29652748,12.0945481,-1.70827236,-0.564858352,3.04540483,8.11718635,-5.08066439,0.590302674,-1.90599652,2.2220108,-10.1768589,6.90936344,-4.2478368,-2.96914278
1488,-2.8768301,0.921495724,106.379616,0.161833841,-1.27577856,-0.146991937,0.155009983,-0.441814735,1.16498129,14.0134419,0,13.2431733,15.6743979,-18.7421859,59.0604955,3.35571121,-9.23989784,-10.7424472,-1.07621146,-14.8278455,34.5674508,74.3081483,7.44002517,-8.32415815,12.105222,-1.7085778,-0.567273624,3.06603264,8.12293737,-5.09046742,0.585294171,-1.9046324,2.2173714,-10.1568635,6.89938795,-4.24634141,-2.97824017
1489,-2.87114959,0.922164507,106.380463,0.161292013,-1.27398126,-0.15721413,0.175034083,-0.442868585,1.16054999,13.9940681,0,13.2437155,15.6690021,-18.7448138,59.0652698,3.35737031,-9.23721357,-10.7523408,-1.05521161,-14.8203699,34.5662077,74.2929716,7.4208682,-8.29853555,12.0808629,-1.70571189,-0.564389577,3.07599469,8.12271624,-5.0921485,0.568091913,-1.90447104,2.21931352,-10.1499958,6.89912755,-4.23518387,-2.98243775
1490,-2.86922101,0.920009892,106.377864,0.167501277,-1.27064193,-0.177231723,0.191996191,-0.453164482,1.16138445,13.9878441,0,13.2469325,15.663514,-18.7432685,59.0538087,3.3623318,-9.2276274,-10.7486158,-1.0618989,-14.8053093,34.5724778,74.3016596,7.4173737,-8.29675458,12.0815093,-1.70398161,-0.571799745,3.09409021,8.1174587,-5.09004395,0.596420923,-1.90403284,2.2150487,-10.1332832,6.88910681,-4.23397237,-2.96996731
1491,-2.86885221,0.915452465,106.376112,0.178657119,-1.26910614,-0.196448041,0.20604605,-0.468631552,1.16394908,13.9848217,0,13.2468958,15.6621787,-18.7354258,59.0518485,3.35795899,-9.23484947,-10.7610134,-1.04867651,-14.7936502,34.5650397,74.2906562,7.42808173,-8.30088855,12.046712,-1.70293841,-0.581864402,3.10551028,8.12249767,-5.09809375,0.594750728,-1.90395322,2.20438251,-10.1123128,6.881419,-4.24936121,-2.93858943
1492,-2.86296587,0.914736837,106.385207,0.180728708,-1.2662686,-0.206854527,0.21346665,-0.474268913,1.15832858,13.9763847,0,13.2500863,15.6544982,-18.7097801,59.0584055,3.36096448,-9.24744349,-10.7829093,-1.04726501,-14.7770408,34.5669727,74.3121098,7.43189383,-8.31555553,12.0455816,-1.69903432,-0.58206696,3.11815083,8.11856434,-5.08601499,0.578809173,-1.90430242,2.20407665,-10.1123657,6.88058231,-4.23720475,-2.96998909
1493,-2.86010765,0.914556533,106.385088,0.1783241,-1.26431339,-0.231512932,0.23780811,-0.475131544,1.16343767,13.9723336,0,13.2529345,15.6487608,-18.683308,59.0551884,3.39886947,-9.26244515,-10.7897164,-1.03947902,-14.7685082,34.5156199,74.3079366,7.40759458,-8.34427733,12.0529061,-1.69970816,-0.577657273,3.14342552,8.12992977,-5.10293337,0.577571949,-1.90175796,2.20772653,-10.0833707,6.87142943,-4.23037627,-2.97311646
1494,-2.85726599,0.911271945,106.37939,0.178735612,-1.26280577,-0.235066779,0.243740103,-0.476581252,1.16715489,13.977872,0,13.2394133,15.6346735,-18.6753167,59.0708842,3.37242276,-9.27887944,-10.791733,-1.02564212,-14.7633839,34.5062591,74.2970834,7.41658482,-8.33884733,12.0782402,-1.69348639,-0.576420048,3.14134743,8.1177857,-5.10523173,0.5855566,-1.90804515,2.20930622,-10.0865877,6.88339122,-4.24869271,-2.9670107
1495,-2.85271127,0.904775597,106.383181,0.185287009,-1.26114686,-0.246860537,0.254377055,-0.491052021,1.16371258,13.98092,0,13.247087,15.6294604,-18.6603107,59.0627563,3.37032739,-9.28128025,-10.7851223,-1.0205245,-14.750205,34.5193492,74.2971244,7.40113237,-8.34395973,12.0505446,-1.69333836,-0.582322719,3.15704299,8.12189832,-5.09673198,0.597182916,-1.90707291,2.20481473,-10.0728872,6.88057035,-4.25076951,-2.95815813
1496,-2.84334142,0.906026177,106.388664,0.172903571,-1.25650446,-0.25392337,0.250065312,-0.486846919,1.15183286,13.9833473,0,13.2688138,15.6234396,-18.6298788,59.0556392,3.38505114,-9.29725435,-10.7809234,-1.00973034,-14.7445889,34.529089,74.2963321,7.43703099,-8.33777499,12.0885998,-1.6801037,-0.566096857,3.15569446,8.09923661,-5.09820858,0.597411781,-1.91102098,2.22155232,-10.0786613,6.88667953,-4.24395384,-2.94642878
1497,-2.84001771,0.906743668,106.384587,0.158520234,-1.2514512,-0.258696183,0.251390582,-0.474774667,1.14422872,13.9734785,0,13.2771834,15.6181257,-18.6236685,59.0483241,3.38304029,-9.28519565,-10.7896217,-0.993058065,-14.7365054,34.5156882,74.2930399,7.43176491,-8.30562956,12.1171603,-1.67722157,-0.544676424,3.17216653,8.09766396,-5.14936627,0.577098264,-1.90737622,2.24009543,-10.0670645,6.87682613,-4.25314471,-2.941974
1498,-2.83498038,0.902889296,106.387258,0.175931015,-1.25034193,-0.261187449,0.246408519,-0.502829562,1.13828827,13.9836111,0,13.2756645,15.6206887,-18.6098749,59.0655703,3.39594145,-9.27650082,-10.8143034,-1.00008185,-14.7141912,34.4886338,74.3302576,7.42634003,-8.31361149,12.1713416,-1.67465225,-0.564691973,3.15734331,8.08681847,-5.09837165,0.574740248,-1.91151339,2.22417341,-10.0817477,6.88769467,-4.2554896,-2.94295178
1499,-2.83027496,0.90149818,106.38696,0.163879351,-1.24832543,-0.261172411,0.247225501,-0.499440828,1.13593239,13.9742827,0,13.2656754,15.6265525,-18.6202807,59.0757815,3.41355843,-9.26424746,-10.8213769,-1.00556521,-14.7014699,34.4843001,74.3549556,7.40284504,-8.30924956,12.1921762,-1.67110887,-0.547878235,3.15443258,8.07924038,-5.09479648,0.561391711,-1.91413319,2.24101111,-10.0850364,6.89225467,-4.24755548,-2.9693987
1500,-2.82247905,0.89471871,106.387341,0.167130486,-1.24532689,-0.262721357,0.252254174,-0.517111114,1.12815931,13.96745,0,13.266337,15.6424412,-18.6274592,59.0751462,3.41225451,-9.24615685,-10.8140131,-0.993186879,-14.6807949,34.4539569,74.3571959,7.3796574,-8.28714024,12.2055011,-1.67139137,-0.5476427,3.16046876,8.08224395,-5.09977099,0.56371739,-1.90988354,2.24241492,-10.0829148,6.88749702,-4.2583173,-2.97758724
1501,-2.81703267,0.894940924,106.37759,0.151563262,-1.24066555,-0.26484821,0.243825667,-0.502734953,1.11767721,13.9722175,0,13.2693065,15.636545,-18.6145604,59.0895511,3.40514876,-9.27491536,-10.8004313,-0.997246679,-14.6843757,34.457734,74.3597231,7.36268523,-8.31699414,12.1651876,-1.66210071,-0.526660626,3.16151677,8.06973873,-5.14939829,0.56567568,-1.9097162,2.26220604,-10.084788,6.88627143,-4.27580215,-2.96044198
1502,-2.81327348,0.889968034,106.386113,0.154714963,-1.24112077,-0.27131819,0.240271754,-0.511888474,1.11722045,13.9658193,0,13.2711421,15.6426034,-18.6014533,59.0865732,3.40174647,-9.26496036,-10.803919,-0.99920054,-14.6760172,34.4496266,74.3669289,7.3630182,-8.3244843,12.1492007,-1.66334412,-0.528565288,3.15945853,8.0756588,-5.12193325,0.570769027,-1.91099664,2.26053371,-10.0795338,6.89324932,-4.25373765,-2.95939504
1503,-2.80851014,0.883538648,106.382346,0.174650262,-1.2401474,-0.277178115,0.235004691,-0.535096229,1.11194316,13.9620823,0,13.2673445,15.6551863,-18.6264672,59.0943527,3.38475104,-9.2408848,-10.7808474,-1.0016307,-14.6700955,34.4218892,74.3798653,7.40701828,-8.3332073,12.2223845,-1.66558485,-0.548642149,3.16914972,8.08451841,-5.12141116,0.566164946,-1.90948589,2.23823037,-10.0627162,6.88801398,-4.27268417,-2.96004028
1504,-2.80288812,0.87757716,106.379116,0.176547035,-1.23904715,-0.273555871,0.216456352,-0.547075688,1.10386518,13.95231,0,13.2631841,15.6730029,-18.6465684,59.1084434,3.39189691,-9.22920005,-10.7735733,-1.01134632,-14.6631287,34.4045918,74.3922143,7.36587066,-8.35729226,12.1927261,-1.66667352,-0.54839226,3.16500828,8.08822976,-5.1247682,0.556466878,-1.90913264,2.24005445,-10.0735293,6.89183248,-4.28021872,-2.98034109
1505,-2.7975237,0.877550431,106.376636,0.16980155,-1.23812636,-0.271504743,0.201124352,-0.542946038,1.10036717,13.9532654,0,13.2630133,15.6788119,-18.6556901,59.1093655,3.40161606,-9.2212463,-10.7527421,-1.01909261,-14.6654817,34.4179858,74.3827818,7.42626661,-8.32447149,12.2289039,-1.66465957,-0.539270596,3.16217674,8.08498713,-5.13172859,0.551469847,-1.90888313,2.24919154,-10.0805464,6.89476946,-4.27980635,-2.98288961
1506,-2.79419143,0.874514226,106.374538,0.168961205,-1.23718222,-0.268866174,0.183056033,-0.548593164,1.09836475,13.9386428,0,13.2637108,15.6930631,-18.6558216,59.1023441,3.37755928,-9.25339429,-10.7564585,-1.03433183,-14.6624149,34.3889745,74.3917976,7.40101028,-8.33127863,12.2197762,-1.66177531,-0.536611091,3.1525086,8.08443218,-5.14234953,0.570770254,-1.91125619,2.25397417,-10.0941778,6.90573234,-4.29302362,-2.96806468
1507,-2.78860815,0.867097825,106.380355,0.182158472,-1.23605441,-0.266393588,0.17291547,-0.567111834,1.08633412,13.9293102,0,13.278739,15.6960172,-18.6428306,59.0872835,3.37233248,-9.2690081,-10.7531732,-1.0320323,-14.6729402,34.3670052,74.3677144,7.39016906,-8.31012126,12.1869844,-1.66568346,-0.546975476,3.15228278,8.09782276,-5.13670182,0.553822634,-1.9075299,2.24276305,-10.0943383,6.90879099,-4.30132999,-3.01550483
1508,-2.78422032,0.867037196,106.380999,0.168650748,-1.23585136,-0.260481989,0.163513875,-0.556027985,1.07978247,13.9094796,0,13.2845096,15.702511,-18.6462184,59.0758771,3.33472076,-9.26825337,-10.7553486,-1.03865662,-14.6737786,34.3514017,74.3691078,7.34429751,-8.31933946,12.1158053,-1.66284627,-0.528892977,3.15082752,8.0967786,-5.14559302,0.541077447,-1.90886029,2.25813631,-10.0974674,6.91834471,-4.29352009,-3.01382204
1509,-2.77495421,0.861828774,106.374764,0.172789014,-1.23340268,-0.250560401,0.149963033,-0.572150273,1.06213999,13.8921113,0,13.289733,15.7097373,-18.6420007,59.0765942,3.33416431,-9.26361909,-10.761851,-1.0507928,-14.6657788,34.3367646,74.3735132,7.3504831,-8.29601948,12.1039669,-1.66463375,-0.53163866,3.14315637,8.10164681,-5.14540092,0.539008967,-1.90309881,2.25490008,-10.0953423,6.91048317,-4.30706863,-3.00921934
1510,-2.76458915,0.861514453,106.375682,0.159803978,-1.23303064,-0.244650096,0.130080566,-0.562842806,1.05317526,13.8886774,0,13.3019198,15.7180292,-18.6383773,59.0616361,3.3019858,-9.26481351,-10.7582378,-1.07445066,-14.6702201,34.3391654,74.3782329,7.35828488,-8.27624267,12.0899727,-1.66000021,-0.514948986,3.13495203,8.10109357,-5.15156303,0.532997654,-1.90565309,2.26983045,-10.1013068,6.92197966,-4.29630211,-3.00337911
1511,-2.76328307,0.856666267,106.377649,0.170513918,-1.23318603,-0.243003207,0.117051513,-0.577759245,1.04824386,13.8737833,0,13.3187758,15.7338428,-18.6175674,59.033325,3.26491367,-9.27353054,-10.7623368,-1.07657666,-14.6711729,34.2642723,74.3663893,7.30662304,-8.24512262,12.0845478,-1.65873246,-0.522200832,3.12684993,8.10413129,-5.15527567,0.534501469,-1.90701101,2.26185428,-10.1065942,6.93741076,-4.31995122,-3.01123404
1512,-2.75432877,0.851530209,106.387424,0.173413965,-1.2315769,-0.235897441,0.102729273,-0.588382644,1.02857409,13.8645489,0,13.3489926,15.7538091,-18.5925894,59.0020564,3.24715987,-9.26809713,-10.7670624,-1.07542865,-14.6821388,34.2444477,74.3402229,7.30620469,-8.20865197,12.1041889,-1.65244986,-0.521025346,3.11741616,8.10160498,-5.14494928,0.51512625,-1.90418011,2.26385702,-10.1202998,6.95048289,-4.33350359,-3.04120149
1513,-2.74850801,0.844446663,106.384099,0.184024295,-1.23155324,-0.232872153,0.101473933,-0.604174948,1.02433798,13.8476997,0,13.3407784,15.7774501,-18.5964434,58.9936553,3.23541579,-9.26078797,-10.7747865,-1.11025291,-14.6852858,34.243594,74.3496964,7.38032505,-8.19810701,12.11513,-1.65761189,-0.529723165,3.11561768,8.11865398,-5.15345158,0.516656853,-1.89979086,2.25275028,-10.1059889,6.94951898,-4.34525194,-3.02909733
1514,-2.73921676,0.843386818,106.376886,0.173664539,-1.22957063,-0.234505241,0.0879470699,-0.595538174,1.00627469,13.8372025,0,13.3480005,15.7913837,-18.5809439,58.9885394,3.24411787,-9.2372759,-10.7830698,-1.12629232,-14.6883167,34.2865763,74.3532139,7.4240135,-8.21038855,12.0643604,-1.65103281,-0.518220486,3.12237317,8.11594581,-5.17700378,0.538893601,-1.90013792,2.26357549,-10.1024082,6.95417503,-4.34378772,-2.97660263
1515,-2.73079928,0.83379196,106.37815,0.186683813,-1.23008345,-0.246474917,0.0814597776,-0.62338795,0.993345894,13.8235968,0,13.3703745,15.8180009,-18.5253052,58.9719216,3.27498926,-9.23320938,-10.7950551,-1.14555815,-14.6691051,34.2840253,74.3600509,7.41930921,-8.23396807,12.0450002,-1.65465335,-0.528115189,3.1317126,8.13776144,-5.17655128,0.549124424,-1.89419758,2.24791814,-10.0789908,6.94583921,-4.33808494,-2.97045333
1516,-2.72505935,0.827800296,106.384146,0.199882315,-1.22902603,-0.254098726,0.0829390271,-0.638156153,0.979252972,13.8162296,0,13.3763731,15.8317399,-18.498466,58.9671131,3.28787207,-9.23362602,-10.8009077,-1.14122162,-14.6780014,34.2622609,74.326665,7.40741443,-8.20846243,12.0477801,-1.65356457,-0.538250229,3.13401821,8.14708465,-5.17791945,0.536041677,-1.89216709,2.23634844,-10.0701987,6.95099515,-4.35513267,-2.96560197
1517,-2.71759313,0.836057961,106.375206,0.149285649,-1.2251819,-0.256080237,0.0842797052,-0.590482714,0.955461716,13.7961429,0,13.3798684,15.8454498,-18.4741386,58.9723177,3.30136895,-9.24535601,-10.822019,-1.14739633,-14.6835065,34.2645968,74.3214808,7.40478054,-8.20724666,12.068479,-1.6308766,-0.475482925,3.14195383,8.1183526,-5.26678491,0.516377989,-1.9015601,2.29638025,-10.0825997,6.974275,-4.3746653,-2.98800456
1518,-2.70730201,0.824151468,106.382644,0.184387249,-1.22548193,-0.263738347,0.0893468918,-0.632815853,0.944063945,13.7906318,0,13.3750421,15.8616749,-18.4647488,58.9696745,3.31843055,-9.21945081,-10.8246665,-1.16927791,-14.6732886,34.2854118,74.3301415,7.40082757,-8.21223099,12.0486082,-1.63910165,-0.517081499,3.13766468,8.13524451,-5.20175041,0.535675141,-1.89700137,2.25932903,-10.0741201,6.97282358,-4.36564433,-2.98231011
1519,-2.69955844,0.82207052,106.377053,0.175034721,-1.2248127,-0.268732395,0.0917695746,-0.626796001,0.933188362,13.7842105,0,13.3672847,15.8720534,-18.4407014,58.9782464,3.32732089,-9.219222,-10.8193483,-1.19131989,-14.6636836,34.325283,74.340421,7.39651089,-8.2337162,11.9938677,-1.63599434,-0.505131816,3.14411217,8.13612732,-5.21913794,0.561816623,-1.89833753,2.26867316,-10.0631474,6.97775071,-4.35343921,-2.92768674
1520,-2.6931474,0.815467909,106.377649,0.187715191,-1.22329572,-0.280327625,0.096800776,-0.651056513,0.92159465,13.7839544,0,13.376917,15.8884885,-18.3785415,58.9751591,3.34079173,-9.22850764,-10.8493628,-1.1863584,-14.6487084,34.2923137,74.3202924,7.37049641,-8.26840588,11.9635655,-1.6346887,-0.513837372,3.14498792,8.14401021,-5.21473887,0.549741436,-1.8950695,2.25796193,-10.0520184,6.97839531,-4.36824279,-2.93125828
1521,-2.68967003,0.810154062,106.378055,0.191039539,-1.22197415,-0.284154704,0.108209406,-0.662770341,0.908611207,13.7672495,0,13.3774847,15.9025177,-18.3406186,58.973916,3.34327579,-9.22956462,-10.8605267,-1.18838131,-14.6435499,34.2809039,74.3164812,7.34346252,-8.28913038,11.9652722,-1.63033318,-0.512229183,3.14227527,8.14600035,-5.21811213,0.535913077,-1.89519927,2.26102079,-10.0615909,6.98928477,-4.39681475,-2.98164267
1522,-2.67746877,0.809104182,106.378365,0.19261779,-1.21964573,-0.27912231,0.111639809,-0.667830711,0.885678794,13.7567301,0,13.3884139,15.9005574,-18.3037766,58.9792572,3.3496554,-9.24295606,-10.8421245,-1.17805064,-14.6462581,34.2697604,74.2988046,7.36132005,-8.29278795,11.9906532,-1.62806801,-0.510857702,3.13503847,8.14535149,-5.21316963,0.512163869,-1.89283709,2.2632549,-10.0624148,6.9942072,-4.4110288,-3.02413712
1523,-2.66761128,0.806123577,106.370163,0.192980552,-1.2174486,-0.280783849,0.121152535,-0.671389346,0.86966723,13.7548825,0,13.394497,15.9105978,-18.2807366,58.9686363,3.3503668,-9.22944167,-10.8428288,-1.18554987,-14.6495058,34.2940212,74.2984085,7.38448976,-8.2916123,12.0010701,-1.62731306,-0.509201008,3.13184984,8.14744835,-5.22811707,0.508455824,-1.89037182,2.2651253,-10.0614834,6.99534442,-4.41896847,-3.02079865
1524,-2.66058464,0.798761565,106.369698,0.19742656,-1.216436,-0.287476474,0.136358243,-0.681441837,0.857211473,13.7559745,0,13.4037357,15.9246048,-18.2462664,58.9581929,3.35237125,-9.2246631,-10.8473718,-1.18227992,-14.6395252,34.2826865,74.3029369,7.33412565,-8.29760579,11.9481729,-1.62644371,-0.511150707,3.14640647,8.1523345,-5.23654254,0.518928958,-1.88990481,2.26164703,-10.0490832,6.99758942,-4.41279739,-2.98296581
1525,-2.6518207,0.795909483,106.375933,0.197836398,-1.21463445,-0.291575581,0.144054132,-0.688206392,0.844493447,13.7485245,0,13.4108485,15.921632,-18.2006817,58.9597434,3.36729223,-9.22583192,-10.8180899,-1.18024655,-14.6335181,34.247552,74.3101359,7.30972224,-8.30852897,11.9662652,-1.62662727,-0.50868218,3.15604621,8.16505402,-5.24229783,0.511958057,-1.8838349,2.26247989,-10.0418901,6.9928608,-4.41722805,-3.00544268
1526,-2.6432557,0.792117976,106.378901,0.197858033,-1.21510941,-0.285961998,0.132276899,-0.692876481,0.821767326,13.7597892,0,13.4406324,15.9161183,-18.1544123,58.9524624,3.36887299,-9.22824212,-10.8033742,-1.16199276,-14.6413865,34.2204225,74.2826239,7.30784223,-8.28361501,11.9860642,-1.62028693,-0.504608773,3.14738297,8.1669716,-5.24263208,0.490696638,-1.88393714,2.26727276,-10.0643273,7.00917769,-4.43378571,-3.02821069
1527,-2.63483766,0.791191403,106.373179,0.191700641,-1.21272566,-0.281650072,0.12540913,-0.686470244,0.803637763,13.7664204,0,13.4605432,15.907263,-18.1180876,58.9407964,3.3606742,-9.23885623,-10.7915964,-1.16033441,-14.6474124,34.2103446,74.2811418,7.30579659,-8.29814623,12.0029382,-1.61709414,-0.49583897,3.14867452,8.16295288,-5.25206244,0.479023258,-1.8833316,2.27810245,-10.0638927,7.01688513,-4.45257215,-3.07392471
1528,-2.63046399,0.789549015,106.367958,0.183465933,-1.21260389,-0.269357722,0.122402686,-0.676090384,0.796129411,13.7657417,0,13.465017,15.8960478,-18.102146,58.9346697,3.34383074,-9.22717832,-10.7769047,-1.17373151,-14.6554003,34.2177383,74.2975957,7.35953139,-8.29578982,12.0466924,-1.61316464,-0.486128682,3.13726618,8.15728127,-5.25466645,0.47675238,-1.88834517,2.28797378,-10.0847453,7.0339145,-4.44625764,-3.05100132
1529,-2.62325779,0.785359927,106.366158,0.177273695,-1.21100467,-0.265846994,0.126003623,-0.674193299,0.784420973,13.7635492,0,13.4750787,15.8926464,-18.0758549,58.9317328,3.3584102,-9.23022714,-10.7810455,-1.16234719,-14.6545653,34.1785842,74.294645,7.33298586,-8.2888512,12.0552011,-1.61139861,-0.476881833,3.13662222,8.15930044,-5.27408595,0.478101663,-1.88609762,2.29372266,-10.0765772,7.03226928,-4.43987397,-3.03002453
1530,-2.61198375,0.77904514,106.371713,0.183607098,-1.20792281,-0.252962008,0.120125472,-0.68892004,0.759499053,13.7618878,0,13.5056933,15.8962391,-18.0560917,58.9196023,3.36536206,-9.21012675,-10.7811232,-1.14890356,-14.6508668,34.1681989,74.2937708,7.32381548,-8.27607192,12.0307242,-1.61163372,-0.482241931,3.12942235,8.16439832,-5.27638816,0.489764904,-1.87800704,2.28808648,-10.0772816,7.02784801,-4.46032868,-3.02718552
1531,-2.60765553,0.77354121,106.379509,0.189009337,-1.20931398,-0.243913283,0.107076169,-0.701111074,0.754467765,13.7705143,0,13.5160214,15.8890571,-18.0305075,58.9222798,3.37814219,-9.21437171,-10.7813059,-1.14705236,-14.6507592,34.1580868,74.2890033,7.37110002,-8.24915072,12.0730697,-1.60705941,-0.485733385,3.11931132,8.16017214,-5.26005461,0.477099706,-1.88365476,2.28414802,-10.0965436,7.05165549,-4.4690265,-3.02322315
1532,-2.59932615,0.771474419,106.375337,0.186714495,-1.2079682,-0.23787856,0.110706488,-0.699832228,0.742775602,13.7587877,0,13.5243244,15.8829031,-18.0240274,58.9231814,3.37908455,-9.21641565,-10.7844521,-1.13142991,-14.6534878,34.1189464,74.2797757,7.36079071,-8.24905852,12.057654,-1.60491345,-0.481152623,3.11508002,8.15965988,-5.27137437,0.473143159,-1.88306096,2.28949392,-10.0991245,7.05853477,-4.48376135,-3.04829294
1533,-2.59077307,0.770651596,106.371987,0.184783546,-1.20526624,-0.228279515,0.109952725,-0.696473376,0.723413296,13.7623616,0,13.5423928,15.8647092,-18.0076127,58.92967,3.37989094,-9.21527671,-10.781761,-1.11905595,-14.6620495,34.1125124,74.2764289,7.354781,-8.24380098,12.0479397,-1.60459873,-0.477938005,3.114921,8.16040266,-5.27721162,0.466230153,-1.87724868,2.29331051,-10.09594,7.05117354,-4.48805242,-3.06338467
1534,-2.58800592,0.763254752,106.370783,0.19583304,-1.20495188,-0.214358312,0.10633654,-0.710380121,0.719313315,13.7594665,0,13.5523674,15.8616441,-18.0057327,58.9365549,3.38708739,-9.20641284,-10.7859684,-1.11019389,-14.664008,34.0888492,74.2681302,7.31703566,-8.23542631,11.9777143,-1.60902438,-0.487470121,3.09901029,8.17122851,-5.28113428,0.465456048,-1.87219391,2.27982878,-10.102152,7.04832065,-4.49087627,-3.03769953
1535,-2.58113835,0.761145027,106.377077,0.189016413,-1.20382805,-0.202112477,0.0913558479,-0.705364575,0.702430475,13.7690407,0,13.5760298,15.8544878,-17.9993055,58.943788,3.38437752,-9.20260159,-10.7963511,-1.10069171,-14.6589981,34.0709917,74.2808002,7.29928998,-8.22290914,11.9842482,-1.6075815,-0.478580416,3.09404197,8.17413817,-5.27891746,0.489908498,-1.86894722,2.28759919,-10.1133399,7.05482257,-4.48286275,-3.00334794
1536,-2.57655215,0.757181691,106.381238,0.182186225,-1.20525654,-0.18861584,0.0831196736,-0.705243926,0.698378198,13.7770858,0,13.5860001,15.8528469,-18.0066719,58.9535484,3.38031419,-9.1982038,-10.7987494,-1.09574622,-14.6581119,34.0217904,74.2750014,7.26965464,-8.21210719,11.984845,-1.60091417,-0.469574865,3.08688671,8.1660683,-5.27801246,0.50111337,-1.87324427,2.29628377,-10.1384886,7.07789665,-4.47943741,-2.97134168
1537,-2.57303566,0.754590193,106.379318,0.181846704,-1.2048153,-0.181393132,0.0627583528,-0.702724173,0.69082054,13.7884299,0,13.5966117,15.8410289,-18.0114838,58.9614851,3.36843543,-9.18909916,-10.8099714,-1.12029958,-14.6649779,34.0436777,74.297664,7.28658924,-8.20900714,11.9960192,-1.60021877,-0.468524563,3.0794958,8.1679005,-5.28982228,0.497955688,-1.8739497,2.29773476,-10.1487262,7.08196574,-4.49767573,-3.00358764
1538,-2.56908871,0.750939315,106.377363,0.177598888,-1.20321443,-0.175322122,0.0567847854,-0.707754821,0.677689875,13.7906189,0,13.6020699,15.8459654,-18.0509827,58.9792777,3.36404959,-9.18343266,-10.7922897,-1.13013793,-14.6503733,34.0441797,74.3177721,7.29089994,-8.20664731,11.9874755,-1.60194755,-0.460628971,3.074758,8.17044475,-5.2875807,0.480155362,-1.86929812,2.30522043,-10.1522318,7.07517952,-4.49681171,-3.02786085
1539,-2.56551635,0.745656621,106.371641,0.190753706,-1.20190835,-0.167023013,0.0368384252,-0.717719586,0.668219284,13.7957732,0,13.6137341,15.846809,-18.0650017,58.9880477,3.38019616,-9.19541538,-10.7844042,-1.14411111,-14.6510734,34.0339891,74.3319174,7.27792856,-8.21917729,11.9889269,-1.60615975,-0.473881353,3.06591995,8.17948109,-5.29901785,0.495669016,-1.86278959,2.29006147,-10.1490413,7.06767143,-4.50531956,-2.9789631
1540,-2.55919956,0.74074585,106.373918,0.185772425,-1.20119414,-0.145732836,0.00319575376,-0.713688761,0.654782862,13.7989885,0,13.6381162,15.8542334,-18.0757627,58.985985,3.3914506,-9.18991708,-10.7870731,-1.16277877,-14.6513773,34.0288357,74.341145,7.34266851,-8.22509736,12.0059563,-1.60543009,-0.466459765,3.04998149,8.18085993,-5.29891284,0.50172083,-1.85927247,2.29660266,-10.1681538,7.07108525,-4.49159472,-2.9732394
1541,-2.55852453,0.732787512,106.370449,0.197023717,-1.20072347,-0.129889405,-0.0143025295,-0.725665017,0.648811515,13.7872619,0,13.6485894,15.8550172,-18.0938678,58.9802066,3.40783708,-9.1734623,-10.7684395,-1.18323316,-14.6545021,34.0347438,74.3510214,7.40377394,-8.23034636,12.0426182,-1.6083992,-0.47622128,3.03773987,8.18633518,-5.30721707,0.49733777,-1.85759225,2.28678106,-10.178149,7.07133113,-4.52284796,-2.99187579
1542,-2.55482346,0.731235649,106.373918,0.188861922,-1.20093415,-0.116767849,-0.0494673916,-0.714805283,0.641499158,13.7800415,0,13.6686634,15.8494642,-18.0855845,58.9758421,3.41367839,-9.17751004,-10.759965,-1.20890688,-14.6602309,34.0250177,74.3475175,7.4093525,-8.22717374,12.0329944,-1.60563863,-0.466369852,3.02329295,8.18073357,-5.29633316,0.489974079,-1.85854527,2.2969621,-10.2000201,7.08131644,-4.51170878,-3.01210745
1543,-2.55130176,0.725894747,106.371701,0.198175969,-1.20007427,-0.107328802,-0.0641472224,-0.731340051,0.633344872,13.7663086,0,13.674936,15.8562295,-18.0806292,58.9771125,3.41019926,-9.18736771,-10.7773427,-1.21480336,-14.6566861,33.9958357,74.331931,7.44132291,-8.23728327,12.0398408,-1.61510015,-0.472732974,3.01508968,8.19862525,-5.29952713,0.471025,-1.84562127,2.2905906,-10.1913765,7.06118105,-4.51528993,-3.03502188
1544,-2.54534557,0.727386028,106.36965,0.193118285,-1.20038983,-0.0906308653,-0.0905792274,-0.72256219,0.625466249,13.7667731,0,13.6973305,15.8521485,-18.0558629,58.9670858,3.41833039,-9.19912417,-10.7822246,-1.21811483,-14.6628554,33.940839,74.3102247,7.41766655,-8.23518384,12.0327169,-1.6071084,-0.46644904,2.99642085,8.18722908,-5.30072284,0.472316706,-1.84590238,2.29510428,-10.2135456,7.07355649,-4.50927595,-3.02865678
1545,-2.5428405,0.721585192,106.370199,0.200829502,-1.20069186,-0.0772525047,-0.106209995,-0.733655378,0.618867753,13.7740916,0,13.7095847,15.8567042,-18.0448424,58.9552286,3.43998742,-9.20287565,-10.7861835,-1.22488344,-14.6654748,33.9046663,74.2909636,7.41498911,-8.22955662,12.0556271,-1.60976182,-0.470995384,2.98189603,8.19384668,-5.29481686,0.450897499,-1.84251503,2.28902798,-10.2160386,7.07603286,-4.52088855,-3.04123372
1546,-2.53935456,0.721546076,106.37399,0.198643425,-1.20089195,-0.0638408899,-0.122411424,-0.729648031,0.617046707,13.7680665,0,13.7006039,15.8574368,-18.0530045,58.9557272,3.43526435,-9.20146863,-10.7736808,-1.22959008,-14.6747827,33.8997349,74.2498868,7.44443491,-8.19677171,12.0486688,-1.60689282,-0.467933218,2.96932592,8.18762609,-5.2870774,0.435420291,-1.84373166,2.29307252,-10.2323218,7.08728432,-4.52437366,-3.05849596
1547,-2.53840052,0.717422599,106.371844,0.197536706,-1.19992637,-0.0646797065,-0.123207395,-0.735751446,0.611972303,13.7496685,0,13.6895569,15.8675915,-18.0605962,58.9563078,3.43520309,-9.19468284,-10.7618416,-1.2436798,-14.6674795,33.8853403,74.2298197,7.43444747,-8.18835948,12.0228516,-1.608123,-0.464615187,2.97280995,8.18906811,-5.29577052,0.431282477,-1.84075476,2.29629487,-10.2223642,7.07766229,-4.53475426,-3.07899037
1548,-2.53797863,0.714374753,106.367815,0.208320122,-1.1994289,-0.0646162971,-0.130696884,-0.742432812,0.611676951,13.7377217,0,13.6821871,15.861499,-18.0442704,58.9540811,3.44543322,-9.21377749,-10.7558566,-1.26050362,-14.6656336,33.8703207,74.2218284,7.43558982,-8.19146978,12.0214326,-1.60954614,-0.476844641,2.97092141,8.19179336,-5.29470544,0.437853492,-1.83886366,2.28556464,-10.2244346,7.07620405,-4.54610476,-3.06351529
1549,-2.53599826,0.716149621,106.370664,0.20133344,-1.20104226,-0.0577912292,-0.146975826,-0.732391366,0.619824246,13.7242056,0,13.6613738,15.8682831,-18.0300704,58.9535279,3.46136997,-9.21623465,-10.7572671,-1.2771918,-14.6615697,33.8410738,74.2158383,7.40214067,-8.20981823,12.0011188,-1.60818159,-0.468122863,2.96479259,8.19129902,-5.28946669,0.420082914,-1.84094345,2.29400334,-10.2355132,7.08813809,-4.54250695,-3.0689803
1550,-2.53415257,0.713444315,106.370783,0.20858775,-1.20161712,-0.0686153412,-0.137603486,-0.740570891,0.623110687,13.6922822,0,13.6394344,15.8793548,-18.0226153,58.9626872,3.46191489,-9.23326316,-10.7853007,-1.29763883,-14.648343,33.8209418,74.2209951,7.39427571,-8.2080031,12.0056831,-1.61148218,-0.47384955,2.97148554,8.20533421,-5.29431527,0.4115892,-1.83609423,2.28705853,-10.2191472,7.07846569,-4.543727,-3.09064886
1551,-2.53717322,0.717231445,106.373477,0.195164798,-1.20234813,-0.0707396803,-0.140363229,-0.719618379,0.625499013,13.6689186,0,13.6153179,15.885333,-18.0342505,58.9560073,3.45456347,-9.21939873,-10.7910884,-1.32298854,-14.6536893,33.8664855,74.2201687,7.42616586,-8.20288046,12.0007303,-1.60381604,-0.460888092,2.97334954,8.18715566,-5.29539956,0.424063314,-1.84497881,2.30236563,-10.2341471,7.09718126,-4.55162526,-3.08134081
1552,-2.54090894,0.718832156,106.376266,0.178699511,-1.20531096,-0.0703679965,-0.143131737,-0.697596035,0.640464917,13.6525057,0,13.5902263,15.8981105,-18.0275296,58.9378663,3.4439135,-9.21342061,-10.8213018,-1.35484646,-14.6472929,33.865642,74.2312131,7.42181674,-8.18845937,12.02254,-1.60011952,-0.444313357,2.97052568,8.17956305,-5.29547768,0.445060436,-1.85192042,2.31871369,-10.2445128,7.11002885,-4.53627526,-3.05554916
1553,-2.53760982,0.714460434,106.373119,0.183065246,-1.20427269,-0.0781741571,-0.133445515,-0.702048037,0.634837695,13.6295477,0,13.5816741,15.9144552,-18.0226989,58.9216787,3.42035148,-9.20844823,-10.8435648,-1.36100217,-14.6461949,33.8869829,74.2193627,7.40511437,-8.17523783,12.0096898,-1.59885177,-0.447116429,2.98685496,8.18152331,-5.31188977,0.46759395,-1.84965322,2.3139364,-10.2303248,7.10093147,-4.53582959,-3.02077816
1554,-2.53988057,0.714261597,106.3712,0.191965281,-1.20639363,-0.0966010557,-0.116710097,-0.707585347,0.648330574,13.6093534,0,13.5519824,15.9207458,-18.0146427,58.9130249,3.41286794,-9.19873656,-10.8610919,-1.39026441,-14.6390522,33.8850363,74.2450101,7.36532083,-8.20728167,11.9825014,-1.60190348,-0.457698233,2.99993733,8.19290753,-5.31147526,0.46731658,-1.84760587,2.30331118,-10.2052179,7.09425752,-4.54568726,-3.01469054
1555,-2.54194867,0.719509227,106.371498,0.180153422,-1.20779672,-0.103820731,-0.120137158,-0.68825287,0.646337439,13.6071319,0,13.5371148,15.9194446,-17.9929347,58.9091248,3.42570528,-9.19521133,-10.8771224,-1.40678354,-14.6416904,33.9146691,74.2634038,7.3862972,-8.21019218,11.9951552,-1.59257813,-0.446012473,3.00572421,8.18054318,-5.3153467,0.469175299,-1.85464502,2.31800185,-10.217718,7.10977272,-4.54697518,-3.0403951
1556,-2.54475567,0.722068222,106.372941,0.168461751,-1.20935487,-0.110288169,-0.103333839,-0.680019023,0.653543396,13.5972657,0,13.5094636,15.9288191,-17.9868234,58.9005734,3.4165778,-9.19246644,-10.8848003,-1.40562241,-14.6345392,33.9141125,74.2607946,7.39692326,-8.2170181,12.0102294,-1.58726841,-0.431980677,3.01268012,8.17206179,-5.31701369,0.466013722,-1.86057491,2.33176767,-10.216871,7.12179086,-4.54882787,-3.06388668
1557,-2.54657138,0.718971109,106.37095,0.181096556,-1.20964158,-0.1253319,-0.0739290738,-0.689721841,0.659481071,13.584401,0,13.4740755,15.9376624,-17.9932113,58.8967485,3.38669359,-9.18159961,-10.8914051,-1.40516959,-14.6344914,33.9198771,74.2564984,7.39832345,-8.21924816,11.9909648,-1.59099577,-0.444466289,3.02320458,8.18195447,-5.31928644,0.470152336,-1.85715021,2.3200492,-10.199641,7.11314043,-4.55435136,-3.04619073
1558,-2.5506705,0.715609081,106.368434,0.190547613,-1.21159882,-0.14144228,-0.0533030264,-0.698397195,0.669414354,13.5890771,0,13.4467582,15.9413405,-17.9813046,58.877665,3.39082735,-9.169844,-10.8829263,-1.41962483,-14.6362484,33.9343127,74.2636496,7.38069217,-8.20089288,11.9920739,-1.5919028,-0.453716927,3.03421229,8.18530468,-5.31591745,0.47216372,-1.85898795,2.31005578,-10.1872203,7.11218079,-4.54575727,-3.02600752
1559,-2.55062655,0.716492441,106.366289,0.18789903,-1.21213003,-0.153929266,-0.0407986609,-0.697682533,0.675018791,13.6089205,0,13.4197089,15.9402869,-17.9646406,58.8797414,3.3926017,-9.16711022,-10.8627875,-1.41921267,-14.6421993,33.9448654,74.2556105,7.39328789,-8.18458836,12.0152726,-1.59056013,-0.449769878,3.0475732,8.1863625,-5.32776014,0.472708801,-1.86086519,2.31408602,-10.1747663,7.11215475,-4.55505572,-3.04373016
1560,-2.55230926,0.718808547,106.370842,0.184821466,-1.21351344,-0.164470364,-0.0350304361,-0.698668321,0.67823613,13.6260071,0,13.4000243,15.9332057,-17.924071,58.8891056,3.42150941,-9.17862763,-10.8374381,-1.41786723,-14.6367471,33.943472,74.2643805,7.37695179,-8.20471095,11.9867122,-1.58639393,-0.44593414,3.05013581,8.18383021,-5.31995494,0.471145382,-1.86402266,2.31852564,-10.1691954,7.12084019,-4.55410376,-3.04457753
1561,-2.55442113,0.719076814,106.369066,0.191921812,-1.2141246,-0.174980895,-0.0292185954,-0.706846779,0.680773065,13.6481694,0,13.3732244,15.9237989,-17.8775028,58.9120072,3.43953962,-9.20216702,-10.8316743,-1.40960654,-14.6463486,33.9343435,74.261423,7.3972366,-8.20333894,12.0207914,-1.58382717,-0.453099435,3.05350117,8.1857051,-5.31516741,0.460919735,-1.86472403,2.31063016,-10.1637911,7.12045129,-4.54663794,-3.05158231
1562,-2.55663525,0.71523455,106.362081,0.202040918,-1.21373691,-0.178321058,-0.0224851745,-0.726120452,0.683906468,13.6662762,0,13.3437231,15.9261382,-17.8565529,58.924725,3.44680929,-9.2204668,-10.8021354,-1.41683726,-14.6460242,33.9354534,74.2755205,7.39144716,-8.22403868,12.0048984,-1.59151316,-0.462798784,3.0582236,8.19804042,-5.31419069,0.450886027,-1.85635278,2.30000943,-10.1468206,7.09464342,-4.53720203,-3.06253772
1563,-2.55680364,0.711197546,106.357944,0.211214558,-1.21390315,-0.18642585,-0.0147279639,-0.74306327,0.683950491,13.6863399,0,13.3274886,15.9318704,-17.8310541,58.9262071,3.46314454,-9.24211253,-10.7991284,-1.4123622,-14.6580521,33.9481985,74.283867,7.46601831,-8.21826802,12.1026154,-1.59270588,-0.471837205,3.06895789,8.19960368,-5.31659919,0.458361562,-1.85578331,2.29080745,-10.1381804,7.08904779,-4.5304696,-3.05396434
1564,-2.55650394,0.710389344,106.360924,0.210149023,-1.21442738,-0.17958502,-0.0213579148,-0.75522138,0.689934537,13.6989672,0,13.3187886,15.9333287,-17.8012676,58.9188032,3.45643153,-9.2557268,-10.7639752,-1.41174503,-14.6768983,33.9569275,74.2991188,7.51932794,-8.26521704,12.1540484,-1.58851044,-0.469949245,3.05865732,8.18970247,-5.31481181,0.443373539,-1.85787976,2.2927261,-10.1516009,7.09719663,-4.54285871,-3.04454615
1565,-2.56187487,0.708200829,106.370127,0.207961232,-1.2160247,-0.172871738,-0.0338486199,-0.761806323,0.702018422,13.7202134,0,13.3036487,15.9212529,-17.7486495,58.922191,3.48616761,-9.25907359,-10.7522844,-1.41582863,-14.7023783,33.9527952,74.3026432,7.55052824,-8.27947335,12.1724566,-1.58828621,-0.465652842,3.05411503,8.18888797,-5.30025753,0.452136058,-1.86011451,2.29792494,-10.1635102,7.10526351,-4.54313747,-3.08246864
1566,-2.56343428,0.708099036,106.369543,0.216698874,-1.21517231,-0.16790146,-0.0453239914,-0.772699247,0.706114134,13.7387718,0,13.2945628,15.9081799,-17.7169592,58.9324909,3.50895739,-9.29211293,-10.7464557,-1.41145667,-14.71839,33.9250134,74.3155591,7.56438584,-8.28827661,12.1906975,-1.5907613,-0.475619689,3.05159256,8.18951293,-5.29500682,0.441394358,-1.85410757,2.2872453,-10.1531556,7.09231262,-4.5470469,-3.08812169
1567,-2.56404374,0.708734104,106.36481,0.215061789,-1.21587181,-0.162330274,-0.0545779372,-0.778253205,0.7088127,13.7566481,0,13.2909932,15.9060387,-17.7073781,58.9238439,3.52943387,-9.28318843,-10.7350237,-1.4093201,-14.726144,33.9082385,74.3371015,7.52179961,-8.31596364,12.1853614,-1.58979835,-0.47451021,3.04581635,8.18619687,-5.29232427,0.43921294,-1.85440042,2.28629419,-10.1567474,7.09005652,-4.52498368,-3.07116446
1568,-2.56853551,0.708051259,106.360793,0.211980426,-1.21765085,-0.159641071,-0.0645907111,-0.785016586,0.719941265,13.7697459,0,13.2774293,15.9111699,-17.7035703,58.9266033,3.53852699,-9.2971758,-10.7526439,-1.38396463,-14.7311932,33.8668407,74.3044327,7.43841239,-8.28986207,12.1181541,-1.59092811,-0.47101881,3.04281897,8.18435443,-5.29826269,0.442971145,-1.85463926,2.28917568,-10.1565246,7.08943668,-4.51271708,-3.04384648
1569,-2.5720533,0.708100479,106.369781,0.218018991,-1.21980647,-0.149634755,-0.079397434,-0.795381825,0.728550399,13.7658339,0,13.2749883,15.9123105,-17.7055032,58.920422,3.53642521,-9.3188386,-10.7611722,-1.35494347,-14.755635,33.8243877,74.2605351,7.37807962,-8.22127928,12.1118916,-1.59040176,-0.477316671,3.03050819,8.18062088,-5.27723339,0.4325824,-1.858487,2.28263705,-10.1698648,7.10113594,-4.52883206,-3.06290356
1570,-2.57572215,0.709377648,106.381881,0.21294069,-1.22087353,-0.139396754,-0.0947809943,-0.79719364,0.737133225,13.7707824,0,13.2667101,15.915104,-17.7058345,58.9246499,3.56452333,-9.34760736,-10.7916869,-1.33548896,-14.772007,33.7951135,74.2495521,7.3525185,-8.21758586,12.0921584,-1.59275177,-0.472202247,3.02483358,8.18351005,-5.26888263,0.439753245,-1.85579249,2.28871848,-10.1759266,7.10201875,-4.53268343,-3.07915216
1571,-2.5791781,0.709274411,106.3779,0.21492171,-1.22179423,-0.137411972,-0.101065502,-0.806895337,0.74449793,13.7688178,0,13.2565895,15.9195402,-17.7204084,58.9324226,3.56290244,-9.36157339,-10.7936216,-1.32238129,-14.7845079,33.777355,74.2501942,7.35011768,-8.22920145,12.0906984,-1.59368046,-0.475757787,3.02269211,8.18320269,-5.27368682,0.451363073,-1.8551289,2.28541929,-10.1715186,7.09576101,-4.53465651,-3.076838
1572,-2.58083455,0.711505068,106.372058,0.20937221,-1.22331369,-0.133905304,-0.108703795,-0.803942721,0.751794973,13.770475,0,13.2458226,15.9226377,-17.7541735,58.9389796,3.55769634,-9.35951494,-10.7785209,-1.31938092,-14.7953799,33.7798685,74.2669281,7.33947113,-8.23719362,12.0833474,-1.59326307,-0.471913725,3.02538576,8.17765913,-5.26800879,0.456057334,-1.85576944,2.28836374,-10.1719241,7.09362274,-4.51292455,-3.02754581
1573,-2.58236006,0.71286913,106.367528,0.210429755,-1.22352362,-0.139987825,-0.108026018,-0.808439279,0.758172075,13.7610383,0,13.2363747,15.9267888,-17.7841324,58.9414999,3.55849846,-9.34965556,-10.7662539,-1.31001299,-14.8033951,33.789926,74.2764358,7.33713776,-8.26633719,12.0371002,-1.59407149,-0.47610506,3.03812961,8.17627005,-5.27465115,0.467942663,-1.85503242,2.28538108,-10.160142,7.08464488,-4.5122633,-3.02981663
1574,-2.58917063,0.717516383,106.369138,0.205166201,-1.22463486,-0.13542822,-0.11908076,-0.804672057,0.775389008,13.7472242,0,13.2070595,15.9313804,-17.8150065,58.9630833,3.56201409,-9.36274989,-10.7688835,-1.30307864,-14.8197278,33.7875047,74.2697558,7.3474061,-8.28294309,12.0217366,-1.58979697,-0.472529562,3.03200101,8.16169954,-5.27433056,0.463583455,-1.85997086,2.29075794,-10.1764448,7.09209491,-4.53096564,-3.03642249
1575,-2.59720702,0.720867282,106.379855,0.198529609,-1.22805474,-0.12882781,-0.129458885,-0.793767179,0.786191219,13.7346037,0,13.1831863,15.9328967,-17.8561431,58.9819893,3.52683029,-9.35897365,-10.7651756,-1.29646852,-14.8312469,33.7986276,74.2817838,7.33760905,-8.29071157,11.9715816,-1.58708623,-0.468251036,3.02767985,8.1542811,-5.25923413,0.474361921,-1.86743989,2.29690212,-10.2010625,7.11152253,-4.5256398,-3.0423257
1576,-2.60101538,0.725532137,106.375861,0.182145623,-1.22883284,-0.135134573,-0.12688241,-0.774836776,0.799025465,13.7256459,0,13.1609011,15.9411646,-17.8998699,58.9922824,3.50596876,-9.33228042,-10.7467434,-1.30282283,-14.8420011,33.8090266,74.2924047,7.32119183,-8.29697229,11.9458352,-1.58587793,-0.453298844,3.03079698,8.15119984,-5.27553908,0.498674833,-1.86934636,2.31325124,-10.1941777,7.11068498,-4.51856757,-3.02280203
1577,-2.60329302,0.726169674,106.368077,0.186709083,-1.23011882,-0.140034062,-0.123316958,-0.782860808,0.80700558,13.7088607,0,13.1492975,15.9474604,-17.9299808,58.9959365,3.48074743,-9.29074774,-10.7122561,-1.30213768,-14.8474891,33.8232095,74.3021651,7.30404977,-8.30153571,11.9276234,-1.58721249,-0.460269106,3.04190351,8.14955974,-5.27366632,0.506263333,-1.87018434,2.30634742,-10.1922653,7.10498518,-4.50994659,-3.00681555
1578,-2.60813925,0.733391335,106.364143,0.183525298,-1.23101819,-0.157592453,-0.113210132,-0.775302243,0.816455574,13.7034785,0,13.129869,15.9430532,-17.9523719,59.0113318,3.4633027,-9.27160528,-10.6857652,-1.31017276,-14.8606065,33.8595392,74.3162421,7.32948197,-8.31203115,11.922219,-1.58743596,-0.458536799,3.05546762,8.1506611,-5.28281237,0.48055861,-1.86837114,2.30671731,-10.1697342,7.09241892,-4.48927886,-2.99767014
1579,-2.61216611,0.739218667,106.368816,0.183518778,-1.23273087,-0.158339301,-0.116070247,-0.770200626,0.824441559,13.6963026,0,13.126138,15.9342935,-17.9467097,59.0206755,3.46550416,-9.27600051,-10.6761526,-1.29335907,-14.8859055,33.8558065,74.2898981,7.37021722,-8.29137154,11.9495577,-1.58292441,-0.460495089,3.05424011,8.14239828,-5.27142047,0.469057478,-1.87285238,2.30667185,-10.1781507,7.10338649,-4.50887382,-3.05380831
1580,-2.61556599,0.746339094,106.374574,0.165937206,-1.23435283,-0.154680603,-0.117346545,-0.75017259,0.830335745,13.6952251,0,13.1242751,15.9342627,-17.9443242,59.0216317,3.46410439,-9.28055881,-10.6703777,-1.27945131,-14.8974212,33.8453871,74.2786965,7.36392235,-8.2784104,11.9423894,-1.5769449,-0.442027832,3.04867137,8.13129666,-5.27028965,0.466653518,-1.8778111,2.3263381,-10.190585,7.11723726,-4.49775555,-3.06722771
1581,-2.6177451,0.744102197,106.368637,0.186040785,-1.23401932,-0.170314176,-0.0993774915,-0.772247868,0.833817221,13.6934074,0,13.1176711,15.9424914,-17.9572384,59.0193026,3.45110142,-9.26984566,-10.671555,-1.28968155,-14.8977064,33.8705017,74.2995559,7.3736289,-8.2848914,11.9249605,-1.58475725,-0.465732083,3.06308606,8.14015798,-5.2690965,0.471522803,-1.87249188,2.30265634,-10.1648762,7.09550403,-4.50138708,-3.06731715
1582,-2.62113325,0.747550605,106.365502,0.176139102,-1.23629791,-0.173669277,-0.098741737,-0.763262647,0.846664006,13.6907274,0,13.1145557,15.942266,-17.9560773,59.0075274,3.44685454,-9.25902408,-10.6688426,-1.28714381,-14.9006587,33.8791077,74.2894609,7.35198318,-8.27513191,11.899693,-1.584404,-0.456190042,3.06889193,8.1365414,-5.26261679,0.472687724,-1.87482033,2.31137379,-10.1672762,7.09525899,-4.46926129,-3.03086571
1583,-2.62293685,0.752028637,106.366634,0.179823095,-1.23634542,-0.178763407,-0.104752564,-0.761983321,0.849748957,13.7057889,0,13.1217266,15.9336326,-17.9307134,59.0087158,3.46489157,-9.26414501,-10.6665502,-1.28047488,-14.9079107,33.8889091,74.2855814,7.37787387,-8.28107759,11.9168103,-1.58275696,-0.461003298,3.06700936,8.13642784,-5.25383316,0.454645406,-1.87411106,2.30604176,-10.1657778,7.09132182,-4.46325328,-3.04457966
1584,-2.62781531,0.754468562,106.370425,0.182457767,-1.23651307,-0.179178373,-0.109401128,-0.764096891,0.853393824,13.7213668,0,13.1253483,15.9283939,-17.9203827,59.0141595,3.47000098,-9.2758955,-10.6677967,-1.2739369,-14.9133287,33.8810612,74.2740384,7.35731158,-8.286114,11.9251534,-1.58346912,-0.464114609,3.06772056,8.13569701,-5.25335206,0.441372587,-1.87381886,2.30362473,-10.1603136,7.09062471,-4.47781098,-3.05270567
1585,-2.63513196,0.755441329,106.369686,0.189195139,-1.2387342,-0.189539602,-0.1008289,-0.767622976,0.869363606,13.7324104,0,13.1119765,15.9331545,-17.9424323,59.0160583,3.46555261,-9.2765401,-10.6617605,-1.27019566,-14.9168736,33.8825092,74.2572498,7.33316942,-8.27819098,11.9096463,-1.58616629,-0.473289421,3.07797267,8.14252635,-5.24389438,0.450084493,-1.87478277,2.29454442,-10.1467335,7.08355504,-4.47054878,-3.06646337
1586,-2.63929628,0.755030056,106.366038,0.193857148,-1.24054968,-0.200055415,-0.0958612047,-0.771884854,0.882623832,13.7503917,0,13.1007955,15.9435415,-17.9711395,59.0140365,3.44802101,-9.26234867,-10.6643799,-1.28445902,-14.9148502,33.9081975,74.2622904,7.32038502,-8.2915107,11.9032977,-1.59060058,-0.48029458,3.08413713,8.14799392,-5.24626318,0.463362915,-1.8747166,2.28620433,-10.1348251,7.07240177,-4.45755861,-3.03371411
1587,-2.64418293,0.755362166,106.363297,0.198346071,-1.24165646,-0.207314049,-0.0985604368,-0.770007299,0.893420066,13.776133,0,13.0857229,15.9507815,-18.0061972,59.0202384,3.43634843,-9.25051024,-10.6650996,-1.28834646,-14.909065,33.9180671,74.2619831,7.3148261,-8.28501349,11.8972623,-1.59530391,-0.488456123,3.09400099,8.15679803,-5.25659512,0.488239478,-1.87070771,2.27494477,-10.1115922,7.05422919,-4.44550119,-2.99145274
1588,-2.65168995,0.757156685,106.366241,0.211948843,-1.24343434,-0.213263554,-0.0965299696,-0.7757493,0.90919807,13.7875496,0,13.0690965,15.9479043,-18.0212902,59.031433,3.45026707,-9.2624904,-10.6571792,-1.29571261,-14.9125535,33.9122956,74.2651454,7.30073029,-8.28986975,11.9165115,-1.59728104,-0.506125235,3.10040685,8.16025752,-5.24754597,0.500740218,-1.87160758,2.25682684,-10.1092844,7.05256647,-4.44780083,-2.98153189
1589,-2.65726484,0.763879018,106.371832,0.199881495,-1.24485666,-0.206786201,-0.108434282,-0.760673152,0.920783565,13.8039515,0,13.0622962,15.9518914,-18.0329442,59.0357565,3.44156562,-9.26748839,-10.6591078,-1.29580385,-14.9137915,33.9490284,74.2563823,7.29448579,-8.27029699,11.9493818,-1.58950039,-0.494231368,3.08531854,8.14292421,-5.23766525,0.491141347,-1.87899272,2.26999907,-10.1152788,7.06890898,-4.45902924,-3.01391062
1590,-2.66121067,0.770143513,106.374848,0.199100151,-1.24646484,-0.208295548,-0.109233495,-0.749927824,0.932139181,13.8311843,0,13.0434389,15.9516865,-18.0622047,59.0460291,3.42252903,-9.26639641,-10.655849,-1.29019168,-14.9249674,33.9466515,74.2370256,7.26593731,-8.24616166,12.009292,-1.5873127,-0.497891495,3.08531384,8.13501314,-5.22131207,0.492793079,-1.88320588,2.26640511,-10.1203451,7.07452553,-4.44401947,-3.00449136
1591,-2.66582817,0.771594979,106.370318,0.200443665,-1.24814168,-0.214731367,-0.106250223,-0.752040006,0.942914338,13.8603287,0,13.0394168,15.9635984,-18.0724893,59.0294113,3.40835148,-9.25277445,-10.6583634,-1.30498939,-14.9054416,33.9597313,74.2572361,7.220981,-8.2717134,12.0162007,-1.58958181,-0.501825471,3.09320378,8.13736956,-5.22352334,0.513050193,-1.88377066,2.26158662,-10.1036734,7.07184937,-4.43949746,-2.97517491
1592,-2.67322604,0.775546534,106.37157,0.200541924,-1.24961598,-0.226942433,-0.0970384119,-0.744115973,0.94839119,13.8647103,0,13.0327377,15.9531926,-18.0632293,59.0236125,3.39855955,-9.24866097,-10.6777466,-1.30607358,-14.9064388,33.989487,74.2542991,7.20592471,-8.25938149,12.0356394,-1.59014925,-0.505702617,3.10762188,8.13813454,-5.22208986,0.523057701,-1.88421312,2.2572042,-10.0882423,7.06263545,-4.42508661,-2.94967504
1593,-2.67830212,0.777879683,106.375742,0.204510492,-1.24999077,-0.229378396,-0.0946649945,-0.744839386,0.95764727,13.8663675,0,13.0219298,15.9498407,-18.0576336,59.0232778,3.37646432,-9.2575923,-10.6852786,-1.30426197,-14.9054774,33.9974988,74.2426878,7.15677296,-8.25086425,12.0387591,-1.59131337,-0.510724194,3.11113623,8.13779815,-5.22405525,0.526602089,-1.8851813,2.25229607,-10.0853199,7.05951277,-4.44258385,-2.96939123
1594,-2.68403105,0.784290209,106.383026,0.205027988,-1.25110418,-0.222514843,-0.0904630608,-0.743029973,0.965166668,13.8522623,0,13.0054426,15.9381662,-18.0436642,59.0262216,3.38110799,-9.25891223,-10.6959968,-1.30823202,-14.9029127,34.0095951,74.2548797,7.17066471,-8.25293892,12.0663001,-1.5899595,-0.514127922,3.09777147,8.1295174,-5.20669973,0.509075663,-1.88597232,2.25000092,-10.0965837,7.06200878,-4.43468772,-2.99005319
1595,-2.68715061,0.793598779,106.380999,0.190280406,-1.25207399,-0.224125038,-0.0933058002,-0.718376832,0.964844048,13.8597524,0,13.0003225,15.9293228,-18.0461196,59.027451,3.36101144,-9.26993872,-10.7174752,-1.30933723,-14.9102859,34.0520481,74.2547704,7.19947786,-8.26410116,12.0550508,-1.58300114,-0.502476527,3.09946898,8.11142252,-5.20474502,0.515461997,-1.89192462,2.26454837,-10.1072952,7.07072154,-4.43576646,-3.00002527
1596,-2.69315541,0.79552466,106.377125,0.188134052,-1.25346059,-0.230998026,-0.0922538043,-0.716030449,0.977322057,13.8654377,0,12.986564,15.9315324,-18.0371379,59.0224787,3.35811224,-9.25141098,-10.7410086,-1.32234629,-14.8931182,34.056218,74.2712516,7.20581286,-8.27340473,12.0557099,-1.58623481,-0.502435385,3.10938407,8.11070706,-5.20460201,0.517174347,-1.8915782,2.26466875,-10.0971122,7.06029952,-4.41565497,-2.98551176
1597,-2.70201396,0.799454469,106.37449,0.191360547,-1.2544279,-0.238252821,-0.0806414155,-0.711860298,0.996209557,13.8675363,0,12.9591211,15.9252605,-18.0433978,59.022786,3.35004002,-9.23930532,-10.7617135,-1.33839606,-14.8882466,34.0829069,74.2760328,7.22980305,-8.28895877,12.0080207,-1.59126844,-0.509803612,3.11996489,8.11259134,-5.20536699,0.519162732,-1.88868775,2.25812927,-10.0801101,7.04116048,-4.4190991,-2.99169415
1598,-2.71010622,0.805750862,106.380796,0.177282894,-1.25749167,-0.23571745,-0.0781228633,-0.69666985,1.00802877,13.8605293,0,12.9440452,15.9255184,-18.0555094,59.0287078,3.33305569,-9.25663266,-10.7671503,-1.34876919,-14.8798249,34.0839724,74.2929648,7.26026142,-8.27932735,12.0632231,-1.58698741,-0.49576197,3.11929254,8.10299834,-5.19970007,0.517649952,-1.89383387,2.2731337,-10.0934726,7.05182198,-4.40253418,-3.00711565
1599,-2.71721128,0.814003311,106.379855,0.171057336,-1.25829548,-0.236131273,-0.074163528,-0.688904619,1.0159201,13.854202,0,12.9157101,15.9218198,-18.0736675,59.0495945,3.3427934,-9.24541065,-10.7716233,-1.36605971,-14.8795432,34.1371284,74.29694,7.30041184,-8.26653783,12.0640581,-1.58598743,-0.492395221,3.11548898,8.09446828,-5.19765614,0.504980111,-1.89596532,2.27952142,-10.1076887,7.04939214,-4.39976753,-3.04329132
1600,-2.71843839,0.821446441,106.37455,0.163072464,-1.25896852,-0.230268425,-0.0772660014,-0.674083642,1.02343106,13.8581943,0,12.9002722,15.9190451,-18.0990929,59.053556,3.31881709,-9.23838239,-10.771934,-1.3790074,-14.884157,34.1593333,74.2996789,7.28406122,-8.26239275,12.0874447,-1.58520302,-0.487600855,3.11608043,8.08592713,-5.19552128,0.503865243,-1.89686712,2.28594713,-10.110846,7.04955265,-4.39590249,-3.05616985
1601,-2.72430629,0.822118111,106.368566,0.17588561,-1.25997133,-0.234322715,-0.0712663672,-0.684929823,1.03187552,13.8631948,0,12.8772186,15.9221408,-18.1349121,59.0683365,3.29650564,-9.2395384,-10.7783629,-1.38592105,-14.8757832,34.1702821,74.3006078,7.29049525,-8.2572906,12.1110455,-1.59316532,-0.505563505,3.12473556,8.09400212,-5.19475587,0.503642728,-1.89062966,2.26869386,-10.0953662,7.02592275,-4.39324598,-3.03170817
1602,-2.73522455,0.828284957,106.370521,0.166545213,-1.26246289,-0.237213687,-0.0785321677,-0.669709386,1.04988577,13.8718623,0,12.8552809,15.9146208,-18.1316251,59.0850842,3.30065519,-9.2518575,-10.8021397,-1.39989956,-14.8761366,34.1800083,74.2922818,7.28188239,-8.28429973,12.0770961,-1.5934509,-0.497547318,3.12660468,8.0912359,-5.19471574,0.495096827,-1.8924864,2.27627473,-10.0998818,7.02392706,-4.37216759,-3.01636436
1603,-2.73877028,0.823693536,106.385779,0.205614987,-1.2651141,-0.230196932,-0.0773313951,-0.707707863,1.06394967,13.8662676,0,12.8393145,15.9183245,-18.1561096,59.0880963,3.29578569,-9.26840619,-10.8095428,-1.40553607,-14.8792837,34.1889012,74.2842836,7.30272471,-8.27711608,12.1135924,-1.60475828,-0.54580015,3.11474427,8.09899414,-5.11350479,0.501308724,-1.8889298,2.23286781,-10.1057934,7.01769323,-4.37684925,-3.05292786
1604,-2.74340156,0.831226259,106.385636,0.193326553,-1.26451885,-0.21958155,-0.0902412664,-0.687475829,1.07119351,13.8699268,0,12.825065,15.9071247,-18.1662046,59.0898107,3.29849579,-9.25804224,-10.8262921,-1.41582596,-14.8854667,34.2072471,74.2795435,7.33065421,-8.26552269,12.1216417,-1.60201159,-0.535911583,3.10274577,8.0795742,-5.10960091,0.494466476,-1.89249814,2.24436302,-10.12403,7.02060417,-4.36675381,-3.05955827
1605,-2.74802968,0.833823811,106.383216,0.191851516,-1.26594051,-0.213817659,-0.0879696148,-0.684985158,1.08200506,13.884447,0,12.8105278,15.9145525,-18.2006168,59.0861838,3.28821913,-9.2651832,-10.8241747,-1.41949335,-14.8872459,34.2150608,74.2694553,7.30301585,-8.26366744,12.0993523,-1.60392681,-0.537199608,3.10283029,8.07600287,-5.1077986,0.505614892,-1.8931436,2.24527058,-10.1300397,7.01775342,-4.35871852,-3.06390952
1606,-2.75511388,0.831389613,106.379139,0.202835064,-1.26735514,-0.213178932,-0.0975348079,-0.693098782,1.09419919,13.9004544,0,12.8154874,15.9093411,-18.1851259,59.0661919,3.28675448,-9.27240271,-10.8423405,-1.42769545,-14.885231,34.2190087,74.2642985,7.28345504,-8.27475284,12.0499845,-1.60582368,-0.551192798,3.10267469,8.07552049,-5.09703038,0.526413352,-1.8912527,2.23012571,-10.1278933,7.00812328,-4.35215513,-3.02669289
1607,-2.75940783,0.834910292,106.380248,0.190810203,-1.26789471,-0.208667337,-0.111752947,-0.678008653,1.10317043,13.9160485,0,12.8236716,15.9051576,-18.1686874,59.0590407,3.29134074,-9.30005302,-10.8630581,-1.42356638,-14.8909479,34.2036988,74.2495521,7.30335992,-8.26777324,12.0791417,-1.60209024,-0.540196993,3.0959858,8.06738061,-5.10137523,0.543077679,-1.89309877,2.24062819,-10.1303411,7.01263334,-4.34720581,-2.98381723
1608,-2.76092049,0.83905831,106.388748,0.177851366,-1.26823207,-0.20520272,-0.118182883,-0.667419832,1.10605095,13.921616,0,12.8159723,15.9058491,-18.1728641,59.0682068,3.30200373,-9.3104554,-10.8688254,-1.42869319,-14.8870718,34.2017932,74.2565258,7.31429505,-8.27853334,12.0977523,-1.59726172,-0.527548283,3.09513757,8.05614409,-5.09853302,0.540481994,-1.8961476,2.25388452,-10.1370919,7.01600276,-4.33500965,-2.98525371
1609,-2.7652517,0.838555582,106.387627,0.184817557,-1.26986761,-0.201570408,-0.124273224,-0.673605476,1.1177659,13.9290165,0,12.8086606,15.9076984,-18.1782155,59.0662192,3.31009772,-9.30947868,-10.867193,-1.43297796,-14.881249,34.2025582,74.2598862,7.29683452,-8.30345585,12.0452666,-1.59996968,-0.537007188,3.09534355,8.05414626,-5.09530191,0.544044791,-1.89718301,2.24341106,-10.1372071,7.01150423,-4.34064541,-2.9824275
1610,-2.77152229,0.834484305,106.38653,0.196020444,-1.2719054,-0.197662403,-0.123144535,-0.693556672,1.13115403,13.9383073,0,12.7979295,15.9222109,-18.1962984,59.0625582,3.32561911,-9.29163652,-10.8434512,-1.45402188,-14.8680019,34.2300326,74.2856224,7.28737813,-8.29229105,12.0349248,-1.60708652,-0.550405885,3.09779964,8.06162788,-5.09072696,0.566039014,-1.89675506,2.22880129,-10.1324106,7.00346467,-4.32362799,-2.94388026
1611,-2.78132893,0.832225289,106.381893,0.205623608,-1.27384472,-0.204246711,-0.11897153,-0.703138787,1.15229208,13.9481803,0,12.7817787,15.934261,-18.2101774,59.0628109,3.30964927,-9.27663401,-10.8373894,-1.46398467,-14.8596144,34.2177724,74.2953964,7.29843706,-8.28510655,12.0529061,-1.61025253,-0.56312343,3.09809099,8.06367011,-5.08025799,0.585741228,-1.8963111,2.21571913,-10.1196262,6.99643042,-4.31673292,-2.89087052
1612,-2.79177744,0.835526176,106.383097,0.199495297,-1.27519273,-0.203849926,-0.118839008,-0.697827781,1.16349615,13.9470866,0,12.7606196,15.9333167,-18.2175489,59.0880075,3.30155443,-9.2915631,-10.8444587,-1.47422344,-14.862688,34.2345952,74.2961613,7.25799465,-8.28674835,12.0122861,-1.60812834,-0.557662801,3.09715035,8.05636693,-5.07802111,0.589737583,-1.89802441,2.22145777,-10.125676,6.99228834,-4.30971575,-2.8924801
1613,-2.7960157,0.840489753,106.386149,0.196112985,-1.27598036,-0.203748435,-0.112378543,-0.694794643,1.17185449,13.9480676,0,12.7461942,15.9374883,-18.2290219,59.1052879,3.30877522,-9.29268752,-10.8393241,-1.48415795,-14.8620767,34.2481053,74.3164333,7.28916081,-8.28482224,12.0867241,-1.60845811,-0.553690352,3.098469,8.0515858,-5.08489783,0.570475862,-1.89893688,2.22365154,-10.1222055,6.98813004,-4.31558203,-2.93014048
1614,-2.80109383,0.842484459,106.388927,0.197021678,-1.27784766,-0.201161939,-0.115740557,-0.692725363,1.18444818,13.9576196,0,12.7286458,15.9425068,-18.2365948,59.1224863,3.31806364,-9.29776149,-10.8325904,-1.49699326,-14.8633147,34.3040309,74.3328395,7.30425126,-8.29737101,12.0601248,-1.60972959,-0.557037358,3.10302602,8.05223637,-5.07330102,0.570834607,-1.90055713,2.22046248,-10.1232547,6.98899619,-4.30011507,-2.90823777
1615,-2.80843228,0.842050463,106.383562,0.205919033,-1.28112644,-0.209912599,-0.0931197042,-0.69663079,1.20437035,13.957197,0,12.7097791,15.9551716,-18.251722,59.1176642,3.29280773,-9.30822193,-10.8698849,-1.49781705,-14.8701841,34.3042494,74.3289053,7.28618028,-8.299473,12.0560002,-1.61545457,-0.567275118,3.10515832,8.06114635,-5.07360539,0.584998339,-1.90085595,2.20854722,-10.1032653,6.9851239,-4.30246977,-2.90305302
1616,-2.81932801,0.843818486,106.386793,0.20782507,-1.28396937,-0.206137209,-0.0863721377,-0.693430153,1.21923882,13.9490751,0,12.6968547,15.9565838,-18.2606661,59.1141125,3.26139356,-9.30956748,-10.8621446,-1.4950029,-14.8804755,34.3524398,74.3145345,7.32441397,-8.2805141,12.055172,-1.61872869,-0.572276738,3.10462087,8.06012695,-5.05373295,0.585523409,-1.90230694,2.20457994,-10.109077,6.98250025,-4.28425622,-2.90813041
1617,-2.8252881,0.852853805,106.391168,0.205492182,-1.28523889,-0.208779592,-0.0722121883,-0.695452263,1.2355539,13.9401454,0,12.6740469,15.9657687,-18.2600036,59.124228,3.28509026,-9.32434544,-10.8700915,-1.48461195,-14.890089,34.3465864,74.2868655,7.30314477,-8.29047935,12.0374127,-1.6179208,-0.569445518,3.09866964,8.05558743,-5.05460892,0.547375736,-1.90137504,2.20863452,-10.121315,6.97712703,-4.29138139,-2.95630395
1618,-2.83110645,0.856689177,106.395566,0.208552362,-1.28667515,-0.207029267,-0.057238466,-0.688302922,1.24483325,13.9321755,0,12.6592041,15.9544306,-18.2574833,59.1327589,3.27450581,-9.34448767,-10.8736031,-1.47463731,-14.9015911,34.3706867,74.2847618,7.32780175,-8.310368,12.028618,-1.62444534,-0.574220514,3.10870873,8.06542205,-5.04669402,0.5171617,-1.89590833,2.20412574,-10.1122624,6.96294457,-4.27928128,-3.00953994
1619,-2.8414771,0.863841735,106.389916,0.20668172,-1.29081457,-0.213366557,-0.0490034123,-0.679263007,1.26900667,13.9424626,0,12.6494198,15.9464649,-18.2329526,59.1236816,3.28538801,-9.3597318,-10.8937197,-1.48459754,-14.9125176,34.3601716,74.2838533,7.34436325,-8.32016847,12.0655087,-1.62086995,-0.576216049,3.09533202,8.05553621,-5.03005994,0.538697393,-1.90386251,2.2045507,-10.1277943,6.97784078,-4.27222783,-2.97967109
1620,-2.84925159,0.863836613,106.38907,0.205381364,-1.29308645,-0.222168415,-0.0396852434,-0.678313557,1.28514267,13.9541448,0,12.6535931,15.9481997,-18.2207932,59.0971463,3.26590468,-9.35493188,-10.887792,-1.49992651,-14.9052162,34.3714585,74.2991461,7.35947419,-8.33314498,12.0487995,-1.62476871,-0.576917691,3.10880542,8.06109257,-5.02421373,0.543360758,-1.90273083,2.20581045,-10.1130052,6.96668666,-4.26641022,-3.00869854
1621,-2.85808351,0.868746545,106.389618,0.205287751,-1.29503576,-0.227998893,-0.0377367085,-0.674604017,1.31008258,13.9670453,0,12.6322155,15.9426775,-18.1978489,59.0963335,3.28118104,-9.34123479,-10.8987536,-1.51355733,-14.9121147,34.4101515,74.3093982,7.38838723,-8.34567325,12.0338081,-1.62777911,-0.578819525,3.11404525,8.0590179,-5.03502336,0.541057491,-1.90457861,2.20501985,-10.1142722,6.96180137,-4.27312173,-3.00160155
1622,-2.86758728,0.873868261,106.392753,0.204903025,-1.29719617,-0.22963976,-0.0257613158,-0.672097445,1.32386697,13.9657783,0,12.6104229,15.9448666,-18.2064259,59.1121932,3.26586135,-9.35029504,-10.9110291,-1.51527491,-14.9213491,34.4423081,74.3130456,7.44910676,-8.32507852,12.0674988,-1.62986744,-0.580888806,3.11876064,8.05756819,-5.03950183,0.529466713,-1.90553271,2.20485016,-10.1176916,6.95789962,-4.27019884,-3.01161397
1623,-2.87286788,0.880218577,106.3959,0.188567989,-1.30054688,-0.219367328,-0.0279978759,-0.643558673,1.34165139,13.9814143,0,12.5936232,15.932813,-18.2162238,59.1194537,3.2864469,-9.34233019,-10.8907196,-1.54220837,-14.9326069,34.4974379,74.3358379,7.47470802,-8.30566883,12.0613149,-1.62490745,-0.565339774,3.10427893,8.04314454,-5.019874,0.539392952,-1.91754808,2.22140377,-10.1430819,6.98503041,-4.25976017,-3.02271153
1624,-2.87997872,0.879676268,106.389487,0.192230801,-1.30301779,-0.232385486,-0.0112891454,-0.645923092,1.36410254,14.0120562,0,12.570672,15.9353009,-18.2141611,59.1269396,3.27449706,-9.35136653,-10.8934431,-1.56304781,-14.9263573,34.5025059,74.3600578,7.43107592,-8.30546137,12.0197293,-1.63005293,-0.571926851,3.11772202,8.05273156,-5.01947144,0.561411241,-1.91847741,2.21425192,-10.1144797,6.97887727,-4.25602833,-3.00129718
1625,-2.88463514,0.880592875,106.387973,0.196660581,-1.30403404,-0.231575838,-0.00769066627,-0.652838606,1.37319897,14.0272167,0,12.5623341,15.9455752,-18.2239709,59.1301019,3.23828788,-9.35194026,-10.8838322,-1.5650895,-14.9253516,34.5011296,74.3808693,7.45098165,-8.29434609,12.0725557,-1.63084021,-0.578522786,3.11305295,8.05037429,-5.01309632,0.561561612,-1.91853461,2.20652164,-10.1204177,6.97414181,-4.24876827,-2.97958806
1626,-2.89066266,0.882700644,106.386912,0.184223728,-1.30428119,-0.222686493,-0.00508592794,-0.639246316,1.37900676,14.0383388,0,12.5533686,15.9432222,-18.2287811,59.1351768,3.22780888,-9.35310908,-10.870684,-1.57292853,-14.9244756,34.5546988,74.4021181,7.50243602,-8.32044339,12.0302547,-1.63124309,-0.5657411,3.11101606,8.04144723,-5.02388118,0.555050094,-1.91705097,2.22133739,-10.1278873,6.96565188,-4.24976505,-2.97727348
1627,-2.89504342,0.884636957,106.389821,0.172654686,-1.30685844,-0.203610102,-0.00543272555,-0.629484535,1.39329744,14.0487916,0,12.5403375,15.9504469,-18.232022,59.1280256,3.2112478,-9.34850638,-10.860426,-1.57267059,-14.9335598,34.566177,74.3993245,7.49501844,-8.30866643,12.0407894,-1.62737645,-0.554140238,3.09583831,8.02738985,-5.01568752,0.564164928,-1.92298939,2.23069283,-10.1415204,6.98025099,-4.24020022,-2.95034375
1628,-2.89504342,0.884636957,106.389821,0.172654686,-1.30685844,-0.203610102,-0.00543272555,-0.629484535,1.39329744,14.0487916,0,12.5403375,15.9504469,-18.232022,59.1280256,3.2112478,-9.34850638,-10.860426,-1.57267059,-14.9335598,34.566177,74.3993245,7.49501844,-8.30866643,12.0407894,-1.62737645,-0.554140238,3.09583831,8.02738985,-5.01568752,0.564164928,-1.92298939,2.23069283,-10.1415204,6.98025099,-4.24020022,-2.95034375
1629,-2.89504342,0.884636957,106.389821,0.172654686,-1.30685844,-0.203610102,-0.00543272555,-0.629484535,1.39329744,14.0487916,0,12.5403375,15.9504469,-18.232022,59.1280256,3.2112478,-9.34850638,-10.860426,-1.57267059,-14.9335598,34.566177,74.3993245,7.49501844,-8.30866643,12.0407894,-1.62737645,-0.554140238,3.09583831,8.02738985,-5.01568752,0.564164928,-1.92298939,2.23069283,-10.1415204,6.98025099,-4.24020022,-2.95034375
1630,-2.89504342,0.884636957,106.389821,0.172654686,-1.30685844,-0.203610102,-0.00543272555,-0.629484535,1.39329744,14.0487916,0,12.5403375,15.9504469,-18.232022,59.1280256,3.2112478,-9.34850638,-10.860426,-1.57267059,-14.9335598,34.566177,74.3993245,7.49501844,-8.30866643,12.0407894,-1.62737645,-0.554140238,3.09583831,8.02738985,-5.01568752,0.564164928,-1.92298939,2.23069283,-10.1415204,6.98025099,-4.24020022,-2.95034375
1631,-2.89504342,0.884636957,106.389821,0.172654686,-1.30685844,-0.203610102,-0.00543272555,-0.629484535,1.39329744,14.0487916,0,12.5403375,15.9504469,-18.232022,59.1280256,3.2112478,-9.34850638,-10.860426,-1.57267059,-14.9335598,34.566177,74.3993245,7.49501844,-8.30866643,12.0407894,-1.62737645,-0.554140238,3.09583831,8.02738985,-5.01568752,0.564164928,-1.92298939,2.23069283,-10.1415204,6.98025099,-4.24020022,-2.95034375
1632,-2.89504342,0.884636957,106.389821,0.172654686,-1.30685844,-0.203610102,-0.00543272555,-0.629484535,1.39329744,14.0487916,0,12.5403375,15.9504469,-18.232022,59.1280256,3.2112478,-9.34850638,-10.860426,-1.57267059,-14.9335598,34.566177,74.3993245,7.49501844,-8.30866643,12.0407894,-1.62737645,-0.554140238,3.09583831,8.02738985,-5.01568752,0.564164928,-1.92298939,2.23069283,-10.1415204,6.98025099,-4.24020022,-2.95034375
1633,-2.89504342,0.884636957,106.389821,0.172654686,-1.30685844,-0.203610102,-0.00543272555,-0.629484535,1.39329744,14.0487916,0,12.5403375,15.9504469,-18.232022,59.1280256,3.2112478,-9.34850638,-10.860426,-1.57267059,-14.9335598,34.566177,74.3993245,7.49501844,-8.30866643,12.0407894,-1.62737645,-0.554140238,3.09583831,8.02738985,-5.01568752,0.564164928,-1.92298939,2.23069283,-10.1415204,6.98025099,-4.24020022,-2.95034375
1634,-2.89504342,0.884636957,106.389821,0.172654686,-1.30685844,-0.203610102,-0.00543272555,-0.629484535,1.39329744,14.0487916,0,12.5403375,15.9504469,-18.232022,59.1280256,3.2112478,-9.34850638,-10.860426,-1.57267059,-14.9335598,34.566177,74.3993245,7.49501844,-8.30866643,12.0407894,-1.62737645,-0.554140238,3.09583831,8.02738985,-5.01568752,0.564164928,-1.92298939,2.23069283,-10.1415204,6.98025099,-4.24020022,-2.95034375
1635,-2.89504342,0.884636957,106.389821,0.172654686,-1.30685844,-0.203610102,-0.00543272555,-0.629484535,1.39329744,14.0487916,0,12.5403375,15.9504469,-18.232022,59.1280256,3.2112478,-9.34850638,-10.860426,-1.57267059,-14.9335598,34.566177,74.3993245,7.49501844,-8.30866643,12.0407894,-1.62737645,-0.554140238,3.09583831,8.02738985,-5.01568752,0.564164928,-1.92298939,2.23069283,-10.1415204,6.98025099,-4.24020022,-2.95034375
1636,-2.89504342,0.884636957,106.389821,0.172654686,-1.30685844,-0.203610102,-0.00543272555,-0.629484535,1.39329744,14.0487916,0,12.5403375,15.9504469,-18.232022,59.1280256,3.2112478,-9.34850638,-10.860426,-1.57267059,-14.9335598,34.566177,74.3993245,7.49501844,-8.30866643,12.0407894,-1.62737645,-0.554140238,3.09583831,8.02738985,-5.01568752,0.564164928,-1.92298939,2.23069283,-10.1415204,6.98025099,-4.24020022,-2.95034375
1637,-2.89504342,0.884636957,106.389821,0.172654686,-1.30685844,-0.203610102,-0.00543272555,-0.629484535,1.39329744,14.0487916,0,12.5403375,15.9504469,-18.232022,59.1280256,3.2112478,-9.34850638,-10.860426,-1.57267059,-14.9335598,34.566177,74.3993245,7.49501844,-8.30866643,12.0407894,-1.62737645,-0.554140238,3.09583831,8.02738985,-5.01568752,0.564164928,-1.92298939,2.23069283,-10.1415204,6.98025099,-4.24020022,-2.95034375
1638,-2.89504342,0.884636957,106.389821,0.172654686,-1.30685844,-0.203610102,-0.00543272555,-0.629484535,1.39329744,14.0487916,0,12.5403375,15.9504469,-18.232022,59.1280256,3.2112478,-9.34850638,-10.860426,-1.57267059,-14.9335598,34.566177,74.3993245,7.49501844,-8.30866643,12.0407894,-1.62737645,-0.554140238,3.09583831,8.02738985,-5.01568752,0.564164928,-1.92298939,2.23069283,-10.1415204,6.98025099,-4.24020022,-2.95034375
1639,-2.89504342,0.884636957,106.389821,0.172654686,-1.30685844,-0.203610102,-0.00543272555,-0.629484535,1.39329744,14.0487916,0,12.5403375,15.9504469,-18.232022,59.1280256,3.2112478,-9.34850638,-10.860426,-1.57267059,-14.9335598,34.566177,74.3993245,7.49501844,-8.30866643,12.0407894,-1.62737645,-0.554140238,3.09583831,8.02738985,-5.01568752,0.564164928,-1.92298939,2.23069283,-10.1415204,6.98025099,-4.24020022,-2.95034375
1640,-2.89504342,0.884636957,106.389821,0.172654686,-1.30685844,-0.203610102,-0.00543272555,-0.629484535,1.39329744,14.0487916,0,12.5403375,15.9504469,-18.232022,59.1280256,3.2112478,-9.34850638,-10.860426,-1.57267059,-14.9335598,34.566177,74.3993245,7.49501844,-8.30866643,12.0407894,-1.62737645,-0.554140238,3.09583831,8.02738985,-5.01568752,0.564164928,-1.92298939,2.23069283,-10.1415204,6.98025099,-4.24020022,-2.95034375
1641,-2.89504342,0.884636957,106.389821,0.172654686,-1.30685844,-0.203610102,-0.00543272555,-0.629484535,1.39329744,14.0487916,0,12.5403375,15.9504469,-18.232022,59.1280256,3.2112478,-9.34850638,-10.860426,-1.57267059,-14.9335598,34.566177,74.3993245,7.49501844,-8.30866643,12.0407894,-1.62737645,-0.554140238,3.09583831,8.02738985,-5.01568752,0.564164928,-1.92298939,2.23069283,-10.1415204,6.98025099,-4.24020022,-2.95034375
1642,-2.89504342,0.884636957,106.389821,0.172654686,-1.30685844,-0.203610102,-0.00543272555,-0.629484535,1.39329744,14.0487916,0,12.5403375,15.9504469,-18.232022,59.1280256,3.2112478,-9.34850638,-10.860426,-1.57267059,-14.9335598,34.566177,74.3993245,7.49501844,-8.30866643,12.0407894,-1.62737645,-0.554140238,3.09583831,8.02738985,-5.01568752,0.564164928,-1.92298939,2.23069283,-10.1415204,6.98025099,-4.24020022,-2.95034375
1643,-2.89504342,0.884636957,106.389821,0.172654686,-1.30685844,-0.203610102,-0.00543272555,-0.629484535,1.39329744,14.0487916,0,12.5403375,15.9504469,-18.232022,59.1280256,3.2112478,-9.34850638,-10.860426,-1.57267059,-14.9335598,34.566177,74.3993245,7.49501844,-8.30866643,12.0407894,-1.62737645,-0.554140238,3.09583831,8.02738985,-5.01568752,0.564164928,-1.92298939,2.23069283,-10.1415204,6.98025099,-4.24020022,-2.95034375
1644,-2.89504342,0.884636957,106.389821,0.172654686,-1.30685844,-0.203610102,-0.00543272555,-0.629484535,1.39329744,14.0487916,0,12.5403375,15.9504469,-18.232022,59.1280256,3.2112478,-9.34850638,-10.860426,-1.57267059,-14.9335598,34.566177,74.3993245,7.49501844,-8.30866643,12.0407894,-1.62737645,-0.554140238,3.09583831,8.02738985,-5.01568752,0.564164928,-1.92298939,2.23069283,-10.1415204,6.98025099,-4.24020022,-2.95034375
1645,-2.89504342,0.884636957,106.389821,0.172654686,-1.30685844,-0.203610102,-0.00543272555,-0.629484535,1.39329744,14.0487916,0,12.5403375,15.9504469,-18.232022,59.1280256,3.2112478,-9.34850638,-10.860426,-1.57267059,-14.9335598,34.566177,74.3993245,7.49501844,-8.30866643,12.0407894,-1.62737645,-0.554140238,3.09583831,8.02738985,-5.01568752,0.564164928,-1.92298939,2.23069283,-10.1415204,6.98025099,-4.24020022,-2.95034375
1646,-2.89504342,0.884636957,106.389821,0.172654686,-1.30685844,-0.203610102,-0.00543272555,-0.629484535,1.39329744,14.0487916,0,12.5403375,15.9504469,-18.232022,59.1280256,3.2112478,-9.34850638,-10.860426,-1.57267059,-14.9335598,34.566177,74.3993245,7.49501844,-8.30866643,12.0407894,-1.62737645,-0.554140238,3.09583831,8.02738985,-5.01568752,0.564164928,-1.92298939,2.23069283,-10.1415204,6.98025099,-4.24020022,-2.95034375
1647,-2.89504342,0.884636957,106.389821,0.172654686,-1.30685844,-0.203610102,-0.00543272555,-0.629484535,1.39329744,14.0487916,0,12.5403375,15.9504469,-18.232022,59.1280256,3.2112478,-9.34850638,-10.860426,-1.57267059,-14.9335598,34.566177,74.3993245,7.49501844,-8.30866643,12.0407894,-1.62737645,-0.554140238,3.09583831,8.02738985,-5.01568752,0.564164928,-1.92298939,2.23069283,-10.1415204,6.98025099,-4.24020022,-2.95034375
1648,-2.89504342,0.884636957,106.389821,0.172654686,-1.30685844,-0.203610102,-0.00543272555,-0.629484535,1.39329744,14.0487916,0,12.5403375,15.9504469,-18.232022,59.1280256,3.2112478,-9.34850638,-10.860426,-1.57267059,-14.9335598,34.566177,74.3993245,7.49501844,-8.30866643,12.0407894,-1.62737645,-0.554140238,3.09583831,8.02738985,-5.01568752,0.564164928,-1.92298939,2.23069283,-10.1415204,6.98025099,-4.24020022,-2.95034375
1649,-2.89504342,0.884636957,106.389821,0.172654686,-1.30685844,-0.203610102,-0.00543272555,-0.629484535,1.39329744,14.0487916,0,12.5403375,15.9504469,-18.232022,59.1280256,3.2112478,-9.34850638,-10.860426,-1.57267059,-14.9335598,34.566177,74.3993245,7.49501844,-8.30866643,12.0407894,-1.62737645,-0.554140238,3.09583831,8.02738985,-5.01568752,0.564164928,-1.92298939,2.23069283,-10.1415204,6.98025099,-4.24020022,-2.95034375
1650,-2.89504342,0.884636957,106.389821,0.172654686,-1.30685844,-0.203610102,-0.00543272555,-0.629484535,1.39329744,14.0487916,0,12.5403375,15.9504469,-18.232022,59.1280256,3.2112478,-9.34850638,-10.860426,-1.57267059,-14.9335598,34.566177,74.3993245,7.49501844,-8.30866643,12.0407894,-1.62737645,-0.554140238,3.09583831,8.02738985,-5.01568752,0.564164928,-1.92298939,2.23069283,-10.1415204,6.98025099,-4.24020022,-2.95034375
1651,-2.89504342,0.884636957,106.389821,0.172654686,-1.30685844,-0.203610102,-0.00543272555,-0.629484535,1.39329744,14.0487916,0,12.5403375,15.9504469,-18.232022,59.1280256,3.2112478,-9.34850638,-10.860426,-1.57267059,-14.9335598,34.566177,74.3993245,7.49501844,-8.30866643,12.0407894,-1.62737645,-0.554140238,3.09583831,8.02738985,-5.01568752,0.564164928,-1.92298939,2.23069283,-10.1415204,6.98025099,-4.24020022,-2.95034375
1652,-2.89504342,0.884636957,106.389821,0.172654686,-1.30685844,-0.203610102,-0.00543272555,-0.629484535,1.39329744,14.0487916,0,12.5403375,15.9504469,-18.232022,59.1280256,3.2112478,-9.34850638,-10.860426,-1.57267059,-14.9335598,34.566177,74.3993245,7.49501844,-8.30866643,12.0407894,-1.62737645,-0.554140238,3.09583831,8.02738985,-5.01568752,0.564164928,-1.92298939,2.23069283,-10.1415204,6.98025099,-4.24020022,-2.95034375
1653,-2.89504342,0.884636957,106.389821,0.172654686,-1.30685844,-0.203610102,-0.00543272555,-0.629484535,1.39329744,14.0487916,0,12.5403375,15.9504469,-18.232022,59.1280256,3.2112478,-9.34850638,-10.860426,-1.57267059,-14.9335598,34.566177,74.3993245,7.49501844,-8.30866643,12.0407894,-1.62737645,-0.554140238,3.09583831,8.02738985,-5.01568752,0.564164928,-1.92298939,2.23069283,-10.1415204,6.98025099,-4.24020022,-2.95034375
1654,-2.89504342,0.884636957,106.389821,0.172654686,-1.30685844,-0.203610102,-0.00543272555,-0.629484535,1.39329744,14.0487916,0,12.5403375,15.9504469,-18.232022,59.1280256,3.2112478,-9.34850638,-10.860426,-1.57267059,-14.9335598,34.566177,74.3993245,7.49501844,-8.30866643,12.0407894,-1.62737645,-0.554140238,3.09583831,8.02738985,-5.01568752,0.564164928,-1.92298939,2.23069283,-10.1415204,6.98025099,-4.24020022,-2.95034375
1655,-2.89504342,0.884636957,106.389821,0.172654686,-1.30685844,-0.203610102,-0.00543272555,-0.629484535,1.39329744,14.0487916,0,12.5403375,15.9504469,-18.232022,59.1280256,3.2112478,-9.34850638,-10.860426,-1.57267059,-14.9335598,34.566177,74.3993245,7.49501844,-8.30866643,12.0407894,-1.62737645,-0.554140238,3.09583831,8.02738985,-5.01568752,0.564164928,-1.92298939,2.23069283,-10.1415204,6.98025099,-4.24020022,-2.95034375
1656,-2.89504342,0.884636957,106.389821,0.172654686,-1.30685844,-0.203610102,-0.00543272555,-0.629484535,1.39329744,14.0487916,0,12.5403375,15.9504469,-18.232022,59.1280256,3.2112478,-9.34850638,-10.860426,-1.57267059,-14.9335598,34.566177,74.3993245,7.49501844,-8.30866643,12.0407894,-1.62737645,-0.554140238,3.09583831,8.02738985,-5.01568752,0.564164928,-1.92298939,2.23069283,-10.1415204,6.98025099,-4.24020022,-2.95034375
1657,-2.89504342,0.884636957,106.389821,0.172654686,-1.30685844,-0.203610102,-0.00543272555,-0.629484535,1.39329744,14.0487916,0,12.5403375,15.9504469,-18.232022,59.1280256,3.2112478,-9.34850638,-10.860426,-1.57267059,-14.9335598,34.566177,74.3993245,7.49501844,-8.30866643,12.0407894,-1.62737645,-0.554140238,3.09583831,8.02738985,-5.01568752,0.564164928,-1.92298939,2.23069283,-10.1415204,6.98025099,-4.24020022,-2.95034375
1658,-2.89504342,0.884636957,106.389821,0.172654686,-1.30685844,-0.203610102,-0.00543272555,-0.629484535,1.39329744,14.0487916,0,12.5403375,15.9504469,-18.232022,59.1280256,3.2112478,-9.34850638,-10.860426,-1.57267059,-14.9335598,34.566177,74.3993245,7.49501844,-8.30866643,12.0407894,-1.62737645,-0.554140238,3.09583831,8.02738985,-5.01568752,0.564164928,-1.92298939,2.23069283,-10.1415204,6.98025099,-4.24020022,-2.95034375
1659,-2.89504342,0.884636957,106.389821,0.172654686,-1.30685844,-0.203610102,-0.00543272555,-0.629484535,1.39329744,14.0487916,0,12.5403375,15.9504469,-18.232022,59.1280256,3.2112478,-9.34850638,-10.860426,-1.57267059,-14.9335598,34.566177,74.3993245,7.49501844,-8.30866643,12.0407894,-1.62737645,-0.554140238,3.09583831,8.02738985,-5.01568752,0.564164928,-1.92298939,2.23069283,-10.1415204,6.98025099,-4.24020022,-2.95034375
1660,-2.89504342,0.884636957,106.389821,0.172654686,-1.30685844,-0.203610102,-0.00543272555,-0.629484535,1.39329744,14.0487916,0,12.5403375,15.9504469,-18.232022,59.1280256,3.2112478,-9.34850638,-10.860426,-1.57267059,-14.9335598,34.566177,74.3993245,7.49501844,-8.30866643,12.0407894,-1.62737645,-0.554140238,3.09583831,8.02738985,-5.01568752,0.564164928,-1.92298939,2.23069283,-10.1415204,6.98025099,-4.24020022,-2.95034375
1661,-2.89504342,0.884636957,106.389821,0.172654686,-1.30685844,-0.203610102,-0.00543272555,-0.629484535,1.39329744,14.0487916,0,12.5403375,15.9504469,-18.232022,59.1280256,3.2112478,-9.34850638,-10.860426,-1.57267059,-14.9335598,34.566177,74.3993245,7.49501844,-8.30866643,12.0407894,-1.62737645,-0.554140238,3.09583831,8.02738985,-5.01568752,0.564164928,-1.92298939,2.23069283,-10.1415204,6.98025099,-4.24020022,-2.95034375
1662,-2.89504342,0.884636957,106.389821,0.172654686,-1.30685844,-0.203610102,-0.00543272555,-0.629484535,1.39329744,14.0487916,0,12.5403375,15.9504469,-18.232022,59.1280256,3.2112478,-9.34850638,-10.860426,-1.57267059,-14.9335598,34.566177,74.3993245,7.49501844,-8.30866643,12.0407894,-1.62737645,-0.554140238,3.09583831,8.02738985,-5.01568752,0.564164928,-1.92298939,2.23069283,-10.1415204,6.98025099,-4.24020022,-2.95034375
1663,-2.89504342,0.884636957,106.389821,0.172654686,-1.30685844,-0.203610102,-0.00543272555,-0.629484535,1.39329744,14.0487916,0,12.5403375,15.9504469,-18.232022,59.1280256,3.2112478,-9.34850638,-10.860426,-1.57267059,-14.9335598,34.566177,74.3993245,7.49501844,-8.30866643,12.0407894,-1.62737645,-0.554140238,3.09583831,8.02738985,-5.01568752,0.564164928,-1.92298939,2.23069283,-10.1415204,6.98025099,-4.24020022,-2.95034375
1664,-2.89504342,0.884636957,106.389821,0.172654686,-1.30685844,-0.203610102,-0.00543272555,-0.629484535,1.39329744,14.0487916,0,12.5403375,15.9504469,-18.232022,59.1280256,3.2112478,-9.34850638,-10.860426,-1.57267059,-14.9335598,34.566177,74.3993245,7.49501844,-8.30866643,12.0407894,-1.62737645,-0.554140238,3.09583831,8.02738985,-5.01568752,0.564164928,-1.92298939,2.23069283,-10.1415204,6.98025099,-4.24020022,-2.95034375
1665,-2.89504342,0.884636957,106.389821,0.172654686,-1.30685844,-0.203610102,-0.00543272555,-0.629484535,1.39329744,14.0487916,0,12.5403375,15.9504469,-18.232022,59.1280256,3.2112478,-9.34850638,-10.860426,-1.57267059,-14.9335598,34.566177,74.3993245,7.49501844,-8.30866643,12.0407894,-1.62737645,-0.554140238,3.09583831,8.02738985,-5.01568752,0.564164928,-1.92298939,2.23069283,-10.1415204,6.98025099,-4.24020022,-2.95034375
1666,-2.89504342,0.884636957,106.389821,0.172654686,-1.30685844,-0.203610102,-0.00543272555,-0.629484535,1.39329744,14.0487916,0,12.5403375,15.9504469,-18.232022,59.1280256,3.2112478,-9.34850638,-10.860426,-1.57267059,-14.9335598,34.566177,74.3993245,7.49501844,-8.30866643,12.0407894,-1.62737645,-0.554140238,3.09583831,8.02738985,-5.01568752,0.564164928,-1.92298939,2.23069283,-10.1415204,6.98025099,-4.24020022,-2.95034375
1667,-2.89504342,0.884636957,106.389821,0.172654686,-1.30685844,-0.203610102,-0.00543272555,-0.629484535,1.39329744,14.0487916,0,12.5403375,15.9504469,-18.232022,59.1280256,3.2112478,-9.34850638,-10.860426,-1.57267059,-14.9335598,34.566177,74.3993245,7.49501844,-8.30866643,12.0407894,-1.62737645,-0.554140238,3.09583831,8.02738985,-5.01568752,0.564164928,-1.92298939,2.23069283,-10.1415204,6.98025099,-4.24020022,-2.95034375
1668,-2.89504342,0.884636957,106.389821,0.172654686,-1.30685844,-0.203610102,-0.00543272555,-0.629484535,1.39329744,14.0487916,0,12.5403375,15.9504469,-18.232022,59.1280256,3.2112478,-9.34850638,-10.860426,-1.57267059,-14.9335598,34.566177,74.3993245,7.49501844,-8.30866643,12.0407894,-1.62737645,-0.554140238,3.09583831,8.02738985,-5.01568752,0.564164928,-1.92298939,2.23069283,-10.1415204,6.98025099,-4.24020022,-2.95034375
1669,-2.89504342,0.884636957,106.389821,0.172654686,-1.30685844,-0.203610102,-0.00543272555,-0.629484535,1.39329744,14.0487916,0,12.5403375,15.9504469,-18.232022,59.1280256,3.2112478,-9.34850638,-10.860426,-1.57267059,-14.9335598,34.566177,74.3993245,7.49501844,-8.30866643,12.0407894,-1.62737645,-0.554140238,3.09583831,8.02738985,-5.01568752,0.564164928,-1.92298939,2.23069283,-10.1415204,6.98025099,-4.24020022,-2.95034375
1670,-2.89504342,0.884636957,106.389821,0.172654686,-1.30685844,-0.203610102,-0.00543272555,-0.629484535,1.39329744,14.0487916,0,12.5403375,15.9504469,-18.232022,59.1280256,3.2112478,-9.34850638,-10.860426,-1.57267059,-14.9335598,34.566177,74.3993245,7.49501844,-8.30866643,12.0407894,-1.62737645,-0.554140238,3.09583831,8.02738985,-5.01568752,0.564164928,-1.92298939,2.23069283,-10.1415204,6.98025099,-4.24020022,-2.95034375
1671,-2.89504342,0.884636957,106.389821,0.172654686,-1.30685844,-0.203610102,-0.00543272555,-0.629484535,1.39329744,14.0487916,0,12.5403375,15.9504469,-18.232022,59.1280256,3.2112478,-9.34850638,-10.860426,-1.57267059,-14.9335598,34.566177,74.3993245,7.49501844,-8.30866643,12.0407894,-1.62737645,-0.554140238,3.09583831,8.02738985,-5.01568752,0.564164928,-1.92298939,2.23069283,-10.1415204,6.98025099,-4.24020022,-2.95034375
1672,-2.89504342,0.884636957,106.389821,0.172654686,-1.30685844,-0.203610102,-0.00543272555,-0.629484535,1.39329744,14.0487916,0,12.5403375,15.9504469,-18.232022,59.1280256,3.2112478,-9.34850638,-10.860426,-1.57267059,-14.9335598,34.566177,74.3993245,7.49501844,-8.30866643,12.0407894,-1.62737645,-0.554140238,3.09583831,8.02738985,-5.01568752,0.564164928,-1.92298939,2.23069283,-10.1415204,6.98025099,-4.24020022,-2.95034375
1673,-2.89504342,0.884636957,106.389821,0.172654686,-1.30685844,-0.203610102,-0.00543272555,-0.629484535,1.39329744,14.0487916,0,12.5403375,15.9504469,-18.232022,59.1280256,3.2112478,-9.34850638,-10.860426,-1.57267059,-14.9335598,34.566177,74.3993245,7.49501844,-8.30866643,12.0407894,-1.62737645,-0.554140238,3.09583831,8.02738985,-5.01568752,0.564164928,-1.92298939,2.23069283,-10.1415204,6.98025099,-4.24020022,-2.95034375
1674,-2.89504342,0.884636957,106.389821,0.172654686,-1.30685844,-0.203610102,-0.00543272555,-0.629484535,1.39329744,14.0487916,0,12.5403375,15.9504469,-18.232022,59.1280256,3.2112478,-9.34850638,-10.860426,-1.57267059,-14.9335598,34.566177,74.3993245,7.49501844,-8.30866643,12.0407894,-1.62737645,-0.554140238,3.09583831,8.02738985,-5.01568752,0.564164928,-1.92298939,2.23069283,-10.1415204,6.98025099,-4.24020022,-2.95034375
1675,-2.89504342,0.884636957,106.389821,0.172654686,-1.30685844,-0.203610102,-0.00543272555,-0.629484535,1.39329744,14.0487916,0,12.5403375,15.9504469,-18.232022,59.1280256,3.2112478,-9.34850638,-10.860426,-1.57267059,-14.9335598,34.566177,74.3993245,7.49501844,-8.30866643,12.0407894,-1.62737645,-0.554140238,3.09583831,8.02738985,-5.01568752,0.564164928,-1.92298939,2.23069283,-10.1415204,6.98025099,-4.24020022,-2.95034375
1676,-2.89504342,0.884636957,106.389821,0.172654686,-1.30685844,-0.203610102,-0.00543272555,-0.629484535,1.39329744,14.0487916,0,12.5403375,15.9504469,-18.232022,59.1280256,3.2112478,-9.34850638,-10.860426,-1.57267059,-14.9335598,34.566177,74.3993245,7.49501844,-8.30866643,12.0407894,-1.62737645,-0.554140238,3.09583831,8.02738985,-5.01568752,0.564164928,-1.92298939,2.23069283,-10.1415204,6.98025099,-4.24020022,-2.95034375
1677,-2.89504342,0.884636957,106.389821,0.172654686,-1.30685844,-0.203610102,-0.00543272555,-0.629484535,1.39329744,14.0487916,0,12.5403375,15.9504469,-18.232022,59.1280256,3.2112478,-9.34850638,-10.860426,-1.57267059,-14.9335598,34.566177,74.3993245,7.49501844,-8.30866643,12.0407894,-1.62737645,-0.554140238,3.09583831,8.02738985,-5.01568752,0.564164928,-1.92298939,2.23069283,-10.1415204,6.98025099,-4.24020022,-2.95034375
1678,-2.89504342,0.884636957,106.389821,0.172654686,-1.30685844,-0.203610102,-0.00543272555,-0.629484535,1.39329744,14.0487916,0,12.5403375,15.9504469,-18.232022,59.1280256,3.2112478,-9.34850638,-10.860426,-1.57267059,-14.9335598,34.566177,74.3993245,7.49501844,-8.30866643,12.0407894,-1.62737645,-0.554140238,3.09583831,8.02738985,-5.01568752,0.564164928,-1.92298939,2.23069283,-10.1415204,6.98025099,-4.24020022,-2.95034375
1679,-2.89504342,0.884636957,106.389821,0.172654686,-1.30685844,-0.203610102,-0.00543272555,-0.629484535,1.39329744,14.0487916,0,12.5403375,15.9504469,-18.232022,59.1280256,3.2112478,-9.34850638,-10.860426,-1.57267059,-14.9335598,34.566177,74.3993245,7.49501844,-8.30866643,12.0407894,-1.62737645,-0.554140238,3.09583831,8.02738985,-5.01568752,0.564164928,-1.92298939,2.23069283,-10.1415204,6.98025099,-4.24020022,-2.95034375
1680,-2.89504342,0.884636957,106.389821,0.172654686,-1.30685844,-0.203610102,-0.00543272555,-0.629484535,1.39329744,14.0487916,0,12.5403375,15.9504469,-18.232022,59.1280256,3.2112478,-9.34850638,-10.860426,-1.57267059,-14.9335598,34.566177,74.3993245,7.49501844,-8.30866643,12.0407894,-1.62737645,-0.554140238,3.09583831,8.02738985,-5.01568752,0.564164928,-1.92298939,2.23069283,-10.1415204,6.98025099,-4.24020022,-2.95034375
1681,-2.89504342,0.884636957,106.389821,0.172654686,-1.30685844,-0.203610102,-0.00543272555,-0.629484535,1.39329744,14.0487916,0,12.5403375,15.9504469,-18.232022,59.1280256,3.2112478,-9.34850638,-10.860426,-1.57267059,-14.9335598,34.566177,74.3993245,7.49501844,-8.30866643,12.0407894,-1.62737645,-0.554140238,3.09583831,8.02738985,-5.01568752,0.564164928,-1.92298939,2.23069283,-10.1415204,6.98025099,-4.24020022,-2.95034375
1682,-2.89504342,0.884636957,106.389821,0.172654686,-1.30685844,-0.203610102,-0.00543272555,-0.629484535,1.39329744,14.0487916,0,12.5403375,15.9504469,-18.232022,59.1280256,3.2112478,-9.34850638,-10.860426,-1.57267059,-14.9335598,34.566177,74.3993245,7.49501844,-8.30866643,12.0407894,-1.62737645,-0.554140238,3.09583831,8.02738985,-5.01568752,0.564164928,-1.92298939,2.23069283,-10.1415204,6.98025099,-4.24020022,-2.95034375
1683,-2.89504342,0.884636957,106.389821,0.172654686,-1.30685844,-0.203610102,-0.00543272555,-0.629484535,1.39329744,14.0487916,0,12.5403375,15.9504469,-18.232022,59.1280256,3.2112478,-9.34850638,-10.860426,-1.57267059,-14.9335598,34.566177,74.3993245,7.49501844,-8.30866643,12.0407894,-1.62737645,-0.554140238,3.09583831,8.02738985,-5.01568752,0.564164928,-1.92298939,2.23069283,-10.1415204,6.98025099,-4.24020022,-2.95034375
1684,-2.89504342,0.884636957,106.389821,0.172654686,-1.30685844,-0.203610102,-0.00543272555,-0.629484535,1.39329744,14.0487916,0,12.5403375,15.9504469,-18.232022,59.1280256,3.2112478,-9.34850638,-10.860426,-1.57267059,-14.9335598,34.566177,74.3993245,7.49501844,-8.30866643,12.0407894,-1.62737645,-0.554140238,3.09583831,8.02738985,-5.01568752,0.564164928,-1.92298939,2.23069283,-10.1415204,6.98025099,-4.24020022,-2.95034375
1685,-2.89504342,0.884636957,106.389821,0.172654686,-1.30685844,-0.203610102,-0.00543272555,-0.629484535,1.39329744,14.0487916,0,12.5403375,15.9504469,-18.232022,59.1280256,3.2112478,-9.34850638,-10.860426,-1.57267059,-14.9335598,34.566177,74.3993245,7.49501844,-8.30866643,12.0407894,-1.62737645,-0.554140238,3.09583831,8.02738985,-5.01568752,0.564164928,-1.92298939,2.23069283,-10.1415204,6.98025099,-4.24020022,-2.95034375
1686,-2.89504342,0.884636957,106.389821,0.172654686,-1.30685844,-0.203610102,-0.00543272555,-0.629484535,1.39329744,14.0487916,0,12.5403375,15.9504469,-18.232022,59.1280256,3.2112478,-9.34850638,-10.860426,-1.57267059,-14.9335598,34.566177,74.3993245,7.49501844,-8.30866643,12.0407894,-1.62737645,-0.554140238,3.09583831,8.02738985,-5.01568752,0.564164928,-1.92298939,2.23069283,-10.1415204,6.98025099,-4.24020022,-2.95034375
1687,-2.89504342,0.884636957,106.389821,0.172654686,-1.30685844,-0.203610102,-0.00543272555,-0.629484535,1.39329744,14.0487916,0,12.5403375,15.9504469,-18.232022,59.1280256,3.2112478,-9.34850638,-10.860426,-1.57267059,-14.9335598,34.566177,74.3993245,7.49501844,-8.30866643,12.0407894,-1.62737645,-0.554140238,3.09583831,8.02738985,-5.01568752,0.564164928,-1.92298939,2.23069283,-10.1415204,6.98025099,-4.24020022,-2.95034375
1688,-2.89504342,0.884636957,106.389821,0.172654686,-1.30685844,-0.203610102,-0.00543272555,-0.629484535,1.39329744,14.0487916,0,12.5403375,15.9504469,-18.232022,59.1280256,3.2112478,-9.34850638,-10.860426,-1.57267059,-14.9335598,34.566177,74.3993245,7.49501844,-8.30866643,12.0407894,-1.62737645,-0.554140238,3.09583831,8.02738985,-5.01568752,0.564164928,-1.92298939,2.23069283,-10.1415204,6.98025099,-4.24020022,-2.95034375
1689,-2.89504342,0.884636957,106.389821,0.172654686,-1.30685844,-0.203610102,-0.00543272555,-0.629484535,1.39329744,14.0487916,0,12.5403375,15.9504469,-18.232022,59.1280256,3.2112478,-9.34850638,-10.860426,-1.57267059,-14.9335598,34.566177,74.3993245,7.49501844,-8.30866643,12.0407894,-1.62737645,-0.554140238,3.09583831,8.02738985,-5.01568752,0.564164928,-1.92298939,2.23069283,-10.1415204,6.98025099,-4.24020022,-2.95034375
1690,-2.89504342,0.884636957,106.389821,0.172654686,-1.30685844,-0.203610102,-0.00543272555,-0.629484535,1.39329744,14.0487916,0,12.5403375,15.9504469,-18.232022,59.1280256,3.2112478,-9.34850638,-10.860426,-1.57267059,-14.9335598,34.566177,74.3993245,7.49501844,-8.30866643,12.0407894,-1.62737645,-0.554140238,3.09583831,8.02738985,-5.01568752,0.564164928,-1.92298939,2.23069283,-10.1415204,6.98025099,-4.24020022,-2.95034375
1691,-2.89504342,0.884636957,106.389821,0.172654686,-1.30685844,-0.203610102,-0.00543272555,-0.629484535,1.39329744,14.0487916,0,12.5403375,15.9504469,-18.232022,59.1280256,3.2112478,-9.34850638,-10.860426,-1.57267059,-14.9335598,34.566177,74.3993245,7.49501844,-8.30866643,12.0407894,-1.62737645,-0.554140238,3.09583831,8.02738985,-5.01568752,0.564164928,-1.92298939,2.23069283,-10.1415204,6.98025099,-4.24020022,-2.95034375
1692,-2.89504342,0.884636957,106.389821,0.172654686,-1.30685844,-0.203610102,-0.00543272555,-0.629484535,1.39329744,14.0487916,0,12.5403375,15.9504469,-18.232022,59.1280256,3.2112478,-9.34850638,-10.860426,-1.57267059,-14.9335598,34.566177,74.3993245,7.49501844,-8.30866643,12.0407894,-1.62737645,-0.554140238,3.09583831,8.02738985,-5.01568752,0.564164928,-1.92298939,2.23069283,-10.1415204,6.98025099,-4.24020022,-2.95034375
1693,-2.89504342,0.884636957,106.389821,0.172654686,-1.30685844,-0.203610102,-0.00543272555,-0.629484535,1.39329744,14.0487916,0,12.5403375,15.9504469,-18.232022,59.1280256,3.2112478,-9.34850638,-10.860426,-1.57267059,-14.9335598,34.566177,74.3993245,7.49501844,-8.30866643,12.0407894,-1.62737645,-0.554140238,3.09583831,8.02738985,-5.01568752,0.564164928,-1.92298939,2.23069283,-10.1415204,6.98025099,-4.24020022,-2.95034375
1694,-2.89504342,0.884636957,106.389821,0.172654686,-1.30685844,-0.203610102,-0.00543272555,-0.629484535,1.39329744,14.0487916,0,12.5403375,15.9504469,-18.232022,59.1280256,3.2112478,-9.34850638,-10.860426,-1.57267059,-14.9335598,34.566177,74.3993245,7.49501844,-8.30866643,12.0407894,-1.62737645,-0.554140238,3.09583831,8.02738985,-5.01568752,0.564164928,-1.92298939,2.23069283,-10.1415204,6.98025099,-4.24020022,-2.95034375
1695,-2.89504342,0.884636957,106.389821,0.172654686,-1.30685844,-0.203610102,-0.00543272555,-0.629484535,1.39329744,14.0487916,0,12.5403375,15.9504469,-18.232022,59.1280256,3.2112478,-9.34850638,-10.860426,-1.57267059,-14.9335598,34.566177,74.3993245,7.49501844,-8.30866643,12.0407894,-1.62737645,-0.554140238,3.09583831,8.02738985,-5.01568752,0.564164928,-1.92298939,2.23069283,-10.1415204,6.98025099,-4.24020022,-2.95034375
1696,-2.89504342,0.884636957,106.389821,0.172654686,-1.30685844,-0.203610102,-0.00543272555,-0.629484535,1.39329744,14.0487916,0,12.5403375,15.9504469,-18.232022,59.1280256,3.2112478,-9.34850638,-10.860426,-1.57267059,-14.9335598,34.566177,74.3993245,7.49501844,-8.30866643,12.0407894,-1.62737645,-0.554140238,3.09583831,8.02738985,-5.01568752,0.564164928,-1.92298939,2.23069283,-10.1415204,6.98025099,-4.24020022,-2.95034375
1697,-2.89504342,0.884636957,106.389821,0.172654686,-1.30685844,-0.203610102,-0.00543272555,-0.629484535,1.39329744,14.0487916,0,12.5403375,15.9504469,-18.232022,59.1280256,3.2112478,-9.34850638,-10.860426,-1.57267059,-14.9335598,34.566177,74.3993245,7.49501844,-8.30866643,12.0407894,-1.62737645,-0.554140238,3.09583831,8.02738985,-5.01568752,0.564164928,-1.92298939,2.23069283,-10.1415204,6.98025099,-4.24020022,-2.95034375
1698,-2.89504342,0.884636957,106.389821,0.172654686,-1.30685844,-0.203610102,-0.00543272555,-0.629484535,1.39329744,14.0487916,0,12.5403375,15.9504469,-18.232022,59.1280256,3.2112478,-9.34850638,-10.860426,-1.57267059,-14.9335598,34.566177,74.3993245,7.49501844,-8.30866643,12.0407894,-1.62737645,-0.554140238,3.09583831,8.02738985,-5.01568752,0.564164928,-1.92298939,2.23069283,-10.1415204,6.98025099,-4.24020022,-2.95034375
1699,-2.89504342,0.884636957,106.389821,0.172654686,-1.30685844,-0.203610102,-0.00543272555,-0.629484535,1.39329744,14.0487916,0,12.5403375,15.9504469,-18.232022,59.1280256,3.2112478,-9.34850638,-10.860426,-1.57267059,-14.9335598,34.566177,74.3993245,7.49501844,-8.30866643,12.0407894,-1.62737645,-0.554140238,3.09583831,8.02738985,-5.01568752,0.564164928,-1.92298939,2.23069283,-10.1415204,6.98025099,-4.24020022,-2.95034375
1700,-2.89504342,0.884636957,106.389821,0.172654686,-1.30685844,-0.203610102,-0.00543272555,-0.629484535,1.39329744,14.0487916,0,12.5403375,15.9504469,-18.232022,59.1280256,3.2112478,-9.34850638,-10.860426,-1.57267059,-14.9335598,34.566177,74.3993245,7.49501844,-8.30866643,12.0407894,-1.62737645,-0.554140238,3.09583831,8.02738985,-5.01568752,0.564164928,-1.92298939,2.23069283,-10.1415204,6.98025099,-4.24020022,-2.95034375
1701,-2.89504342,0.884636957,106.389821,0.172654686,-1.30685844,-0.203610102,-0.00543272555,-0.629484535,1.39329744,14.0487916,0,12.5403375,15.9504469,-18.232022,59.1280256,3.2112478,-9.34850638,-10.860426,-1.57267059,-14.9335598,34.566177,74.3993245,7.49501844,-8.30866643,12.0407894,-1.62737645,-0.554140238,3.09583831,8.02738985,-5.01568752,0.564164928,-1.92298939,2.23069283,-10.1415204,6.98025099,-4.24020022,-2.95034375
1702,-2.89504342,0.884636957,106.389821,0.172654686,-1.30685844,-0.203610102,-0.00543272555,-0.629484535,1.39329744,14.0487916,0,12.5403375,15.9504469,-18.232022,59.1280256,3.2112478,-9.34850638,-10.860426,-1.57267059,-14.9335598,34.566177,74.3993245,7.49501844,-8.30866643,12.0407894,-1.62737645,-0.554140238,3.09583831,8.02738985,-5.01568752,0.564164928,-1.92298939,2.23069283,-10.1415204,6.98025099,-4.24020022,-2.95034375
1703,-2.89504342,0.884636957,106.389821,0.172654686,-1.30685844,-0.203610102,-0.00543272555,-0.629484535,1.39329744,14.0487916,0,12.5403375,15.9504469,-18.232022,59.1280256,3.2112478,-9.34850638,-10.860426,-1.57267059,-14.9335598,34.566177,74.3993245,7.49501844,-8.30866643,12.0407894,-1.62737645,-0.554140238,3.09583831,8.02738985,-5.01568752,0.564164928,-1.92298939,2.23069283,-10.1415204,6.98025099,-4.24020022,-2.95034375
1704,-2.89504342,0.884636957,106.389821,0.172654686,-1.30685844,-0.203610102,-0.00543272555,-0.629484535,1.39329744,14.0487916,0,12.5403375,15.9504469,-18.232022,59.1280256,3.2112478,-9.34850638,-10.860426,-1.57267059,-14.9335598,34.566177,74.3993245,7.49501844,-8.30866643,12.0407894,-1.62737645,-0.554140238,3.09583831,8.02738985,-5.01568752,0.564164928,-1.92298939,2.23069283,-10.1415204,6.98025099,-4.24020022,-2.95034375
1705,-2.89504342,0.884636957,106.389821,0.172654686,-1.30685844,-0.203610102,-0.00543272555,-0.629484535,1.39329744,14.0487916,0,12.5403375,15.9504469,-18.232022,59.1280256,3.2112478,-9.34850638,-10.860426,-1.57267059,-14.9335598,34.566177,74.3993245,7.49501844,-8.30866643,12.0407894,-1.62737645,-0.554140238,3.09583831,8.02738985,-5.01568752,0.564164928,-1.92298939,2.23069283,-10.1415204,6.98025099,-4.24020022,-2.95034375
1706,-2.89504342,0.884636957,106.389821,0.172654686,-1.30685844,-0.203610102,-0.00543272555,-0.629484535,1.39329744,14.0487916,0,12.5403375,15.9504469,-18.232022,59.1280256,3.2112478,-9.34850638,-10.860426,-1.57267059,-14.9335598,34.566177,74.3993245,7.49501844,-8.30866643,12.0407894,-1.62737645,-0.554140238,3.09583831,8.02738985,-5.01568752,0.564164928,-1.92298939,2.23069283,-10.1415204,6.98025099,-4.24020022,-2.95034375
1707,-2.89504342,0.884636957,106.389821,0.172654686,-1.30685844,-0.203610102,-0.00543272555,-0.629484535,1.39329744,14.0487916,0,12.5403375,15.9504469,-18.232022,59.1280256,3.2112478,-9.34850638,-10.860426,-1.57267059,-14.9335598,34.566177,74.3993245,7.49501844,-8.30866643,12.0407894,-1.62737645,-0.554140238,3.09583831,8.02738985,-5.01568752,0.564164928,-1.92298939,2.23069283,-10.1415204,6.98025099,-4.24020022,-2.95034375
1708,-2.89504342,0.884636957,106.389821,0.172654686,-1.30685844,-0.203610102,-0.00543272555,-0.629484535,1.39329744,14.0487916,0,12.5403375,15.9504469,-18.232022,59.1280256,3.2112478,-9.34850638,-10.860426,-1.57267059,-14.9335598,34.566177,74.3993245,7.49501844,-8.30866643,12.0407894,-1.62737645,-0.554140238,3.09583831,8.02738985,-5.01568752,0.564164928,-1.92298939,2.23069283,-10.1415204,6.98025099,-4.24020022,-2.95034375
1709,-2.89504342,0.884636957,106.389821,0.172654686,-1.30685844,-0.203610102,-0.00543272555,-0.629484535,1.39329744,14.0487916,0,12.5403375,15.9504469,-18.232022,59.1280256,3.2112478,-9.34850638,-10.860426,-1.57267059,-14.9335598,34.566177,74.3993245,7.49501844,-8.30866643,12.0407894,-1.62737645,-0.554140238,3.09583831,8.02738985,-5.01568752,0.564164928,-1.92298939,2.23069283,-10.1415204,6.98025099,-4.24020022,-2.95034375
1710,-2.89504342,0.884636957,106.389821,0.172654686,-1.30685844,-0.203610102,-0.00543272555,-0.629484535,1.39329744,14.0487916,0,12.5403375,15.9504469,-18.232022,59.1280256,3.2112478,-9.34850638,-10.860426,-1.57267059,-14.9335598,34.566177,74.3993245,7.49501844,-8.30866643,12.0407894,-1.62737645,-0.554140238,3.09583831,8.02738985,-5.01568752,0.564164928,-1.92298939,2.23069283,-10.1415204,6.98025099,-4.24020022,-2.95034375
1711,-2.89504342,0.884636957,106.389821,0.172654686,-1.30685844,-0.203610102,-0.00543272555,-0.629484535,1.39329744,14.0487916,0,12.5403375,15.9504469,-18.232022,59.1280256,3.2112478,-9.34850638,-10.860426,-1.57267059,-14.9335598,34.566177,74.3993245,7.49501844,-8.30866643,12.0407894,-1.62737645,-0.554140238,3.09583831,8.02738985,-5.01568752,0.564164928,-1.92298939,2.23069283,-10.1415204,6.98025099,-4.24020022,-2.95034375
1712,-2.89504342,0.884636957,106.389821,0.172654686,-1.30685844,-0.203610102,-0.00543272555,-0.629484535,1.39329744,14.0487916,0,12.5403375,15.9504469,-18.232022,59.1280256,3.2112478,-9.34850638,-10.860426,-1.57267059,-14.9335598,34.566177,74.3993245,7.49501844,-8.30866643,12.0407894,-1.62737645,-0.554140238,3.09583831,8.02738985,-5.01568752,0.564164928,-1.92298939,2.23069283,-10.1415204,6.98025099,-4.24020022,-2.95034375
1713,-2.89504342,0.884636957,106.389821,0.172654686,-1.30685844,-0.203610102,-0.00543272555,-0.629484535,1.39329744,14.0487916,0,12.5403375,15.9504469,-18.232022,59.1280256,3.2112478,-9.34850638,-10.860426,-1.57267059,-14.9335598,34.566177,74.3993245,7.49501844,-8.30866643,12.0407894,-1.62737645,-0.554140238,3.09583831,8.02738985,-5.01568752,0.564164928,-1.92298939,2.23069283,-10.1415204,6.98025099,-4.24020022,-2.95034375
1714,-2.89504342,0.884636957,106.389821,0.172654686,-1.30685844,-0.203610102,-0.00543272555,-0.629484535,1.39329744,14.0487916,0,12.5403375,15.9504469,-18.232022,59.1280256,3.2112478,-9.34850638,-10.860426,-1.57267059,-14.9335598,34.566177,74.3993245,7.49501844,-8.30866643,12.0407894,-1.62737645,-0.554140238,3.09583831,8.02738985,-5.01568752,0.564164928,-1.92298939,2.23069283,-10.1415204,6.98025099,-4.24020022,-2.95034375
1715,-2.89504342,0.884636957,106.389821,0.172654686,-1.30685844,-0.203610102,-0.00543272555,-0.629484535,1.39329744,14.0487916,0,12.5403375,15.9504469,-18.232022,59.1280256,3.2112478,-9.34850638,-10.860426,-1.57267059,-14.9335598,34.566177,74.3993245,7.49501844,-8.30866643,12.0407894,-1.62737645,-0.554140238,3.09583831,8.02738985,-5.01568752,0.564164928,-1.92298939,2.23069283,-10.1415204,6.98025099,-4.24020022,-2.95034375
1716,-2.89504342,0.884636957,106.389821,0.172654686,-1.30685844,-0.203610102,-0.00543272555,-0.629484535,1.39329744,14.0487916,0,12.5403375,15.9504469,-18.232022,59.1280256,3.2112478,-9.34850638,-10.860426,-1.57267059,-14.9335598,34.566177,74.3993245,7.49501844,-8.30866643,12.0407894,-1.62737645,-0.554140238,3.09583831,8.02738985,-5.01568752,0.564164928,-1.92298939,2.23069283,-10.1415204,6.98025099,-4.24020022,-2.95034375
1717,-2.89504342,0.884636957,106.389821,0.172654686,-1.30685844,-0.203610102,-0.00543272555,-0.629484535,1.39329744,14.0487916,0,12.5403375,15.9504469,-18.232022,59.1280256,3.2112478,-9.34850638,-10.860426,-1.57267059,-14.9335598,34.566177,74.3993245,7.49501844,-8.30866643,12.0407894,-1.62737645,-0.554140238,3.09583831,8.02738985,-5.01568752,0.564164928,-1.92298939,2.23069283,-10.1415204,6.98025099,-4.24020022,-2.95034375
1718,-2.89504342,0.884636957,106.389821,0.172654686,-1.30685844,-0.203610102,-0.00543272555,-0.629484535,1.39329744,14.0487916,0,12.5403375,15.9504469,-18.232022,59.1280256,3.2112478,-9.34850638,-10.860426,-1.57267059,-14.9335598,34.566177,74.3993245,7.49501844,-8.30866643,12.0407894,-1.62737645,-0.554140238,3.09583831,8.02738985,-5.01568752,0.564164928,-1.92298939,2.23069283,-10.1415204,6.98025099,-4.24020022,-2.95034375
1719,-2.89504342,0.884636957,106.389821,0.172654686,-1.30685844,-0.203610102,-0.00543272555,-0.629484535,1.39329744,14.0487916,0,12.5403375,15.9504469,-18.232022,59.1280256,3.2112478,-9.34850638,-10.860426,-1.57267059,-14.9335598,34.566177,74.3993245,7.49501844,-8.30866643,12.0407894,-1.62737645,-0.554140238,3.09583831,8.02738985,-5.01568752,0.564164928,-1.92298939,2.23069283,-10.1415204,6.98025099,-4.24020022,-2.95034375
1720,-2.89504342,0.884636957,106.389821,0.172654686,-1.30685844,-0.203610102,-0.00543272555,-0.629484535,1.39329744,14.0487916,0,12.5403375,15.9504469,-18.232022,59.1280256,3.2112478,-9.34850638,-10.860426,-1.57267059,-14.9335598,34.566177,74.3993245,7.49501844,-8.30866643,12.0407894,-1.62737645,-0.554140238,3.09583831,8.02738985,-5.01568752,0.564164928,-1.92298939,2.23069283,-10.1415204,6.98025099,-4.24020022,-2.95034375
1721,-2.89504342,0.884636957,106.389821,0.172654686,-1.30685844,-0.203610102,-0.00543272555,-0.629484535,1.39329744,14.0487916,0,12.5403375,15.9504469,-18.232022,59.1280256,3.2112478,-9.34850638,-10.860426,-1.57267059,-14.9335598,34.566177,74.3993245,7.49501844,-8.30866643,12.0407894,-1.62737645,-0.554140238,3.09583831,8.02738985,-5.01568752,0.564164928,-1.92298939,2.23069283,-10.1415204,6.98025099,-4.24020022,-2.95034375
1722,-2.89504342,0.884636957,106.389821,0.172654686,-1.30685844,-0.203610102,-0.00543272555,-0.629484535,1.39329744,14.0487916,0,12.5403375,15.9504469,-18.232022,59.1280256,3.2112478,-9.34850638,-10.860426,-1.57267059,-14.9335598,34.566177,74.3993245,7.49501844,-8.30866643,12.0407894,-1.62737645,-0.554140238,3.09583831,8.02738985,-5.01568752,0.564164928,-1.92298939,2.23069283,-10.1415204,6.98025099,-4.24020022,-2.95034375
1723,-2.89504342,0.884636957,106.389821,0.172654686,-1.30685844,-0.203610102,-0.00543272555,-0.629484535,1.39329744,14.0487916,0,12.5403375,15.9504469,-18.232022,59.1280256,3.2112478,-9.34850638,-10.860426,-1.57267059,-14.9335598,34.566177,74.3993245,7.49501844,-8.30866643,12.0407894,-1.62737645,-0.554140238,3.09583831,8.02738985,-5.01568752,0.564164928,-1.92298939,2.23069283,-10.1415204,6.98025099,-4.24020022,-2.95034375
1724,-2.89504342,0.884636957,106.389821,0.172654686,-1.30685844,-0.203610102,-0.00543272555,-0.629484535,1.39329744,14.0487916,0,12.5403375,15.9504469,-18.232022,59.1280256,3.2112478,-9.34850638,-10.860426,-1.57267059,-14.9335598,34.566177,74.3993245,7.49501844,-8.30866643,12.0407894,-1.62737645,-0.554140238,3.09583831,8.02738985,-5.01568752,0.564164928,-1.92298939,2.23069283,-10.1415204,6.98025099,-4.24020022,-2.95034375
1725,-2.89504342,0.884636957,106.389821,0.172654686,-1.30685844,-0.203610102,-0.00543272555,-0.629484535,1.39329744,14.0487916,0,12.5403375,15.9504469,-18.232022,59.1280256,3.2112478,-9.34850638,-10.860426,-1.57267059,-14.9335598,34.566177,74.3993245,7.49501844,-8.30866643,12.0407894,-1.62737645,-0.554140238,3.09583831,8.02738985,-5.01568752,0.564164928,-1.92298939,2.23069283,-10.1415204,6.98025099,-4.24020022,-2.95034375
1726,-2.89504342,0.884636957,106.389821,0.172654686,-1.30685844,-0.203610102,-0.00543272555,-0.629484535,1.39329744,14.0487916,0,12.5403375,15.9504469,-18.232022,59.1280256,3.2112478,-9.34850638,-10.860426,-1.57267059,-14.9335598,34.566177,74.3993245,7.49501844,-8.30866643,12.0407894,-1.62737645,-0.554140238,3.09583831,8.02738985,-5.01568752,0.564164928,-1.92298939,2.23069283,-10.1415204,6.98025099,-4.24020022,-2.95034375
1727,-2.89504342,0.884636957,106.389821,0.172654686,-1.30685844,-0.203610102,-0.00543272555,-0.629484535,1.39329744,14.0487916,0,12.5403375,15.9504469,-18.232022,59.1280256,3.2112478,-9.34850638,-10.860426,-1.57267059,-14.9335598,34.566177,74.3993245,7.49501844,-8.30866643,12.0407894,-1.62737645,-0.554140238,3.09583831,8.02738985,-5.01568752,0.564164928,-1.92298939,2.23069283,-10.1415204,6.98025099,-4.24020022,-2.95034375
1728,-2.89504342,0.884636957,106.389821,0.172654686,-1.30685844,-0.203610102,-0.00543272555,-0.629484535,1.39329744,14.0487916,0,12.5403375,15.9504469,-18.232022,59.1280256,3.2112478,-9.34850638,-10.860426,-1.57267059,-14.9335598,34.566177,74.3993245,7.49501844,-8.30866643,12.0407894,-1.62737645,-0.554140238,3.09583831,8.02738985,-5.01568752,0.564164928,-1.92298939,2.23069283,-10.1415204,6.98025099,-4.24020022,-2.95034375
1729,-2.89504342,0.884636957,106.389821,0.172654686,-1.30685844,-0.203610102,-0.00543272555,-0.629484535,1.39329744,14.0487916,0,12.5403375,15.9504469,-18.232022,59.1280256,3.2112478,-9.34850638,-10.860426,-1.57267059,-14.9335598,34.566177,74.3993245,7.49501844,-8.30866643,12.0407894,-1.62737645,-0.554140238,3.09583831,8.02738985,-5.01568752,0.564164928,-1.92298939,2.23069283,-10.1415204,6.98025099,-4.24020022,-2.95034375
1730,-2.89504342,0.884636957,106.389821,0.172654686,-1.30685844,-0.203610102,-0.00543272555,-0.629484535,1.39329744,14.0487916,0,12.5403375,15.9504469,-18.232022,59.1280256,3.2112478,-9.34850638,-10.860426,-1.57267059,-14.9335598,34.566177,74.3993245,7.49501844,-8.30866643,12.0407894,-1.62737645,-0.554140238,3.09583831,8.02738985,-5.01568752,0.564164928,-1.92298939,2.23069283,-10.1415204,6.98025099,-4.24020022,-2.95034375
1731,-2.89504342,0.884636957,106.389821,0.172654686,-1.30685844,-0.203610102,-0.00543272555,-0.629484535,1.39329744,14.0487916,0,12.5403375,15.9504469,-18.232022,59.1280256,3.2112478,-9.34850638,-10.860426,-1.57267059,-14.9335598,34.566177,74.3993245,7.49501844,-8.30866643,12.0407894,-1.62737645,-0.554140238,3.09583831,8.02738985,-5.01568752,0.564164928,-1.92298939,2.23069283,-10.1415204,6.98025099,-4.24020022,-2.95034375
1732,-2.89504342,0.884636957,106.389821,0.172654686,-1.30685844,-0.203610102,-0.00543272555,-0.629484535,1.39329744,14.0487916,0,12.5403375,15.9504469,-18.232022,59.1280256,3.2112478,-9.34850638,-10.860426,-1.57267059,-14.9335598,34.566177,74.3993245,7.49501844,-8.30866643,12.0407894,-1.62737645,-0.554140238,3.09583831,8.02738985,-5.01568752,0.564164928,-1.92298939,2.23069283,-10.1415204,6.98025099,-4.24020022,-2.95034375
1733,-2.89504342,0.884636957,106.389821,0.172654686,-1.30685844,-0.203610102,-0.00543272555,-0.629484535,1.39329744,14.0487916,0,12.5403375,15.9504469,-18.232022,59.1280256,3.2112478,-9.34850638,-10.860426,-1.57267059,-14.9335598,34.566177,74.3993245,7.49501844,-8.30866643,12.0407894,-1.62737645,-0.554140238,3.09583831,8.02738985,-5.01568752,0.564164928,-1.92298939,2.23069283,-10.1415204,6.98025099,-4.24020022,-2.95034375
1734,-2.89504342,0.884636957,106.389821,0.172654686,-1.30685844,-0.203610102,-0.00543272555,-0.629484535,1.39329744,14.0487916,0,12.5403375,15.9504469,-18.232022,59.1280256,3.2112478,-9.34850638,-10.860426,-1.57267059,-14.9335598,34.566177,74.3993245,7.49501844,-8.30866643,12.0407894,-1.62737645,-0.554140238,3.09583831,8.02738985,-5.01568752,0.564164928,-1.92298939,2.23069283,-10.1415204,6.98025099,-4.24020022,-2.95034375
1735,-2.89504342,0.884636957,106.389821,0.172654686,-1.30685844,-0.203610102,-0.00543272555,-0.629484535,1.39329744,14.0487916,0,12.5403375,15.9504469,-18.232022,59.1280256,3.2112478,-9.34850638,-10.860426,-1.57267059,-14.9335598,34.566177,74.3993245,7.49501844,-8.30866643,12.0407894,-1.62737645,-0.554140238,3.09583831,8.02738985,-5.01568752,0.564164928,-1.92298939,2.23069283,-10.1415204,6.98025099,-4.24020022,-2.95034375
1736,-2.89504342,0.884636957,106.389821,0.172654686,-1.30685844,-0.203610102,-0.00543272555,-0.629484535,1.39329744,14.0487916,0,12.5403375,15.9504469,-18.232022,59.1280256,3.2112478,-9.34850638,-10.860426,-1.57267059,-14.9335598,34.566177,74.3993245,7.49501844,-8.30866643,12.0407894,-1.62737645,-0.554140238,3.09583831,8.02738985,-5.01568752,0.564164928,-1.92298939,2.23069283,-10.1415204,6.98025099,-4.24020022,-2.95034375
1737,-2.89504342,0.884636957,106.389821,0.172654686,-1.30685844,-0.203610102,-0.00543272555,-0.629484535,1.39329744,14.0487916,0,12.5403375,15.9504469,-18.232022,59.1280256,3.2112478,-9.34850638,-10.860426,-1.57267059,-14.9335598,34.566177,74.3993245,7.49501844,-8.30866643,12.0407894,-1.62737645,-0.554140238,3.09583831,8.02738985,-5.01568752,0.564164928,-1.92298939,2.23069283,-10.1415204,6.98025099,-4.24020022,-2.95034375
1738,-2.89504342,0.884636957,106.389821,0.172654686,-1.30685844,-0.203610102,-0.00543272555,-0.629484535,1.39329744,14.0487916,0,12.5403375,15.9504469,-18.232022,59.1280256,3.2112478,-9.34850638,-10.860426,-1.57267059,-14.9335598,34.566177,74.3993245,7.49501844,-8.30866643,12.0407894,-1.62737645,-0.554140238,3.09583831,8.02738985,-5.01568752,0.564164928,-1.92298939,2.23069283,-10.1415204,6.98025099,-4.24020022,-2.95034375
1739,-2.89504342,0.884636957,106.389821,0.172654686,-1.30685844,-0.203610102,-0.00543272555,-0.629484535,1.39329744,14.0487916,0,12.5403375,15.9504469,-18.232022,59.1280256,3.2112478,-9.34850638,-10.860426,-1.57267059,-14.9335598,34.566177,74.3993245,7.49501844,-8.30866643,12.0407894,-1.62737645,-0.554140238,3.09583831,8.02738985,-5.01568752,0.564164928,-1.92298939,2.23069283,-10.1415204,6.98025099,-4.24020022,-2.95034375
1740,-2.89504342,0.884636957,106.389821,0.172654686,-1.30685844,-0.203610102,-0.00543272555,-0.629484535,1.39329744,14.0487916,0,12.5403375,15.9504469,-18.232022,59.1280256,3.2112478,-9.34850638,-10.860426,-1.57267059,-14.9335598,34.566177,74.3993245,7.49501844,-8.30866643,12.0407894,-1.62737645,-0.554140238,3.09583831,8.02738985,-5.01568752,0.564164928,-1.92298939,2.23069283,-10.1415204,6.98025099,-4.24020022,-2.95034375
1741,-2.89504342,0.884636957,106.389821,0.172654686,-1.30685844,-0.203610102,-0.00543272555,-0.629484535,1.39329744,14.0487916,0,12.5403375,15.9504469,-18.232022,59.1280256,3.2112478,-9.34850638,-10.860426,-1.57267059,-14.9335598,34.566177,74.3993245,7.49501844,-8.30866643,12.0407894,-1.62737645,-0.554140238,3.09583831,8.02738985,-5.01568752,0.564164928,-1.92298939,2.23069283,-10.1415204,6.98025099,-4.24020022,-2.95034375
1742,-2.89504342,0.884636957,106.389821,0.172654686,-1.30685844,-0.203610102,-0.00543272555,-0.629484535,1.39329744,14.0487916,0,12.5403375,15.9504469,-18.232022,59.1280256,3.2112478,-9.34850638,-10.860426,-1.57267059,-14.9335598,34.566177,74.3993245,7.49501844,-8.30866643,12.0407894,-1.62737645,-0.554140238,3.09583831,8.02738985,-5.01568752,0.564164928,-1.92298939,2.23069283,-10.1415204,6.98025099,-4.24020022,-2.95034375
1743,-2.89504342,0.884636957,106.389821,0.172654686,-1.30685844,-0.203610102,-0.00543272555,-0.629484535,1.39329744,14.0487916,0,12.5403375,15.9504469,-18.232022,59.1280256,3.2112478,-9.34850638,-10.860426,-1.57267059,-14.9335598,34.566177,74.3993245,7.49501844,-8.30866643,12.0407894,-1.62737645,-0.554140238,3.09583831,8.02738985,-5.01568752,0.564164928,-1.92298939,2.23069283,-10.1415204,6.98025099,-4.24020022,-2.95034375
1744,-2.89504342,0.884636957,106.389821,0.172654686,-1.30685844,-0.203610102,-0.00543272555,-0.629484535,1.39329744,14.0487916,0,12.5403375,15.9504469,-18.232022,59.1280256,3.2112478,-9.34850638,-10.860426,-1.57267059,-14.9335598,34.566177,74.3993245,7.49501844,-8.30866643,12.0407894,-1.62737645,-0.554140238,3.09583831,8.02738985,-5.01568752,0.564164928,-1.92298939,2.23069283,-10.1415204,6.98025099,-4.24020022,-2.95034375
1745,-2.89504342,0.884636957,106.389821,0.172654686,-1.30685844,-0.203610102,-0.00543272555,-0.629484535,1.39329744,14.0487916,0,12.5403375,15.9504469,-18.232022,59.1280256,3.2112478,-9.34850638,-10.860426,-1.57267059,-14.9335598,34.566177,74.3993245,7.49501844,-8.30866643,12.0407894,-1.62737645,-0.554140238,3.09583831,8.02738985,-5.01568752,0.564164928,-1.92298939,2.23069283,-10.1415204,6.98025099,-4.24020022,-2.95034375
1746,-2.89504342,0.884636957,106.389821,0.172654686,-1.30685844,-0.203610102,-0.00543272555,-0.629484535,1.39329744,14.0487916,0,12.5403375,15.9504469,-18.232022,59.1280256,3.2112478,-9.34850638,-10.860426,-1.57267059,-14.9335598,34.566177,74.3993245,7.49501844,-8.30866643,12.0407894,-1.62737645,-0.554140238,3.09583831,8.02738985,-5.01568752,0.564164928,-1.92298939,2.23069283,-10.1415204,6.98025099,-4.24020022,-2.95034375
1747,-2.89504342,0.884636957,106.389821,0.172654686,-1.30685844,-0.203610102,-0.00543272555,-0.629484535,1.39329744,14.0487916,0,12.5403375,15.9504469,-18.232022,59.1280256,3.2112478,-9.34850638,-10.860426,-1.57267059,-14.9335598,34.566177,74.3993245,7.49501844,-8.30866643,12.0407894,-1.62737645,-0.554140238,3.09583831,8.02738985,-5.01568752,0.564164928,-1.92298939,2.23069283,-10.1415204,6.98025099,-4.24020022,-2.95034375
